Date,HScode,Name,Country,Type,Value,Weight
2019-01,29161410,甲基丙烯酸甲酯,中國大陸,出口總值(含復出口),8169,4389826
2019-01,29161410,甲基丙烯酸甲酯,日本,進口總值(含復進口),1034,486360
2019-01,29161410,甲基丙烯酸甲酯,印尼,出口總值(含復出口),834,395060
2019-01,29161410,甲基丙烯酸甲酯,印度,出口總值(含復出口),34,15200
2019-01,29161410,甲基丙烯酸甲酯,阿拉伯聯合大公國,出口總值(含復出口),67,30400
2019-01,29161410,甲基丙烯酸甲酯,南韓,進口總值(含復進口),452,200000
2019-01,29161410,甲基丙烯酸甲酯,美國,進口總值(含復進口),255,98293
2019-01,29161410,甲基丙烯酸甲酯,美國,出口總值(含復出口),38,15200
2019-01,29161410,甲基丙烯酸甲酯,英國,進口總值(含復進口),0,1
2019-01,29161410,甲基丙烯酸甲酯,泰國,出口總值(含復出口),139,60800
2019-01,29161410,甲基丙烯酸甲酯,秘魯,出口總值(含復出口),105,45600
2019-01,29161410,甲基丙烯酸甲酯,馬來西亞,出口總值(含復出口),149,61668
2019-01,29161410,甲基丙烯酸甲酯,菲律賓,出口總值(含復出口),1048,444840
2019-01,29161410,甲基丙烯酸甲酯,越南,出口總值(含復出口),2513,1117860
2019-01,29161410,甲基丙烯酸甲酯,澳大利亞,出口總值(含復出口),44,19730
2019-01,29173300,鄰苯二甲酸二壬酯或二癸酯,中國大陸,出口總值(含復出口),1199,1059000
2019-01,29173300,鄰苯二甲酸二壬酯或二癸酯,日本,出口總值(含復出口),547,424000
2019-01,29173300,鄰苯二甲酸二壬酯或二癸酯,加拿大,出口總值(含復出口),149,120000
2019-01,29173300,鄰苯二甲酸二壬酯或二癸酯,印尼,出口總值(含復出口),50,39000
2019-01,29173300,鄰苯二甲酸二壬酯或二癸酯,沙烏地阿拉伯,出口總值(含復出口),30,16000
2019-01,29173300,鄰苯二甲酸二壬酯或二癸酯,阿拉伯聯合大公國,出口總值(含復出口),40,32000
2019-01,29173300,鄰苯二甲酸二壬酯或二癸酯,阿根廷,出口總值(含復出口),51,42000
2019-01,29173300,鄰苯二甲酸二壬酯或二癸酯,阿曼,出口總值(含復出口),145,118000
2019-01,29173300,鄰苯二甲酸二壬酯或二癸酯,美國,進口總值(含復進口),0,0
2019-01,29173300,鄰苯二甲酸二壬酯或二癸酯,美國,出口總值(含復出口),242,196000
2019-01,29173300,鄰苯二甲酸二壬酯或二癸酯,英國,出口總值(含復出口),29,23000
2019-01,29173300,鄰苯二甲酸二壬酯或二癸酯,香港,出口總值(含復出口),27,21000
2019-01,29173300,鄰苯二甲酸二壬酯或二癸酯,哥斯大黎加,出口總值(含復出口),77,60000
2019-01,29173300,鄰苯二甲酸二壬酯或二癸酯,埃及,出口總值(含復出口),76,61000
2019-01,29173300,鄰苯二甲酸二壬酯或二癸酯,烏克蘭,出口總值(含復出口),51,42000
2019-01,29173300,鄰苯二甲酸二壬酯或二癸酯,秘魯,出口總值(含復出口),44,32000
2019-01,29173300,鄰苯二甲酸二壬酯或二癸酯,馬來西亞,出口總值(含復出口),25,20000
2019-01,29173300,鄰苯二甲酸二壬酯或二癸酯,荷蘭,進口總值(含復進口),0,0
2019-01,29173300,鄰苯二甲酸二壬酯或二癸酯,斯里蘭卡,出口總值(含復出口),29,24000
2019-01,29173300,鄰苯二甲酸二壬酯或二癸酯,菲律賓,出口總值(含復出口),508,396000
2019-01,29173300,鄰苯二甲酸二壬酯或二癸酯,越南,出口總值(含復出口),341,269000
2019-01,29173300,鄰苯二甲酸二壬酯或二癸酯,新加坡,出口總值(含復出口),26,21000
2019-01,29173300,鄰苯二甲酸二壬酯或二癸酯,墨西哥,出口總值(含復出口),297,228000
2019-01,29321100,四氫?喃,中國大陸,出口總值(含復出口),186,86400
2019-01,29321100,四氫?喃,日本,進口總值(含復進口),0,1
2019-01,29321100,四氫?喃,日本,出口總值(含復出口),803,365990
2019-01,29321100,四氫?喃,比利時,進口總值(含復進口),0,4
2019-01,29321100,四氫?喃,比利時,出口總值(含復出口),32,14400
2019-01,29321100,四氫?喃,以色列,出口總值(含復出口),57,28800
2019-01,29321100,四氫?喃,印度,出口總值(含復出口),1352,673100
2019-01,29321100,四氫?喃,西班牙,進口總值(含復進口),0,4
2019-01,29321100,四氫?喃,南韓,進口總值(含復進口),3,354
2019-01,29321100,四氫?喃,南韓,出口總值(含復出口),288,159010
2019-01,29321100,四氫?喃,美國,進口總值(含復進口),12,1014
2019-01,29321100,四氫?喃,美國,出口總值(含復出口),113,53590
2019-01,29321100,四氫?喃,英國,進口總值(含復進口),0,3
2019-01,29321100,四氫?喃,荷蘭,出口總值(含復出口),97,43200
2019-01,29321100,四氫?喃,德國,進口總值(含復進口),40,3143
2019-01,39032000,苯乙烯－丙烯?共聚合物，初級狀態,中國大陸,進口總值(含復進口),146,65200
2019-01,39032000,苯乙烯－丙烯?共聚合物，初級狀態,中國大陸,出口總值(含復出口),12290,8353319
2019-01,39032000,苯乙烯－丙烯?共聚合物，初級狀態,巴西,出口總值(含復出口),356,198000
2019-01,39032000,苯乙烯－丙烯?共聚合物，初級狀態,巴基斯坦,出口總值(含復出口),240,153000
2019-01,39032000,苯乙烯－丙烯?共聚合物，初級狀態,日本,進口總值(含復進口),27,10040
2019-01,39032000,苯乙烯－丙烯?共聚合物，初級狀態,日本,出口總值(含復出口),112,68200
2019-01,39032000,苯乙烯－丙烯?共聚合物，初級狀態,比利時,出口總值(含復出口),2,1000
2019-01,39032000,苯乙烯－丙烯?共聚合物，初級狀態,以色列,出口總值(含復出口),13,8000
2019-01,39032000,苯乙烯－丙烯?共聚合物，初級狀態,印尼,出口總值(含復出口),855,564375
2019-01,39032000,苯乙烯－丙烯?共聚合物，初級狀態,印度,出口總值(含復出口),36,18000
2019-01,39032000,苯乙烯－丙烯?共聚合物，初級狀態,孟加拉,出口總值(含復出口),234,144000
2019-01,39032000,苯乙烯－丙烯?共聚合物，初級狀態,波蘭,出口總值(含復出口),30,18000
2019-01,39032000,苯乙烯－丙烯?共聚合物，初級狀態,阿根廷,出口總值(含復出口),18,9000
2019-01,39032000,苯乙烯－丙烯?共聚合物，初級狀態,俄羅斯,出口總值(含復出口),20,12000
2019-01,39032000,苯乙烯－丙烯?共聚合物，初級狀態,南非,出口總值(含復出口),6,4000
2019-01,39032000,苯乙烯－丙烯?共聚合物，初級狀態,南韓,進口總值(含復進口),107,72000
2019-01,39032000,苯乙烯－丙烯?共聚合物，初級狀態,突尼西亞,出口總值(含復出口),24,15000
2019-01,39032000,苯乙烯－丙烯?共聚合物，初級狀態,美國,出口總值(含復出口),348,218200
2019-01,39032000,苯乙烯－丙烯?共聚合物，初級狀態,英國,進口總值(含復進口),52,11000
2019-01,39032000,苯乙烯－丙烯?共聚合物，初級狀態,英國,出口總值(含復出口),10,6000
2019-01,39032000,苯乙烯－丙烯?共聚合物，初級狀態,香港,出口總值(含復出口),984,607000
2019-01,39032000,苯乙烯－丙烯?共聚合物，初級狀態,埃及,出口總值(含復出口),72,46000
2019-01,39032000,苯乙烯－丙烯?共聚合物，初級狀態,泰國,進口總值(含復進口),41,24725
2019-01,39032000,苯乙烯－丙烯?共聚合物，初級狀態,泰國,出口總值(含復出口),675,412000
2019-01,39032000,苯乙烯－丙烯?共聚合物，初級狀態,馬來西亞,出口總值(含復出口),251,166000
2019-01,39032000,苯乙烯－丙烯?共聚合物，初級狀態,敘利亞,出口總值(含復出口),6,4000
2019-01,39032000,苯乙烯－丙烯?共聚合物，初級狀態,荷蘭,出口總值(含復出口),303,191000
2019-01,39032000,苯乙烯－丙烯?共聚合物，初級狀態,斯洛維尼亞,出口總值(含復出口),9,5400
2019-01,39032000,苯乙烯－丙烯?共聚合物，初級狀態,菲律賓,出口總值(含復出口),101,66000
2019-01,39032000,苯乙烯－丙烯?共聚合物，初級狀態,越南,出口總值(含復出口),119,73000
2019-01,39032000,苯乙烯－丙烯?共聚合物，初級狀態,瑞典,出口總值(含復出口),2,1000
2019-01,39032000,苯乙烯－丙烯?共聚合物，初級狀態,墨西哥,出口總值(含復出口),255,160000
2019-01,39032000,苯乙烯－丙烯?共聚合物，初級狀態,澳大利亞,出口總值(含復出口),3,2000
2019-01,39039010,甲基丙烯酸甲酯－丁二烯－苯乙烯（ＭＢＳ）共聚合物，初級狀態,中國大陸,出口總值(含復出口),922,380285
2019-01,39039010,甲基丙烯酸甲酯－丁二烯－苯乙烯（ＭＢＳ）共聚合物，初級狀態,中華民國,進口總值(含復進口),2,800
2019-01,39039010,甲基丙烯酸甲酯－丁二烯－苯乙烯（ＭＢＳ）共聚合物，初級狀態,日本,進口總值(含復進口),290,90305
2019-01,39039010,甲基丙烯酸甲酯－丁二烯－苯乙烯（ＭＢＳ）共聚合物，初級狀態,日本,出口總值(含復出口),37,15000
2019-01,39039010,甲基丙烯酸甲酯－丁二烯－苯乙烯（ＭＢＳ）共聚合物，初級狀態,比利時,出口總值(含復出口),145,68000
2019-01,39039010,甲基丙烯酸甲酯－丁二烯－苯乙烯（ＭＢＳ）共聚合物，初級狀態,以色列,出口總值(含復出口),4,2000
2019-01,39039010,甲基丙烯酸甲酯－丁二烯－苯乙烯（ＭＢＳ）共聚合物，初級狀態,印度,出口總值(含復出口),25,10000
2019-01,39039010,甲基丙烯酸甲酯－丁二烯－苯乙烯（ＭＢＳ）共聚合物，初級狀態,波蘭,出口總值(含復出口),8,4000
2019-01,39039010,甲基丙烯酸甲酯－丁二烯－苯乙烯（ＭＢＳ）共聚合物，初級狀態,南韓,進口總值(含復進口),182,70000
2019-01,39039010,甲基丙烯酸甲酯－丁二烯－苯乙烯（ＭＢＳ）共聚合物，初級狀態,英國,出口總值(含復出口),35,18000
2019-01,39039010,甲基丙烯酸甲酯－丁二烯－苯乙烯（ＭＢＳ）共聚合物，初級狀態,香港,出口總值(含復出口),21,7025
2019-01,39039010,甲基丙烯酸甲酯－丁二烯－苯乙烯（ＭＢＳ）共聚合物，初級狀態,泰國,出口總值(含復出口),47,18000
2019-01,39039010,甲基丙烯酸甲酯－丁二烯－苯乙烯（ＭＢＳ）共聚合物，初級狀態,馬來西亞,進口總值(含復進口),79,28800
2019-01,39039010,甲基丙烯酸甲酯－丁二烯－苯乙烯（ＭＢＳ）共聚合物，初級狀態,馬來西亞,出口總值(含復出口),193,72000
2019-01,39039010,甲基丙烯酸甲酯－丁二烯－苯乙烯（ＭＢＳ）共聚合物，初級狀態,荷蘭,進口總值(含復進口),3,800
2019-01,39039010,甲基丙烯酸甲酯－丁二烯－苯乙烯（ＭＢＳ）共聚合物，初級狀態,荷蘭,出口總值(含復出口),31,13000
2019-01,39039010,甲基丙烯酸甲酯－丁二烯－苯乙烯（ＭＢＳ）共聚合物，初級狀態,斯洛維尼亞,出口總值(含復出口),18,9000
2019-01,39039010,甲基丙烯酸甲酯－丁二烯－苯乙烯（ＭＢＳ）共聚合物，初級狀態,越南,出口總值(含復出口),127,51430
2019-01,39039010,甲基丙烯酸甲酯－丁二烯－苯乙烯（ＭＢＳ）共聚合物，初級狀態,新加坡,進口總值(含復進口),98,42000
2019-01,39039010,甲基丙烯酸甲酯－丁二烯－苯乙烯（ＭＢＳ）共聚合物，初級狀態,義大利,出口總值(含復出口),30,15000
2019-01,39039010,甲基丙烯酸甲酯－丁二烯－苯乙烯（ＭＢＳ）共聚合物，初級狀態,德國,出口總值(含復出口),3,1000
2019-01,39039010,甲基丙烯酸甲酯－丁二烯－苯乙烯（ＭＢＳ）共聚合物，初級狀態,澳大利亞,出口總值(含復出口),4,2000
2019-01,39052100,醋酸乙烯共聚合物水性分散液,中國大陸,進口總值(含復進口),47,19600
2019-01,39052100,醋酸乙烯共聚合物水性分散液,中國大陸,出口總值(含復出口),1605,1691560
2019-01,39052100,醋酸乙烯共聚合物水性分散液,厄瓜多,出口總值(含復出口),18,20000
2019-01,39052100,醋酸乙烯共聚合物水性分散液,巴西,出口總值(含復出口),24,20000
2019-01,39052100,醋酸乙烯共聚合物水性分散液,巴基斯坦,出口總值(含復出口),194,220000
2019-01,39052100,醋酸乙烯共聚合物水性分散液,孟加拉,出口總值(含復出口),15,17600
2019-01,39052100,醋酸乙烯共聚合物水性分散液,阿拉伯聯合大公國,出口總值(含復出口),39,37650
2019-01,39052100,醋酸乙烯共聚合物水性分散液,阿根廷,出口總值(含復出口),15,17600
2019-01,39052100,醋酸乙烯共聚合物水性分散液,南韓,進口總值(含復進口),16,15600
2019-01,39052100,醋酸乙烯共聚合物水性分散液,南韓,出口總值(含復出口),9,8800
2019-01,39052100,醋酸乙烯共聚合物水性分散液,美國,進口總值(含復進口),37,18000
2019-01,39052100,醋酸乙烯共聚合物水性分散液,美國,出口總值(含復出口),53,60150
2019-01,39052100,醋酸乙烯共聚合物水性分散液,哥斯大黎加,出口總值(含復出口),21,17600
2019-01,39052100,醋酸乙烯共聚合物水性分散液,泰國,出口總值(含復出口),24,23840
2019-01,39052100,醋酸乙烯共聚合物水性分散液,秘魯,出口總值(含復出口),17,19800
2019-01,39052100,醋酸乙烯共聚合物水性分散液,紐西蘭,出口總值(含復出口),41,42960
2019-01,39052100,醋酸乙烯共聚合物水性分散液,馬來西亞,進口總值(含復進口),36,22800
2019-01,39052100,醋酸乙烯共聚合物水性分散液,越南,出口總值(含復出口),66,65600
2019-01,39052100,醋酸乙烯共聚合物水性分散液,墨西哥,出口總值(含復出口),38,35200
2019-01,39052100,醋酸乙烯共聚合物水性分散液,澳大利亞,出口總值(含復出口),61,56000
2019-02,29161410,甲基丙烯酸甲酯,中國大陸,出口總值(含復出口),4898,2594800
2019-02,29161410,甲基丙烯酸甲酯,巴基斯坦,出口總值(含復出口),154,76000
2019-02,29161410,甲基丙烯酸甲酯,日本,進口總值(含復進口),298,148010
2019-02,29161410,甲基丙烯酸甲酯,印尼,出口總值(含復出口),393,197370
2019-02,29161410,甲基丙烯酸甲酯,印度,出口總值(含復出口),68,30400
2019-02,29161410,甲基丙烯酸甲酯,阿拉伯聯合大公國,出口總值(含復出口),63,30400
2019-02,29161410,甲基丙烯酸甲酯,南韓,出口總值(含復出口),2,5
2019-02,29161410,甲基丙烯酸甲酯,美國,進口總值(含復進口),4,61
2019-02,29161410,甲基丙烯酸甲酯,泰國,出口總值(含復出口),34,15200
2019-02,29161410,甲基丙烯酸甲酯,秘魯,出口總值(含復出口),101,45600
2019-02,29161410,甲基丙烯酸甲酯,馬來西亞,出口總值(含復出口),181,80000
2019-02,29161410,甲基丙烯酸甲酯,菲律賓,出口總值(含復出口),1384,645890
2019-02,29161410,甲基丙烯酸甲酯,越南,出口總值(含復出口),3151,1442590
2019-02,29173300,鄰苯二甲酸二壬酯或二癸酯,中國大陸,出口總值(含復出口),1078,1000000
2019-02,29173300,鄰苯二甲酸二壬酯或二癸酯,日本,進口總值(含復進口),0,0
2019-02,29173300,鄰苯二甲酸二壬酯或二癸酯,日本,出口總值(含復出口),427,340000
2019-02,29173300,鄰苯二甲酸二壬酯或二癸酯,比利時,出口總值(含復出口),228,182000
2019-02,29173300,鄰苯二甲酸二壬酯或二癸酯,加拿大,出口總值(含復出口),50,40000
2019-02,29173300,鄰苯二甲酸二壬酯或二癸酯,印尼,出口總值(含復出口),20,16000
2019-02,29173300,鄰苯二甲酸二壬酯或二癸酯,沙烏地阿拉伯,出口總值(含復出口),27,23000
2019-02,29173300,鄰苯二甲酸二壬酯或二癸酯,阿曼,出口總值(含復出口),97,80000
2019-02,29173300,鄰苯二甲酸二壬酯或二癸酯,美國,進口總值(含復進口),0,0
2019-02,29173300,鄰苯二甲酸二壬酯或二癸酯,美國,出口總值(含復出口),119,98000
2019-02,29173300,鄰苯二甲酸二壬酯或二癸酯,英國,出口總值(含復出口),561,479000
2019-02,29173300,鄰苯二甲酸二壬酯或二癸酯,哥倫比亞,出口總值(含復出口),205,158000
2019-02,29173300,鄰苯二甲酸二壬酯或二癸酯,烏克蘭,出口總值(含復出口),54,41000
2019-02,29173300,鄰苯二甲酸二壬酯或二癸酯,馬來西亞,出口總值(含復出口),15,8000
2019-02,29173300,鄰苯二甲酸二壬酯或二癸酯,菲律賓,出口總值(含復出口),365,284000
2019-02,29173300,鄰苯二甲酸二壬酯或二癸酯,越南,出口總值(含復出口),395,329000
2019-02,29173300,鄰苯二甲酸二壬酯或二癸酯,新加坡,出口總值(含復出口),120,82000
2019-02,29173300,鄰苯二甲酸二壬酯或二癸酯,義大利,出口總值(含復出口),87,68000
2019-02,29173300,鄰苯二甲酸二壬酯或二癸酯,墨西哥,出口總值(含復出口),177,144000
2019-02,29321100,四氫?喃,中國大陸,進口總值(含復進口),0,10
2019-02,29321100,四氫?喃,中國大陸,出口總值(含復出口),238,115200
2019-02,29321100,四氫?喃,日本,出口總值(含復出口),258,124890
2019-02,29321100,四氫?喃,比利時,進口總值(含復進口),0,2
2019-02,29321100,四氫?喃,比利時,出口總值(含復出口),199,99430
2019-02,29321100,四氫?喃,印度,出口總值(含復出口),1814,900700
2019-02,29321100,四氫?喃,法國,進口總值(含復進口),0,2
2019-02,29321100,四氫?喃,美國,進口總值(含復進口),3,282
2019-02,29321100,四氫?喃,美國,出口總值(含復出口),62,28800
2019-02,29321100,四氫?喃,越南,出口總值(含復出口),28,14400
2019-02,29321100,四氫?喃,德國,進口總值(含復進口),4,496
2019-02,39032000,苯乙烯－丙烯?共聚合物，初級狀態,中國大陸,進口總值(含復進口),83,43315
2019-02,39032000,苯乙烯－丙烯?共聚合物，初級狀態,中國大陸,出口總值(含復出口),13409,8867310
2019-02,39032000,苯乙烯－丙烯?共聚合物，初級狀態,巴西,出口總值(含復出口),64,36000
2019-02,39032000,苯乙烯－丙烯?共聚合物，初級狀態,巴基斯坦,出口總值(含復出口),134,85125
2019-02,39032000,苯乙烯－丙烯?共聚合物，初級狀態,日本,進口總值(含復進口),95,30480
2019-02,39032000,苯乙烯－丙烯?共聚合物，初級狀態,日本,出口總值(含復出口),68,41500
2019-02,39032000,苯乙烯－丙烯?共聚合物，初級狀態,比利時,出口總值(含復出口),19,11000
2019-02,39032000,苯乙烯－丙烯?共聚合物，初級狀態,加拿大,出口總值(含復出口),67,48000
2019-02,39032000,苯乙烯－丙烯?共聚合物，初級狀態,印尼,出口總值(含復出口),833,537000
2019-02,39032000,苯乙烯－丙烯?共聚合物，初級狀態,印度,出口總值(含復出口),68,40000
2019-02,39032000,苯乙烯－丙烯?共聚合物，初級狀態,西班牙,出口總值(含復出口),5,2800
2019-02,39032000,苯乙烯－丙烯?共聚合物，初級狀態,孟加拉,出口總值(含復出口),71,45000
2019-02,39032000,苯乙烯－丙烯?共聚合物，初級狀態,波蘭,出口總值(含復出口),77,48000
2019-02,39032000,苯乙烯－丙烯?共聚合物，初級狀態,法國,出口總值(含復出口),5,3000
2019-02,39032000,苯乙烯－丙烯?共聚合物，初級狀態,阿拉伯聯合大公國,出口總值(含復出口),42,26000
2019-02,39032000,苯乙烯－丙烯?共聚合物，初級狀態,阿根廷,出口總值(含復出口),21,13000
2019-02,39032000,苯乙烯－丙烯?共聚合物，初級狀態,俄羅斯,出口總值(含復出口),14,10000
2019-02,39032000,苯乙烯－丙烯?共聚合物，初級狀態,南非,出口總值(含復出口),29,18000
2019-02,39032000,苯乙烯－丙烯?共聚合物，初級狀態,南韓,進口總值(含復進口),178,119000
2019-02,39032000,苯乙烯－丙烯?共聚合物，初級狀態,美國,出口總值(含復出口),58,36000
2019-02,39032000,苯乙烯－丙烯?共聚合物，初級狀態,香港,出口總值(含復出口),1035,622750
2019-02,39032000,苯乙烯－丙烯?共聚合物，初級狀態,哥倫比亞,出口總值(含復出口),8,5000
2019-02,39032000,苯乙烯－丙烯?共聚合物，初級狀態,埃及,出口總值(含復出口),24,16000
2019-02,39032000,苯乙烯－丙烯?共聚合物，初級狀態,泰國,進口總值(含復進口),4,2000
2019-02,39032000,苯乙烯－丙烯?共聚合物，初級狀態,泰國,出口總值(含復出口),615,374000
2019-02,39032000,苯乙烯－丙烯?共聚合物，初級狀態,馬來西亞,出口總值(含復出口),177,117000
2019-02,39032000,苯乙烯－丙烯?共聚合物，初級狀態,荷蘭,出口總值(含復出口),75,48000
2019-02,39032000,苯乙烯－丙烯?共聚合物，初級狀態,菲律賓,出口總值(含復出口),33,20000
2019-02,39032000,苯乙烯－丙烯?共聚合物，初級狀態,越南,出口總值(含復出口),171,106000
2019-02,39032000,苯乙烯－丙烯?共聚合物，初級狀態,新加坡,出口總值(含復出口),2,1000
2019-02,39032000,苯乙烯－丙烯?共聚合物，初級狀態,墨西哥,出口總值(含復出口),190,116000
2019-02,39039010,甲基丙烯酸甲酯－丁二烯－苯乙烯（ＭＢＳ）共聚合物，初級狀態,中國大陸,出口總值(含復出口),452,184700
2019-02,39039010,甲基丙烯酸甲酯－丁二烯－苯乙烯（ＭＢＳ）共聚合物，初級狀態,日本,進口總值(含復進口),73,26580
2019-02,39039010,甲基丙烯酸甲酯－丁二烯－苯乙烯（ＭＢＳ）共聚合物，初級狀態,日本,出口總值(含復出口),39,16600
2019-02,39039010,甲基丙烯酸甲酯－丁二烯－苯乙烯（ＭＢＳ）共聚合物，初級狀態,比利時,出口總值(含復出口),119,60000
2019-02,39039010,甲基丙烯酸甲酯－丁二烯－苯乙烯（ＭＢＳ）共聚合物，初級狀態,南韓,進口總值(含復進口),26,10000
2019-02,39039010,甲基丙烯酸甲酯－丁二烯－苯乙烯（ＭＢＳ）共聚合物，初級狀態,南韓,出口總值(含復出口),65,26000
2019-02,39039010,甲基丙烯酸甲酯－丁二烯－苯乙烯（ＭＢＳ）共聚合物，初級狀態,美國,出口總值(含復出口),27,14000
2019-02,39039010,甲基丙烯酸甲酯－丁二烯－苯乙烯（ＭＢＳ）共聚合物，初級狀態,香港,出口總值(含復出口),62,23000
2019-02,39039010,甲基丙烯酸甲酯－丁二烯－苯乙烯（ＭＢＳ）共聚合物，初級狀態,泰國,出口總值(含復出口),78,29725
2019-02,39039010,甲基丙烯酸甲酯－丁二烯－苯乙烯（ＭＢＳ）共聚合物，初級狀態,紐西蘭,出口總值(含復出口),38,17000
2019-02,39039010,甲基丙烯酸甲酯－丁二烯－苯乙烯（ＭＢＳ）共聚合物，初級狀態,馬來西亞,進口總值(含復進口),65,19200
2019-02,39039010,甲基丙烯酸甲酯－丁二烯－苯乙烯（ＭＢＳ）共聚合物，初級狀態,馬來西亞,出口總值(含復出口),116,43000
2019-02,39039010,甲基丙烯酸甲酯－丁二烯－苯乙烯（ＭＢＳ）共聚合物，初級狀態,越南,出口總值(含復出口),63,24300
2019-02,39039010,甲基丙烯酸甲酯－丁二烯－苯乙烯（ＭＢＳ）共聚合物，初級狀態,義大利,出口總值(含復出口),65,34000
2019-02,39039010,甲基丙烯酸甲酯－丁二烯－苯乙烯（ＭＢＳ）共聚合物，初級狀態,澳大利亞,出口總值(含復出口),43,19000
2019-02,39052100,醋酸乙烯共聚合物水性分散液,中國大陸,進口總值(含復進口),42,15200
2019-02,39052100,醋酸乙烯共聚合物水性分散液,中國大陸,出口總值(含復出口),2187,2364480
2019-02,39052100,醋酸乙烯共聚合物水性分散液,巴西,出口總值(含復出口),15,19940
2019-02,39052100,醋酸乙烯共聚合物水性分散液,巴基斯坦,出口總值(含復出口),210,240000
2019-02,39052100,醋酸乙烯共聚合物水性分散液,波多黎各,出口總值(含復出口),44,39480
2019-02,39052100,醋酸乙烯共聚合物水性分散液,南韓,出口總值(含復出口),19,17600
2019-02,39052100,醋酸乙烯共聚合物水性分散液,美國,進口總值(含復進口),1,209
2019-02,39052100,醋酸乙烯共聚合物水性分散液,美國,出口總值(含復出口),52,60560
2019-02,39052100,醋酸乙烯共聚合物水性分散液,埃及,出口總值(含復出口),17,16800
2019-02,39052100,醋酸乙烯共聚合物水性分散液,泰國,出口總值(含復出口),19,20670
2019-02,39052100,醋酸乙烯共聚合物水性分散液,秘魯,出口總值(含復出口),16,19800
2019-02,39052100,醋酸乙烯共聚合物水性分散液,紐西蘭,出口總值(含復出口),21,19800
2019-02,39052100,醋酸乙烯共聚合物水性分散液,馬來西亞,進口總值(含復進口),2,1200
2019-02,39052100,醋酸乙烯共聚合物水性分散液,馬來西亞,出口總值(含復出口),31,14400
2019-02,39052100,醋酸乙烯共聚合物水性分散液,越南,出口總值(含復出口),86,87200
2019-02,39052100,醋酸乙烯共聚合物水性分散液,墨西哥,出口總值(含復出口),57,52800
2019-02,39052100,醋酸乙烯共聚合物水性分散液,澳大利亞,出口總值(含復出口),57,60000
2019-03,29161410,甲基丙烯酸甲酯,中國大陸,進口總值(含復進口),648,320800
2019-03,29161410,甲基丙烯酸甲酯,中國大陸,出口總值(含復出口),2475,1442596
2019-03,29161410,甲基丙烯酸甲酯,中華民國,進口總值(含復進口),61,30400
2019-03,29161410,甲基丙烯酸甲酯,巴基斯坦,出口總值(含復出口),33,15200
2019-03,29161410,甲基丙烯酸甲酯,日本,進口總值(含復進口),6953,3572315
2019-03,29161410,甲基丙烯酸甲酯,南韓,進口總值(含復進口),42,20000
2019-03,29161410,甲基丙烯酸甲酯,美國,進口總值(含復進口),1753,696986
2019-03,29161410,甲基丙烯酸甲酯,英國,進口總值(含復進口),5,300
2019-03,29161410,甲基丙烯酸甲酯,泰國,出口總值(含復出口),97,45600
2019-03,29161410,甲基丙烯酸甲酯,秘魯,出口總值(含復出口),96,45600
2019-03,29161410,甲基丙烯酸甲酯,馬來西亞,出口總值(含復出口),42,20690
2019-03,29161410,甲基丙烯酸甲酯,荷蘭,進口總值(含復進口),5,17
2019-03,29161410,甲基丙烯酸甲酯,菲律賓,出口總值(含復出口),783,379670
2019-03,29161410,甲基丙烯酸甲酯,越南,出口總值(含復出口),672,322180
2019-03,29161410,甲基丙烯酸甲酯,澳大利亞,出口總值(含復出口),41,19690
2019-03,29173300,鄰苯二甲酸二壬酯或二癸酯,中國大陸,出口總值(含復出口),1257,1237000
2019-03,29173300,鄰苯二甲酸二壬酯或二癸酯,日本,出口總值(含復出口),584,476000
2019-03,29173300,鄰苯二甲酸二壬酯或二癸酯,以色列,出口總值(含復出口),75,62000
2019-03,29173300,鄰苯二甲酸二壬酯或二癸酯,印尼,出口總值(含復出口),29,23000
2019-03,29173300,鄰苯二甲酸二壬酯或二癸酯,阿拉伯聯合大公國,出口總值(含復出口),109,96000
2019-03,29173300,鄰苯二甲酸二壬酯或二癸酯,阿曼,出口總值(含復出口),47,40000
2019-03,29173300,鄰苯二甲酸二壬酯或二癸酯,美國,進口總值(含復進口),0,0
2019-03,29173300,鄰苯二甲酸二壬酯或二癸酯,美國,出口總值(含復出口),251,212000
2019-03,29173300,鄰苯二甲酸二壬酯或二癸酯,英國,進口總值(含復進口),0,0
2019-03,29173300,鄰苯二甲酸二壬酯或二癸酯,英國,出口總值(含復出口),268,228000
2019-03,29173300,鄰苯二甲酸二壬酯或二癸酯,哥倫比亞,出口總值(含復出口),132,100000
2019-03,29173300,鄰苯二甲酸二壬酯或二癸酯,烏克蘭,出口總值(含復出口),126,104000
2019-03,29173300,鄰苯二甲酸二壬酯或二癸酯,馬來西亞,出口總值(含復出口),24,20000
2019-03,29173300,鄰苯二甲酸二壬酯或二癸酯,斯里蘭卡,出口總值(含復出口),28,24000
2019-03,29173300,鄰苯二甲酸二壬酯或二癸酯,菲律賓,出口總值(含復出口),268,216000
2019-03,29173300,鄰苯二甲酸二壬酯或二癸酯,越南,出口總值(含復出口),271,216000
2019-03,29173300,鄰苯二甲酸二壬酯或二癸酯,新加坡,出口總值(含復出口),120,105000
2019-03,29173300,鄰苯二甲酸二壬酯或二癸酯,瑞士,進口總值(含復進口),1,0
2019-03,29173300,鄰苯二甲酸二壬酯或二癸酯,墨西哥,出口總值(含復出口),304,248000
2019-03,29321100,四氫?喃,中國大陸,進口總值(含復進口),1,3
2019-03,29321100,四氫?喃,中國大陸,出口總值(含復出口),118,57600
2019-03,29321100,四氫?喃,巴基斯坦,出口總值(含復出口),14,15200
2019-03,29321100,四氫?喃,日本,出口總值(含復出口),446,208740
2019-03,29321100,四氫?喃,比利時,進口總值(含復進口),0,4
2019-03,29321100,四氫?喃,比利時,出口總值(含復出口),187,93920
2019-03,29321100,四氫?喃,加拿大,出口總值(含復出口),31,14400
2019-03,29321100,四氫?喃,印度,出口總值(含復出口),2232,1145290
2019-03,29321100,四氫?喃,西班牙,進口總值(含復進口),0,13
2019-03,29321100,四氫?喃,法國,出口總值(含復出口),38,19870
2019-03,29321100,四氫?喃,美國,進口總值(含復進口),10,1370
2019-03,29321100,四氫?喃,美國,出口總值(含復出口),132,62800
2019-03,29321100,四氫?喃,英國,進口總值(含復進口),0,7
2019-03,29321100,四氫?喃,英國,出口總值(含復出口),32,14400
2019-03,29321100,四氫?喃,馬來西亞,進口總值(含復進口),64,28800
2019-03,29321100,四氫?喃,馬來西亞,出口總值(含復出口),28,14400
2019-03,29321100,四氫?喃,荷蘭,出口總值(含復出口),254,115200
2019-03,29321100,四氫?喃,菲律賓,出口總值(含復出口),30,14400
2019-03,29321100,四氫?喃,象牙海岸,出口總值(含復出口),31,14400
2019-03,29321100,四氫?喃,越南,出口總值(含復出口),28,14400
2019-03,29321100,四氫?喃,義大利,進口總值(含復進口),15,50
2019-03,29321100,四氫?喃,義大利,出口總值(含復出口),38,19890
2019-03,29321100,四氫?喃,德國,進口總值(含復進口),21,1462
2019-03,39032000,苯乙烯－丙烯?共聚合物，初級狀態,土耳其,出口總值(含復出口),27,17000
2019-03,39032000,苯乙烯－丙烯?共聚合物，初級狀態,中國大陸,進口總值(含復進口),145,63700
2019-03,39032000,苯乙烯－丙烯?共聚合物，初級狀態,中國大陸,出口總值(含復出口),17244,10995315
2019-03,39032000,苯乙烯－丙烯?共聚合物，初級狀態,巴西,出口總值(含復出口),21,12000
2019-03,39032000,苯乙烯－丙烯?共聚合物，初級狀態,巴基斯坦,出口總值(含復出口),197,124750
2019-03,39032000,苯乙烯－丙烯?共聚合物，初級狀態,日本,進口總值(含復進口),174,59705
2019-03,39032000,苯乙烯－丙烯?共聚合物，初級狀態,日本,出口總值(含復出口),45,26600
2019-03,39032000,苯乙烯－丙烯?共聚合物，初級狀態,比利時,出口總值(含復出口),241,162000
2019-03,39032000,苯乙烯－丙烯?共聚合物，初級狀態,以色列,出口總值(含復出口),53,37000
2019-03,39032000,苯乙烯－丙烯?共聚合物，初級狀態,印尼,出口總值(含復出口),738,457500
2019-03,39032000,苯乙烯－丙烯?共聚合物，初級狀態,印度,出口總值(含復出口),20,14000
2019-03,39032000,苯乙烯－丙烯?共聚合物，初級狀態,孟加拉,出口總值(含復出口),92,56000
2019-03,39032000,苯乙烯－丙烯?共聚合物，初級狀態,波蘭,出口總值(含復出口),7,4000
2019-03,39032000,苯乙烯－丙烯?共聚合物，初級狀態,法國,出口總值(含復出口),4,2000
2019-03,39032000,苯乙烯－丙烯?共聚合物，初級狀態,阿根廷,出口總值(含復出口),43,25000
2019-03,39032000,苯乙烯－丙烯?共聚合物，初級狀態,俄羅斯,出口總值(含復出口),29,19000
2019-03,39032000,苯乙烯－丙烯?共聚合物，初級狀態,南非,出口總值(含復出口),41,26000
2019-03,39032000,苯乙烯－丙烯?共聚合物，初級狀態,南韓,進口總值(含復進口),83,61383
2019-03,39032000,苯乙烯－丙烯?共聚合物，初級狀態,突尼西亞,出口總值(含復出口),42,26000
2019-03,39032000,苯乙烯－丙烯?共聚合物，初級狀態,美國,進口總值(含復進口),3,100
2019-03,39032000,苯乙烯－丙烯?共聚合物，初級狀態,美國,出口總值(含復出口),202,127000
2019-03,39032000,苯乙烯－丙烯?共聚合物，初級狀態,英國,出口總值(含復出口),2,1000
2019-03,39032000,苯乙烯－丙烯?共聚合物，初級狀態,香港,出口總值(含復出口),2874,1713525
2019-03,39032000,苯乙烯－丙烯?共聚合物，初級狀態,哥倫比亞,出口總值(含復出口),54,36000
2019-03,39032000,苯乙烯－丙烯?共聚合物，初級狀態,埃及,出口總值(含復出口),122,77000
2019-03,39032000,苯乙烯－丙烯?共聚合物，初級狀態,泰國,出口總值(含復出口),587,351950
2019-03,39032000,苯乙烯－丙烯?共聚合物，初級狀態,馬來西亞,出口總值(含復出口),201,128500
2019-03,39032000,苯乙烯－丙烯?共聚合物，初級狀態,荷蘭,出口總值(含復出口),99,61157
2019-03,39032000,苯乙烯－丙烯?共聚合物，初級狀態,斯里蘭卡,出口總值(含復出口),25,18000
2019-03,39032000,苯乙烯－丙烯?共聚合物，初級狀態,菲律賓,出口總值(含復出口),138,85000
2019-03,39032000,苯乙烯－丙烯?共聚合物，初級狀態,越南,出口總值(含復出口),127,78525
2019-03,39032000,苯乙烯－丙烯?共聚合物，初級狀態,新加坡,出口總值(含復出口),2,1000
2019-03,39032000,苯乙烯－丙烯?共聚合物，初級狀態,義大利,出口總值(含復出口),3,2000
2019-03,39032000,苯乙烯－丙烯?共聚合物，初級狀態,墨西哥,出口總值(含復出口),168,102000
2019-03,39032000,苯乙烯－丙烯?共聚合物，初級狀態,澳大利亞,出口總值(含復出口),5,3000
2019-03,39039010,甲基丙烯酸甲酯－丁二烯－苯乙烯（ＭＢＳ）共聚合物，初級狀態,中國大陸,出口總值(含復出口),1410,627504
2019-03,39039010,甲基丙烯酸甲酯－丁二烯－苯乙烯（ＭＢＳ）共聚合物，初級狀態,中華民國,進口總值(含復進口),84,60000
2019-03,39039010,甲基丙烯酸甲酯－丁二烯－苯乙烯（ＭＢＳ）共聚合物，初級狀態,日本,進口總值(含復進口),229,76775
2019-03,39039010,甲基丙烯酸甲酯－丁二烯－苯乙烯（ＭＢＳ）共聚合物，初級狀態,日本,出口總值(含復出口),5,2000
2019-03,39039010,甲基丙烯酸甲酯－丁二烯－苯乙烯（ＭＢＳ）共聚合物，初級狀態,比利時,出口總值(含復出口),141,70000
2019-03,39039010,甲基丙烯酸甲酯－丁二烯－苯乙烯（ＭＢＳ）共聚合物，初級狀態,印尼,出口總值(含復出口),0,100
2019-03,39039010,甲基丙烯酸甲酯－丁二烯－苯乙烯（ＭＢＳ）共聚合物，初級狀態,南韓,進口總值(含復進口),56,22000
2019-03,39039010,甲基丙烯酸甲酯－丁二烯－苯乙烯（ＭＢＳ）共聚合物，初級狀態,哈薩克,出口總值(含復出口),5,2500
2019-03,39039010,甲基丙烯酸甲酯－丁二烯－苯乙烯（ＭＢＳ）共聚合物，初級狀態,美國,出口總值(含復出口),4,1900
2019-03,39039010,甲基丙烯酸甲酯－丁二烯－苯乙烯（ＭＢＳ）共聚合物，初級狀態,英國,出口總值(含復出口),158,79125
2019-03,39039010,甲基丙烯酸甲酯－丁二烯－苯乙烯（ＭＢＳ）共聚合物，初級狀態,香港,出口總值(含復出口),49,18000
2019-03,39039010,甲基丙烯酸甲酯－丁二烯－苯乙烯（ＭＢＳ）共聚合物，初級狀態,紐西蘭,出口總值(含復出口),5,2000
2019-03,39039010,甲基丙烯酸甲酯－丁二烯－苯乙烯（ＭＢＳ）共聚合物，初級狀態,馬來西亞,進口總值(含復進口),53,19200
2019-03,39039010,甲基丙烯酸甲酯－丁二烯－苯乙烯（ＭＢＳ）共聚合物，初級狀態,馬來西亞,出口總值(含復出口),187,65000
2019-03,39039010,甲基丙烯酸甲酯－丁二烯－苯乙烯（ＭＢＳ）共聚合物，初級狀態,荷蘭,進口總值(含復進口),74,25000
2019-03,39039010,甲基丙烯酸甲酯－丁二烯－苯乙烯（ＭＢＳ）共聚合物，初級狀態,荷蘭,出口總值(含復出口),7,3000
2019-03,39039010,甲基丙烯酸甲酯－丁二烯－苯乙烯（ＭＢＳ）共聚合物，初級狀態,斯洛維尼亞,出口總值(含復出口),14,7000
2019-03,39039010,甲基丙烯酸甲酯－丁二烯－苯乙烯（ＭＢＳ）共聚合物，初級狀態,菲律賓,出口總值(含復出口),46,19000
2019-03,39039010,甲基丙烯酸甲酯－丁二烯－苯乙烯（ＭＢＳ）共聚合物，初級狀態,越南,出口總值(含復出口),156,65734
2019-03,39039010,甲基丙烯酸甲酯－丁二烯－苯乙烯（ＭＢＳ）共聚合物，初級狀態,新加坡,進口總值(含復進口),97,42000
2019-03,39039010,甲基丙烯酸甲酯－丁二烯－苯乙烯（ＭＢＳ）共聚合物，初級狀態,瑞典,出口總值(含復出口),36,18000
2019-03,39039010,甲基丙烯酸甲酯－丁二烯－苯乙烯（ＭＢＳ）共聚合物，初級狀態,義大利,出口總值(含復出口),150,76000
2019-03,39039010,甲基丙烯酸甲酯－丁二烯－苯乙烯（ＭＢＳ）共聚合物，初級狀態,澳大利亞,出口總值(含復出口),40,17000
2019-03,39052100,醋酸乙烯共聚合物水性分散液,中國大陸,進口總值(含復進口),43,15200
2019-03,39052100,醋酸乙烯共聚合物水性分散液,中國大陸,出口總值(含復出口),3385,3736630
2019-03,39052100,醋酸乙烯共聚合物水性分散液,巴西,出口總值(含復出口),23,20000
2019-03,39052100,醋酸乙烯共聚合物水性分散液,巴基斯坦,出口總值(含復出口),469,538000
2019-03,39052100,醋酸乙烯共聚合物水性分散液,日本,進口總值(含復進口),0,20
2019-03,39052100,醋酸乙烯共聚合物水性分散液,孟加拉,出口總值(含復出口),15,17600
2019-03,39052100,醋酸乙烯共聚合物水性分散液,阿根廷,出口總值(含復出口),15,17600
2019-03,39052100,醋酸乙烯共聚合物水性分散液,俄羅斯,出口總值(含復出口),46,40000
2019-03,39052100,醋酸乙烯共聚合物水性分散液,南韓,出口總值(含復出口),4,4400
2019-03,39052100,醋酸乙烯共聚合物水性分散液,哥斯大黎加,出口總值(含復出口),21,17600
2019-03,39052100,醋酸乙烯共聚合物水性分散液,泰國,出口總值(含復出口),56,61840
2019-03,39052100,醋酸乙烯共聚合物水性分散液,紐西蘭,出口總值(含復出口),53,56240
2019-03,39052100,醋酸乙烯共聚合物水性分散液,馬來西亞,進口總值(含復進口),66,41600
2019-03,39052100,醋酸乙烯共聚合物水性分散液,越南,出口總值(含復出口),168,171200
2019-03,39052100,醋酸乙烯共聚合物水性分散液,模里西斯,出口總值(含復出口),14,17600
2019-03,39052100,醋酸乙烯共聚合物水性分散液,墨西哥,出口總值(含復出口),35,38590
2019-03,39052100,醋酸乙烯共聚合物水性分散液,澳大利亞,出口總值(含復出口),86,77040
2019-04,29161410,甲基丙烯酸甲酯,中國大陸,出口總值(含復出口),1047,587450
2019-04,29161410,甲基丙烯酸甲酯,日本,進口總值(含復進口),442,275400
2019-04,29161410,甲基丙烯酸甲酯,伊朗,出口總值(含復出口),138,45600
2019-04,29161410,甲基丙烯酸甲酯,印尼,出口總值(含復出口),553,295920
2019-04,29161410,甲基丙烯酸甲酯,印度,出口總值(含復出口),32,15200
2019-04,29161410,甲基丙烯酸甲酯,法國,進口總值(含復進口),0,0
2019-04,29161410,甲基丙烯酸甲酯,南韓,進口總值(含復進口),84,40000
2019-04,29161410,甲基丙烯酸甲酯,美國,進口總值(含復進口),1703,747869
2019-04,29161410,甲基丙烯酸甲酯,英國,進口總值(含復進口),0,4
2019-04,29161410,甲基丙烯酸甲酯,泰國,出口總值(含復出口),31,15200
2019-04,29161410,甲基丙烯酸甲酯,秘魯,出口總值(含復出口),95,45600
2019-04,29161410,甲基丙烯酸甲酯,馬來西亞,出口總值(含復出口),172,85520
2019-04,29161410,甲基丙烯酸甲酯,菲律賓,出口總值(含復出口),533,263770
2019-04,29161410,甲基丙烯酸甲酯,越南,出口總值(含復出口),3880,1971880
2019-04,29161410,甲基丙烯酸甲酯,澳大利亞,出口總值(含復出口),181,100020
2019-04,29173300,鄰苯二甲酸二壬酯或二癸酯,土耳其,出口總值(含復出口),309,250000
2019-04,29173300,鄰苯二甲酸二壬酯或二癸酯,中國大陸,出口總值(含復出口),1111,1099000
2019-04,29173300,鄰苯二甲酸二壬酯或二癸酯,日本,進口總值(含復進口),0,0
2019-04,29173300,鄰苯二甲酸二壬酯或二癸酯,日本,出口總值(含復出口),238,193000
2019-04,29173300,鄰苯二甲酸二壬酯或二癸酯,印尼,出口總值(含復出口),29,23000
2019-04,29173300,鄰苯二甲酸二壬酯或二癸酯,印度,出口總值(含復出口),38,32000
2019-04,29173300,鄰苯二甲酸二壬酯或二癸酯,阿拉伯聯合大公國,出口總值(含復出口),20,16000
2019-04,29173300,鄰苯二甲酸二壬酯或二癸酯,阿曼,出口總值(含復出口),118,99000
2019-04,29173300,鄰苯二甲酸二壬酯或二癸酯,美國,進口總值(含復進口),0,0
2019-04,29173300,鄰苯二甲酸二壬酯或二癸酯,美國,出口總值(含復出口),206,178000
2019-04,29173300,鄰苯二甲酸二壬酯或二癸酯,英國,出口總值(含復出口),27,23000
2019-04,29173300,鄰苯二甲酸二壬酯或二癸酯,埃及,出口總值(含復出口),54,42000
2019-04,29173300,鄰苯二甲酸二壬酯或二癸酯,烏克蘭,出口總值(含復出口),198,168000
2019-04,29173300,鄰苯二甲酸二壬酯或二癸酯,馬來西亞,出口總值(含復出口),50,40000
2019-04,29173300,鄰苯二甲酸二壬酯或二癸酯,菲律賓,出口總值(含復出口),270,210000
2019-04,29173300,鄰苯二甲酸二壬酯或二癸酯,越南,出口總值(含復出口),276,217000
2019-04,29173300,鄰苯二甲酸二壬酯或二癸酯,新加坡,出口總值(含復出口),49,42000
2019-04,29173300,鄰苯二甲酸二壬酯或二癸酯,墨西哥,出口總值(含復出口),76,62000
2019-04,29321100,四氫?喃,日本,出口總值(含復出口),422,194520
2019-04,29321100,四氫?喃,比利時,進口總值(含復進口),0,1
2019-04,29321100,四氫?喃,比利時,出口總值(含復出口),184,93870
2019-04,29321100,四氫?喃,印度,出口總值(含復出口),1876,1043020
2019-04,29321100,四氫?喃,西班牙,進口總值(含復進口),1,18
2019-04,29321100,四氫?喃,肯亞,出口總值(含復出口),27,14400
2019-04,29321100,四氫?喃,阿拉伯聯合大公國,出口總值(含復出口),149,72000
2019-04,29321100,四氫?喃,南韓,進口總值(含復進口),7,1042
2019-04,29321100,四氫?喃,南韓,出口總值(含復出口),35,19400
2019-04,29321100,四氫?喃,美國,進口總值(含復進口),1,1
2019-04,29321100,四氫?喃,美國,出口總值(含復出口),73,37800
2019-04,29321100,四氫?喃,英國,進口總值(含復進口),0,0
2019-04,29321100,四氫?喃,馬來西亞,出口總值(含復出口),39,19430
2019-04,29321100,四氫?喃,荷蘭,出口總值(含復出口),186,86400
2019-04,29321100,四氫?喃,越南,出口總值(含復出口),48,21600
2019-04,29321100,四氫?喃,義大利,進口總值(含復進口),23,75
2019-04,29321100,四氫?喃,義大利,出口總值(含復出口),38,19870
2019-04,29321100,四氫?喃,德國,進口總值(含復進口),0,5
2019-04,39032000,苯乙烯－丙烯?共聚合物，初級狀態,中國大陸,進口總值(含復進口),205,89875
2019-04,39032000,苯乙烯－丙烯?共聚合物，初級狀態,中國大陸,出口總值(含復出口),14541,8900235
2019-04,39032000,苯乙烯－丙烯?共聚合物，初級狀態,巴基斯坦,出口總值(含復出口),196,123000
2019-04,39032000,苯乙烯－丙烯?共聚合物，初級狀態,日本,進口總值(含復進口),252,133755
2019-04,39032000,苯乙烯－丙烯?共聚合物，初級狀態,日本,出口總值(含復出口),27,16000
2019-04,39032000,苯乙烯－丙烯?共聚合物，初級狀態,比利時,出口總值(含復出口),13,7000
2019-04,39032000,苯乙烯－丙烯?共聚合物，初級狀態,以色列,出口總值(含復出口),16,9000
2019-04,39032000,苯乙烯－丙烯?共聚合物，初級狀態,加拿大,出口總值(含復出口),27,16000
2019-04,39032000,苯乙烯－丙烯?共聚合物，初級狀態,印尼,出口總值(含復出口),616,369375
2019-04,39032000,苯乙烯－丙烯?共聚合物，初級狀態,印度,出口總值(含復出口),15,8000
2019-04,39032000,苯乙烯－丙烯?共聚合物，初級狀態,孟加拉,出口總值(含復出口),42,25000
2019-04,39032000,苯乙烯－丙烯?共聚合物，初級狀態,波蘭,出口總值(含復出口),34,19000
2019-04,39032000,苯乙烯－丙烯?共聚合物，初級狀態,阿拉伯聯合大公國,出口總值(含復出口),22,13000
2019-04,39032000,苯乙烯－丙烯?共聚合物，初級狀態,阿根廷,出口總值(含復出口),42,24000
2019-04,39032000,苯乙烯－丙烯?共聚合物，初級狀態,俄羅斯,出口總值(含復出口),39,26000
2019-04,39032000,苯乙烯－丙烯?共聚合物，初級狀態,南非,出口總值(含復出口),38,22000
2019-04,39032000,苯乙烯－丙烯?共聚合物，初級狀態,南韓,進口總值(含復進口),29,20000
2019-04,39032000,苯乙烯－丙烯?共聚合物，初級狀態,美國,出口總值(含復出口),227,132000
2019-04,39032000,苯乙烯－丙烯?共聚合物，初級狀態,英國,出口總值(含復出口),14,8000
2019-04,39032000,苯乙烯－丙烯?共聚合物，初級狀態,香港,出口總值(含復出口),1732,1003000
2019-04,39032000,苯乙烯－丙烯?共聚合物，初級狀態,哥倫比亞,出口總值(含復出口),43,28000
2019-04,39032000,苯乙烯－丙烯?共聚合物，初級狀態,埃及,出口總值(含復出口),96,61000
2019-04,39032000,苯乙烯－丙烯?共聚合物，初級狀態,泰國,進口總值(含復進口),70,45000
2019-04,39032000,苯乙烯－丙烯?共聚合物，初級狀態,泰國,出口總值(含復出口),234,160050
2019-04,39032000,苯乙烯－丙烯?共聚合物，初級狀態,馬來西亞,出口總值(含復出口),240,152000
2019-04,39032000,苯乙烯－丙烯?共聚合物，初級狀態,荷蘭,出口總值(含復出口),7,4000
2019-04,39032000,苯乙烯－丙烯?共聚合物，初級狀態,斯洛維尼亞,出口總值(含復出口),7,4000
2019-04,39032000,苯乙烯－丙烯?共聚合物，初級狀態,越南,出口總值(含復出口),224,128495
2019-04,39032000,苯乙烯－丙烯?共聚合物，初級狀態,新加坡,出口總值(含復出口),8,4500
2019-04,39032000,苯乙烯－丙烯?共聚合物，初級狀態,墨西哥,出口總值(含復出口),349,203000
2019-04,39032000,苯乙烯－丙烯?共聚合物，初級狀態,澳大利亞,出口總值(含復出口),5,3000
2019-04,39039010,甲基丙烯酸甲酯－丁二烯－苯乙烯（ＭＢＳ）共聚合物，初級狀態,中國大陸,出口總值(含復出口),905,410900
2019-04,39039010,甲基丙烯酸甲酯－丁二烯－苯乙烯（ＭＢＳ）共聚合物，初級狀態,中華民國,進口總值(含復進口),304,216800
2019-04,39039010,甲基丙烯酸甲酯－丁二烯－苯乙烯（ＭＢＳ）共聚合物，初級狀態,日本,進口總值(含復進口),346,141775
2019-04,39039010,甲基丙烯酸甲酯－丁二烯－苯乙烯（ＭＢＳ）共聚合物，初級狀態,日本,出口總值(含復出口),38,15500
2019-04,39039010,甲基丙烯酸甲酯－丁二烯－苯乙烯（ＭＢＳ）共聚合物，初級狀態,比利時,出口總值(含復出口),23,11000
2019-04,39039010,甲基丙烯酸甲酯－丁二烯－苯乙烯（ＭＢＳ）共聚合物，初級狀態,法國,出口總值(含復出口),7,3000
2019-04,39039010,甲基丙烯酸甲酯－丁二烯－苯乙烯（ＭＢＳ）共聚合物，初級狀態,南非,出口總值(含復出口),10,5000
2019-04,39039010,甲基丙烯酸甲酯－丁二烯－苯乙烯（ＭＢＳ）共聚合物，初級狀態,南韓,進口總值(含復進口),158,62000
2019-04,39039010,甲基丙烯酸甲酯－丁二烯－苯乙烯（ＭＢＳ）共聚合物，初級狀態,美國,出口總值(含復出口),17,9000
2019-04,39039010,甲基丙烯酸甲酯－丁二烯－苯乙烯（ＭＢＳ）共聚合物，初級狀態,英國,出口總值(含復出口),63,32000
2019-04,39039010,甲基丙烯酸甲酯－丁二烯－苯乙烯（ＭＢＳ）共聚合物，初級狀態,香港,出口總值(含復出口),36,13600
2019-04,39039010,甲基丙烯酸甲酯－丁二烯－苯乙烯（ＭＢＳ）共聚合物，初級狀態,泰國,出口總值(含復出口),61,24000
2019-04,39039010,甲基丙烯酸甲酯－丁二烯－苯乙烯（ＭＢＳ）共聚合物，初級狀態,紐西蘭,出口總值(含復出口),3,1000
2019-04,39039010,甲基丙烯酸甲酯－丁二烯－苯乙烯（ＭＢＳ）共聚合物，初級狀態,馬來西亞,進口總值(含復進口),63,19200
2019-04,39039010,甲基丙烯酸甲酯－丁二烯－苯乙烯（ＭＢＳ）共聚合物，初級狀態,馬來西亞,出口總值(含復出口),124,43000
2019-04,39039010,甲基丙烯酸甲酯－丁二烯－苯乙烯（ＭＢＳ）共聚合物，初級狀態,荷蘭,出口總值(含復出口),49,19000
2019-04,39039010,甲基丙烯酸甲酯－丁二烯－苯乙烯（ＭＢＳ）共聚合物，初級狀態,越南,出口總值(含復出口),112,48000
2019-04,39039010,甲基丙烯酸甲酯－丁二烯－苯乙烯（ＭＢＳ）共聚合物，初級狀態,新加坡,進口總值(含復進口),191,84000
2019-04,39039010,甲基丙烯酸甲酯－丁二烯－苯乙烯（ＭＢＳ）共聚合物，初級狀態,新加坡,出口總值(含復出口),3,1000
2019-04,39039010,甲基丙烯酸甲酯－丁二烯－苯乙烯（ＭＢＳ）共聚合物，初級狀態,瑞典,出口總值(含復出口),36,18000
2019-04,39039010,甲基丙烯酸甲酯－丁二烯－苯乙烯（ＭＢＳ）共聚合物，初級狀態,義大利,出口總值(含復出口),31,16000
2019-04,39039010,甲基丙烯酸甲酯－丁二烯－苯乙烯（ＭＢＳ）共聚合物，初級狀態,澳大利亞,出口總值(含復出口),4,2000
2019-04,39052100,醋酸乙烯共聚合物水性分散液,中國大陸,進口總值(含復進口),114,55520
2019-04,39052100,醋酸乙烯共聚合物水性分散液,中國大陸,出口總值(含復出口),4105,4662680
2019-04,39052100,醋酸乙烯共聚合物水性分散液,巴西,出口總值(含復出口),22,29910
2019-04,39052100,醋酸乙烯共聚合物水性分散液,巴基斯坦,出口總值(含復出口),343,400000
2019-04,39052100,醋酸乙烯共聚合物水性分散液,日本,進口總值(含復進口),11,1140
2019-04,39052100,醋酸乙烯共聚合物水性分散液,日本,出口總值(含復出口),38,38390
2019-04,39052100,醋酸乙烯共聚合物水性分散液,孟加拉,出口總值(含復出口),15,17600
2019-04,39052100,醋酸乙烯共聚合物水性分散液,波多黎各,出口總值(含復出口),22,19790
2019-04,39052100,醋酸乙烯共聚合物水性分散液,肯亞,出口總值(含復出口),46,39600
2019-04,39052100,醋酸乙烯共聚合物水性分散液,阿拉伯聯合大公國,出口總值(含復出口),57,54560
2019-04,39052100,醋酸乙烯共聚合物水性分散液,南韓,出口總值(含復出口),20,17600
2019-04,39052100,醋酸乙烯共聚合物水性分散液,美國,出口總值(含復出口),17,20440
2019-04,39052100,醋酸乙烯共聚合物水性分散液,烏克蘭,出口總值(含復出口),24,20000
2019-04,39052100,醋酸乙烯共聚合物水性分散液,紐西蘭,出口總值(含復出口),42,38680
2019-04,39052100,醋酸乙烯共聚合物水性分散液,馬來西亞,進口總值(含復進口),12,7400
2019-04,39052100,醋酸乙烯共聚合物水性分散液,越南,出口總值(含復出口),204,204800
2019-04,39052100,醋酸乙烯共聚合物水性分散液,德國,進口總值(含復進口),29,16000
2019-04,39052100,醋酸乙烯共聚合物水性分散液,澳大利亞,出口總值(含復出口),86,80000
2019-05,29161410,甲基丙烯酸甲酯,中國大陸,出口總值(含復出口),9426,5307824
2019-05,29161410,甲基丙烯酸甲酯,巴基斯坦,出口總值(含復出口),140,76000
2019-05,29161410,甲基丙烯酸甲酯,日本,進口總值(含復進口),2848,1560927
2019-05,29161410,甲基丙烯酸甲酯,南韓,進口總值(含復進口),74,40000
2019-05,29161410,甲基丙烯酸甲酯,美國,進口總值(含復進口),10,144
2019-05,29161410,甲基丙烯酸甲酯,英國,進口總值(含復進口),0,1
2019-05,29161410,甲基丙烯酸甲酯,泰國,進口總值(含復進口),1805,985633
2019-05,29161410,甲基丙烯酸甲酯,泰國,出口總值(含復出口),30,15200
2019-05,29161410,甲基丙烯酸甲酯,秘魯,出口總值(含復出口),157,76000
2019-05,29161410,甲基丙烯酸甲酯,馬來西亞,出口總值(含復出口),157,80000
2019-05,29161410,甲基丙烯酸甲酯,荷蘭,進口總值(含復進口),1,80
2019-05,29161410,甲基丙烯酸甲酯,菲律賓,出口總值(含復出口),718,381480
2019-05,29161410,甲基丙烯酸甲酯,越南,出口總值(含復出口),3647,1941060
2019-05,29173300,鄰苯二甲酸二壬酯或二癸酯,土耳其,出口總值(含復出口),441,359000
2019-05,29173300,鄰苯二甲酸二壬酯或二癸酯,中國大陸,出口總值(含復出口),919,901000
2019-05,29173300,鄰苯二甲酸二壬酯或二癸酯,巴西,出口總值(含復出口),201,166000
2019-05,29173300,鄰苯二甲酸二壬酯或二癸酯,日本,出口總值(含復出口),307,234000
2019-05,29173300,鄰苯二甲酸二壬酯或二癸酯,印尼,出口總值(含復出口),15,12000
2019-05,29173300,鄰苯二甲酸二壬酯或二癸酯,印度,出口總值(含復出口),18,16000
2019-05,29173300,鄰苯二甲酸二壬酯或二癸酯,阿拉伯聯合大公國,出口總值(含復出口),199,175000
2019-05,29173300,鄰苯二甲酸二壬酯或二癸酯,阿曼,出口總值(含復出口),71,60000
2019-05,29173300,鄰苯二甲酸二壬酯或二癸酯,美國,進口總值(含復進口),0,0
2019-05,29173300,鄰苯二甲酸二壬酯或二癸酯,美國,出口總值(含復出口),264,230000
2019-05,29173300,鄰苯二甲酸二壬酯或二癸酯,英國,出口總值(含復出口),185,157000
2019-05,29173300,鄰苯二甲酸二壬酯或二癸酯,香港,出口總值(含復出口),26,21000
2019-05,29173300,鄰苯二甲酸二壬酯或二癸酯,哥倫比亞,出口總值(含復出口),51,40000
2019-05,29173300,鄰苯二甲酸二壬酯或二癸酯,菲律賓,出口總值(含復出口),86,69000
2019-05,29173300,鄰苯二甲酸二壬酯或二癸酯,越南,出口總值(含復出口),229,184000
2019-05,29173300,鄰苯二甲酸二壬酯或二癸酯,新加坡,出口總值(含復出口),24,21000
2019-05,29173300,鄰苯二甲酸二壬酯或二癸酯,義大利,出口總值(含復出口),50,41000
2019-05,29173300,鄰苯二甲酸二壬酯或二癸酯,葡萄牙,出口總值(含復出口),232,187000
2019-05,29173300,鄰苯二甲酸二壬酯或二癸酯,墨西哥,出口總值(含復出口),331,270000
2019-05,29321100,四氫?喃,中國大陸,出口總值(含復出口),53,28800
2019-05,29321100,四氫?喃,日本,進口總值(含復進口),0,1
2019-05,29321100,四氫?喃,日本,出口總值(含復出口),729,348820
2019-05,29321100,四氫?喃,比利時,進口總值(含復進口),0,2
2019-05,29321100,四氫?喃,比利時,出口總值(含復出口),152,79510
2019-05,29321100,四氫?喃,以色列,出口總值(含復出口),54,28800
2019-05,29321100,四氫?喃,印度,出口總值(含復出口),1989,1090980
2019-05,29321100,四氫?喃,阿拉伯聯合大公國,出口總值(含復出口),54,28800
2019-05,29321100,四氫?喃,南韓,進口總值(含復進口),4,442
2019-05,29321100,四氫?喃,美國,進口總值(含復進口),211,4768
2019-05,29321100,四氫?喃,美國,出口總值(含復出口),249,126180
2019-05,29321100,四氫?喃,英國,出口總值(含復出口),30,14400
2019-05,29321100,四氫?喃,哥倫比亞,出口總值(含復出口),49,28800
2019-05,29321100,四氫?喃,泰國,出口總值(含復出口),27,14400
2019-05,29321100,四氫?喃,荷蘭,出口總值(含復出口),152,72000
2019-05,29321100,四氫?喃,越南,出口總值(含復出口),98,48240
2019-05,29321100,四氫?喃,義大利,出口總值(含復出口),60,28800
2019-05,29321100,四氫?喃,德國,進口總值(含復進口),14,1402
2019-05,29321100,四氫?喃,墨西哥,出口總值(含復出口),30,14400
2019-05,39032000,苯乙烯－丙烯?共聚合物，初級狀態,中國大陸,進口總值(含復進口),98,42600
2019-05,39032000,苯乙烯－丙烯?共聚合物，初級狀態,中國大陸,出口總值(含復出口),11154,6937380
2019-05,39032000,苯乙烯－丙烯?共聚合物，初級狀態,巴西,出口總值(含復出口),272,156500
2019-05,39032000,苯乙烯－丙烯?共聚合物，初級狀態,巴基斯坦,出口總值(含復出口),278,167000
2019-05,39032000,苯乙烯－丙烯?共聚合物，初級狀態,日本,進口總值(含復進口),211,57610
2019-05,39032000,苯乙烯－丙烯?共聚合物，初級狀態,日本,出口總值(含復出口),112,65000
2019-05,39032000,苯乙烯－丙烯?共聚合物，初級狀態,以色列,出口總值(含復出口),46,26000
2019-05,39032000,苯乙烯－丙烯?共聚合物，初級狀態,加拿大,出口總值(含復出口),39,22000
2019-05,39032000,苯乙烯－丙烯?共聚合物，初級狀態,印尼,出口總值(含復出口),324,196500
2019-05,39032000,苯乙烯－丙烯?共聚合物，初級狀態,印度,出口總值(含復出口),98,60000
2019-05,39032000,苯乙烯－丙烯?共聚合物，初級狀態,西班牙,出口總值(含復出口),10,5400
2019-05,39032000,苯乙烯－丙烯?共聚合物，初級狀態,孟加拉,出口總值(含復出口),312,182880
2019-05,39032000,苯乙烯－丙烯?共聚合物，初級狀態,波蘭,出口總值(含復出口),16,9000
2019-05,39032000,苯乙烯－丙烯?共聚合物，初級狀態,阿根廷,出口總值(含復出口),32,18000
2019-05,39032000,苯乙烯－丙烯?共聚合物，初級狀態,南非,出口總值(含復出口),23,13000
2019-05,39032000,苯乙烯－丙烯?共聚合物，初級狀態,南韓,進口總值(含復進口),54,59110
2019-05,39032000,苯乙烯－丙烯?共聚合物，初級狀態,南韓,出口總值(含復出口),13,12000
2019-05,39032000,苯乙烯－丙烯?共聚合物，初級狀態,突尼西亞,出口總值(含復出口),28,16000
2019-05,39032000,苯乙烯－丙烯?共聚合物，初級狀態,約旦,出口總值(含復出口),37,20000
2019-05,39032000,苯乙烯－丙烯?共聚合物，初級狀態,美國,進口總值(含復進口),40,17200
2019-05,39032000,苯乙烯－丙烯?共聚合物，初級狀態,美國,出口總值(含復出口),130,75000
2019-05,39032000,苯乙烯－丙烯?共聚合物，初級狀態,英國,進口總值(含復進口),12,11000
2019-05,39032000,苯乙烯－丙烯?共聚合物，初級狀態,英國,出口總值(含復出口),5,3000
2019-05,39032000,苯乙烯－丙烯?共聚合物，初級狀態,香港,出口總值(含復出口),893,514500
2019-05,39032000,苯乙烯－丙烯?共聚合物，初級狀態,哥倫比亞,出口總值(含復出口),9,6000
2019-05,39032000,苯乙烯－丙烯?共聚合物，初級狀態,埃及,出口總值(含復出口),119,68000
2019-05,39032000,苯乙烯－丙烯?共聚合物，初級狀態,泰國,出口總值(含復出口),561,321000
2019-05,39032000,苯乙烯－丙烯?共聚合物，初級狀態,烏茲別克,出口總值(含復出口),10,7000
2019-05,39032000,苯乙烯－丙烯?共聚合物，初級狀態,馬來西亞,出口總值(含復出口),219,139000
2019-05,39032000,苯乙烯－丙烯?共聚合物，初級狀態,斯洛維尼亞,出口總值(含復出口),139,80000
2019-05,39032000,苯乙烯－丙烯?共聚合物，初級狀態,菲律賓,出口總值(含復出口),83,49000
2019-05,39032000,苯乙烯－丙烯?共聚合物，初級狀態,越南,出口總值(含復出口),86,50600
2019-05,39032000,苯乙烯－丙烯?共聚合物，初級狀態,墨西哥,出口總值(含復出口),314,177000
2019-05,39032000,苯乙烯－丙烯?共聚合物，初級狀態,澳大利亞,出口總值(含復出口),5,3000
2019-05,39039010,甲基丙烯酸甲酯－丁二烯－苯乙烯（ＭＢＳ）共聚合物，初級狀態,中國大陸,出口總值(含復出口),1122,507950
2019-05,39039010,甲基丙烯酸甲酯－丁二烯－苯乙烯（ＭＢＳ）共聚合物，初級狀態,丹麥,出口總值(含復出口),16,8000
2019-05,39039010,甲基丙烯酸甲酯－丁二烯－苯乙烯（ＭＢＳ）共聚合物，初級狀態,巴西,出口總值(含復出口),2,1000
2019-05,39039010,甲基丙烯酸甲酯－丁二烯－苯乙烯（ＭＢＳ）共聚合物，初級狀態,日本,進口總值(含復進口),204,113459
2019-05,39039010,甲基丙烯酸甲酯－丁二烯－苯乙烯（ＭＢＳ）共聚合物，初級狀態,日本,出口總值(含復出口),80,34600
2019-05,39039010,甲基丙烯酸甲酯－丁二烯－苯乙烯（ＭＢＳ）共聚合物，初級狀態,比利時,出口總值(含復出口),115,59025
2019-05,39039010,甲基丙烯酸甲酯－丁二烯－苯乙烯（ＭＢＳ）共聚合物，初級狀態,加拿大,出口總值(含復出口),23,12000
2019-05,39039010,甲基丙烯酸甲酯－丁二烯－苯乙烯（ＭＢＳ）共聚合物，初級狀態,立陶宛,出口總值(含復出口),24,11000
2019-05,39039010,甲基丙烯酸甲酯－丁二烯－苯乙烯（ＭＢＳ）共聚合物，初級狀態,法國,出口總值(含復出口),27,14000
2019-05,39039010,甲基丙烯酸甲酯－丁二烯－苯乙烯（ＭＢＳ）共聚合物，初級狀態,南韓,進口總值(含復進口),89,34600
2019-05,39039010,甲基丙烯酸甲酯－丁二烯－苯乙烯（ＭＢＳ）共聚合物，初級狀態,美國,進口總值(含復進口),2,0
2019-05,39039010,甲基丙烯酸甲酯－丁二烯－苯乙烯（ＭＢＳ）共聚合物，初級狀態,美國,出口總值(含復出口),25,13000
2019-05,39039010,甲基丙烯酸甲酯－丁二烯－苯乙烯（ＭＢＳ）共聚合物，初級狀態,英國,出口總值(含復出口),40,20500
2019-05,39039010,甲基丙烯酸甲酯－丁二烯－苯乙烯（ＭＢＳ）共聚合物，初級狀態,香港,出口總值(含復出口),77,28000
2019-05,39039010,甲基丙烯酸甲酯－丁二烯－苯乙烯（ＭＢＳ）共聚合物，初級狀態,泰國,出口總值(含復出口),66,23000
2019-05,39039010,甲基丙烯酸甲酯－丁二烯－苯乙烯（ＭＢＳ）共聚合物，初級狀態,紐西蘭,出口總值(含復出口),18,7000
2019-05,39039010,甲基丙烯酸甲酯－丁二烯－苯乙烯（ＭＢＳ）共聚合物，初級狀態,馬來西亞,進口總值(含復進口),38,9600
2019-05,39039010,甲基丙烯酸甲酯－丁二烯－苯乙烯（ＭＢＳ）共聚合物，初級狀態,馬來西亞,出口總值(含復出口),162,62000
2019-05,39039010,甲基丙烯酸甲酯－丁二烯－苯乙烯（ＭＢＳ）共聚合物，初級狀態,荷蘭,出口總值(含復出口),41,21000
2019-05,39039010,甲基丙烯酸甲酯－丁二烯－苯乙烯（ＭＢＳ）共聚合物，初級狀態,越南,出口總值(含復出口),84,33200
2019-05,39039010,甲基丙烯酸甲酯－丁二烯－苯乙烯（ＭＢＳ）共聚合物，初級狀態,新加坡,進口總值(含復進口),187,84000
2019-05,39039010,甲基丙烯酸甲酯－丁二烯－苯乙烯（ＭＢＳ）共聚合物，初級狀態,義大利,出口總值(含復出口),30,16000
2019-05,39039010,甲基丙烯酸甲酯－丁二烯－苯乙烯（ＭＢＳ）共聚合物，初級狀態,澳大利亞,出口總值(含復出口),25,10000
2019-05,39052100,醋酸乙烯共聚合物水性分散液,中國大陸,進口總值(含復進口),160,74020
2019-05,39052100,醋酸乙烯共聚合物水性分散液,中國大陸,出口總值(含復出口),3315,3751549
2019-05,39052100,醋酸乙烯共聚合物水性分散液,中華民國,進口總值(含復進口),72,68400
2019-05,39052100,醋酸乙烯共聚合物水性分散液,巴西,出口總值(含復出口),23,20000
2019-05,39052100,醋酸乙烯共聚合物水性分散液,巴基斯坦,出口總值(含復出口),549,640000
2019-05,39052100,醋酸乙烯共聚合物水性分散液,日本,進口總值(含復進口),5,570
2019-05,39052100,醋酸乙烯共聚合物水性分散液,瓜地馬拉,出口總值(含復出口),14,17600
2019-05,39052100,醋酸乙烯共聚合物水性分散液,印度,出口總值(含復出口),21,17600
2019-05,39052100,醋酸乙烯共聚合物水性分散液,波多黎各,出口總值(含復出口),22,19940
2019-05,39052100,醋酸乙烯共聚合物水性分散液,阿拉伯聯合大公國,出口總值(含復出口),19,19860
2019-05,39052100,醋酸乙烯共聚合物水性分散液,阿根廷,出口總值(含復出口),31,35200
2019-05,39052100,醋酸乙烯共聚合物水性分散液,俄羅斯,出口總值(含復出口),48,40000
2019-05,39052100,醋酸乙烯共聚合物水性分散液,南韓,進口總值(含復進口),16,15600
2019-05,39052100,醋酸乙烯共聚合物水性分散液,南韓,出口總值(含復出口),8,8800
2019-05,39052100,醋酸乙烯共聚合物水性分散液,美國,進口總值(含復進口),23,17809
2019-05,39052100,醋酸乙烯共聚合物水性分散液,美國,出口總值(含復出口),51,60010
2019-05,39052100,醋酸乙烯共聚合物水性分散液,埃及,出口總值(含復出口),37,35200
2019-05,39052100,醋酸乙烯共聚合物水性分散液,泰國,出口總值(含復出口),12,17920
2019-05,39052100,醋酸乙烯共聚合物水性分散液,紐西蘭,出口總值(含復出口),50,54800
2019-05,39052100,醋酸乙烯共聚合物水性分散液,馬來西亞,進口總值(含復進口),30,19800
2019-05,39052100,醋酸乙烯共聚合物水性分散液,馬來西亞,出口總值(含復出口),31,14400
2019-05,39052100,醋酸乙烯共聚合物水性分散液,越南,出口總值(含復出口),138,140420
2019-05,39052100,醋酸乙烯共聚合物水性分散液,澳大利亞,出口總值(含復出口),26,20000
2019-06,29161410,甲基丙烯酸甲酯,中國大陸,進口總值(含復進口),70,40000
2019-06,29161410,甲基丙烯酸甲酯,中國大陸,出口總值(含復出口),750,460800
2019-06,29161410,甲基丙烯酸甲酯,巴基斯坦,出口總值(含復出口),196,106400
2019-06,29161410,甲基丙烯酸甲酯,日本,進口總值(含復進口),4216,2395707
2019-06,29161410,甲基丙烯酸甲酯,印尼,出口總值(含復出口),167,98730
2019-06,29161410,甲基丙烯酸甲酯,印度,出口總值(含復出口),269,152000
2019-06,29161410,甲基丙烯酸甲酯,沙烏地阿拉伯,進口總值(含復進口),1745,999837
2019-06,29161410,甲基丙烯酸甲酯,南韓,進口總值(含復進口),14,75
2019-06,29161410,甲基丙烯酸甲酯,英國,進口總值(含復進口),0,4
2019-06,29161410,甲基丙烯酸甲酯,泰國,進口總值(含復進口),1864,1025375
2019-06,29161410,甲基丙烯酸甲酯,泰國,出口總值(含復出口),153,84940
2019-06,29161410,甲基丙烯酸甲酯,秘魯,出口總值(含復出口),118,60800
2019-06,29161410,甲基丙烯酸甲酯,馬來西亞,出口總值(含復出口),78,40608
2019-06,29161410,甲基丙烯酸甲酯,菲律賓,出口總值(含復出口),596,343760
2019-06,29161410,甲基丙烯酸甲酯,越南,出口總值(含復出口),3525,1971630
2019-06,29173300,鄰苯二甲酸二壬酯或二癸酯,中國大陸,出口總值(含復出口),570,600000
2019-06,29173300,鄰苯二甲酸二壬酯或二癸酯,巴西,出口總值(含復出口),397,333000
2019-06,29173300,鄰苯二甲酸二壬酯或二癸酯,日本,出口總值(含復出口),367,291000
2019-06,29173300,鄰苯二甲酸二壬酯或二癸酯,印尼,出口總值(含復出口),15,12000
2019-06,29173300,鄰苯二甲酸二壬酯或二癸酯,阿拉伯聯合大公國,出口總值(含復出口),46,40000
2019-06,29173300,鄰苯二甲酸二壬酯或二癸酯,美國,進口總值(含復進口),0,0
2019-06,29173300,鄰苯二甲酸二壬酯或二癸酯,美國,出口總值(含復出口),121,98000
2019-06,29173300,鄰苯二甲酸二壬酯或二癸酯,英國,出口總值(含復出口),213,183000
2019-06,29173300,鄰苯二甲酸二壬酯或二癸酯,烏克蘭,出口總值(含復出口),241,210000
2019-06,29173300,鄰苯二甲酸二壬酯或二癸酯,馬來西亞,出口總值(含復出口),40,29000
2019-06,29173300,鄰苯二甲酸二壬酯或二癸酯,斯里蘭卡,出口總值(含復出口),21,20000
2019-06,29173300,鄰苯二甲酸二壬酯或二癸酯,菲律賓,出口總值(含復出口),1005,828000
2019-06,29173300,鄰苯二甲酸二壬酯或二癸酯,越南,出口總值(含復出口),264,220000
2019-06,29173300,鄰苯二甲酸二壬酯或二癸酯,德國,進口總值(含復進口),0,0
2019-06,29173300,鄰苯二甲酸二壬酯或二癸酯,德國,出口總值(含復出口),24,21000
2019-06,29173300,鄰苯二甲酸二壬酯或二癸酯,墨西哥,出口總值(含復出口),357,291000
2019-06,29321100,四氫?喃,中國大陸,出口總值(含復出口),78,43200
2019-06,29321100,四氫?喃,巴西,出口總值(含復出口),3,2160
2019-06,29321100,四氫?喃,日本,出口總值(含復出口),342,171360
2019-06,29321100,四氫?喃,比利時,出口總值(含復出口),173,93760
2019-06,29321100,四氫?喃,加拿大,出口總值(含復出口),29,14400
2019-06,29321100,四氫?喃,印度,出口總值(含復出口),1753,997030
2019-06,29321100,四氫?喃,西班牙,進口總值(含復進口),0,2
2019-06,29321100,四氫?喃,阿拉伯聯合大公國,出口總值(含復出口),203,115200
2019-06,29321100,四氫?喃,南韓,進口總值(含復進口),0,28
2019-06,29321100,四氫?喃,南韓,出口總值(含復出口),35,19400
2019-06,29321100,四氫?喃,美國,進口總值(含復進口),8,563
2019-06,29321100,四氫?喃,美國,出口總值(含復出口),148,80500
2019-06,29321100,四氫?喃,英國,進口總值(含復進口),0,0
2019-06,29321100,四氫?喃,哥倫比亞,出口總值(含復出口),47,28800
2019-06,29321100,四氫?喃,泰國,出口總值(含復出口),7,3600
2019-06,29321100,四氫?喃,德國,進口總值(含復進口),10,1047
2019-06,39032000,苯乙烯－丙烯?共聚合物，初級狀態,中國大陸,進口總值(含復進口),158,73325
2019-06,39032000,苯乙烯－丙烯?共聚合物，初級狀態,中國大陸,出口總值(含復出口),16214,10565330
2019-06,39032000,苯乙烯－丙烯?共聚合物，初級狀態,厄瓜多,出口總值(含復出口),11,6000
2019-06,39032000,苯乙烯－丙烯?共聚合物，初級狀態,巴西,出口總值(含復出口),253,145000
2019-06,39032000,苯乙烯－丙烯?共聚合物，初級狀態,巴基斯坦,出口總值(含復出口),130,85250
2019-06,39032000,苯乙烯－丙烯?共聚合物，初級狀態,日本,進口總值(含復進口),51,6290
2019-06,39032000,苯乙烯－丙烯?共聚合物，初級狀態,日本,出口總值(含復出口),97,59000
2019-06,39032000,苯乙烯－丙烯?共聚合物，初級狀態,比利時,出口總值(含復出口),9,5000
2019-06,39032000,苯乙烯－丙烯?共聚合物，初級狀態,加拿大,出口總值(含復出口),35,24000
2019-06,39032000,苯乙烯－丙烯?共聚合物，初級狀態,印尼,出口總值(含復出口),481,292875
2019-06,39032000,苯乙烯－丙烯?共聚合物，初級狀態,印度,出口總值(含復出口),2,1000
2019-06,39032000,苯乙烯－丙烯?共聚合物，初級狀態,西班牙,出口總值(含復出口),3,2000
2019-06,39032000,苯乙烯－丙烯?共聚合物，初級狀態,孟加拉,出口總值(含復出口),189,111500
2019-06,39032000,苯乙烯－丙烯?共聚合物，初級狀態,波蘭,出口總值(含復出口),11,6000
2019-06,39032000,苯乙烯－丙烯?共聚合物，初級狀態,阿根廷,出口總值(含復出口),78,44000
2019-06,39032000,苯乙烯－丙烯?共聚合物，初級狀態,俄羅斯,出口總值(含復出口),46,29000
2019-06,39032000,苯乙烯－丙烯?共聚合物，初級狀態,南非,出口總值(含復出口),8,5000
2019-06,39032000,苯乙烯－丙烯?共聚合物，初級狀態,南韓,進口總值(含復進口),7,9700
2019-06,39032000,苯乙烯－丙烯?共聚合物，初級狀態,美國,出口總值(含復出口),110,68000
2019-06,39032000,苯乙烯－丙烯?共聚合物，初級狀態,香港,出口總值(含復出口),1195,733450
2019-06,39032000,苯乙烯－丙烯?共聚合物，初級狀態,哥倫比亞,出口總值(含復出口),14,9000
2019-06,39032000,苯乙烯－丙烯?共聚合物，初級狀態,埃及,出口總值(含復出口),39,23000
2019-06,39032000,苯乙烯－丙烯?共聚合物，初級狀態,泰國,出口總值(含復出口),538,320000
2019-06,39032000,苯乙烯－丙烯?共聚合物，初級狀態,馬來西亞,出口總值(含復出口),93,55000
2019-06,39032000,苯乙烯－丙烯?共聚合物，初級狀態,荷蘭,出口總值(含復出口),65,38068
2019-06,39032000,苯乙烯－丙烯?共聚合物，初級狀態,斯里蘭卡,出口總值(含復出口),76,54000
2019-06,39032000,苯乙烯－丙烯?共聚合物，初級狀態,菲律賓,出口總值(含復出口),63,40000
2019-06,39032000,苯乙烯－丙烯?共聚合物，初級狀態,越南,出口總值(含復出口),52,31000
2019-06,39032000,苯乙烯－丙烯?共聚合物，初級狀態,新加坡,出口總值(含復出口),3,2000
2019-06,39032000,苯乙烯－丙烯?共聚合物，初級狀態,墨西哥,出口總值(含復出口),290,173000
2019-06,39032000,苯乙烯－丙烯?共聚合物，初級狀態,澳大利亞,出口總值(含復出口),5,3000
2019-06,39039010,甲基丙烯酸甲酯－丁二烯－苯乙烯（ＭＢＳ）共聚合物，初級狀態,中國大陸,出口總值(含復出口),866,391520
2019-06,39039010,甲基丙烯酸甲酯－丁二烯－苯乙烯（ＭＢＳ）共聚合物，初級狀態,厄瓜多,出口總值(含復出口),2,1000
2019-06,39039010,甲基丙烯酸甲酯－丁二烯－苯乙烯（ＭＢＳ）共聚合物，初級狀態,日本,進口總值(含復進口),244,89315
2019-06,39039010,甲基丙烯酸甲酯－丁二烯－苯乙烯（ＭＢＳ）共聚合物，初級狀態,日本,出口總值(含復出口),20,8000
2019-06,39039010,甲基丙烯酸甲酯－丁二烯－苯乙烯（ＭＢＳ）共聚合物，初級狀態,比利時,出口總值(含復出口),162,82000
2019-06,39039010,甲基丙烯酸甲酯－丁二烯－苯乙烯（ＭＢＳ）共聚合物，初級狀態,以色列,出口總值(含復出口),6,2600
2019-06,39039010,甲基丙烯酸甲酯－丁二烯－苯乙烯（ＭＢＳ）共聚合物，初級狀態,美國,出口總值(含復出口),2,1000
2019-06,39039010,甲基丙烯酸甲酯－丁二烯－苯乙烯（ＭＢＳ）共聚合物，初級狀態,香港,出口總值(含復出口),44,16000
2019-06,39039010,甲基丙烯酸甲酯－丁二烯－苯乙烯（ＭＢＳ）共聚合物，初級狀態,泰國,出口總值(含復出口),18,8000
2019-06,39039010,甲基丙烯酸甲酯－丁二烯－苯乙烯（ＭＢＳ）共聚合物，初級狀態,紐西蘭,出口總值(含復出口),4,1500
2019-06,39039010,甲基丙烯酸甲酯－丁二烯－苯乙烯（ＭＢＳ）共聚合物，初級狀態,馬來西亞,進口總值(含復進口),91,28800
2019-06,39039010,甲基丙烯酸甲酯－丁二烯－苯乙烯（ＭＢＳ）共聚合物，初級狀態,馬來西亞,出口總值(含復出口),64,28600
2019-06,39039010,甲基丙烯酸甲酯－丁二烯－苯乙烯（ＭＢＳ）共聚合物，初級狀態,菲律賓,出口總值(含復出口),58,25000
2019-06,39039010,甲基丙烯酸甲酯－丁二烯－苯乙烯（ＭＢＳ）共聚合物，初級狀態,越南,出口總值(含復出口),60,20040
2019-06,39039010,甲基丙烯酸甲酯－丁二烯－苯乙烯（ＭＢＳ）共聚合物，初級狀態,新加坡,進口總值(含復進口),186,84000
2019-06,39039010,甲基丙烯酸甲酯－丁二烯－苯乙烯（ＭＢＳ）共聚合物，初級狀態,義大利,出口總值(含復出口),116,59000
2019-06,39039010,甲基丙烯酸甲酯－丁二烯－苯乙烯（ＭＢＳ）共聚合物，初級狀態,緬甸,出口總值(含復出口),26,11000
2019-06,39039010,甲基丙烯酸甲酯－丁二烯－苯乙烯（ＭＢＳ）共聚合物，初級狀態,澳大利亞,出口總值(含復出口),4,2000
2019-06,39052100,醋酸乙烯共聚合物水性分散液,中國大陸,進口總值(含復進口),93,52960
2019-06,39052100,醋酸乙烯共聚合物水性分散液,中國大陸,出口總值(含復出口),4087,4533230
2019-06,39052100,醋酸乙烯共聚合物水性分散液,巴西,出口總值(含復出口),37,40590
2019-06,39052100,醋酸乙烯共聚合物水性分散液,巴基斯坦,出口總值(含復出口),186,220000
2019-06,39052100,醋酸乙烯共聚合物水性分散液,日本,進口總值(含復進口),5,570
2019-06,39052100,醋酸乙烯共聚合物水性分散液,日本,出口總值(含復出口),20,19350
2019-06,39052100,醋酸乙烯共聚合物水性分散液,孟加拉,出口總值(含復出口),15,17600
2019-06,39052100,醋酸乙烯共聚合物水性分散液,波多黎各,出口總值(含復出口),23,19980
2019-06,39052100,醋酸乙烯共聚合物水性分散液,阿拉伯聯合大公國,出口總值(含復出口),19,17600
2019-06,39052100,醋酸乙烯共聚合物水性分散液,阿根廷,出口總值(含復出口),15,17600
2019-06,39052100,醋酸乙烯共聚合物水性分散液,阿爾及利亞,出口總值(含復出口),41,40000
2019-06,39052100,醋酸乙烯共聚合物水性分散液,俄羅斯,出口總值(含復出口),24,20000
2019-06,39052100,醋酸乙烯共聚合物水性分散液,南韓,出口總值(含復出口),11,8800
2019-06,39052100,醋酸乙烯共聚合物水性分散液,美國,進口總值(含復進口),3,417
2019-06,39052100,醋酸乙烯共聚合物水性分散液,美國,出口總值(含復出口),34,40800
2019-06,39052100,醋酸乙烯共聚合物水性分散液,香港,出口總值(含復出口),19,20000
2019-06,39052100,醋酸乙烯共聚合物水性分散液,埃及,出口總值(含復出口),17,17600
2019-06,39052100,醋酸乙烯共聚合物水性分散液,泰國,出口總值(含復出口),6,3600
2019-06,39052100,醋酸乙烯共聚合物水性分散液,秘魯,出口總值(含復出口),16,19800
2019-06,39052100,醋酸乙烯共聚合物水性分散液,馬來西亞,進口總值(含復進口),25,18800
2019-06,39052100,醋酸乙烯共聚合物水性分散液,越南,出口總值(含復出口),97,93400
2019-06,39052100,醋酸乙烯共聚合物水性分散液,墨西哥,出口總值(含復出口),15,20470
2019-06,39052100,醋酸乙烯共聚合物水性分散液,澳大利亞,出口總值(含復出口),88,79800
2019-07,29161410,甲基丙烯酸甲酯,土耳其,出口總值(含復出口),34,19660
2019-07,29161410,甲基丙烯酸甲酯,中國大陸,進口總值(含復進口),233,147927
2019-07,29161410,甲基丙烯酸甲酯,中國大陸,出口總值(含復出口),7374,4634270
2019-07,29161410,甲基丙烯酸甲酯,巴基斯坦,出口總值(含復出口),56,30400
2019-07,29161410,甲基丙烯酸甲酯,日本,進口總值(含復進口),824,502850
2019-07,29161410,甲基丙烯酸甲酯,印尼,出口總值(含復出口),979,644060
2019-07,29161410,甲基丙烯酸甲酯,印度,出口總值(含復出口),184,106400
2019-07,29161410,甲基丙烯酸甲酯,希臘,出口總值(含復出口),31,20700
2019-07,29161410,甲基丙烯酸甲酯,沙烏地阿拉伯,進口總值(含復進口),177,110000
2019-07,29161410,甲基丙烯酸甲酯,孟加拉,出口總值(含復出口),98,59320
2019-07,29161410,甲基丙烯酸甲酯,美國,進口總值(含復進口),0,4
2019-07,29161410,甲基丙烯酸甲酯,美國,出口總值(含復出口),29,15200
2019-07,29161410,甲基丙烯酸甲酯,英國,進口總值(含復進口),4,270
2019-07,29161410,甲基丙烯酸甲酯,香港,出口總值(含復出口),15,168
2019-07,29161410,甲基丙烯酸甲酯,泰國,出口總值(含復出口),409,267070
2019-07,29161410,甲基丙烯酸甲酯,秘魯,出口總值(含復出口),125,76000
2019-07,29161410,甲基丙烯酸甲酯,馬來西亞,出口總值(含復出口),36,20750
2019-07,29161410,甲基丙烯酸甲酯,荷蘭,出口總值(含復出口),31,20700
2019-07,29161410,甲基丙烯酸甲酯,智利,出口總值(含復出口),61,31200
2019-07,29161410,甲基丙烯酸甲酯,菲律賓,出口總值(含復出口),748,458490
2019-07,29161410,甲基丙烯酸甲酯,越南,出口總值(含復出口),585,365390
2019-07,29161410,甲基丙烯酸甲酯,德國,進口總值(含復進口),23,14
2019-07,29161410,甲基丙烯酸甲酯,澳大利亞,出口總值(含復出口),102,55170
2019-07,29173300,鄰苯二甲酸二壬酯或二癸酯,中國大陸,出口總值(含復出口),617,619000
2019-07,29173300,鄰苯二甲酸二壬酯或二癸酯,厄瓜多,出口總值(含復出口),25,16000
2019-07,29173300,鄰苯二甲酸二壬酯或二癸酯,巴西,出口總值(含復出口),379,351000
2019-07,29173300,鄰苯二甲酸二壬酯或二癸酯,日本,出口總值(含復出口),404,337000
2019-07,29173300,鄰苯二甲酸二壬酯或二癸酯,以色列,出口總值(含復出口),50,42000
2019-07,29173300,鄰苯二甲酸二壬酯或二癸酯,印尼,出口總值(含復出口),15,12000
2019-07,29173300,鄰苯二甲酸二壬酯或二癸酯,阿拉伯聯合大公國,出口總值(含復出口),99,95000
2019-07,29173300,鄰苯二甲酸二壬酯或二癸酯,阿曼,出口總值(含復出口),138,120000
2019-07,29173300,鄰苯二甲酸二壬酯或二癸酯,美國,進口總值(含復進口),0,0
2019-07,29173300,鄰苯二甲酸二壬酯或二癸酯,美國,出口總值(含復出口),93,82000
2019-07,29173300,鄰苯二甲酸二壬酯或二癸酯,埃及,出口總值(含復出口),24,20000
2019-07,29173300,鄰苯二甲酸二壬酯或二癸酯,烏克蘭,出口總值(含復出口),194,168000
2019-07,29173300,鄰苯二甲酸二壬酯或二癸酯,荷蘭,進口總值(含復進口),0,0
2019-07,29173300,鄰苯二甲酸二壬酯或二癸酯,斯里蘭卡,出口總值(含復出口),21,20000
2019-07,29173300,鄰苯二甲酸二壬酯或二癸酯,菲律賓,出口總值(含復出口),406,342000
2019-07,29173300,鄰苯二甲酸二壬酯或二癸酯,象牙海岸,出口總值(含復出口),1094,1007000
2019-07,29173300,鄰苯二甲酸二壬酯或二癸酯,越南,出口總值(含復出口),202,184000
2019-07,29173300,鄰苯二甲酸二壬酯或二癸酯,新加坡,出口總值(含復出口),33,20000
2019-07,29173300,鄰苯二甲酸二壬酯或二癸酯,葡萄牙,出口總值(含復出口),74,63000
2019-07,29173300,鄰苯二甲酸二壬酯或二癸酯,德國,出口總值(含復出口),24,21000
2019-07,29173300,鄰苯二甲酸二壬酯或二癸酯,黎巴嫩,出口總值(含復出口),49,46000
2019-07,29173300,鄰苯二甲酸二壬酯或二癸酯,墨西哥,出口總值(含復出口),74,62000
2019-07,29321100,四氫?喃,中國大陸,出口總值(含復出口),181,100800
2019-07,29321100,四氫?喃,日本,出口總值(含復出口),641,310580
2019-07,29321100,四氫?喃,比利時,出口總值(含復出口),284,159010
2019-07,29321100,四氫?喃,以色列,出口總值(含復出口),27,14400
2019-07,29321100,四氫?喃,印度,出口總值(含復出口),1991,1142770
2019-07,29321100,四氫?喃,西班牙,進口總值(含復進口),0,4
2019-07,29321100,四氫?喃,肯亞,出口總值(含復出口),26,14400
2019-07,29321100,四氫?喃,阿拉伯聯合大公國,出口總值(含復出口),53,28800
2019-07,29321100,四氫?喃,南韓,進口總值(含復進口),10,1774
2019-07,29321100,四氫?喃,美國,進口總值(含復進口),27,2458
2019-07,29321100,四氫?喃,美國,出口總值(含復出口),166,91360
2019-07,29321100,四氫?喃,英國,進口總值(含復進口),0,3
2019-07,29321100,四氫?喃,哥倫比亞,出口總值(含復出口),140,86400
2019-07,29321100,四氫?喃,馬來西亞,出口總值(含復出口),51,28800
2019-07,29321100,四氫?喃,荷蘭,出口總值(含復出口),29,14400
2019-07,29321100,四氫?喃,菲律賓,出口總值(含復出口),27,14400
2019-07,29321100,四氫?喃,越南,出口總值(含復出口),56,27720
2019-07,29321100,四氫?喃,德國,進口總值(含復進口),35,2804
2019-07,39032000,苯乙烯－丙烯?共聚合物，初級狀態,中國大陸,進口總值(含復進口),97,41600
2019-07,39032000,苯乙烯－丙烯?共聚合物，初級狀態,中國大陸,出口總值(含復出口),11018,7190992
2019-07,39032000,苯乙烯－丙烯?共聚合物，初級狀態,厄瓜多,出口總值(含復出口),7,4000
2019-07,39032000,苯乙烯－丙烯?共聚合物，初級狀態,巴西,出口總值(含復出口),177,102000
2019-07,39032000,苯乙烯－丙烯?共聚合物，初級狀態,巴基斯坦,出口總值(含復出口),64,40000
2019-07,39032000,苯乙烯－丙烯?共聚合物，初級狀態,日本,進口總值(含復進口),189,74385
2019-07,39032000,苯乙烯－丙烯?共聚合物，初級狀態,日本,出口總值(含復出口),39,23375
2019-07,39032000,苯乙烯－丙烯?共聚合物，初級狀態,比利時,出口總值(含復出口),14,8000
2019-07,39032000,苯乙烯－丙烯?共聚合物，初級狀態,加拿大,出口總值(含復出口),72,48000
2019-07,39032000,苯乙烯－丙烯?共聚合物，初級狀態,立陶宛,出口總值(含復出口),2,1000
2019-07,39032000,苯乙烯－丙烯?共聚合物，初級狀態,印尼,出口總值(含復出口),956,626125
2019-07,39032000,苯乙烯－丙烯?共聚合物，初級狀態,委內瑞拉,出口總值(含復出口),7,5000
2019-07,39032000,苯乙烯－丙烯?共聚合物，初級狀態,孟加拉,出口總值(含復出口),167,101080
2019-07,39032000,苯乙烯－丙烯?共聚合物，初級狀態,波蘭,出口總值(含復出口),3,2000
2019-07,39032000,苯乙烯－丙烯?共聚合物，初級狀態,阿拉伯聯合大公國,出口總值(含復出口),56,32000
2019-07,39032000,苯乙烯－丙烯?共聚合物，初級狀態,阿根廷,出口總值(含復出口),21,13000
2019-07,39032000,苯乙烯－丙烯?共聚合物，初級狀態,阿曼,出口總值(含復出口),79,48000
2019-07,39032000,苯乙烯－丙烯?共聚合物，初級狀態,俄羅斯,出口總值(含復出口),45,29400
2019-07,39032000,苯乙烯－丙烯?共聚合物，初級狀態,南非,出口總值(含復出口),5,3000
2019-07,39032000,苯乙烯－丙烯?共聚合物，初級狀態,南韓,進口總值(含復進口),77,65700
2019-07,39032000,苯乙烯－丙烯?共聚合物，初級狀態,突尼西亞,出口總值(含復出口),13,8000
2019-07,39032000,苯乙烯－丙烯?共聚合物，初級狀態,美國,出口總值(含復出口),144,90000
2019-07,39032000,苯乙烯－丙烯?共聚合物，初級狀態,英國,出口總值(含復出口),3,2000
2019-07,39032000,苯乙烯－丙烯?共聚合物，初級狀態,香港,出口總值(含復出口),1128,680775
2019-07,39032000,苯乙烯－丙烯?共聚合物，初級狀態,哥倫比亞,出口總值(含復出口),6,4000
2019-07,39032000,苯乙烯－丙烯?共聚合物，初級狀態,埃及,出口總值(含復出口),68,44000
2019-07,39032000,苯乙烯－丙烯?共聚合物，初級狀態,泰國,進口總值(含復進口),10,5134
2019-07,39032000,苯乙烯－丙烯?共聚合物，初級狀態,泰國,出口總值(含復出口),607,387000
2019-07,39032000,苯乙烯－丙烯?共聚合物，初級狀態,紐西蘭,出口總值(含復出口),2,1500
2019-07,39032000,苯乙烯－丙烯?共聚合物，初級狀態,馬來西亞,出口總值(含復出口),228,147000
2019-07,39032000,苯乙烯－丙烯?共聚合物，初級狀態,荷蘭,出口總值(含復出口),199,126000
2019-07,39032000,苯乙烯－丙烯?共聚合物，初級狀態,斯里蘭卡,出口總值(含復出口),11,5000
2019-07,39032000,苯乙烯－丙烯?共聚合物，初級狀態,斯洛維尼亞,出口總值(含復出口),109,72000
2019-07,39032000,苯乙烯－丙烯?共聚合物，初級狀態,菲律賓,出口總值(含復出口),32,19250
2019-07,39032000,苯乙烯－丙烯?共聚合物，初級狀態,越南,出口總值(含復出口),131,78000
2019-07,39032000,苯乙烯－丙烯?共聚合物，初級狀態,新加坡,出口總值(含復出口),2,1000
2019-07,39032000,苯乙烯－丙烯?共聚合物，初級狀態,墨西哥,出口總值(含復出口),249,155000
2019-07,39039010,甲基丙烯酸甲酯－丁二烯－苯乙烯（ＭＢＳ）共聚合物，初級狀態,中國大陸,出口總值(含復出口),619,282770
2019-07,39039010,甲基丙烯酸甲酯－丁二烯－苯乙烯（ＭＢＳ）共聚合物，初級狀態,中華民國,進口總值(含復進口),11,3325
2019-07,39039010,甲基丙烯酸甲酯－丁二烯－苯乙烯（ＭＢＳ）共聚合物，初級狀態,日本,進口總值(含復進口),258,90405
2019-07,39039010,甲基丙烯酸甲酯－丁二烯－苯乙烯（ＭＢＳ）共聚合物，初級狀態,日本,出口總值(含復出口),29,12500
2019-07,39039010,甲基丙烯酸甲酯－丁二烯－苯乙烯（ＭＢＳ）共聚合物，初級狀態,加拿大,出口總值(含復出口),6,3000
2019-07,39039010,甲基丙烯酸甲酯－丁二烯－苯乙烯（ＭＢＳ）共聚合物，初級狀態,立陶宛,出口總值(含復出口),24,11000
2019-07,39039010,甲基丙烯酸甲酯－丁二烯－苯乙烯（ＭＢＳ）共聚合物，初級狀態,印尼,出口總值(含復出口),0,100
2019-07,39039010,甲基丙烯酸甲酯－丁二烯－苯乙烯（ＭＢＳ）共聚合物，初級狀態,法國,出口總值(含復出口),39,20000
2019-07,39039010,甲基丙烯酸甲酯－丁二烯－苯乙烯（ＭＢＳ）共聚合物，初級狀態,南韓,進口總值(含復進口),247,101600
2019-07,39039010,甲基丙烯酸甲酯－丁二烯－苯乙烯（ＭＢＳ）共聚合物，初級狀態,美國,出口總值(含復出口),36,18000
2019-07,39039010,甲基丙烯酸甲酯－丁二烯－苯乙烯（ＭＢＳ）共聚合物，初級狀態,英國,出口總值(含復出口),47,24125
2019-07,39039010,甲基丙烯酸甲酯－丁二烯－苯乙烯（ＭＢＳ）共聚合物，初級狀態,香港,出口總值(含復出口),31,11000
2019-07,39039010,甲基丙烯酸甲酯－丁二烯－苯乙烯（ＭＢＳ）共聚合物，初級狀態,紐西蘭,出口總值(含復出口),38,19000
2019-07,39039010,甲基丙烯酸甲酯－丁二烯－苯乙烯（ＭＢＳ）共聚合物，初級狀態,馬來西亞,進口總值(含復進口),26,9600
2019-07,39039010,甲基丙烯酸甲酯－丁二烯－苯乙烯（ＭＢＳ）共聚合物，初級狀態,馬來西亞,出口總值(含復出口),143,50450
2019-07,39039010,甲基丙烯酸甲酯－丁二烯－苯乙烯（ＭＢＳ）共聚合物，初級狀態,越南,出口總值(含復出口),198,81925
2019-07,39039010,甲基丙烯酸甲酯－丁二烯－苯乙烯（ＭＢＳ）共聚合物，初級狀態,新加坡,進口總值(含復進口),62,28000
2019-07,39039010,甲基丙烯酸甲酯－丁二烯－苯乙烯（ＭＢＳ）共聚合物，初級狀態,瑞典,出口總值(含復出口),36,18000
2019-07,39039010,甲基丙烯酸甲酯－丁二烯－苯乙烯（ＭＢＳ）共聚合物，初級狀態,澳大利亞,出口總值(含復出口),8,4000
2019-07,39052100,醋酸乙烯共聚合物水性分散液,中國大陸,進口總值(含復進口),117,50560
2019-07,39052100,醋酸乙烯共聚合物水性分散液,中國大陸,出口總值(含復出口),2635,2980270
2019-07,39052100,醋酸乙烯共聚合物水性分散液,中華民國,進口總值(含復進口),29,29613
2019-07,39052100,醋酸乙烯共聚合物水性分散液,巴西,出口總值(含復出口),37,40950
2019-07,39052100,醋酸乙烯共聚合物水性分散液,巴基斯坦,出口總值(含復出口),119,140000
2019-07,39052100,醋酸乙烯共聚合物水性分散液,日本,進口總值(含復進口),22,12020
2019-07,39052100,醋酸乙烯共聚合物水性分散液,孟加拉,出口總值(含復出口),15,17600
2019-07,39052100,醋酸乙烯共聚合物水性分散液,波多黎各,出口總值(含復出口),23,20000
2019-07,39052100,醋酸乙烯共聚合物水性分散液,肯亞,出口總值(含復出口),44,39600
2019-07,39052100,醋酸乙烯共聚合物水性分散液,阿拉伯聯合大公國,出口總值(含復出口),19,19900
2019-07,39052100,醋酸乙烯共聚合物水性分散液,俄羅斯,出口總值(含復出口),48,40000
2019-07,39052100,醋酸乙烯共聚合物水性分散液,南韓,出口總值(含復出口),13,13200
2019-07,39052100,醋酸乙烯共聚合物水性分散液,美國,出口總值(含復出口),3,3300
2019-07,39052100,醋酸乙烯共聚合物水性分散液,埃及,出口總值(含復出口),58,52800
2019-07,39052100,醋酸乙烯共聚合物水性分散液,紐西蘭,出口總值(含復出口),38,43570
2019-07,39052100,醋酸乙烯共聚合物水性分散液,馬來西亞,進口總值(含復進口),19,12800
2019-07,39052100,醋酸乙烯共聚合物水性分散液,越南,出口總值(含復出口),155,146400
2019-07,39052100,醋酸乙烯共聚合物水性分散液,墨西哥,出口總值(含復出口),20,17600
2019-07,39052100,醋酸乙烯共聚合物水性分散液,澳大利亞,出口總值(含復出口),40,39000
2019-08,29161410,甲基丙烯酸甲酯,中國大陸,進口總值(含復進口),112,68000
2019-08,29161410,甲基丙烯酸甲酯,中國大陸,出口總值(含復出口),3831,2761050
2019-08,29161410,甲基丙烯酸甲酯,中華民國,進口總值(含復進口),23,15200
2019-08,29161410,甲基丙烯酸甲酯,日本,進口總值(含復進口),4278,2758643
2019-08,29161410,甲基丙烯酸甲酯,印尼,出口總值(含復出口),739,507870
2019-08,29161410,甲基丙烯酸甲酯,印度,出口總值(含復出口),1665,1101953
2019-08,29161410,甲基丙烯酸甲酯,南韓,進口總值(含復進口),134,80000
2019-08,29161410,甲基丙烯酸甲酯,英國,進口總值(含復進口),0,1
2019-08,29161410,甲基丙烯酸甲酯,泰國,進口總值(含復進口),2314,1525939
2019-08,29161410,甲基丙烯酸甲酯,泰國,出口總值(含復出口),591,395770
2019-08,29161410,甲基丙烯酸甲酯,秘魯,出口總值(含復出口),240,152000
2019-08,29161410,甲基丙烯酸甲酯,馬來西亞,進口總值(含復進口),41,19000
2019-08,29161410,甲基丙烯酸甲酯,荷蘭,進口總值(含復進口),2,11
2019-08,29161410,甲基丙烯酸甲酯,智利,出口總值(含復出口),29,15600
2019-08,29161410,甲基丙烯酸甲酯,菲律賓,出口總值(含復出口),591,377780
2019-08,29161410,甲基丙烯酸甲酯,越南,出口總值(含復出口),3254,2028970
2019-08,29161410,甲基丙烯酸甲酯,德國,進口總值(含復進口),0,1
2019-08,29173300,鄰苯二甲酸二壬酯或二癸酯,中國大陸,出口總值(含復出口),607,604000
2019-08,29173300,鄰苯二甲酸二壬酯或二癸酯,巴西,出口總值(含復出口),176,167000
2019-08,29173300,鄰苯二甲酸二壬酯或二癸酯,日本,出口總值(含復出口),546,497000
2019-08,29173300,鄰苯二甲酸二壬酯或二癸酯,印尼,出口總值(含復出口),14,13000
2019-08,29173300,鄰苯二甲酸二壬酯或二癸酯,阿拉伯聯合大公國,出口總值(含復出口),97,96000
2019-08,29173300,鄰苯二甲酸二壬酯或二癸酯,阿曼,出口總值(含復出口),67,62000
2019-08,29173300,鄰苯二甲酸二壬酯或二癸酯,美國,進口總值(含復進口),0,0
2019-08,29173300,鄰苯二甲酸二壬酯或二癸酯,美國,出口總值(含復出口),50,42000
2019-08,29173300,鄰苯二甲酸二壬酯或二癸酯,埃及,出口總值(含復出口),45,42000
2019-08,29173300,鄰苯二甲酸二壬酯或二癸酯,烏克蘭,出口總值(含復出口),43,42000
2019-08,29173300,鄰苯二甲酸二壬酯或二癸酯,馬來西亞,出口總值(含復出口),22,20000
2019-08,29173300,鄰苯二甲酸二壬酯或二癸酯,菲律賓,出口總值(含復出口),277,236000
2019-08,29173300,鄰苯二甲酸二壬酯或二癸酯,象牙海岸,出口總值(含復出口),1093,1008000
2019-08,29173300,鄰苯二甲酸二壬酯或二癸酯,越南,出口總值(含復出口),107,95000
2019-08,29173300,鄰苯二甲酸二壬酯或二癸酯,德國,出口總值(含復出口),24,21000
2019-08,29173300,鄰苯二甲酸二壬酯或二癸酯,摩洛哥,出口總值(含復出口),225,208000
2019-08,29173300,鄰苯二甲酸二壬酯或二癸酯,墨西哥,出口總值(含復出口),182,165000
2019-08,29321100,四氫?喃,中國大陸,出口總值(含復出口),230,129600
2019-08,29321100,四氫?喃,日本,進口總值(含復進口),0,1
2019-08,29321100,四氫?喃,日本,出口總值(含復出口),485,231160
2019-08,29321100,四氫?喃,以色列,出口總值(含復出口),26,14400
2019-08,29321100,四氫?喃,印度,出口總值(含復出口),2118,1225000
2019-08,29321100,四氫?喃,西班牙,進口總值(含復進口),0,5
2019-08,29321100,四氫?喃,法國,進口總值(含復進口),1,8
2019-08,29321100,四氫?喃,肯亞,出口總值(含復出口),25,14400
2019-08,29321100,四氫?喃,南韓,進口總值(含復進口),3,356
2019-08,29321100,四氫?喃,美國,進口總值(含復進口),17,1207
2019-08,29321100,四氫?喃,美國,出口總值(含復出口),88,43200
2019-08,29321100,四氫?喃,英國,進口總值(含復進口),0,2
2019-08,29321100,四氫?喃,泰國,出口總值(含復出口),27,14400
2019-08,29321100,四氫?喃,越南,出口總值(含復出口),69,38230
2019-08,29321100,四氫?喃,新加坡,出口總值(含復出口),14,7200
2019-08,29321100,四氫?喃,德國,進口總值(含復進口),14,861
2019-08,39032000,苯乙烯－丙烯?共聚合物，初級狀態,中國大陸,進口總值(含復進口),81,25050
2019-08,39032000,苯乙烯－丙烯?共聚合物，初級狀態,中國大陸,出口總值(含復出口),12350,8152180
2019-08,39032000,苯乙烯－丙烯?共聚合物，初級狀態,巴基斯坦,出口總值(含復出口),38,24125
2019-08,39032000,苯乙烯－丙烯?共聚合物，初級狀態,日本,進口總值(含復進口),83,29090
2019-08,39032000,苯乙烯－丙烯?共聚合物，初級狀態,日本,出口總值(含復出口),71,43000
2019-08,39032000,苯乙烯－丙烯?共聚合物，初級狀態,加拿大,出口總值(含復出口),32,22000
2019-08,39032000,苯乙烯－丙烯?共聚合物，初級狀態,伊朗,出口總值(含復出口),35,18000
2019-08,39032000,苯乙烯－丙烯?共聚合物，初級狀態,印尼,出口總值(含復出口),741,493475
2019-08,39032000,苯乙烯－丙烯?共聚合物，初級狀態,印度,出口總值(含復出口),63,40000
2019-08,39032000,苯乙烯－丙烯?共聚合物，初級狀態,孟加拉,出口總值(含復出口),162,105000
2019-08,39032000,苯乙烯－丙烯?共聚合物，初級狀態,阿拉伯聯合大公國,出口總值(含復出口),27,16000
2019-08,39032000,苯乙烯－丙烯?共聚合物，初級狀態,阿根廷,出口總值(含復出口),42,26000
2019-08,39032000,苯乙烯－丙烯?共聚合物，初級狀態,俄羅斯,出口總值(含復出口),63,41500
2019-08,39032000,苯乙烯－丙烯?共聚合物，初級狀態,南非,出口總值(含復出口),16,10000
2019-08,39032000,苯乙烯－丙烯?共聚合物，初級狀態,南韓,進口總值(含復進口),27,16000
2019-08,39032000,苯乙烯－丙烯?共聚合物，初級狀態,南韓,出口總值(含復出口),3,900
2019-08,39032000,苯乙烯－丙烯?共聚合物，初級狀態,約旦,出口總值(含復出口),29,18000
2019-08,39032000,苯乙烯－丙烯?共聚合物，初級狀態,美國,進口總值(含復進口),41,40579
2019-08,39032000,苯乙烯－丙烯?共聚合物，初級狀態,美國,出口總值(含復出口),176,108000
2019-08,39032000,苯乙烯－丙烯?共聚合物，初級狀態,香港,出口總值(含復出口),1102,667050
2019-08,39032000,苯乙烯－丙烯?共聚合物，初級狀態,哥倫比亞,出口總值(含復出口),43,28000
2019-08,39032000,苯乙烯－丙烯?共聚合物，初級狀態,埃及,出口總值(含復出口),51,32000
2019-08,39032000,苯乙烯－丙烯?共聚合物，初級狀態,泰國,出口總值(含復出口),665,407000
2019-08,39032000,苯乙烯－丙烯?共聚合物，初級狀態,馬來西亞,出口總值(含復出口),142,92000
2019-08,39032000,苯乙烯－丙烯?共聚合物，初級狀態,荷蘭,出口總值(含復出口),114,73000
2019-08,39032000,苯乙烯－丙烯?共聚合物，初級狀態,斯里蘭卡,出口總值(含復出口),51,36000
2019-08,39032000,苯乙烯－丙烯?共聚合物，初級狀態,斯洛維尼亞,出口總值(含復出口),8,5000
2019-08,39032000,苯乙烯－丙烯?共聚合物，初級狀態,越南,出口總值(含復出口),76,46025
2019-08,39032000,苯乙烯－丙烯?共聚合物，初級狀態,瑞典,出口總值(含復出口),2,1000
2019-08,39032000,苯乙烯－丙烯?共聚合物，初級狀態,黎巴嫩,出口總值(含復出口),2,1000
2019-08,39032000,苯乙烯－丙烯?共聚合物，初級狀態,墨西哥,出口總值(含復出口),233,143000
2019-08,39032000,苯乙烯－丙烯?共聚合物，初級狀態,澳大利亞,出口總值(含復出口),3,2000
2019-08,39039010,甲基丙烯酸甲酯－丁二烯－苯乙烯（ＭＢＳ）共聚合物，初級狀態,中國大陸,出口總值(含復出口),642,291950
2019-08,39039010,甲基丙烯酸甲酯－丁二烯－苯乙烯（ＭＢＳ）共聚合物，初級狀態,日本,進口總值(含復進口),301,101310
2019-08,39039010,甲基丙烯酸甲酯－丁二烯－苯乙烯（ＭＢＳ）共聚合物，初級狀態,日本,出口總值(含復出口),48,20600
2019-08,39039010,甲基丙烯酸甲酯－丁二烯－苯乙烯（ＭＢＳ）共聚合物，初級狀態,比利時,進口總值(含復進口),28,10000
2019-08,39039010,甲基丙烯酸甲酯－丁二烯－苯乙烯（ＭＢＳ）共聚合物，初級狀態,比利時,出口總值(含復出口),104,54000
2019-08,39039010,甲基丙烯酸甲酯－丁二烯－苯乙烯（ＭＢＳ）共聚合物，初級狀態,印度,出口總值(含復出口),23,10000
2019-08,39039010,甲基丙烯酸甲酯－丁二烯－苯乙烯（ＭＢＳ）共聚合物，初級狀態,法國,出口總值(含復出口),3,1000
2019-08,39039010,甲基丙烯酸甲酯－丁二烯－苯乙烯（ＭＢＳ）共聚合物，初級狀態,南非,出口總值(含復出口),12,6000
2019-08,39039010,甲基丙烯酸甲酯－丁二烯－苯乙烯（ＭＢＳ）共聚合物，初級狀態,南韓,進口總值(含復進口),5,2000
2019-08,39039010,甲基丙烯酸甲酯－丁二烯－苯乙烯（ＭＢＳ）共聚合物，初級狀態,美國,出口總值(含復出口),21,11000
2019-08,39039010,甲基丙烯酸甲酯－丁二烯－苯乙烯（ＭＢＳ）共聚合物，初級狀態,英國,出口總值(含復出口),12,5000
2019-08,39039010,甲基丙烯酸甲酯－丁二烯－苯乙烯（ＭＢＳ）共聚合物，初級狀態,香港,出口總值(含復出口),18,6275
2019-08,39039010,甲基丙烯酸甲酯－丁二烯－苯乙烯（ＭＢＳ）共聚合物，初級狀態,泰國,出口總值(含復出口),1,300
2019-08,39039010,甲基丙烯酸甲酯－丁二烯－苯乙烯（ＭＢＳ）共聚合物，初級狀態,留尼旺,出口總值(含復出口),11,4000
2019-08,39039010,甲基丙烯酸甲酯－丁二烯－苯乙烯（ＭＢＳ）共聚合物，初級狀態,紐西蘭,出口總值(含復出口),2,1000
2019-08,39039010,甲基丙烯酸甲酯－丁二烯－苯乙烯（ＭＢＳ）共聚合物，初級狀態,馬來西亞,出口總值(含復出口),97,37000
2019-08,39039010,甲基丙烯酸甲酯－丁二烯－苯乙烯（ＭＢＳ）共聚合物，初級狀態,荷蘭,進口總值(含復進口),58,20000
2019-08,39039010,甲基丙烯酸甲酯－丁二烯－苯乙烯（ＭＢＳ）共聚合物，初級狀態,荷蘭,出口總值(含復出口),41,16000
2019-08,39039010,甲基丙烯酸甲酯－丁二烯－苯乙烯（ＭＢＳ）共聚合物，初級狀態,菲律賓,出口總值(含復出口),15,6000
2019-08,39039010,甲基丙烯酸甲酯－丁二烯－苯乙烯（ＭＢＳ）共聚合物，初級狀態,越南,出口總值(含復出口),99,50100
2019-08,39039010,甲基丙烯酸甲酯－丁二烯－苯乙烯（ＭＢＳ）共聚合物，初級狀態,義大利,出口總值(含復出口),147,77000
2019-08,39039010,甲基丙烯酸甲酯－丁二烯－苯乙烯（ＭＢＳ）共聚合物，初級狀態,澳大利亞,出口總值(含復出口),34,18000
2019-08,39052100,醋酸乙烯共聚合物水性分散液,中國大陸,進口總值(含復進口),39,23460
2019-08,39052100,醋酸乙烯共聚合物水性分散液,中國大陸,出口總值(含復出口),3262,3970540
2019-08,39052100,醋酸乙烯共聚合物水性分散液,中華民國,進口總值(含復進口),65,64870
2019-08,39052100,醋酸乙烯共聚合物水性分散液,巴基斯坦,出口總值(含復出口),181,220000
2019-08,39052100,醋酸乙烯共聚合物水性分散液,日本,進口總值(含復進口),5,570
2019-08,39052100,醋酸乙烯共聚合物水性分散液,波多黎各,出口總值(含復出口),23,20090
2019-08,39052100,醋酸乙烯共聚合物水性分散液,阿拉伯聯合大公國,出口總值(含復出口),38,37620
2019-08,39052100,醋酸乙烯共聚合物水性分散液,阿根廷,出口總值(含復出口),17,19800
2019-08,39052100,醋酸乙烯共聚合物水性分散液,俄羅斯,出口總值(含復出口),24,20000
2019-08,39052100,醋酸乙烯共聚合物水性分散液,美國,出口總值(含復出口),49,60800
2019-08,39052100,醋酸乙烯共聚合物水性分散液,埃及,出口總值(含復出口),17,17600
2019-08,39052100,醋酸乙烯共聚合物水性分散液,紐西蘭,出口總值(含復出口),20,22960
2019-08,39052100,醋酸乙烯共聚合物水性分散液,馬來西亞,進口總值(含復進口),18,12600
2019-08,39052100,醋酸乙烯共聚合物水性分散液,智利,出口總值(含復出口),17,19800
2019-08,39052100,醋酸乙烯共聚合物水性分散液,越南,出口總值(含復出口),75,81800
2019-08,39052100,醋酸乙烯共聚合物水性分散液,墨西哥,出口總值(含復出口),30,41350
2019-08,39052100,醋酸乙烯共聚合物水性分散液,澳大利亞,出口總值(含復出口),110,107200
2019-09,29161410,甲基丙烯酸甲酯,中國大陸,進口總值(含復進口),2,200
2019-09,29161410,甲基丙烯酸甲酯,中國大陸,出口總值(含復出口),6879,4661233
2019-09,29161410,甲基丙烯酸甲酯,中華民國,進口總值(含復進口),23,15200
2019-09,29161410,甲基丙烯酸甲酯,巴基斯坦,出口總值(含復出口),26,15200
2019-09,29161410,甲基丙烯酸甲酯,日本,進口總值(含復進口),2429,1669268
2019-09,29161410,甲基丙烯酸甲酯,印尼,出口總值(含復出口),429,295960
2019-09,29161410,甲基丙烯酸甲酯,印度,進口總值(含復進口),17,2000
2019-09,29161410,甲基丙烯酸甲酯,印度,出口總值(含復出口),98,60800
2019-09,29161410,甲基丙烯酸甲酯,沙烏地阿拉伯,進口總值(含復進口),3026,2068451
2019-09,29161410,甲基丙烯酸甲酯,孟加拉,出口總值(含復出口),14,7600
2019-09,29161410,甲基丙烯酸甲酯,阿拉伯聯合大公國,出口總值(含復出口),26,15200
2019-09,29161410,甲基丙烯酸甲酯,南韓,進口總值(含復進口),63,40000
2019-09,29161410,甲基丙烯酸甲酯,美國,進口總值(含復進口),7,16
2019-09,29161410,甲基丙烯酸甲酯,英國,進口總值(含復進口),0,1
2019-09,29161410,甲基丙烯酸甲酯,泰國,出口總值(含復出口),75,45600
2019-09,29161410,甲基丙烯酸甲酯,荷蘭,進口總值(含復進口),0,60
2019-09,29161410,甲基丙烯酸甲酯,菲律賓,出口總值(含復出口),697,459980
2019-09,29161410,甲基丙烯酸甲酯,越南,出口總值(含復出口),1487,985990
2019-09,29161410,甲基丙烯酸甲酯,德國,進口總值(含復進口),11,541
2019-09,29161410,甲基丙烯酸甲酯,羅馬尼亞,進口總值(含復進口),8,171
2019-09,29173300,鄰苯二甲酸二壬酯或二癸酯,土耳其,出口總值(含復出口),156,146000
2019-09,29173300,鄰苯二甲酸二壬酯或二癸酯,中國大陸,出口總值(含復出口),483,520000
2019-09,29173300,鄰苯二甲酸二壬酯或二癸酯,日本,出口總值(含復出口),454,408000
2019-09,29173300,鄰苯二甲酸二壬酯或二癸酯,以色列,出口總值(含復出口),88,80000
2019-09,29173300,鄰苯二甲酸二壬酯或二癸酯,加拿大,出口總值(含復出口),64,60000
2019-09,29173300,鄰苯二甲酸二壬酯或二癸酯,印尼,出口總值(含復出口),15,12000
2019-09,29173300,鄰苯二甲酸二壬酯或二癸酯,阿拉伯聯合大公國,出口總值(含復出口),17,16000
2019-09,29173300,鄰苯二甲酸二壬酯或二癸酯,阿曼,出口總值(含復出口),131,125000
2019-09,29173300,鄰苯二甲酸二壬酯或二癸酯,俄羅斯,出口總值(含復出口),23,21000
2019-09,29173300,鄰苯二甲酸二壬酯或二癸酯,美國,進口總值(含復進口),0,0
2019-09,29173300,鄰苯二甲酸二壬酯或二癸酯,美國,出口總值(含復出口),80,84000
2019-09,29173300,鄰苯二甲酸二壬酯或二癸酯,香港,出口總值(含復出口),23,21000
2019-09,29173300,鄰苯二甲酸二壬酯或二癸酯,馬來西亞,出口總值(含復出口),22,20000
2019-09,29173300,鄰苯二甲酸二壬酯或二癸酯,菲律賓,出口總值(含復出口),498,443000
2019-09,29173300,鄰苯二甲酸二壬酯或二癸酯,越南,出口總值(含復出口),415,384000
2019-09,29173300,鄰苯二甲酸二壬酯或二癸酯,新加坡,出口總值(含復出口),33,20000
2019-09,29173300,鄰苯二甲酸二壬酯或二癸酯,德國,出口總值(含復出口),22,21000
2019-09,29173300,鄰苯二甲酸二壬酯或二癸酯,墨西哥,出口總值(含復出口),291,269000
2019-09,29321100,四氫?喃,中國大陸,出口總值(含復出口),159,86400
2019-09,29321100,四氫?喃,日本,進口總值(含復進口),0,3
2019-09,29321100,四氫?喃,日本,出口總值(含復出口),304,149380
2019-09,29321100,四氫?喃,比利時,出口總值(含復出口),170,94080
2019-09,29321100,四氫?喃,以色列,出口總值(含復出口),27,14400
2019-09,29321100,四氫?喃,加拿大,出口總值(含復出口),27,14400
2019-09,29321100,四氫?喃,印度,出口總值(含復出口),1151,671180
2019-09,29321100,四氫?喃,西班牙,進口總值(含復進口),0,6
2019-09,29321100,四氫?喃,波蘭,進口總值(含復進口),15,1153
2019-09,29321100,四氫?喃,南韓,進口總值(含復進口),11,1665
2019-09,29321100,四氫?喃,南韓,出口總值(含復出口),32,19370
2019-09,29321100,四氫?喃,美國,進口總值(含復進口),308,7058
2019-09,29321100,四氫?喃,美國,出口總值(含復出口),126,71050
2019-09,29321100,四氫?喃,英國,進口總值(含復進口),0,1
2019-09,29321100,四氫?喃,英國,出口總值(含復出口),28,14400
2019-09,29321100,四氫?喃,馬來西亞,出口總值(含復出口),26,14400
2019-09,29321100,四氫?喃,越南,出口總值(含復出口),67,36000
2019-09,29321100,四氫?喃,愛爾蘭,進口總值(含復進口),0,0
2019-09,29321100,四氫?喃,德國,進口總值(含復進口),21,1369
2019-09,39032000,苯乙烯－丙烯?共聚合物，初級狀態,土耳其,出口總值(含復出口),24,16000
2019-09,39032000,苯乙烯－丙烯?共聚合物，初級狀態,中國大陸,進口總值(含復進口),94,41600
2019-09,39032000,苯乙烯－丙烯?共聚合物，初級狀態,中國大陸,出口總值(含復出口),13315,8981465
2019-09,39032000,苯乙烯－丙烯?共聚合物，初級狀態,巴西,出口總值(含復出口),31,20000
2019-09,39032000,苯乙烯－丙烯?共聚合物，初級狀態,巴基斯坦,出口總值(含復出口),159,109000
2019-09,39032000,苯乙烯－丙烯?共聚合物，初級狀態,日本,進口總值(含復進口),73,15533
2019-09,39032000,苯乙烯－丙烯?共聚合物，初級狀態,日本,出口總值(含復出口),86,54050
2019-09,39032000,苯乙烯－丙烯?共聚合物，初級狀態,以色列,出口總值(含復出口),23,16000
2019-09,39032000,苯乙烯－丙烯?共聚合物，初級狀態,加拿大,出口總值(含復出口),34,24000
2019-09,39032000,苯乙烯－丙烯?共聚合物，初級狀態,立陶宛,出口總值(含復出口),3,2000
2019-09,39032000,苯乙烯－丙烯?共聚合物，初級狀態,印尼,出口總值(含復出口),903,627425
2019-09,39032000,苯乙烯－丙烯?共聚合物，初級狀態,孟加拉,出口總值(含復出口),190,124000
2019-09,39032000,苯乙烯－丙烯?共聚合物，初級狀態,波蘭,出口總值(含復出口),5,3000
2019-09,39032000,苯乙烯－丙烯?共聚合物，初級狀態,阿拉伯聯合大公國,出口總值(含復出口),8,5000
2019-09,39032000,苯乙烯－丙烯?共聚合物，初級狀態,俄羅斯,出口總值(含復出口),10,6000
2019-09,39032000,苯乙烯－丙烯?共聚合物，初級狀態,南非,出口總值(含復出口),11,7000
2019-09,39032000,苯乙烯－丙烯?共聚合物，初級狀態,南韓,進口總值(含復進口),14,5000
2019-09,39032000,苯乙烯－丙烯?共聚合物，初級狀態,突尼西亞,出口總值(含復出口),24,16000
2019-09,39032000,苯乙烯－丙烯?共聚合物，初級狀態,美國,進口總值(含復進口),114,91367
2019-09,39032000,苯乙烯－丙烯?共聚合物，初級狀態,美國,出口總值(含復出口),88,57000
2019-09,39032000,苯乙烯－丙烯?共聚合物，初級狀態,英國,進口總值(含復進口),44,11000
2019-09,39032000,苯乙烯－丙烯?共聚合物，初級狀態,英國,出口總值(含復出口),5,3000
2019-09,39032000,苯乙烯－丙烯?共聚合物，初級狀態,香港,出口總值(含復出口),1018,622850
2019-09,39032000,苯乙烯－丙烯?共聚合物，初級狀態,哥倫比亞,出口總值(含復出口),26,18000
2019-09,39032000,苯乙烯－丙烯?共聚合物，初級狀態,埃及,出口總值(含復出口),87,57000
2019-09,39032000,苯乙烯－丙烯?共聚合物，初級狀態,泰國,出口總值(含復出口),629,409300
2019-09,39032000,苯乙烯－丙烯?共聚合物，初級狀態,馬來西亞,出口總值(含復出口),102,93004
2019-09,39032000,苯乙烯－丙烯?共聚合物，初級狀態,荷蘭,出口總值(含復出口),191,125000
2019-09,39032000,苯乙烯－丙烯?共聚合物，初級狀態,斯里蘭卡,出口總值(含復出口),15,8000
2019-09,39032000,苯乙烯－丙烯?共聚合物，初級狀態,斯洛維尼亞,出口總值(含復出口),25,16000
2019-09,39032000,苯乙烯－丙烯?共聚合物，初級狀態,菲律賓,出口總值(含復出口),30,20000
2019-09,39032000,苯乙烯－丙烯?共聚合物，初級狀態,越南,出口總值(含復出口),86,57000
2019-09,39032000,苯乙烯－丙烯?共聚合物，初級狀態,新加坡,出口總值(含復出口),3,2000
2019-09,39032000,苯乙烯－丙烯?共聚合物，初級狀態,德國,出口總值(含復出口),2,1250
2019-09,39032000,苯乙烯－丙烯?共聚合物，初級狀態,墨西哥,出口總值(含復出口),159,97000
2019-09,39032000,苯乙烯－丙烯?共聚合物，初級狀態,澳大利亞,出口總值(含復出口),6,4000
2019-09,39039010,甲基丙烯酸甲酯－丁二烯－苯乙烯（ＭＢＳ）共聚合物，初級狀態,中國大陸,進口總值(含復進口),4,1455
2019-09,39039010,甲基丙烯酸甲酯－丁二烯－苯乙烯（ＭＢＳ）共聚合物，初級狀態,中國大陸,出口總值(含復出口),1194,537125
2019-09,39039010,甲基丙烯酸甲酯－丁二烯－苯乙烯（ＭＢＳ）共聚合物，初級狀態,日本,進口總值(含復進口),281,88748
2019-09,39039010,甲基丙烯酸甲酯－丁二烯－苯乙烯（ＭＢＳ）共聚合物，初級狀態,日本,出口總值(含復出口),39,18050
2019-09,39039010,甲基丙烯酸甲酯－丁二烯－苯乙烯（ＭＢＳ）共聚合物，初級狀態,比利時,出口總值(含復出口),35,17000
2019-09,39039010,甲基丙烯酸甲酯－丁二烯－苯乙烯（ＭＢＳ）共聚合物，初級狀態,以色列,出口總值(含復出口),5,2000
2019-09,39039010,甲基丙烯酸甲酯－丁二烯－苯乙烯（ＭＢＳ）共聚合物，初級狀態,立陶宛,出口總值(含復出口),24,11000
2019-09,39039010,甲基丙烯酸甲酯－丁二烯－苯乙烯（ＭＢＳ）共聚合物，初級狀態,南非,出口總值(含復出口),9,5000
2019-09,39039010,甲基丙烯酸甲酯－丁二烯－苯乙烯（ＭＢＳ）共聚合物，初級狀態,南韓,進口總值(含復進口),117,48000
2019-09,39039010,甲基丙烯酸甲酯－丁二烯－苯乙烯（ＭＢＳ）共聚合物，初級狀態,南韓,出口總值(含復出口),17,9000
2019-09,39039010,甲基丙烯酸甲酯－丁二烯－苯乙烯（ＭＢＳ）共聚合物，初級狀態,哈薩克,出口總值(含復出口),9,5000
2019-09,39039010,甲基丙烯酸甲酯－丁二烯－苯乙烯（ＭＢＳ）共聚合物，初級狀態,美國,出口總值(含復出口),59,32000
2019-09,39039010,甲基丙烯酸甲酯－丁二烯－苯乙烯（ＭＢＳ）共聚合物，初級狀態,英國,出口總值(含復出口),93,49250
2019-09,39039010,甲基丙烯酸甲酯－丁二烯－苯乙烯（ＭＢＳ）共聚合物，初級狀態,香港,出口總值(含復出口),27,11000
2019-09,39039010,甲基丙烯酸甲酯－丁二烯－苯乙烯（ＭＢＳ）共聚合物，初級狀態,泰國,出口總值(含復出口),61,26000
2019-09,39039010,甲基丙烯酸甲酯－丁二烯－苯乙烯（ＭＢＳ）共聚合物，初級狀態,紐西蘭,出口總值(含復出口),9,4000
2019-09,39039010,甲基丙烯酸甲酯－丁二烯－苯乙烯（ＭＢＳ）共聚合物，初級狀態,馬來西亞,進口總值(含復進口),39,9600
2019-09,39039010,甲基丙烯酸甲酯－丁二烯－苯乙烯（ＭＢＳ）共聚合物，初級狀態,馬來西亞,出口總值(含復出口),81,37000
2019-09,39039010,甲基丙烯酸甲酯－丁二烯－苯乙烯（ＭＢＳ）共聚合物，初級狀態,荷蘭,進口總值(含復進口),26,10000
2019-09,39039010,甲基丙烯酸甲酯－丁二烯－苯乙烯（ＭＢＳ）共聚合物，初級狀態,荷蘭,出口總值(含復出口),49,21000
2019-09,39039010,甲基丙烯酸甲酯－丁二烯－苯乙烯（ＭＢＳ）共聚合物，初級狀態,斯洛維尼亞,出口總值(含復出口),17,9000
2019-09,39039010,甲基丙烯酸甲酯－丁二烯－苯乙烯（ＭＢＳ）共聚合物，初級狀態,菲律賓,出口總值(含復出口),90,39750
2019-09,39039010,甲基丙烯酸甲酯－丁二烯－苯乙烯（ＭＢＳ）共聚合物，初級狀態,越南,出口總值(含復出口),101,45000
2019-09,39052100,醋酸乙烯共聚合物水性分散液,中國大陸,進口總值(含復進口),44,16040
2019-09,39052100,醋酸乙烯共聚合物水性分散液,中國大陸,出口總值(含復出口),4331,5245300
2019-09,39052100,醋酸乙烯共聚合物水性分散液,巴西,出口總值(含復出口),43,49980
2019-09,39052100,醋酸乙烯共聚合物水性分散液,巴基斯坦,出口總值(含復出口),181,220000
2019-09,39052100,醋酸乙烯共聚合物水性分散液,日本,進口總值(含復進口),5,570
2019-09,39052100,醋酸乙烯共聚合物水性分散液,日本,出口總值(含復出口),19,19590
2019-09,39052100,醋酸乙烯共聚合物水性分散液,瓜地馬拉,出口總值(含復出口),14,17600
2019-09,39052100,醋酸乙烯共聚合物水性分散液,南韓,進口總值(含復進口),16,15600
2019-09,39052100,醋酸乙烯共聚合物水性分散液,南韓,出口總值(含復出口),8,8800
2019-09,39052100,醋酸乙烯共聚合物水性分散液,美國,進口總值(含復進口),20,15500
2019-09,39052100,醋酸乙烯共聚合物水性分散液,美國,出口總值(含復出口),1,1100
2019-09,39052100,醋酸乙烯共聚合物水性分散液,泰國,出口總值(含復出口),17,19550
2019-09,39052100,醋酸乙烯共聚合物水性分散液,紐西蘭,出口總值(含復出口),34,40410
2019-09,39052100,醋酸乙烯共聚合物水性分散液,馬來西亞,進口總值(含復進口),29,19600
2019-09,39052100,醋酸乙烯共聚合物水性分散液,馬來西亞,出口總值(含復出口),30,14400
2019-09,39052100,醋酸乙烯共聚合物水性分散液,越南,出口總值(含復出口),142,154200
2019-09,39052100,醋酸乙烯共聚合物水性分散液,墨西哥,出口總值(含復出口),35,38600
2019-09,39052100,醋酸乙烯共聚合物水性分散液,澳大利亞,出口總值(含復出口),78,71200
2019-10,29161410,甲基丙烯酸甲酯,中國大陸,出口總值(含復出口),5789,3931105
2019-10,29161410,甲基丙烯酸甲酯,巴基斯坦,出口總值(含復出口),76,45600
2019-10,29161410,甲基丙烯酸甲酯,日本,進口總值(含復進口),2176,1530641
2019-10,29161410,甲基丙烯酸甲酯,印尼,出口總值(含復出口),281,197360
2019-10,29161410,甲基丙烯酸甲酯,印度,出口總值(含復出口),25,15200
2019-10,29161410,甲基丙烯酸甲酯,南非,出口總值(含復出口),25,15200
2019-10,29161410,甲基丙烯酸甲酯,南韓,進口總值(含復進口),63,40020
2019-10,29161410,甲基丙烯酸甲酯,美國,進口總值(含復進口),0,7
2019-10,29161410,甲基丙烯酸甲酯,英國,進口總值(含復進口),0,3
2019-10,29161410,甲基丙烯酸甲酯,泰國,進口總值(含復進口),4329,2998157
2019-10,29161410,甲基丙烯酸甲酯,泰國,出口總值(含復出口),73,45600
2019-10,29161410,甲基丙烯酸甲酯,秘魯,出口總值(含復出口),168,106400
2019-10,29161410,甲基丙烯酸甲酯,馬來西亞,出口總值(含復出口),118,75200
2019-10,29161410,甲基丙烯酸甲酯,智利,出口總值(含復出口),83,46800
2019-10,29161410,甲基丙烯酸甲酯,菲律賓,出口總值(含復出口),319,218790
2019-10,29161410,甲基丙烯酸甲酯,越南,出口總值(含復出口),897,606140
2019-10,29161410,甲基丙烯酸甲酯,新加坡,進口總值(含復進口),171,117550
2019-10,29161410,甲基丙烯酸甲酯,德國,進口總值(含復進口),8,384
2019-10,29173300,鄰苯二甲酸二壬酯或二癸酯,土耳其,出口總值(含復出口),155,146000
2019-10,29173300,鄰苯二甲酸二壬酯或二癸酯,中國大陸,出口總值(含復出口),1141,1224000
2019-10,29173300,鄰苯二甲酸二壬酯或二癸酯,厄瓜多,出口總值(含復出口),21,16000
2019-10,29173300,鄰苯二甲酸二壬酯或二癸酯,日本,出口總值(含復出口),440,407000
2019-10,29173300,鄰苯二甲酸二壬酯或二癸酯,加拿大,出口總值(含復出口),64,59000
2019-10,29173300,鄰苯二甲酸二壬酯或二癸酯,卡達,出口總值(含復出口),49,40000
2019-10,29173300,鄰苯二甲酸二壬酯或二癸酯,瓜地馬拉,出口總值(含復出口),21,20000
2019-10,29173300,鄰苯二甲酸二壬酯或二癸酯,希臘,出口總值(含復出口),22,21000
2019-10,29173300,鄰苯二甲酸二壬酯或二癸酯,阿曼,出口總值(含復出口),123,123000
2019-10,29173300,鄰苯二甲酸二壬酯或二癸酯,俄羅斯,出口總值(含復出口),68,62000
2019-10,29173300,鄰苯二甲酸二壬酯或二癸酯,美國,進口總值(含復進口),0,0
2019-10,29173300,鄰苯二甲酸二壬酯或二癸酯,美國,出口總值(含復出口),149,146000
2019-10,29173300,鄰苯二甲酸二壬酯或二癸酯,埃及,出口總值(含復出口),44,42000
2019-10,29173300,鄰苯二甲酸二壬酯或二癸酯,泰國,出口總值(含復出口),9,8000
2019-10,29173300,鄰苯二甲酸二壬酯或二癸酯,馬來西亞,出口總值(含復出口),21,20000
2019-10,29173300,鄰苯二甲酸二壬酯或二癸酯,荷蘭,進口總值(含復進口),0,0
2019-10,29173300,鄰苯二甲酸二壬酯或二癸酯,斯里蘭卡,出口總值(含復出口),20,20000
2019-10,29173300,鄰苯二甲酸二壬酯或二癸酯,菲律賓,出口總值(含復出口),197,174000
2019-10,29173300,鄰苯二甲酸二壬酯或二癸酯,越南,出口總值(含復出口),196,176000
2019-10,29173300,鄰苯二甲酸二壬酯或二癸酯,新加坡,出口總值(含復出口),32,20000
2019-10,29173300,鄰苯二甲酸二壬酯或二癸酯,摩洛哥,出口總值(含復出口),108,104000
2019-10,29173300,鄰苯二甲酸二壬酯或二癸酯,墨西哥,出口總值(含復出口),243,225000
2019-10,29321100,四氫?喃,中國大陸,進口總值(含復進口),109,22000
2019-10,29321100,四氫?喃,中國大陸,出口總值(含復出口),157,86400
2019-10,29321100,四氫?喃,日本,出口總值(含復出口),386,187410
2019-10,29321100,四氫?喃,比利時,出口總值(含復出口),143,79570
2019-10,29321100,四氫?喃,印度,出口總值(含復出口),1288,743400
2019-10,29321100,四氫?喃,西班牙,進口總值(含復進口),1,12
2019-10,29321100,四氫?喃,肯亞,出口總值(含復出口),25,14400
2019-10,29321100,四氫?喃,南韓,進口總值(含復進口),3,370
2019-10,29321100,四氫?喃,南韓,出口總值(含復出口),32,19400
2019-10,29321100,四氫?喃,美國,進口總值(含復進口),15,1151
2019-10,29321100,四氫?喃,英國,進口總值(含復進口),0,12
2019-10,29321100,四氫?喃,哥倫比亞,出口總值(含復出口),46,28800
2019-10,29321100,四氫?喃,馬來西亞,進口總值(含復進口),114,57600
2019-10,29321100,四氫?喃,馬來西亞,出口總值(含復出口),27,14400
2019-10,29321100,四氫?喃,荷蘭,進口總值(含復進口),3,3
2019-10,29321100,四氫?喃,荷蘭,出口總值(含復出口),28,14400
2019-10,29321100,四氫?喃,菲律賓,出口總值(含復出口),54,28800
2019-10,29321100,四氫?喃,越南,出口總值(含復出口),68,36000
2019-10,29321100,四氫?喃,義大利,出口總值(含復出口),35,19900
2019-10,29321100,四氫?喃,德國,進口總值(含復進口),36,2299
2019-10,39032000,苯乙烯－丙烯?共聚合物，初級狀態,中國大陸,進口總值(含復進口),56,20050
2019-10,39032000,苯乙烯－丙烯?共聚合物，初級狀態,中國大陸,出口總值(含復出口),15126,9968882
2019-10,39032000,苯乙烯－丙烯?共聚合物，初級狀態,巴西,出口總值(含復出口),54,36000
2019-10,39032000,苯乙烯－丙烯?共聚合物，初級狀態,巴基斯坦,出口總值(含復出口),234,157250
2019-10,39032000,苯乙烯－丙烯?共聚合物，初級狀態,日本,進口總值(含復進口),209,72635
2019-10,39032000,苯乙烯－丙烯?共聚合物，初級狀態,日本,出口總值(含復出口),126,81250
2019-10,39032000,苯乙烯－丙烯?共聚合物，初級狀態,比利時,出口總值(含復出口),10,6000
2019-10,39032000,苯乙烯－丙烯?共聚合物，初級狀態,以色列,出口總值(含復出口),27,19000
2019-10,39032000,苯乙烯－丙烯?共聚合物，初級狀態,印尼,出口總值(含復出口),526,361000
2019-10,39032000,苯乙烯－丙烯?共聚合物，初級狀態,西班牙,出口總值(含復出口),5,3000
2019-10,39032000,苯乙烯－丙烯?共聚合物，初級狀態,孟加拉,出口總值(含復出口),185,120000
2019-10,39032000,苯乙烯－丙烯?共聚合物，初級狀態,阿拉伯聯合大公國,出口總值(含復出口),51,32000
2019-10,39032000,苯乙烯－丙烯?共聚合物，初級狀態,俄羅斯,出口總值(含復出口),66,43000
2019-10,39032000,苯乙烯－丙烯?共聚合物，初級狀態,南非,出口總值(含復出口),54,35000
2019-10,39032000,苯乙烯－丙烯?共聚合物，初級狀態,南韓,進口總值(含復進口),29,10000
2019-10,39032000,苯乙烯－丙烯?共聚合物，初級狀態,美國,進口總值(含復進口),50,49378
2019-10,39032000,苯乙烯－丙烯?共聚合物，初級狀態,美國,出口總值(含復出口),261,169000
2019-10,39032000,苯乙烯－丙烯?共聚合物，初級狀態,香港,出口總值(含復出口),1327,813800
2019-10,39032000,苯乙烯－丙烯?共聚合物，初級狀態,哥倫比亞,出口總值(含復出口),11,7000
2019-10,39032000,苯乙烯－丙烯?共聚合物，初級狀態,埃及,出口總值(含復出口),137,94000
2019-10,39032000,苯乙烯－丙烯?共聚合物，初級狀態,泰國,進口總值(含復進口),23,12000
2019-10,39032000,苯乙烯－丙烯?共聚合物，初級狀態,泰國,出口總值(含復出口),654,420000
2019-10,39032000,苯乙烯－丙烯?共聚合物，初級狀態,馬來西亞,出口總值(含復出口),255,173500
2019-10,39032000,苯乙烯－丙烯?共聚合物，初級狀態,莫三比克,出口總值(含復出口),27,19000
2019-10,39032000,苯乙烯－丙烯?共聚合物，初級狀態,荷蘭,出口總值(含復出口),173,111000
2019-10,39032000,苯乙烯－丙烯?共聚合物，初級狀態,斯洛維尼亞,出口總值(含復出口),44,27000
2019-10,39032000,苯乙烯－丙烯?共聚合物，初級狀態,菲律賓,出口總值(含復出口),44,29000
2019-10,39032000,苯乙烯－丙烯?共聚合物，初級狀態,越南,出口總值(含復出口),125,78000
2019-10,39032000,苯乙烯－丙烯?共聚合物，初級狀態,德國,進口總值(含復進口),3,800
2019-10,39032000,苯乙烯－丙烯?共聚合物，初級狀態,黎巴嫩,出口總值(含復出口),5,3000
2019-10,39032000,苯乙烯－丙烯?共聚合物，初級狀態,墨西哥,出口總值(含復出口),159,101000
2019-10,39032000,苯乙烯－丙烯?共聚合物，初級狀態,澳大利亞,出口總值(含復出口),12,8000
2019-10,39039010,甲基丙烯酸甲酯－丁二烯－苯乙烯（ＭＢＳ）共聚合物，初級狀態,中國大陸,進口總值(含復進口),0,400
2019-10,39039010,甲基丙烯酸甲酯－丁二烯－苯乙烯（ＭＢＳ）共聚合物，初級狀態,中國大陸,出口總值(含復出口),974,478198
2019-10,39039010,甲基丙烯酸甲酯－丁二烯－苯乙烯（ＭＢＳ）共聚合物，初級狀態,厄瓜多,出口總值(含復出口),2,1000
2019-10,39039010,甲基丙烯酸甲酯－丁二烯－苯乙烯（ＭＢＳ）共聚合物，初級狀態,日本,進口總值(含復進口),287,92656
2019-10,39039010,甲基丙烯酸甲酯－丁二烯－苯乙烯（ＭＢＳ）共聚合物，初級狀態,日本,出口總值(含復出口),11,4000
2019-10,39039010,甲基丙烯酸甲酯－丁二烯－苯乙烯（ＭＢＳ）共聚合物，初級狀態,比利時,出口總值(含復出口),99,51000
2019-10,39039010,甲基丙烯酸甲酯－丁二烯－苯乙烯（ＭＢＳ）共聚合物，初級狀態,卡達,出口總值(含復出口),80,32000
2019-10,39039010,甲基丙烯酸甲酯－丁二烯－苯乙烯（ＭＢＳ）共聚合物，初級狀態,孟加拉,出口總值(含復出口),25,11000
2019-10,39039010,甲基丙烯酸甲酯－丁二烯－苯乙烯（ＭＢＳ）共聚合物，初級狀態,南韓,進口總值(含復進口),72,31600
2019-10,39039010,甲基丙烯酸甲酯－丁二烯－苯乙烯（ＭＢＳ）共聚合物，初級狀態,南韓,出口總值(含復出口),102,54000
2019-10,39039010,甲基丙烯酸甲酯－丁二烯－苯乙烯（ＭＢＳ）共聚合物，初級狀態,哈薩克,出口總值(含復出口),6,3000
2019-10,39039010,甲基丙烯酸甲酯－丁二烯－苯乙烯（ＭＢＳ）共聚合物，初級狀態,美國,出口總值(含復出口),2,1000
2019-10,39039010,甲基丙烯酸甲酯－丁二烯－苯乙烯（ＭＢＳ）共聚合物，初級狀態,英國,出口總值(含復出口),70,37000
2019-10,39039010,甲基丙烯酸甲酯－丁二烯－苯乙烯（ＭＢＳ）共聚合物，初級狀態,香港,出口總值(含復出口),38,16200
2019-10,39039010,甲基丙烯酸甲酯－丁二烯－苯乙烯（ＭＢＳ）共聚合物，初級狀態,泰國,出口總值(含復出口),40,18000
2019-10,39039010,甲基丙烯酸甲酯－丁二烯－苯乙烯（ＭＢＳ）共聚合物，初級狀態,留尼旺,出口總值(含復出口),3,1000
2019-10,39039010,甲基丙烯酸甲酯－丁二烯－苯乙烯（ＭＢＳ）共聚合物，初級狀態,紐西蘭,出口總值(含復出口),26,11250
2019-10,39039010,甲基丙烯酸甲酯－丁二烯－苯乙烯（ＭＢＳ）共聚合物，初級狀態,馬來西亞,進口總值(含復進口),78,28800
2019-10,39039010,甲基丙烯酸甲酯－丁二烯－苯乙烯（ＭＢＳ）共聚合物，初級狀態,馬來西亞,出口總值(含復出口),86,40000
2019-10,39039010,甲基丙烯酸甲酯－丁二烯－苯乙烯（ＭＢＳ）共聚合物，初級狀態,荷蘭,進口總值(含復進口),56,20000
2019-10,39039010,甲基丙烯酸甲酯－丁二烯－苯乙烯（ＭＢＳ）共聚合物，初級狀態,荷蘭,出口總值(含復出口),2,1000
2019-10,39039010,甲基丙烯酸甲酯－丁二烯－苯乙烯（ＭＢＳ）共聚合物，初級狀態,菲律賓,出口總值(含復出口),24,10125
2019-10,39039010,甲基丙烯酸甲酯－丁二烯－苯乙烯（ＭＢＳ）共聚合物，初級狀態,越南,出口總值(含復出口),89,39500
2019-10,39039010,甲基丙烯酸甲酯－丁二烯－苯乙烯（ＭＢＳ）共聚合物，初級狀態,義大利,出口總值(含復出口),216,114000
2019-10,39039010,甲基丙烯酸甲酯－丁二烯－苯乙烯（ＭＢＳ）共聚合物，初級狀態,澳大利亞,出口總值(含復出口),6,3000
2019-10,39052100,醋酸乙烯共聚合物水性分散液,中國大陸,進口總值(含復進口),128,55960
2019-10,39052100,醋酸乙烯共聚合物水性分散液,中國大陸,出口總值(含復出口),3705,4544312
2019-10,39052100,醋酸乙烯共聚合物水性分散液,中華民國,進口總值(含復進口),10,9450
2019-10,39052100,醋酸乙烯共聚合物水性分散液,巴西,出口總值(含復出口),30,41940
2019-10,39052100,醋酸乙烯共聚合物水性分散液,巴基斯坦,出口總值(含復出口),114,140000
2019-10,39052100,醋酸乙烯共聚合物水性分散液,日本,進口總值(含復進口),11,1140
2019-10,39052100,醋酸乙烯共聚合物水性分散液,日本,出口總值(含復出口),20,20000
2019-10,39052100,醋酸乙烯共聚合物水性分散液,瓜地馬拉,出口總值(含復出口),15,17600
2019-10,39052100,醋酸乙烯共聚合物水性分散液,肯亞,出口總值(含復出口),23,19800
2019-10,39052100,醋酸乙烯共聚合物水性分散液,阿拉伯聯合大公國,出口總值(含復出口),20,17600
2019-10,39052100,醋酸乙烯共聚合物水性分散液,阿根廷,出口總值(含復出口),16,19800
2019-10,39052100,醋酸乙烯共聚合物水性分散液,南韓,出口總值(含復出口),20,17600
2019-10,39052100,醋酸乙烯共聚合物水性分散液,美國,進口總值(含復進口),66,37732
2019-10,39052100,醋酸乙烯共聚合物水性分散液,美國,出口總值(含復出口),35,35800
2019-10,39052100,醋酸乙烯共聚合物水性分散液,埃及,出口總值(含復出口),70,69600
2019-10,39052100,醋酸乙烯共聚合物水性分散液,秘魯,出口總值(含復出口),16,19800
2019-10,39052100,醋酸乙烯共聚合物水性分散液,紐西蘭,出口總值(含復出口),6,6160
2019-10,39052100,醋酸乙烯共聚合物水性分散液,馬來西亞,進口總值(含復進口),38,26000
2019-10,39052100,醋酸乙烯共聚合物水性分散液,越南,出口總值(含復出口),105,107800
2019-10,39052100,醋酸乙烯共聚合物水性分散液,澳大利亞,出口總值(含復出口),70,73590
2019-10,39052100,醋酸乙烯共聚合物水性分散液,薩爾瓦多,出口總值(含復出口),16,19800
2019-11,29161410,甲基丙烯酸甲酯,中國大陸,進口總值(含復進口),0,3
2019-11,29161410,甲基丙烯酸甲酯,中國大陸,出口總值(含復出口),3509,2511594
2019-11,29161410,甲基丙烯酸甲酯,日本,進口總值(含復進口),803,572281
2019-11,29161410,甲基丙烯酸甲酯,印尼,出口總值(含復出口),139,98450
2019-11,29161410,甲基丙烯酸甲酯,印度,出口總值(含復出口),24,15200
2019-11,29161410,甲基丙烯酸甲酯,阿拉伯聯合大公國,出口總值(含復出口),25,15200
2019-11,29161410,甲基丙烯酸甲酯,南韓,進口總值(含復進口),124,80000
2019-11,29161410,甲基丙烯酸甲酯,美國,進口總值(含復進口),0,3
2019-11,29161410,甲基丙烯酸甲酯,泰國,進口總值(含復進口),3409,2440805
2019-11,29161410,甲基丙烯酸甲酯,泰國,出口總值(含復出口),69,45600
2019-11,29161410,甲基丙烯酸甲酯,馬來西亞,出口總值(含復出口),152,100720
2019-11,29161410,甲基丙烯酸甲酯,菲律賓,出口總值(含復出口),415,280110
2019-11,29161410,甲基丙烯酸甲酯,越南,出口總值(含復出口),594,403620
2019-11,29161410,甲基丙烯酸甲酯,新加坡,進口總值(含復進口),228,156730
2019-11,29173300,鄰苯二甲酸二壬酯或二癸酯,中國大陸,出口總值(含復出口),1421,1593000
2019-11,29173300,鄰苯二甲酸二壬酯或二癸酯,日本,出口總值(含復出口),644,590000
2019-11,29173300,鄰苯二甲酸二壬酯或二癸酯,加拿大,出口總值(含復出口),86,80000
2019-11,29173300,鄰苯二甲酸二壬酯或二癸酯,印尼,出口總值(含復出口),46,40000
2019-11,29173300,鄰苯二甲酸二壬酯或二癸酯,印度,出口總值(含復出口),71,60000
2019-11,29173300,鄰苯二甲酸二壬酯或二癸酯,阿拉伯聯合大公國,出口總值(含復出口),17,16000
2019-11,29173300,鄰苯二甲酸二壬酯或二癸酯,阿曼,出口總值(含復出口),186,185000
2019-11,29173300,鄰苯二甲酸二壬酯或二癸酯,俄羅斯,出口總值(含復出口),22,21000
2019-11,29173300,鄰苯二甲酸二壬酯或二癸酯,美國,進口總值(含復進口),0,0
2019-11,29173300,鄰苯二甲酸二壬酯或二癸酯,美國,出口總值(含復出口),90,84000
2019-11,29173300,鄰苯二甲酸二壬酯或二癸酯,馬來西亞,出口總值(含復出口),220,217000
2019-11,29173300,鄰苯二甲酸二壬酯或二癸酯,菲律賓,出口總值(含復出口),69,56000
2019-11,29173300,鄰苯二甲酸二壬酯或二癸酯,象牙海岸,出口總值(含復出口),509,504000
2019-11,29173300,鄰苯二甲酸二壬酯或二癸酯,越南,出口總值(含復出口),252,242000
2019-11,29173300,鄰苯二甲酸二壬酯或二癸酯,墨西哥,出口總值(含復出口),171,163000
2019-11,29321100,四氫?喃,中國大陸,進口總值(含復進口),3,26
2019-11,29321100,四氫?喃,中國大陸,出口總值(含復出口),133,72000
2019-11,29321100,四氫?喃,日本,進口總值(含復進口),0,1
2019-11,29321100,四氫?喃,日本,出口總值(含復出口),372,189920
2019-11,29321100,四氫?喃,比利時,出口總值(含復出口),243,139370
2019-11,29321100,四氫?喃,以色列,出口總值(含復出口),26,14400
2019-11,29321100,四氫?喃,印度,出口總值(含復出口),852,544570
2019-11,29321100,四氫?喃,西班牙,進口總值(含復進口),1,18
2019-11,29321100,四氫?喃,法國,出口總值(含復出口),35,19920
2019-11,29321100,四氫?喃,肯亞,出口總值(含復出口),25,14400
2019-11,29321100,四氫?喃,南韓,進口總值(含復進口),4,527
2019-11,29321100,四氫?喃,美國,進口總值(含復進口),19,1294
2019-11,29321100,四氫?喃,美國,出口總值(含復出口),28,14400
2019-11,29321100,四氫?喃,英國,進口總值(含復進口),0,2
2019-11,29321100,四氫?喃,馬來西亞,出口總值(含復出口),75,43200
2019-11,29321100,四氫?喃,荷蘭,出口總值(含復出口),110,57600
2019-11,29321100,四氫?喃,越南,出口總值(含復出口),8,3700
2019-11,29321100,四氫?喃,愛爾蘭,進口總值(含復進口),0,0
2019-11,29321100,四氫?喃,德國,進口總值(含復進口),9,837
2019-11,39032000,苯乙烯－丙烯?共聚合物，初級狀態,中國大陸,進口總值(含復進口),55,20000
2019-11,39032000,苯乙烯－丙烯?共聚合物，初級狀態,中國大陸,出口總值(含復出口),13771,9676663
2019-11,39032000,苯乙烯－丙烯?共聚合物，初級狀態,巴西,出口總值(含復出口),109,72000
2019-11,39032000,苯乙烯－丙烯?共聚合物，初級狀態,巴基斯坦,出口總值(含復出口),194,130500
2019-11,39032000,苯乙烯－丙烯?共聚合物，初級狀態,日本,進口總值(含復進口),109,29473
2019-11,39032000,苯乙烯－丙烯?共聚合物，初級狀態,日本,出口總值(含復出口),57,36000
2019-11,39032000,苯乙烯－丙烯?共聚合物，初級狀態,以色列,出口總值(含復出口),26,16000
2019-11,39032000,苯乙烯－丙烯?共聚合物，初級狀態,印尼,出口總值(含復出口),348,235000
2019-11,39032000,苯乙烯－丙烯?共聚合物，初級狀態,印度,出口總值(含復出口),8,5000
2019-11,39032000,苯乙烯－丙烯?共聚合物，初級狀態,孟加拉,出口總值(含復出口),271,175000
2019-11,39032000,苯乙烯－丙烯?共聚合物，初級狀態,阿根廷,出口總值(含復出口),15,10000
2019-11,39032000,苯乙烯－丙烯?共聚合物，初級狀態,俄羅斯,出口總值(含復出口),27,19000
2019-11,39032000,苯乙烯－丙烯?共聚合物，初級狀態,南韓,進口總值(含復進口),78,52000
2019-11,39032000,苯乙烯－丙烯?共聚合物，初級狀態,美國,進口總值(含復進口),6,13884
2019-11,39032000,苯乙烯－丙烯?共聚合物，初級狀態,美國,出口總值(含復出口),112,71000
2019-11,39032000,苯乙烯－丙烯?共聚合物，初級狀態,英國,出口總值(含復出口),6,4000
2019-11,39032000,苯乙烯－丙烯?共聚合物，初級狀態,香港,出口總值(含復出口),1263,794400
2019-11,39032000,苯乙烯－丙烯?共聚合物，初級狀態,埃及,出口總值(含復出口),65,42000
2019-11,39032000,苯乙烯－丙烯?共聚合物，初級狀態,泰國,進口總值(含復進口),27,20000
2019-11,39032000,苯乙烯－丙烯?共聚合物，初級狀態,泰國,出口總值(含復出口),644,412000
2019-11,39032000,苯乙烯－丙烯?共聚合物，初級狀態,馬來西亞,出口總值(含復出口),134,92000
2019-11,39032000,苯乙烯－丙烯?共聚合物，初級狀態,荷蘭,出口總值(含復出口),38,24000
2019-11,39032000,苯乙烯－丙烯?共聚合物，初級狀態,菲律賓,出口總值(含復出口),37,25000
2019-11,39032000,苯乙烯－丙烯?共聚合物，初級狀態,越南,出口總值(含復出口),82,54025
2019-11,39032000,苯乙烯－丙烯?共聚合物，初級狀態,義大利,出口總值(含復出口),5,3000
2019-11,39032000,苯乙烯－丙烯?共聚合物，初級狀態,墨西哥,出口總值(含復出口),321,204000
2019-11,39032000,苯乙烯－丙烯?共聚合物，初級狀態,澳大利亞,出口總值(含復出口),6,4000
2019-11,39039010,甲基丙烯酸甲酯－丁二烯－苯乙烯（ＭＢＳ）共聚合物，初級狀態,中國大陸,出口總值(含復出口),689,327050
2019-11,39039010,甲基丙烯酸甲酯－丁二烯－苯乙烯（ＭＢＳ）共聚合物，初級狀態,日本,進口總值(含復進口),220,88895
2019-11,39039010,甲基丙烯酸甲酯－丁二烯－苯乙烯（ＭＢＳ）共聚合物，初級狀態,日本,出口總值(含復出口),45,19500
2019-11,39039010,甲基丙烯酸甲酯－丁二烯－苯乙烯（ＭＢＳ）共聚合物，初級狀態,印度,出口總值(含復出口),42,22000
2019-11,39039010,甲基丙烯酸甲酯－丁二烯－苯乙烯（ＭＢＳ）共聚合物，初級狀態,孟加拉,出口總值(含復出口),12,6000
2019-11,39039010,甲基丙烯酸甲酯－丁二烯－苯乙烯（ＭＢＳ）共聚合物，初級狀態,南韓,進口總值(含復進口),92,40000
2019-11,39039010,甲基丙烯酸甲酯－丁二烯－苯乙烯（ＭＢＳ）共聚合物，初級狀態,南韓,出口總值(含復出口),69,36000
2019-11,39039010,甲基丙烯酸甲酯－丁二烯－苯乙烯（ＭＢＳ）共聚合物，初級狀態,美國,出口總值(含復出口),47,22200
2019-11,39039010,甲基丙烯酸甲酯－丁二烯－苯乙烯（ＭＢＳ）共聚合物，初級狀態,英國,出口總值(含復出口),36,19125
2019-11,39039010,甲基丙烯酸甲酯－丁二烯－苯乙烯（ＭＢＳ）共聚合物，初級狀態,香港,出口總值(含復出口),53,21000
2019-11,39039010,甲基丙烯酸甲酯－丁二烯－苯乙烯（ＭＢＳ）共聚合物，初級狀態,泰國,出口總值(含復出口),16,8000
2019-11,39039010,甲基丙烯酸甲酯－丁二烯－苯乙烯（ＭＢＳ）共聚合物，初級狀態,紐西蘭,出口總值(含復出口),5,2000
2019-11,39039010,甲基丙烯酸甲酯－丁二烯－苯乙烯（ＭＢＳ）共聚合物，初級狀態,馬來西亞,進口總值(含復進口),27,9600
2019-11,39039010,甲基丙烯酸甲酯－丁二烯－苯乙烯（ＭＢＳ）共聚合物，初級狀態,馬來西亞,出口總值(含復出口),133,59000
2019-11,39039010,甲基丙烯酸甲酯－丁二烯－苯乙烯（ＭＢＳ）共聚合物，初級狀態,荷蘭,進口總值(含復進口),13,5400
2019-11,39039010,甲基丙烯酸甲酯－丁二烯－苯乙烯（ＭＢＳ）共聚合物，初級狀態,荷蘭,出口總值(含復出口),2,1000
2019-11,39039010,甲基丙烯酸甲酯－丁二烯－苯乙烯（ＭＢＳ）共聚合物，初級狀態,越南,出口總值(含復出口),44,22000
2019-11,39039010,甲基丙烯酸甲酯－丁二烯－苯乙烯（ＭＢＳ）共聚合物，初級狀態,澳大利亞,出口總值(含復出口),4,2000
2019-11,39052100,醋酸乙烯共聚合物水性分散液,中國大陸,進口總值(含復進口),48,19600
2019-11,39052100,醋酸乙烯共聚合物水性分散液,中國大陸,出口總值(含復出口),3871,4736070
2019-11,39052100,醋酸乙烯共聚合物水性分散液,巴西,出口總值(含復出口),22,20000
2019-11,39052100,醋酸乙烯共聚合物水性分散液,巴基斯坦,出口總值(含復出口),211,260000
2019-11,39052100,醋酸乙烯共聚合物水性分散液,日本,進口總值(含復進口),0,40
2019-11,39052100,醋酸乙烯共聚合物水性分散液,波多黎各,出口總值(含復出口),25,20120
2019-11,39052100,醋酸乙烯共聚合物水性分散液,南韓,出口總值(含復出口),8,8800
2019-11,39052100,醋酸乙烯共聚合物水性分散液,美國,進口總值(含復進口),23,17809
2019-11,39052100,醋酸乙烯共聚合物水性分散液,美國,出口總值(含復出口),36,36460
2019-11,39052100,醋酸乙烯共聚合物水性分散液,哥斯大黎加,出口總值(含復出口),14,17600
2019-11,39052100,醋酸乙烯共聚合物水性分散液,泰國,出口總值(含復出口),5,5000
2019-11,39052100,醋酸乙烯共聚合物水性分散液,紐西蘭,出口總值(含復出口),5,5500
2019-11,39052100,醋酸乙烯共聚合物水性分散液,馬來西亞,進口總值(含復進口),26,17200
2019-11,39052100,醋酸乙烯共聚合物水性分散液,越南,出口總值(含復出口),141,146780
2019-11,39052100,醋酸乙烯共聚合物水性分散液,墨西哥,出口總值(含復出口),20,17600
2019-11,39052100,醋酸乙烯共聚合物水性分散液,澳大利亞,出口總值(含復出口),141,153620
2019-12,29161410,甲基丙烯酸甲酯,中國大陸,出口總值(含復出口),9302,7105623
2019-12,29161410,甲基丙烯酸甲酯,巴基斯坦,出口總值(含復出口),126,76000
2019-12,29161410,甲基丙烯酸甲酯,日本,進口總值(含復進口),1972,1387637
2019-12,29161410,甲基丙烯酸甲酯,印尼,出口總值(含復出口),135,99020
2019-12,29161410,甲基丙烯酸甲酯,印度,出口總值(含復出口),137,91200
2019-12,29161410,甲基丙烯酸甲酯,沙烏地阿拉伯,進口總值(含復進口),1420,1024429
2019-12,29161410,甲基丙烯酸甲酯,美國,進口總值(含復進口),1285,694735
2019-12,29161410,甲基丙烯酸甲酯,英國,進口總值(含復進口),3,0
2019-12,29161410,甲基丙烯酸甲酯,香港,出口總值(含復出口),17,192
2019-12,29161410,甲基丙烯酸甲酯,泰國,進口總值(含復進口),3228,2323664
2019-12,29161410,甲基丙烯酸甲酯,泰國,出口總值(含復出口),23,15200
2019-12,29161410,甲基丙烯酸甲酯,馬來西亞,出口總值(含復出口),132,84800
2019-12,29161410,甲基丙烯酸甲酯,菲律賓,出口總值(含復出口),131,95140
2019-12,29161410,甲基丙烯酸甲酯,越南,出口總值(含復出口),1187,818120
2019-12,29161410,甲基丙烯酸甲酯,新加坡,進口總值(含復進口),171,117700
2019-12,29161410,甲基丙烯酸甲酯,德國,進口總值(含復進口),10,720
2019-12,29173300,鄰苯二甲酸二壬酯或二癸酯,中國大陸,出口總值(含復出口),2221,2548000
2019-12,29173300,鄰苯二甲酸二壬酯或二癸酯,日本,出口總值(含復出口),410,395000
2019-12,29173300,鄰苯二甲酸二壬酯或二癸酯,加拿大,出口總值(含復出口),43,40000
2019-12,29173300,鄰苯二甲酸二壬酯或二癸酯,阿根廷,出口總值(含復出口),39,41000
2019-12,29173300,鄰苯二甲酸二壬酯或二癸酯,阿曼,出口總值(含復出口),103,103000
2019-12,29173300,鄰苯二甲酸二壬酯或二癸酯,美國,進口總值(含復進口),0,0
2019-12,29173300,鄰苯二甲酸二壬酯或二癸酯,美國,出口總值(含復出口),581,603000
2019-12,29173300,鄰苯二甲酸二壬酯或二癸酯,埃及,出口總值(含復出口),106,104000
2019-12,29173300,鄰苯二甲酸二壬酯或二癸酯,馬來西亞,出口總值(含復出口),177,180000
2019-12,29173300,鄰苯二甲酸二壬酯或二癸酯,斯里蘭卡,出口總值(含復出口),38,40000
2019-12,29173300,鄰苯二甲酸二壬酯或二癸酯,菲律賓,出口總值(含復出口),103,88000
2019-12,29173300,鄰苯二甲酸二壬酯或二癸酯,象牙海岸,出口總值(含復出口),567,618000
2019-12,29173300,鄰苯二甲酸二壬酯或二癸酯,越南,出口總值(含復出口),316,309000
2019-12,29173300,鄰苯二甲酸二壬酯或二癸酯,德國,出口總值(含復出口),21,21000
2019-12,29173300,鄰苯二甲酸二壬酯或二癸酯,墨西哥,出口總值(含復出口),123,123000
2019-12,29173300,鄰苯二甲酸二壬酯或二癸酯,澳大利亞,出口總值(含復出口),63,63000
2019-12,29321100,四氫?喃,中國大陸,出口總值(含復出口),314,178240
2019-12,29321100,四氫?喃,日本,出口總值(含復出口),461,227890
2019-12,29321100,四氫?喃,以色列,出口總值(含復出口),27,14400
2019-12,29321100,四氫?喃,印度,出口總值(含復出口),791,482120
2019-12,29321100,四氫?喃,西班牙,進口總值(含復進口),0,2
2019-12,29321100,四氫?喃,南韓,進口總值(含復進口),5,683
2019-12,29321100,四氫?喃,南韓,出口總值(含復出口),31,19540
2019-12,29321100,四氫?喃,美國,進口總值(含復進口),12,980
2019-12,29321100,四氫?喃,美國,出口總值(含復出口),86,46720
2019-12,29321100,四氫?喃,英國,進口總值(含復進口),0,5
2019-12,29321100,四氫?喃,哥倫比亞,出口總值(含復出口),45,28800
2019-12,29321100,四氫?喃,馬來西亞,進口總值(含復進口),37,14400
2019-12,29321100,四氫?喃,馬來西亞,出口總值(含復出口),50,28800
2019-12,29321100,四氫?喃,義大利,進口總值(含復進口),22,75
2019-12,29321100,四氫?喃,德國,進口總值(含復進口),28,2691
2019-12,39032000,苯乙烯－丙烯?共聚合物，初級狀態,中國大陸,進口總值(含復進口),130,63200
2019-12,39032000,苯乙烯－丙烯?共聚合物，初級狀態,中國大陸,出口總值(含復出口),15362,10902560
2019-12,39032000,苯乙烯－丙烯?共聚合物，初級狀態,巴西,出口總值(含復出口),186,122000
2019-12,39032000,苯乙烯－丙烯?共聚合物，初級狀態,巴基斯坦,出口總值(含復出口),164,119000
2019-12,39032000,苯乙烯－丙烯?共聚合物，初級狀態,日本,進口總值(含復進口),201,58780
2019-12,39032000,苯乙烯－丙烯?共聚合物，初級狀態,日本,出口總值(含復出口),49,31375
2019-12,39032000,苯乙烯－丙烯?共聚合物，初級狀態,印尼,出口總值(含復出口),328,234000
2019-12,39032000,苯乙烯－丙烯?共聚合物，初級狀態,西班牙,出口總值(含復出口),7,4600
2019-12,39032000,苯乙烯－丙烯?共聚合物，初級狀態,孟加拉,出口總值(含復出口),254,167500
2019-12,39032000,苯乙烯－丙烯?共聚合物，初級狀態,波蘭,出口總值(含復出口),3,2000
2019-12,39032000,苯乙烯－丙烯?共聚合物，初級狀態,阿拉伯聯合大公國,出口總值(含復出口),25,16000
2019-12,39032000,苯乙烯－丙烯?共聚合物，初級狀態,阿根廷,出口總值(含復出口),17,11000
2019-12,39032000,苯乙烯－丙烯?共聚合物，初級狀態,南非,出口總值(含復出口),30,20000
2019-12,39032000,苯乙烯－丙烯?共聚合物，初級狀態,突尼西亞,出口總值(含復出口),12,8000
2019-12,39032000,苯乙烯－丙烯?共聚合物，初級狀態,美國,出口總值(含復出口),155,103000
2019-12,39032000,苯乙烯－丙烯?共聚合物，初級狀態,英國,進口總值(含復進口),44,11000
2019-12,39032000,苯乙烯－丙烯?共聚合物，初級狀態,香港,出口總值(含復出口),961,619300
2019-12,39032000,苯乙烯－丙烯?共聚合物，初級狀態,哥倫比亞,出口總值(含復出口),20,13000
2019-12,39032000,苯乙烯－丙烯?共聚合物，初級狀態,埃及,出口總值(含復出口),41,26000
2019-12,39032000,苯乙烯－丙烯?共聚合物，初級狀態,泰國,出口總值(含復出口),309,200000
2019-12,39032000,苯乙烯－丙烯?共聚合物，初級狀態,馬來西亞,出口總值(含復出口),60,40000
2019-12,39032000,苯乙烯－丙烯?共聚合物，初級狀態,荷蘭,出口總值(含復出口),243,156000
2019-12,39032000,苯乙烯－丙烯?共聚合物，初級狀態,斯洛維尼亞,出口總值(含復出口),7,4000
2019-12,39032000,苯乙烯－丙烯?共聚合物，初級狀態,菲律賓,出口總值(含復出口),35,25000
2019-12,39032000,苯乙烯－丙烯?共聚合物，初級狀態,越南,出口總值(含復出口),97,67000
2019-12,39032000,苯乙烯－丙烯?共聚合物，初級狀態,新加坡,出口總值(含復出口),3,1700
2019-12,39032000,苯乙烯－丙烯?共聚合物，初級狀態,瑞典,出口總值(含復出口),2,1000
2019-12,39032000,苯乙烯－丙烯?共聚合物，初級狀態,墨西哥,出口總值(含復出口),217,136000
2019-12,39032000,苯乙烯－丙烯?共聚合物，初級狀態,澳大利亞,出口總值(含復出口),8,5000
2019-12,39039010,甲基丙烯酸甲酯－丁二烯－苯乙烯（ＭＢＳ）共聚合物，初級狀態,中國大陸,出口總值(含復出口),1064,505619
2019-12,39039010,甲基丙烯酸甲酯－丁二烯－苯乙烯（ＭＢＳ）共聚合物，初級狀態,日本,進口總值(含復進口),336,135767
2019-12,39039010,甲基丙烯酸甲酯－丁二烯－苯乙烯（ＭＢＳ）共聚合物，初級狀態,日本,出口總值(含復出口),23,9000
2019-12,39039010,甲基丙烯酸甲酯－丁二烯－苯乙烯（ＭＢＳ）共聚合物，初級狀態,比利時,出口總值(含復出口),187,98000
2019-12,39039010,甲基丙烯酸甲酯－丁二烯－苯乙烯（ＭＢＳ）共聚合物，初級狀態,波蘭,出口總值(含復出口),2,1000
2019-12,39039010,甲基丙烯酸甲酯－丁二烯－苯乙烯（ＭＢＳ）共聚合物，初級狀態,法國,出口總值(含復出口),38,20400
2019-12,39039010,甲基丙烯酸甲酯－丁二烯－苯乙烯（ＭＢＳ）共聚合物，初級狀態,俄羅斯,出口總值(含復出口),3,1500
2019-12,39039010,甲基丙烯酸甲酯－丁二烯－苯乙烯（ＭＢＳ）共聚合物，初級狀態,南非,出口總值(含復出口),6,3000
2019-12,39039010,甲基丙烯酸甲酯－丁二烯－苯乙烯（ＭＢＳ）共聚合物，初級狀態,南韓,進口總值(含復進口),77,34600
2019-12,39039010,甲基丙烯酸甲酯－丁二烯－苯乙烯（ＭＢＳ）共聚合物，初級狀態,南韓,出口總值(含復出口),17,9000
2019-12,39039010,甲基丙烯酸甲酯－丁二烯－苯乙烯（ＭＢＳ）共聚合物，初級狀態,美國,出口總值(含復出口),2,1000
2019-12,39039010,甲基丙烯酸甲酯－丁二烯－苯乙烯（ＭＢＳ）共聚合物，初級狀態,英國,出口總值(含復出口),32,17125
2019-12,39039010,甲基丙烯酸甲酯－丁二烯－苯乙烯（ＭＢＳ）共聚合物，初級狀態,香港,出口總值(含復出口),24,10000
2019-12,39039010,甲基丙烯酸甲酯－丁二烯－苯乙烯（ＭＢＳ）共聚合物，初級狀態,紐西蘭,出口總值(含復出口),42,21000
2019-12,39039010,甲基丙烯酸甲酯－丁二烯－苯乙烯（ＭＢＳ）共聚合物，初級狀態,馬來西亞,進口總值(含復進口),13,3200
2019-12,39039010,甲基丙烯酸甲酯－丁二烯－苯乙烯（ＭＢＳ）共聚合物，初級狀態,馬來西亞,出口總值(含復出口),108,55000
2019-12,39039010,甲基丙烯酸甲酯－丁二烯－苯乙烯（ＭＢＳ）共聚合物，初級狀態,荷蘭,出口總值(含復出口),23,12400
2019-12,39039010,甲基丙烯酸甲酯－丁二烯－苯乙烯（ＭＢＳ）共聚合物，初級狀態,斯洛維尼亞,出口總值(含復出口),7,4000
2019-12,39039010,甲基丙烯酸甲酯－丁二烯－苯乙烯（ＭＢＳ）共聚合物，初級狀態,越南,出口總值(含復出口),132,62000
2019-12,39039010,甲基丙烯酸甲酯－丁二烯－苯乙烯（ＭＢＳ）共聚合物，初級狀態,義大利,出口總值(含復出口),129,70000
2019-12,39039010,甲基丙烯酸甲酯－丁二烯－苯乙烯（ＭＢＳ）共聚合物，初級狀態,澳大利亞,出口總值(含復出口),2,1000
2019-12,39052100,醋酸乙烯共聚合物水性分散液,中國大陸,進口總值(含復進口),117,50560
2019-12,39052100,醋酸乙烯共聚合物水性分散液,中國大陸,出口總值(含復出口),3281,3881910
2019-12,39052100,醋酸乙烯共聚合物水性分散液,巴西,出口總值(含復出口),95,101730
2019-12,39052100,醋酸乙烯共聚合物水性分散液,巴基斯坦,出口總值(含復出口),242,300000
2019-12,39052100,醋酸乙烯共聚合物水性分散液,日本,進口總值(含復進口),11,1140
2019-12,39052100,醋酸乙烯共聚合物水性分散液,日本,出口總值(含復出口),20,20020
2019-12,39052100,醋酸乙烯共聚合物水性分散液,瓜地馬拉,出口總值(含復出口),15,17600
2019-12,39052100,醋酸乙烯共聚合物水性分散液,阿拉伯聯合大公國,出口總值(含復出口),57,53410
2019-12,39052100,醋酸乙烯共聚合物水性分散液,阿根廷,出口總值(含復出口),17,19800
2019-12,39052100,醋酸乙烯共聚合物水性分散液,俄羅斯,出口總值(含復出口),42,32000
2019-12,39052100,醋酸乙烯共聚合物水性分散液,南韓,出口總值(含復出口),21,19360
2019-12,39052100,醋酸乙烯共聚合物水性分散液,美國,進口總值(含復進口),39,30000
2019-12,39052100,醋酸乙烯共聚合物水性分散液,美國,出口總值(含復出口),20,16000
2019-12,39052100,醋酸乙烯共聚合物水性分散液,香港,出口總值(含復出口),19,20000
2019-12,39052100,醋酸乙烯共聚合物水性分散液,泰國,出口總值(含復出口),37,41600
2019-12,39052100,醋酸乙烯共聚合物水性分散液,秘魯,出口總值(含復出口),33,44100
2019-12,39052100,醋酸乙烯共聚合物水性分散液,紐西蘭,出口總值(含復出口),16,20230
2019-12,39052100,醋酸乙烯共聚合物水性分散液,馬來西亞,進口總值(含復進口),12,9600
2019-12,39052100,醋酸乙烯共聚合物水性分散液,越南,出口總值(含復出口),168,175200
2019-12,39052100,醋酸乙烯共聚合物水性分散液,模里西斯,出口總值(含復出口),14,17600
2019-12,39052100,醋酸乙烯共聚合物水性分散液,澳大利亞,出口總值(含復出口),120,128150
2019-1,39069010,其他丙烯酸聚合物粒，初級狀態,土耳其,進口總值(含復進口),37,19800
2019-1,39069010,其他丙烯酸聚合物粒，初級狀態,土耳其,出口總值(含復出口),2576,1920000
2019-1,39069010,其他丙烯酸聚合物粒，初級狀態,中國大陸,進口總值(含復進口),1072,319296
2019-1,39069010,其他丙烯酸聚合物粒，初級狀態,中國大陸,出口總值(含復出口),10633,4179070
2019-1,39069010,其他丙烯酸聚合物粒，初級狀態,丹麥,進口總值(含復進口),0,1
2019-1,39069010,其他丙烯酸聚合物粒，初級狀態,丹麥,出口總值(含復出口),38,16000
2019-1,39069010,其他丙烯酸聚合物粒，初級狀態,厄瓜多,出口總值(含復出口),61,44800
2019-1,39069010,其他丙烯酸聚合物粒，初級狀態,巴西,出口總值(含復出口),54,40000
2019-1,39069010,其他丙烯酸聚合物粒，初級狀態,巴基斯坦,出口總值(含復出口),167,122700
2019-1,39069010,其他丙烯酸聚合物粒，初級狀態,日本,進口總值(含復進口),877,312085
2019-1,39069010,其他丙烯酸聚合物粒，初級狀態,日本,出口總值(含復出口),110,84400
2019-1,39069010,其他丙烯酸聚合物粒，初級狀態,比利時,出口總值(含復出口),0,20
2019-1,39069010,其他丙烯酸聚合物粒，初級狀態,以色列,出口總值(含復出口),302,227600
2019-1,39069010,其他丙烯酸聚合物粒，初級狀態,加拿大,出口總值(含復出口),103,41200
2019-1,39069010,其他丙烯酸聚合物粒，初級狀態,立陶宛,出口總值(含復出口),136,54000
2019-1,39069010,其他丙烯酸聚合物粒，初級狀態,印尼,出口總值(含復出口),137,65200
2019-1,39069010,其他丙烯酸聚合物粒，初級狀態,印度,出口總值(含復出口),163,68610
2019-1,39069010,其他丙烯酸聚合物粒，初級狀態,安哥拉,出口總值(含復出口),188,137600
2019-1,39069010,其他丙烯酸聚合物粒，初級狀態,沙烏地阿拉伯,出口總值(含復出口),669,415200
2019-1,39069010,其他丙烯酸聚合物粒，初級狀態,孟加拉,出口總值(含復出口),245,165040
2019-1,39069010,其他丙烯酸聚合物粒，初級狀態,波蘭,出口總值(含復出口),15,6000
2019-1,39069010,其他丙烯酸聚合物粒，初級狀態,法國,出口總值(含復出口),111,48025
2019-1,39069010,其他丙烯酸聚合物粒，初級狀態,阿拉伯聯合大公國,出口總值(含復出口),994,592160
2019-1,39069010,其他丙烯酸聚合物粒，初級狀態,南非,出口總值(含復出口),163,99000
2019-1,39069010,其他丙烯酸聚合物粒，初級狀態,南韓,進口總值(含復進口),786,414450
2019-1,39069010,其他丙烯酸聚合物粒，初級狀態,南韓,出口總值(含復出口),258,124350
2019-1,39069010,其他丙烯酸聚合物粒，初級狀態,柬埔寨,出口總值(含復出口),98,67500
2019-1,39069010,其他丙烯酸聚合物粒，初級狀態,約旦,出口總值(含復出口),181,144000
2019-1,39069010,其他丙烯酸聚合物粒，初級狀態,美國,進口總值(含復進口),574,93916
2019-1,39069010,其他丙烯酸聚合物粒，初級狀態,美國,出口總值(含復出口),446,178892
2019-1,39069010,其他丙烯酸聚合物粒，初級狀態,英國,進口總值(含復進口),43,19800
2019-1,39069010,其他丙烯酸聚合物粒，初級狀態,英國,出口總值(含復出口),14,5625
2019-1,39069010,其他丙烯酸聚合物粒，初級狀態,香港,出口總值(含復出口),909,365497
2019-1,39069010,其他丙烯酸聚合物粒，初級狀態,哥倫比亞,出口總值(含復出口),198,114000
2019-1,39069010,其他丙烯酸聚合物粒，初級狀態,埃及,出口總值(含復出口),313,186400
2019-1,39069010,其他丙烯酸聚合物粒，初級狀態,泰國,出口總值(含復出口),350,140070
2019-1,39069010,其他丙烯酸聚合物粒，初級狀態,紐西蘭,出口總值(含復出口),125,50200
2019-1,39069010,其他丙烯酸聚合物粒，初級狀態,馬來西亞,進口總值(含復進口),4,2000
2019-1,39069010,其他丙烯酸聚合物粒，初級狀態,馬來西亞,出口總值(含復出口),103,41600
2019-1,39069010,其他丙烯酸聚合物粒，初級狀態,荷蘭,進口總值(含復進口),30,6250
2019-1,39069010,其他丙烯酸聚合物粒，初級狀態,荷蘭,出口總值(含復出口),112,45000
2019-1,39069010,其他丙烯酸聚合物粒，初級狀態,斯洛維尼亞,出口總值(含復出口),30,12000
2019-1,39069010,其他丙烯酸聚合物粒，初級狀態,智利,出口總值(含復出口),8,5400
2019-1,39069010,其他丙烯酸聚合物粒，初級狀態,菲律賓,出口總值(含復出口),42,25560
2019-1,39069010,其他丙烯酸聚合物粒，初級狀態,越南,出口總值(含復出口),1498,899079
2019-1,39069010,其他丙烯酸聚合物粒，初級狀態,愛爾蘭,出口總值(含復出口),161,72000
2019-1,39069010,其他丙烯酸聚合物粒，初級狀態,新加坡,進口總值(含復進口),297,101000
2019-1,39069010,其他丙烯酸聚合物粒，初級狀態,新加坡,出口總值(含復出口),225,109160
2019-1,39069010,其他丙烯酸聚合物粒，初級狀態,瑞士,進口總值(含復進口),12,56
2019-1,39069010,其他丙烯酸聚合物粒，初級狀態,義大利,進口總值(含復進口),16,800
2019-1,39069010,其他丙烯酸聚合物粒，初級狀態,義大利,出口總值(含復出口),51,20000
2019-1,39069010,其他丙烯酸聚合物粒，初級狀態,德國,進口總值(含復進口),157,34280
2019-1,39069010,其他丙烯酸聚合物粒，初級狀態,墨西哥,出口總值(含復出口),1711,1331200
2019-1,39069010,其他丙烯酸聚合物粒，初級狀態,澳大利亞,出口總值(含復出口),90,37160
2019-1,39071000,聚縮醛，初級狀態,土耳其,出口總值(含復出口),121,80000
2019-1,39071000,聚縮醛，初級狀態,中國大陸,進口總值(含復進口),59,10729
2019-1,39071000,聚縮醛，初級狀態,中國大陸,出口總值(含復出口),3792,2288236
2019-1,39071000,聚縮醛，初級狀態,巴西,出口總值(含復出口),91,60000
2019-1,39071000,聚縮醛，初級狀態,日本,進口總值(含復進口),733,303502
2019-1,39071000,聚縮醛，初級狀態,日本,出口總值(含復出口),576,268825
2019-1,39071000,聚縮醛，初級狀態,比利時,出口總值(含復出口),86,54000
2019-1,39071000,聚縮醛，初級狀態,印尼,出口總值(含復出口),52,30000
2019-1,39071000,聚縮醛，初級狀態,印度,出口總值(含復出口),31,20000
2019-1,39071000,聚縮醛，初級狀態,孟加拉,出口總值(含復出口),65,42000
2019-1,39071000,聚縮醛，初級狀態,南韓,進口總值(含復進口),53,34000
2019-1,39071000,聚縮醛，初級狀態,美國,進口總值(含復進口),855,302430
2019-1,39071000,聚縮醛，初級狀態,美國,出口總值(含復出口),45,16000
2019-1,39071000,聚縮醛，初級狀態,香港,出口總值(含復出口),1003,495355
2019-1,39071000,聚縮醛，初級狀態,埃及,出口總值(含復出口),61,40000
2019-1,39071000,聚縮醛，初級狀態,泰國,進口總值(含復進口),459,275000
2019-1,39071000,聚縮醛，初級狀態,泰國,出口總值(含復出口),15,5300
2019-1,39071000,聚縮醛，初級狀態,紐西蘭,出口總值(含復出口),32,21000
2019-1,39071000,聚縮醛，初級狀態,馬來西亞,進口總值(含復進口),229,137345
2019-1,39071000,聚縮醛，初級狀態,馬來西亞,出口總值(含復出口),42,26000
2019-1,39071000,聚縮醛，初級狀態,荷蘭,進口總值(含復進口),458,101000
2019-1,39071000,聚縮醛，初級狀態,荷蘭,出口總值(含復出口),81,54000
2019-1,39071000,聚縮醛，初級狀態,越南,出口總值(含復出口),515,286150
2019-1,39071000,聚縮醛，初級狀態,義大利,出口總值(含復出口),84,54000
2019-1,39071000,聚縮醛，初級狀態,德國,進口總值(含復進口),4,700
2019-1,39071000,聚縮醛，初級狀態,德國,出口總值(含復出口),195,126300
2019-1,39071000,聚縮醛，初級狀態,墨西哥,出口總值(含復出口),114,55000
2019-2,39069010,其他丙烯酸聚合物粒，初級狀態,土耳其,出口總值(含復出口),3247,2477600
2019-2,39069010,其他丙烯酸聚合物粒，初級狀態,中國大陸,進口總值(含復進口),504,228850
2019-2,39069010,其他丙烯酸聚合物粒，初級狀態,中國大陸,出口總值(含復出口),8314,3305975
2019-2,39069010,其他丙烯酸聚合物粒，初級狀態,厄瓜多,出口總值(含復出口),61,44800
2019-2,39069010,其他丙烯酸聚合物粒，初級狀態,巴西,出口總值(含復出口),269,200000
2019-2,39069010,其他丙烯酸聚合物粒，初級狀態,巴基斯坦,出口總值(含復出口),238,160800
2019-2,39069010,其他丙烯酸聚合物粒，初級狀態,日本,進口總值(含復進口),1006,359057
2019-2,39069010,其他丙烯酸聚合物粒，初級狀態,日本,出口總值(含復出口),51,46018
2019-2,39069010,其他丙烯酸聚合物粒，初級狀態,比利時,進口總值(含復進口),15,560
2019-2,39069010,其他丙烯酸聚合物粒，初級狀態,比利時,出口總值(含復出口),15,6000
2019-2,39069010,其他丙烯酸聚合物粒，初級狀態,以色列,進口總值(含復進口),93,10000
2019-2,39069010,其他丙烯酸聚合物粒，初級狀態,以色列,出口總值(含復出口),104,80000
2019-2,39069010,其他丙烯酸聚合物粒，初級狀態,加拿大,出口總值(含復出口),129,52000
2019-2,39069010,其他丙烯酸聚合物粒，初級狀態,立陶宛,出口總值(含復出口),91,36000
2019-2,39069010,其他丙烯酸聚合物粒，初級狀態,印尼,出口總值(含復出口),212,71200
2019-2,39069010,其他丙烯酸聚合物粒，初級狀態,印度,出口總值(含復出口),118,59150
2019-2,39069010,其他丙烯酸聚合物粒，初級狀態,沙烏地阿拉伯,出口總值(含復出口),278,159200
2019-2,39069010,其他丙烯酸聚合物粒，初級狀態,孟加拉,出口總值(含復出口),154,97300
2019-2,39069010,其他丙烯酸聚合物粒，初級狀態,波蘭,出口總值(含復出口),13,5000
2019-2,39069010,其他丙烯酸聚合物粒，初級狀態,法國,進口總值(含復進口),18,560
2019-2,39069010,其他丙烯酸聚合物粒，初級狀態,法國,出口總值(含復出口),23,10000
2019-2,39069010,其他丙烯酸聚合物粒，初級狀態,阿拉伯聯合大公國,出口總值(含復出口),124,64000
2019-2,39069010,其他丙烯酸聚合物粒，初級狀態,阿根廷,出口總值(含復出口),8,3000
2019-2,39069010,其他丙烯酸聚合物粒，初級狀態,俄羅斯,出口總值(含復出口),108,34000
2019-2,39069010,其他丙烯酸聚合物粒，初級狀態,南非,出口總值(含復出口),300,210000
2019-2,39069010,其他丙烯酸聚合物粒，初級狀態,南韓,進口總值(含復進口),887,498190
2019-2,39069010,其他丙烯酸聚合物粒，初級狀態,南韓,出口總值(含復出口),193,86340
2019-2,39069010,其他丙烯酸聚合物粒，初級狀態,柬埔寨,出口總值(含復出口),92,67500
2019-2,39069010,其他丙烯酸聚合物粒，初級狀態,約旦,出口總值(含復出口),179,144000
2019-2,39069010,其他丙烯酸聚合物粒，初級狀態,美國,進口總值(含復進口),531,114936
2019-2,39069010,其他丙烯酸聚合物粒，初級狀態,美國,出口總值(含復出口),377,113944
2019-2,39069010,其他丙烯酸聚合物粒，初級狀態,英國,出口總值(含復出口),91,36000
2019-2,39069010,其他丙烯酸聚合物粒，初級狀態,香港,出口總值(含復出口),1143,494900
2019-2,39069010,其他丙烯酸聚合物粒，初級狀態,哥倫比亞,出口總值(含復出口),87,67200
2019-2,39069010,其他丙烯酸聚合物粒，初級狀態,埃及,出口總值(含復出口),503,384000
2019-2,39069010,其他丙烯酸聚合物粒，初級狀態,泰國,出口總值(含復出口),285,108360
2019-2,39069010,其他丙烯酸聚合物粒，初級狀態,紐西蘭,出口總值(含復出口),15,7400
2019-2,39069010,其他丙烯酸聚合物粒，初級狀態,馬來西亞,進口總值(含復進口),16,6000
2019-2,39069010,其他丙烯酸聚合物粒，初級狀態,馬來西亞,出口總值(含復出口),89,31191
2019-2,39069010,其他丙烯酸聚合物粒，初級狀態,荷蘭,進口總值(含復進口),84,30000
2019-2,39069010,其他丙烯酸聚合物粒，初級狀態,荷蘭,出口總值(含復出口),246,100000
2019-2,39069010,其他丙烯酸聚合物粒，初級狀態,菲律賓,出口總值(含復出口),3,1000
2019-2,39069010,其他丙烯酸聚合物粒，初級狀態,越南,出口總值(含復出口),569,315850
2019-2,39069010,其他丙烯酸聚合物粒，初級狀態,愛爾蘭,出口總值(含復出口),160,72000
2019-2,39069010,其他丙烯酸聚合物粒，初級狀態,新加坡,進口總值(含復進口),24,8000
2019-2,39069010,其他丙烯酸聚合物粒，初級狀態,新加坡,出口總值(含復出口),245,123000
2019-2,39069010,其他丙烯酸聚合物粒，初級狀態,瑞士,進口總值(含復進口),18,1
2019-2,39069010,其他丙烯酸聚合物粒，初級狀態,義大利,進口總值(含復進口),2,9
2019-2,39069010,其他丙烯酸聚合物粒，初級狀態,義大利,出口總值(含復出口),100,41000
2019-2,39069010,其他丙烯酸聚合物粒，初級狀態,葡萄牙,出口總值(含復出口),29,22400
2019-2,39069010,其他丙烯酸聚合物粒，初級狀態,德國,進口總值(含復進口),228,74560
2019-2,39069010,其他丙烯酸聚合物粒，初級狀態,模里西斯,出口總值(含復出口),2,1000
2019-2,39069010,其他丙烯酸聚合物粒，初級狀態,黎巴嫩,出口總值(含復出口),61,48000
2019-2,39069010,其他丙烯酸聚合物粒，初級狀態,墨西哥,出口總值(含復出口),1126,867200
2019-2,39069010,其他丙烯酸聚合物粒，初級狀態,澳大利亞,出口總值(含復出口),12,5000
2019-2,39071000,聚縮醛，初級狀態,土耳其,出口總值(含復出口),241,160000
2019-2,39071000,聚縮醛，初級狀態,中國大陸,進口總值(含復進口),30,6000
2019-2,39071000,聚縮醛，初級狀態,中國大陸,出口總值(含復出口),5116,3118106
2019-2,39071000,聚縮醛，初級狀態,巴西,出口總值(含復出口),121,80000
2019-2,39071000,聚縮醛，初級狀態,日本,進口總值(含復進口),479,135962
2019-2,39071000,聚縮醛，初級狀態,日本,出口總值(含復出口),257,134500
2019-2,39071000,聚縮醛，初級狀態,比利時,出口總值(含復出口),56,36000
2019-2,39071000,聚縮醛，初級狀態,以色列,出口總值(含復出口),30,20000
2019-2,39071000,聚縮醛，初級狀態,加拿大,出口總值(含復出口),28,18000
2019-2,39071000,聚縮醛，初級狀態,印尼,出口總值(含復出口),3,1000
2019-2,39071000,聚縮醛，初級狀態,印度,進口總值(含復進口),3,300
2019-2,39071000,聚縮醛，初級狀態,孟加拉,出口總值(含復出口),42,25000
2019-2,39071000,聚縮醛，初級狀態,俄羅斯,出口總值(含復出口),143,94000
2019-2,39071000,聚縮醛，初級狀態,南非,出口總值(含復出口),28,18000
2019-2,39071000,聚縮醛，初級狀態,南韓,進口總值(含復進口),120,69875
2019-2,39071000,聚縮醛，初級狀態,美國,進口總值(含復進口),468,151995
2019-2,39071000,聚縮醛，初級狀態,英國,出口總值(含復出口),28,18000
2019-2,39071000,聚縮醛，初級狀態,香港,出口總值(含復出口),510,280325
2019-2,39071000,聚縮醛，初級狀態,埃及,出口總值(含復出口),150,98000
2019-2,39071000,聚縮醛，初級狀態,泰國,進口總值(含復進口),379,228000
2019-2,39071000,聚縮醛，初級狀態,泰國,出口總值(含復出口),18,6500
2019-2,39071000,聚縮醛，初級狀態,馬來西亞,進口總值(含復進口),6,6228
2019-2,39071000,聚縮醛，初級狀態,馬來西亞,出口總值(含復出口),30,19400
2019-2,39071000,聚縮醛，初級狀態,荷蘭,進口總值(含復進口),234,58000
2019-2,39071000,聚縮醛，初級狀態,荷蘭,出口總值(含復出口),136,90025
2019-2,39071000,聚縮醛，初級狀態,菲律賓,出口總值(含復出口),25,13625
2019-2,39071000,聚縮醛，初級狀態,越南,出口總值(含復出口),318,179202
2019-2,39071000,聚縮醛，初級狀態,義大利,出口總值(含復出口),164,108000
2019-2,39071000,聚縮醛，初級狀態,德國,進口總值(含復進口),93,17000
2019-2,39071000,聚縮醛，初級狀態,德國,出口總值(含復出口),136,90000
2019-3,39069010,其他丙烯酸聚合物粒，初級狀態,土耳其,出口總值(含復出口),4434,3547600
2019-3,39069010,其他丙烯酸聚合物粒，初級狀態,中國大陸,進口總值(含復進口),1355,549727
2019-3,39069010,其他丙烯酸聚合物粒，初級狀態,中國大陸,出口總值(含復出口),11986,4929229
2019-3,39069010,其他丙烯酸聚合物粒，初級狀態,厄瓜多,出口總值(含復出口),61,44800
2019-3,39069010,其他丙烯酸聚合物粒，初級狀態,巴西,出口總值(含復出口),191,143400
2019-3,39069010,其他丙烯酸聚合物粒，初級狀態,巴基斯坦,出口總值(含復出口),240,163800
2019-3,39069010,其他丙烯酸聚合物粒，初級狀態,日本,進口總值(含復進口),1127,406923
2019-3,39069010,其他丙烯酸聚合物粒，初級狀態,日本,出口總值(含復出口),37,40000
2019-3,39069010,其他丙烯酸聚合物粒，初級狀態,比利時,進口總值(含復進口),123,16040
2019-3,39069010,其他丙烯酸聚合物粒，初級狀態,比利時,出口總值(含復出口),3,1210
2019-3,39069010,其他丙烯酸聚合物粒，初級狀態,以色列,出口總值(含復出口),121,86000
2019-3,39069010,其他丙烯酸聚合物粒，初級狀態,加拿大,出口總值(含復出口),129,51200
2019-3,39069010,其他丙烯酸聚合物粒，初級狀態,立陶宛,出口總值(含復出口),90,36000
2019-3,39069010,其他丙烯酸聚合物粒，初級狀態,印尼,出口總值(含復出口),237,120250
2019-3,39069010,其他丙烯酸聚合物粒，初級狀態,印度,出口總值(含復出口),271,140405
2019-3,39069010,其他丙烯酸聚合物粒，初級狀態,安哥拉,出口總值(含復出口),139,112000
2019-3,39069010,其他丙烯酸聚合物粒，初級狀態,西班牙,出口總值(含復出口),37,16000
2019-3,39069010,其他丙烯酸聚合物粒，初級狀態,沙烏地阿拉伯,出口總值(含復出口),796,494400
2019-3,39069010,其他丙烯酸聚合物粒，初級狀態,奈及利亞,出口總值(含復出口),31,22400
2019-3,39069010,其他丙烯酸聚合物粒，初級狀態,孟加拉,出口總值(含復出口),312,204075
2019-3,39069010,其他丙烯酸聚合物粒，初級狀態,法國,進口總值(含復進口),64,15075
2019-3,39069010,其他丙烯酸聚合物粒，初級狀態,阿拉伯聯合大公國,出口總值(含復出口),115,69000
2019-3,39069010,其他丙烯酸聚合物粒，初級狀態,阿根廷,出口總值(含復出口),60,44800
2019-3,39069010,其他丙烯酸聚合物粒，初級狀態,阿曼,出口總值(含復出口),29,16000
2019-3,39069010,其他丙烯酸聚合物粒，初級狀態,阿爾及利亞,出口總值(含復出口),179,144000
2019-3,39069010,其他丙烯酸聚合物粒，初級狀態,俄羅斯,出口總值(含復出口),18,7000
2019-3,39069010,其他丙烯酸聚合物粒，初級狀態,南非,出口總值(含復出口),219,125500
2019-3,39069010,其他丙烯酸聚合物粒，初級狀態,南韓,進口總值(含復進口),786,392940
2019-3,39069010,其他丙烯酸聚合物粒，初級狀態,南韓,出口總值(含復出口),129,81938
2019-3,39069010,其他丙烯酸聚合物粒，初級狀態,科威特,出口總值(含復出口),26,16000
2019-3,39069010,其他丙烯酸聚合物粒，初級狀態,美國,進口總值(含復進口),881,50233
2019-3,39069010,其他丙烯酸聚合物粒，初級狀態,美國,出口總值(含復出口),704,242800
2019-3,39069010,其他丙烯酸聚合物粒，初級狀態,英國,出口總值(含復出口),32,12000
2019-3,39069010,其他丙烯酸聚合物粒，初級狀態,迦納,出口總值(含復出口),20,16000
2019-3,39069010,其他丙烯酸聚合物粒，初級狀態,香港,出口總值(含復出口),1220,559300
2019-3,39069010,其他丙烯酸聚合物粒，初級狀態,哥倫比亞,出口總值(含復出口),165,83600
2019-3,39069010,其他丙烯酸聚合物粒，初級狀態,埃及,出口總值(含復出口),863,608000
2019-3,39069010,其他丙烯酸聚合物粒，初級狀態,泰國,進口總值(含復進口),52,23800
2019-3,39069010,其他丙烯酸聚合物粒，初級狀態,泰國,出口總值(含復出口),473,206125
2019-3,39069010,其他丙烯酸聚合物粒，初級狀態,紐西蘭,出口總值(含復出口),81,35200
2019-3,39069010,其他丙烯酸聚合物粒，初級狀態,馬來西亞,出口總值(含復出口),137,53050
2019-3,39069010,其他丙烯酸聚合物粒，初級狀態,荷蘭,進口總值(含復進口),48,12750
2019-3,39069010,其他丙烯酸聚合物粒，初級狀態,荷蘭,出口總值(含復出口),63,25000
2019-3,39069010,其他丙烯酸聚合物粒，初級狀態,菲律賓,出口總值(含復出口),141,49000
2019-3,39069010,其他丙烯酸聚合物粒，初級狀態,越南,出口總值(含復出口),860,444888
2019-3,39069010,其他丙烯酸聚合物粒，初級狀態,愛爾蘭,出口總值(含復出口),160,72000
2019-3,39069010,其他丙烯酸聚合物粒，初級狀態,新加坡,進口總值(含復進口),325,108000
2019-3,39069010,其他丙烯酸聚合物粒，初級狀態,新加坡,出口總值(含復出口),88,40200
2019-3,39069010,其他丙烯酸聚合物粒，初級狀態,瑞士,進口總值(含復進口),13,122
2019-3,39069010,其他丙烯酸聚合物粒，初級狀態,瑞典,進口總值(含復進口),3,50
2019-3,39069010,其他丙烯酸聚合物粒，初級狀態,義大利,出口總值(含復出口),396,182825
2019-3,39069010,其他丙烯酸聚合物粒，初級狀態,德國,進口總值(含復進口),292,54340
2019-3,39069010,其他丙烯酸聚合物粒，初級狀態,德國,出口總值(含復出口),5,4200
2019-3,39069010,其他丙烯酸聚合物粒，初級狀態,墨西哥,出口總值(含復出口),1527,1095200
2019-3,39069010,其他丙烯酸聚合物粒，初級狀態,澳大利亞,進口總值(含復進口),0,8
2019-3,39069010,其他丙烯酸聚合物粒，初級狀態,澳大利亞,出口總值(含復出口),333,150640
2019-3,39071000,聚縮醛，初級狀態,土耳其,出口總值(含復出口),88,58000
2019-3,39071000,聚縮醛，初級狀態,中國大陸,進口總值(含復進口),87,16728
2019-3,39071000,聚縮醛，初級狀態,中國大陸,出口總值(含復出口),8057,4898839
2019-3,39071000,聚縮醛，初級狀態,巴西,出口總值(含復出口),151,100000
2019-3,39071000,聚縮醛，初級狀態,巴基斯坦,出口總值(含復出口),28,18000
2019-3,39071000,聚縮醛，初級狀態,日本,進口總值(含復進口),562,154087
2019-3,39071000,聚縮醛，初級狀態,日本,出口總值(含復出口),504,249300
2019-3,39071000,聚縮醛，初級狀態,比利時,出口總值(含復出口),28,18000
2019-3,39071000,聚縮醛，初級狀態,印尼,出口總值(含復出口),29,19000
2019-3,39071000,聚縮醛，初級狀態,沙烏地阿拉伯,進口總值(含復進口),100,67000
2019-3,39071000,聚縮醛，初級狀態,孟加拉,出口總值(含復出口),34,22000
2019-3,39071000,聚縮醛，初級狀態,阿拉伯聯合大公國,出口總值(含復出口),28,18000
2019-3,39071000,聚縮醛，初級狀態,俄羅斯,出口總值(含復出口),89,58000
2019-3,39071000,聚縮醛，初級狀態,南韓,進口總值(含復進口),82,50000
2019-3,39071000,聚縮醛，初級狀態,南韓,出口總值(含復出口),3,1000
2019-3,39071000,聚縮醛，初級狀態,美國,進口總值(含復進口),244,86620
2019-3,39071000,聚縮醛，初級狀態,英國,出口總值(含復出口),27,18000
2019-3,39071000,聚縮醛，初級狀態,香港,出口總值(含復出口),771,373650
2019-3,39071000,聚縮醛，初級狀態,埃及,出口總值(含復出口),124,80000
2019-3,39071000,聚縮醛，初級狀態,泰國,進口總值(含復進口),533,333025
2019-3,39071000,聚縮醛，初級狀態,烏克蘭,出口總值(含復出口),84,54000
2019-3,39071000,聚縮醛，初級狀態,馬來西亞,進口總值(含復進口),4,1400
2019-3,39071000,聚縮醛，初級狀態,馬來西亞,出口總值(含復出口),25,10100
2019-3,39071000,聚縮醛，初級狀態,荷蘭,進口總值(含復進口),274,62000
2019-3,39071000,聚縮醛，初級狀態,荷蘭,出口總值(含復出口),136,90000
2019-3,39071000,聚縮醛，初級狀態,越南,出口總值(含復出口),498,285150
2019-3,39071000,聚縮醛，初級狀態,義大利,出口總值(含復出口),272,180000
2019-3,39071000,聚縮醛，初級狀態,葡萄牙,出口總值(含復出口),28,18000
2019-3,39071000,聚縮醛，初級狀態,德國,進口總值(含復進口),68,13500
2019-3,39071000,聚縮醛，初級狀態,德國,出口總值(含復出口),330,218625
2019-3,39071000,聚縮醛，初級狀態,墨西哥,進口總值(含復進口),5,502
2019-4,39069010,其他丙烯酸聚合物粒，初級狀態,土耳其,進口總值(含復進口),18,9900
2019-4,39069010,其他丙烯酸聚合物粒，初級狀態,土耳其,出口總值(含復出口),3456,2906400
2019-4,39069010,其他丙烯酸聚合物粒，初級狀態,中國大陸,進口總值(含復進口),1023,429476
2019-4,39069010,其他丙烯酸聚合物粒，初級狀態,中國大陸,出口總值(含復出口),12389,5520751
2019-4,39069010,其他丙烯酸聚合物粒，初級狀態,中華民國,進口總值(含復進口),0,100
2019-4,39069010,其他丙烯酸聚合物粒，初級狀態,厄瓜多,出口總值(含復出口),173,134400
2019-4,39069010,其他丙烯酸聚合物粒，初級狀態,巴西,出口總值(含復出口),31,22400
2019-4,39069010,其他丙烯酸聚合物粒，初級狀態,巴基斯坦,出口總值(含復出口),140,77600
2019-4,39069010,其他丙烯酸聚合物粒，初級狀態,日本,進口總值(含復進口),1152,423684
2019-4,39069010,其他丙烯酸聚合物粒，初級狀態,日本,出口總值(含復出口),92,69844
2019-4,39069010,其他丙烯酸聚合物粒，初級狀態,比利時,進口總值(含復進口),173,60020
2019-4,39069010,其他丙烯酸聚合物粒，初級狀態,比利時,出口總值(含復出口),0,80
2019-4,39069010,其他丙烯酸聚合物粒，初級狀態,以色列,出口總值(含復出口),344,254000
2019-4,39069010,其他丙烯酸聚合物粒，初級狀態,加拿大,出口總值(含復出口),147,44600
2019-4,39069010,其他丙烯酸聚合物粒，初級狀態,立陶宛,出口總值(含復出口),42,18000
2019-4,39069010,其他丙烯酸聚合物粒，初級狀態,伊朗,出口總值(含復出口),11,3000
2019-4,39069010,其他丙烯酸聚合物粒，初級狀態,印尼,出口總值(含復出口),219,89800
2019-4,39069010,其他丙烯酸聚合物粒，初級狀態,印度,出口總值(含復出口),150,56356
2019-4,39069010,其他丙烯酸聚合物粒，初級狀態,吉布地,出口總值(含復出口),104,80000
2019-4,39069010,其他丙烯酸聚合物粒，初級狀態,多明尼加,出口總值(含復出口),20,14400
2019-4,39069010,其他丙烯酸聚合物粒，初級狀態,安哥拉,出口總值(含復出口),68,52000
2019-4,39069010,其他丙烯酸聚合物粒，初級狀態,沙烏地阿拉伯,出口總值(含復出口),829,595200
2019-4,39069010,其他丙烯酸聚合物粒，初級狀態,坦尚尼亞,出口總值(含復出口),35,19200
2019-4,39069010,其他丙烯酸聚合物粒，初級狀態,孟加拉,出口總值(含復出口),77,38340
2019-4,39069010,其他丙烯酸聚合物粒，初級狀態,波蘭,出口總值(含復出口),5,2000
2019-4,39069010,其他丙烯酸聚合物粒，初級狀態,法國,進口總值(含復進口),19,480
2019-4,39069010,其他丙烯酸聚合物粒，初級狀態,肯亞,出口總值(含復出口),33,19200
2019-4,39069010,其他丙烯酸聚合物粒，初級狀態,阿拉伯聯合大公國,出口總值(含復出口),371,239800
2019-4,39069010,其他丙烯酸聚合物粒，初級狀態,阿曼,出口總值(含復出口),43,23000
2019-4,39069010,其他丙烯酸聚合物粒，初級狀態,俄羅斯,出口總值(含復出口),137,56400
2019-4,39069010,其他丙烯酸聚合物粒，初級狀態,南非,出口總值(含復出口),144,90800
2019-4,39069010,其他丙烯酸聚合物粒，初級狀態,南韓,進口總值(含復進口),665,352350
2019-4,39069010,其他丙烯酸聚合物粒，初級狀態,南韓,出口總值(含復出口),183,120175
2019-4,39069010,其他丙烯酸聚合物粒，初級狀態,柬埔寨,出口總值(含復出口),90,67500
2019-4,39069010,其他丙烯酸聚合物粒，初級狀態,科威特,出口總值(含復出口),99,64000
2019-4,39069010,其他丙烯酸聚合物粒，初級狀態,美國,進口總值(含復進口),327,46224
2019-4,39069010,其他丙烯酸聚合物粒，初級狀態,美國,出口總值(含復出口),676,267042
2019-4,39069010,其他丙烯酸聚合物粒，初級狀態,英國,出口總值(含復出口),77,32625
2019-4,39069010,其他丙烯酸聚合物粒，初級狀態,香港,出口總值(含復出口),983,396669
2019-4,39069010,其他丙烯酸聚合物粒，初級狀態,哥倫比亞,出口總值(含復出口),162,96400
2019-4,39069010,其他丙烯酸聚合物粒，初級狀態,埃及,出口總值(含復出口),1473,1056000
2019-4,39069010,其他丙烯酸聚合物粒，初級狀態,泰國,出口總值(含復出口),315,134150
2019-4,39069010,其他丙烯酸聚合物粒，初級狀態,紐西蘭,出口總值(含復出口),39,16000
2019-4,39069010,其他丙烯酸聚合物粒，初級狀態,馬來西亞,進口總值(含復進口),42,16000
2019-4,39069010,其他丙烯酸聚合物粒，初級狀態,馬來西亞,出口總值(含復出口),295,132485
2019-4,39069010,其他丙烯酸聚合物粒，初級狀態,敘利亞,出口總值(含復出口),169,128000
2019-4,39069010,其他丙烯酸聚合物粒，初級狀態,荷蘭,進口總值(含復進口),46,13125
2019-4,39069010,其他丙烯酸聚合物粒，初級狀態,荷蘭,出口總值(含復出口),71,30000
2019-4,39069010,其他丙烯酸聚合物粒，初級狀態,斯洛維尼亞,出口總值(含復出口),12,5000
2019-4,39069010,其他丙烯酸聚合物粒，初級狀態,智利,出口總值(含復出口),17,6800
2019-4,39069010,其他丙烯酸聚合物粒，初級狀態,菲律賓,出口總值(含復出口),29,18240
2019-4,39069010,其他丙烯酸聚合物粒，初級狀態,越南,出口總值(含復出口),887,520795
2019-4,39069010,其他丙烯酸聚合物粒，初級狀態,愛爾蘭,出口總值(含復出口),309,144000
2019-4,39069010,其他丙烯酸聚合物粒，初級狀態,新加坡,進口總值(含復進口),362,137420
2019-4,39069010,其他丙烯酸聚合物粒，初級狀態,新加坡,出口總值(含復出口),23,11800
2019-4,39069010,其他丙烯酸聚合物粒，初級狀態,瑞士,進口總值(含復進口),5,46
2019-4,39069010,其他丙烯酸聚合物粒，初級狀態,義大利,進口總值(含復進口),0,2
2019-4,39069010,其他丙烯酸聚合物粒，初級狀態,義大利,出口總值(含復出口),108,54400
2019-4,39069010,其他丙烯酸聚合物粒，初級狀態,德國,進口總值(含復進口),188,18860
2019-4,39069010,其他丙烯酸聚合物粒，初級狀態,德國,出口總值(含復出口),24,16000
2019-4,39069010,其他丙烯酸聚合物粒，初級狀態,黎巴嫩,出口總值(含復出口),16,7800
2019-4,39069010,其他丙烯酸聚合物粒，初級狀態,墨西哥,出口總值(含復出口),794,656000
2019-4,39069010,其他丙烯酸聚合物粒，初級狀態,澳大利亞,出口總值(含復出口),93,45560
2019-4,39071000,聚縮醛，初級狀態,土耳其,出口總值(含復出口),143,96000
2019-4,39071000,聚縮醛，初級狀態,中國大陸,進口總值(含復進口),147,40700
2019-4,39071000,聚縮醛，初級狀態,中國大陸,出口總值(含復出口),7447,4550871
2019-4,39071000,聚縮醛，初級狀態,巴基斯坦,出口總值(含復出口),7,4500
2019-4,39071000,聚縮醛，初級狀態,日本,進口總值(含復進口),366,134419
2019-4,39071000,聚縮醛，初級狀態,日本,出口總值(含復出口),239,93525
2019-4,39071000,聚縮醛，初級狀態,比利時,出口總值(含復出口),28,18000
2019-4,39071000,聚縮醛，初級狀態,印尼,出口總值(含復出口),8,3000
2019-4,39071000,聚縮醛，初級狀態,印度,出口總值(含復出口),3,1000
2019-4,39071000,聚縮醛，初級狀態,阿根廷,出口總值(含復出口),27,18000
2019-4,39071000,聚縮醛，初級狀態,俄羅斯,出口總值(含復出口),91,60025
2019-4,39071000,聚縮醛，初級狀態,南韓,進口總值(含復進口),52,36000
2019-4,39071000,聚縮醛，初級狀態,南韓,出口總值(含復出口),3,1000
2019-4,39071000,聚縮醛，初級狀態,美國,進口總值(含復進口),497,167771
2019-4,39071000,聚縮醛，初級狀態,美國,出口總值(含復出口),20,11250
2019-4,39071000,聚縮醛，初級狀態,香港,出口總值(含復出口),568,246475
2019-4,39071000,聚縮醛，初級狀態,埃及,出口總值(含復出口),126,80000
2019-4,39071000,聚縮醛，初級狀態,泰國,進口總值(含復進口),622,384000
2019-4,39071000,聚縮醛，初級狀態,泰國,出口總值(含復出口),5,2000
2019-4,39071000,聚縮醛，初級狀態,烏克蘭,出口總值(含復出口),27,18000
2019-4,39071000,聚縮醛，初級狀態,秘魯,出口總值(含復出口),0,50
2019-4,39071000,聚縮醛，初級狀態,馬來西亞,進口總值(含復進口),49,16250
2019-4,39071000,聚縮醛，初級狀態,馬來西亞,出口總值(含復出口),42,23000
2019-4,39071000,聚縮醛，初級狀態,荷蘭,進口總值(含復進口),117,28097
2019-4,39071000,聚縮醛，初級狀態,荷蘭,出口總值(含復出口),109,72000
2019-4,39071000,聚縮醛，初級狀態,斯里蘭卡,出口總值(含復出口),0,25
2019-4,39071000,聚縮醛，初級狀態,斯洛維尼亞,出口總值(含復出口),27,18000
2019-4,39071000,聚縮醛，初級狀態,菲律賓,出口總值(含復出口),7,4500
2019-4,39071000,聚縮醛，初級狀態,越南,出口總值(含復出口),283,155400
2019-4,39071000,聚縮醛，初級狀態,新加坡,進口總值(含復進口),4,500
2019-4,39071000,聚縮醛，初級狀態,義大利,出口總值(含復出口),29,18000
2019-4,39071000,聚縮醛，初級狀態,德國,出口總值(含復出口),105,72000
2019-4,39071000,聚縮醛，初級狀態,墨西哥,出口總值(含復出口),3,1000
2019-4,39071000,聚縮醛，初級狀態,澳大利亞,出口總值(含復出口),29,18000
2019-5,39069010,其他丙烯酸聚合物粒，初級狀態,土耳其,進口總值(含復進口),36,20700
2019-5,39069010,其他丙烯酸聚合物粒，初級狀態,土耳其,出口總值(含復出口),5573,4736000
2019-5,39069010,其他丙烯酸聚合物粒，初級狀態,中國大陸,進口總值(含復進口),780,291764
2019-5,39069010,其他丙烯酸聚合物粒，初級狀態,中國大陸,出口總值(含復出口),10011,5222516
2019-5,39069010,其他丙烯酸聚合物粒，初級狀態,厄瓜多,出口總值(含復出口),57,44800
2019-5,39069010,其他丙烯酸聚合物粒，初級狀態,巴西,出口總值(含復出口),20,23400
2019-5,39069010,其他丙烯酸聚合物粒，初級狀態,巴基斯坦,出口總值(含復出口),373,263000
2019-5,39069010,其他丙烯酸聚合物粒，初級狀態,日本,進口總值(含復進口),1223,455572
2019-5,39069010,其他丙烯酸聚合物粒，初級狀態,日本,出口總值(含復出口),91,74194
2019-5,39069010,其他丙烯酸聚合物粒，初級狀態,比利時,進口總值(含復進口),1,20
2019-5,39069010,其他丙烯酸聚合物粒，初級狀態,以色列,出口總值(含復出口),185,147000
2019-5,39069010,其他丙烯酸聚合物粒，初級狀態,立陶宛,出口總值(含復出口),126,54000
2019-5,39069010,其他丙烯酸聚合物粒，初級狀態,印尼,出口總值(含復出口),222,112050
2019-5,39069010,其他丙烯酸聚合物粒，初級狀態,印度,進口總值(含復進口),2,850
2019-5,39069010,其他丙烯酸聚合物粒，初級狀態,印度,出口總值(含復出口),197,104990
2019-5,39069010,其他丙烯酸聚合物粒，初級狀態,西班牙,出口總值(含復出口),46,20000
2019-5,39069010,其他丙烯酸聚合物粒，初級狀態,沙烏地阿拉伯,出口總值(含復出口),967,695200
2019-5,39069010,其他丙烯酸聚合物粒，初級狀態,坦尚尼亞,出口總值(含復出口),49,40000
2019-5,39069010,其他丙烯酸聚合物粒，初級狀態,孟加拉,出口總值(含復出口),178,94990
2019-5,39069010,其他丙烯酸聚合物粒，初級狀態,波蘭,出口總值(含復出口),123,52000
2019-5,39069010,其他丙烯酸聚合物粒，初級狀態,法國,進口總值(含復進口),25,5100
2019-5,39069010,其他丙烯酸聚合物粒，初級狀態,法國,出口總值(含復出口),210,86000
2019-5,39069010,其他丙烯酸聚合物粒，初級狀態,肯亞,出口總值(含復出口),74,60000
2019-5,39069010,其他丙烯酸聚合物粒，初級狀態,阿拉伯聯合大公國,出口總值(含復出口),712,441800
2019-5,39069010,其他丙烯酸聚合物粒，初級狀態,阿曼,出口總值(含復出口),59,32000
2019-5,39069010,其他丙烯酸聚合物粒，初級狀態,俄羅斯,出口總值(含復出口),7,3000
2019-5,39069010,其他丙烯酸聚合物粒，初級狀態,南非,出口總值(含復出口),55,31000
2019-5,39069010,其他丙烯酸聚合物粒，初級狀態,南韓,進口總值(含復進口),767,346350
2019-5,39069010,其他丙烯酸聚合物粒，初級狀態,南韓,出口總值(含復出口),222,107540
2019-5,39069010,其他丙烯酸聚合物粒，初級狀態,美國,進口總值(含復進口),563,65407
2019-5,39069010,其他丙烯酸聚合物粒，初級狀態,美國,出口總值(含復出口),275,111000
2019-5,39069010,其他丙烯酸聚合物粒，初級狀態,英國,出口總值(含復出口),157,67500
2019-5,39069010,其他丙烯酸聚合物粒，初級狀態,迦納,出口總值(含復出口),87,72000
2019-5,39069010,其他丙烯酸聚合物粒，初級狀態,香港,出口總值(含復出口),1597,658100
2019-5,39069010,其他丙烯酸聚合物粒，初級狀態,哥倫比亞,出口總值(含復出口),34,14400
2019-5,39069010,其他丙烯酸聚合物粒，初級狀態,埃及,出口總值(含復出口),170,114400
2019-5,39069010,其他丙烯酸聚合物粒，初級狀態,泰國,出口總值(含復出口),270,108220
2019-5,39069010,其他丙烯酸聚合物粒，初級狀態,紐西蘭,出口總值(含復出口),43,19400
2019-5,39069010,其他丙烯酸聚合物粒，初級狀態,馬來西亞,出口總值(含復出口),321,146225
2019-5,39069010,其他丙烯酸聚合物粒，初級狀態,荷蘭,進口總值(含復進口),68,24000
2019-5,39069010,其他丙烯酸聚合物粒，初級狀態,荷蘭,出口總值(含復出口),58,25000
2019-5,39069010,其他丙烯酸聚合物粒，初級狀態,斯里蘭卡,出口總值(含復出口),6,2000
2019-5,39069010,其他丙烯酸聚合物粒，初級狀態,斯洛維尼亞,出口總值(含復出口),14,6000
2019-5,39069010,其他丙烯酸聚合物粒，初級狀態,智利,出口總值(含復出口),7,3000
2019-5,39069010,其他丙烯酸聚合物粒，初級狀態,菲律賓,出口總值(含復出口),22,10000
2019-5,39069010,其他丙烯酸聚合物粒，初級狀態,越南,出口總值(含復出口),811,502000
2019-5,39069010,其他丙烯酸聚合物粒，初級狀態,新加坡,進口總值(含復進口),78,27000
2019-5,39069010,其他丙烯酸聚合物粒，初級狀態,新加坡,出口總值(含復出口),175,67400
2019-5,39069010,其他丙烯酸聚合物粒，初級狀態,瑞士,進口總值(含復進口),17,1
2019-5,39069010,其他丙烯酸聚合物粒，初級狀態,瑞典,出口總值(含復出口),21,9000
2019-5,39069010,其他丙烯酸聚合物粒，初級狀態,義大利,進口總值(含復進口),3,26
2019-5,39069010,其他丙烯酸聚合物粒，初級狀態,義大利,出口總值(含復出口),68,39400
2019-5,39069010,其他丙烯酸聚合物粒，初級狀態,葡萄牙,出口總值(含復出口),28,22400
2019-5,39069010,其他丙烯酸聚合物粒，初級狀態,德國,進口總值(含復進口),442,101720
2019-5,39069010,其他丙烯酸聚合物粒，初級狀態,黎巴嫩,出口總值(含復出口),87,67200
2019-5,39069010,其他丙烯酸聚合物粒，初級狀態,墨西哥,出口總值(含復出口),1112,859400
2019-5,39069010,其他丙烯酸聚合物粒，初級狀態,澳大利亞,出口總值(含復出口),102,51880
2019-5,39071000,聚縮醛，初級狀態,土耳其,出口總值(含復出口),226,154000
2019-5,39071000,聚縮醛，初級狀態,中國大陸,進口總值(含復進口),43,7511
2019-5,39071000,聚縮醛，初級狀態,中國大陸,出口總值(含復出口),7134,4411511
2019-5,39071000,聚縮醛，初級狀態,日本,進口總值(含復進口),236,61950
2019-5,39071000,聚縮醛，初級狀態,日本,出口總值(含復出口),660,307575
2019-5,39071000,聚縮醛，初級狀態,比利時,出口總值(含復出口),27,18000
2019-5,39071000,聚縮醛，初級狀態,印尼,出口總值(含復出口),34,28000
2019-5,39071000,聚縮醛，初級狀態,印度,出口總值(含復出口),31,20000
2019-5,39071000,聚縮醛，初級狀態,西班牙,出口總值(含復出口),27,18000
2019-5,39071000,聚縮醛，初級狀態,沙烏地阿拉伯,進口總值(含復進口),144,114000
2019-5,39071000,聚縮醛，初級狀態,孟加拉,出口總值(含復出口),30,20000
2019-5,39071000,聚縮醛，初級狀態,阿拉伯聯合大公國,出口總值(含復出口),235,146000
2019-5,39071000,聚縮醛，初級狀態,俄羅斯,出口總值(含復出口),60,40000
2019-5,39071000,聚縮醛，初級狀態,南非,出口總值(含復出口),105,72000
2019-5,39071000,聚縮醛，初級狀態,南韓,進口總值(含復進口),73,35250
2019-5,39071000,聚縮醛，初級狀態,突尼西亞,出口總值(含復出口),27,18000
2019-5,39071000,聚縮醛，初級狀態,美國,進口總值(含復進口),480,131517
2019-5,39071000,聚縮醛，初級狀態,美國,出口總值(含復出口),30,18000
2019-5,39071000,聚縮醛，初級狀態,英國,出口總值(含復出口),27,18000
2019-5,39071000,聚縮醛，初級狀態,香港,出口總值(含復出口),861,381366
2019-5,39071000,聚縮醛，初級狀態,埃及,出口總值(含復出口),214,140000
2019-5,39071000,聚縮醛，初級狀態,泰國,進口總值(含復進口),574,358500
2019-5,39071000,聚縮醛，初級狀態,泰國,出口總值(含復出口),14,5000
2019-5,39071000,聚縮醛，初級狀態,烏克蘭,出口總值(含復出口),27,18000
2019-5,39071000,聚縮醛，初級狀態,馬來西亞,進口總值(含復進口),48,32030
2019-5,39071000,聚縮醛，初級狀態,馬來西亞,出口總值(含復出口),15,6750
2019-5,39071000,聚縮醛，初級狀態,馬爾他,出口總值(含復出口),81,54000
2019-5,39071000,聚縮醛，初級狀態,捷克,出口總值(含復出口),166,108000
2019-5,39071000,聚縮醛，初級狀態,荷蘭,進口總值(含復進口),98,20000
2019-5,39071000,聚縮醛，初級狀態,荷蘭,出口總值(含復出口),311,216000
2019-5,39071000,聚縮醛，初級狀態,菲律賓,出口總值(含復出口),10,4750
2019-5,39071000,聚縮醛，初級狀態,越南,出口總值(含復出口),385,221930
2019-5,39071000,聚縮醛，初級狀態,新加坡,進口總值(含復進口),23,1475
2019-5,39071000,聚縮醛，初級狀態,義大利,出口總值(含復出口),136,90000
2019-5,39071000,聚縮醛，初級狀態,德國,進口總值(含復進口),79,10000
2019-5,39071000,聚縮醛，初級狀態,德國,出口總值(含復出口),288,228000
2019-6,39069010,其他丙烯酸聚合物粒，初級狀態,土耳其,進口總值(含復進口),37,19800
2019-6,39069010,其他丙烯酸聚合物粒，初級狀態,土耳其,出口總值(含復出口),4797,3983000
2019-6,39069010,其他丙烯酸聚合物粒，初級狀態,中國大陸,進口總值(含復進口),978,404427
2019-6,39069010,其他丙烯酸聚合物粒，初級狀態,中國大陸,出口總值(含復出口),7692,3488430
2019-6,39069010,其他丙烯酸聚合物粒，初級狀態,厄瓜多,出口總值(含復出口),115,89600
2019-6,39069010,其他丙烯酸聚合物粒，初級狀態,巴西,出口總值(含復出口),30,22400
2019-6,39069010,其他丙烯酸聚合物粒，初級狀態,巴基斯坦,出口總值(含復出口),394,281970
2019-6,39069010,其他丙烯酸聚合物粒，初級狀態,日本,進口總值(含復進口),867,382072
2019-6,39069010,其他丙烯酸聚合物粒，初級狀態,日本,出口總值(含復出口),70,79000
2019-6,39069010,其他丙烯酸聚合物粒，初級狀態,比利時,進口總值(含復進口),152,24640
2019-6,39069010,其他丙烯酸聚合物粒，初級狀態,比利時,出口總值(含復出口),5,2000
2019-6,39069010,其他丙烯酸聚合物粒，初級狀態,以色列,出口總值(含復出口),199,161000
2019-6,39069010,其他丙烯酸聚合物粒，初級狀態,立陶宛,出口總值(含復出口),42,18000
2019-6,39069010,其他丙烯酸聚合物粒，初級狀態,印尼,出口總值(含復出口),191,85400
2019-6,39069010,其他丙烯酸聚合物粒，初級狀態,印度,出口總值(含復出口),358,173360
2019-6,39069010,其他丙烯酸聚合物粒，初級狀態,沙烏地阿拉伯,出口總值(含復出口),722,511200
2019-6,39069010,其他丙烯酸聚合物粒，初級狀態,坦尚尼亞,出口總值(含復出口),170,140000
2019-6,39069010,其他丙烯酸聚合物粒，初級狀態,孟加拉,出口總值(含復出口),257,153430
2019-6,39069010,其他丙烯酸聚合物粒，初級狀態,波蘭,出口總值(含復出口),124,53000
2019-6,39069010,其他丙烯酸聚合物粒，初級狀態,法國,出口總值(含復出口),91,36000
2019-6,39069010,其他丙烯酸聚合物粒，初級狀態,肯亞,出口總值(含復出口),204,159200
2019-6,39069010,其他丙烯酸聚合物粒，初級狀態,阿拉伯聯合大公國,出口總值(含復出口),735,510400
2019-6,39069010,其他丙烯酸聚合物粒，初級狀態,阿曼,出口總值(含復出口),30,16000
2019-6,39069010,其他丙烯酸聚合物粒，初級狀態,俄羅斯,進口總值(含復進口),2,100
2019-6,39069010,其他丙烯酸聚合物粒，初級狀態,俄羅斯,出口總值(含復出口),179,59000
2019-6,39069010,其他丙烯酸聚合物粒，初級狀態,南非,出口總值(含復出口),94,67000
2019-6,39069010,其他丙烯酸聚合物粒，初級狀態,南韓,進口總值(含復進口),688,363490
2019-6,39069010,其他丙烯酸聚合物粒，初級狀態,南韓,出口總值(含復出口),264,135565
2019-6,39069010,其他丙烯酸聚合物粒，初級狀態,柬埔寨,出口總值(含復出口),90,67500
2019-6,39069010,其他丙烯酸聚合物粒，初級狀態,美國,進口總值(含復進口),398,70645
2019-6,39069010,其他丙烯酸聚合物粒，初級狀態,美國,出口總值(含復出口),290,90670
2019-6,39069010,其他丙烯酸聚合物粒，初級狀態,英國,進口總值(含復進口),4,900
2019-6,39069010,其他丙烯酸聚合物粒，初級狀態,英國,出口總值(含復出口),115,50000
2019-6,39069010,其他丙烯酸聚合物粒，初級狀態,香港,出口總值(含復出口),1507,646898
2019-6,39069010,其他丙烯酸聚合物粒，初級狀態,哥倫比亞,出口總值(含復出口),56,26600
2019-6,39069010,其他丙烯酸聚合物粒，初級狀態,埃及,出口總值(含復出口),477,400000
2019-6,39069010,其他丙烯酸聚合物粒，初級狀態,泰國,進口總值(含復進口),105,48000
2019-6,39069010,其他丙烯酸聚合物粒，初級狀態,泰國,出口總值(含復出口),164,78080
2019-6,39069010,其他丙烯酸聚合物粒，初級狀態,紐西蘭,出口總值(含復出口),51,25000
2019-6,39069010,其他丙烯酸聚合物粒，初級狀態,馬來西亞,進口總值(含復進口),98,11000
2019-6,39069010,其他丙烯酸聚合物粒，初級狀態,馬來西亞,出口總值(含復出口),102,54400
2019-6,39069010,其他丙烯酸聚合物粒，初級狀態,荷蘭,進口總值(含復進口),99,31875
2019-6,39069010,其他丙烯酸聚合物粒，初級狀態,荷蘭,出口總值(含復出口),83,37000
2019-6,39069010,其他丙烯酸聚合物粒，初級狀態,斯里蘭卡,出口總值(含復出口),9,4000
2019-6,39069010,其他丙烯酸聚合物粒，初級狀態,智利,出口總值(含復出口),10,6200
2019-6,39069010,其他丙烯酸聚合物粒，初級狀態,菲律賓,出口總值(含復出口),28,18560
2019-6,39069010,其他丙烯酸聚合物粒，初級狀態,越南,出口總值(含復出口),938,579953
2019-6,39069010,其他丙烯酸聚合物粒，初級狀態,愛爾蘭,出口總值(含復出口),153,72000
2019-6,39069010,其他丙烯酸聚合物粒，初級狀態,新加坡,進口總值(含復進口),138,44030
2019-6,39069010,其他丙烯酸聚合物粒，初級狀態,新加坡,出口總值(含復出口),95,31600
2019-6,39069010,其他丙烯酸聚合物粒，初級狀態,瑞士,進口總值(含復進口),12,123
2019-6,39069010,其他丙烯酸聚合物粒，初級狀態,瑞典,進口總值(含復進口),3,50
2019-6,39069010,其他丙烯酸聚合物粒，初級狀態,義大利,出口總值(含復出口),265,134400
2019-6,39069010,其他丙烯酸聚合物粒，初級狀態,德國,進口總值(含復進口),163,48880
2019-6,39069010,其他丙烯酸聚合物粒，初級狀態,黎巴嫩,出口總值(含復出口),80,64000
2019-6,39069010,其他丙烯酸聚合物粒，初級狀態,墨西哥,出口總值(含復出口),1005,828400
2019-6,39069010,其他丙烯酸聚合物粒，初級狀態,澳大利亞,出口總值(含復出口),127,48350
2019-6,39071000,聚縮醛，初級狀態,土耳其,出口總值(含復出口),148,98000
2019-6,39071000,聚縮醛，初級狀態,中國大陸,進口總值(含復進口),63,24005
2019-6,39071000,聚縮醛，初級狀態,中國大陸,出口總值(含復出口),8299,5251735
2019-6,39071000,聚縮醛，初級狀態,厄瓜多,出口總值(含復出口),30,20000
2019-6,39071000,聚縮醛，初級狀態,巴基斯坦,出口總值(含復出口),29,19125
2019-6,39071000,聚縮醛，初級狀態,日本,進口總值(含復進口),463,113330
2019-6,39071000,聚縮醛，初級狀態,日本,出口總值(含復出口),870,378300
2019-6,39071000,聚縮醛，初級狀態,比利時,出口總值(含復出口),54,36000
2019-6,39071000,聚縮醛，初級狀態,加拿大,出口總值(含復出口),27,18000
2019-6,39071000,聚縮醛，初級狀態,印尼,出口總值(含復出口),99,62000
2019-6,39071000,聚縮醛，初級狀態,沙烏地阿拉伯,進口總值(含復進口),77,57000
2019-6,39071000,聚縮醛，初級狀態,孟加拉,出口總值(含復出口),41,27875
2019-6,39071000,聚縮醛，初級狀態,肯亞,出口總值(含復出口),29,20000
2019-6,39071000,聚縮醛，初級狀態,阿拉伯聯合大公國,出口總值(含復出口),183,118000
2019-6,39071000,聚縮醛，初級狀態,俄羅斯,出口總值(含復出口),173,120000
2019-6,39071000,聚縮醛，初級狀態,南非,出口總值(含復出口),53,36000
2019-6,39071000,聚縮醛，初級狀態,南韓,進口總值(含復進口),117,66075
2019-6,39071000,聚縮醛，初級狀態,美國,進口總值(含復進口),478,158584
2019-6,39071000,聚縮醛，初級狀態,英國,出口總值(含復出口),3,135
2019-6,39071000,聚縮醛，初級狀態,香港,出口總值(含復出口),1076,465000
2019-6,39071000,聚縮醛，初級狀態,哥倫比亞,出口總值(含復出口),30,20000
2019-6,39071000,聚縮醛，初級狀態,泰國,進口總值(含復進口),418,260000
2019-6,39071000,聚縮醛，初級狀態,泰國,出口總值(含復出口),2,1000
2019-6,39071000,聚縮醛，初級狀態,馬來西亞,進口總值(含復進口),177,105000
2019-6,39071000,聚縮醛，初級狀態,馬來西亞,出口總值(含復出口),58,35000
2019-6,39071000,聚縮醛，初級狀態,馬爾他,出口總值(含復出口),78,54000
2019-6,39071000,聚縮醛，初級狀態,荷蘭,進口總值(含復進口),209,72475
2019-6,39071000,聚縮醛，初級狀態,荷蘭,出口總值(含復出口),79,54000
2019-6,39071000,聚縮醛，初級狀態,越南,出口總值(含復出口),389,203131
2019-6,39071000,聚縮醛，初級狀態,新加坡,進口總值(含復進口),10,7035
2019-6,39071000,聚縮醛，初級狀態,義大利,出口總值(含復出口),53,36000
2019-6,39071000,聚縮醛，初級狀態,葡萄牙,出口總值(含復出口),26,18000
2019-6,39071000,聚縮醛，初級狀態,德國,進口總值(含復進口),93,24864
2019-6,39071000,聚縮醛，初級狀態,德國,出口總值(含復出口),104,72000
2019-7,39069010,其他丙烯酸聚合物粒，初級狀態,土耳其,進口總值(含復進口),37,20700
2019-7,39069010,其他丙烯酸聚合物粒，初級狀態,土耳其,出口總值(含復出口),3628,3072000
2019-7,39069010,其他丙烯酸聚合物粒，初級狀態,中國大陸,進口總值(含復進口),838,384788
2019-7,39069010,其他丙烯酸聚合物粒，初級狀態,中國大陸,出口總值(含復出口),13404,6294388
2019-7,39069010,其他丙烯酸聚合物粒，初級狀態,厄瓜多,出口總值(含復出口),168,134400
2019-7,39069010,其他丙烯酸聚合物粒，初級狀態,巴西,出口總值(含復出口),14,6600
2019-7,39069010,其他丙烯酸聚合物粒，初級狀態,巴基斯坦,出口總值(含復出口),367,273000
2019-7,39069010,其他丙烯酸聚合物粒，初級狀態,日本,進口總值(含復進口),1195,484050
2019-7,39069010,其他丙烯酸聚合物粒，初級狀態,日本,出口總值(含復出口),95,108450
2019-7,39069010,其他丙烯酸聚合物粒，初級狀態,比利時,進口總值(含復進口),256,63920
2019-7,39069010,其他丙烯酸聚合物粒，初級狀態,比利時,出口總值(含復出口),4,2000
2019-7,39069010,其他丙烯酸聚合物粒，初級狀態,以色列,進口總值(含復進口),280,30000
2019-7,39069010,其他丙烯酸聚合物粒，初級狀態,以色列,出口總值(含復出口),152,128000
2019-7,39069010,其他丙烯酸聚合物粒，初級狀態,加拿大,進口總值(含復進口),0,0
2019-7,39069010,其他丙烯酸聚合物粒，初級狀態,加拿大,出口總值(含復出口),64,26000
2019-7,39069010,其他丙烯酸聚合物粒，初級狀態,瓜地馬拉,出口總值(含復出口),16,22400
2019-7,39069010,其他丙烯酸聚合物粒，初級狀態,立陶宛,出口總值(含復出口),122,54000
2019-7,39069010,其他丙烯酸聚合物粒，初級狀態,伊朗,出口總值(含復出口),32,16000
2019-7,39069010,其他丙烯酸聚合物粒，初級狀態,印尼,出口總值(含復出口),187,95600
2019-7,39069010,其他丙烯酸聚合物粒，初級狀態,印度,出口總值(含復出口),218,120400
2019-7,39069010,其他丙烯酸聚合物粒，初級狀態,安哥拉,出口總值(含復出口),50,42000
2019-7,39069010,其他丙烯酸聚合物粒，初級狀態,沙烏地阿拉伯,出口總值(含復出口),105,64000
2019-7,39069010,其他丙烯酸聚合物粒，初級狀態,坦尚尼亞,出口總值(含復出口),242,200000
2019-7,39069010,其他丙烯酸聚合物粒，初級狀態,孟加拉,出口總值(含復出口),421,239320
2019-7,39069010,其他丙烯酸聚合物粒，初級狀態,法國,進口總值(含復進口),1,50
2019-7,39069010,其他丙烯酸聚合物粒，初級狀態,法國,出口總值(含復出口),82,34000
2019-7,39069010,其他丙烯酸聚合物粒，初級狀態,肯亞,出口總值(含復出口),527,439200
2019-7,39069010,其他丙烯酸聚合物粒，初級狀態,阿拉伯聯合大公國,出口總值(含復出口),79,43200
2019-7,39069010,其他丙烯酸聚合物粒，初級狀態,阿根廷,出口總值(含復出口),118,89600
2019-7,39069010,其他丙烯酸聚合物粒，初級狀態,阿曼,出口總值(含復出口),28,16000
2019-7,39069010,其他丙烯酸聚合物粒，初級狀態,俄羅斯,出口總值(含復出口),151,53475
2019-7,39069010,其他丙烯酸聚合物粒，初級狀態,南非,出口總值(含復出口),16,7000
2019-7,39069010,其他丙烯酸聚合物粒，初級狀態,南韓,進口總值(含復進口),726,375300
2019-7,39069010,其他丙烯酸聚合物粒，初級狀態,南韓,出口總值(含復出口),128,66490
2019-7,39069010,其他丙烯酸聚合物粒，初級狀態,柬埔寨,出口總值(含復出口),176,135000
2019-7,39069010,其他丙烯酸聚合物粒，初級狀態,科威特,出口總值(含復出口),48,32000
2019-7,39069010,其他丙烯酸聚合物粒，初級狀態,突尼西亞,出口總值(含復出口),333,288000
2019-7,39069010,其他丙烯酸聚合物粒，初級狀態,約旦,出口總值(含復出口),81,48000
2019-7,39069010,其他丙烯酸聚合物粒，初級狀態,美國,進口總值(含復進口),300,55259
2019-7,39069010,其他丙烯酸聚合物粒，初級狀態,美國,出口總值(含復出口),383,175000
2019-7,39069010,其他丙烯酸聚合物粒，初級狀態,英國,進口總值(含復進口),0,1
2019-7,39069010,其他丙烯酸聚合物粒，初級狀態,英國,出口總值(含復出口),223,99375
2019-7,39069010,其他丙烯酸聚合物粒，初級狀態,迦納,出口總值(含復出口),247,212000
2019-7,39069010,其他丙烯酸聚合物粒，初級狀態,香港,出口總值(含復出口),1034,478225
2019-7,39069010,其他丙烯酸聚合物粒，初級狀態,哥倫比亞,出口總值(含復出口),72,31400
2019-7,39069010,其他丙烯酸聚合物粒，初級狀態,埃及,出口總值(含復出口),687,514400
2019-7,39069010,其他丙烯酸聚合物粒，初級狀態,泰國,出口總值(含復出口),366,151640
2019-7,39069010,其他丙烯酸聚合物粒，初級狀態,紐西蘭,出口總值(含復出口),2,1000
2019-7,39069010,其他丙烯酸聚合物粒，初級狀態,馬來西亞,出口總值(含復出口),104,40780
2019-7,39069010,其他丙烯酸聚合物粒，初級狀態,荷蘭,進口總值(含復進口),112,40000
2019-7,39069010,其他丙烯酸聚合物粒，初級狀態,荷蘭,出口總值(含復出口),63,28000
2019-7,39069010,其他丙烯酸聚合物粒，初級狀態,斯洛維尼亞,出口總值(含復出口),16,7000
2019-7,39069010,其他丙烯酸聚合物粒，初級狀態,智利,出口總值(含復出口),13,6000
2019-7,39069010,其他丙烯酸聚合物粒，初級狀態,菲律賓,出口總值(含復出口),0,75
2019-7,39069010,其他丙烯酸聚合物粒，初級狀態,越南,出口總值(含復出口),763,475376
2019-7,39069010,其他丙烯酸聚合物粒，初級狀態,新加坡,進口總值(含復進口),286,98415
2019-7,39069010,其他丙烯酸聚合物粒，初級狀態,新加坡,出口總值(含復出口),114,55800
2019-7,39069010,其他丙烯酸聚合物粒，初級狀態,瑞士,進口總值(含復進口),16,72
2019-7,39069010,其他丙烯酸聚合物粒，初級狀態,義大利,出口總值(含復出口),135,67050
2019-7,39069010,其他丙烯酸聚合物粒，初級狀態,葡萄牙,出口總值(含復出口),29,22400
2019-7,39069010,其他丙烯酸聚合物粒，初級狀態,德國,進口總值(含復進口),354,104100
2019-7,39069010,其他丙烯酸聚合物粒，初級狀態,緬甸,出口總值(含復出口),8,7740
2019-7,39069010,其他丙烯酸聚合物粒，初級狀態,黎巴嫩,出口總值(含復出口),3,1600
2019-7,39069010,其他丙烯酸聚合物粒，初級狀態,墨西哥,出口總值(含復出口),1483,1158400
2019-7,39069010,其他丙烯酸聚合物粒，初級狀態,澳大利亞,出口總值(含復出口),170,79540
2019-7,39071000,聚縮醛，初級狀態,土耳其,出口總值(含復出口),185,132000
2019-7,39071000,聚縮醛，初級狀態,中國大陸,進口總值(含復進口),16,4325
2019-7,39071000,聚縮醛，初級狀態,中國大陸,出口總值(含復出口),5977,4048901
2019-7,39071000,聚縮醛，初級狀態,日本,進口總值(含復進口),376,162402
2019-7,39071000,聚縮醛，初級狀態,日本,出口總值(含復出口),275,106900
2019-7,39071000,聚縮醛，初級狀態,加拿大,出口總值(含復出口),25,18000
2019-7,39071000,聚縮醛，初級狀態,印尼,出口總值(含復出口),11,4000
2019-7,39071000,聚縮醛，初級狀態,沙烏地阿拉伯,進口總值(含復進口),24,19000
2019-7,39071000,聚縮醛，初級狀態,孟加拉,出口總值(含復出口),9,5000
2019-7,39071000,聚縮醛，初級狀態,阿拉伯聯合大公國,出口總值(含復出口),158,99250
2019-7,39071000,聚縮醛，初級狀態,阿根廷,出口總值(含復出口),25,18000
2019-7,39071000,聚縮醛，初級狀態,俄羅斯,出口總值(含復出口),57,40000
2019-7,39071000,聚縮醛，初級狀態,南非,出口總值(含復出口),50,36000
2019-7,39071000,聚縮醛，初級狀態,南韓,進口總值(含復進口),112,76000
2019-7,39071000,聚縮醛，初級狀態,美國,進口總值(含復進口),341,79607
2019-7,39071000,聚縮醛，初級狀態,英國,出口總值(含復出口),51,36000
2019-7,39071000,聚縮醛，初級狀態,香港,出口總值(含復出口),1265,585568
2019-7,39071000,聚縮醛，初級狀態,哥倫比亞,出口總值(含復出口),30,20000
2019-7,39071000,聚縮醛，初級狀態,埃及,出口總值(含復出口),57,40000
2019-7,39071000,聚縮醛，初級狀態,泰國,進口總值(含復進口),301,197000
2019-7,39071000,聚縮醛，初級狀態,泰國,出口總值(含復出口),10,3000
2019-7,39071000,聚縮醛，初級狀態,烏克蘭,出口總值(含復出口),105,72000
2019-7,39071000,聚縮醛，初級狀態,馬來西亞,進口總值(含復進口),107,80000
2019-7,39071000,聚縮醛，初級狀態,馬來西亞,出口總值(含復出口),2,1000
2019-7,39071000,聚縮醛，初級狀態,敘利亞,出口總值(含復出口),32,20000
2019-7,39071000,聚縮醛，初級狀態,荷蘭,進口總值(含復進口),582,154850
2019-7,39071000,聚縮醛，初級狀態,荷蘭,出口總值(含復出口),126,90000
2019-7,39071000,聚縮醛，初級狀態,越南,出口總值(含復出口),701,418000
2019-7,39071000,聚縮醛，初級狀態,新加坡,進口總值(含復進口),6,499
2019-7,39071000,聚縮醛，初級狀態,義大利,出口總值(含復出口),77,54000
2019-7,39071000,聚縮醛，初級狀態,德國,進口總值(含復進口),86,17050
2019-7,39071000,聚縮醛，初級狀態,德國,出口總值(含復出口),91,57000
2019-8,39069010,其他丙烯酸聚合物粒，初級狀態,土耳其,出口總值(含復出口),4834,4075700
2019-8,39069010,其他丙烯酸聚合物粒，初級狀態,中國大陸,進口總值(含復進口),578,246570
2019-8,39069010,其他丙烯酸聚合物粒，初級狀態,中國大陸,出口總值(含復出口),9452,4751278
2019-8,39069010,其他丙烯酸聚合物粒，初級狀態,巴基斯坦,出口總值(含復出口),505,381875
2019-8,39069010,其他丙烯酸聚合物粒，初級狀態,日本,進口總值(含復進口),505,183430
2019-8,39069010,其他丙烯酸聚合物粒，初級狀態,日本,出口總值(含復出口),133,119530
2019-8,39069010,其他丙烯酸聚合物粒，初級狀態,比利時,進口總值(含復進口),17,580
2019-8,39069010,其他丙烯酸聚合物粒，初級狀態,以色列,出口總值(含復出口),226,192000
2019-8,39069010,其他丙烯酸聚合物粒，初級狀態,加拿大,進口總值(含復進口),8,960
2019-8,39069010,其他丙烯酸聚合物粒，初級狀態,加拿大,出口總值(含復出口),34,14800
2019-8,39069010,其他丙烯酸聚合物粒，初級狀態,卡達,出口總值(含復出口),3,2000
2019-8,39069010,其他丙烯酸聚合物粒，初級狀態,立陶宛,出口總值(含復出口),120,54000
2019-8,39069010,其他丙烯酸聚合物粒，初級狀態,印尼,出口總值(含復出口),243,111315
2019-8,39069010,其他丙烯酸聚合物粒，初級狀態,印度,出口總值(含復出口),221,99820
2019-8,39069010,其他丙烯酸聚合物粒，初級狀態,安哥拉,出口總值(含復出口),246,208000
2019-8,39069010,其他丙烯酸聚合物粒，初級狀態,沙烏地阿拉伯,出口總值(含復出口),351,183200
2019-8,39069010,其他丙烯酸聚合物粒，初級狀態,坦尚尼亞,出口總值(含復出口),333,288000
2019-8,39069010,其他丙烯酸聚合物粒，初級狀態,孟加拉,出口總值(含復出口),265,100990
2019-8,39069010,其他丙烯酸聚合物粒，初級狀態,波蘭,出口總值(含復出口),8,4000
2019-8,39069010,其他丙烯酸聚合物粒，初級狀態,法國,進口總值(含復進口),5,350
2019-8,39069010,其他丙烯酸聚合物粒，初級狀態,法國,出口總值(含復出口),22,10000
2019-8,39069010,其他丙烯酸聚合物粒，初級狀態,肯亞,出口總值(含復出口),526,448000
2019-8,39069010,其他丙烯酸聚合物粒，初級狀態,阿拉伯聯合大公國,出口總值(含復出口),581,395200
2019-8,39069010,其他丙烯酸聚合物粒，初級狀態,阿曼,出口總值(含復出口),30,16000
2019-8,39069010,其他丙烯酸聚合物粒，初級狀態,南非,出口總值(含復出口),276,193000
2019-8,39069010,其他丙烯酸聚合物粒，初級狀態,南韓,進口總值(含復進口),837,466560
2019-8,39069010,其他丙烯酸聚合物粒，初級狀態,南韓,出口總值(含復出口),132,84755
2019-8,39069010,其他丙烯酸聚合物粒，初級狀態,柬埔寨,出口總值(含復出口),89,67500
2019-8,39069010,其他丙烯酸聚合物粒，初級狀態,科威特,出口總值(含復出口),49,32000
2019-8,39069010,其他丙烯酸聚合物粒，初級狀態,突尼西亞,出口總值(含復出口),340,288000
2019-8,39069010,其他丙烯酸聚合物粒，初級狀態,美國,進口總值(含復進口),287,49390
2019-8,39069010,其他丙烯酸聚合物粒，初級狀態,美國,出口總值(含復出口),521,244400
2019-8,39069010,其他丙烯酸聚合物粒，初級狀態,英國,進口總值(含復進口),39,18000
2019-8,39069010,其他丙烯酸聚合物粒，初級狀態,英國,出口總值(含復出口),102,46125
2019-8,39069010,其他丙烯酸聚合物粒，初級狀態,迦納,出口總值(含復出口),764,648000
2019-8,39069010,其他丙烯酸聚合物粒，初級狀態,香港,出口總值(含復出口),1133,507850
2019-8,39069010,其他丙烯酸聚合物粒，初級狀態,哥倫比亞,出口總值(含復出口),30,23400
2019-8,39069010,其他丙烯酸聚合物粒，初級狀態,埃及,出口總值(含復出口),332,234200
2019-8,39069010,其他丙烯酸聚合物粒，初級狀態,泰國,進口總值(含復進口),52,23800
2019-8,39069010,其他丙烯酸聚合物粒，初級狀態,泰國,出口總值(含復出口),269,117785
2019-8,39069010,其他丙烯酸聚合物粒，初級狀態,紐西蘭,出口總值(含復出口),36,17000
2019-8,39069010,其他丙烯酸聚合物粒，初級狀態,馬來西亞,進口總值(含復進口),36,16000
2019-8,39069010,其他丙烯酸聚合物粒，初級狀態,馬來西亞,出口總值(含復出口),192,142065
2019-8,39069010,其他丙烯酸聚合物粒，初級狀態,荷蘭,進口總值(含復進口),63,21875
2019-8,39069010,其他丙烯酸聚合物粒，初級狀態,荷蘭,出口總值(含復出口),56,28000
2019-8,39069010,其他丙烯酸聚合物粒，初級狀態,斯洛維尼亞,出口總值(含復出口),16,7000
2019-8,39069010,其他丙烯酸聚合物粒，初級狀態,智利,出口總值(含復出口),25,15000
2019-8,39069010,其他丙烯酸聚合物粒，初級狀態,菲律賓,出口總值(含復出口),68,25724
2019-8,39069010,其他丙烯酸聚合物粒，初級狀態,越南,出口總值(含復出口),657,369221
2019-8,39069010,其他丙烯酸聚合物粒，初級狀態,愛爾蘭,出口總值(含復出口),143,72000
2019-8,39069010,其他丙烯酸聚合物粒，初級狀態,新加坡,進口總值(含復進口),271,94000
2019-8,39069010,其他丙烯酸聚合物粒，初級狀態,新加坡,出口總值(含復出口),4,1800
2019-8,39069010,其他丙烯酸聚合物粒，初級狀態,瑞士,進口總值(含復進口),21,83
2019-8,39069010,其他丙烯酸聚合物粒，初級狀態,義大利,進口總值(含復進口),31,6248
2019-8,39069010,其他丙烯酸聚合物粒，初級狀態,義大利,出口總值(含復出口),81,40000
2019-8,39069010,其他丙烯酸聚合物粒，初級狀態,德國,進口總值(含復進口),127,2137
2019-8,39069010,其他丙烯酸聚合物粒，初級狀態,黎巴嫩,出口總值(含復出口),3,1600
2019-8,39069010,其他丙烯酸聚合物粒，初級狀態,墨西哥,出口總值(含復出口),887,711000
2019-8,39069010,其他丙烯酸聚合物粒，初級狀態,澳大利亞,出口總值(含復出口),33,18000
2019-8,39071000,聚縮醛，初級狀態,土耳其,出口總值(含復出口),402,296000
2019-8,39071000,聚縮醛，初級狀態,中國大陸,進口總值(含復進口),40,5376
2019-8,39071000,聚縮醛，初級狀態,中國大陸,出口總值(含復出口),6344,4069557
2019-8,39071000,聚縮醛，初級狀態,厄瓜多,出口總值(含復出口),29,20000
2019-8,39071000,聚縮醛，初級狀態,日本,進口總值(含復進口),336,143162
2019-8,39071000,聚縮醛，初級狀態,日本,出口總值(含復出口),594,219500
2019-8,39071000,聚縮醛，初級狀態,比利時,出口總值(含復出口),50,36000
2019-8,39071000,聚縮醛，初級狀態,加拿大,出口總值(含復出口),51,36000
2019-8,39071000,聚縮醛，初級狀態,印尼,出口總值(含復出口),27,19000
2019-8,39071000,聚縮醛，初級狀態,西班牙,出口總值(含復出口),50,36000
2019-8,39071000,聚縮醛，初級狀態,沙烏地阿拉伯,進口總值(含復進口),48,38000
2019-8,39071000,聚縮醛，初級狀態,阿拉伯聯合大公國,出口總值(含復出口),219,146000
2019-8,39071000,聚縮醛，初級狀態,俄羅斯,出口總值(含復出口),138,100000
2019-8,39071000,聚縮醛，初級狀態,南非,出口總值(含復出口),25,18000
2019-8,39071000,聚縮醛，初級狀態,南韓,進口總值(含復進口),71,38625
2019-8,39071000,聚縮醛，初級狀態,哈薩克,出口總值(含復出口),29,20000
2019-8,39071000,聚縮醛，初級狀態,美國,進口總值(含復進口),135,22000
2019-8,39071000,聚縮醛，初級狀態,香港,出口總值(含復出口),1223,618700
2019-8,39071000,聚縮醛，初級狀態,埃及,出口總值(含復出口),31,20000
2019-8,39071000,聚縮醛，初級狀態,泰國,進口總值(含復進口),458,295000
2019-8,39071000,聚縮醛，初級狀態,馬來西亞,進口總值(含復進口),173,136000
2019-8,39071000,聚縮醛，初級狀態,馬來西亞,出口總值(含復出口),7,3000
2019-8,39071000,聚縮醛，初級狀態,荷蘭,進口總值(含復進口),331,86000
2019-8,39071000,聚縮醛，初級狀態,荷蘭,出口總值(含復出口),76,54000
2019-8,39071000,聚縮醛，初級狀態,菲律賓,出口總值(含復出口),8,5625
2019-8,39071000,聚縮醛，初級狀態,越南,出口總值(含復出口),345,165475
2019-8,39071000,聚縮醛，初級狀態,義大利,出口總值(含復出口),166,120000
2019-8,39071000,聚縮醛，初級狀態,德國,進口總值(含復進口),132,25355
2019-8,39071000,聚縮醛，初級狀態,德國,出口總值(含復出口),123,90000
2019-8,39071000,聚縮醛，初級狀態,墨西哥,出口總值(含復出口),82,35000
2019-8,39071000,聚縮醛，初級狀態,澳大利亞,出口總值(含復出口),25,18000
2019-9,39069010,其他丙烯酸聚合物粒，初級狀態,土耳其,進口總值(含復進口),36,20700
2019-9,39069010,其他丙烯酸聚合物粒，初級狀態,土耳其,出口總值(含復出口),5451,4694425
2019-9,39069010,其他丙烯酸聚合物粒，初級狀態,中國大陸,進口總值(含復進口),718,278784
2019-9,39069010,其他丙烯酸聚合物粒，初級狀態,中國大陸,出口總值(含復出口),11080,5722823
2019-9,39069010,其他丙烯酸聚合物粒，初級狀態,中華民國,進口總值(含復進口),12,3943
2019-9,39069010,其他丙烯酸聚合物粒，初級狀態,丹麥,進口總值(含復進口),0,25
2019-9,39069010,其他丙烯酸聚合物粒，初級狀態,厄瓜多,出口總值(含復出口),84,67200
2019-9,39069010,其他丙烯酸聚合物粒，初級狀態,巴西,出口總值(含復出口),35,15800
2019-9,39069010,其他丙烯酸聚合物粒，初級狀態,巴林,出口總值(含復出口),18,12000
2019-9,39069010,其他丙烯酸聚合物粒，初級狀態,巴基斯坦,出口總值(含復出口),413,320800
2019-9,39069010,其他丙烯酸聚合物粒，初級狀態,日本,進口總值(含復進口),789,293339
2019-9,39069010,其他丙烯酸聚合物粒，初級狀態,日本,出口總值(含復出口),73,91400
2019-9,39069010,其他丙烯酸聚合物粒，初級狀態,比利時,進口總值(含復進口),2,40
2019-9,39069010,其他丙烯酸聚合物粒，初級狀態,比利時,出口總值(含復出口),30,22400
2019-9,39069010,其他丙烯酸聚合物粒，初級狀態,以色列,出口總值(含復出口),84,68000
2019-9,39069010,其他丙烯酸聚合物粒，初級狀態,卡達,出口總值(含復出口),22,16000
2019-9,39069010,其他丙烯酸聚合物粒，初級狀態,印尼,出口總值(含復出口),290,109091
2019-9,39069010,其他丙烯酸聚合物粒，初級狀態,印度,出口總值(含復出口),186,96660
2019-9,39069010,其他丙烯酸聚合物粒，初級狀態,吉布地,出口總值(含復出口),123,100000
2019-9,39069010,其他丙烯酸聚合物粒，初級狀態,安哥拉,出口總值(含復出口),408,340000
2019-9,39069010,其他丙烯酸聚合物粒，初級狀態,沙烏地阿拉伯,出口總值(含復出口),284,165600
2019-9,39069010,其他丙烯酸聚合物粒，初級狀態,孟加拉,出口總值(含復出口),397,275620
2019-9,39069010,其他丙烯酸聚合物粒，初級狀態,波蘭,出口總值(含復出口),147,66000
2019-9,39069010,其他丙烯酸聚合物粒，初級狀態,法國,進口總值(含復進口),68,15500
2019-9,39069010,其他丙烯酸聚合物粒，初級狀態,法國,出口總值(含復出口),2,200
2019-9,39069010,其他丙烯酸聚合物粒，初級狀態,肯亞,出口總值(含復出口),181,147200
2019-9,39069010,其他丙烯酸聚合物粒，初級狀態,阿拉伯聯合大公國,出口總值(含復出口),49,30200
2019-9,39069010,其他丙烯酸聚合物粒，初級狀態,阿根廷,出口總值(含復出口),9,5000
2019-9,39069010,其他丙烯酸聚合物粒，初級狀態,俄羅斯,出口總值(含復出口),106,34000
2019-9,39069010,其他丙烯酸聚合物粒，初級狀態,南非,出口總值(含復出口),126,78400
2019-9,39069010,其他丙烯酸聚合物粒，初級狀態,南韓,進口總值(含復進口),520,285776
2019-9,39069010,其他丙烯酸聚合物粒，初級狀態,南韓,出口總值(含復出口),156,82640
2019-9,39069010,其他丙烯酸聚合物粒，初級狀態,柬埔寨,出口總值(含復出口),88,67500
2019-9,39069010,其他丙烯酸聚合物粒，初級狀態,科威特,出口總值(含復出口),96,64000
2019-9,39069010,其他丙烯酸聚合物粒，初級狀態,美國,進口總值(含復進口),480,25532
2019-9,39069010,其他丙烯酸聚合物粒，初級狀態,美國,出口總值(含復出口),449,208824
2019-9,39069010,其他丙烯酸聚合物粒，初級狀態,英國,出口總值(含復出口),43,19500
2019-9,39069010,其他丙烯酸聚合物粒，初級狀態,迦納,出口總值(含復出口),680,580000
2019-9,39069010,其他丙烯酸聚合物粒，初級狀態,香港,出口總值(含復出口),971,449600
2019-9,39069010,其他丙烯酸聚合物粒，初級狀態,哥倫比亞,出口總值(含復出口),57,30000
2019-9,39069010,其他丙烯酸聚合物粒，初級狀態,埃及,出口總值(含復出口),155,100800
2019-9,39069010,其他丙烯酸聚合物粒，初級狀態,泰國,出口總值(含復出口),251,110120
2019-9,39069010,其他丙烯酸聚合物粒，初級狀態,烏克蘭,出口總值(含復出口),20,16000
2019-9,39069010,其他丙烯酸聚合物粒，初級狀態,秘魯,出口總值(含復出口),6,1500
2019-9,39069010,其他丙烯酸聚合物粒，初級狀態,紐西蘭,出口總值(含復出口),40,19200
2019-9,39069010,其他丙烯酸聚合物粒，初級狀態,馬來西亞,出口總值(含復出口),102,44800
2019-9,39069010,其他丙烯酸聚合物粒，初級狀態,荷蘭,出口總值(含復出口),4,2000
2019-9,39069010,其他丙烯酸聚合物粒，初級狀態,智利,出口總值(含復出口),13,5000
2019-9,39069010,其他丙烯酸聚合物粒，初級狀態,菲律賓,出口總值(含復出口),87,43160
2019-9,39069010,其他丙烯酸聚合物粒，初級狀態,越南,出口總值(含復出口),668,434734
2019-9,39069010,其他丙烯酸聚合物粒，初級狀態,愛爾蘭,出口總值(含復出口),214,108000
2019-9,39069010,其他丙烯酸聚合物粒，初級狀態,新加坡,進口總值(含復進口),142,54400
2019-9,39069010,其他丙烯酸聚合物粒，初級狀態,新加坡,出口總值(含復出口),79,41200
2019-9,39069010,其他丙烯酸聚合物粒，初級狀態,瑞士,進口總值(含復進口),13,66
2019-9,39069010,其他丙烯酸聚合物粒，初級狀態,瑞士,出口總值(含復出口),2,97
2019-9,39069010,其他丙烯酸聚合物粒，初級狀態,德國,進口總值(含復進口),130,46010
2019-9,39069010,其他丙烯酸聚合物粒，初級狀態,模里西斯,出口總值(含復出口),6,2600
2019-9,39069010,其他丙烯酸聚合物粒，初級狀態,墨西哥,出口總值(含復出口),683,592000
2019-9,39069010,其他丙烯酸聚合物粒，初級狀態,澳大利亞,出口總值(含復出口),106,46680
2019-9,39071000,聚縮醛，初級狀態,土耳其,出口總值(含復出口),96,72000
2019-9,39071000,聚縮醛，初級狀態,中國大陸,進口總值(含復進口),93,27300
2019-9,39071000,聚縮醛，初級狀態,中國大陸,出口總值(含復出口),6743,4423684
2019-9,39071000,聚縮醛，初級狀態,巴西,出口總值(含復出口),26,20000
2019-9,39071000,聚縮醛，初級狀態,巴基斯坦,出口總值(含復出口),10,6750
2019-9,39071000,聚縮醛，初級狀態,日本,進口總值(含復進口),690,259028
2019-9,39071000,聚縮醛，初級狀態,日本,出口總值(含復出口),557,237100
2019-9,39071000,聚縮醛，初級狀態,比利時,出口總值(含復出口),50,36000
2019-9,39071000,聚縮醛，初級狀態,印尼,出口總值(含復出口),33,21000
2019-9,39071000,聚縮醛，初級狀態,印度,出口總值(含復出口),40,32900
2019-9,39071000,聚縮醛，初級狀態,沙烏地阿拉伯,進口總值(含復進口),75,57000
2019-9,39071000,聚縮醛，初級狀態,孟加拉,出口總值(含復出口),27,20000
2019-9,39071000,聚縮醛，初級狀態,芬蘭,出口總值(含復出口),25,18000
2019-9,39071000,聚縮醛，初級狀態,阿拉伯聯合大公國,出口總值(含復出口),264,180000
2019-9,39071000,聚縮醛，初級狀態,阿根廷,出口總值(含復出口),24,18000
2019-9,39071000,聚縮醛，初級狀態,俄羅斯,出口總值(含復出口),27,20000
2019-9,39071000,聚縮醛，初級狀態,南韓,進口總值(含復進口),141,78025
2019-9,39071000,聚縮醛，初級狀態,美國,進口總值(含復進口),171,40000
2019-9,39071000,聚縮醛，初級狀態,香港,出口總值(含復出口),1171,504050
2019-9,39071000,聚縮醛，初級狀態,哥倫比亞,出口總值(含復出口),29,20000
2019-9,39071000,聚縮醛，初級狀態,埃及,出口總值(含復出口),85,60000
2019-9,39071000,聚縮醛，初級狀態,泰國,進口總值(含復進口),352,241998
2019-9,39071000,聚縮醛，初級狀態,泰國,出口總值(含復出口),14,5000
2019-9,39071000,聚縮醛，初級狀態,馬來西亞,進口總值(含復進口),4,1100
2019-9,39071000,聚縮醛，初級狀態,馬來西亞,出口總值(含復出口),24,18000
2019-9,39071000,聚縮醛，初級狀態,荷蘭,進口總值(含復進口),34,8344
2019-9,39071000,聚縮醛，初級狀態,荷蘭,出口總值(含復出口),99,72000
2019-9,39071000,聚縮醛，初級狀態,越南,出口總值(含復出口),436,272375
2019-9,39071000,聚縮醛，初級狀態,新加坡,進口總值(含復進口),4,443
2019-9,39071000,聚縮醛，初級狀態,義大利,出口總值(含復出口),131,99000
2019-9,39071000,聚縮醛，初級狀態,德國,進口總值(含復進口),1,1000
2019-10,39069010,其他丙烯酸聚合物粒，初級狀態,土耳其,出口總值(含復出口),4340,3735200
2019-10,39069010,其他丙烯酸聚合物粒，初級狀態,中國大陸,進口總值(含復進口),919,446096
2019-10,39069010,其他丙烯酸聚合物粒，初級狀態,中國大陸,出口總值(含復出口),14070,6922309
2019-10,39069010,其他丙烯酸聚合物粒，初級狀態,丹麥,進口總值(含復進口),0,4
2019-10,39069010,其他丙烯酸聚合物粒，初級狀態,厄瓜多,出口總值(含復出口),107,89600
2019-10,39069010,其他丙烯酸聚合物粒，初級狀態,巴西,出口總值(含復出口),54,27000
2019-10,39069010,其他丙烯酸聚合物粒，初級狀態,巴基斯坦,出口總值(含復出口),859,645100
2019-10,39069010,其他丙烯酸聚合物粒，初級狀態,日本,進口總值(含復進口),928,302463
2019-10,39069010,其他丙烯酸聚合物粒，初級狀態,日本,出口總值(含復出口),128,102475
2019-10,39069010,其他丙烯酸聚合物粒，初級狀態,比利時,進口總值(含復進口),23,880
2019-10,39069010,其他丙烯酸聚合物粒，初級狀態,比利時,出口總值(含復出口),91,67200
2019-10,39069010,其他丙烯酸聚合物粒，初級狀態,以色列,出口總值(含復出口),205,176000
2019-10,39069010,其他丙烯酸聚合物粒，初級狀態,加拿大,進口總值(含復進口),6,1000
2019-10,39069010,其他丙烯酸聚合物粒，初級狀態,卡達,出口總值(含復出口),73,48000
2019-10,39069010,其他丙烯酸聚合物粒，初級狀態,瓜地馬拉,出口總值(含復出口),19,23400
2019-10,39069010,其他丙烯酸聚合物粒，初級狀態,印尼,出口總值(含復出口),216,96500
2019-10,39069010,其他丙烯酸聚合物粒，初級狀態,印度,出口總值(含復出口),51,27100
2019-10,39069010,其他丙烯酸聚合物粒，初級狀態,安哥拉,出口總值(含復出口),192,160000
2019-10,39069010,其他丙烯酸聚合物粒，初級狀態,西班牙,出口總值(含復出口),92,47000
2019-10,39069010,其他丙烯酸聚合物粒，初級狀態,沙烏地阿拉伯,出口總值(含復出口),283,175200
2019-10,39069010,其他丙烯酸聚合物粒，初級狀態,坦尚尼亞,出口總值(含復出口),209,180000
2019-10,39069010,其他丙烯酸聚合物粒，初級狀態,孟加拉,出口總值(含復出口),197,133080
2019-10,39069010,其他丙烯酸聚合物粒，初級狀態,波蘭,出口總值(含復出口),4,2000
2019-10,39069010,其他丙烯酸聚合物粒，初級狀態,法國,進口總值(含復進口),67,15500
2019-10,39069010,其他丙烯酸聚合物粒，初級狀態,法國,出口總值(含復出口),35,16000
2019-10,39069010,其他丙烯酸聚合物粒，初級狀態,阿拉伯聯合大公國,出口總值(含復出口),44,15200
2019-10,39069010,其他丙烯酸聚合物粒，初級狀態,阿曼,出口總值(含復出口),27,16000
2019-10,39069010,其他丙烯酸聚合物粒，初級狀態,俄羅斯,出口總值(含復出口),16,7500
2019-10,39069010,其他丙烯酸聚合物粒，初級狀態,南非,出口總值(含復出口),321,219800
2019-10,39069010,其他丙烯酸聚合物粒，初級狀態,南韓,進口總值(含復進口),860,465750
2019-10,39069010,其他丙烯酸聚合物粒，初級狀態,南韓,出口總值(含復出口),211,108050
2019-10,39069010,其他丙烯酸聚合物粒，初級狀態,柬埔寨,出口總值(含復出口),86,67500
2019-10,39069010,其他丙烯酸聚合物粒，初級狀態,科威特,出口總值(含復出口),74,48000
2019-10,39069010,其他丙烯酸聚合物粒，初級狀態,美國,進口總值(含復進口),309,38766
2019-10,39069010,其他丙烯酸聚合物粒，初級狀態,美國,出口總值(含復出口),1029,626800
2019-10,39069010,其他丙烯酸聚合物粒，初級狀態,英國,出口總值(含復出口),26,12000
2019-10,39069010,其他丙烯酸聚合物粒，初級狀態,迦納,出口總值(含復出口),24,20000
2019-10,39069010,其他丙烯酸聚合物粒，初級狀態,香港,出口總值(含復出口),632,288248
2019-10,39069010,其他丙烯酸聚合物粒，初級狀態,哥倫比亞,出口總值(含復出口),23,8600
2019-10,39069010,其他丙烯酸聚合物粒，初級狀態,埃及,出口總值(含復出口),378,212000
2019-10,39069010,其他丙烯酸聚合物粒，初級狀態,泰國,出口總值(含復出口),283,135130
2019-10,39069010,其他丙烯酸聚合物粒，初級狀態,紐西蘭,出口總值(含復出口),70,34500
2019-10,39069010,其他丙烯酸聚合物粒，初級狀態,馬來西亞,進口總值(含復進口),39,9600
2019-10,39069010,其他丙烯酸聚合物粒，初級狀態,馬來西亞,出口總值(含復出口),163,83307
2019-10,39069010,其他丙烯酸聚合物粒，初級狀態,荷蘭,進口總值(含復進口),97,33250
2019-10,39069010,其他丙烯酸聚合物粒，初級狀態,荷蘭,出口總值(含復出口),21,10000
2019-10,39069010,其他丙烯酸聚合物粒，初級狀態,斯里蘭卡,出口總值(含復出口),11,5000
2019-10,39069010,其他丙烯酸聚合物粒，初級狀態,菲律賓,出口總值(含復出口),20,11000
2019-10,39069010,其他丙烯酸聚合物粒，初級狀態,越南,出口總值(含復出口),773,525616
2019-10,39069010,其他丙烯酸聚合物粒，初級狀態,愛爾蘭,出口總值(含復出口),280,141730
2019-10,39069010,其他丙烯酸聚合物粒，初級狀態,新加坡,進口總值(含復進口),86,29000
2019-10,39069010,其他丙烯酸聚合物粒，初級狀態,新加坡,出口總值(含復出口),81,39200
2019-10,39069010,其他丙烯酸聚合物粒，初級狀態,瑞士,進口總值(含復進口),22,108
2019-10,39069010,其他丙烯酸聚合物粒，初級狀態,義大利,進口總值(含復進口),1,4
2019-10,39069010,其他丙烯酸聚合物粒，初級狀態,義大利,出口總值(含復出口),102,70575
2019-10,39069010,其他丙烯酸聚合物粒，初級狀態,德國,進口總值(含復進口),299,54660
2019-10,39069010,其他丙烯酸聚合物粒，初級狀態,墨西哥,出口總值(含復出口),443,327000
2019-10,39069010,其他丙烯酸聚合物粒，初級狀態,澳大利亞,出口總值(含復出口),101,45870
2019-10,39071000,聚縮醛，初級狀態,土耳其,出口總值(含復出口),217,162000
2019-10,39071000,聚縮醛，初級狀態,中國大陸,進口總值(含復進口),48,18074
2019-10,39071000,聚縮醛，初級狀態,中國大陸,出口總值(含復出口),6832,4575089
2019-10,39071000,聚縮醛，初級狀態,巴西,出口總值(含復出口),26,20000
2019-10,39071000,聚縮醛，初級狀態,巴基斯坦,出口總值(含復出口),7,4500
2019-10,39071000,聚縮醛，初級狀態,日本,進口總值(含復進口),544,300509
2019-10,39071000,聚縮醛，初級狀態,日本,出口總值(含復出口),367,141000
2019-10,39071000,聚縮醛，初級狀態,比利時,出口總值(含復出口),48,36000
2019-10,39071000,聚縮醛，初級狀態,印尼,出口總值(含復出口),51,29500
2019-10,39071000,聚縮醛，初級狀態,印度,進口總值(含復進口),2,100
2019-10,39071000,聚縮醛，初級狀態,西班牙,出口總值(含復出口),25,18000
2019-10,39071000,聚縮醛，初級狀態,孟加拉,出口總值(含復出口),31,22000
2019-10,39071000,聚縮醛，初級狀態,阿拉伯聯合大公國,出口總值(含復出口),134,90000
2019-10,39071000,聚縮醛，初級狀態,南韓,進口總值(含復進口),223,185375
2019-10,39071000,聚縮醛，初級狀態,美國,進口總值(含復進口),110,30000
2019-10,39071000,聚縮醛，初級狀態,美國,出口總值(含復出口),159,40475
2019-10,39071000,聚縮醛，初級狀態,英國,出口總值(含復出口),26,18000
2019-10,39071000,聚縮醛，初級狀態,香港,出口總值(含復出口),925,400167
2019-10,39071000,聚縮醛，初級狀態,泰國,進口總值(含復進口),718,503000
2019-10,39071000,聚縮醛，初級狀態,烏克蘭,出口總值(含復出口),51,36000
2019-10,39071000,聚縮醛，初級狀態,馬來西亞,出口總值(含復出口),65,43000
2019-10,39071000,聚縮醛，初級狀態,荷蘭,進口總值(含復進口),68,19000
2019-10,39071000,聚縮醛，初級狀態,荷蘭,出口總值(含復出口),61,28000
2019-10,39071000,聚縮醛，初級狀態,菲律賓,出口總值(含復出口),29,20000
2019-10,39071000,聚縮醛，初級狀態,越南,出口總值(含復出口),424,278150
2019-10,39071000,聚縮醛，初級狀態,新加坡,進口總值(含復進口),40,2998
2019-10,39071000,聚縮醛，初級狀態,義大利,出口總值(含復出口),124,90000
2019-10,39071000,聚縮醛，初級狀態,德國,進口總值(含復進口),15,2000
2019-10,39071000,聚縮醛，初級狀態,德國,出口總值(含復出口),190,144000
2019-10,39071000,聚縮醛，初級狀態,墨西哥,出口總值(含復出口),94,33000
2019-11,39069010,其他丙烯酸聚合物粒，初級狀態,土耳其,進口總值(含復進口),36,20700
2019-11,39069010,其他丙烯酸聚合物粒，初級狀態,土耳其,出口總值(含復出口),2397,2083600
2019-11,39069010,其他丙烯酸聚合物粒，初級狀態,中國大陸,進口總值(含復進口),984,378328
2019-11,39069010,其他丙烯酸聚合物粒，初級狀態,中國大陸,出口總值(含復出口),11872,6026207
2019-11,39069010,其他丙烯酸聚合物粒，初級狀態,厄瓜多,出口總值(含復出口),56,45800
2019-11,39069010,其他丙烯酸聚合物粒，初級狀態,巴基斯坦,出口總值(含復出口),253,180300
2019-11,39069010,其他丙烯酸聚合物粒，初級狀態,日本,進口總值(含復進口),773,297785
2019-11,39069010,其他丙烯酸聚合物粒，初級狀態,日本,出口總值(含復出口),129,154900
2019-11,39069010,其他丙烯酸聚合物粒，初級狀態,比利時,進口總值(含復進口),2,40
2019-11,39069010,其他丙烯酸聚合物粒，初級狀態,比利時,出口總值(含復出口),35,24400
2019-11,39069010,其他丙烯酸聚合物粒，初級狀態,以色列,出口總值(含復出口),230,192000
2019-11,39069010,其他丙烯酸聚合物粒，初級狀態,加拿大,出口總值(含復出口),122,41200
2019-11,39069010,其他丙烯酸聚合物粒，初級狀態,印尼,出口總值(含復出口),206,76394
2019-11,39069010,其他丙烯酸聚合物粒，初級狀態,印度,進口總值(含復進口),29,15000
2019-11,39069010,其他丙烯酸聚合物粒，初級狀態,印度,出口總值(含復出口),262,131065
2019-11,39069010,其他丙烯酸聚合物粒，初級狀態,安哥拉,出口總值(含復出口),779,664000
2019-11,39069010,其他丙烯酸聚合物粒，初級狀態,沙烏地阿拉伯,出口總值(含復出口),254,149600
2019-11,39069010,其他丙烯酸聚合物粒，初級狀態,孟加拉,出口總值(含復出口),287,157960
2019-11,39069010,其他丙烯酸聚合物粒，初級狀態,肯亞,出口總值(含復出口),44,31800
2019-11,39069010,其他丙烯酸聚合物粒，初級狀態,阿拉伯聯合大公國,出口總值(含復出口),169,105600
2019-11,39069010,其他丙烯酸聚合物粒，初級狀態,阿根廷,出口總值(含復出口),95,91600
2019-11,39069010,其他丙烯酸聚合物粒，初級狀態,阿曼,出口總值(含復出口),59,32000
2019-11,39069010,其他丙烯酸聚合物粒，初級狀態,俄羅斯,出口總值(含復出口),105,34000
2019-11,39069010,其他丙烯酸聚合物粒，初級狀態,南非,出口總值(含復出口),82,64000
2019-11,39069010,其他丙烯酸聚合物粒，初級狀態,南韓,進口總值(含復進口),582,308160
2019-11,39069010,其他丙烯酸聚合物粒，初級狀態,南韓,出口總值(含復出口),141,92538
2019-11,39069010,其他丙烯酸聚合物粒，初級狀態,科威特,出口總值(含復出口),49,32000
2019-11,39069010,其他丙烯酸聚合物粒，初級狀態,美國,進口總值(含復進口),275,18991
2019-11,39069010,其他丙烯酸聚合物粒，初級狀態,美國,出口總值(含復出口),682,492000
2019-11,39069010,其他丙烯酸聚合物粒，初級狀態,英國,進口總值(含復進口),40,18000
2019-11,39069010,其他丙烯酸聚合物粒，初級狀態,英國,出口總值(含復出口),29,7000
2019-11,39069010,其他丙烯酸聚合物粒，初級狀態,迦納,出口總值(含復出口),366,320000
2019-11,39069010,其他丙烯酸聚合物粒，初級狀態,香港,出口總值(含復出口),401,174514
2019-11,39069010,其他丙烯酸聚合物粒，初級狀態,哥倫比亞,出口總值(含復出口),26,22400
2019-11,39069010,其他丙烯酸聚合物粒，初級狀態,埃及,出口總值(含復出口),129,112000
2019-11,39069010,其他丙烯酸聚合物粒，初級狀態,泰國,出口總值(含復出口),351,160740
2019-11,39069010,其他丙烯酸聚合物粒，初級狀態,紐西蘭,出口總值(含復出口),17,8600
2019-11,39069010,其他丙烯酸聚合物粒，初級狀態,馬來西亞,進口總值(含復進口),3,360
2019-11,39069010,其他丙烯酸聚合物粒，初級狀態,馬來西亞,出口總值(含復出口),96,58200
2019-11,39069010,其他丙烯酸聚合物粒，初級狀態,荷蘭,進口總值(含復進口),53,19125
2019-11,39069010,其他丙烯酸聚合物粒，初級狀態,荷蘭,出口總值(含復出口),4,2000
2019-11,39069010,其他丙烯酸聚合物粒，初級狀態,智利,出口總值(含復出口),22,13900
2019-11,39069010,其他丙烯酸聚合物粒，初級狀態,菲律賓,出口總值(含復出口),69,28600
2019-11,39069010,其他丙烯酸聚合物粒，初級狀態,越南,出口總值(含復出口),888,551820
2019-11,39069010,其他丙烯酸聚合物粒，初級狀態,愛爾蘭,出口總值(含復出口),140,70990
2019-11,39069010,其他丙烯酸聚合物粒，初級狀態,新加坡,進口總值(含復進口),303,133000
2019-11,39069010,其他丙烯酸聚合物粒，初級狀態,新加坡,出口總值(含復出口),69,34390
2019-11,39069010,其他丙烯酸聚合物粒，初級狀態,瑞士,進口總值(含復進口),7,29
2019-11,39069010,其他丙烯酸聚合物粒，初級狀態,瑞典,出口總值(含復出口),12,5625
2019-11,39069010,其他丙烯酸聚合物粒，初級狀態,義大利,進口總值(含復進口),4,120
2019-11,39069010,其他丙烯酸聚合物粒，初級狀態,德國,進口總值(含復進口),314,107905
2019-11,39069010,其他丙烯酸聚合物粒，初級狀態,墨西哥,出口總值(含復出口),672,573200
2019-11,39069010,其他丙烯酸聚合物粒，初級狀態,澳大利亞,出口總值(含復出口),200,88440
2019-11,39071000,聚縮醛，初級狀態,土耳其,出口總值(含復出口),356,270000
2019-11,39071000,聚縮醛，初級狀態,中國大陸,進口總值(含復進口),88,18775
2019-11,39071000,聚縮醛，初級狀態,中國大陸,出口總值(含復出口),8101,5247099
2019-11,39071000,聚縮醛，初級狀態,日本,進口總值(含復進口),360,94039
2019-11,39071000,聚縮醛，初級狀態,日本,出口總值(含復出口),464,201500
2019-11,39071000,聚縮醛，初級狀態,印尼,出口總值(含復出口),42,39500
2019-11,39071000,聚縮醛，初級狀態,克羅埃西亞,出口總值(含復出口),72,54000
2019-11,39071000,聚縮醛，初級狀態,孟加拉,出口總值(含復出口),27,20000
2019-11,39071000,聚縮醛，初級狀態,芬蘭,出口總值(含復出口),30,18000
2019-11,39071000,聚縮醛，初級狀態,阿拉伯聯合大公國,出口總值(含復出口),148,94000
2019-11,39071000,聚縮醛，初級狀態,南韓,進口總值(含復進口),176,128000
2019-11,39071000,聚縮醛，初級狀態,美國,進口總值(含復進口),144,51000
2019-11,39071000,聚縮醛，初級狀態,美國,出口總值(含復出口),5,5
2019-11,39071000,聚縮醛，初級狀態,香港,出口總值(含復出口),732,333300
2019-11,39071000,聚縮醛，初級狀態,埃及,出口總值(含復出口),29,20000
2019-11,39071000,聚縮醛，初級狀態,泰國,進口總值(含復進口),433,284050
2019-11,39071000,聚縮醛，初級狀態,泰國,出口總值(含復出口),2,600
2019-11,39071000,聚縮醛，初級狀態,馬來西亞,進口總值(含復進口),220,217050
2019-11,39071000,聚縮醛，初級狀態,馬來西亞,出口總值(含復出口),34,16005
2019-11,39071000,聚縮醛，初級狀態,荷蘭,進口總值(含復進口),11,3843
2019-11,39071000,聚縮醛，初級狀態,斯洛維尼亞,出口總值(含復出口),25,18000
2019-11,39071000,聚縮醛，初級狀態,菲律賓,出口總值(含復出口),8,5625
2019-11,39071000,聚縮醛，初級狀態,越南,出口總值(含復出口),390,247465
2019-11,39071000,聚縮醛，初級狀態,瑞典,進口總值(含復進口),4,320
2019-11,39071000,聚縮醛，初級狀態,德國,進口總值(含復進口),33,3250
2019-11,39071000,聚縮醛，初級狀態,澳大利亞,出口總值(含復出口),25,18000
2019-12,39069010,其他丙烯酸聚合物粒，初級狀態,土耳其,進口總值(含復進口),36,20700
2019-12,39069010,其他丙烯酸聚合物粒，初級狀態,土耳其,出口總值(含復出口),2645,2451200
2019-12,39069010,其他丙烯酸聚合物粒，初級狀態,中國大陸,進口總值(含復進口),1009,439540
2019-12,39069010,其他丙烯酸聚合物粒，初級狀態,中國大陸,出口總值(含復出口),10771,5755660
2019-12,39069010,其他丙烯酸聚合物粒，初級狀態,中華民國,進口總值(含復進口),90,23979
2019-12,39069010,其他丙烯酸聚合物粒，初級狀態,厄瓜多,出口總值(含復出口),51,44800
2019-12,39069010,其他丙烯酸聚合物粒，初級狀態,巴基斯坦,出口總值(含復出口),391,274600
2019-12,39069010,其他丙烯酸聚合物粒，初級狀態,日本,進口總值(含復進口),1093,370607
2019-12,39069010,其他丙烯酸聚合物粒，初級狀態,日本,出口總值(含復出口),99,82074
2019-12,39069010,其他丙烯酸聚合物粒，初級狀態,比利時,出口總值(含復出口),6,3000
2019-12,39069010,其他丙烯酸聚合物粒，初級狀態,以色列,進口總值(含復進口),97,10000
2019-12,39069010,其他丙烯酸聚合物粒，初級狀態,以色列,出口總值(含復出口),229,195000
2019-12,39069010,其他丙烯酸聚合物粒，初級狀態,加拿大,出口總值(含復出口),62,26000
2019-12,39069010,其他丙烯酸聚合物粒，初級狀態,瓜地馬拉,出口總值(含復出口),16,22400
2019-12,39069010,其他丙烯酸聚合物粒，初級狀態,立陶宛,出口總值(含復出口),74,36000
2019-12,39069010,其他丙烯酸聚合物粒，初級狀態,印尼,出口總值(含復出口),337,128171
2019-12,39069010,其他丙烯酸聚合物粒，初級狀態,印度,出口總值(含復出口),158,97840
2019-12,39069010,其他丙烯酸聚合物粒，初級狀態,安哥拉,出口總值(含復出口),198,172000
2019-12,39069010,其他丙烯酸聚合物粒，初級狀態,西班牙,出口總值(含復出口),79,42000
2019-12,39069010,其他丙烯酸聚合物粒，初級狀態,沙烏地阿拉伯,出口總值(含復出口),118,89600
2019-12,39069010,其他丙烯酸聚合物粒，初級狀態,奈及利亞,出口總值(含復出口),38,28800
2019-12,39069010,其他丙烯酸聚合物粒，初級狀態,孟加拉,出口總值(含復出口),469,333840
2019-12,39069010,其他丙烯酸聚合物粒，初級狀態,波蘭,出口總值(含復出口),34,18000
2019-12,39069010,其他丙烯酸聚合物粒，初級狀態,法國,進口總值(含復進口),20,480
2019-12,39069010,其他丙烯酸聚合物粒，初級狀態,法國,出口總值(含復出口),83,36000
2019-12,39069010,其他丙烯酸聚合物粒，初級狀態,阿拉伯聯合大公國,出口總值(含復出口),76,27600
2019-12,39069010,其他丙烯酸聚合物粒，初級狀態,阿根廷,出口總值(含復出口),7,4000
2019-12,39069010,其他丙烯酸聚合物粒，初級狀態,阿曼,出口總值(含復出口),27,16000
2019-12,39069010,其他丙烯酸聚合物粒，初級狀態,俄羅斯,出口總值(含復出口),108,36000
2019-12,39069010,其他丙烯酸聚合物粒，初級狀態,南非,出口總值(含復出口),47,23000
2019-12,39069010,其他丙烯酸聚合物粒，初級狀態,南韓,進口總值(含復進口),643,307602
2019-12,39069010,其他丙烯酸聚合物粒，初級狀態,南韓,出口總值(含復出口),206,94168
2019-12,39069010,其他丙烯酸聚合物粒，初級狀態,柬埔寨,出口總值(含復出口),85,67500
2019-12,39069010,其他丙烯酸聚合物粒，初級狀態,美國,進口總值(含復進口),497,10407
2019-12,39069010,其他丙烯酸聚合物粒，初級狀態,美國,出口總值(含復出口),1066,783800
2019-12,39069010,其他丙烯酸聚合物粒，初級狀態,英國,進口總值(含復進口),53,20052
2019-12,39069010,其他丙烯酸聚合物粒，初級狀態,英國,出口總值(含復出口),57,28000
2019-12,39069010,其他丙烯酸聚合物粒，初級狀態,迦納,出口總值(含復出口),484,440000
2019-12,39069010,其他丙烯酸聚合物粒，初級狀態,香港,出口總值(含復出口),773,354754
2019-12,39069010,其他丙烯酸聚合物粒，初級狀態,哥倫比亞,出口總值(含復出口),108,62400
2019-12,39069010,其他丙烯酸聚合物粒，初級狀態,埃及,出口總值(含復出口),200,140800
2019-12,39069010,其他丙烯酸聚合物粒，初級狀態,泰國,進口總值(含復進口),51,23600
2019-12,39069010,其他丙烯酸聚合物粒，初級狀態,泰國,出口總值(含復出口),213,92300
2019-12,39069010,其他丙烯酸聚合物粒，初級狀態,紐西蘭,出口總值(含復出口),44,21600
2019-12,39069010,其他丙烯酸聚合物粒，初級狀態,馬來西亞,進口總值(含復進口),132,19600
2019-12,39069010,其他丙烯酸聚合物粒，初級狀態,馬來西亞,出口總值(含復出口),151,62175
2019-12,39069010,其他丙烯酸聚合物粒，初級狀態,荷蘭,進口總值(含復進口),49,20625
2019-12,39069010,其他丙烯酸聚合物粒，初級狀態,荷蘭,出口總值(含復出口),112,57600
2019-12,39069010,其他丙烯酸聚合物粒，初級狀態,斯洛維尼亞,出口總值(含復出口),181,77000
2019-12,39069010,其他丙烯酸聚合物粒，初級狀態,智利,出口總值(含復出口),12,4800
2019-12,39069010,其他丙烯酸聚合物粒，初級狀態,菲律賓,出口總值(含復出口),48,20000
2019-12,39069010,其他丙烯酸聚合物粒，初級狀態,越南,出口總值(含復出口),610,408781
2019-12,39069010,其他丙烯酸聚合物粒，初級狀態,愛爾蘭,出口總值(含復出口),33,17000
2019-12,39069010,其他丙烯酸聚合物粒，初級狀態,新加坡,進口總值(含復進口),336,122400
2019-12,39069010,其他丙烯酸聚合物粒，初級狀態,新加坡,出口總值(含復出口),37,17400
2019-12,39069010,其他丙烯酸聚合物粒，初級狀態,瑞士,進口總值(含復進口),16,71
2019-12,39069010,其他丙烯酸聚合物粒，初級狀態,義大利,進口總值(含復進口),5,160
2019-12,39069010,其他丙烯酸聚合物粒，初級狀態,義大利,出口總值(含復出口),170,90000
2019-12,39069010,其他丙烯酸聚合物粒，初級狀態,德國,進口總值(含復進口),51,21024
2019-12,39069010,其他丙烯酸聚合物粒，初級狀態,德國,出口總值(含復出口),39,32800
2019-12,39069010,其他丙烯酸聚合物粒，初級狀態,墨西哥,出口總值(含復出口),579,499200
2019-12,39069010,其他丙烯酸聚合物粒，初級狀態,澳大利亞,出口總值(含復出口),96,40990
2019-12,39069010,其他丙烯酸聚合物粒，初級狀態,賽普勒斯,出口總值(含復出口),17,16000
2019-12,39071000,聚縮醛，初級狀態,土耳其,出口總值(含復出口),187,144000
2019-12,39071000,聚縮醛，初級狀態,中國大陸,進口總值(含復進口),25,12886
2019-12,39071000,聚縮醛，初級狀態,中國大陸,出口總值(含復出口),5973,3852095
2019-12,39071000,聚縮醛，初級狀態,巴基斯坦,出口總值(含復出口),26,18000
2019-12,39071000,聚縮醛，初級狀態,日本,進口總值(含復進口),614,205229
2019-12,39071000,聚縮醛，初級狀態,日本,出口總值(含復出口),232,86700
2019-12,39071000,聚縮醛，初級狀態,比利時,進口總值(含復進口),0,225
2019-12,39071000,聚縮醛，初級狀態,印尼,出口總值(含復出口),59,41000
2019-12,39071000,聚縮醛，初級狀態,阿拉伯聯合大公國,出口總值(含復出口),294,198000
2019-12,39071000,聚縮醛，初級狀態,阿根廷,出口總值(含復出口),23,18000
2019-12,39071000,聚縮醛，初級狀態,俄羅斯,出口總值(含復出口),126,94000
2019-12,39071000,聚縮醛，初級狀態,南非,出口總值(含復出口),97,72000
2019-12,39071000,聚縮醛，初級狀態,南韓,進口總值(含復進口),128,92500
2019-12,39071000,聚縮醛，初級狀態,南韓,出口總值(含復出口),3,1000
2019-12,39071000,聚縮醛，初級狀態,美國,進口總值(含復進口),360,61200
2019-12,39071000,聚縮醛，初級狀態,美國,出口總值(含復出口),24,18000
2019-12,39071000,聚縮醛，初級狀態,英國,出口總值(含復出口),24,18000
2019-12,39071000,聚縮醛，初級狀態,香港,出口總值(含復出口),1094,474350
2019-12,39071000,聚縮醛，初級狀態,哥倫比亞,出口總值(含復出口),52,40000
2019-12,39071000,聚縮醛，初級狀態,泰國,進口總值(含復進口),476,309000
2019-12,39071000,聚縮醛，初級狀態,泰國,出口總值(含復出口),10,3500
2019-12,39071000,聚縮醛，初級狀態,馬來西亞,進口總值(含復進口),40,21875
2019-12,39071000,聚縮醛，初級狀態,馬來西亞,出口總值(含復出口),50,28000
2019-12,39071000,聚縮醛，初級狀態,荷蘭,進口總值(含復進口),260,77125
2019-12,39071000,聚縮醛，初級狀態,荷蘭,出口總值(含復出口),120,90000
2019-12,39071000,聚縮醛，初級狀態,越南,出口總值(含復出口),388,240180
2019-12,39071000,聚縮醛，初級狀態,新加坡,進口總值(含復進口),24,2030
2019-12,39071000,聚縮醛，初級狀態,瑞典,進口總值(含復進口),3,222
2019-12,39071000,聚縮醛，初級狀態,義大利,出口總值(含復出口),143,108000
2019-12,39071000,聚縮醛，初級狀態,德國,進口總值(含復進口),33,3000
2019-12,39071000,聚縮醛，初級狀態,德國,出口總值(含復出口),131,99000
2019-1,39073010,丙二酚型環氧樹脂,土耳其,出口總值(含復出口),422,199440
2019-1,39073010,丙二酚型環氧樹脂,中國大陸,進口總值(含復進口),287,118298
2019-1,39073010,丙二酚型環氧樹脂,中國大陸,出口總值(含復出口),4420,1735436
2019-1,39073010,丙二酚型環氧樹脂,中華民國,進口總值(含復進口),43,13860
2019-1,39073010,丙二酚型環氧樹脂,巴西,出口總值(含復出口),37,16000
2019-1,39073010,丙二酚型環氧樹脂,巴基斯坦,出口總值(含復出口),48,18775
2019-1,39073010,丙二酚型環氧樹脂,日本,進口總值(含復進口),67,2548
2019-1,39073010,丙二酚型環氧樹脂,日本,出口總值(含復出口),1931,823240
2019-1,39073010,丙二酚型環氧樹脂,加拿大,出口總值(含復出口),249,105600
2019-1,39073010,丙二酚型環氧樹脂,印尼,出口總值(含復出口),481,218680
2019-1,39073010,丙二酚型環氧樹脂,印度,出口總值(含復出口),295,141413
2019-1,39073010,丙二酚型環氧樹脂,西班牙,出口總值(含復出口),65,19800
2019-1,39073010,丙二酚型環氧樹脂,沙烏地阿拉伯,出口總值(含復出口),53,26400
2019-1,39073010,丙二酚型環氧樹脂,孟加拉,出口總值(含復出口),39,16000
2019-1,39073010,丙二酚型環氧樹脂,阿拉伯聯合大公國,出口總值(含復出口),604,256470
2019-1,39073010,丙二酚型環氧樹脂,南韓,進口總值(含復進口),142,42920
2019-1,39073010,丙二酚型環氧樹脂,科威特,出口總值(含復出口),42,17600
2019-1,39073010,丙二酚型環氧樹脂,美國,進口總值(含復進口),187,55874
2019-1,39073010,丙二酚型環氧樹脂,美國,出口總值(含復出口),1151,513970
2019-1,39073010,丙二酚型環氧樹脂,英國,進口總值(含復進口),10,257
2019-1,39073010,丙二酚型環氧樹脂,英國,出口總值(含復出口),666,281500
2019-1,39073010,丙二酚型環氧樹脂,香港,出口總值(含復出口),113,43200
2019-1,39073010,丙二酚型環氧樹脂,哥倫比亞,出口總值(含復出口),121,47970
2019-1,39073010,丙二酚型環氧樹脂,埃及,出口總值(含復出口),240,105600
2019-1,39073010,丙二酚型環氧樹脂,泰國,出口總值(含復出口),89,40440
2019-1,39073010,丙二酚型環氧樹脂,馬來西亞,出口總值(含復出口),2178,998580
2019-1,39073010,丙二酚型環氧樹脂,荷蘭,進口總值(含復進口),143,51092
2019-1,39073010,丙二酚型環氧樹脂,荷蘭,出口總值(含復出口),677,292240
2019-1,39073010,丙二酚型環氧樹脂,菲律賓,出口總值(含復出口),601,262420
2019-1,39073010,丙二酚型環氧樹脂,越南,出口總值(含復出口),847,362609
2019-1,39073010,丙二酚型環氧樹脂,新加坡,出口總值(含復出口),1031,465120
2019-1,39073010,丙二酚型環氧樹脂,義大利,出口總值(含復出口),733,336980
2019-1,39073010,丙二酚型環氧樹脂,葡萄牙,出口總值(含復出口),188,87500
2019-1,39073010,丙二酚型環氧樹脂,德國,進口總值(含復進口),81,10100
2019-1,39073010,丙二酚型環氧樹脂,德國,出口總值(含復出口),303,144000
2019-1,39073010,丙二酚型環氧樹脂,墨西哥,出口總值(含復出口),119,54400
2019-1,39073010,丙二酚型環氧樹脂,澳大利亞,出口總值(含復出口),299,128480
2019-1,39073010,丙二酚型環氧樹脂,澳門,出口總值(含復出口),210,80980
2019-1,39074000,聚碳酸樹脂，初級狀態,土耳其,出口總值(含復出口),98,36000
2019-1,39074000,聚碳酸樹脂，初級狀態,中國大陸,進口總值(含復進口),7908,2750043
2019-1,39074000,聚碳酸樹脂，初級狀態,中國大陸,出口總值(含復出口),45223,21557027
2019-1,39074000,聚碳酸樹脂，初級狀態,中華民國,進口總值(含復進口),50,13300
2019-1,39074000,聚碳酸樹脂，初級狀態,丹麥,出口總值(含復出口),34,16000
2019-1,39074000,聚碳酸樹脂，初級狀態,巴基斯坦,進口總值(含復進口),36,25090
2019-1,39074000,聚碳酸樹脂，初級狀態,日本,進口總值(含復進口),6910,1095686
2019-1,39074000,聚碳酸樹脂，初級狀態,日本,出口總值(含復出口),2897,1212850
2019-1,39074000,聚碳酸樹脂，初級狀態,比利時,進口總值(含復進口),646,167285
2019-1,39074000,聚碳酸樹脂，初級狀態,比利時,出口總值(含復出口),15,6000
2019-1,39074000,聚碳酸樹脂，初級狀態,以色列,出口總值(含復出口),231,105000
2019-1,39074000,聚碳酸樹脂，初級狀態,加拿大,出口總值(含復出口),12,6000
2019-1,39074000,聚碳酸樹脂，初級狀態,伊朗,出口總值(含復出口),456,176000
2019-1,39074000,聚碳酸樹脂，初級狀態,印尼,出口總值(含復出口),156,72985
2019-1,39074000,聚碳酸樹脂，初級狀態,西班牙,進口總值(含復進口),111,48000
2019-1,39074000,聚碳酸樹脂，初級狀態,西班牙,出口總值(含復出口),36,16000
2019-1,39074000,聚碳酸樹脂，初級狀態,希臘,出口總值(含復出口),13,6000
2019-1,39074000,聚碳酸樹脂，初級狀態,沙烏地阿拉伯,進口總值(含復進口),9948,5261250
2019-1,39074000,聚碳酸樹脂，初級狀態,波蘭,出口總值(含復出口),4,2000
2019-1,39074000,聚碳酸樹脂，初級狀態,法國,出口總值(含復出口),17,5000
2019-1,39074000,聚碳酸樹脂，初級狀態,阿根廷,出口總值(含復出口),78,36000
2019-1,39074000,聚碳酸樹脂，初級狀態,俄羅斯,出口總值(含復出口),46,17500
2019-1,39074000,聚碳酸樹脂，初級狀態,南非,出口總值(含復出口),161,74000
2019-1,39074000,聚碳酸樹脂，初級狀態,南韓,進口總值(含復進口),2655,1151350
2019-1,39074000,聚碳酸樹脂，初級狀態,南韓,出口總值(含復出口),1255,458000
2019-1,39074000,聚碳酸樹脂，初級狀態,突尼西亞,出口總值(含復出口),2,1000
2019-1,39074000,聚碳酸樹脂，初級狀態,美國,進口總值(含復進口),903,60447
2019-1,39074000,聚碳酸樹脂，初級狀態,美國,出口總值(含復出口),682,308300
2019-1,39074000,聚碳酸樹脂，初級狀態,英國,進口總值(含復進口),2,24
2019-1,39074000,聚碳酸樹脂，初級狀態,英國,出口總值(含復出口),3,1125
2019-1,39074000,聚碳酸樹脂，初級狀態,香港,進口總值(含復進口),33,23251
2019-1,39074000,聚碳酸樹脂，初級狀態,香港,出口總值(含復出口),5465,1513450
2019-1,39074000,聚碳酸樹脂，初級狀態,哥倫比亞,出口總值(含復出口),78,36000
2019-1,39074000,聚碳酸樹脂，初級狀態,埃及,出口總值(含復出口),8,4000
2019-1,39074000,聚碳酸樹脂，初級狀態,泰國,進口總值(含復進口),2031,766608
2019-1,39074000,聚碳酸樹脂，初級狀態,泰國,出口總值(含復出口),189,73995
2019-1,39074000,聚碳酸樹脂，初級狀態,紐西蘭,出口總值(含復出口),70,33500
2019-1,39074000,聚碳酸樹脂，初級狀態,馬來西亞,進口總值(含復進口),7,1000
2019-1,39074000,聚碳酸樹脂，初級狀態,馬來西亞,出口總值(含復出口),587,277595
2019-1,39074000,聚碳酸樹脂，初級狀態,荷蘭,進口總值(含復進口),101,11450
2019-1,39074000,聚碳酸樹脂，初級狀態,荷蘭,出口總值(含復出口),867,344000
2019-1,39074000,聚碳酸樹脂，初級狀態,斯洛維尼亞,出口總值(含復出口),92,42000
2019-1,39074000,聚碳酸樹脂，初級狀態,智利,出口總值(含復出口),43,20000
2019-1,39074000,聚碳酸樹脂，初級狀態,菲律賓,進口總值(含復進口),8,1000
2019-1,39074000,聚碳酸樹脂，初級狀態,菲律賓,出口總值(含復出口),55,25000
2019-1,39074000,聚碳酸樹脂，初級狀態,越南,進口總值(含復進口),11,22044
2019-1,39074000,聚碳酸樹脂，初級狀態,越南,出口總值(含復出口),924,450514
2019-1,39074000,聚碳酸樹脂，初級狀態,愛沙尼亞,出口總值(含復出口),25,12000
2019-1,39074000,聚碳酸樹脂，初級狀態,新加坡,進口總值(含復進口),869,367850
2019-1,39074000,聚碳酸樹脂，初級狀態,新加坡,出口總值(含復出口),309,65460
2019-1,39074000,聚碳酸樹脂，初級狀態,瑞士,進口總值(含復進口),153,22000
2019-1,39074000,聚碳酸樹脂，初級狀態,瑞典,出口總值(含復出口),66,32000
2019-1,39074000,聚碳酸樹脂，初級狀態,義大利,進口總值(含復進口),96,27447
2019-1,39074000,聚碳酸樹脂，初級狀態,義大利,出口總值(含復出口),41,17000
2019-1,39074000,聚碳酸樹脂，初級狀態,德國,進口總值(含復進口),1145,566565
2019-1,39074000,聚碳酸樹脂，初級狀態,德國,出口總值(含復出口),86,34200
2019-1,39074000,聚碳酸樹脂，初級狀態,緬甸,出口總值(含復出口),29,16000
2019-1,39074000,聚碳酸樹脂，初級狀態,黎巴嫩,出口總值(含復出口),28,14000
2019-1,39074000,聚碳酸樹脂，初級狀態,墨西哥,進口總值(含復進口),13,9226
2019-1,39074000,聚碳酸樹脂，初級狀態,墨西哥,出口總值(含復出口),221,74000
2019-1,39074000,聚碳酸樹脂，初級狀態,澳大利亞,出口總值(含復出口),2,750
2019-1,39075000,醇酸樹脂，初級狀態,中國大陸,進口總值(含復進口),79,43390
2019-1,39075000,醇酸樹脂，初級狀態,中國大陸,出口總值(含復出口),283,147460
2019-1,39075000,醇酸樹脂，初級狀態,中華民國,進口總值(含復進口),46,16149
2019-1,39075000,醇酸樹脂，初級狀態,日本,進口總值(含復進口),37,14054
2019-1,39075000,醇酸樹脂，初級狀態,日本,出口總值(含復出口),51,23180
2019-1,39075000,醇酸樹脂，初級狀態,以色列,出口總值(含復出口),22,14560
2019-1,39075000,醇酸樹脂，初級狀態,印尼,出口總值(含復出口),28,15380
2019-1,39075000,醇酸樹脂，初級狀態,印度,出口總值(含復出口),82,32000
2019-1,39075000,醇酸樹脂，初級狀態,沙烏地阿拉伯,出口總值(含復出口),9,4940
2019-1,39075000,醇酸樹脂，初級狀態,俄羅斯,出口總值(含復出口),25,9600
2019-1,39075000,醇酸樹脂，初級狀態,美國,進口總值(含復進口),5,762
2019-1,39075000,醇酸樹脂，初級狀態,泰國,出口總值(含復出口),33,18600
2019-1,39075000,醇酸樹脂，初級狀態,紐西蘭,出口總值(含復出口),9,4000
2019-1,39075000,醇酸樹脂，初級狀態,馬來西亞,出口總值(含復出口),363,162020
2019-1,39075000,醇酸樹脂，初級狀態,斯里蘭卡,出口總值(含復出口),58,35800
2019-1,39075000,醇酸樹脂，初級狀態,菲律賓,出口總值(含復出口),25,10780
2019-1,39075000,醇酸樹脂，初級狀態,越南,出口總值(含復出口),1724,1047465
2019-1,39075000,醇酸樹脂，初級狀態,奧地利,進口總值(含復進口),16,4300
2019-1,39075000,醇酸樹脂，初級狀態,新加坡,出口總值(含復出口),37,24830
2019-1,39075000,醇酸樹脂，初級狀態,模里西斯,出口總值(含復出口),34,21580
2019-1,39075000,醇酸樹脂，初級狀態,澳大利亞,出口總值(含復出口),75,44560
2019-2,39073010,丙二酚型環氧樹脂,土耳其,出口總值(含復出口),97,42720
2019-2,39073010,丙二酚型環氧樹脂,中國大陸,進口總值(含復進口),51,17215
2019-2,39073010,丙二酚型環氧樹脂,中國大陸,出口總值(含復出口),5687,2477815
2019-2,39073010,丙二酚型環氧樹脂,巴西,出口總值(含復出口),161,72000
2019-2,39073010,丙二酚型環氧樹脂,巴林,出口總值(含復出口),76,35200
2019-2,39073010,丙二酚型環氧樹脂,日本,進口總值(含復進口),80,5134
2019-2,39073010,丙二酚型環氧樹脂,日本,出口總值(含復出口),1452,620770
2019-2,39073010,丙二酚型環氧樹脂,加拿大,出口總值(含復出口),98,44000
2019-2,39073010,丙二酚型環氧樹脂,卡達,出口總值(含復出口),75,35200
2019-2,39073010,丙二酚型環氧樹脂,印尼,出口總值(含復出口),655,313730
2019-2,39073010,丙二酚型環氧樹脂,印度,出口總值(含復出口),49,22020
2019-2,39073010,丙二酚型環氧樹脂,多明尼加,出口總值(含復出口),78,35200
2019-2,39073010,丙二酚型環氧樹脂,西班牙,進口總值(含復進口),58,5988
2019-2,39073010,丙二酚型環氧樹脂,希臘,出口總值(含復出口),38,17500
2019-2,39073010,丙二酚型環氧樹脂,沙烏地阿拉伯,出口總值(含復出口),167,79200
2019-2,39073010,丙二酚型環氧樹脂,法國,出口總值(含復出口),4,100
2019-2,39073010,丙二酚型環氧樹脂,阿拉伯聯合大公國,出口總值(含復出口),216,107140
2019-2,39073010,丙二酚型環氧樹脂,阿曼,出口總值(含復出口),152,70400
2019-2,39073010,丙二酚型環氧樹脂,南韓,進口總值(含復進口),4,770
2019-2,39073010,丙二酚型環氧樹脂,美國,進口總值(含復進口),66,6601
2019-2,39073010,丙二酚型環氧樹脂,美國,出口總值(含復出口),1023,480750
2019-2,39073010,丙二酚型環氧樹脂,英國,出口總值(含復出口),1203,524680
2019-2,39073010,丙二酚型環氧樹脂,香港,出口總值(含復出口),114,42240
2019-2,39073010,丙二酚型環氧樹脂,哥倫比亞,出口總值(含復出口),145,56020
2019-2,39073010,丙二酚型環氧樹脂,埃及,出口總值(含復出口),120,54400
2019-2,39073010,丙二酚型環氧樹脂,泰國,出口總值(含復出口),113,40040
2019-2,39073010,丙二酚型環氧樹脂,馬來西亞,出口總值(含復出口),2081,978080
2019-2,39073010,丙二酚型環氧樹脂,荷蘭,進口總值(含復進口),41,16380
2019-2,39073010,丙二酚型環氧樹脂,荷蘭,出口總值(含復出口),740,309000
2019-2,39073010,丙二酚型環氧樹脂,喬治亞,出口總值(含復出口),43,18100
2019-2,39073010,丙二酚型環氧樹脂,斯里蘭卡,出口總值(含復出口),35,17600
2019-2,39073010,丙二酚型環氧樹脂,菲律賓,出口總值(含復出口),439,211792
2019-2,39073010,丙二酚型環氧樹脂,越南,出口總值(含復出口),1270,549795
2019-2,39073010,丙二酚型環氧樹脂,奧地利,出口總值(含復出口),40,17500
2019-2,39073010,丙二酚型環氧樹脂,新加坡,出口總值(含復出口),549,255440
2019-2,39073010,丙二酚型環氧樹脂,義大利,出口總值(含復出口),895,425620
2019-2,39073010,丙二酚型環氧樹脂,葡萄牙,出口總值(含復出口),167,80000
2019-2,39073010,丙二酚型環氧樹脂,德國,進口總值(含復進口),72,8900
2019-2,39073010,丙二酚型環氧樹脂,德國,出口總值(含復出口),350,159000
2019-2,39073010,丙二酚型環氧樹脂,墨西哥,出口總值(含復出口),117,51840
2019-2,39073010,丙二酚型環氧樹脂,澳大利亞,出口總值(含復出口),142,64480
2019-2,39073010,丙二酚型環氧樹脂,澳門,出口總值(含復出口),150,60330
2019-2,39074000,聚碳酸樹脂，初級狀態,土耳其,出口總值(含復出口),3,1000
2019-2,39074000,聚碳酸樹脂，初級狀態,中國大陸,進口總值(含復進口),5411,2022584
2019-2,39074000,聚碳酸樹脂，初級狀態,中國大陸,出口總值(含復出口),46405,22094908
2019-2,39074000,聚碳酸樹脂，初級狀態,中華民國,進口總值(含復進口),41,18950
2019-2,39074000,聚碳酸樹脂，初級狀態,巴西,出口總值(含復出口),33,6000
2019-2,39074000,聚碳酸樹脂，初級狀態,巴基斯坦,出口總值(含復出口),21,6000
2019-2,39074000,聚碳酸樹脂，初級狀態,日本,進口總值(含復進口),4193,1093113
2019-2,39074000,聚碳酸樹脂，初級狀態,日本,出口總值(含復出口),2013,867450
2019-2,39074000,聚碳酸樹脂，初級狀態,比利時,進口總值(含復進口),85,12500
2019-2,39074000,聚碳酸樹脂，初級狀態,比利時,出口總值(含復出口),12,4000
2019-2,39074000,聚碳酸樹脂，初級狀態,以色列,出口總值(含復出口),325,164000
2019-2,39074000,聚碳酸樹脂，初級狀態,加拿大,出口總值(含復出口),148,54000
2019-2,39074000,聚碳酸樹脂，初級狀態,印尼,出口總值(含復出口),139,49300
2019-2,39074000,聚碳酸樹脂，初級狀態,印度,進口總值(含復進口),1,350
2019-2,39074000,聚碳酸樹脂，初級狀態,西班牙,進口總值(含復進口),378,177250
2019-2,39074000,聚碳酸樹脂，初級狀態,西班牙,出口總值(含復出口),66,32000
2019-2,39074000,聚碳酸樹脂，初級狀態,沙烏地阿拉伯,進口總值(含復進口),7212,4191900
2019-2,39074000,聚碳酸樹脂，初級狀態,孟加拉,出口總值(含復出口),58,25000
2019-2,39074000,聚碳酸樹脂，初級狀態,波蘭,出口總值(含復出口),33,12000
2019-2,39074000,聚碳酸樹脂，初級狀態,法國,出口總值(含復出口),7,3000
2019-2,39074000,聚碳酸樹脂，初級狀態,阿拉伯聯合大公國,出口總值(含復出口),38,18000
2019-2,39074000,聚碳酸樹脂，初級狀態,阿根廷,出口總值(含復出口),31,14000
2019-2,39074000,聚碳酸樹脂，初級狀態,南非,出口總值(含復出口),49,21000
2019-2,39074000,聚碳酸樹脂，初級狀態,南韓,進口總值(含復進口),2735,1235800
2019-2,39074000,聚碳酸樹脂，初級狀態,南韓,出口總值(含復出口),1474,511000
2019-2,39074000,聚碳酸樹脂，初級狀態,美國,進口總值(含復進口),388,87508
2019-2,39074000,聚碳酸樹脂，初級狀態,美國,出口總值(含復出口),466,187000
2019-2,39074000,聚碳酸樹脂，初級狀態,香港,出口總值(含復出口),3974,1207300
2019-2,39074000,聚碳酸樹脂，初級狀態,哥倫比亞,出口總值(含復出口),19,9000
2019-2,39074000,聚碳酸樹脂，初級狀態,泰國,進口總值(含復進口),2309,901541
2019-2,39074000,聚碳酸樹脂，初級狀態,泰國,出口總值(含復出口),285,113125
2019-2,39074000,聚碳酸樹脂，初級狀態,紐西蘭,出口總值(含復出口),3,1000
2019-2,39074000,聚碳酸樹脂，初級狀態,馬來西亞,進口總值(含復進口),60,5000
2019-2,39074000,聚碳酸樹脂，初級狀態,馬來西亞,出口總值(含復出口),296,139500
2019-2,39074000,聚碳酸樹脂，初級狀態,荷蘭,進口總值(含復進口),4,200
2019-2,39074000,聚碳酸樹脂，初級狀態,荷蘭,出口總值(含復出口),1096,447000
2019-2,39074000,聚碳酸樹脂，初級狀態,菲律賓,進口總值(含復進口),8,1000
2019-2,39074000,聚碳酸樹脂，初級狀態,菲律賓,出口總值(含復出口),129,59000
2019-2,39074000,聚碳酸樹脂，初級狀態,越南,出口總值(含復出口),3575,1671850
2019-2,39074000,聚碳酸樹脂，初級狀態,新加坡,進口總值(含復進口),144,44850
2019-2,39074000,聚碳酸樹脂，初級狀態,新加坡,出口總值(含復出口),625,317250
2019-2,39074000,聚碳酸樹脂，初級狀態,義大利,進口總值(含復進口),3,9
2019-2,39074000,聚碳酸樹脂，初級狀態,義大利,出口總值(含復出口),2,1000
2019-2,39074000,聚碳酸樹脂，初級狀態,德國,進口總值(含復進口),55,9350
2019-2,39074000,聚碳酸樹脂，初級狀態,德國,出口總值(含復出口),202,92000
2019-2,39074000,聚碳酸樹脂，初級狀態,墨西哥,進口總值(含復進口),23,16724
2019-2,39074000,聚碳酸樹脂，初級狀態,墨西哥,出口總值(含復出口),338,119000
2019-2,39074000,聚碳酸樹脂，初級狀態,澳大利亞,出口總值(含復出口),3,1000
2019-2,39075000,醇酸樹脂，初級狀態,中國大陸,進口總值(含復進口),3,1080
2019-2,39075000,醇酸樹脂，初級狀態,中國大陸,出口總值(含復出口),172,90780
2019-2,39075000,醇酸樹脂，初級狀態,日本,進口總值(含復進口),1,454
2019-2,39075000,醇酸樹脂，初級狀態,印尼,出口總值(含復出口),8,3860
2019-2,39075000,醇酸樹脂，初級狀態,印度,出口總值(含復出口),24,8000
2019-2,39075000,醇酸樹脂，初級狀態,南韓,出口總值(含復出口),35,19600
2019-2,39075000,醇酸樹脂，初級狀態,美國,進口總值(含復進口),3,980
2019-2,39075000,醇酸樹脂，初級狀態,泰國,出口總值(含復出口),20,10250
2019-2,39075000,醇酸樹脂，初級狀態,馬來西亞,出口總值(含復出口),150,86000
2019-2,39075000,醇酸樹脂，初級狀態,菲律賓,出口總值(含復出口),2,590
2019-2,39075000,醇酸樹脂，初級狀態,越南,出口總值(含復出口),2173,1405030
2019-2,39075000,醇酸樹脂，初級狀態,新加坡,出口總值(含復出口),88,46250
2019-2,39075000,醇酸樹脂，初級狀態,模里西斯,出口總值(含復出口),23,15000
2019-2,39075000,醇酸樹脂，初級狀態,緬甸,出口總值(含復出口),38,4086
2019-2,39075000,醇酸樹脂，初級狀態,黎巴嫩,出口總值(含復出口),26,15400
2019-3,39073010,丙二酚型環氧樹脂,土耳其,出口總值(含復出口),81,35360
2019-3,39073010,丙二酚型環氧樹脂,中國大陸,進口總值(含復進口),208,77330
2019-3,39073010,丙二酚型環氧樹脂,中國大陸,出口總值(含復出口),10778,4265958
2019-3,39073010,丙二酚型環氧樹脂,中華民國,進口總值(含復進口),13,3740
2019-3,39073010,丙二酚型環氧樹脂,巴西,出口總值(含復出口),157,71590
2019-3,39073010,丙二酚型環氧樹脂,巴林,出口總值(含復出口),40,17600
2019-3,39073010,丙二酚型環氧樹脂,巴基斯坦,出口總值(含復出口),95,38400
2019-3,39073010,丙二酚型環氧樹脂,日本,進口總值(含復進口),174,4351
2019-3,39073010,丙二酚型環氧樹脂,日本,出口總值(含復出口),1346,591490
2019-3,39073010,丙二酚型環氧樹脂,加拿大,出口總值(含復出口),98,44000
2019-3,39073010,丙二酚型環氧樹脂,卡達,出口總值(含復出口),46,19200
2019-3,39073010,丙二酚型環氧樹脂,印尼,出口總值(含復出口),373,169010
2019-3,39073010,丙二酚型環氧樹脂,印度,出口總值(含復出口),163,74690
2019-3,39073010,丙二酚型環氧樹脂,西班牙,出口總值(含復出口),183,77640
2019-3,39073010,丙二酚型環氧樹脂,希臘,出口總值(含復出口),34,17600
2019-3,39073010,丙二酚型環氧樹脂,沙烏地阿拉伯,出口總值(含復出口),370,170280
2019-3,39073010,丙二酚型環氧樹脂,阿拉伯聯合大公國,出口總值(含復出口),1016,481890
2019-3,39073010,丙二酚型環氧樹脂,阿曼,出口總值(含復出口),211,96000
2019-3,39073010,丙二酚型環氧樹脂,俄羅斯,出口總值(含復出口),154,70400
2019-3,39073010,丙二酚型環氧樹脂,南韓,進口總值(含復進口),5,1400
2019-3,39073010,丙二酚型環氧樹脂,約旦,出口總值(含復出口),82,36800
2019-3,39073010,丙二酚型環氧樹脂,美國,進口總值(含復進口),63,24480
2019-3,39073010,丙二酚型環氧樹脂,美國,出口總值(含復出口),1848,852014
2019-3,39073010,丙二酚型環氧樹脂,英國,進口總值(含復進口),9,257
2019-3,39073010,丙二酚型環氧樹脂,英國,出口總值(含復出口),789,338800
2019-3,39073010,丙二酚型環氧樹脂,香港,出口總值(含復出口),73,24190
2019-3,39073010,丙二酚型環氧樹脂,哥倫比亞,出口總值(含復出口),60,24070
2019-3,39073010,丙二酚型環氧樹脂,埃及,出口總值(含復出口),364,163200
2019-3,39073010,丙二酚型環氧樹脂,泰國,出口總值(含復出口),11,4085
2019-3,39073010,丙二酚型環氧樹脂,烏克蘭,出口總值(含復出口),85,38400
2019-3,39073010,丙二酚型環氧樹脂,馬來西亞,進口總值(含復進口),94,24000
2019-3,39073010,丙二酚型環氧樹脂,馬來西亞,出口總值(含復出口),1665,769010
2019-3,39073010,丙二酚型環氧樹脂,荷蘭,進口總值(含復進口),92,34800
2019-3,39073010,丙二酚型環氧樹脂,荷蘭,出口總值(含復出口),1129,486985
2019-3,39073010,丙二酚型環氧樹脂,菲律賓,出口總值(含復出口),1658,796715
2019-3,39073010,丙二酚型環氧樹脂,越南,出口總值(含復出口),834,361706
2019-3,39073010,丙二酚型環氧樹脂,奧地利,出口總值(含復出口),166,70000
2019-3,39073010,丙二酚型環氧樹脂,新加坡,出口總值(含復出口),692,318320
2019-3,39073010,丙二酚型環氧樹脂,義大利,進口總值(含復進口),6,756
2019-3,39073010,丙二酚型環氧樹脂,義大利,出口總值(含復出口),655,273460
2019-3,39073010,丙二酚型環氧樹脂,德國,進口總值(含復進口),19,1890
2019-3,39073010,丙二酚型環氧樹脂,德國,出口總值(含復出口),651,312000
2019-3,39073010,丙二酚型環氧樹脂,緬甸,出口總值(含復出口),38,17600
2019-3,39073010,丙二酚型環氧樹脂,墨西哥,出口總值(含復出口),85,38400
2019-3,39073010,丙二酚型環氧樹脂,澳大利亞,出口總值(含復出口),708,308170
2019-3,39073010,丙二酚型環氧樹脂,澳門,出口總值(含復出口),201,80460
2019-3,39074000,聚碳酸樹脂，初級狀態,土耳其,出口總值(含復出口),115,32000
2019-3,39074000,聚碳酸樹脂，初級狀態,中國大陸,進口總值(含復進口),10184,3916984
2019-3,39074000,聚碳酸樹脂，初級狀態,中國大陸,出口總值(含復出口),58234,26362463
2019-3,39074000,聚碳酸樹脂，初級狀態,中華民國,進口總值(含復進口),95,36600
2019-3,39074000,聚碳酸樹脂，初級狀態,巴西,出口總值(含復出口),328,74000
2019-3,39074000,聚碳酸樹脂，初級狀態,巴基斯坦,出口總值(含復出口),64,28000
2019-3,39074000,聚碳酸樹脂，初級狀態,日本,進口總值(含復進口),9137,1438389
2019-3,39074000,聚碳酸樹脂，初級狀態,日本,出口總值(含復出口),1924,850300
2019-3,39074000,聚碳酸樹脂，初級狀態,比利時,進口總值(含復進口),238,86674
2019-3,39074000,聚碳酸樹脂，初級狀態,比利時,出口總值(含復出口),9,4000
2019-3,39074000,聚碳酸樹脂，初級狀態,以色列,出口總值(含復出口),179,86000
2019-3,39074000,聚碳酸樹脂，初級狀態,加拿大,進口總值(含復進口),38,9800
2019-3,39074000,聚碳酸樹脂，初級狀態,伊朗,出口總值(含復出口),326,144000
2019-3,39074000,聚碳酸樹脂，初級狀態,印尼,出口總值(含復出口),339,124693
2019-3,39074000,聚碳酸樹脂，初級狀態,印度,出口總值(含復出口),47,19800
2019-3,39074000,聚碳酸樹脂，初級狀態,多哥,出口總值(含復出口),7,5000
2019-3,39074000,聚碳酸樹脂，初級狀態,西班牙,進口總值(含復進口),967,468579
2019-3,39074000,聚碳酸樹脂，初級狀態,西班牙,出口總值(含復出口),72,30000
2019-3,39074000,聚碳酸樹脂，初級狀態,希臘,出口總值(含復出口),42,18000
2019-3,39074000,聚碳酸樹脂，初級狀態,沙烏地阿拉伯,進口總值(含復進口),9815,5685000
2019-3,39074000,聚碳酸樹脂，初級狀態,波蘭,出口總值(含復出口),110,51000
2019-3,39074000,聚碳酸樹脂，初級狀態,法國,出口總值(含復出口),3,1000
2019-3,39074000,聚碳酸樹脂，初級狀態,阿拉伯聯合大公國,出口總值(含復出口),323,160000
2019-3,39074000,聚碳酸樹脂，初級狀態,阿根廷,出口總值(含復出口),4,2000
2019-3,39074000,聚碳酸樹脂，初級狀態,保加利亞,進口總值(含復進口),3,875
2019-3,39074000,聚碳酸樹脂，初級狀態,俄羅斯,出口總值(含復出口),41,15000
2019-3,39074000,聚碳酸樹脂，初級狀態,南非,出口總值(含復出口),170,72000
2019-3,39074000,聚碳酸樹脂，初級狀態,南韓,進口總值(含復進口),1894,830250
2019-3,39074000,聚碳酸樹脂，初級狀態,南韓,出口總值(含復出口),3700,1291000
2019-3,39074000,聚碳酸樹脂，初級狀態,突尼西亞,出口總值(含復出口),34,16000
2019-3,39074000,聚碳酸樹脂，初級狀態,美國,進口總值(含復進口),921,183379
2019-3,39074000,聚碳酸樹脂，初級狀態,美國,出口總值(含復出口),876,366775
2019-3,39074000,聚碳酸樹脂，初級狀態,英國,出口總值(含復出口),48,18500
2019-3,39074000,聚碳酸樹脂，初級狀態,香港,出口總值(含復出口),7007,2010526
2019-3,39074000,聚碳酸樹脂，初級狀態,哥倫比亞,出口總值(含復出口),107,45000
2019-3,39074000,聚碳酸樹脂，初級狀態,哥斯大黎加,出口總值(含復出口),36,41375
2019-3,39074000,聚碳酸樹脂，初級狀態,挪威,出口總值(含復出口),34,16000
2019-3,39074000,聚碳酸樹脂，初級狀態,泰國,進口總值(含復進口),3010,1287883
2019-3,39074000,聚碳酸樹脂，初級狀態,泰國,出口總值(含復出口),287,120500
2019-3,39074000,聚碳酸樹脂，初級狀態,紐西蘭,出口總值(含復出口),6,2000
2019-3,39074000,聚碳酸樹脂，初級狀態,馬來西亞,出口總值(含復出口),770,351200
2019-3,39074000,聚碳酸樹脂，初級狀態,荷蘭,進口總值(含復進口),16,2280
2019-3,39074000,聚碳酸樹脂，初級狀態,荷蘭,出口總值(含復出口),1317,489134
2019-3,39074000,聚碳酸樹脂，初級狀態,斯里蘭卡,出口總值(含復出口),48,20000
2019-3,39074000,聚碳酸樹脂，初級狀態,斯洛維尼亞,出口總值(含復出口),35,16000
2019-3,39074000,聚碳酸樹脂，初級狀態,智利,出口總值(含復出口),7,3000
2019-3,39074000,聚碳酸樹脂，初級狀態,菲律賓,進口總值(含復進口),4,500
2019-3,39074000,聚碳酸樹脂，初級狀態,菲律賓,出口總值(含復出口),96,37000
2019-3,39074000,聚碳酸樹脂，初級狀態,越南,出口總值(含復出口),2072,933135
2019-3,39074000,聚碳酸樹脂，初級狀態,新加坡,進口總值(含復進口),507,157100
2019-3,39074000,聚碳酸樹脂，初級狀態,新加坡,出口總值(含復出口),839,398800
2019-3,39074000,聚碳酸樹脂，初級狀態,瑞士,進口總值(含復進口),129,18475
2019-3,39074000,聚碳酸樹脂，初級狀態,瑞典,出口總值(含復出口),80,39000
2019-3,39074000,聚碳酸樹脂，初級狀態,義大利,出口總值(含復出口),46,20000
2019-3,39074000,聚碳酸樹脂，初級狀態,葡萄牙,出口總值(含復出口),8,3000
2019-3,39074000,聚碳酸樹脂，初級狀態,德國,進口總值(含復進口),904,441340
2019-3,39074000,聚碳酸樹脂，初級狀態,緬甸,出口總值(含復出口),29,16000
2019-3,39074000,聚碳酸樹脂，初級狀態,黎巴嫩,出口總值(含復出口),272,116000
2019-3,39074000,聚碳酸樹脂，初級狀態,墨西哥,進口總值(含復進口),0,0
2019-3,39074000,聚碳酸樹脂，初級狀態,墨西哥,出口總值(含復出口),159,50000
2019-3,39074000,聚碳酸樹脂，初級狀態,澳大利亞,出口總值(含復出口),14,6000
2019-3,39075000,醇酸樹脂，初級狀態,中國大陸,進口總值(含復進口),104,57200
2019-3,39075000,醇酸樹脂，初級狀態,中國大陸,出口總值(含復出口),232,129752
2019-3,39075000,醇酸樹脂，初級狀態,日本,進口總值(含復進口),31,11160
2019-3,39075000,醇酸樹脂，初級狀態,日本,出口總值(含復出口),18,8000
2019-3,39075000,醇酸樹脂，初級狀態,以色列,出口總值(含復出口),41,28160
2019-3,39075000,醇酸樹脂，初級狀態,卡達,出口總值(含復出口),85,64000
2019-3,39075000,醇酸樹脂，初級狀態,印尼,出口總值(含復出口),48,33990
2019-3,39075000,醇酸樹脂，初級狀態,印度,出口總值(含復出口),41,16000
2019-3,39075000,醇酸樹脂，初級狀態,沙烏地阿拉伯,出口總值(含復出口),19,12800
2019-3,39075000,醇酸樹脂，初級狀態,南韓,出口總值(含復出口),51,16000
2019-3,39075000,醇酸樹脂，初級狀態,埃及,出口總值(含復出口),57,33600
2019-3,39075000,醇酸樹脂，初級狀態,泰國,出口總值(含復出口),20,11000
2019-3,39075000,醇酸樹脂，初級狀態,紐西蘭,出口總值(含復出口),10,4800
2019-3,39075000,醇酸樹脂，初級狀態,馬來西亞,出口總值(含復出口),300,141794
2019-3,39075000,醇酸樹脂，初級狀態,喀麥隆,出口總值(含復出口),26,16000
2019-3,39075000,醇酸樹脂，初級狀態,斯里蘭卡,出口總值(含復出口),70,39800
2019-3,39075000,醇酸樹脂，初級狀態,越南,出口總值(含復出口),2549,1577967
2019-3,39075000,醇酸樹脂，初級狀態,新加坡,出口總值(含復出口),47,16900
2019-3,39075000,醇酸樹脂，初級狀態,模里西斯,出口總值(含復出口),33,20840
2019-3,39075000,醇酸樹脂，初級狀態,緬甸,出口總值(含復出口),6,702
2019-3,39075000,醇酸樹脂，初級狀態,澳大利亞,出口總值(含復出口),205,126760
2019-4,39073010,丙二酚型環氧樹脂,土耳其,出口總值(含復出口),501,229600
2019-4,39073010,丙二酚型環氧樹脂,中國大陸,進口總值(含復進口),126,43149
2019-4,39073010,丙二酚型環氧樹脂,中國大陸,出口總值(含復出口),11265,4656040
2019-4,39073010,丙二酚型環氧樹脂,巴西,出口總值(含復出口),187,83640
2019-4,39073010,丙二酚型環氧樹脂,日本,進口總值(含復進口),38,1834
2019-4,39073010,丙二酚型環氧樹脂,日本,出口總值(含復出口),721,317700
2019-4,39073010,丙二酚型環氧樹脂,加拿大,出口總值(含復出口),138,66000
2019-4,39073010,丙二酚型環氧樹脂,卡達,出口總值(含復出口),45,19200
2019-4,39073010,丙二酚型環氧樹脂,伊朗,出口總值(含復出口),107,35200
2019-4,39073010,丙二酚型環氧樹脂,印尼,出口總值(含復出口),432,193810
2019-4,39073010,丙二酚型環氧樹脂,印度,出口總值(含復出口),49,21400
2019-4,39073010,丙二酚型環氧樹脂,希臘,出口總值(含復出口),44,17600
2019-4,39073010,丙二酚型環氧樹脂,沙烏地阿拉伯,出口總值(含復出口),100,44000
2019-4,39073010,丙二酚型環氧樹脂,法國,進口總值(含復進口),0,1
2019-4,39073010,丙二酚型環氧樹脂,阿拉伯聯合大公國,出口總值(含復出口),276,126800
2019-4,39073010,丙二酚型環氧樹脂,阿曼,出口總值(含復出口),850,368000
2019-4,39073010,丙二酚型環氧樹脂,南非,出口總值(含復出口),6,2640
2019-4,39073010,丙二酚型環氧樹脂,南韓,進口總值(含復進口),90,23620
2019-4,39073010,丙二酚型環氧樹脂,美國,進口總值(含復進口),192,40658
2019-4,39073010,丙二酚型環氧樹脂,美國,出口總值(含復出口),1010,469430
2019-4,39073010,丙二酚型環氧樹脂,英國,進口總值(含復進口),10,800
2019-4,39073010,丙二酚型環氧樹脂,英國,出口總值(含復出口),693,299340
2019-4,39073010,丙二酚型環氧樹脂,香港,出口總值(含復出口),158,61200
2019-4,39073010,丙二酚型環氧樹脂,哥斯大黎加,出口總值(含復出口),4,600
2019-4,39073010,丙二酚型環氧樹脂,埃及,出口總值(含復出口),113,51200
2019-4,39073010,丙二酚型環氧樹脂,泰國,出口總值(含復出口),41,17600
2019-4,39073010,丙二酚型環氧樹脂,烏克蘭,出口總值(含復出口),43,19200
2019-4,39073010,丙二酚型環氧樹脂,馬來西亞,出口總值(含復出口),2194,1003075
2019-4,39073010,丙二酚型環氧樹脂,荷蘭,進口總值(含復進口),45,19960
2019-4,39073010,丙二酚型環氧樹脂,荷蘭,出口總值(含復出口),1320,586180
2019-4,39073010,丙二酚型環氧樹脂,菲律賓,出口總值(含復出口),318,149100
2019-4,39073010,丙二酚型環氧樹脂,越南,出口總值(含復出口),1088,477240
2019-4,39073010,丙二酚型環氧樹脂,奧地利,出口總值(含復出口),129,52500
2019-4,39073010,丙二酚型環氧樹脂,新加坡,出口總值(含復出口),954,435420
2019-4,39073010,丙二酚型環氧樹脂,義大利,出口總值(含復出口),538,241169
2019-4,39073010,丙二酚型環氧樹脂,德國,進口總值(含復進口),77,21000
2019-4,39073010,丙二酚型環氧樹脂,德國,出口總值(含復出口),531,235800
2019-4,39073010,丙二酚型環氧樹脂,緬甸,出口總值(含復出口),36,17600
2019-4,39073010,丙二酚型環氧樹脂,墨西哥,出口總值(含復出口),112,49440
2019-4,39073010,丙二酚型環氧樹脂,澳大利亞,出口總值(含復出口),442,193110
2019-4,39073010,丙二酚型環氧樹脂,澳門,出口總值(含復出口),145,59290
2019-4,39074000,聚碳酸樹脂，初級狀態,土耳其,出口總值(含復出口),56,16000
2019-4,39074000,聚碳酸樹脂，初級狀態,中國大陸,進口總值(含復進口),9356,3583471
2019-4,39074000,聚碳酸樹脂，初級狀態,中國大陸,出口總值(含復出口),54295,23840886
2019-4,39074000,聚碳酸樹脂，初級狀態,中華民國,進口總值(含復進口),26,6578
2019-4,39074000,聚碳酸樹脂，初級狀態,巴西,出口總值(含復出口),123,52000
2019-4,39074000,聚碳酸樹脂，初級狀態,日本,進口總值(含復進口),6059,1296376
2019-4,39074000,聚碳酸樹脂，初級狀態,日本,出口總值(含復出口),1418,592600
2019-4,39074000,聚碳酸樹脂，初級狀態,比利時,進口總值(含復進口),252,70000
2019-4,39074000,聚碳酸樹脂，初級狀態,比利時,出口總值(含復出口),69,29000
2019-4,39074000,聚碳酸樹脂，初級狀態,以色列,出口總值(含復出口),45,20500
2019-4,39074000,聚碳酸樹脂，初級狀態,加拿大,出口總值(含復出口),145,55000
2019-4,39074000,聚碳酸樹脂，初級狀態,伊朗,出口總值(含復出口),306,141000
2019-4,39074000,聚碳酸樹脂，初級狀態,印尼,出口總值(含復出口),474,207000
2019-4,39074000,聚碳酸樹脂，初級狀態,印度,出口總值(含復出口),6,3000
2019-4,39074000,聚碳酸樹脂，初級狀態,西班牙,進口總值(含復進口),2351,1162403
2019-4,39074000,聚碳酸樹脂，初級狀態,西班牙,出口總值(含復出口),104,46000
2019-4,39074000,聚碳酸樹脂，初級狀態,沙烏地阿拉伯,進口總值(含復進口),2632,1472050
2019-4,39074000,聚碳酸樹脂，初級狀態,孟加拉,出口總值(含復出口),43,20000
2019-4,39074000,聚碳酸樹脂，初級狀態,波蘭,出口總值(含復出口),9,3000
2019-4,39074000,聚碳酸樹脂，初級狀態,法國,出口總值(含復出口),7,2000
2019-4,39074000,聚碳酸樹脂，初級狀態,阿拉伯聯合大公國,出口總值(含復出口),33,16000
2019-4,39074000,聚碳酸樹脂，初級狀態,阿根廷,出口總值(含復出口),49,20000
2019-4,39074000,聚碳酸樹脂，初級狀態,俄羅斯,出口總值(含復出口),56,23600
2019-4,39074000,聚碳酸樹脂，初級狀態,南非,出口總值(含復出口),89,37000
2019-4,39074000,聚碳酸樹脂，初級狀態,南韓,進口總值(含復進口),3349,1438700
2019-4,39074000,聚碳酸樹脂，初級狀態,南韓,出口總值(含復出口),1960,696000
2019-4,39074000,聚碳酸樹脂，初級狀態,突尼西亞,出口總值(含復出口),65,29000
2019-4,39074000,聚碳酸樹脂，初級狀態,美國,進口總值(含復進口),374,116980
2019-4,39074000,聚碳酸樹脂，初級狀態,美國,出口總值(含復出口),804,311900
2019-4,39074000,聚碳酸樹脂，初級狀態,英國,出口總值(含復出口),39,15500
2019-4,39074000,聚碳酸樹脂，初級狀態,香港,出口總值(含復出口),4973,1511075
2019-4,39074000,聚碳酸樹脂，初級狀態,哥倫比亞,出口總值(含復出口),117,50000
2019-4,39074000,聚碳酸樹脂，初級狀態,挪威,出口總值(含復出口),36,16000
2019-4,39074000,聚碳酸樹脂，初級狀態,泰國,進口總值(含復進口),2003,876166
2019-4,39074000,聚碳酸樹脂，初級狀態,泰國,出口總值(含復出口),493,201713
2019-4,39074000,聚碳酸樹脂，初級狀態,馬來西亞,進口總值(含復進口),0,1
2019-4,39074000,聚碳酸樹脂，初級狀態,馬來西亞,出口總值(含復出口),542,237100
2019-4,39074000,聚碳酸樹脂，初級狀態,荷蘭,進口總值(含復進口),8,2150
2019-4,39074000,聚碳酸樹脂，初級狀態,荷蘭,出口總值(含復出口),451,172000
2019-4,39074000,聚碳酸樹脂，初級狀態,斯里蘭卡,出口總值(含復出口),134,56000
2019-4,39074000,聚碳酸樹脂，初級狀態,斯洛維尼亞,出口總值(含復出口),77,28000
2019-4,39074000,聚碳酸樹脂，初級狀態,菲律賓,進口總值(含復進口),8,1000
2019-4,39074000,聚碳酸樹脂，初級狀態,菲律賓,出口總值(含復出口),35,16000
2019-4,39074000,聚碳酸樹脂，初級狀態,越南,出口總值(含復出口),1662,608235
2019-4,39074000,聚碳酸樹脂，初級狀態,新加坡,進口總值(含復進口),505,171183
2019-4,39074000,聚碳酸樹脂，初級狀態,新加坡,出口總值(含復出口),475,137300
2019-4,39074000,聚碳酸樹脂，初級狀態,瑞士,進口總值(含復進口),101,14625
2019-4,39074000,聚碳酸樹脂，初級狀態,瑞典,出口總值(含復出口),35,16000
2019-4,39074000,聚碳酸樹脂，初級狀態,義大利,進口總值(含復進口),42,40240
2019-4,39074000,聚碳酸樹脂，初級狀態,義大利,出口總值(含復出口),39,17000
2019-4,39074000,聚碳酸樹脂，初級狀態,葡萄牙,出口總值(含復出口),2,1000
2019-4,39074000,聚碳酸樹脂，初級狀態,德國,進口總值(含復進口),1184,552641
2019-4,39074000,聚碳酸樹脂，初級狀態,德國,出口總值(含復出口),3,1000
2019-4,39074000,聚碳酸樹脂，初級狀態,緬甸,出口總值(含復出口),29,16000
2019-4,39074000,聚碳酸樹脂，初級狀態,墨西哥,出口總值(含復出口),159,50000
2019-4,39074000,聚碳酸樹脂，初級狀態,澳大利亞,出口總值(含復出口),18,5000
2019-4,39075000,醇酸樹脂，初級狀態,中國大陸,進口總值(含復進口),32,14400
2019-4,39075000,醇酸樹脂，初級狀態,中國大陸,出口總值(含復出口),368,199163
2019-4,39075000,醇酸樹脂，初級狀態,日本,進口總值(含復進口),46,14497
2019-4,39075000,醇酸樹脂，初級狀態,日本,出口總值(含復出口),18,9600
2019-4,39075000,醇酸樹脂，初級狀態,卡達,出口總值(含復出口),100,78400
2019-4,39075000,醇酸樹脂，初級狀態,印尼,出口總值(含復出口),14,5570
2019-4,39075000,醇酸樹脂，初級狀態,沙烏地阿拉伯,出口總值(含復出口),29,19200
2019-4,39075000,醇酸樹脂，初級狀態,孟加拉,出口總值(含復出口),9,3000
2019-4,39075000,醇酸樹脂，初級狀態,阿拉伯聯合大公國,出口總值(含復出口),12,7000
2019-4,39075000,醇酸樹脂，初級狀態,南非,出口總值(含復出口),11,6080
2019-4,39075000,醇酸樹脂，初級狀態,南韓,出口總值(含復出口),48,16000
2019-4,39075000,醇酸樹脂，初級狀態,哥斯大黎加,出口總值(含復出口),10,5320
2019-4,39075000,醇酸樹脂，初級狀態,埃及,出口總值(含復出口),54,33600
2019-4,39075000,醇酸樹脂，初級狀態,泰國,出口總值(含復出口),49,28040
2019-4,39075000,醇酸樹脂，初級狀態,紐西蘭,出口總值(含復出口),22,15600
2019-4,39075000,醇酸樹脂，初級狀態,馬來西亞,出口總值(含復出口),263,123800
2019-4,39075000,醇酸樹脂，初級狀態,斯里蘭卡,出口總值(含復出口),25,14800
2019-4,39075000,醇酸樹脂，初級狀態,智利,出口總值(含復出口),6,3480
2019-4,39075000,醇酸樹脂，初級狀態,菲律賓,出口總值(含復出口),8,3600
2019-4,39075000,醇酸樹脂，初級狀態,越南,出口總值(含復出口),2958,1855751
2019-4,39075000,醇酸樹脂，初級狀態,奧地利,進口總值(含復進口),13,2940
2019-4,39075000,醇酸樹脂，初級狀態,新加坡,出口總值(含復出口),65,40180
2019-4,39075000,醇酸樹脂，初級狀態,德國,進口總值(含復進口),5,1560
2019-4,39075000,醇酸樹脂，初級狀態,模里西斯,出口總值(含復出口),38,24220
2019-4,39075000,醇酸樹脂，初級狀態,黎巴嫩,出口總值(含復出口),64,44850
2019-4,39075000,醇酸樹脂，初級狀態,澳大利亞,出口總值(含復出口),139,85480
2019-5,39073010,丙二酚型環氧樹脂,土耳其,出口總值(含復出口),449,199200
2019-5,39073010,丙二酚型環氧樹脂,中國大陸,進口總值(含復進口),50,17786
2019-5,39073010,丙二酚型環氧樹脂,中國大陸,出口總值(含復出口),7458,2907870
2019-5,39073010,丙二酚型環氧樹脂,巴西,出口總值(含復出口),256,110010
2019-5,39073010,丙二酚型環氧樹脂,巴林,出口總值(含復出口),42,17600
2019-5,39073010,丙二酚型環氧樹脂,日本,進口總值(含復進口),52,2496
2019-5,39073010,丙二酚型環氧樹脂,日本,出口總值(含復出口),1253,532860
2019-5,39073010,丙二酚型環氧樹脂,比利時,進口總值(含復進口),0,5
2019-5,39073010,丙二酚型環氧樹脂,加拿大,出口總值(含復出口),139,66000
2019-5,39073010,丙二酚型環氧樹脂,卡達,出口總值(含復出口),165,70400
2019-5,39073010,丙二酚型環氧樹脂,伊朗,出口總值(含復出口),113,35200
2019-5,39073010,丙二酚型環氧樹脂,印尼,出口總值(含復出口),75,32500
2019-5,39073010,丙二酚型環氧樹脂,印度,出口總值(含復出口),427,190880
2019-5,39073010,丙二酚型環氧樹脂,西班牙,出口總值(含復出口),234,94000
2019-5,39073010,丙二酚型環氧樹脂,沙烏地阿拉伯,出口總值(含復出口),217,94130
2019-5,39073010,丙二酚型環氧樹脂,阿拉伯聯合大公國,出口總值(含復出口),646,294400
2019-5,39073010,丙二酚型環氧樹脂,阿曼,出口總值(含復出口),387,166400
2019-5,39073010,丙二酚型環氧樹脂,南韓,進口總值(含復進口),12,5000
2019-5,39073010,丙二酚型環氧樹脂,約旦,出口總值(含復出口),43,19200
2019-5,39073010,丙二酚型環氧樹脂,美國,進口總值(含復進口),219,60542
2019-5,39073010,丙二酚型環氧樹脂,美國,出口總值(含復出口),1694,767812
2019-5,39073010,丙二酚型環氧樹脂,英國,出口總值(含復出口),899,400580
2019-5,39073010,丙二酚型環氧樹脂,香港,出口總值(含復出口),102,22504
2019-5,39073010,丙二酚型環氧樹脂,埃及,出口總值(含復出口),153,70400
2019-5,39073010,丙二酚型環氧樹脂,泰國,進口總值(含復進口),45,18800
2019-5,39073010,丙二酚型環氧樹脂,泰國,出口總值(含復出口),238,92680
2019-5,39073010,丙二酚型環氧樹脂,烏克蘭,出口總值(含復出口),46,19200
2019-5,39073010,丙二酚型環氧樹脂,馬來西亞,進口總值(含復進口),47,12000
2019-5,39073010,丙二酚型環氧樹脂,馬來西亞,出口總值(含復出口),2721,1228540
2019-5,39073010,丙二酚型環氧樹脂,荷蘭,進口總值(含復進口),128,51600
2019-5,39073010,丙二酚型環氧樹脂,荷蘭,出口總值(含復出口),1255,550325
2019-5,39073010,丙二酚型環氧樹脂,喬治亞,出口總值(含復出口),90,37120
2019-5,39073010,丙二酚型環氧樹脂,菲律賓,出口總值(含復出口),276,124600
2019-5,39073010,丙二酚型環氧樹脂,越南,出口總值(含復出口),1146,495680
2019-5,39073010,丙二酚型環氧樹脂,新加坡,出口總值(含復出口),648,295800
2019-5,39073010,丙二酚型環氧樹脂,義大利,出口總值(含復出口),699,318300
2019-5,39073010,丙二酚型環氧樹脂,葡萄牙,出口總值(含復出口),220,105580
2019-5,39073010,丙二酚型環氧樹脂,德國,進口總值(含復進口),82,16218
2019-5,39073010,丙二酚型環氧樹脂,德國,出口總值(含復出口),362,168000
2019-5,39073010,丙二酚型環氧樹脂,墨西哥,出口總值(含復出口),107,46800
2019-5,39073010,丙二酚型環氧樹脂,澳大利亞,出口總值(含復出口),369,162340
2019-5,39073010,丙二酚型環氧樹脂,澳門,出口總值(含復出口),225,90600
2019-5,39074000,聚碳酸樹脂，初級狀態,中國大陸,進口總值(含復進口),7730,2959831
2019-5,39074000,聚碳酸樹脂，初級狀態,中國大陸,出口總值(含復出口),57721,26141438
2019-5,39074000,聚碳酸樹脂，初級狀態,中華民國,進口總值(含復進口),318,129004
2019-5,39074000,聚碳酸樹脂，初級狀態,丹麥,出口總值(含復出口),16,8000
2019-5,39074000,聚碳酸樹脂，初級狀態,厄瓜多,出口總值(含復出口),45,19000
2019-5,39074000,聚碳酸樹脂，初級狀態,巴西,出口總值(含復出口),81,17000
2019-5,39074000,聚碳酸樹脂，初級狀態,巴拉圭,出口總值(含復出口),18,8000
2019-5,39074000,聚碳酸樹脂，初級狀態,巴基斯坦,出口總值(含復出口),10,5000
2019-5,39074000,聚碳酸樹脂，初級狀態,日本,進口總值(含復進口),6362,660728
2019-5,39074000,聚碳酸樹脂，初級狀態,日本,出口總值(含復出口),2777,1178725
2019-5,39074000,聚碳酸樹脂，初級狀態,比利時,進口總值(含復進口),728,121325
2019-5,39074000,聚碳酸樹脂，初級狀態,比利時,出口總值(含復出口),32,10000
2019-5,39074000,聚碳酸樹脂，初級狀態,以色列,出口總值(含復出口),24,8000
2019-5,39074000,聚碳酸樹脂，初級狀態,加拿大,進口總值(含復進口),28,5650
2019-5,39074000,聚碳酸樹脂，初級狀態,加拿大,出口總值(含復出口),10,4000
2019-5,39074000,聚碳酸樹脂，初級狀態,立陶宛,出口總值(含復出口),18,8000
2019-5,39074000,聚碳酸樹脂，初級狀態,伊朗,出口總值(含復出口),72,32400
2019-5,39074000,聚碳酸樹脂，初級狀態,印尼,出口總值(含復出口),282,103341
2019-5,39074000,聚碳酸樹脂，初級狀態,印度,進口總值(含復進口),9,2700
2019-5,39074000,聚碳酸樹脂，初級狀態,西班牙,進口總值(含復進口),676,341866
2019-5,39074000,聚碳酸樹脂，初級狀態,西班牙,出口總值(含復出口),86,40000
2019-5,39074000,聚碳酸樹脂，初級狀態,沙烏地阿拉伯,進口總值(含復進口),5559,3056875
2019-5,39074000,聚碳酸樹脂，初級狀態,沙烏地阿拉伯,出口總值(含復出口),29,16000
2019-5,39074000,聚碳酸樹脂，初級狀態,孟加拉,出口總值(含復出口),198,90500
2019-5,39074000,聚碳酸樹脂，初級狀態,波蘭,出口總值(含復出口),9,4000
2019-5,39074000,聚碳酸樹脂，初級狀態,法國,出口總值(含復出口),57,22500
2019-5,39074000,聚碳酸樹脂，初級狀態,肯亞,出口總值(含復出口),72,20000
2019-5,39074000,聚碳酸樹脂，初級狀態,阿根廷,出口總值(含復出口),38,16000
2019-5,39074000,聚碳酸樹脂，初級狀態,俄羅斯,出口總值(含復出口),89,39000
2019-5,39074000,聚碳酸樹脂，初級狀態,南非,出口總值(含復出口),57,26000
2019-5,39074000,聚碳酸樹脂，初級狀態,南韓,進口總值(含復進口),2427,1085250
2019-5,39074000,聚碳酸樹脂，初級狀態,南韓,出口總值(含復出口),2405,921000
2019-5,39074000,聚碳酸樹脂，初級狀態,突尼西亞,出口總值(含復出口),94,35000
2019-5,39074000,聚碳酸樹脂，初級狀態,美國,進口總值(含復進口),288,54112
2019-5,39074000,聚碳酸樹脂，初級狀態,美國,出口總值(含復出口),1122,492216
2019-5,39074000,聚碳酸樹脂，初級狀態,英國,出口總值(含復出口),70,27464
2019-5,39074000,聚碳酸樹脂，初級狀態,香港,進口總值(含復進口),2,25
2019-5,39074000,聚碳酸樹脂，初級狀態,香港,出口總值(含復出口),6469,2006800
2019-5,39074000,聚碳酸樹脂，初級狀態,哥斯大黎加,出口總值(含復出口),15,17000
2019-5,39074000,聚碳酸樹脂，初級狀態,泰國,進口總值(含復進口),1608,675979
2019-5,39074000,聚碳酸樹脂，初級狀態,泰國,出口總值(含復出口),645,296125
2019-5,39074000,聚碳酸樹脂，初級狀態,紐西蘭,出口總值(含復出口),19,8000
2019-5,39074000,聚碳酸樹脂，初級狀態,馬來西亞,進口總值(含復進口),1,150
2019-5,39074000,聚碳酸樹脂，初級狀態,馬來西亞,出口總值(含復出口),355,175957
2019-5,39074000,聚碳酸樹脂，初級狀態,荷蘭,進口總值(含復進口),110,20100
2019-5,39074000,聚碳酸樹脂，初級狀態,荷蘭,出口總值(含復出口),858,322700
2019-5,39074000,聚碳酸樹脂，初級狀態,斯里蘭卡,出口總值(含復出口),85,36000
2019-5,39074000,聚碳酸樹脂，初級狀態,斯洛維尼亞,出口總值(含復出口),8,3000
2019-5,39074000,聚碳酸樹脂，初級狀態,菲律賓,進口總值(含復進口),9,1050
2019-5,39074000,聚碳酸樹脂，初級狀態,菲律賓,出口總值(含復出口),74,30000
2019-5,39074000,聚碳酸樹脂，初級狀態,越南,出口總值(含復出口),2140,877600
2019-5,39074000,聚碳酸樹脂，初級狀態,新加坡,進口總值(含復進口),143,41054
2019-5,39074000,聚碳酸樹脂，初級狀態,新加坡,出口總值(含復出口),350,98300
2019-5,39074000,聚碳酸樹脂，初級狀態,義大利,進口總值(含復進口),14,14968
2019-5,39074000,聚碳酸樹脂，初級狀態,義大利,出口總值(含復出口),11,5000
2019-5,39074000,聚碳酸樹脂，初級狀態,德國,進口總值(含復進口),1264,618900
2019-5,39074000,聚碳酸樹脂，初級狀態,德國,出口總值(含復出口),96,48000
2019-5,39074000,聚碳酸樹脂，初級狀態,緬甸,出口總值(含復出口),192,58700
2019-5,39074000,聚碳酸樹脂，初級狀態,黎巴嫩,出口總值(含復出口),105,42000
2019-5,39074000,聚碳酸樹脂，初級狀態,墨西哥,出口總值(含復出口),199,70000
2019-5,39074000,聚碳酸樹脂，初級狀態,澳大利亞,出口總值(含復出口),22,7000
2019-5,39075000,醇酸樹脂，初級狀態,中國大陸,進口總值(含復進口),42,20000
2019-5,39075000,醇酸樹脂，初級狀態,中國大陸,出口總值(含復出口),314,149597
2019-5,39075000,醇酸樹脂，初級狀態,日本,進口總值(含復進口),38,11660
2019-5,39075000,醇酸樹脂，初級狀態,日本,出口總值(含復出口),40,21200
2019-5,39075000,醇酸樹脂，初級狀態,卡達,出口總值(含復出口),20,16000
2019-5,39075000,醇酸樹脂，初級狀態,沙烏地阿拉伯,出口總值(含復出口),21,14400
2019-5,39075000,醇酸樹脂，初級狀態,坦尚尼亞,出口總值(含復出口),33,19200
2019-5,39075000,醇酸樹脂，初級狀態,美國,進口總值(含復進口),33,11632
2019-5,39075000,醇酸樹脂，初級狀態,香港,出口總值(含復出口),3,900
2019-5,39075000,醇酸樹脂，初級狀態,哥倫比亞,出口總值(含復出口),2,800
2019-5,39075000,醇酸樹脂，初級狀態,埃及,出口總值(含復出口),56,36120
2019-5,39075000,醇酸樹脂，初級狀態,泰國,進口總值(含復進口),44,15120
2019-5,39075000,醇酸樹脂，初級狀態,泰國,出口總值(含復出口),14,7260
2019-5,39075000,醇酸樹脂，初級狀態,馬來西亞,出口總值(含復出口),196,106690
2019-5,39075000,醇酸樹脂，初級狀態,斯里蘭卡,出口總值(含復出口),57,32000
2019-5,39075000,醇酸樹脂，初級狀態,菲律賓,出口總值(含復出口),11,6000
2019-5,39075000,醇酸樹脂，初級狀態,越南,出口總值(含復出口),2340,1476394
2019-5,39075000,醇酸樹脂，初級狀態,新加坡,出口總值(含復出口),164,47360
2019-5,39075000,醇酸樹脂，初級狀態,義大利,進口總值(含復進口),18,4400
2019-5,39075000,醇酸樹脂，初級狀態,模里西斯,出口總值(含復出口),17,10840
2019-5,39075000,醇酸樹脂，初級狀態,緬甸,出口總值(含復出口),4,582
2019-5,39075000,醇酸樹脂，初級狀態,黎巴嫩,出口總值(含復出口),16,8500
2019-5,39075000,醇酸樹脂，初級狀態,澳大利亞,出口總值(含復出口),184,109020
2019-6,39073010,丙二酚型環氧樹脂,土耳其,出口總值(含復出口),412,189040
2019-6,39073010,丙二酚型環氧樹脂,中國大陸,進口總值(含復進口),35,9600
2019-6,39073010,丙二酚型環氧樹脂,中國大陸,出口總值(含復出口),12580,5262523
2019-6,39073010,丙二酚型環氧樹脂,厄瓜多,出口總值(含復出口),2,960
2019-6,39073010,丙二酚型環氧樹脂,巴西,出口總值(含復出口),296,133900
2019-6,39073010,丙二酚型環氧樹脂,巴林,出口總值(含復出口),83,35200
2019-6,39073010,丙二酚型環氧樹脂,巴基斯坦,出口總值(含復出口),19,3006
2019-6,39073010,丙二酚型環氧樹脂,日本,進口總值(含復進口),44,2228
2019-6,39073010,丙二酚型環氧樹脂,日本,出口總值(含復出口),1843,794450
2019-6,39073010,丙二酚型環氧樹脂,加拿大,出口總值(含復出口),93,44000
2019-6,39073010,丙二酚型環氧樹脂,卡達,出口總值(含復出口),210,91200
2019-6,39073010,丙二酚型環氧樹脂,印尼,出口總值(含復出口),57,23760
2019-6,39073010,丙二酚型環氧樹脂,印度,出口總值(含復出口),212,96141
2019-6,39073010,丙二酚型環氧樹脂,西班牙,出口總值(含復出口),44,19200
2019-6,39073010,丙二酚型環氧樹脂,沙烏地阿拉伯,出口總值(含復出口),42,19200
2019-6,39073010,丙二酚型環氧樹脂,阿拉伯聯合大公國,出口總值(含復出口),1063,470400
2019-6,39073010,丙二酚型環氧樹脂,南非,出口總值(含復出口),41,15400
2019-6,39073010,丙二酚型環氧樹脂,南韓,進口總值(含復進口),79,29200
2019-6,39073010,丙二酚型環氧樹脂,美國,進口總值(含復進口),94,36555
2019-6,39073010,丙二酚型環氧樹脂,美國,出口總值(含復出口),2167,996378
2019-6,39073010,丙二酚型環氧樹脂,英國,進口總值(含復進口),15,657
2019-6,39073010,丙二酚型環氧樹脂,英國,出口總值(含復出口),788,364600
2019-6,39073010,丙二酚型環氧樹脂,香港,出口總值(含復出口),2,0
2019-6,39073010,丙二酚型環氧樹脂,哥倫比亞,出口總值(含復出口),98,39850
2019-6,39073010,丙二酚型環氧樹脂,埃及,出口總值(含復出口),90,38400
2019-6,39073010,丙二酚型環氧樹脂,泰國,出口總值(含復出口),85,41314
2019-6,39073010,丙二酚型環氧樹脂,烏克蘭,出口總值(含復出口),44,19200
2019-6,39073010,丙二酚型環氧樹脂,紐西蘭,出口總值(含復出口),4,2000
2019-6,39073010,丙二酚型環氧樹脂,馬來西亞,進口總值(含復進口),49,12200
2019-6,39073010,丙二酚型環氧樹脂,馬來西亞,出口總值(含復出口),2025,937710
2019-6,39073010,丙二酚型環氧樹脂,荷蘭,進口總值(含復進口),86,34800
2019-6,39073010,丙二酚型環氧樹脂,荷蘭,出口總值(含復出口),629,291540
2019-6,39073010,丙二酚型環氧樹脂,菲律賓,出口總值(含復出口),421,202200
2019-6,39073010,丙二酚型環氧樹脂,越南,出口總值(含復出口),906,428234
2019-6,39073010,丙二酚型環氧樹脂,奧地利,出口總值(含復出口),43,17500
2019-6,39073010,丙二酚型環氧樹脂,新加坡,出口總值(含復出口),551,255600
2019-6,39073010,丙二酚型環氧樹脂,瑞士,進口總值(含復進口),0,1
2019-6,39073010,丙二酚型環氧樹脂,義大利,出口總值(含復出口),649,298050
2019-6,39073010,丙二酚型環氧樹脂,德國,進口總值(含復進口),70,9100
2019-6,39073010,丙二酚型環氧樹脂,德國,出口總值(含復出口),409,183160
2019-6,39073010,丙二酚型環氧樹脂,緬甸,出口總值(含復出口),62,28160
2019-6,39073010,丙二酚型環氧樹脂,墨西哥,出口總值(含復出口),329,145640
2019-6,39073010,丙二酚型環氧樹脂,澳大利亞,出口總值(含復出口),87,38000
2019-6,39073010,丙二酚型環氧樹脂,澳門,出口總值(含復出口),274,110280
2019-6,39074000,聚碳酸樹脂，初級狀態,土耳其,出口總值(含復出口),55,16000
2019-6,39074000,聚碳酸樹脂，初級狀態,中國大陸,進口總值(含復進口),8523,3145297
2019-6,39074000,聚碳酸樹脂，初級狀態,中國大陸,出口總值(含復出口),56560,28098921
2019-6,39074000,聚碳酸樹脂，初級狀態,中華民國,進口總值(含復進口),38,26034
2019-6,39074000,聚碳酸樹脂，初級狀態,丹麥,出口總值(含復出口),32,16000
2019-6,39074000,聚碳酸樹脂，初級狀態,巴西,出口總值(含復出口),73,29000
2019-6,39074000,聚碳酸樹脂，初級狀態,巴基斯坦,出口總值(含復出口),49,21000
2019-6,39074000,聚碳酸樹脂，初級狀態,日本,進口總值(含復進口),5837,1433866
2019-6,39074000,聚碳酸樹脂，初級狀態,日本,出口總值(含復出口),2147,1019300
2019-6,39074000,聚碳酸樹脂，初級狀態,比利時,進口總值(含復進口),486,123950
2019-6,39074000,聚碳酸樹脂，初級狀態,比利時,出口總值(含復出口),23,10000
2019-6,39074000,聚碳酸樹脂，初級狀態,以色列,進口總值(含復進口),6,800
2019-6,39074000,聚碳酸樹脂，初級狀態,以色列,出口總值(含復出口),57,27000
2019-6,39074000,聚碳酸樹脂，初級狀態,加拿大,出口總值(含復出口),100,48000
2019-6,39074000,聚碳酸樹脂，初級狀態,伊朗,出口總值(含復出口),193,94000
2019-6,39074000,聚碳酸樹脂，初級狀態,印尼,出口總值(含復出口),278,115353
2019-6,39074000,聚碳酸樹脂，初級狀態,印度,進口總值(含復進口),13,6650
2019-6,39074000,聚碳酸樹脂，初級狀態,印度,出口總值(含復出口),13,5000
2019-6,39074000,聚碳酸樹脂，初級狀態,西班牙,進口總值(含復進口),228,116195
2019-6,39074000,聚碳酸樹脂，初級狀態,沙烏地阿拉伯,進口總值(含復進口),4122,2385950
2019-6,39074000,聚碳酸樹脂，初級狀態,孟加拉,出口總值(含復出口),35,17000
2019-6,39074000,聚碳酸樹脂，初級狀態,波蘭,出口總值(含復出口),52,21000
2019-6,39074000,聚碳酸樹脂，初級狀態,法國,出口總值(含復出口),10,3000
2019-6,39074000,聚碳酸樹脂，初級狀態,阿拉伯聯合大公國,出口總值(含復出口),4,2000
2019-6,39074000,聚碳酸樹脂，初級狀態,阿根廷,出口總值(含復出口),105,44500
2019-6,39074000,聚碳酸樹脂，初級狀態,俄羅斯,出口總值(含復出口),39,16100
2019-6,39074000,聚碳酸樹脂，初級狀態,南非,出口總值(含復出口),119,60000
2019-6,39074000,聚碳酸樹脂，初級狀態,南韓,進口總值(含復進口),3495,1567500
2019-6,39074000,聚碳酸樹脂，初級狀態,南韓,出口總值(含復出口),268,150000
2019-6,39074000,聚碳酸樹脂，初級狀態,柬埔寨,出口總值(含復出口),63,25000
2019-6,39074000,聚碳酸樹脂，初級狀態,美國,進口總值(含復進口),185,22019
2019-6,39074000,聚碳酸樹脂，初級狀態,美國,出口總值(含復出口),562,238000
2019-6,39074000,聚碳酸樹脂，初級狀態,英國,出口總值(含復出口),65,31050
2019-6,39074000,聚碳酸樹脂，初級狀態,香港,進口總值(含復進口),3,35
2019-6,39074000,聚碳酸樹脂，初級狀態,香港,出口總值(含復出口),5752,1751550
2019-6,39074000,聚碳酸樹脂，初級狀態,哥倫比亞,出口總值(含復出口),34,18000
2019-6,39074000,聚碳酸樹脂，初級狀態,哥斯大黎加,出口總值(含復出口),14,18010
2019-6,39074000,聚碳酸樹脂，初級狀態,埃及,出口總值(含復出口),44,17000
2019-6,39074000,聚碳酸樹脂，初級狀態,泰國,進口總值(含復進口),1314,583716
2019-6,39074000,聚碳酸樹脂，初級狀態,泰國,出口總值(含復出口),591,280075
2019-6,39074000,聚碳酸樹脂，初級狀態,紐西蘭,出口總值(含復出口),4,2000
2019-6,39074000,聚碳酸樹脂，初級狀態,馬來西亞,出口總值(含復出口),543,264600
2019-6,39074000,聚碳酸樹脂，初級狀態,荷蘭,進口總值(含復進口),101,46375
2019-6,39074000,聚碳酸樹脂，初級狀態,荷蘭,出口總值(含復出口),997,373000
2019-6,39074000,聚碳酸樹脂，初級狀態,菲律賓,進口總值(含復進口),0,50
2019-6,39074000,聚碳酸樹脂，初級狀態,菲律賓,出口總值(含復出口),48,24000
2019-6,39074000,聚碳酸樹脂，初級狀態,越南,出口總值(含復出口),1129,492150
2019-6,39074000,聚碳酸樹脂，初級狀態,新加坡,進口總值(含復進口),278,105100
2019-6,39074000,聚碳酸樹脂，初級狀態,新加坡,出口總值(含復出口),438,126000
2019-6,39074000,聚碳酸樹脂，初級狀態,瑞典,出口總值(含復出口),2,400
2019-6,39074000,聚碳酸樹脂，初級狀態,義大利,進口總值(含復進口),5,1950
2019-6,39074000,聚碳酸樹脂，初級狀態,德國,進口總值(含復進口),991,512730
2019-6,39074000,聚碳酸樹脂，初級狀態,德國,出口總值(含復出口),66,33000
2019-6,39074000,聚碳酸樹脂，初級狀態,緬甸,出口總值(含復出口),71,35600
2019-6,39074000,聚碳酸樹脂，初級狀態,黎巴嫩,出口總值(含復出口),146,58000
2019-6,39074000,聚碳酸樹脂，初級狀態,墨西哥,進口總值(含復進口),93,52717
2019-6,39074000,聚碳酸樹脂，初級狀態,墨西哥,出口總值(含復出口),35,16900
2019-6,39074000,聚碳酸樹脂，初級狀態,澳大利亞,出口總值(含復出口),13,6000
2019-6,39075000,醇酸樹脂，初級狀態,中國大陸,進口總值(含復進口),78,33580
2019-6,39075000,醇酸樹脂，初級狀態,中國大陸,出口總值(含復出口),327,181967
2019-6,39075000,醇酸樹脂，初級狀態,中華民國,進口總值(含復進口),11,5600
2019-6,39075000,醇酸樹脂，初級狀態,日本,進口總值(含復進口),25,4173
2019-6,39075000,醇酸樹脂，初級狀態,日本,出口總值(含復出口),26,12000
2019-6,39075000,醇酸樹脂，初級狀態,卡達,出口總值(含復出口),100,79200
2019-6,39075000,醇酸樹脂，初級狀態,印尼,出口總值(含復出口),42,25710
2019-6,39075000,醇酸樹脂，初級狀態,沙烏地阿拉伯,出口總值(含復出口),22,16000
2019-6,39075000,醇酸樹脂，初級狀態,孟加拉,出口總值(含復出口),12,4940
2019-6,39075000,醇酸樹脂，初級狀態,南韓,出口總值(含復出口),12,3000
2019-6,39075000,醇酸樹脂，初級狀態,美國,進口總值(含復進口),15,2210
2019-6,39075000,醇酸樹脂，初級狀態,哥倫比亞,出口總值(含復出口),2,800
2019-6,39075000,醇酸樹脂，初級狀態,埃及,出口總值(含復出口),105,67200
2019-6,39075000,醇酸樹脂，初級狀態,泰國,出口總值(含復出口),65,30750
2019-6,39075000,醇酸樹脂，初級狀態,紐西蘭,出口總值(含復出口),20,16000
2019-6,39075000,醇酸樹脂，初級狀態,馬來西亞,出口總值(含復出口),164,83663
2019-6,39075000,醇酸樹脂，初級狀態,斯里蘭卡,出口總值(含復出口),59,33800
2019-6,39075000,醇酸樹脂，初級狀態,越南,出口總值(含復出口),1851,1186086
2019-6,39075000,醇酸樹脂，初級狀態,新加坡,出口總值(含復出口),20,9820
2019-6,39075000,醇酸樹脂，初級狀態,緬甸,出口總值(含復出口),9,880
2019-6,39075000,醇酸樹脂，初級狀態,黎巴嫩,出口總值(含復出口),34,25200
2019-6,39075000,醇酸樹脂，初級狀態,澳大利亞,出口總值(含復出口),320,183280
2019-7,39073010,丙二酚型環氧樹脂,土耳其,出口總值(含復出口),45,18400
2019-7,39073010,丙二酚型環氧樹脂,中國大陸,進口總值(含復進口),82,20744
2019-7,39073010,丙二酚型環氧樹脂,中國大陸,出口總值(含復出口),12687,4965595
2019-7,39073010,丙二酚型環氧樹脂,巴西,出口總值(含復出口),201,91950
2019-7,39073010,丙二酚型環氧樹脂,巴林,出口總值(含復出口),39,17600
2019-7,39073010,丙二酚型環氧樹脂,日本,進口總值(含復進口),145,3771
2019-7,39073010,丙二酚型環氧樹脂,日本,出口總值(含復出口),1264,544070
2019-7,39073010,丙二酚型環氧樹脂,比利時,出口總值(含復出口),31,16000
2019-7,39073010,丙二酚型環氧樹脂,加拿大,出口總值(含復出口),275,129600
2019-7,39073010,丙二酚型環氧樹脂,印尼,出口總值(含復出口),72,35210
2019-7,39073010,丙二酚型環氧樹脂,印度,出口總值(含復出口),18,3390
2019-7,39073010,丙二酚型環氧樹脂,多明尼加,出口總值(含復出口),80,35200
2019-7,39073010,丙二酚型環氧樹脂,希臘,出口總值(含復出口),44,17600
2019-7,39073010,丙二酚型環氧樹脂,沙烏地阿拉伯,出口總值(含復出口),99,44000
2019-7,39073010,丙二酚型環氧樹脂,阿拉伯聯合大公國,出口總值(含復出口),383,171200
2019-7,39073010,丙二酚型環氧樹脂,阿曼,出口總值(含復出口),562,249600
2019-7,39073010,丙二酚型環氧樹脂,俄羅斯,出口總值(含復出口),203,88000
2019-7,39073010,丙二酚型環氧樹脂,南韓,進口總值(含復進口),133,41320
2019-7,39073010,丙二酚型環氧樹脂,美國,進口總值(含復進口),5,334
2019-7,39073010,丙二酚型環氧樹脂,美國,出口總值(含復出口),1697,794410
2019-7,39073010,丙二酚型環氧樹脂,英國,進口總值(含復進口),9,257
2019-7,39073010,丙二酚型環氧樹脂,英國,出口總值(含復出口),950,439990
2019-7,39073010,丙二酚型環氧樹脂,香港,出口總值(含復出口),46,18640
2019-7,39073010,丙二酚型環氧樹脂,埃及,出口總值(含復出口),244,108800
2019-7,39073010,丙二酚型環氧樹脂,泰國,出口總值(含復出口),274,136160
2019-7,39073010,丙二酚型環氧樹脂,秘魯,出口總值(含復出口),78,36800
2019-7,39073010,丙二酚型環氧樹脂,馬來西亞,出口總值(含復出口),2150,1015480
2019-7,39073010,丙二酚型環氧樹脂,荷蘭,進口總值(含復進口),220,85980
2019-7,39073010,丙二酚型環氧樹脂,荷蘭,出口總值(含復出口),882,401420
2019-7,39073010,丙二酚型環氧樹脂,菲律賓,出口總值(含復出口),395,199675
2019-7,39073010,丙二酚型環氧樹脂,越南,出口總值(含復出口),1092,481510
2019-7,39073010,丙二酚型環氧樹脂,新加坡,出口總值(含復出口),631,293720
2019-7,39073010,丙二酚型環氧樹脂,義大利,出口總值(含復出口),194,91450
2019-7,39073010,丙二酚型環氧樹脂,葡萄牙,出口總值(含復出口),37,17500
2019-7,39073010,丙二酚型環氧樹脂,德國,進口總值(含復進口),4,400
2019-7,39073010,丙二酚型環氧樹脂,德國,出口總值(含復出口),438,201825
2019-7,39073010,丙二酚型環氧樹脂,緬甸,出口總值(含復出口),35,17600
2019-7,39073010,丙二酚型環氧樹脂,墨西哥,出口總值(含復出口),160,68800
2019-7,39073010,丙二酚型環氧樹脂,澳大利亞,出口總值(含復出口),308,134010
2019-7,39073010,丙二酚型環氧樹脂,澳門,出口總值(含復出口),326,122010
2019-7,39074000,聚碳酸樹脂，初級狀態,土耳其,出口總值(含復出口),55,16000
2019-7,39074000,聚碳酸樹脂，初級狀態,中國大陸,進口總值(含復進口),8288,3456085
2019-7,39074000,聚碳酸樹脂，初級狀態,中國大陸,出口總值(含復出口),59818,30675765
2019-7,39074000,聚碳酸樹脂，初級狀態,中華民國,進口總值(含復進口),403,141116
2019-7,39074000,聚碳酸樹脂，初級狀態,丹麥,進口總值(含復進口),2,2500
2019-7,39074000,聚碳酸樹脂，初級狀態,厄瓜多,出口總值(含復出口),45,23000
2019-7,39074000,聚碳酸樹脂，初級狀態,巴西,出口總值(含復出口),40,21000
2019-7,39074000,聚碳酸樹脂，初級狀態,巴基斯坦,出口總值(含復出口),91,45400
2019-7,39074000,聚碳酸樹脂，初級狀態,日本,進口總值(含復進口),8996,1608468
2019-7,39074000,聚碳酸樹脂，初級狀態,日本,出口總值(含復出口),2505,1032597
2019-7,39074000,聚碳酸樹脂，初級狀態,比利時,進口總值(含復進口),275,74912
2019-7,39074000,聚碳酸樹脂，初級狀態,比利時,出口總值(含復出口),50,20000
2019-7,39074000,聚碳酸樹脂，初級狀態,以色列,出口總值(含復出口),20,8000
2019-7,39074000,聚碳酸樹脂，初級狀態,加拿大,進口總值(含復進口),18,2000
2019-7,39074000,聚碳酸樹脂，初級狀態,加拿大,出口總值(含復出口),135,59000
2019-7,39074000,聚碳酸樹脂，初級狀態,立陶宛,出口總值(含復出口),14,7000
2019-7,39074000,聚碳酸樹脂，初級狀態,伊朗,出口總值(含復出口),490,237000
2019-7,39074000,聚碳酸樹脂，初級狀態,印尼,出口總值(含復出口),658,287500
2019-7,39074000,聚碳酸樹脂，初級狀態,印度,出口總值(含復出口),102,24850
2019-7,39074000,聚碳酸樹脂，初級狀態,西班牙,進口總值(含復進口),300,140861
2019-7,39074000,聚碳酸樹脂，初級狀態,希臘,出口總值(含復出口),19,10000
2019-7,39074000,聚碳酸樹脂，初級狀態,沙烏地阿拉伯,進口總值(含復進口),1055,639600
2019-7,39074000,聚碳酸樹脂，初級狀態,孟加拉,出口總值(含復出口),87,46000
2019-7,39074000,聚碳酸樹脂，初級狀態,法國,出口總值(含復出口),13,4000
2019-7,39074000,聚碳酸樹脂，初級狀態,阿根廷,出口總值(含復出口),256,113000
2019-7,39074000,聚碳酸樹脂，初級狀態,俄羅斯,出口總值(含復出口),5,2000
2019-7,39074000,聚碳酸樹脂，初級狀態,南非,出口總值(含復出口),130,67000
2019-7,39074000,聚碳酸樹脂，初級狀態,南韓,進口總值(含復進口),3415,1627195
2019-7,39074000,聚碳酸樹脂，初級狀態,南韓,出口總值(含復出口),856,434000
2019-7,39074000,聚碳酸樹脂，初級狀態,柬埔寨,出口總值(含復出口),127,50000
2019-7,39074000,聚碳酸樹脂，初級狀態,突尼西亞,出口總值(含復出口),27,14000
2019-7,39074000,聚碳酸樹脂，初級狀態,美國,進口總值(含復進口),153,26647
2019-7,39074000,聚碳酸樹脂，初級狀態,美國,出口總值(含復出口),822,350984
2019-7,39074000,聚碳酸樹脂，初級狀態,英國,進口總值(含復進口),11,950
2019-7,39074000,聚碳酸樹脂，初級狀態,英國,出口總值(含復出口),110,55875
2019-7,39074000,聚碳酸樹脂，初級狀態,香港,出口總值(含復出口),7118,2128250
2019-7,39074000,聚碳酸樹脂，初級狀態,哥倫比亞,出口總值(含復出口),20,10000
2019-7,39074000,聚碳酸樹脂，初級狀態,泰國,進口總值(含復進口),2686,1245038
2019-7,39074000,聚碳酸樹脂，初級狀態,泰國,出口總值(含復出口),569,304037
2019-7,39074000,聚碳酸樹脂，初級狀態,紐西蘭,出口總值(含復出口),45,23500
2019-7,39074000,聚碳酸樹脂，初級狀態,馬來西亞,進口總值(含復進口),111,10000
2019-7,39074000,聚碳酸樹脂，初級狀態,馬來西亞,出口總值(含復出口),509,254550
2019-7,39074000,聚碳酸樹脂，初級狀態,荷蘭,出口總值(含復出口),1180,448350
2019-7,39074000,聚碳酸樹脂，初級狀態,斯里蘭卡,出口總值(含復出口),38,20000
2019-7,39074000,聚碳酸樹脂，初級狀態,斯洛維尼亞,出口總值(含復出口),68,32000
2019-7,39074000,聚碳酸樹脂，初級狀態,智利,出口總值(含復出口),14,6000
2019-7,39074000,聚碳酸樹脂，初級狀態,菲律賓,進口總值(含復進口),8,1000
2019-7,39074000,聚碳酸樹脂，初級狀態,菲律賓,出口總值(含復出口),99,43100
2019-7,39074000,聚碳酸樹脂，初級狀態,越南,出口總值(含復出口),2015,965710
2019-7,39074000,聚碳酸樹脂，初級狀態,新加坡,進口總值(含復進口),195,61423
2019-7,39074000,聚碳酸樹脂，初級狀態,新加坡,出口總值(含復出口),107,21275
2019-7,39074000,聚碳酸樹脂，初級狀態,瑞士,進口總值(含復進口),146,20875
2019-7,39074000,聚碳酸樹脂，初級狀態,瑞典,進口總值(含復進口),66,10000
2019-7,39074000,聚碳酸樹脂，初級狀態,義大利,進口總值(含復進口),85,26988
2019-7,39074000,聚碳酸樹脂，初級狀態,義大利,出口總值(含復出口),10,5000
2019-7,39074000,聚碳酸樹脂，初級狀態,葡萄牙,出口總值(含復出口),16,8000
2019-7,39074000,聚碳酸樹脂，初級狀態,德國,進口總值(含復進口),1776,928100
2019-7,39074000,聚碳酸樹脂，初級狀態,德國,出口總值(含復出口),13,5000
2019-7,39074000,聚碳酸樹脂，初級狀態,緬甸,出口總值(含復出口),152,26000
2019-7,39074000,聚碳酸樹脂，初級狀態,墨西哥,出口總值(含復出口),352,123000
2019-7,39074000,聚碳酸樹脂，初級狀態,澳大利亞,出口總值(含復出口),38,16000
2019-7,39075000,醇酸樹脂，初級狀態,中國大陸,進口總值(含復進口),28,16320
2019-7,39075000,醇酸樹脂，初級狀態,中國大陸,出口總值(含復出口),147,83600
2019-7,39075000,醇酸樹脂，初級狀態,中華民國,進口總值(含復進口),120,31400
2019-7,39075000,醇酸樹脂，初級狀態,日本,進口總值(含復進口),15,3814
2019-7,39075000,醇酸樹脂，初級狀態,日本,出口總值(含復出口),20,10000
2019-7,39075000,醇酸樹脂，初級狀態,卡達,出口總值(含復出口),41,32000
2019-7,39075000,醇酸樹脂，初級狀態,印尼,出口總值(含復出口),7,3650
2019-7,39075000,醇酸樹脂，初級狀態,俄羅斯,出口總值(含復出口),13,5800
2019-7,39075000,醇酸樹脂，初級狀態,香港,出口總值(含復出口),7,2160
2019-7,39075000,醇酸樹脂，初級狀態,哥倫比亞,出口總值(含復出口),10,4200
2019-7,39075000,醇酸樹脂，初級狀態,埃及,出口總值(含復出口),23,16800
2019-7,39075000,醇酸樹脂，初級狀態,泰國,出口總值(含復出口),28,15000
2019-7,39075000,醇酸樹脂，初級狀態,馬來西亞,出口總值(含復出口),240,119000
2019-7,39075000,醇酸樹脂，初級狀態,斯里蘭卡,出口總值(含復出口),78,47500
2019-7,39075000,醇酸樹脂，初級狀態,菲律賓,出口總值(含復出口),7,4000
2019-7,39075000,醇酸樹脂，初級狀態,越南,出口總值(含復出口),1785,1198416
2019-7,39075000,醇酸樹脂，初級狀態,新加坡,出口總值(含復出口),148,56900
2019-7,39075000,醇酸樹脂，初級狀態,模里西斯,出口總值(含復出口),44,27800
2019-7,39075000,醇酸樹脂，初級狀態,黎巴嫩,出口總值(含復出口),65,46600
2019-7,39075000,醇酸樹脂，初級狀態,澳大利亞,出口總值(含復出口),272,164860
2019-8,39073010,丙二酚型環氧樹脂,土耳其,出口總值(含復出口),445,200880
2019-8,39073010,丙二酚型環氧樹脂,中國大陸,進口總值(含復進口),139,54170
2019-8,39073010,丙二酚型環氧樹脂,中國大陸,出口總值(含復出口),9705,3740195
2019-8,39073010,丙二酚型環氧樹脂,中華民國,進口總值(含復進口),91,26620
2019-8,39073010,丙二酚型環氧樹脂,巴西,出口總值(含復出口),87,39870
2019-8,39073010,丙二酚型環氧樹脂,巴林,出口總值(含復出口),79,35200
2019-8,39073010,丙二酚型環氧樹脂,日本,進口總值(含復進口),166,7312
2019-8,39073010,丙二酚型環氧樹脂,日本,出口總值(含復出口),1465,629940
2019-8,39073010,丙二酚型環氧樹脂,比利時,出口總值(含復出口),30,16000
2019-8,39073010,丙二酚型環氧樹脂,加拿大,出口總值(含復出口),93,46000
2019-8,39073010,丙二酚型環氧樹脂,印尼,出口總值(含復出口),230,105130
2019-8,39073010,丙二酚型環氧樹脂,多明尼加,出口總值(含復出口),40,17600
2019-8,39073010,丙二酚型環氧樹脂,西班牙,出口總值(含復出口),191,78000
2019-8,39073010,丙二酚型環氧樹脂,沙烏地阿拉伯,出口總值(含復出口),80,35200
2019-8,39073010,丙二酚型環氧樹脂,阿拉伯聯合大公國,出口總值(含復出口),2,504
2019-8,39073010,丙二酚型環氧樹脂,阿曼,出口總值(含復出口),124,52800
2019-8,39073010,丙二酚型環氧樹脂,俄羅斯,出口總值(含復出口),207,88000
2019-8,39073010,丙二酚型環氧樹脂,南非,出口總值(含復出口),41,15280
2019-8,39073010,丙二酚型環氧樹脂,美國,進口總值(含復進口),124,36297
2019-8,39073010,丙二酚型環氧樹脂,美國,出口總值(含復出口),1221,576140
2019-8,39073010,丙二酚型環氧樹脂,英國,出口總值(含復出口),466,187570
2019-8,39073010,丙二酚型環氧樹脂,哥倫比亞,出口總值(含復出口),38,16000
2019-8,39073010,丙二酚型環氧樹脂,埃及,出口總值(含復出口),175,76800
2019-8,39073010,丙二酚型環氧樹脂,泰國,出口總值(含復出口),576,271610
2019-8,39073010,丙二酚型環氧樹脂,紐西蘭,出口總值(含復出口),6,3000
2019-8,39073010,丙二酚型環氧樹脂,馬來西亞,出口總值(含復出口),1517,701605
2019-8,39073010,丙二酚型環氧樹脂,荷蘭,進口總值(含復進口),130,52800
2019-8,39073010,丙二酚型環氧樹脂,荷蘭,出口總值(含復出口),244,103900
2019-8,39073010,丙二酚型環氧樹脂,菲律賓,出口總值(含復出口),1042,518397
2019-8,39073010,丙二酚型環氧樹脂,越南,出口總值(含復出口),1197,534100
2019-8,39073010,丙二酚型環氧樹脂,新加坡,出口總值(含復出口),877,402200
2019-8,39073010,丙二酚型環氧樹脂,義大利,出口總值(含復出口),1031,468150
2019-8,39073010,丙二酚型環氧樹脂,葡萄牙,出口總值(含復出口),79,40000
2019-8,39073010,丙二酚型環氧樹脂,德國,進口總值(含復進口),23,8000
2019-8,39073010,丙二酚型環氧樹脂,墨西哥,出口總值(含復出口),172,77680
2019-8,39073010,丙二酚型環氧樹脂,澳大利亞,出口總值(含復出口),411,181430
2019-8,39073010,丙二酚型環氧樹脂,澳門,出口總值(含復出口),363,141820
2019-8,39074000,聚碳酸樹脂，初級狀態,土耳其,出口總值(含復出口),70,32000
2019-8,39074000,聚碳酸樹脂，初級狀態,中國大陸,進口總值(含復進口),7291,2982835
2019-8,39074000,聚碳酸樹脂，初級狀態,中國大陸,出口總值(含復出口),52989,26730402
2019-8,39074000,聚碳酸樹脂，初級狀態,中華民國,進口總值(含復進口),287,117700
2019-8,39074000,聚碳酸樹脂，初級狀態,厄瓜多,出口總值(含復出口),8,4000
2019-8,39074000,聚碳酸樹脂，初級狀態,巴西,出口總值(含復出口),17,4000
2019-8,39074000,聚碳酸樹脂，初級狀態,日本,進口總值(含復進口),6838,1309881
2019-8,39074000,聚碳酸樹脂，初級狀態,日本,出口總值(含復出口),1403,696175
2019-8,39074000,聚碳酸樹脂，初級狀態,比利時,進口總值(含復進口),201,103170
2019-8,39074000,聚碳酸樹脂，初級狀態,比利時,出口總值(含復出口),3,1000
2019-8,39074000,聚碳酸樹脂，初級狀態,以色列,出口總值(含復出口),76,38000
2019-8,39074000,聚碳酸樹脂，初級狀態,加拿大,進口總值(含復進口),89,9925
2019-8,39074000,聚碳酸樹脂，初級狀態,加拿大,出口總值(含復出口),77,35200
2019-8,39074000,聚碳酸樹脂，初級狀態,立陶宛,出口總值(含復出口),50,24000
2019-8,39074000,聚碳酸樹脂，初級狀態,伊朗,出口總值(含復出口),79,45000
2019-8,39074000,聚碳酸樹脂，初級狀態,印尼,出口總值(含復出口),281,110000
2019-8,39074000,聚碳酸樹脂，初級狀態,印度,出口總值(含復出口),25,15000
2019-8,39074000,聚碳酸樹脂，初級狀態,西班牙,進口總值(含復進口),388,172500
2019-8,39074000,聚碳酸樹脂，初級狀態,沙烏地阿拉伯,進口總值(含復進口),3035,1975150
2019-8,39074000,聚碳酸樹脂，初級狀態,孟加拉,出口總值(含復出口),127,55500
2019-8,39074000,聚碳酸樹脂，初級狀態,波蘭,出口總值(含復出口),33,16000
2019-8,39074000,聚碳酸樹脂，初級狀態,法國,出口總值(含復出口),14,4500
2019-8,39074000,聚碳酸樹脂，初級狀態,阿拉伯聯合大公國,出口總值(含復出口),60,32000
2019-8,39074000,聚碳酸樹脂，初級狀態,阿根廷,出口總值(含復出口),151,74000
2019-8,39074000,聚碳酸樹脂，初級狀態,俄羅斯,出口總值(含復出口),77,36000
2019-8,39074000,聚碳酸樹脂，初級狀態,南非,出口總值(含復出口),104,51000
2019-8,39074000,聚碳酸樹脂，初級狀態,南韓,進口總值(含復進口),2213,1126050
2019-8,39074000,聚碳酸樹脂，初級狀態,南韓,出口總值(含復出口),504,210000
2019-8,39074000,聚碳酸樹脂，初級狀態,美國,進口總值(含復進口),529,137119
2019-8,39074000,聚碳酸樹脂，初級狀態,美國,出口總值(含復出口),559,256925
2019-8,39074000,聚碳酸樹脂，初級狀態,英國,出口總值(含復出口),3,1125
2019-8,39074000,聚碳酸樹脂，初級狀態,香港,出口總值(含復出口),6923,2107401
2019-8,39074000,聚碳酸樹脂，初級狀態,哥倫比亞,出口總值(含復出口),41,21000
2019-8,39074000,聚碳酸樹脂，初級狀態,埃及,出口總值(含復出口),117,54000
2019-8,39074000,聚碳酸樹脂，初級狀態,泰國,進口總值(含復進口),2630,1319245
2019-8,39074000,聚碳酸樹脂，初級狀態,泰國,出口總值(含復出口),390,183750
2019-8,39074000,聚碳酸樹脂，初級狀態,秘魯,出口總值(含復出口),7,4100
2019-8,39074000,聚碳酸樹脂，初級狀態,紐西蘭,出口總值(含復出口),26,13500
2019-8,39074000,聚碳酸樹脂，初級狀態,馬來西亞,進口總值(含復進口),4,400
2019-8,39074000,聚碳酸樹脂，初級狀態,馬來西亞,出口總值(含復出口),507,266783
2019-8,39074000,聚碳酸樹脂，初級狀態,荷蘭,進口總值(含復進口),310,116450
2019-8,39074000,聚碳酸樹脂，初級狀態,荷蘭,出口總值(含復出口),1243,516200
2019-8,39074000,聚碳酸樹脂，初級狀態,喬治亞,出口總值(含復出口),1,500
2019-8,39074000,聚碳酸樹脂，初級狀態,斯里蘭卡,出口總值(含復出口),8,4000
2019-8,39074000,聚碳酸樹脂，初級狀態,斯洛維尼亞,出口總值(含復出口),17,8000
2019-8,39074000,聚碳酸樹脂，初級狀態,越南,出口總值(含復出口),1810,703875
2019-8,39074000,聚碳酸樹脂，初級狀態,奧地利,出口總值(含復出口),3,500
2019-8,39074000,聚碳酸樹脂，初級狀態,新加坡,進口總值(含復進口),277,136803
2019-8,39074000,聚碳酸樹脂，初級狀態,新加坡,出口總值(含復出口),345,121975
2019-8,39074000,聚碳酸樹脂，初級狀態,瑞士,進口總值(含復進口),3,200
2019-8,39074000,聚碳酸樹脂，初級狀態,義大利,進口總值(含復進口),119,27888
2019-8,39074000,聚碳酸樹脂，初級狀態,義大利,出口總值(含復出口),73,39000
2019-8,39074000,聚碳酸樹脂，初級狀態,葡萄牙,出口總值(含復出口),7,3600
2019-8,39074000,聚碳酸樹脂，初級狀態,德國,進口總值(含復進口),2271,1149134
2019-8,39074000,聚碳酸樹脂，初級狀態,德國,出口總值(含復出口),6,3000
2019-8,39074000,聚碳酸樹脂，初級狀態,緬甸,出口總值(含復出口),57,32000
2019-8,39074000,聚碳酸樹脂，初級狀態,黎巴嫩,出口總值(含復出口),22,10000
2019-8,39074000,聚碳酸樹脂，初級狀態,墨西哥,出口總值(含復出口),159,71000
2019-8,39074000,聚碳酸樹脂，初級狀態,澳大利亞,出口總值(含復出口),13,6000
2019-8,39075000,醇酸樹脂，初級狀態,中國大陸,進口總值(含復進口),202,71670
2019-8,39075000,醇酸樹脂，初級狀態,中國大陸,出口總值(含復出口),219,108862
2019-8,39075000,醇酸樹脂，初級狀態,巴基斯坦,出口總值(含復出口),2,800
2019-8,39075000,醇酸樹脂，初級狀態,日本,進口總值(含復進口),16,6023
2019-8,39075000,醇酸樹脂，初級狀態,日本,出口總值(含復出口),19,8000
2019-8,39075000,醇酸樹脂，初級狀態,以色列,出口總值(含復出口),32,22160
2019-8,39075000,醇酸樹脂，初級狀態,卡達,出口總值(含復出口),76,61200
2019-8,39075000,醇酸樹脂，初級狀態,印尼,出口總值(含復出口),36,23470
2019-8,39075000,醇酸樹脂，初級狀態,沙烏地阿拉伯,出口總值(含復出口),11,8000
2019-8,39075000,醇酸樹脂，初級狀態,南韓,出口總值(含復出口),72,21236
2019-8,39075000,醇酸樹脂，初級狀態,香港,出口總值(含復出口),3,900
2019-8,39075000,醇酸樹脂，初級狀態,埃及,出口總值(含復出口),61,33600
2019-8,39075000,醇酸樹脂，初級狀態,泰國,出口總值(含復出口),55,32350
2019-8,39075000,醇酸樹脂，初級狀態,馬來西亞,出口總值(含復出口),248,124000
2019-8,39075000,醇酸樹脂，初級狀態,斯里蘭卡,出口總值(含復出口),83,50630
2019-8,39075000,醇酸樹脂，初級狀態,菲律賓,出口總值(含復出口),5,2390
2019-8,39075000,醇酸樹脂，初級狀態,越南,出口總值(含復出口),2363,1535486
2019-8,39075000,醇酸樹脂，初級狀態,新加坡,出口總值(含復出口),61,43282
2019-8,39075000,醇酸樹脂，初級狀態,模里西斯,出口總值(含復出口),24,16000
2019-8,39075000,醇酸樹脂，初級狀態,緬甸,出口總值(含復出口),23,2274
2019-8,39075000,醇酸樹脂，初級狀態,黎巴嫩,出口總值(含復出口),26,18680
2019-8,39075000,醇酸樹脂，初級狀態,澳大利亞,出口總值(含復出口),196,110390
2019-9,39073010,丙二酚型環氧樹脂,土耳其,出口總值(含復出口),404,193400
2019-9,39073010,丙二酚型環氧樹脂,中國大陸,進口總值(含復進口),139,53595
2019-9,39073010,丙二酚型環氧樹脂,中國大陸,出口總值(含復出口),7310,2960775
2019-9,39073010,丙二酚型環氧樹脂,中華民國,進口總值(含復進口),44,17987
2019-9,39073010,丙二酚型環氧樹脂,日本,進口總值(含復進口),76,7417
2019-9,39073010,丙二酚型環氧樹脂,日本,出口總值(含復出口),1441,632170
2019-9,39073010,丙二酚型環氧樹脂,加拿大,出口總值(含復出口),93,46000
2019-9,39073010,丙二酚型環氧樹脂,印尼,出口總值(含復出口),167,77840
2019-9,39073010,丙二酚型環氧樹脂,印度,出口總值(含復出口),751,363070
2019-9,39073010,丙二酚型環氧樹脂,西班牙,出口總值(含復出口),77,36480
2019-9,39073010,丙二酚型環氧樹脂,希臘,出口總值(含復出口),35,17500
2019-9,39073010,丙二酚型環氧樹脂,沙烏地阿拉伯,出口總值(含復出口),100,44000
2019-9,39073010,丙二酚型環氧樹脂,阿拉伯聯合大公國,出口總值(含復出口),41,19600
2019-9,39073010,丙二酚型環氧樹脂,俄羅斯,出口總值(含復出口),80,35200
2019-9,39073010,丙二酚型環氧樹脂,南韓,進口總值(含復進口),91,26160
2019-9,39073010,丙二酚型環氧樹脂,約旦,出口總值(含復出口),35,17600
2019-9,39073010,丙二酚型環氧樹脂,美國,進口總值(含復進口),12,81
2019-9,39073010,丙二酚型環氧樹脂,美國,出口總值(含復出口),934,471890
2019-9,39073010,丙二酚型環氧樹脂,英國,進口總值(含復進口),9,257
2019-9,39073010,丙二酚型環氧樹脂,英國,出口總值(含復出口),703,328680
2019-9,39073010,丙二酚型環氧樹脂,香港,出口總值(含復出口),44,18640
2019-9,39073010,丙二酚型環氧樹脂,埃及,出口總值(含復出口),128,64000
2019-9,39073010,丙二酚型環氧樹脂,泰國,出口總值(含復出口),114,40120
2019-9,39073010,丙二酚型環氧樹脂,烏克蘭,出口總值(含復出口),42,19200
2019-9,39073010,丙二酚型環氧樹脂,馬來西亞,進口總值(含復進口),96,24200
2019-9,39073010,丙二酚型環氧樹脂,馬來西亞,出口總值(含復出口),1944,931550
2019-9,39073010,丙二酚型環氧樹脂,荷蘭,進口總值(含復進口),170,68700
2019-9,39073010,丙二酚型環氧樹脂,荷蘭,出口總值(含復出口),524,248320
2019-9,39073010,丙二酚型環氧樹脂,喬治亞,出口總值(含復出口),41,18000
2019-9,39073010,丙二酚型環氧樹脂,菲律賓,出口總值(含復出口),745,385000
2019-9,39073010,丙二酚型環氧樹脂,越南,出口總值(含復出口),1158,529681
2019-9,39073010,丙二酚型環氧樹脂,新加坡,出口總值(含復出口),456,216320
2019-9,39073010,丙二酚型環氧樹脂,義大利,出口總值(含復出口),346,172800
2019-9,39073010,丙二酚型環氧樹脂,德國,進口總值(含復進口),98,19600
2019-9,39073010,丙二酚型環氧樹脂,墨西哥,出口總值(含復出口),249,118080
2019-9,39073010,丙二酚型環氧樹脂,澳大利亞,出口總值(含復出口),179,83020
2019-9,39073010,丙二酚型環氧樹脂,澳門,出口總值(含復出口),180,71470
2019-9,39074000,聚碳酸樹脂，初級狀態,中國大陸,進口總值(含復進口),7709,3231822
2019-9,39074000,聚碳酸樹脂，初級狀態,中國大陸,出口總值(含復出口),43043,21011629
2019-9,39074000,聚碳酸樹脂，初級狀態,中華民國,進口總值(含復進口),147,74000
2019-9,39074000,聚碳酸樹脂，初級狀態,巴西,出口總值(含復出口),96,42000
2019-9,39074000,聚碳酸樹脂，初級狀態,日本,進口總值(含復進口),8479,1460447
2019-9,39074000,聚碳酸樹脂，初級狀態,日本,出口總值(含復出口),1704,771750
2019-9,39074000,聚碳酸樹脂，初級狀態,比利時,出口總值(含復出口),6,2000
2019-9,39074000,聚碳酸樹脂，初級狀態,加拿大,出口總值(含復出口),42,15540
2019-9,39074000,聚碳酸樹脂，初級狀態,伊朗,出口總值(含復出口),351,173000
2019-9,39074000,聚碳酸樹脂，初級狀態,印尼,出口總值(含復出口),88,40000
2019-9,39074000,聚碳酸樹脂，初級狀態,印度,出口總值(含復出口),96,24000
2019-9,39074000,聚碳酸樹脂，初級狀態,西班牙,進口總值(含復進口),654,326910
2019-9,39074000,聚碳酸樹脂，初級狀態,沙烏地阿拉伯,進口總值(含復進口),8980,5424550
2019-9,39074000,聚碳酸樹脂，初級狀態,波蘭,出口總值(含復出口),15,6000
2019-9,39074000,聚碳酸樹脂，初級狀態,法國,出口總值(含復出口),3,1000
2019-9,39074000,聚碳酸樹脂，初級狀態,阿拉伯聯合大公國,出口總值(含復出口),157,80000
2019-9,39074000,聚碳酸樹脂，初級狀態,阿根廷,出口總值(含復出口),74,38000
2019-9,39074000,聚碳酸樹脂，初級狀態,俄羅斯,出口總值(含復出口),38,18000
2019-9,39074000,聚碳酸樹脂，初級狀態,南非,出口總值(含復出口),64,31000
2019-9,39074000,聚碳酸樹脂，初級狀態,南韓,進口總值(含復進口),2684,1359325
2019-9,39074000,聚碳酸樹脂，初級狀態,南韓,出口總值(含復出口),366,200000
2019-9,39074000,聚碳酸樹脂，初級狀態,美國,進口總值(含復進口),337,51258
2019-9,39074000,聚碳酸樹脂，初級狀態,美國,出口總值(含復出口),161,69000
2019-9,39074000,聚碳酸樹脂，初級狀態,英國,出口總值(含復出口),18,8125
2019-9,39074000,聚碳酸樹脂，初級狀態,香港,出口總值(含復出口),6782,1951633
2019-9,39074000,聚碳酸樹脂，初級狀態,哥倫比亞,出口總值(含復出口),135,68000
2019-9,39074000,聚碳酸樹脂，初級狀態,埃及,出口總值(含復出口),59,32000
2019-9,39074000,聚碳酸樹脂，初級狀態,泰國,進口總值(含復進口),3058,1526510
2019-9,39074000,聚碳酸樹脂，初級狀態,泰國,出口總值(含復出口),136,74725
2019-9,39074000,聚碳酸樹脂，初級狀態,紐西蘭,出口總值(含復出口),11,5000
2019-9,39074000,聚碳酸樹脂，初級狀態,馬來西亞,進口總值(含復進口),7,1000
2019-9,39074000,聚碳酸樹脂，初級狀態,馬來西亞,出口總值(含復出口),92,37510
2019-9,39074000,聚碳酸樹脂，初級狀態,荷蘭,進口總值(含復進口),352,156750
2019-9,39074000,聚碳酸樹脂，初級狀態,荷蘭,出口總值(含復出口),368,148000
2019-9,39074000,聚碳酸樹脂，初級狀態,斯里蘭卡,出口總值(含復出口),38,20000
2019-9,39074000,聚碳酸樹脂，初級狀態,斯洛維尼亞,出口總值(含復出口),28,15000
2019-9,39074000,聚碳酸樹脂，初級狀態,智利,出口總值(含復出口),7,4000
2019-9,39074000,聚碳酸樹脂，初級狀態,菲律賓,進口總值(含復進口),17,2000
2019-9,39074000,聚碳酸樹脂，初級狀態,菲律賓,出口總值(含復出口),133,63000
2019-9,39074000,聚碳酸樹脂，初級狀態,越南,出口總值(含復出口),1831,822069
2019-9,39074000,聚碳酸樹脂，初級狀態,愛沙尼亞,出口總值(含復出口),22,12000
2019-9,39074000,聚碳酸樹脂，初級狀態,新加坡,進口總值(含復進口),391,133896
2019-9,39074000,聚碳酸樹脂，初級狀態,新加坡,出口總值(含復出口),173,35925
2019-9,39074000,聚碳酸樹脂，初級狀態,義大利,進口總值(含復進口),11,1250
2019-9,39074000,聚碳酸樹脂，初級狀態,義大利,出口總值(含復出口),30,16000
2019-9,39074000,聚碳酸樹脂，初級狀態,德國,進口總值(含復進口),2943,1471456
2019-9,39074000,聚碳酸樹脂，初級狀態,德國,出口總值(含復出口),42,16750
2019-9,39074000,聚碳酸樹脂，初級狀態,緬甸,出口總值(含復出口),58,32000
2019-9,39074000,聚碳酸樹脂，初級狀態,墨西哥,進口總值(含復進口),30,23410
2019-9,39074000,聚碳酸樹脂，初級狀態,墨西哥,出口總值(含復出口),2,6
2019-9,39074000,聚碳酸樹脂，初級狀態,澳大利亞,出口總值(含復出口),10,5000
2019-9,39075000,醇酸樹脂，初級狀態,中國大陸,進口總值(含復進口),24,15560
2019-9,39075000,醇酸樹脂，初級狀態,中國大陸,出口總值(含復出口),279,147800
2019-9,39075000,醇酸樹脂，初級狀態,中華民國,進口總值(含復進口),21,11906
2019-9,39075000,醇酸樹脂，初級狀態,日本,進口總值(含復進口),20,6579
2019-9,39075000,醇酸樹脂，初級狀態,日本,出口總值(含復出口),46,23200
2019-9,39075000,醇酸樹脂，初級狀態,卡達,出口總值(含復出口),20,15200
2019-9,39075000,醇酸樹脂，初級狀態,印尼,出口總值(含復出口),39,21040
2019-9,39075000,醇酸樹脂，初級狀態,阿拉伯聯合大公國,出口總值(含復出口),17,8000
2019-9,39075000,醇酸樹脂，初級狀態,南韓,出口總值(含復出口),18,4600
2019-9,39075000,醇酸樹脂，初級狀態,香港,出口總值(含復出口),3,900
2019-9,39075000,醇酸樹脂，初級狀態,埃及,出口總值(含復出口),8,4200
2019-9,39075000,醇酸樹脂，初級狀態,泰國,出口總值(含復出口),30,17100
2019-9,39075000,醇酸樹脂，初級狀態,馬來西亞,出口總值(含復出口),132,66400
2019-9,39075000,醇酸樹脂，初級狀態,斯里蘭卡,出口總值(含復出口),43,24400
2019-9,39075000,醇酸樹脂，初級狀態,菲律賓,出口總值(含復出口),8,4170
2019-9,39075000,醇酸樹脂，初級狀態,象牙海岸,出口總值(含復出口),26,16000
2019-9,39075000,醇酸樹脂，初級狀態,越南,出口總值(含復出口),2106,1405954
2019-9,39075000,醇酸樹脂，初級狀態,奧地利,進口總值(含復進口),0,50
2019-9,39075000,醇酸樹脂，初級狀態,新加坡,出口總值(含復出口),113,43250
2019-9,39075000,醇酸樹脂，初級狀態,模里西斯,出口總值(含復出口),14,8740
2019-9,39075000,醇酸樹脂，初級狀態,緬甸,出口總值(含復出口),13,1518
2019-9,39075000,醇酸樹脂，初級狀態,黎巴嫩,出口總值(含復出口),13,8920
2019-9,39075000,醇酸樹脂，初級狀態,澳大利亞,出口總值(含復出口),195,119605
2019-10,39073010,丙二酚型環氧樹脂,土耳其,出口總值(含復出口),268,125040
2019-10,39073010,丙二酚型環氧樹脂,中國大陸,進口總值(含復進口),376,157405
2019-10,39073010,丙二酚型環氧樹脂,中國大陸,出口總值(含復出口),14479,5946356
2019-10,39073010,丙二酚型環氧樹脂,巴西,出口總值(含復出口),248,113310
2019-10,39073010,丙二酚型環氧樹脂,日本,進口總值(含復進口),79,3451
2019-10,39073010,丙二酚型環氧樹脂,日本,出口總值(含復出口),950,436950
2019-10,39073010,丙二酚型環氧樹脂,加拿大,出口總值(含復出口),181,92000
2019-10,39073010,丙二酚型環氧樹脂,卡達,出口總值(含復出口),116,54400
2019-10,39073010,丙二酚型環氧樹脂,印尼,出口總值(含復出口),144,68300
2019-10,39073010,丙二酚型環氧樹脂,印度,出口總值(含復出口),6,653
2019-10,39073010,丙二酚型環氧樹脂,希臘,出口總值(含復出口),41,17600
2019-10,39073010,丙二酚型環氧樹脂,沙烏地阿拉伯,出口總值(含復出口),98,44000
2019-10,39073010,丙二酚型環氧樹脂,阿拉伯聯合大公國,出口總值(含復出口),37,17600
2019-10,39073010,丙二酚型環氧樹脂,阿根廷,出口總值(含復出口),40,17600
2019-10,39073010,丙二酚型環氧樹脂,阿曼,出口總值(含復出口),74,35200
2019-10,39073010,丙二酚型環氧樹脂,南非,出口總值(含復出口),37,17600
2019-10,39073010,丙二酚型環氧樹脂,南韓,進口總值(含復進口),44,12800
2019-10,39073010,丙二酚型環氧樹脂,美國,進口總值(含復進口),348,112890
2019-10,39073010,丙二酚型環氧樹脂,美國,出口總值(含復出口),962,487600
2019-10,39073010,丙二酚型環氧樹脂,英國,進口總值(含復進口),10,257
2019-10,39073010,丙二酚型環氧樹脂,英國,出口總值(含復出口),839,405541
2019-10,39073010,丙二酚型環氧樹脂,香港,出口總值(含復出口),43,19263
2019-10,39073010,丙二酚型環氧樹脂,哥倫比亞,出口總值(含復出口),75,32000
2019-10,39073010,丙二酚型環氧樹脂,埃及,出口總值(含復出口),130,64000
2019-10,39073010,丙二酚型環氧樹脂,泰國,出口總值(含復出口),91,42452
2019-10,39073010,丙二酚型環氧樹脂,紐西蘭,出口總值(含復出口),6,3000
2019-10,39073010,丙二酚型環氧樹脂,馬來西亞,進口總值(含復進口),93,24000
2019-10,39073010,丙二酚型環氧樹脂,馬來西亞,出口總值(含復出口),2558,1241045
2019-10,39073010,丙二酚型環氧樹脂,荷蘭,進口總值(含復進口),200,86400
2019-10,39073010,丙二酚型環氧樹脂,荷蘭,出口總值(含復出口),540,261465
2019-10,39073010,丙二酚型環氧樹脂,菲律賓,出口總值(含復出口),525,280050
2019-10,39073010,丙二酚型環氧樹脂,越南,出口總值(含復出口),948,418475
2019-10,39073010,丙二酚型環氧樹脂,新加坡,出口總值(含復出口),449,215300
2019-10,39073010,丙二酚型環氧樹脂,義大利,出口總值(含復出口),254,113530
2019-10,39073010,丙二酚型環氧樹脂,葡萄牙,出口總值(含復出口),98,52500
2019-10,39073010,丙二酚型環氧樹脂,德國,進口總值(含復進口),124,22068
2019-10,39073010,丙二酚型環氧樹脂,墨西哥,出口總值(含復出口),148,67200
2019-10,39073010,丙二酚型環氧樹脂,澳大利亞,出口總值(含復出口),155,71400
2019-10,39073010,丙二酚型環氧樹脂,澳門,出口總值(含復出口),259,102040
2019-10,39074000,聚碳酸樹脂，初級狀態,土耳其,出口總值(含復出口),43,16000
2019-10,39074000,聚碳酸樹脂，初級狀態,中國大陸,進口總值(含復進口),8808,3873021
2019-10,39074000,聚碳酸樹脂，初級狀態,中國大陸,出口總值(含復出口),51768,24717994
2019-10,39074000,聚碳酸樹脂，初級狀態,中華民國,進口總值(含復進口),8,1125
2019-10,39074000,聚碳酸樹脂，初級狀態,丹麥,進口總值(含復進口),10,1250
2019-10,39074000,聚碳酸樹脂，初級狀態,丹麥,出口總值(含復出口),31,16000
2019-10,39074000,聚碳酸樹脂，初級狀態,厄瓜多,出口總值(含復出口),9,4000
2019-10,39074000,聚碳酸樹脂，初級狀態,巴西,進口總值(含復進口),4,650
2019-10,39074000,聚碳酸樹脂，初級狀態,巴拉圭,出口總值(含復出口),34,16000
2019-10,39074000,聚碳酸樹脂，初級狀態,巴基斯坦,出口總值(含復出口),21,7000
2019-10,39074000,聚碳酸樹脂，初級狀態,日本,進口總值(含復進口),7794,1868046
2019-10,39074000,聚碳酸樹脂，初級狀態,日本,出口總值(含復出口),1553,747000
2019-10,39074000,聚碳酸樹脂，初級狀態,比利時,進口總值(含復進口),315,59650
2019-10,39074000,聚碳酸樹脂，初級狀態,比利時,出口總值(含復出口),41,18000
2019-10,39074000,聚碳酸樹脂，初級狀態,加拿大,出口總值(含復出口),222,98000
2019-10,39074000,聚碳酸樹脂，初級狀態,伊朗,出口總值(含復出口),345,139000
2019-10,39074000,聚碳酸樹脂，初級狀態,印尼,出口總值(含復出口),202,107000
2019-10,39074000,聚碳酸樹脂，初級狀態,印度,進口總值(含復進口),6,2350
2019-10,39074000,聚碳酸樹脂，初級狀態,印度,出口總值(含復出口),80,20000
2019-10,39074000,聚碳酸樹脂，初級狀態,西班牙,進口總值(含復進口),750,340750
2019-10,39074000,聚碳酸樹脂，初級狀態,沙烏地阿拉伯,進口總值(含復進口),2952,1773500
2019-10,39074000,聚碳酸樹脂，初級狀態,孟加拉,出口總值(含復出口),47,24000
2019-10,39074000,聚碳酸樹脂，初級狀態,波蘭,出口總值(含復出口),47,22000
2019-10,39074000,聚碳酸樹脂，初級狀態,肯亞,出口總值(含復出口),68,20000
2019-10,39074000,聚碳酸樹脂，初級狀態,阿根廷,出口總值(含復出口),12,6000
2019-10,39074000,聚碳酸樹脂，初級狀態,俄羅斯,出口總值(含復出口),24,11000
2019-10,39074000,聚碳酸樹脂，初級狀態,南非,出口總值(含復出口),141,66500
2019-10,39074000,聚碳酸樹脂，初級狀態,南韓,進口總值(含復進口),3016,1511150
2019-10,39074000,聚碳酸樹脂，初級狀態,南韓,出口總值(含復出口),322,161000
2019-10,39074000,聚碳酸樹脂，初級狀態,突尼西亞,出口總值(含復出口),12,6000
2019-10,39074000,聚碳酸樹脂，初級狀態,美國,進口總值(含復進口),1115,98891
2019-10,39074000,聚碳酸樹脂，初級狀態,美國,出口總值(含復出口),260,113000
2019-10,39074000,聚碳酸樹脂，初級狀態,英國,進口總值(含復進口),10,150
2019-10,39074000,聚碳酸樹脂，初級狀態,英國,出口總值(含復出口),7,3375
2019-10,39074000,聚碳酸樹脂，初級狀態,香港,出口總值(含復出口),8402,2589569
2019-10,39074000,聚碳酸樹脂，初級狀態,哥倫比亞,出口總值(含復出口),99,45000
2019-10,39074000,聚碳酸樹脂，初級狀態,挪威,出口總值(含復出口),55,26000
2019-10,39074000,聚碳酸樹脂，初級狀態,泰國,進口總值(含復進口),1814,820709
2019-10,39074000,聚碳酸樹脂，初級狀態,泰國,出口總值(含復出口),285,130720
2019-10,39074000,聚碳酸樹脂，初級狀態,紐西蘭,出口總值(含復出口),15,7000
2019-10,39074000,聚碳酸樹脂，初級狀態,馬來西亞,出口總值(含復出口),311,131350
2019-10,39074000,聚碳酸樹脂，初級狀態,荷蘭,進口總值(含復進口),289,82950
2019-10,39074000,聚碳酸樹脂，初級狀態,荷蘭,出口總值(含復出口),619,245105
2019-10,39074000,聚碳酸樹脂，初級狀態,斯洛維尼亞,出口總值(含復出口),30,12000
2019-10,39074000,聚碳酸樹脂，初級狀態,菲律賓,進口總值(含復進口),12,1500
2019-10,39074000,聚碳酸樹脂，初級狀態,菲律賓,出口總值(含復出口),86,50839
2019-10,39074000,聚碳酸樹脂，初級狀態,越南,進口總值(含復進口),0,200
2019-10,39074000,聚碳酸樹脂，初級狀態,越南,出口總值(含復出口),1998,900550
2019-10,39074000,聚碳酸樹脂，初級狀態,新加坡,進口總值(含復進口),440,158329
2019-10,39074000,聚碳酸樹脂，初級狀態,新加坡,出口總值(含復出口),281,55200
2019-10,39074000,聚碳酸樹脂，初級狀態,瑞典,出口總值(含復出口),12,3000
2019-10,39074000,聚碳酸樹脂，初級狀態,義大利,進口總值(含復進口),36,2600
2019-10,39074000,聚碳酸樹脂，初級狀態,葡萄牙,出口總值(含復出口),6,3000
2019-10,39074000,聚碳酸樹脂，初級狀態,德國,進口總值(含復進口),540,260001
2019-10,39074000,聚碳酸樹脂，初級狀態,緬甸,出口總值(含復出口),29,16000
2019-10,39074000,聚碳酸樹脂，初級狀態,黎巴嫩,出口總值(含復出口),109,47000
2019-10,39074000,聚碳酸樹脂，初級狀態,墨西哥,出口總值(含復出口),203,86000
2019-10,39074000,聚碳酸樹脂，初級狀態,澳大利亞,出口總值(含復出口),4,2000
2019-10,39075000,醇酸樹脂，初級狀態,中國大陸,進口總值(含復進口),123,52202
2019-10,39075000,醇酸樹脂，初級狀態,中國大陸,出口總值(含復出口),328,176936
2019-10,39075000,醇酸樹脂，初級狀態,中華民國,進口總值(含復進口),13,4673
2019-10,39075000,醇酸樹脂，初級狀態,日本,進口總值(含復進口),9,1628
2019-10,39075000,醇酸樹脂，初級狀態,日本,出口總值(含復出口),4,1600
2019-10,39075000,醇酸樹脂，初級狀態,卡達,出口總值(含復出口),19,16000
2019-10,39075000,醇酸樹脂，初級狀態,印尼,出口總值(含復出口),2,1260
2019-10,39075000,醇酸樹脂，初級狀態,印度,出口總值(含復出口),37,16000
2019-10,39075000,醇酸樹脂，初級狀態,坦尚尼亞,出口總值(含復出口),23,15000
2019-10,39075000,醇酸樹脂，初級狀態,阿拉伯聯合大公國,出口總值(含復出口),17,8000
2019-10,39075000,醇酸樹脂，初級狀態,哥倫比亞,出口總值(含復出口),9,4000
2019-10,39075000,醇酸樹脂，初級狀態,埃及,出口總值(含復出口),6,4000
2019-10,39075000,醇酸樹脂，初級狀態,泰國,出口總值(含復出口),39,21850
2019-10,39075000,醇酸樹脂，初級狀態,馬來西亞,出口總值(含復出口),297,161029
2019-10,39075000,醇酸樹脂，初級狀態,喀麥隆,出口總值(含復出口),25,16000
2019-10,39075000,醇酸樹脂，初級狀態,斯里蘭卡,出口總值(含復出口),116,71200
2019-10,39075000,醇酸樹脂，初級狀態,越南,出口總值(含復出口),2324,1497013
2019-10,39075000,醇酸樹脂，初級狀態,奧地利,進口總值(含復進口),15,4400
2019-10,39075000,醇酸樹脂，初級狀態,新加坡,出口總值(含復出口),228,84860
2019-10,39075000,醇酸樹脂，初級狀態,模里西斯,出口總值(含復出口),4,2570
2019-10,39075000,醇酸樹脂，初級狀態,緬甸,出口總值(含復出口),39,20052
2019-10,39075000,醇酸樹脂，初級狀態,黎巴嫩,出口總值(含復出口),27,19200
2019-10,39075000,醇酸樹脂，初級狀態,澳大利亞,出口總值(含復出口),142,79640
2019-11,39073010,丙二酚型環氧樹脂,土耳其,出口總值(含復出口),101,52800
2019-11,39073010,丙二酚型環氧樹脂,中國大陸,進口總值(含復進口),38,17014
2019-11,39073010,丙二酚型環氧樹脂,中國大陸,出口總值(含復出口),18939,6947345
2019-11,39073010,丙二酚型環氧樹脂,巴西,出口總值(含復出口),213,99340
2019-11,39073010,丙二酚型環氧樹脂,日本,進口總值(含復進口),204,10950
2019-11,39073010,丙二酚型環氧樹脂,日本,出口總值(含復出口),1720,775620
2019-11,39073010,丙二酚型環氧樹脂,卡達,出口總值(含復出口),82,38400
2019-11,39073010,丙二酚型環氧樹脂,印尼,出口總值(含復出口),600,265860
2019-11,39073010,丙二酚型環氧樹脂,印度,出口總值(含復出口),20,3045
2019-11,39073010,丙二酚型環氧樹脂,希臘,出口總值(含復出口),85,35200
2019-11,39073010,丙二酚型環氧樹脂,沙烏地阿拉伯,出口總值(含復出口),38,17600
2019-11,39073010,丙二酚型環氧樹脂,南韓,進口總值(含復進口),6,1615
2019-11,39073010,丙二酚型環氧樹脂,美國,進口總值(含復進口),91,37903
2019-11,39073010,丙二酚型環氧樹脂,美國,出口總值(含復出口),326,154810
2019-11,39073010,丙二酚型環氧樹脂,英國,進口總值(含復進口),9,257
2019-11,39073010,丙二酚型環氧樹脂,英國,出口總值(含復出口),202,91800
2019-11,39073010,丙二酚型環氧樹脂,哥倫比亞,出口總值(含復出口),36,16000
2019-11,39073010,丙二酚型環氧樹脂,泰國,進口總值(含復進口),9,1880
2019-11,39073010,丙二酚型環氧樹脂,泰國,出口總值(含復出口),517,255910
2019-11,39073010,丙二酚型環氧樹脂,烏克蘭,出口總值(含復出口),42,19200
2019-11,39073010,丙二酚型環氧樹脂,馬來西亞,出口總值(含復出口),1506,726490
2019-11,39073010,丙二酚型環氧樹脂,荷蘭,出口總值(含復出口),321,102500
2019-11,39073010,丙二酚型環氧樹脂,菲律賓,出口總值(含復出口),1100,567220
2019-11,39073010,丙二酚型環氧樹脂,越南,出口總值(含復出口),1038,459330
2019-11,39073010,丙二酚型環氧樹脂,新加坡,出口總值(含復出口),799,376565
2019-11,39073010,丙二酚型環氧樹脂,義大利,出口總值(含復出口),60,17610
2019-11,39073010,丙二酚型環氧樹脂,德國,進口總值(含復進口),138,34100
2019-11,39073010,丙二酚型環氧樹脂,墨西哥,出口總值(含復出口),131,61560
2019-11,39073010,丙二酚型環氧樹脂,澳大利亞,出口總值(含復出口),222,90880
2019-11,39073010,丙二酚型環氧樹脂,澳門,出口總值(含復出口),225,90150
2019-11,39074000,聚碳酸樹脂，初級狀態,中國大陸,進口總值(含復進口),8219,3472387
2019-11,39074000,聚碳酸樹脂，初級狀態,中國大陸,出口總值(含復出口),50512,24333995
2019-11,39074000,聚碳酸樹脂，初級狀態,中華民國,進口總值(含復進口),136,38829
2019-11,39074000,聚碳酸樹脂，初級狀態,厄瓜多,出口總值(含復出口),5,2000
2019-11,39074000,聚碳酸樹脂，初級狀態,巴西,出口總值(含復出口),166,57000
2019-11,39074000,聚碳酸樹脂，初級狀態,巴基斯坦,出口總值(含復出口),10,5000
2019-11,39074000,聚碳酸樹脂，初級狀態,日本,進口總值(含復進口),7807,1138256
2019-11,39074000,聚碳酸樹脂，初級狀態,日本,出口總值(含復出口),2329,1188000
2019-11,39074000,聚碳酸樹脂，初級狀態,比利時,進口總值(含復進口),83,8750
2019-11,39074000,聚碳酸樹脂，初級狀態,比利時,出口總值(含復出口),14,4000
2019-11,39074000,聚碳酸樹脂，初級狀態,以色列,出口總值(含復出口),49,24000
2019-11,39074000,聚碳酸樹脂，初級狀態,加拿大,出口總值(含復出口),106,51000
2019-11,39074000,聚碳酸樹脂，初級狀態,伊朗,出口總值(含復出口),167,80000
2019-11,39074000,聚碳酸樹脂，初級狀態,印尼,進口總值(含復進口),24,500
2019-11,39074000,聚碳酸樹脂，初級狀態,印尼,出口總值(含復出口),333,146000
2019-11,39074000,聚碳酸樹脂，初級狀態,印度,出口總值(含復出口),48,11500
2019-11,39074000,聚碳酸樹脂，初級狀態,西班牙,進口總值(含復進口),490,238450
2019-11,39074000,聚碳酸樹脂，初級狀態,沙烏地阿拉伯,進口總值(含復進口),86,49500
2019-11,39074000,聚碳酸樹脂，初級狀態,孟加拉,出口總值(含復出口),19,10000
2019-11,39074000,聚碳酸樹脂，初級狀態,波蘭,出口總值(含復出口),77,36000
2019-11,39074000,聚碳酸樹脂，初級狀態,法國,出口總值(含復出口),5,2000
2019-11,39074000,聚碳酸樹脂，初級狀態,阿拉伯聯合大公國,出口總值(含復出口),63,32000
2019-11,39074000,聚碳酸樹脂，初級狀態,阿根廷,出口總值(含復出口),167,82000
2019-11,39074000,聚碳酸樹脂，初級狀態,俄羅斯,出口總值(含復出口),4,1500
2019-11,39074000,聚碳酸樹脂，初級狀態,南韓,進口總值(含復進口),2263,1152875
2019-11,39074000,聚碳酸樹脂，初級狀態,南韓,出口總值(含復出口),604,327000
2019-11,39074000,聚碳酸樹脂，初級狀態,柬埔寨,出口總值(含復出口),175,75000
2019-11,39074000,聚碳酸樹脂，初級狀態,美國,進口總值(含復進口),338,122915
2019-11,39074000,聚碳酸樹脂，初級狀態,美國,出口總值(含復出口),592,291800
2019-11,39074000,聚碳酸樹脂，初級狀態,英國,出口總值(含復出口),26,11750
2019-11,39074000,聚碳酸樹脂，初級狀態,香港,出口總值(含復出口),7571,2474425
2019-11,39074000,聚碳酸樹脂，初級狀態,埃及,出口總值(含復出口),81,34000
2019-11,39074000,聚碳酸樹脂，初級狀態,泰國,進口總值(含復進口),2968,1521000
2019-11,39074000,聚碳酸樹脂，初級狀態,泰國,出口總值(含復出口),282,169225
2019-11,39074000,聚碳酸樹脂，初級狀態,烏拉圭,出口總值(含復出口),36,18000
2019-11,39074000,聚碳酸樹脂，初級狀態,紐西蘭,出口總值(含復出口),4,2000
2019-11,39074000,聚碳酸樹脂，初級狀態,馬來西亞,進口總值(含復進口),111,10000
2019-11,39074000,聚碳酸樹脂，初級狀態,馬來西亞,出口總值(含復出口),539,231800
2019-11,39074000,聚碳酸樹脂，初級狀態,荷蘭,進口總值(含復進口),253,140575
2019-11,39074000,聚碳酸樹脂，初級狀態,荷蘭,出口總值(含復出口),260,128000
2019-11,39074000,聚碳酸樹脂，初級狀態,菲律賓,進口總值(含復進口),9,1000
2019-11,39074000,聚碳酸樹脂，初級狀態,菲律賓,出口總值(含復出口),82,46419
2019-11,39074000,聚碳酸樹脂，初級狀態,越南,進口總值(含復進口),2,1000
2019-11,39074000,聚碳酸樹脂，初級狀態,越南,出口總值(含復出口),1169,483575
2019-11,39074000,聚碳酸樹脂，初級狀態,新加坡,進口總值(含復進口),657,202992
2019-11,39074000,聚碳酸樹脂，初級狀態,新加坡,出口總值(含復出口),361,156100
2019-11,39074000,聚碳酸樹脂，初級狀態,瑞士,進口總值(含復進口),104,12950
2019-11,39074000,聚碳酸樹脂，初級狀態,義大利,進口總值(含復進口),19,16541
2019-11,39074000,聚碳酸樹脂，初級狀態,義大利,出口總值(含復出口),7,2000
2019-11,39074000,聚碳酸樹脂，初級狀態,葡萄牙,出口總值(含復出口),6,3000
2019-11,39074000,聚碳酸樹脂，初級狀態,德國,進口總值(含復進口),1957,981988
2019-11,39074000,聚碳酸樹脂，初級狀態,緬甸,出口總值(含復出口),29,16000
2019-11,39074000,聚碳酸樹脂，初級狀態,墨西哥,進口總值(含復進口),3,301
2019-11,39074000,聚碳酸樹脂，初級狀態,墨西哥,出口總值(含復出口),127,48545
2019-11,39074000,聚碳酸樹脂，初級狀態,澳大利亞,出口總值(含復出口),5,2000
2019-11,39075000,醇酸樹脂，初級狀態,中國大陸,進口總值(含復進口),88,44400
2019-11,39075000,醇酸樹脂，初級狀態,中國大陸,出口總值(含復出口),314,177262
2019-11,39075000,醇酸樹脂，初級狀態,中華民國,進口總值(含復進口),12,4000
2019-11,39075000,醇酸樹脂，初級狀態,日本,進口總值(含復進口),23,7636
2019-11,39075000,醇酸樹脂，初級狀態,日本,出口總值(含復出口),18,8000
2019-11,39075000,醇酸樹脂，初級狀態,卡達,出口總值(含復出口),17,16000
2019-11,39075000,醇酸樹脂，初級狀態,印尼,出口總值(含復出口),7,3550
2019-11,39075000,醇酸樹脂，初級狀態,印度,出口總值(含復出口),8,2000
2019-11,39075000,醇酸樹脂，初級狀態,阿拉伯聯合大公國,出口總值(含復出口),5,4200
2019-11,39075000,醇酸樹脂，初級狀態,美國,進口總值(含復進口),1,8
2019-11,39075000,醇酸樹脂，初級狀態,香港,出口總值(含復出口),5,1890
2019-11,39075000,醇酸樹脂，初級狀態,埃及,出口總值(含復出口),51,33600
2019-11,39075000,醇酸樹脂，初級狀態,泰國,出口總值(含復出口),16,8840
2019-11,39075000,醇酸樹脂，初級狀態,馬來西亞,出口總值(含復出口),151,86906
2019-11,39075000,醇酸樹脂，初級狀態,斯里蘭卡,出口總值(含復出口),66,44000
2019-11,39075000,醇酸樹脂，初級狀態,菲律賓,出口總值(含復出口),3,1400
2019-11,39075000,醇酸樹脂，初級狀態,越南,出口總值(含復出口),2303,1462020
2019-11,39075000,醇酸樹脂，初級狀態,奧地利,進口總值(含復進口),1,210
2019-11,39075000,醇酸樹脂，初級狀態,新加坡,出口總值(含復出口),96,31400
2019-11,39075000,醇酸樹脂，初級狀態,模里西斯,出口總值(含復出口),25,17600
2019-11,39075000,醇酸樹脂，初級狀態,緬甸,出口總值(含復出口),12,1486
2019-11,39075000,醇酸樹脂，初級狀態,澳大利亞,出口總值(含復出口),158,92800
2019-12,39073010,丙二酚型環氧樹脂,土耳其,出口總值(含復出口),305,148160
2019-12,39073010,丙二酚型環氧樹脂,中國大陸,進口總值(含復進口),207,73460
2019-12,39073010,丙二酚型環氧樹脂,中國大陸,出口總值(含復出口),11985,4823160
2019-12,39073010,丙二酚型環氧樹脂,中華民國,進口總值(含復進口),158,68186
2019-12,39073010,丙二酚型環氧樹脂,巴西,出口總值(含復出口),230,109440
2019-12,39073010,丙二酚型環氧樹脂,日本,進口總值(含復進口),87,4278
2019-12,39073010,丙二酚型環氧樹脂,日本,出口總值(含復出口),1048,489700
2019-12,39073010,丙二酚型環氧樹脂,加拿大,出口總值(含復出口),90,46000
2019-12,39073010,丙二酚型環氧樹脂,印尼,出口總值(含復出口),307,143310
2019-12,39073010,丙二酚型環氧樹脂,西班牙,出口總值(含復出口),331,138600
2019-12,39073010,丙二酚型環氧樹脂,沙烏地阿拉伯,出口總值(含復出口),79,35200
2019-12,39073010,丙二酚型環氧樹脂,阿拉伯聯合大公國,出口總值(含復出口),298,141570
2019-12,39073010,丙二酚型環氧樹脂,俄羅斯,出口總值(含復出口),154,70400
2019-12,39073010,丙二酚型環氧樹脂,南韓,進口總值(含復進口),131,41250
2019-12,39073010,丙二酚型環氧樹脂,美國,進口總值(含復進口),177,27640
2019-12,39073010,丙二酚型環氧樹脂,美國,出口總值(含復出口),1059,529970
2019-12,39073010,丙二酚型環氧樹脂,英國,出口總值(含復出口),876,416900
2019-12,39073010,丙二酚型環氧樹脂,香港,出口總值(含復出口),2,200
2019-12,39073010,丙二酚型環氧樹脂,哥倫比亞,出口總值(含復出口),130,56000
2019-12,39073010,丙二酚型環氧樹脂,埃及,出口總值(含復出口),65,32000
2019-12,39073010,丙二酚型環氧樹脂,泰國,進口總值(含復進口),41,17600
2019-12,39073010,丙二酚型環氧樹脂,泰國,出口總值(含復出口),131,62275
2019-12,39073010,丙二酚型環氧樹脂,馬來西亞,進口總值(含復進口),94,24000
2019-12,39073010,丙二酚型環氧樹脂,馬來西亞,出口總值(含復出口),2164,1047590
2019-12,39073010,丙二酚型環氧樹脂,荷蘭,進口總值(含復進口),82,34800
2019-12,39073010,丙二酚型環氧樹脂,荷蘭,出口總值(含復出口),285,138240
2019-12,39073010,丙二酚型環氧樹脂,喬治亞,出口總值(含復出口),43,18000
2019-12,39073010,丙二酚型環氧樹脂,智利,出口總值(含復出口),23,6160
2019-12,39073010,丙二酚型環氧樹脂,菲律賓,出口總值(含復出口),481,244625
2019-12,39073010,丙二酚型環氧樹脂,越南,出口總值(含復出口),1188,540803
2019-12,39073010,丙二酚型環氧樹脂,奧地利,出口總值(含復出口),112,52500
2019-12,39073010,丙二酚型環氧樹脂,新加坡,出口總值(含復出口),817,396270
2019-12,39073010,丙二酚型環氧樹脂,義大利,進口總值(含復進口),14,3200
2019-12,39073010,丙二酚型環氧樹脂,義大利,出口總值(含復出口),160,75120
2019-12,39073010,丙二酚型環氧樹脂,葡萄牙,出口總值(含復出口),78,40000
2019-12,39073010,丙二酚型環氧樹脂,德國,進口總值(含復進口),57,18600
2019-12,39073010,丙二酚型環氧樹脂,墨西哥,出口總值(含復出口),33,16000
2019-12,39073010,丙二酚型環氧樹脂,澳大利亞,出口總值(含復出口),103,47920
2019-12,39073010,丙二酚型環氧樹脂,澳門,出口總值(含復出口),227,90780
2019-12,39074000,聚碳酸樹脂，初級狀態,中國大陸,進口總值(含復進口),7319,3025603
2019-12,39074000,聚碳酸樹脂，初級狀態,中國大陸,出口總值(含復出口),55922,28611883
2019-12,39074000,聚碳酸樹脂，初級狀態,中華民國,進口總值(含復進口),114,60750
2019-12,39074000,聚碳酸樹脂，初級狀態,丹麥,出口總值(含復出口),29,16000
2019-12,39074000,聚碳酸樹脂，初級狀態,厄瓜多,出口總值(含復出口),11,6000
2019-12,39074000,聚碳酸樹脂，初級狀態,巴西,進口總值(含復進口),6,1400
2019-12,39074000,聚碳酸樹脂，初級狀態,巴西,出口總值(含復出口),67,36000
2019-12,39074000,聚碳酸樹脂，初級狀態,巴拉圭,出口總值(含復出口),34,16000
2019-12,39074000,聚碳酸樹脂，初級狀態,日本,進口總值(含復進口),12676,2060216
2019-12,39074000,聚碳酸樹脂，初級狀態,日本,出口總值(含復出口),1424,696100
2019-12,39074000,聚碳酸樹脂，初級狀態,比利時,進口總值(含復進口),52,20250
2019-12,39074000,聚碳酸樹脂，初級狀態,比利時,出口總值(含復出口),38,17000
2019-12,39074000,聚碳酸樹脂，初級狀態,以色列,出口總值(含復出口),20,9000
2019-12,39074000,聚碳酸樹脂，初級狀態,加拿大,進口總值(含復進口),81,12450
2019-12,39074000,聚碳酸樹脂，初級狀態,伊朗,出口總值(含復出口),97,48000
2019-12,39074000,聚碳酸樹脂，初級狀態,印尼,出口總值(含復出口),602,230000
2019-12,39074000,聚碳酸樹脂，初級狀態,印度,出口總值(含復出口),96,31725
2019-12,39074000,聚碳酸樹脂，初級狀態,西班牙,進口總值(含復進口),605,321045
2019-12,39074000,聚碳酸樹脂，初級狀態,西班牙,出口總值(含復出口),6,3000
2019-12,39074000,聚碳酸樹脂，初級狀態,沙烏地阿拉伯,進口總值(含復進口),378,223850
2019-12,39074000,聚碳酸樹脂，初級狀態,沙烏地阿拉伯,出口總值(含復出口),20,10000
2019-12,39074000,聚碳酸樹脂，初級狀態,孟加拉,出口總值(含復出口),55,29500
2019-12,39074000,聚碳酸樹脂，初級狀態,波蘭,出口總值(含復出口),12,5000
2019-12,39074000,聚碳酸樹脂，初級狀態,法國,出口總值(含復出口),9,3000
2019-12,39074000,聚碳酸樹脂，初級狀態,阿根廷,出口總值(含復出口),4,2000
2019-12,39074000,聚碳酸樹脂，初級狀態,俄羅斯,出口總值(含復出口),20,10000
2019-12,39074000,聚碳酸樹脂，初級狀態,南非,出口總值(含復出口),129,62500
2019-12,39074000,聚碳酸樹脂，初級狀態,南韓,進口總值(含復進口),2303,1206492
2019-12,39074000,聚碳酸樹脂，初級狀態,南韓,出口總值(含復出口),279,150000
2019-12,39074000,聚碳酸樹脂，初級狀態,美國,進口總值(含復進口),1530,183259
2019-12,39074000,聚碳酸樹脂，初級狀態,美國,出口總值(含復出口),450,237753
2019-12,39074000,聚碳酸樹脂，初級狀態,英國,進口總值(含復進口),2,25
2019-12,39074000,聚碳酸樹脂，初級狀態,英國,出口總值(含復出口),59,29875
2019-12,39074000,聚碳酸樹脂，初級狀態,香港,出口總值(含復出口),6915,2237750
2019-12,39074000,聚碳酸樹脂，初級狀態,哥倫比亞,出口總值(含復出口),95,51000
2019-12,39074000,聚碳酸樹脂，初級狀態,哥斯大黎加,出口總值(含復出口),4,6025
2019-12,39074000,聚碳酸樹脂，初級狀態,埃及,出口總值(含復出口),6,3000
2019-12,39074000,聚碳酸樹脂，初級狀態,泰國,進口總值(含復進口),2224,1074384
2019-12,39074000,聚碳酸樹脂，初級狀態,泰國,出口總值(含復出口),242,94132
2019-12,39074000,聚碳酸樹脂，初級狀態,馬來西亞,進口總值(含復進口),7,1000
2019-12,39074000,聚碳酸樹脂，初級狀態,馬來西亞,出口總值(含復出口),319,163763
2019-12,39074000,聚碳酸樹脂，初級狀態,荷蘭,進口總值(含復進口),134,71800
2019-12,39074000,聚碳酸樹脂，初級狀態,荷蘭,出口總值(含復出口),759,302700
2019-12,39074000,聚碳酸樹脂，初級狀態,斯洛維尼亞,出口總值(含復出口),84,44000
2019-12,39074000,聚碳酸樹脂，初級狀態,菲律賓,出口總值(含復出口),94,52614
2019-12,39074000,聚碳酸樹脂，初級狀態,越南,進口總值(含復進口),2,875
2019-12,39074000,聚碳酸樹脂，初級狀態,越南,出口總值(含復出口),1735,798927
2019-12,39074000,聚碳酸樹脂，初級狀態,新加坡,進口總值(含復進口),545,214434
2019-12,39074000,聚碳酸樹脂，初級狀態,新加坡,出口總值(含復出口),496,154600
2019-12,39074000,聚碳酸樹脂，初級狀態,瑞士,進口總值(含復進口),73,10272
2019-12,39074000,聚碳酸樹脂，初級狀態,瑞典,出口總值(含復出口),60,32000
2019-12,39074000,聚碳酸樹脂，初級狀態,義大利,出口總值(含復出口),4,2000
2019-12,39074000,聚碳酸樹脂，初級狀態,葡萄牙,出口總值(含復出口),6,3000
2019-12,39074000,聚碳酸樹脂，初級狀態,德國,進口總值(含復進口),1652,788510
2019-12,39074000,聚碳酸樹脂，初級狀態,德國,出口總值(含復出口),54,32000
2019-12,39074000,聚碳酸樹脂，初級狀態,緬甸,出口總值(含復出口),60,32000
2019-12,39074000,聚碳酸樹脂，初級狀態,黎巴嫩,出口總值(含復出口),52,22000
2019-12,39074000,聚碳酸樹脂，初級狀態,墨西哥,進口總值(含復進口),40,29512
2019-12,39074000,聚碳酸樹脂，初級狀態,墨西哥,出口總值(含復出口),89,44000
2019-12,39074000,聚碳酸樹脂，初級狀態,澳大利亞,出口總值(含復出口),13,7000
2019-12,39075000,醇酸樹脂，初級狀態,中國大陸,進口總值(含復進口),136,36400
2019-12,39075000,醇酸樹脂，初級狀態,中國大陸,出口總值(含復出口),306,166360
2019-12,39075000,醇酸樹脂，初級狀態,巴基斯坦,出口總值(含復出口),22,12000
2019-12,39075000,醇酸樹脂，初級狀態,日本,進口總值(含復進口),25,8310
2019-12,39075000,醇酸樹脂，初級狀態,日本,出口總值(含復出口),47,23400
2019-12,39075000,醇酸樹脂，初級狀態,卡達,出口總值(含復出口),19,16000
2019-12,39075000,醇酸樹脂，初級狀態,印尼,出口總值(含復出口),4,2730
2019-12,39075000,醇酸樹脂，初級狀態,印度,出口總值(含復出口),37,16000
2019-12,39075000,醇酸樹脂，初級狀態,法國,進口總值(含復進口),0,14
2019-12,39075000,醇酸樹脂，初級狀態,俄羅斯,出口總值(含復出口),23,16000
2019-12,39075000,醇酸樹脂，初級狀態,南韓,出口總值(含復出口),21,6600
2019-12,39075000,醇酸樹脂，初級狀態,美國,進口總值(含復進口),5,762
2019-12,39075000,醇酸樹脂，初級狀態,美國,出口總值(含復出口),4,2520
2019-12,39075000,醇酸樹脂，初級狀態,香港,出口總值(含復出口),3,900
2019-12,39075000,醇酸樹脂，初級狀態,哥倫比亞,出口總值(含復出口),10,4000
2019-12,39075000,醇酸樹脂，初級狀態,泰國,出口總值(含復出口),29,14680
2019-12,39075000,醇酸樹脂，初級狀態,馬來西亞,出口總值(含復出口),335,163200
2019-12,39075000,醇酸樹脂，初級狀態,斯里蘭卡,出口總值(含復出口),59,39750
2019-12,39075000,醇酸樹脂，初級狀態,越南,出口總值(含復出口),2041,1310553
2019-12,39075000,醇酸樹脂，初級狀態,新加坡,出口總值(含復出口),73,49230
2019-12,39075000,醇酸樹脂，初級狀態,緬甸,出口總值(含復出口),102,26442
2019-12,39075000,醇酸樹脂，初級狀態,澳大利亞,出口總值(含復出口),30,21200
2019-1,39079100,其他聚酯，不飽和者，初級狀態,中國大陸,進口總值(含復進口),510,190935
2019-1,39079100,其他聚酯，不飽和者，初級狀態,日本,進口總值(含復進口),308,65975
2019-1,39079100,其他聚酯，不飽和者，初級狀態,比利時,進口總值(含復進口),8,1000
2019-1,39079100,其他聚酯，不飽和者，初級狀態,印尼,進口總值(含復進口),179,330000
2019-1,39079100,其他聚酯，不飽和者，初級狀態,西班牙,進口總值(含復進口),647,339540
2019-1,39079100,其他聚酯，不飽和者，初級狀態,南韓,進口總值(含復進口),288,16700
2019-1,39079100,其他聚酯，不飽和者，初級狀態,美國,進口總值(含復進口),29,7871
2019-1,39079100,其他聚酯，不飽和者，初級狀態,新加坡,進口總值(含復進口),6,1600
2019-1,39079100,其他聚酯，不飽和者，初級狀態,義大利,進口總值(含復進口),42,4600
2019-1,39079100,其他聚酯，不飽和者，初級狀態,德國,進口總值(含復進口),179,22000
2019-1,39079100,其他聚酯，不飽和者，初級狀態,中國大陸,出口總值(含復出口),999,640044
2019-1,39079100,其他聚酯，不飽和者，初級狀態,巴西,出口總值(含復出口),20,20000
2019-1,39079100,其他聚酯，不飽和者，初級狀態,日本,出口總值(含復出口),2562,1653220
2019-1,39079100,其他聚酯，不飽和者，初級狀態,以色列,出口總值(含復出口),57,35200
2019-1,39079100,其他聚酯，不飽和者，初級狀態,卡達,出口總值(含復出口),551,369600
2019-1,39079100,其他聚酯，不飽和者，初級狀態,立陶宛,出口總值(含復出口),40,19970
2019-1,39079100,其他聚酯，不飽和者，初級狀態,印尼,出口總值(含復出口),39,43876
2019-1,39079100,其他聚酯，不飽和者，初級狀態,印度,出口總值(含復出口),845,604310
2019-1,39079100,其他聚酯，不飽和者，初級狀態,多明尼加,出口總值(含復出口),342,189200
2019-1,39079100,其他聚酯，不飽和者，初級狀態,奈及利亞,出口總值(含復出口),73,40600
2019-1,39079100,其他聚酯，不飽和者，初級狀態,孟加拉,出口總值(含復出口),906,523511
2019-1,39079100,其他聚酯，不飽和者，初級狀態,阿拉伯聯合大公國,出口總值(含復出口),101,70640
2019-1,39079100,其他聚酯，不飽和者，初級狀態,南非,出口總值(含復出口),264,123200
2019-1,39079100,其他聚酯，不飽和者，初級狀態,南韓,出口總值(含復出口),14,1500
2019-1,39079100,其他聚酯，不飽和者，初級狀態,柬埔寨,出口總值(含復出口),87,53600
2019-1,39079100,其他聚酯，不飽和者，初級狀態,美國,出口總值(含復出口),46,9690
2019-1,39079100,其他聚酯，不飽和者，初級狀態,英國,出口總值(含復出口),26,6614
2019-1,39079100,其他聚酯，不飽和者，初級狀態,香港,出口總值(含復出口),169,70453
2019-1,39079100,其他聚酯，不飽和者，初級狀態,哥倫比亞,出口總值(含復出口),60,35200
2019-1,39079100,其他聚酯，不飽和者，初級狀態,哥斯大黎加,出口總值(含復出口),33,15940
2019-1,39079100,其他聚酯，不飽和者，初級狀態,埃及,出口總值(含復出口),393,259540
2019-1,39079100,其他聚酯，不飽和者，初級狀態,泰國,出口總值(含復出口),132,75240
2019-1,39079100,其他聚酯，不飽和者，初級狀態,秘魯,出口總值(含復出口),61,35200
2019-1,39079100,其他聚酯，不飽和者，初級狀態,斯里蘭卡,出口總值(含復出口),152,87561
2019-1,39079100,其他聚酯，不飽和者，初級狀態,菲律賓,出口總值(含復出口),772,436737
2019-1,39079100,其他聚酯，不飽和者，初級狀態,越南,出口總值(含復出口),2561,1825455
2019-1,39079100,其他聚酯，不飽和者，初級狀態,塞內加爾,出口總值(含復出口),30,17600
2019-1,39079100,其他聚酯，不飽和者，初級狀態,愛爾蘭,出口總值(含復出口),174,272400
2019-1,39079100,其他聚酯，不飽和者，初級狀態,新加坡,出口總值(含復出口),61,35200
2019-1,39079100,其他聚酯，不飽和者，初級狀態,義大利,出口總值(含復出口),40,18000
2019-1,39079100,其他聚酯，不飽和者，初級狀態,模里西斯,出口總值(含復出口),109,64060
2019-1,39079100,其他聚酯，不飽和者，初級狀態,澳大利亞,出口總值(含復出口),444,244600
2019-1,39079100,其他聚酯，不飽和者，初級狀態,澳門,出口總值(含復出口),39,12208
2019-1,39079100,其他聚酯，不飽和者，初級狀態,薩爾瓦多,出口總值(含復出口),650,600000
2019-1,39079920,熱塑性液晶芳香族聚酯共聚合物,日本,進口總值(含復進口),27,1535
2019-1,39079920,熱塑性液晶芳香族聚酯共聚合物,中國大陸,出口總值(含復出口),1502,196708
2019-1,39079920,熱塑性液晶芳香族聚酯共聚合物,日本,出口總值(含復出口),418,64900
2019-1,39079920,熱塑性液晶芳香族聚酯共聚合物,印度,出口總值(含復出口),11,2000
2019-1,39079920,熱塑性液晶芳香族聚酯共聚合物,南韓,出口總值(含復出口),1178,131700
2019-1,39079920,熱塑性液晶芳香族聚酯共聚合物,香港,出口總值(含復出口),1527,206000
2019-1,39079920,熱塑性液晶芳香族聚酯共聚合物,泰國,出口總值(含復出口),53,7400
2019-1,39079920,熱塑性液晶芳香族聚酯共聚合物,馬來西亞,出口總值(含復出口),50,6600
2019-1,39079920,熱塑性液晶芳香族聚酯共聚合物,菲律賓,出口總值(含復出口),25,2850
2019-1,39094000,酚樹脂，初級狀態,中國大陸,進口總值(含復進口),622,239680
2019-1,39094000,酚樹脂，初級狀態,中華民國,進口總值(含復進口),22,11400
2019-1,39094000,酚樹脂，初級狀態,日本,進口總值(含復進口),2629,253629
2019-1,39094000,酚樹脂，初級狀態,加拿大,進口總值(含復進口),1,72
2019-1,39094000,酚樹脂，初級狀態,印度,進口總值(含復進口),58,10000
2019-1,39094000,酚樹脂，初級狀態,南韓,進口總值(含復進口),653,127740
2019-1,39094000,酚樹脂，初級狀態,美國,進口總值(含復進口),272,68848
2019-1,39094000,酚樹脂，初級狀態,泰國,進口總值(含復進口),80,33800
2019-1,39094000,酚樹脂，初級狀態,荷蘭,進口總值(含復進口),6,633
2019-1,39094000,酚樹脂，初級狀態,新加坡,進口總值(含復進口),82,38560
2019-1,39094000,酚樹脂，初級狀態,德國,進口總值(含復進口),518,119320
2019-1,39094000,酚樹脂，初級狀態,土耳其,出口總值(含復出口),90,84000
2019-1,39094000,酚樹脂，初級狀態,中國大陸,出口總值(含復出口),5442,3448975
2019-1,39094000,酚樹脂，初級狀態,日本,出口總值(含復出口),1124,313473
2019-1,39094000,酚樹脂，初級狀態,印尼,出口總值(含復出口),26,14480
2019-1,39094000,酚樹脂，初級狀態,印度,出口總值(含復出口),132,59300
2019-1,39094000,酚樹脂，初級狀態,南非,出口總值(含復出口),42,36000
2019-1,39094000,酚樹脂，初級狀態,南韓,出口總值(含復出口),61,48000
2019-1,39094000,酚樹脂，初級狀態,香港,出口總值(含復出口),27,12000
2019-1,39094000,酚樹脂，初級狀態,泰國,出口總值(含復出口),278,125500
2019-1,39094000,酚樹脂，初級狀態,馬來西亞,出口總值(含復出口),304,115454
2019-1,39094000,酚樹脂，初級狀態,斯洛維尼亞,出口總值(含復出口),16,16000
2019-1,39094000,酚樹脂，初級狀態,菲律賓,出口總值(含復出口),211,126000
2019-1,39094000,酚樹脂，初級狀態,越南,出口總值(含復出口),258,127450
2019-1,39094000,酚樹脂，初級狀態,新加坡,出口總值(含復出口),3,1400
2019-1,39094000,酚樹脂，初級狀態,墨西哥,出口總值(含復出口),2,760
2019-1,39094000,酚樹脂，初級狀態,澳大利亞,出口總值(含復出口),18,15000
2019-2,39079100,其他聚酯，不飽和者，初級狀態,中國大陸,進口總值(含復進口),260,114230
2019-2,39079100,其他聚酯，不飽和者，初級狀態,中華民國,進口總值(含復進口),51,24320
2019-2,39079100,其他聚酯，不飽和者，初級狀態,日本,進口總值(含復進口),131,27667
2019-2,39079100,其他聚酯，不飽和者，初級狀態,西班牙,進口總值(含復進口),186,97540
2019-2,39079100,其他聚酯，不飽和者，初級狀態,南韓,進口總值(含復進口),43,12000
2019-2,39079100,其他聚酯，不飽和者，初級狀態,美國,進口總值(含復進口),8,90
2019-2,39079100,其他聚酯，不飽和者，初級狀態,英國,進口總值(含復進口),0,13
2019-2,39079100,其他聚酯，不飽和者，初級狀態,泰國,進口總值(含復進口),3,760
2019-2,39079100,其他聚酯，不飽和者，初級狀態,葡萄牙,進口總值(含復進口),17,1425
2019-2,39079100,其他聚酯，不飽和者，初級狀態,中國大陸,出口總值(含復出口),749,354981
2019-2,39079100,其他聚酯，不飽和者，初級狀態,巴西,出口總值(含復出口),134,120000
2019-2,39079100,其他聚酯，不飽和者，初級狀態,巴基斯坦,出口總值(含復出口),27,17600
2019-2,39079100,其他聚酯，不飽和者，初級狀態,日本,出口總值(含復出口),2000,1242410
2019-2,39079100,其他聚酯，不飽和者，初級狀態,以色列,出口總值(含復出口),82,50750
2019-2,39079100,其他聚酯，不飽和者，初級狀態,卡達,出口總值(含復出口),183,116120
2019-2,39079100,其他聚酯，不飽和者，初級狀態,印尼,出口總值(含復出口),60,35600
2019-2,39079100,其他聚酯，不飽和者，初級狀態,印度,出口總值(含復出口),573,410400
2019-2,39079100,其他聚酯，不飽和者，初級狀態,西班牙,出口總值(含復出口),63,40000
2019-2,39079100,其他聚酯，不飽和者，初級狀態,坦尚尼亞,出口總值(含復出口),32,17600
2019-2,39079100,其他聚酯，不飽和者，初級狀態,奈及利亞,出口總值(含復出口),113,60600
2019-2,39079100,其他聚酯，不飽和者，初級狀態,孟加拉,出口總值(含復出口),263,157120
2019-2,39079100,其他聚酯，不飽和者，初級狀態,阿拉伯聯合大公國,出口總值(含復出口),25,17600
2019-2,39079100,其他聚酯，不飽和者，初級狀態,俄羅斯,出口總值(含復出口),38,19800
2019-2,39079100,其他聚酯，不飽和者，初級狀態,南非,出口總值(含復出口),170,112000
2019-2,39079100,其他聚酯，不飽和者，初級狀態,柬埔寨,出口總值(含復出口),90,55200
2019-2,39079100,其他聚酯，不飽和者，初級狀態,英國,出口總值(含復出口),25,6400
2019-2,39079100,其他聚酯，不飽和者，初級狀態,香港,出口總值(含復出口),286,87615
2019-2,39079100,其他聚酯，不飽和者，初級狀態,哥斯大黎加,出口總值(含復出口),26,14960
2019-2,39079100,其他聚酯，不飽和者，初級狀態,埃及,出口總值(含復出口),62,35200
2019-2,39079100,其他聚酯，不飽和者，初級狀態,泰國,出口總值(含復出口),97,57140
2019-2,39079100,其他聚酯，不飽和者，初級狀態,紐西蘭,出口總值(含復出口),14,6860
2019-2,39079100,其他聚酯，不飽和者，初級狀態,馬來西亞,出口總值(含復出口),26,10634
2019-2,39079100,其他聚酯，不飽和者，初級狀態,斯里蘭卡,出口總值(含復出口),160,91080
2019-2,39079100,其他聚酯，不飽和者，初級狀態,菲律賓,出口總值(含復出口),44,27940
2019-2,39079100,其他聚酯，不飽和者，初級狀態,越南,出口總值(含復出口),2232,1634890
2019-2,39079100,其他聚酯，不飽和者，初級狀態,愛爾蘭,出口總值(含復出口),192,296200
2019-2,39079100,其他聚酯，不飽和者，初級狀態,義大利,出口總值(含復出口),3,1000
2019-2,39079100,其他聚酯，不飽和者，初級狀態,緬甸,出口總值(含復出口),55,35200
2019-2,39079100,其他聚酯，不飽和者，初級狀態,黎巴嫩,出口總值(含復出口),25,17600
2019-2,39079100,其他聚酯，不飽和者，初級狀態,澳大利亞,出口總值(含復出口),211,118352
2019-2,39079100,其他聚酯，不飽和者，初級狀態,澳門,出口總值(含復出口),26,8968
2019-2,39079920,熱塑性液晶芳香族聚酯共聚合物,日本,進口總值(含復進口),46,3185
2019-2,39079920,熱塑性液晶芳香族聚酯共聚合物,中國大陸,出口總值(含復出口),1520,190286
2019-2,39079920,熱塑性液晶芳香族聚酯共聚合物,日本,出口總值(含復出口),150,19200
2019-2,39079920,熱塑性液晶芳香族聚酯共聚合物,南韓,出口總值(含復出口),1474,156500
2019-2,39079920,熱塑性液晶芳香族聚酯共聚合物,香港,出口總值(含復出口),523,71625
2019-2,39079920,熱塑性液晶芳香族聚酯共聚合物,泰國,出口總值(含復出口),10,1500
2019-2,39079920,熱塑性液晶芳香族聚酯共聚合物,馬來西亞,出口總值(含復出口),39,4200
2019-2,39079920,熱塑性液晶芳香族聚酯共聚合物,越南,出口總值(含復出口),137,16500
2019-2,39079920,熱塑性液晶芳香族聚酯共聚合物,新加坡,出口總值(含復出口),82,9300
2019-2,39079920,熱塑性液晶芳香族聚酯共聚合物,義大利,出口總值(含復出口),9,100
2019-2,39094000,酚樹脂，初級狀態,中國大陸,進口總值(含復進口),350,112160
2019-2,39094000,酚樹脂，初級狀態,丹麥,進口總值(含復進口),0,25
2019-2,39094000,酚樹脂，初級狀態,日本,進口總值(含復進口),1276,117812
2019-2,39094000,酚樹脂，初級狀態,加拿大,進口總值(含復進口),27,8165
2019-2,39094000,酚樹脂，初級狀態,法國,進口總值(含復進口),0,0
2019-2,39094000,酚樹脂，初級狀態,南韓,進口總值(含復進口),339,64300
2019-2,39094000,酚樹脂，初級狀態,美國,進口總值(含復進口),54,19000
2019-2,39094000,酚樹脂，初級狀態,泰國,進口總值(含復進口),40,13800
2019-2,39094000,酚樹脂，初級狀態,新加坡,進口總值(含復進口),41,11200
2019-2,39094000,酚樹脂，初級狀態,德國,進口總值(含復進口),232,38401
2019-2,39094000,酚樹脂，初級狀態,土耳其,出口總值(含復出口),180,198000
2019-2,39094000,酚樹脂，初級狀態,中國大陸,出口總值(含復出口),3915,2349865
2019-2,39094000,酚樹脂，初級狀態,日本,出口總值(含復出口),543,155712
2019-2,39094000,酚樹脂，初級狀態,印尼,出口總值(含復出口),67,23680
2019-2,39094000,酚樹脂，初級狀態,印度,出口總值(含復出口),30,23000
2019-2,39094000,酚樹脂，初級狀態,南韓,出口總值(含復出口),104,71600
2019-2,39094000,酚樹脂，初級狀態,香港,出口總值(含復出口),86,58700
2019-2,39094000,酚樹脂，初級狀態,泰國,出口總值(含復出口),268,122140
2019-2,39094000,酚樹脂，初級狀態,馬來西亞,出口總值(含復出口),204,70032
2019-2,39094000,酚樹脂，初級狀態,菲律賓,出口總值(含復出口),144,97840
2019-2,39094000,酚樹脂，初級狀態,越南,出口總值(含復出口),113,65170
2019-2,39094000,酚樹脂，初級狀態,新加坡,出口總值(含復出口),2,1000
2019-2,39094000,酚樹脂，初級狀態,澳大利亞,出口總值(含復出口),32,20200
2019-3,39079100,其他聚酯，不飽和者，初級狀態,中國大陸,進口總值(含復進口),517,223806
2019-3,39079100,其他聚酯，不飽和者，初級狀態,中華民國,進口總值(含復進口),32,15780
2019-3,39079100,其他聚酯，不飽和者，初級狀態,丹麥,進口總值(含復進口),11,5000
2019-3,39079100,其他聚酯，不飽和者，初級狀態,日本,進口總值(含復進口),129,21779
2019-3,39079100,其他聚酯，不飽和者，初級狀態,比利時,進口總值(含復進口),38,4030
2019-3,39079100,其他聚酯，不飽和者，初級狀態,西班牙,進口總值(含復進口),40,19300
2019-3,39079100,其他聚酯，不飽和者，初級狀態,法國,進口總值(含復進口),17,1200
2019-3,39079100,其他聚酯，不飽和者，初級狀態,南韓,進口總值(含復進口),326,29281
2019-3,39079100,其他聚酯，不飽和者，初級狀態,美國,進口總值(含復進口),434,164966
2019-3,39079100,其他聚酯，不飽和者，初級狀態,泰國,進口總值(含復進口),23,6080
2019-3,39079100,其他聚酯，不飽和者，初級狀態,新加坡,進口總值(含復進口),18,7720
2019-3,39079100,其他聚酯，不飽和者，初級狀態,義大利,進口總值(含復進口),27,3000
2019-3,39079100,其他聚酯，不飽和者，初級狀態,葡萄牙,進口總值(含復進口),31,2575
2019-3,39079100,其他聚酯，不飽和者，初級狀態,德國,進口總值(含復進口),106,22200
2019-3,39079100,其他聚酯，不飽和者，初級狀態,澳大利亞,進口總值(含復進口),6,2920
2019-3,39079100,其他聚酯，不飽和者，初級狀態,中國大陸,出口總值(含復出口),1191,660375
2019-3,39079100,其他聚酯，不飽和者，初級狀態,巴西,出口總值(含復出口),107,68000
2019-3,39079100,其他聚酯，不飽和者，初級狀態,巴基斯坦,出口總值(含復出口),27,17600
2019-3,39079100,其他聚酯，不飽和者，初級狀態,日本,出口總值(含復出口),1822,1195240
2019-3,39079100,其他聚酯，不飽和者，初級狀態,以色列,出口總值(含復出口),106,70400
2019-3,39079100,其他聚酯，不飽和者，初級狀態,卡達,出口總值(含復出口),301,206280
2019-3,39079100,其他聚酯，不飽和者，初級狀態,印尼,出口總值(含復出口),94,62492
2019-3,39079100,其他聚酯，不飽和者，初級狀態,印度,出口總值(含復出口),974,768500
2019-3,39079100,其他聚酯，不飽和者，初級狀態,多明尼加,出口總值(含復出口),456,257340
2019-3,39079100,其他聚酯，不飽和者，初級狀態,沙烏地阿拉伯,出口總值(含復出口),0,45
2019-3,39079100,其他聚酯，不飽和者，初級狀態,奈及利亞,出口總值(含復出口),267,172512
2019-3,39079100,其他聚酯，不飽和者，初級狀態,孟加拉,出口總值(含復出口),1756,1047035
2019-3,39079100,其他聚酯，不飽和者，初級狀態,阿拉伯聯合大公國,出口總值(含復出口),419,293110
2019-3,39079100,其他聚酯，不飽和者，初級狀態,南非,出口總值(含復出口),559,321320
2019-3,39079100,其他聚酯，不飽和者，初級狀態,美國,出口總值(含復出口),94,33880
2019-3,39079100,其他聚酯，不飽和者，初級狀態,英國,出口總值(含復出口),36,9200
2019-3,39079100,其他聚酯，不飽和者，初級狀態,香港,出口總值(含復出口),382,126180
2019-3,39079100,其他聚酯，不飽和者，初級狀態,哥倫比亞,出口總值(含復出口),29,17600
2019-3,39079100,其他聚酯，不飽和者，初級狀態,埃及,出口總值(含復出口),630,428220
2019-3,39079100,其他聚酯，不飽和者，初級狀態,泰國,出口總值(含復出口),64,37040
2019-3,39079100,其他聚酯，不飽和者，初級狀態,秘魯,出口總值(含復出口),32,18000
2019-3,39079100,其他聚酯，不飽和者，初級狀態,紐西蘭,出口總值(含復出口),15,7920
2019-3,39079100,其他聚酯，不飽和者，初級狀態,馬來西亞,出口總值(含復出口),62,21340
2019-3,39079100,其他聚酯，不飽和者，初級狀態,馬爾地夫,出口總值(含復出口),29,17700
2019-3,39079100,其他聚酯，不飽和者，初級狀態,斯里蘭卡,出口總值(含復出口),112,66400
2019-3,39079100,其他聚酯，不飽和者，初級狀態,菲律賓,出口總值(含復出口),1094,569174
2019-3,39079100,其他聚酯，不飽和者，初級狀態,越南,出口總值(含復出口),3867,2615785
2019-3,39079100,其他聚酯，不飽和者，初級狀態,愛爾蘭,出口總值(含復出口),574,893600
2019-3,39079100,其他聚酯，不飽和者，初級狀態,新加坡,出口總值(含復出口),78,52800
2019-3,39079100,其他聚酯，不飽和者，初級狀態,義大利,出口總值(含復出口),40,18000
2019-3,39079100,其他聚酯，不飽和者，初級狀態,模里西斯,出口總值(含復出口),37,21120
2019-3,39079100,其他聚酯，不飽和者，初級狀態,澳大利亞,出口總值(含復出口),865,446180
2019-3,39079920,熱塑性液晶芳香族聚酯共聚合物,中國大陸,進口總值(含復進口),28,4000
2019-3,39079920,熱塑性液晶芳香族聚酯共聚合物,日本,進口總值(含復進口),35,2300
2019-3,39079920,熱塑性液晶芳香族聚酯共聚合物,中國大陸,出口總值(含復出口),1753,237096
2019-3,39079920,熱塑性液晶芳香族聚酯共聚合物,日本,出口總值(含復出口),655,100650
2019-3,39079920,熱塑性液晶芳香族聚酯共聚合物,印度,出口總值(含復出口),20,3500
2019-3,39079920,熱塑性液晶芳香族聚酯共聚合物,南韓,出口總值(含復出口),1317,104325
2019-3,39079920,熱塑性液晶芳香族聚酯共聚合物,香港,出口總值(含復出口),1207,160800
2019-3,39079920,熱塑性液晶芳香族聚酯共聚合物,泰國,出口總值(含復出口),20,2200
2019-3,39079920,熱塑性液晶芳香族聚酯共聚合物,馬來西亞,出口總值(含復出口),96,11500
2019-3,39079920,熱塑性液晶芳香族聚酯共聚合物,菲律賓,出口總值(含復出口),256,27500
2019-3,39079920,熱塑性液晶芳香族聚酯共聚合物,越南,出口總值(含復出口),66,8000
2019-3,39079920,熱塑性液晶芳香族聚酯共聚合物,新加坡,出口總值(含復出口),52,6000
2019-3,39094000,酚樹脂，初級狀態,中國大陸,進口總值(含復進口),849,270000
2019-3,39094000,酚樹脂，初級狀態,日本,進口總值(含復進口),1666,207676
2019-3,39094000,酚樹脂，初級狀態,加拿大,進口總值(含復進口),1,72
2019-3,39094000,酚樹脂，初級狀態,印度,進口總值(含復進口),24,15000
2019-3,39094000,酚樹脂，初級狀態,法國,進口總值(含復進口),0,2
2019-3,39094000,酚樹脂，初級狀態,南韓,進口總值(含復進口),672,155016
2019-3,39094000,酚樹脂，初級狀態,美國,進口總值(含復進口),444,74206
2019-3,39094000,酚樹脂，初級狀態,挪威,進口總值(含復進口),1,138
2019-3,39094000,酚樹脂，初級狀態,泰國,進口總值(含復進口),46,22000
2019-3,39094000,酚樹脂，初級狀態,新加坡,進口總值(含復進口),93,40600
2019-3,39094000,酚樹脂，初級狀態,德國,進口總值(含復進口),430,84160
2019-3,39094000,酚樹脂，初級狀態,土耳其,出口總值(含復出口),186,196000
2019-3,39094000,酚樹脂，初級狀態,中國大陸,出口總值(含復出口),6635,4245942
2019-3,39094000,酚樹脂，初級狀態,日本,出口總值(含復出口),502,143914
2019-3,39094000,酚樹脂，初級狀態,伊朗,出口總值(含復出口),60,16000
2019-3,39094000,酚樹脂，初級狀態,印尼,出口總值(含復出口),73,35940
2019-3,39094000,酚樹脂，初級狀態,印度,出口總值(含復出口),21,11500
2019-3,39094000,酚樹脂，初級狀態,南非,出口總值(含復出口),38,32000
2019-3,39094000,酚樹脂，初級狀態,南韓,出口總值(含復出口),154,91680
2019-3,39094000,酚樹脂，初級狀態,美國,出口總值(含復出口),2,760
2019-3,39094000,酚樹脂，初級狀態,香港,出口總值(含復出口),104,72550
2019-3,39094000,酚樹脂，初級狀態,泰國,出口總值(含復出口),364,174968
2019-3,39094000,酚樹脂，初級狀態,秘魯,出口總值(含復出口),40,36000
2019-3,39094000,酚樹脂，初級狀態,馬來西亞,出口總值(含復出口),163,80419
2019-3,39094000,酚樹脂，初級狀態,斯洛維尼亞,出口總值(含復出口),53,44000
2019-3,39094000,酚樹脂，初級狀態,菲律賓,出口總值(含復出口),251,186220
2019-3,39094000,酚樹脂，初級狀態,越南,出口總值(含復出口),258,123550
2019-3,39094000,酚樹脂，初級狀態,新加坡,出口總值(含復出口),108,76800
2019-3,39094000,酚樹脂，初級狀態,澳大利亞,出口總值(含復出口),30,19200
2019-4,39079100,其他聚酯，不飽和者，初級狀態,中國大陸,進口總值(含復進口),294,181035
2019-4,39079100,其他聚酯，不飽和者，初級狀態,中華民國,進口總值(含復進口),37,19660
2019-4,39079100,其他聚酯，不飽和者，初級狀態,丹麥,進口總值(含復進口),16,7000
2019-4,39079100,其他聚酯，不飽和者，初級狀態,日本,進口總值(含復進口),563,86801
2019-4,39079100,其他聚酯，不飽和者，初級狀態,西班牙,進口總值(含復進口),91,48840
2019-4,39079100,其他聚酯，不飽和者，初級狀態,南韓,進口總值(含復進口),189,33750
2019-4,39079100,其他聚酯，不飽和者，初級狀態,美國,進口總值(含復進口),162,24584
2019-4,39079100,其他聚酯，不飽和者，初級狀態,英國,進口總值(含復進口),4,50
2019-4,39079100,其他聚酯，不飽和者，初級狀態,泰國,進口總值(含復進口),53,14440
2019-4,39079100,其他聚酯，不飽和者，初級狀態,荷蘭,進口總值(含復進口),6,85
2019-4,39079100,其他聚酯，不飽和者，初級狀態,瑞典,進口總值(含復進口),0,25
2019-4,39079100,其他聚酯，不飽和者，初級狀態,德國,進口總值(含復進口),25,3000
2019-4,39079100,其他聚酯，不飽和者，初級狀態,中國大陸,出口總值(含復出口),1387,708028
2019-4,39079100,其他聚酯，不飽和者，初級狀態,巴西,出口總值(含復出口),61,60000
2019-4,39079100,其他聚酯，不飽和者，初級狀態,巴基斯坦,出口總值(含復出口),26,17600
2019-4,39079100,其他聚酯，不飽和者，初級狀態,日本,出口總值(含復出口),1592,1019546
2019-4,39079100,其他聚酯，不飽和者，初級狀態,以色列,出口總值(含復出口),50,32560
2019-4,39079100,其他聚酯，不飽和者，初級狀態,卡達,出口總值(含復出口),470,327320
2019-4,39079100,其他聚酯，不飽和者，初級狀態,立陶宛,出口總值(含復出口),38,19800
2019-4,39079100,其他聚酯，不飽和者，初級狀態,印尼,出口總值(含復出口),141,145882
2019-4,39079100,其他聚酯，不飽和者，初級狀態,印度,出口總值(含復出口),908,659840
2019-4,39079100,其他聚酯，不飽和者，初級狀態,西班牙,出口總值(含復出口),123,80000
2019-4,39079100,其他聚酯，不飽和者，初級狀態,奈及利亞,出口總值(含復出口),182,108980
2019-4,39079100,其他聚酯，不飽和者，初級狀態,孟加拉,出口總值(含復出口),757,447516
2019-4,39079100,其他聚酯，不飽和者，初級狀態,阿拉伯聯合大公國,出口總值(含復出口),90,54000
2019-4,39079100,其他聚酯，不飽和者，初級狀態,南非,出口總值(含復出口),252,141500
2019-4,39079100,其他聚酯，不飽和者，初級狀態,柬埔寨,出口總值(含復出口),118,74000
2019-4,39079100,其他聚酯，不飽和者，初級狀態,美國,出口總值(含復出口),100,34680
2019-4,39079100,其他聚酯，不飽和者，初級狀態,香港,出口總值(含復出口),255,115640
2019-4,39079100,其他聚酯，不飽和者，初級狀態,哥斯大黎加,出口總值(含復出口),49,25460
2019-4,39079100,其他聚酯，不飽和者，初級狀態,埃及,出口總值(含復出口),571,379820
2019-4,39079100,其他聚酯，不飽和者，初級狀態,泰國,出口總值(含復出口),141,62680
2019-4,39079100,其他聚酯，不飽和者，初級狀態,烏茲別克,出口總值(含復出口),58,35200
2019-4,39079100,其他聚酯，不飽和者，初級狀態,秘魯,出口總值(含復出口),59,34980
2019-4,39079100,其他聚酯，不飽和者，初級狀態,馬來西亞,出口總值(含復出口),31,17660
2019-4,39079100,其他聚酯，不飽和者，初級狀態,荷蘭,出口總值(含復出口),112,28000
2019-4,39079100,其他聚酯，不飽和者，初級狀態,斯里蘭卡,出口總值(含復出口),157,88221
2019-4,39079100,其他聚酯，不飽和者，初級狀態,菲律賓,出口總值(含復出口),757,434265
2019-4,39079100,其他聚酯，不飽和者，初級狀態,越南,出口總值(含復出口),3749,2666354
2019-4,39079100,其他聚酯，不飽和者，初級狀態,愛爾蘭,出口總值(含復出口),250,395200
2019-4,39079100,其他聚酯，不飽和者，初級狀態,新加坡,出口總值(含復出口),31,17600
2019-4,39079100,其他聚酯，不飽和者，初級狀態,義大利,出口總值(含復出口),78,38000
2019-4,39079100,其他聚酯，不飽和者，初級狀態,模里西斯,出口總值(含復出口),135,74680
2019-4,39079100,其他聚酯，不飽和者，初級狀態,黎巴嫩,出口總值(含復出口),6,3740
2019-4,39079100,其他聚酯，不飽和者，初級狀態,澳大利亞,出口總值(含復出口),248,140645
2019-4,39079920,熱塑性液晶芳香族聚酯共聚合物,中華民國,進口總值(含復進口),97,11550
2019-4,39079920,熱塑性液晶芳香族聚酯共聚合物,日本,進口總值(含復進口),3,345
2019-4,39079920,熱塑性液晶芳香族聚酯共聚合物,中國大陸,出口總值(含復出口),2145,268175
2019-4,39079920,熱塑性液晶芳香族聚酯共聚合物,日本,出口總值(含復出口),327,42000
2019-4,39079920,熱塑性液晶芳香族聚酯共聚合物,印度,出口總值(含復出口),15,3000
2019-4,39079920,熱塑性液晶芳香族聚酯共聚合物,南韓,出口總值(含復出口),969,91000
2019-4,39079920,熱塑性液晶芳香族聚酯共聚合物,香港,出口總值(含復出口),1541,191125
2019-4,39079920,熱塑性液晶芳香族聚酯共聚合物,泰國,出口總值(含復出口),39,5200
2019-4,39079920,熱塑性液晶芳香族聚酯共聚合物,馬來西亞,出口總值(含復出口),35,3550
2019-4,39079920,熱塑性液晶芳香族聚酯共聚合物,菲律賓,出口總值(含復出口),23,2700
2019-4,39079920,熱塑性液晶芳香族聚酯共聚合物,越南,出口總值(含復出口),76,9500
2019-4,39079920,熱塑性液晶芳香族聚酯共聚合物,新加坡,出口總值(含復出口),36,4300
2019-4,39094000,酚樹脂，初級狀態,中國大陸,進口總值(含復進口),754,323991
2019-4,39094000,酚樹脂，初級狀態,日本,進口總值(含復進口),1707,217869
2019-4,39094000,酚樹脂，初級狀態,加拿大,進口總值(含復進口),1,72
2019-4,39094000,酚樹脂，初級狀態,印度,進口總值(含復進口),7,4200
2019-4,39094000,酚樹脂，初級狀態,西班牙,進口總值(含復進口),20,6300
2019-4,39094000,酚樹脂，初級狀態,法國,進口總值(含復進口),72,15200
2019-4,39094000,酚樹脂，初級狀態,南韓,進口總值(含復進口),496,81240
2019-4,39094000,酚樹脂，初級狀態,美國,進口總值(含復進口),146,30191
2019-4,39094000,酚樹脂，初級狀態,泰國,進口總值(含復進口),64,27800
2019-4,39094000,酚樹脂，初級狀態,新加坡,進口總值(含復進口),43,20720
2019-4,39094000,酚樹脂，初級狀態,德國,進口總值(含復進口),216,35897
2019-4,39094000,酚樹脂，初級狀態,土耳其,出口總值(含復出口),113,128000
2019-4,39094000,酚樹脂，初級狀態,中國大陸,出口總值(含復出口),4927,3095724
2019-4,39094000,酚樹脂，初級狀態,日本,出口總值(含復出口),766,289150
2019-4,39094000,酚樹脂，初級狀態,印尼,出口總值(含復出口),9,4800
2019-4,39094000,酚樹脂，初級狀態,印度,出口總值(含復出口),28,12020
2019-4,39094000,酚樹脂，初級狀態,南非,出口總值(含復出口),38,32000
2019-4,39094000,酚樹脂，初級狀態,南韓,出口總值(含復出口),202,116280
2019-4,39094000,酚樹脂，初級狀態,約旦,出口總值(含復出口),15,5000
2019-4,39094000,酚樹脂，初級狀態,香港,出口總值(含復出口),144,90633
2019-4,39094000,酚樹脂，初級狀態,泰國,出口總值(含復出口),228,118802
2019-4,39094000,酚樹脂，初級狀態,馬來西亞,出口總值(含復出口),183,63503
2019-4,39094000,酚樹脂，初級狀態,斯洛維尼亞,出口總值(含復出口),90,80000
2019-4,39094000,酚樹脂，初級狀態,菲律賓,出口總值(含復出口),203,138100
2019-4,39094000,酚樹脂，初級狀態,越南,出口總值(含復出口),133,89755
2019-4,39094000,酚樹脂，初級狀態,新加坡,出口總值(含復出口),86,34100
2019-4,39094000,酚樹脂，初級狀態,澳大利亞,出口總值(含復出口),29,19200
2019-5,39079100,其他聚酯，不飽和者，初級狀態,中國大陸,進口總值(含復進口),438,278850
2019-5,39079100,其他聚酯，不飽和者，初級狀態,中華民國,進口總值(含復進口),37,17368
2019-5,39079100,其他聚酯，不飽和者，初級狀態,日本,進口總值(含復進口),424,66218
2019-5,39079100,其他聚酯，不飽和者，初級狀態,比利時,進口總值(含復進口),31,4800
2019-5,39079100,其他聚酯，不飽和者，初級狀態,印尼,進口總值(含復進口),207,440000
2019-5,39079100,其他聚酯，不飽和者，初級狀態,印度,進口總值(含復進口),33,19200
2019-5,39079100,其他聚酯，不飽和者，初級狀態,西班牙,進口總值(含復進口),661,364640
2019-5,39079100,其他聚酯，不飽和者，初級狀態,波蘭,進口總值(含復進口),0,6
2019-5,39079100,其他聚酯，不飽和者，初級狀態,南非,進口總值(含復進口),8,2000
2019-5,39079100,其他聚酯，不飽和者，初級狀態,南韓,進口總值(含復進口),255,46200
2019-5,39079100,其他聚酯，不飽和者，初級狀態,美國,進口總值(含復進口),16,3731
2019-5,39079100,其他聚酯，不飽和者，初級狀態,英國,進口總值(含復進口),7,2190
2019-5,39079100,其他聚酯，不飽和者，初級狀態,泰國,進口總值(含復進口),5,1000
2019-5,39079100,其他聚酯，不飽和者，初級狀態,馬來西亞,進口總值(含復進口),11,3000
2019-5,39079100,其他聚酯，不飽和者，初級狀態,新加坡,進口總值(含復進口),20,6300
2019-5,39079100,其他聚酯，不飽和者，初級狀態,義大利,進口總值(含復進口),56,17600
2019-5,39079100,其他聚酯，不飽和者，初級狀態,德國,進口總值(含復進口),25,4235
2019-5,39079100,其他聚酯，不飽和者，初級狀態,中國大陸,出口總值(含復出口),1796,911580
2019-5,39079100,其他聚酯，不飽和者，初級狀態,巴西,出口總值(含復出口),11,2000
2019-5,39079100,其他聚酯，不飽和者，初級狀態,巴林,出口總值(含復出口),0,40
2019-5,39079100,其他聚酯，不飽和者，初級狀態,巴基斯坦,出口總值(含復出口),26,17600
2019-5,39079100,其他聚酯，不飽和者，初級狀態,日本,出口總值(含復出口),2366,1440926
2019-5,39079100,其他聚酯，不飽和者，初級狀態,卡達,出口總值(含復出口),982,690360
2019-5,39079100,其他聚酯，不飽和者，初級狀態,印尼,出口總值(含復出口),80,54000
2019-5,39079100,其他聚酯，不飽和者，初級狀態,印度,出口總值(含復出口),1116,962780
2019-5,39079100,其他聚酯，不飽和者，初級狀態,西班牙,出口總值(含復出口),63,40000
2019-5,39079100,其他聚酯，不飽和者，初級狀態,宏都拉斯,出口總值(含復出口),62,40000
2019-5,39079100,其他聚酯，不飽和者，初級狀態,奈及利亞,出口總值(含復出口),106,62620
2019-5,39079100,其他聚酯，不飽和者，初級狀態,孟加拉,出口總值(含復出口),1164,675311
2019-5,39079100,其他聚酯，不飽和者，初級狀態,肯亞,出口總值(含復出口),32,17566
2019-5,39079100,其他聚酯，不飽和者，初級狀態,阿拉伯聯合大公國,出口總值(含復出口),120,83800
2019-5,39079100,其他聚酯，不飽和者，初級狀態,南非,出口總值(含復出口),161,86780
2019-5,39079100,其他聚酯，不飽和者，初級狀態,柬埔寨,出口總值(含復出口),148,93600
2019-5,39079100,其他聚酯，不飽和者，初級狀態,美國,出口總值(含復出口),97,17480
2019-5,39079100,其他聚酯，不飽和者，初級狀態,英國,出口總值(含復出口),2,19
2019-5,39079100,其他聚酯，不飽和者，初級狀態,香港,出口總值(含復出口),402,96920
2019-5,39079100,其他聚酯，不飽和者，初級狀態,埃及,出口總值(含復出口),572,386020
2019-5,39079100,其他聚酯，不飽和者，初級狀態,泰國,出口總值(含復出口),86,43840
2019-5,39079100,其他聚酯，不飽和者，初級狀態,紐西蘭,出口總值(含復出口),37,17200
2019-5,39079100,其他聚酯，不飽和者，初級狀態,馬來西亞,出口總值(含復出口),7,4320
2019-5,39079100,其他聚酯，不飽和者，初級狀態,菲律賓,出口總值(含復出口),1000,555940
2019-5,39079100,其他聚酯，不飽和者，初級狀態,越南,出口總值(含復出口),3376,2734340
2019-5,39079100,其他聚酯，不飽和者，初級狀態,愛爾蘭,出口總值(含復出口),250,400400
2019-5,39079100,其他聚酯，不飽和者，初級狀態,義大利,出口總值(含復出口),62,27000
2019-5,39079100,其他聚酯，不飽和者，初級狀態,模里西斯,出口總值(含復出口),107,60020
2019-5,39079100,其他聚酯，不飽和者，初級狀態,緬甸,出口總值(含復出口),27,17600
2019-5,39079100,其他聚酯，不飽和者，初級狀態,黎巴嫩,出口總值(含復出口),30,20680
2019-5,39079100,其他聚酯，不飽和者，初級狀態,澳大利亞,出口總值(含復出口),277,160531
2019-5,39079100,其他聚酯，不飽和者，初級狀態,澳門,出口總值(含復出口),26,8700
2019-5,39079920,熱塑性液晶芳香族聚酯共聚合物,中國大陸,進口總值(含復進口),69,10000
2019-5,39079920,熱塑性液晶芳香族聚酯共聚合物,日本,進口總值(含復進口),132,7000
2019-5,39079920,熱塑性液晶芳香族聚酯共聚合物,中國大陸,出口總值(含復出口),2274,322201
2019-5,39079920,熱塑性液晶芳香族聚酯共聚合物,日本,出口總值(含復出口),663,97150
2019-5,39079920,熱塑性液晶芳香族聚酯共聚合物,印度,出口總值(含復出口),15,3000
2019-5,39079920,熱塑性液晶芳香族聚酯共聚合物,南韓,出口總值(含復出口),440,46525
2019-5,39079920,熱塑性液晶芳香族聚酯共聚合物,香港,出口總值(含復出口),1799,227575
2019-5,39079920,熱塑性液晶芳香族聚酯共聚合物,泰國,出口總值(含復出口),56,7300
2019-5,39079920,熱塑性液晶芳香族聚酯共聚合物,馬來西亞,出口總值(含復出口),38,3600
2019-5,39079920,熱塑性液晶芳香族聚酯共聚合物,菲律賓,出口總值(含復出口),8,1000
2019-5,39079920,熱塑性液晶芳香族聚酯共聚合物,越南,出口總值(含復出口),8,1050
2019-5,39079920,熱塑性液晶芳香族聚酯共聚合物,新加坡,出口總值(含復出口),30,3500
2019-5,39094000,酚樹脂，初級狀態,中國大陸,進口總值(含復進口),664,189290
2019-5,39094000,酚樹脂，初級狀態,中華民國,進口總值(含復進口),101,28000
2019-5,39094000,酚樹脂，初級狀態,日本,進口總值(含復進口),1169,145541
2019-5,39094000,酚樹脂，初級狀態,加拿大,進口總值(含復進口),1,72
2019-5,39094000,酚樹脂，初級狀態,印度,進口總值(含復進口),8,15000
2019-5,39094000,酚樹脂，初級狀態,南韓,進口總值(含復進口),583,91860
2019-5,39094000,酚樹脂，初級狀態,美國,進口總值(含復進口),382,71792
2019-5,39094000,酚樹脂，初級狀態,英國,進口總值(含復進口),2,75
2019-5,39094000,酚樹脂，初級狀態,泰國,進口總值(含復進口),73,29820
2019-5,39094000,酚樹脂，初級狀態,新加坡,進口總值(含復進口),69,29360
2019-5,39094000,酚樹脂，初級狀態,德國,進口總值(含復進口),259,47607
2019-5,39094000,酚樹脂，初級狀態,土耳其,出口總值(含復出口),160,192000
2019-5,39094000,酚樹脂，初級狀態,中國大陸,出口總值(含復出口),6384,3798073
2019-5,39094000,酚樹脂，初級狀態,巴西,出口總值(含復出口),2,760
2019-5,39094000,酚樹脂，初級狀態,巴基斯坦,出口總值(含復出口),9,6000
2019-5,39094000,酚樹脂，初級狀態,日本,出口總值(含復出口),756,227464
2019-5,39094000,酚樹脂，初級狀態,印尼,出口總值(含復出口),65,24280
2019-5,39094000,酚樹脂，初級狀態,印度,出口總值(含復出口),38,15780
2019-5,39094000,酚樹脂，初級狀態,阿拉伯聯合大公國,出口總值(含復出口),0,18
2019-5,39094000,酚樹脂，初級狀態,南韓,出口總值(含復出口),146,76680
2019-5,39094000,酚樹脂，初級狀態,美國,出口總值(含復出口),11,1175
2019-5,39094000,酚樹脂，初級狀態,香港,出口總值(含復出口),139,92910
2019-5,39094000,酚樹脂，初級狀態,泰國,出口總值(含復出口),280,133276
2019-5,39094000,酚樹脂，初級狀態,秘魯,出口總值(含復出口),40,36000
2019-5,39094000,酚樹脂，初級狀態,馬來西亞,出口總值(含復出口),140,58251
2019-5,39094000,酚樹脂，初級狀態,菲律賓,出口總值(含復出口),182,126500
2019-5,39094000,酚樹脂，初級狀態,越南,出口總值(含復出口),115,55020
2019-5,39094000,酚樹脂，初級狀態,新加坡,出口總值(含復出口),73,50500
2019-5,39094000,酚樹脂，初級狀態,澳大利亞,出口總值(含復出口),30,19200
2019-6,39079100,其他聚酯，不飽和者，初級狀態,中國大陸,進口總值(含復進口),749,408497
2019-6,39079100,其他聚酯，不飽和者，初級狀態,中華民國,進口總值(含復進口),0,75
2019-6,39079100,其他聚酯，不飽和者，初級狀態,日本,進口總值(含復進口),282,56815
2019-6,39079100,其他聚酯，不飽和者，初級狀態,比利時,進口總值(含復進口),11,2030
2019-6,39079100,其他聚酯，不飽和者，初級狀態,西班牙,進口總值(含復進口),182,98120
2019-6,39079100,其他聚酯，不飽和者，初級狀態,法國,進口總值(含復進口),20,1200
2019-6,39079100,其他聚酯，不飽和者，初級狀態,南韓,進口總值(含復進口),302,32020
2019-6,39079100,其他聚酯，不飽和者，初級狀態,美國,進口總值(含復進口),11,199
2019-6,39079100,其他聚酯，不飽和者，初級狀態,英國,進口總值(含復進口),1,75
2019-6,39079100,其他聚酯，不飽和者，初級狀態,泰國,進口總值(含復進口),13,3420
2019-6,39079100,其他聚酯，不飽和者，初級狀態,荷蘭,進口總值(含復進口),1,7
2019-6,39079100,其他聚酯，不飽和者，初級狀態,德國,進口總值(含復進口),52,9990
2019-6,39079100,其他聚酯，不飽和者，初級狀態,澳大利亞,進口總值(含復進口),26,12738
2019-6,39079100,其他聚酯，不飽和者，初級狀態,中國大陸,出口總值(含復出口),1056,455565
2019-6,39079100,其他聚酯，不飽和者，初級狀態,巴西,出口總值(含復出口),118,102000
2019-6,39079100,其他聚酯，不飽和者，初級狀態,巴基斯坦,出口總值(含復出口),51,35200
2019-6,39079100,其他聚酯，不飽和者，初級狀態,日本,出口總值(含復出口),1852,1188232
2019-6,39079100,其他聚酯，不飽和者，初級狀態,以色列,出口總值(含復出口),38,25520
2019-6,39079100,其他聚酯，不飽和者，初級狀態,卡達,出口總值(含復出口),636,457616
2019-6,39079100,其他聚酯，不飽和者，初級狀態,立陶宛,出口總值(含復出口),38,19800
2019-6,39079100,其他聚酯，不飽和者，初級狀態,印尼,出口總值(含復出口),136,96187
2019-6,39079100,其他聚酯，不飽和者，初級狀態,印度,出口總值(含復出口),383,317460
2019-6,39079100,其他聚酯，不飽和者，初級狀態,多明尼加,出口總值(含復出口),419,238820
2019-6,39079100,其他聚酯，不飽和者，初級狀態,奈及利亞,出口總值(含復出口),276,161020
2019-6,39079100,其他聚酯，不飽和者，初級狀態,孟加拉,出口總值(含復出口),885,531855
2019-6,39079100,其他聚酯，不飽和者，初級狀態,法屬玻里尼西亞,出口總值(含復出口),0,21
2019-6,39079100,其他聚酯，不飽和者，初級狀態,阿根廷,出口總值(含復出口),114,100000
2019-6,39079100,其他聚酯，不飽和者，初級狀態,南非,出口總值(含復出口),78,35200
2019-6,39079100,其他聚酯，不飽和者，初級狀態,柬埔寨,出口總值(含復出口),81,52800
2019-6,39079100,其他聚酯，不飽和者，初級狀態,美國,出口總值(含復出口),2,275
2019-6,39079100,其他聚酯，不飽和者，初級狀態,香港,出口總值(含復出口),263,75540
2019-6,39079100,其他聚酯，不飽和者，初級狀態,哥倫比亞,出口總值(含復出口),28,17600
2019-6,39079100,其他聚酯，不飽和者，初級狀態,哥斯大黎加,出口總值(含復出口),28,17600
2019-6,39079100,其他聚酯，不飽和者，初級狀態,埃及,出口總值(含復出口),417,279156
2019-6,39079100,其他聚酯，不飽和者，初級狀態,泰國,出口總值(含復出口),92,51480
2019-6,39079100,其他聚酯，不飽和者，初級狀態,紐西蘭,出口總值(含復出口),14,6400
2019-6,39079100,其他聚酯，不飽和者，初級狀態,馬來西亞,出口總值(含復出口),24,4870
2019-6,39079100,其他聚酯，不飽和者，初級狀態,斯里蘭卡,出口總值(含復出口),94,55440
2019-6,39079100,其他聚酯，不飽和者，初級狀態,菲律賓,出口總值(含復出口),672,374735
2019-6,39079100,其他聚酯，不飽和者，初級狀態,越南,出口總值(含復出口),5340,3866150
2019-6,39079100,其他聚酯，不飽和者，初級狀態,愛爾蘭,出口總值(含復出口),372,595200
2019-6,39079100,其他聚酯，不飽和者，初級狀態,模里西斯,出口總值(含復出口),34,19160
2019-6,39079100,其他聚酯，不飽和者，初級狀態,緬甸,出口總值(含復出口),5,1770
2019-6,39079100,其他聚酯，不飽和者，初級狀態,墨西哥,出口總值(含復出口),16,14700
2019-6,39079100,其他聚酯，不飽和者，初級狀態,澳大利亞,出口總值(含復出口),402,223680
2019-6,39079920,熱塑性液晶芳香族聚酯共聚合物,中華民國,進口總值(含復進口),6,800
2019-6,39079920,熱塑性液晶芳香族聚酯共聚合物,日本,進口總值(含復進口),78,5375
2019-6,39079920,熱塑性液晶芳香族聚酯共聚合物,中國大陸,出口總值(含復出口),1976,244854
2019-6,39079920,熱塑性液晶芳香族聚酯共聚合物,日本,出口總值(含復出口),643,83700
2019-6,39079920,熱塑性液晶芳香族聚酯共聚合物,印度,出口總值(含復出口),28,5500
2019-6,39079920,熱塑性液晶芳香族聚酯共聚合物,南韓,出口總值(含復出口),888,91000
2019-6,39079920,熱塑性液晶芳香族聚酯共聚合物,香港,出口總值(含復出口),1964,246500
2019-6,39079920,熱塑性液晶芳香族聚酯共聚合物,馬來西亞,出口總值(含復出口),5,500
2019-6,39079920,熱塑性液晶芳香族聚酯共聚合物,菲律賓,出口總值(含復出口),42,3500
2019-6,39079920,熱塑性液晶芳香族聚酯共聚合物,越南,出口總值(含復出口),27,3500
2019-6,39079920,熱塑性液晶芳香族聚酯共聚合物,新加坡,出口總值(含復出口),40,4500
2019-6,39094000,酚樹脂，初級狀態,中國大陸,進口總值(含復進口),868,342220
2019-6,39094000,酚樹脂，初級狀態,日本,進口總值(含復進口),2648,229093
2019-6,39094000,酚樹脂，初級狀態,比利時,進口總值(含復進口),24,12000
2019-6,39094000,酚樹脂，初級狀態,印度,進口總值(含復進口),77,18000
2019-6,39094000,酚樹脂，初級狀態,西班牙,進口總值(含復進口),37,11140
2019-6,39094000,酚樹脂，初級狀態,南韓,進口總值(含復進口),585,127110
2019-6,39094000,酚樹脂，初級狀態,美國,進口總值(含復進口),289,77633
2019-6,39094000,酚樹脂，初級狀態,泰國,進口總值(含復進口),28,15000
2019-6,39094000,酚樹脂，初級狀態,新加坡,進口總值(含復進口),30,13840
2019-6,39094000,酚樹脂，初級狀態,德國,進口總值(含復進口),297,55672
2019-6,39094000,酚樹脂，初級狀態,土耳其,出口總值(含復出口),72,84000
2019-6,39094000,酚樹脂，初級狀態,中國大陸,出口總值(含復出口),6229,3938104
2019-6,39094000,酚樹脂，初級狀態,巴西,出口總值(含復出口),2,760
2019-6,39094000,酚樹脂，初級狀態,日本,出口總值(含復出口),1023,311006
2019-6,39094000,酚樹脂，初級狀態,印尼,出口總值(含復出口),82,34680
2019-6,39094000,酚樹脂，初級狀態,印度,出口總值(含復出口),97,43000
2019-6,39094000,酚樹脂，初級狀態,克羅埃西亞,出口總值(含復出口),34,16000
2019-6,39094000,酚樹脂，初級狀態,南非,出口總值(含復出口),21,18000
2019-6,39094000,酚樹脂，初級狀態,南韓,出口總值(含復出口),373,209640
2019-6,39094000,酚樹脂，初級狀態,約旦,出口總值(含復出口),17,6000
2019-6,39094000,酚樹脂，初級狀態,香港,出口總值(含復出口),92,62500
2019-6,39094000,酚樹脂，初級狀態,泰國,出口總值(含復出口),526,280880
2019-6,39094000,酚樹脂，初級狀態,烏克蘭,出口總值(含復出口),11,9000
2019-6,39094000,酚樹脂，初級狀態,馬來西亞,出口總值(含復出口),382,142200
2019-6,39094000,酚樹脂，初級狀態,斯洛維尼亞,出口總值(含復出口),16,16000
2019-6,39094000,酚樹脂，初級狀態,菲律賓,出口總值(含復出口),121,99640
2019-6,39094000,酚樹脂，初級狀態,越南,出口總值(含復出口),288,193850
2019-6,39094000,酚樹脂，初級狀態,新加坡,出口總值(含復出口),25,16740
2019-6,39094000,酚樹脂，初級狀態,德國,出口總值(含復出口),32,7620
2019-6,39094000,酚樹脂，初級狀態,墨西哥,出口總值(含復出口),2,760
2019-6,39094000,酚樹脂，初級狀態,澳大利亞,出口總值(含復出口),29,19200
2019-7,39079100,其他聚酯，不飽和者，初級狀態,中國大陸,進口總值(含復進口),548,291100
2019-7,39079100,其他聚酯，不飽和者，初級狀態,日本,進口總值(含復進口),808,103031
2019-7,39079100,其他聚酯，不飽和者，初級狀態,比利時,進口總值(含復進口),2,210
2019-7,39079100,其他聚酯，不飽和者，初級狀態,加拿大,進口總值(含復進口),1,38
2019-7,39079100,其他聚酯，不飽和者，初級狀態,南韓,進口總值(含復進口),383,48720
2019-7,39079100,其他聚酯，不飽和者，初級狀態,美國,進口總值(含復進口),73,15076
2019-7,39079100,其他聚酯，不飽和者，初級狀態,泰國,進口總值(含復進口),25,12000
2019-7,39079100,其他聚酯，不飽和者，初級狀態,荷蘭,進口總值(含復進口),0,1
2019-7,39079100,其他聚酯，不飽和者，初級狀態,新加坡,進口總值(含復進口),40,12635
2019-7,39079100,其他聚酯，不飽和者，初級狀態,義大利,進口總值(含復進口),42,16000
2019-7,39079100,其他聚酯，不飽和者，初級狀態,德國,進口總值(含復進口),19,3600
2019-7,39079100,其他聚酯，不飽和者，初級狀態,千里達及托巴哥,出口總值(含復出口),1,120
2019-7,39079100,其他聚酯，不飽和者，初級狀態,中國大陸,出口總值(含復出口),1335,724104
2019-7,39079100,其他聚酯，不飽和者，初級狀態,巴西,出口總值(含復出口),82,64000
2019-7,39079100,其他聚酯，不飽和者，初級狀態,巴基斯坦,出口總值(含復出口),30,20200
2019-7,39079100,其他聚酯，不飽和者，初級狀態,日本,出口總值(含復出口),2177,1513501
2019-7,39079100,其他聚酯，不飽和者，初級狀態,以色列,出口總值(含復出口),45,29920
2019-7,39079100,其他聚酯，不飽和者，初級狀態,卡達,出口總值(含復出口),630,563600
2019-7,39079100,其他聚酯，不飽和者，初級狀態,立陶宛,出口總值(含復出口),67,39800
2019-7,39079100,其他聚酯，不飽和者，初級狀態,印尼,出口總值(含復出口),134,199278
2019-7,39079100,其他聚酯，不飽和者，初級狀態,印度,出口總值(含復出口),567,484730
2019-7,39079100,其他聚酯，不飽和者，初級狀態,多明尼加,出口總值(含復出口),389,223315
2019-7,39079100,其他聚酯，不飽和者，初級狀態,宏都拉斯,出口總值(含復出口),90,60000
2019-7,39079100,其他聚酯，不飽和者，初級狀態,奈及利亞,出口總值(含復出口),147,87276
2019-7,39079100,其他聚酯，不飽和者，初級狀態,孟加拉,出口總值(含復出口),812,454705
2019-7,39079100,其他聚酯，不飽和者，初級狀態,阿拉伯聯合大公國,出口總值(含復出口),141,105600
2019-7,39079100,其他聚酯，不飽和者，初級狀態,南非,出口總值(含復出口),60,35560
2019-7,39079100,其他聚酯，不飽和者，初級狀態,南韓,出口總值(含復出口),12,7200
2019-7,39079100,其他聚酯，不飽和者，初級狀態,柬埔寨,出口總值(含復出口),118,73600
2019-7,39079100,其他聚酯，不飽和者，初級狀態,英國,出口總值(含復出口),20,5600
2019-7,39079100,其他聚酯，不飽和者，初級狀態,迦納,出口總值(含復出口),88,51920
2019-7,39079100,其他聚酯，不飽和者，初級狀態,香港,出口總值(含復出口),277,87764
2019-7,39079100,其他聚酯，不飽和者，初級狀態,哥斯大黎加,出口總值(含復出口),34,17160
2019-7,39079100,其他聚酯，不飽和者，初級狀態,埃及,出口總值(含復出口),538,371520
2019-7,39079100,其他聚酯，不飽和者，初級狀態,泰國,出口總值(含復出口),141,86460
2019-7,39079100,其他聚酯，不飽和者，初級狀態,秘魯,出口總值(含復出口),30,18000
2019-7,39079100,其他聚酯，不飽和者，初級狀態,馬來西亞,出口總值(含復出口),48,19800
2019-7,39079100,其他聚酯，不飽和者，初級狀態,馬爾地夫,出口總值(含復出口),28,17900
2019-7,39079100,其他聚酯，不飽和者，初級狀態,斯里蘭卡,出口總值(含復出口),147,86462
2019-7,39079100,其他聚酯，不飽和者，初級狀態,菲律賓,出口總值(含復出口),418,257200
2019-7,39079100,其他聚酯，不飽和者，初級狀態,越南,出口總值(含復出口),5481,4029254
2019-7,39079100,其他聚酯，不飽和者，初級狀態,愛爾蘭,出口總值(含復出口),244,398400
2019-7,39079100,其他聚酯，不飽和者，初級狀態,模里西斯,出口總值(含復出口),93,54060
2019-7,39079100,其他聚酯，不飽和者，初級狀態,墨西哥,出口總值(含復出口),4,4400
2019-7,39079100,其他聚酯，不飽和者，初級狀態,澳大利亞,出口總值(含復出口),313,167500
2019-7,39079920,熱塑性液晶芳香族聚酯共聚合物,中國大陸,進口總值(含復進口),41,6000
2019-7,39079920,熱塑性液晶芳香族聚酯共聚合物,中華民國,進口總值(含復進口),20,2100
2019-7,39079920,熱塑性液晶芳香族聚酯共聚合物,日本,進口總值(含復進口),32,1820
2019-7,39079920,熱塑性液晶芳香族聚酯共聚合物,美國,進口總值(含復進口),3,350
2019-7,39079920,熱塑性液晶芳香族聚酯共聚合物,中國大陸,出口總值(含復出口),2056,288260
2019-7,39079920,熱塑性液晶芳香族聚酯共聚合物,日本,出口總值(含復出口),492,56600
2019-7,39079920,熱塑性液晶芳香族聚酯共聚合物,印度,出口總值(含復出口),13,2500
2019-7,39079920,熱塑性液晶芳香族聚酯共聚合物,南韓,出口總值(含復出口),934,107500
2019-7,39079920,熱塑性液晶芳香族聚酯共聚合物,香港,出口總值(含復出口),1189,151250
2019-7,39079920,熱塑性液晶芳香族聚酯共聚合物,泰國,出口總值(含復出口),49,6300
2019-7,39079920,熱塑性液晶芳香族聚酯共聚合物,馬來西亞,出口總值(含復出口),20,2100
2019-7,39079920,熱塑性液晶芳香族聚酯共聚合物,菲律賓,出口總值(含復出口),444,52600
2019-7,39079920,熱塑性液晶芳香族聚酯共聚合物,越南,出口總值(含復出口),27,3525
2019-7,39079920,熱塑性液晶芳香族聚酯共聚合物,新加坡,出口總值(含復出口),76,9500
2019-7,39094000,酚樹脂，初級狀態,中國大陸,進口總值(含復進口),579,211753
2019-7,39094000,酚樹脂，初級狀態,日本,進口總值(含復進口),1757,162007
2019-7,39094000,酚樹脂，初級狀態,加拿大,進口總值(含復進口),1,72
2019-7,39094000,酚樹脂，初級狀態,南韓,進口總值(含復進口),1147,214080
2019-7,39094000,酚樹脂，初級狀態,美國,進口總值(含復進口),413,80250
2019-7,39094000,酚樹脂，初級狀態,泰國,進口總值(含復進口),111,44600
2019-7,39094000,酚樹脂，初級狀態,新加坡,進口總值(含復進口),93,36400
2019-7,39094000,酚樹脂，初級狀態,瑞士,進口總值(含復進口),14,375
2019-7,39094000,酚樹脂，初級狀態,德國,進口總值(含復進口),537,98001
2019-7,39094000,酚樹脂，初級狀態,土耳其,出口總值(含復出口),170,178000
2019-7,39094000,酚樹脂，初級狀態,中國大陸,出口總值(含復出口),5584,3282361
2019-7,39094000,酚樹脂，初級狀態,日本,出口總值(含復出口),745,236666
2019-7,39094000,酚樹脂，初級狀態,印尼,出口總值(含復出口),64,36720
2019-7,39094000,酚樹脂，初級狀態,印度,出口總值(含復出口),59,26100
2019-7,39094000,酚樹脂，初級狀態,奈及利亞,出口總值(含復出口),24,7000
2019-7,39094000,酚樹脂，初級狀態,阿拉伯聯合大公國,出口總值(含復出口),62,16000
2019-7,39094000,酚樹脂，初級狀態,南非,出口總值(含復出口),24,20000
2019-7,39094000,酚樹脂，初級狀態,南韓,出口總值(含復出口),110,67680
2019-7,39094000,酚樹脂，初級狀態,美國,出口總值(含復出口),19,1440
2019-7,39094000,酚樹脂，初級狀態,香港,出口總值(含復出口),130,95900
2019-7,39094000,酚樹脂，初級狀態,泰國,出口總值(含復出口),164,77580
2019-7,39094000,酚樹脂，初級狀態,秘魯,出口總值(含復出口),46,40000
2019-7,39094000,酚樹脂，初級狀態,馬來西亞,出口總值(含復出口),180,80167
2019-7,39094000,酚樹脂，初級狀態,菲律賓,出口總值(含復出口),49,42352
2019-7,39094000,酚樹脂，初級狀態,越南,出口總值(含復出口),194,108900
2019-7,39094000,酚樹脂，初級狀態,塞爾維亞,出口總值(含復出口),33,16000
2019-7,39094000,酚樹脂，初級狀態,新加坡,出口總值(含復出口),55,35380
2019-7,39094000,酚樹脂，初級狀態,墨西哥,出口總值(含復出口),4,3000
2019-7,39094000,酚樹脂，初級狀態,澳大利亞,出口總值(含復出口),50,35200
2019-8,39079100,其他聚酯，不飽和者，初級狀態,中國大陸,進口總值(含復進口),838,401245
2019-8,39079100,其他聚酯，不飽和者，初級狀態,中華民國,進口總值(含復進口),0,60
2019-8,39079100,其他聚酯，不飽和者，初級狀態,日本,進口總值(含復進口),697,62554
2019-8,39079100,其他聚酯，不飽和者，初級狀態,比利時,進口總值(含復進口),2,215
2019-8,39079100,其他聚酯，不飽和者，初級狀態,印度,進口總值(含復進口),17,9600
2019-8,39079100,其他聚酯，不飽和者，初級狀態,法國,進口總值(含復進口),35,2385
2019-8,39079100,其他聚酯，不飽和者，初級狀態,南韓,進口總值(含復進口),89,24000
2019-8,39079100,其他聚酯，不飽和者，初級狀態,美國,進口總值(含復進口),8,1708
2019-8,39079100,其他聚酯，不飽和者，初級狀態,英國,進口總值(含復進口),1,162
2019-8,39079100,其他聚酯，不飽和者，初級狀態,馬來西亞,進口總值(含復進口),11,3000
2019-8,39079100,其他聚酯，不飽和者，初級狀態,新加坡,進口總值(含復進口),19,5950
2019-8,39079100,其他聚酯，不飽和者，初級狀態,德國,進口總值(含復進口),58,10080
2019-8,39079100,其他聚酯，不飽和者，初級狀態,澳大利亞,進口總值(含復進口),8,2000
2019-8,39079100,其他聚酯，不飽和者，初級狀態,中國大陸,出口總值(含復出口),1046,634481
2019-8,39079100,其他聚酯，不飽和者，初級狀態,巴布亞紐幾內亞,出口總值(含復出口),21,11000
2019-8,39079100,其他聚酯，不飽和者，初級狀態,巴西,出口總值(含復出口),164,160000
2019-8,39079100,其他聚酯，不飽和者，初級狀態,巴基斯坦,出口總值(含復出口),25,17600
2019-8,39079100,其他聚酯，不飽和者，初級狀態,日本,出口總值(含復出口),1545,866870
2019-8,39079100,其他聚酯，不飽和者，初級狀態,以色列,出口總值(含復出口),7,4400
2019-8,39079100,其他聚酯，不飽和者，初級狀態,卡達,出口總值(含復出口),561,526680
2019-8,39079100,其他聚酯，不飽和者，初級狀態,印尼,出口總值(含復出口),193,239233
2019-8,39079100,其他聚酯，不飽和者，初級狀態,印度,出口總值(含復出口),800,805820
2019-8,39079100,其他聚酯，不飽和者，初級狀態,西班牙,出口總值(含復出口),60,40000
2019-8,39079100,其他聚酯，不飽和者，初級狀態,宏都拉斯,出口總值(含復出口),149,100000
2019-8,39079100,其他聚酯，不飽和者，初級狀態,奈及利亞,出口總值(含復出口),261,154576
2019-8,39079100,其他聚酯，不飽和者，初級狀態,孟加拉,出口總值(含復出口),721,436350
2019-8,39079100,其他聚酯，不飽和者，初級狀態,阿拉伯聯合大公國,出口總值(含復出口),206,158400
2019-8,39079100,其他聚酯，不飽和者，初級狀態,南非,出口總值(含復出口),246,152900
2019-8,39079100,其他聚酯，不飽和者，初級狀態,柬埔寨,出口總值(含復出口),139,91400
2019-8,39079100,其他聚酯，不飽和者，初級狀態,美國,出口總值(含復出口),139,32450
2019-8,39079100,其他聚酯，不飽和者，初級狀態,香港,出口總值(含復出口),282,108020
2019-8,39079100,其他聚酯，不飽和者，初級狀態,哥倫比亞,出口總值(含復出口),55,35200
2019-8,39079100,其他聚酯，不飽和者，初級狀態,哥斯大黎加,出口總值(含復出口),28,15840
2019-8,39079100,其他聚酯，不飽和者，初級狀態,埃及,出口總值(含復出口),475,339600
2019-8,39079100,其他聚酯，不飽和者，初級狀態,泰國,出口總值(含復出口),225,181300
2019-8,39079100,其他聚酯，不飽和者，初級狀態,紐西蘭,出口總值(含復出口),5,2000
2019-8,39079100,其他聚酯，不飽和者，初級狀態,馬來西亞,出口總值(含復出口),23,8800
2019-8,39079100,其他聚酯，不飽和者，初級狀態,斯里蘭卡,出口總值(含復出口),128,75240
2019-8,39079100,其他聚酯，不飽和者，初級狀態,斯洛維尼亞,出口總值(含復出口),72,36000
2019-8,39079100,其他聚酯，不飽和者，初級狀態,菲律賓,出口總值(含復出口),898,546640
2019-8,39079100,其他聚酯，不飽和者，初級狀態,越南,出口總值(含復出口),3396,2692906
2019-8,39079100,其他聚酯，不飽和者，初級狀態,愛爾蘭,出口總值(含復出口),366,597450
2019-8,39079100,其他聚酯，不飽和者，初級狀態,新加坡,出口總值(含復出口),58,25600
2019-8,39079100,其他聚酯，不飽和者，初級狀態,義大利,出口總值(含復出口),49,25000
2019-8,39079100,其他聚酯，不飽和者，初級狀態,模里西斯,出口總值(含復出口),30,17600
2019-8,39079100,其他聚酯，不飽和者，初級狀態,緬甸,出口總值(含復出口),26,17600
2019-8,39079100,其他聚酯，不飽和者，初級狀態,黎巴嫩,出口總值(含復出口),27,19360
2019-8,39079100,其他聚酯，不飽和者，初級狀態,墨西哥,出口總值(含復出口),20,4001
2019-8,39079100,其他聚酯，不飽和者，初級狀態,澳大利亞,出口總值(含復出口),547,285120
2019-8,39079920,熱塑性液晶芳香族聚酯共聚合物,中國大陸,進口總值(含復進口),20,1900
2019-8,39079920,熱塑性液晶芳香族聚酯共聚合物,日本,進口總值(含復進口),32,2400
2019-8,39079920,熱塑性液晶芳香族聚酯共聚合物,中國大陸,出口總值(含復出口),2327,350509
2019-8,39079920,熱塑性液晶芳香族聚酯共聚合物,日本,出口總值(含復出口),444,62250
2019-8,39079920,熱塑性液晶芳香族聚酯共聚合物,印度,出口總值(含復出口),8,1500
2019-8,39079920,熱塑性液晶芳香族聚酯共聚合物,南韓,出口總值(含復出口),1858,161200
2019-8,39079920,熱塑性液晶芳香族聚酯共聚合物,香港,出口總值(含復出口),1985,257500
2019-8,39079920,熱塑性液晶芳香族聚酯共聚合物,泰國,出口總值(含復出口),14,2000
2019-8,39079920,熱塑性液晶芳香族聚酯共聚合物,馬來西亞,出口總值(含復出口),58,6100
2019-8,39079920,熱塑性液晶芳香族聚酯共聚合物,菲律賓,出口總值(含復出口),366,43000
2019-8,39079920,熱塑性液晶芳香族聚酯共聚合物,越南,出口總值(含復出口),72,9000
2019-8,39079920,熱塑性液晶芳香族聚酯共聚合物,新加坡,出口總值(含復出口),49,6050
2019-8,39094000,酚樹脂，初級狀態,中國大陸,進口總值(含復進口),628,217560
2019-8,39094000,酚樹脂，初級狀態,中華民國,進口總值(含復進口),18,7000
2019-8,39094000,酚樹脂，初級狀態,日本,進口總值(含復進口),1761,174758
2019-8,39094000,酚樹脂，初級狀態,比利時,進口總值(含復進口),11,3750
2019-8,39094000,酚樹脂，初級狀態,加拿大,進口總值(含復進口),1,72
2019-8,39094000,酚樹脂，初級狀態,南韓,進口總值(含復進口),875,165040
2019-8,39094000,酚樹脂，初級狀態,美國,進口總值(含復進口),177,18483
2019-8,39094000,酚樹脂，初級狀態,泰國,進口總值(含復進口),45,15800
2019-8,39094000,酚樹脂，初級狀態,新加坡,進口總值(含復進口),80,31200
2019-8,39094000,酚樹脂，初級狀態,德國,進口總值(含復進口),658,139641
2019-8,39094000,酚樹脂，初級狀態,土耳其,出口總值(含復出口),164,196000
2019-8,39094000,酚樹脂，初級狀態,中國大陸,出口總值(含復出口),6559,3645929
2019-8,39094000,酚樹脂，初級狀態,巴基斯坦,出口總值(含復出口),0,40
2019-8,39094000,酚樹脂，初級狀態,日本,出口總值(含復出口),977,326943
2019-8,39094000,酚樹脂，初級狀態,印尼,出口總值(含復出口),92,42050
2019-8,39094000,酚樹脂，初級狀態,印度,出口總值(含復出口),7,3900
2019-8,39094000,酚樹脂，初級狀態,南韓,出口總值(含復出口),147,67680
2019-8,39094000,酚樹脂，初級狀態,香港,出口總值(含復出口),128,94000
2019-8,39094000,酚樹脂，初級狀態,泰國,出口總值(含復出口),186,90680
2019-8,39094000,酚樹脂，初級狀態,馬來西亞,出口總值(含復出口),228,79970
2019-8,39094000,酚樹脂，初級狀態,斯洛維尼亞,出口總值(含復出口),51,48000
2019-8,39094000,酚樹脂，初級狀態,菲律賓,出口總值(含復出口),89,66920
2019-8,39094000,酚樹脂，初級狀態,越南,出口總值(含復出口),185,103320
2019-8,39094000,酚樹脂，初級狀態,新加坡,出口總值(含復出口),30,19275
2019-8,39094000,酚樹脂，初級狀態,瑞士,出口總值(含復出口),2,225
2019-8,39094000,酚樹脂，初級狀態,澳大利亞,出口總值(含復出口),29,19200
2019-9,39079100,其他聚酯，不飽和者，初級狀態,中國大陸,進口總值(含復進口),883,469100
2019-9,39079100,其他聚酯，不飽和者，初級狀態,中華民國,進口總值(含復進口),19,8000
2019-9,39079100,其他聚酯，不飽和者，初級狀態,日本,進口總值(含復進口),227,51451
2019-9,39079100,其他聚酯，不飽和者，初級狀態,比利時,進口總值(含復進口),12,1320
2019-9,39079100,其他聚酯，不飽和者，初級狀態,印尼,進口總值(含復進口),20,8750
2019-9,39079100,其他聚酯，不飽和者，初級狀態,南韓,進口總值(含復進口),332,40042
2019-9,39079100,其他聚酯，不飽和者，初級狀態,美國,進口總值(含復進口),112,24666
2019-9,39079100,其他聚酯，不飽和者，初級狀態,英國,進口總值(含復進口),1,160
2019-9,39079100,其他聚酯，不飽和者，初級狀態,泰國,進口總值(含復進口),26,6840
2019-9,39079100,其他聚酯，不飽和者，初級狀態,新加坡,進口總值(含復進口),14,5030
2019-9,39079100,其他聚酯，不飽和者，初級狀態,瑞士,進口總值(含復進口),1,40
2019-9,39079100,其他聚酯，不飽和者，初級狀態,義大利,進口總值(含復進口),61,24000
2019-9,39079100,其他聚酯，不飽和者，初級狀態,德國,進口總值(含復進口),133,22000
2019-9,39079100,其他聚酯，不飽和者，初級狀態,千里達及托巴哥,出口總值(含復出口),0,60
2019-9,39079100,其他聚酯，不飽和者，初級狀態,中國大陸,出口總值(含復出口),1412,663876
2019-9,39079100,其他聚酯，不飽和者，初級狀態,巴西,出口總值(含復出口),2,400
2019-9,39079100,其他聚酯，不飽和者，初級狀態,巴基斯坦,出口總值(含復出口),25,17600
2019-9,39079100,其他聚酯，不飽和者，初級狀態,日本,出口總值(含復出口),2213,1471295
2019-9,39079100,其他聚酯，不飽和者，初級狀態,以色列,出口總值(含復出口),60,40480
2019-9,39079100,其他聚酯，不飽和者，初級狀態,卡達,出口總值(含復出口),476,355920
2019-9,39079100,其他聚酯，不飽和者，初級狀態,立陶宛,出口總值(含復出口),76,39600
2019-9,39079100,其他聚酯，不飽和者，初級狀態,印尼,出口總值(含復出口),64,47326
2019-9,39079100,其他聚酯，不飽和者，初級狀態,印度,出口總值(含復出口),355,288700
2019-9,39079100,其他聚酯，不飽和者，初級狀態,西班牙,出口總值(含復出口),57,40000
2019-9,39079100,其他聚酯，不飽和者，初級狀態,沙烏地阿拉伯,出口總值(含復出口),63,32000
2019-9,39079100,其他聚酯，不飽和者，初級狀態,奈及利亞,出口總值(含復出口),177,108404
2019-9,39079100,其他聚酯，不飽和者，初級狀態,孟加拉,出口總值(含復出口),597,349600
2019-9,39079100,其他聚酯，不飽和者，初級狀態,肯亞,出口總值(含復出口),30,17600
2019-9,39079100,其他聚酯，不飽和者，初級狀態,阿拉伯聯合大公國,出口總值(含復出口),100,70400
2019-9,39079100,其他聚酯，不飽和者，初級狀態,南非,出口總值(含復出口),78,35200
2019-9,39079100,其他聚酯，不飽和者，初級狀態,英國,出口總值(含復出口),22,5800
2019-9,39079100,其他聚酯，不飽和者，初級狀態,香港,出口總值(含復出口),176,44592
2019-9,39079100,其他聚酯，不飽和者，初級狀態,哥斯大黎加,出口總值(含復出口),85,51480
2019-9,39079100,其他聚酯，不飽和者，初級狀態,埃及,出口總值(含復出口),311,227920
2019-9,39079100,其他聚酯，不飽和者，初級狀態,泰國,出口總值(含復出口),349,354360
2019-9,39079100,其他聚酯，不飽和者，初級狀態,紐西蘭,出口總值(含復出口),17,8800
2019-9,39079100,其他聚酯，不飽和者，初級狀態,馬來西亞,出口總值(含復出口),4,1980
2019-9,39079100,其他聚酯，不飽和者，初級狀態,斯里蘭卡,出口總值(含復出口),120,69521
2019-9,39079100,其他聚酯，不飽和者，初級狀態,斯洛維尼亞,出口總值(含復出口),38,18000
2019-9,39079100,其他聚酯，不飽和者，初級狀態,菲律賓,出口總值(含復出口),902,579004
2019-9,39079100,其他聚酯，不飽和者，初級狀態,越南,出口總值(含復出口),2802,2358851
2019-9,39079100,其他聚酯，不飽和者，初級狀態,愛爾蘭,出口總值(含復出口),181,298800
2019-9,39079100,其他聚酯，不飽和者，初級狀態,模里西斯,出口總值(含復出口),109,64860
2019-9,39079100,其他聚酯，不飽和者，初級狀態,墨西哥,出口總值(含復出口),21,16945
2019-9,39079100,其他聚酯，不飽和者，初級狀態,澳大利亞,出口總值(含復出口),324,188330
2019-9,39079100,其他聚酯，不飽和者，初級狀態,薩爾瓦多,出口總值(含復出口),171,120000
2019-9,39079920,熱塑性液晶芳香族聚酯共聚合物,中國大陸,進口總值(含復進口),118,16001
2019-9,39079920,熱塑性液晶芳香族聚酯共聚合物,日本,進口總值(含復進口),18,1100
2019-9,39079920,熱塑性液晶芳香族聚酯共聚合物,中國大陸,出口總值(含復出口),2344,329191
2019-9,39079920,熱塑性液晶芳香族聚酯共聚合物,日本,出口總值(含復出口),205,25600
2019-9,39079920,熱塑性液晶芳香族聚酯共聚合物,印度,出口總值(含復出口),30,5500
2019-9,39079920,熱塑性液晶芳香族聚酯共聚合物,南韓,出口總值(含復出口),1745,188100
2019-9,39079920,熱塑性液晶芳香族聚酯共聚合物,香港,出口總值(含復出口),1418,175100
2019-9,39079920,熱塑性液晶芳香族聚酯共聚合物,泰國,出口總值(含復出口),93,11300
2019-9,39079920,熱塑性液晶芳香族聚酯共聚合物,馬來西亞,出口總值(含復出口),30,3200
2019-9,39079920,熱塑性液晶芳香族聚酯共聚合物,菲律賓,出口總值(含復出口),309,40000
2019-9,39079920,熱塑性液晶芳香族聚酯共聚合物,越南,出口總值(含復出口),8,1000
2019-9,39079920,熱塑性液晶芳香族聚酯共聚合物,新加坡,出口總值(含復出口),58,7200
2019-9,39094000,酚樹脂，初級狀態,中國大陸,進口總值(含復進口),1067,334493
2019-9,39094000,酚樹脂，初級狀態,日本,進口總值(含復進口),1865,192519
2019-9,39094000,酚樹脂，初級狀態,法國,進口總值(含復進口),57,12800
2019-9,39094000,酚樹脂，初級狀態,南韓,進口總值(含復進口),1148,197810
2019-9,39094000,酚樹脂，初級狀態,美國,進口總值(含復進口),304,59681
2019-9,39094000,酚樹脂，初級狀態,泰國,進口總值(含復進口),73,31800
2019-9,39094000,酚樹脂，初級狀態,新加坡,進口總值(含復進口),30,12020
2019-9,39094000,酚樹脂，初級狀態,瑞士,進口總值(含復進口),53,1400
2019-9,39094000,酚樹脂，初級狀態,德國,進口總值(含復進口),389,87452
2019-9,39094000,酚樹脂，初級狀態,土耳其,出口總值(含復出口),56,64000
2019-9,39094000,酚樹脂，初級狀態,中國大陸,出口總值(含復出口),7454,4054100
2019-9,39094000,酚樹脂，初級狀態,巴基斯坦,出口總值(含復出口),9,6000
2019-9,39094000,酚樹脂，初級狀態,日本,出口總值(含復出口),1028,324511
2019-9,39094000,酚樹脂，初級狀態,印尼,出口總值(含復出口),83,33040
2019-9,39094000,酚樹脂，初級狀態,印度,出口總值(含復出口),122,56400
2019-9,39094000,酚樹脂，初級狀態,克羅埃西亞,出口總值(含復出口),33,16000
2019-9,39094000,酚樹脂，初級狀態,南非,出口總值(含復出口),21,18000
2019-9,39094000,酚樹脂，初級狀態,南韓,出口總值(含復出口),109,61600
2019-9,39094000,酚樹脂，初級狀態,香港,出口總值(含復出口),92,69000
2019-9,39094000,酚樹脂，初級狀態,泰國,出口總值(含復出口),360,188420
2019-9,39094000,酚樹脂，初級狀態,秘魯,出口總值(含復出口),37,36000
2019-9,39094000,酚樹脂，初級狀態,馬來西亞,出口總值(含復出口),226,80089
2019-9,39094000,酚樹脂，初級狀態,斯洛維尼亞,出口總值(含復出口),16,16000
2019-9,39094000,酚樹脂，初級狀態,菲律賓,出口總值(含復出口),168,127560
2019-9,39094000,酚樹脂，初級狀態,越南,出口總值(含復出口),233,116905
2019-9,39094000,酚樹脂，初級狀態,新加坡,出口總值(含復出口),8,4100
2019-9,39094000,酚樹脂，初級狀態,瑞士,出口總值(含復出口),4,882
2019-9,39094000,酚樹脂，初級狀態,澳大利亞,出口總值(含復出口),32,20200
2019-10,39079100,其他聚酯，不飽和者，初級狀態,中國大陸,進口總值(含復進口),1090,579700
2019-10,39079100,其他聚酯，不飽和者，初級狀態,中華民國,進口總值(含復進口),13,6600
2019-10,39079100,其他聚酯，不飽和者，初級狀態,日本,進口總值(含復進口),413,90314
2019-10,39079100,其他聚酯，不飽和者，初級狀態,比利時,進口總值(含復進口),23,3000
2019-10,39079100,其他聚酯，不飽和者，初級狀態,法國,進口總值(含復進口),11,660
2019-10,39079100,其他聚酯，不飽和者，初級狀態,南韓,進口總值(含復進口),112,47420
2019-10,39079100,其他聚酯，不飽和者，初級狀態,美國,進口總值(含復進口),31,3521
2019-10,39079100,其他聚酯，不飽和者，初級狀態,英國,進口總值(含復進口),2,280
2019-10,39079100,其他聚酯，不飽和者，初級狀態,泰國,進口總值(含復進口),26,6840
2019-10,39079100,其他聚酯，不飽和者，初級狀態,荷蘭,進口總值(含復進口),1,8
2019-10,39079100,其他聚酯，不飽和者，初級狀態,新加坡,進口總值(含復進口),16,5425
2019-10,39079100,其他聚酯，不飽和者，初級狀態,德國,進口總值(含復進口),144,35600
2019-10,39079100,其他聚酯，不飽和者，初級狀態,土耳其,出口總值(含復出口),511,700000
2019-10,39079100,其他聚酯，不飽和者，初級狀態,中國大陸,出口總值(含復出口),2224,1097156
2019-10,39079100,其他聚酯，不飽和者，初級狀態,巴西,出口總值(含復出口),56,60000
2019-10,39079100,其他聚酯，不飽和者，初級狀態,巴基斯坦,出口總值(含復出口),50,35200
2019-10,39079100,其他聚酯，不飽和者，初級狀態,日本,出口總值(含復出口),1676,934980
2019-10,39079100,其他聚酯，不飽和者，初級狀態,卡達,出口總值(含復出口),492,368720
2019-10,39079100,其他聚酯，不飽和者，初級狀態,立陶宛,出口總值(含復出口),38,19800
2019-10,39079100,其他聚酯，不飽和者，初級狀態,印尼,出口總值(含復出口),101,133134
2019-10,39079100,其他聚酯，不飽和者，初級狀態,印度,出口總值(含復出口),503,443600
2019-10,39079100,其他聚酯，不飽和者，初級狀態,西班牙,出口總值(含復出口),28,20000
2019-10,39079100,其他聚酯，不飽和者，初級狀態,宏都拉斯,出口總值(含復出口),37,20000
2019-10,39079100,其他聚酯，不飽和者，初級狀態,沙烏地阿拉伯,出口總值(含復出口),30,16000
2019-10,39079100,其他聚酯，不飽和者，初級狀態,奈及利亞,出口總值(含復出口),274,159688
2019-10,39079100,其他聚酯，不飽和者，初級狀態,孟加拉,出口總值(含復出口),1193,688130
2019-10,39079100,其他聚酯，不飽和者，初級狀態,阿拉伯聯合大公國,出口總值(含復出口),9,1600
2019-10,39079100,其他聚酯，不飽和者，初級狀態,南非,出口總值(含復出口),207,115200
2019-10,39079100,其他聚酯，不飽和者，初級狀態,南韓,出口總值(含復出口),59,42000
2019-10,39079100,其他聚酯，不飽和者，初級狀態,柬埔寨,出口總值(含復出口),211,144280
2019-10,39079100,其他聚酯，不飽和者，初級狀態,美國,出口總值(含復出口),144,64570
2019-10,39079100,其他聚酯，不飽和者，初級狀態,英國,出口總值(含復出口),1,200
2019-10,39079100,其他聚酯，不飽和者，初級狀態,迦納,出口總值(含復出口),89,52800
2019-10,39079100,其他聚酯，不飽和者，初級狀態,香港,出口總值(含復出口),312,104726
2019-10,39079100,其他聚酯，不飽和者，初級狀態,哥倫比亞,出口總值(含復出口),79,52800
2019-10,39079100,其他聚酯，不飽和者，初級狀態,埃及,出口總值(含復出口),116,70400
2019-10,39079100,其他聚酯，不飽和者，初級狀態,泰國,出口總值(含復出口),112,65560
2019-10,39079100,其他聚酯，不飽和者，初級狀態,烏茲別克,出口總值(含復出口),54,35200
2019-10,39079100,其他聚酯，不飽和者，初級狀態,紐西蘭,出口總值(含復出口),12,4000
2019-10,39079100,其他聚酯，不飽和者，初級狀態,馬來西亞,出口總值(含復出口),2,1422
2019-10,39079100,其他聚酯，不飽和者，初級狀態,馬達加斯加,出口總值(含復出口),31,17600
2019-10,39079100,其他聚酯，不飽和者，初級狀態,斯里蘭卡,出口總值(含復出口),123,73040
2019-10,39079100,其他聚酯，不飽和者，初級狀態,斯洛維尼亞,出口總值(含復出口),17,7000
2019-10,39079100,其他聚酯，不飽和者，初級狀態,菲律賓,出口總值(含復出口),505,298330
2019-10,39079100,其他聚酯，不飽和者，初級狀態,越南,出口總值(含復出口),3465,2922098
2019-10,39079100,其他聚酯，不飽和者，初級狀態,愛爾蘭,出口總值(含復出口),299,497600
2019-10,39079100,其他聚酯，不飽和者，初級狀態,新加坡,出口總值(含復出口),2,718
2019-10,39079100,其他聚酯，不飽和者，初級狀態,模里西斯,出口總值(含復出口),5,2420
2019-10,39079100,其他聚酯，不飽和者，初級狀態,墨西哥,出口總值(含復出口),14,6200
2019-10,39079100,其他聚酯，不飽和者，初級狀態,澳大利亞,出口總值(含復出口),241,138570
2019-10,39079100,其他聚酯，不飽和者，初級狀態,薩爾瓦多,出口總值(含復出口),114,80000
2019-10,39079920,熱塑性液晶芳香族聚酯共聚合物,日本,進口總值(含復進口),57,3840
2019-10,39079920,熱塑性液晶芳香族聚酯共聚合物,中國大陸,出口總值(含復出口),3513,538021
2019-10,39079920,熱塑性液晶芳香族聚酯共聚合物,日本,出口總值(含復出口),403,49000
2019-10,39079920,熱塑性液晶芳香族聚酯共聚合物,印度,出口總值(含復出口),8,1500
2019-10,39079920,熱塑性液晶芳香族聚酯共聚合物,南韓,出口總值(含復出口),1517,137500
2019-10,39079920,熱塑性液晶芳香族聚酯共聚合物,香港,出口總值(含復出口),1964,246725
2019-10,39079920,熱塑性液晶芳香族聚酯共聚合物,泰國,出口總值(含復出口),8,1000
2019-10,39079920,熱塑性液晶芳香族聚酯共聚合物,馬來西亞,出口總值(含復出口),27,2250
2019-10,39079920,熱塑性液晶芳香族聚酯共聚合物,菲律賓,出口總值(含復出口),334,42000
2019-10,39079920,熱塑性液晶芳香族聚酯共聚合物,越南,出口總值(含復出口),118,15800
2019-10,39079920,熱塑性液晶芳香族聚酯共聚合物,新加坡,出口總值(含復出口),58,7700
2019-10,39094000,酚樹脂，初級狀態,中國大陸,進口總值(含復進口),491,167590
2019-10,39094000,酚樹脂，初級狀態,中華民國,進口總值(含復進口),51,46275
2019-10,39094000,酚樹脂，初級狀態,日本,進口總值(含復進口),1954,187255
2019-10,39094000,酚樹脂，初級狀態,加拿大,進口總值(含復進口),1,72
2019-10,39094000,酚樹脂，初級狀態,印度,進口總值(含復進口),57,10000
2019-10,39094000,酚樹脂，初級狀態,南韓,進口總值(含復進口),1122,217200
2019-10,39094000,酚樹脂，初級狀態,美國,進口總值(含復進口),347,36005
2019-10,39094000,酚樹脂，初級狀態,挪威,進口總值(含復進口),0,55
2019-10,39094000,酚樹脂，初級狀態,泰國,進口總值(含復進口),20,10000
2019-10,39094000,酚樹脂，初級狀態,新加坡,進口總值(含復進口),12,9600
2019-10,39094000,酚樹脂，初級狀態,瑞士,進口總值(含復進口),22,600
2019-10,39094000,酚樹脂，初級狀態,德國,進口總值(含復進口),600,142495
2019-10,39094000,酚樹脂，初級狀態,土耳其,出口總值(含復出口),110,128000
2019-10,39094000,酚樹脂，初級狀態,中國大陸,出口總值(含復出口),7921,4658866
2019-10,39094000,酚樹脂，初級狀態,巴西,出口總值(含復出口),4,1520
2019-10,39094000,酚樹脂，初級狀態,日本,出口總值(含復出口),1034,313296
2019-10,39094000,酚樹脂，初級狀態,印尼,出口總值(含復出口),21,12290
2019-10,39094000,酚樹脂，初級狀態,印度,出口總值(含復出口),119,54800
2019-10,39094000,酚樹脂，初級狀態,克羅埃西亞,出口總值(含復出口),33,16000
2019-10,39094000,酚樹脂，初級狀態,南非,出口總值(含復出口),21,18000
2019-10,39094000,酚樹脂，初級狀態,南韓,出口總值(含復出口),93,58000
2019-10,39094000,酚樹脂，初級狀態,約旦,出口總值(含復出口),17,6000
2019-10,39094000,酚樹脂，初級狀態,香港,出口總值(含復出口),109,81225
2019-10,39094000,酚樹脂，初級狀態,泰國,出口總值(含復出口),184,98560
2019-10,39094000,酚樹脂，初級狀態,馬來西亞,出口總值(含復出口),369,150484
2019-10,39094000,酚樹脂，初級狀態,斯洛維尼亞,出口總值(含復出口),74,64000
2019-10,39094000,酚樹脂，初級狀態,菲律賓,出口總值(含復出口),155,107600
2019-10,39094000,酚樹脂，初級狀態,越南,出口總值(含復出口),109,71635
2019-10,39094000,酚樹脂，初級狀態,新加坡,出口總值(含復出口),3,1250
2019-10,39094000,酚樹脂，初級狀態,澳大利亞,出口總值(含復出口),47,34200
2019-11,39079100,其他聚酯，不飽和者，初級狀態,中國大陸,進口總值(含復進口),874,497130
2019-11,39079100,其他聚酯，不飽和者，初級狀態,中華民國,進口總值(含復進口),27,15004
2019-11,39079100,其他聚酯，不飽和者，初級狀態,日本,進口總值(含復進口),304,54744
2019-11,39079100,其他聚酯，不飽和者，初級狀態,比利時,進口總值(含復進口),9,1210
2019-11,39079100,其他聚酯，不飽和者，初級狀態,加拿大,進口總值(含復進口),0,44
2019-11,39079100,其他聚酯，不飽和者，初級狀態,法國,進口總值(含復進口),1,0
2019-11,39079100,其他聚酯，不飽和者，初級狀態,南韓,進口總值(含復進口),285,28000
2019-11,39079100,其他聚酯，不飽和者，初級狀態,美國,進口總值(含復進口),510,184959
2019-11,39079100,其他聚酯，不飽和者，初級狀態,泰國,進口總值(含復進口),1,190
2019-11,39079100,其他聚酯，不飽和者，初級狀態,馬來西亞,進口總值(含復進口),11,3000
2019-11,39079100,其他聚酯，不飽和者，初級狀態,新加坡,進口總值(含復進口),9,2800
2019-11,39079100,其他聚酯，不飽和者，初級狀態,義大利,進口總值(含復進口),41,16000
2019-11,39079100,其他聚酯，不飽和者，初級狀態,德國,進口總值(含復進口),2,380
2019-11,39079100,其他聚酯，不飽和者，初級狀態,澳大利亞,進口總值(含復進口),6,2434
2019-11,39079100,其他聚酯，不飽和者，初級狀態,土耳其,出口總值(含復出口),219,300000
2019-11,39079100,其他聚酯，不飽和者，初級狀態,中國大陸,出口總值(含復出口),2718,1478785
2019-11,39079100,其他聚酯，不飽和者，初級狀態,巴西,出口總值(含復出口),138,126000
2019-11,39079100,其他聚酯，不飽和者，初級狀態,巴基斯坦,出口總值(含復出口),74,52800
2019-11,39079100,其他聚酯，不飽和者，初級狀態,日本,出口總值(含復出口),2679,1858392
2019-11,39079100,其他聚酯，不飽和者，初級狀態,以色列,出口總值(含復出口),22,15840
2019-11,39079100,其他聚酯，不飽和者，初級狀態,卡達,出口總值(含復出口),175,123120
2019-11,39079100,其他聚酯，不飽和者，初級狀態,印尼,出口總值(含復出口),80,76314
2019-11,39079100,其他聚酯，不飽和者，初級狀態,印度,出口總值(含復出口),479,389600
2019-11,39079100,其他聚酯，不飽和者，初級狀態,多明尼加,出口總值(含復出口),500,291100
2019-11,39079100,其他聚酯，不飽和者，初級狀態,奈及利亞,出口總值(含復出口),222,129948
2019-11,39079100,其他聚酯，不飽和者，初級狀態,孟加拉,出口總值(含復出口),1127,681660
2019-11,39079100,其他聚酯，不飽和者，初級狀態,阿拉伯聯合大公國,出口總值(含復出口),213,163360
2019-11,39079100,其他聚酯，不飽和者，初級狀態,南非,出口總值(含復出口),28,17600
2019-11,39079100,其他聚酯，不飽和者，初級狀態,南韓,出口總值(含復出口),28,20000
2019-11,39079100,其他聚酯，不飽和者，初級狀態,柬埔寨,出口總值(含復出口),78,53280
2019-11,39079100,其他聚酯，不飽和者，初級狀態,美國,出口總值(含復出口),42,18680
2019-11,39079100,其他聚酯，不飽和者，初級狀態,香港,出口總值(含復出口),382,125852
2019-11,39079100,其他聚酯，不飽和者，初級狀態,哥斯大黎加,出口總值(含復出口),25,15800
2019-11,39079100,其他聚酯，不飽和者，初級狀態,埃及,出口總值(含復出口),559,391460
2019-11,39079100,其他聚酯，不飽和者，初級狀態,泰國,出口總值(含復出口),385,384480
2019-11,39079100,其他聚酯，不飽和者，初級狀態,紐西蘭,出口總值(含復出口),21,11440
2019-11,39079100,其他聚酯，不飽和者，初級狀態,馬來西亞,出口總值(含復出口),23,8800
2019-11,39079100,其他聚酯，不飽和者，初級狀態,馬爾地夫,出口總值(含復出口),28,18000
2019-11,39079100,其他聚酯，不飽和者，初級狀態,荷蘭,出口總值(含復出口),10,2000
2019-11,39079100,其他聚酯，不飽和者，初級狀態,斯里蘭卡,出口總值(含復出口),87,51260
2019-11,39079100,其他聚酯，不飽和者，初級狀態,斯洛維尼亞,出口總值(含復出口),72,36000
2019-11,39079100,其他聚酯，不飽和者，初級狀態,菲律賓,出口總值(含復出口),290,176955
2019-11,39079100,其他聚酯，不飽和者，初級狀態,越南,出口總值(含復出口),3720,3122113
2019-11,39079100,其他聚酯，不飽和者，初級狀態,愛爾蘭,出口總值(含復出口),58,100800
2019-11,39079100,其他聚酯，不飽和者，初級狀態,新加坡,出口總值(含復出口),94,54800
2019-11,39079100,其他聚酯，不飽和者，初級狀態,模里西斯,出口總值(含復出口),123,73800
2019-11,39079100,其他聚酯，不飽和者，初級狀態,墨西哥,出口總值(含復出口),6,1200
2019-11,39079100,其他聚酯，不飽和者，初級狀態,澳大利亞,出口總值(含復出口),458,256105
2019-11,39079920,熱塑性液晶芳香族聚酯共聚合物,日本,進口總值(含復進口),64,5010
2019-11,39079920,熱塑性液晶芳香族聚酯共聚合物,中國大陸,出口總值(含復出口),2455,397640
2019-11,39079920,熱塑性液晶芳香族聚酯共聚合物,日本,出口總值(含復出口),515,65280
2019-11,39079920,熱塑性液晶芳香族聚酯共聚合物,印度,出口總值(含復出口),8,1500
2019-11,39079920,熱塑性液晶芳香族聚酯共聚合物,法國,出口總值(含復出口),4,1000
2019-11,39079920,熱塑性液晶芳香族聚酯共聚合物,南韓,出口總值(含復出口),1286,110500
2019-11,39079920,熱塑性液晶芳香族聚酯共聚合物,香港,出口總值(含復出口),1821,241500
2019-11,39079920,熱塑性液晶芳香族聚酯共聚合物,泰國,出口總值(含復出口),29,3000
2019-11,39079920,熱塑性液晶芳香族聚酯共聚合物,馬來西亞,出口總值(含復出口),57,6000
2019-11,39079920,熱塑性液晶芳香族聚酯共聚合物,菲律賓,出口總值(含復出口),785,99000
2019-11,39079920,熱塑性液晶芳香族聚酯共聚合物,越南,出口總值(含復出口),41,5500
2019-11,39079920,熱塑性液晶芳香族聚酯共聚合物,新加坡,出口總值(含復出口),16,2100
2019-11,39094000,酚樹脂，初級狀態,中國大陸,進口總值(含復進口),445,158900
2019-11,39094000,酚樹脂，初級狀態,日本,進口總值(含復進口),2568,213246
2019-11,39094000,酚樹脂，初級狀態,加拿大,進口總值(含復進口),1,72
2019-11,39094000,酚樹脂，初級狀態,印度,進口總值(含復進口),13,18100
2019-11,39094000,酚樹脂，初級狀態,法國,進口總值(含復進口),13,2400
2019-11,39094000,酚樹脂，初級狀態,南韓,進口總值(含復進口),482,75831
2019-11,39094000,酚樹脂，初級狀態,美國,進口總值(含復進口),542,123387
2019-11,39094000,酚樹脂，初級狀態,英國,進口總值(含復進口),2,50
2019-11,39094000,酚樹脂，初級狀態,泰國,進口總值(含復進口),44,15800
2019-11,39094000,酚樹脂，初級狀態,新加坡,進口總值(含復進口),87,45280
2019-11,39094000,酚樹脂，初級狀態,德國,進口總值(含復進口),587,148662
2019-11,39094000,酚樹脂，初級狀態,土耳其,出口總值(含復出口),135,160000
2019-11,39094000,酚樹脂，初級狀態,中國大陸,出口總值(含復出口),7704,4386424
2019-11,39094000,酚樹脂，初級狀態,日本,出口總值(含復出口),817,310898
2019-11,39094000,酚樹脂，初級狀態,印尼,出口總值(含復出口),76,43480
2019-11,39094000,酚樹脂，初級狀態,印度,出口總值(含復出口),61,27900
2019-11,39094000,酚樹脂，初級狀態,孟加拉,出口總值(含復出口),5,960
2019-11,39094000,酚樹脂，初級狀態,南韓,出口總值(含復出口),172,90437
2019-11,39094000,酚樹脂，初級狀態,美國,出口總值(含復出口),2,178
2019-11,39094000,酚樹脂，初級狀態,香港,出口總值(含復出口),27,19600
2019-11,39094000,酚樹脂，初級狀態,泰國,出口總值(含復出口),320,150336
2019-11,39094000,酚樹脂，初級狀態,馬來西亞,出口總值(含復出口),171,65020
2019-11,39094000,酚樹脂，初級狀態,菲律賓,出口總值(含復出口),147,108920
2019-11,39094000,酚樹脂，初級狀態,越南,出口總值(含復出口),270,125540
2019-11,39094000,酚樹脂，初級狀態,新加坡,出口總值(含復出口),15,7620
2019-11,39094000,酚樹脂，初級狀態,墨西哥,出口總值(含復出口),2,760
2019-12,39079100,其他聚酯，不飽和者，初級狀態,中國大陸,進口總值(含復進口),1117,625270
2019-12,39079100,其他聚酯，不飽和者，初級狀態,中華民國,進口總值(含復進口),19,10400
2019-12,39079100,其他聚酯，不飽和者，初級狀態,日本,進口總值(含復進口),314,70927
2019-12,39079100,其他聚酯，不飽和者，初級狀態,加拿大,進口總值(含復進口),2,76
2019-12,39079100,其他聚酯，不飽和者，初級狀態,印度,進口總值(含復進口),33,19200
2019-12,39079100,其他聚酯，不飽和者，初級狀態,南韓,進口總值(含復進口),97,33168
2019-12,39079100,其他聚酯，不飽和者，初級狀態,美國,進口總值(含復進口),623,219762
2019-12,39079100,其他聚酯，不飽和者，初級狀態,泰國,進口總值(含復進口),38,10070
2019-12,39079100,其他聚酯，不飽和者，初級狀態,新加坡,進口總值(含復進口),20,7000
2019-12,39079100,其他聚酯，不飽和者，初級狀態,義大利,進口總值(含復進口),11,1200
2019-12,39079100,其他聚酯，不飽和者，初級狀態,德國,進口總值(含復進口),7,1000
2019-12,39079100,其他聚酯，不飽和者，初級狀態,中國大陸,出口總值(含復出口),1251,696109
2019-12,39079100,其他聚酯，不飽和者，初級狀態,巴西,出口總值(含復出口),75,80000
2019-12,39079100,其他聚酯，不飽和者，初級狀態,巴基斯坦,出口總值(含復出口),32,21600
2019-12,39079100,其他聚酯，不飽和者，初級狀態,日本,出口總值(含復出口),1539,1030421
2019-12,39079100,其他聚酯，不飽和者，初級狀態,以色列,出口總值(含復出口),69,46640
2019-12,39079100,其他聚酯，不飽和者，初級狀態,卡達,出口總值(含復出口),496,386240
2019-12,39079100,其他聚酯，不飽和者，初級狀態,立陶宛,出口總值(含復出口),76,39600
2019-12,39079100,其他聚酯，不飽和者，初級狀態,印尼,出口總值(含復出口),88,85971
2019-12,39079100,其他聚酯，不飽和者，初級狀態,印度,出口總值(含復出口),665,670100
2019-12,39079100,其他聚酯，不飽和者，初級狀態,宏都拉斯,出口總值(含復出口),150,100000
2019-12,39079100,其他聚酯，不飽和者，初級狀態,奈及利亞,出口總值(含復出口),198,120372
2019-12,39079100,其他聚酯，不飽和者，初級狀態,孟加拉,出口總值(含復出口),987,557520
2019-12,39079100,其他聚酯，不飽和者，初級狀態,阿根廷,出口總值(含復出口),9,1600
2019-12,39079100,其他聚酯，不飽和者，初級狀態,南非,出口總值(含復出口),55,33880
2019-12,39079100,其他聚酯，不飽和者，初級狀態,柬埔寨,出口總值(含復出口),146,105600
2019-12,39079100,其他聚酯，不飽和者，初級狀態,美國,出口總值(含復出口),119,35180
2019-12,39079100,其他聚酯，不飽和者，初級狀態,英國,出口總值(含復出口),1,200
2019-12,39079100,其他聚酯，不飽和者，初級狀態,香港,出口總值(含復出口),242,73445
2019-12,39079100,其他聚酯，不飽和者，初級狀態,哥倫比亞,出口總值(含復出口),81,52800
2019-12,39079100,其他聚酯，不飽和者，初級狀態,埃及,出口總值(含復出口),638,448400
2019-12,39079100,其他聚酯，不飽和者，初級狀態,泰國,出口總值(含復出口),32,20365
2019-12,39079100,其他聚酯，不飽和者，初級狀態,秘魯,出口總值(含復出口),39,44000
2019-12,39079100,其他聚酯，不飽和者，初級狀態,紐西蘭,出口總值(含復出口),26,12280
2019-12,39079100,其他聚酯，不飽和者，初級狀態,馬來西亞,出口總值(含復出口),10,3740
2019-12,39079100,其他聚酯，不飽和者，初級狀態,斯里蘭卡,出口總值(含復出口),120,69740
2019-12,39079100,其他聚酯，不飽和者，初級狀態,斯洛維尼亞,出口總值(含復出口),38,18000
2019-12,39079100,其他聚酯，不飽和者，初級狀態,菲律賓,出口總值(含復出口),333,190754
2019-12,39079100,其他聚酯，不飽和者，初級狀態,越南,出口總值(含復出口),5275,4502053
2019-12,39079100,其他聚酯，不飽和者，初級狀態,愛爾蘭,出口總值(含復出口),299,494250
2019-12,39079100,其他聚酯，不飽和者，初級狀態,新加坡,出口總值(含復出口),29,17600
2019-12,39079100,其他聚酯，不飽和者，初級狀態,義大利,出口總值(含復出口),34,20000
2019-12,39079100,其他聚酯，不飽和者，初級狀態,緬甸,出口總值(含復出口),2,880
2019-12,39079100,其他聚酯，不飽和者，初級狀態,墨西哥,出口總值(含復出口),16,19800
2019-12,39079100,其他聚酯，不飽和者，初級狀態,澳大利亞,出口總值(含復出口),232,118780
2019-12,39079100,其他聚酯，不飽和者，初級狀態,澳門,出口總值(含復出口),27,9612
2019-12,39079920,熱塑性液晶芳香族聚酯共聚合物,中國大陸,進口總值(含復進口),10,11580
2019-12,39079920,熱塑性液晶芳香族聚酯共聚合物,日本,進口總值(含復進口),98,6975
2019-12,39079920,熱塑性液晶芳香族聚酯共聚合物,中國大陸,出口總值(含復出口),3031,451894
2019-12,39079920,熱塑性液晶芳香族聚酯共聚合物,日本,出口總值(含復出口),412,55300
2019-12,39079920,熱塑性液晶芳香族聚酯共聚合物,印度,出口總值(含復出口),21,4000
2019-12,39079920,熱塑性液晶芳香族聚酯共聚合物,南韓,出口總值(含復出口),931,98600
2019-12,39079920,熱塑性液晶芳香族聚酯共聚合物,香港,出口總值(含復出口),2209,272450
2019-12,39079920,熱塑性液晶芳香族聚酯共聚合物,泰國,出口總值(含復出口),62,8000
2019-12,39079920,熱塑性液晶芳香族聚酯共聚合物,馬來西亞,出口總值(含復出口),93,11250
2019-12,39079920,熱塑性液晶芳香族聚酯共聚合物,菲律賓,出口總值(含復出口),19,2500
2019-12,39079920,熱塑性液晶芳香族聚酯共聚合物,越南,出口總值(含復出口),61,8300
2019-12,39079920,熱塑性液晶芳香族聚酯共聚合物,新加坡,出口總值(含復出口),14,1725
2019-12,39094000,酚樹脂，初級狀態,中國大陸,進口總值(含復進口),794,291643
2019-12,39094000,酚樹脂，初級狀態,日本,進口總值(含復進口),1675,149362
2019-12,39094000,酚樹脂，初級狀態,加拿大,進口總值(含復進口),22,5515
2019-12,39094000,酚樹脂，初級狀態,南韓,進口總值(含復進口),866,164980
2019-12,39094000,酚樹脂，初級狀態,美國,進口總值(含復進口),402,64627
2019-12,39094000,酚樹脂，初級狀態,泰國,進口總值(含復進口),26,14980
2019-12,39094000,酚樹脂，初級狀態,新加坡,進口總值(含復進口),62,20800
2019-12,39094000,酚樹脂，初級狀態,瑞士,進口總值(含復進口),46,1275
2019-12,39094000,酚樹脂，初級狀態,德國,進口總值(含復進口),302,60480
2019-12,39094000,酚樹脂，初級狀態,土耳其,出口總值(含復出口),222,258000
2019-12,39094000,酚樹脂，初級狀態,中國大陸,出口總值(含復出口),8716,4625578
2019-12,39094000,酚樹脂，初級狀態,日本,出口總值(含復出口),726,225686
2019-12,39094000,酚樹脂，初級狀態,加拿大,出口總值(含復出口),3,1000
2019-12,39094000,酚樹脂，初級狀態,印尼,出口總值(含復出口),89,36080
2019-12,39094000,酚樹脂，初級狀態,印度,出口總值(含復出口),76,32100
2019-12,39094000,酚樹脂，初級狀態,克羅埃西亞,出口總值(含復出口),33,16000
2019-12,39094000,酚樹脂，初級狀態,奈及利亞,出口總值(含復出口),20,6700
2019-12,39094000,酚樹脂，初級狀態,阿拉伯聯合大公國,出口總值(含復出口),59,16000
2019-12,39094000,酚樹脂，初級狀態,南韓,出口總值(含復出口),208,115360
2019-12,39094000,酚樹脂，初級狀態,美國,出口總值(含復出口),49,5415
2019-12,39094000,酚樹脂，初級狀態,香港,出口總值(含復出口),100,73500
2019-12,39094000,酚樹脂，初級狀態,泰國,出口總值(含復出口),215,116580
2019-12,39094000,酚樹脂，初級狀態,馬來西亞,出口總值(含復出口),363,99206
2019-12,39094000,酚樹脂，初級狀態,荷蘭,出口總值(含復出口),2,1600
2019-12,39094000,酚樹脂，初級狀態,斯洛維尼亞,出口總值(含復出口),50,48000
2019-12,39094000,酚樹脂，初級狀態,菲律賓,出口總值(含復出口),137,92020
2019-12,39094000,酚樹脂，初級狀態,越南,出口總值(含復出口),162,97485
2019-12,39094000,酚樹脂，初級狀態,新加坡,出口總值(含復出口),62,40770
2019-12,39094000,酚樹脂，初級狀態,墨西哥,出口總值(含復出口),4,3000
2019-1,39095000,聚胺基甲酸乙酯，初級狀態,中國大陸,進口總值(含復進口),5637,1567945
2019-1,39095000,聚胺基甲酸乙酯，初級狀態,巴西,進口總值(含復進口),10,3000
2019-1,39095000,聚胺基甲酸乙酯，初級狀態,日本,進口總值(含復進口),1326,139039
2019-1,39095000,聚胺基甲酸乙酯，初級狀態,比利時,進口總值(含復進口),0,17
2019-1,39095000,聚胺基甲酸乙酯，初級狀態,加拿大,進口總值(含復進口),22,720
2019-1,39095000,聚胺基甲酸乙酯，初級狀態,印尼,進口總值(含復進口),5,700
2019-1,39095000,聚胺基甲酸乙酯，初級狀態,印度,進口總值(含復進口),38,6720
2019-1,39095000,聚胺基甲酸乙酯，初級狀態,西班牙,進口總值(含復進口),100,15840
2019-1,39095000,聚胺基甲酸乙酯，初級狀態,法國,進口總值(含復進口),213,16027
2019-1,39095000,聚胺基甲酸乙酯，初級狀態,南韓,進口總值(含復進口),268,115738
2019-1,39095000,聚胺基甲酸乙酯，初級狀態,美國,進口總值(含復進口),1431,171423
2019-1,39095000,聚胺基甲酸乙酯，初級狀態,英國,進口總值(含復進口),55,15680
2019-1,39095000,聚胺基甲酸乙酯，初級狀態,荷蘭,進口總值(含復進口),7,1320
2019-1,39095000,聚胺基甲酸乙酯，初級狀態,奧地利,進口總值(含復進口),3,9
2019-1,39095000,聚胺基甲酸乙酯，初級狀態,新加坡,進口總值(含復進口),83,27000
2019-1,39095000,聚胺基甲酸乙酯，初級狀態,瑞士,進口總值(含復進口),14,2400
2019-1,39095000,聚胺基甲酸乙酯，初級狀態,義大利,進口總值(含復進口),122,35580
2019-1,39095000,聚胺基甲酸乙酯，初級狀態,德國,進口總值(含復進口),1486,254379
2019-1,39095000,聚胺基甲酸乙酯，初級狀態,墨西哥,進口總值(含復進口),12,1632
2019-1,39095000,聚胺基甲酸乙酯，初級狀態,土耳其,出口總值(含復出口),100,40000
2019-1,39095000,聚胺基甲酸乙酯，初級狀態,中國大陸,出口總值(含復出口),9564,2977613
2019-1,39095000,聚胺基甲酸乙酯，初級狀態,巴西,出口總值(含復出口),445,139800
2019-1,39095000,聚胺基甲酸乙酯，初級狀態,日本,出口總值(含復出口),322,73088
2019-1,39095000,聚胺基甲酸乙酯，初級狀態,比利時,出口總值(含復出口),87,30200
2019-1,39095000,聚胺基甲酸乙酯，初級狀態,加拿大,出口總值(含復出口),22,13450
2019-1,39095000,聚胺基甲酸乙酯，初級狀態,印尼,出口總值(含復出口),1715,492359
2019-1,39095000,聚胺基甲酸乙酯，初級狀態,印度,出口總值(含復出口),795,269926
2019-1,39095000,聚胺基甲酸乙酯，初級狀態,西班牙,出口總值(含復出口),212,75000
2019-1,39095000,聚胺基甲酸乙酯，初級狀態,沙烏地阿拉伯,出口總值(含復出口),47,10440
2019-1,39095000,聚胺基甲酸乙酯，初級狀態,孟加拉,出口總值(含復出口),29,6050
2019-1,39095000,聚胺基甲酸乙酯，初級狀態,帛琉,出口總值(含復出口),0,778
2019-1,39095000,聚胺基甲酸乙酯，初級狀態,阿拉伯聯合大公國,出口總值(含復出口),15,3655
2019-1,39095000,聚胺基甲酸乙酯，初級狀態,阿根廷,出口總值(含復出口),57,17000
2019-1,39095000,聚胺基甲酸乙酯，初級狀態,南韓,出口總值(含復出口),785,190290
2019-1,39095000,聚胺基甲酸乙酯，初級狀態,柬埔寨,出口總值(含復出口),89,22000
2019-1,39095000,聚胺基甲酸乙酯，初級狀態,約旦,出口總值(含復出口),47,17000
2019-1,39095000,聚胺基甲酸乙酯，初級狀態,美國,出口總值(含復出口),299,63455
2019-1,39095000,聚胺基甲酸乙酯，初級狀態,英國,出口總值(含復出口),31,999
2019-1,39095000,聚胺基甲酸乙酯，初級狀態,香港,出口總值(含復出口),854,382810
2019-1,39095000,聚胺基甲酸乙酯，初級狀態,哥倫比亞,出口總值(含復出口),77,23000
2019-1,39095000,聚胺基甲酸乙酯，初級狀態,泰國,出口總值(含復出口),1056,378363
2019-1,39095000,聚胺基甲酸乙酯，初級狀態,烏拉圭,出口總值(含復出口),3,1000
2019-1,39095000,聚胺基甲酸乙酯，初級狀態,紐西蘭,出口總值(含復出口),17,900
2019-1,39095000,聚胺基甲酸乙酯，初級狀態,馬來西亞,出口總值(含復出口),362,121264
2019-1,39095000,聚胺基甲酸乙酯，初級狀態,荷蘭,出口總值(含復出口),685,119200
2019-1,39095000,聚胺基甲酸乙酯，初級狀態,斯里蘭卡,出口總值(含復出口),11,2600
2019-1,39095000,聚胺基甲酸乙酯，初級狀態,智利,出口總值(含復出口),13,3000
2019-1,39095000,聚胺基甲酸乙酯，初級狀態,菲律賓,出口總值(含復出口),114,31213
2019-1,39095000,聚胺基甲酸乙酯，初級狀態,越南,出口總值(含復出口),9008,2285377
2019-1,39095000,聚胺基甲酸乙酯，初級狀態,新加坡,出口總值(含復出口),106,27000
2019-1,39095000,聚胺基甲酸乙酯，初級狀態,瑞典,出口總值(含復出口),32,9000
2019-1,39095000,聚胺基甲酸乙酯，初級狀態,義大利,出口總值(含復出口),180,65000
2019-1,39095000,聚胺基甲酸乙酯，初級狀態,德國,出口總值(含復出口),31,5180
2019-1,39095000,聚胺基甲酸乙酯，初級狀態,緬甸,出口總值(含復出口),28,10800
2019-1,39095000,聚胺基甲酸乙酯，初級狀態,墨西哥,出口總值(含復出口),166,54500
2019-1,39095000,聚胺基甲酸乙酯，初級狀態,蘇丹,出口總值(含復出口),19,7200
2019-1,39100010,矽油,中國大陸,進口總值(含復進口),1211,436755
2019-1,39100010,矽油,日本,進口總值(含復進口),757,124943
2019-1,39100010,矽油,法國,進口總值(含復進口),6,725
2019-1,39100010,矽油,南韓,進口總值(含復進口),99,2852
2019-1,39100010,矽油,美國,進口總值(含復進口),929,45834
2019-1,39100010,矽油,英國,進口總值(含復進口),206,47601
2019-1,39100010,矽油,泰國,進口總值(含復進口),136,36340
2019-1,39100010,矽油,荷蘭,進口總值(含復進口),0,4
2019-1,39100010,矽油,德國,進口總值(含復進口),61,6630
2019-1,39100010,矽油,中國大陸,出口總值(含復出口),1008,82797
2019-1,39100010,矽油,印尼,出口總值(含復出口),11,840
2019-1,39100010,矽油,孟加拉,出口總值(含復出口),7,1488
2019-1,39100010,矽油,香港,出口總值(含復出口),30,6590
2019-1,39100010,矽油,馬來西亞,出口總值(含復出口),28,2400
2019-1,39100010,矽油,菲律賓,出口總值(含復出口),8,800
2019-1,39100010,矽油,越南,出口總值(含復出口),37,2999
2019-1,39100010,矽油,新加坡,出口總值(含復出口),2,200
2019-1,39111010,石油樹脂,中國大陸,進口總值(含復進口),2916,1774494
2019-1,39111010,石油樹脂,日本,進口總值(含復進口),577,206230
2019-1,39111010,石油樹脂,印尼,進口總值(含復進口),92,54000
2019-1,39111010,石油樹脂,法國,進口總值(含復進口),154,56250
2019-1,39111010,石油樹脂,南韓,進口總值(含復進口),180,66200
2019-1,39111010,石油樹脂,美國,進口總值(含復進口),330,99171
2019-1,39111010,石油樹脂,泰國,進口總值(含復進口),615,294500
2019-1,39111010,石油樹脂,荷蘭,進口總值(含復進口),151,50180
2019-1,39111010,石油樹脂,新加坡,進口總值(含復進口),284,155175
2019-1,39111010,石油樹脂,土耳其,出口總值(含復出口),315,254000
2019-1,39111010,石油樹脂,中國大陸,出口總值(含復出口),2229,1073060
2019-1,39111010,石油樹脂,巴西,出口總值(含復出口),124,85000
2019-1,39111010,石油樹脂,巴基斯坦,出口總值(含復出口),3,2000
2019-1,39111010,石油樹脂,日本,出口總值(含復出口),835,494100
2019-1,39111010,石油樹脂,加拿大,出口總值(含復出口),143,104000
2019-1,39111010,石油樹脂,印尼,出口總值(含復出口),584,334250
2019-1,39111010,石油樹脂,印度,出口總值(含復出口),393,406660
2019-1,39111010,石油樹脂,西班牙,出口總值(含復出口),418,286000
2019-1,39111010,石油樹脂,沙烏地阿拉伯,出口總值(含復出口),45,32000
2019-1,39111010,石油樹脂,孟加拉,出口總值(含復出口),50,50000
2019-1,39111010,石油樹脂,波蘭,出口總值(含復出口),395,200750
2019-1,39111010,石油樹脂,法國,出口總值(含復出口),21,16000
2019-1,39111010,石油樹脂,阿根廷,出口總值(含復出口),23,14000
2019-1,39111010,石油樹脂,俄羅斯,出口總值(含復出口),20,16000
2019-1,39111010,石油樹脂,南非,出口總值(含復出口),52,51000
2019-1,39111010,石油樹脂,南韓,出口總值(含復出口),294,229000
2019-1,39111010,石油樹脂,科威特,出口總值(含復出口),21,16000
2019-1,39111010,石油樹脂,美國,出口總值(含復出口),708,500800
2019-1,39111010,石油樹脂,英國,出口總值(含復出口),115,91000
2019-1,39111010,石油樹脂,香港,出口總值(含復出口),9,2800
2019-1,39111010,石油樹脂,泰國,出口總值(含復出口),545,394000
2019-1,39111010,石油樹脂,馬來西亞,出口總值(含復出口),356,241000
2019-1,39111010,石油樹脂,荷蘭,出口總值(含復出口),315,325000
2019-1,39111010,石油樹脂,斯里蘭卡,出口總值(含復出口),10,6000
2019-1,39111010,石油樹脂,越南,出口總值(含復出口),545,287990
2019-1,39111010,石油樹脂,新加坡,出口總值(含復出口),13,10000
2019-1,39111010,石油樹脂,瑞典,出口總值(含復出口),97,100000
2019-1,39111010,石油樹脂,德國,出口總值(含復出口),31,25000
2019-1,39111010,石油樹脂,緬甸,出口總值(含復出口),20,19500
2019-1,39111010,石油樹脂,澳大利亞,出口總值(含復出口),157,107375
2019-1,39219010,玻璃纖維強化塑膠板、片及扁條,中國大陸,進口總值(含復進口),688,120720
2019-1,39219010,玻璃纖維強化塑膠板、片及扁條,中華民國,進口總值(含復進口),1,218
2019-1,39219010,玻璃纖維強化塑膠板、片及扁條,日本,進口總值(含復進口),1106,36266
2019-1,39219010,玻璃纖維強化塑膠板、片及扁條,比利時,進口總值(含復進口),7,612
2019-1,39219010,玻璃纖維強化塑膠板、片及扁條,法國,進口總值(含復進口),4,9
2019-1,39219010,玻璃纖維強化塑膠板、片及扁條,南韓,進口總值(含復進口),636,30185
2019-1,39219010,玻璃纖維強化塑膠板、片及扁條,美國,進口總值(含復進口),143,5185
2019-1,39219010,玻璃纖維強化塑膠板、片及扁條,英國,進口總值(含復進口),0,5
2019-1,39219010,玻璃纖維強化塑膠板、片及扁條,香港,進口總值(含復進口),42,226
2019-1,39219010,玻璃纖維強化塑膠板、片及扁條,泰國,進口總值(含復進口),90,11630
2019-1,39219010,玻璃纖維強化塑膠板、片及扁條,奧地利,進口總值(含復進口),10,344
2019-1,39219010,玻璃纖維強化塑膠板、片及扁條,德國,進口總值(含復進口),15,115
2019-1,39219010,玻璃纖維強化塑膠板、片及扁條,墨西哥,進口總值(含復進口),17,932
2019-1,39219010,玻璃纖維強化塑膠板、片及扁條,中國大陸,出口總值(含復出口),481,12633
2019-1,39219010,玻璃纖維強化塑膠板、片及扁條,日本,出口總值(含復出口),193,27626
2019-1,39219010,玻璃纖維強化塑膠板、片及扁條,印度,出口總值(含復出口),32,3465
2019-1,39219010,玻璃纖維強化塑膠板、片及扁條,帛琉,出口總值(含復出口),30,9987
2019-1,39219010,玻璃纖維強化塑膠板、片及扁條,法國,出口總值(含復出口),2,60
2019-1,39219010,玻璃纖維強化塑膠板、片及扁條,南韓,出口總值(含復出口),407,63743
2019-1,39219010,玻璃纖維強化塑膠板、片及扁條,美國,出口總值(含復出口),84,20626
2019-1,39219010,玻璃纖維強化塑膠板、片及扁條,香港,出口總值(含復出口),3,650
2019-1,39219010,玻璃纖維強化塑膠板、片及扁條,泰國,出口總值(含復出口),983,174754
2019-1,39219010,玻璃纖維強化塑膠板、片及扁條,馬來西亞,出口總值(含復出口),94,18916
2019-1,39219010,玻璃纖維強化塑膠板、片及扁條,菲律賓,出口總值(含復出口),2,5100
2019-1,39219010,玻璃纖維強化塑膠板、片及扁條,越南,出口總值(含復出口),237,29529
2019-1,39219010,玻璃纖維強化塑膠板、片及扁條,新加坡,出口總值(含復出口),13,2276
2019-1,39219010,玻璃纖維強化塑膠板、片及扁條,義大利,出口總值(含復出口),80,14270
2019-1,39219010,玻璃纖維強化塑膠板、片及扁條,德國,出口總值(含復出口),299,29755
2019-1,39219010,玻璃纖維強化塑膠板、片及扁條,墨西哥,出口總值(含復出口),6,1568
2019-2,39095000,聚胺基甲酸乙酯，初級狀態,中國大陸,進口總值(含復進口),2125,655039
2019-2,39095000,聚胺基甲酸乙酯，初級狀態,中華民國,進口總值(含復進口),83,24000
2019-2,39095000,聚胺基甲酸乙酯，初級狀態,日本,進口總值(含復進口),1289,143271
2019-2,39095000,聚胺基甲酸乙酯，初級狀態,比利時,進口總值(含復進口),26,4025
2019-2,39095000,聚胺基甲酸乙酯，初級狀態,印度,進口總值(含復進口),85,22400
2019-2,39095000,聚胺基甲酸乙酯，初級狀態,西班牙,進口總值(含復進口),171,19500
2019-2,39095000,聚胺基甲酸乙酯，初級狀態,法國,進口總值(含復進口),180,13200
2019-2,39095000,聚胺基甲酸乙酯，初級狀態,南韓,進口總值(含復進口),93,35256
2019-2,39095000,聚胺基甲酸乙酯，初級狀態,美國,進口總值(含復進口),737,130635
2019-2,39095000,聚胺基甲酸乙酯，初級狀態,英國,進口總值(含復進口),98,19449
2019-2,39095000,聚胺基甲酸乙酯，初級狀態,荷蘭,進口總值(含復進口),2,330
2019-2,39095000,聚胺基甲酸乙酯，初級狀態,新加坡,進口總值(含復進口),10,2000
2019-2,39095000,聚胺基甲酸乙酯，初級狀態,義大利,進口總值(含復進口),85,22276
2019-2,39095000,聚胺基甲酸乙酯，初級狀態,德國,進口總值(含復進口),949,124880
2019-2,39095000,聚胺基甲酸乙酯，初級狀態,墨西哥,進口總值(含復進口),24,3200
2019-2,39095000,聚胺基甲酸乙酯，初級狀態,澳大利亞,進口總值(含復進口),24,3840
2019-2,39095000,聚胺基甲酸乙酯，初級狀態,土耳其,出口總值(含復出口),32,14420
2019-2,39095000,聚胺基甲酸乙酯，初級狀態,中國大陸,出口總值(含復出口),7456,2182524
2019-2,39095000,聚胺基甲酸乙酯，初級狀態,巴西,出口總值(含復出口),364,119000
2019-2,39095000,聚胺基甲酸乙酯，初級狀態,巴基斯坦,出口總值(含復出口),10,2000
2019-2,39095000,聚胺基甲酸乙酯，初級狀態,日本,出口總值(含復出口),154,48777
2019-2,39095000,聚胺基甲酸乙酯，初級狀態,比利時,出口總值(含復出口),111,35200
2019-2,39095000,聚胺基甲酸乙酯，初級狀態,卡達,出口總值(含復出口),70,19560
2019-2,39095000,聚胺基甲酸乙酯，初級狀態,印尼,出口總值(含復出口),898,246483
2019-2,39095000,聚胺基甲酸乙酯，初級狀態,印度,出口總值(含復出口),562,187460
2019-2,39095000,聚胺基甲酸乙酯，初級狀態,西班牙,出口總值(含復出口),261,104500
2019-2,39095000,聚胺基甲酸乙酯，初級狀態,沙烏地阿拉伯,出口總值(含復出口),48,10440
2019-2,39095000,聚胺基甲酸乙酯，初級狀態,孟加拉,出口總值(含復出口),196,75600
2019-2,39095000,聚胺基甲酸乙酯，初級狀態,尚比亞,出口總值(含復出口),3,180
2019-2,39095000,聚胺基甲酸乙酯，初級狀態,波蘭,出口總值(含復出口),59,15000
2019-2,39095000,聚胺基甲酸乙酯，初級狀態,法國,出口總值(含復出口),12,2461
2019-2,39095000,聚胺基甲酸乙酯，初級狀態,阿拉伯聯合大公國,出口總值(含復出口),47,12600
2019-2,39095000,聚胺基甲酸乙酯，初級狀態,阿根廷,出口總值(含復出口),17,5000
2019-2,39095000,聚胺基甲酸乙酯，初級狀態,南韓,出口總值(含復出口),659,155790
2019-2,39095000,聚胺基甲酸乙酯，初級狀態,柬埔寨,出口總值(含復出口),55,16034
2019-2,39095000,聚胺基甲酸乙酯，初級狀態,美國,出口總值(含復出口),155,25850
2019-2,39095000,聚胺基甲酸乙酯，初級狀態,英國,出口總值(含復出口),29,999
2019-2,39095000,聚胺基甲酸乙酯，初級狀態,香港,出口總值(含復出口),165,55526
2019-2,39095000,聚胺基甲酸乙酯，初級狀態,哥倫比亞,出口總值(含復出口),10,3200
2019-2,39095000,聚胺基甲酸乙酯，初級狀態,埃及,出口總值(含復出口),51,15000
2019-2,39095000,聚胺基甲酸乙酯，初級狀態,泰國,出口總值(含復出口),532,186301
2019-2,39095000,聚胺基甲酸乙酯，初級狀態,馬來西亞,出口總值(含復出口),189,97298
2019-2,39095000,聚胺基甲酸乙酯，初級狀態,荷蘭,出口總值(含復出口),366,65600
2019-2,39095000,聚胺基甲酸乙酯，初級狀態,斯里蘭卡,出口總值(含復出口),4,600
2019-2,39095000,聚胺基甲酸乙酯，初級狀態,智利,出口總值(含復出口),58,25440
2019-2,39095000,聚胺基甲酸乙酯，初級狀態,菲律賓,出口總值(含復出口),17,11110
2019-2,39095000,聚胺基甲酸乙酯，初級狀態,越南,出口總值(含復出口),8424,2071658
2019-2,39095000,聚胺基甲酸乙酯，初級狀態,塞爾維亞,出口總值(含復出口),16,3180
2019-2,39095000,聚胺基甲酸乙酯，初級狀態,新加坡,出口總值(含復出口),14,3700
2019-2,39095000,聚胺基甲酸乙酯，初級狀態,瑞典,出口總值(含復出口),4,1000
2019-2,39095000,聚胺基甲酸乙酯，初級狀態,德國,出口總值(含復出口),70,15000
2019-2,39095000,聚胺基甲酸乙酯，初級狀態,緬甸,出口總值(含復出口),57,17928
2019-2,39095000,聚胺基甲酸乙酯，初級狀態,墨西哥,出口總值(含復出口),6,1000
2019-2,39100010,矽油,中國大陸,進口總值(含復進口),470,174006
2019-2,39100010,矽油,日本,進口總值(含復進口),828,150405
2019-2,39100010,矽油,加拿大,進口總值(含復進口),34,3000
2019-2,39100010,矽油,南韓,進口總值(含復進口),100,36574
2019-2,39100010,矽油,美國,進口總值(含復進口),221,17525
2019-2,39100010,矽油,英國,進口總值(含復進口),106,32437
2019-2,39100010,矽油,泰國,進口總值(含復進口),17,4000
2019-2,39100010,矽油,馬來西亞,進口總值(含復進口),15,4800
2019-2,39100010,矽油,義大利,進口總值(含復進口),21,2400
2019-2,39100010,矽油,德國,進口總值(含復進口),250,14441
2019-2,39100010,矽油,中國大陸,出口總值(含復出口),701,82914
2019-2,39100010,矽油,孟加拉,出口總值(含復出口),44,46200
2019-2,39100010,矽油,泰國,出口總值(含復出口),2,240
2019-2,39100010,矽油,馬來西亞,出口總值(含復出口),17,1600
2019-2,39100010,矽油,越南,出口總值(含復出口),24,1164
2019-2,39111010,石油樹脂,中國大陸,進口總值(含復進口),1034,563675
2019-2,39111010,石油樹脂,日本,進口總值(含復進口),902,331580
2019-2,39111010,石油樹脂,印尼,進口總值(含復進口),31,18000
2019-2,39111010,石油樹脂,南韓,進口總值(含復進口),244,99500
2019-2,39111010,石油樹脂,美國,進口總值(含復進口),79,29250
2019-2,39111010,石油樹脂,泰國,進口總值(含復進口),455,226000
2019-2,39111010,石油樹脂,新加坡,進口總值(含復進口),67,27000
2019-2,39111010,石油樹脂,土耳其,出口總值(含復出口),131,105000
2019-2,39111010,石油樹脂,中國大陸,出口總值(含復出口),2257,1160390
2019-2,39111010,石油樹脂,巴西,出口總值(含復出口),39,32000
2019-2,39111010,石油樹脂,日本,出口總值(含復出口),580,361750
2019-2,39111010,石油樹脂,加拿大,出口總值(含復出口),75,50000
2019-2,39111010,石油樹脂,匈牙利,出口總值(含復出口),23,16000
2019-2,39111010,石油樹脂,印尼,出口總值(含復出口),620,358250
2019-2,39111010,石油樹脂,印度,出口總值(含復出口),389,375700
2019-2,39111010,石油樹脂,西班牙,出口總值(含復出口),372,260000
2019-2,39111010,石油樹脂,沙烏地阿拉伯,出口總值(含復出口),62,48000
2019-2,39111010,石油樹脂,孟加拉,出口總值(含復出口),14,10000
2019-2,39111010,石油樹脂,波蘭,出口總值(含復出口),102,66750
2019-2,39111010,石油樹脂,法國,出口總值(含復出口),198,173000
2019-2,39111010,石油樹脂,阿根廷,出口總值(含復出口),22,14000
2019-2,39111010,石油樹脂,俄羅斯,出口總值(含復出口),51,35000
2019-2,39111010,石油樹脂,南非,出口總值(含復出口),32,24000
2019-2,39111010,石油樹脂,南韓,出口總值(含復出口),198,130000
2019-2,39111010,石油樹脂,柬埔寨,出口總值(含復出口),24,16000
2019-2,39111010,石油樹脂,美國,出口總值(含復出口),895,550600
2019-2,39111010,石油樹脂,英國,出口總值(含復出口),125,106000
2019-2,39111010,石油樹脂,香港,出口總值(含復出口),2,600
2019-2,39111010,石油樹脂,泰國,出口總值(含復出口),380,281075
2019-2,39111010,石油樹脂,馬來西亞,出口總值(含復出口),291,223000
2019-2,39111010,石油樹脂,荷蘭,出口總值(含復出口),185,190000
2019-2,39111010,石油樹脂,菲律賓,出口總值(含復出口),20,19500
2019-2,39111010,石油樹脂,越南,出口總值(含復出口),506,326000
2019-2,39111010,石油樹脂,新加坡,出口總值(含復出口),38,32000
2019-2,39111010,石油樹脂,瑞典,出口總值(含復出口),24,25000
2019-2,39111010,石油樹脂,德國,出口總值(含復出口),124,91000
2019-2,39111010,石油樹脂,緬甸,出口總值(含復出口),165,133000
2019-2,39111010,石油樹脂,澳大利亞,出口總值(含復出口),60,39000
2019-2,39219010,玻璃纖維強化塑膠板、片及扁條,中國大陸,進口總值(含復進口),147,42774
2019-2,39219010,玻璃纖維強化塑膠板、片及扁條,日本,進口總值(含復進口),1360,54958
2019-2,39219010,玻璃纖維強化塑膠板、片及扁條,加拿大,進口總值(含復進口),0,16
2019-2,39219010,玻璃纖維強化塑膠板、片及扁條,南韓,進口總值(含復進口),296,12630
2019-2,39219010,玻璃纖維強化塑膠板、片及扁條,美國,進口總值(含復進口),53,4839
2019-2,39219010,玻璃纖維強化塑膠板、片及扁條,香港,進口總值(含復進口),23,93
2019-2,39219010,玻璃纖維強化塑膠板、片及扁條,泰國,進口總值(含復進口),51,7005
2019-2,39219010,玻璃纖維強化塑膠板、片及扁條,愛爾蘭,進口總值(含復進口),3,71
2019-2,39219010,玻璃纖維強化塑膠板、片及扁條,義大利,進口總值(含復進口),12,93
2019-2,39219010,玻璃纖維強化塑膠板、片及扁條,德國,進口總值(含復進口),0,3
2019-2,39219010,玻璃纖維強化塑膠板、片及扁條,墨西哥,進口總值(含復進口),16,218
2019-2,39219010,玻璃纖維強化塑膠板、片及扁條,盧森堡,進口總值(含復進口),47,454
2019-2,39219010,玻璃纖維強化塑膠板、片及扁條,中國大陸,出口總值(含復出口),448,16289
2019-2,39219010,玻璃纖維強化塑膠板、片及扁條,日本,出口總值(含復出口),142,19155
2019-2,39219010,玻璃纖維強化塑膠板、片及扁條,北馬里亞納群島,出口總值(含復出口),3,817
2019-2,39219010,玻璃纖維強化塑膠板、片及扁條,印尼,出口總值(含復出口),1,255
2019-2,39219010,玻璃纖維強化塑膠板、片及扁條,印度,出口總值(含復出口),40,3910
2019-2,39219010,玻璃纖維強化塑膠板、片及扁條,法國,出口總值(含復出口),2,1
2019-2,39219010,玻璃纖維強化塑膠板、片及扁條,南韓,出口總值(含復出口),246,33285
2019-2,39219010,玻璃纖維強化塑膠板、片及扁條,美國,出口總值(含復出口),82,16558
2019-2,39219010,玻璃纖維強化塑膠板、片及扁條,香港,出口總值(含復出口),6,1046
2019-2,39219010,玻璃纖維強化塑膠板、片及扁條,泰國,出口總值(含復出口),1213,227172
2019-2,39219010,玻璃纖維強化塑膠板、片及扁條,馬來西亞,出口總值(含復出口),73,14157
2019-2,39219010,玻璃纖維強化塑膠板、片及扁條,菲律賓,出口總值(含復出口),0,2
2019-2,39219010,玻璃纖維強化塑膠板、片及扁條,越南,出口總值(含復出口),210,28044
2019-2,39219010,玻璃纖維強化塑膠板、片及扁條,瑞士,出口總值(含復出口),9,443
2019-2,39219010,玻璃纖維強化塑膠板、片及扁條,葡萄牙,出口總值(含復出口),6,209
2019-2,39219010,玻璃纖維強化塑膠板、片及扁條,德國,出口總值(含復出口),108,16849
2019-3,39095000,聚胺基甲酸乙酯，初級狀態,中國大陸,進口總值(含復進口),4991,1428302
2019-3,39095000,聚胺基甲酸乙酯，初級狀態,中華民國,進口總值(含復進口),46,9873
2019-3,39095000,聚胺基甲酸乙酯，初級狀態,日本,進口總值(含復進口),1509,202138
2019-3,39095000,聚胺基甲酸乙酯，初級狀態,比利時,進口總值(含復進口),3,400
2019-3,39095000,聚胺基甲酸乙酯，初級狀態,印度,進口總值(含復進口),43,11200
2019-3,39095000,聚胺基甲酸乙酯，初級狀態,西班牙,進口總值(含復進口),352,53030
2019-3,39095000,聚胺基甲酸乙酯，初級狀態,法國,進口總值(含復進口),143,12200
2019-3,39095000,聚胺基甲酸乙酯，初級狀態,南韓,進口總值(含復進口),63,15200
2019-3,39095000,聚胺基甲酸乙酯，初級狀態,美國,進口總值(含復進口),1467,215201
2019-3,39095000,聚胺基甲酸乙酯，初級狀態,英國,進口總值(含復進口),33,8800
2019-3,39095000,聚胺基甲酸乙酯，初級狀態,馬來西亞,進口總值(含復進口),83,13235
2019-3,39095000,聚胺基甲酸乙酯，初級狀態,荷蘭,進口總值(含復進口),33,3450
2019-3,39095000,聚胺基甲酸乙酯，初級狀態,越南,進口總值(含復進口),30,16530
2019-3,39095000,聚胺基甲酸乙酯，初級狀態,新加坡,進口總值(含復進口),40,15290
2019-3,39095000,聚胺基甲酸乙酯，初級狀態,瑞士,進口總值(含復進口),14,2455
2019-3,39095000,聚胺基甲酸乙酯，初級狀態,義大利,進口總值(含復進口),296,55740
2019-3,39095000,聚胺基甲酸乙酯，初級狀態,德國,進口總值(含復進口),1712,271754
2019-3,39095000,聚胺基甲酸乙酯，初級狀態,墨西哥,進口總值(含復進口),23,6324
2019-3,39095000,聚胺基甲酸乙酯，初級狀態,土耳其,出口總值(含復出口),481,164500
2019-3,39095000,聚胺基甲酸乙酯，初級狀態,中國大陸,出口總值(含復出口),12572,4010230
2019-3,39095000,聚胺基甲酸乙酯，初級狀態,巴西,出口總值(含復出口),641,202015
2019-3,39095000,聚胺基甲酸乙酯，初級狀態,日本,出口總值(含復出口),302,95399
2019-3,39095000,聚胺基甲酸乙酯，初級狀態,比利時,出口總值(含復出口),45,15700
2019-3,39095000,聚胺基甲酸乙酯，初級狀態,卡達,出口總值(含復出口),29,8800
2019-3,39095000,聚胺基甲酸乙酯，初級狀態,印尼,出口總值(含復出口),2154,707717
2019-3,39095000,聚胺基甲酸乙酯，初級狀態,印度,出口總值(含復出口),811,279145
2019-3,39095000,聚胺基甲酸乙酯，初級狀態,西班牙,出口總值(含復出口),73,30000
2019-3,39095000,聚胺基甲酸乙酯，初級狀態,孟加拉,出口總值(含復出口),153,51416
2019-3,39095000,聚胺基甲酸乙酯，初級狀態,波蘭,出口總值(含復出口),23,6000
2019-3,39095000,聚胺基甲酸乙酯，初級狀態,法國,出口總值(含復出口),25,5840
2019-3,39095000,聚胺基甲酸乙酯，初級狀態,肯亞,出口總值(含復出口),32,1800
2019-3,39095000,聚胺基甲酸乙酯，初級狀態,阿拉伯聯合大公國,出口總值(含復出口),40,6000
2019-3,39095000,聚胺基甲酸乙酯，初級狀態,阿根廷,出口總值(含復出口),9,1500
2019-3,39095000,聚胺基甲酸乙酯，初級狀態,南韓,出口總值(含復出口),970,223846
2019-3,39095000,聚胺基甲酸乙酯，初級狀態,柬埔寨,出口總值(含復出口),61,27425
2019-3,39095000,聚胺基甲酸乙酯，初級狀態,美國,出口總值(含復出口),131,19615
2019-3,39095000,聚胺基甲酸乙酯，初級狀態,英國,出口總值(含復出口),4,1000
2019-3,39095000,聚胺基甲酸乙酯，初級狀態,香港,出口總值(含復出口),1856,547805
2019-3,39095000,聚胺基甲酸乙酯，初級狀態,哥倫比亞,出口總值(含復出口),58,19000
2019-3,39095000,聚胺基甲酸乙酯，初級狀態,泰國,出口總值(含復出口),714,229805
2019-3,39095000,聚胺基甲酸乙酯，初級狀態,秘魯,出口總值(含復出口),48,15100
2019-3,39095000,聚胺基甲酸乙酯，初級狀態,馬來西亞,出口總值(含復出口),457,152478
2019-3,39095000,聚胺基甲酸乙酯，初級狀態,荷蘭,出口總值(含復出口),960,172034
2019-3,39095000,聚胺基甲酸乙酯，初級狀態,智利,出口總值(含復出口),32,10222
2019-3,39095000,聚胺基甲酸乙酯，初級狀態,菲律賓,出口總值(含復出口),68,21814
2019-3,39095000,聚胺基甲酸乙酯，初級狀態,越南,出口總值(含復出口),13881,3516263
2019-3,39095000,聚胺基甲酸乙酯，初級狀態,新加坡,出口總值(含復出口),26,8900
2019-3,39095000,聚胺基甲酸乙酯，初級狀態,瑞典,出口總值(含復出口),50,12490
2019-3,39095000,聚胺基甲酸乙酯，初級狀態,義大利,出口總值(含復出口),214,79750
2019-3,39095000,聚胺基甲酸乙酯，初級狀態,葡萄牙,出口總值(含復出口),55,15000
2019-3,39095000,聚胺基甲酸乙酯，初級狀態,德國,出口總值(含復出口),314,53150
2019-3,39095000,聚胺基甲酸乙酯，初級狀態,緬甸,出口總值(含復出口),6,360
2019-3,39095000,聚胺基甲酸乙酯，初級狀態,墨西哥,出口總值(含復出口),70,21280
2019-3,39095000,聚胺基甲酸乙酯，初級狀態,澳大利亞,出口總值(含復出口),5,480
2019-3,39095000,聚胺基甲酸乙酯，初級狀態,蘇丹,出口總值(含復出口),9,3600
2019-3,39100010,矽油,中國大陸,進口總值(含復進口),1542,610627
2019-3,39100010,矽油,日本,進口總值(含復進口),1372,277326
2019-3,39100010,矽油,比利時,進口總值(含復進口),0,0
2019-3,39100010,矽油,加拿大,進口總值(含復進口),5,200
2019-3,39100010,矽油,法國,進口總值(含復進口),176,32000
2019-3,39100010,矽油,南韓,進口總值(含復進口),54,16154
2019-3,39100010,矽油,美國,進口總值(含復進口),219,12085
2019-3,39100010,矽油,英國,進口總值(含復進口),1,50
2019-3,39100010,矽油,泰國,進口總值(含復進口),191,50740
2019-3,39100010,矽油,馬來西亞,進口總值(含復進口),29,10000
2019-3,39100010,矽油,荷蘭,進口總值(含復進口),68,6240
2019-3,39100010,矽油,德國,進口總值(含復進口),251,31130
2019-3,39100010,矽油,中國大陸,出口總值(含復出口),1111,84549
2019-3,39100010,矽油,丹麥,出口總值(含復出口),9,550
2019-3,39100010,矽油,孟加拉,出口總值(含復出口),55,41280
2019-3,39100010,矽油,香港,出口總值(含復出口),51,4980
2019-3,39100010,矽油,泰國,出口總值(含復出口),5,1000
2019-3,39100010,矽油,馬來西亞,出口總值(含復出口),5,800
2019-3,39100010,矽油,捷克,出口總值(含復出口),0,5
2019-3,39100010,矽油,斯里蘭卡,出口總值(含復出口),0,3
2019-3,39100010,矽油,越南,出口總值(含復出口),55,7782
2019-3,39100010,矽油,模里西斯,出口總值(含復出口),0,6
2019-3,39111010,石油樹脂,中國大陸,進口總值(含復進口),1814,1104200
2019-3,39111010,石油樹脂,日本,進口總值(含復進口),1348,526847
2019-3,39111010,石油樹脂,印尼,進口總值(含復進口),153,90000
2019-3,39111010,石油樹脂,法國,進口總值(含復進口),131,50800
2019-3,39111010,石油樹脂,南韓,進口總值(含復進口),165,66700
2019-3,39111010,石油樹脂,美國,進口總值(含復進口),73,23697
2019-3,39111010,石油樹脂,泰國,進口總值(含復進口),456,232500
2019-3,39111010,石油樹脂,荷蘭,進口總值(含復進口),71,23720
2019-3,39111010,石油樹脂,新加坡,進口總值(含復進口),174,78675
2019-3,39111010,石油樹脂,土耳其,出口總值(含復出口),346,282000
2019-3,39111010,石油樹脂,中國大陸,出口總值(含復出口),2028,987200
2019-3,39111010,石油樹脂,巴西,出口總值(含復出口),164,86250
2019-3,39111010,石油樹脂,日本,出口總值(含復出口),503,290800
2019-3,39111010,石油樹脂,加拿大,出口總值(含復出口),227,170000
2019-3,39111010,石油樹脂,印尼,出口總值(含復出口),450,305200
2019-3,39111010,石油樹脂,印度,出口總值(含復出口),744,755255
2019-3,39111010,石油樹脂,西班牙,出口總值(含復出口),130,112000
2019-3,39111010,石油樹脂,希臘,出口總值(含復出口),37,32000
2019-3,39111010,石油樹脂,沙烏地阿拉伯,出口總值(含復出口),125,96000
2019-3,39111010,石油樹脂,孟加拉,出口總值(含復出口),224,234550
2019-3,39111010,石油樹脂,波蘭,出口總值(含復出口),170,108000
2019-3,39111010,石油樹脂,法國,出口總值(含復出口),164,141000
2019-3,39111010,石油樹脂,俄羅斯,出口總值(含復出口),149,99000
2019-3,39111010,石油樹脂,南非,出口總值(含復出口),93,67000
2019-3,39111010,石油樹脂,南韓,出口總值(含復出口),122,107000
2019-3,39111010,石油樹脂,美國,出口總值(含復出口),757,525200
2019-3,39111010,石油樹脂,英國,出口總值(含復出口),233,195000
2019-3,39111010,石油樹脂,香港,出口總值(含復出口),31,11100
2019-3,39111010,石油樹脂,泰國,出口總值(含復出口),335,241000
2019-3,39111010,石油樹脂,秘魯,出口總值(含復出口),26,19000
2019-3,39111010,石油樹脂,馬來西亞,出口總值(含復出口),365,280000
2019-3,39111010,石油樹脂,荷蘭,出口總值(含復出口),221,189000
2019-3,39111010,石油樹脂,斯里蘭卡,出口總值(含復出口),14,9000
2019-3,39111010,石油樹脂,菲律賓,出口總值(含復出口),141,111500
2019-3,39111010,石油樹脂,越南,出口總值(含復出口),860,476018
2019-3,39111010,石油樹脂,塞內加爾,出口總值(含復出口),0,120
2019-3,39111010,石油樹脂,新加坡,出口總值(含復出口),40,35500
2019-3,39111010,石油樹脂,瑞典,出口總值(含復出口),73,75000
2019-3,39111010,石油樹脂,義大利,出口總值(含復出口),46,30000
2019-3,39111010,石油樹脂,緬甸,出口總值(含復出口),20,19500
2019-3,39111010,石油樹脂,澳大利亞,出口總值(含復出口),141,91500
2019-3,39219010,玻璃纖維強化塑膠板、片及扁條,中國大陸,進口總值(含復進口),232,58007
2019-3,39219010,玻璃纖維強化塑膠板、片及扁條,中華民國,進口總值(含復進口),2,550
2019-3,39219010,玻璃纖維強化塑膠板、片及扁條,日本,進口總值(含復進口),1116,41177
2019-3,39219010,玻璃纖維強化塑膠板、片及扁條,法國,進口總值(含復進口),47,3930
2019-3,39219010,玻璃纖維強化塑膠板、片及扁條,南韓,進口總值(含復進口),591,28604
2019-3,39219010,玻璃纖維強化塑膠板、片及扁條,美國,進口總值(含復進口),78,5213
2019-3,39219010,玻璃纖維強化塑膠板、片及扁條,香港,進口總值(含復進口),80,314
2019-3,39219010,玻璃纖維強化塑膠板、片及扁條,泰國,進口總值(含復進口),82,10538
2019-3,39219010,玻璃纖維強化塑膠板、片及扁條,奧地利,進口總值(含復進口),2,86
2019-3,39219010,玻璃纖維強化塑膠板、片及扁條,愛爾蘭,進口總值(含復進口),8,256
2019-3,39219010,玻璃纖維強化塑膠板、片及扁條,德國,進口總值(含復進口),0,22
2019-3,39219010,玻璃纖維強化塑膠板、片及扁條,墨西哥,進口總值(含復進口),39,310
2019-3,39219010,玻璃纖維強化塑膠板、片及扁條,羅馬尼亞,進口總值(含復進口),15,596
2019-3,39219010,玻璃纖維強化塑膠板、片及扁條,千里達及托巴哥,出口總值(含復出口),2,210
2019-3,39219010,玻璃纖維強化塑膠板、片及扁條,中國大陸,出口總值(含復出口),358,12569
2019-3,39219010,玻璃纖維強化塑膠板、片及扁條,日本,出口總值(含復出口),173,16353
2019-3,39219010,玻璃纖維強化塑膠板、片及扁條,印度,出口總值(含復出口),116,42737
2019-3,39219010,玻璃纖維強化塑膠板、片及扁條,南韓,出口總值(含復出口),504,82248
2019-3,39219010,玻璃纖維強化塑膠板、片及扁條,美國,出口總值(含復出口),127,32050
2019-3,39219010,玻璃纖維強化塑膠板、片及扁條,香港,出口總值(含復出口),46,3141
2019-3,39219010,玻璃纖維強化塑膠板、片及扁條,哥斯大黎加,出口總值(含復出口),0,15
2019-3,39219010,玻璃纖維強化塑膠板、片及扁條,泰國,出口總值(含復出口),600,105865
2019-3,39219010,玻璃纖維強化塑膠板、片及扁條,馬來西亞,出口總值(含復出口),91,17944
2019-3,39219010,玻璃纖維強化塑膠板、片及扁條,密克羅尼西亞,出口總值(含復出口),1,318
2019-3,39219010,玻璃纖維強化塑膠板、片及扁條,越南,出口總值(含復出口),247,33720
2019-3,39219010,玻璃纖維強化塑膠板、片及扁條,新加坡,出口總值(含復出口),52,7224
2019-3,39219010,玻璃纖維強化塑膠板、片及扁條,義大利,出口總值(含復出口),53,9548
2019-3,39219010,玻璃纖維強化塑膠板、片及扁條,德國,出口總值(含復出口),214,35179
2019-4,39095000,聚胺基甲酸乙酯，初級狀態,中國大陸,進口總值(含復進口),5231,1571647
2019-4,39095000,聚胺基甲酸乙酯，初級狀態,中華民國,進口總值(含復進口),209,48200
2019-4,39095000,聚胺基甲酸乙酯，初級狀態,丹麥,進口總值(含復進口),0,0
2019-4,39095000,聚胺基甲酸乙酯，初級狀態,日本,進口總值(含復進口),1375,167831
2019-4,39095000,聚胺基甲酸乙酯，初級狀態,比利時,進口總值(含復進口),24,4025
2019-4,39095000,聚胺基甲酸乙酯，初級狀態,印度,進口總值(含復進口),81,22400
2019-4,39095000,聚胺基甲酸乙酯，初級狀態,西班牙,進口總值(含復進口),191,24035
2019-4,39095000,聚胺基甲酸乙酯，初級狀態,法國,進口總值(含復進口),233,20160
2019-4,39095000,聚胺基甲酸乙酯，初級狀態,南韓,進口總值(含復進口),168,57880
2019-4,39095000,聚胺基甲酸乙酯，初級狀態,美國,進口總值(含復進口),3020,332698
2019-4,39095000,聚胺基甲酸乙酯，初級狀態,英國,進口總值(含復進口),50,16000
2019-4,39095000,聚胺基甲酸乙酯，初級狀態,馬來西亞,進口總值(含復進口),45,18000
2019-4,39095000,聚胺基甲酸乙酯，初級狀態,荷蘭,進口總值(含復進口),46,12170
2019-4,39095000,聚胺基甲酸乙酯，初級狀態,新加坡,進口總值(含復進口),27,3979
2019-4,39095000,聚胺基甲酸乙酯，初級狀態,瑞士,進口總值(含復進口),1,30
2019-4,39095000,聚胺基甲酸乙酯，初級狀態,義大利,進口總值(含復進口),98,25514
2019-4,39095000,聚胺基甲酸乙酯，初級狀態,德國,進口總值(含復進口),1052,166228
2019-4,39095000,聚胺基甲酸乙酯，初級狀態,墨西哥,進口總值(含復進口),24,3200
2019-4,39095000,聚胺基甲酸乙酯，初級狀態,澳大利亞,進口總值(含復進口),12,1500
2019-4,39095000,聚胺基甲酸乙酯，初級狀態,土耳其,出口總值(含復出口),105,36750
2019-4,39095000,聚胺基甲酸乙酯，初級狀態,中國大陸,出口總值(含復出口),12325,4119779
2019-4,39095000,聚胺基甲酸乙酯，初級狀態,巴西,出口總值(含復出口),387,119560
2019-4,39095000,聚胺基甲酸乙酯，初級狀態,日本,出口總值(含復出口),92,25814
2019-4,39095000,聚胺基甲酸乙酯，初級狀態,比利時,出口總值(含復出口),67,25200
2019-4,39095000,聚胺基甲酸乙酯，初級狀態,以色列,出口總值(含復出口),59,5142
2019-4,39095000,聚胺基甲酸乙酯，初級狀態,伊朗,出口總值(含復出口),98,34200
2019-4,39095000,聚胺基甲酸乙酯，初級狀態,印尼,出口總值(含復出口),1223,303504
2019-4,39095000,聚胺基甲酸乙酯，初級狀態,印度,出口總值(含復出口),498,175884
2019-4,39095000,聚胺基甲酸乙酯，初級狀態,多明尼加,出口總值(含復出口),6,2100
2019-4,39095000,聚胺基甲酸乙酯，初級狀態,西班牙,出口總值(含復出口),222,75000
2019-4,39095000,聚胺基甲酸乙酯，初級狀態,孟加拉,出口總值(含復出口),100,36780
2019-4,39095000,聚胺基甲酸乙酯，初級狀態,尚比亞,出口總值(含復出口),19,1026
2019-4,39095000,聚胺基甲酸乙酯，初級狀態,波蘭,出口總值(含復出口),23,6000
2019-4,39095000,聚胺基甲酸乙酯，初級狀態,法國,出口總值(含復出口),15,3300
2019-4,39095000,聚胺基甲酸乙酯，初級狀態,肯亞,出口總值(含復出口),13,4000
2019-4,39095000,聚胺基甲酸乙酯，初級狀態,阿拉伯聯合大公國,出口總值(含復出口),64,17000
2019-4,39095000,聚胺基甲酸乙酯，初級狀態,阿根廷,出口總值(含復出口),56,17000
2019-4,39095000,聚胺基甲酸乙酯，初級狀態,南非,出口總值(含復出口),7,3000
2019-4,39095000,聚胺基甲酸乙酯，初級狀態,南韓,出口總值(含復出口),768,193440
2019-4,39095000,聚胺基甲酸乙酯，初級狀態,柬埔寨,出口總值(含復出口),12,3150
2019-4,39095000,聚胺基甲酸乙酯，初級狀態,美國,出口總值(含復出口),89,12800
2019-4,39095000,聚胺基甲酸乙酯，初級狀態,香港,出口總值(含復出口),1692,388700
2019-4,39095000,聚胺基甲酸乙酯，初級狀態,埃及,出口總值(含復出口),31,19000
2019-4,39095000,聚胺基甲酸乙酯，初級狀態,泰國,出口總值(含復出口),794,320655
2019-4,39095000,聚胺基甲酸乙酯，初級狀態,秘魯,出口總值(含復出口),42,14000
2019-4,39095000,聚胺基甲酸乙酯，初級狀態,馬來西亞,出口總值(含復出口),344,138226
2019-4,39095000,聚胺基甲酸乙酯，初級狀態,荷蘭,出口總值(含復出口),784,148800
2019-4,39095000,聚胺基甲酸乙酯，初級狀態,斐濟,出口總值(含復出口),5,270
2019-4,39095000,聚胺基甲酸乙酯，初級狀態,斯里蘭卡,出口總值(含復出口),8,1600
2019-4,39095000,聚胺基甲酸乙酯，初級狀態,菲律賓,出口總值(含復出口),79,28923
2019-4,39095000,聚胺基甲酸乙酯，初級狀態,越南,出口總值(含復出口),10420,2915826
2019-4,39095000,聚胺基甲酸乙酯，初級狀態,新加坡,出口總值(含復出口),118,31950
2019-4,39095000,聚胺基甲酸乙酯，初級狀態,瑞典,出口總值(含復出口),69,16500
2019-4,39095000,聚胺基甲酸乙酯，初級狀態,義大利,出口總值(含復出口),309,118940
2019-4,39095000,聚胺基甲酸乙酯，初級狀態,德國,出口總值(含復出口),7,2000
2019-4,39095000,聚胺基甲酸乙酯，初級狀態,緬甸,出口總值(含復出口),11,4000
2019-4,39095000,聚胺基甲酸乙酯，初級狀態,墨西哥,出口總值(含復出口),79,24000
2019-4,39095000,聚胺基甲酸乙酯，初級狀態,蘇丹,出口總值(含復出口),28,10800
2019-4,39100010,矽油,中國大陸,進口總值(含復進口),2033,731690
2019-4,39100010,矽油,日本,進口總值(含復進口),1268,391561
2019-4,39100010,矽油,法國,進口總值(含復進口),13,1445
2019-4,39100010,矽油,南韓,進口總值(含復進口),189,80708
2019-4,39100010,矽油,美國,進口總值(含復進口),471,49579
2019-4,39100010,矽油,英國,進口總值(含復進口),17,4201
2019-4,39100010,矽油,泰國,進口總值(含復進口),743,294710
2019-4,39100010,矽油,馬來西亞,進口總值(含復進口),57,13140
2019-4,39100010,矽油,越南,進口總值(含復進口),0,10
2019-4,39100010,矽油,義大利,進口總值(含復進口),32,7600
2019-4,39100010,矽油,德國,進口總值(含復進口),351,20665
2019-4,39100010,矽油,中國大陸,出口總值(含復出口),799,87520
2019-4,39100010,矽油,巴基斯坦,出口總值(含復出口),16,8600
2019-4,39100010,矽油,印尼,出口總值(含復出口),35,5360
2019-4,39100010,矽油,孟加拉,出口總值(含復出口),50,47360
2019-4,39100010,矽油,馬來西亞,出口總值(含復出口),0,0
2019-4,39100010,矽油,斯里蘭卡,出口總值(含復出口),0,1
2019-4,39100010,矽油,越南,出口總值(含復出口),63,10176
2019-4,39111010,石油樹脂,中國大陸,進口總值(含復進口),2335,1356060
2019-4,39111010,石油樹脂,日本,進口總值(含復進口),893,360430
2019-4,39111010,石油樹脂,印尼,進口總值(含復進口),92,54000
2019-4,39111010,石油樹脂,法國,進口總值(含復進口),159,76625
2019-4,39111010,石油樹脂,南韓,進口總值(含復進口),106,57100
2019-4,39111010,石油樹脂,美國,進口總值(含復進口),97,55113
2019-4,39111010,石油樹脂,泰國,進口總值(含復進口),400,217000
2019-4,39111010,石油樹脂,荷蘭,進口總值(含復進口),60,20000
2019-4,39111010,石油樹脂,新加坡,進口總值(含復進口),322,148500
2019-4,39111010,石油樹脂,土耳其,出口總值(含復出口),160,129000
2019-4,39111010,石油樹脂,中國大陸,出口總值(含復出口),2647,1458270
2019-4,39111010,石油樹脂,巴西,出口總值(含復出口),38,32000
2019-4,39111010,石油樹脂,日本,出口總值(含復出口),566,300950
2019-4,39111010,石油樹脂,加拿大,出口總值(含復出口),66,62000
2019-4,39111010,石油樹脂,印尼,出口總值(含復出口),579,354590
2019-4,39111010,石油樹脂,印度,出口總值(含復出口),493,466780
2019-4,39111010,石油樹脂,西班牙,出口總值(含復出口),381,234000
2019-4,39111010,石油樹脂,沙烏地阿拉伯,出口總值(含復出口),63,48000
2019-4,39111010,石油樹脂,孟加拉,出口總值(含復出口),17,19000
2019-4,39111010,石油樹脂,波蘭,出口總值(含復出口),169,108000
2019-4,39111010,石油樹脂,法國,出口總值(含復出口),123,107000
2019-4,39111010,石油樹脂,阿根廷,出口總值(含復出口),22,14000
2019-4,39111010,石油樹脂,俄羅斯,出口總值(含復出口),110,83000
2019-4,39111010,石油樹脂,南非,出口總值(含復出口),23,16000
2019-4,39111010,石油樹脂,南韓,出口總值(含復出口),204,164000
2019-4,39111010,石油樹脂,柬埔寨,出口總值(含復出口),23,16000
2019-4,39111010,石油樹脂,美國,出口總值(含復出口),923,602400
2019-4,39111010,石油樹脂,英國,出口總值(含復出口),113,95250
2019-4,39111010,石油樹脂,香港,出口總值(含復出口),7,2800
2019-4,39111010,石油樹脂,哥倫比亞,出口總值(含復出口),22,16000
2019-4,39111010,石油樹脂,泰國,出口總值(含復出口),248,175000
2019-4,39111010,石油樹脂,馬來西亞,出口總值(含復出口),358,232900
2019-4,39111010,石油樹脂,荷蘭,出口總值(含復出口),98,100000
2019-4,39111010,石油樹脂,菲律賓,出口總值(含復出口),20,9500
2019-4,39111010,石油樹脂,越南,出口總值(含復出口),1259,600927
2019-4,39111010,石油樹脂,新加坡,出口總值(含復出口),31,26000
2019-4,39111010,石油樹脂,義大利,出口總值(含復出口),22,16000
2019-4,39111010,石油樹脂,德國,出口總值(含復出口),70,56000
2019-4,39111010,石油樹脂,緬甸,出口總值(含復出口),63,57000
2019-4,39111010,石油樹脂,墨西哥,出口總值(含復出口),27,16000
2019-4,39111010,石油樹脂,澳大利亞,出口總值(含復出口),96,64000
2019-4,39219010,玻璃纖維強化塑膠板、片及扁條,中國大陸,進口總值(含復進口),245,81943
2019-4,39219010,玻璃纖維強化塑膠板、片及扁條,中華民國,進口總值(含復進口),0,71
2019-4,39219010,玻璃纖維強化塑膠板、片及扁條,日本,進口總值(含復進口),1662,81388
2019-4,39219010,玻璃纖維強化塑膠板、片及扁條,法國,進口總值(含復進口),30,2285
2019-4,39219010,玻璃纖維強化塑膠板、片及扁條,南韓,進口總值(含復進口),320,23245
2019-4,39219010,玻璃纖維強化塑膠板、片及扁條,美國,進口總值(含復進口),112,6187
2019-4,39219010,玻璃纖維強化塑膠板、片及扁條,香港,進口總值(含復進口),42,176
2019-4,39219010,玻璃纖維強化塑膠板、片及扁條,泰國,進口總值(含復進口),56,7045
2019-4,39219010,玻璃纖維強化塑膠板、片及扁條,奧地利,進口總值(含復進口),2,54
2019-4,39219010,玻璃纖維強化塑膠板、片及扁條,愛爾蘭,進口總值(含復進口),6,169
2019-4,39219010,玻璃纖維強化塑膠板、片及扁條,墨西哥,進口總值(含復進口),31,386
2019-4,39219010,玻璃纖維強化塑膠板、片及扁條,羅馬尼亞,進口總值(含復進口),1,58
2019-4,39219010,玻璃纖維強化塑膠板、片及扁條,中國大陸,出口總值(含復出口),442,12733
2019-4,39219010,玻璃纖維強化塑膠板、片及扁條,日本,出口總值(含復出口),149,17004
2019-4,39219010,玻璃纖維強化塑膠板、片及扁條,卡達,出口總值(含復出口),7,830
2019-4,39219010,玻璃纖維強化塑膠板、片及扁條,印度,出口總值(含復出口),32,16379
2019-4,39219010,玻璃纖維強化塑膠板、片及扁條,俄羅斯,出口總值(含復出口),3,400
2019-4,39219010,玻璃纖維強化塑膠板、片及扁條,南韓,出口總值(含復出口),320,48731
2019-4,39219010,玻璃纖維強化塑膠板、片及扁條,泰國,出口總值(含復出口),555,86559
2019-4,39219010,玻璃纖維強化塑膠板、片及扁條,馬來西亞,出口總值(含復出口),214,32533
2019-4,39219010,玻璃纖維強化塑膠板、片及扁條,越南,出口總值(含復出口),186,23673
2019-4,39219010,玻璃纖維強化塑膠板、片及扁條,新加坡,出口總值(含復出口),39,1655
2019-4,39219010,玻璃纖維強化塑膠板、片及扁條,德國,出口總值(含復出口),318,39740
2019-4,39219010,玻璃纖維強化塑膠板、片及扁條,墨西哥,出口總值(含復出口),8,1684
2019-4,39219010,玻璃纖維強化塑膠板、片及扁條,關島,出口總值(含復出口),27,9245
2019-5,39095000,聚胺基甲酸乙酯，初級狀態,中國大陸,進口總值(含復進口),4394,1294895
2019-5,39095000,聚胺基甲酸乙酯，初級狀態,中華民國,進口總值(含復進口),5,1395
2019-5,39095000,聚胺基甲酸乙酯，初級狀態,日本,進口總值(含復進口),1123,155257
2019-5,39095000,聚胺基甲酸乙酯，初級狀態,比利時,進口總值(含復進口),0,47
2019-5,39095000,聚胺基甲酸乙酯，初級狀態,印度,進口總值(含復進口),98,30400
2019-5,39095000,聚胺基甲酸乙酯，初級狀態,西班牙,進口總值(含復進口),110,16700
2019-5,39095000,聚胺基甲酸乙酯，初級狀態,波蘭,進口總值(含復進口),2,20
2019-5,39095000,聚胺基甲酸乙酯，初級狀態,法國,進口總值(含復進口),182,22200
2019-5,39095000,聚胺基甲酸乙酯，初級狀態,南韓,進口總值(含復進口),267,64670
2019-5,39095000,聚胺基甲酸乙酯，初級狀態,美國,進口總值(含復進口),1479,160936
2019-5,39095000,聚胺基甲酸乙酯，初級狀態,英國,進口總值(含復進口),5,800
2019-5,39095000,聚胺基甲酸乙酯，初級狀態,香港,進口總值(含復進口),11,2520
2019-5,39095000,聚胺基甲酸乙酯，初級狀態,馬來西亞,進口總值(含復進口),42,9226
2019-5,39095000,聚胺基甲酸乙酯，初級狀態,荷蘭,進口總值(含復進口),16,1560
2019-5,39095000,聚胺基甲酸乙酯，初級狀態,新加坡,進口總值(含復進口),27,6865
2019-5,39095000,聚胺基甲酸乙酯，初級狀態,瑞士,進口總值(含復進口),25,2826
2019-5,39095000,聚胺基甲酸乙酯，初級狀態,義大利,進口總值(含復進口),133,26064
2019-5,39095000,聚胺基甲酸乙酯，初級狀態,德國,進口總值(含復進口),1439,238962
2019-5,39095000,聚胺基甲酸乙酯，初級狀態,澳大利亞,進口總值(含復進口),14,2332
2019-5,39095000,聚胺基甲酸乙酯，初級狀態,土耳其,出口總值(含復出口),340,114600
2019-5,39095000,聚胺基甲酸乙酯，初級狀態,中國大陸,出口總值(含復出口),14478,4555851
2019-5,39095000,聚胺基甲酸乙酯，初級狀態,厄瓜多,出口總值(含復出口),24,4000
2019-5,39095000,聚胺基甲酸乙酯，初級狀態,巴西,出口總值(含復出口),229,71640
2019-5,39095000,聚胺基甲酸乙酯，初級狀態,巴基斯坦,出口總值(含復出口),39,14400
2019-5,39095000,聚胺基甲酸乙酯，初級狀態,日本,出口總值(含復出口),166,40378
2019-5,39095000,聚胺基甲酸乙酯，初級狀態,比利時,出口總值(含復出口),181,57800
2019-5,39095000,聚胺基甲酸乙酯，初級狀態,卡達,出口總值(含復出口),21,6336
2019-5,39095000,聚胺基甲酸乙酯，初級狀態,伊朗,出口總值(含復出口),17,2760
2019-5,39095000,聚胺基甲酸乙酯，初級狀態,印尼,出口總值(含復出口),945,260911
2019-5,39095000,聚胺基甲酸乙酯，初級狀態,印度,出口總值(含復出口),743,265386
2019-5,39095000,聚胺基甲酸乙酯，初級狀態,西班牙,出口總值(含復出口),43,15000
2019-5,39095000,聚胺基甲酸乙酯，初級狀態,孟加拉,出口總值(含復出口),127,44140
2019-5,39095000,聚胺基甲酸乙酯，初級狀態,法國,出口總值(含復出口),10,2237
2019-5,39095000,聚胺基甲酸乙酯，初級狀態,芬蘭,出口總值(含復出口),6,2610
2019-5,39095000,聚胺基甲酸乙酯，初級狀態,阿拉伯聯合大公國,出口總值(含復出口),191,51000
2019-5,39095000,聚胺基甲酸乙酯，初級狀態,阿根廷,出口總值(含復出口),57,17000
2019-5,39095000,聚胺基甲酸乙酯，初級狀態,南韓,出口總值(含復出口),358,85240
2019-5,39095000,聚胺基甲酸乙酯，初級狀態,柬埔寨,出口總值(含復出口),51,15600
2019-5,39095000,聚胺基甲酸乙酯，初級狀態,突尼西亞,出口總值(含復出口),19,5000
2019-5,39095000,聚胺基甲酸乙酯，初級狀態,約旦,出口總值(含復出口),17,17000
2019-5,39095000,聚胺基甲酸乙酯，初級狀態,美國,出口總值(含復出口),129,25500
2019-5,39095000,聚胺基甲酸乙酯，初級狀態,香港,出口總值(含復出口),1175,374320
2019-5,39095000,聚胺基甲酸乙酯，初級狀態,哥倫比亞,出口總值(含復出口),44,15000
2019-5,39095000,聚胺基甲酸乙酯，初級狀態,泰國,出口總值(含復出口),1104,377111
2019-5,39095000,聚胺基甲酸乙酯，初級狀態,秘魯,出口總值(含復出口),18,6000
2019-5,39095000,聚胺基甲酸乙酯，初級狀態,馬來西亞,出口總值(含復出口),380,133766
2019-5,39095000,聚胺基甲酸乙酯，初級狀態,荷蘭,出口總值(含復出口),545,107700
2019-5,39095000,聚胺基甲酸乙酯，初級狀態,智利,出口總值(含復出口),72,28896
2019-5,39095000,聚胺基甲酸乙酯，初級狀態,菲律賓,出口總值(含復出口),68,25880
2019-5,39095000,聚胺基甲酸乙酯，初級狀態,越南,出口總值(含復出口),10550,2906070
2019-5,39095000,聚胺基甲酸乙酯，初級狀態,新加坡,出口總值(含復出口),32,11850
2019-5,39095000,聚胺基甲酸乙酯，初級狀態,瑞典,出口總值(含復出口),11,2700
2019-5,39095000,聚胺基甲酸乙酯，初級狀態,德國,出口總值(含復出口),128,25750
2019-5,39095000,聚胺基甲酸乙酯，初級狀態,黎巴嫩,出口總值(含復出口),100,33000
2019-5,39095000,聚胺基甲酸乙酯，初級狀態,墨西哥,出口總值(含復出口),107,33780
2019-5,39095000,聚胺基甲酸乙酯，初級狀態,澳大利亞,出口總值(含復出口),9,960
2019-5,39100010,矽油,中國大陸,進口總值(含復進口),1600,566108
2019-5,39100010,矽油,日本,進口總值(含復進口),3125,461895
2019-5,39100010,矽油,法國,進口總值(含復進口),180,32500
2019-5,39100010,矽油,南韓,進口總值(含復進口),41,3877
2019-5,39100010,矽油,美國,進口總值(含復進口),338,29313
2019-5,39100010,矽油,英國,進口總值(含復進口),164,59303
2019-5,39100010,矽油,泰國,進口總值(含復進口),153,54300
2019-5,39100010,矽油,德國,進口總值(含復進口),177,16770
2019-5,39100010,矽油,中國大陸,出口總值(含復出口),883,81914
2019-5,39100010,矽油,希臘,出口總值(含復出口),0,2
2019-5,39100010,矽油,孟加拉,出口總值(含復出口),19,5200
2019-5,39100010,矽油,拉脫維亞,出口總值(含復出口),0,6
2019-5,39100010,矽油,美國,出口總值(含復出口),10,576
2019-5,39100010,矽油,香港,出口總值(含復出口),29,7380
2019-5,39100010,矽油,泰國,出口總值(含復出口),10,1540
2019-5,39100010,矽油,馬來西亞,出口總值(含復出口),28,2400
2019-5,39100010,矽油,荷蘭,出口總值(含復出口),6,52
2019-5,39100010,矽油,越南,出口總值(含復出口),41,6679
2019-5,39111010,石油樹脂,中國大陸,進口總值(含復進口),1671,979475
2019-5,39111010,石油樹脂,日本,進口總值(含復進口),370,131525
2019-5,39111010,石油樹脂,印尼,進口總值(含復進口),92,54000
2019-5,39111010,石油樹脂,法國,進口總值(含復進口),308,106125
2019-5,39111010,石油樹脂,南韓,進口總值(含復進口),145,66600
2019-5,39111010,石油樹脂,美國,進口總值(含復進口),172,63966
2019-5,39111010,石油樹脂,泰國,進口總值(含復進口),558,298000
2019-5,39111010,石油樹脂,新加坡,進口總值(含復進口),258,127125
2019-5,39111010,石油樹脂,德國,進口總值(含復進口),0,4
2019-5,39111010,石油樹脂,土耳其,出口總值(含復出口),262,212000
2019-5,39111010,石油樹脂,中國大陸,出口總值(含復出口),2105,1156929
2019-5,39111010,石油樹脂,厄瓜多,出口總值(含復出口),21,16000
2019-5,39111010,石油樹脂,巴西,出口總值(含復出口),18,15000
2019-5,39111010,石油樹脂,巴基斯坦,出口總值(含復出口),10,8000
2019-5,39111010,石油樹脂,日本,出口總值(含復出口),455,282500
2019-5,39111010,石油樹脂,加拿大,出口總值(含復出口),74,50000
2019-5,39111010,石油樹脂,匈牙利,出口總值(含復出口),23,16000
2019-5,39111010,石油樹脂,印尼,出口總值(含復出口),219,150700
2019-5,39111010,石油樹脂,印度,出口總值(含復出口),303,269945
2019-5,39111010,石油樹脂,西班牙,出口總值(含復出口),198,168000
2019-5,39111010,石油樹脂,沙烏地阿拉伯,出口總值(含復出口),135,104000
2019-5,39111010,石油樹脂,孟加拉,出口總值(含復出口),181,196375
2019-5,39111010,石油樹脂,波蘭,出口總值(含復出口),231,122750
2019-5,39111010,石油樹脂,法國,出口總值(含復出口),110,100000
2019-5,39111010,石油樹脂,阿拉伯聯合大公國,出口總值(含復出口),95,76000
2019-5,39111010,石油樹脂,俄羅斯,出口總值(含復出口),79,48000
2019-5,39111010,石油樹脂,南非,出口總值(含復出口),53,51000
2019-5,39111010,石油樹脂,南韓,出口總值(含復出口),110,93000
2019-5,39111010,石油樹脂,柬埔寨,出口總值(含復出口),23,16000
2019-5,39111010,石油樹脂,美國,出口總值(含復出口),971,717000
2019-5,39111010,石油樹脂,英國,出口總值(含復出口),134,123000
2019-5,39111010,石油樹脂,泰國,出口總值(含復出口),569,443500
2019-5,39111010,石油樹脂,馬來西亞,出口總值(含復出口),313,230500
2019-5,39111010,石油樹脂,荷蘭,出口總值(含復出口),183,182500
2019-5,39111010,石油樹脂,越南,出口總值(含復出口),611,276925
2019-5,39111010,石油樹脂,新加坡,出口總值(含復出口),41,35500
2019-5,39111010,石油樹脂,瑞典,出口總值(含復出口),110,87000
2019-5,39111010,石油樹脂,義大利,出口總值(含復出口),74,46500
2019-5,39111010,石油樹脂,德國,出口總值(含復出口),80,62000
2019-5,39111010,石油樹脂,緬甸,出口總值(含復出口),83,76000
2019-5,39111010,石油樹脂,澳大利亞,出口總值(含復出口),111,78000
2019-5,39219010,玻璃纖維強化塑膠板、片及扁條,中國大陸,進口總值(含復進口),560,143037
2019-5,39219010,玻璃纖維強化塑膠板、片及扁條,中華民國,進口總值(含復進口),9,1271
2019-5,39219010,玻璃纖維強化塑膠板、片及扁條,日本,進口總值(含復進口),1444,46539
2019-5,39219010,玻璃纖維強化塑膠板、片及扁條,法國,進口總值(含復進口),155,13523
2019-5,39219010,玻璃纖維強化塑膠板、片及扁條,南韓,進口總值(含復進口),474,78003
2019-5,39219010,玻璃纖維強化塑膠板、片及扁條,美國,進口總值(含復進口),58,4207
2019-5,39219010,玻璃纖維強化塑膠板、片及扁條,英國,進口總值(含復進口),2,32
2019-5,39219010,玻璃纖維強化塑膠板、片及扁條,香港,進口總值(含復進口),19,115
2019-5,39219010,玻璃纖維強化塑膠板、片及扁條,泰國,進口總值(含復進口),37,5601
2019-5,39219010,玻璃纖維強化塑膠板、片及扁條,奧地利,進口總值(含復進口),1,21
2019-5,39219010,玻璃纖維強化塑膠板、片及扁條,愛爾蘭,進口總值(含復進口),9,261
2019-5,39219010,玻璃纖維強化塑膠板、片及扁條,德國,進口總值(含復進口),3,28
2019-5,39219010,玻璃纖維強化塑膠板、片及扁條,中國大陸,出口總值(含復出口),237,6165
2019-5,39219010,玻璃纖維強化塑膠板、片及扁條,巴布亞紐幾內亞,出口總值(含復出口),0,9
2019-5,39219010,玻璃纖維強化塑膠板、片及扁條,日本,出口總值(含復出口),398,58659
2019-5,39219010,玻璃纖維強化塑膠板、片及扁條,印尼,出口總值(含復出口),11,1137
2019-5,39219010,玻璃纖維強化塑膠板、片及扁條,印度,出口總值(含復出口),22,5881
2019-5,39219010,玻璃纖維強化塑膠板、片及扁條,宏都拉斯,出口總值(含復出口),3,616
2019-5,39219010,玻璃纖維強化塑膠板、片及扁條,法國,出口總值(含復出口),6,73
2019-5,39219010,玻璃纖維強化塑膠板、片及扁條,南韓,出口總值(含復出口),223,22330
2019-5,39219010,玻璃纖維強化塑膠板、片及扁條,美國,出口總值(含復出口),38,3008
2019-5,39219010,玻璃纖維強化塑膠板、片及扁條,香港,出口總值(含復出口),3,758
2019-5,39219010,玻璃纖維強化塑膠板、片及扁條,泰國,出口總值(含復出口),979,168299
2019-5,39219010,玻璃纖維強化塑膠板、片及扁條,馬來西亞,出口總值(含復出口),51,8840
2019-5,39219010,玻璃纖維強化塑膠板、片及扁條,荷蘭,出口總值(含復出口),7,57
2019-5,39219010,玻璃纖維強化塑膠板、片及扁條,斯里蘭卡,出口總值(含復出口),3,150
2019-5,39219010,玻璃纖維強化塑膠板、片及扁條,越南,出口總值(含復出口),116,13937
2019-5,39219010,玻璃纖維強化塑膠板、片及扁條,新加坡,出口總值(含復出口),36,5117
2019-5,39219010,玻璃纖維強化塑膠板、片及扁條,瑞士,出口總值(含復出口),12,577
2019-5,39219010,玻璃纖維強化塑膠板、片及扁條,義大利,出口總值(含復出口),264,37782
2019-5,39219010,玻璃纖維強化塑膠板、片及扁條,葡萄牙,出口總值(含復出口),6,218
2019-5,39219010,玻璃纖維強化塑膠板、片及扁條,德國,出口總值(含復出口),273,36761
2019-6,39095000,聚胺基甲酸乙酯，初級狀態,中國大陸,進口總值(含復進口),4521,1397433
2019-6,39095000,聚胺基甲酸乙酯，初級狀態,中華民國,進口總值(含復進口),68,18426
2019-6,39095000,聚胺基甲酸乙酯，初級狀態,巴西,進口總值(含復進口),19,6000
2019-6,39095000,聚胺基甲酸乙酯，初級狀態,日本,進口總值(含復進口),1046,161205
2019-6,39095000,聚胺基甲酸乙酯，初級狀態,比利時,進口總值(含復進口),5,75
2019-6,39095000,聚胺基甲酸乙酯，初級狀態,加拿大,進口總值(含復進口),37,1666
2019-6,39095000,聚胺基甲酸乙酯，初級狀態,西班牙,進口總值(含復進口),125,16295
2019-6,39095000,聚胺基甲酸乙酯，初級狀態,法國,進口總值(含復進口),101,8000
2019-6,39095000,聚胺基甲酸乙酯，初級狀態,南韓,進口總值(含復進口),138,45857
2019-6,39095000,聚胺基甲酸乙酯，初級狀態,美國,進口總值(含復進口),1613,175015
2019-6,39095000,聚胺基甲酸乙酯，初級狀態,英國,進口總值(含復進口),45,10400
2019-6,39095000,聚胺基甲酸乙酯，初級狀態,馬來西亞,進口總值(含復進口),70,24228
2019-6,39095000,聚胺基甲酸乙酯，初級狀態,荷蘭,進口總值(含復進口),53,3560
2019-6,39095000,聚胺基甲酸乙酯，初級狀態,越南,進口總值(含復進口),3,150
2019-6,39095000,聚胺基甲酸乙酯，初級狀態,新加坡,進口總值(含復進口),32,4541
2019-6,39095000,聚胺基甲酸乙酯，初級狀態,義大利,進口總值(含復進口),139,38100
2019-6,39095000,聚胺基甲酸乙酯，初級狀態,德國,進口總值(含復進口),1433,204437
2019-6,39095000,聚胺基甲酸乙酯，初級狀態,墨西哥,進口總值(含復進口),6,800
2019-6,39095000,聚胺基甲酸乙酯，初級狀態,土耳其,出口總值(含復出口),438,145560
2019-6,39095000,聚胺基甲酸乙酯，初級狀態,中國大陸,出口總值(含復出口),11736,3963241
2019-6,39095000,聚胺基甲酸乙酯，初級狀態,巴西,出口總值(含復出口),351,103540
2019-6,39095000,聚胺基甲酸乙酯，初級狀態,巴基斯坦,出口總值(含復出口),116,37842
2019-6,39095000,聚胺基甲酸乙酯，初級狀態,日本,出口總值(含復出口),339,73013
2019-6,39095000,聚胺基甲酸乙酯，初級狀態,卡達,出口總值(含復出口),29,8800
2019-6,39095000,聚胺基甲酸乙酯，初級狀態,印尼,出口總值(含復出口),1803,528685
2019-6,39095000,聚胺基甲酸乙酯，初級狀態,印度,出口總值(含復出口),775,253840
2019-6,39095000,聚胺基甲酸乙酯，初級狀態,多明尼加,出口總值(含復出口),15,4000
2019-6,39095000,聚胺基甲酸乙酯，初級狀態,西班牙,出口總值(含復出口),92,45000
2019-6,39095000,聚胺基甲酸乙酯，初級狀態,孟加拉,出口總值(含復出口),137,57600
2019-6,39095000,聚胺基甲酸乙酯，初級狀態,波蘭,出口總值(含復出口),19,5000
2019-6,39095000,聚胺基甲酸乙酯，初級狀態,阿拉伯聯合大公國,出口總值(含復出口),104,33000
2019-6,39095000,聚胺基甲酸乙酯，初級狀態,俄羅斯,出口總值(含復出口),40,14400
2019-6,39095000,聚胺基甲酸乙酯，初級狀態,南韓,出口總值(含復出口),596,144340
2019-6,39095000,聚胺基甲酸乙酯，初級狀態,柬埔寨,出口總值(含復出口),15,5000
2019-6,39095000,聚胺基甲酸乙酯，初級狀態,美國,出口總值(含復出口),202,43448
2019-6,39095000,聚胺基甲酸乙酯，初級狀態,香港,出口總值(含復出口),1394,398005
2019-6,39095000,聚胺基甲酸乙酯，初級狀態,埃及,出口總值(含復出口),80,24000
2019-6,39095000,聚胺基甲酸乙酯，初級狀態,泰國,出口總值(含復出口),1115,412303
2019-6,39095000,聚胺基甲酸乙酯，初級狀態,馬來西亞,出口總值(含復出口),344,136275
2019-6,39095000,聚胺基甲酸乙酯，初級狀態,荷蘭,出口總值(含復出口),833,170700
2019-6,39095000,聚胺基甲酸乙酯，初級狀態,斯里蘭卡,出口總值(含復出口),13,2400
2019-6,39095000,聚胺基甲酸乙酯，初級狀態,菲律賓,出口總值(含復出口),28,9024
2019-6,39095000,聚胺基甲酸乙酯，初級狀態,越南,出口總值(含復出口),10679,2905980
2019-6,39095000,聚胺基甲酸乙酯，初級狀態,新加坡,出口總值(含復出口),43,12100
2019-6,39095000,聚胺基甲酸乙酯，初級狀態,瑞典,出口總值(含復出口),34,8200
2019-6,39095000,聚胺基甲酸乙酯，初級狀態,義大利,出口總值(含復出口),331,115000
2019-6,39095000,聚胺基甲酸乙酯，初級狀態,德國,出口總值(含復出口),106,14560
2019-6,39095000,聚胺基甲酸乙酯，初級狀態,墨西哥,出口總值(含復出口),48,15600
2019-6,39095000,聚胺基甲酸乙酯，初級狀態,澳大利亞,出口總值(含復出口),13,1970
2019-6,39100010,矽油,中國大陸,進口總值(含復進口),2009,632499
2019-6,39100010,矽油,日本,進口總值(含復進口),2036,543082
2019-6,39100010,矽油,加拿大,進口總值(含復進口),12,738
2019-6,39100010,矽油,法國,進口總值(含復進口),184,32900
2019-6,39100010,矽油,南韓,進口總值(含復進口),75,19831
2019-6,39100010,矽油,美國,進口總值(含復進口),432,65528
2019-6,39100010,矽油,英國,進口總值(含復進口),209,71000
2019-6,39100010,矽油,泰國,進口總值(含復進口),172,47580
2019-6,39100010,矽油,馬來西亞,進口總值(含復進口),28,10000
2019-6,39100010,矽油,德國,進口總值(含復進口),45,4389
2019-6,39100010,矽油,中國大陸,出口總值(含復出口),585,78379
2019-6,39100010,矽油,巴林,出口總值(含復出口),3,63
2019-6,39100010,矽油,巴基斯坦,出口總值(含復出口),20,11000
2019-6,39100010,矽油,印尼,出口總值(含復出口),2,260
2019-6,39100010,矽油,孟加拉,出口總值(含復出口),61,43440
2019-6,39100010,矽油,香港,出口總值(含復出口),5,2000
2019-6,39100010,矽油,馬來西亞,出口總值(含復出口),53,5612
2019-6,39100010,矽油,越南,出口總值(含復出口),51,10858
2019-6,39111010,石油樹脂,中國大陸,進口總值(含復進口),1852,1055800
2019-6,39111010,石油樹脂,日本,進口總值(含復進口),602,234801
2019-6,39111010,石油樹脂,法國,進口總值(含復進口),313,120000
2019-6,39111010,石油樹脂,南韓,進口總值(含復進口),216,86400
2019-6,39111010,石油樹脂,美國,進口總值(含復進口),41,20867
2019-6,39111010,石油樹脂,泰國,進口總值(含復進口),324,149500
2019-6,39111010,石油樹脂,荷蘭,進口總值(含復進口),2,200
2019-6,39111010,石油樹脂,新加坡,進口總值(含復進口),208,87750
2019-6,39111010,石油樹脂,土耳其,出口總值(含復出口),119,95000
2019-6,39111010,石油樹脂,中國大陸,出口總值(含復出口),1895,1008555
2019-6,39111010,石油樹脂,巴西,出口總值(含復出口),119,65750
2019-6,39111010,石油樹脂,巴基斯坦,出口總值(含復出口),24,5000
2019-6,39111010,石油樹脂,日本,出口總值(含復出口),589,352750
2019-6,39111010,石油樹脂,加拿大,出口總值(含復出口),317,269000
2019-6,39111010,石油樹脂,匈牙利,出口總值(含復出口),22,16000
2019-6,39111010,石油樹脂,印尼,出口總值(含復出口),562,352650
2019-6,39111010,石油樹脂,印度,出口總值(含復出口),415,363704
2019-6,39111010,石油樹脂,西班牙,出口總值(含復出口),55,48000
2019-6,39111010,石油樹脂,沙烏地阿拉伯,出口總值(含復出口),125,96000
2019-6,39111010,石油樹脂,孟加拉,出口總值(含復出口),56,47000
2019-6,39111010,石油樹脂,波蘭,出口總值(含復出口),364,176000
2019-6,39111010,石油樹脂,法國,出口總值(含復出口),224,171000
2019-6,39111010,石油樹脂,阿拉伯聯合大公國,出口總值(含復出口),46,32000
2019-6,39111010,石油樹脂,俄羅斯,出口總值(含復出口),99,64500
2019-6,39111010,石油樹脂,南非,出口總值(含復出口),22,19000
2019-6,39111010,石油樹脂,南韓,出口總值(含復出口),284,192000
2019-6,39111010,石油樹脂,美國,出口總值(含復出口),641,398000
2019-6,39111010,石油樹脂,英國,出口總值(含復出口),193,168875
2019-6,39111010,石油樹脂,香港,出口總值(含復出口),8,3200
2019-6,39111010,石油樹脂,泰國,出口總值(含復出口),255,176500
2019-6,39111010,石油樹脂,馬來西亞,出口總值(含復出口),237,162000
2019-6,39111010,石油樹脂,荷蘭,出口總值(含復出口),243,250000
2019-6,39111010,石油樹脂,斯里蘭卡,出口總值(含復出口),10,6000
2019-6,39111010,石油樹脂,菲律賓,出口總值(含復出口),20,19500
2019-6,39111010,石油樹脂,越南,出口總值(含復出口),784,449550
2019-6,39111010,石油樹脂,新加坡,出口總值(含復出口),13,10000
2019-6,39111010,石油樹脂,瑞典,出口總值(含復出口),128,110000
2019-6,39111010,石油樹脂,義大利,出口總值(含復出口),20,15000
2019-6,39111010,石油樹脂,德國,出口總值(含復出口),20,15000
2019-6,39111010,石油樹脂,緬甸,出口總值(含復出口),20,19500
2019-6,39111010,石油樹脂,澳大利亞,出口總值(含復出口),71,45250
2019-6,39219010,玻璃纖維強化塑膠板、片及扁條,土耳其,進口總值(含復進口),33,10890
2019-6,39219010,玻璃纖維強化塑膠板、片及扁條,中國大陸,進口總值(含復進口),252,46430
2019-6,39219010,玻璃纖維強化塑膠板、片及扁條,日本,進口總值(含復進口),1359,49373
2019-6,39219010,玻璃纖維強化塑膠板、片及扁條,南韓,進口總值(含復進口),484,7024
2019-6,39219010,玻璃纖維強化塑膠板、片及扁條,美國,進口總值(含復進口),32,2094
2019-6,39219010,玻璃纖維強化塑膠板、片及扁條,香港,進口總值(含復進口),13,93
2019-6,39219010,玻璃纖維強化塑膠板、片及扁條,泰國,進口總值(含復進口),78,11667
2019-6,39219010,玻璃纖維強化塑膠板、片及扁條,奧地利,進口總值(含復進口),1,23
2019-6,39219010,玻璃纖維強化塑膠板、片及扁條,新加坡,進口總值(含復進口),4,67
2019-6,39219010,玻璃纖維強化塑膠板、片及扁條,墨西哥,進口總值(含復進口),71,708
2019-6,39219010,玻璃纖維強化塑膠板、片及扁條,中國大陸,出口總值(含復出口),451,13874
2019-6,39219010,玻璃纖維強化塑膠板、片及扁條,日本,出口總值(含復出口),215,28962
2019-6,39219010,玻璃纖維強化塑膠板、片及扁條,瓜地馬拉,出口總值(含復出口),1,125
2019-6,39219010,玻璃纖維強化塑膠板、片及扁條,印尼,出口總值(含復出口),19,1146
2019-6,39219010,玻璃纖維強化塑膠板、片及扁條,印度,出口總值(含復出口),25,4231
2019-6,39219010,玻璃纖維強化塑膠板、片及扁條,南韓,出口總值(含復出口),247,36943
2019-6,39219010,玻璃纖維強化塑膠板、片及扁條,美國,出口總值(含復出口),71,15101
2019-6,39219010,玻璃纖維強化塑膠板、片及扁條,英國,出口總值(含復出口),2,15
2019-6,39219010,玻璃纖維強化塑膠板、片及扁條,香港,出口總值(含復出口),36,677
2019-6,39219010,玻璃纖維強化塑膠板、片及扁條,泰國,出口總值(含復出口),830,137693
2019-6,39219010,玻璃纖維強化塑膠板、片及扁條,馬來西亞,出口總值(含復出口),80,14474
2019-6,39219010,玻璃纖維強化塑膠板、片及扁條,菲律賓,出口總值(含復出口),9,1965
2019-6,39219010,玻璃纖維強化塑膠板、片及扁條,越南,出口總值(含復出口),227,26530
2019-6,39219010,玻璃纖維強化塑膠板、片及扁條,新加坡,出口總值(含復出口),19,2408
2019-6,39219010,玻璃纖維強化塑膠板、片及扁條,義大利,出口總值(含復出口),16,2374
2019-6,39219010,玻璃纖維強化塑膠板、片及扁條,德國,出口總值(含復出口),239,34581
2019-6,39219010,玻璃纖維強化塑膠板、片及扁條,墨西哥,出口總值(含復出口),9,1496
2019-6,39219010,玻璃纖維強化塑膠板、片及扁條,澳大利亞,出口總值(含復出口),3,510
2019-7,39095000,聚胺基甲酸乙酯，初級狀態,中國大陸,進口總值(含復進口),6479,1945736
2019-7,39095000,聚胺基甲酸乙酯，初級狀態,中華民國,進口總值(含復進口),95,25205
2019-7,39095000,聚胺基甲酸乙酯，初級狀態,日本,進口總值(含復進口),892,115642
2019-7,39095000,聚胺基甲酸乙酯，初級狀態,比利時,進口總值(含復進口),25,4200
2019-7,39095000,聚胺基甲酸乙酯，初級狀態,印度,進口總值(含復進口),81,22400
2019-7,39095000,聚胺基甲酸乙酯，初級狀態,西班牙,進口總值(含復進口),242,28420
2019-7,39095000,聚胺基甲酸乙酯，初級狀態,法國,進口總值(含復進口),20,6700
2019-7,39095000,聚胺基甲酸乙酯，初級狀態,南韓,進口總值(含復進口),80,23946
2019-7,39095000,聚胺基甲酸乙酯，初級狀態,美國,進口總值(含復進口),607,87450
2019-7,39095000,聚胺基甲酸乙酯，初級狀態,英國,進口總值(含復進口),4,750
2019-7,39095000,聚胺基甲酸乙酯，初級狀態,馬來西亞,進口總值(含復進口),65,22353
2019-7,39095000,聚胺基甲酸乙酯，初級狀態,荷蘭,進口總值(含復進口),49,4703
2019-7,39095000,聚胺基甲酸乙酯，初級狀態,新加坡,進口總值(含復進口),112,32825
2019-7,39095000,聚胺基甲酸乙酯，初級狀態,瑞士,進口總值(含復進口),9,1760
2019-7,39095000,聚胺基甲酸乙酯，初級狀態,義大利,進口總值(含復進口),100,24700
2019-7,39095000,聚胺基甲酸乙酯，初級狀態,德國,進口總值(含復進口),1121,201525
2019-7,39095000,聚胺基甲酸乙酯，初級狀態,澳大利亞,進口總值(含復進口),67,12724
2019-7,39095000,聚胺基甲酸乙酯，初級狀態,土耳其,出口總值(含復出口),180,59500
2019-7,39095000,聚胺基甲酸乙酯，初級狀態,中國大陸,出口總值(含復出口),11511,3639471
2019-7,39095000,聚胺基甲酸乙酯，初級狀態,巴西,出口總值(含復出口),288,79290
2019-7,39095000,聚胺基甲酸乙酯，初級狀態,巴基斯坦,出口總值(含復出口),17,3700
2019-7,39095000,聚胺基甲酸乙酯，初級狀態,日本,出口總值(含復出口),248,56514
2019-7,39095000,聚胺基甲酸乙酯，初級狀態,比利時,出口總值(含復出口),142,33000
2019-7,39095000,聚胺基甲酸乙酯，初級狀態,以色列,出口總值(含復出口),9,2400
2019-7,39095000,聚胺基甲酸乙酯，初級狀態,卡達,出口總值(含復出口),29,8800
2019-7,39095000,聚胺基甲酸乙酯，初級狀態,伊朗,出口總值(含復出口),154,51000
2019-7,39095000,聚胺基甲酸乙酯，初級狀態,印尼,出口總值(含復出口),1858,539845
2019-7,39095000,聚胺基甲酸乙酯，初級狀態,印度,出口總值(含復出口),660,246315
2019-7,39095000,聚胺基甲酸乙酯，初級狀態,衣索比亞,出口總值(含復出口),37,12000
2019-7,39095000,聚胺基甲酸乙酯，初級狀態,奈及利亞,出口總值(含復出口),48,9000
2019-7,39095000,聚胺基甲酸乙酯，初級狀態,孟加拉,出口總值(含復出口),64,20580
2019-7,39095000,聚胺基甲酸乙酯，初級狀態,波蘭,出口總值(含復出口),39,10000
2019-7,39095000,聚胺基甲酸乙酯，初級狀態,法國,出口總值(含復出口),24,1421
2019-7,39095000,聚胺基甲酸乙酯，初級狀態,阿拉伯聯合大公國,出口總值(含復出口),112,33000
2019-7,39095000,聚胺基甲酸乙酯，初級狀態,阿根廷,出口總值(含復出口),61,17800
2019-7,39095000,聚胺基甲酸乙酯，初級狀態,南非,出口總值(含復出口),4,300
2019-7,39095000,聚胺基甲酸乙酯，初級狀態,南韓,出口總值(含復出口),342,80380
2019-7,39095000,聚胺基甲酸乙酯，初級狀態,柬埔寨,出口總值(含復出口),14,3031
2019-7,39095000,聚胺基甲酸乙酯，初級狀態,美國,出口總值(含復出口),61,12515
2019-7,39095000,聚胺基甲酸乙酯，初級狀態,香港,出口總值(含復出口),1560,466331
2019-7,39095000,聚胺基甲酸乙酯，初級狀態,泰國,出口總值(含復出口),1121,412312
2019-7,39095000,聚胺基甲酸乙酯，初級狀態,秘魯,出口總值(含復出口),18,6000
2019-7,39095000,聚胺基甲酸乙酯，初級狀態,馬來西亞,出口總值(含復出口),558,178080
2019-7,39095000,聚胺基甲酸乙酯，初級狀態,荷蘭,出口總值(含復出口),301,59650
2019-7,39095000,聚胺基甲酸乙酯，初級狀態,智利,出口總值(含復出口),53,22896
2019-7,39095000,聚胺基甲酸乙酯，初級狀態,菲律賓,出口總值(含復出口),100,40376
2019-7,39095000,聚胺基甲酸乙酯，初級狀態,越南,出口總值(含復出口),10703,2987932
2019-7,39095000,聚胺基甲酸乙酯，初級狀態,新加坡,出口總值(含復出口),43,6735
2019-7,39095000,聚胺基甲酸乙酯，初級狀態,瑞典,出口總值(含復出口),1,275
2019-7,39095000,聚胺基甲酸乙酯，初級狀態,德國,出口總值(含復出口),198,35120
2019-7,39095000,聚胺基甲酸乙酯，初級狀態,緬甸,出口總值(含復出口),14,882
2019-7,39095000,聚胺基甲酸乙酯，初級狀態,墨西哥,出口總值(含復出口),304,94400
2019-7,39095000,聚胺基甲酸乙酯，初級狀態,澳大利亞,出口總值(含復出口),0,100
2019-7,39095000,聚胺基甲酸乙酯，初級狀態,澳門,出口總值(含復出口),20,6683
2019-7,39100010,矽油,中國大陸,進口總值(含復進口),1377,475194
2019-7,39100010,矽油,日本,進口總值(含復進口),1808,182295
2019-7,39100010,矽油,比利時,進口總值(含復進口),238,97200
2019-7,39100010,矽油,西班牙,進口總值(含復進口),23,7200
2019-7,39100010,矽油,法國,進口總值(含復進口),13,1500
2019-7,39100010,矽油,南韓,進口總值(含復進口),71,2373
2019-7,39100010,矽油,美國,進口總值(含復進口),526,39898
2019-7,39100010,矽油,英國,進口總值(含復進口),103,31602
2019-7,39100010,矽油,泰國,進口總值(含復進口),266,90720
2019-7,39100010,矽油,馬來西亞,進口總值(含復進口),6,2000
2019-7,39100010,矽油,義大利,進口總值(含復進口),15,7000
2019-7,39100010,矽油,德國,進口總值(含復進口),336,20636
2019-7,39100010,矽油,中國大陸,出口總值(含復出口),758,90015
2019-7,39100010,矽油,孟加拉,出口總值(含復出口),21,20160
2019-7,39100010,矽油,美國,出口總值(含復出口),2,21
2019-7,39100010,矽油,香港,出口總值(含復出口),6,1000
2019-7,39100010,矽油,泰國,出口總值(含復出口),6,720
2019-7,39100010,矽油,馬達加斯加,出口總值(含復出口),5,2400
2019-7,39100010,矽油,越南,出口總值(含復出口),37,7870
2019-7,39111010,石油樹脂,中國大陸,進口總值(含復進口),1728,989100
2019-7,39111010,石油樹脂,中華民國,進口總值(含復進口),17,14050
2019-7,39111010,石油樹脂,日本,進口總值(含復進口),695,259170
2019-7,39111010,石油樹脂,法國,進口總值(含復進口),228,94000
2019-7,39111010,石油樹脂,南韓,進口總值(含復進口),97,42000
2019-7,39111010,石油樹脂,美國,進口總值(含復進口),125,51736
2019-7,39111010,石油樹脂,泰國,進口總值(含復進口),218,102000
2019-7,39111010,石油樹脂,荷蘭,進口總值(含復進口),17,6000
2019-7,39111010,石油樹脂,新加坡,進口總值(含復進口),275,128250
2019-7,39111010,石油樹脂,土耳其,出口總值(含復出口),222,181000
2019-7,39111010,石油樹脂,中國大陸,出口總值(含復出口),2093,1197680
2019-7,39111010,石油樹脂,巴西,出口總值(含復出口),75,44000
2019-7,39111010,石油樹脂,日本,出口總值(含復出口),371,247000
2019-7,39111010,石油樹脂,加拿大,出口總值(含復出口),140,107000
2019-7,39111010,石油樹脂,匈牙利,出口總值(含復出口),22,16000
2019-7,39111010,石油樹脂,印尼,出口總值(含復出口),596,349520
2019-7,39111010,石油樹脂,印度,出口總值(含復出口),562,517700
2019-7,39111010,石油樹脂,西班牙,出口總值(含復出口),90,52000
2019-7,39111010,石油樹脂,沙烏地阿拉伯,出口總值(含復出口),83,64000
2019-7,39111010,石油樹脂,孟加拉,出口總值(含復出口),86,90000
2019-7,39111010,石油樹脂,波蘭,出口總值(含復出口),216,130750
2019-7,39111010,石油樹脂,法國,出口總值(含復出口),176,130000
2019-7,39111010,石油樹脂,俄羅斯,出口總值(含復出口),50,35000
2019-7,39111010,石油樹脂,南非,出口總值(含復出口),47,32000
2019-7,39111010,石油樹脂,南韓,出口總值(含復出口),151,125500
2019-7,39111010,石油樹脂,柬埔寨,出口總值(含復出口),22,16000
2019-7,39111010,石油樹脂,美國,出口總值(含復出口),721,508200
2019-7,39111010,石油樹脂,英國,出口總值(含復出口),113,94875
2019-7,39111010,石油樹脂,香港,出口總值(含復出口),17,6200
2019-7,39111010,石油樹脂,泰國,出口總值(含復出口),495,366000
2019-7,39111010,石油樹脂,馬來西亞,出口總值(含復出口),297,201000
2019-7,39111010,石油樹脂,荷蘭,出口總值(含復出口),144,150000
2019-7,39111010,石油樹脂,菲律賓,出口總值(含復出口),20,19500
2019-7,39111010,石油樹脂,越南,出口總值(含復出口),693,328095
2019-7,39111010,石油樹脂,新加坡,出口總值(含復出口),41,35500
2019-7,39111010,石油樹脂,瑞典,出口總值(含復出口),101,85000
2019-7,39111010,石油樹脂,義大利,出口總值(含復出口),20,15000
2019-7,39111010,石油樹脂,德國,出口總值(含復出口),200,99250
2019-7,39111010,石油樹脂,緬甸,出口總值(含復出口),84,73000
2019-7,39111010,石油樹脂,澳大利亞,出口總值(含復出口),122,85000
2019-7,39219010,玻璃纖維強化塑膠板、片及扁條,中國大陸,進口總值(含復進口),280,69757
2019-7,39219010,玻璃纖維強化塑膠板、片及扁條,日本,進口總值(含復進口),1595,53687
2019-7,39219010,玻璃纖維強化塑膠板、片及扁條,法國,進口總值(含復進口),0,16
2019-7,39219010,玻璃纖維強化塑膠板、片及扁條,南韓,進口總值(含復進口),439,31283
2019-7,39219010,玻璃纖維強化塑膠板、片及扁條,美國,進口總值(含復進口),95,5578
2019-7,39219010,玻璃纖維強化塑膠板、片及扁條,香港,進口總值(含復進口),15,60
2019-7,39219010,玻璃纖維強化塑膠板、片及扁條,泰國,進口總值(含復進口),42,3658
2019-7,39219010,玻璃纖維強化塑膠板、片及扁條,馬來西亞,進口總值(含復進口),137,13254
2019-7,39219010,玻璃纖維強化塑膠板、片及扁條,奧地利,進口總值(含復進口),6,186
2019-7,39219010,玻璃纖維強化塑膠板、片及扁條,愛爾蘭,進口總值(含復進口),9,224
2019-7,39219010,玻璃纖維強化塑膠板、片及扁條,瑞士,進口總值(含復進口),0,4
2019-7,39219010,玻璃纖維強化塑膠板、片及扁條,德國,進口總值(含復進口),67,7270
2019-7,39219010,玻璃纖維強化塑膠板、片及扁條,盧森堡,進口總值(含復進口),177,1316
2019-7,39219010,玻璃纖維強化塑膠板、片及扁條,羅馬尼亞,進口總值(含復進口),14,545
2019-7,39219010,玻璃纖維強化塑膠板、片及扁條,土耳其,出口總值(含復出口),103,5046
2019-7,39219010,玻璃纖維強化塑膠板、片及扁條,中國大陸,出口總值(含復出口),490,19335
2019-7,39219010,玻璃纖維強化塑膠板、片及扁條,日本,出口總值(含復出口),135,20047
2019-7,39219010,玻璃纖維強化塑膠板、片及扁條,北馬里亞納群島,出口總值(含復出口),7,1937
2019-7,39219010,玻璃纖維強化塑膠板、片及扁條,瓜地馬拉,出口總值(含復出口),3,785
2019-7,39219010,玻璃纖維強化塑膠板、片及扁條,印度,出口總值(含復出口),106,15033
2019-7,39219010,玻璃纖維強化塑膠板、片及扁條,東加,出口總值(含復出口),0,50
2019-7,39219010,玻璃纖維強化塑膠板、片及扁條,南韓,出口總值(含復出口),310,52458
2019-7,39219010,玻璃纖維強化塑膠板、片及扁條,美國,出口總值(含復出口),142,31525
2019-7,39219010,玻璃纖維強化塑膠板、片及扁條,香港,出口總值(含復出口),2,351
2019-7,39219010,玻璃纖維強化塑膠板、片及扁條,泰國,出口總值(含復出口),696,117356
2019-7,39219010,玻璃纖維強化塑膠板、片及扁條,索羅門群島,出口總值(含復出口),2,532
2019-7,39219010,玻璃纖維強化塑膠板、片及扁條,馬來西亞,出口總值(含復出口),53,10626
2019-7,39219010,玻璃纖維強化塑膠板、片及扁條,菲律賓,出口總值(含復出口),8,1034
2019-7,39219010,玻璃纖維強化塑膠板、片及扁條,越南,出口總值(含復出口),279,35713
2019-7,39219010,玻璃纖維強化塑膠板、片及扁條,新加坡,出口總值(含復出口),7,243
2019-7,39219010,玻璃纖維強化塑膠板、片及扁條,義大利,出口總值(含復出口),7,656
2019-7,39219010,玻璃纖維強化塑膠板、片及扁條,葡萄牙,出口總值(含復出口),6,209
2019-7,39219010,玻璃纖維強化塑膠板、片及扁條,德國,出口總值(含復出口),210,31788
2019-7,39219010,玻璃纖維強化塑膠板、片及扁條,墨西哥,出口總值(含復出口),6,1165
2019-8,39095000,聚胺基甲酸乙酯，初級狀態,土耳其,進口總值(含復進口),11,4212
2019-8,39095000,聚胺基甲酸乙酯，初級狀態,中國大陸,進口總值(含復進口),4752,1457544
2019-8,39095000,聚胺基甲酸乙酯，初級狀態,中華民國,進口總值(含復進口),149,32456
2019-8,39095000,聚胺基甲酸乙酯，初級狀態,日本,進口總值(含復進口),800,129190
2019-8,39095000,聚胺基甲酸乙酯，初級狀態,比利時,進口總值(含復進口),2,119
2019-8,39095000,聚胺基甲酸乙酯，初級狀態,加拿大,進口總值(含復進口),23,997
2019-8,39095000,聚胺基甲酸乙酯，初級狀態,印度,進口總值(含復進口),98,25280
2019-8,39095000,聚胺基甲酸乙酯，初級狀態,西班牙,進口總值(含復進口),115,18730
2019-8,39095000,聚胺基甲酸乙酯，初級狀態,法國,進口總值(含復進口),14,1000
2019-8,39095000,聚胺基甲酸乙酯，初級狀態,南韓,進口總值(含復進口),56,21320
2019-8,39095000,聚胺基甲酸乙酯，初級狀態,美國,進口總值(含復進口),841,138715
2019-8,39095000,聚胺基甲酸乙酯，初級狀態,英國,進口總值(含復進口),14,3195
2019-8,39095000,聚胺基甲酸乙酯，初級狀態,馬來西亞,進口總值(含復進口),45,18000
2019-8,39095000,聚胺基甲酸乙酯，初級狀態,荷蘭,進口總值(含復進口),66,14980
2019-8,39095000,聚胺基甲酸乙酯，初級狀態,新加坡,進口總值(含復進口),39,10267
2019-8,39095000,聚胺基甲酸乙酯，初級狀態,義大利,進口總值(含復進口),281,112069
2019-8,39095000,聚胺基甲酸乙酯，初級狀態,德國,進口總值(含復進口),649,118719
2019-8,39095000,聚胺基甲酸乙酯，初級狀態,墨西哥,進口總值(含復進口),4,800
2019-8,39095000,聚胺基甲酸乙酯，初級狀態,澳大利亞,進口總值(含復進口),7,900
2019-8,39095000,聚胺基甲酸乙酯，初級狀態,土耳其,出口總值(含復出口),277,96130
2019-8,39095000,聚胺基甲酸乙酯，初級狀態,中國大陸,出口總值(含復出口),10854,3524392
2019-8,39095000,聚胺基甲酸乙酯，初級狀態,巴西,出口總值(含復出口),351,95780
2019-8,39095000,聚胺基甲酸乙酯，初級狀態,日本,出口總值(含復出口),286,70718
2019-8,39095000,聚胺基甲酸乙酯，初級狀態,印尼,出口總值(含復出口),1834,594674
2019-8,39095000,聚胺基甲酸乙酯，初級狀態,印度,出口總值(含復出口),420,151408
2019-8,39095000,聚胺基甲酸乙酯，初級狀態,西班牙,出口總值(含復出口),33,15450
2019-8,39095000,聚胺基甲酸乙酯，初級狀態,孟加拉,出口總值(含復出口),6,1500
2019-8,39095000,聚胺基甲酸乙酯，初級狀態,法國,出口總值(含復出口),13,2987
2019-8,39095000,聚胺基甲酸乙酯，初級狀態,阿拉伯聯合大公國,出口總值(含復出口),344,111850
2019-8,39095000,聚胺基甲酸乙酯，初級狀態,阿根廷,出口總值(含復出口),90,26000
2019-8,39095000,聚胺基甲酸乙酯，初級狀態,南韓,出口總值(含復出口),667,173380
2019-8,39095000,聚胺基甲酸乙酯，初級狀態,柬埔寨,出口總值(含復出口),57,24090
2019-8,39095000,聚胺基甲酸乙酯，初級狀態,約旦,出口總值(含復出口),17,17000
2019-8,39095000,聚胺基甲酸乙酯，初級狀態,美國,出口總值(含復出口),55,5680
2019-8,39095000,聚胺基甲酸乙酯，初級狀態,香港,出口總值(含復出口),1919,567168
2019-8,39095000,聚胺基甲酸乙酯，初級狀態,哥倫比亞,出口總值(含復出口),31,8000
2019-8,39095000,聚胺基甲酸乙酯，初級狀態,泰國,出口總值(含復出口),593,218969
2019-8,39095000,聚胺基甲酸乙酯，初級狀態,秘魯,出口總值(含復出口),16,6000
2019-8,39095000,聚胺基甲酸乙酯，初級狀態,馬來西亞,出口總值(含復出口),440,130252
2019-8,39095000,聚胺基甲酸乙酯，初級狀態,荷蘭,出口總值(含復出口),437,88000
2019-8,39095000,聚胺基甲酸乙酯，初級狀態,斐濟,出口總值(含復出口),16,864
2019-8,39095000,聚胺基甲酸乙酯，初級狀態,斯里蘭卡,出口總值(含復出口),15,3400
2019-8,39095000,聚胺基甲酸乙酯，初級狀態,菲律賓,出口總值(含復出口),117,37405
2019-8,39095000,聚胺基甲酸乙酯，初級狀態,越南,出口總值(含復出口),11044,3018334
2019-8,39095000,聚胺基甲酸乙酯，初級狀態,新加坡,出口總值(含復出口),58,15400
2019-8,39095000,聚胺基甲酸乙酯，初級狀態,瑞典,出口總值(含復出口),68,16000
2019-8,39095000,聚胺基甲酸乙酯，初級狀態,義大利,出口總值(含復出口),115,40000
2019-8,39095000,聚胺基甲酸乙酯，初級狀態,德國,出口總值(含復出口),100,17000
2019-8,39095000,聚胺基甲酸乙酯，初級狀態,緬甸,出口總值(含復出口),7,576
2019-8,39095000,聚胺基甲酸乙酯，初級狀態,墨西哥,出口總值(含復出口),130,39100
2019-8,39095000,聚胺基甲酸乙酯，初級狀態,澳大利亞,出口總值(含復出口),15,4000
2019-8,39100010,矽油,中國大陸,進口總值(含復進口),1041,418128
2019-8,39100010,矽油,日本,進口總值(含復進口),1002,239101
2019-8,39100010,矽油,加拿大,進口總值(含復進口),39,3100
2019-8,39100010,矽油,印度,進口總值(含復進口),48,4320
2019-8,39100010,矽油,法國,進口總值(含復進口),264,48000
2019-8,39100010,矽油,南韓,進口總值(含復進口),1,38
2019-8,39100010,矽油,美國,進口總值(含復進口),447,60447
2019-8,39100010,矽油,英國,進口總值(含復進口),47,17163
2019-8,39100010,矽油,泰國,進口總值(含復進口),260,88320
2019-8,39100010,矽油,荷蘭,進口總值(含復進口),5,805
2019-8,39100010,矽油,德國,進口總值(含復進口),129,20064
2019-8,39100010,矽油,中國大陸,出口總值(含復出口),779,91937
2019-8,39100010,矽油,丹麥,出口總值(含復出口),5,330
2019-8,39100010,矽油,印度,出口總值(含復出口),5,780
2019-8,39100010,矽油,孟加拉,出口總值(含復出口),9,1536
2019-8,39100010,矽油,香港,出口總值(含復出口),45,7680
2019-8,39100010,矽油,泰國,出口總值(含復出口),41,4360
2019-8,39100010,矽油,馬來西亞,出口總值(含復出口),28,2400
2019-8,39100010,矽油,越南,出口總值(含復出口),62,13147
2019-8,39111010,石油樹脂,中國大陸,進口總值(含復進口),1407,841613
2019-8,39111010,石油樹脂,日本,進口總值(含復進口),592,210345
2019-8,39111010,石油樹脂,法國,進口總值(含復進口),275,152555
2019-8,39111010,石油樹脂,南韓,進口總值(含復進口),57,28000
2019-8,39111010,石油樹脂,美國,進口總值(含復進口),279,106432
2019-8,39111010,石油樹脂,泰國,進口總值(含復進口),192,78500
2019-8,39111010,石油樹脂,荷蘭,進口總值(含復進口),59,21000
2019-8,39111010,石油樹脂,新加坡,進口總值(含復進口),140,67500
2019-8,39111010,石油樹脂,土耳其,出口總值(含復出口),159,130000
2019-8,39111010,石油樹脂,中國大陸,出口總值(含復出口),2310,1293483
2019-8,39111010,石油樹脂,巴西,出口總值(含復出口),99,74000
2019-8,39111010,石油樹脂,巴基斯坦,出口總值(含復出口),21,16000
2019-8,39111010,石油樹脂,日本,出口總值(含復出口),570,344375
2019-8,39111010,石油樹脂,加拿大,出口總值(含復出口),134,100000
2019-8,39111010,石油樹脂,印尼,出口總值(含復出口),662,465440
2019-8,39111010,石油樹脂,印度,出口總值(含復出口),447,417180
2019-8,39111010,石油樹脂,西班牙,出口總值(含復出口),208,159000
2019-8,39111010,石油樹脂,沙烏地阿拉伯,出口總值(含復出口),21,16000
2019-8,39111010,石油樹脂,孟加拉,出口總值(含復出口),46,39000
2019-8,39111010,石油樹脂,波蘭,出口總值(含復出口),167,86750
2019-8,39111010,石油樹脂,法國,出口總值(含復出口),203,182000
2019-8,39111010,石油樹脂,阿根廷,出口總值(含復出口),21,14000
2019-8,39111010,石油樹脂,俄羅斯,出口總值(含復出口),78,64000
2019-8,39111010,石油樹脂,南非,出口總值(含復出口),54,43000
2019-8,39111010,石油樹脂,南韓,出口總值(含復出口),119,93975
2019-8,39111010,石油樹脂,柬埔寨,出口總值(含復出口),2,1000
2019-8,39111010,石油樹脂,美國,出口總值(含復出口),772,552400
2019-8,39111010,石油樹脂,英國,出口總值(含復出口),159,144000
2019-8,39111010,石油樹脂,香港,出口總值(含復出口),12,3700
2019-8,39111010,石油樹脂,泰國,出口總值(含復出口),161,114500
2019-8,39111010,石油樹脂,馬來西亞,出口總值(含復出口),252,217500
2019-8,39111010,石油樹脂,荷蘭,出口總值(含復出口),176,158000
2019-8,39111010,石油樹脂,斯里蘭卡,出口總值(含復出口),10,6000
2019-8,39111010,石油樹脂,菲律賓,出口總值(含復出口),17,8200
2019-8,39111010,石油樹脂,越南,出口總值(含復出口),934,492853
2019-8,39111010,石油樹脂,新加坡,出口總值(含復出口),31,26000
2019-8,39111010,石油樹脂,瑞典,出口總值(含復出口),24,25000
2019-8,39111010,石油樹脂,義大利,出口總值(含復出口),36,25000
2019-8,39111010,石油樹脂,葡萄牙,出口總值(含復出口),29,14000
2019-8,39111010,石油樹脂,德國,出口總值(含復出口),377,176500
2019-8,39111010,石油樹脂,澳大利亞,出口總值(含復出口),209,156000
2019-8,39219010,玻璃纖維強化塑膠板、片及扁條,土耳其,進口總值(含復進口),31,9870
2019-8,39219010,玻璃纖維強化塑膠板、片及扁條,中國大陸,進口總值(含復進口),236,48161
2019-8,39219010,玻璃纖維強化塑膠板、片及扁條,日本,進口總值(含復進口),880,22899
2019-8,39219010,玻璃纖維強化塑膠板、片及扁條,法國,進口總值(含復進口),96,8150
2019-8,39219010,玻璃纖維強化塑膠板、片及扁條,南韓,進口總值(含復進口),439,48231
2019-8,39219010,玻璃纖維強化塑膠板、片及扁條,美國,進口總值(含復進口),66,1974
2019-8,39219010,玻璃纖維強化塑膠板、片及扁條,香港,進口總值(含復進口),18,122
2019-8,39219010,玻璃纖維強化塑膠板、片及扁條,泰國,進口總值(含復進口),74,10524
2019-8,39219010,玻璃纖維強化塑膠板、片及扁條,奧地利,進口總值(含復進口),1,37
2019-8,39219010,玻璃纖維強化塑膠板、片及扁條,愛爾蘭,進口總值(含復進口),7,211
2019-8,39219010,玻璃纖維強化塑膠板、片及扁條,瑞士,進口總值(含復進口),0,2
2019-8,39219010,玻璃纖維強化塑膠板、片及扁條,德國,進口總值(含復進口),3,642
2019-8,39219010,玻璃纖維強化塑膠板、片及扁條,墨西哥,進口總值(含復進口),7,70
2019-8,39219010,玻璃纖維強化塑膠板、片及扁條,盧森堡,進口總值(含復進口),140,1176
2019-8,39219010,玻璃纖維強化塑膠板、片及扁條,中國大陸,出口總值(含復出口),824,54190
2019-8,39219010,玻璃纖維強化塑膠板、片及扁條,日本,出口總值(含復出口),281,48004
2019-8,39219010,玻璃纖維強化塑膠板、片及扁條,瓜地馬拉,出口總值(含復出口),1,59
2019-8,39219010,玻璃纖維強化塑膠板、片及扁條,印度,出口總值(含復出口),73,25514
2019-8,39219010,玻璃纖維強化塑膠板、片及扁條,阿拉伯聯合大公國,出口總值(含復出口),8,1514
2019-8,39219010,玻璃纖維強化塑膠板、片及扁條,南非,出口總值(含復出口),2,7
2019-8,39219010,玻璃纖維強化塑膠板、片及扁條,南韓,出口總值(含復出口),396,56799
2019-8,39219010,玻璃纖維強化塑膠板、片及扁條,柬埔寨,出口總值(含復出口),21,14662
2019-8,39219010,玻璃纖維強化塑膠板、片及扁條,美國,出口總值(含復出口),10,1418
2019-8,39219010,玻璃纖維強化塑膠板、片及扁條,香港,出口總值(含復出口),4,789
2019-8,39219010,玻璃纖維強化塑膠板、片及扁條,泰國,出口總值(含復出口),576,98925
2019-8,39219010,玻璃纖維強化塑膠板、片及扁條,馬來西亞,出口總值(含復出口),103,18967
2019-8,39219010,玻璃纖維強化塑膠板、片及扁條,菲律賓,出口總值(含復出口),50,2596
2019-8,39219010,玻璃纖維強化塑膠板、片及扁條,越南,出口總值(含復出口),230,29463
2019-8,39219010,玻璃纖維強化塑膠板、片及扁條,新加坡,出口總值(含復出口),18,1960
2019-8,39219010,玻璃纖維強化塑膠板、片及扁條,瑞士,出口總值(含復出口),10,490
2019-8,39219010,玻璃纖維強化塑膠板、片及扁條,葡萄牙,出口總值(含復出口),7,220
2019-8,39219010,玻璃纖維強化塑膠板、片及扁條,德國,出口總值(含復出口),75,11780
2019-8,39219010,玻璃纖維強化塑膠板、片及扁條,澳大利亞,出口總值(含復出口),7,147
2019-8,39219010,玻璃纖維強化塑膠板、片及扁條,關島,出口總值(含復出口),8,262
2019-9,39095000,聚胺基甲酸乙酯，初級狀態,中國大陸,進口總值(含復進口),5324,1727267
2019-9,39095000,聚胺基甲酸乙酯，初級狀態,中華民國,進口總值(含復進口),20,5104
2019-9,39095000,聚胺基甲酸乙酯，初級狀態,日本,進口總值(含復進口),985,165061
2019-9,39095000,聚胺基甲酸乙酯，初級狀態,比利時,進口總值(含復進口),49,6400
2019-9,39095000,聚胺基甲酸乙酯，初級狀態,印度,進口總值(含復進口),16,8000
2019-9,39095000,聚胺基甲酸乙酯，初級狀態,西班牙,進口總值(含復進口),79,13560
2019-9,39095000,聚胺基甲酸乙酯，初級狀態,南韓,進口總值(含復進口),216,88190
2019-9,39095000,聚胺基甲酸乙酯，初級狀態,美國,進口總值(含復進口),1547,175001
2019-9,39095000,聚胺基甲酸乙酯，初級狀態,英國,進口總值(含復進口),65,17548
2019-9,39095000,聚胺基甲酸乙酯，初級狀態,馬來西亞,進口總值(含復進口),22,4706
2019-9,39095000,聚胺基甲酸乙酯，初級狀態,荷蘭,進口總值(含復進口),4,608
2019-9,39095000,聚胺基甲酸乙酯，初級狀態,越南,進口總值(含復進口),9,6000
2019-9,39095000,聚胺基甲酸乙酯，初級狀態,新加坡,進口總值(含復進口),38,10500
2019-9,39095000,聚胺基甲酸乙酯，初級狀態,義大利,進口總值(含復進口),29,6613
2019-9,39095000,聚胺基甲酸乙酯，初級狀態,德國,進口總值(含復進口),981,147745
2019-9,39095000,聚胺基甲酸乙酯，初級狀態,澳大利亞,進口總值(含復進口),1,100
2019-9,39095000,聚胺基甲酸乙酯，初級狀態,土耳其,出口總值(含復出口),210,71200
2019-9,39095000,聚胺基甲酸乙酯，初級狀態,中國大陸,出口總值(含復出口),11463,3645499
2019-9,39095000,聚胺基甲酸乙酯，初級狀態,厄瓜多,出口總值(含復出口),19,3200
2019-9,39095000,聚胺基甲酸乙酯，初級狀態,巴西,出口總值(含復出口),446,122640
2019-9,39095000,聚胺基甲酸乙酯，初級狀態,巴基斯坦,出口總值(含復出口),19,7200
2019-9,39095000,聚胺基甲酸乙酯，初級狀態,日本,出口總值(含復出口),74,17225
2019-9,39095000,聚胺基甲酸乙酯，初級狀態,比利時,出口總值(含復出口),136,42720
2019-9,39095000,聚胺基甲酸乙酯，初級狀態,卡達,出口總值(含復出口),29,8800
2019-9,39095000,聚胺基甲酸乙酯，初級狀態,印尼,出口總值(含復出口),1871,564040
2019-9,39095000,聚胺基甲酸乙酯，初級狀態,印度,出口總值(含復出口),831,292947
2019-9,39095000,聚胺基甲酸乙酯，初級狀態,西班牙,出口總值(含復出口),38,15000
2019-9,39095000,聚胺基甲酸乙酯，初級狀態,沙烏地阿拉伯,出口總值(含復出口),57,17295
2019-9,39095000,聚胺基甲酸乙酯，初級狀態,孟加拉,出口總值(含復出口),103,48750
2019-9,39095000,聚胺基甲酸乙酯，初級狀態,法國,出口總值(含復出口),10,2182
2019-9,39095000,聚胺基甲酸乙酯，初級狀態,肯亞,出口總值(含復出口),13,4000
2019-9,39095000,聚胺基甲酸乙酯，初級狀態,阿拉伯聯合大公國,出口總值(含復出口),103,28040
2019-9,39095000,聚胺基甲酸乙酯，初級狀態,南韓,出口總值(含復出口),895,228146
2019-9,39095000,聚胺基甲酸乙酯，初級狀態,柬埔寨,出口總值(含復出口),9,2875
2019-9,39095000,聚胺基甲酸乙酯，初級狀態,科威特,出口總值(含復出口),11,2400
2019-9,39095000,聚胺基甲酸乙酯，初級狀態,美國,出口總值(含復出口),117,23475
2019-9,39095000,聚胺基甲酸乙酯，初級狀態,香港,出口總值(含復出口),1138,329766
2019-9,39095000,聚胺基甲酸乙酯，初級狀態,埃及,出口總值(含復出口),3,3045
2019-9,39095000,聚胺基甲酸乙酯，初級狀態,泰國,出口總值(含復出口),681,263158
2019-9,39095000,聚胺基甲酸乙酯，初級狀態,烏拉圭,出口總值(含復出口),3,1000
2019-9,39095000,聚胺基甲酸乙酯，初級狀態,馬來西亞,出口總值(含復出口),395,164975
2019-9,39095000,聚胺基甲酸乙酯，初級狀態,荷蘭,出口總值(含復出口),1349,261560
2019-9,39095000,聚胺基甲酸乙酯，初級狀態,智利,出口總值(含復出口),44,17120
2019-9,39095000,聚胺基甲酸乙酯，初級狀態,菲律賓,出口總值(含復出口),91,36966
2019-9,39095000,聚胺基甲酸乙酯，初級狀態,越南,出口總值(含復出口),10487,3051925
2019-9,39095000,聚胺基甲酸乙酯，初級狀態,新加坡,出口總值(含復出口),84,25710
2019-9,39095000,聚胺基甲酸乙酯，初級狀態,瑞典,出口總值(含復出口),51,13100
2019-9,39095000,聚胺基甲酸乙酯，初級狀態,義大利,出口總值(含復出口),235,85000
2019-9,39095000,聚胺基甲酸乙酯，初級狀態,德國,出口總值(含復出口),87,18000
2019-9,39095000,聚胺基甲酸乙酯，初級狀態,摩洛哥,出口總值(含復出口),56,15825
2019-9,39095000,聚胺基甲酸乙酯，初級狀態,緬甸,出口總值(含復出口),43,17280
2019-9,39095000,聚胺基甲酸乙酯，初級狀態,墨西哥,出口總值(含復出口),91,22500
2019-9,39095000,聚胺基甲酸乙酯，初級狀態,澳大利亞,出口總值(含復出口),10,960
2019-9,39095000,聚胺基甲酸乙酯，初級狀態,澳門,出口總值(含復出口),5,1220
2019-9,39100010,矽油,中國大陸,進口總值(含復進口),934,351773
2019-9,39100010,矽油,日本,進口總值(含復進口),1114,278564
2019-9,39100010,矽油,法國,進口總值(含復進口),12,1041
2019-9,39100010,矽油,南韓,進口總值(含復進口),59,2827
2019-9,39100010,矽油,美國,進口總值(含復進口),400,58295
2019-9,39100010,矽油,英國,進口總值(含復進口),105,41340
2019-9,39100010,矽油,泰國,進口總值(含復進口),397,150860
2019-9,39100010,矽油,荷蘭,進口總值(含復進口),18,4000
2019-9,39100010,矽油,義大利,進口總值(含復進口),39,9500
2019-9,39100010,矽油,德國,進口總值(含復進口),77,12080
2019-9,39100010,矽油,中國大陸,出口總值(含復出口),898,120801
2019-9,39100010,矽油,巴基斯坦,出口總值(含復出口),6,2970
2019-9,39100010,矽油,印尼,出口總值(含復出口),63,15588
2019-9,39100010,矽油,印度,出口總值(含復出口),6,880
2019-9,39100010,矽油,法國,出口總值(含復出口),0,1
2019-9,39100010,矽油,香港,出口總值(含復出口),5,390
2019-9,39100010,矽油,馬來西亞,出口總值(含復出口),10,1520
2019-9,39100010,矽油,越南,出口總值(含復出口),66,15558
2019-9,39100010,矽油,德國,出口總值(含復出口),0,20
2019-9,39100010,矽油,薩爾瓦多,出口總值(含復出口),0,240
2019-9,39111010,石油樹脂,中國大陸,進口總值(含復進口),1471,804800
2019-9,39111010,石油樹脂,日本,進口總值(含復進口),876,309970
2019-9,39111010,石油樹脂,法國,進口總值(含復進口),204,89075
2019-9,39111010,石油樹脂,南韓,進口總值(含復進口),80,44000
2019-9,39111010,石油樹脂,美國,進口總值(含復進口),253,101455
2019-9,39111010,石油樹脂,泰國,進口總值(含復進口),101,48000
2019-9,39111010,石油樹脂,荷蘭,進口總值(含復進口),60,20000
2019-9,39111010,石油樹脂,新加坡,進口總值(含復進口),126,60750
2019-9,39111010,石油樹脂,土耳其,出口總值(含復出口),242,200000
2019-9,39111010,石油樹脂,中國大陸,出口總值(含復出口),1951,1213779
2019-9,39111010,石油樹脂,巴西,出口總值(含復出口),95,51750
2019-9,39111010,石油樹脂,日本,出口總值(含復出口),527,353350
2019-9,39111010,石油樹脂,加拿大,出口總值(含復出口),110,100000
2019-9,39111010,石油樹脂,印尼,出口總值(含復出口),604,389700
2019-9,39111010,石油樹脂,印度,出口總值(含復出口),361,360600
2019-9,39111010,石油樹脂,西班牙,出口總值(含復出口),136,92000
2019-9,39111010,石油樹脂,希臘,出口總值(含復出口),18,16000
2019-9,39111010,石油樹脂,沙烏地阿拉伯,出口總值(含復出口),24,16000
2019-9,39111010,石油樹脂,孟加拉,出口總值(含復出口),84,90000
2019-9,39111010,石油樹脂,波蘭,出口總值(含復出口),245,144750
2019-9,39111010,石油樹脂,法國,出口總值(含復出口),94,66000
2019-9,39111010,石油樹脂,阿根廷,出口總值(含復出口),20,14000
2019-9,39111010,石油樹脂,俄羅斯,出口總值(含復出口),58,48000
2019-9,39111010,石油樹脂,南非,出口總值(含復出口),54,48000
2019-9,39111010,石油樹脂,南韓,出口總值(含復出口),153,108000
2019-9,39111010,石油樹脂,柬埔寨,出口總值(含復出口),22,16000
2019-9,39111010,石油樹脂,美國,出口總值(含復出口),882,611950
2019-9,39111010,石油樹脂,英國,出口總值(含復出口),163,140000
2019-9,39111010,石油樹脂,香港,出口總值(含復出口),8,4000
2019-9,39111010,石油樹脂,泰國,出口總值(含復出口),166,122000
2019-9,39111010,石油樹脂,馬來西亞,出口總值(含復出口),288,201500
2019-9,39111010,石油樹脂,荷蘭,出口總值(含復出口),309,316000
2019-9,39111010,石油樹脂,菲律賓,出口總值(含復出口),3,2100
2019-9,39111010,石油樹脂,越南,出口總值(含復出口),902,423540
2019-9,39111010,石油樹脂,新加坡,出口總值(含復出口),72,61500
2019-9,39111010,石油樹脂,瑞典,出口總值(含復出口),60,48000
2019-9,39111010,石油樹脂,德國,出口總值(含復出口),164,91500
2019-9,39111010,石油樹脂,緬甸,出口總值(含復出口),121,95000
2019-9,39111010,石油樹脂,墨西哥,出口總值(含復出口),27,16000
2019-9,39111010,石油樹脂,澳大利亞,出口總值(含復出口),130,86500
2019-9,39219010,玻璃纖維強化塑膠板、片及扁條,中國大陸,進口總值(含復進口),298,41053
2019-9,39219010,玻璃纖維強化塑膠板、片及扁條,日本,進口總值(含復進口),1607,54799
2019-9,39219010,玻璃纖維強化塑膠板、片及扁條,法國,進口總值(含復進口),60,5829
2019-9,39219010,玻璃纖維強化塑膠板、片及扁條,南韓,進口總值(含復進口),539,31826
2019-9,39219010,玻璃纖維強化塑膠板、片及扁條,美國,進口總值(含復進口),171,14064
2019-9,39219010,玻璃纖維強化塑膠板、片及扁條,香港,進口總值(含復進口),27,155
2019-9,39219010,玻璃纖維強化塑膠板、片及扁條,泰國,進口總值(含復進口),24,3500
2019-9,39219010,玻璃纖維強化塑膠板、片及扁條,義大利,進口總值(含復進口),5,1058
2019-9,39219010,玻璃纖維強化塑膠板、片及扁條,德國,進口總值(含復進口),20,1654
2019-9,39219010,玻璃纖維強化塑膠板、片及扁條,墨西哥,進口總值(含復進口),28,288
2019-9,39219010,玻璃纖維強化塑膠板、片及扁條,中國大陸,出口總值(含復出口),398,15719
2019-9,39219010,玻璃纖維強化塑膠板、片及扁條,巴西,出口總值(含復出口),14,1669
2019-9,39219010,玻璃纖維強化塑膠板、片及扁條,日本,出口總值(含復出口),310,38638
2019-9,39219010,玻璃纖維強化塑膠板、片及扁條,瓜地馬拉,出口總值(含復出口),1,118
2019-9,39219010,玻璃纖維強化塑膠板、片及扁條,印度,出口總值(含復出口),7,483
2019-9,39219010,玻璃纖維強化塑膠板、片及扁條,沙烏地阿拉伯,出口總值(含復出口),31,5712
2019-9,39219010,玻璃纖維強化塑膠板、片及扁條,帛琉,出口總值(含復出口),2,638
2019-9,39219010,玻璃纖維強化塑膠板、片及扁條,法國,出口總值(含復出口),4,120
2019-9,39219010,玻璃纖維強化塑膠板、片及扁條,南韓,出口總值(含復出口),321,46254
2019-9,39219010,玻璃纖維強化塑膠板、片及扁條,美國,出口總值(含復出口),145,35444
2019-9,39219010,玻璃纖維強化塑膠板、片及扁條,英國,出口總值(含復出口),2,29
2019-9,39219010,玻璃纖維強化塑膠板、片及扁條,香港,出口總值(含復出口),8,862
2019-9,39219010,玻璃纖維強化塑膠板、片及扁條,泰國,出口總值(含復出口),446,76168
2019-9,39219010,玻璃纖維強化塑膠板、片及扁條,馬來西亞,出口總值(含復出口),87,18110
2019-9,39219010,玻璃纖維強化塑膠板、片及扁條,菲律賓,出口總值(含復出口),20,2516
2019-9,39219010,玻璃纖維強化塑膠板、片及扁條,越南,出口總值(含復出口),356,47208
2019-9,39219010,玻璃纖維強化塑膠板、片及扁條,新加坡,出口總值(含復出口),41,5176
2019-9,39219010,玻璃纖維強化塑膠板、片及扁條,瑞士,出口總值(含復出口),10,459
2019-9,39219010,玻璃纖維強化塑膠板、片及扁條,義大利,出口總值(含復出口),53,9127
2019-9,39219010,玻璃纖維強化塑膠板、片及扁條,德國,出口總值(含復出口),270,41569
2019-9,39219010,玻璃纖維強化塑膠板、片及扁條,墨西哥,出口總值(含復出口),7,1149
2019-10,39095000,聚胺基甲酸乙酯，初級狀態,中國大陸,進口總值(含復進口),6465,1902666
2019-10,39095000,聚胺基甲酸乙酯，初級狀態,中華民國,進口總值(含復進口),104,24515
2019-10,39095000,聚胺基甲酸乙酯，初級狀態,丹麥,進口總值(含復進口),0,95
2019-10,39095000,聚胺基甲酸乙酯，初級狀態,日本,進口總值(含復進口),1109,159438
2019-10,39095000,聚胺基甲酸乙酯，初級狀態,比利時,進口總值(含復進口),1,200
2019-10,39095000,聚胺基甲酸乙酯，初級狀態,印度,進口總值(含復進口),82,22500
2019-10,39095000,聚胺基甲酸乙酯，初級狀態,西班牙,進口總值(含復進口),79,15000
2019-10,39095000,聚胺基甲酸乙酯，初級狀態,希臘,進口總值(含復進口),38,16000
2019-10,39095000,聚胺基甲酸乙酯，初級狀態,法國,進口總值(含復進口),44,7360
2019-10,39095000,聚胺基甲酸乙酯，初級狀態,南韓,進口總值(含復進口),208,69064
2019-10,39095000,聚胺基甲酸乙酯，初級狀態,美國,進口總值(含復進口),1531,238873
2019-10,39095000,聚胺基甲酸乙酯，初級狀態,英國,進口總值(含復進口),8,1226
2019-10,39095000,聚胺基甲酸乙酯，初級狀態,泰國,進口總值(含復進口),2,580
2019-10,39095000,聚胺基甲酸乙酯，初級狀態,馬來西亞,進口總值(含復進口),97,27500
2019-10,39095000,聚胺基甲酸乙酯，初級狀態,荷蘭,進口總值(含復進口),8,1650
2019-10,39095000,聚胺基甲酸乙酯，初級狀態,越南,進口總值(含復進口),5,2300
2019-10,39095000,聚胺基甲酸乙酯，初級狀態,奧地利,進口總值(含復進口),0,50
2019-10,39095000,聚胺基甲酸乙酯，初級狀態,新加坡,進口總值(含復進口),78,23795
2019-10,39095000,聚胺基甲酸乙酯，初級狀態,瑞士,進口總值(含復進口),8,660
2019-10,39095000,聚胺基甲酸乙酯，初級狀態,義大利,進口總值(含復進口),86,13956
2019-10,39095000,聚胺基甲酸乙酯，初級狀態,德國,進口總值(含復進口),639,104910
2019-10,39095000,聚胺基甲酸乙酯，初級狀態,澳大利亞,進口總值(含復進口),25,4300
2019-10,39095000,聚胺基甲酸乙酯，初級狀態,土耳其,出口總值(含復出口),278,84650
2019-10,39095000,聚胺基甲酸乙酯，初級狀態,中國大陸,出口總值(含復出口),12786,4085415
2019-10,39095000,聚胺基甲酸乙酯，初級狀態,巴西,出口總值(含復出口),318,94420
2019-10,39095000,聚胺基甲酸乙酯，初級狀態,巴基斯坦,出口總值(含復出口),42,16000
2019-10,39095000,聚胺基甲酸乙酯，初級狀態,日本,出口總值(含復出口),172,34161
2019-10,39095000,聚胺基甲酸乙酯，初級狀態,比利時,出口總值(含復出口),168,54600
2019-10,39095000,聚胺基甲酸乙酯，初級狀態,瓜地馬拉,出口總值(含復出口),54,14000
2019-10,39095000,聚胺基甲酸乙酯，初級狀態,印尼,出口總值(含復出口),1882,530096
2019-10,39095000,聚胺基甲酸乙酯，初級狀態,印度,出口總值(含復出口),734,269739
2019-10,39095000,聚胺基甲酸乙酯，初級狀態,西班牙,出口總值(含復出口),37,15000
2019-10,39095000,聚胺基甲酸乙酯，初級狀態,孟加拉,出口總值(含復出口),190,68744
2019-10,39095000,聚胺基甲酸乙酯，初級狀態,波蘭,出口總值(含復出口),2,10
2019-10,39095000,聚胺基甲酸乙酯，初級狀態,法國,出口總值(含復出口),10,2206
2019-10,39095000,聚胺基甲酸乙酯，初級狀態,肯亞,出口總值(含復出口),23,1260
2019-10,39095000,聚胺基甲酸乙酯，初級狀態,阿拉伯聯合大公國,出口總值(含復出口),756,243248
2019-10,39095000,聚胺基甲酸乙酯，初級狀態,俄羅斯,出口總值(含復出口),40,14400
2019-10,39095000,聚胺基甲酸乙酯，初級狀態,南韓,出口總值(含復出口),506,125208
2019-10,39095000,聚胺基甲酸乙酯，初級狀態,柬埔寨,出口總值(含復出口),24,7130
2019-10,39095000,聚胺基甲酸乙酯，初級狀態,美國,出口總值(含復出口),233,33544
2019-10,39095000,聚胺基甲酸乙酯，初級狀態,香港,出口總值(含復出口),1297,338253
2019-10,39095000,聚胺基甲酸乙酯，初級狀態,哥倫比亞,出口總值(含復出口),11,3600
2019-10,39095000,聚胺基甲酸乙酯，初級狀態,埃及,出口總值(含復出口),24,17000
2019-10,39095000,聚胺基甲酸乙酯，初級狀態,泰國,出口總值(含復出口),927,354505
2019-10,39095000,聚胺基甲酸乙酯，初級狀態,秘魯,出口總值(含復出口),38,14100
2019-10,39095000,聚胺基甲酸乙酯，初級狀態,馬來西亞,出口總值(含復出口),337,119717
2019-10,39095000,聚胺基甲酸乙酯，初級狀態,荷蘭,出口總值(含復出口),183,35600
2019-10,39095000,聚胺基甲酸乙酯，初級狀態,斯里蘭卡,出口總值(含復出口),4,1000
2019-10,39095000,聚胺基甲酸乙酯，初級狀態,斯洛維尼亞,出口總值(含復出口),12,3000
2019-10,39095000,聚胺基甲酸乙酯，初級狀態,智利,出口總值(含復出口),53,22896
2019-10,39095000,聚胺基甲酸乙酯，初級狀態,菲律賓,出口總值(含復出口),9,8160
2019-10,39095000,聚胺基甲酸乙酯，初級狀態,越南,出口總值(含復出口),11564,3287119
2019-10,39095000,聚胺基甲酸乙酯，初級狀態,新加坡,出口總值(含復出口),56,14580
2019-10,39095000,聚胺基甲酸乙酯，初級狀態,義大利,出口總值(含復出口),193,70000
2019-10,39095000,聚胺基甲酸乙酯，初級狀態,葡萄牙,出口總值(含復出口),50,15000
2019-10,39095000,聚胺基甲酸乙酯，初級狀態,德國,出口總值(含復出口),148,32180
2019-10,39095000,聚胺基甲酸乙酯，初級狀態,墨西哥,出口總值(含復出口),75,21375
2019-10,39095000,聚胺基甲酸乙酯，初級狀態,澳大利亞,出口總值(含復出口),32,6560
2019-10,39100010,矽油,中國大陸,進口總值(含復進口),874,303860
2019-10,39100010,矽油,日本,進口總值(含復進口),1092,188640
2019-10,39100010,矽油,比利時,進口總值(含復進口),1,100
2019-10,39100010,矽油,加拿大,進口總值(含復進口),13,900
2019-10,39100010,矽油,印度,進口總值(含復進口),50,4860
2019-10,39100010,矽油,南韓,進口總值(含復進口),77,3142
2019-10,39100010,矽油,美國,進口總值(含復進口),253,21014
2019-10,39100010,矽油,英國,進口總值(含復進口),172,65565
2019-10,39100010,矽油,泰國,進口總值(含復進口),309,91770
2019-10,39100010,矽油,荷蘭,進口總值(含復進口),27,10000
2019-10,39100010,矽油,義大利,進口總值(含復進口),10,5000
2019-10,39100010,矽油,德國,進口總值(含復進口),266,25300
2019-10,39100010,矽油,中國大陸,出口總值(含復出口),969,154609
2019-10,39100010,矽油,日本,出口總值(含復出口),10,90
2019-10,39100010,矽油,孟加拉,出口總值(含復出口),56,38510
2019-10,39100010,矽油,南韓,出口總值(含復出口),45,40
2019-10,39100010,矽油,美國,出口總值(含復出口),10,576
2019-10,39100010,矽油,香港,出口總值(含復出口),9,3000
2019-10,39100010,矽油,泰國,出口總值(含復出口),6,1000
2019-10,39100010,矽油,越南,出口總值(含復出口),38,3884
2019-10,39111010,石油樹脂,中國大陸,進口總值(含復進口),1399,796250
2019-10,39111010,石油樹脂,日本,進口總值(含復進口),1037,417580
2019-10,39111010,石油樹脂,法國,進口總值(含復進口),128,48500
2019-10,39111010,石油樹脂,南韓,進口總值(含復進口),143,69300
2019-10,39111010,石油樹脂,美國,進口總值(含復進口),104,24500
2019-10,39111010,石油樹脂,泰國,進口總值(含復進口),264,132000
2019-10,39111010,石油樹脂,越南,進口總值(含復進口),0,40
2019-10,39111010,石油樹脂,新加坡,進口總值(含復進口),243,117000
2019-10,39111010,石油樹脂,土耳其,出口總值(含復出口),329,270000
2019-10,39111010,石油樹脂,中國大陸,出口總值(含復出口),2874,1609673
2019-10,39111010,石油樹脂,巴西,出口總值(含復出口),98,58000
2019-10,39111010,石油樹脂,巴基斯坦,出口總值(含復出口),14,3000
2019-10,39111010,石油樹脂,日本,出口總值(含復出口),496,317000
2019-10,39111010,石油樹脂,加拿大,出口總值(含復出口),109,89000
2019-10,39111010,石油樹脂,印尼,出口總值(含復出口),582,398150
2019-10,39111010,石油樹脂,印度,出口總值(含復出口),384,342699
2019-10,39111010,石油樹脂,西班牙,出口總值(含復出口),555,416000
2019-10,39111010,石油樹脂,希臘,出口總值(含復出口),18,16000
2019-10,39111010,石油樹脂,沙烏地阿拉伯,出口總值(含復出口),64,48000
2019-10,39111010,石油樹脂,孟加拉,出口總值(含復出口),90,76000
2019-10,39111010,石油樹脂,波蘭,出口總值(含復出口),225,114750
2019-10,39111010,石油樹脂,阿拉伯聯合大公國,出口總值(含復出口),13,10000
2019-10,39111010,石油樹脂,阿根廷,出口總值(含復出口),24,19000
2019-10,39111010,石油樹脂,俄羅斯,出口總值(含復出口),58,48000
2019-10,39111010,石油樹脂,南非,出口總值(含復出口),21,19000
2019-10,39111010,石油樹脂,南韓,出口總值(含復出口),217,160000
2019-10,39111010,石油樹脂,美國,出口總值(含復出口),657,434600
2019-10,39111010,石油樹脂,英國,出口總值(含復出口),100,90000
2019-10,39111010,石油樹脂,香港,出口總值(含復出口),12,6000
2019-10,39111010,石油樹脂,泰國,出口總值(含復出口),221,145000
2019-10,39111010,石油樹脂,馬來西亞,出口總值(含復出口),171,127000
2019-10,39111010,石油樹脂,荷蘭,出口總值(含復出口),144,150000
2019-10,39111010,石油樹脂,菲律賓,出口總值(含復出口),5,3100
2019-10,39111010,石油樹脂,越南,出口總值(含復出口),974,448113
2019-10,39111010,石油樹脂,新加坡,出口總值(含復出口),27,23500
2019-10,39111010,石油樹脂,瑞典,出口總值(含復出口),48,50000
2019-10,39111010,石油樹脂,義大利,出口總值(含復出口),67,47000
2019-10,39111010,石油樹脂,德國,出口總值(含復出口),526,241000
2019-10,39111010,石油樹脂,緬甸,出口總值(含復出口),20,19500
2019-10,39111010,石油樹脂,澳大利亞,出口總值(含復出口),106,78000
2019-10,39219010,玻璃纖維強化塑膠板、片及扁條,土耳其,進口總值(含復進口),29,9300
2019-10,39219010,玻璃纖維強化塑膠板、片及扁條,中國大陸,進口總值(含復進口),360,52912
2019-10,39219010,玻璃纖維強化塑膠板、片及扁條,日本,進口總值(含復進口),1317,27262
2019-10,39219010,玻璃纖維強化塑膠板、片及扁條,南韓,進口總值(含復進口),744,60128
2019-10,39219010,玻璃纖維強化塑膠板、片及扁條,美國,進口總值(含復進口),76,2307
2019-10,39219010,玻璃纖維強化塑膠板、片及扁條,香港,進口總值(含復進口),33,172
2019-10,39219010,玻璃纖維強化塑膠板、片及扁條,泰國,進口總值(含復進口),79,10545
2019-10,39219010,玻璃纖維強化塑膠板、片及扁條,奧地利,進口總值(含復進口),12,376
2019-10,39219010,玻璃纖維強化塑膠板、片及扁條,愛爾蘭,進口總值(含復進口),14,197
2019-10,39219010,玻璃纖維強化塑膠板、片及扁條,德國,進口總值(含復進口),18,1783
2019-10,39219010,玻璃纖維強化塑膠板、片及扁條,墨西哥,進口總值(含復進口),58,483
2019-10,39219010,玻璃纖維強化塑膠板、片及扁條,羅馬尼亞,進口總值(含復進口),13,540
2019-10,39219010,玻璃纖維強化塑膠板、片及扁條,中國大陸,出口總值(含復出口),308,14160
2019-10,39219010,玻璃纖維強化塑膠板、片及扁條,日本,出口總值(含復出口),119,16708
2019-10,39219010,玻璃纖維強化塑膠板、片及扁條,瓜地馬拉,出口總值(含復出口),4,626
2019-10,39219010,玻璃纖維強化塑膠板、片及扁條,印度,出口總值(含復出口),4,558
2019-10,39219010,玻璃纖維強化塑膠板、片及扁條,孟加拉,出口總值(含復出口),2,272
2019-10,39219010,玻璃纖維強化塑膠板、片及扁條,南韓,出口總值(含復出口),362,55629
2019-10,39219010,玻璃纖維強化塑膠板、片及扁條,柬埔寨,出口總值(含復出口),0,348
2019-10,39219010,玻璃纖維強化塑膠板、片及扁條,美國,出口總值(含復出口),157,34269
2019-10,39219010,玻璃纖維強化塑膠板、片及扁條,香港,出口總值(含復出口),38,1354
2019-10,39219010,玻璃纖維強化塑膠板、片及扁條,泰國,出口總值(含復出口),714,125868
2019-10,39219010,玻璃纖維強化塑膠板、片及扁條,馬來西亞,出口總值(含復出口),79,11776
2019-10,39219010,玻璃纖維強化塑膠板、片及扁條,菲律賓,出口總值(含復出口),6,795
2019-10,39219010,玻璃纖維強化塑膠板、片及扁條,越南,出口總值(含復出口),280,37838
2019-10,39219010,玻璃纖維強化塑膠板、片及扁條,新加坡,出口總值(含復出口),45,2864
2019-10,39219010,玻璃纖維強化塑膠板、片及扁條,葡萄牙,出口總值(含復出口),7,220
2019-10,39219010,玻璃纖維強化塑膠板、片及扁條,德國,出口總值(含復出口),229,37115
2019-11,39095000,聚胺基甲酸乙酯，初級狀態,中國大陸,進口總值(含復進口),3813,1229320
2019-11,39095000,聚胺基甲酸乙酯，初級狀態,中華民國,進口總值(含復進口),122,39529
2019-11,39095000,聚胺基甲酸乙酯，初級狀態,丹麥,進口總值(含復進口),0,148
2019-11,39095000,聚胺基甲酸乙酯，初級狀態,日本,進口總值(含復進口),632,84719
2019-11,39095000,聚胺基甲酸乙酯，初級狀態,比利時,進口總值(含復進口),24,4000
2019-11,39095000,聚胺基甲酸乙酯，初級狀態,西班牙,進口總值(含復進口),5,840
2019-11,39095000,聚胺基甲酸乙酯，初級狀態,法國,進口總值(含復進口),48,4600
2019-11,39095000,聚胺基甲酸乙酯，初級狀態,南韓,進口總值(含復進口),251,69406
2019-11,39095000,聚胺基甲酸乙酯，初級狀態,美國,進口總值(含復進口),1876,259943
2019-11,39095000,聚胺基甲酸乙酯，初級狀態,英國,進口總值(含復進口),44,10250
2019-11,39095000,聚胺基甲酸乙酯，初級狀態,馬來西亞,進口總值(含復進口),88,30683
2019-11,39095000,聚胺基甲酸乙酯，初級狀態,荷蘭,進口總值(含復進口),91,14020
2019-11,39095000,聚胺基甲酸乙酯，初級狀態,越南,進口總值(含復進口),10,3152
2019-11,39095000,聚胺基甲酸乙酯，初級狀態,新加坡,進口總值(含復進口),47,13425
2019-11,39095000,聚胺基甲酸乙酯，初級狀態,義大利,進口總值(含復進口),204,32160
2019-11,39095000,聚胺基甲酸乙酯，初級狀態,德國,進口總值(含復進口),950,152870
2019-11,39095000,聚胺基甲酸乙酯，初級狀態,墨西哥,進口總值(含復進口),30,4000
2019-11,39095000,聚胺基甲酸乙酯，初級狀態,澳大利亞,進口總值(含復進口),24,4320
2019-11,39095000,聚胺基甲酸乙酯，初級狀態,土耳其,出口總值(含復出口),228,74200
2019-11,39095000,聚胺基甲酸乙酯，初級狀態,中國大陸,出口總值(含復出口),13025,4139993
2019-11,39095000,聚胺基甲酸乙酯，初級狀態,厄瓜多,出口總值(含復出口),45,7600
2019-11,39095000,聚胺基甲酸乙酯，初級狀態,巴西,出口總值(含復出口),339,103640
2019-11,39095000,聚胺基甲酸乙酯，初級狀態,巴基斯坦,出口總值(含復出口),19,7200
2019-11,39095000,聚胺基甲酸乙酯，初級狀態,日本,出口總值(含復出口),252,68995
2019-11,39095000,聚胺基甲酸乙酯，初級狀態,比利時,出口總值(含復出口),70,28250
2019-11,39095000,聚胺基甲酸乙酯，初級狀態,印尼,出口總值(含復出口),1692,461333
2019-11,39095000,聚胺基甲酸乙酯，初級狀態,印度,出口總值(含復出口),599,262715
2019-11,39095000,聚胺基甲酸乙酯，初級狀態,孟加拉,出口總值(含復出口),117,52200
2019-11,39095000,聚胺基甲酸乙酯，初級狀態,法國,出口總值(含復出口),6,1000
2019-11,39095000,聚胺基甲酸乙酯，初級狀態,阿拉伯聯合大公國,出口總值(含復出口),202,61555
2019-11,39095000,聚胺基甲酸乙酯，初級狀態,阿根廷,出口總值(含復出口),86,27000
2019-11,39095000,聚胺基甲酸乙酯，初級狀態,俄羅斯,出口總值(含復出口),2,4
2019-11,39095000,聚胺基甲酸乙酯，初級狀態,南韓,出口總值(含復出口),569,143935
2019-11,39095000,聚胺基甲酸乙酯，初級狀態,柬埔寨,出口總值(含復出口),38,11310
2019-11,39095000,聚胺基甲酸乙酯，初級狀態,約旦,出口總值(含復出口),17,17000
2019-11,39095000,聚胺基甲酸乙酯，初級狀態,美國,出口總值(含復出口),132,29000
2019-11,39095000,聚胺基甲酸乙酯，初級狀態,香港,出口總值(含復出口),1768,480799
2019-11,39095000,聚胺基甲酸乙酯，初級狀態,哥倫比亞,出口總值(含復出口),9,3000
2019-11,39095000,聚胺基甲酸乙酯，初級狀態,埃及,出口總值(含復出口),88,27000
2019-11,39095000,聚胺基甲酸乙酯，初級狀態,泰國,出口總值(含復出口),1118,424913
2019-11,39095000,聚胺基甲酸乙酯，初級狀態,馬來西亞,出口總值(含復出口),261,93144
2019-11,39095000,聚胺基甲酸乙酯，初級狀態,荷蘭,出口總值(含復出口),927,186400
2019-11,39095000,聚胺基甲酸乙酯，初級狀態,斯里蘭卡,出口總值(含復出口),4,1000
2019-11,39095000,聚胺基甲酸乙酯，初級狀態,智利,出口總值(含復出口),62,40350
2019-11,39095000,聚胺基甲酸乙酯，初級狀態,菲律賓,出口總值(含復出口),170,70594
2019-11,39095000,聚胺基甲酸乙酯，初級狀態,越南,出口總值(含復出口),9471,2812741
2019-11,39095000,聚胺基甲酸乙酯，初級狀態,新加坡,出口總值(含復出口),49,15520
2019-11,39095000,聚胺基甲酸乙酯，初級狀態,瑞典,出口總值(含復出口),34,9000
2019-11,39095000,聚胺基甲酸乙酯，初級狀態,義大利,出口總值(含復出口),106,45000
2019-11,39095000,聚胺基甲酸乙酯，初級狀態,墨西哥,出口總值(含復出口),79,23125
2019-11,39100010,矽油,中國大陸,進口總值(含復進口),1445,530113
2019-11,39100010,矽油,日本,進口總值(含復進口),904,177593
2019-11,39100010,矽油,比利時,進口總值(含復進口),9,1080
2019-11,39100010,矽油,加拿大,進口總值(含復進口),28,1800
2019-11,39100010,矽油,印度,進口總值(含復進口),45,5700
2019-11,39100010,矽油,西班牙,進口總值(含復進口),18,3200
2019-11,39100010,矽油,法國,進口總值(含復進口),30,5025
2019-11,39100010,矽油,南韓,進口總值(含復進口),140,32385
2019-11,39100010,矽油,美國,進口總值(含復進口),634,86839
2019-11,39100010,矽油,英國,進口總值(含復進口),90,31543
2019-11,39100010,矽油,泰國,進口總值(含復進口),293,98400
2019-11,39100010,矽油,荷蘭,進口總值(含復進口),27,10000
2019-11,39100010,矽油,瑞典,進口總值(含復進口),0,2
2019-11,39100010,矽油,義大利,進口總值(含復進口),0,2
2019-11,39100010,矽油,德國,進口總值(含復進口),22,1758
2019-11,39100010,矽油,中國大陸,出口總值(含復出口),1156,135667
2019-11,39100010,矽油,丹麥,出口總值(含復出口),7,440
2019-11,39100010,矽油,加拿大,出口總值(含復出口),0,20
2019-11,39100010,矽油,印尼,出口總值(含復出口),14,1250
2019-11,39100010,矽油,印度,出口總值(含復出口),2,254
2019-11,39100010,矽油,孟加拉,出口總值(含復出口),69,13861
2019-11,39100010,矽油,南韓,出口總值(含復出口),130,200
2019-11,39100010,矽油,柬埔寨,出口總值(含復出口),21,3800
2019-11,39100010,矽油,香港,出口總值(含復出口),18,2128
2019-11,39100010,矽油,泰國,出口總值(含復出口),2,300
2019-11,39100010,矽油,馬達加斯加,出口總值(含復出口),1,1200
2019-11,39100010,矽油,越南,出口總值(含復出口),28,5767
2019-11,39111010,石油樹脂,中國大陸,進口總值(含復進口),1761,1022125
2019-11,39111010,石油樹脂,日本,進口總值(含復進口),642,252075
2019-11,39111010,石油樹脂,法國,進口總值(含復進口),20,5500
2019-11,39111010,石油樹脂,南韓,進口總值(含復進口),100,50000
2019-11,39111010,石油樹脂,美國,進口總值(含復進口),335,120526
2019-11,39111010,石油樹脂,泰國,進口總值(含復進口),450,250000
2019-11,39111010,石油樹脂,荷蘭,進口總值(含復進口),79,26720
2019-11,39111010,石油樹脂,新加坡,進口總值(含復進口),159,78750
2019-11,39111010,石油樹脂,德國,進口總值(含復進口),28,10000
2019-11,39111010,石油樹脂,土耳其,出口總值(含復出口),220,187000
2019-11,39111010,石油樹脂,中國大陸,出口總值(含復出口),1786,954317
2019-11,39111010,石油樹脂,厄瓜多,出口總值(含復出口),21,16000
2019-11,39111010,石油樹脂,巴西,出口總值(含復出口),75,53000
2019-11,39111010,石油樹脂,日本,出口總值(含復出口),548,328500
2019-11,39111010,石油樹脂,加拿大,出口總值(含復出口),199,169000
2019-11,39111010,石油樹脂,印尼,出口總值(含復出口),444,301160
2019-11,39111010,石油樹脂,印度,出口總值(含復出口),497,447460
2019-11,39111010,石油樹脂,西班牙,出口總值(含復出口),486,356000
2019-11,39111010,石油樹脂,沙烏地阿拉伯,出口總值(含復出口),102,80000
2019-11,39111010,石油樹脂,孟加拉,出口總值(含復出口),145,160000
2019-11,39111010,石油樹脂,波蘭,出口總值(含復出口),140,64750
2019-11,39111010,石油樹脂,法國,出口總值(含復出口),20,16000
2019-11,39111010,石油樹脂,阿根廷,出口總值(含復出口),20,14000
2019-11,39111010,石油樹脂,俄羅斯,出口總值(含復出口),31,19000
2019-11,39111010,石油樹脂,南非,出口總值(含復出口),9,8000
2019-11,39111010,石油樹脂,南韓,出口總值(含復出口),184,155000
2019-11,39111010,石油樹脂,柬埔寨,出口總值(含復出口),23,16000
2019-11,39111010,石油樹脂,美國,出口總值(含復出口),656,440400
2019-11,39111010,石油樹脂,英國,出口總值(含復出口),84,66000
2019-11,39111010,石油樹脂,香港,出口總值(含復出口),19,7400
2019-11,39111010,石油樹脂,泰國,出口總值(含復出口),303,246000
2019-11,39111010,石油樹脂,馬來西亞,出口總值(含復出口),254,181500
2019-11,39111010,石油樹脂,荷蘭,出口總值(含復出口),155,139000
2019-11,39111010,石油樹脂,斯里蘭卡,出口總值(含復出口),7,4000
2019-11,39111010,石油樹脂,菲律賓,出口總值(含復出口),46,24500
2019-11,39111010,石油樹脂,越南,出口總值(含復出口),1015,548600
2019-11,39111010,石油樹脂,新加坡,出口總值(含復出口),13,10000
2019-11,39111010,石油樹脂,瑞典,出口總值(含復出口),48,50000
2019-11,39111010,石油樹脂,德國,出口總值(含復出口),49,40000
2019-11,39111010,石油樹脂,緬甸,出口總值(含復出口),50,38000
2019-11,39111010,石油樹脂,澳大利亞,出口總值(含復出口),151,108375
2019-11,39219010,玻璃纖維強化塑膠板、片及扁條,中國大陸,進口總值(含復進口),493,49064
2019-11,39219010,玻璃纖維強化塑膠板、片及扁條,中華民國,進口總值(含復進口),4,521
2019-11,39219010,玻璃纖維強化塑膠板、片及扁條,日本,進口總值(含復進口),1333,42853
2019-11,39219010,玻璃纖維強化塑膠板、片及扁條,法國,進口總值(含復進口),53,3419
2019-11,39219010,玻璃纖維強化塑膠板、片及扁條,南韓,進口總值(含復進口),729,119190
2019-11,39219010,玻璃纖維強化塑膠板、片及扁條,美國,進口總值(含復進口),113,3166
2019-11,39219010,玻璃纖維強化塑膠板、片及扁條,香港,進口總值(含復進口),29,198
2019-11,39219010,玻璃纖維強化塑膠板、片及扁條,泰國,進口總值(含復進口),79,11666
2019-11,39219010,玻璃纖維強化塑膠板、片及扁條,荷蘭,進口總值(含復進口),20,6
2019-11,39219010,玻璃纖維強化塑膠板、片及扁條,奧地利,進口總值(含復進口),0,3
2019-11,39219010,玻璃纖維強化塑膠板、片及扁條,愛爾蘭,進口總值(含復進口),22,332
2019-11,39219010,玻璃纖維強化塑膠板、片及扁條,德國,進口總值(含復進口),131,5071
2019-11,39219010,玻璃纖維強化塑膠板、片及扁條,墨西哥,進口總值(含復進口),15,175
2019-11,39219010,玻璃纖維強化塑膠板、片及扁條,中國大陸,出口總值(含復出口),451,20207
2019-11,39219010,玻璃纖維強化塑膠板、片及扁條,巴西,出口總值(含復出口),15,2235
2019-11,39219010,玻璃纖維強化塑膠板、片及扁條,日本,出口總值(含復出口),761,108355
2019-11,39219010,玻璃纖維強化塑膠板、片及扁條,北馬里亞納群島,出口總值(含復出口),4,1275
2019-11,39219010,玻璃纖維強化塑膠板、片及扁條,瓜地馬拉,出口總值(含復出口),1,100
2019-11,39219010,玻璃纖維強化塑膠板、片及扁條,印度,出口總值(含復出口),38,7307
2019-11,39219010,玻璃纖維強化塑膠板、片及扁條,宏都拉斯,出口總值(含復出口),6,1324
2019-11,39219010,玻璃纖維強化塑膠板、片及扁條,沙烏地阿拉伯,出口總值(含復出口),39,6894
2019-11,39219010,玻璃纖維強化塑膠板、片及扁條,孟加拉,出口總值(含復出口),0,0
2019-11,39219010,玻璃纖維強化塑膠板、片及扁條,南韓,出口總值(含復出口),315,46123
2019-11,39219010,玻璃纖維強化塑膠板、片及扁條,美國,出口總值(含復出口),102,22561
2019-11,39219010,玻璃纖維強化塑膠板、片及扁條,香港,出口總值(含復出口),4,773
2019-11,39219010,玻璃纖維強化塑膠板、片及扁條,泰國,出口總值(含復出口),639,105485
2019-11,39219010,玻璃纖維強化塑膠板、片及扁條,馬來西亞,出口總值(含復出口),39,8049
2019-11,39219010,玻璃纖維強化塑膠板、片及扁條,菲律賓,出口總值(含復出口),6,795
2019-11,39219010,玻璃纖維強化塑膠板、片及扁條,越南,出口總值(含復出口),222,29723
2019-11,39219010,玻璃纖維強化塑膠板、片及扁條,新加坡,出口總值(含復出口),2,128
2019-11,39219010,玻璃纖維強化塑膠板、片及扁條,瑞士,出口總值(含復出口),11,520
2019-11,39219010,玻璃纖維強化塑膠板、片及扁條,葡萄牙,出口總值(含復出口),11,363
2019-11,39219010,玻璃纖維強化塑膠板、片及扁條,德國,出口總值(含復出口),134,15901
2019-11,39219010,玻璃纖維強化塑膠板、片及扁條,墨西哥,出口總值(含復出口),13,2030
2019-12,39095000,聚胺基甲酸乙酯，初級狀態,中國大陸,進口總值(含復進口),4491,1418063
2019-12,39095000,聚胺基甲酸乙酯，初級狀態,中華民國,進口總值(含復進口),22,5875
2019-12,39095000,聚胺基甲酸乙酯，初級狀態,巴西,進口總值(含復進口),8,2400
2019-12,39095000,聚胺基甲酸乙酯，初級狀態,日本,進口總值(含復進口),1003,171155
2019-12,39095000,聚胺基甲酸乙酯，初級狀態,印度,進口總值(含復進口),80,22400
2019-12,39095000,聚胺基甲酸乙酯，初級狀態,西班牙,進口總值(含復進口),216,32295
2019-12,39095000,聚胺基甲酸乙酯，初級狀態,希臘,進口總值(含復進口),23,4590
2019-12,39095000,聚胺基甲酸乙酯，初級狀態,法國,進口總值(含復進口),185,21480
2019-12,39095000,聚胺基甲酸乙酯，初級狀態,南韓,進口總值(含復進口),235,77409
2019-12,39095000,聚胺基甲酸乙酯，初級狀態,美國,進口總值(含復進口),2317,305706
2019-12,39095000,聚胺基甲酸乙酯，初級狀態,馬來西亞,進口總值(含復進口),55,10952
2019-12,39095000,聚胺基甲酸乙酯，初級狀態,新加坡,進口總值(含復進口),43,8220
2019-12,39095000,聚胺基甲酸乙酯，初級狀態,義大利,進口總值(含復進口),73,19391
2019-12,39095000,聚胺基甲酸乙酯，初級狀態,德國,進口總值(含復進口),766,130680
2019-12,39095000,聚胺基甲酸乙酯，初級狀態,澳大利亞,進口總值(含復進口),7,900
2019-12,39095000,聚胺基甲酸乙酯，初級狀態,土耳其,出口總值(含復出口),263,94350
2019-12,39095000,聚胺基甲酸乙酯，初級狀態,中國大陸,出口總值(含復出口),13497,4311990
2019-12,39095000,聚胺基甲酸乙酯，初級狀態,巴西,出口總值(含復出口),702,207810
2019-12,39095000,聚胺基甲酸乙酯，初級狀態,巴基斯坦,出口總值(含復出口),19,7200
2019-12,39095000,聚胺基甲酸乙酯，初級狀態,日本,出口總值(含復出口),86,20084
2019-12,39095000,聚胺基甲酸乙酯，初級狀態,比利時,出口總值(含復出口),117,35000
2019-12,39095000,聚胺基甲酸乙酯，初級狀態,以色列,出口總值(含復出口),79,7075
2019-12,39095000,聚胺基甲酸乙酯，初級狀態,卡達,出口總值(含復出口),31,8800
2019-12,39095000,聚胺基甲酸乙酯，初級狀態,印尼,出口總值(含復出口),2221,602193
2019-12,39095000,聚胺基甲酸乙酯，初級狀態,印度,出口總值(含復出口),698,312752
2019-12,39095000,聚胺基甲酸乙酯，初級狀態,衣索比亞,出口總值(含復出口),39,17226
2019-12,39095000,聚胺基甲酸乙酯，初級狀態,西班牙,出口總值(含復出口),103,29100
2019-12,39095000,聚胺基甲酸乙酯，初級狀態,沙烏地阿拉伯,出口總值(含復出口),47,10440
2019-12,39095000,聚胺基甲酸乙酯，初級狀態,奈及利亞,出口總值(含復出口),41,10000
2019-12,39095000,聚胺基甲酸乙酯，初級狀態,孟加拉,出口總值(含復出口),114,34460
2019-12,39095000,聚胺基甲酸乙酯，初級狀態,法國,出口總值(含復出口),28,6087
2019-12,39095000,聚胺基甲酸乙酯，初級狀態,阿拉伯聯合大公國,出口總值(含復出口),109,34000
2019-12,39095000,聚胺基甲酸乙酯，初級狀態,阿根廷,出口總值(含復出口),29,10000
2019-12,39095000,聚胺基甲酸乙酯，初級狀態,南韓,出口總值(含復出口),817,210854
2019-12,39095000,聚胺基甲酸乙酯，初級狀態,柬埔寨,出口總值(含復出口),78,23525
2019-12,39095000,聚胺基甲酸乙酯，初級狀態,美國,出口總值(含復出口),88,15000
2019-12,39095000,聚胺基甲酸乙酯，初級狀態,香港,出口總值(含復出口),1470,455762
2019-12,39095000,聚胺基甲酸乙酯，初級狀態,泰國,出口總值(含復出口),1050,389411
2019-12,39095000,聚胺基甲酸乙酯，初級狀態,秘魯,出口總值(含復出口),44,16054
2019-12,39095000,聚胺基甲酸乙酯，初級狀態,馬來西亞,出口總值(含復出口),390,157889
2019-12,39095000,聚胺基甲酸乙酯，初級狀態,荷蘭,出口總值(含復出口),464,102400
2019-12,39095000,聚胺基甲酸乙酯，初級狀態,斯里蘭卡,出口總值(含復出口),22,4560
2019-12,39095000,聚胺基甲酸乙酯，初級狀態,菲律賓,出口總值(含復出口),16,864
2019-12,39095000,聚胺基甲酸乙酯，初級狀態,越南,出口總值(含復出口),10121,3025794
2019-12,39095000,聚胺基甲酸乙酯，初級狀態,新加坡,出口總值(含復出口),33,6760
2019-12,39095000,聚胺基甲酸乙酯，初級狀態,瑞典,出口總值(含復出口),119,31200
2019-12,39095000,聚胺基甲酸乙酯，初級狀態,義大利,出口總值(含復出口),27,10000
2019-12,39095000,聚胺基甲酸乙酯，初級狀態,德國,出口總值(含復出口),2,100
2019-12,39095000,聚胺基甲酸乙酯，初級狀態,緬甸,出口總值(含復出口),10,648
2019-12,39095000,聚胺基甲酸乙酯，初級狀態,墨西哥,出口總值(含復出口),93,23968
2019-12,39095000,聚胺基甲酸乙酯，初級狀態,澳門,出口總值(含復出口),34,12901
2019-12,39100010,矽油,中國大陸,進口總值(含復進口),1532,607213
2019-12,39100010,矽油,日本,進口總值(含復進口),1014,188662
2019-12,39100010,矽油,南韓,進口總值(含復進口),22,1245
2019-12,39100010,矽油,美國,進口總值(含復進口),493,37080
2019-12,39100010,矽油,英國,進口總值(含復進口),17,3147
2019-12,39100010,矽油,泰國,進口總值(含復進口),227,77540
2019-12,39100010,矽油,馬來西亞,進口總值(含復進口),8,1600
2019-12,39100010,矽油,荷蘭,進口總值(含復進口),27,10000
2019-12,39100010,矽油,越南,進口總值(含復進口),19,4000
2019-12,39100010,矽油,德國,進口總值(含復進口),114,8607
2019-12,39100010,矽油,中國大陸,出口總值(含復出口),1065,139017
2019-12,39100010,矽油,印尼,出口總值(含復出口),3,1200
2019-12,39100010,矽油,孟加拉,出口總值(含復出口),20,24000
2019-12,39100010,矽油,香港,出口總值(含復出口),9,2720
2019-12,39100010,矽油,哥斯大黎加,出口總值(含復出口),0,68
2019-12,39100010,矽油,泰國,出口總值(含復出口),4,1000
2019-12,39100010,矽油,馬來西亞,出口總值(含復出口),3,600
2019-12,39100010,矽油,馬達加斯加,出口總值(含復出口),7,2880
2019-12,39100010,矽油,越南,出口總值(含復出口),77,13593
2019-12,39111010,石油樹脂,中國大陸,進口總值(含復進口),1725,920225
2019-12,39111010,石油樹脂,日本,進口總值(含復進口),903,351855
2019-12,39111010,石油樹脂,南韓,進口總值(含復進口),196,101550
2019-12,39111010,石油樹脂,美國,進口總值(含復進口),69,38116
2019-12,39111010,石油樹脂,泰國,進口總值(含復進口),286,147000
2019-12,39111010,石油樹脂,荷蘭,進口總值(含復進口),57,20000
2019-12,39111010,石油樹脂,新加坡,進口總值(含復進口),253,128175
2019-12,39111010,石油樹脂,土耳其,出口總值(含復出口),170,143000
2019-12,39111010,石油樹脂,中國大陸,出口總值(含復出口),2549,1389242
2019-12,39111010,石油樹脂,巴西,出口總值(含復出口),238,143000
2019-12,39111010,石油樹脂,日本,出口總值(含復出口),340,216000
2019-12,39111010,石油樹脂,加拿大,出口總值(含復出口),163,116000
2019-12,39111010,石油樹脂,匈牙利,出口總值(含復出口),22,16000
2019-12,39111010,石油樹脂,印尼,出口總值(含復出口),604,381700
2019-12,39111010,石油樹脂,印度,出口總值(含復出口),568,567741
2019-12,39111010,石油樹脂,西班牙,出口總值(含復出口),550,396000
2019-12,39111010,石油樹脂,沙烏地阿拉伯,出口總值(含復出口),81,64000
2019-12,39111010,石油樹脂,孟加拉,出口總值(含復出口),173,171000
2019-12,39111010,石油樹脂,波蘭,出口總值(含復出口),274,172000
2019-12,39111010,石油樹脂,法國,出口總值(含復出口),95,82000
2019-12,39111010,石油樹脂,阿拉伯聯合大公國,出口總值(含復出口),22,16000
2019-12,39111010,石油樹脂,阿曼,出口總值(含復出口),8,6000
2019-12,39111010,石油樹脂,俄羅斯,出口總值(含復出口),96,80000
2019-12,39111010,石油樹脂,南非,出口總值(含復出口),57,50000
2019-12,39111010,石油樹脂,南韓,出口總值(含復出口),158,121250
2019-12,39111010,石油樹脂,美國,出口總值(含復出口),481,351625
2019-12,39111010,石油樹脂,英國,出口總值(含復出口),54,49000
2019-12,39111010,石油樹脂,香港,出口總值(含復出口),17,6612
2019-12,39111010,石油樹脂,泰國,出口總值(含復出口),301,221500
2019-12,39111010,石油樹脂,馬來西亞,出口總值(含復出口),329,262500
2019-12,39111010,石油樹脂,荷蘭,出口總值(含復出口),144,150000
2019-12,39111010,石油樹脂,斯里蘭卡,出口總值(含復出口),4,3000
2019-12,39111010,石油樹脂,菲律賓,出口總值(含復出口),2,500
2019-12,39111010,石油樹脂,越南,出口總值(含復出口),823,429130
2019-12,39111010,石油樹脂,瑞典,出口總值(含復出口),24,25000
2019-12,39111010,石油樹脂,義大利,出口總值(含復出口),25,16000
2019-12,39111010,石油樹脂,德國,出口總值(含復出口),291,128750
2019-12,39111010,石油樹脂,緬甸,出口總值(含復出口),58,38000
2019-12,39111010,石油樹脂,澳大利亞,出口總值(含復出口),162,123000
2019-12,39219010,玻璃纖維強化塑膠板、片及扁條,土耳其,進口總值(含復進口),56,20820
2019-12,39219010,玻璃纖維強化塑膠板、片及扁條,中國大陸,進口總值(含復進口),513,108819
2019-12,39219010,玻璃纖維強化塑膠板、片及扁條,中華民國,進口總值(含復進口),1,3
2019-12,39219010,玻璃纖維強化塑膠板、片及扁條,日本,進口總值(含復進口),1648,36612
2019-12,39219010,玻璃纖維強化塑膠板、片及扁條,法國,進口總值(含復進口),36,3067
2019-12,39219010,玻璃纖維強化塑膠板、片及扁條,南韓,進口總值(含復進口),882,50041
2019-12,39219010,玻璃纖維強化塑膠板、片及扁條,美國,進口總值(含復進口),74,3361
2019-12,39219010,玻璃纖維強化塑膠板、片及扁條,英國,進口總值(含復進口),0,4
2019-12,39219010,玻璃纖維強化塑膠板、片及扁條,香港,進口總值(含復進口),19,109
2019-12,39219010,玻璃纖維強化塑膠板、片及扁條,泰國,進口總值(含復進口),72,10502
2019-12,39219010,玻璃纖維強化塑膠板、片及扁條,馬來西亞,進口總值(含復進口),133,11040
2019-12,39219010,玻璃纖維強化塑膠板、片及扁條,奧地利,進口總值(含復進口),15,434
2019-12,39219010,玻璃纖維強化塑膠板、片及扁條,愛爾蘭,進口總值(含復進口),27,398
2019-12,39219010,玻璃纖維強化塑膠板、片及扁條,德國,進口總值(含復進口),3,67
2019-12,39219010,玻璃纖維強化塑膠板、片及扁條,墨西哥,進口總值(含復進口),5,50
2019-12,39219010,玻璃纖維強化塑膠板、片及扁條,千里達及托巴哥,出口總值(含復出口),9,1768
2019-12,39219010,玻璃纖維強化塑膠板、片及扁條,中國大陸,出口總值(含復出口),426,5348
2019-12,39219010,玻璃纖維強化塑膠板、片及扁條,日本,出口總值(含復出口),574,76682
2019-12,39219010,玻璃纖維強化塑膠板、片及扁條,瓜地馬拉,出口總值(含復出口),2,134
2019-12,39219010,玻璃纖維強化塑膠板、片及扁條,印尼,出口總值(含復出口),57,2132
2019-12,39219010,玻璃纖維強化塑膠板、片及扁條,印度,出口總值(含復出口),104,29564
2019-12,39219010,玻璃纖維強化塑膠板、片及扁條,沙烏地阿拉伯,出口總值(含復出口),14,2637
2019-12,39219010,玻璃纖維強化塑膠板、片及扁條,南韓,出口總值(含復出口),310,44585
2019-12,39219010,玻璃纖維強化塑膠板、片及扁條,美國,出口總值(含復出口),30,3384
2019-12,39219010,玻璃纖維強化塑膠板、片及扁條,香港,出口總值(含復出口),97,2437
2019-12,39219010,玻璃纖維強化塑膠板、片及扁條,泰國,出口總值(含復出口),551,104498
2019-12,39219010,玻璃纖維強化塑膠板、片及扁條,馬來西亞,出口總值(含復出口),37,7923
2019-12,39219010,玻璃纖維強化塑膠板、片及扁條,菲律賓,出口總值(含復出口),41,2306
2019-12,39219010,玻璃纖維強化塑膠板、片及扁條,越南,出口總值(含復出口),270,36924
2019-12,39219010,玻璃纖維強化塑膠板、片及扁條,塞內加爾,出口總值(含復出口),1,20
2019-12,39219010,玻璃纖維強化塑膠板、片及扁條,新加坡,出口總值(含復出口),29,3621
2019-12,39219010,玻璃纖維強化塑膠板、片及扁條,義大利,出口總值(含復出口),82,15341
2019-12,39219010,玻璃纖維強化塑膠板、片及扁條,葡萄牙,出口總值(含復出口),7,215
2019-12,39219010,玻璃纖維強化塑膠板、片及扁條,德國,出口總值(含復出口),284,45441
2019-1,39231010,塑膠製箱子、盒子、籃子及類似品，其形狀或適合供運輸或包裝半導體晶圓或網線,中國大陸,進口總值(含復進口),696,117947
2019-1,39231010,塑膠製箱子、盒子、籃子及類似品，其形狀或適合供運輸或包裝半導體晶圓或網線,中華民國,進口總值(含復進口),9,5134
2019-1,39231010,塑膠製箱子、盒子、籃子及類似品，其形狀或適合供運輸或包裝半導體晶圓或網線,日本,進口總值(含復進口),2430,101311
2019-1,39231010,塑膠製箱子、盒子、籃子及類似品，其形狀或適合供運輸或包裝半導體晶圓或網線,印尼,進口總值(含復進口),224,27788
2019-1,39231010,塑膠製箱子、盒子、籃子及類似品，其形狀或適合供運輸或包裝半導體晶圓或網線,南韓,進口總值(含復進口),265,29661
2019-1,39231010,塑膠製箱子、盒子、籃子及類似品，其形狀或適合供運輸或包裝半導體晶圓或網線,美國,進口總值(含復進口),715,61508
2019-1,39231010,塑膠製箱子、盒子、籃子及類似品，其形狀或適合供運輸或包裝半導體晶圓或網線,英國,進口總值(含復進口),0,0
2019-1,39231010,塑膠製箱子、盒子、籃子及類似品，其形狀或適合供運輸或包裝半導體晶圓或網線,泰國,進口總值(含復進口),0,20
2019-1,39231010,塑膠製箱子、盒子、籃子及類似品，其形狀或適合供運輸或包裝半導體晶圓或網線,馬來西亞,進口總值(含復進口),978,21143
2019-1,39231010,塑膠製箱子、盒子、籃子及類似品，其形狀或適合供運輸或包裝半導體晶圓或網線,荷蘭,進口總值(含復進口),2,65
2019-1,39231010,塑膠製箱子、盒子、籃子及類似品，其形狀或適合供運輸或包裝半導體晶圓或網線,菲律賓,進口總值(含復進口),2,1
2019-1,39231010,塑膠製箱子、盒子、籃子及類似品，其形狀或適合供運輸或包裝半導體晶圓或網線,新加坡,進口總值(含復進口),16,1280
2019-1,39231010,塑膠製箱子、盒子、籃子及類似品，其形狀或適合供運輸或包裝半導體晶圓或網線,瑞士,進口總值(含復進口),0,0
2019-1,39231010,塑膠製箱子、盒子、籃子及類似品，其形狀或適合供運輸或包裝半導體晶圓或網線,義大利,進口總值(含復進口),1,2
2019-1,39231010,塑膠製箱子、盒子、籃子及類似品，其形狀或適合供運輸或包裝半導體晶圓或網線,德國,進口總值(含復進口),13,229
2019-1,39231010,塑膠製箱子、盒子、籃子及類似品，其形狀或適合供運輸或包裝半導體晶圓或網線,中國大陸,出口總值(含復出口),628,75859
2019-1,39231010,塑膠製箱子、盒子、籃子及類似品，其形狀或適合供運輸或包裝半導體晶圓或網線,巴西,出口總值(含復出口),4,539
2019-1,39231010,塑膠製箱子、盒子、籃子及類似品，其形狀或適合供運輸或包裝半導體晶圓或網線,日本,出口總值(含復出口),509,47372
2019-1,39231010,塑膠製箱子、盒子、籃子及類似品，其形狀或適合供運輸或包裝半導體晶圓或網線,加拿大,出口總值(含復出口),8,1455
2019-1,39231010,塑膠製箱子、盒子、籃子及類似品，其形狀或適合供運輸或包裝半導體晶圓或網線,印尼,出口總值(含復出口),4,987
2019-1,39231010,塑膠製箱子、盒子、籃子及類似品，其形狀或適合供運輸或包裝半導體晶圓或網線,阿拉伯聯合大公國,出口總值(含復出口),22,6495
2019-1,39231010,塑膠製箱子、盒子、籃子及類似品，其形狀或適合供運輸或包裝半導體晶圓或網線,南非,出口總值(含復出口),27,11618
2019-1,39231010,塑膠製箱子、盒子、籃子及類似品，其形狀或適合供運輸或包裝半導體晶圓或網線,南韓,出口總值(含復出口),106,26435
2019-1,39231010,塑膠製箱子、盒子、籃子及類似品，其形狀或適合供運輸或包裝半導體晶圓或網線,美國,出口總值(含復出口),640,74261
2019-1,39231010,塑膠製箱子、盒子、籃子及類似品，其形狀或適合供運輸或包裝半導體晶圓或網線,英國,出口總值(含復出口),43,5308
2019-1,39231010,塑膠製箱子、盒子、籃子及類似品，其形狀或適合供運輸或包裝半導體晶圓或網線,香港,出口總值(含復出口),35,24561
2019-1,39231010,塑膠製箱子、盒子、籃子及類似品，其形狀或適合供運輸或包裝半導體晶圓或網線,哥倫比亞,出口總值(含復出口),5,188
2019-1,39231010,塑膠製箱子、盒子、籃子及類似品，其形狀或適合供運輸或包裝半導體晶圓或網線,挪威,出口總值(含復出口),6,715
2019-1,39231010,塑膠製箱子、盒子、籃子及類似品，其形狀或適合供運輸或包裝半導體晶圓或網線,馬來西亞,出口總值(含復出口),122,14603
2019-1,39231010,塑膠製箱子、盒子、籃子及類似品，其形狀或適合供運輸或包裝半導體晶圓或網線,荷蘭,出口總值(含復出口),2,150
2019-1,39231010,塑膠製箱子、盒子、籃子及類似品，其形狀或適合供運輸或包裝半導體晶圓或網線,菲律賓,出口總值(含復出口),44,18456
2019-1,39231010,塑膠製箱子、盒子、籃子及類似品，其形狀或適合供運輸或包裝半導體晶圓或網線,越南,出口總值(含復出口),9,1677
2019-1,39231010,塑膠製箱子、盒子、籃子及類似品，其形狀或適合供運輸或包裝半導體晶圓或網線,新加坡,出口總值(含復出口),10,430
2019-1,39231010,塑膠製箱子、盒子、籃子及類似品，其形狀或適合供運輸或包裝半導體晶圓或網線,葡萄牙,出口總值(含復出口),0,15
2019-1,39231010,塑膠製箱子、盒子、籃子及類似品，其形狀或適合供運輸或包裝半導體晶圓或網線,德國,出口總值(含復出口),3,75
2019-1,39231010,塑膠製箱子、盒子、籃子及類似品，其形狀或適合供運輸或包裝半導體晶圓或網線,墨西哥,出口總值(含復出口),3,213
2019-1,39231010,塑膠製箱子、盒子、籃子及類似品，其形狀或適合供運輸或包裝半導體晶圓或網線,澳大利亞,出口總值(含復出口),11,1775
2019-1,39239090,其他供輸送或包裝貨物之塑膠製品,中國大陸,進口總值(含復進口),7925,1567554
2019-1,39239090,其他供輸送或包裝貨物之塑膠製品,中華民國,進口總值(含復進口),306,82334
2019-1,39239090,其他供輸送或包裝貨物之塑膠製品,日本,進口總值(含復進口),1216,142293
2019-1,39239090,其他供輸送或包裝貨物之塑膠製品,比利時,進口總值(含復進口),1,206
2019-1,39239090,其他供輸送或包裝貨物之塑膠製品,以色列,進口總值(含復進口),0,6
2019-1,39239090,其他供輸送或包裝貨物之塑膠製品,加拿大,進口總值(含復進口),3,469
2019-1,39239090,其他供輸送或包裝貨物之塑膠製品,拉脫維亞,進口總值(含復進口),5,313
2019-1,39239090,其他供輸送或包裝貨物之塑膠製品,法國,進口總值(含復進口),53,10946
2019-1,39239090,其他供輸送或包裝貨物之塑膠製品,南韓,進口總值(含復進口),1605,329199
2019-1,39239090,其他供輸送或包裝貨物之塑膠製品,美國,進口總值(含復進口),882,117356
2019-1,39239090,其他供輸送或包裝貨物之塑膠製品,英國,進口總值(含復進口),0,112
2019-1,39239090,其他供輸送或包裝貨物之塑膠製品,香港,進口總值(含復進口),0,1
2019-1,39239090,其他供輸送或包裝貨物之塑膠製品,泰國,進口總值(含復進口),202,25509
2019-1,39239090,其他供輸送或包裝貨物之塑膠製品,馬來西亞,進口總值(含復進口),1136,100816
2019-1,39239090,其他供輸送或包裝貨物之塑膠製品,馬爾他,進口總值(含復進口),10,293
2019-1,39239090,其他供輸送或包裝貨物之塑膠製品,荷蘭,進口總值(含復進口),73,1031
2019-1,39239090,其他供輸送或包裝貨物之塑膠製品,菲律賓,進口總值(含復進口),152,29825
2019-1,39239090,其他供輸送或包裝貨物之塑膠製品,越南,進口總值(含復進口),9,3485
2019-1,39239090,其他供輸送或包裝貨物之塑膠製品,新加坡,進口總值(含復進口),127,33407
2019-1,39239090,其他供輸送或包裝貨物之塑膠製品,瑞典,進口總值(含復進口),0,1
2019-1,39239090,其他供輸送或包裝貨物之塑膠製品,義大利,進口總值(含復進口),27,4980
2019-1,39239090,其他供輸送或包裝貨物之塑膠製品,葡萄牙,進口總值(含復進口),1,100
2019-1,39239090,其他供輸送或包裝貨物之塑膠製品,德國,進口總值(含復進口),9,3226
2019-1,39239090,其他供輸送或包裝貨物之塑膠製品,澳大利亞,進口總值(含復進口),0,16
2019-1,39239090,其他供輸送或包裝貨物之塑膠製品,中國大陸,出口總值(含復出口),1760,433255
2019-1,39239090,其他供輸送或包裝貨物之塑膠製品,厄瓜多,出口總值(含復出口),4,796
2019-1,39239090,其他供輸送或包裝貨物之塑膠製品,巴西,出口總值(含復出口),78,29136
2019-1,39239090,其他供輸送或包裝貨物之塑膠製品,巴拿馬,出口總值(含復出口),45,13186
2019-1,39239090,其他供輸送或包裝貨物之塑膠製品,巴基斯坦,出口總值(含復出口),33,1314
2019-1,39239090,其他供輸送或包裝貨物之塑膠製品,日本,出口總值(含復出口),1235,158202
2019-1,39239090,其他供輸送或包裝貨物之塑膠製品,比利時,出口總值(含復出口),18,1914
2019-1,39239090,其他供輸送或包裝貨物之塑膠製品,以色列,出口總值(含復出口),10,584
2019-1,39239090,其他供輸送或包裝貨物之塑膠製品,加拿大,出口總值(含復出口),191,20978
2019-1,39239090,其他供輸送或包裝貨物之塑膠製品,卡達,出口總值(含復出口),54,21887
2019-1,39239090,其他供輸送或包裝貨物之塑膠製品,瓜地馬拉,出口總值(含復出口),4,1470
2019-1,39239090,其他供輸送或包裝貨物之塑膠製品,印尼,出口總值(含復出口),106,5860
2019-1,39239090,其他供輸送或包裝貨物之塑膠製品,印度,出口總值(含復出口),27,24297
2019-1,39239090,其他供輸送或包裝貨物之塑膠製品,西班牙,出口總值(含復出口),15,944
2019-1,39239090,其他供輸送或包裝貨物之塑膠製品,其他國家,出口總值(含復出口),0,0
2019-1,39239090,其他供輸送或包裝貨物之塑膠製品,波多黎各,出口總值(含復出口),12,4170
2019-1,39239090,其他供輸送或包裝貨物之塑膠製品,法國,出口總值(含復出口),63,2929
2019-1,39239090,其他供輸送或包裝貨物之塑膠製品,肯亞,出口總值(含復出口),2,671
2019-1,39239090,其他供輸送或包裝貨物之塑膠製品,芬蘭,出口總值(含復出口),2,350
2019-1,39239090,其他供輸送或包裝貨物之塑膠製品,阿拉伯聯合大公國,出口總值(含復出口),6,3180
2019-1,39239090,其他供輸送或包裝貨物之塑膠製品,南非,出口總值(含復出口),10,229
2019-1,39239090,其他供輸送或包裝貨物之塑膠製品,南韓,出口總值(含復出口),637,222671
2019-1,39239090,其他供輸送或包裝貨物之塑膠製品,美國,出口總值(含復出口),1529,546650
2019-1,39239090,其他供輸送或包裝貨物之塑膠製品,英國,出口總值(含復出口),94,9396
2019-1,39239090,其他供輸送或包裝貨物之塑膠製品,香港,出口總值(含復出口),352,201783
2019-1,39239090,其他供輸送或包裝貨物之塑膠製品,哥倫比亞,出口總值(含復出口),41,10250
2019-1,39239090,其他供輸送或包裝貨物之塑膠製品,哥斯大黎加,出口總值(含復出口),16,6182
2019-1,39239090,其他供輸送或包裝貨物之塑膠製品,泰國,出口總值(含復出口),129,14766
2019-1,39239090,其他供輸送或包裝貨物之塑膠製品,秘魯,出口總值(含復出口),15,6767
2019-1,39239090,其他供輸送或包裝貨物之塑膠製品,紐西蘭,出口總值(含復出口),56,8315
2019-1,39239090,其他供輸送或包裝貨物之塑膠製品,馬來西亞,出口總值(含復出口),52,15831
2019-1,39239090,其他供輸送或包裝貨物之塑膠製品,荷蘭,出口總值(含復出口),95,5491
2019-1,39239090,其他供輸送或包裝貨物之塑膠製品,智利,出口總值(含復出口),28,9631
2019-1,39239090,其他供輸送或包裝貨物之塑膠製品,菲律賓,出口總值(含復出口),209,68322
2019-1,39239090,其他供輸送或包裝貨物之塑膠製品,越南,出口總值(含復出口),60,22506
2019-1,39239090,其他供輸送或包裝貨物之塑膠製品,奧地利,出口總值(含復出口),5,321
2019-1,39239090,其他供輸送或包裝貨物之塑膠製品,新加坡,出口總值(含復出口),124,25218
2019-1,39239090,其他供輸送或包裝貨物之塑膠製品,瑞士,出口總值(含復出口),27,620
2019-1,39239090,其他供輸送或包裝貨物之塑膠製品,瑞典,出口總值(含復出口),29,6399
2019-1,39239090,其他供輸送或包裝貨物之塑膠製品,義大利,出口總值(含復出口),65,5673
2019-1,39239090,其他供輸送或包裝貨物之塑膠製品,德國,出口總值(含復出口),150,19582
2019-1,39239090,其他供輸送或包裝貨物之塑膠製品,模里西斯,出口總值(含復出口),11,3830
2019-1,39239090,其他供輸送或包裝貨物之塑膠製品,墨西哥,出口總值(含復出口),20,3104
2019-1,39239090,其他供輸送或包裝貨物之塑膠製品,澳大利亞,出口總值(含復出口),13,4753
2019-1,39239090,其他供輸送或包裝貨物之塑膠製品,澳門,出口總值(含復出口),2,328
2019-1,39239090,其他供輸送或包裝貨物之塑膠製品,關島,出口總值(含復出口),3,815
2019-1,39269012,電氣絕緣用塑膠製品,中國大陸,進口總值(含復進口),115,9458
2019-1,39269012,電氣絕緣用塑膠製品,中華民國,進口總值(含復進口),0,4
2019-1,39269012,電氣絕緣用塑膠製品,日本,進口總值(含復進口),217,993
2019-1,39269012,電氣絕緣用塑膠製品,西班牙,進口總值(含復進口),0,21
2019-1,39269012,電氣絕緣用塑膠製品,法國,進口總值(含復進口),0,5
2019-1,39269012,電氣絕緣用塑膠製品,南韓,進口總值(含復進口),4,89
2019-1,39269012,電氣絕緣用塑膠製品,美國,進口總值(含復進口),9,15
2019-1,39269012,電氣絕緣用塑膠製品,香港,進口總值(含復進口),0,2
2019-1,39269012,電氣絕緣用塑膠製品,越南,進口總值(含復進口),24,9134
2019-1,39269012,電氣絕緣用塑膠製品,新加坡,進口總值(含復進口),5,269
2019-1,39269012,電氣絕緣用塑膠製品,瑞士,進口總值(含復進口),0,1
2019-1,39269012,電氣絕緣用塑膠製品,義大利,進口總值(含復進口),0,2
2019-1,39269012,電氣絕緣用塑膠製品,德國,進口總值(含復進口),0,5
2019-1,39269012,電氣絕緣用塑膠製品,中國大陸,出口總值(含復出口),94,9013
2019-1,39269012,電氣絕緣用塑膠製品,日本,出口總值(含復出口),81,25000
2019-1,39269012,電氣絕緣用塑膠製品,比利時,出口總值(含復出口),19,4658
2019-1,39269012,電氣絕緣用塑膠製品,加拿大,出口總值(含復出口),433,117536
2019-1,39269012,電氣絕緣用塑膠製品,匈牙利,出口總值(含復出口),13,2987
2019-1,39269012,電氣絕緣用塑膠製品,印尼,出口總值(含復出口),9,443
2019-1,39269012,電氣絕緣用塑膠製品,印度,出口總值(含復出口),172,68890
2019-1,39269012,電氣絕緣用塑膠製品,西班牙,出口總值(含復出口),46,16115
2019-1,39269012,電氣絕緣用塑膠製品,沙烏地阿拉伯,出口總值(含復出口),92,27927
2019-1,39269012,電氣絕緣用塑膠製品,拉脫維亞,出口總值(含復出口),52,13496
2019-1,39269012,電氣絕緣用塑膠製品,波蘭,出口總值(含復出口),15,5062
2019-1,39269012,電氣絕緣用塑膠製品,法國,出口總值(含復出口),29,2347
2019-1,39269012,電氣絕緣用塑膠製品,俄羅斯,出口總值(含復出口),208,58318
2019-1,39269012,電氣絕緣用塑膠製品,南韓,出口總值(含復出口),153,52861
2019-1,39269012,電氣絕緣用塑膠製品,柬埔寨,出口總值(含復出口),6,96
2019-1,39269012,電氣絕緣用塑膠製品,美國,出口總值(含復出口),339,88257
2019-1,39269012,電氣絕緣用塑膠製品,香港,出口總值(含復出口),28,334
2019-1,39269012,電氣絕緣用塑膠製品,埃及,出口總值(含復出口),78,27040
2019-1,39269012,電氣絕緣用塑膠製品,泰國,出口總值(含復出口),10,122
2019-1,39269012,電氣絕緣用塑膠製品,烏拉圭,出口總值(含復出口),3,548
2019-1,39269012,電氣絕緣用塑膠製品,馬來西亞,出口總值(含復出口),8,9
2019-1,39269012,電氣絕緣用塑膠製品,荷蘭,出口總值(含復出口),31,8912
2019-1,39269012,電氣絕緣用塑膠製品,菲律賓,出口總值(含復出口),18,11800
2019-1,39269012,電氣絕緣用塑膠製品,越南,出口總值(含復出口),84,3118
2019-1,39269012,電氣絕緣用塑膠製品,新加坡,出口總值(含復出口),2,170
2019-1,39269012,電氣絕緣用塑膠製品,瑞典,出口總值(含復出口),17,3659
2019-1,39269012,電氣絕緣用塑膠製品,德國,出口總值(含復出口),131,27620
2019-1,39269012,電氣絕緣用塑膠製品,摩洛哥,出口總值(含復出口),39,14170
2019-1,39269012,電氣絕緣用塑膠製品,模里西斯,出口總值(含復出口),5,1320
2019-1,39269012,電氣絕緣用塑膠製品,墨西哥,出口總值(含復出口),135,35383
2019-1,39269012,電氣絕緣用塑膠製品,澳大利亞,出口總值(含復出口),88,20769
2019-2,39231010,塑膠製箱子、盒子、籃子及類似品，其形狀或適合供運輸或包裝半導體晶圓或網線,中國大陸,進口總值(含復進口),281,34895
2019-2,39231010,塑膠製箱子、盒子、籃子及類似品，其形狀或適合供運輸或包裝半導體晶圓或網線,中華民國,進口總值(含復進口),5,4249
2019-2,39231010,塑膠製箱子、盒子、籃子及類似品，其形狀或適合供運輸或包裝半導體晶圓或網線,丹麥,進口總值(含復進口),0,0
2019-2,39231010,塑膠製箱子、盒子、籃子及類似品，其形狀或適合供運輸或包裝半導體晶圓或網線,日本,進口總值(含復進口),2047,85135
2019-2,39231010,塑膠製箱子、盒子、籃子及類似品，其形狀或適合供運輸或包裝半導體晶圓或網線,印尼,進口總值(含復進口),389,50618
2019-2,39231010,塑膠製箱子、盒子、籃子及類似品，其形狀或適合供運輸或包裝半導體晶圓或網線,印度,進口總值(含復進口),0,4
2019-2,39231010,塑膠製箱子、盒子、籃子及類似品，其形狀或適合供運輸或包裝半導體晶圓或網線,南韓,進口總值(含復進口),228,16783
2019-2,39231010,塑膠製箱子、盒子、籃子及類似品，其形狀或適合供運輸或包裝半導體晶圓或網線,美國,進口總值(含復進口),504,36647
2019-2,39231010,塑膠製箱子、盒子、籃子及類似品，其形狀或適合供運輸或包裝半導體晶圓或網線,香港,進口總值(含復進口),1,19
2019-2,39231010,塑膠製箱子、盒子、籃子及類似品，其形狀或適合供運輸或包裝半導體晶圓或網線,馬來西亞,進口總值(含復進口),1116,40294
2019-2,39231010,塑膠製箱子、盒子、籃子及類似品，其形狀或適合供運輸或包裝半導體晶圓或網線,荷蘭,進口總值(含復進口),1,7
2019-2,39231010,塑膠製箱子、盒子、籃子及類似品，其形狀或適合供運輸或包裝半導體晶圓或網線,新加坡,進口總值(含復進口),12,11546
2019-2,39231010,塑膠製箱子、盒子、籃子及類似品，其形狀或適合供運輸或包裝半導體晶圓或網線,瑞士,進口總值(含復進口),1,2
2019-2,39231010,塑膠製箱子、盒子、籃子及類似品，其形狀或適合供運輸或包裝半導體晶圓或網線,瑞典,進口總值(含復進口),0,1
2019-2,39231010,塑膠製箱子、盒子、籃子及類似品，其形狀或適合供運輸或包裝半導體晶圓或網線,德國,進口總值(含復進口),49,81
2019-2,39231010,塑膠製箱子、盒子、籃子及類似品，其形狀或適合供運輸或包裝半導體晶圓或網線,中國大陸,出口總值(含復出口),470,31703
2019-2,39231010,塑膠製箱子、盒子、籃子及類似品，其形狀或適合供運輸或包裝半導體晶圓或網線,日本,出口總值(含復出口),386,39118
2019-2,39231010,塑膠製箱子、盒子、籃子及類似品，其形狀或適合供運輸或包裝半導體晶圓或網線,比利時,出口總值(含復出口),4,84
2019-2,39231010,塑膠製箱子、盒子、籃子及類似品，其形狀或適合供運輸或包裝半導體晶圓或網線,西班牙,出口總值(含復出口),17,4960
2019-2,39231010,塑膠製箱子、盒子、籃子及類似品，其形狀或適合供運輸或包裝半導體晶圓或網線,希臘,出口總值(含復出口),0,11
2019-2,39231010,塑膠製箱子、盒子、籃子及類似品，其形狀或適合供運輸或包裝半導體晶圓或網線,法國,出口總值(含復出口),17,2063
2019-2,39231010,塑膠製箱子、盒子、籃子及類似品，其形狀或適合供運輸或包裝半導體晶圓或網線,俄羅斯,出口總值(含復出口),7,137
2019-2,39231010,塑膠製箱子、盒子、籃子及類似品，其形狀或適合供運輸或包裝半導體晶圓或網線,南韓,出口總值(含復出口),16,1423
2019-2,39231010,塑膠製箱子、盒子、籃子及類似品，其形狀或適合供運輸或包裝半導體晶圓或網線,美國,出口總值(含復出口),802,24147
2019-2,39231010,塑膠製箱子、盒子、籃子及類似品，其形狀或適合供運輸或包裝半導體晶圓或網線,英國,出口總值(含復出口),10,1991
2019-2,39231010,塑膠製箱子、盒子、籃子及類似品，其形狀或適合供運輸或包裝半導體晶圓或網線,香港,出口總值(含復出口),28,19693
2019-2,39231010,塑膠製箱子、盒子、籃子及類似品，其形狀或適合供運輸或包裝半導體晶圓或網線,埃及,出口總值(含復出口),1,8
2019-2,39231010,塑膠製箱子、盒子、籃子及類似品，其形狀或適合供運輸或包裝半導體晶圓或網線,馬來西亞,出口總值(含復出口),79,9197
2019-2,39231010,塑膠製箱子、盒子、籃子及類似品，其形狀或適合供運輸或包裝半導體晶圓或網線,荷蘭,出口總值(含復出口),0,21
2019-2,39231010,塑膠製箱子、盒子、籃子及類似品，其形狀或適合供運輸或包裝半導體晶圓或網線,菲律賓,出口總值(含復出口),20,5342
2019-2,39231010,塑膠製箱子、盒子、籃子及類似品，其形狀或適合供運輸或包裝半導體晶圓或網線,越南,出口總值(含復出口),20,1720
2019-2,39231010,塑膠製箱子、盒子、籃子及類似品，其形狀或適合供運輸或包裝半導體晶圓或網線,愛爾蘭,出口總值(含復出口),2,540
2019-2,39231010,塑膠製箱子、盒子、籃子及類似品，其形狀或適合供運輸或包裝半導體晶圓或網線,新加坡,出口總值(含復出口),11,1221
2019-2,39231010,塑膠製箱子、盒子、籃子及類似品，其形狀或適合供運輸或包裝半導體晶圓或網線,德國,出口總值(含復出口),37,9039
2019-2,39231010,塑膠製箱子、盒子、籃子及類似品，其形狀或適合供運輸或包裝半導體晶圓或網線,澳大利亞,出口總值(含復出口),10,2087
2019-2,39239090,其他供輸送或包裝貨物之塑膠製品,中國大陸,進口總值(含復進口),2884,673017
2019-2,39239090,其他供輸送或包裝貨物之塑膠製品,中華民國,進口總值(含復進口),263,111368
2019-2,39239090,其他供輸送或包裝貨物之塑膠製品,日本,進口總值(含復進口),997,121914
2019-2,39239090,其他供輸送或包裝貨物之塑膠製品,比利時,進口總值(含復進口),1,275
2019-2,39239090,其他供輸送或包裝貨物之塑膠製品,印度,進口總值(含復進口),39,11148
2019-2,39239090,其他供輸送或包裝貨物之塑膠製品,拉脫維亞,進口總值(含復進口),0,20
2019-2,39239090,其他供輸送或包裝貨物之塑膠製品,法國,進口總值(含復進口),3,36
2019-2,39239090,其他供輸送或包裝貨物之塑膠製品,南韓,進口總值(含復進口),627,171112
2019-2,39239090,其他供輸送或包裝貨物之塑膠製品,美國,進口總值(含復進口),608,74305
2019-2,39239090,其他供輸送或包裝貨物之塑膠製品,英國,進口總值(含復進口),1,2
2019-2,39239090,其他供輸送或包裝貨物之塑膠製品,泰國,進口總值(含復進口),133,34354
2019-2,39239090,其他供輸送或包裝貨物之塑膠製品,馬來西亞,進口總值(含復進口),437,51367
2019-2,39239090,其他供輸送或包裝貨物之塑膠製品,捷克,進口總值(含復進口),0,1
2019-2,39239090,其他供輸送或包裝貨物之塑膠製品,荷蘭,進口總值(含復進口),9,90
2019-2,39239090,其他供輸送或包裝貨物之塑膠製品,斯洛伐克,進口總值(含復進口),0,0
2019-2,39239090,其他供輸送或包裝貨物之塑膠製品,菲律賓,進口總值(含復進口),214,45434
2019-2,39239090,其他供輸送或包裝貨物之塑膠製品,越南,進口總值(含復進口),1,582
2019-2,39239090,其他供輸送或包裝貨物之塑膠製品,奧地利,進口總值(含復進口),0,5
2019-2,39239090,其他供輸送或包裝貨物之塑膠製品,新加坡,進口總值(含復進口),56,18014
2019-2,39239090,其他供輸送或包裝貨物之塑膠製品,瑞士,進口總值(含復進口),1,82
2019-2,39239090,其他供輸送或包裝貨物之塑膠製品,義大利,進口總值(含復進口),2,158
2019-2,39239090,其他供輸送或包裝貨物之塑膠製品,德國,進口總值(含復進口),248,36124
2019-2,39239090,其他供輸送或包裝貨物之塑膠製品,盧森堡,進口總值(含復進口),0,2
2019-2,39239090,其他供輸送或包裝貨物之塑膠製品,中國大陸,出口總值(含復出口),1597,368046
2019-2,39239090,其他供輸送或包裝貨物之塑膠製品,巴布亞紐幾內亞,出口總值(含復出口),3,653
2019-2,39239090,其他供輸送或包裝貨物之塑膠製品,巴西,出口總值(含復出口),67,24966
2019-2,39239090,其他供輸送或包裝貨物之塑膠製品,巴拿馬,出口總值(含復出口),16,5326
2019-2,39239090,其他供輸送或包裝貨物之塑膠製品,日本,出口總值(含復出口),978,140174
2019-2,39239090,其他供輸送或包裝貨物之塑膠製品,比利時,出口總值(含復出口),2,109
2019-2,39239090,其他供輸送或包裝貨物之塑膠製品,以色列,出口總值(含復出口),10,760
2019-2,39239090,其他供輸送或包裝貨物之塑膠製品,加拿大,出口總值(含復出口),44,13267
2019-2,39239090,其他供輸送或包裝貨物之塑膠製品,印尼,出口總值(含復出口),2,2319
2019-2,39239090,其他供輸送或包裝貨物之塑膠製品,沙烏地阿拉伯,出口總值(含復出口),45,8400
2019-2,39239090,其他供輸送或包裝貨物之塑膠製品,汶萊,出口總值(含復出口),5,1000
2019-2,39239090,其他供輸送或包裝貨物之塑膠製品,奈及利亞,出口總值(含復出口),2,100
2019-2,39239090,其他供輸送或包裝貨物之塑膠製品,法國,出口總值(含復出口),16,2103
2019-2,39239090,其他供輸送或包裝貨物之塑膠製品,肯亞,出口總值(含復出口),13,2133
2019-2,39239090,其他供輸送或包裝貨物之塑膠製品,阿拉伯聯合大公國,出口總值(含復出口),14,7993
2019-2,39239090,其他供輸送或包裝貨物之塑膠製品,南非,出口總值(含復出口),30,1120
2019-2,39239090,其他供輸送或包裝貨物之塑膠製品,南韓,出口總值(含復出口),552,157251
2019-2,39239090,其他供輸送或包裝貨物之塑膠製品,科威特,出口總值(含復出口),20,12017
2019-2,39239090,其他供輸送或包裝貨物之塑膠製品,美國,出口總值(含復出口),1515,565420
2019-2,39239090,其他供輸送或包裝貨物之塑膠製品,英國,出口總值(含復出口),31,1865
2019-2,39239090,其他供輸送或包裝貨物之塑膠製品,香港,出口總值(含復出口),228,143887
2019-2,39239090,其他供輸送或包裝貨物之塑膠製品,哥倫比亞,出口總值(含復出口),2,42
2019-2,39239090,其他供輸送或包裝貨物之塑膠製品,哥斯大黎加,出口總值(含復出口),8,3352
2019-2,39239090,其他供輸送或包裝貨物之塑膠製品,泰國,出口總值(含復出口),75,4510
2019-2,39239090,其他供輸送或包裝貨物之塑膠製品,紐西蘭,出口總值(含復出口),52,10098
2019-2,39239090,其他供輸送或包裝貨物之塑膠製品,馬來西亞,出口總值(含復出口),126,18469
2019-2,39239090,其他供輸送或包裝貨物之塑膠製品,荷蘭,出口總值(含復出口),43,1334
2019-2,39239090,其他供輸送或包裝貨物之塑膠製品,斯里蘭卡,出口總值(含復出口),3,2
2019-2,39239090,其他供輸送或包裝貨物之塑膠製品,菲律賓,出口總值(含復出口),146,61664
2019-2,39239090,其他供輸送或包裝貨物之塑膠製品,越南,出口總值(含復出口),47,6878
2019-2,39239090,其他供輸送或包裝貨物之塑膠製品,新加坡,出口總值(含復出口),116,27709
2019-2,39239090,其他供輸送或包裝貨物之塑膠製品,瑞士,出口總值(含復出口),67,3988
2019-2,39239090,其他供輸送或包裝貨物之塑膠製品,瑞典,出口總值(含復出口),18,4098
2019-2,39239090,其他供輸送或包裝貨物之塑膠製品,義大利,出口總值(含復出口),25,1355
2019-2,39239090,其他供輸送或包裝貨物之塑膠製品,葡萄牙,出口總值(含復出口),3,76
2019-2,39239090,其他供輸送或包裝貨物之塑膠製品,德國,出口總值(含復出口),45,7336
2019-2,39239090,其他供輸送或包裝貨物之塑膠製品,墨西哥,出口總值(含復出口),86,15201
2019-2,39239090,其他供輸送或包裝貨物之塑膠製品,澳大利亞,出口總值(含復出口),53,9479
2019-2,39239090,其他供輸送或包裝貨物之塑膠製品,薩爾瓦多,出口總值(含復出口),2,340
2019-2,39269012,電氣絕緣用塑膠製品,中國大陸,進口總值(含復進口),72,1400
2019-2,39269012,電氣絕緣用塑膠製品,日本,進口總值(含復進口),254,1801
2019-2,39269012,電氣絕緣用塑膠製品,印度,進口總值(含復進口),1,31
2019-2,39269012,電氣絕緣用塑膠製品,西班牙,進口總值(含復進口),3,70
2019-2,39269012,電氣絕緣用塑膠製品,美國,進口總值(含復進口),15,53
2019-2,39269012,電氣絕緣用塑膠製品,越南,進口總值(含復進口),14,4712
2019-2,39269012,電氣絕緣用塑膠製品,瑞士,進口總值(含復進口),1,4
2019-2,39269012,電氣絕緣用塑膠製品,德國,進口總值(含復進口),0,0
2019-2,39269012,電氣絕緣用塑膠製品,中國大陸,出口總值(含復出口),144,20680
2019-2,39269012,電氣絕緣用塑膠製品,日本,出口總值(含復出口),55,17000
2019-2,39269012,電氣絕緣用塑膠製品,比利時,出口總值(含復出口),2,360
2019-2,39269012,電氣絕緣用塑膠製品,加拿大,出口總值(含復出口),117,30045
2019-2,39269012,電氣絕緣用塑膠製品,印度,出口總值(含復出口),54,23157
2019-2,39269012,電氣絕緣用塑膠製品,西班牙,出口總值(含復出口),42,10324
2019-2,39269012,電氣絕緣用塑膠製品,沙烏地阿拉伯,出口總值(含復出口),34,10854
2019-2,39269012,電氣絕緣用塑膠製品,法國,出口總值(含復出口),27,6441
2019-2,39269012,電氣絕緣用塑膠製品,南非,出口總值(含復出口),11,3148
2019-2,39269012,電氣絕緣用塑膠製品,南韓,出口總值(含復出口),362,126695
2019-2,39269012,電氣絕緣用塑膠製品,柬埔寨,出口總值(含復出口),5,60
2019-2,39269012,電氣絕緣用塑膠製品,美國,出口總值(含復出口),398,90298
2019-2,39269012,電氣絕緣用塑膠製品,英國,出口總值(含復出口),151,46316
2019-2,39269012,電氣絕緣用塑膠製品,香港,出口總值(含復出口),78,809
2019-2,39269012,電氣絕緣用塑膠製品,埃及,出口總值(含復出口),7,243
2019-2,39269012,電氣絕緣用塑膠製品,泰國,出口總值(含復出口),7,94
2019-2,39269012,電氣絕緣用塑膠製品,馬來西亞,出口總值(含復出口),8,961
2019-2,39269012,電氣絕緣用塑膠製品,斐濟,出口總值(含復出口),14,5000
2019-2,39269012,電氣絕緣用塑膠製品,菲律賓,出口總值(含復出口),1,90
2019-2,39269012,電氣絕緣用塑膠製品,越南,出口總值(含復出口),9,196
2019-2,39269012,電氣絕緣用塑膠製品,新加坡,出口總值(含復出口),7,3140
2019-2,39269012,電氣絕緣用塑膠製品,義大利,出口總值(含復出口),78,16010
2019-2,39269012,電氣絕緣用塑膠製品,德國,出口總值(含復出口),8,1379
2019-2,39269012,電氣絕緣用塑膠製品,墨西哥,出口總值(含復出口),14,1388
2019-2,39269012,電氣絕緣用塑膠製品,澳大利亞,出口總值(含復出口),58,15330
2019-3,39231010,塑膠製箱子、盒子、籃子及類似品，其形狀或適合供運輸或包裝半導體晶圓或網線,中國大陸,進口總值(含復進口),712,84483
2019-3,39231010,塑膠製箱子、盒子、籃子及類似品，其形狀或適合供運輸或包裝半導體晶圓或網線,中華民國,進口總值(含復進口),6,4734
2019-3,39231010,塑膠製箱子、盒子、籃子及類似品，其形狀或適合供運輸或包裝半導體晶圓或網線,日本,進口總值(含復進口),2826,129387
2019-3,39231010,塑膠製箱子、盒子、籃子及類似品，其形狀或適合供運輸或包裝半導體晶圓或網線,印尼,進口總值(含復進口),436,55019
2019-3,39231010,塑膠製箱子、盒子、籃子及類似品，其形狀或適合供運輸或包裝半導體晶圓或網線,阿拉伯聯合大公國,進口總值(含復進口),0,31
2019-3,39231010,塑膠製箱子、盒子、籃子及類似品，其形狀或適合供運輸或包裝半導體晶圓或網線,南韓,進口總值(含復進口),281,25924
2019-3,39231010,塑膠製箱子、盒子、籃子及類似品，其形狀或適合供運輸或包裝半導體晶圓或網線,美國,進口總值(含復進口),695,38553
2019-3,39231010,塑膠製箱子、盒子、籃子及類似品，其形狀或適合供運輸或包裝半導體晶圓或網線,英國,進口總值(含復進口),4,136
2019-3,39231010,塑膠製箱子、盒子、籃子及類似品，其形狀或適合供運輸或包裝半導體晶圓或網線,泰國,進口總值(含復進口),0,12
2019-3,39231010,塑膠製箱子、盒子、籃子及類似品，其形狀或適合供運輸或包裝半導體晶圓或網線,馬來西亞,進口總值(含復進口),1009,35915
2019-3,39231010,塑膠製箱子、盒子、籃子及類似品，其形狀或適合供運輸或包裝半導體晶圓或網線,越南,進口總值(含復進口),0,0
2019-3,39231010,塑膠製箱子、盒子、籃子及類似品，其形狀或適合供運輸或包裝半導體晶圓或網線,新加坡,進口總值(含復進口),35,24723
2019-3,39231010,塑膠製箱子、盒子、籃子及類似品，其形狀或適合供運輸或包裝半導體晶圓或網線,德國,進口總值(含復進口),10,629
2019-3,39231010,塑膠製箱子、盒子、籃子及類似品，其形狀或適合供運輸或包裝半導體晶圓或網線,中國大陸,出口總值(含復出口),1018,55689
2019-3,39231010,塑膠製箱子、盒子、籃子及類似品，其形狀或適合供運輸或包裝半導體晶圓或網線,日本,出口總值(含復出口),468,43600
2019-3,39231010,塑膠製箱子、盒子、籃子及類似品，其形狀或適合供運輸或包裝半導體晶圓或網線,比利時,出口總值(含復出口),4,84
2019-3,39231010,塑膠製箱子、盒子、籃子及類似品，其形狀或適合供運輸或包裝半導體晶圓或網線,加拿大,出口總值(含復出口),4,1695
2019-3,39231010,塑膠製箱子、盒子、籃子及類似品，其形狀或適合供運輸或包裝半導體晶圓或網線,伊朗,出口總值(含復出口),1,101
2019-3,39231010,塑膠製箱子、盒子、籃子及類似品，其形狀或適合供運輸或包裝半導體晶圓或網線,印度,出口總值(含復出口),29,7659
2019-3,39231010,塑膠製箱子、盒子、籃子及類似品，其形狀或適合供運輸或包裝半導體晶圓或網線,希臘,出口總值(含復出口),0,12
2019-3,39231010,塑膠製箱子、盒子、籃子及類似品，其形狀或適合供運輸或包裝半導體晶圓或網線,帛琉,出口總值(含復出口),2,297
2019-3,39231010,塑膠製箱子、盒子、籃子及類似品，其形狀或適合供運輸或包裝半導體晶圓或網線,阿拉伯聯合大公國,出口總值(含復出口),5,1029
2019-3,39231010,塑膠製箱子、盒子、籃子及類似品，其形狀或適合供運輸或包裝半導體晶圓或網線,俄羅斯,出口總值(含復出口),77,4259
2019-3,39231010,塑膠製箱子、盒子、籃子及類似品，其形狀或適合供運輸或包裝半導體晶圓或網線,南韓,出口總值(含復出口),8,95
2019-3,39231010,塑膠製箱子、盒子、籃子及類似品，其形狀或適合供運輸或包裝半導體晶圓或網線,美國,出口總值(含復出口),78,17313
2019-3,39231010,塑膠製箱子、盒子、籃子及類似品，其形狀或適合供運輸或包裝半導體晶圓或網線,英國,出口總值(含復出口),43,7197
2019-3,39231010,塑膠製箱子、盒子、籃子及類似品，其形狀或適合供運輸或包裝半導體晶圓或網線,香港,出口總值(含復出口),8,899
2019-3,39231010,塑膠製箱子、盒子、籃子及類似品，其形狀或適合供運輸或包裝半導體晶圓或網線,埃及,出口總值(含復出口),1,106
2019-3,39231010,塑膠製箱子、盒子、籃子及類似品，其形狀或適合供運輸或包裝半導體晶圓或網線,泰國,出口總值(含復出口),4,634
2019-3,39231010,塑膠製箱子、盒子、籃子及類似品，其形狀或適合供運輸或包裝半導體晶圓或網線,馬來西亞,出口總值(含復出口),138,15754
2019-3,39231010,塑膠製箱子、盒子、籃子及類似品，其形狀或適合供運輸或包裝半導體晶圓或網線,荷蘭,出口總值(含復出口),6,438
2019-3,39231010,塑膠製箱子、盒子、籃子及類似品，其形狀或適合供運輸或包裝半導體晶圓或網線,菲律賓,出口總值(含復出口),56,23390
2019-3,39231010,塑膠製箱子、盒子、籃子及類似品，其形狀或適合供運輸或包裝半導體晶圓或網線,越南,出口總值(含復出口),1,103
2019-3,39231010,塑膠製箱子、盒子、籃子及類似品，其形狀或適合供運輸或包裝半導體晶圓或網線,新加坡,出口總值(含復出口),41,7114
2019-3,39231010,塑膠製箱子、盒子、籃子及類似品，其形狀或適合供運輸或包裝半導體晶圓或網線,德國,出口總值(含復出口),49,8963
2019-3,39231010,塑膠製箱子、盒子、籃子及類似品，其形狀或適合供運輸或包裝半導體晶圓或網線,澳大利亞,出口總值(含復出口),15,2925
2019-3,39239090,其他供輸送或包裝貨物之塑膠製品,中國大陸,進口總值(含復進口),5734,1281831
2019-3,39239090,其他供輸送或包裝貨物之塑膠製品,中華民國,進口總值(含復進口),140,66088
2019-3,39239090,其他供輸送或包裝貨物之塑膠製品,丹麥,進口總值(含復進口),3,87
2019-3,39239090,其他供輸送或包裝貨物之塑膠製品,日本,進口總值(含復進口),1280,164439
2019-3,39239090,其他供輸送或包裝貨物之塑膠製品,比利時,進口總值(含復進口),2,292
2019-3,39239090,其他供輸送或包裝貨物之塑膠製品,以色列,進口總值(含復進口),0,15
2019-3,39239090,其他供輸送或包裝貨物之塑膠製品,加拿大,進口總值(含復進口),4,397
2019-3,39239090,其他供輸送或包裝貨物之塑膠製品,印度,進口總值(含復進口),39,11159
2019-3,39239090,其他供輸送或包裝貨物之塑膠製品,拉脫維亞,進口總值(含復進口),6,404
2019-3,39239090,其他供輸送或包裝貨物之塑膠製品,法國,進口總值(含復進口),86,9551
2019-3,39239090,其他供輸送或包裝貨物之塑膠製品,南韓,進口總值(含復進口),1476,382823
2019-3,39239090,其他供輸送或包裝貨物之塑膠製品,美國,進口總值(含復進口),1148,146711
2019-3,39239090,其他供輸送或包裝貨物之塑膠製品,英國,進口總值(含復進口),32,5324
2019-3,39239090,其他供輸送或包裝貨物之塑膠製品,泰國,進口總值(含復進口),629,95592
2019-3,39239090,其他供輸送或包裝貨物之塑膠製品,馬來西亞,進口總值(含復進口),881,90579
2019-3,39239090,其他供輸送或包裝貨物之塑膠製品,荷蘭,進口總值(含復進口),4,297
2019-3,39239090,其他供輸送或包裝貨物之塑膠製品,菲律賓,進口總值(含復進口),211,43920
2019-3,39239090,其他供輸送或包裝貨物之塑膠製品,越南,進口總值(含復進口),16,10543
2019-3,39239090,其他供輸送或包裝貨物之塑膠製品,新加坡,進口總值(含復進口),90,22924
2019-3,39239090,其他供輸送或包裝貨物之塑膠製品,瑞士,進口總值(含復進口),0,176
2019-3,39239090,其他供輸送或包裝貨物之塑膠製品,瑞典,進口總值(含復進口),2,125
2019-3,39239090,其他供輸送或包裝貨物之塑膠製品,義大利,進口總值(含復進口),14,2370
2019-3,39239090,其他供輸送或包裝貨物之塑膠製品,葡萄牙,進口總值(含復進口),1,25
2019-3,39239090,其他供輸送或包裝貨物之塑膠製品,德國,進口總值(含復進口),715,65025
2019-3,39239090,其他供輸送或包裝貨物之塑膠製品,澳大利亞,進口總值(含復進口),21,11800
2019-3,39239090,其他供輸送或包裝貨物之塑膠製品,中國大陸,出口總值(含復出口),1857,448145
2019-3,39239090,其他供輸送或包裝貨物之塑膠製品,巴西,出口總值(含復出口),64,23497
2019-3,39239090,其他供輸送或包裝貨物之塑膠製品,巴拿馬,出口總值(含復出口),32,7622
2019-3,39239090,其他供輸送或包裝貨物之塑膠製品,巴基斯坦,出口總值(含復出口),59,13089
2019-3,39239090,其他供輸送或包裝貨物之塑膠製品,日本,出口總值(含復出口),1558,216435
2019-3,39239090,其他供輸送或包裝貨物之塑膠製品,比利時,出口總值(含復出口),4,565
2019-3,39239090,其他供輸送或包裝貨物之塑膠製品,以色列,出口總值(含復出口),7,530
2019-3,39239090,其他供輸送或包裝貨物之塑膠製品,加拿大,出口總值(含復出口),206,39496
2019-3,39239090,其他供輸送或包裝貨物之塑膠製品,卡達,出口總值(含復出口),13,5508
2019-3,39239090,其他供輸送或包裝貨物之塑膠製品,立陶宛,出口總值(含復出口),15,6463
2019-3,39239090,其他供輸送或包裝貨物之塑膠製品,印尼,出口總值(含復出口),40,4246
2019-3,39239090,其他供輸送或包裝貨物之塑膠製品,印度,出口總值(含復出口),60,28599
2019-3,39239090,其他供輸送或包裝貨物之塑膠製品,西班牙,出口總值(含復出口),13,922
2019-3,39239090,其他供輸送或包裝貨物之塑膠製品,希臘,出口總值(含復出口),15,3750
2019-3,39239090,其他供輸送或包裝貨物之塑膠製品,沙烏地阿拉伯,出口總值(含復出口),77,34840
2019-3,39239090,其他供輸送或包裝貨物之塑膠製品,貝里斯,出口總值(含復出口),4,1660
2019-3,39239090,其他供輸送或包裝貨物之塑膠製品,波蘭,出口總值(含復出口),11,806
2019-3,39239090,其他供輸送或包裝貨物之塑膠製品,法國,出口總值(含復出口),6,1290
2019-3,39239090,其他供輸送或包裝貨物之塑膠製品,阿拉伯聯合大公國,出口總值(含復出口),7,2064
2019-3,39239090,其他供輸送或包裝貨物之塑膠製品,俄羅斯,出口總值(含復出口),25,1584
2019-3,39239090,其他供輸送或包裝貨物之塑膠製品,南非,出口總值(含復出口),10,704
2019-3,39239090,其他供輸送或包裝貨物之塑膠製品,南韓,出口總值(含復出口),732,249058
2019-3,39239090,其他供輸送或包裝貨物之塑膠製品,柬埔寨,出口總值(含復出口),2,1400
2019-3,39239090,其他供輸送或包裝貨物之塑膠製品,美國,出口總值(含復出口),1868,669961
2019-3,39239090,其他供輸送或包裝貨物之塑膠製品,英國,出口總值(含復出口),83,8128
2019-3,39239090,其他供輸送或包裝貨物之塑膠製品,香港,出口總值(含復出口),382,140967
2019-3,39239090,其他供輸送或包裝貨物之塑膠製品,哥倫比亞,出口總值(含復出口),10,939
2019-3,39239090,其他供輸送或包裝貨物之塑膠製品,哥斯大黎加,出口總值(含復出口),6,2609
2019-3,39239090,其他供輸送或包裝貨物之塑膠製品,泰國,出口總值(含復出口),119,15674
2019-3,39239090,其他供輸送或包裝貨物之塑膠製品,馬來西亞,出口總值(含復出口),170,32227
2019-3,39239090,其他供輸送或包裝貨物之塑膠製品,馬紹爾群島,出口總值(含復出口),1,80
2019-3,39239090,其他供輸送或包裝貨物之塑膠製品,荷蘭,出口總值(含復出口),300,9784
2019-3,39239090,其他供輸送或包裝貨物之塑膠製品,智利,出口總值(含復出口),26,1076
2019-3,39239090,其他供輸送或包裝貨物之塑膠製品,菲律賓,出口總值(含復出口),426,146754
2019-3,39239090,其他供輸送或包裝貨物之塑膠製品,越南,出口總值(含復出口),111,25717
2019-3,39239090,其他供輸送或包裝貨物之塑膠製品,新加坡,出口總值(含復出口),179,55357
2019-3,39239090,其他供輸送或包裝貨物之塑膠製品,瑞士,出口總值(含復出口),11,307
2019-3,39239090,其他供輸送或包裝貨物之塑膠製品,瑞典,出口總值(含復出口),29,5976
2019-3,39239090,其他供輸送或包裝貨物之塑膠製品,葡萄牙,出口總值(含復出口),0,19
2019-3,39239090,其他供輸送或包裝貨物之塑膠製品,德國,出口總值(含復出口),70,5050
2019-3,39239090,其他供輸送或包裝貨物之塑膠製品,模里西斯,出口總值(含復出口),8,2747
2019-3,39239090,其他供輸送或包裝貨物之塑膠製品,緬甸,出口總值(含復出口),17,7377
2019-3,39239090,其他供輸送或包裝貨物之塑膠製品,墨西哥,出口總值(含復出口),221,42172
2019-3,39239090,其他供輸送或包裝貨物之塑膠製品,澳大利亞,出口總值(含復出口),82,28839
2019-3,39239090,其他供輸送或包裝貨物之塑膠製品,賽普勒斯,出口總值(含復出口),28,11407
2019-3,39239090,其他供輸送或包裝貨物之塑膠製品,羅馬尼亞,出口總值(含復出口),2,152
2019-3,39269012,電氣絕緣用塑膠製品,中國大陸,進口總值(含復進口),60,3756
2019-3,39269012,電氣絕緣用塑膠製品,丹麥,進口總值(含復進口),3,42
2019-3,39269012,電氣絕緣用塑膠製品,日本,進口總值(含復進口),367,612
2019-3,39269012,電氣絕緣用塑膠製品,印度,進口總值(含復進口),7,415
2019-3,39269012,電氣絕緣用塑膠製品,西班牙,進口總值(含復進口),1,79
2019-3,39269012,電氣絕緣用塑膠製品,法國,進口總值(含復進口),0,1
2019-3,39269012,電氣絕緣用塑膠製品,南韓,進口總值(含復進口),10,86
2019-3,39269012,電氣絕緣用塑膠製品,美國,進口總值(含復進口),10,49
2019-3,39269012,電氣絕緣用塑膠製品,英國,進口總值(含復進口),4,29
2019-3,39269012,電氣絕緣用塑膠製品,馬來西亞,進口總值(含復進口),0,1
2019-3,39269012,電氣絕緣用塑膠製品,越南,進口總值(含復進口),24,10347
2019-3,39269012,電氣絕緣用塑膠製品,瑞士,進口總值(含復進口),0,0
2019-3,39269012,電氣絕緣用塑膠製品,義大利,進口總值(含復進口),1,18
2019-3,39269012,電氣絕緣用塑膠製品,德國,進口總值(含復進口),1,3
2019-3,39269012,電氣絕緣用塑膠製品,澳大利亞,進口總值(含復進口),3,30
2019-3,39269012,電氣絕緣用塑膠製品,土耳其,出口總值(含復出口),118,36425
2019-3,39269012,電氣絕緣用塑膠製品,中國大陸,出口總值(含復出口),223,30249
2019-3,39269012,電氣絕緣用塑膠製品,丹麥,出口總值(含復出口),10,15
2019-3,39269012,電氣絕緣用塑膠製品,巴西,出口總值(含復出口),2,1
2019-3,39269012,電氣絕緣用塑膠製品,日本,出口總值(含復出口),53,17000
2019-3,39269012,電氣絕緣用塑膠製品,比利時,出口總值(含復出口),51,13568
2019-3,39269012,電氣絕緣用塑膠製品,加拿大,出口總值(含復出口),204,54570
2019-3,39269012,電氣絕緣用塑膠製品,印尼,出口總值(含復出口),1,62
2019-3,39269012,電氣絕緣用塑膠製品,印度,出口總值(含復出口),108,46303
2019-3,39269012,電氣絕緣用塑膠製品,多明尼加,出口總值(含復出口),9,2970
2019-3,39269012,電氣絕緣用塑膠製品,西班牙,出口總值(含復出口),92,32578
2019-3,39269012,電氣絕緣用塑膠製品,沙烏地阿拉伯,出口總值(含復出口),91,28395
2019-3,39269012,電氣絕緣用塑膠製品,拉脫維亞,出口總值(含復出口),22,5772
2019-3,39269012,電氣絕緣用塑膠製品,法國,出口總值(含復出口),44,11561
2019-3,39269012,電氣絕緣用塑膠製品,阿拉伯聯合大公國,出口總值(含復出口),31,12335
2019-3,39269012,電氣絕緣用塑膠製品,俄羅斯,出口總值(含復出口),77,20422
2019-3,39269012,電氣絕緣用塑膠製品,南韓,出口總值(含復出口),398,139882
2019-3,39269012,電氣絕緣用塑膠製品,柬埔寨,出口總值(含復出口),1,26
2019-3,39269012,電氣絕緣用塑膠製品,約旦,出口總值(含復出口),68,22800
2019-3,39269012,電氣絕緣用塑膠製品,美國,出口總值(含復出口),256,49375
2019-3,39269012,電氣絕緣用塑膠製品,英國,出口總值(含復出口),58,18494
2019-3,39269012,電氣絕緣用塑膠製品,香港,出口總值(含復出口),21,496
2019-3,39269012,電氣絕緣用塑膠製品,哥倫比亞,出口總值(含復出口),136,52390
2019-3,39269012,電氣絕緣用塑膠製品,哥斯大黎加,出口總值(含復出口),8,2160
2019-3,39269012,電氣絕緣用塑膠製品,埃及,出口總值(含復出口),80,23314
2019-3,39269012,電氣絕緣用塑膠製品,泰國,出口總值(含復出口),14,813
2019-3,39269012,電氣絕緣用塑膠製品,索羅門群島,出口總值(含復出口),0,35
2019-3,39269012,電氣絕緣用塑膠製品,紐西蘭,出口總值(含復出口),2,627
2019-3,39269012,電氣絕緣用塑膠製品,馬來西亞,出口總值(含復出口),103,6249
2019-3,39269012,電氣絕緣用塑膠製品,荷蘭,出口總值(含復出口),49,12701
2019-3,39269012,電氣絕緣用塑膠製品,菲律賓,出口總值(含復出口),29,19035
2019-3,39269012,電氣絕緣用塑膠製品,越南,出口總值(含復出口),92,4469
2019-3,39269012,電氣絕緣用塑膠製品,新加坡,出口總值(含復出口),10,941
2019-3,39269012,電氣絕緣用塑膠製品,瑞士,出口總值(含復出口),5,1108
2019-3,39269012,電氣絕緣用塑膠製品,瑞典,出口總值(含復出口),5,1034
2019-3,39269012,電氣絕緣用塑膠製品,義大利,出口總值(含復出口),145,29950
2019-3,39269012,電氣絕緣用塑膠製品,德國,出口總值(含復出口),147,28906
2019-3,39269012,電氣絕緣用塑膠製品,模里西斯,出口總值(含復出口),5,1440
2019-3,39269012,電氣絕緣用塑膠製品,緬甸,出口總值(含復出口),4,1200
2019-3,39269012,電氣絕緣用塑膠製品,墨西哥,出口總值(含復出口),149,51218
2019-3,39269012,電氣絕緣用塑膠製品,澳大利亞,出口總值(含復出口),2,316
2019-4,39231010,塑膠製箱子、盒子、籃子及類似品，其形狀或適合供運輸或包裝半導體晶圓或網線,中國大陸,進口總值(含復進口),591,106363
2019-4,39231010,塑膠製箱子、盒子、籃子及類似品，其形狀或適合供運輸或包裝半導體晶圓或網線,中華民國,進口總值(含復進口),162,37656
2019-4,39231010,塑膠製箱子、盒子、籃子及類似品，其形狀或適合供運輸或包裝半導體晶圓或網線,日本,進口總值(含復進口),2742,157481
2019-4,39231010,塑膠製箱子、盒子、籃子及類似品，其形狀或適合供運輸或包裝半導體晶圓或網線,匈牙利,進口總值(含復進口),0,0
2019-4,39231010,塑膠製箱子、盒子、籃子及類似品，其形狀或適合供運輸或包裝半導體晶圓或網線,印尼,進口總值(含復進口),267,34405
2019-4,39231010,塑膠製箱子、盒子、籃子及類似品，其形狀或適合供運輸或包裝半導體晶圓或網線,西班牙,進口總值(含復進口),30,2128
2019-4,39231010,塑膠製箱子、盒子、籃子及類似品，其形狀或適合供運輸或包裝半導體晶圓或網線,南韓,進口總值(含復進口),364,29852
2019-4,39231010,塑膠製箱子、盒子、籃子及類似品，其形狀或適合供運輸或包裝半導體晶圓或網線,美國,進口總值(含復進口),414,24273
2019-4,39231010,塑膠製箱子、盒子、籃子及類似品，其形狀或適合供運輸或包裝半導體晶圓或網線,英國,進口總值(含復進口),1,5
2019-4,39231010,塑膠製箱子、盒子、籃子及類似品，其形狀或適合供運輸或包裝半導體晶圓或網線,馬來西亞,進口總值(含復進口),2230,47648
2019-4,39231010,塑膠製箱子、盒子、籃子及類似品，其形狀或適合供運輸或包裝半導體晶圓或網線,菲律賓,進口總值(含復進口),3,152
2019-4,39231010,塑膠製箱子、盒子、籃子及類似品，其形狀或適合供運輸或包裝半導體晶圓或網線,越南,進口總值(含復進口),4,146
2019-4,39231010,塑膠製箱子、盒子、籃子及類似品，其形狀或適合供運輸或包裝半導體晶圓或網線,新加坡,進口總值(含復進口),9,18576
2019-4,39231010,塑膠製箱子、盒子、籃子及類似品，其形狀或適合供運輸或包裝半導體晶圓或網線,德國,進口總值(含復進口),6,14
2019-4,39231010,塑膠製箱子、盒子、籃子及類似品，其形狀或適合供運輸或包裝半導體晶圓或網線,中國大陸,出口總值(含復出口),562,51842
2019-4,39231010,塑膠製箱子、盒子、籃子及類似品，其形狀或適合供運輸或包裝半導體晶圓或網線,日本,出口總值(含復出口),355,55490
2019-4,39231010,塑膠製箱子、盒子、籃子及類似品，其形狀或適合供運輸或包裝半導體晶圓或網線,以色列,出口總值(含復出口),7,490
2019-4,39231010,塑膠製箱子、盒子、籃子及類似品，其形狀或適合供運輸或包裝半導體晶圓或網線,加拿大,出口總值(含復出口),2,515
2019-4,39231010,塑膠製箱子、盒子、籃子及類似品，其形狀或適合供運輸或包裝半導體晶圓或網線,立陶宛,出口總值(含復出口),0,54
2019-4,39231010,塑膠製箱子、盒子、籃子及類似品，其形狀或適合供運輸或包裝半導體晶圓或網線,印尼,出口總值(含復出口),0,240
2019-4,39231010,塑膠製箱子、盒子、籃子及類似品，其形狀或適合供運輸或包裝半導體晶圓或網線,印度,出口總值(含復出口),1,230
2019-4,39231010,塑膠製箱子、盒子、籃子及類似品，其形狀或適合供運輸或包裝半導體晶圓或網線,波蘭,出口總值(含復出口),13,6244
2019-4,39231010,塑膠製箱子、盒子、籃子及類似品，其形狀或適合供運輸或包裝半導體晶圓或網線,俄羅斯,出口總值(含復出口),2,83
2019-4,39231010,塑膠製箱子、盒子、籃子及類似品，其形狀或適合供運輸或包裝半導體晶圓或網線,南韓,出口總值(含復出口),166,5337
2019-4,39231010,塑膠製箱子、盒子、籃子及類似品，其形狀或適合供運輸或包裝半導體晶圓或網線,美國,出口總值(含復出口),106,21285
2019-4,39231010,塑膠製箱子、盒子、籃子及類似品，其形狀或適合供運輸或包裝半導體晶圓或網線,英國,出口總值(含復出口),41,6660
2019-4,39231010,塑膠製箱子、盒子、籃子及類似品，其形狀或適合供運輸或包裝半導體晶圓或網線,香港,出口總值(含復出口),3,902
2019-4,39231010,塑膠製箱子、盒子、籃子及類似品，其形狀或適合供運輸或包裝半導體晶圓或網線,馬來西亞,出口總值(含復出口),80,9052
2019-4,39231010,塑膠製箱子、盒子、籃子及類似品，其形狀或適合供運輸或包裝半導體晶圓或網線,荷蘭,出口總值(含復出口),76,3067
2019-4,39231010,塑膠製箱子、盒子、籃子及類似品，其形狀或適合供運輸或包裝半導體晶圓或網線,菲律賓,出口總值(含復出口),27,15795
2019-4,39231010,塑膠製箱子、盒子、籃子及類似品，其形狀或適合供運輸或包裝半導體晶圓或網線,越南,出口總值(含復出口),26,4216
2019-4,39231010,塑膠製箱子、盒子、籃子及類似品，其形狀或適合供運輸或包裝半導體晶圓或網線,新加坡,出口總值(含復出口),38,5647
2019-4,39231010,塑膠製箱子、盒子、籃子及類似品，其形狀或適合供運輸或包裝半導體晶圓或網線,德國,出口總值(含復出口),57,13194
2019-4,39231010,塑膠製箱子、盒子、籃子及類似品，其形狀或適合供運輸或包裝半導體晶圓或網線,墨西哥,出口總值(含復出口),3,213
2019-4,39231010,塑膠製箱子、盒子、籃子及類似品，其形狀或適合供運輸或包裝半導體晶圓或網線,澳大利亞,出口總值(含復出口),25,4158
2019-4,39239090,其他供輸送或包裝貨物之塑膠製品,中國大陸,進口總值(含復進口),5791,1564580
2019-4,39239090,其他供輸送或包裝貨物之塑膠製品,中華民國,進口總值(含復進口),268,49143
2019-4,39239090,其他供輸送或包裝貨物之塑膠製品,丹麥,進口總值(含復進口),0,0
2019-4,39239090,其他供輸送或包裝貨物之塑膠製品,日本,進口總值(含復進口),1472,165005
2019-4,39239090,其他供輸送或包裝貨物之塑膠製品,以色列,進口總值(含復進口),3,1
2019-4,39239090,其他供輸送或包裝貨物之塑膠製品,加拿大,進口總值(含復進口),0,4
2019-4,39239090,其他供輸送或包裝貨物之塑膠製品,印尼,進口總值(含復進口),0,100
2019-4,39239090,其他供輸送或包裝貨物之塑膠製品,拉脫維亞,進口總值(含復進口),2,151
2019-4,39239090,其他供輸送或包裝貨物之塑膠製品,法國,進口總值(含復進口),4,35
2019-4,39239090,其他供輸送或包裝貨物之塑膠製品,芬蘭,進口總值(含復進口),0,4
2019-4,39239090,其他供輸送或包裝貨物之塑膠製品,南韓,進口總值(含復進口),797,166609
2019-4,39239090,其他供輸送或包裝貨物之塑膠製品,美國,進口總值(含復進口),616,81129
2019-4,39239090,其他供輸送或包裝貨物之塑膠製品,泰國,進口總值(含復進口),948,169666
2019-4,39239090,其他供輸送或包裝貨物之塑膠製品,馬來西亞,進口總值(含復進口),634,81929
2019-4,39239090,其他供輸送或包裝貨物之塑膠製品,馬爾他,進口總值(含復進口),6,293
2019-4,39239090,其他供輸送或包裝貨物之塑膠製品,捷克,進口總值(含復進口),3,1775
2019-4,39239090,其他供輸送或包裝貨物之塑膠製品,荷蘭,進口總值(含復進口),200,5143
2019-4,39239090,其他供輸送或包裝貨物之塑膠製品,菲律賓,進口總值(含復進口),112,27214
2019-4,39239090,其他供輸送或包裝貨物之塑膠製品,越南,進口總值(含復進口),15,3145
2019-4,39239090,其他供輸送或包裝貨物之塑膠製品,新加坡,進口總值(含復進口),127,32648
2019-4,39239090,其他供輸送或包裝貨物之塑膠製品,瑞士,進口總值(含復進口),0,0
2019-4,39239090,其他供輸送或包裝貨物之塑膠製品,義大利,進口總值(含復進口),0,56
2019-4,39239090,其他供輸送或包裝貨物之塑膠製品,德國,進口總值(含復進口),80,3435
2019-4,39239090,其他供輸送或包裝貨物之塑膠製品,澳大利亞,進口總值(含復進口),32,3960
2019-4,39239090,其他供輸送或包裝貨物之塑膠製品,千里達及托巴哥,出口總值(含復出口),2,365
2019-4,39239090,其他供輸送或包裝貨物之塑膠製品,中國大陸,出口總值(含復出口),1782,416417
2019-4,39239090,其他供輸送或包裝貨物之塑膠製品,丹麥,出口總值(含復出口),20,2204
2019-4,39239090,其他供輸送或包裝貨物之塑膠製品,厄瓜多,出口總值(含復出口),0,20
2019-4,39239090,其他供輸送或包裝貨物之塑膠製品,巴西,出口總值(含復出口),63,19328
2019-4,39239090,其他供輸送或包裝貨物之塑膠製品,巴基斯坦,出口總值(含復出口),22,1479
2019-4,39239090,其他供輸送或包裝貨物之塑膠製品,日本,出口總值(含復出口),1261,185391
2019-4,39239090,其他供輸送或包裝貨物之塑膠製品,比利時,出口總值(含復出口),9,394
2019-4,39239090,其他供輸送或包裝貨物之塑膠製品,以色列,出口總值(含復出口),10,593
2019-4,39239090,其他供輸送或包裝貨物之塑膠製品,加拿大,出口總值(含復出口),176,25671
2019-4,39239090,其他供輸送或包裝貨物之塑膠製品,卡達,出口總值(含復出口),29,11336
2019-4,39239090,其他供輸送或包裝貨物之塑膠製品,印尼,出口總值(含復出口),90,11812
2019-4,39239090,其他供輸送或包裝貨物之塑膠製品,印度,出口總值(含復出口),14,16594
2019-4,39239090,其他供輸送或包裝貨物之塑膠製品,多明尼加,出口總值(含復出口),9,4025
2019-4,39239090,其他供輸送或包裝貨物之塑膠製品,西班牙,出口總值(含復出口),11,1592
2019-4,39239090,其他供輸送或包裝貨物之塑膠製品,克羅埃西亞,出口總值(含復出口),0,1
2019-4,39239090,其他供輸送或包裝貨物之塑膠製品,宏都拉斯,出口總值(含復出口),10,1206
2019-4,39239090,其他供輸送或包裝貨物之塑膠製品,沙烏地阿拉伯,出口總值(含復出口),57,14701
2019-4,39239090,其他供輸送或包裝貨物之塑膠製品,汶萊,出口總值(含復出口),3,1400
2019-4,39239090,其他供輸送或包裝貨物之塑膠製品,孟加拉,出口總值(含復出口),4,4112
2019-4,39239090,其他供輸送或包裝貨物之塑膠製品,波蘭,出口總值(含復出口),4,233
2019-4,39239090,其他供輸送或包裝貨物之塑膠製品,法國,出口總值(含復出口),34,2191
2019-4,39239090,其他供輸送或包裝貨物之塑膠製品,肯亞,出口總值(含復出口),11,547
2019-4,39239090,其他供輸送或包裝貨物之塑膠製品,芬蘭,出口總值(含復出口),2,325
2019-4,39239090,其他供輸送或包裝貨物之塑膠製品,阿拉伯聯合大公國,出口總值(含復出口),9,335
2019-4,39239090,其他供輸送或包裝貨物之塑膠製品,南韓,出口總值(含復出口),685,169005
2019-4,39239090,其他供輸送或包裝貨物之塑膠製品,美國,出口總值(含復出口),1903,636171
2019-4,39239090,其他供輸送或包裝貨物之塑膠製品,英國,出口總值(含復出口),145,12397
2019-4,39239090,其他供輸送或包裝貨物之塑膠製品,香港,出口總值(含復出口),259,96666
2019-4,39239090,其他供輸送或包裝貨物之塑膠製品,哥斯大黎加,出口總值(含復出口),25,9321
2019-4,39239090,其他供輸送或包裝貨物之塑膠製品,泰國,出口總值(含復出口),98,10227
2019-4,39239090,其他供輸送或包裝貨物之塑膠製品,紐西蘭,出口總值(含復出口),28,6725
2019-4,39239090,其他供輸送或包裝貨物之塑膠製品,馬來西亞,出口總值(含復出口),83,18664
2019-4,39239090,其他供輸送或包裝貨物之塑膠製品,馬紹爾群島,出口總值(含復出口),0,83
2019-4,39239090,其他供輸送或包裝貨物之塑膠製品,荷蘭,出口總值(含復出口),553,9648
2019-4,39239090,其他供輸送或包裝貨物之塑膠製品,菲律賓,出口總值(含復出口),217,80426
2019-4,39239090,其他供輸送或包裝貨物之塑膠製品,越南,出口總值(含復出口),182,12922
2019-4,39239090,其他供輸送或包裝貨物之塑膠製品,愛沙尼亞,出口總值(含復出口),4,999
2019-4,39239090,其他供輸送或包裝貨物之塑膠製品,新加坡,出口總值(含復出口),122,30317
2019-4,39239090,其他供輸送或包裝貨物之塑膠製品,瑞士,出口總值(含復出口),35,1081
2019-4,39239090,其他供輸送或包裝貨物之塑膠製品,瑞典,出口總值(含復出口),7,1479
2019-4,39239090,其他供輸送或包裝貨物之塑膠製品,義大利,出口總值(含復出口),113,6637
2019-4,39239090,其他供輸送或包裝貨物之塑膠製品,德國,出口總值(含復出口),74,12852
2019-4,39239090,其他供輸送或包裝貨物之塑膠製品,黎巴嫩,出口總值(含復出口),8,2081
2019-4,39239090,其他供輸送或包裝貨物之塑膠製品,墨西哥,出口總值(含復出口),290,92298
2019-4,39239090,其他供輸送或包裝貨物之塑膠製品,澳大利亞,出口總值(含復出口),38,10019
2019-4,39239090,其他供輸送或包裝貨物之塑膠製品,薩爾瓦多,出口總值(含復出口),14,1192
2019-4,39239090,其他供輸送或包裝貨物之塑膠製品,羅馬尼亞,出口總值(含復出口),14,1916
2019-4,39269012,電氣絕緣用塑膠製品,中國大陸,進口總值(含復進口),70,7752
2019-4,39269012,電氣絕緣用塑膠製品,日本,進口總值(含復進口),406,787
2019-4,39269012,電氣絕緣用塑膠製品,法國,進口總值(含復進口),0,3
2019-4,39269012,電氣絕緣用塑膠製品,南韓,進口總值(含復進口),7,389
2019-4,39269012,電氣絕緣用塑膠製品,美國,進口總值(含復進口),3,13
2019-4,39269012,電氣絕緣用塑膠製品,越南,進口總值(含復進口),29,11804
2019-4,39269012,電氣絕緣用塑膠製品,新加坡,進口總值(含復進口),0,0
2019-4,39269012,電氣絕緣用塑膠製品,瑞士,進口總值(含復進口),5,2
2019-4,39269012,電氣絕緣用塑膠製品,德國,進口總值(含復進口),0,10
2019-4,39269012,電氣絕緣用塑膠製品,土耳其,出口總值(含復出口),23,1622
2019-4,39269012,電氣絕緣用塑膠製品,中國大陸,出口總值(含復出口),125,11474
2019-4,39269012,電氣絕緣用塑膠製品,日本,出口總值(含復出口),73,18730
2019-4,39269012,電氣絕緣用塑膠製品,比利時,出口總值(含復出口),16,3544
2019-4,39269012,電氣絕緣用塑膠製品,加拿大,出口總值(含復出口),185,45005
2019-4,39269012,電氣絕緣用塑膠製品,匈牙利,出口總值(含復出口),16,3414
2019-4,39269012,電氣絕緣用塑膠製品,印尼,出口總值(含復出口),19,271
2019-4,39269012,電氣絕緣用塑膠製品,印度,出口總值(含復出口),110,46209
2019-4,39269012,電氣絕緣用塑膠製品,吐瓦魯,出口總值(含復出口),0,1
2019-4,39269012,電氣絕緣用塑膠製品,沙烏地阿拉伯,出口總值(含復出口),69,21752
2019-4,39269012,電氣絕緣用塑膠製品,孟加拉,出口總值(含復出口),39,18000
2019-4,39269012,電氣絕緣用塑膠製品,法國,出口總值(含復出口),46,11648
2019-4,39269012,電氣絕緣用塑膠製品,俄羅斯,出口總值(含復出口),47,15098
2019-4,39269012,電氣絕緣用塑膠製品,南非,出口總值(含復出口),25,6770
2019-4,39269012,電氣絕緣用塑膠製品,南韓,出口總值(含復出口),416,150529
2019-4,39269012,電氣絕緣用塑膠製品,柬埔寨,出口總值(含復出口),8,127
2019-4,39269012,電氣絕緣用塑膠製品,美國,出口總值(含復出口),307,62981
2019-4,39269012,電氣絕緣用塑膠製品,英國,出口總值(含復出口),9,2633
2019-4,39269012,電氣絕緣用塑膠製品,香港,出口總值(含復出口),25,529
2019-4,39269012,電氣絕緣用塑膠製品,哥斯大黎加,出口總值(含復出口),12,2768
2019-4,39269012,電氣絕緣用塑膠製品,泰國,出口總值(含復出口),30,1328
2019-4,39269012,電氣絕緣用塑膠製品,紐西蘭,出口總值(含復出口),3,996
2019-4,39269012,電氣絕緣用塑膠製品,馬來西亞,出口總值(含復出口),13,505
2019-4,39269012,電氣絕緣用塑膠製品,荷蘭,出口總值(含復出口),29,8176
2019-4,39269012,電氣絕緣用塑膠製品,智利,出口總值(含復出口),2,464
2019-4,39269012,電氣絕緣用塑膠製品,菲律賓,出口總值(含復出口),10,4135
2019-4,39269012,電氣絕緣用塑膠製品,越南,出口總值(含復出口),55,1623
2019-4,39269012,電氣絕緣用塑膠製品,新加坡,出口總值(含復出口),26,2626
2019-4,39269012,電氣絕緣用塑膠製品,義大利,出口總值(含復出口),187,37586
2019-4,39269012,電氣絕緣用塑膠製品,葉門,出口總值(含復出口),37,10944
2019-4,39269012,電氣絕緣用塑膠製品,德國,出口總值(含復出口),4,324
2019-4,39269012,電氣絕緣用塑膠製品,黎巴嫩,出口總值(含復出口),35,11832
2019-4,39269012,電氣絕緣用塑膠製品,墨西哥,出口總值(含復出口),143,45388
2019-4,39269012,電氣絕緣用塑膠製品,澳大利亞,出口總值(含復出口),41,11657
2019-4,39269012,電氣絕緣用塑膠製品,賴索托,出口總值(含復出口),1,285
2019-5,39231010,塑膠製箱子、盒子、籃子及類似品，其形狀或適合供運輸或包裝半導體晶圓或網線,中國大陸,進口總值(含復進口),642,128914
2019-5,39231010,塑膠製箱子、盒子、籃子及類似品，其形狀或適合供運輸或包裝半導體晶圓或網線,中華民國,進口總值(含復進口),153,33485
2019-5,39231010,塑膠製箱子、盒子、籃子及類似品，其形狀或適合供運輸或包裝半導體晶圓或網線,日本,進口總值(含復進口),2433,122233
2019-5,39231010,塑膠製箱子、盒子、籃子及類似品，其形狀或適合供運輸或包裝半導體晶圓或網線,印尼,進口總值(含復進口),277,36761
2019-5,39231010,塑膠製箱子、盒子、籃子及類似品，其形狀或適合供運輸或包裝半導體晶圓或網線,南韓,進口總值(含復進口),305,31488
2019-5,39231010,塑膠製箱子、盒子、籃子及類似品，其形狀或適合供運輸或包裝半導體晶圓或網線,美國,進口總值(含復進口),514,31608
2019-5,39231010,塑膠製箱子、盒子、籃子及類似品，其形狀或適合供運輸或包裝半導體晶圓或網線,英國,進口總值(含復進口),2,126
2019-5,39231010,塑膠製箱子、盒子、籃子及類似品，其形狀或適合供運輸或包裝半導體晶圓或網線,馬來西亞,進口總值(含復進口),1333,39107
2019-5,39231010,塑膠製箱子、盒子、籃子及類似品，其形狀或適合供運輸或包裝半導體晶圓或網線,捷克,進口總值(含復進口),0,4
2019-5,39231010,塑膠製箱子、盒子、籃子及類似品，其形狀或適合供運輸或包裝半導體晶圓或網線,荷蘭,進口總值(含復進口),0,0
2019-5,39231010,塑膠製箱子、盒子、籃子及類似品，其形狀或適合供運輸或包裝半導體晶圓或網線,菲律賓,進口總值(含復進口),7,551
2019-5,39231010,塑膠製箱子、盒子、籃子及類似品，其形狀或適合供運輸或包裝半導體晶圓或網線,越南,進口總值(含復進口),0,60
2019-5,39231010,塑膠製箱子、盒子、籃子及類似品，其形狀或適合供運輸或包裝半導體晶圓或網線,新加坡,進口總值(含復進口),6,44
2019-5,39231010,塑膠製箱子、盒子、籃子及類似品，其形狀或適合供運輸或包裝半導體晶圓或網線,瑞士,進口總值(含復進口),0,0
2019-5,39231010,塑膠製箱子、盒子、籃子及類似品，其形狀或適合供運輸或包裝半導體晶圓或網線,德國,進口總值(含復進口),10,290
2019-5,39231010,塑膠製箱子、盒子、籃子及類似品，其形狀或適合供運輸或包裝半導體晶圓或網線,中國大陸,出口總值(含復出口),580,52682
2019-5,39231010,塑膠製箱子、盒子、籃子及類似品，其形狀或適合供運輸或包裝半導體晶圓或網線,日本,出口總值(含復出口),690,69440
2019-5,39231010,塑膠製箱子、盒子、籃子及類似品，其形狀或適合供運輸或包裝半導體晶圓或網線,比利時,出口總值(含復出口),4,84
2019-5,39231010,塑膠製箱子、盒子、籃子及類似品，其形狀或適合供運輸或包裝半導體晶圓或網線,加拿大,出口總值(含復出口),25,4404
2019-5,39231010,塑膠製箱子、盒子、籃子及類似品，其形狀或適合供運輸或包裝半導體晶圓或網線,印度,出口總值(含復出口),39,11239
2019-5,39231010,塑膠製箱子、盒子、籃子及類似品，其形狀或適合供運輸或包裝半導體晶圓或網線,西班牙,出口總值(含復出口),18,4960
2019-5,39231010,塑膠製箱子、盒子、籃子及類似品，其形狀或適合供運輸或包裝半導體晶圓或網線,波蘭,出口總值(含復出口),39,22096
2019-5,39231010,塑膠製箱子、盒子、籃子及類似品，其形狀或適合供運輸或包裝半導體晶圓或網線,法國,出口總值(含復出口),5,778
2019-5,39231010,塑膠製箱子、盒子、籃子及類似品，其形狀或適合供運輸或包裝半導體晶圓或網線,阿拉伯聯合大公國,出口總值(含復出口),33,6437
2019-5,39231010,塑膠製箱子、盒子、籃子及類似品，其形狀或適合供運輸或包裝半導體晶圓或網線,俄羅斯,出口總值(含復出口),7,831
2019-5,39231010,塑膠製箱子、盒子、籃子及類似品，其形狀或適合供運輸或包裝半導體晶圓或網線,南非,出口總值(含復出口),25,12935
2019-5,39231010,塑膠製箱子、盒子、籃子及類似品，其形狀或適合供運輸或包裝半導體晶圓或網線,南韓,出口總值(含復出口),104,30591
2019-5,39231010,塑膠製箱子、盒子、籃子及類似品，其形狀或適合供運輸或包裝半導體晶圓或網線,美國,出口總值(含復出口),108,23341
2019-5,39231010,塑膠製箱子、盒子、籃子及類似品，其形狀或適合供運輸或包裝半導體晶圓或網線,英國,出口總值(含復出口),91,16279
2019-5,39231010,塑膠製箱子、盒子、籃子及類似品，其形狀或適合供運輸或包裝半導體晶圓或網線,香港,出口總值(含復出口),10,12680
2019-5,39231010,塑膠製箱子、盒子、籃子及類似品，其形狀或適合供運輸或包裝半導體晶圓或網線,泰國,出口總值(含復出口),2,5
2019-5,39231010,塑膠製箱子、盒子、籃子及類似品，其形狀或適合供運輸或包裝半導體晶圓或網線,紐西蘭,出口總值(含復出口),2,400
2019-5,39231010,塑膠製箱子、盒子、籃子及類似品，其形狀或適合供運輸或包裝半導體晶圓或網線,馬來西亞,出口總值(含復出口),88,9981
2019-5,39231010,塑膠製箱子、盒子、籃子及類似品，其形狀或適合供運輸或包裝半導體晶圓或網線,馬爾地夫,出口總值(含復出口),0,9
2019-5,39231010,塑膠製箱子、盒子、籃子及類似品，其形狀或適合供運輸或包裝半導體晶圓或網線,荷蘭,出口總值(含復出口),8,411
2019-5,39231010,塑膠製箱子、盒子、籃子及類似品，其形狀或適合供運輸或包裝半導體晶圓或網線,菲律賓,出口總值(含復出口),22,11012
2019-5,39231010,塑膠製箱子、盒子、籃子及類似品，其形狀或適合供運輸或包裝半導體晶圓或網線,越南,出口總值(含復出口),21,3297
2019-5,39231010,塑膠製箱子、盒子、籃子及類似品，其形狀或適合供運輸或包裝半導體晶圓或網線,新加坡,出口總值(含復出口),22,2983
2019-5,39231010,塑膠製箱子、盒子、籃子及類似品，其形狀或適合供運輸或包裝半導體晶圓或網線,德國,出口總值(含復出口),124,14454
2019-5,39231010,塑膠製箱子、盒子、籃子及類似品，其形狀或適合供運輸或包裝半導體晶圓或網線,澳大利亞,出口總值(含復出口),21,3769
2019-5,39239090,其他供輸送或包裝貨物之塑膠製品,中國大陸,進口總值(含復進口),6109,1409369
2019-5,39239090,其他供輸送或包裝貨物之塑膠製品,中華民國,進口總值(含復進口),212,93842
2019-5,39239090,其他供輸送或包裝貨物之塑膠製品,丹麥,進口總值(含復進口),4,158
2019-5,39239090,其他供輸送或包裝貨物之塑膠製品,巴林,進口總值(含復進口),22,11077
2019-5,39239090,其他供輸送或包裝貨物之塑膠製品,日本,進口總值(含復進口),1584,165207
2019-5,39239090,其他供輸送或包裝貨物之塑膠製品,比利時,進口總值(含復進口),1,172
2019-5,39239090,其他供輸送或包裝貨物之塑膠製品,以色列,進口總值(含復進口),2,25
2019-5,39239090,其他供輸送或包裝貨物之塑膠製品,加拿大,進口總值(含復進口),0,0
2019-5,39239090,其他供輸送或包裝貨物之塑膠製品,拉脫維亞,進口總值(含復進口),3,191
2019-5,39239090,其他供輸送或包裝貨物之塑膠製品,法國,進口總值(含復進口),86,9816
2019-5,39239090,其他供輸送或包裝貨物之塑膠製品,南韓,進口總值(含復進口),1199,251816
2019-5,39239090,其他供輸送或包裝貨物之塑膠製品,美國,進口總值(含復進口),825,114194
2019-5,39239090,其他供輸送或包裝貨物之塑膠製品,香港,進口總值(含復進口),0,3
2019-5,39239090,其他供輸送或包裝貨物之塑膠製品,哥斯大黎加,進口總值(含復進口),0,3
2019-5,39239090,其他供輸送或包裝貨物之塑膠製品,泰國,進口總值(含復進口),651,89927
2019-5,39239090,其他供輸送或包裝貨物之塑膠製品,馬來西亞,進口總值(含復進口),627,78675
2019-5,39239090,其他供輸送或包裝貨物之塑膠製品,捷克,進口總值(含復進口),3,24
2019-5,39239090,其他供輸送或包裝貨物之塑膠製品,荷蘭,進口總值(含復進口),124,3897
2019-5,39239090,其他供輸送或包裝貨物之塑膠製品,菲律賓,進口總值(含復進口),305,69370
2019-5,39239090,其他供輸送或包裝貨物之塑膠製品,越南,進口總值(含復進口),24,29051
2019-5,39239090,其他供輸送或包裝貨物之塑膠製品,新加坡,進口總值(含復進口),93,44333
2019-5,39239090,其他供輸送或包裝貨物之塑膠製品,瑞士,進口總值(含復進口),1,0
2019-5,39239090,其他供輸送或包裝貨物之塑膠製品,瑞典,進口總值(含復進口),1,80
2019-5,39239090,其他供輸送或包裝貨物之塑膠製品,義大利,進口總值(含復進口),30,5026
2019-5,39239090,其他供輸送或包裝貨物之塑膠製品,葡萄牙,進口總值(含復進口),3,1933
2019-5,39239090,其他供輸送或包裝貨物之塑膠製品,德國,進口總值(含復進口),165,16475
2019-5,39239090,其他供輸送或包裝貨物之塑膠製品,墨西哥,進口總值(含復進口),0,4
2019-5,39239090,其他供輸送或包裝貨物之塑膠製品,澳大利亞,進口總值(含復進口),15,2220
2019-5,39239090,其他供輸送或包裝貨物之塑膠製品,土耳其,出口總值(含復出口),8,1007
2019-5,39239090,其他供輸送或包裝貨物之塑膠製品,中國大陸,出口總值(含復出口),2312,719247
2019-5,39239090,其他供輸送或包裝貨物之塑膠製品,厄瓜多,出口總值(含復出口),9,1554
2019-5,39239090,其他供輸送或包裝貨物之塑膠製品,巴西,出口總值(含復出口),14,4106
2019-5,39239090,其他供輸送或包裝貨物之塑膠製品,巴拿馬,出口總值(含復出口),13,5191
2019-5,39239090,其他供輸送或包裝貨物之塑膠製品,巴基斯坦,出口總值(含復出口),26,20141
2019-5,39239090,其他供輸送或包裝貨物之塑膠製品,日本,出口總值(含復出口),1336,222284
2019-5,39239090,其他供輸送或包裝貨物之塑膠製品,比利時,出口總值(含復出口),27,1226
2019-5,39239090,其他供輸送或包裝貨物之塑膠製品,以色列,出口總值(含復出口),12,1173
2019-5,39239090,其他供輸送或包裝貨物之塑膠製品,加拿大,出口總值(含復出口),212,22898
2019-5,39239090,其他供輸送或包裝貨物之塑膠製品,卡達,出口總值(含復出口),52,12588
2019-5,39239090,其他供輸送或包裝貨物之塑膠製品,立陶宛,出口總值(含復出口),4,514
2019-5,39239090,其他供輸送或包裝貨物之塑膠製品,印尼,出口總值(含復出口),39,7280
2019-5,39239090,其他供輸送或包裝貨物之塑膠製品,印度,出口總值(含復出口),4,928
2019-5,39239090,其他供輸送或包裝貨物之塑膠製品,多明尼加,出口總值(含復出口),7,3197
2019-5,39239090,其他供輸送或包裝貨物之塑膠製品,西班牙,出口總值(含復出口),34,4321
2019-5,39239090,其他供輸送或包裝貨物之塑膠製品,宏都拉斯,出口總值(含復出口),9,1134
2019-5,39239090,其他供輸送或包裝貨物之塑膠製品,希臘,出口總值(含復出口),10,3408
2019-5,39239090,其他供輸送或包裝貨物之塑膠製品,沙烏地阿拉伯,出口總值(含復出口),45,21787
2019-5,39239090,其他供輸送或包裝貨物之塑膠製品,貝里斯,出口總值(含復出口),7,3082
2019-5,39239090,其他供輸送或包裝貨物之塑膠製品,波蘭,出口總值(含復出口),9,666
2019-5,39239090,其他供輸送或包裝貨物之塑膠製品,法國,出口總值(含復出口),38,2486
2019-5,39239090,其他供輸送或包裝貨物之塑膠製品,阿拉伯聯合大公國,出口總值(含復出口),11,6512
2019-5,39239090,其他供輸送或包裝貨物之塑膠製品,俄羅斯,出口總值(含復出口),40,3674
2019-5,39239090,其他供輸送或包裝貨物之塑膠製品,南非,出口總值(含復出口),3,75
2019-5,39239090,其他供輸送或包裝貨物之塑膠製品,南韓,出口總值(含復出口),575,174500
2019-5,39239090,其他供輸送或包裝貨物之塑膠製品,約旦,出口總值(含復出口),2,70
2019-5,39239090,其他供輸送或包裝貨物之塑膠製品,美國,出口總值(含復出口),1468,490746
2019-5,39239090,其他供輸送或包裝貨物之塑膠製品,英國,出口總值(含復出口),143,24892
2019-5,39239090,其他供輸送或包裝貨物之塑膠製品,香港,出口總值(含復出口),411,232652
2019-5,39239090,其他供輸送或包裝貨物之塑膠製品,哥倫比亞,出口總值(含復出口),51,5035
2019-5,39239090,其他供輸送或包裝貨物之塑膠製品,哥斯大黎加,出口總值(含復出口),22,7851
2019-5,39239090,其他供輸送或包裝貨物之塑膠製品,泰國,出口總值(含復出口),56,7427
2019-5,39239090,其他供輸送或包裝貨物之塑膠製品,秘魯,出口總值(含復出口),35,15673
2019-5,39239090,其他供輸送或包裝貨物之塑膠製品,紐西蘭,出口總值(含復出口),28,5527
2019-5,39239090,其他供輸送或包裝貨物之塑膠製品,馬來西亞,出口總值(含復出口),194,28892
2019-5,39239090,其他供輸送或包裝貨物之塑膠製品,荷蘭,出口總值(含復出口),118,5621
2019-5,39239090,其他供輸送或包裝貨物之塑膠製品,斯里蘭卡,出口總值(含復出口),23,16460
2019-5,39239090,其他供輸送或包裝貨物之塑膠製品,智利,出口總值(含復出口),19,6006
2019-5,39239090,其他供輸送或包裝貨物之塑膠製品,菲律賓,出口總值(含復出口),306,100210
2019-5,39239090,其他供輸送或包裝貨物之塑膠製品,越南,出口總值(含復出口),104,32431
2019-5,39239090,其他供輸送或包裝貨物之塑膠製品,新加坡,出口總值(含復出口),161,42101
2019-5,39239090,其他供輸送或包裝貨物之塑膠製品,瑞士,出口總值(含復出口),10,239
2019-5,39239090,其他供輸送或包裝貨物之塑膠製品,瑞典,出口總值(含復出口),9,1827
2019-5,39239090,其他供輸送或包裝貨物之塑膠製品,義大利,出口總值(含復出口),140,8640
2019-5,39239090,其他供輸送或包裝貨物之塑膠製品,葡萄牙,出口總值(含復出口),2,100
2019-5,39239090,其他供輸送或包裝貨物之塑膠製品,德國,出口總值(含復出口),92,9606
2019-5,39239090,其他供輸送或包裝貨物之塑膠製品,模里西斯,出口總值(含復出口),21,7579
2019-5,39239090,其他供輸送或包裝貨物之塑膠製品,緬甸,出口總值(含復出口),3,765
2019-5,39239090,其他供輸送或包裝貨物之塑膠製品,墨西哥,出口總值(含復出口),47,8065
2019-5,39239090,其他供輸送或包裝貨物之塑膠製品,澳大利亞,出口總值(含復出口),46,20167
2019-5,39269012,電氣絕緣用塑膠製品,中國大陸,進口總值(含復進口),43,2715
2019-5,39269012,電氣絕緣用塑膠製品,日本,進口總值(含復進口),199,2011
2019-5,39269012,電氣絕緣用塑膠製品,印度,進口總值(含復進口),1,21
2019-5,39269012,電氣絕緣用塑膠製品,西班牙,進口總值(含復進口),0,37
2019-5,39269012,電氣絕緣用塑膠製品,法國,進口總值(含復進口),4,99
2019-5,39269012,電氣絕緣用塑膠製品,南韓,進口總值(含復進口),2,33
2019-5,39269012,電氣絕緣用塑膠製品,美國,進口總值(含復進口),6,53
2019-5,39269012,電氣絕緣用塑膠製品,越南,進口總值(含復進口),21,7929
2019-5,39269012,電氣絕緣用塑膠製品,瑞士,進口總值(含復進口),0,2
2019-5,39269012,電氣絕緣用塑膠製品,德國,進口總值(含復進口),0,0
2019-5,39269012,電氣絕緣用塑膠製品,中國大陸,出口總值(含復出口),201,27052
2019-5,39269012,電氣絕緣用塑膠製品,日本,出口總值(含復出口),141,42875
2019-5,39269012,電氣絕緣用塑膠製品,比利時,出口總值(含復出口),49,11902
2019-5,39269012,電氣絕緣用塑膠製品,加拿大,出口總值(含復出口),186,47047
2019-5,39269012,電氣絕緣用塑膠製品,白俄羅斯,出口總值(含復出口),9,2940
2019-5,39269012,電氣絕緣用塑膠製品,印度,出口總值(含復出口),110,46206
2019-5,39269012,電氣絕緣用塑膠製品,沙烏地阿拉伯,出口總值(含復出口),127,40318
2019-5,39269012,電氣絕緣用塑膠製品,孟加拉,出口總值(含復出口),39,18000
2019-5,39269012,電氣絕緣用塑膠製品,波蘭,出口總值(含復出口),4,1072
2019-5,39269012,電氣絕緣用塑膠製品,法國,出口總值(含復出口),68,18272
2019-5,39269012,電氣絕緣用塑膠製品,俄羅斯,出口總值(含復出口),47,14916
2019-5,39269012,電氣絕緣用塑膠製品,南非,出口總值(含復出口),4,948
2019-5,39269012,電氣絕緣用塑膠製品,南韓,出口總值(含復出口),416,150525
2019-5,39269012,電氣絕緣用塑膠製品,柬埔寨,出口總值(含復出口),4,88
2019-5,39269012,電氣絕緣用塑膠製品,美國,出口總值(含復出口),417,96852
2019-5,39269012,電氣絕緣用塑膠製品,英國,出口總值(含復出口),8,2213
2019-5,39269012,電氣絕緣用塑膠製品,香港,出口總值(含復出口),34,489
2019-5,39269012,電氣絕緣用塑膠製品,哥倫比亞,出口總值(含復出口),116,45153
2019-5,39269012,電氣絕緣用塑膠製品,哥斯大黎加,出口總值(含復出口),10,2608
2019-5,39269012,電氣絕緣用塑膠製品,泰國,出口總值(含復出口),9,144
2019-5,39269012,電氣絕緣用塑膠製品,紐西蘭,出口總值(含復出口),2,459
2019-5,39269012,電氣絕緣用塑膠製品,馬來西亞,出口總值(含復出口),11,2130
2019-5,39269012,電氣絕緣用塑膠製品,馬爾他,出口總值(含復出口),7,2168
2019-5,39269012,電氣絕緣用塑膠製品,荷蘭,出口總值(含復出口),0,0
2019-5,39269012,電氣絕緣用塑膠製品,菲律賓,出口總值(含復出口),17,10663
2019-5,39269012,電氣絕緣用塑膠製品,越南,出口總值(含復出口),96,27118
2019-5,39269012,電氣絕緣用塑膠製品,義大利,出口總值(含復出口),2,5
2019-5,39269012,電氣絕緣用塑膠製品,德國,出口總值(含復出口),136,31771
2019-5,39269012,電氣絕緣用塑膠製品,墨西哥,出口總值(含復出口),22,2385
2019-5,39269012,電氣絕緣用塑膠製品,澳大利亞,出口總值(含復出口),4,1023
2019-6,39231010,塑膠製箱子、盒子、籃子及類似品，其形狀或適合供運輸或包裝半導體晶圓或網線,中國大陸,進口總值(含復進口),836,138760
2019-6,39231010,塑膠製箱子、盒子、籃子及類似品，其形狀或適合供運輸或包裝半導體晶圓或網線,中華民國,進口總值(含復進口),140,32715
2019-6,39231010,塑膠製箱子、盒子、籃子及類似品，其形狀或適合供運輸或包裝半導體晶圓或網線,日本,進口總值(含復進口),3387,139050
2019-6,39231010,塑膠製箱子、盒子、籃子及類似品，其形狀或適合供運輸或包裝半導體晶圓或網線,印尼,進口總值(含復進口),359,45244
2019-6,39231010,塑膠製箱子、盒子、籃子及類似品，其形狀或適合供運輸或包裝半導體晶圓或網線,南韓,進口總值(含復進口),314,19742
2019-6,39231010,塑膠製箱子、盒子、籃子及類似品，其形狀或適合供運輸或包裝半導體晶圓或網線,美國,進口總值(含復進口),410,29955
2019-6,39231010,塑膠製箱子、盒子、籃子及類似品，其形狀或適合供運輸或包裝半導體晶圓或網線,英國,進口總值(含復進口),0,1
2019-6,39231010,塑膠製箱子、盒子、籃子及類似品，其形狀或適合供運輸或包裝半導體晶圓或網線,香港,進口總值(含復進口),4,68
2019-6,39231010,塑膠製箱子、盒子、籃子及類似品，其形狀或適合供運輸或包裝半導體晶圓或網線,馬來西亞,進口總值(含復進口),563,14876
2019-6,39231010,塑膠製箱子、盒子、籃子及類似品，其形狀或適合供運輸或包裝半導體晶圓或網線,菲律賓,進口總值(含復進口),0,0
2019-6,39231010,塑膠製箱子、盒子、籃子及類似品，其形狀或適合供運輸或包裝半導體晶圓或網線,新加坡,進口總值(含復進口),17,3244
2019-6,39231010,塑膠製箱子、盒子、籃子及類似品，其形狀或適合供運輸或包裝半導體晶圓或網線,義大利,進口總值(含復進口),0,3
2019-6,39231010,塑膠製箱子、盒子、籃子及類似品，其形狀或適合供運輸或包裝半導體晶圓或網線,德國,進口總值(含復進口),48,2954
2019-6,39231010,塑膠製箱子、盒子、籃子及類似品，其形狀或適合供運輸或包裝半導體晶圓或網線,中國大陸,出口總值(含復出口),938,66876
2019-6,39231010,塑膠製箱子、盒子、籃子及類似品，其形狀或適合供運輸或包裝半導體晶圓或網線,日本,出口總值(含復出口),460,38026
2019-6,39231010,塑膠製箱子、盒子、籃子及類似品，其形狀或適合供運輸或包裝半導體晶圓或網線,比利時,出口總值(含復出口),5,336
2019-6,39231010,塑膠製箱子、盒子、籃子及類似品，其形狀或適合供運輸或包裝半導體晶圓或網線,加拿大,出口總值(含復出口),24,9974
2019-6,39231010,塑膠製箱子、盒子、籃子及類似品，其形狀或適合供運輸或包裝半導體晶圓或網線,帛琉,出口總值(含復出口),1,178
2019-6,39231010,塑膠製箱子、盒子、籃子及類似品，其形狀或適合供運輸或包裝半導體晶圓或網線,波蘭,出口總值(含復出口),17,6172
2019-6,39231010,塑膠製箱子、盒子、籃子及類似品，其形狀或適合供運輸或包裝半導體晶圓或網線,法國,出口總值(含復出口),2,11
2019-6,39231010,塑膠製箱子、盒子、籃子及類似品，其形狀或適合供運輸或包裝半導體晶圓或網線,阿拉伯聯合大公國,出口總值(含復出口),14,2714
2019-6,39231010,塑膠製箱子、盒子、籃子及類似品，其形狀或適合供運輸或包裝半導體晶圓或網線,俄羅斯,出口總值(含復出口),73,276
2019-6,39231010,塑膠製箱子、盒子、籃子及類似品，其形狀或適合供運輸或包裝半導體晶圓或網線,南韓,出口總值(含復出口),94,31442
2019-6,39231010,塑膠製箱子、盒子、籃子及類似品，其形狀或適合供運輸或包裝半導體晶圓或網線,美國,出口總值(含復出口),111,32410
2019-6,39231010,塑膠製箱子、盒子、籃子及類似品，其形狀或適合供運輸或包裝半導體晶圓或網線,英國,出口總值(含復出口),62,10836
2019-6,39231010,塑膠製箱子、盒子、籃子及類似品，其形狀或適合供運輸或包裝半導體晶圓或網線,香港,出口總值(含復出口),12,4436
2019-6,39231010,塑膠製箱子、盒子、籃子及類似品，其形狀或適合供運輸或包裝半導體晶圓或網線,馬來西亞,出口總值(含復出口),131,13729
2019-6,39231010,塑膠製箱子、盒子、籃子及類似品，其形狀或適合供運輸或包裝半導體晶圓或網線,荷蘭,出口總值(含復出口),4,279
2019-6,39231010,塑膠製箱子、盒子、籃子及類似品，其形狀或適合供運輸或包裝半導體晶圓或網線,菲律賓,出口總值(含復出口),28,16634
2019-6,39231010,塑膠製箱子、盒子、籃子及類似品，其形狀或適合供運輸或包裝半導體晶圓或網線,越南,出口總值(含復出口),27,4790
2019-6,39231010,塑膠製箱子、盒子、籃子及類似品，其形狀或適合供運輸或包裝半導體晶圓或網線,新加坡,出口總值(含復出口),30,5336
2019-6,39231010,塑膠製箱子、盒子、籃子及類似品，其形狀或適合供運輸或包裝半導體晶圓或網線,義大利,出口總值(含復出口),4,93
2019-6,39231010,塑膠製箱子、盒子、籃子及類似品，其形狀或適合供運輸或包裝半導體晶圓或網線,德國,出口總值(含復出口),200,21911
2019-6,39231010,塑膠製箱子、盒子、籃子及類似品，其形狀或適合供運輸或包裝半導體晶圓或網線,黎巴嫩,出口總值(含復出口),2,82
2019-6,39239090,其他供輸送或包裝貨物之塑膠製品,中國大陸,進口總值(含復進口),5972,1388429
2019-6,39239090,其他供輸送或包裝貨物之塑膠製品,中華民國,進口總值(含復進口),117,89653
2019-6,39239090,其他供輸送或包裝貨物之塑膠製品,日本,進口總值(含復進口),1296,180891
2019-6,39239090,其他供輸送或包裝貨物之塑膠製品,比利時,進口總值(含復進口),1,413
2019-6,39239090,其他供輸送或包裝貨物之塑膠製品,以色列,進口總值(含復進口),2,0
2019-6,39239090,其他供輸送或包裝貨物之塑膠製品,加拿大,進口總值(含復進口),9,370
2019-6,39239090,其他供輸送或包裝貨物之塑膠製品,印度,進口總值(含復進口),0,175
2019-6,39239090,其他供輸送或包裝貨物之塑膠製品,拉脫維亞,進口總值(含復進口),1,101
2019-6,39239090,其他供輸送或包裝貨物之塑膠製品,法國,進口總值(含復進口),4,31
2019-6,39239090,其他供輸送或包裝貨物之塑膠製品,南韓,進口總值(含復進口),1304,320760
2019-6,39239090,其他供輸送或包裝貨物之塑膠製品,美國,進口總值(含復進口),713,97224
2019-6,39239090,其他供輸送或包裝貨物之塑膠製品,英國,進口總值(含復進口),1,5
2019-6,39239090,其他供輸送或包裝貨物之塑膠製品,香港,進口總值(含復進口),2,43
2019-6,39239090,其他供輸送或包裝貨物之塑膠製品,挪威,進口總值(含復進口),0,8
2019-6,39239090,其他供輸送或包裝貨物之塑膠製品,泰國,進口總值(含復進口),244,54991
2019-6,39239090,其他供輸送或包裝貨物之塑膠製品,馬來西亞,進口總值(含復進口),880,106896
2019-6,39239090,其他供輸送或包裝貨物之塑膠製品,捷克,進口總值(含復進口),9,3352
2019-6,39239090,其他供輸送或包裝貨物之塑膠製品,荷蘭,進口總值(含復進口),70,2416
2019-6,39239090,其他供輸送或包裝貨物之塑膠製品,菲律賓,進口總值(含復進口),255,52738
2019-6,39239090,其他供輸送或包裝貨物之塑膠製品,越南,進口總值(含復進口),7,2482
2019-6,39239090,其他供輸送或包裝貨物之塑膠製品,奧地利,進口總值(含復進口),0,1
2019-6,39239090,其他供輸送或包裝貨物之塑膠製品,新加坡,進口總值(含復進口),73,27668
2019-6,39239090,其他供輸送或包裝貨物之塑膠製品,瑞士,進口總值(含復進口),0,1
2019-6,39239090,其他供輸送或包裝貨物之塑膠製品,義大利,進口總值(含復進口),1,1
2019-6,39239090,其他供輸送或包裝貨物之塑膠製品,葡萄牙,進口總值(含復進口),1,159
2019-6,39239090,其他供輸送或包裝貨物之塑膠製品,德國,進口總值(含復進口),160,14599
2019-6,39239090,其他供輸送或包裝貨物之塑膠製品,墨西哥,進口總值(含復進口),0,4
2019-6,39239090,其他供輸送或包裝貨物之塑膠製品,澳大利亞,進口總值(含復進口),31,3182
2019-6,39239090,其他供輸送或包裝貨物之塑膠製品,中國大陸,出口總值(含復出口),2803,972310
2019-6,39239090,其他供輸送或包裝貨物之塑膠製品,巴西,出口總值(含復出口),37,8154
2019-6,39239090,其他供輸送或包裝貨物之塑膠製品,巴基斯坦,出口總值(含復出口),2,156
2019-6,39239090,其他供輸送或包裝貨物之塑膠製品,日本,出口總值(含復出口),1577,256419
2019-6,39239090,其他供輸送或包裝貨物之塑膠製品,比利時,出口總值(含復出口),11,2191
2019-6,39239090,其他供輸送或包裝貨物之塑膠製品,加拿大,出口總值(含復出口),267,21715
2019-6,39239090,其他供輸送或包裝貨物之塑膠製品,尼加拉瓜,出口總值(含復出口),5,1950
2019-6,39239090,其他供輸送或包裝貨物之塑膠製品,立陶宛,出口總值(含復出口),18,8090
2019-6,39239090,其他供輸送或包裝貨物之塑膠製品,印尼,出口總值(含復出口),27,6695
2019-6,39239090,其他供輸送或包裝貨物之塑膠製品,印度,出口總值(含復出口),2,93
2019-6,39239090,其他供輸送或包裝貨物之塑膠製品,希臘,出口總值(含復出口),3,710
2019-6,39239090,其他供輸送或包裝貨物之塑膠製品,沙烏地阿拉伯,出口總值(含復出口),18,2893
2019-6,39239090,其他供輸送或包裝貨物之塑膠製品,帛琉,出口總值(含復出口),7,367
2019-6,39239090,其他供輸送或包裝貨物之塑膠製品,波蘭,出口總值(含復出口),2,237
2019-6,39239090,其他供輸送或包裝貨物之塑膠製品,法國,出口總值(含復出口),41,1392
2019-6,39239090,其他供輸送或包裝貨物之塑膠製品,肯亞,出口總值(含復出口),5,1398
2019-6,39239090,其他供輸送或包裝貨物之塑膠製品,芬蘭,出口總值(含復出口),8,880
2019-6,39239090,其他供輸送或包裝貨物之塑膠製品,阿拉伯聯合大公國,出口總值(含復出口),16,5787
2019-6,39239090,其他供輸送或包裝貨物之塑膠製品,俄羅斯,出口總值(含復出口),1,113
2019-6,39239090,其他供輸送或包裝貨物之塑膠製品,南非,出口總值(含復出口),62,2408
2019-6,39239090,其他供輸送或包裝貨物之塑膠製品,南韓,出口總值(含復出口),677,219237
2019-6,39239090,其他供輸送或包裝貨物之塑膠製品,柬埔寨,出口總值(含復出口),17,6562
2019-6,39239090,其他供輸送或包裝貨物之塑膠製品,約旦,出口總值(含復出口),4,646
2019-6,39239090,其他供輸送或包裝貨物之塑膠製品,美國,出口總值(含復出口),1631,600059
2019-6,39239090,其他供輸送或包裝貨物之塑膠製品,英國,出口總值(含復出口),74,6320
2019-6,39239090,其他供輸送或包裝貨物之塑膠製品,香港,出口總值(含復出口),627,342063
2019-6,39239090,其他供輸送或包裝貨物之塑膠製品,哥倫比亞,出口總值(含復出口),17,1250
2019-6,39239090,其他供輸送或包裝貨物之塑膠製品,哥斯大黎加,出口總值(含復出口),7,2886
2019-6,39239090,其他供輸送或包裝貨物之塑膠製品,泰國,出口總值(含復出口),88,14111
2019-6,39239090,其他供輸送或包裝貨物之塑膠製品,秘魯,出口總值(含復出口),28,12146
2019-6,39239090,其他供輸送或包裝貨物之塑膠製品,紐西蘭,出口總值(含復出口),3,772
2019-6,39239090,其他供輸送或包裝貨物之塑膠製品,馬來西亞,出口總值(含復出口),253,56051
2019-6,39239090,其他供輸送或包裝貨物之塑膠製品,馬紹爾群島,出口總值(含復出口),0,75
2019-6,39239090,其他供輸送或包裝貨物之塑膠製品,荷蘭,出口總值(含復出口),152,2910
2019-6,39239090,其他供輸送或包裝貨物之塑膠製品,斯洛維尼亞,出口總值(含復出口),1,29
2019-6,39239090,其他供輸送或包裝貨物之塑膠製品,智利,出口總值(含復出口),24,8183
2019-6,39239090,其他供輸送或包裝貨物之塑膠製品,菲律賓,出口總值(含復出口),274,97003
2019-6,39239090,其他供輸送或包裝貨物之塑膠製品,象牙海岸,出口總值(含復出口),1,100
2019-6,39239090,其他供輸送或包裝貨物之塑膠製品,越南,出口總值(含復出口),88,9768
2019-6,39239090,其他供輸送或包裝貨物之塑膠製品,新加坡,出口總值(含復出口),147,31485
2019-6,39239090,其他供輸送或包裝貨物之塑膠製品,瑞士,出口總值(含復出口),3,109
2019-6,39239090,其他供輸送或包裝貨物之塑膠製品,瑞典,出口總值(含復出口),11,2257
2019-6,39239090,其他供輸送或包裝貨物之塑膠製品,義大利,出口總值(含復出口),129,10630
2019-6,39239090,其他供輸送或包裝貨物之塑膠製品,德國,出口總值(含復出口),89,12477
2019-6,39239090,其他供輸送或包裝貨物之塑膠製品,模里西斯,出口總值(含復出口),81,28881
2019-6,39239090,其他供輸送或包裝貨物之塑膠製品,墨西哥,出口總值(含復出口),46,8482
2019-6,39239090,其他供輸送或包裝貨物之塑膠製品,澳大利亞,出口總值(含復出口),68,12512
2019-6,39239090,其他供輸送或包裝貨物之塑膠製品,賽普勒斯,出口總值(含復出口),10,4353
2019-6,39269012,電氣絕緣用塑膠製品,中國大陸,進口總值(含復進口),109,6122
2019-6,39269012,電氣絕緣用塑膠製品,中華民國,進口總值(含復進口),0,0
2019-6,39269012,電氣絕緣用塑膠製品,日本,進口總值(含復進口),283,1059
2019-6,39269012,電氣絕緣用塑膠製品,印度,進口總值(含復進口),0,4
2019-6,39269012,電氣絕緣用塑膠製品,西班牙,進口總值(含復進口),0,19
2019-6,39269012,電氣絕緣用塑膠製品,法國,進口總值(含復進口),0,6
2019-6,39269012,電氣絕緣用塑膠製品,南韓,進口總值(含復進口),1,25
2019-6,39269012,電氣絕緣用塑膠製品,美國,進口總值(含復進口),8,61
2019-6,39269012,電氣絕緣用塑膠製品,哥斯大黎加,進口總值(含復進口),1,0
2019-6,39269012,電氣絕緣用塑膠製品,越南,進口總值(含復進口),18,6413
2019-6,39269012,電氣絕緣用塑膠製品,奧地利,進口總值(含復進口),0,1
2019-6,39269012,電氣絕緣用塑膠製品,新加坡,進口總值(含復進口),0,1
2019-6,39269012,電氣絕緣用塑膠製品,瑞士,進口總值(含復進口),0,2
2019-6,39269012,電氣絕緣用塑膠製品,德國,進口總值(含復進口),1,8
2019-6,39269012,電氣絕緣用塑膠製品,墨西哥,進口總值(含復進口),3,3
2019-6,39269012,電氣絕緣用塑膠製品,中國大陸,出口總值(含復出口),165,21871
2019-6,39269012,電氣絕緣用塑膠製品,巴西,出口總值(含復出口),4,810
2019-6,39269012,電氣絕緣用塑膠製品,日本,出口總值(含復出口),166,51003
2019-6,39269012,電氣絕緣用塑膠製品,比利時,出口總值(含復出口),25,5698
2019-6,39269012,電氣絕緣用塑膠製品,加拿大,出口總值(含復出口),197,54574
2019-6,39269012,電氣絕緣用塑膠製品,印度,出口總值(含復出口),108,46297
2019-6,39269012,電氣絕緣用塑膠製品,西班牙,出口總值(含復出口),104,28585
2019-6,39269012,電氣絕緣用塑膠製品,沙烏地阿拉伯,出口總值(含復出口),56,16827
2019-6,39269012,電氣絕緣用塑膠製品,法國,出口總值(含復出口),16,4400
2019-6,39269012,電氣絕緣用塑膠製品,阿拉伯聯合大公國,出口總值(含復出口),4,305
2019-6,39269012,電氣絕緣用塑膠製品,俄羅斯,出口總值(含復出口),44,14159
2019-6,39269012,電氣絕緣用塑膠製品,南非,出口總值(含復出口),12,626
2019-6,39269012,電氣絕緣用塑膠製品,南韓,出口總值(含復出口),90,29399
2019-6,39269012,電氣絕緣用塑膠製品,柬埔寨,出口總值(含復出口),6,74
2019-6,39269012,電氣絕緣用塑膠製品,美國,出口總值(含復出口),312,66563
2019-6,39269012,電氣絕緣用塑膠製品,英國,出口總值(含復出口),58,17617
2019-6,39269012,電氣絕緣用塑膠製品,香港,出口總值(含復出口),37,1099
2019-6,39269012,電氣絕緣用塑膠製品,埃及,出口總值(含復出口),142,62291
2019-6,39269012,電氣絕緣用塑膠製品,泰國,出口總值(含復出口),10,841
2019-6,39269012,電氣絕緣用塑膠製品,馬來西亞,出口總值(含復出口),16,207
2019-6,39269012,電氣絕緣用塑膠製品,馬爾他,出口總值(含復出口),6,1646
2019-6,39269012,電氣絕緣用塑膠製品,荷蘭,出口總值(含復出口),68,18478
2019-6,39269012,電氣絕緣用塑膠製品,斐濟,出口總值(含復出口),5,2000
2019-6,39269012,電氣絕緣用塑膠製品,菲律賓,出口總值(含復出口),170,9270
2019-6,39269012,電氣絕緣用塑膠製品,越南,出口總值(含復出口),101,2885
2019-6,39269012,電氣絕緣用塑膠製品,義大利,出口總值(含復出口),233,50007
2019-6,39269012,電氣絕緣用塑膠製品,德國,出口總值(含復出口),21,3485
2019-6,39269012,電氣絕緣用塑膠製品,摩洛哥,出口總值(含復出口),30,11939
2019-6,39269012,電氣絕緣用塑膠製品,模里西斯,出口總值(含復出口),13,3582
2019-6,39269012,電氣絕緣用塑膠製品,墨西哥,出口總值(含復出口),51,13879
2019-6,39269012,電氣絕緣用塑膠製品,澳大利亞,出口總值(含復出口),96,27083
2019-6,39269012,電氣絕緣用塑膠製品,賽普勒斯,出口總值(含復出口),2,148
2019-7,39231010,塑膠製箱子、盒子、籃子及類似品，其形狀或適合供運輸或包裝半導體晶圓或網線,中國大陸,進口總值(含復進口),872,130119
2019-7,39231010,塑膠製箱子、盒子、籃子及類似品，其形狀或適合供運輸或包裝半導體晶圓或網線,中華民國,進口總值(含復進口),211,85013
2019-7,39231010,塑膠製箱子、盒子、籃子及類似品，其形狀或適合供運輸或包裝半導體晶圓或網線,日本,進口總值(含復進口),3331,122209
2019-7,39231010,塑膠製箱子、盒子、籃子及類似品，其形狀或適合供運輸或包裝半導體晶圓或網線,比利時,進口總值(含復進口),0,50
2019-7,39231010,塑膠製箱子、盒子、籃子及類似品，其形狀或適合供運輸或包裝半導體晶圓或網線,印尼,進口總值(含復進口),297,38050
2019-7,39231010,塑膠製箱子、盒子、籃子及類似品，其形狀或適合供運輸或包裝半導體晶圓或網線,法國,進口總值(含復進口),2,18
2019-7,39231010,塑膠製箱子、盒子、籃子及類似品，其形狀或適合供運輸或包裝半導體晶圓或網線,南非,進口總值(含復進口),0,57
2019-7,39231010,塑膠製箱子、盒子、籃子及類似品，其形狀或適合供運輸或包裝半導體晶圓或網線,南韓,進口總值(含復進口),423,36214
2019-7,39231010,塑膠製箱子、盒子、籃子及類似品，其形狀或適合供運輸或包裝半導體晶圓或網線,美國,進口總值(含復進口),632,33885
2019-7,39231010,塑膠製箱子、盒子、籃子及類似品，其形狀或適合供運輸或包裝半導體晶圓或網線,英國,進口總值(含復進口),0,0
2019-7,39231010,塑膠製箱子、盒子、籃子及類似品，其形狀或適合供運輸或包裝半導體晶圓或網線,馬來西亞,進口總值(含復進口),2211,47238
2019-7,39231010,塑膠製箱子、盒子、籃子及類似品，其形狀或適合供運輸或包裝半導體晶圓或網線,荷蘭,進口總值(含復進口),0,16
2019-7,39231010,塑膠製箱子、盒子、籃子及類似品，其形狀或適合供運輸或包裝半導體晶圓或網線,越南,進口總值(含復進口),7,292
2019-7,39231010,塑膠製箱子、盒子、籃子及類似品，其形狀或適合供運輸或包裝半導體晶圓或網線,奧地利,進口總值(含復進口),0,0
2019-7,39231010,塑膠製箱子、盒子、籃子及類似品，其形狀或適合供運輸或包裝半導體晶圓或網線,新加坡,進口總值(含復進口),1,4059
2019-7,39231010,塑膠製箱子、盒子、籃子及類似品，其形狀或適合供運輸或包裝半導體晶圓或網線,瑞士,進口總值(含復進口),0,1
2019-7,39231010,塑膠製箱子、盒子、籃子及類似品，其形狀或適合供運輸或包裝半導體晶圓或網線,瑞典,進口總值(含復進口),0,1
2019-7,39231010,塑膠製箱子、盒子、籃子及類似品，其形狀或適合供運輸或包裝半導體晶圓或網線,德國,進口總值(含復進口),21,1768
2019-7,39231010,塑膠製箱子、盒子、籃子及類似品，其形狀或適合供運輸或包裝半導體晶圓或網線,中國大陸,出口總值(含復出口),555,50227
2019-7,39231010,塑膠製箱子、盒子、籃子及類似品，其形狀或適合供運輸或包裝半導體晶圓或網線,丹麥,出口總值(含復出口),2,100
2019-7,39231010,塑膠製箱子、盒子、籃子及類似品，其形狀或適合供運輸或包裝半導體晶圓或網線,日本,出口總值(含復出口),550,52212
2019-7,39231010,塑膠製箱子、盒子、籃子及類似品，其形狀或適合供運輸或包裝半導體晶圓或網線,加拿大,出口總值(含復出口),4,978
2019-7,39231010,塑膠製箱子、盒子、籃子及類似品，其形狀或適合供運輸或包裝半導體晶圓或網線,白俄羅斯,出口總值(含復出口),2,17
2019-7,39231010,塑膠製箱子、盒子、籃子及類似品，其形狀或適合供運輸或包裝半導體晶圓或網線,印度,出口總值(含復出口),25,7615
2019-7,39231010,塑膠製箱子、盒子、籃子及類似品，其形狀或適合供運輸或包裝半導體晶圓或網線,帛琉,出口總值(含復出口),2,259
2019-7,39231010,塑膠製箱子、盒子、籃子及類似品，其形狀或適合供運輸或包裝半導體晶圓或網線,波蘭,出口總值(含復出口),32,17867
2019-7,39231010,塑膠製箱子、盒子、籃子及類似品，其形狀或適合供運輸或包裝半導體晶圓或網線,阿拉伯聯合大公國,出口總值(含復出口),13,2406
2019-7,39231010,塑膠製箱子、盒子、籃子及類似品，其形狀或適合供運輸或包裝半導體晶圓或網線,俄羅斯,出口總值(含復出口),33,3903
2019-7,39231010,塑膠製箱子、盒子、籃子及類似品，其形狀或適合供運輸或包裝半導體晶圓或網線,南韓,出口總值(含復出口),242,25126
2019-7,39231010,塑膠製箱子、盒子、籃子及類似品，其形狀或適合供運輸或包裝半導體晶圓或網線,美國,出口總值(含復出口),109,23813
2019-7,39231010,塑膠製箱子、盒子、籃子及類似品，其形狀或適合供運輸或包裝半導體晶圓或網線,英國,出口總值(含復出口),99,16844
2019-7,39231010,塑膠製箱子、盒子、籃子及類似品，其形狀或適合供運輸或包裝半導體晶圓或網線,香港,出口總值(含復出口),3,710
2019-7,39231010,塑膠製箱子、盒子、籃子及類似品，其形狀或適合供運輸或包裝半導體晶圓或網線,馬來西亞,出口總值(含復出口),76,8308
2019-7,39231010,塑膠製箱子、盒子、籃子及類似品，其形狀或適合供運輸或包裝半導體晶圓或網線,荷蘭,出口總值(含復出口),2,140
2019-7,39231010,塑膠製箱子、盒子、籃子及類似品，其形狀或適合供運輸或包裝半導體晶圓或網線,菲律賓,出口總值(含復出口),12,5069
2019-7,39231010,塑膠製箱子、盒子、籃子及類似品，其形狀或適合供運輸或包裝半導體晶圓或網線,越南,出口總值(含復出口),13,1872
2019-7,39231010,塑膠製箱子、盒子、籃子及類似品，其形狀或適合供運輸或包裝半導體晶圓或網線,新加坡,出口總值(含復出口),120,24395
2019-7,39231010,塑膠製箱子、盒子、籃子及類似品，其形狀或適合供運輸或包裝半導體晶圓或網線,義大利,出口總值(含復出口),30,2435
2019-7,39231010,塑膠製箱子、盒子、籃子及類似品，其形狀或適合供運輸或包裝半導體晶圓或網線,德國,出口總值(含復出口),120,7437
2019-7,39231010,塑膠製箱子、盒子、籃子及類似品，其形狀或適合供運輸或包裝半導體晶圓或網線,澳大利亞,出口總值(含復出口),17,3453
2019-7,39239090,其他供輸送或包裝貨物之塑膠製品,中國大陸,進口總值(含復進口),5951,1571378
2019-7,39239090,其他供輸送或包裝貨物之塑膠製品,中華民國,進口總值(含復進口),205,100656
2019-7,39239090,其他供輸送或包裝貨物之塑膠製品,丹麥,進口總值(含復進口),2,650
2019-7,39239090,其他供輸送或包裝貨物之塑膠製品,日本,進口總值(含復進口),1433,140269
2019-7,39239090,其他供輸送或包裝貨物之塑膠製品,比利時,進口總值(含復進口),0,137
2019-7,39239090,其他供輸送或包裝貨物之塑膠製品,印尼,進口總值(含復進口),0,77
2019-7,39239090,其他供輸送或包裝貨物之塑膠製品,印度,進口總值(含復進口),39,11239
2019-7,39239090,其他供輸送或包裝貨物之塑膠製品,西班牙,進口總值(含復進口),2,42
2019-7,39239090,其他供輸送或包裝貨物之塑膠製品,拉脫維亞,進口總值(含復進口),4,323
2019-7,39239090,其他供輸送或包裝貨物之塑膠製品,法國,進口總值(含復進口),87,9628
2019-7,39239090,其他供輸送或包裝貨物之塑膠製品,南韓,進口總值(含復進口),1141,246986
2019-7,39239090,其他供輸送或包裝貨物之塑膠製品,美國,進口總值(含復進口),573,67944
2019-7,39239090,其他供輸送或包裝貨物之塑膠製品,泰國,進口總值(含復進口),687,106623
2019-7,39239090,其他供輸送或包裝貨物之塑膠製品,馬來西亞,進口總值(含復進口),958,131465
2019-7,39239090,其他供輸送或包裝貨物之塑膠製品,馬爾他,進口總值(含復進口),5,352
2019-7,39239090,其他供輸送或包裝貨物之塑膠製品,捷克,進口總值(含復進口),1,2
2019-7,39239090,其他供輸送或包裝貨物之塑膠製品,荷蘭,進口總值(含復進口),45,3631
2019-7,39239090,其他供輸送或包裝貨物之塑膠製品,菲律賓,進口總值(含復進口),281,60248
2019-7,39239090,其他供輸送或包裝貨物之塑膠製品,越南,進口總值(含復進口),2,1011
2019-7,39239090,其他供輸送或包裝貨物之塑膠製品,新加坡,進口總值(含復進口),77,31461
2019-7,39239090,其他供輸送或包裝貨物之塑膠製品,瑞士,進口總值(含復進口),9,185
2019-7,39239090,其他供輸送或包裝貨物之塑膠製品,瑞典,進口總值(含復進口),0,2
2019-7,39239090,其他供輸送或包裝貨物之塑膠製品,義大利,進口總值(含復進口),21,3631
2019-7,39239090,其他供輸送或包裝貨物之塑膠製品,葡萄牙,進口總值(含復進口),0,759
2019-7,39239090,其他供輸送或包裝貨物之塑膠製品,德國,進口總值(含復進口),731,98375
2019-7,39239090,其他供輸送或包裝貨物之塑膠製品,墨西哥,進口總值(含復進口),2,96
2019-7,39239090,其他供輸送或包裝貨物之塑膠製品,澳大利亞,進口總值(含復進口),12,1320
2019-7,39239090,其他供輸送或包裝貨物之塑膠製品,中國大陸,出口總值(含復出口),3142,1165750
2019-7,39239090,其他供輸送或包裝貨物之塑膠製品,巴西,出口總值(含復出口),51,12940
2019-7,39239090,其他供輸送或包裝貨物之塑膠製品,巴林,出口總值(含復出口),2,800
2019-7,39239090,其他供輸送或包裝貨物之塑膠製品,巴拿馬,出口總值(含復出口),8,1715
2019-7,39239090,其他供輸送或包裝貨物之塑膠製品,日本,出口總值(含復出口),1374,204645
2019-7,39239090,其他供輸送或包裝貨物之塑膠製品,比利時,出口總值(含復出口),4,240
2019-7,39239090,其他供輸送或包裝貨物之塑膠製品,以色列,出口總值(含復出口),7,1239
2019-7,39239090,其他供輸送或包裝貨物之塑膠製品,加拿大,出口總值(含復出口),115,28793
2019-7,39239090,其他供輸送或包裝貨物之塑膠製品,卡達,出口總值(含復出口),23,8488
2019-7,39239090,其他供輸送或包裝貨物之塑膠製品,立陶宛,出口總值(含復出口),9,4038
2019-7,39239090,其他供輸送或包裝貨物之塑膠製品,印尼,出口總值(含復出口),93,9471
2019-7,39239090,其他供輸送或包裝貨物之塑膠製品,印度,出口總值(含復出口),23,4105
2019-7,39239090,其他供輸送或包裝貨物之塑膠製品,西班牙,出口總值(含復出口),7,305
2019-7,39239090,其他供輸送或包裝貨物之塑膠製品,沙烏地阿拉伯,出口總值(含復出口),49,8612
2019-7,39239090,其他供輸送或包裝貨物之塑膠製品,拉脫維亞,出口總值(含復出口),5,675
2019-7,39239090,其他供輸送或包裝貨物之塑膠製品,波多黎各,出口總值(含復出口),11,3572
2019-7,39239090,其他供輸送或包裝貨物之塑膠製品,波蘭,出口總值(含復出口),14,856
2019-7,39239090,其他供輸送或包裝貨物之塑膠製品,法國,出口總值(含復出口),84,3876
2019-7,39239090,其他供輸送或包裝貨物之塑膠製品,法屬玻里尼西亞,出口總值(含復出口),2,960
2019-7,39239090,其他供輸送或包裝貨物之塑膠製品,阿拉伯聯合大公國,出口總值(含復出口),35,5399
2019-7,39239090,其他供輸送或包裝貨物之塑膠製品,俄羅斯,出口總值(含復出口),16,1729
2019-7,39239090,其他供輸送或包裝貨物之塑膠製品,南非,出口總值(含復出口),6,1304
2019-7,39239090,其他供輸送或包裝貨物之塑膠製品,南韓,出口總值(含復出口),606,138901
2019-7,39239090,其他供輸送或包裝貨物之塑膠製品,哈薩克,出口總值(含復出口),2,97
2019-7,39239090,其他供輸送或包裝貨物之塑膠製品,柬埔寨,出口總值(含復出口),5,2000
2019-7,39239090,其他供輸送或包裝貨物之塑膠製品,美國,出口總值(含復出口),1571,586336
2019-7,39239090,其他供輸送或包裝貨物之塑膠製品,英國,出口總值(含復出口),145,16391
2019-7,39239090,其他供輸送或包裝貨物之塑膠製品,香港,出口總值(含復出口),458,146852
2019-7,39239090,其他供輸送或包裝貨物之塑膠製品,哥斯大黎加,出口總值(含復出口),12,4105
2019-7,39239090,其他供輸送或包裝貨物之塑膠製品,泰國,出口總值(含復出口),132,28280
2019-7,39239090,其他供輸送或包裝貨物之塑膠製品,秘魯,出口總值(含復出口),8,4298
2019-7,39239090,其他供輸送或包裝貨物之塑膠製品,紐西蘭,出口總值(含復出口),15,295
2019-7,39239090,其他供輸送或包裝貨物之塑膠製品,馬來西亞,出口總值(含復出口),227,50563
2019-7,39239090,其他供輸送或包裝貨物之塑膠製品,密克羅尼西亞,出口總值(含復出口),0,194
2019-7,39239090,其他供輸送或包裝貨物之塑膠製品,捷克,出口總值(含復出口),13,8294
2019-7,39239090,其他供輸送或包裝貨物之塑膠製品,荷蘭,出口總值(含復出口),296,11452
2019-7,39239090,其他供輸送或包裝貨物之塑膠製品,斯里蘭卡,出口總值(含復出口),21,15334
2019-7,39239090,其他供輸送或包裝貨物之塑膠製品,斯洛維尼亞,出口總值(含復出口),2,356
2019-7,39239090,其他供輸送或包裝貨物之塑膠製品,智利,出口總值(含復出口),1,172
2019-7,39239090,其他供輸送或包裝貨物之塑膠製品,菲律賓,出口總值(含復出口),232,82620
2019-7,39239090,其他供輸送或包裝貨物之塑膠製品,越南,出口總值(含復出口),64,8143
2019-7,39239090,其他供輸送或包裝貨物之塑膠製品,愛爾蘭,出口總值(含復出口),26,7488
2019-7,39239090,其他供輸送或包裝貨物之塑膠製品,新加坡,出口總值(含復出口),115,24190
2019-7,39239090,其他供輸送或包裝貨物之塑膠製品,瑞士,出口總值(含復出口),27,694
2019-7,39239090,其他供輸送或包裝貨物之塑膠製品,瑞典,出口總值(含復出口),40,8882
2019-7,39239090,其他供輸送或包裝貨物之塑膠製品,義大利,出口總值(含復出口),68,3204
2019-7,39239090,其他供輸送或包裝貨物之塑膠製品,德國,出口總值(含復出口),89,12158
2019-7,39239090,其他供輸送或包裝貨物之塑膠製品,緬甸,出口總值(含復出口),3,1534
2019-7,39239090,其他供輸送或包裝貨物之塑膠製品,墨西哥,出口總值(含復出口),46,8706
2019-7,39239090,其他供輸送或包裝貨物之塑膠製品,澳大利亞,出口總值(含復出口),47,13835
2019-7,39239090,其他供輸送或包裝貨物之塑膠製品,澳門,出口總值(含復出口),4,1557
2019-7,39269012,電氣絕緣用塑膠製品,中國大陸,進口總值(含復進口),46,2809
2019-7,39269012,電氣絕緣用塑膠製品,中華民國,進口總值(含復進口),1,0
2019-7,39269012,電氣絕緣用塑膠製品,日本,進口總值(含復進口),306,890
2019-7,39269012,電氣絕緣用塑膠製品,匈牙利,進口總值(含復進口),0,1
2019-7,39269012,電氣絕緣用塑膠製品,西班牙,進口總值(含復進口),1,53
2019-7,39269012,電氣絕緣用塑膠製品,南韓,進口總值(含復進口),2,127
2019-7,39269012,電氣絕緣用塑膠製品,美國,進口總值(含復進口),6,19
2019-7,39269012,電氣絕緣用塑膠製品,哥斯大黎加,進口總值(含復進口),1,2
2019-7,39269012,電氣絕緣用塑膠製品,越南,進口總值(含復進口),28,10421
2019-7,39269012,電氣絕緣用塑膠製品,奧地利,進口總值(含復進口),4,45
2019-7,39269012,電氣絕緣用塑膠製品,瑞士,進口總值(含復進口),0,1
2019-7,39269012,電氣絕緣用塑膠製品,德國,進口總值(含復進口),0,0
2019-7,39269012,電氣絕緣用塑膠製品,中國大陸,出口總值(含復出口),181,20819
2019-7,39269012,電氣絕緣用塑膠製品,巴西,出口總值(含復出口),4,1
2019-7,39269012,電氣絕緣用塑膠製品,比利時,出口總值(含復出口),25,5855
2019-7,39269012,電氣絕緣用塑膠製品,加拿大,出口總值(含復出口),33,7933
2019-7,39269012,電氣絕緣用塑膠製品,印尼,出口總值(含復出口),3,158
2019-7,39269012,電氣絕緣用塑膠製品,印度,出口總值(含復出口),166,68917
2019-7,39269012,電氣絕緣用塑膠製品,希臘,出口總值(含復出口),14,4080
2019-7,39269012,電氣絕緣用塑膠製品,沙烏地阿拉伯,出口總值(含復出口),76,24007
2019-7,39269012,電氣絕緣用塑膠製品,其他國家,出口總值(含復出口),2,50
2019-7,39269012,電氣絕緣用塑膠製品,拉脫維亞,出口總值(含復出口),33,8196
2019-7,39269012,電氣絕緣用塑膠製品,保加利亞,出口總值(含復出口),14,4362
2019-7,39269012,電氣絕緣用塑膠製品,俄羅斯,出口總值(含復出口),86,22968
2019-7,39269012,電氣絕緣用塑膠製品,南非,出口總值(含復出口),9,2569
2019-7,39269012,電氣絕緣用塑膠製品,南韓,出口總值(含復出口),188,64221
2019-7,39269012,電氣絕緣用塑膠製品,柬埔寨,出口總值(含復出口),9,120
2019-7,39269012,電氣絕緣用塑膠製品,美國,出口總值(含復出口),285,62888
2019-7,39269012,電氣絕緣用塑膠製品,英國,出口總值(含復出口),42,13086
2019-7,39269012,電氣絕緣用塑膠製品,香港,出口總值(含復出口),19,336
2019-7,39269012,電氣絕緣用塑膠製品,埃及,出口總值(含復出口),54,19152
2019-7,39269012,電氣絕緣用塑膠製品,泰國,出口總值(含復出口),2,39
2019-7,39269012,電氣絕緣用塑膠製品,馬來西亞,出口總值(含復出口),27,1788
2019-7,39269012,電氣絕緣用塑膠製品,馬爾他,出口總值(含復出口),10,2739
2019-7,39269012,電氣絕緣用塑膠製品,捷克,出口總值(含復出口),3,51
2019-7,39269012,電氣絕緣用塑膠製品,敘利亞,出口總值(含復出口),69,23560
2019-7,39269012,電氣絕緣用塑膠製品,菲律賓,出口總值(含復出口),41,10755
2019-7,39269012,電氣絕緣用塑膠製品,越南,出口總值(含復出口),108,3612
2019-7,39269012,電氣絕緣用塑膠製品,瑞士,出口總值(含復出口),6,1384
2019-7,39269012,電氣絕緣用塑膠製品,義大利,出口總值(含復出口),15,3
2019-7,39269012,電氣絕緣用塑膠製品,德國,出口總值(含復出口),66,11010
2019-7,39269012,電氣絕緣用塑膠製品,墨西哥,出口總值(含復出口),70,16919
2019-7,39269012,電氣絕緣用塑膠製品,澳大利亞,出口總值(含復出口),11,1331
2019-8,39231010,塑膠製箱子、盒子、籃子及類似品，其形狀或適合供運輸或包裝半導體晶圓或網線,中國大陸,進口總值(含復進口),631,88980
2019-8,39231010,塑膠製箱子、盒子、籃子及類似品，其形狀或適合供運輸或包裝半導體晶圓或網線,中華民國,進口總值(含復進口),113,24014
2019-8,39231010,塑膠製箱子、盒子、籃子及類似品，其形狀或適合供運輸或包裝半導體晶圓或網線,日本,進口總值(含復進口),1221,75108
2019-8,39231010,塑膠製箱子、盒子、籃子及類似品，其形狀或適合供運輸或包裝半導體晶圓或網線,印尼,進口總值(含復進口),283,34072
2019-8,39231010,塑膠製箱子、盒子、籃子及類似品，其形狀或適合供運輸或包裝半導體晶圓或網線,法國,進口總值(含復進口),0,3
2019-8,39231010,塑膠製箱子、盒子、籃子及類似品，其形狀或適合供運輸或包裝半導體晶圓或網線,南韓,進口總值(含復進口),360,28074
2019-8,39231010,塑膠製箱子、盒子、籃子及類似品，其形狀或適合供運輸或包裝半導體晶圓或網線,美國,進口總值(含復進口),593,43131
2019-8,39231010,塑膠製箱子、盒子、籃子及類似品，其形狀或適合供運輸或包裝半導體晶圓或網線,英國,進口總值(含復進口),0,2
2019-8,39231010,塑膠製箱子、盒子、籃子及類似品，其形狀或適合供運輸或包裝半導體晶圓或網線,馬來西亞,進口總值(含復進口),1951,42917
2019-8,39231010,塑膠製箱子、盒子、籃子及類似品，其形狀或適合供運輸或包裝半導體晶圓或網線,荷蘭,進口總值(含復進口),2,49
2019-8,39231010,塑膠製箱子、盒子、籃子及類似品，其形狀或適合供運輸或包裝半導體晶圓或網線,菲律賓,進口總值(含復進口),9,18
2019-8,39231010,塑膠製箱子、盒子、籃子及類似品，其形狀或適合供運輸或包裝半導體晶圓或網線,新加坡,進口總值(含復進口),20,1600
2019-8,39231010,塑膠製箱子、盒子、籃子及類似品，其形狀或適合供運輸或包裝半導體晶圓或網線,瑞士,進口總值(含復進口),2,2
2019-8,39231010,塑膠製箱子、盒子、籃子及類似品，其形狀或適合供運輸或包裝半導體晶圓或網線,葡萄牙,進口總值(含復進口),3,520
2019-8,39231010,塑膠製箱子、盒子、籃子及類似品，其形狀或適合供運輸或包裝半導體晶圓或網線,德國,進口總值(含復進口),14,1497
2019-8,39231010,塑膠製箱子、盒子、籃子及類似品，其形狀或適合供運輸或包裝半導體晶圓或網線,中國大陸,出口總值(含復出口),834,67482
2019-8,39231010,塑膠製箱子、盒子、籃子及類似品，其形狀或適合供運輸或包裝半導體晶圓或網線,日本,出口總值(含復出口),517,50066
2019-8,39231010,塑膠製箱子、盒子、籃子及類似品，其形狀或適合供運輸或包裝半導體晶圓或網線,比利時,出口總值(含復出口),4,84
2019-8,39231010,塑膠製箱子、盒子、籃子及類似品，其形狀或適合供運輸或包裝半導體晶圓或網線,加拿大,出口總值(含復出口),21,6617
2019-8,39231010,塑膠製箱子、盒子、籃子及類似品，其形狀或適合供運輸或包裝半導體晶圓或網線,白俄羅斯,出口總值(含復出口),2,17
2019-8,39231010,塑膠製箱子、盒子、籃子及類似品，其形狀或適合供運輸或包裝半導體晶圓或網線,西班牙,出口總值(含復出口),2,213
2019-8,39231010,塑膠製箱子、盒子、籃子及類似品，其形狀或適合供運輸或包裝半導體晶圓或網線,東加,出口總值(含復出口),2,253
2019-8,39231010,塑膠製箱子、盒子、籃子及類似品，其形狀或適合供運輸或包裝半導體晶圓或網線,阿拉伯聯合大公國,出口總值(含復出口),26,5040
2019-8,39231010,塑膠製箱子、盒子、籃子及類似品，其形狀或適合供運輸或包裝半導體晶圓或網線,俄羅斯,出口總值(含復出口),0,14
2019-8,39231010,塑膠製箱子、盒子、籃子及類似品，其形狀或適合供運輸或包裝半導體晶圓或網線,南韓,出口總值(含復出口),91,28656
2019-8,39231010,塑膠製箱子、盒子、籃子及類似品，其形狀或適合供運輸或包裝半導體晶圓或網線,美國,出口總值(含復出口),192,50344
2019-8,39231010,塑膠製箱子、盒子、籃子及類似品，其形狀或適合供運輸或包裝半導體晶圓或網線,英國,出口總值(含復出口),48,7729
2019-8,39231010,塑膠製箱子、盒子、籃子及類似品，其形狀或適合供運輸或包裝半導體晶圓或網線,香港,出口總值(含復出口),16,1166
2019-8,39231010,塑膠製箱子、盒子、籃子及類似品，其形狀或適合供運輸或包裝半導體晶圓或網線,挪威,出口總值(含復出口),5,558
2019-8,39231010,塑膠製箱子、盒子、籃子及類似品，其形狀或適合供運輸或包裝半導體晶圓或網線,紐西蘭,出口總值(含復出口),4,197
2019-8,39231010,塑膠製箱子、盒子、籃子及類似品，其形狀或適合供運輸或包裝半導體晶圓或網線,馬來西亞,出口總值(含復出口),78,9253
2019-8,39231010,塑膠製箱子、盒子、籃子及類似品，其形狀或適合供運輸或包裝半導體晶圓或網線,荷蘭,出口總值(含復出口),15,1264
2019-8,39231010,塑膠製箱子、盒子、籃子及類似品，其形狀或適合供運輸或包裝半導體晶圓或網線,斯洛維尼亞,出口總值(含復出口),0,40
2019-8,39231010,塑膠製箱子、盒子、籃子及類似品，其形狀或適合供運輸或包裝半導體晶圓或網線,菲律賓,出口總值(含復出口),18,10600
2019-8,39231010,塑膠製箱子、盒子、籃子及類似品，其形狀或適合供運輸或包裝半導體晶圓或網線,越南,出口總值(含復出口),19,2870
2019-8,39231010,塑膠製箱子、盒子、籃子及類似品，其形狀或適合供運輸或包裝半導體晶圓或網線,新加坡,出口總值(含復出口),73,14066
2019-8,39231010,塑膠製箱子、盒子、籃子及類似品，其形狀或適合供運輸或包裝半導體晶圓或網線,德國,出口總值(含復出口),22,5593
2019-8,39231010,塑膠製箱子、盒子、籃子及類似品，其形狀或適合供運輸或包裝半導體晶圓或網線,墨西哥,出口總值(含復出口),3,213
2019-8,39231010,塑膠製箱子、盒子、籃子及類似品，其形狀或適合供運輸或包裝半導體晶圓或網線,澳大利亞,出口總值(含復出口),5,1157
2019-8,39239090,其他供輸送或包裝貨物之塑膠製品,中國大陸,進口總值(含復進口),6107,1526653
2019-8,39239090,其他供輸送或包裝貨物之塑膠製品,中華民國,進口總值(含復進口),70,43382
2019-8,39239090,其他供輸送或包裝貨物之塑膠製品,丹麥,進口總值(含復進口),24,2033
2019-8,39239090,其他供輸送或包裝貨物之塑膠製品,日本,進口總值(含復進口),860,168007
2019-8,39239090,其他供輸送或包裝貨物之塑膠製品,比利時,進口總值(含復進口),6,243
2019-8,39239090,其他供輸送或包裝貨物之塑膠製品,加拿大,進口總值(含復進口),2,331
2019-8,39239090,其他供輸送或包裝貨物之塑膠製品,印尼,進口總值(含復進口),10,983
2019-8,39239090,其他供輸送或包裝貨物之塑膠製品,印度,進口總值(含復進口),0,0
2019-8,39239090,其他供輸送或包裝貨物之塑膠製品,法國,進口總值(含復進口),0,12
2019-8,39239090,其他供輸送或包裝貨物之塑膠製品,南韓,進口總值(含復進口),828,231737
2019-8,39239090,其他供輸送或包裝貨物之塑膠製品,美國,進口總值(含復進口),355,64476
2019-8,39239090,其他供輸送或包裝貨物之塑膠製品,英國,進口總值(含復進口),30,5326
2019-8,39239090,其他供輸送或包裝貨物之塑膠製品,香港,進口總值(含復進口),1,276
2019-8,39239090,其他供輸送或包裝貨物之塑膠製品,挪威,進口總值(含復進口),1,10
2019-8,39239090,其他供輸送或包裝貨物之塑膠製品,泰國,進口總值(含復進口),519,71484
2019-8,39239090,其他供輸送或包裝貨物之塑膠製品,馬來西亞,進口總值(含復進口),622,81274
2019-8,39239090,其他供輸送或包裝貨物之塑膠製品,荷蘭,進口總值(含復進口),46,431
2019-8,39239090,其他供輸送或包裝貨物之塑膠製品,菲律賓,進口總值(含復進口),201,44739
2019-8,39239090,其他供輸送或包裝貨物之塑膠製品,越南,進口總值(含復進口),2,689
2019-8,39239090,其他供輸送或包裝貨物之塑膠製品,新加坡,進口總值(含復進口),90,41275
2019-8,39239090,其他供輸送或包裝貨物之塑膠製品,義大利,進口總值(含復進口),19,3474
2019-8,39239090,其他供輸送或包裝貨物之塑膠製品,德國,進口總值(含復進口),435,53797
2019-8,39239090,其他供輸送或包裝貨物之塑膠製品,澳大利亞,進口總值(含復進口),14,2100
2019-8,39239090,其他供輸送或包裝貨物之塑膠製品,中國大陸,出口總值(含復出口),2820,956225
2019-8,39239090,其他供輸送或包裝貨物之塑膠製品,丹麥,出口總值(含復出口),4,77
2019-8,39239090,其他供輸送或包裝貨物之塑膠製品,巴西,出口總值(含復出口),24,7872
2019-8,39239090,其他供輸送或包裝貨物之塑膠製品,巴基斯坦,出口總值(含復出口),36,263
2019-8,39239090,其他供輸送或包裝貨物之塑膠製品,日本,出口總值(含復出口),1372,218916
2019-8,39239090,其他供輸送或包裝貨物之塑膠製品,比利時,出口總值(含復出口),2,109
2019-8,39239090,其他供輸送或包裝貨物之塑膠製品,以色列,出口總值(含復出口),7,857
2019-8,39239090,其他供輸送或包裝貨物之塑膠製品,加拿大,出口總值(含復出口),145,24068
2019-8,39239090,其他供輸送或包裝貨物之塑膠製品,卡達,出口總值(含復出口),8,3442
2019-8,39239090,其他供輸送或包裝貨物之塑膠製品,尼加拉瓜,出口總值(含復出口),9,2920
2019-8,39239090,其他供輸送或包裝貨物之塑膠製品,瓜地馬拉,出口總值(含復出口),2,936
2019-8,39239090,其他供輸送或包裝貨物之塑膠製品,匈牙利,出口總值(含復出口),8,320
2019-8,39239090,其他供輸送或包裝貨物之塑膠製品,印尼,出口總值(含復出口),45,26691
2019-8,39239090,其他供輸送或包裝貨物之塑膠製品,印度,出口總值(含復出口),73,22902
2019-8,39239090,其他供輸送或包裝貨物之塑膠製品,希臘,出口總值(含復出口),7,451
2019-8,39239090,其他供輸送或包裝貨物之塑膠製品,沙烏地阿拉伯,出口總值(含復出口),50,8682
2019-8,39239090,其他供輸送或包裝貨物之塑膠製品,汶萊,出口總值(含復出口),3,837
2019-8,39239090,其他供輸送或包裝貨物之塑膠製品,波蘭,出口總值(含復出口),4,79
2019-8,39239090,其他供輸送或包裝貨物之塑膠製品,法國,出口總值(含復出口),50,3782
2019-8,39239090,其他供輸送或包裝貨物之塑膠製品,南非,出口總值(含復出口),2,57
2019-8,39239090,其他供輸送或包裝貨物之塑膠製品,南韓,出口總值(含復出口),719,165082
2019-8,39239090,其他供輸送或包裝貨物之塑膠製品,柬埔寨,出口總值(含復出口),8,4001
2019-8,39239090,其他供輸送或包裝貨物之塑膠製品,科威特,出口總值(含復出口),11,5712
2019-8,39239090,其他供輸送或包裝貨物之塑膠製品,約旦,出口總值(含復出口),2,64
2019-8,39239090,其他供輸送或包裝貨物之塑膠製品,美國,出口總值(含復出口),1212,431185
2019-8,39239090,其他供輸送或包裝貨物之塑膠製品,英國,出口總值(含復出口),49,8977
2019-8,39239090,其他供輸送或包裝貨物之塑膠製品,香港,出口總值(含復出口),382,86859
2019-8,39239090,其他供輸送或包裝貨物之塑膠製品,哥斯大黎加,出口總值(含復出口),11,4446
2019-8,39239090,其他供輸送或包裝貨物之塑膠製品,泰國,出口總值(含復出口),149,21970
2019-8,39239090,其他供輸送或包裝貨物之塑膠製品,紐西蘭,出口總值(含復出口),22,4854
2019-8,39239090,其他供輸送或包裝貨物之塑膠製品,馬來西亞,出口總值(含復出口),133,58975
2019-8,39239090,其他供輸送或包裝貨物之塑膠製品,荷蘭,出口總值(含復出口),203,8626
2019-8,39239090,其他供輸送或包裝貨物之塑膠製品,斯里蘭卡,出口總值(含復出口),10,7667
2019-8,39239090,其他供輸送或包裝貨物之塑膠製品,智利,出口總值(含復出口),12,4139
2019-8,39239090,其他供輸送或包裝貨物之塑膠製品,菲律賓,出口總值(含復出口),338,102683
2019-8,39239090,其他供輸送或包裝貨物之塑膠製品,越南,出口總值(含復出口),242,46970
2019-8,39239090,其他供輸送或包裝貨物之塑膠製品,塞內加爾,出口總值(含復出口),1,600
2019-8,39239090,其他供輸送或包裝貨物之塑膠製品,新加坡,出口總值(含復出口),111,24886
2019-8,39239090,其他供輸送或包裝貨物之塑膠製品,瑞士,出口總值(含復出口),25,644
2019-8,39239090,其他供輸送或包裝貨物之塑膠製品,瑞典,出口總值(含復出口),11,2266
2019-8,39239090,其他供輸送或包裝貨物之塑膠製品,義大利,出口總值(含復出口),94,3649
2019-8,39239090,其他供輸送或包裝貨物之塑膠製品,德國,出口總值(含復出口),48,6499
2019-8,39239090,其他供輸送或包裝貨物之塑膠製品,模里西斯,出口總值(含復出口),9,2542
2019-8,39239090,其他供輸送或包裝貨物之塑膠製品,緬甸,出口總值(含復出口),3,1270
2019-8,39239090,其他供輸送或包裝貨物之塑膠製品,墨西哥,出口總值(含復出口),147,52929
2019-8,39239090,其他供輸送或包裝貨物之塑膠製品,澳大利亞,出口總值(含復出口),85,25721
2019-8,39239090,其他供輸送或包裝貨物之塑膠製品,澳門,出口總值(含復出口),3,395
2019-8,39269012,電氣絕緣用塑膠製品,中國大陸,進口總值(含復進口),66,9703
2019-8,39269012,電氣絕緣用塑膠製品,中華民國,進口總值(含復進口),5,17
2019-8,39269012,電氣絕緣用塑膠製品,日本,進口總值(含復進口),300,1949
2019-8,39269012,電氣絕緣用塑膠製品,印度,進口總值(含復進口),1,36
2019-8,39269012,電氣絕緣用塑膠製品,法國,進口總值(含復進口),0,3
2019-8,39269012,電氣絕緣用塑膠製品,南韓,進口總值(含復進口),3,190
2019-8,39269012,電氣絕緣用塑膠製品,美國,進口總值(含復進口),7,22
2019-8,39269012,電氣絕緣用塑膠製品,哥斯大黎加,進口總值(含復進口),2,5
2019-8,39269012,電氣絕緣用塑膠製品,越南,進口總值(含復進口),20,7761
2019-8,39269012,電氣絕緣用塑膠製品,瑞士,進口總值(含復進口),0,1
2019-8,39269012,電氣絕緣用塑膠製品,德國,進口總值(含復進口),3,103
2019-8,39269012,電氣絕緣用塑膠製品,中國大陸,出口總值(含復出口),185,21941
2019-8,39269012,電氣絕緣用塑膠製品,日本,出口總值(含復出口),80,25000
2019-8,39269012,電氣絕緣用塑膠製品,比利時,出口總值(含復出口),35,8844
2019-8,39269012,電氣絕緣用塑膠製品,加拿大,出口總值(含復出口),395,102790
2019-8,39269012,電氣絕緣用塑膠製品,印度,出口總值(含復出口),55,22650
2019-8,39269012,電氣絕緣用塑膠製品,多明尼加,出口總值(含復出口),13,3255
2019-8,39269012,電氣絕緣用塑膠製品,沙烏地阿拉伯,出口總值(含復出口),113,35100
2019-8,39269012,電氣絕緣用塑膠製品,波蘭,出口總值(含復出口),72,17876
2019-8,39269012,電氣絕緣用塑膠製品,法國,出口總值(含復出口),58,14616
2019-8,39269012,電氣絕緣用塑膠製品,阿拉伯聯合大公國,出口總值(含復出口),31,11712
2019-8,39269012,電氣絕緣用塑膠製品,俄羅斯,出口總值(含復出口),45,14336
2019-8,39269012,電氣絕緣用塑膠製品,南非,出口總值(含復出口),8,2720
2019-8,39269012,電氣絕緣用塑膠製品,南韓,出口總值(含復出口),281,99582
2019-8,39269012,電氣絕緣用塑膠製品,柬埔寨,出口總值(含復出口),7,77
2019-8,39269012,電氣絕緣用塑膠製品,美國,出口總值(含復出口),318,78965
2019-8,39269012,電氣絕緣用塑膠製品,香港,出口總值(含復出口),24,222
2019-8,39269012,電氣絕緣用塑膠製品,泰國,出口總值(含復出口),12,630
2019-8,39269012,電氣絕緣用塑膠製品,馬來西亞,出口總值(含復出口),2,19
2019-8,39269012,電氣絕緣用塑膠製品,敘利亞,出口總值(含復出口),70,23560
2019-8,39269012,電氣絕緣用塑膠製品,荷蘭,出口總值(含復出口),43,12398
2019-8,39269012,電氣絕緣用塑膠製品,斐濟,出口總值(含復出口),5,2000
2019-8,39269012,電氣絕緣用塑膠製品,菲律賓,出口總值(含復出口),42,15965
2019-8,39269012,電氣絕緣用塑膠製品,越南,出口總值(含復出口),93,24891
2019-8,39269012,電氣絕緣用塑膠製品,新加坡,出口總值(含復出口),2,170
2019-8,39269012,電氣絕緣用塑膠製品,瑞士,出口總值(含復出口),5,1094
2019-8,39269012,電氣絕緣用塑膠製品,義大利,出口總值(含復出口),24,4301
2019-8,39269012,電氣絕緣用塑膠製品,德國,出口總值(含復出口),35,8460
2019-8,39269012,電氣絕緣用塑膠製品,黎巴嫩,出口總值(含復出口),28,9066
2019-8,39269012,電氣絕緣用塑膠製品,墨西哥,出口總值(含復出口),9,1531
2019-8,39269012,電氣絕緣用塑膠製品,澳大利亞,出口總值(含復出口),8,2260
2019-9,39231010,塑膠製箱子、盒子、籃子及類似品，其形狀或適合供運輸或包裝半導體晶圓或網線,中國大陸,進口總值(含復進口),523,45295
2019-9,39231010,塑膠製箱子、盒子、籃子及類似品，其形狀或適合供運輸或包裝半導體晶圓或網線,中華民國,進口總值(含復進口),163,42111
2019-9,39231010,塑膠製箱子、盒子、籃子及類似品，其形狀或適合供運輸或包裝半導體晶圓或網線,日本,進口總值(含復進口),2910,118583
2019-9,39231010,塑膠製箱子、盒子、籃子及類似品，其形狀或適合供運輸或包裝半導體晶圓或網線,以色列,進口總值(含復進口),1,31
2019-9,39231010,塑膠製箱子、盒子、籃子及類似品，其形狀或適合供運輸或包裝半導體晶圓或網線,冰島,進口總值(含復進口),1,22
2019-9,39231010,塑膠製箱子、盒子、籃子及類似品，其形狀或適合供運輸或包裝半導體晶圓或網線,印尼,進口總值(含復進口),314,41018
2019-9,39231010,塑膠製箱子、盒子、籃子及類似品，其形狀或適合供運輸或包裝半導體晶圓或網線,西班牙,進口總值(含復進口),0,1
2019-9,39231010,塑膠製箱子、盒子、籃子及類似品，其形狀或適合供運輸或包裝半導體晶圓或網線,法國,進口總值(含復進口),0,1
2019-9,39231010,塑膠製箱子、盒子、籃子及類似品，其形狀或適合供運輸或包裝半導體晶圓或網線,南韓,進口總值(含復進口),242,22454
2019-9,39231010,塑膠製箱子、盒子、籃子及類似品，其形狀或適合供運輸或包裝半導體晶圓或網線,美國,進口總值(含復進口),875,52397
2019-9,39231010,塑膠製箱子、盒子、籃子及類似品，其形狀或適合供運輸或包裝半導體晶圓或網線,英國,進口總值(含復進口),0,17
2019-9,39231010,塑膠製箱子、盒子、籃子及類似品，其形狀或適合供運輸或包裝半導體晶圓或網線,泰國,進口總值(含復進口),0,13
2019-9,39231010,塑膠製箱子、盒子、籃子及類似品，其形狀或適合供運輸或包裝半導體晶圓或網線,馬來西亞,進口總值(含復進口),2267,62794
2019-9,39231010,塑膠製箱子、盒子、籃子及類似品，其形狀或適合供運輸或包裝半導體晶圓或網線,荷蘭,進口總值(含復進口),1,5
2019-9,39231010,塑膠製箱子、盒子、籃子及類似品，其形狀或適合供運輸或包裝半導體晶圓或網線,菲律賓,進口總值(含復進口),12,209
2019-9,39231010,塑膠製箱子、盒子、籃子及類似品，其形狀或適合供運輸或包裝半導體晶圓或網線,越南,進口總值(含復進口),4,146
2019-9,39231010,塑膠製箱子、盒子、籃子及類似品，其形狀或適合供運輸或包裝半導體晶圓或網線,愛爾蘭,進口總值(含復進口),0,0
2019-9,39231010,塑膠製箱子、盒子、籃子及類似品，其形狀或適合供運輸或包裝半導體晶圓或網線,新加坡,進口總值(含復進口),8,3871
2019-9,39231010,塑膠製箱子、盒子、籃子及類似品，其形狀或適合供運輸或包裝半導體晶圓或網線,義大利,進口總值(含復進口),1,0
2019-9,39231010,塑膠製箱子、盒子、籃子及類似品，其形狀或適合供運輸或包裝半導體晶圓或網線,德國,進口總值(含復進口),30,11529
2019-9,39231010,塑膠製箱子、盒子、籃子及類似品，其形狀或適合供運輸或包裝半導體晶圓或網線,中國大陸,出口總值(含復出口),504,45928
2019-9,39231010,塑膠製箱子、盒子、籃子及類似品，其形狀或適合供運輸或包裝半導體晶圓或網線,日本,出口總值(含復出口),464,36729
2019-9,39231010,塑膠製箱子、盒子、籃子及類似品，其形狀或適合供運輸或包裝半導體晶圓或網線,比利時,出口總值(含復出口),30,6583
2019-9,39231010,塑膠製箱子、盒子、籃子及類似品，其形狀或適合供運輸或包裝半導體晶圓或網線,加拿大,出口總值(含復出口),14,3453
2019-9,39231010,塑膠製箱子、盒子、籃子及類似品，其形狀或適合供運輸或包裝半導體晶圓或網線,立陶宛,出口總值(含復出口),0,11
2019-9,39231010,塑膠製箱子、盒子、籃子及類似品，其形狀或適合供運輸或包裝半導體晶圓或網線,印度,出口總值(含復出口),45,10467
2019-9,39231010,塑膠製箱子、盒子、籃子及類似品，其形狀或適合供運輸或包裝半導體晶圓或網線,西班牙,出口總值(含復出口),25,5405
2019-9,39231010,塑膠製箱子、盒子、籃子及類似品，其形狀或適合供運輸或包裝半導體晶圓或網線,俄羅斯,出口總值(含復出口),47,5104
2019-9,39231010,塑膠製箱子、盒子、籃子及類似品，其形狀或適合供運輸或包裝半導體晶圓或網線,南非,出口總值(含復出口),24,12024
2019-9,39231010,塑膠製箱子、盒子、籃子及類似品，其形狀或適合供運輸或包裝半導體晶圓或網線,南韓,出口總值(含復出口),99,98944
2019-9,39231010,塑膠製箱子、盒子、籃子及類似品，其形狀或適合供運輸或包裝半導體晶圓或網線,美國,出口總值(含復出口),121,25214
2019-9,39231010,塑膠製箱子、盒子、籃子及類似品，其形狀或適合供運輸或包裝半導體晶圓或網線,英國,出口總值(含復出口),64,10571
2019-9,39231010,塑膠製箱子、盒子、籃子及類似品，其形狀或適合供運輸或包裝半導體晶圓或網線,香港,出口總值(含復出口),13,2943
2019-9,39231010,塑膠製箱子、盒子、籃子及類似品，其形狀或適合供運輸或包裝半導體晶圓或網線,馬來西亞,出口總值(含復出口),83,8923
2019-9,39231010,塑膠製箱子、盒子、籃子及類似品，其形狀或適合供運輸或包裝半導體晶圓或網線,荷蘭,出口總值(含復出口),8,481
2019-9,39231010,塑膠製箱子、盒子、籃子及類似品，其形狀或適合供運輸或包裝半導體晶圓或網線,菲律賓,出口總值(含復出口),10,5802
2019-9,39231010,塑膠製箱子、盒子、籃子及類似品，其形狀或適合供運輸或包裝半導體晶圓或網線,越南,出口總值(含復出口),11,1819
2019-9,39231010,塑膠製箱子、盒子、籃子及類似品，其形狀或適合供運輸或包裝半導體晶圓或網線,新加坡,出口總值(含復出口),55,4544
2019-9,39231010,塑膠製箱子、盒子、籃子及類似品，其形狀或適合供運輸或包裝半導體晶圓或網線,瑞士,出口總值(含復出口),10,190
2019-9,39231010,塑膠製箱子、盒子、籃子及類似品，其形狀或適合供運輸或包裝半導體晶圓或網線,德國,出口總值(含復出口),19,3472
2019-9,39231010,塑膠製箱子、盒子、籃子及類似品，其形狀或適合供運輸或包裝半導體晶圓或網線,澳大利亞,出口總值(含復出口),10,2295
2019-9,39239090,其他供輸送或包裝貨物之塑膠製品,中國大陸,進口總值(含復進口),6866,1868069
2019-9,39239090,其他供輸送或包裝貨物之塑膠製品,中華民國,進口總值(含復進口),97,73222
2019-9,39239090,其他供輸送或包裝貨物之塑膠製品,丹麥,進口總值(含復進口),24,1750
2019-9,39239090,其他供輸送或包裝貨物之塑膠製品,日本,進口總值(含復進口),1489,169543
2019-9,39239090,其他供輸送或包裝貨物之塑膠製品,比利時,進口總值(含復進口),1,207
2019-9,39239090,其他供輸送或包裝貨物之塑膠製品,加拿大,進口總值(含復進口),0,10
2019-9,39239090,其他供輸送或包裝貨物之塑膠製品,印尼,進口總值(含復進口),0,0
2019-9,39239090,其他供輸送或包裝貨物之塑膠製品,法國,進口總值(含復進口),22,112
2019-9,39239090,其他供輸送或包裝貨物之塑膠製品,南韓,進口總值(含復進口),955,180675
2019-9,39239090,其他供輸送或包裝貨物之塑膠製品,美國,進口總值(含復進口),767,100418
2019-9,39239090,其他供輸送或包裝貨物之塑膠製品,英國,進口總值(含復進口),5,80
2019-9,39239090,其他供輸送或包裝貨物之塑膠製品,香港,進口總值(含復進口),2,295
2019-9,39239090,其他供輸送或包裝貨物之塑膠製品,泰國,進口總值(含復進口),740,113236
2019-9,39239090,其他供輸送或包裝貨物之塑膠製品,馬來西亞,進口總值(含復進口),721,92508
2019-9,39239090,其他供輸送或包裝貨物之塑膠製品,荷蘭,進口總值(含復進口),15,232
2019-9,39239090,其他供輸送或包裝貨物之塑膠製品,斯洛維尼亞,進口總值(含復進口),0,27
2019-9,39239090,其他供輸送或包裝貨物之塑膠製品,菲律賓,進口總值(含復進口),270,59485
2019-9,39239090,其他供輸送或包裝貨物之塑膠製品,越南,進口總值(含復進口),2,944
2019-9,39239090,其他供輸送或包裝貨物之塑膠製品,新加坡,進口總值(含復進口),78,35784
2019-9,39239090,其他供輸送或包裝貨物之塑膠製品,瑞士,進口總值(含復進口),0,2
2019-9,39239090,其他供輸送或包裝貨物之塑膠製品,義大利,進口總值(含復進口),1,11
2019-9,39239090,其他供輸送或包裝貨物之塑膠製品,德國,進口總值(含復進口),461,60506
2019-9,39239090,其他供輸送或包裝貨物之塑膠製品,墨西哥,進口總值(含復進口),0,2
2019-9,39239090,其他供輸送或包裝貨物之塑膠製品,中國大陸,出口總值(含復出口),3071,1299914
2019-9,39239090,其他供輸送或包裝貨物之塑膠製品,巴西,出口總值(含復出口),27,8035
2019-9,39239090,其他供輸送或包裝貨物之塑膠製品,日本,出口總值(含復出口),1309,189533
2019-9,39239090,其他供輸送或包裝貨物之塑膠製品,比利時,出口總值(含復出口),17,828
2019-9,39239090,其他供輸送或包裝貨物之塑膠製品,加拿大,出口總值(含復出口),150,24860
2019-9,39239090,其他供輸送或包裝貨物之塑膠製品,卡達,出口總值(含復出口),10,4203
2019-9,39239090,其他供輸送或包裝貨物之塑膠製品,匈牙利,出口總值(含復出口),2,585
2019-9,39239090,其他供輸送或包裝貨物之塑膠製品,印尼,出口總值(含復出口),90,7867
2019-9,39239090,其他供輸送或包裝貨物之塑膠製品,印度,出口總值(含復出口),28,2772
2019-9,39239090,其他供輸送或包裝貨物之塑膠製品,吉布地,出口總值(含復出口),1,408
2019-9,39239090,其他供輸送或包裝貨物之塑膠製品,多明尼加,出口總值(含復出口),4,1709
2019-9,39239090,其他供輸送或包裝貨物之塑膠製品,西班牙,出口總值(含復出口),66,3278
2019-9,39239090,其他供輸送或包裝貨物之塑膠製品,沙烏地阿拉伯,出口總值(含復出口),69,33274
2019-9,39239090,其他供輸送或包裝貨物之塑膠製品,法國,出口總值(含復出口),68,3292
2019-9,39239090,其他供輸送或包裝貨物之塑膠製品,法屬玻里尼西亞,出口總值(含復出口),3,562
2019-9,39239090,其他供輸送或包裝貨物之塑膠製品,阿拉伯聯合大公國,出口總值(含復出口),14,7332
2019-9,39239090,其他供輸送或包裝貨物之塑膠製品,南非,出口總值(含復出口),4,6196
2019-9,39239090,其他供輸送或包裝貨物之塑膠製品,南韓,出口總值(含復出口),542,222069
2019-9,39239090,其他供輸送或包裝貨物之塑膠製品,美國,出口總值(含復出口),2089,735764
2019-9,39239090,其他供輸送或包裝貨物之塑膠製品,英國,出口總值(含復出口),122,9592
2019-9,39239090,其他供輸送或包裝貨物之塑膠製品,香港,出口總值(含復出口),564,170443
2019-9,39239090,其他供輸送或包裝貨物之塑膠製品,哥倫比亞,出口總值(含復出口),25,8138
2019-9,39239090,其他供輸送或包裝貨物之塑膠製品,哥斯大黎加,出口總值(含復出口),17,6339
2019-9,39239090,其他供輸送或包裝貨物之塑膠製品,泰國,出口總值(含復出口),74,11397
2019-9,39239090,其他供輸送或包裝貨物之塑膠製品,紐西蘭,出口總值(含復出口),9,3589
2019-9,39239090,其他供輸送或包裝貨物之塑膠製品,馬來西亞,出口總值(含復出口),68,19061
2019-9,39239090,其他供輸送或包裝貨物之塑膠製品,馬紹爾群島,出口總值(含復出口),1,120
2019-9,39239090,其他供輸送或包裝貨物之塑膠製品,馬達加斯加,出口總值(含復出口),12,2167
2019-9,39239090,其他供輸送或包裝貨物之塑膠製品,荷蘭,出口總值(含復出口),238,6160
2019-9,39239090,其他供輸送或包裝貨物之塑膠製品,斐濟,出口總值(含復出口),0,29
2019-9,39239090,其他供輸送或包裝貨物之塑膠製品,斯里蘭卡,出口總值(含復出口),10,7482
2019-9,39239090,其他供輸送或包裝貨物之塑膠製品,斯洛維尼亞,出口總值(含復出口),1,34
2019-9,39239090,其他供輸送或包裝貨物之塑膠製品,菲律賓,出口總值(含復出口),258,75947
2019-9,39239090,其他供輸送或包裝貨物之塑膠製品,越南,出口總值(含復出口),83,11297
2019-9,39239090,其他供輸送或包裝貨物之塑膠製品,新加坡,出口總值(含復出口),155,32609
2019-9,39239090,其他供輸送或包裝貨物之塑膠製品,瑞士,出口總值(含復出口),29,705
2019-9,39239090,其他供輸送或包裝貨物之塑膠製品,瑞典,出口總值(含復出口),3,648
2019-9,39239090,其他供輸送或包裝貨物之塑膠製品,義大利,出口總值(含復出口),25,1676
2019-9,39239090,其他供輸送或包裝貨物之塑膠製品,德國,出口總值(含復出口),70,10807
2019-9,39239090,其他供輸送或包裝貨物之塑膠製品,墨西哥,出口總值(含復出口),77,22465
2019-9,39239090,其他供輸送或包裝貨物之塑膠製品,澳大利亞,出口總值(含復出口),36,11119
2019-9,39239090,其他供輸送或包裝貨物之塑膠製品,澳門,出口總值(含復出口),5,1785
2019-9,39239090,其他供輸送或包裝貨物之塑膠製品,賴索托,出口總值(含復出口),13,8055
2019-9,39239090,其他供輸送或包裝貨物之塑膠製品,賽普勒斯,出口總值(含復出口),16,7647
2019-9,39269012,電氣絕緣用塑膠製品,中國大陸,進口總值(含復進口),115,10709
2019-9,39269012,電氣絕緣用塑膠製品,中華民國,進口總值(含復進口),1,1
2019-9,39269012,電氣絕緣用塑膠製品,日本,進口總值(含復進口),225,989
2019-9,39269012,電氣絕緣用塑膠製品,加拿大,進口總值(含復進口),0,2
2019-9,39269012,電氣絕緣用塑膠製品,印度,進口總值(含復進口),1,22
2019-9,39269012,電氣絕緣用塑膠製品,西班牙,進口總值(含復進口),2,31
2019-9,39269012,電氣絕緣用塑膠製品,法國,進口總值(含復進口),0,10
2019-9,39269012,電氣絕緣用塑膠製品,南韓,進口總值(含復進口),8,367
2019-9,39269012,電氣絕緣用塑膠製品,美國,進口總值(含復進口),6,10
2019-9,39269012,電氣絕緣用塑膠製品,哥斯大黎加,進口總值(含復進口),5,5
2019-9,39269012,電氣絕緣用塑膠製品,泰國,進口總值(含復進口),0,0
2019-9,39269012,電氣絕緣用塑膠製品,越南,進口總值(含復進口),16,5821
2019-9,39269012,電氣絕緣用塑膠製品,奧地利,進口總值(含復進口),0,0
2019-9,39269012,電氣絕緣用塑膠製品,新加坡,進口總值(含復進口),0,0
2019-9,39269012,電氣絕緣用塑膠製品,瑞士,進口總值(含復進口),2,5
2019-9,39269012,電氣絕緣用塑膠製品,德國,進口總值(含復進口),55,655
2019-9,39269012,電氣絕緣用塑膠製品,中國大陸,出口總值(含復出口),192,18543
2019-9,39269012,電氣絕緣用塑膠製品,日本,出口總值(含復出口),83,25000
2019-9,39269012,電氣絕緣用塑膠製品,比利時,出口總值(含復出口),17,3703
2019-9,39269012,電氣絕緣用塑膠製品,加拿大,出口總值(含復出口),220,60771
2019-9,39269012,電氣絕緣用塑膠製品,印度,出口總值(含復出口),3,389
2019-9,39269012,電氣絕緣用塑膠製品,西班牙,出口總值(含復出口),95,25520
2019-9,39269012,電氣絕緣用塑膠製品,希臘,出口總值(含復出口),33,10944
2019-9,39269012,電氣絕緣用塑膠製品,沙烏地阿拉伯,出口總值(含復出口),53,16686
2019-9,39269012,電氣絕緣用塑膠製品,拉脫維亞,出口總值(含復出口),41,10423
2019-9,39269012,電氣絕緣用塑膠製品,法國,出口總值(含復出口),50,3686
2019-9,39269012,電氣絕緣用塑膠製品,俄羅斯,出口總值(含復出口),78,21367
2019-9,39269012,電氣絕緣用塑膠製品,南韓,出口總值(含復出口),222,74788
2019-9,39269012,電氣絕緣用塑膠製品,柬埔寨,出口總值(含復出口),1,12
2019-9,39269012,電氣絕緣用塑膠製品,美國,出口總值(含復出口),416,91515
2019-9,39269012,電氣絕緣用塑膠製品,英國,出口總值(含復出口),73,21883
2019-9,39269012,電氣絕緣用塑膠製品,香港,出口總值(含復出口),15,108
2019-9,39269012,電氣絕緣用塑膠製品,哥倫比亞,出口總值(含復出口),85,28637
2019-9,39269012,電氣絕緣用塑膠製品,埃及,出口總值(含復出口),57,19950
2019-9,39269012,電氣絕緣用塑膠製品,泰國,出口總值(含復出口),10,123
2019-9,39269012,電氣絕緣用塑膠製品,馬來西亞,出口總值(含復出口),6,800
2019-9,39269012,電氣絕緣用塑膠製品,馬達加斯加,出口總值(含復出口),0,14
2019-9,39269012,電氣絕緣用塑膠製品,荷屬聖馬丁,出口總值(含復出口),0,35
2019-9,39269012,電氣絕緣用塑膠製品,荷蘭,出口總值(含復出口),31,8089
2019-9,39269012,電氣絕緣用塑膠製品,菲律賓,出口總值(含復出口),22,5983
2019-9,39269012,電氣絕緣用塑膠製品,越南,出口總值(含復出口),29,663
2019-9,39269012,電氣絕緣用塑膠製品,新加坡,出口總值(含復出口),17,1779
2019-9,39269012,電氣絕緣用塑膠製品,德國,出口總值(含復出口),38,8007
2019-9,39269012,電氣絕緣用塑膠製品,墨西哥,出口總值(含復出口),1,28
2019-9,39269012,電氣絕緣用塑膠製品,澳大利亞,出口總值(含復出口),54,14950
2019-10,39231010,塑膠製箱子、盒子、籃子及類似品，其形狀或適合供運輸或包裝半導體晶圓或網線,中國大陸,進口總值(含復進口),334,31574
2019-10,39231010,塑膠製箱子、盒子、籃子及類似品，其形狀或適合供運輸或包裝半導體晶圓或網線,中華民國,進口總值(含復進口),7,5234
2019-10,39231010,塑膠製箱子、盒子、籃子及類似品，其形狀或適合供運輸或包裝半導體晶圓或網線,日本,進口總值(含復進口),2568,127746
2019-10,39231010,塑膠製箱子、盒子、籃子及類似品，其形狀或適合供運輸或包裝半導體晶圓或網線,印尼,進口總值(含復進口),333,43101
2019-10,39231010,塑膠製箱子、盒子、籃子及類似品，其形狀或適合供運輸或包裝半導體晶圓或網線,西班牙,進口總值(含復進口),4,300
2019-10,39231010,塑膠製箱子、盒子、籃子及類似品，其形狀或適合供運輸或包裝半導體晶圓或網線,法國,進口總值(含復進口),0,0
2019-10,39231010,塑膠製箱子、盒子、籃子及類似品，其形狀或適合供運輸或包裝半導體晶圓或網線,南韓,進口總值(含復進口),370,23564
2019-10,39231010,塑膠製箱子、盒子、籃子及類似品，其形狀或適合供運輸或包裝半導體晶圓或網線,美國,進口總值(含復進口),651,43199
2019-10,39231010,塑膠製箱子、盒子、籃子及類似品，其形狀或適合供運輸或包裝半導體晶圓或網線,英國,進口總值(含復進口),1,18
2019-10,39231010,塑膠製箱子、盒子、籃子及類似品，其形狀或適合供運輸或包裝半導體晶圓或網線,泰國,進口總值(含復進口),0,17
2019-10,39231010,塑膠製箱子、盒子、籃子及類似品，其形狀或適合供運輸或包裝半導體晶圓或網線,馬來西亞,進口總值(含復進口),2203,45185
2019-10,39231010,塑膠製箱子、盒子、籃子及類似品，其形狀或適合供運輸或包裝半導體晶圓或網線,荷蘭,進口總值(含復進口),0,2
2019-10,39231010,塑膠製箱子、盒子、籃子及類似品，其形狀或適合供運輸或包裝半導體晶圓或網線,菲律賓,進口總值(含復進口),18,36
2019-10,39231010,塑膠製箱子、盒子、籃子及類似品，其形狀或適合供運輸或包裝半導體晶圓或網線,越南,進口總值(含復進口),7,292
2019-10,39231010,塑膠製箱子、盒子、籃子及類似品，其形狀或適合供運輸或包裝半導體晶圓或網線,新加坡,進口總值(含復進口),16,1208
2019-10,39231010,塑膠製箱子、盒子、籃子及類似品，其形狀或適合供運輸或包裝半導體晶圓或網線,瑞士,進口總值(含復進口),1,1
2019-10,39231010,塑膠製箱子、盒子、籃子及類似品，其形狀或適合供運輸或包裝半導體晶圓或網線,德國,進口總值(含復進口),24,3494
2019-10,39231010,塑膠製箱子、盒子、籃子及類似品，其形狀或適合供運輸或包裝半導體晶圓或網線,中國大陸,出口總值(含復出口),786,89943
2019-10,39231010,塑膠製箱子、盒子、籃子及類似品，其形狀或適合供運輸或包裝半導體晶圓或網線,日本,出口總值(含復出口),657,74891
2019-10,39231010,塑膠製箱子、盒子、籃子及類似品，其形狀或適合供運輸或包裝半導體晶圓或網線,加拿大,出口總值(含復出口),13,4408
2019-10,39231010,塑膠製箱子、盒子、籃子及類似品，其形狀或適合供運輸或包裝半導體晶圓或網線,印尼,出口總值(含復出口),38,6612
2019-10,39231010,塑膠製箱子、盒子、籃子及類似品，其形狀或適合供運輸或包裝半導體晶圓或網線,印度,出口總值(含復出口),26,7615
2019-10,39231010,塑膠製箱子、盒子、籃子及類似品，其形狀或適合供運輸或包裝半導體晶圓或網線,拉脫維亞,出口總值(含復出口),9,5760
2019-10,39231010,塑膠製箱子、盒子、籃子及類似品，其形狀或適合供運輸或包裝半導體晶圓或網線,波蘭,出口總值(含復出口),0,55
2019-10,39231010,塑膠製箱子、盒子、籃子及類似品，其形狀或適合供運輸或包裝半導體晶圓或網線,阿拉伯聯合大公國,出口總值(含復出口),30,5740
2019-10,39231010,塑膠製箱子、盒子、籃子及類似品，其形狀或適合供運輸或包裝半導體晶圓或網線,俄羅斯,出口總值(含復出口),0,17
2019-10,39231010,塑膠製箱子、盒子、籃子及類似品，其形狀或適合供運輸或包裝半導體晶圓或網線,南非,出口總值(含復出口),24,12216
2019-10,39231010,塑膠製箱子、盒子、籃子及類似品，其形狀或適合供運輸或包裝半導體晶圓或網線,南韓,出口總值(含復出口),621,43412
2019-10,39231010,塑膠製箱子、盒子、籃子及類似品，其形狀或適合供運輸或包裝半導體晶圓或網線,美國,出口總值(含復出口),131,30264
2019-10,39231010,塑膠製箱子、盒子、籃子及類似品，其形狀或適合供運輸或包裝半導體晶圓或網線,英國,出口總值(含復出口),46,8515
2019-10,39231010,塑膠製箱子、盒子、籃子及類似品，其形狀或適合供運輸或包裝半導體晶圓或網線,香港,出口總值(含復出口),24,1096
2019-10,39231010,塑膠製箱子、盒子、籃子及類似品，其形狀或適合供運輸或包裝半導體晶圓或網線,泰國,出口總值(含復出口),2,20
2019-10,39231010,塑膠製箱子、盒子、籃子及類似品，其形狀或適合供運輸或包裝半導體晶圓或網線,馬來西亞,出口總值(含復出口),108,13974
2019-10,39231010,塑膠製箱子、盒子、籃子及類似品，其形狀或適合供運輸或包裝半導體晶圓或網線,荷蘭,出口總值(含復出口),7,1262
2019-10,39231010,塑膠製箱子、盒子、籃子及類似品，其形狀或適合供運輸或包裝半導體晶圓或網線,菲律賓,出口總值(含復出口),27,15795
2019-10,39231010,塑膠製箱子、盒子、籃子及類似品，其形狀或適合供運輸或包裝半導體晶圓或網線,越南,出口總值(含復出口),13,2420
2019-10,39231010,塑膠製箱子、盒子、籃子及類似品，其形狀或適合供運輸或包裝半導體晶圓或網線,奧地利,出口總值(含復出口),4,8
2019-10,39231010,塑膠製箱子、盒子、籃子及類似品，其形狀或適合供運輸或包裝半導體晶圓或網線,新加坡,出口總值(含復出口),41,3091
2019-10,39231010,塑膠製箱子、盒子、籃子及類似品，其形狀或適合供運輸或包裝半導體晶圓或網線,瑞典,出口總值(含復出口),24,3955
2019-10,39231010,塑膠製箱子、盒子、籃子及類似品，其形狀或適合供運輸或包裝半導體晶圓或網線,德國,出口總值(含復出口),39,8635
2019-10,39231010,塑膠製箱子、盒子、籃子及類似品，其形狀或適合供運輸或包裝半導體晶圓或網線,澳大利亞,出口總值(含復出口),5,1200
2019-10,39239090,其他供輸送或包裝貨物之塑膠製品,中國大陸,進口總值(含復進口),5871,1491352
2019-10,39239090,其他供輸送或包裝貨物之塑膠製品,中華民國,進口總值(含復進口),368,103129
2019-10,39239090,其他供輸送或包裝貨物之塑膠製品,丹麥,進口總值(含復進口),0,1
2019-10,39239090,其他供輸送或包裝貨物之塑膠製品,日本,進口總值(含復進口),1569,160965
2019-10,39239090,其他供輸送或包裝貨物之塑膠製品,比利時,進口總值(含復進口),1,212
2019-10,39239090,其他供輸送或包裝貨物之塑膠製品,加拿大,進口總值(含復進口),0,0
2019-10,39239090,其他供輸送或包裝貨物之塑膠製品,印尼,進口總值(含復進口),6,2210
2019-10,39239090,其他供輸送或包裝貨物之塑膠製品,法國,進口總值(含復進口),92,9141
2019-10,39239090,其他供輸送或包裝貨物之塑膠製品,芬蘭,進口總值(含復進口),1,17
2019-10,39239090,其他供輸送或包裝貨物之塑膠製品,南韓,進口總值(含復進口),1485,312822
2019-10,39239090,其他供輸送或包裝貨物之塑膠製品,美國,進口總值(含復進口),677,87488
2019-10,39239090,其他供輸送或包裝貨物之塑膠製品,香港,進口總值(含復進口),3,10
2019-10,39239090,其他供輸送或包裝貨物之塑膠製品,泰國,進口總值(含復進口),395,90964
2019-10,39239090,其他供輸送或包裝貨物之塑膠製品,馬來西亞,進口總值(含復進口),891,94414
2019-10,39239090,其他供輸送或包裝貨物之塑膠製品,捷克,進口總值(含復進口),4,2731
2019-10,39239090,其他供輸送或包裝貨物之塑膠製品,荷蘭,進口總值(含復進口),46,3708
2019-10,39239090,其他供輸送或包裝貨物之塑膠製品,菲律賓,進口總值(含復進口),318,65867
2019-10,39239090,其他供輸送或包裝貨物之塑膠製品,越南,進口總值(含復進口),17,3950
2019-10,39239090,其他供輸送或包裝貨物之塑膠製品,新加坡,進口總值(含復進口),68,18313
2019-10,39239090,其他供輸送或包裝貨物之塑膠製品,義大利,進口總值(含復進口),2,44
2019-10,39239090,其他供輸送或包裝貨物之塑膠製品,葡萄牙,進口總值(含復進口),0,49
2019-10,39239090,其他供輸送或包裝貨物之塑膠製品,德國,進口總值(含復進口),1002,143945
2019-10,39239090,其他供輸送或包裝貨物之塑膠製品,墨西哥,進口總值(含復進口),0,0
2019-10,39239090,其他供輸送或包裝貨物之塑膠製品,澳大利亞,進口總值(含復進口),16,2120
2019-10,39239090,其他供輸送或包裝貨物之塑膠製品,盧森堡,進口總值(含復進口),1,21
2019-10,39239090,其他供輸送或包裝貨物之塑膠製品,土耳其,出口總值(含復出口),4,1000
2019-10,39239090,其他供輸送或包裝貨物之塑膠製品,中國大陸,出口總值(含復出口),3329,1324439
2019-10,39239090,其他供輸送或包裝貨物之塑膠製品,厄瓜多,出口總值(含復出口),2,260
2019-10,39239090,其他供輸送或包裝貨物之塑膠製品,巴西,出口總值(含復出口),145,57267
2019-10,39239090,其他供輸送或包裝貨物之塑膠製品,巴拿馬,出口總值(含復出口),2,430
2019-10,39239090,其他供輸送或包裝貨物之塑膠製品,日本,出口總值(含復出口),1012,144475
2019-10,39239090,其他供輸送或包裝貨物之塑膠製品,比利時,出口總值(含復出口),22,746
2019-10,39239090,其他供輸送或包裝貨物之塑膠製品,以色列,出口總值(含復出口),5,344
2019-10,39239090,其他供輸送或包裝貨物之塑膠製品,加拿大,出口總值(含復出口),91,10789
2019-10,39239090,其他供輸送或包裝貨物之塑膠製品,卡達,出口總值(含復出口),30,15843
2019-10,39239090,其他供輸送或包裝貨物之塑膠製品,瓜地馬拉,出口總值(含復出口),3,1103
2019-10,39239090,其他供輸送或包裝貨物之塑膠製品,立陶宛,出口總值(含復出口),13,5962
2019-10,39239090,其他供輸送或包裝貨物之塑膠製品,印尼,出口總值(含復出口),21,3739
2019-10,39239090,其他供輸送或包裝貨物之塑膠製品,印度,出口總值(含復出口),50,9724
2019-10,39239090,其他供輸送或包裝貨物之塑膠製品,吉布地,出口總值(含復出口),1,240
2019-10,39239090,其他供輸送或包裝貨物之塑膠製品,宏都拉斯,出口總值(含復出口),13,2949
2019-10,39239090,其他供輸送或包裝貨物之塑膠製品,希臘,出口總值(含復出口),11,2877
2019-10,39239090,其他供輸送或包裝貨物之塑膠製品,沙烏地阿拉伯,出口總值(含復出口),53,8721
2019-10,39239090,其他供輸送或包裝貨物之塑膠製品,波蘭,出口總值(含復出口),34,4549
2019-10,39239090,其他供輸送或包裝貨物之塑膠製品,法國,出口總值(含復出口),55,2502
2019-10,39239090,其他供輸送或包裝貨物之塑膠製品,阿拉伯聯合大公國,出口總值(含復出口),7,2220
2019-10,39239090,其他供輸送或包裝貨物之塑膠製品,南韓,出口總值(含復出口),532,191327
2019-10,39239090,其他供輸送或包裝貨物之塑膠製品,哈薩克,出口總值(含復出口),4,160
2019-10,39239090,其他供輸送或包裝貨物之塑膠製品,美國,出口總值(含復出口),1926,771179
2019-10,39239090,其他供輸送或包裝貨物之塑膠製品,英國,出口總值(含復出口),78,9401
2019-10,39239090,其他供輸送或包裝貨物之塑膠製品,香港,出口總值(含復出口),357,215503
2019-10,39239090,其他供輸送或包裝貨物之塑膠製品,哥倫比亞,出口總值(含復出口),41,4095
2019-10,39239090,其他供輸送或包裝貨物之塑膠製品,哥斯大黎加,出口總值(含復出口),14,5497
2019-10,39239090,其他供輸送或包裝貨物之塑膠製品,泰國,出口總值(含復出口),62,8273
2019-10,39239090,其他供輸送或包裝貨物之塑膠製品,紐西蘭,出口總值(含復出口),18,2938
2019-10,39239090,其他供輸送或包裝貨物之塑膠製品,馬來西亞,出口總值(含復出口),195,44234
2019-10,39239090,其他供輸送或包裝貨物之塑膠製品,荷蘭,出口總值(含復出口),200,4724
2019-10,39239090,其他供輸送或包裝貨物之塑膠製品,斐濟,出口總值(含復出口),4,1200
2019-10,39239090,其他供輸送或包裝貨物之塑膠製品,斯里蘭卡,出口總值(含復出口),10,7592
2019-10,39239090,其他供輸送或包裝貨物之塑膠製品,斯洛伐克,出口總值(含復出口),0,23
2019-10,39239090,其他供輸送或包裝貨物之塑膠製品,智利,出口總值(含復出口),10,1111
2019-10,39239090,其他供輸送或包裝貨物之塑膠製品,菲律賓,出口總值(含復出口),299,90835
2019-10,39239090,其他供輸送或包裝貨物之塑膠製品,越南,出口總值(含復出口),154,28340
2019-10,39239090,其他供輸送或包裝貨物之塑膠製品,新加坡,出口總值(含復出口),126,27981
2019-10,39239090,其他供輸送或包裝貨物之塑膠製品,瑞典,出口總值(含復出口),2,485
2019-10,39239090,其他供輸送或包裝貨物之塑膠製品,義大利,出口總值(含復出口),155,10618
2019-10,39239090,其他供輸送或包裝貨物之塑膠製品,德國,出口總值(含復出口),137,22826
2019-10,39239090,其他供輸送或包裝貨物之塑膠製品,緬甸,出口總值(含復出口),7,3350
2019-10,39239090,其他供輸送或包裝貨物之塑膠製品,黎巴嫩,出口總值(含復出口),2,610
2019-10,39239090,其他供輸送或包裝貨物之塑膠製品,墨西哥,出口總值(含復出口),162,38830
2019-10,39239090,其他供輸送或包裝貨物之塑膠製品,澳大利亞,出口總值(含復出口),71,23977
2019-10,39239090,其他供輸送或包裝貨物之塑膠製品,賽普勒斯,出口總值(含復出口),10,4247
2019-10,39239090,其他供輸送或包裝貨物之塑膠製品,關島,出口總值(含復出口),9,1183
2019-10,39269012,電氣絕緣用塑膠製品,中國大陸,進口總值(含復進口),40,2415
2019-10,39269012,電氣絕緣用塑膠製品,中華民國,進口總值(含復進口),3,10
2019-10,39269012,電氣絕緣用塑膠製品,日本,進口總值(含復進口),344,3264
2019-10,39269012,電氣絕緣用塑膠製品,印度,進口總值(含復進口),5,100
2019-10,39269012,電氣絕緣用塑膠製品,西班牙,進口總值(含復進口),1,37
2019-10,39269012,電氣絕緣用塑膠製品,法國,進口總值(含復進口),0,1
2019-10,39269012,電氣絕緣用塑膠製品,美國,進口總值(含復進口),0,0
2019-10,39269012,電氣絕緣用塑膠製品,哥斯大黎加,進口總值(含復進口),11,6
2019-10,39269012,電氣絕緣用塑膠製品,泰國,進口總值(含復進口),0,0
2019-10,39269012,電氣絕緣用塑膠製品,馬爾他,進口總值(含復進口),0,0
2019-10,39269012,電氣絕緣用塑膠製品,越南,進口總值(含復進口),21,5561
2019-10,39269012,電氣絕緣用塑膠製品,瑞士,進口總值(含復進口),0,2
2019-10,39269012,電氣絕緣用塑膠製品,德國,進口總值(含復進口),0,11
2019-10,39269012,電氣絕緣用塑膠製品,土耳其,出口總值(含復出口),43,11800
2019-10,39269012,電氣絕緣用塑膠製品,中國大陸,出口總值(含復出口),107,18648
2019-10,39269012,電氣絕緣用塑膠製品,日本,出口總值(含復出口),84,25325
2019-10,39269012,電氣絕緣用塑膠製品,加拿大,出口總值(含復出口),134,36170
2019-10,39269012,電氣絕緣用塑膠製品,沙烏地阿拉伯,出口總值(含復出口),37,11187
2019-10,39269012,電氣絕緣用塑膠製品,法國,出口總值(含復出口),25,6443
2019-10,39269012,電氣絕緣用塑膠製品,俄羅斯,出口總值(含復出口),79,21139
2019-10,39269012,電氣絕緣用塑膠製品,南非,出口總值(含復出口),3,189
2019-10,39269012,電氣絕緣用塑膠製品,南韓,出口總值(含復出口),605,212065
2019-10,39269012,電氣絕緣用塑膠製品,柬埔寨,出口總值(含復出口),4,21
2019-10,39269012,電氣絕緣用塑膠製品,美國,出口總值(含復出口),230,55532
2019-10,39269012,電氣絕緣用塑膠製品,香港,出口總值(含復出口),60,675
2019-10,39269012,電氣絕緣用塑膠製品,哥倫比亞,出口總值(含復出口),113,42707
2019-10,39269012,電氣絕緣用塑膠製品,泰國,出口總值(含復出口),24,300
2019-10,39269012,電氣絕緣用塑膠製品,紐西蘭,出口總值(含復出口),26,6320
2019-10,39269012,電氣絕緣用塑膠製品,馬來西亞,出口總值(含復出口),4,294
2019-10,39269012,電氣絕緣用塑膠製品,馬爾他,出口總值(含復出口),7,2121
2019-10,39269012,電氣絕緣用塑膠製品,荷蘭,出口總值(含復出口),72,19596
2019-10,39269012,電氣絕緣用塑膠製品,斯洛維尼亞,出口總值(含復出口),3,506
2019-10,39269012,電氣絕緣用塑膠製品,菲律賓,出口總值(含復出口),14,9975
2019-10,39269012,電氣絕緣用塑膠製品,越南,出口總值(含復出口),54,1838
2019-10,39269012,電氣絕緣用塑膠製品,新加坡,出口總值(含復出口),4,468
2019-10,39269012,電氣絕緣用塑膠製品,義大利,出口總值(含復出口),3,662
2019-10,39269012,電氣絕緣用塑膠製品,德國,出口總值(含復出口),9,1219
2019-10,39269012,電氣絕緣用塑膠製品,墨西哥,出口總值(含復出口),101,34993
2019-10,39269012,電氣絕緣用塑膠製品,澳大利亞,出口總值(含復出口),96,24435
2019-11,39231010,塑膠製箱子、盒子、籃子及類似品，其形狀或適合供運輸或包裝半導體晶圓或網線,中國大陸,進口總值(含復進口),416,43818
2019-11,39231010,塑膠製箱子、盒子、籃子及類似品，其形狀或適合供運輸或包裝半導體晶圓或網線,中華民國,進口總值(含復進口),63,10650
2019-11,39231010,塑膠製箱子、盒子、籃子及類似品，其形狀或適合供運輸或包裝半導體晶圓或網線,日本,進口總值(含復進口),1859,98230
2019-11,39231010,塑膠製箱子、盒子、籃子及類似品，其形狀或適合供運輸或包裝半導體晶圓或網線,加拿大,進口總值(含復進口),0,0
2019-11,39231010,塑膠製箱子、盒子、籃子及類似品，其形狀或適合供運輸或包裝半導體晶圓或網線,印尼,進口總值(含復進口),271,32599
2019-11,39231010,塑膠製箱子、盒子、籃子及類似品，其形狀或適合供運輸或包裝半導體晶圓或網線,波蘭,進口總值(含復進口),0,16
2019-11,39231010,塑膠製箱子、盒子、籃子及類似品，其形狀或適合供運輸或包裝半導體晶圓或網線,法國,進口總值(含復進口),4,32
2019-11,39231010,塑膠製箱子、盒子、籃子及類似品，其形狀或適合供運輸或包裝半導體晶圓或網線,南韓,進口總值(含復進口),260,19051
2019-11,39231010,塑膠製箱子、盒子、籃子及類似品，其形狀或適合供運輸或包裝半導體晶圓或網線,美國,進口總值(含復進口),693,46227
2019-11,39231010,塑膠製箱子、盒子、籃子及類似品，其形狀或適合供運輸或包裝半導體晶圓或網線,英國,進口總值(含復進口),0,0
2019-11,39231010,塑膠製箱子、盒子、籃子及類似品，其形狀或適合供運輸或包裝半導體晶圓或網線,泰國,進口總值(含復進口),0,10
2019-11,39231010,塑膠製箱子、盒子、籃子及類似品，其形狀或適合供運輸或包裝半導體晶圓或網線,馬來西亞,進口總值(含復進口),1790,44912
2019-11,39231010,塑膠製箱子、盒子、籃子及類似品，其形狀或適合供運輸或包裝半導體晶圓或網線,荷蘭,進口總值(含復進口),2,68
2019-11,39231010,塑膠製箱子、盒子、籃子及類似品，其形狀或適合供運輸或包裝半導體晶圓或網線,菲律賓,進口總值(含復進口),6,18
2019-11,39231010,塑膠製箱子、盒子、籃子及類似品，其形狀或適合供運輸或包裝半導體晶圓或網線,瑞士,進口總值(含復進口),0,0
2019-11,39231010,塑膠製箱子、盒子、籃子及類似品，其形狀或適合供運輸或包裝半導體晶圓或網線,義大利,進口總值(含復進口),8,112
2019-11,39231010,塑膠製箱子、盒子、籃子及類似品，其形狀或適合供運輸或包裝半導體晶圓或網線,葡萄牙,進口總值(含復進口),0,0
2019-11,39231010,塑膠製箱子、盒子、籃子及類似品，其形狀或適合供運輸或包裝半導體晶圓或網線,德國,進口總值(含復進口),8,2225
2019-11,39231010,塑膠製箱子、盒子、籃子及類似品，其形狀或適合供運輸或包裝半導體晶圓或網線,中國大陸,出口總值(含復出口),653,67464
2019-11,39231010,塑膠製箱子、盒子、籃子及類似品，其形狀或適合供運輸或包裝半導體晶圓或網線,巴林,出口總值(含復出口),23,5275
2019-11,39231010,塑膠製箱子、盒子、籃子及類似品，其形狀或適合供運輸或包裝半導體晶圓或網線,日本,出口總值(含復出口),819,82505
2019-11,39231010,塑膠製箱子、盒子、籃子及類似品，其形狀或適合供運輸或包裝半導體晶圓或網線,比利時,出口總值(含復出口),4,84
2019-11,39231010,塑膠製箱子、盒子、籃子及類似品，其形狀或適合供運輸或包裝半導體晶圓或網線,加拿大,出口總值(含復出口),8,3171
2019-11,39231010,塑膠製箱子、盒子、籃子及類似品，其形狀或適合供運輸或包裝半導體晶圓或網線,印尼,出口總值(含復出口),0,6
2019-11,39231010,塑膠製箱子、盒子、籃子及類似品，其形狀或適合供運輸或包裝半導體晶圓或網線,沙烏地阿拉伯,出口總值(含復出口),81,32922
2019-11,39231010,塑膠製箱子、盒子、籃子及類似品，其形狀或適合供運輸或包裝半導體晶圓或網線,拉脫維亞,出口總值(含復出口),9,6221
2019-11,39231010,塑膠製箱子、盒子、籃子及類似品，其形狀或適合供運輸或包裝半導體晶圓或網線,阿拉伯聯合大公國,出口總值(含復出口),21,5523
2019-11,39231010,塑膠製箱子、盒子、籃子及類似品，其形狀或適合供運輸或包裝半導體晶圓或網線,南非,出口總值(含復出口),2,194
2019-11,39231010,塑膠製箱子、盒子、籃子及類似品，其形狀或適合供運輸或包裝半導體晶圓或網線,南韓,出口總值(含復出口),290,24795
2019-11,39231010,塑膠製箱子、盒子、籃子及類似品，其形狀或適合供運輸或包裝半導體晶圓或網線,科威特,出口總值(含復出口),13,5607
2019-11,39231010,塑膠製箱子、盒子、籃子及類似品，其形狀或適合供運輸或包裝半導體晶圓或網線,約旦,出口總值(含復出口),12,3802
2019-11,39231010,塑膠製箱子、盒子、籃子及類似品，其形狀或適合供運輸或包裝半導體晶圓或網線,美國,出口總值(含復出口),120,34650
2019-11,39231010,塑膠製箱子、盒子、籃子及類似品，其形狀或適合供運輸或包裝半導體晶圓或網線,英國,出口總值(含復出口),23,3944
2019-11,39231010,塑膠製箱子、盒子、籃子及類似品，其形狀或適合供運輸或包裝半導體晶圓或網線,香港,出口總值(含復出口),8,497
2019-11,39231010,塑膠製箱子、盒子、籃子及類似品，其形狀或適合供運輸或包裝半導體晶圓或網線,烏克蘭,出口總值(含復出口),8,275
2019-11,39231010,塑膠製箱子、盒子、籃子及類似品，其形狀或適合供運輸或包裝半導體晶圓或網線,馬來西亞,出口總值(含復出口),117,22240
2019-11,39231010,塑膠製箱子、盒子、籃子及類似品，其形狀或適合供運輸或包裝半導體晶圓或網線,越南,出口總值(含復出口),15,2684
2019-11,39231010,塑膠製箱子、盒子、籃子及類似品，其形狀或適合供運輸或包裝半導體晶圓或網線,新加坡,出口總值(含復出口),49,7388
2019-11,39231010,塑膠製箱子、盒子、籃子及類似品，其形狀或適合供運輸或包裝半導體晶圓或網線,德國,出口總值(含復出口),23,4564
2019-11,39231010,塑膠製箱子、盒子、籃子及類似品，其形狀或適合供運輸或包裝半導體晶圓或網線,緬甸,出口總值(含復出口),35,10800
2019-11,39231010,塑膠製箱子、盒子、籃子及類似品，其形狀或適合供運輸或包裝半導體晶圓或網線,澳大利亞,出口總值(含復出口),13,4006
2019-11,39239090,其他供輸送或包裝貨物之塑膠製品,中國大陸,進口總值(含復進口),5627,1421343
2019-11,39239090,其他供輸送或包裝貨物之塑膠製品,中華民國,進口總值(含復進口),433,184443
2019-11,39239090,其他供輸送或包裝貨物之塑膠製品,巴林,進口總值(含復進口),22,11077
2019-11,39239090,其他供輸送或包裝貨物之塑膠製品,日本,進口總值(含復進口),1447,242440
2019-11,39239090,其他供輸送或包裝貨物之塑膠製品,比利時,進口總值(含復進口),3,215
2019-11,39239090,其他供輸送或包裝貨物之塑膠製品,加拿大,進口總值(含復進口),5,240
2019-11,39239090,其他供輸送或包裝貨物之塑膠製品,印度,進口總值(含復進口),0,7
2019-11,39239090,其他供輸送或包裝貨物之塑膠製品,法國,進口總值(含復進口),2,10
2019-11,39239090,其他供輸送或包裝貨物之塑膠製品,南韓,進口總值(含復進口),1139,327589
2019-11,39239090,其他供輸送或包裝貨物之塑膠製品,美國,進口總值(含復進口),751,128387
2019-11,39239090,其他供輸送或包裝貨物之塑膠製品,香港,進口總值(含復進口),2,224
2019-11,39239090,其他供輸送或包裝貨物之塑膠製品,泰國,進口總值(含復進口),693,103120
2019-11,39239090,其他供輸送或包裝貨物之塑膠製品,馬來西亞,進口總值(含復進口),1031,88766
2019-11,39239090,其他供輸送或包裝貨物之塑膠製品,荷蘭,進口總值(含復進口),25,1203
2019-11,39239090,其他供輸送或包裝貨物之塑膠製品,斯洛維尼亞,進口總值(含復進口),0,2
2019-11,39239090,其他供輸送或包裝貨物之塑膠製品,菲律賓,進口總值(含復進口),293,58259
2019-11,39239090,其他供輸送或包裝貨物之塑膠製品,越南,進口總值(含復進口),22,2791
2019-11,39239090,其他供輸送或包裝貨物之塑膠製品,奧地利,進口總值(含復進口),0,1
2019-11,39239090,其他供輸送或包裝貨物之塑膠製品,新加坡,進口總值(含復進口),88,38928
2019-11,39239090,其他供輸送或包裝貨物之塑膠製品,瑞士,進口總值(含復進口),9,216
2019-11,39239090,其他供輸送或包裝貨物之塑膠製品,義大利,進口總值(含復進口),15,3010
2019-11,39239090,其他供輸送或包裝貨物之塑膠製品,葡萄牙,進口總值(含復進口),1,98
2019-11,39239090,其他供輸送或包裝貨物之塑膠製品,德國,進口總值(含復進口),387,48671
2019-11,39239090,其他供輸送或包裝貨物之塑膠製品,墨西哥,進口總值(含復進口),0,4
2019-11,39239090,其他供輸送或包裝貨物之塑膠製品,澳大利亞,進口總值(含復進口),28,3310
2019-11,39239090,其他供輸送或包裝貨物之塑膠製品,千里達及托巴哥,出口總值(含復出口),24,3951
2019-11,39239090,其他供輸送或包裝貨物之塑膠製品,土耳其,出口總值(含復出口),0,0
2019-11,39239090,其他供輸送或包裝貨物之塑膠製品,中國大陸,出口總值(含復出口),3643,1351853
2019-11,39239090,其他供輸送或包裝貨物之塑膠製品,厄瓜多,出口總值(含復出口),7,1286
2019-11,39239090,其他供輸送或包裝貨物之塑膠製品,巴西,出口總值(含復出口),71,25247
2019-11,39239090,其他供輸送或包裝貨物之塑膠製品,巴拿馬,出口總值(含復出口),9,3810
2019-11,39239090,其他供輸送或包裝貨物之塑膠製品,日本,出口總值(含復出口),1042,154263
2019-11,39239090,其他供輸送或包裝貨物之塑膠製品,比利時,出口總值(含復出口),20,769
2019-11,39239090,其他供輸送或包裝貨物之塑膠製品,以色列,出口總值(含復出口),2,54
2019-11,39239090,其他供輸送或包裝貨物之塑膠製品,加拿大,出口總值(含復出口),115,31487
2019-11,39239090,其他供輸送或包裝貨物之塑膠製品,卡達,出口總值(含復出口),47,16150
2019-11,39239090,其他供輸送或包裝貨物之塑膠製品,尼加拉瓜,出口總值(含復出口),11,4893
2019-11,39239090,其他供輸送或包裝貨物之塑膠製品,印尼,出口總值(含復出口),86,30914
2019-11,39239090,其他供輸送或包裝貨物之塑膠製品,印度,出口總值(含復出口),43,15279
2019-11,39239090,其他供輸送或包裝貨物之塑膠製品,西班牙,出口總值(含復出口),12,4884
2019-11,39239090,其他供輸送或包裝貨物之塑膠製品,宏都拉斯,出口總值(含復出口),12,5760
2019-11,39239090,其他供輸送或包裝貨物之塑膠製品,希臘,出口總值(含復出口),4,1110
2019-11,39239090,其他供輸送或包裝貨物之塑膠製品,沙烏地阿拉伯,出口總值(含復出口),16,7222
2019-11,39239090,其他供輸送或包裝貨物之塑膠製品,拉脫維亞,出口總值(含復出口),2,272
2019-11,39239090,其他供輸送或包裝貨物之塑膠製品,波蘭,出口總值(含復出口),18,1882
2019-11,39239090,其他供輸送或包裝貨物之塑膠製品,法國,出口總值(含復出口),34,1387
2019-11,39239090,其他供輸送或包裝貨物之塑膠製品,阿拉伯聯合大公國,出口總值(含復出口),31,15569
2019-11,39239090,其他供輸送或包裝貨物之塑膠製品,俄羅斯,出口總值(含復出口),12,963
2019-11,39239090,其他供輸送或包裝貨物之塑膠製品,南非,出口總值(含復出口),7,19
2019-11,39239090,其他供輸送或包裝貨物之塑膠製品,南韓,出口總值(含復出口),677,228615
2019-11,39239090,其他供輸送或包裝貨物之塑膠製品,柬埔寨,出口總值(含復出口),5,3675
2019-11,39239090,其他供輸送或包裝貨物之塑膠製品,科威特,出口總值(含復出口),20,8421
2019-11,39239090,其他供輸送或包裝貨物之塑膠製品,美國,出口總值(含復出口),2536,993545
2019-11,39239090,其他供輸送或包裝貨物之塑膠製品,英國,出口總值(含復出口),171,27821
2019-11,39239090,其他供輸送或包裝貨物之塑膠製品,香港,出口總值(含復出口),513,248858
2019-11,39239090,其他供輸送或包裝貨物之塑膠製品,哥倫比亞,出口總值(含復出口),15,1409
2019-11,39239090,其他供輸送或包裝貨物之塑膠製品,哥斯大黎加,出口總值(含復出口),28,9477
2019-11,39239090,其他供輸送或包裝貨物之塑膠製品,泰國,出口總值(含復出口),53,6147
2019-11,39239090,其他供輸送或包裝貨物之塑膠製品,海地,出口總值(含復出口),3,83
2019-11,39239090,其他供輸送或包裝貨物之塑膠製品,紐西蘭,出口總值(含復出口),28,6011
2019-11,39239090,其他供輸送或包裝貨物之塑膠製品,馬來西亞,出口總值(含復出口),131,14365
2019-11,39239090,其他供輸送或包裝貨物之塑膠製品,荷蘭,出口總值(含復出口),195,4448
2019-11,39239090,其他供輸送或包裝貨物之塑膠製品,斯里蘭卡,出口總值(含復出口),32,22776
2019-11,39239090,其他供輸送或包裝貨物之塑膠製品,智利,出口總值(含復出口),8,2963
2019-11,39239090,其他供輸送或包裝貨物之塑膠製品,菲律賓,出口總值(含復出口),228,78035
2019-11,39239090,其他供輸送或包裝貨物之塑膠製品,越南,出口總值(含復出口),206,38743
2019-11,39239090,其他供輸送或包裝貨物之塑膠製品,新加坡,出口總值(含復出口),174,48228
2019-11,39239090,其他供輸送或包裝貨物之塑膠製品,瑞士,出口總值(含復出口),4,147
2019-11,39239090,其他供輸送或包裝貨物之塑膠製品,瑞典,出口總值(含復出口),26,2565
2019-11,39239090,其他供輸送或包裝貨物之塑膠製品,義大利,出口總值(含復出口),321,21781
2019-11,39239090,其他供輸送或包裝貨物之塑膠製品,德國,出口總值(含復出口),63,5674
2019-11,39239090,其他供輸送或包裝貨物之塑膠製品,緬甸,出口總值(含復出口),4,1348
2019-11,39239090,其他供輸送或包裝貨物之塑膠製品,墨西哥,出口總值(含復出口),52,9515
2019-11,39239090,其他供輸送或包裝貨物之塑膠製品,澳大利亞,出口總值(含復出口),105,35659
2019-11,39239090,其他供輸送或包裝貨物之塑膠製品,澳門,出口總值(含復出口),10,4252
2019-11,39239090,其他供輸送或包裝貨物之塑膠製品,薩摩亞,出口總值(含復出口),0,5
2019-11,39269012,電氣絕緣用塑膠製品,中國大陸,進口總值(含復進口),38,3981
2019-11,39269012,電氣絕緣用塑膠製品,中華民國,進口總值(含復進口),0,0
2019-11,39269012,電氣絕緣用塑膠製品,日本,進口總值(含復進口),335,2743
2019-11,39269012,電氣絕緣用塑膠製品,印度,進口總值(含復進口),5,99
2019-11,39269012,電氣絕緣用塑膠製品,西班牙,進口總值(含復進口),1,50
2019-11,39269012,電氣絕緣用塑膠製品,法國,進口總值(含復進口),0,0
2019-11,39269012,電氣絕緣用塑膠製品,南韓,進口總值(含復進口),2,31
2019-11,39269012,電氣絕緣用塑膠製品,美國,進口總值(含復進口),4,57
2019-11,39269012,電氣絕緣用塑膠製品,哥斯大黎加,進口總值(含復進口),1,0
2019-11,39269012,電氣絕緣用塑膠製品,馬爾他,進口總值(含復進口),0,0
2019-11,39269012,電氣絕緣用塑膠製品,越南,進口總值(含復進口),14,5438
2019-11,39269012,電氣絕緣用塑膠製品,瑞士,進口總值(含復進口),0,1
2019-11,39269012,電氣絕緣用塑膠製品,瑞典,進口總值(含復進口),0,1
2019-11,39269012,電氣絕緣用塑膠製品,德國,進口總值(含復進口),0,0
2019-11,39269012,電氣絕緣用塑膠製品,墨西哥,進口總值(含復進口),0,0
2019-11,39269012,電氣絕緣用塑膠製品,中國大陸,出口總值(含復出口),186,27639
2019-11,39269012,電氣絕緣用塑膠製品,巴西,出口總值(含復出口),22,3500
2019-11,39269012,電氣絕緣用塑膠製品,日本,出口總值(含復出口),167,51000
2019-11,39269012,電氣絕緣用塑膠製品,比利時,出口總值(含復出口),53,13824
2019-11,39269012,電氣絕緣用塑膠製品,加拿大,出口總值(含復出口),230,61702
2019-11,39269012,電氣絕緣用塑膠製品,西班牙,出口總值(含復出口),43,17232
2019-11,39269012,電氣絕緣用塑膠製品,沙烏地阿拉伯,出口總值(含復出口),77,22509
2019-11,39269012,電氣絕緣用塑膠製品,俄羅斯,出口總值(含復出口),48,15407
2019-11,39269012,電氣絕緣用塑膠製品,南非,出口總值(含復出口),16,4341
2019-11,39269012,電氣絕緣用塑膠製品,南韓,出口總值(含復出口),528,187542
2019-11,39269012,電氣絕緣用塑膠製品,柬埔寨,出口總值(含復出口),7,78
2019-11,39269012,電氣絕緣用塑膠製品,美國,出口總值(含復出口),342,72737
2019-11,39269012,電氣絕緣用塑膠製品,香港,出口總值(含復出口),17,94
2019-11,39269012,電氣絕緣用塑膠製品,哥倫比亞,出口總值(含復出口),28,7584
2019-11,39269012,電氣絕緣用塑膠製品,哥斯大黎加,出口總值(含復出口),9,2000
2019-11,39269012,電氣絕緣用塑膠製品,埃及,出口總值(含復出口),53,19312
2019-11,39269012,電氣絕緣用塑膠製品,泰國,出口總值(含復出口),5,63
2019-11,39269012,電氣絕緣用塑膠製品,馬來西亞,出口總值(含復出口),8,1030
2019-11,39269012,電氣絕緣用塑膠製品,敘利亞,出口總值(含復出口),69,23560
2019-11,39269012,電氣絕緣用塑膠製品,荷蘭,出口總值(含復出口),1,41
2019-11,39269012,電氣絕緣用塑膠製品,菲律賓,出口總值(含復出口),23,15993
2019-11,39269012,電氣絕緣用塑膠製品,越南,出口總值(含復出口),65,2273
2019-11,39269012,電氣絕緣用塑膠製品,新加坡,出口總值(含復出口),7,3142
2019-11,39269012,電氣絕緣用塑膠製品,義大利,出口總值(含復出口),141,27374
2019-11,39269012,電氣絕緣用塑膠製品,德國,出口總值(含復出口),8,1396
2019-11,39269012,電氣絕緣用塑膠製品,摩洛哥,出口總值(含復出口),28,11590
2019-11,39269012,電氣絕緣用塑膠製品,墨西哥,出口總值(含復出口),75,17944
2019-11,39269012,電氣絕緣用塑膠製品,澳大利亞,出口總值(含復出口),25,4966
2019-12,39231010,塑膠製箱子、盒子、籃子及類似品，其形狀或適合供運輸或包裝半導體晶圓或網線,中國大陸,進口總值(含復進口),428,41368
2019-12,39231010,塑膠製箱子、盒子、籃子及類似品，其形狀或適合供運輸或包裝半導體晶圓或網線,中華民國,進口總值(含復進口),93,563
2019-12,39231010,塑膠製箱子、盒子、籃子及類似品，其形狀或適合供運輸或包裝半導體晶圓或網線,日本,進口總值(含復進口),2350,135286
2019-12,39231010,塑膠製箱子、盒子、籃子及類似品，其形狀或適合供運輸或包裝半導體晶圓或網線,印尼,進口總值(含復進口),383,52705
2019-12,39231010,塑膠製箱子、盒子、籃子及類似品，其形狀或適合供運輸或包裝半導體晶圓或網線,法國,進口總值(含復進口),0,1
2019-12,39231010,塑膠製箱子、盒子、籃子及類似品，其形狀或適合供運輸或包裝半導體晶圓或網線,南韓,進口總值(含復進口),235,17915
2019-12,39231010,塑膠製箱子、盒子、籃子及類似品，其形狀或適合供運輸或包裝半導體晶圓或網線,美國,進口總值(含復進口),390,21695
2019-12,39231010,塑膠製箱子、盒子、籃子及類似品，其形狀或適合供運輸或包裝半導體晶圓或網線,泰國,進口總值(含復進口),2,61
2019-12,39231010,塑膠製箱子、盒子、籃子及類似品，其形狀或適合供運輸或包裝半導體晶圓或網線,馬來西亞,進口總值(含復進口),1119,28629
2019-12,39231010,塑膠製箱子、盒子、籃子及類似品，其形狀或適合供運輸或包裝半導體晶圓或網線,菲律賓,進口總值(含復進口),10,27
2019-12,39231010,塑膠製箱子、盒子、籃子及類似品，其形狀或適合供運輸或包裝半導體晶圓或網線,越南,進口總值(含復進口),0,81
2019-12,39231010,塑膠製箱子、盒子、籃子及類似品，其形狀或適合供運輸或包裝半導體晶圓或網線,新加坡,進口總值(含復進口),20,4490
2019-12,39231010,塑膠製箱子、盒子、籃子及類似品，其形狀或適合供運輸或包裝半導體晶圓或網線,瑞士,進口總值(含復進口),6,29
2019-12,39231010,塑膠製箱子、盒子、籃子及類似品，其形狀或適合供運輸或包裝半導體晶圓或網線,義大利,進口總值(含復進口),90,539
2019-12,39231010,塑膠製箱子、盒子、籃子及類似品，其形狀或適合供運輸或包裝半導體晶圓或網線,德國,進口總值(含復進口),50,7454
2019-12,39231010,塑膠製箱子、盒子、籃子及類似品，其形狀或適合供運輸或包裝半導體晶圓或網線,中國大陸,出口總值(含復出口),688,57135
2019-12,39231010,塑膠製箱子、盒子、籃子及類似品，其形狀或適合供運輸或包裝半導體晶圓或網線,巴林,出口總值(含復出口),3,831
2019-12,39231010,塑膠製箱子、盒子、籃子及類似品，其形狀或適合供運輸或包裝半導體晶圓或網線,日本,出口總值(含復出口),915,86174
2019-12,39231010,塑膠製箱子、盒子、籃子及類似品，其形狀或適合供運輸或包裝半導體晶圓或網線,比利時,出口總值(含復出口),11,2120
2019-12,39231010,塑膠製箱子、盒子、籃子及類似品，其形狀或適合供運輸或包裝半導體晶圓或網線,加拿大,出口總值(含復出口),9,1950
2019-12,39231010,塑膠製箱子、盒子、籃子及類似品，其形狀或適合供運輸或包裝半導體晶圓或網線,印尼,出口總值(含復出口),2,74
2019-12,39231010,塑膠製箱子、盒子、籃子及類似品，其形狀或適合供運輸或包裝半導體晶圓或網線,印度,出口總值(含復出口),26,7615
2019-12,39231010,塑膠製箱子、盒子、籃子及類似品，其形狀或適合供運輸或包裝半導體晶圓或網線,沙烏地阿拉伯,出口總值(含復出口),9,3284
2019-12,39231010,塑膠製箱子、盒子、籃子及類似品，其形狀或適合供運輸或包裝半導體晶圓或網線,波蘭,出口總值(含復出口),0,25
2019-12,39231010,塑膠製箱子、盒子、籃子及類似品，其形狀或適合供運輸或包裝半導體晶圓或網線,阿拉伯聯合大公國,出口總值(含復出口),49,12090
2019-12,39231010,塑膠製箱子、盒子、籃子及類似品，其形狀或適合供運輸或包裝半導體晶圓或網線,俄羅斯,出口總值(含復出口),1,90
2019-12,39231010,塑膠製箱子、盒子、籃子及類似品，其形狀或適合供運輸或包裝半導體晶圓或網線,南韓,出口總值(含復出口),285,22138
2019-12,39231010,塑膠製箱子、盒子、籃子及類似品，其形狀或適合供運輸或包裝半導體晶圓或網線,約旦,出口總值(含復出口),6,2862
2019-12,39231010,塑膠製箱子、盒子、籃子及類似品，其形狀或適合供運輸或包裝半導體晶圓或網線,美國,出口總值(含復出口),158,47885
2019-12,39231010,塑膠製箱子、盒子、籃子及類似品，其形狀或適合供運輸或包裝半導體晶圓或網線,英國,出口總值(含復出口),109,18064
2019-12,39231010,塑膠製箱子、盒子、籃子及類似品，其形狀或適合供運輸或包裝半導體晶圓或網線,香港,出口總值(含復出口),8,752
2019-12,39231010,塑膠製箱子、盒子、籃子及類似品，其形狀或適合供運輸或包裝半導體晶圓或網線,泰國,出口總值(含復出口),4,130
2019-12,39231010,塑膠製箱子、盒子、籃子及類似品，其形狀或適合供運輸或包裝半導體晶圓或網線,馬來西亞,出口總值(含復出口),117,23649
2019-12,39231010,塑膠製箱子、盒子、籃子及類似品，其形狀或適合供運輸或包裝半導體晶圓或網線,荷蘭,出口總值(含復出口),6,335
2019-12,39231010,塑膠製箱子、盒子、籃子及類似品，其形狀或適合供運輸或包裝半導體晶圓或網線,斐濟,出口總值(含復出口),0,12
2019-12,39231010,塑膠製箱子、盒子、籃子及類似品，其形狀或適合供運輸或包裝半導體晶圓或網線,菲律賓,出口總值(含復出口),2,478
2019-12,39231010,塑膠製箱子、盒子、籃子及類似品，其形狀或適合供運輸或包裝半導體晶圓或網線,越南,出口總值(含復出口),7,1061
2019-12,39231010,塑膠製箱子、盒子、籃子及類似品，其形狀或適合供運輸或包裝半導體晶圓或網線,新加坡,出口總值(含復出口),4,37
2019-12,39231010,塑膠製箱子、盒子、籃子及類似品，其形狀或適合供運輸或包裝半導體晶圓或網線,德國,出口總值(含復出口),70,14515
2019-12,39231010,塑膠製箱子、盒子、籃子及類似品，其形狀或適合供運輸或包裝半導體晶圓或網線,墨西哥,出口總值(含復出口),12,804
2019-12,39231010,塑膠製箱子、盒子、籃子及類似品，其形狀或適合供運輸或包裝半導體晶圓或網線,澳大利亞,出口總值(含復出口),4,702
2019-12,39239090,其他供輸送或包裝貨物之塑膠製品,中國大陸,進口總值(含復進口),7688,1944972
2019-12,39239090,其他供輸送或包裝貨物之塑膠製品,中華民國,進口總值(含復進口),339,117291
2019-12,39239090,其他供輸送或包裝貨物之塑膠製品,巴林,進口總值(含復進口),11,5538
2019-12,39239090,其他供輸送或包裝貨物之塑膠製品,日本,進口總值(含復進口),1718,236951
2019-12,39239090,其他供輸送或包裝貨物之塑膠製品,比利時,進口總值(含復進口),29,4061
2019-12,39239090,其他供輸送或包裝貨物之塑膠製品,匈牙利,進口總值(含復進口),1,16
2019-12,39239090,其他供輸送或包裝貨物之塑膠製品,印尼,進口總值(含復進口),10,1340
2019-12,39239090,其他供輸送或包裝貨物之塑膠製品,法國,進口總值(含復進口),87,9192
2019-12,39239090,其他供輸送或包裝貨物之塑膠製品,南韓,進口總值(含復進口),1335,301534
2019-12,39239090,其他供輸送或包裝貨物之塑膠製品,美國,進口總值(含復進口),478,77515
2019-12,39239090,其他供輸送或包裝貨物之塑膠製品,英國,進口總值(含復進口),67,10650
2019-12,39239090,其他供輸送或包裝貨物之塑膠製品,香港,進口總值(含復進口),2,9387
2019-12,39239090,其他供輸送或包裝貨物之塑膠製品,泰國,進口總值(含復進口),579,110907
2019-12,39239090,其他供輸送或包裝貨物之塑膠製品,馬來西亞,進口總值(含復進口),923,88882
2019-12,39239090,其他供輸送或包裝貨物之塑膠製品,捷克,進口總值(含復進口),3,1746
2019-12,39239090,其他供輸送或包裝貨物之塑膠製品,荷蘭,進口總值(含復進口),10,135
2019-12,39239090,其他供輸送或包裝貨物之塑膠製品,菲律賓,進口總值(含復進口),353,71472
2019-12,39239090,其他供輸送或包裝貨物之塑膠製品,越南,進口總值(含復進口),22,2745
2019-12,39239090,其他供輸送或包裝貨物之塑膠製品,愛爾蘭,進口總值(含復進口),15,49
2019-12,39239090,其他供輸送或包裝貨物之塑膠製品,新加坡,進口總值(含復進口),109,44585
2019-12,39239090,其他供輸送或包裝貨物之塑膠製品,瑞典,進口總值(含復進口),5,2
2019-12,39239090,其他供輸送或包裝貨物之塑膠製品,義大利,進口總值(含復進口),0,122
2019-12,39239090,其他供輸送或包裝貨物之塑膠製品,葡萄牙,進口總值(含復進口),1,98
2019-12,39239090,其他供輸送或包裝貨物之塑膠製品,德國,進口總值(含復進口),123,16889
2019-12,39239090,其他供輸送或包裝貨物之塑膠製品,墨西哥,進口總值(含復進口),0,9
2019-12,39239090,其他供輸送或包裝貨物之塑膠製品,澳大利亞,進口總值(含復進口),33,4320
2019-12,39239090,其他供輸送或包裝貨物之塑膠製品,中國大陸,出口總值(含復出口),3704,1052077
2019-12,39239090,其他供輸送或包裝貨物之塑膠製品,厄瓜多,出口總值(含復出口),2,260
2019-12,39239090,其他供輸送或包裝貨物之塑膠製品,巴西,出口總值(含復出口),173,70322
2019-12,39239090,其他供輸送或包裝貨物之塑膠製品,巴拿馬,出口總值(含復出口),3,504
2019-12,39239090,其他供輸送或包裝貨物之塑膠製品,日本,出口總值(含復出口),776,98520
2019-12,39239090,其他供輸送或包裝貨物之塑膠製品,比利時,出口總值(含復出口),9,1225
2019-12,39239090,其他供輸送或包裝貨物之塑膠製品,以色列,出口總值(含復出口),8,1281
2019-12,39239090,其他供輸送或包裝貨物之塑膠製品,加拿大,出口總值(含復出口),76,15701
2019-12,39239090,其他供輸送或包裝貨物之塑膠製品,卡達,出口總值(含復出口),14,6467
2019-12,39239090,其他供輸送或包裝貨物之塑膠製品,立陶宛,出口總值(含復出口),16,6959
2019-12,39239090,其他供輸送或包裝貨物之塑膠製品,印尼,出口總值(含復出口),71,9311
2019-12,39239090,其他供輸送或包裝貨物之塑膠製品,印度,出口總值(含復出口),111,28729
2019-12,39239090,其他供輸送或包裝貨物之塑膠製品,多明尼加,出口總值(含復出口),6,2540
2019-12,39239090,其他供輸送或包裝貨物之塑膠製品,宏都拉斯,出口總值(含復出口),29,21500
2019-12,39239090,其他供輸送或包裝貨物之塑膠製品,希臘,出口總值(含復出口),11,599
2019-12,39239090,其他供輸送或包裝貨物之塑膠製品,沙烏地阿拉伯,出口總值(含復出口),89,23741
2019-12,39239090,其他供輸送或包裝貨物之塑膠製品,貝里斯,出口總值(含復出口),7,2080
2019-12,39239090,其他供輸送或包裝貨物之塑膠製品,波多黎各,出口總值(含復出口),14,4745
2019-12,39239090,其他供輸送或包裝貨物之塑膠製品,波蘭,出口總值(含復出口),5,146
2019-12,39239090,其他供輸送或包裝貨物之塑膠製品,法國,出口總值(含復出口),77,7462
2019-12,39239090,其他供輸送或包裝貨物之塑膠製品,法屬玻里尼西亞,出口總值(含復出口),5,2029
2019-12,39239090,其他供輸送或包裝貨物之塑膠製品,阿拉伯聯合大公國,出口總值(含復出口),54,24187
2019-12,39239090,其他供輸送或包裝貨物之塑膠製品,俄羅斯,出口總值(含復出口),8,290
2019-12,39239090,其他供輸送或包裝貨物之塑膠製品,南韓,出口總值(含復出口),617,228872
2019-12,39239090,其他供輸送或包裝貨物之塑膠製品,柬埔寨,出口總值(含復出口),0,20
2019-12,39239090,其他供輸送或包裝貨物之塑膠製品,約旦,出口總值(含復出口),20,13000
2019-12,39239090,其他供輸送或包裝貨物之塑膠製品,美國,出口總值(含復出口),2839,1005178
2019-12,39239090,其他供輸送或包裝貨物之塑膠製品,英國,出口總值(含復出口),314,60471
2019-12,39239090,其他供輸送或包裝貨物之塑膠製品,香港,出口總值(含復出口),386,307500
2019-12,39239090,其他供輸送或包裝貨物之塑膠製品,哥倫比亞,出口總值(含復出口),35,2844
2019-12,39239090,其他供輸送或包裝貨物之塑膠製品,泰國,出口總值(含復出口),182,17984
2019-12,39239090,其他供輸送或包裝貨物之塑膠製品,烏拉圭,出口總值(含復出口),1,222
2019-12,39239090,其他供輸送或包裝貨物之塑膠製品,秘魯,出口總值(含復出口),15,4629
2019-12,39239090,其他供輸送或包裝貨物之塑膠製品,紐西蘭,出口總值(含復出口),22,6038
2019-12,39239090,其他供輸送或包裝貨物之塑膠製品,馬來西亞,出口總值(含復出口),186,21936
2019-12,39239090,其他供輸送或包裝貨物之塑膠製品,荷蘭,出口總值(含復出口),310,17319
2019-12,39239090,其他供輸送或包裝貨物之塑膠製品,斯里蘭卡,出口總值(含復出口),4,1340
2019-12,39239090,其他供輸送或包裝貨物之塑膠製品,智利,出口總值(含復出口),13,1949
2019-12,39239090,其他供輸送或包裝貨物之塑膠製品,菲律賓,出口總值(含復出口),236,80014
2019-12,39239090,其他供輸送或包裝貨物之塑膠製品,越南,出口總值(含復出口),221,38561
2019-12,39239090,其他供輸送或包裝貨物之塑膠製品,塞席爾,出口總值(含復出口),15,3332
2019-12,39239090,其他供輸送或包裝貨物之塑膠製品,新加坡,出口總值(含復出口),179,31893
2019-12,39239090,其他供輸送或包裝貨物之塑膠製品,瑞士,出口總值(含復出口),11,390
2019-12,39239090,其他供輸送或包裝貨物之塑膠製品,瑞典,出口總值(含復出口),37,6295
2019-12,39239090,其他供輸送或包裝貨物之塑膠製品,義大利,出口總值(含復出口),498,34105
2019-12,39239090,其他供輸送或包裝貨物之塑膠製品,德國,出口總值(含復出口),156,19528
2019-12,39239090,其他供輸送或包裝貨物之塑膠製品,模里西斯,出口總值(含復出口),20,7444
2019-12,39239090,其他供輸送或包裝貨物之塑膠製品,墨西哥,出口總值(含復出口),104,25453
2019-12,39239090,其他供輸送或包裝貨物之塑膠製品,澳大利亞,出口總值(含復出口),119,45281
2019-12,39239090,其他供輸送或包裝貨物之塑膠製品,澳門,出口總值(含復出口),2,37
2019-12,39239090,其他供輸送或包裝貨物之塑膠製品,賽普勒斯,出口總值(含復出口),2,774
2019-12,39239090,其他供輸送或包裝貨物之塑膠製品,薩爾瓦多,出口總值(含復出口),25,10623
2019-12,39239090,其他供輸送或包裝貨物之塑膠製品,羅馬尼亞,出口總值(含復出口),4,136
2019-12,39269012,電氣絕緣用塑膠製品,中國大陸,進口總值(含復進口),69,2405
2019-12,39269012,電氣絕緣用塑膠製品,中華民國,進口總值(含復進口),10,8
2019-12,39269012,電氣絕緣用塑膠製品,日本,進口總值(含復進口),446,1067
2019-12,39269012,電氣絕緣用塑膠製品,印度,進口總值(含復進口),5,296
2019-12,39269012,電氣絕緣用塑膠製品,西班牙,進口總值(含復進口),1,40
2019-12,39269012,電氣絕緣用塑膠製品,法國,進口總值(含復進口),0,2
2019-12,39269012,電氣絕緣用塑膠製品,南韓,進口總值(含復進口),3,191
2019-12,39269012,電氣絕緣用塑膠製品,美國,進口總值(含復進口),10,93
2019-12,39269012,電氣絕緣用塑膠製品,哥斯大黎加,進口總值(含復進口),12,12
2019-12,39269012,電氣絕緣用塑膠製品,紐西蘭,進口總值(含復進口),0,2
2019-12,39269012,電氣絕緣用塑膠製品,越南,進口總值(含復進口),29,10840
2019-12,39269012,電氣絕緣用塑膠製品,瑞士,進口總值(含復進口),1,0
2019-12,39269012,電氣絕緣用塑膠製品,瑞典,進口總值(含復進口),0,37
2019-12,39269012,電氣絕緣用塑膠製品,德國,進口總值(含復進口),2,3
2019-12,39269012,電氣絕緣用塑膠製品,澳大利亞,進口總值(含復進口),3,45
2019-12,39269012,電氣絕緣用塑膠製品,中國大陸,出口總值(含復出口),261,29073
2019-12,39269012,電氣絕緣用塑膠製品,日本,出口總值(含復出口),162,50000
2019-12,39269012,電氣絕緣用塑膠製品,比利時,出口總值(含復出口),45,11998
2019-12,39269012,電氣絕緣用塑膠製品,以色列,出口總值(含復出口),2,51
2019-12,39269012,電氣絕緣用塑膠製品,加拿大,出口總值(含復出口),112,28236
2019-12,39269012,電氣絕緣用塑膠製品,印尼,出口總值(含復出口),5,253
2019-12,39269012,電氣絕緣用塑膠製品,沙烏地阿拉伯,出口總值(含復出口),34,11290
2019-12,39269012,電氣絕緣用塑膠製品,法國,出口總值(含復出口),37,9410
2019-12,39269012,電氣絕緣用塑膠製品,保加利亞,出口總值(含復出口),3,1198
2019-12,39269012,電氣絕緣用塑膠製品,俄羅斯,出口總值(含復出口),127,37227
2019-12,39269012,電氣絕緣用塑膠製品,南非,出口總值(含復出口),7,4646
2019-12,39269012,電氣絕緣用塑膠製品,南韓,出口總值(含復出口),282,100537
2019-12,39269012,電氣絕緣用塑膠製品,柬埔寨,出口總值(含復出口),6,647
2019-12,39269012,電氣絕緣用塑膠製品,美國,出口總值(含復出口),458,107367
2019-12,39269012,電氣絕緣用塑膠製品,英國,出口總值(含復出口),72,22665
2019-12,39269012,電氣絕緣用塑膠製品,香港,出口總值(含復出口),23,264
2019-12,39269012,電氣絕緣用塑膠製品,埃及,出口總值(含復出口),57,20394
2019-12,39269012,電氣絕緣用塑膠製品,泰國,出口總值(含復出口),5,665
2019-12,39269012,電氣絕緣用塑膠製品,紐西蘭,出口總值(含復出口),2,627
2019-12,39269012,電氣絕緣用塑膠製品,馬來西亞,出口總值(含復出口),6,567
2019-12,39269012,電氣絕緣用塑膠製品,荷蘭,出口總值(含復出口),6,1166
2019-12,39269012,電氣絕緣用塑膠製品,斐濟,出口總值(含復出口),5,2000
2019-12,39269012,電氣絕緣用塑膠製品,菲律賓,出口總值(含復出口),20,13670
2019-12,39269012,電氣絕緣用塑膠製品,越南,出口總值(含復出口),65,25816
2019-12,39269012,電氣絕緣用塑膠製品,新加坡,出口總值(含復出口),10,2
2019-12,39269012,電氣絕緣用塑膠製品,瑞士,出口總值(含復出口),9,1751
2019-12,39269012,電氣絕緣用塑膠製品,瑞典,出口總值(含復出口),16,3429
2019-12,39269012,電氣絕緣用塑膠製品,義大利,出口總值(含復出口),0,4
2019-12,39269012,電氣絕緣用塑膠製品,德國,出口總值(含復出口),57,9982
2019-12,39269012,電氣絕緣用塑膠製品,黎巴嫩,出口總值(含復出口),28,9444
2019-12,39269012,電氣絕緣用塑膠製品,墨西哥,出口總值(含復出口),39,3238
2019-1,39199020,供製造半導體晶圓用之自黏性圓形研磨墊，屬塑膠製品者,中國大陸,進口總值(含復進口),5,44
2019-1,39199020,供製造半導體晶圓用之自黏性圓形研磨墊，屬塑膠製品者,日本,進口總值(含復進口),267,2739
2019-1,39199020,供製造半導體晶圓用之自黏性圓形研磨墊，屬塑膠製品者,南韓,進口總值(含復進口),10,53
2019-1,39199020,供製造半導體晶圓用之自黏性圓形研磨墊，屬塑膠製品者,美國,進口總值(含復進口),1755,6508
2019-1,39199020,供製造半導體晶圓用之自黏性圓形研磨墊，屬塑膠製品者,中國大陸,出口總值(含復出口),8587,18331
2019-1,39199020,供製造半導體晶圓用之自黏性圓形研磨墊，屬塑膠製品者,日本,出口總值(含復出口),163,546
2019-1,39199020,供製造半導體晶圓用之自黏性圓形研磨墊，屬塑膠製品者,南韓,出口總值(含復出口),15201,37916
2019-1,39199020,供製造半導體晶圓用之自黏性圓形研磨墊，屬塑膠製品者,美國,出口總值(含復出口),644,1772
2019-1,39199020,供製造半導體晶圓用之自黏性圓形研磨墊，屬塑膠製品者,馬來西亞,出口總值(含復出口),73,91
2019-1,39199020,供製造半導體晶圓用之自黏性圓形研磨墊，屬塑膠製品者,越南,出口總值(含復出口),2,9
2019-1,39199020,供製造半導體晶圓用之自黏性圓形研磨墊，屬塑膠製品者,新加坡,出口總值(含復出口),1122,2362
2019-1,39201010,聚乙烯塑膠板、片及扁條,中國大陸,進口總值(含復進口),502,236933
2019-1,39201010,聚乙烯塑膠板、片及扁條,中華民國,進口總值(含復進口),0,2160
2019-1,39201010,聚乙烯塑膠板、片及扁條,日本,進口總值(含復進口),236,66230
2019-1,39201010,聚乙烯塑膠板、片及扁條,加拿大,進口總值(含復進口),1,378
2019-1,39201010,聚乙烯塑膠板、片及扁條,印度,進口總值(含復進口),11,3179
2019-1,39201010,聚乙烯塑膠板、片及扁條,南韓,進口總值(含復進口),29,2851
2019-1,39201010,聚乙烯塑膠板、片及扁條,美國,進口總值(含復進口),12,606
2019-1,39201010,聚乙烯塑膠板、片及扁條,泰國,進口總值(含復進口),45,9400
2019-1,39201010,聚乙烯塑膠板、片及扁條,馬來西亞,進口總值(含復進口),27,3524
2019-1,39201010,聚乙烯塑膠板、片及扁條,捷克,進口總值(含復進口),7,840
2019-1,39201010,聚乙烯塑膠板、片及扁條,荷蘭,進口總值(含復進口),7,1879
2019-1,39201010,聚乙烯塑膠板、片及扁條,德國,進口總值(含復進口),117,24697
2019-1,39201010,聚乙烯塑膠板、片及扁條,千里達及托巴哥,出口總值(含復出口),0,8
2019-1,39201010,聚乙烯塑膠板、片及扁條,中國大陸,出口總值(含復出口),217,58476
2019-1,39201010,聚乙烯塑膠板、片及扁條,巴西,出口總值(含復出口),22,9648
2019-1,39201010,聚乙烯塑膠板、片及扁條,日本,出口總值(含復出口),203,45617
2019-1,39201010,聚乙烯塑膠板、片及扁條,加拿大,出口總值(含復出口),13,1493
2019-1,39201010,聚乙烯塑膠板、片及扁條,印尼,出口總值(含復出口),27,72638
2019-1,39201010,聚乙烯塑膠板、片及扁條,印度,出口總值(含復出口),12,816
2019-1,39201010,聚乙烯塑膠板、片及扁條,沙烏地阿拉伯,出口總值(含復出口),6,3000
2019-1,39201010,聚乙烯塑膠板、片及扁條,波蘭,出口總值(含復出口),4,2216
2019-1,39201010,聚乙烯塑膠板、片及扁條,俄羅斯,出口總值(含復出口),2,145
2019-1,39201010,聚乙烯塑膠板、片及扁條,柬埔寨,出口總值(含復出口),18,7702
2019-1,39201010,聚乙烯塑膠板、片及扁條,美國,出口總值(含復出口),264,110727
2019-1,39201010,聚乙烯塑膠板、片及扁條,香港,出口總值(含復出口),62,31082
2019-1,39201010,聚乙烯塑膠板、片及扁條,哥倫比亞,出口總值(含復出口),0,37
2019-1,39201010,聚乙烯塑膠板、片及扁條,泰國,出口總值(含復出口),504,156474
2019-1,39201010,聚乙烯塑膠板、片及扁條,馬來西亞,出口總值(含復出口),147,51426
2019-1,39201010,聚乙烯塑膠板、片及扁條,智利,出口總值(含復出口),5,4056
2019-1,39201010,聚乙烯塑膠板、片及扁條,菲律賓,出口總值(含復出口),201,71719
2019-1,39201010,聚乙烯塑膠板、片及扁條,越南,出口總值(含復出口),25,4902
2019-1,39201010,聚乙烯塑膠板、片及扁條,新加坡,出口總值(含復出口),4,1920
2019-1,39201010,聚乙烯塑膠板、片及扁條,義大利,出口總值(含復出口),4,783
2019-1,39201010,聚乙烯塑膠板、片及扁條,德國,出口總值(含復出口),4,18
2019-1,39202021,電容器用金屬化聚丙烯薄膜，留有未鍍邊，總寬度不超過１００公厘，總厚度在０．０１５公厘以上，０．０２５公厘以下者,中國大陸,進口總值(含復進口),118,4066
2019-1,39202021,電容器用金屬化聚丙烯薄膜，留有未鍍邊，總寬度不超過１００公厘，總厚度在０．０１５公厘以上，０．０２５公厘以下者,土耳其,出口總值(含復出口),3,146
2019-1,39202021,電容器用金屬化聚丙烯薄膜，留有未鍍邊，總寬度不超過１００公厘，總厚度在０．０１５公厘以上，０．０２５公厘以下者,中國大陸,出口總值(含復出口),27,4919
2019-1,39205110,聚甲基丙烯酸甲酯板、片及扁條,中國大陸,進口總值(含復進口),187,22658
2019-1,39205110,聚甲基丙烯酸甲酯板、片及扁條,中華民國,進口總值(含復進口),28,7746
2019-1,39205110,聚甲基丙烯酸甲酯板、片及扁條,日本,進口總值(含復進口),83,19028
2019-1,39205110,聚甲基丙烯酸甲酯板、片及扁條,南韓,進口總值(含復進口),1605,618936
2019-1,39205110,聚甲基丙烯酸甲酯板、片及扁條,美國,進口總值(含復進口),146,35518
2019-1,39205110,聚甲基丙烯酸甲酯板、片及扁條,香港,進口總值(含復進口),13,2000
2019-1,39205110,聚甲基丙烯酸甲酯板、片及扁條,德國,進口總值(含復進口),3,194
2019-1,39205110,聚甲基丙烯酸甲酯板、片及扁條,中國大陸,出口總值(含復出口),8478,2521955
2019-1,39205110,聚甲基丙烯酸甲酯板、片及扁條,巴西,出口總值(含復出口),3,270
2019-1,39205110,聚甲基丙烯酸甲酯板、片及扁條,日本,出口總值(含復出口),625,136872
2019-1,39205110,聚甲基丙烯酸甲酯板、片及扁條,以色列,出口總值(含復出口),31,7972
2019-1,39205110,聚甲基丙烯酸甲酯板、片及扁條,伊朗,出口總值(含復出口),735,200947
2019-1,39205110,聚甲基丙烯酸甲酯板、片及扁條,印度,出口總值(含復出口),86,42970
2019-1,39205110,聚甲基丙烯酸甲酯板、片及扁條,沙烏地阿拉伯,出口總值(含復出口),237,69077
2019-1,39205110,聚甲基丙烯酸甲酯板、片及扁條,其他國家,出口總值(含復出口),0,7
2019-1,39205110,聚甲基丙烯酸甲酯板、片及扁條,奈及利亞,出口總值(含復出口),63,22798
2019-1,39205110,聚甲基丙烯酸甲酯板、片及扁條,波多黎各,出口總值(含復出口),104,28500
2019-1,39205110,聚甲基丙烯酸甲酯板、片及扁條,芬蘭,出口總值(含復出口),53,13790
2019-1,39205110,聚甲基丙烯酸甲酯板、片及扁條,阿拉伯聯合大公國,出口總值(含復出口),659,187394
2019-1,39205110,聚甲基丙烯酸甲酯板、片及扁條,阿曼,出口總值(含復出口),118,33649
2019-1,39205110,聚甲基丙烯酸甲酯板、片及扁條,南非,出口總值(含復出口),104,22644
2019-1,39205110,聚甲基丙烯酸甲酯板、片及扁條,南韓,出口總值(含復出口),3623,990444
2019-1,39205110,聚甲基丙烯酸甲酯板、片及扁條,科威特,出口總值(含復出口),176,51895
2019-1,39205110,聚甲基丙烯酸甲酯板、片及扁條,美國,出口總值(含復出口),2823,732456
2019-1,39205110,聚甲基丙烯酸甲酯板、片及扁條,香港,出口總值(含復出口),190,49404
2019-1,39205110,聚甲基丙烯酸甲酯板、片及扁條,泰國,出口總值(含復出口),7,824
2019-1,39205110,聚甲基丙烯酸甲酯板、片及扁條,海地,出口總值(含復出口),2,40
2019-1,39205110,聚甲基丙烯酸甲酯板、片及扁條,紐西蘭,出口總值(含復出口),51,13243
2019-1,39205110,聚甲基丙烯酸甲酯板、片及扁條,馬來西亞,出口總值(含復出口),65,44382
2019-1,39205110,聚甲基丙烯酸甲酯板、片及扁條,荷蘭,出口總值(含復出口),0,2
2019-1,39205110,聚甲基丙烯酸甲酯板、片及扁條,智利,出口總值(含復出口),10,2352
2019-1,39205110,聚甲基丙烯酸甲酯板、片及扁條,越南,出口總值(含復出口),1910,520089
2019-1,39205110,聚甲基丙烯酸甲酯板、片及扁條,新加坡,出口總值(含復出口),281,79706
2019-1,39205110,聚甲基丙烯酸甲酯板、片及扁條,黎巴嫩,出口總值(含復出口),153,37810
2019-1,39205110,聚甲基丙烯酸甲酯板、片及扁條,墨西哥,出口總值(含復出口),143,39832
2019-1,39205110,聚甲基丙烯酸甲酯板、片及扁條,澳大利亞,出口總值(含復出口),435,118253
2019-1,39206210,聚對苯二甲酸乙二酯製板、片及扁條,中國大陸,進口總值(含復進口),1076,245054
2019-1,39206210,聚對苯二甲酸乙二酯製板、片及扁條,中華民國,進口總值(含復進口),44,1060
2019-1,39206210,聚對苯二甲酸乙二酯製板、片及扁條,日本,進口總值(含復進口),114,1396
2019-1,39206210,聚對苯二甲酸乙二酯製板、片及扁條,南韓,進口總值(含復進口),485,126045
2019-1,39206210,聚對苯二甲酸乙二酯製板、片及扁條,美國,進口總值(含復進口),88,843
2019-1,39206210,聚對苯二甲酸乙二酯製板、片及扁條,泰國,進口總值(含復進口),3,1986
2019-1,39206210,聚對苯二甲酸乙二酯製板、片及扁條,菲律賓,進口總值(含復進口),4,136
2019-1,39206210,聚對苯二甲酸乙二酯製板、片及扁條,千里達及托巴哥,出口總值(含復出口),34,23545
2019-1,39206210,聚對苯二甲酸乙二酯製板、片及扁條,中國大陸,出口總值(含復出口),8213,932604
2019-1,39206210,聚對苯二甲酸乙二酯製板、片及扁條,日本,出口總值(含復出口),1331,723936
2019-1,39206210,聚對苯二甲酸乙二酯製板、片及扁條,加拿大,出口總值(含復出口),179,120117
2019-1,39206210,聚對苯二甲酸乙二酯製板、片及扁條,印度,出口總值(含復出口),94,62468
2019-1,39206210,聚對苯二甲酸乙二酯製板、片及扁條,多明尼加,出口總值(含復出口),24,14974
2019-1,39206210,聚對苯二甲酸乙二酯製板、片及扁條,汶萊,出口總值(含復出口),22,18000
2019-1,39206210,聚對苯二甲酸乙二酯製板、片及扁條,法屬玻里尼西亞,出口總值(含復出口),12,7120
2019-1,39206210,聚對苯二甲酸乙二酯製板、片及扁條,美國,出口總值(含復出口),383,229975
2019-1,39206210,聚對苯二甲酸乙二酯製板、片及扁條,香港,出口總值(含復出口),452,24400
2019-1,39206210,聚對苯二甲酸乙二酯製板、片及扁條,哥斯大黎加,出口總值(含復出口),29,18345
2019-1,39206210,聚對苯二甲酸乙二酯製板、片及扁條,泰國,出口總值(含復出口),33,83593
2019-1,39206210,聚對苯二甲酸乙二酯製板、片及扁條,紐西蘭,出口總值(含復出口),58,43950
2019-1,39206210,聚對苯二甲酸乙二酯製板、片及扁條,馬來西亞,出口總值(含復出口),361,152760
2019-1,39206210,聚對苯二甲酸乙二酯製板、片及扁條,荷蘭,出口總值(含復出口),75,42278
2019-1,39206210,聚對苯二甲酸乙二酯製板、片及扁條,斯里蘭卡,出口總值(含復出口),22,14650
2019-1,39206210,聚對苯二甲酸乙二酯製板、片及扁條,菲律賓,出口總值(含復出口),157,88742
2019-1,39206210,聚對苯二甲酸乙二酯製板、片及扁條,新加坡,出口總值(含復出口),37,16760
2019-1,39206210,聚對苯二甲酸乙二酯製板、片及扁條,德國,出口總值(含復出口),3,222
2019-1,39206210,聚對苯二甲酸乙二酯製板、片及扁條,墨西哥,出口總值(含復出口),670,493281
2019-1,39206210,聚對苯二甲酸乙二酯製板、片及扁條,澳大利亞,出口總值(含復出口),758,506503
2019-1,39209991,其他塑膠板、片及扁條，非多孔性及未經以其他物質加強、積層、支持或與其他物質類似結合者,中國大陸,進口總值(含復進口),595,133460
2019-1,39209991,其他塑膠板、片及扁條，非多孔性及未經以其他物質加強、積層、支持或與其他物質類似結合者,日本,進口總值(含復進口),81,6482
2019-1,39209991,其他塑膠板、片及扁條，非多孔性及未經以其他物質加強、積層、支持或與其他物質類似結合者,比利時,進口總值(含復進口),3,257
2019-1,39209991,其他塑膠板、片及扁條，非多孔性及未經以其他物質加強、積層、支持或與其他物質類似結合者,加拿大,進口總值(含復進口),10,200
2019-1,39209991,其他塑膠板、片及扁條，非多孔性及未經以其他物質加強、積層、支持或與其他物質類似結合者,西班牙,進口總值(含復進口),0,5
2019-1,39209991,其他塑膠板、片及扁條，非多孔性及未經以其他物質加強、積層、支持或與其他物質類似結合者,南韓,進口總值(含復進口),314,89300
2019-1,39209991,其他塑膠板、片及扁條，非多孔性及未經以其他物質加強、積層、支持或與其他物質類似結合者,美國,進口總值(含復進口),613,1663
2019-1,39209991,其他塑膠板、片及扁條，非多孔性及未經以其他物質加強、積層、支持或與其他物質類似結合者,奧地利,進口總值(含復進口),19,641
2019-1,39209991,其他塑膠板、片及扁條，非多孔性及未經以其他物質加強、積層、支持或與其他物質類似結合者,新加坡,進口總值(含復進口),4,973
2019-1,39209991,其他塑膠板、片及扁條，非多孔性及未經以其他物質加強、積層、支持或與其他物質類似結合者,義大利,進口總值(含復進口),11,816
2019-1,39209991,其他塑膠板、片及扁條，非多孔性及未經以其他物質加強、積層、支持或與其他物質類似結合者,德國,進口總值(含復進口),25,1056
2019-1,39209991,其他塑膠板、片及扁條，非多孔性及未經以其他物質加強、積層、支持或與其他物質類似結合者,中國大陸,出口總值(含復出口),2057,224828
2019-1,39209991,其他塑膠板、片及扁條，非多孔性及未經以其他物質加強、積層、支持或與其他物質類似結合者,日本,出口總值(含復出口),82,1002
2019-1,39209991,其他塑膠板、片及扁條，非多孔性及未經以其他物質加強、積層、支持或與其他物質類似結合者,比利時,出口總值(含復出口),2,48
2019-1,39209991,其他塑膠板、片及扁條，非多孔性及未經以其他物質加強、積層、支持或與其他物質類似結合者,加拿大,出口總值(含復出口),21,15708
2019-1,39209991,其他塑膠板、片及扁條，非多孔性及未經以其他物質加強、積層、支持或與其他物質類似結合者,印尼,出口總值(含復出口),119,13163
2019-1,39209991,其他塑膠板、片及扁條，非多孔性及未經以其他物質加強、積層、支持或與其他物質類似結合者,印度,出口總值(含復出口),2,48
2019-1,39209991,其他塑膠板、片及扁條，非多孔性及未經以其他物質加強、積層、支持或與其他物質類似結合者,孟加拉,出口總值(含復出口),3,78
2019-1,39209991,其他塑膠板、片及扁條，非多孔性及未經以其他物質加強、積層、支持或與其他物質類似結合者,美國,出口總值(含復出口),321,23792
2019-1,39209991,其他塑膠板、片及扁條，非多孔性及未經以其他物質加強、積層、支持或與其他物質類似結合者,英國,出口總值(含復出口),5,128
2019-1,39209991,其他塑膠板、片及扁條，非多孔性及未經以其他物質加強、積層、支持或與其他物質類似結合者,香港,出口總值(含復出口),49,3344
2019-1,39209991,其他塑膠板、片及扁條，非多孔性及未經以其他物質加強、積層、支持或與其他物質類似結合者,泰國,出口總值(含復出口),2,73
2019-1,39209991,其他塑膠板、片及扁條，非多孔性及未經以其他物質加強、積層、支持或與其他物質類似結合者,秘魯,出口總值(含復出口),11,266
2019-1,39209991,其他塑膠板、片及扁條，非多孔性及未經以其他物質加強、積層、支持或與其他物質類似結合者,紐西蘭,出口總值(含復出口),0,8
2019-1,39209991,其他塑膠板、片及扁條，非多孔性及未經以其他物質加強、積層、支持或與其他物質類似結合者,馬來西亞,出口總值(含復出口),31,12297
2019-1,39209991,其他塑膠板、片及扁條，非多孔性及未經以其他物質加強、積層、支持或與其他物質類似結合者,菲律賓,出口總值(含復出口),67,11334
2019-1,39209991,其他塑膠板、片及扁條，非多孔性及未經以其他物質加強、積層、支持或與其他物質類似結合者,越南,出口總值(含復出口),51,20137
2019-1,39209991,其他塑膠板、片及扁條，非多孔性及未經以其他物質加強、積層、支持或與其他物質類似結合者,愛爾蘭,出口總值(含復出口),0,0
2019-1,39209991,其他塑膠板、片及扁條，非多孔性及未經以其他物質加強、積層、支持或與其他物質類似結合者,新加坡,出口總值(含復出口),7,831
2019-1,39209991,其他塑膠板、片及扁條，非多孔性及未經以其他物質加強、積層、支持或與其他物質類似結合者,義大利,出口總值(含復出口),48,20000
2019-1,39209991,其他塑膠板、片及扁條，非多孔性及未經以其他物質加強、積層、支持或與其他物質類似結合者,德國,出口總值(含復出口),3,57
2019-2,39199020,供製造半導體晶圓用之自黏性圓形研磨墊，屬塑膠製品者,中國大陸,進口總值(含復進口),2,6
2019-2,39199020,供製造半導體晶圓用之自黏性圓形研磨墊，屬塑膠製品者,日本,進口總值(含復進口),227,1515
2019-2,39199020,供製造半導體晶圓用之自黏性圓形研磨墊，屬塑膠製品者,南韓,進口總值(含復進口),6,41
2019-2,39199020,供製造半導體晶圓用之自黏性圓形研磨墊，屬塑膠製品者,美國,進口總值(含復進口),857,2373
2019-2,39199020,供製造半導體晶圓用之自黏性圓形研磨墊，屬塑膠製品者,中國大陸,出口總值(含復出口),5802,12412
2019-2,39199020,供製造半導體晶圓用之自黏性圓形研磨墊，屬塑膠製品者,日本,出口總值(含復出口),152,497
2019-2,39199020,供製造半導體晶圓用之自黏性圓形研磨墊，屬塑膠製品者,南韓,出口總值(含復出口),14856,37993
2019-2,39199020,供製造半導體晶圓用之自黏性圓形研磨墊，屬塑膠製品者,美國,出口總值(含復出口),589,1698
2019-2,39199020,供製造半導體晶圓用之自黏性圓形研磨墊，屬塑膠製品者,馬來西亞,出口總值(含復出口),215,213
2019-2,39199020,供製造半導體晶圓用之自黏性圓形研磨墊，屬塑膠製品者,越南,出口總值(含復出口),1,2
2019-2,39199020,供製造半導體晶圓用之自黏性圓形研磨墊，屬塑膠製品者,新加坡,出口總值(含復出口),1380,2961
2019-2,39201010,聚乙烯塑膠板、片及扁條,中國大陸,進口總值(含復進口),354,131642
2019-2,39201010,聚乙烯塑膠板、片及扁條,中華民國,進口總值(含復進口),2,7209
2019-2,39201010,聚乙烯塑膠板、片及扁條,日本,進口總值(含復進口),251,46860
2019-2,39201010,聚乙烯塑膠板、片及扁條,印度,進口總值(含復進口),9,2384
2019-2,39201010,聚乙烯塑膠板、片及扁條,南韓,進口總值(含復進口),11,1538
2019-2,39201010,聚乙烯塑膠板、片及扁條,美國,進口總值(含復進口),47,2298
2019-2,39201010,聚乙烯塑膠板、片及扁條,泰國,進口總值(含復進口),30,5038
2019-2,39201010,聚乙烯塑膠板、片及扁條,荷蘭,進口總值(含復進口),0,4
2019-2,39201010,聚乙烯塑膠板、片及扁條,奧地利,進口總值(含復進口),23,4500
2019-2,39201010,聚乙烯塑膠板、片及扁條,新加坡,進口總值(含復進口),1,64
2019-2,39201010,聚乙烯塑膠板、片及扁條,義大利,進口總值(含復進口),11,5403
2019-2,39201010,聚乙烯塑膠板、片及扁條,德國,進口總值(含復進口),110,19368
2019-2,39201010,聚乙烯塑膠板、片及扁條,中國大陸,出口總值(含復出口),38,3048
2019-2,39201010,聚乙烯塑膠板、片及扁條,巴林,出口總值(含復出口),4,415
2019-2,39201010,聚乙烯塑膠板、片及扁條,巴基斯坦,出口總值(含復出口),13,12770
2019-2,39201010,聚乙烯塑膠板、片及扁條,日本,出口總值(含復出口),229,46259
2019-2,39201010,聚乙烯塑膠板、片及扁條,波蘭,出口總值(含復出口),3,35
2019-2,39201010,聚乙烯塑膠板、片及扁條,柬埔寨,出口總值(含復出口),12,3616
2019-2,39201010,聚乙烯塑膠板、片及扁條,美國,出口總值(含復出口),121,53617
2019-2,39201010,聚乙烯塑膠板、片及扁條,英國,出口總值(含復出口),2,56
2019-2,39201010,聚乙烯塑膠板、片及扁條,香港,出口總值(含復出口),80,37766
2019-2,39201010,聚乙烯塑膠板、片及扁條,哥倫比亞,出口總值(含復出口),0,92
2019-2,39201010,聚乙烯塑膠板、片及扁條,泰國,出口總值(含復出口),209,47909
2019-2,39201010,聚乙烯塑膠板、片及扁條,紐西蘭,出口總值(含復出口),5,792
2019-2,39201010,聚乙烯塑膠板、片及扁條,馬來西亞,出口總值(含復出口),76,25062
2019-2,39201010,聚乙烯塑膠板、片及扁條,荷蘭,出口總值(含復出口),0,0
2019-2,39201010,聚乙烯塑膠板、片及扁條,菲律賓,出口總值(含復出口),93,19721
2019-2,39201010,聚乙烯塑膠板、片及扁條,越南,出口總值(含復出口),14,2002
2019-2,39201010,聚乙烯塑膠板、片及扁條,新加坡,出口總值(含復出口),32,16422
2019-2,39201010,聚乙烯塑膠板、片及扁條,德國,出口總值(含復出口),4,15
2019-2,39201010,聚乙烯塑膠板、片及扁條,墨西哥,出口總值(含復出口),28,1176
2019-2,39202021,電容器用金屬化聚丙烯薄膜，留有未鍍邊，總寬度不超過１００公厘，總厚度在０．０１５公厘以上，０．０２５公厘以下者,土耳其,出口總值(含復出口),4,171
2019-2,39205110,聚甲基丙烯酸甲酯板、片及扁條,中國大陸,進口總值(含復進口),75,2986
2019-2,39205110,聚甲基丙烯酸甲酯板、片及扁條,日本,進口總值(含復進口),48,3973
2019-2,39205110,聚甲基丙烯酸甲酯板、片及扁條,南韓,進口總值(含復進口),431,166847
2019-2,39205110,聚甲基丙烯酸甲酯板、片及扁條,瑞士,進口總值(含復進口),0,7
2019-2,39205110,聚甲基丙烯酸甲酯板、片及扁條,德國,進口總值(含復進口),12,650
2019-2,39205110,聚甲基丙烯酸甲酯板、片及扁條,中國大陸,出口總值(含復出口),5699,1682550
2019-2,39205110,聚甲基丙烯酸甲酯板、片及扁條,巴西,出口總值(含復出口),81,24303
2019-2,39205110,聚甲基丙烯酸甲酯板、片及扁條,日本,出口總值(含復出口),249,58164
2019-2,39205110,聚甲基丙烯酸甲酯板、片及扁條,加拿大,出口總值(含復出口),2,300
2019-2,39205110,聚甲基丙烯酸甲酯板、片及扁條,卡達,出口總值(含復出口),133,40604
2019-2,39205110,聚甲基丙烯酸甲酯板、片及扁條,伊朗,出口總值(含復出口),175,42000
2019-2,39205110,聚甲基丙烯酸甲酯板、片及扁條,印度,出口總值(含復出口),72,41108
2019-2,39205110,聚甲基丙烯酸甲酯板、片及扁條,沙烏地阿拉伯,出口總值(含復出口),247,73539
2019-2,39205110,聚甲基丙烯酸甲酯板、片及扁條,其他國家,出口總值(含復出口),0,5
2019-2,39205110,聚甲基丙烯酸甲酯板、片及扁條,奈及利亞,出口總值(含復出口),64,23061
2019-2,39205110,聚甲基丙烯酸甲酯板、片及扁條,肯亞,出口總值(含復出口),35,10128
2019-2,39205110,聚甲基丙烯酸甲酯板、片及扁條,芬蘭,出口總值(含復出口),107,28555
2019-2,39205110,聚甲基丙烯酸甲酯板、片及扁條,阿拉伯聯合大公國,出口總值(含復出口),440,132714
2019-2,39205110,聚甲基丙烯酸甲酯板、片及扁條,阿曼,出口總值(含復出口),55,16999
2019-2,39205110,聚甲基丙烯酸甲酯板、片及扁條,南非,出口總值(含復出口),204,44565
2019-2,39205110,聚甲基丙烯酸甲酯板、片及扁條,南韓,出口總值(含復出口),1939,529637
2019-2,39205110,聚甲基丙烯酸甲酯板、片及扁條,科威特,出口總值(含復出口),74,21539
2019-2,39205110,聚甲基丙烯酸甲酯板、片及扁條,美國,出口總值(含復出口),1363,374047
2019-2,39205110,聚甲基丙烯酸甲酯板、片及扁條,英國,出口總值(含復出口),24,4921
2019-2,39205110,聚甲基丙烯酸甲酯板、片及扁條,香港,出口總值(含復出口),473,132083
2019-2,39205110,聚甲基丙烯酸甲酯板、片及扁條,哥斯大黎加,出口總值(含復出口),8,1652
2019-2,39205110,聚甲基丙烯酸甲酯板、片及扁條,泰國,出口總值(含復出口),2,208
2019-2,39205110,聚甲基丙烯酸甲酯板、片及扁條,馬來西亞,出口總值(含復出口),57,28189
2019-2,39205110,聚甲基丙烯酸甲酯板、片及扁條,捷克,出口總值(含復出口),11,2133
2019-2,39205110,聚甲基丙烯酸甲酯板、片及扁條,菲律賓,出口總值(含復出口),57,21776
2019-2,39205110,聚甲基丙烯酸甲酯板、片及扁條,越南,出口總值(含復出口),1536,420651
2019-2,39205110,聚甲基丙烯酸甲酯板、片及扁條,新加坡,出口總值(含復出口),193,54765
2019-2,39205110,聚甲基丙烯酸甲酯板、片及扁條,德國,出口總值(含復出口),10,1425
2019-2,39205110,聚甲基丙烯酸甲酯板、片及扁條,薩爾瓦多,出口總值(含復出口),58,15373
2019-2,39206210,聚對苯二甲酸乙二酯製板、片及扁條,中國大陸,進口總值(含復進口),290,80831
2019-2,39206210,聚對苯二甲酸乙二酯製板、片及扁條,中華民國,進口總值(含復進口),131,21137
2019-2,39206210,聚對苯二甲酸乙二酯製板、片及扁條,日本,進口總值(含復進口),49,789
2019-2,39206210,聚對苯二甲酸乙二酯製板、片及扁條,波蘭,進口總值(含復進口),0,49
2019-2,39206210,聚對苯二甲酸乙二酯製板、片及扁條,南韓,進口總值(含復進口),225,62849
2019-2,39206210,聚對苯二甲酸乙二酯製板、片及扁條,美國,進口總值(含復進口),88,817
2019-2,39206210,聚對苯二甲酸乙二酯製板、片及扁條,泰國,進口總值(含復進口),28,19604
2019-2,39206210,聚對苯二甲酸乙二酯製板、片及扁條,德國,進口總值(含復進口),0,74
2019-2,39206210,聚對苯二甲酸乙二酯製板、片及扁條,千里達及托巴哥,出口總值(含復出口),32,23328
2019-2,39206210,聚對苯二甲酸乙二酯製板、片及扁條,中國大陸,出口總值(含復出口),5263,744411
2019-2,39206210,聚對苯二甲酸乙二酯製板、片及扁條,日本,出口總值(含復出口),947,598782
2019-2,39206210,聚對苯二甲酸乙二酯製板、片及扁條,加拿大,出口總值(含復出口),128,80058
2019-2,39206210,聚對苯二甲酸乙二酯製板、片及扁條,伊朗,出口總值(含復出口),8,690
2019-2,39206210,聚對苯二甲酸乙二酯製板、片及扁條,印尼,出口總值(含復出口),24,14625
2019-2,39206210,聚對苯二甲酸乙二酯製板、片及扁條,印度,出口總值(含復出口),229,157068
2019-2,39206210,聚對苯二甲酸乙二酯製板、片及扁條,多明尼加,出口總值(含復出口),22,14000
2019-2,39206210,聚對苯二甲酸乙二酯製板、片及扁條,美國,出口總值(含復出口),274,148718
2019-2,39206210,聚對苯二甲酸乙二酯製板、片及扁條,英國,出口總值(含復出口),1,75
2019-2,39206210,聚對苯二甲酸乙二酯製板、片及扁條,香港,出口總值(含復出口),384,31787
2019-2,39206210,聚對苯二甲酸乙二酯製板、片及扁條,泰國,出口總值(含復出口),11,5000
2019-2,39206210,聚對苯二甲酸乙二酯製板、片及扁條,紐西蘭,出口總值(含復出口),29,17640
2019-2,39206210,聚對苯二甲酸乙二酯製板、片及扁條,馬來西亞,出口總值(含復出口),400,173072
2019-2,39206210,聚對苯二甲酸乙二酯製板、片及扁條,荷蘭,出口總值(含復出口),27,20539
2019-2,39206210,聚對苯二甲酸乙二酯製板、片及扁條,斯里蘭卡,出口總值(含復出口),23,14050
2019-2,39206210,聚對苯二甲酸乙二酯製板、片及扁條,菲律賓,出口總值(含復出口),283,150953
2019-2,39206210,聚對苯二甲酸乙二酯製板、片及扁條,越南,出口總值(含復出口),56,25666
2019-2,39206210,聚對苯二甲酸乙二酯製板、片及扁條,新加坡,出口總值(含復出口),40,16850
2019-2,39206210,聚對苯二甲酸乙二酯製板、片及扁條,墨西哥,出口總值(含復出口),384,295085
2019-2,39206210,聚對苯二甲酸乙二酯製板、片及扁條,澳大利亞,出口總值(含復出口),556,400464
2019-2,39209991,其他塑膠板、片及扁條，非多孔性及未經以其他物質加強、積層、支持或與其他物質類似結合者,中國大陸,進口總值(含復進口),278,64768
2019-2,39209991,其他塑膠板、片及扁條，非多孔性及未經以其他物質加強、積層、支持或與其他物質類似結合者,日本,進口總值(含復進口),23,3246
2019-2,39209991,其他塑膠板、片及扁條，非多孔性及未經以其他物質加強、積層、支持或與其他物質類似結合者,南韓,進口總值(含復進口),256,76333
2019-2,39209991,其他塑膠板、片及扁條，非多孔性及未經以其他物質加強、積層、支持或與其他物質類似結合者,美國,進口總值(含復進口),424,582
2019-2,39209991,其他塑膠板、片及扁條，非多孔性及未經以其他物質加強、積層、支持或與其他物質類似結合者,英國,進口總值(含復進口),14,2
2019-2,39209991,其他塑膠板、片及扁條，非多孔性及未經以其他物質加強、積層、支持或與其他物質類似結合者,奧地利,進口總值(含復進口),72,59
2019-2,39209991,其他塑膠板、片及扁條，非多孔性及未經以其他物質加強、積層、支持或與其他物質類似結合者,德國,進口總值(含復進口),37,410
2019-2,39209991,其他塑膠板、片及扁條，非多孔性及未經以其他物質加強、積層、支持或與其他物質類似結合者,中國大陸,出口總值(含復出口),1597,172329
2019-2,39209991,其他塑膠板、片及扁條，非多孔性及未經以其他物質加強、積層、支持或與其他物質類似結合者,日本,出口總值(含復出口),68,825
2019-2,39209991,其他塑膠板、片及扁條，非多孔性及未經以其他物質加強、積層、支持或與其他物質類似結合者,加拿大,出口總值(含復出口),42,16632
2019-2,39209991,其他塑膠板、片及扁條，非多孔性及未經以其他物質加強、積層、支持或與其他物質類似結合者,南韓,出口總值(含復出口),2,449
2019-2,39209991,其他塑膠板、片及扁條，非多孔性及未經以其他物質加強、積層、支持或與其他物質類似結合者,科威特,出口總值(含復出口),187,45700
2019-2,39209991,其他塑膠板、片及扁條，非多孔性及未經以其他物質加強、積層、支持或與其他物質類似結合者,美國,出口總值(含復出口),373,6030
2019-2,39209991,其他塑膠板、片及扁條，非多孔性及未經以其他物質加強、積層、支持或與其他物質類似結合者,香港,出口總值(含復出口),42,4816
2019-2,39209991,其他塑膠板、片及扁條，非多孔性及未經以其他物質加強、積層、支持或與其他物質類似結合者,泰國,出口總值(含復出口),2,66
2019-2,39209991,其他塑膠板、片及扁條，非多孔性及未經以其他物質加強、積層、支持或與其他物質類似結合者,馬來西亞,出口總值(含復出口),38,14635
2019-2,39209991,其他塑膠板、片及扁條，非多孔性及未經以其他物質加強、積層、支持或與其他物質類似結合者,越南,出口總值(含復出口),8,321
2019-2,39209991,其他塑膠板、片及扁條，非多孔性及未經以其他物質加強、積層、支持或與其他物質類似結合者,德國,出口總值(含復出口),6,1436
2019-2,39209991,其他塑膠板、片及扁條，非多孔性及未經以其他物質加強、積層、支持或與其他物質類似結合者,緬甸,出口總值(含復出口),3,600
2019-2,39209991,其他塑膠板、片及扁條，非多孔性及未經以其他物質加強、積層、支持或與其他物質類似結合者,黎巴嫩,出口總值(含復出口),0,7
2019-2,39209991,其他塑膠板、片及扁條，非多孔性及未經以其他物質加強、積層、支持或與其他物質類似結合者,賴索托,出口總值(含復出口),2,185
2019-3,39199020,供製造半導體晶圓用之自黏性圓形研磨墊，屬塑膠製品者,中國大陸,進口總值(含復進口),9,38
2019-3,39199020,供製造半導體晶圓用之自黏性圓形研磨墊，屬塑膠製品者,日本,進口總值(含復進口),203,1881
2019-3,39199020,供製造半導體晶圓用之自黏性圓形研磨墊，屬塑膠製品者,南韓,進口總值(含復進口),3,57
2019-3,39199020,供製造半導體晶圓用之自黏性圓形研磨墊，屬塑膠製品者,美國,進口總值(含復進口),1057,3627
2019-3,39199020,供製造半導體晶圓用之自黏性圓形研磨墊，屬塑膠製品者,德國,進口總值(含復進口),0,2
2019-3,39199020,供製造半導體晶圓用之自黏性圓形研磨墊，屬塑膠製品者,中國大陸,出口總值(含復出口),4912,10549
2019-3,39199020,供製造半導體晶圓用之自黏性圓形研磨墊，屬塑膠製品者,日本,出口總值(含復出口),397,1468
2019-3,39199020,供製造半導體晶圓用之自黏性圓形研磨墊，屬塑膠製品者,俄羅斯,出口總值(含復出口),1,9
2019-3,39199020,供製造半導體晶圓用之自黏性圓形研磨墊，屬塑膠製品者,南韓,出口總值(含復出口),14453,36331
2019-3,39199020,供製造半導體晶圓用之自黏性圓形研磨墊，屬塑膠製品者,美國,出口總值(含復出口),1172,3288
2019-3,39199020,供製造半導體晶圓用之自黏性圓形研磨墊，屬塑膠製品者,馬來西亞,出口總值(含復出口),205,191
2019-3,39199020,供製造半導體晶圓用之自黏性圓形研磨墊，屬塑膠製品者,新加坡,出口總值(含復出口),1499,3151
2019-3,39199020,供製造半導體晶圓用之自黏性圓形研磨墊，屬塑膠製品者,德國,出口總值(含復出口),4,4
2019-3,39201010,聚乙烯塑膠板、片及扁條,中國大陸,進口總值(含復進口),566,210683
2019-3,39201010,聚乙烯塑膠板、片及扁條,中華民國,進口總值(含復進口),6,10388
2019-3,39201010,聚乙烯塑膠板、片及扁條,日本,進口總值(含復進口),269,109615
2019-3,39201010,聚乙烯塑膠板、片及扁條,印度,進口總值(含復進口),5,1272
2019-3,39201010,聚乙烯塑膠板、片及扁條,西班牙,進口總值(含復進口),14,11739
2019-3,39201010,聚乙烯塑膠板、片及扁條,希臘,進口總值(含復進口),69,22709
2019-3,39201010,聚乙烯塑膠板、片及扁條,南韓,進口總值(含復進口),12,2512
2019-3,39201010,聚乙烯塑膠板、片及扁條,美國,進口總值(含復進口),32,2219
2019-3,39201010,聚乙烯塑膠板、片及扁條,泰國,進口總值(含復進口),33,6200
2019-3,39201010,聚乙烯塑膠板、片及扁條,馬來西亞,進口總值(含復進口),17,10096
2019-3,39201010,聚乙烯塑膠板、片及扁條,菲律賓,進口總值(含復進口),0,246
2019-3,39201010,聚乙烯塑膠板、片及扁條,越南,進口總值(含復進口),0,50
2019-3,39201010,聚乙烯塑膠板、片及扁條,瑞典,進口總值(含復進口),11,377
2019-3,39201010,聚乙烯塑膠板、片及扁條,德國,進口總值(含復進口),72,12217
2019-3,39201010,聚乙烯塑膠板、片及扁條,中國大陸,出口總值(含復出口),133,46313
2019-3,39201010,聚乙烯塑膠板、片及扁條,丹麥,出口總值(含復出口),2,3
2019-3,39201010,聚乙烯塑膠板、片及扁條,巴布亞紐幾內亞,出口總值(含復出口),3,2072
2019-3,39201010,聚乙烯塑膠板、片及扁條,日本,出口總值(含復出口),374,109512
2019-3,39201010,聚乙烯塑膠板、片及扁條,牙買加,出口總值(含復出口),14,4463
2019-3,39201010,聚乙烯塑膠板、片及扁條,北馬里亞納群島,出口總值(含復出口),2,426
2019-3,39201010,聚乙烯塑膠板、片及扁條,印尼,出口總值(含復出口),44,59118
2019-3,39201010,聚乙烯塑膠板、片及扁條,印度,出口總值(含復出口),83,25984
2019-3,39201010,聚乙烯塑膠板、片及扁條,奈及利亞,出口總值(含復出口),44,26400
2019-3,39201010,聚乙烯塑膠板、片及扁條,孟加拉,出口總值(含復出口),25,13500
2019-3,39201010,聚乙烯塑膠板、片及扁條,波蘭,出口總值(含復出口),6,45
2019-3,39201010,聚乙烯塑膠板、片及扁條,俄羅斯,出口總值(含復出口),2,120
2019-3,39201010,聚乙烯塑膠板、片及扁條,柬埔寨,出口總值(含復出口),18,3528
2019-3,39201010,聚乙烯塑膠板、片及扁條,美國,出口總值(含復出口),169,71937
2019-3,39201010,聚乙烯塑膠板、片及扁條,香港,出口總值(含復出口),50,30054
2019-3,39201010,聚乙烯塑膠板、片及扁條,泰國,出口總值(含復出口),435,128000
2019-3,39201010,聚乙烯塑膠板、片及扁條,烏克蘭,出口總值(含復出口),0,20
2019-3,39201010,聚乙烯塑膠板、片及扁條,馬來西亞,出口總值(含復出口),143,51593
2019-3,39201010,聚乙烯塑膠板、片及扁條,荷蘭,出口總值(含復出口),2,64
2019-3,39201010,聚乙烯塑膠板、片及扁條,菲律賓,出口總值(含復出口),60,14900
2019-3,39201010,聚乙烯塑膠板、片及扁條,越南,出口總值(含復出口),131,48179
2019-3,39201010,聚乙烯塑膠板、片及扁條,新加坡,出口總值(含復出口),12,5852
2019-3,39201010,聚乙烯塑膠板、片及扁條,德國,出口總值(含復出口),2,9
2019-3,39201010,聚乙烯塑膠板、片及扁條,墨西哥,出口總值(含復出口),2,5
2019-3,39201010,聚乙烯塑膠板、片及扁條,澳大利亞,出口總值(含復出口),17,1199
2019-3,39202021,電容器用金屬化聚丙烯薄膜，留有未鍍邊，總寬度不超過１００公厘，總厚度在０．０１５公厘以上，０．０２５公厘以下者,中國大陸,進口總值(含復進口),55,2055
2019-3,39202021,電容器用金屬化聚丙烯薄膜，留有未鍍邊，總寬度不超過１００公厘，總厚度在０．０１５公厘以上，０．０２５公厘以下者,南韓,進口總值(含復進口),2,725
2019-3,39202021,電容器用金屬化聚丙烯薄膜，留有未鍍邊，總寬度不超過１００公厘，總厚度在０．０１５公厘以上，０．０２５公厘以下者,英國,進口總值(含復進口),0,0
2019-3,39202021,電容器用金屬化聚丙烯薄膜，留有未鍍邊，總寬度不超過１００公厘，總厚度在０．０１５公厘以上，０．０２５公厘以下者,德國,進口總值(含復進口),9,375
2019-3,39202021,電容器用金屬化聚丙烯薄膜，留有未鍍邊，總寬度不超過１００公厘，總厚度在０．０１５公厘以上，０．０２５公厘以下者,土耳其,出口總值(含復出口),9,465
2019-3,39202021,電容器用金屬化聚丙烯薄膜，留有未鍍邊，總寬度不超過１００公厘，總厚度在０．０１５公厘以上，０．０２５公厘以下者,中國大陸,出口總值(含復出口),14,5722
2019-3,39202021,電容器用金屬化聚丙烯薄膜，留有未鍍邊，總寬度不超過１００公厘，總厚度在０．０１５公厘以上，０．０２５公厘以下者,越南,出口總值(含復出口),35,16754
2019-3,39205110,聚甲基丙烯酸甲酯板、片及扁條,中國大陸,進口總值(含復進口),147,46320
2019-3,39205110,聚甲基丙烯酸甲酯板、片及扁條,中華民國,進口總值(含復進口),1,425
2019-3,39205110,聚甲基丙烯酸甲酯板、片及扁條,日本,進口總值(含復進口),251,53374
2019-3,39205110,聚甲基丙烯酸甲酯板、片及扁條,南韓,進口總值(含復進口),1453,554716
2019-3,39205110,聚甲基丙烯酸甲酯板、片及扁條,美國,進口總值(含復進口),182,35437
2019-3,39205110,聚甲基丙烯酸甲酯板、片及扁條,泰國,進口總值(含復進口),27,12763
2019-3,39205110,聚甲基丙烯酸甲酯板、片及扁條,越南,進口總值(含復進口),91,23095
2019-3,39205110,聚甲基丙烯酸甲酯板、片及扁條,德國,進口總值(含復進口),1,97
2019-3,39205110,聚甲基丙烯酸甲酯板、片及扁條,中國大陸,出口總值(含復出口),8630,2569604
2019-3,39205110,聚甲基丙烯酸甲酯板、片及扁條,厄瓜多,出口總值(含復出口),12,3598
2019-3,39205110,聚甲基丙烯酸甲酯板、片及扁條,巴西,出口總值(含復出口),176,50768
2019-3,39205110,聚甲基丙烯酸甲酯板、片及扁條,日本,出口總值(含復出口),410,73740
2019-3,39205110,聚甲基丙烯酸甲酯板、片及扁條,以色列,出口總值(含復出口),26,7141
2019-3,39205110,聚甲基丙烯酸甲酯板、片及扁條,加拿大,出口總值(含復出口),10,4113
2019-3,39205110,聚甲基丙烯酸甲酯板、片及扁條,卡達,出口總值(含復出口),205,63252
2019-3,39205110,聚甲基丙烯酸甲酯板、片及扁條,伊朗,出口總值(含復出口),270,75744
2019-3,39205110,聚甲基丙烯酸甲酯板、片及扁條,印尼,出口總值(含復出口),7,2912
2019-3,39205110,聚甲基丙烯酸甲酯板、片及扁條,印度,出口總值(含復出口),229,132821
2019-3,39205110,聚甲基丙烯酸甲酯板、片及扁條,多明尼加,出口總值(含復出口),60,17149
2019-3,39205110,聚甲基丙烯酸甲酯板、片及扁條,沙烏地阿拉伯,出口總值(含復出口),317,95425
2019-3,39205110,聚甲基丙烯酸甲酯板、片及扁條,貝南,出口總值(含復出口),34,12017
2019-3,39205110,聚甲基丙烯酸甲酯板、片及扁條,坦尚尼亞,出口總值(含復出口),27,7947
2019-3,39205110,聚甲基丙烯酸甲酯板、片及扁條,奈及利亞,出口總值(含復出口),123,46792
2019-3,39205110,聚甲基丙烯酸甲酯板、片及扁條,芬蘭,出口總值(含復出口),52,13920
2019-3,39205110,聚甲基丙烯酸甲酯板、片及扁條,阿拉伯聯合大公國,出口總值(含復出口),982,302252
2019-3,39205110,聚甲基丙烯酸甲酯板、片及扁條,阿曼,出口總值(含復出口),54,16423
2019-3,39205110,聚甲基丙烯酸甲酯板、片及扁條,南韓,出口總值(含復出口),1135,322513
2019-3,39205110,聚甲基丙烯酸甲酯板、片及扁條,科威特,出口總值(含復出口),141,37625
2019-3,39205110,聚甲基丙烯酸甲酯板、片及扁條,美國,出口總值(含復出口),1536,422976
2019-3,39205110,聚甲基丙烯酸甲酯板、片及扁條,美屬薩摩亞,出口總值(含復出口),0,5
2019-3,39205110,聚甲基丙烯酸甲酯板、片及扁條,香港,出口總值(含復出口),359,104711
2019-3,39205110,聚甲基丙烯酸甲酯板、片及扁條,馬來西亞,出口總值(含復出口),60,43933
2019-3,39205110,聚甲基丙烯酸甲酯板、片及扁條,敘利亞,出口總值(含復出口),61,16472
2019-3,39205110,聚甲基丙烯酸甲酯板、片及扁條,喬治亞,出口總值(含復出口),86,22418
2019-3,39205110,聚甲基丙烯酸甲酯板、片及扁條,越南,出口總值(含復出口),2241,639763
2019-3,39205110,聚甲基丙烯酸甲酯板、片及扁條,新加坡,出口總值(含復出口),340,103436
2019-3,39205110,聚甲基丙烯酸甲酯板、片及扁條,黎巴嫩,出口總值(含復出口),145,47122
2019-3,39205110,聚甲基丙烯酸甲酯板、片及扁條,澳大利亞,出口總值(含復出口),197,60910
2019-3,39205110,聚甲基丙烯酸甲酯板、片及扁條,薩爾瓦多,出口總值(含復出口),21,6112
2019-3,39206210,聚對苯二甲酸乙二酯製板、片及扁條,中國大陸,進口總值(含復進口),452,141589
2019-3,39206210,聚對苯二甲酸乙二酯製板、片及扁條,中華民國,進口總值(含復進口),168,31035
2019-3,39206210,聚對苯二甲酸乙二酯製板、片及扁條,日本,進口總值(含復進口),112,1419
2019-3,39206210,聚對苯二甲酸乙二酯製板、片及扁條,印度,進口總值(含復進口),9,4287
2019-3,39206210,聚對苯二甲酸乙二酯製板、片及扁條,南韓,進口總值(含復進口),723,210672
2019-3,39206210,聚對苯二甲酸乙二酯製板、片及扁條,美國,進口總值(含復進口),221,2293
2019-3,39206210,聚對苯二甲酸乙二酯製板、片及扁條,泰國,進口總值(含復進口),33,23556
2019-3,39206210,聚對苯二甲酸乙二酯製板、片及扁條,瑞士,進口總值(含復進口),18,150
2019-3,39206210,聚對苯二甲酸乙二酯製板、片及扁條,義大利,進口總值(含復進口),27,11077
2019-3,39206210,聚對苯二甲酸乙二酯製板、片及扁條,中國大陸,出口總值(含復出口),7051,990842
2019-3,39206210,聚對苯二甲酸乙二酯製板、片及扁條,日本,出口總值(含復出口),2158,1409417
2019-3,39206210,聚對苯二甲酸乙二酯製板、片及扁條,印尼,出口總值(含復出口),47,24867
2019-3,39206210,聚對苯二甲酸乙二酯製板、片及扁條,印度,出口總值(含復出口),259,177661
2019-3,39206210,聚對苯二甲酸乙二酯製板、片及扁條,多明尼加,出口總值(含復出口),24,15000
2019-3,39206210,聚對苯二甲酸乙二酯製板、片及扁條,美國,出口總值(含復出口),842,506548
2019-3,39206210,聚對苯二甲酸乙二酯製板、片及扁條,英國,出口總值(含復出口),2,187
2019-3,39206210,聚對苯二甲酸乙二酯製板、片及扁條,香港,出口總值(含復出口),1416,87421
2019-3,39206210,聚對苯二甲酸乙二酯製板、片及扁條,哥倫比亞,出口總值(含復出口),3,1680
2019-3,39206210,聚對苯二甲酸乙二酯製板、片及扁條,哥斯大黎加,出口總值(含復出口),10,6081
2019-3,39206210,聚對苯二甲酸乙二酯製板、片及扁條,泰國,出口總值(含復出口),43,27440
2019-3,39206210,聚對苯二甲酸乙二酯製板、片及扁條,秘魯,出口總值(含復出口),28,18000
2019-3,39206210,聚對苯二甲酸乙二酯製板、片及扁條,紐西蘭,出口總值(含復出口),110,82088
2019-3,39206210,聚對苯二甲酸乙二酯製板、片及扁條,馬來西亞,出口總值(含復出口),571,255860
2019-3,39206210,聚對苯二甲酸乙二酯製板、片及扁條,荷蘭,出口總值(含復出口),62,41231
2019-3,39206210,聚對苯二甲酸乙二酯製板、片及扁條,菲律賓,出口總值(含復出口),274,143734
2019-3,39206210,聚對苯二甲酸乙二酯製板、片及扁條,新加坡,出口總值(含復出口),135,87923
2019-3,39206210,聚對苯二甲酸乙二酯製板、片及扁條,瑞士,出口總值(含復出口),7,3000
2019-3,39206210,聚對苯二甲酸乙二酯製板、片及扁條,德國,出口總值(含復出口),3,222
2019-3,39206210,聚對苯二甲酸乙二酯製板、片及扁條,墨西哥,出口總值(含復出口),44,32202
2019-3,39206210,聚對苯二甲酸乙二酯製板、片及扁條,澳大利亞,出口總值(含復出口),430,251884
2019-3,39209991,其他塑膠板、片及扁條，非多孔性及未經以其他物質加強、積層、支持或與其他物質類似結合者,中國大陸,進口總值(含復進口),599,138261
2019-3,39209991,其他塑膠板、片及扁條，非多孔性及未經以其他物質加強、積層、支持或與其他物質類似結合者,日本,進口總值(含復進口),70,3419
2019-3,39209991,其他塑膠板、片及扁條，非多孔性及未經以其他物質加強、積層、支持或與其他物質類似結合者,加拿大,進口總值(含復進口),7,136
2019-3,39209991,其他塑膠板、片及扁條，非多孔性及未經以其他物質加強、積層、支持或與其他物質類似結合者,印度,進口總值(含復進口),0,6
2019-3,39209991,其他塑膠板、片及扁條，非多孔性及未經以其他物質加強、積層、支持或與其他物質類似結合者,拉脫維亞,進口總值(含復進口),0,2
2019-3,39209991,其他塑膠板、片及扁條，非多孔性及未經以其他物質加強、積層、支持或與其他物質類似結合者,南韓,進口總值(含復進口),325,94212
2019-3,39209991,其他塑膠板、片及扁條，非多孔性及未經以其他物質加強、積層、支持或與其他物質類似結合者,美國,進口總值(含復進口),795,5601
2019-3,39209991,其他塑膠板、片及扁條，非多孔性及未經以其他物質加強、積層、支持或與其他物質類似結合者,英國,進口總值(含復進口),28,4
2019-3,39209991,其他塑膠板、片及扁條，非多孔性及未經以其他物質加強、積層、支持或與其他物質類似結合者,馬來西亞,進口總值(含復進口),11,2112
2019-3,39209991,其他塑膠板、片及扁條，非多孔性及未經以其他物質加強、積層、支持或與其他物質類似結合者,奧地利,進口總值(含復進口),56,48
2019-3,39209991,其他塑膠板、片及扁條，非多孔性及未經以其他物質加強、積層、支持或與其他物質類似結合者,義大利,進口總值(含復進口),40,1846
2019-3,39209991,其他塑膠板、片及扁條，非多孔性及未經以其他物質加強、積層、支持或與其他物質類似結合者,德國,進口總值(含復進口),42,1431
2019-3,39209991,其他塑膠板、片及扁條，非多孔性及未經以其他物質加強、積層、支持或與其他物質類似結合者,中國大陸,出口總值(含復出口),2082,221737
2019-3,39209991,其他塑膠板、片及扁條，非多孔性及未經以其他物質加強、積層、支持或與其他物質類似結合者,日本,出口總值(含復出口),68,1363
2019-3,39209991,其他塑膠板、片及扁條，非多孔性及未經以其他物質加強、積層、支持或與其他物質類似結合者,印尼,出口總值(含復出口),69,8873
2019-3,39209991,其他塑膠板、片及扁條，非多孔性及未經以其他物質加強、積層、支持或與其他物質類似結合者,南韓,出口總值(含復出口),2,450
2019-3,39209991,其他塑膠板、片及扁條，非多孔性及未經以其他物質加強、積層、支持或與其他物質類似結合者,科威特,出口總值(含復出口),103,25419
2019-3,39209991,其他塑膠板、片及扁條，非多孔性及未經以其他物質加強、積層、支持或與其他物質類似結合者,美國,出口總值(含復出口),219,2159
2019-3,39209991,其他塑膠板、片及扁條，非多孔性及未經以其他物質加強、積層、支持或與其他物質類似結合者,香港,出口總值(含復出口),156,21718
2019-3,39209991,其他塑膠板、片及扁條，非多孔性及未經以其他物質加強、積層、支持或與其他物質類似結合者,泰國,出口總值(含復出口),37,9285
2019-3,39209991,其他塑膠板、片及扁條，非多孔性及未經以其他物質加強、積層、支持或與其他物質類似結合者,馬來西亞,出口總值(含復出口),27,10679
2019-3,39209991,其他塑膠板、片及扁條，非多孔性及未經以其他物質加強、積層、支持或與其他物質類似結合者,菲律賓,出口總值(含復出口),20,4475
2019-3,39209991,其他塑膠板、片及扁條，非多孔性及未經以其他物質加強、積層、支持或與其他物質類似結合者,越南,出口總值(含復出口),31,5324
2019-3,39209991,其他塑膠板、片及扁條，非多孔性及未經以其他物質加強、積層、支持或與其他物質類似結合者,新加坡,出口總值(含復出口),3,70
2019-3,39209991,其他塑膠板、片及扁條，非多孔性及未經以其他物質加強、積層、支持或與其他物質類似結合者,緬甸,出口總值(含復出口),1,34
2019-3,39209991,其他塑膠板、片及扁條，非多孔性及未經以其他物質加強、積層、支持或與其他物質類似結合者,薩摩亞,出口總值(含復出口),3,17
2019-4,39199020,供製造半導體晶圓用之自黏性圓形研磨墊，屬塑膠製品者,中國大陸,進口總值(含復進口),3,51
2019-4,39199020,供製造半導體晶圓用之自黏性圓形研磨墊，屬塑膠製品者,日本,進口總值(含復進口),462,4561
2019-4,39199020,供製造半導體晶圓用之自黏性圓形研磨墊，屬塑膠製品者,南韓,進口總值(含復進口),5,1
2019-4,39199020,供製造半導體晶圓用之自黏性圓形研磨墊，屬塑膠製品者,美國,進口總值(含復進口),1656,5844
2019-4,39199020,供製造半導體晶圓用之自黏性圓形研磨墊，屬塑膠製品者,中國大陸,出口總值(含復出口),4941,9758
2019-4,39199020,供製造半導體晶圓用之自黏性圓形研磨墊，屬塑膠製品者,日本,出口總值(含復出口),235,672
2019-4,39199020,供製造半導體晶圓用之自黏性圓形研磨墊，屬塑膠製品者,南韓,出口總值(含復出口),10960,28014
2019-4,39199020,供製造半導體晶圓用之自黏性圓形研磨墊，屬塑膠製品者,美國,出口總值(含復出口),937,2684
2019-4,39199020,供製造半導體晶圓用之自黏性圓形研磨墊，屬塑膠製品者,馬來西亞,出口總值(含復出口),156,148
2019-4,39199020,供製造半導體晶圓用之自黏性圓形研磨墊，屬塑膠製品者,越南,出口總值(含復出口),2,10
2019-4,39199020,供製造半導體晶圓用之自黏性圓形研磨墊，屬塑膠製品者,新加坡,出口總值(含復出口),1163,12507
2019-4,39199020,供製造半導體晶圓用之自黏性圓形研磨墊，屬塑膠製品者,義大利,出口總值(含復出口),3,3
2019-4,39201010,聚乙烯塑膠板、片及扁條,中國大陸,進口總值(含復進口),420,133527
2019-4,39201010,聚乙烯塑膠板、片及扁條,日本,進口總值(含復進口),246,75722
2019-4,39201010,聚乙烯塑膠板、片及扁條,印度,進口總值(含復進口),5,1272
2019-4,39201010,聚乙烯塑膠板、片及扁條,法國,進口總值(含復進口),36,14160
2019-4,39201010,聚乙烯塑膠板、片及扁條,南韓,進口總值(含復進口),5,729
2019-4,39201010,聚乙烯塑膠板、片及扁條,美國,進口總值(含復進口),20,824
2019-4,39201010,聚乙烯塑膠板、片及扁條,英國,進口總值(含復進口),0,0
2019-4,39201010,聚乙烯塑膠板、片及扁條,泰國,進口總值(含復進口),82,15406
2019-4,39201010,聚乙烯塑膠板、片及扁條,馬來西亞,進口總值(含復進口),44,11607
2019-4,39201010,聚乙烯塑膠板、片及扁條,奧地利,進口總值(含復進口),20,4050
2019-4,39201010,聚乙烯塑膠板、片及扁條,德國,進口總值(含復進口),113,23731
2019-4,39201010,聚乙烯塑膠板、片及扁條,土耳其,出口總值(含復出口),0,0
2019-4,39201010,聚乙烯塑膠板、片及扁條,中國大陸,出口總值(含復出口),109,15280
2019-4,39201010,聚乙烯塑膠板、片及扁條,日本,出口總值(含復出口),139,26048
2019-4,39201010,聚乙烯塑膠板、片及扁條,印度,出口總值(含復出口),33,11920
2019-4,39201010,聚乙烯塑膠板、片及扁條,希臘,出口總值(含復出口),0,22
2019-4,39201010,聚乙烯塑膠板、片及扁條,波蘭,出口總值(含復出口),4,35
2019-4,39201010,聚乙烯塑膠板、片及扁條,柬埔寨,出口總值(含復出口),4,747
2019-4,39201010,聚乙烯塑膠板、片及扁條,美國,出口總值(含復出口),148,51825
2019-4,39201010,聚乙烯塑膠板、片及扁條,香港,出口總值(含復出口),17,8805
2019-4,39201010,聚乙烯塑膠板、片及扁條,泰國,出口總值(含復出口),306,67090
2019-4,39201010,聚乙烯塑膠板、片及扁條,馬來西亞,出口總值(含復出口),185,82964
2019-4,39201010,聚乙烯塑膠板、片及扁條,智利,出口總值(含復出口),3,2680
2019-4,39201010,聚乙烯塑膠板、片及扁條,菲律賓,出口總值(含復出口),210,95990
2019-4,39201010,聚乙烯塑膠板、片及扁條,越南,出口總值(含復出口),50,10996
2019-4,39201010,聚乙烯塑膠板、片及扁條,新加坡,出口總值(含復出口),33,17262
2019-4,39201010,聚乙烯塑膠板、片及扁條,德國,出口總值(含復出口),2,6
2019-4,39201010,聚乙烯塑膠板、片及扁條,墨西哥,出口總值(含復出口),6,30
2019-4,39202021,電容器用金屬化聚丙烯薄膜，留有未鍍邊，總寬度不超過１００公厘，總厚度在０．０１５公厘以上，０．０２５公厘以下者,中國大陸,進口總值(含復進口),176,7027
2019-4,39202021,電容器用金屬化聚丙烯薄膜，留有未鍍邊，總寬度不超過１００公厘，總厚度在０．０１５公厘以上，０．０２５公厘以下者,日本,進口總值(含復進口),2,206
2019-4,39202021,電容器用金屬化聚丙烯薄膜，留有未鍍邊，總寬度不超過１００公厘，總厚度在０．０１５公厘以上，０．０２５公厘以下者,土耳其,出口總值(含復出口),7,344
2019-4,39205110,聚甲基丙烯酸甲酯板、片及扁條,中國大陸,進口總值(含復進口),150,36860
2019-4,39205110,聚甲基丙烯酸甲酯板、片及扁條,丹麥,進口總值(含復進口),8,2
2019-4,39205110,聚甲基丙烯酸甲酯板、片及扁條,日本,進口總值(含復進口),278,46584
2019-4,39205110,聚甲基丙烯酸甲酯板、片及扁條,南韓,進口總值(含復進口),633,265644
2019-4,39205110,聚甲基丙烯酸甲酯板、片及扁條,美國,進口總值(含復進口),404,87679
2019-4,39205110,聚甲基丙烯酸甲酯板、片及扁條,越南,進口總值(含復進口),95,23990
2019-4,39205110,聚甲基丙烯酸甲酯板、片及扁條,中國大陸,出口總值(含復出口),7185,2196504
2019-4,39205110,聚甲基丙烯酸甲酯板、片及扁條,巴西,出口總值(含復出口),87,25612
2019-4,39205110,聚甲基丙烯酸甲酯板、片及扁條,日本,出口總值(含復出口),326,57066
2019-4,39205110,聚甲基丙烯酸甲酯板、片及扁條,加拿大,出口總值(含復出口),80,22820
2019-4,39205110,聚甲基丙烯酸甲酯板、片及扁條,卡達,出口總值(含復出口),202,62946
2019-4,39205110,聚甲基丙烯酸甲酯板、片及扁條,伊朗,出口總值(含復出口),184,42000
2019-4,39205110,聚甲基丙烯酸甲酯板、片及扁條,印尼,出口總值(含復出口),19,3040
2019-4,39205110,聚甲基丙烯酸甲酯板、片及扁條,印度,出口總值(含復出口),72,40147
2019-4,39205110,聚甲基丙烯酸甲酯板、片及扁條,多明尼加,出口總值(含復出口),29,7970
2019-4,39205110,聚甲基丙烯酸甲酯板、片及扁條,宏都拉斯,出口總值(含復出口),67,19662
2019-4,39205110,聚甲基丙烯酸甲酯板、片及扁條,沙烏地阿拉伯,出口總值(含復出口),318,102153
2019-4,39205110,聚甲基丙烯酸甲酯板、片及扁條,坦尚尼亞,出口總值(含復出口),67,21867
2019-4,39205110,聚甲基丙烯酸甲酯板、片及扁條,奈及利亞,出口總值(含復出口),58,22833
2019-4,39205110,聚甲基丙烯酸甲酯板、片及扁條,帛琉,出口總值(含復出口),0,2
2019-4,39205110,聚甲基丙烯酸甲酯板、片及扁條,波多黎各,出口總值(含復出口),8,2125
2019-4,39205110,聚甲基丙烯酸甲酯板、片及扁條,肯亞,出口總值(含復出口),94,29723
2019-4,39205110,聚甲基丙烯酸甲酯板、片及扁條,芬蘭,出口總值(含復出口),48,13245
2019-4,39205110,聚甲基丙烯酸甲酯板、片及扁條,阿拉伯聯合大公國,出口總值(含復出口),245,78691
2019-4,39205110,聚甲基丙烯酸甲酯板、片及扁條,阿根廷,出口總值(含復出口),83,25302
2019-4,39205110,聚甲基丙烯酸甲酯板、片及扁條,南非,出口總值(含復出口),105,23569
2019-4,39205110,聚甲基丙烯酸甲酯板、片及扁條,南韓,出口總值(含復出口),538,156881
2019-4,39205110,聚甲基丙烯酸甲酯板、片及扁條,科威特,出口總值(含復出口),54,17499
2019-4,39205110,聚甲基丙烯酸甲酯板、片及扁條,約旦,出口總值(含復出口),67,16740
2019-4,39205110,聚甲基丙烯酸甲酯板、片及扁條,美國,出口總值(含復出口),2068,605048
2019-4,39205110,聚甲基丙烯酸甲酯板、片及扁條,香港,出口總值(含復出口),606,172020
2019-4,39205110,聚甲基丙烯酸甲酯板、片及扁條,哥斯大黎加,出口總值(含復出口),16,3516
2019-4,39205110,聚甲基丙烯酸甲酯板、片及扁條,泰國,出口總值(含復出口),2,215
2019-4,39205110,聚甲基丙烯酸甲酯板、片及扁條,紐西蘭,出口總值(含復出口),34,8800
2019-4,39205110,聚甲基丙烯酸甲酯板、片及扁條,馬來西亞,出口總值(含復出口),167,113757
2019-4,39205110,聚甲基丙烯酸甲酯板、片及扁條,智利,出口總值(含復出口),27,6032
2019-4,39205110,聚甲基丙烯酸甲酯板、片及扁條,越南,出口總值(含復出口),2261,648149
2019-4,39205110,聚甲基丙烯酸甲酯板、片及扁條,新加坡,出口總值(含復出口),296,87844
2019-4,39205110,聚甲基丙烯酸甲酯板、片及扁條,葉門,出口總值(含復出口),58,16571
2019-4,39205110,聚甲基丙烯酸甲酯板、片及扁條,德國,出口總值(含復出口),22,3094
2019-4,39205110,聚甲基丙烯酸甲酯板、片及扁條,黎巴嫩,出口總值(含復出口),58,16030
2019-4,39205110,聚甲基丙烯酸甲酯板、片及扁條,澳大利亞,出口總值(含復出口),61,19206
2019-4,39206210,聚對苯二甲酸乙二酯製板、片及扁條,中國大陸,進口總值(含復進口),327,65427
2019-4,39206210,聚對苯二甲酸乙二酯製板、片及扁條,中華民國,進口總值(含復進口),107,4843
2019-4,39206210,聚對苯二甲酸乙二酯製板、片及扁條,日本,進口總值(含復進口),81,1140
2019-4,39206210,聚對苯二甲酸乙二酯製板、片及扁條,南韓,進口總值(含復進口),375,113612
2019-4,39206210,聚對苯二甲酸乙二酯製板、片及扁條,美國,進口總值(含復進口),53,632
2019-4,39206210,聚對苯二甲酸乙二酯製板、片及扁條,千里達及托巴哥,出口總值(含復出口),32,23545
2019-4,39206210,聚對苯二甲酸乙二酯製板、片及扁條,中國大陸,出口總值(含復出口),5634,977404
2019-4,39206210,聚對苯二甲酸乙二酯製板、片及扁條,日本,出口總值(含復出口),1680,1052728
2019-4,39206210,聚對苯二甲酸乙二酯製板、片及扁條,比利時,出口總值(含復出口),4,288
2019-4,39206210,聚對苯二甲酸乙二酯製板、片及扁條,加拿大,出口總值(含復出口),131,97897
2019-4,39206210,聚對苯二甲酸乙二酯製板、片及扁條,印尼,出口總值(含復出口),92,40656
2019-4,39206210,聚對苯二甲酸乙二酯製板、片及扁條,印度,出口總值(含復出口),64,47580
2019-4,39206210,聚對苯二甲酸乙二酯製板、片及扁條,多明尼加,出口總值(含復出口),22,13950
2019-4,39206210,聚對苯二甲酸乙二酯製板、片及扁條,俄羅斯,出口總值(含復出口),31,14773
2019-4,39206210,聚對苯二甲酸乙二酯製板、片及扁條,美國,出口總值(含復出口),921,506245
2019-4,39206210,聚對苯二甲酸乙二酯製板、片及扁條,香港,出口總值(含復出口),983,56089
2019-4,39206210,聚對苯二甲酸乙二酯製板、片及扁條,哥倫比亞,出口總值(含復出口),25,19000
2019-4,39206210,聚對苯二甲酸乙二酯製板、片及扁條,泰國,出口總值(含復出口),49,23700
2019-4,39206210,聚對苯二甲酸乙二酯製板、片及扁條,紐西蘭,出口總值(含復出口),97,65057
2019-4,39206210,聚對苯二甲酸乙二酯製板、片及扁條,馬來西亞,出口總值(含復出口),615,272595
2019-4,39206210,聚對苯二甲酸乙二酯製板、片及扁條,荷蘭,出口總值(含復出口),133,101323
2019-4,39206210,聚對苯二甲酸乙二酯製板、片及扁條,斯里蘭卡,出口總值(含復出口),12,8400
2019-4,39206210,聚對苯二甲酸乙二酯製板、片及扁條,菲律賓,出口總值(含復出口),113,52510
2019-4,39206210,聚對苯二甲酸乙二酯製板、片及扁條,越南,出口總值(含復出口),56,41957
2019-4,39206210,聚對苯二甲酸乙二酯製板、片及扁條,新加坡,出口總值(含復出口),43,16928
2019-4,39206210,聚對苯二甲酸乙二酯製板、片及扁條,德國,出口總值(含復出口),22,12700
2019-4,39206210,聚對苯二甲酸乙二酯製板、片及扁條,墨西哥,出口總值(含復出口),28,21097
2019-4,39206210,聚對苯二甲酸乙二酯製板、片及扁條,澳大利亞,出口總值(含復出口),387,222243
2019-4,39209991,其他塑膠板、片及扁條，非多孔性及未經以其他物質加強、積層、支持或與其他物質類似結合者,中國大陸,進口總值(含復進口),459,118432
2019-4,39209991,其他塑膠板、片及扁條，非多孔性及未經以其他物質加強、積層、支持或與其他物質類似結合者,日本,進口總值(含復進口),114,10071
2019-4,39209991,其他塑膠板、片及扁條，非多孔性及未經以其他物質加強、積層、支持或與其他物質類似結合者,南韓,進口總值(含復進口),449,149433
2019-4,39209991,其他塑膠板、片及扁條，非多孔性及未經以其他物質加強、積層、支持或與其他物質類似結合者,美國,進口總值(含復進口),602,15926
2019-4,39209991,其他塑膠板、片及扁條，非多孔性及未經以其他物質加強、積層、支持或與其他物質類似結合者,英國,進口總值(含復進口),16,1089
2019-4,39209991,其他塑膠板、片及扁條，非多孔性及未經以其他物質加強、積層、支持或與其他物質類似結合者,馬來西亞,進口總值(含復進口),0,40
2019-4,39209991,其他塑膠板、片及扁條，非多孔性及未經以其他物質加強、積層、支持或與其他物質類似結合者,新加坡,進口總值(含復進口),1,342
2019-4,39209991,其他塑膠板、片及扁條，非多孔性及未經以其他物質加強、積層、支持或與其他物質類似結合者,義大利,進口總值(含復進口),22,569
2019-4,39209991,其他塑膠板、片及扁條，非多孔性及未經以其他物質加強、積層、支持或與其他物質類似結合者,德國,進口總值(含復進口),17,1240
2019-4,39209991,其他塑膠板、片及扁條，非多孔性及未經以其他物質加強、積層、支持或與其他物質類似結合者,土耳其,出口總值(含復出口),13,3321
2019-4,39209991,其他塑膠板、片及扁條，非多孔性及未經以其他物質加強、積層、支持或與其他物質類似結合者,中國大陸,出口總值(含復出口),1617,173673
2019-4,39209991,其他塑膠板、片及扁條，非多孔性及未經以其他物質加強、積層、支持或與其他物質類似結合者,厄瓜多,出口總值(含復出口),4,201
2019-4,39209991,其他塑膠板、片及扁條，非多孔性及未經以其他物質加強、積層、支持或與其他物質類似結合者,巴西,出口總值(含復出口),2,26
2019-4,39209991,其他塑膠板、片及扁條，非多孔性及未經以其他物質加強、積層、支持或與其他物質類似結合者,日本,出口總值(含復出口),57,2010
2019-4,39209991,其他塑膠板、片及扁條，非多孔性及未經以其他物質加強、積層、支持或與其他物質類似結合者,比利時,出口總值(含復出口),4,301
2019-4,39209991,其他塑膠板、片及扁條，非多孔性及未經以其他物質加強、積層、支持或與其他物質類似結合者,美國,出口總值(含復出口),354,18649
2019-4,39209991,其他塑膠板、片及扁條，非多孔性及未經以其他物質加強、積層、支持或與其他物質類似結合者,英國,出口總值(含復出口),3,91
2019-4,39209991,其他塑膠板、片及扁條，非多孔性及未經以其他物質加強、積層、支持或與其他物質類似結合者,香港,出口總值(含復出口),23,1274
2019-4,39209991,其他塑膠板、片及扁條，非多孔性及未經以其他物質加強、積層、支持或與其他物質類似結合者,哥斯大黎加,出口總值(含復出口),2,285
2019-4,39209991,其他塑膠板、片及扁條，非多孔性及未經以其他物質加強、積層、支持或與其他物質類似結合者,泰國,出口總值(含復出口),39,10859
2019-4,39209991,其他塑膠板、片及扁條，非多孔性及未經以其他物質加強、積層、支持或與其他物質類似結合者,馬來西亞,出口總值(含復出口),5,1953
2019-4,39209991,其他塑膠板、片及扁條，非多孔性及未經以其他物質加強、積層、支持或與其他物質類似結合者,捷克,出口總值(含復出口),14,5598
2019-4,39209991,其他塑膠板、片及扁條，非多孔性及未經以其他物質加強、積層、支持或與其他物質類似結合者,菲律賓,出口總值(含復出口),75,12559
2019-4,39209991,其他塑膠板、片及扁條，非多孔性及未經以其他物質加強、積層、支持或與其他物質類似結合者,越南,出口總值(含復出口),54,12338
2019-4,39209991,其他塑膠板、片及扁條，非多孔性及未經以其他物質加強、積層、支持或與其他物質類似結合者,新加坡,出口總值(含復出口),2,17
2019-4,39209991,其他塑膠板、片及扁條，非多孔性及未經以其他物質加強、積層、支持或與其他物質類似結合者,德國,出口總值(含復出口),10,1345
2019-4,39209991,其他塑膠板、片及扁條，非多孔性及未經以其他物質加強、積層、支持或與其他物質類似結合者,緬甸,出口總值(含復出口),6,1050
2019-4,39209991,其他塑膠板、片及扁條，非多孔性及未經以其他物質加強、積層、支持或與其他物質類似結合者,墨西哥,出口總值(含復出口),2,481
2019-4,39209991,其他塑膠板、片及扁條，非多孔性及未經以其他物質加強、積層、支持或與其他物質類似結合者,賴索托,出口總值(含復出口),9,4027
2019-5,39199020,供製造半導體晶圓用之自黏性圓形研磨墊，屬塑膠製品者,中國大陸,進口總值(含復進口),7,8
2019-5,39199020,供製造半導體晶圓用之自黏性圓形研磨墊，屬塑膠製品者,日本,進口總值(含復進口),428,3666
2019-5,39199020,供製造半導體晶圓用之自黏性圓形研磨墊，屬塑膠製品者,美國,進口總值(含復進口),1568,4777
2019-5,39199020,供製造半導體晶圓用之自黏性圓形研磨墊，屬塑膠製品者,中國大陸,出口總值(含復出口),8700,17535
2019-5,39199020,供製造半導體晶圓用之自黏性圓形研磨墊，屬塑膠製品者,日本,出口總值(含復出口),369,1266
2019-5,39199020,供製造半導體晶圓用之自黏性圓形研磨墊，屬塑膠製品者,南韓,出口總值(含復出口),8964,21387
2019-5,39199020,供製造半導體晶圓用之自黏性圓形研磨墊，屬塑膠製品者,美國,出口總值(含復出口),1218,3517
2019-5,39199020,供製造半導體晶圓用之自黏性圓形研磨墊，屬塑膠製品者,馬來西亞,出口總值(含復出口),174,168
2019-5,39199020,供製造半導體晶圓用之自黏性圓形研磨墊，屬塑膠製品者,新加坡,出口總值(含復出口),1555,3268
2019-5,39201010,聚乙烯塑膠板、片及扁條,中國大陸,進口總值(含復進口),604,255372
2019-5,39201010,聚乙烯塑膠板、片及扁條,中華民國,進口總值(含復進口),2,5476
2019-5,39201010,聚乙烯塑膠板、片及扁條,日本,進口總值(含復進口),145,5546
2019-5,39201010,聚乙烯塑膠板、片及扁條,印度,進口總值(含復進口),8,2067
2019-5,39201010,聚乙烯塑膠板、片及扁條,西班牙,進口總值(含復進口),13,6150
2019-5,39201010,聚乙烯塑膠板、片及扁條,南韓,進口總值(含復進口),63,9858
2019-5,39201010,聚乙烯塑膠板、片及扁條,美國,進口總值(含復進口),70,5447
2019-5,39201010,聚乙烯塑膠板、片及扁條,泰國,進口總值(含復進口),42,7798
2019-5,39201010,聚乙烯塑膠板、片及扁條,馬來西亞,進口總值(含復進口),4,449
2019-5,39201010,聚乙烯塑膠板、片及扁條,荷蘭,進口總值(含復進口),0,0
2019-5,39201010,聚乙烯塑膠板、片及扁條,奧地利,進口總值(含復進口),20,4150
2019-5,39201010,聚乙烯塑膠板、片及扁條,新加坡,進口總值(含復進口),3,337
2019-5,39201010,聚乙烯塑膠板、片及扁條,瑞典,進口總值(含復進口),13,360
2019-5,39201010,聚乙烯塑膠板、片及扁條,義大利,進口總值(含復進口),12,5402
2019-5,39201010,聚乙烯塑膠板、片及扁條,德國,進口總值(含復進口),70,17174
2019-5,39201010,聚乙烯塑膠板、片及扁條,中國大陸,出口總值(含復出口),171,24861
2019-5,39201010,聚乙烯塑膠板、片及扁條,巴基斯坦,出口總值(含復出口),10,7410
2019-5,39201010,聚乙烯塑膠板、片及扁條,日本,出口總值(含復出口),200,64589
2019-5,39201010,聚乙烯塑膠板、片及扁條,加拿大,出口總值(含復出口),19,2594
2019-5,39201010,聚乙烯塑膠板、片及扁條,印尼,出口總值(含復出口),0,244
2019-5,39201010,聚乙烯塑膠板、片及扁條,印度,出口總值(含復出口),5,954
2019-5,39201010,聚乙烯塑膠板、片及扁條,西班牙,出口總值(含復出口),4,144
2019-5,39201010,聚乙烯塑膠板、片及扁條,孟加拉,出口總值(含復出口),8,2050
2019-5,39201010,聚乙烯塑膠板、片及扁條,波蘭,出口總值(含復出口),3,14
2019-5,39201010,聚乙烯塑膠板、片及扁條,法國,出口總值(含復出口),2,960
2019-5,39201010,聚乙烯塑膠板、片及扁條,阿拉伯聯合大公國,出口總值(含復出口),16,1842
2019-5,39201010,聚乙烯塑膠板、片及扁條,俄羅斯,出口總值(含復出口),5,262
2019-5,39201010,聚乙烯塑膠板、片及扁條,南韓,出口總值(含復出口),8,1748
2019-5,39201010,聚乙烯塑膠板、片及扁條,柬埔寨,出口總值(含復出口),1,163
2019-5,39201010,聚乙烯塑膠板、片及扁條,美國,出口總值(含復出口),155,45459
2019-5,39201010,聚乙烯塑膠板、片及扁條,香港,出口總值(含復出口),56,43821
2019-5,39201010,聚乙烯塑膠板、片及扁條,泰國,出口總值(含復出口),384,93768
2019-5,39201010,聚乙烯塑膠板、片及扁條,紐西蘭,出口總值(含復出口),2,840
2019-5,39201010,聚乙烯塑膠板、片及扁條,馬來西亞,出口總值(含復出口),88,27290
2019-5,39201010,聚乙烯塑膠板、片及扁條,馬爾地夫,出口總值(含復出口),4,2160
2019-5,39201010,聚乙烯塑膠板、片及扁條,敘利亞,出口總值(含復出口),1,264
2019-5,39201010,聚乙烯塑膠板、片及扁條,斐濟,出口總值(含復出口),2,1230
2019-5,39201010,聚乙烯塑膠板、片及扁條,菲律賓,出口總值(含復出口),45,19960
2019-5,39201010,聚乙烯塑膠板、片及扁條,越南,出口總值(含復出口),73,21856
2019-5,39201010,聚乙烯塑膠板、片及扁條,新加坡,出口總值(含復出口),12,5814
2019-5,39201010,聚乙烯塑膠板、片及扁條,德國,出口總值(含復出口),25,1838
2019-5,39201010,聚乙烯塑膠板、片及扁條,墨西哥,出口總值(含復出口),9,90
2019-5,39202021,電容器用金屬化聚丙烯薄膜，留有未鍍邊，總寬度不超過１００公厘，總厚度在０．０１５公厘以上，０．０２５公厘以下者,中國大陸,進口總值(含復進口),121,4682
2019-5,39202021,電容器用金屬化聚丙烯薄膜，留有未鍍邊，總寬度不超過１００公厘，總厚度在０．０１５公厘以上，０．０２５公厘以下者,南韓,進口總值(含復進口),35,2942
2019-5,39202021,電容器用金屬化聚丙烯薄膜，留有未鍍邊，總寬度不超過１００公厘，總厚度在０．０１５公厘以上，０．０２５公厘以下者,土耳其,出口總值(含復出口),4,195
2019-5,39205110,聚甲基丙烯酸甲酯板、片及扁條,中國大陸,進口總值(含復進口),102,31339
2019-5,39205110,聚甲基丙烯酸甲酯板、片及扁條,中華民國,進口總值(含復進口),43,24034
2019-5,39205110,聚甲基丙烯酸甲酯板、片及扁條,日本,進口總值(含復進口),148,12661
2019-5,39205110,聚甲基丙烯酸甲酯板、片及扁條,南韓,進口總值(含復進口),1347,574572
2019-5,39205110,聚甲基丙烯酸甲酯板、片及扁條,美國,進口總值(含復進口),338,69695
2019-5,39205110,聚甲基丙烯酸甲酯板、片及扁條,越南,進口總值(含復進口),94,23990
2019-5,39205110,聚甲基丙烯酸甲酯板、片及扁條,德國,進口總值(含復進口),27,1735
2019-5,39205110,聚甲基丙烯酸甲酯板、片及扁條,中國大陸,出口總值(含復出口),7253,2179271
2019-5,39205110,聚甲基丙烯酸甲酯板、片及扁條,巴西,出口總值(含復出口),79,25923
2019-5,39205110,聚甲基丙烯酸甲酯板、片及扁條,日本,出口總值(含復出口),314,75256
2019-5,39205110,聚甲基丙烯酸甲酯板、片及扁條,加拿大,出口總值(含復出口),116,31327
2019-5,39205110,聚甲基丙烯酸甲酯板、片及扁條,卡達,出口總值(含復出口),51,16934
2019-5,39205110,聚甲基丙烯酸甲酯板、片及扁條,尼加拉瓜,出口總值(含復出口),76,24400
2019-5,39205110,聚甲基丙烯酸甲酯板、片及扁條,伊朗,出口總值(含復出口),550,159513
2019-5,39205110,聚甲基丙烯酸甲酯板、片及扁條,印度,出口總值(含復出口),157,81418
2019-5,39205110,聚甲基丙烯酸甲酯板、片及扁條,沙烏地阿拉伯,出口總值(含復出口),357,116736
2019-5,39205110,聚甲基丙烯酸甲酯板、片及扁條,奈及利亞,出口總值(含復出口),113,46011
2019-5,39205110,聚甲基丙烯酸甲酯板、片及扁條,芬蘭,出口總值(含復出口),96,26930
2019-5,39205110,聚甲基丙烯酸甲酯板、片及扁條,阿拉伯聯合大公國,出口總值(含復出口),974,299681
2019-5,39205110,聚甲基丙烯酸甲酯板、片及扁條,阿曼,出口總值(含復出口),53,17151
2019-5,39205110,聚甲基丙烯酸甲酯板、片及扁條,南韓,出口總值(含復出口),1559,451547
2019-5,39205110,聚甲基丙烯酸甲酯板、片及扁條,科威特,出口總值(含復出口),235,75661
2019-5,39205110,聚甲基丙烯酸甲酯板、片及扁條,美國,出口總值(含復出口),1582,466998
2019-5,39205110,聚甲基丙烯酸甲酯板、片及扁條,英國,出口總值(含復出口),22,4801
2019-5,39205110,聚甲基丙烯酸甲酯板、片及扁條,香港,出口總值(含復出口),470,134726
2019-5,39205110,聚甲基丙烯酸甲酯板、片及扁條,紐西蘭,出口總值(含復出口),72,18326
2019-5,39205110,聚甲基丙烯酸甲酯板、片及扁條,馬來西亞,出口總值(含復出口),17,5296
2019-5,39205110,聚甲基丙烯酸甲酯板、片及扁條,斐濟,出口總值(含復出口),25,7253
2019-5,39205110,聚甲基丙烯酸甲酯板、片及扁條,越南,出口總值(含復出口),2235,645520
2019-5,39205110,聚甲基丙烯酸甲酯板、片及扁條,新加坡,出口總值(含復出口),218,69700
2019-5,39205110,聚甲基丙烯酸甲酯板、片及扁條,德國,出口總值(含復出口),8,1230
2019-5,39205110,聚甲基丙烯酸甲酯板、片及扁條,黎巴嫩,出口總值(含復出口),146,49490
2019-5,39205110,聚甲基丙烯酸甲酯板、片及扁條,墨西哥,出口總值(含復出口),123,39843
2019-5,39205110,聚甲基丙烯酸甲酯板、片及扁條,澳大利亞,出口總值(含復出口),62,17016
2019-5,39206210,聚對苯二甲酸乙二酯製板、片及扁條,中國大陸,進口總值(含復進口),727,179053
2019-5,39206210,聚對苯二甲酸乙二酯製板、片及扁條,中華民國,進口總值(含復進口),39,7005
2019-5,39206210,聚對苯二甲酸乙二酯製板、片及扁條,日本,進口總值(含復進口),44,905
2019-5,39206210,聚對苯二甲酸乙二酯製板、片及扁條,南韓,進口總值(含復進口),797,223035
2019-5,39206210,聚對苯二甲酸乙二酯製板、片及扁條,越南,進口總值(含復進口),27,17997
2019-5,39206210,聚對苯二甲酸乙二酯製板、片及扁條,千里達及托巴哥,出口總值(含復出口),32,23328
2019-5,39206210,聚對苯二甲酸乙二酯製板、片及扁條,中國大陸,出口總值(含復出口),7436,1279670
2019-5,39206210,聚對苯二甲酸乙二酯製板、片及扁條,日本,出口總值(含復出口),1089,671411
2019-5,39206210,聚對苯二甲酸乙二酯製板、片及扁條,加拿大,出口總值(含復出口),142,98790
2019-5,39206210,聚對苯二甲酸乙二酯製板、片及扁條,印度,出口總值(含復出口),103,67605
2019-5,39206210,聚對苯二甲酸乙二酯製板、片及扁條,阿曼,出口總值(含復出口),24,20702
2019-5,39206210,聚對苯二甲酸乙二酯製板、片及扁條,美國,出口總值(含復出口),513,335753
2019-5,39206210,聚對苯二甲酸乙二酯製板、片及扁條,香港,出口總值(含復出口),1002,64132
2019-5,39206210,聚對苯二甲酸乙二酯製板、片及扁條,泰國,出口總值(含復出口),80,47490
2019-5,39206210,聚對苯二甲酸乙二酯製板、片及扁條,紐西蘭,出口總值(含復出口),155,112381
2019-5,39206210,聚對苯二甲酸乙二酯製板、片及扁條,馬來西亞,出口總值(含復出口),488,216657
2019-5,39206210,聚對苯二甲酸乙二酯製板、片及扁條,荷蘭,出口總值(含復出口),119,84937
2019-5,39206210,聚對苯二甲酸乙二酯製板、片及扁條,斯里蘭卡,出口總值(含復出口),2,1200
2019-5,39206210,聚對苯二甲酸乙二酯製板、片及扁條,菲律賓,出口總值(含復出口),134,65850
2019-5,39206210,聚對苯二甲酸乙二酯製板、片及扁條,新加坡,出口總值(含復出口),65,33258
2019-5,39206210,聚對苯二甲酸乙二酯製板、片及扁條,義大利,出口總值(含復出口),4,395
2019-5,39206210,聚對苯二甲酸乙二酯製板、片及扁條,德國,出口總值(含復出口),3,60
2019-5,39206210,聚對苯二甲酸乙二酯製板、片及扁條,墨西哥,出口總值(含復出口),411,315163
2019-5,39206210,聚對苯二甲酸乙二酯製板、片及扁條,澳大利亞,出口總值(含復出口),321,236027
2019-5,39209991,其他塑膠板、片及扁條，非多孔性及未經以其他物質加強、積層、支持或與其他物質類似結合者,中國大陸,進口總值(含復進口),463,118054
2019-5,39209991,其他塑膠板、片及扁條，非多孔性及未經以其他物質加強、積層、支持或與其他物質類似結合者,日本,進口總值(含復進口),65,8441
2019-5,39209991,其他塑膠板、片及扁條，非多孔性及未經以其他物質加強、積層、支持或與其他物質類似結合者,加拿大,進口總值(含復進口),3,59
2019-5,39209991,其他塑膠板、片及扁條，非多孔性及未經以其他物質加強、積層、支持或與其他物質類似結合者,印度,進口總值(含復進口),0,2
2019-5,39209991,其他塑膠板、片及扁條，非多孔性及未經以其他物質加強、積層、支持或與其他物質類似結合者,南韓,進口總值(含復進口),306,90705
2019-5,39209991,其他塑膠板、片及扁條，非多孔性及未經以其他物質加強、積層、支持或與其他物質類似結合者,美國,進口總值(含復進口),513,25868
2019-5,39209991,其他塑膠板、片及扁條，非多孔性及未經以其他物質加強、積層、支持或與其他物質類似結合者,英國,進口總值(含復進口),28,4
2019-5,39209991,其他塑膠板、片及扁條，非多孔性及未經以其他物質加強、積層、支持或與其他物質類似結合者,荷蘭,進口總值(含復進口),0,0
2019-5,39209991,其他塑膠板、片及扁條，非多孔性及未經以其他物質加強、積層、支持或與其他物質類似結合者,奧地利,進口總值(含復進口),4,618
2019-5,39209991,其他塑膠板、片及扁條，非多孔性及未經以其他物質加強、積層、支持或與其他物質類似結合者,瑞士,進口總值(含復進口),0,0
2019-5,39209991,其他塑膠板、片及扁條，非多孔性及未經以其他物質加強、積層、支持或與其他物質類似結合者,瑞典,進口總值(含復進口),11,2080
2019-5,39209991,其他塑膠板、片及扁條，非多孔性及未經以其他物質加強、積層、支持或與其他物質類似結合者,義大利,進口總值(含復進口),56,12634
2019-5,39209991,其他塑膠板、片及扁條，非多孔性及未經以其他物質加強、積層、支持或與其他物質類似結合者,德國,進口總值(含復進口),95,4592
2019-5,39209991,其他塑膠板、片及扁條，非多孔性及未經以其他物質加強、積層、支持或與其他物質類似結合者,中國大陸,出口總值(含復出口),2093,204685
2019-5,39209991,其他塑膠板、片及扁條，非多孔性及未經以其他物質加強、積層、支持或與其他物質類似結合者,日本,出口總值(含復出口),89,2069
2019-5,39209991,其他塑膠板、片及扁條，非多孔性及未經以其他物質加強、積層、支持或與其他物質類似結合者,比利時,出口總值(含復出口),2,65
2019-5,39209991,其他塑膠板、片及扁條，非多孔性及未經以其他物質加強、積層、支持或與其他物質類似結合者,法國,出口總值(含復出口),3,833
2019-5,39209991,其他塑膠板、片及扁條，非多孔性及未經以其他物質加強、積層、支持或與其他物質類似結合者,阿拉伯聯合大公國,出口總值(含復出口),24,6000
2019-5,39209991,其他塑膠板、片及扁條，非多孔性及未經以其他物質加強、積層、支持或與其他物質類似結合者,阿根廷,出口總值(含復出口),7,210
2019-5,39209991,其他塑膠板、片及扁條，非多孔性及未經以其他物質加強、積層、支持或與其他物質類似結合者,科威特,出口總值(含復出口),209,49272
2019-5,39209991,其他塑膠板、片及扁條，非多孔性及未經以其他物質加強、積層、支持或與其他物質類似結合者,美國,出口總值(含復出口),13,661
2019-5,39209991,其他塑膠板、片及扁條，非多孔性及未經以其他物質加強、積層、支持或與其他物質類似結合者,英國,出口總值(含復出口),2,62
2019-5,39209991,其他塑膠板、片及扁條，非多孔性及未經以其他物質加強、積層、支持或與其他物質類似結合者,香港,出口總值(含復出口),37,4832
2019-5,39209991,其他塑膠板、片及扁條，非多孔性及未經以其他物質加強、積層、支持或與其他物質類似結合者,埃及,出口總值(含復出口),0,0
2019-5,39209991,其他塑膠板、片及扁條，非多孔性及未經以其他物質加強、積層、支持或與其他物質類似結合者,泰國,出口總值(含復出口),21,2801
2019-5,39209991,其他塑膠板、片及扁條，非多孔性及未經以其他物質加強、積層、支持或與其他物質類似結合者,菲律賓,出口總值(含復出口),6,179
2019-5,39209991,其他塑膠板、片及扁條，非多孔性及未經以其他物質加強、積層、支持或與其他物質類似結合者,越南,出口總值(含復出口),16,4606
2019-5,39209991,其他塑膠板、片及扁條，非多孔性及未經以其他物質加強、積層、支持或與其他物質類似結合者,新加坡,出口總值(含復出口),14,350
2019-5,39209991,其他塑膠板、片及扁條，非多孔性及未經以其他物質加強、積層、支持或與其他物質類似結合者,緬甸,出口總值(含復出口),24,5122
2019-5,39209991,其他塑膠板、片及扁條，非多孔性及未經以其他物質加強、積層、支持或與其他物質類似結合者,澳大利亞,出口總值(含復出口),11,8811
2019-6,39199020,供製造半導體晶圓用之自黏性圓形研磨墊，屬塑膠製品者,中國大陸,進口總值(含復進口),5,126
2019-6,39199020,供製造半導體晶圓用之自黏性圓形研磨墊，屬塑膠製品者,中華民國,進口總值(含復進口),1,11
2019-6,39199020,供製造半導體晶圓用之自黏性圓形研磨墊，屬塑膠製品者,日本,進口總值(含復進口),305,3015
2019-6,39199020,供製造半導體晶圓用之自黏性圓形研磨墊，屬塑膠製品者,南韓,進口總值(含復進口),3,2
2019-6,39199020,供製造半導體晶圓用之自黏性圓形研磨墊，屬塑膠製品者,美國,進口總值(含復進口),1573,5839
2019-6,39199020,供製造半導體晶圓用之自黏性圓形研磨墊，屬塑膠製品者,中國大陸,出口總值(含復出口),5899,12015
2019-6,39199020,供製造半導體晶圓用之自黏性圓形研磨墊，屬塑膠製品者,日本,出口總值(含復出口),249,750
2019-6,39199020,供製造半導體晶圓用之自黏性圓形研磨墊，屬塑膠製品者,南韓,出口總值(含復出口),10895,28022
2019-6,39199020,供製造半導體晶圓用之自黏性圓形研磨墊，屬塑膠製品者,美國,出口總值(含復出口),999,2854
2019-6,39199020,供製造半導體晶圓用之自黏性圓形研磨墊，屬塑膠製品者,馬來西亞,出口總值(含復出口),149,230
2019-6,39199020,供製造半導體晶圓用之自黏性圓形研磨墊，屬塑膠製品者,越南,出口總值(含復出口),5,7
2019-6,39199020,供製造半導體晶圓用之自黏性圓形研磨墊，屬塑膠製品者,新加坡,出口總值(含復出口),1121,12383
2019-6,39199020,供製造半導體晶圓用之自黏性圓形研磨墊，屬塑膠製品者,德國,出口總值(含復出口),4,4
2019-6,39201010,聚乙烯塑膠板、片及扁條,中國大陸,進口總值(含復進口),512,183249
2019-6,39201010,聚乙烯塑膠板、片及扁條,中華民國,進口總值(含復進口),11,9855
2019-6,39201010,聚乙烯塑膠板、片及扁條,日本,進口總值(含復進口),265,25558
2019-6,39201010,聚乙烯塑膠板、片及扁條,比利時,進口總值(含復進口),12,1150
2019-6,39201010,聚乙烯塑膠板、片及扁條,印度,進口總值(含復進口),9,2385
2019-6,39201010,聚乙烯塑膠板、片及扁條,西班牙,進口總值(含復進口),49,52238
2019-6,39201010,聚乙烯塑膠板、片及扁條,南韓,進口總值(含復進口),24,5168
2019-6,39201010,聚乙烯塑膠板、片及扁條,美國,進口總值(含復進口),103,4171
2019-6,39201010,聚乙烯塑膠板、片及扁條,德國,進口總值(含復進口),9,2023
2019-6,39201010,聚乙烯塑膠板、片及扁條,墨西哥,進口總值(含復進口),0,1200
2019-6,39201010,聚乙烯塑膠板、片及扁條,中國大陸,出口總值(含復出口),227,53927
2019-6,39201010,聚乙烯塑膠板、片及扁條,巴林,出口總值(含復出口),10,1348
2019-6,39201010,聚乙烯塑膠板、片及扁條,巴基斯坦,出口總值(含復出口),13,8430
2019-6,39201010,聚乙烯塑膠板、片及扁條,日本,出口總值(含復出口),305,78982
2019-6,39201010,聚乙烯塑膠板、片及扁條,加拿大,出口總值(含復出口),6,967
2019-6,39201010,聚乙烯塑膠板、片及扁條,印尼,出口總值(含復出口),41,12304
2019-6,39201010,聚乙烯塑膠板、片及扁條,印度,出口總值(含復出口),48,22720
2019-6,39201010,聚乙烯塑膠板、片及扁條,沙烏地阿拉伯,出口總值(含復出口),12,6250
2019-6,39201010,聚乙烯塑膠板、片及扁條,帛琉,出口總值(含復出口),2,1000
2019-6,39201010,聚乙烯塑膠板、片及扁條,波蘭,出口總值(含復出口),12,100
2019-6,39201010,聚乙烯塑膠板、片及扁條,南韓,出口總值(含復出口),0,0
2019-6,39201010,聚乙烯塑膠板、片及扁條,柬埔寨,出口總值(含復出口),0,18
2019-6,39201010,聚乙烯塑膠板、片及扁條,美國,出口總值(含復出口),179,71839
2019-6,39201010,聚乙烯塑膠板、片及扁條,香港,出口總值(含復出口),21,16840
2019-6,39201010,聚乙烯塑膠板、片及扁條,泰國,出口總值(含復出口),375,80691
2019-6,39201010,聚乙烯塑膠板、片及扁條,馬來西亞,出口總值(含復出口),101,24461
2019-6,39201010,聚乙烯塑膠板、片及扁條,荷蘭,出口總值(含復出口),2,55
2019-6,39201010,聚乙烯塑膠板、片及扁條,菲律賓,出口總值(含復出口),77,11784
2019-6,39201010,聚乙烯塑膠板、片及扁條,越南,出口總值(含復出口),88,18398
2019-6,39201010,聚乙烯塑膠板、片及扁條,新加坡,出口總值(含復出口),19,10608
2019-6,39201010,聚乙烯塑膠板、片及扁條,德國,出口總值(含復出口),6,22
2019-6,39201010,聚乙烯塑膠板、片及扁條,模里西斯,出口總值(含復出口),2,1302
2019-6,39201010,聚乙烯塑膠板、片及扁條,墨西哥,出口總值(含復出口),8,55
2019-6,39201010,聚乙烯塑膠板、片及扁條,澳大利亞,出口總值(含復出口),15,1322
2019-6,39201010,聚乙烯塑膠板、片及扁條,賽普勒斯,出口總值(含復出口),0,0
2019-6,39202021,電容器用金屬化聚丙烯薄膜，留有未鍍邊，總寬度不超過１００公厘，總厚度在０．０１５公厘以上，０．０２５公厘以下者,中國大陸,進口總值(含復進口),54,1813
2019-6,39205110,聚甲基丙烯酸甲酯板、片及扁條,土耳其,進口總值(含復進口),4,102
2019-6,39205110,聚甲基丙烯酸甲酯板、片及扁條,中國大陸,進口總值(含復進口),61,22960
2019-6,39205110,聚甲基丙烯酸甲酯板、片及扁條,日本,進口總值(含復進口),342,59488
2019-6,39205110,聚甲基丙烯酸甲酯板、片及扁條,印度,進口總值(含復進口),2,425
2019-6,39205110,聚甲基丙烯酸甲酯板、片及扁條,南韓,進口總值(含復進口),1217,522522
2019-6,39205110,聚甲基丙烯酸甲酯板、片及扁條,美國,進口總值(含復進口),114,17957
2019-6,39205110,聚甲基丙烯酸甲酯板、片及扁條,德國,進口總值(含復進口),6,413
2019-6,39205110,聚甲基丙烯酸甲酯板、片及扁條,中國大陸,出口總值(含復出口),6638,2008920
2019-6,39205110,聚甲基丙烯酸甲酯板、片及扁條,巴林,出口總值(含復出口),50,16909
2019-6,39205110,聚甲基丙烯酸甲酯板、片及扁條,日本,出口總值(含復出口),373,82408
2019-6,39205110,聚甲基丙烯酸甲酯板、片及扁條,以色列,出口總值(含復出口),26,7014
2019-6,39205110,聚甲基丙烯酸甲酯板、片及扁條,加拿大,出口總值(含復出口),80,22925
2019-6,39205110,聚甲基丙烯酸甲酯板、片及扁條,卡達,出口總值(含復出口),118,40644
2019-6,39205110,聚甲基丙烯酸甲酯板、片及扁條,尼加拉瓜,出口總值(含復出口),77,24882
2019-6,39205110,聚甲基丙烯酸甲酯板、片及扁條,伊拉克,出口總值(含復出口),48,16837
2019-6,39205110,聚甲基丙烯酸甲酯板、片及扁條,伊朗,出口總值(含復出口),229,77828
2019-6,39205110,聚甲基丙烯酸甲酯板、片及扁條,印尼,出口總值(含復出口),17,2218
2019-6,39205110,聚甲基丙烯酸甲酯板、片及扁條,印度,出口總值(含復出口),432,211891
2019-6,39205110,聚甲基丙烯酸甲酯板、片及扁條,沙烏地阿拉伯,出口總值(含復出口),547,164006
2019-6,39205110,聚甲基丙烯酸甲酯板、片及扁條,其他國家,出口總值(含復出口),0,6
2019-6,39205110,聚甲基丙烯酸甲酯板、片及扁條,坦尚尼亞,出口總值(含復出口),51,16799
2019-6,39205110,聚甲基丙烯酸甲酯板、片及扁條,波士尼亞及赫塞哥維納,出口總值(含復出口),18,5232
2019-6,39205110,聚甲基丙烯酸甲酯板、片及扁條,波多黎各,出口總值(含復出口),62,18770
2019-6,39205110,聚甲基丙烯酸甲酯板、片及扁條,法國,出口總值(含復出口),0,15
2019-6,39205110,聚甲基丙烯酸甲酯板、片及扁條,芬蘭,出口總值(含復出口),143,40410
2019-6,39205110,聚甲基丙烯酸甲酯板、片及扁條,阿拉伯聯合大公國,出口總值(含復出口),821,267688
2019-6,39205110,聚甲基丙烯酸甲酯板、片及扁條,阿曼,出口總值(含復出口),101,32860
2019-6,39205110,聚甲基丙烯酸甲酯板、片及扁條,南韓,出口總值(含復出口),747,220631
2019-6,39205110,聚甲基丙烯酸甲酯板、片及扁條,科威特,出口總值(含復出口),50,16666
2019-6,39205110,聚甲基丙烯酸甲酯板、片及扁條,美國,出口總值(含復出口),1868,566827
2019-6,39205110,聚甲基丙烯酸甲酯板、片及扁條,香港,出口總值(含復出口),380,95483
2019-6,39205110,聚甲基丙烯酸甲酯板、片及扁條,哥斯大黎加,出口總值(含復出口),106,32947
2019-6,39205110,聚甲基丙烯酸甲酯板、片及扁條,泰國,出口總值(含復出口),2,193
2019-6,39205110,聚甲基丙烯酸甲酯板、片及扁條,秘魯,出口總值(含復出口),8,1925
2019-6,39205110,聚甲基丙烯酸甲酯板、片及扁條,馬來西亞,出口總值(含復出口),3,836
2019-6,39205110,聚甲基丙烯酸甲酯板、片及扁條,菲律賓,出口總值(含復出口),58,19294
2019-6,39205110,聚甲基丙烯酸甲酯板、片及扁條,越南,出口總值(含復出口),2894,863952
2019-6,39205110,聚甲基丙烯酸甲酯板、片及扁條,新加坡,出口總值(含復出口),311,96590
2019-6,39205110,聚甲基丙烯酸甲酯板、片及扁條,黎巴嫩,出口總值(含復出口),59,18091
2019-6,39205110,聚甲基丙烯酸甲酯板、片及扁條,澳大利亞,出口總值(含復出口),140,41434
2019-6,39206210,聚對苯二甲酸乙二酯製板、片及扁條,中國大陸,進口總值(含復進口),753,188319
2019-6,39206210,聚對苯二甲酸乙二酯製板、片及扁條,中華民國,進口總值(含復進口),9,22094
2019-6,39206210,聚對苯二甲酸乙二酯製板、片及扁條,日本,進口總值(含復進口),80,6709
2019-6,39206210,聚對苯二甲酸乙二酯製板、片及扁條,南韓,進口總值(含復進口),757,226747
2019-6,39206210,聚對苯二甲酸乙二酯製板、片及扁條,美國,進口總值(含復進口),0,0
2019-6,39206210,聚對苯二甲酸乙二酯製板、片及扁條,泰國,進口總值(含復進口),28,19718
2019-6,39206210,聚對苯二甲酸乙二酯製板、片及扁條,德國,進口總值(含復進口),2,239
2019-6,39206210,聚對苯二甲酸乙二酯製板、片及扁條,盧森堡,進口總值(含復進口),4,28
2019-6,39206210,聚對苯二甲酸乙二酯製板、片及扁條,千里達及托巴哥,出口總值(含復出口),32,23461
2019-6,39206210,聚對苯二甲酸乙二酯製板、片及扁條,中國大陸,出口總值(含復出口),7756,1226597
2019-6,39206210,聚對苯二甲酸乙二酯製板、片及扁條,日本,出口總值(含復出口),1243,794312
2019-6,39206210,聚對苯二甲酸乙二酯製板、片及扁條,加拿大,出口總值(含復出口),162,310764
2019-6,39206210,聚對苯二甲酸乙二酯製板、片及扁條,卡達,出口總值(含復出口),13,10600
2019-6,39206210,聚對苯二甲酸乙二酯製板、片及扁條,印尼,出口總值(含復出口),43,26865
2019-6,39206210,聚對苯二甲酸乙二酯製板、片及扁條,印度,出口總值(含復出口),135,100612
2019-6,39206210,聚對苯二甲酸乙二酯製板、片及扁條,芬蘭,出口總值(含復出口),47,10878
2019-6,39206210,聚對苯二甲酸乙二酯製板、片及扁條,美國,出口總值(含復出口),491,244301
2019-6,39206210,聚對苯二甲酸乙二酯製板、片及扁條,香港,出口總值(含復出口),452,24088
2019-6,39206210,聚對苯二甲酸乙二酯製板、片及扁條,哥倫比亞,出口總值(含復出口),4,3000
2019-6,39206210,聚對苯二甲酸乙二酯製板、片及扁條,哥斯大黎加,出口總值(含復出口),5,3600
2019-6,39206210,聚對苯二甲酸乙二酯製板、片及扁條,泰國,出口總值(含復出口),129,62750
2019-6,39206210,聚對苯二甲酸乙二酯製板、片及扁條,紐西蘭,出口總值(含復出口),71,55560
2019-6,39206210,聚對苯二甲酸乙二酯製板、片及扁條,馬來西亞,出口總值(含復出口),644,287869
2019-6,39206210,聚對苯二甲酸乙二酯製板、片及扁條,馬爾他,出口總值(含復出口),3,70
2019-6,39206210,聚對苯二甲酸乙二酯製板、片及扁條,荷蘭,出口總值(含復出口),64,43133
2019-6,39206210,聚對苯二甲酸乙二酯製板、片及扁條,斯里蘭卡,出口總值(含復出口),51,33700
2019-6,39206210,聚對苯二甲酸乙二酯製板、片及扁條,斯洛伐克,出口總值(含復出口),1,86
2019-6,39206210,聚對苯二甲酸乙二酯製板、片及扁條,菲律賓,出口總值(含復出口),218,96115
2019-6,39206210,聚對苯二甲酸乙二酯製板、片及扁條,越南,出口總值(含復出口),9,3000
2019-6,39206210,聚對苯二甲酸乙二酯製板、片及扁條,新加坡,出口總值(含復出口),117,66645
2019-6,39206210,聚對苯二甲酸乙二酯製板、片及扁條,德國,出口總值(含復出口),3,67
2019-6,39206210,聚對苯二甲酸乙二酯製板、片及扁條,緬甸,出口總值(含復出口),7,26190
2019-6,39206210,聚對苯二甲酸乙二酯製板、片及扁條,澳大利亞,出口總值(含復出口),697,459248
2019-6,39206210,聚對苯二甲酸乙二酯製板、片及扁條,羅馬尼亞,出口總值(含復出口),3,218
2019-6,39209991,其他塑膠板、片及扁條，非多孔性及未經以其他物質加強、積層、支持或與其他物質類似結合者,中國大陸,進口總值(含復進口),525,136081
2019-6,39209991,其他塑膠板、片及扁條，非多孔性及未經以其他物質加強、積層、支持或與其他物質類似結合者,日本,進口總值(含復進口),148,22160
2019-6,39209991,其他塑膠板、片及扁條，非多孔性及未經以其他物質加強、積層、支持或與其他物質類似結合者,加拿大,進口總值(含復進口),23,433
2019-6,39209991,其他塑膠板、片及扁條，非多孔性及未經以其他物質加強、積層、支持或與其他物質類似結合者,南韓,進口總值(含復進口),207,46108
2019-6,39209991,其他塑膠板、片及扁條，非多孔性及未經以其他物質加強、積層、支持或與其他物質類似結合者,美國,進口總值(含復進口),376,6093
2019-6,39209991,其他塑膠板、片及扁條，非多孔性及未經以其他物質加強、積層、支持或與其他物質類似結合者,英國,進口總值(含復進口),41,6
2019-6,39209991,其他塑膠板、片及扁條，非多孔性及未經以其他物質加強、積層、支持或與其他物質類似結合者,馬來西亞,進口總值(含復進口),11,2112
2019-6,39209991,其他塑膠板、片及扁條，非多孔性及未經以其他物質加強、積層、支持或與其他物質類似結合者,新加坡,進口總值(含復進口),13,3921
2019-6,39209991,其他塑膠板、片及扁條，非多孔性及未經以其他物質加強、積層、支持或與其他物質類似結合者,德國,進口總值(含復進口),73,8144
2019-6,39209991,其他塑膠板、片及扁條，非多孔性及未經以其他物質加強、積層、支持或與其他物質類似結合者,中國大陸,出口總值(含復出口),2354,245529
2019-6,39209991,其他塑膠板、片及扁條，非多孔性及未經以其他物質加強、積層、支持或與其他物質類似結合者,日本,出口總值(含復出口),101,2973
2019-6,39209991,其他塑膠板、片及扁條，非多孔性及未經以其他物質加強、積層、支持或與其他物質類似結合者,印尼,出口總值(含復出口),12,4794
2019-6,39209991,其他塑膠板、片及扁條，非多孔性及未經以其他物質加強、積層、支持或與其他物質類似結合者,科威特,出口總值(含復出口),66,16245
2019-6,39209991,其他塑膠板、片及扁條，非多孔性及未經以其他物質加強、積層、支持或與其他物質類似結合者,美國,出口總值(含復出口),341,19503
2019-6,39209991,其他塑膠板、片及扁條，非多孔性及未經以其他物質加強、積層、支持或與其他物質類似結合者,香港,出口總值(含復出口),34,4385
2019-6,39209991,其他塑膠板、片及扁條，非多孔性及未經以其他物質加強、積層、支持或與其他物質類似結合者,剛果民主共和國,出口總值(含復出口),4,177
2019-6,39209991,其他塑膠板、片及扁條，非多孔性及未經以其他物質加強、積層、支持或與其他物質類似結合者,挪威,出口總值(含復出口),27,1313
2019-6,39209991,其他塑膠板、片及扁條，非多孔性及未經以其他物質加強、積層、支持或與其他物質類似結合者,泰國,出口總值(含復出口),39,11210
2019-6,39209991,其他塑膠板、片及扁條，非多孔性及未經以其他物質加強、積層、支持或與其他物質類似結合者,馬來西亞,出口總值(含復出口),6,1456
2019-6,39209991,其他塑膠板、片及扁條，非多孔性及未經以其他物質加強、積層、支持或與其他物質類似結合者,馬紹爾群島,出口總值(含復出口),2,1595
2019-6,39209991,其他塑膠板、片及扁條，非多孔性及未經以其他物質加強、積層、支持或與其他物質類似結合者,越南,出口總值(含復出口),73,21455
2019-6,39209991,其他塑膠板、片及扁條，非多孔性及未經以其他物質加強、積層、支持或與其他物質類似結合者,新加坡,出口總值(含復出口),11,3
2019-6,39209991,其他塑膠板、片及扁條，非多孔性及未經以其他物質加強、積層、支持或與其他物質類似結合者,德國,出口總值(含復出口),65,10818
2019-6,39209991,其他塑膠板、片及扁條，非多孔性及未經以其他物質加強、積層、支持或與其他物質類似結合者,緬甸,出口總值(含復出口),9,1800
2019-6,39209991,其他塑膠板、片及扁條，非多孔性及未經以其他物質加強、積層、支持或與其他物質類似結合者,澳大利亞,出口總值(含復出口),3,855
2019-7,39199020,供製造半導體晶圓用之自黏性圓形研磨墊，屬塑膠製品者,日本,進口總值(含復進口),280,2081
2019-7,39199020,供製造半導體晶圓用之自黏性圓形研磨墊，屬塑膠製品者,南韓,進口總值(含復進口),3,32
2019-7,39199020,供製造半導體晶圓用之自黏性圓形研磨墊，屬塑膠製品者,美國,進口總值(含復進口),1781,5656
2019-7,39199020,供製造半導體晶圓用之自黏性圓形研磨墊，屬塑膠製品者,英國,進口總值(含復進口),0,1
2019-7,39199020,供製造半導體晶圓用之自黏性圓形研磨墊，屬塑膠製品者,中國大陸,出口總值(含復出口),7726,16368
2019-7,39199020,供製造半導體晶圓用之自黏性圓形研磨墊，屬塑膠製品者,日本,出口總值(含復出口),272,909
2019-7,39199020,供製造半導體晶圓用之自黏性圓形研磨墊，屬塑膠製品者,以色列,出口總值(含復出口),3,60
2019-7,39199020,供製造半導體晶圓用之自黏性圓形研磨墊，屬塑膠製品者,南韓,出口總值(含復出口),11765,30002
2019-7,39199020,供製造半導體晶圓用之自黏性圓形研磨墊，屬塑膠製品者,美國,出口總值(含復出口),975,2779
2019-7,39199020,供製造半導體晶圓用之自黏性圓形研磨墊，屬塑膠製品者,馬來西亞,出口總值(含復出口),96,102
2019-7,39199020,供製造半導體晶圓用之自黏性圓形研磨墊，屬塑膠製品者,新加坡,出口總值(含復出口),1063,12246
2019-7,39201010,聚乙烯塑膠板、片及扁條,中國大陸,進口總值(含復進口),596,244052
2019-7,39201010,聚乙烯塑膠板、片及扁條,中華民國,進口總值(含復進口),10,4404
2019-7,39201010,聚乙烯塑膠板、片及扁條,日本,進口總值(含復進口),142,4672
2019-7,39201010,聚乙烯塑膠板、片及扁條,比利時,進口總值(含復進口),12,1163
2019-7,39201010,聚乙烯塑膠板、片及扁條,印度,進口總值(含復進口),9,2385
2019-7,39201010,聚乙烯塑膠板、片及扁條,南韓,進口總值(含復進口),8,1751
2019-7,39201010,聚乙烯塑膠板、片及扁條,美國,進口總值(含復進口),109,2492
2019-7,39201010,聚乙烯塑膠板、片及扁條,英國,進口總值(含復進口),0,1
2019-7,39201010,聚乙烯塑膠板、片及扁條,泰國,進口總值(含復進口),27,5380
2019-7,39201010,聚乙烯塑膠板、片及扁條,奧地利,進口總值(含復進口),7,731
2019-7,39201010,聚乙烯塑膠板、片及扁條,義大利,進口總值(含復進口),2,9
2019-7,39201010,聚乙烯塑膠板、片及扁條,德國,進口總值(含復進口),137,36525
2019-7,39201010,聚乙烯塑膠板、片及扁條,中國大陸,出口總值(含復出口),248,67571
2019-7,39201010,聚乙烯塑膠板、片及扁條,巴基斯坦,出口總值(含復出口),7,3680
2019-7,39201010,聚乙烯塑膠板、片及扁條,日本,出口總值(含復出口),275,49577
2019-7,39201010,聚乙烯塑膠板、片及扁條,牙買加,出口總值(含復出口),25,7560
2019-7,39201010,聚乙烯塑膠板、片及扁條,加拿大,出口總值(含復出口),20,2681
2019-7,39201010,聚乙烯塑膠板、片及扁條,印尼,出口總值(含復出口),6,2926
2019-7,39201010,聚乙烯塑膠板、片及扁條,印度,出口總值(含復出口),30,14200
2019-7,39201010,聚乙烯塑膠板、片及扁條,波蘭,出口總值(含復出口),6,41
2019-7,39201010,聚乙烯塑膠板、片及扁條,阿拉伯聯合大公國,出口總值(含復出口),40,22320
2019-7,39201010,聚乙烯塑膠板、片及扁條,柬埔寨,出口總值(含復出口),2,473
2019-7,39201010,聚乙烯塑膠板、片及扁條,美國,出口總值(含復出口),326,119036
2019-7,39201010,聚乙烯塑膠板、片及扁條,英國,出口總值(含復出口),2,164
2019-7,39201010,聚乙烯塑膠板、片及扁條,香港,出口總值(含復出口),109,52828
2019-7,39201010,聚乙烯塑膠板、片及扁條,泰國,出口總值(含復出口),409,99669
2019-7,39201010,聚乙烯塑膠板、片及扁條,馬來西亞,出口總值(含復出口),150,43244
2019-7,39201010,聚乙烯塑膠板、片及扁條,智利,出口總值(含復出口),3,3000
2019-7,39201010,聚乙烯塑膠板、片及扁條,菲律賓,出口總值(含復出口),41,4305
2019-7,39201010,聚乙烯塑膠板、片及扁條,越南,出口總值(含復出口),61,34113
2019-7,39201010,聚乙烯塑膠板、片及扁條,瑞士,出口總值(含復出口),4,10
2019-7,39201010,聚乙烯塑膠板、片及扁條,聖露西亞,出口總值(含復出口),3,830
2019-7,39201010,聚乙烯塑膠板、片及扁條,墨西哥,出口總值(含復出口),24,1458
2019-7,39201010,聚乙烯塑膠板、片及扁條,澳大利亞,出口總值(含復出口),6,554
2019-7,39202021,電容器用金屬化聚丙烯薄膜，留有未鍍邊，總寬度不超過１００公厘，總厚度在０．０１５公厘以上，０．０２５公厘以下者,中國大陸,進口總值(含復進口),33,1426
2019-7,39202021,電容器用金屬化聚丙烯薄膜，留有未鍍邊，總寬度不超過１００公厘，總厚度在０．０１５公厘以上，０．０２５公厘以下者,南韓,進口總值(含復進口),2,111
2019-7,39202021,電容器用金屬化聚丙烯薄膜，留有未鍍邊，總寬度不超過１００公厘，總厚度在０．０１５公厘以上，０．０２５公厘以下者,土耳其,出口總值(含復出口),3,125
2019-7,39205110,聚甲基丙烯酸甲酯板、片及扁條,中國大陸,進口總值(含復進口),49,3027
2019-7,39205110,聚甲基丙烯酸甲酯板、片及扁條,日本,進口總值(含復進口),104,12410
2019-7,39205110,聚甲基丙烯酸甲酯板、片及扁條,南韓,進口總值(含復進口),1490,619774
2019-7,39205110,聚甲基丙烯酸甲酯板、片及扁條,美國,進口總值(含復進口),284,52275
2019-7,39205110,聚甲基丙烯酸甲酯板、片及扁條,越南,進口總值(含復進口),142,37319
2019-7,39205110,聚甲基丙烯酸甲酯板、片及扁條,德國,進口總值(含復進口),2,150
2019-7,39205110,聚甲基丙烯酸甲酯板、片及扁條,中國大陸,出口總值(含復出口),9509,2917563
2019-7,39205110,聚甲基丙烯酸甲酯板、片及扁條,巴西,出口總值(含復出口),145,50220
2019-7,39205110,聚甲基丙烯酸甲酯板、片及扁條,日本,出口總值(含復出口),254,62260
2019-7,39205110,聚甲基丙烯酸甲酯板、片及扁條,加拿大,出口總值(含復出口),155,48471
2019-7,39205110,聚甲基丙烯酸甲酯板、片及扁條,卡達,出口總值(含復出口),177,63077
2019-7,39205110,聚甲基丙烯酸甲酯板、片及扁條,伊朗,出口總值(含復出口),370,124117
2019-7,39205110,聚甲基丙烯酸甲酯板、片及扁條,印度,出口總值(含復出口),380,177634
2019-7,39205110,聚甲基丙烯酸甲酯板、片及扁條,沙烏地阿拉伯,出口總值(含復出口),298,102009
2019-7,39205110,聚甲基丙烯酸甲酯板、片及扁條,其他國家,出口總值(含復出口),0,8
2019-7,39205110,聚甲基丙烯酸甲酯板、片及扁條,奈及利亞,出口總值(含復出口),116,46683
2019-7,39205110,聚甲基丙烯酸甲酯板、片及扁條,肯亞,出口總值(含復出口),30,9962
2019-7,39205110,聚甲基丙烯酸甲酯板、片及扁條,芬蘭,出口總值(含復出口),141,40150
2019-7,39205110,聚甲基丙烯酸甲酯板、片及扁條,阿拉伯聯合大公國,出口總值(含復出口),759,245354
2019-7,39205110,聚甲基丙烯酸甲酯板、片及扁條,阿根廷,出口總值(含復出口),71,24286
2019-7,39205110,聚甲基丙烯酸甲酯板、片及扁條,阿曼,出口總值(含復出口),49,16545
2019-7,39205110,聚甲基丙烯酸甲酯板、片及扁條,南韓,出口總值(含復出口),2816,877044
2019-7,39205110,聚甲基丙烯酸甲酯板、片及扁條,科威特,出口總值(含復出口),81,21347
2019-7,39205110,聚甲基丙烯酸甲酯板、片及扁條,美國,出口總值(含復出口),1816,547626
2019-7,39205110,聚甲基丙烯酸甲酯板、片及扁條,香港,出口總值(含復出口),408,113177
2019-7,39205110,聚甲基丙烯酸甲酯板、片及扁條,哥斯大黎加,出口總值(含復出口),7,1671
2019-7,39205110,聚甲基丙烯酸甲酯板、片及扁條,秘魯,出口總值(含復出口),48,12131
2019-7,39205110,聚甲基丙烯酸甲酯板、片及扁條,馬來西亞,出口總值(含復出口),35,26095
2019-7,39205110,聚甲基丙烯酸甲酯板、片及扁條,敘利亞,出口總值(含復出口),50,17667
2019-7,39205110,聚甲基丙烯酸甲酯板、片及扁條,越南,出口總值(含復出口),2576,796029
2019-7,39205110,聚甲基丙烯酸甲酯板、片及扁條,新加坡,出口總值(含復出口),190,64596
2019-7,39205110,聚甲基丙烯酸甲酯板、片及扁條,德國,出口總值(含復出口),17,2370
2019-7,39205110,聚甲基丙烯酸甲酯板、片及扁條,黎巴嫩,出口總值(含復出口),201,64430
2019-7,39205110,聚甲基丙烯酸甲酯板、片及扁條,墨西哥,出口總值(含復出口),60,19709
2019-7,39205110,聚甲基丙烯酸甲酯板、片及扁條,澳大利亞,出口總值(含復出口),76,20357
2019-7,39205110,聚甲基丙烯酸甲酯板、片及扁條,賽普勒斯,出口總值(含復出口),81,23520
2019-7,39205110,聚甲基丙烯酸甲酯板、片及扁條,薩爾瓦多,出口總值(含復出口),15,4604
2019-7,39206210,聚對苯二甲酸乙二酯製板、片及扁條,中國大陸,進口總值(含復進口),882,187494
2019-7,39206210,聚對苯二甲酸乙二酯製板、片及扁條,中華民國,進口總值(含復進口),39,3509
2019-7,39206210,聚對苯二甲酸乙二酯製板、片及扁條,日本,進口總值(含復進口),250,8981
2019-7,39206210,聚對苯二甲酸乙二酯製板、片及扁條,加拿大,進口總值(含復進口),1,442
2019-7,39206210,聚對苯二甲酸乙二酯製板、片及扁條,印度,進口總值(含復進口),21,9357
2019-7,39206210,聚對苯二甲酸乙二酯製板、片及扁條,南韓,進口總值(含復進口),589,170388
2019-7,39206210,聚對苯二甲酸乙二酯製板、片及扁條,義大利,進口總值(含復進口),26,10944
2019-7,39206210,聚對苯二甲酸乙二酯製板、片及扁條,千里達及托巴哥,出口總值(含復出口),33,23591
2019-7,39206210,聚對苯二甲酸乙二酯製板、片及扁條,中國大陸,出口總值(含復出口),6325,999191
2019-7,39206210,聚對苯二甲酸乙二酯製板、片及扁條,日本,出口總值(含復出口),1330,695145
2019-7,39206210,聚對苯二甲酸乙二酯製板、片及扁條,加拿大,出口總值(含復出口),249,181139
2019-7,39206210,聚對苯二甲酸乙二酯製板、片及扁條,印尼,出口總值(含復出口),65,40845
2019-7,39206210,聚對苯二甲酸乙二酯製板、片及扁條,印度,出口總值(含復出口),247,191300
2019-7,39206210,聚對苯二甲酸乙二酯製板、片及扁條,美國,出口總值(含復出口),506,329126
2019-7,39206210,聚對苯二甲酸乙二酯製板、片及扁條,英國,出口總值(含復出口),4,475
2019-7,39206210,聚對苯二甲酸乙二酯製板、片及扁條,香港,出口總值(含復出口),411,23288
2019-7,39206210,聚對苯二甲酸乙二酯製板、片及扁條,哥倫比亞,出口總值(含復出口),3,2100
2019-7,39206210,聚對苯二甲酸乙二酯製板、片及扁條,埃及,出口總值(含復出口),4,950
2019-7,39206210,聚對苯二甲酸乙二酯製板、片及扁條,泰國,出口總值(含復出口),253,114071
2019-7,39206210,聚對苯二甲酸乙二酯製板、片及扁條,紐西蘭,出口總值(含復出口),71,55081
2019-7,39206210,聚對苯二甲酸乙二酯製板、片及扁條,馬來西亞,出口總值(含復出口),428,200560
2019-7,39206210,聚對苯二甲酸乙二酯製板、片及扁條,荷蘭,出口總值(含復出口),112,83479
2019-7,39206210,聚對苯二甲酸乙二酯製板、片及扁條,斯里蘭卡,出口總值(含復出口),8,6200
2019-7,39206210,聚對苯二甲酸乙二酯製板、片及扁條,斯洛伐克,出口總值(含復出口),1,215
2019-7,39206210,聚對苯二甲酸乙二酯製板、片及扁條,菲律賓,出口總值(含復出口),200,112069
2019-7,39206210,聚對苯二甲酸乙二酯製板、片及扁條,新加坡,出口總值(含復出口),61,18799
2019-7,39206210,聚對苯二甲酸乙二酯製板、片及扁條,德國,出口總值(含復出口),12,8160
2019-7,39206210,聚對苯二甲酸乙二酯製板、片及扁條,澳大利亞,出口總值(含復出口),639,466669
2019-7,39209991,其他塑膠板、片及扁條，非多孔性及未經以其他物質加強、積層、支持或與其他物質類似結合者,中國大陸,進口總值(含復進口),463,106684
2019-7,39209991,其他塑膠板、片及扁條，非多孔性及未經以其他物質加強、積層、支持或與其他物質類似結合者,中華民國,進口總值(含復進口),11,86
2019-7,39209991,其他塑膠板、片及扁條，非多孔性及未經以其他物質加強、積層、支持或與其他物質類似結合者,日本,進口總值(含復進口),104,11950
2019-7,39209991,其他塑膠板、片及扁條，非多孔性及未經以其他物質加強、積層、支持或與其他物質類似結合者,加拿大,進口總值(含復進口),0,3
2019-7,39209991,其他塑膠板、片及扁條，非多孔性及未經以其他物質加強、積層、支持或與其他物質類似結合者,南韓,進口總值(含復進口),299,79372
2019-7,39209991,其他塑膠板、片及扁條，非多孔性及未經以其他物質加強、積層、支持或與其他物質類似結合者,美國,進口總值(含復進口),420,2606
2019-7,39209991,其他塑膠板、片及扁條，非多孔性及未經以其他物質加強、積層、支持或與其他物質類似結合者,英國,進口總值(含復進口),14,2
2019-7,39209991,其他塑膠板、片及扁條，非多孔性及未經以其他物質加強、積層、支持或與其他物質類似結合者,奧地利,進口總值(含復進口),72,546
2019-7,39209991,其他塑膠板、片及扁條，非多孔性及未經以其他物質加強、積層、支持或與其他物質類似結合者,義大利,進口總值(含復進口),56,1311
2019-7,39209991,其他塑膠板、片及扁條，非多孔性及未經以其他物質加強、積層、支持或與其他物質類似結合者,德國,進口總值(含復進口),44,1018
2019-7,39209991,其他塑膠板、片及扁條，非多孔性及未經以其他物質加強、積層、支持或與其他物質類似結合者,中國大陸,出口總值(含復出口),1833,174011
2019-7,39209991,其他塑膠板、片及扁條，非多孔性及未經以其他物質加強、積層、支持或與其他物質類似結合者,日本,出口總值(含復出口),109,1339
2019-7,39209991,其他塑膠板、片及扁條，非多孔性及未經以其他物質加強、積層、支持或與其他物質類似結合者,加拿大,出口總值(含復出口),89,45086
2019-7,39209991,其他塑膠板、片及扁條，非多孔性及未經以其他物質加強、積層、支持或與其他物質類似結合者,立陶宛,出口總值(含復出口),1,25
2019-7,39209991,其他塑膠板、片及扁條，非多孔性及未經以其他物質加強、積層、支持或與其他物質類似結合者,南韓,出口總值(含復出口),4,915
2019-7,39209991,其他塑膠板、片及扁條，非多孔性及未經以其他物質加強、積層、支持或與其他物質類似結合者,美國,出口總值(含復出口),296,21573
2019-7,39209991,其他塑膠板、片及扁條，非多孔性及未經以其他物質加強、積層、支持或與其他物質類似結合者,英國,出口總值(含復出口),6,162
2019-7,39209991,其他塑膠板、片及扁條，非多孔性及未經以其他物質加強、積層、支持或與其他物質類似結合者,香港,出口總值(含復出口),7,1350
2019-7,39209991,其他塑膠板、片及扁條，非多孔性及未經以其他物質加強、積層、支持或與其他物質類似結合者,剛果民主共和國,出口總值(含復出口),10,346
2019-7,39209991,其他塑膠板、片及扁條，非多孔性及未經以其他物質加強、積層、支持或與其他物質類似結合者,泰國,出口總值(含復出口),38,10562
2019-7,39209991,其他塑膠板、片及扁條，非多孔性及未經以其他物質加強、積層、支持或與其他物質類似結合者,秘魯,出口總值(含復出口),12,266
2019-7,39209991,其他塑膠板、片及扁條，非多孔性及未經以其他物質加強、積層、支持或與其他物質類似結合者,象牙海岸,出口總值(含復出口),6,270
2019-7,39209991,其他塑膠板、片及扁條，非多孔性及未經以其他物質加強、積層、支持或與其他物質類似結合者,越南,出口總值(含復出口),32,7920
2019-7,39209991,其他塑膠板、片及扁條，非多孔性及未經以其他物質加強、積層、支持或與其他物質類似結合者,義大利,出口總值(含復出口),15,680
2019-7,39209991,其他塑膠板、片及扁條，非多孔性及未經以其他物質加強、積層、支持或與其他物質類似結合者,德國,出口總值(含復出口),15,772
2019-7,39209991,其他塑膠板、片及扁條，非多孔性及未經以其他物質加強、積層、支持或與其他物質類似結合者,澳大利亞,出口總值(含復出口),9,6619
2019-7,39209991,其他塑膠板、片及扁條，非多孔性及未經以其他物質加強、積層、支持或與其他物質類似結合者,薩爾瓦多,出口總值(含復出口),0,4
2019-8,39199020,供製造半導體晶圓用之自黏性圓形研磨墊，屬塑膠製品者,中國大陸,進口總值(含復進口),11,18
2019-8,39199020,供製造半導體晶圓用之自黏性圓形研磨墊，屬塑膠製品者,中華民國,進口總值(含復進口),6,62
2019-8,39199020,供製造半導體晶圓用之自黏性圓形研磨墊，屬塑膠製品者,日本,進口總值(含復進口),360,2986
2019-8,39199020,供製造半導體晶圓用之自黏性圓形研磨墊，屬塑膠製品者,南韓,進口總值(含復進口),7,60
2019-8,39199020,供製造半導體晶圓用之自黏性圓形研磨墊，屬塑膠製品者,美國,進口總值(含復進口),1792,4991
2019-8,39199020,供製造半導體晶圓用之自黏性圓形研磨墊，屬塑膠製品者,義大利,進口總值(含復進口),3,19
2019-8,39199020,供製造半導體晶圓用之自黏性圓形研磨墊，屬塑膠製品者,中國大陸,出口總值(含復出口),6874,14782
2019-8,39199020,供製造半導體晶圓用之自黏性圓形研磨墊，屬塑膠製品者,日本,出口總值(含復出口),373,1209
2019-8,39199020,供製造半導體晶圓用之自黏性圓形研磨墊，屬塑膠製品者,南韓,出口總值(含復出口),7701,19020
2019-8,39199020,供製造半導體晶圓用之自黏性圓形研磨墊，屬塑膠製品者,美國,出口總值(含復出口),616,1746
2019-8,39199020,供製造半導體晶圓用之自黏性圓形研磨墊，屬塑膠製品者,馬來西亞,出口總值(含復出口),124,127
2019-8,39199020,供製造半導體晶圓用之自黏性圓形研磨墊，屬塑膠製品者,新加坡,出口總值(含復出口),949,1962
2019-8,39201010,聚乙烯塑膠板、片及扁條,中國大陸,進口總值(含復進口),442,179540
2019-8,39201010,聚乙烯塑膠板、片及扁條,中華民國,進口總值(含復進口),3,6028
2019-8,39201010,聚乙烯塑膠板、片及扁條,日本,進口總值(含復進口),332,27252
2019-8,39201010,聚乙烯塑膠板、片及扁條,比利時,進口總值(含復進口),26,2499
2019-8,39201010,聚乙烯塑膠板、片及扁條,印度,進口總值(含復進口),7,1908
2019-8,39201010,聚乙烯塑膠板、片及扁條,西班牙,進口總值(含復進口),28,24516
2019-8,39201010,聚乙烯塑膠板、片及扁條,法國,進口總值(含復進口),136,60000
2019-8,39201010,聚乙烯塑膠板、片及扁條,南韓,進口總值(含復進口),28,10910
2019-8,39201010,聚乙烯塑膠板、片及扁條,美國,進口總值(含復進口),19,1386
2019-8,39201010,聚乙烯塑膠板、片及扁條,英國,進口總值(含復進口),12,3156
2019-8,39201010,聚乙烯塑膠板、片及扁條,泰國,進口總值(含復進口),18,1952
2019-8,39201010,聚乙烯塑膠板、片及扁條,馬來西亞,進口總值(含復進口),50,28028
2019-8,39201010,聚乙烯塑膠板、片及扁條,奧地利,進口總值(含復進口),2,60
2019-8,39201010,聚乙烯塑膠板、片及扁條,瑞典,進口總值(含復進口),14,400
2019-8,39201010,聚乙烯塑膠板、片及扁條,義大利,進口總值(含復進口),16,7984
2019-8,39201010,聚乙烯塑膠板、片及扁條,德國,進口總值(含復進口),7,551
2019-8,39201010,聚乙烯塑膠板、片及扁條,中國大陸,出口總值(含復出口),359,111641
2019-8,39201010,聚乙烯塑膠板、片及扁條,巴拉圭,出口總值(含復出口),0,100
2019-8,39201010,聚乙烯塑膠板、片及扁條,日本,出口總值(含復出口),201,66307
2019-8,39201010,聚乙烯塑膠板、片及扁條,加拿大,出口總值(含復出口),9,888
2019-8,39201010,聚乙烯塑膠板、片及扁條,印尼,出口總值(含復出口),21,4572
2019-8,39201010,聚乙烯塑膠板、片及扁條,印度,出口總值(含復出口),47,24580
2019-8,39201010,聚乙烯塑膠板、片及扁條,波蘭,出口總值(含復出口),3,22
2019-8,39201010,聚乙烯塑膠板、片及扁條,俄羅斯,出口總值(含復出口),3,120
2019-8,39201010,聚乙烯塑膠板、片及扁條,柬埔寨,出口總值(含復出口),13,5737
2019-8,39201010,聚乙烯塑膠板、片及扁條,美國,出口總值(含復出口),250,80542
2019-8,39201010,聚乙烯塑膠板、片及扁條,香港,出口總值(含復出口),103,49205
2019-8,39201010,聚乙烯塑膠板、片及扁條,埃及,出口總值(含復出口),9,2838
2019-8,39201010,聚乙烯塑膠板、片及扁條,泰國,出口總值(含復出口),353,82446
2019-8,39201010,聚乙烯塑膠板、片及扁條,馬來西亞,出口總值(含復出口),126,35686
2019-8,39201010,聚乙烯塑膠板、片及扁條,智利,出口總值(含復出口),7,6000
2019-8,39201010,聚乙烯塑膠板、片及扁條,菲律賓,出口總值(含復出口),83,10820
2019-8,39201010,聚乙烯塑膠板、片及扁條,越南,出口總值(含復出口),95,27294
2019-8,39201010,聚乙烯塑膠板、片及扁條,新加坡,出口總值(含復出口),19,11040
2019-8,39201010,聚乙烯塑膠板、片及扁條,瑞士,出口總值(含復出口),2,7
2019-8,39201010,聚乙烯塑膠板、片及扁條,聖露西亞,出口總值(含復出口),11,3420
2019-8,39201010,聚乙烯塑膠板、片及扁條,德國,出口總值(含復出口),37,108
2019-8,39201010,聚乙烯塑膠板、片及扁條,墨西哥,出口總值(含復出口),8,55
2019-8,39201010,聚乙烯塑膠板、片及扁條,澳大利亞,出口總值(含復出口),5,238
2019-8,39202021,電容器用金屬化聚丙烯薄膜，留有未鍍邊，總寬度不超過１００公厘，總厚度在０．０１５公厘以上，０．０２５公厘以下者,中國大陸,進口總值(含復進口),228,7769
2019-8,39205110,聚甲基丙烯酸甲酯板、片及扁條,土耳其,進口總值(含復進口),3,74
2019-8,39205110,聚甲基丙烯酸甲酯板、片及扁條,中國大陸,進口總值(含復進口),160,34535
2019-8,39205110,聚甲基丙烯酸甲酯板、片及扁條,日本,進口總值(含復進口),51,710
2019-8,39205110,聚甲基丙烯酸甲酯板、片及扁條,法國,進口總值(含復進口),9,800
2019-8,39205110,聚甲基丙烯酸甲酯板、片及扁條,南韓,進口總值(含復進口),1005,387834
2019-8,39205110,聚甲基丙烯酸甲酯板、片及扁條,美國,進口總值(含復進口),329,70689
2019-8,39205110,聚甲基丙烯酸甲酯板、片及扁條,中國大陸,出口總值(含復出口),8262,2701857
2019-8,39205110,聚甲基丙烯酸甲酯板、片及扁條,巴西,出口總值(含復出口),77,25975
2019-8,39205110,聚甲基丙烯酸甲酯板、片及扁條,巴林,出口總值(含復出口),47,16346
2019-8,39205110,聚甲基丙烯酸甲酯板、片及扁條,日本,出口總值(含復出口),404,94996
2019-8,39205110,聚甲基丙烯酸甲酯板、片及扁條,加拿大,出口總值(含復出口),81,22840
2019-8,39205110,聚甲基丙烯酸甲酯板、片及扁條,卡達,出口總值(含復出口),61,23114
2019-8,39205110,聚甲基丙烯酸甲酯板、片及扁條,瓜地馬拉,出口總值(含復出口),47,14953
2019-8,39205110,聚甲基丙烯酸甲酯板、片及扁條,印尼,出口總值(含復出口),2,389
2019-8,39205110,聚甲基丙烯酸甲酯板、片及扁條,印度,出口總值(含復出口),278,148796
2019-8,39205110,聚甲基丙烯酸甲酯板、片及扁條,多明尼加,出口總值(含復出口),55,17319
2019-8,39205110,聚甲基丙烯酸甲酯板、片及扁條,沙烏地阿拉伯,出口總值(含復出口),299,106278
2019-8,39205110,聚甲基丙烯酸甲酯板、片及扁條,奈及利亞,出口總值(含復出口),113,49634
2019-8,39205110,聚甲基丙烯酸甲酯板、片及扁條,芬蘭,出口總值(含復出口),95,28100
2019-8,39205110,聚甲基丙烯酸甲酯板、片及扁條,阿拉伯聯合大公國,出口總值(含復出口),1067,341541
2019-8,39205110,聚甲基丙烯酸甲酯板、片及扁條,阿曼,出口總值(含復出口),46,16617
2019-8,39205110,聚甲基丙烯酸甲酯板、片及扁條,南韓,出口總值(含復出口),5175,1619675
2019-8,39205110,聚甲基丙烯酸甲酯板、片及扁條,科威特,出口總值(含復出口),49,16999
2019-8,39205110,聚甲基丙烯酸甲酯板、片及扁條,約旦,出口總值(含復出口),15,3139
2019-8,39205110,聚甲基丙烯酸甲酯板、片及扁條,美國,出口總值(含復出口),1910,605709
2019-8,39205110,聚甲基丙烯酸甲酯板、片及扁條,香港,出口總值(含復出口),445,132993
2019-8,39205110,聚甲基丙烯酸甲酯板、片及扁條,哥斯大黎加,出口總值(含復出口),7,1506
2019-8,39205110,聚甲基丙烯酸甲酯板、片及扁條,泰國,出口總值(含復出口),6,713
2019-8,39205110,聚甲基丙烯酸甲酯板、片及扁條,紐西蘭,出口總值(含復出口),66,18385
2019-8,39205110,聚甲基丙烯酸甲酯板、片及扁條,馬來西亞,出口總值(含復出口),70,28639
2019-8,39205110,聚甲基丙烯酸甲酯板、片及扁條,敘利亞,出口總值(含復出口),51,16143
2019-8,39205110,聚甲基丙烯酸甲酯板、片及扁條,智利,出口總值(含復出口),28,6273
2019-8,39205110,聚甲基丙烯酸甲酯板、片及扁條,越南,出口總值(含復出口),2276,715063
2019-8,39205110,聚甲基丙烯酸甲酯板、片及扁條,新加坡,出口總值(含復出口),308,94242
2019-8,39205110,聚甲基丙烯酸甲酯板、片及扁條,德國,出口總值(含復出口),18,2665
2019-8,39205110,聚甲基丙烯酸甲酯板、片及扁條,澳大利亞,出口總值(含復出口),269,84785
2019-8,39206210,聚對苯二甲酸乙二酯製板、片及扁條,中國大陸,進口總值(含復進口),419,165602
2019-8,39206210,聚對苯二甲酸乙二酯製板、片及扁條,日本,進口總值(含復進口),100,5270
2019-8,39206210,聚對苯二甲酸乙二酯製板、片及扁條,南韓,進口總值(含復進口),810,232759
2019-8,39206210,聚對苯二甲酸乙二酯製板、片及扁條,美國,進口總值(含復進口),3,150
2019-8,39206210,聚對苯二甲酸乙二酯製板、片及扁條,泰國,進口總值(含復進口),27,18473
2019-8,39206210,聚對苯二甲酸乙二酯製板、片及扁條,菲律賓,進口總值(含復進口),1,45
2019-8,39206210,聚對苯二甲酸乙二酯製板、片及扁條,越南,進口總值(含復進口),14,17876
2019-8,39206210,聚對苯二甲酸乙二酯製板、片及扁條,千里達及托巴哥,出口總值(含復出口),64,47217
2019-8,39206210,聚對苯二甲酸乙二酯製板、片及扁條,中國大陸,出口總值(含復出口),7778,1154286
2019-8,39206210,聚對苯二甲酸乙二酯製板、片及扁條,日本,出口總值(含復出口),946,492872
2019-8,39206210,聚對苯二甲酸乙二酯製板、片及扁條,加拿大,出口總值(含復出口),92,61261
2019-8,39206210,聚對苯二甲酸乙二酯製板、片及扁條,印尼,出口總值(含復出口),43,9959
2019-8,39206210,聚對苯二甲酸乙二酯製板、片及扁條,印度,出口總值(含復出口),329,257500
2019-8,39206210,聚對苯二甲酸乙二酯製板、片及扁條,多明尼加,出口總值(含復出口),2,1024
2019-8,39206210,聚對苯二甲酸乙二酯製板、片及扁條,西班牙,出口總值(含復出口),1,103
2019-8,39206210,聚對苯二甲酸乙二酯製板、片及扁條,法屬玻里尼西亞,出口總值(含復出口),9,5120
2019-8,39206210,聚對苯二甲酸乙二酯製板、片及扁條,阿拉伯聯合大公國,出口總值(含復出口),53,40800
2019-8,39206210,聚對苯二甲酸乙二酯製板、片及扁條,美國,出口總值(含復出口),539,273702
2019-8,39206210,聚對苯二甲酸乙二酯製板、片及扁條,香港,出口總值(含復出口),90,4560
2019-8,39206210,聚對苯二甲酸乙二酯製板、片及扁條,哥斯大黎加,出口總值(含復出口),27,18342
2019-8,39206210,聚對苯二甲酸乙二酯製板、片及扁條,泰國,出口總值(含復出口),112,61640
2019-8,39206210,聚對苯二甲酸乙二酯製板、片及扁條,紐西蘭,出口總值(含復出口),88,56678
2019-8,39206210,聚對苯二甲酸乙二酯製板、片及扁條,馬來西亞,出口總值(含復出口),612,288160
2019-8,39206210,聚對苯二甲酸乙二酯製板、片及扁條,荷蘭,出口總值(含復出口),108,81392
2019-8,39206210,聚對苯二甲酸乙二酯製板、片及扁條,斯里蘭卡,出口總值(含復出口),9,6450
2019-8,39206210,聚對苯二甲酸乙二酯製板、片及扁條,菲律賓,出口總值(含復出口),241,130929
2019-8,39206210,聚對苯二甲酸乙二酯製板、片及扁條,越南,出口總值(含復出口),25,6800
2019-8,39206210,聚對苯二甲酸乙二酯製板、片及扁條,新加坡,出口總值(含復出口),60,31744
2019-8,39206210,聚對苯二甲酸乙二酯製板、片及扁條,德國,出口總值(含復出口),23,8550
2019-8,39206210,聚對苯二甲酸乙二酯製板、片及扁條,澳大利亞,出口總值(含復出口),568,415921
2019-8,39209991,其他塑膠板、片及扁條，非多孔性及未經以其他物質加強、積層、支持或與其他物質類似結合者,中國大陸,進口總值(含復進口),397,88741
2019-8,39209991,其他塑膠板、片及扁條，非多孔性及未經以其他物質加強、積層、支持或與其他物質類似結合者,日本,進口總值(含復進口),29,941
2019-8,39209991,其他塑膠板、片及扁條，非多孔性及未經以其他物質加強、積層、支持或與其他物質類似結合者,加拿大,進口總值(含復進口),1,18
2019-8,39209991,其他塑膠板、片及扁條，非多孔性及未經以其他物質加強、積層、支持或與其他物質類似結合者,法國,進口總值(含復進口),0,1
2019-8,39209991,其他塑膠板、片及扁條，非多孔性及未經以其他物質加強、積層、支持或與其他物質類似結合者,南韓,進口總值(含復進口),298,76138
2019-8,39209991,其他塑膠板、片及扁條，非多孔性及未經以其他物質加強、積層、支持或與其他物質類似結合者,美國,進口總值(含復進口),195,2668
2019-8,39209991,其他塑膠板、片及扁條，非多孔性及未經以其他物質加強、積層、支持或與其他物質類似結合者,英國,進口總值(含復進口),41,5
2019-8,39209991,其他塑膠板、片及扁條，非多孔性及未經以其他物質加強、積層、支持或與其他物質類似結合者,馬來西亞,進口總值(含復進口),11,2112
2019-8,39209991,其他塑膠板、片及扁條，非多孔性及未經以其他物質加強、積層、支持或與其他物質類似結合者,新加坡,進口總值(含復進口),7,2133
2019-8,39209991,其他塑膠板、片及扁條，非多孔性及未經以其他物質加強、積層、支持或與其他物質類似結合者,義大利,進口總值(含復進口),16,11763
2019-8,39209991,其他塑膠板、片及扁條，非多孔性及未經以其他物質加強、積層、支持或與其他物質類似結合者,葡萄牙,進口總值(含復進口),28,48620
2019-8,39209991,其他塑膠板、片及扁條，非多孔性及未經以其他物質加強、積層、支持或與其他物質類似結合者,德國,進口總值(含復進口),95,2636
2019-8,39209991,其他塑膠板、片及扁條，非多孔性及未經以其他物質加強、積層、支持或與其他物質類似結合者,中國大陸,出口總值(含復出口),2292,183592
2019-8,39209991,其他塑膠板、片及扁條，非多孔性及未經以其他物質加強、積層、支持或與其他物質類似結合者,日本,出口總值(含復出口),69,876
2019-8,39209991,其他塑膠板、片及扁條，非多孔性及未經以其他物質加強、積層、支持或與其他物質類似結合者,加拿大,出口總值(含復出口),21,16342
2019-8,39209991,其他塑膠板、片及扁條，非多孔性及未經以其他物質加強、積層、支持或與其他物質類似結合者,美國,出口總值(含復出口),110,4842
2019-8,39209991,其他塑膠板、片及扁條，非多孔性及未經以其他物質加強、積層、支持或與其他物質類似結合者,英國,出口總值(含復出口),4,100
2019-8,39209991,其他塑膠板、片及扁條，非多孔性及未經以其他物質加強、積層、支持或與其他物質類似結合者,香港,出口總值(含復出口),17,1573
2019-8,39209991,其他塑膠板、片及扁條，非多孔性及未經以其他物質加強、積層、支持或與其他物質類似結合者,泰國,出口總值(含復出口),3,1133
2019-8,39209991,其他塑膠板、片及扁條，非多孔性及未經以其他物質加強、積層、支持或與其他物質類似結合者,菲律賓,出口總值(含復出口),74,11674
2019-8,39209991,其他塑膠板、片及扁條，非多孔性及未經以其他物質加強、積層、支持或與其他物質類似結合者,越南,出口總值(含復出口),15,2753
2019-8,39209991,其他塑膠板、片及扁條，非多孔性及未經以其他物質加強、積層、支持或與其他物質類似結合者,新加坡,出口總值(含復出口),5,957
2019-8,39209991,其他塑膠板、片及扁條，非多孔性及未經以其他物質加強、積層、支持或與其他物質類似結合者,德國,出口總值(含復出口),3,69
2019-8,39209991,其他塑膠板、片及扁條，非多孔性及未經以其他物質加強、積層、支持或與其他物質類似結合者,緬甸,出口總值(含復出口),3,600
2019-9,39199020,供製造半導體晶圓用之自黏性圓形研磨墊，屬塑膠製品者,中國大陸,進口總值(含復進口),4,14
2019-9,39199020,供製造半導體晶圓用之自黏性圓形研磨墊，屬塑膠製品者,日本,進口總值(含復進口),349,3272
2019-9,39199020,供製造半導體晶圓用之自黏性圓形研磨墊，屬塑膠製品者,美國,進口總值(含復進口),1572,5281
2019-9,39199020,供製造半導體晶圓用之自黏性圓形研磨墊，屬塑膠製品者,中國大陸,出口總值(含復出口),8237,17794
2019-9,39199020,供製造半導體晶圓用之自黏性圓形研磨墊，屬塑膠製品者,巴西,出口總值(含復出口),3,6
2019-9,39199020,供製造半導體晶圓用之自黏性圓形研磨墊，屬塑膠製品者,日本,出口總值(含復出口),307,1000
2019-9,39199020,供製造半導體晶圓用之自黏性圓形研磨墊，屬塑膠製品者,南韓,出口總值(含復出口),9795,25061
2019-9,39199020,供製造半導體晶圓用之自黏性圓形研磨墊，屬塑膠製品者,美國,出口總值(含復出口),957,2770
2019-9,39199020,供製造半導體晶圓用之自黏性圓形研磨墊，屬塑膠製品者,馬來西亞,出口總值(含復出口),82,88
2019-9,39199020,供製造半導體晶圓用之自黏性圓形研磨墊，屬塑膠製品者,新加坡,出口總值(含復出口),1520,3147
2019-9,39201010,聚乙烯塑膠板、片及扁條,中國大陸,進口總值(含復進口),688,278247
2019-9,39201010,聚乙烯塑膠板、片及扁條,中華民國,進口總值(含復進口),1,5890
2019-9,39201010,聚乙烯塑膠板、片及扁條,日本,進口總值(含復進口),347,31327
2019-9,39201010,聚乙烯塑膠板、片及扁條,比利時,進口總值(含復進口),26,2427
2019-9,39201010,聚乙烯塑膠板、片及扁條,印度,進口總值(含復進口),7,1908
2019-9,39201010,聚乙烯塑膠板、片及扁條,法國,進口總值(含復進口),134,60000
2019-9,39201010,聚乙烯塑膠板、片及扁條,美國,進口總值(含復進口),47,1396
2019-9,39201010,聚乙烯塑膠板、片及扁條,荷蘭,進口總值(含復進口),4,72
2019-9,39201010,聚乙烯塑膠板、片及扁條,奧地利,進口總值(含復進口),26,3893
2019-9,39201010,聚乙烯塑膠板、片及扁條,瑞士,進口總值(含復進口),0,1
2019-9,39201010,聚乙烯塑膠板、片及扁條,義大利,進口總值(含復進口),16,4875
2019-9,39201010,聚乙烯塑膠板、片及扁條,德國,進口總值(含復進口),110,31500
2019-9,39201010,聚乙烯塑膠板、片及扁條,中國大陸,出口總值(含復出口),169,47077
2019-9,39201010,聚乙烯塑膠板、片及扁條,日本,出口總值(含復出口),229,60384
2019-9,39201010,聚乙烯塑膠板、片及扁條,加拿大,出口總值(含復出口),25,4170
2019-9,39201010,聚乙烯塑膠板、片及扁條,印尼,出口總值(含復出口),12,5852
2019-9,39201010,聚乙烯塑膠板、片及扁條,宏都拉斯,出口總值(含復出口),15,995
2019-9,39201010,聚乙烯塑膠板、片及扁條,奈及利亞,出口總值(含復出口),10,6000
2019-9,39201010,聚乙烯塑膠板、片及扁條,俄羅斯,出口總值(含復出口),2,93
2019-9,39201010,聚乙烯塑膠板、片及扁條,柬埔寨,出口總值(含復出口),28,9486
2019-9,39201010,聚乙烯塑膠板、片及扁條,美國,出口總值(含復出口),57,13448
2019-9,39201010,聚乙烯塑膠板、片及扁條,英國,出口總值(含復出口),7,412
2019-9,39201010,聚乙烯塑膠板、片及扁條,香港,出口總值(含復出口),70,52056
2019-9,39201010,聚乙烯塑膠板、片及扁條,泰國,出口總值(含復出口),327,84444
2019-9,39201010,聚乙烯塑膠板、片及扁條,紐西蘭,出口總值(含復出口),4,120
2019-9,39201010,聚乙烯塑膠板、片及扁條,馬來西亞,出口總值(含復出口),103,23825
2019-9,39201010,聚乙烯塑膠板、片及扁條,智利,出口總值(含復出口),8,5666
2019-9,39201010,聚乙烯塑膠板、片及扁條,菲律賓,出口總值(含復出口),100,24047
2019-9,39201010,聚乙烯塑膠板、片及扁條,越南,出口總值(含復出口),102,28534
2019-9,39201010,聚乙烯塑膠板、片及扁條,新加坡,出口總值(含復出口),19,11040
2019-9,39201010,聚乙烯塑膠板、片及扁條,德國,出口總值(含復出口),17,72
2019-9,39201010,聚乙烯塑膠板、片及扁條,墨西哥,出口總值(含復出口),6,107
2019-9,39201010,聚乙烯塑膠板、片及扁條,澳大利亞,出口總值(含復出口),7,358
2019-9,39202021,電容器用金屬化聚丙烯薄膜，留有未鍍邊，總寬度不超過１００公厘，總厚度在０．０１５公厘以上，０．０２５公厘以下者,中國大陸,進口總值(含復進口),19,740
2019-9,39205110,聚甲基丙烯酸甲酯板、片及扁條,中國大陸,進口總值(含復進口),130,38941
2019-9,39205110,聚甲基丙烯酸甲酯板、片及扁條,日本,進口總值(含復進口),53,19415
2019-9,39205110,聚甲基丙烯酸甲酯板、片及扁條,南韓,進口總值(含復進口),908,385588
2019-9,39205110,聚甲基丙烯酸甲酯板、片及扁條,美國,進口總值(含復進口),243,55549
2019-9,39205110,聚甲基丙烯酸甲酯板、片及扁條,越南,進口總值(含復進口),50,13165
2019-9,39205110,聚甲基丙烯酸甲酯板、片及扁條,德國,進口總值(含復進口),3,193
2019-9,39205110,聚甲基丙烯酸甲酯板、片及扁條,中國大陸,出口總值(含復出口),8671,2864372
2019-9,39205110,聚甲基丙烯酸甲酯板、片及扁條,日本,出口總值(含復出口),369,96064
2019-9,39205110,聚甲基丙烯酸甲酯板、片及扁條,以色列,出口總值(含復出口),22,6905
2019-9,39205110,聚甲基丙烯酸甲酯板、片及扁條,卡達,出口總值(含復出口),51,18082
2019-9,39205110,聚甲基丙烯酸甲酯板、片及扁條,伊朗,出口總值(含復出口),222,78997
2019-9,39205110,聚甲基丙烯酸甲酯板、片及扁條,印度,出口總值(含復出口),175,75504
2019-9,39205110,聚甲基丙烯酸甲酯板、片及扁條,多明尼加,出口總值(含復出口),21,6988
2019-9,39205110,聚甲基丙烯酸甲酯板、片及扁條,宏都拉斯,出口總值(含復出口),67,22027
2019-9,39205110,聚甲基丙烯酸甲酯板、片及扁條,希臘,出口總值(含復出口),5,90
2019-9,39205110,聚甲基丙烯酸甲酯板、片及扁條,沙烏地阿拉伯,出口總值(含復出口),359,124009
2019-9,39205110,聚甲基丙烯酸甲酯板、片及扁條,波多黎各,出口總值(含復出口),107,36980
2019-9,39205110,聚甲基丙烯酸甲酯板、片及扁條,芬蘭,出口總值(含復出口),46,13895
2019-9,39205110,聚甲基丙烯酸甲酯板、片及扁條,阿拉伯聯合大公國,出口總值(含復出口),943,323472
2019-9,39205110,聚甲基丙烯酸甲酯板、片及扁條,阿曼,出口總值(含復出口),47,17009
2019-9,39205110,聚甲基丙烯酸甲酯板、片及扁條,南非,出口總值(含復出口),10,3312
2019-9,39205110,聚甲基丙烯酸甲酯板、片及扁條,南韓,出口總值(含復出口),1790,565091
2019-9,39205110,聚甲基丙烯酸甲酯板、片及扁條,科威特,出口總值(含復出口),48,18077
2019-9,39205110,聚甲基丙烯酸甲酯板、片及扁條,約旦,出口總值(含復出口),45,15879
2019-9,39205110,聚甲基丙烯酸甲酯板、片及扁條,美國,出口總值(含復出口),2165,707438
2019-9,39205110,聚甲基丙烯酸甲酯板、片及扁條,英國,出口總值(含復出口),21,4822
2019-9,39205110,聚甲基丙烯酸甲酯板、片及扁條,香港,出口總值(含復出口),222,66793
2019-9,39205110,聚甲基丙烯酸甲酯板、片及扁條,泰國,出口總值(含復出口),2,215
2019-9,39205110,聚甲基丙烯酸甲酯板、片及扁條,紐西蘭,出口總值(含復出口),8,2041
2019-9,39205110,聚甲基丙烯酸甲酯板、片及扁條,馬來西亞,出口總值(含復出口),11,6008
2019-9,39205110,聚甲基丙烯酸甲酯板、片及扁條,敘利亞,出口總值(含復出口),52,16989
2019-9,39205110,聚甲基丙烯酸甲酯板、片及扁條,越南,出口總值(含復出口),819,250326
2019-9,39205110,聚甲基丙烯酸甲酯板、片及扁條,新加坡,出口總值(含復出口),301,105226
2019-9,39205110,聚甲基丙烯酸甲酯板、片及扁條,德國,出口總值(含復出口),6,875
2019-9,39205110,聚甲基丙烯酸甲酯板、片及扁條,黎巴嫩,出口總值(含復出口),56,15680
2019-9,39205110,聚甲基丙烯酸甲酯板、片及扁條,澳大利亞,出口總值(含復出口),213,75108
2019-9,39206210,聚對苯二甲酸乙二酯製板、片及扁條,中國大陸,進口總值(含復進口),798,178848
2019-9,39206210,聚對苯二甲酸乙二酯製板、片及扁條,中華民國,進口總值(含復進口),73,12125
2019-9,39206210,聚對苯二甲酸乙二酯製板、片及扁條,日本,進口總值(含復進口),78,8496
2019-9,39206210,聚對苯二甲酸乙二酯製板、片及扁條,南韓,進口總值(含復進口),763,219084
2019-9,39206210,聚對苯二甲酸乙二酯製板、片及扁條,菲律賓,進口總值(含復進口),0,12
2019-9,39206210,聚對苯二甲酸乙二酯製板、片及扁條,越南,進口總值(含復進口),43,58771
2019-9,39206210,聚對苯二甲酸乙二酯製板、片及扁條,德國,進口總值(含復進口),1,228
2019-9,39206210,聚對苯二甲酸乙二酯製板、片及扁條,中國大陸,出口總值(含復出口),6486,974676
2019-9,39206210,聚對苯二甲酸乙二酯製板、片及扁條,日本,出口總值(含復出口),860,486841
2019-9,39206210,聚對苯二甲酸乙二酯製板、片及扁條,加拿大,出口總值(含復出口),233,165928
2019-9,39206210,聚對苯二甲酸乙二酯製板、片及扁條,印尼,出口總值(含復出口),62,32638
2019-9,39206210,聚對苯二甲酸乙二酯製板、片及扁條,印度,出口總值(含復出口),279,220025
2019-9,39206210,聚對苯二甲酸乙二酯製板、片及扁條,汶萊,出口總值(含復出口),21,18000
2019-9,39206210,聚對苯二甲酸乙二酯製板、片及扁條,美國,出口總值(含復出口),598,369324
2019-9,39206210,聚對苯二甲酸乙二酯製板、片及扁條,香港,出口總值(含復出口),214,27717
2019-9,39206210,聚對苯二甲酸乙二酯製板、片及扁條,哥倫比亞,出口總值(含復出口),9,7000
2019-9,39206210,聚對苯二甲酸乙二酯製板、片及扁條,哥斯大黎加,出口總值(含復出口),25,18100
2019-9,39206210,聚對苯二甲酸乙二酯製板、片及扁條,泰國,出口總值(含復出口),76,35660
2019-9,39206210,聚對苯二甲酸乙二酯製板、片及扁條,紐西蘭,出口總值(含復出口),70,55292
2019-9,39206210,聚對苯二甲酸乙二酯製板、片及扁條,馬來西亞,出口總值(含復出口),360,174505
2019-9,39206210,聚對苯二甲酸乙二酯製板、片及扁條,荷蘭,出口總值(含復出口),89,61259
2019-9,39206210,聚對苯二甲酸乙二酯製板、片及扁條,斯里蘭卡,出口總值(含復出口),35,22750
2019-9,39206210,聚對苯二甲酸乙二酯製板、片及扁條,菲律賓,出口總值(含復出口),268,148081
2019-9,39206210,聚對苯二甲酸乙二酯製板、片及扁條,越南,出口總值(含復出口),32,16568
2019-9,39206210,聚對苯二甲酸乙二酯製板、片及扁條,新加坡,出口總值(含復出口),27,16361
2019-9,39206210,聚對苯二甲酸乙二酯製板、片及扁條,澳大利亞,出口總值(含復出口),815,669937
2019-9,39209991,其他塑膠板、片及扁條，非多孔性及未經以其他物質加強、積層、支持或與其他物質類似結合者,中國大陸,進口總值(含復進口),312,52781
2019-9,39209991,其他塑膠板、片及扁條，非多孔性及未經以其他物質加強、積層、支持或與其他物質類似結合者,日本,進口總值(含復進口),152,8498
2019-9,39209991,其他塑膠板、片及扁條，非多孔性及未經以其他物質加強、積層、支持或與其他物質類似結合者,加拿大,進口總值(含復進口),0,5
2019-9,39209991,其他塑膠板、片及扁條，非多孔性及未經以其他物質加強、積層、支持或與其他物質類似結合者,西班牙,進口總值(含復進口),0,0
2019-9,39209991,其他塑膠板、片及扁條，非多孔性及未經以其他物質加強、積層、支持或與其他物質類似結合者,南韓,進口總值(含復進口),287,57398
2019-9,39209991,其他塑膠板、片及扁條，非多孔性及未經以其他物質加強、積層、支持或與其他物質類似結合者,美國,進口總值(含復進口),285,970
2019-9,39209991,其他塑膠板、片及扁條，非多孔性及未經以其他物質加強、積層、支持或與其他物質類似結合者,英國,進口總值(含復進口),27,4
2019-9,39209991,其他塑膠板、片及扁條，非多孔性及未經以其他物質加強、積層、支持或與其他物質類似結合者,馬來西亞,進口總值(含復進口),4,1672
2019-9,39209991,其他塑膠板、片及扁條，非多孔性及未經以其他物質加強、積層、支持或與其他物質類似結合者,奧地利,進口總值(含復進口),45,48
2019-9,39209991,其他塑膠板、片及扁條，非多孔性及未經以其他物質加強、積層、支持或與其他物質類似結合者,新加坡,進口總值(含復進口),1,424
2019-9,39209991,其他塑膠板、片及扁條，非多孔性及未經以其他物質加強、積層、支持或與其他物質類似結合者,義大利,進口總值(含復進口),24,521
2019-9,39209991,其他塑膠板、片及扁條，非多孔性及未經以其他物質加強、積層、支持或與其他物質類似結合者,德國,進口總值(含復進口),11,1876
2019-9,39209991,其他塑膠板、片及扁條，非多孔性及未經以其他物質加強、積層、支持或與其他物質類似結合者,中國大陸,出口總值(含復出口),2230,227207
2019-9,39209991,其他塑膠板、片及扁條，非多孔性及未經以其他物質加強、積層、支持或與其他物質類似結合者,日本,出口總值(含復出口),50,711
2019-9,39209991,其他塑膠板、片及扁條，非多孔性及未經以其他物質加強、積層、支持或與其他物質類似結合者,科威特,出口總值(含復出口),185,47600
2019-9,39209991,其他塑膠板、片及扁條，非多孔性及未經以其他物質加強、積層、支持或與其他物質類似結合者,美國,出口總值(含復出口),17,174
2019-9,39209991,其他塑膠板、片及扁條，非多孔性及未經以其他物質加強、積層、支持或與其他物質類似結合者,香港,出口總值(含復出口),10,5
2019-9,39209991,其他塑膠板、片及扁條，非多孔性及未經以其他物質加強、積層、支持或與其他物質類似結合者,泰國,出口總值(含復出口),14,823
2019-9,39209991,其他塑膠板、片及扁條，非多孔性及未經以其他物質加強、積層、支持或與其他物質類似結合者,紐西蘭,出口總值(含復出口),2,75
2019-9,39209991,其他塑膠板、片及扁條，非多孔性及未經以其他物質加強、積層、支持或與其他物質類似結合者,馬來西亞,出口總值(含復出口),38,14632
2019-9,39209991,其他塑膠板、片及扁條，非多孔性及未經以其他物質加強、積層、支持或與其他物質類似結合者,敘利亞,出口總值(含復出口),47,16533
2019-9,39209991,其他塑膠板、片及扁條，非多孔性及未經以其他物質加強、積層、支持或與其他物質類似結合者,越南,出口總值(含復出口),69,15000
2019-9,39209991,其他塑膠板、片及扁條，非多孔性及未經以其他物質加強、積層、支持或與其他物質類似結合者,新加坡,出口總值(含復出口),9,942
2019-9,39209991,其他塑膠板、片及扁條，非多孔性及未經以其他物質加強、積層、支持或與其他物質類似結合者,賴索托,出口總值(含復出口),0,25
2019-10,39199020,供製造半導體晶圓用之自黏性圓形研磨墊，屬塑膠製品者,中國大陸,進口總值(含復進口),10,222
2019-10,39199020,供製造半導體晶圓用之自黏性圓形研磨墊，屬塑膠製品者,日本,進口總值(含復進口),264,2379
2019-10,39199020,供製造半導體晶圓用之自黏性圓形研磨墊，屬塑膠製品者,南韓,進口總值(含復進口),6,103
2019-10,39199020,供製造半導體晶圓用之自黏性圓形研磨墊，屬塑膠製品者,美國,進口總值(含復進口),1753,5593
2019-10,39199020,供製造半導體晶圓用之自黏性圓形研磨墊，屬塑膠製品者,中國大陸,出口總值(含復出口),7813,16765
2019-10,39199020,供製造半導體晶圓用之自黏性圓形研磨墊，屬塑膠製品者,日本,出口總值(含復出口),198,515
2019-10,39199020,供製造半導體晶圓用之自黏性圓形研磨墊，屬塑膠製品者,南韓,出口總值(含復出口),14169,38074
2019-10,39199020,供製造半導體晶圓用之自黏性圓形研磨墊，屬塑膠製品者,美國,出口總值(含復出口),954,2749
2019-10,39199020,供製造半導體晶圓用之自黏性圓形研磨墊，屬塑膠製品者,馬來西亞,出口總值(含復出口),188,196
2019-10,39199020,供製造半導體晶圓用之自黏性圓形研磨墊，屬塑膠製品者,新加坡,出口總值(含復出口),1312,2704
2019-10,39201010,聚乙烯塑膠板、片及扁條,中國大陸,進口總值(含復進口),427,204651
2019-10,39201010,聚乙烯塑膠板、片及扁條,中華民國,進口總值(含復進口),2,10344
2019-10,39201010,聚乙烯塑膠板、片及扁條,日本,進口總值(含復進口),266,26211
2019-10,39201010,聚乙烯塑膠板、片及扁條,比利時,進口總值(含復進口),12,1158
2019-10,39201010,聚乙烯塑膠板、片及扁條,印度,進口總值(含復進口),8,2385
2019-10,39201010,聚乙烯塑膠板、片及扁條,法國,進口總值(含復進口),34,15000
2019-10,39201010,聚乙烯塑膠板、片及扁條,南韓,進口總值(含復進口),38,6779
2019-10,39201010,聚乙烯塑膠板、片及扁條,美國,進口總值(含復進口),184,6301
2019-10,39201010,聚乙烯塑膠板、片及扁條,泰國,進口總值(含復進口),11,980
2019-10,39201010,聚乙烯塑膠板、片及扁條,馬來西亞,進口總值(含復進口),1,116
2019-10,39201010,聚乙烯塑膠板、片及扁條,荷蘭,進口總值(含復進口),14,300
2019-10,39201010,聚乙烯塑膠板、片及扁條,新加坡,進口總值(含復進口),2,322
2019-10,39201010,聚乙烯塑膠板、片及扁條,德國,進口總值(含復進口),83,18472
2019-10,39201010,聚乙烯塑膠板、片及扁條,中國大陸,出口總值(含復出口),209,72417
2019-10,39201010,聚乙烯塑膠板、片及扁條,日本,出口總值(含復出口),306,54051
2019-10,39201010,聚乙烯塑膠板、片及扁條,加拿大,出口總值(含復出口),22,4618
2019-10,39201010,聚乙烯塑膠板、片及扁條,尼泊爾,出口總值(含復出口),1,155
2019-10,39201010,聚乙烯塑膠板、片及扁條,瓜地馬拉,出口總值(含復出口),49,20737
2019-10,39201010,聚乙烯塑膠板、片及扁條,冰島,出口總值(含復出口),2,25
2019-10,39201010,聚乙烯塑膠板、片及扁條,印尼,出口總值(含復出口),0,9
2019-10,39201010,聚乙烯塑膠板、片及扁條,波蘭,出口總值(含復出口),14,136
2019-10,39201010,聚乙烯塑膠板、片及扁條,俄羅斯,出口總值(含復出口),0,0
2019-10,39201010,聚乙烯塑膠板、片及扁條,南韓,出口總值(含復出口),2,8
2019-10,39201010,聚乙烯塑膠板、片及扁條,柬埔寨,出口總值(含復出口),14,2296
2019-10,39201010,聚乙烯塑膠板、片及扁條,美國,出口總值(含復出口),113,20561
2019-10,39201010,聚乙烯塑膠板、片及扁條,香港,出口總值(含復出口),70,36706
2019-10,39201010,聚乙烯塑膠板、片及扁條,泰國,出口總值(含復出口),510,134880
2019-10,39201010,聚乙烯塑膠板、片及扁條,紐西蘭,出口總值(含復出口),5,792
2019-10,39201010,聚乙烯塑膠板、片及扁條,馬來西亞,出口總值(含復出口),56,10666
2019-10,39201010,聚乙烯塑膠板、片及扁條,菲律賓,出口總值(含復出口),90,64809
2019-10,39201010,聚乙烯塑膠板、片及扁條,越南,出口總值(含復出口),107,28316
2019-10,39201010,聚乙烯塑膠板、片及扁條,新加坡,出口總值(含復出口),10,3565
2019-10,39201010,聚乙烯塑膠板、片及扁條,義大利,出口總值(含復出口),10,521
2019-10,39201010,聚乙烯塑膠板、片及扁條,德國,出口總值(含復出口),12,47
2019-10,39201010,聚乙烯塑膠板、片及扁條,緬甸,出口總值(含復出口),0,16
2019-10,39201010,聚乙烯塑膠板、片及扁條,墨西哥,出口總值(含復出口),3,45
2019-10,39201010,聚乙烯塑膠板、片及扁條,澳大利亞,出口總值(含復出口),5,326
2019-10,39202021,電容器用金屬化聚丙烯薄膜，留有未鍍邊，總寬度不超過１００公厘，總厚度在０．０１５公厘以上，０．０２５公厘以下者,中國大陸,進口總值(含復進口),350,12468
2019-10,39202021,電容器用金屬化聚丙烯薄膜，留有未鍍邊，總寬度不超過１００公厘，總厚度在０．０１５公厘以上，０．０２５公厘以下者,中國大陸,出口總值(含復出口),22,12600
2019-10,39205110,聚甲基丙烯酸甲酯板、片及扁條,中國大陸,進口總值(含復進口),76,41514
2019-10,39205110,聚甲基丙烯酸甲酯板、片及扁條,中華民國,進口總值(含復進口),117,33177
2019-10,39205110,聚甲基丙烯酸甲酯板、片及扁條,日本,進口總值(含復進口),149,13784
2019-10,39205110,聚甲基丙烯酸甲酯板、片及扁條,法國,進口總值(含復進口),6,390
2019-10,39205110,聚甲基丙烯酸甲酯板、片及扁條,南韓,進口總值(含復進口),1532,669490
2019-10,39205110,聚甲基丙烯酸甲酯板、片及扁條,美國,進口總值(含復進口),97,17647
2019-10,39205110,聚甲基丙烯酸甲酯板、片及扁條,德國,進口總值(含復進口),2,150
2019-10,39205110,聚甲基丙烯酸甲酯板、片及扁條,中國大陸,出口總值(含復出口),6542,2196862
2019-10,39205110,聚甲基丙烯酸甲酯板、片及扁條,厄瓜多,出口總值(含復出口),13,5009
2019-10,39205110,聚甲基丙烯酸甲酯板、片及扁條,巴西,出口總值(含復出口),73,25810
2019-10,39205110,聚甲基丙烯酸甲酯板、片及扁條,日本,出口總值(含復出口),324,79383
2019-10,39205110,聚甲基丙烯酸甲酯板、片及扁條,卡達,出口總值(含復出口),109,40279
2019-10,39205110,聚甲基丙烯酸甲酯板、片及扁條,伊拉克,出口總值(含復出口),14,1913
2019-10,39205110,聚甲基丙烯酸甲酯板、片及扁條,伊朗,出口總值(含復出口),333,119372
2019-10,39205110,聚甲基丙烯酸甲酯板、片及扁條,印度,出口總值(含復出口),296,146448
2019-10,39205110,聚甲基丙烯酸甲酯板、片及扁條,多明尼加,出口總值(含復出口),21,7225
2019-10,39205110,聚甲基丙烯酸甲酯板、片及扁條,沙烏地阿拉伯,出口總值(含復出口),228,84211
2019-10,39205110,聚甲基丙烯酸甲酯板、片及扁條,肯亞,出口總值(含復出口),47,16809
2019-10,39205110,聚甲基丙烯酸甲酯板、片及扁條,阿拉伯聯合大公國,出口總值(含復出口),1050,356478
2019-10,39205110,聚甲基丙烯酸甲酯板、片及扁條,阿根廷,出口總值(含復出口),3,140
2019-10,39205110,聚甲基丙烯酸甲酯板、片及扁條,阿曼,出口總值(含復出口),46,16676
2019-10,39205110,聚甲基丙烯酸甲酯板、片及扁條,南非,出口總值(含復出口),86,22369
2019-10,39205110,聚甲基丙烯酸甲酯板、片及扁條,南韓,出口總值(含復出口),415,135236
2019-10,39205110,聚甲基丙烯酸甲酯板、片及扁條,科威特,出口總值(含復出口),46,16550
2019-10,39205110,聚甲基丙烯酸甲酯板、片及扁條,約旦,出口總值(含復出口),46,15689
2019-10,39205110,聚甲基丙烯酸甲酯板、片及扁條,美國,出口總值(含復出口),1581,524338
2019-10,39205110,聚甲基丙烯酸甲酯板、片及扁條,香港,出口總值(含復出口),324,100772
2019-10,39205110,聚甲基丙烯酸甲酯板、片及扁條,紐西蘭,出口總值(含復出口),64,22661
2019-10,39205110,聚甲基丙烯酸甲酯板、片及扁條,馬來西亞,出口總值(含復出口),8,2172
2019-10,39205110,聚甲基丙烯酸甲酯板、片及扁條,斯里蘭卡,出口總值(含復出口),12,5364
2019-10,39205110,聚甲基丙烯酸甲酯板、片及扁條,菲律賓,出口總值(含復出口),22,11646
2019-10,39205110,聚甲基丙烯酸甲酯板、片及扁條,越南,出口總值(含復出口),937,298472
2019-10,39205110,聚甲基丙烯酸甲酯板、片及扁條,新加坡,出口總值(含復出口),174,60272
2019-10,39205110,聚甲基丙烯酸甲酯板、片及扁條,葉門,出口總值(含復出口),94,33183
2019-10,39205110,聚甲基丙烯酸甲酯板、片及扁條,黎巴嫩,出口總值(含復出口),72,27940
2019-10,39205110,聚甲基丙烯酸甲酯板、片及扁條,墨西哥,出口總值(含復出口),53,19745
2019-10,39205110,聚甲基丙烯酸甲酯板、片及扁條,澳大利亞,出口總值(含復出口),137,44403
2019-10,39205110,聚甲基丙烯酸甲酯板、片及扁條,賽普勒斯,出口總值(含復出口),31,10035
2019-10,39205110,聚甲基丙烯酸甲酯板、片及扁條,薩爾瓦多,出口總值(含復出口),17,5944
2019-10,39206210,聚對苯二甲酸乙二酯製板、片及扁條,中國大陸,進口總值(含復進口),481,138361
2019-10,39206210,聚對苯二甲酸乙二酯製板、片及扁條,日本,進口總值(含復進口),178,16554
2019-10,39206210,聚對苯二甲酸乙二酯製板、片及扁條,南韓,進口總值(含復進口),556,168472
2019-10,39206210,聚對苯二甲酸乙二酯製板、片及扁條,美國,進口總值(含復進口),33,267
2019-10,39206210,聚對苯二甲酸乙二酯製板、片及扁條,泰國,進口總值(含復進口),29,19521
2019-10,39206210,聚對苯二甲酸乙二酯製板、片及扁條,越南,進口總值(含復進口),30,41366
2019-10,39206210,聚對苯二甲酸乙二酯製板、片及扁條,千里達及托巴哥,出口總值(含復出口),64,47494
2019-10,39206210,聚對苯二甲酸乙二酯製板、片及扁條,中國大陸,出口總值(含復出口),7383,1211103
2019-10,39206210,聚對苯二甲酸乙二酯製板、片及扁條,日本,出口總值(含復出口),795,397173
2019-10,39206210,聚對苯二甲酸乙二酯製板、片及扁條,加拿大,出口總值(含復出口),110,82113
2019-10,39206210,聚對苯二甲酸乙二酯製板、片及扁條,印尼,出口總值(含復出口),43,9634
2019-10,39206210,聚對苯二甲酸乙二酯製板、片及扁條,印度,出口總值(含復出口),197,165372
2019-10,39206210,聚對苯二甲酸乙二酯製板、片及扁條,阿拉伯聯合大公國,出口總值(含復出口),52,40800
2019-10,39206210,聚對苯二甲酸乙二酯製板、片及扁條,俄羅斯,出口總值(含復出口),46,21600
2019-10,39206210,聚對苯二甲酸乙二酯製板、片及扁條,柬埔寨,出口總值(含復出口),0,16
2019-10,39206210,聚對苯二甲酸乙二酯製板、片及扁條,美國,出口總值(含復出口),848,386579
2019-10,39206210,聚對苯二甲酸乙二酯製板、片及扁條,英國,出口總值(含復出口),6,704
2019-10,39206210,聚對苯二甲酸乙二酯製板、片及扁條,香港,出口總值(含復出口),62,5824
2019-10,39206210,聚對苯二甲酸乙二酯製板、片及扁條,哥倫比亞,出口總值(含復出口),23,18200
2019-10,39206210,聚對苯二甲酸乙二酯製板、片及扁條,泰國,出口總值(含復出口),89,41140
2019-10,39206210,聚對苯二甲酸乙二酯製板、片及扁條,紐西蘭,出口總值(含復出口),71,56520
2019-10,39206210,聚對苯二甲酸乙二酯製板、片及扁條,馬來西亞,出口總值(含復出口),779,380010
2019-10,39206210,聚對苯二甲酸乙二酯製板、片及扁條,荷蘭,出口總值(含復出口),58,42610
2019-10,39206210,聚對苯二甲酸乙二酯製板、片及扁條,斯洛伐克,出口總值(含復出口),1,581
2019-10,39206210,聚對苯二甲酸乙二酯製板、片及扁條,智利,出口總值(含復出口),69,36880
2019-10,39206210,聚對苯二甲酸乙二酯製板、片及扁條,菲律賓,出口總值(含復出口),346,185187
2019-10,39206210,聚對苯二甲酸乙二酯製板、片及扁條,越南,出口總值(含復出口),54,20452
2019-10,39206210,聚對苯二甲酸乙二酯製板、片及扁條,新加坡,出口總值(含復出口),20,3421
2019-10,39206210,聚對苯二甲酸乙二酯製板、片及扁條,瑞士,出口總值(含復出口),12,5250
2019-10,39206210,聚對苯二甲酸乙二酯製板、片及扁條,德國,出口總值(含復出口),9,6240
2019-10,39206210,聚對苯二甲酸乙二酯製板、片及扁條,墨西哥,出口總值(含復出口),180,152404
2019-10,39206210,聚對苯二甲酸乙二酯製板、片及扁條,澳大利亞,出口總值(含復出口),1265,971218
2019-10,39206210,聚對苯二甲酸乙二酯製板、片及扁條,羅馬尼亞,出口總值(含復出口),4,270
2019-10,39209991,其他塑膠板、片及扁條，非多孔性及未經以其他物質加強、積層、支持或與其他物質類似結合者,中國大陸,進口總值(含復進口),470,148282
2019-10,39209991,其他塑膠板、片及扁條，非多孔性及未經以其他物質加強、積層、支持或與其他物質類似結合者,中華民國,進口總值(含復進口),1,19
2019-10,39209991,其他塑膠板、片及扁條，非多孔性及未經以其他物質加強、積層、支持或與其他物質類似結合者,日本,進口總值(含復進口),40,1058
2019-10,39209991,其他塑膠板、片及扁條，非多孔性及未經以其他物質加強、積層、支持或與其他物質類似結合者,加拿大,進口總值(含復進口),15,284
2019-10,39209991,其他塑膠板、片及扁條，非多孔性及未經以其他物質加強、積層、支持或與其他物質類似結合者,南韓,進口總值(含復進口),222,51190
2019-10,39209991,其他塑膠板、片及扁條，非多孔性及未經以其他物質加強、積層、支持或與其他物質類似結合者,美國,進口總值(含復進口),512,14139
2019-10,39209991,其他塑膠板、片及扁條，非多孔性及未經以其他物質加強、積層、支持或與其他物質類似結合者,馬來西亞,進口總值(含復進口),2,17
2019-10,39209991,其他塑膠板、片及扁條，非多孔性及未經以其他物質加強、積層、支持或與其他物質類似結合者,奧地利,進口總值(含復進口),46,48
2019-10,39209991,其他塑膠板、片及扁條，非多孔性及未經以其他物質加強、積層、支持或與其他物質類似結合者,新加坡,進口總值(含復進口),14,4027
2019-10,39209991,其他塑膠板、片及扁條，非多孔性及未經以其他物質加強、積層、支持或與其他物質類似結合者,義大利,進口總值(含復進口),6,153
2019-10,39209991,其他塑膠板、片及扁條，非多孔性及未經以其他物質加強、積層、支持或與其他物質類似結合者,德國,進口總值(含復進口),64,2464
2019-10,39209991,其他塑膠板、片及扁條，非多孔性及未經以其他物質加強、積層、支持或與其他物質類似結合者,中國大陸,出口總值(含復出口),2557,247817
2019-10,39209991,其他塑膠板、片及扁條，非多孔性及未經以其他物質加強、積層、支持或與其他物質類似結合者,日本,出口總值(含復出口),114,3275
2019-10,39209991,其他塑膠板、片及扁條，非多孔性及未經以其他物質加強、積層、支持或與其他物質類似結合者,科威特,出口總值(含復出口),186,45700
2019-10,39209991,其他塑膠板、片及扁條，非多孔性及未經以其他物質加強、積層、支持或與其他物質類似結合者,美國,出口總值(含復出口),142,1423
2019-10,39209991,其他塑膠板、片及扁條，非多孔性及未經以其他物質加強、積層、支持或與其他物質類似結合者,香港,出口總值(含復出口),9,95
2019-10,39209991,其他塑膠板、片及扁條，非多孔性及未經以其他物質加強、積層、支持或與其他物質類似結合者,泰國,出口總值(含復出口),61,18891
2019-10,39209991,其他塑膠板、片及扁條，非多孔性及未經以其他物質加強、積層、支持或與其他物質類似結合者,秘魯,出口總值(含復出口),11,266
2019-10,39209991,其他塑膠板、片及扁條，非多孔性及未經以其他物質加強、積層、支持或與其他物質類似結合者,紐西蘭,出口總值(含復出口),0,11
2019-10,39209991,其他塑膠板、片及扁條，非多孔性及未經以其他物質加強、積層、支持或與其他物質類似結合者,馬來西亞,出口總值(含復出口),17,6590
2019-10,39209991,其他塑膠板、片及扁條，非多孔性及未經以其他物質加強、積層、支持或與其他物質類似結合者,越南,出口總值(含復出口),55,16046
2019-10,39209991,其他塑膠板、片及扁條，非多孔性及未經以其他物質加強、積層、支持或與其他物質類似結合者,新加坡,出口總值(含復出口),3,550
2019-10,39209991,其他塑膠板、片及扁條，非多孔性及未經以其他物質加強、積層、支持或與其他物質類似結合者,義大利,出口總值(含復出口),2,86
2019-10,39209991,其他塑膠板、片及扁條，非多孔性及未經以其他物質加強、積層、支持或與其他物質類似結合者,德國,出口總值(含復出口),3,714
2019-10,39209991,其他塑膠板、片及扁條，非多孔性及未經以其他物質加強、積層、支持或與其他物質類似結合者,緬甸,出口總值(含復出口),6,928
2019-10,39209991,其他塑膠板、片及扁條，非多孔性及未經以其他物質加強、積層、支持或與其他物質類似結合者,澳大利亞,出口總值(含復出口),15,6506
2019-10,39209991,其他塑膠板、片及扁條，非多孔性及未經以其他物質加強、積層、支持或與其他物質類似結合者,賴索托,出口總值(含復出口),0,40
2019-11,39199020,供製造半導體晶圓用之自黏性圓形研磨墊，屬塑膠製品者,中國大陸,進口總值(含復進口),10,46
2019-11,39199020,供製造半導體晶圓用之自黏性圓形研磨墊，屬塑膠製品者,日本,進口總值(含復進口),298,2767
2019-11,39199020,供製造半導體晶圓用之自黏性圓形研磨墊，屬塑膠製品者,南韓,進口總值(含復進口),8,57
2019-11,39199020,供製造半導體晶圓用之自黏性圓形研磨墊，屬塑膠製品者,美國,進口總值(含復進口),1496,4262
2019-11,39199020,供製造半導體晶圓用之自黏性圓形研磨墊，屬塑膠製品者,中國大陸,出口總值(含復出口),8077,17162
2019-11,39199020,供製造半導體晶圓用之自黏性圓形研磨墊，屬塑膠製品者,日本,出口總值(含復出口),262,795
2019-11,39199020,供製造半導體晶圓用之自黏性圓形研磨墊，屬塑膠製品者,印度,出口總值(含復出口),7,84
2019-11,39199020,供製造半導體晶圓用之自黏性圓形研磨墊，屬塑膠製品者,南韓,出口總值(含復出口),10396,27921
2019-11,39199020,供製造半導體晶圓用之自黏性圓形研磨墊，屬塑膠製品者,美國,出口總值(含復出口),854,2394
2019-11,39199020,供製造半導體晶圓用之自黏性圓形研磨墊，屬塑膠製品者,馬來西亞,出口總值(含復出口),100,101
2019-11,39199020,供製造半導體晶圓用之自黏性圓形研磨墊，屬塑膠製品者,新加坡,出口總值(含復出口),1946,4192
2019-11,39199020,供製造半導體晶圓用之自黏性圓形研磨墊，屬塑膠製品者,德國,出口總值(含復出口),2,2
2019-11,39201010,聚乙烯塑膠板、片及扁條,中國大陸,進口總值(含復進口),452,206106
2019-11,39201010,聚乙烯塑膠板、片及扁條,中華民國,進口總值(含復進口),33,28582
2019-11,39201010,聚乙烯塑膠板、片及扁條,丹麥,進口總值(含復進口),3,800
2019-11,39201010,聚乙烯塑膠板、片及扁條,日本,進口總值(含復進口),394,42258
2019-11,39201010,聚乙烯塑膠板、片及扁條,印度,進口總值(含復進口),9,2701
2019-11,39201010,聚乙烯塑膠板、片及扁條,法國,進口總值(含復進口),101,45000
2019-11,39201010,聚乙烯塑膠板、片及扁條,南韓,進口總值(含復進口),36,7176
2019-11,39201010,聚乙烯塑膠板、片及扁條,美國,進口總值(含復進口),13,2888
2019-11,39201010,聚乙烯塑膠板、片及扁條,泰國,進口總值(含復進口),30,3121
2019-11,39201010,聚乙烯塑膠板、片及扁條,馬來西亞,進口總值(含復進口),28,9634
2019-11,39201010,聚乙烯塑膠板、片及扁條,捷克,進口總值(含復進口),19,982
2019-11,39201010,聚乙烯塑膠板、片及扁條,瑞典,進口總值(含復進口),1,4
2019-11,39201010,聚乙烯塑膠板、片及扁條,德國,進口總值(含復進口),63,476
2019-11,39201010,聚乙烯塑膠板、片及扁條,中國大陸,出口總值(含復出口),162,34166
2019-11,39201010,聚乙烯塑膠板、片及扁條,巴基斯坦,出口總值(含復出口),8,6427
2019-11,39201010,聚乙烯塑膠板、片及扁條,日本,出口總值(含復出口),233,57579
2019-11,39201010,聚乙烯塑膠板、片及扁條,加拿大,出口總值(含復出口),11,1429
2019-11,39201010,聚乙烯塑膠板、片及扁條,伊朗,出口總值(含復出口),2,147
2019-11,39201010,聚乙烯塑膠板、片及扁條,印尼,出口總值(含復出口),13,5814
2019-11,39201010,聚乙烯塑膠板、片及扁條,沙烏地阿拉伯,出口總值(含復出口),2,1000
2019-11,39201010,聚乙烯塑膠板、片及扁條,孟加拉,出口總值(含復出口),7,3495
2019-11,39201010,聚乙烯塑膠板、片及扁條,阿拉伯聯合大公國,出口總值(含復出口),38,21474
2019-11,39201010,聚乙烯塑膠板、片及扁條,俄羅斯,出口總值(含復出口),2,78
2019-11,39201010,聚乙烯塑膠板、片及扁條,柬埔寨,出口總值(含復出口),10,5232
2019-11,39201010,聚乙烯塑膠板、片及扁條,美國,出口總值(含復出口),141,26628
2019-11,39201010,聚乙烯塑膠板、片及扁條,香港,出口總值(含復出口),126,76282
2019-11,39201010,聚乙烯塑膠板、片及扁條,泰國,出口總值(含復出口),361,89195
2019-11,39201010,聚乙烯塑膠板、片及扁條,馬來西亞,出口總值(含復出口),97,9805
2019-11,39201010,聚乙烯塑膠板、片及扁條,菲律賓,出口總值(含復出口),620,269904
2019-11,39201010,聚乙烯塑膠板、片及扁條,越南,出口總值(含復出口),56,12358
2019-11,39201010,聚乙烯塑膠板、片及扁條,德國,出口總值(含復出口),3,14
2019-11,39201010,聚乙烯塑膠板、片及扁條,墨西哥,出口總值(含復出口),24,786
2019-11,39202021,電容器用金屬化聚丙烯薄膜，留有未鍍邊，總寬度不超過１００公厘，總厚度在０．０１５公厘以上，０．０２５公厘以下者,中國大陸,進口總值(含復進口),12,574
2019-11,39202021,電容器用金屬化聚丙烯薄膜，留有未鍍邊，總寬度不超過１００公厘，總厚度在０．０１５公厘以上，０．０２５公厘以下者,日本,進口總值(含復進口),1,109
2019-11,39202021,電容器用金屬化聚丙烯薄膜，留有未鍍邊，總寬度不超過１００公厘，總厚度在０．０１５公厘以上，０．０２５公厘以下者,南韓,進口總值(含復進口),1,85
2019-11,39202021,電容器用金屬化聚丙烯薄膜，留有未鍍邊，總寬度不超過１００公厘，總厚度在０．０１５公厘以上，０．０２５公厘以下者,中國大陸,出口總值(含復出口),3,386
2019-11,39205110,聚甲基丙烯酸甲酯板、片及扁條,中國大陸,進口總值(含復進口),58,41288
2019-11,39205110,聚甲基丙烯酸甲酯板、片及扁條,中華民國,進口總值(含復進口),42,12000
2019-11,39205110,聚甲基丙烯酸甲酯板、片及扁條,日本,進口總值(含復進口),135,9705
2019-11,39205110,聚甲基丙烯酸甲酯板、片及扁條,南韓,進口總值(含復進口),949,367781
2019-11,39205110,聚甲基丙烯酸甲酯板、片及扁條,美國,進口總值(含復進口),149,18295
2019-11,39205110,聚甲基丙烯酸甲酯板、片及扁條,德國,進口總值(含復進口),5,300
2019-11,39205110,聚甲基丙烯酸甲酯板、片及扁條,中國大陸,出口總值(含復出口),6486,2181180
2019-11,39205110,聚甲基丙烯酸甲酯板、片及扁條,巴西,出口總值(含復出口),78,26141
2019-11,39205110,聚甲基丙烯酸甲酯板、片及扁條,巴林,出口總值(含復出口),48,17526
2019-11,39205110,聚甲基丙烯酸甲酯板、片及扁條,日本,出口總值(含復出口),455,106593
2019-11,39205110,聚甲基丙烯酸甲酯板、片及扁條,加拿大,出口總值(含復出口),21,6508
2019-11,39205110,聚甲基丙烯酸甲酯板、片及扁條,卡達,出口總值(含復出口),122,45998
2019-11,39205110,聚甲基丙烯酸甲酯板、片及扁條,伊朗,出口總值(含復出口),111,40000
2019-11,39205110,聚甲基丙烯酸甲酯板、片及扁條,印尼,出口總值(含復出口),16,1966
2019-11,39205110,聚甲基丙烯酸甲酯板、片及扁條,印度,出口總值(含復出口),188,92029
2019-11,39205110,聚甲基丙烯酸甲酯板、片及扁條,沙烏地阿拉伯,出口總值(含復出口),309,114547
2019-11,39205110,聚甲基丙烯酸甲酯板、片及扁條,其他國家,出口總值(含復出口),0,6
2019-11,39205110,聚甲基丙烯酸甲酯板、片及扁條,奈及利亞,出口總值(含復出口),26,12060
2019-11,39205110,聚甲基丙烯酸甲酯板、片及扁條,阿拉伯聯合大公國,出口總值(含復出口),1140,397166
2019-11,39205110,聚甲基丙烯酸甲酯板、片及扁條,阿根廷,出口總值(含復出口),65,24405
2019-11,39205110,聚甲基丙烯酸甲酯板、片及扁條,南非,出口總值(含復出口),82,22340
2019-11,39205110,聚甲基丙烯酸甲酯板、片及扁條,南韓,出口總值(含復出口),340,110912
2019-11,39205110,聚甲基丙烯酸甲酯板、片及扁條,科威特,出口總值(含復出口),80,21610
2019-11,39205110,聚甲基丙烯酸甲酯板、片及扁條,約旦,出口總值(含復出口),53,16912
2019-11,39205110,聚甲基丙烯酸甲酯板、片及扁條,美國,出口總值(含復出口),1395,461448
2019-11,39205110,聚甲基丙烯酸甲酯板、片及扁條,香港,出口總值(含復出口),271,82563
2019-11,39205110,聚甲基丙烯酸甲酯板、片及扁條,哥斯大黎加,出口總值(含復出口),54,19423
2019-11,39205110,聚甲基丙烯酸甲酯板、片及扁條,泰國,出口總值(含復出口),5,557
2019-11,39205110,聚甲基丙烯酸甲酯板、片及扁條,馬來西亞,出口總值(含復出口),10,2509
2019-11,39205110,聚甲基丙烯酸甲酯板、片及扁條,敘利亞,出口總值(含復出口),50,17136
2019-11,39205110,聚甲基丙烯酸甲酯板、片及扁條,象牙海岸,出口總值(含復出口),0,14
2019-11,39205110,聚甲基丙烯酸甲酯板、片及扁條,越南,出口總值(含復出口),200,44611
2019-11,39205110,聚甲基丙烯酸甲酯板、片及扁條,新加坡,出口總值(含復出口),277,99912
2019-11,39205110,聚甲基丙烯酸甲酯板、片及扁條,瑞典,出口總值(含復出口),25,426
2019-11,39205110,聚甲基丙烯酸甲酯板、片及扁條,德國,出口總值(含復出口),10,1545
2019-11,39205110,聚甲基丙烯酸甲酯板、片及扁條,黎巴嫩,出口總值(含復出口),193,72805
2019-11,39205110,聚甲基丙烯酸甲酯板、片及扁條,墨西哥,出口總值(含復出口),109,40888
2019-11,39205110,聚甲基丙烯酸甲酯板、片及扁條,澳大利亞,出口總值(含復出口),105,34130
2019-11,39206210,聚對苯二甲酸乙二酯製板、片及扁條,中國大陸,進口總值(含復進口),580,160380
2019-11,39206210,聚對苯二甲酸乙二酯製板、片及扁條,中華民國,進口總值(含復進口),43,5023
2019-11,39206210,聚對苯二甲酸乙二酯製板、片及扁條,日本,進口總值(含復進口),95,7465
2019-11,39206210,聚對苯二甲酸乙二酯製板、片及扁條,南韓,進口總值(含復進口),754,221506
2019-11,39206210,聚對苯二甲酸乙二酯製板、片及扁條,美國,進口總值(含復進口),11,103
2019-11,39206210,聚對苯二甲酸乙二酯製板、片及扁條,泰國,進口總值(含復進口),28,19308
2019-11,39206210,聚對苯二甲酸乙二酯製板、片及扁條,德國,進口總值(含復進口),9,280
2019-11,39206210,聚對苯二甲酸乙二酯製板、片及扁條,土耳其,出口總值(含復出口),22,2030
2019-11,39206210,聚對苯二甲酸乙二酯製板、片及扁條,中國大陸,出口總值(含復出口),7362,1316867
2019-11,39206210,聚對苯二甲酸乙二酯製板、片及扁條,日本,出口總值(含復出口),979,588102
2019-11,39206210,聚對苯二甲酸乙二酯製板、片及扁條,加拿大,出口總值(含復出口),85,62641
2019-11,39206210,聚對苯二甲酸乙二酯製板、片及扁條,印尼,出口總值(含復出口),106,47781
2019-11,39206210,聚對苯二甲酸乙二酯製板、片及扁條,印度,出口總值(含復出口),281,236609
2019-11,39206210,聚對苯二甲酸乙二酯製板、片及扁條,多明尼加,出口總值(含復出口),25,16450
2019-11,39206210,聚對苯二甲酸乙二酯製板、片及扁條,沙烏地阿拉伯,出口總值(含復出口),2,550
2019-11,39206210,聚對苯二甲酸乙二酯製板、片及扁條,阿拉伯聯合大公國,出口總值(含復出口),10,966
2019-11,39206210,聚對苯二甲酸乙二酯製板、片及扁條,阿曼,出口總值(含復出口),11,10556
2019-11,39206210,聚對苯二甲酸乙二酯製板、片及扁條,俄羅斯,出口總值(含復出口),29,14773
2019-11,39206210,聚對苯二甲酸乙二酯製板、片及扁條,美國,出口總值(含復出口),673,403932
2019-11,39206210,聚對苯二甲酸乙二酯製板、片及扁條,香港,出口總值(含復出口),604,40632
2019-11,39206210,聚對苯二甲酸乙二酯製板、片及扁條,哥斯大黎加,出口總值(含復出口),24,18005
2019-11,39206210,聚對苯二甲酸乙二酯製板、片及扁條,泰國,出口總值(含復出口),68,32750
2019-11,39206210,聚對苯二甲酸乙二酯製板、片及扁條,紐西蘭,出口總值(含復出口),97,73633
2019-11,39206210,聚對苯二甲酸乙二酯製板、片及扁條,馬來西亞,出口總值(含復出口),467,223277
2019-11,39206210,聚對苯二甲酸乙二酯製板、片及扁條,荷蘭,出口總值(含復出口),126,104792
2019-11,39206210,聚對苯二甲酸乙二酯製板、片及扁條,斯里蘭卡,出口總值(含復出口),15,10800
2019-11,39206210,聚對苯二甲酸乙二酯製板、片及扁條,菲律賓,出口總值(含復出口),132,80760
2019-11,39206210,聚對苯二甲酸乙二酯製板、片及扁條,越南,出口總值(含復出口),15,5387
2019-11,39206210,聚對苯二甲酸乙二酯製板、片及扁條,新加坡,出口總值(含復出口),42,16425
2019-11,39206210,聚對苯二甲酸乙二酯製板、片及扁條,德國,出口總值(含復出口),15,7749
2019-11,39206210,聚對苯二甲酸乙二酯製板、片及扁條,墨西哥,出口總值(含復出口),385,332883
2019-11,39206210,聚對苯二甲酸乙二酯製板、片及扁條,澳大利亞,出口總值(含復出口),536,375423
2019-11,39206210,聚對苯二甲酸乙二酯製板、片及扁條,羅馬尼亞,出口總值(含復出口),3,190
2019-11,39206210,聚對苯二甲酸乙二酯製板、片及扁條,蘇丹,出口總值(含復出口),0,38
2019-11,39209991,其他塑膠板、片及扁條，非多孔性及未經以其他物質加強、積層、支持或與其他物質類似結合者,中國大陸,進口總值(含復進口),453,115407
2019-11,39209991,其他塑膠板、片及扁條，非多孔性及未經以其他物質加強、積層、支持或與其他物質類似結合者,中華民國,進口總值(含復進口),2,16
2019-11,39209991,其他塑膠板、片及扁條，非多孔性及未經以其他物質加強、積層、支持或與其他物質類似結合者,日本,進口總值(含復進口),86,10220
2019-11,39209991,其他塑膠板、片及扁條，非多孔性及未經以其他物質加強、積層、支持或與其他物質類似結合者,加拿大,進口總值(含復進口),5,96
2019-11,39209991,其他塑膠板、片及扁條，非多孔性及未經以其他物質加強、積層、支持或與其他物質類似結合者,南韓,進口總值(含復進口),90,5247
2019-11,39209991,其他塑膠板、片及扁條，非多孔性及未經以其他物質加強、積層、支持或與其他物質類似結合者,美國,進口總值(含復進口),464,4315
2019-11,39209991,其他塑膠板、片及扁條，非多孔性及未經以其他物質加強、積層、支持或與其他物質類似結合者,英國,進口總值(含復進口),28,4
2019-11,39209991,其他塑膠板、片及扁條，非多孔性及未經以其他物質加強、積層、支持或與其他物質類似結合者,馬來西亞,進口總值(含復進口),13,2129
2019-11,39209991,其他塑膠板、片及扁條，非多孔性及未經以其他物質加強、積層、支持或與其他物質類似結合者,荷蘭,進口總值(含復進口),0,0
2019-11,39209991,其他塑膠板、片及扁條，非多孔性及未經以其他物質加強、積層、支持或與其他物質類似結合者,義大利,進口總值(含復進口),4,109
2019-11,39209991,其他塑膠板、片及扁條，非多孔性及未經以其他物質加強、積層、支持或與其他物質類似結合者,德國,進口總值(含復進口),55,2109
2019-11,39209991,其他塑膠板、片及扁條，非多孔性及未經以其他物質加強、積層、支持或與其他物質類似結合者,中國大陸,出口總值(含復出口),3028,308013
2019-11,39209991,其他塑膠板、片及扁條，非多孔性及未經以其他物質加強、積層、支持或與其他物質類似結合者,日本,出口總值(含復出口),81,1020
2019-11,39209991,其他塑膠板、片及扁條，非多孔性及未經以其他物質加強、積層、支持或與其他物質類似結合者,加拿大,出口總值(含復出口),18,14273
2019-11,39209991,其他塑膠板、片及扁條，非多孔性及未經以其他物質加強、積層、支持或與其他物質類似結合者,美國,出口總值(含復出口),93,9295
2019-11,39209991,其他塑膠板、片及扁條，非多孔性及未經以其他物質加強、積層、支持或與其他物質類似結合者,香港,出口總值(含復出口),3,1
2019-11,39209991,其他塑膠板、片及扁條，非多孔性及未經以其他物質加強、積層、支持或與其他物質類似結合者,泰國,出口總值(含復出口),2,66
2019-11,39209991,其他塑膠板、片及扁條，非多孔性及未經以其他物質加強、積層、支持或與其他物質類似結合者,秘魯,出口總值(含復出口),16,70
2019-11,39209991,其他塑膠板、片及扁條，非多孔性及未經以其他物質加強、積層、支持或與其他物質類似結合者,馬來西亞,出口總值(含復出口),20,7714
2019-11,39209991,其他塑膠板、片及扁條，非多孔性及未經以其他物質加強、積層、支持或與其他物質類似結合者,密克羅尼西亞,出口總值(含復出口),2,688
2019-11,39209991,其他塑膠板、片及扁條，非多孔性及未經以其他物質加強、積層、支持或與其他物質類似結合者,菲律賓,出口總值(含復出口),41,7898
2019-11,39209991,其他塑膠板、片及扁條，非多孔性及未經以其他物質加強、積層、支持或與其他物質類似結合者,越南,出口總值(含復出口),52,12947
2019-11,39209991,其他塑膠板、片及扁條，非多孔性及未經以其他物質加強、積層、支持或與其他物質類似結合者,新加坡,出口總值(含復出口),3,35
2019-11,39209991,其他塑膠板、片及扁條，非多孔性及未經以其他物質加強、積層、支持或與其他物質類似結合者,德國,出口總值(含復出口),56,7785
2019-11,39209991,其他塑膠板、片及扁條，非多孔性及未經以其他物質加強、積層、支持或與其他物質類似結合者,緬甸,出口總值(含復出口),10,1950
2019-11,39209991,其他塑膠板、片及扁條，非多孔性及未經以其他物質加強、積層、支持或與其他物質類似結合者,澳大利亞,出口總值(含復出口),0,4
2019-12,39199020,供製造半導體晶圓用之自黏性圓形研磨墊，屬塑膠製品者,中國大陸,進口總值(含復進口),9,57
2019-12,39199020,供製造半導體晶圓用之自黏性圓形研磨墊，屬塑膠製品者,日本,進口總值(含復進口),371,3280
2019-12,39199020,供製造半導體晶圓用之自黏性圓形研磨墊，屬塑膠製品者,南韓,進口總值(含復進口),10,2
2019-12,39199020,供製造半導體晶圓用之自黏性圓形研磨墊，屬塑膠製品者,美國,進口總值(含復進口),1658,4527
2019-12,39199020,供製造半導體晶圓用之自黏性圓形研磨墊，屬塑膠製品者,菲律賓,進口總值(含復進口),2,60
2019-12,39199020,供製造半導體晶圓用之自黏性圓形研磨墊，屬塑膠製品者,墨西哥,進口總值(含復進口),0,0
2019-12,39199020,供製造半導體晶圓用之自黏性圓形研磨墊，屬塑膠製品者,中國大陸,出口總值(含復出口),8429,17992
2019-12,39199020,供製造半導體晶圓用之自黏性圓形研磨墊，屬塑膠製品者,日本,出口總值(含復出口),411,1659
2019-12,39199020,供製造半導體晶圓用之自黏性圓形研磨墊，屬塑膠製品者,南韓,出口總值(含復出口),12103,32764
2019-12,39199020,供製造半導體晶圓用之自黏性圓形研磨墊，屬塑膠製品者,美國,出口總值(含復出口),982,2732
2019-12,39199020,供製造半導體晶圓用之自黏性圓形研磨墊，屬塑膠製品者,馬來西亞,出口總值(含復出口),171,164
2019-12,39199020,供製造半導體晶圓用之自黏性圓形研磨墊，屬塑膠製品者,新加坡,出口總值(含復出口),1244,2656
2019-12,39199020,供製造半導體晶圓用之自黏性圓形研磨墊，屬塑膠製品者,德國,出口總值(含復出口),0,1
2019-12,39201010,聚乙烯塑膠板、片及扁條,中國大陸,進口總值(含復進口),359,204426
2019-12,39201010,聚乙烯塑膠板、片及扁條,中華民國,進口總值(含復進口),2,7710
2019-12,39201010,聚乙烯塑膠板、片及扁條,日本,進口總值(含復進口),328,47965
2019-12,39201010,聚乙烯塑膠板、片及扁條,印度,進口總值(含復進口),8,2383
2019-12,39201010,聚乙烯塑膠板、片及扁條,南韓,進口總值(含復進口),25,2883
2019-12,39201010,聚乙烯塑膠板、片及扁條,美國,進口總值(含復進口),8,856
2019-12,39201010,聚乙烯塑膠板、片及扁條,泰國,進口總值(含復進口),0,258
2019-12,39201010,聚乙烯塑膠板、片及扁條,奧地利,進口總值(含復進口),3,330
2019-12,39201010,聚乙烯塑膠板、片及扁條,新加坡,進口總值(含復進口),7,3452
2019-12,39201010,聚乙烯塑膠板、片及扁條,瑞士,進口總值(含復進口),1,2313
2019-12,39201010,聚乙烯塑膠板、片及扁條,義大利,進口總值(含復進口),36,722
2019-12,39201010,聚乙烯塑膠板、片及扁條,德國,進口總值(含復進口),132,29273
2019-12,39201010,聚乙烯塑膠板、片及扁條,中國大陸,出口總值(含復出口),258,62579
2019-12,39201010,聚乙烯塑膠板、片及扁條,丹麥,出口總值(含復出口),0,0
2019-12,39201010,聚乙烯塑膠板、片及扁條,日本,出口總值(含復出口),202,61943
2019-12,39201010,聚乙烯塑膠板、片及扁條,加拿大,出口總值(含復出口),2,42
2019-12,39201010,聚乙烯塑膠板、片及扁條,卡達,出口總值(含復出口),1,300
2019-12,39201010,聚乙烯塑膠板、片及扁條,印尼,出口總值(含復出口),17,5438
2019-12,39201010,聚乙烯塑膠板、片及扁條,波蘭,出口總值(含復出口),5,4
2019-12,39201010,聚乙烯塑膠板、片及扁條,柬埔寨,出口總值(含復出口),6,3067
2019-12,39201010,聚乙烯塑膠板、片及扁條,美國,出口總值(含復出口),106,12139
2019-12,39201010,聚乙烯塑膠板、片及扁條,香港,出口總值(含復出口),43,11342
2019-12,39201010,聚乙烯塑膠板、片及扁條,泰國,出口總值(含復出口),477,116995
2019-12,39201010,聚乙烯塑膠板、片及扁條,紐西蘭,出口總值(含復出口),2,840
2019-12,39201010,聚乙烯塑膠板、片及扁條,馬來西亞,出口總值(含復出口),235,56843
2019-12,39201010,聚乙烯塑膠板、片及扁條,智利,出口總值(含復出口),3,3000
2019-12,39201010,聚乙烯塑膠板、片及扁條,菲律賓,出口總值(含復出口),378,176752
2019-12,39201010,聚乙烯塑膠板、片及扁條,越南,出口總值(含復出口),43,7612
2019-12,39201010,聚乙烯塑膠板、片及扁條,新加坡,出口總值(含復出口),33,14215
2019-12,39201010,聚乙烯塑膠板、片及扁條,德國,出口總值(含復出口),27,75
2019-12,39201010,聚乙烯塑膠板、片及扁條,模里西斯,出口總值(含復出口),3,328
2019-12,39201010,聚乙烯塑膠板、片及扁條,墨西哥,出口總值(含復出口),4,22
2019-12,39201010,聚乙烯塑膠板、片及扁條,澳大利亞,出口總值(含復出口),10,343
2019-12,39202021,電容器用金屬化聚丙烯薄膜，留有未鍍邊，總寬度不超過１００公厘，總厚度在０．０１５公厘以上，０．０２５公厘以下者,中國大陸,進口總值(含復進口),322,10741
2019-12,39205110,聚甲基丙烯酸甲酯板、片及扁條,中國大陸,進口總值(含復進口),67,24008
2019-12,39205110,聚甲基丙烯酸甲酯板、片及扁條,日本,進口總值(含復進口),121,19401
2019-12,39205110,聚甲基丙烯酸甲酯板、片及扁條,南韓,進口總值(含復進口),1628,670551
2019-12,39205110,聚甲基丙烯酸甲酯板、片及扁條,美國,進口總值(含復進口),370,91388
2019-12,39205110,聚甲基丙烯酸甲酯板、片及扁條,土耳其,出口總值(含復出口),20,5312
2019-12,39205110,聚甲基丙烯酸甲酯板、片及扁條,中國大陸,出口總值(含復出口),7673,2582265
2019-12,39205110,聚甲基丙烯酸甲酯板、片及扁條,日本,出口總值(含復出口),432,105785
2019-12,39205110,聚甲基丙烯酸甲酯板、片及扁條,比利時,出口總值(含復出口),11,63
2019-12,39205110,聚甲基丙烯酸甲酯板、片及扁條,卡達,出口總值(含復出口),149,56679
2019-12,39205110,聚甲基丙烯酸甲酯板、片及扁條,尼加拉瓜,出口總值(含復出口),65,24394
2019-12,39205110,聚甲基丙烯酸甲酯板、片及扁條,瓜地馬拉,出口總值(含復出口),19,6066
2019-12,39205110,聚甲基丙烯酸甲酯板、片及扁條,伊拉克,出口總值(含復出口),67,16946
2019-12,39205110,聚甲基丙烯酸甲酯板、片及扁條,伊朗,出口總值(含復出口),215,76523
2019-12,39205110,聚甲基丙烯酸甲酯板、片及扁條,印尼,出口總值(含復出口),70,417
2019-12,39205110,聚甲基丙烯酸甲酯板、片及扁條,印度,出口總值(含復出口),215,107752
2019-12,39205110,聚甲基丙烯酸甲酯板、片及扁條,多明尼加,出口總值(含復出口),48,17081
2019-12,39205110,聚甲基丙烯酸甲酯板、片及扁條,西班牙,出口總值(含復出口),0,1
2019-12,39205110,聚甲基丙烯酸甲酯板、片及扁條,沙烏地阿拉伯,出口總值(含復出口),227,85405
2019-12,39205110,聚甲基丙烯酸甲酯板、片及扁條,奈及利亞,出口總值(含復出口),54,22928
2019-12,39205110,聚甲基丙烯酸甲酯板、片及扁條,波多黎各,出口總值(含復出口),28,9540
2019-12,39205110,聚甲基丙烯酸甲酯板、片及扁條,芬蘭,出口總值(含復出口),85,26560
2019-12,39205110,聚甲基丙烯酸甲酯板、片及扁條,阿拉伯聯合大公國,出口總值(含復出口),566,202319
2019-12,39205110,聚甲基丙烯酸甲酯板、片及扁條,阿曼,出口總值(含復出口),91,33913
2019-12,39205110,聚甲基丙烯酸甲酯板、片及扁條,南韓,出口總值(含復出口),431,145453
2019-12,39205110,聚甲基丙烯酸甲酯板、片及扁條,科威特,出口總值(含復出口),46,17444
2019-12,39205110,聚甲基丙烯酸甲酯板、片及扁條,美國,出口總值(含復出口),1685,572043
2019-12,39205110,聚甲基丙烯酸甲酯板、片及扁條,香港,出口總值(含復出口),497,161398
2019-12,39205110,聚甲基丙烯酸甲酯板、片及扁條,馬來西亞,出口總值(含復出口),26,21738
2019-12,39205110,聚甲基丙烯酸甲酯板、片及扁條,敘利亞,出口總值(含復出口),51,16677
2019-12,39205110,聚甲基丙烯酸甲酯板、片及扁條,荷蘭,出口總值(含復出口),2,80
2019-12,39205110,聚甲基丙烯酸甲酯板、片及扁條,斐濟,出口總值(含復出口),28,8794
2019-12,39205110,聚甲基丙烯酸甲酯板、片及扁條,越南,出口總值(含復出口),515,159599
2019-12,39205110,聚甲基丙烯酸甲酯板、片及扁條,新加坡,出口總值(含復出口),310,105624
2019-12,39205110,聚甲基丙烯酸甲酯板、片及扁條,墨西哥,出口總值(含復出口),104,39020
2019-12,39205110,聚甲基丙烯酸甲酯板、片及扁條,澳大利亞,出口總值(含復出口),56,18608
2019-12,39206210,聚對苯二甲酸乙二酯製板、片及扁條,中國大陸,進口總值(含復進口),1032,264548
2019-12,39206210,聚對苯二甲酸乙二酯製板、片及扁條,中華民國,進口總值(含復進口),36,11207
2019-12,39206210,聚對苯二甲酸乙二酯製板、片及扁條,日本,進口總值(含復進口),35,2836
2019-12,39206210,聚對苯二甲酸乙二酯製板、片及扁條,南韓,進口總值(含復進口),706,204910
2019-12,39206210,聚對苯二甲酸乙二酯製板、片及扁條,美國,進口總值(含復進口),0,2
2019-12,39206210,聚對苯二甲酸乙二酯製板、片及扁條,千里達及托巴哥,出口總值(含復出口),63,47331
2019-12,39206210,聚對苯二甲酸乙二酯製板、片及扁條,土耳其,出口總值(含復出口),11,1092
2019-12,39206210,聚對苯二甲酸乙二酯製板、片及扁條,中國大陸,出口總值(含復出口),9326,1491248
2019-12,39206210,聚對苯二甲酸乙二酯製板、片及扁條,日本,出口總值(含復出口),1003,562488
2019-12,39206210,聚對苯二甲酸乙二酯製板、片及扁條,加拿大,出口總值(含復出口),81,62671
2019-12,39206210,聚對苯二甲酸乙二酯製板、片及扁條,印度,出口總值(含復出口),204,170995
2019-12,39206210,聚對苯二甲酸乙二酯製板、片及扁條,波蘭,出口總值(含復出口),7,918
2019-12,39206210,聚對苯二甲酸乙二酯製板、片及扁條,阿拉伯聯合大公國,出口總值(含復出口),7,599
2019-12,39206210,聚對苯二甲酸乙二酯製板、片及扁條,南韓,出口總值(含復出口),4,30
2019-12,39206210,聚對苯二甲酸乙二酯製板、片及扁條,美國,出口總值(含復出口),496,236013
2019-12,39206210,聚對苯二甲酸乙二酯製板、片及扁條,香港,出口總值(含復出口),288,19203
2019-12,39206210,聚對苯二甲酸乙二酯製板、片及扁條,埃及,出口總值(含復出口),3,306
2019-12,39206210,聚對苯二甲酸乙二酯製板、片及扁條,泰國,出口總值(含復出口),50,24000
2019-12,39206210,聚對苯二甲酸乙二酯製板、片及扁條,紐西蘭,出口總值(含復出口),65,39191
2019-12,39206210,聚對苯二甲酸乙二酯製板、片及扁條,馬來西亞,出口總值(含復出口),519,263900
2019-12,39206210,聚對苯二甲酸乙二酯製板、片及扁條,荷蘭,出口總值(含復出口),8,397
2019-12,39206210,聚對苯二甲酸乙二酯製板、片及扁條,斯里蘭卡,出口總值(含復出口),45,29050
2019-12,39206210,聚對苯二甲酸乙二酯製板、片及扁條,斯洛維尼亞,出口總值(含復出口),4,270
2019-12,39206210,聚對苯二甲酸乙二酯製板、片及扁條,菲律賓,出口總值(含復出口),219,124358
2019-12,39206210,聚對苯二甲酸乙二酯製板、片及扁條,越南,出口總值(含復出口),41,17004
2019-12,39206210,聚對苯二甲酸乙二酯製板、片及扁條,新加坡,出口總值(含復出口),64,32034
2019-12,39206210,聚對苯二甲酸乙二酯製板、片及扁條,德國,出口總值(含復出口),34,12516
2019-12,39206210,聚對苯二甲酸乙二酯製板、片及扁條,澳大利亞,出口總值(含復出口),916,755792
2019-12,39209991,其他塑膠板、片及扁條，非多孔性及未經以其他物質加強、積層、支持或與其他物質類似結合者,中國大陸,進口總值(含復進口),709,207756
2019-12,39209991,其他塑膠板、片及扁條，非多孔性及未經以其他物質加強、積層、支持或與其他物質類似結合者,中華民國,進口總值(含復進口),4,67
2019-12,39209991,其他塑膠板、片及扁條，非多孔性及未經以其他物質加強、積層、支持或與其他物質類似結合者,日本,進口總值(含復進口),82,9311
2019-12,39209991,其他塑膠板、片及扁條，非多孔性及未經以其他物質加強、積層、支持或與其他物質類似結合者,加拿大,進口總值(含復進口),0,5
2019-12,39209991,其他塑膠板、片及扁條，非多孔性及未經以其他物質加強、積層、支持或與其他物質類似結合者,西班牙,進口總值(含復進口),21,34409
2019-12,39209991,其他塑膠板、片及扁條，非多孔性及未經以其他物質加強、積層、支持或與其他物質類似結合者,俄羅斯,進口總值(含復進口),2,100
2019-12,39209991,其他塑膠板、片及扁條，非多孔性及未經以其他物質加強、積層、支持或與其他物質類似結合者,南韓,進口總值(含復進口),155,27563
2019-12,39209991,其他塑膠板、片及扁條，非多孔性及未經以其他物質加強、積層、支持或與其他物質類似結合者,美國,進口總值(含復進口),372,1530
2019-12,39209991,其他塑膠板、片及扁條，非多孔性及未經以其他物質加強、積層、支持或與其他物質類似結合者,馬來西亞,進口總值(含復進口),15,2146
2019-12,39209991,其他塑膠板、片及扁條，非多孔性及未經以其他物質加強、積層、支持或與其他物質類似結合者,奧地利,進口總值(含復進口),46,48
2019-12,39209991,其他塑膠板、片及扁條，非多孔性及未經以其他物質加強、積層、支持或與其他物質類似結合者,義大利,進口總值(含復進口),11,518
2019-12,39209991,其他塑膠板、片及扁條，非多孔性及未經以其他物質加強、積層、支持或與其他物質類似結合者,葡萄牙,進口總值(含復進口),36,59044
2019-12,39209991,其他塑膠板、片及扁條，非多孔性及未經以其他物質加強、積層、支持或與其他物質類似結合者,德國,進口總值(含復進口),87,6651
2019-12,39209991,其他塑膠板、片及扁條，非多孔性及未經以其他物質加強、積層、支持或與其他物質類似結合者,中國大陸,出口總值(含復出口),3123,318540
2019-12,39209991,其他塑膠板、片及扁條，非多孔性及未經以其他物質加強、積層、支持或與其他物質類似結合者,日本,出口總值(含復出口),86,1102
2019-12,39209991,其他塑膠板、片及扁條，非多孔性及未經以其他物質加強、積層、支持或與其他物質類似結合者,印度,出口總值(含復出口),2,50
2019-12,39209991,其他塑膠板、片及扁條，非多孔性及未經以其他物質加強、積層、支持或與其他物質類似結合者,科威特,出口總值(含復出口),95,22888
2019-12,39209991,其他塑膠板、片及扁條，非多孔性及未經以其他物質加強、積層、支持或與其他物質類似結合者,美國,出口總值(含復出口),129,3985
2019-12,39209991,其他塑膠板、片及扁條，非多孔性及未經以其他物質加強、積層、支持或與其他物質類似結合者,香港,出口總值(含復出口),12,2021
2019-12,39209991,其他塑膠板、片及扁條，非多孔性及未經以其他物質加強、積層、支持或與其他物質類似結合者,泰國,出口總值(含復出口),20,6584
2019-12,39209991,其他塑膠板、片及扁條，非多孔性及未經以其他物質加強、積層、支持或與其他物質類似結合者,秘魯,出口總值(含復出口),12,266
2019-12,39209991,其他塑膠板、片及扁條，非多孔性及未經以其他物質加強、積層、支持或與其他物質類似結合者,馬來西亞,出口總值(含復出口),2,41
2019-12,39209991,其他塑膠板、片及扁條，非多孔性及未經以其他物質加強、積層、支持或與其他物質類似結合者,越南,出口總值(含復出口),76,21447
2019-12,39209991,其他塑膠板、片及扁條，非多孔性及未經以其他物質加強、積層、支持或與其他物質類似結合者,新加坡,出口總值(含復出口),6,53
2019-12,39209991,其他塑膠板、片及扁條，非多孔性及未經以其他物質加強、積層、支持或與其他物質類似結合者,德國,出口總值(含復出口),7,1746
2019-12,39209991,其他塑膠板、片及扁條，非多孔性及未經以其他物質加強、積層、支持或與其他物質類似結合者,緬甸,出口總值(含復出口),105,36826
2019-12,39209991,其他塑膠板、片及扁條，非多孔性及未經以其他物質加強、積層、支持或與其他物質類似結合者,澳大利亞,出口總值(含復出口),11,7945
2019-1,27101965,白臘油,中國大陸,進口總值(含復進口),3,1000
2019-1,27101965,白臘油,中國大陸,出口總值(含復出口),2280,2674000
2019-1,27101965,白臘油,日本,進口總值(含復進口),974,970000
2019-1,27101965,白臘油,日本,出口總值(含復出口),63,80000
2019-1,27101965,白臘油,印度,進口總值(含復進口),150,130000
2019-1,27101965,白臘油,印度,出口總值(含復出口),16,10000
2019-1,27101965,白臘油,沙烏地阿拉伯,出口總值(含復出口),204,260000
2019-1,27101965,白臘油,其他國家,出口總值(含復出口),0,0
2019-1,27101965,白臘油,法國,進口總值(含復進口),1,0
2019-1,27101965,白臘油,南非,進口總值(含復進口),9,15000
2019-1,27101965,白臘油,南韓,進口總值(含復進口),1916,2350000
2019-1,27101965,白臘油,美國,進口總值(含復進口),180,96000
2019-1,27101965,白臘油,香港,出口總值(含復出口),181,235000
2019-1,27101965,白臘油,泰國,進口總值(含復進口),50,81000
2019-1,27101965,白臘油,泰國,出口總值(含復出口),93,120000
2019-1,27101965,白臘油,馬來西亞,出口總值(含復出口),51,55000
2019-1,27101965,白臘油,荷蘭,進口總值(含復進口),20,14000
2019-1,27101965,白臘油,越南,出口總值(含復出口),187,205000
2019-1,27101965,白臘油,新加坡,出口總值(含復出口),2,1000
2019-1,27101965,白臘油,德國,進口總值(含復進口),0,0
2019-1,29051220,異丙醇,中國大陸,進口總值(含復進口),21,12000
2019-1,29051220,異丙醇,中國大陸,出口總值(含復出口),1689,1260000
2019-1,29051220,異丙醇,中華民國,進口總值(含復進口),0,0
2019-1,29051220,異丙醇,巴基斯坦,出口總值(含復出口),357,407000
2019-1,29051220,異丙醇,日本,進口總值(含復進口),2483,1905000
2019-1,29051220,異丙醇,加拿大,進口總值(含復進口),1,0
2019-1,29051220,異丙醇,印尼,出口總值(含復出口),22,26000
2019-1,29051220,異丙醇,印度,出口總值(含復出口),880,1020000
2019-1,29051220,異丙醇,孟加拉,出口總值(含復出口),26,26000
2019-1,29051220,異丙醇,南韓,進口總值(含復進口),12,2000
2019-1,29051220,異丙醇,南韓,出口總值(含復出口),2935,3136000
2019-1,29051220,異丙醇,約旦,出口總值(含復出口),28,26000
2019-1,29051220,異丙醇,美國,進口總值(含復進口),76,23000
2019-1,29051220,異丙醇,英國,進口總值(含復進口),0,0
2019-1,29051220,異丙醇,香港,出口總值(含復出口),38,5000
2019-1,29051220,異丙醇,泰國,出口總值(含復出口),9,13000
2019-1,29051220,異丙醇,馬來西亞,出口總值(含復出口),109,51000
2019-1,29051220,異丙醇,菲律賓,出口總值(含復出口),154,74000
2019-1,29051220,異丙醇,越南,出口總值(含復出口),65,74000
2019-1,29051220,異丙醇,愛爾蘭,出口總值(含復出口),323,110000
2019-1,29051220,異丙醇,新加坡,出口總值(含復出口),71,37000
2019-1,29051220,異丙醇,德國,進口總值(含復進口),28,2000
2019-1,29051220,異丙醇,澳大利亞,出口總值(含復出口),30,26000
2019-1,29051300,正丁醇,中國大陸,出口總值(含復出口),6612,8000000
2019-1,29051300,正丁醇,日本,進口總值(含復進口),0,0
2019-1,29051300,正丁醇,日本,出口總值(含復出口),8,7000
2019-1,29051300,正丁醇,沙烏地阿拉伯,出口總值(含復出口),5068,6000000
2019-1,29051300,正丁醇,南非,進口總值(含復進口),431,500000
2019-1,29051300,正丁醇,南韓,進口總值(含復進口),1,0
2019-1,29051300,正丁醇,南韓,出口總值(含復出口),828,1000000
2019-1,29051300,正丁醇,美國,進口總值(含復進口),0,0
2019-1,29051300,正丁醇,英國,進口總值(含復進口),1,0
2019-1,29051300,正丁醇,泰國,出口總值(含復出口),51,56000
2019-1,29051300,正丁醇,德國,進口總值(含復進口),1,0
2019-1,29094100,２，２'－氧基二乙醇（二乙二醇）,中國大陸,進口總值(含復進口),0,3
2019-1,29094100,２，２'－氧基二乙醇（二乙二醇）,中國大陸,出口總值(含復出口),10546,19037210
2019-1,29094100,２，２'－氧基二乙醇（二乙二醇）,巴基斯坦,出口總值(含復出口),4,7000
2019-1,29094100,２，２'－氧基二乙醇（二乙二醇）,日本,出口總值(含復出口),43,54000
2019-1,29094100,２，２'－氧基二乙醇（二乙二醇）,比利時,進口總值(含復進口),0,2
2019-1,29094100,２，２'－氧基二乙醇（二乙二醇）,英國,進口總值(含復進口),0,5
2019-1,29094100,２，２'－氧基二乙醇（二乙二醇）,香港,出口總值(含復出口),15,18000
2019-1,29094100,２，２'－氧基二乙醇（二乙二醇）,荷蘭,進口總值(含復進口),0,61
2019-1,29094100,２，２'－氧基二乙醇（二乙二醇）,越南,出口總值(含復出口),110,149050
2019-1,29094100,２，２'－氧基二乙醇（二乙二醇）,義大利,出口總值(含復出口),11,40000
2019-1,29094100,２，２'－氧基二乙醇（二乙二醇）,德國,進口總值(含復進口),0,0
2019-1,29094310,乙二醇丁醚,中國大陸,進口總值(含復進口),30,11904
2019-1,29094310,乙二醇丁醚,中國大陸,出口總值(含復出口),910,1001552
2019-1,29094310,乙二醇丁醚,中華民國,進口總值(含復進口),0,92
2019-1,29094310,乙二醇丁醚,厄瓜多,出口總值(含復出口),15,14800
2019-1,29094310,乙二醇丁醚,日本,進口總值(含復進口),2,73
2019-1,29094310,乙二醇丁醚,日本,出口總值(含復出口),198,177600
2019-1,29094310,乙二醇丁醚,印度,出口總值(含復出口),732,1019206
2019-1,29094310,乙二醇丁醚,沙烏地阿拉伯,進口總值(含復進口),332,358329
2019-1,29094310,乙二醇丁醚,阿拉伯聯合大公國,出口總值(含復出口),26,29600
2019-1,29094310,乙二醇丁醚,美國,進口總值(含復進口),1027,987203
2019-1,29094310,乙二醇丁醚,英國,進口總值(含復進口),0,1
2019-1,29094310,乙二醇丁醚,哥斯大黎加,出口總值(含復出口),15,14800
2019-1,29094310,乙二醇丁醚,泰國,出口總值(含復出口),332,358810
2019-1,29094310,乙二醇丁醚,斯里蘭卡,出口總值(含復出口),68,66180
2019-1,29094310,乙二醇丁醚,菲律賓,出口總值(含復出口),4,2035
2019-1,29094310,乙二醇丁醚,越南,出口總值(含復出口),161,142190
2019-1,29094310,乙二醇丁醚,新加坡,出口總值(含復出口),196,227270
2019-1,29094310,乙二醇丁醚,德國,進口總值(含復進口),0,189
2019-1,29094310,乙二醇丁醚,黎巴嫩,出口總值(含復出口),28,29600
2019-1,29094310,乙二醇丁醚,澳大利亞,出口總值(含復出口),22,18620
2019-1,29153200,醋酸乙烯酯,中國大陸,出口總值(含復出口),16700,17637632
2019-1,29153200,醋酸乙烯酯,巴基斯坦,出口總值(含復出口),77,76000
2019-1,29153200,醋酸乙烯酯,比利時,出口總值(含復出口),2399,2980363
2019-1,29153200,醋酸乙烯酯,印度,出口總值(含復出口),32,30400
2019-1,29153200,醋酸乙烯酯,奈及利亞,出口總值(含復出口),328,304000
2019-1,29153200,醋酸乙烯酯,委內瑞拉,出口總值(含復出口),18,15200
2019-1,29153200,醋酸乙烯酯,英國,進口總值(含復進口),0,0
2019-1,29153200,醋酸乙烯酯,敘利亞,出口總值(含復出口),89,76000
2019-1,29153200,醋酸乙烯酯,斯里蘭卡,出口總值(含復出口),61,60800
2019-1,29153200,醋酸乙烯酯,越南,出口總值(含復出口),33,30400
2019-1,29153200,醋酸乙烯酯,新加坡,進口總值(含復進口),468,419337
2019-2,27101965,白臘油,中國大陸,出口總值(含復出口),8108,8904000
2019-2,27101965,白臘油,日本,進口總值(含復進口),886,1038000
2019-2,27101965,白臘油,日本,出口總值(含復出口),88,120000
2019-2,27101965,白臘油,比利時,進口總值(含復進口),41,17000
2019-2,27101965,白臘油,印尼,出口總值(含復出口),91,120000
2019-2,27101965,白臘油,印度,進口總值(含復進口),55,48000
2019-2,27101965,白臘油,印度,出口總值(含復出口),366,487000
2019-2,27101965,白臘油,沙烏地阿拉伯,出口總值(含復出口),144,200000
2019-2,27101965,白臘油,其他國家,出口總值(含復出口),0,0
2019-2,27101965,白臘油,孟加拉,出口總值(含復出口),189,205000
2019-2,27101965,白臘油,南韓,進口總值(含復進口),802,1061000
2019-2,27101965,白臘油,美國,進口總值(含復進口),44,23000
2019-2,27101965,白臘油,香港,出口總值(含復出口),210,268000
2019-2,27101965,白臘油,泰國,進口總值(含復進口),259,421000
2019-2,27101965,白臘油,泰國,出口總值(含復出口),69,77000
2019-2,27101965,白臘油,馬來西亞,出口總值(含復出口),69,73000
2019-2,27101965,白臘油,越南,出口總值(含復出口),104,102000
2019-2,27101965,白臘油,義大利,出口總值(含復出口),370,501000
2019-2,27101965,白臘油,德國,進口總值(含復進口),0,0
2019-2,27101965,白臘油,德國,出口總值(含復出口),44,60000
2019-2,29051220,異丙醇,中國大陸,進口總值(含復進口),91,54000
2019-2,29051220,異丙醇,中國大陸,出口總值(含復出口),1369,1190000
2019-2,29051220,異丙醇,中華民國,進口總值(含復進口),0,0
2019-2,29051220,異丙醇,巴基斯坦,出口總值(含復出口),269,343000
2019-2,29051220,異丙醇,日本,進口總值(含復進口),1299,1013000
2019-2,29051220,異丙醇,加拿大,進口總值(含復進口),12,3000
2019-2,29051220,異丙醇,印尼,出口總值(含復出口),1,1000
2019-2,29051220,異丙醇,印度,出口總值(含復出口),2292,2849000
2019-2,29051220,異丙醇,孟加拉,出口總值(含復出口),15,13000
2019-2,29051220,異丙醇,南韓,進口總值(含復進口),1,0
2019-2,29051220,異丙醇,美國,進口總值(含復進口),5,1000
2019-2,29051220,異丙醇,美國,出口總值(含復出口),2,1000
2019-2,29051220,異丙醇,英國,進口總值(含復進口),0,0
2019-2,29051220,異丙醇,香港,出口總值(含復出口),51,6000
2019-2,29051220,異丙醇,泰國,出口總值(含復出口),41,22000
2019-2,29051220,異丙醇,馬來西亞,出口總值(含復出口),157,94000
2019-2,29051220,異丙醇,菲律賓,出口總值(含復出口),62,31000
2019-2,29051220,異丙醇,越南,出口總值(含復出口),42,48000
2019-2,29051220,異丙醇,愛爾蘭,出口總值(含復出口),194,66000
2019-2,29051220,異丙醇,新加坡,出口總值(含復出口),51,25000
2019-2,29051220,異丙醇,瑞士,進口總值(含復進口),0,0
2019-2,29051220,異丙醇,德國,進口總值(含復進口),0,0
2019-2,29051220,異丙醇,澳大利亞,出口總值(含復出口),29,26000
2019-2,29051300,正丁醇,中國大陸,出口總值(含復出口),7326,9000000
2019-2,29051300,正丁醇,日本,出口總值(含復出口),10,7000
2019-2,29051300,正丁醇,以色列,出口總值(含復出口),35,38000
2019-2,29051300,正丁醇,南非,進口總值(含復進口),400,500000
2019-2,29051300,正丁醇,南韓,進口總值(含復進口),2,0
2019-2,29051300,正丁醇,南韓,出口總值(含復出口),2430,2950000
2019-2,29051300,正丁醇,美國,進口總值(含復進口),0,0
2019-2,29051300,正丁醇,英國,進口總值(含復進口),0,0
2019-2,29051300,正丁醇,泰國,出口總值(含復出口),52,57000
2019-2,29051300,正丁醇,斯里蘭卡,出口總值(含復出口),14,13000
2019-2,29051300,正丁醇,菲律賓,出口總值(含復出口),7,7000
2019-2,29051300,正丁醇,越南,出口總值(含復出口),16,19000
2019-2,29094100,２，２'－氧基二乙醇（二乙二醇）,中國大陸,出口總值(含復出口),7127,13517100
2019-2,29094100,２，２'－氧基二乙醇（二乙二醇）,巴基斯坦,出口總值(含復出口),9,18000
2019-2,29094100,２，２'－氧基二乙醇（二乙二醇）,日本,出口總值(含復出口),7,9000
2019-2,29094100,２，２'－氧基二乙醇（二乙二醇）,菲律賓,出口總值(含復出口),6,7875
2019-2,29094100,２，２'－氧基二乙醇（二乙二醇）,越南,出口總值(含復出口),67,90000
2019-2,29094100,２，２'－氧基二乙醇（二乙二醇）,新加坡,出口總值(含復出口),4,4500
2019-2,29094100,２，２'－氧基二乙醇（二乙二醇）,義大利,出口總值(含復出口),16,60000
2019-2,29094310,乙二醇丁醚,中國大陸,出口總值(含復出口),535,539590
2019-2,29094310,乙二醇丁醚,中華民國,進口總值(含復進口),0,88
2019-2,29094310,乙二醇丁醚,日本,出口總值(含復出口),115,103600
2019-2,29094310,乙二醇丁醚,比利時,進口總值(含復進口),0,185
2019-2,29094310,乙二醇丁醚,印度,出口總值(含復出口),1022,1436464
2019-2,29094310,乙二醇丁醚,沙烏地阿拉伯,進口總值(含復進口),146,157900
2019-2,29094310,乙二醇丁醚,肯亞,出口總值(含復出口),13,14800
2019-2,29094310,乙二醇丁醚,阿拉伯聯合大公國,出口總值(含復出口),26,29600
2019-2,29094310,乙二醇丁醚,南韓,出口總值(含復出口),91,106780
2019-2,29094310,乙二醇丁醚,突尼西亞,出口總值(含復出口),13,14800
2019-2,29094310,乙二醇丁醚,約旦,出口總值(含復出口),13,14800
2019-2,29094310,乙二醇丁醚,美國,進口總值(含復進口),808,798153
2019-2,29094310,乙二醇丁醚,英國,進口總值(含復進口),1,90
2019-2,29094310,乙二醇丁醚,香港,出口總值(含復出口),2,1850
2019-2,29094310,乙二醇丁醚,埃及,出口總值(含復出口),27,29600
2019-2,29094310,乙二醇丁醚,泰國,出口總值(含復出口),15,14800
2019-2,29094310,乙二醇丁醚,馬來西亞,出口總值(含復出口),29,29600
2019-2,29094310,乙二醇丁醚,斯里蘭卡,出口總值(含復出口),48,44400
2019-2,29094310,乙二醇丁醚,菲律賓,出口總值(含復出口),3,1295
2019-2,29094310,乙二醇丁醚,越南,出口總值(含復出口),158,136900
2019-2,29094310,乙二醇丁醚,新加坡,出口總值(含復出口),62,79820
2019-2,29094310,乙二醇丁醚,德國,進口總值(含復進口),0,2
2019-2,29094310,乙二醇丁醚,澳大利亞,出口總值(含復出口),53,45800
2019-2,29153200,醋酸乙烯酯,中國大陸,進口總值(含復進口),18,19920
2019-2,29153200,醋酸乙烯酯,中國大陸,出口總值(含復出口),16891,19507841
2019-2,29153200,醋酸乙烯酯,中華民國,進口總值(含復進口),940,1028386
2019-2,29153200,醋酸乙烯酯,巴基斯坦,出口總值(含復出口),148,152000
2019-2,29153200,醋酸乙烯酯,比利時,出口總值(含復出口),1616,1981468
2019-2,29153200,醋酸乙烯酯,沙烏地阿拉伯,進口總值(含復進口),998,1049134
2019-2,29153200,醋酸乙烯酯,奈及利亞,出口總值(含復出口),218,228000
2019-2,29153200,醋酸乙烯酯,南韓,出口總值(含復出口),2967,2989092
2019-2,29153200,醋酸乙烯酯,突尼西亞,出口總值(含復出口),56,60800
2019-2,29153200,醋酸乙烯酯,美國,進口總值(含復進口),4,349
2019-2,29153200,醋酸乙烯酯,敘利亞,出口總值(含復出口),32,30400
2019-2,29153200,醋酸乙烯酯,斯里蘭卡,出口總值(含復出口),98,106400
2019-2,29153200,醋酸乙烯酯,新加坡,進口總值(含復進口),1271,1334234
2019-2,29153200,醋酸乙烯酯,德國,進口總值(含復進口),0,1
2019-3,27101965,白臘油,中國大陸,進口總值(含復進口),15,16000
2019-3,27101965,白臘油,中國大陸,出口總值(含復出口),7587,8625000
2019-3,27101965,白臘油,日本,進口總值(含復進口),1682,2355000
2019-3,27101965,白臘油,日本,出口總值(含復出口),30,40000
2019-3,27101965,白臘油,印尼,出口總值(含復出口),49,61000
2019-3,27101965,白臘油,印度,進口總值(含復進口),98,88000
2019-3,27101965,白臘油,印度,出口總值(含復出口),8,5000
2019-3,27101965,白臘油,其他國家,出口總值(含復出口),1,0
2019-3,27101965,白臘油,法國,進口總值(含復進口),2,0
2019-3,27101965,白臘油,南韓,進口總值(含復進口),1138,1575000
2019-3,27101965,白臘油,美國,進口總值(含復進口),73,31000
2019-3,27101965,白臘油,香港,出口總值(含復出口),536,721000
2019-3,27101965,白臘油,泰國,進口總值(含復進口),91,141000
2019-3,27101965,白臘油,泰國,出口總值(含復出口),78,92000
2019-3,27101965,白臘油,馬來西亞,進口總值(含復進口),1850,2094000
2019-3,27101965,白臘油,馬來西亞,出口總值(含復出口),100,113000
2019-3,27101965,白臘油,越南,出口總值(含復出口),399,439000
2019-3,27101965,白臘油,德國,進口總值(含復進口),0,0
2019-3,27101965,白臘油,德國,出口總值(含復出口),45,60000
2019-3,29051220,異丙醇,中國大陸,進口總值(含復進口),46,28000
2019-3,29051220,異丙醇,中國大陸,出口總值(含復出口),4055,4259000
2019-3,29051220,異丙醇,中華民國,進口總值(含復進口),0,0
2019-3,29051220,異丙醇,巴基斯坦,出口總值(含復出口),366,404000
2019-3,29051220,異丙醇,日本,進口總值(含復進口),1894,1818000
2019-3,29051220,異丙醇,日本,出口總值(含復出口),2,0
2019-3,29051220,異丙醇,比利時,進口總值(含復進口),0,0
2019-3,29051220,異丙醇,加拿大,進口總值(含復進口),0,0
2019-3,29051220,異丙醇,印度,出口總值(含復出口),1300,1615000
2019-3,29051220,異丙醇,坦尚尼亞,出口總值(含復出口),14,13000
2019-3,29051220,異丙醇,孟加拉,出口總值(含復出口),84,57000
2019-3,29051220,異丙醇,南韓,進口總值(含復進口),1,0
2019-3,29051220,異丙醇,美國,進口總值(含復進口),44,18000
2019-3,29051220,異丙醇,美國,出口總值(含復出口),438,174000
2019-3,29051220,異丙醇,英國,進口總值(含復進口),0,0
2019-3,29051220,異丙醇,香港,出口總值(含復出口),46,6000
2019-3,29051220,異丙醇,埃及,出口總值(含復出口),52,65000
2019-3,29051220,異丙醇,泰國,出口總值(含復出口),78,59000
2019-3,29051220,異丙醇,紐西蘭,出口總值(含復出口),14,13000
2019-3,29051220,異丙醇,馬來西亞,出口總值(含復出口),130,74000
2019-3,29051220,異丙醇,斯里蘭卡,出口總值(含復出口),26,26000
2019-3,29051220,異丙醇,菲律賓,出口總值(含復出口),140,67000
2019-3,29051220,異丙醇,越南,出口總值(含復出口),108,97000
2019-3,29051220,異丙醇,新加坡,進口總值(含復進口),3,1000
2019-3,29051220,異丙醇,新加坡,出口總值(含復出口),47,24000
2019-3,29051220,異丙醇,瑞士,進口總值(含復進口),0,0
2019-3,29051220,異丙醇,德國,進口總值(含復進口),9,0
2019-3,29051220,異丙醇,澳大利亞,進口總值(含復進口),0,0
2019-3,29051220,異丙醇,澳大利亞,出口總值(含復出口),57,52000
2019-3,29051300,正丁醇,中國大陸,出口總值(含復出口),16334,19400000
2019-3,29051300,正丁醇,日本,進口總值(含復進口),0,0
2019-3,29051300,正丁醇,印度,出口總值(含復出口),864,1000000
2019-3,29051300,正丁醇,奈及利亞,出口總值(含復出口),85,79000
2019-3,29051300,正丁醇,南非,進口總值(含復進口),401,500000
2019-3,29051300,正丁醇,南韓,出口總值(含復出口),2519,3000000
2019-3,29051300,正丁醇,美國,進口總值(含復進口),0,0
2019-3,29051300,正丁醇,泰國,出口總值(含復出口),52,57000
2019-3,29051300,正丁醇,菲律賓,出口總值(含復出口),7,7000
2019-3,29051300,正丁醇,越南,出口總值(含復出口),84,84000
2019-3,29051300,正丁醇,德國,進口總值(含復進口),1,0
2019-3,29094100,２，２'－氧基二乙醇（二乙二醇）,中國大陸,出口總值(含復出口),4772,9056250
2019-3,29094100,２，２'－氧基二乙醇（二乙二醇）,巴基斯坦,出口總值(含復出口),4,7000
2019-3,29094100,２，２'－氧基二乙醇（二乙二醇）,日本,進口總值(含復進口),0,9
2019-3,29094100,２，２'－氧基二乙醇（二乙二醇）,日本,出口總值(含復出口),54,73710
2019-3,29094100,２，２'－氧基二乙醇（二乙二醇）,比利時,進口總值(含復進口),1,108
2019-3,29094100,２，２'－氧基二乙醇（二乙二醇）,孟加拉,出口總值(含復出口),13,18000
2019-3,29094100,２，２'－氧基二乙醇（二乙二醇）,南非,出口總值(含復出口),11,13500
2019-3,29094100,２，２'－氧基二乙醇（二乙二醇）,美國,進口總值(含復進口),1,0
2019-3,29094100,２，２'－氧基二乙醇（二乙二醇）,英國,進口總值(含復進口),0,6
2019-3,29094100,２，２'－氧基二乙醇（二乙二醇）,秘魯,出口總值(含復出口),7,9000
2019-3,29094100,２，２'－氧基二乙醇（二乙二醇）,荷蘭,進口總值(含復進口),0,17
2019-3,29094100,２，２'－氧基二乙醇（二乙二醇）,菲律賓,出口總值(含復出口),21,27000
2019-3,29094100,２，２'－氧基二乙醇（二乙二醇）,越南,出口總值(含復出口),152,200500
2019-3,29094100,２，２'－氧基二乙醇（二乙二醇）,義大利,出口總值(含復出口),13,60000
2019-3,29094310,乙二醇丁醚,中國大陸,出口總值(含復出口),1518,1502779
2019-3,29094310,乙二醇丁醚,中華民國,進口總值(含復進口),0,7
2019-3,29094310,乙二醇丁醚,日本,進口總值(含復進口),0,40
2019-3,29094310,乙二醇丁醚,日本,出口總值(含復出口),112,111000
2019-3,29094310,乙二醇丁醚,比利時,進口總值(含復進口),1,370
2019-3,29094310,乙二醇丁醚,印尼,出口總值(含復出口),512,752989
2019-3,29094310,乙二醇丁醚,沙烏地阿拉伯,進口總值(含復進口),140,157800
2019-3,29094310,乙二醇丁醚,沙烏地阿拉伯,出口總值(含復出口),28,29600
2019-3,29094310,乙二醇丁醚,奈及利亞,出口總值(含復出口),28,29600
2019-3,29094310,乙二醇丁醚,肯亞,出口總值(含復出口),40,44400
2019-3,29094310,乙二醇丁醚,阿拉伯聯合大公國,出口總值(含復出口),13,14800
2019-3,29094310,乙二醇丁醚,突尼西亞,出口總值(含復出口),27,29600
2019-3,29094310,乙二醇丁醚,美國,進口總值(含復進口),22,15040
2019-3,29094310,乙二醇丁醚,英國,進口總值(含復進口),0,9
2019-3,29094310,乙二醇丁醚,香港,出口總值(含復出口),15,14800
2019-3,29094310,乙二醇丁醚,哥斯大黎加,出口總值(含復出口),16,14800
2019-3,29094310,乙二醇丁醚,泰國,出口總值(含復出口),16,14800
2019-3,29094310,乙二醇丁醚,馬來西亞,出口總值(含復出口),14,20030
2019-3,29094310,乙二醇丁醚,斯里蘭卡,出口總值(含復出口),61,59200
2019-3,29094310,乙二醇丁醚,越南,出口總值(含復出口),301,306300
2019-3,29094310,乙二醇丁醚,新加坡,出口總值(含復出口),137,180030
2019-3,29094310,乙二醇丁醚,澳大利亞,出口總值(含復出口),130,119000
2019-3,29153200,醋酸乙烯酯,中國大陸,進口總值(含復進口),19,19500
2019-3,29153200,醋酸乙烯酯,中國大陸,出口總值(含復出口),14912,18507533
2019-3,29153200,醋酸乙烯酯,巴基斯坦,出口總值(含復出口),136,152000
2019-3,29153200,醋酸乙烯酯,日本,進口總值(含復進口),946,1047635
2019-3,29153200,醋酸乙烯酯,比利時,出口總值(含復出口),2270,2988324
2019-3,29153200,醋酸乙烯酯,印度,出口總值(含復出口),15,15200
2019-3,29153200,醋酸乙烯酯,奈及利亞,出口總值(含復出口),223,243200
2019-3,29153200,醋酸乙烯酯,肯亞,出口總值(含復出口),43,45600
2019-3,29153200,醋酸乙烯酯,阿爾及利亞,出口總值(含復出口),119,106400
2019-3,29153200,醋酸乙烯酯,南韓,出口總值(含復出口),2742,2995701
2019-3,29153200,醋酸乙烯酯,美國,進口總值(含復進口),6,488
2019-3,29153200,醋酸乙烯酯,斯里蘭卡,出口總值(含復出口),42,45600
2019-3,29153200,醋酸乙烯酯,越南,出口總值(含復出口),42,45600
2019-3,29153200,醋酸乙烯酯,新加坡,進口總值(含復進口),373,378789
2019-4,27101965,白臘油,中國大陸,出口總值(含復出口),5957,6223000
2019-4,27101965,白臘油,日本,進口總值(含復進口),1383,1511000
2019-4,27101965,白臘油,日本,出口總值(含復出口),31,40000
2019-4,27101965,白臘油,卡達,進口總值(含復進口),4756,5120000
2019-4,27101965,白臘油,印尼,出口總值(含復出口),79,100000
2019-4,27101965,白臘油,印度,進口總值(含復進口),94,81000
2019-4,27101965,白臘油,印度,出口總值(含復出口),8,5000
2019-4,27101965,白臘油,沙烏地阿拉伯,出口總值(含復出口),268,360000
2019-4,27101965,白臘油,其他國家,出口總值(含復出口),0,0
2019-4,27101965,白臘油,法國,進口總值(含復進口),42,14000
2019-4,27101965,白臘油,南非,進口總值(含復進口),10,16000
2019-4,27101965,白臘油,南韓,進口總值(含復進口),1032,1255000
2019-4,27101965,白臘油,美國,進口總值(含復進口),80,47000
2019-4,27101965,白臘油,香港,出口總值(含復出口),157,200000
2019-4,27101965,白臘油,泰國,進口總值(含復進口),370,562000
2019-4,27101965,白臘油,泰國,出口總值(含復出口),46,60000
2019-4,27101965,白臘油,馬來西亞,出口總值(含復出口),208,215000
2019-4,27101965,白臘油,越南,出口總值(含復出口),480,499000
2019-4,27101965,白臘油,瑞典,進口總值(含復進口),0,0
2019-4,27101965,白臘油,德國,進口總值(含復進口),0,0
2019-4,27101965,白臘油,德國,出口總值(含復出口),92,120000
2019-4,27101965,白臘油,澳門,出口總值(含復出口),2,1000
2019-4,29051220,異丙醇,中國大陸,進口總值(含復進口),800,995000
2019-4,29051220,異丙醇,中國大陸,出口總值(含復出口),1007,312000
2019-4,29051220,異丙醇,中華民國,進口總值(含復進口),66,24000
2019-4,29051220,異丙醇,巴基斯坦,出口總值(含復出口),484,534000
2019-4,29051220,異丙醇,日本,進口總值(含復進口),1740,1504000
2019-4,29051220,異丙醇,日本,出口總值(含復出口),2,0
2019-4,29051220,異丙醇,印度,進口總值(含復進口),9,2000
2019-4,29051220,異丙醇,印度,出口總值(含復出口),966,1267000
2019-4,29051220,異丙醇,孟加拉,出口總值(含復出口),155,117000
2019-4,29051220,異丙醇,俄羅斯,出口總值(含復出口),0,0
2019-4,29051220,異丙醇,南韓,進口總值(含復進口),1,0
2019-4,29051220,異丙醇,南韓,出口總值(含復出口),989,1048000
2019-4,29051220,異丙醇,美國,進口總值(含復進口),46,18000
2019-4,29051220,異丙醇,美國,出口總值(含復出口),245,90000
2019-4,29051220,異丙醇,英國,進口總值(含復進口),2,0
2019-4,29051220,異丙醇,香港,出口總值(含復出口),26,3000
2019-4,29051220,異丙醇,泰國,出口總值(含復出口),8,13000
2019-4,29051220,異丙醇,馬來西亞,出口總值(含復出口),86,48000
2019-4,29051220,異丙醇,菲律賓,出口總值(含復出口),148,72000
2019-4,29051220,異丙醇,越南,出口總值(含復出口),75,87000
2019-4,29051220,異丙醇,愛爾蘭,出口總值(含復出口),65,22000
2019-4,29051220,異丙醇,新加坡,出口總值(含復出口),71,38000
2019-4,29051220,異丙醇,瑞士,進口總值(含復進口),0,0
2019-4,29051220,異丙醇,德國,進口總值(含復進口),10,0
2019-4,29051300,正丁醇,中國大陸,出口總值(含復出口),9377,10900000
2019-4,29051300,正丁醇,日本,出口總值(含復出口),10,7000
2019-4,29051300,正丁醇,南非,進口總值(含復進口),413,500000
2019-4,29051300,正丁醇,南韓,進口總值(含復進口),0,0
2019-4,29051300,正丁醇,美國,進口總值(含復進口),0,0
2019-4,29051300,正丁醇,英國,進口總值(含復進口),0,0
2019-4,29051300,正丁醇,香港,出口總值(含復出口),0,0
2019-4,29051300,正丁醇,泰國,出口總值(含復出口),34,38000
2019-4,29051300,正丁醇,越南,出口總值(含復出口),18,20000
2019-4,29051300,正丁醇,德國,進口總值(含復進口),0,0
2019-4,29094100,２，２'－氧基二乙醇（二乙二醇）,中國大陸,進口總值(含復進口),0,7
2019-4,29094100,２，２'－氧基二乙醇（二乙二醇）,中國大陸,出口總值(含復出口),14374,25994320
2019-4,29094100,２，２'－氧基二乙醇（二乙二醇）,巴基斯坦,出口總值(含復出口),9,18000
2019-4,29094100,２，２'－氧基二乙醇（二乙二醇）,日本,出口總值(含復出口),12,19710
2019-4,29094100,２，２'－氧基二乙醇（二乙二醇）,比利時,進口總值(含復進口),0,1
2019-4,29094100,２，２'－氧基二乙醇（二乙二醇）,孟加拉,出口總值(含復出口),27,36000
2019-4,29094100,２，２'－氧基二乙醇（二乙二醇）,英國,進口總值(含復進口),0,0
2019-4,29094100,２，２'－氧基二乙醇（二乙二醇）,馬來西亞,出口總值(含復出口),14,18000
2019-4,29094100,２，２'－氧基二乙醇（二乙二醇）,荷蘭,進口總值(含復進口),1,46
2019-4,29094100,２，２'－氧基二乙醇（二乙二醇）,菲律賓,出口總值(含復出口),4,4500
2019-4,29094100,２，２'－氧基二乙醇（二乙二醇）,越南,出口總值(含復出口),149,201215
2019-4,29094100,２，２'－氧基二乙醇（二乙二醇）,德國,進口總值(含復進口),0,0
2019-4,29094100,２，２'－氧基二乙醇（二乙二醇）,澳大利亞,出口總值(含復出口),16,19800
2019-4,29094310,乙二醇丁醚,中國大陸,出口總值(含復出口),168,177270
2019-4,29094310,乙二醇丁醚,日本,進口總值(含復進口),8,37
2019-4,29094310,乙二醇丁醚,日本,出口總值(含復出口),29,29600
2019-4,29094310,乙二醇丁醚,伊拉克,出口總值(含復出口),12,14800
2019-4,29094310,乙二醇丁醚,沙烏地阿拉伯,進口總值(含復進口),82,118700
2019-4,29094310,乙二醇丁醚,肯亞,出口總值(含復出口),13,14800
2019-4,29094310,乙二醇丁醚,阿拉伯聯合大公國,出口總值(含復出口),74,64000
2019-4,29094310,乙二醇丁醚,柬埔寨,出口總值(含復出口),2,720
2019-4,29094310,乙二醇丁醚,美國,進口總值(含復進口),2225,2512049
2019-4,29094310,乙二醇丁醚,馬來西亞,出口總值(含復出口),30,39920
2019-4,29094310,乙二醇丁醚,斯里蘭卡,出口總值(含復出口),11,10360
2019-4,29094310,乙二醇丁醚,菲律賓,出口總值(含復出口),19,20000
2019-4,29094310,乙二醇丁醚,越南,出口總值(含復出口),223,209050
2019-4,29094310,乙二醇丁醚,新加坡,出口總值(含復出口),120,154650
2019-4,29094310,乙二醇丁醚,德國,進口總值(含復進口),0,191
2019-4,29094310,乙二醇丁醚,澳大利亞,出口總值(含復出口),141,124440
2019-4,29153200,醋酸乙烯酯,中國大陸,進口總值(含復進口),20,19880
2019-4,29153200,醋酸乙烯酯,中國大陸,出口總值(含復出口),14754,18299840
2019-4,29153200,醋酸乙烯酯,巴基斯坦,出口總值(含復出口),55,60800
2019-4,29153200,醋酸乙烯酯,日本,進口總值(含復進口),1802,1967102
2019-4,29153200,醋酸乙烯酯,印度,出口總值(含復出口),30,30400
2019-4,29153200,醋酸乙烯酯,奈及利亞,出口總值(含復出口),221,228000
2019-4,29153200,醋酸乙烯酯,肯亞,出口總值(含復出口),15,15200
2019-4,29153200,醋酸乙烯酯,南韓,出口總值(含復出口),4520,4973694
2019-4,29153200,醋酸乙烯酯,美國,進口總值(含復進口),0,0
2019-4,29153200,醋酸乙烯酯,英國,進口總值(含復進口),0,2
2019-4,29153200,醋酸乙烯酯,哥倫比亞,出口總值(含復出口),29,30400
2019-4,29153200,醋酸乙烯酯,敘利亞,出口總值(含復出口),159,152000
2019-4,29153200,醋酸乙烯酯,斯里蘭卡,出口總值(含復出口),87,91200
2019-4,29153200,醋酸乙烯酯,越南,出口總值(含復出口),69,76000
2019-4,29153200,醋酸乙烯酯,新加坡,進口總值(含復進口),1361,1423340
2019-4,29153200,醋酸乙烯酯,德國,進口總值(含復進口),0,0
2019-5,27101965,白臘油,土耳其,出口總值(含復出口),31,40000
2019-5,27101965,白臘油,中國大陸,進口總值(含復進口),22,20000
2019-5,27101965,白臘油,中國大陸,出口總值(含復出口),4392,4558000
2019-5,27101965,白臘油,巴基斯坦,出口總值(含復出口),16,20000
2019-5,27101965,白臘油,日本,進口總值(含復進口),444,500000
2019-5,27101965,白臘油,日本,出口總值(含復出口),109,140000
2019-5,27101965,白臘油,印尼,出口總值(含復出口),48,60000
2019-5,27101965,白臘油,印度,進口總值(含復進口),114,102000
2019-5,27101965,白臘油,印度,出口總值(含復出口),21,14000
2019-5,27101965,白臘油,沙烏地阿拉伯,出口總值(含復出口),153,200000
2019-5,27101965,白臘油,其他國家,出口總值(含復出口),1,0
2019-5,27101965,白臘油,孟加拉,出口總值(含復出口),253,256000
2019-5,27101965,白臘油,法國,進口總值(含復進口),1,0
2019-5,27101965,白臘油,南韓,進口總值(含復進口),147,139000
2019-5,27101965,白臘油,美國,進口總值(含復進口),47,27000
2019-5,27101965,白臘油,香港,出口總值(含復出口),113,145000
2019-5,27101965,白臘油,泰國,進口總值(含復進口),132,200000
2019-5,27101965,白臘油,泰國,出口總值(含復出口),62,80000
2019-5,27101965,白臘油,馬來西亞,進口總值(含復進口),1369,1486000
2019-5,27101965,白臘油,馬來西亞,出口總值(含復出口),238,251000
2019-5,27101965,白臘油,荷蘭,進口總值(含復進口),20,14000
2019-5,27101965,白臘油,越南,出口總值(含復出口),103,93000
2019-5,27101965,白臘油,德國,進口總值(含復進口),0,0
2019-5,27101965,白臘油,德國,出口總值(含復出口),460,600000
2019-5,29051220,異丙醇,中國大陸,進口總值(含復進口),39,47000
2019-5,29051220,異丙醇,中國大陸,出口總值(含復出口),761,227000
2019-5,29051220,異丙醇,中華民國,進口總值(含復進口),0,0
2019-5,29051220,異丙醇,巴基斯坦,出口總值(含復出口),328,378000
2019-5,29051220,異丙醇,日本,進口總值(含復進口),1477,1453000
2019-5,29051220,異丙醇,以色列,出口總值(含復出口),15,18000
2019-5,29051220,異丙醇,加拿大,進口總值(含復進口),10,1000
2019-5,29051220,異丙醇,印度,進口總值(含復進口),15,4000
2019-5,29051220,異丙醇,印度,出口總值(含復出口),1368,2064000
2019-5,29051220,異丙醇,西班牙,進口總值(含復進口),0,0
2019-5,29051220,異丙醇,孟加拉,出口總值(含復出口),71,64000
2019-5,29051220,異丙醇,阿拉伯聯合大公國,出口總值(含復出口),10,13000
2019-5,29051220,異丙醇,南韓,進口總值(含復進口),7,1000
2019-5,29051220,異丙醇,約旦,出口總值(含復出口),24,26000
2019-5,29051220,異丙醇,美國,進口總值(含復進口),75,21000
2019-5,29051220,異丙醇,美國,出口總值(含復出口),920,1123000
2019-5,29051220,異丙醇,香港,出口總值(含復出口),46,6000
2019-5,29051220,異丙醇,埃及,出口總值(含復出口),17,26000
2019-5,29051220,異丙醇,泰國,出口總值(含復出口),28,24000
2019-5,29051220,異丙醇,馬來西亞,出口總值(含復出口),105,47000
2019-5,29051220,異丙醇,菲律賓,出口總值(含復出口),127,65000
2019-5,29051220,異丙醇,越南,出口總值(含復出口),11,13000
2019-5,29051220,異丙醇,愛爾蘭,出口總值(含復出口),129,44000
2019-5,29051220,異丙醇,新加坡,進口總值(含復進口),1,0
2019-5,29051220,異丙醇,新加坡,出口總值(含復出口),41,18000
2019-5,29051220,異丙醇,瑞士,進口總值(含復進口),0,0
2019-5,29051220,異丙醇,德國,進口總值(含復進口),4,0
2019-5,29051220,異丙醇,澳大利亞,出口總值(含復出口),56,52000
2019-5,29051300,正丁醇,中國大陸,出口總值(含復出口),2511,3000000
2019-5,29051300,正丁醇,法國,進口總值(含復進口),1,0
2019-5,29051300,正丁醇,南非,進口總值(含復進口),418,500000
2019-5,29051300,正丁醇,南韓,進口總值(含復進口),0,0
2019-5,29051300,正丁醇,南韓,出口總值(含復出口),1244,1500000
2019-5,29051300,正丁醇,美國,進口總值(含復進口),4,0
2019-5,29051300,正丁醇,英國,進口總值(含復進口),0,0
2019-5,29051300,正丁醇,泰國,出口總值(含復出口),85,95000
2019-5,29051300,正丁醇,越南,出口總值(含復出口),2,2000
2019-5,29051300,正丁醇,瑞士,進口總值(含復進口),0,0
2019-5,29051300,正丁醇,德國,進口總值(含復進口),0,0
2019-5,29094100,２，２'－氧基二乙醇（二乙二醇）,中國大陸,出口總值(含復出口),5200,9506150
2019-5,29094100,２，２'－氧基二乙醇（二乙二醇）,日本,出口總值(含復出口),98,127710
2019-5,29094100,２，２'－氧基二乙醇（二乙二醇）,比利時,進口總值(含復進口),0,1
2019-5,29094100,２，２'－氧基二乙醇（二乙二醇）,孟加拉,出口總值(含復出口),13,18000
2019-5,29094100,２，２'－氧基二乙醇（二乙二醇）,美國,進口總值(含復進口),0,0
2019-5,29094100,２，２'－氧基二乙醇（二乙二醇）,英國,進口總值(含復進口),0,5
2019-5,29094100,２，２'－氧基二乙醇（二乙二醇）,香港,出口總值(含復出口),14,18000
2019-5,29094100,２，２'－氧基二乙醇（二乙二醇）,斯里蘭卡,出口總值(含復出口),14,18000
2019-5,29094100,２，２'－氧基二乙醇（二乙二醇）,越南,出口總值(含復出口),87,135895
2019-5,29094100,２，２'－氧基二乙醇（二乙二醇）,德國,進口總值(含復進口),0,0
2019-5,29094310,乙二醇丁醚,中國大陸,出口總值(含復出口),605,652280
2019-5,29094310,乙二醇丁醚,日本,出口總值(含復出口),108,118400
2019-5,29094310,乙二醇丁醚,比利時,進口總值(含復進口),1,370
2019-5,29094310,乙二醇丁醚,沙烏地阿拉伯,進口總值(含復進口),358,413900
2019-5,29094310,乙二醇丁醚,阿拉伯聯合大公國,出口總值(含復出口),62,59200
2019-5,29094310,乙二醇丁醚,美國,進口總值(含復進口),816,1013873
2019-5,29094310,乙二醇丁醚,泰國,出口總值(含復出口),377,530732
2019-5,29094310,乙二醇丁醚,馬來西亞,出口總值(含復出口),29,34770
2019-5,29094310,乙二醇丁醚,斯里蘭卡,出口總值(含復出口),9,8880
2019-5,29094310,乙二醇丁醚,菲律賓,出口總值(含復出口),20,21110
2019-5,29094310,乙二醇丁醚,越南,出口總值(含復出口),108,108965
2019-5,29094310,乙二醇丁醚,新加坡,出口總值(含復出口),233,340000
2019-5,29094310,乙二醇丁醚,澳大利亞,出口總值(含復出口),58,53120
2019-5,29153200,醋酸乙烯酯,中國大陸,進口總值(含復進口),20,20000
2019-5,29153200,醋酸乙烯酯,中國大陸,出口總值(含復出口),8625,9983882
2019-5,29153200,醋酸乙烯酯,奈及利亞,出口總值(含復出口),448,440800
2019-5,29153200,醋酸乙烯酯,南韓,出口總值(含復出口),2694,2985191
2019-5,29153200,醋酸乙烯酯,英國,進口總值(含復進口),0,1
2019-5,29153200,醋酸乙烯酯,哥倫比亞,出口總值(含復出口),15,15200
2019-5,29153200,醋酸乙烯酯,馬拉威,出口總值(含復出口),29,30400
2019-5,29153200,醋酸乙烯酯,斯里蘭卡,出口總值(含復出口),150,152000
2019-5,29153200,醋酸乙烯酯,越南,出口總值(含復出口),854,991238
2019-5,29153200,醋酸乙烯酯,新加坡,進口總值(含復進口),2108,2270502
2019-5,29153200,醋酸乙烯酯,德國,進口總值(含復進口),0,1
2019-5,29153200,醋酸乙烯酯,黎巴嫩,出口總值(含復出口),99,106400
2019-6,27101965,白臘油,中國大陸,進口總值(含復進口),46,30000
2019-6,27101965,白臘油,中國大陸,出口總值(含復出口),4870,5075000
2019-6,27101965,白臘油,中華民國,進口總值(含復進口),16,15000
2019-6,27101965,白臘油,巴西,進口總值(含復進口),18,14000
2019-6,27101965,白臘油,日本,進口總值(含復進口),27,4000
2019-6,27101965,白臘油,日本,出口總值(含復出口),15,20000
2019-6,27101965,白臘油,印尼,出口總值(含復出口),63,80000
2019-6,27101965,白臘油,印度,進口總值(含復進口),68,63000
2019-6,27101965,白臘油,印度,出口總值(含復出口),11,6000
2019-6,27101965,白臘油,沙烏地阿拉伯,出口總值(含復出口),77,100000
2019-6,27101965,白臘油,其他國家,出口總值(含復出口),0,0
2019-6,27101965,白臘油,法國,進口總值(含復進口),1,0
2019-6,27101965,白臘油,南韓,進口總值(含復進口),2145,2582000
2019-6,27101965,白臘油,美國,進口總值(含復進口),65,32000
2019-6,27101965,白臘油,香港,出口總值(含復出口),602,790000
2019-6,27101965,白臘油,泰國,出口總值(含復出口),82,92000
2019-6,27101965,白臘油,馬來西亞,進口總值(含復進口),1586,1760000
2019-6,27101965,白臘油,馬來西亞,出口總值(含復出口),101,115000
2019-6,27101965,白臘油,荷蘭,進口總值(含復進口),47,36000
2019-6,27101965,白臘油,越南,出口總值(含復出口),144,143000
2019-6,27101965,白臘油,新加坡,進口總值(含復進口),29,24000
2019-6,27101965,白臘油,新加坡,出口總值(含復出口),2,4000
2019-6,27101965,白臘油,德國,進口總值(含復進口),1,0
2019-6,27101965,白臘油,德國,出口總值(含復出口),326,420000
2019-6,29051220,異丙醇,中國大陸,進口總值(含復進口),1,0
2019-6,29051220,異丙醇,中國大陸,出口總值(含復出口),1225,1202000
2019-6,29051220,異丙醇,中華民國,進口總值(含復進口),0,0
2019-6,29051220,異丙醇,巴基斯坦,出口總值(含復出口),219,261000
2019-6,29051220,異丙醇,日本,進口總值(含復進口),1778,1576000
2019-6,29051220,異丙醇,日本,出口總值(含復出口),7,1000
2019-6,29051220,異丙醇,以色列,出口總值(含復出口),30,36000
2019-6,29051220,異丙醇,印度,出口總值(含復出口),729,1131000
2019-6,29051220,異丙醇,孟加拉,出口總值(含復出口),45,39000
2019-6,29051220,異丙醇,南韓,進口總值(含復進口),128,158000
2019-6,29051220,異丙醇,南韓,出口總值(含復出口),965,1040000
2019-6,29051220,異丙醇,美國,進口總值(含復進口),10,1000
2019-6,29051220,異丙醇,美國,出口總值(含復出口),136,45000
2019-6,29051220,異丙醇,英國,進口總值(含復進口),1,0
2019-6,29051220,異丙醇,泰國,出口總值(含復出口),8,13000
2019-6,29051220,異丙醇,馬來西亞,出口總值(含復出口),135,64000
2019-6,29051220,異丙醇,菲律賓,出口總值(含復出口),222,116000
2019-6,29051220,異丙醇,越南,出口總值(含復出口),32,40000
2019-6,29051220,異丙醇,愛爾蘭,出口總值(含復出口),129,44000
2019-6,29051220,異丙醇,新加坡,出口總值(含復出口),56,31000
2019-6,29051220,異丙醇,德國,進口總值(含復進口),13,0
2019-6,29051220,異丙醇,澳大利亞,出口總值(含復出口),62,60000
2019-6,29051300,正丁醇,中國大陸,出口總值(含復出口),7985,10200000
2019-6,29051300,正丁醇,巴西,出口總值(含復出口),826,1000000
2019-6,29051300,正丁醇,日本,進口總值(含復進口),0,0
2019-6,29051300,正丁醇,日本,出口總值(含復出口),3,3000
2019-6,29051300,正丁醇,印度,出口總值(含復出口),745,1000000
2019-6,29051300,正丁醇,西班牙,進口總值(含復進口),1,0
2019-6,29051300,正丁醇,沙烏地阿拉伯,出口總值(含復出口),916,1150000
2019-6,29051300,正丁醇,南非,進口總值(含復進口),411,500000
2019-6,29051300,正丁醇,南韓,進口總值(含復進口),0,0
2019-6,29051300,正丁醇,南韓,出口總值(含復出口),819,1000000
2019-6,29051300,正丁醇,美國,進口總值(含復進口),0,0
2019-6,29051300,正丁醇,英國,進口總值(含復進口),0,0
2019-6,29051300,正丁醇,泰國,出口總值(含復出口),15,19000
2019-6,29051300,正丁醇,菲律賓,出口總值(含復出口),0,0
2019-6,29051300,正丁醇,越南,出口總值(含復出口),16,19000
2019-6,29051300,正丁醇,瑞士,進口總值(含復進口),0,0
2019-6,29051300,正丁醇,德國,進口總值(含復進口),1,0
2019-6,29094100,２，２'－氧基二乙醇（二乙二醇）,中國大陸,出口總值(含復出口),6246,12358920
2019-6,29094100,２，２'－氧基二乙醇（二乙二醇）,巴基斯坦,出口總值(含復出口),11,18000
2019-6,29094100,２，２'－氧基二乙醇（二乙二醇）,日本,出口總值(含復出口),90,131290
2019-6,29094100,２，２'－氧基二乙醇（二乙二醇）,比利時,進口總值(含復進口),1,43
2019-6,29094100,２，２'－氧基二乙醇（二乙二醇）,南韓,出口總值(含復出口),547,1000000
2019-6,29094100,２，２'－氧基二乙醇（二乙二醇）,美國,進口總值(含復進口),0,0
2019-6,29094100,２，２'－氧基二乙醇（二乙二醇）,英國,進口總值(含復進口),0,1
2019-6,29094100,２，２'－氧基二乙醇（二乙二醇）,香港,出口總值(含復出口),7,6300
2019-6,29094100,２，２'－氧基二乙醇（二乙二醇）,荷蘭,進口總值(含復進口),1,101
2019-6,29094100,２，２'－氧基二乙醇（二乙二醇）,越南,出口總值(含復出口),299,546160
2019-6,29094100,２，２'－氧基二乙醇（二乙二醇）,瑞士,進口總值(含復進口),0,0
2019-6,29094100,２，２'－氧基二乙醇（二乙二醇）,德國,進口總值(含復進口),0,0
2019-6,29094310,乙二醇丁醚,中國大陸,進口總值(含復進口),14,5920
2019-6,29094310,乙二醇丁醚,中國大陸,出口總值(含復出口),94,103600
2019-6,29094310,乙二醇丁醚,巴基斯坦,出口總值(含復出口),13,14800
2019-6,29094310,乙二醇丁醚,日本,進口總值(含復進口),2,60
2019-6,29094310,乙二醇丁醚,日本,出口總值(含復出口),81,88800
2019-6,29094310,乙二醇丁醚,沙烏地阿拉伯,進口總值(含復進口),304,357701
2019-6,29094310,乙二醇丁醚,阿拉伯聯合大公國,出口總值(含復出口),87,88800
2019-6,29094310,乙二醇丁醚,美國,進口總值(含復進口),2906,3963198
2019-6,29094310,乙二醇丁醚,斯里蘭卡,出口總值(含復出口),35,37000
2019-6,29094310,乙二醇丁醚,菲律賓,出口總值(含復出口),5,3095
2019-6,29094310,乙二醇丁醚,越南,出口總值(含復出口),623,807265
2019-6,29094310,乙二醇丁醚,新加坡,出口總值(含復出口),100,175080
2019-6,29094310,乙二醇丁醚,緬甸,出口總值(含復出口),1,370
2019-6,29094310,乙二醇丁醚,澳大利亞,出口總值(含復出口),44,39800
2019-6,29153200,醋酸乙烯酯,中國大陸,進口總值(含復進口),60,59920
2019-6,29153200,醋酸乙烯酯,中國大陸,出口總值(含復出口),21198,26893039
2019-6,29153200,醋酸乙烯酯,巴基斯坦,出口總值(含復出口),29,30400
2019-6,29153200,醋酸乙烯酯,日本,進口總值(含復進口),878,958706
2019-6,29153200,醋酸乙烯酯,比利時,出口總值(含復出口),1905,2360915
2019-6,29153200,醋酸乙烯酯,印度,出口總值(含復出口),30,30400
2019-6,29153200,醋酸乙烯酯,吉布地,出口總值(含復出口),99,106400
2019-6,29153200,醋酸乙烯酯,奈及利亞,出口總值(含復出口),470,471200
2019-6,29153200,醋酸乙烯酯,南韓,出口總值(含復出口),2673,2989769
2019-6,29153200,醋酸乙烯酯,英國,進口總值(含復進口),0,0
2019-6,29153200,醋酸乙烯酯,哥斯大黎加,出口總值(含復出口),33,39520
2019-6,29153200,醋酸乙烯酯,斯里蘭卡,出口總值(含復出口),15,15200
2019-6,29153200,醋酸乙烯酯,越南,出口總值(含復出口),42,45600
2019-6,29153200,醋酸乙烯酯,新加坡,進口總值(含復進口),1399,1498277
2019-6,29153200,醋酸乙烯酯,德國,進口總值(含復進口),0,0
2019-7,27101965,白臘油,中國大陸,進口總值(含復進口),22,20000
2019-7,27101965,白臘油,中國大陸,出口總值(含復出口),6059,6631000
2019-7,27101965,白臘油,日本,進口總值(含復進口),3398,4330000
2019-7,27101965,白臘油,日本,出口總值(含復出口),89,120000
2019-7,27101965,白臘油,印尼,出口總值(含復出口),91,120000
2019-7,27101965,白臘油,印度,進口總值(含復進口),72,65000
2019-7,27101965,白臘油,印度,出口總值(含復出口),11,7000
2019-7,27101965,白臘油,沙烏地阿拉伯,出口總值(含復出口),146,200000
2019-7,27101965,白臘油,其他國家,出口總值(含復出口),0,0
2019-7,27101965,白臘油,孟加拉,出口總值(含復出口),50,51000
2019-7,27101965,白臘油,法國,進口總值(含復進口),1,0
2019-7,27101965,白臘油,南非,進口總值(含復進口),19,32000
2019-7,27101965,白臘油,南韓,進口總值(含復進口),1624,2174000
2019-7,27101965,白臘油,美國,進口總值(含復進口),172,75000
2019-7,27101965,白臘油,香港,出口總值(含復出口),174,226000
2019-7,27101965,白臘油,泰國,進口總值(含復進口),205,337000
2019-7,27101965,白臘油,泰國,出口總值(含復出口),68,86000
2019-7,27101965,白臘油,馬來西亞,進口總值(含復進口),727,797000
2019-7,27101965,白臘油,馬來西亞,出口總值(含復出口),72,75000
2019-7,27101965,白臘油,越南,出口總值(含復出口),47,46000
2019-7,27101965,白臘油,德國,進口總值(含復進口),0,0
2019-7,27101965,白臘油,德國,出口總值(含復出口),198,260000
2019-7,29051220,異丙醇,中國大陸,出口總值(含復出口),674,192000
2019-7,29051220,異丙醇,中華民國,進口總值(含復進口),10,3000
2019-7,29051220,異丙醇,巴基斯坦,出口總值(含復出口),189,248000
2019-7,29051220,異丙醇,日本,進口總值(含復進口),1454,1445000
2019-7,29051220,異丙醇,加拿大,進口總值(含復進口),3,0
2019-7,29051220,異丙醇,印度,進口總值(含復進口),17,4000
2019-7,29051220,異丙醇,印度,出口總值(含復出口),208,232000
2019-7,29051220,異丙醇,南韓,進口總值(含復進口),156,214000
2019-7,29051220,異丙醇,南韓,出口總值(含復出口),1934,2035000
2019-7,29051220,異丙醇,美國,進口總值(含復進口),14,3000
2019-7,29051220,異丙醇,美國,出口總值(含復出口),201,66000
2019-7,29051220,異丙醇,英國,進口總值(含復進口),0,0
2019-7,29051220,異丙醇,香港,出口總值(含復出口),86,11000
2019-7,29051220,異丙醇,埃及,出口總值(含復出口),29,52000
2019-7,29051220,異丙醇,泰國,出口總值(含復出口),86,57000
2019-7,29051220,異丙醇,馬來西亞,出口總值(含復出口),164,79000
2019-7,29051220,異丙醇,菲律賓,出口總值(含復出口),76,37000
2019-7,29051220,異丙醇,越南,出口總值(含復出口),34,35000
2019-7,29051220,異丙醇,愛爾蘭,出口總值(含復出口),130,44000
2019-7,29051220,異丙醇,新加坡,進口總值(含復進口),20,17000
2019-7,29051220,異丙醇,新加坡,出口總值(含復出口),18,7000
2019-7,29051220,異丙醇,瑞士,進口總值(含復進口),1,0
2019-7,29051220,異丙醇,德國,進口總值(含復進口),4,0
2019-7,29051220,異丙醇,澳大利亞,出口總值(含復出口),38,39000
2019-7,29051300,正丁醇,中國大陸,出口總值(含復出口),9852,12900000
2019-7,29051300,正丁醇,日本,進口總值(含復進口),0,0
2019-7,29051300,正丁醇,日本,出口總值(含復出口),3,3000
2019-7,29051300,正丁醇,南非,進口總值(含復進口),386,500000
2019-7,29051300,正丁醇,南韓,進口總值(含復進口),0,0
2019-7,29051300,正丁醇,南韓,出口總值(含復出口),2240,3000000
2019-7,29051300,正丁醇,美國,進口總值(含復進口),0,0
2019-7,29051300,正丁醇,英國,進口總值(含復進口),0,0
2019-7,29051300,正丁醇,泰國,出口總值(含復出口),65,79000
2019-7,29051300,正丁醇,菲律賓,出口總值(含復出口),7,7000
2019-7,29051300,正丁醇,越南,出口總值(含復出口),31,38000
2019-7,29094100,２，２'－氧基二乙醇（二乙二醇）,中國大陸,出口總值(含復出口),6854,13489610
2019-7,29094100,２，２'－氧基二乙醇（二乙二醇）,巴基斯坦,出口總值(含復出口),10,18000
2019-7,29094100,２，２'－氧基二乙醇（二乙二醇）,比利時,進口總值(含復進口),0,1
2019-7,29094100,２，２'－氧基二乙醇（二乙二醇）,孟加拉,出口總值(含復出口),26,36000
2019-7,29094100,２，２'－氧基二乙醇（二乙二醇）,美國,進口總值(含復進口),1,0
2019-7,29094100,２，２'－氧基二乙醇（二乙二醇）,越南,出口總值(含復出口),198,384060
2019-7,29094100,２，２'－氧基二乙醇（二乙二醇）,義大利,出口總值(含復出口),11,60000
2019-7,29094310,乙二醇丁醚,中國大陸,進口總值(含復進口),15,5920
2019-7,29094310,乙二醇丁醚,中國大陸,出口總值(含復出口),1542,1624803
2019-7,29094310,乙二醇丁醚,中華民國,進口總值(含復進口),135,53650
2019-7,29094310,乙二醇丁醚,日本,進口總值(含復進口),3,67
2019-7,29094310,乙二醇丁醚,日本,出口總值(含復出口),38,44400
2019-7,29094310,乙二醇丁醚,印尼,出口總值(含復出口),412,700668
2019-7,29094310,乙二醇丁醚,沙烏地阿拉伯,進口總值(含復進口),246,318533
2019-7,29094310,乙二醇丁醚,阿拉伯聯合大公國,出口總值(含復出口),58,48000
2019-7,29094310,乙二醇丁醚,美國,進口總值(含復進口),772,1071305
2019-7,29094310,乙二醇丁醚,香港,出口總值(含復出口),13,14800
2019-7,29094310,乙二醇丁醚,埃及,出口總值(含復出口),124,148000
2019-7,29094310,乙二醇丁醚,泰國,出口總值(含復出口),357,539685
2019-7,29094310,乙二醇丁醚,馬來西亞,出口總值(含復出口),23,29600
2019-7,29094310,乙二醇丁醚,斯里蘭卡,出口總值(含復出口),60,66600
2019-7,29094310,乙二醇丁醚,象牙海岸,出口總值(含復出口),28,29600
2019-7,29094310,乙二醇丁醚,越南,出口總值(含復出口),499,567520
2019-7,29094310,乙二醇丁醚,新加坡,出口總值(含復出口),49,79980
2019-7,29094310,乙二醇丁醚,德國,進口總值(含復進口),0,1
2019-7,29094310,乙二醇丁醚,澳大利亞,出口總值(含復出口),44,44240
2019-7,29153200,醋酸乙烯酯,中國大陸,進口總值(含復進口),98,101900
2019-7,29153200,醋酸乙烯酯,中國大陸,出口總值(含復出口),14366,18942642
2019-7,29153200,醋酸乙烯酯,巴基斯坦,出口總值(含復出口),29,30400
2019-7,29153200,醋酸乙烯酯,日本,出口總值(含復出口),3,3800
2019-7,29153200,醋酸乙烯酯,比利時,出口總值(含復出口),3862,4996458
2019-7,29153200,醋酸乙烯酯,加拿大,出口總值(含復出口),30,39890
2019-7,29153200,醋酸乙烯酯,奈及利亞,出口總值(含復出口),91,91200
2019-7,29153200,醋酸乙烯酯,委內瑞拉,出口總值(含復出口),47,45600
2019-7,29153200,醋酸乙烯酯,肯亞,出口總值(含復出口),54,60800
2019-7,29153200,醋酸乙烯酯,南韓,出口總值(含復出口),2535,2986119
2019-7,29153200,醋酸乙烯酯,英國,進口總值(含復進口),0,0
2019-7,29153200,醋酸乙烯酯,敘利亞,出口總值(含復出口),96,91200
2019-7,29153200,醋酸乙烯酯,斯里蘭卡,出口總值(含復出口),29,30400
2019-7,29153200,醋酸乙烯酯,越南,出口總值(含復出口),39,45600
2019-7,29153200,醋酸乙烯酯,新加坡,進口總值(含復進口),1135,1314416
2019-8,27101965,白臘油,土耳其,出口總值(含復出口),29,40000
2019-8,27101965,白臘油,不丹,出口總值(含復出口),10,11000
2019-8,27101965,白臘油,中國大陸,進口總值(含復進口),1,0
2019-8,27101965,白臘油,中國大陸,出口總值(含復出口),8705,9944000
2019-8,27101965,白臘油,巴基斯坦,出口總值(含復出口),30,40000
2019-8,27101965,白臘油,日本,進口總值(含復進口),75,44000
2019-8,27101965,白臘油,日本,出口總值(含復出口),51,63000
2019-8,27101965,白臘油,印尼,出口總值(含復出口),75,100000
2019-8,27101965,白臘油,印度,進口總值(含復進口),82,74000
2019-8,27101965,白臘油,印度,出口總值(含復出口),16,10000
2019-8,27101965,白臘油,沙烏地阿拉伯,出口總值(含復出口),145,200000
2019-8,27101965,白臘油,其他國家,出口總值(含復出口),1,0
2019-8,27101965,白臘油,孟加拉,出口總值(含復出口),156,155000
2019-8,27101965,白臘油,南韓,進口總值(含復進口),925,1204000
2019-8,27101965,白臘油,美國,進口總值(含復進口),93,48000
2019-8,27101965,白臘油,香港,出口總值(含復出口),680,932000
2019-8,27101965,白臘油,泰國,進口總值(含復進口),258,402000
2019-8,27101965,白臘油,泰國,出口總值(含復出口),57,80000
2019-8,27101965,白臘油,馬來西亞,進口總值(含復進口),922,1045000
2019-8,27101965,白臘油,馬來西亞,出口總值(含復出口),176,182000
2019-8,27101965,白臘油,越南,出口總值(含復出口),499,544000
2019-8,27101965,白臘油,義大利,出口總值(含復出口),145,200000
2019-8,27101965,白臘油,德國,進口總值(含復進口),0,0
2019-8,27101965,白臘油,德國,出口總值(含復出口),143,200000
2019-8,29051220,異丙醇,中國大陸,出口總值(含復出口),820,222000
2019-8,29051220,異丙醇,中華民國,進口總值(含復進口),0,0
2019-8,29051220,異丙醇,巴基斯坦,出口總值(含復出口),165,235000
2019-8,29051220,異丙醇,日本,進口總值(含復進口),1766,1858000
2019-8,29051220,異丙醇,日本,出口總值(含復出口),6,1000
2019-8,29051220,異丙醇,加拿大,進口總值(含復進口),3,0
2019-8,29051220,異丙醇,印度,出口總值(含復出口),715,1133000
2019-8,29051220,異丙醇,孟加拉,出口總值(含復出口),75,64000
2019-8,29051220,異丙醇,南韓,進口總值(含復進口),38,54000
2019-8,29051220,異丙醇,美國,進口總值(含復進口),93,36000
2019-8,29051220,異丙醇,美國,出口總值(含復出口),66,22000
2019-8,29051220,異丙醇,英國,進口總值(含復進口),0,0
2019-8,29051220,異丙醇,香港,出口總值(含復出口),72,10000
2019-8,29051220,異丙醇,埃及,出口總值(含復出口),27,51000
2019-8,29051220,異丙醇,泰國,出口總值(含復出口),20,11000
2019-8,29051220,異丙醇,馬來西亞,出口總值(含復出口),49,22000
2019-8,29051220,異丙醇,菲律賓,出口總值(含復出口),52,26000
2019-8,29051220,異丙醇,越南,出口總值(含復出口),50,60000
2019-8,29051220,異丙醇,愛爾蘭,出口總值(含復出口),193,66000
2019-8,29051220,異丙醇,新加坡,進口總值(含復進口),90,85000
2019-8,29051220,異丙醇,新加坡,出口總值(含復出口),51,23000
2019-8,29051220,異丙醇,德國,進口總值(含復進口),10,0
2019-8,29051220,異丙醇,澳大利亞,出口總值(含復出口),54,58000
2019-8,29051300,正丁醇,中國大陸,出口總值(含復出口),8573,11000000
2019-8,29051300,正丁醇,日本,進口總值(含復進口),0,0
2019-8,29051300,正丁醇,日本,出口總值(含復出口),16,14000
2019-8,29051300,正丁醇,印度,出口總值(含復出口),1544,2000000
2019-8,29051300,正丁醇,法國,進口總值(含復進口),0,0
2019-8,29051300,正丁醇,南非,進口總值(含復進口),364,500000
2019-8,29051300,正丁醇,南韓,進口總值(含復進口),0,0
2019-8,29051300,正丁醇,南韓,出口總值(含復出口),1544,2000000
2019-8,29051300,正丁醇,美國,進口總值(含復進口),0,0
2019-8,29051300,正丁醇,英國,進口總值(含復進口),0,0
2019-8,29051300,正丁醇,泰國,出口總值(含復出口),39,46000
2019-8,29051300,正丁醇,菲律賓,出口總值(含復出口),7,7000
2019-8,29051300,正丁醇,越南,出口總值(含復出口),16,19000
2019-8,29051300,正丁醇,新加坡,出口總值(含復出口),735,1000000
2019-8,29051300,正丁醇,德國,進口總值(含復進口),0,0
2019-8,29094100,２，２'－氧基二乙醇（二乙二醇）,中國大陸,出口總值(含復出口),6369,12483000
2019-8,29094100,２，２'－氧基二乙醇（二乙二醇）,日本,出口總值(含復出口),14,18000
2019-8,29094100,２，２'－氧基二乙醇（二乙二醇）,美國,進口總值(含復進口),0,0
2019-8,29094100,２，２'－氧基二乙醇（二乙二醇）,香港,出口總值(含復出口),13,18000
2019-8,29094100,２，２'－氧基二乙醇（二乙二醇）,秘魯,出口總值(含復出口),6,9000
2019-8,29094100,２，２'－氧基二乙醇（二乙二醇）,荷蘭,進口總值(含復進口),0,1
2019-8,29094100,２，２'－氧基二乙醇（二乙二醇）,斯里蘭卡,出口總值(含復出口),13,18000
2019-8,29094100,２，２'－氧基二乙醇（二乙二醇）,越南,出口總值(含復出口),65,96815
2019-8,29094100,２，２'－氧基二乙醇（二乙二醇）,奧地利,出口總值(含復出口),2,200
2019-8,29094100,２，２'－氧基二乙醇（二乙二醇）,義大利,出口總值(含復出口),36,140000
2019-8,29094100,２，２'－氧基二乙醇（二乙二醇）,德國,進口總值(含復進口),0,0
2019-8,29094310,乙二醇丁醚,中國大陸,出口總值(含復出口),581,616330
2019-8,29094310,乙二醇丁醚,日本,進口總值(含復進口),3,85
2019-8,29094310,乙二醇丁醚,日本,出口總值(含復出口),113,133200
2019-8,29094310,乙二醇丁醚,沙烏地阿拉伯,進口總值(含復進口),28,39600
2019-8,29094310,乙二醇丁醚,美國,進口總值(含復進口),772,978361
2019-8,29094310,乙二醇丁醚,香港,出口總值(含復出口),12,14800
2019-8,29094310,乙二醇丁醚,泰國,出口總值(含復出口),12,14800
2019-8,29094310,乙二醇丁醚,馬來西亞,出口總值(含復出口),23,29600
2019-8,29094310,乙二醇丁醚,斯里蘭卡,出口總值(含復出口),63,74000
2019-8,29094310,乙二醇丁醚,越南,出口總值(含復出口),266,338220
2019-8,29094310,乙二醇丁醚,新加坡,出口總值(含復出口),12,19920
2019-8,29094310,乙二醇丁醚,德國,進口總值(含復進口),1,372
2019-8,29094310,乙二醇丁醚,澳大利亞,出口總值(含復出口),78,77800
2019-8,29153200,醋酸乙烯酯,中國大陸,出口總值(含復出口),10701,14430932
2019-8,29153200,醋酸乙烯酯,日本,進口總值(含復進口),824,958671
2019-8,29153200,醋酸乙烯酯,比利時,出口總值(含復出口),5408,6981541
2019-8,29153200,醋酸乙烯酯,加拿大,出口總值(含復出口),59,78600
2019-8,29153200,醋酸乙烯酯,印度,出口總值(含復出口),59,60800
2019-8,29153200,醋酸乙烯酯,吉布地,出口總值(含復出口),140,148580
2019-8,29153200,醋酸乙烯酯,西班牙,出口總值(含復出口),2830,3796544
2019-8,29153200,醋酸乙烯酯,奈及利亞,出口總值(含復出口),506,547200
2019-8,29153200,醋酸乙烯酯,肯亞,出口總值(含復出口),24,30400
2019-8,29153200,醋酸乙烯酯,南韓,出口總值(含復出口),17,19960
2019-8,29153200,醋酸乙烯酯,美國,進口總值(含復進口),0,5
2019-8,29153200,醋酸乙烯酯,英國,進口總值(含復進口),0,1
2019-8,29153200,醋酸乙烯酯,英國,出口總值(含復出口),784,994828
2019-8,29153200,醋酸乙烯酯,新加坡,進口總值(含復進口),403,464335
2019-8,29153200,醋酸乙烯酯,摩洛哥,出口總值(含復出口),66,76000
2019-9,27101965,白臘油,中國大陸,出口總值(含復出口),2169,2569000
2019-9,27101965,白臘油,巴基斯坦,出口總值(含復出口),30,40000
2019-9,27101965,白臘油,日本,進口總值(含復進口),1756,2008000
2019-9,27101965,白臘油,日本,出口總值(含復出口),73,100000
2019-9,27101965,白臘油,比利時,進口總值(含復進口),0,0
2019-9,27101965,白臘油,印尼,出口總值(含復出口),60,80000
2019-9,27101965,白臘油,印度,進口總值(含復進口),92,82000
2019-9,27101965,白臘油,印度,出口總值(含復出口),6,4000
2019-9,27101965,白臘油,沙烏地阿拉伯,出口總值(含復出口),142,200000
2019-9,27101965,白臘油,其他國家,出口總值(含復出口),1,0
2019-9,27101965,白臘油,孟加拉,出口總值(含復出口),103,103000
2019-9,27101965,白臘油,法國,進口總值(含復進口),2,0
2019-9,27101965,白臘油,南非,進口總值(含復進口),20,32000
2019-9,27101965,白臘油,南韓,進口總值(含復進口),145,149000
2019-9,27101965,白臘油,美國,進口總值(含復進口),94,53000
2019-9,27101965,白臘油,英國,進口總值(含復進口),0,0
2019-9,27101965,白臘油,香港,出口總值(含復出口),107,147000
2019-9,27101965,白臘油,泰國,出口總值(含復出口),57,72000
2019-9,27101965,白臘油,馬來西亞,出口總值(含復出口),116,130000
2019-9,27101965,白臘油,越南,出口總值(含復出口),118,116000
2019-9,27101965,白臘油,德國,進口總值(含復進口),0,0
2019-9,27101965,白臘油,德國,出口總值(含復出口),215,300000
2019-9,29051220,異丙醇,中國大陸,進口總值(含復進口),691,989000
2019-9,29051220,異丙醇,中國大陸,出口總值(含復出口),2375,2276000
2019-9,29051220,異丙醇,中華民國,進口總值(含復進口),0,0
2019-9,29051220,異丙醇,巴拿馬,出口總值(含復出口),19,22000
2019-9,29051220,異丙醇,巴基斯坦,出口總值(含復出口),235,326000
2019-9,29051220,異丙醇,日本,進口總值(含復進口),1413,1368000
2019-9,29051220,異丙醇,加拿大,進口總值(含復進口),3,0
2019-9,29051220,異丙醇,瓜地馬拉,出口總值(含復出口),19,22000
2019-9,29051220,異丙醇,印尼,出口總值(含復出口),1,1000
2019-9,29051220,異丙醇,印度,進口總值(含復進口),22,4000
2019-9,29051220,異丙醇,印度,出口總值(含復出口),86,90000
2019-9,29051220,異丙醇,西班牙,進口總值(含復進口),1,0
2019-9,29051220,異丙醇,孟加拉,出口總值(含復出口),15,13000
2019-9,29051220,異丙醇,南韓,進口總值(含復進口),90,124000
2019-9,29051220,異丙醇,南韓,出口總值(含復出口),1963,2018000
2019-9,29051220,異丙醇,美國,進口總值(含復進口),20,5000
2019-9,29051220,異丙醇,美國,出口總值(含復出口),235,78000
2019-9,29051220,異丙醇,英國,進口總值(含復進口),0,0
2019-9,29051220,異丙醇,香港,出口總值(含復出口),52,7000
2019-9,29051220,異丙醇,馬來西亞,出口總值(含復出口),49,22000
2019-9,29051220,異丙醇,菲律賓,出口總值(含復出口),191,101000
2019-9,29051220,異丙醇,越南,出口總值(含復出口),85,97000
2019-9,29051220,異丙醇,愛爾蘭,出口總值(含復出口),453,155000
2019-9,29051220,異丙醇,新加坡,進口總值(含復進口),178,170000
2019-9,29051220,異丙醇,新加坡,出口總值(含復出口),25,10000
2019-9,29051220,異丙醇,瑞士,進口總值(含復進口),1,0
2019-9,29051220,異丙醇,德國,進口總值(含復進口),10,0
2019-9,29051220,異丙醇,澳大利亞,出口總值(含復出口),102,104000
2019-9,29051220,異丙醇,薩爾瓦多,出口總值(含復出口),19,22000
2019-9,29051300,正丁醇,中國大陸,出口總值(含復出口),2317,3000000
2019-9,29051300,正丁醇,日本,進口總值(含復進口),0,0
2019-9,29051300,正丁醇,日本,出口總值(含復出口),6,7000
2019-9,29051300,正丁醇,印度,出口總值(含復出口),2672,3500000
2019-9,29051300,正丁醇,法國,進口總值(含復進口),0,0
2019-9,29051300,正丁醇,阿拉伯聯合大公國,出口總值(含復出口),827,1000000
2019-9,29051300,正丁醇,南非,進口總值(含復進口),366,500000
2019-9,29051300,正丁醇,南韓,進口總值(含復進口),0,0
2019-9,29051300,正丁醇,美國,進口總值(含復進口),1,0
2019-9,29051300,正丁醇,英國,進口總值(含復進口),0,0
2019-9,29051300,正丁醇,泰國,出口總值(含復出口),47,57000
2019-9,29051300,正丁醇,菲律賓,出口總值(含復出口),0,0
2019-9,29051300,正丁醇,越南,出口總值(含復出口),31,38000
2019-9,29051300,正丁醇,德國,進口總值(含復進口),0,0
2019-9,29094100,２，２'－氧基二乙醇（二乙二醇）,中國大陸,出口總值(含復出口),5209,10001460
2019-9,29094100,２，２'－氧基二乙醇（二乙二醇）,巴基斯坦,出口總值(含復出口),8,18000
2019-9,29094100,２，２'－氧基二乙醇（二乙二醇）,日本,出口總值(含復出口),26,37840
2019-9,29094100,２，２'－氧基二乙醇（二乙二醇）,比利時,進口總值(含復進口),0,0
2019-9,29094100,２，２'－氧基二乙醇（二乙二醇）,孟加拉,出口總值(含復出口),12,18000
2019-9,29094100,２，２'－氧基二乙醇（二乙二醇）,美國,進口總值(含復進口),0,0
2019-9,29094100,２，２'－氧基二乙醇（二乙二醇）,英國,進口總值(含復進口),0,3
2019-9,29094100,２，２'－氧基二乙醇（二乙二醇）,香港,出口總值(含復出口),13,18000
2019-9,29094100,２，２'－氧基二乙醇（二乙二醇）,荷蘭,進口總值(含復進口),0,20
2019-9,29094100,２，２'－氧基二乙醇（二乙二醇）,越南,出口總值(含復出口),89,138090
2019-9,29094310,乙二醇丁醚,中國大陸,進口總值(含復進口),15,5920
2019-9,29094310,乙二醇丁醚,中國大陸,出口總值(含復出口),409,406600
2019-9,29094310,乙二醇丁醚,日本,進口總值(含復進口),2,60
2019-9,29094310,乙二醇丁醚,日本,出口總值(含復出口),78,103600
2019-9,29094310,乙二醇丁醚,印尼,出口總值(含復出口),502,850000
2019-9,29094310,乙二醇丁醚,沙烏地阿拉伯,進口總值(含復進口),266,336185
2019-9,29094310,乙二醇丁醚,阿拉伯聯合大公國,出口總值(含復出口),585,958054
2019-9,29094310,乙二醇丁醚,柬埔寨,出口總值(含復出口),1,360
2019-9,29094310,乙二醇丁醚,美國,進口總值(含復進口),1821,2455483
2019-9,29094310,乙二醇丁醚,泰國,出口總值(含復出口),89,113920
2019-9,29094310,乙二醇丁醚,紐西蘭,出口總值(含復出口),14,14800
2019-9,29094310,乙二醇丁醚,馬來西亞,出口總值(含復出口),34,44400
2019-9,29094310,乙二醇丁醚,斯里蘭卡,出口總值(含復出口),46,53280
2019-9,29094310,乙二醇丁醚,越南,出口總值(含復出口),1035,1487316
2019-9,29094310,乙二醇丁醚,德國,進口總值(含復進口),0,185
2019-9,29094310,乙二醇丁醚,澳大利亞,出口總值(含復出口),51,50700
2019-9,29153200,醋酸乙烯酯,中國大陸,出口總值(含復出口),8921,11946684
2019-9,29153200,醋酸乙烯酯,厄瓜多,出口總值(含復出口),35,40150
2019-9,29153200,醋酸乙烯酯,巴基斯坦,出口總值(含復出口),140,167200
2019-9,29153200,醋酸乙烯酯,比利時,出口總值(含復出口),7242,9275090
2019-9,29153200,醋酸乙烯酯,加拿大,出口總值(含復出口),30,40000
2019-9,29153200,醋酸乙烯酯,西班牙,出口總值(含復出口),1801,2249898
2019-9,29153200,醋酸乙烯酯,委內瑞拉,出口總值(含復出口),27,30400
2019-9,29153200,醋酸乙烯酯,肯亞,出口總值(含復出口),14,15200
2019-9,29153200,醋酸乙烯酯,南韓,出口總值(含復出口),2405,2918239
2019-9,29153200,醋酸乙烯酯,突尼西亞,出口總值(含復出口),44,45600
2019-9,29153200,醋酸乙烯酯,英國,進口總值(含復進口),0,1
2019-9,29153200,醋酸乙烯酯,英國,出口總值(含復出口),798,992966
2019-9,29153200,醋酸乙烯酯,斯里蘭卡,出口總值(含復出口),238,258400
2019-9,29153200,醋酸乙烯酯,菲律賓,出口總值(含復出口),352,478205
2019-9,29153200,醋酸乙烯酯,越南,出口總值(含復出口),40,45600
2019-9,29153200,醋酸乙烯酯,新加坡,進口總值(含復進口),309,349585
2019-9,29153200,醋酸乙烯酯,德國,進口總值(含復進口),0,1
2019-10,27101965,白臘油,中國大陸,進口總值(含復進口),21,20000
2019-10,27101965,白臘油,中國大陸,出口總值(含復出口),2575,2852000
2019-10,27101965,白臘油,日本,進口總值(含復進口),28,15000
2019-10,27101965,白臘油,日本,出口總值(含復出口),15,20000
2019-10,27101965,白臘油,印尼,出口總值(含復出口),75,100000
2019-10,27101965,白臘油,印度,進口總值(含復進口),57,54000
2019-10,27101965,白臘油,印度,出口總值(含復出口),7,5000
2019-10,27101965,白臘油,沙烏地阿拉伯,出口總值(含復出口),145,200000
2019-10,27101965,白臘油,其他國家,出口總值(含復出口),1,0
2019-10,27101965,白臘油,孟加拉,出口總值(含復出口),52,52000
2019-10,27101965,白臘油,法國,進口總值(含復進口),19,7000
2019-10,27101965,白臘油,南韓,進口總值(含復進口),894,1181000
2019-10,27101965,白臘油,美國,進口總值(含復進口),34,11000
2019-10,27101965,白臘油,香港,出口總值(含復出口),107,145000
2019-10,27101965,白臘油,泰國,出口總值(含復出口),29,40000
2019-10,27101965,白臘油,馬來西亞,出口總值(含復出口),140,145000
2019-10,27101965,白臘油,智利,出口總值(含復出口),0,0
2019-10,27101965,白臘油,越南,出口總值(含復出口),248,243000
2019-10,27101965,白臘油,義大利,進口總值(含復進口),941,1071000
2019-10,27101965,白臘油,義大利,出口總值(含復出口),654,920000
2019-10,27101965,白臘油,德國,進口總值(含復進口),0,0
2019-10,27101965,白臘油,德國,出口總值(含復出口),142,200000
2019-10,29051220,異丙醇,中國大陸,出口總值(含復出口),2140,1336000
2019-10,29051220,異丙醇,中華民國,進口總值(含復進口),1,0
2019-10,29051220,異丙醇,巴基斯坦,出口總值(含復出口),312,481000
2019-10,29051220,異丙醇,日本,進口總值(含復進口),1332,1327000
2019-10,29051220,異丙醇,加拿大,進口總值(含復進口),3,0
2019-10,29051220,異丙醇,印尼,出口總值(含復出口),22,26000
2019-10,29051220,異丙醇,印度,出口總值(含復出口),129,129000
2019-10,29051220,異丙醇,奈及利亞,出口總值(含復出口),29,52000
2019-10,29051220,異丙醇,孟加拉,出口總值(含復出口),90,78000
2019-10,29051220,異丙醇,南韓,進口總值(含復進口),26,35000
2019-10,29051220,異丙醇,美國,進口總值(含復進口),18,4000
2019-10,29051220,異丙醇,美國,出口總值(含復出口),243,82000
2019-10,29051220,異丙醇,英國,進口總值(含復進口),0,0
2019-10,29051220,異丙醇,香港,出口總值(含復出口),27,4000
2019-10,29051220,異丙醇,埃及,出口總值(含復出口),0,0
2019-10,29051220,異丙醇,泰國,出口總值(含復出口),19,11000
2019-10,29051220,異丙醇,馬來西亞,出口總值(含復出口),109,51000
2019-10,29051220,異丙醇,斯里蘭卡,出口總值(含復出口),11,13000
2019-10,29051220,異丙醇,菲律賓,出口總值(含復出口),192,94000
2019-10,29051220,異丙醇,越南,出口總值(含復出口),98,106000
2019-10,29051220,異丙醇,愛爾蘭,出口總值(含復出口),195,66000
2019-10,29051220,異丙醇,新加坡,進口總值(含復進口),221,221000
2019-10,29051220,異丙醇,新加坡,出口總值(含復出口),117,57000
2019-10,29051220,異丙醇,瑞士,進口總值(含復進口),0,0
2019-10,29051220,異丙醇,德國,進口總值(含復進口),11,0
2019-10,29051220,異丙醇,澳大利亞,出口總值(含復出口),13,16000
2019-10,29051220,異丙醇,薩爾瓦多,出口總值(含復出口),19,22000
2019-10,29051300,正丁醇,中國大陸,出口總值(含復出口),6668,8000000
2019-10,29051300,正丁醇,日本,出口總值(含復出口),10,7000
2019-10,29051300,正丁醇,南非,進口總值(含復進口),446,600000
2019-10,29051300,正丁醇,南韓,進口總值(含復進口),0,0
2019-10,29051300,正丁醇,美國,進口總值(含復進口),3,0
2019-10,29051300,正丁醇,英國,進口總值(含復進口),0,0
2019-10,29051300,正丁醇,泰國,出口總值(含復出口),56,67000
2019-10,29051300,正丁醇,菲律賓,出口總值(含復出口),7,7000
2019-10,29051300,正丁醇,越南,出口總值(含復出口),15,18000
2019-10,29051300,正丁醇,德國,進口總值(含復進口),0,0
2019-10,29094100,２，２'－氧基二乙醇（二乙二醇）,中國大陸,出口總值(含復出口),6520,11496165
2019-10,29094100,２，２'－氧基二乙醇（二乙二醇）,日本,出口總值(含復出口),45,54000
2019-10,29094100,２，２'－氧基二乙醇（二乙二醇）,比利時,進口總值(含復進口),0,0
2019-10,29094100,２，２'－氧基二乙醇（二乙二醇）,美國,進口總值(含復進口),0,0
2019-10,29094100,２，２'－氧基二乙醇（二乙二醇）,英國,進口總值(含復進口),1,111
2019-10,29094100,２，２'－氧基二乙醇（二乙二醇）,馬來西亞,出口總值(含復出口),42,59480
2019-10,29094100,２，２'－氧基二乙醇（二乙二醇）,荷蘭,進口總值(含復進口),1,74
2019-10,29094100,２，２'－氧基二乙醇（二乙二醇）,菲律賓,出口總值(含復出口),3,3600
2019-10,29094100,２，２'－氧基二乙醇（二乙二醇）,越南,出口總值(含復出口),65,91040
2019-10,29094100,２，２'－氧基二乙醇（二乙二醇）,義大利,出口總值(含復出口),18,95150
2019-10,29094310,乙二醇丁醚,中國大陸,出口總值(含復出口),383,381880
2019-10,29094310,乙二醇丁醚,日本,進口總值(含復進口),19,19870
2019-10,29094310,乙二醇丁醚,日本,出口總值(含復出口),21,29600
2019-10,29094310,乙二醇丁醚,沙烏地阿拉伯,進口總值(含復進口),66,99400
2019-10,29094310,乙二醇丁醚,美國,進口總值(含復進口),362,520587
2019-10,29094310,乙二醇丁醚,英國,進口總值(含復進口),0,1
2019-10,29094310,乙二醇丁醚,埃及,出口總值(含復出口),97,118400
2019-10,29094310,乙二醇丁醚,泰國,出口總值(含復出口),339,466240
2019-10,29094310,乙二醇丁醚,馬來西亞,出口總值(含復出口),35,44400
2019-10,29094310,乙二醇丁醚,斯里蘭卡,出口總值(含復出口),13,14800
2019-10,29094310,乙二醇丁醚,越南,出口總值(含復出口),564,707215
2019-10,29094310,乙二醇丁醚,德國,進口總值(含復進口),1,370
2019-10,29094310,乙二醇丁醚,澳大利亞,出口總值(含復出口),87,104150
2019-10,29153200,醋酸乙烯酯,中國大陸,出口總值(含復出口),13680,17923968
2019-10,29153200,醋酸乙烯酯,厄瓜多,出口總值(含復出口),35,39640
2019-10,29153200,醋酸乙烯酯,巴拉圭,出口總值(含復出口),23,19980
2019-10,29153200,醋酸乙烯酯,巴基斯坦,出口總值(含復出口),283,338990
2019-10,29153200,醋酸乙烯酯,日本,進口總值(含復進口),791,958476
2019-10,29153200,醋酸乙烯酯,比利時,出口總值(含復出口),2293,2991692
2019-10,29153200,醋酸乙烯酯,印度,出口總值(含復出口),58,60800
2019-10,29153200,醋酸乙烯酯,吉布地,出口總值(含復出口),147,167200
2019-10,29153200,醋酸乙烯酯,奈及利亞,出口總值(含復出口),697,760000
2019-10,29153200,醋酸乙烯酯,南非,出口總值(含復出口),66,79600
2019-10,29153200,醋酸乙烯酯,美國,進口總值(含復進口),4,232
2019-10,29153200,醋酸乙烯酯,英國,進口總值(含復進口),0,1
2019-10,29153200,醋酸乙烯酯,越南,出口總值(含復出口),832,1028162
2019-10,29153200,醋酸乙烯酯,新加坡,進口總值(含復進口),65,74780
2019-10,29153200,醋酸乙烯酯,德國,進口總值(含復進口),0,0
2019-10,29153200,醋酸乙烯酯,摩洛哥,出口總值(含復出口),93,106400
2019-11,27101965,白臘油,中國大陸,進口總值(含復進口),44,41000
2019-11,27101965,白臘油,中國大陸,出口總值(含復出口),2814,3630000
2019-11,27101965,白臘油,巴基斯坦,出口總值(含復出口),60,80000
2019-11,27101965,白臘油,日本,進口總值(含復進口),967,1030000
2019-11,27101965,白臘油,日本,出口總值(含復出口),73,100000
2019-11,27101965,白臘油,印尼,出口總值(含復出口),30,40000
2019-11,27101965,白臘油,印度,進口總值(含復進口),74,70000
2019-11,27101965,白臘油,印度,出口總值(含復出口),22,25000
2019-11,27101965,白臘油,沙烏地阿拉伯,出口總值(含復出口),72,100000
2019-11,27101965,白臘油,其他國家,出口總值(含復出口),0,0
2019-11,27101965,白臘油,南韓,進口總值(含復進口),963,1281000
2019-11,27101965,白臘油,美國,進口總值(含復進口),29,18000
2019-11,27101965,白臘油,香港,出口總值(含復出口),109,144000
2019-11,27101965,白臘油,泰國,進口總值(含復進口),214,400000
2019-11,27101965,白臘油,泰國,出口總值(含復出口),81,106000
2019-11,27101965,白臘油,馬來西亞,出口總值(含復出口),102,113000
2019-11,27101965,白臘油,荷蘭,進口總值(含復進口),44,36000
2019-11,27101965,白臘油,越南,出口總值(含復出口),214,199000
2019-11,27101965,白臘油,新加坡,出口總值(含復出口),3,5000
2019-11,27101965,白臘油,德國,進口總值(含復進口),0,0
2019-11,27101965,白臘油,德國,出口總值(含復出口),276,380000
2019-11,29051220,異丙醇,中國大陸,出口總值(含復出口),1304,359000
2019-11,29051220,異丙醇,中華民國,進口總值(含復進口),0,0
2019-11,29051220,異丙醇,巴基斯坦,出口總值(含復出口),307,403000
2019-11,29051220,異丙醇,日本,進口總值(含復進口),1302,1313000
2019-11,29051220,異丙醇,以色列,出口總值(含復出口),10,14000
2019-11,29051220,異丙醇,印尼,出口總值(含復出口),12,14000
2019-11,29051220,異丙醇,印度,出口總值(含復出口),76,78000
2019-11,29051220,異丙醇,孟加拉,出口總值(含復出口),130,102000
2019-11,29051220,異丙醇,南韓,進口總值(含復進口),89,108000
2019-11,29051220,異丙醇,南韓,出口總值(含復出口),905,910000
2019-11,29051220,異丙醇,美國,進口總值(含復進口),25,10000
2019-11,29051220,異丙醇,美國,出口總值(含復出口),341,119000
2019-11,29051220,異丙醇,英國,進口總值(含復進口),2,1000
2019-11,29051220,異丙醇,香港,出口總值(含復出口),28,4000
2019-11,29051220,異丙醇,泰國,出口總值(含復出口),38,37000
2019-11,29051220,異丙醇,馬來西亞,出口總值(含復出口),130,62000
2019-11,29051220,異丙醇,斯里蘭卡,出口總值(含復出口),11,13000
2019-11,29051220,異丙醇,菲律賓,出口總值(含復出口),121,67000
2019-11,29051220,異丙醇,越南,出口總值(含復出口),56,65000
2019-11,29051220,異丙醇,愛爾蘭,出口總值(含復出口),99,33000
2019-11,29051220,異丙醇,新加坡,進口總值(含復進口),237,237000
2019-11,29051220,異丙醇,新加坡,出口總值(含復出口),96,48000
2019-11,29051220,異丙醇,德國,進口總值(含復進口),6,0
2019-11,29051220,異丙醇,澳大利亞,出口總值(含復出口),53,52000
2019-11,29051300,正丁醇,中國大陸,進口總值(含復進口),38,13000
2019-11,29051300,正丁醇,中國大陸,出口總值(含復出口),5267,7000000
2019-11,29051300,正丁醇,日本,進口總值(含復進口),0,0
2019-11,29051300,正丁醇,南非,進口總值(含復進口),229,300000
2019-11,29051300,正丁醇,南韓,進口總值(含復進口),0,0
2019-11,29051300,正丁醇,南韓,出口總值(含復出口),1462,2000000
2019-11,29051300,正丁醇,美國,進口總值(含復進口),0,0
2019-11,29051300,正丁醇,英國,進口總值(含復進口),0,0
2019-11,29051300,正丁醇,泰國,出口總值(含復出口),60,76000
2019-11,29051300,正丁醇,斯里蘭卡,出口總值(含復出口),16,19000
2019-11,29051300,正丁醇,德國,進口總值(含復進口),1,0
2019-11,29094100,２，２'－氧基二乙醇（二乙二醇）,中國大陸,出口總值(含復出口),7250,12482650
2019-11,29094100,２，２'－氧基二乙醇（二乙二醇）,美國,進口總值(含復進口),0,0
2019-11,29094100,２，２'－氧基二乙醇（二乙二醇）,英國,進口總值(含復進口),0,3
2019-11,29094100,２，２'－氧基二乙醇（二乙二醇）,香港,出口總值(含復出口),21,24300
2019-11,29094100,２，２'－氧基二乙醇（二乙二醇）,荷蘭,進口總值(含復進口),0,3
2019-11,29094100,２，２'－氧基二乙醇（二乙二醇）,越南,出口總值(含復出口),108,146130
2019-11,29094100,２，２'－氧基二乙醇（二乙二醇）,義大利,出口總值(含復出口),26,100000
2019-11,29094100,２，２'－氧基二乙醇（二乙二醇）,德國,進口總值(含復進口),0,0
2019-11,29094100,２，２'－氧基二乙醇（二乙二醇）,澳大利亞,出口總值(含復出口),18,19800
2019-11,29094310,乙二醇丁醚,中國大陸,進口總值(含復進口),15,5920
2019-11,29094310,乙二醇丁醚,中國大陸,出口總值(含復出口),348,356530
2019-11,29094310,乙二醇丁醚,中華民國,進口總值(含復進口),3,540
2019-11,29094310,乙二醇丁醚,日本,出口總值(含復出口),31,44400
2019-11,29094310,乙二醇丁醚,沙烏地阿拉伯,進口總值(含復進口),65,93700
2019-11,29094310,乙二醇丁醚,美國,進口總值(含復進口),344,514844
2019-11,29094310,乙二醇丁醚,香港,出口總值(含復出口),15,14800
2019-11,29094310,乙二醇丁醚,泰國,出口總值(含復出口),12,14800
2019-11,29094310,乙二醇丁醚,斯里蘭卡,出口總值(含復出口),47,59200
2019-11,29094310,乙二醇丁醚,菲律賓,出口總值(含復出口),2,1110
2019-11,29094310,乙二醇丁醚,越南,出口總值(含復出口),756,1076311
2019-11,29094310,乙二醇丁醚,澳大利亞,出口總值(含復出口),106,116600
2019-11,29153200,醋酸乙烯酯,中國大陸,出口總值(含復出口),15878,20211121
2019-11,29153200,醋酸乙烯酯,巴西,出口總值(含復出口),52,55080
2019-11,29153200,醋酸乙烯酯,巴基斯坦,出口總值(含復出口),104,121600
2019-11,29153200,醋酸乙烯酯,日本,進口總值(含復進口),807,965055
2019-11,29153200,醋酸乙烯酯,日本,出口總值(含復出口),76,38890
2019-11,29153200,醋酸乙烯酯,比利時,出口總值(含復出口),6218,7594595
2019-11,29153200,醋酸乙烯酯,西班牙,出口總值(含復出口),1361,1709551
2019-11,29153200,醋酸乙烯酯,奈及利亞,出口總值(含復出口),15,15200
2019-11,29153200,醋酸乙烯酯,肯亞,出口總值(含復出口),42,45600
2019-11,29153200,醋酸乙烯酯,俄羅斯,出口總值(含復出口),34,43760
2019-11,29153200,醋酸乙烯酯,南韓,出口總值(含復出口),2385,2988856
2019-11,29153200,醋酸乙烯酯,英國,進口總值(含復進口),0,0
2019-11,29153200,醋酸乙烯酯,哥倫比亞,出口總值(含復出口),14,15200
2019-11,29153200,醋酸乙烯酯,莫三比克,出口總值(含復出口),28,30400
2019-11,29153200,醋酸乙烯酯,斯里蘭卡,出口總值(含復出口),104,106400
2019-11,29153200,醋酸乙烯酯,越南,出口總值(含復出口),39,45600
2019-11,29153200,醋酸乙烯酯,新加坡,進口總值(含復進口),528,582665
2019-11,29153200,醋酸乙烯酯,摩洛哥,出口總值(含復出口),32,35100
2019-12,27101965,白臘油,中國大陸,出口總值(含復出口),6163,7483000
2019-12,27101965,白臘油,巴西,進口總值(含復進口),18,14000
2019-12,27101965,白臘油,日本,進口總值(含復進口),1259,1767000
2019-12,27101965,白臘油,日本,出口總值(含復出口),29,40000
2019-12,27101965,白臘油,印尼,出口總值(含復出口),30,40000
2019-12,27101965,白臘油,印度,進口總值(含復進口),84,76000
2019-12,27101965,白臘油,印度,出口總值(含復出口),29,21000
2019-12,27101965,白臘油,沙烏地阿拉伯,出口總值(含復出口),72,100000
2019-12,27101965,白臘油,其他國家,出口總值(含復出口),0,0
2019-12,27101965,白臘油,法國,進口總值(含復進口),1,0
2019-12,27101965,白臘油,南非,進口總值(含復進口),10,16000
2019-12,27101965,白臘油,南韓,進口總值(含復進口),888,1181000
2019-12,27101965,白臘油,美國,進口總值(含復進口),145,81000
2019-12,27101965,白臘油,香港,出口總值(含復出口),100,132000
2019-12,27101965,白臘油,泰國,進口總值(含復進口),279,541000
2019-12,27101965,白臘油,泰國,出口總值(含復出口),64,72000
2019-12,27101965,白臘油,馬來西亞,出口總值(含復出口),109,108000
2019-12,27101965,白臘油,越南,出口總值(含復出口),159,161000
2019-12,27101965,白臘油,新加坡,進口總值(含復進口),7,6000
2019-12,27101965,白臘油,義大利,出口總值(含復出口),641,880000
2019-12,27101965,白臘油,德國,出口總值(含復出口),349,480000
2019-12,29051220,異丙醇,中國大陸,出口總值(含復出口),2321,1364000
2019-12,29051220,異丙醇,中華民國,進口總值(含復進口),0,0
2019-12,29051220,異丙醇,巴基斯坦,出口總值(含復出口),235,313000
2019-12,29051220,異丙醇,日本,進口總值(含復進口),1583,1577000
2019-12,29051220,異丙醇,日本,出口總值(含復出口),158,64000
2019-12,29051220,異丙醇,以色列,出口總值(含復出口),11,14000
2019-12,29051220,異丙醇,印尼,出口總值(含復出口),1,1000
2019-12,29051220,異丙醇,印度,進口總值(含復進口),5,0
2019-12,29051220,異丙醇,印度,出口總值(含復出口),166,167000
2019-12,29051220,異丙醇,孟加拉,出口總值(含復出口),58,52000
2019-12,29051220,異丙醇,南韓,進口總值(含復進口),54,72000
2019-12,29051220,異丙醇,南韓,出口總值(含復出口),1723,1818000
2019-12,29051220,異丙醇,美國,進口總值(含復進口),35,12000
2019-12,29051220,異丙醇,美國,出口總值(含復出口),505,162000
2019-12,29051220,異丙醇,英國,進口總值(含復進口),4,1000
2019-12,29051220,異丙醇,哥倫比亞,出口總值(含復出口),20,22000
2019-12,29051220,異丙醇,馬來西亞,出口總值(含復出口),91,43000
2019-12,29051220,異丙醇,菲律賓,出口總值(含復出口),840,1039000
2019-12,29051220,異丙醇,越南,出口總值(含復出口),58,71000
2019-12,29051220,異丙醇,愛爾蘭,出口總值(含復出口),197,66000
2019-12,29051220,異丙醇,新加坡,進口總值(含復進口),254,253000
2019-12,29051220,異丙醇,新加坡,出口總值(含復出口),67,30000
2019-12,29051220,異丙醇,德國,進口總值(含復進口),4,0
2019-12,29051220,異丙醇,澳大利亞,出口總值(含復出口),51,52000
2019-12,29051220,異丙醇,薩爾瓦多,出口總值(含復出口),20,22000
2019-12,29051300,正丁醇,中國大陸,進口總值(含復進口),38,13000
2019-12,29051300,正丁醇,中國大陸,出口總值(含復出口),8035,11000000
2019-12,29051300,正丁醇,法國,進口總值(含復進口),0,0
2019-12,29051300,正丁醇,南非,進口總值(含復進口),409,600000
2019-12,29051300,正丁醇,南韓,出口總值(含復出口),985,1500000
2019-12,29051300,正丁醇,美國,進口總值(含復進口),0,0
2019-12,29051300,正丁醇,英國,進口總值(含復進口),1,0
2019-12,29051300,正丁醇,泰國,出口總值(含復出口),20,26000
2019-12,29051300,正丁醇,斯里蘭卡,出口總值(含復出口),24,26000
2019-12,29051300,正丁醇,菲律賓,出口總值(含復出口),7,7000
2019-12,29051300,正丁醇,越南,出口總值(含復出口),4,4000
2019-12,29051300,正丁醇,澳大利亞,出口總值(含復出口),12,13000
2019-12,29094100,２，２'－氧基二乙醇（二乙二醇）,中國大陸,出口總值(含復出口),6730,11332820
2019-12,29094100,２，２'－氧基二乙醇（二乙二醇）,日本,進口總值(含復進口),0,2
2019-12,29094100,２，２'－氧基二乙醇（二乙二醇）,日本,出口總值(含復出口),40,55730
2019-12,29094100,２，２'－氧基二乙醇（二乙二醇）,比利時,進口總值(含復進口),0,2
2019-12,29094100,２，２'－氧基二乙醇（二乙二醇）,孟加拉,出口總值(含復出口),40,54000
2019-12,29094100,２，２'－氧基二乙醇（二乙二醇）,英國,進口總值(含復進口),0,1
2019-12,29094100,２，２'－氧基二乙醇（二乙二醇）,荷蘭,進口總值(含復進口),0,14
2019-12,29094100,２，２'－氧基二乙醇（二乙二醇）,斯里蘭卡,出口總值(含復出口),5,7200
2019-12,29094100,２，２'－氧基二乙醇（二乙二醇）,越南,出口總值(含復出口),65,91230
2019-12,29094100,２，２'－氧基二乙醇（二乙二醇）,義大利,出口總值(含復出口),4,38350
2019-12,29094310,乙二醇丁醚,中國大陸,進口總值(含復進口),15,5920
2019-12,29094310,乙二醇丁醚,中國大陸,出口總值(含復出口),773,812493
2019-12,29094310,乙二醇丁醚,日本,出口總值(含復出口),38,51800
2019-12,29094310,乙二醇丁醚,沙烏地阿拉伯,進口總值(含復進口),303,379610
2019-12,29094310,乙二醇丁醚,孟加拉,出口總值(含復出口),8,18000
2019-12,29094310,乙二醇丁醚,法國,進口總值(含復進口),0,14
2019-12,29094310,乙二醇丁醚,柬埔寨,出口總值(含復出口),3,1080
2019-12,29094310,乙二醇丁醚,美國,進口總值(含復進口),2687,4022882
2019-12,29094310,乙二醇丁醚,泰國,出口總值(含復出口),85,139860
2019-12,29094310,乙二醇丁醚,馬來西亞,出口總值(含復出口),43,35600
2019-12,29094310,乙二醇丁醚,斯里蘭卡,出口總值(含復出口),23,25900
2019-12,29094310,乙二醇丁醚,菲律賓,出口總值(含復出口),2,1295
2019-12,29094310,乙二醇丁醚,越南,出口總值(含復出口),281,309705
2019-12,29094310,乙二醇丁醚,新加坡,出口總值(含復出口),542,956368
2019-12,29094310,乙二醇丁醚,德國,進口總值(含復進口),1,555
2019-12,29094310,乙二醇丁醚,澳大利亞,出口總值(含復出口),39,44320
2019-12,29153200,醋酸乙烯酯,中國大陸,出口總值(含復出口),9841,13647138
2019-12,29153200,醋酸乙烯酯,巴西,出口總值(含復出口),727,989466
2019-12,29153200,醋酸乙烯酯,巴基斯坦,出口總值(含復出口),39,45600
2019-12,29153200,醋酸乙烯酯,日本,進口總值(含復進口),776,957760
2019-12,29153200,醋酸乙烯酯,比利時,出口總值(含復出口),5635,7471388
2019-12,29153200,醋酸乙烯酯,印度,出口總值(含復出口),27,30400
2019-12,29153200,醋酸乙烯酯,西班牙,出口總值(含復出口),2238,2647325
2019-12,29153200,醋酸乙烯酯,奈及利亞,出口總值(含復出口),297,319200
2019-12,29153200,醋酸乙烯酯,委內瑞拉,出口總值(含復出口),14,15200
2019-12,29153200,醋酸乙烯酯,孟加拉,出口總值(含復出口),15,15200
2019-12,29153200,醋酸乙烯酯,南韓,出口總值(含復出口),1713,2199912
2019-12,29153200,醋酸乙烯酯,英國,進口總值(含復進口),0,6
2019-12,29153200,醋酸乙烯酯,英國,出口總值(含復出口),813,993544
2019-12,29153200,醋酸乙烯酯,斯里蘭卡,出口總值(含復出口),82,91200
2019-12,29153200,醋酸乙烯酯,越南,出口總值(含復出口),38,45600
2019-12,29153200,醋酸乙烯酯,新加坡,進口總值(含復進口),199,224421
2019-12,29153200,醋酸乙烯酯,德國,進口總值(含復進口),0,1