Date,HScode,Name,Country,Type,Value,Weight
2015-01,29161410,甲基丙烯酸甲酯,中國大陸,進口總值(含復進口),65.68103,9625
2015-01,29161410,甲基丙烯酸甲酯,中國大陸,出口總值(含復出口),8305.34759,4405243
2015-01,29161410,甲基丙烯酸甲酯,日本,進口總值(含復進口),1807.67536,897345
2015-01,29161410,甲基丙烯酸甲酯,印尼,出口總值(含復出口),347.78232,180860
2015-01,29161410,甲基丙烯酸甲酯,阿拉伯聯合大公國,出口總值(含復出口),32.14847,15200
2015-01,29161410,甲基丙烯酸甲酯,南韓,進口總值(含復進口),2027.33564,1001991
2015-01,29161410,甲基丙烯酸甲酯,南韓,出口總值(含復出口),632.99779,300000
2015-01,29161410,甲基丙烯酸甲酯,美國,進口總值(含復進口),9530.54419,4501409
2015-01,29161410,甲基丙烯酸甲酯,英國,進口總值(含復進口),0.09436,50
2015-01,29161410,甲基丙烯酸甲酯,香港,出口總值(含復出口),161.34004,101571
2015-01,29161410,甲基丙烯酸甲酯,埃及,出口總值(含復出口),66.59326,30400
2015-01,29161410,甲基丙烯酸甲酯,泰國,進口總值(含復進口),3940.79899,2002247
2015-01,29161410,甲基丙烯酸甲酯,泰國,出口總值(含復出口),410.44353,217300
2015-01,29161410,甲基丙烯酸甲酯,荷蘭,進口總值(含復進口),2.10758,122
2015-01,29161410,甲基丙烯酸甲酯,菲律賓,出口總值(含復出口),450.33029,213900
2015-01,29161410,甲基丙烯酸甲酯,越南,出口總值(含復出口),2590.90909,1282480
2015-01,29161410,甲基丙烯酸甲酯,新加坡,進口總值(含復進口),8416.01132,3992359
2015-01,29161410,甲基丙烯酸甲酯,德國,進口總值(含復進口),487.54325,230425
2015-01,29161410,甲基丙烯酸甲酯,澳大利亞,出口總值(含復出口),62.09499,30400
2015-01,29173300,鄰苯二甲酸二壬酯或二癸酯,中國大陸,出口總值(含復出口),590.37432,494000
2015-01,29173300,鄰苯二甲酸二壬酯或二癸酯,日本,出口總值(含復出口),210.38062,154000
2015-01,29173300,鄰苯二甲酸二壬酯或二癸酯,伊朗,出口總值(含復出口),20.88707,16000
2015-01,29173300,鄰苯二甲酸二壬酯或二癸酯,印尼,出口總值(含復出口),74.363,55000
2015-01,29173300,鄰苯二甲酸二壬酯或二癸酯,印度,出口總值(含復出口),21.35891,16000
2015-01,29173300,鄰苯二甲酸二壬酯或二癸酯,阿拉伯聯合大公國,出口總值(含復出口),49.51242,40000
2015-01,29173300,鄰苯二甲酸二壬酯或二癸酯,阿根廷,出口總值(含復出口),30.07234,21000
2015-01,29173300,鄰苯二甲酸二壬酯或二癸酯,阿曼,出口總值(含復出口),59.48411,42000
2015-01,29173300,鄰苯二甲酸二壬酯或二癸酯,南韓,出口總值(含復出口),302.89399,236000
2015-01,29173300,鄰苯二甲酸二壬酯或二癸酯,科威特,出口總值(含復出口),32.7776,16000
2015-01,29173300,鄰苯二甲酸二壬酯或二癸酯,美國,進口總值(含復進口),0.06291,0
2015-01,29173300,鄰苯二甲酸二壬酯或二癸酯,美國,出口總值(含復出口),403.58603,279000
2015-01,29173300,鄰苯二甲酸二壬酯或二癸酯,英國,出口總值(含復出口),24.56747,22000
2015-01,29173300,鄰苯二甲酸二壬酯或二癸酯,哥斯大黎加,出口總值(含復出口),56.33847,40000
2015-01,29173300,鄰苯二甲酸二壬酯或二癸酯,泰國,出口總值(含復出口),221.35891,159000
2015-01,29173300,鄰苯二甲酸二壬酯或二癸酯,馬來西亞,出口總值(含復出口),153.50739,124000
2015-01,29173300,鄰苯二甲酸二壬酯或二癸酯,菲律賓,出口總值(含復出口),335.48285,240000
2015-01,29173300,鄰苯二甲酸二壬酯或二癸酯,越南,出口總值(含復出口),493.07958,356000
2015-01,29173300,鄰苯二甲酸二壬酯或二癸酯,墨西哥,出口總值(含復出口),199.46524,145000
2015-01,29321100,四氫?喃,中國大陸,出口總值(含復出口),6379.86788,3401600
2015-01,29321100,四氫?喃,巴西,出口總值(含復出口),38.43976,14400
2015-01,29321100,四氫?喃,日本,進口總值(含復進口),0.31456,6
2015-01,29321100,四氫?喃,日本,出口總值(含復出口),931.89682,384610
2015-01,29321100,四氫?喃,比利時,出口總值(含復出口),467.03365,198530
2015-01,29321100,四氫?喃,以色列,出口總值(含復出口),35.64013,14400
2015-01,29321100,四氫?喃,加拿大,出口總值(含復出口),50.80213,20000
2015-01,29321100,四氫?喃,伊朗,出口總值(含復出口),37.11859,14400
2015-01,29321100,四氫?喃,印度,出口總值(含復出口),2346.33532,1055850
2015-01,29321100,四氫?喃,波蘭,進口總值(含復進口),13.24315,1296
2015-01,29321100,四氫?喃,南韓,進口總值(含復進口),2.61088,355
2015-01,29321100,四氫?喃,美國,進口總值(含復進口),5.88235,440
2015-01,29321100,四氫?喃,美國,出口總值(含復出口),44.79396,19790
2015-01,29321100,四氫?喃,英國,進口總值(含復進口),0.15728,3
2015-01,29321100,四氫?喃,哥倫比亞,出口總值(含復出口),143.78735,72000
2015-01,29321100,四氫?喃,泰國,出口總值(含復出口),38.59704,14400
2015-01,29321100,四氫?喃,荷蘭,出口總值(含復出口),75.0865,28800
2015-01,29321100,四氫?喃,新加坡,出口總值(含復出口),19.44007,7200
2015-01,29321100,四氫?喃,德國,進口總值(含復進口),21.20163,1840
2015-01,39032000,苯乙烯－丙烯?共聚合物，初級狀態,土耳其,出口總值(含復出口),7.20352,16000
2015-01,39032000,苯乙烯－丙烯?共聚合物，初級狀態,中國大陸,出口總值(含復出口),9989.43063,6466310
2015-01,39032000,苯乙烯－丙烯?共聚合物，初級狀態,巴基斯坦,出口總值(含復出口),139.88675,78500
2015-01,39032000,苯乙烯－丙烯?共聚合物，初級狀態,日本,進口總值(含復進口),372.56999,142500
2015-01,39032000,苯乙烯－丙烯?共聚合物，初級狀態,日本,出口總值(含復出口),56.96759,34875
2015-01,39032000,苯乙烯－丙烯?共聚合物，初級狀態,以色列,出口總值(含復出口),8.68197,5000
2015-01,39032000,苯乙烯－丙烯?共聚合物，初級狀態,加拿大,出口總值(含復出口),25.16514,16000
2015-01,39032000,苯乙烯－丙烯?共聚合物，初級狀態,印尼,出口總值(含復出口),467.82006,266500
2015-01,39032000,苯乙烯－丙烯?共聚合物，初級狀態,印度,出口總值(含復出口),46.14658,25875
2015-01,39032000,苯乙烯－丙烯?共聚合物，初級狀態,西班牙,出口總值(含復出口),10.25479,6000
2015-01,39032000,苯乙烯－丙烯?共聚合物，初級狀態,孟加拉,出口總值(含復出口),108.55614,58000
2015-01,39032000,苯乙烯－丙烯?共聚合物，初級狀態,波蘭,出口總值(含復出口),24.56747,14000
2015-01,39032000,苯乙烯－丙烯?共聚合物，初級狀態,阿拉伯聯合大公國,出口總值(含復出口),15.72821,9000
2015-01,39032000,苯乙烯－丙烯?共聚合物，初級狀態,阿根廷,出口總值(含復出口),59.76722,34000
2015-01,39032000,苯乙烯－丙烯?共聚合物，初級狀態,南非,出口總值(含復出口),21.23309,12000
2015-01,39032000,苯乙烯－丙烯?共聚合物，初級狀態,南韓,進口總值(含復進口),31.70808,18000
2015-01,39032000,苯乙烯－丙烯?共聚合物，初級狀態,美國,出口總值(含復出口),238.72286,134000
2015-01,39032000,苯乙烯－丙烯?共聚合物，初級狀態,英國,出口總值(含復出口),34.85372,19250
2015-01,39032000,苯乙烯－丙烯?共聚合物，初級狀態,香港,出口總值(含復出口),1557.2507,893550
2015-01,39032000,苯乙烯－丙烯?共聚合物，初級狀態,哥倫比亞,出口總值(含復出口),8.52469,5000
2015-01,39032000,苯乙烯－丙烯?共聚合物，初級狀態,埃及,出口總值(含復出口),111.07266,57000
2015-01,39032000,苯乙烯－丙烯?共聚合物，初級狀態,泰國,進口總值(含復進口),60.55363,40000
2015-01,39032000,苯乙烯－丙烯?共聚合物，初級狀態,泰國,出口總值(含復出口),1392.16734,771000
2015-01,39032000,苯乙烯－丙烯?共聚合物，初級狀態,馬來西亞,出口總值(含復出口),349.76407,213800
2015-01,39032000,苯乙烯－丙烯?共聚合物，初級狀態,敘利亞,出口總值(含復出口),27.61874,18000
2015-01,39032000,苯乙烯－丙烯?共聚合物，初級狀態,荷蘭,進口總值(含復進口),12.96005,1375
2015-01,39032000,苯乙烯－丙烯?共聚合物，初級狀態,荷蘭,出口總值(含復出口),225.79427,130000
2015-01,39032000,苯乙烯－丙烯?共聚合物，初級狀態,斯里蘭卡,出口總值(含復出口),28.3737,16000
2015-01,39032000,苯乙烯－丙烯?共聚合物，初級狀態,斯洛維尼亞,出口總值(含復出口),5.9138,3000
2015-01,39032000,苯乙烯－丙烯?共聚合物，初級狀態,菲律賓,出口總值(含復出口),114.37558,72500
2015-01,39032000,苯乙烯－丙烯?共聚合物，初級狀態,越南,出口總值(含復出口),155.96099,87300
2015-01,39032000,苯乙烯－丙烯?共聚合物，初級狀態,新加坡,出口總值(含復出口),9.8144,5525
2015-01,39032000,苯乙烯－丙烯?共聚合物，初級狀態,瑞典,出口總值(含復出口),32.08556,18000
2015-01,39032000,苯乙烯－丙烯?共聚合物，初級狀態,德國,出口總值(含復出口),50.3932,33000
2015-01,39032000,苯乙烯－丙烯?共聚合物，初級狀態,澳大利亞,出口總值(含復出口),7.45517,4000
2015-01,39039010,甲基丙烯酸甲酯－丁二烯－苯乙烯（ＭＢＳ）共聚合物，初級狀態,中國大陸,進口總值(含復進口),0.03145,15
2015-01,39039010,甲基丙烯酸甲酯－丁二烯－苯乙烯（ＭＢＳ）共聚合物，初級狀態,中國大陸,出口總值(含復出口),630.63856,258955
2015-01,39039010,甲基丙烯酸甲酯－丁二烯－苯乙烯（ＭＢＳ）共聚合物，初級狀態,中華民國,進口總值(含復進口),95.94212,24700
2015-01,39039010,甲基丙烯酸甲酯－丁二烯－苯乙烯（ＭＢＳ）共聚合物，初級狀態,日本,進口總值(含復進口),276.06165,94572
2015-01,39039010,甲基丙烯酸甲酯－丁二烯－苯乙烯（ＭＢＳ）共聚合物，初級狀態,日本,出口總值(含復出口),41.71122,14050
2015-01,39039010,甲基丙烯酸甲酯－丁二烯－苯乙烯（ＭＢＳ）共聚合物，初級狀態,比利時,出口總值(含復出口),2.79962,1000
2015-01,39039010,甲基丙烯酸甲酯－丁二烯－苯乙烯（ＭＢＳ）共聚合物，初級狀態,以色列,出口總值(含復出口),6.57439,2000
2015-01,39039010,甲基丙烯酸甲酯－丁二烯－苯乙烯（ＭＢＳ）共聚合物，初級狀態,印尼,進口總值(含復進口),5.4105,1500
2015-01,39039010,甲基丙烯酸甲酯－丁二烯－苯乙烯（ＭＢＳ）共聚合物，初級狀態,印尼,出口總值(含復出口),112.20509,44200
2015-01,39039010,甲基丙烯酸甲酯－丁二烯－苯乙烯（ＭＢＳ）共聚合物，初級狀態,法國,出口總值(含復出口),18.93677,8000
2015-01,39039010,甲基丙烯酸甲酯－丁二烯－苯乙烯（ＭＢＳ）共聚合物，初級狀態,南韓,進口總值(含復進口),131.04749,51600
2015-01,39039010,甲基丙烯酸甲酯－丁二烯－苯乙烯（ＭＢＳ）共聚合物，初級狀態,南韓,出口總值(含復出口),19.18842,8000
2015-01,39039010,甲基丙烯酸甲酯－丁二烯－苯乙烯（ＭＢＳ）共聚合物，初級狀態,美國,進口總值(含復進口),6.6373,2178
2015-01,39039010,甲基丙烯酸甲酯－丁二烯－苯乙烯（ＭＢＳ）共聚合物，初級狀態,英國,出口總值(含復出口),5.69361,2250
2015-01,39039010,甲基丙烯酸甲酯－丁二烯－苯乙烯（ＭＢＳ）共聚合物，初級狀態,香港,出口總值(含復出口),309.0909,85700
2015-01,39039010,甲基丙烯酸甲酯－丁二烯－苯乙烯（ＭＢＳ）共聚合物，初級狀態,泰國,出口總值(含復出口),30.95312,11000
2015-01,39039010,甲基丙烯酸甲酯－丁二烯－苯乙烯（ＭＢＳ）共聚合物，初級狀態,紐西蘭,出口總值(含復出口),52.62661,16000
2015-01,39039010,甲基丙烯酸甲酯－丁二烯－苯乙烯（ＭＢＳ）共聚合物，初級狀態,馬來西亞,出口總值(含復出口),28.40515,10000
2015-01,39039010,甲基丙烯酸甲酯－丁二烯－苯乙烯（ＭＢＳ）共聚合物，初級狀態,荷蘭,出口總值(含復出口),16.70336,7000
2015-01,39039010,甲基丙烯酸甲酯－丁二烯－苯乙烯（ＭＢＳ）共聚合物，初級狀態,菲律賓,出口總值(含復出口),12.9915,5500
2015-01,39039010,甲基丙烯酸甲酯－丁二烯－苯乙烯（ＭＢＳ）共聚合物，初級狀態,越南,出口總值(含復出口),1.66719,300
2015-01,39039010,甲基丙烯酸甲酯－丁二烯－苯乙烯（ＭＢＳ）共聚合物，初級狀態,新加坡,進口總值(含復進口),1828.78263,817200
2015-01,39039010,甲基丙烯酸甲酯－丁二烯－苯乙烯（ＭＢＳ）共聚合物，初級狀態,義大利,出口總值(含復出口),39.8553,16200
2015-01,39039010,甲基丙烯酸甲酯－丁二烯－苯乙烯（ＭＢＳ）共聚合物，初級狀態,澳大利亞,出口總值(含復出口),49.51242,18000
2015-01,39052100,醋酸乙烯共聚合物水性分散液,土耳其,出口總值(含復出口),28.78263,20000
2015-01,39052100,醋酸乙烯共聚合物水性分散液,中國大陸,進口總值(含復進口),31.86536,20160
2015-01,39052100,醋酸乙烯共聚合物水性分散液,中國大陸,出口總值(含復出口),2123.21484,1997830
2015-01,39052100,醋酸乙烯共聚合物水性分散液,巴西,出口總值(含復出口),41.0821,39730
2015-01,39052100,醋酸乙烯共聚合物水性分散液,巴基斯坦,出口總值(含復出口),322.96319,306000
2015-01,39052100,醋酸乙烯共聚合物水性分散液,日本,出口總值(含復出口),14.81597,16000
2015-01,39052100,醋酸乙烯共聚合物水性分散液,瓜地馬拉,出口總值(含復出口),18.40201,17600
2015-01,39052100,醋酸乙烯共聚合物水性分散液,阿拉伯聯合大公國,出口總值(含復出口),21.04435,19460
2015-01,39052100,醋酸乙烯共聚合物水性分散液,阿根廷,出口總值(含復出口),18.71657,17600
2015-01,39052100,醋酸乙烯共聚合物水性分散液,阿爾及利亞,出口總值(含復出口),39.72947,36000
2015-01,39052100,醋酸乙烯共聚合物水性分散液,南韓,出口總值(含復出口),16.23151,15660
2015-01,39052100,醋酸乙烯共聚合物水性分散液,香港,出口總值(含復出口),39.60364,36000
2015-01,39052100,醋酸乙烯共聚合物水性分散液,哥倫比亞,出口總值(含復出口),19.66027,17600
2015-01,39052100,醋酸乙烯共聚合物水性分散液,埃及,出口總值(含復出口),27.08398,17600
2015-01,39052100,醋酸乙烯共聚合物水性分散液,紐西蘭,出口總值(含復出口),129.75778,122920
2015-01,39052100,醋酸乙烯共聚合物水性分散液,馬來西亞,出口總值(含復出口),33.5011,13820
2015-01,39052100,醋酸乙烯共聚合物水性分散液,智利,出口總值(含復出口),21.86222,17600
2015-01,39052100,醋酸乙烯共聚合物水性分散液,越南,出口總值(含復出口),34.85372,31000
2015-01,39052100,醋酸乙烯共聚合物水性分散液,新加坡,出口總值(含復出口),39.94966,35200
2015-01,39052100,醋酸乙烯共聚合物水性分散液,墨西哥,出口總值(含復出口),58.16294,57290
2015-01,39052100,醋酸乙烯共聚合物水性分散液,澳大利亞,出口總值(含復出口),156.68449,139730
2015-02,29161410,甲基丙烯酸甲酯,中國大陸,進口總值(含復進口),1.97452,0
2015-02,29161410,甲基丙烯酸甲酯,中國大陸,出口總值(含復出口),353.47133,197600
2015-02,29161410,甲基丙烯酸甲酯,日本,進口總值(含復進口),1900.50955,950996
2015-02,29161410,甲基丙烯酸甲酯,日本,出口總值(含復出口),59.42675,100
2015-02,29161410,甲基丙烯酸甲酯,印尼,出口總值(含復出口),303.98089,160310
2015-02,29161410,甲基丙烯酸甲酯,阿拉伯聯合大公國,出口總值(含復出口),250,121600
2015-02,29161410,甲基丙烯酸甲酯,南韓,出口總值(含復出口),2996.71974,1501040
2015-02,29161410,甲基丙烯酸甲酯,美國,進口總值(含復進口),3233.72611,1540003
2015-02,29161410,甲基丙烯酸甲酯,香港,出口總值(含復出口),54.68152,42500
2015-02,29161410,甲基丙烯酸甲酯,泰國,進口總值(含復進口),2452.86624,1240659
2015-02,29161410,甲基丙烯酸甲酯,泰國,出口總值(含復出口),325.25477,168710
2015-02,29161410,甲基丙烯酸甲酯,菲律賓,出口總值(含復出口),407.86624,212340
2015-02,29161410,甲基丙烯酸甲酯,越南,出口總值(含復出口),125.63694,59280
2015-02,29161410,甲基丙烯酸甲酯,新加坡,進口總值(含復進口),4143.40764,2046057
2015-02,29161410,甲基丙烯酸甲酯,德國,進口總值(含復進口),3725.57324,1752991
2015-02,29173300,鄰苯二甲酸二壬酯或二癸酯,中國大陸,出口總值(含復出口),540.66878,516000
2015-02,29173300,鄰苯二甲酸二壬酯或二癸酯,巴西,出口總值(含復出口),377.42038,334000
2015-02,29173300,鄰苯二甲酸二壬酯或二癸酯,日本,進口總值(含復進口),0.03184,0
2015-02,29173300,鄰苯二甲酸二壬酯或二癸酯,日本,出口總值(含復出口),165.95541,132000
2015-02,29173300,鄰苯二甲酸二壬酯或二癸酯,以色列,出口總值(含復出口),25.85987,20000
2015-02,29173300,鄰苯二甲酸二壬酯或二癸酯,印度,出口總值(含復出口),6.87898,5000
2015-02,29173300,鄰苯二甲酸二壬酯或二癸酯,阿拉伯聯合大公國,出口總值(含復出口),24.52229,20000
2015-02,29173300,鄰苯二甲酸二壬酯或二癸酯,阿根廷,出口總值(含復出口),30.38216,21000
2015-02,29173300,鄰苯二甲酸二壬酯或二癸酯,阿曼,出口總值(含復出口),119.10828,84000
2015-02,29173300,鄰苯二甲酸二壬酯或二癸酯,南韓,出口總值(含復出口),391.17834,335000
2015-02,29173300,鄰苯二甲酸二壬酯或二癸酯,美國,進口總值(含復進口),0.50954,0
2015-02,29173300,鄰苯二甲酸二壬酯或二癸酯,美國,出口總值(含復出口),357.7707,267000
2015-02,29173300,鄰苯二甲酸二壬酯或二癸酯,哥倫比亞,出口總值(含復出口),140.89171,100000
2015-02,29173300,鄰苯二甲酸二壬酯或二癸酯,哥斯大黎加,出口總值(含復出口),83.56687,60000
2015-02,29173300,鄰苯二甲酸二壬酯或二癸酯,泰國,出口總值(含復出口),245.66878,200000
2015-02,29173300,鄰苯二甲酸二壬酯或二癸酯,馬來西亞,出口總值(含復出口),167.19745,148000
2015-02,29173300,鄰苯二甲酸二壬酯或二癸酯,菲律賓,出口總值(含復出口),621.65604,460000
2015-02,29173300,鄰苯二甲酸二壬酯或二癸酯,越南,出口總值(含復出口),232.64331,176000
2015-02,29173300,鄰苯二甲酸二壬酯或二癸酯,新加坡,出口總值(含復出口),23.34394,20000
2015-02,29173300,鄰苯二甲酸二壬酯或二癸酯,德國,進口總值(含復進口),0.03184,0
2015-02,29173300,鄰苯二甲酸二壬酯或二癸酯,墨西哥,出口總值(含復出口),188.53503,147000
2015-02,29321100,四氫?喃,中國大陸,出口總值(含復出口),498.12101,244800
2015-02,29321100,四氫?喃,日本,出口總值(含復出口),641.36942,292960
2015-02,29321100,四氫?喃,以色列,出口總值(含復出口),37.03821,14400
2015-02,29321100,四氫?喃,加拿大,出口總值(含復出口),50.03184,19990
2015-02,29321100,四氫?喃,印度,出口總值(含復出口),1332.48407,619200
2015-02,29321100,四氫?喃,南非,出口總值(含復出口),35.09554,14400
2015-02,29321100,四氫?喃,美國,進口總值(含復進口),13.94904,854
2015-02,29321100,四氫?喃,美國,出口總值(含復出口),78.82165,34430
2015-02,29321100,四氫?喃,哥倫比亞,出口總值(含復出口),51.59235,28800
2015-02,29321100,四氫?喃,泰國,出口總值(含復出口),42.22929,14400
2015-02,29321100,四氫?喃,荷蘭,出口總值(含復出口),67.83439,28800
2015-02,29321100,四氫?喃,德國,進口總值(含復進口),17.10191,1367
2015-02,39032000,苯乙烯－丙烯?共聚合物，初級狀態,中國大陸,出口總值(含復出口),6409.64968,4215500
2015-02,39032000,苯乙烯－丙烯?共聚合物，初級狀態,中華民國,進口總值(含復進口),3.15286,5376
2015-02,39032000,苯乙烯－丙烯?共聚合物，初級狀態,巴西,出口總值(含復出口),16.91082,10000
2015-02,39032000,苯乙烯－丙烯?共聚合物，初級狀態,日本,進口總值(含復進口),183.18471,64140
2015-02,39032000,苯乙烯－丙烯?共聚合物，初級狀態,日本,出口總值(含復出口),135.82802,78750
2015-02,39032000,苯乙烯－丙烯?共聚合物，初級狀態,以色列,出口總值(含復出口),23.7898,14000
2015-02,39032000,苯乙烯－丙烯?共聚合物，初級狀態,加拿大,出口總值(含復出口),24.80891,16000
2015-02,39032000,苯乙烯－丙烯?共聚合物，初級狀態,印尼,出口總值(含復出口),372.19745,223000
2015-02,39032000,苯乙烯－丙烯?共聚合物，初級狀態,孟加拉,出口總值(含復出口),270.22292,155000
2015-02,39032000,苯乙烯－丙烯?共聚合物，初級狀態,波蘭,出口總值(含復出口),6.5605,4000
2015-02,39032000,苯乙烯－丙烯?共聚合物，初級狀態,俄羅斯,出口總值(含復出口),166.78343,92000
2015-02,39032000,苯乙烯－丙烯?共聚合物，初級狀態,南非,出口總值(含復出口),30.38216,18000
2015-02,39032000,苯乙烯－丙烯?共聚合物，初級狀態,南韓,進口總值(含復進口),30.50955,19000
2015-02,39032000,苯乙烯－丙烯?共聚合物，初級狀態,突尼西亞,出口總值(含復出口),26.97452,16000
2015-02,39032000,苯乙烯－丙烯?共聚合物，初級狀態,美國,出口總值(含復出口),67.29299,40000
2015-02,39032000,苯乙烯－丙烯?共聚合物，初級狀態,英國,出口總值(含復出口),10.31847,6000
2015-02,39032000,苯乙烯－丙烯?共聚合物，初級狀態,香港,出口總值(含復出口),2180.28661,1285150
2015-02,39032000,苯乙烯－丙烯?共聚合物，初級狀態,埃及,出口總值(含復出口),101.94267,51000
2015-02,39032000,苯乙烯－丙烯?共聚合物，初級狀態,泰國,出口總值(含復出口),719.26751,438000
2015-02,39032000,苯乙烯－丙烯?共聚合物，初級狀態,馬來西亞,出口總值(含復出口),233.37579,147000
2015-02,39032000,苯乙烯－丙烯?共聚合物，初級狀態,荷蘭,進口總值(含復進口),12.96178,1375
2015-02,39032000,苯乙烯－丙烯?共聚合物，初級狀態,荷蘭,出口總值(含復出口),149.3949,92000
2015-02,39032000,苯乙烯－丙烯?共聚合物，初級狀態,智利,出口總值(含復出口),22.00636,13000
2015-02,39032000,苯乙烯－丙烯?共聚合物，初級狀態,菲律賓,出口總值(含復出口),45.50955,27500
2015-02,39032000,苯乙烯－丙烯?共聚合物，初級狀態,越南,出口總值(含復出口),114.71337,74000
2015-02,39032000,苯乙烯－丙烯?共聚合物，初級狀態,新加坡,出口總值(含復出口),6.14649,3475
2015-02,39032000,苯乙烯－丙烯?共聚合物，初級狀態,瑞典,出口總值(含復出口),30.15923,18000
2015-02,39032000,苯乙烯－丙烯?共聚合物，初級狀態,義大利,進口總值(含復進口),2.10191,8
2015-02,39032000,苯乙烯－丙烯?共聚合物，初級狀態,墨西哥,出口總值(含復出口),101.97452,60000
2015-02,39032000,苯乙烯－丙烯?共聚合物，初級狀態,澳大利亞,出口總值(含復出口),7.10191,4000
2015-02,39039010,甲基丙烯酸甲酯－丁二烯－苯乙烯（ＭＢＳ）共聚合物，初級狀態,中國大陸,出口總值(含復出口),416.33757,183300
2015-02,39039010,甲基丙烯酸甲酯－丁二烯－苯乙烯（ＭＢＳ）共聚合物，初級狀態,厄瓜多,出口總值(含復出口),5.92356,2000
2015-02,39039010,甲基丙烯酸甲酯－丁二烯－苯乙烯（ＭＢＳ）共聚合物，初級狀態,日本,進口總值(含復進口),399.71337,116724
2015-02,39039010,甲基丙烯酸甲酯－丁二烯－苯乙烯（ＭＢＳ）共聚合物，初級狀態,日本,出口總值(含復出口),12.07006,4025
2015-02,39039010,甲基丙烯酸甲酯－丁二烯－苯乙烯（ＭＢＳ）共聚合物，初級狀態,比利時,出口總值(含復出口),207.26114,90000
2015-02,39039010,甲基丙烯酸甲酯－丁二烯－苯乙烯（ＭＢＳ）共聚合物，初級狀態,孟加拉,出口總值(含復出口),13.28025,6000
2015-02,39039010,甲基丙烯酸甲酯－丁二烯－苯乙烯（ＭＢＳ）共聚合物，初級狀態,法國,出口總值(含復出口),40,17000
2015-02,39039010,甲基丙烯酸甲酯－丁二烯－苯乙烯（ＭＢＳ）共聚合物，初級狀態,南非,出口總值(含復出口),16.0191,7000
2015-02,39039010,甲基丙烯酸甲酯－丁二烯－苯乙烯（ＭＢＳ）共聚合物，初級狀態,南韓,進口總值(含復進口),95.89171,40000
2015-02,39039010,甲基丙烯酸甲酯－丁二烯－苯乙烯（ＭＢＳ）共聚合物，初級狀態,南韓,出口總值(含復出口),40.35031,18000
2015-02,39039010,甲基丙烯酸甲酯－丁二烯－苯乙烯（ＭＢＳ）共聚合物，初級狀態,美國,出口總值(含復出口),3.12101,1000
2015-02,39039010,甲基丙烯酸甲酯－丁二烯－苯乙烯（ＭＢＳ）共聚合物，初級狀態,英國,進口總值(含復進口),89.49044,11450
2015-02,39039010,甲基丙烯酸甲酯－丁二烯－苯乙烯（ＭＢＳ）共聚合物，初級狀態,英國,出口總值(含復出口),55.95541,22500
2015-02,39039010,甲基丙烯酸甲酯－丁二烯－苯乙烯（ＭＢＳ）共聚合物，初級狀態,香港,出口總值(含復出口),81.91082,23000
2015-02,39039010,甲基丙烯酸甲酯－丁二烯－苯乙烯（ＭＢＳ）共聚合物，初級狀態,泰國,出口總值(含復出口),95.06369,44700
2015-02,39039010,甲基丙烯酸甲酯－丁二烯－苯乙烯（ＭＢＳ）共聚合物，初級狀態,馬來西亞,進口總值(含復進口),33.50318,13200
2015-02,39039010,甲基丙烯酸甲酯－丁二烯－苯乙烯（ＭＢＳ）共聚合物，初級狀態,馬來西亞,出口總值(含復出口),42.64331,18000
2015-02,39039010,甲基丙烯酸甲酯－丁二烯－苯乙烯（ＭＢＳ）共聚合物，初級狀態,菲律賓,出口總值(含復出口),45.50955,20500
2015-02,39039010,甲基丙烯酸甲酯－丁二烯－苯乙烯（ＭＢＳ）共聚合物，初級狀態,越南,出口總值(含復出口),40.92356,18000
2015-02,39039010,甲基丙烯酸甲酯－丁二烯－苯乙烯（ＭＢＳ）共聚合物，初級狀態,新加坡,進口總值(含復進口),72.00636,19200
2015-02,39039010,甲基丙烯酸甲酯－丁二烯－苯乙烯（ＭＢＳ）共聚合物，初級狀態,義大利,出口總值(含復出口),0.12738,50
2015-02,39039010,甲基丙烯酸甲酯－丁二烯－苯乙烯（ＭＢＳ）共聚合物，初級狀態,澳大利亞,出口總值(含復出口),57.29299,21000
2015-02,39052100,醋酸乙烯共聚合物水性分散液,中國大陸,進口總值(含復進口),73.37579,35360
2015-02,39052100,醋酸乙烯共聚合物水性分散液,中國大陸,出口總值(含復出口),1608.12101,1523830
2015-02,39052100,醋酸乙烯共聚合物水性分散液,巴西,出口總值(含復出口),40.70063,39550
2015-02,39052100,醋酸乙烯共聚合物水性分散液,巴基斯坦,出口總值(含復出口),341.52866,324000
2015-02,39052100,醋酸乙烯共聚合物水性分散液,日本,進口總值(含復進口),9.01273,950
2015-02,39052100,醋酸乙烯共聚合物水性分散液,印度,出口總值(含復出口),51.14649,39600
2015-02,39052100,醋酸乙烯共聚合物水性分散液,沙烏地阿拉伯,出口總值(含復出口),181.33757,140800
2015-02,39052100,醋酸乙烯共聚合物水性分散液,阿根廷,出口總值(含復出口),121.11464,110000
2015-02,39052100,醋酸乙烯共聚合物水性分散液,南非,出口總值(含復出口),21.71974,17600
2015-02,39052100,醋酸乙烯共聚合物水性分散液,南韓,進口總值(含復進口),16.91082,15600
2015-02,39052100,醋酸乙烯共聚合物水性分散液,美國,出口總值(含復出口),19.68152,18000
2015-02,39052100,醋酸乙烯共聚合物水性分散液,哥斯大黎加,出口總值(含復出口),20.50955,17840
2015-02,39052100,醋酸乙烯共聚合物水性分散液,埃及,出口總值(含復出口),65.41401,52800
2015-02,39052100,醋酸乙烯共聚合物水性分散液,紐西蘭,出口總值(含復出口),80.4777,75880
2015-02,39052100,醋酸乙烯共聚合物水性分散液,菲律賓,出口總值(含復出口),38.7898,39980
2015-02,39052100,醋酸乙烯共聚合物水性分散液,越南,出口總值(含復出口),125.98726,118600
2015-02,39052100,醋酸乙烯共聚合物水性分散液,新加坡,出口總值(含復出口),85.22292,70400
2015-02,39052100,醋酸乙烯共聚合物水性分散液,墨西哥,出口總值(含復出口),78.88535,74750
2015-02,39052100,醋酸乙烯共聚合物水性分散液,澳大利亞,出口總值(含復出口),197.1656,179870
2015-03,29161410,甲基丙烯酸甲酯,中國大陸,進口總值(含復進口),31.88451,15200
2015-03,29161410,甲基丙烯酸甲酯,中國大陸,出口總值(含復出口),8599.20684,4434967
2015-03,29161410,甲基丙烯酸甲酯,日本,進口總值(含復進口),2009.83502,1045787
2015-03,29161410,甲基丙烯酸甲酯,比利時,進口總值(含復進口),0.03172,1
2015-03,29161410,甲基丙烯酸甲酯,印尼,出口總值(含復出口),907.74111,492570
2015-03,29161410,甲基丙烯酸甲酯,阿拉伯聯合大公國,出口總值(含復出口),278.77538,136800
2015-03,29161410,甲基丙烯酸甲酯,南韓,進口總值(含復進口),1.14213,45
2015-03,29161410,甲基丙烯酸甲酯,南韓,出口總值(含復出口),1955.3934,1007371
2015-03,29161410,甲基丙烯酸甲酯,美國,進口總值(含復進口),3203.83883,1597446
2015-03,29161410,甲基丙烯酸甲酯,英國,進口總值(含復進口),0.15862,11
2015-03,29161410,甲基丙烯酸甲酯,香港,出口總值(含復出口),114.05456,70625
2015-03,29161410,甲基丙烯酸甲酯,泰國,進口總值(含復進口),7901.07868,4162805
2015-03,29161410,甲基丙烯酸甲酯,泰國,出口總值(含復出口),125.19035,60800
2015-03,29161410,甲基丙烯酸甲酯,馬來西亞,出口總值(含復出口),58.72461,31785
2015-03,29161410,甲基丙烯酸甲酯,菲律賓,出口總值(含復出口),261.67512,130600
2015-03,29161410,甲基丙烯酸甲酯,越南,出口總值(含復出口),2382.55076,1224279
2015-03,29161410,甲基丙烯酸甲酯,新加坡,進口總值(含復進口),5090.48223,2546432
2015-03,29161410,甲基丙烯酸甲酯,德國,進口總值(含復進口),2129.09263,1106116
2015-03,29161410,甲基丙烯酸甲酯,澳大利亞,出口總值(含復出口),2.0939,100
2015-03,29173300,鄰苯二甲酸二壬酯或二癸酯,中國大陸,出口總值(含復出口),388.29313,285000
2015-03,29173300,鄰苯二甲酸二壬酯或二癸酯,厄瓜多,出口總值(含復出口),21.35152,16000
2015-03,29173300,鄰苯二甲酸二壬酯或二癸酯,巴西,出口總值(含復出口),192.51269,172000
2015-03,29173300,鄰苯二甲酸二壬酯或二癸酯,日本,出口總值(含復出口),109.67639,86000
2015-03,29173300,鄰苯二甲酸二壬酯或二癸酯,以色列,出口總值(含復出口),71.19289,56000
2015-03,29173300,鄰苯二甲酸二壬酯或二癸酯,印尼,出口總值(含復出口),99.36548,80000
2015-03,29173300,鄰苯二甲酸二壬酯或二癸酯,阿根廷,出口總值(含復出口),52.47461,42000
2015-03,29173300,鄰苯二甲酸二壬酯或二癸酯,南韓,出口總值(含復出口),482.80456,402000
2015-03,29173300,鄰苯二甲酸二壬酯或二癸酯,美國,進口總值(含復進口),0.31725,0
2015-03,29173300,鄰苯二甲酸二壬酯或二癸酯,美國,出口總值(含復出口),197.4302,160000
2015-03,29173300,鄰苯二甲酸二壬酯或二癸酯,哥倫比亞,出口總值(含復出口),56.21827,40000
2015-03,29173300,鄰苯二甲酸二壬酯或二癸酯,哥斯大黎加,出口總值(含復出口),28.20431,20000
2015-03,29173300,鄰苯二甲酸二壬酯或二癸酯,埃及,出口總值(含復出口),49.46065,36000
2015-03,29173300,鄰苯二甲酸二壬酯或二癸酯,泰國,出口總值(含復出口),89.49873,79000
2015-03,29173300,鄰苯二甲酸二壬酯或二癸酯,馬來西亞,出口總值(含復出口),90.48223,76000
2015-03,29173300,鄰苯二甲酸二壬酯或二癸酯,菲律賓,出口總值(含復出口),517.92512,431000
2015-03,29173300,鄰苯二甲酸二壬酯或二癸酯,越南,出口總值(含復出口),501.8401,421000
2015-03,29173300,鄰苯二甲酸二壬酯或二癸酯,德國,進口總值(含復進口),0.03172,0
2015-03,29173300,鄰苯二甲酸二壬酯或二癸酯,墨西哥,出口總值(含復出口),189.27664,167000
2015-03,29321100,四氫?喃,中國大陸,進口總值(含復進口),9.51776,0
2015-03,29321100,四氫?喃,中國大陸,出口總值(含復出口),5213.38832,3128000
2015-03,29321100,四氫?喃,厄瓜多,出口總值(含復出口),32.07487,14400
2015-03,29321100,四氫?喃,日本,進口總值(含復進口),0.41243,27
2015-03,29321100,四氫?喃,日本,出口總值(含復出口),405.5203,185770
2015-03,29321100,四氫?喃,比利時,進口總值(含復進口),0.06345,0
2015-03,29321100,四氫?喃,加拿大,出口總值(含復出口),49.77791,19970
2015-03,29321100,四氫?喃,印度,出口總值(含復出口),2362.18274,1177500
2015-03,29321100,四氫?喃,孟加拉,出口總值(含復出口),9.58121,2700
2015-03,29321100,四氫?喃,波多黎各,出口總值(含復出口),32.99492,14400
2015-03,29321100,四氫?喃,美國,進口總值(含復進口),33.43908,2643
2015-03,29321100,四氫?喃,哥倫比亞,出口總值(含復出口),128.83883,72000
2015-03,29321100,四氫?喃,泰國,出口總值(含復出口),41.3071,14400
2015-03,29321100,四氫?喃,新加坡,出口總值(含復出口),27.18908,10800
2015-03,29321100,四氫?喃,德國,進口總值(含復進口),22.14467,2329
2015-03,39032000,苯乙烯－丙烯?共聚合物，初級狀態,土耳其,出口總值(含復出口),24.87309,13000
2015-03,39032000,苯乙烯－丙烯?共聚合物，初級狀態,中國大陸,出口總值(含復出口),8490.00633,5437455
2015-03,39032000,苯乙烯－丙烯?共聚合物，初級狀態,中華民國,進口總值(含復進口),40.86294,60518
2015-03,39032000,苯乙烯－丙烯?共聚合物，初級狀態,厄瓜多,出口總值(含復出口),3.45812,2000
2015-03,39032000,苯乙烯－丙烯?共聚合物，初級狀態,巴西,出口總值(含復出口),196.73223,120000
2015-03,39032000,苯乙烯－丙烯?共聚合物，初級狀態,巴基斯坦,出口總值(含復出口),297.11294,177000
2015-03,39032000,苯乙烯－丙烯?共聚合物，初級狀態,日本,進口總值(含復進口),73.85786,30000
2015-03,39032000,苯乙烯－丙烯?共聚合物，初級狀態,日本,出口總值(含復出口),60.43781,35625
2015-03,39032000,苯乙烯－丙烯?共聚合物，初級狀態,比利時,出口總值(含復出口),35.88197,16000
2015-03,39032000,苯乙烯－丙烯?共聚合物，初級狀態,以色列,出口總值(含復出口),44.9873,28000
2015-03,39032000,苯乙烯－丙烯?共聚合物，初級狀態,加拿大,出口總值(含復出口),5.71065,3375
2015-03,39032000,苯乙烯－丙烯?共聚合物，初級狀態,印尼,出口總值(含復出口),1547.23984,910650
2015-03,39032000,苯乙烯－丙烯?共聚合物，初級狀態,西班牙,出口總值(含復出口),3.29949,2000
2015-03,39032000,苯乙烯－丙烯?共聚合物，初級狀態,沙烏地阿拉伯,出口總值(含復出口),26.87182,16000
2015-03,39032000,苯乙烯－丙烯?共聚合物，初級狀態,孟加拉,出口總值(含復出口),293.62309,172000
2015-03,39032000,苯乙烯－丙烯?共聚合物，初級狀態,波蘭,出口總值(含復出口),41.84644,26000
2015-03,39032000,苯乙烯－丙烯?共聚合物，初級狀態,阿拉伯聯合大公國,出口總值(含復出口),132.99492,75000
2015-03,39032000,苯乙烯－丙烯?共聚合物，初級狀態,阿根廷,出口總值(含復出口),197.4302,120000
2015-03,39032000,苯乙烯－丙烯?共聚合物，初級狀態,俄羅斯,出口總值(含復出口),26.49111,15500
2015-03,39032000,苯乙烯－丙烯?共聚合物，初級狀態,南非,出口總值(含復出口),13.45177,8000
2015-03,39032000,苯乙烯－丙烯?共聚合物，初級狀態,南韓,進口總值(含復進口),85.0571,54000
2015-03,39032000,苯乙烯－丙烯?共聚合物，初級狀態,突尼西亞,出口總值(含復出口),25.79314,16000
2015-03,39032000,苯乙烯－丙烯?共聚合物，初級狀態,約旦,出口總值(含復出口),7.4873,4500
2015-03,39032000,苯乙烯－丙烯?共聚合物，初級狀態,美國,出口總值(含復出口),163.07106,97070
2015-03,39032000,苯乙烯－丙烯?共聚合物，初級狀態,英國,出口總值(含復出口),32.29695,19000
2015-03,39032000,苯乙烯－丙烯?共聚合物，初級狀態,香港,出口總值(含復出口),2252.63324,1352275
2015-03,39032000,苯乙烯－丙烯?共聚合物，初級狀態,哥倫比亞,出口總值(含復出口),38.26142,23000
2015-03,39032000,苯乙烯－丙烯?共聚合物，初級狀態,埃及,出口總值(含復出口),36.51649,18999
2015-03,39032000,苯乙烯－丙烯?共聚合物，初級狀態,泰國,出口總值(含復出口),745.39974,468000
2015-03,39032000,苯乙烯－丙烯?共聚合物，初級狀態,馬來西亞,出口總值(含復出口),405.45685,245500
2015-03,39032000,苯乙烯－丙烯?共聚合物，初級狀態,荷蘭,進口總值(含復進口),12.94416,1375
2015-03,39032000,苯乙烯－丙烯?共聚合物，初級狀態,荷蘭,出口總值(含復出口),161.26269,99000
2015-03,39032000,苯乙烯－丙烯?共聚合物，初級狀態,斯里蘭卡,出口總值(含復出口),13.99111,8000
2015-03,39032000,苯乙烯－丙烯?共聚合物，初級狀態,斯洛維尼亞,出口總值(含復出口),12.7538,8000
2015-03,39032000,苯乙烯－丙烯?共聚合物，初級狀態,菲律賓,出口總值(含復出口),342.95685,214750
2015-03,39032000,苯乙烯－丙烯?共聚合物，初級狀態,越南,出口總值(含復出口),267.00507,162000
2015-03,39032000,苯乙烯－丙烯?共聚合物，初級狀態,義大利,出口總值(含復出口),58.66116,38000
2015-03,39032000,苯乙烯－丙烯?共聚合物，初級狀態,德國,出口總值(含復出口),102.98223,64000
2015-03,39032000,苯乙烯－丙烯?共聚合物，初級狀態,墨西哥,進口總值(含復進口),11.10406,9222
2015-03,39032000,苯乙烯－丙烯?共聚合物，初級狀態,墨西哥,出口總值(含復出口),104.44162,62000
2015-03,39039010,甲基丙烯酸甲酯－丁二烯－苯乙烯（ＭＢＳ）共聚合物，初級狀態,中國大陸,進口總值(含復進口),0.09517,54
2015-03,39039010,甲基丙烯酸甲酯－丁二烯－苯乙烯（ＭＢＳ）共聚合物，初級狀態,中國大陸,出口總值(含復出口),921.95431,322400
2015-03,39039010,甲基丙烯酸甲酯－丁二烯－苯乙烯（ＭＢＳ）共聚合物，初級狀態,日本,進口總值(含復進口),308.81979,86308
2015-03,39039010,甲基丙烯酸甲酯－丁二烯－苯乙烯（ＭＢＳ）共聚合物，初級狀態,日本,出口總值(含復出口),82.01142,33200
2015-03,39039010,甲基丙烯酸甲酯－丁二烯－苯乙烯（ＭＢＳ）共聚合物，初級狀態,比利時,出口總值(含復出口),162.11928,72000
2015-03,39039010,甲基丙烯酸甲酯－丁二烯－苯乙烯（ＭＢＳ）共聚合物，初級狀態,印尼,進口總值(含復進口),5.3934,1500
2015-03,39039010,甲基丙烯酸甲酯－丁二烯－苯乙烯（ＭＢＳ）共聚合物，初級狀態,法國,出口總值(含復出口),112.97588,48000
2015-03,39039010,甲基丙烯酸甲酯－丁二烯－苯乙烯（ＭＢＳ）共聚合物，初級狀態,南非,出口總值(含復出口),34.80329,16000
2015-03,39039010,甲基丙烯酸甲酯－丁二烯－苯乙烯（ＭＢＳ）共聚合物，初級狀態,南韓,進口總值(含復進口),145.46319,62000
2015-03,39039010,甲基丙烯酸甲酯－丁二烯－苯乙烯（ＭＢＳ）共聚合物，初級狀態,南韓,出口總值(含復出口),17.79822,8000
2015-03,39039010,甲基丙烯酸甲酯－丁二烯－苯乙烯（ＭＢＳ）共聚合物，初級狀態,英國,出口總值(含復出口),76.04695,29500
2015-03,39039010,甲基丙烯酸甲酯－丁二烯－苯乙烯（ＭＢＳ）共聚合物，初級狀態,香港,出口總值(含復出口),51.36421,14500
2015-03,39039010,甲基丙烯酸甲酯－丁二烯－苯乙烯（ＭＢＳ）共聚合物，初級狀態,泰國,出口總值(含復出口),67.82994,24000
2015-03,39039010,甲基丙烯酸甲酯－丁二烯－苯乙烯（ＭＢＳ）共聚合物，初級狀態,馬來西亞,進口總值(含復進口),103.74365,42280
2015-03,39039010,甲基丙烯酸甲酯－丁二烯－苯乙烯（ＭＢＳ）共聚合物，初級狀態,馬來西亞,出口總值(含復出口),173.15989,59000
2015-03,39039010,甲基丙烯酸甲酯－丁二烯－苯乙烯（ＭＢＳ）共聚合物，初級狀態,荷蘭,出口總值(含復出口),4.69543,2025
2015-03,39039010,甲基丙烯酸甲酯－丁二烯－苯乙烯（ＭＢＳ）共聚合物，初級狀態,越南,出口總值(含復出口),44.28934,19000
2015-03,39039010,甲基丙烯酸甲酯－丁二烯－苯乙烯（ＭＢＳ）共聚合物，初級狀態,新加坡,進口總值(含復進口),1031.69416,523200
2015-03,39039010,甲基丙烯酸甲酯－丁二烯－苯乙烯（ＭＢＳ）共聚合物，初級狀態,澳大利亞,出口總值(含復出口),54.63197,20000
2015-03,39052100,醋酸乙烯共聚合物水性分散液,土耳其,出口總值(含復出口),28.77538,19880
2015-03,39052100,醋酸乙烯共聚合物水性分散液,中國大陸,進口總值(含復進口),31.21827,20160
2015-03,39052100,醋酸乙烯共聚合物水性分散液,中國大陸,出口總值(含復出口),3308.28045,3111316
2015-03,39052100,醋酸乙烯共聚合物水性分散液,巴西,出口總值(含復出口),24.17512,20000
2015-03,39052100,醋酸乙烯共聚合物水性分散液,巴基斯坦,出口總值(含復出口),342.32233,324000
2015-03,39052100,醋酸乙烯共聚合物水性分散液,日本,出口總值(含復出口),14.53045,16000
2015-03,39052100,醋酸乙烯共聚合物水性分散液,印度,出口總值(含復出口),45.65355,35200
2015-03,39052100,醋酸乙烯共聚合物水性分散液,沙烏地阿拉伯,出口總值(含復出口),44.9873,35200
2015-03,39052100,醋酸乙烯共聚合物水性分散液,孟加拉,出口總值(含復出口),19.70177,15600
2015-03,39052100,醋酸乙烯共聚合物水性分散液,阿拉伯聯合大公國,出口總值(含復出口),21.31979,20040
2015-03,39052100,醋酸乙烯共聚合物水性分散液,阿根廷,出口總值(含復出口),125.66624,114400
2015-03,39052100,醋酸乙烯共聚合物水性分散液,俄羅斯,出口總值(含復出口),61.07233,60000
2015-03,39052100,醋酸乙烯共聚合物水性分散液,南韓,進口總值(含復進口),57.93147,51000
2015-03,39052100,醋酸乙烯共聚合物水性分散液,南韓,出口總值(含復出口),28.01395,27540
2015-03,39052100,醋酸乙烯共聚合物水性分散液,美國,進口總值(含復進口),11.42131,209
2015-03,39052100,醋酸乙烯共聚合物水性分散液,美國,出口總值(含復出口),50.22208,40000
2015-03,39052100,醋酸乙烯共聚合物水性分散液,香港,出口總值(含復出口),19.19416,18000
2015-03,39052100,醋酸乙烯共聚合物水性分散液,埃及,出口總值(含復出口),113.70558,88000
2015-03,39052100,醋酸乙烯共聚合物水性分散液,秘魯,出口總值(含復出口),19.35279,18000
2015-03,39052100,醋酸乙烯共聚合物水性分散液,紐西蘭,出口總值(含復出口),41.1802,40060
2015-03,39052100,醋酸乙烯共聚合物水性分散液,馬來西亞,出口總值(含復出口),31.25,15800
2015-03,39052100,醋酸乙烯共聚合物水性分散液,智利,出口總值(含復出口),22.17639,17600
2015-03,39052100,醋酸乙烯共聚合物水性分散液,越南,出口總值(含復出口),177.63324,158900
2015-03,39052100,醋酸乙烯共聚合物水性分散液,新加坡,出口總值(含復出口),100.53934,88000
2015-03,39052100,醋酸乙烯共聚合物水性分散液,墨西哥,出口總值(含復出口),37.53172,37660
2015-03,39052100,醋酸乙烯共聚合物水性分散液,澳大利亞,出口總值(含復出口),262.7538,248050
2015-04,29161410,甲基丙烯酸甲酯,中國大陸,出口總值(含復出口),3416.096,1791967
2015-04,29161410,甲基丙烯酸甲酯,日本,進口總值(含復進口),2218.016,1160684
2015-04,29161410,甲基丙烯酸甲酯,日本,出口總值(含復出口),106.208,180
2015-04,29161410,甲基丙烯酸甲酯,印尼,出口總值(含復出口),479.392,269650
2015-04,29161410,甲基丙烯酸甲酯,孟加拉,出口總值(含復出口),29.088,15200
2015-04,29161410,甲基丙烯酸甲酯,阿拉伯聯合大公國,出口總值(含復出口),29.184,15200
2015-04,29161410,甲基丙烯酸甲酯,南韓,出口總值(含復出口),2170.048,1151014
2015-04,29161410,甲基丙烯酸甲酯,美國,進口總值(含復進口),443.392,221000
2015-04,29161410,甲基丙烯酸甲酯,英國,進口總值(含復進口),0.16,11
2015-04,29161410,甲基丙烯酸甲酯,香港,出口總值(含復出口),68.128,42644
2015-04,29161410,甲基丙烯酸甲酯,泰國,進口總值(含復進口),2485.76,1309631
2015-04,29161410,甲基丙烯酸甲酯,泰國,出口總值(含復出口),321.44,172730
2015-04,29161410,甲基丙烯酸甲酯,菲律賓,出口總值(含復出口),475.296,251790
2015-04,29161410,甲基丙烯酸甲酯,越南,出口總值(含復出口),554.048,290290
2015-04,29161410,甲基丙烯酸甲酯,新加坡,進口總值(含復進口),11093.152,5771445
2015-04,29161410,甲基丙烯酸甲酯,德國,進口總值(含復進口),1870.624,996502
2015-04,29161410,甲基丙烯酸甲酯,澳大利亞,出口總值(含復出口),29.28,15200
2015-04,29173300,鄰苯二甲酸二壬酯或二癸酯,中國大陸,出口總值(含復出口),135.488,120000
2015-04,29173300,鄰苯二甲酸二壬酯或二癸酯,日本,出口總值(含復出口),96.672,77000
2015-04,29173300,鄰苯二甲酸二壬酯或二癸酯,以色列,出口總值(含復出口),49.824,40000
2015-04,29173300,鄰苯二甲酸二壬酯或二癸酯,印尼,出口總值(含復出口),28.608,23000
2015-04,29173300,鄰苯二甲酸二壬酯或二癸酯,阿拉伯聯合大公國,出口總值(含復出口),96.032,80000
2015-04,29173300,鄰苯二甲酸二壬酯或二癸酯,阿根廷,出口總值(含復出口),133.696,106000
2015-04,29173300,鄰苯二甲酸二壬酯或二癸酯,阿曼,出口總值(含復出口),70.176,60000
2015-04,29173300,鄰苯二甲酸二壬酯或二癸酯,南韓,出口總值(含復出口),527.072,446000
2015-04,29173300,鄰苯二甲酸二壬酯或二癸酯,美國,進口總值(含復進口),0.096,0
2015-04,29173300,鄰苯二甲酸二壬酯或二癸酯,美國,出口總值(含復出口),60.224,48000
2015-04,29173300,鄰苯二甲酸二壬酯或二癸酯,馬來西亞,出口總值(含復出口),301.024,234000
2015-04,29173300,鄰苯二甲酸二壬酯或二癸酯,菲律賓,出口總值(含復出口),698.624,560000
2015-04,29173300,鄰苯二甲酸二壬酯或二癸酯,越南,出口總值(含復出口),344.96,272000
2015-04,29173300,鄰苯二甲酸二壬酯或二癸酯,墨西哥,出口總值(含復出口),238.112,189000
2015-04,29321100,四氫?喃,中國大陸,出口總值(含復出口),1308.64,633600
2015-04,29321100,四氫?喃,中華民國,進口總值(含復進口),0.064,1
2015-04,29321100,四氫?喃,日本,進口總值(含復進口),1.024,53
2015-04,29321100,四氫?喃,日本,出口總值(含復出口),685.216,326880
2015-04,29321100,四氫?喃,比利時,出口總值(含復出口),218.144,100000
2015-04,29321100,四氫?喃,加拿大,出口總值(含復出口),81.44,34280
2015-04,29321100,四氫?喃,印度,出口總值(含復出口),2143.456,1106320
2015-04,29321100,四氫?喃,肯亞,出口總值(含復出口),36.928,14400
2015-04,29321100,四氫?喃,南韓,出口總值(含復出口),1334.848,724400
2015-04,29321100,四氫?喃,美國,進口總值(含復進口),3.072,11
2015-04,29321100,四氫?喃,美國,出口總值(含復出口),104.512,48690
2015-04,29321100,四氫?喃,英國,進口總值(含復進口),0.832,13
2015-04,29321100,四氫?喃,英國,出口總值(含復出口),32.544,14400
2015-04,29321100,四氫?喃,哥倫比亞,出口總值(含復出口),130.688,72000
2015-04,29321100,四氫?喃,哥斯大黎加,出口總值(含復出口),32.704,14400
2015-04,29321100,四氫?喃,埃及,出口總值(含復出口),30.176,14400
2015-04,29321100,四氫?喃,泰國,出口總值(含復出口),41.568,14400
2015-04,29321100,四氫?喃,馬來西亞,出口總值(含復出口),31.968,14400
2015-04,29321100,四氫?喃,荷蘭,出口總值(含復出口),65.088,28800
2015-04,29321100,四氫?喃,德國,進口總值(含復進口),5.824,525
2015-04,29321100,四氫?喃,德國,出口總值(含復出口),32.416,14400
2015-04,29321100,四氫?喃,墨西哥,出口總值(含復出口),136.8,57600
2015-04,39032000,苯乙烯－丙烯?共聚合物，初級狀態,土耳其,出口總值(含復出口),6.912,4000
2015-04,39032000,苯乙烯－丙烯?共聚合物，初級狀態,中國大陸,進口總值(含復進口),141.056,100000
2015-04,39032000,苯乙烯－丙烯?共聚合物，初級狀態,中國大陸,出口總值(含復出口),7336.576,4487100
2015-04,39032000,苯乙烯－丙烯?共聚合物，初級狀態,巴西,出口總值(含復出口),36.864,23000
2015-04,39032000,苯乙烯－丙烯?共聚合物，初級狀態,巴基斯坦,出口總值(含復出口),109.312,64000
2015-04,39032000,苯乙烯－丙烯?共聚合物，初級狀態,日本,進口總值(含復進口),324.704,148000
2015-04,39032000,苯乙烯－丙烯?共聚合物，初級狀態,日本,出口總值(含復出口),60.928,35625
2015-04,39032000,苯乙烯－丙烯?共聚合物，初級狀態,比利時,出口總值(含復出口),34.496,21000
2015-04,39032000,苯乙烯－丙烯?共聚合物，初級狀態,以色列,出口總值(含復出口),43.936,26000
2015-04,39032000,苯乙烯－丙烯?共聚合物，初級狀態,印尼,出口總值(含復出口),754.592,438400
2015-04,39032000,苯乙烯－丙烯?共聚合物，初級狀態,孟加拉,出口總值(含復出口),109.504,67000
2015-04,39032000,苯乙烯－丙烯?共聚合物，初級狀態,波蘭,出口總值(含復出口),22.016,13000
2015-04,39032000,苯乙烯－丙烯?共聚合物，初級狀態,阿根廷,出口總值(含復出口),26.656,16000
2015-04,39032000,苯乙烯－丙烯?共聚合物，初級狀態,俄羅斯,出口總值(含復出口),39.104,23000
2015-04,39032000,苯乙烯－丙烯?共聚合物，初級狀態,南非,出口總值(含復出口),43.488,25000
2015-04,39032000,苯乙烯－丙烯?共聚合物，初級狀態,南韓,進口總值(含復進口),49.216,32000
2015-04,39032000,苯乙烯－丙烯?共聚合物，初級狀態,美國,進口總值(含復進口),3.36,1361
2015-04,39032000,苯乙烯－丙烯?共聚合物，初級狀態,美國,出口總值(含復出口),116.704,68890
2015-04,39032000,苯乙烯－丙烯?共聚合物，初級狀態,英國,出口總值(含復出口),3.456,2000
2015-04,39032000,苯乙烯－丙烯?共聚合物，初級狀態,香港,出口總值(含復出口),1898.784,1102850
2015-04,39032000,苯乙烯－丙烯?共聚合物，初級狀態,哥倫比亞,出口總值(含復出口),23.648,14000
2015-04,39032000,苯乙烯－丙烯?共聚合物，初級狀態,埃及,出口總值(含復出口),31.936,16000
2015-04,39032000,苯乙烯－丙烯?共聚合物，初級狀態,泰國,進口總值(含復進口),128.672,76000
2015-04,39032000,苯乙烯－丙烯?共聚合物，初級狀態,泰國,出口總值(含復出口),444.64,260500
2015-04,39032000,苯乙烯－丙烯?共聚合物，初級狀態,秘魯,出口總值(含復出口),8.352,5000
2015-04,39032000,苯乙烯－丙烯?共聚合物，初級狀態,紐西蘭,出口總值(含復出口),3.392,2000
2015-04,39032000,苯乙烯－丙烯?共聚合物，初級狀態,馬來西亞,出口總值(含復出口),458.592,281000
2015-04,39032000,苯乙烯－丙烯?共聚合物，初級狀態,敘利亞,出口總值(含復出口),15.168,9000
2015-04,39032000,苯乙烯－丙烯?共聚合物，初級狀態,荷蘭,出口總值(含復出口),219.2,129000
2015-04,39032000,苯乙烯－丙烯?共聚合物，初級狀態,智利,出口總值(含復出口),17.152,10000
2015-04,39032000,苯乙烯－丙烯?共聚合物，初級狀態,菲律賓,出口總值(含復出口),31.872,19700
2015-04,39032000,苯乙烯－丙烯?共聚合物，初級狀態,越南,出口總值(含復出口),300.672,187900
2015-04,39032000,苯乙烯－丙烯?共聚合物，初級狀態,瑞典,出口總值(含復出口),32.672,18000
2015-04,39032000,苯乙烯－丙烯?共聚合物，初級狀態,德國,出口總值(含復出口),53.216,32000
2015-04,39032000,苯乙烯－丙烯?共聚合物，初級狀態,摩洛哥,出口總值(含復出口),15.648,9000
2015-04,39032000,苯乙烯－丙烯?共聚合物，初級狀態,墨西哥,出口總值(含復出口),193.888,112000
2015-04,39032000,苯乙烯－丙烯?共聚合物，初級狀態,澳大利亞,出口總值(含復出口),5.184,3000
2015-04,39039010,甲基丙烯酸甲酯－丁二烯－苯乙烯（ＭＢＳ）共聚合物，初級狀態,中國大陸,進口總值(含復進口),0.064,38
2015-04,39039010,甲基丙烯酸甲酯－丁二烯－苯乙烯（ＭＢＳ）共聚合物，初級狀態,中國大陸,出口總值(含復出口),1285.76,482080
2015-04,39039010,甲基丙烯酸甲酯－丁二烯－苯乙烯（ＭＢＳ）共聚合物，初級狀態,厄瓜多,出口總值(含復出口),8.704,3000
2015-04,39039010,甲基丙烯酸甲酯－丁二烯－苯乙烯（ＭＢＳ）共聚合物，初級狀態,日本,進口總值(含復進口),194.048,71985
2015-04,39039010,甲基丙烯酸甲酯－丁二烯－苯乙烯（ＭＢＳ）共聚合物，初級狀態,日本,出口總值(含復出口),40.416,16000
2015-04,39039010,甲基丙烯酸甲酯－丁二烯－苯乙烯（ＭＢＳ）共聚合物，初級狀態,比利時,出口總值(含復出口),122.944,56000
2015-04,39039010,甲基丙烯酸甲酯－丁二烯－苯乙烯（ＭＢＳ）共聚合物，初級狀態,以色列,出口總值(含復出口),2.592,1000
2015-04,39039010,甲基丙烯酸甲酯－丁二烯－苯乙烯（ＭＢＳ）共聚合物，初級狀態,印尼,進口總值(含復進口),5.408,1500
2015-04,39039010,甲基丙烯酸甲酯－丁二烯－苯乙烯（ＭＢＳ）共聚合物，初級狀態,印度,出口總值(含復出口),23.392,10000
2015-04,39039010,甲基丙烯酸甲酯－丁二烯－苯乙烯（ＭＢＳ）共聚合物，初級狀態,南韓,進口總值(含復進口),96.096,40000
2015-04,39039010,甲基丙烯酸甲酯－丁二烯－苯乙烯（ＭＢＳ）共聚合物，初級狀態,南韓,出口總值(含復出口),17.856,8000
2015-04,39039010,甲基丙烯酸甲酯－丁二烯－苯乙烯（ＭＢＳ）共聚合物，初級狀態,英國,進口總值(含復進口),89.856,11450
2015-04,39039010,甲基丙烯酸甲酯－丁二烯－苯乙烯（ＭＢＳ）共聚合物，初級狀態,英國,出口總值(含復出口),17.12,6750
2015-04,39039010,甲基丙烯酸甲酯－丁二烯－苯乙烯（ＭＢＳ）共聚合物，初級狀態,香港,出口總值(含復出口),150.176,41000
2015-04,39039010,甲基丙烯酸甲酯－丁二烯－苯乙烯（ＭＢＳ）共聚合物，初級狀態,泰國,出口總值(含復出口),71.744,28040
2015-04,39039010,甲基丙烯酸甲酯－丁二烯－苯乙烯（ＭＢＳ）共聚合物，初級狀態,紐西蘭,出口總值(含復出口),3.232,1000
2015-04,39039010,甲基丙烯酸甲酯－丁二烯－苯乙烯（ＭＢＳ）共聚合物，初級狀態,馬來西亞,進口總值(含復進口),23.264,9600
2015-04,39039010,甲基丙烯酸甲酯－丁二烯－苯乙烯（ＭＢＳ）共聚合物，初級狀態,馬來西亞,出口總值(含復出口),272.736,98000
2015-04,39039010,甲基丙烯酸甲酯－丁二烯－苯乙烯（ＭＢＳ）共聚合物，初級狀態,菲律賓,出口總值(含復出口),75.584,32000
2015-04,39039010,甲基丙烯酸甲酯－丁二烯－苯乙烯（ＭＢＳ）共聚合物，初級狀態,越南,出口總值(含復出口),18.304,8000
2015-04,39039010,甲基丙烯酸甲酯－丁二烯－苯乙烯（ＭＢＳ）共聚合物，初級狀態,新加坡,進口總值(含復進口),2169.696,1150800
2015-04,39039010,甲基丙烯酸甲酯－丁二烯－苯乙烯（ＭＢＳ）共聚合物，初級狀態,義大利,出口總值(含復出口),46.56,16000
2015-04,39039010,甲基丙烯酸甲酯－丁二烯－苯乙烯（ＭＢＳ）共聚合物，初級狀態,澳大利亞,出口總值(含復出口),8.224,3000
2015-04,39052100,醋酸乙烯共聚合物水性分散液,中國大陸,進口總值(含復進口),104.096,55520
2015-04,39052100,醋酸乙烯共聚合物水性分散液,中國大陸,出口總值(含復出口),3782.784,3662040
2015-04,39052100,醋酸乙烯共聚合物水性分散液,巴基斯坦,出口總值(含復出口),268,252000
2015-04,39052100,醋酸乙烯共聚合物水性分散液,日本,進口總值(含復進口),0.16,20
2015-04,39052100,醋酸乙烯共聚合物水性分散液,日本,出口總值(含復出口),25.952,28360
2015-04,39052100,醋酸乙烯共聚合物水性分散液,瓜地馬拉,出口總值(含復出口),18.816,17600
2015-04,39052100,醋酸乙烯共聚合物水性分散液,孟加拉,出口總值(含復出口),19.872,15600
2015-04,39052100,醋酸乙烯共聚合物水性分散液,阿拉伯聯合大公國,出口總值(含復出口),19.392,17600
2015-04,39052100,醋酸乙烯共聚合物水性分散液,阿根廷,出口總值(含復出口),74.4,70400
2015-04,39052100,醋酸乙烯共聚合物水性分散液,俄羅斯,出口總值(含復出口),20.32,20000
2015-04,39052100,醋酸乙烯共聚合物水性分散液,南韓,出口總值(含復出口),27.936,25520
2015-04,39052100,醋酸乙烯共聚合物水性分散液,美國,進口總值(含復進口),35.584,18000
2015-04,39052100,醋酸乙烯共聚合物水性分散液,美國,出口總值(含復出口),19.744,18000
2015-04,39052100,醋酸乙烯共聚合物水性分散液,香港,出口總值(含復出口),22.624,20000
2015-04,39052100,醋酸乙烯共聚合物水性分散液,哥斯大黎加,出口總值(含復出口),21.44,20020
2015-04,39052100,醋酸乙烯共聚合物水性分散液,埃及,出口總值(含復出口),88,70400
2015-04,39052100,醋酸乙烯共聚合物水性分散液,紐西蘭,出口總值(含復出口),35.264,32980
2015-04,39052100,醋酸乙烯共聚合物水性分散液,荷蘭,進口總值(含復進口),0.192,6
2015-04,39052100,醋酸乙烯共聚合物水性分散液,智利,出口總值(含復出口),19.136,18000
2015-04,39052100,醋酸乙烯共聚合物水性分散液,越南,出口總值(含復出口),140.256,133800
2015-04,39052100,醋酸乙烯共聚合物水性分散液,新加坡,出口總值(含復出口),39.456,35200
2015-04,39052100,醋酸乙烯共聚合物水性分散液,德國,進口總值(含復進口),25.216,14000
2015-04,39052100,醋酸乙烯共聚合物水性分散液,墨西哥,出口總值(含復出口),26.112,20000
2015-04,39052100,醋酸乙烯共聚合物水性分散液,澳大利亞,出口總值(含復出口),109.152,99700
2015-05,29161410,甲基丙烯酸甲酯,中國大陸,進口總值(含復進口),137.86692,70440
2015-05,29161410,甲基丙烯酸甲酯,中國大陸,出口總值(含復出口),9179.87606,5300976
2015-05,29161410,甲基丙烯酸甲酯,日本,進口總值(含復進口),6397.09719,3488900
2015-05,29161410,甲基丙烯酸甲酯,伊朗,出口總值(含復出口),68.78669,30400
2015-05,29161410,甲基丙烯酸甲酯,印尼,出口總值(含復出口),29.41943,15200
2015-05,29161410,甲基丙烯酸甲酯,孟加拉,出口總值(含復出口),28.79973,15200
2015-05,29161410,甲基丙烯酸甲酯,南韓,出口總值(含復出口),1680.46314,900354
2015-05,29161410,甲基丙烯酸甲酯,美國,進口總值(含復進口),984.47488,489178
2015-05,29161410,甲基丙烯酸甲酯,英國,進口總值(含復進口),0.09784,5
2015-05,29161410,甲基丙烯酸甲酯,香港,出口總值(含復出口),127.88649,84500
2015-05,29161410,甲基丙烯酸甲酯,泰國,出口總值(含復出口),827.65818,485300
2015-05,29161410,甲基丙烯酸甲酯,馬來西亞,出口總值(含復出口),34.08349,16600
2015-05,29161410,甲基丙烯酸甲酯,菲律賓,出口總值(含復出口),598.04305,339140
2015-05,29161410,甲基丙烯酸甲酯,越南,出口總值(含復出口),2910.07827,1577600
2015-05,29161410,甲基丙烯酸甲酯,德國,進口總值(含復進口),1844.74885,999951
2015-05,29173300,鄰苯二甲酸二壬酯或二癸酯,中國大陸,出口總值(含復出口),669.21069,551000
2015-05,29173300,鄰苯二甲酸二壬酯或二癸酯,日本,出口總值(含復出口),120.51532,94000
2015-05,29173300,鄰苯二甲酸二壬酯或二癸酯,以色列,出口總值(含復出口),22.66797,16000
2015-05,29173300,鄰苯二甲酸二壬酯或二癸酯,印尼,出口總值(含復出口),3.68558,2000
2015-05,29173300,鄰苯二甲酸二壬酯或二癸酯,阿拉伯聯合大公國,出口總值(含復出口),67.64514,60000
2015-05,29173300,鄰苯二甲酸二壬酯或二癸酯,阿根廷,出口總值(含復出口),25.60339,20000
2015-05,29173300,鄰苯二甲酸二壬酯或二癸酯,阿曼,出口總值(含復出口),140.0848,120000
2015-05,29173300,鄰苯二甲酸二壬酯或二癸酯,南韓,出口總值(含復出口),391.06327,315000
2015-05,29173300,鄰苯二甲酸二壬酯或二癸酯,美國,進口總值(含復進口),0.16307,0
2015-05,29173300,鄰苯二甲酸二壬酯或二癸酯,英國,出口總值(含復出口),27.29941,23000
2015-05,29173300,鄰苯二甲酸二壬酯或二癸酯,泰國,出口總值(含復出口),189.13894,160000
2015-05,29173300,鄰苯二甲酸二壬酯或二癸酯,馬來西亞,出口總值(含復出口),130.10437,106000
2015-05,29173300,鄰苯二甲酸二壬酯或二癸酯,菲律賓,出口總值(含復出口),139.56294,112000
2015-05,29173300,鄰苯二甲酸二壬酯或二癸酯,越南,出口總值(含復出口),383.98564,292000
2015-05,29173300,鄰苯二甲酸二壬酯或二癸酯,墨西哥,出口總值(含復出口),160.17612,127000
2015-05,29321100,四氫?喃,中國大陸,出口總值(含復出口),553.42465,259200
2015-05,29321100,四氫?喃,日本,出口總值(含復出口),786.20352,397000
2015-05,29321100,四氫?喃,比利時,出口總值(含復出口),204.95759,99010
2015-05,29321100,四氫?喃,印度,出口總值(含復出口),1939.39986,1002720
2015-05,29321100,四氫?喃,南韓,進口總值(含復進口),1.59817,213
2015-05,29321100,四氫?喃,南韓,出口總值(含復出口),3697.19504,2130000
2015-05,29321100,四氫?喃,美國,進口總值(含復進口),37.37769,3292
2015-05,29321100,四氫?喃,美國,出口總值(含復出口),122.50489,54210
2015-05,29321100,四氫?喃,英國,進口總值(含復進口),0.03261,0
2015-05,29321100,四氫?喃,英國,出口總值(含復出口),32.61578,14400
2015-05,29321100,四氫?喃,哥倫比亞,出口總值(含復出口),97.81474,57600
2015-05,29321100,四氫?喃,泰國,出口總值(含復出口),33.2681,14400
2015-05,29321100,四氫?喃,荷蘭,出口總值(含復出口),131.31115,57600
2015-05,29321100,四氫?喃,德國,進口總值(含復進口),51.56555,3421
2015-05,29321100,四氫?喃,德國,出口總值(含復出口),32.51793,14400
2015-05,29321100,四氫?喃,墨西哥,出口總值(含復出口),132.61578,57600
2015-05,39032000,苯乙烯－丙烯?共聚合物，初級狀態,中國大陸,進口總值(含復進口),0.19569,50
2015-05,39032000,苯乙烯－丙烯?共聚合物，初級狀態,中國大陸,出口總值(含復出口),8187.05152,5015040
2015-05,39032000,苯乙烯－丙烯?共聚合物，初級狀態,中華民國,進口總值(含復進口),3.62035,6034
2015-05,39032000,苯乙烯－丙烯?共聚合物，初級狀態,厄瓜多,出口總值(含復出口),7.82778,4500
2015-05,39032000,苯乙烯－丙烯?共聚合物，初級狀態,巴西,出口總值(含復出口),94.39008,56000
2015-05,39032000,苯乙烯－丙烯?共聚合物，初級狀態,巴基斯坦,出口總值(含復出口),162.49184,94000
2015-05,39032000,苯乙烯－丙烯?共聚合物，初級狀態,日本,進口總值(含復進口),329.9739,137265
2015-05,39032000,苯乙烯－丙烯?共聚合物，初級狀態,日本,出口總值(含復出口),112.0026,63000
2015-05,39032000,苯乙烯－丙烯?共聚合物，初級狀態,比利時,進口總值(含復進口),6.03392,9990
2015-05,39032000,苯乙烯－丙烯?共聚合物，初級狀態,以色列,出口總值(含復出口),34.44227,20000
2015-05,39032000,苯乙烯－丙烯?共聚合物，初級狀態,加拿大,出口總值(含復出口),26.12524,16000
2015-05,39032000,苯乙烯－丙烯?共聚合物，初級狀態,印尼,出口總值(含復出口),623.12459,353400
2015-05,39032000,苯乙烯－丙烯?共聚合物，初級狀態,西班牙,出口總值(含復出口),11.80691,7000
2015-05,39032000,苯乙烯－丙烯?共聚合物，初級狀態,孟加拉,出口總值(含復出口),77.6908,45000
2015-05,39032000,苯乙烯－丙烯?共聚合物，初級狀態,波蘭,出口總值(含復出口),3.39204,2000
2015-05,39032000,苯乙烯－丙烯?共聚合物，初級狀態,法國,出口總值(含復出口),4.56621,2000
2015-05,39032000,苯乙烯－丙烯?共聚合物，初級狀態,阿拉伯聯合大公國,出口總值(含復出口),30.39791,18000
2015-05,39032000,苯乙烯－丙烯?共聚合物，初級狀態,阿根廷,出口總值(含復出口),118.52576,68000
2015-05,39032000,苯乙烯－丙烯?共聚合物，初級狀態,南非,出口總值(含復出口),14.22048,8000
2015-05,39032000,苯乙烯－丙烯?共聚合物，初級狀態,美國,進口總值(含復進口),1.63078,69
2015-05,39032000,苯乙烯－丙烯?共聚合物，初級狀態,英國,出口總值(含復出口),25.76647,15000
2015-05,39032000,苯乙烯－丙烯?共聚合物，初級狀態,香港,出口總值(含復出口),1172.1135,663175
2015-05,39032000,苯乙烯－丙烯?共聚合物，初級狀態,哥倫比亞,出口總值(含復出口),16.43835,10000
2015-05,39032000,苯乙烯－丙烯?共聚合物，初級狀態,埃及,出口總值(含復出口),64.64448,32000
2015-05,39032000,苯乙烯－丙烯?共聚合物，初級狀態,泰國,出口總值(含復出口),283.03979,162000
2015-05,39032000,苯乙烯－丙烯?共聚合物，初級狀態,秘魯,出口總值(含復出口),8.70841,5000
2015-05,39032000,苯乙烯－丙烯?共聚合物，初級狀態,馬來西亞,出口總值(含復出口),242.13959,140000
2015-05,39032000,苯乙烯－丙烯?共聚合物，初級狀態,荷蘭,出口總值(含復出口),63.63339,37000
2015-05,39032000,苯乙烯－丙烯?共聚合物，初級狀態,斯里蘭卡,出口總值(含復出口),50.97847,29000
2015-05,39032000,苯乙烯－丙烯?共聚合物，初級狀態,菲律賓,出口總值(含復出口),64.54664,37500
2015-05,39032000,苯乙烯－丙烯?共聚合物，初級狀態,越南,出口總值(含復出口),451.53294,291000
2015-05,39032000,苯乙烯－丙烯?共聚合物，初級狀態,新加坡,出口總值(含復出口),6.29484,3550
2015-05,39032000,苯乙烯－丙烯?共聚合物，初級狀態,瑞典,出口總值(含復出口),32.4527,18000
2015-05,39032000,苯乙烯－丙烯?共聚合物，初級狀態,義大利,出口總值(含復出口),5.21852,3000
2015-05,39032000,苯乙烯－丙烯?共聚合物，初級狀態,德國,出口總值(含復出口),79.48467,48000
2015-05,39032000,苯乙烯－丙烯?共聚合物，初級狀態,墨西哥,出口總值(含復出口),107.79517,60000
2015-05,39032000,苯乙烯－丙烯?共聚合物，初級狀態,澳大利亞,出口總值(含復出口),8.80626,5000
2015-05,39039010,甲基丙烯酸甲酯－丁二烯－苯乙烯（ＭＢＳ）共聚合物，初級狀態,中國大陸,進口總值(含復進口),0.03261,19
2015-05,39039010,甲基丙烯酸甲酯－丁二烯－苯乙烯（ＭＢＳ）共聚合物，初級狀態,中國大陸,出口總值(含復出口),1711.77429,610401
2015-05,39039010,甲基丙烯酸甲酯－丁二烯－苯乙烯（ＭＢＳ）共聚合物，初級狀態,日本,進口總值(含復進口),360.60013,119211
2015-05,39039010,甲基丙烯酸甲酯－丁二烯－苯乙烯（ＭＢＳ）共聚合物，初級狀態,日本,出口總值(含復出口),21.13502,7000
2015-05,39039010,甲基丙烯酸甲酯－丁二烯－苯乙烯（ＭＢＳ）共聚合物，初級狀態,印尼,進口總值(含復進口),5.44683,1500
2015-05,39039010,甲基丙烯酸甲酯－丁二烯－苯乙烯（ＭＢＳ）共聚合物，初級狀態,印尼,出口總值(含復出口),80.46314,35200
2015-05,39039010,甲基丙烯酸甲酯－丁二烯－苯乙烯（ＭＢＳ）共聚合物，初級狀態,阿拉伯聯合大公國,出口總值(含復出口),12.13307,5000
2015-05,39039010,甲基丙烯酸甲酯－丁二烯－苯乙烯（ＭＢＳ）共聚合物，初級狀態,南韓,出口總值(含復出口),56.16438,21400
2015-05,39039010,甲基丙烯酸甲酯－丁二烯－苯乙烯（ＭＢＳ）共聚合物，初級狀態,英國,進口總值(含復進口),68.88454,11250
2015-05,39039010,甲基丙烯酸甲酯－丁二烯－苯乙烯（ＭＢＳ）共聚合物，初級狀態,英國,出口總值(含復出口),45.40117,18250
2015-05,39039010,甲基丙烯酸甲酯－丁二烯－苯乙烯（ＭＢＳ）共聚合物，初級狀態,香港,出口總值(含復出口),107.17547,31000
2015-05,39039010,甲基丙烯酸甲酯－丁二烯－苯乙烯（ＭＢＳ）共聚合物，初級狀態,泰國,出口總值(含復出口),107.30593,45200
2015-05,39039010,甲基丙烯酸甲酯－丁二烯－苯乙烯（ＭＢＳ）共聚合物，初級狀態,紐西蘭,出口總值(含復出口),3.5225,1000
2015-05,39039010,甲基丙烯酸甲酯－丁二烯－苯乙烯（ＭＢＳ）共聚合物，初級狀態,馬來西亞,進口總值(含復進口),73.05936,29600
2015-05,39039010,甲基丙烯酸甲酯－丁二烯－苯乙烯（ＭＢＳ）共聚合物，初級狀態,馬來西亞,出口總值(含復出口),172.21135,54000
2015-05,39039010,甲基丙烯酸甲酯－丁二烯－苯乙烯（ＭＢＳ）共聚合物，初級狀態,荷蘭,出口總值(含復出口),25.60339,10000
2015-05,39039010,甲基丙烯酸甲酯－丁二烯－苯乙烯（ＭＢＳ）共聚合物，初級狀態,菲律賓,出口總值(含復出口),49.96738,20000
2015-05,39039010,甲基丙烯酸甲酯－丁二烯－苯乙烯（ＭＢＳ）共聚合物，初級狀態,越南,出口總值(含復出口),39.59556,14000
2015-05,39039010,甲基丙烯酸甲酯－丁二烯－苯乙烯（ＭＢＳ）共聚合物，初級狀態,新加坡,進口總值(含復進口),3005.70776,1531200
2015-05,39039010,甲基丙烯酸甲酯－丁二烯－苯乙烯（ＭＢＳ）共聚合物，初級狀態,新加坡,出口總值(含復出口),8.38225,3000
2015-05,39039010,甲基丙烯酸甲酯－丁二烯－苯乙烯（ＭＢＳ）共聚合物，初級狀態,義大利,出口總值(含復出口),152.18525,64000
2015-05,39039010,甲基丙烯酸甲酯－丁二烯－苯乙烯（ＭＢＳ）共聚合物，初級狀態,澳大利亞,出口總值(含復出口),56.97977,21000
2015-05,39052100,醋酸乙烯共聚合物水性分散液,中國大陸,進口總值(含復進口),103.78343,55520
2015-05,39052100,醋酸乙烯共聚合物水性分散液,中國大陸,出口總值(含復出口),4488.2257,4379280
2015-05,39052100,醋酸乙烯共聚合物水性分散液,巴西,出口總值(含復出口),20.6784,19950
2015-05,39052100,醋酸乙烯共聚合物水性分散液,巴基斯坦,出口總值(含復出口),230.10437,216000
2015-05,39052100,醋酸乙烯共聚合物水性分散液,日本,進口總值(含復進口),5.41422,570
2015-05,39052100,醋酸乙烯共聚合物水性分散液,日本,出口總值(含復出口),14.51402,16000
2015-05,39052100,醋酸乙烯共聚合物水性分散液,阿拉伯聯合大公國,出口總值(含復出口),41.78082,37390
2015-05,39052100,醋酸乙烯共聚合物水性分散液,阿根廷,出口總值(含復出口),193.47684,176000
2015-05,39052100,醋酸乙烯共聚合物水性分散液,俄羅斯,出口總值(含復出口),20.74363,20000
2015-05,39052100,醋酸乙烯共聚合物水性分散液,南韓,進口總值(含復進口),17.05805,15600
2015-05,39052100,醋酸乙烯共聚合物水性分散液,南韓,出口總值(含復出口),8.70841,8800
2015-05,39052100,醋酸乙烯共聚合物水性分散液,美國,進口總值(含復進口),24.42922,16625
2015-05,39052100,醋酸乙烯共聚合物水性分散液,美國,出口總值(含復出口),40.5088,37830
2015-05,39052100,醋酸乙烯共聚合物水性分散液,香港,出口總值(含復出口),18.55838,18000
2015-05,39052100,醋酸乙烯共聚合物水性分散液,哥倫比亞,出口總值(含復出口),20.0587,17600
2015-05,39052100,醋酸乙烯共聚合物水性分散液,哥斯大黎加,出口總值(含復出口),20.45009,19870
2015-05,39052100,醋酸乙烯共聚合物水性分散液,紐西蘭,出口總值(含復出口),43.21591,41990
2015-05,39052100,醋酸乙烯共聚合物水性分散液,馬來西亞,出口總值(含復出口),67.02544,28900
2015-05,39052100,醋酸乙烯共聚合物水性分散液,越南,出口總值(含復出口),53.78343,51600
2015-05,39052100,醋酸乙烯共聚合物水性分散液,新加坡,出口總值(含復出口),84.18134,70400
2015-05,39052100,醋酸乙烯共聚合物水性分散液,墨西哥,出口總值(含復出口),94.4227,94470
2015-05,39052100,醋酸乙烯共聚合物水性分散液,澳大利亞,出口總值(含復出口),152.77234,141250
2015-06,29161410,甲基丙烯酸甲酯,中國大陸,進口總值(含復進口),142.47643,65540
2015-06,29161410,甲基丙烯酸甲酯,中國大陸,出口總值(含復出口),4299.935,2708091
2015-06,29161410,甲基丙烯酸甲酯,日本,進口總值(含復進口),6257.10107,3587727
2015-06,29161410,甲基丙烯酸甲酯,印度,出口總值(含復出口),132.33669,76000
2015-06,29161410,甲基丙烯酸甲酯,孟加拉,出口總值(含復出口),27.6893,15200
2015-06,29161410,甲基丙烯酸甲酯,南韓,出口總值(含復出口),1776.17809,1001347
2015-06,29161410,甲基丙烯酸甲酯,美國,進口總值(含復進口),296.88007,164002
2015-06,29161410,甲基丙烯酸甲酯,英國,進口總值(含復進口),0.45498,26
2015-06,29161410,甲基丙烯酸甲酯,香港,出口總值(含復出口),63.6334,41250
2015-06,29161410,甲基丙烯酸甲酯,埃及,出口總值(含復出口),56.28859,30400
2015-06,29161410,甲基丙烯酸甲酯,泰國,出口總值(含復出口),700.90997,416820
2015-06,29161410,甲基丙烯酸甲酯,秘魯,出口總值(含復出口),27.9493,15200
2015-06,29161410,甲基丙烯酸甲酯,馬來西亞,出口總值(含復出口),35.39161,17200
2015-06,29161410,甲基丙烯酸甲酯,菲律賓,出口總值(含復出口),338.93402,201180
2015-06,29161410,甲基丙烯酸甲酯,越南,出口總值(含復出口),2411.53721,1359159
2015-06,29161410,甲基丙烯酸甲酯,新加坡,進口總值(含復進口),3865.55086,2098042
2015-06,29161410,甲基丙烯酸甲酯,德國,進口總值(含復進口),1789.01527,1000246
2015-06,29161410,甲基丙烯酸甲酯,澳大利亞,出口總值(含復出口),25.08937,15200
2015-06,29173300,鄰苯二甲酸二壬酯或二癸酯,日本,出口總值(含復出口),108.44978,82000
2015-06,29173300,鄰苯二甲酸二壬酯或二癸酯,以色列,出口總值(含復出口),50.08124,40000
2015-06,29173300,鄰苯二甲酸二壬酯或二癸酯,印尼,出口總值(含復出口),28.56678,23000
2015-06,29173300,鄰苯二甲酸二壬酯或二癸酯,阿拉伯聯合大公國,出口總值(含復出口),72.47318,60000
2015-06,29173300,鄰苯二甲酸二壬酯或二癸酯,阿根廷,出口總值(含復出口),78.09554,62000
2015-06,29173300,鄰苯二甲酸二壬酯或二癸酯,阿曼,出口總值(含復出口),257.58856,219000
2015-06,29173300,鄰苯二甲酸二壬酯或二癸酯,南韓,出口總值(含復出口),415.37211,336000
2015-06,29173300,鄰苯二甲酸二壬酯或二癸酯,美國,出口總值(含復出口),24.40688,20000
2015-06,29173300,鄰苯二甲酸二壬酯或二癸酯,泰國,出口總值(含復出口),240.49398,200000
2015-06,29173300,鄰苯二甲酸二壬酯或二癸酯,烏克蘭,出口總值(含復出口),48.06629,40000
2015-06,29173300,鄰苯二甲酸二壬酯或二癸酯,馬來西亞,出口總值(含復出口),215.07962,180000
2015-06,29173300,鄰苯二甲酸二壬酯或二癸酯,菲律賓,出口總值(含復出口),568.05329,440000
2015-06,29173300,鄰苯二甲酸二壬酯或二癸酯,越南,出口總值(含復出口),223.07442,175000
2015-06,29173300,鄰苯二甲酸二壬酯或二癸酯,瑞士,進口總值(含復進口),0.16249,0
2015-06,29173300,鄰苯二甲酸二壬酯或二癸酯,德國,進口總值(含復進口),0.06498,0
2015-06,29173300,鄰苯二甲酸二壬酯或二癸酯,墨西哥,出口總值(含復出口),236.95157,190000
2015-06,29321100,四氫?喃,中國大陸,出口總值(含復出口),630.15924,302400
2015-06,29321100,四氫?喃,日本,出口總值(含復出口),338.05654,175510
2015-06,29321100,四氫?喃,比利時,出口總值(含復出口),209.35976,100060
2015-06,29321100,四氫?喃,印度,出口總值(含復出口),1102.24244,572150
2015-06,29321100,四氫?喃,多明尼加,出口總值(含復出口),32.01169,14400
2015-06,29321100,四氫?喃,西班牙,進口總值(含復進口),0.25999,4
2015-06,29321100,四氫?喃,法國,出口總值(含復出口),42.31394,20030
2015-06,29321100,四氫?喃,肯亞,出口總值(含復出口),36.49658,14400
2015-06,29321100,四氫?喃,南韓,進口總值(含復進口),6.33734,779
2015-06,29321100,四氫?喃,南韓,出口總值(含復出口),2451.44621,1420000
2015-06,29321100,四氫?喃,美國,進口總值(含復進口),32.72668,2467
2015-06,29321100,四氫?喃,美國,出口總值(含復出口),72.99317,34290
2015-06,29321100,四氫?喃,英國,進口總值(含復進口),0.29249,3
2015-06,29321100,四氫?喃,哥倫比亞,出口總值(含復出口),97.62755,57600
2015-06,29321100,四氫?喃,泰國,出口總值(含復出口),71.6932,28800
2015-06,29321100,四氫?喃,德國,進口總值(含復進口),2.37244,169
2015-06,39032000,苯乙烯－丙烯?共聚合物，初級狀態,中國大陸,進口總值(含復進口),46.79883,20000
2015-06,39032000,苯乙烯－丙烯?共聚合物，初級狀態,中國大陸,出口總值(含復出口),11457.39356,7218615
2015-06,39032000,苯乙烯－丙烯?共聚合物，初級狀態,巴西,出口總值(含復出口),91.32271,54000
2015-06,39032000,苯乙烯－丙烯?共聚合物，初級狀態,巴基斯坦,出口總值(含復出口),82.09294,49000
2015-06,39032000,苯乙烯－丙烯?共聚合物，初級狀態,日本,進口總值(含復進口),353.07117,157020
2015-06,39032000,苯乙烯－丙烯?共聚合物，初級狀態,日本,出口總值(含復出口),91.38771,61000
2015-06,39032000,苯乙烯－丙烯?共聚合物，初級狀態,比利時,出口總值(含復出口),44.88137,18000
2015-06,39032000,苯乙烯－丙烯?共聚合物，初級狀態,以色列,出口總值(含復出口),61.45596,36000
2015-06,39032000,苯乙烯－丙烯?共聚合物，初級狀態,印尼,出口總值(含復出口),595.8401,337075
2015-06,39032000,苯乙烯－丙烯?共聚合物，初級狀態,印度,出口總值(含復出口),0.09749,50
2015-06,39032000,苯乙烯－丙烯?共聚合物，初級狀態,西班牙,出口總值(含復出口),21.77445,13000
2015-06,39032000,苯乙烯－丙烯?共聚合物，初級狀態,孟加拉,出口總值(含復出口),109.84725,63160
2015-06,39032000,苯乙烯－丙烯?共聚合物，初級狀態,波蘭,出口總值(含復出口),6.88982,4000
2015-06,39032000,苯乙烯－丙烯?共聚合物，初級狀態,法國,出口總值(含復出口),5.00487,3000
2015-06,39032000,苯乙烯－丙烯?共聚合物，初級狀態,阿根廷,出口總值(含復出口),83.32791,49100
2015-06,39032000,苯乙烯－丙烯?共聚合物，初級狀態,南非,出口總值(含復出口),14.72213,9000
2015-06,39032000,苯乙烯－丙烯?共聚合物，初級狀態,南韓,進口總值(含復進口),29.47676,18000
2015-06,39032000,苯乙烯－丙烯?共聚合物，初級狀態,突尼西亞,出口總值(含復出口),29.76925,18000
2015-06,39032000,苯乙烯－丙烯?共聚合物，初級狀態,約旦,出口總值(含復出口),63.04842,35000
2015-06,39032000,苯乙烯－丙烯?共聚合物，初級狀態,美國,出口總值(含復出口),183.58791,108000
2015-06,39032000,苯乙烯－丙烯?共聚合物，初級狀態,英國,進口總值(含復進口),14.46213,1375
2015-06,39032000,苯乙烯－丙烯?共聚合物，初級狀態,英國,出口總值(含復出口),25.99935,16000
2015-06,39032000,苯乙烯－丙烯?共聚合物，初級狀態,香港,出口總值(含復出口),1035.94409,622375
2015-06,39032000,苯乙烯－丙烯?共聚合物，初級狀態,哥倫比亞,出口總值(含復出口),29.93175,18000
2015-06,39032000,苯乙烯－丙烯?共聚合物，初級狀態,埃及,出口總值(含復出口),262.39844,148000
2015-06,39032000,苯乙烯－丙烯?共聚合物，初級狀態,泰國,出口總值(含復出口),350.60123,203000
2015-06,39032000,苯乙烯－丙烯?共聚合物，初級狀態,馬來西亞,出口總值(含復出口),305.13487,183000
2015-06,39032000,苯乙烯－丙烯?共聚合物，初級狀態,荷蘭,出口總值(含復出口),81.44296,50000
2015-06,39032000,苯乙烯－丙烯?共聚合物，初級狀態,斯洛維尼亞,出口總值(含復出口),120.40948,72000
2015-06,39032000,苯乙烯－丙烯?共聚合物，初級狀態,智利,出口總值(含復出口),19.792,12000
2015-06,39032000,苯乙烯－丙烯?共聚合物，初級狀態,菲律賓,出口總值(含復出口),8.51478,5000
2015-06,39032000,苯乙烯－丙烯?共聚合物，初級狀態,越南,出口總值(含復出口),197.20506,123000
2015-06,39032000,苯乙烯－丙烯?共聚合物，初級狀態,愛沙尼亞,出口總值(含復出口),127.23431,72000
2015-06,39032000,苯乙烯－丙烯?共聚合物，初級狀態,瑞典,出口總值(含復出口),31.00422,18000
2015-06,39032000,苯乙烯－丙烯?共聚合物，初級狀態,義大利,出口總值(含復出口),27.6893,16000
2015-06,39032000,苯乙烯－丙烯?共聚合物，初級狀態,德國,出口總值(含復出口),54.07864,32000
2015-06,39032000,苯乙烯－丙烯?共聚合物，初級狀態,墨西哥,出口總值(含復出口),35.9116,20000
2015-06,39032000,苯乙烯－丙烯?共聚合物，初級狀態,澳大利亞,出口總值(含復出口),1.75495,1000
2015-06,39039010,甲基丙烯酸甲酯－丁二烯－苯乙烯（ＭＢＳ）共聚合物，初級狀態,土耳其,出口總值(含復出口),4.97237,2000
2015-06,39039010,甲基丙烯酸甲酯－丁二烯－苯乙烯（ＭＢＳ）共聚合物，初級狀態,中國大陸,進口總值(含復進口),0.03249,20
2015-06,39039010,甲基丙烯酸甲酯－丁二烯－苯乙烯（ＭＢＳ）共聚合物，初級狀態,中國大陸,出口總值(含復出口),728.85927,298250
2015-06,39039010,甲基丙烯酸甲酯－丁二烯－苯乙烯（ＭＢＳ）共聚合物，初級狀態,中華民國,進口總值(含復進口),7.6048,2125
2015-06,39039010,甲基丙烯酸甲酯－丁二烯－苯乙烯（ＭＢＳ）共聚合物，初級狀態,日本,進口總值(含復進口),221.96945,76751
2015-06,39039010,甲基丙烯酸甲酯－丁二烯－苯乙烯（ＭＢＳ）共聚合物，初級狀態,日本,出口總值(含復出口),67.50081,26600
2015-06,39039010,甲基丙烯酸甲酯－丁二烯－苯乙烯（ＭＢＳ）共聚合物，初級狀態,比利時,出口總值(含復出口),253.20116,110000
2015-06,39039010,甲基丙烯酸甲酯－丁二烯－苯乙烯（ＭＢＳ）共聚合物，初級狀態,印尼,進口總值(含復進口),5.42736,1500
2015-06,39039010,甲基丙烯酸甲酯－丁二烯－苯乙烯（ＭＢＳ）共聚合物，初級狀態,孟加拉,出口總值(含復出口),14.75463,6000
2015-06,39039010,甲基丙烯酸甲酯－丁二烯－苯乙烯（ＭＢＳ）共聚合物，初級狀態,肯亞,出口總值(含復出口),13.38966,5520
2015-06,39039010,甲基丙烯酸甲酯－丁二烯－苯乙烯（ＭＢＳ）共聚合物，初級狀態,南韓,進口總值(含復進口),200.48748,82000
2015-06,39039010,甲基丙烯酸甲酯－丁二烯－苯乙烯（ＭＢＳ）共聚合物，初級狀態,南韓,出口總值(含復出口),18.68703,8000
2015-06,39039010,甲基丙烯酸甲酯－丁二烯－苯乙烯（ＭＢＳ）共聚合物，初級狀態,英國,出口總值(含復出口),5.62235,2250
2015-06,39039010,甲基丙烯酸甲酯－丁二烯－苯乙烯（ＭＢＳ）共聚合物，初級狀態,香港,出口總值(含復出口),91.32271,25975
2015-06,39039010,甲基丙烯酸甲酯－丁二烯－苯乙烯（ＭＢＳ）共聚合物，初級狀態,馬來西亞,進口總值(含復進口),48.91127,19220
2015-06,39039010,甲基丙烯酸甲酯－丁二烯－苯乙烯（ＭＢＳ）共聚合物，初級狀態,馬來西亞,出口總值(含復出口),97.33506,36000
2015-06,39039010,甲基丙烯酸甲酯－丁二烯－苯乙烯（ＭＢＳ）共聚合物，初級狀態,荷蘭,出口總值(含復出口),12.44718,5000
2015-06,39039010,甲基丙烯酸甲酯－丁二烯－苯乙烯（ＭＢＳ）共聚合物，初級狀態,菲律賓,出口總值(含復出口),50.43873,20000
2015-06,39039010,甲基丙烯酸甲酯－丁二烯－苯乙烯（ＭＢＳ）共聚合物，初級狀態,越南,出口總值(含復出口),50.11373,19988
2015-06,39039010,甲基丙烯酸甲酯－丁二烯－苯乙烯（ＭＢＳ）共聚合物，初級狀態,新加坡,進口總值(含復進口),72.44068,19200
2015-06,39039010,甲基丙烯酸甲酯－丁二烯－苯乙烯（ＭＢＳ）共聚合物，初級狀態,澳大利亞,出口總值(含復出口),5.52486,2000
2015-06,39052100,醋酸乙烯共聚合物水性分散液,中國大陸,進口總值(含復進口),183.8154,112480
2015-06,39052100,醋酸乙烯共聚合物水性分散液,中國大陸,出口總值(含復出口),4448.52128,4342990
2015-06,39052100,醋酸乙烯共聚合物水性分散液,巴西,出口總值(含復出口),20.21449,19590
2015-06,39052100,醋酸乙烯共聚合物水性分散液,巴基斯坦,出口總值(含復出口),238.77153,234000
2015-06,39052100,醋酸乙烯共聚合物水性分散液,日本,進口總值(含復進口),8.51478,1082
2015-06,39052100,醋酸乙烯共聚合物水性分散液,瓜地馬拉,出口總值(含復出口),17.71205,17600
2015-06,39052100,醋酸乙烯共聚合物水性分散液,印尼,出口總值(含復出口),12.28469,8800
2015-06,39052100,醋酸乙烯共聚合物水性分散液,印度,出口總值(含復出口),22.71693,17600
2015-06,39052100,醋酸乙烯共聚合物水性分散液,孟加拉,出口總值(含復出口),19.987,15600
2015-06,39052100,醋酸乙烯共聚合物水性分散液,阿根廷,出口總值(含復出口),78.06304,72600
2015-06,39052100,醋酸乙烯共聚合物水性分散液,阿爾及利亞,出口總值(含復出口),19.33701,18000
2015-06,39052100,醋酸乙烯共聚合物水性分散液,俄羅斯,出口總值(含復出口),20.18199,20000
2015-06,39052100,醋酸乙烯共聚合物水性分散液,南韓,進口總值(含復進口),23.8544,19800
2015-06,39052100,醋酸乙烯共聚合物水性分散液,南韓,出口總值(含復出口),4.28989,4400
2015-06,39052100,醋酸乙烯共聚合物水性分散液,美國,出口總值(含復出口),19.7595,18000
2015-06,39052100,醋酸乙烯共聚合物水性分散液,哥倫比亞,出口總值(含復出口),5.13487,4400
2015-06,39052100,醋酸乙烯共聚合物水性分散液,埃及,出口總值(含復出口),46.99382,34400
2015-06,39052100,醋酸乙烯共聚合物水性分散液,烏克蘭,出口總值(含復出口),20.40948,20000
2015-06,39052100,醋酸乙烯共聚合物水性分散液,紐西蘭,出口總值(含復出口),77.60805,78520
2015-06,39052100,醋酸乙烯共聚合物水性分散液,馬來西亞,出口總值(含復出口),28.95677,14220
2015-06,39052100,醋酸乙烯共聚合物水性分散液,智利,出口總值(含復出口),21.87195,17600
2015-06,39052100,醋酸乙烯共聚合物水性分散液,越南,出口總值(含復出口),123.8219,118600
2015-06,39052100,醋酸乙烯共聚合物水性分散液,新加坡,出口總值(含復出口),57.49106,52800
2015-06,39052100,醋酸乙烯共聚合物水性分散液,德國,進口總值(含復進口),1.91745,125
2015-06,39052100,醋酸乙烯共聚合物水性分散液,墨西哥,出口總值(含復出口),39.714,39670
2015-06,39052100,醋酸乙烯共聚合物水性分散液,澳大利亞,出口總值(含復出口),131.55671,129010
2015-07,29161410,甲基丙烯酸甲酯,中國大陸,進口總值(含復進口),37.33031,20000
2015-07,29161410,甲基丙烯酸甲酯,中國大陸,出口總值(含復出口),7342.30769,4899607
2015-07,29161410,甲基丙烯酸甲酯,日本,進口總值(含復進口),2613.83322,1549137
2015-07,29161410,甲基丙烯酸甲酯,印尼,出口總值(含復出口),310.37491,197810
2015-07,29161410,甲基丙烯酸甲酯,印度,出口總值(含復出口),58.33872,35020
2015-07,29161410,甲基丙烯酸甲酯,阿拉伯聯合大公國,出口總值(含復出口),24.91919,15200
2015-07,29161410,甲基丙烯酸甲酯,南韓,進口總值(含復進口),0.06464,1
2015-07,29161410,甲基丙烯酸甲酯,南韓,出口總值(含復出口),1651.90691,945012
2015-07,29161410,甲基丙烯酸甲酯,美國,進口總值(含復進口),2416.25727,1417038
2015-07,29161410,甲基丙烯酸甲酯,英國,進口總值(含復進口),0.3232,18
2015-07,29161410,甲基丙烯酸甲酯,香港,出口總值(含復出口),93.27731,63870
2015-07,29161410,甲基丙烯酸甲酯,泰國,進口總值(含復進口),1741.62895,1030075
2015-07,29161410,甲基丙烯酸甲酯,泰國,出口總值(含復出口),727.56948,471030
2015-07,29161410,甲基丙烯酸甲酯,馬來西亞,出口總值(含復出口),25.63025,15200
2015-07,29161410,甲基丙烯酸甲酯,荷蘭,進口總值(含復進口),0.64641,80
2015-07,29161410,甲基丙烯酸甲酯,菲律賓,出口總值(含復出口),281.64188,181080
2015-07,29161410,甲基丙烯酸甲酯,越南,出口總值(含復出口),2855.36522,1687660
2015-07,29161410,甲基丙烯酸甲酯,新加坡,進口總值(含復進口),5529.08855,3081681
2015-07,29161410,甲基丙烯酸甲酯,德國,進口總值(含復進口),2.1978,1
2015-07,29161410,甲基丙烯酸甲酯,澳大利亞,出口總值(含復出口),26.40594,15200
2015-07,29173300,鄰苯二甲酸二壬酯或二癸酯,中國大陸,出口總值(含復出口),24.40206,20000
2015-07,29173300,鄰苯二甲酸二壬酯或二癸酯,日本,出口總值(含復出口),92.56625,76000
2015-07,29173300,鄰苯二甲酸二壬酯或二癸酯,以色列,出口總值(含復出口),47.60827,37000
2015-07,29173300,鄰苯二甲酸二壬酯或二癸酯,印尼,出口總值(含復出口),27.4402,23000
2015-07,29173300,鄰苯二甲酸二壬酯或二癸酯,阿拉伯聯合大公國,出口總值(含復出口),73.30316,60000
2015-07,29173300,鄰苯二甲酸二壬酯或二癸酯,阿根廷,出口總值(含復出口),27.2786,21000
2015-07,29173300,鄰苯二甲酸二壬酯或二癸酯,南韓,出口總值(含復出口),138.42921,116000
2015-07,29173300,鄰苯二甲酸二壬酯或二癸酯,美國,出口總值(含復出口),56.69036,48000
2015-07,29173300,鄰苯二甲酸二壬酯或二癸酯,英國,出口總值(含復出口),27.18164,23000
2015-07,29173300,鄰苯二甲酸二壬酯或二癸酯,哥斯大黎加,出口總值(含復出口),71.65481,60000
2015-07,29173300,鄰苯二甲酸二壬酯或二癸酯,泰國,出口總值(含復出口),190.65934,160000
2015-07,29173300,鄰苯二甲酸二壬酯或二癸酯,馬來西亞,出口總值(含復出口),132.70846,115000
2015-07,29173300,鄰苯二甲酸二壬酯或二癸酯,菲律賓,出口總值(含復出口),382.06205,300000
2015-07,29173300,鄰苯二甲酸二壬酯或二癸酯,越南,出口總值(含復出口),297.12346,244000
2015-07,29173300,鄰苯二甲酸二壬酯或二癸酯,墨西哥,出口總值(含復出口),177.66645,143000
2015-07,29321100,四氫?喃,中國大陸,出口總值(含復出口),552.1978,284810
2015-07,29321100,四氫?喃,日本,出口總值(含復出口),579.60568,301500
2015-07,29321100,四氫?喃,以色列,出口總值(含復出口),31.15707,14400
2015-07,29321100,四氫?喃,印度,出口總值(含復出口),1362.57272,741290
2015-07,29321100,四氫?喃,法國,出口總值(含復出口),64.12411,28800
2015-07,29321100,四氫?喃,南韓,進口總值(含復進口),1.06658,142
2015-07,29321100,四氫?喃,南韓,出口總值(含復出口),2599.96767,1460000
2015-07,29321100,四氫?喃,美國,進口總值(含復進口),19.71557,1330
2015-07,29321100,四氫?喃,美國,出口總值(含復出口),29.44408,14040
2015-07,29321100,四氫?喃,英國,進口總值(含復進口),0.03232,0
2015-07,29321100,四氫?喃,哥倫比亞,出口總值(含復出口),48.80413,28800
2015-07,29321100,四氫?喃,泰國,出口總值(含復出口),40.04524,14400
2015-07,29321100,四氫?喃,馬來西亞,進口總值(含復進口),99.54751,43200
2015-07,29321100,四氫?喃,德國,進口總值(含復進口),11.11829,978
2015-07,39032000,苯乙烯－丙烯?共聚合物，初級狀態,土耳其,出口總值(含復出口),97.1881,61000
2015-07,39032000,苯乙烯－丙烯?共聚合物，初級狀態,中國大陸,進口總值(含復進口),13.67162,1432
2015-07,39032000,苯乙烯－丙烯?共聚合物，初級狀態,中國大陸,出口總值(含復出口),8115.22301,5105265
2015-07,39032000,苯乙烯－丙烯?共聚合物，初級狀態,中華民國,進口總值(含復進口),23.33548,39186
2015-07,39032000,苯乙烯－丙烯?共聚合物，初級狀態,厄瓜多,出口總值(含復出口),13.12217,8000
2015-07,39032000,苯乙烯－丙烯?共聚合物，初級狀態,巴基斯坦,出口總值(含復出口),45.1519,28000
2015-07,39032000,苯乙烯－丙烯?共聚合物，初級狀態,日本,進口總值(含復進口),84.09825,44063
2015-07,39032000,苯乙烯－丙烯?共聚合物，初級狀態,日本,出口總值(含復出口),74.40206,44500
2015-07,39032000,苯乙烯－丙烯?共聚合物，初級狀態,比利時,出口總值(含復出口),12.92824,8125
2015-07,39032000,苯乙烯－丙烯?共聚合物，初級狀態,以色列,出口總值(含復出口),4.91273,3000
2015-07,39032000,苯乙烯－丙烯?共聚合物，初級狀態,印尼,出口總值(含復出口),536.5223,305900
2015-07,39032000,苯乙烯－丙烯?共聚合物，初級狀態,印度,出口總值(含復出口),46.76793,30125
2015-07,39032000,苯乙烯－丙烯?共聚合物，初級狀態,孟加拉,出口總值(含復出口),93.56819,56000
2015-07,39032000,苯乙烯－丙烯?共聚合物，初級狀態,波蘭,出口總值(含復出口),3.36134,2000
2015-07,39032000,苯乙烯－丙烯?共聚合物，初級狀態,阿根廷,出口總值(含復出口),75.98577,48000
2015-07,39032000,苯乙烯－丙烯?共聚合物，初級狀態,南非,出口總值(含復出口),11.44149,7000
2015-07,39032000,苯乙烯－丙烯?共聚合物，初級狀態,南韓,進口總值(含復進口),54.94505,36000
2015-07,39032000,苯乙烯－丙烯?共聚合物，初級狀態,美國,出口總值(含復出口),63.76858,39200
2015-07,39032000,苯乙烯－丙烯?共聚合物，初級狀態,英國,出口總值(含復出口),18.0349,11000
2015-07,39032000,苯乙烯－丙烯?共聚合物，初級狀態,香港,出口總值(含復出口),2207.46606,1322925
2015-07,39032000,苯乙烯－丙烯?共聚合物，初級狀態,哥倫比亞,出口總值(含復出口),26.63219,16700
2015-07,39032000,苯乙烯－丙烯?共聚合物，初級狀態,埃及,出口總值(含復出口),69.1338,34500
2015-07,39032000,苯乙烯－丙烯?共聚合物，初級狀態,泰國,出口總值(含復出口),398.38396,243000
2015-07,39032000,苯乙烯－丙烯?共聚合物，初級狀態,紐西蘭,出口總值(含復出口),1.61603,1000
2015-07,39032000,苯乙烯－丙烯?共聚合物，初級狀態,馬來西亞,出口總值(含復出口),203.00581,126000
2015-07,39032000,苯乙烯－丙烯?共聚合物，初級狀態,荷蘭,出口總值(含復出口),77.69877,48000
2015-07,39032000,苯乙烯－丙烯?共聚合物，初級狀態,斯里蘭卡,出口總值(含復出口),41.24111,25000
2015-07,39032000,苯乙烯－丙烯?共聚合物，初級狀態,越南,出口總值(含復出口),113.89786,71000
2015-07,39032000,苯乙烯－丙烯?共聚合物，初級狀態,愛沙尼亞,出口總值(含復出口),121.04072,72000
2015-07,39032000,苯乙烯－丙烯?共聚合物，初級狀態,新加坡,出口總值(含復出口),3.2967,2000
2015-07,39032000,苯乙烯－丙烯?共聚合物，初級狀態,瑞典,出口總值(含復出口),43.47123,27000
2015-07,39032000,苯乙烯－丙烯?共聚合物，初級狀態,義大利,出口總值(含復出口),24.75759,16000
2015-07,39032000,苯乙烯－丙烯?共聚合物，初級狀態,德國,出口總值(含復出口),84.29217,53400
2015-07,39032000,苯乙烯－丙烯?共聚合物，初級狀態,墨西哥,進口總值(含復進口),24.95151,22320
2015-07,39032000,苯乙烯－丙烯?共聚合物，初級狀態,墨西哥,出口總值(含復出口),130.02585,80000
2015-07,39032000,苯乙烯－丙烯?共聚合物，初級狀態,澳大利亞,出口總值(含復出口),5.00969,3000
2015-07,39039010,甲基丙烯酸甲酯－丁二烯－苯乙烯（ＭＢＳ）共聚合物，初級狀態,中國大陸,進口總值(含復進口),6.5934,2634
2015-07,39039010,甲基丙烯酸甲酯－丁二烯－苯乙烯（ＭＢＳ）共聚合物，初級狀態,中國大陸,出口總值(含復出口),1460.60116,487825
2015-07,39039010,甲基丙烯酸甲酯－丁二烯－苯乙烯（ＭＢＳ）共聚合物，初級狀態,日本,進口總值(含復進口),403.55526,153480
2015-07,39039010,甲基丙烯酸甲酯－丁二烯－苯乙烯（ＭＢＳ）共聚合物，初級狀態,日本,出口總值(含復出口),70.74983,27500
2015-07,39039010,甲基丙烯酸甲酯－丁二烯－苯乙烯（ＭＢＳ）共聚合物，初級狀態,比利時,出口總值(含復出口),125.30704,55000
2015-07,39039010,甲基丙烯酸甲酯－丁二烯－苯乙烯（ＭＢＳ）共聚合物，初級狀態,沙烏地阿拉伯,進口總值(含復進口),26.92307,10000
2015-07,39039010,甲基丙烯酸甲酯－丁二烯－苯乙烯（ＭＢＳ）共聚合物，初級狀態,法國,出口總值(含復出口),17.67937,8000
2015-07,39039010,甲基丙烯酸甲酯－丁二烯－苯乙烯（ＭＢＳ）共聚合物，初級狀態,南韓,進口總值(含復進口),49.41822,20000
2015-07,39039010,甲基丙烯酸甲酯－丁二烯－苯乙烯（ＭＢＳ）共聚合物，初級狀態,南韓,出口總值(含復出口),114.99676,41800
2015-07,39039010,甲基丙烯酸甲酯－丁二烯－苯乙烯（ＭＢＳ）共聚合物，初級狀態,英國,出口總值(含復出口),56.04395,23000
2015-07,39039010,甲基丙烯酸甲酯－丁二烯－苯乙烯（ＭＢＳ）共聚合物，初級狀態,香港,出口總值(含復出口),201.68067,63705
2015-07,39039010,甲基丙烯酸甲酯－丁二烯－苯乙烯（ＭＢＳ）共聚合物，初級狀態,泰國,出口總值(含復出口),11.95862,5000
2015-07,39039010,甲基丙烯酸甲酯－丁二烯－苯乙烯（ＭＢＳ）共聚合物，初級狀態,紐西蘭,出口總值(含復出口),23.94957,8000
2015-07,39039010,甲基丙烯酸甲酯－丁二烯－苯乙烯（ＭＢＳ）共聚合物，初級狀態,馬來西亞,進口總值(含復進口),26.01809,9600
2015-07,39039010,甲基丙烯酸甲酯－丁二烯－苯乙烯（ＭＢＳ）共聚合物，初級狀態,馬來西亞,出口總值(含復出口),60.95669,17500
2015-07,39039010,甲基丙烯酸甲酯－丁二烯－苯乙烯（ＭＢＳ）共聚合物，初級狀態,菲律賓,出口總值(含復出口),16.25727,6500
2015-07,39039010,甲基丙烯酸甲酯－丁二烯－苯乙烯（ＭＢＳ）共聚合物，初級狀態,越南,出口總值(含復出口),43.60051,18826
2015-07,39039010,甲基丙烯酸甲酯－丁二烯－苯乙烯（ＭＢＳ）共聚合物，初級狀態,新加坡,進口總值(含復進口),2168.84292,1027200
2015-07,39039010,甲基丙烯酸甲酯－丁二烯－苯乙烯（ＭＢＳ）共聚合物，初級狀態,澳大利亞,出口總值(含復出口),2.77957,1000
2015-07,39052100,醋酸乙烯共聚合物水性分散液,中國大陸,進口總值(含復進口),24.98383,18000
2015-07,39052100,醋酸乙烯共聚合物水性分散液,中國大陸,出口總值(含復出口),4214.77052,4120380
2015-07,39052100,醋酸乙烯共聚合物水性分散液,巴西,出口總值(含復出口),44.24692,43350
2015-07,39052100,醋酸乙烯共聚合物水性分散液,巴基斯坦,出口總值(含復出口),513.86554,486000
2015-07,39052100,醋酸乙烯共聚合物水性分散液,日本,進口總值(含復進口),3.26438,2400
2015-07,39052100,醋酸乙烯共聚合物水性分散液,日本,出口總值(含復出口),32.19133,35490
2015-07,39052100,醋酸乙烯共聚合物水性分散液,瓜地馬拉,出口總值(含復出口),17.64705,19720
2015-07,39052100,醋酸乙烯共聚合物水性分散液,印度,出口總值(含復出口),25.14544,19360
2015-07,39052100,醋酸乙烯共聚合物水性分散液,波多黎各,出口總值(含復出口),20.58823,19880
2015-07,39052100,醋酸乙烯共聚合物水性分散液,阿根廷,出口總值(含復出口),100.90497,94600
2015-07,39052100,醋酸乙烯共聚合物水性分散液,俄羅斯,出口總值(含復出口),43.85908,40000
2015-07,39052100,醋酸乙烯共聚合物水性分散液,南韓,進口總值(含復進口),16.936,15600
2015-07,39052100,醋酸乙烯共聚合物水性分散液,南韓,出口總值(含復出口),21.78409,20680
2015-07,39052100,醋酸乙烯共聚合物水性分散液,美國,進口總值(含復進口),38.81706,28494
2015-07,39052100,醋酸乙烯共聚合物水性分散液,美國,出口總值(含復出口),19.87718,18000
2015-07,39052100,醋酸乙烯共聚合物水性分散液,香港,出口總值(含復出口),41.30575,38000
2015-07,39052100,醋酸乙烯共聚合物水性分散液,哥斯大黎加,出口總值(含復出口),19.61861,17600
2015-07,39052100,醋酸乙烯共聚合物水性分散液,埃及,出口總值(含復出口),64.28571,52800
2015-07,39052100,醋酸乙烯共聚合物水性分散液,紐西蘭,出口總值(含復出口),121.88106,117080
2015-07,39052100,醋酸乙烯共聚合物水性分散液,馬來西亞,出口總值(含復出口),28.31286,14400
2015-07,39052100,醋酸乙烯共聚合物水性分散液,智利,出口總值(含復出口),21.71945,17600
2015-07,39052100,醋酸乙烯共聚合物水性分散液,越南,出口總值(含復出口),229.86425,234980
2015-07,39052100,醋酸乙烯共聚合物水性分散液,新加坡,出口總值(含復出口),57.75694,52800
2015-07,39052100,醋酸乙烯共聚合物水性分散液,墨西哥,出口總值(含復出口),94.27925,94590
2015-07,39052100,醋酸乙烯共聚合物水性分散液,澳大利亞,出口總值(含復出口),92.98642,88280
2015-08,29161410,甲基丙烯酸甲酯,中國大陸,進口總值(含復進口),62.36593,35180
2015-08,29161410,甲基丙烯酸甲酯,中國大陸,出口總值(含復出口),9212.42902,5962765
2015-08,29161410,甲基丙烯酸甲酯,日本,進口總值(含復進口),1742.27129,1047559
2015-08,29161410,甲基丙烯酸甲酯,印尼,出口總值(含復出口),721.82965,462440
2015-08,29161410,甲基丙烯酸甲酯,印度,出口總值(含復出口),52.61829,30400
2015-08,29161410,甲基丙烯酸甲酯,孟加拉,出口總值(含復出口),26.37223,15200
2015-08,29161410,甲基丙烯酸甲酯,南韓,出口總值(含復出口),1521.16719,900521
2015-08,29161410,甲基丙烯酸甲酯,美國,進口總值(含復進口),0.18927,0
2015-08,29161410,甲基丙烯酸甲酯,香港,出口總值(含復出口),129.71608,86445
2015-08,29161410,甲基丙烯酸甲酯,埃及,出口總值(含復出口),25.42586,15200
2015-08,29161410,甲基丙烯酸甲酯,泰國,出口總值(含復出口),688.04416,435170
2015-08,29161410,甲基丙烯酸甲酯,馬來西亞,出口總值(含復出口),34.63722,16600
2015-08,29161410,甲基丙烯酸甲酯,菲律賓,出口總值(含復出口),346.56151,222610
2015-08,29161410,甲基丙烯酸甲酯,越南,出口總值(含復出口),307.76025,189150
2015-08,29161410,甲基丙烯酸甲酯,新加坡,進口總值(含復進口),3617.31861,2098702
2015-08,29161410,甲基丙烯酸甲酯,德國,進口總值(含復進口),75.07886,2007
2015-08,29161410,甲基丙烯酸甲酯,澳大利亞,出口總值(含復出口),24.88958,15200
2015-08,29173300,鄰苯二甲酸二壬酯或二癸酯,中國大陸,出口總值(含復出口),124.98422,110000
2015-08,29173300,鄰苯二甲酸二壬酯或二癸酯,日本,出口總值(含復出口),131.89274,116000
2015-08,29173300,鄰苯二甲酸二壬酯或二癸酯,以色列,出口總值(含復出口),46.71924,40000
2015-08,29173300,鄰苯二甲酸二壬酯或二癸酯,印尼,出口總值(含復出口),38.35962,32000
2015-08,29173300,鄰苯二甲酸二壬酯或二癸酯,沙烏地阿拉伯,出口總值(含復出口),18.99053,16000
2015-08,29173300,鄰苯二甲酸二壬酯或二癸酯,阿拉伯聯合大公國,出口總值(含復出口),21.1041,20000
2015-08,29173300,鄰苯二甲酸二壬酯或二癸酯,阿根廷,出口總值(含復出口),23.3123,20000
2015-08,29173300,鄰苯二甲酸二壬酯或二癸酯,阿曼,出口總值(含復出口),70.41009,59000
2015-08,29173300,鄰苯二甲酸二壬酯或二癸酯,南韓,出口總值(含復出口),279.36908,239000
2015-08,29173300,鄰苯二甲酸二壬酯或二癸酯,美國,進口總值(含復進口),0.06308,0
2015-08,29173300,鄰苯二甲酸二壬酯或二癸酯,美國,出口總值(含復出口),23.47003,20000
2015-08,29173300,鄰苯二甲酸二壬酯或二癸酯,英國,出口總值(含復出口),26.34069,23000
2015-08,29173300,鄰苯二甲酸二壬酯或二癸酯,哥倫比亞,出口總值(含復出口),69.62145,60000
2015-08,29173300,鄰苯二甲酸二壬酯或二癸酯,泰國,出口總值(含復出口),133.97476,118000
2015-08,29173300,鄰苯二甲酸二壬酯或二癸酯,馬來西亞,出口總值(含復出口),93.6593,84000
2015-08,29173300,鄰苯二甲酸二壬酯或二癸酯,菲律賓,出口總值(含復出口),305.58359,263000
2015-08,29173300,鄰苯二甲酸二壬酯或二癸酯,越南,出口總值(含復出口),72.96529,99000
2015-08,29173300,鄰苯二甲酸二壬酯或二癸酯,墨西哥,出口總值(含復出口),314.92113,270000
2015-08,29173300,鄰苯二甲酸二壬酯或二癸酯,澳大利亞,出口總值(含復出口),137.79179,80000
2015-08,29321100,四氫?喃,中國大陸,出口總值(含復出口),80.63091,43200
2015-08,29321100,四氫?喃,日本,進口總值(含復進口),0.66246,35
2015-08,29321100,四氫?喃,日本,出口總值(含復出口),307.63406,161350
2015-08,29321100,四氫?喃,比利時,出口總值(含復出口),120.88328,57600
2015-08,29321100,四氫?喃,印度,出口總值(含復出口),1260.97791,735630
2015-08,29321100,四氫?喃,西班牙,進口總值(含復進口),0.347,5
2015-08,29321100,四氫?喃,孟加拉,出口總值(含復出口),7.76025,2340
2015-08,29321100,四氫?喃,法國,進口總值(含復進口),0.18927,2
2015-08,29321100,四氫?喃,南韓,進口總值(含復進口),1.89274,288
2015-08,29321100,四氫?喃,南韓,出口總值(含復出口),1226.87697,710000
2015-08,29321100,四氫?喃,美國,進口總值(含復進口),12.39747,1014
2015-08,29321100,四氫?喃,英國,進口總值(含復進口),0.41009,5
2015-08,29321100,四氫?喃,哥倫比亞,出口總值(含復出口),48.39116,28800
2015-08,29321100,四氫?喃,泰國,出口總值(含復出口),39.65299,14400
2015-08,29321100,四氫?喃,荷蘭,出口總值(含復出口),62.5552,28800
2015-08,29321100,四氫?喃,義大利,出口總值(含復出口),30.694,14400
2015-08,29321100,四氫?喃,德國,進口總值(含復進口),19.36908,1614
2015-08,39032000,苯乙烯－丙烯?共聚合物，初級狀態,中國大陸,進口總值(含復進口),18.35962,26250
2015-08,39032000,苯乙烯－丙烯?共聚合物，初級狀態,中國大陸,出口總值(含復出口),9204.79495,6306050
2015-08,39032000,苯乙烯－丙烯?共聚合物，初級狀態,中華民國,進口總值(含復進口),82.52365,135304
2015-08,39032000,苯乙烯－丙烯?共聚合物，初級狀態,厄瓜多,出口總值(含復出口),4.66876,3000
2015-08,39032000,苯乙烯－丙烯?共聚合物，初級狀態,巴西,出口總值(含復出口),500.88328,315000
2015-08,39032000,苯乙烯－丙烯?共聚合物，初級狀態,巴基斯坦,出口總值(含復出口),138.4858,89000
2015-08,39032000,苯乙烯－丙烯?共聚合物，初級狀態,日本,進口總值(含復進口),299.52681,128815
2015-08,39032000,苯乙烯－丙烯?共聚合物，初級狀態,日本,出口總值(含復出口),17.0347,10750
2015-08,39032000,苯乙烯－丙烯?共聚合物，初級狀態,以色列,出口總值(含復出口),3.15457,2000
2015-08,39032000,苯乙烯－丙烯?共聚合物，初級狀態,印尼,出口總值(含復出口),697.28706,464300
2015-08,39032000,苯乙烯－丙烯?共聚合物，初級狀態,西班牙,出口總值(含復出口),4.4164,3000
2015-08,39032000,苯乙烯－丙烯?共聚合物，初級狀態,孟加拉,出口總值(含復出口),31.23028,20000
2015-08,39032000,苯乙烯－丙烯?共聚合物，初級狀態,波蘭,出口總值(含復出口),27.28706,17000
2015-08,39032000,苯乙烯－丙烯?共聚合物，初級狀態,阿拉伯聯合大公國,出口總值(含復出口),42.9022,26000
2015-08,39032000,苯乙烯－丙烯?共聚合物，初級狀態,阿根廷,出口總值(含復出口),142.49211,92700
2015-08,39032000,苯乙烯－丙烯?共聚合物，初級狀態,俄羅斯,出口總值(含復出口),7.63406,5000
2015-08,39032000,苯乙烯－丙烯?共聚合物，初級狀態,南非,出口總值(含復出口),20.06309,13000
2015-08,39032000,苯乙烯－丙烯?共聚合物，初級狀態,南韓,進口總值(含復進口),23.97476,16000
2015-08,39032000,苯乙烯－丙烯?共聚合物，初級狀態,突尼西亞,出口總值(含復出口),25.74132,16050
2015-08,39032000,苯乙烯－丙烯?共聚合物，初級狀態,美國,出口總值(含復出口),142.11356,91750
2015-08,39032000,苯乙烯－丙烯?共聚合物，初級狀態,英國,進口總值(含復進口),12.64984,1375
2015-08,39032000,苯乙烯－丙烯?共聚合物，初級狀態,英國,出口總值(含復出口),13.15457,9000
2015-08,39032000,苯乙烯－丙烯?共聚合物，初級狀態,香港,出口總值(含復出口),2129.02208,1307209
2015-08,39032000,苯乙烯－丙烯?共聚合物，初級狀態,哥倫比亞,出口總值(含復出口),29.36908,20000
2015-08,39032000,苯乙烯－丙烯?共聚合物，初級狀態,泰國,出口總值(含復出口),958.35962,626000
2015-08,39032000,苯乙烯－丙烯?共聚合物，初級狀態,馬來西亞,進口總值(含復進口),21.82965,7000
2015-08,39032000,苯乙烯－丙烯?共聚合物，初級狀態,馬來西亞,出口總值(含復出口),294.47949,200000
2015-08,39032000,苯乙烯－丙烯?共聚合物，初級狀態,馬拉威,出口總值(含復出口),27.41324,18000
2015-08,39032000,苯乙烯－丙烯?共聚合物，初級狀態,荷蘭,出口總值(含復出口),67.16088,44000
2015-08,39032000,苯乙烯－丙烯?共聚合物，初級狀態,菲律賓,出口總值(含復出口),44.95268,30000
2015-08,39032000,苯乙烯－丙烯?共聚合物，初級狀態,越南,出口總值(含復出口),266.9716,183000
2015-08,39032000,苯乙烯－丙烯?共聚合物，初級狀態,新加坡,出口總值(含復出口),4.63722,3000
2015-08,39032000,苯乙烯－丙烯?共聚合物，初級狀態,義大利,進口總值(含復進口),6.24605,17
2015-08,39032000,苯乙烯－丙烯?共聚合物，初級狀態,德國,進口總值(含復進口),27.88643,41788
2015-08,39032000,苯乙烯－丙烯?共聚合物，初級狀態,墨西哥,出口總值(含復出口),158.17034,101000
2015-08,39039010,甲基丙烯酸甲酯－丁二烯－苯乙烯（ＭＢＳ）共聚合物，初級狀態,中國大陸,進口總值(含復進口),0.25236,157
2015-08,39039010,甲基丙烯酸甲酯－丁二烯－苯乙烯（ＭＢＳ）共聚合物，初級狀態,中國大陸,出口總值(含復出口),512.14511,197250
2015-08,39039010,甲基丙烯酸甲酯－丁二烯－苯乙烯（ＭＢＳ）共聚合物，初級狀態,日本,進口總值(含復進口),89.74763,26818
2015-08,39039010,甲基丙烯酸甲酯－丁二烯－苯乙烯（ＭＢＳ）共聚合物，初級狀態,日本,出口總值(含復出口),9.21135,3000
2015-08,39039010,甲基丙烯酸甲酯－丁二烯－苯乙烯（ＭＢＳ）共聚合物，初級狀態,比利時,出口總值(含復出口),125.33123,59000
2015-08,39039010,甲基丙烯酸甲酯－丁二烯－苯乙烯（ＭＢＳ）共聚合物，初級狀態,肯亞,出口總值(含復出口),54.92113,17500
2015-08,39039010,甲基丙烯酸甲酯－丁二烯－苯乙烯（ＭＢＳ）共聚合物，初級狀態,南韓,進口總值(含復進口),54.10094,22000
2015-08,39039010,甲基丙烯酸甲酯－丁二烯－苯乙烯（ＭＢＳ）共聚合物，初級狀態,南韓,出口總值(含復出口),39.40063,16000
2015-08,39039010,甲基丙烯酸甲酯－丁二烯－苯乙烯（ＭＢＳ）共聚合物，初級狀態,美國,進口總值(含復進口),2.39747,0
2015-08,39039010,甲基丙烯酸甲酯－丁二烯－苯乙烯（ＭＢＳ）共聚合物，初級狀態,美國,出口總值(含復出口),4.7634,2000
2015-08,39039010,甲基丙烯酸甲酯－丁二烯－苯乙烯（ＭＢＳ）共聚合物，初級狀態,英國,出口總值(含復出口),9.87381,4500
2015-08,39039010,甲基丙烯酸甲酯－丁二烯－苯乙烯（ＭＢＳ）共聚合物，初級狀態,香港,出口總值(含復出口),101.95583,32605
2015-08,39039010,甲基丙烯酸甲酯－丁二烯－苯乙烯（ＭＢＳ）共聚合物，初級狀態,泰國,出口總值(含復出口),74.88958,32640
2015-08,39039010,甲基丙烯酸甲酯－丁二烯－苯乙烯（ＭＢＳ）共聚合物，初級狀態,紐西蘭,出口總值(含復出口),3.21766,1000
2015-08,39039010,甲基丙烯酸甲酯－丁二烯－苯乙烯（ＭＢＳ）共聚合物，初級狀態,馬來西亞,進口總值(含復進口),51.7981,19200
2015-08,39039010,甲基丙烯酸甲酯－丁二烯－苯乙烯（ＭＢＳ）共聚合物，初級狀態,馬來西亞,出口總值(含復出口),19.33753,8000
2015-08,39039010,甲基丙烯酸甲酯－丁二烯－苯乙烯（ＭＢＳ）共聚合物，初級狀態,荷蘭,出口總值(含復出口),10.72555,5000
2015-08,39039010,甲基丙烯酸甲酯－丁二烯－苯乙烯（ＭＢＳ）共聚合物，初級狀態,越南,出口總值(含復出口),21.32492,8000
2015-08,39039010,甲基丙烯酸甲酯－丁二烯－苯乙烯（ＭＢＳ）共聚合物，初級狀態,新加坡,進口總值(含復進口),3075.14195,1531200
2015-08,39039010,甲基丙烯酸甲酯－丁二烯－苯乙烯（ＭＢＳ）共聚合物，初級狀態,新加坡,出口總值(含復出口),2.74447,1000
2015-08,39039010,甲基丙烯酸甲酯－丁二烯－苯乙烯（ＭＢＳ）共聚合物，初級狀態,義大利,出口總值(含復出口),152.5552,70150
2015-08,39039010,甲基丙烯酸甲酯－丁二烯－苯乙烯（ＭＢＳ）共聚合物，初級狀態,德國,出口總值(含復出口),12.93375,6000
2015-08,39039010,甲基丙烯酸甲酯－丁二烯－苯乙烯（ＭＢＳ）共聚合物，初級狀態,澳大利亞,出口總值(含復出口),13.6593,5000
2015-08,39052100,醋酸乙烯共聚合物水性分散液,中國大陸,進口總值(含復進口),113.97476,64320
2015-08,39052100,醋酸乙烯共聚合物水性分散液,中國大陸,出口總值(含復出口),4260.72555,4293260
2015-08,39052100,醋酸乙烯共聚合物水性分散液,巴西,出口總值(含復出口),20.41009,19490
2015-08,39052100,醋酸乙烯共聚合物水性分散液,巴基斯坦,出口總值(含復出口),220.694,216000
2015-08,39052100,醋酸乙烯共聚合物水性分散液,日本,進口總值(含復進口),11.73501,5370
2015-08,39052100,醋酸乙烯共聚合物水性分散液,日本,出口總值(含復出口),16.90851,20000
2015-08,39052100,醋酸乙烯共聚合物水性分散液,印尼,出口總值(含復出口),12.08201,9900
2015-08,39052100,醋酸乙烯共聚合物水性分散液,印度,出口總值(含復出口),21.86119,17600
2015-08,39052100,醋酸乙烯共聚合物水性分散液,西班牙,進口總值(含復進口),5.74132,2000
2015-08,39052100,醋酸乙烯共聚合物水性分散液,孟加拉,出口總值(含復出口),19.5899,15600
2015-08,39052100,醋酸乙烯共聚合物水性分散液,阿拉伯聯合大公國,出口總值(含復出口),39.33753,35200
2015-08,39052100,醋酸乙烯共聚合物水性分散液,阿根廷,出口總值(含復出口),179.30599,173800
2015-08,39052100,醋酸乙烯共聚合物水性分散液,俄羅斯,出口總值(含復出口),20.15772,20000
2015-08,39052100,醋酸乙烯共聚合物水性分散液,南韓,進口總值(含復進口),15.96214,15600
2015-08,39052100,醋酸乙烯共聚合物水性分散液,南韓,出口總值(含復出口),8.70662,8800
2015-08,39052100,醋酸乙烯共聚合物水性分散液,美國,出口總值(含復出口),43.53312,36000
2015-08,39052100,醋酸乙烯共聚合物水性分散液,香港,出口總值(含復出口),18.61198,18000
2015-08,39052100,醋酸乙烯共聚合物水性分散液,哥倫比亞,出口總值(含復出口),5.23659,4400
2015-08,39052100,醋酸乙烯共聚合物水性分散液,哥斯大黎加,出口總值(含復出口),21.1041,17600
2015-08,39052100,醋酸乙烯共聚合物水性分散液,紐西蘭,出口總值(含復出口),70.91482,70410
2015-08,39052100,醋酸乙烯共聚合物水性分散液,馬來西亞,出口總值(含復出口),29.36908,14400
2015-08,39052100,醋酸乙烯共聚合物水性分散液,越南,出口總值(含復出口),197.85488,211100
2015-08,39052100,醋酸乙烯共聚合物水性分散液,新加坡,出口總值(含復出口),39.43217,37840
2015-08,39052100,醋酸乙烯共聚合物水性分散液,墨西哥,出口總值(含復出口),54.57413,55060
2015-08,39052100,醋酸乙烯共聚合物水性分散液,澳大利亞,出口總值(含復出口),155.33123,138430
2015-09,29161410,甲基丙烯酸甲酯,中國大陸,進口總值(含復進口),37.99877,20580
2015-09,29161410,甲基丙烯酸甲酯,中國大陸,出口總值(含復出口),5195.18109,3241048
2015-09,29161410,甲基丙烯酸甲酯,日本,進口總值(含復進口),7319.30632,4555638
2015-09,29161410,甲基丙烯酸甲酯,印尼,出口總值(含復出口),756.59914,503830
2015-09,29161410,甲基丙烯酸甲酯,南韓,出口總值(含復出口),1472.43707,905660
2015-09,29161410,甲基丙烯酸甲酯,美國,進口總值(含復進口),0.12277,0
2015-09,29161410,甲基丙烯酸甲酯,英國,進口總值(含復進口),1.9337,44
2015-09,29161410,甲基丙烯酸甲酯,香港,出口總值(含復出口),70.90239,41370
2015-09,29161410,甲基丙烯酸甲酯,泰國,出口總值(含復出口),231.5224,149100
2015-09,29161410,甲基丙烯酸甲酯,菲律賓,出口總值(含復出口),120.41129,80210
2015-09,29161410,甲基丙烯酸甲酯,越南,出口總值(含復出口),1936.12645,1184090
2015-09,29161410,甲基丙烯酸甲酯,新加坡,進口總值(含復進口),5161.1418,3138597
2015-09,29161410,甲基丙烯酸甲酯,德國,進口總值(含復進口),1736.24923,996012
2015-09,29173300,鄰苯二甲酸二壬酯或二癸酯,中國大陸,出口總值(含復出口),6863.81215,8000000
2015-09,29173300,鄰苯二甲酸二壬酯或二癸酯,日本,進口總值(含復進口),0.03069,0
2015-09,29173300,鄰苯二甲酸二壬酯或二癸酯,日本,出口總值(含復出口),88.18293,92000
2015-09,29173300,鄰苯二甲酸二壬酯或二癸酯,比利時,出口總值(含復出口),22.59054,23000
2015-09,29173300,鄰苯二甲酸二壬酯或二癸酯,加拿大,出口總值(含復出口),97.69797,100000
2015-09,29173300,鄰苯二甲酸二壬酯或二癸酯,印尼,出口總值(含復出口),36.06507,32000
2015-09,29173300,鄰苯二甲酸二壬酯或二癸酯,阿曼,出口總值(含復出口),69.61325,59000
2015-09,29173300,鄰苯二甲酸二壬酯或二癸酯,南韓,出口總值(含復出口),294.99693,271000
2015-09,29173300,鄰苯二甲酸二壬酯或二癸酯,美國,進口總值(含復進口),0.03069,0
2015-09,29173300,鄰苯二甲酸二壬酯或二癸酯,美國,出口總值(含復出口),360.12891,338000
2015-09,29173300,鄰苯二甲酸二壬酯或二癸酯,哥倫比亞,出口總值(含復出口),116.54389,100000
2015-09,29173300,鄰苯二甲酸二壬酯或二癸酯,哥斯大黎加,出口總值(含復出口),117.83302,100000
2015-09,29173300,鄰苯二甲酸二壬酯或二癸酯,泰國,出口總值(含復出口),52.33271,47000
2015-09,29173300,鄰苯二甲酸二壬酯或二癸酯,馬來西亞,出口總值(含復出口),235.97298,230000
2015-09,29173300,鄰苯二甲酸二壬酯或二癸酯,菲律賓,出口總值(含復出口),184.19275,176000
2015-09,29173300,鄰苯二甲酸二壬酯或二癸酯,越南,出口總值(含復出口),132.32044,122000
2015-09,29173300,鄰苯二甲酸二壬酯或二癸酯,德國,進口總值(含復進口),0.06138,0
2015-09,29173300,鄰苯二甲酸二壬酯或二癸酯,墨西哥,出口總值(含復出口),166.75874,146000
2015-09,29173300,鄰苯二甲酸二壬酯或二癸酯,澳大利亞,出口總值(含復出口),100.89011,59000
2015-09,29321100,四氫?喃,中國大陸,出口總值(含復出口),278.1154,158400
2015-09,29321100,四氫?喃,日本,出口總值(含復出口),205.37139,107960
2015-09,29321100,四氫?喃,加拿大,出口總值(含復出口),72.74401,34150
2015-09,29321100,四氫?喃,印度,出口總值(含復出口),962.124,572540
2015-09,29321100,四氫?喃,西班牙,進口總值(含復進口),0.30693,4
2015-09,29321100,四氫?喃,肯亞,出口總值(含復出口),33.70165,14400
2015-09,29321100,四氫?喃,美國,進口總值(含復進口),16.11418,648
2015-09,29321100,四氫?喃,英國,進口總值(含復進口),0.24554,2
2015-09,29321100,四氫?喃,哥倫比亞,出口總值(含復出口),48.15837,28800
2015-09,29321100,四氫?喃,埃及,出口總值(含復出口),26.42725,14400
2015-09,29321100,四氫?喃,泰國,進口總值(含復進口),1.4119,142
2015-09,29321100,四氫?喃,泰國,出口總值(含復出口),38.95027,14400
2015-09,29321100,四氫?喃,荷蘭,出口總值(含復出口),59.05463,28800
2015-09,29321100,四氫?喃,義大利,出口總值(含復出口),37.81461,20000
2015-09,29321100,四氫?喃,德國,進口總值(含復進口),28.69858,2438
2015-09,39032000,苯乙烯－丙烯?共聚合物，初級狀態,中國大陸,出口總值(含復出口),5533.27193,4001285
2015-09,39032000,苯乙烯－丙烯?共聚合物，初級狀態,巴西,出口總值(含復出口),120.68753,78000
2015-09,39032000,苯乙烯－丙烯?共聚合物，初級狀態,巴基斯坦,出口總值(含復出口),188.52056,133000
2015-09,39032000,苯乙烯－丙烯?共聚合物，初級狀態,日本,進口總值(含復進口),231.67587,100110
2015-09,39032000,苯乙烯－丙烯?共聚合物，初級狀態,日本,出口總值(含復出口),95.58011,68000
2015-09,39032000,苯乙烯－丙烯?共聚合物，初級狀態,加拿大,出口總值(含復出口),3.00798,1700
2015-09,39032000,苯乙烯－丙烯?共聚合物，初級狀態,印尼,出口總值(含復出口),370.16574,266625
2015-09,39032000,苯乙烯－丙烯?共聚合物，初級狀態,印度,出口總值(含復出口),15.43891,10125
2015-09,39032000,苯乙烯－丙烯?共聚合物，初級狀態,西班牙,出口總值(含復出口),4.11295,3000
2015-09,39032000,苯乙烯－丙烯?共聚合物，初級狀態,孟加拉,出口總值(含復出口),178.45303,122000
2015-09,39032000,苯乙烯－丙烯?共聚合物，初級狀態,波蘭,出口總值(含復出口),13.0755,9000
2015-09,39032000,苯乙烯－丙烯?共聚合物，初級狀態,阿根廷,出口總值(含復出口),57.45856,40000
2015-09,39032000,苯乙烯－丙烯?共聚合物，初級狀態,俄羅斯,出口總值(含復出口),8.28729,6000
2015-09,39032000,苯乙烯－丙烯?共聚合物，初級狀態,南非,出口總值(含復出口),8.74769,6000
2015-09,39032000,苯乙烯－丙烯?共聚合物，初級狀態,南韓,進口總值(含復進口),153.68324,110000
2015-09,39032000,苯乙烯－丙烯?共聚合物，初級狀態,突尼西亞,出口總值(含復出口),27.31737,18000
2015-09,39032000,苯乙烯－丙烯?共聚合物，初級狀態,美國,出口總值(含復出口),221.14794,152375
2015-09,39032000,苯乙烯－丙烯?共聚合物，初級狀態,英國,出口總值(含復出口),5.98526,4000
2015-09,39032000,苯乙烯－丙烯?共聚合物，初級狀態,香港,出口總值(含復出口),1008.13382,719775
2015-09,39032000,苯乙烯－丙烯?共聚合物，初級狀態,哥倫比亞,出口總值(含復出口),12.30816,9000
2015-09,39032000,苯乙烯－丙烯?共聚合物，初級狀態,埃及,出口總值(含復出口),93.76918,51000
2015-09,39032000,苯乙烯－丙烯?共聚合物，初級狀態,泰國,進口總值(含復進口),40.54634,16000
2015-09,39032000,苯乙烯－丙烯?共聚合物，初級狀態,泰國,出口總值(含復出口),324.40147,221200
2015-09,39032000,苯乙烯－丙烯?共聚合物，初級狀態,紐西蘭,出口總值(含復出口),2.11786,1500
2015-09,39032000,苯乙烯－丙烯?共聚合物，初級狀態,馬來西亞,出口總值(含復出口),302.48618,220200
2015-09,39032000,苯乙烯－丙烯?共聚合物，初級狀態,荷蘭,出口總值(含復出口),118.84591,85000
2015-09,39032000,苯乙烯－丙烯?共聚合物，初級狀態,斯洛維尼亞,出口總值(含復出口),211.81706,144000
2015-09,39032000,苯乙烯－丙烯?共聚合物，初級狀態,菲律賓,出口總值(含復出口),79.80356,56500
2015-09,39032000,苯乙烯－丙烯?共聚合物，初級狀態,越南,出口總值(含復出口),185.9116,134000
2015-09,39032000,苯乙烯－丙烯?共聚合物，初級狀態,新加坡,出口總值(含復出口),27.37875,19500
2015-09,39032000,苯乙烯－丙烯?共聚合物，初級狀態,瑞典,出口總值(含復出口),52.20994,36000
2015-09,39032000,苯乙烯－丙烯?共聚合物，初級狀態,義大利,出口總值(含復出口),47.60589,32000
2015-09,39032000,苯乙烯－丙烯?共聚合物，初級狀態,德國,出口總值(含復出口),190.17802,128000
2015-09,39032000,苯乙烯－丙烯?共聚合物，初級狀態,墨西哥,出口總值(含復出口),169.49048,120000
2015-09,39032000,苯乙烯－丙烯?共聚合物，初級狀態,澳大利亞,出口總值(含復出口),7.30509,5000
2015-09,39039010,甲基丙烯酸甲酯－丁二烯－苯乙烯（ＭＢＳ）共聚合物，初級狀態,中國大陸,出口總值(含復出口),389.50276,149000
2015-09,39039010,甲基丙烯酸甲酯－丁二烯－苯乙烯（ＭＢＳ）共聚合物，初級狀態,中華民國,進口總值(含復進口),15.65377,10000
2015-09,39039010,甲基丙烯酸甲酯－丁二烯－苯乙烯（ＭＢＳ）共聚合物，初級狀態,日本,進口總值(含復進口),403.03867,163156
2015-09,39039010,甲基丙烯酸甲酯－丁二烯－苯乙烯（ＭＢＳ）共聚合物，初級狀態,日本,出口總值(含復出口),82.68876,35100
2015-09,39039010,甲基丙烯酸甲酯－丁二烯－苯乙烯（ＭＢＳ）共聚合物，初級狀態,比利時,出口總值(含復出口),117.64886,54000
2015-09,39039010,甲基丙烯酸甲酯－丁二烯－苯乙烯（ＭＢＳ）共聚合物，初級狀態,加拿大,出口總值(含復出口),2.05647,1000
2015-09,39039010,甲基丙烯酸甲酯－丁二烯－苯乙烯（ＭＢＳ）共聚合物，初級狀態,印尼,進口總值(含復進口),5.40208,1500
2015-09,39039010,甲基丙烯酸甲酯－丁二烯－苯乙烯（ＭＢＳ）共聚合物，初級狀態,法國,出口總值(含復出口),81.79864,38000
2015-09,39039010,甲基丙烯酸甲酯－丁二烯－苯乙烯（ＭＢＳ）共聚合物，初級狀態,俄羅斯,出口總值(含復出口),0.24554,100
2015-09,39039010,甲基丙烯酸甲酯－丁二烯－苯乙烯（ＭＢＳ）共聚合物，初級狀態,南韓,進口總值(含復進口),96.71577,40000
2015-09,39039010,甲基丙烯酸甲酯－丁二烯－苯乙烯（ＭＢＳ）共聚合物，初級狀態,英國,出口總值(含復出口),59.88336,27250
2015-09,39039010,甲基丙烯酸甲酯－丁二烯－苯乙烯（ＭＢＳ）共聚合物，初級狀態,香港,出口總值(含復出口),90.54634,30150
2015-09,39039010,甲基丙烯酸甲酯－丁二烯－苯乙烯（ＭＢＳ）共聚合物，初級狀態,泰國,出口總值(含復出口),11.1418,5000
2015-09,39039010,甲基丙烯酸甲酯－丁二烯－苯乙烯（ＭＢＳ）共聚合物，初級狀態,馬來西亞,進口總值(含復進口),48.0356,19200
2015-09,39039010,甲基丙烯酸甲酯－丁二烯－苯乙烯（ＭＢＳ）共聚合物，初級狀態,馬來西亞,出口總值(含復出口),121.02516,47500
2015-09,39039010,甲基丙烯酸甲酯－丁二烯－苯乙烯（ＭＢＳ）共聚合物，初級狀態,荷蘭,出口總值(含復出口),16.17556,7000
2015-09,39039010,甲基丙烯酸甲酯－丁二烯－苯乙烯（ＭＢＳ）共聚合物，初級狀態,菲律賓,出口總值(含復出口),28.20748,12000
2015-09,39039010,甲基丙烯酸甲酯－丁二烯－苯乙烯（ＭＢＳ）共聚合物，初級狀態,越南,出口總值(含復出口),19.3677,6300
2015-09,39039010,甲基丙烯酸甲酯－丁二烯－苯乙烯（ＭＢＳ）共聚合物，初級狀態,新加坡,進口總值(含復進口),1508.10313,775200
2015-09,39039010,甲基丙烯酸甲酯－丁二烯－苯乙烯（ＭＢＳ）共聚合物，初級狀態,新加坡,出口總值(含復出口),2.79312,1000
2015-09,39039010,甲基丙烯酸甲酯－丁二烯－苯乙烯（ＭＢＳ）共聚合物，初級狀態,澳大利亞,出口總值(含復出口),5.52486,2000
2015-09,39052100,醋酸乙烯共聚合物水性分散液,中國大陸,進口總值(含復進口),40.60773,15200
2015-09,39052100,醋酸乙烯共聚合物水性分散液,中國大陸,出口總值(含復出口),2767.52608,2843370
2015-09,39052100,醋酸乙烯共聚合物水性分散液,巴西,出口總值(含復出口),3.92879,4000
2015-09,39052100,醋酸乙烯共聚合物水性分散液,巴基斯坦,出口總值(含復出口),234.19275,234000
2015-09,39052100,醋酸乙烯共聚合物水性分散液,日本,進口總值(含復進口),7.91896,2446
2015-09,39052100,醋酸乙烯共聚合物水性分散液,日本,出口總值(含復出口),14.61019,16000
2015-09,39052100,醋酸乙烯共聚合物水性分散液,波多黎各,出口總值(含復出口),20.47268,19740
2015-09,39052100,醋酸乙烯共聚合物水性分散液,阿拉伯聯合大公國,出口總值(含復出口),19.76672,19930
2015-09,39052100,醋酸乙烯共聚合物水性分散液,阿根廷,出口總值(含復出口),36.95518,35200
2015-09,39052100,醋酸乙烯共聚合物水性分散液,阿爾及利亞,出口總值(含復出口),35.60466,36000
2015-09,39052100,醋酸乙烯共聚合物水性分散液,南韓,進口總值(含復進口),33.14917,31200
2015-09,39052100,醋酸乙烯共聚合物水性分散液,南韓,出口總值(含復出口),26.6728,25520
2015-09,39052100,醋酸乙烯共聚合物水性分散液,美國,出口總值(含復出口),39.10374,37940
2015-09,39052100,醋酸乙烯共聚合物水性分散液,香港,出口總值(含復出口),17.18845,18000
2015-09,39052100,醋酸乙烯共聚合物水性分散液,埃及,出口總值(含復出口),64.33394,52800
2015-09,39052100,醋酸乙烯共聚合物水性分散液,秘魯,出口總值(含復出口),38.09085,35600
2015-09,39052100,醋酸乙烯共聚合物水性分散液,紐西蘭,出口總值(含復出口),80.72437,85140
2015-09,39052100,醋酸乙烯共聚合物水性分散液,馬來西亞,出口總值(含復出口),50.70595,28800
2015-09,39052100,醋酸乙烯共聚合物水性分散液,智利,出口總值(含復出口),19.18354,18000
2015-09,39052100,醋酸乙烯共聚合物水性分散液,越南,出口總值(含復出口),152.85451,175600
2015-09,39052100,醋酸乙烯共聚合物水性分散液,新加坡,出口總值(含復出口),84.65316,88000
2015-09,39052100,醋酸乙烯共聚合物水性分散液,墨西哥,出口總值(含復出口),99.41682,94580
2015-09,39052100,醋酸乙烯共聚合物水性分散液,澳大利亞,出口總值(含復出口),123.11233,116530
2015-10,29161410,甲基丙烯酸甲酯,中國大陸,進口總值(含復進口),25.93386,15200
2015-10,29161410,甲基丙烯酸甲酯,中國大陸,出口總值(含復出口),9525.44396,6411268
2015-10,29161410,甲基丙烯酸甲酯,日本,進口總值(含復進口),901.10226,585818
2015-10,29161410,甲基丙烯酸甲酯,印尼,出口總值(含復出口),558.54255,390650
2015-10,29161410,甲基丙烯酸甲酯,南韓,出口總值(含復出口),1328.16901,852760
2015-10,29161410,甲基丙烯酸甲酯,美國,進口總值(含復進口),178.10777,97564
2015-10,29161410,甲基丙烯酸甲酯,英國,進口總值(含復進口),0.39804,12
2015-10,29161410,甲基丙烯酸甲酯,香港,出口總值(含復出口),85.21126,62500
2015-10,29161410,甲基丙烯酸甲酯,泰國,進口總值(含復進口),4923.69871,3035046
2015-10,29161410,甲基丙烯酸甲酯,泰國,出口總值(含復出口),379.73055,267730
2015-10,29161410,甲基丙烯酸甲酯,馬來西亞,出口總值(含復出口),23.515,16000
2015-10,29161410,甲基丙烯酸甲酯,荷蘭,進口總值(含復進口),0.64298,80
2015-10,29161410,甲基丙烯酸甲酯,菲律賓,出口總值(含復出口),382.7924,266570
2015-10,29161410,甲基丙烯酸甲酯,越南,出口總值(含復出口),1944.91733,1260297
2015-10,29173300,鄰苯二甲酸二壬酯或二癸酯,中國大陸,出口總值(含復出口),4933.03735,5600000
2015-10,29173300,鄰苯二甲酸二壬酯或二癸酯,日本,出口總值(含復出口),135.30312,121000
2015-10,29173300,鄰苯二甲酸二壬酯或二癸酯,以色列,出口總值(含復出口),22.01469,20000
2015-10,29173300,鄰苯二甲酸二壬酯或二癸酯,加拿大,進口總值(含復進口),0.12247,0
2015-10,29173300,鄰苯二甲酸二壬酯或二癸酯,加拿大,出口總值(含復出口),58.7875,60000
2015-10,29173300,鄰苯二甲酸二壬酯或二癸酯,印尼,出口總值(含復出口),34.20085,32000
2015-10,29173300,鄰苯二甲酸二壬酯或二癸酯,阿拉伯聯合大公國,出口總值(含復出口),40.20208,40000
2015-10,29173300,鄰苯二甲酸二壬酯或二癸酯,阿根廷,出口總值(含復出口),76.76056,62000
2015-10,29173300,鄰苯二甲酸二壬酯或二癸酯,阿曼,出口總值(含復出口),139.03857,118000
2015-10,29173300,鄰苯二甲酸二壬酯或二癸酯,南韓,出口總值(含復出口),217.29944,195000
2015-10,29173300,鄰苯二甲酸二壬酯或二癸酯,美國,進口總值(含復進口),0.15308,0
2015-10,29173300,鄰苯二甲酸二壬酯或二癸酯,英國,出口總值(含復出口),22.6883,23000
2015-10,29173300,鄰苯二甲酸二壬酯或二癸酯,哥倫比亞,出口總值(含復出口),23.17819,20000
2015-10,29173300,鄰苯二甲酸二壬酯或二癸酯,哥斯大黎加,出口總值(含復出口),23.60685,20000
2015-10,29173300,鄰苯二甲酸二壬酯或二癸酯,泰國,出口總值(含復出口),107.56276,118000
2015-10,29173300,鄰苯二甲酸二壬酯或二癸酯,烏克蘭,出口總值(含復出口),21.43294,20000
2015-10,29173300,鄰苯二甲酸二壬酯或二癸酯,馬來西亞,出口總值(含復出口),132.24127,130000
2015-10,29173300,鄰苯二甲酸二壬酯或二癸酯,菲律賓,出口總值(含復出口),318.37109,308000
2015-10,29173300,鄰苯二甲酸二壬酯或二癸酯,越南,出口總值(含復出口),295.49908,300000
2015-10,29173300,鄰苯二甲酸二壬酯或二癸酯,新加坡,出口總值(含復出口),20.66748,20000
2015-10,29173300,鄰苯二甲酸二壬酯或二癸酯,德國,進口總值(含復進口),0.06122,0
2015-10,29173300,鄰苯二甲酸二壬酯或二癸酯,墨西哥,出口總值(含復出口),233.22106,230000
2015-10,29321100,四氫?喃,中國大陸,出口總值(含復出口),1487.56889,983600
2015-10,29321100,四氫?喃,中華民國,進口總值(含復進口),0.12247,2
2015-10,29321100,四氫?喃,日本,出口總值(含復出口),605.72565,306660
2015-10,29321100,四氫?喃,比利時,出口總值(含復出口),55.17452,28800
2015-10,29321100,四氫?喃,加拿大,出口總值(含復出口),45.95835,19810
2015-10,29321100,四氫?喃,印度,出口總值(含復出口),1442.8965,894920
2015-10,29321100,四氫?喃,西班牙,進口總值(含復進口),0.64298,9
2015-10,29321100,四氫?喃,南韓,進口總值(含復進口),1.80649,288
2015-10,29321100,四氫?喃,突尼西亞,出口總值(含復出口),24.83159,14400
2015-10,29321100,四氫?喃,美國,進口總值(含復進口),7.07287,391
2015-10,29321100,四氫?喃,美國,出口總值(含復出口),59.76729,33970
2015-10,29321100,四氫?喃,英國,進口總值(含復進口),0.18371,3
2015-10,29321100,四氫?喃,哥倫比亞,出口總值(含復出口),167.54439,100800
2015-10,29321100,四氫?喃,埃及,出口總值(含復出口),53.03123,28800
2015-10,29321100,四氫?喃,荷蘭,出口總值(含復出口),73.60685,39980
2015-10,29321100,四氫?喃,德國,進口總值(含復進口),13.2578,1263
2015-10,29321100,四氫?喃,墨西哥,出口總值(含復出口),27.34231,14400
2015-10,39032000,苯乙烯－丙烯?共聚合物，初級狀態,土耳其,出口總值(含復出口),59.00183,48000
2015-10,39032000,苯乙烯－丙烯?共聚合物，初級狀態,中國大陸,進口總值(含復進口),58.35884,1500
2015-10,39032000,苯乙烯－丙烯?共聚合物，初級狀態,中國大陸,出口總值(含復出口),6949.23453,5446875
2015-10,39032000,苯乙烯－丙烯?共聚合物，初級狀態,中華民國,進口總值(含復進口),19.01408,33692
2015-10,39032000,苯乙烯－丙烯?共聚合物，初級狀態,巴基斯坦,出口總值(含復出口),105.02143,78000
2015-10,39032000,苯乙烯－丙烯?共聚合物，初級狀態,日本,進口總值(含復進口),224.03551,97000
2015-10,39032000,苯乙烯－丙烯?共聚合物，初級狀態,日本,出口總值(含復出口),53.36803,39375
2015-10,39032000,苯乙烯－丙烯?共聚合物，初級狀態,以色列,出口總值(含復出口),8.1139,6000
2015-10,39032000,苯乙烯－丙烯?共聚合物，初級狀態,印尼,出口總值(含復出口),697.58113,535000
2015-10,39032000,苯乙烯－丙烯?共聚合物，初級狀態,印度,出口總值(含復出口),29.4856,20250
2015-10,39032000,苯乙烯－丙烯?共聚合物，初級狀態,西班牙,出口總值(含復出口),17.94243,14000
2015-10,39032000,苯乙烯－丙烯?共聚合物，初級狀態,孟加拉,出口總值(含復出口),91.82486,65240
2015-10,39032000,苯乙烯－丙烯?共聚合物，初級狀態,波蘭,出口總值(含復出口),4.3172,3000
2015-10,39032000,苯乙烯－丙烯?共聚合物，初級狀態,阿拉伯聯合大公國,出口總值(含復出口),15.248,10000
2015-10,39032000,苯乙烯－丙烯?共聚合物，初級狀態,阿根廷,出口總值(含復出口),85.97672,57900
2015-10,39032000,苯乙烯－丙烯?共聚合物，初級狀態,俄羅斯,出口總值(含復出口),50.97979,39000
2015-10,39032000,苯乙烯－丙烯?共聚合物，初級狀態,南非,出口總值(含復出口),43.0496,32000
2015-10,39032000,苯乙烯－丙烯?共聚合物，初級狀態,南韓,進口總值(含復進口),61.39007,48000
2015-10,39032000,苯乙烯－丙烯?共聚合物，初級狀態,突尼西亞,出口總值(含復出口),23.23943,18000
2015-10,39032000,苯乙烯－丙烯?共聚合物，初級狀態,約旦,出口總值(含復出口),29.36313,20000
2015-10,39032000,苯乙烯－丙烯?共聚合物，初級狀態,美國,進口總值(含復進口),0.30618,3
2015-10,39032000,苯乙烯－丙烯?共聚合物，初級狀態,美國,出口總值(含復出口),126.42375,91000
2015-10,39032000,苯乙烯－丙烯?共聚合物，初級狀態,英國,進口總值(含復進口),13.4109,1375
2015-10,39032000,苯乙烯－丙烯?共聚合物，初級狀態,香港,出口總值(含復出口),971.31047,718200
2015-10,39032000,苯乙烯－丙烯?共聚合物，初級狀態,哥倫比亞,出口總值(含復出口),34.9357,26000
2015-10,39032000,苯乙烯－丙烯?共聚合物，初級狀態,埃及,出口總值(含復出口),26.6687,20000
2015-10,39032000,苯乙烯－丙烯?共聚合物，初級狀態,泰國,出口總值(含復出口),711.84935,526000
2015-10,39032000,苯乙烯－丙烯?共聚合物，初級狀態,馬來西亞,出口總值(含復出口),281.44519,223000
2015-10,39032000,苯乙烯－丙烯?共聚合物，初級狀態,荷蘭,進口總值(含復進口),15.7379,4092
2015-10,39032000,苯乙烯－丙烯?共聚合物，初級狀態,荷蘭,出口總值(含復出口),42.03919,32000
2015-10,39032000,苯乙烯－丙烯?共聚合物，初級狀態,斯里蘭卡,出口總值(含復出口),34.20085,23000
2015-10,39032000,苯乙烯－丙烯?共聚合物，初級狀態,斯洛維尼亞,出口總值(含復出口),5.35823,4000
2015-10,39032000,苯乙烯－丙烯?共聚合物，初級狀態,菲律賓,出口總值(含復出口),32.27189,25000
2015-10,39032000,苯乙烯－丙烯?共聚合物，初級狀態,越南,出口總值(含復出口),84.96631,62000
2015-10,39032000,苯乙烯－丙烯?共聚合物，初級狀態,愛沙尼亞,出口總值(含復出口),77.12798,54000
2015-10,39032000,苯乙烯－丙烯?共聚合物，初級狀態,新加坡,出口總值(含復出口),3.4905,2800
2015-10,39032000,苯乙烯－丙烯?共聚合物，初級狀態,瑞典,出口總值(含復出口),23.63747,18000
2015-10,39032000,苯乙烯－丙烯?共聚合物，初級狀態,義大利,進口總值(含復進口),1.71463,4
2015-10,39032000,苯乙烯－丙烯?共聚合物，初級狀態,德國,出口總值(含復出口),3.94978,3000
2015-10,39032000,苯乙烯－丙烯?共聚合物，初級狀態,墨西哥,出口總值(含復出口),226.8218,172000
2015-10,39032000,苯乙烯－丙烯?共聚合物，初級狀態,澳大利亞,出口總值(含復出口),4.13349,3000
2015-10,39039010,甲基丙烯酸甲酯－丁二烯－苯乙烯（ＭＢＳ）共聚合物，初級狀態,土耳其,出口總值(含復出口),7.1341,3375
2015-10,39039010,甲基丙烯酸甲酯－丁二烯－苯乙烯（ＭＢＳ）共聚合物，初級狀態,中國大陸,出口總值(含復出口),898.71402,347700
2015-10,39039010,甲基丙烯酸甲酯－丁二烯－苯乙烯（ＭＢＳ）共聚合物，初級狀態,厄瓜多,出口總值(含復出口),7.10349,3000
2015-10,39039010,甲基丙烯酸甲酯－丁二烯－苯乙烯（ＭＢＳ）共聚合物，初級狀態,日本,進口總值(含復進口),317.94243,159078
2015-10,39039010,甲基丙烯酸甲酯－丁二烯－苯乙烯（ＭＢＳ）共聚合物，初級狀態,日本,出口總值(含復出口),30.3123,12000
2015-10,39039010,甲基丙烯酸甲酯－丁二烯－苯乙烯（ＭＢＳ）共聚合物，初級狀態,比利時,出口總值(含復出口),132.11879,60000
2015-10,39039010,甲基丙烯酸甲酯－丁二烯－苯乙烯（ＭＢＳ）共聚合物，初級狀態,印尼,出口總值(含復出口),35.54807,10000
2015-10,39039010,甲基丙烯酸甲酯－丁二烯－苯乙烯（ＭＢＳ）共聚合物，初級狀態,法國,出口總值(含復出口),37.99755,18000
2015-10,39039010,甲基丙烯酸甲酯－丁二烯－苯乙烯（ＭＢＳ）共聚合物，初級狀態,南韓,進口總值(含復進口),125.87262,51600
2015-10,39039010,甲基丙烯酸甲酯－丁二烯－苯乙烯（ＭＢＳ）共聚合物，初級狀態,南韓,出口總值(含復出口),36.80342,16000
2015-10,39039010,甲基丙烯酸甲酯－丁二烯－苯乙烯（ＭＢＳ）共聚合物，初級狀態,美國,進口總值(含復進口),1.95958,1
2015-10,39039010,甲基丙烯酸甲酯－丁二烯－苯乙烯（ＭＢＳ）共聚合物，初級狀態,英國,出口總值(含復出口),43.26393,20500
2015-10,39039010,甲基丙烯酸甲酯－丁二烯－苯乙烯（ＭＢＳ）共聚合物，初級狀態,香港,出口總值(含復出口),167.11573,50600
2015-10,39039010,甲基丙烯酸甲酯－丁二烯－苯乙烯（ＭＢＳ）共聚合物，初級狀態,泰國,出口總值(含復出口),7.25658,3400
2015-10,39039010,甲基丙烯酸甲酯－丁二烯－苯乙烯（ＭＢＳ）共聚合物，初級狀態,紐西蘭,出口總值(含復出口),24.12737,8000
2015-10,39039010,甲基丙烯酸甲酯－丁二烯－苯乙烯（ＭＢＳ）共聚合物，初級狀態,馬來西亞,進口總值(含復進口),49.78567,30733
2015-10,39039010,甲基丙烯酸甲酯－丁二烯－苯乙烯（ＭＢＳ）共聚合物，初級狀態,馬來西亞,出口總值(含復出口),53.06184,20550
2015-10,39039010,甲基丙烯酸甲酯－丁二烯－苯乙烯（ＭＢＳ）共聚合物，初級狀態,荷蘭,進口總值(含復進口),3.33741,1200
2015-10,39039010,甲基丙烯酸甲酯－丁二烯－苯乙烯（ＭＢＳ）共聚合物，初級狀態,荷蘭,出口總值(含復出口),12.67605,6000
2015-10,39039010,甲基丙烯酸甲酯－丁二烯－苯乙烯（ＭＢＳ）共聚合物，初級狀態,菲律賓,出口總值(含復出口),43.53949,20000
2015-10,39039010,甲基丙烯酸甲酯－丁二烯－苯乙烯（ＭＢＳ）共聚合物，初級狀態,越南,出口總值(含復出口),7.74647,3200
2015-10,39039010,甲基丙烯酸甲酯－丁二烯－苯乙烯（ＭＢＳ）共聚合物，初級狀態,新加坡,進口總值(含復進口),2226.72994,1260000
2015-10,39039010,甲基丙烯酸甲酯－丁二烯－苯乙烯（ＭＢＳ）共聚合物，初級狀態,新加坡,出口總值(含復出口),2.8169,1000
2015-10,39039010,甲基丙烯酸甲酯－丁二烯－苯乙烯（ＭＢＳ）共聚合物，初級狀態,義大利,出口總值(含復出口),68.43233,32000
2015-10,39039010,甲基丙烯酸甲酯－丁二烯－苯乙烯（ＭＢＳ）共聚合物，初級狀態,德國,進口總值(含復進口),53.03123,11000
2015-10,39039010,甲基丙烯酸甲酯－丁二烯－苯乙烯（ＭＢＳ）共聚合物，初級狀態,德國,出口總值(含復出口),12.64543,6025
2015-10,39052100,醋酸乙烯共聚合物水性分散液,中國大陸,進口總值(含復進口),78.41396,40360
2015-10,39052100,醋酸乙烯共聚合物水性分散液,中國大陸,出口總值(含復出口),3763.04347,4006430
2015-10,39052100,醋酸乙烯共聚合物水性分散液,巴西,出口總值(含復出口),61.05327,59110
2015-10,39052100,醋酸乙烯共聚合物水性分散液,巴基斯坦,出口總值(含復出口),202.90875,216000
2015-10,39052100,醋酸乙烯共聚合物水性分散液,瓜地馬拉,出口總值(含復出口),17.75872,19920
2015-10,39052100,醋酸乙烯共聚合物水性分散液,印度,出口總值(含復出口),41.05939,35200
2015-10,39052100,醋酸乙烯共聚合物水性分散液,阿根廷,出口總值(含復出口),98.83649,96800
2015-10,39052100,醋酸乙烯共聚合物水性分散液,南韓,進口總值(含復進口),37.59951,35400
2015-10,39052100,醋酸乙烯共聚合物水性分散液,南韓,出口總值(含復出口),14.78873,11440
2015-10,39052100,醋酸乙烯共聚合物水性分散液,美國,進口總值(含復進口),26.30128,21199
2015-10,39052100,醋酸乙烯共聚合物水性分散液,美國,出口總值(含復出口),36.46662,37980
2015-10,39052100,醋酸乙烯共聚合物水性分散液,香港,出口總值(含復出口),17.3913,18000
2015-10,39052100,醋酸乙烯共聚合物水性分散液,紐西蘭,出口總值(含復出口),70.78995,79890
2015-10,39052100,醋酸乙烯共聚合物水性分散液,馬來西亞,出口總值(含復出口),49.20391,28800
2015-10,39052100,醋酸乙烯共聚合物水性分散液,智利,出口總值(含復出口),19.19779,18000
2015-10,39052100,醋酸乙烯共聚合物水性分散液,越南,出口總值(含復出口),137.38518,139200
2015-10,39052100,醋酸乙烯共聚合物水性分散液,新加坡,出口總值(含復出口),34.53766,35200
2015-10,39052100,醋酸乙烯共聚合物水性分散液,德國,進口總值(含復進口),29.88364,18000
2015-10,39052100,醋酸乙烯共聚合物水性分散液,墨西哥,出口總值(含復出口),71.18799,72870
2015-10,39052100,醋酸乙烯共聚合物水性分散液,澳大利亞,出口總值(含復出口),95.22351,99970
2015-11,29161410,甲基丙烯酸甲酯,中國大陸,進口總值(含復進口),60.49876,40000
2015-11,29161410,甲基丙烯酸甲酯,中國大陸,出口總值(含復出口),1167.58004,708220
2015-11,29161410,甲基丙烯酸甲酯,日本,進口總值(含復進口),3688.76231,2442161
2015-11,29161410,甲基丙烯酸甲酯,日本,出口總值(含復出口),27.5862,19740
2015-11,29161410,甲基丙烯酸甲酯,加拿大,出口總值(含復出口),26.63177,19720
2015-11,29161410,甲基丙烯酸甲酯,印尼,出口總值(含復出口),284.97536,213110
2015-11,29161410,甲基丙烯酸甲酯,印度,出口總值(含復出口),24.23029,15200
2015-11,29161410,甲基丙烯酸甲酯,西班牙,進口總值(含復進口),0.12315,3
2015-11,29161410,甲基丙烯酸甲酯,孟加拉,出口總值(含復出口),65.27093,45600
2015-11,29161410,甲基丙烯酸甲酯,阿拉伯聯合大公國,出口總值(含復出口),22.25985,15200
2015-11,29161410,甲基丙烯酸甲酯,南韓,出口總值(含復出口),1360.9298,900575
2015-11,29161410,甲基丙烯酸甲酯,美國,進口總值(含復進口),1.20073,9
2015-11,29161410,甲基丙烯酸甲酯,英國,進口總值(含復進口),0.46182,6
2015-11,29161410,甲基丙烯酸甲酯,香港,出口總值(含復出口),27.5862,21250
2015-11,29161410,甲基丙烯酸甲酯,泰國,進口總值(含復進口),5227.12438,3581137
2015-11,29161410,甲基丙烯酸甲酯,泰國,出口總值(含復出口),22.04433,15200
2015-11,29161410,甲基丙烯酸甲酯,馬來西亞,出口總值(含復出口),22.93719,15200
2015-11,29161410,甲基丙烯酸甲酯,斯里蘭卡,出口總值(含復出口),47.44458,30400
2015-11,29161410,甲基丙烯酸甲酯,菲律賓,出口總值(含復出口),379.9261,279520
2015-11,29161410,甲基丙烯酸甲酯,越南,出口總值(含復出口),1975.7697,1399829
2015-11,29161410,甲基丙烯酸甲酯,新加坡,進口總值(含復進口),2359.66748,1499129
2015-11,29161410,甲基丙烯酸甲酯,德國,進口總值(含復進口),27.0628,4
2015-11,29161410,甲基丙烯酸甲酯,澳大利亞,出口總值(含復出口),22.44458,15200
2015-11,29173300,鄰苯二甲酸二壬酯或二癸酯,中國大陸,出口總值(含復出口),375.43102,421000
2015-11,29173300,鄰苯二甲酸二壬酯或二癸酯,日本,進口總值(含復進口),0.03078,0
2015-11,29173300,鄰苯二甲酸二壬酯或二癸酯,日本,出口總值(含復出口),145.53571,139000
2015-11,29173300,鄰苯二甲酸二壬酯或二癸酯,以色列,出口總值(含復出口),40.0862,40000
2015-11,29173300,鄰苯二甲酸二壬酯或二癸酯,加拿大,出口總值(含復出口),133.18965,140000
2015-11,29173300,鄰苯二甲酸二壬酯或二癸酯,印尼,出口總值(含復出口),111.05294,100000
2015-11,29173300,鄰苯二甲酸二壬酯或二癸酯,阿拉伯聯合大公國,出口總值(含復出口),57.66625,59000
2015-11,29173300,鄰苯二甲酸二壬酯或二癸酯,阿根廷,出口總值(含復出口),24.69211,20000
2015-11,29173300,鄰苯二甲酸二壬酯或二癸酯,南韓,出口總值(含復出口),215.42487,219000
2015-11,29173300,鄰苯二甲酸二壬酯或二癸酯,美國,進口總值(含復進口),0.06156,0
2015-11,29173300,鄰苯二甲酸二壬酯或二癸酯,美國,出口總值(含復出口),170.72044,167000
2015-11,29173300,鄰苯二甲酸二壬酯或二癸酯,泰國,出口總值(含復出口),15.39408,16000
2015-11,29173300,鄰苯二甲酸二壬酯或二癸酯,烏克蘭,出口總值(含復出口),21.05911,20000
2015-11,29173300,鄰苯二甲酸二壬酯或二癸酯,馬來西亞,出口總值(含復出口),111.79187,118000
2015-11,29173300,鄰苯二甲酸二壬酯或二癸酯,菲律賓,出口總值(含復出口),213.76231,216000
2015-11,29173300,鄰苯二甲酸二壬酯或二癸酯,越南,出口總值(含復出口),253.17117,248000
2015-11,29173300,鄰苯二甲酸二壬酯或二癸酯,德國,進口總值(含復進口),0.06157,0
2015-11,29173300,鄰苯二甲酸二壬酯或二癸酯,墨西哥,出口總值(含復出口),125.18472,124000
2015-11,29173300,鄰苯二甲酸二壬酯或二癸酯,澳大利亞,出口總值(含復出口),196.6133,119000
2015-11,29321100,四氫?喃,中國大陸,出口總值(含復出口),1326.10837,926000
2015-11,29321100,四氫?喃,中華民國,進口總值(含復進口),0.06157,1
2015-11,29321100,四氫?喃,日本,進口總值(含復進口),0.03078,1
2015-11,29321100,四氫?喃,日本,出口總值(含復出口),465.6096,248060
2015-11,29321100,四氫?喃,比利時,出口總值(含復出口),133.43596,80020
2015-11,29321100,四氫?喃,加拿大,出口總值(含復出口),69.85837,34240
2015-11,29321100,四氫?喃,印度,出口總值(含復出口),1232.23522,787370
2015-11,29321100,四氫?喃,南韓,進口總值(含復進口),2.61699,355
2015-11,29321100,四氫?喃,南韓,出口總值(含復出口),700.70812,499670
2015-11,29321100,四氫?喃,美國,進口總值(含復進口),63.42364,4339
2015-11,29321100,四氫?喃,美國,出口總值(含復出口),24.69211,14400
2015-11,29321100,四氫?喃,英國,進口總值(含復進口),0.27709,4
2015-11,29321100,四氫?喃,哥倫比亞,出口總值(含復出口),38.63916,28800
2015-11,29321100,四氫?喃,埃及,出口總值(含復出口),24.38423,14400
2015-11,29321100,四氫?喃,馬來西亞,進口總值(含復進口),30.23399,14400
2015-11,29321100,四氫?喃,馬來西亞,出口總值(含復出口),24.84605,14400
2015-11,29321100,四氫?喃,荷蘭,出口總值(含復出口),109.48275,63240
2015-11,29321100,四氫?喃,越南,出口總值(含復出口),0.58497,180
2015-11,29321100,四氫?喃,義大利,出口總值(含復出口),34.51354,20030
2015-11,29321100,四氫?喃,德國,進口總值(含復進口),27.09359,1687
2015-11,29321100,四氫?喃,墨西哥,出口總值(含復出口),25.73891,14400
2015-11,29321100,四氫?喃,澳大利亞,出口總值(含復出口),24.4766,14400
2015-11,39032000,苯乙烯－丙烯?共聚合物，初級狀態,土耳其,出口總值(含復出口),22.53694,18000
2015-11,39032000,苯乙烯－丙烯?共聚合物，初級狀態,中國大陸,進口總值(含復進口),0.52339,150
2015-11,39032000,苯乙烯－丙烯?共聚合物，初級狀態,中國大陸,出口總值(含復出口),5783.99014,4751040
2015-11,39032000,苯乙烯－丙烯?共聚合物，初級狀態,中華民國,進口總值(含復進口),3.29433,5795
2015-11,39032000,苯乙烯－丙烯?共聚合物，初級狀態,巴西,出口總值(含復出口),129.12561,96000
2015-11,39032000,苯乙烯－丙烯?共聚合物，初級狀態,巴基斯坦,出口總值(含復出口),71.18226,56000
2015-11,39032000,苯乙烯－丙烯?共聚合物，初級狀態,日本,進口總值(含復進口),52.70935,38616
2015-11,39032000,苯乙烯－丙烯?共聚合物，初級狀態,日本,出口總值(含復出口),49.75369,38000
2015-11,39032000,苯乙烯－丙烯?共聚合物，初級狀態,印尼,出口總值(含復出口),470.87438,387000
2015-11,39032000,苯乙烯－丙烯?共聚合物，初級狀態,西班牙,出口總值(含復出口),3.69458,3000
2015-11,39032000,苯乙烯－丙烯?共聚合物，初級狀態,孟加拉,出口總值(含復出口),332.5431,256000
2015-11,39032000,苯乙烯－丙烯?共聚合物，初級狀態,波蘭,出口總值(含復出口),7.48152,6000
2015-11,39032000,苯乙烯－丙烯?共聚合物，初級狀態,法國,出口總值(含復出口),6.55788,4000
2015-11,39032000,苯乙烯－丙烯?共聚合物，初級狀態,阿拉伯聯合大公國,出口總值(含復出口),12.03817,9000
2015-11,39032000,苯乙烯－丙烯?共聚合物，初級狀態,阿根廷,出口總值(含復出口),89.96305,72000
2015-11,39032000,苯乙烯－丙烯?共聚合物，初級狀態,俄羅斯,出口總值(含復出口),58.22044,46750
2015-11,39032000,苯乙烯－丙烯?共聚合物，初級狀態,南韓,進口總值(含復進口),39.99384,32000
2015-11,39032000,苯乙烯－丙烯?共聚合物，初級狀態,突尼西亞,出口總值(含復出口),21.98275,18000
2015-11,39032000,苯乙烯－丙烯?共聚合物，初級狀態,美國,出口總值(含復出口),300,232450
2015-11,39032000,苯乙烯－丙烯?共聚合物，初級狀態,香港,出口總值(含復出口),714.25492,558162
2015-11,39032000,苯乙烯－丙烯?共聚合物，初級狀態,埃及,出口總值(含復出口),62.80788,32000
2015-11,39032000,苯乙烯－丙烯?共聚合物，初級狀態,泰國,出口總值(含復出口),535.19088,426000
2015-11,39032000,苯乙烯－丙烯?共聚合物，初級狀態,馬來西亞,出口總值(含復出口),270.35098,215000
2015-11,39032000,苯乙烯－丙烯?共聚合物，初級狀態,斯里蘭卡,出口總值(含復出口),25.89285,20000
2015-11,39032000,苯乙烯－丙烯?共聚合物，初級狀態,斯洛維尼亞,出口總值(含復出口),222.22906,166000
2015-11,39032000,苯乙烯－丙烯?共聚合物，初級狀態,智利,出口總值(含復出口),14.65517,12000
2015-11,39032000,苯乙烯－丙烯?共聚合物，初級狀態,菲律賓,出口總值(含復出口),45.10467,37500
2015-11,39032000,苯乙烯－丙烯?共聚合物，初級狀態,越南,出口總值(含復出口),118.28817,96000
2015-11,39032000,苯乙烯－丙烯?共聚合物，初級狀態,愛沙尼亞,出口總值(含復出口),70.84359,54000
2015-11,39032000,苯乙烯－丙烯?共聚合物，初級狀態,新加坡,出口總值(含復出口),12.5,10000
2015-11,39032000,苯乙烯－丙烯?共聚合物，初級狀態,瑞典,出口總值(含復出口),22.32142,18000
2015-11,39032000,苯乙烯－丙烯?共聚合物，初級狀態,義大利,進口總值(含復進口),4.4027,18
2015-11,39032000,苯乙烯－丙烯?共聚合物，初級狀態,義大利,出口總值(含復出口),23.86083,19000
2015-11,39032000,苯乙烯－丙烯?共聚合物，初級狀態,德國,出口總值(含復出口),4.86453,9320
2015-11,39032000,苯乙烯－丙烯?共聚合物，初級狀態,墨西哥,出口總值(含復出口),190.17857,152000
2015-11,39039010,甲基丙烯酸甲酯－丁二烯－苯乙烯（ＭＢＳ）共聚合物，初級狀態,中國大陸,出口總值(含復出口),2035.6527,730225
2015-11,39039010,甲基丙烯酸甲酯－丁二烯－苯乙烯（ＭＢＳ）共聚合物，初級狀態,日本,進口總值(含復進口),108.3128,42173
2015-11,39039010,甲基丙烯酸甲酯－丁二烯－苯乙烯（ＭＢＳ）共聚合物，初級狀態,日本,出口總值(含復出口),35.34482,14050
2015-11,39039010,甲基丙烯酸甲酯－丁二烯－苯乙烯（ＭＢＳ）共聚合物，初級狀態,比利時,出口總值(含復出口),10.22167,5000
2015-11,39039010,甲基丙烯酸甲酯－丁二烯－苯乙烯（ＭＢＳ）共聚合物，初級狀態,波蘭,出口總值(含復出口),2.0628,1000
2015-11,39039010,甲基丙烯酸甲酯－丁二烯－苯乙烯（ＭＢＳ）共聚合物，初級狀態,南韓,進口總值(含復進口),3.44827,1200
2015-11,39039010,甲基丙烯酸甲酯－丁二烯－苯乙烯（ＭＢＳ）共聚合物，初級狀態,南韓,出口總值(含復出口),18.34975,8000
2015-11,39039010,甲基丙烯酸甲酯－丁二烯－苯乙烯（ＭＢＳ）共聚合物，初級狀態,美國,進口總值(含復進口),7.57389,2000
2015-11,39039010,甲基丙烯酸甲酯－丁二烯－苯乙烯（ＭＢＳ）共聚合物，初級狀態,美國,出口總值(含復出口),1.90886,1075
2015-11,39039010,甲基丙烯酸甲酯－丁二烯－苯乙烯（ＭＢＳ）共聚合物，初級狀態,英國,出口總值(含復出口),14.19334,6800
2015-11,39039010,甲基丙烯酸甲酯－丁二烯－苯乙烯（ＭＢＳ）共聚合物，初級狀態,香港,出口總值(含復出口),195.78201,64475
2015-11,39039010,甲基丙烯酸甲酯－丁二烯－苯乙烯（ＭＢＳ）共聚合物，初級狀態,泰國,出口總值(含復出口),9.42118,8800
2015-11,39039010,甲基丙烯酸甲酯－丁二烯－苯乙烯（ＭＢＳ）共聚合物，初級狀態,紐西蘭,出口總值(含復出口),9.23645,3000
2015-11,39039010,甲基丙烯酸甲酯－丁二烯－苯乙烯（ＭＢＳ）共聚合物，初級狀態,馬來西亞,進口總值(含復進口),65.11699,28800
2015-11,39039010,甲基丙烯酸甲酯－丁二烯－苯乙烯（ＭＢＳ）共聚合物，初級狀態,馬來西亞,出口總值(含復出口),194.02709,73000
2015-11,39039010,甲基丙烯酸甲酯－丁二烯－苯乙烯（ＭＢＳ）共聚合物，初級狀態,菲律賓,出口總值(含復出口),36.23768,16500
2015-11,39039010,甲基丙烯酸甲酯－丁二烯－苯乙烯（ＭＢＳ）共聚合物，初級狀態,越南,出口總值(含復出口),86.91502,43659
2015-11,39039010,甲基丙烯酸甲酯－丁二烯－苯乙烯（ＭＢＳ）共聚合物，初級狀態,新加坡,進口總值(含復進口),3939.74753,2291400
2015-11,39039010,甲基丙烯酸甲酯－丁二烯－苯乙烯（ＭＢＳ）共聚合物，初級狀態,新加坡,出口總值(含復出口),54.31034,16000
2015-11,39039010,甲基丙烯酸甲酯－丁二烯－苯乙烯（ＭＢＳ）共聚合物，初級狀態,義大利,出口總值(含復出口),12.53078,6000
2015-11,39039010,甲基丙烯酸甲酯－丁二烯－苯乙烯（ＭＢＳ）共聚合物，初級狀態,德國,出口總值(含復出口),7.48152,3000
2015-11,39039010,甲基丙烯酸甲酯－丁二烯－苯乙烯（ＭＢＳ）共聚合物，初級狀態,澳大利亞,出口總值(含復出口),47.81403,18000
2015-11,39052100,醋酸乙烯共聚合物水性分散液,中國大陸,進口總值(含復進口),27.03201,20160
2015-11,39052100,醋酸乙烯共聚合物水性分散液,中國大陸,出口總值(含復出口),3898.86083,4171060
2015-11,39052100,醋酸乙烯共聚合物水性分散液,巴基斯坦,出口總值(含復出口),194.11945,216000
2015-11,39052100,醋酸乙烯共聚合物水性分散液,日本,進口總值(含復進口),2.46305,1400
2015-11,39052100,醋酸乙烯共聚合物水性分散液,日本,出口總值(含復出口),33.86699,36470
2015-11,39052100,醋酸乙烯共聚合物水性分散液,瓜地馬拉,出口總值(含復出口),17.98029,19980
2015-11,39052100,醋酸乙烯共聚合物水性分散液,印度,出口總值(含復出口),20.68965,17600
2015-11,39052100,醋酸乙烯共聚合物水性分散液,孟加拉,出口總值(含復出口),19.39655,15600
2015-11,39052100,醋酸乙烯共聚合物水性分散液,波多黎各,出口總值(含復出口),20.68965,19980
2015-11,39052100,醋酸乙烯共聚合物水性分散液,芬蘭,出口總值(含復出口),12.7463,16000
2015-11,39052100,醋酸乙烯共聚合物水性分散液,阿拉伯聯合大公國,出口總值(含復出口),31.46551,37460
2015-11,39052100,醋酸乙烯共聚合物水性分散液,阿根廷,出口總值(含復出口),93.10344,90200
2015-11,39052100,醋酸乙烯共聚合物水性分散液,俄羅斯,出口總值(含復出口),17.67241,16000
2015-11,39052100,醋酸乙烯共聚合物水性分散液,南韓,進口總值(含復進口),34.29802,31200
2015-11,39052100,醋酸乙烯共聚合物水性分散液,南韓,出口總值(含復出口),8.37438,8800
2015-11,39052100,醋酸乙烯共聚合物水性分散液,美國,進口總值(含復進口),10.56034,7800
2015-11,39052100,醋酸乙烯共聚合物水性分散液,哥倫比亞,出口總值(含復出口),4.95689,4400
2015-11,39052100,醋酸乙烯共聚合物水性分散液,埃及,出口總值(含復出口),67.02586,52800
2015-11,39052100,醋酸乙烯共聚合物水性分散液,紐西蘭,出口總值(含復出口),70.13546,77790
2015-11,39052100,醋酸乙烯共聚合物水性分散液,馬來西亞,出口總值(含復出口),27.15517,14400
2015-11,39052100,醋酸乙烯共聚合物水性分散液,越南,出口總值(含復出口),142.39532,153400
2015-11,39052100,醋酸乙烯共聚合物水性分散液,新加坡,出口總值(含復出口),66.53325,70400
2015-11,39052100,醋酸乙烯共聚合物水性分散液,墨西哥,出口總值(含復出口),34.26724,35200
2015-11,39052100,醋酸乙烯共聚合物水性分散液,澳大利亞,出口總值(含復出口),101.57019,99970
2015-12,29161410,甲基丙烯酸甲酯,中國大陸,進口總值(含復進口),63.15467,35273
2015-12,29161410,甲基丙烯酸甲酯,中國大陸,出口總值(含復出口),6602.78712,5016478
2015-12,29161410,甲基丙烯酸甲酯,日本,進口總值(含復進口),724.25727,548649
2015-12,29161410,甲基丙烯酸甲酯,孟加拉,出口總值(含復出口),21.96018,15200
2015-12,29161410,甲基丙烯酸甲酯,阿拉伯聯合大公國,出口總值(含復出口),22.29709,15200
2015-12,29161410,甲基丙烯酸甲酯,南韓,出口總值(含復出口),1399.05053,1002960
2015-12,29161410,甲基丙烯酸甲酯,美國,進口總值(含復進口),4.80857,3187
2015-12,29161410,甲基丙烯酸甲酯,英國,進口總值(含復進口),0.18376,7
2015-12,29161410,甲基丙烯酸甲酯,香港,出口總值(含復出口),66.09494,41370
2015-12,29161410,甲基丙烯酸甲酯,埃及,出口總值(含復出口),43.82848,30400
2015-12,29161410,甲基丙烯酸甲酯,泰國,進口總值(含復進口),1336.56967,971521
2015-12,29161410,甲基丙烯酸甲酯,秘魯,出口總值(含復出口),44.04287,30400
2015-12,29161410,甲基丙烯酸甲酯,菲律賓,出口總值(含復出口),64.86983,45600
2015-12,29161410,甲基丙烯酸甲酯,越南,出口總值(含復出口),1888.11638,1399833
2015-12,29161410,甲基丙烯酸甲酯,新加坡,進口總值(含復進口),7252.74119,4995841
2015-12,29161410,甲基丙烯酸甲酯,德國,進口總值(含復進口),130.16845,1021
2015-12,29173300,鄰苯二甲酸二壬酯或二癸酯,中國大陸,出口總值(含復出口),1449.31087,1853000
2015-12,29173300,鄰苯二甲酸二壬酯或二癸酯,巴西,出口總值(含復出口),300.94946,340000
2015-12,29173300,鄰苯二甲酸二壬酯或二癸酯,日本,進口總值(含復進口),0.21439,0
2015-12,29173300,鄰苯二甲酸二壬酯或二癸酯,日本,出口總值(含復出口),75.55895,80000
2015-12,29173300,鄰苯二甲酸二壬酯或二癸酯,比利時,出口總值(含復出口),18.31546,23000
2015-12,29173300,鄰苯二甲酸二壬酯或二癸酯,以色列,出口總值(含復出口),18.40735,20000
2015-12,29173300,鄰苯二甲酸二壬酯或二癸酯,加拿大,進口總值(含復進口),0.12251,0
2015-12,29173300,鄰苯二甲酸二壬酯或二癸酯,加拿大,出口總值(含復出口),167.04441,200000
2015-12,29173300,鄰苯二甲酸二壬酯或二癸酯,印尼,出口總值(含復出口),44.0735,48000
2015-12,29173300,鄰苯二甲酸二壬酯或二癸酯,沙烏地阿拉伯,出口總值(含復出口),15.52833,16000
2015-12,29173300,鄰苯二甲酸二壬酯或二癸酯,阿拉伯聯合大公國,出口總值(含復出口),41.25574,59000
2015-12,29173300,鄰苯二甲酸二壬酯或二癸酯,阿曼,出口總值(含復出口),128.72894,140000
2015-12,29173300,鄰苯二甲酸二壬酯或二癸酯,南韓,出口總值(含復出口),220.12251,240000
2015-12,29173300,鄰苯二甲酸二壬酯或二癸酯,突尼西亞,出口總值(含復出口),52.37366,59000
2015-12,29173300,鄰苯二甲酸二壬酯或二癸酯,美國,進口總值(含復進口),0.18375,0
2015-12,29173300,鄰苯二甲酸二壬酯或二癸酯,美國,出口總值(含復出口),220.94946,242000
2015-12,29173300,鄰苯二甲酸二壬酯或二癸酯,英國,出口總值(含復出口),56.07963,69000
2015-12,29173300,鄰苯二甲酸二壬酯或二癸酯,泰國,出口總值(含復出口),141.1026,159000
2015-12,29173300,鄰苯二甲酸二壬酯或二癸酯,烏克蘭,出口總值(含復出口),19.14241,20000
2015-12,29173300,鄰苯二甲酸二壬酯或二癸酯,馬來西亞,出口總值(含復出口),52.52679,60000
2015-12,29173300,鄰苯二甲酸二壬酯或二癸酯,菲律賓,出口總值(含復出口),87.65696,80000
2015-12,29173300,鄰苯二甲酸二壬酯或二癸酯,越南,出口總值(含復出口),184.71669,200000
2015-12,29173300,鄰苯二甲酸二壬酯或二癸酯,新加坡,出口總值(含復出口),7.28943,8000
2015-12,29173300,鄰苯二甲酸二壬酯或二癸酯,德國,進口總值(含復進口),0.06125,0
2015-12,29173300,鄰苯二甲酸二壬酯或二癸酯,墨西哥,出口總值(含復出口),185.66615,208000
2015-12,29173300,鄰苯二甲酸二壬酯或二癸酯,澳大利亞,出口總值(含復出口),18.62174,20000
2015-12,29321100,四氫?喃,中國大陸,進口總值(含復進口),34.76263,28800
2015-12,29321100,四氫?喃,中國大陸,出口總值(含復出口),627.16692,388800
2015-12,29321100,四氫?喃,日本,出口總值(含復出口),654.97702,352150
2015-12,29321100,四氫?喃,比利時,出口總值(含復出口),158.49923,94450
2015-12,29321100,四氫?喃,加拿大,出口總值(含復出口),29.80091,19990
2015-12,29321100,四氫?喃,印度,出口總值(含復出口),2448.39203,1607160
2015-12,29321100,四氫?喃,西班牙,進口總值(含復進口),0.64318,9
2015-12,29321100,四氫?喃,南韓,進口總值(含復進口),2.4196,288
2015-12,29321100,四氫?喃,南韓,出口總值(含復出口),2063.30781,1434400
2015-12,29321100,四氫?喃,美國,進口總值(含復進口),21.92955,2265
2015-12,29321100,四氫?喃,美國,出口總值(含復出口),88.54517,54240
2015-12,29321100,四氫?喃,英國,進口總值(含復進口),0.3369,5
2015-12,29321100,四氫?喃,哥倫比亞,出口總值(含復出口),38.65237,28800
2015-12,29321100,四氫?喃,泰國,出口總值(含復出口),64.6248,28800
2015-12,29321100,四氫?喃,荷蘭,出口總值(含復出口),75.06891,43200
2015-12,29321100,四氫?喃,越南,出口總值(含復出口),0.58192,180
2015-12,29321100,四氫?喃,德國,進口總值(含復進口),12.71056,1091
2015-12,29321100,四氫?喃,墨西哥,出口總值(含復出口),25.88055,14400
2015-12,39032000,苯乙烯－丙烯?共聚合物，初級狀態,土耳其,出口總值(含復出口),54.42572,48000
2015-12,39032000,苯乙烯－丙烯?共聚合物，初級狀態,中國大陸,出口總值(含復出口),5664.83919,4862395
2015-12,39032000,苯乙烯－丙烯?共聚合物，初級狀態,中華民國,進口總值(含復進口),16.049,28419
2015-12,39032000,苯乙烯－丙烯?共聚合物，初級狀態,巴西,出口總值(含復出口),99.5712,83000
2015-12,39032000,苯乙烯－丙烯?共聚合物，初級狀態,巴基斯坦,出口總值(含復出口),35.92649,30000
2015-12,39032000,苯乙烯－丙烯?共聚合物，初級狀態,日本,進口總值(含復進口),106.12557,53480
2015-12,39032000,苯乙烯－丙烯?共聚合物，初級狀態,日本,出口總值(含復出口),81.25574,65625
2015-12,39032000,苯乙烯－丙烯?共聚合物，初級狀態,以色列,出口總值(含復出口),35.4977,30000
2015-12,39032000,苯乙烯－丙烯?共聚合物，初級狀態,加拿大,出口總值(含復出口),21.83767,18000
2015-12,39032000,苯乙烯－丙烯?共聚合物，初級狀態,印尼,出口總值(含復出口),427.07503,370750
2015-12,39032000,苯乙烯－丙烯?共聚合物，初級狀態,西班牙,進口總值(含復進口),24.31852,20320
2015-12,39032000,苯乙烯－丙烯?共聚合物，初級狀態,西班牙,出口總值(含復出口),15.34456,13000
2015-12,39032000,苯乙烯－丙烯?共聚合物，初級狀態,沙烏地阿拉伯,出口總值(含復出口),19.75497,16000
2015-12,39032000,苯乙烯－丙烯?共聚合物，初級狀態,奈及利亞,出口總值(含復出口),2.66462,2000
2015-12,39032000,苯乙烯－丙烯?共聚合物，初級狀態,孟加拉,出口總值(含復出口),117.85604,98000
2015-12,39032000,苯乙烯－丙烯?共聚合物，初級狀態,波蘭,出口總值(含復出口),8.33078,7000
2015-12,39032000,苯乙烯－丙烯?共聚合物，初級狀態,阿拉伯聯合大公國,出口總值(含復出口),13.47626,10000
2015-12,39032000,苯乙烯－丙烯?共聚合物，初級狀態,阿根廷,出口總值(含復出口),61.74578,50400
2015-12,39032000,苯乙烯－丙烯?共聚合物，初級狀態,俄羅斯,出口總值(含復出口),50.32159,43000
2015-12,39032000,苯乙烯－丙烯?共聚合物，初級狀態,南非,出口總值(含復出口),39.66309,33000
2015-12,39032000,苯乙烯－丙烯?共聚合物，初級狀態,南韓,進口總值(含復進口),80.61255,70000
2015-12,39032000,苯乙烯－丙烯?共聚合物，初級狀態,美國,出口總值(含復出口),28.5758,24000
2015-12,39032000,苯乙烯－丙烯?共聚合物，初級狀態,英國,出口總值(含復出口),18.03981,15000
2015-12,39032000,苯乙烯－丙烯?共聚合物，初級狀態,香港,出口總值(含復出口),1005.32924,851200
2015-12,39032000,苯乙烯－丙烯?共聚合物，初級狀態,泰國,出口總值(含復出口),583.24655,490000
2015-12,39032000,苯乙烯－丙烯?共聚合物，初級狀態,馬來西亞,進口總值(含復進口),27.10566,9100
2015-12,39032000,苯乙烯－丙烯?共聚合物，初級狀態,馬來西亞,出口總值(含復出口),153.04747,132000
2015-12,39032000,苯乙烯－丙烯?共聚合物，初級狀態,荷蘭,出口總值(含復出口),333.01684,281100
2015-12,39032000,苯乙烯－丙烯?共聚合物，初級狀態,斯里蘭卡,出口總值(含復出口),16.87595,14000
2015-12,39032000,苯乙烯－丙烯?共聚合物，初級狀態,斯洛維尼亞,出口總值(含復出口),65.20673,48000
2015-12,39032000,苯乙烯－丙烯?共聚合物，初級狀態,智利,出口總值(含復出口),9.40275,8000
2015-12,39032000,苯乙烯－丙烯?共聚合物，初級狀態,越南,出口總值(含復出口),84.2879,69125
2015-12,39032000,苯乙烯－丙烯?共聚合物，初級狀態,瑞典,出口總值(含復出口),94.85451,77625
2015-12,39032000,苯乙烯－丙烯?共聚合物，初級狀態,義大利,出口總值(含復出口),56.53905,48000
2015-12,39032000,苯乙烯－丙烯?共聚合物，初級狀態,德國,出口總值(含復出口),141.74578,116000
2015-12,39032000,苯乙烯－丙烯?共聚合物，初級狀態,墨西哥,出口總值(含復出口),163.70597,136000
2015-12,39032000,苯乙烯－丙烯?共聚合物，初級狀態,澳大利亞,出口總值(含復出口),3.95099,3000
2015-12,39039010,甲基丙烯酸甲酯－丁二烯－苯乙烯（ＭＢＳ）共聚合物，初級狀態,中國大陸,出口總值(含復出口),1525.66614,546575
2015-12,39039010,甲基丙烯酸甲酯－丁二烯－苯乙烯（ＭＢＳ）共聚合物，初級狀態,日本,進口總值(含復進口),666.33996,392729
2015-12,39039010,甲基丙烯酸甲酯－丁二烯－苯乙烯（ＭＢＳ）共聚合物，初級狀態,日本,出口總值(含復出口),110.0153,48450
2015-12,39039010,甲基丙烯酸甲酯－丁二烯－苯乙烯（ＭＢＳ）共聚合物，初級狀態,比利時,出口總值(含復出口),113.47626,56000
2015-12,39039010,甲基丙烯酸甲酯－丁二烯－苯乙烯（ＭＢＳ）共聚合物，初級狀態,加拿大,出口總值(含復出口),6.03369,3000
2015-12,39039010,甲基丙烯酸甲酯－丁二烯－苯乙烯（ＭＢＳ）共聚合物，初級狀態,印尼,進口總值(含復進口),8.08575,2250
2015-12,39039010,甲基丙烯酸甲酯－丁二烯－苯乙烯（ＭＢＳ）共聚合物，初級狀態,法國,出口總值(含復出口),94.97702,45000
2015-12,39039010,甲基丙烯酸甲酯－丁二烯－苯乙烯（ＭＢＳ）共聚合物，初級狀態,南非,出口總值(含復出口),2.02143,1000
2015-12,39039010,甲基丙烯酸甲酯－丁二烯－苯乙烯（ＭＢＳ）共聚合物，初級狀態,南韓,進口總值(含復進口),129.24961,77200
2015-12,39039010,甲基丙烯酸甲酯－丁二烯－苯乙烯（ＭＢＳ）共聚合物，初級狀態,南韓,出口總值(含復出口),16.84532,8000
2015-12,39039010,甲基丙烯酸甲酯－丁二烯－苯乙烯（ＭＢＳ）共聚合物，初級狀態,英國,出口總值(含復出口),24.31852,11500
2015-12,39039010,甲基丙烯酸甲酯－丁二烯－苯乙烯（ＭＢＳ）共聚合物，初級狀態,香港,出口總值(含復出口),123.33843,36025
2015-12,39039010,甲基丙烯酸甲酯－丁二烯－苯乙烯（ＭＢＳ）共聚合物，初級狀態,泰國,出口總值(含復出口),74.05819,29800
2015-12,39039010,甲基丙烯酸甲酯－丁二烯－苯乙烯（ＭＢＳ）共聚合物，初級狀態,馬來西亞,出口總值(含復出口),120.91883,44000
2015-12,39039010,甲基丙烯酸甲酯－丁二烯－苯乙烯（ＭＢＳ）共聚合物，初級狀態,越南,出口總值(含復出口),27.10566,11000
2015-12,39039010,甲基丙烯酸甲酯－丁二烯－苯乙烯（ＭＢＳ）共聚合物，初級狀態,新加坡,進口總值(含復進口),1665.9418,1008000
2015-12,39039010,甲基丙烯酸甲酯－丁二烯－苯乙烯（ＭＢＳ）共聚合物，初級狀態,義大利,出口總值(含復出口),26.67687,13000
2015-12,39039010,甲基丙烯酸甲酯－丁二烯－苯乙烯（ＭＢＳ）共聚合物，初級狀態,德國,出口總值(含復出口),4.19601,2000
2015-12,39039010,甲基丙烯酸甲酯－丁二烯－苯乙烯（ＭＢＳ）共聚合物，初級狀態,澳大利亞,出口總值(含復出口),10.93415,4000
2015-12,39052100,醋酸乙烯共聚合物水性分散液,中國大陸,進口總值(含復進口),15.86523,12000
2015-12,39052100,醋酸乙烯共聚合物水性分散液,中國大陸,出口總值(含復出口),2434.54823,2626140
2015-12,39052100,醋酸乙烯共聚合物水性分散液,巴基斯坦,出口總值(含復出口),207.13629,234000
2015-12,39052100,醋酸乙烯共聚合物水性分散液,日本,進口總值(含復進口),11.02603,1160
2015-12,39052100,醋酸乙烯共聚合物水性分散液,瓜地馬拉,出口總值(含復出口),17.54977,17600
2015-12,39052100,醋酸乙烯共聚合物水性分散液,西班牙,進口總值(含復進口),5.35987,2000
2015-12,39052100,醋酸乙烯共聚合物水性分散液,孟加拉,出口總值(含復出口),19.96937,15600
2015-12,39052100,醋酸乙烯共聚合物水性分散液,阿拉伯聯合大公國,出口總值(含復出口),15.92649,20060
2015-12,39052100,醋酸乙烯共聚合物水性分散液,阿根廷,出口總值(含復出口),37.79479,37400
2015-12,39052100,醋酸乙烯共聚合物水性分散液,南韓,進口總值(含復進口),15.52833,15600
2015-12,39052100,醋酸乙烯共聚合物水性分散液,南韓,出口總值(含復出口),8.60643,8800
2015-12,39052100,醋酸乙烯共聚合物水性分散液,美國,進口總值(含復進口),11.11791,7995
2015-12,39052100,醋酸乙烯共聚合物水性分散液,美國,出口總值(含復出口),37.97856,38190
2015-12,39052100,醋酸乙烯共聚合物水性分散液,香港,出口總值(含復出口),16.56967,18000
2015-12,39052100,醋酸乙烯共聚合物水性分散液,埃及,出口總值(含復出口),45.26799,34400
2015-12,39052100,醋酸乙烯共聚合物水性分散液,紐西蘭,出口總值(含復出口),17.12098,20250
2015-12,39052100,醋酸乙烯共聚合物水性分散液,馬來西亞,出口總值(含復出口),26.55436,14400
2015-12,39052100,醋酸乙烯共聚合物水性分散液,越南,出口總值(含復出口),114.67075,118600
2015-12,39052100,醋酸乙烯共聚合物水性分散液,新加坡,出口總值(含復出口),83.88973,88000
2015-12,39052100,醋酸乙烯共聚合物水性分散液,墨西哥,出口總值(含復出口),51.39356,52800
2015-12,39052100,醋酸乙烯共聚合物水性分散液,澳大利亞,出口總值(含復出口),38.03981,39300
2015-1,39069010,其他丙烯酸聚合物粒，初級狀態,土耳其,出口總值(含復出口),2832.36866,1696200
2015-1,39069010,其他丙烯酸聚合物粒，初級狀態,中國大陸,進口總值(含復進口),925.98301,336363
2015-1,39069010,其他丙烯酸聚合物粒，初級狀態,中國大陸,出口總值(含復出口),9050.99087,3876918
2015-1,39069010,其他丙烯酸聚合物粒，初級狀態,中華民國,進口總值(含復進口),39.98112,16000
2015-1,39069010,其他丙烯酸聚合物粒，初級狀態,巴西,出口總值(含復出口),143.97609,81000
2015-1,39069010,其他丙烯酸聚合物粒，初級狀態,巴基斯坦,出口總值(含復出口),85.53004,46400
2015-1,39069010,其他丙烯酸聚合物粒，初級狀態,日本,進口總值(含復進口),650.58194,257493
2015-1,39069010,其他丙烯酸聚合物粒，初級狀態,日本,出口總值(含復出口),175.77854,88825
2015-1,39069010,其他丙烯酸聚合物粒，初級狀態,比利時,進口總值(含復進口),102.07612,34500
2015-1,39069010,其他丙烯酸聚合物粒，初級狀態,以色列,進口總值(含復進口),168.70084,18000
2015-1,39069010,其他丙烯酸聚合物粒，初級狀態,以色列,出口總值(含復出口),188.32966,100000
2015-1,39069010,其他丙烯酸聚合物粒，初級狀態,加拿大,進口總值(含復進口),0.06291,0
2015-1,39069010,其他丙烯酸聚合物粒，初級狀態,加拿大,出口總值(含復出口),42.02579,18000
2015-1,39069010,其他丙烯酸聚合物粒，初級狀態,伊朗,出口總值(含復出口),58.22585,32000
2015-1,39069010,其他丙烯酸聚合物粒，初級狀態,匈牙利,出口總值(含復出口),4.74992,1000
2015-1,39069010,其他丙烯酸聚合物粒，初級狀態,印尼,出口總值(含復出口),291.4753,134000
2015-1,39069010,其他丙烯酸聚合物粒，初級狀態,印度,出口總值(含復出口),310.88392,129600
2015-1,39069010,其他丙烯酸聚合物粒，初級狀態,西班牙,出口總值(含復出口),28.40515,12800
2015-1,39069010,其他丙烯酸聚合物粒，初級狀態,沙烏地阿拉伯,出口總值(含復出口),168.82667,80000
2015-1,39069010,其他丙烯酸聚合物粒，初級狀態,孟加拉,出口總值(含復出口),159.95596,85750
2015-1,39069010,其他丙烯酸聚合物粒，初級狀態,法國,進口總值(含復進口),11.67033,282
2015-1,39069010,其他丙烯酸聚合物粒，初級狀態,阿拉伯聯合大公國,出口總值(含復出口),147.24756,76000
2015-1,39069010,其他丙烯酸聚合物粒，初級狀態,阿根廷,出口總值(含復出口),14.2183,6000
2015-1,39069010,其他丙烯酸聚合物粒，初級狀態,南非,出口總值(含復出口),710.7581,375000
2015-1,39069010,其他丙烯酸聚合物粒，初級狀態,南韓,進口總值(含復進口),1084.02013,410220
2015-1,39069010,其他丙烯酸聚合物粒，初級狀態,南韓,出口總值(含復出口),239.16325,103400
2015-1,39069010,其他丙烯酸聚合物粒，初級狀態,科威特,出口總值(含復出口),121.83076,64000
2015-1,39069010,其他丙烯酸聚合物粒，初級狀態,約旦,出口總值(含復出口),129.72632,80000
2015-1,39069010,其他丙烯酸聚合物粒，初級狀態,美國,進口總值(含復進口),393.51997,77700
2015-1,39069010,其他丙烯酸聚合物粒，初級狀態,美國,出口總值(含復出口),230.85876,100000
2015-1,39069010,其他丙烯酸聚合物粒，初級狀態,英國,進口總值(含復進口),65.27209,18902
2015-1,39069010,其他丙烯酸聚合物粒，初級狀態,英國,出口總值(含復出口),138.9116,56200
2015-1,39069010,其他丙烯酸聚合物粒，初級狀態,香港,出口總值(含復出口),1291.09782,510425
2015-1,39069010,其他丙烯酸聚合物粒，初級狀態,埃及,出口總值(含復出口),100.75495,54400
2015-1,39069010,其他丙烯酸聚合物粒，初級狀態,泰國,出口總值(含復出口),355.45769,149375
2015-1,39069010,其他丙烯酸聚合物粒，初級狀態,秘魯,出口總值(含復出口),34.31896,16000
2015-1,39069010,其他丙烯酸聚合物粒，初級狀態,紐西蘭,出口總值(含復出口),84.71217,35800
2015-1,39069010,其他丙烯酸聚合物粒，初級狀態,馬來西亞,出口總值(含復出口),325.95155,148753
2015-1,39069010,其他丙烯酸聚合物粒，初級狀態,荷蘭,進口總值(含復進口),58.22585,12500
2015-1,39069010,其他丙烯酸聚合物粒，初級狀態,荷蘭,出口總值(含復出口),35.76596,16000
2015-1,39069010,其他丙烯酸聚合物粒，初級狀態,斯里蘭卡,出口總值(含復出口),10.44353,5010
2015-1,39069010,其他丙烯酸聚合物粒，初級狀態,斯洛維尼亞,出口總值(含復出口),29.16011,13000
2015-1,39069010,其他丙烯酸聚合物粒，初級狀態,菲律賓,出口總值(含復出口),82.44731,37284
2015-1,39069010,其他丙烯酸聚合物粒，初級狀態,越南,出口總值(含復出口),499.74834,209740
2015-1,39069010,其他丙烯酸聚合物粒，初級狀態,愛爾蘭,出口總值(含復出口),122.64863,54000
2015-1,39069010,其他丙烯酸聚合物粒，初級狀態,新加坡,進口總值(含復進口),723.65523,283550
2015-1,39069010,其他丙烯酸聚合物粒，初級狀態,新加坡,出口總值(含復出口),262.00062,132800
2015-1,39069010,其他丙烯酸聚合物粒，初級狀態,瑞士,進口總值(含復進口),9.21673,22
2015-1,39069010,其他丙烯酸聚合物粒，初級狀態,瑞典,進口總值(含復進口),110.94683,1134
2015-1,39069010,其他丙烯酸聚合物粒，初級狀態,瑞典,出口總值(含復出口),20.5725,9000
2015-1,39069010,其他丙烯酸聚合物粒，初級狀態,義大利,出口總值(含復出口),48.37999,22000
2015-1,39069010,其他丙烯酸聚合物粒，初級狀態,德國,進口總值(含復進口),312.11072,12523
2015-1,39069010,其他丙烯酸聚合物粒，初級狀態,德國,出口總值(含復出口),4.46681,2000
2015-1,39069010,其他丙烯酸聚合物粒，初級狀態,墨西哥,出口總值(含復出口),139.03743,80000
2015-1,39069010,其他丙烯酸聚合物粒，初級狀態,澳大利亞,出口總值(含復出口),5.59924,2100
2015-1,39071000,聚縮醛，初級狀態,土耳其,出口總值(含復出口),227.02107,180000
2015-1,39071000,聚縮醛，初級狀態,中國大陸,進口總值(含復進口),132.21138,31000
2015-1,39071000,聚縮醛，初級狀態,中國大陸,出口總值(含復出口),5403.93205,3642741
2015-1,39071000,聚縮醛，初級狀態,中華民國,進口總值(含復進口),0.18873,125
2015-1,39071000,聚縮醛，初級狀態,巴西,出口總值(含復出口),25.25951,20000
2015-1,39071000,聚縮醛，初級狀態,日本,進口總值(含復進口),344.07046,118622
2015-1,39071000,聚縮醛，初級狀態,日本,出口總值(含復出口),483.01352,225825
2015-1,39071000,聚縮醛，初級狀態,比利時,出口總值(含復出口),70.90279,54000
2015-1,39071000,聚縮醛，初級狀態,伊朗,出口總值(含復出口),92.16734,56400
2015-1,39071000,聚縮醛，初級狀態,印尼,出口總值(含復出口),195.65901,88000
2015-1,39071000,聚縮醛，初級狀態,孟加拉,出口總值(含復出口),49.73262,40000
2015-1,39071000,聚縮醛，初級狀態,南韓,進口總值(含復進口),156.65303,88000
2015-1,39071000,聚縮醛，初級狀態,南韓,出口總值(含復出口),53.50739,37500
2015-1,39071000,聚縮醛，初級狀態,美國,進口總值(含復進口),344.98269,105520
2015-1,39071000,聚縮醛，初級狀態,英國,出口總值(含復出口),71.34318,54000
2015-1,39071000,聚縮醛，初級狀態,香港,進口總值(含復進口),25.73136,18000
2015-1,39071000,聚縮醛，初級狀態,香港,出口總值(含復出口),1363.8251,619075
2015-1,39071000,聚縮醛，初級狀態,泰國,進口總值(含復進口),364.61151,230900
2015-1,39071000,聚縮醛，初級狀態,泰國,出口總值(含復出口),22.36552,18000
2015-1,39071000,聚縮醛，初級狀態,馬來西亞,進口總值(含復進口),926.17175,650100
2015-1,39071000,聚縮醛，初級狀態,馬來西亞,出口總值(含復出口),41.33375,29525
2015-1,39071000,聚縮醛，初級狀態,馬爾他,出口總值(含復出口),92.9223,72000
2015-1,39071000,聚縮醛，初級狀態,荷蘭,進口總值(含復進口),204.65555,47000
2015-1,39071000,聚縮醛，初級狀態,荷蘭,出口總值(含復出口),172.00377,144000
2015-1,39071000,聚縮醛，初級狀態,菲律賓,出口總值(含復出口),144.5423,59700
2015-1,39071000,聚縮醛，初級狀態,越南,出口總值(含復出口),41.77413,30154
2015-1,39071000,聚縮醛，初級狀態,新加坡,進口總值(含復進口),23.52941,1793
2015-1,39071000,聚縮醛，初級狀態,德國,進口總值(含復進口),2.70525,2000
2015-1,39071000,聚縮醛，初級狀態,德國,出口總值(含復出口),113.68354,90000
2015-1,39071000,聚縮醛，初級狀態,墨西哥,出口總值(含復出口),6.92041,3100
2015-2,39069010,其他丙烯酸聚合物粒，初級狀態,土耳其,出口總值(含復出口),1616.6242,977600
2015-2,39069010,其他丙烯酸聚合物粒，初級狀態,中國大陸,進口總值(含復進口),759.3949,307795
2015-2,39069010,其他丙烯酸聚合物粒，初級狀態,中國大陸,出口總值(含復出口),6775.31846,3018793
2015-2,39069010,其他丙烯酸聚合物粒，初級狀態,丹麥,進口總值(含復進口),0.41401,50
2015-2,39069010,其他丙烯酸聚合物粒，初級狀態,巴西,出口總值(含復出口),218.12101,122000
2015-2,39069010,其他丙烯酸聚合物粒，初級狀態,巴基斯坦,出口總值(含復出口),93.7898,38000
2015-2,39069010,其他丙烯酸聚合物粒，初級狀態,日本,進口總值(含復進口),1270.38216,494681
2015-2,39069010,其他丙烯酸聚合物粒，初級狀態,日本,出口總值(含復出口),115.31846,57102
2015-2,39069010,其他丙烯酸聚合物粒，初級狀態,比利時,進口總值(含復進口),108.02547,5760
2015-2,39069010,其他丙烯酸聚合物粒，初級狀態,比利時,出口總值(含復出口),1.91082,1000
2015-2,39069010,其他丙烯酸聚合物粒，初級狀態,以色列,出口總值(含復出口),110.5414,59800
2015-2,39069010,其他丙烯酸聚合物粒，初級狀態,伊朗,出口總值(含復出口),35.63694,16000
2015-2,39069010,其他丙烯酸聚合物粒，初級狀態,印尼,出口總值(含復出口),195.4777,92025
2015-2,39069010,其他丙烯酸聚合物粒，初級狀態,印度,出口總值(含復出口),166.49681,69370
2015-2,39069010,其他丙烯酸聚合物粒，初級狀態,沙烏地阿拉伯,出口總值(含復出口),176.17834,83000
2015-2,39069010,其他丙烯酸聚合物粒，初級狀態,孟加拉,出口總值(含復出口),97.42038,72600
2015-2,39069010,其他丙烯酸聚合物粒，初級狀態,法國,進口總值(含復進口),59.3949,15142
2015-2,39069010,其他丙烯酸聚合物粒，初級狀態,法國,出口總值(含復出口),16.94267,8000
2015-2,39069010,其他丙烯酸聚合物粒，初級狀態,阿拉伯聯合大公國,出口總值(含復出口),115.85987,60000
2015-2,39069010,其他丙烯酸聚合物粒，初級狀態,阿曼,出口總值(含復出口),26.21019,16000
2015-2,39069010,其他丙烯酸聚合物粒，初級狀態,南非,出口總值(含復出口),131.49681,68000
2015-2,39069010,其他丙烯酸聚合物粒，初級狀態,南韓,進口總值(含復進口),663.50318,241020
2015-2,39069010,其他丙烯酸聚合物粒，初級狀態,南韓,出口總值(含復出口),180.76433,80350
2015-2,39069010,其他丙烯酸聚合物粒，初級狀態,科威特,出口總值(含復出口),56.94267,32000
2015-2,39069010,其他丙烯酸聚合物粒，初級狀態,突尼西亞,出口總值(含復出口),0.12738,50
2015-2,39069010,其他丙烯酸聚合物粒，初級狀態,約旦,出口總值(含復出口),156.43312,96000
2015-2,39069010,其他丙烯酸聚合物粒，初級狀態,美國,進口總值(含復進口),474.68152,87899
2015-2,39069010,其他丙烯酸聚合物粒，初級狀態,美國,出口總值(含復出口),309.20382,128553
2015-2,39069010,其他丙烯酸聚合物粒，初級狀態,英國,進口總值(含復進口),21.97452,5400
2015-2,39069010,其他丙烯酸聚合物粒，初級狀態,英國,出口總值(含復出口),150.06369,64156
2015-2,39069010,其他丙烯酸聚合物粒，初級狀態,香港,出口總值(含復出口),1041.84713,431269
2015-2,39069010,其他丙烯酸聚合物粒，初級狀態,埃及,出口總值(含復出口),19.64968,8000
2015-2,39069010,其他丙烯酸聚合物粒，初級狀態,泰國,出口總值(含復出口),405.50955,170200
2015-2,39069010,其他丙烯酸聚合物粒，初級狀態,馬來西亞,進口總值(含復進口),94.04458,10000
2015-2,39069010,其他丙烯酸聚合物粒，初級狀態,馬來西亞,出口總值(含復出口),214.07643,110200
2015-2,39069010,其他丙烯酸聚合物粒，初級狀態,敘利亞,出口總值(含復出口),28.75796,16000
2015-2,39069010,其他丙烯酸聚合物粒，初級狀態,荷蘭,出口總值(含復出口),70.79617,32800
2015-2,39069010,其他丙烯酸聚合物粒，初級狀態,斯里蘭卡,出口總值(含復出口),13.50318,8000
2015-2,39069010,其他丙烯酸聚合物粒，初級狀態,菲律賓,出口總值(含復出口),1424.55414,732815
2015-2,39069010,其他丙烯酸聚合物粒，初級狀態,越南,出口總值(含復出口),501.21019,223178
2015-2,39069010,其他丙烯酸聚合物粒，初級狀態,愛爾蘭,出口總值(含復出口),159.36305,72000
2015-2,39069010,其他丙烯酸聚合物粒，初級狀態,新加坡,進口總值(含復進口),664.58598,225800
2015-2,39069010,其他丙烯酸聚合物粒，初級狀態,新加坡,出口總值(含復出口),269.01273,127500
2015-2,39069010,其他丙烯酸聚合物粒，初級狀態,瑞典,進口總值(含復進口),96.75159,1308
2015-2,39069010,其他丙烯酸聚合物粒，初級狀態,義大利,出口總值(含復出口),48.3121,24000
2015-2,39069010,其他丙烯酸聚合物粒，初級狀態,德國,進口總值(含復進口),73.63057,13250
2015-2,39069010,其他丙烯酸聚合物粒，初級狀態,黎巴嫩,出口總值(含復出口),26.21019,16000
2015-2,39069010,其他丙烯酸聚合物粒，初級狀態,墨西哥,出口總值(含復出口),416.05095,228000
2015-2,39069010,其他丙烯酸聚合物粒，初級狀態,澳大利亞,進口總值(含復進口),0.03184,0
2015-2,39069010,其他丙烯酸聚合物粒，初級狀態,澳大利亞,出口總值(含復出口),21.05095,8200
2015-2,39071000,聚縮醛，初級狀態,土耳其,出口總值(含復出口),157.00636,126000
2015-2,39071000,聚縮醛，初級狀態,中國大陸,進口總值(含復進口),199.10828,48200
2015-2,39071000,聚縮醛，初級狀態,中國大陸,出口總值(含復出口),2539.64968,1644725
2015-2,39071000,聚縮醛，初級狀態,中華民國,進口總值(含復進口),3.56687,263
2015-2,39071000,聚縮醛，初級狀態,巴西,出口總值(含復出口),24.61783,20000
2015-2,39071000,聚縮醛，初級狀態,日本,進口總值(含復進口),518.75796,138675
2015-2,39071000,聚縮醛，初級狀態,日本,出口總值(含復出口),269.77707,128000
2015-2,39071000,聚縮醛，初級狀態,比利時,出口總值(含復出口),174.14012,144000
2015-2,39071000,聚縮醛，初級狀態,加拿大,出口總值(含復出口),0.38216,150
2015-2,39071000,聚縮醛，初級狀態,伊朗,出口總值(含復出口),26.33757,20000
2015-2,39071000,聚縮醛，初級狀態,印尼,出口總值(含復出口),246.0191,108000
2015-2,39071000,聚縮醛，初級狀態,印度,出口總值(含復出口),90.44585,80000
2015-2,39071000,聚縮醛，初級狀態,西班牙,出口總值(含復出口),110.5414,90000
2015-2,39071000,聚縮醛，初級狀態,阿拉伯聯合大公國,出口總值(含復出口),24.36305,18000
2015-2,39071000,聚縮醛，初級狀態,南韓,進口總值(含復進口),52.45222,35875
2015-2,39071000,聚縮醛，初級狀態,南韓,出口總值(含復出口),48.50318,36000
2015-2,39071000,聚縮醛，初級狀態,美國,進口總值(含復進口),188.47133,57250
2015-2,39071000,聚縮醛，初級狀態,美國,出口總值(含復出口),24.26751,18000
2015-2,39071000,聚縮醛，初級狀態,香港,進口總值(含復進口),25.60509,18000
2015-2,39071000,聚縮醛，初級狀態,香港,出口總值(含復出口),605.60509,280025
2015-2,39071000,聚縮醛，初級狀態,泰國,進口總值(含復進口),338.47133,208200
2015-2,39071000,聚縮醛，初級狀態,馬來西亞,進口總值(含復進口),133.28025,57500
2015-2,39071000,聚縮醛，初級狀態,馬來西亞,出口總值(含復出口),42.38853,36050
2015-2,39071000,聚縮醛，初級狀態,荷蘭,進口總值(含復進口),116.75159,23000
2015-2,39071000,聚縮醛，初級狀態,荷蘭,出口總值(含復出口),498.59872,414000
2015-2,39071000,聚縮醛，初級狀態,菲律賓,出口總值(含復出口),45.03184,18200
2015-2,39071000,聚縮醛，初級狀態,越南,出口總值(含復出口),92.1656,61275
2015-2,39071000,聚縮醛，初級狀態,新加坡,進口總值(含復進口),16.14649,1309
2015-2,39071000,聚縮醛，初級狀態,義大利,出口總值(含復出口),289.74522,252000
2015-2,39071000,聚縮醛，初級狀態,德國,進口總值(含復進口),220.95541,121800
2015-2,39071000,聚縮醛，初級狀態,德國,出口總值(含復出口),109.33121,90000
2015-2,39071000,聚縮醛，初級狀態,墨西哥,出口總值(含復出口),23.56687,18015
2015-2,39071000,聚縮醛，初級狀態,薩爾瓦多,出口總值(含復出口),24.07643,18000
2015-3,39069010,其他丙烯酸聚合物粒，初級狀態,土耳其,出口總值(含復出口),1904.37817,1241800
2015-3,39069010,其他丙烯酸聚合物粒，初級狀態,中國大陸,進口總值(含復進口),1139.72081,478885
2015-3,39069010,其他丙烯酸聚合物粒，初級狀態,中國大陸,出口總值(含復出口),8642.41751,3856742
2015-3,39069010,其他丙烯酸聚合物粒，初級狀態,中華民國,進口總值(含復進口),168.05203,96000
2015-3,39069010,其他丙烯酸聚合物粒，初級狀態,丹麥,進口總值(含復進口),0.15862,4
2015-3,39069010,其他丙烯酸聚合物粒，初級狀態,巴西,出口總值(含復出口),113.00761,56000
2015-3,39069010,其他丙烯酸聚合物粒，初級狀態,巴基斯坦,出口總值(含復出口),91.49746,24580
2015-3,39069010,其他丙烯酸聚合物粒，初級狀態,日本,進口總值(含復進口),1079.98096,477568
2015-3,39069010,其他丙烯酸聚合物粒，初級狀態,日本,出口總值(含復出口),88.32487,42085
2015-3,39069010,其他丙烯酸聚合物粒，初級狀態,比利時,出口總值(含復出口),0.06345,50
2015-3,39069010,其他丙烯酸聚合物粒，初級狀態,以色列,進口總值(含復進口),167.38578,18000
2015-3,39069010,其他丙烯酸聚合物粒，初級狀態,以色列,出口總值(含復出口),264.08629,148000
2015-3,39069010,其他丙烯酸聚合物粒，初級狀態,加拿大,進口總值(含復進口),0.06345,0
2015-3,39069010,其他丙烯酸聚合物粒，初級狀態,加拿大,出口總值(含復出口),42.00507,15200
2015-3,39069010,其他丙烯酸聚合物粒，初級狀態,伊朗,出口總值(含復出口),794.03553,371700
2015-3,39069010,其他丙烯酸聚合物粒，初級狀態,印尼,出口總值(含復出口),289.56218,137620
2015-3,39069010,其他丙烯酸聚合物粒，初級狀態,印度,出口總值(含復出口),321.22461,152598
2015-3,39069010,其他丙烯酸聚合物粒，初級狀態,西班牙,出口總值(含復出口),23.57233,11200
2015-3,39069010,其他丙烯酸聚合物粒，初級狀態,沙烏地阿拉伯,出口總值(含復出口),542.32233,315800
2015-3,39069010,其他丙烯酸聚合物粒，初級狀態,委內瑞拉,出口總值(含復出口),15.54568,6400
2015-3,39069010,其他丙烯酸聚合物粒，初級狀態,孟加拉,出口總值(含復出口),55.20304,30890
2015-3,39069010,其他丙烯酸聚合物粒，初級狀態,波蘭,出口總值(含復出口),8.85152,4000
2015-3,39069010,其他丙烯酸聚合物粒，初級狀態,肯亞,出口總值(含復出口),29.69543,18400
2015-3,39069010,其他丙烯酸聚合物粒，初級狀態,阿拉伯聯合大公國,出口總值(含復出口),246.12944,146000
2015-3,39069010,其他丙烯酸聚合物粒，初級狀態,阿曼,出口總值(含復出口),32.17005,16000
2015-3,39069010,其他丙烯酸聚合物粒，初級狀態,俄羅斯,出口總值(含復出口),54.5368,17000
2015-3,39069010,其他丙烯酸聚合物粒，初級狀態,南非,出口總值(含復出口),407.70939,223000
2015-3,39069010,其他丙烯酸聚合物粒，初級狀態,南韓,進口總值(含復進口),735.40609,282630
2015-3,39069010,其他丙烯酸聚合物粒，初級狀態,南韓,出口總值(含復出口),242.76649,99000
2015-3,39069010,其他丙烯酸聚合物粒，初級狀態,科威特,出口總值(含復出口),118.1472,64000
2015-3,39069010,其他丙烯酸聚合物粒，初級狀態,約旦,出口總值(含復出口),181.56725,112000
2015-3,39069010,其他丙烯酸聚合物粒，初級狀態,美國,進口總值(含復進口),521.54187,79517
2015-3,39069010,其他丙烯酸聚合物粒，初級狀態,美國,出口總值(含復出口),514.18147,210042
2015-3,39069010,其他丙烯酸聚合物粒，初級狀態,英國,進口總值(含復進口),121.98604,39525
2015-3,39069010,其他丙烯酸聚合物粒，初級狀態,英國,出口總值(含復出口),133.72461,59000
2015-3,39069010,其他丙烯酸聚合物粒，初級狀態,香港,出口總值(含復出口),2129.75888,952675
2015-3,39069010,其他丙烯酸聚合物粒，初級狀態,哥倫比亞,出口總值(含復出口),8.91497,4000
2015-3,39069010,其他丙烯酸聚合物粒，初級狀態,埃及,出口總值(含復出口),83.37563,35800
2015-3,39069010,其他丙烯酸聚合物粒，初級狀態,泰國,出口總值(含復出口),658.28045,268975
2015-3,39069010,其他丙烯酸聚合物粒，初級狀態,紐西蘭,出口總值(含復出口),59.77157,27200
2015-3,39069010,其他丙烯酸聚合物粒，初級狀態,馬來西亞,出口總值(含復出口),388.7373,181800
2015-3,39069010,其他丙烯酸聚合物粒，初級狀態,荷蘭,進口總值(含復進口),99.74619,25625
2015-3,39069010,其他丙烯酸聚合物粒，初級狀態,荷蘭,出口總值(含復出口),53.93401,24600
2015-3,39069010,其他丙烯酸聚合物粒，初級狀態,斯里蘭卡,出口總值(含復出口),11.48477,6000
2015-3,39069010,其他丙烯酸聚合物粒，初級狀態,斯洛維尼亞,出口總值(含復出口),14.40355,7000
2015-3,39069010,其他丙烯酸聚合物粒，初級狀態,智利,出口總值(含復出口),5.20304,2000
2015-3,39069010,其他丙烯酸聚合物粒，初級狀態,菲律賓,出口總值(含復出口),1283.12182,717080
2015-3,39069010,其他丙烯酸聚合物粒，初級狀態,越南,出口總值(含復出口),567.19542,263099
2015-3,39069010,其他丙烯酸聚合物粒，初級狀態,愛爾蘭,出口總值(含復出口),201.71319,90000
2015-3,39069010,其他丙烯酸聚合物粒，初級狀態,新加坡,進口總值(含復進口),167.8934,61200
2015-3,39069010,其他丙烯酸聚合物粒，初級狀態,新加坡,出口總值(含復出口),125.15862,69400
2015-3,39069010,其他丙烯酸聚合物粒，初級狀態,瑞士,進口總值(含復進口),11.45304,62
2015-3,39069010,其他丙烯酸聚合物粒，初級狀態,瑞典,進口總值(含復進口),112.18274,41119
2015-3,39069010,其他丙烯酸聚合物粒，初級狀態,義大利,出口總值(含復出口),311.70685,150000
2015-3,39069010,其他丙烯酸聚合物粒，初級狀態,德國,進口總值(含復進口),241.40228,86978
2015-3,39069010,其他丙烯酸聚合物粒，初級狀態,德國,出口總值(含復出口),39.30837,18000
2015-3,39069010,其他丙烯酸聚合物粒，初級狀態,墨西哥,出口總值(含復出口),925.50761,504000
2015-3,39069010,其他丙烯酸聚合物粒，初級狀態,澳大利亞,出口總值(含復出口),196.60532,85406
2015-3,39071000,聚縮醛，初級狀態,土耳其,出口總值(含復出口),587.05583,458000
2015-3,39071000,聚縮醛，初級狀態,中國大陸,進口總值(含復進口),47.11294,11000
2015-3,39071000,聚縮醛，初級狀態,中國大陸,出口總值(含復出口),5494.82867,3780795
2015-3,39071000,聚縮醛，初級狀態,丹麥,出口總值(含復出口),44.19416,36000
2015-3,39071000,聚縮醛，初級狀態,巴西,出口總值(含復出口),46.95431,38000
2015-3,39071000,聚縮醛，初級狀態,日本,進口總值(含復進口),367.51269,147574
2015-3,39071000,聚縮醛，初級狀態,日本,出口總值(含復出口),361.61167,163000
2015-3,39071000,聚縮醛，初級狀態,比利時,出口總值(含復出口),164.3401,126000
2015-3,39071000,聚縮醛，初級狀態,伊朗,出口總值(含復出口),148.00126,120000
2015-3,39071000,聚縮醛，初級狀態,印尼,出口總值(含復出口),70.08248,38000
2015-3,39071000,聚縮醛，初級狀態,印度,出口總值(含復出口),24.87309,25000
2015-3,39071000,聚縮醛，初級狀態,孟加拉,出口總值(含復出口),24.68274,20000
2015-3,39071000,聚縮醛，初級狀態,南非,出口總值(含復出口),23.31852,18000
2015-3,39071000,聚縮醛，初級狀態,南韓,進口總值(含復進口),112.72208,65100
2015-3,39071000,聚縮醛，初級狀態,南韓,出口總值(含復出口),79.15609,46650
2015-3,39071000,聚縮醛，初級狀態,突尼西亞,出口總值(含復出口),21.95431,18000
2015-3,39071000,聚縮醛，初級狀態,美國,進口總值(含復進口),269.22588,74137
2015-3,39071000,聚縮醛，初級狀態,美國,出口總值(含復出口),53.99746,41875
2015-3,39071000,聚縮醛，初級狀態,英國,出口總值(含復出口),71.85913,54000
2015-3,39071000,聚縮醛，初級狀態,香港,出口總值(含復出口),1497.4302,705150
2015-3,39071000,聚縮醛，初級狀態,泰國,進口總值(含復進口),720.87563,433500
2015-3,39071000,聚縮醛，初級狀態,泰國,出口總值(含復出口),0.60279,73
2015-3,39071000,聚縮醛，初級狀態,馬來西亞,進口總值(含復進口),47.46192,35000
2015-3,39071000,聚縮醛，初級狀態,馬來西亞,出口總值(含復出口),35.40609,11750
2015-3,39071000,聚縮醛，初級狀態,馬爾他,出口總值(含復出口),136.0406,108000
2015-3,39071000,聚縮醛，初級狀態,捷克,出口總值(含復出口),45.65355,36000
2015-3,39071000,聚縮醛，初級狀態,荷蘭,進口總值(含復進口),66.49746,14000
2015-3,39071000,聚縮醛，初級狀態,荷蘭,出口總值(含復出口),264.27664,219000
2015-3,39071000,聚縮醛，初級狀態,菲律賓,出口總值(含復出口),206.34517,85100
2015-3,39071000,聚縮醛，初級狀態,越南,出口總值(含復出口),168.24238,113226
2015-3,39071000,聚縮醛，初級狀態,義大利,出口總值(含復出口),204.25126,180000
2015-3,39071000,聚縮醛，初級狀態,葡萄牙,出口總值(含復出口),22.36675,18000
2015-3,39071000,聚縮醛，初級狀態,德國,出口總值(含復出口),123.73096,105000
2015-3,39071000,聚縮醛，初級狀態,墨西哥,出口總值(含復出口),2.50634,1000
2015-4,39069010,其他丙烯酸聚合物粒，初級狀態,土耳其,出口總值(含復出口),1500.672,1074000
2015-4,39069010,其他丙烯酸聚合物粒，初級狀態,中國大陸,進口總值(含復進口),930.272,384464
2015-4,39069010,其他丙烯酸聚合物粒，初級狀態,中國大陸,出口總值(含復出口),9042.848,4026393
2015-4,39069010,其他丙烯酸聚合物粒，初級狀態,丹麥,進口總值(含復進口),0.544,20
2015-4,39069010,其他丙烯酸聚合物粒，初級狀態,巴林,出口總值(含復出口),26.272,16000
2015-4,39069010,其他丙烯酸聚合物粒，初級狀態,巴基斯坦,出口總值(含復出口),13.76,6000
2015-4,39069010,其他丙烯酸聚合物粒，初級狀態,日本,進口總值(含復進口),1937.728,709307
2015-4,39069010,其他丙烯酸聚合物粒，初級狀態,日本,出口總值(含復出口),49.792,35800
2015-4,39069010,其他丙烯酸聚合物粒，初級狀態,比利時,進口總值(含復進口),321.12,142800
2015-4,39069010,其他丙烯酸聚合物粒，初級狀態,以色列,進口總值(含復進口),167.776,18000
2015-4,39069010,其他丙烯酸聚合物粒，初級狀態,以色列,出口總值(含復出口),250.624,153000
2015-4,39069010,其他丙烯酸聚合物粒，初級狀態,加拿大,出口總值(含復出口),82.432,33200
2015-4,39069010,其他丙烯酸聚合物粒，初級狀態,伊朗,出口總值(含復出口),30.72,16000
2015-4,39069010,其他丙烯酸聚合物粒，初級狀態,印尼,出口總值(含復出口),136.704,63000
2015-4,39069010,其他丙烯酸聚合物粒，初級狀態,印度,出口總值(含復出口),393.696,162107
2015-4,39069010,其他丙烯酸聚合物粒，初級狀態,西班牙,出口總值(含復出口),17.824,8000
2015-4,39069010,其他丙烯酸聚合物粒，初級狀態,沙烏地阿拉伯,出口總值(含復出口),707.232,429600
2015-4,39069010,其他丙烯酸聚合物粒，初級狀態,委內瑞拉,出口總值(含復出口),297.376,144000
2015-4,39069010,其他丙烯酸聚合物粒，初級狀態,孟加拉,出口總值(含復出口),194.592,73500
2015-4,39069010,其他丙烯酸聚合物粒，初級狀態,波蘭,出口總值(含復出口),4.416,2000
2015-4,39069010,其他丙烯酸聚合物粒，初級狀態,法國,進口總值(含復進口),154.432,46500
2015-4,39069010,其他丙烯酸聚合物粒，初級狀態,肯亞,出口總值(含復出口),99.584,59200
2015-4,39069010,其他丙烯酸聚合物粒，初級狀態,阿拉伯聯合大公國,出口總值(含復出口),88.384,43200
2015-4,39069010,其他丙烯酸聚合物粒，初級狀態,阿根廷,出口總值(含復出口),26.624,16000
2015-4,39069010,其他丙烯酸聚合物粒，初級狀態,俄羅斯,出口總值(含復出口),105.856,34000
2015-4,39069010,其他丙烯酸聚合物粒，初級狀態,南非,出口總值(含復出口),330.368,197000
2015-4,39069010,其他丙烯酸聚合物粒，初級狀態,南韓,進口總值(含復進口),720.416,262310
2015-4,39069010,其他丙烯酸聚合物粒，初級狀態,南韓,出口總值(含復出口),327.456,147600
2015-4,39069010,其他丙烯酸聚合物粒，初級狀態,科威特,出口總值(含復出口),148.864,80000
2015-4,39069010,其他丙烯酸聚合物粒，初級狀態,美國,進口總值(含復進口),197.28,92169
2015-4,39069010,其他丙烯酸聚合物粒，初級狀態,美國,出口總值(含復出口),70.624,31500
2015-4,39069010,其他丙烯酸聚合物粒，初級狀態,英國,進口總值(含復進口),69.536,20800
2015-4,39069010,其他丙烯酸聚合物粒，初級狀態,英國,出口總值(含復出口),198.336,86875
2015-4,39069010,其他丙烯酸聚合物粒，初級狀態,香港,出口總值(含復出口),2399.68,1019150
2015-4,39069010,其他丙烯酸聚合物粒，初級狀態,哥倫比亞,出口總值(含復出口),54.464,23000
2015-4,39069010,其他丙烯酸聚合物粒，初級狀態,埃及,出口總值(含復出口),82.336,36000
2015-4,39069010,其他丙烯酸聚合物粒，初級狀態,泰國,進口總值(含復進口),60.8,24200
2015-4,39069010,其他丙烯酸聚合物粒，初級狀態,泰國,出口總值(含復出口),257.6,111350
2015-4,39069010,其他丙烯酸聚合物粒，初級狀態,秘魯,出口總值(含復出口),30.624,16000
2015-4,39069010,其他丙烯酸聚合物粒，初級狀態,紐西蘭,出口總值(含復出口),43.392,19200
2015-4,39069010,其他丙烯酸聚合物粒，初級狀態,馬來西亞,出口總值(含復出口),267.072,137275
2015-4,39069010,其他丙烯酸聚合物粒，初級狀態,荷蘭,進口總值(含復進口),35.2,11875
2015-4,39069010,其他丙烯酸聚合物粒，初級狀態,荷蘭,出口總值(含復出口),35.104,16000
2015-4,39069010,其他丙烯酸聚合物粒，初級狀態,斯里蘭卡,出口總值(含復出口),1.472,410
2015-4,39069010,其他丙烯酸聚合物粒，初級狀態,智利,出口總值(含復出口),46.464,21000
2015-4,39069010,其他丙烯酸聚合物粒，初級狀態,菲律賓,出口總值(含復出口),1191.072,683788
2015-4,39069010,其他丙烯酸聚合物粒，初級狀態,越南,出口總值(含復出口),597.856,283440
2015-4,39069010,其他丙烯酸聚合物粒，初級狀態,愛爾蘭,出口總值(含復出口),159.072,72000
2015-4,39069010,其他丙烯酸聚合物粒，初級狀態,新加坡,進口總值(含復進口),294.272,91600
2015-4,39069010,其他丙烯酸聚合物粒，初級狀態,新加坡,出口總值(含復出口),225.44,124880
2015-4,39069010,其他丙烯酸聚合物粒，初級狀態,瑞士,進口總值(含復進口),2.528,18
2015-4,39069010,其他丙烯酸聚合物粒，初級狀態,瑞典,進口總值(含復進口),73.408,953
2015-4,39069010,其他丙烯酸聚合物粒，初級狀態,德國,進口總值(含復進口),245.6,52710
2015-4,39069010,其他丙烯酸聚合物粒，初級狀態,德國,出口總值(含復出口),11.04,5000
2015-4,39069010,其他丙烯酸聚合物粒，初級狀態,墨西哥,出口總值(含復出口),347.008,216000
2015-4,39069010,其他丙烯酸聚合物粒，初級狀態,澳大利亞,進口總值(含復進口),0.128,1
2015-4,39069010,其他丙烯酸聚合物粒，初級狀態,澳大利亞,出口總值(含復出口),239.712,108530
2015-4,39071000,聚縮醛，初級狀態,中國大陸,進口總值(含復進口),246.048,57125
2015-4,39071000,聚縮醛，初級狀態,中國大陸,出口總值(含復出口),5207.04,3547650
2015-4,39071000,聚縮醛，初級狀態,巴西,出口總值(含復出口),24.704,20000
2015-4,39071000,聚縮醛，初級狀態,日本,進口總值(含復進口),454.528,116691
2015-4,39071000,聚縮醛，初級狀態,日本,出口總值(含復出口),352.64,168000
2015-4,39071000,聚縮醛，初級狀態,比利時,出口總值(含復出口),86.176,72000
2015-4,39071000,聚縮醛，初級狀態,以色列,出口總值(含復出口),50.592,40000
2015-4,39071000,聚縮醛，初級狀態,加拿大,出口總值(含復出口),22.624,18000
2015-4,39071000,聚縮醛，初級狀態,伊朗,出口總值(含復出口),208.768,158000
2015-4,39071000,聚縮醛，初級狀態,印尼,出口總值(含復出口),95.424,48000
2015-4,39071000,聚縮醛，初級狀態,孟加拉,出口總值(含復出口),43.04,38000
2015-4,39071000,聚縮醛，初級狀態,南非,出口總值(含復出口),23.392,18000
2015-4,39071000,聚縮醛，初級狀態,南韓,進口總值(含復進口),195.84,123500
2015-4,39071000,聚縮醛，初級狀態,南韓,出口總值(含復出口),73.088,54000
2015-4,39071000,聚縮醛，初級狀態,美國,進口總值(含復進口),194.336,61500
2015-4,39071000,聚縮醛，初級狀態,美國,出口總值(含復出口),23.04,18000
2015-4,39071000,聚縮醛，初級狀態,香港,出口總值(含復出口),1094.816,526500
2015-4,39071000,聚縮醛，初級狀態,埃及,出口總值(含復出口),55.776,40000
2015-4,39071000,聚縮醛，初級狀態,泰國,進口總值(含復進口),365.92,232000
2015-4,39071000,聚縮醛，初級狀態,馬來西亞,進口總值(含復進口),168.352,54375
2015-4,39071000,聚縮醛，初級狀態,馬來西亞,出口總值(含復出口),50.752,29300
2015-4,39071000,聚縮醛，初級狀態,捷克,出口總值(含復出口),46.688,36000
2015-4,39071000,聚縮醛，初級狀態,荷蘭,進口總值(含復進口),310.176,81000
2015-4,39071000,聚縮醛，初級狀態,荷蘭,出口總值(含復出口),107.072,90025
2015-4,39071000,聚縮醛，初級狀態,菲律賓,出口總值(含復出口),142.016,62725
2015-4,39071000,聚縮醛，初級狀態,越南,出口總值(含復出口),150.528,105575
2015-4,39071000,聚縮醛，初級狀態,新加坡,進口總值(含復進口),3.488,460
2015-4,39071000,聚縮醛，初級狀態,義大利,出口總值(含復出口),234.336,204000
2015-4,39071000,聚縮醛，初級狀態,德國,進口總值(含復進口),170.848,107500
2015-4,39071000,聚縮醛，初級狀態,德國,出口總值(含復出口),21.152,18000
2015-4,39071000,聚縮醛，初級狀態,墨西哥,出口總值(含復出口),28,19000
2015-5,39069010,其他丙烯酸聚合物粒，初級狀態,土耳其,進口總值(含復進口),39.13894,18000
2015-5,39069010,其他丙烯酸聚合物粒，初級狀態,土耳其,出口總值(含復出口),2451.27201,1858190
2015-5,39069010,其他丙烯酸聚合物粒，初級狀態,中國大陸,進口總值(含復進口),838.78016,351956
2015-5,39069010,其他丙烯酸聚合物粒，初級狀態,中國大陸,出口總值(含復出口),9834.93149,4444566
2015-5,39069010,其他丙烯酸聚合物粒，初級狀態,中華民國,進口總值(含復進口),85.71428,40000
2015-5,39069010,其他丙烯酸聚合物粒，初級狀態,巴西,出口總值(含復出口),72.17873,30471
2015-5,39069010,其他丙烯酸聚合物粒，初級狀態,巴基斯坦,出口總值(含復出口),50.35876,8220
2015-5,39069010,其他丙烯酸聚合物粒，初級狀態,日本,進口總值(含復進口),1013.40508,416453
2015-5,39069010,其他丙烯酸聚合物粒，初級狀態,日本,出口總值(含復出口),65.59034,38800
2015-5,39069010,其他丙烯酸聚合物粒，初級狀態,比利時,進口總值(含復進口),57.63209,60160
2015-5,39069010,其他丙烯酸聚合物粒，初級狀態,比利時,出口總值(含復出口),2.08741,1060
2015-5,39069010,其他丙烯酸聚合物粒，初級狀態,以色列,進口總值(含復進口),9.42596,1000
2015-5,39069010,其他丙烯酸聚合物粒，初級狀態,以色列,出口總值(含復出口),235.48597,147000
2015-5,39069010,其他丙烯酸聚合物粒，初級狀態,加拿大,進口總值(含復進口),0.09784,0
2015-5,39069010,其他丙烯酸聚合物粒，初級狀態,加拿大,出口總值(含復出口),41.51989,18000
2015-5,39069010,其他丙烯酸聚合物粒，初級狀態,伊朗,出口總值(含復出口),111.54598,48000
2015-5,39069010,其他丙烯酸聚合物粒，初級狀態,印尼,出口總值(含復出口),306.26223,152560
2015-5,39069010,其他丙烯酸聚合物粒，初級狀態,印度,出口總值(含復出口),156.0013,65308
2015-5,39069010,其他丙烯酸聚合物粒，初級狀態,安哥拉,出口總值(含復出口),261.05675,176000
2015-5,39069010,其他丙烯酸聚合物粒，初級狀態,西班牙,出口總值(含復出口),18.23222,8000
2015-5,39069010,其他丙烯酸聚合物粒，初級狀態,沙烏地阿拉伯,出口總值(含復出口),485.94259,234200
2015-5,39069010,其他丙烯酸聚合物粒，初級狀態,委內瑞拉,出口總值(含復出口),307.99086,144000
2015-5,39069010,其他丙烯酸聚合物粒，初級狀態,孟加拉,出口總值(含復出口),130.69145,65940
2015-5,39069010,其他丙烯酸聚合物粒，初級狀態,法國,進口總值(含復進口),5.41422,9630
2015-5,39069010,其他丙烯酸聚合物粒，初級狀態,阿拉伯聯合大公國,出口總值(含復出口),405.34898,258400
2015-5,39069010,其他丙烯酸聚合物粒，初級狀態,阿曼,出口總值(含復出口),54.33789,32000
2015-5,39069010,其他丙烯酸聚合物粒，初級狀態,南非,出口總值(含復出口),68.33007,45000
2015-5,39069010,其他丙烯酸聚合物粒，初級狀態,南韓,進口總值(含復進口),446.80365,154805
2015-5,39069010,其他丙烯酸聚合物粒，初級狀態,南韓,出口總值(含復出口),147.9452,49950
2015-5,39069010,其他丙烯酸聚合物粒，初級狀態,約旦,出口總值(含復出口),617.87345,464000
2015-5,39069010,其他丙烯酸聚合物粒，初級狀態,美國,進口總值(含復進口),732.81148,133574
2015-5,39069010,其他丙烯酸聚合物粒，初級狀態,美國,出口總值(含復出口),286.52968,126190
2015-5,39069010,其他丙烯酸聚合物粒，初級狀態,英國,進口總值(含復進口),22.04827,5400
2015-5,39069010,其他丙烯酸聚合物粒，初級狀態,英國,出口總值(含復出口),59.49119,26000
2015-5,39069010,其他丙烯酸聚合物粒，初級狀態,香港,出口總值(含復出口),2020.02609,823325
2015-5,39069010,其他丙烯酸聚合物粒，初級狀態,剛果民主共和國,出口總值(含復出口),45.98825,20000
2015-5,39069010,其他丙烯酸聚合物粒，初級狀態,埃及,出口總值(含復出口),496.77103,320000
2015-5,39069010,其他丙烯酸聚合物粒，初級狀態,泰國,進口總值(含復進口),32.35485,12000
2015-5,39069010,其他丙烯酸聚合物粒，初級狀態,泰國,出口總值(含復出口),298.33659,124000
2015-5,39069010,其他丙烯酸聚合物粒，初級狀態,秘魯,出口總值(含復出口),37.50815,19000
2015-5,39069010,其他丙烯酸聚合物粒，初級狀態,紐西蘭,出口總值(含復出口),116.92759,51000
2015-5,39069010,其他丙烯酸聚合物粒，初級狀態,馬來西亞,出口總值(含復出口),239.13894,126400
2015-5,39069010,其他丙烯酸聚合物粒，初級狀態,荷蘭,進口總值(含復進口),54.66405,16250
2015-5,39069010,其他丙烯酸聚合物粒，初級狀態,荷蘭,出口總值(含復出口),120.38486,53000
2015-5,39069010,其他丙烯酸聚合物粒，初級狀態,菲律賓,出口總值(含復出口),1349.54337,758360
2015-5,39069010,其他丙烯酸聚合物粒，初級狀態,越南,出口總值(含復出口),588.48662,275080
2015-5,39069010,其他丙烯酸聚合物粒，初級狀態,愛爾蘭,出口總值(含復出口),81.27853,36000
2015-5,39069010,其他丙烯酸聚合物粒，初級狀態,新加坡,進口總值(含復進口),1031.70254,369600
2015-5,39069010,其他丙烯酸聚合物粒，初級狀態,新加坡,出口總值(含復出口),293.21591,147800
2015-5,39069010,其他丙烯酸聚合物粒，初級狀態,瑞士,進口總值(含復進口),3.00065,15
2015-5,39069010,其他丙烯酸聚合物粒，初級狀態,瑞典,進口總值(含復進口),31.93085,360
2015-5,39069010,其他丙烯酸聚合物粒，初級狀態,德國,進口總值(含復進口),36.00782,7460
2015-5,39069010,其他丙烯酸聚合物粒，初級狀態,德國,出口總值(含復出口),2.31572,1000
2015-5,39069010,其他丙烯酸聚合物粒，初級狀態,模里西斯,出口總值(含復出口),1.53294,800
2015-5,39069010,其他丙烯酸聚合物粒，初級狀態,黎巴嫩,出口總值(含復出口),2.51141,1600
2015-5,39069010,其他丙烯酸聚合物粒，初級狀態,墨西哥,出口總值(含復出口),458.77364,268000
2015-5,39069010,其他丙烯酸聚合物粒，初級狀態,澳大利亞,進口總值(含復進口),0.26092,1
2015-5,39069010,其他丙烯酸聚合物粒，初級狀態,澳大利亞,出口總值(含復出口),131.96347,58370
2015-5,39071000,聚縮醛，初級狀態,土耳其,出口總值(含復出口),441.58512,340000
2015-5,39071000,聚縮醛，初級狀態,中國大陸,進口總值(含復進口),51.69602,13500
2015-5,39071000,聚縮醛，初級狀態,中國大陸,出口總值(含復出口),6294.55315,4312286
2015-5,39071000,聚縮醛，初級狀態,巴西,出口總值(含復出口),24.62491,20000
2015-5,39071000,聚縮醛，初級狀態,日本,進口總值(含復進口),711.18721,188864
2015-5,39071000,聚縮醛，初級狀態,日本,出口總值(含復出口),548.20613,253200
2015-5,39071000,聚縮醛，初級狀態,比利時,出口總值(含復出口),87.70384,72000
2015-5,39071000,聚縮醛，初級狀態,伊朗,出口總值(含復出口),253.75081,194000
2015-5,39071000,聚縮醛，初級狀態,印尼,出口總值(含復出口),228.21265,111000
2015-5,39071000,聚縮醛，初級狀態,西班牙,出口總值(含復出口),108.51272,90000
2015-5,39071000,聚縮醛，初級狀態,南韓,進口總值(含復進口),91.16112,53500
2015-5,39071000,聚縮醛，初級狀態,南韓,出口總值(含復出口),139.30202,96300
2015-5,39071000,聚縮醛，初級狀態,美國,進口總值(含復進口),577.95172,150459
2015-5,39071000,聚縮醛，初級狀態,美國,出口總值(含復出口),71.65688,54000
2015-5,39071000,聚縮醛，初級狀態,英國,出口總值(含復出口),71.03718,54000
2015-5,39071000,聚縮醛，初級狀態,香港,出口總值(含復出口),1535.02934,751600
2015-5,39071000,聚縮醛，初級狀態,泰國,進口總值(含復進口),546.37964,338350
2015-5,39071000,聚縮醛，初級狀態,泰國,出口總值(含復出口),20.48271,18000
2015-5,39071000,聚縮醛，初級狀態,馬來西亞,進口總值(含復進口),249.57599,81200
2015-5,39071000,聚縮醛，初級狀態,馬來西亞,出口總值(含復出口),61.25244,43725
2015-5,39071000,聚縮醛，初級狀態,荷蘭,進口總值(含復進口),229.32159,76000
2015-5,39071000,聚縮醛，初級狀態,荷蘭,出口總值(含復出口),258.44748,216000
2015-5,39071000,聚縮醛，初級狀態,斯洛維尼亞,出口總值(含復出口),22.34181,18000
2015-5,39071000,聚縮醛，初級狀態,菲律賓,出口總值(含復出口),39.85649,16000
2015-5,39071000,聚縮醛，初級狀態,越南,出口總值(含復出口),100.97847,61800
2015-5,39071000,聚縮醛，初級狀態,新加坡,進口總值(含復進口),16.66666,1474
2015-5,39071000,聚縮醛，初級狀態,義大利,出口總值(含復出口),62.55707,54000
2015-5,39071000,聚縮醛，初級狀態,德國,進口總值(含復進口),26.51663,19000
2015-5,39071000,聚縮醛，初級狀態,德國,出口總值(含復出口),110.66536,90000
2015-5,39071000,聚縮醛，初級狀態,墨西哥,出口總值(含復出口),2.47879,1000
2015-5,39071000,聚縮醛，初級狀態,澳大利亞,出口總值(含復出口),26.19047,18000
2015-5,39071000,聚縮醛，初級狀態,薩爾瓦多,出口總值(含復出口),24.78799,18000
2015-6,39069010,其他丙烯酸聚合物粒，初級狀態,土耳其,出口總值(含復出口),2203.44491,1776000
2015-6,39069010,其他丙烯酸聚合物粒，初級狀態,中國大陸,進口總值(含復進口),1076.82807,442299
2015-6,39069010,其他丙烯酸聚合物粒，初級狀態,中國大陸,出口總值(含復出口),7063.43841,3115301
2015-6,39069010,其他丙烯酸聚合物粒，初級狀態,丹麥,進口總值(含復進口),0.48748,12
2015-6,39069010,其他丙烯酸聚合物粒，初級狀態,巴西,出口總值(含復出口),121.05947,80025
2015-6,39069010,其他丙烯酸聚合物粒，初級狀態,巴基斯坦,出口總值(含復出口),31.55671,22400
2015-6,39069010,其他丙烯酸聚合物粒，初級狀態,日本,進口總值(含復進口),1528.59928,545714
2015-6,39069010,其他丙烯酸聚合物粒，初級狀態,日本,出口總值(含復出口),91.9077,39400
2015-6,39069010,其他丙烯酸聚合物粒，初級狀態,比利時,進口總值(含復進口),300.12999,215880
2015-6,39069010,其他丙烯酸聚合物粒，初級狀態,比利時,出口總值(含復出口),9.32726,4000
2015-6,39069010,其他丙烯酸聚合物粒，初級狀態,以色列,出口總值(含復出口),189.86025,130000
2015-6,39069010,其他丙烯酸聚合物粒，初級狀態,加拿大,出口總值(含復出口),123.20441,48400
2015-6,39069010,其他丙烯酸聚合物粒，初級狀態,伊朗,出口總值(含復出口),258.23854,117800
2015-6,39069010,其他丙烯酸聚合物粒，初級狀態,匈牙利,出口總值(含復出口),4.80987,1000
2015-6,39069010,其他丙烯酸聚合物粒，初級狀態,印尼,出口總值(含復出口),153.16867,71819
2015-6,39069010,其他丙烯酸聚合物粒，初級狀態,印度,出口總值(含復出口),488.72278,225400
2015-6,39069010,其他丙烯酸聚合物粒，初級狀態,安哥拉,出口總值(含復出口),261.58596,176000
2015-6,39069010,其他丙烯酸聚合物粒，初級狀態,西班牙,出口總值(含復出口),16.57458,7600
2015-6,39069010,其他丙烯酸聚合物粒，初級狀態,沙烏地阿拉伯,出口總值(含復出口),997.36756,652800
2015-6,39069010,其他丙烯酸聚合物粒，初級狀態,孟加拉,出口總值(含復出口),158.88852,111900
2015-6,39069010,其他丙烯酸聚合物粒，初級狀態,波蘭,出口總值(含復出口),6.98732,3000
2015-6,39069010,其他丙烯酸聚合物粒，初級狀態,法國,進口總值(含復進口),54.37114,15000
2015-6,39069010,其他丙烯酸聚合物粒，初級狀態,法國,出口總值(含復出口),17.12707,8000
2015-6,39069010,其他丙烯酸聚合物粒，初級狀態,阿拉伯聯合大公國,出口總值(含復出口),159.9285,88000
2015-6,39069010,其他丙烯酸聚合物粒，初級狀態,阿根廷,出口總值(含復出口),15.7621,7000
2015-6,39069010,其他丙烯酸聚合物粒，初級狀態,阿曼,出口總值(含復出口),56.09359,32000
2015-6,39069010,其他丙烯酸聚合物粒，初級狀態,南非,出口總值(含復出口),306.46733,201800
2015-6,39069010,其他丙烯酸聚合物粒，初級狀態,南韓,進口總值(含復進口),641.07897,229360
2015-6,39069010,其他丙烯酸聚合物粒，初級狀態,南韓,出口總值(含復出口),117.19207,59550
2015-6,39069010,其他丙烯酸聚合物粒，初級狀態,科威特,出口總值(含復出口),120.11699,64000
2015-6,39069010,其他丙烯酸聚合物粒，初級狀態,美國,進口總值(含復進口),656.22359,170993
2015-6,39069010,其他丙烯酸聚合物粒，初級狀態,美國,出口總值(含復出口),289.08027,128750
2015-6,39069010,其他丙烯酸聚合物粒，初級狀態,英國,出口總值(含復出口),84.30289,32025
2015-6,39069010,其他丙烯酸聚合物粒，初級狀態,香港,出口總值(含復出口),2403.05492,997321
2015-6,39069010,其他丙烯酸聚合物粒，初級狀態,哥倫比亞,出口總值(含復出口),6.69483,3000
2015-6,39069010,其他丙烯酸聚合物粒，初級狀態,埃及,出口總值(含復出口),80.24049,36000
2015-6,39069010,其他丙烯酸聚合物粒，初級狀態,泰國,出口總值(含復出口),281.18297,129425
2015-6,39069010,其他丙烯酸聚合物粒，初級狀態,紐西蘭,出口總值(含復出口),22.42443,9400
2015-6,39069010,其他丙烯酸聚合物粒，初級狀態,馬來西亞,出口總值(含復出口),189.76275,92320
2015-6,39069010,其他丙烯酸聚合物粒，初級狀態,荷蘭,進口總值(含復進口),6.01234,1250
2015-6,39069010,其他丙烯酸聚合物粒，初級狀態,荷蘭,出口總值(含復出口),116.41208,54000
2015-6,39069010,其他丙烯酸聚合物粒，初級狀態,斯里蘭卡,出口總值(含復出口),5.55736,3000
2015-6,39069010,其他丙烯酸聚合物粒，初級狀態,菲律賓,出口總值(含復出口),1150.53623,700650
2015-6,39069010,其他丙烯酸聚合物粒，初級狀態,越南,出口總值(含復出口),758.79102,354410
2015-6,39069010,其他丙烯酸聚合物粒，初級狀態,愛爾蘭,出口總值(含復出口),40.23399,18000
2015-6,39069010,其他丙烯酸聚合物粒，初級狀態,新加坡,進口總值(含復進口),174.09814,64200
2015-6,39069010,其他丙烯酸聚合物粒，初級狀態,新加坡,出口總值(含復出口),299.31751,165800
2015-6,39069010,其他丙烯酸聚合物粒，初級狀態,瑞典,進口總值(含復進口),46.34384,24085
2015-6,39069010,其他丙烯酸聚合物粒，初級狀態,義大利,出口總值(含復出口),119.10952,56000
2015-6,39069010,其他丙烯酸聚合物粒，初級狀態,德國,進口總值(含復進口),459.31101,84475
2015-6,39069010,其他丙烯酸聚合物粒，初級狀態,德國,出口總值(含復出口),13.35716,6000
2015-6,39069010,其他丙烯酸聚合物粒，初級狀態,黎巴嫩,出口總值(含復出口),1.68995,1000
2015-6,39069010,其他丙烯酸聚合物粒，初級狀態,墨西哥,出口總值(含復出口),502.11244,288000
2015-6,39069010,其他丙烯酸聚合物粒，初級狀態,澳大利亞,出口總值(含復出口),114.81962,68000
2015-6,39069010,其他丙烯酸聚合物粒，初級狀態,羅馬尼亞,進口總值(含復進口),0.19499,1
2015-6,39071000,聚縮醛，初級狀態,土耳其,出口總值(含復出口),140.39649,108000
2015-6,39071000,聚縮醛，初級狀態,中國大陸,進口總值(含復進口),51.31621,11100
2015-6,39071000,聚縮醛，初級狀態,中國大陸,出口總值(含復出口),5594.67012,3925895
2015-6,39071000,聚縮醛，初級狀態,巴西,出口總值(含復出口),24.92687,20000
2015-6,39071000,聚縮醛，初級狀態,日本,進口總值(含復進口),561.45596,182918
2015-6,39071000,聚縮醛，初級狀態,日本,出口總值(含復出口),247.12382,99000
2015-6,39071000,聚縮醛，初級狀態,比利時,進口總值(含復進口),20.11699,26050
2015-6,39071000,聚縮醛，初級狀態,比利時,出口總值(含復出口),155.8011,126000
2015-6,39071000,聚縮醛，初級狀態,以色列,出口總值(含復出口),25.67435,20000
2015-6,39071000,聚縮醛，初級狀態,伊朗,出口總值(含復出口),232.92167,178000
2015-6,39071000,聚縮醛，初級狀態,印尼,出口總值(含復出口),298.66753,120000
2015-6,39071000,聚縮醛，初級狀態,西班牙,出口總值(含復出口),21.80695,18000
2015-6,39071000,聚縮醛，初級狀態,孟加拉,出口總值(含復出口),114.16964,100000
2015-6,39071000,聚縮醛，初級狀態,阿拉伯聯合大公國,出口總值(含復出口),23.49691,18000
2015-6,39071000,聚縮醛，初級狀態,南韓,進口總值(含復進口),168.47578,103125
2015-6,39071000,聚縮醛，初級狀態,南韓,出口總值(含復出口),122.78193,90000
2015-6,39071000,聚縮醛，初級狀態,美國,進口總值(含復進口),286.67533,88801
2015-6,39071000,聚縮醛，初級狀態,美國,出口總值(含復出口),3.54241,1090
2015-6,39071000,聚縮醛，初級狀態,香港,出口總值(含復出口),1418.81702,702270
2015-6,39071000,聚縮醛，初級狀態,泰國,進口總值(含復進口),501.03997,300000
2015-6,39071000,聚縮醛，初級狀態,馬來西亞,進口總值(含復進口),9.06727,1550
2015-6,39071000,聚縮醛，初級狀態,馬來西亞,出口總值(含復出口),50.66622,6005
2015-6,39071000,聚縮醛，初級狀態,馬爾他,出口總值(含復出口),45.10887,36000
2015-6,39071000,聚縮醛，初級狀態,荷蘭,進口總值(含復進口),593.53266,167403
2015-6,39071000,聚縮醛，初級狀態,荷蘭,出口總值(含復出口),217.15957,180000
2015-6,39071000,聚縮醛，初級狀態,菲律賓,出口總值(含復出口),47.7738,18850
2015-6,39071000,聚縮醛，初級狀態,越南,出口總值(含復出口),60.25349,31750
2015-6,39071000,聚縮醛，初級狀態,義大利,出口總值(含復出口),21.93695,18000
2015-6,39071000,聚縮醛，初級狀態,德國,進口總值(含復進口),80.01299,57000
2015-6,39071000,聚縮醛，初級狀態,德國,出口總值(含復出口),112.51218,90000
2015-7,39069010,其他丙烯酸聚合物粒，初級狀態,土耳其,出口總值(含復出口),2059.24369,1729720
2015-7,39069010,其他丙烯酸聚合物粒，初級狀態,中國大陸,進口總值(含復進口),673.52941,316828
2015-7,39069010,其他丙烯酸聚合物粒，初級狀態,中國大陸,出口總值(含復出口),6361.44149,2742704
2015-7,39069010,其他丙烯酸聚合物粒，初級狀態,厄瓜多,出口總值(含復出口),23.78797,16000
2015-7,39069010,其他丙烯酸聚合物粒，初級狀態,巴西,出口總值(含復出口),80.44602,55200
2015-7,39069010,其他丙烯酸聚合物粒，初級狀態,巴林,出口總值(含復出口),25.88881,16000
2015-7,39069010,其他丙烯酸聚合物粒，初級狀態,巴基斯坦,出口總值(含復出口),101.55138,38720
2015-7,39069010,其他丙烯酸聚合物粒，初級狀態,日本,進口總值(含復進口),1373.01228,533678
2015-7,39069010,其他丙烯酸聚合物粒，初級狀態,日本,出口總值(含復出口),90.98254,50050
2015-7,39069010,其他丙烯酸聚合物粒，初級狀態,比利時,進口總值(含復進口),160.21331,108575
2015-7,39069010,其他丙烯酸聚合物粒，初級狀態,比利時,出口總值(含復出口),0.03232,7
2015-7,39069010,其他丙烯酸聚合物粒，初級狀態,以色列,進口總值(含復進口),41.91984,4500
2015-7,39069010,其他丙烯酸聚合物粒，初級狀態,以色列,出口總值(含復出口),211.37685,144000
2015-7,39069010,其他丙烯酸聚合物粒，初級狀態,加拿大,出口總值(含復出口),41.33807,15200
2015-7,39069010,其他丙烯酸聚合物粒，初級狀態,伊朗,出口總值(含復出口),163.51001,103200
2015-7,39069010,其他丙烯酸聚合物粒，初級狀態,印尼,出口總值(含復出口),191.43503,88510
2015-7,39069010,其他丙烯酸聚合物粒，初級狀態,印度,出口總值(含復出口),445.37815,186872
2015-7,39069010,其他丙烯酸聚合物粒，初級狀態,多明尼加,出口總值(含復出口),20.71751,14400
2015-7,39069010,其他丙烯酸聚合物粒，初級狀態,西班牙,出口總值(含復出口),11.86166,6000
2015-7,39069010,其他丙烯酸聚合物粒，初級狀態,沙烏地阿拉伯,出口總值(含復出口),404.33096,288000
2015-7,39069010,其他丙烯酸聚合物粒，初級狀態,孟加拉,出口總值(含復出口),127.14932,54510
2015-7,39069010,其他丙烯酸聚合物粒，初級狀態,波蘭,出口總值(含復出口),6.755,3000
2015-7,39069010,其他丙烯酸聚合物粒，初級狀態,法國,進口總值(含復進口),1.74531,42
2015-7,39069010,其他丙烯酸聚合物粒，初級狀態,阿拉伯聯合大公國,出口總值(含復出口),86.13445,57600
2015-7,39069010,其他丙烯酸聚合物粒，初級狀態,俄羅斯,出口總值(含復出口),106.10859,34000
2015-7,39069010,其他丙烯酸聚合物粒，初級狀態,南非,出口總值(含復出口),44.40853,24450
2015-7,39069010,其他丙烯酸聚合物粒，初級狀態,南韓,進口總值(含復進口),468.58435,178610
2015-7,39069010,其他丙烯酸聚合物粒，初級狀態,南韓,出口總值(含復出口),111.24757,63100
2015-7,39069010,其他丙烯酸聚合物粒，初級狀態,科威特,出口總值(含復出口),59.8901,32000
2015-7,39069010,其他丙烯酸聚合物粒，初級狀態,約旦,出口總值(含復出口),182.12669,144000
2015-7,39069010,其他丙烯酸聚合物粒，初級狀態,美國,進口總值(含復進口),551.16354,99136
2015-7,39069010,其他丙烯酸聚合物粒，初級狀態,美國,出口總值(含復出口),149.74143,68000
2015-7,39069010,其他丙烯酸聚合物粒，初級狀態,英國,進口總值(含復進口),4.62184,1800
2015-7,39069010,其他丙烯酸聚合物粒，初級狀態,英國,出口總值(含復出口),146.21848,63625
2015-7,39069010,其他丙烯酸聚合物粒，初級狀態,香港,出口總值(含復出口),1941.49967,816617
2015-7,39069010,其他丙烯酸聚合物粒，初級狀態,哥倫比亞,出口總值(含復出口),46.2508,20000
2015-7,39069010,其他丙烯酸聚合物粒，初級狀態,埃及,出口總值(含復出口),699.64447,499200
2015-7,39069010,其他丙烯酸聚合物粒，初級狀態,泰國,進口總值(含復進口),10.31027,4000
2015-7,39069010,其他丙烯酸聚合物粒，初級狀態,泰國,出口總值(含復出口),290.43309,118000
2015-7,39069010,其他丙烯酸聚合物粒，初級狀態,秘魯,出口總值(含復出口),30.96315,16000
2015-7,39069010,其他丙烯酸聚合物粒，初級狀態,紐西蘭,出口總值(含復出口),36.78086,16000
2015-7,39069010,其他丙烯酸聚合物粒，初級狀態,馬來西亞,進口總值(含復進口),92.46929,10000
2015-7,39069010,其他丙烯酸聚合物粒，初級狀態,馬來西亞,出口總值(含復出口),247.99612,111800
2015-7,39069010,其他丙烯酸聚合物粒，初級狀態,荷蘭,進口總值(含復進口),100.42016,34800
2015-7,39069010,其他丙烯酸聚合物粒，初級狀態,荷蘭,出口總值(含復出口),129.02391,62400
2015-7,39069010,其他丙烯酸聚合物粒，初級狀態,斯里蘭卡,出口總值(含復出口),21.0084,10000
2015-7,39069010,其他丙烯酸聚合物粒，初級狀態,菲律賓,出口總值(含復出口),1087.07175,710775
2015-7,39069010,其他丙烯酸聚合物粒，初級狀態,越南,出口總值(含復出口),581.44795,289744
2015-7,39069010,其他丙烯酸聚合物粒，初級狀態,塞席爾,出口總值(含復出口),3.91079,2000
2015-7,39069010,其他丙烯酸聚合物粒，初級狀態,愛爾蘭,出口總值(含復出口),122.30122,54000
2015-7,39069010,其他丙烯酸聚合物粒，初級狀態,新加坡,進口總值(含復進口),297.76987,92400
2015-7,39069010,其他丙烯酸聚合物粒，初級狀態,新加坡,出口總值(含復出口),204.00775,106400
2015-7,39069010,其他丙烯酸聚合物粒，初級狀態,瑞典,進口總值(含復進口),50.09696,20373
2015-7,39069010,其他丙烯酸聚合物粒，初級狀態,瑞典,出口總值(含復出口),20.16806,9000
2015-7,39069010,其他丙烯酸聚合物粒，初級狀態,義大利,出口總值(含復出口),67.48545,32112
2015-7,39069010,其他丙烯酸聚合物粒，初級狀態,德國,進口總值(含復進口),136.03749,54600
2015-7,39069010,其他丙烯酸聚合物粒，初級狀態,德國,出口總值(含復出口),13.12217,6000
2015-7,39069010,其他丙烯酸聚合物粒，初級狀態,墨西哥,出口總值(含復出口),894.76405,544000
2015-7,39069010,其他丙烯酸聚合物粒，初級狀態,澳大利亞,進口總值(含復進口),0.22624,2
2015-7,39069010,其他丙烯酸聚合物粒，初級狀態,澳大利亞,出口總值(含復出口),116.25727,56200
2015-7,39071000,聚縮醛，初級狀態,土耳其,出口總值(含復出口),180.76923,140000
2015-7,39071000,聚縮醛，初級狀態,中國大陸,進口總值(含復進口),52.84421,12500
2015-7,39071000,聚縮醛，初級狀態,中國大陸,出口總值(含復出口),4663.83322,3143500
2015-7,39071000,聚縮醛，初級狀態,丹麥,出口總值(含復出口),22.33354,18000
2015-7,39071000,聚縮醛，初級狀態,厄瓜多,出口總值(含復出口),10.79508,6750
2015-7,39071000,聚縮醛，初級狀態,巴西,出口總值(含復出口),49.19198,40000
2015-7,39071000,聚縮醛，初級狀態,日本,進口總值(含復進口),517.48545,114312
2015-7,39071000,聚縮醛，初級狀態,日本,出口總值(含復出口),403.2967,186000
2015-7,39071000,聚縮醛，初級狀態,比利時,出口總值(含復出口),133.48416,108000
2015-7,39071000,聚縮醛，初級狀態,伊朗,出口總值(含復出口),262.18487,200000
2015-7,39071000,聚縮醛，初級狀態,印尼,出口總值(含復出口),197.80219,93000
2015-7,39071000,聚縮醛，初級狀態,南韓,進口總值(含復進口),218.09954,152000
2015-7,39071000,聚縮醛，初級狀態,南韓,出口總值(含復出口),49.09502,36000
2015-7,39071000,聚縮醛，初級狀態,美國,進口總值(含復進口),272.91531,75271
2015-7,39071000,聚縮醛，初級狀態,英國,出口總值(含復出口),23.9819,18000
2015-7,39071000,聚縮醛，初級狀態,香港,出口總值(含復出口),1216.90367,645825
2015-7,39071000,聚縮醛，初級狀態,泰國,進口總值(含復進口),566.32191,384000
2015-7,39071000,聚縮醛，初級狀態,馬來西亞,進口總值(含復進口),149.45054,119000
2015-7,39071000,聚縮醛，初級狀態,馬來西亞,出口總值(含復出口),107.82158,50800
2015-7,39071000,聚縮醛，初級狀態,捷克,出口總值(含復出口),45.63671,36000
2015-7,39071000,聚縮醛，初級狀態,荷蘭,進口總值(含復進口),272.49515,69524
2015-7,39071000,聚縮醛，初級狀態,荷蘭,出口總值(含復出口),246.05688,204000
2015-7,39071000,聚縮醛，初級狀態,菲律賓,出口總值(含復出口),59.08209,29675
2015-7,39071000,聚縮醛，初級狀態,越南,出口總值(含復出口),159.14673,112165
2015-7,39071000,聚縮醛，初級狀態,新加坡,進口總值(含復進口),4.81577,488
2015-7,39071000,聚縮醛，初級狀態,新加坡,出口總值(含復出口),6.17323,3000
2015-7,39071000,聚縮醛，初級狀態,義大利,出口總值(含復出口),249.67679,201000
2015-7,39071000,聚縮醛，初級狀態,葡萄牙,出口總值(含復出口),22.13962,18000
2015-7,39071000,聚縮醛，初級狀態,德國,進口總值(含復進口),153.65223,81001
2015-7,39071000,聚縮醛，初級狀態,墨西哥,進口總值(含復進口),6.81965,973
2015-7,39071000,聚縮醛，初級狀態,墨西哥,出口總值(含復出口),4.71881,2000
2015-8,39069010,其他丙烯酸聚合物粒，初級狀態,土耳其,出口總值(含復出口),1778.70662,1416000
2015-8,39069010,其他丙烯酸聚合物粒，初級狀態,中國大陸,進口總值(含復進口),917.63406,348773
2015-8,39069010,其他丙烯酸聚合物粒，初級狀態,中國大陸,出口總值(含復出口),4342.74447,1963619
2015-8,39069010,其他丙烯酸聚合物粒，初級狀態,巴西,出口總值(含復出口),214.10094,114859
2015-8,39069010,其他丙烯酸聚合物粒，初級狀態,巴基斯坦,出口總值(含復出口),196.56151,88320
2015-8,39069010,其他丙烯酸聚合物粒，初級狀態,日本,進口總值(含復進口),1306.71924,567153
2015-8,39069010,其他丙烯酸聚合物粒，初級狀態,日本,出口總值(含復出口),153.09148,68898
2015-8,39069010,其他丙烯酸聚合物粒，初級狀態,比利時,進口總值(含復進口),58.54889,44949
2015-8,39069010,其他丙烯酸聚合物粒，初級狀態,比利時,出口總值(含復出口),0.03154,219
2015-8,39069010,其他丙烯酸聚合物粒，初級狀態,以色列,進口總值(含復進口),176.40378,18000
2015-8,39069010,其他丙烯酸聚合物粒，初級狀態,以色列,出口總值(含復出口),148.26498,94000
2015-8,39069010,其他丙烯酸聚合物粒，初級狀態,卡達,出口總值(含復出口),2.2082,1600
2015-8,39069010,其他丙烯酸聚合物粒，初級狀態,伊朗,出口總值(含復出口),272.58675,132200
2015-8,39069010,其他丙烯酸聚合物粒，初級狀態,印尼,出口總值(含復出口),209.55835,100533
2015-8,39069010,其他丙烯酸聚合物粒，初級狀態,印度,出口總值(含復出口),171.07255,81400
2015-8,39069010,其他丙烯酸聚合物粒，初級狀態,安哥拉,出口總值(含復出口),124.0063,96000
2015-8,39069010,其他丙烯酸聚合物粒，初級狀態,沙烏地阿拉伯,出口總值(含復出口),482.14511,302400
2015-8,39069010,其他丙烯酸聚合物粒，初級狀態,孟加拉,出口總值(含復出口),148.04416,89270
2015-8,39069010,其他丙烯酸聚合物粒，初級狀態,波蘭,出口總值(含復出口),2.14511,1000
2015-8,39069010,其他丙烯酸聚合物粒，初級狀態,阿拉伯聯合大公國,出口總值(含復出口),56.90851,32000
2015-8,39069010,其他丙烯酸聚合物粒，初級狀態,阿根廷,出口總值(含復出口),470.63091,312000
2015-8,39069010,其他丙烯酸聚合物粒，初級狀態,阿曼,出口總值(含復出口),25.26813,16000
2015-8,39069010,其他丙烯酸聚合物粒，初級狀態,南非,出口總值(含復出口),225.11041,154000
2015-8,39069010,其他丙烯酸聚合物粒，初級狀態,南韓,進口總值(含復進口),484.32176,176880
2015-8,39069010,其他丙烯酸聚合物粒，初級狀態,南韓,出口總值(含復出口),235.07886,76800
2015-8,39069010,其他丙烯酸聚合物粒，初級狀態,科威特,出口總值(含復出口),113.24921,64000
2015-8,39069010,其他丙烯酸聚合物粒，初級狀態,約旦,出口總值(含復出口),199.9369,160000
2015-8,39069010,其他丙烯酸聚合物粒，初級狀態,美國,進口總值(含復進口),432.27129,70917
2015-8,39069010,其他丙烯酸聚合物粒，初級狀態,美國,出口總值(含復出口),92.52365,28600
2015-8,39069010,其他丙烯酸聚合物粒，初級狀態,英國,進口總值(含復進口),137.57097,55800
2015-8,39069010,其他丙烯酸聚合物粒，初級狀態,英國,出口總值(含復出口),176.05678,79250
2015-8,39069010,其他丙烯酸聚合物粒，初級狀態,香港,出口總值(含復出口),1614.66876,692195
2015-8,39069010,其他丙烯酸聚合物粒，初級狀態,埃及,出口總值(含復出口),45.1735,20000
2015-8,39069010,其他丙烯酸聚合物粒，初級狀態,泰國,進口總值(含復進口),56.81388,24200
2015-8,39069010,其他丙烯酸聚合物粒，初級狀態,泰國,出口總值(含復出口),339.02208,160785
2015-8,39069010,其他丙烯酸聚合物粒，初級狀態,紐西蘭,出口總值(含復出口),62.46056,28600
2015-8,39069010,其他丙烯酸聚合物粒，初級狀態,馬來西亞,出口總值(含復出口),220.18927,102675
2015-8,39069010,其他丙烯酸聚合物粒，初級狀態,敘利亞,出口總值(含復出口),110.75709,80000
2015-8,39069010,其他丙烯酸聚合物粒，初級狀態,荷蘭,進口總值(含復進口),115.74132,33750
2015-8,39069010,其他丙烯酸聚合物粒，初級狀態,智利,出口總值(含復出口),42.33438,19000
2015-8,39069010,其他丙烯酸聚合物粒，初級狀態,菲律賓,出口總值(含復出口),47.60252,15400
2015-8,39069010,其他丙烯酸聚合物粒，初級狀態,越南,出口總值(含復出口),626.24604,285368
2015-8,39069010,其他丙烯酸聚合物粒，初級狀態,新加坡,進口總值(含復進口),394.95268,146000
2015-8,39069010,其他丙烯酸聚合物粒，初級狀態,新加坡,出口總值(含復出口),222.8391,115200
2015-8,39069010,其他丙烯酸聚合物粒，初級狀態,瑞典,進口總值(含復進口),35.11041,408
2015-8,39069010,其他丙烯酸聚合物粒，初級狀態,義大利,出口總值(含復出口),68.17034,34000
2015-8,39069010,其他丙烯酸聚合物粒，初級狀態,德國,進口總值(含復進口),299.40063,64210
2015-8,39069010,其他丙烯酸聚合物粒，初級狀態,德國,出口總值(含復出口),2.30283,1050
2015-8,39069010,其他丙烯酸聚合物粒，初級狀態,黎巴嫩,出口總值(含復出口),2.01892,1200
2015-8,39069010,其他丙烯酸聚合物粒，初級狀態,墨西哥,出口總值(含復出口),738.58044,429600
2015-8,39069010,其他丙烯酸聚合物粒，初級狀態,澳大利亞,出口總值(含復出口),73.09148,37000
2015-8,39071000,聚縮醛，初級狀態,土耳其,出口總值(含復出口),325.01577,248000
2015-8,39071000,聚縮醛，初級狀態,中國大陸,進口總值(含復進口),261.89274,34150
2015-8,39071000,聚縮醛，初級狀態,中國大陸,出口總值(含復出口),4153.72239,2717300
2015-8,39071000,聚縮醛，初級狀態,丹麥,進口總值(含復進口),0.28391,50
2015-8,39071000,聚縮醛，初級狀態,日本,進口總值(含復進口),472.11356,146584
2015-8,39071000,聚縮醛，初級狀態,日本,出口總值(含復出口),548.92744,234000
2015-8,39071000,聚縮醛，初級狀態,比利時,出口總值(含復出口),84.54258,72000
2015-8,39071000,聚縮醛，初級狀態,以色列,出口總值(含復出口),74.88958,58000
2015-8,39071000,聚縮醛，初級狀態,伊朗,出口總值(含復出口),204.51104,154000
2015-8,39071000,聚縮醛，初級狀態,印尼,出口總值(含復出口),250.75709,126000
2015-8,39071000,聚縮醛，初級狀態,孟加拉,出口總值(含復出口),24.0063,20000
2015-8,39071000,聚縮醛，初級狀態,芬蘭,進口總值(含復進口),1.70347,151
2015-8,39071000,聚縮醛，初級狀態,南非,出口總值(含復出口),22.9022,18000
2015-8,39071000,聚縮醛，初級狀態,南韓,進口總值(含復進口),80.78864,54000
2015-8,39071000,聚縮醛，初級狀態,南韓,出口總值(含復出口),50.37854,26000
2015-8,39071000,聚縮醛，初級狀態,美國,進口總值(含復進口),249.2429,101000
2015-8,39071000,聚縮醛，初級狀態,美國,出口總值(含復出口),44.13249,34000
2015-8,39071000,聚縮醛，初級狀態,英國,出口總值(含復出口),45.70977,36000
2015-8,39071000,聚縮醛，初級狀態,香港,出口總值(含復出口),1099.96845,579375
2015-8,39071000,聚縮醛，初級狀態,埃及,出口總值(含復出口),27.09779,20000
2015-8,39071000,聚縮醛，初級狀態,泰國,進口總值(含復進口),502.83911,328050
2015-8,39071000,聚縮醛，初級狀態,馬來西亞,進口總值(含復進口),134.88958,69025
2015-8,39071000,聚縮醛，初級狀態,馬來西亞,出口總值(含復出口),133.84857,46925
2015-8,39071000,聚縮醛，初級狀態,馬爾他,出口總值(含復出口),43.62776,36000
2015-8,39071000,聚縮醛，初級狀態,捷克,出口總值(含復出口),66.24605,54000
2015-8,39071000,聚縮醛，初級狀態,荷蘭,進口總值(含復進口),290.88328,69425
2015-8,39071000,聚縮醛，初級狀態,荷蘭,出口總值(含復出口),278.04416,172273
2015-8,39071000,聚縮醛，初級狀態,菲律賓,出口總值(含復出口),7.06624,3950
2015-8,39071000,聚縮醛，初級狀態,越南,出口總值(含復出口),106.11987,64175
2015-8,39071000,聚縮醛，初級狀態,新加坡,進口總值(含復進口),18.42271,1288
2015-8,39071000,聚縮醛，初級狀態,義大利,進口總值(含復進口),1.26182,10
2015-8,39071000,聚縮醛，初級狀態,義大利,出口總值(含復出口),256.46687,222000
2015-8,39071000,聚縮醛，初級狀態,德國,進口總值(含復進口),31.89274,6100
2015-8,39071000,聚縮醛，初級狀態,墨西哥,出口總值(含復出口),2.5552,1000
2015-8,39071000,聚縮醛，初級狀態,澳大利亞,出口總值(含復出口),23.88012,18000
2015-9,39069010,其他丙烯酸聚合物粒，初級狀態,土耳其,出口總值(含復出口),1044.78207,912000
2015-9,39069010,其他丙烯酸聚合物粒，初級狀態,中國大陸,進口總值(含復進口),717.98649,331742
2015-9,39069010,其他丙烯酸聚合物粒，初級狀態,中國大陸,出口總值(含復出口),6550.03068,2987741
2015-9,39069010,其他丙烯酸聚合物粒，初級狀態,中華民國,進口總值(含復進口),142.08103,63825
2015-9,39069010,其他丙烯酸聚合物粒，初級狀態,巴西,出口總值(含復出口),197.75936,129394
2015-9,39069010,其他丙烯酸聚合物粒，初級狀態,巴基斯坦,出口總值(含復出口),167.64886,75320
2015-9,39069010,其他丙烯酸聚合物粒，初級狀態,日本,進口總值(含復進口),1311.32596,589701
2015-9,39069010,其他丙烯酸聚合物粒，初級狀態,日本,出口總值(含復出口),60.1903,26400
2015-9,39069010,其他丙烯酸聚合物粒，初級狀態,比利時,進口總值(含復進口),37.63044,40000
2015-9,39069010,其他丙烯酸聚合物粒，初級狀態,比利時,出口總值(含復出口),2.3941,1111
2015-9,39069010,其他丙烯酸聚合物粒，初級狀態,以色列,進口總值(含復進口),28.33026,3000
2015-9,39069010,其他丙烯酸聚合物粒，初級狀態,以色列,出口總值(含復出口),128.94413,80000
2015-9,39069010,其他丙烯酸聚合物粒，初級狀態,加拿大,出口總值(含復出口),80.87783,33200
2015-9,39069010,其他丙烯酸聚合物粒，初級狀態,卡達,出口總值(含復出口),22.00736,16000
2015-9,39069010,其他丙烯酸聚合物粒，初級狀態,伊朗,出口總值(含復出口),329.52731,230400
2015-9,39069010,其他丙烯酸聚合物粒，初級狀態,印尼,出口總值(含復出口),161.47943,82800
2015-9,39069010,其他丙烯酸聚合物粒，初級狀態,印度,出口總值(含復出口),349.04849,174328
2015-9,39069010,其他丙烯酸聚合物粒，初級狀態,安哥拉,出口總值(含復出口),143.186,112000
2015-9,39069010,其他丙烯酸聚合物粒，初級狀態,西班牙,出口總值(含復出口),11.26457,5400
2015-9,39069010,其他丙烯酸聚合物粒，初級狀態,沙烏地阿拉伯,出口總值(含復出口),370.19643,255200
2015-9,39069010,其他丙烯酸聚合物粒，初級狀態,孟加拉,出口總值(含復出口),134.37691,78390
2015-9,39069010,其他丙烯酸聚合物粒，初級狀態,波蘭,出口總值(含復出口),4.29711,2000
2015-9,39069010,其他丙烯酸聚合物粒，初級狀態,法國,進口總值(含復進口),1.56537,42
2015-9,39069010,其他丙烯酸聚合物粒，初級狀態,法國,出口總值(含復出口),18.56967,9000
2015-9,39069010,其他丙烯酸聚合物粒，初級狀態,肯亞,出口總值(含復出口),29.06691,19200
2015-9,39069010,其他丙烯酸聚合物粒，初級狀態,阿拉伯聯合大公國,出口總值(含復出口),101.16635,61000
2015-9,39069010,其他丙烯酸聚合物粒，初級狀態,阿根廷,出口總值(含復出口),605.52486,402000
2015-9,39069010,其他丙烯酸聚合物粒，初級狀態,阿曼,出口總值(含復出口),28.36095,16000
2015-9,39069010,其他丙烯酸聚合物粒，初級狀態,俄羅斯,出口總值(含復出口),104.45058,34000
2015-9,39069010,其他丙烯酸聚合物粒，初級狀態,南非,出口總值(含復出口),25.10742,12000
2015-9,39069010,其他丙烯酸聚合物粒，初級狀態,南韓,進口總值(含復進口),613.35174,213026
2015-9,39069010,其他丙烯酸聚合物粒，初級狀態,南韓,出口總值(含復出口),108.01104,41375
2015-9,39069010,其他丙烯酸聚合物粒，初級狀態,科威特,出口總值(含復出口),106.69122,64000
2015-9,39069010,其他丙烯酸聚合物粒，初級狀態,約旦,出口總值(含復出口),179.31246,144000
2015-9,39069010,其他丙烯酸聚合物粒，初級狀態,美國,進口總值(含復進口),337.44628,52405
2015-9,39069010,其他丙烯酸聚合物粒，初級狀態,美國,出口總值(含復出口),107.33578,50000
2015-9,39069010,其他丙烯酸聚合物粒，初級狀態,英國,出口總值(含復出口),219.49048,100375
2015-9,39069010,其他丙烯酸聚合物粒，初級狀態,香港,出口總值(含復出口),1701.68814,779450
2015-9,39069010,其他丙烯酸聚合物粒，初級狀態,埃及,出口總值(含復出口),487.66114,371400
2015-9,39069010,其他丙烯酸聚合物粒，初級狀態,泰國,出口總值(含復出口),288.55125,130080
2015-9,39069010,其他丙烯酸聚合物粒，初級狀態,烏拉圭,出口總值(含復出口),1.59607,4000
2015-9,39069010,其他丙烯酸聚合物粒，初級狀態,秘魯,出口總值(含復出口),4.26642,2000
2015-9,39069010,其他丙烯酸聚合物粒，初級狀態,紐西蘭,出口總值(含復出口),27.99263,13900
2015-9,39069010,其他丙烯酸聚合物粒，初級狀態,馬來西亞,出口總值(含復出口),257.61203,135650
2015-9,39069010,其他丙烯酸聚合物粒，初級狀態,荷蘭,進口總值(含復進口),53.52977,20000
2015-9,39069010,其他丙烯酸聚合物粒，初級狀態,荷蘭,出口總值(含復出口),38.52056,18000
2015-9,39069010,其他丙烯酸聚合物粒，初級狀態,斯里蘭卡,出口總值(含復出口),27.40945,12000
2015-9,39069010,其他丙烯酸聚合物粒，初級狀態,菲律賓,出口總值(含復出口),959.02394,677000
2015-9,39069010,其他丙烯酸聚合物粒，初級狀態,越南,出口總值(含復出口),703.19214,325850
2015-9,39069010,其他丙烯酸聚合物粒，初級狀態,愛爾蘭,出口總值(含復出口),159.79128,72000
2015-9,39069010,其他丙烯酸聚合物粒，初級狀態,新加坡,進口總值(含復進口),181.46101,66600
2015-9,39069010,其他丙烯酸聚合物粒，初級狀態,新加坡,出口總值(含復出口),196.22467,114700
2015-9,39069010,其他丙烯酸聚合物粒，初級狀態,瑞典,進口總值(含復進口),27.86985,342
2015-9,39069010,其他丙烯酸聚合物粒，初級狀態,義大利,進口總值(含復進口),23.54205,1650
2015-9,39069010,其他丙烯酸聚合物粒，初級狀態,義大利,出口總值(含復出口),31.70656,16000
2015-9,39069010,其他丙烯酸聚合物粒，初級狀態,德國,進口總值(含復進口),162.89134,62100
2015-9,39069010,其他丙烯酸聚合物粒，初級狀態,德國,出口總值(含復出口),2.30202,1000
2015-9,39069010,其他丙烯酸聚合物粒，初級狀態,墨西哥,出口總值(含復出口),267.58747,128000
2015-9,39069010,其他丙烯酸聚合物粒，初級狀態,澳大利亞,出口總值(含復出口),143.79987,68810
2015-9,39071000,聚縮醛，初級狀態,土耳其,出口總值(含復出口),254.38919,200000
2015-9,39071000,聚縮醛，初級狀態,中國大陸,進口總值(含復進口),295.76427,68423
2015-9,39071000,聚縮醛，初級狀態,中國大陸,出口總值(含復出口),4578.79066,3246375
2015-9,39071000,聚縮醛，初級狀態,中華民國,進口總值(含復進口),18.01718,5775
2015-9,39071000,聚縮醛，初級狀態,巴西,出口總值(含復出口),23.54205,20000
2015-9,39071000,聚縮醛，初級狀態,日本,進口總值(含復進口),457.02885,158507
2015-9,39071000,聚縮醛，初級狀態,日本,出口總值(含復出口),494.59791,249000
2015-9,39071000,聚縮醛，初級狀態,比利時,出口總值(含復出口),109.2081,90000
2015-9,39071000,聚縮醛，初級狀態,印尼,出口總值(含復出口),162.33885,78000
2015-9,39071000,聚縮醛，初級狀態,西班牙,出口總值(含復出口),101.13566,84000
2015-9,39071000,聚縮醛，初級狀態,孟加拉,出口總值(含復出口),68.01718,60000
2015-9,39071000,聚縮醛，初級狀態,阿拉伯聯合大公國,出口總值(含復出口),22.95887,18000
2015-9,39071000,聚縮醛，初級狀態,俄羅斯,出口總值(含復出口),20.53406,18000
2015-9,39071000,聚縮醛，初級狀態,南非,出口總值(含復出口),22.37569,18000
2015-9,39071000,聚縮醛，初級狀態,南韓,進口總值(含復進口),34.68385,41999
2015-9,39071000,聚縮醛，初級狀態,南韓,出口總值(含復出口),29.71147,20000
2015-9,39071000,聚縮醛，初級狀態,美國,進口總值(含復進口),283.73235,79268
2015-9,39071000,聚縮醛，初級狀態,美國,出口總值(含復出口),71.24002,54000
2015-9,39071000,聚縮醛，初級狀態,香港,出口總值(含復出口),851.44259,450975
2015-9,39071000,聚縮醛，初級狀態,埃及,出口總值(含復出口),53.10006,40000
2015-9,39071000,聚縮醛，初級狀態,泰國,進口總值(含復進口),507.94966,301000
2015-9,39071000,聚縮醛，初級狀態,泰國,出口總值(含復出口),28.1461,22000
2015-9,39071000,聚縮醛，初級狀態,馬來西亞,進口總值(含復進口),82.93431,32000
2015-9,39071000,聚縮醛，初級狀態,馬來西亞,出口總值(含復出口),12.49232,3050
2015-9,39071000,聚縮醛，初級狀態,馬爾他,出口總值(含復出口),43.92265,36000
2015-9,39071000,聚縮醛，初級狀態,荷蘭,進口總值(含復進口),99.84653,15450
2015-9,39071000,聚縮醛，初級狀態,荷蘭,出口總值(含復出口),319.8895,270000
2015-9,39071000,聚縮醛，初級狀態,菲律賓,出口總值(含復出口),124.67771,56000
2015-9,39071000,聚縮醛，初級狀態,越南,出口總值(含復出口),45.97912,29050
2015-9,39071000,聚縮醛，初級狀態,新加坡,進口總值(含復進口),26.45794,2023
2015-9,39071000,聚縮醛，初級狀態,義大利,進口總值(含復進口),3.74462,4237
2015-9,39071000,聚縮醛，初級狀態,義大利,出口總值(含復出口),82.90362,72000
2015-9,39071000,聚縮醛，初級狀態,德國,進口總值(含復進口),106.69122,76000
2015-9,39071000,聚縮醛，初級狀態,德國,出口總值(含復出口),156.93677,132000
2015-9,39071000,聚縮醛，初級狀態,墨西哥,出口總值(含復出口),22.55985,18000
2015-10,39069010,其他丙烯酸聚合物粒，初級狀態,土耳其,出口總值(含復出口),727.52602,654400
2015-10,39069010,其他丙烯酸聚合物粒，初級狀態,中國大陸,進口總值(含復進口),812.49234,298495
2015-10,39069010,其他丙烯酸聚合物粒，初級狀態,中國大陸,出口總值(含復出口),9138.05878,4210018
2015-10,39069010,其他丙烯酸聚合物粒，初級狀態,中華民國,進口總值(含復進口),22.81077,10000
2015-10,39069010,其他丙烯酸聚合物粒，初級狀態,巴西,出口總值(含復出口),49.63257,40000
2015-10,39069010,其他丙烯酸聚合物粒，初級狀態,巴基斯坦,出口總值(含復出口),41.15125,32000
2015-10,39069010,其他丙烯酸聚合物粒，初級狀態,日本,進口總值(含復進口),1210.65523,593657
2015-10,39069010,其他丙烯酸聚合物粒，初級狀態,日本,出口總值(含復出口),85.21126,47900
2015-10,39069010,其他丙烯酸聚合物粒，初級狀態,比利時,進口總值(含復進口),102.93937,48750
2015-10,39069010,其他丙烯酸聚合物粒，初級狀態,比利時,出口總值(含復出口),6.49112,3000
2015-10,39069010,其他丙烯酸聚合物粒，初級狀態,以色列,進口總值(含復進口),112.18616,12000
2015-10,39069010,其他丙烯酸聚合物粒，初級狀態,以色列,出口總值(含復出口),88.73239,64000
2015-10,39069010,其他丙烯酸聚合物粒，初級狀態,伊朗,出口總值(含復出口),436.12982,320700
2015-10,39069010,其他丙烯酸聚合物粒，初級狀態,印尼,出口總值(含復出口),208.63441,99010
2015-10,39069010,其他丙烯酸聚合物粒，初級狀態,印度,出口總值(含復出口),224.12737,134868
2015-10,39069010,其他丙烯酸聚合物粒，初級狀態,沙烏地阿拉伯,出口總值(含復出口),186.0992,137000
2015-10,39069010,其他丙烯酸聚合物粒，初級狀態,孟加拉,出口總值(含復出口),113.13533,47200
2015-10,39069010,其他丙烯酸聚合物粒，初級狀態,波蘭,出口總值(含復出口),2.11267,1000
2015-10,39069010,其他丙烯酸聚合物粒，初級狀態,法國,進口總值(含復進口),53.52112,15000
2015-10,39069010,其他丙烯酸聚合物粒，初級狀態,肯亞,出口總值(含復出口),57.25658,38400
2015-10,39069010,其他丙烯酸聚合物粒，初級狀態,阿拉伯聯合大公國,出口總值(含復出口),126.02571,80000
2015-10,39069010,其他丙烯酸聚合物粒，初級狀態,阿根廷,出口總值(含復出口),24.86221,12000
2015-10,39069010,其他丙烯酸聚合物粒，初級狀態,阿曼,出口總值(含復出口),52.327,32000
2015-10,39069010,其他丙烯酸聚合物粒，初級狀態,阿爾及利亞,出口總值(含復出口),28.3221,22400
2015-10,39069010,其他丙烯酸聚合物粒，初級狀態,俄羅斯,出口總值(含復出口),103.18432,34000
2015-10,39069010,其他丙烯酸聚合物粒，初級狀態,南非,出口總值(含復出口),593.60073,434000
2015-10,39069010,其他丙烯酸聚合物粒，初級狀態,南韓,進口總值(含復進口),612.49234,219225
2015-10,39069010,其他丙烯酸聚合物粒，初級狀態,南韓,出口總值(含復出口),199.81628,94650
2015-10,39069010,其他丙烯酸聚合物粒，初級狀態,約旦,出口總值(含復出口),142.16166,112000
2015-10,39069010,其他丙烯酸聚合物粒，初級狀態,美國,進口總值(含復進口),534.9357,105297
2015-10,39069010,其他丙烯酸聚合物粒，初級狀態,美國,出口總值(含復出口),152.57195,79000
2015-10,39069010,其他丙烯酸聚合物粒，初級狀態,英國,進口總值(含復進口),36.86466,11700
2015-10,39069010,其他丙烯酸聚合物粒，初級狀態,香港,出口總值(含復出口),1540.93691,666775
2015-10,39069010,其他丙烯酸聚合物粒，初級狀態,埃及,出口總值(含復出口),59.58358,32000
2015-10,39069010,其他丙烯酸聚合物粒，初級狀態,泰國,出口總值(含復出口),430.09797,189200
2015-10,39069010,其他丙烯酸聚合物粒，初級狀態,紐西蘭,出口總值(含復出口),88.4262,43200
2015-10,39069010,其他丙烯酸聚合物粒，初級狀態,馬來西亞,出口總值(含復出口),174.40293,89460
2015-10,39069010,其他丙烯酸聚合物粒，初級狀態,荷蘭,進口總值(含復進口),130.06736,39250
2015-10,39069010,其他丙烯酸聚合物粒，初級狀態,荷蘭,出口總值(含復出口),219.01408,109400
2015-10,39069010,其他丙烯酸聚合物粒，初級狀態,智利,出口總值(含復出口),35.24188,16000
2015-10,39069010,其他丙烯酸聚合物粒，初級狀態,菲律賓,出口總值(含復出口),93.78444,65160
2015-10,39069010,其他丙烯酸聚合物粒，初級狀態,越南,出口總值(含復出口),540.53888,273264
2015-10,39069010,其他丙烯酸聚合物粒，初級狀態,愛爾蘭,出口總值(含復出口),77.67911,36000
2015-10,39069010,其他丙烯酸聚合物粒，初級狀態,新加坡,進口總值(含復進口),164.63563,39600
2015-10,39069010,其他丙烯酸聚合物粒，初級狀態,新加坡,出口總值(含復出口),186.40538,106975
2015-10,39069010,其他丙烯酸聚合物粒，初級狀態,瑞典,進口總值(含復進口),70.30006,47700
2015-10,39069010,其他丙烯酸聚合物粒，初級狀態,義大利,出口總值(含復出口),81.59828,41000
2015-10,39069010,其他丙烯酸聚合物粒，初級狀態,德國,進口總值(含復進口),67.11573,31740
2015-10,39069010,其他丙烯酸聚合物粒，初級狀態,德國,出口總值(含復出口),12.46172,6000
2015-10,39069010,其他丙烯酸聚合物粒，初級狀態,黎巴嫩,出口總值(含復出口),40.84507,33200
2015-10,39069010,其他丙烯酸聚合物粒，初級狀態,墨西哥,出口總值(含復出口),379.91426,228000
2015-10,39069010,其他丙烯酸聚合物粒，初級狀態,澳大利亞,出口總值(含復出口),105.45009,54400
2015-10,39069010,其他丙烯酸聚合物粒，初級狀態,羅馬尼亞,進口總值(含復進口),0.18371,1
2015-10,39071000,聚縮醛，初級狀態,土耳其,出口總值(含復出口),140.66135,108000
2015-10,39071000,聚縮醛，初級狀態,中國大陸,進口總值(含復進口),151.86772,24405
2015-10,39071000,聚縮醛，初級狀態,中國大陸,出口總值(含復出口),5960.90017,4334874
2015-10,39071000,聚縮醛，初級狀態,丹麥,進口總值(含復進口),0.15309,75
2015-10,39071000,聚縮醛，初級狀態,巴西,出口總值(含復出口),68.49357,60000
2015-10,39071000,聚縮醛，初級狀態,日本,進口總值(含復進口),483.86405,123931
2015-10,39071000,聚縮醛，初級狀態,日本,出口總值(含復出口),742.74341,480000
2015-10,39071000,聚縮醛，初級狀態,比利時,出口總值(含復出口),91.33496,72000
2015-10,39071000,聚縮醛，初級狀態,以色列,出口總值(含復出口),23.20881,18000
2015-10,39071000,聚縮醛，初級狀態,伊朗,出口總值(含復出口),130.40416,100000
2015-10,39071000,聚縮醛，初級狀態,印尼,出口總值(含復出口),230.22045,108000
2015-10,39071000,聚縮醛，初級狀態,孟加拉,出口總值(含復出口),46.6932,40000
2015-10,39071000,聚縮醛，初級狀態,南非,出口總值(含復出口),22.3515,18000
2015-10,39071000,聚縮醛，初級狀態,南韓,進口總值(含復進口),122.84139,69900
2015-10,39071000,聚縮醛，初級狀態,南韓,出口總值(含復出口),45.34598,36000
2015-10,39071000,聚縮醛，初級狀態,美國,進口總值(含復進口),117.60563,31192
2015-10,39071000,聚縮醛，初級狀態,英國,出口總值(含復出口),66.74831,54000
2015-10,39071000,聚縮醛，初級狀態,香港,出口總值(含復出口),888.33435,417675
2015-10,39071000,聚縮醛，初級狀態,泰國,進口總值(含復進口),403.39865,249025
2015-10,39071000,聚縮醛，初級狀態,泰國,出口總值(含復出口),6.73606,3000
2015-10,39071000,聚縮醛，初級狀態,馬來西亞,進口總值(含復進口),89.89589,40975
2015-10,39071000,聚縮醛，初級狀態,馬來西亞,出口總值(含復出口),25.44396,21350
2015-10,39071000,聚縮醛，初級狀態,捷克,出口總值(含復出口),70.02449,54000
2015-10,39071000,聚縮醛，初級狀態,荷蘭,進口總值(含復進口),157.624,37000
2015-10,39071000,聚縮醛，初級狀態,荷蘭,出口總值(含復出口),87.78322,72000
2015-10,39071000,聚縮醛，初級狀態,菲律賓,出口總值(含復出口),277.00551,123507
2015-10,39071000,聚縮醛，初級狀態,越南,出口總值(含復出口),181.75137,130552
2015-10,39071000,聚縮醛，初級狀態,新加坡,進口總值(含復進口),3.55174,463
2015-10,39071000,聚縮醛，初級狀態,義大利,進口總值(含復進口),35.39497,151
2015-10,39071000,聚縮醛，初級狀態,義大利,出口總值(含復出口),87.63012,72000
2015-10,39071000,聚縮醛，初級狀態,葡萄牙,出口總值(含復出口),21.58603,18000
2015-10,39071000,聚縮醛，初級狀態,德國,進口總值(含復進口),98.77526,60000
2015-10,39071000,聚縮醛，初級狀態,德國,出口總值(含復出口),43.99877,36000
2015-10,39071000,聚縮醛，初級狀態,墨西哥,出口總值(含復出口),48.98958,37000
2015-11,39069010,其他丙烯酸聚合物粒，初級狀態,土耳其,出口總值(含復出口),841.53325,845940
2015-11,39069010,其他丙烯酸聚合物粒，初級狀態,中國大陸,進口總值(含復進口),818.34975,404830
2015-11,39069010,其他丙烯酸聚合物粒，初級狀態,中國大陸,出口總值(含復出口),4041.00984,1972320
2015-11,39069010,其他丙烯酸聚合物粒，初級狀態,巴西,出口總值(含復出口),61.33004,30000
2015-11,39069010,其他丙烯酸聚合物粒，初級狀態,巴林,出口總值(含復出口),11.94581,7200
2015-11,39069010,其他丙烯酸聚合物粒，初級狀態,巴基斯坦,出口總值(含復出口),106.65024,76000
2015-11,39069010,其他丙烯酸聚合物粒，初級狀態,日本,進口總值(含復進口),1587.16133,706589
2015-11,39069010,其他丙烯酸聚合物粒，初級狀態,日本,出口總值(含復出口),123.55295,66800
2015-11,39069010,其他丙烯酸聚合物粒，初級狀態,比利時,進口總值(含復進口),157.85098,7767
2015-11,39069010,其他丙烯酸聚合物粒，初級狀態,比利時,出口總值(含復出口),12.93103,6030
2015-11,39069010,其他丙烯酸聚合物粒，初級狀態,以色列,進口總值(含復進口),176.41625,19000
2015-11,39069010,其他丙烯酸聚合物粒，初級狀態,以色列,出口總值(含復出口),80.60344,64000
2015-11,39069010,其他丙烯酸聚合物粒，初級狀態,加拿大,出口總值(含復出口),28.94088,12000
2015-11,39069010,其他丙烯酸聚合物粒，初級狀態,伊朗,出口總值(含復出口),128.87931,92800
2015-11,39069010,其他丙烯酸聚合物粒，初級狀態,印尼,出口總值(含復出口),226.47783,120652
2015-11,39069010,其他丙烯酸聚合物粒，初級狀態,印度,出口總值(含復出口),342.48767,187888
2015-11,39069010,其他丙烯酸聚合物粒，初級狀態,安哥拉,出口總值(含復出口),112.03817,96000
2015-11,39069010,其他丙烯酸聚合物粒，初級狀態,西班牙,出口總值(含復出口),3.41748,1800
2015-11,39069010,其他丙烯酸聚合物粒，初級狀態,沙烏地阿拉伯,出口總值(含復出口),584.75985,326400
2015-11,39069010,其他丙烯酸聚合物粒，初級狀態,奈及利亞,出口總值(含復出口),20.53571,14400
2015-11,39069010,其他丙烯酸聚合物粒，初級狀態,孟加拉,出口總值(含復出口),113.7931,65660
2015-11,39069010,其他丙烯酸聚合物粒，初級狀態,波蘭,出口總值(含復出口),8.25123,4000
2015-11,39069010,其他丙烯酸聚合物粒，初級狀態,法國,進口總值(含復進口),7.94334,125
2015-11,39069010,其他丙烯酸聚合物粒，初級狀態,肯亞,出口總值(含復出口),48.09113,35200
2015-11,39069010,其他丙烯酸聚合物粒，初級狀態,阿拉伯聯合大公國,出口總值(含復出口),69.73522,48000
2015-11,39069010,其他丙烯酸聚合物粒，初級狀態,俄羅斯,出口總值(含復出口),6.34236,3000
2015-11,39069010,其他丙烯酸聚合物粒，初級狀態,南韓,進口總值(含復進口),401.13916,156632
2015-11,39069010,其他丙烯酸聚合物粒，初級狀態,南韓,出口總值(含復出口),187.80788,367690
2015-11,39069010,其他丙烯酸聚合物粒，初級狀態,柬埔寨,出口總值(含復出口),6.15763,4800
2015-11,39069010,其他丙烯酸聚合物粒，初級狀態,科威特,出口總值(含復出口),46.52093,32000
2015-11,39069010,其他丙烯酸聚合物粒，初級狀態,約旦,出口總值(含復出口),156.74261,176000
2015-11,39069010,其他丙烯酸聚合物粒，初級狀態,美國,進口總值(含復進口),622.47536,86591
2015-11,39069010,其他丙烯酸聚合物粒，初級狀態,美國,出口總值(含復出口),291.77955,142000
2015-11,39069010,其他丙烯酸聚合物粒，初級狀態,英國,進口總值(含復進口),5.35714,204
2015-11,39069010,其他丙烯酸聚合物粒，初級狀態,英國,出口總值(含復出口),44.70443,21375
2015-11,39069010,其他丙烯酸聚合物粒，初級狀態,香港,出口總值(含復出口),1357.32758,631445
2015-11,39069010,其他丙烯酸聚合物粒，初級狀態,埃及,出口總值(含復出口),19.27339,10000
2015-11,39069010,其他丙烯酸聚合物粒，初級狀態,泰國,出口總值(含復出口),280.69581,126500
2015-11,39069010,其他丙烯酸聚合物粒，初級狀態,紐西蘭,出口總值(含復出口),29.03325,13000
2015-11,39069010,其他丙烯酸聚合物粒，初級狀態,馬來西亞,出口總值(含復出口),166.34852,83600
2015-11,39069010,其他丙烯酸聚合物粒，初級狀態,荷蘭,進口總值(含復進口),0.18472,0
2015-11,39069010,其他丙烯酸聚合物粒，初級狀態,荷蘭,出口總值(含復出口),68.19581,33000
2015-11,39069010,其他丙烯酸聚合物粒，初級狀態,斯里蘭卡,出口總值(含復出口),48.46059,21850
2015-11,39069010,其他丙烯酸聚合物粒，初級狀態,斯洛維尼亞,出口總值(含復出口),7.57389,4000
2015-11,39069010,其他丙烯酸聚合物粒，初級狀態,菲律賓,出口總值(含復出口),482.32758,358000
2015-11,39069010,其他丙烯酸聚合物粒，初級狀態,越南,出口總值(含復出口),526.50862,266210
2015-11,39069010,其他丙烯酸聚合物粒，初級狀態,愛爾蘭,出口總值(含復出口),38.05418,18000
2015-11,39069010,其他丙烯酸聚合物粒，初級狀態,新加坡,進口總值(含復進口),88.88546,37300
2015-11,39069010,其他丙烯酸聚合物粒，初級狀態,新加坡,出口總值(含復出口),148.06034,80400
2015-11,39069010,其他丙烯酸聚合物粒，初級狀態,瑞士,進口總值(含復進口),15.20935,99
2015-11,39069010,其他丙烯酸聚合物粒，初級狀態,瑞典,進口總值(含復進口),46.64408,571
2015-11,39069010,其他丙烯酸聚合物粒，初級狀態,義大利,出口總值(含復出口),128.94088,69000
2015-11,39069010,其他丙烯酸聚合物粒，初級狀態,德國,進口總值(含復進口),211.63793,51895
2015-11,39069010,其他丙烯酸聚合物粒，初級狀態,德國,出口總值(含復出口),11.33004,5500
2015-11,39069010,其他丙烯酸聚合物粒，初級狀態,黎巴嫩,出口總值(含復出口),5.57266,2500
2015-11,39069010,其他丙烯酸聚合物粒，初級狀態,墨西哥,出口總值(含復出口),275.49261,180000
2015-11,39069010,其他丙烯酸聚合物粒，初級狀態,澳大利亞,出口總值(含復出口),67.21059,36600
2015-11,39071000,聚縮醛，初級狀態,土耳其,出口總值(含復出口),408.37438,320000
2015-11,39071000,聚縮醛，初級狀態,中國大陸,進口總值(含復進口),182.91256,30100
2015-11,39071000,聚縮醛，初級狀態,中國大陸,出口總值(含復出口),4826.63176,3444450
2015-11,39071000,聚縮醛，初級狀態,丹麥,進口總值(含復進口),0.15394,3
2015-11,39071000,聚縮醛，初級狀態,巴西,出口總值(含復出口),22.35221,20000
2015-11,39071000,聚縮醛，初級狀態,日本,進口總值(含復進口),547.56773,149614
2015-11,39071000,聚縮醛，初級狀態,日本,出口總值(含復出口),230.01847,88000
2015-11,39071000,聚縮醛，初級狀態,比利時,出口總值(含復出口),108.80541,90000
2015-11,39071000,聚縮醛，初級狀態,以色列,出口總值(含復出口),25.7697,20000
2015-11,39071000,聚縮醛，初級狀態,印尼,出口總值(含復出口),69.02709,30000
2015-11,39071000,聚縮醛，初級狀態,孟加拉,出口總值(含復出口),69.82758,60000
2015-11,39071000,聚縮醛，初級狀態,芬蘭,進口總值(含復進口),1.10837,200
2015-11,39071000,聚縮醛，初級狀態,俄羅斯,出口總值(含復出口),20.87438,18000
2015-11,39071000,聚縮醛，初級狀態,南韓,進口總值(含復進口),171.02832,105475
2015-11,39071000,聚縮醛，初級狀態,南韓,出口總值(含復出口),22.35221,18000
2015-11,39071000,聚縮醛，初級狀態,美國,進口總值(含復進口),137.71551,37450
2015-11,39071000,聚縮醛，初級狀態,美國,出口總值(含復出口),62.25369,27000
2015-11,39071000,聚縮醛，初級狀態,英國,進口總值(含復進口),11.63793,1485
2015-11,39071000,聚縮醛，初級狀態,英國,出口總值(含復出口),44.55049,36000
2015-11,39071000,聚縮醛，初級狀態,香港,出口總值(含復出口),952.21673,421775
2015-11,39071000,聚縮醛，初級狀態,埃及,出口總值(含復出口),27.3399,20000
2015-11,39071000,聚縮醛，初級狀態,泰國,進口總值(含復進口),542.82635,374025
2015-11,39071000,聚縮醛，初級狀態,泰國,出口總值(含復出口),25.12315,21000
2015-11,39071000,聚縮醛，初級狀態,馬來西亞,進口總值(含復進口),38.91625,16100
2015-11,39071000,聚縮醛，初級狀態,馬來西亞,出口總值(含復出口),38.63916,30325
2015-11,39071000,聚縮醛，初級狀態,馬爾他,出口總值(含復出口),77.46305,64125
2015-11,39071000,聚縮醛，初級狀態,荷蘭,進口總值(含復進口),483.55911,95425
2015-11,39071000,聚縮醛，初級狀態,荷蘭,出口總值(含復出口),146.92118,111000
2015-11,39071000,聚縮醛，初級狀態,斯洛維尼亞,出口總值(含復出口),22.44458,18000
2015-11,39071000,聚縮醛，初級狀態,菲律賓,出口總值(含復出口),14.47044,10000
2015-11,39071000,聚縮醛，初級狀態,越南,出口總值(含復出口),122.59852,89050
2015-11,39071000,聚縮醛，初級狀態,新加坡,進口總值(含復進口),9.1133,739
2015-11,39071000,聚縮醛，初級狀態,義大利,進口總值(含復進口),3.01724,92
2015-11,39071000,聚縮醛，初級狀態,義大利,出口總值(含復出口),196.30541,165000
2015-11,39071000,聚縮醛，初級狀態,德國,進口總值(含復進口),83.37438,57595
2015-11,39071000,聚縮醛，初級狀態,德國,出口總值(含復出口),199.32266,168000
2015-11,39071000,聚縮醛，初級狀態,墨西哥,出口總值(含復出口),28.35591,20000
2015-12,39069010,其他丙烯酸聚合物粒，初級狀態,土耳其,進口總值(含復進口),36.8147,18000
2015-12,39069010,其他丙烯酸聚合物粒，初級狀態,土耳其,出口總值(含復出口),940.64318,1185900
2015-12,39069010,其他丙烯酸聚合物粒，初級狀態,中國大陸,進口總值(含復進口),1047.99387,492600
2015-12,39069010,其他丙烯酸聚合物粒，初級狀態,中國大陸,出口總值(含復出口),7063.92036,3622801
2015-12,39069010,其他丙烯酸聚合物粒，初級狀態,厄瓜多,出口總值(含復出口),101.40888,80000
2015-12,39069010,其他丙烯酸聚合物粒，初級狀態,巴西,出口總值(含復出口),45.26799,40000
2015-12,39069010,其他丙烯酸聚合物粒，初級狀態,巴基斯坦,出口總值(含復出口),171.51607,91000
2015-12,39069010,其他丙烯酸聚合物粒，初級狀態,日本,進口總值(含復進口),1265.78866,575161
2015-12,39069010,其他丙烯酸聚合物粒，初級狀態,日本,出口總值(含復出口),124.25726,59700
2015-12,39069010,其他丙烯酸聚合物粒，初級狀態,比利時,進口總值(含復進口),156.87595,60000
2015-12,39069010,其他丙烯酸聚合物粒，初級狀態,以色列,進口總值(含復進口),254.70137,28000
2015-12,39069010,其他丙烯酸聚合物粒，初級狀態,以色列,出口總值(含復出口),105.29862,102000
2015-12,39069010,其他丙烯酸聚合物粒，初級狀態,加拿大,出口總值(含復出口),36.53905,18000
2015-12,39069010,其他丙烯酸聚合物粒，初級狀態,伊朗,出口總值(含復出口),584.2879,399400
2015-12,39069010,其他丙烯酸聚合物粒，初級狀態,印尼,出口總值(含復出口),163.15467,81110
2015-12,39069010,其他丙烯酸聚合物粒，初級狀態,印度,出口總值(含復出口),144.71669,78940
2015-12,39069010,其他丙烯酸聚合物粒，初級狀態,西班牙,出口總值(含復出口),19.69372,10200
2015-12,39069010,其他丙烯酸聚合物粒，初級狀態,沙烏地阿拉伯,出口總值(含復出口),349.58652,199200
2015-12,39069010,其他丙烯酸聚合物粒，初級狀態,坦尚尼亞,出口總值(含復出口),27.8101,19200
2015-12,39069010,其他丙烯酸聚合物粒，初級狀態,孟加拉,出口總值(含復出口),230.29096,123360
2015-12,39069010,其他丙烯酸聚合物粒，初級狀態,波蘭,出口總值(含復出口),4.0735,2000
2015-12,39069010,其他丙烯酸聚合物粒，初級狀態,法國,進口總值(含復進口),17.61102,6750
2015-12,39069010,其他丙烯酸聚合物粒，初級狀態,阿拉伯聯合大公國,出口總值(含復出口),119.63246,72800
2015-12,39069010,其他丙烯酸聚合物粒，初級狀態,阿根廷,出口總值(含復出口),5.72741,3000
2015-12,39069010,其他丙烯酸聚合物粒，初級狀態,阿曼,出口總值(含復出口),75.95712,48000
2015-12,39069010,其他丙烯酸聚合物粒，初級狀態,俄羅斯,進口總值(含復進口),0.98009,0
2015-12,39069010,其他丙烯酸聚合物粒，初級狀態,南非,出口總值(含復出口),247.16692,197300
2015-12,39069010,其他丙烯酸聚合物粒，初級狀態,南韓,進口總值(含復進口),298.59111,121980
2015-12,39069010,其他丙烯酸聚合物粒，初級狀態,南韓,出口總值(含復出口),234.45635,87627
2015-12,39069010,其他丙烯酸聚合物粒，初級狀態,科威特,出口總值(含復出口),25.29862,16000
2015-12,39069010,其他丙烯酸聚合物粒，初級狀態,美國,進口總值(含復進口),316.35528,38083
2015-12,39069010,其他丙烯酸聚合物粒，初級狀態,美國,出口總值(含復出口),305.23736,149000
2015-12,39069010,其他丙烯酸聚合物粒，初級狀態,英國,進口總值(含復進口),40.91883,18900
2015-12,39069010,其他丙烯酸聚合物粒，初級狀態,英國,出口總值(含復出口),533.72128,255000
2015-12,39069010,其他丙烯酸聚合物粒，初級狀態,香港,出口總值(含復出口),1107.74885,531744
2015-12,39069010,其他丙烯酸聚合物粒，初級狀態,哥倫比亞,出口總值(含復出口),41.04134,20000
2015-12,39069010,其他丙烯酸聚合物粒，初級狀態,埃及,出口總值(含復出口),475.71209,432000
2015-12,39069010,其他丙烯酸聚合物粒，初級狀態,泰國,出口總值(含復出口),300.49004,140590
2015-12,39069010,其他丙烯酸聚合物粒，初級狀態,紐西蘭,出口總值(含復出口),37.67228,18600
2015-12,39069010,其他丙烯酸聚合物粒，初級狀態,馬來西亞,進口總值(含復進口),60.21439,6500
2015-12,39069010,其他丙烯酸聚合物粒，初級狀態,馬來西亞,出口總值(含復出口),164.74731,91860
2015-12,39069010,其他丙烯酸聚合物粒，初級狀態,敘利亞,出口總值(含復出口),55.89586,47000
2015-12,39069010,其他丙烯酸聚合物粒，初級狀態,荷蘭,進口總值(含復進口),105.02297,40625
2015-12,39069010,其他丙烯酸聚合物粒，初級狀態,菲律賓,出口總值(含復出口),885.57427,699280
2015-12,39069010,其他丙烯酸聚合物粒，初級狀態,越南,出口總值(含復出口),592.098,288928
2015-12,39069010,其他丙烯酸聚合物粒，初級狀態,愛爾蘭,出口總值(含復出口),109.61715,54000
2015-12,39069010,其他丙烯酸聚合物粒，初級狀態,新加坡,進口總值(含復進口),298.28483,120800
2015-12,39069010,其他丙烯酸聚合物粒，初級狀態,新加坡,出口總值(含復出口),162.9709,95660
2015-12,39069010,其他丙烯酸聚合物粒，初級狀態,瑞士,進口總值(含復進口),3.21592,9
2015-12,39069010,其他丙烯酸聚合物粒，初級狀態,瑞典,進口總值(含復進口),27.38131,22806
2015-12,39069010,其他丙烯酸聚合物粒，初級狀態,義大利,出口總值(含復出口),242.17457,132000
2015-12,39069010,其他丙烯酸聚合物粒，初級狀態,德國,進口總值(含復進口),178.98928,58080
2015-12,39069010,其他丙烯酸聚合物粒，初級狀態,德國,出口總值(含復出口),18.34609,9025
2015-12,39069010,其他丙烯酸聚合物粒，初級狀態,墨西哥,出口總值(含復出口),112.64931,64000
2015-12,39069010,其他丙烯酸聚合物粒，初級狀態,澳大利亞,出口總值(含復出口),150.07656,84800
2015-12,39071000,聚縮醛，初級狀態,土耳其,出口總值(含復出口),136.11026,108000
2015-12,39071000,聚縮醛，初級狀態,中國大陸,進口總值(含復進口),56.35528,30000
2015-12,39071000,聚縮醛，初級狀態,中國大陸,出口總值(含復出口),5932.67993,4458616
2015-12,39071000,聚縮醛，初級狀態,丹麥,出口總值(含復出口),43.64471,36000
2015-12,39071000,聚縮醛，初級狀態,巴西,出口總值(含復出口),112.98621,98000
2015-12,39071000,聚縮醛，初級狀態,日本,進口總值(含復進口),391.08728,134058
2015-12,39071000,聚縮醛，初級狀態,日本,出口總值(含復出口),386.79938,161000
2015-12,39071000,聚縮醛，初級狀態,比利時,出口總值(含復出口),130.84226,108000
2015-12,39071000,聚縮醛，初級狀態,以色列,出口總值(含復出口),76.8147,60000
2015-12,39071000,聚縮醛，初級狀態,加拿大,出口總值(含復出口),21.4395,18000
2015-12,39071000,聚縮醛，初級狀態,印尼,出口總值(含復出口),89.03522,48000
2015-12,39071000,聚縮醛，初級狀態,孟加拉,出口總值(含復出口),23.06278,20000
2015-12,39071000,聚縮醛，初級狀態,俄羅斯,出口總值(含復出口),44.56355,38000
2015-12,39071000,聚縮醛，初級狀態,南韓,進口總值(含復進口),177.27411,105800
2015-12,39071000,聚縮醛，初級狀態,南韓,出口總值(含復出口),43.46094,36000
2015-12,39071000,聚縮醛，初級狀態,美國,進口總值(含復進口),197.85604,54351
2015-12,39071000,聚縮醛，初級狀態,美國,出口總值(含復出口),24.65543,18000
2015-12,39071000,聚縮醛，初級狀態,香港,出口總值(含復出口),992.12863,455467
2015-12,39071000,聚縮醛，初級狀態,泰國,進口總值(含復進口),532.34303,359997
2015-12,39071000,聚縮醛，初級狀態,馬來西亞,進口總值(含復進口),64.41041,35000
2015-12,39071000,聚縮醛，初級狀態,馬來西亞,出口總值(含復出口),108.33078,47300
2015-12,39071000,聚縮醛，初級狀態,捷克,出口總值(含復出口),87.50382,72000
2015-12,39071000,聚縮醛，初級狀態,荷蘭,進口總值(含復進口),212.80245,44500
2015-12,39071000,聚縮醛，初級狀態,荷蘭,出口總值(含復出口),70.10719,41000
2015-12,39071000,聚縮醛，初級狀態,越南,出口總值(含復出口),76.29402,52100
2015-12,39071000,聚縮醛，初級狀態,義大利,出口總值(含復出口),264.2879,225000
2015-12,39071000,聚縮醛，初級狀態,德國,進口總值(含復進口),133.01684,95000
2015-12,39071000,聚縮醛，初級狀態,德國,出口總值(含復出口),516.11026,435050
2015-12,39071000,聚縮醛，初級狀態,墨西哥,出口總值(含復出口),3.36906,1500
2015-1,39073010,丙二酚型環氧樹脂,土耳其,出口總值(含復出口),89.21044,38400
2015-1,39073010,丙二酚型環氧樹脂,中國大陸,進口總值(含復進口),47.68795,8012
2015-1,39073010,丙二酚型環氧樹脂,中國大陸,出口總值(含復出口),6961.466,2686751
2015-1,39073010,丙二酚型環氧樹脂,巴西,出口總值(含復出口),33.62692,16000
2015-1,39073010,丙二酚型環氧樹脂,日本,進口總值(含復進口),23.21484,1547
2015-1,39073010,丙二酚型環氧樹脂,日本,出口總值(含復出口),3348.757,1482000
2015-1,39073010,丙二酚型環氧樹脂,印尼,出口總值(含復出口),124.7562,60200
2015-1,39073010,丙二酚型環氧樹脂,印度,出口總值(含復出口),715.7282,335500
2015-1,39073010,丙二酚型環氧樹脂,西班牙,出口總值(含復出口),81.59798,38200
2015-1,39073010,丙二酚型環氧樹脂,孟加拉,出口總值(含復出口),23.05756,5300
2015-1,39073010,丙二酚型環氧樹脂,阿拉伯聯合大公國,出口總值(含復出口),443.8817,192380
2015-1,39073010,丙二酚型環氧樹脂,南韓,進口總值(含復進口),488.078,92000
2015-1,39073010,丙二酚型環氧樹脂,南韓,出口總值(含復出口),137.4646,57150
2015-1,39073010,丙二酚型環氧樹脂,美國,進口總值(含復進口),293.8345,91943
2015-1,39073010,丙二酚型環氧樹脂,美國,出口總值(含復出口),999.6225,445150
2015-1,39073010,丙二酚型環氧樹脂,英國,出口總值(含復出口),586.977,248110
2015-1,39073010,丙二酚型環氧樹脂,香港,出口總值(含復出口),141.9,58820
2015-1,39073010,丙二酚型環氧樹脂,泰國,出口總值(含復出口),229.223,97850
2015-1,39073010,丙二酚型環氧樹脂,烏克蘭,出口總值(含復出口),44.91978,17600
2015-1,39073010,丙二酚型環氧樹脂,馬來西亞,出口總值(含復出口),2243.032,1030550
2015-1,39073010,丙二酚型環氧樹脂,荷蘭,進口總值(含復進口),88.86442,26100
2015-1,39073010,丙二酚型環氧樹脂,荷蘭,出口總值(含復出口),298.4586,126215
2015-1,39073010,丙二酚型環氧樹脂,斯里蘭卡,出口總值(含復出口),36.80402,16800
2015-1,39073010,丙二酚型環氧樹脂,菲律賓,出口總值(含復出口),291.0035,128800
2015-1,39073010,丙二酚型環氧樹脂,越南,出口總值(含復出口),788.6757,348050
2015-1,39073010,丙二酚型環氧樹脂,新加坡,出口總值(含復出口),1325.92,599565
2015-1,39073010,丙二酚型環氧樹脂,義大利,進口總值(含復進口),3.55457,500
2015-1,39073010,丙二酚型環氧樹脂,義大利,出口總值(含復出口),480.5914,216085
2015-1,39073010,丙二酚型環氧樹脂,德國,進口總值(含復進口),27.96476,2590
2015-1,39073010,丙二酚型環氧樹脂,德國,出口總值(含復出口),200.9122,96000
2015-1,39073010,丙二酚型環氧樹脂,墨西哥,出口總值(含復出口),39.98112,19200
2015-1,39073010,丙二酚型環氧樹脂,澳大利亞,出口總值(含復出口),340.6103,148640
2015-1,39073010,丙二酚型環氧樹脂,澳門,出口總值(含復出口),385.6559,138650
2015-1,39074000,聚碳酸樹脂，初級狀態,中國大陸,進口總值(含復進口),6059.232,2008432
2015-1,39074000,聚碳酸樹脂，初級狀態,中國大陸,出口總值(含復出口),53568.89,22673820
2015-1,39074000,聚碳酸樹脂，初級狀態,中華民國,進口總值(含復進口),35.011,9110
2015-1,39074000,聚碳酸樹脂，初級狀態,巴西,出口總值(含復出口),67.25385,24500
2015-1,39074000,聚碳酸樹脂，初級狀態,巴拉圭,出口總值(含復出口),213.2746,96000
2015-1,39074000,聚碳酸樹脂，初級狀態,巴基斯坦,出口總值(含復出口),37.30732,12300
2015-1,39074000,聚碳酸樹脂，初級狀態,日本,進口總值(含復進口),4798.647,1131132
2015-1,39074000,聚碳酸樹脂，初級狀態,日本,出口總值(含復出口),661.4973,278125
2015-1,39074000,聚碳酸樹脂，初級狀態,比利時,進口總值(含復進口),117.1123,62883
2015-1,39074000,聚碳酸樹脂，初級狀態,比利時,出口總值(含復出口),115.0991,48000
2015-1,39074000,聚碳酸樹脂，初級狀態,以色列,出口總值(含復出口),9.43692,4000
2015-1,39074000,聚碳酸樹脂，初級狀態,加拿大,出口總值(含復出口),96.22522,32000
2015-1,39074000,聚碳酸樹脂，初級狀態,伊朗,出口總值(含復出口),91.41239,29000
2015-1,39074000,聚碳酸樹脂，初級狀態,印尼,出口總值(含復出口),389.3677,180600
2015-1,39074000,聚碳酸樹脂，初級狀態,印度,進口總值(含復進口),4.27807,1850
2015-1,39074000,聚碳酸樹脂，初級狀態,印度,出口總值(含復出口),16.79773,5000
2015-1,39074000,聚碳酸樹脂，初級狀態,西班牙,進口總值(含復進口),482.1642,127750
2015-1,39074000,聚碳酸樹脂，初級狀態,西班牙,出口總值(含復出口),18.08744,8000
2015-1,39074000,聚碳酸樹脂，初級狀態,沙烏地阿拉伯,進口總值(含復進口),6268.984,2903500
2015-1,39074000,聚碳酸樹脂，初級狀態,委內瑞拉,出口總值(含復出口),25.32242,10000
2015-1,39074000,聚碳酸樹脂，初級狀態,孟加拉,出口總值(含復出口),11.51305,5000
2015-1,39074000,聚碳酸樹脂，初級狀態,法國,出口總值(含復出口),34.5077,15000
2015-1,39074000,聚碳酸樹脂，初級狀態,阿拉伯聯合大公國,出口總值(含復出口),13.40044,6000
2015-1,39074000,聚碳酸樹脂，初級狀態,阿根廷,出口總值(含復出口),348.2542,156000
2015-1,39074000,聚碳酸樹脂，初級狀態,俄羅斯,出口總值(含復出口),46.36678,20000
2015-1,39074000,聚碳酸樹脂，初級狀態,南非,出口總值(含復出口),181.3149,78000
2015-1,39074000,聚碳酸樹脂，初級狀態,南韓,進口總值(含復進口),4150.425,1843600
2015-1,39074000,聚碳酸樹脂，初級狀態,南韓,出口總值(含復出口),271.0601,112000
2015-1,39074000,聚碳酸樹脂，初級狀態,突尼西亞,出口總值(含復出口),2.32777,1050
2015-1,39074000,聚碳酸樹脂，初級狀態,美國,進口總值(含復進口),1077.194,246305
2015-1,39074000,聚碳酸樹脂，初級狀態,美國,出口總值(含復出口),251.2111,112000
2015-1,39074000,聚碳酸樹脂，初級狀態,英國,出口總值(含復出口),150.4561,61875
2015-1,39074000,聚碳酸樹脂，初級狀態,香港,出口總值(含復出口),7900.912,2610123
2015-1,39074000,聚碳酸樹脂，初級狀態,哥倫比亞,出口總值(含復出口),76.40767,33400
2015-1,39074000,聚碳酸樹脂，初級狀態,泰國,進口總值(含復進口),3032.306,1219997
2015-1,39074000,聚碳酸樹脂，初級狀態,泰國,出口總值(含復出口),259.3897,88000
2015-1,39074000,聚碳酸樹脂，初級狀態,紐西蘭,出口總值(含復出口),3.61748,1500
2015-1,39074000,聚碳酸樹脂，初級狀態,馬來西亞,出口總值(含復出口),188.1095,67823
2015-1,39074000,聚碳酸樹脂，初級狀態,荷蘭,進口總值(含復進口),402.0761,262127
2015-1,39074000,聚碳酸樹脂，初級狀態,荷蘭,出口總值(含復出口),230.9846,99750
2015-1,39074000,聚碳酸樹脂，初級狀態,斯里蘭卡,出口總值(含復出口),31.20478,13000
2015-1,39074000,聚碳酸樹脂，初級狀態,斯洛維尼亞,出口總值(含復出口),22.33406,10000
2015-1,39074000,聚碳酸樹脂，初級狀態,智利,出口總值(含復出口),21.57911,10000
2015-1,39074000,聚碳酸樹脂，初級狀態,菲律賓,出口總值(含復出口),60.14469,24500
2015-1,39074000,聚碳酸樹脂，初級狀態,越南,出口總值(含復出口),575.7785,239834
2015-1,39074000,聚碳酸樹脂，初級狀態,奧地利,出口總值(含復出口),1.98175,400
2015-1,39074000,聚碳酸樹脂，初級狀態,新加坡,進口總值(含復進口),2575.275,959602
2015-1,39074000,聚碳酸樹脂，初級狀態,新加坡,出口總值(含復出口),69.80182,16800
2015-1,39074000,聚碳酸樹脂，初級狀態,瑞典,進口總值(含復進口),0.81786,153
2015-1,39074000,聚碳酸樹脂，初級狀態,瑞典,出口總值(含復出口),40.8619,18000
2015-1,39074000,聚碳酸樹脂，初級狀態,義大利,進口總值(含復進口),7.89556,7105
2015-1,39074000,聚碳酸樹脂，初級狀態,義大利,出口總值(含復出口),67.85152,27050
2015-1,39074000,聚碳酸樹脂，初級狀態,葡萄牙,出口總值(含復出口),16.45171,7400
2015-1,39074000,聚碳酸樹脂，初級狀態,德國,進口總值(含復進口),121.5791,22375
2015-1,39074000,聚碳酸樹脂，初級狀態,德國,出口總值(含復出口),234.3819,98000
2015-1,39074000,聚碳酸樹脂，初級狀態,墨西哥,進口總值(含復進口),34.57061,24000
2015-1,39074000,聚碳酸樹脂，初級狀態,墨西哥,出口總值(含復出口),87.66907,40000
2015-1,39074000,聚碳酸樹脂，初級狀態,澳大利亞,出口總值(含復出口),67.5055,23800
2015-1,39075000,醇酸樹脂，初級狀態,中國大陸,進口總值(含復進口),2.04466,720
2015-1,39075000,醇酸樹脂，初級狀態,中國大陸,出口總值(含復出口),791.9157,394514
2015-1,39075000,醇酸樹脂，初級狀態,日本,進口總值(含復進口),27.93331,11900
2015-1,39075000,醇酸樹脂，初級狀態,日本,出口總值(含復出口),84.08304,44000
2015-1,39075000,醇酸樹脂，初級狀態,以色列,出口總值(含復出口),50.99087,30400
2015-1,39075000,醇酸樹脂，初級狀態,印尼,出口總值(含復出口),41.05064,20000
2015-1,39075000,醇酸樹脂，初級狀態,沙烏地阿拉伯,出口總值(含復出口),85.37275,49600
2015-1,39075000,醇酸樹脂，初級狀態,孟加拉,出口總值(含復出口),16.32588,10000
2015-1,39075000,醇酸樹脂，初級狀態,阿拉伯聯合大公國,出口總值(含復出口),21.35891,10500
2015-1,39075000,醇酸樹脂，初級狀態,俄羅斯,出口總值(含復出口),26.76942,15400
2015-1,39075000,醇酸樹脂，初級狀態,南韓,出口總值(含復出口),29.47467,15218
2015-1,39075000,醇酸樹脂，初級狀態,香港,出口總值(含復出口),14.91034,5600
2015-1,39075000,醇酸樹脂，初級狀態,埃及,出口總值(含復出口),14.91034,10500
2015-1,39075000,醇酸樹脂，初級狀態,泰國,出口總值(含復出口),69.83328,38000
2015-1,39075000,醇酸樹脂，初級狀態,馬來西亞,出口總值(含復出口),413.9352,190640
2015-1,39075000,醇酸樹脂，初級狀態,喀麥隆,出口總值(含復出口),31.07895,16000
2015-1,39075000,醇酸樹脂，初級狀態,斯里蘭卡,出口總值(含復出口),26.39194,17200
2015-1,39075000,醇酸樹脂，初級狀態,菲律賓,出口總值(含復出口),3.64894,1800
2015-1,39075000,醇酸樹脂，初級狀態,越南,出口總值(含復出口),2695.879,1607964
2015-1,39075000,醇酸樹脂，初級狀態,新加坡,出口總值(含復出口),204.1522,108940
2015-1,39075000,醇酸樹脂，初級狀態,德國,進口總值(含復進口),34.63353,10290
2015-1,39075000,醇酸樹脂，初級狀態,黎巴嫩,出口總值(含復出口),10.85246,4800
2015-1,39075000,醇酸樹脂，初級狀態,澳大利亞,出口總值(含復出口),179.7106,105600
2015-2,39073010,丙二酚型環氧樹脂,土耳其,出口總值(含復出口),800.2229,359500
2015-2,39073010,丙二酚型環氧樹脂,中國大陸,進口總值(含復進口),27.54777,5000
2015-2,39073010,丙二酚型環氧樹脂,中國大陸,出口總值(含復出口),2604.873,949033
2015-2,39073010,丙二酚型環氧樹脂,中華民國,進口總值(含復進口),23.72611,9600
2015-2,39073010,丙二酚型環氧樹脂,巴西,出口總值(含復出口),376.9745,168900
2015-2,39073010,丙二酚型環氧樹脂,巴林,出口總值(含復出口),78.18471,35200
2015-2,39073010,丙二酚型環氧樹脂,巴基斯坦,出口總值(含復出口),115.4777,52800
2015-2,39073010,丙二酚型環氧樹脂,日本,進口總值(含復進口),49.36305,3297
2015-2,39073010,丙二酚型環氧樹脂,日本,出口總值(含復出口),2344.554,1075530
2015-2,39073010,丙二酚型環氧樹脂,伊朗,出口總值(含復出口),82.19745,32000
2015-2,39073010,丙二酚型環氧樹脂,印尼,出口總值(含復出口),170.7643,71740
2015-2,39073010,丙二酚型環氧樹脂,印度,出口總值(含復出口),653.3439,298300
2015-2,39073010,丙二酚型環氧樹脂,西班牙,出口總值(含復出口),403.3439,202970
2015-2,39073010,丙二酚型環氧樹脂,沙烏地阿拉伯,出口總值(含復出口),38.75796,17600
2015-2,39073010,丙二酚型環氧樹脂,阿拉伯聯合大公國,出口總值(含復出口),116.2102,52800
2015-2,39073010,丙二酚型環氧樹脂,俄羅斯,出口總值(含復出口),19.33121,8800
2015-2,39073010,丙二酚型環氧樹脂,南非,出口總值(含復出口),34.01273,15378
2015-2,39073010,丙二酚型環氧樹脂,南韓,進口總值(含復進口),333.8535,68000
2015-2,39073010,丙二酚型環氧樹脂,南韓,出口總值(含復出口),331.1465,158400
2015-2,39073010,丙二酚型環氧樹脂,美國,進口總值(含復進口),269.586,82067
2015-2,39073010,丙二酚型環氧樹脂,美國,出口總值(含復出口),876.5605,399830
2015-2,39073010,丙二酚型環氧樹脂,香港,出口總值(含復出口),42.07006,19120
2015-2,39073010,丙二酚型環氧樹脂,埃及,出口總值(含復出口),77.707,35200
2015-2,39073010,丙二酚型環氧樹脂,泰國,出口總值(含復出口),230.9873,94230
2015-2,39073010,丙二酚型環氧樹脂,馬來西亞,出口總值(含復出口),2065.796,971155
2015-2,39073010,丙二酚型環氧樹脂,荷蘭,進口總值(含復進口),91.0828,33600
2015-2,39073010,丙二酚型環氧樹脂,荷蘭,出口總值(含復出口),49.45859,24850
2015-2,39073010,丙二酚型環氧樹脂,智利,出口總值(含復出口),20.79617,8800
2015-2,39073010,丙二酚型環氧樹脂,菲律賓,出口總值(含復出口),340.0318,163690
2015-2,39073010,丙二酚型環氧樹脂,越南,出口總值(含復出口),437.3248,204700
2015-2,39073010,丙二酚型環氧樹脂,新加坡,出口總值(含復出口),847.2611,379805
2015-2,39073010,丙二酚型環氧樹脂,義大利,出口總值(含復出口),700.1274,336270
2015-2,39073010,丙二酚型環氧樹脂,葡萄牙,出口總值(含復出口),37.707,18000
2015-2,39073010,丙二酚型環氧樹脂,德國,進口總值(含復進口),166.3694,52400
2015-2,39073010,丙二酚型環氧樹脂,德國,出口總值(含復出口),182.0382,96000
2015-2,39073010,丙二酚型環氧樹脂,緬甸,出口總值(含復出口),18.7898,5546
2015-2,39073010,丙二酚型環氧樹脂,墨西哥,出口總值(含復出口),114.3949,51360
2015-2,39073010,丙二酚型環氧樹脂,澳大利亞,出口總值(含復出口),306.1465,138500
2015-2,39073010,丙二酚型環氧樹脂,澳門,出口總值(含復出口),216.9108,78940
2015-2,39073010,丙二酚型環氧樹脂,羅馬尼亞,出口總值(含復出口),38.91719,17600
2015-2,39074000,聚碳酸樹脂，初級狀態,中國大陸,進口總值(含復進口),5580.191,1997571
2015-2,39074000,聚碳酸樹脂，初級狀態,中國大陸,出口總值(含復出口),31840.96,13513608
2015-2,39074000,聚碳酸樹脂，初級狀態,中華民國,進口總值(含復進口),15.25477,8000
2015-2,39074000,聚碳酸樹脂，初級狀態,厄瓜多,出口總值(含復出口),129.2038,55600
2015-2,39074000,聚碳酸樹脂，初級狀態,巴西,出口總值(含復出口),64.10828,23700
2015-2,39074000,聚碳酸樹脂，初級狀態,巴拉圭,出口總值(含復出口),199.4586,92800
2015-2,39074000,聚碳酸樹脂，初級狀態,巴基斯坦,出口總值(含復出口),119.7452,48300
2015-2,39074000,聚碳酸樹脂，初級狀態,日本,進口總值(含復進口),6312.006,1329252
2015-2,39074000,聚碳酸樹脂，初級狀態,日本,出口總值(含復出口),446.7516,196950
2015-2,39074000,聚碳酸樹脂，初級狀態,比利時,進口總值(含復進口),0.03184,0
2015-2,39074000,聚碳酸樹脂，初級狀態,比利時,出口總值(含復出口),22.13375,10000
2015-2,39074000,聚碳酸樹脂，初級狀態,以色列,出口總值(含復出口),61.40127,28000
2015-2,39074000,聚碳酸樹脂，初級狀態,加拿大,出口總值(含復出口),37.03821,16000
2015-2,39074000,聚碳酸樹脂，初級狀態,立陶宛,出口總值(含復出口),7.32483,985
2015-2,39074000,聚碳酸樹脂，初級狀態,匈牙利,出口總值(含復出口),10.19108,3000
2015-2,39074000,聚碳酸樹脂，初級狀態,印尼,出口總值(含復出口),436.9108,182808
2015-2,39074000,聚碳酸樹脂，初級狀態,印度,出口總值(含復出口),4.77707,1200
2015-2,39074000,聚碳酸樹脂，初級狀態,西班牙,進口總值(含復進口),682.8344,239975
2015-2,39074000,聚碳酸樹脂，初級狀態,西班牙,出口總值(含復出口),25.82802,12000
2015-2,39074000,聚碳酸樹脂，初級狀態,沙烏地阿拉伯,進口總值(含復進口),3913.758,1849088
2015-2,39074000,聚碳酸樹脂，初級狀態,孟加拉,出口總值(含復出口),43.91719,19000
2015-2,39074000,聚碳酸樹脂，初級狀態,波蘭,出口總值(含復出口),2.1656,1000
2015-2,39074000,聚碳酸樹脂，初級狀態,法國,出口總值(含復出口),24.77707,11000
2015-2,39074000,聚碳酸樹脂，初級狀態,阿根廷,出口總值(含復出口),91.97452,42000
2015-2,39074000,聚碳酸樹脂，初級狀態,南非,出口總值(含復出口),204.5541,88825
2015-2,39074000,聚碳酸樹脂，初級狀態,南韓,進口總值(含復進口),2065.478,927975
2015-2,39074000,聚碳酸樹脂，初級狀態,南韓,出口總值(含復出口),99.8726,56000
2015-2,39074000,聚碳酸樹脂，初級狀態,突尼西亞,出口總值(含復出口),23.91719,11000
2015-2,39074000,聚碳酸樹脂，初級狀態,美國,進口總值(含復進口),648.4395,81523
2015-2,39074000,聚碳酸樹脂，初級狀態,美國,出口總值(含復出口),374.2675,155000
2015-2,39074000,聚碳酸樹脂，初級狀態,英國,出口總值(含復出口),110.2866,47875
2015-2,39074000,聚碳酸樹脂，初級狀態,香港,出口總值(含復出口),3748.312,1259545
2015-2,39074000,聚碳酸樹脂，初級狀態,哥倫比亞,出口總值(含復出口),58.75796,27000
2015-2,39074000,聚碳酸樹脂，初級狀態,哥斯大黎加,出口總值(含復出口),14.26751,14075
2015-2,39074000,聚碳酸樹脂，初級狀態,埃及,出口總值(含復出口),46.52866,17500
2015-2,39074000,聚碳酸樹脂，初級狀態,挪威,出口總值(含復出口),36.59235,16025
2015-2,39074000,聚碳酸樹脂，初級狀態,泰國,進口總值(含復進口),6714.49,2915400
2015-2,39074000,聚碳酸樹脂，初級狀態,泰國,出口總值(含復出口),493.3758,180700
2015-2,39074000,聚碳酸樹脂，初級狀態,烏克蘭,出口總值(含復出口),13.43949,6000
2015-2,39074000,聚碳酸樹脂，初級狀態,馬來西亞,進口總值(含復進口),10.73248,22
2015-2,39074000,聚碳酸樹脂，初級狀態,馬來西亞,出口總值(含復出口),343.2166,166485
2015-2,39074000,聚碳酸樹脂，初級狀態,荷蘭,進口總值(含復進口),7.00636,1000
2015-2,39074000,聚碳酸樹脂，初級狀態,荷蘭,出口總值(含復出口),417.7389,184250
2015-2,39074000,聚碳酸樹脂，初級狀態,智利,出口總值(含復出口),26.91082,12000
2015-2,39074000,聚碳酸樹脂，初級狀態,菲律賓,出口總值(含復出口),165.7325,73000
2015-2,39074000,聚碳酸樹脂，初級狀態,越南,出口總值(含復出口),709.4904,298645
2015-2,39074000,聚碳酸樹脂，初級狀態,新加坡,進口總值(含復進口),1209.331,471423
2015-2,39074000,聚碳酸樹脂，初級狀態,新加坡,出口總值(含復出口),67.80254,15800
2015-2,39074000,聚碳酸樹脂，初級狀態,瑞典,進口總值(含復進口),1.91082,550
2015-2,39074000,聚碳酸樹脂，初級狀態,義大利,出口總值(含復出口),77.80254,32000
2015-2,39074000,聚碳酸樹脂，初級狀態,德國,進口總值(含復進口),1706.847,639650
2015-2,39074000,聚碳酸樹脂，初級狀態,德國,出口總值(含復出口),4.20382,2000
2015-2,39074000,聚碳酸樹脂，初級狀態,墨西哥,進口總值(含復進口),40.85987,24499
2015-2,39074000,聚碳酸樹脂，初級狀態,墨西哥,出口總值(含復出口),19.36305,7000
2015-2,39074000,聚碳酸樹脂，初級狀態,澳大利亞,出口總值(含復出口),13.98089,6000
2015-2,39074000,聚碳酸樹脂，初級狀態,蘇丹,出口總值(含復出口),177.3248,80000
2015-2,39075000,醇酸樹脂，初級狀態,中國大陸,進口總值(含復進口),2.57961,900
2015-2,39075000,醇酸樹脂，初級狀態,中國大陸,出口總值(含復出口),132.6115,57250
2015-2,39075000,醇酸樹脂，初級狀態,中華民國,進口總值(含復進口),25.89171,15010
2015-2,39075000,醇酸樹脂，初級狀態,日本,進口總值(含復進口),29.36305,7650
2015-2,39075000,醇酸樹脂，初級狀態,以色列,出口總值(含復出口),41.81528,28400
2015-2,39075000,醇酸樹脂，初級狀態,印尼,出口總值(含復出口),59.17197,30400
2015-2,39075000,醇酸樹脂，初級狀態,沙烏地阿拉伯,出口總值(含復出口),83.75796,44030
2015-2,39075000,醇酸樹脂，初級狀態,阿拉伯聯合大公國,出口總值(含復出口),35.5414,17750
2015-2,39075000,醇酸樹脂，初級狀態,俄羅斯,出口總值(含復出口),26.71974,15400
2015-2,39075000,醇酸樹脂，初級狀態,南韓,出口總值(含復出口),101.7516,46400
2015-2,39075000,醇酸樹脂，初級狀態,埃及,出口總值(含復出口),25.82802,16000
2015-2,39075000,醇酸樹脂，初級狀態,泰國,出口總值(含復出口),94.58598,44800
2015-2,39075000,醇酸樹脂，初級狀態,馬來西亞,出口總值(含復出口),292.8025,136400
2015-2,39075000,醇酸樹脂，初級狀態,斯里蘭卡,出口總值(含復出口),123.3121,77400
2015-2,39075000,醇酸樹脂，初級狀態,菲律賓,出口總值(含復出口),3.88535,2000
2015-2,39075000,醇酸樹脂，初級狀態,越南,出口總值(含復出口),1163.217,710675
2015-2,39075000,醇酸樹脂，初級狀態,新加坡,出口總值(含復出口),94.10828,43810
2015-2,39075000,醇酸樹脂，初級狀態,模里西斯,出口總值(含復出口),17.707,13280
2015-2,39075000,醇酸樹脂，初級狀態,黎巴嫩,出口總值(含復出口),22.48407,14220
2015-2,39075000,醇酸樹脂，初級狀態,澳大利亞,出口總值(含復出口),119.1401,68690
2015-3,39073010,丙二酚型環氧樹脂,土耳其,出口總值(含復出口),569.448,258200
2015-3,39073010,丙二酚型環氧樹脂,中國大陸,進口總值(含復進口),76.30076,28827
2015-3,39073010,丙二酚型環氧樹脂,中國大陸,出口總值(含復出口),5467.259,2348984
2015-3,39073010,丙二酚型環氧樹脂,中華民國,進口總值(含復進口),9.70812,2939
2015-3,39073010,丙二酚型環氧樹脂,巴西,出口總值(含復出口),387.0241,181970
2015-3,39073010,丙二酚型環氧樹脂,巴林,出口總值(含復出口),117.2906,52800
2015-3,39073010,丙二酚型環氧樹脂,巴基斯坦,出口總值(含復出口),89.467,38400
2015-3,39073010,丙二酚型環氧樹脂,日本,進口總值(含復進口),38.70558,3683
2015-3,39073010,丙二酚型環氧樹脂,日本,出口總值(含復出口),2104.918,955245
2015-3,39073010,丙二酚型環氧樹脂,加拿大,出口總值(含復出口),89.37182,39870
2015-3,39073010,丙二酚型環氧樹脂,伊朗,出口總值(含復出口),24.71446,7920
2015-3,39073010,丙二酚型環氧樹脂,印尼,出口總值(含復出口),288.2931,133120
2015-3,39073010,丙二酚型環氧樹脂,印度,出口總值(含復出口),821.2246,360240
2015-3,39073010,丙二酚型環氧樹脂,西班牙,出口總值(含復出口),385.882,200110
2015-3,39073010,丙二酚型環氧樹脂,孟加拉,出口總值(含復出口),31.02791,6800
2015-3,39073010,丙二酚型環氧樹脂,阿拉伯聯合大公國,出口總值(含復出口),631.6942,299200
2015-3,39073010,丙二酚型環氧樹脂,阿根廷,出口總值(含復出口),76.87182,33660
2015-3,39073010,丙二酚型環氧樹脂,南非,出口總值(含復出口),33.91497,15280
2015-3,39073010,丙二酚型環氧樹脂,南韓,進口總值(含復進口),616.4975,135260
2015-3,39073010,丙二酚型環氧樹脂,南韓,出口總值(含復出口),322.6523,155200
2015-3,39073010,丙二酚型環氧樹脂,約旦,出口總值(含復出口),74.04822,32000
2015-3,39073010,丙二酚型環氧樹脂,美國,進口總值(含復進口),277.3794,91489
2015-3,39073010,丙二酚型環氧樹脂,美國,出口總值(含復出口),1099.207,526280
2015-3,39073010,丙二酚型環氧樹脂,英國,進口總值(含復進口),0.76142,50
2015-3,39073010,丙二酚型環氧樹脂,英國,出口總值(含復出口),348.6358,173990
2015-3,39073010,丙二酚型環氧樹脂,香港,出口總值(含復出口),44.9873,18200
2015-3,39073010,丙二酚型環氧樹脂,泰國,出口總值(含復出口),272.5888,117170
2015-3,39073010,丙二酚型環氧樹脂,馬來西亞,出口總值(含復出口),1885.025,872795
2015-3,39073010,丙二酚型環氧樹脂,荷蘭,進口總值(含復進口),45.30456,16800
2015-3,39073010,丙二酚型環氧樹脂,荷蘭,出口總值(含復出口),363.1028,188030
2015-3,39073010,丙二酚型環氧樹脂,菲律賓,出口總值(含復出口),1755.869,879340
2015-3,39073010,丙二酚型環氧樹脂,越南,出口總值(含復出口),855.4886,365125
2015-3,39073010,丙二酚型環氧樹脂,奧地利,出口總值(含復出口),196.8909,92030
2015-3,39073010,丙二酚型環氧樹脂,新加坡,出口總值(含復出口),973.7944,446480
2015-3,39073010,丙二酚型環氧樹脂,義大利,出口總值(含復出口),513.8008,254945
2015-3,39073010,丙二酚型環氧樹脂,德國,進口總值(含復進口),184.6764,76720
2015-3,39073010,丙二酚型環氧樹脂,德國,出口總值(含復出口),94.63832,48000
2015-3,39073010,丙二酚型環氧樹脂,墨西哥,出口總值(含復出口),176.3959,75490
2015-3,39073010,丙二酚型環氧樹脂,澳大利亞,出口總值(含復出口),399.6827,177000
2015-3,39073010,丙二酚型環氧樹脂,澳門,出口總值(含復出口),358.3439,138290
2015-3,39074000,聚碳酸樹脂，初級狀態,土耳其,出口總值(含復出口),85.27918,37000
2015-3,39074000,聚碳酸樹脂，初級狀態,中國大陸,進口總值(含復進口),8079.251,2725416
2015-3,39074000,聚碳酸樹脂，初級狀態,中國大陸,出口總值(含復出口),53769.1,22894071
2015-3,39074000,聚碳酸樹脂，初級狀態,中華民國,進口總值(含復進口),89.84771,30925
2015-3,39074000,聚碳酸樹脂，初級狀態,厄瓜多,出口總值(含復出口),8.72461,4000
2015-3,39074000,聚碳酸樹脂，初級狀態,巴西,出口總值(含復出口),97.27157,33000
2015-3,39074000,聚碳酸樹脂，初級狀態,巴基斯坦,出口總值(含復出口),64.30837,28000
2015-3,39074000,聚碳酸樹脂，初級狀態,日本,進口總值(含復進口),5903.141,1212510
2015-3,39074000,聚碳酸樹脂，初級狀態,日本,出口總值(含復出口),713.2931,336000
2015-3,39074000,聚碳酸樹脂，初級狀態,比利時,進口總值(含復進口),190.0698,23000
2015-3,39074000,聚碳酸樹脂，初級狀態,比利時,出口總值(含復出口),28.48984,10000
2015-3,39074000,聚碳酸樹脂，初級狀態,以色列,出口總值(含復出口),42.0368,18000
2015-3,39074000,聚碳酸樹脂，初級狀態,加拿大,進口總值(含復進口),23.4137,2000
2015-3,39074000,聚碳酸樹脂，初級狀態,加拿大,出口總值(含復出口),38.7373,14000
2015-3,39074000,聚碳酸樹脂，初級狀態,立陶宛,出口總值(含復出口),7.3604,3050
2015-3,39074000,聚碳酸樹脂，初級狀態,伊朗,出口總值(含復出口),229.3464,84000
2015-3,39074000,聚碳酸樹脂，初級狀態,印尼,出口總值(含復出口),298.0647,132075
2015-3,39074000,聚碳酸樹脂，初級狀態,吉布地,出口總值(含復出口),34.29568,16000
2015-3,39074000,聚碳酸樹脂，初級狀態,西班牙,進口總值(含復進口),601.8718,192313
2015-3,39074000,聚碳酸樹脂，初級狀態,西班牙,出口總值(含復出口),49.04822,22150
2015-3,39074000,聚碳酸樹脂，初級狀態,沙烏地阿拉伯,進口總值(含復進口),10578.01,5063500
2015-3,39074000,聚碳酸樹脂，初級狀態,孟加拉,出口總值(含復出口),62.59517,27500
2015-3,39074000,聚碳酸樹脂，初級狀態,波蘭,出口總值(含復出口),8.85152,4000
2015-3,39074000,聚碳酸樹脂，初級狀態,法國,出口總值(含復出口),44.06725,14000
2015-3,39074000,聚碳酸樹脂，初級狀態,阿拉伯聯合大公國,出口總值(含復出口),66.43401,31150
2015-3,39074000,聚碳酸樹脂，初級狀態,阿根廷,出口總值(含復出口),342.9886,160000
2015-3,39074000,聚碳酸樹脂，初級狀態,俄羅斯,出口總值(含復出口),114.0863,46700
2015-3,39074000,聚碳酸樹脂，初級狀態,南非,出口總值(含復出口),349.7779,152000
2015-3,39074000,聚碳酸樹脂，初級狀態,南韓,進口總值(含復進口),4870.146,2177600
2015-3,39074000,聚碳酸樹脂，初級狀態,南韓,出口總值(含復出口),278.7119,122750
2015-3,39074000,聚碳酸樹脂，初級狀態,突尼西亞,出口總值(含復出口),59.67639,17000
2015-3,39074000,聚碳酸樹脂，初級狀態,美國,進口總值(含復進口),727.8871,266362
2015-3,39074000,聚碳酸樹脂，初級狀態,美國,出口總值(含復出口),257.6777,109160
2015-3,39074000,聚碳酸樹脂，初級狀態,英國,進口總值(含復進口),1.64974,74
2015-3,39074000,聚碳酸樹脂，初級狀態,英國,出口總值(含復出口),167.7665,72625
2015-3,39074000,聚碳酸樹脂，初級狀態,香港,出口總值(含復出口),6491.371,2087915
2015-3,39074000,聚碳酸樹脂，初級狀態,哥倫比亞,出口總值(含復出口),280.2348,128000
2015-3,39074000,聚碳酸樹脂，初級狀態,埃及,出口總值(含復出口),105.6472,48000
2015-3,39074000,聚碳酸樹脂，初級狀態,挪威,出口總值(含復出口),35.18401,16000
2015-3,39074000,聚碳酸樹脂，初級狀態,泰國,進口總值(含復進口),7913.547,3545150
2015-3,39074000,聚碳酸樹脂，初級狀態,泰國,出口總值(含復出口),402.0622,154225
2015-3,39074000,聚碳酸樹脂，初級狀態,烏拉圭,出口總值(含復出口),39.68908,18000
2015-3,39074000,聚碳酸樹脂，初級狀態,紐西蘭,出口總值(含復出口),8.18527,3500
2015-3,39074000,聚碳酸樹脂，初級狀態,馬來西亞,進口總值(含復進口),3.29949,500
2015-3,39074000,聚碳酸樹脂，初級狀態,馬來西亞,出口總值(含復出口),448.731,204020
2015-3,39074000,聚碳酸樹脂，初級狀態,敘利亞,出口總值(含復出口),107.2335,44000
2015-3,39074000,聚碳酸樹脂，初級狀態,荷蘭,進口總值(含復進口),51.967,36499
2015-3,39074000,聚碳酸樹脂，初級狀態,荷蘭,出口總值(含復出口),642.7348,293475
2015-3,39074000,聚碳酸樹脂，初級狀態,斯洛維尼亞,出口總值(含復出口),231.1231,108000
2015-3,39074000,聚碳酸樹脂，初級狀態,智利,出口總值(含復出口),13.35659,6000
2015-3,39074000,聚碳酸樹脂，初級狀態,菲律賓,出口總值(含復出口),103.9975,52000
2015-3,39074000,聚碳酸樹脂，初級狀態,越南,出口總值(含復出口),435.882,155850
2015-3,39074000,聚碳酸樹脂，初級狀態,奧地利,進口總值(含復進口),4.98096,25
2015-3,39074000,聚碳酸樹脂，初級狀態,新加坡,進口總值(含復進口),3406.504,1357850
2015-3,39074000,聚碳酸樹脂，初級狀態,新加坡,出口總值(含復出口),235.8503,65480
2015-3,39074000,聚碳酸樹脂，初級狀態,瑞士,進口總值(含復進口),136.453,19975
2015-3,39074000,聚碳酸樹脂，初級狀態,瑞典,出口總值(含復出口),40.22842,18000
2015-3,39074000,聚碳酸樹脂，初級狀態,義大利,進口總值(含復進口),23.73096,4000
2015-3,39074000,聚碳酸樹脂，初級狀態,義大利,出口總值(含復出口),73.00126,32000
2015-3,39074000,聚碳酸樹脂，初級狀態,葡萄牙,出口總值(含復出口),2.12563,1000
2015-3,39074000,聚碳酸樹脂，初級狀態,德國,進口總值(含復進口),1727.221,661490
2015-3,39074000,聚碳酸樹脂，初級狀態,德國,出口總值(含復出口),88.19796,39000
2015-3,39074000,聚碳酸樹脂，初級狀態,墨西哥,進口總值(含復進口),40.70431,24499
2015-3,39074000,聚碳酸樹脂，初級狀態,墨西哥,出口總值(含復出口),195.4949,90000
2015-3,39074000,聚碳酸樹脂，初級狀態,澳大利亞,出口總值(含復出口),21.28807,8000
2015-3,39075000,醇酸樹脂，初級狀態,中國大陸,進口總值(含復進口),3.87055,1460
2015-3,39075000,醇酸樹脂，初級狀態,中國大陸,出口總值(含復出口),650.4442,346874
2015-3,39075000,醇酸樹脂，初級狀態,日本,進口總值(含復進口),27.22081,8300
2015-3,39075000,醇酸樹脂，初級狀態,日本,出口總值(含復出口),7.13832,4000
2015-3,39075000,醇酸樹脂，初級狀態,以色列,出口總值(含復出口),34.54949,24610
2015-3,39075000,醇酸樹脂，初級狀態,印尼,出口總值(含復出口),23.73096,7727
2015-3,39075000,醇酸樹脂，初級狀態,印度,出口總值(含復出口),49.71446,13000
2015-3,39075000,醇酸樹脂，初級狀態,沙烏地阿拉伯,出口總值(含復出口),68.0203,40400
2015-3,39075000,醇酸樹脂，初級狀態,俄羅斯,出口總值(含復出口),74.87309,45600
2015-3,39075000,醇酸樹脂，初級狀態,南韓,出口總值(含復出口),28.39467,15200
2015-3,39075000,醇酸樹脂，初級狀態,美國,進口總值(含復進口),85.65989,9986
2015-3,39075000,醇酸樹脂，初級狀態,香港,出口總值(含復出口),18.36928,10000
2015-3,39075000,醇酸樹脂，初級狀態,哥倫比亞,出口總值(含復出口),19.7335,8000
2015-3,39075000,醇酸樹脂，初級狀態,哥斯大黎加,出口總值(含復出口),0.38071,190
2015-3,39075000,醇酸樹脂，初級狀態,埃及,出口總值(含復出口),35.34263,26660
2015-3,39075000,醇酸樹脂，初級狀態,泰國,出口總值(含復出口),61.42131,30200
2015-3,39075000,醇酸樹脂，初級狀態,馬來西亞,出口總值(含復出口),310.2475,141800
2015-3,39075000,醇酸樹脂，初級狀態,斯里蘭卡,出口總值(含復出口),96.82741,66400
2015-3,39075000,醇酸樹脂，初級狀態,菲律賓,出口總值(含復出口),12.7538,5945
2015-3,39075000,醇酸樹脂，初級狀態,越南,出口總值(含復出口),3341.91,2138910
2015-3,39075000,醇酸樹脂，初級狀態,新加坡,出口總值(含復出口),213.3249,110980
2015-3,39075000,醇酸樹脂，初級狀態,義大利,進口總值(含復進口),36.6434,8800
2015-3,39075000,醇酸樹脂，初級狀態,德國,進口總值(含復進口),5.99619,1950
2015-3,39075000,醇酸樹脂，初級狀態,模里西斯,出口總值(含復出口),1.17385,630
2015-3,39075000,醇酸樹脂，初級狀態,黎巴嫩,出口總值(含復出口),29.94923,21000
2015-3,39075000,醇酸樹脂，初級狀態,澳大利亞,出口總值(含復出口),297.4937,177540
2015-4,39073010,丙二酚型環氧樹脂,土耳其,出口總值(含復出口),478.976,217360
2015-4,39073010,丙二酚型環氧樹脂,中國大陸,進口總值(含復進口),310.176,145013
2015-4,39073010,丙二酚型環氧樹脂,中國大陸,出口總值(含復出口),3669.792,1374194
2015-4,39073010,丙二酚型環氧樹脂,中華民國,進口總值(含復進口),88.224,30390
2015-4,39073010,丙二酚型環氧樹脂,巴西,出口總值(含復出口),443.808,207160
2015-4,39073010,丙二酚型環氧樹脂,巴林,出口總值(含復出口),201.504,88000
2015-4,39073010,丙二酚型環氧樹脂,巴基斯坦,出口總值(含復出口),62.208,26510
2015-4,39073010,丙二酚型環氧樹脂,日本,進口總值(含復進口),83.296,6388
2015-4,39073010,丙二酚型環氧樹脂,日本,出口總值(含復出口),2064.832,940520
2015-4,39073010,丙二酚型環氧樹脂,加拿大,出口總值(含復出口),43.04,19810
2015-4,39073010,丙二酚型環氧樹脂,伊朗,出口總值(含復出口),192.576,80000
2015-4,39073010,丙二酚型環氧樹脂,印尼,出口總值(含復出口),431.04,188865
2015-4,39073010,丙二酚型環氧樹脂,印度,出口總值(含復出口),896.736,397340
2015-4,39073010,丙二酚型環氧樹脂,西班牙,進口總值(含復進口),23.424,3375
2015-4,39073010,丙二酚型環氧樹脂,孟加拉,出口總值(含復出口),19.552,4000
2015-4,39073010,丙二酚型環氧樹脂,阿拉伯聯合大公國,出口總值(含復出口),573.6,264000
2015-4,39073010,丙二酚型環氧樹脂,阿根廷,出口總值(含復出口),201.376,87290
2015-4,39073010,丙二酚型環氧樹脂,南韓,進口總值(含復進口),380.064,80000
2015-4,39073010,丙二酚型環氧樹脂,南韓,出口總值(含復出口),215.296,98400
2015-4,39073010,丙二酚型環氧樹脂,美國,進口總值(含復進口),115.68,20749
2015-4,39073010,丙二酚型環氧樹脂,美國,出口總值(含復出口),1332.032,617290
2015-4,39073010,丙二酚型環氧樹脂,英國,進口總值(含復進口),2.432,300
2015-4,39073010,丙二酚型環氧樹脂,香港,出口總值(含復出口),38.016,14401
2015-4,39073010,丙二酚型環氧樹脂,泰國,出口總值(含復出口),88.224,37720
2015-4,39073010,丙二酚型環氧樹脂,紐西蘭,出口總值(含復出口),21.472,9040
2015-4,39073010,丙二酚型環氧樹脂,馬來西亞,出口總值(含復出口),1986.176,899256
2015-4,39073010,丙二酚型環氧樹脂,荷蘭,進口總值(含復進口),191.008,70080
2015-4,39073010,丙二酚型環氧樹脂,荷蘭,出口總值(含復出口),95.52,48880
2015-4,39073010,丙二酚型環氧樹脂,斯里蘭卡,出口總值(含復出口),40.704,17600
2015-4,39073010,丙二酚型環氧樹脂,菲律賓,出口總值(含復出口),226.88,109300
2015-4,39073010,丙二酚型環氧樹脂,越南,出口總值(含復出口),464.032,200380
2015-4,39073010,丙二酚型環氧樹脂,新加坡,出口總值(含復出口),402.624,191140
2015-4,39073010,丙二酚型環氧樹脂,義大利,出口總值(含復出口),420.192,196010
2015-4,39073010,丙二酚型環氧樹脂,德國,進口總值(含復進口),0.928,150
2015-4,39073010,丙二酚型環氧樹脂,德國,出口總值(含復出口),96.768,48000
2015-4,39073010,丙二酚型環氧樹脂,墨西哥,出口總值(含復出口),462.016,200080
2015-4,39073010,丙二酚型環氧樹脂,澳大利亞,出口總值(含復出口),380.896,167040
2015-4,39073010,丙二酚型環氧樹脂,澳門,出口總值(含復出口),361.696,138280
2015-4,39074000,聚碳酸樹脂，初級狀態,土耳其,出口總值(含復出口),94.112,41000
2015-4,39074000,聚碳酸樹脂，初級狀態,中國大陸,進口總值(含復進口),6500.608,2438765
2015-4,39074000,聚碳酸樹脂，初級狀態,中國大陸,出口總值(含復出口),54337.79,22581471
2015-4,39074000,聚碳酸樹脂，初級狀態,中華民國,進口總值(含復進口),288.544,66750
2015-4,39074000,聚碳酸樹脂，初級狀態,厄瓜多,出口總值(含復出口),4.48,2000
2015-4,39074000,聚碳酸樹脂，初級狀態,巴西,出口總值(含復出口),349.28,121625
2015-4,39074000,聚碳酸樹脂，初級狀態,巴基斯坦,出口總值(含復出口),105.504,40250
2015-4,39074000,聚碳酸樹脂，初級狀態,日本,進口總值(含復進口),6211.488,1432181
2015-4,39074000,聚碳酸樹脂，初級狀態,日本,出口總值(含復出口),1395.84,646000
2015-4,39074000,聚碳酸樹脂，初級狀態,比利時,進口總值(含復進口),587.264,282031
2015-4,39074000,聚碳酸樹脂，初級狀態,比利時,出口總值(含復出口),2.976,1000
2015-4,39074000,聚碳酸樹脂，初級狀態,以色列,出口總值(含復出口),96.544,35000
2015-4,39074000,聚碳酸樹脂，初級狀態,立陶宛,出口總值(含復出口),10.72,4550
2015-4,39074000,聚碳酸樹脂，初級狀態,印尼,出口總值(含復出口),189.376,79695
2015-4,39074000,聚碳酸樹脂，初級狀態,印度,進口總值(含復進口),2.56,550
2015-4,39074000,聚碳酸樹脂，初級狀態,西班牙,進口總值(含復進口),485.632,122900
2015-4,39074000,聚碳酸樹脂，初級狀態,希臘,出口總值(含復出口),7.04,3000
2015-4,39074000,聚碳酸樹脂，初級狀態,沙烏地阿拉伯,進口總值(含復進口),3081.824,1411250
2015-4,39074000,聚碳酸樹脂，初級狀態,委內瑞拉,出口總值(含復出口),44.864,18000
2015-4,39074000,聚碳酸樹脂，初級狀態,孟加拉,出口總值(含復出口),30.656,13050
2015-4,39074000,聚碳酸樹脂，初級狀態,波蘭,出口總值(含復出口),4.64,2000
2015-4,39074000,聚碳酸樹脂，初級狀態,法國,出口總值(含復出口),68.896,24000
2015-4,39074000,聚碳酸樹脂，初級狀態,阿根廷,出口總值(含復出口),37.024,16000
2015-4,39074000,聚碳酸樹脂，初級狀態,俄羅斯,出口總值(含復出口),28.96,11000
2015-4,39074000,聚碳酸樹脂，初級狀態,南非,出口總值(含復出口),124.032,49000
2015-4,39074000,聚碳酸樹脂，初級狀態,南韓,進口總值(含復進口),3675.04,1611000
2015-4,39074000,聚碳酸樹脂，初級狀態,南韓,出口總值(含復出口),100.064,18001
2015-4,39074000,聚碳酸樹脂，初級狀態,美國,進口總值(含復進口),916.48,134807
2015-4,39074000,聚碳酸樹脂，初級狀態,美國,出口總值(含復出口),430.048,190900
2015-4,39074000,聚碳酸樹脂，初級狀態,英國,出口總值(含復出口),92.512,37750
2015-4,39074000,聚碳酸樹脂，初級狀態,香港,出口總值(含復出口),6292.128,2009605
2015-4,39074000,聚碳酸樹脂，初級狀態,哥倫比亞,出口總值(含復出口),309.344,128700
2015-4,39074000,聚碳酸樹脂，初級狀態,埃及,出口總值(含復出口),120.832,53000
2015-4,39074000,聚碳酸樹脂，初級狀態,泰國,進口總值(含復進口),4999.776,2106275
2015-4,39074000,聚碳酸樹脂，初級狀態,泰國,出口總值(含復出口),476.352,171150
2015-4,39074000,聚碳酸樹脂，初級狀態,烏拉圭,出口總值(含復出口),42.176,18000
2015-4,39074000,聚碳酸樹脂，初級狀態,紐西蘭,出口總值(含復出口),35.744,12000
2015-4,39074000,聚碳酸樹脂，初級狀態,馬來西亞,出口總值(含復出口),491.904,213000
2015-4,39074000,聚碳酸樹脂，初級狀態,敘利亞,出口總值(含復出口),172.512,68000
2015-4,39074000,聚碳酸樹脂，初級狀態,荷蘭,進口總值(含復進口),115.296,23575
2015-4,39074000,聚碳酸樹脂，初級狀態,荷蘭,出口總值(含復出口),611.52,254000
2015-4,39074000,聚碳酸樹脂，初級狀態,斯里蘭卡,出口總值(含復出口),24.192,10000
2015-4,39074000,聚碳酸樹脂，初級狀態,斯洛維尼亞,出口總值(含復出口),8.416,3000
2015-4,39074000,聚碳酸樹脂，初級狀態,菲律賓,出口總值(含復出口),138.144,59000
2015-4,39074000,聚碳酸樹脂，初級狀態,越南,出口總值(含復出口),557.44,207675
2015-4,39074000,聚碳酸樹脂，初級狀態,新加坡,進口總值(含復進口),2773.888,1044572
2015-4,39074000,聚碳酸樹脂，初級狀態,新加坡,出口總值(含復出口),22.752,10600
2015-4,39074000,聚碳酸樹脂，初級狀態,瑞士,進口總值(含復進口),146.048,21400
2015-4,39074000,聚碳酸樹脂，初級狀態,義大利,進口總值(含復進口),2.944,400
2015-4,39074000,聚碳酸樹脂，初級狀態,義大利,出口總值(含復出口),122.784,48551
2015-4,39074000,聚碳酸樹脂，初級狀態,德國,進口總值(含復進口),1776.544,802600
2015-4,39074000,聚碳酸樹脂，初級狀態,德國,出口總值(含復出口),15.456,5000
2015-4,39074000,聚碳酸樹脂，初級狀態,墨西哥,進口總值(含復進口),34.976,24000
2015-4,39074000,聚碳酸樹脂，初級狀態,墨西哥,出口總值(含復出口),218.208,92900
2015-4,39075000,醇酸樹脂，初級狀態,中國大陸,進口總值(含復進口),3.136,1080
2015-4,39075000,醇酸樹脂，初級狀態,中國大陸,出口總值(含復出口),964.096,469675
2015-4,39075000,醇酸樹脂，初級狀態,巴基斯坦,出口總值(含復出口),1.728,1000
2015-4,39075000,醇酸樹脂，初級狀態,日本,進口總值(含復進口),11.168,1560
2015-4,39075000,醇酸樹脂，初級狀態,日本,出口總值(含復出口),33.376,16000
2015-4,39075000,醇酸樹脂，初級狀態,印度,出口總值(含復出口),23.072,6000
2015-4,39075000,醇酸樹脂，初級狀態,孟加拉,出口總值(含復出口),22.72,16000
2015-4,39075000,醇酸樹脂，初級狀態,阿拉伯聯合大公國,出口總值(含復出口),26.336,13760
2015-4,39075000,醇酸樹脂，初級狀態,俄羅斯,出口總值(含復出口),24.96,15200
2015-4,39075000,醇酸樹脂，初級狀態,柬埔寨,出口總值(含復出口),0.096,50
2015-4,39075000,醇酸樹脂，初級狀態,美國,進口總值(含復進口),36.352,14651
2015-4,39075000,醇酸樹脂，初級狀態,香港,出口總值(含復出口),14.912,5800
2015-4,39075000,醇酸樹脂，初級狀態,泰國,出口總值(含復出口),45.856,23230
2015-4,39075000,醇酸樹脂，初級狀態,馬來西亞,出口總值(含復出口),337.76,155650
2015-4,39075000,醇酸樹脂，初級狀態,斯里蘭卡,出口總值(含復出口),77.984,53300
2015-4,39075000,醇酸樹脂，初級狀態,越南,出口總值(含復出口),2364.256,1465949
2015-4,39075000,醇酸樹脂，初級狀態,新加坡,出口總值(含復出口),318.688,137190
2015-4,39075000,醇酸樹脂，初級狀態,模里西斯,出口總值(含復出口),66.72,49500
2015-4,39075000,醇酸樹脂，初級狀態,澳大利亞,出口總值(含復出口),236.928,140320
2015-5,39073010,丙二酚型環氧樹脂,土耳其,出口總值(含復出口),351.3372,152120
2015-5,39073010,丙二酚型環氧樹脂,中國大陸,進口總值(含復進口),362.8832,135825
2015-5,39073010,丙二酚型環氧樹脂,中國大陸,出口總值(含復出口),5514.938,2195880
2015-5,39073010,丙二酚型環氧樹脂,巴西,出口總值(含復出口),191.9113,88520
2015-5,39073010,丙二酚型環氧樹脂,巴林,出口總值(含復出口),244.5532,105600
2015-5,39073010,丙二酚型環氧樹脂,巴基斯坦,出口總值(含復出口),88.32354,39460
2015-5,39073010,丙二酚型環氧樹脂,日本,進口總值(含復進口),13.37247,1406
2015-5,39073010,丙二酚型環氧樹脂,日本,出口總值(含復出口),3002.218,1345640
2015-5,39073010,丙二酚型環氧樹脂,卡達,出口總值(含復出口),76.09262,35200
2015-5,39073010,丙二酚型環氧樹脂,印尼,出口總值(含復出口),224.1683,97940
2015-5,39073010,丙二酚型環氧樹脂,印度,出口總值(含復出口),2548.761,1144190
2015-5,39073010,丙二酚型環氧樹脂,西班牙,出口總值(含復出口),333.2355,153640
2015-5,39073010,丙二酚型環氧樹脂,孟加拉,出口總值(含復出口),15.55772,3800
2015-5,39073010,丙二酚型環氧樹脂,阿拉伯聯合大公國,出口總值(含復出口),200.3262,88000
2015-5,39073010,丙二酚型環氧樹脂,南韓,進口總值(含復進口),429.2564,97643
2015-5,39073010,丙二酚型環氧樹脂,南韓,出口總值(含復出口),386.334,177950
2015-5,39073010,丙二酚型環氧樹脂,約旦,出口總值(含復出口),72.04827,32000
2015-5,39073010,丙二酚型環氧樹脂,美國,進口總值(含復進口),833.529,183487
2015-5,39073010,丙二酚型環氧樹脂,美國,出口總值(含復出口),1471.233,686270
2015-5,39073010,丙二酚型環氧樹脂,香港,出口總值(含復出口),45.92302,18600
2015-5,39073010,丙二酚型環氧樹脂,埃及,出口總值(含復出口),101.5003,48000
2015-5,39073010,丙二酚型環氧樹脂,泰國,出口總值(含復出口),207.0776,77310
2015-5,39073010,丙二酚型環氧樹脂,烏克蘭,出口總值(含復出口),18.13437,7920
2015-5,39073010,丙二酚型環氧樹脂,馬來西亞,出口總值(含復出口),1902.805,886200
2015-5,39073010,丙二酚型環氧樹脂,荷蘭,進口總值(含復進口),48.95629,18000
2015-5,39073010,丙二酚型環氧樹脂,荷蘭,出口總值(含復出口),134.8337,67920
2015-5,39073010,丙二酚型環氧樹脂,菲律賓,出口總值(含復出口),399.7391,197200
2015-5,39073010,丙二酚型環氧樹脂,越南,出口總值(含復出口),667.4821,303160
2015-5,39073010,丙二酚型環氧樹脂,奧地利,出口總值(含復出口),188.7476,87500
2015-5,39073010,丙二酚型環氧樹脂,新加坡,出口總值(含復出口),1187.639,520035
2015-5,39073010,丙二酚型環氧樹脂,義大利,出口總值(含復出口),666.2427,303550
2015-5,39073010,丙二酚型環氧樹脂,葡萄牙,出口總值(含復出口),42.66144,17920
2015-5,39073010,丙二酚型環氧樹脂,德國,出口總值(含復出口),100.5545,48000
2015-5,39073010,丙二酚型環氧樹脂,墨西哥,出口總值(含復出口),121.4286,52480
2015-5,39073010,丙二酚型環氧樹脂,澳大利亞,出口總值(含復出口),263.242,111280
2015-5,39073010,丙二酚型環氧樹脂,澳門,出口總值(含復出口),309.8174,118650
2015-5,39074000,聚碳酸樹脂，初級狀態,土耳其,進口總值(含復進口),43.47684,24000
2015-5,39074000,聚碳酸樹脂，初級狀態,中國大陸,進口總值(含復進口),5310.274,1806466
2015-5,39074000,聚碳酸樹脂，初級狀態,中國大陸,出口總值(含復出口),54188,21821259
2015-5,39074000,聚碳酸樹脂，初級狀態,中華民國,進口總值(含復進口),26.19047,3725
2015-5,39074000,聚碳酸樹脂，初級狀態,厄瓜多,出口總值(含復出口),52.87018,20000
2015-5,39074000,聚碳酸樹脂，初級狀態,巴西,出口總值(含復出口),334.9315,118000
2015-5,39074000,聚碳酸樹脂，初級狀態,巴基斯坦,出口總值(含復出口),62.65492,21250
2015-5,39074000,聚碳酸樹脂，初級狀態,日本,進口總值(含復進口),7503.62,2047071
2015-5,39074000,聚碳酸樹脂，初級狀態,日本,出口總值(含復出口),2526.973,1125100
2015-5,39074000,聚碳酸樹脂，初級狀態,比利時,進口總值(含復進口),483.3333,197150
2015-5,39074000,聚碳酸樹脂，初級狀態,比利時,出口總值(含復出口),5.1859,2025
2015-5,39074000,聚碳酸樹脂，初級狀態,以色列,出口總值(含復出口),93.02022,38000
2015-5,39074000,聚碳酸樹脂，初級狀態,加拿大,進口總值(含復進口),25.04892,3000
2015-5,39074000,聚碳酸樹脂，初級狀態,加拿大,出口總值(含復出口),15.45988,6000
2015-5,39074000,聚碳酸樹脂，初級狀態,伊朗,出口總值(含復出口),262.1005,96000
2015-5,39074000,聚碳酸樹脂，初級狀態,印尼,出口總值(含復出口),157.2733,59244
2015-5,39074000,聚碳酸樹脂，初級狀態,西班牙,進口總值(含復進口),578.0822,211550
2015-5,39074000,聚碳酸樹脂，初級狀態,沙烏地阿拉伯,進口總值(含復進口),3176.908,1536374
2015-5,39074000,聚碳酸樹脂，初級狀態,汶萊,出口總值(含復出口),3.32681,1170
2015-5,39074000,聚碳酸樹脂，初級狀態,孟加拉,出口總值(含復出口),34.57273,14000
2015-5,39074000,聚碳酸樹脂，初級狀態,波蘭,出口總值(含復出口),13.01369,5000
2015-5,39074000,聚碳酸樹脂，初級狀態,法國,出口總值(含復出口),7.045,3000
2015-5,39074000,聚碳酸樹脂，初級狀態,阿根廷,出口總值(含復出口),308.578,130000
2015-5,39074000,聚碳酸樹脂，初級狀態,俄羅斯,出口總值(含復出口),0.71754,250
2015-5,39074000,聚碳酸樹脂，初級狀態,南非,出口總值(含復出口),132.3549,52000
2015-5,39074000,聚碳酸樹脂，初級狀態,南韓,進口總值(含復進口),3017.515,1255575
2015-5,39074000,聚碳酸樹脂，初級狀態,南韓,出口總值(含復出口),42.75929,18000
2015-5,39074000,聚碳酸樹脂，初級狀態,突尼西亞,出口總值(含復出口),44.94455,13000
2015-5,39074000,聚碳酸樹脂，初級狀態,美國,進口總值(含復進口),1023.614,152659
2015-5,39074000,聚碳酸樹脂，初級狀態,美國,出口總值(含復出口),109.7847,45000
2015-5,39074000,聚碳酸樹脂，初級狀態,英國,出口總值(含復出口),137.6386,55875
2015-5,39074000,聚碳酸樹脂，初級狀態,香港,出口總值(含復出口),7642.727,2542103
2015-5,39074000,聚碳酸樹脂，初級狀態,哥倫比亞,出口總值(含復出口),49.34768,20000
2015-5,39074000,聚碳酸樹脂，初級狀態,泰國,進口總值(含復進口),9449.772,3951275
2015-5,39074000,聚碳酸樹脂，初級狀態,泰國,出口總值(含復出口),232.0613,80025
2015-5,39074000,聚碳酸樹脂，初級狀態,馬來西亞,進口總值(含復進口),29.81082,19290
2015-5,39074000,聚碳酸樹脂，初級狀態,馬來西亞,出口總值(含復出口),837.5408,319325
2015-5,39074000,聚碳酸樹脂，初級狀態,荷蘭,進口總值(含復進口),561.8395,232775
2015-5,39074000,聚碳酸樹脂，初級狀態,荷蘭,出口總值(含復出口),836.1709,357500
2015-5,39074000,聚碳酸樹脂，初級狀態,斯洛維尼亞,出口總值(含復出口),130.7241,53000
2015-5,39074000,聚碳酸樹脂，初級狀態,菲律賓,出口總值(含復出口),114.2857,59000
2015-5,39074000,聚碳酸樹脂，初級狀態,越南,出口總值(含復出口),1465.46,612729
2015-5,39074000,聚碳酸樹脂，初級狀態,新加坡,進口總值(含復進口),3595.825,1372052
2015-5,39074000,聚碳酸樹脂，初級狀態,新加坡,出口總值(含復出口),265.3294,99450
2015-5,39074000,聚碳酸樹脂，初級狀態,義大利,進口總值(含復進口),142.3679,41228
2015-5,39074000,聚碳酸樹脂，初級狀態,義大利,出口總值(含復出口),102.544,40000
2015-5,39074000,聚碳酸樹脂，初級狀態,葡萄牙,出口總值(含復出口),8.51272,3600
2015-5,39074000,聚碳酸樹脂，初級狀態,德國,進口總值(含復進口),1624.201,720900
2015-5,39074000,聚碳酸樹脂，初級狀態,德國,出口總值(含復出口),21.10241,8000
2015-5,39074000,聚碳酸樹脂，初級狀態,墨西哥,出口總值(含復出口),162.7854,66000
2015-5,39074000,聚碳酸樹脂，初級狀態,澳大利亞,出口總值(含復出口),33.65949,12250
2015-5,39075000,醇酸樹脂，初級狀態,中國大陸,進口總值(含復進口),51.46771,24000
2015-5,39075000,醇酸樹脂，初級狀態,中國大陸,出口總值(含復出口),918.0691,450998
2015-5,39075000,醇酸樹脂，初級狀態,日本,進口總值(含復進口),28.50619,9560
2015-5,39075000,醇酸樹脂，初級狀態,日本,出口總值(含復出口),7.17547,4000
2015-5,39075000,醇酸樹脂，初級狀態,以色列,出口總值(含復出口),91.87866,64000
2015-5,39075000,醇酸樹脂，初級狀態,印尼,出口總值(含復出口),40.41095,21750
2015-5,39075000,醇酸樹脂，初級狀態,印度,出口總值(含復出口),15.19895,4000
2015-5,39075000,醇酸樹脂，初級狀態,沙烏地阿拉伯,出口總值(含復出口),50.68493,33600
2015-5,39075000,醇酸樹脂，初級狀態,阿拉伯聯合大公國,出口總值(含復出口),34.34442,22200
2015-5,39075000,醇酸樹脂，初級狀態,阿曼,出口總值(含復出口),13.99217,10290
2015-5,39075000,醇酸樹脂，初級狀態,俄羅斯,出口總值(含復出口),24.36399,15200
2015-5,39075000,醇酸樹脂，初級狀態,南非,出口總值(含復出口),3.48988,2000
2015-5,39075000,醇酸樹脂，初級狀態,南韓,出口總值(含復出口),27.39726,15200
2015-5,39075000,醇酸樹脂，初級狀態,柬埔寨,出口總值(含復出口),0.94585,400
2015-5,39075000,醇酸樹脂，初級狀態,香港,出口總值(含復出口),2.96803,1600
2015-5,39075000,醇酸樹脂，初級狀態,哥斯大黎加,出口總值(含復出口),1.50032,760
2015-5,39075000,醇酸樹脂，初級狀態,泰國,出口總值(含復出口),60.30658,31000
2015-5,39075000,醇酸樹脂，初級狀態,紐西蘭,出口總值(含復出口),5.44683,2600
2015-5,39075000,醇酸樹脂，初級狀態,馬來西亞,出口總值(含復出口),274.0052,138720
2015-5,39075000,醇酸樹脂，初級狀態,斯里蘭卡,出口總值(含復出口),99.8043,63850
2015-5,39075000,醇酸樹脂，初級狀態,菲律賓,出口總值(含復出口),35.90998,14950
2015-5,39075000,醇酸樹脂，初級狀態,越南,出口總值(含復出口),3063.372,1900210
2015-5,39075000,醇酸樹脂，初級狀態,新加坡,出口總值(含復出口),236.3666,117010
2015-5,39075000,醇酸樹脂，初級狀態,模里西斯,出口總值(含復出口),51.92433,39160
2015-5,39075000,醇酸樹脂，初級狀態,黎巴嫩,出口總值(含復出口),38.25831,26780
2015-5,39075000,醇酸樹脂，初級狀態,澳大利亞,出口總值(含復出口),325.3751,187640
2015-6,39073010,丙二酚型環氧樹脂,土耳其,出口總值(含復出口),390.4452,175900
2015-6,39073010,丙二酚型環氧樹脂,中國大陸,進口總值(含復進口),168.4108,81805
2015-6,39073010,丙二酚型環氧樹脂,中國大陸,出口總值(含復出口),4317.745,1589597
2015-6,39073010,丙二酚型環氧樹脂,巴西,出口總值(含復出口),274.0981,129340
2015-6,39073010,丙二酚型環氧樹脂,巴林,出口總值(含復出口),161.066,70400
2015-6,39073010,丙二酚型環氧樹脂,日本,進口總值(含復進口),67.24081,6538
2015-6,39073010,丙二酚型環氧樹脂,日本,出口總值(含復出口),2631.134,1213285
2015-6,39073010,丙二酚型環氧樹脂,卡達,出口總值(含復出口),36.62658,17600
2015-6,39073010,丙二酚型環氧樹脂,伊朗,出口總值(含復出口),36.04159,16000
2015-6,39073010,丙二酚型環氧樹脂,印尼,出口總值(含復出口),291.1927,131080
2015-6,39073010,丙二酚型環氧樹脂,印度,出口總值(含復出口),1698.278,768670
2015-6,39073010,丙二酚型環氧樹脂,西班牙,出口總值(含復出口),209.6198,94500
2015-6,39073010,丙二酚型環氧樹脂,阿拉伯聯合大公國,出口總值(含復出口),82.61293,35200
2015-6,39073010,丙二酚型環氧樹脂,阿根廷,出口總值(含復出口),154.6961,70290
2015-6,39073010,丙二酚型環氧樹脂,南韓,進口總值(含復進口),150.7962,32024
2015-6,39073010,丙二酚型環氧樹脂,南韓,出口總值(含復出口),464.3809,219550
2015-6,39073010,丙二酚型環氧樹脂,美國,進口總值(含復進口),540.2665,216974
2015-6,39073010,丙二酚型環氧樹脂,美國,出口總值(含復出口),1031.557,492700
2015-6,39073010,丙二酚型環氧樹脂,英國,進口總值(含復進口),10.00974,299
2015-6,39073010,丙二酚型環氧樹脂,英國,出口總值(含復出口),318.5895,149220
2015-6,39073010,丙二酚型環氧樹脂,香港,出口總值(含復出口),3.70489,440
2015-6,39073010,丙二酚型環氧樹脂,埃及,出口總值(含復出口),33.27916,16000
2015-6,39073010,丙二酚型環氧樹脂,泰國,出口總值(含復出口),99.61,45000
2015-6,39073010,丙二酚型環氧樹脂,馬來西亞,出口總值(含復出口),1776.568,832868
2015-6,39073010,丙二酚型環氧樹脂,荷蘭,進口總值(含復進口),137.6341,52800
2015-6,39073010,丙二酚型環氧樹脂,荷蘭,出口總值(含復出口),398.9925,189990
2015-6,39073010,丙二酚型環氧樹脂,斯里蘭卡,出口總值(含復出口),36.62658,16580
2015-6,39073010,丙二酚型環氧樹脂,菲律賓,出口總值(含復出口),79.07052,37840
2015-6,39073010,丙二酚型環氧樹脂,越南,出口總值(含復出口),711.7322,322695
2015-6,39073010,丙二酚型環氧樹脂,新加坡,出口總值(含復出口),801.7875,382385
2015-6,39073010,丙二酚型環氧樹脂,瑞士,進口總值(含復進口),29.76925,6600
2015-6,39073010,丙二酚型環氧樹脂,義大利,出口總值(含復出口),497.0751,218255
2015-6,39073010,丙二酚型環氧樹脂,葡萄牙,出口總值(含復出口),146.8313,72000
2015-6,39073010,丙二酚型環氧樹脂,德國,進口總值(含復進口),2.20994,520
2015-6,39073010,丙二酚型環氧樹脂,德國,出口總值(含復出口),205.6549,96000
2015-6,39073010,丙二酚型環氧樹脂,墨西哥,出口總值(含復出口),166.1683,72000
2015-6,39073010,丙二酚型環氧樹脂,澳大利亞,出口總值(含復出口),405.6549,184560
2015-6,39073010,丙二酚型環氧樹脂,澳門,出口總值(含復出口),356.1261,137990
2015-6,39073010,丙二酚型環氧樹脂,羅馬尼亞,出口總值(含復出口),34.93662,17600
2015-6,39074000,聚碳酸樹脂，初級狀態,中國大陸,進口總值(含復進口),7562.951,2781465
2015-6,39074000,聚碳酸樹脂，初級狀態,中國大陸,出口總值(含復出口),42910.79,17075771
2015-6,39074000,聚碳酸樹脂，初級狀態,中華民國,進口總值(含復進口),32.62917,18975
2015-6,39074000,聚碳酸樹脂，初級狀態,厄瓜多,出口總值(含復出口),95.54761,36000
2015-6,39074000,聚碳酸樹脂，初級狀態,巴西,出口總值(含復出口),311.8622,121000
2015-6,39074000,聚碳酸樹脂，初級狀態,巴基斯坦,出口總值(含復出口),53.88365,22000
2015-6,39074000,聚碳酸樹脂，初級狀態,日本,進口總值(含復進口),8462.561,2271102
2015-6,39074000,聚碳酸樹脂，初級狀態,日本,出口總值(含復出口),1553.559,667970
2015-6,39074000,聚碳酸樹脂，初級狀態,比利時,進口總值(含復進口),326.3243,119975
2015-6,39074000,聚碳酸樹脂，初級狀態,比利時,出口總值(含復出口),19.727,7000
2015-6,39074000,聚碳酸樹脂，初級狀態,以色列,出口總值(含復出口),50.56873,19000
2015-6,39074000,聚碳酸樹脂，初級狀態,加拿大,進口總值(含復進口),16.11959,2000
2015-6,39074000,聚碳酸樹脂，初級狀態,加拿大,出口總值(含復出口),5.19987,2000
2015-6,39074000,聚碳酸樹脂，初級狀態,伊朗,出口總值(含復出口),212.1872,82000
2015-6,39074000,聚碳酸樹脂，初級狀態,印尼,出口總值(含復出口),303.9974,120850
2015-6,39074000,聚碳酸樹脂，初級狀態,西班牙,進口總值(含復進口),606.7273,247005
2015-6,39074000,聚碳酸樹脂，初級狀態,西班牙,出口總值(含復出口),31.39421,12000
2015-6,39074000,聚碳酸樹脂，初級狀態,沙烏地阿拉伯,進口總值(含復進口),2672.506,1114500
2015-6,39074000,聚碳酸樹脂，初級狀態,貝里斯,進口總值(含復進口),2.33994,2577
2015-6,39074000,聚碳酸樹脂，初級狀態,孟加拉,出口總值(含復出口),13.97465,5500
2015-6,39074000,聚碳酸樹脂，初級狀態,波蘭,出口總值(含復出口),28.69678,12000
2015-6,39074000,聚碳酸樹脂，初級狀態,法國,出口總值(含復出口),35.52161,3000
2015-6,39074000,聚碳酸樹脂，初級狀態,阿根廷,出口總值(含復出口),343.4514,140000
2015-6,39074000,聚碳酸樹脂，初級狀態,俄羅斯,出口總值(含復出口),49.10627,17000
2015-6,39074000,聚碳酸樹脂，初級狀態,南非,出口總值(含復出口),184.7579,67000
2015-6,39074000,聚碳酸樹脂，初級狀態,南韓,進口總值(含復進口),3548.359,1456600
2015-6,39074000,聚碳酸樹脂，初級狀態,南韓,出口總值(含復出口),25.21936,10500
2015-6,39074000,聚碳酸樹脂，初級狀態,突尼西亞,出口總值(含復出口),73.22066,22000
2015-6,39074000,聚碳酸樹脂，初級狀態,美國,進口總值(含復進口),1167.956,243706
2015-6,39074000,聚碳酸樹脂，初級狀態,美國,出口總值(含復出口),180.4355,67075
2015-6,39074000,聚碳酸樹脂，初級狀態,英國,出口總值(含復出口),13.51966,5500
2015-6,39074000,聚碳酸樹脂，初級狀態,香港,進口總值(含復進口),95.45011,51200
2015-6,39074000,聚碳酸樹脂，初級狀態,香港,出口總值(含復出口),5839.097,1957863
2015-6,39074000,聚碳酸樹脂，初級狀態,哥倫比亞,出口總值(含復出口),91.48521,37000
2015-6,39074000,聚碳酸樹脂，初級狀態,哥斯大黎加,出口總值(含復出口),2.82742,6750
2015-6,39074000,聚碳酸樹脂，初級狀態,埃及,出口總值(含復出口),134.0591,60000
2015-6,39074000,聚碳酸樹脂，初級狀態,泰國,進口總值(含復進口),7712.902,3051100
2015-6,39074000,聚碳酸樹脂，初級狀態,泰國,出口總值(含復出口),206.2073,71200
2015-6,39074000,聚碳酸樹脂，初級狀態,秘魯,出口總值(含復出口),23.26941,8000
2015-6,39074000,聚碳酸樹脂，初級狀態,紐西蘭,出口總值(含復出口),8.67728,3000
2015-6,39074000,聚碳酸樹脂，初級狀態,馬來西亞,進口總值(含復進口),34.57913,228
2015-6,39074000,聚碳酸樹脂，初級狀態,馬來西亞,出口總值(含復出口),326.7468,135175
2015-6,39074000,聚碳酸樹脂，初級狀態,敘利亞,出口總值(含復出口),13.51966,5000
2015-6,39074000,聚碳酸樹脂，初級狀態,荷蘭,進口總值(含復進口),211.3422,50498
2015-6,39074000,聚碳酸樹脂，初級狀態,荷蘭,出口總值(含復出口),263.0159,113800
2015-6,39074000,聚碳酸樹脂，初級狀態,斯里蘭卡,出口總值(含復出口),25.21936,10000
2015-6,39074000,聚碳酸樹脂，初級狀態,智利,出口總值(含復出口),51.8687,20000
2015-6,39074000,聚碳酸樹脂，初級狀態,菲律賓,出口總值(含復出口),62.52843,25000
2015-6,39074000,聚碳酸樹脂，初級狀態,越南,出口總值(含復出口),309.8147,120615
2015-6,39074000,聚碳酸樹脂，初級狀態,奧地利,出口總值(含復出口),2.89242,0
2015-6,39074000,聚碳酸樹脂，初級狀態,新加坡,進口總值(含復進口),3363.471,1213375
2015-6,39074000,聚碳酸樹脂，初級狀態,新加坡,出口總值(含復出口),57.81605,14800
2015-6,39074000,聚碳酸樹脂，初級狀態,瑞士,進口總值(含復進口),135.9766,19450
2015-6,39074000,聚碳酸樹脂，初級狀態,瑞典,出口總值(含復出口),40.26649,16000
2015-6,39074000,聚碳酸樹脂，初級狀態,義大利,進口總值(含復進口),15.30711,16919
2015-6,39074000,聚碳酸樹脂，初級狀態,義大利,出口總值(含復出口),146.7338,58000
2015-6,39074000,聚碳酸樹脂，初級狀態,聖赫勒拿及阿森松及特斯坦達庫尼亞,進口總值(含復進口),34.70913,9000
2015-6,39074000,聚碳酸樹脂，初級狀態,德國,進口總值(含復進口),669.3208,309915
2015-6,39074000,聚碳酸樹脂，初級狀態,德國,出口總值(含復出口),5.03737,2000
2015-6,39074000,聚碳酸樹脂，初級狀態,墨西哥,進口總值(含復進口),34.38414,24000
2015-6,39074000,聚碳酸樹脂，初級狀態,墨西哥,出口總值(含復出口),60.93597,21499
2015-6,39074000,聚碳酸樹脂，初級狀態,澳大利亞,出口總值(含復出口),10.72473,3000
2015-6,39075000,醇酸樹脂，初級狀態,中國大陸,進口總值(含復進口),1.46246,540
2015-6,39075000,醇酸樹脂，初級狀態,中國大陸,出口總值(含復出口),756.5161,386560
2015-6,39075000,醇酸樹脂，初級狀態,中華民國,進口總值(含復進口),32.75918,15540
2015-6,39075000,醇酸樹脂，初級狀態,日本,進口總值(含復進口),30.84172,10980
2015-6,39075000,醇酸樹脂，初級狀態,印尼,出口總值(含復出口),32.88917,16567
2015-6,39075000,醇酸樹脂，初級狀態,印度,出口總值(含復出口),5.52486,1200
2015-6,39075000,醇酸樹脂，初級狀態,安道爾,出口總值(含復出口),7.8323,4000
2015-6,39075000,醇酸樹脂，初級狀態,沙烏地阿拉伯,出口總值(含復出口),46.01884,24400
2015-6,39075000,醇酸樹脂，初級狀態,阿拉伯聯合大公國,出口總值(含復出口),39.909,20000
2015-6,39075000,醇酸樹脂，初級狀態,阿曼,出口總值(含復出口),23.6269,16800
2015-6,39075000,醇酸樹脂，初級狀態,俄羅斯,出口總值(含復出口),52.61618,30480
2015-6,39075000,醇酸樹脂，初級狀態,南韓,出口總值(含復出口),43.6139,19200
2015-6,39075000,醇酸樹脂，初級狀態,柬埔寨,出口總值(含復出口),0.09749,50
2015-6,39075000,醇酸樹脂，初級狀態,美國,進口總值(含復進口),2.59993,181
2015-6,39075000,醇酸樹脂，初級狀態,香港,出口總值(含復出口),3.57491,1400
2015-6,39075000,醇酸樹脂，初級狀態,哥斯大黎加,出口總值(含復出口),0.74748,380
2015-6,39075000,醇酸樹脂，初級狀態,埃及,出口總值(含復出口),8.80727,6720
2015-6,39075000,醇酸樹脂，初級狀態,泰國,出口總值(含復出口),32.40168,20200
2015-6,39075000,醇酸樹脂，初級狀態,紐西蘭,出口總值(含復出口),4.67988,2200
2015-6,39075000,醇酸樹脂，初級狀態,馬來西亞,出口總值(含復出口),275.0731,139000
2015-6,39075000,醇酸樹脂，初級狀態,斯里蘭卡,出口總值(含復出口),131.9142,80800
2015-6,39075000,醇酸樹脂，初級狀態,菲律賓,出口總值(含復出口),14.55963,6020
2015-6,39075000,醇酸樹脂，初級狀態,越南,出口總值(含復出口),2777.088,1699646
2015-6,39075000,醇酸樹脂，初級狀態,新加坡,出口總值(含復出口),262.0734,126240
2015-6,39075000,醇酸樹脂，初級狀態,德國,進口總值(含復進口),15.04712,4950
2015-6,39075000,醇酸樹脂，初級狀態,模里西斯,出口總值(含復出口),37.69905,28620
2015-6,39075000,醇酸樹脂，初級狀態,緬甸,出口總值(含復出口),28.63178,18000
2015-6,39075000,醇酸樹脂，初級狀態,黎巴嫩,出口總值(含復出口),31.58921,21500
2015-6,39075000,醇酸樹脂，初級狀態,澳大利亞,出口總值(含復出口),128.3393,78840
2015-7,39073010,丙二酚型環氧樹脂,土耳其,出口總值(含復出口),799.8061,365240
2015-7,39073010,丙二酚型環氧樹脂,中國大陸,進口總值(含復進口),132.1267,64061
2015-7,39073010,丙二酚型環氧樹脂,中國大陸,出口總值(含復出口),3717.97,1429042
2015-7,39073010,丙二酚型環氧樹脂,丹麥,進口總值(含復進口),88.84938,20000
2015-7,39073010,丙二酚型環氧樹脂,巴西,出口總值(含復出口),290.9825,143700
2015-7,39073010,丙二酚型環氧樹脂,巴基斯坦,出口總值(含復出口),83.29023,37910
2015-7,39073010,丙二酚型環氧樹脂,日本,進口總值(含復進口),23.88493,1193
2015-7,39073010,丙二酚型環氧樹脂,日本,出口總值(含復出口),3647.188,1700735
2015-7,39073010,丙二酚型環氧樹脂,比利時,出口總值(含復出口),242.6309,97000
2015-7,39073010,丙二酚型環氧樹脂,加拿大,出口總值(含復出口),40.98254,17600
2015-7,39073010,丙二酚型環氧樹脂,卡達,出口總值(含復出口),36.36069,17600
2015-7,39073010,丙二酚型環氧樹脂,印尼,出口總值(含復出口),99.54751,45640
2015-7,39073010,丙二酚型環氧樹脂,印度,出口總值(含復出口),1587.621,743200
2015-7,39073010,丙二酚型環氧樹脂,西班牙,出口總值(含復出口),259.7285,114880
2015-7,39073010,丙二酚型環氧樹脂,沙烏地阿拉伯,出口總值(含復出口),81.15707,35200
2015-7,39073010,丙二酚型環氧樹脂,阿拉伯聯合大公國,出口總值(含復出口),458.4034,228800
2015-7,39073010,丙二酚型環氧樹脂,阿曼,出口總值(含復出口),72.65675,35200
2015-7,39073010,丙二酚型環氧樹脂,南非,出口總值(含復出口),28.02197,11440
2015-7,39073010,丙二酚型環氧樹脂,南韓,進口總值(含復進口),27.63413,10000
2015-7,39073010,丙二酚型環氧樹脂,南韓,出口總值(含復出口),124.1758,58400
2015-7,39073010,丙二酚型環氧樹脂,美國,進口總值(含復進口),504.9774,237904
2015-7,39073010,丙二酚型環氧樹脂,美國,出口總值(含復出口),1756.82,837420
2015-7,39073010,丙二酚型環氧樹脂,英國,進口總值(含復進口),0.74337,80
2015-7,39073010,丙二酚型環氧樹脂,英國,出口總值(含復出口),253.0058,116960
2015-7,39073010,丙二酚型環氧樹脂,香港,出口總值(含復出口),89.85132,37601
2015-7,39073010,丙二酚型環氧樹脂,埃及,出口總值(含復出口),103.7492,51200
2015-7,39073010,丙二酚型環氧樹脂,泰國,出口總值(含復出口),191.5966,81880
2015-7,39073010,丙二酚型環氧樹脂,紐西蘭,出口總值(含復出口),11.99095,5000
2015-7,39073010,丙二酚型環氧樹脂,馬來西亞,出口總值(含復出口),1320.944,632675
2015-7,39073010,丙二酚型環氧樹脂,荷蘭,進口總值(含復進口),91.20879,34800
2015-7,39073010,丙二酚型環氧樹脂,荷蘭,出口總值(含復出口),260.0194,117500
2015-7,39073010,丙二酚型環氧樹脂,喬治亞,進口總值(含復進口),1.74531,340
2015-7,39073010,丙二酚型環氧樹脂,菲律賓,出口總值(含復出口),427.6341,207400
2015-7,39073010,丙二酚型環氧樹脂,越南,出口總值(含復出口),381.9005,180191
2015-7,39073010,丙二酚型環氧樹脂,奧地利,出口總值(含復出口),41.43503,17500
2015-7,39073010,丙二酚型環氧樹脂,新加坡,出口總值(含復出口),617.9056,302530
2015-7,39073010,丙二酚型環氧樹脂,義大利,出口總值(含復出口),257.4984,119490
2015-7,39073010,丙二酚型環氧樹脂,葡萄牙,出口總值(含復出口),40.46541,18060
2015-7,39073010,丙二酚型環氧樹脂,德國,出口總值(含復出口),396.7033,192000
2015-7,39073010,丙二酚型環氧樹脂,墨西哥,出口總值(含復出口),153.0705,71830
2015-7,39073010,丙二酚型環氧樹脂,澳大利亞,出口總值(含復出口),310.084,140120
2015-7,39073010,丙二酚型環氧樹脂,澳門,出口總值(含復出口),203.3937,78980
2015-7,39074000,聚碳酸樹脂，初級狀態,土耳其,出口總值(含復出口),75.72721,32000
2015-7,39074000,聚碳酸樹脂，初級狀態,中國大陸,進口總值(含復進口),5389.722,2007080
2015-7,39074000,聚碳酸樹脂，初級狀態,中國大陸,出口總值(含復出口),39198.93,15682832
2015-7,39074000,聚碳酸樹脂，初級狀態,中華民國,進口總值(含復進口),88.10601,25350
2015-7,39074000,聚碳酸樹脂，初級狀態,厄瓜多,出口總值(含復出口),94.89334,36000
2015-7,39074000,聚碳酸樹脂，初級狀態,巴基斯坦,出口總值(含復出口),17.38849,7000
2015-7,39074000,聚碳酸樹脂，初級狀態,日本,進口總值(含復進口),5042.793,1370108
2015-7,39074000,聚碳酸樹脂，初級狀態,日本,出口總值(含復出口),2503.943,1023000
2015-7,39074000,聚碳酸樹脂，初級狀態,比利時,進口總值(含復進口),354.0401,109100
2015-7,39074000,聚碳酸樹脂，初級狀態,比利時,出口總值(含復出口),29.67032,12000
2015-7,39074000,聚碳酸樹脂，初級狀態,以色列,出口總值(含復出口),39.78668,15500
2015-7,39074000,聚碳酸樹脂，初級狀態,加拿大,出口總值(含復出口),39.94828,16000
2015-7,39074000,聚碳酸樹脂，初級狀態,立陶宛,出口總值(含復出口),22.2689,9000
2015-7,39074000,聚碳酸樹脂，初級狀態,伊朗,出口總值(含復出口),560.278,207000
2015-7,39074000,聚碳酸樹脂，初級狀態,印尼,出口總值(含復出口),100.0323,39000
2015-7,39074000,聚碳酸樹脂，初級狀態,印度,進口總值(含復進口),4.52488,2000
2015-7,39074000,聚碳酸樹脂，初級狀態,吉布地,出口總值(含復出口),90.53005,36000
2015-7,39074000,聚碳酸樹脂，初級狀態,西班牙,進口總值(含復進口),4557.401,1835761
2015-7,39074000,聚碳酸樹脂，初級狀態,西班牙,出口總值(含復出口),38.10601,16150
2015-7,39074000,聚碳酸樹脂，初級狀態,沙烏地阿拉伯,進口總值(含復進口),6835.553,3072101
2015-7,39074000,聚碳酸樹脂，初級狀態,孟加拉,出口總值(含復出口),90.27149,37000
2015-7,39074000,聚碳酸樹脂，初級狀態,波蘭,出口總值(含復出口),99.3859,43000
2015-7,39074000,聚碳酸樹脂，初級狀態,法國,進口總值(含復進口),0.1616,17
2015-7,39074000,聚碳酸樹脂，初級狀態,阿拉伯聯合大公國,出口總值(含復出口),2.55332,1000
2015-7,39074000,聚碳酸樹脂，初級狀態,阿根廷,出口總值(含復出口),130.3167,54000
2015-7,39074000,聚碳酸樹脂，初級狀態,俄羅斯,出口總值(含復出口),9.53458,3250
2015-7,39074000,聚碳酸樹脂，初級狀態,南非,出口總值(含復出口),294.7641,113000
2015-7,39074000,聚碳酸樹脂，初級狀態,南韓,進口總值(含復進口),3818.293,1625925
2015-7,39074000,聚碳酸樹脂，初級狀態,南韓,出口總值(含復出口),129.4118,52000
2015-7,39074000,聚碳酸樹脂，初級狀態,柬埔寨,出口總值(含復出口),3.03813,1000
2015-7,39074000,聚碳酸樹脂，初級狀態,美國,進口總值(含復進口),1178.959,285004
2015-7,39074000,聚碳酸樹脂，初級狀態,美國,出口總值(含復出口),176.7292,65000
2015-7,39074000,聚碳酸樹脂，初級狀態,英國,出口總值(含復出口),230.446,93250
2015-7,39074000,聚碳酸樹脂，初級狀態,香港,進口總值(含復進口),95.11958,51200
2015-7,39074000,聚碳酸樹脂，初級狀態,香港,出口總值(含復出口),7196.865,2360130
2015-7,39074000,聚碳酸樹脂，初級狀態,哥倫比亞,出口總值(含復出口),9.8901,4000
2015-7,39074000,聚碳酸樹脂，初級狀態,埃及,出口總值(含復出口),128.7007,51000
2015-7,39074000,聚碳酸樹脂，初級狀態,泰國,進口總值(含復進口),3095.249,1240300
2015-7,39074000,聚碳酸樹脂，初級狀態,泰國,出口總值(含復出口),574.0789,201900
2015-7,39074000,聚碳酸樹脂，初級狀態,紐西蘭,出口總值(含復出口),0.06464,25
2015-7,39074000,聚碳酸樹脂，初級狀態,馬來西亞,進口總值(含復進口),12.89592,228
2015-7,39074000,聚碳酸樹脂，初級狀態,馬來西亞,出口總值(含復出口),376.1474,130835
2015-7,39074000,聚碳酸樹脂，初級狀態,荷蘭,出口總值(含復出口),714.3504,289900
2015-7,39074000,聚碳酸樹脂，初級狀態,斯洛維尼亞,出口總值(含復出口),101.6807,41000
2015-7,39074000,聚碳酸樹脂，初級狀態,智利,出口總值(含復出口),11.89398,4000
2015-7,39074000,聚碳酸樹脂，初級狀態,菲律賓,出口總值(含復出口),26.47058,25000
2015-7,39074000,聚碳酸樹脂，初級狀態,越南,進口總值(含復進口),4.5572,10100
2015-7,39074000,聚碳酸樹脂，初級狀態,越南,出口總值(含復出口),473.2062,182849
2015-7,39074000,聚碳酸樹脂，初級狀態,新加坡,進口總值(含復進口),2923.109,1065061
2015-7,39074000,聚碳酸樹脂，初級狀態,新加坡,出口總值(含復出口),99.28894,41000
2015-7,39074000,聚碳酸樹脂，初級狀態,瑞士,進口總值(含復進口),143.6652,20750
2015-7,39074000,聚碳酸樹脂，初級狀態,瑞典,出口總值(含復出口),42.34001,18000
2015-7,39074000,聚碳酸樹脂，初級狀態,義大利,進口總值(含復進口),92.08144,52388
2015-7,39074000,聚碳酸樹脂，初級狀態,義大利,出口總值(含復出口),11.53846,5000
2015-7,39074000,聚碳酸樹脂，初級狀態,葡萄牙,出口總值(含復出口),8.40336,3600
2015-7,39074000,聚碳酸樹脂，初級狀態,德國,進口總值(含復進口),975.5979,441300
2015-7,39074000,聚碳酸樹脂，初級狀態,德國,出口總值(含復出口),117.033,35950
2015-7,39074000,聚碳酸樹脂，初級狀態,緬甸,出口總值(含復出口),59.14673,35120
2015-7,39074000,聚碳酸樹脂，初級狀態,墨西哥,進口總值(含復進口),33.77504,24000
2015-7,39074000,聚碳酸樹脂，初級狀態,墨西哥,出口總值(含復出口),94.57013,40000
2015-7,39074000,聚碳酸樹脂，初級狀態,澳大利亞,出口總值(含復出口),12.60504,5000
2015-7,39075000,醇酸樹脂，初級狀態,中國大陸,進口總值(含復進口),16.51583,9260
2015-7,39075000,醇酸樹脂，初級狀態,中國大陸,出口總值(含復出口),769.1661,386111
2015-7,39075000,醇酸樹脂，初級狀態,巴基斯坦,出口總值(含復出口),1.71299,1000
2015-7,39075000,醇酸樹脂，初級狀態,日本,進口總值(含復進口),38.00904,14720
2015-7,39075000,醇酸樹脂，初級狀態,日本,出口總值(含復出口),34.87394,18200
2015-7,39075000,醇酸樹脂，初級狀態,以色列,出口總值(含復出口),23.72333,16000
2015-7,39075000,醇酸樹脂，初級狀態,印尼,出口總值(含復出口),31.86813,11707
2015-7,39075000,醇酸樹脂，初級狀態,沙烏地阿拉伯,出口總值(含復出口),50.51712,33600
2015-7,39075000,醇酸樹脂，初級狀態,坦尚尼亞,出口總值(含復出口),63.70394,38560
2015-7,39075000,醇酸樹脂，初級狀態,阿拉伯聯合大公國,出口總值(含復出口),9.50226,5000
2015-7,39075000,醇酸樹脂，初級狀態,俄羅斯,出口總值(含復出口),77.69877,44780
2015-7,39075000,醇酸樹脂，初級狀態,南韓,出口總值(含復出口),27.31092,15200
2015-7,39075000,醇酸樹脂，初級狀態,柬埔寨,出口總值(含復出口),0.42016,200
2015-7,39075000,醇酸樹脂，初級狀態,美國,進口總值(含復進口),116.031,13553
2015-7,39075000,醇酸樹脂，初級狀態,香港,出口總值(含復出口),27.69877,13000
2015-7,39075000,醇酸樹脂，初級狀態,埃及,出口總值(含復出口),30.28442,21840
2015-7,39075000,醇酸樹脂，初級狀態,泰國,出口總值(含復出口),69.74789,35600
2015-7,39075000,醇酸樹脂，初級狀態,馬來西亞,出口總值(含復出口),302.3271,138760
2015-7,39075000,醇酸樹脂，初級狀態,斯里蘭卡,出口總值(含復出口),90.78862,53690
2015-7,39075000,醇酸樹脂，初級狀態,越南,出口總值(含復出口),2415.288,1505635
2015-7,39075000,醇酸樹脂，初級狀態,塞席爾,出口總值(含復出口),18.8106,14000
2015-7,39075000,醇酸樹脂，初級狀態,新加坡,出口總值(含復出口),204.331,81890
2015-7,39075000,醇酸樹脂，初級狀態,模里西斯,出口總值(含復出口),67.84098,50480
2015-7,39075000,醇酸樹脂，初級狀態,緬甸,出口總值(含復出口),24.20814,16000
2015-7,39075000,醇酸樹脂，初級狀態,黎巴嫩,出口總值(含復出口),28.18358,17900
2015-7,39075000,醇酸樹脂，初級狀態,澳大利亞,出口總值(含復出口),287.9121,172400
2015-8,39073010,丙二酚型環氧樹脂,土耳其,出口總值(含復出口),287.0978,135500
2015-8,39073010,丙二酚型環氧樹脂,中國大陸,進口總值(含復進口),264.858,129010
2015-8,39073010,丙二酚型環氧樹脂,中國大陸,出口總值(含復出口),2441.388,863840
2015-8,39073010,丙二酚型環氧樹脂,巴西,出口總值(含復出口),389.5584,191940
2015-8,39073010,丙二酚型環氧樹脂,巴基斯坦,出口總值(含復出口),110.8833,53560
2015-8,39073010,丙二酚型環氧樹脂,日本,進口總值(含復進口),79.08517,4249
2015-8,39073010,丙二酚型環氧樹脂,日本,出口總值(含復出口),2406.404,1118975
2015-8,39073010,丙二酚型環氧樹脂,比利時,出口總值(含復出口),454.1956,191600
2015-8,39073010,丙二酚型環氧樹脂,加拿大,出口總值(含復出口),42.33438,19880
2015-8,39073010,丙二酚型環氧樹脂,伊朗,出口總值(含復出口),50.06309,24000
2015-8,39073010,丙二酚型環氧樹脂,印尼,出口總值(含復出口),340.0315,155285
2015-8,39073010,丙二酚型環氧樹脂,印度,出口總值(含復出口),988.3596,481300
2015-8,39073010,丙二酚型環氧樹脂,西班牙,出口總值(含復出口),117.1609,56800
2015-8,39073010,丙二酚型環氧樹脂,孟加拉,出口總值(含復出口),15.45741,3800
2015-8,39073010,丙二酚型環氧樹脂,阿拉伯聯合大公國,出口總值(含復出口),437.7287,202400
2015-8,39073010,丙二酚型環氧樹脂,阿曼,出口總值(含復出口),36.68769,17600
2015-8,39073010,丙二酚型環氧樹脂,俄羅斯,出口總值(含復出口),33.56466,18000
2015-8,39073010,丙二酚型環氧樹脂,南非,出口總值(含復出口),33.3123,15280
2015-8,39073010,丙二酚型環氧樹脂,南韓,進口總值(含復進口),337.0347,104210
2015-8,39073010,丙二酚型環氧樹脂,南韓,出口總值(含復出口),222.8391,94880
2015-8,39073010,丙二酚型環氧樹脂,美國,進口總值(含復進口),235.142,72733
2015-8,39073010,丙二酚型環氧樹脂,美國,出口總值(含復出口),1091.798,534280
2015-8,39073010,丙二酚型環氧樹脂,英國,進口總值(含復進口),18.80126,513
2015-8,39073010,丙二酚型環氧樹脂,英國,出口總值(含復出口),416.1514,199850
2015-8,39073010,丙二酚型環氧樹脂,香港,出口總值(含復出口),45.58359,19806
2015-8,39073010,丙二酚型環氧樹脂,泰國,出口總值(含復出口),102.3028,45420
2015-8,39073010,丙二酚型環氧樹脂,紐西蘭,出口總值(含復出口),14.47949,7040
2015-8,39073010,丙二酚型環氧樹脂,馬來西亞,出口總值(含復出口),2173.123,1079440
2015-8,39073010,丙二酚型環氧樹脂,荷蘭,進口總值(含復進口),40.85173,16800
2015-8,39073010,丙二酚型環氧樹脂,荷蘭,出口總值(含復出口),332.1136,154990
2015-8,39073010,丙二酚型環氧樹脂,菲律賓,出口總值(含復出口),211.1356,110170
2015-8,39073010,丙二酚型環氧樹脂,越南,出口總值(含復出口),533.1861,257900
2015-8,39073010,丙二酚型環氧樹脂,奧地利,出口總值(含復出口),41.07255,17500
2015-8,39073010,丙二酚型環氧樹脂,新加坡,出口總值(含復出口),838.0757,413925
2015-8,39073010,丙二酚型環氧樹脂,義大利,出口總值(含復出口),1027.287,486810
2015-8,39073010,丙二酚型環氧樹脂,葡萄牙,出口總值(含復出口),110.5994,53080
2015-8,39073010,丙二酚型環氧樹脂,德國,進口總值(含復進口),59.9369,19000
2015-8,39073010,丙二酚型環氧樹脂,德國,出口總值(含復出口),194.0694,96000
2015-8,39073010,丙二酚型環氧樹脂,墨西哥,出口總值(含復出口),363.4385,166330
2015-8,39073010,丙二酚型環氧樹脂,澳大利亞,出口總值(含復出口),434.8265,196400
2015-8,39073010,丙二酚型環氧樹脂,羅馬尼亞,出口總值(含復出口),40.97791,17600
2015-8,39074000,聚碳酸樹脂，初級狀態,中國大陸,進口總值(含復進口),6003.628,2169320
2015-8,39074000,聚碳酸樹脂，初級狀態,中國大陸,出口總值(含復出口),49204.38,21440987
2015-8,39074000,聚碳酸樹脂，初級狀態,巴西,出口總值(含復出口),243.9432,103000
2015-8,39074000,聚碳酸樹脂，初級狀態,巴基斯坦,出口總值(含復出口),192.1767,77000
2015-8,39074000,聚碳酸樹脂，初級狀態,日本,進口總值(含復進口),9171.987,1775418
2015-8,39074000,聚碳酸樹脂，初級狀態,日本,出口總值(含復出口),1928.612,802796
2015-8,39074000,聚碳酸樹脂，初級狀態,比利時,進口總值(含復進口),87.25552,51580
2015-8,39074000,聚碳酸樹脂，初級狀態,比利時,出口總值(含復出口),21.51419,2975
2015-8,39074000,聚碳酸樹脂，初級狀態,以色列,出口總值(含復出口),68.32807,28000
2015-8,39074000,聚碳酸樹脂，初級狀態,加拿大,進口總值(含復進口),18.80126,3975
2015-8,39074000,聚碳酸樹脂，初級狀態,伊朗,出口總值(含復出口),141.7035,68000
2015-8,39074000,聚碳酸樹脂，初級狀態,印尼,出口總值(含復出口),343.4385,139700
2015-8,39074000,聚碳酸樹脂，初級狀態,印度,出口總值(含復出口),21.89274,8000
2015-8,39074000,聚碳酸樹脂，初級狀態,西班牙,進口總值(含復進口),1636.088,681207
2015-8,39074000,聚碳酸樹脂，初級狀態,西班牙,出口總值(含復出口),23.24921,10000
2015-8,39074000,聚碳酸樹脂，初級狀態,希臘,出口總值(含復出口),44.16403,20000
2015-8,39074000,聚碳酸樹脂，初級狀態,沙烏地阿拉伯,進口總值(含復進口),5525.584,2565868
2015-8,39074000,聚碳酸樹脂，初級狀態,孟加拉,出口總值(含復出口),11.86119,5000
2015-8,39074000,聚碳酸樹脂，初級狀態,波蘭,出口總值(含復出口),6.71924,3000
2015-8,39074000,聚碳酸樹脂，初級狀態,法國,出口總值(含復出口),34.54258,15000
2015-8,39074000,聚碳酸樹脂，初級狀態,阿拉伯聯合大公國,出口總值(含復出口),17.16088,7125
2015-8,39074000,聚碳酸樹脂，初級狀態,阿根廷,出口總值(含復出口),181.041,75000
2015-8,39074000,聚碳酸樹脂，初級狀態,俄羅斯,出口總值(含復出口),105.9306,42050
2015-8,39074000,聚碳酸樹脂，初級狀態,南非,出口總值(含復出口),287.1609,121000
2015-8,39074000,聚碳酸樹脂，初級狀態,南韓,進口總值(含復進口),2478.454,1069750
2015-8,39074000,聚碳酸樹脂，初級狀態,南韓,出口總值(含復出口),1056.909,462800
2015-8,39074000,聚碳酸樹脂，初級狀態,突尼西亞,出口總值(含復出口),40.82018,18000
2015-8,39074000,聚碳酸樹脂，初級狀態,美國,進口總值(含復進口),1379.243,263103
2015-8,39074000,聚碳酸樹脂，初級狀態,美國,出口總值(含復出口),229.1798,94000
2015-8,39074000,聚碳酸樹脂，初級狀態,英國,出口總值(含復出口),46.59305,20500
2015-8,39074000,聚碳酸樹脂，初級狀態,香港,進口總值(含復進口),190.6625,102400
2015-8,39074000,聚碳酸樹脂，初級狀態,香港,出口總值(含復出口),7851.483,2619750
2015-8,39074000,聚碳酸樹脂，初級狀態,哥倫比亞,出口總值(含復出口),95.77287,41500
2015-8,39074000,聚碳酸樹脂，初級狀態,埃及,出口總值(含復出口),104.7319,43000
2015-8,39074000,聚碳酸樹脂，初級狀態,泰國,進口總值(含復進口),7368.738,3162750
2015-8,39074000,聚碳酸樹脂，初級狀態,泰國,出口總值(含復出口),201.5457,72950
2015-8,39074000,聚碳酸樹脂，初級狀態,烏克蘭,出口總值(含復出口),4.47949,2000
2015-8,39074000,聚碳酸樹脂，初級狀態,烏拉圭,出口總值(含復出口),128.265,54000
2015-8,39074000,聚碳酸樹脂，初級狀態,秘魯,出口總值(含復出口),22.23974,8000
2015-8,39074000,聚碳酸樹脂，初級狀態,馬來西亞,進口總值(含復進口),15.26813,652
2015-8,39074000,聚碳酸樹脂，初級狀態,馬來西亞,出口總值(含復出口),490.9148,191900
2015-8,39074000,聚碳酸樹脂，初級狀態,馬爾他,進口總值(含復進口),1.89274,180
2015-8,39074000,聚碳酸樹脂，初級狀態,荷蘭,進口總值(含復進口),23.56466,10933
2015-8,39074000,聚碳酸樹脂，初級狀態,荷蘭,出口總值(含復出口),503.7224,214000
2015-8,39074000,聚碳酸樹脂，初級狀態,斯里蘭卡,出口總值(含復出口),24.10094,10000
2015-8,39074000,聚碳酸樹脂，初級狀態,斯洛維尼亞,進口總值(含復進口),0.66246,250
2015-8,39074000,聚碳酸樹脂，初級狀態,斯洛維尼亞,出口總值(含復出口),134.2587,61400
2015-8,39074000,聚碳酸樹脂，初級狀態,智利,出口總值(含復出口),30.41009,12000
2015-8,39074000,聚碳酸樹脂，初級狀態,菲律賓,出口總值(含復出口),49.17981,21000
2015-8,39074000,聚碳酸樹脂，初級狀態,越南,出口總值(含復出口),611.388,229718
2015-8,39074000,聚碳酸樹脂，初級狀態,新加坡,進口總值(含復進口),2788.612,1003315
2015-8,39074000,聚碳酸樹脂，初級狀態,新加坡,出口總值(含復出口),56.87697,14800
2015-8,39074000,聚碳酸樹脂，初級狀態,瑞士,進口總值(含復進口),251.388,37000
2015-8,39074000,聚碳酸樹脂，初級狀態,義大利,進口總值(含復進口),131.1356,36720
2015-8,39074000,聚碳酸樹脂，初級狀態,義大利,出口總值(含復出口),91.48264,38000
2015-8,39074000,聚碳酸樹脂，初級狀態,德國,進口總值(含復進口),44.10094,7350
2015-8,39074000,聚碳酸樹脂，初級狀態,德國,出口總值(含復出口),268.9274,93000
2015-8,39074000,聚碳酸樹脂，初級狀態,墨西哥,出口總值(含復出口),60.03154,26000
2015-8,39074000,聚碳酸樹脂，初級狀態,澳大利亞,出口總值(含復出口),12.23974,5000
2015-8,39075000,醇酸樹脂，初級狀態,中國大陸,進口總值(含復進口),4.19558,2120
2015-8,39075000,醇酸樹脂，初級狀態,中國大陸,出口總值(含復出口),1124.795,587510
2015-8,39075000,醇酸樹脂，初級狀態,日本,進口總值(含復進口),19.05362,8140
2015-8,39075000,醇酸樹脂，初級狀態,日本,出口總值(含復出口),17.69716,10000
2015-8,39075000,醇酸樹脂，初級狀態,印尼,出口總值(含復出口),32.74447,20000
2015-8,39075000,醇酸樹脂，初級狀態,印度,出口總值(含復出口),48.76971,32000
2015-8,39075000,醇酸樹脂，初級狀態,多哥,出口總值(含復出口),20.53627,12000
2015-8,39075000,醇酸樹脂，初級狀態,沙烏地阿拉伯,出口總值(含復出口),27.7287,16000
2015-8,39075000,醇酸樹脂，初級狀態,阿拉伯聯合大公國,出口總值(含復出口),19.21135,10000
2015-8,39075000,醇酸樹脂，初級狀態,南非,出口總值(含復出口),10.59936,7200
2015-8,39075000,醇酸樹脂，初級狀態,南韓,出口總值(含復出口),33.28075,18200
2015-8,39075000,醇酸樹脂，初級狀態,柬埔寨,出口總值(含復出口),0.63091,300
2015-8,39075000,醇酸樹脂，初級狀態,香港,出口總值(含復出口),3.59621,1400
2015-8,39075000,醇酸樹脂，初級狀態,哥斯大黎加,出口總值(含復出口),16.11987,8360
2015-8,39075000,醇酸樹脂，初級狀態,泰國,出口總值(含復出口),32.49211,21000
2015-8,39075000,醇酸樹脂，初級狀態,馬來西亞,出口總值(含復出口),240.9779,119700
2015-8,39075000,醇酸樹脂，初級狀態,斯里蘭卡,出口總值(含復出口),91.70347,52850
2015-8,39075000,醇酸樹脂，初級狀態,菲律賓,出口總值(含復出口),12.11356,5920
2015-8,39075000,醇酸樹脂，初級狀態,越南,出口總值(含復出口),2668.517,1743960
2015-8,39075000,醇酸樹脂，初級狀態,新加坡,出口總值(含復出口),300.3785,138900
2015-8,39075000,醇酸樹脂，初級狀態,德國,進口總值(含復進口),50.37854,16800
2015-8,39075000,醇酸樹脂，初級狀態,模里西斯,出口總值(含復出口),33.6593,23580
2015-8,39075000,醇酸樹脂，初級狀態,黎巴嫩,出口總值(含復出口),41.4511,28630
2015-8,39075000,醇酸樹脂，初級狀態,澳大利亞,出口總值(含復出口),194.8896,118950
2015-9,39073010,丙二酚型環氧樹脂,土耳其,出口總值(含復出口),390.2087,208060
2015-9,39073010,丙二酚型環氧樹脂,中國大陸,進口總值(含復進口),44.96623,18281
2015-9,39073010,丙二酚型環氧樹脂,中國大陸,出口總值(含復出口),2608.072,1004525
2015-9,39073010,丙二酚型環氧樹脂,巴西,出口總值(含復出口),359.3309,187070
2015-9,39073010,丙二酚型環氧樹脂,巴林,出口總值(含復出口),112.922,52800
2015-9,39073010,丙二酚型環氧樹脂,巴基斯坦,出口總值(含復出口),34.53038,17500
2015-9,39073010,丙二酚型環氧樹脂,日本,進口總值(含復進口),82.65807,5472
2015-9,39073010,丙二酚型環氧樹脂,日本,出口總值(含復出口),2241.651,1075565
2015-9,39073010,丙二酚型環氧樹脂,比利時,出口總值(含復出口),962.1547,384270
2015-9,39073010,丙二酚型環氧樹脂,加拿大,出口總值(含復出口),37.50767,17600
2015-9,39073010,丙二酚型環氧樹脂,伊朗,出口總值(含復出口),127.9312,67200
2015-9,39073010,丙二酚型環氧樹脂,印尼,出口總值(含復出口),186.4641,97260
2015-9,39073010,丙二酚型環氧樹脂,印度,出口總值(含復出口),763.9042,386840
2015-9,39073010,丙二酚型環氧樹脂,阿拉伯聯合大公國,出口總值(含復出口),363.1369,206530
2015-9,39073010,丙二酚型環氧樹脂,南韓,進口總值(含復進口),295.6415,64000
2015-9,39073010,丙二酚型環氧樹脂,南韓,出口總值(含復出口),292.9405,156000
2015-9,39073010,丙二酚型環氧樹脂,突尼西亞,出口總值(含復出口),3.8674,504
2015-9,39073010,丙二酚型環氧樹脂,美國,進口總值(含復進口),292.5414,103172
2015-9,39073010,丙二酚型環氧樹脂,美國,出口總值(含復出口),1109.699,554890
2015-9,39073010,丙二酚型環氧樹脂,英國,進口總值(含復進口),19.24493,513
2015-9,39073010,丙二酚型環氧樹脂,英國,出口總值(含復出口),72.98956,35000
2015-9,39073010,丙二酚型環氧樹脂,香港,出口總值(含復出口),162.1547,53680
2015-9,39073010,丙二酚型環氧樹脂,泰國,出口總值(含復出口),77.59361,35800
2015-9,39073010,丙二酚型環氧樹脂,馬來西亞,進口總值(含復進口),48.68017,12150
2015-9,39073010,丙二酚型環氧樹脂,馬來西亞,出口總值(含復出口),1665.715,904725
2015-9,39073010,丙二酚型環氧樹脂,荷蘭,進口總值(含復進口),83.4868,33600
2015-9,39073010,丙二酚型環氧樹脂,荷蘭,出口總值(含復出口),988.5206,444800
2015-9,39073010,丙二酚型環氧樹脂,菲律賓,出口總值(含復出口),252.2099,127020
2015-9,39073010,丙二酚型環氧樹脂,越南,出口總值(含復出口),442.3573,220980
2015-9,39073010,丙二酚型環氧樹脂,新加坡,出口總值(含復出口),610.0982,335405
2015-9,39073010,丙二酚型環氧樹脂,義大利,出口總值(含復出口),411.326,209850
2015-9,39073010,丙二酚型環氧樹脂,德國,出口總值(含復出口),364.9478,192000
2015-9,39073010,丙二酚型環氧樹脂,墨西哥,出口總值(含復出口),199.0792,95210
2015-9,39073010,丙二酚型環氧樹脂,澳大利亞,出口總值(含復出口),294.1989,138050
2015-9,39074000,聚碳酸樹脂，初級狀態,中國大陸,進口總值(含復進口),5570.196,2021624
2015-9,39074000,聚碳酸樹脂，初級狀態,中國大陸,出口總值(含復出口),43405.25,19712859
2015-9,39074000,聚碳酸樹脂，初級狀態,巴基斯坦,出口總值(含復出口),106.1387,47000
2015-9,39074000,聚碳酸樹脂，初級狀態,日本,進口總值(含復進口),5503.008,1579705
2015-9,39074000,聚碳酸樹脂，初級狀態,日本,出口總值(含復出口),2137.201,953000
2015-9,39074000,聚碳酸樹脂，初級狀態,比利時,進口總值(含復進口),170.1964,86400
2015-9,39074000,聚碳酸樹脂，初級狀態,比利時,出口總值(含復出口),5.49416,2000
2015-9,39074000,聚碳酸樹脂，初級狀態,以色列,出口總值(含復出口),75.38367,35000
2015-9,39074000,聚碳酸樹脂，初級狀態,加拿大,進口總值(含復進口),14.73296,1500
2015-9,39074000,聚碳酸樹脂，初級狀態,加拿大,出口總值(含復出口),89.19582,38000
2015-9,39074000,聚碳酸樹脂，初級狀態,瓜地馬拉,出口總值(含復出口),44.41375,20000
2015-9,39074000,聚碳酸樹脂，初級狀態,匈牙利,進口總值(含復進口),1.74953,460
2015-9,39074000,聚碳酸樹脂，初級狀態,匈牙利,出口總值(含復出口),10.25168,3000
2015-9,39074000,聚碳酸樹脂，初級狀態,印尼,出口總值(含復出口),97.82074,47500
2015-9,39074000,聚碳酸樹脂，初級狀態,印度,出口總值(含復出口),81.79864,51500
2015-9,39074000,聚碳酸樹脂，初級狀態,西班牙,進口總值(含復進口),751.4119,280412
2015-9,39074000,聚碳酸樹脂，初級狀態,西班牙,出口總值(含復出口),15.59238,6000
2015-9,39074000,聚碳酸樹脂，初級狀態,沙烏地阿拉伯,進口總值(含復進口),3340.331,1606000
2015-9,39074000,聚碳酸樹脂，初級狀態,孟加拉,出口總值(含復出口),78.48373,35000
2015-9,39074000,聚碳酸樹脂，初級狀態,波蘭,出口總值(含復出口),66.9429,30000
2015-9,39074000,聚碳酸樹脂，初級狀態,法國,出口總值(含復出口),54.8189,13000
2015-9,39074000,聚碳酸樹脂，初級狀態,阿根廷,出口總值(含復出口),328.5758,144000
2015-9,39074000,聚碳酸樹脂，初級狀態,俄羅斯,出口總值(含復出口),46.53161,20350
2015-9,39074000,聚碳酸樹脂，初級狀態,南非,出口總值(含復出口),178.5451,75000
2015-9,39074000,聚碳酸樹脂，初級狀態,南韓,進口總值(含復進口),2095.089,914375
2015-9,39074000,聚碳酸樹脂，初級狀態,南韓,出口總值(含復出口),963.9656,442000
2015-9,39074000,聚碳酸樹脂，初級狀態,柬埔寨,進口總值(含復進口),1.50399,182
2015-9,39074000,聚碳酸樹脂，初級狀態,突尼西亞,出口總值(含復出口),56.96746,25000
2015-9,39074000,聚碳酸樹脂，初級狀態,美國,進口總值(含復進口),1675.599,364065
2015-9,39074000,聚碳酸樹脂，初級狀態,美國,出口總值(含復出口),308.8705,134040
2015-9,39074000,聚碳酸樹脂，初級狀態,英國,出口總值(含復出口),188.9196,82815
2015-9,39074000,聚碳酸樹脂，初級狀態,香港,進口總值(含復進口),95.02762,51200
2015-9,39074000,聚碳酸樹脂，初級狀態,香港,出口總值(含復出口),6162.37,2024645
2015-9,39074000,聚碳酸樹脂，初級狀態,哥倫比亞,出口總值(含復出口),102.6397,46000
2015-9,39074000,聚碳酸樹脂，初級狀態,埃及,出口總值(含復出口),148.5881,67000
2015-9,39074000,聚碳酸樹脂，初級狀態,泰國,進口總值(含復進口),3919.982,1678780
2015-9,39074000,聚碳酸樹脂，初級狀態,泰國,出口總值(含復出口),192.9404,69150
2015-9,39074000,聚碳酸樹脂，初級狀態,秘魯,出口總值(含復出口),21.66973,8000
2015-9,39074000,聚碳酸樹脂，初級狀態,馬來西亞,進口總值(含復進口),10.68139,359
2015-9,39074000,聚碳酸樹脂，初級狀態,馬來西亞,出口總值(含復出口),480.4174,189125
2015-9,39074000,聚碳酸樹脂，初級狀態,荷蘭,進口總值(含復進口),155.2486,77175
2015-9,39074000,聚碳酸樹脂，初級狀態,荷蘭,出口總值(含復出口),588.4899,260725
2015-9,39074000,聚碳酸樹脂，初級狀態,斯洛維尼亞,出口總值(含復出口),76.27378,34000
2015-9,39074000,聚碳酸樹脂，初級狀態,智利,出口總值(含復出口),20.50337,7000
2015-9,39074000,聚碳酸樹脂，初級狀態,菲律賓,出口總值(含復出口),74.7391,32025
2015-9,39074000,聚碳酸樹脂，初級狀態,越南,出口總值(含復出口),308.3794,129250
2015-9,39074000,聚碳酸樹脂，初級狀態,奧地利,進口總值(含復進口),4.38919,26
2015-9,39074000,聚碳酸樹脂，初級狀態,新加坡,進口總值(含復進口),2057.121,786901
2015-9,39074000,聚碳酸樹脂，初級狀態,新加坡,出口總值(含復出口),202.302,69076
2015-9,39074000,聚碳酸樹脂，初級狀態,瑞士,進口總值(含復進口),145.9791,22125
2015-9,39074000,聚碳酸樹脂，初級狀態,瑞典,出口總值(含復出口),78.66789,36000
2015-9,39074000,聚碳酸樹脂，初級狀態,義大利,進口總值(含復進口),12.46163,14007
2015-9,39074000,聚碳酸樹脂，初級狀態,義大利,出口總值(含復出口),41.52854,16000
2015-9,39074000,聚碳酸樹脂，初級狀態,德國,進口總值(含復進口),779.0362,400300
2015-9,39074000,聚碳酸樹脂，初級狀態,德國,出口總值(含復出口),209.6071,96000
2015-9,39074000,聚碳酸樹脂，初級狀態,墨西哥,進口總值(含復進口),34.99079,24000
2015-9,39074000,聚碳酸樹脂，初級狀態,墨西哥,出口總值(含復出口),173.3272,72000
2015-9,39074000,聚碳酸樹脂，初級狀態,澳大利亞,出口總值(含復出口),19.21424,8000
2015-9,39075000,醇酸樹脂，初級狀態,中國大陸,出口總值(含復出口),528.6065,263892
2015-9,39075000,醇酸樹脂，初級狀態,中華民國,進口總值(含復進口),8.19521,4750
2015-9,39075000,醇酸樹脂，初級狀態,巴基斯坦,出口總值(含復出口),4.75751,3000
2015-9,39075000,醇酸樹脂，初級狀態,日本,進口總值(含復進口),30.60159,9000
2015-9,39075000,醇酸樹脂，初級狀態,日本,出口總值(含復出口),35.60466,18000
2015-9,39075000,醇酸樹脂，初級狀態,以色列,出口總值(含復出口),38.91958,29580
2015-9,39075000,醇酸樹脂，初級狀態,印尼,出口總值(含復出口),21.70042,9707
2015-9,39075000,醇酸樹脂，初級狀態,南韓,出口總值(含復出口),74.80049,38400
2015-9,39075000,醇酸樹脂，初級狀態,柬埔寨,出口總值(含復出口),0.21485,100
2015-9,39075000,醇酸樹脂，初級狀態,美國,進口總值(含復進口),116.2063,13566
2015-9,39075000,醇酸樹脂，初級狀態,香港,出口總值(含復出口),3.59116,1400
2015-9,39075000,醇酸樹脂，初級狀態,哥斯大黎加,出口總值(含復出口),0.85942,400
2015-9,39075000,醇酸樹脂，初級狀態,埃及,出口總值(含復出口),4.48127,3360
2015-9,39075000,醇酸樹脂，初級狀態,泰國,出口總值(含復出口),12.86065,6000
2015-9,39075000,醇酸樹脂，初級狀態,紐西蘭,出口總值(含復出口),10.49723,5000
2015-9,39075000,醇酸樹脂，初級狀態,馬來西亞,出口總值(含復出口),299.4168,126567
2015-9,39075000,醇酸樹脂，初級狀態,斯里蘭卡,出口總值(含復出口),22.19152,12050
2015-9,39075000,醇酸樹脂，初級狀態,菲律賓,出口總值(含復出口),4.11295,1990
2015-9,39075000,醇酸樹脂，初級狀態,越南,出口總值(含復出口),2429.957,1631158
2015-9,39075000,醇酸樹脂，初級狀態,新加坡,出口總值(含復出口),246.3168,115486
2015-9,39075000,醇酸樹脂，初級狀態,模里西斯,出口總值(含復出口),19.12216,15600
2015-9,39075000,醇酸樹脂，初級狀態,緬甸,出口總值(含復出口),22.3143,16000
2015-9,39075000,醇酸樹脂，初級狀態,澳大利亞,出口總值(含復出口),130.6937,84880
2015-10,39073010,丙二酚型環氧樹脂,土耳其,出口總值(含復出口),287.6301,163980
2015-10,39073010,丙二酚型環氧樹脂,中國大陸,進口總值(含復進口),93.69259,36625
2015-10,39073010,丙二酚型環氧樹脂,中國大陸,出口總值(含復出口),3551.99,1419029
2015-10,39073010,丙二酚型環氧樹脂,巴西,出口總值(含復出口),248.6834,142550
2015-10,39073010,丙二酚型環氧樹脂,巴基斯坦,出口總值(含復出口),136.4666,72800
2015-10,39073010,丙二酚型環氧樹脂,日本,進口總值(含復進口),104.1641,4680
2015-10,39073010,丙二酚型環氧樹脂,日本,出口總值(含復出口),2111.206,1017745
2015-10,39073010,丙二酚型環氧樹脂,比利時,進口總值(含復進口),1.86772,72
2015-10,39073010,丙二酚型環氧樹脂,卡達,出口總值(含復出口),31.26148,17600
2015-10,39073010,丙二酚型環氧樹脂,伊朗,出口總值(含復出口),154.5315,84800
2015-10,39073010,丙二酚型環氧樹脂,印尼,出口總值(含復出口),191.2431,107100
2015-10,39073010,丙二酚型環氧樹脂,印度,出口總值(含復出口),1045.775,575900
2015-10,39073010,丙二酚型環氧樹脂,西班牙,出口總值(含復出口),97.76484,52800
2015-10,39073010,丙二酚型環氧樹脂,希臘,出口總值(含復出口),31.01653,17600
2015-10,39073010,丙二酚型環氧樹脂,阿拉伯聯合大公國,出口總值(含復出口),619.504,354990
2015-10,39073010,丙二酚型環氧樹脂,阿曼,出口總值(含復出口),194.0294,105600
2015-10,39073010,丙二酚型環氧樹脂,俄羅斯,出口總值(含復出口),31.78199,18000
2015-10,39073010,丙二酚型環氧樹脂,南韓,進口總值(含復進口),180.9859,44880
2015-10,39073010,丙二酚型環氧樹脂,南韓,出口總值(含復出口),168.4323,76480
2015-10,39073010,丙二酚型環氧樹脂,約旦,出口總值(含復出口),31.93508,17600
2015-10,39073010,丙二酚型環氧樹脂,美國,進口總值(含復進口),260.4715,91800
2015-10,39073010,丙二酚型環氧樹脂,美國,出口總值(含復出口),1259.584,648670
2015-10,39073010,丙二酚型環氧樹脂,英國,出口總值(含復出口),172.1678,92210
2015-10,39073010,丙二酚型環氧樹脂,香港,出口總值(含復出口),104.7152,56160
2015-10,39073010,丙二酚型環氧樹脂,埃及,出口總值(含復出口),37.35456,17600
2015-10,39073010,丙二酚型環氧樹脂,泰國,出口總值(含復出口),142.774,61140
2015-10,39073010,丙二酚型環氧樹脂,馬來西亞,出口總值(含復出口),1843.386,1018757
2015-10,39073010,丙二酚型環氧樹脂,荷蘭,出口總值(含復出口),548.5915,295235
2015-10,39073010,丙二酚型環氧樹脂,菲律賓,出口總值(含復出口),289.1611,165200
2015-10,39073010,丙二酚型環氧樹脂,越南,出口總值(含復出口),516.3197,257414
2015-10,39073010,丙二酚型環氧樹脂,新加坡,出口總值(含復出口),580.1286,322100
2015-10,39073010,丙二酚型環氧樹脂,義大利,進口總值(含復進口),7.37905,1075
2015-10,39073010,丙二酚型環氧樹脂,義大利,出口總值(含復出口),488.1813,242055
2015-10,39073010,丙二酚型環氧樹脂,葡萄牙,出口總值(含復出口),45.34598,24000
2015-10,39073010,丙二酚型環氧樹脂,德國,進口總值(含復進口),126.8218,57675
2015-10,39073010,丙二酚型環氧樹脂,德國,出口總值(含復出口),44.24372,24000
2015-10,39073010,丙二酚型環氧樹脂,墨西哥,出口總值(含復出口),203.2149,108800
2015-10,39073010,丙二酚型環氧樹脂,澳大利亞,出口總值(含復出口),398.714,205100
2015-10,39073010,丙二酚型環氧樹脂,澳門,出口總值(含復出口),44.67238,19820
2015-10,39074000,聚碳酸樹脂，初級狀態,土耳其,出口總值(含復出口),66.28903,32000
2015-10,39074000,聚碳酸樹脂，初級狀態,中國大陸,進口總值(含復進口),4586.589,1604738
2015-10,39074000,聚碳酸樹脂，初級狀態,中國大陸,出口總值(含復出口),51179.09,23106497
2015-10,39074000,聚碳酸樹脂，初級狀態,中華民國,進口總值(含復進口),130.0674,51954
2015-10,39074000,聚碳酸樹脂，初級狀態,厄瓜多,出口總值(含復出口),6.70545,3000
2015-10,39074000,聚碳酸樹脂，初級狀態,巴西,出口總值(含復出口),104.7152,46000
2015-10,39074000,聚碳酸樹脂，初級狀態,巴基斯坦,出口總值(含復出口),45.56031,16000
2015-10,39074000,聚碳酸樹脂，初級狀態,日本,進口總值(含復進口),3439.712,1092708
2015-10,39074000,聚碳酸樹脂，初級狀態,日本,出口總值(含復出口),1021.004,506200
2015-10,39074000,聚碳酸樹脂，初級狀態,比利時,進口總值(含復進口),130.9247,34455
2015-10,39074000,聚碳酸樹脂，初級狀態,比利時,出口總值(含復出口),20.91243,8000
2015-10,39074000,聚碳酸樹脂，初級狀態,以色列,出口總值(含復出口),89.71218,37000
2015-10,39074000,聚碳酸樹脂，初級狀態,印尼,出口總值(含復出口),322.6271,140500
2015-10,39074000,聚碳酸樹脂，初級狀態,印度,進口總值(含復進口),2.78628,300
2015-10,39074000,聚碳酸樹脂，初級狀態,西班牙,進口總值(含復進口),783.9253,424872
2015-10,39074000,聚碳酸樹脂，初級狀態,希臘,出口總值(含復出口),4.40906,2000
2015-10,39074000,聚碳酸樹脂，初級狀態,沙烏地阿拉伯,進口總值(含復進口),4628.138,2471250
2015-10,39074000,聚碳酸樹脂，初級狀態,孟加拉,出口總值(含復出口),76.63808,35250
2015-10,39074000,聚碳酸樹脂，初級狀態,波蘭,出口總值(含復出口),86.34415,40000
2015-10,39074000,聚碳酸樹脂，初級狀態,法國,出口總值(含復出口),12.82914,6000
2015-10,39074000,聚碳酸樹脂，初級狀態,阿根廷,出口總值(含復出口),291.8249,130000
2015-10,39074000,聚碳酸樹脂，初級狀態,俄羅斯,出口總值(含復出口),82.21065,36475
2015-10,39074000,聚碳酸樹脂，初級狀態,南非,出口總值(含復出口),133.7416,59000
2015-10,39074000,聚碳酸樹脂，初級狀態,南韓,進口總值(含復進口),2339.039,1111500
2015-10,39074000,聚碳酸樹脂，初級狀態,南韓,出口總值(含復出口),1478.291,736000
2015-10,39074000,聚碳酸樹脂，初級狀態,柬埔寨,出口總值(含復出口),1.46968,500
2015-10,39074000,聚碳酸樹脂，初級狀態,突尼西亞,出口總值(含復出口),13.22718,6025
2015-10,39074000,聚碳酸樹脂，初級狀態,美國,進口總值(含復進口),822.6271,228955
2015-10,39074000,聚碳酸樹脂，初級狀態,美國,出口總值(含復出口),371.7391,159100
2015-10,39074000,聚碳酸樹脂，初級狀態,英國,進口總值(含復進口),5.75627,2075
2015-10,39074000,聚碳酸樹脂，初級狀態,英國,出口總值(含復出口),46.63196,21500
2015-10,39074000,聚碳酸樹脂，初級狀態,香港,進口總值(含復進口),122.7495,76800
2015-10,39074000,聚碳酸樹脂，初級狀態,香港,出口總值(含復出口),7424.25,2567705
2015-10,39074000,聚碳酸樹脂，初級狀態,哥倫比亞,出口總值(含復出口),294.6111,131700
2015-10,39074000,聚碳酸樹脂，初級狀態,埃及,出口總值(含復出口),88.24249,40000
2015-10,39074000,聚碳酸樹脂，初級狀態,挪威,出口總值(含復出口),34.75199,16000
2015-10,39074000,聚碳酸樹脂，初級狀態,泰國,進口總值(含復進口),2668.371,1207665
2015-10,39074000,聚碳酸樹脂，初級狀態,泰國,出口總值(含復出口),515.0643,169450
2015-10,39074000,聚碳酸樹脂，初級狀態,烏拉圭,出口總值(含復出口),40.9063,18000
2015-10,39074000,聚碳酸樹脂，初級狀態,秘魯,出口總值(含復出口),36.61971,14000
2015-10,39074000,聚碳酸樹脂，初級狀態,紐西蘭,出口總值(含復出口),33.55786,11500
2015-10,39074000,聚碳酸樹脂，初級狀態,馬來西亞,進口總值(含復進口),16.84017,1059
2015-10,39074000,聚碳酸樹脂，初級狀態,馬來西亞,出口總值(含復出口),249.6326,106500
2015-10,39074000,聚碳酸樹脂，初級狀態,荷蘭,進口總值(含復進口),98.62216,84914
2015-10,39074000,聚碳酸樹脂，初級狀態,荷蘭,出口總值(含復出口),924.0049,428350
2015-10,39074000,聚碳酸樹脂，初級狀態,斯里蘭卡,出口總值(含復出口),29.60808,12050
2015-10,39074000,聚碳酸樹脂，初級狀態,智利,出口總值(含復出口),57.83833,25000
2015-10,39074000,聚碳酸樹脂，初級狀態,菲律賓,出口總值(含復出口),135.9155,63000
2015-10,39074000,聚碳酸樹脂，初級狀態,越南,出口總值(含復出口),497.7955,220000
2015-10,39074000,聚碳酸樹脂，初級狀態,奧地利,進口總值(含復進口),5.20514,31
2015-10,39074000,聚碳酸樹脂，初級狀態,新加坡,進口總值(含復進口),1334.109,563675
2015-10,39074000,聚碳酸樹脂，初級狀態,新加坡,出口總值(含復出口),89.06919,41500
2015-10,39074000,聚碳酸樹脂，初級狀態,義大利,出口總值(含復出口),87.93631,40000
2015-10,39074000,聚碳酸樹脂，初級狀態,葡萄牙,出口總值(含復出口),12.98224,6000
2015-10,39074000,聚碳酸樹脂，初級狀態,德國,進口總值(含復進口),614.0539,297700
2015-10,39074000,聚碳酸樹脂，初級狀態,德國,出口總值(含復出口),24.70912,11000
2015-10,39074000,聚碳酸樹脂，初級狀態,墨西哥,進口總值(含復進口),0.21432,0
2015-10,39074000,聚碳酸樹脂，初級狀態,墨西哥,出口總值(含復出口),64.17636,24000
2015-10,39074000,聚碳酸樹脂，初級狀態,澳大利亞,進口總值(含復進口),3.39865,700
2015-10,39074000,聚碳酸樹脂，初級狀態,澳大利亞,出口總值(含復出口),11.2676,5000
2015-10,39075000,醇酸樹脂，初級狀態,中國大陸,進口總值(含復進口),1.5003,540
2015-10,39075000,醇酸樹脂，初級狀態,中國大陸,出口總值(含復出口),1171.372,597953
2015-10,39075000,醇酸樹脂，初級狀態,日本,進口總值(含復進口),24.00489,7120
2015-10,39075000,醇酸樹脂，初級狀態,日本,出口總值(含復出口),18.18738,10000
2015-10,39075000,醇酸樹脂，初級狀態,以色列,出口總值(含復出口),9.09369,7350
2015-10,39075000,醇酸樹脂，初級狀態,印尼,出口總值(含復出口),25.07654,13400
2015-10,39075000,醇酸樹脂，初級狀態,阿拉伯聯合大公國,出口總值(含復出口),45.07042,24000
2015-10,39075000,醇酸樹脂，初級狀態,南非,出口總值(含復出口),22.22902,16500
2015-10,39075000,醇酸樹脂，初級狀態,南韓,出口總值(含復出口),47.12186,23200
2015-10,39075000,醇酸樹脂，初級狀態,美國,進口總值(含復進口),1.07164,65
2015-10,39075000,醇酸樹脂，初級狀態,香港,出口總值(含復出口),14.72749,5000
2015-10,39075000,醇酸樹脂，初級狀態,泰國,出口總值(含復出口),11.35946,5400
2015-10,39075000,醇酸樹脂，初級狀態,紐西蘭,出口總值(含復出口),10.90018,5200
2015-10,39075000,醇酸樹脂，初級狀態,馬來西亞,出口總值(含復出口),154.256,93000
2015-10,39075000,醇酸樹脂，初級狀態,斯里蘭卡,出口總值(含復出口),96.81567,67600
2015-10,39075000,醇酸樹脂，初級狀態,越南,出口總值(含復出口),2836.558,1956393
2015-10,39075000,醇酸樹脂，初級狀態,新加坡,出口總值(含復出口),200.1531,118100
2015-10,39075000,醇酸樹脂，初級狀態,模里西斯,出口總值(含復出口),19.07532,15550
2015-10,39075000,醇酸樹脂，初級狀態,黎巴嫩,出口總值(含復出口),16.35027,13300
2015-10,39075000,醇酸樹脂，初級狀態,澳大利亞,出口總值(含復出口),252.725,156250
2015-11,39073010,丙二酚型環氧樹脂,土耳其,出口總值(含復出口),258.0665,142180
2015-11,39073010,丙二酚型環氧樹脂,中國大陸,進口總值(含復進口),281.6195,157000
2015-11,39073010,丙二酚型環氧樹脂,中國大陸,出口總值(含復出口),2739.224,1271540
2015-11,39073010,丙二酚型環氧樹脂,巴西,出口總值(含復出口),307.4507,185540
2015-11,39073010,丙二酚型環氧樹脂,巴基斯坦,出口總值(含復出口),93.90394,55640
2015-11,39073010,丙二酚型環氧樹脂,日本,進口總值(含復進口),75.98522,3276
2015-11,39073010,丙二酚型環氧樹脂,日本,出口總值(含復出口),2133.775,1087770
2015-11,39073010,丙二酚型環氧樹脂,加拿大,出口總值(含復出口),61.51477,35200
2015-11,39073010,丙二酚型環氧樹脂,印尼,出口總值(含復出口),401.9704,224900
2015-11,39073010,丙二酚型環氧樹脂,印度,出口總值(含復出口),973.1835,559200
2015-11,39073010,丙二酚型環氧樹脂,多明尼加,出口總值(含復出口),59.08251,35200
2015-11,39073010,丙二酚型環氧樹脂,西班牙,出口總值(含復出口),111.1145,57600
2015-11,39073010,丙二酚型環氧樹脂,沙烏地阿拉伯,出口總值(含復出口),31.09605,17600
2015-11,39073010,丙二酚型環氧樹脂,阿拉伯聯合大公國,出口總值(含復出口),331.8966,199960
2015-11,39073010,丙二酚型環氧樹脂,阿曼,出口總值(含復出口),129.2488,70400
2015-11,39073010,丙二酚型環氧樹脂,南非,出口總值(含復出口),29.46428,15280
2015-11,39073010,丙二酚型環氧樹脂,南韓,進口總值(含復進口),220.197,48000
2015-11,39073010,丙二酚型環氧樹脂,南韓,出口總值(含復出口),170.7204,78080
2015-11,39073010,丙二酚型環氧樹脂,美國,進口總值(含復進口),14.19334,887
2015-11,39073010,丙二酚型環氧樹脂,美國,出口總值(含復出口),852.9557,468080
2015-11,39073010,丙二酚型環氧樹脂,英國,出口總值(含復出口),387.5616,209140
2015-11,39073010,丙二酚型環氧樹脂,香港,出口總值(含復出口),10.49876,4040
2015-11,39073010,丙二酚型環氧樹脂,埃及,出口總值(含復出口),117.149,70400
2015-11,39073010,丙二酚型環氧樹脂,泰國,出口總值(含復出口),41.71798,19960
2015-11,39073010,丙二酚型環氧樹脂,紐西蘭,出口總值(含復出口),32.75862,17600
2015-11,39073010,丙二酚型環氧樹脂,馬來西亞,進口總值(含復進口),47.25985,12000
2015-11,39073010,丙二酚型環氧樹脂,馬來西亞,出口總值(含復出口),1428.941,823848
2015-11,39073010,丙二酚型環氧樹脂,荷蘭,進口總值(含復進口),89.19334,34800
2015-11,39073010,丙二酚型環氧樹脂,荷蘭,出口總值(含復出口),47.19827,24670
2015-11,39073010,丙二酚型環氧樹脂,菲律賓,出口總值(含復出口),64.8399,35820
2015-11,39073010,丙二酚型環氧樹脂,越南,出口總值(含復出口),302.0628,186260
2015-11,39073010,丙二酚型環氧樹脂,奧地利,出口總值(含復出口),106.25,52500
2015-11,39073010,丙二酚型環氧樹脂,新加坡,出口總值(含復出口),667.6724,396625
2015-11,39073010,丙二酚型環氧樹脂,義大利,出口總值(含復出口),405.6342,208885
2015-11,39073010,丙二酚型環氧樹脂,葡萄牙,出口總值(含復出口),33.43596,18200
2015-11,39073010,丙二酚型環氧樹脂,德國,進口總值(含復進口),459.6675,198400
2015-11,39073010,丙二酚型環氧樹脂,墨西哥,出口總值(含復出口),152.9557,75550
2015-11,39073010,丙二酚型環氧樹脂,澳大利亞,出口總值(含復出口),264.1626,138180
2015-11,39073010,丙二酚型環氧樹脂,澳門,出口總值(含復出口),406.5271,178120
2015-11,39073010,丙二酚型環氧樹脂,羅馬尼亞,出口總值(含復出口),34.26724,17600
2015-11,39074000,聚碳酸樹脂，初級狀態,土耳其,出口總值(含復出口),63.33128,32000
2015-11,39074000,聚碳酸樹脂，初級狀態,中國大陸,進口總值(含復進口),6226.139,2060114
2015-11,39074000,聚碳酸樹脂，初級狀態,中國大陸,出口總值(含復出口),50138.05,23555266
2015-11,39074000,聚碳酸樹脂，初級狀態,中華民國,進口總值(含復進口),402.0012,136200
2015-11,39074000,聚碳酸樹脂，初級狀態,巴西,出口總值(含復出口),77.12438,37000
2015-11,39074000,聚碳酸樹脂，初級狀態,巴基斯坦,出口總值(含復出口),147.383,67000
2015-11,39074000,聚碳酸樹脂，初級狀態,日本,進口總值(含復進口),7092.118,2305779
2015-11,39074000,聚碳酸樹脂，初級狀態,日本,出口總值(含復出口),2354.618,1248200
2015-11,39074000,聚碳酸樹脂，初級狀態,比利時,進口總值(含復進口),576.6933,284510
2015-11,39074000,聚碳酸樹脂，初級狀態,比利時,出口總值(含復出口),16.25615,7000
2015-11,39074000,聚碳酸樹脂，初級狀態,以色列,出口總值(含復出口),104.803,51400
2015-11,39074000,聚碳酸樹脂，初級狀態,加拿大,進口總值(含復進口),23.39901,2000
2015-11,39074000,聚碳酸樹脂，初級狀態,加拿大,出口總值(含復出口),6.43472,3000
2015-11,39074000,聚碳酸樹脂，初級狀態,立陶宛,出口總值(含復出口),4.37192,2000
2015-11,39074000,聚碳酸樹脂，初級狀態,伊朗,出口總值(含復出口),98.30665,36000
2015-11,39074000,聚碳酸樹脂，初級狀態,印尼,出口總值(含復出口),328.3251,162000
2015-11,39074000,聚碳酸樹脂，初級狀態,印度,進口總值(含復進口),1.5394,600
2015-11,39074000,聚碳酸樹脂，初級狀態,西班牙,進口總值(含復進口),502.4631,191212
2015-11,39074000,聚碳酸樹脂，初級狀態,希臘,出口總值(含復出口),10.37561,5000
2015-11,39074000,聚碳酸樹脂，初級狀態,沙烏地阿拉伯,進口總值(含復進口),6126.632,3359000
2015-11,39074000,聚碳酸樹脂，初級狀態,孟加拉,出口總值(含復出口),105.9113,48000
2015-11,39074000,聚碳酸樹脂，初級狀態,波蘭,出口總值(含復出口),21.73645,10000
2015-11,39074000,聚碳酸樹脂，初級狀態,法國,進口總值(含復進口),1.5394,225
2015-11,39074000,聚碳酸樹脂，初級狀態,法國,出口總值(含復出口),131.5887,64000
2015-11,39074000,聚碳酸樹脂，初級狀態,阿拉伯聯合大公國,出口總值(含復出口),13.30049,6000
2015-11,39074000,聚碳酸樹脂，初級狀態,阿根廷,出口總值(含復出口),195.5357,87000
2015-11,39074000,聚碳酸樹脂，初級狀態,俄羅斯,出口總值(含復出口),5.26477,2000
2015-11,39074000,聚碳酸樹脂，初級狀態,南韓,進口總值(含復進口),936.3608,502775
2015-11,39074000,聚碳酸樹脂，初級狀態,南韓,出口總值(含復出口),941.6256,474000
2015-11,39074000,聚碳酸樹脂，初級狀態,突尼西亞,出口總值(含復出口),90.3633,31025
2015-11,39074000,聚碳酸樹脂，初級狀態,美國,進口總值(含復進口),1442.149,199681
2015-11,39074000,聚碳酸樹脂，初級狀態,美國,出口總值(含復出口),258.7746,114012
2015-11,39074000,聚碳酸樹脂，初級狀態,英國,進口總值(含復進口),3.26354,30
2015-11,39074000,聚碳酸樹脂，初級狀態,英國,出口總值(含復出口),68.10344,32000
2015-11,39074000,聚碳酸樹脂，初級狀態,香港,進口總值(含復進口),81.77339,51200
2015-11,39074000,聚碳酸樹脂，初級狀態,香港,出口總值(含復出口),5620.751,1813825
2015-11,39074000,聚碳酸樹脂，初級狀態,哥倫比亞,出口總值(含復出口),34.32881,16000
2015-11,39074000,聚碳酸樹脂，初級狀態,埃及,出口總值(含復出口),136.9766,54500
2015-11,39074000,聚碳酸樹脂，初級狀態,泰國,進口總值(含復進口),2997.321,1233825
2015-11,39074000,聚碳酸樹脂，初級狀態,泰國,出口總值(含復出口),291.8719,93775
2015-11,39074000,聚碳酸樹脂，初級狀態,秘魯,出口總值(含復出口),37.96182,16000
2015-11,39074000,聚碳酸樹脂，初級狀態,紐西蘭,出口總值(含復出口),8.12807,3000
2015-11,39074000,聚碳酸樹脂，初級狀態,馬來西亞,進口總值(含復進口),22.81403,722
2015-11,39074000,聚碳酸樹脂，初級狀態,馬來西亞,出口總值(含復出口),235.1293,88309
2015-11,39074000,聚碳酸樹脂，初級狀態,敘利亞,出口總值(含復出口),10.49876,4300
2015-11,39074000,聚碳酸樹脂，初級狀態,荷蘭,進口總值(含復進口),157.2968,15987
2015-11,39074000,聚碳酸樹脂，初級狀態,荷蘭,出口總值(含復出口),545.5665,252000
2015-11,39074000,聚碳酸樹脂，初級狀態,斯洛維尼亞,出口總值(含復出口),23.39901,10000
2015-11,39074000,聚碳酸樹脂，初級狀態,智利,出口總值(含復出口),57.60467,26000
2015-11,39074000,聚碳酸樹脂，初級狀態,菲律賓,出口總值(含復出口),85.74507,53000
2015-11,39074000,聚碳酸樹脂，初級狀態,越南,出口總值(含復出口),720.5049,358225
2015-11,39074000,聚碳酸樹脂，初級狀態,新加坡,進口總值(含復進口),1766.318,721879
2015-11,39074000,聚碳酸樹脂，初級狀態,新加坡,出口總值(含復出口),151.1392,47700
2015-11,39074000,聚碳酸樹脂，初級狀態,瑞士,進口總值(含復進口),345.8128,54925
2015-11,39074000,聚碳酸樹脂，初級狀態,瑞典,進口總值(含復進口),14.87068,650
2015-11,39074000,聚碳酸樹脂，初級狀態,瑞典,出口總值(含復出口),34.02093,16000
2015-11,39074000,聚碳酸樹脂，初級狀態,義大利,進口總值(含復進口),105.8498,30210
2015-11,39074000,聚碳酸樹脂，初級狀態,義大利,出口總值(含復出口),17.30295,8000
2015-11,39074000,聚碳酸樹脂，初級狀態,德國,進口總值(含復進口),100.7697,31060
2015-11,39074000,聚碳酸樹脂，初級狀態,德國,出口總值(含復出口),4.21798,2000
2015-11,39074000,聚碳酸樹脂，初級狀態,緬甸,出口總值(含復出口),12.68472,5000
2015-11,39074000,聚碳酸樹脂，初級狀態,黎巴嫩,出口總值(含復出口),2.27832,1000
2015-11,39074000,聚碳酸樹脂，初級狀態,墨西哥,進口總值(含復進口),64.25492,48001
2015-11,39074000,聚碳酸樹脂，初級狀態,墨西哥,出口總值(含復出口),146.4286,60000
2015-11,39074000,聚碳酸樹脂，初級狀態,澳大利亞,出口總值(含復出口),9.57512,4250
2015-11,39075000,醇酸樹脂，初級狀態,中國大陸,出口總值(含復出口),819.3966,448745
2015-11,39075000,醇酸樹脂，初級狀態,巴林,出口總值(含復出口),21.89039,17560
2015-11,39075000,醇酸樹脂，初級狀態,日本,進口總值(含復進口),27.74014,9980
2015-11,39075000,醇酸樹脂，初級狀態,日本,出口總值(含復出口),21.21305,9600
2015-11,39075000,醇酸樹脂，初級狀態,以色列,出口總值(含復出口),36.20689,29600
2015-11,39075000,醇酸樹脂，初級狀態,印尼,出口總值(含復出口),34.05172,14291
2015-11,39075000,醇酸樹脂，初級狀態,沙烏地阿拉伯,出口總值(含復出口),23.1527,16000
2015-11,39075000,醇酸樹脂，初級狀態,阿拉伯聯合大公國,出口總值(含復出口),10.31403,6400
2015-11,39075000,醇酸樹脂，初級狀態,南韓,出口總值(含復出口),108.6515,47200
2015-11,39075000,醇酸樹脂，初級狀態,柬埔寨,出口總值(含復出口),0.12315,50
2015-11,39075000,醇酸樹脂，初級狀態,美國,進口總值(含復進口),116.7796,13566
2015-11,39075000,醇酸樹脂，初級狀態,美國,出口總值(含復出口),0.06157,50
2015-11,39075000,醇酸樹脂，初級狀態,香港,出口總值(含復出口),3.57142,1400
2015-11,39075000,醇酸樹脂，初級狀態,埃及,出口總值(含復出口),37.93103,30240
2015-11,39075000,醇酸樹脂，初級狀態,泰國,出口總值(含復出口),25.58497,15000
2015-11,39075000,醇酸樹脂，初級狀態,馬來西亞,出口總值(含復出口),230.9113,124403
2015-11,39075000,醇酸樹脂，初級狀態,斯里蘭卡,出口總值(含復出口),86.36083,60250
2015-11,39075000,醇酸樹脂，初級狀態,菲律賓,出口總值(含復出口),5.88054,3180
2015-11,39075000,醇酸樹脂，初級狀態,越南,出口總值(含復出口),2837.223,1935155
2015-11,39075000,醇酸樹脂，初級狀態,奧地利,進口總值(含復進口),2.09359,1050
2015-11,39075000,醇酸樹脂，初級狀態,新加坡,出口總值(含復出口),228.9101,86141
2015-11,39075000,醇酸樹脂，初級狀態,瑞士,進口總值(含復進口),0.21551,0
2015-11,39075000,醇酸樹脂，初級狀態,德國,進口總值(含復進口),2.49384,100
2015-11,39075000,醇酸樹脂，初級狀態,模里西斯,出口總值(含復出口),24.23029,21300
2015-11,39075000,醇酸樹脂，初級狀態,緬甸,出口總值(含復出口),46.42857,34000
2015-11,39075000,醇酸樹脂，初級狀態,黎巴嫩,出口總值(含復出口),22.59852,16550
2015-11,39075000,醇酸樹脂，初級狀態,澳大利亞,出口總值(含復出口),245.782,155180
2015-12,39073010,丙二酚型環氧樹脂,土耳其,出口總值(含復出口),258.3155,158300
2015-12,39073010,丙二酚型環氧樹脂,中國大陸,進口總值(含復進口),57.1516,29283
2015-12,39073010,丙二酚型環氧樹脂,中國大陸,出口總值(含復出口),4549.096,2101135
2015-12,39073010,丙二酚型環氧樹脂,巴西,出口總值(含復出口),213.415,139120
2015-12,39073010,丙二酚型環氧樹脂,巴林,出口總值(含復出口),86.76875,52800
2015-12,39073010,丙二酚型環氧樹脂,日本,進口總值(含復進口),62.11332,5752
2015-12,39073010,丙二酚型環氧樹脂,日本,出口總值(含復出口),2094.946,1109755
2015-12,39073010,丙二酚型環氧樹脂,比利時,出口總值(含復出口),395.8346,192650
2015-12,39073010,丙二酚型環氧樹脂,加拿大,出口總值(含復出口),59.7856,35200
2015-12,39073010,丙二酚型環氧樹脂,伊朗,出口總值(含復出口),44.65543,28320
2015-12,39073010,丙二酚型環氧樹脂,印尼,出口總值(含復出口),116.9678,73160
2015-12,39073010,丙二酚型環氧樹脂,印度,出口總值(含復出口),691.4548,410560
2015-12,39073010,丙二酚型環氧樹脂,西班牙,出口總值(含復出口),174.2113,96800
2015-12,39073010,丙二酚型環氧樹脂,沙烏地阿拉伯,出口總值(含復出口),84.04287,52800
2015-12,39073010,丙二酚型環氧樹脂,其他國家,出口總值(含復出口),0.12251,2
2015-12,39073010,丙二酚型環氧樹脂,法國,出口總值(含復出口),2.48085,1000
2015-12,39073010,丙二酚型環氧樹脂,阿拉伯聯合大公國,出口總值(含復出口),161.6845,105600
2015-12,39073010,丙二酚型環氧樹脂,阿曼,出口總值(含復出口),96.69218,52800
2015-12,39073010,丙二酚型環氧樹脂,南非,出口總值(含復出口),27.32006,15280
2015-12,39073010,丙二酚型環氧樹脂,南韓,進口總值(含復進口),214.6708,48000
2015-12,39073010,丙二酚型環氧樹脂,南韓,出口總值(含復出口),326.7075,174880
2015-12,39073010,丙二酚型環氧樹脂,美國,進口總值(含復進口),193.7213,31147
2015-12,39073010,丙二酚型環氧樹脂,美國,出口總值(含復出口),1090.322,614340
2015-12,39073010,丙二酚型環氧樹脂,英國,進口總值(含復進口),19.60183,581
2015-12,39073010,丙二酚型環氧樹脂,英國,出口總值(含復出口),343.1853,199070
2015-12,39073010,丙二酚型環氧樹脂,香港,出口總值(含復出口),34.05819,18640
2015-12,39073010,丙二酚型環氧樹脂,泰國,出口總值(含復出口),99.66309,54100
2015-12,39073010,丙二酚型環氧樹脂,馬來西亞,進口總值(含復進口),47.32006,12000
2015-12,39073010,丙二酚型環氧樹脂,馬來西亞,出口總值(含復出口),1215.161,742073
2015-12,39073010,丙二酚型環氧樹脂,荷蘭,進口總值(含復進口),74.88514,34020
2015-12,39073010,丙二酚型環氧樹脂,荷蘭,出口總值(含復出口),40.42879,24700
2015-12,39073010,丙二酚型環氧樹脂,菲律賓,出口總值(含復出口),549.0658,367700
2015-12,39073010,丙二酚型環氧樹脂,越南,出口總值(含復出口),442.2971,239916
2015-12,39073010,丙二酚型環氧樹脂,奧地利,出口總值(含復出口),31.24042,17500
2015-12,39073010,丙二酚型環氧樹脂,新加坡,出口總值(含復出口),396.6616,240105
2015-12,39073010,丙二酚型環氧樹脂,瑞士,進口總值(含復進口),2.38897,210
2015-12,39073010,丙二酚型環氧樹脂,義大利,進口總值(含復進口),3.24655,505
2015-12,39073010,丙二酚型環氧樹脂,義大利,出口總值(含復出口),759.1424,429670
2015-12,39073010,丙二酚型環氧樹脂,葡萄牙,出口總值(含復出口),28.75957,17525
2015-12,39073010,丙二酚型環氧樹脂,德國,進口總值(含復進口),53.53751,18000
2015-12,39073010,丙二酚型環氧樹脂,德國,出口總值(含復出口),113.8438,72000
2015-12,39073010,丙二酚型環氧樹脂,墨西哥,出口總值(含復出口),258.2236,145670
2015-12,39073010,丙二酚型環氧樹脂,澳大利亞,出口總值(含復出口),272.4655,142150
2015-12,39073010,丙二酚型環氧樹脂,澳門,出口總值(含復出口),209.4334,98860
2015-12,39074000,聚碳酸樹脂，初級狀態,土耳其,出口總值(含復出口),62.2052,32000
2015-12,39074000,聚碳酸樹脂，初級狀態,中國大陸,進口總值(含復進口),6467.473,2541757
2015-12,39074000,聚碳酸樹脂，初級狀態,中國大陸,出口總值(含復出口),43480.98,20166842
2015-12,39074000,聚碳酸樹脂，初級狀態,中華民國,進口總值(含復進口),146.5544,37236
2015-12,39074000,聚碳酸樹脂，初級狀態,厄瓜多,出口總值(含復出口),7.65696,3800
2015-12,39074000,聚碳酸樹脂，初級狀態,巴西,出口總值(含復出口),52.55742,22000
2015-12,39074000,聚碳酸樹脂，初級狀態,巴基斯坦,出口總值(含復出口),53.20061,20000
2015-12,39074000,聚碳酸樹脂，初級狀態,日本,進口總值(含復進口),6492.037,1925319
2015-12,39074000,聚碳酸樹脂，初級狀態,日本,出口總值(含復出口),1077.642,544250
2015-12,39074000,聚碳酸樹脂，初級狀態,比利時,進口總值(含復進口),117.1822,52861
2015-12,39074000,聚碳酸樹脂，初級狀態,比利時,出口總值(含復出口),7.8101,3000
2015-12,39074000,聚碳酸樹脂，初級狀態,以色列,出口總值(含復出口),122.8178,59000
2015-12,39074000,聚碳酸樹脂，初級狀態,加拿大,進口總值(含復進口),7.59571,1000
2015-12,39074000,聚碳酸樹脂，初級狀態,加拿大,出口總值(含復出口),35.40581,16363
2015-12,39074000,聚碳酸樹脂，初級狀態,立陶宛,出口總值(含復出口),14.70137,6750
2015-12,39074000,聚碳酸樹脂，初級狀態,伊朗,出口總值(含復出口),324.0123,144000
2015-12,39074000,聚碳酸樹脂，初級狀態,印尼,出口總值(含復出口),191.7305,87600
2015-12,39074000,聚碳酸樹脂，初級狀態,印度,進口總值(含復進口),9.43338,5000
2015-12,39074000,聚碳酸樹脂，初級狀態,印度,出口總值(含復出口),7.74885,3000
2015-12,39074000,聚碳酸樹脂，初級狀態,西班牙,進口總值(含復進口),249.1271,129521
2015-12,39074000,聚碳酸樹脂，初級狀態,西班牙,出口總值(含復出口),32.46554,16000
2015-12,39074000,聚碳酸樹脂，初級狀態,沙烏地阿拉伯,進口總值(含復進口),3787.779,2083000
2015-12,39074000,聚碳酸樹脂，初級狀態,孟加拉,出口總值(含復出口),19.96937,6750
2015-12,39074000,聚碳酸樹脂，初級狀態,法國,出口總值(含復出口),8.05513,3000
2015-12,39074000,聚碳酸樹脂，初級狀態,阿拉伯聯合大公國,出口總值(含復出口),64.10413,20000
2015-12,39074000,聚碳酸樹脂，初級狀態,阿根廷,出口總值(含復出口),313.8744,139000
2015-12,39074000,聚碳酸樹脂，初級狀態,俄羅斯,出口總值(含復出口),42.94027,17700
2015-12,39074000,聚碳酸樹脂，初級狀態,南非,出口總值(含復出口),240.3675,106000
2015-12,39074000,聚碳酸樹脂，初級狀態,南韓,進口總值(含復進口),2485.268,1366060
2015-12,39074000,聚碳酸樹脂，初級狀態,南韓,出口總值(含復出口),121.7152,52500
2015-12,39074000,聚碳酸樹脂，初級狀態,突尼西亞,出口總值(含復出口),2.11332,1000
2015-12,39074000,聚碳酸樹脂，初級狀態,美國,進口總值(含復進口),1045.942,208795
2015-12,39074000,聚碳酸樹脂，初級狀態,美國,出口總值(含復出口),417.1822,180280
2015-12,39074000,聚碳酸樹脂，初級狀態,英國,出口總值(含復出口),223.2159,100875
2015-12,39074000,聚碳酸樹脂，初級狀態,香港,進口總值(含復進口),79.11179,51200
2015-12,39074000,聚碳酸樹脂，初級狀態,香港,出口總值(含復出口),5252.496,1801633
2015-12,39074000,聚碳酸樹脂，初級狀態,哥倫比亞,出口總值(含復出口),43.98162,20000
2015-12,39074000,聚碳酸樹脂，初級狀態,泰國,進口總值(含復進口),3163.308,1521011
2015-12,39074000,聚碳酸樹脂，初級狀態,泰國,出口總值(含復出口),422.0521,162050
2015-12,39074000,聚碳酸樹脂，初級狀態,紐西蘭,出口總值(含復出口),2.23583,1000
2015-12,39074000,聚碳酸樹脂，初級狀態,馬來西亞,進口總值(含復進口),3.92036,750
2015-12,39074000,聚碳酸樹脂，初級狀態,馬來西亞,出口總值(含復出口),288.5758,140600
2015-12,39074000,聚碳酸樹脂，初級狀態,敘利亞,出口總值(含復出口),59.14241,25000
2015-12,39074000,聚碳酸樹脂，初級狀態,荷蘭,進口總值(含復進口),73.415,11500
2015-12,39074000,聚碳酸樹脂，初級狀態,荷蘭,出口總值(含復出口),891.2711,430800
2015-12,39074000,聚碳酸樹脂，初級狀態,斯里蘭卡,出口總值(含復出口),8.75957,4000
2015-12,39074000,聚碳酸樹脂，初級狀態,斯洛維尼亞,出口總值(含復出口),17.7029,8000
2015-12,39074000,聚碳酸樹脂，初級狀態,菲律賓,出口總值(含復出口),161.5926,106000
2015-12,39074000,聚碳酸樹脂，初級狀態,越南,出口總值(含復出口),311.1485,138600
2015-12,39074000,聚碳酸樹脂，初級狀態,奧地利,進口總值(含復進口),3.39969,20
2015-12,39074000,聚碳酸樹脂，初級狀態,新加坡,進口總值(含復進口),2207.412,969925
2015-12,39074000,聚碳酸樹脂，初級狀態,新加坡,出口總值(含復出口),79.60183,21950
2015-12,39074000,聚碳酸樹脂，初級狀態,瑞士,進口總值(含復進口),14.08882,2000
2015-12,39074000,聚碳酸樹脂，初級狀態,瑞典,進口總值(含復進口),2.02143,200
2015-12,39074000,聚碳酸樹脂，初級狀態,義大利,出口總值(含復出口),71.66921,32000
2015-12,39074000,聚碳酸樹脂，初級狀態,葡萄牙,出口總值(含復出口),13.81316,6000
2015-12,39074000,聚碳酸樹脂，初級狀態,德國,進口總值(含復進口),387.902,182000
2015-12,39074000,聚碳酸樹脂，初級狀態,德國,出口總值(含復出口),30.13782,14250
2015-12,39074000,聚碳酸樹脂，初級狀態,緬甸,出口總值(含復出口),72.74119,36025
2015-12,39074000,聚碳酸樹脂，初級狀態,墨西哥,出口總值(含復出口),211.8224,94000
2015-12,39074000,聚碳酸樹脂，初級狀態,澳大利亞,出口總值(含復出口),16.87595,4133
2015-12,39075000,醇酸樹脂，初級狀態,中國大陸,進口總值(含復進口),5.51301,4360
2015-12,39075000,醇酸樹脂，初級狀態,中國大陸,出口總值(含復出口),673.415,338146
2015-12,39075000,醇酸樹脂，初級狀態,日本,進口總值(含復進口),28.60643,12000
2015-12,39075000,醇酸樹脂，初級狀態,日本,出口總值(含復出口),35.13016,20000
2015-12,39075000,醇酸樹脂，初級狀態,以色列,出口總值(含復出口),63.09341,49350
2015-12,39075000,醇酸樹脂，初級狀態,印尼,出口總值(含復出口),14.85451,7208
2015-12,39075000,醇酸樹脂，初級狀態,印度,出口總值(含復出口),14.33384,5000
2015-12,39075000,醇酸樹脂，初級狀態,沙烏地阿拉伯,出口總值(含復出口),48.45329,32200
2015-12,39075000,醇酸樹脂，初級狀態,阿拉伯聯合大公國,出口總值(含復出口),38.89739,25250
2015-12,39075000,醇酸樹脂，初級狀態,南非,出口總值(含復出口),4.96171,3000
2015-12,39075000,醇酸樹脂，初級狀態,南韓,出口總值(含復出口),93.84379,46400
2015-12,39075000,醇酸樹脂，初級狀態,泰國,出口總值(含復出口),24.13476,12400
2015-12,39075000,醇酸樹脂，初級狀態,紐西蘭,出口總值(含復出口),2.14395,1520
2015-12,39075000,醇酸樹脂，初級狀態,馬來西亞,出口總值(含復出口),214.1807,124425
2015-12,39075000,醇酸樹脂，初級狀態,斯里蘭卡,出口總值(含復出口),226.4319,162200
2015-12,39075000,醇酸樹脂，初級狀態,越南,出口總值(含復出口),2886.738,1950587
2015-12,39075000,醇酸樹脂，初級狀態,奧地利,進口總值(含復進口),3.85911,2100
2015-12,39075000,醇酸樹脂，初級狀態,新加坡,出口總值(含復出口),240.827,110040
2015-12,39075000,醇酸樹脂，初級狀態,緬甸,出口總值(含復出口),45.75803,34000
2015-12,39075000,醇酸樹脂，初級狀態,黎巴嫩,出口總值(含復出口),20.12251,15100
2015-12,39075000,醇酸樹脂，初級狀態,澳大利亞,出口總值(含復出口),222.3277,139330
2015-1,39079100,其他聚酯，不飽和者，初級狀態,中國大陸,進口總值(含復進口),468.8581,258925
2015-1,39079100,其他聚酯，不飽和者，初級狀態,日本,進口總值(含復進口),111.6389,23795
2015-1,39079100,其他聚酯，不飽和者，初級狀態,南韓,進口總值(含復進口),91.12928,24000
2015-1,39079100,其他聚酯，不飽和者，初級狀態,美國,進口總值(含復進口),14.12393,2659
2015-1,39079100,其他聚酯，不飽和者，初級狀態,英國,進口總值(含復進口),2.98836,672
2015-1,39079100,其他聚酯，不飽和者，初級狀態,泰國,進口總值(含復進口),40.39005,9120
2015-1,39079100,其他聚酯，不飽和者，初級狀態,荷蘭,進口總值(含復進口),2.7367,250
2015-1,39079100,其他聚酯，不飽和者，初級狀態,新加坡,進口總值(含復進口),3.93205,1125
2015-1,39079100,其他聚酯，不飽和者，初級狀態,義大利,進口總值(含復進口),9.59421,1850
2015-1,39079100,其他聚酯，不飽和者，初級狀態,德國,進口總值(含復進口),6.16546,1600
2015-1,39079100,其他聚酯，不飽和者，初級狀態,中國大陸,出口總值(含復出口),2435.483,1067433
2015-1,39079100,其他聚酯，不飽和者，初級狀態,巴基斯坦,出口總值(含復出口),30.26108,17600
2015-1,39079100,其他聚酯，不飽和者，初級狀態,日本,出口總值(含復出口),3054.357,2052751
2015-1,39079100,其他聚酯，不飽和者，初級狀態,以色列,出口總值(含復出口),22.80591,13640
2015-1,39079100,其他聚酯，不飽和者，初級狀態,印尼,出口總值(含復出口),133.3438,74550
2015-1,39079100,其他聚酯，不飽和者，初級狀態,印度,出口總值(含復出口),109.2167,58860
2015-1,39079100,其他聚酯，不飽和者，初級狀態,多明尼加,出口總值(含復出口),560.6165,292400
2015-1,39079100,其他聚酯，不飽和者，初級狀態,西班牙,出口總值(含復出口),69.14123,35640
2015-1,39079100,其他聚酯，不飽和者，初級狀態,奈及利亞,出口總值(含復出口),157.5338,86880
2015-1,39079100,其他聚酯，不飽和者，初級狀態,孟加拉,出口總值(含復出口),834.4133,654106
2015-1,39079100,其他聚酯，不飽和者，初級狀態,阿拉伯聯合大公國,出口總值(含復出口),357.2193,230632
2015-1,39079100,其他聚酯，不飽和者，初級狀態,南非,出口總值(含復出口),265.3979,122480
2015-1,39079100,其他聚酯，不飽和者，初級狀態,南韓,出口總值(含復出口),100.1887,133000
2015-1,39079100,其他聚酯，不飽和者，初級狀態,柬埔寨,出口總值(含復出口),174.2686,97460
2015-1,39079100,其他聚酯，不飽和者，初級狀態,美國,出口總值(含復出口),15.13054,529
2015-1,39079100,其他聚酯，不飽和者，初級狀態,迦納,出口總值(含復出口),31.26769,17600
2015-1,39079100,其他聚酯，不飽和者，初級狀態,香港,出口總值(含復出口),926.2032,598985
2015-1,39079100,其他聚酯，不飽和者，初級狀態,哥斯大黎加,出口總值(含復出口),30.98458,15500
2015-1,39079100,其他聚酯，不飽和者，初級狀態,埃及,出口總值(含復出口),1121.862,661640
2015-1,39079100,其他聚酯，不飽和者，初級狀態,泰國,出口總值(含復出口),274.6776,157162
2015-1,39079100,其他聚酯，不飽和者，初級狀態,紐西蘭,出口總值(含復出口),127.084,61510
2015-1,39079100,其他聚酯，不飽和者，初級狀態,馬來西亞,出口總值(含復出口),158.855,78640
2015-1,39079100,其他聚酯，不飽和者，初級狀態,斯里蘭卡,出口總值(含復出口),80.05662,39640
2015-1,39079100,其他聚酯，不飽和者，初級狀態,菲律賓,出口總值(含復出口),747.2476,401163
2015-1,39079100,其他聚酯，不飽和者，初級狀態,越南,出口總值(含復出口),9130.764,7765343
2015-1,39079100,其他聚酯，不飽和者，初級狀態,愛爾蘭,出口總值(含復出口),60.36489,100000
2015-1,39079100,其他聚酯，不飽和者，初級狀態,新加坡,出口總值(含復出口),133.0922,79200
2015-1,39079100,其他聚酯，不飽和者，初級狀態,義大利,出口總值(含復出口),1.66719,40
2015-1,39079100,其他聚酯，不飽和者，初級狀態,黎巴嫩,出口總值(含復出口),48.00251,27040
2015-1,39079100,其他聚酯，不飽和者，初級狀態,澳大利亞,出口總值(含復出口),328.9085,156533
2015-1,39094000,酚樹脂，初級狀態,中國大陸,進口總值(含復進口),437.5275,166415
2015-1,39094000,酚樹脂，初級狀態,日本,進口總值(含復進口),1635.2,170603
2015-1,39094000,酚樹脂，初級狀態,加拿大,進口總值(含復進口),0.44039,72
2015-1,39094000,酚樹脂，初級狀態,印度,進口總值(含復進口),7.10915,1260
2015-1,39094000,酚樹脂，初級狀態,南韓,進口總值(含復進口),583.045,143138
2015-1,39094000,酚樹脂，初級狀態,美國,進口總值(含復進口),62.22082,18607
2015-1,39094000,酚樹脂，初級狀態,英國,進口總值(含復進口),7.54954,150
2015-1,39094000,酚樹脂，初級狀態,泰國,進口總值(含復進口),106.0396,35600
2015-1,39094000,酚樹脂，初級狀態,德國,進口總值(含復進口),101.101,22800
2015-1,39094000,酚樹脂，初級狀態,土耳其,出口總值(含復出口),163.0072,151500
2015-1,39094000,酚樹脂，初級狀態,中國大陸,出口總值(含復出口),7454.577,4082266
2015-1,39094000,酚樹脂，初級狀態,日本,出口總值(含復出口),672.916,238443
2015-1,39094000,酚樹脂，初級狀態,印尼,出口總值(含復出口),40.76753,27680
2015-1,39094000,酚樹脂，初級狀態,印度,出口總值(含復出口),77.31991,41500
2015-1,39094000,酚樹脂，初級狀態,南非,出口總值(含復出口),21.296,18000
2015-1,39094000,酚樹脂，初級狀態,南韓,出口總值(含復出口),67.31676,42100
2015-1,39094000,酚樹脂，初級狀態,香港,出口總值(含復出口),151.62,89994
2015-1,39094000,酚樹脂，初級狀態,泰國,出口總值(含復出口),389.5565,169160
2015-1,39094000,酚樹脂，初級狀態,秘魯,出口總值(含復出口),62.12645,54000
2015-1,39094000,酚樹脂，初級狀態,馬來西亞,出口總值(含復出口),265.5237,88945
2015-1,39094000,酚樹脂，初級狀態,菲律賓,出口總值(含復出口),104.8443,76160
2015-1,39094000,酚樹脂，初級狀態,越南,出口總值(含復出口),268.2605,135513
2015-1,39094000,酚樹脂，初級狀態,新加坡,出口總值(含復出口),27.96476,15000
2015-1,39094000,酚樹脂，初級狀態,緬甸,出口總值(含復出口),0.53475,112
2015-2,39079100,其他聚酯，不飽和者，初級狀態,中國大陸,進口總值(含復進口),429.5223,201220
2015-2,39079100,其他聚酯，不飽和者，初級狀態,日本,進口總值(含復進口),97.19745,14769
2015-2,39079100,其他聚酯，不飽和者，初級狀態,南韓,進口總值(含復進口),82.32484,21600
2015-2,39079100,其他聚酯，不飽和者，初級狀態,美國,進口總值(含復進口),21.11464,2167
2015-2,39079100,其他聚酯，不飽和者，初級狀態,泰國,進口總值(含復進口),33.69426,7600
2015-2,39079100,其他聚酯，不飽和者，初級狀態,荷蘭,進口總值(含復進口),0.15923,15
2015-2,39079100,其他聚酯，不飽和者，初級狀態,新加坡,進口總值(含復進口),4.29936,1350
2015-2,39079100,其他聚酯，不飽和者，初級狀態,義大利,進口總值(含復進口),47.86624,16150
2015-2,39079100,其他聚酯，不飽和者，初級狀態,德國,進口總值(含復進口),8.37579,2700
2015-2,39079100,其他聚酯，不飽和者，初級狀態,中國大陸,出口總值(含復出口),858.0573,313805
2015-2,39079100,其他聚酯，不飽和者，初級狀態,巴基斯坦,出口總值(含復出口),56.5605,35200
2015-2,39079100,其他聚酯，不飽和者，初級狀態,日本,出口總值(含復出口),2619.936,1976715
2015-2,39079100,其他聚酯，不飽和者，初級狀態,以色列,出口總值(含復出口),29.61783,17480
2015-2,39079100,其他聚酯，不飽和者，初級狀態,伊朗,出口總值(含復出口),35.09554,16550
2015-2,39079100,其他聚酯，不飽和者，初級狀態,印尼,出口總值(含復出口),113.9809,70095
2015-2,39079100,其他聚酯，不飽和者，初級狀態,印度,出口總值(含復出口),109.5223,69700
2015-2,39079100,其他聚酯，不飽和者，初級狀態,多明尼加,出口總值(含復出口),652.7707,345100
2015-2,39079100,其他聚酯，不飽和者，初級狀態,西班牙,出口總值(含復出口),25.60509,20000
2015-2,39079100,其他聚酯，不飽和者，初級狀態,奈及利亞,出口總值(含復出口),113.0573,64240
2015-2,39079100,其他聚酯，不飽和者，初級狀態,孟加拉,出口總值(含復出口),875.7643,677044
2015-2,39079100,其他聚酯，不飽和者，初級狀態,尚比亞,出口總值(含復出口),2.13375,300
2015-2,39079100,其他聚酯，不飽和者，初級狀態,阿拉伯聯合大公國,出口總值(含復出口),115.1911,75600
2015-2,39079100,其他聚酯，不飽和者，初級狀態,南非,出口總值(含復出口),286.6879,154000
2015-2,39079100,其他聚酯，不飽和者，初級狀態,南韓,出口總值(含復出口),54.17197,17500
2015-2,39079100,其他聚酯，不飽和者，初級狀態,柬埔寨,出口總值(含復出口),121.7834,71230
2015-2,39079100,其他聚酯，不飽和者，初級狀態,香港,出口總值(含復出口),888.0255,761215
2015-2,39079100,其他聚酯，不飽和者，初級狀態,哥斯大黎加,出口總值(含復出口),31.05095,16500
2015-2,39079100,其他聚酯，不飽和者，初級狀態,埃及,出口總值(含復出口),769.1083,485960
2015-2,39079100,其他聚酯，不飽和者，初級狀態,泰國,出口總值(含復出口),105.1911,57250
2015-2,39079100,其他聚酯，不飽和者，初級狀態,秘魯,出口總值(含復出口),70.44585,35200
2015-2,39079100,其他聚酯，不飽和者，初級狀態,紐西蘭,出口總值(含復出口),92.7707,44560
2015-2,39079100,其他聚酯，不飽和者，初級狀態,馬來西亞,出口總值(含復出口),154.9045,75286
2015-2,39079100,其他聚酯，不飽和者，初級狀態,斯里蘭卡,出口總值(含復出口),95.92356,53640
2015-2,39079100,其他聚酯，不飽和者，初級狀態,菲律賓,出口總值(含復出口),1013.631,549931
2015-2,39079100,其他聚酯，不飽和者，初級狀態,越南,出口總值(含復出口),3812.197,3370333
2015-2,39079100,其他聚酯，不飽和者，初級狀態,愛爾蘭,出口總值(含復出口),60.44585,100000
2015-2,39079100,其他聚酯，不飽和者，初級狀態,新加坡,出口總值(含復出口),279.3949,184800
2015-2,39079100,其他聚酯，不飽和者，初級狀態,模里西斯,出口總值(含復出口),18.15286,8800
2015-2,39079100,其他聚酯，不飽和者，初級狀態,緬甸,出口總值(含復出口),95.79617,59320
2015-2,39079100,其他聚酯，不飽和者，初級狀態,澳大利亞,出口總值(含復出口),195.0318,96600
2015-2,39094000,酚樹脂，初級狀態,中國大陸,進口總值(含復進口),301.1146,91345
2015-2,39094000,酚樹脂，初級狀態,日本,進口總值(含復進口),830.828,105749
2015-2,39094000,酚樹脂，初級狀態,比利時,進口總值(含復進口),82.35668,26400
2015-2,39094000,酚樹脂，初級狀態,南韓,進口總值(含復進口),307.0701,80690
2015-2,39094000,酚樹脂，初級狀態,美國,進口總值(含復進口),160.5096,32712
2015-2,39094000,酚樹脂，初級狀態,泰國,進口總值(含復進口),31.46496,15000
2015-2,39094000,酚樹脂，初級狀態,奧地利,進口總值(含復進口),0.19108,50
2015-2,39094000,酚樹脂，初級狀態,新加坡,進口總值(含復進口),68.08917,14800
2015-2,39094000,酚樹脂，初級狀態,瑞士,進口總值(含復進口),3.7898,125
2015-2,39094000,酚樹脂，初級狀態,德國,進口總值(含復進口),325.4777,56480
2015-2,39094000,酚樹脂，初級狀態,土耳其,出口總值(含復出口),388.6306,379000
2015-2,39094000,酚樹脂，初級狀態,中國大陸,出口總值(含復出口),3488.121,2059025
2015-2,39094000,酚樹脂，初級狀態,日本,出口總值(含復出口),449.7134,156316
2015-2,39094000,酚樹脂，初級狀態,加拿大,出口總值(含復出口),1.40127,500
2015-2,39094000,酚樹脂，初級狀態,伊朗,出口總值(含復出口),54.96815,16000
2015-2,39094000,酚樹脂，初級狀態,印度,出口總值(含復出口),40.89171,21000
2015-2,39094000,酚樹脂，初級狀態,孟加拉,出口總值(含復出口),1.0828,240
2015-2,39094000,酚樹脂，初級狀態,南非,出口總值(含復出口),21.40127,18000
2015-2,39094000,酚樹脂，初級狀態,南韓,出口總值(含復出口),66.94267,41600
2015-2,39094000,酚樹脂，初級狀態,香港,出口總值(含復出口),58.56687,41215
2015-2,39094000,酚樹脂，初級狀態,泰國,出口總值(含復出口),351.1146,168640
2015-2,39094000,酚樹脂，初級狀態,馬來西亞,出口總值(含復出口),190.0955,73170
2015-2,39094000,酚樹脂，初級狀態,菲律賓,出口總值(含復出口),133.5032,104560
2015-2,39094000,酚樹脂，初級狀態,越南,出口總值(含復出口),169.9363,95090
2015-2,39094000,酚樹脂，初級狀態,新加坡,出口總值(含復出口),13.47133,6300
2015-2,39094000,酚樹脂，初級狀態,義大利,出口總值(含復出口),65.25477,60800
2015-3,39079100,其他聚酯，不飽和者，初級狀態,中國大陸,進口總值(含復進口),653.6168,308720
2015-3,39079100,其他聚酯，不飽和者，初級狀態,日本,進口總值(含復進口),267.6079,134849
2015-3,39079100,其他聚酯，不飽和者，初級狀態,南韓,進口總值(含復進口),135.882,36000
2015-3,39079100,其他聚酯，不飽和者，初級狀態,美國,進口總值(含復進口),50.50761,7820
2015-3,39079100,其他聚酯，不飽和者，初級狀態,泰國,進口總值(含復進口),75.9835,17100
2015-3,39079100,其他聚酯，不飽和者，初級狀態,新加坡,進口總值(含復進口),4.7906,1500
2015-3,39079100,其他聚酯，不飽和者，初級狀態,義大利,進口總值(含復進口),15.06979,2600
2015-3,39079100,其他聚酯，不飽和者，初級狀態,德國,進口總值(含復進口),72.74746,19040
2015-3,39079100,其他聚酯，不飽和者，初級狀態,土耳其,出口總值(含復出口),12.08756,7040
2015-3,39079100,其他聚酯，不飽和者，初級狀態,中國大陸,出口總值(含復出口),2212.119,948135
2015-3,39079100,其他聚酯，不飽和者，初級狀態,巴基斯坦,出口總值(含復出口),26.45939,12000
2015-3,39079100,其他聚酯，不飽和者，初級狀態,日本,出口總值(含復出口),2431.06,1804243
2015-3,39079100,其他聚酯，不飽和者，初級狀態,以色列,出口總值(含復出口),167.8299,106840
2015-3,39079100,其他聚酯，不飽和者，初級狀態,印尼,出口總值(含復出口),104.7589,70720
2015-3,39079100,其他聚酯，不飽和者，初級狀態,印度,出口總值(含復出口),439.4036,277274
2015-3,39079100,其他聚酯，不飽和者，初級狀態,西班牙,出口總值(含復出口),26.8401,15400
2015-3,39079100,其他聚酯，不飽和者，初級狀態,奈及利亞,出口總值(含復出口),252.8553,154140
2015-3,39079100,其他聚酯，不飽和者，初級狀態,孟加拉,出口總值(含復出口),989.1497,774670
2015-3,39079100,其他聚酯，不飽和者，初級狀態,肯亞,出口總值(含復出口),35.12055,17600
2015-3,39079100,其他聚酯，不飽和者，初級狀態,阿拉伯聯合大公國,出口總值(含復出口),66.68781,33400
2015-3,39079100,其他聚酯，不飽和者，初級狀態,南非,出口總值(含復出口),341.9416,185400
2015-3,39079100,其他聚酯，不飽和者，初級狀態,南韓,出口總值(含復出口),2.85532,500
2015-3,39079100,其他聚酯，不飽和者，初級狀態,柬埔寨,出口總值(含復出口),250.0317,146070
2015-3,39079100,其他聚酯，不飽和者，初級狀態,美國,出口總值(含復出口),1.64974,275
2015-3,39079100,其他聚酯，不飽和者，初級狀態,迦納,出口總值(含復出口),26.14213,17600
2015-3,39079100,其他聚酯，不飽和者，初級狀態,香港,出口總值(含復出口),1598.414,1087321
2015-3,39079100,其他聚酯，不飽和者，初級狀態,哥倫比亞,出口總值(含復出口),65.79949,35200
2015-3,39079100,其他聚酯，不飽和者，初級狀態,哥斯大黎加,出口總值(含復出口),31.72588,17040
2015-3,39079100,其他聚酯，不飽和者，初級狀態,埃及,出口總值(含復出口),1012.151,647460
2015-3,39079100,其他聚酯，不飽和者，初級狀態,泰國,出口總值(含復出口),128.8388,72400
2015-3,39079100,其他聚酯，不飽和者，初級狀態,秘魯,出口總值(含復出口),70.01903,34980
2015-3,39079100,其他聚酯，不飽和者，初級狀態,紐西蘭,出口總值(含復出口),143.052,71440
2015-3,39079100,其他聚酯，不飽和者，初級狀態,馬來西亞,出口總值(含復出口),38.38832,22284
2015-3,39079100,其他聚酯，不飽和者，初級狀態,馬爾地夫,出口總值(含復出口),109.6764,72000
2015-3,39079100,其他聚酯，不飽和者，初級狀態,斯里蘭卡,出口總值(含復出口),73.76269,41940
2015-3,39079100,其他聚酯，不飽和者，初級狀態,菲律賓,出口總值(含復出口),731.1231,393999
2015-3,39079100,其他聚酯，不飽和者，初級狀態,象牙海岸,出口總值(含復出口),20.717,16000
2015-3,39079100,其他聚酯，不飽和者，初級狀態,越南,出口總值(含復出口),10809.07,9621667
2015-3,39079100,其他聚酯，不飽和者，初級狀態,新加坡,出口總值(含復出口),614.3084,404800
2015-3,39079100,其他聚酯，不飽和者，初級狀態,瑞典,出口總值(含復出口),24.36548,13240
2015-3,39079100,其他聚酯，不飽和者，初級狀態,模里西斯,出口總值(含復出口),81.3769,50740
2015-3,39079100,其他聚酯，不飽和者，初級狀態,緬甸,出口總值(含復出口),25.34898,16280
2015-3,39079100,其他聚酯，不飽和者，初級狀態,黎巴嫩,出口總值(含復出口),15.3236,8800
2015-3,39079100,其他聚酯，不飽和者，初級狀態,墨西哥,出口總值(含復出口),2.15736,60
2015-3,39079100,其他聚酯，不飽和者，初級狀態,澳大利亞,出口總值(含復出口),213.7056,117775
2015-3,39094000,酚樹脂，初級狀態,中國大陸,進口總值(含復進口),474.0165,202325
2015-3,39094000,酚樹脂，初級狀態,日本,進口總值(含復進口),2333.503,242676
2015-3,39094000,酚樹脂，初級狀態,比利時,進口總值(含復進口),16.46573,5600
2015-3,39094000,酚樹脂，初級狀態,加拿大,進口總值(含復進口),0.44416,72
2015-3,39094000,酚樹脂，初級狀態,南韓,進口總值(含復進口),624.6827,122840
2015-3,39094000,酚樹脂，初級狀態,美國,進口總值(含復進口),257.4556,52984
2015-3,39094000,酚樹脂，初級狀態,泰國,進口總值(含復進口),84.26395,40000
2015-3,39094000,酚樹脂，初級狀態,新加坡,進口總值(含復進口),35.56472,14500
2015-3,39094000,酚樹脂，初級狀態,瑞士,進口總值(含復進口),4.56852,150
2015-3,39094000,酚樹脂，初級狀態,德國,進口總值(含復進口),224.3338,39427
2015-3,39094000,酚樹脂，初級狀態,土耳其,出口總值(含復出口),314.5622,300000
2015-3,39094000,酚樹脂，初級狀態,中國大陸,出口總值(含復出口),5342.989,3097934
2015-3,39094000,酚樹脂，初級狀態,日本,出口總值(含復出口),954.9492,295449
2015-3,39094000,酚樹脂，初級狀態,印尼,出口總值(含復出口),88.92766,37360
2015-3,39094000,酚樹脂，初級狀態,印度,出口總值(含復出口),95.33629,45100
2015-3,39094000,酚樹脂，初級狀態,孟加拉,出口總值(含復出口),3.74365,1980
2015-3,39094000,酚樹脂，初級狀態,南韓,出口總值(含復出口),116.4023,68000
2015-3,39094000,酚樹脂，初級狀態,美國,出口總值(含復出口),2.22081,140
2015-3,39094000,酚樹脂，初級狀態,香港,出口總值(含復出口),153.014,95055
2015-3,39094000,酚樹脂，初級狀態,埃及,出口總值(含復出口),40.22842,36000
2015-3,39094000,酚樹脂，初級狀態,泰國,出口總值(含復出口),320.6218,163740
2015-3,39094000,酚樹脂，初級狀態,馬來西亞,出口總值(含復出口),129.0926,47559
2015-3,39094000,酚樹脂，初級狀態,菲律賓,出口總值(含復出口),119.1307,103500
2015-3,39094000,酚樹脂，初級狀態,越南,出口總值(含復出口),274.0799,127643
2015-3,39094000,酚樹脂，初級狀態,新加坡,出口總值(含復出口),22.30329,12400
2015-3,39094000,酚樹脂，初級狀態,澳大利亞,出口總值(含復出口),3.48984,1000
2015-4,39079100,其他聚酯，不飽和者，初級狀態,中國大陸,進口總值(含復進口),376.8,233315
2015-4,39079100,其他聚酯，不飽和者，初級狀態,中華民國,進口總值(含復進口),23.36,13200
2015-4,39079100,其他聚酯，不飽和者，初級狀態,日本,進口總值(含復進口),98.656,16128
2015-4,39079100,其他聚酯，不飽和者，初級狀態,比利時,進口總值(含復進口),150.592,50512
2015-4,39079100,其他聚酯，不飽和者，初級狀態,印尼,進口總值(含復進口),128.448,240000
2015-4,39079100,其他聚酯，不飽和者，初級狀態,南韓,進口總值(含復進口),162.432,55200
2015-4,39079100,其他聚酯，不飽和者，初級狀態,美國,進口總值(含復進口),123.616,25667
2015-4,39079100,其他聚酯，不飽和者，初級狀態,泰國,進口總值(含復進口),43.84,9880
2015-4,39079100,其他聚酯，不飽和者，初級狀態,馬來西亞,進口總值(含復進口),45.632,17500
2015-4,39079100,其他聚酯，不飽和者，初級狀態,荷蘭,進口總值(含復進口),26.56,8000
2015-4,39079100,其他聚酯，不飽和者，初級狀態,新加坡,進口總值(含復進口),9.696,3075
2015-4,39079100,其他聚酯，不飽和者，初級狀態,瑞士,進口總值(含復進口),4.512,750
2015-4,39079100,其他聚酯，不飽和者，初級狀態,義大利,進口總值(含復進口),116.224,42560
2015-4,39079100,其他聚酯，不飽和者，初級狀態,德國,進口總值(含復進口),22.144,2447
2015-4,39079100,其他聚酯，不飽和者，初級狀態,中國大陸,出口總值(含復出口),1637.216,762085
2015-4,39079100,其他聚酯，不飽和者，初級狀態,巴西,出口總值(含復出口),0.512,50
2015-4,39079100,其他聚酯，不飽和者，初級狀態,日本,出口總值(含復出口),2147.648,1621100
2015-4,39079100,其他聚酯，不飽和者，初級狀態,以色列,出口總值(含復出口),83.136,52800
2015-4,39079100,其他聚酯，不飽和者，初級狀態,伊朗,出口總值(含復出口),75.424,36350
2015-4,39079100,其他聚酯，不飽和者，初級狀態,印尼,出口總值(含復出口),97.76,51264
2015-4,39079100,其他聚酯，不飽和者，初級狀態,印度,出口總值(含復出口),184.736,107360
2015-4,39079100,其他聚酯，不飽和者，初級狀態,奈及利亞,出口總值(含復出口),57.312,36564
2015-4,39079100,其他聚酯，不飽和者，初級狀態,孟加拉,出口總值(含復出口),1524.448,1274101
2015-4,39079100,其他聚酯，不飽和者，初級狀態,阿拉伯聯合大公國,出口總值(含復出口),384.864,219152
2015-4,39079100,其他聚酯，不飽和者，初級狀態,南非,出口總值(含復出口),479.264,261800
2015-4,39079100,其他聚酯，不飽和者，初級狀態,柬埔寨,出口總值(含復出口),207.968,124660
2015-4,39079100,其他聚酯，不飽和者，初級狀態,美國,出口總值(含復出口),3.392,297
2015-4,39079100,其他聚酯，不飽和者，初級狀態,香港,出口總值(含復出口),1453.504,898566
2015-4,39079100,其他聚酯，不飽和者，初級狀態,埃及,出口總值(含復出口),2656.704,1736660
2015-4,39079100,其他聚酯，不飽和者，初級狀態,泰國,出口總值(含復出口),98.784,50168
2015-4,39079100,其他聚酯，不飽和者，初級狀態,秘魯,出口總值(含復出口),68.48,34980
2015-4,39079100,其他聚酯，不飽和者，初級狀態,紐西蘭,出口總值(含復出口),124.352,61570
2015-4,39079100,其他聚酯，不飽和者，初級狀態,馬來西亞,出口總值(含復出口),117.408,61340
2015-4,39079100,其他聚酯，不飽和者，初級狀態,斯里蘭卡,出口總值(含復出口),138.176,77100
2015-4,39079100,其他聚酯，不飽和者，初級狀態,智利,出口總值(含復出口),31.04,17600
2015-4,39079100,其他聚酯，不飽和者，初級狀態,菲律賓,出口總值(含復出口),990.24,548160
2015-4,39079100,其他聚酯，不飽和者，初級狀態,越南,出口總值(含復出口),7631.68,6755248
2015-4,39079100,其他聚酯，不飽和者，初級狀態,新加坡,出口總值(含復出口),353.12,220315
2015-4,39079100,其他聚酯，不飽和者，初級狀態,模里西斯,出口總值(含復出口),33.76,17600
2015-4,39079100,其他聚酯，不飽和者，初級狀態,緬甸,出口總值(含復出口),28.32,17600
2015-4,39079100,其他聚酯，不飽和者，初級狀態,黎巴嫩,出口總值(含復出口),27.552,17600
2015-4,39079100,其他聚酯，不飽和者，初級狀態,澳大利亞,出口總值(含復出口),313.568,161325
2015-4,39079100,其他聚酯，不飽和者，初級狀態,蘇丹,出口總值(含復出口),15.52,8800
2015-4,39094000,酚樹脂，初級狀態,中國大陸,進口總值(含復進口),397.312,139630
2015-4,39094000,酚樹脂，初級狀態,日本,進口總值(含復進口),1815.68,200829
2015-4,39094000,酚樹脂，初級狀態,加拿大,進口總值(含復進口),0.448,72
2015-4,39094000,酚樹脂，初級狀態,印度,進口總值(含復進口),12.672,17600
2015-4,39094000,酚樹脂，初級狀態,法國,進口總值(含復進口),7.52,800
2015-4,39094000,酚樹脂，初級狀態,南韓,進口總值(含復進口),499.264,112080
2015-4,39094000,酚樹脂，初級狀態,美國,進口總值(含復進口),504.928,108467
2015-4,39094000,酚樹脂，初級狀態,英國,進口總值(含復進口),2.304,50
2015-4,39094000,酚樹脂，初級狀態,泰國,進口總值(含復進口),40.352,12800
2015-4,39094000,酚樹脂，初級狀態,新加坡,進口總值(含復進口),36.256,14600
2015-4,39094000,酚樹脂，初級狀態,德國,進口總值(含復進口),400.48,69080
2015-4,39094000,酚樹脂，初級狀態,土耳其,出口總值(含復出口),129.024,125000
2015-4,39094000,酚樹脂，初級狀態,中國大陸,出口總值(含復出口),4999.456,2821176
2015-4,39094000,酚樹脂，初級狀態,日本,出口總值(含復出口),624.544,200451
2015-4,39094000,酚樹脂，初級狀態,伊朗,出口總值(含復出口),136.576,34000
2015-4,39094000,酚樹脂，初級狀態,印尼,出口總值(含復出口),98.272,28800
2015-4,39094000,酚樹脂，初級狀態,印度,出口總值(含復出口),44.288,17600
2015-4,39094000,酚樹脂，初級狀態,波蘭,出口總值(含復出口),36.448,9975
2015-4,39094000,酚樹脂，初級狀態,南非,出口總值(含復出口),21.312,18000
2015-4,39094000,酚樹脂，初級狀態,南韓,出口總值(含復出口),64.512,48600
2015-4,39094000,酚樹脂，初級狀態,香港,出口總值(含復出口),168.192,81720
2015-4,39094000,酚樹脂，初級狀態,泰國,出口總值(含復出口),449.792,181900
2015-4,39094000,酚樹脂，初級狀態,秘魯,出口總值(含復出口),84.512,72000
2015-4,39094000,酚樹脂，初級狀態,馬來西亞,出口總值(含復出口),159.52,66520
2015-4,39094000,酚樹脂，初級狀態,斯洛維尼亞,出口總值(含復出口),48.608,48000
2015-4,39094000,酚樹脂，初級狀態,菲律賓,出口總值(含復出口),116.96,100880
2015-4,39094000,酚樹脂，初級狀態,越南,出口總值(含復出口),288.416,156025
2015-4,39094000,酚樹脂，初級狀態,新加坡,出口總值(含復出口),39.648,19600
2015-4,39094000,酚樹脂，初級狀態,澳大利亞,出口總值(含復出口),6.976,2000
2015-5,39079100,其他聚酯，不飽和者，初級狀態,中國大陸,進口總值(含復進口),386.8558,254482
2015-5,39079100,其他聚酯，不飽和者，初級狀態,中華民國,進口總值(含復進口),15.81865,8360
2015-5,39079100,其他聚酯，不飽和者，初級狀態,日本,進口總值(含復進口),357.9583,110835
2015-5,39079100,其他聚酯，不飽和者，初級狀態,印度,進口總值(含復進口),5.44683,2000
2015-5,39079100,其他聚酯，不飽和者，初級狀態,南韓,進口總值(含復進口),95.00978,25200
2015-5,39079100,其他聚酯，不飽和者，初級狀態,美國,進口總值(含復進口),80.39791,14736
2015-5,39079100,其他聚酯，不飽和者，初級狀態,泰國,進口總值(含復進口),48.43444,11020
2015-5,39079100,其他聚酯，不飽和者，初級狀態,新加坡,進口總值(含復進口),12.32876,3300
2015-5,39079100,其他聚酯，不飽和者，初級狀態,義大利,進口總值(含復進口),0.97847,250
2015-5,39079100,其他聚酯，不飽和者，初級狀態,土耳其,出口總值(含復出口),141.0959,101640
2015-5,39079100,其他聚酯，不飽和者，初級狀態,中國大陸,出口總值(含復出口),1793.216,930892
2015-5,39079100,其他聚酯，不飽和者，初級狀態,巴基斯坦,出口總值(含復出口),28.76712,17600
2015-5,39079100,其他聚酯，不飽和者，初級狀態,日本,出口總值(含復出口),2173.451,1550188
2015-5,39079100,其他聚酯，不飽和者，初級狀態,以色列,出口總值(含復出口),138.03,85920
2015-5,39079100,其他聚酯，不飽和者，初級狀態,印尼,出口總值(含復出口),160.4371,102410
2015-5,39079100,其他聚酯，不飽和者，初級狀態,印度,出口總值(含復出口),217.1885,110240
2015-5,39079100,其他聚酯，不飽和者，初級狀態,沙烏地阿拉伯,出口總值(含復出口),62.1983,36000
2015-5,39079100,其他聚酯，不飽和者，初級狀態,奈及利亞,出口總值(含復出口),219.4716,128340
2015-5,39079100,其他聚酯，不飽和者，初級狀態,孟加拉,出口總值(含復出口),2415.329,2018574
2015-5,39079100,其他聚酯，不飽和者，初級狀態,阿拉伯聯合大公國,出口總值(含復出口),185.062,118600
2015-5,39079100,其他聚酯，不飽和者，初級狀態,南非,出口總值(含復出口),211.2198,105600
2015-5,39079100,其他聚酯，不飽和者，初級狀態,南韓,出口總值(含復出口),47.84735,16000
2015-5,39079100,其他聚酯，不飽和者，初級狀態,柬埔寨,出口總值(含復出口),214.1226,122800
2015-5,39079100,其他聚酯，不飽和者，初級狀態,美國,出口總值(含復出口),25.0163,1008
2015-5,39079100,其他聚酯，不飽和者，初級狀態,香港,出口總值(含復出口),1204.371,498960
2015-5,39079100,其他聚酯，不飽和者，初級狀態,哥斯大黎加,出口總值(含復出口),30.56099,16160
2015-5,39079100,其他聚酯，不飽和者，初級狀態,埃及,出口總值(含復出口),1550.881,987700
2015-5,39079100,其他聚酯，不飽和者，初級狀態,泰國,出口總值(含復出口),118.0039,54200
2015-5,39079100,其他聚酯，不飽和者，初級狀態,紐西蘭,出口總值(含復出口),100.9132,50870
2015-5,39079100,其他聚酯，不飽和者，初級狀態,馬來西亞,出口總值(含復出口),191.8461,103204
2015-5,39079100,其他聚酯，不飽和者，初級狀態,斯里蘭卡,出口總值(含復出口),94.97716,51740
2015-5,39079100,其他聚酯，不飽和者，初級狀態,菲律賓,出口總值(含復出口),1101.598,629350
2015-5,39079100,其他聚酯，不飽和者，初級狀態,越南,出口總值(含復出口),12861.71,10222772
2015-5,39079100,其他聚酯，不飽和者，初級狀態,新加坡,出口總值(含復出口),530.4631,335200
2015-5,39079100,其他聚酯，不飽和者，初級狀態,模里西斯,出口總值(含復出口),47.06457,26060
2015-5,39079100,其他聚酯，不飽和者，初級狀態,緬甸,出口總值(含復出口),84.14872,52500
2015-5,39079100,其他聚酯，不飽和者，初級狀態,黎巴嫩,出口總值(含復出口),56.09915,33660
2015-5,39079100,其他聚酯，不飽和者，初級狀態,澳大利亞,出口總值(含復出口),248.728,122005
2015-5,39094000,酚樹脂，初級狀態,中國大陸,進口總值(含復進口),705.4795,339822
2015-5,39094000,酚樹脂，初級狀態,日本,進口總值(含復進口),1420.613,155753
2015-5,39094000,酚樹脂，初級狀態,印度,進口總值(含復進口),7.11024,1260
2015-5,39094000,酚樹脂，初級狀態,法國,進口總值(含復進口),14.54664,2800
2015-5,39094000,酚樹脂，初級狀態,南韓,進口總值(含復進口),341.1611,99082
2015-5,39094000,酚樹脂，初級狀態,美國,進口總值(含復進口),396.8363,95872
2015-5,39094000,酚樹脂，初級狀態,泰國,進口總值(含復進口),43.83561,19875
2015-5,39094000,酚樹脂，初級狀態,奧地利,進口總值(含復進口),10.56751,3000
2015-5,39094000,酚樹脂，初級狀態,新加坡,進口總值(含復進口),66.89497,15200
2015-5,39094000,酚樹脂，初級狀態,瑞士,進口總值(含復進口),8.34964,275
2015-5,39094000,酚樹脂，初級狀態,德國,進口總值(含復進口),400.1957,75080
2015-5,39094000,酚樹脂，初級狀態,土耳其,出口總值(含復出口),243.6073,243000
2015-5,39094000,酚樹脂，初級狀態,中國大陸,出口總值(含復出口),6047.619,3212679
2015-5,39094000,酚樹脂，初級狀態,巴西,出口總值(含復出口),0.22831,25
2015-5,39094000,酚樹脂，初級狀態,巴基斯坦,出口總值(含復出口),9.23026,6000
2015-5,39094000,酚樹脂，初級狀態,日本,出口總值(含復出口),935.0946,313083
2015-5,39094000,酚樹脂，初級狀態,印尼,出口總值(含復出口),45.17286,27680
2015-5,39094000,酚樹脂，初級狀態,印度,出口總值(含復出口),151.3699,88500
2015-5,39094000,酚樹脂，初級狀態,南非,出口總值(含復出口),21.36333,18000
2015-5,39094000,酚樹脂，初級狀態,南韓,出口總值(含復出口),61.15459,43600
2015-5,39094000,酚樹脂，初級狀態,香港,出口總值(含復出口),177.9843,107425
2015-5,39094000,酚樹脂，初級狀態,泰國,出口總值(含復出口),303.6204,131600
2015-5,39094000,酚樹脂，初級狀態,馬來西亞,出口總值(含復出口),122.8963,39900
2015-5,39094000,酚樹脂，初級狀態,敘利亞,出口總值(含復出口),16.50358,6000
2015-5,39094000,酚樹脂，初級狀態,斯洛維尼亞,出口總值(含復出口),47.68427,48000
2015-5,39094000,酚樹脂，初級狀態,菲律賓,出口總值(含復出口),123.7443,94440
2015-5,39094000,酚樹脂，初級狀態,越南,出口總值(含復出口),272.7332,155642
2015-5,39094000,酚樹脂，初級狀態,新加坡,出口總值(含復出口),25.57077,10000
2015-6,39079100,其他聚酯，不飽和者，初級狀態,中國大陸,進口總值(含復進口),511.4072,265997
2015-6,39079100,其他聚酯，不飽和者，初級狀態,中華民國,進口總值(含復進口),55.05362,26834
2015-6,39079100,其他聚酯，不飽和者，初級狀態,日本,進口總值(含復進口),256.0611,35129
2015-6,39079100,其他聚酯，不飽和者，初級狀態,比利時,進口總值(含復進口),326.4868,71578
2015-6,39079100,其他聚酯，不飽和者，初級狀態,印尼,進口總值(含復進口),100.065,144000
2015-6,39079100,其他聚酯，不飽和者，初級狀態,法國,進口總值(含復進口),2.11244,200
2015-6,39079100,其他聚酯，不飽和者，初級狀態,南韓,進口總值(含復進口),127.4293,39840
2015-6,39079100,其他聚酯，不飽和者，初級狀態,美國,進口總值(含復進口),234.6766,85831
2015-6,39079100,其他聚酯，不飽和者，初級狀態,泰國,進口總值(含復進口),99.54501,22610
2015-6,39079100,其他聚酯，不飽和者，初級狀態,新加坡,進口總值(含復進口),9.03477,2800
2015-6,39079100,其他聚酯，不飽和者，初級狀態,義大利,進口總值(含復進口),51.6737,17200
2015-6,39079100,其他聚酯，不飽和者，初級狀態,德國,進口總值(含復進口),85.66785,14000
2015-6,39079100,其他聚酯，不飽和者，初級狀態,中國大陸,出口總值(含復出口),1176.893,518980
2015-6,39079100,其他聚酯，不飽和者，初級狀態,巴基斯坦,出口總值(含復出口),14.78713,8800
2015-6,39079100,其他聚酯，不飽和者，初級狀態,日本,出口總值(含復出口),2405.07,1667830
2015-6,39079100,其他聚酯，不飽和者，初級狀態,以色列,出口總值(含復出口),138.7715,88000
2015-6,39079100,其他聚酯，不飽和者，初級狀態,伊朗,出口總值(含復出口),40.78648,19800
2015-6,39079100,其他聚酯，不飽和者，初級狀態,印尼,出口總值(含復出口),110.4322,70500
2015-6,39079100,其他聚酯，不飽和者，初級狀態,印度,出口總值(含復出口),162.4634,87480
2015-6,39079100,其他聚酯，不飽和者，初級狀態,多明尼加,出口總值(含復出口),679.688,360880
2015-6,39079100,其他聚酯，不飽和者，初級狀態,奈及利亞,出口總值(含復出口),86.64283,50480
2015-6,39079100,其他聚酯，不飽和者，初級狀態,孟加拉,出口總值(含復出口),1775.658,1420570
2015-6,39079100,其他聚酯，不飽和者，初級狀態,阿拉伯聯合大公國,出口總值(含復出口),142.4764,84400
2015-6,39079100,其他聚酯，不飽和者，初級狀態,南非,出口總值(含復出口),120.9945,70400
2015-6,39079100,其他聚酯，不飽和者，初級狀態,南韓,出口總值(含復出口),50.69873,16480
2015-6,39079100,其他聚酯，不飽和者，初級狀態,柬埔寨,出口總值(含復出口),181.0205,101770
2015-6,39079100,其他聚酯，不飽和者，初級狀態,美國,出口總值(含復出口),6.82482,529
2015-6,39079100,其他聚酯，不飽和者，初級狀態,香港,出口總值(含復出口),612.5447,229656
2015-6,39079100,其他聚酯，不飽和者，初級狀態,哥斯大黎加,出口總值(含復出口),26.84432,14300
2015-6,39079100,其他聚酯，不飽和者，初級狀態,埃及,出口總值(含復出口),1704.225,1069920
2015-6,39079100,其他聚酯，不飽和者，初級狀態,泰國,出口總值(含復出口),212.6097,108350
2015-6,39079100,其他聚酯，不飽和者，初級狀態,秘魯,出口總值(含復出口),66.13584,35200
2015-6,39079100,其他聚酯，不飽和者，初級狀態,紐西蘭,出口總值(含復出口),124.7644,62540
2015-6,39079100,其他聚酯，不飽和者，初級狀態,馬來西亞,出口總值(含復出口),239.8115,129620
2015-6,39079100,其他聚酯，不飽和者，初級狀態,斯里蘭卡,出口總值(含復出口),123.5294,71320
2015-6,39079100,其他聚酯，不飽和者，初級狀態,菲律賓,出口總值(含復出口),1375.886,778036
2015-6,39079100,其他聚酯，不飽和者，初級狀態,越南,出口總值(含復出口),9959.929,7980033
2015-6,39079100,其他聚酯，不飽和者，初級狀態,新加坡,出口總值(含復出口),404.7449,246400
2015-6,39079100,其他聚酯，不飽和者，初級狀態,模里西斯,出口總值(含復出口),35.16412,19965
2015-6,39079100,其他聚酯，不飽和者，初級狀態,緬甸,出口總值(含復出口),27.20181,16500
2015-6,39079100,其他聚酯，不飽和者，初級狀態,黎巴嫩,出口總值(含復出口),6.40233,3300
2015-6,39079100,其他聚酯，不飽和者，初級狀態,澳大利亞,出口總值(含復出口),319.6295,175400
2015-6,39094000,酚樹脂，初級狀態,中國大陸,進口總值(含復進口),366.2333,114988
2015-6,39094000,酚樹脂，初級狀態,日本,進口總值(含復進口),2020.897,227178
2015-6,39094000,酚樹脂，初級狀態,加拿大,進口總值(含復進口),0.42248,72
2015-6,39094000,酚樹脂，初級狀態,法國,進口總值(含復進口),17.51706,4000
2015-6,39094000,酚樹脂，初級狀態,南韓,進口總值(含復進口),438.6415,127655
2015-6,39094000,酚樹脂，初級狀態,美國,進口總值(含復進口),218.8495,58136
2015-6,39094000,酚樹脂，初級狀態,泰國,進口總值(含復進口),39.909,19000
2015-6,39094000,酚樹脂，初級狀態,新加坡,進口總值(含復進口),32.66168,14000
2015-6,39094000,酚樹脂，初級狀態,瑞士,進口總值(含復進口),8.31979,250
2015-6,39094000,酚樹脂，初級狀態,德國,進口總值(含復進口),228.0793,47732
2015-6,39094000,酚樹脂，初級狀態,土耳其,出口總值(含復出口),206.9548,200000
2015-6,39094000,酚樹脂，初級狀態,中國大陸,出口總值(含復出口),5785.408,3294574
2015-6,39094000,酚樹脂，初級狀態,日本,出口總值(含復出口),714.5921,236809
2015-6,39094000,酚樹脂，初級狀態,印尼,出口總值(含復出口),7.27981,2000
2015-6,39094000,酚樹脂，初級狀態,印度,出口總值(含復出口),17.28956,8000
2015-6,39094000,酚樹脂，初級狀態,南韓,出口總值(含復出口),123.0744,79625
2015-6,39094000,酚樹脂，初級狀態,約旦,出口總值(含復出口),52.64868,16000
2015-6,39094000,酚樹脂，初級狀態,香港,出口總值(含復出口),109.9772,79900
2015-6,39094000,酚樹脂，初級狀態,泰國,出口總值(含復出口),280.338,127380
2015-6,39094000,酚樹脂，初級狀態,馬來西亞,出口總值(含復出口),131.2967,37210
2015-6,39094000,酚樹脂，初級狀態,斯洛維尼亞,出口總值(含復出口),113.3247,106475
2015-6,39094000,酚樹脂，初級狀態,菲律賓,出口總值(含復出口),107.7348,90080
2015-6,39094000,酚樹脂，初級狀態,越南,出口總值(含復出口),292.4927,145569
2015-6,39094000,酚樹脂，初級狀態,新加坡,出口總值(含復出口),14.65713,5700
2015-7,39079100,其他聚酯，不飽和者，初級狀態,中國大陸,進口總值(含復進口),397.0588,215203
2015-7,39079100,其他聚酯，不飽和者，初級狀態,日本,進口總值(含復進口),249.7414,38240
2015-7,39079100,其他聚酯，不飽和者，初級狀態,比利時,進口總值(含復進口),113.5747,37884
2015-7,39079100,其他聚酯，不飽和者，初級狀態,南韓,進口總值(含復進口),11.9263,120
2015-7,39079100,其他聚酯，不飽和者，初級狀態,美國,進口總值(含復進口),28.40982,4257
2015-7,39079100,其他聚酯，不飽和者，初級狀態,泰國,進口總值(含復進口),66.09566,15200
2015-7,39079100,其他聚酯，不飽和者，初級狀態,新加坡,進口總值(含復進口),5.13897,1600
2015-7,39079100,其他聚酯，不飽和者，初級狀態,義大利,進口總值(含復進口),140.8856,49650
2015-7,39079100,其他聚酯，不飽和者，初級狀態,德國,進口總值(含復進口),3.6199,33
2015-7,39079100,其他聚酯，不飽和者，初級狀態,墨西哥,進口總值(含復進口),11.18293,2776
2015-7,39079100,其他聚酯，不飽和者，初級狀態,中國大陸,出口總值(含復出口),1728.765,891148
2015-7,39079100,其他聚酯，不飽和者，初級狀態,巴基斯坦,出口總值(含復出口),28.34518,17600
2015-7,39079100,其他聚酯，不飽和者，初級狀態,日本,出口總值(含復出口),2285.941,1582745
2015-7,39079100,其他聚酯，不飽和者，初級狀態,以色列,出口總值(含復出口),28.34518,17580
2015-7,39079100,其他聚酯，不飽和者，初級狀態,加拿大,出口總值(含復出口),55.88235,15920
2015-7,39079100,其他聚酯，不飽和者，初級狀態,印尼,出口總值(含復出口),155.4622,74520
2015-7,39079100,其他聚酯，不飽和者，初級狀態,印度,出口總值(含復出口),238.106,118710
2015-7,39079100,其他聚酯，不飽和者，初級狀態,奈及利亞,出口總值(含復出口),190.2069,110760
2015-7,39079100,其他聚酯，不飽和者，初級狀態,孟加拉,出口總值(含復出口),1273.82,1006352
2015-7,39079100,其他聚酯，不飽和者，初級狀態,肯亞,出口總值(含復出口),35.03555,17600
2015-7,39079100,其他聚酯，不飽和者，初級狀態,阿拉伯聯合大公國,出口總值(含復出口),247.479,154800
2015-7,39079100,其他聚酯，不飽和者，初級狀態,南非,出口總值(含復出口),388.8171,190300
2015-7,39079100,其他聚酯，不飽和者，初級狀態,南韓,出口總值(含復出口),47.64059,16000
2015-7,39079100,其他聚酯，不飽和者，初級狀態,柬埔寨,出口總值(含復出口),183.5811,102510
2015-7,39079100,其他聚酯，不飽和者，初級狀態,美國,出口總值(含復出口),5.59146,519
2015-7,39079100,其他聚酯，不飽和者，初級狀態,香港,出口總值(含復出口),607.0136,208644
2015-7,39079100,其他聚酯，不飽和者，初級狀態,埃及,出口總值(含復出口),967.3885,629100
2015-7,39079100,其他聚酯，不飽和者，初級狀態,泰國,出口總值(含復出口),98.06076,52120
2015-7,39079100,其他聚酯，不飽和者，初級狀態,紐西蘭,出口總值(含復出口),137.8798,69090
2015-7,39079100,其他聚酯，不飽和者，初級狀態,馬來西亞,出口總值(含復出口),141.435,70764
2015-7,39079100,其他聚酯，不飽和者，初級狀態,斯里蘭卡,出口總值(含復出口),36.71622,20940
2015-7,39079100,其他聚酯，不飽和者，初級狀態,菲律賓,出口總值(含復出口),631.6096,350516
2015-7,39079100,其他聚酯，不飽和者，初級狀態,越南,出口總值(含復出口),10083.42,8034574
2015-7,39079100,其他聚酯，不飽和者，初級狀態,新加坡,出口總值(含復出口),167.0006,105600
2015-7,39079100,其他聚酯，不飽和者，初級狀態,模里西斯,出口總值(含復出口),4.88041,2420
2015-7,39079100,其他聚酯，不飽和者，初級狀態,黎巴嫩,出口總值(含復出口),2.55332,1100
2015-7,39079100,其他聚酯，不飽和者，初級狀態,澳大利亞,出口總值(含復出口),461.894,276960
2015-7,39094000,酚樹脂，初級狀態,中國大陸,進口總值(含復進口),414.4473,159280
2015-7,39094000,酚樹脂，初級狀態,日本,進口總值(含復進口),1434.486,171485
2015-7,39094000,酚樹脂，初級狀態,比利時,進口總值(含復進口),16.48351,5600
2015-7,39094000,酚樹脂，初級狀態,印度,進口總值(含復進口),43.27731,36255
2015-7,39094000,酚樹脂，初級狀態,南韓,進口總值(含復進口),461.797,98705
2015-7,39094000,酚樹脂，初級狀態,美國,進口總值(含復進口),342.2754,69710
2015-7,39094000,酚樹脂，初級狀態,泰國,進口總值(含復進口),124.9838,47400
2015-7,39094000,酚樹脂，初級狀態,瑞士,進口總值(含復進口),3.26438,100
2015-7,39094000,酚樹脂，初級狀態,德國,進口總值(含復進口),258.8559,48362
2015-7,39094000,酚樹脂，初級狀態,土耳其,出口總值(含復出口),114.4473,108000
2015-7,39094000,酚樹脂，初級狀態,中國大陸,出口總值(含復出口),5878.927,3379460
2015-7,39094000,酚樹脂，初級狀態,日本,出口總值(含復出口),841.3381,272940
2015-7,39094000,酚樹脂，初級狀態,比利時,出口總值(含復出口),3.55526,2400
2015-7,39094000,酚樹脂，初級狀態,印尼,出口總值(含復出口),61.18293,20250
2015-7,39094000,酚樹脂，初級狀態,印度,出口總值(含復出口),86.16677,41000
2015-7,39094000,酚樹脂，初級狀態,南非,出口總值(含復出口),85.26179,72000
2015-7,39094000,酚樹脂，初級狀態,南韓,出口總值(含復出口),20.58823,16000
2015-7,39094000,酚樹脂，初級狀態,香港,出口總值(含復出口),114.8352,73120
2015-7,39094000,酚樹脂，初級狀態,泰國,出口總值(含復出口),350.0323,164680
2015-7,39094000,酚樹脂，初級狀態,馬來西亞,出口總值(含復出口),150.0646,65370
2015-7,39094000,酚樹脂，初級狀態,菲律賓,出口總值(含復出口),148.5456,124765
2015-7,39094000,酚樹脂，初級狀態,越南,出口總值(含復出口),235.1002,112571
2015-7,39094000,酚樹脂，初級狀態,愛沙尼亞,出口總值(含復出口),0.12928,20
2015-7,39094000,酚樹脂，初級狀態,新加坡,出口總值(含復出口),38.20297,20600
2015-8,39079100,其他聚酯，不飽和者，初級狀態,中國大陸,進口總值(含復進口),406.7508,233518
2015-8,39079100,其他聚酯，不飽和者，初級狀態,中華民國,進口總值(含復進口),59.49526,35200
2015-8,39079100,其他聚酯，不飽和者，初級狀態,日本,進口總值(含復進口),344.4795,47771
2015-8,39079100,其他聚酯，不飽和者，初級狀態,比利時,進口總值(含復進口),76.52996,25706
2015-8,39079100,其他聚酯，不飽和者，初級狀態,印尼,進口總值(含復進口),27.85488,10000
2015-8,39079100,其他聚酯，不飽和者，初級狀態,南韓,進口總值(含復進口),102.082,27600
2015-8,39079100,其他聚酯，不飽和者，初級狀態,美國,進口總值(含復進口),18.23343,3200
2015-8,39079100,其他聚酯，不飽和者，初級狀態,泰國,進口總值(含復進口),54.98422,18840
2015-8,39079100,其他聚酯，不飽和者，初級狀態,荷蘭,進口總值(含復進口),0.18927,12
2015-8,39079100,其他聚酯，不飽和者，初級狀態,新加坡,進口總值(含復進口),13.84858,3825
2015-8,39079100,其他聚酯，不飽和者，初級狀態,義大利,進口總值(含復進口),40.82018,16000
2015-8,39079100,其他聚酯，不飽和者，初級狀態,德國,進口總值(含復進口),89.84227,30075
2015-8,39079100,其他聚酯，不飽和者，初級狀態,墨西哥,進口總值(含復進口),2.96529,750
2015-8,39079100,其他聚酯，不飽和者，初級狀態,中國大陸,出口總值(含復出口),1175.71,622786
2015-8,39079100,其他聚酯，不飽和者，初級狀態,日本,出口總值(含復出口),2296.593,1726741
2015-8,39079100,其他聚酯，不飽和者，初級狀態,比利時,出口總值(含復出口),47.53943,18200
2015-8,39079100,其他聚酯，不飽和者，初級狀態,以色列,出口總值(含復出口),56.90851,34900
2015-8,39079100,其他聚酯，不飽和者，初級狀態,印尼,出口總值(含復出口),54.16403,36000
2015-8,39079100,其他聚酯，不飽和者，初級狀態,印度,出口總值(含復出口),238.4858,114804
2015-8,39079100,其他聚酯，不飽和者，初級狀態,多明尼加,出口總值(含復出口),1033.218,567600
2015-8,39079100,其他聚酯，不飽和者，初級狀態,奈及利亞,出口總值(含復出口),214.1009,125600
2015-8,39079100,其他聚酯，不飽和者，初級狀態,孟加拉,出口總值(含復出口),871.0095,791850
2015-8,39079100,其他聚酯，不飽和者，初級狀態,阿拉伯聯合大公國,出口總值(含復出口),218.7697,136000
2015-8,39079100,其他聚酯，不飽和者，初級狀態,南非,出口總值(含復出口),238.3912,123200
2015-8,39079100,其他聚酯，不飽和者，初級狀態,柬埔寨,出口總值(含復出口),185.3943,107155
2015-8,39079100,其他聚酯，不飽和者，初級狀態,美國,出口總值(含復出口),3.31229,424
2015-8,39079100,其他聚酯，不飽和者，初級狀態,迦納,出口總值(含復出口),58.4858,35875
2015-8,39079100,其他聚酯，不飽和者，初級狀態,香港,出口總值(含復出口),767.9495,233950
2015-8,39079100,其他聚酯，不飽和者，初級狀態,埃及,出口總值(含復出口),494.2902,319940
2015-8,39079100,其他聚酯，不飽和者，初級狀態,泰國,出口總值(含復出口),239.4953,136626
2015-8,39079100,其他聚酯，不飽和者，初級狀態,紐西蘭,出口總值(含復出口),99.77917,51750
2015-8,39079100,其他聚酯，不飽和者，初級狀態,馬來西亞,出口總值(含復出口),110.1577,60420
2015-8,39079100,其他聚酯，不飽和者，初級狀態,斯里蘭卡,出口總值(含復出口),129.0536,72480
2015-8,39079100,其他聚酯，不飽和者，初級狀態,菲律賓,出口總值(含復出口),430.5678,230680
2015-8,39079100,其他聚酯，不飽和者，初級狀態,越南,出口總值(含復出口),8883.849,7293881
2015-8,39079100,其他聚酯，不飽和者，初級狀態,愛爾蘭,出口總值(含復出口),52.71293,101920
2015-8,39079100,其他聚酯，不飽和者，初級狀態,新加坡,出口總值(含復出口),87.16088,52800
2015-8,39079100,其他聚酯，不飽和者，初級狀態,義大利,出口總值(含復出口),70.15772,36000
2015-8,39079100,其他聚酯，不飽和者，初級狀態,模里西斯,出口總值(含復出口),56.6246,30900
2015-8,39079100,其他聚酯，不飽和者，初級狀態,緬甸,出口總值(含復出口),110.3155,69000
2015-8,39079100,其他聚酯，不飽和者，初級狀態,黎巴嫩,出口總值(含復出口),30.694,19360
2015-8,39079100,其他聚酯，不飽和者，初級狀態,澳大利亞,出口總值(含復出口),820.2208,527086
2015-8,39094000,酚樹脂，初級狀態,中國大陸,進口總值(含復進口),260.6309,102650
2015-8,39094000,酚樹脂，初級狀態,中華民國,進口總值(含復進口),6.24605,940
2015-8,39094000,酚樹脂，初級狀態,日本,進口總值(含復進口),1307.476,152893
2015-8,39094000,酚樹脂，初級狀態,加拿大,進口總值(含復進口),11.29337,2839
2015-8,39094000,酚樹脂，初級狀態,印度,進口總值(含復進口),13.05993,17600
2015-8,39094000,酚樹脂，初級狀態,南韓,進口總值(含復進口),320.2208,87600
2015-8,39094000,酚樹脂，初級狀態,美國,進口總值(含復進口),249.9369,52865
2015-8,39094000,酚樹脂，初級狀態,英國,進口總值(含復進口),1.7981,75
2015-8,39094000,酚樹脂，初級狀態,泰國,進口總值(含復進口),29.02208,15000
2015-8,39094000,酚樹脂，初級狀態,新加坡,進口總值(含復進口),43.09148,17000
2015-8,39094000,酚樹脂，初級狀態,瑞士,進口總值(含復進口),19.87381,600
2015-8,39094000,酚樹脂，初級狀態,德國,進口總值(含復進口),472.0189,97123
2015-8,39094000,酚樹脂，初級狀態,土耳其,出口總值(含復出口),199.7161,208000
2015-8,39094000,酚樹脂，初級狀態,中國大陸,出口總值(含復出口),5666.498,3428582
2015-8,39094000,酚樹脂，初級狀態,日本,出口總值(含復出口),584.4795,231550
2015-8,39094000,酚樹脂，初級狀態,印尼,出口總值(含復出口),14.88958,9680
2015-8,39094000,酚樹脂，初級狀態,印度,出口總值(含復出口),71.4511,57600
2015-8,39094000,酚樹脂，初級狀態,南韓,出口總值(含復出口),112.8707,74300
2015-8,39094000,酚樹脂，初級狀態,香港,出口總值(含復出口),156.6246,102050
2015-8,39094000,酚樹脂，初級狀態,泰國,出口總值(含復出口),213.7855,100200
2015-8,39094000,酚樹脂，初級狀態,馬來西亞,出口總值(含復出口),84.03785,30000
2015-8,39094000,酚樹脂，初級狀態,斯洛維尼亞,出口總值(含復出口),40.25236,32000
2015-8,39094000,酚樹脂，初級狀態,菲律賓,出口總值(含復出口),149.5268,112220
2015-8,39094000,酚樹脂，初級狀態,越南,出口總值(含復出口),298.4543,167712
2015-8,39094000,酚樹脂，初級狀態,新加坡,出口總值(含復出口),21.19873,8400
2015-8,39094000,酚樹脂，初級狀態,澳大利亞,出口總值(含復出口),15.70977,10700
2015-9,39079100,其他聚酯，不飽和者，初級狀態,中國大陸,進口總值(含復進口),343.3702,191135
2015-9,39079100,其他聚酯，不飽和者，初級狀態,中華民國,進口總值(含復進口),26.88766,17600
2015-9,39079100,其他聚酯，不飽和者，初級狀態,日本,進口總值(含復進口),255.6169,34074
2015-9,39079100,其他聚酯，不飽和者，初級狀態,比利時,進口總值(含復進口),82.41252,25471
2015-9,39079100,其他聚酯，不飽和者，初級狀態,南韓,進口總值(含復進口),66.17556,16840
2015-9,39079100,其他聚酯，不飽和者，初級狀態,美國,進口總值(含復進口),78.97483,8061
2015-9,39079100,其他聚酯，不飽和者，初級狀態,泰國,進口總值(含復進口),36.61755,8360
2015-9,39079100,其他聚酯，不飽和者，初級狀態,義大利,進口總值(含復進口),7.58133,1600
2015-9,39079100,其他聚酯，不飽和者，初級狀態,德國,進口總值(含復進口),62.76856,22000
2015-9,39079100,其他聚酯，不飽和者，初級狀態,中國大陸,出口總值(含復出口),1872.652,846466
2015-9,39079100,其他聚酯，不飽和者，初級狀態,巴布亞紐幾內亞,出口總值(含復出口),21.88459,11220
2015-9,39079100,其他聚酯，不飽和者，初級狀態,巴基斯坦,出口總值(含復出口),22.3143,12000
2015-9,39079100,其他聚酯，不飽和者，初級狀態,日本,出口總值(含復出口),2486.157,1986880
2015-9,39079100,其他聚酯，不飽和者，初級狀態,以色列,出口總值(含復出口),55.34069,35400
2015-9,39079100,其他聚酯，不飽和者，初級狀態,印尼,出口總值(含復出口),108.9626,69364
2015-9,39079100,其他聚酯，不飽和者，初級狀態,印度,出口總值(含復出口),311.326,160820
2015-9,39079100,其他聚酯，不飽和者，初級狀態,奈及利亞,出口總值(含復出口),115.2241,70192
2015-9,39079100,其他聚酯，不飽和者，初級狀態,孟加拉,出口總值(含復出口),1274.586,1079685
2015-9,39079100,其他聚酯，不飽和者，初級狀態,阿拉伯聯合大公國,出口總值(含復出口),160.9576,102120
2015-9,39079100,其他聚酯，不飽和者，初級狀態,南非,出口總值(含復出口),420.8717,241640
2015-9,39079100,其他聚酯，不飽和者，初級狀態,南韓,出口總值(含復出口),45.39594,16000
2015-9,39079100,其他聚酯，不飽和者，初級狀態,柬埔寨,出口總值(含復出口),325.0153,195800
2015-9,39079100,其他聚酯，不飽和者，初級狀態,美國,出口總值(含復出口),4.08225,498
2015-9,39079100,其他聚酯，不飽和者，初級狀態,香港,出口總值(含復出口),509.822,166438
2015-9,39079100,其他聚酯，不飽和者，初級狀態,哥斯大黎加,出口總值(含復出口),31.12338,17160
2015-9,39079100,其他聚酯，不飽和者，初級狀態,埃及,出口總值(含復出口),661.9091,410300
2015-9,39079100,其他聚酯，不飽和者，初級狀態,泰國,出口總值(含復出口),52.20994,30360
2015-9,39079100,其他聚酯，不飽和者，初級狀態,秘魯,出口總值(含復出口),186.4641,220000
2015-9,39079100,其他聚酯，不飽和者，初級狀態,紐西蘭,出口總值(含復出口),123.3886,65790
2015-9,39079100,其他聚酯，不飽和者，初級狀態,馬來西亞,出口總值(含復出口),92.63351,45370
2015-9,39079100,其他聚酯，不飽和者，初級狀態,斯里蘭卡,出口總值(含復出口),82.44321,54120
2015-9,39079100,其他聚酯，不飽和者，初級狀態,菲律賓,出口總值(含復出口),849.5396,522580
2015-9,39079100,其他聚酯，不飽和者，初級狀態,越南,出口總值(含復出口),7719.429,7129935
2015-9,39079100,其他聚酯，不飽和者，初級狀態,新加坡,出口總值(含復出口),329.0976,224400
2015-9,39079100,其他聚酯，不飽和者，初級狀態,模里西斯,出口總值(含復出口),60.49723,35200
2015-9,39079100,其他聚酯，不飽和者，初級狀態,緬甸,出口總值(含復出口),23.44996,16280
2015-9,39079100,其他聚酯，不飽和者，初級狀態,黎巴嫩,出口總值(含復出口),5.55555,3000
2015-9,39079100,其他聚酯，不飽和者，初級狀態,澳大利亞,出口總值(含復出口),721.8232,468290
2015-9,39094000,酚樹脂，初級狀態,中國大陸,進口總值(含復進口),343.5236,137400
2015-9,39094000,酚樹脂，初級狀態,日本,進口總值(含復進口),1507.397,159887
2015-9,39094000,酚樹脂，初級狀態,印度,進口總值(含復進口),14.24186,17925
2015-9,39094000,酚樹脂，初級狀態,法國,進口總值(含復進口),18.20135,4000
2015-9,39094000,酚樹脂，初級狀態,南韓,進口總值(含復進口),501.504,121160
2015-9,39094000,酚樹脂，初級狀態,美國,進口總值(含復進口),422.7747,102162
2015-9,39094000,酚樹脂，初級狀態,泰國,進口總值(含復進口),29.34315,15000
2015-9,39094000,酚樹脂，初級狀態,瑞士,進口總值(含復進口),20.25782,600
2015-9,39094000,酚樹脂，初級狀態,德國,進口總值(含復進口),293.2167,54329
2015-9,39094000,酚樹脂，初級狀態,土耳其,出口總值(含復出口),215.5924,222000
2015-9,39094000,酚樹脂，初級狀態,中國大陸,出口總值(含復出口),4591.375,2780350
2015-9,39094000,酚樹脂，初級狀態,日本,出口總值(含復出口),865.1627,298115
2015-9,39094000,酚樹脂，初級狀態,伊朗,出口總值(含復出口),101.2277,32000
2015-9,39094000,酚樹脂，初級狀態,印尼,出口總值(含復出口),80.87783,34100
2015-9,39094000,酚樹脂，初級狀態,印度,出口總值(含復出口),37.29281,23500
2015-9,39094000,酚樹脂，初級狀態,南非,出口總值(含復出口),42.35727,36000
2015-9,39094000,酚樹脂，初級狀態,南韓,出口總值(含復出口),190.9761,110225
2015-9,39094000,酚樹脂，初級狀態,香港,出口總值(含復出口),255.0338,131340
2015-9,39094000,酚樹脂，初級狀態,泰國,出口總值(含復出口),240.6384,117840
2015-9,39094000,酚樹脂，初級狀態,烏克蘭,出口總值(含復出口),21.14794,16025
2015-9,39094000,酚樹脂，初級狀態,馬來西亞,出口總值(含復出口),133.1492,51158
2015-9,39094000,酚樹脂，初級狀態,菲律賓,出口總值(含復出口),193.8306,169600
2015-9,39094000,酚樹脂，初級狀態,越南,出口總值(含復出口),214.7637,130060
2015-9,39094000,酚樹脂，初級狀態,新加坡,出口總值(含復出口),67.9251,24000
2015-9,39094000,酚樹脂，初級狀態,義大利,出口總值(含復出口),14.82504,8000
2015-9,39094000,酚樹脂，初級狀態,德國,出口總值(含復出口),9.51503,3950
2015-10,39079100,其他聚酯，不飽和者，初級狀態,中國大陸,進口總值(含復進口),248.071,179815
2015-10,39079100,其他聚酯，不飽和者，初級狀態,中華民國,進口總值(含復進口),27.43417,15400
2015-10,39079100,其他聚酯，不飽和者，初級狀態,日本,進口總值(含復進口),230.4654,93272
2015-10,39079100,其他聚酯，不飽和者，初級狀態,比利時,進口總值(含復進口),202.2658,63940
2015-10,39079100,其他聚酯，不飽和者，初級狀態,南韓,進口總值(含復進口),66.19718,18000
2015-10,39079100,其他聚酯，不飽和者，初級狀態,美國,進口總值(含復進口),276.1482,53110
2015-10,39079100,其他聚酯，不飽和者，初級狀態,泰國,進口總值(含復進口),28.44458,6840
2015-10,39079100,其他聚酯，不飽和者，初級狀態,新加坡,進口總值(含復進口),24.03551,6640
2015-10,39079100,其他聚酯，不飽和者，初級狀態,義大利,進口總值(含復進口),10.41028,1200
2015-10,39079100,其他聚酯，不飽和者，初級狀態,德國,進口總值(含復進口),2.57195,900
2015-10,39079100,其他聚酯，不飽和者，初級狀態,中國大陸,出口總值(含復出口),1588.732,705050
2015-10,39079100,其他聚酯，不飽和者，初級狀態,巴基斯坦,出口總值(含復出口),23.75995,17600
2015-10,39079100,其他聚酯，不飽和者，初級狀態,日本,出口總值(含復出口),2513.625,1851629
2015-10,39079100,其他聚酯，不飽和者，初級狀態,以色列,出口總值(含復出口),66.44213,45500
2015-10,39079100,其他聚酯，不飽和者，初級狀態,瓜地馬拉,出口總值(含復出口),28.56705,18000
2015-10,39079100,其他聚酯，不飽和者，初級狀態,印尼,出口總值(含復出口),152.2045,88400
2015-10,39079100,其他聚酯，不飽和者，初級狀態,印度,出口總值(含復出口),331.2309,193000
2015-10,39079100,其他聚酯，不飽和者，初級狀態,奈及利亞,出口總值(含復出口),94.24372,65220
2015-10,39079100,其他聚酯，不飽和者，初級狀態,孟加拉,出口總值(含復出口),824.3417,627030
2015-10,39079100,其他聚酯，不飽和者，初級狀態,肯亞,出口總值(含復出口),33.6191,17600
2015-10,39079100,其他聚酯，不飽和者，初級狀態,阿拉伯聯合大公國,出口總值(含復出口),285.7012,205680
2015-10,39079100,其他聚酯，不飽和者，初級狀態,南非,出口總值(含復出口),202.4495,105600
2015-10,39079100,其他聚酯，不飽和者，初級狀態,南韓,出口總值(含復出口),46.81567,16500
2015-10,39079100,其他聚酯，不飽和者，初級狀態,柬埔寨,出口總值(含復出口),168.4017,104720
2015-10,39079100,其他聚酯，不飽和者，初級狀態,美國,出口總值(含復出口),6.3074,650
2015-10,39079100,其他聚酯，不飽和者，初級狀態,香港,出口總值(含復出口),359.0018,152730
2015-10,39079100,其他聚酯，不飽和者，初級狀態,哥斯大黎加,出口總值(含復出口),29.69993,16280
2015-10,39079100,其他聚酯，不飽和者，初級狀態,埃及,出口總值(含復出口),124.6479,78600
2015-10,39079100,其他聚酯，不飽和者，初級狀態,泰國,出口總值(含復出口),287.5383,191700
2015-10,39079100,其他聚酯，不飽和者，初級狀態,紐西蘭,出口總值(含復出口),23.11696,13200
2015-10,39079100,其他聚酯，不飽和者，初級狀態,馬來西亞,出口總值(含復出口),67.36068,41360
2015-10,39079100,其他聚酯，不飽和者，初級狀態,斯里蘭卡,出口總值(含復出口),126.485,75508
2015-10,39079100,其他聚酯，不飽和者，初級狀態,菲律賓,出口總值(含復出口),940.692,596014
2015-10,39079100,其他聚酯，不飽和者，初級狀態,越南,出口總值(含復出口),8870.055,8017015
2015-10,39079100,其他聚酯，不飽和者，初級狀態,新加坡,出口總值(含復出口),97.42804,70400
2015-10,39079100,其他聚酯，不飽和者，初級狀態,瑞典,出口總值(含復出口),24.92345,13240
2015-10,39079100,其他聚酯，不飽和者，初級狀態,模里西斯,出口總值(含復出口),52.05143,29720
2015-10,39079100,其他聚酯，不飽和者，初級狀態,緬甸,出口總值(含復出口),10.04286,7040
2015-10,39079100,其他聚酯，不飽和者，初級狀態,黎巴嫩,出口總值(含復出口),9.64482,4980
2015-10,39079100,其他聚酯，不飽和者，初級狀態,澳大利亞,出口總值(含復出口),753.8885,532727
2015-10,39094000,酚樹脂，初級狀態,中國大陸,進口總值(含復進口),339.0998,133490
2015-10,39094000,酚樹脂，初級狀態,日本,進口總值(含復進口),1175.903,143887
2015-10,39094000,酚樹脂，初級狀態,比利時,進口總值(含復進口),16.38089,5600
2015-10,39094000,酚樹脂，初級狀態,加拿大,進口總值(含復進口),0.42865,72
2015-10,39094000,酚樹脂，初級狀態,印度,進口總值(含復進口),20.88181,4020
2015-10,39094000,酚樹脂，初級狀態,南韓,進口總值(含復進口),486.8953,118614
2015-10,39094000,酚樹脂，初級狀態,美國,進口總值(含復進口),277.1586,76513
2015-10,39094000,酚樹脂，初級狀態,英國,進口總值(含復進口),5.1439,100
2015-10,39094000,酚樹脂，初級狀態,泰國,進口總值(含復進口),82.97611,33800
2015-10,39094000,酚樹脂，初級狀態,新加坡,進口總值(含復進口),80.25107,25000
2015-10,39094000,酚樹脂，初級狀態,瑞士,進口總值(含復進口),33.71096,1000
2015-10,39094000,酚樹脂，初級狀態,德國,進口總值(含復進口),311.9106,55548
2015-10,39094000,酚樹脂，初級狀態,土耳其,出口總值(含復出口),147.6118,146000
2015-10,39094000,酚樹脂，初級狀態,中國大陸,出口總值(含復出口),5266.381,3226925
2015-10,39094000,酚樹脂，初級狀態,日本,出口總值(含復出口),562.3699,179660
2015-10,39094000,酚樹脂，初級狀態,比利時,出口總值(含復出口),4.71524,3200
2015-10,39094000,酚樹脂，初級狀態,印尼,出口總值(含復出口),22.84139,11930
2015-10,39094000,酚樹脂，初級狀態,印度,出口總值(含復出口),47.15248,23000
2015-10,39094000,酚樹脂，初級狀態,南韓,出口總值(含復出口),78.68952,40000
2015-10,39094000,酚樹脂，初級狀態,美國,出口總值(含復出口),2.60257,160
2015-10,39094000,酚樹脂，初級狀態,香港,出口總值(含復出口),82.70054,52200
2015-10,39094000,酚樹脂，初級狀態,泰國,出口總值(含復出口),243.6314,128674
2015-10,39094000,酚樹脂，初級狀態,秘魯,出口總值(含復出口),40.66135,36000
2015-10,39094000,酚樹脂，初級狀態,馬來西亞,出口總值(含復出口),143.1721,57700
2015-10,39094000,酚樹脂，初級狀態,菲律賓,出口總值(含復出口),94.703,84860
2015-10,39094000,酚樹脂，初級狀態,越南,出口總值(含復出口),295.1929,151067
2015-10,39094000,酚樹脂，初級狀態,新加坡,出口總值(含復出口),28.3221,15000
2015-10,39094000,酚樹脂，初級狀態,義大利,出口總值(含復出口),65.18677,64025
2015-10,39094000,酚樹脂，初級狀態,墨西哥,出口總值(含復出口),5.66442,3760
2015-11,39079100,其他聚酯，不飽和者，初級狀態,中國大陸,進口總值(含復進口),499.3227,273524
2015-11,39079100,其他聚酯，不飽和者，初級狀態,日本,進口總值(含復進口),271.6441,89189
2015-11,39079100,其他聚酯，不飽和者，初級狀態,比利時,進口總值(含復進口),105.0493,30355
2015-11,39079100,其他聚酯，不飽和者，初級狀態,南韓,進口總值(含復進口),164.3165,87620
2015-11,39079100,其他聚酯，不飽和者，初級狀態,美國,進口總值(含復進口),5.75738,108
2015-11,39079100,其他聚酯，不飽和者，初級狀態,英國,進口總值(含復進口),0.89285,120
2015-11,39079100,其他聚酯，不飽和者，初級狀態,義大利,進口總值(含復進口),40.85591,16000
2015-11,39079100,其他聚酯，不飽和者，初級狀態,聖多美普林西比,進口總值(含復進口),2.67857,3
2015-11,39079100,其他聚酯，不飽和者，初級狀態,德國,進口總值(含復進口),86.39162,15083
2015-11,39079100,其他聚酯，不飽和者，初級狀態,中國大陸,出口總值(含復出口),865.3325,483163
2015-11,39079100,其他聚酯，不飽和者，初級狀態,日本,出口總值(含復出口),2059.76,1485681
2015-11,39079100,其他聚酯，不飽和者，初級狀態,比利時,出口總值(含復出口),129.8337,44018
2015-11,39079100,其他聚酯，不飽和者，初級狀態,以色列,出口總值(含復出口),18.75,13420
2015-11,39079100,其他聚酯，不飽和者，初級狀態,印尼,出口總值(含復出口),71.49014,51974
2015-11,39079100,其他聚酯，不飽和者，初級狀態,印度,出口總值(含復出口),294.6121,163420
2015-11,39079100,其他聚酯，不飽和者，初級狀態,多明尼加,出口總值(含復出口),337.9618,206400
2015-11,39079100,其他聚酯，不飽和者，初級狀態,西班牙,出口總值(含復出口),24.29187,20000
2015-11,39079100,其他聚酯，不飽和者，初級狀態,奈及利亞,出口總值(含復出口),234.298,157700
2015-11,39079100,其他聚酯，不飽和者，初級狀態,孟加拉,出口總值(含復出口),1194.828,972641
2015-11,39079100,其他聚酯，不飽和者，初級狀態,阿拉伯聯合大公國,出口總值(含復出口),278.3559,212392
2015-11,39079100,其他聚酯，不飽和者，初級狀態,南非,出口總值(含復出口),32.32758,17320
2015-11,39079100,其他聚酯，不飽和者，初級狀態,南韓,出口總值(含復出口),45.75123,16000
2015-11,39079100,其他聚酯，不飽和者，初級狀態,柬埔寨,出口總值(含復出口),83.95935,52800
2015-11,39079100,其他聚酯，不飽和者，初級狀態,香港,出口總值(含復出口),363.3313,147305
2015-11,39079100,其他聚酯，不飽和者，初級狀態,哥斯大黎加,出口總值(含復出口),30.26477,17600
2015-11,39079100,其他聚酯，不飽和者，初級狀態,埃及,出口總值(含復出口),816.9951,596780
2015-11,39079100,其他聚酯，不飽和者，初級狀態,泰國,出口總值(含復出口),282.2044,187220
2015-11,39079100,其他聚酯，不飽和者，初級狀態,紐西蘭,出口總值(含復出口),5.60344,1950
2015-11,39079100,其他聚酯，不飽和者，初級狀態,馬來西亞,出口總值(含復出口),74.50738,36140
2015-11,39079100,其他聚酯，不飽和者，初級狀態,斯里蘭卡,出口總值(含復出口),25.03078,16720
2015-11,39079100,其他聚酯，不飽和者，初級狀態,菲律賓,出口總值(含復出口),828.4175,553724
2015-11,39079100,其他聚酯，不飽和者，初級狀態,越南,出口總值(含復出口),6395.69,5813973
2015-11,39079100,其他聚酯，不飽和者，初級狀態,新加坡,出口總值(含復出口),313.67,227700
2015-11,39079100,其他聚酯，不飽和者，初級狀態,義大利,出口總值(含復出口),104.8953,57800
2015-11,39079100,其他聚酯，不飽和者，初級狀態,模里西斯,出口總值(含復出口),30.69581,17265
2015-11,39079100,其他聚酯，不飽和者，初級狀態,緬甸,出口總值(含復出口),76.35467,53600
2015-11,39079100,其他聚酯，不飽和者，初級狀態,黎巴嫩,出口總值(含復出口),30.2032,20600
2015-11,39079100,其他聚酯，不飽和者，初級狀態,澳大利亞,出口總值(含復出口),554.0025,366987
2015-11,39094000,酚樹脂，初級狀態,中國大陸,進口總值(含復進口),341.2562,127280
2015-11,39094000,酚樹脂，初級狀態,中華民國,進口總值(含復進口),34.57512,7958
2015-11,39094000,酚樹脂，初級狀態,日本,進口總值(含復進口),1506.435,147116
2015-11,39094000,酚樹脂，初級狀態,加拿大,進口總值(含復進口),4.55665,1002
2015-11,39094000,酚樹脂，初級狀態,印度,進口總值(含復進口),20.25862,8750
2015-11,39094000,酚樹脂，初級狀態,南韓,進口總值(含復進口),498.0296,98261
2015-11,39094000,酚樹脂，初級狀態,美國,進口總值(含復進口),424.8461,85484
2015-11,39094000,酚樹脂，初級狀態,新加坡,進口總值(含復進口),7.63546,1240
2015-11,39094000,酚樹脂，初級狀態,瑞士,進口總值(含復進口),43.28817,1300
2015-11,39094000,酚樹脂，初級狀態,德國,進口總值(含復進口),381.8658,81440
2015-11,39094000,酚樹脂，初級狀態,土耳其,出口總值(含復出口),293.4421,302000
2015-11,39094000,酚樹脂，初級狀態,中國大陸,出口總值(含復出口),5195.259,3349155
2015-11,39094000,酚樹脂，初級狀態,日本,出口總值(含復出口),731.3732,218066
2015-11,39094000,酚樹脂，初級狀態,伊朗,出口總值(含復出口),51.016,16000
2015-11,39094000,酚樹脂，初級狀態,印尼,出口總值(含復出口),140.0862,57780
2015-11,39094000,酚樹脂，初級狀態,印度,出口總值(含復出口),78.20197,57100
2015-11,39094000,酚樹脂，初級狀態,南非,出口總值(含復出口),64.22413,54000
2015-11,39094000,酚樹脂，初級狀態,南韓,出口總值(含復出口),130.5727,61600
2015-11,39094000,酚樹脂，初級狀態,香港,出口總值(含復出口),233.6823,148890
2015-11,39094000,酚樹脂，初級狀態,泰國,出口總值(含復出口),272.9372,131040
2015-11,39094000,酚樹脂，初級狀態,馬來西亞,出口總值(含復出口),39.22413,21000
2015-11,39094000,酚樹脂，初級狀態,菲律賓,出口總值(含復出口),115.8559,103440
2015-11,39094000,酚樹脂，初級狀態,越南,出口總值(含復出口),319.1194,190170
2015-11,39094000,酚樹脂，初級狀態,新加坡,出口總值(含復出口),12.56157,4660
2015-11,39094000,酚樹脂，初級狀態,墨西哥,出口總值(含復出口),4.24876,1520
2015-12,39079100,其他聚酯，不飽和者，初級狀態,中國大陸,進口總值(含復進口),339.5406,195580
2015-12,39079100,其他聚酯，不飽和者，初級狀態,中華民國,進口總值(含復進口),9.15773,5280
2015-12,39079100,其他聚酯，不飽和者，初級狀態,日本,進口總值(含復進口),245.3905,76172
2015-12,39079100,其他聚酯，不飽和者，初級狀態,比利時,進口總值(含復進口),6.83001,1455
2015-12,39079100,其他聚酯，不飽和者，初級狀態,南韓,進口總值(含復進口),156.9985,57200
2015-12,39079100,其他聚酯，不飽和者，初級狀態,美國,進口總值(含復進口),0.45941,5
2015-12,39079100,其他聚酯，不飽和者，初級狀態,泰國,進口總值(含復進口),95.77335,23180
2015-12,39079100,其他聚酯，不飽和者，初級狀態,新加坡,進口總值(含復進口),5.14548,1600
2015-12,39079100,其他聚酯，不飽和者，初級狀態,義大利,進口總值(含復進口),3.61408,360
2015-12,39079100,其他聚酯，不飽和者，初級狀態,德國,進口總值(含復進口),41.62327,10000
2015-12,39079100,其他聚酯，不飽和者，初級狀態,土耳其,出口總值(含復出口),3.24655,2200
2015-12,39079100,其他聚酯，不飽和者，初級狀態,中國大陸,出口總值(含復出口),798.3767,326945
2015-12,39079100,其他聚酯，不飽和者，初級狀態,巴基斯坦,出口總值(含復出口),24.22664,17600
2015-12,39079100,其他聚酯，不飽和者，初級狀態,日本,出口總值(含復出口),1755.62,1436422
2015-12,39079100,其他聚酯，不飽和者，初級狀態,以色列,出口總值(含復出口),23.24655,15840
2015-12,39079100,其他聚酯，不飽和者，初級狀態,伊朗,出口總值(含復出口),38.4686,19800
2015-12,39079100,其他聚酯，不飽和者，初級狀態,印尼,出口總值(含復出口),110.5666,80142
2015-12,39079100,其他聚酯，不飽和者，初級狀態,印度,出口總值(含復出口),294.8545,175604
2015-12,39079100,其他聚酯，不飽和者，初級狀態,奈及利亞,出口總值(含復出口),111.9142,69460
2015-12,39079100,其他聚酯，不飽和者，初級狀態,孟加拉,出口總值(含復出口),1333.844,1170500
2015-12,39079100,其他聚酯，不飽和者，初級狀態,阿拉伯聯合大公國,出口總值(含復出口),257.611,177060
2015-12,39079100,其他聚酯，不飽和者，初級狀態,南非,出口總值(含復出口),228.3002,123200
2015-12,39079100,其他聚酯，不飽和者，初級狀態,南韓,出口總值(含復出口),2.9709,500
2015-12,39079100,其他聚酯，不飽和者，初級狀態,柬埔寨,出口總值(含復出口),314.5482,205472
2015-12,39079100,其他聚酯，不飽和者，初級狀態,香港,出口總值(含復出口),540.8576,254772
2015-12,39079100,其他聚酯，不飽和者，初級狀態,哥斯大黎加,出口總值(含復出口),30.13782,17600
2015-12,39079100,其他聚酯，不飽和者，初級狀態,埃及,出口總值(含復出口),577.4885,421260
2015-12,39079100,其他聚酯，不飽和者，初級狀態,泰國,出口總值(含復出口),258.8974,179420
2015-12,39079100,其他聚酯，不飽和者，初級狀態,秘魯,出口總值(含復出口),49.3415,34980
2015-12,39079100,其他聚酯，不飽和者，初級狀態,紐西蘭,出口總值(含復出口),73.0781,43520
2015-12,39079100,其他聚酯，不飽和者，初級狀態,馬來西亞,出口總值(含復出口),102.5421,65030
2015-12,39079100,其他聚酯，不飽和者，初級狀態,斯里蘭卡,出口總值(含復出口),52.22052,35330
2015-12,39079100,其他聚酯，不飽和者，初級狀態,菲律賓,出口總值(含復出口),686.585,437755
2015-12,39079100,其他聚酯，不飽和者，初級狀態,越南,出口總值(含復出口),5869.372,5195840
2015-12,39079100,其他聚酯，不飽和者，初級狀態,新加坡,出口總值(含復出口),309.6478,228800
2015-12,39079100,其他聚酯，不飽和者，初級狀態,模里西斯,出口總值(含復出口),42.38897,25740
2015-12,39079100,其他聚酯，不飽和者，初級狀態,澳大利亞,出口總值(含復出口),507.075,340824
2015-12,39094000,酚樹脂，初級狀態,中國大陸,進口總值(含復進口),515.7121,219140
2015-12,39094000,酚樹脂，初級狀態,日本,進口總值(含復進口),1588.637,198655
2015-12,39094000,酚樹脂，初級狀態,印度,進口總值(含復進口),0.5513,300
2015-12,39094000,酚樹脂，初級狀態,南韓,進口總值(含復進口),370.0153,98080
2015-12,39094000,酚樹脂，初級狀態,美國,進口總值(含復進口),123.7672,27132
2015-12,39094000,酚樹脂，初級狀態,泰國,進口總值(含復進口),65.35987,27800
2015-12,39094000,酚樹脂，初級狀態,新加坡,進口總值(含復進口),22.69525,9750
2015-12,39094000,酚樹脂，初級狀態,瑞士,進口總值(含復進口),38.83614,1200
2015-12,39094000,酚樹脂，初級狀態,德國,進口總值(含復進口),111.4855,25761
2015-12,39094000,酚樹脂，初級狀態,土耳其,出口總值(含復出口),228.6064,240000
2015-12,39094000,酚樹脂，初級狀態,中國大陸,出口總值(含復出口),5020.031,3459791
2015-12,39094000,酚樹脂，初級狀態,日本,出口總值(含復出口),364.1041,113827
2015-12,39094000,酚樹脂，初級狀態,比利時,出口總值(含復出口),4.34915,3200
2015-12,39094000,酚樹脂，初級狀態,印度,出口總值(含復出口),63.15467,49500
2015-12,39094000,酚樹脂，初級狀態,南非,出口總值(含復出口),24.50229,20000
2015-12,39094000,酚樹脂，初級狀態,南韓,出口總值(含復出口),22.35834,16600
2015-12,39094000,酚樹脂，初級狀態,香港,出口總值(含復出口),92.95558,63520
2015-12,39094000,酚樹脂，初級狀態,泰國,出口總值(含復出口),168.6371,81040
2015-12,39094000,酚樹脂，初級狀態,馬來西亞,出口總值(含復出口),85.57427,30060
2015-12,39094000,酚樹脂，初級狀態,菲律賓,出口總值(含復出口),82.2052,59800
2015-12,39094000,酚樹脂，初級狀態,越南,出口總值(含復出口),301.9295,185176
2015-12,39094000,酚樹脂，初級狀態,新加坡,出口總值(含復出口),11.39356,5500
2015-12,39094000,酚樹脂，初級狀態,義大利,出口總值(含復出口),17.73353,16000
2015-12,39094000,酚樹脂，初級狀態,澳大利亞,出口總值(含復出口),3.24655,1000
2015-1,39095000,聚胺基甲酸乙酯，初級狀態,中國大陸,進口總值(含復進口),2109.814,535211
2015-1,39095000,聚胺基甲酸乙酯，初級狀態,中華民國,進口總值(含復進口),17.20666,2000
2015-1,39095000,聚胺基甲酸乙酯，初級狀態,日本,進口總值(含復進口),909.783,143059
2015-1,39095000,聚胺基甲酸乙酯，初級狀態,比利時,進口總值(含復進口),76.40767,13226
2015-1,39095000,聚胺基甲酸乙酯，初級狀態,加拿大,進口總值(含復進口),7.48663,900
2015-1,39095000,聚胺基甲酸乙酯，初級狀態,印度,進口總值(含復進口),83.13935,22200
2015-1,39095000,聚胺基甲酸乙酯，初級狀態,西班牙,進口總值(含復進口),127.2413,23560
2015-1,39095000,聚胺基甲酸乙酯，初級狀態,法國,進口總值(含復進口),332.9349,28000
2015-1,39095000,聚胺基甲酸乙酯，初級狀態,南韓,進口總值(含復進口),106.2284,30572
2015-1,39095000,聚胺基甲酸乙酯，初級狀態,美國,進口總值(含復進口),1569.141,170893
2015-1,39095000,聚胺基甲酸乙酯，初級狀態,英國,進口總值(含復進口),24.06417,5000
2015-1,39095000,聚胺基甲酸乙酯，初級狀態,泰國,進口總值(含復進口),4.78137,450
2015-1,39095000,聚胺基甲酸乙酯，初級狀態,馬來西亞,進口總值(含復進口),3.11418,760
2015-1,39095000,聚胺基甲酸乙酯，初級狀態,捷克,進口總值(含復進口),0.03145,1
2015-1,39095000,聚胺基甲酸乙酯，初級狀態,荷蘭,進口總值(含復進口),23.37212,3618
2015-1,39095000,聚胺基甲酸乙酯，初級狀態,新加坡,進口總值(含復進口),20.50959,3950
2015-1,39095000,聚胺基甲酸乙酯，初級狀態,義大利,進口總值(含復進口),99.15067,23500
2015-1,39095000,聚胺基甲酸乙酯，初級狀態,德國,進口總值(含復進口),1402.391,254589
2015-1,39095000,聚胺基甲酸乙酯，初級狀態,澳大利亞,進口總值(含復進口),5.50487,2326
2015-1,39095000,聚胺基甲酸乙酯，初級狀態,土耳其,出口總值(含復出口),224.6618,65000
2015-1,39095000,聚胺基甲酸乙酯，初級狀態,中國大陸,出口總值(含復出口),11801.48,3448853
2015-1,39095000,聚胺基甲酸乙酯，初級狀態,巴西,出口總值(含復出口),1082.227,327240
2015-1,39095000,聚胺基甲酸乙酯，初級狀態,巴拿馬,出口總值(含復出口),54.19943,17000
2015-1,39095000,聚胺基甲酸乙酯，初級狀態,巴基斯坦,出口總值(含復出口),12.17363,3000
2015-1,39095000,聚胺基甲酸乙酯，初級狀態,日本,出口總值(含復出口),383.8628,109830
2015-1,39095000,聚胺基甲酸乙酯，初級狀態,比利時,出口總值(含復出口),32.02264,12600
2015-1,39095000,聚胺基甲酸乙酯，初級狀態,伊朗,出口總值(含復出口),78.60962,23140
2015-1,39095000,聚胺基甲酸乙酯，初級狀態,印尼,出口總值(含復出口),1093.772,359369
2015-1,39095000,聚胺基甲酸乙酯，初級狀態,印度,出口總值(含復出口),882.0069,263820
2015-1,39095000,聚胺基甲酸乙酯，初級狀態,多明尼加,出口總值(含復出口),13.36898,3000
2015-1,39095000,聚胺基甲酸乙酯，初級狀態,西班牙,出口總值(含復出口),369.2671,120500
2015-1,39095000,聚胺基甲酸乙酯，初級狀態,孟加拉,出口總值(含復出口),206.889,83610
2015-1,39095000,聚胺基甲酸乙酯，初級狀態,波蘭,出口總值(含復出口),19.12551,5000
2015-1,39095000,聚胺基甲酸乙酯，初級狀態,法國,出口總值(含復出口),18.90531,5000
2015-1,39095000,聚胺基甲酸乙酯，初級狀態,阿根廷,出口總值(含復出口),52.28059,15000
2015-1,39095000,聚胺基甲酸乙酯，初級狀態,南非,出口總值(含復出口),11.07266,3000
2015-1,39095000,聚胺基甲酸乙酯，初級狀態,南韓,出口總值(含復出口),1918.182,484800
2015-1,39095000,聚胺基甲酸乙酯，初級狀態,柬埔寨,出口總值(含復出口),52.46932,18000
2015-1,39095000,聚胺基甲酸乙酯，初級狀態,美國,出口總值(含復出口),266.436,60383
2015-1,39095000,聚胺基甲酸乙酯，初級狀態,香港,出口總值(含復出口),2040.075,727377
2015-1,39095000,聚胺基甲酸乙酯，初級狀態,泰國,出口總值(含復出口),967.3482,368195
2015-1,39095000,聚胺基甲酸乙酯，初級狀態,秘魯,出口總值(含復出口),2.7367,600
2015-1,39095000,聚胺基甲酸乙酯，初級狀態,馬來西亞,出口總值(含復出口),559.4527,250639
2015-1,39095000,聚胺基甲酸乙酯，初級狀態,荷蘭,出口總值(含復出口),152.8783,31789
2015-1,39095000,聚胺基甲酸乙酯，初級狀態,斯里蘭卡,出口總值(含復出口),5.97672,960
2015-1,39095000,聚胺基甲酸乙酯，初級狀態,智利,出口總值(含復出口),79.05001,18500
2015-1,39095000,聚胺基甲酸乙酯，初級狀態,菲律賓,出口總值(含復出口),131.8654,41093
2015-1,39095000,聚胺基甲酸乙酯，初級狀態,越南,出口總值(含復出口),4930.418,1514910
2015-1,39095000,聚胺基甲酸乙酯，初級狀態,新加坡,出口總值(含復出口),68.85813,20944
2015-1,39095000,聚胺基甲酸乙酯，初級狀態,瑞典,出口總值(含復出口),50.99087,12400
2015-1,39095000,聚胺基甲酸乙酯，初級狀態,義大利,出口總值(含復出口),384.838,135017
2015-1,39095000,聚胺基甲酸乙酯，初級狀態,墨西哥,出口總值(含復出口),121.0758,32000
2015-1,39095000,聚胺基甲酸乙酯，初級狀態,澳大利亞,出口總值(含復出口),55.86662,19440
2015-1,39100010,矽油,中國大陸,進口總值(含復進口),506.3857,152855
2015-1,39100010,矽油,丹麥,進口總值(含復進口),0.15728,2
2015-1,39100010,矽油,日本,進口總值(含復進口),1138.628,255882
2015-1,39100010,矽油,比利時,進口總值(含復進口),24.18999,3120
2015-1,39100010,矽油,加拿大,進口總值(含復進口),100.755,5240
2015-1,39100010,矽油,西班牙,進口總值(含復進口),53.25574,14000
2015-1,39100010,矽油,法國,進口總值(含復進口),90.09122,30200
2015-1,39100010,矽油,南韓,進口總值(含復進口),249.481,17067
2015-1,39100010,矽油,美國,進口總值(含復進口),597.2947,61193
2015-1,39100010,矽油,英國,進口總值(含復進口),191.6955,78820
2015-1,39100010,矽油,泰國,進口總值(含復進口),166.3416,54930
2015-1,39100010,矽油,馬來西亞,進口總值(含復進口),10.60081,4000
2015-1,39100010,矽油,德國,進口總值(含復進口),433.2494,133180
2015-1,39100010,矽油,中國大陸,出口總值(含復出口),1240.327,167868
2015-1,39100010,矽油,巴基斯坦,出口總值(含復出口),11.54451,6000
2015-1,39100010,矽油,孟加拉,出口總值(含復出口),46.80717,68280
2015-1,39100010,矽油,香港,出口總值(含復出口),54.95438,11425
2015-1,39100010,矽油,埃及,出口總值(含復出口),0.53475,14
2015-1,39100010,矽油,泰國,出口總值(含復出口),2.13903,600
2015-1,39100010,矽油,馬來西亞,出口總值(含復出口),2.42214,200
2015-1,39100010,矽油,越南,出口總值(含復出口),61.40294,10480
2015-1,39100010,矽油,墨西哥,出口總值(含復出口),45.32871,14400
2015-1,39111010,石油樹脂,中國大陸,進口總值(含復進口),922.4913,387781
2015-1,39111010,石油樹脂,中華民國,進口總值(含復進口),44.2592,5202
2015-1,39111010,石油樹脂,日本,進口總值(含復進口),1086.159,427950
2015-1,39111010,石油樹脂,印尼,進口總值(含復進口),115.5395,72000
2015-1,39111010,石油樹脂,法國,進口總值(含復進口),22.743,7344
2015-1,39111010,石油樹脂,南韓,進口總值(含復進口),303.2715,104425
2015-1,39111010,石油樹脂,美國,進口總值(含復進口),318.402,120726
2015-1,39111010,石油樹脂,泰國,進口總值(含復進口),768.984,336500
2015-1,39111010,石油樹脂,荷蘭,進口總值(含復進口),0.03145,20
2015-1,39111010,石油樹脂,德國,進口總值(含復進口),1.13243,96
2015-1,39111010,石油樹脂,土耳其,出口總值(含復出口),74.74048,54000
2015-1,39111010,石油樹脂,中國大陸,出口總值(含復出口),3737.653,1415137
2015-1,39111010,石油樹脂,巴西,出口總值(含復出口),268.6694,156000
2015-1,39111010,石油樹脂,日本,出口總值(含復出口),466.9707,268200
2015-1,39111010,石油樹脂,比利時,出口總值(含復出口),162.5668,70500
2015-1,39111010,石油樹脂,加拿大,出口總值(含復出口),60.36489,41000
2015-1,39111010,石油樹脂,伊朗,出口總值(含復出口),23.84397,19000
2015-1,39111010,石油樹脂,印尼,出口總值(含復出口),363.3533,229400
2015-1,39111010,石油樹脂,印度,出口總值(含復出口),320.6669,249160
2015-1,39111010,石油樹脂,西班牙,出口總值(含復出口),184.838,92000
2015-1,39111010,石油樹脂,沙烏地阿拉伯,出口總值(含復出口),23.71815,16000
2015-1,39111010,石油樹脂,其他國家,出口總值(含復出口),0.18873,116
2015-1,39111010,石油樹脂,波蘭,出口總值(含復出口),28.90846,22000
2015-1,39111010,石油樹脂,法國,出口總值(含復出口),45.42308,30000
2015-1,39111010,石油樹脂,俄羅斯,出口總值(含復出口),50.36174,32000
2015-1,39111010,石油樹脂,南非,出口總值(含復出口),82.44731,48000
2015-1,39111010,石油樹脂,南韓,出口總值(含復出口),249.1035,161000
2015-1,39111010,石油樹脂,美國,出口總值(含復出口),1155.426,684000
2015-1,39111010,石油樹脂,英國,出口總值(含復出口),136.7411,90000
2015-1,39111010,石油樹脂,香港,出口總值(含復出口),16.51462,5825
2015-1,39111010,石油樹脂,泰國,出口總值(含復出口),307.3293,200000
2015-1,39111010,石油樹脂,秘魯,出口總值(含復出口),84.77508,48000
2015-1,39111010,石油樹脂,馬來西亞,出口總值(含復出口),490.8147,226000
2015-1,39111010,石油樹脂,斯里蘭卡,出口總值(含復出口),9.94023,6000
2015-1,39111010,石油樹脂,越南,出口總值(含復出口),721.2016,346975
2015-1,39111010,石油樹脂,新加坡,出口總值(含復出口),54.54545,35000
2015-1,39111010,石油樹脂,瑞典,出口總值(含復出口),72.75872,50000
2015-1,39111010,石油樹脂,義大利,出口總值(含復出口),150.6449,58000
2015-1,39111010,石油樹脂,德國,出口總值(含復出口),435.7974,233000
2015-1,39111010,石油樹脂,澳大利亞,出口總值(含復出口),211.576,106000
2015-1,39219010,玻璃纖維強化塑膠板、片及扁條,中國大陸,進口總值(含復進口),344.3536,31028
2015-1,39219010,玻璃纖維強化塑膠板、片及扁條,中華民國,進口總值(含復進口),2.86253,33
2015-1,39219010,玻璃纖維強化塑膠板、片及扁條,日本,進口總值(含復進口),900.0944,58434
2015-1,39219010,玻璃纖維強化塑膠板、片及扁條,法國,進口總值(含復進口),44.69959,3006
2015-1,39219010,玻璃纖維強化塑膠板、片及扁條,南韓,進口總值(含復進口),171.1859,67720
2015-1,39219010,玻璃纖維強化塑膠板、片及扁條,美國,進口總值(含復進口),141.7741,2545
2015-1,39219010,玻璃纖維強化塑膠板、片及扁條,香港,進口總值(含復進口),57.12488,3816
2015-1,39219010,玻璃纖維強化塑膠板、片及扁條,挪威,進口總值(含復進口),7.89556,710
2015-1,39219010,玻璃纖維強化塑膠板、片及扁條,泰國,進口總值(含復進口),79.83642,7210
2015-1,39219010,玻璃纖維強化塑膠板、片及扁條,斯洛伐克,進口總值(含復進口),2.20195,280
2015-1,39219010,玻璃纖維強化塑膠板、片及扁條,新加坡,進口總值(含復進口),5.9138,103
2015-1,39219010,玻璃纖維強化塑膠板、片及扁條,德國,進口總值(含復進口),59.201,6589
2015-1,39219010,玻璃纖維強化塑膠板、片及扁條,盧森堡,進口總值(含復進口),1.91884,15
2015-1,39219010,玻璃纖維強化塑膠板、片及扁條,中國大陸,出口總值(含復出口),924.536,80850
2015-1,39219010,玻璃纖維強化塑膠板、片及扁條,日本,出口總值(含復出口),125.1651,23503
2015-1,39219010,玻璃纖維強化塑膠板、片及扁條,加拿大,出口總值(含復出口),12.67694,2829
2015-1,39219010,玻璃纖維強化塑膠板、片及扁條,瓜地馬拉,出口總值(含復出口),0.37747,202
2015-1,39219010,玻璃纖維強化塑膠板、片及扁條,印度,出口總值(含復出口),78.7669,34513
2015-1,39219010,玻璃纖維強化塑膠板、片及扁條,宏都拉斯,出口總值(含復出口),0.78641,60
2015-1,39219010,玻璃纖維強化塑膠板、片及扁條,南韓,出口總值(含復出口),413.5263,30165
2015-1,39219010,玻璃纖維強化塑膠板、片及扁條,美國,出口總值(含復出口),362.8185,76777
2015-1,39219010,玻璃纖維強化塑膠板、片及扁條,香港,出口總值(含復出口),30.35544,2378
2015-1,39219010,玻璃纖維強化塑膠板、片及扁條,泰國,出口總值(含復出口),232.4316,40362
2015-1,39219010,玻璃纖維強化塑膠板、片及扁條,馬來西亞,出口總值(含復出口),33.53255,6689
2015-1,39219010,玻璃纖維強化塑膠板、片及扁條,斯里蘭卡,出口總值(含復出口),14.9418,750
2015-1,39219010,玻璃纖維強化塑膠板、片及扁條,菲律賓,出口總值(含復出口),44.7625,5566
2015-1,39219010,玻璃纖維強化塑膠板、片及扁條,越南,出口總值(含復出口),413.2432,49135
2015-1,39219010,玻璃纖維強化塑膠板、片及扁條,新加坡,出口總值(含復出口),41.99433,7650
2015-1,39219010,玻璃纖維強化塑膠板、片及扁條,瑞典,出口總值(含復出口),5.34759,340
2015-1,39219010,玻璃纖維強化塑膠板、片及扁條,德國,出口總值(含復出口),78.9871,14868
2015-2,39095000,聚胺基甲酸乙酯，初級狀態,中國大陸,進口總值(含復進口),1418.153,365171
2015-2,39095000,聚胺基甲酸乙酯，初級狀態,中華民國,進口總值(含復進口),34.64967,25321
2015-2,39095000,聚胺基甲酸乙酯，初級狀態,日本,進口總值(含復進口),1056.051,161562
2015-2,39095000,聚胺基甲酸乙酯，初級狀態,比利時,進口總值(含復進口),30.50955,5200
2015-2,39095000,聚胺基甲酸乙酯，初級狀態,印度,進口總值(含復進口),105.4777,27280
2015-2,39095000,聚胺基甲酸乙酯，初級狀態,西班牙,進口總值(含復進口),13.63057,3600
2015-2,39095000,聚胺基甲酸乙酯，初級狀態,法國,進口總值(含復進口),83.12101,10240
2015-2,39095000,聚胺基甲酸乙酯，初級狀態,南韓,進口總值(含復進口),71.0191,24223
2015-2,39095000,聚胺基甲酸乙酯，初級狀態,美國,進口總值(含復進口),964.0764,106281
2015-2,39095000,聚胺基甲酸乙酯，初級狀態,英國,進口總值(含復進口),7.10191,1560
2015-2,39095000,聚胺基甲酸乙酯，初級狀態,馬來西亞,進口總值(含復進口),25.19108,5392
2015-2,39095000,聚胺基甲酸乙酯，初級狀態,荷蘭,進口總值(含復進口),12.35668,1320
2015-2,39095000,聚胺基甲酸乙酯，初級狀態,新加坡,進口總值(含復進口),5.5414,500
2015-2,39095000,聚胺基甲酸乙酯，初級狀態,義大利,進口總值(含復進口),27.29299,6177
2015-2,39095000,聚胺基甲酸乙酯，初級狀態,德國,進口總值(含復進口),228.4076,37258
2015-2,39095000,聚胺基甲酸乙酯，初級狀態,墨西哥,進口總值(含復進口),20.41401,2800
2015-2,39095000,聚胺基甲酸乙酯，初級狀態,土耳其,出口總值(含復出口),95.82802,32250
2015-2,39095000,聚胺基甲酸乙酯，初級狀態,中國大陸,出口總值(含復出口),3102.134,850855
2015-2,39095000,聚胺基甲酸乙酯，初級狀態,巴西,出口總值(含復出口),1049.554,291410
2015-2,39095000,聚胺基甲酸乙酯，初級狀態,巴基斯坦,出口總值(含復出口),139.2038,52300
2015-2,39095000,聚胺基甲酸乙酯，初級狀態,日本,出口總值(含復出口),278.2166,99650
2015-2,39095000,聚胺基甲酸乙酯，初級狀態,比利時,出口總值(含復出口),204.9045,65200
2015-2,39095000,聚胺基甲酸乙酯，初級狀態,伊朗,出口總值(含復出口),526.4013,168040
2015-2,39095000,聚胺基甲酸乙酯，初級狀態,印尼,出口總值(含復出口),1430.987,473046
2015-2,39095000,聚胺基甲酸乙酯，初級狀態,印度,出口總值(含復出口),753.1529,245400
2015-2,39095000,聚胺基甲酸乙酯，初級狀態,西班牙,出口總值(含復出口),288.4076,105000
2015-2,39095000,聚胺基甲酸乙酯，初級狀態,孟加拉,出口總值(含復出口),106.5287,37608
2015-2,39095000,聚胺基甲酸乙酯，初級狀態,波蘭,出口總值(含復出口),58.2484,15000
2015-2,39095000,聚胺基甲酸乙酯，初級狀態,法國,出口總值(含復出口),36.75159,9581
2015-2,39095000,聚胺基甲酸乙酯，初級狀態,俄羅斯,出口總值(含復出口),27.48407,13600
2015-2,39095000,聚胺基甲酸乙酯，初級狀態,南韓,出口總值(含復出口),2648.917,665300
2015-2,39095000,聚胺基甲酸乙酯，初級狀態,柬埔寨,出口總值(含復出口),17.29299,4075
2015-2,39095000,聚胺基甲酸乙酯，初級狀態,美國,出口總值(含復出口),202.1656,51400
2015-2,39095000,聚胺基甲酸乙酯，初級狀態,香港,出口總值(含復出口),1522.484,608395
2015-2,39095000,聚胺基甲酸乙酯，初級狀態,埃及,出口總值(含復出口),0.79617,900
2015-2,39095000,聚胺基甲酸乙酯，初級狀態,泰國,出口總值(含復出口),1037.07,369809
2015-2,39095000,聚胺基甲酸乙酯，初級狀態,馬來西亞,出口總值(含復出口),531.6242,230353
2015-2,39095000,聚胺基甲酸乙酯，初級狀態,荷蘭,出口總值(含復出口),140.2866,30300
2015-2,39095000,聚胺基甲酸乙酯，初級狀態,智利,出口總值(含復出口),33.28025,8000
2015-2,39095000,聚胺基甲酸乙酯，初級狀態,菲律賓,出口總值(含復出口),235.2866,84758
2015-2,39095000,聚胺基甲酸乙酯，初級狀態,越南,出口總值(含復出口),3102.389,1049696
2015-2,39095000,聚胺基甲酸乙酯，初級狀態,新加坡,出口總值(含復出口),185.7962,50445
2015-2,39095000,聚胺基甲酸乙酯，初級狀態,瑞典,出口總值(含復出口),37.29299,9200
2015-2,39095000,聚胺基甲酸乙酯，初級狀態,德國,出口總值(含復出口),8.75796,2000
2015-2,39095000,聚胺基甲酸乙酯，初級狀態,墨西哥,出口總值(含復出口),111.4013,33100
2015-2,39100010,矽油,中國大陸,進口總值(含復進口),232.8981,55965
2015-2,39100010,矽油,日本,進口總值(含復進口),907.2611,270905
2015-2,39100010,矽油,法國,進口總值(含復進口),61.75159,17200
2015-2,39100010,矽油,南韓,進口總值(含復進口),191.4968,1178
2015-2,39100010,矽油,美國,進口總值(含復進口),124.2994,20280
2015-2,39100010,矽油,英國,進口總值(含復進口),52.10191,8800
2015-2,39100010,矽油,泰國,進口總值(含復進口),238.0573,87510
2015-2,39100010,矽油,瑞士,進口總值(含復進口),0.06369,0
2015-2,39100010,矽油,德國,進口總值(含復進口),6.97452,205
2015-2,39100010,矽油,中國大陸,出口總值(含復出口),260.0955,29251
2015-2,39100010,矽油,孟加拉,出口總值(含復出口),40.38216,43000
2015-2,39100010,矽油,美國,出口總值(含復出口),0.44585,3
2015-2,39100010,矽油,香港,出口總值(含復出口),36.81527,5734
2015-2,39100010,矽油,秘魯,出口總值(含復出口),3.72611,175
2015-2,39100010,矽油,越南,出口總值(含復出口),6.78343,720
2015-2,39111010,石油樹脂,中國大陸,進口總值(含復進口),1380.127,612600
2015-2,39111010,石油樹脂,日本,進口總值(含復進口),1097.452,397050
2015-2,39111010,石油樹脂,印尼,進口總值(含復進口),57.73885,36000
2015-2,39111010,石油樹脂,法國,進口總值(含復進口),165.7325,50000
2015-2,39111010,石油樹脂,南韓,進口總值(含復進口),657.4522,222000
2015-2,39111010,石油樹脂,美國,進口總值(含復進口),284.8089,105170
2015-2,39111010,石油樹脂,泰國,進口總值(含復進口),552.8344,256000
2015-2,39111010,石油樹脂,土耳其,出口總值(含復出口),231.242,171000
2015-2,39111010,石油樹脂,中國大陸,出口總值(含復出口),1762.07,796784
2015-2,39111010,石油樹脂,巴西,出口總值(含復出口),383.9809,188000
2015-2,39111010,石油樹脂,日本,出口總值(含復出口),851.2102,519400
2015-2,39111010,石油樹脂,比利時,出口總值(含復出口),162.2293,70500
2015-2,39111010,石油樹脂,加拿大,出口總值(含復出口),415.0955,275000
2015-2,39111010,石油樹脂,伊朗,出口總值(含復出口),75.57324,48000
2015-2,39111010,石油樹脂,印尼,出口總值(含復出口),387.7388,267300
2015-2,39111010,石油樹脂,印度,出口總值(含復出口),574.8089,476200
2015-2,39111010,石油樹脂,西班牙,出口總值(含復出口),73.50318,48000
2015-2,39111010,石油樹脂,沙烏地阿拉伯,出口總值(含復出口),72.92993,34000
2015-2,39111010,石油樹脂,孟加拉,出口總值(含復出口),104.7134,95000
2015-2,39111010,石油樹脂,波蘭,出口總值(含復出口),28.91719,22000
2015-2,39111010,石油樹脂,阿根廷,出口總值(含復出口),25.73248,14000
2015-2,39111010,石油樹脂,俄羅斯,出口總值(含復出口),132.0382,83000
2015-2,39111010,石油樹脂,南非,出口總值(含復出口),31.71974,20000
2015-2,39111010,石油樹脂,南韓,出口總值(含復出口),273.5032,180000
2015-2,39111010,石油樹脂,美國,出口總值(含復出口),768.6306,425000
2015-2,39111010,石油樹脂,英國,出口總值(含復出口),138.2803,88000
2015-2,39111010,石油樹脂,香港,出口總值(含復出口),4.10828,1200
2015-2,39111010,石油樹脂,泰國,出口總值(含復出口),616.6879,435691
2015-2,39111010,石油樹脂,馬來西亞,出口總值(含復出口),513.5669,270000
2015-2,39111010,石油樹脂,斯里蘭卡,出口總值(含復出口),14.80891,11000
2015-2,39111010,石油樹脂,菲律賓,出口總值(含復出口),37.10191,15000
2015-2,39111010,石油樹脂,越南,出口總值(含復出口),510.414,220100
2015-2,39111010,石油樹脂,新加坡,出口總值(含復出口),5.25477,4000
2015-2,39111010,石油樹脂,瑞典,出口總值(含復出口),25.25477,16000
2015-2,39111010,石油樹脂,義大利,出口總值(含復出口),151.6879,58000
2015-2,39111010,石油樹脂,德國,出口總值(含復出口),119.7134,42000
2015-2,39111010,石油樹脂,澳大利亞,出口總值(含復出口),187.707,86000
2015-2,39219010,玻璃纖維強化塑膠板、片及扁條,中國大陸,進口總值(含復進口),186.4331,10730
2015-2,39219010,玻璃纖維強化塑膠板、片及扁條,中華民國,進口總值(含復進口),73.91719,11647
2015-2,39219010,玻璃纖維強化塑膠板、片及扁條,日本,進口總值(含復進口),1062.006,35694
2015-2,39219010,玻璃纖維強化塑膠板、片及扁條,法國,進口總值(含復進口),23.05732,1507
2015-2,39219010,玻璃纖維強化塑膠板、片及扁條,南韓,進口總值(含復進口),70.63694,19549
2015-2,39219010,玻璃纖維強化塑膠板、片及扁條,美國,進口總值(含復進口),205.6688,11238
2015-2,39219010,玻璃纖維強化塑膠板、片及扁條,香港,進口總值(含復進口),58.56687,3890
2015-2,39219010,玻璃纖維強化塑膠板、片及扁條,泰國,進口總值(含復進口),186.7197,15352
2015-2,39219010,玻璃纖維強化塑膠板、片及扁條,新加坡,進口總值(含復進口),4.90445,65
2015-2,39219010,玻璃纖維強化塑膠板、片及扁條,德國,進口總值(含復進口),196.2102,22125
2015-2,39219010,玻璃纖維強化塑膠板、片及扁條,中國大陸,出口總值(含復出口),681.1146,66866
2015-2,39219010,玻璃纖維強化塑膠板、片及扁條,日本,出口總值(含復出口),80.70063,12164
2015-2,39219010,玻璃纖維強化塑膠板、片及扁條,以色列,出口總值(含復出口),4.17197,125
2015-2,39219010,玻璃纖維強化塑膠板、片及扁條,印度,出口總值(含復出口),7.00636,901
2015-2,39219010,玻璃纖維強化塑膠板、片及扁條,南韓,出口總值(含復出口),706.6561,53553
2015-2,39219010,玻璃纖維強化塑膠板、片及扁條,美國,出口總值(含復出口),506.051,90609
2015-2,39219010,玻璃纖維強化塑膠板、片及扁條,英國,出口總值(含復出口),24.23566,11109
2015-2,39219010,玻璃纖維強化塑膠板、片及扁條,香港,出口總值(含復出口),6.94266,1331
2015-2,39219010,玻璃纖維強化塑膠板、片及扁條,泰國,出口總值(含復出口),82.32483,14397
2015-2,39219010,玻璃纖維強化塑膠板、片及扁條,馬來西亞,出口總值(含復出口),5.60509,1084
2015-2,39219010,玻璃纖維強化塑膠板、片及扁條,菲律賓,出口總值(含復出口),21.91082,2783
2015-2,39219010,玻璃纖維強化塑膠板、片及扁條,越南,出口總值(含復出口),147.2293,17995
2015-2,39219010,玻璃纖維強化塑膠板、片及扁條,新加坡,出口總值(含復出口),58.34394,11827
2015-2,39219010,玻璃纖維強化塑膠板、片及扁條,德國,出口總值(含復出口),264.7771,41303
2015-3,39095000,聚胺基甲酸乙酯，初級狀態,中國大陸,進口總值(含復進口),2749.302,724684
2015-3,39095000,聚胺基甲酸乙酯，初級狀態,中華民國,進口總值(含復進口),33.0901,7450
2015-3,39095000,聚胺基甲酸乙酯，初級狀態,日本,進口總值(含復進口),1616.148,247616
2015-3,39095000,聚胺基甲酸乙酯，初級狀態,比利時,進口總值(含復進口),39.24492,7500
2015-3,39095000,聚胺基甲酸乙酯，初級狀態,加拿大,進口總值(含復進口),66.3071,6466
2015-3,39095000,聚胺基甲酸乙酯，初級狀態,西班牙,進口總值(含復進口),69.89213,9700
2015-3,39095000,聚胺基甲酸乙酯，初級狀態,法國,進口總值(含復進口),184.4543,26320
2015-3,39095000,聚胺基甲酸乙酯，初級狀態,南韓,進口總值(含復進口),140.9898,23640
2015-3,39095000,聚胺基甲酸乙酯，初級狀態,美國,進口總值(含復進口),1238.674,173555
2015-3,39095000,聚胺基甲酸乙酯，初級狀態,馬來西亞,進口總值(含復進口),20.30456,3272
2015-3,39095000,聚胺基甲酸乙酯，初級狀態,荷蘭,進口總值(含復進口),2.88705,852
2015-3,39095000,聚胺基甲酸乙酯，初級狀態,奧地利,進口總值(含復進口),3.83883,630
2015-3,39095000,聚胺基甲酸乙酯，初級狀態,新加坡,進口總值(含復進口),34.0736,5754
2015-3,39095000,聚胺基甲酸乙酯，初級狀態,義大利,進口總值(含復進口),114.816,31415
2015-3,39095000,聚胺基甲酸乙酯，初級狀態,德國,進口總值(含復進口),1510.343,245556
2015-3,39095000,聚胺基甲酸乙酯，初級狀態,澳大利亞,進口總值(含復進口),14.72081,2220
2015-3,39095000,聚胺基甲酸乙酯，初級狀態,土耳其,出口總值(含復出口),93.49619,27700
2015-3,39095000,聚胺基甲酸乙酯，初級狀態,中國大陸,出口總值(含復出口),11854.85,3551728
2015-3,39095000,聚胺基甲酸乙酯，初級狀態,巴西,出口總值(含復出口),743.3693,211200
2015-3,39095000,聚胺基甲酸乙酯，初級狀態,巴基斯坦,出口總值(含復出口),43.97208,18400
2015-3,39095000,聚胺基甲酸乙酯，初級狀態,日本,出口總值(含復出口),360.3426,109512
2015-3,39095000,聚胺基甲酸乙酯，初級狀態,比利時,出口總值(含復出口),61.51649,25200
2015-3,39095000,聚胺基甲酸乙酯，初級狀態,伊朗,出口總值(含復出口),131.948,29440
2015-3,39095000,聚胺基甲酸乙酯，初級狀態,印尼,出口總值(含復出口),1478.871,449163
2015-3,39095000,聚胺基甲酸乙酯，初級狀態,印度,出口總值(含復出口),1300.984,412454
2015-3,39095000,聚胺基甲酸乙酯，初級狀態,多明尼加,出口總值(含復出口),33.217,7025
2015-3,39095000,聚胺基甲酸乙酯，初級狀態,西班牙,出口總值(含復出口),401.4594,150000
2015-3,39095000,聚胺基甲酸乙酯，初級狀態,孟加拉,出口總值(含復出口),87.7538,32950
2015-3,39095000,聚胺基甲酸乙酯，初級狀態,法國,出口總值(含復出口),13.32487,3056
2015-3,39095000,聚胺基甲酸乙酯，初級狀態,肯亞,出口總值(含復出口),10.15228,3000
2015-3,39095000,聚胺基甲酸乙酯，初級狀態,阿拉伯聯合大公國,出口總值(含復出口),8.81979,1966
2015-3,39095000,聚胺基甲酸乙酯，初級狀態,阿根廷,出口總值(含復出口),36.86548,10000
2015-3,39095000,聚胺基甲酸乙酯，初級狀態,南韓,出口總值(含復出口),2785.438,703905
2015-3,39095000,聚胺基甲酸乙酯，初級狀態,柬埔寨,出口總值(含復出口),24.52411,6090
2015-3,39095000,聚胺基甲酸乙酯，初級狀態,約旦,出口總值(含復出口),51.967,17000
2015-3,39095000,聚胺基甲酸乙酯，初級狀態,美國,出口總值(含復出口),42.06852,6404
2015-3,39095000,聚胺基甲酸乙酯，初級狀態,香港,出口總值(含復出口),2516.561,1051383
2015-3,39095000,聚胺基甲酸乙酯，初級狀態,哥倫比亞,出口總值(含復出口),9.39086,2400
2015-3,39095000,聚胺基甲酸乙酯，初級狀態,埃及,出口總值(含復出口),2.06218,100
2015-3,39095000,聚胺基甲酸乙酯，初級狀態,泰國,出口總值(含復出口),965.3553,336219
2015-3,39095000,聚胺基甲酸乙酯，初級狀態,馬來西亞,出口總值(含復出口),526.9353,240140
2015-3,39095000,聚胺基甲酸乙酯，初級狀態,荷蘭,出口總值(含復出口),307.1066,60840
2015-3,39095000,聚胺基甲酸乙酯，初級狀態,菲律賓,出口總值(含復出口),156.2817,75830
2015-3,39095000,聚胺基甲酸乙酯，初級狀態,越南,出口總值(含復出口),6225.286,2002449
2015-3,39095000,聚胺基甲酸乙酯，初級狀態,新加坡,出口總值(含復出口),93.33756,28584
2015-3,39095000,聚胺基甲酸乙酯，初級狀態,瑞典,出口總值(含復出口),5.5203,1000
2015-3,39095000,聚胺基甲酸乙酯，初級狀態,義大利,出口總值(含復出口),397.2398,137888
2015-3,39095000,聚胺基甲酸乙酯，初級狀態,德國,出口總值(含復出口),0.22208,75
2015-3,39095000,聚胺基甲酸乙酯，初級狀態,墨西哥,出口總值(含復出口),37.69035,12800
2015-3,39095000,聚胺基甲酸乙酯，初級狀態,澳大利亞,出口總值(含復出口),75.09517,25800
2015-3,39100010,矽油,中國大陸,進口總值(含復進口),650.0635,175945
2015-3,39100010,矽油,日本,進口總值(含復進口),2194.036,653700
2015-3,39100010,矽油,印度,進口總值(含復進口),63.64213,16000
2015-3,39100010,矽油,法國,進口總值(含復進口),91.11675,34700
2015-3,39100010,矽油,南韓,進口總值(含復進口),98.76269,29569
2015-3,39100010,矽油,美國,進口總值(含復進口),745.4949,95135
2015-3,39100010,矽油,英國,進口總值(含復進口),388.1345,121160
2015-3,39100010,矽油,泰國,進口總值(含復進口),189.2449,75760
2015-3,39100010,矽油,馬來西亞,進口總值(含復進口),17.60786,6080
2015-3,39100010,矽油,荷蘭,進口總值(含復進口),39.75253,16800
2015-3,39100010,矽油,德國,進口總值(含復進口),250.0635,18439
2015-3,39100010,矽油,澳大利亞,進口總值(含復進口),43.40101,6800
2015-3,39100010,矽油,中國大陸,出口總值(含復出口),663.4835,67835
2015-3,39100010,矽油,丹麥,出口總值(含復出口),6.31345,440
2015-3,39100010,矽油,印尼,出口總值(含復出口),0.57106,175
2015-3,39100010,矽油,孟加拉,出口總值(含復出口),15.67258,13800
2015-3,39100010,矽油,南非,出口總值(含復出口),0.09517,9
2015-3,39100010,矽油,香港,出口總值(含復出口),16.27537,3175
2015-3,39100010,矽油,哥斯大黎加,出口總值(含復出口),0.47588,102
2015-3,39100010,矽油,泰國,出口總值(含復出口),52.41116,5860
2015-3,39100010,矽油,馬來西亞,出口總值(含復出口),7.67766,600
2015-3,39100010,矽油,喀麥隆,出口總值(含復出口),0.53934,36
2015-3,39100010,矽油,越南,出口總值(含復出口),16.75126,2237
2015-3,39100010,矽油,新加坡,出口總值(含復出口),0.06345,15
2015-3,39111010,石油樹脂,中國大陸,進口總值(含復進口),1168.02,503100
2015-3,39111010,石油樹脂,日本,進口總值(含復進口),1806.821,682635
2015-3,39111010,石油樹脂,印尼,進口總值(含復進口),57.29695,36000
2015-3,39111010,石油樹脂,法國,進口總值(含復進口),154.8223,47000
2015-3,39111010,石油樹脂,南韓,進口總值(含復進口),1114.308,362800
2015-3,39111010,石油樹脂,美國,進口總值(含復進口),181.4721,87720
2015-3,39111010,石油樹脂,泰國,進口總值(含復進口),1013.864,506500
2015-3,39111010,石油樹脂,荷蘭,進口總值(含復進口),4.56852,420
2015-3,39111010,石油樹脂,土耳其,出口總值(含復出口),54.02918,38000
2015-3,39111010,石油樹脂,中國大陸,出口總值(含復出口),5445.78,2146126
2015-3,39111010,石油樹脂,巴西,出口總值(含復出口),362.3414,210000
2015-3,39111010,石油樹脂,巴基斯坦,出口總值(含復出口),28.33121,23000
2015-3,39111010,石油樹脂,日本,出口總值(含復出口),555.6472,331900
2015-3,39111010,石油樹脂,比利時,出口總值(含復出口),26.17385,25000
2015-3,39111010,石油樹脂,加拿大,出口總值(含復出口),23.73096,16000
2015-3,39111010,石油樹脂,伊朗,出口總值(含復出口),165.7678,133000
2015-3,39111010,石油樹脂,印尼,出口總值(含復出口),419.67,257225
2015-3,39111010,石油樹脂,印度,出口總值(含復出口),682.0749,587230
2015-3,39111010,石油樹脂,西班牙,出口總值(含復出口),549.8096,352000
2015-3,39111010,石油樹脂,沙烏地阿拉伯,出口總值(含復出口),190.7678,128000
2015-3,39111010,石油樹脂,奈及利亞,出口總值(含復出口),25.69796,19000
2015-3,39111010,石油樹脂,孟加拉,出口總值(含復出口),139.8794,133000
2015-3,39111010,石油樹脂,波蘭,出口總值(含復出口),57.99492,44000
2015-3,39111010,石油樹脂,俄羅斯,出口總值(含復出口),384.9302,243000
2015-3,39111010,石油樹脂,南非,出口總值(含復出口),178.8388,130000
2015-3,39111010,石油樹脂,南韓,出口總值(含復出口),268.5596,176000
2015-3,39111010,石油樹脂,美國,出口總值(含復出口),803.5216,462000
2015-3,39111010,石油樹脂,英國,出口總值(含復出口),150.0952,94000
2015-3,39111010,石油樹脂,香港,出口總值(含復出口),13.64212,6600
2015-3,39111010,石油樹脂,埃及,出口總值(含復出口),19.82868,19000
2015-3,39111010,石油樹脂,泰國,出口總值(含復出口),581.6624,414000
2015-3,39111010,石油樹脂,秘魯,出口總值(含復出口),27.66497,19000
2015-3,39111010,石油樹脂,馬來西亞,出口總值(含復出口),573.2551,337000
2015-3,39111010,石油樹脂,斯里蘭卡,出口總值(含復出口),14.08629,9000
2015-3,39111010,石油樹脂,菲律賓,出口總值(含復出口),67.1637,43000
2015-3,39111010,石油樹脂,越南,出口總值(含復出口),736.1675,315625
2015-3,39111010,石油樹脂,新加坡,出口總值(含復出口),80.13959,57000
2015-3,39111010,石油樹脂,瑞典,出口總值(含復出口),113.4201,85000
2015-3,39111010,石油樹脂,義大利,出口總值(含復出口),195.3046,88500
2015-3,39111010,石油樹脂,德國,出口總值(含復出口),237.151,103000
2015-3,39111010,石油樹脂,緬甸,出口總值(含復出口),13.80076,10750
2015-3,39111010,石油樹脂,澳大利亞,出口總值(含復出口),86.86548,44000
2015-3,39219010,玻璃纖維強化塑膠板、片及扁條,中國大陸,進口總值(含復進口),289.4036,15153
2015-3,39219010,玻璃纖維強化塑膠板、片及扁條,中華民國,進口總值(含復進口),7.74111,86
2015-3,39219010,玻璃纖維強化塑膠板、片及扁條,日本,進口總值(含復進口),1270.146,71365
2015-3,39219010,玻璃纖維強化塑膠板、片及扁條,法國,進口總值(含復進口),11.35786,994
2015-3,39219010,玻璃纖維強化塑膠板、片及扁條,南韓,進口總值(含復進口),169.7018,56741
2015-3,39219010,玻璃纖維強化塑膠板、片及扁條,美國,進口總值(含復進口),155.203,10567
2015-3,39219010,玻璃纖維強化塑膠板、片及扁條,香港,進口總值(含復進口),107.4556,7267
2015-3,39219010,玻璃纖維強化塑膠板、片及扁條,泰國,進口總值(含復進口),282.1066,20123
2015-3,39219010,玻璃纖維強化塑膠板、片及扁條,愛爾蘭,進口總值(含復進口),1.93527,60
2015-3,39219010,玻璃纖維強化塑膠板、片及扁條,德國,進口總值(含復進口),55.42512,6691
2015-3,39219010,玻璃纖維強化塑膠板、片及扁條,中國大陸,出口總值(含復出口),1009.454,127083
2015-3,39219010,玻璃纖維強化塑膠板、片及扁條,日本,出口總值(含復出口),138.3566,25532
2015-3,39219010,玻璃纖維強化塑膠板、片及扁條,比利時,出口總值(含復出口),26.04695,5440
2015-3,39219010,玻璃纖維強化塑膠板、片及扁條,瓜地馬拉,出口總值(含復出口),0.15862,24
2015-3,39219010,玻璃纖維強化塑膠板、片及扁條,印度,出口總值(含復出口),10.88197,2617
2015-3,39219010,玻璃纖維強化塑膠板、片及扁條,法國,出口總值(含復出口),8.28045,1135
2015-3,39219010,玻璃纖維強化塑膠板、片及扁條,阿根廷,出口總值(含復出口),192.4175,64983
2015-3,39219010,玻璃纖維強化塑膠板、片及扁條,南韓,出口總值(含復出口),196.6688,27733
2015-3,39219010,玻璃纖維強化塑膠板、片及扁條,美國,出口總值(含復出口),403.2678,76917
2015-3,39219010,玻璃纖維強化塑膠板、片及扁條,香港,出口總值(含復出口),20.62181,1188
2015-3,39219010,玻璃纖維強化塑膠板、片及扁條,泰國,出口總值(含復出口),278.6485,48458
2015-3,39219010,玻璃纖維強化塑膠板、片及扁條,馬來西亞,出口總值(含復出口),31.28172,6101
2015-3,39219010,玻璃纖維強化塑膠板、片及扁條,斯里蘭卡,出口總值(含復出口),5.01269,246
2015-3,39219010,玻璃纖維強化塑膠板、片及扁條,菲律賓,出口總值(含復出口),5.36167,1040
2015-3,39219010,玻璃纖維強化塑膠板、片及扁條,越南,出口總值(含復出口),252.3794,26198
2015-3,39219010,玻璃纖維強化塑膠板、片及扁條,新加坡,出口總值(含復出口),63.6104,13335
2015-3,39219010,玻璃纖維強化塑膠板、片及扁條,義大利,出口總值(含復出口),3.77538,454
2015-3,39219010,玻璃纖維強化塑膠板、片及扁條,德國,出口總值(含復出口),271.6371,45774
2015-4,39095000,聚胺基甲酸乙酯，初級狀態,中國大陸,進口總值(含復進口),2632.8,705060
2015-4,39095000,聚胺基甲酸乙酯，初級狀態,中華民國,進口總值(含復進口),83.904,16000
2015-4,39095000,聚胺基甲酸乙酯，初級狀態,日本,進口總值(含復進口),1170.688,166974
2015-4,39095000,聚胺基甲酸乙酯，初級狀態,比利時,進口總值(含復進口),25.024,5000
2015-4,39095000,聚胺基甲酸乙酯，初級狀態,印度,進口總值(含復進口),59.968,16600
2015-4,39095000,聚胺基甲酸乙酯，初級狀態,西班牙,進口總值(含復進口),24.8,2850
2015-4,39095000,聚胺基甲酸乙酯，初級狀態,法國,進口總值(含復進口),474.624,41675
2015-4,39095000,聚胺基甲酸乙酯，初級狀態,南韓,進口總值(含復進口),268.064,44200
2015-4,39095000,聚胺基甲酸乙酯，初級狀態,美國,進口總值(含復進口),1513.28,196163
2015-4,39095000,聚胺基甲酸乙酯，初級狀態,英國,進口總值(含復進口),4.864,1320
2015-4,39095000,聚胺基甲酸乙酯，初級狀態,馬來西亞,進口總值(含復進口),0.736,288
2015-4,39095000,聚胺基甲酸乙酯，初級狀態,荷蘭,進口總值(含復進口),29.568,4014
2015-4,39095000,聚胺基甲酸乙酯，初級狀態,新加坡,進口總值(含復進口),15.328,3911
2015-4,39095000,聚胺基甲酸乙酯，初級狀態,瑞士,進口總值(含復進口),0.448,7
2015-4,39095000,聚胺基甲酸乙酯，初級狀態,義大利,進口總值(含復進口),150.368,24097
2015-4,39095000,聚胺基甲酸乙酯，初級狀態,德國,進口總值(含復進口),535.264,82116
2015-4,39095000,聚胺基甲酸乙酯，初級狀態,墨西哥,進口總值(含復進口),28.832,4000
2015-4,39095000,聚胺基甲酸乙酯，初級狀態,澳大利亞,進口總值(含復進口),36.288,7850
2015-4,39095000,聚胺基甲酸乙酯，初級狀態,土耳其,出口總值(含復出口),132.096,34050
2015-4,39095000,聚胺基甲酸乙酯，初級狀態,中國大陸,出口總值(含復出口),11175.62,3440777
2015-4,39095000,聚胺基甲酸乙酯，初級狀態,巴西,出口總值(含復出口),601.024,158840
2015-4,39095000,聚胺基甲酸乙酯，初級狀態,巴基斯坦,出口總值(含復出口),28.16,14040
2015-4,39095000,聚胺基甲酸乙酯，初級狀態,日本,出口總值(含復出口),161.184,55925
2015-4,39095000,聚胺基甲酸乙酯，初級狀態,比利時,出口總值(含復出口),56.096,10000
2015-4,39095000,聚胺基甲酸乙酯，初級狀態,以色列,出口總值(含復出口),4.864,500
2015-4,39095000,聚胺基甲酸乙酯，初級狀態,伊朗,出口總值(含復出口),202.88,48750
2015-4,39095000,聚胺基甲酸乙酯，初級狀態,印尼,出口總值(含復出口),888.608,278480
2015-4,39095000,聚胺基甲酸乙酯，初級狀態,印度,出口總值(含復出口),722.528,193579
2015-4,39095000,聚胺基甲酸乙酯，初級狀態,西班牙,出口總值(含復出口),350.688,135000
2015-4,39095000,聚胺基甲酸乙酯，初級狀態,孟加拉,出口總值(含復出口),37.472,12560
2015-4,39095000,聚胺基甲酸乙酯，初級狀態,波蘭,出口總值(含復出口),11.232,1900
2015-4,39095000,聚胺基甲酸乙酯，初級狀態,法國,出口總值(含復出口),2.304,460
2015-4,39095000,聚胺基甲酸乙酯，初級狀態,阿拉伯聯合大公國,出口總值(含復出口),46.976,17600
2015-4,39095000,聚胺基甲酸乙酯，初級狀態,南韓,出口總值(含復出口),1627.776,410590
2015-4,39095000,聚胺基甲酸乙酯，初級狀態,柬埔寨,出口總值(含復出口),12.192,3000
2015-4,39095000,聚胺基甲酸乙酯，初級狀態,美國,出口總值(含復出口),180.544,42750
2015-4,39095000,聚胺基甲酸乙酯，初級狀態,香港,出口總值(含復出口),1409.248,594500
2015-4,39095000,聚胺基甲酸乙酯，初級狀態,哥倫比亞,出口總值(含復出口),15.552,4028
2015-4,39095000,聚胺基甲酸乙酯，初級狀態,泰國,出口總值(含復出口),538.304,177640
2015-4,39095000,聚胺基甲酸乙酯，初級狀態,秘魯,出口總值(含復出口),19.2,4643
2015-4,39095000,聚胺基甲酸乙酯，初級狀態,馬來西亞,出口總值(含復出口),446.08,183023
2015-4,39095000,聚胺基甲酸乙酯，初級狀態,荷蘭,出口總值(含復出口),145.792,29480
2015-4,39095000,聚胺基甲酸乙酯，初級狀態,菲律賓,出口總值(含復出口),98.464,36762
2015-4,39095000,聚胺基甲酸乙酯，初級狀態,越南,出口總值(含復出口),5445.696,1761342
2015-4,39095000,聚胺基甲酸乙酯，初級狀態,新加坡,出口總值(含復出口),60.64,19702
2015-4,39095000,聚胺基甲酸乙酯，初級狀態,義大利,出口總值(含復出口),199.52,75000
2015-4,39095000,聚胺基甲酸乙酯，初級狀態,墨西哥,出口總值(含復出口),236.32,65500
2015-4,39095000,聚胺基甲酸乙酯，初級狀態,澳大利亞,出口總值(含復出口),40.192,14400
2015-4,39100010,矽油,中國大陸,進口總值(含復進口),498.88,141050
2015-4,39100010,矽油,日本,進口總值(含復進口),1252.48,402810
2015-4,39100010,矽油,比利時,進口總值(含復進口),24.928,3000
2015-4,39100010,矽油,加拿大,進口總值(含復進口),92.608,5760
2015-4,39100010,矽油,西班牙,進口總值(含復進口),48.064,16000
2015-4,39100010,矽油,法國,進口總值(含復進口),469.76,188000
2015-4,39100010,矽油,南韓,進口總值(含復進口),116.448,22713
2015-4,39100010,矽油,美國,進口總值(含復進口),553.856,112575
2015-4,39100010,矽油,英國,進口總值(含復進口),56.832,17073
2015-4,39100010,矽油,泰國,進口總值(含復進口),148.416,37370
2015-4,39100010,矽油,荷蘭,進口總值(含復進口),0.608,5
2015-4,39100010,矽油,義大利,進口總值(含復進口),21.664,7600
2015-4,39100010,矽油,德國,進口總值(含復進口),228.16,47215
2015-4,39100010,矽油,中國大陸,出口總值(含復出口),608.416,85847
2015-4,39100010,矽油,丹麥,出口總值(含復出口),6.336,440
2015-4,39100010,矽油,巴基斯坦,出口總值(含復出口),11.136,5500
2015-4,39100010,矽油,印尼,出口總值(含復出口),51.424,11440
2015-4,39100010,矽油,委內瑞拉,出口總值(含復出口),2.112,395
2015-4,39100010,矽油,孟加拉,出口總值(含復出口),15.776,19800
2015-4,39100010,矽油,美國,出口總值(含復出口),2.976,106
2015-4,39100010,矽油,英國,出口總值(含復出口),0.096,10
2015-4,39100010,矽油,香港,出口總值(含復出口),18.624,2863
2015-4,39100010,矽油,泰國,出口總值(含復出口),0.192,22
2015-4,39100010,矽油,馬來西亞,出口總值(含復出口),2.432,200
2015-4,39100010,矽油,越南,出口總值(含復出口),40.864,13520
2015-4,39111010,石油樹脂,中國大陸,進口總值(含復進口),1552.736,730600
2015-4,39111010,石油樹脂,日本,進口總值(含復進口),862.016,350930
2015-4,39111010,石油樹脂,印尼,進口總值(含復進口),57.632,36000
2015-4,39111010,石油樹脂,法國,進口總值(含復進口),308.224,90875
2015-4,39111010,石油樹脂,南韓,進口總值(含復進口),729.28,236800
2015-4,39111010,石油樹脂,美國,進口總值(含復進口),367.2,130625
2015-4,39111010,石油樹脂,泰國,進口總值(含復進口),716.64,340000
2015-4,39111010,石油樹脂,荷蘭,進口總值(含復進口),5.44,500
2015-4,39111010,石油樹脂,土耳其,出口總值(含復出口),180.768,127000
2015-4,39111010,石油樹脂,中國大陸,出口總值(含復出口),4493.024,1801682
2015-4,39111010,石油樹脂,厄瓜多,出口總值(含復出口),22.336,16000
2015-4,39111010,石油樹脂,巴西,出口總值(含復出口),224.768,122000
2015-4,39111010,石油樹脂,日本,出口總值(含復出口),390.56,225200
2015-4,39111010,石油樹脂,加拿大,出口總值(含復出口),463.552,325000
2015-4,39111010,石油樹脂,伊朗,出口總值(含復出口),311.456,228000
2015-4,39111010,石油樹脂,印尼,出口總值(含復出口),359.936,226640
2015-4,39111010,石油樹脂,印度,出口總值(含復出口),334.048,286448
2015-4,39111010,石油樹脂,西班牙,出口總值(含復出口),341.024,224000
2015-4,39111010,石油樹脂,沙烏地阿拉伯,出口總值(含復出口),164.96,76000
2015-4,39111010,石油樹脂,孟加拉,出口總值(含復出口),61.504,57000
2015-4,39111010,石油樹脂,波蘭,出口總值(含復出口),79.392,28000
2015-4,39111010,石油樹脂,法國,出口總值(含復出口),66.304,51000
2015-4,39111010,石油樹脂,南非,出口總值(含復出口),85.376,52000
2015-4,39111010,石油樹脂,南韓,出口總值(含復出口),341.248,227000
2015-4,39111010,石油樹脂,美國,出口總值(含復出口),630.08,405000
2015-4,39111010,石油樹脂,英國,出口總值(含復出口),206.08,136000
2015-4,39111010,石油樹脂,香港,出口總值(含復出口),6.688,3500
2015-4,39111010,石油樹脂,泰國,出口總值(含復出口),453.024,315000
2015-4,39111010,石油樹脂,秘魯,出口總值(含復出口),55.616,32000
2015-4,39111010,石油樹脂,馬來西亞,出口總值(含復出口),561.312,331025
2015-4,39111010,石油樹脂,斯里蘭卡,出口總值(含復出口),13.76,9000
2015-4,39111010,石油樹脂,菲律賓,出口總值(含復出口),24.672,19000
2015-4,39111010,石油樹脂,越南,出口總值(含復出口),699.872,331575
2015-4,39111010,石油樹脂,新加坡,出口總值(含復出口),74.24,54000
2015-4,39111010,石油樹脂,瑞典,出口總值(含復出口),27.424,25000
2015-4,39111010,石油樹脂,義大利,出口總值(含復出口),74.08,48000
2015-4,39111010,石油樹脂,葡萄牙,出口總值(含復出口),117.504,42000
2015-4,39111010,石油樹脂,德國,出口總值(含復出口),333.472,163000
2015-4,39111010,石油樹脂,澳大利亞,出口總值(含復出口),146.752,90000
2015-4,39219010,玻璃纖維強化塑膠板、片及扁條,中國大陸,進口總值(含復進口),228.128,24182
2015-4,39219010,玻璃纖維強化塑膠板、片及扁條,日本,進口總值(含復進口),1318.432,57727
2015-4,39219010,玻璃纖維強化塑膠板、片及扁條,法國,進口總值(含復進口),31.136,2561
2015-4,39219010,玻璃纖維強化塑膠板、片及扁條,南韓,進口總值(含復進口),137.312,36003
2015-4,39219010,玻璃纖維強化塑膠板、片及扁條,美國,進口總值(含復進口),41.568,1179
2015-4,39219010,玻璃纖維強化塑膠板、片及扁條,香港,進口總值(含復進口),148.416,9793
2015-4,39219010,玻璃纖維強化塑膠板、片及扁條,挪威,進口總值(含復進口),6.336,930
2015-4,39219010,玻璃纖維強化塑膠板、片及扁條,泰國,進口總值(含復進口),274.592,19976
2015-4,39219010,玻璃纖維強化塑膠板、片及扁條,越南,進口總值(含復進口),0.288,10
2015-4,39219010,玻璃纖維強化塑膠板、片及扁條,德國,進口總值(含復進口),12.832,1100
2015-4,39219010,玻璃纖維強化塑膠板、片及扁條,墨西哥,進口總值(含復進口),11.36,160
2015-4,39219010,玻璃纖維強化塑膠板、片及扁條,羅馬尼亞,進口總值(含復進口),24.864,1114
2015-4,39219010,玻璃纖維強化塑膠板、片及扁條,中國大陸,出口總值(含復出口),629.312,108886
2015-4,39219010,玻璃纖維強化塑膠板、片及扁條,日本,出口總值(含復出口),184.576,26337
2015-4,39219010,玻璃纖維強化塑膠板、片及扁條,以色列,出口總值(含復出口),4.224,162
2015-4,39219010,玻璃纖維強化塑膠板、片及扁條,加拿大,出口總值(含復出口),2.624,1264
2015-4,39219010,玻璃纖維強化塑膠板、片及扁條,瓜地馬拉,出口總值(含復出口),0.128,73
2015-4,39219010,玻璃纖維強化塑膠板、片及扁條,印尼,出口總值(含復出口),9.248,64
2015-4,39219010,玻璃纖維強化塑膠板、片及扁條,印度,出口總值(含復出口),45.024,7279
2015-4,39219010,玻璃纖維強化塑膠板、片及扁條,法國,出口總值(含復出口),8.352,1029
2015-4,39219010,玻璃纖維強化塑膠板、片及扁條,南韓,出口總值(含復出口),263.328,18531
2015-4,39219010,玻璃纖維強化塑膠板、片及扁條,科威特,出口總值(含復出口),1.056,299
2015-4,39219010,玻璃纖維強化塑膠板、片及扁條,美國,出口總值(含復出口),158.784,25705
2015-4,39219010,玻璃纖維強化塑膠板、片及扁條,香港,出口總值(含復出口),80.384,2385
2015-4,39219010,玻璃纖維強化塑膠板、片及扁條,泰國,出口總值(含復出口),166.336,28828
2015-4,39219010,玻璃纖維強化塑膠板、片及扁條,斯里蘭卡,出口總值(含復出口),9.984,490
2015-4,39219010,玻璃纖維強化塑膠板、片及扁條,菲律賓,出口總值(含復出口),13.568,1593
2015-4,39219010,玻璃纖維強化塑膠板、片及扁條,越南,出口總值(含復出口),323.264,53884
2015-4,39219010,玻璃纖維強化塑膠板、片及扁條,新加坡,出口總值(含復出口),39.68,8515
2015-4,39219010,玻璃纖維強化塑膠板、片及扁條,義大利,出口總值(含復出口),2.016,348
2015-4,39219010,玻璃纖維強化塑膠板、片及扁條,德國,出口總值(含復出口),202.272,36010
2015-4,39219010,玻璃纖維強化塑膠板、片及扁條,緬甸,出口總值(含復出口),1.024,30
2015-4,39219010,玻璃纖維強化塑膠板、片及扁條,墨西哥,出口總值(含復出口),1.312,281
2015-5,39095000,聚胺基甲酸乙酯，初級狀態,中國大陸,進口總值(含復進口),2513.34,637444
2015-5,39095000,聚胺基甲酸乙酯，初級狀態,日本,進口總值(含復進口),573.2224,90925
2015-5,39095000,聚胺基甲酸乙酯，初級狀態,比利時,進口總值(含復進口),2.08741,225
2015-5,39095000,聚胺基甲酸乙酯，初級狀態,印度,進口總值(含復進口),178.9954,47880
2015-5,39095000,聚胺基甲酸乙酯，初級狀態,西班牙,進口總值(含復進口),22.57012,3000
2015-5,39095000,聚胺基甲酸乙酯，初級狀態,法國,進口總值(含復進口),773.7117,65375
2015-5,39095000,聚胺基甲酸乙酯，初級狀態,南韓,進口總值(含復進口),40.05218,12160
2015-5,39095000,聚胺基甲酸乙酯，初級狀態,美國,進口總值(含復進口),1286.758,168664
2015-5,39095000,聚胺基甲酸乙酯，初級狀態,泰國,進口總值(含復進口),2.18525,250
2015-5,39095000,聚胺基甲酸乙酯，初級狀態,馬來西亞,進口總值(含復進口),43.31376,9647
2015-5,39095000,聚胺基甲酸乙酯，初級狀態,奧地利,進口總值(含復進口),10.3392,1680
2015-5,39095000,聚胺基甲酸乙酯，初級狀態,新加坡,進口總值(含復進口),40.41095,9481
2015-5,39095000,聚胺基甲酸乙酯，初級狀態,義大利,進口總值(含復進口),67.61252,17387
2015-5,39095000,聚胺基甲酸乙酯，初級狀態,德國,進口總值(含復進口),502.0548,74498
2015-5,39095000,聚胺基甲酸乙酯，初級狀態,澳大利亞,進口總值(含復進口),33.23548,6340
2015-5,39095000,聚胺基甲酸乙酯，初級狀態,土耳其,出口總值(含復出口),247.3255,80000
2015-5,39095000,聚胺基甲酸乙酯，初級狀態,中國大陸,出口總值(含復出口),11947.29,3580918
2015-5,39095000,聚胺基甲酸乙酯，初級狀態,巴西,出口總值(含復出口),787.3777,207170
2015-5,39095000,聚胺基甲酸乙酯，初級狀態,巴基斯坦,出口總值(含復出口),147.6517,63840
2015-5,39095000,聚胺基甲酸乙酯，初級狀態,日本,出口總值(含復出口),286.2361,79491
2015-5,39095000,聚胺基甲酸乙酯，初級狀態,比利時,出口總值(含復出口),60.46966,25560
2015-5,39095000,聚胺基甲酸乙酯，初級狀態,伊朗,出口總值(含復出口),176.1579,55000
2015-5,39095000,聚胺基甲酸乙酯，初級狀態,印尼,出口總值(含復出口),862.2309,242669
2015-5,39095000,聚胺基甲酸乙酯，初級狀態,印度,出口總值(含復出口),947.7821,275121
2015-5,39095000,聚胺基甲酸乙酯，初級狀態,西班牙,出口總值(含復出口),553.1311,211400
2015-5,39095000,聚胺基甲酸乙酯，初級狀態,孟加拉,出口總值(含復出口),179.1259,63480
2015-5,39095000,聚胺基甲酸乙酯，初級狀態,波蘭,出口總值(含復出口),38.91063,10000
2015-5,39095000,聚胺基甲酸乙酯，初級狀態,法國,出口總值(含復出口),6.97977,1616
2015-5,39095000,聚胺基甲酸乙酯，初級狀態,阿拉伯聯合大公國,出口總值(含復出口),13.99217,3388
2015-5,39095000,聚胺基甲酸乙酯，初級狀態,阿根廷,出口總值(含復出口),81.47423,21065
2015-5,39095000,聚胺基甲酸乙酯，初級狀態,南非,出口總值(含復出口),11.08936,3000
2015-5,39095000,聚胺基甲酸乙酯，初級狀態,南韓,出口總值(含復出口),986.3992,244800
2015-5,39095000,聚胺基甲酸乙酯，初級狀態,柬埔寨,出口總值(含復出口),87.93215,23300
2015-5,39095000,聚胺基甲酸乙酯，初級狀態,美國,出口總值(含復出口),115.8839,38950
2015-5,39095000,聚胺基甲酸乙酯，初級狀態,英國,出口總值(含復出口),2.64187,324
2015-5,39095000,聚胺基甲酸乙酯，初級狀態,香港,出口總值(含復出口),1739.889,725582
2015-5,39095000,聚胺基甲酸乙酯，初級狀態,泰國,出口總值(含復出口),647.195,210742
2015-5,39095000,聚胺基甲酸乙酯，初級狀態,馬來西亞,出口總值(含復出口),435.5186,189801
2015-5,39095000,聚胺基甲酸乙酯，初級狀態,荷蘭,出口總值(含復出口),164.6445,34280
2015-5,39095000,聚胺基甲酸乙酯，初級狀態,斯里蘭卡,出口總值(含復出口),6.09915,960
2015-5,39095000,聚胺基甲酸乙酯，初級狀態,菲律賓,出口總值(含復出口),164.3836,63245
2015-5,39095000,聚胺基甲酸乙酯，初級狀態,越南,出口總值(含復出口),5192.661,1642420
2015-5,39095000,聚胺基甲酸乙酯，初級狀態,新加坡,出口總值(含復出口),3.5225,847
2015-5,39095000,聚胺基甲酸乙酯，初級狀態,瑞典,出口總值(含復出口),24.72276,6100
2015-5,39095000,聚胺基甲酸乙酯，初級狀態,義大利,出口總值(含復出口),238.9432,90000
2015-5,39095000,聚胺基甲酸乙酯，初級狀態,墨西哥,出口總值(含復出口),103.8487,33460
2015-5,39095000,聚胺基甲酸乙酯，初級狀態,澳大利亞,出口總值(含復出口),58.4801,17094
2015-5,39100010,矽油,中國大陸,進口總值(含復進口),517.743,185268
2015-5,39100010,矽油,日本,進口總值(含復進口),1969.667,575289
2015-5,39100010,矽油,加拿大,進口總值(含復進口),11.93737,1000
2015-5,39100010,矽油,西班牙,進口總值(含復進口),2.05479,100
2015-5,39100010,矽油,法國,進口總值(含復進口),119.439,48300
2015-5,39100010,矽油,南韓,進口總值(含復進口),139.8891,27160
2015-5,39100010,矽油,美國,進口總值(含復進口),511.0568,58136
2015-5,39100010,矽油,英國,進口總值(含復進口),154.3379,60079
2015-5,39100010,矽油,泰國,進口總值(含復進口),316.471,115920
2015-5,39100010,矽油,馬來西亞,進口總值(含復進口),0.68493,52
2015-5,39100010,矽油,荷蘭,進口總值(含復進口),15.26418,6000
2015-5,39100010,矽油,瑞典,進口總值(含復進口),0.06523,1
2015-5,39100010,矽油,義大利,進口總值(含復進口),0.81539,75
2015-5,39100010,矽油,德國,進口總值(含復進口),383.4964,107030
2015-5,39100010,矽油,中國大陸,出口總值(含復出口),994.5205,210789
2015-5,39100010,矽油,巴基斯坦,出口總值(含復出口),11.48075,6000
2015-5,39100010,矽油,印尼,出口總值(含復出口),7.92563,1825
2015-5,39100010,矽油,委內瑞拉,出口總值(含復出口),0.94585,200
2015-5,39100010,矽油,孟加拉,出口總值(含復出口),13.242,10400
2015-5,39100010,矽油,美國,出口總值(含復出口),2.18524,184
2015-5,39100010,矽油,香港,出口總值(含復出口),29.19112,5330
2015-5,39100010,矽油,泰國,出口總值(含復出口),0.68493,0
2015-5,39100010,矽油,馬來西亞,出口總值(含復出口),10.30658,4000
2015-5,39100010,矽油,越南,出口總值(含復出口),22.37442,2055
2015-5,39111010,石油樹脂,中國大陸,進口總值(含復進口),754.3053,362625
2015-5,39111010,石油樹脂,中華民國,進口總值(含復進口),15.52511,16000
2015-5,39111010,石油樹脂,日本,進口總值(含復進口),2117.189,860310
2015-5,39111010,石油樹脂,印尼,進口總值(含復進口),57.69732,36000
2015-5,39111010,石油樹脂,法國,進口總值(含復進口),327.756,101250
2015-5,39111010,石油樹脂,南韓,進口總值(含復進口),1063.731,356200
2015-5,39111010,石油樹脂,美國,進口總值(含復進口),705.2185,247804
2015-5,39111010,石油樹脂,泰國,進口總值(含復進口),198.5975,72000
2015-5,39111010,石油樹脂,德國,進口總值(含復進口),27.00587,10000
2015-5,39111010,石油樹脂,土耳其,出口總值(含復出口),227.2342,158000
2015-5,39111010,石油樹脂,中國大陸,出口總值(含復出口),4464.514,1880960
2015-5,39111010,石油樹脂,巴西,出口總值(含復出口),160.0783,62000
2015-5,39111010,石油樹脂,巴基斯坦,出口總值(含復出口),22.30919,18000
2015-5,39111010,石油樹脂,日本,出口總值(含復出口),483.4312,274400
2015-5,39111010,石油樹脂,加拿大,出口總值(含復出口),105.2185,66000
2015-5,39111010,石油樹脂,伊朗,出口總值(含復出口),23.61382,19000
2015-5,39111010,石油樹脂,印尼,出口總值(含復出口),250.3262,183800
2015-5,39111010,石油樹脂,印度,出口總值(含復出口),634.6706,560095
2015-5,39111010,石油樹脂,西班牙,出口總值(含復出口),428.7345,280000
2015-5,39111010,石油樹脂,沙烏地阿拉伯,出口總值(含復出口),210.7958,126000
2015-5,39111010,石油樹脂,孟加拉,出口總值(含復出口),89.59556,76000
2015-5,39111010,石油樹脂,波蘭,出口總值(含復出口),160.1109,94000
2015-5,39111010,石油樹脂,法國,出口總值(含復出口),51.79386,46000
2015-5,39111010,石油樹脂,阿拉伯聯合大公國,出口總值(含復出口),44.78147,38000
2015-5,39111010,石油樹脂,阿根廷,出口總值(含復出口),52.18525,33000
2015-5,39111010,石油樹脂,俄羅斯,出口總值(含復出口),32.0287,19000
2015-5,39111010,石油樹脂,南韓,出口總值(含復出口),316.5362,207000
2015-5,39111010,石油樹脂,美國,出口總值(含復出口),474.3314,266000
2015-5,39111010,石油樹脂,英國,出口總值(含復出口),78.3105,52000
2015-5,39111010,石油樹脂,香港,出口總值(含復出口),90.34572,23800
2015-5,39111010,石油樹脂,泰國,出口總值(含復出口),609.3607,411000
2015-5,39111010,石油樹脂,秘魯,出口總值(含復出口),25.99478,19000
2015-5,39111010,石油樹脂,馬來西亞,出口總值(含復出口),743.1507,462000
2015-5,39111010,石油樹脂,斯里蘭卡,出口總值(含復出口),9.94781,6000
2015-5,39111010,石油樹脂,菲律賓,出口總值(含復出口),75.0163,56000
2015-5,39111010,石油樹脂,越南,出口總值(含復出口),718.4605,355500
2015-5,39111010,石油樹脂,新加坡,出口總值(含復出口),49.21722,35000
2015-5,39111010,石油樹脂,瑞典,出口總值(含復出口),137.7691,101000
2015-5,39111010,石油樹脂,義大利,出口總值(含復出口),89.69341,28000
2015-5,39111010,石油樹脂,葡萄牙,出口總值(含復出口),235.1598,84000
2015-5,39111010,石油樹脂,德國,出口總值(含復出口),240.15,135000
2015-5,39111010,石油樹脂,緬甸,出口總值(含復出口),152.2179,112000
2015-5,39111010,石油樹脂,澳大利亞,出口總值(含復出口),190.7371,86000
2015-5,39219010,玻璃纖維強化塑膠板、片及扁條,中國大陸,進口總值(含復進口),327.3646,31010
2015-5,39219010,玻璃纖維強化塑膠板、片及扁條,中華民國,進口總值(含復進口),5.96868,66
2015-5,39219010,玻璃纖維強化塑膠板、片及扁條,日本,進口總值(含復進口),1035.29,23204
2015-5,39219010,玻璃纖維強化塑膠板、片及扁條,法國,進口總值(含復進口),62.52446,4798
2015-5,39219010,玻璃纖維強化塑膠板、片及扁條,南韓,進口總值(含復進口),183.6921,61867
2015-5,39219010,玻璃纖維強化塑膠板、片及扁條,美國,進口總值(含復進口),66.69928,7031
2015-5,39219010,玻璃纖維強化塑膠板、片及扁條,香港,進口總值(含復進口),209.002,14125
2015-5,39219010,玻璃纖維強化塑膠板、片及扁條,泰國,進口總值(含復進口),289.0085,21058
2015-5,39219010,玻璃纖維強化塑膠板、片及扁條,荷蘭,進口總值(含復進口),7.01239,22
2015-5,39219010,玻璃纖維強化塑膠板、片及扁條,愛爾蘭,進口總值(含復進口),5.47945,158
2015-5,39219010,玻璃纖維強化塑膠板、片及扁條,新加坡,進口總值(含復進口),4.43574,59
2015-5,39219010,玻璃纖維強化塑膠板、片及扁條,德國,進口總值(含復進口),82.42009,9117
2015-5,39219010,玻璃纖維強化塑膠板、片及扁條,墨西哥,進口總值(含復進口),13.47031,218
2015-5,39219010,玻璃纖維強化塑膠板、片及扁條,中國大陸,出口總值(含復出口),740.0848,86348
2015-5,39219010,玻璃纖維強化塑膠板、片及扁條,日本,出口總值(含復出口),215.9817,35147
2015-5,39219010,玻璃纖維強化塑膠板、片及扁條,匈牙利,出口總值(含復出口),0.75016,4
2015-5,39219010,玻璃纖維強化塑膠板、片及扁條,印度,出口總值(含復出口),21.85257,25991
2015-5,39219010,玻璃纖維強化塑膠板、片及扁條,宏都拉斯,出口總值(含復出口),0.22831,139
2015-5,39219010,玻璃纖維強化塑膠板、片及扁條,孟加拉,出口總值(含復出口),0.97847,18
2015-5,39219010,玻璃纖維強化塑膠板、片及扁條,南韓,出口總值(含復出口),353.2616,35790
2015-5,39219010,玻璃纖維強化塑膠板、片及扁條,美國,出口總值(含復出口),141.5851,22483
2015-5,39219010,玻璃纖維強化塑膠板、片及扁條,香港,出口總值(含復出口),15.13371,1800
2015-5,39219010,玻璃纖維強化塑膠板、片及扁條,泰國,出口總值(含復出口),231.0502,40911
2015-5,39219010,玻璃纖維強化塑膠板、片及扁條,馬來西亞,出口總值(含復出口),24.52707,4921
2015-5,39219010,玻璃纖維強化塑膠板、片及扁條,斯里蘭卡,出口總值(含復出口),22.79843,1123
2015-5,39219010,玻璃纖維強化塑膠板、片及扁條,菲律賓,出口總值(含復出口),19.92823,2404
2015-5,39219010,玻璃纖維強化塑膠板、片及扁條,越南,出口總值(含復出口),205.3164,24587
2015-5,39219010,玻璃纖維強化塑膠板、片及扁條,新加坡,出口總值(含復出口),111.0241,23034
2015-5,39219010,玻璃纖維強化塑膠板、片及扁條,德國,出口總值(含復出口),195.1402,29084
2015-6,39095000,聚胺基甲酸乙酯，初級狀態,中國大陸,進口總值(含復進口),2184.205,616684
2015-6,39095000,聚胺基甲酸乙酯，初級狀態,日本,進口總值(含復進口),1528.632,245561
2015-6,39095000,聚胺基甲酸乙酯，初級狀態,比利時,進口總值(含復進口),115.6971,23000
2015-6,39095000,聚胺基甲酸乙酯，初級狀態,加拿大,進口總值(含復進口),40.13649,3429
2015-6,39095000,聚胺基甲酸乙酯，初級狀態,印尼,進口總值(含復進口),0.09749,55
2015-6,39095000,聚胺基甲酸乙酯，初級狀態,印度,進口總值(含復進口),16.86707,8000
2015-6,39095000,聚胺基甲酸乙酯，初級狀態,西班牙,進口總值(含復進口),64.83587,10510
2015-6,39095000,聚胺基甲酸乙酯，初級狀態,法國,進口總值(含復進口),319.4345,29530
2015-6,39095000,聚胺基甲酸乙酯，初級狀態,南韓,進口總值(含復進口),104.1599,31682
2015-6,39095000,聚胺基甲酸乙酯，初級狀態,美國,進口總值(含復進口),1495.613,199656
2015-6,39095000,聚胺基甲酸乙酯，初級狀態,泰國,進口總值(含復進口),2.04744,250
2015-6,39095000,聚胺基甲酸乙酯，初級狀態,馬來西亞,進口總值(含復進口),22.39194,4941
2015-6,39095000,聚胺基甲酸乙酯，初級狀態,荷蘭,進口總值(含復進口),27.13682,3496
2015-6,39095000,聚胺基甲酸乙酯，初級狀態,新加坡,進口總值(含復進口),27.6893,6214
2015-6,39095000,聚胺基甲酸乙酯，初級狀態,瑞士,進口總值(含復進口),3.6074,390
2015-6,39095000,聚胺基甲酸乙酯，初級狀態,義大利,進口總值(含復進口),96.55508,24000
2015-6,39095000,聚胺基甲酸乙酯，初級狀態,德國,進口總值(含復進口),617.3221,115961
2015-6,39095000,聚胺基甲酸乙酯，初級狀態,墨西哥,進口總值(含復進口),17.58206,2400
2015-6,39095000,聚胺基甲酸乙酯，初級狀態,澳大利亞,進口總值(含復進口),40.55898,6653
2015-6,39095000,聚胺基甲酸乙酯，初級狀態,土耳其,出口總值(含復出口),110.8222,33500
2015-6,39095000,聚胺基甲酸乙酯，初級狀態,中國大陸,出口總值(含復出口),11171.21,3531069
2015-6,39095000,聚胺基甲酸乙酯，初級狀態,巴西,出口總值(含復出口),709.8473,200200
2015-6,39095000,聚胺基甲酸乙酯，初級狀態,巴基斯坦,出口總值(含復出口),87.35781,25000
2015-6,39095000,聚胺基甲酸乙酯，初級狀態,日本,出口總值(含復出口),742.6389,220222
2015-6,39095000,聚胺基甲酸乙酯，初級狀態,比利時,出口總值(含復出口),150.3737,46960
2015-6,39095000,聚胺基甲酸乙酯，初級狀態,加拿大,出口總值(含復出口),54.63113,16000
2015-6,39095000,聚胺基甲酸乙酯，初級狀態,伊朗,出口總值(含復出口),139.2915,31250
2015-6,39095000,聚胺基甲酸乙酯，初級狀態,印尼,出口總值(含復出口),1843.159,592827
2015-6,39095000,聚胺基甲酸乙酯，初級狀態,印度,出口總值(含復出口),940.7215,267055
2015-6,39095000,聚胺基甲酸乙酯，初級狀態,西班牙,出口總值(含復出口),921.9695,360000
2015-6,39095000,聚胺基甲酸乙酯，初級狀態,沙烏地阿拉伯,出口總值(含復出口),0.06499,24
2015-6,39095000,聚胺基甲酸乙酯，初級狀態,孟加拉,出口總值(含復出口),75.7881,25320
2015-6,39095000,聚胺基甲酸乙酯，初級狀態,肯亞,出口總值(含復出口),13.45466,4000
2015-6,39095000,聚胺基甲酸乙酯，初級狀態,阿根廷,出口總值(含復出口),159.246,47000
2015-6,39095000,聚胺基甲酸乙酯，初級狀態,南韓,出口總值(含復出口),1477.543,374095
2015-6,39095000,聚胺基甲酸乙酯，初級狀態,柬埔寨,出口總值(含復出口),14.33214,3400
2015-6,39095000,聚胺基甲酸乙酯，初級狀態,美國,出口總值(含復出口),174.9756,41504
2015-6,39095000,聚胺基甲酸乙酯，初級狀態,香港,出口總值(含復出口),1239.844,552741
2015-6,39095000,聚胺基甲酸乙酯，初級狀態,哥倫比亞,出口總值(含復出口),12.18719,3200
2015-6,39095000,聚胺基甲酸乙酯，初級狀態,泰國,出口總值(含復出口),979.818,352264
2015-6,39095000,聚胺基甲酸乙酯，初級狀態,秘魯,出口總值(含復出口),106.7598,31000
2015-6,39095000,聚胺基甲酸乙酯，初級狀態,馬來西亞,出口總值(含復出口),537.4066,237923
2015-6,39095000,聚胺基甲酸乙酯，初級狀態,荷蘭,出口總值(含復出口),146.4738,29480
2015-6,39095000,聚胺基甲酸乙酯，初級狀態,智利,出口總值(含復出口),73.87065,18000
2015-6,39095000,聚胺基甲酸乙酯，初級狀態,菲律賓,出口總值(含復出口),221.7745,72315
2015-6,39095000,聚胺基甲酸乙酯，初級狀態,越南,出口總值(含復出口),4758.954,1516590
2015-6,39095000,聚胺基甲酸乙酯，初級狀態,新加坡,出口總值(含復出口),68.89827,20550
2015-6,39095000,聚胺基甲酸乙酯，初級狀態,瑞典,出口總值(含復出口),12.64218,3100
2015-6,39095000,聚胺基甲酸乙酯，初級狀態,義大利,出口總值(含復出口),200.0975,75000
2015-6,39095000,聚胺基甲酸乙酯，初級狀態,墨西哥,出口總值(含復出口),111.6997,31000
2015-6,39095000,聚胺基甲酸乙酯，初級狀態,澳大利亞,出口總值(含復出口),52.38869,16800
2015-6,39100010,矽油,中國大陸,進口總值(含復進口),226.5193,65545
2015-6,39100010,矽油,日本,進口總值(含復進口),1891.55,562303
2015-6,39100010,矽油,印度,進口總值(含復進口),8.93727,1100
2015-6,39100010,矽油,西班牙,進口總值(含復進口),31.06922,11200
2015-6,39100010,矽油,法國,進口總值(含復進口),123.8544,51200
2015-6,39100010,矽油,南韓,進口總值(含復進口),199.5125,78730
2015-6,39100010,矽油,美國,進口總值(含復進口),683.4579,78936
2015-6,39100010,矽油,英國,進口總值(含復進口),81.80045,32570
2015-6,39100010,矽油,泰國,進口總值(含復進口),509.0998,178290
2015-6,39100010,矽油,馬來西亞,進口總值(含復進口),112.4797,44440
2015-6,39100010,矽油,瑞典,進口總值(含復進口),0.06499,1
2015-6,39100010,矽油,德國,進口總值(含復進口),127.1693,33000
2015-6,39100010,矽油,土耳其,出口總值(含復出口),0.64998,100
2015-6,39100010,矽油,中國大陸,出口總值(含復出口),1070.068,244171
2015-6,39100010,矽油,巴基斯坦,出口總值(含復出口),2.14494,3
2015-6,39100010,矽油,日本,出口總值(含復出口),6.01234,34848
2015-6,39100010,矽油,孟加拉,出口總值(含復出口),0.16249,14
2015-6,39100010,矽油,香港,出口總值(含復出口),7.8648,1400
2015-6,39100010,矽油,泰國,出口總值(含復出口),7.8973,1272
2015-6,39100010,矽油,馬來西亞,出口總值(含復出口),2.50243,200
2015-6,39100010,矽油,喀麥隆,出口總值(含復出口),0.77998,54
2015-6,39100010,矽油,菲律賓,出口總值(含復出口),1.29996,270
2015-6,39100010,矽油,越南,出口總值(含復出口),14.52713,3000
2015-6,39100010,矽油,墨西哥,出口總值(含復出口),0.09749,13
2015-6,39111010,石油樹脂,中國大陸,進口總值(含復進口),1268.508,517425
2015-6,39111010,石油樹脂,日本,進口總值(含復進口),1923.854,800785
2015-6,39111010,石油樹脂,印尼,進口總值(含復進口),29.02177,18000
2015-6,39111010,石油樹脂,法國,進口總值(含復進口),333.8967,97725
2015-6,39111010,石油樹脂,南韓,進口總值(含復進口),577.5106,187900
2015-6,39111010,石油樹脂,美國,進口總值(含復進口),461.261,153920
2015-6,39111010,石油樹脂,泰國,進口總值(含復進口),27.6243,9000
2015-6,39111010,石油樹脂,荷蘭,進口總值(含復進口),3.8349,1000
2015-6,39111010,石油樹脂,土耳其,出口總值(含復出口),283.0354,182000
2015-6,39111010,石油樹脂,中國大陸,出口總值(含復出口),3602.925,1531800
2015-6,39111010,石油樹脂,巴西,出口總值(含復出口),227.8518,140000
2015-6,39111010,石油樹脂,日本,出口總值(含復出口),359.246,209000
2015-6,39111010,石油樹脂,加拿大,出口總值(含復出口),27.07182,22000
2015-6,39111010,石油樹脂,伊朗,出口總值(含復出口),164.5109,133000
2015-6,39111010,石油樹脂,印尼,出口總值(含復出口),325.9344,205800
2015-6,39111010,石油樹脂,印度,出口總值(含復出口),321.352,243875
2015-6,39111010,石油樹脂,西班牙,出口總值(含復出口),23.26941,14000
2015-6,39111010,石油樹脂,沙烏地阿拉伯,出口總值(含復出口),70.45823,30000
2015-6,39111010,石油樹脂,孟加拉,出口總值(含復出口),59.7985,57000
2015-6,39111010,石油樹脂,波蘭,出口總值(含復出口),78.32304,28000
2015-6,39111010,石油樹脂,法國,出口總值(含復出口),27.7218,25000
2015-6,39111010,石油樹脂,阿拉伯聯合大公國,出口總值(含復出口),44.36139,38000
2015-6,39111010,石油樹脂,南非,出口總值(含復出口),52.77868,32000
2015-6,39111010,石油樹脂,南韓,出口總值(含復出口),294.1176,205025
2015-6,39111010,石油樹脂,美國,出口總值(含復出口),451.4137,282000
2015-6,39111010,石油樹脂,英國,出口總值(含復出口),158.6285,104000
2015-6,39111010,石油樹脂,香港,出口總值(含復出口),41.40395,15748
2015-6,39111010,石油樹脂,泰國,出口總值(含復出口),376.5031,249000
2015-6,39111010,石油樹脂,馬來西亞,出口總值(含復出口),395.2551,233000
2015-6,39111010,石油樹脂,荷蘭,出口總值(含復出口),131.3617,125000
2015-6,39111010,石油樹脂,斯里蘭卡,出口總值(含復出口),6.88982,5000
2015-6,39111010,石油樹脂,菲律賓,出口總值(含復出口),40.03899,24000
2015-6,39111010,石油樹脂,越南,出口總值(含復出口),570.1332,343800
2015-6,39111010,石油樹脂,新加坡,出口總值(含復出口),41.82645,32000
2015-6,39111010,石油樹脂,瑞典,出口總值(含復出口),52.64868,50000
2015-6,39111010,石油樹脂,義大利,出口總值(含復出口),211.1147,108000
2015-6,39111010,石油樹脂,葡萄牙,出口總值(含復出口),23.39941,16000
2015-6,39111010,石油樹脂,德國,出口總值(含復出口),246.2788,139000
2015-6,39111010,石油樹脂,緬甸,出口總值(含復出口),81.76795,57000
2015-6,39111010,石油樹脂,澳大利亞,出口總值(含復出口),95.22261,62000
2015-6,39219010,玻璃纖維強化塑膠板、片及扁條,中國大陸,進口總值(含復進口),206.2073,14335
2015-6,39219010,玻璃纖維強化塑膠板、片及扁條,日本,進口總值(含復進口),647.1888,55159
2015-6,39219010,玻璃纖維強化塑膠板、片及扁條,法國,進口總值(含復進口),28.14429,2078
2015-6,39219010,玻璃纖維強化塑膠板、片及扁條,南韓,進口總值(含復進口),204.2574,57404
2015-6,39219010,玻璃纖維強化塑膠板、片及扁條,美國,進口總值(含復進口),179.883,14129
2015-6,39219010,玻璃纖維強化塑膠板、片及扁條,香港,進口總值(含復進口),35.32661,2385
2015-6,39219010,玻璃纖維強化塑膠板、片及扁條,挪威,進口總值(含復進口),13.68215,2130
2015-6,39219010,玻璃纖維強化塑膠板、片及扁條,泰國,進口總值(含復進口),283.0679,23917
2015-6,39219010,玻璃纖維強化塑膠板、片及扁條,德國,進口總值(含復進口),22.32694,1884
2015-6,39219010,玻璃纖維強化塑膠板、片及扁條,墨西哥,進口總值(含復進口),47.9688,694
2015-6,39219010,玻璃纖維強化塑膠板、片及扁條,千里達及托巴哥,出口總值(含復出口),1.81995,60
2015-6,39219010,玻璃纖維強化塑膠板、片及扁條,中國大陸,出口總值(含復出口),1031.232,91884
2015-6,39219010,玻璃纖維強化塑膠板、片及扁條,日本,出口總值(含復出口),229.1843,35304
2015-6,39219010,玻璃纖維強化塑膠板、片及扁條,瓜地馬拉,出口總值(含復出口),0.45498,612
2015-6,39219010,玻璃纖維強化塑膠板、片及扁條,印尼,出口總值(含復出口),1.91745,6
2015-6,39219010,玻璃纖維強化塑膠板、片及扁條,印度,出口總值(含復出口),44.42638,10612
2015-6,39219010,玻璃纖維強化塑膠板、片及扁條,南韓,出口總值(含復出口),92.91517,16100
2015-6,39219010,玻璃纖維強化塑膠板、片及扁條,科威特,出口總值(含復出口),0.22749,45
2015-6,39219010,玻璃纖維強化塑膠板、片及扁條,美國,出口總值(含復出口),4.51738,123
2015-6,39219010,玻璃纖維強化塑膠板、片及扁條,英國,出口總值(含復出口),4.90737,505
2015-6,39219010,玻璃纖維強化塑膠板、片及扁條,香港,出口總值(含復出口),17.09456,2938
2015-6,39219010,玻璃纖維強化塑膠板、片及扁條,泰國,出口總值(含復出口),182.5804,34093
2015-6,39219010,玻璃纖維強化塑膠板、片及扁條,馬來西亞,出口總值(含復出口),4.64738,299
2015-6,39219010,玻璃纖維強化塑膠板、片及扁條,菲律賓,出口總值(含復出口),8.70977,1033
2015-6,39219010,玻璃纖維強化塑膠板、片及扁條,越南,出口總值(含復出口),321.092,36813
2015-6,39219010,玻璃纖維強化塑膠板、片及扁條,新加坡,出口總值(含復出口),44.42638,9034
2015-6,39219010,玻璃纖維強化塑膠板、片及扁條,德國,出口總值(含復出口),302.3399,51772
2015-7,39095000,聚胺基甲酸乙酯，初級狀態,中國大陸,進口總值(含復進口),2002.973,535817
2015-7,39095000,聚胺基甲酸乙酯，初級狀態,日本,進口總值(含復進口),758.3387,111624
2015-7,39095000,聚胺基甲酸乙酯，初級狀態,比利時,進口總值(含復進口),5.97931,800
2015-7,39095000,聚胺基甲酸乙酯，初級狀態,印度,進口總值(含復進口),20.78215,4130
2015-7,39095000,聚胺基甲酸乙酯，初級狀態,西班牙,進口總值(含復進口),58.14479,10250
2015-7,39095000,聚胺基甲酸乙酯，初級狀態,法國,進口總值(含復進口),391.1118,33100
2015-7,39095000,聚胺基甲酸乙酯，初級狀態,南韓,進口總值(含復進口),34.09825,8940
2015-7,39095000,聚胺基甲酸乙酯，初級狀態,美國,進口總值(含復進口),1078.571,139803
2015-7,39095000,聚胺基甲酸乙酯，初級狀態,馬來西亞,進口總值(含復進口),16.51583,1800
2015-7,39095000,聚胺基甲酸乙酯，初級狀態,荷蘭,進口總值(含復進口),1.87459,44
2015-7,39095000,聚胺基甲酸乙酯，初級狀態,奧地利,進口總值(含復進口),2.58564,420
2015-7,39095000,聚胺基甲酸乙酯，初級狀態,新加坡,進口總值(含復進口),13.60698,2100
2015-7,39095000,聚胺基甲酸乙酯，初級狀態,義大利,進口總值(含復進口),3.16742,133
2015-7,39095000,聚胺基甲酸乙酯，初級狀態,德國,進口總值(含復進口),554.7511,92569
2015-7,39095000,聚胺基甲酸乙酯，初級狀態,土耳其,出口總值(含復出口),158.2094,48170
2015-7,39095000,聚胺基甲酸乙酯，初級狀態,中國大陸,出口總值(含復出口),8494.085,2534505
2015-7,39095000,聚胺基甲酸乙酯，初級狀態,巴西,出口總值(含復出口),761.8617,225040
2015-7,39095000,聚胺基甲酸乙酯，初級狀態,巴基斯坦,出口總值(含復出口),106.044,37680
2015-7,39095000,聚胺基甲酸乙酯，初級狀態,日本,出口總值(含復出口),434.4861,124876
2015-7,39095000,聚胺基甲酸乙酯，初級狀態,比利時,出口總值(含復出口),23.43244,5200
2015-7,39095000,聚胺基甲酸乙酯，初級狀態,加拿大,出口總值(含復出口),3.2967,300
2015-7,39095000,聚胺基甲酸乙酯，初級狀態,伊朗,出口總值(含復出口),99.03038,32500
2015-7,39095000,聚胺基甲酸乙酯，初級狀態,印尼,出口總值(含復出口),736.0698,232665
2015-7,39095000,聚胺基甲酸乙酯，初級狀態,印度,出口總值(含復出口),1048.19,302912
2015-7,39095000,聚胺基甲酸乙酯，初級狀態,孟加拉,出口總值(含復出口),113.9625,35800
2015-7,39095000,聚胺基甲酸乙酯，初級狀態,波蘭,出口總值(含復出口),57.95087,15000
2015-7,39095000,聚胺基甲酸乙酯，初級狀態,法國,出口總值(含復出口),30.21978,7700
2015-7,39095000,聚胺基甲酸乙酯，初級狀態,阿拉伯聯合大公國,出口總值(含復出口),21.65481,4571
2015-7,39095000,聚胺基甲酸乙酯，初級狀態,阿根廷,出口總值(含復出口),124.4667,31900
2015-7,39095000,聚胺基甲酸乙酯，初級狀態,南韓,出口總值(含復出口),1467.582,371380
2015-7,39095000,聚胺基甲酸乙酯，初級狀態,柬埔寨,出口總值(含復出口),17.00064,4105
2015-7,39095000,聚胺基甲酸乙酯，初級狀態,約旦,出口總值(含復出口),51.90691,17000
2015-7,39095000,聚胺基甲酸乙酯，初級狀態,美國,出口總值(含復出口),239.6251,54400
2015-7,39095000,聚胺基甲酸乙酯，初級狀態,香港,出口總值(含復出口),1625.63,700314
2015-7,39095000,聚胺基甲酸乙酯，初級狀態,泰國,出口總值(含復出口),802.2301,274387
2015-7,39095000,聚胺基甲酸乙酯，初級狀態,秘魯,出口總值(含復出口),14.28571,3420
2015-7,39095000,聚胺基甲酸乙酯，初級狀態,馬來西亞,出口總值(含復出口),352.3271,133570
2015-7,39095000,聚胺基甲酸乙酯，初級狀態,荷蘭,出口總值(含復出口),190.0776,40680
2015-7,39095000,聚胺基甲酸乙酯，初級狀態,斯里蘭卡,出口總值(含復出口),6.07627,960
2015-7,39095000,聚胺基甲酸乙酯，初級狀態,智利,出口總值(含復出口),22.55979,5000
2015-7,39095000,聚胺基甲酸乙酯，初級狀態,菲律賓,出口總值(含復出口),82.51454,27000
2015-7,39095000,聚胺基甲酸乙酯，初級狀態,越南,出口總值(含復出口),4667.292,1543188
2015-7,39095000,聚胺基甲酸乙酯，初級狀態,新加坡,出口總值(含復出口),50.19392,17591
2015-7,39095000,聚胺基甲酸乙酯，初級狀態,瑞典,出口總值(含復出口),28.95927,7500
2015-7,39095000,聚胺基甲酸乙酯，初級狀態,德國,出口總值(含復出口),44.63477,8200
2015-7,39095000,聚胺基甲酸乙酯，初級狀態,墨西哥,出口總值(含復出口),112.7666,31000
2015-7,39095000,聚胺基甲酸乙酯，初級狀態,澳大利亞,出口總值(含復出口),59.69618,23056
2015-7,39095000,聚胺基甲酸乙酯，初級狀態,澳門,出口總值(含復出口),86.03749,32311
2015-7,39100010,矽油,中國大陸,進口總值(含復進口),548.0284,174593
2015-7,39100010,矽油,日本,進口總值(含復進口),1342.566,403384
2015-7,39100010,矽油,比利時,進口總值(含復進口),4.00775,500
2015-7,39100010,矽油,西班牙,進口總值(含復進口),40.01292,8000
2015-7,39100010,矽油,法國,進口總值(含復進口),126.7292,48400
2015-7,39100010,矽油,南韓,進口總值(含復進口),69.00452,3493
2015-7,39100010,矽油,美國,進口總值(含復進口),191.5966,12269
2015-7,39100010,矽油,英國,進口總值(含復進口),189.5604,79240
2015-7,39100010,矽油,泰國,進口總值(含復進口),83.45184,19385
2015-7,39100010,矽油,馬來西亞,進口總值(含復進口),7.75694,2280
2015-7,39100010,矽油,荷蘭,進口總值(含復進口),51.68067,18240
2015-7,39100010,矽油,瑞典,進口總值(含復進口),0.12928,2
2015-7,39100010,矽油,德國,進口總值(含復進口),287.0071,76027
2015-7,39100010,矽油,中國大陸,出口總值(含復出口),1022.948,222708
2015-7,39100010,矽油,巴基斯坦,出口總值(含復出口),15.38461,7755
2015-7,39100010,矽油,印尼,出口總值(含復出口),12.05559,960
2015-7,39100010,矽油,孟加拉,出口總值(含復出口),47.86683,51364
2015-7,39100010,矽油,南韓,出口總值(含復出口),5.52682,20
2015-7,39100010,矽油,香港,出口總值(含復出口),15.02908,3300
2015-7,39100010,矽油,哥倫比亞,出口總值(含復出口),2.03619,115
2015-7,39100010,矽油,哥斯大黎加,出口總值(含復出口),0.4848,102
2015-7,39100010,矽油,泰國,出口總值(含復出口),14.22107,2256
2015-7,39100010,矽油,馬來西亞,出口總值(含復出口),2.48868,200
2015-7,39100010,矽油,越南,出口總值(含復出口),52.77956,6783
2015-7,39111010,石油樹脂,中國大陸,進口總值(含復進口),1048.998,481825
2015-7,39111010,石油樹脂,日本,進口總值(含復進口),2448.028,1005115
2015-7,39111010,石油樹脂,印尼,進口總值(含復進口),28.92695,18000
2015-7,39111010,石油樹脂,法國,進口總值(含復進口),226.7292,66700
2015-7,39111010,石油樹脂,南韓,進口總值(含復進口),410.9567,137400
2015-7,39111010,石油樹脂,美國,進口總值(含復進口),233.775,80094
2015-7,39111010,石油樹脂,泰國,進口總值(含復進口),76.08274,27500
2015-7,39111010,石油樹脂,新加坡,進口總值(含復進口),30.60762,9000
2015-7,39111010,石油樹脂,土耳其,出口總值(含復出口),132.8701,95000
2015-7,39111010,石油樹脂,中國大陸,出口總值(含復出口),3471.687,1473602
2015-7,39111010,石油樹脂,厄瓜多,出口總值(含復出口),22.65675,16000
2015-7,39111010,石油樹脂,巴西,出口總值(含復出口),197.3174,124000
2015-7,39111010,石油樹脂,日本,出口總值(含復出口),606.9489,357100
2015-7,39111010,石油樹脂,加拿大,出口總值(含復出口),79.15319,50000
2015-7,39111010,石油樹脂,伊朗,出口總值(含復出口),23.10924,19000
2015-7,39111010,石油樹脂,印尼,出口總值(含復出口),291.3057,207800
2015-7,39111010,石油樹脂,印度,出口總值(含復出口),252.0362,216575
2015-7,39111010,石油樹脂,西班牙,出口總值(含復出口),330.8662,216500
2015-7,39111010,石油樹脂,沙烏地阿拉伯,出口總值(含復出口),72.33354,48000
2015-7,39111010,石油樹脂,奈及利亞,出口總值(含復出口),25.63025,19000
2015-7,39111010,石油樹脂,孟加拉,出口總值(含復出口),101.2928,95000
2015-7,39111010,石油樹脂,波蘭,出口總值(含復出口),397.9315,158000
2015-7,39111010,石油樹脂,法國,出口總值(含復出口),8.27407,5000
2015-7,39111010,石油樹脂,阿拉伯聯合大公國,出口總值(含復出口),115.7725,95000
2015-7,39111010,石油樹脂,阿根廷,出口總值(含復出口),27.24628,14000
2015-7,39111010,石油樹脂,俄羅斯,出口總值(含復出口),49.2243,32000
2015-7,39111010,石油樹脂,南非,出口總值(含復出口),35.97285,24000
2015-7,39111010,石油樹脂,南韓,出口總值(含復出口),205.3975,120000
2015-7,39111010,石油樹脂,美國,出口總值(含復出口),787.0718,485000
2015-7,39111010,石油樹脂,英國,出口總值(含復出口),95.79831,64000
2015-7,39111010,石油樹脂,香港,出口總值(含復出口),13.8009,5500
2015-7,39111010,石油樹脂,泰國,出口總值(含復出口),676.1797,480000
2015-7,39111010,石油樹脂,馬來西亞,出口總值(含復出口),420.5882,204200
2015-7,39111010,石油樹脂,馬達加斯加,出口總值(含復出口),8.37104,8460
2015-7,39111010,石油樹脂,荷蘭,出口總值(含復出口),393.1157,375000
2015-7,39111010,石油樹脂,斯里蘭卡,出口總值(含復出口),11.02133,8000
2015-7,39111010,石油樹脂,菲律賓,出口總值(含復出口),73.59405,57000
2015-7,39111010,石油樹脂,越南,出口總值(含復出口),820.1034,361160
2015-7,39111010,石油樹脂,新加坡,出口總值(含復出口),26.95539,19000
2015-7,39111010,石油樹脂,瑞典,出口總值(含復出口),49.19198,41000
2015-7,39111010,石油樹脂,義大利,出口總值(含復出口),64.77052,38125
2015-7,39111010,石油樹脂,葡萄牙,出口總值(含復出口),251.616,84000
2015-7,39111010,石油樹脂,德國,出口總值(含復出口),201.7453,105000
2015-7,39111010,石油樹脂,緬甸,出口總值(含復出口),22.75371,19000
2015-7,39111010,石油樹脂,澳大利亞,出口總值(含復出口),167.9379,91000
2015-7,39219010,玻璃纖維強化塑膠板、片及扁條,中國大陸,進口總值(含復進口),283.9043,25390
2015-7,39219010,玻璃纖維強化塑膠板、片及扁條,日本,進口總值(含復進口),1041.791,107020
2015-7,39219010,玻璃纖維強化塑膠板、片及扁條,加拿大,進口總值(含復進口),0.67873,10
2015-7,39219010,玻璃纖維強化塑膠板、片及扁條,法國,進口總值(含復進口),125.7595,10596
2015-7,39219010,玻璃纖維強化塑膠板、片及扁條,南韓,進口總值(含復進口),85.00323,11367
2015-7,39219010,玻璃纖維強化塑膠板、片及扁條,美國,進口總值(含復進口),50.4848,2542
2015-7,39219010,玻璃纖維強化塑膠板、片及扁條,英國,進口總值(含復進口),1.19586,40
2015-7,39219010,玻璃纖維強化塑膠板、片及扁條,香港,進口總值(含復進口),52.94117,2413
2015-7,39219010,玻璃纖維強化塑膠板、片及扁條,挪威,進口總值(含復進口),1.2605,20
2015-7,39219010,玻璃纖維強化塑膠板、片及扁條,泰國,進口總值(含復進口),146.7679,18791
2015-7,39219010,玻璃纖維強化塑膠板、片及扁條,義大利,進口總值(含復進口),2.521,55
2015-7,39219010,玻璃纖維強化塑膠板、片及扁條,德國,進口總值(含復進口),13.05753,1470
2015-7,39219010,玻璃纖維強化塑膠板、片及扁條,墨西哥,進口總值(含復進口),17.0976,240
2015-7,39219010,玻璃纖維強化塑膠板、片及扁條,中國大陸,出口總值(含復出口),702.1008,83859
2015-7,39219010,玻璃纖維強化塑膠板、片及扁條,日本,出口總值(含復出口),104.5572,18382
2015-7,39219010,玻璃纖維強化塑膠板、片及扁條,以色列,出口總值(含復出口),2.1978,87
2015-7,39219010,玻璃纖維強化塑膠板、片及扁條,瓜地馬拉,出口總值(含復出口),0.61409,225
2015-7,39219010,玻璃纖維強化塑膠板、片及扁條,印度,出口總值(含復出口),81.90045,33723
2015-7,39219010,玻璃纖維強化塑膠板、片及扁條,阿根廷,出口總值(含復出口),238.4615,105182
2015-7,39219010,玻璃纖維強化塑膠板、片及扁條,南韓,出口總值(含復出口),81.93277,13068
2015-7,39219010,玻璃纖維強化塑膠板、片及扁條,美國,出口總值(含復出口),120.5559,9700
2015-7,39219010,玻璃纖維強化塑膠板、片及扁條,香港,出口總值(含復出口),62.83128,5300
2015-7,39219010,玻璃纖維強化塑膠板、片及扁條,泰國,出口總值(含復出口),199.5152,31254
2015-7,39219010,玻璃纖維強化塑膠板、片及扁條,菲律賓,出口總值(含復出口),14.60891,1988
2015-7,39219010,玻璃纖維強化塑膠板、片及扁條,越南,出口總值(含復出口),164.2211,24494
2015-7,39219010,玻璃纖維強化塑膠板、片及扁條,新加坡,出口總值(含復出口),61.6031,13328
2015-7,39219010,玻璃纖維強化塑膠板、片及扁條,瑞典,出口總值(含復出口),2.74725,170
2015-7,39219010,玻璃纖維強化塑膠板、片及扁條,葡萄牙,出口總值(含復出口),2.94117,90
2015-7,39219010,玻璃纖維強化塑膠板、片及扁條,德國,出口總值(含復出口),295.9276,48028
2015-8,39095000,聚胺基甲酸乙酯，初級狀態,中國大陸,進口總值(含復進口),2452.24,697545
2015-8,39095000,聚胺基甲酸乙酯，初級狀態,中華民國,進口總值(含復進口),82.80757,25500
2015-8,39095000,聚胺基甲酸乙酯，初級狀態,日本,進口總值(含復進口),880.4416,149207
2015-8,39095000,聚胺基甲酸乙酯，初級狀態,比利時,進口總值(含復進口),169.6215,27660
2015-8,39095000,聚胺基甲酸乙酯，初級狀態,印度,進口總值(含復進口),80.56782,22400
2015-8,39095000,聚胺基甲酸乙酯，初級狀態,西班牙,進口總值(含復進口),3.53312,950
2015-8,39095000,聚胺基甲酸乙酯，初級狀態,法國,進口總值(含復進口),617.1293,53520
2015-8,39095000,聚胺基甲酸乙酯，初級狀態,南韓,進口總值(含復進口),60.91482,25105
2015-8,39095000,聚胺基甲酸乙酯，初級狀態,美國,進口總值(含復進口),1203.249,142587
2015-8,39095000,聚胺基甲酸乙酯，初級狀態,英國,進口總值(含復進口),10.31545,2424
2015-8,39095000,聚胺基甲酸乙酯，初級狀態,香港,進口總值(含復進口),0.15772,6
2015-8,39095000,聚胺基甲酸乙酯，初級狀態,馬來西亞,進口總值(含復進口),5.67823,2160
2015-8,39095000,聚胺基甲酸乙酯，初級狀態,荷蘭,進口總值(含復進口),26.18296,3458
2015-8,39095000,聚胺基甲酸乙酯，初級狀態,奧地利,進口總值(含復進口),2.01892,630
2015-8,39095000,聚胺基甲酸乙酯，初級狀態,新加坡,進口總值(含復進口),45.20504,9361
2015-8,39095000,聚胺基甲酸乙酯，初級狀態,義大利,進口總值(含復進口),182.9968,32329
2015-8,39095000,聚胺基甲酸乙酯，初級狀態,德國,進口總值(含復進口),1196.909,214117
2015-8,39095000,聚胺基甲酸乙酯，初級狀態,墨西哥,進口總值(含復進口),16.94006,2400
2015-8,39095000,聚胺基甲酸乙酯，初級狀態,澳大利亞,進口總值(含復進口),27.98107,6400
2015-8,39095000,聚胺基甲酸乙酯，初級狀態,土耳其,出口總值(含復出口),53.78548,17000
2015-8,39095000,聚胺基甲酸乙酯，初級狀態,中國大陸,出口總值(含復出口),10035.36,3118112
2015-8,39095000,聚胺基甲酸乙酯，初級狀態,巴西,出口總值(含復出口),752.6498,215050
2015-8,39095000,聚胺基甲酸乙酯，初級狀態,巴基斯坦,出口總值(含復出口),152.2082,65740
2015-8,39095000,聚胺基甲酸乙酯，初級狀態,日本,出口總值(含復出口),438.4858,140687
2015-8,39095000,聚胺基甲酸乙酯，初級狀態,比利時,出口總值(含復出口),29.71608,12600
2015-8,39095000,聚胺基甲酸乙酯，初級狀態,伊朗,出口總值(含復出口),124.164,49250
2015-8,39095000,聚胺基甲酸乙酯，初級狀態,印尼,出口總值(含復出口),1018.076,335915
2015-8,39095000,聚胺基甲酸乙酯，初級狀態,印度,出口總值(含復出口),972.8391,289580
2015-8,39095000,聚胺基甲酸乙酯，初級狀態,多明尼加,出口總值(含復出口),16.30914,4000
2015-8,39095000,聚胺基甲酸乙酯，初級狀態,西班牙,出口總值(含復出口),527.7287,210000
2015-8,39095000,聚胺基甲酸乙酯，初級狀態,孟加拉,出口總值(含復出口),147.7287,58222
2015-8,39095000,聚胺基甲酸乙酯，初級狀態,法國,出口總值(含復出口),6.24605,1458
2015-8,39095000,聚胺基甲酸乙酯，初級狀態,阿根廷,出口總值(含復出口),54.85804,15000
2015-8,39095000,聚胺基甲酸乙酯，初級狀態,南韓,出口總值(含復出口),1192.461,303109
2015-8,39095000,聚胺基甲酸乙酯，初級狀態,柬埔寨,出口總值(含復出口),36.15141,9000
2015-8,39095000,聚胺基甲酸乙酯，初級狀態,美國,出口總值(含復出口),100.3785,23425
2015-8,39095000,聚胺基甲酸乙酯，初級狀態,香港,出口總值(含復出口),1916.183,847978
2015-8,39095000,聚胺基甲酸乙酯，初級狀態,哥倫比亞,出口總值(含復出口),7.31861,2000
2015-8,39095000,聚胺基甲酸乙酯，初級狀態,哥斯大黎加,出口總值(含復出口),22.96529,6400
2015-8,39095000,聚胺基甲酸乙酯，初級狀態,埃及,出口總值(含復出口),6.81388,3209
2015-8,39095000,聚胺基甲酸乙酯，初級狀態,泰國,出口總值(含復出口),880.7571,326211
2015-8,39095000,聚胺基甲酸乙酯，初級狀態,秘魯,出口總值(含復出口),27.53943,6968
2015-8,39095000,聚胺基甲酸乙酯，初級狀態,馬來西亞,出口總值(含復出口),378.0126,161587
2015-8,39095000,聚胺基甲酸乙酯，初級狀態,荷蘭,出口總值(含復出口),78.73817,15000
2015-8,39095000,聚胺基甲酸乙酯，初級狀態,斯里蘭卡,出口總值(含復出口),6.15141,960
2015-8,39095000,聚胺基甲酸乙酯，初級狀態,菲律賓,出口總值(含復出口),96.24605,40720
2015-8,39095000,聚胺基甲酸乙酯，初級狀態,象牙海岸,出口總值(含復出口),11.67192,648
2015-8,39095000,聚胺基甲酸乙酯，初級狀態,越南,出口總值(含復出口),5883.502,1844066
2015-8,39095000,聚胺基甲酸乙酯，初級狀態,新加坡,出口總值(含復出口),98.13879,35220
2015-8,39095000,聚胺基甲酸乙酯，初級狀態,瑞典,出口總值(含復出口),10.75709,3000
2015-8,39095000,聚胺基甲酸乙酯，初級狀態,義大利,出口總值(含復出口),120.1262,45000
2015-8,39095000,聚胺基甲酸乙酯，初級狀態,墨西哥,出口總值(含復出口),119.7161,35500
2015-8,39095000,聚胺基甲酸乙酯，初級狀態,澳大利亞,出口總值(含復出口),106.7823,54400
2015-8,39095000,聚胺基甲酸乙酯，初級狀態,澳門,出口總值(含復出口),6.65615,4356
2015-8,39100010,矽油,中國大陸,進口總值(含復進口),1040.379,296293
2015-8,39100010,矽油,日本,進口總值(含復進口),807.0347,201371
2015-8,39100010,矽油,比利時,進口總值(含復進口),4.0063,540
2015-8,39100010,矽油,加拿大,進口總值(含復進口),81.1041,4628
2015-8,39100010,矽油,印度,進口總值(含復進口),63.94321,16000
2015-8,39100010,矽油,西班牙,進口總值(含復進口),42.36593,16000
2015-8,39100010,矽油,法國,進口總值(含復進口),168.9274,65200
2015-8,39100010,矽油,南韓,進口總值(含復進口),335.8991,111094
2015-8,39100010,矽油,美國,進口總值(含復進口),447.2871,49213
2015-8,39100010,矽油,英國,進口總值(含復進口),206.0568,85245
2015-8,39100010,矽油,泰國,進口總值(含復進口),118.2965,36755
2015-8,39100010,矽油,荷蘭,進口總值(含復進口),141.0095,56000
2015-8,39100010,矽油,瑞典,進口總值(含復進口),0.12618,1
2015-8,39100010,矽油,義大利,進口總值(含復進口),21.82965,7600
2015-8,39100010,矽油,德國,進口總值(含復進口),523.1546,69010
2015-8,39100010,矽油,中國大陸,出口總值(含復出口),833.817,109514
2015-8,39100010,矽油,日本,出口總值(含復出口),9.65299,56519
2015-8,39100010,矽油,孟加拉,出口總值(含復出口),18.8328,5000
2015-8,39100010,矽油,香港,出口總值(含復出口),23.21766,5180
2015-8,39100010,矽油,挪威,出口總值(含復出口),3.62776,75
2015-8,39100010,矽油,泰國,出口總值(含復出口),1.60883,18
2015-8,39100010,矽油,馬來西亞,出口總值(含復出口),26.18296,2400
2015-8,39100010,矽油,越南,出口總值(含復出口),91.35645,15595
2015-8,39111010,石油樹脂,中國大陸,進口總值(含復進口),1581.167,814100
2015-8,39111010,石油樹脂,日本,進口總值(含復進口),1809.748,789610
2015-8,39111010,石油樹脂,印尼,進口總值(含復進口),115.9621,72000
2015-8,39111010,石油樹脂,法國,進口總值(含復進口),588.6435,174250
2015-8,39111010,石油樹脂,南韓,進口總值(含復進口),490.0946,162400
2015-8,39111010,石油樹脂,美國,進口總值(含復進口),383.2808,165132
2015-8,39111010,石油樹脂,泰國,進口總值(含復進口),273.5647,92000
2015-8,39111010,石油樹脂,德國,進口總值(含復進口),0.03154,3
2015-8,39111010,石油樹脂,土耳其,出口總值(含復出口),51.07255,38000
2015-8,39111010,石油樹脂,中國大陸,出口總值(含復出口),4276.751,1802969
2015-8,39111010,石油樹脂,巴西,出口總值(含復出口),208.9905,140000
2015-8,39111010,石油樹脂,日本,出口總值(含復出口),544.6057,305134
2015-8,39111010,石油樹脂,加拿大,出口總值(含復出口),38.4858,25000
2015-8,39111010,石油樹脂,伊朗,出口總值(含復出口),110.694,95000
2015-8,39111010,石油樹脂,印尼,出口總值(含復出口),427.3502,258700
2015-8,39111010,石油樹脂,印度,出口總值(含復出口),414.7003,318098
2015-8,39111010,石油樹脂,西班牙,出口總值(含復出口),448.612,304000
2015-8,39111010,石油樹脂,沙烏地阿拉伯,出口總值(含復出口),21.86119,16000
2015-8,39111010,石油樹脂,孟加拉,出口總值(含復出口),19.68454,19000
2015-8,39111010,石油樹脂,波蘭,出口總值(含復出口),105.836,44000
2015-8,39111010,石油樹脂,法國,出口總值(含復出口),43.97476,14000
2015-8,39111010,石油樹脂,阿根廷,出口總值(含復出口),24.60567,19000
2015-8,39111010,石油樹脂,俄羅斯,出口總值(含復出口),130.9464,83000
2015-8,39111010,石油樹脂,南非,出口總值(含復出口),30.82018,20000
2015-8,39111010,石油樹脂,南韓,出口總值(含復出口),247.2555,170000
2015-8,39111010,石油樹脂,科威特,出口總值(含復出口),20.15772,16000
2015-8,39111010,石油樹脂,美國,出口總值(含復出口),881.6404,497000
2015-8,39111010,石油樹脂,英國,出口總值(含復出口),176.0883,112000
2015-8,39111010,石油樹脂,香港,出口總值(含復出口),20.22081,7200
2015-8,39111010,石油樹脂,泰國,出口總值(含復出口),49.33753,36000
2015-8,39111010,石油樹脂,秘魯,出口總值(含復出口),22.96529,16000
2015-8,39111010,石油樹脂,馬來西亞,出口總值(含復出口),383.47,210000
2015-8,39111010,石油樹脂,荷蘭,出口總值(含復出口),231.0095,225000
2015-8,39111010,石油樹脂,斯里蘭卡,出口總值(含復出口),9.77917,6000
2015-8,39111010,石油樹脂,菲律賓,出口總值(含復出口),25.07886,19000
2015-8,39111010,石油樹脂,越南,出口總值(含復出口),866.1514,412440
2015-8,39111010,石油樹脂,新加坡,出口總值(含復出口),48.61198,35000
2015-8,39111010,石油樹脂,瑞典,出口總值(含復出口),72.61829,66000
2015-8,39111010,石油樹脂,義大利,出口總值(含復出口),59.11671,40000
2015-8,39111010,石油樹脂,葡萄牙,出口總值(含復出口),83.59621,28000
2015-8,39111010,石油樹脂,德國,出口總值(含復出口),101.4511,43000
2015-8,39111010,石油樹脂,緬甸,出口總值(含復出口),47.50788,38000
2015-8,39111010,石油樹脂,澳大利亞,出口總值(含復出口),135.7098,76000
2015-8,39219010,玻璃纖維強化塑膠板、片及扁條,中國大陸,進口總值(含復進口),271.4196,23030
2015-8,39219010,玻璃纖維強化塑膠板、片及扁條,中華民國,進口總值(含復進口),5.04731,55
2015-8,39219010,玻璃纖維強化塑膠板、片及扁條,日本,進口總值(含復進口),669.5268,52671
2015-8,39219010,玻璃纖維強化塑膠板、片及扁條,法國,進口總值(含復進口),18.23343,1576
2015-8,39219010,玻璃纖維強化塑膠板、片及扁條,南韓,進口總值(含復進口),138.2019,18751
2015-8,39219010,玻璃纖維強化塑膠板、片及扁條,美國,進口總值(含復進口),136.9401,9587
2015-8,39219010,玻璃纖維強化塑膠板、片及扁條,香港,進口總值(含復進口),84.16403,5573
2015-8,39219010,玻璃纖維強化塑膠板、片及扁條,挪威,進口總值(含復進口),8.54889,1320
2015-8,39219010,玻璃纖維強化塑膠板、片及扁條,泰國,進口總值(含復進口),182.0505,12446
2015-8,39219010,玻璃纖維強化塑膠板、片及扁條,新加坡,進口總值(含復進口),13.97476,218
2015-8,39219010,玻璃纖維強化塑膠板、片及扁條,瑞士,進口總值(含復進口),0.15772,1
2015-8,39219010,玻璃纖維強化塑膠板、片及扁條,德國,進口總值(含復進口),64.95268,7490
2015-8,39219010,玻璃纖維強化塑膠板、片及扁條,中國大陸,出口總值(含復出口),670.4732,139449
2015-8,39219010,玻璃纖維強化塑膠板、片及扁條,巴西,出口總值(含復出口),7.22397,1123
2015-8,39219010,玻璃纖維強化塑膠板、片及扁條,日本,出口總值(含復出口),117.4448,19048
2015-8,39219010,玻璃纖維強化塑膠板、片及扁條,加拿大,出口總值(含復出口),2.01892,1290
2015-8,39219010,玻璃纖維強化塑膠板、片及扁條,瓜地馬拉,出口總值(含復出口),0.25236,56
2015-8,39219010,玻璃纖維強化塑膠板、片及扁條,印度,出口總值(含復出口),56.15141,8614
2015-8,39219010,玻璃纖維強化塑膠板、片及扁條,波蘭,出口總值(含復出口),6.21451,115
2015-8,39219010,玻璃纖維強化塑膠板、片及扁條,南韓,出口總值(含復出口),221.1672,16087
2015-8,39219010,玻璃纖維強化塑膠板、片及扁條,美國,出口總值(含復出口),30.85173,2174
2015-8,39219010,玻璃纖維強化塑膠板、片及扁條,香港,出口總值(含復出口),8.17034,1176
2015-8,39219010,玻璃纖維強化塑膠板、片及扁條,泰國,出口總值(含復出口),245.5205,42128
2015-8,39219010,玻璃纖維強化塑膠板、片及扁條,馬來西亞,出口總值(含復出口),39.9369,6047
2015-8,39219010,玻璃纖維強化塑膠板、片及扁條,捷克,出口總值(含復出口),0.72555,43
2015-8,39219010,玻璃纖維強化塑膠板、片及扁條,菲律賓,出口總值(含復出口),25.52049,2416
2015-8,39219010,玻璃纖維強化塑膠板、片及扁條,越南,出口總值(含復出口),311.4196,33429
2015-8,39219010,玻璃纖維強化塑膠板、片及扁條,新加坡,出口總值(含復出口),79.08517,17291
2015-8,39219010,玻璃纖維強化塑膠板、片及扁條,義大利,出口總值(含復出口),4.73186,363
2015-8,39219010,玻璃纖維強化塑膠板、片及扁條,德國,出口總值(含復出口),269.1167,43486
2015-9,39095000,聚胺基甲酸乙酯，初級狀態,中國大陸,進口總值(含復進口),2066.851,554178
2015-9,39095000,聚胺基甲酸乙酯，初級狀態,中華民國,進口總值(含復進口),111.6022,31212
2015-9,39095000,聚胺基甲酸乙酯，初級狀態,日本,進口總值(含復進口),1628.054,283496
2015-9,39095000,聚胺基甲酸乙酯，初級狀態,比利時,進口總值(含復進口),148.8336,30675
2015-9,39095000,聚胺基甲酸乙酯，初級狀態,印度,進口總值(含復進口),116.9736,34270
2015-9,39095000,聚胺基甲酸乙酯，初級狀態,西班牙,進口總值(含復進口),22.03806,3550
2015-9,39095000,聚胺基甲酸乙酯，初級狀態,法國,進口總值(含復進口),263.7508,24150
2015-9,39095000,聚胺基甲酸乙酯，初級狀態,南韓,進口總值(含復進口),59.45365,23500
2015-9,39095000,聚胺基甲酸乙酯，初級狀態,美國,進口總值(含復進口),1651.289,204840
2015-9,39095000,聚胺基甲酸乙酯，初級狀態,英國,進口總值(含復進口),2.14855,209
2015-9,39095000,聚胺基甲酸乙酯，初級狀態,馬來西亞,進口總值(含復進口),30.14119,6888
2015-9,39095000,聚胺基甲酸乙酯，初級狀態,荷蘭,進口總值(含復進口),9.11602,834
2015-9,39095000,聚胺基甲酸乙酯，初級狀態,新加坡,進口總值(含復進口),17.74094,3150
2015-9,39095000,聚胺基甲酸乙酯，初級狀態,義大利,進口總值(含復進口),27.47084,6208
2015-9,39095000,聚胺基甲酸乙酯，初級狀態,德國,進口總值(含復進口),481.2462,96742
2015-9,39095000,聚胺基甲酸乙酯，初級狀態,澳大利亞,進口總值(含復進口),28.08471,4600
2015-9,39095000,聚胺基甲酸乙酯，初級狀態,土耳其,出口總值(含復出口),83.67096,28500
2015-9,39095000,聚胺基甲酸乙酯，初級狀態,中國大陸,出口總值(含復出口),8641.344,2709112
2015-9,39095000,聚胺基甲酸乙酯，初級狀態,厄瓜多,出口總值(含復出口),4.17434,800
2015-9,39095000,聚胺基甲酸乙酯，初級狀態,巴西,出口總值(含復出口),660.4359,189506
2015-9,39095000,聚胺基甲酸乙酯，初級狀態,巴基斯坦,出口總值(含復出口),34.74524,15400
2015-9,39095000,聚胺基甲酸乙酯，初級狀態,日本,出口總值(含復出口),275.3223,95176
2015-9,39095000,聚胺基甲酸乙酯，初級狀態,比利時,出口總值(含復出口),69.30632,22600
2015-9,39095000,聚胺基甲酸乙酯，初級狀態,伊朗,出口總值(含復出口),167.2191,51425
2015-9,39095000,聚胺基甲酸乙酯，初級狀態,印尼,出口總值(含復出口),1503.254,510306
2015-9,39095000,聚胺基甲酸乙酯，初級狀態,印度,出口總值(含復出口),622.6826,197343
2015-9,39095000,聚胺基甲酸乙酯，初級狀態,孟加拉,出口總值(含復出口),168.539,57740
2015-9,39095000,聚胺基甲酸乙酯，初級狀態,波蘭,出口總值(含復出口),11.08041,1800
2015-9,39095000,聚胺基甲酸乙酯，初級狀態,法國,出口總值(含復出口),3.28422,715
2015-9,39095000,聚胺基甲酸乙酯，初級狀態,阿根廷,出口總值(含復出口),56.7526,15000
2015-9,39095000,聚胺基甲酸乙酯，初級狀態,南韓,出口總值(含復出口),1644.23,433264
2015-9,39095000,聚胺基甲酸乙酯，初級狀態,柬埔寨,出口總值(含復出口),11.26457,3000
2015-9,39095000,聚胺基甲酸乙酯，初級狀態,美國,出口總值(含復出口),16.88152,2668
2015-9,39095000,聚胺基甲酸乙酯，初級狀態,香港,出口總值(含復出口),2095.335,827577
2015-9,39095000,聚胺基甲酸乙酯，初級狀態,泰國,出口總值(含復出口),708.3794,254736
2015-9,39095000,聚胺基甲酸乙酯，初級狀態,秘魯,出口總值(含復出口),72.16083,20985
2015-9,39095000,聚胺基甲酸乙酯，初級狀態,馬來西亞,出口總值(含復出口),376.3352,156425
2015-9,39095000,聚胺基甲酸乙酯，初級狀態,荷蘭,出口總值(含復出口),85.17495,18000
2015-9,39095000,聚胺基甲酸乙酯，初級狀態,智利,出口總值(含復出口),28.23818,6500
2015-9,39095000,聚胺基甲酸乙酯，初級狀態,菲律賓,出口總值(含復出口),21.51626,14060
2015-9,39095000,聚胺基甲酸乙酯，初級狀態,越南,出口總值(含復出口),4697.36,1619766
2015-9,39095000,聚胺基甲酸乙酯，初級狀態,新加坡,出口總值(含復出口),24.7084,6440
2015-9,39095000,聚胺基甲酸乙酯，初級狀態,瑞典,出口總值(含復出口),17.40331,4500
2015-9,39095000,聚胺基甲酸乙酯，初級狀態,義大利,出口總值(含復出口),204.3278,76000
2015-9,39095000,聚胺基甲酸乙酯，初級狀態,德國,出口總值(含復出口),1.62676,300
2015-9,39095000,聚胺基甲酸乙酯，初級狀態,墨西哥,出口總值(含復出口),199.9386,58240
2015-9,39095000,聚胺基甲酸乙酯，初級狀態,澳大利亞,出口總值(含復出口),30.78575,10094
2015-9,39100010,矽油,中國大陸,進口總值(含復進口),504.4199,172258
2015-9,39100010,矽油,中華民國,進口總值(含復進口),0.03069,0
2015-9,39100010,矽油,日本,進口總值(含復進口),1188.336,313043
2015-9,39100010,矽油,比利時,進口總值(含復進口),22.8054,3000
2015-9,39100010,矽油,加拿大,進口總值(含復進口),35.11356,4000
2015-9,39100010,矽油,西班牙,進口總值(含復進口),23.69551,8000
2015-9,39100010,矽油,法國,進口總值(含復進口),164.3033,68000
2015-9,39100010,矽油,南韓,進口總值(含復進口),246.2247,87347
2015-9,39100010,矽油,美國,進口總值(含復進口),530.2947,61511
2015-9,39100010,矽油,英國,進口總值(含復進口),171.6697,48560
2015-9,39100010,矽油,泰國,進口總值(含復進口),61.87845,15460
2015-9,39100010,矽油,荷蘭,進口總值(含復進口),0.98219,190
2015-9,39100010,矽油,新加坡,進口總值(含復進口),9.36157,4000
2015-9,39100010,矽油,德國,進口總值(含復進口),240.577,35120
2015-9,39100010,矽油,中國大陸,出口總值(含復出口),588.674,189827
2015-9,39100010,矽油,丹麥,出口總值(含復出口),6.32289,440
2015-9,39100010,矽油,巴基斯坦,出口總值(含復出口),6.26151,3535
2015-9,39100010,矽油,印尼,出口總值(含復出口),4.51197,613
2015-9,39100010,矽油,孟加拉,出口總值(含復出口),56.84468,26800
2015-9,39100010,矽油,香港,出口總值(含復出口),8.31798,1780
2015-9,39100010,矽油,越南,出口總值(含復出口),27.34806,5045
2015-9,39111010,石油樹脂,中國大陸,進口總值(含復進口),812.523,417125
2015-9,39111010,石油樹脂,日本,進口總值(含復進口),1662.431,714110
2015-9,39111010,石油樹脂,印尼,進口總值(含復進口),28.91344,18000
2015-9,39111010,石油樹脂,法國,進口總值(含復進口),260.7121,71975
2015-9,39111010,石油樹脂,南韓,進口總值(含復進口),658.2873,226600
2015-9,39111010,石油樹脂,美國,進口總值(含復進口),395.7643,126318
2015-9,39111010,石油樹脂,泰國,進口總值(含復進口),758.2566,328750
2015-9,39111010,石油樹脂,土耳其,出口總值(含復出口),217.7103,168000
2015-9,39111010,石油樹脂,中國大陸,出口總值(含復出口),3006.722,1245486
2015-9,39111010,石油樹脂,巴西,出口總值(含復出口),151.4733,92000
2015-9,39111010,石油樹脂,巴基斯坦,出口總值(含復出口),10.77348,10000
2015-9,39111010,石油樹脂,日本,出口總值(含復出口),610.0368,362600
2015-9,39111010,石油樹脂,加拿大,出口總值(含復出口),179.5887,125000
2015-9,39111010,石油樹脂,伊朗,出口總值(含復出口),406.5071,342000
2015-9,39111010,石油樹脂,印尼,出口總值(含復出口),281.3996,189786
2015-9,39111010,石油樹脂,印度,出口總值(含復出口),436.7096,395520
2015-9,39111010,石油樹脂,沙烏地阿拉伯,出口總值(含復出口),68.07857,30000
2015-9,39111010,石油樹脂,孟加拉,出口總值(含復出口),57.85757,58000
2015-9,39111010,石油樹脂,波蘭,出口總值(含復出口),26.82627,22000
2015-9,39111010,石油樹脂,法國,出口總值(含復出口),52.94659,50000
2015-9,39111010,石油樹脂,阿拉伯聯合大公國,出口總值(含復出口),67.40331,57000
2015-9,39111010,石油樹脂,南非,出口總值(含復出口),24.89257,16000
2015-9,39111010,石油樹脂,南韓,出口總值(含復出口),212.3389,134000
2015-9,39111010,石油樹脂,美國,出口總值(含復出口),852.2099,514000
2015-9,39111010,石油樹脂,英國,出口總值(含復出口),122.3757,102000
2015-9,39111010,石油樹脂,香港,出口總值(含復出口),8.04173,3200
2015-9,39111010,石油樹脂,泰國,出口總值(含復出口),439.8404,313000
2015-9,39111010,石油樹脂,馬來西亞,出口總值(含復出口),242.0503,161000
2015-9,39111010,石油樹脂,荷蘭,出口總值(含復出口),140.3315,150000
2015-9,39111010,石油樹脂,斯里蘭卡,出口總值(含復出口),16.45181,10000
2015-9,39111010,石油樹脂,越南,出口總值(含復出口),727.7164,393705
2015-9,39111010,石油樹脂,新加坡,出口總值(含復出口),20.8717,16000
2015-9,39111010,石油樹脂,瑞典,出口總值(含復出口),126.9184,101000
2015-9,39111010,石油樹脂,義大利,出口總值(含復出口),87.66114,63000
2015-9,39111010,石油樹脂,德國,出口總值(含復出口),141.7434,95000
2015-9,39111010,石油樹脂,緬甸,出口總值(含復出口),105.0031,76000
2015-9,39111010,石油樹脂,墨西哥,出口總值(含復出口),25.90546,16000
2015-9,39111010,石油樹脂,澳大利亞,出口總值(含復出口),153.1921,74375
2015-9,39219010,玻璃纖維強化塑膠板、片及扁條,中國大陸,進口總值(含復進口),289.2879,19963
2015-9,39219010,玻璃纖維強化塑膠板、片及扁條,中華民國,進口總值(含復進口),5.18723,796
2015-9,39219010,玻璃纖維強化塑膠板、片及扁條,日本,進口總值(含復進口),845.488,91119
2015-9,39219010,玻璃纖維強化塑膠板、片及扁條,加拿大,進口總值(含復進口),0.67526,9
2015-9,39219010,玻璃纖維強化塑膠板、片及扁條,法國,進口總值(含復進口),23.05095,1748
2015-9,39219010,玻璃纖維強化塑膠板、片及扁條,南韓,進口總值(含復進口),131.768,14451
2015-9,39219010,玻璃纖維強化塑膠板、片及扁條,美國,進口總值(含復進口),100.7366,5413
2015-9,39219010,玻璃纖維強化塑膠板、片及扁條,香港,進口總值(含復進口),69.18354,2496
2015-9,39219010,玻璃纖維強化塑膠板、片及扁條,泰國,進口總值(含復進口),325.1074,16624
2015-9,39219010,玻璃纖維強化塑膠板、片及扁條,馬來西亞,進口總值(含復進口),0.61387,354
2015-9,39219010,玻璃纖維強化塑膠板、片及扁條,德國,進口總值(含復進口),36.21853,2980
2015-9,39219010,玻璃纖維強化塑膠板、片及扁條,墨西哥,進口總值(含復進口),19.09146,275
2015-9,39219010,玻璃纖維強化塑膠板、片及扁條,千里達及托巴哥,出口總值(含復出口),2.14855,75
2015-9,39219010,玻璃纖維強化塑膠板、片及扁條,土耳其,出口總值(含復出口),2.45549,197
2015-9,39219010,玻璃纖維強化塑膠板、片及扁條,中國大陸,出口總值(含復出口),373.5114,48028
2015-9,39219010,玻璃纖維強化塑膠板、片及扁條,日本,出口總值(含復出口),130.1412,19255
2015-9,39219010,玻璃纖維強化塑膠板、片及扁條,印度,出口總值(含復出口),12.92203,3403
2015-9,39219010,玻璃纖維強化塑膠板、片及扁條,法國,出口總值(含復出口),5.95457,701
2015-9,39219010,玻璃纖維強化塑膠板、片及扁條,南韓,出口總值(含復出口),354.6654,19219
2015-9,39219010,玻璃纖維強化塑膠板、片及扁條,美國,出口總值(含復出口),22.52915,1329
2015-9,39219010,玻璃纖維強化塑膠板、片及扁條,香港,出口總值(含復出口),10.71209,1857
2015-9,39219010,玻璃纖維強化塑膠板、片及扁條,泰國,出口總值(含復出口),190.5157,35509
2015-9,39219010,玻璃纖維強化塑膠板、片及扁條,荷蘭,出口總值(含復出口),2.73173,240
2015-9,39219010,玻璃纖維強化塑膠板、片及扁條,斯里蘭卡,出口總值(含復出口),2.97728,150
2015-9,39219010,玻璃纖維強化塑膠板、片及扁條,菲律賓,出口總值(含復出口),5.15653,349
2015-9,39219010,玻璃纖維強化塑膠板、片及扁條,越南,出口總值(含復出口),205.6783,28580
2015-9,39219010,玻璃纖維強化塑膠板、片及扁條,新加坡,出口總值(含復出口),67.92509,14014
2015-9,39219010,玻璃纖維強化塑膠板、片及扁條,德國,出口總值(含復出口),158.5635,20864
2015-9,39219010,玻璃纖維強化塑膠板、片及扁條,墨西哥,出口總值(含復出口),1.31982,404
2015-10,39095000,聚胺基甲酸乙酯，初級狀態,中國大陸,進口總值(含復進口),2076.883,538634
2015-10,39095000,聚胺基甲酸乙酯，初級狀態,中華民國,進口總值(含復進口),42.62094,11125
2015-10,39095000,聚胺基甲酸乙酯，初級狀態,日本,進口總值(含復進口),526.7606,95468
2015-10,39095000,聚胺基甲酸乙酯，初級狀態,比利時,進口總值(含復進口),44.33557,8600
2015-10,39095000,聚胺基甲酸乙酯，初級狀態,加拿大,進口總值(含復進口),4.25597,334
2015-10,39095000,聚胺基甲酸乙酯，初級狀態,西班牙,進口總值(含復進口),51.37783,8220
2015-10,39095000,聚胺基甲酸乙酯，初級狀態,法國,進口總值(含復進口),307.8383,30334
2015-10,39095000,聚胺基甲酸乙酯，初級狀態,南韓,進口總值(含復進口),74.15799,29036
2015-10,39095000,聚胺基甲酸乙酯，初級狀態,美國,進口總值(含復進口),1181.078,141850
2015-10,39095000,聚胺基甲酸乙酯，初級狀態,英國,進口總值(含復進口),0.15309,1
2015-10,39095000,聚胺基甲酸乙酯，初級狀態,荷蘭,進口總值(含復進口),44.91733,11189
2015-10,39095000,聚胺基甲酸乙酯，初級狀態,奧地利,進口總值(含復進口),3.1537,1050
2015-10,39095000,聚胺基甲酸乙酯，初級狀態,新加坡,進口總值(含復進口),25.53582,5585
2015-10,39095000,聚胺基甲酸乙酯，初級狀態,瑞士,進口總值(含復進口),1.04102,200
2015-10,39095000,聚胺基甲酸乙酯，初級狀態,義大利,進口總值(含復進口),142.0086,21167
2015-10,39095000,聚胺基甲酸乙酯，初級狀態,德國,進口總值(含復進口),363.319,56164
2015-10,39095000,聚胺基甲酸乙酯，初級狀態,墨西哥,進口總值(含復進口),16.65646,2400
2015-10,39095000,聚胺基甲酸乙酯，初級狀態,澳大利亞,進口總值(含復進口),5.20514,2424
2015-10,39095000,聚胺基甲酸乙酯，初級狀態,土耳其,出口總值(含復出口),42.40661,15000
2015-10,39095000,聚胺基甲酸乙酯，初級狀態,中國大陸,出口總值(含復出口),9477.434,2938368
2015-10,39095000,聚胺基甲酸乙酯，初級狀態,巴西,出口總值(含復出口),263.4721,83700
2015-10,39095000,聚胺基甲酸乙酯，初級狀態,巴基斯坦,出口總值(含復出口),49.54072,17020
2015-10,39095000,聚胺基甲酸乙酯，初級狀態,日本,出口總值(含復出口),373.4231,118859
2015-10,39095000,聚胺基甲酸乙酯，初級狀態,比利時,出口總值(含復出口),29.30189,12600
2015-10,39095000,聚胺基甲酸乙酯，初級狀態,伊朗,出口總值(含復出口),249.2958,82750
2015-10,39095000,聚胺基甲酸乙酯，初級狀態,印尼,出口總值(含復出口),2039.804,675050
2015-10,39095000,聚胺基甲酸乙酯，初級狀態,印度,出口總值(含復出口),716.7483,219780
2015-10,39095000,聚胺基甲酸乙酯，初級狀態,西班牙,出口總值(含復出口),113.2272,45000
2015-10,39095000,聚胺基甲酸乙酯，初級狀態,孟加拉,出口總值(含復出口),16.5646,6984
2015-10,39095000,聚胺基甲酸乙酯，初級狀態,波蘭,出口總值(含復出口),55.05205,15050
2015-10,39095000,聚胺基甲酸乙酯，初級狀態,法國,出口總值(含復出口),27.58726,7317
2015-10,39095000,聚胺基甲酸乙酯，初級狀態,南韓,出口總值(含復出口),1482.547,399150
2015-10,39095000,聚胺基甲酸乙酯，初級狀態,柬埔寨,出口總值(含復出口),21.40232,6000
2015-10,39095000,聚胺基甲酸乙酯，初級狀態,美國,出口總值(含復出口),162.6148,39275
2015-10,39095000,聚胺基甲酸乙酯，初級狀態,香港,出口總值(含復出口),748.714,273655
2015-10,39095000,聚胺基甲酸乙酯，初級狀態,埃及,出口總值(含復出口),1.19412,60
2015-10,39095000,聚胺基甲酸乙酯，初級狀態,泰國,出口總值(含復出口),916.9014,330776
2015-10,39095000,聚胺基甲酸乙酯，初級狀態,秘魯,出口總值(含復出口),66.71769,20208
2015-10,39095000,聚胺基甲酸乙酯，初級狀態,紐西蘭,出口總值(含復出口),3.79669,1000
2015-10,39095000,聚胺基甲酸乙酯，初級狀態,馬來西亞,出口總值(含復出口),387.5995,152453
2015-10,39095000,聚胺基甲酸乙酯，初級狀態,荷蘭,出口總值(含復出口),39.09981,10400
2015-10,39095000,聚胺基甲酸乙酯，初級狀態,斯里蘭卡,出口總值(含復出口),6.12369,960
2015-10,39095000,聚胺基甲酸乙酯，初級狀態,菲律賓,出口總值(含復出口),48.3466,9904
2015-10,39095000,聚胺基甲酸乙酯，初級狀態,越南,出口總值(含復出口),5226.363,1762641
2015-10,39095000,聚胺基甲酸乙酯，初級狀態,新加坡,出口總值(含復出口),6.98101,951
2015-10,39095000,聚胺基甲酸乙酯，初級狀態,瑞典,出口總值(含復出口),15.09491,4200
2015-10,39095000,聚胺基甲酸乙酯，初級狀態,義大利,出口總值(含復出口),121.0043,45000
2015-10,39095000,聚胺基甲酸乙酯，初級狀態,墨西哥,出口總值(含復出口),180.9553,53000
2015-10,39095000,聚胺基甲酸乙酯，初級狀態,澳大利亞,出口總值(含復出口),39.43661,17600
2015-10,39100010,矽油,中國大陸,進口總值(含復進口),603.0006,267184
2015-10,39100010,矽油,日本,進口總值(含復進口),1181.139,339349
2015-10,39100010,矽油,加拿大,進口總值(含復進口),41.05939,3200
2015-10,39100010,矽油,西班牙,進口總值(含復進口),0.03061,0
2015-10,39100010,矽油,法國,進口總值(含復進口),49.60195,16200
2015-10,39100010,矽油,南韓,進口總值(含復進口),72.93325,5331
2015-10,39100010,矽油,美國,進口總值(含復進口),436.0686,50771
2015-10,39100010,矽油,英國,進口總值(含復進口),201.7146,88230
2015-10,39100010,矽油,泰國,進口總值(含復進口),95.56031,23580
2015-10,39100010,矽油,荷蘭,進口總值(含復進口),16.0747,6400
2015-10,39100010,矽油,德國,進口總值(含復進口),86.16044,10266
2015-10,39100010,矽油,中國大陸,出口總值(含復出口),544.7948,93012
2015-10,39100010,矽油,印尼,出口總值(含復出口),1.19412,700
2015-10,39100010,矽油,孟加拉,出口總值(含復出口),11.51255,7080
2015-10,39100010,矽油,英國,出口總值(含復出口),0.73484,78
2015-10,39100010,矽油,香港,出口總值(含復出口),4.59277,1190
2015-10,39100010,矽油,泰國,出口總值(含復出口),13.62522,2160
2015-10,39100010,矽油,秘魯,出口總值(含復出口),1.95958,300
2015-10,39100010,矽油,越南,出口總值(含復出口),68.58541,13780
2015-10,39111010,石油樹脂,中國大陸,進口總值(含復進口),1081.476,508825
2015-10,39111010,石油樹脂,日本,進口總值(含復進口),1155.328,410580
2015-10,39111010,石油樹脂,印尼,進口總值(含復進口),58.29761,36000
2015-10,39111010,石油樹脂,法國,進口總值(含復進口),321.4329,97250
2015-10,39111010,石油樹脂,南韓,進口總值(含復進口),650.398,229775
2015-10,39111010,石油樹脂,美國,進口總值(含復進口),369.6571,147218
2015-10,39111010,石油樹脂,泰國,進口總值(含復進口),986.681,504750
2015-10,39111010,石油樹脂,土耳其,出口總值(含復出口),173.2394,126000
2015-10,39111010,石油樹脂,中國大陸,出口總值(含復出口),4171.678,1776997
2015-10,39111010,石油樹脂,巴西,出口總值(含復出口),58.48132,64000
2015-10,39111010,石油樹脂,巴基斯坦,出口總值(含復出口),20.91243,18000
2015-10,39111010,石油樹脂,日本,出口總值(含復出口),701.8983,439400
2015-10,39111010,石油樹脂,加拿大,出口總值(含復出口),112.9822,75000
2015-10,39111010,石油樹脂,印尼,出口總值(含復出口),327.8322,248700
2015-10,39111010,石油樹脂,印度,出口總值(含復出口),443.8763,371400
2015-10,39111010,石油樹脂,西班牙,出口總值(含復出口),132.2719,96000
2015-10,39111010,石油樹脂,沙烏地阿拉伯,出口總值(含復出口),104.7765,78000
2015-10,39111010,石油樹脂,其他國家,出口總值(含復出口),0.09185,5
2015-10,39111010,石油樹脂,波蘭,出口總值(含復出口),27.1586,22000
2015-10,39111010,石油樹脂,法國,出口總值(含復出口),26.27066,25000
2015-10,39111010,石油樹脂,阿拉伯聯合大公國,出口總值(含復出口),64.97244,57000
2015-10,39111010,石油樹脂,阿根廷,出口總值(含復出口),25.842,14000
2015-10,39111010,石油樹脂,南非,出口總值(含復出口),5.38885,4000
2015-10,39111010,石油樹脂,南韓,出口總值(含復出口),240.2021,171025
2015-10,39111010,石油樹脂,美國,出口總值(含復出口),594.1519,382000
2015-10,39111010,石油樹脂,英國,出口總值(含復出口),139.4366,105000
2015-10,39111010,石油樹脂,香港,出口總值(含復出口),60.68584,21725
2015-10,39111010,石油樹脂,泰國,出口總值(含復出口),304.7765,230000
2015-10,39111010,石油樹脂,馬來西亞,出口總值(含復出口),360.4103,227000
2015-10,39111010,石油樹脂,荷蘭,出口總值(含復出口),137.477,150000
2015-10,39111010,石油樹脂,斯里蘭卡,出口總值(含復出口),6.52173,5000
2015-10,39111010,石油樹脂,菲律賓,出口總值(含復出口),29.27127,9000
2015-10,39111010,石油樹脂,越南,出口總值(含復出口),656.583,335887
2015-10,39111010,石油樹脂,新加坡,出口總值(含復出口),43.50887,34000
2015-10,39111010,石油樹脂,瑞典,出口總值(含復出口),23.20881,25000
2015-10,39111010,石油樹脂,義大利,出口總值(含復出口),54.4703,40000
2015-10,39111010,石油樹脂,德國,出口總值(含復出口),21.80036,15000
2015-10,39111010,石油樹脂,緬甸,出口總值(含復出口),106.0318,76400
2015-10,39111010,石油樹脂,澳大利亞,出口總值(含復出口),197.2443,104375
2015-10,39219010,玻璃纖維強化塑膠板、片及扁條,中國大陸,進口總值(含復進口),100.8879,6945
2015-10,39219010,玻璃纖維強化塑膠板、片及扁條,中華民國,進口總值(含復進口),2.75566,1014
2015-10,39219010,玻璃纖維強化塑膠板、片及扁條,日本,進口總值(含復進口),781.3227,40131
2015-10,39219010,玻璃纖維強化塑膠板、片及扁條,波蘭,進口總值(含復進口),0.03061,10
2015-10,39219010,玻璃纖維強化塑膠板、片及扁條,南韓,進口總值(含復進口),215.9216,47972
2015-10,39219010,玻璃纖維強化塑膠板、片及扁條,美國,進口總值(含復進口),32.51683,3319
2015-10,39219010,玻璃纖維強化塑膠板、片及扁條,香港,進口總值(含復進口),57.01163,2034
2015-10,39219010,玻璃纖維強化塑膠板、片及扁條,泰國,進口總值(含復進口),278.7201,12479
2015-10,39219010,玻璃纖維強化塑膠板、片及扁條,奧地利,進口總值(含復進口),2.02082,52
2015-10,39219010,玻璃纖維強化塑膠板、片及扁條,愛爾蘭,進口總值(含復進口),3.12308,75
2015-10,39219010,玻璃纖維強化塑膠板、片及扁條,新加坡,進口總值(含復進口),15.7379,133
2015-10,39219010,玻璃纖維強化塑膠板、片及扁條,德國,進口總值(含復進口),25.75015,2950
2015-10,39219010,玻璃纖維強化塑膠板、片及扁條,墨西哥,進口總值(含復進口),48.92835,721
2015-10,39219010,玻璃纖維強化塑膠板、片及扁條,中國大陸,出口總值(含復出口),454.8683,73000
2015-10,39219010,玻璃纖維強化塑膠板、片及扁條,巴拿馬,出口總值(含復出口),50.09185,8755
2015-10,39219010,玻璃纖維強化塑膠板、片及扁條,日本,出口總值(含復出口),129.8224,20825
2015-10,39219010,玻璃纖維強化塑膠板、片及扁條,以色列,出口總值(含復出口),2.17391,48
2015-10,39219010,玻璃纖維強化塑膠板、片及扁條,印尼,出口總值(含復出口),29.17942,6007
2015-10,39219010,玻璃纖維強化塑膠板、片及扁條,印度,出口總值(含復出口),117.7281,57205
2015-10,39219010,玻璃纖維強化塑膠板、片及扁條,宏都拉斯,出口總值(含復出口),0.42865,50
2015-10,39219010,玻璃纖維強化塑膠板、片及扁條,阿拉伯聯合大公國,出口總值(含復出口),1.65339,642
2015-10,39219010,玻璃纖維強化塑膠板、片及扁條,南韓,出口總值(含復出口),135.2725,21433
2015-10,39219010,玻璃纖維強化塑膠板、片及扁條,科威特,出口總值(含復出口),0.03061,9
2015-10,39219010,玻璃纖維強化塑膠板、片及扁條,美國,出口總值(含復出口),165.1255,17733
2015-10,39219010,玻璃纖維強化塑膠板、片及扁條,香港,出口總值(含復出口),25.93385,4378
2015-10,39219010,玻璃纖維強化塑膠板、片及扁條,泰國,出口總值(含復出口),540.692,101562
2015-10,39219010,玻璃纖維強化塑膠板、片及扁條,馬來西亞,出口總值(含復出口),2.35762,227
2015-10,39219010,玻璃纖維強化塑膠板、片及扁條,智利,出口總值(含復出口),10.50214,2192
2015-10,39219010,玻璃纖維強化塑膠板、片及扁條,菲律賓,出口總值(含復出口),15.82975,1998
2015-10,39219010,玻璃纖維強化塑膠板、片及扁條,越南,出口總值(含復出口),239.4366,28381
2015-10,39219010,玻璃纖維強化塑膠板、片及扁條,新加坡,出口總值(含復出口),20.94304,2822
2015-10,39219010,玻璃纖維強化塑膠板、片及扁條,葡萄牙,出口總值(含復出口),4.13349,128
2015-10,39219010,玻璃纖維強化塑膠板、片及扁條,德國,出口總值(含復出口),199.8469,29834
2015-11,39095000,聚胺基甲酸乙酯，初級狀態,中國大陸,進口總值(含復進口),3441.964,984628
2015-11,39095000,聚胺基甲酸乙酯，初級狀態,中華民國,進口總值(含復進口),8.89778,1975
2015-11,39095000,聚胺基甲酸乙酯，初級狀態,日本,進口總值(含復進口),1377.463,212415
2015-11,39095000,聚胺基甲酸乙酯，初級狀態,比利時,進口總值(含復進口),62.46921,12000
2015-11,39095000,聚胺基甲酸乙酯，初級狀態,加拿大,進口總值(含復進口),43.81157,3628
2015-11,39095000,聚胺基甲酸乙酯，初級狀態,印尼,進口總值(含復進口),1.60098,175
2015-11,39095000,聚胺基甲酸乙酯，初級狀態,印度,進口總值(含復進口),117.8264,34470
2015-11,39095000,聚胺基甲酸乙酯，初級狀態,法國,進口總值(含復進口),521.8288,51875
2015-11,39095000,聚胺基甲酸乙酯，初級狀態,南韓,進口總值(含復進口),89.62438,27124
2015-11,39095000,聚胺基甲酸乙酯，初級狀態,美國,進口總值(含復進口),1648.399,177627
2015-11,39095000,聚胺基甲酸乙酯，初級狀態,英國,進口總值(含復進口),33.71305,9660
2015-11,39095000,聚胺基甲酸乙酯，初級狀態,馬來西亞,進口總值(含復進口),5.84975,2304
2015-11,39095000,聚胺基甲酸乙酯，初級狀態,荷蘭,進口總值(含復進口),41.74876,6542
2015-11,39095000,聚胺基甲酸乙酯，初級狀態,奧地利,進口總值(含復進口),5.08004,1680
2015-11,39095000,聚胺基甲酸乙酯，初級狀態,新加坡,進口總值(含復進口),2.24753,440
2015-11,39095000,聚胺基甲酸乙酯，初級狀態,義大利,進口總值(含復進口),192.5493,48477
2015-11,39095000,聚胺基甲酸乙酯，初級狀態,德國,進口總值(含復進口),1010.345,195606
2015-11,39095000,聚胺基甲酸乙酯，初級狀態,墨西哥,進口總值(含復進口),11.1761,1600
2015-11,39095000,聚胺基甲酸乙酯，初級狀態,中國大陸,出口總值(含復出口),11400.43,3734760
2015-11,39095000,聚胺基甲酸乙酯，初級狀態,厄瓜多,出口總值(含復出口),16.71798,3200
2015-11,39095000,聚胺基甲酸乙酯，初級狀態,巴西,出口總值(含復出口),1078.202,314582
2015-11,39095000,聚胺基甲酸乙酯，初級狀態,巴基斯坦,出口總值(含復出口),42.91871,17900
2015-11,39095000,聚胺基甲酸乙酯，初級狀態,日本,出口總值(含復出口),247.968,90912
2015-11,39095000,聚胺基甲酸乙酯，初級狀態,比利時,出口總值(含復出口),28.87931,12600
2015-11,39095000,聚胺基甲酸乙酯，初級狀態,以色列,出口總值(含復出口),6.55788,2400
2015-11,39095000,聚胺基甲酸乙酯，初級狀態,加拿大,出口總值(含復出口),27.61699,5000
2015-11,39095000,聚胺基甲酸乙酯，初級狀態,伊朗,出口總值(含復出口),45.72044,15000
2015-11,39095000,聚胺基甲酸乙酯，初級狀態,印尼,出口總值(含復出口),1858.344,547038
2015-11,39095000,聚胺基甲酸乙酯，初級狀態,印度,出口總值(含復出口),832.0197,247963
2015-11,39095000,聚胺基甲酸乙酯，初級狀態,西班牙,出口總值(含復出口),115.3633,42000
2015-11,39095000,聚胺基甲酸乙酯，初級狀態,沙烏地阿拉伯,出口總值(含復出口),22.47536,6000
2015-11,39095000,聚胺基甲酸乙酯，初級狀態,孟加拉,出口總值(含復出口),115.6096,48584
2015-11,39095000,聚胺基甲酸乙酯，初級狀態,法國,出口總值(含復出口),6.52709,1445
2015-11,39095000,聚胺基甲酸乙酯，初級狀態,肯亞,出口總值(含復出口),13.08497,6200
2015-11,39095000,聚胺基甲酸乙酯，初級狀態,阿拉伯聯合大公國,出口總值(含復出口),90.51724,35200
2015-11,39095000,聚胺基甲酸乙酯，初級狀態,阿根廷,出口總值(含復出口),122.7525,36000
2015-11,39095000,聚胺基甲酸乙酯，初級狀態,南非,出口總值(含復出口),22.13669,1128
2015-11,39095000,聚胺基甲酸乙酯，初級狀態,南韓,出口總值(含復出口),1154.002,300855
2015-11,39095000,聚胺基甲酸乙酯，初級狀態,柬埔寨,出口總值(含復出口),75.80049,22060
2015-11,39095000,聚胺基甲酸乙酯，初級狀態,美國,出口總值(含復出口),159.4212,36800
2015-11,39095000,聚胺基甲酸乙酯，初級狀態,香港,出口總值(含復出口),1033.929,332542
2015-11,39095000,聚胺基甲酸乙酯，初級狀態,哥倫比亞,出口總值(含復出口),7.35837,2000
2015-11,39095000,聚胺基甲酸乙酯，初級狀態,泰國,出口總值(含復出口),876.2007,364076
2015-11,39095000,聚胺基甲酸乙酯，初級狀態,秘魯,出口總值(含復出口),16.133,3820
2015-11,39095000,聚胺基甲酸乙酯，初級狀態,馬來西亞,出口總值(含復出口),417.3337,187521
2015-11,39095000,聚胺基甲酸乙酯，初級狀態,敘利亞,出口總值(含復出口),47.41379,17000
2015-11,39095000,聚胺基甲酸乙酯，初級狀態,荷蘭,出口總值(含復出口),190.6096,39000
2015-11,39095000,聚胺基甲酸乙酯，初級狀態,斯里蘭卡,出口總值(含復出口),6.06527,960
2015-11,39095000,聚胺基甲酸乙酯，初級狀態,菲律賓,出口總值(含復出口),187.6847,75651
2015-11,39095000,聚胺基甲酸乙酯，初級狀態,越南,出口總值(含復出口),4503.941,1492362
2015-11,39095000,聚胺基甲酸乙酯，初級狀態,新加坡,出口總值(含復出口),70.62807,22076
2015-11,39095000,聚胺基甲酸乙酯，初級狀態,瑞典,出口總值(含復出口),7.82019,2200
2015-11,39095000,聚胺基甲酸乙酯，初級狀態,德國,出口總值(含復出口),48.83004,12000
2015-11,39095000,聚胺基甲酸乙酯，初級狀態,墨西哥,出口總值(含復出口),50.52339,15000
2015-11,39095000,聚胺基甲酸乙酯，初級狀態,澳門,出口總值(含復出口),5.51108,1825
2015-11,39100010,矽油,中國大陸,進口總值(含復進口),636.915,262638
2015-11,39100010,矽油,日本,進口總值(含復進口),1001.478,278336
2015-11,39100010,矽油,加拿大,進口總值(含復進口),30.08004,2600
2015-11,39100010,矽油,印度,進口總值(含復進口),11.23768,1375
2015-11,39100010,矽油,西班牙,進口總值(含復進口),24.56896,8100
2015-11,39100010,矽油,法國,進口總值(含復進口),42.05665,17000
2015-11,39100010,矽油,南韓,進口總值(含復進口),98.06034,18128
2015-11,39100010,矽油,美國,進口總值(含復進口),457.3584,13640
2015-11,39100010,矽油,英國,進口總值(含復進口),87.56157,31909
2015-11,39100010,矽油,泰國,進口總值(含復進口),135.2217,47520
2015-11,39100010,矽油,德國,進口總值(含復進口),214.0702,12744
2015-11,39100010,矽油,中國大陸,出口總值(含復出口),1012.254,307300
2015-11,39100010,矽油,巴基斯坦,出口總值(含復出口),18.96551,10250
2015-11,39100010,矽油,印尼,出口總值(含復出口),28.84852,3660
2015-11,39100010,矽油,香港,出口總值(含復出口),14.71674,2269
2015-11,39100010,矽油,馬來西亞,出口總值(含復出口),32.32758,4800
2015-11,39100010,矽油,越南,出口總值(含復出口),21.15147,3840
2015-11,39111010,石油樹脂,中國大陸,進口總值(含復進口),1339.409,750825
2015-11,39111010,石油樹脂,日本,進口總值(含復進口),1113.608,391020
2015-11,39111010,石油樹脂,印尼,進口總值(含復進口),57.51231,36000
2015-11,39111010,石油樹脂,法國,進口總值(含復進口),30.41871,9246
2015-11,39111010,石油樹脂,南韓,進口總值(含復進口),264.8707,92600
2015-11,39111010,石油樹脂,美國,進口總值(含復進口),258.7746,80344
2015-11,39111010,石油樹脂,泰國,進口總值(含復進口),186.2069,69250
2015-11,39111010,石油樹脂,荷蘭,進口總值(含復進口),2.27832,460
2015-11,39111010,石油樹脂,新加坡,進口總值(含復進口),28.72536,9000
2015-11,39111010,石油樹脂,德國,進口總值(含復進口),27.49384,10006
2015-11,39111010,石油樹脂,土耳其,出口總值(含復出口),59.42118,41000
2015-11,39111010,石油樹脂,中國大陸,出口總值(含復出口),2853.695,1262913
2015-11,39111010,石油樹脂,厄瓜多,出口總值(含復出口),22.16748,16000
2015-11,39111010,石油樹脂,巴西,出口總值(含復出口),159.7599,108000
2015-11,39111010,石油樹脂,巴基斯坦,出口總值(含復出口),2.61699,2016
2015-11,39111010,石油樹脂,日本,出口總值(含復出口),754.3411,466250
2015-11,39111010,石油樹脂,加拿大,出口總值(含復出口),106.5579,72000
2015-11,39111010,石油樹脂,伊朗,出口總值(含復出口),107.9433,85250
2015-11,39111010,石油樹脂,印尼,出口總值(含復出口),103.2635,53600
2015-11,39111010,石油樹脂,印度,出口總值(含復出口),527.0936,496880
2015-11,39111010,石油樹脂,西班牙,出口總值(含復出口),321.367,240000
2015-11,39111010,石油樹脂,沙烏地阿拉伯,出口總值(含復出口),90.51724,46000
2015-11,39111010,石油樹脂,委內瑞拉,出口總值(含復出口),27.52463,16000
2015-11,39111010,石油樹脂,孟加拉,出口總值(含復出口),36.88423,38000
2015-11,39111010,石油樹脂,波蘭,出口總值(含復出口),286.2069,128000
2015-11,39111010,石油樹脂,法國,出口總值(含復出口),22.01354,16000
2015-11,39111010,石油樹脂,阿拉伯聯合大公國,出口總值(含復出口),127.4323,114000
2015-11,39111010,石油樹脂,俄羅斯,出口總值(含復出口),154.0333,99000
2015-11,39111010,石油樹脂,南韓,出口總值(含復出口),278.3251,176000
2015-11,39111010,石油樹脂,柬埔寨,出口總值(含復出口),1.63177,1000
2015-11,39111010,石油樹脂,美國,出口總值(含復出口),675.4926,431500
2015-11,39111010,石油樹脂,英國,出口總值(含復出口),135.7143,116000
2015-11,39111010,石油樹脂,香港,出口總值(含復出口),15.60959,7000
2015-11,39111010,石油樹脂,泰國,出口總值(含復出口),528.2328,418000
2015-11,39111010,石油樹脂,秘魯,出口總值(含復出口),52.74014,32000
2015-11,39111010,石油樹脂,馬來西亞,出口總值(含復出口),337.0998,220000
2015-11,39111010,石油樹脂,荷蘭,出口總值(含復出口),68.68842,75000
2015-11,39111010,石油樹脂,斯里蘭卡,出口總值(含復出口),22.72167,15500
2015-11,39111010,石油樹脂,菲律賓,出口總值(含復出口),105.1416,82400
2015-11,39111010,石油樹脂,越南,出口總值(含復出口),639.4089,322510
2015-11,39111010,石油樹脂,新加坡,出口總值(含復出口),19.88916,16000
2015-11,39111010,石油樹脂,瑞典,出口總值(含復出口),21.67487,25000
2015-11,39111010,石油樹脂,義大利,出口總值(含復出口),83.03571,28000
2015-11,39111010,石油樹脂,德國,出口總值(含復出口),85.43719,60000
2015-11,39111010,石油樹脂,緬甸,出口總值(含復出口),183.7746,133300
2015-11,39111010,石油樹脂,澳大利亞,出口總值(含復出口),103.2635,60250
2015-11,39219010,玻璃纖維強化塑膠板、片及扁條,中國大陸,進口總值(含復進口),192.1182,33338
2015-11,39219010,玻璃纖維強化塑膠板、片及扁條,日本,進口總值(含復進口),516.1638,52244
2015-11,39219010,玻璃纖維強化塑膠板、片及扁條,法國,進口總值(含復進口),67.58004,5486
2015-11,39219010,玻璃纖維強化塑膠板、片及扁條,南韓,進口總值(含復進口),197.1675,44381
2015-11,39219010,玻璃纖維強化塑膠板、片及扁條,美國,進口總值(含復進口),46.89039,641
2015-11,39219010,玻璃纖維強化塑膠板、片及扁條,香港,進口總值(含復進口),53.26354,2428
2015-11,39219010,玻璃纖維強化塑膠板、片及扁條,泰國,進口總值(含復進口),314.532,27554
2015-11,39219010,玻璃纖維強化塑膠板、片及扁條,奧地利,進口總值(含復進口),3.54064,125
2015-11,39219010,玻璃纖維強化塑膠板、片及扁條,新加坡,進口總值(含復進口),50.09236,664
2015-11,39219010,玻璃纖維強化塑膠板、片及扁條,德國,進口總值(含復進口),50.2463,5940
2015-11,39219010,玻璃纖維強化塑膠板、片及扁條,墨西哥,進口總值(含復進口),18.10344,265
2015-11,39219010,玻璃纖維強化塑膠板、片及扁條,千里達及托巴哥,出口總值(含復出口),0.64655,20
2015-11,39219010,玻璃纖維強化塑膠板、片及扁條,中國大陸,出口總值(含復出口),546.9828,65378
2015-11,39219010,玻璃纖維強化塑膠板、片及扁條,巴西,出口總值(含復出口),35.31403,5250
2015-11,39219010,玻璃纖維強化塑膠板、片及扁條,日本,出口總值(含復出口),213.0234,36534
2015-11,39219010,玻璃纖維強化塑膠板、片及扁條,瓜地馬拉,出口總值(含復出口),0.18472,26
2015-11,39219010,玻璃纖維強化塑膠板、片及扁條,印度,出口總值(含復出口),5.11083,2829
2015-11,39219010,玻璃纖維強化塑膠板、片及扁條,南韓,出口總值(含復出口),55.84975,10066
2015-11,39219010,玻璃纖維強化塑膠板、片及扁條,科威特,出口總值(含復出口),0.98522,300
2015-11,39219010,玻璃纖維強化塑膠板、片及扁條,美國,出口總值(含復出口),49.32265,3616
2015-11,39219010,玻璃纖維強化塑膠板、片及扁條,香港,出口總值(含復出口),50.98521,1532
2015-11,39219010,玻璃纖維強化塑膠板、片及扁條,泰國,出口總值(含復出口),638.6084,107525
2015-11,39219010,玻璃纖維強化塑膠板、片及扁條,馬來西亞,出口總值(含復出口),20.07389,4449
2015-11,39219010,玻璃纖維強化塑膠板、片及扁條,菲律賓,出口總值(含復出口),6.98891,186
2015-11,39219010,玻璃纖維強化塑膠板、片及扁條,越南,出口總值(含復出口),301.7549,45013
2015-11,39219010,玻璃纖維強化塑膠板、片及扁條,新加坡,出口總值(含復出口),75.03078,15611
2015-11,39219010,玻璃纖維強化塑膠板、片及扁條,義大利,出口總值(含復出口),13.30049,1996
2015-12,39095000,聚胺基甲酸乙酯，初級狀態,中國大陸,進口總值(含復進口),2542.45,675932
2015-12,39095000,聚胺基甲酸乙酯，初級狀態,中華民國,進口總值(含復進口),8.3614,2880
2015-12,39095000,聚胺基甲酸乙酯，初級狀態,巴西,進口總值(含復進口),1.53139,125
2015-12,39095000,聚胺基甲酸乙酯，初級狀態,日本,進口總值(含復進口),706.9832,115304
2015-12,39095000,聚胺基甲酸乙酯，初級狀態,比利時,進口總值(含復進口),34.1807,6000
2015-12,39095000,聚胺基甲酸乙酯，初級狀態,加拿大,進口總值(含復進口),67.41194,6742
2015-12,39095000,聚胺基甲酸乙酯，初級狀態,西班牙,進口總值(含復進口),139.1118,26750
2015-12,39095000,聚胺基甲酸乙酯，初級狀態,法國,進口總值(含復進口),342.3277,35600
2015-12,39095000,聚胺基甲酸乙酯，初級狀態,南韓,進口總值(含復進口),90.13782,30740
2015-12,39095000,聚胺基甲酸乙酯，初級狀態,美國,進口總值(含復進口),627.1363,92212
2015-12,39095000,聚胺基甲酸乙酯，初級狀態,英國,進口總值(含復進口),9.55589,2400
2015-12,39095000,聚胺基甲酸乙酯，初級狀態,荷蘭,進口總值(含復進口),75.52833,14523
2015-12,39095000,聚胺基甲酸乙酯，初級狀態,新加坡,進口總值(含復進口),16.72281,2925
2015-12,39095000,聚胺基甲酸乙酯，初級狀態,義大利,進口總值(含復進口),72.74119,14842
2015-12,39095000,聚胺基甲酸乙酯，初級狀態,德國,進口總值(含復進口),397.0904,66911
2015-12,39095000,聚胺基甲酸乙酯，初級狀態,澳大利亞,進口總值(含復進口),3.7366,1784
2015-12,39095000,聚胺基甲酸乙酯，初級狀態,土耳其,出口總值(含復出口),86.43185,30500
2015-12,39095000,聚胺基甲酸乙酯，初級狀態,中國大陸,出口總值(含復出口),9518.285,3162079
2015-12,39095000,聚胺基甲酸乙酯，初級狀態,巴西,出口總值(含復出口),740.245,224531
2015-12,39095000,聚胺基甲酸乙酯，初級狀態,巴基斯坦,出口總值(含復出口),127.2588,54440
2015-12,39095000,聚胺基甲酸乙酯，初級狀態,日本,出口總值(含復出口),220.3982,81285
2015-12,39095000,聚胺基甲酸乙酯，初級狀態,比利時,出口總值(含復出口),143.4303,42200
2015-12,39095000,聚胺基甲酸乙酯，初級狀態,以色列,出口總值(含復出口),20.36753,2048
2015-12,39095000,聚胺基甲酸乙酯，初級狀態,加拿大,出口總值(含復出口),55.34456,16000
2015-12,39095000,聚胺基甲酸乙酯，初級狀態,伊朗,出口總值(含復出口),188.6371,53490
2015-12,39095000,聚胺基甲酸乙酯，初級狀態,印尼,出口總值(含復出口),908.6064,324910
2015-12,39095000,聚胺基甲酸乙酯，初級狀態,印度,出口總值(含復出口),485.7274,150172
2015-12,39095000,聚胺基甲酸乙酯，初級狀態,多明尼加,出口總值(含復出口),48.45329,10000
2015-12,39095000,聚胺基甲酸乙酯，初級狀態,西班牙,出口總值(含復出口),31.57733,15000
2015-12,39095000,聚胺基甲酸乙酯，初級狀態,孟加拉,出口總值(含復出口),106.5237,39088
2015-12,39095000,聚胺基甲酸乙酯，初級狀態,波蘭,出口總值(含復出口),92.74119,29700
2015-12,39095000,聚胺基甲酸乙酯，初級狀態,法國,出口總值(含復出口),6.55436,1573
2015-12,39095000,聚胺基甲酸乙酯，初級狀態,阿拉伯聯合大公國,出口總值(含復出口),25.75803,3400
2015-12,39095000,聚胺基甲酸乙酯，初級狀態,南非,出口總值(含復出口),3.24655,800
2015-12,39095000,聚胺基甲酸乙酯，初級狀態,南韓,出口總值(含復出口),1476.11,396140
2015-12,39095000,聚胺基甲酸乙酯，初級狀態,柬埔寨,出口總值(含復出口),7.53445,1965
2015-12,39095000,聚胺基甲酸乙酯，初級狀態,約旦,出口總值(含復出口),45.88055,17000
2015-12,39095000,聚胺基甲酸乙酯，初級狀態,美國,出口總值(含復出口),73.29249,18200
2015-12,39095000,聚胺基甲酸乙酯，初級狀態,香港,出口總值(含復出口),1237.642,453417
2015-12,39095000,聚胺基甲酸乙酯，初級狀態,哥倫比亞,出口總值(含復出口),26.55436,7200
2015-12,39095000,聚胺基甲酸乙酯，初級狀態,泰國,出口總值(含復出口),525.023,222888
2015-12,39095000,聚胺基甲酸乙酯，初級狀態,秘魯,出口總值(含復出口),12.43491,3258
2015-12,39095000,聚胺基甲酸乙酯，初級狀態,馬來西亞,出口總值(含復出口),309.5253,121868
2015-12,39095000,聚胺基甲酸乙酯，初級狀態,荷蘭,出口總值(含復出口),42.02143,14480
2015-12,39095000,聚胺基甲酸乙酯，初級狀態,智利,出口總值(含復出口),21.50076,5000
2015-12,39095000,聚胺基甲酸乙酯，初級狀態,菲律賓,出口總值(含復出口),84.86983,22886
2015-12,39095000,聚胺基甲酸乙酯，初級狀態,越南,出口總值(含復出口),3953.17,1438613
2015-12,39095000,聚胺基甲酸乙酯，初級狀態,新加坡,出口總值(含復出口),22.87901,5200
2015-12,39095000,聚胺基甲酸乙酯，初級狀態,瑞典,出口總值(含復出口),20.49004,6200
2015-12,39095000,聚胺基甲酸乙酯，初級狀態,義大利,出口總值(含復出口),174.3338,75164
2015-12,39095000,聚胺基甲酸乙酯，初級狀態,墨西哥,出口總值(含復出口),121.5926,34500
2015-12,39095000,聚胺基甲酸乙酯，初級狀態,澳大利亞,出口總值(含復出口),73.69065,27180
2015-12,39100010,矽油,中國大陸,進口總值(含復進口),690.4747,267405
2015-12,39100010,矽油,日本,進口總值(含復進口),1665.145,528531
2015-12,39100010,矽油,比利時,進口總值(含復進口),0.45941,100
2015-12,39100010,矽油,法國,進口總值(含復進口),80.36753,28800
2015-12,39100010,矽油,南韓,進口總值(含復進口),72.49617,19282
2015-12,39100010,矽油,美國,進口總值(含復進口),955.804,34322
2015-12,39100010,矽油,英國,進口總值(含復進口),79.50995,31995
2015-12,39100010,矽油,香港,進口總值(含復進口),2.84839,14
2015-12,39100010,矽油,泰國,進口總值(含復進口),79.60183,20190
2015-12,39100010,矽油,德國,進口總值(含復進口),217.9173,10430
2015-12,39100010,矽油,澳大利亞,進口總值(含復進口),44.31852,6830
2015-12,39100010,矽油,中國大陸,出口總值(含復出口),726.0949,185379
2015-12,39100010,矽油,巴基斯坦,出口總值(含復出口),3.88973,2260
2015-12,39100010,矽油,孟加拉,出口總值(含復出口),11.97549,4800
2015-12,39100010,矽油,阿拉伯聯合大公國,出口總值(含復出口),0.15313,10
2015-12,39100010,矽油,香港,出口總值(含復出口),16.14088,4782
2015-12,39100010,矽油,泰國,出口總值(含復出口),58.62174,7256
2015-12,39100010,矽油,馬來西亞,出口總值(含復出口),3.82848,120
2015-12,39100010,矽油,越南,出口總值(含復出口),45.81929,10473
2015-12,39111010,石油樹脂,中國大陸,進口總值(含復進口),1350.505,705500
2015-12,39111010,石油樹脂,日本,進口總值(含復進口),1248.453,502180
2015-12,39111010,石油樹脂,南韓,進口總值(含復進口),92.34303,30400
2015-12,39111010,石油樹脂,美國,進口總值(含復進口),415.4977,156384
2015-12,39111010,石油樹脂,泰國,進口總值(含復進口),750.536,330250
2015-12,39111010,石油樹脂,荷蘭,進口總值(含復進口),0.12251,60
2015-12,39111010,石油樹脂,土耳其,出口總值(含復出口),135.6202,101100
2015-12,39111010,石油樹脂,中國大陸,出口總值(含復出口),3845.299,1581181
2015-12,39111010,石油樹脂,巴西,出口總值(含復出口),431.5161,217000
2015-12,39111010,石油樹脂,巴基斯坦,出口總值(含復出口),19.90811,18000
2015-12,39111010,石油樹脂,日本,出口總值(含復出口),395.4977,230000
2015-12,39111010,石油樹脂,比利時,出口總值(含復出口),39.08116,25000
2015-12,39111010,石油樹脂,加拿大,出口總值(含復出口),157.7642,125000
2015-12,39111010,石油樹脂,印尼,出口總值(含復出口),285.2374,200650
2015-12,39111010,石油樹脂,印度,出口總值(含復出口),479.9694,438475
2015-12,39111010,石油樹脂,西班牙,出口總值(含復出口),602.6953,448000
2015-12,39111010,石油樹脂,沙烏地阿拉伯,出口總值(含復出口),43.79785,32000
2015-12,39111010,石油樹脂,波蘭,出口總值(含復出口),26.46248,22000
2015-12,39111010,石油樹脂,法國,出口總值(含復出口),76.47779,62000
2015-12,39111010,石油樹脂,阿根廷,出口總值(含復出口),25.17611,14000
2015-12,39111010,石油樹脂,俄羅斯,出口總值(含復出口),73.59877,48000
2015-12,39111010,石油樹脂,南非,出口總值(含復出口),49.8928,32000
2015-12,39111010,石油樹脂,南韓,出口總值(含復出口),177.7029,117000
2015-12,39111010,石油樹脂,柬埔寨,出口總值(含復出口),1.31699,1000
2015-12,39111010,石油樹脂,美國,出口總值(含復出口),709.3109,451000
2015-12,39111010,石油樹脂,英國,出口總值(含復出口),159.6325,132000
2015-12,39111010,石油樹脂,香港,出口總值(含復出口),4.68606,2375
2015-12,39111010,石油樹脂,泰國,出口總值(含復出口),268.2695,201000
2015-12,39111010,石油樹脂,秘魯,出口總值(含復出口),26.95252,19000
2015-12,39111010,石油樹脂,馬來西亞,出口總值(含復出口),222.4502,159000
2015-12,39111010,石油樹脂,荷蘭,出口總值(含復出口),197.7642,189000
2015-12,39111010,石油樹脂,越南,出口總值(含復出口),687.8714,324060
2015-12,39111010,石油樹脂,新加坡,出口總值(含復出口),25.57427,20000
2015-12,39111010,石油樹脂,瑞典,出口總值(含復出口),145.9112,117000
2015-12,39111010,石油樹脂,義大利,出口總值(含復出口),79.32618,54500
2015-12,39111010,石油樹脂,德國,出口總值(含復出口),129.2496,90000
2015-12,39111010,石油樹脂,緬甸,出口總值(含復出口),3.21592,2200
2015-12,39111010,石油樹脂,澳大利亞,出口總值(含復出口),143.9204,70875
2015-12,39219010,玻璃纖維強化塑膠板、片及扁條,中國大陸,進口總值(含復進口),99.50994,58059
2015-12,39219010,玻璃纖維強化塑膠板、片及扁條,中華民國,進口總值(含復進口),20.45941,4347
2015-12,39219010,玻璃纖維強化塑膠板、片及扁條,日本,進口總值(含復進口),1033.874,53963
2015-12,39219010,玻璃纖維強化塑膠板、片及扁條,法國,進口總值(含復進口),142.8178,13189
2015-12,39219010,玻璃纖維強化塑膠板、片及扁條,南韓,進口總值(含復進口),188.5452,17020
2015-12,39219010,玻璃纖維強化塑膠板、片及扁條,美國,進口總值(含復進口),33.44563,1527
2015-12,39219010,玻璃纖維強化塑膠板、片及扁條,香港,進口總值(含復進口),2.08269,143
2015-12,39219010,玻璃纖維強化塑膠板、片及扁條,泰國,進口總值(含復進口),90.93415,14432
2015-12,39219010,玻璃纖維強化塑膠板、片及扁條,新加坡,進口總值(含復進口),20.24502,267
2015-12,39219010,玻璃纖維強化塑膠板、片及扁條,德國,進口總值(含復進口),1.83767,77
2015-12,39219010,玻璃纖維強化塑膠板、片及扁條,墨西哥,進口總值(含復進口),19.41807,140
2015-12,39219010,玻璃纖維強化塑膠板、片及扁條,羅馬尼亞,進口總值(含復進口),24.6248,1090
2015-12,39219010,玻璃纖維強化塑膠板、片及扁條,中國大陸,出口總值(含復出口),512.6187,68254
2015-12,39219010,玻璃纖維強化塑膠板、片及扁條,巴西,出口總值(含復出口),2.26646,297
2015-12,39219010,玻璃纖維強化塑膠板、片及扁條,日本,出口總值(含復出口),104.1348,17787
2015-12,39219010,玻璃纖維強化塑膠板、片及扁條,瓜地馬拉,出口總值(含復出口),0.09188,72
2015-12,39219010,玻璃纖維強化塑膠板、片及扁條,印尼,出口總值(含復出口),6.79938,81
2015-12,39219010,玻璃纖維強化塑膠板、片及扁條,法國,出口總值(含復出口),5.97243,683
2015-12,39219010,玻璃纖維強化塑膠板、片及扁條,南韓,出口總值(含復出口),176.1103,28173
2015-12,39219010,玻璃纖維強化塑膠板、片及扁條,美國,出口總值(含復出口),143.4303,22096
2015-12,39219010,玻璃纖維強化塑膠板、片及扁條,香港,出口總值(含復出口),7.10566,1311
2015-12,39219010,玻璃纖維強化塑膠板、片及扁條,泰國,出口總值(含復出口),567.3507,105144
2015-12,39219010,玻璃纖維強化塑膠板、片及扁條,斯里蘭卡,出口總值(含復出口),6.00306,294
2015-12,39219010,玻璃纖維強化塑膠板、片及扁條,菲律賓,出口總值(含復出口),41.10259,5247
2015-12,39219010,玻璃纖維強化塑膠板、片及扁條,越南,出口總值(含復出口),235.4977,29306
2015-12,39219010,玻璃纖維強化塑膠板、片及扁條,新加坡,出口總值(含復出口),39.0199,6364
2015-12,39219010,玻璃纖維強化塑膠板、片及扁條,德國,出口總值(含復出口),140.827,23676
2015-12,39219010,玻璃纖維強化塑膠板、片及扁條,墨西哥,出口總值(含復出口),0.79632,56
2015-1,39239090,其他供輸送或包裝貨物之塑膠製品,中國大陸,進口總值(含復進口),4738.345,920026
2015-1,39239090,其他供輸送或包裝貨物之塑膠製品,中華民國,進口總值(含復進口),186.9141,157628
2015-1,39239090,其他供輸送或包裝貨物之塑膠製品,日本,進口總值(含復進口),1571.029,192117
2015-1,39239090,其他供輸送或包裝貨物之塑膠製品,加拿大,進口總值(含復進口),3.30292,245
2015-1,39239090,其他供輸送或包裝貨物之塑膠製品,法國,進口總值(含復進口),74.92922,6600
2015-1,39239090,其他供輸送或包裝貨物之塑膠製品,南韓,進口總值(含復進口),864.9261,230458
2015-1,39239090,其他供輸送或包裝貨物之塑膠製品,美國,進口總值(含復進口),760.4278,86608
2015-1,39239090,其他供輸送或包裝貨物之塑膠製品,英國,進口總值(含復進口),0.59767,6
2015-1,39239090,其他供輸送或包裝貨物之塑膠製品,挪威,進口總值(含復進口),364.7059,53226
2015-1,39239090,其他供輸送或包裝貨物之塑膠製品,泰國,進口總值(含復進口),179.7421,24211
2015-1,39239090,其他供輸送或包裝貨物之塑膠製品,馬來西亞,進口總值(含復進口),930.7015,76968
2015-1,39239090,其他供輸送或包裝貨物之塑膠製品,馬爾他,進口總值(含復進口),0.59767,20
2015-1,39239090,其他供輸送或包裝貨物之塑膠製品,荷蘭,進口總值(含復進口),25.73135,1326
2015-1,39239090,其他供輸送或包裝貨物之塑膠製品,菲律賓,進口總值(含復進口),35.54576,20803
2015-1,39239090,其他供輸送或包裝貨物之塑膠製品,越南,進口總值(含復進口),25.16514,3695
2015-1,39239090,其他供輸送或包裝貨物之塑膠製品,新加坡,進口總值(含復進口),52.53224,7299
2015-1,39239090,其他供輸送或包裝貨物之塑膠製品,瑞士,進口總值(含復進口),37.27587,4426
2015-1,39239090,其他供輸送或包裝貨物之塑膠製品,義大利,進口總值(含復進口),0.75495,27
2015-1,39239090,其他供輸送或包裝貨物之塑膠製品,德國,進口總值(含復進口),39.82384,5311
2015-1,39239090,其他供輸送或包裝貨物之塑膠製品,千里達及托巴哥,出口總值(含復出口),0.37747,101
2015-1,39239090,其他供輸送或包裝貨物之塑膠製品,中國大陸,出口總值(含復出口),1623.875,462105
2015-1,39239090,其他供輸送或包裝貨物之塑膠製品,丹麥,出口總值(含復出口),9.18527,2840
2015-1,39239090,其他供輸送或包裝貨物之塑膠製品,巴西,出口總值(含復出口),1.91884,234
2015-1,39239090,其他供輸送或包裝貨物之塑膠製品,巴林,出口總值(含復出口),5.50487,1620
2015-1,39239090,其他供輸送或包裝貨物之塑膠製品,巴拿馬,出口總值(含復出口),18.46492,9200
2015-1,39239090,其他供輸送或包裝貨物之塑膠製品,日本,出口總值(含復出口),962.7556,112032
2015-1,39239090,其他供輸送或包裝貨物之塑膠製品,比利時,出口總值(含復出口),13.2117,2493
2015-1,39239090,其他供輸送或包裝貨物之塑膠製品,加拿大,出口總值(含復出口),53.97923,7162
2015-1,39239090,其他供輸送或包裝貨物之塑膠製品,瓜地馬拉,出口總值(含復出口),4.15224,4800
2015-1,39239090,其他供輸送或包裝貨物之塑膠製品,立陶宛,出口總值(含復出口),7.70682,901
2015-1,39239090,其他供輸送或包裝貨物之塑膠製品,印尼,出口總值(含復出口),52.87826,3464
2015-1,39239090,其他供輸送或包裝貨物之塑膠製品,印度,出口總值(含復出口),122.743,102047
2015-1,39239090,其他供輸送或包裝貨物之塑膠製品,多明尼加,出口總值(含復出口),6.60585,6660
2015-1,39239090,其他供輸送或包裝貨物之塑膠製品,沙烏地阿拉伯,出口總值(含復出口),31.67662,23760
2015-1,39239090,其他供輸送或包裝貨物之塑膠製品,孟加拉,出口總值(含復出口),12.20509,2888
2015-1,39239090,其他供輸送或包裝貨物之塑膠製品,帛琉,出口總值(含復出口),0.25165,65
2015-1,39239090,其他供輸送或包裝貨物之塑膠製品,波蘭,出口總值(含復出口),25.51116,2075
2015-1,39239090,其他供輸送或包裝貨物之塑膠製品,法國,出口總值(含復出口),53.7905,4728
2015-1,39239090,其他供輸送或包裝貨物之塑膠製品,肯亞,出口總值(含復出口),8.14721,2477
2015-1,39239090,其他供輸送或包裝貨物之塑膠製品,芬蘭,出口總值(含復出口),18.65366,2578
2015-1,39239090,其他供輸送或包裝貨物之塑膠製品,阿拉伯聯合大公國,出口總值(含復出口),10.69518,6681
2015-1,39239090,其他供輸送或包裝貨物之塑膠製品,俄羅斯,出口總值(含復出口),3.7433,308
2015-1,39239090,其他供輸送或包裝貨物之塑膠製品,南非,出口總值(含復出口),14.46995,3617
2015-1,39239090,其他供輸送或包裝貨物之塑膠製品,南韓,出口總值(含復出口),316.263,149979
2015-1,39239090,其他供輸送或包裝貨物之塑膠製品,柬埔寨,出口總值(含復出口),18.40201,11166
2015-1,39239090,其他供輸送或包裝貨物之塑膠製品,約旦,出口總值(含復出口),25.1966,15600
2015-1,39239090,其他供輸送或包裝貨物之塑膠製品,美國,出口總值(含復出口),763.888,188052
2015-1,39239090,其他供輸送或包裝貨物之塑膠製品,英國,出口總值(含復出口),71.46901,6216
2015-1,39239090,其他供輸送或包裝貨物之塑膠製品,迦納,出口總值(含復出口),26.98961,9471
2015-1,39239090,其他供輸送或包裝貨物之塑膠製品,香港,出口總值(含復出口),490.972,252385
2015-1,39239090,其他供輸送或包裝貨物之塑膠製品,哥倫比亞,出口總值(含復出口),95.91066,15203
2015-1,39239090,其他供輸送或包裝貨物之塑膠製品,挪威,出口總值(含復出口),0.5033,16
2015-1,39239090,其他供輸送或包裝貨物之塑膠製品,泰國,出口總值(含復出口),123.0261,27015
2015-1,39239090,其他供輸送或包裝貨物之塑膠製品,秘魯,出口總值(含復出口),6.92041,1999
2015-1,39239090,其他供輸送或包裝貨物之塑膠製品,索羅門群島,出口總值(含復出口),3.42875,1900
2015-1,39239090,其他供輸送或包裝貨物之塑膠製品,紐西蘭,出口總值(含復出口),31.77098,2722
2015-1,39239090,其他供輸送或包裝貨物之塑膠製品,馬來西亞,出口總值(含復出口),76.34474,21601
2015-1,39239090,其他供輸送或包裝貨物之塑膠製品,馬達加斯加,出口總值(含復出口),1.88738,344
2015-1,39239090,其他供輸送或包裝貨物之塑膠製品,荷蘭,出口總值(含復出口),62.25227,9070
2015-1,39239090,其他供輸送或包裝貨物之塑膠製品,喬治亞,出口總值(含復出口),3.49166,82
2015-1,39239090,其他供輸送或包裝貨物之塑膠製品,斯里蘭卡,出口總值(含復出口),8.21012,3000
2015-1,39239090,其他供輸送或包裝貨物之塑膠製品,菲律賓,出口總值(含復出口),84.02012,27548
2015-1,39239090,其他供輸送或包裝貨物之塑膠製品,越南,出口總值(含復出口),201.5413,81546
2015-1,39239090,其他供輸送或包裝貨物之塑膠製品,塞內加爾,出口總值(含復出口),0.40893,72
2015-1,39239090,其他供輸送或包裝貨物之塑膠製品,新加坡,出口總值(含復出口),74.77194,21317
2015-1,39239090,其他供輸送或包裝貨物之塑膠製品,瑞典,出口總值(含復出口),2.51651,300
2015-1,39239090,其他供輸送或包裝貨物之塑膠製品,義大利,出口總值(含復出口),151.3684,10541
2015-1,39239090,其他供輸送或包裝貨物之塑膠製品,德國,出口總值(含復出口),29.06573,3025
2015-1,39239090,其他供輸送或包裝貨物之塑膠製品,模里西斯,出口總值(含復出口),4.1837,925
2015-1,39239090,其他供輸送或包裝貨物之塑膠製品,緬甸,出口總值(含復出口),8.61906,904
2015-1,39239090,其他供輸送或包裝貨物之塑膠製品,澳大利亞,出口總值(含復出口),11.57596,3457
2015-1,39239090,其他供輸送或包裝貨物之塑膠製品,賴索托,出口總值(含復出口),1.57282,1056
2015-1,39269012,電氣絕緣用塑膠製品,中國大陸,進口總值(含復進口),107.4552,4148
2015-1,39269012,電氣絕緣用塑膠製品,日本,進口總值(含復進口),95.40736,4042
2015-1,39269012,電氣絕緣用塑膠製品,匈牙利,進口總值(含復進口),0.37747,2
2015-1,39269012,電氣絕緣用塑膠製品,印度,進口總值(含復進口),1.54136,33
2015-1,39269012,電氣絕緣用塑膠製品,美國,進口總值(含復進口),13.24315,621
2015-1,39269012,電氣絕緣用塑膠製品,英國,進口總值(含復進口),5.31613,343
2015-1,39269012,電氣絕緣用塑膠製品,泰國,進口總值(含復進口),0.25165,22
2015-1,39269012,電氣絕緣用塑膠製品,越南,進口總值(含復進口),14.59578,5446
2015-1,39269012,電氣絕緣用塑膠製品,新加坡,進口總值(含復進口),0.03145,0
2015-1,39269012,電氣絕緣用塑膠製品,瑞士,進口總值(含復進口),0.15728,0
2015-1,39269012,電氣絕緣用塑膠製品,葡萄牙,進口總值(含復進口),0.15728,20
2015-1,39269012,電氣絕緣用塑膠製品,德國,進口總值(含復進口),0.91223,20
2015-1,39269012,電氣絕緣用塑膠製品,墨西哥,進口總值(含復進口),0.22019,27
2015-1,39269012,電氣絕緣用塑膠製品,土耳其,出口總值(含復出口),36.6782,8766
2015-1,39269012,電氣絕緣用塑膠製品,中國大陸,出口總值(含復出口),438.3139,57087
2015-1,39269012,電氣絕緣用塑膠製品,巴西,出口總值(含復出口),9.46838,245
2015-1,39269012,電氣絕緣用塑膠製品,日本,出口總值(含復出口),0.37747,2
2015-1,39269012,電氣絕緣用塑膠製品,比利時,出口總值(含復出口),36.26926,10462
2015-1,39269012,電氣絕緣用塑膠製品,加拿大,出口總值(含復出口),256.1183,65853
2015-1,39269012,電氣絕緣用塑膠製品,匈牙利,出口總值(含復出口),1.25825,46
2015-1,39269012,電氣絕緣用塑膠製品,印尼,出口總值(含復出口),29.56904,1829
2015-1,39269012,電氣絕緣用塑膠製品,印度,出口總值(含復出口),113.5577,48924
2015-1,39269012,電氣絕緣用塑膠製品,沙烏地阿拉伯,出口總值(含復出口),161.1828,45419
2015-1,39269012,電氣絕緣用塑膠製品,其他國家,出口總值(含復出口),0.81786,151
2015-1,39269012,電氣絕緣用塑膠製品,拉脫維亞,出口總值(含復出口),37.02422,10079
2015-1,39269012,電氣絕緣用塑膠製品,俄羅斯,出口總值(含復出口),45.36017,14563
2015-1,39269012,電氣絕緣用塑膠製品,南非,出口總值(含復出口),0.40893,8
2015-1,39269012,電氣絕緣用塑膠製品,南韓,出口總值(含復出口),133.5326,44684
2015-1,39269012,電氣絕緣用塑膠製品,柬埔寨,出口總值(含復出口),29.47467,11697
2015-1,39269012,電氣絕緣用塑膠製品,約旦,出口總值(含復出口),70.30512,23180
2015-1,39269012,電氣絕緣用塑膠製品,美國,出口總值(含復出口),129.3174,14713
2015-1,39269012,電氣絕緣用塑膠製品,英國,出口總值(含復出口),139.1947,39687
2015-1,39269012,電氣絕緣用塑膠製品,香港,出口總值(含復出口),548.38,30240
2015-1,39269012,電氣絕緣用塑膠製品,哥斯大黎加,出口總值(含復出口),12.42529,3200
2015-1,39269012,電氣絕緣用塑膠製品,泰國,出口總值(含復出口),2.26486,154
2015-1,39269012,電氣絕緣用塑膠製品,馬來西亞,出口總值(含復出口),2.2334,38
2015-1,39269012,電氣絕緣用塑膠製品,捷克,出口總值(含復出口),0.18873,9
2015-1,39269012,電氣絕緣用塑膠製品,敘利亞,出口總值(含復出口),72.72727,23750
2015-1,39269012,電氣絕緣用塑膠製品,荷蘭,出口總值(含復出口),0.44039,11
2015-1,39269012,電氣絕緣用塑膠製品,菲律賓,出口總值(含復出口),10.28625,6831
2015-1,39269012,電氣絕緣用塑膠製品,越南,出口總值(含復出口),38.21956,1081
2015-1,39269012,電氣絕緣用塑膠製品,新加坡,出口總值(含復出口),11.63888,1140
2015-1,39269012,電氣絕緣用塑膠製品,義大利,出口總值(含復出口),153.6332,33369
2015-1,39269012,電氣絕緣用塑膠製品,德國,出口總值(含復出口),44.91978,8487
2015-1,39269012,電氣絕緣用塑膠製品,模里西斯,出口總值(含復出口),4.78137,1400
2015-1,39269012,電氣絕緣用塑膠製品,黎巴嫩,出口總值(含復出口),32.58886,10610
2015-1,39269012,電氣絕緣用塑膠製品,墨西哥,出口總值(含復出口),103.2086,32094
2015-1,39269012,電氣絕緣用塑膠製品,澳大利亞,出口總值(含復出口),68.26045,19470
2015-1,39269012,電氣絕緣用塑膠製品,薩爾瓦多,出口總值(含復出口),0.47184,24
2015-1,39269012,電氣絕緣用塑膠製品,羅馬尼亞,出口總值(含復出口),0.12582,9
2015-2,39239090,其他供輸送或包裝貨物之塑膠製品,中國大陸,進口總值(含復進口),3530.127,759808
2015-2,39239090,其他供輸送或包裝貨物之塑膠製品,中華民國,進口總值(含復進口),374.0764,226805
2015-2,39239090,其他供輸送或包裝貨物之塑膠製品,日本,進口總值(含復進口),1644.682,236069
2015-2,39239090,其他供輸送或包裝貨物之塑膠製品,比利時,進口總值(含復進口),0.41401,368
2015-2,39239090,其他供輸送或包裝貨物之塑膠製品,以色列,進口總值(含復進口),12.03821,2150
2015-2,39239090,其他供輸送或包裝貨物之塑膠製品,拉脫維亞,進口總值(含復進口),1.14649,81
2015-2,39239090,其他供輸送或包裝貨物之塑膠製品,法國,進口總值(含復進口),86.36942,6773
2015-2,39239090,其他供輸送或包裝貨物之塑膠製品,南韓,進口總值(含復進口),795.3822,241106
2015-2,39239090,其他供輸送或包裝貨物之塑膠製品,美國,進口總值(含復進口),444.8089,39629
2015-2,39239090,其他供輸送或包裝貨物之塑膠製品,英國,進口總值(含復進口),0.09554,1
2015-2,39239090,其他供輸送或包裝貨物之塑膠製品,香港,進口總值(含復進口),17.32484,3201
2015-2,39239090,其他供輸送或包裝貨物之塑膠製品,泰國,進口總值(含復進口),4.61783,564
2015-2,39239090,其他供輸送或包裝貨物之塑膠製品,馬來西亞,進口總值(含復進口),1376.21,73975
2015-2,39239090,其他供輸送或包裝貨物之塑膠製品,捷克,進口總值(含復進口),0.19108,2
2015-2,39239090,其他供輸送或包裝貨物之塑膠製品,荷蘭,進口總值(含復進口),44.04458,1401
2015-2,39239090,其他供輸送或包裝貨物之塑膠製品,菲律賓,進口總值(含復進口),348.3121,70066
2015-2,39239090,其他供輸送或包裝貨物之塑膠製品,越南,進口總值(含復進口),1.14649,169
2015-2,39239090,其他供輸送或包裝貨物之塑膠製品,新加坡,進口總值(含復進口),29.36305,3975
2015-2,39239090,其他供輸送或包裝貨物之塑膠製品,瑞士,進口總值(含復進口),2.45222,8
2015-2,39239090,其他供輸送或包裝貨物之塑膠製品,義大利,進口總值(含復進口),0.03184,70
2015-2,39239090,其他供輸送或包裝貨物之塑膠製品,德國,進口總值(含復進口),37.29299,3231
2015-2,39239090,其他供輸送或包裝貨物之塑膠製品,中國大陸,出口總值(含復出口),1091.465,205881
2015-2,39239090,其他供輸送或包裝貨物之塑膠製品,丹麥,出口總值(含復出口),1.27388,240
2015-2,39239090,其他供輸送或包裝貨物之塑膠製品,巴西,出口總值(含復出口),42.67515,10573
2015-2,39239090,其他供輸送或包裝貨物之塑膠製品,巴拿馬,出口總值(含復出口),1.11464,225
2015-2,39239090,其他供輸送或包裝貨物之塑膠製品,日本,出口總值(含復出口),747.8344,122361
2015-2,39239090,其他供輸送或包裝貨物之塑膠製品,比利時,出口總值(含復出口),12.03821,1352
2015-2,39239090,其他供輸送或包裝貨物之塑膠製品,以色列,出口總值(含復出口),56.24203,6221
2015-2,39239090,其他供輸送或包裝貨物之塑膠製品,加拿大,出口總值(含復出口),35.25477,5962
2015-2,39239090,其他供輸送或包裝貨物之塑膠製品,史瓦帝尼,出口總值(含復出口),0.25477,92
2015-2,39239090,其他供輸送或包裝貨物之塑膠製品,瓜地馬拉,出口總值(含復出口),7.03821,6660
2015-2,39239090,其他供輸送或包裝貨物之塑膠製品,立陶宛,出口總值(含復出口),0.06369,6
2015-2,39239090,其他供輸送或包裝貨物之塑膠製品,印尼,出口總值(含復出口),61.0828,7468
2015-2,39239090,其他供輸送或包裝貨物之塑膠製品,印度,出口總值(含復出口),64.77707,52250
2015-2,39239090,其他供輸送或包裝貨物之塑膠製品,西班牙,出口總值(含復出口),1.27387,178
2015-2,39239090,其他供輸送或包裝貨物之塑膠製品,希臘,出口總值(含復出口),9.9363,2445
2015-2,39239090,其他供輸送或包裝貨物之塑膠製品,沙烏地阿拉伯,出口總值(含復出口),34.3949,22800
2015-2,39239090,其他供輸送或包裝貨物之塑膠製品,其他國家,出口總值(含復出口),0.06369,24
2015-2,39239090,其他供輸送或包裝貨物之塑膠製品,波蘭,出口總值(含復出口),81.5605,7880
2015-2,39239090,其他供輸送或包裝貨物之塑膠製品,法國,出口總值(含復出口),136.4331,9621
2015-2,39239090,其他供輸送或包裝貨物之塑膠製品,肯亞,出口總值(含復出口),0.5414,162
2015-2,39239090,其他供輸送或包裝貨物之塑膠製品,阿拉伯聯合大公國,出口總值(含復出口),10.15923,2310
2015-2,39239090,其他供輸送或包裝貨物之塑膠製品,俄羅斯,出口總值(含復出口),0.38216,22
2015-2,39239090,其他供輸送或包裝貨物之塑膠製品,南非,出口總值(含復出口),9.29936,3991
2015-2,39239090,其他供輸送或包裝貨物之塑膠製品,南韓,出口總值(含復出口),378.758,203171
2015-2,39239090,其他供輸送或包裝貨物之塑膠製品,柬埔寨,出口總值(含復出口),2.80254,1680
2015-2,39239090,其他供輸送或包裝貨物之塑膠製品,玻利維亞,出口總值(含復出口),0.22292,100
2015-2,39239090,其他供輸送或包裝貨物之塑膠製品,約旦,出口總值(含復出口),0.06369,2
2015-2,39239090,其他供輸送或包裝貨物之塑膠製品,美國,出口總值(含復出口),611.8471,138828
2015-2,39239090,其他供輸送或包裝貨物之塑膠製品,英國,出口總值(含復出口),0.03184,1
2015-2,39239090,其他供輸送或包裝貨物之塑膠製品,香港,出口總值(含復出口),278.4713,167106
2015-2,39239090,其他供輸送或包裝貨物之塑膠製品,哥倫比亞,出口總值(含復出口),15.57324,10308
2015-2,39239090,其他供輸送或包裝貨物之塑膠製品,泰國,出口總值(含復出口),33.34394,4790
2015-2,39239090,其他供輸送或包裝貨物之塑膠製品,紐西蘭,出口總值(含復出口),1.68789,341
2015-2,39239090,其他供輸送或包裝貨物之塑膠製品,馬來西亞,出口總值(含復出口),117.3567,32088
2015-2,39239090,其他供輸送或包裝貨物之塑膠製品,馬紹爾群島,出口總值(含復出口),0.09554,16
2015-2,39239090,其他供輸送或包裝貨物之塑膠製品,荷蘭,出口總值(含復出口),5.50954,320
2015-2,39239090,其他供輸送或包裝貨物之塑膠製品,菲律賓,出口總值(含復出口),119.9363,21647
2015-2,39239090,其他供輸送或包裝貨物之塑膠製品,象牙海岸,出口總值(含復出口),0.22292,74
2015-2,39239090,其他供輸送或包裝貨物之塑膠製品,越南,出口總值(含復出口),77.03821,15851
2015-2,39239090,其他供輸送或包裝貨物之塑膠製品,新加坡,出口總值(含復出口),107.0701,18686
2015-2,39239090,其他供輸送或包裝貨物之塑膠製品,瑞士,出口總值(含復出口),3.88535,138
2015-2,39239090,其他供輸送或包裝貨物之塑膠製品,瑞典,出口總值(含復出口),10.98726,1233
2015-2,39239090,其他供輸送或包裝貨物之塑膠製品,義大利,出口總值(含復出口),54.84076,2885
2015-2,39239090,其他供輸送或包裝貨物之塑膠製品,德國,出口總值(含復出口),23.56687,1468
2015-2,39239090,其他供輸送或包裝貨物之塑膠製品,模里西斯,出口總值(含復出口),6.87898,2152
2015-2,39239090,其他供輸送或包裝貨物之塑膠製品,緬甸,出口總值(含復出口),7.35668,723
2015-2,39239090,其他供輸送或包裝貨物之塑膠製品,墨西哥,出口總值(含復出口),5.63694,256
2015-2,39239090,其他供輸送或包裝貨物之塑膠製品,澳大利亞,出口總值(含復出口),38.72611,11935
2015-2,39239090,其他供輸送或包裝貨物之塑膠製品,澳門,出口總值(含復出口),0.79617,115
2015-2,39239090,其他供輸送或包裝貨物之塑膠製品,羅馬尼亞,出口總值(含復出口),2.00636,740
2015-2,39269012,電氣絕緣用塑膠製品,中國大陸,進口總值(含復進口),176.8471,15601
2015-2,39269012,電氣絕緣用塑膠製品,日本,進口總值(含復進口),46.65605,440
2015-2,39269012,電氣絕緣用塑膠製品,匈牙利,進口總值(含復進口),0.03184,0
2015-2,39269012,電氣絕緣用塑膠製品,印度,進口總值(含復進口),1.0828,32
2015-2,39269012,電氣絕緣用塑膠製品,西班牙,進口總值(含復進口),4.17197,9
2015-2,39269012,電氣絕緣用塑膠製品,美國,進口總值(含復進口),10.03184,234
2015-2,39269012,電氣絕緣用塑膠製品,英國,進口總值(含復進口),1.33757,58
2015-2,39269012,電氣絕緣用塑膠製品,泰國,進口總值(含復進口),0.12738,11
2015-2,39269012,電氣絕緣用塑膠製品,菲律賓,進口總值(含復進口),1.94267,210
2015-2,39269012,電氣絕緣用塑膠製品,越南,進口總值(含復進口),18.43949,6390
2015-2,39269012,電氣絕緣用塑膠製品,瑞士,進口總值(含復進口),0.12738,0
2015-2,39269012,電氣絕緣用塑膠製品,葡萄牙,進口總值(含復進口),0.15923,25
2015-2,39269012,電氣絕緣用塑膠製品,德國,進口總值(含復進口),1.43312,101
2015-2,39269012,電氣絕緣用塑膠製品,土耳其,出口總值(含復出口),25.89171,6700
2015-2,39269012,電氣絕緣用塑膠製品,中國大陸,出口總值(含復出口),397.5159,35944
2015-2,39269012,電氣絕緣用塑膠製品,厄瓜多,出口總值(含復出口),10.66878,3303
2015-2,39269012,電氣絕緣用塑膠製品,比利時,出口總值(含復出口),42.1656,10938
2015-2,39269012,電氣絕緣用塑膠製品,加拿大,出口總值(含復出口),247.9936,62950
2015-2,39269012,電氣絕緣用塑膠製品,印尼,出口總值(含復出口),33.3121,1497
2015-2,39269012,電氣絕緣用塑膠製品,印度,出口總值(含復出口),57.64331,24483
2015-2,39269012,電氣絕緣用塑膠製品,西班牙,出口總值(含復出口),4.17197,219
2015-2,39269012,電氣絕緣用塑膠製品,希臘,出口總值(含復出口),2.86624,491
2015-2,39269012,電氣絕緣用塑膠製品,沙烏地阿拉伯,出口總值(含復出口),36.21019,9907
2015-2,39269012,電氣絕緣用塑膠製品,法國,出口總值(含復出口),16.36942,3502
2015-2,39269012,電氣絕緣用塑膠製品,阿根廷,出口總值(含復出口),0.66878,8
2015-2,39269012,電氣絕緣用塑膠製品,南非,出口總值(含復出口),22.32484,4966
2015-2,39269012,電氣絕緣用塑膠製品,南韓,出口總值(含復出口),68.3121,20489
2015-2,39269012,電氣絕緣用塑膠製品,柬埔寨,出口總值(含復出口),0.76433,17
2015-2,39269012,電氣絕緣用塑膠製品,美國,出口總值(含復出口),131.6242,27819
2015-2,39269012,電氣絕緣用塑膠製品,英國,出口總值(含復出口),161.9108,48741
2015-2,39269012,電氣絕緣用塑膠製品,香港,出口總值(含復出口),321.4331,14642
2015-2,39269012,電氣絕緣用塑膠製品,泰國,出口總值(含復出口),7.42038,351
2015-2,39269012,電氣絕緣用塑膠製品,秘魯,出口總值(含復出口),5.60509,209
2015-2,39269012,電氣絕緣用塑膠製品,紐西蘭,出口總值(含復出口),2.51592,625
2015-2,39269012,電氣絕緣用塑膠製品,馬來西亞,出口總值(含復出口),3.88535,456
2015-2,39269012,電氣絕緣用塑膠製品,荷蘭,出口總值(含復出口),0.15923,2
2015-2,39269012,電氣絕緣用塑膠製品,菲律賓,出口總值(含復出口),14.55414,10650
2015-2,39269012,電氣絕緣用塑膠製品,越南,出口總值(含復出口),18.66242,495
2015-2,39269012,電氣絕緣用塑膠製品,新加坡,出口總值(含復出口),6.21019,2746
2015-2,39269012,電氣絕緣用塑膠製品,瑞士,出口總值(含復出口),11.0191,2472
2015-2,39269012,電氣絕緣用塑膠製品,瑞典,出口總值(含復出口),11.71974,2523
2015-2,39269012,電氣絕緣用塑膠製品,義大利,出口總值(含復出口),68.98089,15723
2015-2,39269012,電氣絕緣用塑膠製品,德國,出口總值(含復出口),8.18471,1215
2015-2,39269012,電氣絕緣用塑膠製品,墨西哥,出口總值(含復出口),138.949,47866
2015-2,39269012,電氣絕緣用塑膠製品,澳大利亞,出口總值(含復出口),43.47133,11211
2015-2,39269012,電氣絕緣用塑膠製品,賽普勒斯,出口總值(含復出口),0.66878,75
2015-2,39269012,電氣絕緣用塑膠製品,薩爾瓦多,出口總值(含復出口),6.11464,2093
2015-2,39269012,電氣絕緣用塑膠製品,羅馬尼亞,出口總值(含復出口),0.15923,6
2015-3,39239090,其他供輸送或包裝貨物之塑膠製品,中國大陸,進口總值(含復進口),4081.06,835556
2015-3,39239090,其他供輸送或包裝貨物之塑膠製品,中華民國,進口總值(含復進口),288.1345,167069
2015-3,39239090,其他供輸送或包裝貨物之塑膠製品,丹麥,進口總值(含復進口),3.33121,2307
2015-3,39239090,其他供輸送或包裝貨物之塑膠製品,日本,進口總值(含復進口),1777.697,200744
2015-3,39239090,其他供輸送或包裝貨物之塑膠製品,加拿大,進口總值(含復進口),1.49111,238
2015-3,39239090,其他供輸送或包裝貨物之塑膠製品,印尼,進口總值(含復進口),0.57106,1200
2015-3,39239090,其他供輸送或包裝貨物之塑膠製品,印度,進口總值(含復進口),0.06345,32
2015-3,39239090,其他供輸送或包裝貨物之塑膠製品,西班牙,進口總值(含復進口),0.47588,16
2015-3,39239090,其他供輸送或包裝貨物之塑膠製品,拉脫維亞,進口總值(含復進口),2.0939,151
2015-3,39239090,其他供輸送或包裝貨物之塑膠製品,法國,進口總值(含復進口),173.1599,13201
2015-3,39239090,其他供輸送或包裝貨物之塑膠製品,南韓,進口總值(含復進口),938.0393,227000
2015-3,39239090,其他供輸送或包裝貨物之塑膠製品,美國,進口總值(含復進口),424.1751,56273
2015-3,39239090,其他供輸送或包裝貨物之塑膠製品,英國,進口總值(含復進口),22.77918,500
2015-3,39239090,其他供輸送或包裝貨物之塑膠製品,香港,進口總值(含復進口),8.43908,711
2015-3,39239090,其他供輸送或包裝貨物之塑膠製品,泰國,進口總值(含復進口),190.2284,23985
2015-3,39239090,其他供輸送或包裝貨物之塑膠製品,紐西蘭,進口總值(含復進口),22.87436,439
2015-3,39239090,其他供輸送或包裝貨物之塑膠製品,馬來西亞,進口總值(含復進口),2156.662,120339
2015-3,39239090,其他供輸送或包裝貨物之塑膠製品,捷克,進口總值(含復進口),3.33121,1945
2015-3,39239090,其他供輸送或包裝貨物之塑膠製品,荷蘭,進口總值(含復進口),19.03552,1147
2015-3,39239090,其他供輸送或包裝貨物之塑膠製品,斯洛伐克,進口總值(含復進口),7.17005,2730
2015-3,39239090,其他供輸送或包裝貨物之塑膠製品,斯洛維尼亞,進口總值(含復進口),0.1269,1
2015-3,39239090,其他供輸送或包裝貨物之塑膠製品,菲律賓,進口總值(含復進口),249.302,57871
2015-3,39239090,其他供輸送或包裝貨物之塑膠製品,越南,進口總值(含復進口),12.05583,4967
2015-3,39239090,其他供輸送或包裝貨物之塑膠製品,新加坡,進口總值(含復進口),51.87182,7004
2015-3,39239090,其他供輸送或包裝貨物之塑膠製品,瑞士,進口總值(含復進口),10.75507,1422
2015-3,39239090,其他供輸送或包裝貨物之塑膠製品,義大利,進口總值(含復進口),15.67258,2936
2015-3,39239090,其他供輸送或包裝貨物之塑膠製品,德國,進口總值(含復進口),234.6129,5528
2015-3,39239090,其他供輸送或包裝貨物之塑膠製品,澳大利亞,進口總值(含復進口),0.2538,27
2015-3,39239090,其他供輸送或包裝貨物之塑膠製品,土耳其,出口總值(含復出口),0.50761,11
2015-3,39239090,其他供輸送或包裝貨物之塑膠製品,中國大陸,出口總值(含復出口),1352.062,368806
2015-3,39239090,其他供輸送或包裝貨物之塑膠製品,巴拿馬,出口總值(含復出口),66.62436,19392
2015-3,39239090,其他供輸送或包裝貨物之塑膠製品,日本,出口總值(含復出口),1075.698,132173
2015-3,39239090,其他供輸送或包裝貨物之塑膠製品,比利時,出口總值(含復出口),2.8236,263
2015-3,39239090,其他供輸送或包裝貨物之塑膠製品,加拿大,出口總值(含復出口),72.01776,21366
2015-3,39239090,其他供輸送或包裝貨物之塑膠製品,史瓦帝尼,出口總值(含復出口),0.22208,50
2015-3,39239090,其他供輸送或包裝貨物之塑膠製品,尼加拉瓜,出口總值(含復出口),0.41243,206
2015-3,39239090,其他供輸送或包裝貨物之塑膠製品,立陶宛,出口總值(含復出口),0.2538,28
2015-3,39239090,其他供輸送或包裝貨物之塑膠製品,印尼,出口總值(含復出口),32.99492,14800
2015-3,39239090,其他供輸送或包裝貨物之塑膠製品,印度,出口總值(含復出口),0.28553,28
2015-3,39239090,其他供輸送或包裝貨物之塑膠製品,多明尼加,出口總值(含復出口),2.06218,612
2015-3,39239090,其他供輸送或包裝貨物之塑膠製品,沙烏地阿拉伯,出口總值(含復出口),60.24746,32310
2015-3,39239090,其他供輸送或包裝貨物之塑膠製品,奈及利亞,出口總值(含復出口),7.93147,5000
2015-3,39239090,其他供輸送或包裝貨物之塑膠製品,孟加拉,出口總值(含復出口),19.35279,7680
2015-3,39239090,其他供輸送或包裝貨物之塑膠製品,帛琉,出口總值(含復出口),0.53934,95
2015-3,39239090,其他供輸送或包裝貨物之塑膠製品,波蘭,出口總值(含復出口),37.81725,2850
2015-3,39239090,其他供輸送或包裝貨物之塑膠製品,法國,出口總值(含復出口),96.31979,7494
2015-3,39239090,其他供輸送或包裝貨物之塑膠製品,肯亞,出口總值(含復出口),4.5368,831
2015-3,39239090,其他供輸送或包裝貨物之塑膠製品,芬蘭,出口總值(含復出口),0.09517,8
2015-3,39239090,其他供輸送或包裝貨物之塑膠製品,阿拉伯聯合大公國,出口總值(含復出口),22.33502,10656
2015-3,39239090,其他供輸送或包裝貨物之塑膠製品,俄羅斯,出口總值(含復出口),1.1104,60
2015-3,39239090,其他供輸送或包裝貨物之塑膠製品,南非,出口總值(含復出口),5.96446,106
2015-3,39239090,其他供輸送或包裝貨物之塑膠製品,南韓,出口總值(含復出口),668.1789,270861
2015-3,39239090,其他供輸送或包裝貨物之塑膠製品,科威特,出口總值(含復出口),0.50761,2
2015-3,39239090,其他供輸送或包裝貨物之塑膠製品,美國,出口總值(含復出口),419.7652,105701
2015-3,39239090,其他供輸送或包裝貨物之塑膠製品,英國,出口總值(含復出口),18.36928,4733
2015-3,39239090,其他供輸送或包裝貨物之塑膠製品,香港,出口總值(含復出口),495.5901,222891
2015-3,39239090,其他供輸送或包裝貨物之塑膠製品,哥倫比亞,出口總值(含復出口),28.20431,18715
2015-3,39239090,其他供輸送或包裝貨物之塑膠製品,哥斯大黎加,出口總值(含復出口),45.52664,10988
2015-3,39239090,其他供輸送或包裝貨物之塑膠製品,挪威,出口總值(含復出口),3.33121,108
2015-3,39239090,其他供輸送或包裝貨物之塑膠製品,泰國,出口總值(含復出口),92.54441,17287
2015-3,39239090,其他供輸送或包裝貨物之塑膠製品,留尼旺,出口總值(含復出口),0.2538,8
2015-3,39239090,其他供輸送或包裝貨物之塑膠製品,秘魯,出口總值(含復出口),7.4873,2164
2015-3,39239090,其他供輸送或包裝貨物之塑膠製品,紐西蘭,出口總值(含復出口),15.70431,2117
2015-3,39239090,其他供輸送或包裝貨物之塑膠製品,馬來西亞,出口總值(含復出口),94.54313,23053
2015-3,39239090,其他供輸送或包裝貨物之塑膠製品,捷克,出口總值(含復出口),43.43274,1904
2015-3,39239090,其他供輸送或包裝貨物之塑膠製品,荷蘭,出口總值(含復出口),81.31345,4722
2015-3,39239090,其他供輸送或包裝貨物之塑膠製品,菲律賓,出口總值(含復出口),63.57867,8200
2015-3,39239090,其他供輸送或包裝貨物之塑膠製品,越南,出口總值(含復出口),134.6447,14728
2015-3,39239090,其他供輸送或包裝貨物之塑膠製品,新加坡,出口總值(含復出口),99.46065,20093
2015-3,39239090,其他供輸送或包裝貨物之塑膠製品,瑞士,出口總值(含復出口),50.69796,1363
2015-3,39239090,其他供輸送或包裝貨物之塑膠製品,瑞典,出口總值(含復出口),17.82994,1450
2015-3,39239090,其他供輸送或包裝貨物之塑膠製品,義大利,出口總值(含復出口),56.56725,4858
2015-3,39239090,其他供輸送或包裝貨物之塑膠製品,德國,出口總值(含復出口),10.46954,1835
2015-3,39239090,其他供輸送或包裝貨物之塑膠製品,模里西斯,出口總值(含復出口),17.82994,1128
2015-3,39239090,其他供輸送或包裝貨物之塑膠製品,緬甸,出口總值(含復出口),8.50253,873
2015-3,39239090,其他供輸送或包裝貨物之塑膠製品,墨西哥,出口總值(含復出口),0.38071,36
2015-3,39239090,其他供輸送或包裝貨物之塑膠製品,澳大利亞,出口總值(含復出口),28.77537,7192
2015-3,39239090,其他供輸送或包裝貨物之塑膠製品,薩爾瓦多,出口總值(含復出口),12.69035,10000
2015-3,39239090,其他供輸送或包裝貨物之塑膠製品,關島,出口總值(含復出口),9.0736,3142
2015-3,39269012,電氣絕緣用塑膠製品,中國大陸,進口總值(含復進口),42.57614,2080
2015-3,39269012,電氣絕緣用塑膠製品,丹麥,進口總值(含復進口),8.40736,1
2015-3,39269012,電氣絕緣用塑膠製品,日本,進口總值(含復進口),97.81091,1261
2015-3,39269012,電氣絕緣用塑膠製品,匈牙利,進口總值(含復進口),0.09517,0
2015-3,39269012,電氣絕緣用塑膠製品,美國,進口總值(含復進口),12.72208,117
2015-3,39269012,電氣絕緣用塑膠製品,泰國,進口總值(含復進口),0.1269,11
2015-3,39269012,電氣絕緣用塑膠製品,菲律賓,進口總值(含復進口),2.18908,276
2015-3,39269012,電氣絕緣用塑膠製品,越南,進口總值(含復進口),14.40355,5290
2015-3,39269012,電氣絕緣用塑膠製品,瑞士,進口總值(含復進口),0.85659,7
2015-3,39269012,電氣絕緣用塑膠製品,義大利,進口總值(含復進口),0.09517,1
2015-3,39269012,電氣絕緣用塑膠製品,葡萄牙,進口總值(含復進口),0.15862,7
2015-3,39269012,電氣絕緣用塑膠製品,德國,進口總值(含復進口),0.95177,1
2015-3,39269012,電氣絕緣用塑膠製品,中國大陸,出口總值(含復出口),446.5736,49545
2015-3,39269012,電氣絕緣用塑膠製品,日本,出口總值(含復出口),7.83629,532
2015-3,39269012,電氣絕緣用塑膠製品,比利時,出口總值(含復出口),10.43781,2504
2015-3,39269012,電氣絕緣用塑膠製品,加拿大,出口總值(含復出口),203.934,52671
2015-3,39269012,電氣絕緣用塑膠製品,印尼,出口總值(含復出口),34.51776,1516
2015-3,39269012,電氣絕緣用塑膠製品,印度,出口總值(含復出口),165.6091,72661
2015-3,39269012,電氣絕緣用塑膠製品,西班牙,出口總值(含復出口),48.57233,13377
2015-3,39269012,電氣絕緣用塑膠製品,希臘,出口總值(含復出口),0.79314,210
2015-3,39269012,電氣絕緣用塑膠製品,沙烏地阿拉伯,出口總值(含復出口),67.98857,18624
2015-3,39269012,電氣絕緣用塑膠製品,法國,出口總值(含復出口),43.97208,11785
2015-3,39269012,電氣絕緣用塑膠製品,阿拉伯聯合大公國,出口總值(含復出口),0.15862,5
2015-3,39269012,電氣絕緣用塑膠製品,保加利亞,出口總值(含復出口),3.61675,1138
2015-3,39269012,電氣絕緣用塑膠製品,南韓,出口總值(含復出口),350.4124,120276
2015-3,39269012,電氣絕緣用塑膠製品,柬埔寨,出口總值(含復出口),1.20558,32
2015-3,39269012,電氣絕緣用塑膠製品,約旦,出口總值(含復出口),69.79695,22800
2015-3,39269012,電氣絕緣用塑膠製品,美國,出口總值(含復出口),129.3464,21726
2015-3,39269012,電氣絕緣用塑膠製品,香港,出口總值(含復出口),581.8211,16314
2015-3,39269012,電氣絕緣用塑膠製品,哥倫比亞,出口總值(含復出口),89.30837,36720
2015-3,39269012,電氣絕緣用塑膠製品,泰國,出口總值(含復出口),2.03045,13
2015-3,39269012,電氣絕緣用塑膠製品,索羅門群島,出口總值(含復出口),0.06345,8
2015-3,39269012,電氣絕緣用塑膠製品,馬來西亞,出口總值(含復出口),25.60279,1771
2015-3,39269012,電氣絕緣用塑膠製品,荷蘭,出口總值(含復出口),59.2005,16570
2015-3,39269012,電氣絕緣用塑膠製品,智利,出口總值(含復出口),0.69796,20
2015-3,39269012,電氣絕緣用塑膠製品,菲律賓,出口總值(含復出口),5.58375,4150
2015-3,39269012,電氣絕緣用塑膠製品,越南,出口總值(含復出口),45.52664,1249
2015-3,39269012,電氣絕緣用塑膠製品,奧地利,出口總值(含復出口),1.52284,59
2015-3,39269012,電氣絕緣用塑膠製品,新加坡,出口總值(含復出口),2.0939,220
2015-3,39269012,電氣絕緣用塑膠製品,瑞士,出口總值(含復出口),6.91624,1296
2015-3,39269012,電氣絕緣用塑膠製品,義大利,出口總值(含復出口),137.2462,32109
2015-3,39269012,電氣絕緣用塑膠製品,德國,出口總值(含復出口),88.86421,14438
2015-3,39269012,電氣絕緣用塑膠製品,黎巴嫩,出口總值(含復出口),24.07994,8619
2015-3,39269012,電氣絕緣用塑膠製品,墨西哥,出口總值(含復出口),302.4429,92912
2015-3,39269012,電氣絕緣用塑膠製品,澳大利亞,出口總值(含復出口),75.47588,21259
2015-3,39269012,電氣絕緣用塑膠製品,羅馬尼亞,出口總值(含復出口),0.1269,3
2015-4,39239090,其他供輸送或包裝貨物之塑膠製品,中國大陸,進口總值(含復進口),4235.456,870730
2015-4,39239090,其他供輸送或包裝貨物之塑膠製品,中華民國,進口總值(含復進口),313.184,316909
2015-4,39239090,其他供輸送或包裝貨物之塑膠製品,日本,進口總值(含復進口),1273.984,140942
2015-4,39239090,其他供輸送或包裝貨物之塑膠製品,以色列,進口總值(含復進口),12.096,2150
2015-4,39239090,其他供輸送或包裝貨物之塑膠製品,加拿大,進口總值(含復進口),2.752,416
2015-4,39239090,其他供輸送或包裝貨物之塑膠製品,印度,進口總值(含復進口),49.568,7257
2015-4,39239090,其他供輸送或包裝貨物之塑膠製品,法國,進口總值(含復進口),4.256,277
2015-4,39239090,其他供輸送或包裝貨物之塑膠製品,南韓,進口總值(含復進口),690.688,213024
2015-4,39239090,其他供輸送或包裝貨物之塑膠製品,美國,進口總值(含復進口),588.672,72465
2015-4,39239090,其他供輸送或包裝貨物之塑膠製品,英國,進口總值(含復進口),3.136,25
2015-4,39239090,其他供輸送或包裝貨物之塑膠製品,香港,進口總值(含復進口),1.92,165
2015-4,39239090,其他供輸送或包裝貨物之塑膠製品,泰國,進口總值(含復進口),81.024,28991
2015-4,39239090,其他供輸送或包裝貨物之塑膠製品,馬來西亞,進口總值(含復進口),1617.504,113816
2015-4,39239090,其他供輸送或包裝貨物之塑膠製品,荷蘭,進口總值(含復進口),21.504,1201
2015-4,39239090,其他供輸送或包裝貨物之塑膠製品,菲律賓,進口總值(含復進口),176.416,31567
2015-4,39239090,其他供輸送或包裝貨物之塑膠製品,越南,進口總值(含復進口),2.368,336
2015-4,39239090,其他供輸送或包裝貨物之塑膠製品,新加坡,進口總值(含復進口),8.384,2775
2015-4,39239090,其他供輸送或包裝貨物之塑膠製品,瑞士,進口總值(含復進口),5.728,890
2015-4,39239090,其他供輸送或包裝貨物之塑膠製品,義大利,進口總值(含復進口),18.464,4084
2015-4,39239090,其他供輸送或包裝貨物之塑膠製品,德國,進口總值(含復進口),253.6,5441
2015-4,39239090,其他供輸送或包裝貨物之塑膠製品,土耳其,出口總值(含復出口),1.92,249
2015-4,39239090,其他供輸送或包裝貨物之塑膠製品,中國大陸,出口總值(含復出口),1426.4,383829
2015-4,39239090,其他供輸送或包裝貨物之塑膠製品,丹麥,出口總值(含復出口),2.624,570
2015-4,39239090,其他供輸送或包裝貨物之塑膠製品,巴西,出口總值(含復出口),16.224,868
2015-4,39239090,其他供輸送或包裝貨物之塑膠製品,巴林,出口總值(含復出口),3.424,755
2015-4,39239090,其他供輸送或包裝貨物之塑膠製品,巴拿馬,出口總值(含復出口),4.736,950
2015-4,39239090,其他供輸送或包裝貨物之塑膠製品,日本,出口總值(含復出口),981.44,121111
2015-4,39239090,其他供輸送或包裝貨物之塑膠製品,比利時,出口總值(含復出口),14.56,2670
2015-4,39239090,其他供輸送或包裝貨物之塑膠製品,以色列,出口總值(含復出口),14.688,1436
2015-4,39239090,其他供輸送或包裝貨物之塑膠製品,加拿大,出口總值(含復出口),31.872,6630
2015-4,39239090,其他供輸送或包裝貨物之塑膠製品,立陶宛,出口總值(含復出口),0.256,3
2015-4,39239090,其他供輸送或包裝貨物之塑膠製品,印尼,出口總值(含復出口),113.472,19927
2015-4,39239090,其他供輸送或包裝貨物之塑膠製品,印度,出口總值(含復出口),57.632,27528
2015-4,39239090,其他供輸送或包裝貨物之塑膠製品,吉里巴斯,出口總值(含復出口),4.48,852
2015-4,39239090,其他供輸送或包裝貨物之塑膠製品,多明尼加,出口總值(含復出口),3.008,822
2015-4,39239090,其他供輸送或包裝貨物之塑膠製品,希臘,出口總值(含復出口),2.016,450
2015-4,39239090,其他供輸送或包裝貨物之塑膠製品,沙烏地阿拉伯,出口總值(含復出口),38.496,25474
2015-4,39239090,其他供輸送或包裝貨物之塑膠製品,貝里斯,出口總值(含復出口),2.88,1200
2015-4,39239090,其他供輸送或包裝貨物之塑膠製品,孟加拉,出口總值(含復出口),52.672,25251
2015-4,39239090,其他供輸送或包裝貨物之塑膠製品,波蘭,出口總值(含復出口),0.192,15
2015-4,39239090,其他供輸送或包裝貨物之塑膠製品,法國,出口總值(含復出口),32.352,1764
2015-4,39239090,其他供輸送或包裝貨物之塑膠製品,法屬玻里尼西亞,出口總值(含復出口),3.136,1138
2015-4,39239090,其他供輸送或包裝貨物之塑膠製品,阿拉伯聯合大公國,出口總值(含復出口),8.512,5843
2015-4,39239090,其他供輸送或包裝貨物之塑膠製品,俄羅斯,出口總值(含復出口),8.256,630
2015-4,39239090,其他供輸送或包裝貨物之塑膠製品,南非,出口總值(含復出口),14.048,323
2015-4,39239090,其他供輸送或包裝貨物之塑膠製品,南韓,出口總值(含復出口),566.048,231069
2015-4,39239090,其他供輸送或包裝貨物之塑膠製品,柬埔寨,出口總值(含復出口),0.256,78
2015-4,39239090,其他供輸送或包裝貨物之塑膠製品,美國,出口總值(含復出口),467.648,95029
2015-4,39239090,其他供輸送或包裝貨物之塑膠製品,英國,出口總值(含復出口),74.56,15696
2015-4,39239090,其他供輸送或包裝貨物之塑膠製品,香港,出口總值(含復出口),379.168,165913
2015-4,39239090,其他供輸送或包裝貨物之塑膠製品,哥倫比亞,出口總值(含復出口),34.336,3359
2015-4,39239090,其他供輸送或包裝貨物之塑膠製品,哥斯大黎加,出口總值(含復出口),23.744,1000
2015-4,39239090,其他供輸送或包裝貨物之塑膠製品,泰國,出口總值(含復出口),89.376,19078
2015-4,39239090,其他供輸送或包裝貨物之塑膠製品,海地,出口總值(含復出口),0.48,1110
2015-4,39239090,其他供輸送或包裝貨物之塑膠製品,紐西蘭,出口總值(含復出口),31.264,1055
2015-4,39239090,其他供輸送或包裝貨物之塑膠製品,馬來西亞,出口總值(含復出口),73.504,36909
2015-4,39239090,其他供輸送或包裝貨物之塑膠製品,捷克,出口總值(含復出口),0.416,23
2015-4,39239090,其他供輸送或包裝貨物之塑膠製品,荷蘭,出口總值(含復出口),110.976,7624
2015-4,39239090,其他供輸送或包裝貨物之塑膠製品,喬治亞,出口總值(含復出口),0.224,9
2015-4,39239090,其他供輸送或包裝貨物之塑膠製品,菲律賓,出口總值(含復出口),90.912,23344
2015-4,39239090,其他供輸送或包裝貨物之塑膠製品,越南,出口總值(含復出口),149.408,43374
2015-4,39239090,其他供輸送或包裝貨物之塑膠製品,新加坡,出口總值(含復出口),149.184,35063
2015-4,39239090,其他供輸送或包裝貨物之塑膠製品,瑞士,出口總值(含復出口),16.992,522
2015-4,39239090,其他供輸送或包裝貨物之塑膠製品,瑞典,出口總值(含復出口),8.992,1186
2015-4,39239090,其他供輸送或包裝貨物之塑膠製品,萬那杜,出口總值(含復出口),3.36,1200
2015-4,39239090,其他供輸送或包裝貨物之塑膠製品,義大利,出口總值(含復出口),32.832,1585
2015-4,39239090,其他供輸送或包裝貨物之塑膠製品,德國,出口總值(含復出口),52.416,5611
2015-4,39239090,其他供輸送或包裝貨物之塑膠製品,緬甸,出口總值(含復出口),1.824,664
2015-4,39239090,其他供輸送或包裝貨物之塑膠製品,澳大利亞,出口總值(含復出口),69.056,16771
2015-4,39239090,其他供輸送或包裝貨物之塑膠製品,盧森堡,出口總值(含復出口),5.024,101
2015-4,39239090,其他供輸送或包裝貨物之塑膠製品,薩爾瓦多,出口總值(含復出口),13.184,10300
2015-4,39239090,其他供輸送或包裝貨物之塑膠製品,關島,出口總值(含復出口),4.544,1484
2015-4,39269012,電氣絕緣用塑膠製品,中國大陸,進口總值(含復進口),148.992,6304
2015-4,39269012,電氣絕緣用塑膠製品,丹麥,進口總值(含復進口),0.064,0
2015-4,39269012,電氣絕緣用塑膠製品,日本,進口總值(含復進口),86.592,846
2015-4,39269012,電氣絕緣用塑膠製品,法國,進口總值(含復進口),0.128,3
2015-4,39269012,電氣絕緣用塑膠製品,南韓,進口總值(含復進口),15.264,995
2015-4,39269012,電氣絕緣用塑膠製品,美國,進口總值(含復進口),11.744,108
2015-4,39269012,電氣絕緣用塑膠製品,英國,進口總值(含復進口),2.656,398
2015-4,39269012,電氣絕緣用塑膠製品,泰國,進口總值(含復進口),0.128,11
2015-4,39269012,電氣絕緣用塑膠製品,捷克,進口總值(含復進口),0.192,2
2015-4,39269012,電氣絕緣用塑膠製品,荷蘭,進口總值(含復進口),0.032,20
2015-4,39269012,電氣絕緣用塑膠製品,菲律賓,進口總值(含復進口),2.304,250
2015-4,39269012,電氣絕緣用塑膠製品,越南,進口總值(含復進口),23.104,8893
2015-4,39269012,電氣絕緣用塑膠製品,瑞士,進口總值(含復進口),0.192,1
2015-4,39269012,電氣絕緣用塑膠製品,葡萄牙,進口總值(含復進口),0.16,20
2015-4,39269012,電氣絕緣用塑膠製品,德國,進口總值(含復進口),0.128,9
2015-4,39269012,電氣絕緣用塑膠製品,中國大陸,出口總值(含復出口),249.056,34025
2015-4,39269012,電氣絕緣用塑膠製品,厄瓜多,出口總值(含復出口),22.432,8400
2015-4,39269012,電氣絕緣用塑膠製品,巴西,出口總值(含復出口),7.488,71
2015-4,39269012,電氣絕緣用塑膠製品,比利時,出口總值(含復出口),10.976,2661
2015-4,39269012,電氣絕緣用塑膠製品,加拿大,出口總值(含復出口),288.128,73129
2015-4,39269012,電氣絕緣用塑膠製品,匈牙利,出口總值(含復出口),1.984,123
2015-4,39269012,電氣絕緣用塑膠製品,印尼,出口總值(含復出口),19.552,1254
2015-4,39269012,電氣絕緣用塑膠製品,印度,出口總值(含復出口),55.84,23556
2015-4,39269012,電氣絕緣用塑膠製品,希臘,出口總值(含復出口),8.384,2520
2015-4,39269012,電氣絕緣用塑膠製品,沙烏地阿拉伯,出口總值(含復出口),39.008,10405
2015-4,39269012,電氣絕緣用塑膠製品,孟加拉,出口總值(含復出口),56.224,24360
2015-4,39269012,電氣絕緣用塑膠製品,拉脫維亞,出口總值(含復出口),18.144,5051
2015-4,39269012,電氣絕緣用塑膠製品,阿拉伯聯合大公國,出口總值(含復出口),7.68,1120
2015-4,39269012,電氣絕緣用塑膠製品,阿根廷,出口總值(含復出口),1.6,26
2015-4,39269012,電氣絕緣用塑膠製品,俄羅斯,出口總值(含復出口),126.176,30421
2015-4,39269012,電氣絕緣用塑膠製品,南韓,出口總值(含復出口),465.504,168705
2015-4,39269012,電氣絕緣用塑膠製品,柬埔寨,出口總值(含復出口),1.408,43
2015-4,39269012,電氣絕緣用塑膠製品,美國,出口總值(含復出口),223.712,43001
2015-4,39269012,電氣絕緣用塑膠製品,英國,出口總值(含復出口),67.648,20742
2015-4,39269012,電氣絕緣用塑膠製品,香港,出口總值(含復出口),542.72,29286
2015-4,39269012,電氣絕緣用塑膠製品,哥倫比亞,出口總值(含復出口),56.768,19880
2015-4,39269012,電氣絕緣用塑膠製品,哥斯大黎加,出口總值(含復出口),7.264,1920
2015-4,39269012,電氣絕緣用塑膠製品,泰國,出口總值(含復出口),4.768,201
2015-4,39269012,電氣絕緣用塑膠製品,馬來西亞,出口總值(含復出口),7.2,198
2015-4,39269012,電氣絕緣用塑膠製品,馬紹爾群島,出口總值(含復出口),0.288,10
2015-4,39269012,電氣絕緣用塑膠製品,馬爾他,出口總值(含復出口),10.592,2688
2015-4,39269012,電氣絕緣用塑膠製品,捷克,出口總值(含復出口),1.28,27
2015-4,39269012,電氣絕緣用塑膠製品,荷蘭,出口總值(含復出口),20.192,6421
2015-4,39269012,電氣絕緣用塑膠製品,斯里蘭卡,出口總值(含復出口),0.192,30
2015-4,39269012,電氣絕緣用塑膠製品,菲律賓,出口總值(含復出口),41.216,12370
2015-4,39269012,電氣絕緣用塑膠製品,越南,出口總值(含復出口),25.408,1143
2015-4,39269012,電氣絕緣用塑膠製品,新加坡,出口總值(含復出口),8.864,672
2015-4,39269012,電氣絕緣用塑膠製品,瑞士,出口總值(含復出口),5.184,972
2015-4,39269012,電氣絕緣用塑膠製品,義大利,出口總值(含復出口),286.208,66558
2015-4,39269012,電氣絕緣用塑膠製品,德國,出口總值(含復出口),28.256,5534
2015-4,39269012,電氣絕緣用塑膠製品,黎巴嫩,出口總值(含復出口),38.176,12035
2015-4,39269012,電氣絕緣用塑膠製品,墨西哥,出口總值(含復出口),193.312,59784
2015-4,39269012,電氣絕緣用塑膠製品,澳大利亞,出口總值(含復出口),23.904,4467
2015-5,39239090,其他供輸送或包裝貨物之塑膠製品,中國大陸,進口總值(含復進口),4440.476,909560
2015-5,39239090,其他供輸送或包裝貨物之塑膠製品,中華民國,進口總值(含復進口),396.2818,284265
2015-5,39239090,其他供輸送或包裝貨物之塑膠製品,厄瓜多,進口總值(含復進口),10.63274,840
2015-5,39239090,其他供輸送或包裝貨物之塑膠製品,日本,進口總值(含復進口),1487.182,178584
2015-5,39239090,其他供輸送或包裝貨物之塑膠製品,比利時,進口總值(含復進口),3.39204,16
2015-5,39239090,其他供輸送或包裝貨物之塑膠製品,印度,進口總值(含復進口),6.81669,146
2015-5,39239090,其他供輸送或包裝貨物之塑膠製品,西班牙,進口總值(含復進口),0.03261,5
2015-5,39239090,其他供輸送或包裝貨物之塑膠製品,拉脫維亞,進口總值(含復進口),1.69602,121
2015-5,39239090,其他供輸送或包裝貨物之塑膠製品,法國,進口總值(含復進口),0.22831,11
2015-5,39239090,其他供輸送或包裝貨物之塑膠製品,南韓,進口總值(含復進口),784.1161,267304
2015-5,39239090,其他供輸送或包裝貨物之塑膠製品,美國,進口總值(含復進口),640.5414,66721
2015-5,39239090,其他供輸送或包裝貨物之塑膠製品,英國,進口總值(含復進口),44.55316,873
2015-5,39239090,其他供輸送或包裝貨物之塑膠製品,泰國,進口總值(含復進口),132.6158,30811
2015-5,39239090,其他供輸送或包裝貨物之塑膠製品,馬來西亞,進口總值(含復進口),959.5238,86896
2015-5,39239090,其他供輸送或包裝貨物之塑膠製品,馬爾他,進口總值(含復進口),6.68623,437
2015-5,39239090,其他供輸送或包裝貨物之塑膠製品,荷蘭,進口總值(含復進口),12.52446,929
2015-5,39239090,其他供輸送或包裝貨物之塑膠製品,菲律賓,進口總值(含復進口),273.5486,60618
2015-5,39239090,其他供輸送或包裝貨物之塑膠製品,越南,進口總值(含復進口),1.23939,607
2015-5,39239090,其他供輸送或包裝貨物之塑膠製品,新加坡,進口總值(含復進口),69.439,5753
2015-5,39239090,其他供輸送或包裝貨物之塑膠製品,瑞士,進口總值(含復進口),21.46118,3176
2015-5,39239090,其他供輸送或包裝貨物之塑膠製品,義大利,進口總值(含復進口),12.72015,2438
2015-5,39239090,其他供輸送或包裝貨物之塑膠製品,德國,進口總值(含復進口),45.0424,2603
2015-5,39239090,其他供輸送或包裝貨物之塑膠製品,中國大陸,出口總值(含復出口),1421.918,292057
2015-5,39239090,其他供輸送或包裝貨物之塑膠製品,厄瓜多,出口總值(含復出口),0.68493,246
2015-5,39239090,其他供輸送或包裝貨物之塑膠製品,巴西,出口總值(含復出口),2.83757,169
2015-5,39239090,其他供輸送或包裝貨物之塑膠製品,巴基斯坦,出口總值(含復出口),8.9041,3288
2015-5,39239090,其他供輸送或包裝貨物之塑膠製品,日本,出口總值(含復出口),1078.832,150958
2015-5,39239090,其他供輸送或包裝貨物之塑膠製品,比利時,出口總值(含復出口),8.74103,1413
2015-5,39239090,其他供輸送或包裝貨物之塑膠製品,以色列,出口總值(含復出口),25.40769,2920
2015-5,39239090,其他供輸送或包裝貨物之塑膠製品,加拿大,出口總值(含復出口),69.04761,14923
2015-5,39239090,其他供輸送或包裝貨物之塑膠製品,史瓦帝尼,出口總值(含復出口),0.55446,21
2015-5,39239090,其他供輸送或包裝貨物之塑膠製品,尼加拉瓜,出口總值(含復出口),19.17808,5608
2015-5,39239090,其他供輸送或包裝貨物之塑膠製品,印尼,出口總值(含復出口),54.50097,10798
2015-5,39239090,其他供輸送或包裝貨物之塑膠製品,印度,出口總值(含復出口),76.41878,38899
2015-5,39239090,其他供輸送或包裝貨物之塑膠製品,西班牙,出口總值(含復出口),5.70776,339
2015-5,39239090,其他供輸送或包裝貨物之塑膠製品,沙烏地阿拉伯,出口總值(含復出口),92.88975,46916
2015-5,39239090,其他供輸送或包裝貨物之塑膠製品,孟加拉,出口總值(含復出口),0.29354,55
2015-5,39239090,其他供輸送或包裝貨物之塑膠製品,帛琉,出口總值(含復出口),0.26092,108
2015-5,39239090,其他供輸送或包裝貨物之塑膠製品,法國,出口總值(含復出口),36.95368,2887
2015-5,39239090,其他供輸送或包裝貨物之塑膠製品,肯亞,出口總值(含復出口),0.06523,12
2015-5,39239090,其他供輸送或包裝貨物之塑膠製品,阿拉伯聯合大公國,出口總值(含復出口),25.76647,13499
2015-5,39239090,其他供輸送或包裝貨物之塑膠製品,俄羅斯,出口總值(含復出口),2.67449,616
2015-5,39239090,其他供輸送或包裝貨物之塑膠製品,南非,出口總值(含復出口),36.23612,3958
2015-5,39239090,其他供輸送或包裝貨物之塑膠製品,南韓,出口總值(含復出口),667.058,263080
2015-5,39239090,其他供輸送或包裝貨物之塑膠製品,柬埔寨,出口總值(含復出口),11.67645,5767
2015-5,39239090,其他供輸送或包裝貨物之塑膠製品,美國,出口總值(含復出口),652.9028,151481
2015-5,39239090,其他供輸送或包裝貨物之塑膠製品,英國,出口總值(含復出口),13.37247,911
2015-5,39239090,其他供輸送或包裝貨物之塑膠製品,香港,出口總值(含復出口),557.4364,232247
2015-5,39239090,其他供輸送或包裝貨物之塑膠製品,哥倫比亞,出口總值(含復出口),117.6778,26919
2015-5,39239090,其他供輸送或包裝貨物之塑膠製品,哥斯大黎加,出口總值(含復出口),17.67775,5443
2015-5,39239090,其他供輸送或包裝貨物之塑膠製品,泰國,出口總值(含復出口),49.34768,4262
2015-5,39239090,其他供輸送或包裝貨物之塑膠製品,秘魯,出口總值(含復出口),7.95825,2337
2015-5,39239090,其他供輸送或包裝貨物之塑膠製品,紐西蘭,出口總值(含復出口),28.14741,2501
2015-5,39239090,其他供輸送或包裝貨物之塑膠製品,馬來西亞,出口總值(含復出口),102.0222,21209
2015-5,39239090,其他供輸送或包裝貨物之塑膠製品,荷蘭,出口總值(含復出口),61.31767,8819
2015-5,39239090,其他供輸送或包裝貨物之塑膠製品,斯里蘭卡,出口總值(含復出口),29.22374,19159
2015-5,39239090,其他供輸送或包裝貨物之塑膠製品,菲律賓,出口總值(含復出口),198.4018,28176
2015-5,39239090,其他供輸送或包裝貨物之塑膠製品,越南,出口總值(含復出口),104.6314,25076
2015-5,39239090,其他供輸送或包裝貨物之塑膠製品,奧地利,出口總值(含復出口),0.03261,4
2015-5,39239090,其他供輸送或包裝貨物之塑膠製品,新加坡,出口總值(含復出口),114.7749,25959
2015-5,39239090,其他供輸送或包裝貨物之塑膠製品,瑞士,出口總值(含復出口),24.33137,779
2015-5,39239090,其他供輸送或包裝貨物之塑膠製品,瑞典,出口總值(含復出口),3.06588,648
2015-5,39239090,其他供輸送或包裝貨物之塑膠製品,萬那杜,出口總值(含復出口),0.84801,81
2015-5,39239090,其他供輸送或包裝貨物之塑膠製品,義大利,出口總值(含復出口),19.37377,1433
2015-5,39239090,其他供輸送或包裝貨物之塑膠製品,德國,出口總值(含復出口),80.23482,10561
2015-5,39239090,其他供輸送或包裝貨物之塑膠製品,摩爾多瓦,出口總值(含復出口),0.26092,3
2015-5,39239090,其他供輸送或包裝貨物之塑膠製品,緬甸,出口總值(含復出口),16.82974,1816
2015-5,39239090,其他供輸送或包裝貨物之塑膠製品,黎巴嫩,出口總值(含復出口),0.32615,3
2015-5,39239090,其他供輸送或包裝貨物之塑膠製品,澳大利亞,出口總值(含復出口),46.18394,7280
2015-5,39239090,其他供輸送或包裝貨物之塑膠製品,澳門,出口總值(含復出口),3.81604,599
2015-5,39239090,其他供輸送或包裝貨物之塑膠製品,賴索托,出口總值(含復出口),8.18656,5984
2015-5,39239090,其他供輸送或包裝貨物之塑膠製品,關島,出口總值(含復出口),1.20678,138
2015-5,39269012,電氣絕緣用塑膠製品,中國大陸,進口總值(含復進口),163.3399,11197
2015-5,39269012,電氣絕緣用塑膠製品,日本,進口總值(含復進口),68.23222,2472
2015-5,39269012,電氣絕緣用塑膠製品,印度,進口總值(含復進口),1.40247,28
2015-5,39269012,電氣絕緣用塑膠製品,南韓,進口總值(含復進口),1.46771,1
2015-5,39269012,電氣絕緣用塑膠製品,美國,進口總值(含復進口),7.63209,125
2015-5,39269012,電氣絕緣用塑膠製品,英國,進口總值(含復進口),2.31572,362
2015-5,39269012,電氣絕緣用塑膠製品,泰國,進口總值(含復進口),0.13046,9
2015-5,39269012,電氣絕緣用塑膠製品,越南,進口總值(含復進口),18.06914,6723
2015-5,39269012,電氣絕緣用塑膠製品,葡萄牙,進口總值(含復進口),0.16307,25
2015-5,39269012,電氣絕緣用塑膠製品,德國,進口總值(含復進口),0.88062,14
2015-5,39269012,電氣絕緣用塑膠製品,土耳其,出口總值(含復出口),36.52968,11247
2015-5,39269012,電氣絕緣用塑膠製品,中國大陸,出口總值(含復出口),333.7573,38375
2015-5,39269012,電氣絕緣用塑膠製品,巴拉圭,出口總值(含復出口),16.11219,129
2015-5,39269012,電氣絕緣用塑膠製品,日本,出口總值(含復出口),32.257,1693
2015-5,39269012,電氣絕緣用塑膠製品,比利時,出口總值(含復出口),6.88193,1442
2015-5,39269012,電氣絕緣用塑膠製品,加拿大,出口總值(含復出口),205.7404,53771
2015-5,39269012,電氣絕緣用塑膠製品,北馬里亞納群島,出口總值(含復出口),0.52185,66
2015-5,39269012,電氣絕緣用塑膠製品,印尼,出口總值(含復出口),15.00326,708
2015-5,39269012,電氣絕緣用塑膠製品,印度,出口總值(含復出口),205.8708,84616
2015-5,39269012,電氣絕緣用塑膠製品,西班牙,出口總值(含復出口),0.29354,12
2015-5,39269012,電氣絕緣用塑膠製品,沙烏地阿拉伯,出口總值(含復出口),64.97064,17587
2015-5,39269012,電氣絕緣用塑膠製品,孟加拉,出口總值(含復出口),55.83822,24360
2015-5,39269012,電氣絕緣用塑膠製品,法國,出口總值(含復出口),7.82778,1920
2015-5,39269012,電氣絕緣用塑膠製品,阿根廷,出口總值(含復出口),1.10893,20
2015-5,39269012,電氣絕緣用塑膠製品,俄羅斯,出口總值(含復出口),47.68427,14899
2015-5,39269012,電氣絕緣用塑膠製品,南韓,出口總值(含復出口),277.1689,95826
2015-5,39269012,電氣絕緣用塑膠製品,柬埔寨,出口總值(含復出口),9.88258,106
2015-5,39269012,電氣絕緣用塑膠製品,約旦,出口總值(含復出口),69.56947,22800
2015-5,39269012,電氣絕緣用塑膠製品,美國,出口總值(含復出口),182.2896,32468
2015-5,39269012,電氣絕緣用塑膠製品,英國,出口總值(含復出口),53.91389,16312
2015-5,39269012,電氣絕緣用塑膠製品,香港,出口總值(含復出口),435.7143,22032
2015-5,39269012,電氣絕緣用塑膠製品,泰國,出口總值(含復出口),11.87214,818
2015-5,39269012,電氣絕緣用塑膠製品,烏拉圭,出口總值(含復出口),0.55446,25
2015-5,39269012,電氣絕緣用塑膠製品,紐西蘭,出口總值(含復出口),0.71754,179
2015-5,39269012,電氣絕緣用塑膠製品,馬來西亞,出口總值(含復出口),11.15459,1487
2015-5,39269012,電氣絕緣用塑膠製品,敘利亞,出口總值(含復出口),141.0307,45680
2015-5,39269012,電氣絕緣用塑膠製品,荷蘭,出口總值(含復出口),29.58251,7972
2015-5,39269012,電氣絕緣用塑膠製品,菲律賓,出口總值(含復出口),12.36138,8156
2015-5,39269012,電氣絕緣用塑膠製品,越南,出口總值(含復出口),13.79647,417
2015-5,39269012,電氣絕緣用塑膠製品,新加坡,出口總值(含復出口),21.65688,4500
2015-5,39269012,電氣絕緣用塑膠製品,義大利,出口總值(含復出口),142.8898,32172
2015-5,39269012,電氣絕緣用塑膠製品,德國,出口總值(含復出口),113.9596,25894
2015-5,39269012,電氣絕緣用塑膠製品,墨西哥,出口總值(含復出口),95.75994,29784
2015-5,39269012,電氣絕緣用塑膠製品,澳大利亞,出口總值(含復出口),16.11219,4326
2015-6,39239090,其他供輸送或包裝貨物之塑膠製品,中國大陸,進口總值(含復進口),3755.346,919956
2015-6,39239090,其他供輸送或包裝貨物之塑膠製品,中華民國,進口總值(含復進口),394.4751,301118
2015-6,39239090,其他供輸送或包裝貨物之塑膠製品,丹麥,進口總值(含復進口),3.41241,2307
2015-6,39239090,其他供輸送或包裝貨物之塑膠製品,日本,進口總值(含復進口),1336.497,203514
2015-6,39239090,其他供輸送或包裝貨物之塑膠製品,加拿大,進口總值(含復進口),3.9649,697
2015-6,39239090,其他供輸送或包裝貨物之塑膠製品,拉脫維亞,進口總值(含復進口),2.14494,151
2015-6,39239090,其他供輸送或包裝貨物之塑膠製品,法國,進口總值(含復進口),153.5262,13200
2015-6,39239090,其他供輸送或包裝貨物之塑膠製品,南韓,進口總值(含復進口),825.2519,225790
2015-6,39239090,其他供輸送或包裝貨物之塑膠製品,美國,進口總值(含復進口),616.3796,63420
2015-6,39239090,其他供輸送或包裝貨物之塑膠製品,英國,進口總值(含復進口),21.96945,450
2015-6,39239090,其他供輸送或包裝貨物之塑膠製品,泰國,進口總值(含復進口),245.7589,30948
2015-6,39239090,其他供輸送或包裝貨物之塑膠製品,馬來西亞,進口總值(含復進口),1450.406,216093
2015-6,39239090,其他供輸送或包裝貨物之塑膠製品,捷克,進口總值(含復進口),4.32239,2560
2015-6,39239090,其他供輸送或包裝貨物之塑膠製品,荷蘭,進口總值(含復進口),21.83945,1005
2015-6,39239090,其他供輸送或包裝貨物之塑膠製品,菲律賓,進口總值(含復進口),192.8177,41890
2015-6,39239090,其他供輸送或包裝貨物之塑膠製品,越南,進口總值(含復進口),6.17484,425
2015-6,39239090,其他供輸送或包裝貨物之塑膠製品,新加坡,進口總值(含復進口),44.19889,9924
2015-6,39239090,其他供輸送或包裝貨物之塑膠製品,瑞士,進口總值(含復進口),22.58693,2143
2015-6,39239090,其他供輸送或包裝貨物之塑膠製品,瑞典,進口總值(含復進口),0.29249,31
2015-6,39239090,其他供輸送或包裝貨物之塑膠製品,義大利,進口總值(含復進口),6.43483,1434
2015-6,39239090,其他供輸送或包裝貨物之塑膠製品,德國,進口總值(含復進口),98.47253,14324
2015-6,39239090,其他供輸送或包裝貨物之塑膠製品,澳大利亞,進口總值(含復進口),1.29996,2
2015-6,39239090,其他供輸送或包裝貨物之塑膠製品,土耳其,出口總值(含復出口),20.44198,1282
2015-6,39239090,其他供輸送或包裝貨物之塑膠製品,中國大陸,出口總值(含復出口),1656.224,383875
2015-6,39239090,其他供輸送或包裝貨物之塑膠製品,巴拿馬,出口總值(含復出口),17.93955,5430
2015-6,39239090,其他供輸送或包裝貨物之塑膠製品,日本,出口總值(含復出口),823.0419,101933
2015-6,39239090,其他供輸送或包裝貨物之塑膠製品,比利時,出口總值(含復出口),19.6295,2611
2015-6,39239090,其他供輸送或包裝貨物之塑膠製品,以色列,出口總值(含復出口),28.56678,2721
2015-6,39239090,其他供輸送或包裝貨物之塑膠製品,加拿大,出口總值(含復出口),72.24569,15775
2015-6,39239090,其他供輸送或包裝貨物之塑膠製品,史瓦帝尼,出口總值(含復出口),1.75495,23
2015-6,39239090,其他供輸送或包裝貨物之塑膠製品,瓜地馬拉,出口總值(含復出口),12.77218,7770
2015-6,39239090,其他供輸送或包裝貨物之塑膠製品,印尼,出口總值(含復出口),55.7686,19738
2015-6,39239090,其他供輸送或包裝貨物之塑膠製品,印度,出口總值(含復出口),27.8843,27803
2015-6,39239090,其他供輸送或包裝貨物之塑膠製品,多明尼加,出口總值(含復出口),4.67988,3330
2015-6,39239090,其他供輸送或包裝貨物之塑膠製品,希臘,出口總值(含復出口),3.05492,675
2015-6,39239090,其他供輸送或包裝貨物之塑膠製品,汶萊,出口總值(含復出口),0.03249,3
2015-6,39239090,其他供輸送或包裝貨物之塑膠製品,孟加拉,出口總值(含復出口),30.22424,17000
2015-6,39239090,其他供輸送或包裝貨物之塑膠製品,波蘭,出口總值(含復出口),3.57491,12
2015-6,39239090,其他供輸送或包裝貨物之塑膠製品,法國,出口總值(含復出口),101.7224,6097
2015-6,39239090,其他供輸送或包裝貨物之塑膠製品,法屬玻里尼西亞,出口總值(含復出口),0.90997,320
2015-6,39239090,其他供輸送或包裝貨物之塑膠製品,肯亞,出口總值(含復出口),1.98245,355
2015-6,39239090,其他供輸送或包裝貨物之塑膠製品,芬蘭,出口總值(含復出口),0.03249,7
2015-6,39239090,其他供輸送或包裝貨物之塑膠製品,阿拉伯聯合大公國,出口總值(含復出口),25.64185,14503
2015-6,39239090,其他供輸送或包裝貨物之塑膠製品,俄羅斯,出口總值(含復出口),13.74715,1316
2015-6,39239090,其他供輸送或包裝貨物之塑膠製品,南非,出口總值(含復出口),22.71693,465
2015-6,39239090,其他供輸送或包裝貨物之塑膠製品,南韓,出口總值(含復出口),759.246,324360
2015-6,39239090,其他供輸送或包裝貨物之塑膠製品,哈薩克,出口總值(含復出口),0.09749,31
2015-6,39239090,其他供輸送或包裝貨物之塑膠製品,柬埔寨,出口總值(含復出口),20.50698,9539
2015-6,39239090,其他供輸送或包裝貨物之塑膠製品,約旦,出口總值(含復出口),2.76243,2
2015-6,39239090,其他供輸送或包裝貨物之塑膠製品,美國,出口總值(含復出口),509.8473,138152
2015-6,39239090,其他供輸送或包裝貨物之塑膠製品,英國,出口總值(含復出口),33.89665,3807
2015-6,39239090,其他供輸送或包裝貨物之塑膠製品,迦納,出口總值(含復出口),27.29931,9471
2015-6,39239090,其他供輸送或包裝貨物之塑膠製品,香港,出口總值(含復出口),329.3793,179571
2015-6,39239090,其他供輸送或包裝貨物之塑膠製品,哥斯大黎加,出口總值(含復出口),31.91419,11051
2015-6,39239090,其他供輸送或包裝貨物之塑膠製品,泰國,出口總值(含復出口),39.8765,4330
2015-6,39239090,其他供輸送或包裝貨物之塑膠製品,紐西蘭,出口總值(含復出口),34.70913,503
2015-6,39239090,其他供輸送或包裝貨物之塑膠製品,馬來西亞,出口總值(含復出口),93.46765,22326
2015-6,39239090,其他供輸送或包裝貨物之塑膠製品,馬紹爾群島,出口總值(含復出口),0.42248,40
2015-6,39239090,其他供輸送或包裝貨物之塑膠製品,荷蘭,出口總值(含復出口),17.80955,972
2015-6,39239090,其他供輸送或包裝貨物之塑膠製品,菲律賓,出口總值(含復出口),111.9597,24339
2015-6,39239090,其他供輸送或包裝貨物之塑膠製品,越南,出口總值(含復出口),111.7647,31828
2015-6,39239090,其他供輸送或包裝貨物之塑膠製品,新加坡,出口總值(含復出口),77.73804,11785
2015-6,39239090,其他供輸送或包裝貨物之塑膠製品,瑞士,出口總值(含復出口),13.22716,622
2015-6,39239090,其他供輸送或包裝貨物之塑膠製品,瑞典,出口總值(含復出口),3.05492,648
2015-6,39239090,其他供輸送或包裝貨物之塑膠製品,義大利,出口總值(含復出口),65.90834,6433
2015-6,39239090,其他供輸送或包裝貨物之塑膠製品,德國,出口總值(含復出口),78.77802,10819
2015-6,39239090,其他供輸送或包裝貨物之塑膠製品,摩洛哥,出口總值(含復出口),3.15242,78
2015-6,39239090,其他供輸送或包裝貨物之塑膠製品,模里西斯,出口總值(含復出口),27.13682,9663
2015-6,39239090,其他供輸送或包裝貨物之塑膠製品,緬甸,出口總值(含復出口),7.50731,723
2015-6,39239090,其他供輸送或包裝貨物之塑膠製品,墨西哥,出口總值(含復出口),4.61487,293
2015-6,39239090,其他供輸送或包裝貨物之塑膠製品,澤西島,出口總值(含復出口),2.14494,69
2015-6,39239090,其他供輸送或包裝貨物之塑膠製品,澳大利亞,出口總值(含復出口),30.61423,10749
2015-6,39239090,其他供輸送或包裝貨物之塑膠製品,澳門,出口總值(含復出口),0.38999,200
2015-6,39239090,其他供輸送或包裝貨物之塑膠製品,關島,出口總值(含復出口),5.16737,1980
2015-6,39269012,電氣絕緣用塑膠製品,中國大陸,進口總值(含復進口),153.6887,18267
2015-6,39269012,電氣絕緣用塑膠製品,中華民國,進口總值(含復進口),12.73968,468
2015-6,39269012,電氣絕緣用塑膠製品,日本,進口總值(含復進口),95.6451,2293
2015-6,39269012,電氣絕緣用塑膠製品,匈牙利,進口總值(含復進口),0.06499,0
2015-6,39269012,電氣絕緣用塑膠製品,南韓,進口總值(含復進口),4.38739,363
2015-6,39269012,電氣絕緣用塑膠製品,美國,進口總值(含復進口),12.41468,239
2015-6,39269012,電氣絕緣用塑膠製品,英國,進口總值(含復進口),1.13747,166
2015-6,39269012,電氣絕緣用塑膠製品,泰國,進口總值(含復進口),0.25999,16
2015-6,39269012,電氣絕緣用塑膠製品,越南,進口總值(含復進口),14.26714,5190
2015-6,39269012,電氣絕緣用塑膠製品,新加坡,進口總值(含復進口),0.06499,0
2015-6,39269012,電氣絕緣用塑膠製品,瑞士,進口總值(含復進口),0.03249,0
2015-6,39269012,電氣絕緣用塑膠製品,葡萄牙,進口總值(含復進口),0.16249,18
2015-6,39269012,電氣絕緣用塑膠製品,德國,進口總值(含復進口),3.05492,310
2015-6,39269012,電氣絕緣用塑膠製品,土耳其,出口總值(含復出口),37.79655,9747
2015-6,39269012,電氣絕緣用塑膠製品,中國大陸,出口總值(含復出口),260.156,32022
2015-6,39269012,電氣絕緣用塑膠製品,厄瓜多,出口總值(含復出口),8.54728,620
2015-6,39269012,電氣絕緣用塑膠製品,巴西,出口總值(含復出口),5.16737,124
2015-6,39269012,電氣絕緣用塑膠製品,巴基斯坦,出口總值(含復出口),23.00942,4172
2015-6,39269012,電氣絕緣用塑膠製品,日本,出口總值(含復出口),0.06499,0
2015-6,39269012,電氣絕緣用塑膠製品,加拿大,出口總值(含復出口),95.06012,25758
2015-6,39269012,電氣絕緣用塑膠製品,匈牙利,出口總值(含復出口),33.05167,6958
2015-6,39269012,電氣絕緣用塑膠製品,印尼,出口總值(含復出口),24.47188,1109
2015-6,39269012,電氣絕緣用塑膠製品,印度,出口總值(含復出口),109.8798,48018
2015-6,39269012,電氣絕緣用塑膠製品,沙烏地阿拉伯,出口總值(含復出口),220.7995,63529
2015-6,39269012,電氣絕緣用塑膠製品,其他國家,出口總值(含復出口),0.58498,25
2015-6,39269012,電氣絕緣用塑膠製品,孟加拉,出口總值(含復出口),56.58108,24360
2015-6,39269012,電氣絕緣用塑膠製品,法國,出口總值(含復出口),6.14234,1510
2015-6,39269012,電氣絕緣用塑膠製品,南非,出口總值(含復出口),18.88202,5412
2015-6,39269012,電氣絕緣用塑膠製品,南韓,出口總值(含復出口),465.9083,140405
2015-6,39269012,電氣絕緣用塑膠製品,柬埔寨,出口總值(含復出口),6.95482,43
2015-6,39269012,電氣絕緣用塑膠製品,科威特,出口總值(含復出口),3.11992,530
2015-6,39269012,電氣絕緣用塑膠製品,約旦,出口總值(含復出口),70.49073,24320
2015-6,39269012,電氣絕緣用塑膠製品,美國,出口總值(含復出口),132.6942,19489
2015-6,39269012,電氣絕緣用塑膠製品,英國,出口總值(含復出口),16.76958,4797
2015-6,39269012,電氣絕緣用塑膠製品,香港,出口總值(含復出口),346.9938,19572
2015-6,39269012,電氣絕緣用塑膠製品,哥斯大黎加,出口總值(含復出口),7.01982,1760
2015-6,39269012,電氣絕緣用塑膠製品,埃及,出口總值(含復出口),48.09879,18088
2015-6,39269012,電氣絕緣用塑膠製品,泰國,出口總值(含復出口),19.40201,1063
2015-6,39269012,電氣絕緣用塑膠製品,馬來西亞,出口總值(含復出口),13.32466,1698
2015-6,39269012,電氣絕緣用塑膠製品,馬爾他,出口總值(含復出口),6.07734,1728
2015-6,39269012,電氣絕緣用塑膠製品,荷蘭,出口總值(含復出口),51.18622,12156
2015-6,39269012,電氣絕緣用塑膠製品,斐濟,出口總值(含復出口),5.75235,2000
2015-6,39269012,電氣絕緣用塑膠製品,智利,出口總值(含復出口),1.91745,182
2015-6,39269012,電氣絕緣用塑膠製品,菲律賓,出口總值(含復出口),15.33961,7046
2015-6,39269012,電氣絕緣用塑膠製品,越南,出口總值(含復出口),58.20604,19357
2015-6,39269012,電氣絕緣用塑膠製品,奧地利,出口總值(含復出口),1.42996,52
2015-6,39269012,電氣絕緣用塑膠製品,新加坡,出口總值(含復出口),1.72245,160
2015-6,39269012,電氣絕緣用塑膠製品,瑞士,出口總值(含復出口),7.34481,1675
2015-6,39269012,電氣絕緣用塑膠製品,義大利,出口總值(含復出口),209.9123,48989
2015-6,39269012,電氣絕緣用塑膠製品,德國,出口總值(含復出口),81.11797,18338
2015-6,39269012,電氣絕緣用塑膠製品,緬甸,出口總值(含復出口),2.01494,350
2015-6,39269012,電氣絕緣用塑膠製品,墨西哥,出口總值(含復出口),124.7969,42493
2015-6,39269012,電氣絕緣用塑膠製品,澳大利亞,出口總值(含復出口),8.15729,2264
2015-7,39239090,其他供輸送或包裝貨物之塑膠製品,中國大陸,進口總值(含復進口),3490.304,834796
2015-7,39239090,其他供輸送或包裝貨物之塑膠製品,中華民國,進口總值(含復進口),237.0071,242586
2015-7,39239090,其他供輸送或包裝貨物之塑膠製品,丹麥,進口總值(含復進口),0.38784,63
2015-7,39239090,其他供輸送或包裝貨物之塑膠製品,日本,進口總值(含復進口),1511.765,203462
2015-7,39239090,其他供輸送或包裝貨物之塑膠製品,加拿大,進口總值(含復進口),2.55332,407
2015-7,39239090,其他供輸送或包裝貨物之塑膠製品,印度,進口總值(含復進口),34.22753,11164
2015-7,39239090,其他供輸送或包裝貨物之塑膠製品,法國,進口總值(含復進口),85.06787,6600
2015-7,39239090,其他供輸送或包裝貨物之塑膠製品,南韓,進口總值(含復進口),918.5197,260487
2015-7,39239090,其他供輸送或包裝貨物之塑膠製品,美國,進口總值(含復進口),634.8739,56717
2015-7,39239090,其他供輸送或包裝貨物之塑膠製品,英國,進口總值(含復進口),3.81383,9
2015-7,39239090,其他供輸送或包裝貨物之塑膠製品,香港,進口總值(含復進口),4.3956,115
2015-7,39239090,其他供輸送或包裝貨物之塑膠製品,泰國,進口總值(含復進口),232.0944,27117
2015-7,39239090,其他供輸送或包裝貨物之塑膠製品,馬來西亞,進口總值(含復進口),1271.784,124666
2015-7,39239090,其他供輸送或包裝貨物之塑膠製品,荷蘭,進口總值(含復進口),2.97349,145
2015-7,39239090,其他供輸送或包裝貨物之塑膠製品,菲律賓,進口總值(含復進口),215.9664,63589
2015-7,39239090,其他供輸送或包裝貨物之塑膠製品,越南,進口總值(含復進口),1.55138,43
2015-7,39239090,其他供輸送或包裝貨物之塑膠製品,新加坡,進口總值(含復進口),50.58177,13369
2015-7,39239090,其他供輸送或包裝貨物之塑膠製品,瑞士,進口總值(含復進口),23.9819,2847
2015-7,39239090,其他供輸送或包裝貨物之塑膠製品,義大利,進口總值(含復進口),22.39819,4802
2015-7,39239090,其他供輸送或包裝貨物之塑膠製品,德國,進口總值(含復進口),42.43697,5103
2015-7,39239090,其他供輸送或包裝貨物之塑膠製品,土耳其,出口總值(含復出口),10.31027,948
2015-7,39239090,其他供輸送或包裝貨物之塑膠製品,中國大陸,出口總值(含復出口),1450.873,356054
2015-7,39239090,其他供輸送或包裝貨物之塑膠製品,丹麥,出口總值(含復出口),3.2967,718
2015-7,39239090,其他供輸送或包裝貨物之塑膠製品,厄瓜多,出口總值(含復出口),3.39366,609
2015-7,39239090,其他供輸送或包裝貨物之塑膠製品,巴西,出口總值(含復出口),30.67226,3544
2015-7,39239090,其他供輸送或包裝貨物之塑膠製品,巴拿馬,出口總值(含復出口),1.97155,318
2015-7,39239090,其他供輸送或包裝貨物之塑膠製品,日本,出口總值(含復出口),938.0737,113739
2015-7,39239090,其他供輸送或包裝貨物之塑膠製品,比利時,出口總值(含復出口),16.41887,2447
2015-7,39239090,其他供輸送或包裝貨物之塑膠製品,以色列,出口總值(含復出口),12.66968,1040
2015-7,39239090,其他供輸送或包裝貨物之塑膠製品,加拿大,出口總值(含復出口),68.42274,19127
2015-7,39239090,其他供輸送或包裝貨物之塑膠製品,卡達,出口總值(含復出口),10.6658,3703
2015-7,39239090,其他供輸送或包裝貨物之塑膠製品,史瓦帝尼,出口總值(含復出口),3.32902,778
2015-7,39239090,其他供輸送或包裝貨物之塑膠製品,瓜地馬拉,出口總值(含復出口),6.56108,6625
2015-7,39239090,其他供輸送或包裝貨物之塑膠製品,立陶宛,出口總值(含復出口),0.06464,13
2015-7,39239090,其他供輸送或包裝貨物之塑膠製品,印尼,出口總值(含復出口),59.27601,17095
2015-7,39239090,其他供輸送或包裝貨物之塑膠製品,印度,出口總值(含復出口),49.19197,34164
2015-7,39239090,其他供輸送或包裝貨物之塑膠製品,西班牙,出口總值(含復出口),16.38655,656
2015-7,39239090,其他供輸送或包裝貨物之塑膠製品,希臘,出口總值(含復出口),5.3329,1200
2015-7,39239090,其他供輸送或包裝貨物之塑膠製品,沙烏地阿拉伯,出口總值(含復出口),106.8197,27560
2015-7,39239090,其他供輸送或包裝貨物之塑膠製品,汶萊,出口總值(含復出口),27.02003,4884
2015-7,39239090,其他供輸送或包裝貨物之塑膠製品,波多黎各,出口總值(含復出口),14.96444,4139
2015-7,39239090,其他供輸送或包裝貨物之塑膠製品,波蘭,出口總值(含復出口),71.81641,5420
2015-7,39239090,其他供輸送或包裝貨物之塑膠製品,法國,出口總值(含復出口),65.12604,6091
2015-7,39239090,其他供輸送或包裝貨物之塑膠製品,肯亞,出口總值(含復出口),6.30252,1766
2015-7,39239090,其他供輸送或包裝貨物之塑膠製品,阿拉伯聯合大公國,出口總值(含復出口),20.45894,7356
2015-7,39239090,其他供輸送或包裝貨物之塑膠製品,南非,出口總值(含復出口),71.36392,7370
2015-7,39239090,其他供輸送或包裝貨物之塑膠製品,南韓,出口總值(含復出口),626.7615,252543
2015-7,39239090,其他供輸送或包裝貨物之塑膠製品,哈薩克,出口總值(含復出口),0.84033,57
2015-7,39239090,其他供輸送或包裝貨物之塑膠製品,柬埔寨,出口總值(含復出口),11.11829,6428
2015-7,39239090,其他供輸送或包裝貨物之塑膠製品,約旦,出口總值(含復出口),3.4583,1340
2015-7,39239090,其他供輸送或包裝貨物之塑膠製品,美國,出口總值(含復出口),640.8533,164363
2015-7,39239090,其他供輸送或包裝貨物之塑膠製品,英國,出口總值(含復出口),35.32643,2401
2015-7,39239090,其他供輸送或包裝貨物之塑膠製品,香港,出口總值(含復出口),479.9612,212642
2015-7,39239090,其他供輸送或包裝貨物之塑膠製品,哥倫比亞,出口總值(含復出口),33.74272,11272
2015-7,39239090,其他供輸送或包裝貨物之塑膠製品,泰國,出口總值(含復出口),51.68067,3662
2015-7,39239090,其他供輸送或包裝貨物之塑膠製品,秘魯,出口總值(含復出口),16.74208,3999
2015-7,39239090,其他供輸送或包裝貨物之塑膠製品,紐西蘭,出口總值(含復出口),19.13379,1168
2015-7,39239090,其他供輸送或包裝貨物之塑膠製品,馬來西亞,出口總值(含復出口),94.47316,26462
2015-7,39239090,其他供輸送或包裝貨物之塑膠製品,荷蘭,出口總值(含復出口),158.1125,23382
2015-7,39239090,其他供輸送或包裝貨物之塑膠製品,斯里蘭卡,出口總值(含復出口),18.90756,10609
2015-7,39239090,其他供輸送或包裝貨物之塑膠製品,斯洛伐克,出口總值(含復出口),0.25856,1
2015-7,39239090,其他供輸送或包裝貨物之塑膠製品,菲律賓,出口總值(含復出口),99.51518,17892
2015-7,39239090,其他供輸送或包裝貨物之塑膠製品,越南,出口總值(含復出口),163.0898,28119
2015-7,39239090,其他供輸送或包裝貨物之塑膠製品,新加坡,出口總值(含復出口),134.2599,21715
2015-7,39239090,其他供輸送或包裝貨物之塑膠製品,瑞士,出口總值(含復出口),78.73303,2679
2015-7,39239090,其他供輸送或包裝貨物之塑膠製品,瑞典,出口總值(含復出口),13.83322,283
2015-7,39239090,其他供輸送或包裝貨物之塑膠製品,義大利,出口總值(含復出口),81.38332,4241
2015-7,39239090,其他供輸送或包裝貨物之塑膠製品,德國,出口總值(含復出口),95.28118,14422
2015-7,39239090,其他供輸送或包裝貨物之塑膠製品,緬甸,出口總值(含復出口),4.52488,543
2015-7,39239090,其他供輸送或包裝貨物之塑膠製品,墨西哥,出口總值(含復出口),15.9987,888
2015-7,39239090,其他供輸送或包裝貨物之塑膠製品,澳大利亞,出口總值(含復出口),16.96832,5115
2015-7,39239090,其他供輸送或包裝貨物之塑膠製品,賽普勒斯,出口總值(含復出口),12.54039,4698
2015-7,39269012,電氣絕緣用塑膠製品,中國大陸,進口總值(含復進口),52.521,10878
2015-7,39269012,電氣絕緣用塑膠製品,中華民國,進口總值(含復進口),4.46024,164
2015-7,39269012,電氣絕緣用塑膠製品,日本,進口總值(含復進口),75.37168,1190
2015-7,39269012,電氣絕緣用塑膠製品,匈牙利,進口總值(含復進口),1.58371,0
2015-7,39269012,電氣絕緣用塑膠製品,南韓,進口總值(含復進口),1.84227,330
2015-7,39269012,電氣絕緣用塑膠製品,美國,進口總值(含復進口),8.27407,116
2015-7,39269012,電氣絕緣用塑膠製品,泰國,進口總值(含復進口),0.06464,5
2015-7,39269012,電氣絕緣用塑膠製品,荷蘭,進口總值(含復進口),0.03232,14
2015-7,39269012,電氣絕緣用塑膠製品,菲律賓,進口總值(含復進口),2.61797,312
2015-7,39269012,電氣絕緣用塑膠製品,越南,進口總值(含復進口),22.39819,8740
2015-7,39269012,電氣絕緣用塑膠製品,新加坡,進口總值(含復進口),0.09696,0
2015-7,39269012,電氣絕緣用塑膠製品,瑞士,進口總值(含復進口),1.48674,1
2015-7,39269012,電氣絕緣用塑膠製品,義大利,進口總值(含復進口),0.29088,89
2015-7,39269012,電氣絕緣用塑膠製品,葡萄牙,進口總值(含復進口),0.1616,18
2015-7,39269012,電氣絕緣用塑膠製品,德國,進口總值(含復進口),3.65223,9
2015-7,39269012,電氣絕緣用塑膠製品,中國大陸,出口總值(含復出口),325.7919,27236
2015-7,39269012,電氣絕緣用塑膠製品,巴西,出口總值(含復出口),15.57853,5760
2015-7,39269012,電氣絕緣用塑膠製品,日本,出口總值(含復出口),20.8468,138
2015-7,39269012,電氣絕緣用塑膠製品,比利時,出口總值(含復出口),7.88623,1744
2015-7,39269012,電氣絕緣用塑膠製品,加拿大,出口總值(含復出口),220.6529,60070
2015-7,39269012,電氣絕緣用塑膠製品,印尼,出口總值(含復出口),9.4053,430
2015-7,39269012,電氣絕緣用塑膠製品,印度,出口總值(含復出口),278.6361,117780
2015-7,39269012,電氣絕緣用塑膠製品,西班牙,出口總值(含復出口),0.54945,6
2015-7,39269012,電氣絕緣用塑膠製品,沙烏地阿拉伯,出口總值(含復出口),32.28829,8832
2015-7,39269012,電氣絕緣用塑膠製品,委內瑞拉,出口總值(含復出口),1.29282,368
2015-7,39269012,電氣絕緣用塑膠製品,拉脫維亞,出口總值(含復出口),36.03749,10235
2015-7,39269012,電氣絕緣用塑膠製品,法國,出口總值(含復出口),8.7912,2012
2015-7,39269012,電氣絕緣用塑膠製品,阿拉伯聯合大公國,出口總值(含復出口),3.65223,170
2015-7,39269012,電氣絕緣用塑膠製品,阿根廷,出口總值(含復出口),4.42792,88
2015-7,39269012,電氣絕緣用塑膠製品,俄羅斯,出口總值(含復出口),129.1855,35190
2015-7,39269012,電氣絕緣用塑膠製品,南韓,出口總值(含復出口),342.6309,119328
2015-7,39269012,電氣絕緣用塑膠製品,柬埔寨,出口總值(含復出口),7.11053,63
2015-7,39269012,電氣絕緣用塑膠製品,約旦,出口總值(含復出口),69.45701,22800
2015-7,39269012,電氣絕緣用塑膠製品,美國,出口總值(含復出口),139.7867,22997
2015-7,39269012,電氣絕緣用塑膠製品,英國,出口總值(含復出口),6.755,1929
2015-7,39269012,電氣絕緣用塑膠製品,香港,出口總值(含復出口),241.532,16331
2015-7,39269012,電氣絕緣用塑膠製品,哥倫比亞,出口總值(含復出口),173.1092,64815
2015-7,39269012,電氣絕緣用塑膠製品,泰國,出口總值(含復出口),6.94893,810
2015-7,39269012,電氣絕緣用塑膠製品,紐西蘭,出口總值(含復出口),1.71299,426
2015-7,39269012,電氣絕緣用塑膠製品,馬來西亞,出口總值(含復出口),0.61409,38
2015-7,39269012,電氣絕緣用塑膠製品,捷克,出口總值(含復出口),0.35552,6
2015-7,39269012,電氣絕緣用塑膠製品,敘利亞,出口總值(含復出口),70.32967,22800
2015-7,39269012,電氣絕緣用塑膠製品,荷蘭,出口總值(含復出口),33.19327,9100
2015-7,39269012,電氣絕緣用塑膠製品,斐濟,出口總值(含復出口),5.81771,2000
2015-7,39269012,電氣絕緣用塑膠製品,菲律賓,出口總值(含復出口),11.08597,8000
2015-7,39269012,電氣絕緣用塑膠製品,越南,出口總值(含復出口),12.8636,8725
2015-7,39269012,電氣絕緣用塑膠製品,奧地利,出口總值(含復出口),1.29282,80
2015-7,39269012,電氣絕緣用塑膠製品,新加坡,出口總值(含復出口),2.10084,1073
2015-7,39269012,電氣絕緣用塑膠製品,義大利,出口總值(含復出口),61.08597,14276
2015-7,39269012,電氣絕緣用塑膠製品,德國,出口總值(含復出口),28.73303,4881
2015-7,39269012,電氣絕緣用塑膠製品,模里西斯,出口總值(含復出口),21.97802,5790
2015-7,39269012,電氣絕緣用塑膠製品,黎巴嫩,出口總值(含復出口),42.7925,12840
2015-7,39269012,電氣絕緣用塑膠製品,墨西哥,出口總值(含復出口),172.6568,57579
2015-7,39269012,電氣絕緣用塑膠製品,澳大利亞,出口總值(含復出口),45.50743,13630
2015-7,39269012,電氣絕緣用塑膠製品,賽普勒斯,出口總值(含復出口),0.3232,34
2015-8,39239090,其他供輸送或包裝貨物之塑膠製品,土耳其,進口總值(含復進口),0.15772,11
2015-8,39239090,其他供輸送或包裝貨物之塑膠製品,中國大陸,進口總值(含復進口),3539.148,745860
2015-8,39239090,其他供輸送或包裝貨物之塑膠製品,中華民國,進口總值(含復進口),347.6341,243731
2015-8,39239090,其他供輸送或包裝貨物之塑膠製品,丹麥,進口總值(含復進口),9.77917,2074
2015-8,39239090,其他供輸送或包裝貨物之塑膠製品,日本,進口總值(含復進口),1430.662,213310
2015-8,39239090,其他供輸送或包裝貨物之塑膠製品,比利時,進口總值(含復進口),1.41955,196
2015-8,39239090,其他供輸送或包裝貨物之塑膠製品,拉脫維亞,進口總值(含復進口),0.56782,40
2015-8,39239090,其他供輸送或包裝貨物之塑膠製品,南韓,進口總值(含復進口),985.3943,283772
2015-8,39239090,其他供輸送或包裝貨物之塑膠製品,美國,進口總值(含復進口),607.4763,67567
2015-8,39239090,其他供輸送或包裝貨物之塑膠製品,英國,進口總值(含復進口),115.8675,2661
2015-8,39239090,其他供輸送或包裝貨物之塑膠製品,香港,進口總值(含復進口),10.15772,10
2015-8,39239090,其他供輸送或包裝貨物之塑膠製品,泰國,進口總值(含復進口),145.9306,48365
2015-8,39239090,其他供輸送或包裝貨物之塑膠製品,紐西蘭,進口總值(含復進口),1.35646,24
2015-8,39239090,其他供輸送或包裝貨物之塑膠製品,馬來西亞,進口總值(含復進口),2553.88,104852
2015-8,39239090,其他供輸送或包裝貨物之塑膠製品,荷蘭,進口總值(含復進口),4.70031,112
2015-8,39239090,其他供輸送或包裝貨物之塑膠製品,菲律賓,進口總值(含復進口),191.0726,59232
2015-8,39239090,其他供輸送或包裝貨物之塑膠製品,越南,進口總值(含復進口),1.64037,18
2015-8,39239090,其他供輸送或包裝貨物之塑膠製品,新加坡,進口總值(含復進口),26.18296,9635
2015-8,39239090,其他供輸送或包裝貨物之塑膠製品,瑞士,進口總值(含復進口),33.6593,9288
2015-8,39239090,其他供輸送或包裝貨物之塑膠製品,瑞典,進口總值(含復進口),0.18927,1
2015-8,39239090,其他供輸送或包裝貨物之塑膠製品,義大利,進口總值(含復進口),18.1388,2548
2015-8,39239090,其他供輸送或包裝貨物之塑膠製品,葡萄牙,進口總值(含復進口),1.51419,1446
2015-8,39239090,其他供輸送或包裝貨物之塑膠製品,德國,進口總值(含復進口),46.78233,7016
2015-8,39239090,其他供輸送或包裝貨物之塑膠製品,土耳其,出口總值(含復出口),21.07255,2398
2015-8,39239090,其他供輸送或包裝貨物之塑膠製品,中國大陸,出口總值(含復出口),1758.297,412260
2015-8,39239090,其他供輸送或包裝貨物之塑膠製品,巴林,出口總值(含復出口),5.93059,740
2015-8,39239090,其他供輸送或包裝貨物之塑膠製品,巴拿馬,出口總值(含復出口),91.16719,19968
2015-8,39239090,其他供輸送或包裝貨物之塑膠製品,日本,出口總值(含復出口),818.4227,109194
2015-8,39239090,其他供輸送或包裝貨物之塑膠製品,比利時,出口總值(含復出口),5.74132,495
2015-8,39239090,其他供輸送或包裝貨物之塑膠製品,以色列,出口總值(含復出口),20.47318,2054
2015-8,39239090,其他供輸送或包裝貨物之塑膠製品,加拿大,出口總值(含復出口),59.1798,11328
2015-8,39239090,其他供輸送或包裝貨物之塑膠製品,卡達,出口總值(含復出口),9.36908,3338
2015-8,39239090,其他供輸送或包裝貨物之塑膠製品,尼加拉瓜,出口總值(含復出口),0.12618,110
2015-8,39239090,其他供輸送或包裝貨物之塑膠製品,瓜地馬拉,出口總值(含復出口),7.47634,7280
2015-8,39239090,其他供輸送或包裝貨物之塑膠製品,印尼,出口總值(含復出口),30,12081
2015-8,39239090,其他供輸送或包裝貨物之塑膠製品,印度,出口總值(含復出口),31.35645,34219
2015-8,39239090,其他供輸送或包裝貨物之塑膠製品,多明尼加,出口總值(含復出口),0.78864,400
2015-8,39239090,其他供輸送或包裝貨物之塑膠製品,宏都拉斯,出口總值(含復出口),4.10094,231
2015-8,39239090,其他供輸送或包裝貨物之塑膠製品,沙烏地阿拉伯,出口總值(含復出口),63.21766,30620
2015-8,39239090,其他供輸送或包裝貨物之塑膠製品,汶萊,出口總值(含復出口),32.9022,6022
2015-8,39239090,其他供輸送或包裝貨物之塑膠製品,孟加拉,出口總值(含復出口),35.1735,19332
2015-8,39239090,其他供輸送或包裝貨物之塑膠製品,帛琉,出口總值(含復出口),0.94637,400
2015-8,39239090,其他供輸送或包裝貨物之塑膠製品,波蘭,出口總值(含復出口),86.05678,5555
2015-8,39239090,其他供輸送或包裝貨物之塑膠製品,法國,出口總值(含復出口),50.694,3747
2015-8,39239090,其他供輸送或包裝貨物之塑膠製品,肯亞,出口總值(含復出口),54.79495,32134
2015-8,39239090,其他供輸送或包裝貨物之塑膠製品,阿拉伯聯合大公國,出口總值(含復出口),22.49211,15235
2015-8,39239090,其他供輸送或包裝貨物之塑膠製品,南非,出口總值(含復出口),42.64984,1252
2015-8,39239090,其他供輸送或包裝貨物之塑膠製品,南韓,出口總值(含復出口),523.7539,232248
2015-8,39239090,其他供輸送或包裝貨物之塑膠製品,柬埔寨,出口總值(含復出口),11.4511,3828
2015-8,39239090,其他供輸送或包裝貨物之塑膠製品,美國,出口總值(含復出口),993.6593,234665
2015-8,39239090,其他供輸送或包裝貨物之塑膠製品,英國,出口總值(含復出口),77.47633,7228
2015-8,39239090,其他供輸送或包裝貨物之塑膠製品,迦納,出口總值(含復出口),0.06309,300
2015-8,39239090,其他供輸送或包裝貨物之塑膠製品,香港,出口總值(含復出口),481.0726,207372
2015-8,39239090,其他供輸送或包裝貨物之塑膠製品,哥倫比亞,出口總值(含復出口),3.97476,645
2015-8,39239090,其他供輸送或包裝貨物之塑膠製品,哥斯大黎加,出口總值(含復出口),28.32807,9970
2015-8,39239090,其他供輸送或包裝貨物之塑膠製品,泰國,出口總值(含復出口),76.30914,29836
2015-8,39239090,其他供輸送或包裝貨物之塑膠製品,索羅門群島,出口總值(含復出口),0.94637,630
2015-8,39239090,其他供輸送或包裝貨物之塑膠製品,紐西蘭,出口總值(含復出口),11.13564,87
2015-8,39239090,其他供輸送或包裝貨物之塑膠製品,馬來西亞,出口總值(含復出口),119.653,28891
2015-8,39239090,其他供輸送或包裝貨物之塑膠製品,馬爾他,出口總值(含復出口),1.70347,302
2015-8,39239090,其他供輸送或包裝貨物之塑膠製品,荷蘭,出口總值(含復出口),42.27128,5143
2015-8,39239090,其他供輸送或包裝貨物之塑膠製品,斯里蘭卡,出口總值(含復出口),9.74763,7630
2015-8,39239090,其他供輸送或包裝貨物之塑膠製品,菲律賓,出口總值(含復出口),69.81072,14360
2015-8,39239090,其他供輸送或包裝貨物之塑膠製品,越南,出口總值(含復出口),224.858,53802
2015-8,39239090,其他供輸送或包裝貨物之塑膠製品,新加坡,出口總值(含復出口),109.1798,23506
2015-8,39239090,其他供輸送或包裝貨物之塑膠製品,瑞典,出口總值(含復出口),7.22397,1153
2015-8,39239090,其他供輸送或包裝貨物之塑膠製品,義大利,出口總值(含復出口),101.7981,9421
2015-8,39239090,其他供輸送或包裝貨物之塑膠製品,德國,出口總值(含復出口),112.3028,15237
2015-8,39239090,其他供輸送或包裝貨物之塑膠製品,模里西斯,出口總值(含復出口),12.36593,2129
2015-8,39239090,其他供輸送或包裝貨物之塑膠製品,緬甸,出口總值(含復出口),7.44479,723
2015-8,39239090,其他供輸送或包裝貨物之塑膠製品,墨西哥,出口總值(含復出口),11.7981,1611
2015-8,39239090,其他供輸送或包裝貨物之塑膠製品,澳大利亞,出口總值(含復出口),65.1104,20736
2015-8,39239090,其他供輸送或包裝貨物之塑膠製品,澳門,出口總值(含復出口),6.90851,382
2015-8,39269012,電氣絕緣用塑膠製品,中國大陸,進口總值(含復進口),132.1767,10694
2015-8,39269012,電氣絕緣用塑膠製品,中華民國,進口總值(含復進口),0.22082,1
2015-8,39269012,電氣絕緣用塑膠製品,日本,進口總值(含復進口),85.07886,2308
2015-8,39269012,電氣絕緣用塑膠製品,印度,進口總值(含復進口),0.78864,18
2015-8,39269012,電氣絕緣用塑膠製品,南韓,進口總值(含復進口),2.5552,213
2015-8,39269012,電氣絕緣用塑膠製品,美國,進口總值(含復進口),0.91482,13
2015-8,39269012,電氣絕緣用塑膠製品,越南,進口總值(含復進口),19.90536,7541
2015-8,39269012,電氣絕緣用塑膠製品,瑞士,進口總值(含復進口),1.041,2
2015-8,39269012,電氣絕緣用塑膠製品,德國,進口總值(含復進口),0.31545,0
2015-8,39269012,電氣絕緣用塑膠製品,澳大利亞,進口總值(含復進口),0.694,15
2015-8,39269012,電氣絕緣用塑膠製品,土耳其,出口總值(含復出口),46.78233,11349
2015-8,39269012,電氣絕緣用塑膠製品,中國大陸,出口總值(含復出口),168.612,16165
2015-8,39269012,電氣絕緣用塑膠製品,比利時,出口總值(含復出口),18.23343,3964
2015-8,39269012,電氣絕緣用塑膠製品,加拿大,出口總值(含復出口),233.1546,58046
2015-8,39269012,電氣絕緣用塑膠製品,史瓦帝尼,出口總值(含復出口),23.59621,2705
2015-8,39269012,電氣絕緣用塑膠製品,瓜地馬拉,出口總值(含復出口),0.12618,13
2015-8,39269012,電氣絕緣用塑膠製品,匈牙利,出口總值(含復出口),0.91482,28
2015-8,39269012,電氣絕緣用塑膠製品,印尼,出口總值(含復出口),17.69716,837
2015-8,39269012,電氣絕緣用塑膠製品,印度,出口總值(含復出口),143.4069,59282
2015-8,39269012,電氣絕緣用塑膠製品,西班牙,出口總值(含復出口),50.22082,14264
2015-8,39269012,電氣絕緣用塑膠製品,沙烏地阿拉伯,出口總值(含復出口),70.28391,19123
2015-8,39269012,電氣絕緣用塑膠製品,孟加拉,出口總值(含復出口),55.99369,24360
2015-8,39269012,電氣絕緣用塑膠製品,波蘭,出口總值(含復出口),75.26813,18921
2015-8,39269012,電氣絕緣用塑膠製品,法國,出口總值(含復出口),4.85804,1412
2015-8,39269012,電氣絕緣用塑膠製品,南非,出口總值(含復出口),18.86435,5358
2015-8,39269012,電氣絕緣用塑膠製品,南韓,出口總值(含復出口),343.9117,119328
2015-8,39269012,電氣絕緣用塑膠製品,柬埔寨,出口總值(含復出口),5.39432,88
2015-8,39269012,電氣絕緣用塑膠製品,美國,出口總值(含復出口),234.3849,34919
2015-8,39269012,電氣絕緣用塑膠製品,英國,出口總值(含復出口),102.9338,30426
2015-8,39269012,電氣絕緣用塑膠製品,香港,出口總值(含復出口),113.5962,3472
2015-8,39269012,電氣絕緣用塑膠製品,哥倫比亞,出口總值(含復出口),74.98422,26824
2015-8,39269012,電氣絕緣用塑膠製品,埃及,出口總值(含復出口),46.78233,18088
2015-8,39269012,電氣絕緣用塑膠製品,紐西蘭,出口總值(含復出口),2.01892,566
2015-8,39269012,電氣絕緣用塑膠製品,馬來西亞,出口總值(含復出口),3.75394,479
2015-8,39269012,電氣絕緣用塑膠製品,馬紹爾群島,出口總值(含復出口),0.31545,34
2015-8,39269012,電氣絕緣用塑膠製品,敘利亞,出口總值(含復出口),32.87066,11000
2015-8,39269012,電氣絕緣用塑膠製品,荷蘭,出口總值(含復出口),35.58359,11074
2015-8,39269012,電氣絕緣用塑膠製品,斐濟,出口總值(含復出口),8.73817,3000
2015-8,39269012,電氣絕緣用塑膠製品,菲律賓,出口總值(含復出口),19.43217,2217
2015-8,39269012,電氣絕緣用塑膠製品,越南,出口總值(含復出口),28.61198,1316
2015-8,39269012,電氣絕緣用塑膠製品,奧地利,出口總值(含復出口),1.35646,84
2015-8,39269012,電氣絕緣用塑膠製品,新加坡,出口總值(含復出口),19.49526,2017
2015-8,39269012,電氣絕緣用塑膠製品,義大利,出口總值(含復出口),184.6688,42546
2015-8,39269012,電氣絕緣用塑膠製品,德國,出口總值(含復出口),66.68769,14129
2015-8,39269012,電氣絕緣用塑膠製品,黎巴嫩,出口總值(含復出口),29.14826,9998
2015-8,39269012,電氣絕緣用塑膠製品,墨西哥,出口總值(含復出口),159.1483,53462
2015-8,39269012,電氣絕緣用塑膠製品,澳大利亞,出口總值(含復出口),34.38485,9241
2015-8,39269012,電氣絕緣用塑膠製品,薩爾瓦多,出口總值(含復出口),4.88958,1399
2015-8,39269012,電氣絕緣用塑膠製品,羅馬尼亞,出口總值(含復出口),0.22082,8
2015-9,39239090,其他供輸送或包裝貨物之塑膠製品,中國大陸,進口總值(含復進口),3949.11,867166
2015-9,39239090,其他供輸送或包裝貨物之塑膠製品,中華民國,進口總值(含復進口),656.6298,306147
2015-9,39239090,其他供輸送或包裝貨物之塑膠製品,丹麥,進口總值(含復進口),2.97728,1930
2015-9,39239090,其他供輸送或包裝貨物之塑膠製品,日本,進口總值(含復進口),1605.494,213455
2015-9,39239090,其他供輸送或包裝貨物之塑膠製品,加拿大,進口總值(含復進口),9.51503,1672
2015-9,39239090,其他供輸送或包裝貨物之塑膠製品,拉脫維亞,進口總值(含復進口),1.13566,81
2015-9,39239090,其他供輸送或包裝貨物之塑膠製品,法國,進口總值(含復進口),8.10313,175
2015-9,39239090,其他供輸送或包裝貨物之塑膠製品,南韓,進口總值(含復進口),991.283,321461
2015-9,39239090,其他供輸送或包裝貨物之塑膠製品,美國,進口總值(含復進口),764.9478,96932
2015-9,39239090,其他供輸送或包裝貨物之塑膠製品,英國,進口總值(含復進口),28.48373,627
2015-9,39239090,其他供輸送或包裝貨物之塑膠製品,香港,進口總值(含復進口),19.06077,21
2015-9,39239090,其他供輸送或包裝貨物之塑膠製品,泰國,進口總值(含復進口),18.75383,7325
2015-9,39239090,其他供輸送或包裝貨物之塑膠製品,馬來西亞,進口總值(含復進口),798.097,102219
2015-9,39239090,其他供輸送或包裝貨物之塑膠製品,捷克,進口總值(含復進口),2.91589,1521
2015-9,39239090,其他供輸送或包裝貨物之塑膠製品,荷蘭,進口總值(含復進口),1.903,11
2015-9,39239090,其他供輸送或包裝貨物之塑膠製品,菲律賓,進口總值(含復進口),167.7716,72664
2015-9,39239090,其他供輸送或包裝貨物之塑膠製品,奧地利,進口總值(含復進口),0.06138,0
2015-9,39239090,其他供輸送或包裝貨物之塑膠製品,新加坡,進口總值(含復進口),50.61387,12097
2015-9,39239090,其他供輸送或包裝貨物之塑膠製品,義大利,進口總值(含復進口),1.78023,38
2015-9,39239090,其他供輸送或包裝貨物之塑膠製品,德國,進口總值(含復進口),8.04174,237
2015-9,39239090,其他供輸送或包裝貨物之塑膠製品,千里達及托巴哥,出口總值(含復出口),0.06138,9
2015-9,39239090,其他供輸送或包裝貨物之塑膠製品,土耳其,出口總值(含復出口),9.36157,1190
2015-9,39239090,其他供輸送或包裝貨物之塑膠製品,中國大陸,出口總值(含復出口),1305.341,255657
2015-9,39239090,其他供輸送或包裝貨物之塑膠製品,巴布亞紐幾內亞,出口總值(含復出口),12.30816,2620
2015-9,39239090,其他供輸送或包裝貨物之塑膠製品,巴西,出口總值(含復出口),4.02087,1165
2015-9,39239090,其他供輸送或包裝貨物之塑膠製品,巴林,出口總值(含復出口),10.62001,3240
2015-9,39239090,其他供輸送或包裝貨物之塑膠製品,巴拿馬,出口總值(含復出口),63.01411,12099
2015-9,39239090,其他供輸送或包裝貨物之塑膠製品,日本,出口總值(含復出口),788.3364,86343
2015-9,39239090,其他供輸送或包裝貨物之塑膠製品,比利時,出口總值(含復出口),16.08348,2553
2015-9,39239090,其他供輸送或包裝貨物之塑膠製品,以色列,出口總值(含復出口),4.38919,463
2015-9,39239090,其他供輸送或包裝貨物之塑膠製品,加拿大,出口總值(含復出口),36.58685,10148
2015-9,39239090,其他供輸送或包裝貨物之塑膠製品,卡達,出口總值(含復出口),3.8674,2400
2015-9,39239090,其他供輸送或包裝貨物之塑膠製品,史瓦帝尼,出口總值(含復出口),0.09208,15
2015-9,39239090,其他供輸送或包裝貨物之塑膠製品,伊朗,出口總值(含復出口),1.99508,305
2015-9,39239090,其他供輸送或包裝貨物之塑膠製品,印尼,出口總值(含復出口),53.71393,14908
2015-9,39239090,其他供輸送或包裝貨物之塑膠製品,印度,出口總值(含復出口),5.12584,1260
2015-9,39239090,其他供輸送或包裝貨物之塑膠製品,西班牙,出口總值(含復出口),14.30325,845
2015-9,39239090,其他供輸送或包裝貨物之塑膠製品,沙烏地阿拉伯,出口總值(含復出口),32.16697,23440
2015-9,39239090,其他供輸送或包裝貨物之塑膠製品,孟加拉,出口總值(含復出口),20.31921,8823
2015-9,39239090,其他供輸送或包裝貨物之塑膠製品,帛琉,出口總值(含復出口),0.24554,55
2015-9,39239090,其他供輸送或包裝貨物之塑膠製品,法國,出口總值(含復出口),95.61079,5881
2015-9,39239090,其他供輸送或包裝貨物之塑膠製品,肯亞,出口總值(含復出口),51.78023,30949
2015-9,39239090,其他供輸送或包裝貨物之塑膠製品,阿拉伯聯合大公國,出口總值(含復出口),30.66298,8757
2015-9,39239090,其他供輸送或包裝貨物之塑膠製品,南非,出口總值(含復出口),41.22159,6161
2015-9,39239090,其他供輸送或包裝貨物之塑膠製品,南韓,出口總值(含復出口),440.7919,202048
2015-9,39239090,其他供輸送或包裝貨物之塑膠製品,柬埔寨,出口總值(含復出口),3.95948,2079
2015-9,39239090,其他供輸送或包裝貨物之塑膠製品,美國,出口總值(含復出口),1005.556,185914
2015-9,39239090,其他供輸送或包裝貨物之塑膠製品,英國,出口總值(含復出口),47.29894,3710
2015-9,39239090,其他供輸送或包裝貨物之塑膠製品,香港,出口總值(含復出口),354.4813,183684
2015-9,39239090,其他供輸送或包裝貨物之塑膠製品,哥倫比亞,出口總值(含復出口),29.03621,16922
2015-9,39239090,其他供輸送或包裝貨物之塑膠製品,泰國,出口總值(含復出口),51.59606,12655
2015-9,39239090,其他供輸送或包裝貨物之塑膠製品,紐西蘭,出口總值(含復出口),13.04481,2483
2015-9,39239090,其他供輸送或包裝貨物之塑膠製品,馬來西亞,出口總值(含復出口),152.2099,38561
2015-9,39239090,其他供輸送或包裝貨物之塑膠製品,荷蘭,出口總值(含復出口),32.4739,2519
2015-9,39239090,其他供輸送或包裝貨物之塑膠製品,斯里蘭卡,出口總值(含復出口),36.31062,28247
2015-9,39239090,其他供輸送或包裝貨物之塑膠製品,菲律賓,出口總值(含復出口),73.87966,12657
2015-9,39239090,其他供輸送或包裝貨物之塑膠製品,越南,出口總值(含復出口),138.8275,43573
2015-9,39239090,其他供輸送或包裝貨物之塑膠製品,愛爾蘭,出口總值(含復出口),0.39901,48
2015-9,39239090,其他供輸送或包裝貨物之塑膠製品,新加坡,出口總值(含復出口),76.82626,15136
2015-9,39239090,其他供輸送或包裝貨物之塑膠製品,瑞士,出口總值(含復出口),19.79742,502
2015-9,39239090,其他供輸送或包裝貨物之塑膠製品,瑞典,出口總值(含復出口),2.51687,542
2015-9,39239090,其他供輸送或包裝貨物之塑膠製品,義大利,出口總值(含復出口),64.24186,3994
2015-9,39239090,其他供輸送或包裝貨物之塑膠製品,德國,出口總值(含復出口),125.5678,20747
2015-9,39239090,其他供輸送或包裝貨物之塑膠製品,模里西斯,出口總值(含復出口),7.39717,2400
2015-9,39239090,其他供輸送或包裝貨物之塑膠製品,墨西哥,出口總值(含復出口),0.61387,62
2015-9,39239090,其他供輸送或包裝貨物之塑膠製品,澳大利亞,出口總值(含復出口),18.84591,6038
2015-9,39269012,電氣絕緣用塑膠製品,中國大陸,進口總值(含復進口),31.61448,1452
2015-9,39269012,電氣絕緣用塑膠製品,中華民國,進口總值(含復進口),2.11786,22
2015-9,39269012,電氣絕緣用塑膠製品,日本,進口總值(含復進口),109.0853,1135
2015-9,39269012,電氣絕緣用塑膠製品,美國,進口總值(含復進口),3.99017,16
2015-9,39269012,電氣絕緣用塑膠製品,香港,進口總值(含復進口),1.53468,24
2015-9,39269012,電氣絕緣用塑膠製品,菲律賓,進口總值(含復進口),2.24063,257
2015-9,39269012,電氣絕緣用塑膠製品,越南,進口總值(含復進口),17.86372,6792
2015-9,39269012,電氣絕緣用塑膠製品,瑞士,進口總值(含復進口),0.06138,0
2015-9,39269012,電氣絕緣用塑膠製品,葡萄牙,進口總值(含復進口),0.15346,21
2015-9,39269012,電氣絕緣用塑膠製品,中國大陸,出口總值(含復出口),153.4377,20927
2015-9,39269012,電氣絕緣用塑膠製品,巴西,出口總值(含復出口),11.90914,192
2015-9,39269012,電氣絕緣用塑膠製品,日本,出口總值(含復出口),10.03683,73
2015-9,39269012,電氣絕緣用塑膠製品,比利時,出口總值(含復出口),5.61694,1242
2015-9,39269012,電氣絕緣用塑膠製品,加拿大,出口總值(含復出口),269.2756,73606
2015-9,39269012,電氣絕緣用塑膠製品,北馬里亞納群島,出口總值(含復出口),0.36832,62
2015-9,39269012,電氣絕緣用塑膠製品,印尼,出口總值(含復出口),24.00245,2638
2015-9,39269012,電氣絕緣用塑膠製品,印度,出口總值(含復出口),255.4328,106360
2015-9,39269012,電氣絕緣用塑膠製品,西班牙,出口總值(含復出口),0.30693,11
2015-9,39269012,電氣絕緣用塑膠製品,沙烏地阿拉伯,出口總值(含復出口),32.38182,8832
2015-9,39269012,電氣絕緣用塑膠製品,孟加拉,出口總值(含復出口),56.20012,24360
2015-9,39269012,電氣絕緣用塑膠製品,拉脫維亞,出口總值(含復出口),37.87599,10571
2015-9,39269012,電氣絕緣用塑膠製品,法國,出口總值(含復出口),27.68569,7150
2015-9,39269012,電氣絕緣用塑膠製品,俄羅斯,出口總值(含復出口),48.496,15231
2015-9,39269012,電氣絕緣用塑膠製品,南非,出口總值(含復出口),3.95948,416
2015-9,39269012,電氣絕緣用塑膠製品,南韓,出口總值(含復出口),412.2775,112121
2015-9,39269012,電氣絕緣用塑膠製品,柬埔寨,出口總值(含復出口),6.53775,172
2015-9,39269012,電氣絕緣用塑膠製品,科威特,出口總值(含復出口),4.97237,831
2015-9,39269012,電氣絕緣用塑膠製品,美國,出口總值(含復出口),334.3462,49363
2015-9,39269012,電氣絕緣用塑膠製品,英國,出口總值(含復出口),4.72682,1242
2015-9,39269012,電氣絕緣用塑膠製品,香港,出口總值(含復出口),68.47758,2187
2015-9,39269012,電氣絕緣用塑膠製品,哥倫比亞,出口總值(含復出口),48.95641,17160
2015-9,39269012,電氣絕緣用塑膠製品,埃及,出口總值(含復出口),59.6992,22344
2015-9,39269012,電氣絕緣用塑膠製品,泰國,出口總值(含復出口),18.04788,820
2015-9,39269012,電氣絕緣用塑膠製品,馬來西亞,出口總值(含復出口),27.07182,866
2015-9,39269012,電氣絕緣用塑膠製品,捷克,出口總值(含復出口),0.18416,5
2015-9,39269012,電氣絕緣用塑膠製品,敘利亞,出口總值(含復出口),139.7176,46664
2015-9,39269012,電氣絕緣用塑膠製品,荷蘭,出口總值(含復出口),0.79803,4
2015-9,39269012,電氣絕緣用塑膠製品,菲律賓,出口總值(含復出口),8.01104,4625
2015-9,39269012,電氣絕緣用塑膠製品,越南,出口總值(含復出口),16.63596,743
2015-9,39269012,電氣絕緣用塑膠製品,新加坡,出口總值(含復出口),13.59729,6053
2015-9,39269012,電氣絕緣用塑膠製品,瑞典,出口總值(含復出口),0.18416,27
2015-9,39269012,電氣絕緣用塑膠製品,義大利,出口總值(含復出口),179.9263,41034
2015-9,39269012,電氣絕緣用塑膠製品,德國,出口總值(含復出口),20.28852,5375
2015-9,39269012,電氣絕緣用塑膠製品,黎巴嫩,出口總值(含復出口),27.59361,9701
2015-9,39269012,電氣絕緣用塑膠製品,墨西哥,出口總值(含復出口),66.35972,17273
2015-9,39269012,電氣絕緣用塑膠製品,澳大利亞,出口總值(含復出口),53.80601,15748
2015-10,39239090,其他供輸送或包裝貨物之塑膠製品,中國大陸,進口總值(含復進口),3834.262,900182
2015-10,39239090,其他供輸送或包裝貨物之塑膠製品,中華民國,進口總值(含復進口),421.7697,283187
2015-10,39239090,其他供輸送或包裝貨物之塑膠製品,日本,進口總值(含復進口),1713.411,174889
2015-10,39239090,其他供輸送或包裝貨物之塑膠製品,印度,進口總值(含復進口),50.42865,7360
2015-10,39239090,其他供輸送或包裝貨物之塑膠製品,法國,進口總值(含復進口),0.30618,25
2015-10,39239090,其他供輸送或包裝貨物之塑膠製品,南韓,進口總值(含復進口),906.8279,258862
2015-10,39239090,其他供輸送或包裝貨物之塑膠製品,美國,進口總值(含復進口),209.5224,24553
2015-10,39239090,其他供輸送或包裝貨物之塑膠製品,英國,進口總值(含復進口),0.12247,0
2015-10,39239090,其他供輸送或包裝貨物之塑膠製品,香港,進口總值(含復進口),4.28658,2401
2015-10,39239090,其他供輸送或包裝貨物之塑膠製品,泰國,進口總值(含復進口),158.6038,34871
2015-10,39239090,其他供輸送或包裝貨物之塑膠製品,馬來西亞,進口總值(含復進口),1007.073,63388
2015-10,39239090,其他供輸送或包裝貨物之塑膠製品,荷蘭,進口總值(含復進口),4.40906,50
2015-10,39239090,其他供輸送或包裝貨物之塑膠製品,菲律賓,進口總值(含復進口),196.0502,51228
2015-10,39239090,其他供輸送或包裝貨物之塑膠製品,越南,進口總值(含復進口),1.46968,7
2015-10,39239090,其他供輸送或包裝貨物之塑膠製品,新加坡,進口總值(含復進口),33.98652,10203
2015-10,39239090,其他供輸送或包裝貨物之塑膠製品,瑞士,進口總值(含復進口),9.00183,1254
2015-10,39239090,其他供輸送或包裝貨物之塑膠製品,瑞典,進口總值(含復進口),0.03061,2
2015-10,39239090,其他供輸送或包裝貨物之塑膠製品,義大利,進口總值(含復進口),0.24494,16
2015-10,39239090,其他供輸送或包裝貨物之塑膠製品,德國,進口總值(含復進口),36.16044,8966
2015-10,39239090,其他供輸送或包裝貨物之塑膠製品,土耳其,出口總值(含復出口),37.84445,4098
2015-10,39239090,其他供輸送或包裝貨物之塑膠製品,中國大陸,出口總值(含復出口),1426.638,312413
2015-10,39239090,其他供輸送或包裝貨物之塑膠製品,巴西,出口總值(含復出口),15.76851,5183
2015-10,39239090,其他供輸送或包裝貨物之塑膠製品,巴林,出口總值(含復出口),0.12247,18
2015-10,39239090,其他供輸送或包裝貨物之塑膠製品,日本,出口總值(含復出口),839.9265,91436
2015-10,39239090,其他供輸送或包裝貨物之塑膠製品,比利時,出口總值(含復出口),15.95223,982
2015-10,39239090,其他供輸送或包裝貨物之塑膠製品,加拿大,出口總值(含復出口),56.58296,13636
2015-10,39239090,其他供輸送或包裝貨物之塑膠製品,尼加拉瓜,出口總值(含復出口),18.70789,5596
2015-10,39239090,其他供輸送或包裝貨物之塑膠製品,瓜地馬拉,出口總值(含復出口),2.60257,3100
2015-10,39239090,其他供輸送或包裝貨物之塑膠製品,印尼,出口總值(含復出口),88.67115,17338
2015-10,39239090,其他供輸送或包裝貨物之塑膠製品,印度,出口總值(含復出口),27.55663,9906
2015-10,39239090,其他供輸送或包裝貨物之塑膠製品,多明尼加,出口總值(含復出口),6.06246,1894
2015-10,39239090,其他供輸送或包裝貨物之塑膠製品,西班牙,出口總值(含復出口),18.37109,6405
2015-10,39239090,其他供輸送或包裝貨物之塑膠製品,希臘,出口總值(含復出口),0.12247,4
2015-10,39239090,其他供輸送或包裝貨物之塑膠製品,沙烏地阿拉伯,出口總值(含復出口),23.33129,12698
2015-10,39239090,其他供輸送或包裝貨物之塑膠製品,孟加拉,出口總值(含復出口),20.57562,8128
2015-10,39239090,其他供輸送或包裝貨物之塑膠製品,拉脫維亞,出口總值(含復出口),11.20636,1529
2015-10,39239090,其他供輸送或包裝貨物之塑膠製品,波多黎各,出口總值(含復出口),13.7477,3873
2015-10,39239090,其他供輸送或包裝貨物之塑膠製品,波蘭,出口總值(含復出口),7.10349,19
2015-10,39239090,其他供輸送或包裝貨物之塑膠製品,法國,出口總值(含復出口),37.81383,3251
2015-10,39239090,其他供輸送或包裝貨物之塑膠製品,肯亞,出口總值(含復出口),0.24494,47
2015-10,39239090,其他供輸送或包裝貨物之塑膠製品,阿拉伯聯合大公國,出口總值(含復出口),21.76974,13173
2015-10,39239090,其他供輸送或包裝貨物之塑膠製品,俄羅斯,出口總值(含復出口),0.97978,51
2015-10,39239090,其他供輸送或包裝貨物之塑膠製品,南非,出口總值(含復出口),37.38517,1725
2015-10,39239090,其他供輸送或包裝貨物之塑膠製品,南韓,出口總值(含復出口),231.0471,89201
2015-10,39239090,其他供輸送或包裝貨物之塑膠製品,柬埔寨,出口總值(含復出口),22.47397,3685
2015-10,39239090,其他供輸送或包裝貨物之塑膠製品,美國,出口總值(含復出口),872.9945,259339
2015-10,39239090,其他供輸送或包裝貨物之塑膠製品,英國,出口總值(含復出口),22.01469,2136
2015-10,39239090,其他供輸送或包裝貨物之塑膠製品,香港,出口總值(含復出口),353.1231,182106
2015-10,39239090,其他供輸送或包裝貨物之塑膠製品,哥倫比亞,出口總值(含復出口),33.06797,3130
2015-10,39239090,其他供輸送或包裝貨物之塑膠製品,哥斯大黎加,出口總值(含復出口),30.3123,10407
2015-10,39239090,其他供輸送或包裝貨物之塑膠製品,挪威,出口總值(含復出口),2.17391,68
2015-10,39239090,其他供輸送或包裝貨物之塑膠製品,泰國,出口總值(含復出口),53.1537,3108
2015-10,39239090,其他供輸送或包裝貨物之塑膠製品,秘魯,出口總值(含復出口),7.10349,2242
2015-10,39239090,其他供輸送或包裝貨物之塑膠製品,紐西蘭,出口總值(含復出口),22.32087,4540
2015-10,39239090,其他供輸送或包裝貨物之塑膠製品,馬來西亞,出口總值(含復出口),162.6148,45897
2015-10,39239090,其他供輸送或包裝貨物之塑膠製品,捷克,出口總值(含復出口),0.79608,82
2015-10,39239090,其他供輸送或包裝貨物之塑膠製品,荷蘭,出口總值(含復出口),10.80832,546
2015-10,39239090,其他供輸送或包裝貨物之塑膠製品,斯里蘭卡,出口總值(含復出口),12.921,9812
2015-10,39239090,其他供輸送或包裝貨物之塑膠製品,智利,出口總值(含復出口),1.31659,231
2015-10,39239090,其他供輸送或包裝貨物之塑膠製品,菲律賓,出口總值(含復出口),122.9945,36944
2015-10,39239090,其他供輸送或包裝貨物之塑膠製品,越南,出口總值(含復出口),165.891,48016
2015-10,39239090,其他供輸送或包裝貨物之塑膠製品,奧地利,出口總值(含復出口),0.12247,3
2015-10,39239090,其他供輸送或包裝貨物之塑膠製品,愛爾蘭,出口總值(含復出口),21.24923,5801
2015-10,39239090,其他供輸送或包裝貨物之塑膠製品,新加坡,出口總值(含復出口),154.3478,29557
2015-10,39239090,其他供輸送或包裝貨物之塑膠製品,瑞士,出口總值(含復出口),56.00122,1497
2015-10,39239090,其他供輸送或包裝貨物之塑膠製品,瑞典,出口總值(含復出口),27.12797,1488
2015-10,39239090,其他供輸送或包裝貨物之塑膠製品,義大利,出口總值(含復出口),122.8414,6583
2015-10,39239090,其他供輸送或包裝貨物之塑膠製品,德國,出口總值(含復出口),96.90752,20507
2015-10,39239090,其他供輸送或包裝貨物之塑膠製品,模里西斯,出口總值(含復出口),8.20575,1610
2015-10,39239090,其他供輸送或包裝貨物之塑膠製品,緬甸,出口總值(含復出口),7.624,854
2015-10,39239090,其他供輸送或包裝貨物之塑膠製品,澳大利亞,出口總值(含復出口),107.9914,26789
2015-10,39239090,其他供輸送或包裝貨物之塑膠製品,澳門,出口總值(含復出口),2.08205,389
2015-10,39239090,其他供輸送或包裝貨物之塑膠製品,賴索托,出口總值(含復出口),1.95958,1494
2015-10,39239090,其他供輸送或包裝貨物之塑膠製品,賽普勒斯,出口總值(含復出口),2.41886,600
2015-10,39239090,其他供輸送或包裝貨物之塑膠製品,關島,出口總值(含復出口),8.57317,3144
2015-10,39269012,電氣絕緣用塑膠製品,中國大陸,進口總值(含復進口),8.75688,342
2015-10,39269012,電氣絕緣用塑膠製品,中華民國,進口總值(含復進口),0.24494,2
2015-10,39269012,電氣絕緣用塑膠製品,丹麥,進口總值(含復進口),0.03061,0
2015-10,39269012,電氣絕緣用塑膠製品,日本,進口總值(含復進口),53.06184,639
2015-10,39269012,電氣絕緣用塑膠製品,加拿大,進口總值(含復進口),0.42865,5
2015-10,39269012,電氣絕緣用塑膠製品,美國,進口總值(含復進口),0.21432,26
2015-10,39269012,電氣絕緣用塑膠製品,香港,進口總值(含復進口),1.10226,21
2015-10,39269012,電氣絕緣用塑膠製品,荷蘭,進口總值(含復進口),0.03061,9
2015-10,39269012,電氣絕緣用塑膠製品,越南,進口總值(含復進口),17.57501,6255
2015-10,39269012,電氣絕緣用塑膠製品,瑞士,進口總值(含復進口),0.88793,6
2015-10,39269012,電氣絕緣用塑膠製品,葡萄牙,進口總值(含復進口),0.15309,16
2015-10,39269012,電氣絕緣用塑膠製品,中國大陸,出口總值(含復出口),245.8665,37146
2015-10,39269012,電氣絕緣用塑膠製品,厄瓜多,出口總值(含復出口),9.95101,3128
2015-10,39269012,電氣絕緣用塑膠製品,比利時,出口總值(含復出口),3.12308,642
2015-10,39269012,電氣絕緣用塑膠製品,加拿大,出口總值(含復出口),224.0355,62466
2015-10,39269012,電氣絕緣用塑膠製品,印尼,出口總值(含復出口),5.08266,222
2015-10,39269012,電氣絕緣用塑膠製品,印度,出口總值(含復出口),54.22535,24462
2015-10,39269012,電氣絕緣用塑膠製品,沙烏地阿拉伯,出口總值(含復出口),89.06919,24571
2015-10,39269012,電氣絕緣用塑膠製品,孟加拉,出口總值(含復出口),108.3895,48720
2015-10,39269012,電氣絕緣用塑膠製品,法國,出口總值(含復出口),0.09185,1
2015-10,39269012,電氣絕緣用塑膠製品,阿拉伯聯合大公國,出口總值(含復出口),7.07287,1458
2015-10,39269012,電氣絕緣用塑膠製品,阿根廷,出口總值(含復出口),0.48989,6
2015-10,39269012,電氣絕緣用塑膠製品,俄羅斯,出口總值(含復出口),47.12186,15590
2015-10,39269012,電氣絕緣用塑膠製品,南韓,出口總值(含復出口),354.3478,124200
2015-10,39269012,電氣絕緣用塑膠製品,柬埔寨,出口總值(含復出口),7.80771,117
2015-10,39269012,電氣絕緣用塑膠製品,約旦,出口總值(含復出口),68.43233,22420
2015-10,39269012,電氣絕緣用塑膠製品,美國,出口總值(含復出口),132.5475,20828
2015-10,39269012,電氣絕緣用塑膠製品,香港,出口總值(含復出口),23.17819,1361
2015-10,39269012,電氣絕緣用塑膠製品,哥倫比亞,出口總值(含復出口),17.75872,6240
2015-10,39269012,電氣絕緣用塑膠製品,馬來西亞,出口總值(含復出口),10.83894,1084
2015-10,39269012,電氣絕緣用塑膠製品,捷克,出口總值(含復出口),0.70422,11
2015-10,39269012,電氣絕緣用塑膠製品,敘利亞,出口總值(含復出口),70.2082,23750
2015-10,39269012,電氣絕緣用塑膠製品,荷蘭,出口總值(含復出口),42.98836,10430
2015-10,39269012,電氣絕緣用塑膠製品,菲律賓,出口總值(含復出口),21.61665,11416
2015-10,39269012,電氣絕緣用塑膠製品,越南,出口總值(含復出口),9.03245,318
2015-10,39269012,電氣絕緣用塑膠製品,新加坡,出口總值(含復出口),6.73606,746
2015-10,39269012,電氣絕緣用塑膠製品,義大利,出口總值(含復出口),76.88303,16481
2015-10,39269012,電氣絕緣用塑膠製品,德國,出口總值(含復出口),61.97183,10840
2015-10,39269012,電氣絕緣用塑膠製品,黎巴嫩,出口總值(含復出口),47.58113,13824
2015-10,39269012,電氣絕緣用塑膠製品,墨西哥,出口總值(含復出口),456.2768,149997
2015-10,39269012,電氣絕緣用塑膠製品,澳大利亞,出口總值(含復出口),94.15186,26598
2015-11,39239090,其他供輸送或包裝貨物之塑膠製品,土耳其,進口總值(含復進口),2.3399,68
2015-11,39239090,其他供輸送或包裝貨物之塑膠製品,中國大陸,進口總值(含復進口),4022.722,897813
2015-11,39239090,其他供輸送或包裝貨物之塑膠製品,中華民國,進口總值(含復進口),648.9224,333453
2015-11,39239090,其他供輸送或包裝貨物之塑膠製品,丹麥,進口總值(含復進口),2.74014,612
2015-11,39239090,其他供輸送或包裝貨物之塑膠製品,日本,進口總值(含復進口),1914.594,263087
2015-11,39239090,其他供輸送或包裝貨物之塑膠製品,以色列,進口總值(含復進口),0.36945,16
2015-11,39239090,其他供輸送或包裝貨物之塑膠製品,加拿大,進口總值(含復進口),2.52463,629
2015-11,39239090,其他供輸送或包裝貨物之塑膠製品,印度,進口總值(含復進口),0.12315,5
2015-11,39239090,其他供輸送或包裝貨物之塑膠製品,拉脫維亞,進口總值(含復進口),2.12438,151
2015-11,39239090,其他供輸送或包裝貨物之塑膠製品,法國,進口總值(含復進口),2.74014,199
2015-11,39239090,其他供輸送或包裝貨物之塑膠製品,南韓,進口總值(含復進口),1130.911,279202
2015-11,39239090,其他供輸送或包裝貨物之塑膠製品,美國,進口總值(含復進口),725.6158,65759
2015-11,39239090,其他供輸送或包裝貨物之塑膠製品,香港,進口總值(含復進口),4.18719,12
2015-11,39239090,其他供輸送或包裝貨物之塑膠製品,泰國,進口總值(含復進口),295.6589,37339
2015-11,39239090,其他供輸送或包裝貨物之塑膠製品,馬來西亞,進口總值(含復進口),793.5037,74621
2015-11,39239090,其他供輸送或包裝貨物之塑膠製品,馬爾他,進口總值(含復進口),6.74261,398
2015-11,39239090,其他供輸送或包裝貨物之塑膠製品,荷蘭,進口總值(含復進口),2.24753,26
2015-11,39239090,其他供輸送或包裝貨物之塑膠製品,斯洛維尼亞,進口總值(含復進口),0.15394,3
2015-11,39239090,其他供輸送或包裝貨物之塑膠製品,菲律賓,進口總值(含復進口),180.8805,40484
2015-11,39239090,其他供輸送或包裝貨物之塑膠製品,越南,進口總值(含復進口),3.50985,1831
2015-11,39239090,其他供輸送或包裝貨物之塑膠製品,新加坡,進口總值(含復進口),62.71551,18415
2015-11,39239090,其他供輸送或包裝貨物之塑膠製品,瑞士,進口總值(含復進口),13.33128,1423
2015-11,39239090,其他供輸送或包裝貨物之塑膠製品,義大利,進口總值(含復進口),27.15517,3561
2015-11,39239090,其他供輸送或包裝貨物之塑膠製品,德國,進口總值(含復進口),68.96551,6479
2015-11,39239090,其他供輸送或包裝貨物之塑膠製品,土耳其,出口總值(含復出口),20.50492,2170
2015-11,39239090,其他供輸送或包裝貨物之塑膠製品,中國大陸,出口總值(含復出口),1127.371,251176
2015-11,39239090,其他供輸送或包裝貨物之塑膠製品,厄瓜多,出口總值(含復出口),6.55788,2141
2015-11,39239090,其他供輸送或包裝貨物之塑膠製品,巴西,出口總值(含復出口),29.83374,7276
2015-11,39239090,其他供輸送或包裝貨物之塑膠製品,巴拿馬,出口總值(含復出口),50.64655,17321
2015-11,39239090,其他供輸送或包裝貨物之塑膠製品,日本,出口總值(含復出口),873.3682,111191
2015-11,39239090,其他供輸送或包裝貨物之塑膠製品,比利時,出口總值(含復出口),42.48768,1844
2015-11,39239090,其他供輸送或包裝貨物之塑膠製品,以色列,出口總值(含復出口),11.82266,1201
2015-11,39239090,其他供輸送或包裝貨物之塑膠製品,加拿大,出口總值(含復出口),91.96427,22420
2015-11,39239090,其他供輸送或包裝貨物之塑膠製品,史瓦帝尼,出口總值(含復出口),1.38546,575
2015-11,39239090,其他供輸送或包裝貨物之塑膠製品,印尼,出口總值(含復出口),25.98522,9831
2015-11,39239090,其他供輸送或包裝貨物之塑膠製品,印度,出口總值(含復出口),83.12806,50459
2015-11,39239090,其他供輸送或包裝貨物之塑膠製品,希臘,出口總值(含復出口),2.77093,742
2015-11,39239090,其他供輸送或包裝貨物之塑膠製品,沙烏地阿拉伯,出口總值(含復出口),97.96798,50720
2015-11,39239090,其他供輸送或包裝貨物之塑膠製品,其他國家,出口總值(含復出口),0.61576,696
2015-11,39239090,其他供輸送或包裝貨物之塑膠製品,孟加拉,出口總值(含復出口),1.07758,1300
2015-11,39239090,其他供輸送或包裝貨物之塑膠製品,拉脫維亞,出口總值(含復出口),4.98768,642
2015-11,39239090,其他供輸送或包裝貨物之塑膠製品,波蘭,出口總值(含復出口),0.06157,4
2015-11,39239090,其他供輸送或包裝貨物之塑膠製品,法國,出口總值(含復出口),95.47413,5232
2015-11,39239090,其他供輸送或包裝貨物之塑膠製品,肯亞,出口總值(含復出口),2.77093,605
2015-11,39239090,其他供輸送或包裝貨物之塑膠製品,阿拉伯聯合大公國,出口總值(含復出口),56.43472,20326
2015-11,39239090,其他供輸送或包裝貨物之塑膠製品,阿曼,出口總值(含復出口),1.72413,55
2015-11,39239090,其他供輸送或包裝貨物之塑膠製品,南非,出口總值(含復出口),60.80665,8530
2015-11,39239090,其他供輸送或包裝貨物之塑膠製品,南韓,出口總值(含復出口),285.0369,159146
2015-11,39239090,其他供輸送或包裝貨物之塑膠製品,哈薩克,出口總值(含復出口),0.21551,52
2015-11,39239090,其他供輸送或包裝貨物之塑膠製品,柬埔寨,出口總值(含復出口),19.55049,8467
2015-11,39239090,其他供輸送或包裝貨物之塑膠製品,科威特,出口總值(含復出口),3.44827,674
2015-11,39239090,其他供輸送或包裝貨物之塑膠製品,美國,出口總值(含復出口),793.9655,252635
2015-11,39239090,其他供輸送或包裝貨物之塑膠製品,英國,出口總值(含復出口),21.42856,1530
2015-11,39239090,其他供輸送或包裝貨物之塑膠製品,香港,出口總值(含復出口),283.8362,110455
2015-11,39239090,其他供輸送或包裝貨物之塑膠製品,哥倫比亞,出口總值(含復出口),14.8399,1853
2015-11,39239090,其他供輸送或包裝貨物之塑膠製品,哥斯大黎加,出口總值(含復出口),14.22413,4882
2015-11,39239090,其他供輸送或包裝貨物之塑膠製品,挪威,出口總值(含復出口),0.06157,2
2015-11,39239090,其他供輸送或包裝貨物之塑膠製品,泰國,出口總值(含復出口),38.2389,8617
2015-11,39239090,其他供輸送或包裝貨物之塑膠製品,紐西蘭,出口總值(含復出口),2.67857,540
2015-11,39239090,其他供輸送或包裝貨物之塑膠製品,馬來西亞,出口總值(含復出口),145.6896,26290
2015-11,39239090,其他供輸送或包裝貨物之塑膠製品,馬爾他,出口總值(含復出口),0.70812,128
2015-11,39239090,其他供輸送或包裝貨物之塑膠製品,捷克,出口總值(含復出口),0.03078,8
2015-11,39239090,其他供輸送或包裝貨物之塑膠製品,荷蘭,出口總值(含復出口),150.1231,14024
2015-11,39239090,其他供輸送或包裝貨物之塑膠製品,斯里蘭卡,出口總值(含復出口),23.76847,13562
2015-11,39239090,其他供輸送或包裝貨物之塑膠製品,智利,出口總值(含復出口),3.66379,905
2015-11,39239090,其他供輸送或包裝貨物之塑膠製品,菲律賓,出口總值(含復出口),168.165,49905
2015-11,39239090,其他供輸送或包裝貨物之塑膠製品,越南,出口總值(含復出口),104.4027,31798
2015-11,39239090,其他供輸送或包裝貨物之塑膠製品,塞內加爾,出口總值(含復出口),13.7931,10300
2015-11,39239090,其他供輸送或包裝貨物之塑膠製品,奧地利,出口總值(含復出口),0.83128,4
2015-11,39239090,其他供輸送或包裝貨物之塑膠製品,愛爾蘭,出口總值(含復出口),23.39901,6490
2015-11,39239090,其他供輸送或包裝貨物之塑膠製品,新加坡,出口總值(含復出口),171.798,44254
2015-11,39239090,其他供輸送或包裝貨物之塑膠製品,瑞士,出口總值(含復出口),53.26354,1696
2015-11,39239090,其他供輸送或包裝貨物之塑膠製品,瑞典,出口總值(含復出口),40.45566,12700
2015-11,39239090,其他供輸送或包裝貨物之塑膠製品,義大利,出口總值(含復出口),48.52216,6164
2015-11,39239090,其他供輸送或包裝貨物之塑膠製品,德國,出口總值(含復出口),91.16378,12423
2015-11,39239090,其他供輸送或包裝貨物之塑膠製品,墨西哥,出口總值(含復出口),26.50862,3651
2015-11,39239090,其他供輸送或包裝貨物之塑膠製品,澳大利亞,出口總值(含復出口),98.09112,26894
2015-11,39239090,其他供輸送或包裝貨物之塑膠製品,羅馬尼亞,出口總值(含復出口),1.20073,30
2015-11,39269012,電氣絕緣用塑膠製品,中國大陸,進口總值(含復進口),116.8103,8810
2015-11,39269012,電氣絕緣用塑膠製品,中華民國,進口總值(含復進口),1.93965,42
2015-11,39269012,電氣絕緣用塑膠製品,日本,進口總值(含復進口),101.9704,2522
2015-11,39269012,電氣絕緣用塑膠製品,比利時,進口總值(含復進口),0.12315,1
2015-11,39269012,電氣絕緣用塑膠製品,法國,進口總值(含復進口),8.89778,7
2015-11,39269012,電氣絕緣用塑膠製品,美國,進口總值(含復進口),0.64655,4
2015-11,39269012,電氣絕緣用塑膠製品,英國,進口總值(含復進口),0.21551,1
2015-11,39269012,電氣絕緣用塑膠製品,菲律賓,進口總值(含復進口),2.00123,207
2015-11,39269012,電氣絕緣用塑膠製品,越南,進口總值(含復進口),16.133,6287
2015-11,39269012,電氣絕緣用塑膠製品,瑞士,進口總值(含復進口),0.03078,1
2015-11,39269012,電氣絕緣用塑膠製品,義大利,進口總值(含復進口),2.18596,2
2015-11,39269012,電氣絕緣用塑膠製品,德國,進口總值(含復進口),0.06157,1
2015-11,39269012,電氣絕緣用塑膠製品,墨西哥,進口總值(含復進口),0.33866,4
2015-11,39269012,電氣絕緣用塑膠製品,澳大利亞,進口總值(含復進口),4.71059,39
2015-11,39269012,電氣絕緣用塑膠製品,土耳其,出口總值(含復出口),73.9532,20043
2015-11,39269012,電氣絕緣用塑膠製品,中國大陸,出口總值(含復出口),87.53078,15423
2015-11,39269012,電氣絕緣用塑膠製品,比利時,出口總值(含復出口),11.39162,2693
2015-11,39269012,電氣絕緣用塑膠製品,加拿大,出口總值(含復出口),525.5542,141757
2015-11,39269012,電氣絕緣用塑膠製品,印度,出口總值(含復出口),164.8399,70668
2015-11,39269012,電氣絕緣用塑膠製品,西班牙,出口總值(含復出口),1.016,21
2015-11,39269012,電氣絕緣用塑膠製品,沙烏地阿拉伯,出口總值(含復出口),71.24384,19712
2015-11,39269012,電氣絕緣用塑膠製品,孟加拉,出口總值(含復出口),55.29556,24360
2015-11,39269012,電氣絕緣用塑膠製品,波多黎各,出口總值(含復出口),0.27709,72
2015-11,39269012,電氣絕緣用塑膠製品,法國,出口總值(含復出口),77.67857,19735
2015-11,39269012,電氣絕緣用塑膠製品,俄羅斯,出口總值(含復出口),182.8202,51814
2015-11,39269012,電氣絕緣用塑膠製品,南非,出口總值(含復出口),11.57635,2287
2015-11,39269012,電氣絕緣用塑膠製品,南韓,出口總值(含復出口),156.5579,27048
2015-11,39269012,電氣絕緣用塑膠製品,柬埔寨,出口總值(含復出口),8.28201,118
2015-11,39269012,電氣絕緣用塑膠製品,約旦,出口總值(含復出口),68.71921,24320
2015-11,39269012,電氣絕緣用塑膠製品,美國,出口總值(含復出口),149.3534,26176
2015-11,39269012,電氣絕緣用塑膠製品,英國,出口總值(含復出口),11.02216,3449
2015-11,39269012,電氣絕緣用塑膠製品,香港,出口總值(含復出口),17.08743,490
2015-11,39269012,電氣絕緣用塑膠製品,哥斯大黎加,出口總值(含復出口),7.08128,2080
2015-11,39269012,電氣絕緣用塑膠製品,埃及,出口總值(含復出口),46.79802,18088
2015-11,39269012,電氣絕緣用塑膠製品,泰國,出口總值(含復出口),6.95812,730
2015-11,39269012,電氣絕緣用塑膠製品,紐西蘭,出口總值(含復出口),31.68103,6090
2015-11,39269012,電氣絕緣用塑膠製品,馬來西亞,出口總值(含復出口),0.09236,4
2015-11,39269012,電氣絕緣用塑膠製品,捷克,出口總值(含復出口),0.52339,26
2015-11,39269012,電氣絕緣用塑膠製品,荷蘭,出口總值(含復出口),38.85467,11564
2015-11,39269012,電氣絕緣用塑膠製品,智利,出口總值(含復出口),1.47783,148
2015-11,39269012,電氣絕緣用塑膠製品,菲律賓,出口總值(含復出口),10.12931,7025
2015-11,39269012,電氣絕緣用塑膠製品,越南,出口總值(含復出口),18.01108,251
2015-11,39269012,電氣絕緣用塑膠製品,奧地利,出口總值(含復出口),0.73891,36
2015-11,39269012,電氣絕緣用塑膠製品,愛沙尼亞,出口總值(含復出口),3.41748,882
2015-11,39269012,電氣絕緣用塑膠製品,新加坡,出口總值(含復出口),10.86822,925
2015-11,39269012,電氣絕緣用塑膠製品,義大利,出口總值(含復出口),193.9347,43524
2015-11,39269012,電氣絕緣用塑膠製品,德國,出口總值(含復出口),45.90517,7645
2015-11,39269012,電氣絕緣用塑膠製品,黎巴嫩,出口總值(含復出口),62.71551,21134
2015-11,39269012,電氣絕緣用塑膠製品,墨西哥,出口總值(含復出口),7.75862,1596
2015-11,39269012,電氣絕緣用塑膠製品,澳大利亞,出口總值(含復出口),28.17118,6351
2015-11,39269012,電氣絕緣用塑膠製品,賽普勒斯,出口總值(含復出口),0.64655,73
2015-12,39239090,其他供輸送或包裝貨物之塑膠製品,中國大陸,進口總值(含復進口),4071.424,918393
2015-12,39239090,其他供輸送或包裝貨物之塑膠製品,中華民國,進口總值(含復進口),598.5605,259023
2015-12,39239090,其他供輸送或包裝貨物之塑膠製品,丹麥,進口總值(含復進口),4.19601,204
2015-12,39239090,其他供輸送或包裝貨物之塑膠製品,日本,進口總值(含復進口),1403.706,207819
2015-12,39239090,其他供輸送或包裝貨物之塑膠製品,加拿大,進口總值(含復進口),2.66462,702
2015-12,39239090,其他供輸送或包裝貨物之塑膠製品,法國,進口總值(含復進口),4.80857,162
2015-12,39239090,其他供輸送或包裝貨物之塑膠製品,南韓,進口總值(含復進口),1173.874,230705
2015-12,39239090,其他供輸送或包裝貨物之塑膠製品,美國,進口總值(含復進口),516.876,64337
2015-12,39239090,其他供輸送或包裝貨物之塑膠製品,英國,進口總值(含復進口),3.39969,3
2015-12,39239090,其他供輸送或包裝貨物之塑膠製品,香港,進口總值(含復進口),11.69984,1050
2015-12,39239090,其他供輸送或包裝貨物之塑膠製品,泰國,進口總值(含復進口),32.74119,19570
2015-12,39239090,其他供輸送或包裝貨物之塑膠製品,馬來西亞,進口總值(含復進口),1220.459,120177
2015-12,39239090,其他供輸送或包裝貨物之塑膠製品,荷蘭,進口總值(含復進口),0.49004,16
2015-12,39239090,其他供輸送或包裝貨物之塑膠製品,菲律賓,進口總值(含復進口),207.8407,45046
2015-12,39239090,其他供輸送或包裝貨物之塑膠製品,越南,進口總值(含復進口),5.11485,1789
2015-12,39239090,其他供輸送或包裝貨物之塑膠製品,新加坡,進口總值(含復進口),17.48851,15851
2015-12,39239090,其他供輸送或包裝貨物之塑膠製品,瑞士,進口總值(含復進口),27.87136,8634
2015-12,39239090,其他供輸送或包裝貨物之塑膠製品,義大利,進口總值(含復進口),15.8346,2587
2015-12,39239090,其他供輸送或包裝貨物之塑膠製品,德國,進口總值(含復進口),17.54976,3070
2015-12,39239090,其他供輸送或包裝貨物之塑膠製品,土耳其,出口總值(含復出口),36.01837,3314
2015-12,39239090,其他供輸送或包裝貨物之塑膠製品,中國大陸,出口總值(含復出口),1561.746,368263
2015-12,39239090,其他供輸送或包裝貨物之塑膠製品,巴西,出口總值(含復出口),25.35987,9904
2015-12,39239090,其他供輸送或包裝貨物之塑膠製品,巴拿馬,出口總值(含復出口),65.66615,14045
2015-12,39239090,其他供輸送或包裝貨物之塑膠製品,日本,出口總值(含復出口),815.0689,101210
2015-12,39239090,其他供輸送或包裝貨物之塑膠製品,比利時,出口總值(含復出口),69.15773,4133
2015-12,39239090,其他供輸送或包裝貨物之塑膠製品,以色列,出口總值(含復出口),17.79479,1566
2015-12,39239090,其他供輸送或包裝貨物之塑膠製品,加拿大,出口總值(含復出口),67.8101,16890
2015-12,39239090,其他供輸送或包裝貨物之塑膠製品,瓜地馬拉,出口總值(含復出口),8.08575,8540
2015-12,39239090,其他供輸送或包裝貨物之塑膠製品,印尼,出口總值(含復出口),68.23889,20297
2015-12,39239090,其他供輸送或包裝貨物之塑膠製品,印度,出口總值(含復出口),4.65543,224
2015-12,39239090,其他供輸送或包裝貨物之塑膠製品,多明尼加,出口總值(含復出口),6.12557,1894
2015-12,39239090,其他供輸送或包裝貨物之塑膠製品,宏都拉斯,出口總值(含復出口),14.85451,6860
2015-12,39239090,其他供輸送或包裝貨物之塑膠製品,希臘,出口總值(含復出口),9.18836,2369
2015-12,39239090,其他供輸送或包裝貨物之塑膠製品,沙烏地阿拉伯,出口總值(含復出口),59.20367,18120
2015-12,39239090,其他供輸送或包裝貨物之塑膠製品,帛琉,出口總值(含復出口),0.09188,160
2015-12,39239090,其他供輸送或包裝貨物之塑膠製品,法國,出口總值(含復出口),76.69218,3421
2015-12,39239090,其他供輸送或包裝貨物之塑膠製品,阿拉伯聯合大公國,出口總值(含復出口),83.21592,30081
2015-12,39239090,其他供輸送或包裝貨物之塑膠製品,俄羅斯,出口總值(含復出口),30.53597,3491
2015-12,39239090,其他供輸送或包裝貨物之塑膠製品,南非,出口總值(含復出口),33.29249,913
2015-12,39239090,其他供輸送或包裝貨物之塑膠製品,南韓,出口總值(含復出口),292.1899,108794
2015-12,39239090,其他供輸送或包裝貨物之塑膠製品,柬埔寨,出口總值(含復出口),2.78713,417
2015-12,39239090,其他供輸送或包裝貨物之塑膠製品,突尼西亞,出口總值(含復出口),4.31852,888
2015-12,39239090,其他供輸送或包裝貨物之塑膠製品,美國,出口總值(含復出口),1277.397,412847
2015-12,39239090,其他供輸送或包裝貨物之塑膠製品,英國,出口總值(含復出口),111.3017,12838
2015-12,39239090,其他供輸送或包裝貨物之塑膠製品,香港,出口總值(含復出口),347.2282,164043
2015-12,39239090,其他供輸送或包裝貨物之塑膠製品,哥斯大黎加,出口總值(含復出口),12.3124,4978
2015-12,39239090,其他供輸送或包裝貨物之塑膠製品,泰國,出口總值(含復出口),59.23428,13189
2015-12,39239090,其他供輸送或包裝貨物之塑膠製品,秘魯,出口總值(含復出口),19.26493,4510
2015-12,39239090,其他供輸送或包裝貨物之塑膠製品,紐西蘭,出口總值(含復出口),13.56814,185
2015-12,39239090,其他供輸送或包裝貨物之塑膠製品,馬來西亞,出口總值(含復出口),142.2052,30096
2015-12,39239090,其他供輸送或包裝貨物之塑膠製品,馬紹爾群島,出口總值(含復出口),0.18376,4
2015-12,39239090,其他供輸送或包裝貨物之塑膠製品,莫三比克,出口總值(含復出口),2.29709,960
2015-12,39239090,其他供輸送或包裝貨物之塑膠製品,荷蘭,出口總值(含復出口),65.02296,6619
2015-12,39239090,其他供輸送或包裝貨物之塑膠製品,斯里蘭卡,出口總值(含復出口),19.96937,15169
2015-12,39239090,其他供輸送或包裝貨物之塑膠製品,菲律賓,出口總值(含復出口),57.39662,11965
2015-12,39239090,其他供輸送或包裝貨物之塑膠製品,越南,出口總值(含復出口),89.83154,37719
2015-12,39239090,其他供輸送或包裝貨物之塑膠製品,奧地利,出口總值(含復出口),2.78713,356
2015-12,39239090,其他供輸送或包裝貨物之塑膠製品,愛爾蘭,出口總值(含復出口),43.92036,12412
2015-12,39239090,其他供輸送或包裝貨物之塑膠製品,新加坡,出口總值(含復出口),82.51148,26218
2015-12,39239090,其他供輸送或包裝貨物之塑膠製品,瑞士,出口總值(含復出口),46.55436,1560
2015-12,39239090,其他供輸送或包裝貨物之塑膠製品,瑞典,出口總值(含復出口),7.38131,1540
2015-12,39239090,其他供輸送或包裝貨物之塑膠製品,義大利,出口總值(含復出口),97.94793,6103
2015-12,39239090,其他供輸送或包裝貨物之塑膠製品,德國,出口總值(含復出口),80.36753,16731
2015-12,39239090,其他供輸送或包裝貨物之塑膠製品,模里西斯,出口總值(含復出口),17.76416,1128
2015-12,39239090,其他供輸送或包裝貨物之塑膠製品,緬甸,出口總值(含復出口),4.53292,543
2015-12,39239090,其他供輸送或包裝貨物之塑膠製品,墨西哥,出口總值(含復出口),22.02143,5507
2015-12,39239090,其他供輸送或包裝貨物之塑膠製品,澳大利亞,出口總值(含復出口),82.81775,17084
2015-12,39239090,其他供輸送或包裝貨物之塑膠製品,澳門,出口總值(含復出口),1.8683,335
2015-12,39239090,其他供輸送或包裝貨物之塑膠製品,賽普勒斯,出口總值(含復出口),2.90964,634
2015-12,39239090,其他供輸送或包裝貨物之塑膠製品,關島,出口總值(含復出口),5.08422,1980
2015-12,39269012,電氣絕緣用塑膠製品,中國大陸,進口總值(含復進口),22.29709,1507
2015-12,39269012,電氣絕緣用塑膠製品,中華民國,進口總值(含復進口),0.03062,1
2015-12,39269012,電氣絕緣用塑膠製品,丹麥,進口總值(含復進口),1.56202,42
2015-12,39269012,電氣絕緣用塑膠製品,日本,進口總值(含復進口),156.8147,765
2015-12,39269012,電氣絕緣用塑膠製品,匈牙利,進口總值(含復進口),0.21439,1
2015-12,39269012,電氣絕緣用塑膠製品,印度,進口總值(含復進口),1.68453,106
2015-12,39269012,電氣絕緣用塑膠製品,法國,進口總值(含復進口),0.03062,1
2015-12,39269012,電氣絕緣用塑膠製品,美國,進口總值(含復進口),5.11485,51
2015-12,39269012,電氣絕緣用塑膠製品,菲律賓,進口總值(含復進口),1.77641,81
2015-12,39269012,電氣絕緣用塑膠製品,越南,進口總值(含復進口),11.05666,4123
2015-12,39269012,電氣絕緣用塑膠製品,新加坡,進口總值(含復進口),0.06125,0
2015-12,39269012,電氣絕緣用塑膠製品,墨西哥,進口總值(含復進口),0.5513,6
2015-12,39269012,電氣絕緣用塑膠製品,中國大陸,出口總值(含復出口),263.9816,37441
2015-12,39269012,電氣絕緣用塑膠製品,厄瓜多,出口總值(含復出口),10.93415,547
2015-12,39269012,電氣絕緣用塑膠製品,巴西,出口總值(含復出口),3.06278,52
2015-12,39269012,電氣絕緣用塑膠製品,巴拿馬,出口總值(含復出口),10.68912,1028
2015-12,39269012,電氣絕緣用塑膠製品,比利時,出口總值(含復出口),3.36906,751
2015-12,39269012,電氣絕緣用塑膠製品,加拿大,出口總值(含復出口),204.441,53007
2015-12,39269012,電氣絕緣用塑膠製品,北馬里亞納群島,出口總值(含復出口),0.15313,31
2015-12,39269012,電氣絕緣用塑膠製品,印尼,出口總值(含復出口),28.51454,1399
2015-12,39269012,電氣絕緣用塑膠製品,印度,出口總值(含復出口),57.73353,23343
2015-12,39269012,電氣絕緣用塑膠製品,沙烏地阿拉伯,出口總值(含復出口),64.65543,17990
2015-12,39269012,電氣絕緣用塑膠製品,孟加拉,出口總值(含復出口),55.13016,24360
2015-12,39269012,電氣絕緣用塑膠製品,法國,出口總值(含復出口),13.59877,4059
2015-12,39269012,電氣絕緣用塑膠製品,阿拉伯聯合大公國,出口總值(含復出口),37.94793,13967
2015-12,39269012,電氣絕緣用塑膠製品,俄羅斯,出口總值(含復出口),47.90199,15562
2015-12,39269012,電氣絕緣用塑膠製品,南非,出口總值(含復出口),3.98162,2743
2015-12,39269012,電氣絕緣用塑膠製品,南韓,出口總值(含復出口),550.4747,190636
2015-12,39269012,電氣絕緣用塑膠製品,柬埔寨,出口總值(含復出口),31.94486,7710
2015-12,39269012,電氣絕緣用塑膠製品,科威特,出口總值(含復出口),2.87901,439
2015-12,39269012,電氣絕緣用塑膠製品,約旦,出口總值(含復出口),68.5758,24320
2015-12,39269012,電氣絕緣用塑膠製品,美國,出口總值(含復出口),208.8515,37335
2015-12,39269012,電氣絕緣用塑膠製品,香港,出口總值(含復出口),83.46094,1446
2015-12,39269012,電氣絕緣用塑膠製品,哥倫比亞,出口總值(含復出口),82.94027,36392
2015-12,39269012,電氣絕緣用塑膠製品,泰國,出口總值(含復出口),6.06431,747
2015-12,39269012,電氣絕緣用塑膠製品,馬來西亞,出口總值(含復出口),25.84992,2396
2015-12,39269012,電氣絕緣用塑膠製品,捷克,出口總值(含復出口),0.64318,6
2015-12,39269012,電氣絕緣用塑膠製品,敘利亞,出口總值(含復出口),69.95405,22800
2015-12,39269012,電氣絕緣用塑膠製品,智利,出口總值(含復出口),4.93108,572
2015-12,39269012,電氣絕緣用塑膠製品,菲律賓,出口總值(含復出口),22.72588,12366
2015-12,39269012,電氣絕緣用塑膠製品,越南,出口總值(含復出口),28.3614,678
2015-12,39269012,電氣絕緣用塑膠製品,新加坡,出口總值(含復出口),3.06278,376
2015-12,39269012,電氣絕緣用塑膠製品,瑞士,出口總值(含復出口),8.79019,1942
2015-12,39269012,電氣絕緣用塑膠製品,瑞典,出口總值(含復出口),0.15313,27
2015-12,39269012,電氣絕緣用塑膠製品,義大利,出口總值(含復出口),164.196,37287
2015-12,39269012,電氣絕緣用塑膠製品,德國,出口總值(含復出口),33.6294,6730
2015-12,39269012,電氣絕緣用塑膠製品,模里西斯,出口總值(含復出口),4.50229,1265
2015-12,39269012,電氣絕緣用塑膠製品,墨西哥,出口總值(含復出口),75.06891,14776
2015-12,39269012,電氣絕緣用塑膠製品,澳大利亞,出口總值(含復出口),3.15467,765
2015-1,39201010,聚乙烯塑膠板、片及扁條,中國大陸,進口總值(含復進口),243.47279,116520
2015-1,39201010,聚乙烯塑膠板、片及扁條,中華民國,進口總值(含復進口),0.03145,125
2015-1,39201010,聚乙烯塑膠板、片及扁條,日本,進口總值(含復進口),161.05693,20973
2015-1,39201010,聚乙烯塑膠板、片及扁條,加拿大,進口總值(含復進口),4.52972,904
2015-1,39201010,聚乙烯塑膠板、片及扁條,印度,進口總值(含復進口),2.54797,628
2015-1,39201010,聚乙烯塑膠板、片及扁條,西班牙,進口總值(含復進口),62.22082,67895
2015-1,39201010,聚乙烯塑膠板、片及扁條,南韓,進口總值(含復進口),33.21799,1533
2015-1,39201010,聚乙烯塑膠板、片及扁條,美國,進口總值(含復進口),2039.8553,21714
2015-1,39201010,聚乙烯塑膠板、片及扁條,英國,進口總值(含復進口),0.47184,3
2015-1,39201010,聚乙烯塑膠板、片及扁條,泰國,進口總值(含復進口),21.39037,4138
2015-1,39201010,聚乙烯塑膠板、片及扁條,馬來西亞,進口總值(含復進口),35.86033,7699
2015-1,39201010,聚乙烯塑膠板、片及扁條,荷蘭,進口總值(含復進口),11.70179,3089
2015-1,39201010,聚乙烯塑膠板、片及扁條,越南,進口總值(含復進口),1.13243,63
2015-1,39201010,聚乙烯塑膠板、片及扁條,奧地利,進口總值(含復進口),3.93205,540
2015-1,39201010,聚乙烯塑膠板、片及扁條,義大利,進口總值(含復進口),14.65869,4010
2015-1,39201010,聚乙烯塑膠板、片及扁條,德國,進口總值(含復進口),160.11324,39849
2015-1,39201010,聚乙烯塑膠板、片及扁條,中國大陸,出口總值(含復出口),405.50487,90652
2015-1,39201010,聚乙烯塑膠板、片及扁條,巴拿馬,出口總值(含復出口),4.84429,1807
2015-1,39201010,聚乙烯塑膠板、片及扁條,巴基斯坦,出口總值(含復出口),7.26643,7480
2015-1,39201010,聚乙烯塑膠板、片及扁條,日本,出口總值(含復出口),267.09656,104663
2015-1,39201010,聚乙烯塑膠板、片及扁條,印尼,出口總值(含復出口),19.31424,8720
2015-1,39201010,聚乙烯塑膠板、片及扁條,沙烏地阿拉伯,出口總值(含復出口),6.6373,2807
2015-1,39201010,聚乙烯塑膠板、片及扁條,波蘭,出口總值(含復出口),12.23655,68
2015-1,39201010,聚乙烯塑膠板、片及扁條,俄羅斯,出口總值(含復出口),2.26486,122
2015-1,39201010,聚乙烯塑膠板、片及扁條,南韓,出口總值(含復出口),13.46335,1463
2015-1,39201010,聚乙烯塑膠板、片及扁條,柬埔寨,出口總值(含復出口),16.29443,9653
2015-1,39201010,聚乙烯塑膠板、片及扁條,美國,出口總值(含復出口),76.50204,16800
2015-1,39201010,聚乙烯塑膠板、片及扁條,英國,出口總值(含復出口),1.54136,27
2015-1,39201010,聚乙烯塑膠板、片及扁條,香港,出口總值(含復出口),203.71185,93949
2015-1,39201010,聚乙烯塑膠板、片及扁條,埃及,出口總值(含復出口),14.18685,4219
2015-1,39201010,聚乙烯塑膠板、片及扁條,泰國,出口總值(含復出口),190.15413,38756
2015-1,39201010,聚乙烯塑膠板、片及扁條,馬來西亞,出口總值(含復出口),15.60239,6114
2015-1,39201010,聚乙烯塑膠板、片及扁條,捷克,出口總值(含復出口),0.09436,4
2015-1,39201010,聚乙烯塑膠板、片及扁條,斯里蘭卡,出口總值(含復出口),2.61088,1512
2015-1,39201010,聚乙烯塑膠板、片及扁條,智利,出口總值(含復出口),1.95029,2000
2015-1,39201010,聚乙烯塑膠板、片及扁條,菲律賓,出口總值(含復出口),132.24284,68142
2015-1,39201010,聚乙烯塑膠板、片及扁條,越南,出口總值(含復出口),76.43913,28121
2015-1,39201010,聚乙烯塑膠板、片及扁條,新加坡,出口總值(含復出口),10.19188,3327
2015-1,39201010,聚乙烯塑膠板、片及扁條,澳大利亞,出口總值(含復出口),2.20195,61
2015-1,39202021,電容器用金屬化聚丙烯薄膜，留有未鍍邊，總寬度不超過１００公厘，總厚度在０．０１５公厘以上，０．０２５公厘以下者,中國大陸,出口總值(含復出口),108.61906,49863
2015-1,39202021,電容器用金屬化聚丙烯薄膜，留有未鍍邊，總寬度不超過１００公厘，總厚度在０．０１５公厘以上，０．０２５公厘以下者,香港,出口總值(含復出口),32.68323,13651
2015-1,39202021,電容器用金屬化聚丙烯薄膜，留有未鍍邊，總寬度不超過１００公厘，總厚度在０．０１５公厘以上，０．０２５公厘以下者,菲律賓,出口總值(含復出口),18.40201,7350
2015-1,39202021,電容器用金屬化聚丙烯薄膜，留有未鍍邊，總寬度不超過１００公厘，總厚度在０．０１５公厘以上，０．０２５公厘以下者,越南,出口總值(含復出口),9.43692,4200
2015-1,39202021,電容器用金屬化聚丙烯薄膜，留有未鍍邊，總寬度不超過１００公厘，總厚度在０．０１５公厘以上，０．０２５公厘以下者,新加坡,出口總值(含復出口),0.03145,0
2015-1,39205110,聚甲基丙烯酸甲酯板、片及扁條,中國大陸,進口總值(含復進口),678.79836,48831
2015-1,39205110,聚甲基丙烯酸甲酯板、片及扁條,日本,進口總值(含復進口),865.11481,159159
2015-1,39205110,聚甲基丙烯酸甲酯板、片及扁條,南韓,進口總值(含復進口),1077.66593,454386
2015-1,39205110,聚甲基丙烯酸甲酯板、片及扁條,越南,進口總值(含復進口),6.82604,3508
2015-1,39205110,聚甲基丙烯酸甲酯板、片及扁條,新加坡,進口總值(含復進口),3.93205,9803
2015-1,39205110,聚甲基丙烯酸甲酯板、片及扁條,瑞士,進口總值(含復進口),0.09436,3
2015-1,39205110,聚甲基丙烯酸甲酯板、片及扁條,德國,進口總值(含復進口),6.48002,840
2015-1,39205110,聚甲基丙烯酸甲酯板、片及扁條,中國大陸,出口總值(含復出口),19071.9094,5513254
2015-1,39205110,聚甲基丙烯酸甲酯板、片及扁條,日本,出口總值(含復出口),101.5099,22931
2015-1,39205110,聚甲基丙烯酸甲酯板、片及扁條,加拿大,出口總值(含復出口),84.64926,23530
2015-1,39205110,聚甲基丙烯酸甲酯板、片及扁條,伊朗,出口總值(含復出口),575.18087,179832
2015-1,39205110,聚甲基丙烯酸甲酯板、片及扁條,印度,出口總值(含復出口),63.54199,36320
2015-1,39205110,聚甲基丙烯酸甲酯板、片及扁條,沙烏地阿拉伯,出口總值(含復出口),358.57187,114432
2015-1,39205110,聚甲基丙烯酸甲酯板、片及扁條,汶萊,出口總值(含復出口),23.84397,6284
2015-1,39205110,聚甲基丙烯酸甲酯板、片及扁條,阿拉伯聯合大公國,出口總值(含復出口),920.91852,300411
2015-1,39205110,聚甲基丙烯酸甲酯板、片及扁條,阿曼,出口總值(含復出口),121.39037,36123
2015-1,39205110,聚甲基丙烯酸甲酯板、片及扁條,南非,出口總值(含復出口),19.15696,3852
2015-1,39205110,聚甲基丙烯酸甲酯板、片及扁條,南韓,出口總值(含復出口),756.30701,205976
2015-1,39205110,聚甲基丙烯酸甲酯板、片及扁條,美國,出口總值(含復出口),1303.39729,382840
2015-1,39205110,聚甲基丙烯酸甲酯板、片及扁條,香港,出口總值(含復出口),520.63541,159666
2015-1,39205110,聚甲基丙烯酸甲酯板、片及扁條,哥斯大黎加,出口總值(含復出口),10.00314,2455
2015-1,39205110,聚甲基丙烯酸甲酯板、片及扁條,泰國,出口總值(含復出口),0.03145,5
2015-1,39205110,聚甲基丙烯酸甲酯板、片及扁條,秘魯,出口總值(含復出口),53.82195,17780
2015-1,39205110,聚甲基丙烯酸甲酯板、片及扁條,馬來西亞,出口總值(含復出口),128.53098,35552
2015-1,39205110,聚甲基丙烯酸甲酯板、片及扁條,敘利亞,出口總值(含復出口),46.99591,16646
2015-1,39205110,聚甲基丙烯酸甲酯板、片及扁條,荷蘭,出口總值(含復出口),4.71846,528
2015-1,39205110,聚甲基丙烯酸甲酯板、片及扁條,斯洛維尼亞,出口總值(含復出口),1009.49984,280936
2015-1,39205110,聚甲基丙烯酸甲酯板、片及扁條,菲律賓,出口總值(含復出口),55.26895,17509
2015-1,39205110,聚甲基丙烯酸甲酯板、片及扁條,越南,出口總值(含復出口),1.28971,248
2015-1,39205110,聚甲基丙烯酸甲酯板、片及扁條,新加坡,出口總值(含復出口),168.63793,55929
2015-1,39205110,聚甲基丙烯酸甲酯板、片及扁條,黎巴嫩,出口總值(含復出口),99.68543,31419
2015-1,39205110,聚甲基丙烯酸甲酯板、片及扁條,墨西哥,出口總值(含復出口),58.00566,18535
2015-1,39205110,聚甲基丙烯酸甲酯板、片及扁條,賽普勒斯,出口總值(含復出口),32.40012,9116
2015-1,39206210,聚對苯二甲酸乙二酯製板、片及扁條,中國大陸,進口總值(含復進口),284.24032,92380
2015-1,39206210,聚對苯二甲酸乙二酯製板、片及扁條,中華民國,進口總值(含復進口),19.75463,6867
2015-1,39206210,聚對苯二甲酸乙二酯製板、片及扁條,日本,進口總值(含復進口),167.12802,4628
2015-1,39206210,聚對苯二甲酸乙二酯製板、片及扁條,印度,進口總值(含復進口),10.47499,4883
2015-1,39206210,聚對苯二甲酸乙二酯製板、片及扁條,南韓,進口總值(含復進口),729.94652,150213
2015-1,39206210,聚對苯二甲酸乙二酯製板、片及扁條,美國,進口總值(含復進口),133.15508,17078
2015-1,39206210,聚對苯二甲酸乙二酯製板、片及扁條,英國,進口總值(含復進口),6.48002,983
2015-1,39206210,聚對苯二甲酸乙二酯製板、片及扁條,泰國,進口總值(含復進口),32.7776,19116
2015-1,39206210,聚對苯二甲酸乙二酯製板、片及扁條,新加坡,進口總值(含復進口),205.53633,13256
2015-1,39206210,聚對苯二甲酸乙二酯製板、片及扁條,義大利,進口總值(含復進口),26.36049,10985
2015-1,39206210,聚對苯二甲酸乙二酯製板、片及扁條,中國大陸,出口總值(含復出口),19652.21766,2461508
2015-1,39206210,聚對苯二甲酸乙二酯製板、片及扁條,日本,出口總值(含復出口),2146.87008,463212
2015-1,39206210,聚對苯二甲酸乙二酯製板、片及扁條,加拿大,出口總值(含復出口),107.10915,78223
2015-1,39206210,聚對苯二甲酸乙二酯製板、片及扁條,印度,出口總值(含復出口),405.50487,71409
2015-1,39206210,聚對苯二甲酸乙二酯製板、片及扁條,多明尼加,出口總值(含復出口),24.9764,16250
2015-1,39206210,聚對苯二甲酸乙二酯製板、片及扁條,阿曼,出口總值(含復出口),31.45643,20992
2015-1,39206210,聚對苯二甲酸乙二酯製板、片及扁條,南韓,出口總值(含復出口),291.56967,39252
2015-1,39206210,聚對苯二甲酸乙二酯製板、片及扁條,美國,出口總值(含復出口),490.53161,282207
2015-1,39206210,聚對苯二甲酸乙二酯製板、片及扁條,香港,出口總值(含復出口),1715.35073,211539
2015-1,39206210,聚對苯二甲酸乙二酯製板、片及扁條,泰國,出口總值(含復出口),130.51273,69898
2015-1,39206210,聚對苯二甲酸乙二酯製板、片及扁條,紐西蘭,出口總值(含復出口),218.46492,149381
2015-1,39206210,聚對苯二甲酸乙二酯製板、片及扁條,馬來西亞,出口總值(含復出口),361.24567,157672
2015-1,39206210,聚對苯二甲酸乙二酯製板、片及扁條,荷蘭,出口總值(含復出口),2.17049,113
2015-1,39206210,聚對苯二甲酸乙二酯製板、片及扁條,斯里蘭卡,出口總值(含復出口),3.90059,2500
2015-1,39206210,聚對苯二甲酸乙二酯製板、片及扁條,越南,出口總值(含復出口),130.70147,95432
2015-1,39206210,聚對苯二甲酸乙二酯製板、片及扁條,新加坡,出口總值(含復出口),96.28814,36785
2015-1,39206210,聚對苯二甲酸乙二酯製板、片及扁條,墨西哥,出口總值(含復出口),46.33532,29000
2015-1,39206210,聚對苯二甲酸乙二酯製板、片及扁條,澳大利亞,出口總值(含復出口),178.67253,61844
2015-1,39209991,其他塑膠板、片及扁條，非多孔性及未經以其他物質加強、積層、支持或與其他物質類似結合者,中國大陸,進口總值(含復進口),68.32337,5983
2015-1,39209991,其他塑膠板、片及扁條，非多孔性及未經以其他物質加強、積層、支持或與其他物質類似結合者,中華民國,進口總值(含復進口),0.81786,10
2015-1,39209991,其他塑膠板、片及扁條，非多孔性及未經以其他物質加強、積層、支持或與其他物質類似結合者,日本,進口總值(含復進口),380.37118,50486
2015-1,39209991,其他塑膠板、片及扁條，非多孔性及未經以其他物質加強、積層、支持或與其他物質類似結合者,西班牙,進口總值(含復進口),51.80874,50840
2015-1,39209991,其他塑膠板、片及扁條，非多孔性及未經以其他物質加強、積層、支持或與其他物質類似結合者,南韓,進口總值(含復進口),575.14941,124611
2015-1,39209991,其他塑膠板、片及扁條，非多孔性及未經以其他物質加強、積層、支持或與其他物質類似結合者,美國,進口總值(含復進口),122.93173,1236
2015-1,39209991,其他塑膠板、片及扁條，非多孔性及未經以其他物質加強、積層、支持或與其他物質類似結合者,馬來西亞,進口總值(含復進口),169.4558,46817
2015-1,39209991,其他塑膠板、片及扁條，非多孔性及未經以其他物質加強、積層、支持或與其他物質類似結合者,新加坡,進口總值(含復進口),3.01981,100
2015-1,39209991,其他塑膠板、片及扁條，非多孔性及未經以其他物質加強、積層、支持或與其他物質類似結合者,中國大陸,出口總值(含復出口),2857.94274,357127
2015-1,39209991,其他塑膠板、片及扁條，非多孔性及未經以其他物質加強、積層、支持或與其他物質類似結合者,日本,出口總值(含復出口),330.63856,76122
2015-1,39209991,其他塑膠板、片及扁條，非多孔性及未經以其他物質加強、積層、支持或與其他物質類似結合者,比利時,出口總值(含復出口),0.75495,12
2015-1,39209991,其他塑膠板、片及扁條，非多孔性及未經以其他物質加強、積層、支持或與其他物質類似結合者,加拿大,出口總值(含復出口),94.43221,33144
2015-1,39209991,其他塑膠板、片及扁條，非多孔性及未經以其他物質加強、積層、支持或與其他物質類似結合者,印度,出口總值(含復出口),1.5099,42
2015-1,39209991,其他塑膠板、片及扁條，非多孔性及未經以其他物質加強、積層、支持或與其他物質類似結合者,沙烏地阿拉伯,出口總值(含復出口),167.06511,33549
2015-1,39209991,其他塑膠板、片及扁條，非多孔性及未經以其他物質加強、積層、支持或與其他物質類似結合者,南韓,出口總值(含復出口),0.22019,63
2015-1,39209991,其他塑膠板、片及扁條，非多孔性及未經以其他物質加強、積層、支持或與其他物質類似結合者,科威特,出口總值(含復出口),68.0088,17833
2015-1,39209991,其他塑膠板、片及扁條，非多孔性及未經以其他物質加強、積層、支持或與其他物質類似結合者,美國,出口總值(含復出口),2.10758,52
2015-1,39209991,其他塑膠板、片及扁條，非多孔性及未經以其他物質加強、積層、支持或與其他物質類似結合者,英國,出口總值(含復出口),6.95187,191
2015-1,39209991,其他塑膠板、片及扁條，非多孔性及未經以其他物質加強、積層、支持或與其他物質類似結合者,香港,出口總值(含復出口),25.76281,2539
2015-1,39209991,其他塑膠板、片及扁條，非多孔性及未經以其他物質加強、積層、支持或與其他物質類似結合者,泰國,出口總值(含復出口),37.24441,11332
2015-1,39209991,其他塑膠板、片及扁條，非多孔性及未經以其他物質加強、積層、支持或與其他物質類似結合者,馬來西亞,出口總值(含復出口),8.83925,2987
2015-1,39209991,其他塑膠板、片及扁條，非多孔性及未經以其他物質加強、積層、支持或與其他物質類似結合者,越南,出口總值(含復出口),0.56621,100
2015-1,39209991,其他塑膠板、片及扁條，非多孔性及未經以其他物質加強、積層、支持或與其他物質類似結合者,新加坡,出口總值(含復出口),1.95029,502
2015-1,39209991,其他塑膠板、片及扁條，非多孔性及未經以其他物質加強、積層、支持或與其他物質類似結合者,瑞典,出口總值(含復出口),0.15728,4
2015-1,39209991,其他塑膠板、片及扁條，非多孔性及未經以其他物質加強、積層、支持或與其他物質類似結合者,德國,出口總值(含復出口),9.49984,1395
2015-1,39209991,其他塑膠板、片及扁條，非多孔性及未經以其他物質加強、積層、支持或與其他物質類似結合者,澳大利亞,出口總值(含復出口),2.10758,35
2015-1,39209991,其他塑膠板、片及扁條，非多孔性及未經以其他物質加強、積層、支持或與其他物質類似結合者,關島,出口總值(含復出口),0.66058,37
2015-2,39201010,聚乙烯塑膠板、片及扁條,中國大陸,進口總值(含復進口),159.14012,67913
2015-2,39201010,聚乙烯塑膠板、片及扁條,中華民國,進口總值(含復進口),0.03184,125
2015-2,39201010,聚乙烯塑膠板、片及扁條,日本,進口總值(含復進口),161.94267,16243
2015-2,39201010,聚乙烯塑膠板、片及扁條,加拿大,進口總值(含復進口),2.26114,506
2015-2,39201010,聚乙烯塑膠板、片及扁條,印度,進口總值(含復進口),1.94267,471
2015-2,39201010,聚乙烯塑膠板、片及扁條,南韓,進口總值(含復進口),47.1656,1907
2015-2,39201010,聚乙烯塑膠板、片及扁條,美國,進口總值(含復進口),1873.37579,14885
2015-2,39201010,聚乙烯塑膠板、片及扁條,泰國,進口總值(含復進口),5,844
2015-2,39201010,聚乙烯塑膠板、片及扁條,馬來西亞,進口總值(含復進口),6.33757,1590
2015-2,39201010,聚乙烯塑膠板、片及扁條,荷蘭,進口總值(含復進口),7.22929,2113
2015-2,39201010,聚乙烯塑膠板、片及扁條,新加坡,進口總值(含復進口),2.86624,1396
2015-2,39201010,聚乙烯塑膠板、片及扁條,德國,進口總值(含復進口),16.11464,1187
2015-2,39201010,聚乙烯塑膠板、片及扁條,墨西哥,進口總值(含復進口),0.19108,18
2015-2,39201010,聚乙烯塑膠板、片及扁條,中國大陸,出口總值(含復出口),163.18471,32560
2015-2,39201010,聚乙烯塑膠板、片及扁條,巴基斯坦,出口總值(含復出口),7.83439,4232
2015-2,39201010,聚乙烯塑膠板、片及扁條,日本,出口總值(含復出口),90.5414,11947
2015-2,39201010,聚乙烯塑膠板、片及扁條,加拿大,出口總值(含復出口),48.59872,6039
2015-2,39201010,聚乙烯塑膠板、片及扁條,匈牙利,出口總值(含復出口),0.06369,1
2015-2,39201010,聚乙烯塑膠板、片及扁條,印尼,出口總值(含復出口),60.44585,18819
2015-2,39201010,聚乙烯塑膠板、片及扁條,西班牙,出口總值(含復出口),0.12738,3
2015-2,39201010,聚乙烯塑膠板、片及扁條,孟加拉,出口總值(含復出口),0.06369,124
2015-2,39201010,聚乙烯塑膠板、片及扁條,阿拉伯聯合大公國,出口總值(含復出口),72.07006,28668
2015-2,39201010,聚乙烯塑膠板、片及扁條,南韓,出口總值(含復出口),31.33757,2450
2015-2,39201010,聚乙烯塑膠板、片及扁條,柬埔寨,出口總值(含復出口),13.66242,6296
2015-2,39201010,聚乙烯塑膠板、片及扁條,美國,出口總值(含復出口),40.15923,5915
2015-2,39201010,聚乙烯塑膠板、片及扁條,香港,出口總值(含復出口),154.45859,67136
2015-2,39201010,聚乙烯塑膠板、片及扁條,埃及,出口總值(含復出口),8.59872,2035
2015-2,39201010,聚乙烯塑膠板、片及扁條,泰國,出口總值(含復出口),265.50955,51797
2015-2,39201010,聚乙烯塑膠板、片及扁條,紐西蘭,出口總值(含復出口),5.44585,792
2015-2,39201010,聚乙烯塑膠板、片及扁條,馬來西亞,出口總值(含復出口),49.33121,9038
2015-2,39201010,聚乙烯塑膠板、片及扁條,智利,出口總值(含復出口),0.31847,157
2015-2,39201010,聚乙烯塑膠板、片及扁條,菲律賓,出口總值(含復出口),101.78343,67277
2015-2,39201010,聚乙烯塑膠板、片及扁條,越南,出口總值(含復出口),41.68789,13880
2015-2,39201010,聚乙烯塑膠板、片及扁條,新加坡,出口總值(含復出口),32.73885,14099
2015-2,39201010,聚乙烯塑膠板、片及扁條,德國,出口總值(含復出口),0.06369,2
2015-2,39201010,聚乙烯塑膠板、片及扁條,澳大利亞,出口總值(含復出口),7.22929,3840
2015-2,39202021,電容器用金屬化聚丙烯薄膜，留有未鍍邊，總寬度不超過１００公厘，總厚度在０．０１５公厘以上，０．０２５公厘以下者,中國大陸,出口總值(含復出口),24.90445,11770
2015-2,39202021,電容器用金屬化聚丙烯薄膜，留有未鍍邊，總寬度不超過１００公厘，總厚度在０．０１５公厘以上，０．０２５公厘以下者,加拿大,出口總值(含復出口),6.84713,240
2015-2,39202021,電容器用金屬化聚丙烯薄膜，留有未鍍邊，總寬度不超過１００公厘，總厚度在０．０１５公厘以上，０．０２５公厘以下者,越南,出口總值(含復出口),9.07643,3840
2015-2,39205110,聚甲基丙烯酸甲酯板、片及扁條,中國大陸,進口總值(含復進口),447.48407,21440
2015-2,39205110,聚甲基丙烯酸甲酯板、片及扁條,日本,進口總值(含復進口),57.03821,2117
2015-2,39205110,聚甲基丙烯酸甲酯板、片及扁條,南韓,進口總值(含復進口),474.36305,218736
2015-2,39205110,聚甲基丙烯酸甲酯板、片及扁條,美國,進口總值(含復進口),273.8535,51320
2015-2,39205110,聚甲基丙烯酸甲酯板、片及扁條,瑞士,進口總值(含復進口),1.94267,18
2015-2,39205110,聚甲基丙烯酸甲酯板、片及扁條,德國,進口總值(含復進口),3.2484,175
2015-2,39205110,聚甲基丙烯酸甲酯板、片及扁條,中國大陸,出口總值(含復出口),11564.01273,3461213
2015-2,39205110,聚甲基丙烯酸甲酯板、片及扁條,巴西,出口總值(含復出口),93.72611,24457
2015-2,39205110,聚甲基丙烯酸甲酯板、片及扁條,日本,出口總值(含復出口),191.52866,57879
2015-2,39205110,聚甲基丙烯酸甲酯板、片及扁條,伊拉克,出口總值(含復出口),41.05095,13530
2015-2,39205110,聚甲基丙烯酸甲酯板、片及扁條,伊朗,出口總值(含復出口),206.33757,59739
2015-2,39205110,聚甲基丙烯酸甲酯板、片及扁條,印度,出口總值(含復出口),262.64331,92752
2015-2,39205110,聚甲基丙烯酸甲酯板、片及扁條,沙烏地阿拉伯,出口總值(含復出口),260.09554,81405
2015-2,39205110,聚甲基丙烯酸甲酯板、片及扁條,阿拉伯聯合大公國,出口總值(含復出口),987.7707,314579
2015-2,39205110,聚甲基丙烯酸甲酯板、片及扁條,阿曼,出口總值(含復出口),49.17197,16186
2015-2,39205110,聚甲基丙烯酸甲酯板、片及扁條,南非,出口總值(含復出口),8.53503,1542
2015-2,39205110,聚甲基丙烯酸甲酯板、片及扁條,南韓,出口總值(含復出口),723.18471,202262
2015-2,39205110,聚甲基丙烯酸甲酯板、片及扁條,科威特,出口總值(含復出口),65.60509,19570
2015-2,39205110,聚甲基丙烯酸甲酯板、片及扁條,美國,出口總值(含復出口),879.42675,246489
2015-2,39205110,聚甲基丙烯酸甲酯板、片及扁條,香港,出口總值(含復出口),198.63057,61869
2015-2,39205110,聚甲基丙烯酸甲酯板、片及扁條,泰國,出口總值(含復出口),0.60509,117
2015-2,39205110,聚甲基丙烯酸甲酯板、片及扁條,秘魯,出口總值(含復出口),6.46496,1915
2015-2,39205110,聚甲基丙烯酸甲酯板、片及扁條,斯里蘭卡,出口總值(含復出口),29.33121,12145
2015-2,39205110,聚甲基丙烯酸甲酯板、片及扁條,斯洛維尼亞,出口總值(含復出口),319.23566,88763
2015-2,39205110,聚甲基丙烯酸甲酯板、片及扁條,菲律賓,出口總值(含復出口),60.41401,18843
2015-2,39205110,聚甲基丙烯酸甲酯板、片及扁條,新加坡,出口總值(含復出口),53.66242,18223
2015-2,39205110,聚甲基丙烯酸甲酯板、片及扁條,德國,出口總值(含復出口),22.32484,3330
2015-2,39205110,聚甲基丙烯酸甲酯板、片及扁條,黎巴嫩,出口總值(含復出口),374.71337,132431
2015-2,39205110,聚甲基丙烯酸甲酯板、片及扁條,澳大利亞,出口總值(含復出口),47.51592,14860
2015-2,39206210,聚對苯二甲酸乙二酯製板、片及扁條,中國大陸,進口總值(含復進口),156.21019,75209
2015-2,39206210,聚對苯二甲酸乙二酯製板、片及扁條,中華民國,進口總值(含復進口),271.75159,35449
2015-2,39206210,聚對苯二甲酸乙二酯製板、片及扁條,日本,進口總值(含復進口),204.87261,17940
2015-2,39206210,聚對苯二甲酸乙二酯製板、片及扁條,南韓,進口總值(含復進口),1033.02547,171177
2015-2,39206210,聚對苯二甲酸乙二酯製板、片及扁條,菲律賓,進口總值(含復進口),0.38216,16
2015-2,39206210,聚對苯二甲酸乙二酯製板、片及扁條,土耳其,出口總值(含復出口),27.80254,7902
2015-2,39206210,聚對苯二甲酸乙二酯製板、片及扁條,中國大陸,出口總值(含復出口),12040.38216,1479638
2015-2,39206210,聚對苯二甲酸乙二酯製板、片及扁條,日本,出口總值(含復出口),1084.14012,467441
2015-2,39206210,聚對苯二甲酸乙二酯製板、片及扁條,加拿大,出口總值(含復出口),5.76433,457
2015-2,39206210,聚對苯二甲酸乙二酯製板、片及扁條,印尼,出口總值(含復出口),15.73248,10200
2015-2,39206210,聚對苯二甲酸乙二酯製板、片及扁條,印度,出口總值(含復出口),402.80254,51900
2015-2,39206210,聚對苯二甲酸乙二酯製板、片及扁條,多明尼加,出口總值(含復出口),0.4777,300
2015-2,39206210,聚對苯二甲酸乙二酯製板、片及扁條,法國,出口總值(含復出口),3.3121,90
2015-2,39206210,聚對苯二甲酸乙二酯製板、片及扁條,阿曼,出口總值(含復出口),33.72611,23220
2015-2,39206210,聚對苯二甲酸乙二酯製板、片及扁條,南韓,出口總值(含復出口),265.79617,37863
2015-2,39206210,聚對苯二甲酸乙二酯製板、片及扁條,美國,出口總值(含復出口),488.05732,290906
2015-2,39206210,聚對苯二甲酸乙二酯製板、片及扁條,香港,出口總值(含復出口),1016.6242,141559
2015-2,39206210,聚對苯二甲酸乙二酯製板、片及扁條,泰國,出口總值(含復出口),141.36942,70725
2015-2,39206210,聚對苯二甲酸乙二酯製板、片及扁條,紐西蘭,出口總值(含復出口),77.61146,55560
2015-2,39206210,聚對苯二甲酸乙二酯製板、片及扁條,馬來西亞,出口總值(含復出口),267.86624,118117
2015-2,39206210,聚對苯二甲酸乙二酯製板、片及扁條,斯里蘭卡,出口總值(含復出口),17.07006,11000
2015-2,39206210,聚對苯二甲酸乙二酯製板、片及扁條,菲律賓,出口總值(含復出口),10.95541,236
2015-2,39206210,聚對苯二甲酸乙二酯製板、片及扁條,越南,出口總值(含復出口),21.36942,16310
2015-2,39206210,聚對苯二甲酸乙二酯製板、片及扁條,新加坡,出口總值(含復出口),21.71974,482
2015-2,39206210,聚對苯二甲酸乙二酯製板、片及扁條,墨西哥,出口總值(含復出口),49.07643,32640
2015-2,39206210,聚對苯二甲酸乙二酯製板、片及扁條,澳大利亞,出口總值(含復出口),90.60509,58071
2015-2,39209991,其他塑膠板、片及扁條，非多孔性及未經以其他物質加強、積層、支持或與其他物質類似結合者,中國大陸,進口總值(含復進口),136.75159,27404
2015-2,39209991,其他塑膠板、片及扁條，非多孔性及未經以其他物質加強、積層、支持或與其他物質類似結合者,日本,進口總值(含復進口),225.19108,23312
2015-2,39209991,其他塑膠板、片及扁條，非多孔性及未經以其他物質加強、積層、支持或與其他物質類似結合者,南韓,進口總值(含復進口),291.43312,58583
2015-2,39209991,其他塑膠板、片及扁條，非多孔性及未經以其他物質加強、積層、支持或與其他物質類似結合者,美國,進口總值(含復進口),42.35668,775
2015-2,39209991,其他塑膠板、片及扁條，非多孔性及未經以其他物質加強、積層、支持或與其他物質類似結合者,馬來西亞,進口總值(含復進口),199.9363,55782
2015-2,39209991,其他塑膠板、片及扁條，非多孔性及未經以其他物質加強、積層、支持或與其他物質類似結合者,新加坡,進口總值(含復進口),0.03184,0
2015-2,39209991,其他塑膠板、片及扁條，非多孔性及未經以其他物質加強、積層、支持或與其他物質類似結合者,義大利,進口總值(含復進口),3.34394,300
2015-2,39209991,其他塑膠板、片及扁條，非多孔性及未經以其他物質加強、積層、支持或與其他物質類似結合者,德國,進口總值(含復進口),4.42675,188
2015-2,39209991,其他塑膠板、片及扁條，非多孔性及未經以其他物質加強、積層、支持或與其他物質類似結合者,中國大陸,出口總值(含復出口),1733.47132,251195
2015-2,39209991,其他塑膠板、片及扁條，非多孔性及未經以其他物質加強、積層、支持或與其他物質類似結合者,厄瓜多,出口總值(含復出口),13.47133,5929
2015-2,39209991,其他塑膠板、片及扁條，非多孔性及未經以其他物質加強、積層、支持或與其他物質類似結合者,日本,出口總值(含復出口),135.98726,14262
2015-2,39209991,其他塑膠板、片及扁條，非多孔性及未經以其他物質加強、積層、支持或與其他物質類似結合者,科威特,出口總值(含復出口),89.14012,25340
2015-2,39209991,其他塑膠板、片及扁條，非多孔性及未經以其他物質加強、積層、支持或與其他物質類似結合者,美國,出口總值(含復出口),120.50955,1112
2015-2,39209991,其他塑膠板、片及扁條，非多孔性及未經以其他物質加強、積層、支持或與其他物質類似結合者,泰國,出口總值(含復出口),71.0828,26007
2015-2,39209991,其他塑膠板、片及扁條，非多孔性及未經以其他物質加強、積層、支持或與其他物質類似結合者,密克羅尼西亞,出口總值(含復出口),1.43312,510
2015-2,39209991,其他塑膠板、片及扁條，非多孔性及未經以其他物質加強、積層、支持或與其他物質類似結合者,捷克,出口總值(含復出口),0.44585,59
2015-2,39209991,其他塑膠板、片及扁條，非多孔性及未經以其他物質加強、積層、支持或與其他物質類似結合者,緬甸,出口總值(含復出口),1.27388,488
2015-2,39209991,其他塑膠板、片及扁條，非多孔性及未經以其他物質加強、積層、支持或與其他物質類似結合者,澳大利亞,出口總值(含復出口),14.77707,7822
2015-3,39201010,聚乙烯塑膠板、片及扁條,中國大陸,進口總值(含復進口),192.44923,68667
2015-3,39201010,聚乙烯塑膠板、片及扁條,中華民國,進口總值(含復進口),2.41116,4827
2015-3,39201010,聚乙烯塑膠板、片及扁條,日本,進口總值(含復進口),136.57994,10621
2015-3,39201010,聚乙烯塑膠板、片及扁條,加拿大,進口總值(含復進口),1.36421,278
2015-3,39201010,聚乙烯塑膠板、片及扁條,印度,進口總值(含復進口),7.74111,1884
2015-3,39201010,聚乙烯塑膠板、片及扁條,西班牙,進口總值(含復進口),15.1967,13830
2015-3,39201010,聚乙烯塑膠板、片及扁條,南韓,進口總值(含復進口),44.0038,6313
2015-3,39201010,聚乙烯塑膠板、片及扁條,美國,進口總值(含復進口),2813.89593,23257
2015-3,39201010,聚乙烯塑膠板、片及扁條,英國,進口總值(含復進口),0.03172,0
2015-3,39201010,聚乙烯塑膠板、片及扁條,泰國,進口總值(含復進口),140.60913,45019
2015-3,39201010,聚乙烯塑膠板、片及扁條,馬來西亞,進口總值(含復進口),39.14974,7605
2015-3,39201010,聚乙烯塑膠板、片及扁條,荷蘭,進口總值(含復進口),16.71954,5283
2015-3,39201010,聚乙烯塑膠板、片及扁條,越南,進口總值(含復進口),2.31598,126
2015-3,39201010,聚乙烯塑膠板、片及扁條,奧地利,進口總值(含復進口),4.7906,640
2015-3,39201010,聚乙烯塑膠板、片及扁條,德國,進口總值(含復進口),23.03299,4553
2015-3,39201010,聚乙烯塑膠板、片及扁條,中國大陸,出口總值(含復出口),593.17893,168456
2015-3,39201010,聚乙烯塑膠板、片及扁條,厄瓜多,出口總值(含復出口),7.74111,5664
2015-3,39201010,聚乙烯塑膠板、片及扁條,日本,出口總值(含復出口),241.84644,40445
2015-3,39201010,聚乙烯塑膠板、片及扁條,比利時,出口總值(含復出口),6.91624,50
2015-3,39201010,聚乙烯塑膠板、片及扁條,以色列,出口總值(含復出口),6.75761,2697
2015-3,39201010,聚乙烯塑膠板、片及扁條,加拿大,出口總值(含復出口),25.66624,1884
2015-3,39201010,聚乙烯塑膠板、片及扁條,卡達,出口總值(含復出口),15.76776,2543
2015-3,39201010,聚乙烯塑膠板、片及扁條,尼加拉瓜,出口總值(含復出口),0.92005,100
2015-3,39201010,聚乙烯塑膠板、片及扁條,印尼,出口總值(含復出口),37.11928,4716
2015-3,39201010,聚乙烯塑膠板、片及扁條,印度,出口總值(含復出口),36.96065,18850
2015-3,39201010,聚乙烯塑膠板、片及扁條,奈及利亞,出口總值(含復出口),6.40862,3000
2015-3,39201010,聚乙烯塑膠板、片及扁條,波蘭,出口總值(含復出口),16.65609,3389
2015-3,39201010,聚乙烯塑膠板、片及扁條,肯亞,出口總值(含復出口),0.15862,19
2015-3,39201010,聚乙烯塑膠板、片及扁條,阿拉伯聯合大公國,出口總值(含復出口),28.26776,5406
2015-3,39201010,聚乙烯塑膠板、片及扁條,南非,出口總值(含復出口),0.06345,1
2015-3,39201010,聚乙烯塑膠板、片及扁條,柬埔寨,出口總值(含復出口),13.67385,2864
2015-3,39201010,聚乙烯塑膠板、片及扁條,科威特,出口總值(含復出口),0.66624,38
2015-3,39201010,聚乙烯塑膠板、片及扁條,美國,出口總值(含復出口),20.87563,10702
2015-3,39201010,聚乙烯塑膠板、片及扁條,英國,出口總值(含復出口),0.09517,4
2015-3,39201010,聚乙烯塑膠板、片及扁條,香港,出口總值(含復出口),237.49999,100893
2015-3,39201010,聚乙烯塑膠板、片及扁條,泰國,出口總值(含復出口),247.49365,48622
2015-3,39201010,聚乙烯塑膠板、片及扁條,馬來西亞,出口總值(含復出口),85.37436,33678
2015-3,39201010,聚乙烯塑膠板、片及扁條,斯里蘭卡,出口總值(含復出口),4.91751,2400
2015-3,39201010,聚乙烯塑膠板、片及扁條,菲律賓,出口總值(含復出口),166.52918,82524
2015-3,39201010,聚乙烯塑膠板、片及扁條,越南,出口總值(含復出口),95.30456,41843
2015-3,39201010,聚乙烯塑膠板、片及扁條,新加坡,出口總值(含復出口),17.60786,5705
2015-3,39201010,聚乙烯塑膠板、片及扁條,瑞典,出口總值(含復出口),3.23604,97
2015-3,39201010,聚乙烯塑膠板、片及扁條,澳大利亞,出口總值(含復出口),10.02538,3625
2015-3,39201010,聚乙烯塑膠板、片及扁條,羅馬尼亞,出口總值(含復出口),1.87182,11
2015-3,39202021,電容器用金屬化聚丙烯薄膜，留有未鍍邊，總寬度不超過１００公厘，總厚度在０．０１５公厘以上，０．０２５公厘以下者,中國大陸,進口總值(含復進口),1.77664,90
2015-3,39202021,電容器用金屬化聚丙烯薄膜，留有未鍍邊，總寬度不超過１００公厘，總厚度在０．０１５公厘以上，０．０２５公厘以下者,中國大陸,出口總值(含復出口),182.13832,89171
2015-3,39202021,電容器用金屬化聚丙烯薄膜，留有未鍍邊，總寬度不超過１００公厘，總厚度在０．０１５公厘以上，０．０２５公厘以下者,香港,出口總值(含復出口),20.81218,10000
2015-3,39205110,聚甲基丙烯酸甲酯板、片及扁條,中國大陸,進口總值(含復進口),675.06345,26505
2015-3,39205110,聚甲基丙烯酸甲酯板、片及扁條,日本,進口總值(含復進口),302.41116,54001
2015-3,39205110,聚甲基丙烯酸甲酯板、片及扁條,南韓,進口總值(含復進口),946.03426,406181
2015-3,39205110,聚甲基丙烯酸甲酯板、片及扁條,香港,進口總值(含復進口),0.22208,0
2015-3,39205110,聚甲基丙烯酸甲酯板、片及扁條,瑞士,進口總值(含復進口),10.46954,103
2015-3,39205110,聚甲基丙烯酸甲酯板、片及扁條,德國,進口總值(含復進口),7.3604,354
2015-3,39205110,聚甲基丙烯酸甲酯板、片及扁條,土耳其,出口總值(含復出口),15.29187,3920
2015-3,39205110,聚甲基丙烯酸甲酯板、片及扁條,中國大陸,出口總值(含復出口),16794.47969,4976790
2015-3,39205110,聚甲基丙烯酸甲酯板、片及扁條,巴西,出口總值(含復出口),60.27918,17340
2015-3,39205110,聚甲基丙烯酸甲酯板、片及扁條,日本,出口總值(含復出口),31.3769,7361
2015-3,39205110,聚甲基丙烯酸甲酯板、片及扁條,加拿大,出口總值(含復出口),155.77411,46815
2015-3,39205110,聚甲基丙烯酸甲酯板、片及扁條,卡達,出口總值(含復出口),48.79441,16933
2015-3,39205110,聚甲基丙烯酸甲酯板、片及扁條,伊朗,出口總值(含復出口),815.86294,257647
2015-3,39205110,聚甲基丙烯酸甲酯板、片及扁條,印度,出口總值(含復出口),137.59517,91092
2015-3,39205110,聚甲基丙烯酸甲酯板、片及扁條,沙烏地阿拉伯,出口總值(含復出口),211.16751,65286
2015-3,39205110,聚甲基丙烯酸甲酯板、片及扁條,其他國家,出口總值(含復出口),0.09517,30
2015-3,39205110,聚甲基丙烯酸甲酯板、片及扁條,坦尚尼亞,出口總值(含復出口),56.02791,16313
2015-3,39205110,聚甲基丙烯酸甲酯板、片及扁條,肯亞,出口總值(含復出口),82.20177,25642
2015-3,39205110,聚甲基丙烯酸甲酯板、片及扁條,阿拉伯聯合大公國,出口總值(含復出口),1071.54187,338571
2015-3,39205110,聚甲基丙烯酸甲酯板、片及扁條,阿根廷,出口總值(含復出口),17.76649,5358
2015-3,39205110,聚甲基丙烯酸甲酯板、片及扁條,阿曼,出口總值(含復出口),52.79187,17029
2015-3,39205110,聚甲基丙烯酸甲酯板、片及扁條,南非,出口總值(含復出口),8.91497,1140
2015-3,39205110,聚甲基丙烯酸甲酯板、片及扁條,南韓,出口總值(含復出口),480.36167,130667
2015-3,39205110,聚甲基丙烯酸甲酯板、片及扁條,科威特,出口總值(含復出口),246.54187,65695
2015-3,39205110,聚甲基丙烯酸甲酯板、片及扁條,美國,出口總值(含復出口),963.16624,281425
2015-3,39205110,聚甲基丙烯酸甲酯板、片及扁條,英國,出口總值(含復出口),16.21192,3710
2015-3,39205110,聚甲基丙烯酸甲酯板、片及扁條,香港,出口總值(含復出口),591.08502,184351
2015-3,39205110,聚甲基丙烯酸甲酯板、片及扁條,馬來西亞,出口總值(含復出口),14.53045,3784
2015-3,39205110,聚甲基丙烯酸甲酯板、片及扁條,斯洛維尼亞,出口總值(含復出口),164.84771,45965
2015-3,39205110,聚甲基丙烯酸甲酯板、片及扁條,新加坡,出口總值(含復出口),181.21827,60979
2015-3,39205110,聚甲基丙烯酸甲酯板、片及扁條,黎巴嫩,出口總值(含復出口),208.02664,79079
2015-3,39205110,聚甲基丙烯酸甲酯板、片及扁條,澳大利亞,出口總值(含復出口),92.95685,29809
2015-3,39205110,聚甲基丙烯酸甲酯板、片及扁條,薩爾瓦多,出口總值(含復出口),4.40989,1045
2015-3,39206210,聚對苯二甲酸乙二酯製板、片及扁條,中國大陸,進口總值(含復進口),705.6472,270663
2015-3,39206210,聚對苯二甲酸乙二酯製板、片及扁條,中華民國,進口總值(含復進口),24.61928,1828
2015-3,39206210,聚對苯二甲酸乙二酯製板、片及扁條,日本,進口總值(含復進口),280.90101,22841
2015-3,39206210,聚對苯二甲酸乙二酯製板、片及扁條,南韓,進口總值(含復進口),1429.82233,264620
2015-3,39206210,聚對苯二甲酸乙二酯製板、片及扁條,美國,進口總值(含復進口),205.71065,31665
2015-3,39206210,聚對苯二甲酸乙二酯製板、片及扁條,泰國,進口總值(含復進口),15.89467,9245
2015-3,39206210,聚對苯二甲酸乙二酯製板、片及扁條,新加坡,進口總值(含復進口),156.94796,10378
2015-3,39206210,聚對苯二甲酸乙二酯製板、片及扁條,土耳其,出口總值(含復出口),20.78045,2723
2015-3,39206210,聚對苯二甲酸乙二酯製板、片及扁條,中國大陸,出口總值(含復出口),14864.08628,1964375
2015-3,39206210,聚對苯二甲酸乙二酯製板、片及扁條,丹麥,出口總值(含復出口),10.62817,5500
2015-3,39206210,聚對苯二甲酸乙二酯製板、片及扁條,日本,出口總值(含復出口),1027.56979,397426
2015-3,39206210,聚對苯二甲酸乙二酯製板、片及扁條,加拿大,出口總值(含復出口),231.56725,177905
2015-3,39206210,聚對苯二甲酸乙二酯製板、片及扁條,印度,出口總值(含復出口),268.52791,41506
2015-3,39206210,聚對苯二甲酸乙二酯製板、片及扁條,波蘭,出口總值(含復出口),294.19416,67680
2015-3,39206210,聚對苯二甲酸乙二酯製板、片及扁條,南韓,出口總值(含復出口),549.84137,84626
2015-3,39206210,聚對苯二甲酸乙二酯製板、片及扁條,美國,出口總值(含復出口),1158.50253,735998
2015-3,39206210,聚對苯二甲酸乙二酯製板、片及扁條,英國,出口總值(含復出口),1.8401,10
2015-3,39206210,聚對苯二甲酸乙二酯製板、片及扁條,香港,出口總值(含復出口),1946.54187,226850
2015-3,39206210,聚對苯二甲酸乙二酯製板、片及扁條,泰國,出口總值(含復出口),229.63197,118289
2015-3,39206210,聚對苯二甲酸乙二酯製板、片及扁條,紐西蘭,出口總值(含復出口),208.24873,151112
2015-3,39206210,聚對苯二甲酸乙二酯製板、片及扁條,馬來西亞,出口總值(含復出口),514.81598,207604
2015-3,39206210,聚對苯二甲酸乙二酯製板、片及扁條,荷蘭,出口總值(含復出口),1.58629,84
2015-3,39206210,聚對苯二甲酸乙二酯製板、片及扁條,斯里蘭卡,出口總值(含復出口),7.77284,5000
2015-3,39206210,聚對苯二甲酸乙二酯製板、片及扁條,菲律賓,出口總值(含復出口),15.54568,11160
2015-3,39206210,聚對苯二甲酸乙二酯製板、片及扁條,越南,出口總值(含復出口),169.63832,121112
2015-3,39206210,聚對苯二甲酸乙二酯製板、片及扁條,新加坡,出口總值(含復出口),131.97969,56832
2015-3,39206210,聚對苯二甲酸乙二酯製板、片及扁條,義大利,出口總值(含復出口),67.06852,9078
2015-3,39206210,聚對苯二甲酸乙二酯製板、片及扁條,德國,出口總值(含復出口),19.82868,10822
2015-3,39206210,聚對苯二甲酸乙二酯製板、片及扁條,墨西哥,出口總值(含復出口),70.11421,47800
2015-3,39206210,聚對苯二甲酸乙二酯製板、片及扁條,澳大利亞,出口總值(含復出口),43.1472,17809
2015-3,39209991,其他塑膠板、片及扁條，非多孔性及未經以其他物質加強、積層、支持或與其他物質類似結合者,中國大陸,進口總值(含復進口),160.72335,20111
2015-3,39209991,其他塑膠板、片及扁條，非多孔性及未經以其他物質加強、積層、支持或與其他物質類似結合者,中華民國,進口總值(含復進口),5.26649,8925
2015-3,39209991,其他塑膠板、片及扁條，非多孔性及未經以其他物質加強、積層、支持或與其他物質類似結合者,日本,進口總值(含復進口),232.61421,23898
2015-3,39209991,其他塑膠板、片及扁條，非多孔性及未經以其他物質加強、積層、支持或與其他物質類似結合者,南韓,進口總值(含復進口),236.29441,50606
2015-3,39209991,其他塑膠板、片及扁條，非多孔性及未經以其他物質加強、積層、支持或與其他物質類似結合者,美國,進口總值(含復進口),282.42385,1608
2015-3,39209991,其他塑膠板、片及扁條，非多孔性及未經以其他物質加強、積層、支持或與其他物質類似結合者,英國,進口總值(含復進口),0.06345,0
2015-3,39209991,其他塑膠板、片及扁條，非多孔性及未經以其他物質加強、積層、支持或與其他物質類似結合者,馬來西亞,進口總值(含復進口),103.8071,28887
2015-3,39209991,其他塑膠板、片及扁條，非多孔性及未經以其他物質加強、積層、支持或與其他物質類似結合者,奧地利,進口總值(含復進口),11.51649,491
2015-3,39209991,其他塑膠板、片及扁條，非多孔性及未經以其他物質加強、積層、支持或與其他物質類似結合者,新加坡,進口總值(含復進口),34.51776,3734
2015-3,39209991,其他塑膠板、片及扁條，非多孔性及未經以其他物質加強、積層、支持或與其他物質類似結合者,義大利,進口總值(含復進口),2.91878,105
2015-3,39209991,其他塑膠板、片及扁條，非多孔性及未經以其他物質加強、積層、支持或與其他物質類似結合者,德國,進口總值(含復進口),117.51269,2801
2015-3,39209991,其他塑膠板、片及扁條，非多孔性及未經以其他物質加強、積層、支持或與其他物質類似結合者,中國大陸,出口總值(含復出口),3077.12562,387988
2015-3,39209991,其他塑膠板、片及扁條，非多孔性及未經以其他物質加強、積層、支持或與其他物質類似結合者,巴拿馬,出口總值(含復出口),26.68147,1727
2015-3,39209991,其他塑膠板、片及扁條，非多孔性及未經以其他物質加強、積層、支持或與其他物質類似結合者,日本,出口總值(含復出口),135.9137,28750
2015-3,39209991,其他塑膠板、片及扁條，非多孔性及未經以其他物質加強、積層、支持或與其他物質類似結合者,加拿大,出口總值(含復出口),88.6104,33694
2015-3,39209991,其他塑膠板、片及扁條，非多孔性及未經以其他物質加強、積層、支持或與其他物質類似結合者,印尼,出口總值(含復出口),0.50761,10
2015-3,39209991,其他塑膠板、片及扁條，非多孔性及未經以其他物質加強、積層、支持或與其他物質類似結合者,印度,出口總值(含復出口),1.52284,42
2015-3,39209991,其他塑膠板、片及扁條，非多孔性及未經以其他物質加強、積層、支持或與其他物質類似結合者,阿拉伯聯合大公國,出口總值(含復出口),1.80837,50
2015-3,39209991,其他塑膠板、片及扁條，非多孔性及未經以其他物質加強、積層、支持或與其他物質類似結合者,科威特,出口總值(含復出口),208.24873,59012
2015-3,39209991,其他塑膠板、片及扁條，非多孔性及未經以其他物質加強、積層、支持或與其他物質類似結合者,美國,出口總值(含復出口),73.69923,2391
2015-3,39209991,其他塑膠板、片及扁條，非多孔性及未經以其他物質加強、積層、支持或與其他物質類似結合者,英國,出口總值(含復出口),4.25126,116
2015-3,39209991,其他塑膠板、片及扁條，非多孔性及未經以其他物質加強、積層、支持或與其他物質類似結合者,香港,出口總值(含復出口),15.00634,1410
2015-3,39209991,其他塑膠板、片及扁條，非多孔性及未經以其他物質加強、積層、支持或與其他物質類似結合者,泰國,出口總值(含復出口),44.63832,16986
2015-3,39209991,其他塑膠板、片及扁條，非多孔性及未經以其他物質加強、積層、支持或與其他物質類似結合者,秘魯,出口總值(含復出口),4.75888,95
2015-3,39209991,其他塑膠板、片及扁條，非多孔性及未經以其他物質加強、積層、支持或與其他物質類似結合者,馬來西亞,出口總值(含復出口),14.43527,1448
2015-3,39209991,其他塑膠板、片及扁條，非多孔性及未經以其他物質加強、積層、支持或與其他物質類似結合者,密克羅尼西亞,出口總值(含復出口),1.90355,680
2015-3,39209991,其他塑膠板、片及扁條，非多孔性及未經以其他物質加強、積層、支持或與其他物質類似結合者,荷蘭,出口總值(含復出口),3.58502,69
2015-3,39209991,其他塑膠板、片及扁條，非多孔性及未經以其他物質加強、積層、支持或與其他物質類似結合者,菲律賓,出口總值(含復出口),6.21827,1784
2015-3,39209991,其他塑膠板、片及扁條，非多孔性及未經以其他物質加強、積層、支持或與其他物質類似結合者,越南,出口總值(含復出口),15.76776,3618
2015-3,39209991,其他塑膠板、片及扁條，非多孔性及未經以其他物質加強、積層、支持或與其他物質類似結合者,德國,出口總值(含復出口),2.63324,73
2015-4,39201010,聚乙烯塑膠板、片及扁條,中國大陸,進口總值(含復進口),326.72,194480
2015-4,39201010,聚乙烯塑膠板、片及扁條,中華民國,進口總值(含復進口),0.128,250
2015-4,39201010,聚乙烯塑膠板、片及扁條,日本,進口總值(含復進口),206.656,21337
2015-4,39201010,聚乙烯塑膠板、片及扁條,加拿大,進口總值(含復進口),2.112,456
2015-4,39201010,聚乙烯塑膠板、片及扁條,印度,進口總值(含復進口),1.216,314
2015-4,39201010,聚乙烯塑膠板、片及扁條,南韓,進口總值(含復進口),42.528,7465
2015-4,39201010,聚乙烯塑膠板、片及扁條,美國,進口總值(含復進口),1863.328,15187
2015-4,39201010,聚乙烯塑膠板、片及扁條,泰國,進口總值(含復進口),38.368,7408
2015-4,39201010,聚乙烯塑膠板、片及扁條,馬來西亞,進口總值(含復進口),57.536,10589
2015-4,39201010,聚乙烯塑膠板、片及扁條,捷克,進口總值(含復進口),2.176,283
2015-4,39201010,聚乙烯塑膠板、片及扁條,荷蘭,進口總值(含復進口),10.4,3518
2015-4,39201010,聚乙烯塑膠板、片及扁條,新加坡,進口總值(含復進口),58.528,8885
2015-4,39201010,聚乙烯塑膠板、片及扁條,瑞士,進口總值(含復進口),2.528,22
2015-4,39201010,聚乙烯塑膠板、片及扁條,德國,進口總值(含復進口),15.648,3678
2015-4,39201010,聚乙烯塑膠板、片及扁條,千里達及托巴哥,出口總值(含復出口),1.056,35
2015-4,39201010,聚乙烯塑膠板、片及扁條,中國大陸,出口總值(含復出口),455.232,135284
2015-4,39201010,聚乙烯塑膠板、片及扁條,日本,出口總值(含復出口),282.528,100610
2015-4,39201010,聚乙烯塑膠板、片及扁條,加拿大,出口總值(含復出口),21.184,2495
2015-4,39201010,聚乙烯塑膠板、片及扁條,印尼,出口總值(含復出口),68.128,7668
2015-4,39201010,聚乙烯塑膠板、片及扁條,孟加拉,出口總值(含復出口),4.256,1920
2015-4,39201010,聚乙烯塑膠板、片及扁條,波蘭,出口總值(含復出口),23.232,202
2015-4,39201010,聚乙烯塑膠板、片及扁條,阿拉伯聯合大公國,出口總值(含復出口),64.672,26582
2015-4,39201010,聚乙烯塑膠板、片及扁條,南非,出口總值(含復出口),4.288,1952
2015-4,39201010,聚乙烯塑膠板、片及扁條,柬埔寨,出口總值(含復出口),27.52,6777
2015-4,39201010,聚乙烯塑膠板、片及扁條,科威特,出口總值(含復出口),0.576,24
2015-4,39201010,聚乙烯塑膠板、片及扁條,美國,出口總值(含復出口),291.168,28359
2015-4,39201010,聚乙烯塑膠板、片及扁條,香港,出口總值(含復出口),120.192,56449
2015-4,39201010,聚乙烯塑膠板、片及扁條,埃及,出口總值(含復出口),6.816,2242
2015-4,39201010,聚乙烯塑膠板、片及扁條,泰國,出口總值(含復出口),129.12,27158
2015-4,39201010,聚乙烯塑膠板、片及扁條,馬來西亞,出口總值(含復出口),43.872,8731
2015-4,39201010,聚乙烯塑膠板、片及扁條,菲律賓,出口總值(含復出口),25.728,26288
2015-4,39201010,聚乙烯塑膠板、片及扁條,越南,出口總值(含復出口),40.672,15028
2015-4,39201010,聚乙烯塑膠板、片及扁條,新加坡,出口總值(含復出口),23.488,11643
2015-4,39201010,聚乙烯塑膠板、片及扁條,模里西斯,出口總值(含復出口),2.688,410
2015-4,39201010,聚乙烯塑膠板、片及扁條,澳大利亞,出口總值(含復出口),4.704,1905
2015-4,39201010,聚乙烯塑膠板、片及扁條,薩爾瓦多,出口總值(含復出口),26.08,237
2015-4,39202021,電容器用金屬化聚丙烯薄膜，留有未鍍邊，總寬度不超過１００公厘，總厚度在０．０１５公厘以上，０．０２５公厘以下者,中國大陸,進口總值(含復進口),22.56,4
2015-4,39202021,電容器用金屬化聚丙烯薄膜，留有未鍍邊，總寬度不超過１００公厘，總厚度在０．０１５公厘以上，０．０２５公厘以下者,德國,進口總值(含復進口),11.648,516
2015-4,39202021,電容器用金屬化聚丙烯薄膜，留有未鍍邊，總寬度不超過１００公厘，總厚度在０．０１５公厘以上，０．０２５公厘以下者,中國大陸,出口總值(含復出口),83.456,41755
2015-4,39202021,電容器用金屬化聚丙烯薄膜，留有未鍍邊，總寬度不超過１００公厘，總厚度在０．０１５公厘以上，０．０２５公厘以下者,香港,出口總值(含復出口),20.8,10000
2015-4,39205110,聚甲基丙烯酸甲酯板、片及扁條,中國大陸,進口總值(含復進口),490.688,52695
2015-4,39205110,聚甲基丙烯酸甲酯板、片及扁條,中華民國,進口總值(含復進口),84.448,23530
2015-4,39205110,聚甲基丙烯酸甲酯板、片及扁條,日本,進口總值(含復進口),208.96,37733
2015-4,39205110,聚甲基丙烯酸甲酯板、片及扁條,南韓,進口總值(含復進口),859.68,392248
2015-4,39205110,聚甲基丙烯酸甲酯板、片及扁條,美國,進口總值(含復進口),170.336,34228
2015-4,39205110,聚甲基丙烯酸甲酯板、片及扁條,越南,進口總值(含復進口),114.624,58528
2015-4,39205110,聚甲基丙烯酸甲酯板、片及扁條,義大利,進口總值(含復進口),5.152,60
2015-4,39205110,聚甲基丙烯酸甲酯板、片及扁條,德國,進口總值(含復進口),2.464,138
2015-4,39205110,聚甲基丙烯酸甲酯板、片及扁條,中國大陸,出口總值(含復出口),12663.872,3701597
2015-4,39205110,聚甲基丙烯酸甲酯板、片及扁條,巴林,出口總值(含復出口),17.536,4697
2015-4,39205110,聚甲基丙烯酸甲酯板、片及扁條,日本,出口總值(含復出口),127.52,36572
2015-4,39205110,聚甲基丙烯酸甲酯板、片及扁條,伊朗,出口總值(含復出口),803.136,238344
2015-4,39205110,聚甲基丙烯酸甲酯板、片及扁條,印度,出口總值(含復出口),112.544,60132
2015-4,39205110,聚甲基丙烯酸甲酯板、片及扁條,沙烏地阿拉伯,出口總值(含復出口),304.832,98978
2015-4,39205110,聚甲基丙烯酸甲酯板、片及扁條,其他國家,出口總值(含復出口),0.096,5
2015-4,39205110,聚甲基丙烯酸甲酯板、片及扁條,坦尚尼亞,出口總值(含復出口),55.808,16345
2015-4,39205110,聚甲基丙烯酸甲酯板、片及扁條,阿拉伯聯合大公國,出口總值(含復出口),1005.024,330997
2015-4,39205110,聚甲基丙烯酸甲酯板、片及扁條,南非,出口總值(含復出口),14.24,1730
2015-4,39205110,聚甲基丙烯酸甲酯板、片及扁條,南韓,出口總值(含復出口),277.184,89282
2015-4,39205110,聚甲基丙烯酸甲酯板、片及扁條,科威特,出口總值(含復出口),110.304,36977
2015-4,39205110,聚甲基丙烯酸甲酯板、片及扁條,美國,出口總值(含復出口),1401.44,409008
2015-4,39205110,聚甲基丙烯酸甲酯板、片及扁條,香港,出口總值(含復出口),288.992,90793
2015-4,39205110,聚甲基丙烯酸甲酯板、片及扁條,哥斯大黎加,出口總值(含復出口),24.832,5137
2015-4,39205110,聚甲基丙烯酸甲酯板、片及扁條,紐西蘭,出口總值(含復出口),18.656,5155
2015-4,39205110,聚甲基丙烯酸甲酯板、片及扁條,馬來西亞,出口總值(含復出口),27.328,7696
2015-4,39205110,聚甲基丙烯酸甲酯板、片及扁條,荷蘭,出口總值(含復出口),1.984,596
2015-4,39205110,聚甲基丙烯酸甲酯板、片及扁條,斯洛維尼亞,出口總值(含復出口),38.464,11328
2015-4,39205110,聚甲基丙烯酸甲酯板、片及扁條,菲律賓,出口總值(含復出口),52.928,17768
2015-4,39205110,聚甲基丙烯酸甲酯板、片及扁條,新加坡,出口總值(含復出口),214.784,70949
2015-4,39205110,聚甲基丙烯酸甲酯板、片及扁條,黎巴嫩,出口總值(含復出口),107.52,36492
2015-4,39205110,聚甲基丙烯酸甲酯板、片及扁條,賽普勒斯,出口總值(含復出口),23.456,5857
2015-4,39206210,聚對苯二甲酸乙二酯製板、片及扁條,中國大陸,進口總值(含復進口),497.216,187431
2015-4,39206210,聚對苯二甲酸乙二酯製板、片及扁條,中華民國,進口總值(含復進口),145.92,19832
2015-4,39206210,聚對苯二甲酸乙二酯製板、片及扁條,日本,進口總值(含復進口),427.904,61093
2015-4,39206210,聚對苯二甲酸乙二酯製板、片及扁條,南韓,進口總值(含復進口),880,154685
2015-4,39206210,聚對苯二甲酸乙二酯製板、片及扁條,美國,進口總值(含復進口),70.016,782
2015-4,39206210,聚對苯二甲酸乙二酯製板、片及扁條,泰國,進口總值(含復進口),29.888,18397
2015-4,39206210,聚對苯二甲酸乙二酯製板、片及扁條,馬來西亞,進口總值(含復進口),9.056,876
2015-4,39206210,聚對苯二甲酸乙二酯製板、片及扁條,德國,進口總值(含復進口),8.608,342
2015-4,39206210,聚對苯二甲酸乙二酯製板、片及扁條,中國大陸,出口總值(含復出口),15279.264,2117984
2015-4,39206210,聚對苯二甲酸乙二酯製板、片及扁條,日本,出口總值(含復出口),1776,409348
2015-4,39206210,聚對苯二甲酸乙二酯製板、片及扁條,加拿大,出口總值(含復出口),105.92,74159
2015-4,39206210,聚對苯二甲酸乙二酯製板、片及扁條,印尼,出口總值(含復出口),80.832,62741
2015-4,39206210,聚對苯二甲酸乙二酯製板、片及扁條,印度,出口總值(含復出口),108.256,25957
2015-4,39206210,聚對苯二甲酸乙二酯製板、片及扁條,多明尼加,出口總值(含復出口),20,13000
2015-4,39206210,聚對苯二甲酸乙二酯製板、片及扁條,波蘭,出口總值(含復出口),241.056,31680
2015-4,39206210,聚對苯二甲酸乙二酯製板、片及扁條,法國,出口總值(含復出口),16.128,602
2015-4,39206210,聚對苯二甲酸乙二酯製板、片及扁條,阿拉伯聯合大公國,出口總值(含復出口),27.008,17920
2015-4,39206210,聚對苯二甲酸乙二酯製板、片及扁條,阿曼,出口總值(含復出口),35.552,23680
2015-4,39206210,聚對苯二甲酸乙二酯製板、片及扁條,阿爾及利亞,出口總值(含復出口),23.648,15450
2015-4,39206210,聚對苯二甲酸乙二酯製板、片及扁條,南非,出口總值(含復出口),4.672,2002
2015-4,39206210,聚對苯二甲酸乙二酯製板、片及扁條,南韓,出口總值(含復出口),293.184,41844
2015-4,39206210,聚對苯二甲酸乙二酯製板、片及扁條,美國,出口總值(含復出口),1132.64,720913
2015-4,39206210,聚對苯二甲酸乙二酯製板、片及扁條,香港,出口總值(含復出口),1717.152,187197
2015-4,39206210,聚對苯二甲酸乙二酯製板、片及扁條,泰國,出口總值(含復出口),109.088,50794
2015-4,39206210,聚對苯二甲酸乙二酯製板、片及扁條,紐西蘭,出口總值(含復出口),221.728,161959
2015-4,39206210,聚對苯二甲酸乙二酯製板、片及扁條,馬來西亞,出口總值(含復出口),357.824,158255
2015-4,39206210,聚對苯二甲酸乙二酯製板、片及扁條,捷克,出口總值(含復出口),2.56,450
2015-4,39206210,聚對苯二甲酸乙二酯製板、片及扁條,斯里蘭卡,出口總值(含復出口),7.808,5000
2015-4,39206210,聚對苯二甲酸乙二酯製板、片及扁條,菲律賓,出口總值(含復出口),10.752,244
2015-4,39206210,聚對苯二甲酸乙二酯製板、片及扁條,越南,出口總值(含復出口),79.072,61457
2015-4,39206210,聚對苯二甲酸乙二酯製板、片及扁條,新加坡,出口總值(含復出口),82.432,36440
2015-4,39206210,聚對苯二甲酸乙二酯製板、片及扁條,義大利,出口總值(含復出口),7.968,800
2015-4,39206210,聚對苯二甲酸乙二酯製板、片及扁條,德國,出口總值(含復出口),0.928,6
2015-4,39206210,聚對苯二甲酸乙二酯製板、片及扁條,墨西哥,出口總值(含復出口),29.216,20480
2015-4,39206210,聚對苯二甲酸乙二酯製板、片及扁條,澳大利亞,出口總值(含復出口),143.04,44382
2015-4,39209991,其他塑膠板、片及扁條，非多孔性及未經以其他物質加強、積層、支持或與其他物質類似結合者,中國大陸,進口總值(含復進口),62.976,3730
2015-4,39209991,其他塑膠板、片及扁條，非多孔性及未經以其他物質加強、積層、支持或與其他物質類似結合者,中華民國,進口總值(含復進口),16.288,27616
2015-4,39209991,其他塑膠板、片及扁條，非多孔性及未經以其他物質加強、積層、支持或與其他物質類似結合者,日本,進口總值(含復進口),193.696,23591
2015-4,39209991,其他塑膠板、片及扁條，非多孔性及未經以其他物質加強、積層、支持或與其他物質類似結合者,南韓,進口總值(含復進口),612.736,143790
2015-4,39209991,其他塑膠板、片及扁條，非多孔性及未經以其他物質加強、積層、支持或與其他物質類似結合者,美國,進口總值(含復進口),212.704,861
2015-4,39209991,其他塑膠板、片及扁條，非多孔性及未經以其他物質加強、積層、支持或與其他物質類似結合者,英國,進口總值(含復進口),0.064,0
2015-4,39209991,其他塑膠板、片及扁條，非多孔性及未經以其他物質加強、積層、支持或與其他物質類似結合者,馬來西亞,進口總值(含復進口),156.64,39889
2015-4,39209991,其他塑膠板、片及扁條，非多孔性及未經以其他物質加強、積層、支持或與其他物質類似結合者,奧地利,進口總值(含復進口),53.472,2579
2015-4,39209991,其他塑膠板、片及扁條，非多孔性及未經以其他物質加強、積層、支持或與其他物質類似結合者,德國,進口總值(含復進口),61.28,2818
2015-4,39209991,其他塑膠板、片及扁條，非多孔性及未經以其他物質加強、積層、支持或與其他物質類似結合者,中國大陸,出口總值(含復出口),2116.768,254949
2015-4,39209991,其他塑膠板、片及扁條，非多孔性及未經以其他物質加強、積層、支持或與其他物質類似結合者,日本,出口總值(含復出口),208.48,54347
2015-4,39209991,其他塑膠板、片及扁條，非多孔性及未經以其他物質加強、積層、支持或與其他物質類似結合者,以色列,出口總值(含復出口),47.616,14100
2015-4,39209991,其他塑膠板、片及扁條，非多孔性及未經以其他物質加強、積層、支持或與其他物質類似結合者,加拿大,出口總值(含復出口),4.608,504
2015-4,39209991,其他塑膠板、片及扁條，非多孔性及未經以其他物質加強、積層、支持或與其他物質類似結合者,印尼,出口總值(含復出口),4.416,3734
2015-4,39209991,其他塑膠板、片及扁條，非多孔性及未經以其他物質加強、積層、支持或與其他物質類似結合者,希臘,出口總值(含復出口),0.128,5
2015-4,39209991,其他塑膠板、片及扁條，非多孔性及未經以其他物質加強、積層、支持或與其他物質類似結合者,南韓,出口總值(含復出口),0.192,7
2015-4,39209991,其他塑膠板、片及扁條，非多孔性及未經以其他物質加強、積層、支持或與其他物質類似結合者,科威特,出口總值(含復出口),86.656,25475
2015-4,39209991,其他塑膠板、片及扁條，非多孔性及未經以其他物質加強、積層、支持或與其他物質類似結合者,美國,出口總值(含復出口),97.472,14103
2015-4,39209991,其他塑膠板、片及扁條，非多孔性及未經以其他物質加強、積層、支持或與其他物質類似結合者,英國,出口總值(含復出口),3.04,83
2015-4,39209991,其他塑膠板、片及扁條，非多孔性及未經以其他物質加強、積層、支持或與其他物質類似結合者,香港,出口總值(含復出口),8.992,2673
2015-4,39209991,其他塑膠板、片及扁條，非多孔性及未經以其他物質加強、積層、支持或與其他物質類似結合者,哥斯大黎加,出口總值(含復出口),0.256,90
2015-4,39209991,其他塑膠板、片及扁條，非多孔性及未經以其他物質加強、積層、支持或與其他物質類似結合者,泰國,出口總值(含復出口),26.464,10154
2015-4,39209991,其他塑膠板、片及扁條，非多孔性及未經以其他物質加強、積層、支持或與其他物質類似結合者,馬來西亞,出口總值(含復出口),7.936,2896
2015-4,39209991,其他塑膠板、片及扁條，非多孔性及未經以其他物質加強、積層、支持或與其他物質類似結合者,菲律賓,出口總值(含復出口),96.64,17807
2015-4,39209991,其他塑膠板、片及扁條，非多孔性及未經以其他物質加強、積層、支持或與其他物質類似結合者,越南,出口總值(含復出口),1.152,104
2015-4,39209991,其他塑膠板、片及扁條，非多孔性及未經以其他物質加強、積層、支持或與其他物質類似結合者,新加坡,出口總值(含復出口),6.784,2989
2015-4,39209991,其他塑膠板、片及扁條，非多孔性及未經以其他物質加強、積層、支持或與其他物質類似結合者,德國,出口總值(含復出口),1.216,33
2015-4,39209991,其他塑膠板、片及扁條，非多孔性及未經以其他物質加強、積層、支持或與其他物質類似結合者,緬甸,出口總值(含復出口),2.496,934
2015-4,39209991,其他塑膠板、片及扁條，非多孔性及未經以其他物質加強、積層、支持或與其他物質類似結合者,墨西哥,出口總值(含復出口),8.896,1024
2015-5,39201010,聚乙烯塑膠板、片及扁條,中國大陸,進口總值(含復進口),281.76777,118561
2015-5,39201010,聚乙烯塑膠板、片及扁條,中華民國,進口總值(含復進口),0.03261,100
2015-5,39201010,聚乙烯塑膠板、片及扁條,日本,進口總值(含復進口),180.49575,14717
2015-5,39201010,聚乙烯塑膠板、片及扁條,加拿大,進口總值(含復進口),1.14155,284
2015-5,39201010,聚乙烯塑膠板、片及扁條,印度,進口總值(含復進口),0.78277,221
2015-5,39201010,聚乙烯塑膠板、片及扁條,南韓,進口總值(含復進口),47.81474,17780
2015-5,39201010,聚乙烯塑膠板、片及扁條,美國,進口總值(含復進口),1599.11937,34437
2015-5,39201010,聚乙烯塑膠板、片及扁條,泰國,進口總值(含復進口),150.03261,41933
2015-5,39201010,聚乙烯塑膠板、片及扁條,馬來西亞,進口總值(含復進口),9.94781,3036
2015-5,39201010,聚乙烯塑膠板、片及扁條,荷蘭,進口總值(含復進口),2.67449,744
2015-5,39201010,聚乙烯塑膠板、片及扁條,義大利,進口總值(含復進口),15.06849,8064
2015-5,39201010,聚乙烯塑膠板、片及扁條,德國,進口總值(含復進口),21.03718,2993
2015-5,39201010,聚乙烯塑膠板、片及扁條,中國大陸,出口總值(含復出口),425.96216,100571
2015-5,39201010,聚乙烯塑膠板、片及扁條,日本,出口總值(含復出口),227.62557,60683
2015-5,39201010,聚乙烯塑膠板、片及扁條,伊朗,出口總值(含復出口),71.85257,15762
2015-5,39201010,聚乙烯塑膠板、片及扁條,印尼,出口總值(含復出口),19.34116,8740
2015-5,39201010,聚乙烯塑膠板、片及扁條,孟加拉,出口總值(含復出口),16.73189,4500
2015-5,39201010,聚乙烯塑膠板、片及扁條,阿曼,出口總值(含復出口),5.05544,2400
2015-5,39201010,聚乙烯塑膠板、片及扁條,柬埔寨,出口總值(含復出口),20.8741,9819
2015-5,39201010,聚乙烯塑膠板、片及扁條,科威特,出口總值(含復出口),0.68493,50
2015-5,39201010,聚乙烯塑膠板、片及扁條,約旦,出口總值(含復出口),10.69797,4404
2015-5,39201010,聚乙烯塑膠板、片及扁條,美國,出口總值(含復出口),394.12915,137114
2015-5,39201010,聚乙烯塑膠板、片及扁條,英國,出口總值(含復出口),0.09784,2
2015-5,39201010,聚乙烯塑膠板、片及扁條,香港,出口總值(含復出口),200.35877,75921
2015-5,39201010,聚乙烯塑膠板、片及扁條,埃及,出口總值(含復出口),10.60013,65
2015-5,39201010,聚乙烯塑膠板、片及扁條,泰國,出口總值(含復出口),134.54011,29732
2015-5,39201010,聚乙烯塑膠板、片及扁條,馬來西亞,出口總值(含復出口),51.6634,10262
2015-5,39201010,聚乙烯塑膠板、片及扁條,馬紹爾群島,出口總值(含復出口),1.23939,150
2015-5,39201010,聚乙烯塑膠板、片及扁條,荷蘭,出口總值(含復出口),111.25244,7640
2015-5,39201010,聚乙烯塑膠板、片及扁條,斯里蘭卡,出口總值(含復出口),2.15264,1008
2015-5,39201010,聚乙烯塑膠板、片及扁條,智利,出口總值(含復出口),2.34833,2007
2015-5,39201010,聚乙烯塑膠板、片及扁條,菲律賓,出口總值(含復出口),21.98303,25020
2015-5,39201010,聚乙烯塑膠板、片及扁條,越南,出口總值(含復出口),58.34964,26336
2015-5,39201010,聚乙烯塑膠板、片及扁條,新加坡,出口總值(含復出口),34.60534,12204
2015-5,39201010,聚乙烯塑膠板、片及扁條,瑞典,出口總值(含復出口),0.35877,12
2015-5,39201010,聚乙烯塑膠板、片及扁條,葡萄牙,出口總值(含復出口),5.28375,10
2015-5,39201010,聚乙烯塑膠板、片及扁條,德國,出口總值(含復出口),10.50228,344
2015-5,39201010,聚乙烯塑膠板、片及扁條,澳大利亞,出口總值(含復出口),6.97977,2153
2015-5,39202021,電容器用金屬化聚丙烯薄膜，留有未鍍邊，總寬度不超過１００公厘，總厚度在０．０１５公厘以上，０．０２５公厘以下者,南韓,進口總值(含復進口),44.65101,3492
2015-5,39202021,電容器用金屬化聚丙烯薄膜，留有未鍍邊，總寬度不超過１００公厘，總厚度在０．０１５公厘以上，０．０２５公厘以下者,中國大陸,出口總值(含復出口),143.08545,70408
2015-5,39202021,電容器用金屬化聚丙烯薄膜，留有未鍍邊，總寬度不超過１００公厘，總厚度在０．０１５公厘以上，０．０２５公厘以下者,香港,出口總值(含復出口),20.77625,10000
2015-5,39202021,電容器用金屬化聚丙烯薄膜，留有未鍍邊，總寬度不超過１００公厘，總厚度在０．０１５公厘以上，０．０２５公厘以下者,泰國,出口總值(含復出口),11.28506,5350
2015-5,39202021,電容器用金屬化聚丙烯薄膜，留有未鍍邊，總寬度不超過１００公厘，總厚度在０．０１５公厘以上，０．０２５公厘以下者,菲律賓,出口總值(含復出口),18.23222,7350
2015-5,39202021,電容器用金屬化聚丙烯薄膜，留有未鍍邊，總寬度不超過１００公厘，總厚度在０．０１５公厘以上，０．０２５公厘以下者,越南,出口總值(含復出口),18.49315,8040
2015-5,39205110,聚甲基丙烯酸甲酯板、片及扁條,中國大陸,進口總值(含復進口),745.53163,81954
2015-5,39205110,聚甲基丙烯酸甲酯板、片及扁條,日本,進口總值(含復進口),8.21917,631
2015-5,39205110,聚甲基丙烯酸甲酯板、片及扁條,南韓,進口總值(含復進口),729.5499,325679
2015-5,39205110,聚甲基丙烯酸甲酯板、片及扁條,美國,進口總值(含復進口),121.55903,17342
2015-5,39205110,聚甲基丙烯酸甲酯板、片及扁條,越南,進口總值(含復進口),11.28506,5764
2015-5,39205110,聚甲基丙烯酸甲酯板、片及扁條,瑞士,進口總值(含復進口),4.10958,31
2015-5,39205110,聚甲基丙烯酸甲酯板、片及扁條,德國,進口總值(含復進口),1.23939,69
2015-5,39205110,聚甲基丙烯酸甲酯板、片及扁條,中國大陸,出口總值(含復出口),12776.58185,3788521
2015-5,39205110,聚甲基丙烯酸甲酯板、片及扁條,巴西,出口總值(含復出口),78.01696,21757
2015-5,39205110,聚甲基丙烯酸甲酯板、片及扁條,日本,出口總值(含復出口),148.66275,36252
2015-5,39205110,聚甲基丙烯酸甲酯板、片及扁條,加拿大,出口總值(含復出口),85.81213,23530
2015-5,39205110,聚甲基丙烯酸甲酯板、片及扁條,伊朗,出口總值(含復出口),224.3966,77996
2015-5,39205110,聚甲基丙烯酸甲酯板、片及扁條,印度,出口總值(含復出口),295.92302,149614
2015-5,39205110,聚甲基丙烯酸甲酯板、片及扁條,沙烏地阿拉伯,出口總值(含復出口),311.54598,100713
2015-5,39205110,聚甲基丙烯酸甲酯板、片及扁條,貝南,出口總值(含復出口),48.30397,14890
2015-5,39205110,聚甲基丙烯酸甲酯板、片及扁條,其他國家,出口總值(含復出口),0.09784,30
2015-5,39205110,聚甲基丙烯酸甲酯板、片及扁條,肯亞,出口總值(含復出口),49.60861,15618
2015-5,39205110,聚甲基丙烯酸甲酯板、片及扁條,阿拉伯聯合大公國,出口總值(含復出口),646.99934,220108
2015-5,39205110,聚甲基丙烯酸甲酯板、片及扁條,阿曼,出口總值(含復出口),100.84801,33107
2015-5,39205110,聚甲基丙烯酸甲酯板、片及扁條,南韓,出口總值(含復出口),344.78147,100536
2015-5,39205110,聚甲基丙烯酸甲酯板、片及扁條,科威特,出口總值(含復出口),47.84735,17148
2015-5,39205110,聚甲基丙烯酸甲酯板、片及扁條,約旦,出口總值(含復出口),115.9165,32310
2015-5,39205110,聚甲基丙烯酸甲酯板、片及扁條,美國,出口總值(含復出口),1370.71102,402970
2015-5,39205110,聚甲基丙烯酸甲酯板、片及扁條,香港,出口總值(含復出口),498.92367,158234
2015-5,39205110,聚甲基丙烯酸甲酯板、片及扁條,紐西蘭,出口總值(含復出口),7.045,2194
2015-5,39205110,聚甲基丙烯酸甲酯板、片及扁條,馬來西亞,出口總值(含復出口),23.18982,6188
2015-5,39205110,聚甲基丙烯酸甲酯板、片及扁條,斯洛維尼亞,出口總值(含復出口),121.59165,35290
2015-5,39205110,聚甲基丙烯酸甲酯板、片及扁條,菲律賓,出口總值(含復出口),62.06784,18093
2015-5,39205110,聚甲基丙烯酸甲酯板、片及扁條,新加坡,出口總值(含復出口),114.0574,37395
2015-5,39205110,聚甲基丙烯酸甲酯板、片及扁條,葉門,出口總值(含復出口),61.96999,18115
2015-5,39205110,聚甲基丙烯酸甲酯板、片及扁條,黎巴嫩,出口總值(含復出口),252.08741,84071
2015-5,39205110,聚甲基丙烯酸甲酯板、片及扁條,墨西哥,出口總值(含復出口),53.06588,16703
2015-5,39206210,聚對苯二甲酸乙二酯製板、片及扁條,中國大陸,進口總值(含復進口),494.48793,249838
2015-5,39206210,聚對苯二甲酸乙二酯製板、片及扁條,中華民國,進口總值(含復進口),401.33724,41285
2015-5,39206210,聚對苯二甲酸乙二酯製板、片及扁條,日本,進口總值(含復進口),256.75146,52788
2015-5,39206210,聚對苯二甲酸乙二酯製板、片及扁條,南韓,進口總值(含復進口),791.71559,148464
2015-5,39206210,聚對苯二甲酸乙二酯製板、片及扁條,美國,進口總值(含復進口),12.36138,95
2015-5,39206210,聚對苯二甲酸乙二酯製板、片及扁條,馬來西亞,進口總值(含復進口),4.69667,528
2015-5,39206210,聚對苯二甲酸乙二酯製板、片及扁條,菲律賓,進口總值(含復進口),1.27201,53
2015-5,39206210,聚對苯二甲酸乙二酯製板、片及扁條,越南,進口總值(含復進口),30.13698,23000
2015-5,39206210,聚對苯二甲酸乙二酯製板、片及扁條,中國大陸,出口總值(含復出口),17730.5936,2413176
2015-5,39206210,聚對苯二甲酸乙二酯製板、片及扁條,日本,出口總值(含復出口),1175.17938,530044
2015-5,39206210,聚對苯二甲酸乙二酯製板、片及扁條,加拿大,出口總值(含復出口),152.31572,118835
2015-5,39206210,聚對苯二甲酸乙二酯製板、片及扁條,印尼,出口總值(含復出口),76.06001,64347
2015-5,39206210,聚對苯二甲酸乙二酯製板、片及扁條,印度,出口總值(含復出口),232.12654,30535
2015-5,39206210,聚對苯二甲酸乙二酯製板、片及扁條,沙烏地阿拉伯,出口總值(含復出口),14.25309,10176
2015-5,39206210,聚對苯二甲酸乙二酯製板、片及扁條,波蘭,出口總值(含復出口),122.14611,15840
2015-5,39206210,聚對苯二甲酸乙二酯製板、片及扁條,阿拉伯聯合大公國,出口總值(含復出口),9.7195,2000
2015-5,39206210,聚對苯二甲酸乙二酯製板、片及扁條,阿曼,出口總值(含復出口),14.15525,10416
2015-5,39206210,聚對苯二甲酸乙二酯製板、片及扁條,南韓,出口總值(含復出口),481.89823,78316
2015-5,39206210,聚對苯二甲酸乙二酯製板、片及扁條,美國,出口總值(含復出口),621.55903,421699
2015-5,39206210,聚對苯二甲酸乙二酯製板、片及扁條,香港,出口總值(含復出口),1335.68166,161243
2015-5,39206210,聚對苯二甲酸乙二酯製板、片及扁條,泰國,出口總值(含復出口),156.22961,90490
2015-5,39206210,聚對苯二甲酸乙二酯製板、片及扁條,紐西蘭,出口總值(含復出口),148.07566,108560
2015-5,39206210,聚對苯二甲酸乙二酯製板、片及扁條,馬來西亞,出口總值(含復出口),276.48401,121200
2015-5,39206210,聚對苯二甲酸乙二酯製板、片及扁條,菲律賓,出口總值(含復出口),99.05414,60834
2015-5,39206210,聚對苯二甲酸乙二酯製板、片及扁條,越南,出口總值(含復出口),10.82844,5220
2015-5,39206210,聚對苯二甲酸乙二酯製板、片及扁條,新加坡,出口總值(含復出口),124.10306,60520
2015-5,39206210,聚對苯二甲酸乙二酯製板、片及扁條,義大利,出口總值(含復出口),3.58773,400
2015-5,39206210,聚對苯二甲酸乙二酯製板、片及扁條,澳大利亞,出口總值(含復出口),228.08219,139848
2015-5,39209991,其他塑膠板、片及扁條，非多孔性及未經以其他物質加強、積層、支持或與其他物質類似結合者,中國大陸,進口總值(含復進口),189.82387,35948
2015-5,39209991,其他塑膠板、片及扁條，非多孔性及未經以其他物質加強、積層、支持或與其他物質類似結合者,日本,進口總值(含復進口),174.03783,19952
2015-5,39209991,其他塑膠板、片及扁條，非多孔性及未經以其他物質加強、積層、支持或與其他物質類似結合者,西班牙,進口總值(含復進口),44.94455,51260
2015-5,39209991,其他塑膠板、片及扁條，非多孔性及未經以其他物質加強、積層、支持或與其他物質類似結合者,南韓,進口總值(含復進口),866.82974,196963
2015-5,39209991,其他塑膠板、片及扁條，非多孔性及未經以其他物質加強、積層、支持或與其他物質類似結合者,美國,進口總值(含復進口),309.36073,4721
2015-5,39209991,其他塑膠板、片及扁條，非多孔性及未經以其他物質加強、積層、支持或與其他物質類似結合者,馬來西亞,進口總值(含復進口),170.15655,46817
2015-5,39209991,其他塑膠板、片及扁條，非多孔性及未經以其他物質加強、積層、支持或與其他物質類似結合者,新加坡,進口總值(含復進口),6.03392,200
2015-5,39209991,其他塑膠板、片及扁條，非多孔性及未經以其他物質加強、積層、支持或與其他物質類似結合者,瑞典,進口總值(含復進口),8.2844,1680
2015-5,39209991,其他塑膠板、片及扁條，非多孔性及未經以其他物質加強、積層、支持或與其他物質類似結合者,義大利,進口總值(含復進口),56.45792,5122
2015-5,39209991,其他塑膠板、片及扁條，非多孔性及未經以其他物質加強、積層、支持或與其他物質類似結合者,德國,進口總值(含復進口),1.20678,225
2015-5,39209991,其他塑膠板、片及扁條，非多孔性及未經以其他物質加強、積層、支持或與其他物質類似結合者,中國大陸,出口總值(含復出口),2671.75472,344736
2015-5,39209991,其他塑膠板、片及扁條，非多孔性及未經以其他物質加強、積層、支持或與其他物質類似結合者,丹麥,出口總值(含復出口),0.61969,17
2015-5,39209991,其他塑膠板、片及扁條，非多孔性及未經以其他物質加強、積層、支持或與其他物質類似結合者,日本,出口總值(含復出口),132.48532,23701
2015-5,39209991,其他塑膠板、片及扁條，非多孔性及未經以其他物質加強、積層、支持或與其他物質類似結合者,比利時,出口總值(含復出口),7.6647,395
2015-5,39209991,其他塑膠板、片及扁條，非多孔性及未經以其他物質加強、積層、支持或與其他物質類似結合者,加拿大,出口總值(含復出口),57.50163,5457
2015-5,39209991,其他塑膠板、片及扁條，非多孔性及未經以其他物質加強、積層、支持或與其他物質類似結合者,立陶宛,出口總值(含復出口),21.36333,6080
2015-5,39209991,其他塑膠板、片及扁條，非多孔性及未經以其他物質加強、積層、支持或與其他物質類似結合者,阿拉伯聯合大公國,出口總值(含復出口),16.56881,457
2015-5,39209991,其他塑膠板、片及扁條，非多孔性及未經以其他物質加強、積層、支持或與其他物質類似結合者,南韓,出口總值(含復出口),0.06523,2
2015-5,39209991,其他塑膠板、片及扁條，非多孔性及未經以其他物質加強、積層、支持或與其他物質類似結合者,科威特,出口總值(含復出口),100,22526
2015-5,39209991,其他塑膠板、片及扁條，非多孔性及未經以其他物質加強、積層、支持或與其他物質類似結合者,美國,出口總值(含復出口),246.70579,7180
2015-5,39209991,其他塑膠板、片及扁條，非多孔性及未經以其他物質加強、積層、支持或與其他物質類似結合者,英國,出口總值(含復出口),3.00065,83
2015-5,39209991,其他塑膠板、片及扁條，非多孔性及未經以其他物質加強、積層、支持或與其他物質類似結合者,香港,出口總值(含復出口),21.16764,1918
2015-5,39209991,其他塑膠板、片及扁條，非多孔性及未經以其他物質加強、積層、支持或與其他物質類似結合者,埃及,出口總值(含復出口),0.26092,38
2015-5,39209991,其他塑膠板、片及扁條，非多孔性及未經以其他物質加強、積層、支持或與其他物質類似結合者,泰國,出口總值(含復出口),76.48401,26526
2015-5,39209991,其他塑膠板、片及扁條，非多孔性及未經以其他物質加強、積層、支持或與其他物質類似結合者,馬來西亞,出口總值(含復出口),21.06979,2043
2015-5,39209991,其他塑膠板、片及扁條，非多孔性及未經以其他物質加強、積層、支持或與其他物質類似結合者,菲律賓,出口總值(含復出口),2.18525,515
2015-5,39209991,其他塑膠板、片及扁條，非多孔性及未經以其他物質加強、積層、支持或與其他物質類似結合者,越南,出口總值(含復出口),8.74103,1889
2015-5,39209991,其他塑膠板、片及扁條，非多孔性及未經以其他物質加強、積層、支持或與其他物質類似結合者,愛爾蘭,出口總值(含復出口),0.94585,14
2015-5,39209991,其他塑膠板、片及扁條，非多孔性及未經以其他物質加強、積層、支持或與其他物質類似結合者,新加坡,出口總值(含復出口),0.75016,21
2015-5,39209991,其他塑膠板、片及扁條，非多孔性及未經以其他物質加強、積層、支持或與其他物質類似結合者,義大利,出口總值(含復出口),5.34898,541
2015-5,39209991,其他塑膠板、片及扁條，非多孔性及未經以其他物質加強、積層、支持或與其他物質類似結合者,德國,出口總值(含復出口),5.74037,827
2015-5,39209991,其他塑膠板、片及扁條，非多孔性及未經以其他物質加強、積層、支持或與其他物質類似結合者,澳大利亞,出口總值(含復出口),6.26223,180
2015-6,39201010,聚乙烯塑膠板、片及扁條,中國大陸,進口總值(含復進口),346.01884,131162
2015-6,39201010,聚乙烯塑膠板、片及扁條,中華民國,進口總值(含復進口),5.16737,14514
2015-6,39201010,聚乙烯塑膠板、片及扁條,日本,進口總值(含復進口),188.49528,38952
2015-6,39201010,聚乙烯塑膠板、片及扁條,加拿大,進口總值(含復進口),2.30744,441
2015-6,39201010,聚乙烯塑膠板、片及扁條,印度,進口總值(含復進口),2.92492,857
2015-6,39201010,聚乙烯塑膠板、片及扁條,西班牙,進口總值(含復進口),3.18492,990
2015-6,39201010,聚乙烯塑膠板、片及扁條,南韓,進口總值(含復進口),20.31199,1918
2015-6,39201010,聚乙烯塑膠板、片及扁條,美國,進口總值(含復進口),1712.70718,25201
2015-6,39201010,聚乙烯塑膠板、片及扁條,泰國,進口總值(含復進口),83.6854,16315
2015-6,39201010,聚乙烯塑膠板、片及扁條,馬來西亞,進口總值(含復進口),37.66655,6779
2015-6,39201010,聚乙烯塑膠板、片及扁條,德國,進口總值(含復進口),103.34741,30111
2015-6,39201010,聚乙烯塑膠板、片及扁條,中國大陸,出口總值(含復出口),642.34644,200942
2015-6,39201010,聚乙烯塑膠板、片及扁條,巴基斯坦,出口總值(含復出口),24.73188,26180
2015-6,39201010,聚乙烯塑膠板、片及扁條,日本,出口總值(含復出口),261.97595,46066
2015-6,39201010,聚乙烯塑膠板、片及扁條,牙買加,出口總值(含復出口),13.29216,3778
2015-6,39201010,聚乙烯塑膠板、片及扁條,尼加拉瓜,出口總值(含復出口),31.36171,13680
2015-6,39201010,聚乙烯塑膠板、片及扁條,印尼,出口總值(含復出口),107.9623,13256
2015-6,39201010,聚乙烯塑膠板、片及扁條,孟加拉,出口總值(含復出口),2.98992,624
2015-6,39201010,聚乙烯塑膠板、片及扁條,波蘭,出口總值(含復出口),31.00422,3224
2015-6,39201010,聚乙烯塑膠板、片及扁條,阿拉伯聯合大公國,出口總值(含復出口),43.6789,21996
2015-6,39201010,聚乙烯塑膠板、片及扁條,俄羅斯,出口總值(含復出口),3.02242,250
2015-6,39201010,聚乙烯塑膠板、片及扁條,柬埔寨,出口總值(含復出口),24.66688,6929
2015-6,39201010,聚乙烯塑膠板、片及扁條,科威特,出口總值(含復出口),0.87747,118
2015-6,39201010,聚乙烯塑膠板、片及扁條,美國,出口總值(含復出口),212.67468,81646
2015-6,39201010,聚乙烯塑膠板、片及扁條,英國,出口總值(含復出口),0.12999,11
2015-6,39201010,聚乙烯塑膠板、片及扁條,香港,出口總值(含復出口),160.87097,67295
2015-6,39201010,聚乙烯塑膠板、片及扁條,泰國,出口總值(含復出口),297.72505,82712
2015-6,39201010,聚乙烯塑膠板、片及扁條,馬來西亞,出口總值(含復出口),86.44783,32027
2015-6,39201010,聚乙烯塑膠板、片及扁條,荷蘭,出口總值(含復出口),45.33636,3057
2015-6,39201010,聚乙烯塑膠板、片及扁條,斯里蘭卡,出口總值(含復出口),4.90737,2400
2015-6,39201010,聚乙烯塑膠板、片及扁條,菲律賓,出口總值(含復出口),141.14397,21524
2015-6,39201010,聚乙烯塑膠板、片及扁條,越南,出口總值(含復出口),57.75105,25874
2015-6,39201010,聚乙烯塑膠板、片及扁條,新加坡,出口總值(含復出口),26.29183,12065
2015-6,39201010,聚乙烯塑膠板、片及扁條,德國,出口總值(含復出口),13.32466,1602
2015-6,39202021,電容器用金屬化聚丙烯薄膜，留有未鍍邊，總寬度不超過１００公厘，總厚度在０．０１５公厘以上，０．０２５公厘以下者,中國大陸,進口總值(含復進口),4.48488,688
2015-6,39202021,電容器用金屬化聚丙烯薄膜，留有未鍍邊，總寬度不超過１００公厘，總厚度在０．０１５公厘以上，０．０２５公厘以下者,南韓,進口總值(含復進口),3.6724,219
2015-6,39202021,電容器用金屬化聚丙烯薄膜，留有未鍍邊，總寬度不超過１００公厘，總厚度在０．０１５公厘以上，０．０２５公厘以下者,德國,進口總值(含復進口),12.31719,781
2015-6,39202021,電容器用金屬化聚丙烯薄膜，留有未鍍邊，總寬度不超過１００公厘，總厚度在０．０１５公厘以上，０．０２５公厘以下者,中國大陸,出口總值(含復出口),167.9233,74148
2015-6,39205110,聚甲基丙烯酸甲酯板、片及扁條,中國大陸,進口總值(含復進口),463.24341,20308
2015-6,39205110,聚甲基丙烯酸甲酯板、片及扁條,日本,進口總值(含復進口),358.53103,68704
2015-6,39205110,聚甲基丙烯酸甲酯板、片及扁條,南韓,進口總值(含復進口),966.20084,476777
2015-6,39205110,聚甲基丙烯酸甲酯板、片及扁條,美國,進口總值(含復進口),402.53493,85079
2015-6,39205110,聚甲基丙烯酸甲酯板、片及扁條,越南,進口總值(含復進口),15.50211,8010
2015-6,39205110,聚甲基丙烯酸甲酯板、片及扁條,瑞士,進口總值(含復進口),7.08482,93
2015-6,39205110,聚甲基丙烯酸甲酯板、片及扁條,德國,進口總值(含復進口),5.42736,318
2015-6,39205110,聚甲基丙烯酸甲酯板、片及扁條,中國大陸,出口總值(含復出口),10027.9168,3121443
2015-6,39205110,聚甲基丙烯酸甲酯板、片及扁條,巴林,出口總值(含復出口),85.21286,25945
2015-6,39205110,聚甲基丙烯酸甲酯板、片及扁條,日本,出口總值(含復出口),60.28599,17228
2015-6,39205110,聚甲基丙烯酸甲酯板、片及扁條,以色列,出口總值(含復出口),19.49951,5712
2015-6,39205110,聚甲基丙烯酸甲酯板、片及扁條,加拿大,出口總值(含復出口),76.99057,23410
2015-6,39205110,聚甲基丙烯酸甲酯板、片及扁條,伊朗,出口總值(含復出口),257.00357,81888
2015-6,39205110,聚甲基丙烯酸甲酯板、片及扁條,印尼,出口總值(含復出口),77.54306,8591
2015-6,39205110,聚甲基丙烯酸甲酯板、片及扁條,印度,出口總值(含復出口),167.6958,105221
2015-6,39205110,聚甲基丙烯酸甲酯板、片及扁條,多明尼加,出口總值(含復出口),8.54728,3348
2015-6,39205110,聚甲基丙烯酸甲酯板、片及扁條,沙烏地阿拉伯,出口總值(含復出口),273.05817,98114
2015-6,39205110,聚甲基丙烯酸甲酯板、片及扁條,其他國家,出口總值(含復出口),0.03249,5
2015-6,39205110,聚甲基丙烯酸甲酯板、片及扁條,波多黎各,出口總值(含復出口),51.8687,15775
2015-6,39205110,聚甲基丙烯酸甲酯板、片及扁條,阿拉伯聯合大公國,出口總值(含復出口),1214.20214,414036
2015-6,39205110,聚甲基丙烯酸甲酯板、片及扁條,南韓,出口總值(含復出口),175.7556,52682
2015-6,39205110,聚甲基丙烯酸甲酯板、片及扁條,約旦,出口總值(含復出口),115.43711,32045
2015-6,39205110,聚甲基丙烯酸甲酯板、片及扁條,美國,出口總值(含復出口),1056.80857,318606
2015-6,39205110,聚甲基丙烯酸甲酯板、片及扁條,香港,出口總值(含復出口),301.94995,100821
2015-6,39205110,聚甲基丙烯酸甲酯板、片及扁條,紐西蘭,出口總值(含復出口),18.13454,4709
2015-6,39205110,聚甲基丙烯酸甲酯板、片及扁條,荷蘭,出口總值(含復出口),7.6698,1187
2015-6,39205110,聚甲基丙烯酸甲酯板、片及扁條,斐濟,出口總值(含復出口),28.20929,7216
2015-6,39205110,聚甲基丙烯酸甲酯板、片及扁條,斯里蘭卡,出口總值(含復出口),3.44491,762
2015-6,39205110,聚甲基丙烯酸甲酯板、片及扁條,斯洛維尼亞,出口總值(含復出口),157.32856,46394
2015-6,39205110,聚甲基丙烯酸甲酯板、片及扁條,菲律賓,出口總值(含復出口),54.27364,18430
2015-6,39205110,聚甲基丙烯酸甲酯板、片及扁條,越南,出口總值(含復出口),15.8271,2125
2015-6,39205110,聚甲基丙烯酸甲酯板、片及扁條,新加坡,出口總值(含復出口),245.01137,82125
2015-6,39205110,聚甲基丙烯酸甲酯板、片及扁條,德國,出口總值(含復出口),36.36659,5505
2015-6,39205110,聚甲基丙烯酸甲酯板、片及扁條,黎巴嫩,出口總值(含復出口),69.84075,20636
2015-6,39205110,聚甲基丙烯酸甲酯板、片及扁條,薩爾瓦多,出口總值(含復出口),37.24406,12404
2015-6,39206210,聚對苯二甲酸乙二酯製板、片及扁條,中國大陸,進口總值(含復進口),953.16867,419505
2015-6,39206210,聚對苯二甲酸乙二酯製板、片及扁條,中華民國,進口總值(含復進口),205.42736,25225
2015-6,39206210,聚對苯二甲酸乙二酯製板、片及扁條,日本,進口總值(含復進口),544.58888,86853
2015-6,39206210,聚對苯二甲酸乙二酯製板、片及扁條,南韓,進口總值(含復進口),524.63438,93171
2015-6,39206210,聚對苯二甲酸乙二酯製板、片及扁條,美國,進口總值(含復進口),57.52356,448
2015-6,39206210,聚對苯二甲酸乙二酯製板、片及扁條,泰國,進口總值(含復進口),34.09164,21422
2015-6,39206210,聚對苯二甲酸乙二酯製板、片及扁條,菲律賓,進口總值(含復進口),1.00747,18
2015-6,39206210,聚對苯二甲酸乙二酯製板、片及扁條,中國大陸,出口總值(含復出口),14016.67207,1932081
2015-6,39206210,聚對苯二甲酸乙二酯製板、片及扁條,日本,出口總值(含復出口),626.32434,412037
2015-6,39206210,聚對苯二甲酸乙二酯製板、片及扁條,加拿大,出口總值(含復出口),75.59311,59596
2015-6,39206210,聚對苯二甲酸乙二酯製板、片及扁條,印尼,出口總值(含復出口),60.61098,51949
2015-6,39206210,聚對苯二甲酸乙二酯製板、片及扁條,印度,出口總值(含復出口),59.05102,7920
2015-6,39206210,聚對苯二甲酸乙二酯製板、片及扁條,阿拉伯聯合大公國,出口總值(含復出口),85.18037,59500
2015-6,39206210,聚對苯二甲酸乙二酯製板、片及扁條,南韓,出口總值(含復出口),269.41826,39095
2015-6,39206210,聚對苯二甲酸乙二酯製板、片及扁條,美國,出口總值(含復出口),722.74943,475076
2015-6,39206210,聚對苯二甲酸乙二酯製板、片及扁條,香港,出口總值(含復出口),1477.34806,184009
2015-6,39206210,聚對苯二甲酸乙二酯製板、片及扁條,泰國,出口總值(含復出口),101.07247,57020
2015-6,39206210,聚對苯二甲酸乙二酯製板、片及扁條,紐西蘭,出口總值(含復出口),52.32369,39651
2015-6,39206210,聚對苯二甲酸乙二酯製板、片及扁條,馬來西亞,出口總值(含復出口),352.58368,167085
2015-6,39206210,聚對苯二甲酸乙二酯製板、片及扁條,斯里蘭卡,出口總值(含復出口),26.25934,16400
2015-6,39206210,聚對苯二甲酸乙二酯製板、片及扁條,智利,出口總值(含復出口),18.03704,12725
2015-6,39206210,聚對苯二甲酸乙二酯製板、片及扁條,菲律賓,出口總值(含復出口),516.60708,323517
2015-6,39206210,聚對苯二甲酸乙二酯製板、片及扁條,越南,出口總值(含復出口),39.55151,14065
2015-6,39206210,聚對苯二甲酸乙二酯製板、片及扁條,新加坡,出口總值(含復出口),102.85992,36905
2015-6,39206210,聚對苯二甲酸乙二酯製板、片及扁條,義大利,出口總值(含復出口),0.22749,28
2015-6,39206210,聚對苯二甲酸乙二酯製板、片及扁條,墨西哥,出口總值(含復出口),41.01397,27712
2015-6,39206210,聚對苯二甲酸乙二酯製板、片及扁條,澳大利亞,出口總值(含復出口),181.31296,130267
2015-6,39209991,其他塑膠板、片及扁條，非多孔性及未經以其他物質加強、積層、支持或與其他物質類似結合者,中國大陸,進口總值(含復進口),185.08287,32188
2015-6,39209991,其他塑膠板、片及扁條，非多孔性及未經以其他物質加強、積層、支持或與其他物質類似結合者,日本,進口總值(含復進口),276.99057,38685
2015-6,39209991,其他塑膠板、片及扁條，非多孔性及未經以其他物質加強、積層、支持或與其他物質類似結合者,西班牙,進口總值(含復進口),69.38576,88640
2015-6,39209991,其他塑膠板、片及扁條，非多孔性及未經以其他物質加強、積層、支持或與其他物質類似結合者,南韓,進口總值(含復進口),443.7764,95766
2015-6,39209991,其他塑膠板、片及扁條，非多孔性及未經以其他物質加強、積層、支持或與其他物質類似結合者,美國,進口總值(含復進口),203.47741,5148
2015-6,39209991,其他塑膠板、片及扁條，非多孔性及未經以其他物質加強、積層、支持或與其他物質類似結合者,英國,進口總值(含復進口),6.40233,10
2015-6,39209991,其他塑膠板、片及扁條，非多孔性及未經以其他物質加強、積層、支持或與其他物質類似結合者,馬來西亞,進口總值(含復進口),136.13909,37852
2015-6,39209991,其他塑膠板、片及扁條，非多孔性及未經以其他物質加強、積層、支持或與其他物質類似結合者,奧地利,進口總值(含復進口),11.8622,991
2015-6,39209991,其他塑膠板、片及扁條，非多孔性及未經以其他物質加強、積層、支持或與其他物質類似結合者,新加坡,進口總值(含復進口),1.94995,12
2015-6,39209991,其他塑膠板、片及扁條，非多孔性及未經以其他物質加強、積層、支持或與其他物質類似結合者,德國,進口總值(含復進口),25.12187,286
2015-6,39209991,其他塑膠板、片及扁條，非多孔性及未經以其他物質加強、積層、支持或與其他物質類似結合者,中國大陸,出口總值(含復出口),2362.72342,298942
2015-6,39209991,其他塑膠板、片及扁條，非多孔性及未經以其他物質加強、積層、支持或與其他物質類似結合者,日本,出口總值(含復出口),73.83815,8327
2015-6,39209991,其他塑膠板、片及扁條，非多孔性及未經以其他物質加強、積層、支持或與其他物質類似結合者,比利時,出口總值(含復出口),11.6997,290
2015-6,39209991,其他塑膠板、片及扁條，非多孔性及未經以其他物質加強、積層、支持或與其他物質類似結合者,加拿大,出口總值(含復出口),24.11439,13124
2015-6,39209991,其他塑膠板、片及扁條，非多孔性及未經以其他物質加強、積層、支持或與其他物質類似結合者,印度,出口總值(含復出口),0.77998,21
2015-6,39209991,其他塑膠板、片及扁條，非多孔性及未經以其他物質加強、積層、支持或與其他物質類似結合者,沙烏地阿拉伯,出口總值(含復出口),340.00649,99469
2015-6,39209991,其他塑膠板、片及扁條，非多孔性及未經以其他物質加強、積層、支持或與其他物質類似結合者,南韓,出口總值(含復出口),0.25999,7
2015-6,39209991,其他塑膠板、片及扁條，非多孔性及未經以其他物質加強、積層、支持或與其他物質類似結合者,美國,出口總值(含復出口),75.17062,818
2015-6,39209991,其他塑膠板、片及扁條，非多孔性及未經以其他物質加強、積層、支持或與其他物質類似結合者,英國,出口總值(含復出口),2.14494,58
2015-6,39209991,其他塑膠板、片及扁條，非多孔性及未經以其他物質加強、積層、支持或與其他物質類似結合者,香港,出口總值(含復出口),4.77738,1170
2015-6,39209991,其他塑膠板、片及扁條，非多孔性及未經以其他物質加強、積層、支持或與其他物質類似結合者,泰國,出口總值(含復出口),52.35619,20723
2015-6,39209991,其他塑膠板、片及扁條，非多孔性及未經以其他物質加強、積層、支持或與其他物質類似結合者,馬來西亞,出口總值(含復出口),27.55931,4431
2015-6,39209991,其他塑膠板、片及扁條，非多孔性及未經以其他物質加強、積層、支持或與其他物質類似結合者,新加坡,出口總值(含復出口),1.52746,42
2015-7,39201010,聚乙烯塑膠板、片及扁條,中國大陸,進口總值(含復進口),475.14544,147163
2015-7,39201010,聚乙烯塑膠板、片及扁條,中華民國,進口總值(含復進口),2.00387,5746
2015-7,39201010,聚乙烯塑膠板、片及扁條,日本,進口總值(含復進口),280.70458,62550
2015-7,39201010,聚乙烯塑膠板、片及扁條,印度,進口總值(含復進口),6.85197,2041
2015-7,39201010,聚乙烯塑膠板、片及扁條,西班牙,進口總值(含復進口),1.51906,554
2015-7,39201010,聚乙烯塑膠板、片及扁條,南韓,進口總值(含復進口),21.17,1172
2015-7,39201010,聚乙烯塑膠板、片及扁條,美國,進口總值(含復進口),1759.69618,14901
2015-7,39201010,聚乙烯塑膠板、片及扁條,英國,進口總值(含復進口),0.03232,1
2015-7,39201010,聚乙烯塑膠板、片及扁條,泰國,進口總值(含復進口),128.34518,21158
2015-7,39201010,聚乙烯塑膠板、片及扁條,馬來西亞,進口總值(含復進口),36.71622,6796
2015-7,39201010,聚乙烯塑膠板、片及扁條,捷克,進口總值(含復進口),2.1978,291
2015-7,39201010,聚乙烯塑膠板、片及扁條,越南,進口總值(含復進口),1.13122,63
2015-7,39201010,聚乙烯塑膠板、片及扁條,奧地利,進口總值(含復進口),1.68067,60
2015-7,39201010,聚乙烯塑膠板、片及扁條,德國,進口總值(含復進口),45.41047,11077
2015-7,39201010,聚乙烯塑膠板、片及扁條,中國大陸,出口總值(含復出口),517.80866,197226
2015-7,39201010,聚乙烯塑膠板、片及扁條,日本,出口總值(含復出口),233.03167,68583
2015-7,39201010,聚乙烯塑膠板、片及扁條,加拿大,出口總值(含復出口),32.41758,3846
2015-7,39201010,聚乙烯塑膠板、片及扁條,尼加拉瓜,出口總值(含復出口),0.03232,7
2015-7,39201010,聚乙烯塑膠板、片及扁條,印尼,出口總值(含復出口),116.51583,17454
2015-7,39201010,聚乙烯塑膠板、片及扁條,印度,出口總值(含復出口),12.08791,1033
2015-7,39201010,聚乙烯塑膠板、片及扁條,帛琉,出口總值(含復出口),1.51906,6
2015-7,39201010,聚乙烯塑膠板、片及扁條,俄羅斯,出口總值(含復出口),3.42598,346
2015-7,39201010,聚乙烯塑膠板、片及扁條,南非,出口總值(含復出口),1.80995,750
2015-7,39201010,聚乙烯塑膠板、片及扁條,柬埔寨,出口總值(含復出口),11.44149,5286
2015-7,39201010,聚乙烯塑膠板、片及扁條,美國,出口總值(含復出口),371.13768,98418
2015-7,39201010,聚乙烯塑膠板、片及扁條,香港,出口總值(含復出口),119.68325,51338
2015-7,39201010,聚乙烯塑膠板、片及扁條,泰國,出口總值(含復出口),147.67291,36178
2015-7,39201010,聚乙烯塑膠板、片及扁條,烏克蘭,出口總值(含復出口),0.45248,5
2015-7,39201010,聚乙烯塑膠板、片及扁條,馬來西亞,出口總值(含復出口),43.79444,14943
2015-7,39201010,聚乙烯塑膠板、片及扁條,捷克,出口總值(含復出口),0.09696,1
2015-7,39201010,聚乙烯塑膠板、片及扁條,荷屬安地列斯,出口總值(含復出口),1.00193,99
2015-7,39201010,聚乙烯塑膠板、片及扁條,斐濟,出口總值(含復出口),0.77569,587
2015-7,39201010,聚乙烯塑膠板、片及扁條,智利,出口總值(含復出口),3.49062,3000
2015-7,39201010,聚乙烯塑膠板、片及扁條,菲律賓,出口總值(含復出口),30.21978,27860
2015-7,39201010,聚乙烯塑膠板、片及扁條,越南,出口總值(含復出口),114.12411,44345
2015-7,39201010,聚乙烯塑膠板、片及扁條,新加坡,出口總值(含復出口),6.04395,2926
2015-7,39201010,聚乙烯塑膠板、片及扁條,德國,出口總值(含復出口),9.79314,20
2015-7,39201010,聚乙烯塑膠板、片及扁條,賴索托,出口總值(含復出口),2.03619,234
2015-7,39202021,電容器用金屬化聚丙烯薄膜，留有未鍍邊，總寬度不超過１００公厘，總厚度在０．０１５公厘以上，０．０２５公厘以下者,中國大陸,進口總值(含復進口),25.43632,753
2015-7,39202021,電容器用金屬化聚丙烯薄膜，留有未鍍邊，總寬度不超過１００公厘，總厚度在０．０１５公厘以上，０．０２５公厘以下者,南韓,進口總值(含復進口),3.03813,268
2015-7,39202021,電容器用金屬化聚丙烯薄膜，留有未鍍邊，總寬度不超過１００公厘，總厚度在０．０１５公厘以上，０．０２５公厘以下者,德國,進口總值(含復進口),10.05171,429
2015-7,39202021,電容器用金屬化聚丙烯薄膜，留有未鍍邊，總寬度不超過１００公厘，總厚度在０．０１５公厘以上，０．０２５公厘以下者,中國大陸,出口總值(含復出口),95.99224,48227
2015-7,39202021,電容器用金屬化聚丙烯薄膜，留有未鍍邊，總寬度不超過１００公厘，總厚度在０．０１５公厘以上，０．０２５公厘以下者,日本,出口總值(含復出口),4.33096,33
2015-7,39202021,電容器用金屬化聚丙烯薄膜，留有未鍍邊，總寬度不超過１００公厘，總厚度在０．０１５公厘以上，０．０２５公厘以下者,香港,出口總值(含復出口),7.75694,3150
2015-7,39202021,電容器用金屬化聚丙烯薄膜，留有未鍍邊，總寬度不超過１００公厘，總厚度在０．０１５公厘以上，０．０２５公厘以下者,菲律賓,出口總值(含復出口),18.42275,7350
2015-7,39205110,聚甲基丙烯酸甲酯板、片及扁條,中國大陸,進口總值(含復進口),533.41952,61097
2015-7,39205110,聚甲基丙烯酸甲酯板、片及扁條,日本,進口總值(含復進口),179.08855,30955
2015-7,39205110,聚甲基丙烯酸甲酯板、片及扁條,波蘭,進口總值(含復進口),0.38784,23
2015-7,39205110,聚甲基丙烯酸甲酯板、片及扁條,南韓,進口總值(含復進口),890.20685,311106
2015-7,39205110,聚甲基丙烯酸甲酯板、片及扁條,美國,進口總值(含復進口),69.48933,18323
2015-7,39205110,聚甲基丙烯酸甲酯板、片及扁條,德國,進口總值(含復進口),2.521,144
2015-7,39205110,聚甲基丙烯酸甲酯板、片及扁條,土耳其,出口總值(含復出口),14.38267,5448
2015-7,39205110,聚甲基丙烯酸甲酯板、片及扁條,中國大陸,出口總值(含復出口),9172.01034,2786271
2015-7,39205110,聚甲基丙烯酸甲酯板、片及扁條,巴西,出口總值(含復出口),80.99547,23414
2015-7,39205110,聚甲基丙烯酸甲酯板、片及扁條,巴林,出口總值(含復出口),15.19069,5197
2015-7,39205110,聚甲基丙烯酸甲酯板、片及扁條,日本,出口總值(含復出口),105.62378,31864
2015-7,39205110,聚甲基丙烯酸甲酯板、片及扁條,加拿大,出口總值(含復出口),78.99159,23410
2015-7,39205110,聚甲基丙烯酸甲酯板、片及扁條,卡達,出口總值(含復出口),44.57013,15025
2015-7,39205110,聚甲基丙烯酸甲酯板、片及扁條,尼加拉瓜,出口總值(含復出口),62.15255,24791
2015-7,39205110,聚甲基丙烯酸甲酯板、片及扁條,伊朗,出口總值(含復出口),476.89075,163330
2015-7,39205110,聚甲基丙烯酸甲酯板、片及扁條,印度,出口總值(含復出口),87.84744,75972
2015-7,39205110,聚甲基丙烯酸甲酯板、片及扁條,沙烏地阿拉伯,出口總值(含復出口),217.61473,78769
2015-7,39205110,聚甲基丙烯酸甲酯板、片及扁條,其他國家,出口總值(含復出口),0.06464,5
2015-7,39205110,聚甲基丙烯酸甲酯板、片及扁條,阿拉伯聯合大公國,出口總值(含復出口),1052.39172,370988
2015-7,39205110,聚甲基丙烯酸甲酯板、片及扁條,南韓,出口總值(含復出口),513.99482,167479
2015-7,39205110,聚甲基丙烯酸甲酯板、片及扁條,約旦,出口總值(含復出口),20.87912,2440
2015-7,39205110,聚甲基丙烯酸甲酯板、片及扁條,美國,出口總值(含復出口),1429.57336,422903
2015-7,39205110,聚甲基丙烯酸甲酯板、片及扁條,香港,出口總值(含復出口),332.80542,111645
2015-7,39205110,聚甲基丙烯酸甲酯板、片及扁條,紐西蘭,出口總值(含復出口),15.0614,4247
2015-7,39205110,聚甲基丙烯酸甲酯板、片及扁條,馬來西亞,出口總值(含復出口),23.40012,4410
2015-7,39205110,聚甲基丙烯酸甲酯板、片及扁條,斯洛維尼亞,出口總值(含復出口),230.21978,71299
2015-7,39205110,聚甲基丙烯酸甲酯板、片及扁條,菲律賓,出口總值(含復出口),111.66774,36287
2015-7,39205110,聚甲基丙烯酸甲酯板、片及扁條,新加坡,出口總值(含復出口),108.59728,38252
2015-7,39205110,聚甲基丙烯酸甲酯板、片及扁條,黎巴嫩,出口總值(含復出口),185.10019,64724
2015-7,39205110,聚甲基丙烯酸甲酯板、片及扁條,墨西哥,出口總值(含復出口),54.33096,16881
2015-7,39205110,聚甲基丙烯酸甲酯板、片及扁條,澳大利亞,出口總值(含復出口),43.01874,15235
2015-7,39205110,聚甲基丙烯酸甲酯板、片及扁條,薩爾瓦多,出口總值(含復出口),54.81577,20126
2015-7,39206210,聚對苯二甲酸乙二酯製板、片及扁條,中國大陸,進口總值(含復進口),353.10277,164537
2015-7,39206210,聚對苯二甲酸乙二酯製板、片及扁條,中華民國,進口總值(含復進口),362.44343,51991
2015-7,39206210,聚對苯二甲酸乙二酯製板、片及扁條,日本,進口總值(含復進口),382.38526,73323
2015-7,39206210,聚對苯二甲酸乙二酯製板、片及扁條,印度,進口總值(含復進口),10.73044,5206
2015-7,39206210,聚對苯二甲酸乙二酯製板、片及扁條,南韓,進口總值(含復進口),766.58047,136265
2015-7,39206210,聚對苯二甲酸乙二酯製板、片及扁條,德國,進口總值(含復進口),5.36522,404
2015-7,39206210,聚對苯二甲酸乙二酯製板、片及扁條,中國大陸,出口總值(含復出口),13729.67032,1910790
2015-7,39206210,聚對苯二甲酸乙二酯製板、片及扁條,日本,出口總值(含復出口),889.14027,570784
2015-7,39206210,聚對苯二甲酸乙二酯製板、片及扁條,加拿大,出口總值(含復出口),107.40142,79655
2015-7,39206210,聚對苯二甲酸乙二酯製板、片及扁條,印度,出口總值(含復出口),59.30833,34132
2015-7,39206210,聚對苯二甲酸乙二酯製板、片及扁條,多明尼加,出口總值(含復出口),43.1157,29250
2015-7,39206210,聚對苯二甲酸乙二酯製板、片及扁條,阿曼,出口總值(含復出口),31.15707,20992
2015-7,39206210,聚對苯二甲酸乙二酯製板、片及扁條,南非,出口總值(含復出口),15.93406,389
2015-7,39206210,聚對苯二甲酸乙二酯製板、片及扁條,南韓,出口總值(含復出口),136.97478,20112
2015-7,39206210,聚對苯二甲酸乙二酯製板、片及扁條,美國,出口總值(含復出口),807.65998,533556
2015-7,39206210,聚對苯二甲酸乙二酯製板、片及扁條,香港,出口總值(含復出口),1808.20943,228416
2015-7,39206210,聚對苯二甲酸乙二酯製板、片及扁條,泰國,出口總值(含復出口),205.00969,60999
2015-7,39206210,聚對苯二甲酸乙二酯製板、片及扁條,紐西蘭,出口總值(含復出口),225.88881,167503
2015-7,39206210,聚對苯二甲酸乙二酯製板、片及扁條,馬來西亞,出口總值(含復出口),337.7828,149640
2015-7,39206210,聚對苯二甲酸乙二酯製板、片及扁條,斯里蘭卡,出口總值(含復出口),4.07239,3000
2015-7,39206210,聚對苯二甲酸乙二酯製板、片及扁條,菲律賓,出口總值(含復出口),223.72333,156404
2015-7,39206210,聚對苯二甲酸乙二酯製板、片及扁條,越南,出口總值(含復出口),40.27149,22946
2015-7,39206210,聚對苯二甲酸乙二酯製板、片及扁條,新加坡,出口總值(含復出口),36.39301,5642
2015-7,39206210,聚對苯二甲酸乙二酯製板、片及扁條,德國,出口總值(含復出口),33.16095,16608
2015-7,39206210,聚對苯二甲酸乙二酯製板、片及扁條,墨西哥,出口總值(含復出口),41.46735,28440
2015-7,39206210,聚對苯二甲酸乙二酯製板、片及扁條,澳大利亞,出口總值(含復出口),60.08403,37672
2015-7,39209991,其他塑膠板、片及扁條，非多孔性及未經以其他物質加強、積層、支持或與其他物質類似結合者,中國大陸,進口總值(含復進口),198.02844,33214
2015-7,39209991,其他塑膠板、片及扁條，非多孔性及未經以其他物質加強、積層、支持或與其他物質類似結合者,日本,進口總值(含復進口),332.41758,52874
2015-7,39209991,其他塑膠板、片及扁條，非多孔性及未經以其他物質加強、積層、支持或與其他物質類似結合者,南韓,進口總值(含復進口),523.49709,118748
2015-7,39209991,其他塑膠板、片及扁條，非多孔性及未經以其他物質加強、積層、支持或與其他物質類似結合者,美國,進口總值(含復進口),180.67226,923
2015-7,39209991,其他塑膠板、片及扁條，非多孔性及未經以其他物質加強、積層、支持或與其他物質類似結合者,泰國,進口總值(含復進口),11.08597,1426
2015-7,39209991,其他塑膠板、片及扁條，非多孔性及未經以其他物質加強、積層、支持或與其他物質類似結合者,馬來西亞,進口總值(含復進口),171.71945,48809
2015-7,39209991,其他塑膠板、片及扁條，非多孔性及未經以其他物質加強、積層、支持或與其他物質類似結合者,新加坡,進口總值(含復進口),3.00581,100
2015-7,39209991,其他塑膠板、片及扁條，非多孔性及未經以其他物質加強、積層、支持或與其他物質類似結合者,義大利,進口總值(含復進口),0.29088,26
2015-7,39209991,其他塑膠板、片及扁條，非多孔性及未經以其他物質加強、積層、支持或與其他物質類似結合者,德國,進口總值(含復進口),35.16483,1355
2015-7,39209991,其他塑膠板、片及扁條，非多孔性及未經以其他物質加強、積層、支持或與其他物質類似結合者,中國大陸,出口總值(含復出口),2288.68777,244414
2015-7,39209991,其他塑膠板、片及扁條，非多孔性及未經以其他物質加強、積層、支持或與其他物質類似結合者,丹麥,出口總值(含復出口),1.13122,31
2015-7,39209991,其他塑膠板、片及扁條，非多孔性及未經以其他物質加強、積層、支持或與其他物質類似結合者,巴林,出口總值(含復出口),1.0989,115
2015-7,39209991,其他塑膠板、片及扁條，非多孔性及未經以其他物質加強、積層、支持或與其他物質類似結合者,日本,出口總值(含復出口),101.90691,8847
2015-7,39209991,其他塑膠板、片及扁條，非多孔性及未經以其他物質加強、積層、支持或與其他物質類似結合者,比利時,出口總值(含復出口),1.51906,42
2015-7,39209991,其他塑膠板、片及扁條，非多孔性及未經以其他物質加強、積層、支持或與其他物質類似結合者,加拿大,出口總值(含復出口),22.1073,2203
2015-7,39209991,其他塑膠板、片及扁條，非多孔性及未經以其他物質加強、積層、支持或與其他物質類似結合者,南韓,出口總值(含復出口),5.39754,7
2015-7,39209991,其他塑膠板、片及扁條，非多孔性及未經以其他物質加強、積層、支持或與其他物質類似結合者,柬埔寨,出口總值(含復出口),0.61409,100
2015-7,39209991,其他塑膠板、片及扁條，非多孔性及未經以其他物質加強、積層、支持或與其他物質類似結合者,美國,出口總值(含復出口),49.41822,1236
2015-7,39209991,其他塑膠板、片及扁條，非多孔性及未經以其他物質加強、積層、支持或與其他物質類似結合者,香港,出口總值(含復出口),16.67744,208
2015-7,39209991,其他塑膠板、片及扁條，非多孔性及未經以其他物質加強、積層、支持或與其他物質類似結合者,泰國,出口總值(含復出口),42.37233,15124
2015-7,39209991,其他塑膠板、片及扁條，非多孔性及未經以其他物質加強、積層、支持或與其他物質類似結合者,馬來西亞,出口總值(含復出口),60.63348,16064
2015-7,39209991,其他塑膠板、片及扁條，非多孔性及未經以其他物質加強、積層、支持或與其他物質類似結合者,菲律賓,出口總值(含復出口),79.79961,13620
2015-7,39209991,其他塑膠板、片及扁條，非多孔性及未經以其他物質加強、積層、支持或與其他物質類似結合者,越南,出口總值(含復出口),22.30122,7904
2015-7,39209991,其他塑膠板、片及扁條，非多孔性及未經以其他物質加強、積層、支持或與其他物質類似結合者,新加坡,出口總值(含復出口),1.51906,42
2015-7,39209991,其他塑膠板、片及扁條，非多孔性及未經以其他物質加強、積層、支持或與其他物質類似結合者,德國,出口總值(含復出口),5.3329,140
2015-8,39201010,聚乙烯塑膠板、片及扁條,中國大陸,進口總值(含復進口),590.694,183229
2015-8,39201010,聚乙烯塑膠板、片及扁條,中華民國,進口總值(含復進口),0.09463,6467
2015-8,39201010,聚乙烯塑膠板、片及扁條,日本,進口總值(含復進口),254.0694,26546
2015-8,39201010,聚乙烯塑膠板、片及扁條,加拿大,進口總值(含復進口),0.91482,236
2015-8,39201010,聚乙烯塑膠板、片及扁條,印度,進口總值(含復進口),5.89905,1727
2015-8,39201010,聚乙烯塑膠板、片及扁條,西班牙,進口總值(含復進口),15.39432,8085
2015-8,39201010,聚乙烯塑膠板、片及扁條,南韓,進口總值(含復進口),13.56466,718
2015-8,39201010,聚乙烯塑膠板、片及扁條,美國,進口總值(含復進口),2302.96529,20520
2015-8,39201010,聚乙烯塑膠板、片及扁條,泰國,進口總值(含復進口),125.99369,22424
2015-8,39201010,聚乙烯塑膠板、片及扁條,馬來西亞,進口總值(含復進口),77.0347,15895
2015-8,39201010,聚乙烯塑膠板、片及扁條,捷克,進口總值(含復進口),0.22082,0
2015-8,39201010,聚乙烯塑膠板、片及扁條,荷蘭,進口總值(含復進口),9.40063,1399
2015-8,39201010,聚乙烯塑膠板、片及扁條,義大利,進口總值(含復進口),21.23028,4037
2015-8,39201010,聚乙烯塑膠板、片及扁條,德國,進口總值(含復進口),42.80757,9602
2015-8,39201010,聚乙烯塑膠板、片及扁條,盧森堡,進口總值(含復進口),0.15772,22
2015-8,39201010,聚乙烯塑膠板、片及扁條,中國大陸,出口總值(含復出口),415.20504,107269
2015-8,39201010,聚乙烯塑膠板、片及扁條,巴西,出口總值(含復出口),6.78233,2290
2015-8,39201010,聚乙烯塑膠板、片及扁條,日本,出口總值(含復出口),164.66876,21322
2015-8,39201010,聚乙烯塑膠板、片及扁條,立陶宛,出口總值(含復出口),0.06309,3
2015-8,39201010,聚乙烯塑膠板、片及扁條,波蘭,出口總值(含復出口),24.0694,2312
2015-8,39201010,聚乙烯塑膠板、片及扁條,阿根廷,出口總值(含復出口),0.72555,27
2015-8,39201010,聚乙烯塑膠板、片及扁條,俄羅斯,出口總值(含復出口),2.01892,71
2015-8,39201010,聚乙烯塑膠板、片及扁條,柬埔寨,出口總值(含復出口),20.63091,8865
2015-8,39201010,聚乙烯塑膠板、片及扁條,科威特,出口總值(含復出口),5.07886,1273
2015-8,39201010,聚乙烯塑膠板、片及扁條,約旦,出口總值(含復出口),43.18611,19216
2015-8,39201010,聚乙烯塑膠板、片及扁條,美國,出口總值(含復出口),188.35962,139974
2015-8,39201010,聚乙烯塑膠板、片及扁條,英國,出口總值(含復出口),0.06309,1
2015-8,39201010,聚乙烯塑膠板、片及扁條,香港,出口總值(含復出口),114.22712,50490
2015-8,39201010,聚乙烯塑膠板、片及扁條,泰國,出口總值(含復出口),168.20189,38838
2015-8,39201010,聚乙烯塑膠板、片及扁條,馬來西亞,出口總值(含復出口),90.09463,22644
2015-8,39201010,聚乙烯塑膠板、片及扁條,荷蘭,出口總值(含復出口),10.97791,1497
2015-8,39201010,聚乙烯塑膠板、片及扁條,斯里蘭卡,出口總值(含復出口),3.24921,1512
2015-8,39201010,聚乙烯塑膠板、片及扁條,菲律賓,出口總值(含復出口),42.52365,7534
2015-8,39201010,聚乙烯塑膠板、片及扁條,越南,出口總值(含復出口),91.23028,36045
2015-8,39201010,聚乙烯塑膠板、片及扁條,新加坡,出口總值(含復出口),24.92113,12987
2015-8,39201010,聚乙烯塑膠板、片及扁條,德國,出口總值(含復出口),9.49526,1577
2015-8,39201010,聚乙烯塑膠板、片及扁條,緬甸,出口總值(含復出口),0.28391,218
2015-8,39201010,聚乙烯塑膠板、片及扁條,澳大利亞,出口總值(含復出口),1.64037,400
2015-8,39202021,電容器用金屬化聚丙烯薄膜，留有未鍍邊，總寬度不超過１００公厘，總厚度在０．０１５公厘以上，０．０２５公厘以下者,中國大陸,進口總值(含復進口),0.347,310
2015-8,39202021,電容器用金屬化聚丙烯薄膜，留有未鍍邊，總寬度不超過１００公厘，總厚度在０．０１５公厘以上，０．０２５公厘以下者,南韓,進口總值(含復進口),3.53312,130
2015-8,39202021,電容器用金屬化聚丙烯薄膜，留有未鍍邊，總寬度不超過１００公厘，總厚度在０．０１５公厘以上，０．０２５公厘以下者,德國,進口總值(含復進口),36.9716,1799
2015-8,39202021,電容器用金屬化聚丙烯薄膜，留有未鍍邊，總寬度不超過１００公厘，總厚度在０．０１５公厘以上，０．０２５公厘以下者,中國大陸,出口總值(含復出口),148.95899,76012
2015-8,39202021,電容器用金屬化聚丙烯薄膜，留有未鍍邊，總寬度不超過１００公厘，總厚度在０．０１５公厘以上，０．０２５公厘以下者,日本,出口總值(含復出口),8.92744,89
2015-8,39202021,電容器用金屬化聚丙烯薄膜，留有未鍍邊，總寬度不超過１００公厘，總厚度在０．０１５公厘以上，０．０２５公厘以下者,香港,出口總值(含復出口),40.18927,17964
2015-8,39202021,電容器用金屬化聚丙烯薄膜，留有未鍍邊，總寬度不超過１００公厘，總厚度在０．０１５公厘以上，０．０２５公厘以下者,越南,出口總值(含復出口),9.43217,4200
2015-8,39205110,聚甲基丙烯酸甲酯板、片及扁條,中國大陸,進口總值(含復進口),426.30914,81078
2015-8,39205110,聚甲基丙烯酸甲酯板、片及扁條,日本,進口總值(含復進口),589.05362,127941
2015-8,39205110,聚甲基丙烯酸甲酯板、片及扁條,南韓,進口總值(含復進口),832.83911,369974
2015-8,39205110,聚甲基丙烯酸甲酯板、片及扁條,美國,進口總值(含復進口),248.54889,51625
2015-8,39205110,聚甲基丙烯酸甲酯板、片及扁條,越南,進口總值(含復進口),12.33438,7028
2015-8,39205110,聚甲基丙烯酸甲酯板、片及扁條,義大利,進口總值(含復進口),13.50157,2319
2015-8,39205110,聚甲基丙烯酸甲酯板、片及扁條,德國,進口總值(含復進口),3.28075,224
2015-8,39205110,聚甲基丙烯酸甲酯板、片及扁條,中國大陸,出口總值(含復出口),12680.97791,3792546
2015-8,39205110,聚甲基丙烯酸甲酯板、片及扁條,巴西,出口總值(含復出口),17.91798,3504
2015-8,39205110,聚甲基丙烯酸甲酯板、片及扁條,巴林,出口總值(含復出口),69.74763,23435
2015-8,39205110,聚甲基丙烯酸甲酯板、片及扁條,日本,出口總值(含復出口),117.76025,28212
2015-8,39205110,聚甲基丙烯酸甲酯板、片及扁條,卡達,出口總值(含復出口),46.68769,17004
2015-8,39205110,聚甲基丙烯酸甲酯板、片及扁條,伊朗,出口總值(含復出口),265.77287,99340
2015-8,39205110,聚甲基丙烯酸甲酯板、片及扁條,印度,出口總值(含復出口),141.48264,69264
2015-8,39205110,聚甲基丙烯酸甲酯板、片及扁條,沙烏地阿拉伯,出口總值(含復出口),164.29022,62480
2015-8,39205110,聚甲基丙烯酸甲酯板、片及扁條,其他國家,出口總值(含復出口),0.09463,6
2015-8,39205110,聚甲基丙烯酸甲酯板、片及扁條,坦尚尼亞,出口總值(含復出口),26.81388,8530
2015-8,39205110,聚甲基丙烯酸甲酯板、片及扁條,奈及利亞,出口總值(含復出口),130.31545,46728
2015-8,39205110,聚甲基丙烯酸甲酯板、片及扁條,肯亞,出口總值(含復出口),29.77917,10031
2015-8,39205110,聚甲基丙烯酸甲酯板、片及扁條,阿拉伯聯合大公國,出口總值(含復出口),753.94321,269835
2015-8,39205110,聚甲基丙烯酸甲酯板、片及扁條,阿根廷,出口總值(含復出口),13.78548,4286
2015-8,39205110,聚甲基丙烯酸甲酯板、片及扁條,阿曼,出口總值(含復出口),46.15141,16710
2015-8,39205110,聚甲基丙烯酸甲酯板、片及扁條,南非,出口總值(含復出口),22.96529,4433
2015-8,39205110,聚甲基丙烯酸甲酯板、片及扁條,南韓,出口總值(含復出口),337.44479,101782
2015-8,39205110,聚甲基丙烯酸甲酯板、片及扁條,科威特,出口總值(含復出口),315.80441,91397
2015-8,39205110,聚甲基丙烯酸甲酯板、片及扁條,美國,出口總值(含復出口),1110.25236,359983
2015-8,39205110,聚甲基丙烯酸甲酯板、片及扁條,香港,出口總值(含復出口),312.83911,101920
2015-8,39205110,聚甲基丙烯酸甲酯板、片及扁條,哥斯大黎加,出口總值(含復出口),52.05047,16798
2015-8,39205110,聚甲基丙烯酸甲酯板、片及扁條,秘魯,出口總值(含復出口),52.23974,17567
2015-8,39205110,聚甲基丙烯酸甲酯板、片及扁條,紐西蘭,出口總值(含復出口),7.60252,2270
2015-8,39205110,聚甲基丙烯酸甲酯板、片及扁條,馬來西亞,出口總值(含復出口),26.2776,7508
2015-8,39205110,聚甲基丙烯酸甲酯板、片及扁條,斯里蘭卡,出口總值(含復出口),19.46372,7987
2015-8,39205110,聚甲基丙烯酸甲酯板、片及扁條,斯洛維尼亞,出口總值(含復出口),281.98738,84211
2015-8,39205110,聚甲基丙烯酸甲酯板、片及扁條,菲律賓,出口總值(含復出口),53.24921,18061
2015-8,39205110,聚甲基丙烯酸甲酯板、片及扁條,新加坡,出口總值(含復出口),124.16403,46715
2015-8,39205110,聚甲基丙烯酸甲酯板、片及扁條,黎巴嫩,出口總值(含復出口),249.14826,82312
2015-8,39205110,聚甲基丙烯酸甲酯板、片及扁條,墨西哥,出口總值(含復出口),48.20189,16434
2015-8,39206210,聚對苯二甲酸乙二酯製板、片及扁條,中國大陸,進口總值(含復進口),525.01577,277821
2015-8,39206210,聚對苯二甲酸乙二酯製板、片及扁條,中華民國,進口總值(含復進口),186.49842,27556
2015-8,39206210,聚對苯二甲酸乙二酯製板、片及扁條,日本,進口總值(含復進口),370.66246,72415
2015-8,39206210,聚對苯二甲酸乙二酯製板、片及扁條,南韓,進口總值(含復進口),1075.74132,191123
2015-8,39206210,聚對苯二甲酸乙二酯製板、片及扁條,美國,進口總值(含復進口),21.32492,221
2015-8,39206210,聚對苯二甲酸乙二酯製板、片及扁條,英國,進口總值(含復進口),51.7981,1765
2015-8,39206210,聚對苯二甲酸乙二酯製板、片及扁條,泰國,進口總值(含復進口),44.79495,28145
2015-8,39206210,聚對苯二甲酸乙二酯製板、片及扁條,菲律賓,進口總值(含復進口),1.95583,73
2015-8,39206210,聚對苯二甲酸乙二酯製板、片及扁條,德國,進口總值(含復進口),19.77917,2376
2015-8,39206210,聚對苯二甲酸乙二酯製板、片及扁條,土耳其,出口總值(含復出口),86.78233,10480
2015-8,39206210,聚對苯二甲酸乙二酯製板、片及扁條,中國大陸,出口總值(含復出口),15729.33753,2296253
2015-8,39206210,聚對苯二甲酸乙二酯製板、片及扁條,巴西,出口總值(含復出口),41.70347,28236
2015-8,39206210,聚對苯二甲酸乙二酯製板、片及扁條,日本,出口總值(含復出口),1162.64984,698135
2015-8,39206210,聚對苯二甲酸乙二酯製板、片及扁條,加拿大,出口總值(含復出口),348.89589,110447
2015-8,39206210,聚對苯二甲酸乙二酯製板、片及扁條,印度,出口總值(含復出口),151.67192,24064
2015-8,39206210,聚對苯二甲酸乙二酯製板、片及扁條,西班牙,出口總值(含復出口),1.19873,189
2015-8,39206210,聚對苯二甲酸乙二酯製板、片及扁條,宏都拉斯,出口總值(含復出口),17.91798,13074
2015-8,39206210,聚對苯二甲酸乙二酯製板、片及扁條,芬蘭,出口總值(含復出口),6.75078,1398
2015-8,39206210,聚對苯二甲酸乙二酯製板、片及扁條,南韓,出口總值(含復出口),163.78548,23984
2015-8,39206210,聚對苯二甲酸乙二酯製板、片及扁條,美國,出口總值(含復出口),1100.53627,759072
2015-8,39206210,聚對苯二甲酸乙二酯製板、片及扁條,香港,出口總值(含復出口),1714.54258,259089
2015-8,39206210,聚對苯二甲酸乙二酯製板、片及扁條,泰國,出口總值(含復出口),350,85179
2015-8,39206210,聚對苯二甲酸乙二酯製板、片及扁條,紐西蘭,出口總值(含復出口),323.88012,240889
2015-8,39206210,聚對苯二甲酸乙二酯製板、片及扁條,馬來西亞,出口總值(含復出口),361.86119,167239
2015-8,39206210,聚對苯二甲酸乙二酯製板、片及扁條,荷蘭,出口總值(含復出口),39.87381,2640
2015-8,39206210,聚對苯二甲酸乙二酯製板、片及扁條,斯里蘭卡,出口總值(含復出口),21.23028,14200
2015-8,39206210,聚對苯二甲酸乙二酯製板、片及扁條,菲律賓,出口總值(含復出口),201.57728,147456
2015-8,39206210,聚對苯二甲酸乙二酯製板、片及扁條,越南,出口總值(含復出口),232.01892,87616
2015-8,39206210,聚對苯二甲酸乙二酯製板、片及扁條,新加坡,出口總值(含復出口),56.9716,16726
2015-8,39206210,聚對苯二甲酸乙二酯製板、片及扁條,墨西哥,出口總值(含復出口),12.77602,8320
2015-8,39206210,聚對苯二甲酸乙二酯製板、片及扁條,澳大利亞,出口總值(含復出口),294.35331,131263
2015-8,39209991,其他塑膠板、片及扁條，非多孔性及未經以其他物質加強、積層、支持或與其他物質類似結合者,中國大陸,進口總值(含復進口),169.9369,17384
2015-8,39209991,其他塑膠板、片及扁條，非多孔性及未經以其他物質加強、積層、支持或與其他物質類似結合者,中華民國,進口總值(含復進口),18.64353,23482
2015-8,39209991,其他塑膠板、片及扁條，非多孔性及未經以其他物質加強、積層、支持或與其他物質類似結合者,日本,進口總值(含復進口),239.87381,38848
2015-8,39209991,其他塑膠板、片及扁條，非多孔性及未經以其他物質加強、積層、支持或與其他物質類似結合者,西班牙,進口總值(含復進口),22.27129,39700
2015-8,39209991,其他塑膠板、片及扁條，非多孔性及未經以其他物質加強、積層、支持或與其他物質類似結合者,南韓,進口總值(含復進口),518.92744,124317
2015-8,39209991,其他塑膠板、片及扁條，非多孔性及未經以其他物質加強、積層、支持或與其他物質類似結合者,美國,進口總值(含復進口),242.42902,1453
2015-8,39209991,其他塑膠板、片及扁條，非多孔性及未經以其他物質加強、積層、支持或與其他物質類似結合者,馬來西亞,進口總值(含復進口),167.69716,46845
2015-8,39209991,其他塑膠板、片及扁條，非多孔性及未經以其他物質加強、積層、支持或與其他物質類似結合者,奧地利,進口總值(含復進口),15.96214,448
2015-8,39209991,其他塑膠板、片及扁條，非多孔性及未經以其他物質加強、積層、支持或與其他物質類似結合者,新加坡,進口總值(含復進口),3.02839,100
2015-8,39209991,其他塑膠板、片及扁條，非多孔性及未經以其他物質加強、積層、支持或與其他物質類似結合者,德國,進口總值(含復進口),20.12618,788
2015-8,39209991,其他塑膠板、片及扁條，非多孔性及未經以其他物質加強、積層、支持或與其他物質類似結合者,中國大陸,出口總值(含復出口),2487.53943,294971
2015-8,39209991,其他塑膠板、片及扁條，非多孔性及未經以其他物質加強、積層、支持或與其他物質類似結合者,厄瓜多,出口總值(含復出口),13.21766,5886
2015-8,39209991,其他塑膠板、片及扁條，非多孔性及未經以其他物質加強、積層、支持或與其他物質類似結合者,日本,出口總值(含復出口),104.4164,9041
2015-8,39209991,其他塑膠板、片及扁條，非多孔性及未經以其他物質加強、積層、支持或與其他物質類似結合者,比利時,出口總值(含復出口),1.98738,67
2015-8,39209991,其他塑膠板、片及扁條，非多孔性及未經以其他物質加強、積層、支持或與其他物質類似結合者,印度,出口總值(含復出口),0.75709,21
2015-8,39209991,其他塑膠板、片及扁條，非多孔性及未經以其他物質加強、積層、支持或與其他物質類似結合者,科威特,出口總值(含復出口),136.15141,39835
2015-8,39209991,其他塑膠板、片及扁條，非多孔性及未經以其他物質加強、積層、支持或與其他物質類似結合者,美國,出口總值(含復出口),52.99684,3397
2015-8,39209991,其他塑膠板、片及扁條，非多孔性及未經以其他物質加強、積層、支持或與其他物質類似結合者,香港,出口總值(含復出口),38.73817,13823
2015-8,39209991,其他塑膠板、片及扁條，非多孔性及未經以其他物質加強、積層、支持或與其他物質類似結合者,哥斯大黎加,出口總值(含復出口),0.72555,120
2015-8,39209991,其他塑膠板、片及扁條，非多孔性及未經以其他物質加強、積層、支持或與其他物質類似結合者,泰國,出口總值(含復出口),17.3817,5029
2015-8,39209991,其他塑膠板、片及扁條，非多孔性及未經以其他物質加強、積層、支持或與其他物質類似結合者,秘魯,出口總值(含復出口),5.33123,130
2015-8,39209991,其他塑膠板、片及扁條，非多孔性及未經以其他物質加強、積層、支持或與其他物質類似結合者,紐西蘭,出口總值(含復出口),0.09463,5
2015-8,39209991,其他塑膠板、片及扁條，非多孔性及未經以其他物質加強、積層、支持或與其他物質類似結合者,馬來西亞,出口總值(含復出口),38.64353,6100
2015-8,39209991,其他塑膠板、片及扁條，非多孔性及未經以其他物質加強、積層、支持或與其他物質類似結合者,菲律賓,出口總值(含復出口),2.9022,1481
2015-8,39209991,其他塑膠板、片及扁條，非多孔性及未經以其他物質加強、積層、支持或與其他物質類似結合者,越南,出口總值(含復出口),7.66561,98
2015-8,39209991,其他塑膠板、片及扁條，非多孔性及未經以其他物質加強、積層、支持或與其他物質類似結合者,新加坡,出口總值(含復出口),1.60883,2
2015-8,39209991,其他塑膠板、片及扁條，非多孔性及未經以其他物質加強、積層、支持或與其他物質類似結合者,德國,出口總值(含復出口),2.01892,59
2015-9,39201010,聚乙烯塑膠板、片及扁條,中國大陸,進口總值(含復進口),631.00061,226380
2015-9,39201010,聚乙烯塑膠板、片及扁條,中華民國,進口總值(含復進口),1.10497,673
2015-9,39201010,聚乙烯塑膠板、片及扁條,日本,進口總值(含復進口),225.93615,22047
2015-9,39201010,聚乙烯塑膠板、片及扁條,印度,進口總值(含復進口),4.11295,1099
2015-9,39201010,聚乙烯塑膠板、片及扁條,南韓,進口總值(含復進口),83.57888,20683
2015-9,39201010,聚乙烯塑膠板、片及扁條,美國,進口總值(含復進口),1721.36279,14726
2015-9,39201010,聚乙烯塑膠板、片及扁條,泰國,進口總值(含復進口),66.75874,13710
2015-9,39201010,聚乙烯塑膠板、片及扁條,馬來西亞,進口總值(含復進口),1.16635,135
2015-9,39201010,聚乙烯塑膠板、片及扁條,越南,進口總值(含復進口),1.13566,63
2015-9,39201010,聚乙烯塑膠板、片及扁條,奧地利,進口總值(含復進口),3.74462,43
2015-9,39201010,聚乙烯塑膠板、片及扁條,德國,進口總值(含復進口),87.93738,21089
2015-9,39201010,聚乙烯塑膠板、片及扁條,中國大陸,出口總值(含復出口),328.85205,103746
2015-9,39201010,聚乙烯塑膠板、片及扁條,巴西,出口總值(含復出口),14.82504,4951
2015-9,39201010,聚乙烯塑膠板、片及扁條,巴基斯坦,出口總值(含復出口),18.87661,15310
2015-9,39201010,聚乙烯塑膠板、片及扁條,日本,出口總值(含復出口),184.28483,39714
2015-9,39201010,聚乙烯塑膠板、片及扁條,加拿大,出口總值(含復出口),30.0491,3721
2015-9,39201010,聚乙烯塑膠板、片及扁條,印度,出口總值(含復出口),23.69551,3625
2015-9,39201010,聚乙烯塑膠板、片及扁條,西班牙,出口總值(含復出口),3.25352,129
2015-9,39201010,聚乙烯塑膠板、片及扁條,阿拉伯聯合大公國,出口總值(含復出口),39.2879,20971
2015-9,39201010,聚乙烯塑膠板、片及扁條,阿曼,出口總值(含復出口),3.34561,1050
2015-9,39201010,聚乙烯塑膠板、片及扁條,柬埔寨,出口總值(含復出口),37.8453,19220
2015-9,39201010,聚乙烯塑膠板、片及扁條,科威特,出口總值(含復出口),0.52179,19
2015-9,39201010,聚乙烯塑膠板、片及扁條,美國,出口總值(含復出口),100.67526,21673
2015-9,39201010,聚乙烯塑膠板、片及扁條,香港,出口總值(含復出口),151.13566,59073
2015-9,39201010,聚乙烯塑膠板、片及扁條,哥斯大黎加,出口總值(含復出口),11.84775,4725
2015-9,39201010,聚乙烯塑膠板、片及扁條,泰國,出口總值(含復出口),222.52915,52834
2015-9,39201010,聚乙烯塑膠板、片及扁條,馬來西亞,出口總值(含復出口),42.84837,11408
2015-9,39201010,聚乙烯塑膠板、片及扁條,斯里蘭卡,出口總值(含復出口),2.05647,1008
2015-9,39201010,聚乙烯塑膠板、片及扁條,斯洛伐克,出口總值(含復出口),2.11786,1016
2015-9,39201010,聚乙烯塑膠板、片及扁條,菲律賓,出口總值(含復出口),94.6286,41655
2015-9,39201010,聚乙烯塑膠板、片及扁條,越南,出口總值(含復出口),80.63228,36983
2015-9,39201010,聚乙烯塑膠板、片及扁條,新加坡,出口總值(含復出口),24.12523,8401
2015-9,39201010,聚乙烯塑膠板、片及扁條,葡萄牙,出口總值(含復出口),2.24063,1008
2015-9,39202021,電容器用金屬化聚丙烯薄膜，留有未鍍邊，總寬度不超過１００公厘，總厚度在０．０１５公厘以上，０．０２５公厘以下者,中國大陸,進口總值(含復進口),41.34438,2291
2015-9,39202021,電容器用金屬化聚丙烯薄膜，留有未鍍邊，總寬度不超過１００公厘，總厚度在０．０１５公厘以上，０．０２５公厘以下者,南韓,進口總值(含復進口),7.42786,360
2015-9,39202021,電容器用金屬化聚丙烯薄膜，留有未鍍邊，總寬度不超過１００公厘，總厚度在０．０１５公厘以上，０．０２５公厘以下者,美國,進口總值(含復進口),0.03069,0
2015-9,39202021,電容器用金屬化聚丙烯薄膜，留有未鍍邊，總寬度不超過１００公厘，總厚度在０．０１５公厘以上，０．０２５公厘以下者,德國,進口總值(含復進口),12.43093,527
2015-9,39202021,電容器用金屬化聚丙烯薄膜，留有未鍍邊，總寬度不超過１００公厘，總厚度在０．０１５公厘以上，０．０２５公厘以下者,中國大陸,出口總值(含復出口),102.82381,47198
2015-9,39205110,聚甲基丙烯酸甲酯板、片及扁條,中國大陸,進口總值(含復進口),346.74647,33622
2015-9,39205110,聚甲基丙烯酸甲酯板、片及扁條,日本,進口總值(含復進口),79.52731,3782
2015-9,39205110,聚甲基丙烯酸甲酯板、片及扁條,列支敦斯登,進口總值(含復進口),0.03069,0
2015-9,39205110,聚甲基丙烯酸甲酯板、片及扁條,南韓,進口總值(含復進口),1132.53529,498256
2015-9,39205110,聚甲基丙烯酸甲酯板、片及扁條,美國,進口總值(含復進口),453.22283,107754
2015-9,39205110,聚甲基丙烯酸甲酯板、片及扁條,越南,進口總值(含復進口),12.21608,6710
2015-9,39205110,聚甲基丙烯酸甲酯板、片及扁條,德國,進口總值(含復進口),3.19214,223
2015-9,39205110,聚甲基丙烯酸甲酯板、片及扁條,中國大陸,出口總值(含復出口),12613.62799,3711938
2015-9,39205110,聚甲基丙烯酸甲酯板、片及扁條,巴西,出口總值(含復出口),57.2437,19523
2015-9,39205110,聚甲基丙烯酸甲酯板、片及扁條,日本,出口總值(含復出口),77.04112,16861
2015-9,39205110,聚甲基丙烯酸甲酯板、片及扁條,加拿大,出口總值(含復出口),11.11111,5412
2015-9,39205110,聚甲基丙烯酸甲酯板、片及扁條,尼加拉瓜,出口總值(含復出口),60.09821,25187
2015-9,39205110,聚甲基丙烯酸甲酯板、片及扁條,瓜地馬拉,出口總值(含復出口),0.67526,62
2015-9,39205110,聚甲基丙烯酸甲酯板、片及扁條,伊朗,出口總值(含復出口),569.61325,199929
2015-9,39205110,聚甲基丙烯酸甲酯板、片及扁條,印度,出口總值(含復出口),144.07612,104623
2015-9,39205110,聚甲基丙烯酸甲酯板、片及扁條,沙烏地阿拉伯,出口總值(含復出口),225.90546,81683
2015-9,39205110,聚甲基丙烯酸甲酯板、片及扁條,肯亞,出口總值(含復出口),85.20564,30276
2015-9,39205110,聚甲基丙烯酸甲酯板、片及扁條,阿拉伯聯合大公國,出口總值(含復出口),808.96255,297701
2015-9,39205110,聚甲基丙烯酸甲酯板、片及扁條,阿曼,出口總值(含復出口),43.76918,16311
2015-9,39205110,聚甲基丙烯酸甲酯板、片及扁條,南韓,出口總值(含復出口),653.03867,202284
2015-9,39205110,聚甲基丙烯酸甲酯板、片及扁條,約旦,出口總值(含復出口),61.51012,16786
2015-9,39205110,聚甲基丙烯酸甲酯板、片及扁條,美國,出口總值(含復出口),1457.51995,477890
2015-9,39205110,聚甲基丙烯酸甲酯板、片及扁條,香港,出口總值(含復出口),129.31246,46655
2015-9,39205110,聚甲基丙烯酸甲酯板、片及扁條,紐西蘭,出口總值(含復出口),7.64272,2270
2015-9,39205110,聚甲基丙烯酸甲酯板、片及扁條,馬來西亞,出口總值(含復出口),5.49416,1673
2015-9,39205110,聚甲基丙烯酸甲酯板、片及扁條,斯洛維尼亞,出口總值(含復出口),423.78759,128448
2015-9,39205110,聚甲基丙烯酸甲酯板、片及扁條,新加坡,出口總值(含復出口),171.88459,65933
2015-9,39205110,聚甲基丙烯酸甲酯板、片及扁條,黎巴嫩,出口總值(含復出口),101.65745,35395
2015-9,39205110,聚甲基丙烯酸甲酯板、片及扁條,澳大利亞,出口總值(含復出口),155.12583,33806
2015-9,39205110,聚甲基丙烯酸甲酯板、片及扁條,薩爾瓦多,出口總值(含復出口),40.02455,11879
2015-9,39206210,聚對苯二甲酸乙二酯製板、片及扁條,中國大陸,進口總值(含復進口),557.7348,265553
2015-9,39206210,聚對苯二甲酸乙二酯製板、片及扁條,中華民國,進口總值(含復進口),40.45426,5381
2015-9,39206210,聚對苯二甲酸乙二酯製板、片及扁條,日本,進口總值(含復進口),204.17434,30960
2015-9,39206210,聚對苯二甲酸乙二酯製板、片及扁條,南韓,進口總值(含復進口),902.36341,178897
2015-9,39206210,聚對苯二甲酸乙二酯製板、片及扁條,美國,進口總值(含復進口),29.77286,407
2015-9,39206210,聚對苯二甲酸乙二酯製板、片及扁條,英國,進口總值(含復進口),1.99508,142
2015-9,39206210,聚對苯二甲酸乙二酯製板、片及扁條,泰國,進口總值(含復進口),15.59238,10260
2015-9,39206210,聚對苯二甲酸乙二酯製板、片及扁條,中國大陸,出口總值(含復出口),13133.79373,1993387
2015-9,39206210,聚對苯二甲酸乙二酯製板、片及扁條,日本,出口總值(含復出口),1136.43339,522309
2015-9,39206210,聚對苯二甲酸乙二酯製板、片及扁條,加拿大,出口總值(含復出口),319.33701,152095
2015-9,39206210,聚對苯二甲酸乙二酯製板、片及扁條,印度,出口總值(含復出口),16.51319,12573
2015-9,39206210,聚對苯二甲酸乙二酯製板、片及扁條,宏都拉斯,出口總值(含復出口),19.03007,13892
2015-9,39206210,聚對苯二甲酸乙二酯製板、片及扁條,孟加拉,出口總值(含復出口),4.29711,302
2015-9,39206210,聚對苯二甲酸乙二酯製板、片及扁條,阿拉伯聯合大公國,出口總值(含復出口),55.15653,40000
2015-9,39206210,聚對苯二甲酸乙二酯製板、片及扁條,南韓,出口總值(含復出口),97.48311,15021
2015-9,39206210,聚對苯二甲酸乙二酯製板、片及扁條,美國,出口總值(含復出口),1161.26457,797643
2015-9,39206210,聚對苯二甲酸乙二酯製板、片及扁條,香港,出口總值(含復出口),1786.18784,198443
2015-9,39206210,聚對苯二甲酸乙二酯製板、片及扁條,泰國,出口總值(含復出口),257.36648,65203
2015-9,39206210,聚對苯二甲酸乙二酯製板、片及扁條,紐西蘭,出口總值(含復出口),99.17127,75072
2015-9,39206210,聚對苯二甲酸乙二酯製板、片及扁條,馬來西亞,出口總值(含復出口),377.07182,170500
2015-9,39206210,聚對苯二甲酸乙二酯製板、片及扁條,荷蘭,出口總值(含復出口),25.56783,1728
2015-9,39206210,聚對苯二甲酸乙二酯製板、片及扁條,斯里蘭卡,出口總值(含復出口),3.43769,2400
2015-9,39206210,聚對苯二甲酸乙二酯製板、片及扁條,菲律賓,出口總值(含復出口),2.14855,53
2015-9,39206210,聚對苯二甲酸乙二酯製板、片及扁條,越南,出口總值(含復出口),73.63413,43798
2015-9,39206210,聚對苯二甲酸乙二酯製板、片及扁條,新加坡,出口總值(含復出口),83.30263,36494
2015-9,39206210,聚對苯二甲酸乙二酯製板、片及扁條,墨西哥,出口總值(含復出口),57.85758,19402
2015-9,39206210,聚對苯二甲酸乙二酯製板、片及扁條,澳大利亞,出口總值(含復出口),495.02762,380930
2015-9,39209991,其他塑膠板、片及扁條，非多孔性及未經以其他物質加強、積層、支持或與其他物質類似結合者,中國大陸,進口總值(含復進口),180.90853,24426
2015-9,39209991,其他塑膠板、片及扁條，非多孔性及未經以其他物質加強、積層、支持或與其他物質類似結合者,日本,進口總值(含復進口),324.61632,50581
2015-9,39209991,其他塑膠板、片及扁條，非多孔性及未經以其他物質加強、積層、支持或與其他物質類似結合者,南韓,進口總值(含復進口),745.30386,203791
2015-9,39209991,其他塑膠板、片及扁條，非多孔性及未經以其他物質加強、積層、支持或與其他物質類似結合者,美國,進口總值(含復進口),176.48864,789
2015-9,39209991,其他塑膠板、片及扁條，非多孔性及未經以其他物質加強、積層、支持或與其他物質類似結合者,馬來西亞,進口總值(含復進口),133.57888,37852
2015-9,39209991,其他塑膠板、片及扁條，非多孔性及未經以其他物質加強、積層、支持或與其他物質類似結合者,奧地利,進口總值(含復進口),14.70227,599
2015-9,39209991,其他塑膠板、片及扁條，非多孔性及未經以其他物質加強、積層、支持或與其他物質類似結合者,瑞典,進口總值(含復進口),5.83179,1120
2015-9,39209991,其他塑膠板、片及扁條，非多孔性及未經以其他物質加強、積層、支持或與其他物質類似結合者,德國,進口總值(含復進口),69.18354,1821
2015-9,39209991,其他塑膠板、片及扁條，非多孔性及未經以其他物質加強、積層、支持或與其他物質類似結合者,中國大陸,出口總值(含復出口),1871.24002,236606
2015-9,39209991,其他塑膠板、片及扁條，非多孔性及未經以其他物質加強、積層、支持或與其他物質類似結合者,日本,出口總值(含復出口),73.94106,7701
2015-9,39209991,其他塑膠板、片及扁條，非多孔性及未經以其他物質加強、積層、支持或與其他物質類似結合者,比利時,出口總值(含復出口),14.94782,309
2015-9,39209991,其他塑膠板、片及扁條，非多孔性及未經以其他物質加強、積層、支持或與其他物質類似結合者,加拿大,出口總值(含復出口),55.43278,17157
2015-9,39209991,其他塑膠板、片及扁條，非多孔性及未經以其他物質加強、積層、支持或與其他物質類似結合者,阿曼,出口總值(含復出口),0.18416,5
2015-9,39209991,其他塑膠板、片及扁條，非多孔性及未經以其他物質加強、積層、支持或與其他物質類似結合者,南韓,出口總值(含復出口),1.903,48
2015-9,39209991,其他塑膠板、片及扁條，非多孔性及未經以其他物質加強、積層、支持或與其他物質類似結合者,美國,出口總值(含復出口),142.2038,1421
2015-9,39209991,其他塑膠板、片及扁條，非多孔性及未經以其他物質加強、積層、支持或與其他物質類似結合者,英國,出口總值(含復出口),2.11786,58
2015-9,39209991,其他塑膠板、片及扁條，非多孔性及未經以其他物質加強、積層、支持或與其他物質類似結合者,香港,出口總值(含復出口),38.8275,1487
2015-9,39209991,其他塑膠板、片及扁條，非多孔性及未經以其他物質加強、積層、支持或與其他物質類似結合者,泰國,出口總值(含復出口),34.34622,13411
2015-9,39209991,其他塑膠板、片及扁條，非多孔性及未經以其他物質加強、積層、支持或與其他物質類似結合者,馬來西亞,出口總值(含復出口),1.84162,768
2015-9,39209991,其他塑膠板、片及扁條，非多孔性及未經以其他物質加強、積層、支持或與其他物質類似結合者,越南,出口總值(含復出口),9.48433,1782
2015-9,39209991,其他塑膠板、片及扁條，非多孔性及未經以其他物質加強、積層、支持或與其他物質類似結合者,新加坡,出口總值(含復出口),40.11663,278
2015-9,39209991,其他塑膠板、片及扁條，非多孔性及未經以其他物質加強、積層、支持或與其他物質類似結合者,德國,出口總值(含復出口),8.99324,1475
2015-9,39209991,其他塑膠板、片及扁條，非多孔性及未經以其他物質加強、積層、支持或與其他物質類似結合者,澳大利亞,出口總值(含復出口),12.86065,7479
2015-10,39201010,聚乙烯塑膠板、片及扁條,中國大陸,進口總值(含復進口),568.98346,205195
2015-10,39201010,聚乙烯塑膠板、片及扁條,中華民國,進口總值(含復進口),0.42865,384
2015-10,39201010,聚乙烯塑膠板、片及扁條,日本,進口總值(含復進口),209.15492,21764
2015-10,39201010,聚乙烯塑膠板、片及扁條,印度,進口總值(含復進口),4.89895,1256
2015-10,39201010,聚乙烯塑膠板、片及扁條,南韓,進口總值(含復進口),25.71953,450
2015-10,39201010,聚乙烯塑膠板、片及扁條,美國,進口總值(含復進口),1949.05082,29729
2015-10,39201010,聚乙烯塑膠板、片及扁條,英國,進口總值(含復進口),0.06123,14
2015-10,39201010,聚乙烯塑膠板、片及扁條,泰國,進口總值(含復進口),140.38579,58127
2015-10,39201010,聚乙烯塑膠板、片及扁條,馬來西亞,進口總值(含復進口),11.29822,6072
2015-10,39201010,聚乙烯塑膠板、片及扁條,捷克,進口總值(含復進口),1.86772,242
2015-10,39201010,聚乙烯塑膠板、片及扁條,奧地利,進口總值(含復進口),30.95529,4655
2015-10,39201010,聚乙烯塑膠板、片及扁條,新加坡,進口總值(含復進口),11.66564,4103
2015-10,39201010,聚乙烯塑膠板、片及扁條,德國,進口總值(含復進口),91.64115,25938
2015-10,39201010,聚乙烯塑膠板、片及扁條,中國大陸,出口總值(含復出口),518.89161,154536
2015-10,39201010,聚乙烯塑膠板、片及扁條,巴西,出口總值(含復出口),26.30128,8762
2015-10,39201010,聚乙烯塑膠板、片及扁條,日本,出口總值(含復出口),254.28658,83517
2015-10,39201010,聚乙烯塑膠板、片及扁條,牙買加,出口總值(含復出口),9.43049,2771
2015-10,39201010,聚乙烯塑膠板、片及扁條,印尼,出口總值(含復出口),85.79301,18480
2015-10,39201010,聚乙烯塑膠板、片及扁條,西班牙,出口總值(含復出口),2.23515,1000
2015-10,39201010,聚乙烯塑膠板、片及扁條,沙烏地阿拉伯,出口總值(含復出口),3.6436,188
2015-10,39201010,聚乙烯塑膠板、片及扁條,芬蘭,出口總值(含復出口),0.09185,22
2015-10,39201010,聚乙烯塑膠板、片及扁條,阿拉伯聯合大公國,出口總值(含復出口),7.74647,809
2015-10,39201010,聚乙烯塑膠板、片及扁條,柬埔寨,出口總值(含復出口),19.59583,9682
2015-10,39201010,聚乙烯塑膠板、片及扁條,美國,出口總值(含復出口),106.36864,23269
2015-10,39201010,聚乙烯塑膠板、片及扁條,香港,出口總值(含復出口),175.38273,83485
2015-10,39201010,聚乙烯塑膠板、片及扁條,泰國,出口總值(含復出口),219.25903,48463
2015-10,39201010,聚乙烯塑膠板、片及扁條,馬來西亞,出口總值(含復出口),68.73851,19915
2015-10,39201010,聚乙烯塑膠板、片及扁條,馬紹爾群島,出口總值(含復出口),1.04102,475
2015-10,39201010,聚乙烯塑膠板、片及扁條,密克羅尼西亞,出口總值(含復出口),11.51255,5393
2015-10,39201010,聚乙烯塑膠板、片及扁條,荷屬安地列斯,出口總值(含復出口),0.73484,144
2015-10,39201010,聚乙烯塑膠板、片及扁條,荷蘭,出口總值(含復出口),0.36742,0
2015-10,39201010,聚乙烯塑膠板、片及扁條,智利,出口總值(含復出口),3.33741,3000
2015-10,39201010,聚乙烯塑膠板、片及扁條,菲律賓,出口總值(含復出口),184.13962,73483
2015-10,39201010,聚乙烯塑膠板、片及扁條,越南,出口總值(含復出口),37.44641,14706
2015-10,39201010,聚乙烯塑膠板、片及扁條,新加坡,出口總值(含復出口),30.09797,15870
2015-10,39201010,聚乙烯塑膠板、片及扁條,緬甸,出口總值(含復出口),31.99632,3621
2015-10,39201010,聚乙烯塑膠板、片及扁條,澳大利亞,出口總值(含復出口),4.89895,3000
2015-10,39202021,電容器用金屬化聚丙烯薄膜，留有未鍍邊，總寬度不超過１００公厘，總厚度在０．０１５公厘以上，０．０２５公厘以下者,中國大陸,進口總值(含復進口),18.24862,604
2015-10,39202021,電容器用金屬化聚丙烯薄膜，留有未鍍邊，總寬度不超過１００公厘，總厚度在０．０１５公厘以上，０．０２５公厘以下者,南韓,進口總值(含復進口),6.64421,305
2015-10,39202021,電容器用金屬化聚丙烯薄膜，留有未鍍邊，總寬度不超過１００公厘，總厚度在０．０１５公厘以上，０．０２５公厘以下者,中國大陸,出口總值(含復出口),109.2774,51363
2015-10,39202021,電容器用金屬化聚丙烯薄膜，留有未鍍邊，總寬度不超過１００公厘，總厚度在０．０１５公厘以上，０．０２５公厘以下者,日本,出口總值(含復出口),15.06429,131
2015-10,39202021,電容器用金屬化聚丙烯薄膜，留有未鍍邊，總寬度不超過１００公厘，總厚度在０．０１５公厘以上，０．０２５公厘以下者,香港,出口總值(含復出口),20.97366,10000
2015-10,39202021,電容器用金屬化聚丙烯薄膜，留有未鍍邊，總寬度不超過１００公厘，總厚度在０．０１５公厘以上，０．０２５公厘以下者,菲律賓,出口總值(含復出口),15.82976,7350
2015-10,39202021,電容器用金屬化聚丙烯薄膜，留有未鍍邊，總寬度不超過１００公厘，總厚度在０．０１５公厘以上，０．０２５公厘以下者,越南,出口總值(含復出口),9.18554,3840
2015-10,39205110,聚甲基丙烯酸甲酯板、片及扁條,中國大陸,進口總值(含復進口),622.99448,23271
2015-10,39205110,聚甲基丙烯酸甲酯板、片及扁條,中華民國,進口總值(含復進口),11.08389,3681
2015-10,39205110,聚甲基丙烯酸甲酯板、片及扁條,日本,進口總值(含復進口),71.61665,1026
2015-10,39205110,聚甲基丙烯酸甲酯板、片及扁條,南韓,進口總值(含復進口),938.85486,367955
2015-10,39205110,聚甲基丙烯酸甲酯板、片及扁條,美國,進口總值(含復進口),670.72872,161400
2015-10,39205110,聚甲基丙烯酸甲酯板、片及扁條,越南,進口總值(含復進口),26.30128,14835
2015-10,39205110,聚甲基丙烯酸甲酯板、片及扁條,土耳其,出口總值(含復出口),62.5842,24317
2015-10,39205110,聚甲基丙烯酸甲酯板、片及扁條,中國大陸,出口總值(含復出口),13013.59461,4077003
2015-10,39205110,聚甲基丙烯酸甲酯板、片及扁條,巴西,出口總值(含復出口),49.57134,19274
2015-10,39205110,聚甲基丙烯酸甲酯板、片及扁條,日本,出口總值(含復出口),137.10961,36242
2015-10,39205110,聚甲基丙烯酸甲酯板、片及扁條,以色列,出口總值(含復出口),18.92222,5726
2015-10,39205110,聚甲基丙烯酸甲酯板、片及扁條,伊朗,出口總值(含復出口),534.90508,188851
2015-10,39205110,聚甲基丙烯酸甲酯板、片及扁條,印尼,出口總值(含復出口),77.25045,11260
2015-10,39205110,聚甲基丙烯酸甲酯板、片及扁條,印度,出口總值(含復出口),121.15737,85275
2015-10,39205110,聚甲基丙烯酸甲酯板、片及扁條,沙烏地阿拉伯,出口總值(含復出口),355.57256,133001
2015-10,39205110,聚甲基丙烯酸甲酯板、片及扁條,肯亞,出口總值(含復出口),54.53153,18942
2015-10,39205110,聚甲基丙烯酸甲酯板、片及扁條,阿拉伯聯合大公國,出口總值(含復出口),453.82731,170009
2015-10,39205110,聚甲基丙烯酸甲酯板、片及扁條,南非,出口總值(含復出口),88.64053,24576
2015-10,39205110,聚甲基丙烯酸甲酯板、片及扁條,南韓,出口總值(含復出口),476.85241,148938
2015-10,39205110,聚甲基丙烯酸甲酯板、片及扁條,科威特,出口總值(含復出口),69.99387,21388
2015-10,39205110,聚甲基丙烯酸甲酯板、片及扁條,美國,出口總值(含復出口),1737.93631,567487
2015-10,39205110,聚甲基丙烯酸甲酯板、片及扁條,香港,出口總值(含復出口),311.6044,83855
2015-10,39205110,聚甲基丙烯酸甲酯板、片及扁條,馬來西亞,出口總值(含復出口),18.43233,4610
2015-10,39205110,聚甲基丙烯酸甲酯板、片及扁條,敘利亞,出口總值(含復出口),48.86711,16683
2015-10,39205110,聚甲基丙烯酸甲酯板、片及扁條,斯洛維尼亞,出口總值(含復出口),547.64237,162923
2015-10,39205110,聚甲基丙烯酸甲酯板、片及扁條,智利,出口總值(含復出口),14.54378,3723
2015-10,39205110,聚甲基丙烯酸甲酯板、片及扁條,新加坡,出口總值(含復出口),204.13349,76550
2015-10,39205110,聚甲基丙烯酸甲酯板、片及扁條,黎巴嫩,出口總值(含復出口),208.26699,72294
2015-10,39205110,聚甲基丙烯酸甲酯板、片及扁條,墨西哥,出口總值(含復出口),48.3466,16782
2015-10,39205110,聚甲基丙烯酸甲酯板、片及扁條,澳大利亞,出口總值(含復出口),40.72259,15252
2015-10,39205110,聚甲基丙烯酸甲酯板、片及扁條,薩爾瓦多,出口總值(含復出口),43.96815,15394
2015-10,39206210,聚對苯二甲酸乙二酯製板、片及扁條,中國大陸,進口總值(含復進口),582.66993,327239
2015-10,39206210,聚對苯二甲酸乙二酯製板、片及扁條,中華民國,進口總值(含復進口),22.01469,3208
2015-10,39206210,聚對苯二甲酸乙二酯製板、片及扁條,丹麥,進口總值(含復進口),0.15309,1
2015-10,39206210,聚對苯二甲酸乙二酯製板、片及扁條,日本,進口總值(含復進口),233.74157,43589
2015-10,39206210,聚對苯二甲酸乙二酯製板、片及扁條,法國,進口總值(含復進口),0.03061,8
2015-10,39206210,聚對苯二甲酸乙二酯製板、片及扁條,南韓,進口總值(含復進口),730.3123,126387
2015-10,39206210,聚對苯二甲酸乙二酯製板、片及扁條,英國,進口總值(含復進口),31.10838,5202
2015-10,39206210,聚對苯二甲酸乙二酯製板、片及扁條,泰國,進口總值(含復進口),28.50581,19476
2015-10,39206210,聚對苯二甲酸乙二酯製板、片及扁條,澳大利亞,進口總值(含復進口),53.55174,6720
2015-10,39206210,聚對苯二甲酸乙二酯製板、片及扁條,中國大陸,出口總值(含復出口),14355.75627,2077782
2015-10,39206210,聚對苯二甲酸乙二酯製板、片及扁條,巴西,出口總值(含復出口),54.28658,47897
2015-10,39206210,聚對苯二甲酸乙二酯製板、片及扁條,日本,出口總值(含復出口),1461.78812,520812
2015-10,39206210,聚對苯二甲酸乙二酯製板、片及扁條,加拿大,出口總值(含復出口),27.43417,20049
2015-10,39206210,聚對苯二甲酸乙二酯製板、片及扁條,印度,出口總值(含復出口),36.46662,25598
2015-10,39206210,聚對苯二甲酸乙二酯製板、片及扁條,多明尼加,出口總值(含復出口),20.02449,12750
2015-10,39206210,聚對苯二甲酸乙二酯製板、片及扁條,孟加拉,出口總值(含復出口),15.98285,592
2015-10,39206210,聚對苯二甲酸乙二酯製板、片及扁條,法屬玻里尼西亞,出口總值(含復出口),16.9014,10240
2015-10,39206210,聚對苯二甲酸乙二酯製板、片及扁條,阿曼,出口總值(含復出口),32.30251,23680
2015-10,39206210,聚對苯二甲酸乙二酯製板、片及扁條,南韓,出口總值(含復出口),243.7232,35570
2015-10,39206210,聚對苯二甲酸乙二酯製板、片及扁條,美國,出口總值(含復出口),1659.85915,1196862
2015-10,39206210,聚對苯二甲酸乙二酯製板、片及扁條,香港,出口總值(含復出口),1717.33006,212365
2015-10,39206210,聚對苯二甲酸乙二酯製板、片及扁條,泰國,出口總值(含復出口),132.48622,65438
2015-10,39206210,聚對苯二甲酸乙二酯製板、片及扁條,紐西蘭,出口總值(含復出口),167.51377,130063
2015-10,39206210,聚對苯二甲酸乙二酯製板、片及扁條,馬來西亞,出口總值(含復出口),432.08818,167629
2015-10,39206210,聚對苯二甲酸乙二酯製板、片及扁條,荷蘭,出口總值(含復出口),9.15492,482
2015-10,39206210,聚對苯二甲酸乙二酯製板、片及扁條,斯里蘭卡,出口總值(含復出口),2.14329,1400
2015-10,39206210,聚對苯二甲酸乙二酯製板、片及扁條,菲律賓,出口總值(含復出口),197.55052,138344
2015-10,39206210,聚對苯二甲酸乙二酯製板、片及扁條,越南,出口總值(含復出口),5.02143,3749
2015-10,39206210,聚對苯二甲酸乙二酯製板、片及扁條,新加坡,出口總值(含復出口),97.61175,37001
2015-10,39206210,聚對苯二甲酸乙二酯製板、片及扁條,澳大利亞,出口總值(含復出口),669.10593,387311
2015-10,39209991,其他塑膠板、片及扁條，非多孔性及未經以其他物質加強、積層、支持或與其他物質類似結合者,中國大陸,進口總值(含復進口),69.47336,4519
2015-10,39209991,其他塑膠板、片及扁條，非多孔性及未經以其他物質加強、積層、支持或與其他物質類似結合者,中華民國,進口總值(含復進口),0.12247,6
2015-10,39209991,其他塑膠板、片及扁條，非多孔性及未經以其他物質加強、積層、支持或與其他物質類似結合者,日本,進口總值(含復進口),243.78444,34461
2015-10,39209991,其他塑膠板、片及扁條，非多孔性及未經以其他物質加強、積層、支持或與其他物質類似結合者,西班牙,進口總值(含復進口),22.3515,45510
2015-10,39209991,其他塑膠板、片及扁條，非多孔性及未經以其他物質加強、積層、支持或與其他物質類似結合者,南韓,進口總值(含復進口),571.92284,164980
2015-10,39209991,其他塑膠板、片及扁條，非多孔性及未經以其他物質加強、積層、支持或與其他物質類似結合者,美國,進口總值(含復進口),281.93508,1174
2015-10,39209991,其他塑膠板、片及扁條，非多孔性及未經以其他物質加強、積層、支持或與其他物質類似結合者,馬來西亞,進口總值(含復進口),67.75872,19922
2015-10,39209991,其他塑膠板、片及扁條，非多孔性及未經以其他物質加強、積層、支持或與其他物質類似結合者,新加坡,進口總值(含復進口),3.00061,100
2015-10,39209991,其他塑膠板、片及扁條，非多孔性及未經以其他物質加強、積層、支持或與其他物質類似結合者,德國,進口總值(含復進口),38.48744,785
2015-10,39209991,其他塑膠板、片及扁條，非多孔性及未經以其他物質加強、積層、支持或與其他物質類似結合者,土耳其,出口總值(含復出口),6.55235,250
2015-10,39209991,其他塑膠板、片及扁條，非多孔性及未經以其他物質加強、積層、支持或與其他物質類似結合者,中國大陸,出口總值(含復出口),2603.03123,353718
2015-10,39209991,其他塑膠板、片及扁條，非多孔性及未經以其他物質加強、積層、支持或與其他物質類似結合者,巴西,出口總值(含復出口),6.7973,757
2015-10,39209991,其他塑膠板、片及扁條，非多孔性及未經以其他物質加強、積層、支持或與其他物質類似結合者,日本,出口總值(含復出口),150.30618,18139
2015-10,39209991,其他塑膠板、片及扁條，非多孔性及未經以其他物質加強、積層、支持或與其他物質類似結合者,比利時,出口總值(含復出口),4.99081,168
2015-10,39209991,其他塑膠板、片及扁條，非多孔性及未經以其他物質加強、積層、支持或與其他物質類似結合者,以色列,出口總值(含復出口),0.52051,34
2015-10,39209991,其他塑膠板、片及扁條，非多孔性及未經以其他物質加強、積層、支持或與其他物質類似結合者,加拿大,出口總值(含復出口),21.80036,13099
2015-10,39209991,其他塑膠板、片及扁條，非多孔性及未經以其他物質加強、積層、支持或與其他物質類似結合者,伊朗,出口總值(含復出口),0.03061,4
2015-10,39209991,其他塑膠板、片及扁條，非多孔性及未經以其他物質加強、積層、支持或與其他物質類似結合者,印度,出口總值(含復出口),0.76546,21
2015-10,39209991,其他塑膠板、片及扁條，非多孔性及未經以其他物質加強、積層、支持或與其他物質類似結合者,希臘,出口總值(含復出口),0.21432,5
2015-10,39209991,其他塑膠板、片及扁條，非多孔性及未經以其他物質加強、積層、支持或與其他物質類似結合者,南韓,出口總值(含復出口),14.94182,21
2015-10,39209991,其他塑膠板、片及扁條，非多孔性及未經以其他物質加強、積層、支持或與其他物質類似結合者,科威特,出口總值(含復出口),126.79118,36298
2015-10,39209991,其他塑膠板、片及扁條，非多孔性及未經以其他物質加強、積層、支持或與其他物質類似結合者,美國,出口總值(含復出口),183.09859,14563
2015-10,39209991,其他塑膠板、片及扁條，非多孔性及未經以其他物質加強、積層、支持或與其他物質類似結合者,香港,出口總值(含復出口),6.70544,995
2015-10,39209991,其他塑膠板、片及扁條，非多孔性及未經以其他物質加強、積層、支持或與其他物質類似結合者,泰國,出口總值(含復出口),8.84874,1689
2015-10,39209991,其他塑膠板、片及扁條，非多孔性及未經以其他物質加強、積層、支持或與其他物質類似結合者,秘魯,出口總值(含復出口),5.26638,120
2015-10,39209991,其他塑膠板、片及扁條，非多孔性及未經以其他物質加強、積層、支持或與其他物質類似結合者,荷蘭,出口總值(含復出口),2.11267,40
2015-10,39209991,其他塑膠板、片及扁條，非多孔性及未經以其他物質加強、積層、支持或與其他物質類似結合者,菲律賓,出口總值(含復出口),3.18432,1024
2015-10,39209991,其他塑膠板、片及扁條，非多孔性及未經以其他物質加強、積層、支持或與其他物質類似結合者,越南,出口總值(含復出口),20.91242,1811
2015-10,39209991,其他塑膠板、片及扁條，非多孔性及未經以其他物質加強、積層、支持或與其他物質類似結合者,新加坡,出口總值(含復出口),1.5003,45
2015-10,39209991,其他塑膠板、片及扁條，非多孔性及未經以其他物質加強、積層、支持或與其他物質類似結合者,瑞士,出口總值(含復出口),0.06123,5
2015-10,39209991,其他塑膠板、片及扁條，非多孔性及未經以其他物質加強、積層、支持或與其他物質類似結合者,德國,出口總值(含復出口),1.40845,44
2015-11,39201010,聚乙烯塑膠板、片及扁條,中國大陸,進口總值(含復進口),465.51724,152871
2015-11,39201010,聚乙烯塑膠板、片及扁條,中華民國,進口總值(含復進口),1.93965,5759
2015-11,39201010,聚乙烯塑膠板、片及扁條,日本,進口總值(含復進口),205.32635,32655
2015-11,39201010,聚乙烯塑膠板、片及扁條,加拿大,進口總值(含復進口),1.2931,326
2015-11,39201010,聚乙烯塑膠板、片及扁條,印度,進口總值(含復進口),4.9261,1256
2015-11,39201010,聚乙烯塑膠板、片及扁條,南韓,進口總值(含復進口),44.70443,10421
2015-11,39201010,聚乙烯塑膠板、片及扁條,美國,進口總值(含復進口),2630.38793,32081
2015-11,39201010,聚乙烯塑膠板、片及扁條,英國,進口總值(含復進口),3.633,191
2015-11,39201010,聚乙烯塑膠板、片及扁條,泰國,進口總值(含復進口),47.41379,10110
2015-11,39201010,聚乙烯塑膠板、片及扁條,馬來西亞,進口總值(含復進口),1.5394,27
2015-11,39201010,聚乙烯塑膠板、片及扁條,捷克,進口總值(含復進口),0.64655,82
2015-11,39201010,聚乙烯塑膠板、片及扁條,新加坡,進口總值(含復進口),36.63793,13086
2015-11,39201010,聚乙烯塑膠板、片及扁條,德國,進口總值(含復進口),90.05541,19738
2015-11,39201010,聚乙烯塑膠板、片及扁條,中國大陸,出口總值(含復出口),350.15394,89021
2015-11,39201010,聚乙烯塑膠板、片及扁條,巴基斯坦,出口總值(含復出口),11.48399,8540
2015-11,39201010,聚乙烯塑膠板、片及扁條,日本,出口總值(含復出口),189.16256,51462
2015-11,39201010,聚乙烯塑膠板、片及扁條,加拿大,出口總值(含復出口),21.18226,11580
2015-11,39201010,聚乙烯塑膠板、片及扁條,印尼,出口總值(含復出口),75.33866,9888
2015-11,39201010,聚乙烯塑膠板、片及扁條,印度,出口總值(含復出口),13.85467,2148
2015-11,39201010,聚乙烯塑膠板、片及扁條,波蘭,出口總值(含復出口),23.79926,238
2015-11,39201010,聚乙烯塑膠板、片及扁條,法國,出口總值(含復出口),0.18472,59
2015-11,39201010,聚乙烯塑膠板、片及扁條,南韓,出口總值(含復出口),42.61083,4371
2015-11,39201010,聚乙烯塑膠板、片及扁條,柬埔寨,出口總值(含復出口),23.61453,4894
2015-11,39201010,聚乙烯塑膠板、片及扁條,科威特,出口總值(含復出口),0.2463,22
2015-11,39201010,聚乙烯塑膠板、片及扁條,美國,出口總值(含復出口),152.27831,15092
2015-11,39201010,聚乙烯塑膠板、片及扁條,香港,出口總值(含復出口),124.87684,56942
2015-11,39201010,聚乙烯塑膠板、片及扁條,泰國,出口總值(含復出口),205.29556,49860
2015-11,39201010,聚乙烯塑膠板、片及扁條,馬來西亞,出口總值(含復出口),87.7463,26020
2015-11,39201010,聚乙烯塑膠板、片及扁條,荷蘭,出口總值(含復出口),5.26477,180
2015-11,39201010,聚乙烯塑膠板、片及扁條,智利,出口總值(含復出口),3.35591,3000
2015-11,39201010,聚乙烯塑膠板、片及扁條,菲律賓,出口總值(含復出口),76.93965,27566
2015-11,39201010,聚乙烯塑膠板、片及扁條,越南,出口總值(含復出口),73.33743,32210
2015-11,39201010,聚乙烯塑膠板、片及扁條,新加坡,出口總值(含復出口),7.35837,1796
2015-11,39201010,聚乙烯塑膠板、片及扁條,模里西斯,出口總值(含復出口),4.27955,489
2015-11,39201010,聚乙烯塑膠板、片及扁條,澳大利亞,出口總值(含復出口),1.66256,380
2015-11,39202021,電容器用金屬化聚丙烯薄膜，留有未鍍邊，總寬度不超過１００公厘，總厚度在０．０１５公厘以上，０．０２５公厘以下者,中國大陸,進口總值(含復進口),21.42857,1648
2015-11,39202021,電容器用金屬化聚丙烯薄膜，留有未鍍邊，總寬度不超過１００公厘，總厚度在０．０１５公厘以上，０．０２５公厘以下者,南韓,進口總值(含復進口),68.07266,4929
2015-11,39202021,電容器用金屬化聚丙烯薄膜，留有未鍍邊，總寬度不超過１００公厘，總厚度在０．０１５公厘以上，０．０２５公厘以下者,中國大陸,出口總值(含復出口),110.09852,58275
2015-11,39202021,電容器用金屬化聚丙烯薄膜，留有未鍍邊，總寬度不超過１００公厘，總厚度在０．０１５公厘以上，０．０２５公厘以下者,香港,出口總值(含復出口),9.883,5000
2015-11,39202021,電容器用金屬化聚丙烯薄膜，留有未鍍邊，總寬度不超過１００公厘，總厚度在０．０１５公厘以上，０．０２５公厘以下者,越南,出口總值(含復出口),9.45197,4200
2015-11,39205110,聚甲基丙烯酸甲酯板、片及扁條,中國大陸,進口總值(含復進口),1184.54433,90228
2015-11,39205110,聚甲基丙烯酸甲酯板、片及扁條,中華民國,進口總值(含復進口),51.23152,14910
2015-11,39205110,聚甲基丙烯酸甲酯板、片及扁條,日本,進口總值(含復進口),254.58743,46527
2015-11,39205110,聚甲基丙烯酸甲酯板、片及扁條,南韓,進口總值(含復進口),734.45197,315366
2015-11,39205110,聚甲基丙烯酸甲酯板、片及扁條,美國,進口總值(含復進口),218.44211,35588
2015-11,39205110,聚甲基丙烯酸甲酯板、片及扁條,土耳其,出口總值(含復出口),95.19704,33490
2015-11,39205110,聚甲基丙烯酸甲酯板、片及扁條,中國大陸,出口總值(含復出口),12637.5,3962182
2015-11,39205110,聚甲基丙烯酸甲酯板、片及扁條,厄瓜多,出口總值(含復出口),4.52586,1595
2015-11,39205110,聚甲基丙烯酸甲酯板、片及扁條,巴西,出口總值(含復出口),70.62807,18556
2015-11,39205110,聚甲基丙烯酸甲酯板、片及扁條,日本,出口總值(含復出口),381.03448,100189
2015-11,39205110,聚甲基丙烯酸甲酯板、片及扁條,加拿大,出口總值(含復出口),45.87438,14582
2015-11,39205110,聚甲基丙烯酸甲酯板、片及扁條,伊拉克,出口總值(含復出口),57.57389,17655
2015-11,39205110,聚甲基丙烯酸甲酯板、片及扁條,伊朗,出口總值(含復出口),705.94211,267540
2015-11,39205110,聚甲基丙烯酸甲酯板、片及扁條,印度,出口總值(含復出口),214.90147,126045
2015-11,39205110,聚甲基丙烯酸甲酯板、片及扁條,沙烏地阿拉伯,出口總值(含復出口),219.11945,83308
2015-11,39205110,聚甲基丙烯酸甲酯板、片及扁條,坦尚尼亞,出口總值(含復出口),59.20566,18055
2015-11,39205110,聚甲基丙烯酸甲酯板、片及扁條,阿拉伯聯合大公國,出口總值(含復出口),1091.10221,420807
2015-11,39205110,聚甲基丙烯酸甲酯板、片及扁條,阿曼,出口總值(含復出口),43.71921,16127
2015-11,39205110,聚甲基丙烯酸甲酯板、片及扁條,南非,出口總值(含復出口),88.05418,24924
2015-11,39205110,聚甲基丙烯酸甲酯板、片及扁條,南韓,出口總值(含復出口),432.5431,148177
2015-11,39205110,聚甲基丙烯酸甲酯板、片及扁條,約旦,出口總值(含復出口),27.5862,8051
2015-11,39205110,聚甲基丙烯酸甲酯板、片及扁條,美國,出口總值(含復出口),1460.68349,507787
2015-11,39205110,聚甲基丙烯酸甲酯板、片及扁條,英國,出口總值(含復出口),12.43842,3187
2015-11,39205110,聚甲基丙烯酸甲酯板、片及扁條,香港,出口總值(含復出口),206.71182,73918
2015-11,39205110,聚甲基丙烯酸甲酯板、片及扁條,馬來西亞,出口總值(含復出口),23.64532,6482
2015-11,39205110,聚甲基丙烯酸甲酯板、片及扁條,斯洛維尼亞,出口總值(含復出口),200.98522,61028
2015-11,39205110,聚甲基丙烯酸甲酯板、片及扁條,菲律賓,出口總值(含復出口),55.60344,18616
2015-11,39205110,聚甲基丙烯酸甲酯板、片及扁條,新加坡,出口總值(含復出口),79.34113,29237
2015-11,39205110,聚甲基丙烯酸甲酯板、片及扁條,德國,出口總值(含復出口),53.50985,7849
2015-11,39205110,聚甲基丙烯酸甲酯板、片及扁條,黎巴嫩,出口總值(含復出口),56.12684,17847
2015-11,39205110,聚甲基丙烯酸甲酯板、片及扁條,澳大利亞,出口總值(含復出口),176.90886,60435
2015-11,39205110,聚甲基丙烯酸甲酯板、片及扁條,賽普勒斯,出口總值(含復出口),64.93226,19248
2015-11,39206210,聚對苯二甲酸乙二酯製板、片及扁條,中國大陸,進口總值(含復進口),597.10591,352729
2015-11,39206210,聚對苯二甲酸乙二酯製板、片及扁條,中華民國,進口總值(含復進口),89.5628,14406
2015-11,39206210,聚對苯二甲酸乙二酯製板、片及扁條,日本,進口總值(含復進口),194.67364,24041
2015-11,39206210,聚對苯二甲酸乙二酯製板、片及扁條,印度,進口總值(含復進口),3.54064,1968
2015-11,39206210,聚對苯二甲酸乙二酯製板、片及扁條,南韓,進口總值(含復進口),1006.98891,184378
2015-11,39206210,聚對苯二甲酸乙二酯製板、片及扁條,美國,進口總值(含復進口),148.86083,28036
2015-11,39206210,聚對苯二甲酸乙二酯製板、片及扁條,菲律賓,進口總值(含復進口),0.2463,11
2015-11,39206210,聚對苯二甲酸乙二酯製板、片及扁條,德國,進口總值(含復進口),7.38916,462
2015-11,39206210,聚對苯二甲酸乙二酯製板、片及扁條,中國大陸,出口總值(含復出口),13573.02954,1924607
2015-11,39206210,聚對苯二甲酸乙二酯製板、片及扁條,巴西,出口總值(含復出口),54.34113,47429
2015-11,39206210,聚對苯二甲酸乙二酯製板、片及扁條,日本,出口總值(含復出口),863.11575,368746
2015-11,39206210,聚對苯二甲酸乙二酯製板、片及扁條,加拿大,出口總值(含復出口),119.70443,80223
2015-11,39206210,聚對苯二甲酸乙二酯製板、片及扁條,印度,出口總值(含復出口),84.97536,66718
2015-11,39206210,聚對苯二甲酸乙二酯製板、片及扁條,宏都拉斯,出口總值(含復出口),20.19704,14614
2015-11,39206210,聚對苯二甲酸乙二酯製板、片及扁條,阿曼,出口總值(含復出口),27.74014,22800
2015-11,39206210,聚對苯二甲酸乙二酯製板、片及扁條,南非,出口總值(含復出口),12.06896,10730
2015-11,39206210,聚對苯二甲酸乙二酯製板、片及扁條,南韓,出口總值(含復出口),340.57881,49925
2015-11,39206210,聚對苯二甲酸乙二酯製板、片及扁條,美國,出口總值(含復出口),725.46182,538121
2015-11,39206210,聚對苯二甲酸乙二酯製板、片及扁條,香港,出口總值(含復出口),1682.94334,196818
2015-11,39206210,聚對苯二甲酸乙二酯製板、片及扁條,泰國,出口總值(含復出口),42.51847,22200
2015-11,39206210,聚對苯二甲酸乙二酯製板、片及扁條,紐西蘭,出口總值(含復出口),419.21182,322497
2015-11,39206210,聚對苯二甲酸乙二酯製板、片及扁條,馬來西亞,出口總值(含復出口),289.62438,137534
2015-11,39206210,聚對苯二甲酸乙二酯製板、片及扁條,荷蘭,出口總值(含復出口),6.31157,243
2015-11,39206210,聚對苯二甲酸乙二酯製板、片及扁條,幾內亞,出口總值(含復出口),0.33866,95
2015-11,39206210,聚對苯二甲酸乙二酯製板、片及扁條,斯里蘭卡,出口總值(含復出口),19.42733,14000
2015-11,39206210,聚對苯二甲酸乙二酯製板、片及扁條,菲律賓,出口總值(含復出口),151.47783,111902
2015-11,39206210,聚對苯二甲酸乙二酯製板、片及扁條,越南,出口總值(含復出口),38.14655,30994
2015-11,39206210,聚對苯二甲酸乙二酯製板、片及扁條,新加坡,出口總值(含復出口),77.80172,36572
2015-11,39206210,聚對苯二甲酸乙二酯製板、片及扁條,德國,出口總值(含復出口),14.47044,10204
2015-11,39206210,聚對苯二甲酸乙二酯製板、片及扁條,墨西哥,出口總值(含復出口),41.6564,31840
2015-11,39206210,聚對苯二甲酸乙二酯製板、片及扁條,澳大利亞,出口總值(含復出口),583.15886,412873
2015-11,39206210,聚對苯二甲酸乙二酯製板、片及扁條,羅馬尼亞,出口總值(含復出口),7.38916,500
2015-11,39209991,其他塑膠板、片及扁條，非多孔性及未經以其他物質加強、積層、支持或與其他物質類似結合者,中國大陸,進口總值(含復進口),73.30665,18640
2015-11,39209991,其他塑膠板、片及扁條，非多孔性及未經以其他物質加強、積層、支持或與其他物質類似結合者,日本,進口總值(含復進口),222.25985,28357
2015-11,39209991,其他塑膠板、片及扁條，非多孔性及未經以其他物質加強、積層、支持或與其他物質類似結合者,南韓,進口總值(含復進口),685.89901,170270
2015-11,39209991,其他塑膠板、片及扁條，非多孔性及未經以其他物質加強、積層、支持或與其他物質類似結合者,美國,進口總值(含復進口),268.2266,2003
2015-11,39209991,其他塑膠板、片及扁條，非多孔性及未經以其他物質加強、積層、支持或與其他物質類似結合者,馬來西亞,進口總值(含復進口),100.33866,28887
2015-11,39209991,其他塑膠板、片及扁條，非多孔性及未經以其他物質加強、積層、支持或與其他物質類似結合者,越南,進口總值(含復進口),44.11945,2180
2015-11,39209991,其他塑膠板、片及扁條，非多孔性及未經以其他物質加強、積層、支持或與其他物質類似結合者,新加坡,進口總值(含復進口),6.4963,172
2015-11,39209991,其他塑膠板、片及扁條，非多孔性及未經以其他物質加強、積層、支持或與其他物質類似結合者,義大利,進口總值(含復進口),3.29433,303
2015-11,39209991,其他塑膠板、片及扁條，非多孔性及未經以其他物質加強、積層、支持或與其他物質類似結合者,德國,進口總值(含復進口),23.55295,680
2015-11,39209991,其他塑膠板、片及扁條，非多孔性及未經以其他物質加強、積層、支持或與其他物質類似結合者,土耳其,出口總值(含復出口),15.48645,1740
2015-11,39209991,其他塑膠板、片及扁條，非多孔性及未經以其他物質加強、積層、支持或與其他物質類似結合者,中國大陸,出口總值(含復出口),2387.80788,296002
2015-11,39209991,其他塑膠板、片及扁條，非多孔性及未經以其他物質加強、積層、支持或與其他物質類似結合者,巴西,出口總值(含復出口),0.73891,267
2015-11,39209991,其他塑膠板、片及扁條，非多孔性及未經以其他物質加強、積層、支持或與其他物質類似結合者,日本,出口總值(含復出口),60.03694,1053
2015-11,39209991,其他塑膠板、片及扁條，非多孔性及未經以其他物質加強、積層、支持或與其他物質類似結合者,比利時,出口總值(含復出口),1.8165,50
2015-11,39209991,其他塑膠板、片及扁條，非多孔性及未經以其他物質加強、積層、支持或與其他物質類似結合者,加拿大,出口總值(含復出口),50.95443,27163
2015-11,39209991,其他塑膠板、片及扁條，非多孔性及未經以其他物質加強、積層、支持或與其他物質類似結合者,印度,出口總值(含復出口),0.7697,21
2015-11,39209991,其他塑膠板、片及扁條，非多孔性及未經以其他物質加強、積層、支持或與其他物質類似結合者,科威特,出口總值(含復出口),45.53571,10489
2015-11,39209991,其他塑膠板、片及扁條，非多孔性及未經以其他物質加強、積層、支持或與其他物質類似結合者,美國,出口總值(含復出口),101.57019,1054
2015-11,39209991,其他塑膠板、片及扁條，非多孔性及未經以其他物質加強、積層、支持或與其他物質類似結合者,香港,出口總值(含復出口),57.69704,1728
2015-11,39209991,其他塑膠板、片及扁條，非多孔性及未經以其他物質加強、積層、支持或與其他物質類似結合者,泰國,出口總值(含復出口),14.0394,3233
2015-11,39209991,其他塑膠板、片及扁條，非多孔性及未經以其他物質加強、積層、支持或與其他物質類似結合者,馬來西亞,出口總值(含復出口),29.31034,4924
2015-11,39209991,其他塑膠板、片及扁條，非多孔性及未經以其他物質加強、積層、支持或與其他物質類似結合者,菲律賓,出口總值(含復出口),77.37068,19462
2015-11,39209991,其他塑膠板、片及扁條，非多孔性及未經以其他物質加強、積層、支持或與其他物質類似結合者,越南,出口總值(含復出口),2.09359,215
2015-11,39209991,其他塑膠板、片及扁條，非多孔性及未經以其他物質加強、積層、支持或與其他物質類似結合者,新加坡,出口總值(含復出口),7.63546,208
2015-11,39209991,其他塑膠板、片及扁條，非多孔性及未經以其他物質加強、積層、支持或與其他物質類似結合者,德國,出口總值(含復出口),0.61576,17
2015-12,39201010,聚乙烯塑膠板、片及扁條,中國大陸,進口總值(含復進口),334.60949,135752
2015-12,39201010,聚乙烯塑膠板、片及扁條,日本,進口總值(含復進口),218.80551,27627
2015-12,39201010,聚乙烯塑膠板、片及扁條,加拿大,進口總值(含復進口),4.47166,934
2015-12,39201010,聚乙烯塑膠板、片及扁條,印度,進口總值(含復進口),4.25727,1099
2015-12,39201010,聚乙烯塑膠板、片及扁條,南韓,進口總值(含復進口),46.98315,14041
2015-12,39201010,聚乙烯塑膠板、片及扁條,美國,進口總值(含復進口),1749.98468,19101
2015-12,39201010,聚乙烯塑膠板、片及扁條,泰國,進口總值(含復進口),22.48085,4704
2015-12,39201010,聚乙烯塑膠板、片及扁條,馬來西亞,進口總值(含復進口),5.63552,3036
2015-12,39201010,聚乙烯塑膠板、片及扁條,菲律賓,進口總值(含復進口),5.97243,1200
2015-12,39201010,聚乙烯塑膠板、片及扁條,越南,進口總值(含復進口),1.62327,543
2015-12,39201010,聚乙烯塑膠板、片及扁條,義大利,進口總值(含復進口),1.28637,480
2015-12,39201010,聚乙烯塑膠板、片及扁條,德國,進口總值(含復進口),32.61868,7545
2015-12,39201010,聚乙烯塑膠板、片及扁條,中國大陸,出口總值(含復出口),159.69372,32373
2015-12,39201010,聚乙烯塑膠板、片及扁條,日本,出口總值(含復出口),165.97243,70661
2015-12,39201010,聚乙烯塑膠板、片及扁條,加拿大,出口總值(含復出口),50.38284,4588
2015-12,39201010,聚乙烯塑膠板、片及扁條,印尼,出口總值(含復出口),30.71975,23366
2015-12,39201010,聚乙烯塑膠板、片及扁條,波蘭,出口總值(含復出口),10.4441,90
2015-12,39201010,聚乙烯塑膠板、片及扁條,法國,出口總值(含復出口),2.08269,960
2015-12,39201010,聚乙烯塑膠板、片及扁條,俄羅斯,出口總值(含復出口),2.81776,157
2015-12,39201010,聚乙烯塑膠板、片及扁條,柬埔寨,出口總值(含復出口),16.20214,10889
2015-12,39201010,聚乙烯塑膠板、片及扁條,科威特,出口總值(含復出口),1.13323,83
2015-12,39201010,聚乙烯塑膠板、片及扁條,美國,出口總值(含復出口),364.13476,51119
2015-12,39201010,聚乙烯塑膠板、片及扁條,香港,出口總值(含復出口),117.76416,52771
2015-12,39201010,聚乙烯塑膠板、片及扁條,埃及,出口總值(含復出口),6.64624,2248
2015-12,39201010,聚乙烯塑膠板、片及扁條,泰國,出口總值(含復出口),118.683,32599
2015-12,39201010,聚乙烯塑膠板、片及扁條,紐西蘭,出口總值(含復出口),5.35987,783
2015-12,39201010,聚乙烯塑膠板、片及扁條,馬來西亞,出口總值(含復出口),48.17764,11109
2015-12,39201010,聚乙烯塑膠板、片及扁條,菲律賓,出口總值(含復出口),69.52526,25034
2015-12,39201010,聚乙烯塑膠板、片及扁條,越南,出口總值(含復出口),58.16232,36080
2015-12,39201010,聚乙烯塑膠板、片及扁條,新加坡,出口總值(含復出口),15.09954,7753
2015-12,39201010,聚乙烯塑膠板、片及扁條,德國,出口總值(含復出口),21.96018,58
2015-12,39201010,聚乙烯塑膠板、片及扁條,澳大利亞,出口總值(含復出口),1.6539,380
2015-12,39202021,電容器用金屬化聚丙烯薄膜，留有未鍍邊，總寬度不超過１００公厘，總厚度在０．０１５公厘以上，０．０２５公厘以下者,南韓,進口總值(含復進口),3.64471,136
2015-12,39202021,電容器用金屬化聚丙烯薄膜，留有未鍍邊，總寬度不超過１００公厘，總厚度在０．０１５公厘以上，０．０２５公厘以下者,中國大陸,出口總值(含復出口),173.10872,84545
2015-12,39202021,電容器用金屬化聚丙烯薄膜，留有未鍍邊，總寬度不超過１００公厘，總厚度在０．０１５公厘以上，０．０２５公厘以下者,越南,出口總值(含復出口),24.53292,11640
2015-12,39205110,聚甲基丙烯酸甲酯板、片及扁條,中國大陸,進口總值(含復進口),799.14241,95106
2015-12,39205110,聚甲基丙烯酸甲酯板、片及扁條,中華民國,進口總值(含復進口),37.366,10856
2015-12,39205110,聚甲基丙烯酸甲酯板、片及扁條,日本,進口總值(含復進口),725.32924,160304
2015-12,39205110,聚甲基丙烯酸甲酯板、片及扁條,法國,進口總值(含復進口),0.09188,2
2015-12,39205110,聚甲基丙烯酸甲酯板、片及扁條,南韓,進口總值(含復進口),1218.07044,559084
2015-12,39205110,聚甲基丙烯酸甲酯板、片及扁條,美國,進口總值(含復進口),331.11791,70498
2015-12,39205110,聚甲基丙烯酸甲酯板、片及扁條,奧地利,進口總值(含復進口),12.06738,122
2015-12,39205110,聚甲基丙烯酸甲酯板、片及扁條,德國,進口總值(含復進口),0.98009,69
2015-12,39205110,聚甲基丙烯酸甲酯板、片及扁條,土耳其,出口總值(含復出口),72.95558,29103
2015-12,39205110,聚甲基丙烯酸甲酯板、片及扁條,中國大陸,出口總值(含復出口),12512.6493,3901351
2015-12,39205110,聚甲基丙烯酸甲酯板、片及扁條,巴西,出口總值(含復出口),61.13323,23181
2015-12,39205110,聚甲基丙烯酸甲酯板、片及扁條,日本,出口總值(含復出口),348.97396,100072
2015-12,39205110,聚甲基丙烯酸甲酯板、片及扁條,比利時,出口總值(含復出口),0.12251,50
2015-12,39205110,聚甲基丙烯酸甲酯板、片及扁條,卡達,出口總值(含復出口),40.45941,16963
2015-12,39205110,聚甲基丙烯酸甲酯板、片及扁條,伊朗,出口總值(含復出口),923.21592,338737
2015-12,39205110,聚甲基丙烯酸甲酯板、片及扁條,印度,出口總值(含復出口),165.6049,91659
2015-12,39205110,聚甲基丙烯酸甲酯板、片及扁條,多明尼加,出口總值(含復出口),6.09494,2648
2015-12,39205110,聚甲基丙烯酸甲酯板、片及扁條,沙烏地阿拉伯,出口總值(含復出口),199.35681,70559
2015-12,39205110,聚甲基丙烯酸甲酯板、片及扁條,波多黎各,出口總值(含復出口),55.98774,18700
2015-12,39205110,聚甲基丙烯酸甲酯板、片及扁條,阿拉伯聯合大公國,出口總值(含復出口),895.68147,361491
2015-12,39205110,聚甲基丙烯酸甲酯板、片及扁條,阿曼,出口總值(含復出口),40.73506,16363
2015-12,39205110,聚甲基丙烯酸甲酯板、片及扁條,南非,出口總值(含復出口),108.08575,28776
2015-12,39205110,聚甲基丙烯酸甲酯板、片及扁條,南韓,出口總值(含復出口),603.03215,195803
2015-12,39205110,聚甲基丙烯酸甲酯板、片及扁條,美國,出口總值(含復出口),1931.60796,670601
2015-12,39205110,聚甲基丙烯酸甲酯板、片及扁條,香港,出口總值(含復出口),384.47166,132792
2015-12,39205110,聚甲基丙烯酸甲酯板、片及扁條,哥斯大黎加,出口總值(含復出口),52.28177,18388
2015-12,39205110,聚甲基丙烯酸甲酯板、片及扁條,馬來西亞,出口總值(含復出口),25.6049,7286
2015-12,39205110,聚甲基丙烯酸甲酯板、片及扁條,捷克,出口總值(含復出口),12.098,2456
2015-12,39205110,聚甲基丙烯酸甲酯板、片及扁條,斯里蘭卡,出口總值(含復出口),43.98162,15028
2015-12,39205110,聚甲基丙烯酸甲酯板、片及扁條,斯洛維尼亞,出口總值(含復出口),462.4196,137321
2015-12,39205110,聚甲基丙烯酸甲酯板、片及扁條,菲律賓,出口總值(含復出口),47.19754,18696
2015-12,39205110,聚甲基丙烯酸甲酯板、片及扁條,越南,出口總值(含復出口),4.99234,5360
2015-12,39205110,聚甲基丙烯酸甲酯板、片及扁條,新加坡,出口總值(含復出口),316.99846,118580
2015-12,39205110,聚甲基丙烯酸甲酯板、片及扁條,黎巴嫩,出口總值(含復出口),49.21898,19642
2015-12,39205110,聚甲基丙烯酸甲酯板、片及扁條,墨西哥,出口總值(含復出口),45.97243,16574
2015-12,39205110,聚甲基丙烯酸甲酯板、片及扁條,澳大利亞,出口總值(含復出口),95.74272,35378
2015-12,39205110,聚甲基丙烯酸甲酯板、片及扁條,薩爾瓦多,出口總值(含復出口),37.27411,11302
2015-12,39206210,聚對苯二甲酸乙二酯製板、片及扁條,中國大陸,進口總值(含復進口),427.2588,269600
2015-12,39206210,聚對苯二甲酸乙二酯製板、片及扁條,中華民國,進口總值(含復進口),291.24042,33719
2015-12,39206210,聚對苯二甲酸乙二酯製板、片及扁條,丹麥,進口總值(含復進口),0.15313,1
2015-12,39206210,聚對苯二甲酸乙二酯製板、片及扁條,日本,進口總值(含復進口),289.58652,51204
2015-12,39206210,聚對苯二甲酸乙二酯製板、片及扁條,南韓,進口總值(含復進口),1079.87748,191688
2015-12,39206210,聚對苯二甲酸乙二酯製板、片及扁條,美國,進口總值(含復進口),1.99081,63
2015-12,39206210,聚對苯二甲酸乙二酯製板、片及扁條,英國,進口總值(含復進口),6.12557,931
2015-12,39206210,聚對苯二甲酸乙二酯製板、片及扁條,泰國,進口總值(含復進口),13.26186,9066
2015-12,39206210,聚對苯二甲酸乙二酯製板、片及扁條,瑞士,進口總值(含復進口),0.52067,21
2015-12,39206210,聚對苯二甲酸乙二酯製板、片及扁條,中國大陸,出口總值(含復出口),11970.56661,1660406
2015-12,39206210,聚對苯二甲酸乙二酯製板、片及扁條,巴西,出口總值(含復出口),89.86217,74851
2015-12,39206210,聚對苯二甲酸乙二酯製板、片及扁條,巴基斯坦,出口總值(含復出口),23.98162,15561
2015-12,39206210,聚對苯二甲酸乙二酯製板、片及扁條,日本,出口總值(含復出口),411.97549,224093
2015-12,39206210,聚對苯二甲酸乙二酯製板、片及扁條,加拿大,出口總值(含復出口),214.33384,43119
2015-12,39206210,聚對苯二甲酸乙二酯製板、片及扁條,印度,出口總值(含復出口),58.28483,50720
2015-12,39206210,聚對苯二甲酸乙二酯製板、片及扁條,宏都拉斯,出口總值(含復出口),22.29709,15984
2015-12,39206210,聚對苯二甲酸乙二酯製板、片及扁條,孟加拉,出口總值(含復出口),9.40275,658
2015-12,39206210,聚對苯二甲酸乙二酯製板、片及扁條,阿拉伯聯合大公國,出口總值(含復出口),65.29862,43240
2015-12,39206210,聚對苯二甲酸乙二酯製板、片及扁條,南韓,出口總值(含復出口),186.21745,28627
2015-12,39206210,聚對苯二甲酸乙二酯製板、片及扁條,美國,出口總值(含復出口),851.24042,614116
2015-12,39206210,聚對苯二甲酸乙二酯製板、片及扁條,香港,出口總值(含復出口),1727.96324,170895
2015-12,39206210,聚對苯二甲酸乙二酯製板、片及扁條,泰國,出口總值(含復出口),62.60336,31121
2015-12,39206210,聚對苯二甲酸乙二酯製板、片及扁條,紐西蘭,出口總值(含復出口),220.3369,185203
2015-12,39206210,聚對苯二甲酸乙二酯製板、片及扁條,馬來西亞,出口總值(含復出口),487.68759,231888
2015-12,39206210,聚對苯二甲酸乙二酯製板、片及扁條,荷蘭,出口總值(含復出口),46.12557,4311
2015-12,39206210,聚對苯二甲酸乙二酯製板、片及扁條,斯里蘭卡,出口總值(含復出口),14.64012,10500
2015-12,39206210,聚對苯二甲酸乙二酯製板、片及扁條,菲律賓,出口總值(含復出口),35.46707,23617
2015-12,39206210,聚對苯二甲酸乙二酯製板、片及扁條,越南,出口總值(含復出口),42.17457,33094
2015-12,39206210,聚對苯二甲酸乙二酯製板、片及扁條,新加坡,出口總值(含復出口),22.23583,467
2015-12,39206210,聚對苯二甲酸乙二酯製板、片及扁條,德國,出口總值(含復出口),7.04441,5040
2015-12,39206210,聚對苯二甲酸乙二酯製板、片及扁條,墨西哥,出口總值(含復出口),21.47013,17280
2015-12,39206210,聚對苯二甲酸乙二酯製板、片及扁條,澳大利亞,出口總值(含復出口),503.49157,360871
2015-12,39206210,聚對苯二甲酸乙二酯製板、片及扁條,羅馬尼亞,出口總值(含復出口),4.80857,300
2015-12,39209991,其他塑膠板、片及扁條，非多孔性及未經以其他物質加強、積層、支持或與其他物質類似結合者,中國大陸,進口總值(含復進口),155.55895,36237
2015-12,39209991,其他塑膠板、片及扁條，非多孔性及未經以其他物質加強、積層、支持或與其他物質類似結合者,日本,進口總值(含復進口),386.30934,53178
2015-12,39209991,其他塑膠板、片及扁條，非多孔性及未經以其他物質加強、積層、支持或與其他物質類似結合者,南韓,進口總值(含復進口),466.89127,111513
2015-12,39209991,其他塑膠板、片及扁條，非多孔性及未經以其他物質加強、積層、支持或與其他物質類似結合者,美國,進口總值(含復進口),244.31852,2167
2015-12,39209991,其他塑膠板、片及扁條，非多孔性及未經以其他物質加強、積層、支持或與其他物質類似結合者,馬來西亞,進口總值(含復進口),100.21439,28887
2015-12,39209991,其他塑膠板、片及扁條，非多孔性及未經以其他物質加強、積層、支持或與其他物質類似結合者,奧地利,進口總值(含復進口),3.12404,515
2015-12,39209991,其他塑膠板、片及扁條，非多孔性及未經以其他物質加強、積層、支持或與其他物質類似結合者,義大利,進口總值(含復進口),2.45022,157
2015-12,39209991,其他塑膠板、片及扁條，非多孔性及未經以其他物質加強、積層、支持或與其他物質類似結合者,德國,進口總值(含復進口),55.8346,1337
2015-12,39209991,其他塑膠板、片及扁條，非多孔性及未經以其他物質加強、積層、支持或與其他物質類似結合者,土耳其,出口總值(含復出口),11.08728,422
2015-12,39209991,其他塑膠板、片及扁條，非多孔性及未經以其他物質加強、積層、支持或與其他物質類似結合者,中國大陸,出口總值(含復出口),2085.69678,259055
2015-12,39209991,其他塑膠板、片及扁條，非多孔性及未經以其他物質加強、積層、支持或與其他物質類似結合者,巴西,出口總值(含復出口),2.05206,94
2015-12,39209991,其他塑膠板、片及扁條，非多孔性及未經以其他物質加強、積層、支持或與其他物質類似結合者,日本,出口總值(含復出口),90.07656,9686
2015-12,39209991,其他塑膠板、片及扁條，非多孔性及未經以其他物質加強、積層、支持或與其他物質類似結合者,比利時,出口總值(含復出口),2.57274,76
2015-12,39209991,其他塑膠板、片及扁條，非多孔性及未經以其他物質加強、積層、支持或與其他物質類似結合者,加拿大,出口總值(含復出口),37.51914,4322
2015-12,39209991,其他塑膠板、片及扁條，非多孔性及未經以其他物質加強、積層、支持或與其他物質類似結合者,印度,出口總值(含復出口),0.76569,21
2015-12,39209991,其他塑膠板、片及扁條，非多孔性及未經以其他物質加強、積層、支持或與其他物質類似結合者,南韓,出口總值(含復出口),0.24502,6
2015-12,39209991,其他塑膠板、片及扁條，非多孔性及未經以其他物質加強、積層、支持或與其他物質類似結合者,科威特,出口總值(含復出口),85.69678,24750
2015-12,39209991,其他塑膠板、片及扁條，非多孔性及未經以其他物質加強、積層、支持或與其他物質類似結合者,美國,出口總值(含復出口),127.90199,12769
2015-12,39209991,其他塑膠板、片及扁條，非多孔性及未經以其他物質加強、積層、支持或與其他物質類似結合者,英國,出口總值(含復出口),3.36906,98
2015-12,39209991,其他塑膠板、片及扁條，非多孔性及未經以其他物質加強、積層、支持或與其他物質類似結合者,香港,出口總值(含復出口),0.64318,9
2015-12,39209991,其他塑膠板、片及扁條，非多孔性及未經以其他物質加強、積層、支持或與其他物質類似結合者,泰國,出口總值(含復出口),12.83307,3037
2015-12,39209991,其他塑膠板、片及扁條，非多孔性及未經以其他物質加強、積層、支持或與其他物質類似結合者,海地,出口總值(含復出口),0.8882,360
2015-12,39209991,其他塑膠板、片及扁條，非多孔性及未經以其他物質加強、積層、支持或與其他物質類似結合者,馬來西亞,出口總值(含復出口),18.16232,1783
2015-12,39209991,其他塑膠板、片及扁條，非多孔性及未經以其他物質加強、積層、支持或與其他物質類似結合者,荷蘭,出口總值(含復出口),0.45941,31
2015-12,39209991,其他塑膠板、片及扁條，非多孔性及未經以其他物質加強、積層、支持或與其他物質類似結合者,越南,出口總值(含復出口),9.86217,96
2015-12,39209991,其他塑膠板、片及扁條，非多孔性及未經以其他物質加強、積層、支持或與其他物質類似結合者,新加坡,出口總值(含復出口),2.57274,282
2015-12,39209991,其他塑膠板、片及扁條，非多孔性及未經以其他物質加強、積層、支持或與其他物質類似結合者,義大利,出口總值(含復出口),10.93415,1085
2015-12,39209991,其他塑膠板、片及扁條，非多孔性及未經以其他物質加強、積層、支持或與其他物質類似結合者,葡萄牙,出口總值(含復出口),1.68453,45
2015-12,39209991,其他塑膠板、片及扁條，非多孔性及未經以其他物質加強、積層、支持或與其他物質類似結合者,德國,出口總值(含復出口),6.30934,563
2015-12,39209991,其他塑膠板、片及扁條，非多孔性及未經以其他物質加強、積層、支持或與其他物質類似結合者,緬甸,出口總值(含復出口),9.73966,1500
2015-12,39209991,其他塑膠板、片及扁條，非多孔性及未經以其他物質加強、積層、支持或與其他物質類似結合者,澳大利亞,出口總值(含復出口),1.62327,220
2015-1,27101965,白臘油,中國大陸,進口總值(含復進口),17.80434,13000
2015-1,27101965,白臘油,中國大陸,出口總值(含復出口),3308.46177,3874000
2015-1,27101965,白臘油,日本,進口總值(含復進口),999.37087,1050000
2015-1,27101965,白臘油,加拿大,進口總值(含復進口),0.03145,0
2015-1,27101965,白臘油,印尼,出口總值(含復出口),396.03648,497000
2015-1,27101965,白臘油,印度,進口總值(含復進口),80.81157,80000
2015-1,27101965,白臘油,印度,出口總值(含復出口),6.22837,6000
2015-1,27101965,白臘油,沙烏地阿拉伯,出口總值(含復出口),143.09531,160000
2015-1,27101965,白臘油,其他國家,出口總值(含復出口),0.56621,0
2015-1,27101965,白臘油,孟加拉,出口總值(含復出口),150.83359,120000
2015-1,27101965,白臘油,法國,進口總值(含復進口),28.75117,18000
2015-1,27101965,白臘油,南韓,進口總值(含復進口),4106.73167,4552000
2015-1,27101965,白臘油,美國,進口總值(含復進口),92.63919,40000
2015-1,27101965,白臘油,英國,進口總值(含復進口),0.03145,0
2015-1,27101965,白臘油,香港,出口總值(含復出口),163.54199,214000
2015-1,27101965,白臘油,泰國,進口總值(含復進口),91.60113,120000
2015-1,27101965,白臘油,泰國,出口總值(含復出口),75.33815,64000
2015-1,27101965,白臘油,馬來西亞,進口總值(含復進口),1087.19723,773000
2015-1,27101965,白臘油,馬來西亞,出口總值(含復出口),131.58225,80000
2015-1,27101965,白臘油,越南,出口總值(含復出口),141.27083,189000
2015-1,27101965,白臘油,新加坡,進口總值(含復進口),11.67033,7000
2015-1,27101965,白臘油,新加坡,出口總值(含復出口),7.26643,7000
2015-1,27101965,白臘油,德國,進口總值(含復進口),0.31456,0
2015-1,27101965,白臘油,澳大利亞,進口總值(含復進口),4.687,2000
2015-1,27101965,白臘油,澳大利亞,出口總值(含復出口),67.53696,80000
2015-1,29051220,異丙醇,中國大陸,出口總值(含復出口),4470.87133,5192000
2015-1,29051220,異丙醇,中華民國,進口總值(含復進口),0.25165,0
2015-1,29051220,異丙醇,厄瓜多,出口總值(含復出口),53.63321,51000
2015-1,29051220,異丙醇,巴拉圭,出口總值(含復出口),14.40704,13000
2015-1,29051220,異丙醇,巴基斯坦,出口總值(含復出口),354.60836,313000
2015-1,29051220,異丙醇,日本,進口總值(含復進口),1066.68763,791000
2015-1,29051220,異丙醇,日本,出口總值(含復出口),0.62912,0
2015-1,29051220,異丙醇,印度,出口總值(含復出口),1517.04938,1857000
2015-1,29051220,異丙醇,孟加拉,出口總值(含復出口),18.43346,13000
2015-1,29051220,異丙醇,南非,出口總值(含復出口),13.77791,13000
2015-1,29051220,異丙醇,約旦,出口總值(含復出口),18.02453,13000
2015-1,29051220,異丙醇,美國,進口總值(含復進口),1.32117,0
2015-1,29051220,異丙醇,英國,進口總值(含復進口),1.19534,0
2015-1,29051220,異丙醇,香港,出口總值(含復出口),124.09562,102000
2015-1,29051220,異丙醇,埃及,出口總值(含復出口),40.95627,38000
2015-1,29051220,異丙醇,泰國,出口總值(含復出口),81.66089,44000
2015-1,29051220,異丙醇,紐西蘭,出口總值(含復出口),48.9462,39000
2015-1,29051220,異丙醇,馬來西亞,出口總值(含復出口),118.52783,50000
2015-1,29051220,異丙醇,斯里蘭卡,出口總值(含復出口),24.9764,26000
2015-1,29051220,異丙醇,菲律賓,進口總值(含復進口),1.0066,1000
2015-1,29051220,異丙醇,菲律賓,出口總值(含復出口),271.50047,126000
2015-1,29051220,異丙醇,越南,出口總值(含復出口),160.83674,110000
2015-1,29051220,異丙醇,新加坡,進口總值(含復進口),1.5099,1000
2015-1,29051220,異丙醇,新加坡,出口總值(含復出口),93.36269,47000
2015-1,29051220,異丙醇,德國,進口總值(含復進口),1.63573,0
2015-1,29051220,異丙醇,緬甸,出口總值(含復出口),0.97514,0
2015-1,29051220,異丙醇,澳大利亞,出口總值(含復出口),158.06857,130000
2015-1,29051300,正丁醇,中國大陸,出口總值(含復出口),6524.50456,8006000
2015-1,29051300,正丁醇,西班牙,進口總值(含復進口),0.34602,0
2015-1,29051300,正丁醇,南非,進口總值(含復進口),639.38345,800000
2015-1,29051300,正丁醇,美國,進口總值(含復進口),0.31456,0
2015-1,29051300,正丁醇,英國,進口總值(含復進口),0.2831,0
2015-1,29051300,正丁醇,斯里蘭卡,出口總值(含復出口),15.13054,13000
2015-1,29051300,正丁醇,越南,出口總值(含復出口),0.47184,0
2015-1,29051300,正丁醇,德國,進口總值(含復進口),1.5099,0
2015-1,29094100,２，２'－氧基二乙醇（二乙二醇）,中國大陸,出口總值(含復出口),10191.9786,11990000
2015-1,29094100,２，２'－氧基二乙醇（二乙二醇）,日本,進口總值(含復進口),0.47184,9
2015-1,29094100,２，２'－氧基二乙醇（二乙二醇）,日本,出口總值(含復出口),39.57219,37620
2015-1,29094100,２，２'－氧基二乙醇（二乙二醇）,孟加拉,出口總值(含復出口),55.42623,54000
2015-1,29094100,２，２'－氧基二乙醇（二乙二醇）,英國,進口總值(含復進口),0.18873,9
2015-1,29094100,２，２'－氧基二乙醇（二乙二醇）,香港,出口總值(含復出口),25.13368,16000
2015-1,29094100,２，２'－氧基二乙醇（二乙二醇）,菲律賓,出口總值(含復出口),103.27146,94220
2015-1,29094100,２，２'－氧基二乙醇（二乙二醇）,越南,出口總值(含復出口),407.70682,519800
2015-1,29094100,２，２'－氧基二乙醇（二乙二醇）,德國,進口總值(含復進口),0.06291,5
2015-1,29094100,２，２'－氧基二乙醇（二乙二醇）,澳門,出口總值(含復出口),41.52249,36000
2015-1,29094310,乙二醇丁醚,中國大陸,進口總值(含復進口),3.11418,400
2015-1,29094310,乙二醇丁醚,日本,進口總值(含復進口),0.56621,135
2015-1,29094310,乙二醇丁醚,日本,出口總值(含復出口),104.62409,35737
2015-1,29094310,乙二醇丁醚,比利時,進口總值(含復進口),6.79458,291
2015-1,29094310,乙二醇丁醚,法國,進口總值(含復進口),296.13085,211710
2015-1,29094310,乙二醇丁醚,南韓,進口總值(含復進口),25.54262,20460
2015-1,29094310,乙二醇丁醚,柬埔寨,出口總值(含復出口),6.8575,1800
2015-1,29094310,乙二醇丁醚,美國,進口總值(含復進口),1841.52249,1366469
2015-1,29094310,乙二醇丁醚,泰國,出口總值(含復出口),2.79962,720
2015-1,29094310,乙二醇丁醚,紐西蘭,出口總值(含復出口),4.65555,2960
2015-1,29094310,乙二醇丁醚,菲律賓,出口總值(含復出口),4.49826,2035
2015-1,29094310,乙二醇丁醚,越南,出口總值(含復出口),18.05599,11100
2015-1,29153200,醋酸乙烯酯,中國大陸,進口總值(含復進口),1150.23592,996272
2015-1,29153200,醋酸乙烯酯,中國大陸,出口總值(含復出口),21713.46335,25102298
2015-1,29153200,醋酸乙烯酯,巴基斯坦,出口總值(含復出口),353.75904,304000
2015-1,29153200,醋酸乙烯酯,日本,進口總值(含復進口),124.9764,120630
2015-1,29153200,醋酸乙烯酯,日本,出口總值(含復出口),38.65995,39900
2015-1,29153200,醋酸乙烯酯,印度,出口總值(含復出口),35.89178,30400
2015-1,29153200,醋酸乙烯酯,奈及利亞,出口總值(含復出口),90.81472,76000
2015-1,29153200,醋酸乙烯酯,委內瑞拉,出口總值(含復出口),22.77445,15200
2015-1,29153200,醋酸乙烯酯,南韓,出口總值(含復出口),2008.0843,2031958
2015-1,29153200,醋酸乙烯酯,美國,進口總值(含復進口),0.22019,16
2015-1,29153200,醋酸乙烯酯,英國,進口總值(含復進口),0.03145,1
2015-1,29153200,醋酸乙烯酯,荷蘭,進口總值(含復進口),0.75495,60
2015-1,29153200,醋酸乙烯酯,斯里蘭卡,出口總值(含復出口),112.01635,91200
2015-1,29153200,醋酸乙烯酯,新加坡,進口總值(含復進口),1220.22648,1106692
2015-1,29153200,醋酸乙烯酯,德國,進口總值(含復進口),0.62912,20
2015-2,27101965,白臘油,中國大陸,進口總值(含復進口),75.15923,60000
2015-2,27101965,白臘油,中國大陸,出口總值(含復出口),5970.25477,7146000
2015-2,27101965,白臘油,日本,進口總值(含復進口),35.41401,14000
2015-2,27101965,白臘油,比利時,進口總值(含復進口),11.94267,7000
2015-2,27101965,白臘油,加拿大,進口總值(含復進口),0.09554,0
2015-2,27101965,白臘油,印尼,出口總值(含復出口),96.0828,136000
2015-2,27101965,白臘油,印度,進口總值(含復進口),34.84076,33000
2015-2,27101965,白臘油,印度,出口總值(含復出口),5.95541,5000
2015-2,27101965,白臘油,沙烏地阿拉伯,出口總值(含復出口),64.17197,80000
2015-2,27101965,白臘油,其他國家,出口總值(含復出口),1.59235,0
2015-2,27101965,白臘油,孟加拉,出口總值(含復出口),81.52866,69000
2015-2,27101965,白臘油,法國,進口總值(含復進口),29.9363,19000
2015-2,27101965,白臘油,南韓,進口總值(含復進口),632.48407,654000
2015-2,27101965,白臘油,南韓,出口總值(含復出口),14.20382,18000
2015-2,27101965,白臘油,美國,進口總值(含復進口),72.54777,29000
2015-2,27101965,白臘油,香港,出口總值(含復出口),738.2484,948000
2015-2,27101965,白臘油,泰國,進口總值(含復進口),100.92356,124000
2015-2,27101965,白臘油,泰國,出口總值(含復出口),40.63694,57000
2015-2,27101965,白臘油,馬來西亞,出口總值(含復出口),26.43312,17000
2015-2,27101965,白臘油,越南,出口總值(含復出口),112.35668,151000
2015-2,27101965,白臘油,新加坡,進口總值(含復進口),5.12738,3000
2015-2,27101965,白臘油,澳大利亞,出口總值(含復出口),44.23566,60000
2015-2,29051220,異丙醇,中國大陸,出口總值(含復出口),2073.43949,2519000
2015-2,29051220,異丙醇,中華民國,進口總值(含復進口),15.19107,12000
2015-2,29051220,異丙醇,巴基斯坦,出口總值(含復出口),357.32484,362000
2015-2,29051220,異丙醇,日本,進口總值(含復進口),796.36942,591000
2015-2,29051220,異丙醇,加拿大,進口總值(含復進口),1.14649,0
2015-2,29051220,異丙醇,印度,出口總值(含復出口),147.1656,143000
2015-2,29051220,異丙醇,孟加拉,出口總值(含復出口),99.58598,78000
2015-2,29051220,異丙醇,阿拉伯聯合大公國,出口總值(含復出口),14.23566,13000
2015-2,29051220,異丙醇,南韓,進口總值(含復進口),14.55414,18000
2015-2,29051220,異丙醇,美國,進口總值(含復進口),48.15286,11000
2015-2,29051220,異丙醇,香港,出口總值(含復出口),27.86624,26000
2015-2,29051220,異丙醇,埃及,出口總值(含復出口),39.71337,39000
2015-2,29051220,異丙醇,泰國,出口總值(含復出口),21.0828,11000
2015-2,29051220,異丙醇,紐西蘭,出口總值(含復出口),13.21656,13000
2015-2,29051220,異丙醇,馬來西亞,出口總值(含復出口),21.5605,11000
2015-2,29051220,異丙醇,斯里蘭卡,出口總值(含復出口),55.73248,52000
2015-2,29051220,異丙醇,智利,出口總值(含復出口),28.34394,26000
2015-2,29051220,異丙醇,菲律賓,進口總值(含復進口),0.4777,1000
2015-2,29051220,異丙醇,菲律賓,出口總值(含復出口),314.87261,152000
2015-2,29051220,異丙醇,越南,出口總值(含復出口),15,14000
2015-2,29051220,異丙醇,新加坡,出口總值(含復出口),51.24203,28000
2015-2,29051220,異丙醇,德國,進口總值(含復進口),11.21019,0
2015-2,29051220,異丙醇,澳大利亞,出口總值(含復出口),104.17197,91000
2015-2,29051300,正丁醇,中國大陸,出口總值(含復出口),11214.26751,14019000
2015-2,29051300,正丁醇,日本,出口總值(含復出口),2.7707,2000
2015-2,29051300,正丁醇,比利時,進口總值(含復進口),0.28662,0
2015-2,29051300,正丁醇,南韓,出口總值(含復出口),1558.02547,2000000
2015-2,29051300,正丁醇,美國,進口總值(含復進口),0.22292,0
2015-2,29051300,正丁醇,英國,進口總值(含復進口),0.06369,0
2015-2,29051300,正丁醇,斯里蘭卡,出口總值(含復出口),14.45859,13000
2015-2,29051300,正丁醇,菲律賓,出口總值(含復出口),48.18471,42000
2015-2,29051300,正丁醇,德國,進口總值(含復進口),0.50955,0
2015-2,29051300,正丁醇,澳大利亞,出口總值(含復出口),65.4777,68000
2015-2,29094100,２，２'－氧基二乙醇（二乙二醇）,中國大陸,出口總值(含復出口),4143.34394,5113850
2015-2,29094100,２，２'－氧基二乙醇（二乙二醇）,日本,出口總值(含復出口),92.57961,91600
2015-2,29094100,２，２'－氧基二乙醇（二乙二醇）,比利時,進口總值(含復進口),0.4777,0
2015-2,29094100,２，２'－氧基二乙醇（二乙二醇）,英國,進口總值(含復進口),0.25477,8
2015-2,29094100,２，２'－氧基二乙醇（二乙二醇）,香港,出口總值(含復出口),33.91719,26875
2015-2,29094100,２，２'－氧基二乙醇（二乙二醇）,馬來西亞,出口總值(含復出口),36.21019,36000
2015-2,29094100,２，２'－氧基二乙醇（二乙二醇）,菲律賓,出口總值(含復出口),22.19745,22280
2015-2,29094100,２，２'－氧基二乙醇（二乙二醇）,新加坡,出口總值(含復出口),20.38216,18000
2015-2,29094100,２，２'－氧基二乙醇（二乙二醇）,德國,進口總值(含復進口),0.06369,5
2015-2,29094100,２，２'－氧基二乙醇（二乙二醇）,澳大利亞,出口總值(含復出口),19.20382,18000
2015-2,29094310,乙二醇丁醚,中國大陸,出口總值(含復出口),0.15923,30
2015-2,29094310,乙二醇丁醚,日本,進口總值(含復進口),1.21019,272
2015-2,29094310,乙二醇丁醚,日本,出口總值(含復出口),34.64968,8275
2015-2,29094310,乙二醇丁醚,法國,進口總值(含復進口),147.61146,107260
2015-2,29094310,乙二醇丁醚,南韓,進口總值(含復進口),24.45859,19830
2015-2,29094310,乙二醇丁醚,美國,進口總值(含復進口),584.17197,439600
2015-2,29094310,乙二醇丁醚,英國,進口總值(含復進口),0.03184,1
2015-2,29094310,乙二醇丁醚,泰國,出口總值(含復出口),2.80254,720
2015-2,29094310,乙二醇丁醚,菲律賓,出口總值(含復出口),6.6242,3760
2015-2,29094310,乙二醇丁醚,德國,進口總值(含復進口),0.03184,2
2015-2,29153200,醋酸乙烯酯,中國大陸,出口總值(含復出口),8842.1656,11385067
2015-2,29153200,醋酸乙烯酯,巴基斯坦,出口總值(含復出口),198.50318,182400
2015-2,29153200,醋酸乙烯酯,比利時,進口總值(含復進口),0.03184,1
2015-2,29153200,醋酸乙烯酯,奈及利亞,出口總值(含復出口),267.7707,228000
2015-2,29153200,醋酸乙烯酯,孟加拉,出口總值(含復出口),19.74522,15200
2015-2,29153200,醋酸乙烯酯,美國,進口總值(含復進口),0.03184,0
2015-2,29153200,醋酸乙烯酯,荷蘭,進口總值(含復進口),0.06369,4
2015-2,29153200,醋酸乙烯酯,斯里蘭卡,出口總值(含復出口),38.82165,30400
2015-2,29153200,醋酸乙烯酯,德國,進口總值(含復進口),1.17834,1
2015-3,27101965,白臘油,中國大陸,進口總值(含復進口),904.69543,660000
2015-3,27101965,白臘油,中國大陸,出口總值(含復出口),3982.13832,4731000
2015-3,27101965,白臘油,巴西,出口總值(含復出口),194.13071,240000
2015-3,27101965,白臘油,日本,進口總值(含復進口),53.90228,21000
2015-3,27101965,白臘油,卡達,進口總值(含復進口),4352.79187,5031000
2015-3,27101965,白臘油,印度,進口總值(含復進口),53.36294,53000
2015-3,27101965,白臘油,印度,出口總值(含復出口),44.51142,46000
2015-3,27101965,白臘油,西班牙,進口總值(含復進口),0.09517,0
2015-3,27101965,白臘油,沙烏地阿拉伯,出口總值(含復出口),131.85279,160000
2015-3,27101965,白臘油,其他國家,出口總值(含復出口),0.88832,0
2015-3,27101965,白臘油,孟加拉,出口總值(含復出口),366.46573,306000
2015-3,27101965,白臘油,南韓,進口總值(含復進口),3974.23857,5901000
2015-3,27101965,白臘油,南韓,出口總值(含復出口),45.49492,54000
2015-3,27101965,白臘油,美國,進口總值(含復進口),130.10786,77000
2015-3,27101965,白臘油,英國,進口總值(含復進口),0.03172,0
2015-3,27101965,白臘油,香港,出口總值(含復出口),201.52284,265000
2015-3,27101965,白臘油,泰國,出口總值(含復出口),29.31472,40000
2015-3,27101965,白臘油,馬來西亞,進口總值(含復進口),1521.82741,1435000
2015-3,27101965,白臘油,馬來西亞,出口總值(含復出口),27.56979,18000
2015-3,27101965,白臘油,越南,出口總值(含復出口),338.32486,458000
2015-3,27101965,白臘油,新加坡,進口總值(含復進口),10.50126,7000
2015-3,27101965,白臘油,德國,進口總值(含復進口),0.1269,0
2015-3,29051220,異丙醇,中國大陸,出口總值(含復出口),3026.99873,3292000
2015-3,29051220,異丙醇,中華民國,進口總值(含復進口),0.95177,0
2015-3,29051220,異丙醇,厄瓜多,出口總值(含復出口),26.20558,26000
2015-3,29051220,異丙醇,巴基斯坦,出口總值(含復出口),677.44289,703000
2015-3,29051220,異丙醇,日本,進口總值(含復進口),1538.07106,1172000
2015-3,29051220,異丙醇,比利時,進口總值(含復進口),0.19035,0
2015-3,29051220,異丙醇,加拿大,進口總值(含復進口),5.77411,0
2015-3,29051220,異丙醇,印尼,出口總值(含復出口),0.79314,0
2015-3,29051220,異丙醇,印度,出口總值(含復出口),1562.08756,1776000
2015-3,29051220,異丙醇,奈及利亞,出口總值(含復出口),53.61675,51000
2015-3,29051220,異丙醇,孟加拉,出口總值(含復出口),32.64593,26000
2015-3,29051220,異丙醇,肯亞,出口總值(含復出口),13.13451,13000
2015-3,29051220,異丙醇,南韓,進口總值(含復進口),901.36421,1001000
2015-3,29051220,異丙醇,美國,進口總值(含復進口),17.98857,4000
2015-3,29051220,異丙醇,英國,進口總值(含復進口),0.34898,0
2015-3,29051220,異丙醇,香港,出口總值(含復出口),80.80583,55000
2015-3,29051220,異丙醇,埃及,出口總值(含復出口),24.46065,26000
2015-3,29051220,異丙醇,泰國,出口總值(含復出口),60.31091,33000
2015-3,29051220,異丙醇,馬來西亞,出口總值(含復出口),163.7373,76000
2015-3,29051220,異丙醇,斯里蘭卡,出口總值(含復出口),43.0203,38000
2015-3,29051220,異丙醇,菲律賓,進口總值(含復進口),0.9835,2000
2015-3,29051220,異丙醇,菲律賓,出口總值(含復出口),278.55329,128000
2015-3,29051220,異丙醇,越南,出口總值(含復出口),90.86294,86000
2015-3,29051220,異丙醇,新加坡,出口總值(含復出口),77.44289,36000
2015-3,29051220,異丙醇,德國,進口總值(含復進口),15.06979,2000
2015-3,29051220,異丙醇,澳大利亞,出口總值(含復出口),77.91878,65000
2015-3,29051300,正丁醇,中國大陸,出口總值(含復出口),14331.28172,17110000
2015-3,29051300,正丁醇,日本,進口總值(含復進口),0.09517,0
2015-3,29051300,正丁醇,日本,出口總值(含復出口),5.20304,4000
2015-3,29051300,正丁醇,比利時,進口總值(含復進口),0.50761,0
2015-3,29051300,正丁醇,南韓,出口總值(含復出口),1639.30837,2000000
2015-3,29051300,正丁醇,美國,進口總值(含復進口),0.53934,0
2015-3,29051300,正丁醇,英國,進口總值(含復進口),0.1269,0
2015-3,29051300,正丁醇,剛果民主共和國,出口總值(含復出口),18.52791,13000
2015-3,29051300,正丁醇,泰國,出口總值(含復出口),190.16497,205000
2015-3,29051300,正丁醇,馬來西亞,進口總值(含復進口),876.74492,1030000
2015-3,29051300,正丁醇,菲律賓,出口總值(含復出口),6.21827,6000
2015-3,29051300,正丁醇,德國,進口總值(含復進口),0.47588,0
2015-3,29051300,正丁醇,澳大利亞,出口總值(含復出口),30.29822,36000
2015-3,29094100,２，２'－氧基二乙醇（二乙二醇）,中國大陸,出口總值(含復出口),14298.22335,17092860
2015-3,29094100,２，２'－氧基二乙醇（二乙二醇）,巴西,出口總值(含復出口),37.40482,36000
2015-3,29094100,２，２'－氧基二乙醇（二乙二醇）,日本,出口總值(含復出口),53.61675,54360
2015-3,29094100,２，２'－氧基二乙醇（二乙二醇）,比利時,進口總值(含復進口),0.85659,3
2015-3,29094100,２，２'－氧基二乙醇（二乙二醇）,孟加拉,出口總值(含復出口),52.6967,54000
2015-3,29094100,２，２'－氧基二乙醇（二乙二醇）,英國,進口總值(含復進口),0.22208,7
2015-3,29094100,２，２'－氧基二乙醇（二乙二醇）,香港,出口總值(含復出口),5.71065,2100
2015-3,29094100,２，２'－氧基二乙醇（二乙二醇）,斯里蘭卡,出口總值(含復出口),17.82994,18000
2015-3,29094100,２，２'－氧基二乙醇（二乙二醇）,菲律賓,出口總值(含復出口),46.54187,45000
2015-3,29094100,２，２'－氧基二乙醇（二乙二醇）,越南,出口總值(含復出口),35.08883,26000
2015-3,29094100,２，２'－氧基二乙醇（二乙二醇）,德國,進口總值(含復進口),0.06345,5
2015-3,29094310,乙二醇丁醚,日本,進口總值(含復進口),1.07868,14
2015-3,29094310,乙二醇丁醚,日本,出口總值(含復出口),40.1967,10249
2015-3,29094310,乙二醇丁醚,比利時,進口總值(含復進口),0.19035,9
2015-3,29094310,乙二醇丁醚,印尼,出口總值(含復出口),0.57106,370
2015-3,29094310,乙二醇丁醚,坦尚尼亞,出口總值(含復出口),10.31091,7400
2015-3,29094310,乙二醇丁醚,肯亞,出口總值(含復出口),7.13832,5180
2015-3,29094310,乙二醇丁醚,美國,進口總值(含復進口),1049.23857,780393
2015-3,29094310,乙二醇丁醚,紐西蘭,出口總值(含復出口),3.26776,2220
2015-3,29094310,乙二醇丁醚,越南,出口總值(含復出口),10.27918,6475
2015-3,29094310,乙二醇丁醚,德國,進口總值(含復進口),273.73096,200000
2015-3,29153200,醋酸乙烯酯,中國大陸,出口總值(含復出口),13474.77791,17998155
2015-3,29153200,醋酸乙烯酯,巴基斯坦,出口總值(含復出口),199.17512,197600
2015-3,29153200,醋酸乙烯酯,日本,出口總值(含復出口),595.717,695396
2015-3,29153200,醋酸乙烯酯,印度,出口總值(含復出口),49.96827,45600
2015-3,29153200,醋酸乙烯酯,沙烏地阿拉伯,進口總值(含復進口),1045.39974,1046428
2015-3,29153200,醋酸乙烯酯,南韓,出口總值(含復出口),5519.82868,6096283
2015-3,29153200,醋酸乙烯酯,泰國,出口總值(含復出口),35.7868,30400
2015-3,29153200,醋酸乙烯酯,荷蘭,進口總值(含復進口),0.28553,23
2015-3,29153200,醋酸乙烯酯,斯里蘭卡,出口總值(含復出口),87.08756,76000
2015-3,29153200,醋酸乙烯酯,新加坡,進口總值(含復進口),1096.00253,1123992
2015-3,29153200,醋酸乙烯酯,德國,進口總值(含復進口),0.03172,0
2015-4,27101965,白臘油,中國大陸,出口總值(含復出口),7266.144,8615000
2015-4,27101965,白臘油,巴西,出口總值(含復出口),196.224,240000
2015-4,27101965,白臘油,日本,進口總值(含復進口),1213.056,1995000
2015-4,27101965,白臘油,印度,進口總值(含復進口),38.048,40000
2015-4,27101965,白臘油,印度,出口總值(含復出口),7.136,6000
2015-4,27101965,白臘油,其他國家,出口總值(含復出口),2.016,0
2015-4,27101965,白臘油,孟加拉,出口總值(含復出口),64.352,51000
2015-4,27101965,白臘油,南韓,進口總值(含復進口),1601.92,2074000
2015-4,27101965,白臘油,美國,進口總值(含復進口),219.456,115000
2015-4,27101965,白臘油,香港,出口總值(含復出口),120.096,152000
2015-4,27101965,白臘油,泰國,出口總值(含復出口),31.392,40000
2015-4,27101965,白臘油,馬來西亞,進口總值(含復進口),501.216,475000
2015-4,27101965,白臘油,馬來西亞,出口總值(含復出口),30.944,18000
2015-4,27101965,白臘油,越南,出口總值(含復出口),176.256,231000
2015-4,27101965,白臘油,新加坡,進口總值(含復進口),10.432,7000
2015-4,27101965,白臘油,澳大利亞,出口總值(含復出口),61.344,80000
2015-4,29051220,異丙醇,中國大陸,出口總值(含復出口),4592.032,5103000
2015-4,29051220,異丙醇,中華民國,進口總值(含復進口),1.152,0
2015-4,29051220,異丙醇,巴基斯坦,出口總值(含復出口),660.672,666000
2015-4,29051220,異丙醇,日本,進口總值(含復進口),874.592,837000
2015-4,29051220,異丙醇,比利時,進口總值(含復進口),0.032,0
2015-4,29051220,異丙醇,印度,進口總值(含復進口),44.864,9000
2015-4,29051220,異丙醇,印度,出口總值(含復出口),184.48,167000
2015-4,29051220,異丙醇,西班牙,進口總值(含復進口),1.28,0
2015-4,29051220,異丙醇,奈及利亞,出口總值(含復出口),44.224,38000
2015-4,29051220,異丙醇,孟加拉,出口總值(含復出口),70.176,49000
2015-4,29051220,異丙醇,阿拉伯聯合大公國,出口總值(含復出口),20.448,26000
2015-4,29051220,異丙醇,南韓,進口總值(含復進口),16.288,18000
2015-4,29051220,異丙醇,約旦,出口總值(含復出口),14.016,13000
2015-4,29051220,異丙醇,美國,進口總值(含復進口),15.712,3000
2015-4,29051220,異丙醇,英國,進口總值(含復進口),0.832,0
2015-4,29051220,異丙醇,香港,出口總值(含復出口),68.928,42000
2015-4,29051220,異丙醇,埃及,出口總值(含復出口),90.496,77000
2015-4,29051220,異丙醇,泰國,出口總值(含復出口),31.456,24000
2015-4,29051220,異丙醇,紐西蘭,出口總值(含復出口),15.936,13000
2015-4,29051220,異丙醇,馬來西亞,出口總值(含復出口),92.128,39000
2015-4,29051220,異丙醇,菲律賓,進口總值(含復進口),0.608,1000
2015-4,29051220,異丙醇,菲律賓,出口總值(含復出口),98.016,51000
2015-4,29051220,異丙醇,越南,出口總值(含復出口),62.336,64000
2015-4,29051220,異丙醇,新加坡,出口總值(含復出口),124.992,62000
2015-4,29051220,異丙醇,瑞士,進口總值(含復進口),0.16,0
2015-4,29051220,異丙醇,德國,進口總值(含復進口),4.448,0
2015-4,29051220,異丙醇,澳大利亞,出口總值(含復出口),80.416,65000
2015-4,29051300,正丁醇,中國大陸,出口總值(含復出口),11900.544,13452000
2015-4,29051300,正丁醇,日本,進口總值(含復進口),0.224,0
2015-4,29051300,正丁醇,比利時,進口總值(含復進口),0.256,0
2015-4,29051300,正丁醇,南非,進口總值(含復進口),921.024,1000000
2015-4,29051300,正丁醇,美國,進口總值(含復進口),0.096,0
2015-4,29051300,正丁醇,英國,進口總值(含復進口),0.032,0
2015-4,29051300,正丁醇,泰國,出口總值(含復出口),166.592,177000
2015-4,29051300,正丁醇,菲律賓,出口總值(含復出口),50.176,44000
2015-4,29051300,正丁醇,越南,出口總值(含復出口),15.264,13000
2015-4,29051300,正丁醇,德國,進口總值(含復進口),1.952,0
2015-4,29051300,正丁醇,澳大利亞,出口總值(含復出口),30.976,29000
2015-4,29094100,２，２'－氧基二乙醇（二乙二醇）,中國大陸,出口總值(含復出口),12122.016,14148610
2015-4,29094100,２，２'－氧基二乙醇（二乙二醇）,巴西,出口總值(含復出口),19.072,18000
2015-4,29094100,２，２'－氧基二乙醇（二乙二醇）,巴基斯坦,出口總值(含復出口),55.968,54000
2015-4,29094100,２，２'－氧基二乙醇（二乙二醇）,日本,進口總值(含復進口),0.576,11
2015-4,29094100,２，２'－氧基二乙醇（二乙二醇）,日本,出口總值(含復出口),17.248,19370
2015-4,29094100,２，２'－氧基二乙醇（二乙二醇）,孟加拉,出口總值(含復出口),53.12,54000
2015-4,29094100,２，２'－氧基二乙醇（二乙二醇）,南非,出口總值(含復出口),30.56,36000
2015-4,29094100,２，２'－氧基二乙醇（二乙二醇）,英國,進口總值(含復進口),0.032,1
2015-4,29094100,２，２'－氧基二乙醇（二乙二醇）,香港,出口總值(含復出口),10.112,7875
2015-4,29094100,２，２'－氧基二乙醇（二乙二醇）,菲律賓,出口總值(含復出口),65.024,62560
2015-4,29094100,２，２'－氧基二乙醇（二乙二醇）,越南,出口總值(含復出口),52.512,45500
2015-4,29094100,２，２'－氧基二乙醇（二乙二醇）,德國,進口總值(含復進口),0.224,15
2015-4,29094310,乙二醇丁醚,日本,進口總值(含復進口),1.152,270
2015-4,29094310,乙二醇丁醚,孟加拉,出口總值(含復出口),0.096,60
2015-4,29094310,乙二醇丁醚,柬埔寨,出口總值(含復出口),6.752,1800
2015-4,29094310,乙二醇丁醚,美國,進口總值(含復進口),660.32,506139
2015-4,29094310,乙二醇丁醚,菲律賓,出口總值(含復出口),2.08,925
2015-4,29094310,乙二醇丁醚,越南,出口總值(含復出口),4.32,2775
2015-4,29094310,乙二醇丁醚,德國,進口總值(含復進口),394.176,285512
2015-4,29153200,醋酸乙烯酯,中國大陸,出口總值(含復出口),10280,12592213
2015-4,29153200,醋酸乙烯酯,巴基斯坦,出口總值(含復出口),353.728,349600
2015-4,29153200,醋酸乙烯酯,印度,出口總值(含復出口),16.672,15200
2015-4,29153200,醋酸乙烯酯,沙烏地阿拉伯,進口總值(含復進口),4246.24,4616555
2015-4,29153200,醋酸乙烯酯,奈及利亞,出口總值(含復出口),229.728,197600
2015-4,29153200,醋酸乙烯酯,南韓,出口總值(含復出口),1909.344,2006602
2015-4,29153200,醋酸乙烯酯,新加坡,進口總值(含復進口),1206.944,1203479
2015-4,29153200,醋酸乙烯酯,德國,進口總值(含復進口),0.32,1
2015-5,27101965,白臘油,不丹,出口總值(含復出口),8.9041,10000
2015-5,27101965,白臘油,中國大陸,出口總值(含復出口),6016.3405,6732000
2015-5,27101965,白臘油,日本,進口總值(含復進口),910.40443,1015000
2015-5,27101965,白臘油,印尼,出口總值(含復出口),257.20808,303000
2015-5,27101965,白臘油,印度,出口總值(含復出口),20.35225,17000
2015-5,27101965,白臘油,沙烏地阿拉伯,出口總值(含復出口),160.7632,180000
2015-5,27101965,白臘油,其他國家,出口總值(含復出口),0.424,0
2015-5,27101965,白臘油,孟加拉,出口總值(含復出口),171.72211,152000
2015-5,27101965,白臘油,阿根廷,出口總值(含復出口),93.57469,120000
2015-5,27101965,白臘油,南韓,進口總值(含復進口),510.50228,648000
2015-5,27101965,白臘油,南韓,出口總值(含復出口),15.45988,18000
2015-5,27101965,白臘油,美國,進口總值(含復進口),138.55185,66000
2015-5,27101965,白臘油,香港,出口總值(含復出口),188.58447,226000
2015-5,27101965,白臘油,泰國,出口總值(含復出口),49.77168,52000
2015-5,27101965,白臘油,荷蘭,進口總值(含復進口),1.98956,1000
2015-5,27101965,白臘油,越南,出口總值(含復出口),237.67123,316000
2015-5,27101965,白臘油,新加坡,進口總值(含復進口),10.37181,7000
2015-5,27101965,白臘油,新加坡,出口總值(含復出口),6.4253,6000
2015-5,27101965,白臘油,澳大利亞,出口總值(含復出口),33.0724,40000
2015-5,29051220,異丙醇,中國大陸,出口總值(含復出口),2182.6484,2185000
2015-5,29051220,異丙醇,中華民國,進口總值(含復進口),19.17807,20000
2015-5,29051220,異丙醇,巴基斯坦,出口總值(含復出口),472.01565,495000
2015-5,29051220,異丙醇,日本,進口總值(含復進口),873.22243,838000
2015-5,29051220,異丙醇,加拿大,進口總值(含復進口),31.34377,0
2015-5,29051220,異丙醇,印度,出口總值(含復出口),1294.81409,1385000
2015-5,29051220,異丙醇,孟加拉,出口總值(含復出口),49.08675,39000
2015-5,29051220,異丙醇,肯亞,出口總值(含復出口),14.31833,13000
2015-5,29051220,異丙醇,阿拉伯聯合大公國,出口總值(含復出口),20.48271,26000
2015-5,29051220,異丙醇,南韓,進口總值(含復進口),32.6484,36000
2015-5,29051220,異丙醇,突尼西亞,出口總值(含復出口),14.0574,13000
2015-5,29051220,異丙醇,美國,進口總值(含復進口),112.03522,35000
2015-5,29051220,異丙醇,美國,出口總值(含復出口),5.3816,2000
2015-5,29051220,異丙醇,英國,進口總值(含復進口),0.03261,0
2015-5,29051220,異丙醇,香港,出口總值(含復出口),108.25179,86000
2015-5,29051220,異丙醇,埃及,出口總值(含復出口),47.9452,52000
2015-5,29051220,異丙醇,紐西蘭,出口總值(含復出口),31.11545,26000
2015-5,29051220,異丙醇,馬來西亞,出口總值(含復出口),157.76255,71000
2015-5,29051220,異丙醇,斯里蘭卡,出口總值(含復出口),14.57925,13000
2015-5,29051220,異丙醇,菲律賓,進口總值(含復進口),1.40247,2000
2015-5,29051220,異丙醇,菲律賓,出口總值(含復出口),180.26744,91000
2015-5,29051220,異丙醇,越南,出口總值(含復出口),140.31311,83000
2015-5,29051220,異丙醇,新加坡,出口總值(含復出口),141.03065,68000
2015-5,29051220,異丙醇,德國,進口總值(含復進口),5.93607,1000
2015-5,29051220,異丙醇,澳大利亞,出口總值(含復出口),172.1135,141000
2015-5,29051220,異丙醇,澳門,出口總值(含復出口),16.56881,16000
2015-5,29051300,正丁醇,中國大陸,進口總值(含復進口),1.07632,0
2015-5,29051300,正丁醇,中國大陸,出口總值(含復出口),12379.09328,13257000
2015-5,29051300,正丁醇,日本,進口總值(含復進口),0.03261,0
2015-5,29051300,正丁醇,日本,出口總值(含復出口),7.69732,7000
2015-5,29051300,正丁醇,美國,進口總值(含復進口),14.44879,2000
2015-5,29051300,正丁醇,越南,出口總值(含復出口),0.65231,0
2015-5,29051300,正丁醇,澳大利亞,出口總值(含復出口),11.08936,10000
2015-5,29094100,２，２'－氧基二乙醇（二乙二醇）,中國大陸,出口總值(含復出口),13239.53033,13993219
2015-5,29094100,２，２'－氧基二乙醇（二乙二醇）,巴基斯坦,出口總值(含復出口),17.93868,18000
2015-5,29094100,２，２'－氧基二乙醇（二乙二醇）,日本,進口總值(含復進口),0.22831,4
2015-5,29094100,２，２'－氧基二乙醇（二乙二醇）,日本,出口總值(含復出口),39.33463,36390
2015-5,29094100,２，２'－氧基二乙醇（二乙二醇）,比利時,進口總值(含復進口),0.03261,0
2015-5,29094100,２，２'－氧基二乙醇（二乙二醇）,孟加拉,出口總值(含復出口),88.78016,90000
2015-5,29094100,２，２'－氧基二乙醇（二乙二醇）,南非,出口總值(含復出口),35.61643,36000
2015-5,29094100,２，２'－氧基二乙醇（二乙二醇）,柬埔寨,出口總值(含復出口),1.0437,675
2015-5,29094100,２，２'－氧基二乙醇（二乙二醇）,英國,進口總值(含復進口),0.09784,6
2015-5,29094100,２，２'－氧基二乙醇（二乙二醇）,香港,出口總值(含復出口),11.74168,4200
2015-5,29094100,２，２'－氧基二乙醇（二乙二醇）,菲律賓,出口總值(含復出口),86.26875,80450
2015-5,29094100,２，２'－氧基二乙醇（二乙二醇）,越南,出口總值(含復出口),505.8056,518500
2015-5,29094310,乙二醇丁醚,中國大陸,出口總值(含復出口),0.06523,15
2015-5,29094310,乙二醇丁醚,日本,進口總值(含復進口),1.63078,435
2015-5,29094310,乙二醇丁醚,日本,出口總值(含復出口),59.32811,19980
2015-5,29094310,乙二醇丁醚,印尼,出口總值(含復出口),0.58708,370
2015-5,29094310,乙二醇丁醚,委內瑞拉,出口總值(含復出口),0.424,40
2015-5,29094310,乙二醇丁醚,法國,進口總值(含復進口),246.60795,217060
2015-5,29094310,乙二醇丁醚,肯亞,出口總值(含復出口),10.63274,7400
2015-5,29094310,乙二醇丁醚,美國,進口總值(含復進口),688.97586,586666
2015-5,29094310,乙二醇丁醚,英國,進口總值(含復進口),0.06523,2
2015-5,29094310,乙二醇丁醚,紐西蘭,出口總值(含復出口),5.44683,3700
2015-5,29094310,乙二醇丁醚,越南,出口總值(含復出口),15.16634,9435
2015-5,29153200,醋酸乙烯酯,中國大陸,出口總值(含復出口),10650.45662,12367412
2015-5,29153200,醋酸乙烯酯,巴基斯坦,出口總值(含復出口),359.26288,349600
2015-5,29153200,醋酸乙烯酯,日本,進口總值(含復進口),979.81082,1002492
2015-5,29153200,醋酸乙烯酯,印度,出口總值(含復出口),16.99282,15200
2015-5,29153200,醋酸乙烯酯,奈及利亞,出口總值(含復出口),311.12198,273600
2015-5,29153200,醋酸乙烯酯,美國,進口總值(含復進口),0.03261,0
2015-5,29153200,醋酸乙烯酯,荷蘭,進口總值(含復進口),0.03261,1
2015-5,29153200,醋酸乙烯酯,斯里蘭卡,出口總值(含復出口),122.92889,106400
2015-5,29153200,醋酸乙烯酯,新加坡,進口總值(含復進口),637.27984,619331
2015-6,27101965,白臘油,中國大陸,出口總值(含復出口),8091.74519,8902000
2015-6,27101965,白臘油,中華民國,進口總值(含復進口),0.90997,3000
2015-6,27101965,白臘油,日本,進口總值(含復進口),34.22164,13000
2015-6,27101965,白臘油,印尼,出口總值(含復出口),111.47221,124000
2015-6,27101965,白臘油,印度,進口總值(含復進口),66.91582,66000
2015-6,27101965,白臘油,印度,出口總值(含復出口),18.16704,15000
2015-6,27101965,白臘油,西班牙,進口總值(含復進口),2044.68638,1856000
2015-6,27101965,白臘油,沙烏地阿拉伯,出口總值(含復出口),90.73773,100000
2015-6,27101965,白臘油,其他國家,出口總值(含復出口),1.20246,0
2015-6,27101965,白臘油,孟加拉,出口總值(含復出口),70.52323,67000
2015-6,27101965,白臘油,法國,進口總值(含復進口),40.36399,14000
2015-6,27101965,白臘油,南韓,進口總值(含復進口),3106.98732,4313000
2015-6,27101965,白臘油,美國,進口總值(含復進口),199.54501,108000
2015-6,27101965,白臘油,香港,出口總值(含復出口),34.83912,40000
2015-6,27101965,白臘油,馬來西亞,進口總值(含復進口),1061.35846,995000
2015-6,27101965,白臘油,斯里蘭卡,出口總值(含復出口),15.56711,17000
2015-6,27101965,白臘油,越南,出口總值(含復出口),100.25998,110000
2015-6,27101965,白臘油,新加坡,出口總值(含復出口),3.37991,4000
2015-6,27101965,白臘油,澳大利亞,出口總值(含復出口),33.31166,40000
2015-6,29051220,異丙醇,中國大陸,出口總值(含復出口),2972.53818,3187000
2015-6,29051220,異丙醇,中華民國,進口總值(含復進口),0.90997,0
2015-6,29051220,異丙醇,巴基斯坦,出口總值(含復出口),265.48586,260000
2015-6,29051220,異丙醇,日本,進口總值(含復進口),1091.06272,1070000
2015-6,29051220,異丙醇,比利時,進口總值(含復進口),0.03249,0
2015-6,29051220,異丙醇,加拿大,進口總值(含復進口),12.38219,4000
2015-6,29051220,異丙醇,印尼,出口總值(含復出口),448.09879,510000
2015-6,29051220,異丙醇,印度,出口總值(含復出口),2003.02242,2211000
2015-6,29051220,異丙醇,西班牙,進口總值(含復進口),0.25999,0
2015-6,29051220,異丙醇,孟加拉,出口總值(含復出口),16.05459,13000
2015-6,29051220,異丙醇,南韓,進口總值(含復進口),38.41403,37000
2015-6,29051220,異丙醇,美國,進口總值(含復進口),39.9415,6000
2015-6,29051220,異丙醇,美國,出口總值(含復出口),25.86935,11000
2015-6,29051220,異丙醇,英國,進口總值(含復進口),1.75495,0
2015-6,29051220,異丙醇,香港,出口總值(含復出口),39.22651,16000
2015-6,29051220,異丙醇,埃及,出口總值(含復出口),74.39064,64000
2015-6,29051220,異丙醇,馬來西亞,出口總值(含復出口),295.25511,134000
2015-6,29051220,異丙醇,斯里蘭卡,出口總值(含復出口),29.34676,26000
2015-6,29051220,異丙醇,菲律賓,進口總值(含復進口),1.10497,1000
2015-6,29051220,異丙醇,菲律賓,出口總值(含復出口),111.53721,51000
2015-6,29051220,異丙醇,越南,出口總值(含復出口),66.10334,8000
2015-6,29051220,異丙醇,新加坡,進口總值(含復進口),1.26746,1000
2015-6,29051220,異丙醇,新加坡,出口總值(含復出口),120.01949,60000
2015-6,29051220,異丙醇,德國,進口總值(含復進口),7.9298,1000
2015-6,29051220,異丙醇,澳大利亞,出口總值(含復出口),78.32304,65000
2015-6,29051300,正丁醇,中國大陸,出口總值(含復出口),11568.89827,13055000
2015-6,29051300,正丁醇,日本,出口總值(含復出口),9.55476,8000
2015-6,29051300,正丁醇,比利時,進口總值(含復進口),0.25999,0
2015-6,29051300,正丁醇,南非,進口總值(含復進口),1187.22781,1300000
2015-6,29051300,正丁醇,南韓,進口總值(含復進口),0.58498,0
2015-6,29051300,正丁醇,美國,進口總值(含復進口),0.38999,0
2015-6,29051300,正丁醇,英國,進口總值(含復進口),0.19499,0
2015-6,29051300,正丁醇,泰國,出口總值(含復出口),18.16704,19000
2015-6,29051300,正丁醇,菲律賓,出口總值(含復出口),3.11992,3000
2015-6,29051300,正丁醇,德國,進口總值(含復進口),0.09749,0
2015-6,29051300,正丁醇,澳大利亞,出口總值(含復出口),9.09977,8000
2015-6,29094100,２，２'－氧基二乙醇（二乙二醇）,中國大陸,出口總值(含復出口),10083.5229,11000090
2015-6,29094100,２，２'－氧基二乙醇（二乙二醇）,日本,出口總值(含復出口),19.987,18000
2015-6,29094100,２，２'－氧基二乙醇（二乙二醇）,比利時,進口總值(含復進口),0.22749,0
2015-6,29094100,２，２'－氧基二乙醇（二乙二醇）,西班牙,進口總值(含復進口),1.39746,1000
2015-6,29094100,２，２'－氧基二乙醇（二乙二醇）,孟加拉,出口總值(含復出口),34.02664,36000
2015-6,29094100,２，２'－氧基二乙醇（二乙二醇）,英國,進口總值(含復進口),0.19499,6
2015-6,29094100,２，２'－氧基二乙醇（二乙二醇）,香港,出口總值(含復出口),7.7998,2800
2015-6,29094100,２，２'－氧基二乙醇（二乙二醇）,秘魯,出口總值(含復出口),36.75658,36000
2015-6,29094100,２，２'－氧基二乙醇（二乙二醇）,越南,出口總值(含復出口),9.13227,7875
2015-6,29094100,２，２'－氧基二乙醇（二乙二醇）,德國,進口總值(含復進口),0.12999,8
2015-6,29094310,乙二醇丁醚,中國大陸,出口總值(含復出口),12.47968,19115
2015-6,29094310,乙二醇丁醚,日本,出口總值(含復出口),58.01104,19980
2015-6,29094310,乙二醇丁醚,比利時,進口總值(含復進口),0.09749,5
2015-6,29094310,乙二醇丁醚,坦尚尼亞,出口總值(含復出口),10.33474,7400
2015-6,29094310,乙二醇丁醚,法國,進口總值(含復進口),124.08189,112340
2015-6,29094310,乙二醇丁醚,南韓,進口總值(含復進口),320.24699,261580
2015-6,29094310,乙二醇丁醚,美國,進口總值(含復進口),607.53981,534900
2015-6,29094310,乙二醇丁醚,英國,進口總值(含復進口),0.09749,5
2015-6,29094310,乙二醇丁醚,越南,出口總值(含復出口),9.00227,5550
2015-6,29094310,乙二醇丁醚,德國,進口總值(含復進口),0.03249,1
2015-6,29153200,醋酸乙烯酯,中國大陸,出口總值(含復出口),11977.38056,13733865
2015-6,29153200,醋酸乙烯酯,巴基斯坦,出口總值(含復出口),331.8167,319200
2015-6,29153200,醋酸乙烯酯,日本,進口總值(含復進口),986.67533,996817
2015-6,29153200,醋酸乙烯酯,比利時,出口總值(含復出口),7253.94865,7693611
2015-6,29153200,醋酸乙烯酯,印度,出口總值(含復出口),16.73708,15200
2015-6,29153200,醋酸乙烯酯,沙烏地阿拉伯,進口總值(含復進口),981.83295,1047865
2015-6,29153200,醋酸乙烯酯,南韓,出口總值(含復出口),2023.23691,2003853
2015-6,29153200,醋酸乙烯酯,美國,進口總值(含復進口),0.06499,0
2015-6,29153200,醋酸乙烯酯,埃及,出口總值(含復出口),952.42118,1009897
2015-6,29153200,醋酸乙烯酯,荷蘭,進口總值(含復進口),1.26746,107
2015-6,29153200,醋酸乙烯酯,斯里蘭卡,出口總值(含復出口),86.05784,76000
2015-6,29153200,醋酸乙烯酯,新加坡,進口總值(含復進口),614.52713,598999
2015-7,27101965,白臘油,土耳其,出口總值(含復出口),85.19715,100000
2015-7,27101965,白臘油,不丹,出口總值(含復出口),9.69618,11000
2015-7,27101965,白臘油,中國大陸,進口總值(含復進口),8.85585,6000
2015-7,27101965,白臘油,中國大陸,出口總值(含復出口),6616.41886,7716000
2015-7,27101965,白臘油,日本,進口總值(含復進口),1262.31415,1843000
2015-7,27101965,白臘油,比利時,進口總值(含復進口),20.91144,13000
2015-7,27101965,白臘油,卡達,進口總值(含復進口),5047.15578,5157000
2015-7,27101965,白臘油,印尼,出口總值(含復出口),175.75953,201000
2015-7,27101965,白臘油,印度,進口總值(含復進口),18.9722,20000
2015-7,27101965,白臘油,印度,出口總值(含復出口),12.12023,10000
2015-7,27101965,白臘油,沙烏地阿拉伯,出口總值(含復出口),131.5126,140000
2015-7,27101965,白臘油,其他國家,出口總值(含復出口),1.13122,0
2015-7,27101965,白臘油,孟加拉,出口總值(含復出口),71.49321,68000
2015-7,27101965,白臘油,南韓,進口總值(含復進口),106.62572,83000
2015-7,27101965,白臘油,美國,進口總值(含復進口),97.51131,60000
2015-7,27101965,白臘油,香港,出口總值(含復出口),145.79831,169000
2015-7,27101965,白臘油,泰國,出口總值(含復出口),71.3316,71000
2015-7,27101965,白臘油,越南,出口總值(含復出口),91.53199,119000
2015-7,27101965,白臘油,澳大利亞,出口總值(含復出口),33.90433,40000
2015-7,29051220,異丙醇,中國大陸,出口總值(含復出口),2046.89722,2185000
2015-7,29051220,異丙醇,中華民國,進口總值(含復進口),0.29088,0
2015-7,29051220,異丙醇,巴基斯坦,出口總值(含復出口),230.54298,221000
2015-7,29051220,異丙醇,日本,進口總值(含復進口),778.60374,740000
2015-7,29051220,異丙醇,加拿大,進口總值(含復進口),14.60892,5000
2015-7,29051220,異丙醇,印尼,出口總值(含復出口),0.22624,0
2015-7,29051220,異丙醇,印度,出口總值(含復出口),1448.64253,1674000
2015-7,29051220,異丙醇,孟加拉,出口總值(含復出口),48.02844,39000
2015-7,29051220,異丙醇,阿拉伯聯合大公國,出口總值(含復出口),14.22107,13000
2015-7,29051220,異丙醇,南非,進口總值(含復進口),17.22689,18000
2015-7,29051220,異丙醇,南韓,進口總值(含復進口),47.64059,54000
2015-7,29051220,異丙醇,約旦,出口總值(含復出口),14.12411,13000
2015-7,29051220,異丙醇,美國,進口總值(含復進口),96.80025,18000
2015-7,29051220,異丙醇,英國,進口總值(含復進口),3.00581,0
2015-7,29051220,異丙醇,香港,出口總值(含復出口),34.13057,21000
2015-7,29051220,異丙醇,泰國,出口總值(含復出口),52.26244,27000
2015-7,29051220,異丙醇,馬來西亞,出口總值(含復出口),133.83968,61000
2015-7,29051220,異丙醇,斯里蘭卡,出口總值(含復出口),28.15126,26000
2015-7,29051220,異丙醇,菲律賓,進口總值(含復進口),1.16354,2000
2015-7,29051220,異丙醇,菲律賓,出口總值(含復出口),245.60439,117000
2015-7,29051220,異丙醇,越南,出口總值(含復出口),28.86231,27000
2015-7,29051220,異丙醇,新加坡,出口總值(含復出口),82.02973,48000
2015-7,29051220,異丙醇,德國,進口總值(含復進口),7.78926,1000
2015-7,29051220,異丙醇,澳大利亞,出口總值(含復出口),186.61926,156000
2015-7,29051300,正丁醇,中國大陸,出口總值(含復出口),7095.44279,8000000
2015-7,29051300,正丁醇,日本,進口總值(含復進口),0.42016,0
2015-7,29051300,正丁醇,西班牙,進口總值(含復進口),0.03232,0
2015-7,29051300,正丁醇,南非,進口總值(含復進口),673.65869,724000
2015-7,29051300,正丁醇,南韓,出口總值(含復出口),877.4402,1000000
2015-7,29051300,正丁醇,英國,進口總值(含復進口),0.03232,0
2015-7,29051300,正丁醇,香港,出口總值(含復出口),0.93729,1000
2015-7,29051300,正丁醇,菲律賓,出口總值(含復出口),2.29476,2000
2015-7,29051300,正丁醇,越南,出口總值(含復出口),0.38784,0
2015-7,29051300,正丁醇,新加坡,出口總值(含復出口),892.63089,1000000
2015-7,29051300,正丁醇,德國,進口總值(含復進口),0.35552,0
2015-7,29051300,正丁醇,澳大利亞,出口總值(含復出口),17.45313,19000
2015-7,29094100,２，２'－氧基二乙醇（二乙二醇）,中國大陸,出口總值(含復出口),5911.6031,6986148
2015-7,29094100,２，２'－氧基二乙醇（二乙二醇）,巴基斯坦,出口總值(含復出口),36.13445,36000
2015-7,29094100,２，２'－氧基二乙醇（二乙二醇）,日本,進口總值(含復進口),0.25856,6
2015-7,29094100,２，２'－氧基二乙醇（二乙二醇）,日本,出口總值(含復出口),18.58435,18000
2015-7,29094100,２，２'－氧基二乙醇（二乙二醇）,比利時,進口總值(含復進口),0.1616,0
2015-7,29094100,２，２'－氧基二乙醇（二乙二醇）,西班牙,進口總值(含復進口),0.06464,12
2015-7,29094100,２，２'－氧基二乙醇（二乙二醇）,南非,出口總值(含復出口),18.90756,18000
2015-7,29094100,２，２'－氧基二乙醇（二乙二醇）,英國,進口總值(含復進口),18.84292,7360
2015-7,29094100,２，２'－氧基二乙醇（二乙二醇）,香港,出口總值(含復出口),7.78926,4775
2015-7,29094100,２，２'－氧基二乙醇（二乙二醇）,馬來西亞,出口總值(含復出口),19.97414,18000
2015-7,29094100,２，２'－氧基二乙醇（二乙二醇）,菲律賓,出口總值(含復出口),60.31027,54000
2015-7,29094100,２，２'－氧基二乙醇（二乙二醇）,越南,出口總值(含復出口),39.72204,11072
2015-7,29094100,２，２'－氧基二乙醇（二乙二醇）,新加坡,出口總值(含復出口),12.83128,11250
2015-7,29094100,２，２'－氧基二乙醇（二乙二醇）,德國,進口總值(含復進口),0.06464,5
2015-7,29094100,２，２'－氧基二乙醇（二乙二醇）,澳門,出口總值(含復出口),40.27149,36000
2015-7,29094310,乙二醇丁醚,中國大陸,出口總值(含復出口),0.06464,15
2015-7,29094310,乙二醇丁醚,日本,進口總值(含復進口),1.00193,270
2015-7,29094310,乙二醇丁醚,日本,出口總值(含復出口),49.19198,13743
2015-7,29094310,乙二醇丁醚,印尼,出口總值(含復出口),0.29088,185
2015-7,29094310,乙二醇丁醚,南韓,進口總值(含復進口),23.0446,3840
2015-7,29094310,乙二醇丁醚,柬埔寨,出口總值(含復出口),6.81965,1800
2015-7,29094310,乙二醇丁醚,美國,進口總值(含復進口),1520.97608,1277368
2015-7,29094310,乙二醇丁醚,英國,進口總值(含復進口),0.03232,1
2015-7,29094310,乙二醇丁醚,德國,進口總值(含復進口),0.96961,192
2015-7,29153200,醋酸乙烯酯,中國大陸,進口總值(含復進口),18.71363,15200
2015-7,29153200,醋酸乙烯酯,中國大陸,出口總值(含復出口),16967.58241,19255187
2015-7,29153200,醋酸乙烯酯,巴西,出口總值(含復出口),18.06722,15200
2015-7,29153200,醋酸乙烯酯,巴基斯坦,出口總值(含復出口),291.24111,273600
2015-7,29153200,醋酸乙烯酯,比利時,出口總值(含復出口),2751.74531,2998137
2015-7,29153200,醋酸乙烯酯,印尼,出口總值(含復出口),921.81641,1006238
2015-7,29153200,醋酸乙烯酯,印度,出口總值(含復出口),16.67744,15200
2015-7,29153200,醋酸乙烯酯,沙烏地阿拉伯,進口總值(含復進口),903.71687,950000
2015-7,29153200,醋酸乙烯酯,奈及利亞,出口總值(含復出口),135.52036,121600
2015-7,29153200,醋酸乙烯酯,英國,進口總值(含復進口),0.03232,1
2015-7,29153200,醋酸乙烯酯,埃及,出口總值(含復出口),921.68713,1001945
2015-7,29153200,醋酸乙烯酯,荷蘭,進口總值(含復進口),0.03232,0
2015-7,29153200,醋酸乙烯酯,斯里蘭卡,出口總值(含復出口),68.84292,60800
2015-7,29153200,醋酸乙烯酯,新加坡,進口總值(含復進口),1059.30833,1048527
2015-8,27101965,白臘油,中國大陸,出口總值(含復出口),4284.51104,5092000
2015-8,27101965,白臘油,日本,進口總值(含復進口),52.83911,19000
2015-8,27101965,白臘油,比利時,進口總值(含復進口),7.85488,5000
2015-8,27101965,白臘油,印尼,出口總值(含復出口),106.71924,121000
2015-8,27101965,白臘油,印度,進口總值(含復進口),54.73186,53000
2015-8,27101965,白臘油,沙烏地阿拉伯,出口總值(含復出口),165.45741,180000
2015-8,27101965,白臘油,其他國家,出口總值(含復出口),0.78864,0
2015-8,27101965,白臘油,法國,進口總值(含復進口),22.23974,19000
2015-8,27101965,白臘油,南韓,進口總值(含復進口),3051.00946,4340000
2015-8,27101965,白臘油,美國,進口總值(含復進口),115.99369,55000
2015-8,27101965,白臘油,美國,出口總值(含復出口),5.89905,6000
2015-8,27101965,白臘油,香港,出口總值(含復出口),91.26182,110000
2015-8,27101965,白臘油,泰國,出口總值(含復出口),85.58359,92000
2015-8,27101965,白臘油,越南,出口總值(含復出口),38.51735,44000
2015-8,27101965,白臘油,新加坡,出口總值(含復出口),4.60567,5000
2015-8,27101965,白臘油,德國,進口總值(含復進口),0.09463,0
2015-8,27101965,白臘油,澳大利亞,出口總值(含復出口),33.24921,40000
2015-8,29051220,異丙醇,中國大陸,出口總值(含復出口),1954.38485,2133000
2015-8,29051220,異丙醇,中華民國,進口總值(含復進口),24.51103,6000
2015-8,29051220,異丙醇,巴基斯坦,出口總值(含復出口),210.347,234000
2015-8,29051220,異丙醇,日本,進口總值(含復進口),748.86435,723000
2015-8,29051220,異丙醇,比利時,進口總值(含復進口),0.06309,0
2015-8,29051220,異丙醇,加拿大,進口總值(含復進口),15.80441,5000
2015-8,29051220,異丙醇,印度,進口總值(含復進口),30.694,8000
2015-8,29051220,異丙醇,印度,出口總值(含復出口),983.84858,1217000
2015-8,29051220,異丙醇,沙烏地阿拉伯,出口總值(含復出口),74.85804,77000
2015-8,29051220,異丙醇,孟加拉,出口總值(含復出口),33.02839,26000
2015-8,29051220,異丙醇,南非,進口總值(含復進口),47.91798,55000
2015-8,29051220,異丙醇,南韓,進口總值(含復進口),863.3123,1019000
2015-8,29051220,異丙醇,突尼西亞,出口總值(含復出口),12.30283,13000
2015-8,29051220,異丙醇,美國,進口總值(含復進口),160.97791,47000
2015-8,29051220,異丙醇,英國,進口總值(含復進口),2.01892,0
2015-8,29051220,異丙醇,香港,出口總值(含復出口),37.35015,21000
2015-8,29051220,異丙醇,埃及,出口總值(含復出口),25.8675,26000
2015-8,29051220,異丙醇,紐西蘭,出口總值(含復出口),13.78548,13000
2015-8,29051220,異丙醇,馬來西亞,出口總值(含復出口),264.60567,195000
2015-8,29051220,異丙醇,斯里蘭卡,出口總值(含復出口),26.46687,26000
2015-8,29051220,異丙醇,菲律賓,進口總值(含復進口),0.59936,1000
2015-8,29051220,異丙醇,菲律賓,出口總值(含復出口),289.08517,138000
2015-8,29051220,異丙醇,越南,出口總值(含復出口),49.2429,46000
2015-8,29051220,異丙醇,新加坡,出口總值(含復出口),119.5899,52000
2015-8,29051220,異丙醇,德國,進口總值(含復進口),2.83911,0
2015-8,29051220,異丙醇,澳大利亞,出口總值(含復出口),57.09779,52000
2015-8,29051300,正丁醇,中國大陸,出口總值(含復出口),14216.68769,18002000
2015-8,29051300,正丁醇,日本,進口總值(含復進口),0.15772,0
2015-8,29051300,正丁醇,比利時,進口總值(含復進口),0.06309,0
2015-8,29051300,正丁醇,南韓,進口總值(含復進口),1.23028,0
2015-8,29051300,正丁醇,南韓,出口總值(含復出口),1693.40694,2000000
2015-8,29051300,正丁醇,美國,進口總值(含復進口),0.47318,0
2015-8,29051300,正丁醇,英國,進口總值(含復進口),0.09463,0
2015-8,29051300,正丁醇,馬來西亞,進口總值(含復進口),451.92429,521000
2015-8,29051300,正丁醇,斯里蘭卡,出口總值(含復出口),13.84858,13000
2015-8,29051300,正丁醇,菲律賓,出口總值(含復出口),48.73816,47000
2015-8,29051300,正丁醇,新加坡,出口總值(含復出口),1710.94637,2000000
2015-8,29051300,正丁醇,德國,進口總值(含復進口),1.60883,0
2015-8,29051300,正丁醇,澳大利亞,出口總值(含復出口),42.61829,45000
2015-8,29094100,２，２'－氧基二乙醇（二乙二醇）,中國大陸,出口總值(含復出口),11029.84227,15082542
2015-8,29094100,２，２'－氧基二乙醇（二乙二醇）,日本,進口總值(含復進口),0.15772,4
2015-8,29094100,２，２'－氧基二乙醇（二乙二醇）,日本,出口總值(含復出口),33.43848,36110
2015-8,29094100,２，２'－氧基二乙醇（二乙二醇）,比利時,進口總值(含復進口),0.09463,0
2015-8,29094100,２，２'－氧基二乙醇（二乙二醇）,孟加拉,出口總值(含復出口),98.29652,108000
2015-8,29094100,２，２'－氧基二乙醇（二乙二醇）,英國,進口總值(含復進口),0.03154,3
2015-8,29094100,２，２'－氧基二乙醇（二乙二醇）,香港,出口總值(含復出口),11.64037,4200
2015-8,29094100,２，２'－氧基二乙醇（二乙二醇）,越南,出口總值(含復出口),32.33438,27275
2015-8,29094100,２，２'－氧基二乙醇（二乙二醇）,澳大利亞,出口總值(含復出口),13.12302,11700
2015-8,29094310,乙二醇丁醚,中國大陸,出口總值(含復出口),13.75394,20980
2015-8,29094310,乙二醇丁醚,日本,進口總值(含復進口),1.00946,270
2015-8,29094310,乙二醇丁醚,法國,進口總值(含復進口),0.06309,0
2015-8,29094310,乙二醇丁醚,柬埔寨,出口總值(含復出口),6.65615,1800
2015-8,29094310,乙二醇丁醚,美國,進口總值(含復進口),687.41324,583227
2015-8,29094310,乙二醇丁醚,菲律賓,出口總值(含復出口),6.11987,3760
2015-8,29153200,醋酸乙烯酯,中國大陸,出口總值(含復出口),16919.71608,20211357
2015-8,29153200,醋酸乙烯酯,巴西,出口總值(含復出口),17.91798,15200
2015-8,29153200,醋酸乙烯酯,巴基斯坦,出口總值(含復出口),215.89905,212800
2015-8,29153200,醋酸乙烯酯,日本,進口總值(含復進口),953.81703,1006825
2015-8,29153200,醋酸乙烯酯,日本,出口總值(含復出口),619.30599,700166
2015-8,29153200,醋酸乙烯酯,印度,出口總值(含復出口),16.90851,15200
2015-8,29153200,醋酸乙烯酯,奈及利亞,出口總值(含復出口),48.39116,45600
2015-8,29153200,醋酸乙烯酯,南韓,出口總值(含復出口),1849.02208,2012626
2015-8,29153200,醋酸乙烯酯,泰國,出口總值(含復出口),16.81388,15200
2015-8,29153200,醋酸乙烯酯,荷蘭,進口總值(含復進口),0.82018,67
2015-8,29153200,醋酸乙烯酯,斯里蘭卡,出口總值(含復出口),218.67507,197600
2015-8,29153200,醋酸乙烯酯,新加坡,進口總值(含復進口),232.39747,246718
2015-9,27101965,白臘油,不丹,出口總值(含復出口),7.45856,9000
2015-9,27101965,白臘油,中國大陸,進口總值(含復進口),137.38489,100000
2015-9,27101965,白臘油,中國大陸,出口總值(含復出口),4827.90055,6350000
2015-9,27101965,白臘油,日本,進口總值(含復進口),777.53222,1008000
2015-9,27101965,白臘油,比利時,進口總值(含復進口),6.20012,4000
2015-9,27101965,白臘油,印尼,出口總值(含復出口),207.64272,262000
2015-9,27101965,白臘油,印度,進口總值(含復進口),117.58747,113000
2015-9,27101965,白臘油,印度,出口總值(含復出口),3.8674,3000
2015-9,27101965,白臘油,沙烏地阿拉伯,出口總值(含復出口),166.39042,180000
2015-9,27101965,白臘油,其他國家,出口總值(含復出口),1.4119,0
2015-9,27101965,白臘油,孟加拉,出口總值(含復出口),335.66605,340000
2015-9,27101965,白臘油,法國,進口總值(含復進口),67.34192,56000
2015-9,27101965,白臘油,南韓,進口總值(含復進口),2271.79251,2455000
2015-9,27101965,白臘油,美國,進口總值(含復進口),921.48557,1025000
2015-9,27101965,白臘油,香港,出口總值(含復出口),273.60343,320000
2015-9,27101965,白臘油,泰國,出口總值(含復出口),74.52424,83000
2015-9,27101965,白臘油,越南,出口總值(含復出口),76.70349,119000
2015-9,27101965,白臘油,新加坡,進口總值(含復進口),11.17249,7000
2015-9,27101965,白臘油,澳大利亞,出口總值(含復出口),17.15776,20000
2015-9,29051220,異丙醇,中國大陸,進口總值(含復進口),2.79312,0
2015-9,29051220,異丙醇,中國大陸,出口總值(含復出口),464.70227,190000
2015-9,29051220,異丙醇,中華民國,進口總值(含復進口),1.10496,0
2015-9,29051220,異丙醇,巴基斯坦,出口總值(含復出口),224.95395,260000
2015-9,29051220,異丙醇,日本,進口總值(含復進口),1044.44444,991000
2015-9,29051220,異丙醇,加拿大,進口總值(含復進口),1.19705,0
2015-9,29051220,異丙醇,印度,出口總值(含復出口),1263.32105,1633000
2015-9,29051220,異丙醇,孟加拉,出口總值(含復出口),15.31614,13000
2015-9,29051220,異丙醇,南韓,進口總值(含復進口),27.86985,36000
2015-9,29051220,異丙醇,美國,進口總值(含復進口),43.70779,16000
2015-9,29051220,異丙醇,英國,進口總值(含復進口),6.38428,1000
2015-9,29051220,異丙醇,英國,出口總值(含復出口),12.52302,13000
2015-9,29051220,異丙醇,香港,出口總值(含復出口),63.62799,43000
2015-9,29051220,異丙醇,埃及,出口總值(含復出口),53.03867,64000
2015-9,29051220,異丙醇,泰國,進口總值(含復進口),0.09208,0
2015-9,29051220,異丙醇,馬來西亞,出口總值(含復出口),186.98588,81000
2015-9,29051220,異丙醇,敘利亞,出口總值(含復出口),38.3057,38000
2015-9,29051220,異丙醇,菲律賓,進口總值(含復進口),1.35052,2000
2015-9,29051220,異丙醇,菲律賓,出口總值(含復出口),337.50767,155000
2015-9,29051220,異丙醇,越南,出口總值(含復出口),29.52731,33000
2015-9,29051220,異丙醇,新加坡,出口總值(含復出口),126.94904,64000
2015-9,29051220,異丙醇,德國,進口總值(含復進口),2.70104,0
2015-9,29051220,異丙醇,模里西斯,出口總值(含復出口),11.87845,13000
2015-9,29051220,異丙醇,澳大利亞,出口總值(含復出口),13.19828,13000
2015-9,29051300,正丁醇,中國大陸,出口總值(含復出口),6726.70349,9150000
2015-9,29051300,正丁醇,日本,出口總值(含復出口),10.25168,10000
2015-9,29051300,正丁醇,南韓,出口總值(含復出口),773.11233,1000000
2015-9,29051300,正丁醇,英國,進口總值(含復進口),0.09208,0
2015-9,29051300,正丁醇,馬來西亞,進口總值(含復進口),241.83548,314000
2015-9,29051300,正丁醇,菲律賓,出口總值(含復出口),2.24063,2000
2015-9,29051300,正丁醇,越南,出口總值(含復出口),25.84407,26000
2015-9,29051300,正丁醇,德國,進口總值(含復進口),0.15346,0
2015-9,29094100,２，２'－氧基二乙醇（二乙二醇）,中國大陸,出口總值(含復出口),4012.0933,6088740
2015-9,29094100,２，２'－氧基二乙醇（二乙二醇）,巴西,出口總值(含復出口),27.90055,40220
2015-9,29094100,２，２'－氧基二乙醇（二乙二醇）,巴基斯坦,出口總值(含復出口),45.21178,72000
2015-9,29094100,２，２'－氧基二乙醇（二乙二醇）,日本,出口總值(含復出口),70.8717,91590
2015-9,29094100,２，２'－氧基二乙醇（二乙二醇）,比利時,出口總值(含復出口),563.81215,1000000
2015-9,29094100,２，２'－氧基二乙醇（二乙二醇）,瓜地馬拉,出口總值(含復出口),15.56169,18000
2015-9,29094100,２，２'－氧基二乙醇（二乙二醇）,孟加拉,出口總值(含復出口),55.40208,72000
2015-9,29094100,２，２'－氧基二乙醇（二乙二醇）,阿根廷,出口總值(含復出口),41.77409,60260
2015-9,29094100,２，２'－氧基二乙醇（二乙二醇）,南非,出口總值(含復出口),28.39165,38200
2015-9,29094100,２，２'－氧基二乙醇（二乙二醇）,英國,進口總值(含復進口),0.03069,3
2015-9,29094100,２，２'－氧基二乙醇（二乙二醇）,香港,出口總值(含復出口),22.74401,20800
2015-9,29094100,２，２'－氧基二乙醇（二乙二醇）,埃及,出口總值(含復出口),28.33026,36000
2015-9,29094100,２，２'－氧基二乙醇（二乙二醇）,菲律賓,出口總值(含復出口),35.32842,40420
2015-9,29094100,２，２'－氧基二乙醇（二乙二醇）,越南,出口總值(含復出口),42.26519,43025
2015-9,29094100,２，２'－氧基二乙醇（二乙二醇）,德國,進口總值(含復進口),0.12277,11
2015-9,29094310,乙二醇丁醚,中國大陸,進口總值(含復進口),3.00798,361
2015-9,29094310,乙二醇丁醚,日本,出口總值(含復出口),59.79128,20020
2015-9,29094310,乙二醇丁醚,法國,進口總值(含復進口),3.40699,3100
2015-9,29094310,乙二醇丁醚,南韓,進口總值(含復進口),142.87906,116720
2015-9,29094310,乙二醇丁醚,美國,進口總值(含復進口),1086.98588,934366
2015-9,29094310,乙二醇丁醚,英國,進口總值(含復進口),0.06138,3
2015-9,29153200,醋酸乙烯酯,中國大陸,進口總值(含復進口),17.58747,21820
2015-9,29153200,醋酸乙烯酯,中國大陸,出口總值(含復出口),10799.4782,14146538
2015-9,29153200,醋酸乙烯酯,巴基斯坦,出口總值(含復出口),146.13259,152000
2015-9,29153200,醋酸乙烯酯,比利時,出口總值(含復出口),3587.26212,4005754
2015-9,29153200,醋酸乙烯酯,奈及利亞,出口總值(含復出口),106.16942,106400
2015-9,29153200,醋酸乙烯酯,南韓,出口總值(含復出口),1703.25352,2000800
2015-9,29153200,醋酸乙烯酯,約旦,出口總值(含復出口),14.39533,15200
2015-9,29153200,醋酸乙烯酯,英國,進口總值(含復進口),0.03069,2
2015-9,29153200,醋酸乙烯酯,埃及,出口總值(含復出口),1605.95457,1784629
2015-9,29153200,醋酸乙烯酯,敘利亞,出口總值(含復出口),46.43953,45600
2015-9,29153200,醋酸乙烯酯,斯里蘭卡,出口總值(含復出口),15.16267,15200
2015-9,29153200,醋酸乙烯酯,新加坡,進口總值(含復進口),468.72314,524475
2015-9,29153200,醋酸乙烯酯,義大利,出口總值(含復出口),2635.63535,2983155
2015-10,27101965,白臘油,中國大陸,進口總值(含復進口),723.515,531000
2015-10,27101965,白臘油,中國大陸,出口總值(含復出口),4326.51561,5530000
2015-10,27101965,白臘油,巴西,進口總值(含復進口),30.00612,24000
2015-10,27101965,白臘油,日本,進口總值(含復進口),2.26576,0
2015-10,27101965,白臘油,日本,出口總值(含復出口),6.3074,2000
2015-10,27101965,白臘油,印尼,出口總值(含復出口),160.07348,243000
2015-10,27101965,白臘油,印度,進口總值(含復進口),77.92406,81000
2015-10,27101965,白臘油,印度,出口總值(含復出口),30.37354,26000
2015-10,27101965,白臘油,沙烏地阿拉伯,出口總值(含復出口),146.23392,180000
2015-10,27101965,白臘油,其他國家,出口總值(含復出口),1.56154,0
2015-10,27101965,白臘油,孟加拉,出口總值(含復出口),100,103000
2015-10,27101965,白臘油,法國,進口總值(含復進口),42.06981,37000
2015-10,27101965,白臘油,南韓,進口總值(含復進口),675.29087,593000
2015-10,27101965,白臘油,美國,進口總值(含復進口),88.73239,59000
2015-10,27101965,白臘油,香港,出口總值(含復出口),239.19167,295000
2015-10,27101965,白臘油,泰國,出口總值(含復出口),64.69687,80000
2015-10,27101965,白臘油,馬來西亞,出口總值(含復出口),36.37477,35000
2015-10,27101965,白臘油,越南,出口總值(含復出口),160.50214,256000
2015-10,27101965,白臘油,德國,進口總值(含復進口),1.1635,0
2015-10,27101965,白臘油,澳大利亞,出口總值(含復出口),65.4011,80000
2015-10,29051220,異丙醇,中國大陸,出口總值(含復出口),393.75382,170000
2015-10,29051220,異丙醇,中華民國,進口總值(含復進口),21.73912,8000
2015-10,29051220,異丙醇,巴基斯坦,出口總值(含復出口),214.32945,261000
2015-10,29051220,異丙醇,日本,進口總值(含復進口),864.84996,896000
2015-10,29051220,異丙醇,比利時,進口總值(含復進口),0.06123,0
2015-10,29051220,異丙醇,以色列,進口總值(含復進口),0.06123,0
2015-10,29051220,異丙醇,印尼,出口總值(含復出口),0.55113,0
2015-10,29051220,異丙醇,印度,出口總值(含復出口),101.34721,116000
2015-10,29051220,異丙醇,西班牙,進口總值(含復進口),1.37783,0
2015-10,29051220,異丙醇,沙烏地阿拉伯,出口總值(含復出口),75.07654,77000
2015-10,29051220,異丙醇,孟加拉,出口總值(含復出口),15.43172,13000
2015-10,29051220,異丙醇,南非,進口總值(含復進口),115.76852,195000
2015-10,29051220,異丙醇,南韓,進口總值(含復進口),12.30863,18000
2015-10,29051220,異丙醇,約旦,出口總值(含復出口),11.02265,13000
2015-10,29051220,異丙醇,美國,進口總值(含復進口),5.90936,0
2015-10,29051220,異丙醇,香港,出口總值(含復出口),75.04592,55000
2015-10,29051220,異丙醇,埃及,出口總值(含復出口),35.97672,38000
2015-10,29051220,異丙醇,泰國,出口總值(含復出口),64.29883,39000
2015-10,29051220,異丙醇,紐西蘭,出口總值(含復出口),13.19657,13000
2015-10,29051220,異丙醇,馬來西亞,出口總值(含復出口),102.02082,52000
2015-10,29051220,異丙醇,捷克,進口總值(含復進口),0.03061,0
2015-10,29051220,異丙醇,菲律賓,進口總值(含復進口),1.5003,3000
2015-10,29051220,異丙醇,菲律賓,出口總值(含復出口),244.85609,120000
2015-10,29051220,異丙醇,越南,出口總值(含復出口),38.48744,44000
2015-10,29051220,異丙醇,新加坡,出口總值(含復出口),58.97121,27000
2015-10,29051220,異丙醇,瑞士,進口總值(含復進口),0.15309,0
2015-10,29051220,異丙醇,德國,進口總值(含復進口),9.00183,0
2015-10,29051220,異丙醇,澳大利亞,出口總值(含復出口),52.327,52000
2015-10,29051300,正丁醇,中國大陸,出口總值(含復出口),9196.57072,14650000
2015-10,29051300,正丁醇,日本,進口總值(含復進口),0.12247,0
2015-10,29051300,正丁醇,日本,出口總值(含復出口),16.71769,17000
2015-10,29051300,正丁醇,比利時,進口總值(含復進口),0.36742,0
2015-10,29051300,正丁醇,南非,進口總值(含復進口),389.09981,500000
2015-10,29051300,正丁醇,美國,進口總值(含復進口),0.3368,0
2015-10,29051300,正丁醇,英國,進口總值(含復進口),0.30618,0
2015-10,29051300,正丁醇,馬來西亞,進口總值(含復進口),380.43478,502000
2015-10,29051300,正丁醇,斯里蘭卡,出口總值(含復出口),12.70667,13000
2015-10,29051300,正丁醇,德國,進口總值(含復進口),0.09185,0
2015-10,29051300,正丁醇,澳大利亞,出口總值(含復出口),10.28781,11000
2015-10,29094100,２，２'－氧基二乙醇（二乙二醇）,中國大陸,出口總值(含復出口),6992.95774,13048955
2015-10,29094100,２，２'－氧基二乙醇（二乙二醇）,巴西,出口總值(含復出口),14.11512,20000
2015-10,29094100,２，２'－氧基二乙醇（二乙二醇）,巴基斯坦,出口總值(含復出口),12.79853,18000
2015-10,29094100,２，２'－氧基二乙醇（二乙二醇）,日本,進口總值(含復進口),0.42865,9
2015-10,29094100,２，２'－氧基二乙醇（二乙二醇）,日本,出口總值(含復出口),62.40048,94860
2015-10,29094100,２，２'－氧基二乙醇（二乙二醇）,比利時,出口總值(含復出口),170.36129,253780
2015-10,29094100,２，２'－氧基二乙醇（二乙二醇）,孟加拉,出口總值(含復出口),48.74464,72000
2015-10,29094100,２，２'－氧基二乙醇（二乙二醇）,南非,出口總值(含復出口),9.36925,18000
2015-10,29094100,２，２'－氧基二乙醇（二乙二醇）,英國,進口總值(含復進口),0.42865,33
2015-10,29094100,２，２'－氧基二乙醇（二乙二醇）,香港,出口總值(含復出口),6.06246,6300
2015-10,29094100,２，２'－氧基二乙醇（二乙二醇）,埃及,出口總值(含復出口),30.40416,40200
2015-10,29094100,２，２'－氧基二乙醇（二乙二醇）,菲律賓,出口總值(含復出口),30.86344,40500
2015-10,29094100,２，２'－氧基二乙醇（二乙二醇）,越南,出口總值(含復出口),14.81935,8000
2015-10,29094100,２，２'－氧基二乙醇（二乙二醇）,德國,進口總值(含復進口),0.03061,1
2015-10,29094310,乙二醇丁醚,中國大陸,出口總值(含復出口),26.11757,40620
2015-10,29094310,乙二醇丁醚,日本,進口總值(含復進口),1.5003,405
2015-10,29094310,乙二醇丁醚,柬埔寨,出口總值(含復出口),13.2578,4500
2015-10,29094310,乙二醇丁醚,美國,進口總值(含復進口),1123.33129,983724
2015-10,29094310,乙二醇丁醚,泰國,出口總值(含復出口),1.40845,360
2015-10,29094310,乙二醇丁醚,菲律賓,出口總值(含復出口),1.8371,925
2015-10,29094310,乙二醇丁醚,越南,出口總值(含復出口),6.03184,4070
2015-10,29094310,乙二醇丁醚,德國,進口總值(含復進口),0.03061,2
2015-10,29153200,醋酸乙烯酯,中國大陸,出口總值(含復出口),6337.20146,8811311
2015-10,29153200,醋酸乙烯酯,巴基斯坦,出口總值(含復出口),220.42253,258400
2015-10,29153200,醋酸乙烯酯,印度,出口總值(含復出口),14.5744,15200
2015-10,29153200,醋酸乙烯酯,南韓,出口總值(含復出口),1599.72443,2021106
2015-10,29153200,醋酸乙烯酯,約旦,出口總值(含復出口),131.81261,152000
2015-10,29153200,醋酸乙烯酯,美國,出口總值(含復出口),2543.14145,3334644
2015-10,29153200,醋酸乙烯酯,英國,進口總值(含復進口),0.03061,2
2015-10,29153200,醋酸乙烯酯,哥倫比亞,出口總值(含復出口),99.93876,119660
2015-10,29153200,醋酸乙烯酯,荷蘭,進口總值(含復進口),2.54133,200
2015-10,29153200,醋酸乙烯酯,斯里蘭卡,出口總值(含復出口),73.63747,76000
2015-10,29153200,醋酸乙烯酯,菲律賓,出口總值(含復出口),17.45254,19950
2015-10,29153200,醋酸乙烯酯,新加坡,進口總值(含復進口),1132.66993,1348455
2015-10,29153200,醋酸乙烯酯,德國,進口總值(含復進口),0.91855,25
2015-11,27101965,白臘油,中國大陸,出口總值(含復出口),3589.53201,4717000
2015-11,27101965,白臘油,日本,進口總值(含復進口),771.55172,1000000
2015-11,27101965,白臘油,印尼,出口總值(含復出口),81.65024,100000
2015-11,27101965,白臘油,印度,進口總值(含復進口),38.23891,40000
2015-11,27101965,白臘油,印度,出口總值(含復出口),29.80295,26000
2015-11,27101965,白臘油,沙烏地阿拉伯,出口總值(含復出口),152.5862,200000
2015-11,27101965,白臘油,其他國家,出口總值(含復出口),0.83128,0
2015-11,27101965,白臘油,孟加拉,出口總值(含復出口),42.4261,51000
2015-11,27101965,白臘油,法國,進口總值(含復進口),63.14655,56000
2015-11,27101965,白臘油,南韓,進口總值(含復進口),2937.59236,4776000
2015-11,27101965,白臘油,南韓,出口總值(含復出口),354.21798,405000
2015-11,27101965,白臘油,美國,進口總值(含復進口),373.73768,386000
2015-11,27101965,白臘油,香港,出口總值(含復出口),739.28571,942000
2015-11,27101965,白臘油,泰國,出口總值(含復出口),31.03448,40000
2015-11,27101965,白臘油,越南,出口總值(含復出口),158.0357,231000
2015-11,27101965,白臘油,新加坡,出口總值(含復出口),15.11699,20000
2015-11,27101965,白臘油,德國,進口總值(含復進口),0.70812,0
2015-11,29051220,異丙醇,中國大陸,出口總值(含復出口),235.6527,114000
2015-11,29051220,異丙醇,中華民國,進口總值(含復進口),0.67733,0
2015-11,29051220,異丙醇,巴基斯坦,出口總值(含復出口),216.07142,260000
2015-11,29051220,異丙醇,日本,進口總值(含復進口),845.8128,928000
2015-11,29051220,異丙醇,加拿大,進口總值(含復進口),10.49876,3000
2015-11,29051220,異丙醇,印度,出口總值(含復出口),255.51108,323000
2015-11,29051220,異丙醇,西班牙,進口總值(含復進口),0.2463,0
2015-11,29051220,異丙醇,孟加拉,出口總值(含復出口),12.80788,13000
2015-11,29051220,異丙醇,阿拉伯聯合大公國,出口總值(含復出口),12.09975,13000
2015-11,29051220,異丙醇,南非,進口總值(含復進口),480.60344,805000
2015-11,29051220,異丙醇,南韓,進口總值(含復進口),18.19581,19000
2015-11,29051220,異丙醇,美國,進口總值(含復進口),51.2931,18000
2015-11,29051220,異丙醇,英國,進口總值(含復進口),0.06157,0
2015-11,29051220,異丙醇,香港,出口總值(含復出口),42.14901,34000
2015-11,29051220,異丙醇,泰國,出口總值(含復出口),51.66256,33000
2015-11,29051220,異丙醇,紐西蘭,出口總值(含復出口),36.79187,39000
2015-11,29051220,異丙醇,馬來西亞,出口總值(含復出口),170.5665,100000
2015-11,29051220,異丙醇,斯里蘭卡,出口總值(含復出口),21.02832,26000
2015-11,29051220,異丙醇,菲律賓,進口總值(含復進口),0.2463,0
2015-11,29051220,異丙醇,菲律賓,出口總值(含復出口),147.66009,75000
2015-11,29051220,異丙醇,越南,出口總值(含復出口),103.20197,97000
2015-11,29051220,異丙醇,新加坡,出口總值(含復出口),100.61576,52000
2015-11,29051220,異丙醇,德國,進口總值(含復進口),20.72044,0
2015-11,29051220,異丙醇,澳大利亞,出口總值(含復出口),48.89162,52000
2015-11,29051300,正丁醇,中國大陸,出口總值(含復出口),5762.99261,10200000
2015-11,29051300,正丁醇,日本,出口總值(含復出口),5.91133,7000
2015-11,29051300,正丁醇,西班牙,進口總值(含復進口),0.27709,0
2015-11,29051300,正丁醇,南非,進口總值(含復進口),324.81527,500000
2015-11,29051300,正丁醇,美國,進口總值(含復進口),2.40147,0
2015-11,29051300,正丁醇,英國,進口總值(含復進口),0.03078,0
2015-11,29051300,正丁醇,馬來西亞,進口總值(含復進口),332.266,492000
2015-11,29051300,正丁醇,斯里蘭卡,出口總值(含復出口),11.85344,13000
2015-11,29051300,正丁醇,菲律賓,出口總值(含復出口),30.84975,33000
2015-11,29051300,正丁醇,德國,進口總值(含復進口),1.10837,0
2015-11,29051300,正丁醇,澳大利亞,出口總值(含復出口),10.62192,13000
2015-11,29094100,２，２'－氧基二乙醇（二乙二醇）,中國大陸,出口總值(含復出口),5339.71674,11344195
2015-11,29094100,２，２'－氧基二乙醇（二乙二醇）,巴基斯坦,出口總值(含復出口),25.36945,36000
2015-11,29094100,２，２'－氧基二乙醇（二乙二醇）,日本,出口總值(含復出口),70.93596,112990
2015-11,29094100,２，２'－氧基二乙醇（二乙二醇）,比利時,進口總值(含復進口),0.46182,0
2015-11,29094100,２，２'－氧基二乙醇（二乙二醇）,沙烏地阿拉伯,進口總值(含復進口),0.15394,0
2015-11,29094100,２，２'－氧基二乙醇（二乙二醇）,孟加拉,出口總值(含復出口),62.43842,90000
2015-11,29094100,２，２'－氧基二乙醇（二乙二醇）,阿根廷,出口總值(含復出口),25.43103,39750
2015-11,29094100,２，２'－氧基二乙醇（二乙二醇）,南非,出口總值(含復出口),62.46921,97730
2015-11,29094100,２，２'－氧基二乙醇（二乙二醇）,美國,進口總值(含復進口),0.03078,0
2015-11,29094100,２，２'－氧基二乙醇（二乙二醇）,英國,進口總值(含復進口),18.90394,7366
2015-11,29094100,２，２'－氧基二乙醇（二乙二醇）,香港,出口總值(含復出口),30.75738,20200
2015-11,29094100,２，２'－氧基二乙醇（二乙二醇）,秘魯,出口總值(含復出口),12.00738,18000
2015-11,29094100,２，２'－氧基二乙醇（二乙二醇）,斯里蘭卡,出口總值(含復出口),3.04802,4500
2015-11,29094100,２，２'－氧基二乙醇（二乙二醇）,菲律賓,出口總值(含復出口),31.12684,44850
2015-11,29094100,２，２'－氧基二乙醇（二乙二醇）,越南,出口總值(含復出口),276.72413,537350
2015-11,29094100,２，２'－氧基二乙醇（二乙二醇）,德國,進口總值(含復進口),0.12315,11
2015-11,29094310,乙二醇丁醚,日本,進口總值(含復進口),26.72413,19860
2015-11,29094310,乙二醇丁醚,法國,進口總值(含復進口),0.15394,1
2015-11,29094310,乙二醇丁醚,南韓,進口總值(含復進口),11.48399,1920
2015-11,29094310,乙二醇丁醚,美國,進口總值(含復進口),900.49261,842327
2015-11,29094310,乙二醇丁醚,泰國,出口總值(含復出口),2.80172,720
2015-11,29094310,乙二醇丁醚,烏拉圭,出口總值(含復出口),9.85221,7400
2015-11,29094310,乙二醇丁醚,紐西蘭,出口總值(含復出口),6.71182,5180
2015-11,29094310,乙二醇丁醚,菲律賓,出口總值(含復出口),3.69458,1850
2015-11,29094310,乙二醇丁醚,越南,進口總值(含復進口),45.50492,76000
2015-11,29094310,乙二醇丁醚,越南,出口總值(含復出口),5.14162,3700
2015-11,29153200,醋酸乙烯酯,中國大陸,進口總值(含復進口),17.67241,21960
2015-11,29153200,醋酸乙烯酯,中國大陸,出口總值(含復出口),8664.5628,12150941
2015-11,29153200,醋酸乙烯酯,巴西,出口總值(含復出口),32.85098,30400
2015-11,29153200,醋酸乙烯酯,巴基斯坦,出口總值(含復出口),206.4963,243200
2015-11,29153200,醋酸乙烯酯,日本,進口總值(含復進口),760.49876,1000055
2015-11,29153200,醋酸乙烯酯,日本,出口總值(含復出口),508.92857,700507
2015-11,29153200,醋酸乙烯酯,比利時,出口總值(含復出口),4904.03325,6345985
2015-11,29153200,醋酸乙烯酯,印度,出口總值(含復出口),14.3165,15200
2015-11,29153200,醋酸乙烯酯,奈及利亞,出口總值(含復出口),284.63669,304000
2015-11,29153200,醋酸乙烯酯,肯亞,出口總值(含復出口),42.7032,45600
2015-11,29153200,醋酸乙烯酯,約旦,出口總值(含復出口),38.63916,45600
2015-11,29153200,醋酸乙烯酯,英國,進口總值(含復進口),0.03078,1
2015-11,29153200,醋酸乙烯酯,英國,出口總值(含復出口),721.6133,969157
2015-11,29153200,醋酸乙烯酯,哥倫比亞,出口總值(含復出口),267.27216,319350
2015-11,29153200,醋酸乙烯酯,敘利亞,出口總值(含復出口),30.14162,30400
2015-11,29153200,醋酸乙烯酯,荷蘭,進口總值(含復進口),1.16995,95
2015-11,29153200,醋酸乙烯酯,斯里蘭卡,出口總值(含復出口),116.19458,121600
2015-11,29153200,醋酸乙烯酯,新加坡,進口總值(含復進口),775.21551,958383
2015-11,29153200,醋酸乙烯酯,德國,進口總值(含復進口),1.2931,35
2015-12,27101965,白臘油,中國大陸,進口總值(含復進口),0.03062,0
2015-12,27101965,白臘油,中國大陸,出口總值(含復出口),1853.99693,2603000
2015-12,27101965,白臘油,日本,進口總值(含復進口),1141.28637,1877000
2015-12,27101965,白臘油,比利時,進口總值(含復進口),14.57886,10000
2015-12,27101965,白臘油,印度,進口總值(含復進口),86.27871,91000
2015-12,27101965,白臘油,印度,出口總值(含復出口),374.51761,537000
2015-12,27101965,白臘油,沙烏地阿拉伯,出口總值(含復出口),112.89433,160000
2015-12,27101965,白臘油,其他國家,出口總值(含復出口),1.6539,0
2015-12,27101965,白臘油,孟加拉,出口總值(含復出口),101.37825,102000
2015-12,27101965,白臘油,法國,進口總值(含復進口),102.87901,70000
2015-12,27101965,白臘油,南韓,進口總值(含復進口),1112.25114,1515000
2015-12,27101965,白臘油,美國,進口總值(含復進口),171.08728,95000
2015-12,27101965,白臘油,香港,出口總值(含復出口),127.87136,176000
2015-12,27101965,白臘油,泰國,出口總值(含復出口),31.2098,40000
2015-12,27101965,白臘油,馬來西亞,進口總值(含復進口),842.60336,919000
2015-12,27101965,白臘油,馬來西亞,出口總值(含復出口),87.10566,89000
2015-12,27101965,白臘油,越南,出口總值(含復出口),383.3078,531000
2015-12,27101965,白臘油,德國,進口總值(含復進口),0.12251,0
2015-12,27101965,白臘油,澳大利亞,出口總值(含復出口),14.51761,20000
2015-12,29051220,異丙醇,中國大陸,出口總值(含復出口),1162.48085,1265000
2015-12,29051220,異丙醇,中華民國,進口總值(含復進口),0.73506,0
2015-12,29051220,異丙醇,巴基斯坦,出口總值(含復出口),205.75803,260000
2015-12,29051220,異丙醇,日本,進口總值(含復進口),1102.38897,1222000
2015-12,29051220,異丙醇,比利時,進口總值(含復進口),7.8101,6000
2015-12,29051220,異丙醇,加拿大,進口總值(含復進口),0.70444,0
2015-12,29051220,異丙醇,印度,出口總值(含復出口),154.9464,207000
2015-12,29051220,異丙醇,孟加拉,出口總值(含復出口),47.04441,43000
2015-12,29051220,異丙醇,南韓,進口總值(含復進口),11.36294,18000
2015-12,29051220,異丙醇,約旦,出口總值(含復出口),19.41807,26000
2015-12,29051220,異丙醇,美國,進口總值(含復進口),47.74885,8000
2015-12,29051220,異丙醇,英國,進口總值(含復進口),0.12251,0
2015-12,29051220,異丙醇,香港,出口總值(含復出口),81.40888,68000
2015-12,29051220,異丙醇,埃及,出口總值(含復出口),20.49004,26000
2015-12,29051220,異丙醇,泰國,出口總值(含復出口),18.00918,11000
2015-12,29051220,異丙醇,馬來西亞,出口總值(含復出口),177.7029,94000
2015-12,29051220,異丙醇,斯里蘭卡,出口總值(含復出口),31.33231,38000
2015-12,29051220,異丙醇,菲律賓,進口總值(含復進口),0.79632,1000
2015-12,29051220,異丙醇,菲律賓,出口總值(含復出口),174.11944,77000
2015-12,29051220,異丙醇,越南,出口總值(含復出口),44.8392,48000
2015-12,29051220,異丙醇,新加坡,出口總值(含復出口),114.51761,66000
2015-12,29051220,異丙醇,德國,進口總值(含復進口),8.63705,1000
2015-12,29051220,異丙醇,澳大利亞,出口總值(含復出口),53.13935,57000
2015-12,29051300,正丁醇,中國大陸,出口總值(含復出口),2420.45941,4500000
2015-12,29051300,正丁醇,日本,出口總值(含復出口),3.95099,5000
2015-12,29051300,正丁醇,比利時,進口總值(含復進口),0.15313,0
2015-12,29051300,正丁醇,南非,進口總值(含復進口),514.24196,950000
2015-12,29051300,正丁醇,英國,進口總值(含復進口),0.18376,0
2015-12,29051300,正丁醇,斯里蘭卡,出口總值(含復出口),3.03215,3000
2015-12,29051300,正丁醇,德國,進口總值(含復進口),0.39816,0
2015-12,29051300,正丁醇,澳大利亞,出口總值(含復出口),5.23736,7000
2015-12,29094100,２，２'－氧基二乙醇（二乙二醇）,中國大陸,出口總值(含復出口),5839.84686,12323690
2015-12,29094100,２，２'－氧基二乙醇（二乙二醇）,巴基斯坦,出口總值(含復出口),24.0735,36000
2015-12,29094100,２，２'－氧基二乙醇（二乙二醇）,日本,出口總值(含復出口),47.59571,73710
2015-12,29094100,２，２'－氧基二乙醇（二乙二醇）,孟加拉,出口總值(含復出口),23.43032,36000
2015-12,29094100,２，２'－氧基二乙醇（二乙二醇）,阿根廷,出口總值(含復出口),38.10107,59750
2015-12,29094100,２，２'－氧基二乙醇（二乙二醇）,南非,出口總值(含復出口),12.3124,18000
2015-12,29094100,２，２'－氧基二乙醇（二乙二醇）,柬埔寨,出口總值(含復出口),0.70444,675
2015-12,29094100,２，２'－氧基二乙醇（二乙二醇）,英國,進口總值(含復進口),0.73506,22
2015-12,29094100,２，２'－氧基二乙醇（二乙二醇）,香港,出口總值(含復出口),15.68146,10100
2015-12,29094100,２，２'－氧基二乙醇（二乙二醇）,埃及,出口總值(含復出口),12.25114,20700
2015-12,29094100,２，２'－氧基二乙醇（二乙二醇）,馬來西亞,進口總值(含復進口),5.91117,7050
2015-12,29094100,２，２'－氧基二乙醇（二乙二醇）,馬來西亞,出口總值(含復出口),50.01531,72000
2015-12,29094100,２，２'－氧基二乙醇（二乙二醇）,敘利亞,出口總值(含復出口),38.28483,54000
2015-12,29094100,２，２'－氧基二乙醇（二乙二醇）,越南,出口總值(含復出口),32.64931,40000
2015-12,29094100,２，２'－氧基二乙醇（二乙二醇）,澳大利亞,出口總值(含復出口),15.03828,19800
2015-12,29094310,乙二醇丁醚,中國大陸,進口總值(含復進口),2.94027,380
2015-12,29094310,乙二醇丁醚,中國大陸,出口總值(含復出口),49.70903,60450
2015-12,29094310,乙二醇丁醚,日本,進口總值(含復進口),1.50076,405
2015-12,29094310,乙二醇丁醚,法國,進口總值(含復進口),102.69525,102280
2015-12,29094310,乙二醇丁醚,南韓,進口總值(含復進口),14.30321,2400
2015-12,29094310,乙二醇丁醚,柬埔寨,出口總值(含復出口),7.50382,2160
2015-12,29094310,乙二醇丁醚,美國,進口總值(含復進口),931.63859,865916
2015-12,29094310,乙二醇丁醚,泰國,出口總值(含復出口),22.2052,8510
2015-12,29153200,醋酸乙烯酯,中國大陸,進口總值(含復進口),18.98928,21960
2015-12,29153200,醋酸乙烯酯,中國大陸,出口總值(含復出口),9033.47626,12408257
2015-12,29153200,醋酸乙烯酯,巴西,出口總值(含復出口),15.46707,15200
2015-12,29153200,醋酸乙烯酯,巴基斯坦,出口總值(含復出口),373.35375,440800
2015-12,29153200,醋酸乙烯酯,印度,出口總值(含復出口),14.42572,15200
2015-12,29153200,醋酸乙烯酯,奈及利亞,出口總值(含復出口),330.9954,349600
2015-12,29153200,醋酸乙烯酯,孟加拉,出口總值(含復出口),47.38131,45600
2015-12,29153200,醋酸乙烯酯,肯亞,出口總值(含復出口),14.36447,15200
2015-12,29153200,醋酸乙烯酯,南韓,出口總值(含復出口),1596.8147,1984850
2015-12,29153200,醋酸乙烯酯,突尼西亞,出口總值(含復出口),43.30781,45600
2015-12,29153200,醋酸乙烯酯,約旦,出口總值(含復出口),64.22664,76000
2015-12,29153200,醋酸乙烯酯,英國,進口總值(含復進口),0.03062,2
2015-12,29153200,醋酸乙烯酯,哥倫比亞,出口總值(含復出口),548.0245,751761
2015-12,29153200,醋酸乙烯酯,荷蘭,進口總值(含復進口),0.03062,1
2015-12,29153200,醋酸乙烯酯,斯里蘭卡,出口總值(含復出口),144.96171,152000
2015-12,29153200,醋酸乙烯酯,新加坡,進口總值(含復進口),494.48698,576750
2015-12,29153200,醋酸乙烯酯,墨西哥,出口總值(含復出口),193.56814,239490