Date,HScode,Name,Country,Type,Value,Weight
2016-01,29161410,甲基丙烯酸甲酯,中國大陸,進口總值(含復進口),19,20
2016-01,29161410,甲基丙烯酸甲酯,中國大陸,出口總值(含復出口),325,147193
2016-01,29161410,甲基丙烯酸甲酯,中華民國,進口總值(含復進口),45,30400
2016-01,29161410,甲基丙烯酸甲酯,日本,進口總值(含復進口),1333,1018010
2016-01,29161410,甲基丙烯酸甲酯,日本,出口總值(含復出口),24,19750
2016-01,29161410,甲基丙烯酸甲酯,印尼,出口總值(含復出口),520,431490
2016-01,29161410,甲基丙烯酸甲酯,阿拉伯聯合大公國,出口總值(含復出口),20,15200
2016-01,29161410,甲基丙烯酸甲酯,南韓,出口總值(含復出口),1188,901380
2016-01,29161410,甲基丙烯酸甲酯,美國,進口總值(含復進口),1135,742104
2016-01,29161410,甲基丙烯酸甲酯,英國,進口總值(含復進口),33,52
2016-01,29161410,甲基丙烯酸甲酯,香港,出口總值(含復出口),55,42500
2016-01,29161410,甲基丙烯酸甲酯,埃及,出口總值(含復出口),43,30400
2016-01,29161410,甲基丙烯酸甲酯,泰國,出口總值(含復出口),20,15200
2016-01,29161410,甲基丙烯酸甲酯,秘魯,出口總值(含復出口),22,15200
2016-01,29161410,甲基丙烯酸甲酯,馬來西亞,出口總值(含復出口),28,16600
2016-01,29161410,甲基丙烯酸甲酯,菲律賓,出口總值(含復出口),650,509660
2016-01,29161410,甲基丙烯酸甲酯,越南,出口總值(含復出口),1531,1179630
2016-01,29161410,甲基丙烯酸甲酯,新加坡,進口總值(含復進口),4244,3041528
2016-01,29161410,甲基丙烯酸甲酯,澳大利亞,出口總值(含復出口),43,30400
2016-01,29173300,鄰苯二甲酸二壬酯或二癸酯,中國大陸,出口總值(含復出口),723,868000
2016-01,29173300,鄰苯二甲酸二壬酯或二癸酯,巴西,出口總值(含復出口),266,312000
2016-01,29173300,鄰苯二甲酸二壬酯或二癸酯,日本,出口總值(含復出口),200,221000
2016-01,29173300,鄰苯二甲酸二壬酯或二癸酯,以色列,出口總值(含復出口),67,76000
2016-01,29173300,鄰苯二甲酸二壬酯或二癸酯,加拿大,出口總值(含復出口),128,160000
2016-01,29173300,鄰苯二甲酸二壬酯或二癸酯,印尼,出口總值(含復出口),12,13000
2016-01,29173300,鄰苯二甲酸二壬酯或二癸酯,阿根廷,出口總值(含復出口),17,20000
2016-01,29173300,鄰苯二甲酸二壬酯或二癸酯,阿曼,出口總值(含復出口),167,179000
2016-01,29173300,鄰苯二甲酸二壬酯或二癸酯,南韓,出口總值(含復出口),193,220000
2016-01,29173300,鄰苯二甲酸二壬酯或二癸酯,美國,進口總值(含復進口),0,0
2016-01,29173300,鄰苯二甲酸二壬酯或二癸酯,美國,出口總值(含復出口),286,338000
2016-01,29173300,鄰苯二甲酸二壬酯或二癸酯,英國,出口總值(含復出口),36,46000
2016-01,29173300,鄰苯二甲酸二壬酯或二癸酯,泰國,出口總值(含復出口),91,111000
2016-01,29173300,鄰苯二甲酸二壬酯或二癸酯,烏克蘭,出口總值(含復出口),36,40000
2016-01,29173300,鄰苯二甲酸二壬酯或二癸酯,馬來西亞,出口總值(含復出口),113,132000
2016-01,29173300,鄰苯二甲酸二壬酯或二癸酯,菲律賓,出口總值(含復出口),298,343000
2016-01,29173300,鄰苯二甲酸二壬酯或二癸酯,越南,出口總值(含復出口),152,168000
2016-01,29173300,鄰苯二甲酸二壬酯或二癸酯,墨西哥,出口總值(含復出口),266,311000
2016-01,29173300,鄰苯二甲酸二壬酯或二癸酯,澳大利亞,出口總值(含復出口),18,20000
2016-01,29321100,四氫?喃,中國大陸,出口總值(含復出口),368,230400
2016-01,29321100,四氫?喃,日本,進口總值(含復進口),1,89
2016-01,29321100,四氫?喃,日本,出口總值(含復出口),489,264260
2016-01,29321100,四氫?喃,比利時,出口總值(含復出口),25,14400
2016-01,29321100,四氫?喃,印度,出口總值(含復出口),2412,1603200
2016-01,29321100,四氫?喃,南韓,進口總值(含復進口),4,2186
2016-01,29321100,四氫?喃,南韓,出口總值(含復出口),1407,1024030
2016-01,29321100,四氫?喃,美國,進口總值(含復進口),47,3535
2016-01,29321100,四氫?喃,哥倫比亞,出口總值(含復出口),108,72000
2016-01,29321100,四氫?喃,埃及,出口總值(含復出口),24,14400
2016-01,29321100,四氫?喃,馬來西亞,出口總值(含復出口),25,14400
2016-01,29321100,四氫?喃,荷蘭,出口總值(含復出口),49,28800
2016-01,29321100,四氫?喃,德國,進口總值(含復進口),39,2803
2016-01,39032000,苯乙烯－丙烯?共聚合物，初級狀態,土耳其,出口總值(含復出口),52,48000
2016-01,39032000,苯乙烯－丙烯?共聚合物，初級狀態,中國大陸,出口總值(含復出口),8670,7563712
2016-01,39032000,苯乙烯－丙烯?共聚合物，初級狀態,巴基斯坦,出口總值(含復出口),33,28000
2016-01,39032000,苯乙烯－丙烯?共聚合物，初級狀態,日本,進口總值(含復進口),227,101000
2016-01,39032000,苯乙烯－丙烯?共聚合物，初級狀態,日本,出口總值(含復出口),83,69625
2016-01,39032000,苯乙烯－丙烯?共聚合物，初級狀態,以色列,出口總值(含復出口),24,21000
2016-01,39032000,苯乙烯－丙烯?共聚合物，初級狀態,加拿大,出口總值(含復出口),20,18000
2016-01,39032000,苯乙烯－丙烯?共聚合物，初級狀態,印尼,出口總值(含復出口),673,577500
2016-01,39032000,苯乙烯－丙烯?共聚合物，初級狀態,印度,出口總值(含復出口),12,10125
2016-01,39032000,苯乙烯－丙烯?共聚合物，初級狀態,孟加拉,出口總值(含復出口),95,80000
2016-01,39032000,苯乙烯－丙烯?共聚合物，初級狀態,波蘭,出口總值(含復出口),5,4000
2016-01,39032000,苯乙烯－丙烯?共聚合物，初級狀態,阿拉伯聯合大公國,出口總值(含復出口),12,10000
2016-01,39032000,苯乙烯－丙烯?共聚合物，初級狀態,阿根廷,出口總值(含復出口),18,16000
2016-01,39032000,苯乙烯－丙烯?共聚合物，初級狀態,俄羅斯,出口總值(含復出口),53,45000
2016-01,39032000,苯乙烯－丙烯?共聚合物，初級狀態,南非,出口總值(含復出口),5,4000
2016-01,39032000,苯乙烯－丙烯?共聚合物，初級狀態,南韓,進口總值(含復進口),39,34000
2016-01,39032000,苯乙烯－丙烯?共聚合物，初級狀態,突尼西亞,出口總值(含復出口),7,6000
2016-01,39032000,苯乙烯－丙烯?共聚合物，初級狀態,美國,出口總值(含復出口),65,54880
2016-01,39032000,苯乙烯－丙烯?共聚合物，初級狀態,英國,進口總值(含復進口),52,15000
2016-01,39032000,苯乙烯－丙烯?共聚合物，初級狀態,香港,出口總值(含復出口),1040,845000
2016-01,39032000,苯乙烯－丙烯?共聚合物，初級狀態,哥倫比亞,出口總值(含復出口),18,16000
2016-01,39032000,苯乙烯－丙烯?共聚合物，初級狀態,埃及,出口總值(含復出口),210,163075
2016-01,39032000,苯乙烯－丙烯?共聚合物，初級狀態,泰國,出口總值(含復出口),776,659500
2016-01,39032000,苯乙烯－丙烯?共聚合物，初級狀態,紐西蘭,出口總值(含復出口),3,2500
2016-01,39032000,苯乙烯－丙烯?共聚合物，初級狀態,馬來西亞,出口總值(含復出口),314,274500
2016-01,39032000,苯乙烯－丙烯?共聚合物，初級狀態,荷蘭,進口總值(含復進口),48,41375
2016-01,39032000,苯乙烯－丙烯?共聚合物，初級狀態,荷蘭,出口總值(含復出口),45,39000
2016-01,39032000,苯乙烯－丙烯?共聚合物，初級狀態,斯洛維尼亞,出口總值(含復出口),244,216000
2016-01,39032000,苯乙烯－丙烯?共聚合物，初級狀態,菲律賓,出口總值(含復出口),42,37000
2016-01,39032000,苯乙烯－丙烯?共聚合物，初級狀態,越南,出口總值(含復出口),42,36000
2016-01,39032000,苯乙烯－丙烯?共聚合物，初級狀態,新加坡,出口總值(含復出口),3,3000
2016-01,39032000,苯乙烯－丙烯?共聚合物，初級狀態,義大利,進口總值(含復進口),4,63
2016-01,39032000,苯乙烯－丙烯?共聚合物，初級狀態,義大利,出口總值(含復出口),10,8000
2016-01,39032000,苯乙烯－丙烯?共聚合物，初級狀態,墨西哥,出口總值(含復出口),91,80000
2016-01,39032000,苯乙烯－丙烯?共聚合物，初級狀態,澳大利亞,出口總值(含復出口),5,4000
2016-01,39039010,甲基丙烯酸甲酯－丁二烯－苯乙烯（ＭＢＳ）共聚合物，初級狀態,中國大陸,出口總值(含復出口),929,339960
2016-01,39039010,甲基丙烯酸甲酯－丁二烯－苯乙烯（ＭＢＳ）共聚合物，初級狀態,日本,進口總值(含復進口),675,329121
2016-01,39039010,甲基丙烯酸甲酯－丁二烯－苯乙烯（ＭＢＳ）共聚合物，初級狀態,日本,出口總值(含復出口),22,10500
2016-01,39039010,甲基丙烯酸甲酯－丁二烯－苯乙烯（ＭＢＳ）共聚合物，初級狀態,比利時,出口總值(含復出口),112,54000
2016-01,39039010,甲基丙烯酸甲酯－丁二烯－苯乙烯（ＭＢＳ）共聚合物，初級狀態,以色列,出口總值(含復出口),5,2000
2016-01,39039010,甲基丙烯酸甲酯－丁二烯－苯乙烯（ＭＢＳ）共聚合物，初級狀態,伊朗,出口總值(含復出口),35,10000
2016-01,39039010,甲基丙烯酸甲酯－丁二烯－苯乙烯（ＭＢＳ）共聚合物，初級狀態,波蘭,出口總值(含復出口),2,1000
2016-01,39039010,甲基丙烯酸甲酯－丁二烯－苯乙烯（ＭＢＳ）共聚合物，初級狀態,南韓,進口總值(含復進口),133,89000
2016-01,39039010,甲基丙烯酸甲酯－丁二烯－苯乙烯（ＭＢＳ）共聚合物，初級狀態,美國,進口總值(含復進口),9,1601
2016-01,39039010,甲基丙烯酸甲酯－丁二烯－苯乙烯（ＭＢＳ）共聚合物，初級狀態,美國,出口總值(含復出口),2,1075
2016-01,39039010,甲基丙烯酸甲酯－丁二烯－苯乙烯（ＭＢＳ）共聚合物，初級狀態,香港,出口總值(含復出口),178,51200
2016-01,39039010,甲基丙烯酸甲酯－丁二烯－苯乙烯（ＭＢＳ）共聚合物，初級狀態,泰國,出口總值(含復出口),89,36000
2016-01,39039010,甲基丙烯酸甲酯－丁二烯－苯乙烯（ＭＢＳ）共聚合物，初級狀態,紐西蘭,出口總值(含復出口),11,3500
2016-01,39039010,甲基丙烯酸甲酯－丁二烯－苯乙烯（ＭＢＳ）共聚合物，初級狀態,馬來西亞,出口總值(含復出口),256,85000
2016-01,39039010,甲基丙烯酸甲酯－丁二烯－苯乙烯（ＭＢＳ）共聚合物，初級狀態,荷蘭,出口總值(含復出口),22,9000
2016-01,39039010,甲基丙烯酸甲酯－丁二烯－苯乙烯（ＭＢＳ）共聚合物，初級狀態,菲律賓,出口總值(含復出口),10,4500
2016-01,39039010,甲基丙烯酸甲酯－丁二烯－苯乙烯（ＭＢＳ）共聚合物，初級狀態,越南,出口總值(含復出口),19,6000
2016-01,39039010,甲基丙烯酸甲酯－丁二烯－苯乙烯（ＭＢＳ）共聚合物，初級狀態,新加坡,進口總值(含復進口),1679,1027200
2016-01,39039010,甲基丙烯酸甲酯－丁二烯－苯乙烯（ＭＢＳ）共聚合物，初級狀態,新加坡,出口總值(含復出口),3,1000
2016-01,39039010,甲基丙烯酸甲酯－丁二烯－苯乙烯（ＭＢＳ）共聚合物，初級狀態,瑞典,出口總值(含復出口),17,7875
2016-01,39039010,甲基丙烯酸甲酯－丁二烯－苯乙烯（ＭＢＳ）共聚合物，初級狀態,義大利,出口總值(含復出口),52,24000
2016-01,39039010,甲基丙烯酸甲酯－丁二烯－苯乙烯（ＭＢＳ）共聚合物，初級狀態,德國,出口總值(含復出口),0,25
2016-01,39039010,甲基丙烯酸甲酯－丁二烯－苯乙烯（ＭＢＳ）共聚合物，初級狀態,澳大利亞,出口總值(含復出口),11,4000
2016-01,39052100,醋酸乙烯共聚合物水性分散液,中國大陸,進口總值(含復進口),40,15200
2016-01,39052100,醋酸乙烯共聚合物水性分散液,中國大陸,出口總值(含復出口),1599,1729700
2016-01,39052100,醋酸乙烯共聚合物水性分散液,巴基斯坦,出口總值(含復出口),158,180000
2016-01,39052100,醋酸乙烯共聚合物水性分散液,日本,進口總值(含復進口),17,4552
2016-01,39052100,醋酸乙烯共聚合物水性分散液,日本,出口總值(含復出口),15,16000
2016-01,39052100,醋酸乙烯共聚合物水性分散液,瓜地馬拉,出口總值(含復出口),19,20250
2016-01,39052100,醋酸乙烯共聚合物水性分散液,印度,出口總值(含復出口),20,17600
2016-01,39052100,醋酸乙烯共聚合物水性分散液,阿拉伯聯合大公國,出口總值(含復出口),16,17600
2016-01,39052100,醋酸乙烯共聚合物水性分散液,阿根廷,出口總值(含復出口),114,110000
2016-01,39052100,醋酸乙烯共聚合物水性分散液,俄羅斯,出口總值(含復出口),18,16000
2016-01,39052100,醋酸乙烯共聚合物水性分散液,南韓,進口總值(含復進口),14,15600
2016-01,39052100,醋酸乙烯共聚合物水性分散液,南韓,出口總值(含復出口),8,8800
2016-01,39052100,醋酸乙烯共聚合物水性分散液,美國,出口總值(含復出口),74,76130
2016-01,39052100,醋酸乙烯共聚合物水性分散液,香港,出口總值(含復出口),37,38000
2016-01,39052100,醋酸乙烯共聚合物水性分散液,秘魯,出口總值(含復出口),20,18000
2016-01,39052100,醋酸乙烯共聚合物水性分散液,紐西蘭,出口總值(含復出口),38,43520
2016-01,39052100,醋酸乙烯共聚合物水性分散液,馬來西亞,出口總值(含復出口),57,35840
2016-01,39052100,醋酸乙烯共聚合物水性分散液,荷蘭,進口總值(含復進口),0,8
2016-01,39052100,醋酸乙烯共聚合物水性分散液,智利,出口總值(含復出口),20,19800
2016-01,39052100,醋酸乙烯共聚合物水性分散液,越南,出口總值(含復出口),180,210320
2016-01,39052100,醋酸乙烯共聚合物水性分散液,新加坡,出口總值(含復出口),81,88000
2016-01,39052100,醋酸乙烯共聚合物水性分散液,墨西哥,出口總值(含復出口),34,37590
2016-01,39052100,醋酸乙烯共聚合物水性分散液,澳大利亞,出口總值(含復出口),127,138520
2016-02,29161410,甲基丙烯酸甲酯,中國大陸,進口總值(含復進口),5,3000
2016-02,29161410,甲基丙烯酸甲酯,中國大陸,出口總值(含復出口),3847,3117281
2016-02,29161410,甲基丙烯酸甲酯,日本,進口總值(含復進口),646,528812
2016-02,29161410,甲基丙烯酸甲酯,加拿大,出口總值(含復出口),24,19830
2016-02,29161410,甲基丙烯酸甲酯,印尼,出口總值(含復出口),51,40320
2016-02,29161410,甲基丙烯酸甲酯,南韓,進口總值(含復進口),3,14
2016-02,29161410,甲基丙烯酸甲酯,南韓,出口總值(含復出口),1012,801718
2016-02,29161410,甲基丙烯酸甲酯,美國,進口總值(含復進口),2,220
2016-02,29161410,甲基丙烯酸甲酯,英國,進口總值(含復進口),1,61
2016-02,29161410,甲基丙烯酸甲酯,香港,出口總值(含復出口),63,41370
2016-02,29161410,甲基丙烯酸甲酯,泰國,進口總值(含復進口),1232,950334
2016-02,29161410,甲基丙烯酸甲酯,泰國,出口總值(含復出口),39,30400
2016-02,29161410,甲基丙烯酸甲酯,馬來西亞,出口總值(含復出口),73,62270
2016-02,29161410,甲基丙烯酸甲酯,荷蘭,進口總值(含復進口),1,90
2016-02,29161410,甲基丙烯酸甲酯,菲律賓,出口總值(含復出口),259,220380
2016-02,29161410,甲基丙烯酸甲酯,越南,出口總值(含復出口),330,273450
2016-02,29161410,甲基丙烯酸甲酯,德國,進口總值(含復進口),1315,996814
2016-02,29173300,鄰苯二甲酸二壬酯或二癸酯,中國大陸,出口總值(含復出口),2086,2796000
2016-02,29173300,鄰苯二甲酸二壬酯或二癸酯,巴西,出口總值(含復出口),154,187000
2016-02,29173300,鄰苯二甲酸二壬酯或二癸酯,日本,出口總值(含復出口),190,223000
2016-02,29173300,鄰苯二甲酸二壬酯或二癸酯,以色列,出口總值(含復出口),17,20000
2016-02,29173300,鄰苯二甲酸二壬酯或二癸酯,加拿大,出口總值(含復出口),112,140000
2016-02,29173300,鄰苯二甲酸二壬酯或二癸酯,印尼,出口總值(含復出口),145,124000
2016-02,29173300,鄰苯二甲酸二壬酯或二癸酯,阿拉伯聯合大公國,出口總值(含復出口),39,60000
2016-02,29173300,鄰苯二甲酸二壬酯或二癸酯,南韓,出口總值(含復出口),175,220000
2016-02,29173300,鄰苯二甲酸二壬酯或二癸酯,美國,出口總值(含復出口),81,99000
2016-02,29173300,鄰苯二甲酸二壬酯或二癸酯,英國,出口總值(含復出口),37,46000
2016-02,29173300,鄰苯二甲酸二壬酯或二癸酯,泰國,出口總值(含復出口),26,32000
2016-02,29173300,鄰苯二甲酸二壬酯或二癸酯,馬來西亞,出口總值(含復出口),143,170000
2016-02,29173300,鄰苯二甲酸二壬酯或二癸酯,菲律賓,出口總值(含復出口),235,288000
2016-02,29173300,鄰苯二甲酸二壬酯或二癸酯,越南,出口總值(含復出口),145,180000
2016-02,29173300,鄰苯二甲酸二壬酯或二癸酯,墨西哥,出口總值(含復出口),159,185000
2016-02,29173300,鄰苯二甲酸二壬酯或二癸酯,澳大利亞,出口總值(含復出口),19,20000
2016-02,29321100,四氫?喃,中國大陸,出口總值(含復出口),525,331200
2016-02,29321100,四氫?喃,日本,出口總值(含復出口),163,91710
2016-02,29321100,四氫?喃,加拿大,出口總值(含復出口),60,40010
2016-02,29321100,四氫?喃,印度,出口總值(含復出口),1271,862960
2016-02,29321100,四氫?喃,西班牙,進口總值(含復進口),0,7
2016-02,29321100,四氫?喃,肯亞,出口總值(含復出口),28,14400
2016-02,29321100,四氫?喃,南韓,進口總值(含復進口),3,389
2016-02,29321100,四氫?喃,南韓,出口總值(含復出口),2006,1448800
2016-02,29321100,四氫?喃,美國,進口總值(含復進口),15,1056
2016-02,29321100,四氫?喃,英國,進口總值(含復進口),0,6
2016-02,29321100,四氫?喃,哥倫比亞,出口總值(含復出口),42,28800
2016-02,29321100,四氫?喃,荷蘭,出口總值(含復出口),24,14400
2016-02,29321100,四氫?喃,德國,進口總值(含復進口),10,999
2016-02,29321100,四氫?喃,墨西哥,出口總值(含復出口),114,72000
2016-02,29321100,四氫?喃,澳大利亞,出口總值(含復出口),12,7200
2016-02,39032000,苯乙烯－丙烯?共聚合物，初級狀態,土耳其,出口總值(含復出口),36,32000
2016-02,39032000,苯乙烯－丙烯?共聚合物，初級狀態,中國大陸,進口總值(含復進口),80,2000
2016-02,39032000,苯乙烯－丙烯?共聚合物，初級狀態,中國大陸,出口總值(含復出口),4781,4143780
2016-02,39032000,苯乙烯－丙烯?共聚合物，初級狀態,巴西,出口總值(含復出口),46,40000
2016-02,39032000,苯乙烯－丙烯?共聚合物，初級狀態,巴基斯坦,出口總值(含復出口),123,105000
2016-02,39032000,苯乙烯－丙烯?共聚合物，初級狀態,日本,進口總值(含復進口),242,103452
2016-02,39032000,苯乙烯－丙烯?共聚合物，初級狀態,日本,出口總值(含復出口),24,19000
2016-02,39032000,苯乙烯－丙烯?共聚合物，初級狀態,比利時,出口總值(含復出口),10,8000
2016-02,39032000,苯乙烯－丙烯?共聚合物，初級狀態,以色列,出口總值(含復出口),2,2000
2016-02,39032000,苯乙烯－丙烯?共聚合物，初級狀態,立陶宛,出口總值(含復出口),1,1000
2016-02,39032000,苯乙烯－丙烯?共聚合物，初級狀態,印尼,出口總值(含復出口),555,487000
2016-02,39032000,苯乙烯－丙烯?共聚合物，初級狀態,西班牙,出口總值(含復出口),43,36000
2016-02,39032000,苯乙烯－丙烯?共聚合物，初級狀態,孟加拉,出口總值(含復出口),108,92000
2016-02,39032000,苯乙烯－丙烯?共聚合物，初級狀態,法國,出口總值(含復出口),4,3000
2016-02,39032000,苯乙烯－丙烯?共聚合物，初級狀態,阿拉伯聯合大公國,出口總值(含復出口),52,41000
2016-02,39032000,苯乙烯－丙烯?共聚合物，初級狀態,阿根廷,出口總值(含復出口),18,16000
2016-02,39032000,苯乙烯－丙烯?共聚合物，初級狀態,南非,出口總值(含復出口),8,7000
2016-02,39032000,苯乙烯－丙烯?共聚合物，初級狀態,南韓,進口總值(含復進口),91,76000
2016-02,39032000,苯乙烯－丙烯?共聚合物，初級狀態,美國,出口總值(含復出口),46,38000
2016-02,39032000,苯乙烯－丙烯?共聚合物，初級狀態,英國,出口總值(含復出口),2,2000
2016-02,39032000,苯乙烯－丙烯?共聚合物，初級狀態,香港,出口總值(含復出口),551,493630
2016-02,39032000,苯乙烯－丙烯?共聚合物，初級狀態,哥倫比亞,出口總值(含復出口),13,11000
2016-02,39032000,苯乙烯－丙烯?共聚合物，初級狀態,埃及,出口總值(含復出口),75,52000
2016-02,39032000,苯乙烯－丙烯?共聚合物，初級狀態,泰國,出口總值(含復出口),288,241000
2016-02,39032000,苯乙烯－丙烯?共聚合物，初級狀態,秘魯,出口總值(含復出口),2,2000
2016-02,39032000,苯乙烯－丙烯?共聚合物，初級狀態,紐西蘭,出口總值(含復出口),1,1000
2016-02,39032000,苯乙烯－丙烯?共聚合物，初級狀態,馬來西亞,出口總值(含復出口),190,167000
2016-02,39032000,苯乙烯－丙烯?共聚合物，初級狀態,荷蘭,出口總值(含復出口),98,82000
2016-02,39032000,苯乙烯－丙烯?共聚合物，初級狀態,斯里蘭卡,出口總值(含復出口),24,20000
2016-02,39032000,苯乙烯－丙烯?共聚合物，初級狀態,斯洛維尼亞,出口總值(含復出口),369,308000
2016-02,39032000,苯乙烯－丙烯?共聚合物，初級狀態,菲律賓,出口總值(含復出口),89,77500
2016-02,39032000,苯乙烯－丙烯?共聚合物，初級狀態,越南,出口總值(含復出口),144,126000
2016-02,39032000,苯乙烯－丙烯?共聚合物，初級狀態,愛沙尼亞,出口總值(含復出口),23,18000
2016-02,39032000,苯乙烯－丙烯?共聚合物，初級狀態,新加坡,出口總值(含復出口),5,4000
2016-02,39032000,苯乙烯－丙烯?共聚合物，初級狀態,瑞典,出口總值(含復出口),22,18000
2016-02,39032000,苯乙烯－丙烯?共聚合物，初級狀態,義大利,進口總值(含復進口),6,11167
2016-02,39032000,苯乙烯－丙烯?共聚合物，初級狀態,德國,進口總值(含復進口),5,9679
2016-02,39032000,苯乙烯－丙烯?共聚合物，初級狀態,德國,出口總值(含復出口),115,96000
2016-02,39032000,苯乙烯－丙烯?共聚合物，初級狀態,緬甸,出口總值(含復出口),14,11000
2016-02,39032000,苯乙烯－丙烯?共聚合物，初級狀態,墨西哥,出口總值(含復出口),24,21000
2016-02,39039010,甲基丙烯酸甲酯－丁二烯－苯乙烯（ＭＢＳ）共聚合物，初級狀態,中國大陸,出口總值(含復出口),912,333185
2016-02,39039010,甲基丙烯酸甲酯－丁二烯－苯乙烯（ＭＢＳ）共聚合物，初級狀態,日本,進口總值(含復進口),290,107743
2016-02,39039010,甲基丙烯酸甲酯－丁二烯－苯乙烯（ＭＢＳ）共聚合物，初級狀態,波蘭,出口總值(含復出口),2,1000
2016-02,39039010,甲基丙烯酸甲酯－丁二烯－苯乙烯（ＭＢＳ）共聚合物，初級狀態,南非,出口總值(含復出口),2,1000
2016-02,39039010,甲基丙烯酸甲酯－丁二烯－苯乙烯（ＭＢＳ）共聚合物，初級狀態,南韓,出口總值(含復出口),52,25600
2016-02,39039010,甲基丙烯酸甲酯－丁二烯－苯乙烯（ＭＢＳ）共聚合物，初級狀態,美國,進口總值(含復進口),3,1452
2016-02,39039010,甲基丙烯酸甲酯－丁二烯－苯乙烯（ＭＢＳ）共聚合物，初級狀態,美國,出口總值(含復出口),2,1150
2016-02,39039010,甲基丙烯酸甲酯－丁二烯－苯乙烯（ＭＢＳ）共聚合物，初級狀態,英國,出口總值(含復出口),34,16000
2016-02,39039010,甲基丙烯酸甲酯－丁二烯－苯乙烯（ＭＢＳ）共聚合物，初級狀態,香港,出口總值(含復出口),109,31500
2016-02,39039010,甲基丙烯酸甲酯－丁二烯－苯乙烯（ＭＢＳ）共聚合物，初級狀態,泰國,出口總值(含復出口),30,15000
2016-02,39039010,甲基丙烯酸甲酯－丁二烯－苯乙烯（ＭＢＳ）共聚合物，初級狀態,紐西蘭,出口總值(含復出口),10,3500
2016-02,39039010,甲基丙烯酸甲酯－丁二烯－苯乙烯（ＭＢＳ）共聚合物，初級狀態,馬來西亞,出口總值(含復出口),57,28000
2016-02,39039010,甲基丙烯酸甲酯－丁二烯－苯乙烯（ＭＢＳ）共聚合物，初級狀態,荷蘭,出口總值(含復出口),11,5000
2016-02,39039010,甲基丙烯酸甲酯－丁二烯－苯乙烯（ＭＢＳ）共聚合物，初級狀態,菲律賓,出口總值(含復出口),54,25375
2016-02,39039010,甲基丙烯酸甲酯－丁二烯－苯乙烯（ＭＢＳ）共聚合物，初級狀態,越南,出口總值(含復出口),26,13000
2016-02,39039010,甲基丙烯酸甲酯－丁二烯－苯乙烯（ＭＢＳ）共聚合物，初級狀態,新加坡,進口總值(含復進口),793,504000
2016-02,39039010,甲基丙烯酸甲酯－丁二烯－苯乙烯（ＭＢＳ）共聚合物，初級狀態,新加坡,出口總值(含復出口),477,281000
2016-02,39039010,甲基丙烯酸甲酯－丁二烯－苯乙烯（ＭＢＳ）共聚合物，初級狀態,瑞典,出口總值(含復出口),38,18000
2016-02,39039010,甲基丙烯酸甲酯－丁二烯－苯乙烯（ＭＢＳ）共聚合物，初級狀態,義大利,出口總值(含復出口),103,48000
2016-02,39039010,甲基丙烯酸甲酯－丁二烯－苯乙烯（ＭＢＳ）共聚合物，初級狀態,德國,出口總值(含復出口),4,2000
2016-02,39052100,醋酸乙烯共聚合物水性分散液,中國大陸,進口總值(含復進口),50,24000
2016-02,39052100,醋酸乙烯共聚合物水性分散液,中國大陸,出口總值(含復出口),2227,2421100
2016-02,39052100,醋酸乙烯共聚合物水性分散液,巴西,出口總值(含復出口),17,20010
2016-02,39052100,醋酸乙烯共聚合物水性分散液,巴基斯坦,出口總值(含復出口),128,144000
2016-02,39052100,醋酸乙烯共聚合物水性分散液,日本,進口總值(含復進口),0,20
2016-02,39052100,醋酸乙烯共聚合物水性分散液,日本,出口總值(含復出口),19,19520
2016-02,39052100,醋酸乙烯共聚合物水性分散液,印度,出口總值(含復出口),46,38720
2016-02,39052100,醋酸乙烯共聚合物水性分散液,波多黎各,出口總值(含復出口),22,19820
2016-02,39052100,醋酸乙烯共聚合物水性分散液,肯亞,出口總值(含復出口),38,37400
2016-02,39052100,醋酸乙烯共聚合物水性分散液,阿根廷,出口總值(含復出口),60,59400
2016-02,39052100,醋酸乙烯共聚合物水性分散液,俄羅斯,出口總值(含復出口),56,48000
2016-02,39052100,醋酸乙烯共聚合物水性分散液,南非,出口總值(含復出口),72,70400
2016-02,39052100,醋酸乙烯共聚合物水性分散液,南韓,進口總值(含復進口),23,19800
2016-02,39052100,醋酸乙烯共聚合物水性分散液,南韓,出口總值(含復出口),16,17600
2016-02,39052100,醋酸乙烯共聚合物水性分散液,美國,進口總值(含復進口),35,18000
2016-02,39052100,醋酸乙烯共聚合物水性分散液,美國,出口總值(含復出口),78,74080
2016-02,39052100,醋酸乙烯共聚合物水性分散液,哥斯大黎加,出口總值(含復出口),21,17600
2016-02,39052100,醋酸乙烯共聚合物水性分散液,烏克蘭,出口總值(含復出口),20,20000
2016-02,39052100,醋酸乙烯共聚合物水性分散液,紐西蘭,出口總值(含復出口),70,75500
2016-02,39052100,醋酸乙烯共聚合物水性分散液,馬來西亞,出口總值(含復出口),24,14000
2016-02,39052100,醋酸乙烯共聚合物水性分散液,越南,出口總值(含復出口),233,220520
2016-02,39052100,醋酸乙烯共聚合物水性分散液,新加坡,出口總值(含復出口),34,35200
2016-02,39052100,醋酸乙烯共聚合物水性分散液,德國,進口總值(含復進口),3,240
2016-02,39052100,醋酸乙烯共聚合物水性分散液,墨西哥,出口總值(含復出口),26,20000
2016-02,39052100,醋酸乙烯共聚合物水性分散液,澳大利亞,出口總值(含復出口),73,77610
2016-03,29161410,甲基丙烯酸甲酯,中國大陸,進口總值(含復進口),37,17625
2016-03,29161410,甲基丙烯酸甲酯,中國大陸,出口總值(含復出口),6914,5841392
2016-03,29161410,甲基丙烯酸甲酯,日本,進口總值(含復進口),2543,2106214
2016-03,29161410,甲基丙烯酸甲酯,日本,出口總值(含復出口),23,19840
2016-03,29161410,甲基丙烯酸甲酯,加拿大,出口總值(含復出口),23,19860
2016-03,29161410,甲基丙烯酸甲酯,印尼,出口總值(含復出口),485,432270
2016-03,29161410,甲基丙烯酸甲酯,孟加拉,出口總值(含復出口),18,15200
2016-03,29161410,甲基丙烯酸甲酯,南韓,進口總值(含復進口),16,4825
2016-03,29161410,甲基丙烯酸甲酯,美國,進口總值(含復進口),0,140
2016-03,29161410,甲基丙烯酸甲酯,英國,進口總值(含復進口),0,13
2016-03,29161410,甲基丙烯酸甲酯,香港,出口總值(含復出口),54,42500
2016-03,29161410,甲基丙烯酸甲酯,埃及,出口總值(含復出口),75,60800
2016-03,29161410,甲基丙烯酸甲酯,泰國,進口總值(含復進口),1326,1025167
2016-03,29161410,甲基丙烯酸甲酯,泰國,出口總值(含復出口),42,35100
2016-03,29161410,甲基丙烯酸甲酯,秘魯,出口總值(含復出口),19,15200
2016-03,29161410,甲基丙烯酸甲酯,馬來西亞,出口總值(含復出口),8,4000
2016-03,29161410,甲基丙烯酸甲酯,斯里蘭卡,出口總值(含復出口),40,30400
2016-03,29161410,甲基丙烯酸甲酯,菲律賓,出口總值(含復出口),448,385960
2016-03,29161410,甲基丙烯酸甲酯,越南,出口總值(含復出口),1759,1413004
2016-03,29161410,甲基丙烯酸甲酯,新加坡,進口總值(含復進口),5190,3997028
2016-03,29173300,鄰苯二甲酸二壬酯或二癸酯,中國大陸,出口總值(含復出口),1868,2466000
2016-03,29173300,鄰苯二甲酸二壬酯或二癸酯,日本,進口總值(含復進口),0,0
2016-03,29173300,鄰苯二甲酸二壬酯或二癸酯,日本,出口總值(含復出口),243,279000
2016-03,29173300,鄰苯二甲酸二壬酯或二癸酯,以色列,出口總值(含復出口),69,80000
2016-03,29173300,鄰苯二甲酸二壬酯或二癸酯,加拿大,出口總值(含復出口),48,60000
2016-03,29173300,鄰苯二甲酸二壬酯或二癸酯,印尼,出口總值(含復出口),139,116000
2016-03,29173300,鄰苯二甲酸二壬酯或二癸酯,印度,出口總值(含復出口),13,16000
2016-03,29173300,鄰苯二甲酸二壬酯或二癸酯,沙烏地阿拉伯,出口總值(含復出口),27,32000
2016-03,29173300,鄰苯二甲酸二壬酯或二癸酯,阿拉伯聯合大公國,出口總值(含復出口),61,76000
2016-03,29173300,鄰苯二甲酸二壬酯或二癸酯,阿根廷,出口總值(含復出口),17,20000
2016-03,29173300,鄰苯二甲酸二壬酯或二癸酯,俄羅斯,出口總值(含復出口),16,20000
2016-03,29173300,鄰苯二甲酸二壬酯或二癸酯,南韓,出口總值(含復出口),63,56000
2016-03,29173300,鄰苯二甲酸二壬酯或二癸酯,美國,進口總值(含復進口),0,0
2016-03,29173300,鄰苯二甲酸二壬酯或二癸酯,美國,出口總值(含復出口),137,162000
2016-03,29173300,鄰苯二甲酸二壬酯或二癸酯,哥倫比亞,出口總值(含復出口),36,40000
2016-03,29173300,鄰苯二甲酸二壬酯或二癸酯,哥斯大黎加,出口總值(含復出口),35,40000
2016-03,29173300,鄰苯二甲酸二壬酯或二癸酯,馬來西亞,出口總值(含復出口),125,146000
2016-03,29173300,鄰苯二甲酸二壬酯或二癸酯,荷蘭,進口總值(含復進口),0,0
2016-03,29173300,鄰苯二甲酸二壬酯或二癸酯,智利,出口總值(含復出口),17,20000
2016-03,29173300,鄰苯二甲酸二壬酯或二癸酯,菲律賓,出口總值(含復出口),663,772000
2016-03,29173300,鄰苯二甲酸二壬酯或二癸酯,越南,出口總值(含復出口),123,144000
2016-03,29173300,鄰苯二甲酸二壬酯或二癸酯,墨西哥,出口總值(含復出口),90,104000
2016-03,29173300,鄰苯二甲酸二壬酯或二癸酯,澳大利亞,出口總值(含復出口),55,60000
2016-03,29321100,四氫?喃,中國大陸,出口總值(含復出口),956,619200
2016-03,29321100,四氫?喃,日本,出口總值(含復出口),500,295210
2016-03,29321100,四氫?喃,伊朗,出口總值(含復出口),22,14400
2016-03,29321100,四氫?喃,印度,出口總值(含復出口),958,657550
2016-03,29321100,四氫?喃,西班牙,進口總值(含復進口),0,4
2016-03,29321100,四氫?喃,南韓,進口總值(含復進口),0,1
2016-03,29321100,四氫?喃,南韓,出口總值(含復出口),1014,738800
2016-03,29321100,四氫?喃,美國,進口總值(含復進口),0,5
2016-03,29321100,四氫?喃,美國,出口總值(含復出口),56,39770
2016-03,29321100,四氫?喃,英國,進口總值(含復進口),1,9
2016-03,29321100,四氫?喃,哥倫比亞,出口總值(含復出口),66,43200
2016-03,29321100,四氫?喃,埃及,出口總值(含復出口),22,14400
2016-03,29321100,四氫?喃,荷蘭,出口總值(含復出口),162,100800
2016-03,29321100,四氫?喃,義大利,出口總值(含復出口),30,20000
2016-03,29321100,四氫?喃,德國,進口總值(含復進口),6,599
2016-03,29321100,四氫?喃,墨西哥,出口總值(含復出口),22,14400
2016-03,39032000,苯乙烯－丙烯?共聚合物，初級狀態,中國大陸,進口總值(含復進口),6,1600
2016-03,39032000,苯乙烯－丙烯?共聚合物，初級狀態,中國大陸,出口總值(含復出口),8057,6715900
2016-03,39032000,苯乙烯－丙烯?共聚合物，初級狀態,巴西,出口總值(含復出口),331,286000
2016-03,39032000,苯乙烯－丙烯?共聚合物，初級狀態,巴基斯坦,出口總值(含復出口),151,124000
2016-03,39032000,苯乙烯－丙烯?共聚合物，初級狀態,日本,進口總值(含復進口),397,157645
2016-03,39032000,苯乙烯－丙烯?共聚合物，初級狀態,日本,出口總值(含復出口),39,31250
2016-03,39032000,苯乙烯－丙烯?共聚合物，初級狀態,比利時,出口總值(含復出口),6,5000
2016-03,39032000,苯乙烯－丙烯?共聚合物，初級狀態,以色列,出口總值(含復出口),9,7000
2016-03,39032000,苯乙烯－丙烯?共聚合物，初級狀態,印尼,出口總值(含復出口),982,839250
2016-03,39032000,苯乙烯－丙烯?共聚合物，初級狀態,西班牙,出口總值(含復出口),12,10000
2016-03,39032000,苯乙烯－丙烯?共聚合物，初級狀態,孟加拉,出口總值(含復出口),119,95320
2016-03,39032000,苯乙烯－丙烯?共聚合物，初級狀態,波蘭,出口總值(含復出口),22,17000
2016-03,39032000,苯乙烯－丙烯?共聚合物，初級狀態,阿根廷,出口總值(含復出口),47,41000
2016-03,39032000,苯乙烯－丙烯?共聚合物，初級狀態,俄羅斯,出口總值(含復出口),47,38000
2016-03,39032000,苯乙烯－丙烯?共聚合物，初級狀態,南非,出口總值(含復出口),23,19000
2016-03,39032000,苯乙烯－丙烯?共聚合物，初級狀態,南韓,進口總值(含復進口),40,34000
2016-03,39032000,苯乙烯－丙烯?共聚合物，初級狀態,美國,進口總值(含復進口),2,363
2016-03,39032000,苯乙烯－丙烯?共聚合物，初級狀態,美國,出口總值(含復出口),85,68000
2016-03,39032000,苯乙烯－丙烯?共聚合物，初級狀態,英國,出口總值(含復出口),2,2000
2016-03,39032000,苯乙烯－丙烯?共聚合物，初級狀態,香港,出口總值(含復出口),1363,1129550
2016-03,39032000,苯乙烯－丙烯?共聚合物，初級狀態,哥倫比亞,出口總值(含復出口),17,15000
2016-03,39032000,苯乙烯－丙烯?共聚合物，初級狀態,埃及,出口總值(含復出口),133,110500
2016-03,39032000,苯乙烯－丙烯?共聚合物，初級狀態,泰國,進口總值(含復進口),21,20080
2016-03,39032000,苯乙烯－丙烯?共聚合物，初級狀態,泰國,出口總值(含復出口),585,485250
2016-03,39032000,苯乙烯－丙烯?共聚合物，初級狀態,烏克蘭,出口總值(含復出口),25,20000
2016-03,39032000,苯乙烯－丙烯?共聚合物，初級狀態,馬來西亞,出口總值(含復出口),378,324000
2016-03,39032000,苯乙烯－丙烯?共聚合物，初級狀態,荷蘭,出口總值(含復出口),136,110000
2016-03,39032000,苯乙烯－丙烯?共聚合物，初級狀態,斯洛維尼亞,出口總值(含復出口),261,221000
2016-03,39032000,苯乙烯－丙烯?共聚合物，初級狀態,智利,出口總值(含復出口),17,14000
2016-03,39032000,苯乙烯－丙烯?共聚合物，初級狀態,菲律賓,出口總值(含復出口),205,176000
2016-03,39032000,苯乙烯－丙烯?共聚合物，初級狀態,越南,出口總值(含復出口),75,61000
2016-03,39032000,苯乙烯－丙烯?共聚合物，初級狀態,愛沙尼亞,出口總值(含復出口),67,54000
2016-03,39032000,苯乙烯－丙烯?共聚合物，初級狀態,新加坡,出口總值(含復出口),2,1525
2016-03,39032000,苯乙烯－丙烯?共聚合物，初級狀態,瑞典,出口總值(含復出口),23,18000
2016-03,39032000,苯乙烯－丙烯?共聚合物，初級狀態,義大利,出口總值(含復出口),19,16000
2016-03,39032000,苯乙烯－丙烯?共聚合物，初級狀態,墨西哥,出口總值(含復出口),148,120000
2016-03,39032000,苯乙烯－丙烯?共聚合物，初級狀態,澳大利亞,出口總值(含復出口),4,3000
2016-03,39039010,甲基丙烯酸甲酯－丁二烯－苯乙烯（ＭＢＳ）共聚合物，初級狀態,中國大陸,進口總值(含復進口),2,1000
2016-03,39039010,甲基丙烯酸甲酯－丁二烯－苯乙烯（ＭＢＳ）共聚合物，初級狀態,中國大陸,出口總值(含復出口),483,180860
2016-03,39039010,甲基丙烯酸甲酯－丁二烯－苯乙烯（ＭＢＳ）共聚合物，初級狀態,日本,進口總值(含復進口),308,124902
2016-03,39039010,甲基丙烯酸甲酯－丁二烯－苯乙烯（ＭＢＳ）共聚合物，初級狀態,日本,出口總值(含復出口),106,48600
2016-03,39039010,甲基丙烯酸甲酯－丁二烯－苯乙烯（ＭＢＳ）共聚合物，初級狀態,比利時,出口總值(含復出口),116,55000
2016-03,39039010,甲基丙烯酸甲酯－丁二烯－苯乙烯（ＭＢＳ）共聚合物，初級狀態,加拿大,出口總值(含復出口),17,8625
2016-03,39039010,甲基丙烯酸甲酯－丁二烯－苯乙烯（ＭＢＳ）共聚合物，初級狀態,印尼,進口總值(含復進口),8,2250
2016-03,39039010,甲基丙烯酸甲酯－丁二烯－苯乙烯（ＭＢＳ）共聚合物，初級狀態,波蘭,出口總值(含復出口),6,3000
2016-03,39039010,甲基丙烯酸甲酯－丁二烯－苯乙烯（ＭＢＳ）共聚合物，初級狀態,法國,進口總值(含復進口),28,10000
2016-03,39039010,甲基丙烯酸甲酯－丁二烯－苯乙烯（ＭＢＳ）共聚合物，初級狀態,法國,出口總值(含復出口),17,8000
2016-03,39039010,甲基丙烯酸甲酯－丁二烯－苯乙烯（ＭＢＳ）共聚合物，初級狀態,南非,出口總值(含復出口),24,12000
2016-03,39039010,甲基丙烯酸甲酯－丁二烯－苯乙烯（ＭＢＳ）共聚合物，初級狀態,南韓,進口總值(含復進口),74,40000
2016-03,39039010,甲基丙烯酸甲酯－丁二烯－苯乙烯（ＭＢＳ）共聚合物，初級狀態,南韓,出口總值(含復出口),16,8000
2016-03,39039010,甲基丙烯酸甲酯－丁二烯－苯乙烯（ＭＢＳ）共聚合物，初級狀態,英國,出口總值(含復出口),29,13500
2016-03,39039010,甲基丙烯酸甲酯－丁二烯－苯乙烯（ＭＢＳ）共聚合物，初級狀態,香港,出口總值(含復出口),112,33250
2016-03,39039010,甲基丙烯酸甲酯－丁二烯－苯乙烯（ＭＢＳ）共聚合物，初級狀態,泰國,出口總值(含復出口),193,83150
2016-03,39039010,甲基丙烯酸甲酯－丁二烯－苯乙烯（ＭＢＳ）共聚合物，初級狀態,紐西蘭,出口總值(含復出口),3,1000
2016-03,39039010,甲基丙烯酸甲酯－丁二烯－苯乙烯（ＭＢＳ）共聚合物，初級狀態,馬來西亞,出口總值(含復出口),284,98000
2016-03,39039010,甲基丙烯酸甲酯－丁二烯－苯乙烯（ＭＢＳ）共聚合物，初級狀態,荷蘭,出口總值(含復出口),8,4000
2016-03,39039010,甲基丙烯酸甲酯－丁二烯－苯乙烯（ＭＢＳ）共聚合物，初級狀態,菲律賓,出口總值(含復出口),41,20000
2016-03,39039010,甲基丙烯酸甲酯－丁二烯－苯乙烯（ＭＢＳ）共聚合物，初級狀態,越南,出口總值(含復出口),20,9050
2016-03,39039010,甲基丙烯酸甲酯－丁二烯－苯乙烯（ＭＢＳ）共聚合物，初級狀態,新加坡,進口總值(含復進口),2093,1335200
2016-03,39039010,甲基丙烯酸甲酯－丁二烯－苯乙烯（ＭＢＳ）共聚合物，初級狀態,新加坡,出口總值(含復出口),1363,805839
2016-03,39039010,甲基丙烯酸甲酯－丁二烯－苯乙烯（ＭＢＳ）共聚合物，初級狀態,義大利,出口總值(含復出口),42,16000
2016-03,39039010,甲基丙烯酸甲酯－丁二烯－苯乙烯（ＭＢＳ）共聚合物，初級狀態,德國,出口總值(含復出口),11,5000
2016-03,39039010,甲基丙烯酸甲酯－丁二烯－苯乙烯（ＭＢＳ）共聚合物，初級狀態,澳大利亞,出口總值(含復出口),3,1000
2016-03,39052100,醋酸乙烯共聚合物水性分散液,中國大陸,進口總值(含復進口),7,5000
2016-03,39052100,醋酸乙烯共聚合物水性分散液,中國大陸,出口總值(含復出口),2863,3138115
2016-03,39052100,醋酸乙烯共聚合物水性分散液,巴西,出口總值(含復出口),18,19560
2016-03,39052100,醋酸乙烯共聚合物水性分散液,巴基斯坦,出口總值(含復出口),284,324000
2016-03,39052100,醋酸乙烯共聚合物水性分散液,日本,出口總值(含復出口),15,16000
2016-03,39052100,醋酸乙烯共聚合物水性分散液,瓜地馬拉,出口總值(含復出口),16,17600
2016-03,39052100,醋酸乙烯共聚合物水性分散液,印尼,出口總值(含復出口),25,19800
2016-03,39052100,醋酸乙烯共聚合物水性分散液,印度,出口總值(含復出口),44,35200
2016-03,39052100,醋酸乙烯共聚合物水性分散液,多明尼加,出口總值(含復出口),1,880
2016-03,39052100,醋酸乙烯共聚合物水性分散液,孟加拉,出口總值(含復出口),20,15600
2016-03,39052100,醋酸乙烯共聚合物水性分散液,阿拉伯聯合大公國,出口總值(含復出口),16,19650
2016-03,39052100,醋酸乙烯共聚合物水性分散液,阿根廷,出口總值(含復出口),20,19800
2016-03,39052100,醋酸乙烯共聚合物水性分散液,阿爾及利亞,出口總值(含復出口),51,54000
2016-03,39052100,醋酸乙烯共聚合物水性分散液,俄羅斯,出口總值(含復出口),20,20000
2016-03,39052100,醋酸乙烯共聚合物水性分散液,南韓,出口總值(含復出口),19,17600
2016-03,39052100,醋酸乙烯共聚合物水性分散液,美國,出口總值(含復出口),73,77240
2016-03,39052100,醋酸乙烯共聚合物水性分散液,香港,出口總值(含復出口),18,20000
2016-03,39052100,醋酸乙烯共聚合物水性分散液,哥倫比亞,出口總值(含復出口),5,4400
2016-03,39052100,醋酸乙烯共聚合物水性分散液,埃及,出口總值(含復出口),64,52800
2016-03,39052100,醋酸乙烯共聚合物水性分散液,秘魯,出口總值(含復出口),19,18000
2016-03,39052100,醋酸乙烯共聚合物水性分散液,紐西蘭,出口總值(含復出口),66,79340
2016-03,39052100,醋酸乙烯共聚合物水性分散液,馬來西亞,出口總值(含復出口),24,14400
2016-03,39052100,醋酸乙烯共聚合物水性分散液,荷蘭,出口總值(含復出口),1,4400
2016-03,39052100,醋酸乙烯共聚合物水性分散液,越南,出口總值(含復出口),61,63400
2016-03,39052100,醋酸乙烯共聚合物水性分散液,新加坡,出口總值(含復出口),66,70400
2016-03,39052100,醋酸乙烯共聚合物水性分散液,墨西哥,出口總值(含復出口),51,56750
2016-03,39052100,醋酸乙烯共聚合物水性分散液,澳大利亞,出口總值(含復出口),107,119400
2016-04,29161410,甲基丙烯酸甲酯,中國大陸,進口總值(含復進口),17,3300
2016-04,29161410,甲基丙烯酸甲酯,中國大陸,出口總值(含復出口),5053,3976960
2016-04,29161410,甲基丙烯酸甲酯,日本,進口總值(含復進口),2596,2108742
2016-04,29161410,甲基丙烯酸甲酯,印尼,出口總值(含復出口),108,81770
2016-04,29161410,甲基丙烯酸甲酯,孟加拉,出口總值(含復出口),19,15200
2016-04,29161410,甲基丙烯酸甲酯,阿拉伯聯合大公國,出口總值(含復出口),39,30400
2016-04,29161410,甲基丙烯酸甲酯,南韓,進口總值(含復進口),0,43
2016-04,29161410,甲基丙烯酸甲酯,南韓,出口總值(含復出口),1168,944780
2016-04,29161410,甲基丙烯酸甲酯,美國,進口總值(含復進口),1146,850116
2016-04,29161410,甲基丙烯酸甲酯,英國,進口總值(含復進口),0,0
2016-04,29161410,甲基丙烯酸甲酯,香港,出口總值(含復出口),28,21440
2016-04,29161410,甲基丙烯酸甲酯,埃及,出口總值(含復出口),38,30400
2016-04,29161410,甲基丙烯酸甲酯,泰國,進口總值(含復進口),5768,4589257
2016-04,29161410,甲基丙烯酸甲酯,泰國,出口總值(含復出口),46,39170
2016-04,29161410,甲基丙烯酸甲酯,秘魯,出口總值(含復出口),19,15200
2016-04,29161410,甲基丙烯酸甲酯,荷蘭,進口總值(含復進口),1,180
2016-04,29161410,甲基丙烯酸甲酯,菲律賓,出口總值(含復出口),347,271190
2016-04,29161410,甲基丙烯酸甲酯,越南,出口總值(含復出口),1653,1299920
2016-04,29161410,甲基丙烯酸甲酯,新加坡,進口總值(含復進口),2034,1593662
2016-04,29161410,甲基丙烯酸甲酯,德國,進口總值(含復進口),1221,999970
2016-04,29161410,甲基丙烯酸甲酯,澳大利亞,出口總值(含復出口),22,15200
2016-04,29173300,鄰苯二甲酸二壬酯或二癸酯,中國大陸,出口總值(含復出口),509,580000
2016-04,29173300,鄰苯二甲酸二壬酯或二癸酯,日本,出口總值(含復出口),103,107000
2016-04,29173300,鄰苯二甲酸二壬酯或二癸酯,以色列,出口總值(含復出口),52,56000
2016-04,29173300,鄰苯二甲酸二壬酯或二癸酯,加拿大,出口總值(含復出口),19,17000
2016-04,29173300,鄰苯二甲酸二壬酯或二癸酯,阿拉伯聯合大公國,出口總值(含復出口),244,270000
2016-04,29173300,鄰苯二甲酸二壬酯或二癸酯,阿根廷,出口總值(含復出口),17,20000
2016-04,29173300,鄰苯二甲酸二壬酯或二癸酯,阿曼,出口總值(含復出口),98,119000
2016-04,29173300,鄰苯二甲酸二壬酯或二癸酯,俄羅斯,出口總值(含復出口),19,20000
2016-04,29173300,鄰苯二甲酸二壬酯或二癸酯,南韓,出口總值(含復出口),55,60000
2016-04,29173300,鄰苯二甲酸二壬酯或二癸酯,美國,進口總值(含復進口),2,0
2016-04,29173300,鄰苯二甲酸二壬酯或二癸酯,英國,出口總值(含復出口),60,69000
2016-04,29173300,鄰苯二甲酸二壬酯或二癸酯,哥倫比亞,出口總值(含復出口),54,60000
2016-04,29173300,鄰苯二甲酸二壬酯或二癸酯,哥斯大黎加,出口總值(含復出口),36,40000
2016-04,29173300,鄰苯二甲酸二壬酯或二癸酯,馬來西亞,出口總值(含復出口),310,340000
2016-04,29173300,鄰苯二甲酸二壬酯或二癸酯,菲律賓,出口總值(含復出口),417,468000
2016-04,29173300,鄰苯二甲酸二壬酯或二癸酯,越南,出口總值(含復出口),191,221000
2016-04,29173300,鄰苯二甲酸二壬酯或二癸酯,德國,進口總值(含復進口),0,0
2016-04,29173300,鄰苯二甲酸二壬酯或二癸酯,摩洛哥,出口總值(含復出口),38,40000
2016-04,29173300,鄰苯二甲酸二壬酯或二癸酯,墨西哥,出口總值(含復出口),345,373000
2016-04,29173300,鄰苯二甲酸二壬酯或二癸酯,澳大利亞,出口總值(含復出口),33,40000
2016-04,29321100,四氫?喃,中國大陸,出口總值(含復出口),377,244800
2016-04,29321100,四氫?喃,日本,進口總值(含復進口),1,35
2016-04,29321100,四氫?喃,日本,出口總值(含復出口),500,295210
2016-04,29321100,四氫?喃,比利時,出口總值(含復出口),24,14400
2016-04,29321100,四氫?喃,加拿大,出口總值(含復出口),22,14400
2016-04,29321100,四氫?喃,印度,出口總值(含復出口),1239,863540
2016-04,29321100,四氫?喃,南非,出口總值(含復出口),24,14400
2016-04,29321100,四氫?喃,南韓,進口總值(含復進口),2,177
2016-04,29321100,四氫?喃,南韓,出口總值(含復出口),47,28800
2016-04,29321100,四氫?喃,美國,進口總值(含復進口),65,5518
2016-04,29321100,四氫?喃,英國,進口總值(含復進口),0,1
2016-04,29321100,四氫?喃,哥倫比亞,出口總值(含復出口),84,57600
2016-04,29321100,四氫?喃,埃及,出口總值(含復出口),65,43200
2016-04,29321100,四氫?喃,泰國,出口總值(含復出口),64,43200
2016-04,29321100,四氫?喃,荷蘭,出口總值(含復出口),138,88680
2016-04,29321100,四氫?喃,義大利,出口總值(含復出口),120,79680
2016-04,29321100,四氫?喃,德國,進口總值(含復進口),38,3137
2016-04,29321100,四氫?喃,墨西哥,出口總值(含復出口),23,14400
2016-04,39032000,苯乙烯－丙烯?共聚合物，初級狀態,土耳其,出口總值(含復出口),15,12000
2016-04,39032000,苯乙烯－丙烯?共聚合物，初級狀態,中國大陸,出口總值(含復出口),8377,6564290
2016-04,39032000,苯乙烯－丙烯?共聚合物，初級狀態,厄瓜多,出口總值(含復出口),5,3750
2016-04,39032000,苯乙烯－丙烯?共聚合物，初級狀態,巴西,出口總值(含復出口),161,125000
2016-04,39032000,苯乙烯－丙烯?共聚合物，初級狀態,巴基斯坦,出口總值(含復出口),86,65000
2016-04,39032000,苯乙烯－丙烯?共聚合物，初級狀態,日本,進口總值(含復進口),172,59780
2016-04,39032000,苯乙烯－丙烯?共聚合物，初級狀態,日本,出口總值(含復出口),59,46000
2016-04,39032000,苯乙烯－丙烯?共聚合物，初級狀態,以色列,出口總值(含復出口),58,44000
2016-04,39032000,苯乙烯－丙烯?共聚合物，初級狀態,加拿大,出口總值(含復出口),45,34000
2016-04,39032000,苯乙烯－丙烯?共聚合物，初級狀態,印尼,出口總值(含復出口),575,460000
2016-04,39032000,苯乙烯－丙烯?共聚合物，初級狀態,西班牙,出口總值(含復出口),6,5000
2016-04,39032000,苯乙烯－丙烯?共聚合物，初級狀態,孟加拉,出口總值(含復出口),191,141080
2016-04,39032000,苯乙烯－丙烯?共聚合物，初級狀態,波蘭,出口總值(含復出口),4,3000
2016-04,39032000,苯乙烯－丙烯?共聚合物，初級狀態,阿根廷,出口總值(含復出口),6,5400
2016-04,39032000,苯乙烯－丙烯?共聚合物，初級狀態,俄羅斯,出口總值(含復出口),80,62000
2016-04,39032000,苯乙烯－丙烯?共聚合物，初級狀態,南非,出口總值(含復出口),41,31000
2016-04,39032000,苯乙烯－丙烯?共聚合物，初級狀態,南韓,進口總值(含復進口),170,128000
2016-04,39032000,苯乙烯－丙烯?共聚合物，初級狀態,突尼西亞,出口總值(含復出口),26,20000
2016-04,39032000,苯乙烯－丙烯?共聚合物，初級狀態,美國,出口總值(含復出口),111,80800
2016-04,39032000,苯乙烯－丙烯?共聚合物，初級狀態,英國,出口總值(含復出口),11,8000
2016-04,39032000,苯乙烯－丙烯?共聚合物，初級狀態,香港,出口總值(含復出口),1350,1095875
2016-04,39032000,苯乙烯－丙烯?共聚合物，初級狀態,哥倫比亞,出口總值(含復出口),25,19000
2016-04,39032000,苯乙烯－丙烯?共聚合物，初級狀態,泰國,出口總值(含復出口),521,399000
2016-04,39032000,苯乙烯－丙烯?共聚合物，初級狀態,馬來西亞,出口總值(含復出口),198,151000
2016-04,39032000,苯乙烯－丙烯?共聚合物，初級狀態,荷蘭,進口總值(含復進口),0,279
2016-04,39032000,苯乙烯－丙烯?共聚合物，初級狀態,斯里蘭卡,出口總值(含復出口),27,20000
2016-04,39032000,苯乙烯－丙烯?共聚合物，初級狀態,斯洛維尼亞,出口總值(含復出口),118,88000
2016-04,39032000,苯乙烯－丙烯?共聚合物，初級狀態,智利,出口總值(含復出口),23,17000
2016-04,39032000,苯乙烯－丙烯?共聚合物，初級狀態,菲律賓,出口總值(含復出口),28,22500
2016-04,39032000,苯乙烯－丙烯?共聚合物，初級狀態,越南,出口總值(含復出口),625,507000
2016-04,39032000,苯乙烯－丙烯?共聚合物，初級狀態,愛沙尼亞,出口總值(含復出口),24,18000
2016-04,39032000,苯乙烯－丙烯?共聚合物，初級狀態,新加坡,出口總值(含復出口),14,10000
2016-04,39032000,苯乙烯－丙烯?共聚合物，初級狀態,瑞典,出口總值(含復出口),25,18000
2016-04,39032000,苯乙烯－丙烯?共聚合物，初級狀態,義大利,出口總值(含復出口),41,32000
2016-04,39032000,苯乙烯－丙烯?共聚合物，初級狀態,德國,出口總值(含復出口),91,71000
2016-04,39032000,苯乙烯－丙烯?共聚合物，初級狀態,摩洛哥,出口總值(含復出口),13,10000
2016-04,39032000,苯乙烯－丙烯?共聚合物，初級狀態,墨西哥,進口總值(含復進口),12,14155
2016-04,39032000,苯乙烯－丙烯?共聚合物，初級狀態,墨西哥,出口總值(含復出口),223,173000
2016-04,39032000,苯乙烯－丙烯?共聚合物，初級狀態,澳大利亞,出口總值(含復出口),13,10000
2016-04,39039010,甲基丙烯酸甲酯－丁二烯－苯乙烯（ＭＢＳ）共聚合物，初級狀態,土耳其,出口總值(含復出口),0,25
2016-04,39039010,甲基丙烯酸甲酯－丁二烯－苯乙烯（ＭＢＳ）共聚合物，初級狀態,中國大陸,出口總值(含復出口),1127,457155
2016-04,39039010,甲基丙烯酸甲酯－丁二烯－苯乙烯（ＭＢＳ）共聚合物，初級狀態,日本,進口總值(含復進口),267,101698
2016-04,39039010,甲基丙烯酸甲酯－丁二烯－苯乙烯（ＭＢＳ）共聚合物，初級狀態,日本,出口總值(含復出口),67,28500
2016-04,39039010,甲基丙烯酸甲酯－丁二烯－苯乙烯（ＭＢＳ）共聚合物，初級狀態,比利時,出口總值(含復出口),7,3000
2016-04,39039010,甲基丙烯酸甲酯－丁二烯－苯乙烯（ＭＢＳ）共聚合物，初級狀態,印尼,出口總值(含復出口),44,399
2016-04,39039010,甲基丙烯酸甲酯－丁二烯－苯乙烯（ＭＢＳ）共聚合物，初級狀態,法國,出口總值(含復出口),196,78000
2016-04,39039010,甲基丙烯酸甲酯－丁二烯－苯乙烯（ＭＢＳ）共聚合物，初級狀態,肯亞,出口總值(含復出口),1,360
2016-04,39039010,甲基丙烯酸甲酯－丁二烯－苯乙烯（ＭＢＳ）共聚合物，初級狀態,阿曼,出口總值(含復出口),0,200
2016-04,39039010,甲基丙烯酸甲酯－丁二烯－苯乙烯（ＭＢＳ）共聚合物，初級狀態,南非,出口總值(含復出口),5,2000
2016-04,39039010,甲基丙烯酸甲酯－丁二烯－苯乙烯（ＭＢＳ）共聚合物，初級狀態,南韓,進口總值(含復進口),15,18000
2016-04,39039010,甲基丙烯酸甲酯－丁二烯－苯乙烯（ＭＢＳ）共聚合物，初級狀態,南韓,出口總值(含復出口),18,8000
2016-04,39039010,甲基丙烯酸甲酯－丁二烯－苯乙烯（ＭＢＳ）共聚合物，初級狀態,突尼西亞,出口總值(含復出口),15,6000
2016-04,39039010,甲基丙烯酸甲酯－丁二烯－苯乙烯（ＭＢＳ）共聚合物，初級狀態,美國,出口總值(含復出口),2,1000
2016-04,39039010,甲基丙烯酸甲酯－丁二烯－苯乙烯（ＭＢＳ）共聚合物，初級狀態,英國,出口總值(含復出口),147,68500
2016-04,39039010,甲基丙烯酸甲酯－丁二烯－苯乙烯（ＭＢＳ）共聚合物，初級狀態,香港,出口總值(含復出口),175,57700
2016-04,39039010,甲基丙烯酸甲酯－丁二烯－苯乙烯（ＭＢＳ）共聚合物，初級狀態,紐西蘭,出口總值(含復出口),3,1000
2016-04,39039010,甲基丙烯酸甲酯－丁二烯－苯乙烯（ＭＢＳ）共聚合物，初級狀態,馬來西亞,進口總值(含復進口),21,9600
2016-04,39039010,甲基丙烯酸甲酯－丁二烯－苯乙烯（ＭＢＳ）共聚合物，初級狀態,馬來西亞,出口總值(含復出口),142,53000
2016-04,39039010,甲基丙烯酸甲酯－丁二烯－苯乙烯（ＭＢＳ）共聚合物，初級狀態,荷蘭,出口總值(含復出口),7,3000
2016-04,39039010,甲基丙烯酸甲酯－丁二烯－苯乙烯（ＭＢＳ）共聚合物，初級狀態,菲律賓,出口總值(含復出口),95,44000
2016-04,39039010,甲基丙烯酸甲酯－丁二烯－苯乙烯（ＭＢＳ）共聚合物，初級狀態,越南,出口總值(含復出口),41,16100
2016-04,39039010,甲基丙烯酸甲酯－丁二烯－苯乙烯（ＭＢＳ）共聚合物，初級狀態,新加坡,進口總值(含復進口),1592,1008000
2016-04,39039010,甲基丙烯酸甲酯－丁二烯－苯乙烯（ＭＢＳ）共聚合物，初級狀態,新加坡,出口總值(含復出口),3,1000
2016-04,39039010,甲基丙烯酸甲酯－丁二烯－苯乙烯（ＭＢＳ）共聚合物，初級狀態,義大利,出口總值(含復出口),177,80000
2016-04,39039010,甲基丙烯酸甲酯－丁二烯－苯乙烯（ＭＢＳ）共聚合物，初級狀態,澳大利亞,出口總值(含復出口),17,7000
2016-04,39052100,醋酸乙烯共聚合物水性分散液,中國大陸,進口總值(含復進口),137,78680
2016-04,39052100,醋酸乙烯共聚合物水性分散液,中國大陸,出口總值(含復出口),3054,3351860
2016-04,39052100,醋酸乙烯共聚合物水性分散液,巴基斯坦,出口總值(含復出口),224,270000
2016-04,39052100,醋酸乙烯共聚合物水性分散液,日本,進口總值(含復進口),7,760
2016-04,39052100,醋酸乙烯共聚合物水性分散液,日本,出口總值(含復出口),19,20000
2016-04,39052100,醋酸乙烯共聚合物水性分散液,瓜地馬拉,出口總值(含復出口),18,19720
2016-04,39052100,醋酸乙烯共聚合物水性分散液,印度,出口總值(含復出口),46,38280
2016-04,39052100,醋酸乙烯共聚合物水性分散液,波多黎各,出口總值(含復出口),21,19680
2016-04,39052100,醋酸乙烯共聚合物水性分散液,阿拉伯聯合大公國,出口總值(含復出口),15,17600
2016-04,39052100,醋酸乙烯共聚合物水性分散液,阿根廷,出口總值(含復出口),59,55000
2016-04,39052100,醋酸乙烯共聚合物水性分散液,俄羅斯,出口總值(含復出口),22,20000
2016-04,39052100,醋酸乙烯共聚合物水性分散液,南非,出口總值(含復出口),30,35200
2016-04,39052100,醋酸乙烯共聚合物水性分散液,南韓,出口總值(含復出口),26,26400
2016-04,39052100,醋酸乙烯共聚合物水性分散液,美國,出口總值(含復出口),71,75450
2016-04,39052100,醋酸乙烯共聚合物水性分散液,香港,出口總值(含復出口),16,18000
2016-04,39052100,醋酸乙烯共聚合物水性分散液,哥斯大黎加,出口總值(含復出口),20,17600
2016-04,39052100,醋酸乙烯共聚合物水性分散液,紐西蘭,出口總值(含復出口),51,57460
2016-04,39052100,醋酸乙烯共聚合物水性分散液,馬來西亞,出口總值(含復出口),47,28800
2016-04,39052100,醋酸乙烯共聚合物水性分散液,越南,出口總值(含復出口),88,89600
2016-04,39052100,醋酸乙烯共聚合物水性分散液,新加坡,出口總值(含復出口),50,52800
2016-04,39052100,醋酸乙烯共聚合物水性分散液,墨西哥,出口總值(含復出口),83,92070
2016-04,39052100,醋酸乙烯共聚合物水性分散液,澳大利亞,出口總值(含復出口),96,99410
2016-05,29161410,甲基丙烯酸甲酯,中國大陸,進口總值(含復進口),42,18402
2016-05,29161410,甲基丙烯酸甲酯,中國大陸,出口總值(含復出口),4824,3416282
2016-05,29161410,甲基丙烯酸甲酯,日本,進口總值(含復進口),3294,2567009
2016-05,29161410,甲基丙烯酸甲酯,日本,出口總值(含復出口),22,15200
2016-05,29161410,甲基丙烯酸甲酯,印尼,出口總值(含復出口),328,238280
2016-05,29161410,甲基丙烯酸甲酯,印度,出口總值(含復出口),24,15200
2016-05,29161410,甲基丙烯酸甲酯,南韓,進口總值(含復進口),0,8
2016-05,29161410,甲基丙烯酸甲酯,美國,進口總值(含復進口),1215,899818
2016-05,29161410,甲基丙烯酸甲酯,英國,進口總值(含復進口),0,3
2016-05,29161410,甲基丙烯酸甲酯,香港,出口總值(含復出口),48,21490
2016-05,29161410,甲基丙烯酸甲酯,泰國,進口總值(含復進口),4752,3523360
2016-05,29161410,甲基丙烯酸甲酯,泰國,出口總值(含復出口),45,30400
2016-05,29161410,甲基丙烯酸甲酯,秘魯,出口總值(含復出口),22,15200
2016-05,29161410,甲基丙烯酸甲酯,馬來西亞,出口總值(含復出口),12,1440
2016-05,29161410,甲基丙烯酸甲酯,菲律賓,出口總值(含復出口),578,434970
2016-05,29161410,甲基丙烯酸甲酯,越南,出口總值(含復出口),1609,1177490
2016-05,29161410,甲基丙烯酸甲酯,德國,進口總值(含復進口),1145,995819
2016-05,29173300,鄰苯二甲酸二壬酯或二癸酯,中國大陸,出口總值(含復出口),2350,2859000
2016-05,29173300,鄰苯二甲酸二壬酯或二癸酯,日本,出口總值(含復出口),86,85000
2016-05,29173300,鄰苯二甲酸二壬酯或二癸酯,以色列,出口總值(含復出口),91,100000
2016-05,29173300,鄰苯二甲酸二壬酯或二癸酯,加拿大,進口總值(含復進口),0,0
2016-05,29173300,鄰苯二甲酸二壬酯或二癸酯,印尼,出口總值(含復出口),30,32000
2016-05,29173300,鄰苯二甲酸二壬酯或二癸酯,印度,出口總值(含復出口),15,16000
2016-05,29173300,鄰苯二甲酸二壬酯或二癸酯,阿拉伯聯合大公國,出口總值(含復出口),104,120000
2016-05,29173300,鄰苯二甲酸二壬酯或二癸酯,阿曼,出口總值(含復出口),311,312000
2016-05,29173300,鄰苯二甲酸二壬酯或二癸酯,美國,出口總值(含復出口),132,140000
2016-05,29173300,鄰苯二甲酸二壬酯或二癸酯,哥倫比亞,出口總值(含復出口),2,1000
2016-05,29173300,鄰苯二甲酸二壬酯或二癸酯,泰國,出口總值(含復出口),15,16000
2016-05,29173300,鄰苯二甲酸二壬酯或二癸酯,馬來西亞,出口總值(含復出口),168,186000
2016-05,29173300,鄰苯二甲酸二壬酯或二癸酯,荷蘭,進口總值(含復進口),0,0
2016-05,29173300,鄰苯二甲酸二壬酯或二癸酯,斯里蘭卡,出口總值(含復出口),31,36000
2016-05,29173300,鄰苯二甲酸二壬酯或二癸酯,智利,出口總值(含復出口),17,16000
2016-05,29173300,鄰苯二甲酸二壬酯或二癸酯,菲律賓,出口總值(含復出口),382,411000
2016-05,29173300,鄰苯二甲酸二壬酯或二癸酯,越南,出口總值(含復出口),108,112000
2016-05,29173300,鄰苯二甲酸二壬酯或二癸酯,墨西哥,出口總值(含復出口),180,189000
2016-05,29321100,四氫?喃,中國大陸,進口總值(含復進口),81,86400
2016-05,29321100,四氫?喃,中國大陸,出口總值(含復出口),153,100800
2016-05,29321100,四氫?喃,日本,出口總值(含復出口),373,231850
2016-05,29321100,四氫?喃,以色列,出口總值(含復出口),22,14400
2016-05,29321100,四氫?喃,伊朗,出口總值(含復出口),44,28800
2016-05,29321100,四氫?喃,印度,出口總值(含復出口),1300,911670
2016-05,29321100,四氫?喃,南韓,進口總值(含復進口),5,745
2016-05,29321100,四氫?喃,南韓,出口總值(含復出口),1897,1434400
2016-05,29321100,四氫?喃,美國,進口總值(含復進口),0,0
2016-05,29321100,四氫?喃,英國,進口總值(含復進口),0,0
2016-05,29321100,四氫?喃,哥倫比亞,出口總值(含復出口),109,72000
2016-05,29321100,四氫?喃,埃及,出口總值(含復出口),44,28800
2016-05,29321100,四氫?喃,義大利,出口總值(含復出口),60,39920
2016-05,29321100,四氫?喃,德國,進口總值(含復進口),11,868
2016-05,29321100,四氫?喃,墨西哥,出口總值(含復出口),45,28800
2016-05,29321100,四氫?喃,澳大利亞,出口總值(含復出口),23,14400
2016-05,39032000,苯乙烯－丙烯?共聚合物，初級狀態,土耳其,出口總值(含復出口),11,8000
2016-05,39032000,苯乙烯－丙烯?共聚合物，初級狀態,中國大陸,進口總值(含復進口),35,520
2016-05,39032000,苯乙烯－丙烯?共聚合物，初級狀態,中國大陸,出口總值(含復出口),7051,5533715
2016-05,39032000,苯乙烯－丙烯?共聚合物，初級狀態,厄瓜多,出口總值(含復出口),24,20000
2016-05,39032000,苯乙烯－丙烯?共聚合物，初級狀態,巴西,出口總值(含復出口),352,273000
2016-05,39032000,苯乙烯－丙烯?共聚合物，初級狀態,巴基斯坦,出口總值(含復出口),50,37000
2016-05,39032000,苯乙烯－丙烯?共聚合物，初級狀態,日本,進口總值(含復進口),345,161180
2016-05,39032000,苯乙烯－丙烯?共聚合物，初級狀態,日本,出口總值(含復出口),36,27250
2016-05,39032000,苯乙烯－丙烯?共聚合物，初級狀態,比利時,出口總值(含復出口),21,10800
2016-05,39032000,苯乙烯－丙烯?共聚合物，初級狀態,以色列,出口總值(含復出口),24,18000
2016-05,39032000,苯乙烯－丙烯?共聚合物，初級狀態,加拿大,出口總值(含復出口),42,32000
2016-05,39032000,苯乙烯－丙烯?共聚合物，初級狀態,印尼,出口總值(含復出口),287,221000
2016-05,39032000,苯乙烯－丙烯?共聚合物，初級狀態,印度,出口總值(含復出口),46,36375
2016-05,39032000,苯乙烯－丙烯?共聚合物，初級狀態,西班牙,出口總值(含復出口),7,5000
2016-05,39032000,苯乙烯－丙烯?共聚合物，初級狀態,沙烏地阿拉伯,出口總值(含復出口),22,16000
2016-05,39032000,苯乙烯－丙烯?共聚合物，初級狀態,孟加拉,出口總值(含復出口),33,20320
2016-05,39032000,苯乙烯－丙烯?共聚合物，初級狀態,波蘭,出口總值(含復出口),3,2000
2016-05,39032000,苯乙烯－丙烯?共聚合物，初級狀態,阿拉伯聯合大公國,出口總值(含復出口),38,28000
2016-05,39032000,苯乙烯－丙烯?共聚合物，初級狀態,阿根廷,出口總值(含復出口),27,20000
2016-05,39032000,苯乙烯－丙烯?共聚合物，初級狀態,俄羅斯,出口總值(含復出口),131,100000
2016-05,39032000,苯乙烯－丙烯?共聚合物，初級狀態,南非,出口總值(含復出口),9,7000
2016-05,39032000,苯乙烯－丙烯?共聚合物，初級狀態,美國,出口總值(含復出口),157,116800
2016-05,39032000,苯乙烯－丙烯?共聚合物，初級狀態,英國,進口總值(含復進口),26,2750
2016-05,39032000,苯乙烯－丙烯?共聚合物，初級狀態,英國,出口總值(含復出口),12,9000
2016-05,39032000,苯乙烯－丙烯?共聚合物，初級狀態,香港,出口總值(含復出口),1945,1534100
2016-05,39032000,苯乙烯－丙烯?共聚合物，初級狀態,哥倫比亞,出口總值(含復出口),28,21000
2016-05,39032000,苯乙烯－丙烯?共聚合物，初級狀態,埃及,出口總值(含復出口),27,20000
2016-05,39032000,苯乙烯－丙烯?共聚合物，初級狀態,泰國,進口總值(含復進口),42,40000
2016-05,39032000,苯乙烯－丙烯?共聚合物，初級狀態,泰國,出口總值(含復出口),610,466000
2016-05,39032000,苯乙烯－丙烯?共聚合物，初級狀態,秘魯,出口總值(含復出口),8,5500
2016-05,39032000,苯乙烯－丙烯?共聚合物，初級狀態,馬來西亞,出口總值(含復出口),321,242050
2016-05,39032000,苯乙烯－丙烯?共聚合物，初級狀態,馬拉威,出口總值(含復出口),23,18000
2016-05,39032000,苯乙烯－丙烯?共聚合物，初級狀態,敘利亞,出口總值(含復出口),28,21000
2016-05,39032000,苯乙烯－丙烯?共聚合物，初級狀態,斯洛維尼亞,出口總值(含復出口),4,3000
2016-05,39032000,苯乙烯－丙烯?共聚合物，初級狀態,越南,出口總值(含復出口),98,74000
2016-05,39032000,苯乙烯－丙烯?共聚合物，初級狀態,愛沙尼亞,出口總值(含復出口),24,18000
2016-05,39032000,苯乙烯－丙烯?共聚合物，初級狀態,新加坡,出口總值(含復出口),7,5000
2016-05,39032000,苯乙烯－丙烯?共聚合物，初級狀態,瑞典,出口總值(含復出口),26,19125
2016-05,39032000,苯乙烯－丙烯?共聚合物，初級狀態,德國,出口總值(含復出口),110,79000
2016-05,39032000,苯乙烯－丙烯?共聚合物，初級狀態,緬甸,出口總值(含復出口),23,17000
2016-05,39032000,苯乙烯－丙烯?共聚合物，初級狀態,墨西哥,出口總值(含復出口),49,38000
2016-05,39032000,苯乙烯－丙烯?共聚合物，初級狀態,澳大利亞,出口總值(含復出口),26,19000
2016-05,39039010,甲基丙烯酸甲酯－丁二烯－苯乙烯（ＭＢＳ）共聚合物，初級狀態,中國大陸,出口總值(含復出口),2078,815000
2016-05,39039010,甲基丙烯酸甲酯－丁二烯－苯乙烯（ＭＢＳ）共聚合物，初級狀態,日本,進口總值(含復進口),301,113652
2016-05,39039010,甲基丙烯酸甲酯－丁二烯－苯乙烯（ＭＢＳ）共聚合物，初級狀態,日本,出口總值(含復出口),23,10500
2016-05,39039010,甲基丙烯酸甲酯－丁二烯－苯乙烯（ＭＢＳ）共聚合物，初級狀態,比利時,出口總值(含復出口),131,60000
2016-05,39039010,甲基丙烯酸甲酯－丁二烯－苯乙烯（ＭＢＳ）共聚合物，初級狀態,法國,出口總值(含復出口),67,26000
2016-05,39039010,甲基丙烯酸甲酯－丁二烯－苯乙烯（ＭＢＳ）共聚合物，初級狀態,肯亞,出口總值(含復出口),58,17525
2016-05,39039010,甲基丙烯酸甲酯－丁二烯－苯乙烯（ＭＢＳ）共聚合物，初級狀態,南非,出口總值(含復出口),7,3000
2016-05,39039010,甲基丙烯酸甲酯－丁二烯－苯乙烯（ＭＢＳ）共聚合物，初級狀態,南韓,進口總值(含復進口),89,44000
2016-05,39039010,甲基丙烯酸甲酯－丁二烯－苯乙烯（ＭＢＳ）共聚合物，初級狀態,南韓,出口總值(含復出口),18,8000
2016-05,39039010,甲基丙烯酸甲酯－丁二烯－苯乙烯（ＭＢＳ）共聚合物，初級狀態,美國,進口總值(含復進口),21,11453
2016-05,39039010,甲基丙烯酸甲酯－丁二烯－苯乙烯（ＭＢＳ）共聚合物，初級狀態,美國,出口總值(含復出口),5,2050
2016-05,39039010,甲基丙烯酸甲酯－丁二烯－苯乙烯（ＭＢＳ）共聚合物，初級狀態,英國,出口總值(含復出口),41,18500
2016-05,39039010,甲基丙烯酸甲酯－丁二烯－苯乙烯（ＭＢＳ）共聚合物，初級狀態,香港,出口總值(含復出口),159,46800
2016-05,39039010,甲基丙烯酸甲酯－丁二烯－苯乙烯（ＭＢＳ）共聚合物，初級狀態,泰國,出口總值(含復出口),29,14000
2016-05,39039010,甲基丙烯酸甲酯－丁二烯－苯乙烯（ＭＢＳ）共聚合物，初級狀態,紐西蘭,出口總值(含復出口),41,14750
2016-05,39039010,甲基丙烯酸甲酯－丁二烯－苯乙烯（ＭＢＳ）共聚合物，初級狀態,馬來西亞,進口總值(含復進口),22,9600
2016-05,39039010,甲基丙烯酸甲酯－丁二烯－苯乙烯（ＭＢＳ）共聚合物，初級狀態,馬來西亞,出口總值(含復出口),182,61500
2016-05,39039010,甲基丙烯酸甲酯－丁二烯－苯乙烯（ＭＢＳ）共聚合物，初級狀態,荷蘭,進口總值(含復進口),25,10000
2016-05,39039010,甲基丙烯酸甲酯－丁二烯－苯乙烯（ＭＢＳ）共聚合物，初級狀態,荷蘭,出口總值(含復出口),4,2000
2016-05,39039010,甲基丙烯酸甲酯－丁二烯－苯乙烯（ＭＢＳ）共聚合物，初級狀態,越南,出口總值(含復出口),14,5000
2016-05,39039010,甲基丙烯酸甲酯－丁二烯－苯乙烯（ＭＢＳ）共聚合物，初級狀態,新加坡,進口總值(含復進口),466,271200
2016-05,39039010,甲基丙烯酸甲酯－丁二烯－苯乙烯（ＭＢＳ）共聚合物，初級狀態,新加坡,出口總值(含復出口),3,1000
2016-05,39039010,甲基丙烯酸甲酯－丁二烯－苯乙烯（ＭＢＳ）共聚合物，初級狀態,義大利,出口總值(含復出口),36,16000
2016-05,39039010,甲基丙烯酸甲酯－丁二烯－苯乙烯（ＭＢＳ）共聚合物，初級狀態,澳大利亞,出口總值(含復出口),51,22000
2016-05,39052100,醋酸乙烯共聚合物水性分散液,中國大陸,進口總值(含復進口),142,70720
2016-05,39052100,醋酸乙烯共聚合物水性分散液,中國大陸,出口總值(含復出口),3325,3675700
2016-05,39052100,醋酸乙烯共聚合物水性分散液,巴基斯坦,出口總值(含復出口),296,360000
2016-05,39052100,醋酸乙烯共聚合物水性分散液,日本,進口總值(含復進口),22,3394
2016-05,39052100,醋酸乙烯共聚合物水性分散液,日本,出口總值(含復出口),16,16000
2016-05,39052100,醋酸乙烯共聚合物水性分散液,印度,出口總值(含復出口),68,56320
2016-05,39052100,醋酸乙烯共聚合物水性分散液,希臘,出口總值(含復出口),4,5000
2016-05,39052100,醋酸乙烯共聚合物水性分散液,阿拉伯聯合大公國,出口總值(含復出口),15,17600
2016-05,39052100,醋酸乙烯共聚合物水性分散液,阿爾及利亞,出口總值(含復出口),19,18000
2016-05,39052100,醋酸乙烯共聚合物水性分散液,俄羅斯,出口總值(含復出口),66,60000
2016-05,39052100,醋酸乙烯共聚合物水性分散液,南非,出口總值(含復出口),14,17600
2016-05,39052100,醋酸乙烯共聚合物水性分散液,南韓,進口總值(含復進口),37,35400
2016-05,39052100,醋酸乙烯共聚合物水性分散液,南韓,出口總值(含復出口),9,10560
2016-05,39052100,醋酸乙烯共聚合物水性分散液,美國,進口總值(含復進口),39,30849
2016-05,39052100,醋酸乙烯共聚合物水性分散液,美國,出口總值(含復出口),25,22000
2016-05,39052100,醋酸乙烯共聚合物水性分散液,香港,出口總值(含復出口),16,18000
2016-05,39052100,醋酸乙烯共聚合物水性分散液,烏克蘭,出口總值(含復出口),20,20000
2016-05,39052100,醋酸乙烯共聚合物水性分散液,紐西蘭,出口總值(含復出口),68,76800
2016-05,39052100,醋酸乙烯共聚合物水性分散液,馬來西亞,出口總值(含復出口),46,28800
2016-05,39052100,醋酸乙烯共聚合物水性分散液,越南,出口總值(含復出口),59,64600
2016-05,39052100,醋酸乙烯共聚合物水性分散液,新加坡,出口總值(含復出口),51,52800
2016-05,39052100,醋酸乙烯共聚合物水性分散液,墨西哥,出口總值(含復出口),43,37600
2016-05,39052100,醋酸乙烯共聚合物水性分散液,澳大利亞,出口總值(含復出口),81,79300
2016-06,29161410,甲基丙烯酸甲酯,中國大陸,進口總值(含復進口),52,35200
2016-06,29161410,甲基丙烯酸甲酯,中國大陸,出口總值(含復出口),5436,3807243
2016-06,29161410,甲基丙烯酸甲酯,巴基斯坦,出口總值(含復出口),277,182400
2016-06,29161410,甲基丙烯酸甲酯,日本,進口總值(含復進口),2812,2071160
2016-06,29161410,甲基丙烯酸甲酯,日本,出口總值(含復出口),51,34920
2016-06,29161410,甲基丙烯酸甲酯,印尼,出口總值(含復出口),107,80450
2016-06,29161410,甲基丙烯酸甲酯,南韓,進口總值(含復進口),0,4
2016-06,29161410,甲基丙烯酸甲酯,南韓,出口總值(含復出口),1719,1198560
2016-06,29161410,甲基丙烯酸甲酯,美國,進口總值(含復進口),1,5
2016-06,29161410,甲基丙烯酸甲酯,英國,進口總值(含復進口),0,1
2016-06,29161410,甲基丙烯酸甲酯,香港,出口總值(含復出口),75,41490
2016-06,29161410,甲基丙烯酸甲酯,泰國,進口總值(含復進口),2261,1511596
2016-06,29161410,甲基丙烯酸甲酯,泰國,出口總值(含復出口),369,276650
2016-06,29161410,甲基丙烯酸甲酯,秘魯,出口總值(含復出口),21,15200
2016-06,29161410,甲基丙烯酸甲酯,馬來西亞,出口總值(含復出口),9,4800
2016-06,29161410,甲基丙烯酸甲酯,斯里蘭卡,出口總值(含復出口),24,15200
2016-06,29161410,甲基丙烯酸甲酯,菲律賓,出口總值(含復出口),311,231550
2016-06,29161410,甲基丙烯酸甲酯,越南,出口總值(含復出口),1053,771120
2016-06,29161410,甲基丙烯酸甲酯,新加坡,進口總值(含復進口),279,196250
2016-06,29161410,甲基丙烯酸甲酯,德國,進口總值(含復進口),493,377600
2016-06,29173300,鄰苯二甲酸二壬酯或二癸酯,中國大陸,出口總值(含復出口),1944,2271000
2016-06,29173300,鄰苯二甲酸二壬酯或二癸酯,日本,進口總值(含復進口),0,0
2016-06,29173300,鄰苯二甲酸二壬酯或二癸酯,日本,出口總值(含復出口),107,112000
2016-06,29173300,鄰苯二甲酸二壬酯或二癸酯,以色列,出口總值(含復出口),94,100000
2016-06,29173300,鄰苯二甲酸二壬酯或二癸酯,印尼,出口總值(含復出口),22,23000
2016-06,29173300,鄰苯二甲酸二壬酯或二癸酯,阿拉伯聯合大公國,出口總值(含復出口),178,200000
2016-06,29173300,鄰苯二甲酸二壬酯或二癸酯,阿根廷,出口總值(含復出口),37,40000
2016-06,29173300,鄰苯二甲酸二壬酯或二癸酯,俄羅斯,出口總值(含復出口),18,20000
2016-06,29173300,鄰苯二甲酸二壬酯或二癸酯,美國,進口總值(含復進口),0,0
2016-06,29173300,鄰苯二甲酸二壬酯或二癸酯,美國,出口總值(含復出口),8,11000
2016-06,29173300,鄰苯二甲酸二壬酯或二癸酯,英國,出口總值(含復出口),21,23000
2016-06,29173300,鄰苯二甲酸二壬酯或二癸酯,馬來西亞,出口總值(含復出口),37,38000
2016-06,29173300,鄰苯二甲酸二壬酯或二癸酯,荷蘭,進口總值(含復進口),0,0
2016-06,29173300,鄰苯二甲酸二壬酯或二癸酯,菲律賓,出口總值(含復出口),350,364000
2016-06,29173300,鄰苯二甲酸二壬酯或二癸酯,越南,出口總值(含復出口),72,76000
2016-06,29173300,鄰苯二甲酸二壬酯或二癸酯,新加坡,出口總值(含復出口),15,16000
2016-06,29173300,鄰苯二甲酸二壬酯或二癸酯,墨西哥,出口總值(含復出口),181,188000
2016-06,29173300,鄰苯二甲酸二壬酯或二癸酯,澳大利亞,出口總值(含復出口),19,20000
2016-06,29321100,四氫?喃,中國大陸,進口總值(含復進口),23,28800
2016-06,29321100,四氫?喃,中國大陸,出口總值(含復出口),259,172800
2016-06,29321100,四氫?喃,日本,進口總值(含復進口),0,1
2016-06,29321100,四氫?喃,日本,出口總值(含復出口),632,400120
2016-06,29321100,四氫?喃,比利時,出口總值(含復出口),93,57600
2016-06,29321100,四氫?喃,伊朗,出口總值(含復出口),21,14400
2016-06,29321100,四氫?喃,印度,出口總值(含復出口),856,621660
2016-06,29321100,四氫?喃,南韓,進口總值(含復進口),0,4
2016-06,29321100,四氫?喃,南韓,出口總值(含復出口),2817,2144400
2016-06,29321100,四氫?喃,美國,進口總值(含復進口),31,2140
2016-06,29321100,四氫?喃,英國,進口總值(含復進口),0,0
2016-06,29321100,四氫?喃,英國,出口總值(含復出口),23,14400
2016-06,29321100,四氫?喃,哥倫比亞,出口總值(含復出口),34,28800
2016-06,29321100,四氫?喃,埃及,出口總值(含復出口),22,14400
2016-06,29321100,四氫?喃,泰國,出口總值(含復出口),67,28800
2016-06,29321100,四氫?喃,荷蘭,出口總值(含復出口),46,28800
2016-06,29321100,四氫?喃,德國,進口總值(含復進口),10,844
2016-06,39032000,苯乙烯－丙烯?共聚合物，初級狀態,土耳其,出口總值(含復出口),8,6000
2016-06,39032000,苯乙烯－丙烯?共聚合物，初級狀態,中國大陸,出口總值(含復出口),8675,6947480
2016-06,39032000,苯乙烯－丙烯?共聚合物，初級狀態,巴西,出口總值(含復出口),243,193000
2016-06,39032000,苯乙烯－丙烯?共聚合物，初級狀態,巴基斯坦,出口總值(含復出口),105,79000
2016-06,39032000,苯乙烯－丙烯?共聚合物，初級狀態,日本,進口總值(含復進口),371,152386
2016-06,39032000,苯乙烯－丙烯?共聚合物，初級狀態,日本,出口總值(含復出口),84,65000
2016-06,39032000,苯乙烯－丙烯?共聚合物，初級狀態,比利時,出口總值(含復出口),4,3000
2016-06,39032000,苯乙烯－丙烯?共聚合物，初級狀態,以色列,出口總值(含復出口),23,18000
2016-06,39032000,苯乙烯－丙烯?共聚合物，初級狀態,印尼,出口總值(含復出口),477,367000
2016-06,39032000,苯乙烯－丙烯?共聚合物，初級狀態,西班牙,出口總值(含復出口),5,4000
2016-06,39032000,苯乙烯－丙烯?共聚合物，初級狀態,孟加拉,出口總值(含復出口),118,90000
2016-06,39032000,苯乙烯－丙烯?共聚合物，初級狀態,波蘭,出口總值(含復出口),12,9000
2016-06,39032000,苯乙烯－丙烯?共聚合物，初級狀態,法國,出口總值(含復出口),10,7000
2016-06,39032000,苯乙烯－丙烯?共聚合物，初級狀態,阿拉伯聯合大公國,出口總值(含復出口),16,12000
2016-06,39032000,苯乙烯－丙烯?共聚合物，初級狀態,阿根廷,出口總值(含復出口),20,16000
2016-06,39032000,苯乙烯－丙烯?共聚合物，初級狀態,俄羅斯,出口總值(含復出口),217,171100
2016-06,39032000,苯乙烯－丙烯?共聚合物，初級狀態,南非,出口總值(含復出口),31,23000
2016-06,39032000,苯乙烯－丙烯?共聚合物，初級狀態,南韓,進口總值(含復進口),90,70000
2016-06,39032000,苯乙烯－丙烯?共聚合物，初級狀態,美國,出口總值(含復出口),58,43000
2016-06,39032000,苯乙烯－丙烯?共聚合物，初級狀態,英國,進口總值(含復進口),39,4125
2016-06,39032000,苯乙烯－丙烯?共聚合物，初級狀態,香港,出口總值(含復出口),1006,760700
2016-06,39032000,苯乙烯－丙烯?共聚合物，初級狀態,哥倫比亞,出口總值(含復出口),35,28000
2016-06,39032000,苯乙烯－丙烯?共聚合物，初級狀態,埃及,出口總值(含復出口),287,214000
2016-06,39032000,苯乙烯－丙烯?共聚合物，初級狀態,泰國,出口總值(含復出口),575,438000
2016-06,39032000,苯乙烯－丙烯?共聚合物，初級狀態,馬來西亞,進口總值(含復進口),28,9800
2016-06,39032000,苯乙烯－丙烯?共聚合物，初級狀態,馬來西亞,出口總值(含復出口),211,162000
2016-06,39032000,苯乙烯－丙烯?共聚合物，初級狀態,敘利亞,出口總值(含復出口),12,9000
2016-06,39032000,苯乙烯－丙烯?共聚合物，初級狀態,斯洛維尼亞,出口總值(含復出口),14,11000
2016-06,39032000,苯乙烯－丙烯?共聚合物，初級狀態,菲律賓,出口總值(含復出口),102,80000
2016-06,39032000,苯乙烯－丙烯?共聚合物，初級狀態,越南,出口總值(含復出口),236,183000
2016-06,39032000,苯乙烯－丙烯?共聚合物，初級狀態,愛沙尼亞,出口總值(含復出口),24,18000
2016-06,39032000,苯乙烯－丙烯?共聚合物，初級狀態,新加坡,出口總值(含復出口),8,6000
2016-06,39032000,苯乙烯－丙烯?共聚合物，初級狀態,瑞典,出口總值(含復出口),24,18000
2016-06,39032000,苯乙烯－丙烯?共聚合物，初級狀態,義大利,出口總值(含復出口),85,63000
2016-06,39032000,苯乙烯－丙烯?共聚合物，初級狀態,德國,出口總值(含復出口),128,97000
2016-06,39032000,苯乙烯－丙烯?共聚合物，初級狀態,墨西哥,進口總值(含復進口),3,726
2016-06,39032000,苯乙烯－丙烯?共聚合物，初級狀態,墨西哥,出口總值(含復出口),88,69000
2016-06,39032000,苯乙烯－丙烯?共聚合物，初級狀態,澳大利亞,出口總值(含復出口),13,10000
2016-06,39039010,甲基丙烯酸甲酯－丁二烯－苯乙烯（ＭＢＳ）共聚合物，初級狀態,中國大陸,出口總值(含復出口),2006,750520
2016-06,39039010,甲基丙烯酸甲酯－丁二烯－苯乙烯（ＭＢＳ）共聚合物，初級狀態,日本,進口總值(含復進口),331,117032
2016-06,39039010,甲基丙烯酸甲酯－丁二烯－苯乙烯（ＭＢＳ）共聚合物，初級狀態,日本,出口總值(含復出口),17,8000
2016-06,39039010,甲基丙烯酸甲酯－丁二烯－苯乙烯（ＭＢＳ）共聚合物，初級狀態,比利時,出口總值(含復出口),239,108000
2016-06,39039010,甲基丙烯酸甲酯－丁二烯－苯乙烯（ＭＢＳ）共聚合物，初級狀態,以色列,出口總值(含復出口),9,3000
2016-06,39039010,甲基丙烯酸甲酯－丁二烯－苯乙烯（ＭＢＳ）共聚合物，初級狀態,加拿大,出口總值(含復出口),2,1000
2016-06,39039010,甲基丙烯酸甲酯－丁二烯－苯乙烯（ＭＢＳ）共聚合物，初級狀態,伊朗,出口總值(含復出口),39,18000
2016-06,39039010,甲基丙烯酸甲酯－丁二烯－苯乙烯（ＭＢＳ）共聚合物，初級狀態,波蘭,出口總值(含復出口),7,3000
2016-06,39039010,甲基丙烯酸甲酯－丁二烯－苯乙烯（ＭＢＳ）共聚合物，初級狀態,法國,出口總值(含復出口),26,12000
2016-06,39039010,甲基丙烯酸甲酯－丁二烯－苯乙烯（ＭＢＳ）共聚合物，初級狀態,俄羅斯,出口總值(含復出口),0,100
2016-06,39039010,甲基丙烯酸甲酯－丁二烯－苯乙烯（ＭＢＳ）共聚合物，初級狀態,南非,出口總值(含復出口),2,1000
2016-06,39039010,甲基丙烯酸甲酯－丁二烯－苯乙烯（ＭＢＳ）共聚合物，初級狀態,南韓,進口總值(含復進口),118,59200
2016-06,39039010,甲基丙烯酸甲酯－丁二烯－苯乙烯（ＭＢＳ）共聚合物，初級狀態,南韓,出口總值(含復出口),55,25600
2016-06,39039010,甲基丙烯酸甲酯－丁二烯－苯乙烯（ＭＢＳ）共聚合物，初級狀態,美國,出口總值(含復出口),2,1000
2016-06,39039010,甲基丙烯酸甲酯－丁二烯－苯乙烯（ＭＢＳ）共聚合物，初級狀態,香港,出口總值(含復出口),52,15100
2016-06,39039010,甲基丙烯酸甲酯－丁二烯－苯乙烯（ＭＢＳ）共聚合物，初級狀態,泰國,出口總值(含復出口),99,42400
2016-06,39039010,甲基丙烯酸甲酯－丁二烯－苯乙烯（ＭＢＳ）共聚合物，初級狀態,馬來西亞,進口總值(含復進口),22,9600
2016-06,39039010,甲基丙烯酸甲酯－丁二烯－苯乙烯（ＭＢＳ）共聚合物，初級狀態,馬來西亞,出口總值(含復出口),55,16000
2016-06,39039010,甲基丙烯酸甲酯－丁二烯－苯乙烯（ＭＢＳ）共聚合物，初級狀態,荷蘭,進口總值(含復進口),58,20000
2016-06,39039010,甲基丙烯酸甲酯－丁二烯－苯乙烯（ＭＢＳ）共聚合物，初級狀態,荷蘭,出口總值(含復出口),8,3000
2016-06,39039010,甲基丙烯酸甲酯－丁二烯－苯乙烯（ＭＢＳ）共聚合物，初級狀態,斯洛維尼亞,出口總值(含復出口),3,1000
2016-06,39039010,甲基丙烯酸甲酯－丁二烯－苯乙烯（ＭＢＳ）共聚合物，初級狀態,越南,出口總值(含復出口),27,11000
2016-06,39039010,甲基丙烯酸甲酯－丁二烯－苯乙烯（ＭＢＳ）共聚合物，初級狀態,新加坡,進口總值(含復進口),1287,775200
2016-06,39039010,甲基丙烯酸甲酯－丁二烯－苯乙烯（ＭＢＳ）共聚合物，初級狀態,德國,出口總值(含復出口),4,2000
2016-06,39039010,甲基丙烯酸甲酯－丁二烯－苯乙烯（ＭＢＳ）共聚合物，初級狀態,澳大利亞,出口總值(含復出口),27,12000
2016-06,39052100,醋酸乙烯共聚合物水性分散液,中國大陸,進口總值(含復進口),31,20160
2016-06,39052100,醋酸乙烯共聚合物水性分散液,中國大陸,出口總值(含復出口),2930,3340240
2016-06,39052100,醋酸乙烯共聚合物水性分散液,巴基斯坦,出口總值(含復出口),312,378000
2016-06,39052100,醋酸乙烯共聚合物水性分散液,日本,進口總值(含復進口),5,570
2016-06,39052100,醋酸乙烯共聚合物水性分散液,日本,出口總值(含復出口),19,19300
2016-06,39052100,醋酸乙烯共聚合物水性分散液,印度,出口總值(含復出口),34,35600
2016-06,39052100,醋酸乙烯共聚合物水性分散液,多明尼加,出口總值(含復出口),1,880
2016-06,39052100,醋酸乙烯共聚合物水性分散液,孟加拉,出口總值(含復出口),20,15600
2016-06,39052100,醋酸乙烯共聚合物水性分散液,波多黎各,出口總值(含復出口),22,19500
2016-06,39052100,醋酸乙烯共聚合物水性分散液,俄羅斯,出口總值(含復出口),22,20000
2016-06,39052100,醋酸乙烯共聚合物水性分散液,南非,出口總值(含復出口),16,17600
2016-06,39052100,醋酸乙烯共聚合物水性分散液,南韓,進口總值(含復進口),15,15600
2016-06,39052100,醋酸乙烯共聚合物水性分散液,南韓,出口總值(含復出口),6,7040
2016-06,39052100,醋酸乙烯共聚合物水性分散液,美國,進口總值(含復進口),11,8050
2016-06,39052100,醋酸乙烯共聚合物水性分散液,美國,出口總值(含復出口),40,37690
2016-06,39052100,醋酸乙烯共聚合物水性分散液,埃及,出口總值(含復出口),27,17600
2016-06,39052100,醋酸乙烯共聚合物水性分散液,秘魯,出口總值(含復出口),18,18000
2016-06,39052100,醋酸乙烯共聚合物水性分散液,紐西蘭,出口總值(含復出口),75,82970
2016-06,39052100,醋酸乙烯共聚合物水性分散液,荷蘭,進口總值(含復進口),8,3000
2016-06,39052100,醋酸乙烯共聚合物水性分散液,智利,出口總值(含復出口),17,18000
2016-06,39052100,醋酸乙烯共聚合物水性分散液,越南,出口總值(含復出口),86,87000
2016-06,39052100,醋酸乙烯共聚合物水性分散液,新加坡,出口總值(含復出口),52,52800
2016-06,39052100,醋酸乙烯共聚合物水性分散液,模里西斯,出口總值(含復出口),19,17600
2016-06,39052100,醋酸乙烯共聚合物水性分散液,墨西哥,出口總值(含復出口),60,59280
2016-06,39052100,醋酸乙烯共聚合物水性分散液,澳大利亞,出口總值(含復出口),99,99320
2016-07,29161410,甲基丙烯酸甲酯,中國大陸,進口總值(含復進口),397,273000
2016-07,29161410,甲基丙烯酸甲酯,中國大陸,出口總值(含復出口),5330,3797009
2016-07,29161410,甲基丙烯酸甲酯,巴基斯坦,出口總值(含復出口),73,45600
2016-07,29161410,甲基丙烯酸甲酯,日本,進口總值(含復進口),3518,2453066
2016-07,29161410,甲基丙烯酸甲酯,日本,出口總值(含復出口),48,30400
2016-07,29161410,甲基丙烯酸甲酯,印尼,出口總值(含復出口),687,503510
2016-07,29161410,甲基丙烯酸甲酯,南韓,進口總值(含復進口),1,24
2016-07,29161410,甲基丙烯酸甲酯,南韓,出口總值(含復出口),1565,1000000
2016-07,29161410,甲基丙烯酸甲酯,美國,進口總值(含復進口),1432,1195183
2016-07,29161410,甲基丙烯酸甲酯,英國,進口總值(含復進口),0,0
2016-07,29161410,甲基丙烯酸甲酯,泰國,進口總值(含復進口),7339,4757554
2016-07,29161410,甲基丙烯酸甲酯,泰國,出口總值(含復出口),277,197330
2016-07,29161410,甲基丙烯酸甲酯,馬來西亞,出口總值(含復出口),10,600
2016-07,29161410,甲基丙烯酸甲酯,菲律賓,出口總值(含復出口),802,602570
2016-07,29161410,甲基丙烯酸甲酯,越南,出口總值(含復出口),2576,1844737
2016-07,29161410,甲基丙烯酸甲酯,新加坡,進口總值(含復進口),2318,1488285
2016-07,29161410,甲基丙烯酸甲酯,義大利,進口總值(含復進口),1,8
2016-07,29161410,甲基丙烯酸甲酯,德國,進口總值(含復進口),358,272382
2016-07,29173300,鄰苯二甲酸二壬酯或二癸酯,中國大陸,出口總值(含復出口),1685,2060000
2016-07,29173300,鄰苯二甲酸二壬酯或二癸酯,日本,出口總值(含復出口),166,177000
2016-07,29173300,鄰苯二甲酸二壬酯或二癸酯,以色列,出口總值(含復出口),54,56000
2016-07,29173300,鄰苯二甲酸二壬酯或二癸酯,印尼,出口總值(含復出口),51,56000
2016-07,29173300,鄰苯二甲酸二壬酯或二癸酯,阿曼,出口總值(含復出口),145,146000
2016-07,29173300,鄰苯二甲酸二壬酯或二癸酯,俄羅斯,出口總值(含復出口),18,20000
2016-07,29173300,鄰苯二甲酸二壬酯或二癸酯,美國,進口總值(含復進口),0,0
2016-07,29173300,鄰苯二甲酸二壬酯或二癸酯,美國,出口總值(含復出口),19,20000
2016-07,29173300,鄰苯二甲酸二壬酯或二癸酯,英國,出口總值(含復出口),20,23000
2016-07,29173300,鄰苯二甲酸二壬酯或二癸酯,馬來西亞,出口總值(含復出口),214,240000
2016-07,29173300,鄰苯二甲酸二壬酯或二癸酯,斯里蘭卡,出口總值(含復出口),15,16000
2016-07,29173300,鄰苯二甲酸二壬酯或二癸酯,菲律賓,出口總值(含復出口),781,850000
2016-07,29173300,鄰苯二甲酸二壬酯或二癸酯,越南,出口總值(含復出口),105,115000
2016-07,29173300,鄰苯二甲酸二壬酯或二癸酯,德國,進口總值(含復進口),0,0
2016-07,29173300,鄰苯二甲酸二壬酯或二癸酯,摩洛哥,出口總值(含復出口),38,40000
2016-07,29173300,鄰苯二甲酸二壬酯或二癸酯,墨西哥,出口總值(含復出口),272,290000
2016-07,29321100,四氫?喃,中國大陸,進口總值(含復進口),23,28800
2016-07,29321100,四氫?喃,中國大陸,出口總值(含復出口),281,187200
2016-07,29321100,四氫?喃,日本,出口總值(含復出口),576,358870
2016-07,29321100,四氫?喃,以色列,出口總值(含復出口),21,14400
2016-07,29321100,四氫?喃,伊朗,出口總值(含復出口),21,14400
2016-07,29321100,四氫?喃,印度,出口總值(含復出口),1645,1196020
2016-07,29321100,四氫?喃,西班牙,進口總值(含復進口),0,9
2016-07,29321100,四氫?喃,法國,出口總值(含復出口),29,19990
2016-07,29321100,四氫?喃,南非,出口總值(含復出口),23,14400
2016-07,29321100,四氫?喃,南韓,進口總值(含復進口),2,286
2016-07,29321100,四氫?喃,南韓,出口總值(含復出口),1909,1434400
2016-07,29321100,四氫?喃,美國,進口總值(含復進口),10,387
2016-07,29321100,四氫?喃,美國,出口總值(含復出口),124,117700
2016-07,29321100,四氫?喃,英國,進口總值(含復進口),0,1
2016-07,29321100,四氫?喃,哥倫比亞,出口總值(含復出口),57,43200
2016-07,29321100,四氫?喃,埃及,出口總值(含復出口),43,28800
2016-07,29321100,四氫?喃,荷蘭,出口總值(含復出口),102,68760
2016-07,29321100,四氫?喃,越南,出口總值(含復出口),0,150
2016-07,29321100,四氫?喃,德國,進口總值(含復進口),27,2810
2016-07,29321100,四氫?喃,墨西哥,出口總值(含復出口),44,28800
2016-07,39032000,苯乙烯－丙烯?共聚合物，初級狀態,中國大陸,進口總值(含復進口),3,1000
2016-07,39032000,苯乙烯－丙烯?共聚合物，初級狀態,中國大陸,出口總值(含復出口),10725,8368540
2016-07,39032000,苯乙烯－丙烯?共聚合物，初級狀態,厄瓜多,出口總值(含復出口),11,8000
2016-07,39032000,苯乙烯－丙烯?共聚合物，初級狀態,巴西,出口總值(含復出口),140,108000
2016-07,39032000,苯乙烯－丙烯?共聚合物，初級狀態,巴基斯坦,出口總值(含復出口),77,56000
2016-07,39032000,苯乙烯－丙烯?共聚合物，初級狀態,日本,進口總值(含復進口),308,132060
2016-07,39032000,苯乙烯－丙烯?共聚合物，初級狀態,日本,出口總值(含復出口),65,48325
2016-07,39032000,苯乙烯－丙烯?共聚合物，初級狀態,比利時,出口總值(含復出口),7,5000
2016-07,39032000,苯乙烯－丙烯?共聚合物，初級狀態,以色列,出口總值(含復出口),4,3000
2016-07,39032000,苯乙烯－丙烯?共聚合物，初級狀態,伊朗,出口總值(含復出口),30,18000
2016-07,39032000,苯乙烯－丙烯?共聚合物，初級狀態,印尼,出口總值(含復出口),1191,911200
2016-07,39032000,苯乙烯－丙烯?共聚合物，初級狀態,印度,出口總值(含復出口),90,76000
2016-07,39032000,苯乙烯－丙烯?共聚合物，初級狀態,西班牙,出口總值(含復出口),17,13000
2016-07,39032000,苯乙烯－丙烯?共聚合物，初級狀態,沙烏地阿拉伯,出口總值(含復出口),23,16000
2016-07,39032000,苯乙烯－丙烯?共聚合物，初級狀態,孟加拉,出口總值(含復出口),103,74000
2016-07,39032000,苯乙烯－丙烯?共聚合物，初級狀態,波蘭,出口總值(含復出口),4,3000
2016-07,39032000,苯乙烯－丙烯?共聚合物，初級狀態,阿拉伯聯合大公國,出口總值(含復出口),18,12000
2016-07,39032000,苯乙烯－丙烯?共聚合物，初級狀態,阿根廷,出口總值(含復出口),23,18000
2016-07,39032000,苯乙烯－丙烯?共聚合物，初級狀態,俄羅斯,出口總值(含復出口),87,67000
2016-07,39032000,苯乙烯－丙烯?共聚合物，初級狀態,南非,出口總值(含復出口),15,11000
2016-07,39032000,苯乙烯－丙烯?共聚合物，初級狀態,南韓,進口總值(含復進口),73,58000
2016-07,39032000,苯乙烯－丙烯?共聚合物，初級狀態,突尼西亞,出口總值(含復出口),21,16000
2016-07,39032000,苯乙烯－丙烯?共聚合物，初級狀態,約旦,出口總值(含復出口),13,9000
2016-07,39032000,苯乙烯－丙烯?共聚合物，初級狀態,美國,出口總值(含復出口),161,118730
2016-07,39032000,苯乙烯－丙烯?共聚合物，初級狀態,香港,出口總值(含復出口),1093,806175
2016-07,39032000,苯乙烯－丙烯?共聚合物，初級狀態,哥倫比亞,出口總值(含復出口),13,10000
2016-07,39032000,苯乙烯－丙烯?共聚合物，初級狀態,埃及,出口總值(含復出口),123,92000
2016-07,39032000,苯乙烯－丙烯?共聚合物，初級狀態,泰國,出口總值(含復出口),578,432000
2016-07,39032000,苯乙烯－丙烯?共聚合物，初級狀態,秘魯,出口總值(含復出口),7,4500
2016-07,39032000,苯乙烯－丙烯?共聚合物，初級狀態,馬來西亞,出口總值(含復出口),226,166000
2016-07,39032000,苯乙烯－丙烯?共聚合物，初級狀態,斯里蘭卡,出口總值(含復出口),46,33000
2016-07,39032000,苯乙烯－丙烯?共聚合物，初級狀態,斯洛維尼亞,出口總值(含復出口),42,32000
2016-07,39032000,苯乙烯－丙烯?共聚合物，初級狀態,菲律賓,出口總值(含復出口),64,50000
2016-07,39032000,苯乙烯－丙烯?共聚合物，初級狀態,越南,出口總值(含復出口),269,205000
2016-07,39032000,苯乙烯－丙烯?共聚合物，初級狀態,愛沙尼亞,出口總值(含復出口),73,54000
2016-07,39032000,苯乙烯－丙烯?共聚合物，初級狀態,新加坡,出口總值(含復出口),3,2000
2016-07,39032000,苯乙烯－丙烯?共聚合物，初級狀態,瑞典,出口總值(含復出口),74,54000
2016-07,39032000,苯乙烯－丙烯?共聚合物，初級狀態,義大利,進口總值(含復進口),3,16
2016-07,39032000,苯乙烯－丙烯?共聚合物，初級狀態,義大利,出口總值(含復出口),3,2000
2016-07,39032000,苯乙烯－丙烯?共聚合物，初級狀態,墨西哥,出口總值(含復出口),89,66000
2016-07,39039010,甲基丙烯酸甲酯－丁二烯－苯乙烯（ＭＢＳ）共聚合物，初級狀態,中國大陸,進口總值(含復進口),4,2000
2016-07,39039010,甲基丙烯酸甲酯－丁二烯－苯乙烯（ＭＢＳ）共聚合物，初級狀態,中國大陸,出口總值(含復出口),511,215500
2016-07,39039010,甲基丙烯酸甲酯－丁二烯－苯乙烯（ＭＢＳ）共聚合物，初級狀態,日本,進口總值(含復進口),140,57575
2016-07,39039010,甲基丙烯酸甲酯－丁二烯－苯乙烯（ＭＢＳ）共聚合物，初級狀態,日本,出口總值(含復出口),89,39600
2016-07,39039010,甲基丙烯酸甲酯－丁二烯－苯乙烯（ＭＢＳ）共聚合物，初級狀態,比利時,出口總值(含復出口),117,54000
2016-07,39039010,甲基丙烯酸甲酯－丁二烯－苯乙烯（ＭＢＳ）共聚合物，初級狀態,印度,出口總值(含復出口),0,25
2016-07,39039010,甲基丙烯酸甲酯－丁二烯－苯乙烯（ＭＢＳ）共聚合物，初級狀態,法國,出口總值(含復出口),16,7000
2016-07,39039010,甲基丙烯酸甲酯－丁二烯－苯乙烯（ＭＢＳ）共聚合物，初級狀態,南韓,進口總值(含復進口),71,32000
2016-07,39039010,甲基丙烯酸甲酯－丁二烯－苯乙烯（ＭＢＳ）共聚合物，初級狀態,南韓,出口總值(含復出口),17,8000
2016-07,39039010,甲基丙烯酸甲酯－丁二烯－苯乙烯（ＭＢＳ）共聚合物，初級狀態,美國,進口總值(含復進口),7,567
2016-07,39039010,甲基丙烯酸甲酯－丁二烯－苯乙烯（ＭＢＳ）共聚合物，初級狀態,英國,出口總值(含復出口),41,18500
2016-07,39039010,甲基丙烯酸甲酯－丁二烯－苯乙烯（ＭＢＳ）共聚合物，初級狀態,香港,出口總值(含復出口),105,43975
2016-07,39039010,甲基丙烯酸甲酯－丁二烯－苯乙烯（ＭＢＳ）共聚合物，初級狀態,泰國,出口總值(含復出口),60,23000
2016-07,39039010,甲基丙烯酸甲酯－丁二烯－苯乙烯（ＭＢＳ）共聚合物，初級狀態,紐西蘭,出口總值(含復出口),12,5000
2016-07,39039010,甲基丙烯酸甲酯－丁二烯－苯乙烯（ＭＢＳ）共聚合物，初級狀態,馬來西亞,進口總值(含復進口),58,32000
2016-07,39039010,甲基丙烯酸甲酯－丁二烯－苯乙烯（ＭＢＳ）共聚合物，初級狀態,馬來西亞,出口總值(含復出口),83,38000
2016-07,39039010,甲基丙烯酸甲酯－丁二烯－苯乙烯（ＭＢＳ）共聚合物，初級狀態,荷蘭,出口總值(含復出口),35,16000
2016-07,39039010,甲基丙烯酸甲酯－丁二烯－苯乙烯（ＭＢＳ）共聚合物，初級狀態,菲律賓,出口總值(含復出口),83,40000
2016-07,39039010,甲基丙烯酸甲酯－丁二烯－苯乙烯（ＭＢＳ）共聚合物，初級狀態,越南,出口總值(含復出口),20,6500
2016-07,39039010,甲基丙烯酸甲酯－丁二烯－苯乙烯（ＭＢＳ）共聚合物，初級狀態,新加坡,進口總值(含復進口),13,2400
2016-07,39039010,甲基丙烯酸甲酯－丁二烯－苯乙烯（ＭＢＳ）共聚合物，初級狀態,義大利,出口總值(含復出口),69,32000
2016-07,39039010,甲基丙烯酸甲酯－丁二烯－苯乙烯（ＭＢＳ）共聚合物，初級狀態,澳大利亞,出口總值(含復出口),20,9000
2016-07,39052100,醋酸乙烯共聚合物水性分散液,中國大陸,進口總值(含復進口),72,37360
2016-07,39052100,醋酸乙烯共聚合物水性分散液,中國大陸,出口總值(含復出口),2383,2686620
2016-07,39052100,醋酸乙烯共聚合物水性分散液,巴基斯坦,出口總值(含復出口),313,376000
2016-07,39052100,醋酸乙烯共聚合物水性分散液,日本,進口總值(含復進口),4,512
2016-07,39052100,醋酸乙烯共聚合物水性分散液,日本,出口總值(含復出口),16,16000
2016-07,39052100,醋酸乙烯共聚合物水性分散液,瓜地馬拉,出口總值(含復出口),33,37050
2016-07,39052100,醋酸乙烯共聚合物水性分散液,印度,出口總值(含復出口),25,21120
2016-07,39052100,醋酸乙烯共聚合物水性分散液,肯亞,出口總值(含復出口),47,39600
2016-07,39052100,醋酸乙烯共聚合物水性分散液,阿拉伯聯合大公國,出口總值(含復出口),30,37160
2016-07,39052100,醋酸乙烯共聚合物水性分散液,俄羅斯,出口總值(含復出口),22,20000
2016-07,39052100,醋酸乙烯共聚合物水性分散液,南非,出口總值(含復出口),29,35200
2016-07,39052100,醋酸乙烯共聚合物水性分散液,南韓,進口總值(含復進口),26,19800
2016-07,39052100,醋酸乙烯共聚合物水性分散液,南韓,出口總值(含復出口),21,19360
2016-07,39052100,醋酸乙烯共聚合物水性分散液,美國,出口總值(含復出口),54,55750
2016-07,39052100,醋酸乙烯共聚合物水性分散液,香港,出口總值(含復出口),17,20000
2016-07,39052100,醋酸乙烯共聚合物水性分散液,紐西蘭,出口總值(含復出口),33,39330
2016-07,39052100,醋酸乙烯共聚合物水性分散液,馬來西亞,出口總值(含復出口),52,33000
2016-07,39052100,醋酸乙烯共聚合物水性分散液,越南,出口總值(含復出口),110,123200
2016-07,39052100,醋酸乙烯共聚合物水性分散液,新加坡,出口總值(含復出口),51,52800
2016-07,39052100,醋酸乙烯共聚合物水性分散液,墨西哥,出口總值(含復出口),77,74170
2016-07,39052100,醋酸乙烯共聚合物水性分散液,澳大利亞,出口總值(含復出口),148,156630
2016-08,29161410,甲基丙烯酸甲酯,中國大陸,進口總值(含復進口),1248,815200
2016-08,29161410,甲基丙烯酸甲酯,中國大陸,出口總值(含復出口),4882,3198380
2016-08,29161410,甲基丙烯酸甲酯,中華民國,進口總值(含復進口),1,200
2016-08,29161410,甲基丙烯酸甲酯,巴基斯坦,出口總值(含復出口),77,45600
2016-08,29161410,甲基丙烯酸甲酯,日本,進口總值(含復進口),2039,1407282
2016-08,29161410,甲基丙烯酸甲酯,日本,出口總值(含復出口),26,15200
2016-08,29161410,甲基丙烯酸甲酯,印尼,出口總值(含復出口),592,407240
2016-08,29161410,甲基丙烯酸甲酯,南韓,進口總值(含復進口),4,20
2016-08,29161410,甲基丙烯酸甲酯,美國,進口總值(含復進口),1017,846668
2016-08,29161410,甲基丙烯酸甲酯,英國,進口總值(含復進口),0,0
2016-08,29161410,甲基丙烯酸甲酯,泰國,進口總值(含復進口),1706,1055987
2016-08,29161410,甲基丙烯酸甲酯,馬來西亞,出口總值(含復出口),14,4720
2016-08,29161410,甲基丙烯酸甲酯,菲律賓,出口總值(含復出口),715,491570
2016-08,29161410,甲基丙烯酸甲酯,越南,出口總值(含復出口),2247,1473100
2016-08,29161410,甲基丙烯酸甲酯,德國,進口總值(含復進口),1808,1213304
2016-08,29161410,甲基丙烯酸甲酯,澳大利亞,出口總值(含復出口),24,15200
2016-08,29173300,鄰苯二甲酸二壬酯或二癸酯,中國大陸,出口總值(含復出口),1796,2214000
2016-08,29173300,鄰苯二甲酸二壬酯或二癸酯,日本,進口總值(含復進口),0,0
2016-08,29173300,鄰苯二甲酸二壬酯或二癸酯,日本,出口總值(含復出口),78,90000
2016-08,29173300,鄰苯二甲酸二壬酯或二癸酯,以色列,出口總值(含復出口),37,40000
2016-08,29173300,鄰苯二甲酸二壬酯或二癸酯,印尼,出口總值(含復出口),104,82000
2016-08,29173300,鄰苯二甲酸二壬酯或二癸酯,阿曼,出口總值(含復出口),147,145000
2016-08,29173300,鄰苯二甲酸二壬酯或二癸酯,俄羅斯,出口總值(含復出口),18,20000
2016-08,29173300,鄰苯二甲酸二壬酯或二癸酯,美國,進口總值(含復進口),0,0
2016-08,29173300,鄰苯二甲酸二壬酯或二癸酯,美國,出口總值(含復出口),19,20000
2016-08,29173300,鄰苯二甲酸二壬酯或二癸酯,哥倫比亞,出口總值(含復出口),72,80000
2016-08,29173300,鄰苯二甲酸二壬酯或二癸酯,哥斯大黎加,出口總值(含復出口),129,140000
2016-08,29173300,鄰苯二甲酸二壬酯或二癸酯,烏克蘭,出口總值(含復出口),17,20000
2016-08,29173300,鄰苯二甲酸二壬酯或二癸酯,馬來西亞,出口總值(含復出口),212,244000
2016-08,29173300,鄰苯二甲酸二壬酯或二癸酯,斯里蘭卡,出口總值(含復出口),46,56000
2016-08,29173300,鄰苯二甲酸二壬酯或二癸酯,菲律賓,出口總值(含復出口),553,620000
2016-08,29173300,鄰苯二甲酸二壬酯或二癸酯,越南,出口總值(含復出口),14,16000
2016-08,29173300,鄰苯二甲酸二壬酯或二癸酯,新加坡,出口總值(含復出口),18,14000
2016-08,29173300,鄰苯二甲酸二壬酯或二癸酯,墨西哥,出口總值(含復出口),169,186000
2016-08,29173300,鄰苯二甲酸二壬酯或二癸酯,澳大利亞,出口總值(含復出口),33,40000
2016-08,29321100,四氫?喃,中國大陸,出口總值(含復出口),374,244800
2016-08,29321100,四氫?喃,日本,出口總值(含復出口),471,290620
2016-08,29321100,四氫?喃,比利時,出口總值(含復出口),138,102450
2016-08,29321100,四氫?喃,印度,出口總值(含復出口),1401,1023880
2016-08,29321100,四氫?喃,南韓,進口總值(含復進口),4,444
2016-08,29321100,四氫?喃,南韓,出口總值(含復出口),2067,1434400
2016-08,29321100,四氫?喃,美國,進口總值(含復進口),7,401
2016-08,29321100,四氫?喃,哥倫比亞,出口總值(含復出口),34,28800
2016-08,29321100,四氫?喃,埃及,出口總值(含復出口),21,14400
2016-08,29321100,四氫?喃,泰國,出口總值(含復出口),65,28800
2016-08,29321100,四氫?喃,馬來西亞,出口總值(含復出口),23,14400
2016-08,29321100,四氫?喃,荷蘭,出口總值(含復出口),214,140720
2016-08,29321100,四氫?喃,義大利,出口總值(含復出口),29,19870
2016-08,29321100,四氫?喃,德國,進口總值(含復進口),17,1355
2016-08,29321100,四氫?喃,墨西哥,出口總值(含復出口),45,28800
2016-08,39032000,苯乙烯－丙烯?共聚合物，初級狀態,中國大陸,進口總值(含復進口),0,25
2016-08,39032000,苯乙烯－丙烯?共聚合物，初級狀態,中國大陸,出口總值(含復出口),7378,5665150
2016-08,39032000,苯乙烯－丙烯?共聚合物，初級狀態,厄瓜多,出口總值(含復出口),8,5500
2016-08,39032000,苯乙烯－丙烯?共聚合物，初級狀態,巴西,出口總值(含復出口),300,230000
2016-08,39032000,苯乙烯－丙烯?共聚合物，初級狀態,巴基斯坦,出口總值(含復出口),61,43000
2016-08,39032000,苯乙烯－丙烯?共聚合物，初級狀態,日本,進口總值(含復進口),319,111340
2016-08,39032000,苯乙烯－丙烯?共聚合物，初級狀態,日本,出口總值(含復出口),46,32975
2016-08,39032000,苯乙烯－丙烯?共聚合物，初級狀態,以色列,出口總值(含復出口),10,7000
2016-08,39032000,苯乙烯－丙烯?共聚合物，初級狀態,伊朗,出口總值(含復出口),11,8000
2016-08,39032000,苯乙烯－丙烯?共聚合物，初級狀態,印尼,出口總值(含復出口),598,432000
2016-08,39032000,苯乙烯－丙烯?共聚合物，初級狀態,印度,出口總值(含復出口),48,38000
2016-08,39032000,苯乙烯－丙烯?共聚合物，初級狀態,孟加拉,出口總值(含復出口),262,179440
2016-08,39032000,苯乙烯－丙烯?共聚合物，初級狀態,波蘭,出口總值(含復出口),6,4000
2016-08,39032000,苯乙烯－丙烯?共聚合物，初級狀態,阿拉伯聯合大公國,出口總值(含復出口),16,11000
2016-08,39032000,苯乙烯－丙烯?共聚合物，初級狀態,俄羅斯,出口總值(含復出口),37,28000
2016-08,39032000,苯乙烯－丙烯?共聚合物，初級狀態,南非,出口總值(含復出口),20,14000
2016-08,39032000,苯乙烯－丙烯?共聚合物，初級狀態,南韓,進口總值(含復進口),25,18000
2016-08,39032000,苯乙烯－丙烯?共聚合物，初級狀態,突尼西亞,出口總值(含復出口),38,28000
2016-08,39032000,苯乙烯－丙烯?共聚合物，初級狀態,美國,出口總值(含復出口),228,156000
2016-08,39032000,苯乙烯－丙烯?共聚合物，初級狀態,香港,出口總值(含復出口),1134,814800
2016-08,39032000,苯乙烯－丙烯?共聚合物，初級狀態,哥倫比亞,出口總值(含復出口),24,18000
2016-08,39032000,苯乙烯－丙烯?共聚合物，初級狀態,埃及,出口總值(含復出口),56,34000
2016-08,39032000,苯乙烯－丙烯?共聚合物，初級狀態,泰國,出口總值(含復出口),741,527000
2016-08,39032000,苯乙烯－丙烯?共聚合物，初級狀態,馬來西亞,出口總值(含復出口),200,145000
2016-08,39032000,苯乙烯－丙烯?共聚合物，初級狀態,馬拉威,出口總值(含復出口),50,36000
2016-08,39032000,苯乙烯－丙烯?共聚合物，初級狀態,荷蘭,進口總值(含復進口),1,2946
2016-08,39032000,苯乙烯－丙烯?共聚合物，初級狀態,荷蘭,出口總值(含復出口),78,56000
2016-08,39032000,苯乙烯－丙烯?共聚合物，初級狀態,斯洛維尼亞,出口總值(含復出口),25,18000
2016-08,39032000,苯乙烯－丙烯?共聚合物，初級狀態,菲律賓,出口總值(含復出口),29,21000
2016-08,39032000,苯乙烯－丙烯?共聚合物，初級狀態,越南,出口總值(含復出口),194,145000
2016-08,39032000,苯乙烯－丙烯?共聚合物，初級狀態,愛沙尼亞,出口總值(含復出口),51,36000
2016-08,39032000,苯乙烯－丙烯?共聚合物，初級狀態,新加坡,出口總值(含復出口),4,3000
2016-08,39032000,苯乙烯－丙烯?共聚合物，初級狀態,墨西哥,出口總值(含復出口),111,79000
2016-08,39039010,甲基丙烯酸甲酯－丁二烯－苯乙烯（ＭＢＳ）共聚合物，初級狀態,中國大陸,出口總值(含復出口),1050,377700
2016-08,39039010,甲基丙烯酸甲酯－丁二烯－苯乙烯（ＭＢＳ）共聚合物，初級狀態,日本,進口總值(含復進口),235,86988
2016-08,39039010,甲基丙烯酸甲酯－丁二烯－苯乙烯（ＭＢＳ）共聚合物，初級狀態,日本,出口總值(含復出口),26,11000
2016-08,39039010,甲基丙烯酸甲酯－丁二烯－苯乙烯（ＭＢＳ）共聚合物，初級狀態,比利時,進口總值(含復進口),0,0
2016-08,39039010,甲基丙烯酸甲酯－丁二烯－苯乙烯（ＭＢＳ）共聚合物，初級狀態,比利時,出口總值(含復出口),117,54000
2016-08,39039010,甲基丙烯酸甲酯－丁二烯－苯乙烯（ＭＢＳ）共聚合物，初級狀態,加拿大,出口總值(含復出口),20,9000
2016-08,39039010,甲基丙烯酸甲酯－丁二烯－苯乙烯（ＭＢＳ）共聚合物，初級狀態,法國,出口總值(含復出口),149,58000
2016-08,39039010,甲基丙烯酸甲酯－丁二烯－苯乙烯（ＭＢＳ）共聚合物，初級狀態,南非,出口總值(含復出口),17,8000
2016-08,39039010,甲基丙烯酸甲酯－丁二烯－苯乙烯（ＭＢＳ）共聚合物，初級狀態,南韓,進口總值(含復進口),172,85000
2016-08,39039010,甲基丙烯酸甲酯－丁二烯－苯乙烯（ＭＢＳ）共聚合物，初級狀態,南韓,出口總值(含復出口),18,8000
2016-08,39039010,甲基丙烯酸甲酯－丁二烯－苯乙烯（ＭＢＳ）共聚合物，初級狀態,美國,進口總值(含復進口),5,2400
2016-08,39039010,甲基丙烯酸甲酯－丁二烯－苯乙烯（ＭＢＳ）共聚合物，初級狀態,美國,出口總值(含復出口),4,2000
2016-08,39039010,甲基丙烯酸甲酯－丁二烯－苯乙烯（ＭＢＳ）共聚合物，初級狀態,英國,出口總值(含復出口),33,14500
2016-08,39039010,甲基丙烯酸甲酯－丁二烯－苯乙烯（ＭＢＳ）共聚合物，初級狀態,香港,出口總值(含復出口),183,55000
2016-08,39039010,甲基丙烯酸甲酯－丁二烯－苯乙烯（ＭＢＳ）共聚合物，初級狀態,泰國,出口總值(含復出口),8,4000
2016-08,39039010,甲基丙烯酸甲酯－丁二烯－苯乙烯（ＭＢＳ）共聚合物，初級狀態,紐西蘭,出口總值(含復出口),6,2000
2016-08,39039010,甲基丙烯酸甲酯－丁二烯－苯乙烯（ＭＢＳ）共聚合物，初級狀態,馬來西亞,出口總值(含復出口),51,21500
2016-08,39039010,甲基丙烯酸甲酯－丁二烯－苯乙烯（ＭＢＳ）共聚合物，初級狀態,荷蘭,出口總值(含復出口),4,2000
2016-08,39039010,甲基丙烯酸甲酯－丁二烯－苯乙烯（ＭＢＳ）共聚合物，初級狀態,菲律賓,出口總值(含復出口),22,9375
2016-08,39039010,甲基丙烯酸甲酯－丁二烯－苯乙烯（ＭＢＳ）共聚合物，初級狀態,越南,出口總值(含復出口),52,20300
2016-08,39039010,甲基丙烯酸甲酯－丁二烯－苯乙烯（ＭＢＳ）共聚合物，初級狀態,新加坡,進口總值(含復進口),1747,1027200
2016-08,39039010,甲基丙烯酸甲酯－丁二烯－苯乙烯（ＭＢＳ）共聚合物，初級狀態,新加坡,出口總值(含復出口),3,1000
2016-08,39039010,甲基丙烯酸甲酯－丁二烯－苯乙烯（ＭＢＳ）共聚合物，初級狀態,義大利,出口總值(含復出口),105,50000
2016-08,39039010,甲基丙烯酸甲酯－丁二烯－苯乙烯（ＭＢＳ）共聚合物，初級狀態,澳大利亞,出口總值(含復出口),4,2000
2016-08,39052100,醋酸乙烯共聚合物水性分散液,中國大陸,進口總值(含復進口),64,35360
2016-08,39052100,醋酸乙烯共聚合物水性分散液,中國大陸,出口總值(含復出口),3223,3744400
2016-08,39052100,醋酸乙烯共聚合物水性分散液,巴基斯坦,出口總值(含復出口),149,180000
2016-08,39052100,醋酸乙烯共聚合物水性分散液,日本,進口總值(含復進口),1,38
2016-08,39052100,醋酸乙烯共聚合物水性分散液,瓜地馬拉,出口總值(含復出口),17,19660
2016-08,39052100,醋酸乙烯共聚合物水性分散液,印度,出口總值(含復出口),35,35600
2016-08,39052100,醋酸乙烯共聚合物水性分散液,孟加拉,出口總值(含復出口),20,15600
2016-08,39052100,醋酸乙烯共聚合物水性分散液,波多黎各,出口總值(含復出口),22,19720
2016-08,39052100,醋酸乙烯共聚合物水性分散液,波蘭,出口總值(含復出口),0,220
2016-08,39052100,醋酸乙烯共聚合物水性分散液,阿拉伯聯合大公國,出口總值(含復出口),29,37020
2016-08,39052100,醋酸乙烯共聚合物水性分散液,俄羅斯,出口總值(含復出口),22,20000
2016-08,39052100,醋酸乙烯共聚合物水性分散液,南非,出口總值(含復出口),18,19800
2016-08,39052100,醋酸乙烯共聚合物水性分散液,南韓,進口總值(含復進口),42,46800
2016-08,39052100,醋酸乙烯共聚合物水性分散液,南韓,出口總值(含復出口),22,22000
2016-08,39052100,醋酸乙烯共聚合物水性分散液,美國,出口總值(含復出口),70,76020
2016-08,39052100,醋酸乙烯共聚合物水性分散液,香港,出口總值(含復出口),17,20000
2016-08,39052100,醋酸乙烯共聚合物水性分散液,哥斯大黎加,出口總值(含復出口),21,17600
2016-08,39052100,醋酸乙烯共聚合物水性分散液,埃及,出口總值(含復出口),17,16800
2016-08,39052100,醋酸乙烯共聚合物水性分散液,烏克蘭,出口總值(含復出口),22,20000
2016-08,39052100,醋酸乙烯共聚合物水性分散液,秘魯,出口總值(含復出口),3,2000
2016-08,39052100,醋酸乙烯共聚合物水性分散液,紐西蘭,出口總值(含復出口),59,68660
2016-08,39052100,醋酸乙烯共聚合物水性分散液,越南,出口總值(含復出口),153,141200
2016-08,39052100,醋酸乙烯共聚合物水性分散液,新加坡,出口總值(含復出口),51,52800
2016-08,39052100,醋酸乙烯共聚合物水性分散液,德國,進口總值(含復進口),4,360
2016-08,39052100,醋酸乙烯共聚合物水性分散液,墨西哥,出口總值(含復出口),17,19380
2016-08,39052100,醋酸乙烯共聚合物水性分散液,澳大利亞,出口總值(含復出口),37,39360
2016-09,29161410,甲基丙烯酸甲酯,中國大陸,進口總值(含復進口),669,402400
2016-09,29161410,甲基丙烯酸甲酯,中國大陸,出口總值(含復出口),8558,5554539
2016-09,29161410,甲基丙烯酸甲酯,日本,進口總值(含復進口),2407,1498472
2016-09,29161410,甲基丙烯酸甲酯,印尼,出口總值(含復出口),988,645860
2016-09,29161410,甲基丙烯酸甲酯,南韓,進口總值(含復進口),34,20001
2016-09,29161410,甲基丙烯酸甲酯,美國,進口總值(含復進口),5,59
2016-09,29161410,甲基丙烯酸甲酯,英國,進口總值(含復進口),0,0
2016-09,29161410,甲基丙烯酸甲酯,泰國,進口總值(含復進口),4916,3200969
2016-09,29161410,甲基丙烯酸甲酯,菲律賓,出口總值(含復出口),523,309920
2016-09,29161410,甲基丙烯酸甲酯,越南,出口總值(含復出口),2661,1606045
2016-09,29161410,甲基丙烯酸甲酯,新加坡,進口總值(含復進口),2607,1497067
2016-09,29161410,甲基丙烯酸甲酯,德國,進口總值(含復進口),0,1
2016-09,29161410,甲基丙烯酸甲酯,澳大利亞,出口總值(含復出口),27,15200
2016-09,29173300,鄰苯二甲酸二壬酯或二癸酯,中國大陸,出口總值(含復出口),1784,2139000
2016-09,29173300,鄰苯二甲酸二壬酯或二癸酯,日本,出口總值(含復出口),113,119000
2016-09,29173300,鄰苯二甲酸二壬酯或二癸酯,以色列,出口總值(含復出口),18,20000
2016-09,29173300,鄰苯二甲酸二壬酯或二癸酯,印尼,出口總值(含復出口),28,20000
2016-09,29173300,鄰苯二甲酸二壬酯或二癸酯,阿拉伯聯合大公國,出口總值(含復出口),90,118000
2016-09,29173300,鄰苯二甲酸二壬酯或二癸酯,科威特,出口總值(含復出口),54,40000
2016-09,29173300,鄰苯二甲酸二壬酯或二癸酯,美國,進口總值(含復進口),0,0
2016-09,29173300,鄰苯二甲酸二壬酯或二癸酯,美國,出口總值(含復出口),157,178000
2016-09,29173300,鄰苯二甲酸二壬酯或二癸酯,英國,出口總值(含復出口),21,23000
2016-09,29173300,鄰苯二甲酸二壬酯或二癸酯,哥倫比亞,出口總值(含復出口),110,120000
2016-09,29173300,鄰苯二甲酸二壬酯或二癸酯,哥斯大黎加,出口總值(含復出口),201,220000
2016-09,29173300,鄰苯二甲酸二壬酯或二癸酯,馬來西亞,出口總值(含復出口),133,152000
2016-09,29173300,鄰苯二甲酸二壬酯或二癸酯,斯里蘭卡,出口總值(含復出口),16,20000
2016-09,29173300,鄰苯二甲酸二壬酯或二癸酯,菲律賓,出口總值(含復出口),417,452000
2016-09,29173300,鄰苯二甲酸二壬酯或二癸酯,越南,出口總值(含復出口),171,191000
2016-09,29173300,鄰苯二甲酸二壬酯或二癸酯,墨西哥,出口總值(含復出口),204,227000
2016-09,29173300,鄰苯二甲酸二壬酯或二癸酯,澳大利亞,出口總值(含復出口),17,20000
2016-09,29321100,四氫?喃,中國大陸,出口總值(含復出口),352,230400
2016-09,29321100,四氫?喃,日本,出口總值(含復出口),433,261950
2016-09,29321100,四氫?喃,比利時,出口總值(含復出口),146,102500
2016-09,29321100,四氫?喃,加拿大,出口總值(含復出口),25,19570
2016-09,29321100,四氫?喃,印度,出口總值(含復出口),619,449900
2016-09,29321100,四氫?喃,南韓,進口總值(含復進口),3,432
2016-09,29321100,四氫?喃,南韓,出口總值(含復出口),1328,924230
2016-09,29321100,四氫?喃,英國,進口總值(含復進口),0,1
2016-09,29321100,四氫?喃,德國,進口總值(含復進口),3,191
2016-09,39032000,苯乙烯－丙烯?共聚合物，初級狀態,中國大陸,進口總值(含復進口),8,2500
2016-09,39032000,苯乙烯－丙烯?共聚合物，初級狀態,中國大陸,出口總值(含復出口),6151,4711400
2016-09,39032000,苯乙烯－丙烯?共聚合物，初級狀態,巴西,出口總值(含復出口),167,124000
2016-09,39032000,苯乙烯－丙烯?共聚合物，初級狀態,巴基斯坦,出口總值(含復出口),131,92000
2016-09,39032000,苯乙烯－丙烯?共聚合物，初級狀態,日本,進口總值(含復進口),298,116615
2016-09,39032000,苯乙烯－丙烯?共聚合物，初級狀態,日本,出口總值(含復出口),85,60650
2016-09,39032000,苯乙烯－丙烯?共聚合物，初級狀態,比利時,出口總值(含復出口),38,26000
2016-09,39032000,苯乙烯－丙烯?共聚合物，初級狀態,以色列,出口總值(含復出口),3,2000
2016-09,39032000,苯乙烯－丙烯?共聚合物，初級狀態,加拿大,出口總值(含復出口),26,18000
2016-09,39032000,苯乙烯－丙烯?共聚合物，初級狀態,印尼,出口總值(含復出口),723,522500
2016-09,39032000,苯乙烯－丙烯?共聚合物，初級狀態,孟加拉,出口總值(含復出口),58,40620
2016-09,39032000,苯乙烯－丙烯?共聚合物，初級狀態,波蘭,出口總值(含復出口),4,3000
2016-09,39032000,苯乙烯－丙烯?共聚合物，初級狀態,阿拉伯聯合大公國,出口總值(含復出口),24,16000
2016-09,39032000,苯乙烯－丙烯?共聚合物，初級狀態,阿根廷,出口總值(含復出口),23,16000
2016-09,39032000,苯乙烯－丙烯?共聚合物，初級狀態,俄羅斯,出口總值(含復出口),108,80000
2016-09,39032000,苯乙烯－丙烯?共聚合物，初級狀態,南非,出口總值(含復出口),20,14000
2016-09,39032000,苯乙烯－丙烯?共聚合物，初級狀態,南韓,進口總值(含復進口),25,18000
2016-09,39032000,苯乙烯－丙烯?共聚合物，初級狀態,美國,出口總值(含復出口),110,77000
2016-09,39032000,苯乙烯－丙烯?共聚合物，初級狀態,香港,出口總值(含復出口),1159,834800
2016-09,39032000,苯乙烯－丙烯?共聚合物，初級狀態,哥倫比亞,出口總值(含復出口),12,8800
2016-09,39032000,苯乙烯－丙烯?共聚合物，初級狀態,埃及,出口總值(含復出口),117,84000
2016-09,39032000,苯乙烯－丙烯?共聚合物，初級狀態,泰國,出口總值(含復出口),535,380000
2016-09,39032000,苯乙烯－丙烯?共聚合物，初級狀態,秘魯,出口總值(含復出口),24,15000
2016-09,39032000,苯乙烯－丙烯?共聚合物，初級狀態,馬來西亞,進口總值(含復進口),8,2800
2016-09,39032000,苯乙烯－丙烯?共聚合物，初級狀態,馬來西亞,出口總值(含復出口),257,191000
2016-09,39032000,苯乙烯－丙烯?共聚合物，初級狀態,荷蘭,出口總值(含復出口),101,72000
2016-09,39032000,苯乙烯－丙烯?共聚合物，初級狀態,斯里蘭卡,出口總值(含復出口),39,26000
2016-09,39032000,苯乙烯－丙烯?共聚合物，初級狀態,斯洛維尼亞,出口總值(含復出口),15,11000
2016-09,39032000,苯乙烯－丙烯?共聚合物，初級狀態,智利,出口總值(含復出口),19,13000
2016-09,39032000,苯乙烯－丙烯?共聚合物，初級狀態,菲律賓,出口總值(含復出口),21,14100
2016-09,39032000,苯乙烯－丙烯?共聚合物，初級狀態,越南,出口總值(含復出口),401,308000
2016-09,39032000,苯乙烯－丙烯?共聚合物，初級狀態,愛沙尼亞,出口總值(含復出口),26,18000
2016-09,39032000,苯乙烯－丙烯?共聚合物，初級狀態,新加坡,出口總值(含復出口),6,4000
2016-09,39032000,苯乙烯－丙烯?共聚合物，初級狀態,瑞典,出口總值(含復出口),53,36000
2016-09,39032000,苯乙烯－丙烯?共聚合物，初級狀態,德國,出口總值(含復出口),3,2000
2016-09,39032000,苯乙烯－丙烯?共聚合物，初級狀態,墨西哥,出口總值(含復出口),166,118000
2016-09,39039010,甲基丙烯酸甲酯－丁二烯－苯乙烯（ＭＢＳ）共聚合物，初級狀態,中國大陸,出口總值(含復出口),341,188130
2016-09,39039010,甲基丙烯酸甲酯－丁二烯－苯乙烯（ＭＢＳ）共聚合物，初級狀態,日本,進口總值(含復進口),277,101620
2016-09,39039010,甲基丙烯酸甲酯－丁二烯－苯乙烯（ＭＢＳ）共聚合物，初級狀態,日本,出口總值(含復出口),41,17000
2016-09,39039010,甲基丙烯酸甲酯－丁二烯－苯乙烯（ＭＢＳ）共聚合物，初級狀態,南韓,進口總值(含復進口),3,1200
2016-09,39039010,甲基丙烯酸甲酯－丁二烯－苯乙烯（ＭＢＳ）共聚合物，初級狀態,美國,進口總值(含復進口),11,13650
2016-09,39039010,甲基丙烯酸甲酯－丁二烯－苯乙烯（ＭＢＳ）共聚合物，初級狀態,美國,出口總值(含復出口),0,100
2016-09,39039010,甲基丙烯酸甲酯－丁二烯－苯乙烯（ＭＢＳ）共聚合物，初級狀態,英國,出口總值(含復出口),13,6000
2016-09,39039010,甲基丙烯酸甲酯－丁二烯－苯乙烯（ＭＢＳ）共聚合物，初級狀態,香港,出口總值(含復出口),75,23100
2016-09,39039010,甲基丙烯酸甲酯－丁二烯－苯乙烯（ＭＢＳ）共聚合物，初級狀態,泰國,出口總值(含復出口),15,7000
2016-09,39039010,甲基丙烯酸甲酯－丁二烯－苯乙烯（ＭＢＳ）共聚合物，初級狀態,紐西蘭,出口總值(含復出口),46,20000
2016-09,39039010,甲基丙烯酸甲酯－丁二烯－苯乙烯（ＭＢＳ）共聚合物，初級狀態,馬來西亞,出口總值(含復出口),78,26000
2016-09,39039010,甲基丙烯酸甲酯－丁二烯－苯乙烯（ＭＢＳ）共聚合物，初級狀態,荷蘭,出口總值(含復出口),13,6000
2016-09,39039010,甲基丙烯酸甲酯－丁二烯－苯乙烯（ＭＢＳ）共聚合物，初級狀態,菲律賓,出口總值(含復出口),59,22500
2016-09,39039010,甲基丙烯酸甲酯－丁二烯－苯乙烯（ＭＢＳ）共聚合物，初級狀態,越南,出口總值(含復出口),36,14000
2016-09,39039010,甲基丙烯酸甲酯－丁二烯－苯乙烯（ＭＢＳ）共聚合物，初級狀態,新加坡,進口總值(含復進口),1362,775200
2016-09,39039010,甲基丙烯酸甲酯－丁二烯－苯乙烯（ＭＢＳ）共聚合物，初級狀態,澳大利亞,出口總值(含復出口),7,3000
2016-09,39052100,醋酸乙烯共聚合物水性分散液,中國大陸,進口總值(含復進口),81,44160
2016-09,39052100,醋酸乙烯共聚合物水性分散液,中國大陸,出口總值(含復出口),1905,2193075
2016-09,39052100,醋酸乙烯共聚合物水性分散液,巴基斯坦,出口總值(含復出口),166,200000
2016-09,39052100,醋酸乙烯共聚合物水性分散液,日本,進口總值(含復進口),4,380
2016-09,39052100,醋酸乙烯共聚合物水性分散液,日本,出口總值(含復出口),14,16000
2016-09,39052100,醋酸乙烯共聚合物水性分散液,瓜地馬拉,出口總值(含復出口),32,37240
2016-09,39052100,醋酸乙烯共聚合物水性分散液,印度,出口總值(含復出口),22,17600
2016-09,39052100,醋酸乙烯共聚合物水性分散液,阿根廷,出口總值(含復出口),15,17600
2016-09,39052100,醋酸乙烯共聚合物水性分散液,俄羅斯,出口總值(含復出口),22,20000
2016-09,39052100,醋酸乙烯共聚合物水性分散液,南非,出口總值(含復出口),14,17600
2016-09,39052100,醋酸乙烯共聚合物水性分散液,南韓,進口總值(含復進口),23,19800
2016-09,39052100,醋酸乙烯共聚合物水性分散液,南韓,出口總值(含復出口),16,17600
2016-09,39052100,醋酸乙烯共聚合物水性分散液,美國,進口總值(含復進口),43,24000
2016-09,39052100,醋酸乙烯共聚合物水性分散液,美國,出口總值(含復出口),18,18000
2016-09,39052100,醋酸乙烯共聚合物水性分散液,香港,出口總值(含復出口),17,20000
2016-09,39052100,醋酸乙烯共聚合物水性分散液,紐西蘭,出口總值(含復出口),42,48170
2016-09,39052100,醋酸乙烯共聚合物水性分散液,馬來西亞,出口總值(含復出口),46,28440
2016-09,39052100,醋酸乙烯共聚合物水性分散液,越南,出口總值(含復出口),73,47000
2016-09,39052100,醋酸乙烯共聚合物水性分散液,新加坡,出口總值(含復出口),68,70400
2016-09,39052100,醋酸乙烯共聚合物水性分散液,德國,進口總值(含復進口),2,240
2016-09,39052100,醋酸乙烯共聚合物水性分散液,墨西哥,出口總值(含復出口),17,17600
2016-09,39052100,醋酸乙烯共聚合物水性分散液,澳大利亞,出口總值(含復出口),106,118570
2016-10,29161410,甲基丙烯酸甲酯,中國大陸,進口總值(含復進口),568,327000
2016-10,29161410,甲基丙烯酸甲酯,中國大陸,出口總值(含復出口),5275,2984711
2016-10,29161410,甲基丙烯酸甲酯,巴基斯坦,出口總值(含復出口),86,45600
2016-10,29161410,甲基丙烯酸甲酯,日本,進口總值(含復進口),952,588633
2016-10,29161410,甲基丙烯酸甲酯,日本,出口總值(含復出口),28,15200
2016-10,29161410,甲基丙烯酸甲酯,印尼,出口總值(含復出口),49,40000
2016-10,29161410,甲基丙烯酸甲酯,南韓,進口總值(含復進口),0,2
2016-10,29161410,甲基丙烯酸甲酯,南韓,出口總值(含復出口),1740,1000220
2016-10,29161410,甲基丙烯酸甲酯,美國,進口總值(含復進口),2228,1554608
2016-10,29161410,甲基丙烯酸甲酯,英國,進口總值(含復進口),0,0
2016-10,29161410,甲基丙烯酸甲酯,泰國,進口總值(含復進口),3498,2072127
2016-10,29161410,甲基丙烯酸甲酯,泰國,出口總值(含復出口),27,15200
2016-10,29161410,甲基丙烯酸甲酯,馬來西亞,出口總值(含復出口),28,15200
2016-10,29161410,甲基丙烯酸甲酯,菲律賓,出口總值(含復出口),500,289540
2016-10,29161410,甲基丙烯酸甲酯,越南,出口總值(含復出口),1234,761270
2016-10,29161410,甲基丙烯酸甲酯,德國,進口總值(含復進口),25,19
2016-10,29173300,鄰苯二甲酸二壬酯或二癸酯,中國大陸,出口總值(含復出口),1983,2318000
2016-10,29173300,鄰苯二甲酸二壬酯或二癸酯,日本,出口總值(含復出口),164,173000
2016-10,29173300,鄰苯二甲酸二壬酯或二癸酯,以色列,出口總值(含復出口),55,60000
2016-10,29173300,鄰苯二甲酸二壬酯或二癸酯,印尼,出口總值(含復出口),68,72000
2016-10,29173300,鄰苯二甲酸二壬酯或二癸酯,沙烏地阿拉伯,出口總值(含復出口),32,32000
2016-10,29173300,鄰苯二甲酸二壬酯或二癸酯,阿根廷,出口總值(含復出口),39,40000
2016-10,29173300,鄰苯二甲酸二壬酯或二癸酯,阿曼,出口總值(含復出口),52,60000
2016-10,29173300,鄰苯二甲酸二壬酯或二癸酯,俄羅斯,出口總值(含復出口),37,40000
2016-10,29173300,鄰苯二甲酸二壬酯或二癸酯,美國,進口總值(含復進口),0,0
2016-10,29173300,鄰苯二甲酸二壬酯或二癸酯,美國,出口總值(含復出口),83,88000
2016-10,29173300,鄰苯二甲酸二壬酯或二癸酯,哥倫比亞,出口總值(含復出口),134,138000
2016-10,29173300,鄰苯二甲酸二壬酯或二癸酯,馬來西亞,出口總值(含復出口),432,465000
2016-10,29173300,鄰苯二甲酸二壬酯或二癸酯,菲律賓,出口總值(含復出口),233,255000
2016-10,29173300,鄰苯二甲酸二壬酯或二癸酯,越南,出口總值(含復出口),140,150000
2016-10,29173300,鄰苯二甲酸二壬酯或二癸酯,墨西哥,出口總值(含復出口),158,166000
2016-10,29173300,鄰苯二甲酸二壬酯或二癸酯,澳大利亞,出口總值(含復出口),17,20000
2016-10,29321100,四氫?喃,中國大陸,出口總值(含復出口),398,244800
2016-10,29321100,四氫?喃,日本,出口總值(含復出口),428,251170
2016-10,29321100,四氫?喃,以色列,出口總值(含復出口),22,14400
2016-10,29321100,四氫?喃,加拿大,出口總值(含復出口),25,19640
2016-10,29321100,四氫?喃,印度,出口總值(含復出口),826,588810
2016-10,29321100,四氫?喃,南韓,進口總值(含復進口),6,757
2016-10,29321100,四氫?喃,南韓,出口總值(含復出口),1429,1022180
2016-10,29321100,四氫?喃,美國,進口總值(含復進口),12,1016
2016-10,29321100,四氫?喃,哥倫比亞,出口總值(含復出口),171,129600
2016-10,29321100,四氫?喃,泰國,出口總值(含復出口),21,14400
2016-10,29321100,四氫?喃,馬來西亞,進口總值(含復進口),28,14400
2016-10,29321100,四氫?喃,馬來西亞,出口總值(含復出口),27,14400
2016-10,29321100,四氫?喃,荷蘭,出口總值(含復出口),90,57600
2016-10,29321100,四氫?喃,義大利,出口總值(含復出口),29,19900
2016-10,29321100,四氫?喃,德國,進口總值(含復進口),40,3291
2016-10,39032000,苯乙烯－丙烯?共聚合物，初級狀態,中國大陸,進口總值(含復進口),100,9000
2016-10,39032000,苯乙烯－丙烯?共聚合物，初級狀態,中國大陸,出口總值(含復出口),12525,9430515
2016-10,39032000,苯乙烯－丙烯?共聚合物，初級狀態,巴西,出口總值(含復出口),68,49000
2016-10,39032000,苯乙烯－丙烯?共聚合物，初級狀態,巴基斯坦,出口總值(含復出口),120,85000
2016-10,39032000,苯乙烯－丙烯?共聚合物，初級狀態,日本,進口總值(含復進口),200,86620
2016-10,39032000,苯乙烯－丙烯?共聚合物，初級狀態,日本,出口總值(含復出口),131,93875
2016-10,39032000,苯乙烯－丙烯?共聚合物，初級狀態,比利時,出口總值(含復出口),7,5000
2016-10,39032000,苯乙烯－丙烯?共聚合物，初級狀態,以色列,出口總值(含復出口),7,5000
2016-10,39032000,苯乙烯－丙烯?共聚合物，初級狀態,加拿大,出口總值(含復出口),21,16000
2016-10,39032000,苯乙烯－丙烯?共聚合物，初級狀態,印尼,出口總值(含復出口),583,417375
2016-10,39032000,苯乙烯－丙烯?共聚合物，初級狀態,印度,出口總值(含復出口),97,76000
2016-10,39032000,苯乙烯－丙烯?共聚合物，初級狀態,孟加拉,出口總值(含復出口),143,96250
2016-10,39032000,苯乙烯－丙烯?共聚合物，初級狀態,阿拉伯聯合大公國,出口總值(含復出口),25,16000
2016-10,39032000,苯乙烯－丙烯?共聚合物，初級狀態,阿根廷,出口總值(含復出口),52,36000
2016-10,39032000,苯乙烯－丙烯?共聚合物，初級狀態,俄羅斯,出口總值(含復出口),164,120150
2016-10,39032000,苯乙烯－丙烯?共聚合物，初級狀態,南非,出口總值(含復出口),19,13000
2016-10,39032000,苯乙烯－丙烯?共聚合物，初級狀態,南韓,進口總值(含復進口),73,54000
2016-10,39032000,苯乙烯－丙烯?共聚合物，初級狀態,突尼西亞,出口總值(含復出口),17,12000
2016-10,39032000,苯乙烯－丙烯?共聚合物，初級狀態,美國,出口總值(含復出口),262,183720
2016-10,39032000,苯乙烯－丙烯?共聚合物，初級狀態,英國,出口總值(含復出口),4,3000
2016-10,39032000,苯乙烯－丙烯?共聚合物，初級狀態,香港,出口總值(含復出口),1626,1109460
2016-10,39032000,苯乙烯－丙烯?共聚合物，初級狀態,哥倫比亞,出口總值(含復出口),16,10700
2016-10,39032000,苯乙烯－丙烯?共聚合物，初級狀態,埃及,出口總值(含復出口),83,56000
2016-10,39032000,苯乙烯－丙烯?共聚合物，初級狀態,泰國,出口總值(含復出口),757,531000
2016-10,39032000,苯乙烯－丙烯?共聚合物，初級狀態,紐西蘭,出口總值(含復出口),3,2000
2016-10,39032000,苯乙烯－丙烯?共聚合物，初級狀態,馬來西亞,進口總值(含復進口),30,10500
2016-10,39032000,苯乙烯－丙烯?共聚合物，初級狀態,馬來西亞,出口總值(含復出口),203,145000
2016-10,39032000,苯乙烯－丙烯?共聚合物，初級狀態,荷蘭,出口總值(含復出口),114,80000
2016-10,39032000,苯乙烯－丙烯?共聚合物，初級狀態,斯里蘭卡,出口總值(含復出口),30,20000
2016-10,39032000,苯乙烯－丙烯?共聚合物，初級狀態,菲律賓,出口總值(含復出口),172,123000
2016-10,39032000,苯乙烯－丙烯?共聚合物，初級狀態,越南,出口總值(含復出口),150,108000
2016-10,39032000,苯乙烯－丙烯?共聚合物，初級狀態,愛沙尼亞,出口總值(含復出口),26,18000
2016-10,39032000,苯乙烯－丙烯?共聚合物，初級狀態,瑞典,出口總值(含復出口),66,45000
2016-10,39032000,苯乙烯－丙烯?共聚合物，初級狀態,義大利,出口總值(含復出口),119,83000
2016-10,39032000,苯乙烯－丙烯?共聚合物，初級狀態,德國,出口總值(含復出口),3,2000
2016-10,39032000,苯乙烯－丙烯?共聚合物，初級狀態,墨西哥,出口總值(含復出口),134,93000
2016-10,39039010,甲基丙烯酸甲酯－丁二烯－苯乙烯（ＭＢＳ）共聚合物，初級狀態,中國大陸,出口總值(含復出口),2258,831305
2016-10,39039010,甲基丙烯酸甲酯－丁二烯－苯乙烯（ＭＢＳ）共聚合物，初級狀態,日本,進口總值(含復進口),230,80380
2016-10,39039010,甲基丙烯酸甲酯－丁二烯－苯乙烯（ＭＢＳ）共聚合物，初級狀態,比利時,出口總值(含復出口),7,3000
2016-10,39039010,甲基丙烯酸甲酯－丁二烯－苯乙烯（ＭＢＳ）共聚合物，初級狀態,以色列,出口總值(含復出口),7,3000
2016-10,39039010,甲基丙烯酸甲酯－丁二烯－苯乙烯（ＭＢＳ）共聚合物，初級狀態,加拿大,出口總值(含復出口),9,4000
2016-10,39039010,甲基丙烯酸甲酯－丁二烯－苯乙烯（ＭＢＳ）共聚合物，初級狀態,印尼,出口總值(含復出口),17,5000
2016-10,39039010,甲基丙烯酸甲酯－丁二烯－苯乙烯（ＭＢＳ）共聚合物，初級狀態,印度,出口總值(含復出口),1,400
2016-10,39039010,甲基丙烯酸甲酯－丁二烯－苯乙烯（ＭＢＳ）共聚合物，初級狀態,俄羅斯,出口總值(含復出口),1,300
2016-10,39039010,甲基丙烯酸甲酯－丁二烯－苯乙烯（ＭＢＳ）共聚合物，初級狀態,南韓,進口總值(含復進口),67,31600
2016-10,39039010,甲基丙烯酸甲酯－丁二烯－苯乙烯（ＭＢＳ）共聚合物，初級狀態,南韓,出口總值(含復出口),18,8000
2016-10,39039010,甲基丙烯酸甲酯－丁二烯－苯乙烯（ＭＢＳ）共聚合物，初級狀態,英國,出口總值(含復出口),29,13000
2016-10,39039010,甲基丙烯酸甲酯－丁二烯－苯乙烯（ＭＢＳ）共聚合物，初級狀態,香港,出口總值(含復出口),101,36975
2016-10,39039010,甲基丙烯酸甲酯－丁二烯－苯乙烯（ＭＢＳ）共聚合物，初級狀態,泰國,出口總值(含復出口),14,6500
2016-10,39039010,甲基丙烯酸甲酯－丁二烯－苯乙烯（ＭＢＳ）共聚合物，初級狀態,紐西蘭,出口總值(含復出口),15,6000
2016-10,39039010,甲基丙烯酸甲酯－丁二烯－苯乙烯（ＭＢＳ）共聚合物，初級狀態,馬來西亞,進口總值(含復進口),22,9600
2016-10,39039010,甲基丙烯酸甲酯－丁二烯－苯乙烯（ＭＢＳ）共聚合物，初級狀態,馬來西亞,出口總值(含復出口),196,69000
2016-10,39039010,甲基丙烯酸甲酯－丁二烯－苯乙烯（ＭＢＳ）共聚合物，初級狀態,荷蘭,進口總值(含復進口),59,20000
2016-10,39039010,甲基丙烯酸甲酯－丁二烯－苯乙烯（ＭＢＳ）共聚合物，初級狀態,越南,出口總值(含復出口),42,19171
2016-10,39039010,甲基丙烯酸甲酯－丁二烯－苯乙烯（ＭＢＳ）共聚合物，初級狀態,新加坡,進口總值(含復進口),776,415367
2016-10,39039010,甲基丙烯酸甲酯－丁二烯－苯乙烯（ＭＢＳ）共聚合物，初級狀態,瑞典,出口總值(含復出口),40,18000
2016-10,39039010,甲基丙烯酸甲酯－丁二烯－苯乙烯（ＭＢＳ）共聚合物，初級狀態,義大利,出口總值(含復出口),175,80000
2016-10,39039010,甲基丙烯酸甲酯－丁二烯－苯乙烯（ＭＢＳ）共聚合物，初級狀態,德國,出口總值(含復出口),9,4000
2016-10,39039010,甲基丙烯酸甲酯－丁二烯－苯乙烯（ＭＢＳ）共聚合物，初級狀態,澳大利亞,出口總值(含復出口),24,11000
2016-10,39052100,醋酸乙烯共聚合物水性分散液,中國大陸,進口總值(含復進口),70,35360
2016-10,39052100,醋酸乙烯共聚合物水性分散液,中國大陸,出口總值(含復出口),2369,2738800
2016-10,39052100,醋酸乙烯共聚合物水性分散液,巴西,出口總值(含復出口),2,2000
2016-10,39052100,醋酸乙烯共聚合物水性分散液,巴基斯坦,出口總值(含復出口),182,220000
2016-10,39052100,醋酸乙烯共聚合物水性分散液,日本,進口總值(含復進口),7,780
2016-10,39052100,醋酸乙烯共聚合物水性分散液,日本,出口總值(含復出口),18,19190
2016-10,39052100,醋酸乙烯共聚合物水性分散液,瓜地馬拉,出口總值(含復出口),18,20150
2016-10,39052100,醋酸乙烯共聚合物水性分散液,印度,出口總值(含復出口),43,35200
2016-10,39052100,醋酸乙烯共聚合物水性分散液,孟加拉,出口總值(含復出口),19,15600
2016-10,39052100,醋酸乙烯共聚合物水性分散液,波多黎各,出口總值(含復出口),22,19810
2016-10,39052100,醋酸乙烯共聚合物水性分散液,南非,出口總值(含復出口),32,37400
2016-10,39052100,醋酸乙烯共聚合物水性分散液,南韓,進口總值(含復進口),14,15600
2016-10,39052100,醋酸乙烯共聚合物水性分散液,南韓,出口總值(含復出口),30,31680
2016-10,39052100,醋酸乙烯共聚合物水性分散液,美國,出口總值(含復出口),17,19950
2016-10,39052100,醋酸乙烯共聚合物水性分散液,紐西蘭,出口總值(含復出口),70,77120
2016-10,39052100,醋酸乙烯共聚合物水性分散液,馬來西亞,出口總值(含復出口),23,14400
2016-10,39052100,醋酸乙烯共聚合物水性分散液,智利,出口總值(含復出口),17,18000
2016-10,39052100,醋酸乙烯共聚合物水性分散液,越南,出口總值(含復出口),79,86600
2016-10,39052100,醋酸乙烯共聚合物水性分散液,新加坡,出口總值(含復出口),51,52800
2016-10,39052100,醋酸乙烯共聚合物水性分散液,墨西哥,出口總值(含復出口),60,56970
2016-10,39052100,醋酸乙烯共聚合物水性分散液,澳大利亞,出口總值(含復出口),175,178660
2016-11,29161410,甲基丙烯酸甲酯,中國大陸,進口總值(含復進口),28,15200
2016-11,29161410,甲基丙烯酸甲酯,中國大陸,出口總值(含復出口),2754,1536296
2016-11,29161410,甲基丙烯酸甲酯,巴基斯坦,出口總值(含復出口),285,152000
2016-11,29161410,甲基丙烯酸甲酯,日本,進口總值(含復進口),2128,1298964
2016-11,29161410,甲基丙烯酸甲酯,印度,出口總值(含復出口),28,15200
2016-11,29161410,甲基丙烯酸甲酯,孟加拉,出口總值(含復出口),63,34910
2016-11,29161410,甲基丙烯酸甲酯,阿拉伯聯合大公國,出口總值(含復出口),28,15200
2016-11,29161410,甲基丙烯酸甲酯,南韓,進口總值(含復進口),7,2306
2016-11,29161410,甲基丙烯酸甲酯,南韓,出口總值(含復出口),536,300000
2016-11,29161410,甲基丙烯酸甲酯,美國,進口總值(含復進口),2031,1474212
2016-11,29161410,甲基丙烯酸甲酯,英國,進口總值(含復進口),0,0
2016-11,29161410,甲基丙烯酸甲酯,泰國,進口總值(含復進口),4745,2761413
2016-11,29161410,甲基丙烯酸甲酯,馬來西亞,出口總值(含復出口),42,22580
2016-11,29161410,甲基丙烯酸甲酯,荷蘭,進口總值(含復進口),1,90
2016-11,29161410,甲基丙烯酸甲酯,菲律賓,出口總值(含復出口),684,381510
2016-11,29161410,甲基丙烯酸甲酯,越南,出口總值(含復出口),600,343400
2016-11,29161410,甲基丙烯酸甲酯,新加坡,進口總值(含復進口),2615,1497445
2016-11,29161410,甲基丙烯酸甲酯,德國,進口總值(含復進口),415,77910
2016-11,29161410,甲基丙烯酸甲酯,澳大利亞,出口總值(含復出口),27,15200
2016-11,29173300,鄰苯二甲酸二壬酯或二癸酯,中國大陸,出口總值(含復出口),6389,7115000
2016-11,29173300,鄰苯二甲酸二壬酯或二癸酯,厄瓜多,出口總值(含復出口),17,16000
2016-11,29173300,鄰苯二甲酸二壬酯或二癸酯,日本,出口總值(含復出口),98,90000
2016-11,29173300,鄰苯二甲酸二壬酯或二癸酯,以色列,出口總值(含復出口),18,20000
2016-11,29173300,鄰苯二甲酸二壬酯或二癸酯,印尼,出口總值(含復出口),23,23000
2016-11,29173300,鄰苯二甲酸二壬酯或二癸酯,西班牙,出口總值(含復出口),45,46000
2016-11,29173300,鄰苯二甲酸二壬酯或二癸酯,阿曼,出口總值(含復出口),120,138000
2016-11,29173300,鄰苯二甲酸二壬酯或二癸酯,美國,進口總值(含復進口),0,0
2016-11,29173300,鄰苯二甲酸二壬酯或二癸酯,美國,出口總值(含復出口),318,317000
2016-11,29173300,鄰苯二甲酸二壬酯或二癸酯,英國,出口總值(含復出口),128,138000
2016-11,29173300,鄰苯二甲酸二壬酯或二癸酯,哥倫比亞,出口總值(含復出口),38,40000
2016-11,29173300,鄰苯二甲酸二壬酯或二癸酯,馬來西亞,出口總值(含復出口),149,159000
2016-11,29173300,鄰苯二甲酸二壬酯或二癸酯,荷蘭,出口總值(含復出口),371,372000
2016-11,29173300,鄰苯二甲酸二壬酯或二癸酯,斯里蘭卡,出口總值(含復出口),40,45000
2016-11,29173300,鄰苯二甲酸二壬酯或二癸酯,菲律賓,出口總值(含復出口),319,338000
2016-11,29173300,鄰苯二甲酸二壬酯或二癸酯,越南,出口總值(含復出口),38,40000
2016-11,29173300,鄰苯二甲酸二壬酯或二癸酯,新加坡,出口總值(含復出口),18,20000
2016-11,29173300,鄰苯二甲酸二壬酯或二癸酯,義大利,出口總值(含復出口),45,46000
2016-11,29173300,鄰苯二甲酸二壬酯或二癸酯,墨西哥,出口總值(含復出口),100,104000
2016-11,29173300,鄰苯二甲酸二壬酯或二癸酯,澳大利亞,出口總值(含復出口),20,20000
2016-11,29321100,四氫?喃,中國大陸,進口總值(含復進口),17,6
2016-11,29321100,四氫?喃,中國大陸,出口總值(含復出口),479,244800
2016-11,29321100,四氫?喃,日本,出口總值(含復出口),325,193870
2016-11,29321100,四氫?喃,加拿大,出口總值(含復出口),55,34070
2016-11,29321100,四氫?喃,印度,出口總值(含復出口),962,689400
2016-11,29321100,四氫?喃,阿拉伯聯合大公國,出口總值(含復出口),61,43200
2016-11,29321100,四氫?喃,南非,出口總值(含復出口),24,14400
2016-11,29321100,四氫?喃,南韓,進口總值(含復進口),0,8
2016-11,29321100,四氫?喃,南韓,出口總值(含復出口),28,14400
2016-11,29321100,四氫?喃,美國,進口總值(含復進口),23,1505
2016-11,29321100,四氫?喃,哥倫比亞,出口總值(含復出口),42,28800
2016-11,29321100,四氫?喃,泰國,出口總值(含復出口),43,14400
2016-11,29321100,四氫?喃,馬來西亞,出口總值(含復出口),21,14400
2016-11,29321100,四氫?喃,菲律賓,出口總值(含復出口),0,50
2016-11,29321100,四氫?喃,德國,進口總值(含復進口),10,604
2016-11,39032000,苯乙烯－丙烯?共聚合物，初級狀態,中國大陸,出口總值(含復出口),11971,8676135
2016-11,39032000,苯乙烯－丙烯?共聚合物，初級狀態,巴西,出口總值(含復出口),112,80000
2016-11,39032000,苯乙烯－丙烯?共聚合物，初級狀態,巴基斯坦,出口總值(含復出口),202,136000
2016-11,39032000,苯乙烯－丙烯?共聚合物，初級狀態,日本,進口總值(含復進口),330,127025
2016-11,39032000,苯乙烯－丙烯?共聚合物，初級狀態,日本,出口總值(含復出口),106,72975
2016-11,39032000,苯乙烯－丙烯?共聚合物，初級狀態,以色列,出口總值(含復出口),5,3000
2016-11,39032000,苯乙烯－丙烯?共聚合物，初級狀態,印尼,出口總值(含復出口),821,582000
2016-11,39032000,苯乙烯－丙烯?共聚合物，初級狀態,西班牙,出口總值(含復出口),3,2000
2016-11,39032000,苯乙烯－丙烯?共聚合物，初級狀態,孟加拉,出口總值(含復出口),104,68700
2016-11,39032000,苯乙烯－丙烯?共聚合物，初級狀態,波蘭,出口總值(含復出口),10,7000
2016-11,39032000,苯乙烯－丙烯?共聚合物，初級狀態,阿拉伯聯合大公國,出口總值(含復出口),25,18000
2016-11,39032000,苯乙烯－丙烯?共聚合物，初級狀態,阿根廷,出口總值(含復出口),51,36000
2016-11,39032000,苯乙烯－丙烯?共聚合物，初級狀態,俄羅斯,出口總值(含復出口),110,80000
2016-11,39032000,苯乙烯－丙烯?共聚合物，初級狀態,南非,出口總值(含復出口),8,5000
2016-11,39032000,苯乙烯－丙烯?共聚合物，初級狀態,南韓,進口總值(含復進口),59,38000
2016-11,39032000,苯乙烯－丙烯?共聚合物，初級狀態,突尼西亞,出口總值(含復出口),28,19000
2016-11,39032000,苯乙烯－丙烯?共聚合物，初級狀態,美國,進口總值(含復進口),28,7922
2016-11,39032000,苯乙烯－丙烯?共聚合物，初級狀態,美國,出口總值(含復出口),115,80000
2016-11,39032000,苯乙烯－丙烯?共聚合物，初級狀態,英國,進口總值(含復進口),12,1375
2016-11,39032000,苯乙烯－丙烯?共聚合物，初級狀態,英國,出口總值(含復出口),9,6000
2016-11,39032000,苯乙烯－丙烯?共聚合物，初級狀態,香港,出口總值(含復出口),1201,817700
2016-11,39032000,苯乙烯－丙烯?共聚合物，初級狀態,埃及,出口總值(含復出口),111,76000
2016-11,39032000,苯乙烯－丙烯?共聚合物，初級狀態,泰國,出口總值(含復出口),645,449000
2016-11,39032000,苯乙烯－丙烯?共聚合物，初級狀態,馬來西亞,出口總值(含復出口),368,266025
2016-11,39032000,苯乙烯－丙烯?共聚合物，初級狀態,荷蘭,出口總值(含復出口),49,34053
2016-11,39032000,苯乙烯－丙烯?共聚合物，初級狀態,菲律賓,出口總值(含復出口),27,19100
2016-11,39032000,苯乙烯－丙烯?共聚合物，初級狀態,越南,出口總值(含復出口),169,122000
2016-11,39032000,苯乙烯－丙烯?共聚合物，初級狀態,愛沙尼亞,出口總值(含復出口),52,36000
2016-11,39032000,苯乙烯－丙烯?共聚合物，初級狀態,新加坡,出口總值(含復出口),5,3000
2016-11,39032000,苯乙烯－丙烯?共聚合物，初級狀態,義大利,進口總值(含復進口),1,4
2016-11,39032000,苯乙烯－丙烯?共聚合物，初級狀態,德國,出口總值(含復出口),45,32000
2016-11,39032000,苯乙烯－丙烯?共聚合物，初級狀態,墨西哥,出口總值(含復出口),79,54000
2016-11,39032000,苯乙烯－丙烯?共聚合物，初級狀態,澳大利亞,出口總值(含復出口),6,4000
2016-11,39039010,甲基丙烯酸甲酯－丁二烯－苯乙烯（ＭＢＳ）共聚合物，初級狀態,中國大陸,出口總值(含復出口),1203,412000
2016-11,39039010,甲基丙烯酸甲酯－丁二烯－苯乙烯（ＭＢＳ）共聚合物，初級狀態,厄瓜多,出口總值(含復出口),2,1000
2016-11,39039010,甲基丙烯酸甲酯－丁二烯－苯乙烯（ＭＢＳ）共聚合物，初級狀態,日本,進口總值(含復進口),184,65450
2016-11,39039010,甲基丙烯酸甲酯－丁二烯－苯乙烯（ＭＢＳ）共聚合物，初級狀態,比利時,出口總值(含復出口),116,55000
2016-11,39039010,甲基丙烯酸甲酯－丁二烯－苯乙烯（ＭＢＳ）共聚合物，初級狀態,以色列,出口總值(含復出口),13,6000
2016-11,39039010,甲基丙烯酸甲酯－丁二烯－苯乙烯（ＭＢＳ）共聚合物，初級狀態,加拿大,出口總值(含復出口),4,2000
2016-11,39039010,甲基丙烯酸甲酯－丁二烯－苯乙烯（ＭＢＳ）共聚合物，初級狀態,法國,出口總值(含復出口),38,18000
2016-11,39039010,甲基丙烯酸甲酯－丁二烯－苯乙烯（ＭＢＳ）共聚合物，初級狀態,南韓,進口總值(含復進口),111,49600
2016-11,39039010,甲基丙烯酸甲酯－丁二烯－苯乙烯（ＭＢＳ）共聚合物，初級狀態,南韓,出口總值(含復出口),40,16000
2016-11,39039010,甲基丙烯酸甲酯－丁二烯－苯乙烯（ＭＢＳ）共聚合物，初級狀態,美國,進口總值(含復進口),23,11600
2016-11,39039010,甲基丙烯酸甲酯－丁二烯－苯乙烯（ＭＢＳ）共聚合物，初級狀態,英國,出口總值(含復出口),20,9000
2016-11,39039010,甲基丙烯酸甲酯－丁二烯－苯乙烯（ＭＢＳ）共聚合物，初級狀態,香港,出口總值(含復出口),112,37000
2016-11,39039010,甲基丙烯酸甲酯－丁二烯－苯乙烯（ＭＢＳ）共聚合物，初級狀態,泰國,出口總值(含復出口),20,9500
2016-11,39039010,甲基丙烯酸甲酯－丁二烯－苯乙烯（ＭＢＳ）共聚合物，初級狀態,紐西蘭,出口總值(含復出口),3,1000
2016-11,39039010,甲基丙烯酸甲酯－丁二烯－苯乙烯（ＭＢＳ）共聚合物，初級狀態,馬來西亞,進口總值(含復進口),22,9600
2016-11,39039010,甲基丙烯酸甲酯－丁二烯－苯乙烯（ＭＢＳ）共聚合物，初級狀態,馬來西亞,出口總值(含復出口),53,22500
2016-11,39039010,甲基丙烯酸甲酯－丁二烯－苯乙烯（ＭＢＳ）共聚合物，初級狀態,荷蘭,出口總值(含復出口),71,32000
2016-11,39039010,甲基丙烯酸甲酯－丁二烯－苯乙烯（ＭＢＳ）共聚合物，初級狀態,越南,出口總值(含復出口),24,8396
2016-11,39039010,甲基丙烯酸甲酯－丁二烯－苯乙烯（ＭＢＳ）共聚合物，初級狀態,新加坡,進口總值(含復進口),3113,1736000
2016-11,39039010,甲基丙烯酸甲酯－丁二烯－苯乙烯（ＭＢＳ）共聚合物，初級狀態,澳大利亞,出口總值(含復出口),9,4000
2016-11,39052100,醋酸乙烯共聚合物水性分散液,中國大陸,進口總值(含復進口),69,35360
2016-11,39052100,醋酸乙烯共聚合物水性分散液,中國大陸,出口總值(含復出口),2532,2981860
2016-11,39052100,醋酸乙烯共聚合物水性分散液,中華民國,進口總值(含復進口),2,1760
2016-11,39052100,醋酸乙烯共聚合物水性分散液,巴基斯坦,出口總值(含復出口),231,280000
2016-11,39052100,醋酸乙烯共聚合物水性分散液,日本,進口總值(含復進口),8,796
2016-11,39052100,醋酸乙烯共聚合物水性分散液,日本,出口總值(含復出口),32,36000
2016-11,39052100,醋酸乙烯共聚合物水性分散液,瓜地馬拉,出口總值(含復出口),15,17600
2016-11,39052100,醋酸乙烯共聚合物水性分散液,印度,出口總值(含復出口),87,70400
2016-11,39052100,醋酸乙烯共聚合物水性分散液,希臘,出口總值(含復出口),8,10000
2016-11,39052100,醋酸乙烯共聚合物水性分散液,孟加拉,出口總值(含復出口),20,15600
2016-11,39052100,醋酸乙烯共聚合物水性分散液,南非,出口總值(含復出口),67,72600
2016-11,39052100,醋酸乙烯共聚合物水性分散液,南韓,進口總值(含復進口),29,31200
2016-11,39052100,醋酸乙烯共聚合物水性分散液,南韓,出口總值(含復出口),1215,1414400
2016-11,39052100,醋酸乙烯共聚合物水性分散液,美國,出口總值(含復出口),51,57800
2016-11,39052100,醋酸乙烯共聚合物水性分散液,哥斯大黎加,出口總值(含復出口),20,17600
2016-11,39052100,醋酸乙烯共聚合物水性分散液,烏克蘭,出口總值(含復出口),18,16000
2016-11,39052100,醋酸乙烯共聚合物水性分散液,秘魯,出口總值(含復出口),17,18000
2016-11,39052100,醋酸乙烯共聚合物水性分散液,紐西蘭,出口總值(含復出口),22,24100
2016-11,39052100,醋酸乙烯共聚合物水性分散液,馬來西亞,出口總值(含復出口),23,14399
2016-11,39052100,醋酸乙烯共聚合物水性分散液,越南,出口總值(含復出口),144,141600
2016-11,39052100,醋酸乙烯共聚合物水性分散液,新加坡,出口總值(含復出口),34,35200
2016-11,39052100,醋酸乙烯共聚合物水性分散液,墨西哥,出口總值(含復出口),35,37530
2016-11,39052100,醋酸乙烯共聚合物水性分散液,澳大利亞,出口總值(含復出口),76,80010
2016-12,29161410,甲基丙烯酸甲酯,中國大陸,進口總值(含復進口),13,2400
2016-12,29161410,甲基丙烯酸甲酯,中國大陸,出口總值(含復出口),8959,5282516
2016-12,29161410,甲基丙烯酸甲酯,日本,進口總值(含復進口),37,21390
2016-12,29161410,甲基丙烯酸甲酯,日本,出口總值(含復出口),30,15200
2016-12,29161410,甲基丙烯酸甲酯,印尼,出口總值(含復出口),232,138910
2016-12,29161410,甲基丙烯酸甲酯,印度,出口總值(含復出口),55,30400
2016-12,29161410,甲基丙烯酸甲酯,南韓,進口總值(含復進口),1,22
2016-12,29161410,甲基丙烯酸甲酯,南韓,出口總值(含復出口),1250,701189
2016-12,29161410,甲基丙烯酸甲酯,美國,進口總值(含復進口),2438,1709918
2016-12,29161410,甲基丙烯酸甲酯,英國,進口總值(含復進口),0,0
2016-12,29161410,甲基丙烯酸甲酯,香港,出口總值(含復出口),16,192
2016-12,29161410,甲基丙烯酸甲酯,泰國,進口總值(含復進口),1710,998321
2016-12,29161410,甲基丙烯酸甲酯,秘魯,出口總值(含復出口),27,15200
2016-12,29161410,甲基丙烯酸甲酯,馬來西亞,出口總值(含復出口),70,38010
2016-12,29161410,甲基丙烯酸甲酯,菲律賓,出口總值(含復出口),317,183540
2016-12,29161410,甲基丙烯酸甲酯,越南,出口總值(含復出口),2531,1459720
2016-12,29161410,甲基丙烯酸甲酯,新加坡,進口總值(含復進口),6111,3497903
2016-12,29161410,甲基丙烯酸甲酯,德國,進口總值(含復進口),0,1
2016-12,29173300,鄰苯二甲酸二壬酯或二癸酯,中國大陸,出口總值(含復出口),7738,8282000
2016-12,29173300,鄰苯二甲酸二壬酯或二癸酯,日本,出口總值(含復出口),70,59000
2016-12,29173300,鄰苯二甲酸二壬酯或二癸酯,以色列,出口總值(含復出口),98,100000
2016-12,29173300,鄰苯二甲酸二壬酯或二癸酯,加拿大,出口總值(含復出口),62,60000
2016-12,29173300,鄰苯二甲酸二壬酯或二癸酯,印尼,出口總值(含復出口),57,40000
2016-12,29173300,鄰苯二甲酸二壬酯或二癸酯,阿拉伯聯合大公國,出口總值(含復出口),61,60000
2016-12,29173300,鄰苯二甲酸二壬酯或二癸酯,南韓,進口總值(含復進口),0,0
2016-12,29173300,鄰苯二甲酸二壬酯或二癸酯,美國,進口總值(含復進口),0,0
2016-12,29173300,鄰苯二甲酸二壬酯或二癸酯,美國,出口總值(含復出口),466,486000
2016-12,29173300,鄰苯二甲酸二壬酯或二癸酯,哥斯大黎加,出口總值(含復出口),42,40000
2016-12,29173300,鄰苯二甲酸二壬酯或二癸酯,馬來西亞,出口總值(含復出口),244,255000
2016-12,29173300,鄰苯二甲酸二壬酯或二癸酯,荷蘭,出口總值(含復出口),1048,1000000
2016-12,29173300,鄰苯二甲酸二壬酯或二癸酯,斯里蘭卡,出口總值(含復出口),38,40000
2016-12,29173300,鄰苯二甲酸二壬酯或二癸酯,菲律賓,出口總值(含復出口),183,176000
2016-12,29173300,鄰苯二甲酸二壬酯或二癸酯,越南,出口總值(含復出口),126,123000
2016-12,29173300,鄰苯二甲酸二壬酯或二癸酯,義大利,出口總值(含復出口),46,45000
2016-12,29173300,鄰苯二甲酸二壬酯或二癸酯,葡萄牙,出口總值(含復出口),40,42000
2016-12,29173300,鄰苯二甲酸二壬酯或二癸酯,摩洛哥,出口總值(含復出口),17,16000
2016-12,29173300,鄰苯二甲酸二壬酯或二癸酯,墨西哥,出口總值(含復出口),87,83000
2016-12,29321100,四氫?喃,中國大陸,進口總值(含復進口),346,200000
2016-12,29321100,四氫?喃,中國大陸,出口總值(含復出口),594,302400
2016-12,29321100,四氫?喃,日本,進口總值(含復進口),2,81
2016-12,29321100,四氫?喃,日本,出口總值(含復出口),528,321690
2016-12,29321100,四氫?喃,印度,出口總值(含復出口),1096,739820
2016-12,29321100,四氫?喃,南韓,進口總值(含復進口),4,365
2016-12,29321100,四氫?喃,南韓,出口總值(含復出口),26,14400
2016-12,29321100,四氫?喃,美國,進口總值(含復進口),24,2039
2016-12,29321100,四氫?喃,埃及,出口總值(含復出口),46,28800
2016-12,29321100,四氫?喃,泰國,出口總值(含復出口),26,14400
2016-12,29321100,四氫?喃,馬來西亞,進口總值(含復進口),30,14400
2016-12,29321100,四氫?喃,德國,進口總值(含復進口),37,3109
2016-12,29321100,四氫?喃,墨西哥,出口總值(含復出口),24,14400
2016-12,39032000,苯乙烯－丙烯?共聚合物，初級狀態,中國大陸,進口總值(含復進口),58,20000
2016-12,39032000,苯乙烯－丙烯?共聚合物，初級狀態,中國大陸,出口總值(含復出口),13793,9461010
2016-12,39032000,苯乙烯－丙烯?共聚合物，初級狀態,厄瓜多,出口總值(含復出口),1,500
2016-12,39032000,苯乙烯－丙烯?共聚合物，初級狀態,巴西,出口總值(含復出口),366,257000
2016-12,39032000,苯乙烯－丙烯?共聚合物，初級狀態,巴基斯坦,出口總值(含復出口),171,112000
2016-12,39032000,苯乙烯－丙烯?共聚合物，初級狀態,日本,進口總值(含復進口),194,78860
2016-12,39032000,苯乙烯－丙烯?共聚合物，初級狀態,日本,出口總值(含復出口),316,200050
2016-12,39032000,苯乙烯－丙烯?共聚合物，初級狀態,比利時,出口總值(含復出口),4,3000
2016-12,39032000,苯乙烯－丙烯?共聚合物，初級狀態,以色列,出口總值(含復出口),14,9000
2016-12,39032000,苯乙烯－丙烯?共聚合物，初級狀態,加拿大,出口總值(含復出口),125,82000
2016-12,39032000,苯乙烯－丙烯?共聚合物，初級狀態,印尼,出口總值(含復出口),480,324000
2016-12,39032000,苯乙烯－丙烯?共聚合物，初級狀態,西班牙,出口總值(含復出口),7,5000
2016-12,39032000,苯乙烯－丙烯?共聚合物，初級狀態,孟加拉,出口總值(含復出口),157,97340
2016-12,39032000,苯乙烯－丙烯?共聚合物，初級狀態,波蘭,出口總值(含復出口),20,13000
2016-12,39032000,苯乙烯－丙烯?共聚合物，初級狀態,法國,出口總值(含復出口),24,16000
2016-12,39032000,苯乙烯－丙烯?共聚合物，初級狀態,俄羅斯,出口總值(含復出口),27,19000
2016-12,39032000,苯乙烯－丙烯?共聚合物，初級狀態,南非,出口總值(含復出口),11,7000
2016-12,39032000,苯乙烯－丙烯?共聚合物，初級狀態,南韓,進口總值(含復進口),141,97000
2016-12,39032000,苯乙烯－丙烯?共聚合物，初級狀態,美國,進口總值(含復進口),4,750
2016-12,39032000,苯乙烯－丙烯?共聚合物，初級狀態,美國,出口總值(含復出口),91,59000
2016-12,39032000,苯乙烯－丙烯?共聚合物，初級狀態,英國,出口總值(含復出口),12,8000
2016-12,39032000,苯乙烯－丙烯?共聚合物，初級狀態,香港,出口總值(含復出口),1596,1007725
2016-12,39032000,苯乙烯－丙烯?共聚合物，初級狀態,哥倫比亞,出口總值(含復出口),29,18000
2016-12,39032000,苯乙烯－丙烯?共聚合物，初級狀態,泰國,出口總值(含復出口),637,422000
2016-12,39032000,苯乙烯－丙烯?共聚合物，初級狀態,秘魯,出口總值(含復出口),3,2000
2016-12,39032000,苯乙烯－丙烯?共聚合物，初級狀態,馬來西亞,進口總值(含復進口),30,10500
2016-12,39032000,苯乙烯－丙烯?共聚合物，初級狀態,馬來西亞,出口總值(含復出口),93,61000
2016-12,39032000,苯乙烯－丙烯?共聚合物，初級狀態,荷蘭,出口總值(含復出口),221,151000
2016-12,39032000,苯乙烯－丙烯?共聚合物，初級狀態,斯里蘭卡,出口總值(含復出口),39,25000
2016-12,39032000,苯乙烯－丙烯?共聚合物，初級狀態,斯洛維尼亞,出口總值(含復出口),105,77225
2016-12,39032000,苯乙烯－丙烯?共聚合物，初級狀態,智利,出口總值(含復出口),29,18000
2016-12,39032000,苯乙烯－丙烯?共聚合物，初級狀態,菲律賓,出口總值(含復出口),34,22400
2016-12,39032000,苯乙烯－丙烯?共聚合物，初級狀態,越南,出口總值(含復出口),109,75500
2016-12,39032000,苯乙烯－丙烯?共聚合物，初級狀態,愛沙尼亞,出口總值(含復出口),28,18000
2016-12,39032000,苯乙烯－丙烯?共聚合物，初級狀態,義大利,出口總值(含復出口),24,17000
2016-12,39032000,苯乙烯－丙烯?共聚合物，初級狀態,德國,出口總值(含復出口),134,84000
2016-12,39032000,苯乙烯－丙烯?共聚合物，初級狀態,緬甸,出口總值(含復出口),20,13000
2016-12,39032000,苯乙烯－丙烯?共聚合物，初級狀態,墨西哥,出口總值(含復出口),167,106875
2016-12,39032000,苯乙烯－丙烯?共聚合物，初級狀態,澳大利亞,出口總值(含復出口),3,2000
2016-12,39039010,甲基丙烯酸甲酯－丁二烯－苯乙烯（ＭＢＳ）共聚合物，初級狀態,中國大陸,進口總值(含復進口),17,8000
2016-12,39039010,甲基丙烯酸甲酯－丁二烯－苯乙烯（ＭＢＳ）共聚合物，初級狀態,中國大陸,出口總值(含復出口),2063,761350
2016-12,39039010,甲基丙烯酸甲酯－丁二烯－苯乙烯（ＭＢＳ）共聚合物，初級狀態,中華民國,進口總值(含復進口),1,720
2016-12,39039010,甲基丙烯酸甲酯－丁二烯－苯乙烯（ＭＢＳ）共聚合物，初級狀態,日本,進口總值(含復進口),186,66201
2016-12,39039010,甲基丙烯酸甲酯－丁二烯－苯乙烯（ＭＢＳ）共聚合物，初級狀態,日本,出口總值(含復出口),92,38150
2016-12,39039010,甲基丙烯酸甲酯－丁二烯－苯乙烯（ＭＢＳ）共聚合物，初級狀態,比利時,出口總值(含復出口),125,61000
2016-12,39039010,甲基丙烯酸甲酯－丁二烯－苯乙烯（ＭＢＳ）共聚合物，初級狀態,南韓,進口總值(含復進口),94,44200
2016-12,39039010,甲基丙烯酸甲酯－丁二烯－苯乙烯（ＭＢＳ）共聚合物，初級狀態,美國,出口總值(含復出口),0,100
2016-12,39039010,甲基丙烯酸甲酯－丁二烯－苯乙烯（ＭＢＳ）共聚合物，初級狀態,英國,出口總值(含復出口),137,61750
2016-12,39039010,甲基丙烯酸甲酯－丁二烯－苯乙烯（ＭＢＳ）共聚合物，初級狀態,香港,出口總值(含復出口),28,8000
2016-12,39039010,甲基丙烯酸甲酯－丁二烯－苯乙烯（ＭＢＳ）共聚合物，初級狀態,泰國,出口總值(含復出口),71,29000
2016-12,39039010,甲基丙烯酸甲酯－丁二烯－苯乙烯（ＭＢＳ）共聚合物，初級狀態,紐西蘭,出口總值(含復出口),8,3000
2016-12,39039010,甲基丙烯酸甲酯－丁二烯－苯乙烯（ＭＢＳ）共聚合物，初級狀態,馬來西亞,進口總值(含復進口),111,48000
2016-12,39039010,甲基丙烯酸甲酯－丁二烯－苯乙烯（ＭＢＳ）共聚合物，初級狀態,馬來西亞,出口總值(含復出口),161,61900
2016-12,39039010,甲基丙烯酸甲酯－丁二烯－苯乙烯（ＭＢＳ）共聚合物，初級狀態,荷蘭,出口總值(含復出口),70,33000
2016-12,39039010,甲基丙烯酸甲酯－丁二烯－苯乙烯（ＭＢＳ）共聚合物，初級狀態,越南,出口總值(含復出口),28,12000
2016-12,39039010,甲基丙烯酸甲酯－丁二烯－苯乙烯（ＭＢＳ）共聚合物，初級狀態,新加坡,進口總值(含復進口),1183,644000
2016-12,39039010,甲基丙烯酸甲酯－丁二烯－苯乙烯（ＭＢＳ）共聚合物，初級狀態,義大利,出口總值(含復出口),69,32000
2016-12,39039010,甲基丙烯酸甲酯－丁二烯－苯乙烯（ＭＢＳ）共聚合物，初級狀態,澳大利亞,出口總值(含復出口),22,9875
2016-12,39052100,醋酸乙烯共聚合物水性分散液,中國大陸,進口總值(含復進口),69,35520
2016-12,39052100,醋酸乙烯共聚合物水性分散液,中國大陸,出口總值(含復出口),3302,3930020
2016-12,39052100,醋酸乙烯共聚合物水性分散液,巴西,出口總值(含復出口),4,4000
2016-12,39052100,醋酸乙烯共聚合物水性分散液,巴拉圭,出口總值(含復出口),18,17600
2016-12,39052100,醋酸乙烯共聚合物水性分散液,巴基斯坦,出口總值(含復出口),495,600000
2016-12,39052100,醋酸乙烯共聚合物水性分散液,日本,進口總值(含復進口),7,780
2016-12,39052100,醋酸乙烯共聚合物水性分散液,印尼,出口總值(含復出口),72,95700
2016-12,39052100,醋酸乙烯共聚合物水性分散液,印度,出口總值(含復出口),23,18920
2016-12,39052100,醋酸乙烯共聚合物水性分散液,阿根廷,出口總值(含復出口),15,17600
2016-12,39052100,醋酸乙烯共聚合物水性分散液,俄羅斯,出口總值(含復出口),19,16000
2016-12,39052100,醋酸乙烯共聚合物水性分散液,南非,出口總值(含復出口),110,129800
2016-12,39052100,醋酸乙烯共聚合物水性分散液,南韓,進口總值(含復進口),41,46800
2016-12,39052100,醋酸乙烯共聚合物水性分散液,南韓,出口總值(含復出口),387,463200
2016-12,39052100,醋酸乙烯共聚合物水性分散液,美國,進口總值(含復進口),48,37599
2016-12,39052100,醋酸乙烯共聚合物水性分散液,美國,出口總值(含復出口),54,57840
2016-12,39052100,醋酸乙烯共聚合物水性分散液,哥倫比亞,出口總值(含復出口),5,4400
2016-12,39052100,醋酸乙烯共聚合物水性分散液,哥斯大黎加,出口總值(含復出口),20,17600
2016-12,39052100,醋酸乙烯共聚合物水性分散液,紐西蘭,出口總值(含復出口),33,39550
2016-12,39052100,醋酸乙烯共聚合物水性分散液,馬來西亞,出口總值(含復出口),110,135490
2016-12,39052100,醋酸乙烯共聚合物水性分散液,荷蘭,出口總值(含復出口),14,19890
2016-12,39052100,醋酸乙烯共聚合物水性分散液,越南,出口總值(含復出口),271,280740
2016-12,39052100,醋酸乙烯共聚合物水性分散液,新加坡,出口總值(含復出口),17,17600
2016-12,39052100,醋酸乙烯共聚合物水性分散液,義大利,出口總值(含復出口),15,19960
2016-12,39052100,醋酸乙烯共聚合物水性分散液,德國,進口總值(含復進口),4,1950
2016-12,39052100,醋酸乙烯共聚合物水性分散液,墨西哥,出口總值(含復出口),34,37030
2016-12,39052100,醋酸乙烯共聚合物水性分散液,澳大利亞,出口總值(含復出口),141,137150
2016-1,39069010,其他丙烯酸聚合物粒，初級狀態,土耳其,出口總值(含復出口),1235,1616000
2016-1,39069010,其他丙烯酸聚合物粒，初級狀態,中國大陸,進口總值(含復進口),703,322783
2016-1,39069010,其他丙烯酸聚合物粒，初級狀態,中國大陸,出口總值(含復出口),7102,3722370
2016-1,39069010,其他丙烯酸聚合物粒，初級狀態,中華民國,進口總值(含復進口),310,151600
2016-1,39069010,其他丙烯酸聚合物粒，初級狀態,厄瓜多,出口總值(含復出口),97,80000
2016-1,39069010,其他丙烯酸聚合物粒，初級狀態,巴西,出口總值(含復出口),58,47000
2016-1,39069010,其他丙烯酸聚合物粒，初級狀態,巴基斯坦,出口總值(含復出口),12,7000
2016-1,39069010,其他丙烯酸聚合物粒，初級狀態,日本,進口總值(含復進口),1266,568210
2016-1,39069010,其他丙烯酸聚合物粒，初級狀態,日本,出口總值(含復出口),92,53775
2016-1,39069010,其他丙烯酸聚合物粒，初級狀態,比利時,進口總值(含復進口),4,203
2016-1,39069010,其他丙烯酸聚合物粒，初級狀態,以色列,進口總值(含復進口),232,25000
2016-1,39069010,其他丙烯酸聚合物粒，初級狀態,以色列,出口總值(含復出口),274,288000
2016-1,39069010,其他丙烯酸聚合物粒，初級狀態,加拿大,出口總值(含復出口),26,11200
2016-1,39069010,其他丙烯酸聚合物粒，初級狀態,伊朗,出口總值(含復出口),260,216000
2016-1,39069010,其他丙烯酸聚合物粒，初級狀態,印尼,出口總值(含復出口),258,160200
2016-1,39069010,其他丙烯酸聚合物粒，初級狀態,印度,出口總值(含復出口),377,220000
2016-1,39069010,其他丙烯酸聚合物粒，初級狀態,安哥拉,出口總值(含復出口),126,112000
2016-1,39069010,其他丙烯酸聚合物粒，初級狀態,西班牙,出口總值(含復出口),9,5000
2016-1,39069010,其他丙烯酸聚合物粒，初級狀態,沙烏地阿拉伯,出口總值(含復出口),394,312000
2016-1,39069010,其他丙烯酸聚合物粒，初級狀態,孟加拉,出口總值(含復出口),127,70770
2016-1,39069010,其他丙烯酸聚合物粒，初級狀態,法國,進口總值(含復進口),65,21750
2016-1,39069010,其他丙烯酸聚合物粒，初級狀態,阿拉伯聯合大公國,出口總值(含復出口),99,67200
2016-1,39069010,其他丙烯酸聚合物粒，初級狀態,阿根廷,出口總值(含復出口),177,171000
2016-1,39069010,其他丙烯酸聚合物粒，初級狀態,阿曼,出口總值(含復出口),23,16000
2016-1,39069010,其他丙烯酸聚合物粒，初級狀態,俄羅斯,出口總值(含復出口),2,1000
2016-1,39069010,其他丙烯酸聚合物粒，初級狀態,南非,出口總值(含復出口),157,137000
2016-1,39069010,其他丙烯酸聚合物粒，初級狀態,南韓,進口總值(含復進口),507,186955
2016-1,39069010,其他丙烯酸聚合物粒，初級狀態,南韓,出口總值(含復出口),176,93200
2016-1,39069010,其他丙烯酸聚合物粒，初級狀態,科威特,出口總值(含復出口),44,32000
2016-1,39069010,其他丙烯酸聚合物粒，初級狀態,約旦,出口總值(含復出口),296,432480
2016-1,39069010,其他丙烯酸聚合物粒，初級狀態,美國,進口總值(含復進口),386,61986
2016-1,39069010,其他丙烯酸聚合物粒，初級狀態,美國,出口總值(含復出口),206,115600
2016-1,39069010,其他丙烯酸聚合物粒，初級狀態,英國,進口總值(含復進口),1,25
2016-1,39069010,其他丙烯酸聚合物粒，初級狀態,英國,出口總值(含復出口),83,40375
2016-1,39069010,其他丙烯酸聚合物粒，初級狀態,香港,出口總值(含復出口),1227,638185
2016-1,39069010,其他丙烯酸聚合物粒，初級狀態,埃及,出口總值(含復出口),1281,736000
2016-1,39069010,其他丙烯酸聚合物粒，初級狀態,泰國,出口總值(含復出口),449,207100
2016-1,39069010,其他丙烯酸聚合物粒，初級狀態,烏拉圭,出口總值(含復出口),92,96000
2016-1,39069010,其他丙烯酸聚合物粒，初級狀態,紐西蘭,出口總值(含復出口),10,5600
2016-1,39069010,其他丙烯酸聚合物粒，初級狀態,馬來西亞,出口總值(含復出口),247,128600
2016-1,39069010,其他丙烯酸聚合物粒，初級狀態,荷蘭,進口總值(含復進口),100,35000
2016-1,39069010,其他丙烯酸聚合物粒，初級狀態,荷蘭,出口總值(含復出口),24,13000
2016-1,39069010,其他丙烯酸聚合物粒，初級狀態,智利,出口總值(含復出口),24,12000
2016-1,39069010,其他丙烯酸聚合物粒，初級狀態,菲律賓,出口總值(含復出口),96,62500
2016-1,39069010,其他丙烯酸聚合物粒，初級狀態,越南,出口總值(含復出口),589,313825
2016-1,39069010,其他丙烯酸聚合物粒，初級狀態,愛爾蘭,出口總值(含復出口),143,72000
2016-1,39069010,其他丙烯酸聚合物粒，初級狀態,新加坡,進口總值(含復進口),399,142400
2016-1,39069010,其他丙烯酸聚合物粒，初級狀態,新加坡,出口總值(含復出口),213,136400
2016-1,39069010,其他丙烯酸聚合物粒，初級狀態,瑞士,進口總值(含復進口),19,136
2016-1,39069010,其他丙烯酸聚合物粒，初級狀態,義大利,進口總值(含復進口),8,400
2016-1,39069010,其他丙烯酸聚合物粒，初級狀態,義大利,出口總值(含復出口),177,97000
2016-1,39069010,其他丙烯酸聚合物粒，初級狀態,德國,進口總值(含復進口),79,33570
2016-1,39069010,其他丙烯酸聚合物粒，初級狀態,德國,出口總值(含復出口),73,38400
2016-1,39069010,其他丙烯酸聚合物粒，初級狀態,墨西哥,出口總值(含復出口),661,593600
2016-1,39069010,其他丙烯酸聚合物粒，初級狀態,澳大利亞,出口總值(含復出口),206,102740
2016-1,39069010,其他丙烯酸聚合物粒，初級狀態,薩爾瓦多,出口總值(含復出口),0,30
2016-1,39069010,其他丙烯酸聚合物粒，初級狀態,羅馬尼亞,進口總值(含復進口),0,1
2016-1,39071000,聚縮醛，初級狀態,土耳其,出口總值(含復出口),132,108000
2016-1,39071000,聚縮醛，初級狀態,中國大陸,進口總值(含復進口),240,88664
2016-1,39071000,聚縮醛，初級狀態,中國大陸,出口總值(含復出口),5311,3940545
2016-1,39071000,聚縮醛，初級狀態,中華民國,進口總值(含復進口),8,2575
2016-1,39071000,聚縮醛，初級狀態,丹麥,出口總值(含復出口),21,18000
2016-1,39071000,聚縮醛，初級狀態,巴西,出口總值(含復出口),67,58000
2016-1,39071000,聚縮醛，初級狀態,日本,進口總值(含復進口),431,151582
2016-1,39071000,聚縮醛，初級狀態,日本,出口總值(含復出口),546,337000
2016-1,39071000,聚縮醛，初級狀態,比利時,出口總值(含復出口),45,36000
2016-1,39071000,聚縮醛，初級狀態,伊朗,出口總值(含復出口),120,100000
2016-1,39071000,聚縮醛，初級狀態,印尼,出口總值(含復出口),345,174000
2016-1,39071000,聚縮醛，初級狀態,西班牙,出口總值(含復出口),65,54000
2016-1,39071000,聚縮醛，初級狀態,孟加拉,出口總值(含復出口),92,81375
2016-1,39071000,聚縮醛，初級狀態,波蘭,出口總值(含復出口),22,18000
2016-1,39071000,聚縮醛，初級狀態,俄羅斯,出口總值(含復出口),87,74000
2016-1,39071000,聚縮醛，初級狀態,南韓,進口總值(含復進口),139,86000
2016-1,39071000,聚縮醛，初級狀態,南韓,出口總值(含復出口),43,36000
2016-1,39071000,聚縮醛，初級狀態,突尼西亞,出口總值(含復出口),21,18000
2016-1,39071000,聚縮醛，初級狀態,美國,進口總值(含復進口),155,59293
2016-1,39071000,聚縮醛，初級狀態,英國,出口總值(含復出口),45,36000
2016-1,39071000,聚縮醛，初級狀態,香港,出口總值(含復出口),884,390397
2016-1,39071000,聚縮醛，初級狀態,泰國,進口總值(含復進口),419,259000
2016-1,39071000,聚縮醛，初級狀態,泰國,出口總值(含復出口),74,72000
2016-1,39071000,聚縮醛，初級狀態,烏克蘭,出口總值(含復出口),47,40000
2016-1,39071000,聚縮醛，初級狀態,馬來西亞,進口總值(含復進口),44,19000
2016-1,39071000,聚縮醛，初級狀態,馬來西亞,出口總值(含復出口),54,44850
2016-1,39071000,聚縮醛，初級狀態,捷克,出口總值(含復出口),23,18000
2016-1,39071000,聚縮醛，初級狀態,荷蘭,進口總值(含復進口),420,98555
2016-1,39071000,聚縮醛，初級狀態,荷蘭,出口總值(含復出口),43,36000
2016-1,39071000,聚縮醛，初級狀態,菲律賓,出口總值(含復出口),4,1900
2016-1,39071000,聚縮醛，初級狀態,越南,出口總值(含復出口),269,195775
2016-1,39071000,聚縮醛，初級狀態,新加坡,進口總值(含復進口),11,806
2016-1,39071000,聚縮醛，初級狀態,義大利,出口總值(含復出口),81,72000
2016-1,39071000,聚縮醛，初級狀態,德國,出口總值(含復出口),134,114000
2016-1,39071000,聚縮醛，初級狀態,墨西哥,進口總值(含復進口),2,675
2016-1,39071000,聚縮醛，初級狀態,墨西哥,出口總值(含復出口),48,17000
2016-1,39071000,聚縮醛，初級狀態,澳大利亞,出口總值(含復出口),23,18000
2016-2,39069010,其他丙烯酸聚合物粒，初級狀態,土耳其,進口總值(含復進口),18,9000
2016-2,39069010,其他丙烯酸聚合物粒，初級狀態,土耳其,出口總值(含復出口),1263,1626600
2016-2,39069010,其他丙烯酸聚合物粒，初級狀態,中國大陸,進口總值(含復進口),508,240635
2016-2,39069010,其他丙烯酸聚合物粒，初級狀態,中國大陸,出口總值(含復出口),3329,1753809
2016-2,39069010,其他丙烯酸聚合物粒，初級狀態,丹麥,進口總值(含復進口),1,33
2016-2,39069010,其他丙烯酸聚合物粒，初級狀態,厄瓜多,出口總值(含復出口),39,32000
2016-2,39069010,其他丙烯酸聚合物粒，初級狀態,巴西,出口總值(含復出口),50,28000
2016-2,39069010,其他丙烯酸聚合物粒，初級狀態,巴基斯坦,出口總值(含復出口),253,272760
2016-2,39069010,其他丙烯酸聚合物粒，初級狀態,日本,進口總值(含復進口),1375,693645
2016-2,39069010,其他丙烯酸聚合物粒，初級狀態,日本,出口總值(含復出口),100,51200
2016-2,39069010,其他丙烯酸聚合物粒，初級狀態,比利時,進口總值(含復進口),123,14081
2016-2,39069010,其他丙烯酸聚合物粒，初級狀態,以色列,進口總值(含復進口),214,23000
2016-2,39069010,其他丙烯酸聚合物粒，初級狀態,伊朗,出口總值(含復出口),277,222400
2016-2,39069010,其他丙烯酸聚合物粒，初級狀態,印尼,出口總值(含復出口),214,107644
2016-2,39069010,其他丙烯酸聚合物粒，初級狀態,印度,出口總值(含復出口),220,101340
2016-2,39069010,其他丙烯酸聚合物粒，初級狀態,多明尼加,出口總值(含復出口),18,14400
2016-2,39069010,其他丙烯酸聚合物粒，初級狀態,沙烏地阿拉伯,出口總值(含復出口),278,256000
2016-2,39069010,其他丙烯酸聚合物粒，初級狀態,孟加拉,出口總值(含復出口),119,72480
2016-2,39069010,其他丙烯酸聚合物粒，初級狀態,法國,進口總值(含復進口),26,740
2016-2,39069010,其他丙烯酸聚合物粒，初級狀態,肯亞,出口總值(含復出口),27,19200
2016-2,39069010,其他丙烯酸聚合物粒，初級狀態,阿拉伯聯合大公國,出口總值(含復出口),126,85000
2016-2,39069010,其他丙烯酸聚合物粒，初級狀態,阿根廷,出口總值(含復出口),200,200000
2016-2,39069010,其他丙烯酸聚合物粒，初級狀態,俄羅斯,出口總值(含復出口),4,2000
2016-2,39069010,其他丙烯酸聚合物粒，初級狀態,南非,出口總值(含復出口),209,184000
2016-2,39069010,其他丙烯酸聚合物粒，初級狀態,南韓,進口總值(含復進口),410,154110
2016-2,39069010,其他丙烯酸聚合物粒，初級狀態,南韓,出口總值(含復出口),131,122000
2016-2,39069010,其他丙烯酸聚合物粒，初級狀態,約旦,出口總值(含復出口),342,496000
2016-2,39069010,其他丙烯酸聚合物粒，初級狀態,美國,進口總值(含復進口),617,79223
2016-2,39069010,其他丙烯酸聚合物粒，初級狀態,美國,出口總值(含復出口),193,84000
2016-2,39069010,其他丙烯酸聚合物粒，初級狀態,英國,進口總值(含復進口),3,900
2016-2,39069010,其他丙烯酸聚合物粒，初級狀態,英國,出口總值(含復出口),39,19000
2016-2,39069010,其他丙烯酸聚合物粒，初級狀態,香港,出口總值(含復出口),918,493025
2016-2,39069010,其他丙烯酸聚合物粒，初級狀態,哥倫比亞,出口總值(含復出口),18,18000
2016-2,39069010,其他丙烯酸聚合物粒，初級狀態,埃及,出口總值(含復出口),913,851200
2016-2,39069010,其他丙烯酸聚合物粒，初級狀態,泰國,進口總值(含復進口),52,24000
2016-2,39069010,其他丙烯酸聚合物粒，初級狀態,泰國,出口總值(含復出口),283,150055
2016-2,39069010,其他丙烯酸聚合物粒，初級狀態,秘魯,出口總值(含復出口),4,2000
2016-2,39069010,其他丙烯酸聚合物粒，初級狀態,紐西蘭,出口總值(含復出口),4,2000
2016-2,39069010,其他丙烯酸聚合物粒，初級狀態,馬來西亞,出口總值(含復出口),228,161080
2016-2,39069010,其他丙烯酸聚合物粒，初級狀態,荷蘭,出口總值(含復出口),11,5000
2016-2,39069010,其他丙烯酸聚合物粒，初級狀態,菲律賓,出口總值(含復出口),866,710485
2016-2,39069010,其他丙烯酸聚合物粒，初級狀態,越南,出口總值(含復出口),347,185736
2016-2,39069010,其他丙烯酸聚合物粒，初級狀態,愛爾蘭,出口總值(含復出口),109,54000
2016-2,39069010,其他丙烯酸聚合物粒，初級狀態,新加坡,進口總值(含復進口),310,123200
2016-2,39069010,其他丙烯酸聚合物粒，初級狀態,新加坡,出口總值(含復出口),144,95000
2016-2,39069010,其他丙烯酸聚合物粒，初級狀態,義大利,進口總值(含復進口),13,720
2016-2,39069010,其他丙烯酸聚合物粒，初級狀態,義大利,出口總值(含復出口),403,226000
2016-2,39069010,其他丙烯酸聚合物粒，初級狀態,德國,進口總值(含復進口),151,43490
2016-2,39069010,其他丙烯酸聚合物粒，初級狀態,德國,出口總值(含復出口),16,8000
2016-2,39069010,其他丙烯酸聚合物粒，初級狀態,墨西哥,出口總值(含復出口),593,540000
2016-2,39069010,其他丙烯酸聚合物粒，初級狀態,澳大利亞,出口總值(含復出口),97,56660
2016-2,39071000,聚縮醛，初級狀態,土耳其,出口總值(含復出口),345,272000
2016-2,39071000,聚縮醛，初級狀態,中國大陸,進口總值(含復進口),220,46000
2016-2,39071000,聚縮醛，初級狀態,中國大陸,出口總值(含復出口),4173,3207575
2016-2,39071000,聚縮醛，初級狀態,巴西,出口總值(含復出口),111,100000
2016-2,39071000,聚縮醛，初級狀態,日本,進口總值(含復進口),297,103344
2016-2,39071000,聚縮醛，初級狀態,日本,出口總值(含復出口),461,312000
2016-2,39071000,聚縮醛，初級狀態,比利時,出口總值(含復出口),152,126000
2016-2,39071000,聚縮醛，初級狀態,以色列,出口總值(含復出口),126,100000
2016-2,39071000,聚縮醛，初級狀態,伊朗,出口總值(含復出口),24,20000
2016-2,39071000,聚縮醛，初級狀態,印尼,出口總值(含復出口),162,78000
2016-2,39071000,聚縮醛，初級狀態,孟加拉,出口總值(含復出口),23,20000
2016-2,39071000,聚縮醛，初級狀態,俄羅斯,出口總值(含復出口),21,18000
2016-2,39071000,聚縮醛，初級狀態,南非,出口總值(含復出口),44,36000
2016-2,39071000,聚縮醛，初級狀態,南韓,進口總值(含復進口),151,107875
2016-2,39071000,聚縮醛，初級狀態,南韓,出口總值(含復出口),43,36000
2016-2,39071000,聚縮醛，初級狀態,美國,進口總值(含復進口),110,31001
2016-2,39071000,聚縮醛，初級狀態,美國,出口總值(含復出口),45,36000
2016-2,39071000,聚縮醛，初級狀態,香港,出口總值(含復出口),796,383975
2016-2,39071000,聚縮醛，初級狀態,泰國,進口總值(含復進口),287,193000
2016-2,39071000,聚縮醛，初級狀態,泰國,出口總值(含復出口),44,39300
2016-2,39071000,聚縮醛，初級狀態,馬來西亞,出口總值(含復出口),27,20100
2016-2,39071000,聚縮醛，初級狀態,荷蘭,進口總值(含復進口),173,42000
2016-2,39071000,聚縮醛，初級狀態,荷蘭,出口總值(含復出口),135,95673
2016-2,39071000,聚縮醛，初級狀態,菲律賓,出口總值(含復出口),199,80750
2016-2,39071000,聚縮醛，初級狀態,越南,出口總值(含復出口),82,50550
2016-2,39071000,聚縮醛，初級狀態,新加坡,進口總值(含復進口),2,13
2016-2,39071000,聚縮醛，初級狀態,義大利,出口總值(含復出口),42,36000
2016-2,39071000,聚縮醛，初級狀態,德國,進口總值(含復進口),26,4975
2016-2,39071000,聚縮醛，初級狀態,德國,出口總值(含復出口),238,186000
2016-2,39071000,聚縮醛，初級狀態,墨西哥,出口總值(含復出口),1,500
2016-2,39071000,聚縮醛，初級狀態,薩爾瓦多,出口總值(含復出口),23,18000
2016-3,39069010,其他丙烯酸聚合物粒，初級狀態,土耳其,出口總值(含復出口),1009,1241800
2016-3,39069010,其他丙烯酸聚合物粒，初級狀態,中國大陸,進口總值(含復進口),715,309141
2016-3,39069010,其他丙烯酸聚合物粒，初級狀態,中國大陸,出口總值(含復出口),8522,4248600
2016-3,39069010,其他丙烯酸聚合物粒，初級狀態,厄瓜多,出口總值(含復出口),38,32000
2016-3,39069010,其他丙烯酸聚合物粒，初級狀態,巴西,出口總值(含復出口),111,102000
2016-3,39069010,其他丙烯酸聚合物粒，初級狀態,巴基斯坦,出口總值(含復出口),190,146400
2016-3,39069010,其他丙烯酸聚合物粒，初級狀態,日本,進口總值(含復進口),1602,862743
2016-3,39069010,其他丙烯酸聚合物粒，初級狀態,日本,出口總值(含復出口),71,41828
2016-3,39069010,其他丙烯酸聚合物粒，初級狀態,比利時,進口總值(含復進口),2,40
2016-3,39069010,其他丙烯酸聚合物粒，初級狀態,比利時,出口總值(含復出口),10,5117
2016-3,39069010,其他丙烯酸聚合物粒，初級狀態,以色列,進口總值(含復進口),371,40000
2016-3,39069010,其他丙烯酸聚合物粒，初級狀態,以色列,出口總值(含復出口),2,1000
2016-3,39069010,其他丙烯酸聚合物粒，初級狀態,加拿大,出口總值(含復出口),37,15200
2016-3,39069010,其他丙烯酸聚合物粒，初級狀態,伊朗,出口總值(含復出口),461,379200
2016-3,39069010,其他丙烯酸聚合物粒，初級狀態,印尼,出口總值(含復出口),202,124830
2016-3,39069010,其他丙烯酸聚合物粒，初級狀態,印度,進口總值(含復進口),12,3275
2016-3,39069010,其他丙烯酸聚合物粒，初級狀態,印度,出口總值(含復出口),455,250156
2016-3,39069010,其他丙烯酸聚合物粒，初級狀態,沙烏地阿拉伯,出口總值(含復出口),603,435600
2016-3,39069010,其他丙烯酸聚合物粒，初級狀態,坦尚尼亞,出口總值(含復出口),27,19200
2016-3,39069010,其他丙烯酸聚合物粒，初級狀態,孟加拉,出口總值(含復出口),239,175660
2016-3,39069010,其他丙烯酸聚合物粒，初級狀態,波蘭,出口總值(含復出口),10,5000
2016-3,39069010,其他丙烯酸聚合物粒，初級狀態,法國,進口總值(含復進口),107,37000
2016-3,39069010,其他丙烯酸聚合物粒，初級狀態,阿拉伯聯合大公國,出口總值(含復出口),34,17000
2016-3,39069010,其他丙烯酸聚合物粒，初級狀態,阿根廷,出口總值(含復出口),166,170000
2016-3,39069010,其他丙烯酸聚合物粒，初級狀態,阿曼,出口總值(含復出口),23,16000
2016-3,39069010,其他丙烯酸聚合物粒，初級狀態,南非,出口總值(含復出口),326,262800
2016-3,39069010,其他丙烯酸聚合物粒，初級狀態,南韓,進口總值(含復進口),316,103720
2016-3,39069010,其他丙烯酸聚合物粒，初級狀態,南韓,出口總值(含復出口),160,65800
2016-3,39069010,其他丙烯酸聚合物粒，初級狀態,科威特,出口總值(含復出口),68,48000
2016-3,39069010,其他丙烯酸聚合物粒，初級狀態,美國,進口總值(含復進口),466,54865
2016-3,39069010,其他丙烯酸聚合物粒，初級狀態,美國,出口總值(含復出口),195,145000
2016-3,39069010,其他丙烯酸聚合物粒，初級狀態,英國,進口總值(含復進口),54,18900
2016-3,39069010,其他丙烯酸聚合物粒，初級狀態,英國,出口總值(含復出口),145,72375
2016-3,39069010,其他丙烯酸聚合物粒，初級狀態,香港,出口總值(含復出口),1394,644425
2016-3,39069010,其他丙烯酸聚合物粒，初級狀態,埃及,出口總值(含復出口),163,229200
2016-3,39069010,其他丙烯酸聚合物粒，初級狀態,泰國,進口總值(含復進口),61,27000
2016-3,39069010,其他丙烯酸聚合物粒，初級狀態,泰國,出口總值(含復出口),345,177400
2016-3,39069010,其他丙烯酸聚合物粒，初級狀態,烏拉圭,出口總值(含復出口),106,112000
2016-3,39069010,其他丙烯酸聚合物粒，初級狀態,紐西蘭,出口總值(含復出口),54,28200
2016-3,39069010,其他丙烯酸聚合物粒，初級狀態,馬來西亞,進口總值(含復進口),33,3500
2016-3,39069010,其他丙烯酸聚合物粒，初級狀態,馬來西亞,出口總值(含復出口),315,166120
2016-3,39069010,其他丙烯酸聚合物粒，初級狀態,荷蘭,進口總值(含復進口),10,1875
2016-3,39069010,其他丙烯酸聚合物粒，初級狀態,荷蘭,出口總值(含復出口),53,32400
2016-3,39069010,其他丙烯酸聚合物粒，初級狀態,斯洛維尼亞,出口總值(含復出口),4,2000
2016-3,39069010,其他丙烯酸聚合物粒，初級狀態,智利,出口總值(含復出口),63,32000
2016-3,39069010,其他丙烯酸聚合物粒，初級狀態,菲律賓,出口總值(含復出口),1213,1056000
2016-3,39069010,其他丙烯酸聚合物粒，初級狀態,越南,出口總值(含復出口),667,363845
2016-3,39069010,其他丙烯酸聚合物粒，初級狀態,愛爾蘭,出口總值(含復出口),73,36000
2016-3,39069010,其他丙烯酸聚合物粒，初級狀態,新加坡,進口總值(含復進口),206,101200
2016-3,39069010,其他丙烯酸聚合物粒，初級狀態,新加坡,出口總值(含復出口),185,111300
2016-3,39069010,其他丙烯酸聚合物粒，初級狀態,瑞典,進口總值(含復進口),3,50
2016-3,39069010,其他丙烯酸聚合物粒，初級狀態,義大利,進口總值(含復進口),23,1650
2016-3,39069010,其他丙烯酸聚合物粒，初級狀態,義大利,出口總值(含復出口),38,22000
2016-3,39069010,其他丙烯酸聚合物粒，初級狀態,德國,進口總值(含復進口),126,51002
2016-3,39069010,其他丙烯酸聚合物粒，初級狀態,德國,出口總值(含復出口),39,19000
2016-3,39069010,其他丙烯酸聚合物粒，初級狀態,黎巴嫩,出口總值(含復出口),6,3600
2016-3,39069010,其他丙烯酸聚合物粒，初級狀態,墨西哥,出口總值(含復出口),1453,1528000
2016-3,39069010,其他丙烯酸聚合物粒，初級狀態,澳大利亞,出口總值(含復出口),179,103040
2016-3,39069010,其他丙烯酸聚合物粒，初級狀態,澳門,出口總值(含復出口),10,3100
2016-3,39071000,聚縮醛，初級狀態,土耳其,出口總值(含復出口),293,240000
2016-3,39071000,聚縮醛，初級狀態,中國大陸,進口總值(含復進口),311,98310
2016-3,39071000,聚縮醛，初級狀態,中國大陸,出口總值(含復出口),4422,3211479
2016-3,39071000,聚縮醛，初級狀態,巴西,出口總值(含復出口),202,180000
2016-3,39071000,聚縮醛，初級狀態,日本,進口總值(含復進口),343,159389
2016-3,39071000,聚縮醛，初級狀態,日本,出口總值(含復出口),535,322300
2016-3,39071000,聚縮醛，初級狀態,比利時,出口總值(含復出口),216,180000
2016-3,39071000,聚縮醛，初級狀態,伊朗,出口總值(含復出口),200,174000
2016-3,39071000,聚縮醛，初級狀態,印尼,出口總值(含復出口),109,66000
2016-3,39071000,聚縮醛，初級狀態,孟加拉,出口總值(含復出口),77,65500
2016-3,39071000,聚縮醛，初級狀態,阿拉伯聯合大公國,出口總值(含復出口),42,36000
2016-3,39071000,聚縮醛，初級狀態,俄羅斯,出口總值(含復出口),93,78000
2016-3,39071000,聚縮醛，初級狀態,南韓,進口總值(含復進口),124,93900
2016-3,39071000,聚縮醛，初級狀態,南韓,出口總值(含復出口),52,38800
2016-3,39071000,聚縮醛，初級狀態,美國,進口總值(含復進口),128,28814
2016-3,39071000,聚縮醛，初級狀態,美國,出口總值(含復出口),23,18000
2016-3,39071000,聚縮醛，初級狀態,香港,出口總值(含復出口),1184,551100
2016-3,39071000,聚縮醛，初級狀態,埃及,出口總值(含復出口),27,20000
2016-3,39071000,聚縮醛，初級狀態,泰國,進口總值(含復進口),671,480000
2016-3,39071000,聚縮醛，初級狀態,泰國,出口總值(含復出口),51,42550
2016-3,39071000,聚縮醛，初級狀態,烏克蘭,出口總值(含復出口),24,20000
2016-3,39071000,聚縮醛，初級狀態,馬來西亞,進口總值(含復進口),205,150000
2016-3,39071000,聚縮醛，初級狀態,馬來西亞,出口總值(含復出口),76,36100
2016-3,39071000,聚縮醛，初級狀態,荷蘭,進口總值(含復進口),220,41000
2016-3,39071000,聚縮醛，初級狀態,荷蘭,出口總值(含復出口),171,144000
2016-3,39071000,聚縮醛，初級狀態,菲律賓,出口總值(含復出口),94,43525
2016-3,39071000,聚縮醛，初級狀態,越南,出口總值(含復出口),253,203025
2016-3,39071000,聚縮醛，初級狀態,新加坡,進口總值(含復進口),25,1902
2016-3,39071000,聚縮醛，初級狀態,義大利,出口總值(含復出口),192,162000
2016-3,39071000,聚縮醛，初級狀態,葡萄牙,出口總值(含復出口),22,18000
2016-3,39071000,聚縮醛，初級狀態,德國,進口總值(含復進口),55,39000
2016-3,39071000,聚縮醛，初級狀態,德國,出口總值(含復出口),193,162000
2016-3,39071000,聚縮醛，初級狀態,墨西哥,進口總值(含復進口),1,399
2016-3,39071000,聚縮醛，初級狀態,墨西哥,出口總值(含復出口),48,17000
2016-4,39069010,其他丙烯酸聚合物粒，初級狀態,土耳其,出口總值(含復出口),1074,1360000
2016-4,39069010,其他丙烯酸聚合物粒，初級狀態,中國大陸,進口總值(含復進口),585,271305
2016-4,39069010,其他丙烯酸聚合物粒，初級狀態,中國大陸,出口總值(含復出口),6297,3068808
2016-4,39069010,其他丙烯酸聚合物粒，初級狀態,厄瓜多,出口總值(含復出口),53,48000
2016-4,39069010,其他丙烯酸聚合物粒，初級狀態,巴西,出口總值(含復出口),42,40000
2016-4,39069010,其他丙烯酸聚合物粒，初級狀態,巴基斯坦,出口總值(含復出口),4,2000
2016-4,39069010,其他丙烯酸聚合物粒，初級狀態,日本,進口總值(含復進口),1679,801839
2016-4,39069010,其他丙烯酸聚合物粒，初級狀態,日本,出口總值(含復出口),78,37000
2016-4,39069010,其他丙烯酸聚合物粒，初級狀態,比利時,進口總值(含復進口),47,49508
2016-4,39069010,其他丙烯酸聚合物粒，初級狀態,以色列,進口總值(含復進口),244,26000
2016-4,39069010,其他丙烯酸聚合物粒，初級狀態,以色列,出口總值(含復出口),157,156000
2016-4,39069010,其他丙烯酸聚合物粒，初級狀態,加拿大,出口總值(含復出口),108,51200
2016-4,39069010,其他丙烯酸聚合物粒，初級狀態,伊拉克,出口總值(含復出口),22,20000
2016-4,39069010,其他丙烯酸聚合物粒，初級狀態,印尼,出口總值(含復出口),194,98840
2016-4,39069010,其他丙烯酸聚合物粒，初級狀態,印度,出口總值(含復出口),235,136250
2016-4,39069010,其他丙烯酸聚合物粒，初級狀態,多明尼加,出口總值(含復出口),11,1800
2016-4,39069010,其他丙烯酸聚合物粒，初級狀態,西班牙,出口總值(含復出口),19,11200
2016-4,39069010,其他丙烯酸聚合物粒，初級狀態,沙烏地阿拉伯,出口總值(含復出口),363,289200
2016-4,39069010,其他丙烯酸聚合物粒，初級狀態,孟加拉,出口總值(含復出口),82,57980
2016-4,39069010,其他丙烯酸聚合物粒，初級狀態,波蘭,出口總值(含復出口),2,1000
2016-4,39069010,其他丙烯酸聚合物粒，初級狀態,法國,出口總值(含復出口),17,9900
2016-4,39069010,其他丙烯酸聚合物粒，初級狀態,肯亞,出口總值(含復出口),28,19200
2016-4,39069010,其他丙烯酸聚合物粒，初級狀態,阿拉伯聯合大公國,出口總值(含復出口),229,166800
2016-4,39069010,其他丙烯酸聚合物粒，初級狀態,阿曼,出口總值(含復出口),21,16000
2016-4,39069010,其他丙烯酸聚合物粒，初級狀態,南非,出口總值(含復出口),352,310000
2016-4,39069010,其他丙烯酸聚合物粒，初級狀態,南韓,進口總值(含復進口),489,194430
2016-4,39069010,其他丙烯酸聚合物粒，初級狀態,南韓,出口總值(含復出口),313,319200
2016-4,39069010,其他丙烯酸聚合物粒，初級狀態,科威特,出口總值(含復出口),112,80000
2016-4,39069010,其他丙烯酸聚合物粒，初級狀態,美國,進口總值(含復進口),416,66379
2016-4,39069010,其他丙烯酸聚合物粒，初級狀態,美國,出口總值(含復出口),351,159280
2016-4,39069010,其他丙烯酸聚合物粒，初級狀態,英國,進口總值(含復進口),72,36000
2016-4,39069010,其他丙烯酸聚合物粒，初級狀態,英國,出口總值(含復出口),224,111000
2016-4,39069010,其他丙烯酸聚合物粒，初級狀態,香港,出口總值(含復出口),1498,780925
2016-4,39069010,其他丙烯酸聚合物粒，初級狀態,剛果民主共和國,出口總值(含復出口),35,20000
2016-4,39069010,其他丙烯酸聚合物粒，初級狀態,哥倫比亞,出口總值(含復出口),2,1000
2016-4,39069010,其他丙烯酸聚合物粒，初級狀態,埃及,出口總值(含復出口),258,368000
2016-4,39069010,其他丙烯酸聚合物粒，初級狀態,泰國,進口總值(含復進口),24,17000
2016-4,39069010,其他丙烯酸聚合物粒，初級狀態,泰國,出口總值(含復出口),392,197380
2016-4,39069010,其他丙烯酸聚合物粒，初級狀態,烏拉圭,出口總值(含復出口),115,128000
2016-4,39069010,其他丙烯酸聚合物粒，初級狀態,紐西蘭,出口總值(含復出口),49,25800
2016-4,39069010,其他丙烯酸聚合物粒，初級狀態,馬來西亞,出口總值(含復出口),76,52650
2016-4,39069010,其他丙烯酸聚合物粒，初級狀態,斯里蘭卡,出口總值(含復出口),3,1000
2016-4,39069010,其他丙烯酸聚合物粒，初級狀態,菲律賓,出口總值(含復出口),1171,1035580
2016-4,39069010,其他丙烯酸聚合物粒，初級狀態,越南,出口總值(含復出口),476,246203
2016-4,39069010,其他丙烯酸聚合物粒，初級狀態,愛爾蘭,出口總值(含復出口),110,54000
2016-4,39069010,其他丙烯酸聚合物粒，初級狀態,新加坡,進口總值(含復進口),203,83300
2016-4,39069010,其他丙烯酸聚合物粒，初級狀態,新加坡,出口總值(含復出口),227,141150
2016-4,39069010,其他丙烯酸聚合物粒，初級狀態,瑞士,進口總值(含復進口),14,92
2016-4,39069010,其他丙烯酸聚合物粒，初級狀態,義大利,出口總值(含復出口),138,74000
2016-4,39069010,其他丙烯酸聚合物粒，初級狀態,德國,進口總值(含復進口),259,49400
2016-4,39069010,其他丙烯酸聚合物粒，初級狀態,德國,出口總值(含復出口),16,8000
2016-4,39069010,其他丙烯酸聚合物粒，初級狀態,墨西哥,出口總值(含復出口),1535,1561600
2016-4,39069010,其他丙烯酸聚合物粒，初級狀態,澳大利亞,出口總值(含復出口),206,111080
2016-4,39071000,聚縮醛，初級狀態,土耳其,出口總值(含復出口),295,240000
2016-4,39071000,聚縮醛，初級狀態,中國大陸,進口總值(含復進口),123,37696
2016-4,39071000,聚縮醛，初級狀態,中國大陸,出口總值(含復出口),5231,3833825
2016-4,39071000,聚縮醛，初級狀態,丹麥,出口總值(含復出口),66,54000
2016-4,39071000,聚縮醛，初級狀態,巴西,出口總值(含復出口),131,118200
2016-4,39071000,聚縮醛，初級狀態,日本,進口總值(含復進口),398,142292
2016-4,39071000,聚縮醛，初級狀態,日本,出口總值(含復出口),817,521750
2016-4,39071000,聚縮醛，初級狀態,比利時,出口總值(含復出口),129,108000
2016-4,39071000,聚縮醛，初級狀態,以色列,出口總值(含復出口),23,18000
2016-4,39071000,聚縮醛，初級狀態,伊朗,出口總值(含復出口),50,40000
2016-4,39071000,聚縮醛，初級狀態,印尼,出口總值(含復出口),93,69000
2016-4,39071000,聚縮醛，初級狀態,孟加拉,出口總值(含復出口),89,80000
2016-4,39071000,聚縮醛，初級狀態,俄羅斯,出口總值(含復出口),71,60000
2016-4,39071000,聚縮醛，初級狀態,南非,出口總值(含復出口),42,36000
2016-4,39071000,聚縮醛，初級狀態,南韓,進口總值(含復進口),136,67535
2016-4,39071000,聚縮醛，初級狀態,南韓,出口總值(含復出口),63,54000
2016-4,39071000,聚縮醛，初級狀態,美國,進口總值(含復進口),360,105198
2016-4,39071000,聚縮醛，初級狀態,美國,出口總值(含復出口),21,18000
2016-4,39071000,聚縮醛，初級狀態,英國,出口總值(含復出口),43,36000
2016-4,39071000,聚縮醛，初級狀態,香港,出口總值(含復出口),1146,605325
2016-4,39071000,聚縮醛，初級狀態,埃及,出口總值(含復出口),27,20000
2016-4,39071000,聚縮醛，初級狀態,泰國,進口總值(含復進口),484,346000
2016-4,39071000,聚縮醛，初級狀態,泰國,出口總值(含復出口),32,23000
2016-4,39071000,聚縮醛，初級狀態,馬來西亞,進口總值(含復進口),99,88300
2016-4,39071000,聚縮醛，初級狀態,馬來西亞,出口總值(含復出口),39,25650
2016-4,39071000,聚縮醛，初級狀態,捷克,出口總值(含復出口),67,54000
2016-4,39071000,聚縮醛，初級狀態,敘利亞,出口總值(含復出口),27,20000
2016-4,39071000,聚縮醛，初級狀態,荷蘭,進口總值(含復進口),138,35000
2016-4,39071000,聚縮醛，初級狀態,荷蘭,出口總值(含復出口),126,88000
2016-4,39071000,聚縮醛，初級狀態,菲律賓,出口總值(含復出口),154,78125
2016-4,39071000,聚縮醛，初級狀態,越南,出口總值(含復出口),177,123340
2016-4,39071000,聚縮醛，初級狀態,新加坡,進口總值(含復進口),9,1049
2016-4,39071000,聚縮醛，初級狀態,義大利,出口總值(含復出口),415,348000
2016-4,39071000,聚縮醛，初級狀態,德國,進口總值(含復進口),158,112550
2016-4,39071000,聚縮醛，初級狀態,德國,出口總值(含復出口),162,138000
2016-4,39071000,聚縮醛，初級狀態,墨西哥,進口總值(含復進口),2,804
2016-4,39071000,聚縮醛，初級狀態,墨西哥,出口總值(含復出口),23,19000
2016-5,39069010,其他丙烯酸聚合物粒，初級狀態,土耳其,進口總值(含復進口),18,9000
2016-5,39069010,其他丙烯酸聚合物粒，初級狀態,土耳其,出口總值(含復出口),1207,1529500
2016-5,39069010,其他丙烯酸聚合物粒，初級狀態,中國大陸,進口總值(含復進口),871,410952
2016-5,39069010,其他丙烯酸聚合物粒，初級狀態,中國大陸,出口總值(含復出口),5845,3045682
2016-5,39069010,其他丙烯酸聚合物粒，初級狀態,中華民國,進口總值(含復進口),17,17020
2016-5,39069010,其他丙烯酸聚合物粒，初級狀態,厄瓜多,出口總值(含復出口),76,64000
2016-5,39069010,其他丙烯酸聚合物粒，初級狀態,巴西,出口總值(含復出口),177,162869
2016-5,39069010,其他丙烯酸聚合物粒，初級狀態,巴林,出口總值(含復出口),22,16000
2016-5,39069010,其他丙烯酸聚合物粒，初級狀態,巴基斯坦,出口總值(含復出口),26,13000
2016-5,39069010,其他丙烯酸聚合物粒，初級狀態,日本,進口總值(含復進口),1535,755790
2016-5,39069010,其他丙烯酸聚合物粒，初級狀態,日本,出口總值(含復出口),192,99378
2016-5,39069010,其他丙烯酸聚合物粒，初級狀態,比利時,進口總值(含復進口),53,11640
2016-5,39069010,其他丙烯酸聚合物粒，初級狀態,以色列,進口總值(含復進口),274,30000
2016-5,39069010,其他丙烯酸聚合物粒，初級狀態,以色列,出口總值(含復出口),190,173600
2016-5,39069010,其他丙烯酸聚合物粒，初級狀態,加拿大,出口總值(含復出口),134,55200
2016-5,39069010,其他丙烯酸聚合物粒，初級狀態,伊朗,出口總值(含復出口),159,135100
2016-5,39069010,其他丙烯酸聚合物粒，初級狀態,印尼,出口總值(含復出口),209,114181
2016-5,39069010,其他丙烯酸聚合物粒，初級狀態,印度,出口總值(含復出口),388,198898
2016-5,39069010,其他丙烯酸聚合物粒，初級狀態,西班牙,出口總值(含復出口),7,4000
2016-5,39069010,其他丙烯酸聚合物粒，初級狀態,沙烏地阿拉伯,出口總值(含復出口),513,442800
2016-5,39069010,其他丙烯酸聚合物粒，初級狀態,奈及利亞,出口總值(含復出口),39,28800
2016-5,39069010,其他丙烯酸聚合物粒，初級狀態,孟加拉,出口總值(含復出口),185,168760
2016-5,39069010,其他丙烯酸聚合物粒，初級狀態,波蘭,出口總值(含復出口),18,9000
2016-5,39069010,其他丙烯酸聚合物粒，初級狀態,法國,進口總值(含復進口),9,2000
2016-5,39069010,其他丙烯酸聚合物粒，初級狀態,阿拉伯聯合大公國,出口總值(含復出口),67,40400
2016-5,39069010,其他丙烯酸聚合物粒，初級狀態,阿根廷,出口總值(含復出口),207,220000
2016-5,39069010,其他丙烯酸聚合物粒，初級狀態,俄羅斯,出口總值(含復出口),12,6000
2016-5,39069010,其他丙烯酸聚合物粒，初級狀態,南非,出口總值(含復出口),194,194000
2016-5,39069010,其他丙烯酸聚合物粒，初級狀態,南韓,進口總值(含復進口),510,191925
2016-5,39069010,其他丙烯酸聚合物粒，初級狀態,南韓,出口總值(含復出口),217,78400
2016-5,39069010,其他丙烯酸聚合物粒，初級狀態,科威特,出口總值(含復出口),66,48000
2016-5,39069010,其他丙烯酸聚合物粒，初級狀態,美國,進口總值(含復進口),591,91000
2016-5,39069010,其他丙烯酸聚合物粒，初級狀態,美國,出口總值(含復出口),378,192650
2016-5,39069010,其他丙烯酸聚合物粒，初級狀態,英國,進口總值(含復進口),1,25
2016-5,39069010,其他丙烯酸聚合物粒，初級狀態,英國,出口總值(含復出口),38,19250
2016-5,39069010,其他丙烯酸聚合物粒，初級狀態,香港,出口總值(含復出口),1683,822675
2016-5,39069010,其他丙烯酸聚合物粒，初級狀態,哥倫比亞,出口總值(含復出口),174,181000
2016-5,39069010,其他丙烯酸聚合物粒，初級狀態,埃及,出口總值(含復出口),113,132800
2016-5,39069010,其他丙烯酸聚合物粒，初級狀態,泰國,進口總值(含復進口),34,21000
2016-5,39069010,其他丙烯酸聚合物粒，初級狀態,泰國,出口總值(含復出口),448,218580
2016-5,39069010,其他丙烯酸聚合物粒，初級狀態,秘魯,出口總值(含復出口),7,4500
2016-5,39069010,其他丙烯酸聚合物粒，初級狀態,紐西蘭,出口總值(含復出口),57,29400
2016-5,39069010,其他丙烯酸聚合物粒，初級狀態,馬來西亞,進口總值(含復進口),93,10000
2016-5,39069010,其他丙烯酸聚合物粒，初級狀態,馬來西亞,出口總值(含復出口),219,122710
2016-5,39069010,其他丙烯酸聚合物粒，初級狀態,荷蘭,進口總值(含復進口),20,3750
2016-5,39069010,其他丙烯酸聚合物粒，初級狀態,荷蘭,出口總值(含復出口),2,1000
2016-5,39069010,其他丙烯酸聚合物粒，初級狀態,斯洛維尼亞,出口總值(含復出口),12,6000
2016-5,39069010,其他丙烯酸聚合物粒，初級狀態,菲律賓,出口總值(含復出口),509,452680
2016-5,39069010,其他丙烯酸聚合物粒，初級狀態,越南,出口總值(含復出口),468,246025
2016-5,39069010,其他丙烯酸聚合物粒，初級狀態,愛爾蘭,出口總值(含復出口),71,36000
2016-5,39069010,其他丙烯酸聚合物粒，初級狀態,新加坡,進口總值(含復進口),588,249600
2016-5,39069010,其他丙烯酸聚合物粒，初級狀態,新加坡,出口總值(含復出口),150,91225
2016-5,39069010,其他丙烯酸聚合物粒，初級狀態,瑞士,進口總值(含復進口),5,50
2016-5,39069010,其他丙烯酸聚合物粒，初級狀態,瑞典,出口總值(含復出口),11,5625
2016-5,39069010,其他丙烯酸聚合物粒，初級狀態,義大利,出口總值(含復出口),166,93000
2016-5,39069010,其他丙烯酸聚合物粒，初級狀態,德國,進口總值(含復進口),93,33710
2016-5,39069010,其他丙烯酸聚合物粒，初級狀態,黎巴嫩,出口總值(含復出口),2,1400
2016-5,39069010,其他丙烯酸聚合物粒，初級狀態,墨西哥,出口總值(含復出口),1552,1652000
2016-5,39069010,其他丙烯酸聚合物粒，初級狀態,澳大利亞,進口總值(含復進口),0,10
2016-5,39069010,其他丙烯酸聚合物粒，初級狀態,澳大利亞,出口總值(含復出口),116,66960
2016-5,39071000,聚縮醛，初級狀態,土耳其,出口總值(含復出口),265,220000
2016-5,39071000,聚縮醛，初級狀態,中國大陸,進口總值(含復進口),162,53345
2016-5,39071000,聚縮醛，初級狀態,中國大陸,出口總值(含復出口),5116,3673800
2016-5,39071000,聚縮醛，初級狀態,中華民國,進口總值(含復進口),0,50
2016-5,39071000,聚縮醛，初級狀態,厄瓜多,出口總值(含復出口),10,7875
2016-5,39071000,聚縮醛，初級狀態,巴西,出口總值(含復出口),170,160000
2016-5,39071000,聚縮醛，初級狀態,日本,進口總值(含復進口),312,83416
2016-5,39071000,聚縮醛，初級狀態,日本,出口總值(含復出口),594,356500
2016-5,39071000,聚縮醛，初級狀態,比利時,出口總值(含復出口),87,72000
2016-5,39071000,聚縮醛，初級狀態,加拿大,出口總值(含復出口),21,18000
2016-5,39071000,聚縮醛，初級狀態,伊朗,出口總值(含復出口),304,260000
2016-5,39071000,聚縮醛，初級狀態,印尼,出口總值(含復出口),234,108000
2016-5,39071000,聚縮醛，初級狀態,孟加拉,出口總值(含復出口),45,41375
2016-5,39071000,聚縮醛，初級狀態,南韓,進口總值(含復進口),220,155375
2016-5,39071000,聚縮醛，初級狀態,南韓,出口總值(含復出口),43,36000
2016-5,39071000,聚縮醛，初級狀態,美國,進口總值(含復進口),244,81268
2016-5,39071000,聚縮醛，初級狀態,美國,出口總值(含復出口),46,36277
2016-5,39071000,聚縮醛，初級狀態,香港,出口總值(含復出口),1108,592625
2016-5,39071000,聚縮醛，初級狀態,埃及,出口總值(含復出口),51,40000
2016-5,39071000,聚縮醛，初級狀態,泰國,進口總值(含復進口),559,398000
2016-5,39071000,聚縮醛，初級狀態,泰國,出口總值(含復出口),44,39500
2016-5,39071000,聚縮醛，初級狀態,馬來西亞,進口總值(含復進口),286,200100
2016-5,39071000,聚縮醛，初級狀態,馬來西亞,出口總值(含復出口),30,12350
2016-5,39071000,聚縮醛，初級狀態,荷蘭,進口總值(含復進口),435,140569
2016-5,39071000,聚縮醛，初級狀態,菲律賓,出口總值(含復出口),5,3125
2016-5,39071000,聚縮醛，初級狀態,越南,出口總值(含復出口),184,145613
2016-5,39071000,聚縮醛，初級狀態,新加坡,進口總值(含復進口),25,1875
2016-5,39071000,聚縮醛，初級狀態,義大利,出口總值(含復出口),148,126000
2016-5,39071000,聚縮醛，初級狀態,德國,進口總值(含復進口),127,87650
2016-5,39071000,聚縮醛，初級狀態,德國,出口總值(含復出口),425,359550
2016-5,39071000,聚縮醛，初級狀態,墨西哥,出口總值(含復出口),57,20000
2016-5,39071000,聚縮醛，初級狀態,澳大利亞,出口總值(含復出口),23,18000
2016-6,39069010,其他丙烯酸聚合物粒，初級狀態,土耳其,進口總值(含復進口),35,18000
2016-6,39069010,其他丙烯酸聚合物粒，初級狀態,土耳其,出口總值(含復出口),760,991200
2016-6,39069010,其他丙烯酸聚合物粒，初級狀態,中國大陸,進口總值(含復進口),614,240521
2016-6,39069010,其他丙烯酸聚合物粒，初級狀態,中國大陸,出口總值(含復出口),5770,2816911
2016-6,39069010,其他丙烯酸聚合物粒，初級狀態,中華民國,進口總值(含復進口),104,48000
2016-6,39069010,其他丙烯酸聚合物粒，初級狀態,巴西,出口總值(含復出口),77,68000
2016-6,39069010,其他丙烯酸聚合物粒，初級狀態,巴基斯坦,出口總值(含復出口),172,142400
2016-6,39069010,其他丙烯酸聚合物粒，初級狀態,日本,進口總值(含復進口),1699,776116
2016-6,39069010,其他丙烯酸聚合物粒，初級狀態,日本,出口總值(含復出口),107,54950
2016-6,39069010,其他丙烯酸聚合物粒，初級狀態,比利時,進口總值(含復進口),105,5600
2016-6,39069010,其他丙烯酸聚合物粒，初級狀態,以色列,進口總值(含復進口),186,20000
2016-6,39069010,其他丙烯酸聚合物粒，初級狀態,以色列,出口總值(含復出口),132,144000
2016-6,39069010,其他丙烯酸聚合物粒，初級狀態,加拿大,出口總值(含復出口),64,26400
2016-6,39069010,其他丙烯酸聚合物粒，初級狀態,立陶宛,出口總值(含復出口),2,1000
2016-6,39069010,其他丙烯酸聚合物粒，初級狀態,伊朗,出口總值(含復出口),371,245500
2016-6,39069010,其他丙烯酸聚合物粒，初級狀態,印尼,出口總值(含復出口),74,38468
2016-6,39069010,其他丙烯酸聚合物粒，初級狀態,印度,出口總值(含復出口),438,274633
2016-6,39069010,其他丙烯酸聚合物粒，初級狀態,沙烏地阿拉伯,出口總值(含復出口),891,781200
2016-6,39069010,其他丙烯酸聚合物粒，初級狀態,孟加拉,出口總值(含復出口),176,122100
2016-6,39069010,其他丙烯酸聚合物粒，初級狀態,波蘭,出口總值(含復出口),4,2000
2016-6,39069010,其他丙烯酸聚合物粒，初級狀態,肯亞,出口總值(含復出口),2,1600
2016-6,39069010,其他丙烯酸聚合物粒，初級狀態,阿拉伯聯合大公國,出口總值(含復出口),250,173800
2016-6,39069010,其他丙烯酸聚合物粒，初級狀態,阿根廷,出口總值(含復出口),145,164000
2016-6,39069010,其他丙烯酸聚合物粒，初級狀態,阿曼,出口總值(含復出口),21,16000
2016-6,39069010,其他丙烯酸聚合物粒，初級狀態,俄羅斯,出口總值(含復出口),10,5000
2016-6,39069010,其他丙烯酸聚合物粒，初級狀態,南非,出口總值(含復出口),296,274000
2016-6,39069010,其他丙烯酸聚合物粒，初級狀態,南韓,進口總值(含復進口),542,222240
2016-6,39069010,其他丙烯酸聚合物粒，初級狀態,南韓,出口總值(含復出口),243,277795
2016-6,39069010,其他丙烯酸聚合物粒，初級狀態,科威特,出口總值(含復出口),67,48000
2016-6,39069010,其他丙烯酸聚合物粒，初級狀態,美國,進口總值(含復進口),379,53239
2016-6,39069010,其他丙烯酸聚合物粒，初級狀態,美國,出口總值(含復出口),527,270440
2016-6,39069010,其他丙烯酸聚合物粒，初級狀態,英國,出口總值(含復出口),32,16000
2016-6,39069010,其他丙烯酸聚合物粒，初級狀態,香港,出口總值(含復出口),1677,875642
2016-6,39069010,其他丙烯酸聚合物粒，初級狀態,哥倫比亞,出口總值(含復出口),4,2000
2016-6,39069010,其他丙烯酸聚合物粒，初級狀態,埃及,出口總值(含復出口),229,231800
2016-6,39069010,其他丙烯酸聚合物粒，初級狀態,泰國,進口總值(含復進口),107,49400
2016-6,39069010,其他丙烯酸聚合物粒，初級狀態,泰國,出口總值(含復出口),460,222100
2016-6,39069010,其他丙烯酸聚合物粒，初級狀態,烏拉圭,出口總值(含復出口),110,128000
2016-6,39069010,其他丙烯酸聚合物粒，初級狀態,紐西蘭,出口總值(含復出口),28,15475
2016-6,39069010,其他丙烯酸聚合物粒，初級狀態,馬來西亞,出口總值(含復出口),269,169000
2016-6,39069010,其他丙烯酸聚合物粒，初級狀態,荷蘭,進口總值(含復進口),105,27650
2016-6,39069010,其他丙烯酸聚合物粒，初級狀態,荷蘭,出口總值(含復出口),118,66400
2016-6,39069010,其他丙烯酸聚合物粒，初級狀態,菲律賓,出口總值(含復出口),1265,1146310
2016-6,39069010,其他丙烯酸聚合物粒，初級狀態,越南,出口總值(含復出口),607,333193
2016-6,39069010,其他丙烯酸聚合物粒，初級狀態,愛爾蘭,出口總值(含復出口),108,54000
2016-6,39069010,其他丙烯酸聚合物粒，初級狀態,新加坡,進口總值(含復進口),178,62800
2016-6,39069010,其他丙烯酸聚合物粒，初級狀態,新加坡,出口總值(含復出口),173,101200
2016-6,39069010,其他丙烯酸聚合物粒，初級狀態,瑞士,進口總值(含復進口),16,101
2016-6,39069010,其他丙烯酸聚合物粒，初級狀態,義大利,出口總值(含復出口),181,112000
2016-6,39069010,其他丙烯酸聚合物粒，初級狀態,德國,進口總值(含復進口),278,85321
2016-6,39069010,其他丙烯酸聚合物粒，初級狀態,德國,出口總值(含復出口),17,9000
2016-6,39069010,其他丙烯酸聚合物粒，初級狀態,黎巴嫩,出口總值(含復出口),4,2600
2016-6,39069010,其他丙烯酸聚合物粒，初級狀態,墨西哥,出口總值(含復出口),1561,1672000
2016-6,39069010,其他丙烯酸聚合物粒，初級狀態,澳大利亞,出口總值(含復出口),168,90370
2016-6,39071000,聚縮醛，初級狀態,中國大陸,進口總值(含復進口),228,47145
2016-6,39071000,聚縮醛，初級狀態,中國大陸,出口總值(含復出口),4583,3261234
2016-6,39071000,聚縮醛，初級狀態,中華民國,進口總值(含復進口),0,200
2016-6,39071000,聚縮醛，初級狀態,巴西,出口總值(含復出口),104,100000
2016-6,39071000,聚縮醛，初級狀態,日本,進口總值(含復進口),671,277735
2016-6,39071000,聚縮醛，初級狀態,日本,出口總值(含復出口),382,156000
2016-6,39071000,聚縮醛，初級狀態,比利時,進口總值(含復進口),24,2000
2016-6,39071000,聚縮醛，初級狀態,比利時,出口總值(含復出口),107,90000
2016-6,39071000,聚縮醛，初級狀態,伊朗,出口總值(含復出口),328,280000
2016-6,39071000,聚縮醛，初級狀態,印尼,出口總值(含復出口),168,80000
2016-6,39071000,聚縮醛，初級狀態,孟加拉,出口總值(含復出口),45,40000
2016-6,39071000,聚縮醛，初級狀態,法國,出口總值(含復出口),0,0
2016-6,39071000,聚縮醛，初級狀態,俄羅斯,出口總值(含復出口),70,60000
2016-6,39071000,聚縮醛，初級狀態,南非,出口總值(含復出口),42,36000
2016-6,39071000,聚縮醛，初級狀態,南韓,出口總值(含復出口),3,1000
2016-6,39071000,聚縮醛，初級狀態,美國,進口總值(含復進口),301,81882
2016-6,39071000,聚縮醛，初級狀態,美國,出口總值(含復出口),20,18000
2016-6,39071000,聚縮醛，初級狀態,香港,出口總值(含復出口),997,469639
2016-6,39071000,聚縮醛，初級狀態,泰國,進口總值(含復進口),435,302950
2016-6,39071000,聚縮醛，初級狀態,泰國,出口總值(含復出口),2,1000
2016-6,39071000,聚縮醛，初級狀態,烏克蘭,出口總值(含復出口),23,20000
2016-6,39071000,聚縮醛，初級狀態,馬來西亞,進口總值(含復進口),405,289313
2016-6,39071000,聚縮醛，初級狀態,馬來西亞,出口總值(含復出口),25,20725
2016-6,39071000,聚縮醛，初級狀態,捷克,出口總值(含復出口),90,72000
2016-6,39071000,聚縮醛，初級狀態,荷蘭,進口總值(含復進口),372,97000
2016-6,39071000,聚縮醛，初級狀態,荷蘭,出口總值(含復出口),43,36000
2016-6,39071000,聚縮醛，初級狀態,菲律賓,出口總值(含復出口),64,37850
2016-6,39071000,聚縮醛，初級狀態,越南,出口總值(含復出口),100,71600
2016-6,39071000,聚縮醛，初級狀態,新加坡,進口總值(含復進口),4,513
2016-6,39071000,聚縮醛，初級狀態,義大利,出口總值(含復出口),292,252000
2016-6,39071000,聚縮醛，初級狀態,德國,進口總值(含復進口),128,108000
2016-6,39071000,聚縮醛，初級狀態,德國,出口總值(含復出口),122,90000
2016-6,39071000,聚縮醛，初級狀態,墨西哥,出口總值(含復出口),74,47000
2016-7,39069010,其他丙烯酸聚合物粒，初級狀態,土耳其,出口總值(含復出口),617,848000
2016-7,39069010,其他丙烯酸聚合物粒，初級狀態,中國大陸,進口總值(含復進口),538,277518
2016-7,39069010,其他丙烯酸聚合物粒，初級狀態,中國大陸,出口總值(含復出口),7243,3558240
2016-7,39069010,其他丙烯酸聚合物粒，初級狀態,中華民國,進口總值(含復進口),3,2600
2016-7,39069010,其他丙烯酸聚合物粒，初級狀態,厄瓜多,出口總值(含復出口),36,32000
2016-7,39069010,其他丙烯酸聚合物粒，初級狀態,巴西,出口總值(含復出口),134,107958
2016-7,39069010,其他丙烯酸聚合物粒，初級狀態,巴基斯坦,出口總值(含復出口),222,186200
2016-7,39069010,其他丙烯酸聚合物粒，初級狀態,日本,進口總值(含復進口),1360,694679
2016-7,39069010,其他丙烯酸聚合物粒，初級狀態,日本,出口總值(含復出口),43,38400
2016-7,39069010,其他丙烯酸聚合物粒，初級狀態,比利時,進口總值(含復進口),74,4401
2016-7,39069010,其他丙烯酸聚合物粒，初級狀態,比利時,出口總值(含復出口),0,55
2016-7,39069010,其他丙烯酸聚合物粒，初級狀態,以色列,進口總值(含復進口),187,20000
2016-7,39069010,其他丙烯酸聚合物粒，初級狀態,以色列,出口總值(含復出口),160,159000
2016-7,39069010,其他丙烯酸聚合物粒，初級狀態,加拿大,出口總值(含復出口),73,33200
2016-7,39069010,其他丙烯酸聚合物粒，初級狀態,印尼,出口總值(含復出口),264,138218
2016-7,39069010,其他丙烯酸聚合物粒，初級狀態,印度,進口總值(含復進口),3,1500
2016-7,39069010,其他丙烯酸聚合物粒，初級狀態,印度,出口總值(含復出口),285,147700
2016-7,39069010,其他丙烯酸聚合物粒，初級狀態,沙烏地阿拉伯,出口總值(含復出口),260,155200
2016-7,39069010,其他丙烯酸聚合物粒，初級狀態,孟加拉,出口總值(含復出口),211,89540
2016-7,39069010,其他丙烯酸聚合物粒，初級狀態,波蘭,出口總值(含復出口),8,4000
2016-7,39069010,其他丙烯酸聚合物粒，初級狀態,法國,進口總值(含復進口),66,21750
2016-7,39069010,其他丙烯酸聚合物粒，初級狀態,阿拉伯聯合大公國,出口總值(含復出口),65,38000
2016-7,39069010,其他丙烯酸聚合物粒，初級狀態,阿根廷,出口總值(含復出口),169,200000
2016-7,39069010,其他丙烯酸聚合物粒，初級狀態,阿曼,出口總值(含復出口),22,16000
2016-7,39069010,其他丙烯酸聚合物粒，初級狀態,俄羅斯,進口總值(含復進口),3,150
2016-7,39069010,其他丙烯酸聚合物粒，初級狀態,俄羅斯,出口總值(含復出口),134,54000
2016-7,39069010,其他丙烯酸聚合物粒，初級狀態,南非,出口總值(含復出口),250,239800
2016-7,39069010,其他丙烯酸聚合物粒，初級狀態,南韓,進口總值(含復進口),382,146551
2016-7,39069010,其他丙烯酸聚合物粒，初級狀態,南韓,出口總值(含復出口),187,117200
2016-7,39069010,其他丙烯酸聚合物粒，初級狀態,約旦,出口總值(含復出口),150,204000
2016-7,39069010,其他丙烯酸聚合物粒，初級狀態,美國,進口總值(含復進口),217,12262
2016-7,39069010,其他丙烯酸聚合物粒，初級狀態,美國,出口總值(含復出口),206,104000
2016-7,39069010,其他丙烯酸聚合物粒，初級狀態,英國,進口總值(含復進口),33,9000
2016-7,39069010,其他丙烯酸聚合物粒，初級狀態,英國,出口總值(含復出口),179,90000
2016-7,39069010,其他丙烯酸聚合物粒，初級狀態,香港,出口總值(含復出口),2404,1181250
2016-7,39069010,其他丙烯酸聚合物粒，初級狀態,哥倫比亞,出口總值(含復出口),239,273000
2016-7,39069010,其他丙烯酸聚合物粒，初級狀態,埃及,出口總值(含復出口),392,544000
2016-7,39069010,其他丙烯酸聚合物粒，初級狀態,泰國,進口總值(含復進口),25,17000
2016-7,39069010,其他丙烯酸聚合物粒，初級狀態,泰國,出口總值(含復出口),256,129334
2016-7,39069010,其他丙烯酸聚合物粒，初級狀態,秘魯,出口總值(含復出口),3,1500
2016-7,39069010,其他丙烯酸聚合物粒，初級狀態,紐西蘭,出口總值(含復出口),3,1400
2016-7,39069010,其他丙烯酸聚合物粒，初級狀態,馬來西亞,出口總值(含復出口),179,135400
2016-7,39069010,其他丙烯酸聚合物粒，初級狀態,荷蘭,進口總值(含復進口),30,6250
2016-7,39069010,其他丙烯酸聚合物粒，初級狀態,荷蘭,出口總值(含復出口),4,2000
2016-7,39069010,其他丙烯酸聚合物粒，初級狀態,斯里蘭卡,出口總值(含復出口),8,2600
2016-7,39069010,其他丙烯酸聚合物粒，初級狀態,斯洛維尼亞,出口總值(含復出口),18,9000
2016-7,39069010,其他丙烯酸聚合物粒，初級狀態,智利,出口總值(含復出口),37,17000
2016-7,39069010,其他丙烯酸聚合物粒，初級狀態,菲律賓,出口總值(含復出口),489,452000
2016-7,39069010,其他丙烯酸聚合物粒，初級狀態,越南,進口總值(含復進口),3,150
2016-7,39069010,其他丙烯酸聚合物粒，初級狀態,越南,出口總值(含復出口),590,334424
2016-7,39069010,其他丙烯酸聚合物粒，初級狀態,愛爾蘭,出口總值(含復出口),107,54000
2016-7,39069010,其他丙烯酸聚合物粒，初級狀態,新加坡,進口總值(含復進口),277,124700
2016-7,39069010,其他丙烯酸聚合物粒，初級狀態,新加坡,出口總值(含復出口),198,109400
2016-7,39069010,其他丙烯酸聚合物粒，初級狀態,瑞典,進口總值(含復進口),3,50
2016-7,39069010,其他丙烯酸聚合物粒，初級狀態,義大利,進口總值(含復進口),23,1255
2016-7,39069010,其他丙烯酸聚合物粒，初級狀態,義大利,出口總值(含復出口),52,32000
2016-7,39069010,其他丙烯酸聚合物粒，初級狀態,德國,進口總值(含復進口),139,53200
2016-7,39069010,其他丙烯酸聚合物粒，初級狀態,德國,出口總值(含復出口),13,7000
2016-7,39069010,其他丙烯酸聚合物粒，初級狀態,墨西哥,出口總值(含復出口),1017,1152000
2016-7,39069010,其他丙烯酸聚合物粒，初級狀態,澳大利亞,出口總值(含復出口),251,135040
2016-7,39071000,聚縮醛，初級狀態,中國大陸,進口總值(含復進口),17,3360
2016-7,39071000,聚縮醛，初級狀態,中國大陸,出口總值(含復出口),5036,3558124
2016-7,39071000,聚縮醛，初級狀態,巴西,出口總值(含復出口),228,216000
2016-7,39071000,聚縮醛，初級狀態,日本,進口總值(含復進口),419,147886
2016-7,39071000,聚縮醛，初級狀態,日本,出口總值(含復出口),320,187825
2016-7,39071000,聚縮醛，初級狀態,比利時,出口總值(含復出口),234,198000
2016-7,39071000,聚縮醛，初級狀態,加拿大,出口總值(含復出口),20,18000
2016-7,39071000,聚縮醛，初級狀態,伊朗,出口總值(含復出口),379,312000
2016-7,39071000,聚縮醛，初級狀態,印尼,出口總值(含復出口),336,171000
2016-7,39071000,聚縮醛，初級狀態,印度,出口總值(含復出口),24,25000
2016-7,39071000,聚縮醛，初級狀態,西班牙,出口總值(含復出口),45,36000
2016-7,39071000,聚縮醛，初級狀態,俄羅斯,出口總值(含復出口),185,160000
2016-7,39071000,聚縮醛，初級狀態,南非,出口總值(含復出口),23,18000
2016-7,39071000,聚縮醛，初級狀態,南韓,進口總值(含復進口),50,36000
2016-7,39071000,聚縮醛，初級狀態,南韓,出口總值(含復出口),21,18000
2016-7,39071000,聚縮醛，初級狀態,美國,進口總值(含復進口),324,114640
2016-7,39071000,聚縮醛，初級狀態,美國,出口總值(含復出口),42,34000
2016-7,39071000,聚縮醛，初級狀態,英國,出口總值(含復出口),42,36000
2016-7,39071000,聚縮醛，初級狀態,香港,出口總值(含復出口),1519,739325
2016-7,39071000,聚縮醛，初級狀態,埃及,出口總值(含復出口),25,20000
2016-7,39071000,聚縮醛，初級狀態,泰國,進口總值(含復進口),277,199000
2016-7,39071000,聚縮醛，初級狀態,泰國,出口總值(含復出口),10,3500
2016-7,39071000,聚縮醛，初級狀態,馬來西亞,進口總值(含復進口),50,39238
2016-7,39071000,聚縮醛，初級狀態,馬來西亞,出口總值(含復出口),30,25947
2016-7,39071000,聚縮醛，初級狀態,馬爾他,出口總值(含復出口),22,18000
2016-7,39071000,聚縮醛，初級狀態,捷克,出口總值(含復出口),65,54000
2016-7,39071000,聚縮醛，初級狀態,荷蘭,進口總值(含復進口),148,37000
2016-7,39071000,聚縮醛，初級狀態,荷蘭,出口總值(含復出口),43,36000
2016-7,39071000,聚縮醛，初級狀態,菲律賓,出口總值(含復出口),313,138250
2016-7,39071000,聚縮醛，初級狀態,越南,出口總值(含復出口),233,166931
2016-7,39071000,聚縮醛，初級狀態,新加坡,進口總值(含復進口),4,504
2016-7,39071000,聚縮醛，初級狀態,義大利,出口總值(含復出口),25,21000
2016-7,39071000,聚縮醛，初級狀態,葡萄牙,出口總值(含復出口),21,18000
2016-7,39071000,聚縮醛，初級狀態,德國,進口總值(含復進口),155,94700
2016-7,39071000,聚縮醛，初級狀態,德國,出口總值(含復出口),204,174000
2016-7,39071000,聚縮醛，初級狀態,墨西哥,出口總值(含復出口),25,20000
2016-8,39069010,其他丙烯酸聚合物粒，初級狀態,土耳其,出口總值(含復出口),1689,2252000
2016-8,39069010,其他丙烯酸聚合物粒，初級狀態,中國大陸,進口總值(含復進口),766,397445
2016-8,39069010,其他丙烯酸聚合物粒，初級狀態,中國大陸,出口總值(含復出口),7930,4171095
2016-8,39069010,其他丙烯酸聚合物粒，初級狀態,厄瓜多,出口總值(含復出口),35,32000
2016-8,39069010,其他丙烯酸聚合物粒，初級狀態,巴西,出口總值(含復出口),87,83800
2016-8,39069010,其他丙烯酸聚合物粒，初級狀態,巴基斯坦,出口總值(含復出口),187,190800
2016-8,39069010,其他丙烯酸聚合物粒，初級狀態,日本,進口總值(含復進口),1916,875730
2016-8,39069010,其他丙烯酸聚合物粒，初級狀態,日本,出口總值(含復出口),123,63450
2016-8,39069010,其他丙烯酸聚合物粒，初級狀態,比利時,進口總值(含復進口),0,2
2016-8,39069010,其他丙烯酸聚合物粒，初級狀態,以色列,進口總值(含復進口),189,20000
2016-8,39069010,其他丙烯酸聚合物粒，初級狀態,以色列,出口總值(含復出口),80,85000
2016-8,39069010,其他丙烯酸聚合物粒，初級狀態,伊朗,出口總值(含復出口),360,340800
2016-8,39069010,其他丙烯酸聚合物粒，初級狀態,印尼,出口總值(含復出口),84,42515
2016-8,39069010,其他丙烯酸聚合物粒，初級狀態,印度,出口總值(含復出口),65,33700
2016-8,39069010,其他丙烯酸聚合物粒，初級狀態,沙烏地阿拉伯,出口總值(含復出口),257,153600
2016-8,39069010,其他丙烯酸聚合物粒，初級狀態,孟加拉,出口總值(含復出口),172,110160
2016-8,39069010,其他丙烯酸聚合物粒，初級狀態,波蘭,出口總值(含復出口),4,2000
2016-8,39069010,其他丙烯酸聚合物粒，初級狀態,法國,進口總值(含復進口),26,740
2016-8,39069010,其他丙烯酸聚合物粒，初級狀態,肯亞,出口總值(含復出口),28,19200
2016-8,39069010,其他丙烯酸聚合物粒，初級狀態,阿拉伯聯合大公國,出口總值(含復出口),121,73000
2016-8,39069010,其他丙烯酸聚合物粒，初級狀態,阿根廷,出口總值(含復出口),285,320000
2016-8,39069010,其他丙烯酸聚合物粒，初級狀態,俄羅斯,出口總值(含復出口),115,46000
2016-8,39069010,其他丙烯酸聚合物粒，初級狀態,南非,出口總值(含復出口),97,81300
2016-8,39069010,其他丙烯酸聚合物粒，初級狀態,南韓,進口總值(含復進口),367,146190
2016-8,39069010,其他丙烯酸聚合物粒，初級狀態,南韓,出口總值(含復出口),154,71700
2016-8,39069010,其他丙烯酸聚合物粒，初級狀態,約旦,出口總值(含復出口),234,336000
2016-8,39069010,其他丙烯酸聚合物粒，初級狀態,美國,進口總值(含復進口),516,98390
2016-8,39069010,其他丙烯酸聚合物粒，初級狀態,美國,出口總值(含復出口),428,209000
2016-8,39069010,其他丙烯酸聚合物粒，初級狀態,英國,進口總值(含復進口),34,18000
2016-8,39069010,其他丙烯酸聚合物粒，初級狀態,英國,出口總值(含復出口),84,42000
2016-8,39069010,其他丙烯酸聚合物粒，初級狀態,香港,出口總值(含復出口),1942,1047150
2016-8,39069010,其他丙烯酸聚合物粒，初級狀態,哥倫比亞,出口總值(含復出口),73,80000
2016-8,39069010,其他丙烯酸聚合物粒，初級狀態,埃及,出口總值(含復出口),177,240000
2016-8,39069010,其他丙烯酸聚合物粒，初級狀態,泰國,出口總值(含復出口),346,163430
2016-8,39069010,其他丙烯酸聚合物粒，初級狀態,紐西蘭,出口總值(含復出口),64,33200
2016-8,39069010,其他丙烯酸聚合物粒，初級狀態,馬來西亞,出口總值(含復出口),118,69300
2016-8,39069010,其他丙烯酸聚合物粒，初級狀態,荷蘭,進口總值(含復進口),113,32500
2016-8,39069010,其他丙烯酸聚合物粒，初級狀態,荷蘭,出口總值(含復出口),116,66800
2016-8,39069010,其他丙烯酸聚合物粒，初級狀態,斯里蘭卡,出口總值(含復出口),8,5000
2016-8,39069010,其他丙烯酸聚合物粒，初級狀態,斯洛維尼亞,出口總值(含復出口),7,4000
2016-8,39069010,其他丙烯酸聚合物粒，初級狀態,菲律賓,出口總值(含復出口),1824,1666290
2016-8,39069010,其他丙烯酸聚合物粒，初級狀態,越南,出口總值(含復出口),573,307870
2016-8,39069010,其他丙烯酸聚合物粒，初級狀態,愛爾蘭,出口總值(含復出口),105,54000
2016-8,39069010,其他丙烯酸聚合物粒，初級狀態,新加坡,進口總值(含復進口),270,91800
2016-8,39069010,其他丙烯酸聚合物粒，初級狀態,新加坡,出口總值(含復出口),67,39000
2016-8,39069010,其他丙烯酸聚合物粒，初級狀態,瑞士,進口總值(含復進口),14,60
2016-8,39069010,其他丙烯酸聚合物粒，初級狀態,義大利,進口總值(含復進口),14,800
2016-8,39069010,其他丙烯酸聚合物粒，初級狀態,義大利,出口總值(含復出口),83,46000
2016-8,39069010,其他丙烯酸聚合物粒，初級狀態,德國,進口總值(含復進口),308,81516
2016-8,39069010,其他丙烯酸聚合物粒，初級狀態,德國,出口總值(含復出口),4,3100
2016-8,39069010,其他丙烯酸聚合物粒，初級狀態,模里西斯,出口總值(含復出口),1,400
2016-8,39069010,其他丙烯酸聚合物粒，初級狀態,黎巴嫩,出口總值(含復出口),4,2400
2016-8,39069010,其他丙烯酸聚合物粒，初級狀態,墨西哥,出口總值(含復出口),841,965000
2016-8,39069010,其他丙烯酸聚合物粒，初級狀態,澳大利亞,出口總值(含復出口),97,57000
2016-8,39069010,其他丙烯酸聚合物粒，初級狀態,羅馬尼亞,進口總值(含復進口),0,1
2016-8,39071000,聚縮醛，初級狀態,土耳其,出口總值(含復出口),119,100000
2016-8,39071000,聚縮醛，初級狀態,中國大陸,進口總值(含復進口),158,31606
2016-8,39071000,聚縮醛，初級狀態,中國大陸,出口總值(含復出口),4776,3244438
2016-8,39071000,聚縮醛，初級狀態,中華民國,進口總值(含復進口),4,875
2016-8,39071000,聚縮醛，初級狀態,厄瓜多,出口總值(含復出口),13,10125
2016-8,39071000,聚縮醛，初級狀態,巴西,出口總值(含復出口),197,180000
2016-8,39071000,聚縮醛，初級狀態,日本,進口總值(含復進口),489,153127
2016-8,39071000,聚縮醛，初級狀態,日本,出口總值(含復出口),730,378850
2016-8,39071000,聚縮醛，初級狀態,比利時,出口總值(含復出口),43,36000
2016-8,39071000,聚縮醛，初級狀態,以色列,出口總值(含復出口),120,96000
2016-8,39071000,聚縮醛，初級狀態,伊朗,出口總值(含復出口),399,340000
2016-8,39071000,聚縮醛，初級狀態,印尼,出口總值(含復出口),189,123000
2016-8,39071000,聚縮醛，初級狀態,孟加拉,出口總值(含復出口),44,40000
2016-8,39071000,聚縮醛，初級狀態,俄羅斯,出口總值(含復出口),23,20000
2016-8,39071000,聚縮醛，初級狀態,南非,出口總值(含復出口),42,36000
2016-8,39071000,聚縮醛，初級狀態,南韓,進口總值(含復進口),58,35500
2016-8,39071000,聚縮醛，初級狀態,南韓,出口總值(含復出口),43,36000
2016-8,39071000,聚縮醛，初級狀態,美國,進口總值(含復進口),451,139275
2016-8,39071000,聚縮醛，初級狀態,美國,出口總值(含復出口),43,36000
2016-8,39071000,聚縮醛，初級狀態,英國,出口總值(含復出口),21,18000
2016-8,39071000,聚縮醛，初級狀態,香港,出口總值(含復出口),1162,571873
2016-8,39071000,聚縮醛，初級狀態,泰國,進口總值(含復進口),423,319600
2016-8,39071000,聚縮醛，初級狀態,泰國,出口總值(含復出口),12,4500
2016-8,39071000,聚縮醛，初級狀態,烏克蘭,出口總值(含復出口),52,40000
2016-8,39071000,聚縮醛，初級狀態,馬來西亞,進口總值(含復進口),559,554346
2016-8,39071000,聚縮醛，初級狀態,馬來西亞,出口總值(含復出口),49,17625
2016-8,39071000,聚縮醛，初級狀態,捷克,出口總值(含復出口),76,63000
2016-8,39071000,聚縮醛，初級狀態,荷蘭,進口總值(含復進口),49,7395
2016-8,39071000,聚縮醛，初級狀態,荷蘭,出口總值(含復出口),230,198000
2016-8,39071000,聚縮醛，初級狀態,斯洛維尼亞,出口總值(含復出口),21,18000
2016-8,39071000,聚縮醛，初級狀態,菲律賓,出口總值(含復出口),112,51150
2016-8,39071000,聚縮醛，初級狀態,越南,出口總值(含復出口),161,112717
2016-8,39071000,聚縮醛，初級狀態,新加坡,進口總值(含復進口),24,1808
2016-8,39071000,聚縮醛，初級狀態,新加坡,出口總值(含復出口),5,500
2016-8,39071000,聚縮醛，初級狀態,義大利,進口總值(含復進口),33,700
2016-8,39071000,聚縮醛，初級狀態,義大利,出口總值(含復出口),83,72000
2016-8,39071000,聚縮醛，初級狀態,德國,進口總值(含復進口),169,126000
2016-8,39071000,聚縮醛，初級狀態,德國,出口總值(含復出口),313,267000
2016-8,39071000,聚縮醛，初級狀態,墨西哥,出口總值(含復出口),46,16000
2016-9,39069010,其他丙烯酸聚合物粒，初級狀態,土耳其,進口總值(含復進口),18,9000
2016-9,39069010,其他丙烯酸聚合物粒，初級狀態,土耳其,出口總值(含復出口),2061,2760000
2016-9,39069010,其他丙烯酸聚合物粒，初級狀態,中國大陸,進口總值(含復進口),536,209520
2016-9,39069010,其他丙烯酸聚合物粒，初級狀態,中國大陸,出口總值(含復出口),7248,3798515
2016-9,39069010,其他丙烯酸聚合物粒，初級狀態,厄瓜多,出口總值(含復出口),55,52800
2016-9,39069010,其他丙烯酸聚合物粒，初級狀態,巴西,出口總值(含復出口),127,93387
2016-9,39069010,其他丙烯酸聚合物粒，初級狀態,巴基斯坦,出口總值(含復出口),204,162000
2016-9,39069010,其他丙烯酸聚合物粒，初級狀態,日本,進口總值(含復進口),1178,551143
2016-9,39069010,其他丙烯酸聚合物粒，初級狀態,日本,出口總值(含復出口),71,31675
2016-9,39069010,其他丙烯酸聚合物粒，初級狀態,比利時,出口總值(含復出口),0,40
2016-9,39069010,其他丙烯酸聚合物粒，初級狀態,以色列,進口總值(含復進口),186,20000
2016-9,39069010,其他丙烯酸聚合物粒，初級狀態,以色列,出口總值(含復出口),70,80000
2016-9,39069010,其他丙烯酸聚合物粒，初級狀態,加拿大,出口總值(含復出口),39,16400
2016-9,39069010,其他丙烯酸聚合物粒，初級狀態,伊朗,出口總值(含復出口),516,368200
2016-9,39069010,其他丙烯酸聚合物粒，初級狀態,印尼,出口總值(含復出口),70,42700
2016-9,39069010,其他丙烯酸聚合物粒，初級狀態,印度,出口總值(含復出口),174,114600
2016-9,39069010,其他丙烯酸聚合物粒，初級狀態,沙烏地阿拉伯,出口總值(含復出口),224,145400
2016-9,39069010,其他丙烯酸聚合物粒，初級狀態,孟加拉,出口總值(含復出口),140,96750
2016-9,39069010,其他丙烯酸聚合物粒，初級狀態,阿拉伯聯合大公國,出口總值(含復出口),52,25800
2016-9,39069010,其他丙烯酸聚合物粒，初級狀態,阿根廷,出口總值(含復出口),320,340000
2016-9,39069010,其他丙烯酸聚合物粒，初級狀態,阿曼,出口總值(含復出口),21,16000
2016-9,39069010,其他丙烯酸聚合物粒，初級狀態,俄羅斯,出口總值(含復出口),14,7000
2016-9,39069010,其他丙烯酸聚合物粒，初級狀態,南非,出口總值(含復出口),286,291800
2016-9,39069010,其他丙烯酸聚合物粒，初級狀態,南韓,進口總值(含復進口),226,103351
2016-9,39069010,其他丙烯酸聚合物粒，初級狀態,南韓,出口總值(含復出口),361,192000
2016-9,39069010,其他丙烯酸聚合物粒，初級狀態,約旦,出口總值(含復出口),340,496000
2016-9,39069010,其他丙烯酸聚合物粒，初級狀態,美國,進口總值(含復進口),517,73220
2016-9,39069010,其他丙烯酸聚合物粒，初級狀態,美國,出口總值(含復出口),215,112000
2016-9,39069010,其他丙烯酸聚合物粒，初級狀態,香港,出口總值(含復出口),889,460475
2016-9,39069010,其他丙烯酸聚合物粒，初級狀態,哥倫比亞,出口總值(含復出口),150,162000
2016-9,39069010,其他丙烯酸聚合物粒，初級狀態,埃及,出口總值(含復出口),217,263200
2016-9,39069010,其他丙烯酸聚合物粒，初級狀態,泰國,進口總值(含復進口),77,41000
2016-9,39069010,其他丙烯酸聚合物粒，初級狀態,泰國,出口總值(含復出口),244,121730
2016-9,39069010,其他丙烯酸聚合物粒，初級狀態,秘魯,出口總值(含復出口),4,2000
2016-9,39069010,其他丙烯酸聚合物粒，初級狀態,紐西蘭,出口總值(含復出口),48,25100
2016-9,39069010,其他丙烯酸聚合物粒，初級狀態,馬來西亞,進口總值(含復進口),93,10000
2016-9,39069010,其他丙烯酸聚合物粒，初級狀態,馬來西亞,出口總值(含復出口),219,148800
2016-9,39069010,其他丙烯酸聚合物粒，初級狀態,荷蘭,進口總值(含復進口),27,6250
2016-9,39069010,其他丙烯酸聚合物粒，初級狀態,荷蘭,出口總值(含復出口),35,18000
2016-9,39069010,其他丙烯酸聚合物粒，初級狀態,斯里蘭卡,出口總值(含復出口),0,150
2016-9,39069010,其他丙烯酸聚合物粒，初級狀態,斯洛維尼亞,出口總值(含復出口),14,7000
2016-9,39069010,其他丙烯酸聚合物粒，初級狀態,智利,出口總值(含復出口),19,16000
2016-9,39069010,其他丙烯酸聚合物粒，初級狀態,菲律賓,出口總值(含復出口),467,448660
2016-9,39069010,其他丙烯酸聚合物粒，初級狀態,越南,出口總值(含復出口),562,315372
2016-9,39069010,其他丙烯酸聚合物粒，初級狀態,新加坡,進口總值(含復進口),72,42000
2016-9,39069010,其他丙烯酸聚合物粒，初級狀態,新加坡,出口總值(含復出口),114,72800
2016-9,39069010,其他丙烯酸聚合物粒，初級狀態,瑞士,進口總值(含復進口),13,63
2016-9,39069010,其他丙烯酸聚合物粒，初級狀態,瑞典,出口總值(含復出口),18,9000
2016-9,39069010,其他丙烯酸聚合物粒，初級狀態,德國,進口總值(含復進口),64,17174
2016-9,39069010,其他丙烯酸聚合物粒，初級狀態,德國,出口總值(含復出口),12,6000
2016-9,39069010,其他丙烯酸聚合物粒，初級狀態,黎巴嫩,出口總值(含復出口),6,3400
2016-9,39069010,其他丙烯酸聚合物粒，初級狀態,墨西哥,出口總值(含復出口),1014,1156000
2016-9,39069010,其他丙烯酸聚合物粒，初級狀態,澳大利亞,出口總值(含復出口),90,48530
2016-9,39071000,聚縮醛，初級狀態,中國大陸,進口總值(含復進口),185,37100
2016-9,39071000,聚縮醛，初級狀態,中國大陸,出口總值(含復出口),3712,2643700
2016-9,39071000,聚縮醛，初級狀態,巴西,出口總值(含復出口),198,180000
2016-9,39071000,聚縮醛，初級狀態,日本,進口總值(含復進口),449,157095
2016-9,39071000,聚縮醛，初級狀態,日本,出口總值(含復出口),481,234000
2016-9,39071000,聚縮醛，初級狀態,比利時,出口總值(含復出口),146,126000
2016-9,39071000,聚縮醛，初級狀態,伊朗,出口總值(含復出口),114,100000
2016-9,39071000,聚縮醛，初級狀態,印尼,出口總值(含復出口),181,117750
2016-9,39071000,聚縮醛，初級狀態,孟加拉,出口總值(含復出口),22,20000
2016-9,39071000,聚縮醛，初級狀態,阿拉伯聯合大公國,出口總值(含復出口),21,18000
2016-9,39071000,聚縮醛，初級狀態,俄羅斯,出口總值(含復出口),68,60000
2016-9,39071000,聚縮醛，初級狀態,南韓,進口總值(含復進口),81,53875
2016-9,39071000,聚縮醛，初級狀態,南韓,出口總值(含復出口),43,36000
2016-9,39071000,聚縮醛，初級狀態,美國,進口總值(含復進口),152,61800
2016-9,39071000,聚縮醛，初級狀態,香港,出口總值(含復出口),800,415600
2016-9,39071000,聚縮醛，初級狀態,泰國,進口總值(含復進口),410,292000
2016-9,39071000,聚縮醛，初級狀態,泰國,出口總值(含復出口),38,25000
2016-9,39071000,聚縮醛，初級狀態,馬來西亞,進口總值(含復進口),38,16000
2016-9,39071000,聚縮醛，初級狀態,馬來西亞,出口總值(含復出口),156,126370
2016-9,39071000,聚縮醛，初級狀態,捷克,出口總值(含復出口),75,60000
2016-9,39071000,聚縮醛，初級狀態,荷蘭,進口總值(含復進口),110,26000
2016-9,39071000,聚縮醛，初級狀態,荷蘭,出口總值(含復出口),146,113000
2016-9,39071000,聚縮醛，初級狀態,菲律賓,出口總值(含復出口),120,57000
2016-9,39071000,聚縮醛，初級狀態,越南,出口總值(含復出口),270,182600
2016-9,39071000,聚縮醛，初級狀態,新加坡,進口總值(含復進口),13,991
2016-9,39071000,聚縮醛，初級狀態,義大利,出口總值(含復出口),217,186000
2016-9,39071000,聚縮醛，初級狀態,德國,進口總值(含復進口),40,30575
2016-9,39071000,聚縮醛，初級狀態,德國,出口總值(含復出口),291,252000
2016-9,39071000,聚縮醛，初級狀態,墨西哥,出口總值(含復出口),47,17000
2016-10,39069010,其他丙烯酸聚合物粒，初級狀態,土耳其,出口總值(含復出口),561,693000
2016-10,39069010,其他丙烯酸聚合物粒，初級狀態,中國大陸,進口總值(含復進口),705,280350
2016-10,39069010,其他丙烯酸聚合物粒，初級狀態,中國大陸,出口總值(含復出口),9493,4616779
2016-10,39069010,其他丙烯酸聚合物粒，初級狀態,厄瓜多,出口總值(含復出口),333,304000
2016-10,39069010,其他丙烯酸聚合物粒，初級狀態,巴西,出口總值(含復出口),82,80100
2016-10,39069010,其他丙烯酸聚合物粒，初級狀態,巴基斯坦,出口總值(含復出口),297,318400
2016-10,39069010,其他丙烯酸聚合物粒，初級狀態,日本,進口總值(含復進口),1174,515132
2016-10,39069010,其他丙烯酸聚合物粒，初級狀態,日本,出口總值(含復出口),147,77300
2016-10,39069010,其他丙烯酸聚合物粒，初級狀態,比利時,進口總值(含復進口),146,25085
2016-10,39069010,其他丙烯酸聚合物粒，初級狀態,以色列,進口總值(含復進口),462,50000
2016-10,39069010,其他丙烯酸聚合物粒，初級狀態,以色列,出口總值(含復出口),86,79000
2016-10,39069010,其他丙烯酸聚合物粒，初級狀態,加拿大,出口總值(含復出口),69,32000
2016-10,39069010,其他丙烯酸聚合物粒，初級狀態,伊朗,出口總值(含復出口),127,120000
2016-10,39069010,其他丙烯酸聚合物粒，初級狀態,印尼,出口總值(含復出口),164,85610
2016-10,39069010,其他丙烯酸聚合物粒，初級狀態,印度,出口總值(含復出口),239,142100
2016-10,39069010,其他丙烯酸聚合物粒，初級狀態,沙烏地阿拉伯,出口總值(含復出口),276,234200
2016-10,39069010,其他丙烯酸聚合物粒，初級狀態,坦尚尼亞,出口總值(含復出口),28,19200
2016-10,39069010,其他丙烯酸聚合物粒，初級狀態,孟加拉,出口總值(含復出口),109,63000
2016-10,39069010,其他丙烯酸聚合物粒，初級狀態,波蘭,出口總值(含復出口),6,3000
2016-10,39069010,其他丙烯酸聚合物粒，初級狀態,法國,進口總值(含復進口),61,15360
2016-10,39069010,其他丙烯酸聚合物粒，初級狀態,肯亞,出口總值(含復出口),29,19200
2016-10,39069010,其他丙烯酸聚合物粒，初級狀態,阿拉伯聯合大公國,出口總值(含復出口),132,94294
2016-10,39069010,其他丙烯酸聚合物粒，初級狀態,阿根廷,出口總值(含復出口),320,320000
2016-10,39069010,其他丙烯酸聚合物粒，初級狀態,保加利亞,出口總值(含復出口),3,150
2016-10,39069010,其他丙烯酸聚合物粒，初級狀態,俄羅斯,出口總值(含復出口),133,54000
2016-10,39069010,其他丙烯酸聚合物粒，初級狀態,南非,出口總值(含復出口),167,188400
2016-10,39069010,其他丙烯酸聚合物粒，初級狀態,南韓,進口總值(含復進口),539,215190
2016-10,39069010,其他丙烯酸聚合物粒，初級狀態,南韓,出口總值(含復出口),1095,509200
2016-10,39069010,其他丙烯酸聚合物粒，初級狀態,約旦,出口總值(含復出口),19,12000
2016-10,39069010,其他丙烯酸聚合物粒，初級狀態,美國,進口總值(含復進口),326,38020
2016-10,39069010,其他丙烯酸聚合物粒，初級狀態,美國,出口總值(含復出口),224,113190
2016-10,39069010,其他丙烯酸聚合物粒，初級狀態,香港,出口總值(含復出口),1281,619475
2016-10,39069010,其他丙烯酸聚合物粒，初級狀態,哥倫比亞,出口總值(含復出口),79,82000
2016-10,39069010,其他丙烯酸聚合物粒，初級狀態,埃及,出口總值(含復出口),186,240000
2016-10,39069010,其他丙烯酸聚合物粒，初級狀態,泰國,出口總值(含復出口),244,129300
2016-10,39069010,其他丙烯酸聚合物粒，初級狀態,紐西蘭,出口總值(含復出口),61,32800
2016-10,39069010,其他丙烯酸聚合物粒，初級狀態,馬來西亞,出口總值(含復出口),135,68780
2016-10,39069010,其他丙烯酸聚合物粒，初級狀態,荷蘭,進口總值(含復進口),60,15250
2016-10,39069010,其他丙烯酸聚合物粒，初級狀態,荷蘭,出口總值(含復出口),112,56000
2016-10,39069010,其他丙烯酸聚合物粒，初級狀態,斯里蘭卡,出口總值(含復出口),32,16000
2016-10,39069010,其他丙烯酸聚合物粒，初級狀態,斯洛維尼亞,出口總值(含復出口),10,5000
2016-10,39069010,其他丙烯酸聚合物粒，初級狀態,智利,出口總值(含復出口),21,10000
2016-10,39069010,其他丙烯酸聚合物粒，初級狀態,菲律賓,出口總值(含復出口),543,486240
2016-10,39069010,其他丙烯酸聚合物粒，初級狀態,越南,出口總值(含復出口),702,362990
2016-10,39069010,其他丙烯酸聚合物粒，初級狀態,新加坡,進口總值(含復進口),518,210000
2016-10,39069010,其他丙烯酸聚合物粒，初級狀態,新加坡,出口總值(含復出口),190,110790
2016-10,39069010,其他丙烯酸聚合物粒，初級狀態,瑞士,進口總值(含復進口),10,82
2016-10,39069010,其他丙烯酸聚合物粒，初級狀態,瑞典,出口總值(含復出口),9,4500
2016-10,39069010,其他丙烯酸聚合物粒，初級狀態,義大利,出口總值(含復出口),75,39151
2016-10,39069010,其他丙烯酸聚合物粒，初級狀態,德國,進口總值(含復進口),225,50680
2016-10,39069010,其他丙烯酸聚合物粒，初級狀態,黎巴嫩,出口總值(含復出口),24,32000
2016-10,39069010,其他丙烯酸聚合物粒，初級狀態,墨西哥,出口總值(含復出口),1080,1329600
2016-10,39069010,其他丙烯酸聚合物粒，初級狀態,澳大利亞,出口總值(含復出口),189,97740
2016-10,39071000,聚縮醛，初級狀態,中國大陸,進口總值(含復進口),21,20061
2016-10,39071000,聚縮醛，初級狀態,中國大陸,出口總值(含復出口),5936,4265720
2016-10,39071000,聚縮醛，初級狀態,中華民國,進口總值(含復進口),1,600
2016-10,39071000,聚縮醛，初級狀態,巴西,出口總值(含復出口),44,40000
2016-10,39071000,聚縮醛，初級狀態,日本,進口總值(含復進口),454,125999
2016-10,39071000,聚縮醛，初級狀態,日本,出口總值(含復出口),420,136000
2016-10,39071000,聚縮醛，初級狀態,比利時,出口總值(含復出口),42,36000
2016-10,39071000,聚縮醛，初級狀態,以色列,出口總值(含復出口),23,18000
2016-10,39071000,聚縮醛，初級狀態,加拿大,出口總值(含復出口),22,18000
2016-10,39071000,聚縮醛，初級狀態,立陶宛,出口總值(含復出口),23,20000
2016-10,39071000,聚縮醛，初級狀態,伊朗,出口總值(含復出口),101,52000
2016-10,39071000,聚縮醛，初級狀態,印尼,出口總值(含復出口),115,51000
2016-10,39071000,聚縮醛，初級狀態,孟加拉,出口總值(含復出口),23,20000
2016-10,39071000,聚縮醛，初級狀態,俄羅斯,出口總值(含復出口),71,60000
2016-10,39071000,聚縮醛，初級狀態,南非,出口總值(含復出口),47,36000
2016-10,39071000,聚縮醛，初級狀態,南韓,進口總值(含復進口),103,52000
2016-10,39071000,聚縮醛，初級狀態,南韓,出口總值(含復出口),43,36000
2016-10,39071000,聚縮醛，初級狀態,突尼西亞,出口總值(含復出口),21,18000
2016-10,39071000,聚縮醛，初級狀態,美國,進口總值(含復進口),362,110775
2016-10,39071000,聚縮醛，初級狀態,美國,出口總值(含復出口),21,18000
2016-10,39071000,聚縮醛，初級狀態,英國,出口總值(含復出口),21,18000
2016-10,39071000,聚縮醛，初級狀態,香港,出口總值(含復出口),1201,539800
2016-10,39071000,聚縮醛，初級狀態,泰國,進口總值(含復進口),419,300925
2016-10,39071000,聚縮醛，初級狀態,泰國,出口總值(含復出口),55,31000
2016-10,39071000,聚縮醛，初級狀態,烏克蘭,出口總值(含復出口),26,20000
2016-10,39071000,聚縮醛，初級狀態,馬來西亞,進口總值(含復進口),143,98534
2016-10,39071000,聚縮醛，初級狀態,馬來西亞,出口總值(含復出口),194,149480
2016-10,39071000,聚縮醛，初級狀態,捷克,出口總值(含復出口),24,18000
2016-10,39071000,聚縮醛，初級狀態,荷蘭,進口總值(含復進口),119,40750
2016-10,39071000,聚縮醛，初級狀態,荷蘭,出口總值(含復出口),227,58500
2016-10,39071000,聚縮醛，初級狀態,菲律賓,出口總值(含復出口),21,12350
2016-10,39071000,聚縮醛，初級狀態,越南,出口總值(含復出口),404,281515
2016-10,39071000,聚縮醛，初級狀態,義大利,進口總值(含復進口),4,15
2016-10,39071000,聚縮醛，初級狀態,義大利,出口總值(含復出口),272,234000
2016-10,39071000,聚縮醛，初級狀態,德國,進口總值(含復進口),132,95150
2016-10,39071000,聚縮醛，初級狀態,德國,出口總值(含復出口),45,39000
2016-10,39071000,聚縮醛，初級狀態,墨西哥,出口總值(含復出口),90,32000
2016-10,39071000,聚縮醛，初級狀態,澳大利亞,出口總值(含復出口),23,18000
2016-11,39069010,其他丙烯酸聚合物粒，初級狀態,土耳其,進口總值(含復進口),18,9000
2016-11,39069010,其他丙烯酸聚合物粒，初級狀態,土耳其,出口總值(含復出口),2557,3256000
2016-11,39069010,其他丙烯酸聚合物粒，初級狀態,中國大陸,進口總值(含復進口),610,275296
2016-11,39069010,其他丙烯酸聚合物粒，初級狀態,中國大陸,出口總值(含復出口),6639,3197475
2016-11,39069010,其他丙烯酸聚合物粒，初級狀態,中華民國,進口總值(含復進口),24,14400
2016-11,39069010,其他丙烯酸聚合物粒，初級狀態,丹麥,進口總值(含復進口),0,8
2016-11,39069010,其他丙烯酸聚合物粒，初級狀態,厄瓜多,出口總值(含復出口),294,272000
2016-11,39069010,其他丙烯酸聚合物粒，初級狀態,巴西,出口總值(含復出口),115,100000
2016-11,39069010,其他丙烯酸聚合物粒，初級狀態,巴基斯坦,出口總值(含復出口),183,101800
2016-11,39069010,其他丙烯酸聚合物粒，初級狀態,日本,進口總值(含復進口),1756,949990
2016-11,39069010,其他丙烯酸聚合物粒，初級狀態,日本,出口總值(含復出口),108,59850
2016-11,39069010,其他丙烯酸聚合物粒，初級狀態,比利時,進口總值(含復進口),80,4480
2016-11,39069010,其他丙烯酸聚合物粒，初級狀態,比利時,出口總值(含復出口),2,1030
2016-11,39069010,其他丙烯酸聚合物粒，初級狀態,以色列,出口總值(含復出口),128,145000
2016-11,39069010,其他丙烯酸聚合物粒，初級狀態,加拿大,進口總值(含復進口),0,0
2016-11,39069010,其他丙烯酸聚合物粒，初級狀態,加拿大,出口總值(含復出口),91,37200
2016-11,39069010,其他丙烯酸聚合物粒，初級狀態,伊朗,出口總值(含復出口),444,346200
2016-11,39069010,其他丙烯酸聚合物粒，初級狀態,印尼,出口總值(含復出口),171,77186
2016-11,39069010,其他丙烯酸聚合物粒，初級狀態,印度,出口總值(含復出口),92,64440
2016-11,39069010,其他丙烯酸聚合物粒，初級狀態,西班牙,出口總值(含復出口),18,8000
2016-11,39069010,其他丙烯酸聚合物粒，初級狀態,沙烏地阿拉伯,出口總值(含復出口),459,576000
2016-11,39069010,其他丙烯酸聚合物粒，初級狀態,奈及利亞,出口總值(含復出口),30,22400
2016-11,39069010,其他丙烯酸聚合物粒，初級狀態,孟加拉,出口總值(含復出口),161,119130
2016-11,39069010,其他丙烯酸聚合物粒，初級狀態,法國,進口總值(含復進口),17,6100
2016-11,39069010,其他丙烯酸聚合物粒，初級狀態,肯亞,出口總值(含復出口),29,19200
2016-11,39069010,其他丙烯酸聚合物粒，初級狀態,阿拉伯聯合大公國,出口總值(含復出口),85,54300
2016-11,39069010,其他丙烯酸聚合物粒，初級狀態,阿根廷,出口總值(含復出口),146,160000
2016-11,39069010,其他丙烯酸聚合物粒，初級狀態,南非,出口總值(含復出口),219,232000
2016-11,39069010,其他丙烯酸聚合物粒，初級狀態,南韓,進口總值(含復進口),328,138681
2016-11,39069010,其他丙烯酸聚合物粒，初級狀態,南韓,出口總值(含復出口),800,380784
2016-11,39069010,其他丙烯酸聚合物粒，初級狀態,科威特,出口總值(含復出口),44,32000
2016-11,39069010,其他丙烯酸聚合物粒，初級狀態,約旦,出口總值(含復出口),19,12000
2016-11,39069010,其他丙烯酸聚合物粒，初級狀態,美國,進口總值(含復進口),412,84548
2016-11,39069010,其他丙烯酸聚合物粒，初級狀態,美國,出口總值(含復出口),417,208000
2016-11,39069010,其他丙烯酸聚合物粒，初級狀態,英國,進口總值(含復進口),127,48700
2016-11,39069010,其他丙烯酸聚合物粒，初級狀態,英國,出口總值(含復出口),116,56250
2016-11,39069010,其他丙烯酸聚合物粒，初級狀態,香港,出口總值(含復出口),1354,722814
2016-11,39069010,其他丙烯酸聚合物粒，初級狀態,哥倫比亞,出口總值(含復出口),76,80000
2016-11,39069010,其他丙烯酸聚合物粒，初級狀態,埃及,出口總值(含復出口),265,352000
2016-11,39069010,其他丙烯酸聚合物粒，初級狀態,泰國,出口總值(含復出口),412,206000
2016-11,39069010,其他丙烯酸聚合物粒，初級狀態,紐西蘭,出口總值(含復出口),7,3600
2016-11,39069010,其他丙烯酸聚合物粒，初級狀態,馬來西亞,出口總值(含復出口),259,168000
2016-11,39069010,其他丙烯酸聚合物粒，初級狀態,荷蘭,進口總值(含復進口),132,49875
2016-11,39069010,其他丙烯酸聚合物粒，初級狀態,荷蘭,出口總值(含復出口),75,36000
2016-11,39069010,其他丙烯酸聚合物粒，初級狀態,菲律賓,出口總值(含復出口),595,563000
2016-11,39069010,其他丙烯酸聚合物粒，初級狀態,越南,出口總值(含復出口),707,392510
2016-11,39069010,其他丙烯酸聚合物粒，初級狀態,新加坡,進口總值(含復進口),301,104500
2016-11,39069010,其他丙烯酸聚合物粒，初級狀態,新加坡,出口總值(含復出口),84,47800
2016-11,39069010,其他丙烯酸聚合物粒，初級狀態,瑞士,進口總值(含復進口),6,22
2016-11,39069010,其他丙烯酸聚合物粒，初級狀態,義大利,進口總值(含復進口),15,800
2016-11,39069010,其他丙烯酸聚合物粒，初級狀態,德國,進口總值(含復進口),186,47900
2016-11,39069010,其他丙烯酸聚合物粒，初級狀態,德國,出口總值(含復出口),2,400
2016-11,39069010,其他丙烯酸聚合物粒，初級狀態,黎巴嫩,出口總值(含復出口),146,181200
2016-11,39069010,其他丙烯酸聚合物粒，初級狀態,墨西哥,出口總值(含復出口),1213,1436000
2016-11,39069010,其他丙烯酸聚合物粒，初級狀態,澳大利亞,出口總值(含復出口),144,75920
2016-11,39071000,聚縮醛，初級狀態,土耳其,出口總值(含復出口),142,120000
2016-11,39071000,聚縮醛，初級狀態,中國大陸,進口總值(含復進口),199,52175
2016-11,39071000,聚縮醛，初級狀態,中國大陸,出口總值(含復出口),5404,3802885
2016-11,39071000,聚縮醛，初級狀態,中華民國,進口總值(含復進口),13,8025
2016-11,39071000,聚縮醛，初級狀態,巴西,出口總值(含復出口),23,20000
2016-11,39071000,聚縮醛，初級狀態,日本,進口總值(含復進口),471,155871
2016-11,39071000,聚縮醛，初級狀態,日本,出口總值(含復出口),526,182925
2016-11,39071000,聚縮醛，初級狀態,比利時,進口總值(含復進口),0,25
2016-11,39071000,聚縮醛，初級狀態,比利時,出口總值(含復出口),41,36000
2016-11,39071000,聚縮醛，初級狀態,以色列,出口總值(含復出口),50,40000
2016-11,39071000,聚縮醛，初級狀態,加拿大,出口總值(含復出口),25,20250
2016-11,39071000,聚縮醛，初級狀態,伊朗,出口總值(含復出口),47,40000
2016-11,39071000,聚縮醛，初級狀態,印尼,出口總值(含復出口),318,156000
2016-11,39071000,聚縮醛，初級狀態,孟加拉,出口總值(含復出口),23,20000
2016-11,39071000,聚縮醛，初級狀態,芬蘭,出口總值(含復出口),22,18000
2016-11,39071000,聚縮醛，初級狀態,俄羅斯,出口總值(含復出口),69,60000
2016-11,39071000,聚縮醛，初級狀態,南非,出口總值(含復出口),24,18000
2016-11,39071000,聚縮醛，初級狀態,南韓,進口總值(含復進口),124,70000
2016-11,39071000,聚縮醛，初級狀態,南韓,出口總值(含復出口),43,36000
2016-11,39071000,聚縮醛，初級狀態,哈薩克,出口總值(含復出口),24,20000
2016-11,39071000,聚縮醛，初級狀態,美國,進口總值(含復進口),267,84547
2016-11,39071000,聚縮醛，初級狀態,美國,出口總值(含復出口),57,40000
2016-11,39071000,聚縮醛，初級狀態,英國,進口總值(含復進口),4,540
2016-11,39071000,聚縮醛，初級狀態,英國,出口總值(含復出口),21,18000
2016-11,39071000,聚縮醛，初級狀態,香港,出口總值(含復出口),699,324525
2016-11,39071000,聚縮醛，初級狀態,埃及,出口總值(含復出口),25,20000
2016-11,39071000,聚縮醛，初級狀態,泰國,進口總值(含復進口),579,411500
2016-11,39071000,聚縮醛，初級狀態,泰國,出口總值(含復出口),39,25000
2016-11,39071000,聚縮醛，初級狀態,烏克蘭,出口總值(含復出口),26,20000
2016-11,39071000,聚縮醛，初級狀態,馬來西亞,進口總值(含復進口),106,89092
2016-11,39071000,聚縮醛，初級狀態,馬來西亞,出口總值(含復出口),41,25075
2016-11,39071000,聚縮醛，初級狀態,敘利亞,出口總值(含復出口),27,20000
2016-11,39071000,聚縮醛，初級狀態,荷蘭,進口總值(含復進口),255,76550
2016-11,39071000,聚縮醛，初級狀態,荷蘭,出口總值(含復出口),62,54000
2016-11,39071000,聚縮醛，初級狀態,菲律賓,出口總值(含復出口),283,126775
2016-11,39071000,聚縮醛，初級狀態,越南,出口總值(含復出口),105,61525
2016-11,39071000,聚縮醛，初級狀態,新加坡,進口總值(含復進口),4,494
2016-11,39071000,聚縮醛，初級狀態,義大利,出口總值(含復出口),62,54000
2016-11,39071000,聚縮醛，初級狀態,德國,進口總值(含復進口),83,59200
2016-11,39071000,聚縮醛，初級狀態,德國,出口總值(含復出口),187,162000
2016-11,39071000,聚縮醛，初級狀態,墨西哥,出口總值(含復出口),9,3700
2016-12,39069010,其他丙烯酸聚合物粒，初級狀態,土耳其,進口總值(含復進口),17,9000
2016-12,39069010,其他丙烯酸聚合物粒，初級狀態,土耳其,出口總值(含復出口),3089,3420250
2016-12,39069010,其他丙烯酸聚合物粒，初級狀態,中國大陸,進口總值(含復進口),1036,484805
2016-12,39069010,其他丙烯酸聚合物粒，初級狀態,中國大陸,出口總值(含復出口),6722,3222878
2016-12,39069010,其他丙烯酸聚合物粒，初級狀態,丹麥,進口總值(含復進口),0,3
2016-12,39069010,其他丙烯酸聚合物粒，初級狀態,厄瓜多,出口總值(含復出口),330,304000
2016-12,39069010,其他丙烯酸聚合物粒，初級狀態,巴西,出口總值(含復出口),164,160000
2016-12,39069010,其他丙烯酸聚合物粒，初級狀態,巴基斯坦,出口總值(含復出口),304,308400
2016-12,39069010,其他丙烯酸聚合物粒，初級狀態,日本,進口總值(含復進口),1506,658670
2016-12,39069010,其他丙烯酸聚合物粒，初級狀態,日本,出口總值(含復出口),157,87617
2016-12,39069010,其他丙烯酸聚合物粒，初級狀態,比利時,進口總值(含復進口),0,6
2016-12,39069010,其他丙烯酸聚合物粒，初級狀態,比利時,出口總值(含復出口),0,79
2016-12,39069010,其他丙烯酸聚合物粒，初級狀態,以色列,進口總值(含復進口),187,20000
2016-12,39069010,其他丙烯酸聚合物粒，初級狀態,以色列,出口總值(含復出口),160,170000
2016-12,39069010,其他丙烯酸聚合物粒，初級狀態,加拿大,進口總值(含復進口),1,1
2016-12,39069010,其他丙烯酸聚合物粒，初級狀態,加拿大,出口總值(含復出口),37,15200
2016-12,39069010,其他丙烯酸聚合物粒，初級狀態,伊朗,出口總值(含復出口),355,320000
2016-12,39069010,其他丙烯酸聚合物粒，初級狀態,印尼,出口總值(含復出口),149,76500
2016-12,39069010,其他丙烯酸聚合物粒，初級狀態,印度,出口總值(含復出口),110,50960
2016-12,39069010,其他丙烯酸聚合物粒，初級狀態,西班牙,出口總值(含復出口),4,2000
2016-12,39069010,其他丙烯酸聚合物粒，初級狀態,沙烏地阿拉伯,出口總值(含復出口),161,95200
2016-12,39069010,其他丙烯酸聚合物粒，初級狀態,孟加拉,出口總值(含復出口),175,100120
2016-12,39069010,其他丙烯酸聚合物粒，初級狀態,阿拉伯聯合大公國,出口總值(含復出口),224,154400
2016-12,39069010,其他丙烯酸聚合物粒，初級狀態,阿爾及利亞,出口總值(含復出口),19,20000
2016-12,39069010,其他丙烯酸聚合物粒，初級狀態,南非,出口總值(含復出口),260,247800
2016-12,39069010,其他丙烯酸聚合物粒，初級狀態,南韓,進口總值(含復進口),302,127711
2016-12,39069010,其他丙烯酸聚合物粒，初級狀態,南韓,出口總值(含復出口),1092,508300
2016-12,39069010,其他丙烯酸聚合物粒，初級狀態,美國,進口總值(含復進口),489,47767
2016-12,39069010,其他丙烯酸聚合物粒，初級狀態,美國,出口總值(含復出口),462,248320
2016-12,39069010,其他丙烯酸聚合物粒，初級狀態,英國,出口總值(含復出口),196,94250
2016-12,39069010,其他丙烯酸聚合物粒，初級狀態,香港,出口總值(含復出口),970,465750
2016-12,39069010,其他丙烯酸聚合物粒，初級狀態,哥倫比亞,出口總值(含復出口),161,148000
2016-12,39069010,其他丙烯酸聚合物粒，初級狀態,埃及,出口總值(含復出口),369,383225
2016-12,39069010,其他丙烯酸聚合物粒，初級狀態,泰國,進口總值(含復進口),50,34000
2016-12,39069010,其他丙烯酸聚合物粒，初級狀態,泰國,出口總值(含復出口),193,100800
2016-12,39069010,其他丙烯酸聚合物粒，初級狀態,紐西蘭,出口總值(含復出口),105,57200
2016-12,39069010,其他丙烯酸聚合物粒，初級狀態,馬來西亞,進口總值(含復進口),92,10000
2016-12,39069010,其他丙烯酸聚合物粒，初級狀態,馬來西亞,出口總值(含復出口),148,100900
2016-12,39069010,其他丙烯酸聚合物粒，初級狀態,荷蘭,進口總值(含復進口),83,15625
2016-12,39069010,其他丙烯酸聚合物粒，初級狀態,荷蘭,出口總值(含復出口),103,54400
2016-12,39069010,其他丙烯酸聚合物粒，初級狀態,菲律賓,出口總值(含復出口),588,524540
2016-12,39069010,其他丙烯酸聚合物粒，初級狀態,越南,出口總值(含復出口),672,378286
2016-12,39069010,其他丙烯酸聚合物粒，初級狀態,愛爾蘭,出口總值(含復出口),226,108000
2016-12,39069010,其他丙烯酸聚合物粒，初級狀態,新加坡,進口總值(含復進口),226,75200
2016-12,39069010,其他丙烯酸聚合物粒，初級狀態,新加坡,出口總值(含復出口),127,80000
2016-12,39069010,其他丙烯酸聚合物粒，初級狀態,瑞士,進口總值(含復進口),7,62
2016-12,39069010,其他丙烯酸聚合物粒，初級狀態,義大利,出口總值(含復出口),106,56000
2016-12,39069010,其他丙烯酸聚合物粒，初級狀態,德國,進口總值(含復進口),196,50315
2016-12,39069010,其他丙烯酸聚合物粒，初級狀態,德國,出口總值(含復出口),23,12000
2016-12,39069010,其他丙烯酸聚合物粒，初級狀態,墨西哥,出口總值(含復出口),1104,1281700
2016-12,39069010,其他丙烯酸聚合物粒，初級狀態,澳大利亞,出口總值(含復出口),187,104390
2016-12,39071000,聚縮醛，初級狀態,中國大陸,進口總值(含復進口),171,28245
2016-12,39071000,聚縮醛，初級狀態,中國大陸,出口總值(含復出口),5078,3558295
2016-12,39071000,聚縮醛，初級狀態,丹麥,出口總值(含復出口),65,54000
2016-12,39071000,聚縮醛，初級狀態,日本,進口總值(含復進口),469,120951
2016-12,39071000,聚縮醛，初級狀態,日本,出口總值(含復出口),540,212100
2016-12,39071000,聚縮醛，初級狀態,比利時,出口總值(含復出口),168,144000
2016-12,39071000,聚縮醛，初級狀態,伊朗,出口總值(含復出口),176,160000
2016-12,39071000,聚縮醛，初級狀態,印尼,出口總值(含復出口),194,100000
2016-12,39071000,聚縮醛，初級狀態,孟加拉,出口總值(含復出口),23,20000
2016-12,39071000,聚縮醛，初級狀態,俄羅斯,出口總值(含復出口),140,120000
2016-12,39071000,聚縮醛，初級狀態,南非,出口總值(含復出口),22,18000
2016-12,39071000,聚縮醛，初級狀態,南韓,進口總值(含復進口),28,17750
2016-12,39071000,聚縮醛，初級狀態,南韓,出口總值(含復出口),68,55000
2016-12,39071000,聚縮醛，初級狀態,美國,進口總值(含復進口),161,64040
2016-12,39071000,聚縮醛，初級狀態,美國,出口總值(含復出口),66,52375
2016-12,39071000,聚縮醛，初級狀態,英國,出口總值(含復出口),42,36000
2016-12,39071000,聚縮醛，初級狀態,香港,出口總值(含復出口),1027,489000
2016-12,39071000,聚縮醛，初級狀態,埃及,出口總值(含復出口),25,20000
2016-12,39071000,聚縮醛，初級狀態,泰國,進口總值(含復進口),351,246000
2016-12,39071000,聚縮醛，初級狀態,泰國,出口總值(含復出口),18,6550
2016-12,39071000,聚縮醛，初級狀態,馬來西亞,進口總值(含復進口),48,19000
2016-12,39071000,聚縮醛，初級狀態,馬來西亞,出口總值(含復出口),55,32700
2016-12,39071000,聚縮醛，初級狀態,捷克,出口總值(含復出口),26,21000
2016-12,39071000,聚縮醛，初級狀態,荷蘭,進口總值(含復進口),161,31000
2016-12,39071000,聚縮醛，初級狀態,荷蘭,出口總值(含復出口),42,36000
2016-12,39071000,聚縮醛，初級狀態,越南,出口總值(含復出口),105,57575
2016-12,39071000,聚縮醛，初級狀態,新加坡,進口總值(含復進口),4,522
2016-12,39071000,聚縮醛，初級狀態,義大利,出口總值(含復出口),124,111000
2016-12,39071000,聚縮醛，初級狀態,德國,進口總值(含復進口),81,59500
2016-12,39071000,聚縮醛，初級狀態,德國,出口總值(含復出口),103,90000
2016-12,39071000,聚縮醛，初級狀態,墨西哥,進口總值(含復進口),0,25
2016-12,39071000,聚縮醛，初級狀態,墨西哥,出口總值(含復出口),25,19500
2016-12,39071000,聚縮醛，初級狀態,薩爾瓦多,出口總值(含復出口),23,18000
2016-1,39073010,丙二酚型環氧樹脂,土耳其,出口總值(含復出口),315,179280
2016-1,39073010,丙二酚型環氧樹脂,中國大陸,進口總值(含復進口),126,62050
2016-1,39073010,丙二酚型環氧樹脂,中國大陸,出口總值(含復出口),3773,1532203
2016-1,39073010,丙二酚型環氧樹脂,中華民國,進口總值(含復進口),44,15865
2016-1,39073010,丙二酚型環氧樹脂,巴西,出口總值(含復出口),180,115760
2016-1,39073010,丙二酚型環氧樹脂,巴林,出口總值(含復出口),41,26400
2016-1,39073010,丙二酚型環氧樹脂,巴基斯坦,出口總值(含復出口),29,17500
2016-1,39073010,丙二酚型環氧樹脂,日本,進口總值(含復進口),102,5639
2016-1,39073010,丙二酚型環氧樹脂,日本,出口總值(含復出口),2345,1274015
2016-1,39073010,丙二酚型環氧樹脂,比利時,出口總值(含復出口),407,194390
2016-1,39073010,丙二酚型環氧樹脂,加拿大,出口總值(含復出口),29,17600
2016-1,39073010,丙二酚型環氧樹脂,卡達,出口總值(含復出口),106,70400
2016-1,39073010,丙二酚型環氧樹脂,伊朗,出口總值(含復出口),52,33600
2016-1,39073010,丙二酚型環氧樹脂,印尼,出口總值(含復出口),254,149300
2016-1,39073010,丙二酚型環氧樹脂,印度,出口總值(含復出口),511,312140
2016-1,39073010,丙二酚型環氧樹脂,多明尼加,出口總值(含復出口),85,52800
2016-1,39073010,丙二酚型環氧樹脂,西班牙,出口總值(含復出口),30,17600
2016-1,39073010,丙二酚型環氧樹脂,阿拉伯聯合大公國,出口總值(含復出口),375,246400
2016-1,39073010,丙二酚型環氧樹脂,阿曼,出口總值(含復出口),64,35200
2016-1,39073010,丙二酚型環氧樹脂,俄羅斯,出口總值(含復出口),27,17600
2016-1,39073010,丙二酚型環氧樹脂,南非,出口總值(含復出口),27,15280
2016-1,39073010,丙二酚型環氧樹脂,南韓,進口總值(含復進口),167,42000
2016-1,39073010,丙二酚型環氧樹脂,南韓,出口總值(含復出口),320,198400
2016-1,39073010,丙二酚型環氧樹脂,美國,進口總值(含復進口),197,56793
2016-1,39073010,丙二酚型環氧樹脂,美國,出口總值(含復出口),947,545520
2016-1,39073010,丙二酚型環氧樹脂,英國,進口總值(含復進口),19,513
2016-1,39073010,丙二酚型環氧樹脂,英國,出口總值(含復出口),155,84780
2016-1,39073010,丙二酚型環氧樹脂,香港,出口總值(含復出口),34,17500
2016-1,39073010,丙二酚型環氧樹脂,泰國,出口總值(含復出口),80,43170
2016-1,39073010,丙二酚型環氧樹脂,紐西蘭,出口總值(含復出口),17,8000
2016-1,39073010,丙二酚型環氧樹脂,馬來西亞,進口總值(含復進口),45,12000
2016-1,39073010,丙二酚型環氧樹脂,馬來西亞,出口總值(含復出口),1601,994210
2016-1,39073010,丙二酚型環氧樹脂,荷蘭,進口總值(含復進口),55,25200
2016-1,39073010,丙二酚型環氧樹脂,荷蘭,出口總值(含復出口),110,72150
2016-1,39073010,丙二酚型環氧樹脂,菲律賓,出口總值(含復出口),259,163600
2016-1,39073010,丙二酚型環氧樹脂,越南,出口總值(含復出口),400,241232
2016-1,39073010,丙二酚型環氧樹脂,奧地利,出口總值(含復出口),62,35000
2016-1,39073010,丙二酚型環氧樹脂,新加坡,出口總值(含復出口),575,350035
2016-1,39073010,丙二酚型環氧樹脂,義大利,出口總值(含復出口),532,309490
2016-1,39073010,丙二酚型環氧樹脂,葡萄牙,出口總值(含復出口),179,113500
2016-1,39073010,丙二酚型環氧樹脂,德國,進口總值(含復進口),10,1005
2016-1,39073010,丙二酚型環氧樹脂,德國,出口總值(含復出口),285,164800
2016-1,39073010,丙二酚型環氧樹脂,墨西哥,出口總值(含復出口),197,110320
2016-1,39073010,丙二酚型環氧樹脂,澳大利亞,出口總值(含復出口),297,153340
2016-1,39073010,丙二酚型環氧樹脂,澳門,出口總值(含復出口),366,178420
2016-1,39073010,丙二酚型環氧樹脂,羅馬尼亞,出口總值(含復出口),26,17600
2016-1,39074000,聚碳酸樹脂，初級狀態,中國大陸,進口總值(含復進口),6184,2368490
2016-1,39074000,聚碳酸樹脂，初級狀態,中國大陸,出口總值(含復出口),31424,14240425
2016-1,39074000,聚碳酸樹脂，初級狀態,中華民國,進口總值(含復進口),191,55680
2016-1,39074000,聚碳酸樹脂，初級狀態,厄瓜多,出口總值(含復出口),83,36000
2016-1,39074000,聚碳酸樹脂，初級狀態,巴西,進口總值(含復進口),37,23554
2016-1,39074000,聚碳酸樹脂，初級狀態,巴西,出口總值(含復出口),144,65425
2016-1,39074000,聚碳酸樹脂，初級狀態,巴基斯坦,出口總值(含復出口),76,28700
2016-1,39074000,聚碳酸樹脂，初級狀態,日本,進口總值(含復進口),6057,1432973
2016-1,39074000,聚碳酸樹脂，初級狀態,日本,出口總值(含復出口),2024,1050938
2016-1,39074000,聚碳酸樹脂，初級狀態,比利時,進口總值(含復進口),327,163163
2016-1,39074000,聚碳酸樹脂，初級狀態,比利時,出口總值(含復出口),29,12000
2016-1,39074000,聚碳酸樹脂，初級狀態,以色列,出口總值(含復出口),73,37000
2016-1,39074000,聚碳酸樹脂，初級狀態,加拿大,進口總值(含復進口),7,1000
2016-1,39074000,聚碳酸樹脂，初級狀態,伊朗,出口總值(含復出口),241,104000
2016-1,39074000,聚碳酸樹脂，初級狀態,印尼,出口總值(含復出口),325,151500
2016-1,39074000,聚碳酸樹脂，初級狀態,西班牙,進口總值(含復進口),401,162207
2016-1,39074000,聚碳酸樹脂，初級狀態,西班牙,出口總值(含復出口),54,10923
2016-1,39074000,聚碳酸樹脂，初級狀態,沙烏地阿拉伯,進口總值(含復進口),6616,3689375
2016-1,39074000,聚碳酸樹脂，初級狀態,孟加拉,出口總值(含復出口),65,30000
2016-1,39074000,聚碳酸樹脂，初級狀態,波蘭,進口總值(含復進口),0,1
2016-1,39074000,聚碳酸樹脂，初級狀態,波蘭,出口總值(含復出口),59,26000
2016-1,39074000,聚碳酸樹脂，初級狀態,法國,出口總值(含復出口),14,5000
2016-1,39074000,聚碳酸樹脂，初級狀態,阿拉伯聯合大公國,出口總值(含復出口),9,4000
2016-1,39074000,聚碳酸樹脂，初級狀態,阿根廷,出口總值(含復出口),250,114000
2016-1,39074000,聚碳酸樹脂，初級狀態,保加利亞,進口總值(含復進口),3,775
2016-1,39074000,聚碳酸樹脂，初級狀態,俄羅斯,出口總值(含復出口),78,32700
2016-1,39074000,聚碳酸樹脂，初級狀態,南非,出口總值(含復出口),9,4000
2016-1,39074000,聚碳酸樹脂，初級狀態,南韓,進口總值(含復進口),1975,945050
2016-1,39074000,聚碳酸樹脂，初級狀態,南韓,出口總值(含復出口),1806,908300
2016-1,39074000,聚碳酸樹脂，初級狀態,突尼西亞,出口總值(含復出口),4,2000
2016-1,39074000,聚碳酸樹脂，初級狀態,美國,進口總值(含復進口),1616,249335
2016-1,39074000,聚碳酸樹脂，初級狀態,美國,出口總值(含復出口),113,48817
2016-1,39074000,聚碳酸樹脂，初級狀態,英國,出口總值(含復出口),89,39250
2016-1,39074000,聚碳酸樹脂，初級狀態,香港,進口總值(含復進口),77,51200
2016-1,39074000,聚碳酸樹脂，初級狀態,香港,出口總值(含復出口),3190,1262689
2016-1,39074000,聚碳酸樹脂，初級狀態,哥倫比亞,出口總值(含復出口),153,70000
2016-1,39074000,聚碳酸樹脂，初級狀態,哥斯大黎加,出口總值(含復出口),8,13550
2016-1,39074000,聚碳酸樹脂，初級狀態,埃及,出口總值(含復出口),39,16000
2016-1,39074000,聚碳酸樹脂，初級狀態,泰國,進口總值(含復進口),3889,1759370
2016-1,39074000,聚碳酸樹脂，初級狀態,泰國,出口總值(含復出口),148,47095
2016-1,39074000,聚碳酸樹脂，初級狀態,秘魯,出口總值(含復出口),38,12400
2016-1,39074000,聚碳酸樹脂，初級狀態,馬來西亞,出口總值(含復出口),402,163291
2016-1,39074000,聚碳酸樹脂，初級狀態,荷蘭,進口總值(含復進口),196,69600
2016-1,39074000,聚碳酸樹脂，初級狀態,荷蘭,出口總值(含復出口),485,234125
2016-1,39074000,聚碳酸樹脂，初級狀態,斯里蘭卡,出口總值(含復出口),22,10000
2016-1,39074000,聚碳酸樹脂，初級狀態,斯洛維尼亞,出口總值(含復出口),60,23000
2016-1,39074000,聚碳酸樹脂，初級狀態,智利,出口總值(含復出口),13,5000
2016-1,39074000,聚碳酸樹脂，初級狀態,菲律賓,出口總值(含復出口),120,68000
2016-1,39074000,聚碳酸樹脂，初級狀態,越南,進口總值(含復進口),1,4413
2016-1,39074000,聚碳酸樹脂，初級狀態,越南,出口總值(含復出口),556,285520
2016-1,39074000,聚碳酸樹脂，初級狀態,奧地利,進口總值(含復進口),4,26
2016-1,39074000,聚碳酸樹脂，初級狀態,新加坡,進口總值(含復進口),1261,498024
2016-1,39074000,聚碳酸樹脂，初級狀態,新加坡,出口總值(含復出口),69,20750
2016-1,39074000,聚碳酸樹脂，初級狀態,瑞士,進口總值(含復進口),221,34495
2016-1,39074000,聚碳酸樹脂，初級狀態,瑞典,進口總值(含復進口),1,200
2016-1,39074000,聚碳酸樹脂，初級狀態,瑞典,出口總值(含復出口),40,18000
2016-1,39074000,聚碳酸樹脂，初級狀態,義大利,進口總值(含復進口),73,11386
2016-1,39074000,聚碳酸樹脂，初級狀態,義大利,出口總值(含復出口),175,78000
2016-1,39074000,聚碳酸樹脂，初級狀態,葡萄牙,出口總值(含復出口),10,4500
2016-1,39074000,聚碳酸樹脂，初級狀態,德國,進口總值(含復進口),168,71793
2016-1,39074000,聚碳酸樹脂，初級狀態,德國,出口總值(含復出口),16,5000
2016-1,39074000,聚碳酸樹脂，初級狀態,墨西哥,進口總值(含復進口),0,0
2016-1,39074000,聚碳酸樹脂，初級狀態,墨西哥,出口總值(含復出口),105,45000
2016-1,39074000,聚碳酸樹脂，初級狀態,澳大利亞,進口總值(含復進口),3,700
2016-1,39074000,聚碳酸樹脂，初級狀態,澳大利亞,出口總值(含復出口),13,5000
2016-1,39075000,醇酸樹脂，初級狀態,中國大陸,進口總值(含復進口),0,180
2016-1,39075000,醇酸樹脂，初級狀態,中國大陸,出口總值(含復出口),575,300993
2016-1,39075000,醇酸樹脂，初級狀態,日本,進口總值(含復進口),61,22020
2016-1,39075000,醇酸樹脂，初級狀態,日本,出口總值(含復出口),29,16000
2016-1,39075000,醇酸樹脂，初級狀態,以色列,出口總值(含復出口),9,7350
2016-1,39075000,醇酸樹脂，初級狀態,印尼,出口總值(含復出口),25,16400
2016-1,39075000,醇酸樹脂，初級狀態,沙烏地阿拉伯,出口總值(含復出口),84,54720
2016-1,39075000,醇酸樹脂，初級狀態,南韓,出口總值(含復出口),54,22200
2016-1,39075000,醇酸樹脂，初級狀態,香港,出口總值(含復出口),1,400
2016-1,39075000,醇酸樹脂，初級狀態,泰國,出口總值(含復出口),38,21600
2016-1,39075000,醇酸樹脂，初級狀態,馬來西亞,出口總值(含復出口),284,156800
2016-1,39075000,醇酸樹脂，初級狀態,斯里蘭卡,出口總值(含復出口),296,223000
2016-1,39075000,醇酸樹脂，初級狀態,越南,出口總值(含復出口),2048,1483892
2016-1,39075000,醇酸樹脂，初級狀態,奧地利,進口總值(含復進口),7,4410
2016-1,39075000,醇酸樹脂，初級狀態,新加坡,出口總值(含復出口),169,78440
2016-1,39075000,醇酸樹脂，初級狀態,模里西斯,出口總值(含復出口),11,10000
2016-1,39075000,醇酸樹脂，初級狀態,緬甸,出口總值(含復出口),8,516
2016-1,39075000,醇酸樹脂，初級狀態,黎巴嫩,出口總值(含復出口),24,19200
2016-1,39075000,醇酸樹脂，初級狀態,澳大利亞,出口總值(含復出口),289,184280
2016-2,39073010,丙二酚型環氧樹脂,土耳其,出口總值(含復出口),120,69260
2016-2,39073010,丙二酚型環氧樹脂,中國大陸,進口總值(含復進口),127,80049
2016-2,39073010,丙二酚型環氧樹脂,中國大陸,出口總值(含復出口),1932,866780
2016-2,39073010,丙二酚型環氧樹脂,巴西,出口總值(含復出口),92,61960
2016-2,39073010,丙二酚型環氧樹脂,巴林,出口總值(含復出口),122,79200
2016-2,39073010,丙二酚型環氧樹脂,日本,進口總值(含復進口),28,1508
2016-2,39073010,丙二酚型環氧樹脂,日本,出口總值(含復出口),2074,1128450
2016-2,39073010,丙二酚型環氧樹脂,比利時,出口總值(含復出口),202,96440
2016-2,39073010,丙二酚型環氧樹脂,加拿大,出口總值(含復出口),92,58200
2016-2,39073010,丙二酚型環氧樹脂,伊朗,出口總值(含復出口),71,48000
2016-2,39073010,丙二酚型環氧樹脂,印尼,出口總值(含復出口),177,109605
2016-2,39073010,丙二酚型環氧樹脂,印度,出口總值(含復出口),424,274160
2016-2,39073010,丙二酚型環氧樹脂,西班牙,出口總值(含復出口),28,17600
2016-2,39073010,丙二酚型環氧樹脂,沙烏地阿拉伯,出口總值(含復出口),126,81840
2016-2,39073010,丙二酚型環氧樹脂,阿拉伯聯合大公國,出口總值(含復出口),341,228800
2016-2,39073010,丙二酚型環氧樹脂,南韓,進口總值(含復進口),238,59880
2016-2,39073010,丙二酚型環氧樹脂,南韓,出口總值(含復出口),222,136000
2016-2,39073010,丙二酚型環氧樹脂,美國,進口總值(含復進口),295,48243
2016-2,39073010,丙二酚型環氧樹脂,美國,出口總值(含復出口),404,239770
2016-2,39073010,丙二酚型環氧樹脂,英國,進口總值(含復進口),9,257
2016-2,39073010,丙二酚型環氧樹脂,英國,出口總值(含復出口),539,298640
2016-2,39073010,丙二酚型環氧樹脂,香港,出口總值(含復出口),53,28001
2016-2,39073010,丙二酚型環氧樹脂,埃及,出口總值(含復出口),28,17600
2016-2,39073010,丙二酚型環氧樹脂,泰國,出口總值(含復出口),152,52190
2016-2,39073010,丙二酚型環氧樹脂,馬來西亞,進口總值(含復進口),45,12000
2016-2,39073010,丙二酚型環氧樹脂,馬來西亞,出口總值(含復出口),1583,1012061
2016-2,39073010,丙二酚型環氧樹脂,荷蘭,出口總值(含復出口),38,24610
2016-2,39073010,丙二酚型環氧樹脂,菲律賓,出口總值(含復出口),173,109820
2016-2,39073010,丙二酚型環氧樹脂,越南,出口總值(含復出口),457,268145
2016-2,39073010,丙二酚型環氧樹脂,奧地利,出口總值(含復出口),35,17500
2016-2,39073010,丙二酚型環氧樹脂,新加坡,出口總值(含復出口),697,448705
2016-2,39073010,丙二酚型環氧樹脂,義大利,出口總值(含復出口),167,97550
2016-2,39073010,丙二酚型環氧樹脂,葡萄牙,出口總值(含復出口),121,70100
2016-2,39073010,丙二酚型環氧樹脂,德國,進口總值(含復進口),44,7600
2016-2,39073010,丙二酚型環氧樹脂,德國,出口總值(含復出口),228,137600
2016-2,39073010,丙二酚型環氧樹脂,墨西哥,出口總值(含復出口),244,146620
2016-2,39073010,丙二酚型環氧樹脂,澳大利亞,出口總值(含復出口),285,163540
2016-2,39073010,丙二酚型環氧樹脂,澳門,出口總值(含復出口),162,79110
2016-2,39074000,聚碳酸樹脂，初級狀態,土耳其,出口總值(含復出口),65,32000
2016-2,39074000,聚碳酸樹脂，初級狀態,中國大陸,進口總值(含復進口),5075,2099358
2016-2,39074000,聚碳酸樹脂，初級狀態,中國大陸,出口總值(含復出口),34833,16322328
2016-2,39074000,聚碳酸樹脂，初級狀態,厄瓜多,出口總值(含復出口),91,39000
2016-2,39074000,聚碳酸樹脂，初級狀態,巴西,進口總值(含復進口),58,35915
2016-2,39074000,聚碳酸樹脂，初級狀態,巴西,出口總值(含復出口),305,138000
2016-2,39074000,聚碳酸樹脂，初級狀態,巴基斯坦,出口總值(含復出口),56,25000
2016-2,39074000,聚碳酸樹脂，初級狀態,日本,進口總值(含復進口),4622,1674367
2016-2,39074000,聚碳酸樹脂，初級狀態,日本,出口總值(含復出口),1922,948625
2016-2,39074000,聚碳酸樹脂，初級狀態,比利時,進口總值(含復進口),287,132178
2016-2,39074000,聚碳酸樹脂，初級狀態,比利時,出口總值(含復出口),5,2000
2016-2,39074000,聚碳酸樹脂，初級狀態,以色列,出口總值(含復出口),82,42000
2016-2,39074000,聚碳酸樹脂，初級狀態,加拿大,進口總值(含復進口),9,300
2016-2,39074000,聚碳酸樹脂，初級狀態,加拿大,出口總值(含復出口),16,7000
2016-2,39074000,聚碳酸樹脂，初級狀態,立陶宛,出口總值(含復出口),2,1000
2016-2,39074000,聚碳酸樹脂，初級狀態,印尼,出口總值(含復出口),162,76500
2016-2,39074000,聚碳酸樹脂，初級狀態,印度,出口總值(含復出口),24,8000
2016-2,39074000,聚碳酸樹脂，初級狀態,西班牙,進口總值(含復進口),658,318687
2016-2,39074000,聚碳酸樹脂，初級狀態,西班牙,出口總值(含復出口),44,20000
2016-2,39074000,聚碳酸樹脂，初級狀態,沙烏地阿拉伯,進口總值(含復進口),2283,1223000
2016-2,39074000,聚碳酸樹脂，初級狀態,孟加拉,出口總值(含復出口),69,28000
2016-2,39074000,聚碳酸樹脂，初級狀態,波蘭,出口總值(含復出口),11,5000
2016-2,39074000,聚碳酸樹脂，初級狀態,法國,進口總值(含復進口),3,250
2016-2,39074000,聚碳酸樹脂，初級狀態,法國,出口總值(含復出口),22,5000
2016-2,39074000,聚碳酸樹脂，初級狀態,阿拉伯聯合大公國,出口總值(含復出口),22,9000
2016-2,39074000,聚碳酸樹脂，初級狀態,阿根廷,出口總值(含復出口),184,96000
2016-2,39074000,聚碳酸樹脂，初級狀態,俄羅斯,出口總值(含復出口),28,12300
2016-2,39074000,聚碳酸樹脂，初級狀態,南非,出口總值(含復出口),122,53000
2016-2,39074000,聚碳酸樹脂，初級狀態,南韓,進口總值(含復進口),1446,695800
2016-2,39074000,聚碳酸樹脂，初級狀態,南韓,出口總值(含復出口),829,421200
2016-2,39074000,聚碳酸樹脂，初級狀態,突尼西亞,出口總值(含復出口),17,8000
2016-2,39074000,聚碳酸樹脂，初級狀態,美國,進口總值(含復進口),639,93252
2016-2,39074000,聚碳酸樹脂，初級狀態,美國,出口總值(含復出口),294,120000
2016-2,39074000,聚碳酸樹脂，初級狀態,英國,出口總值(含復出口),66,28250
2016-2,39074000,聚碳酸樹脂，初級狀態,香港,出口總值(含復出口),3396,1344725
2016-2,39074000,聚碳酸樹脂，初級狀態,哥倫比亞,出口總值(含復出口),90,40000
2016-2,39074000,聚碳酸樹脂，初級狀態,埃及,出口總值(含復出口),78,33500
2016-2,39074000,聚碳酸樹脂，初級狀態,泰國,進口總值(含復進口),2836,1353858
2016-2,39074000,聚碳酸樹脂，初級狀態,泰國,出口總值(含復出口),156,79000
2016-2,39074000,聚碳酸樹脂，初級狀態,紐西蘭,出口總值(含復出口),2,1000
2016-2,39074000,聚碳酸樹脂，初級狀態,馬來西亞,進口總值(含復進口),14,14195
2016-2,39074000,聚碳酸樹脂，初級狀態,馬來西亞,出口總值(含復出口),345,138594
2016-2,39074000,聚碳酸樹脂，初級狀態,荷蘭,進口總值(含復進口),90,48750
2016-2,39074000,聚碳酸樹脂，初級狀態,荷蘭,出口總值(含復出口),694,301000
2016-2,39074000,聚碳酸樹脂，初級狀態,斯洛維尼亞,出口總值(含復出口),17,8000
2016-2,39074000,聚碳酸樹脂，初級狀態,智利,出口總值(含復出口),46,20000
2016-2,39074000,聚碳酸樹脂，初級狀態,菲律賓,出口總值(含復出口),171,70000
2016-2,39074000,聚碳酸樹脂，初級狀態,越南,出口總值(含復出口),631,296950
2016-2,39074000,聚碳酸樹脂，初級狀態,奧地利,進口總值(含復進口),5,25
2016-2,39074000,聚碳酸樹脂，初級狀態,新加坡,進口總值(含復進口),596,242126
2016-2,39074000,聚碳酸樹脂，初級狀態,新加坡,出口總值(含復出口),229,75100
2016-2,39074000,聚碳酸樹脂，初級狀態,瑞士,進口總值(含復進口),6,800
2016-2,39074000,聚碳酸樹脂，初級狀態,義大利,進口總值(含復進口),8,1014
2016-2,39074000,聚碳酸樹脂，初級狀態,義大利,出口總值(含復出口),58,25000
2016-2,39074000,聚碳酸樹脂，初級狀態,德國,進口總值(含復進口),725,356000
2016-2,39074000,聚碳酸樹脂，初級狀態,德國,出口總值(含復出口),128,60000
2016-2,39074000,聚碳酸樹脂，初級狀態,緬甸,出口總值(含復出口),152,75000
2016-2,39074000,聚碳酸樹脂，初級狀態,墨西哥,出口總值(含復出口),217,95000
2016-2,39074000,聚碳酸樹脂，初級狀態,澳大利亞,出口總值(含復出口),9,4000
2016-2,39075000,醇酸樹脂，初級狀態,中國大陸,進口總值(含復進口),2,600
2016-2,39075000,醇酸樹脂，初級狀態,中國大陸,出口總值(含復出口),237,133040
2016-2,39075000,醇酸樹脂，初級狀態,日本,進口總值(含復進口),24,8260
2016-2,39075000,醇酸樹脂，初級狀態,日本,出口總值(含復出口),19,8000
2016-2,39075000,醇酸樹脂，初級狀態,以色列,出口總值(含復出口),18,12800
2016-2,39075000,醇酸樹脂，初級狀態,印尼,出口總值(含復出口),16,5800
2016-2,39075000,醇酸樹脂，初級狀態,香港,出口總值(含復出口),3,2000
2016-2,39075000,醇酸樹脂，初級狀態,泰國,出口總值(含復出口),39,27600
2016-2,39075000,醇酸樹脂，初級狀態,紐西蘭,出口總值(含復出口),6,3200
2016-2,39075000,醇酸樹脂，初級狀態,馬來西亞,出口總值(含復出口),188,115400
2016-2,39075000,醇酸樹脂，初級狀態,斯里蘭卡,出口總值(含復出口),41,26810
2016-2,39075000,醇酸樹脂，初級狀態,菲律賓,出口總值(含復出口),22,11190
2016-2,39075000,醇酸樹脂，初級狀態,越南,出口總值(含復出口),1532,1132153
2016-2,39075000,醇酸樹脂，初級狀態,新加坡,出口總值(含復出口),190,88200
2016-2,39075000,醇酸樹脂，初級狀態,模里西斯,出口總值(含復出口),3,2420
2016-2,39075000,醇酸樹脂，初級狀態,緬甸,出口總值(含復出口),21,16000
2016-2,39075000,醇酸樹脂，初級狀態,黎巴嫩,出口總值(含復出口),18,14350
2016-2,39075000,醇酸樹脂，初級狀態,澳大利亞,出口總值(含復出口),130,74800
2016-3,39073010,丙二酚型環氧樹脂,土耳其,出口總值(含復出口),376,235280
2016-3,39073010,丙二酚型環氧樹脂,中國大陸,進口總值(含復進口),222,116276
2016-3,39073010,丙二酚型環氧樹脂,中國大陸,出口總值(含復出口),3196,1351273
2016-3,39073010,丙二酚型環氧樹脂,中華民國,進口總值(含復進口),132,40795
2016-3,39073010,丙二酚型環氧樹脂,巴西,出口總值(含復出口),226,153330
2016-3,39073010,丙二酚型環氧樹脂,巴林,出口總值(含復出口),107,70400
2016-3,39073010,丙二酚型環氧樹脂,巴基斯坦,出口總值(含復出口),30,18400
2016-3,39073010,丙二酚型環氧樹脂,日本,進口總值(含復進口),106,6259
2016-3,39073010,丙二酚型環氧樹脂,日本,出口總值(含復出口),1526,788260
2016-3,39073010,丙二酚型環氧樹脂,比利時,出口總值(含復出口),304,144950
2016-3,39073010,丙二酚型環氧樹脂,加拿大,出口總值(含復出口),95,63600
2016-3,39073010,丙二酚型環氧樹脂,伊朗,出口總值(含復出口),101,67200
2016-3,39073010,丙二酚型環氧樹脂,印尼,出口總值(含復出口),266,168925
2016-3,39073010,丙二酚型環氧樹脂,印度,出口總值(含復出口),728,448570
2016-3,39073010,丙二酚型環氧樹脂,西班牙,出口總值(含復出口),132,78160
2016-3,39073010,丙二酚型環氧樹脂,希臘,出口總值(含復出口),35,17600
2016-3,39073010,丙二酚型環氧樹脂,沙烏地阿拉伯,出口總值(含復出口),268,176000
2016-3,39073010,丙二酚型環氧樹脂,阿拉伯聯合大公國,出口總值(含復出口),667,486080
2016-3,39073010,丙二酚型環氧樹脂,阿曼,出口總值(含復出口),52,35200
2016-3,39073010,丙二酚型環氧樹脂,南韓,進口總值(含復進口),242,58000
2016-3,39073010,丙二酚型環氧樹脂,南韓,出口總值(含復出口),409,236480
2016-3,39073010,丙二酚型環氧樹脂,美國,進口總值(含復進口),36,2954
2016-3,39073010,丙二酚型環氧樹脂,美國,出口總值(含復出口),742,449500
2016-3,39073010,丙二酚型環氧樹脂,英國,出口總值(含復出口),409,273210
2016-3,39073010,丙二酚型環氧樹脂,香港,出口總值(含復出口),6,362
2016-3,39073010,丙二酚型環氧樹脂,哥倫比亞,出口總值(含復出口),29,19200
2016-3,39073010,丙二酚型環氧樹脂,泰國,出口總值(含復出口),197,94680
2016-3,39073010,丙二酚型環氧樹脂,馬來西亞,出口總值(含復出口),1603,1020355
2016-3,39073010,丙二酚型環氧樹脂,荷蘭,進口總值(含復進口),37,16800
2016-3,39073010,丙二酚型環氧樹脂,荷蘭,出口總值(含復出口),260,173420
2016-3,39073010,丙二酚型環氧樹脂,斯里蘭卡,出口總值(含復出口),23,16000
2016-3,39073010,丙二酚型環氧樹脂,菲律賓,出口總值(含復出口),327,218260
2016-3,39073010,丙二酚型環氧樹脂,越南,出口總值(含復出口),705,457265
2016-3,39073010,丙二酚型環氧樹脂,愛沙尼亞,出口總值(含復出口),4,126
2016-3,39073010,丙二酚型環氧樹脂,新加坡,出口總值(含復出口),387,253755
2016-3,39073010,丙二酚型環氧樹脂,義大利,出口總值(含復出口),380,229315
2016-3,39073010,丙二酚型環氧樹脂,葡萄牙,出口總值(含復出口),74,48000
2016-3,39073010,丙二酚型環氧樹脂,德國,進口總值(含復進口),19,6482
2016-3,39073010,丙二酚型環氧樹脂,德國,出口總值(含復出口),173,92600
2016-3,39073010,丙二酚型環氧樹脂,墨西哥,出口總值(含復出口),149,89060
2016-3,39073010,丙二酚型環氧樹脂,澳大利亞,出口總值(含復出口),234,142720
2016-3,39073010,丙二酚型環氧樹脂,澳門,出口總值(含復出口),229,119590
2016-3,39074000,聚碳酸樹脂，初級狀態,土耳其,出口總值(含復出口),5,2000
2016-3,39074000,聚碳酸樹脂，初級狀態,中國大陸,進口總值(含復進口),8761,3181890
2016-3,39074000,聚碳酸樹脂，初級狀態,中國大陸,出口總值(含復出口),45015,20438370
2016-3,39074000,聚碳酸樹脂，初級狀態,中華民國,進口總值(含復進口),248,114000
2016-3,39074000,聚碳酸樹脂，初級狀態,厄瓜多,出口總值(含復出口),13,5500
2016-3,39074000,聚碳酸樹脂，初級狀態,巴西,出口總值(含復出口),50,11500
2016-3,39074000,聚碳酸樹脂，初級狀態,巴基斯坦,出口總值(含復出口),23,10000
2016-3,39074000,聚碳酸樹脂，初級狀態,日本,進口總值(含復進口),5878,2068716
2016-3,39074000,聚碳酸樹脂，初級狀態,日本,出口總值(含復出口),1035,486100
2016-3,39074000,聚碳酸樹脂，初級狀態,比利時,進口總值(含復進口),328,151139
2016-3,39074000,聚碳酸樹脂，初級狀態,比利時,出口總值(含復出口),5,2000
2016-3,39074000,聚碳酸樹脂，初級狀態,以色列,出口總值(含復出口),67,30000
2016-3,39074000,聚碳酸樹脂，初級狀態,加拿大,進口總值(含復進口),31,2350
2016-3,39074000,聚碳酸樹脂，初級狀態,加拿大,出口總值(含復出口),7,3000
2016-3,39074000,聚碳酸樹脂，初級狀態,立陶宛,出口總值(含復出口),10,4000
2016-3,39074000,聚碳酸樹脂，初級狀態,伊朗,出口總值(含復出口),100,48000
2016-3,39074000,聚碳酸樹脂，初級狀態,印尼,出口總值(含復出口),369,156000
2016-3,39074000,聚碳酸樹脂，初級狀態,印度,出口總值(含復出口),16,6000
2016-3,39074000,聚碳酸樹脂，初級狀態,西班牙,進口總值(含復進口),702,318541
2016-3,39074000,聚碳酸樹脂，初級狀態,西班牙,出口總值(含復出口),88,36000
2016-3,39074000,聚碳酸樹脂，初級狀態,沙烏地阿拉伯,進口總值(含復進口),4633,2591750
2016-3,39074000,聚碳酸樹脂，初級狀態,孟加拉,出口總值(含復出口),91,39500
2016-3,39074000,聚碳酸樹脂，初級狀態,波蘭,出口總值(含復出口),13,5000
2016-3,39074000,聚碳酸樹脂，初級狀態,法國,出口總值(含復出口),27,12000
2016-3,39074000,聚碳酸樹脂，初級狀態,阿根廷,出口總值(含復出口),260,117000
2016-3,39074000,聚碳酸樹脂，初級狀態,俄羅斯,出口總值(含復出口),32,13050
2016-3,39074000,聚碳酸樹脂，初級狀態,南非,出口總值(含復出口),247,104000
2016-3,39074000,聚碳酸樹脂，初級狀態,南韓,進口總值(含復進口),2648,1303750
2016-3,39074000,聚碳酸樹脂，初級狀態,南韓,出口總值(含復出口),594,280000
2016-3,39074000,聚碳酸樹脂，初級狀態,柬埔寨,進口總值(含復進口),35,28548
2016-3,39074000,聚碳酸樹脂，初級狀態,突尼西亞,出口總值(含復出口),51,16000
2016-3,39074000,聚碳酸樹脂，初級狀態,美國,進口總值(含復進口),548,141653
2016-3,39074000,聚碳酸樹脂，初級狀態,美國,出口總值(含復出口),421,176500
2016-3,39074000,聚碳酸樹脂，初級狀態,英國,出口總值(含復出口),56,23000
2016-3,39074000,聚碳酸樹脂，初級狀態,香港,進口總值(含復進口),146,97600
2016-3,39074000,聚碳酸樹脂，初級狀態,香港,出口總值(含復出口),4097,1497875
2016-3,39074000,聚碳酸樹脂，初級狀態,哥倫比亞,出口總值(含復出口),149,67000
2016-3,39074000,聚碳酸樹脂，初級狀態,哥斯大黎加,出口總值(含復出口),11,29500
2016-3,39074000,聚碳酸樹脂，初級狀態,埃及,出口總值(含復出口),64,25000
2016-3,39074000,聚碳酸樹脂，初級狀態,挪威,出口總值(含復出口),68,32000
2016-3,39074000,聚碳酸樹脂，初級狀態,泰國,進口總值(含復進口),1993,848687
2016-3,39074000,聚碳酸樹脂，初級狀態,泰國,出口總值(含復出口),300,112505
2016-3,39074000,聚碳酸樹脂，初級狀態,秘魯,出口總值(含復出口),21,8000
2016-3,39074000,聚碳酸樹脂，初級狀態,紐西蘭,出口總值(含復出口),5,2000
2016-3,39074000,聚碳酸樹脂，初級狀態,馬來西亞,出口總值(含復出口),406,187050
2016-3,39074000,聚碳酸樹脂，初級狀態,敘利亞,出口總值(含復出口),13,5000
2016-3,39074000,聚碳酸樹脂，初級狀態,荷蘭,進口總值(含復進口),61,7025
2016-3,39074000,聚碳酸樹脂，初級狀態,荷蘭,出口總值(含復出口),957,421200
2016-3,39074000,聚碳酸樹脂，初級狀態,斯里蘭卡,出口總值(含復出口),24,10000
2016-3,39074000,聚碳酸樹脂，初級狀態,斯洛維尼亞,出口總值(含復出口),123,53000
2016-3,39074000,聚碳酸樹脂，初級狀態,智利,出口總值(含復出口),39,17000
2016-3,39074000,聚碳酸樹脂，初級狀態,菲律賓,出口總值(含復出口),196,87500
2016-3,39074000,聚碳酸樹脂，初級狀態,越南,進口總值(含復進口),1,2460
2016-3,39074000,聚碳酸樹脂，初級狀態,越南,出口總值(含復出口),1184,599900
2016-3,39074000,聚碳酸樹脂，初級狀態,新加坡,進口總值(含復進口),928,309732
2016-3,39074000,聚碳酸樹脂，初級狀態,新加坡,出口總值(含復出口),114,40375
2016-3,39074000,聚碳酸樹脂，初級狀態,瑞士,進口總值(含復進口),138,21025
2016-3,39074000,聚碳酸樹脂，初級狀態,瑞典,進口總值(含復進口),8,1600
2016-3,39074000,聚碳酸樹脂，初級狀態,義大利,進口總值(含復進口),64,6000
2016-3,39074000,聚碳酸樹脂，初級狀態,義大利,出口總值(含復出口),4,2000
2016-3,39074000,聚碳酸樹脂，初級狀態,葡萄牙,出口總值(含復出口),22,9000
2016-3,39074000,聚碳酸樹脂，初級狀態,德國,進口總值(含復進口),3123,1552500
2016-3,39074000,聚碳酸樹脂，初級狀態,德國,出口總值(含復出口),39,18000
2016-3,39074000,聚碳酸樹脂，初級狀態,墨西哥,出口總值(含復出口),124,53000
2016-3,39074000,聚碳酸樹脂，初級狀態,澳大利亞,出口總值(含復出口),17,7250
2016-3,39075000,醇酸樹脂，初級狀態,中國大陸,出口總值(含復出口),609,337024
2016-3,39075000,醇酸樹脂，初級狀態,巴基斯坦,出口總值(含復出口),5,3000
2016-3,39075000,醇酸樹脂，初級狀態,日本,進口總值(含復進口),55,13521
2016-3,39075000,醇酸樹脂，初級狀態,日本,出口總值(含復出口),8,4000
2016-3,39075000,醇酸樹脂，初級狀態,以色列,出口總值(含復出口),27,23350
2016-3,39075000,醇酸樹脂，初級狀態,印尼,出口總值(含復出口),56,31400
2016-3,39075000,醇酸樹脂，初級狀態,沙烏地阿拉伯,出口總值(含復出口),21,16000
2016-3,39075000,醇酸樹脂，初級狀態,阿拉伯聯合大公國,出口總值(含復出口),4,2200
2016-3,39075000,醇酸樹脂，初級狀態,南非,出口總值(含復出口),3,2000
2016-3,39075000,醇酸樹脂，初級狀態,南韓,出口總值(含復出口),54,30400
2016-3,39075000,醇酸樹脂，初級狀態,約旦,出口總值(含復出口),2,1680
2016-3,39075000,醇酸樹脂，初級狀態,香港,出口總值(含復出口),3,970
2016-3,39075000,醇酸樹脂，初級狀態,埃及,出口總值(含復出口),38,32800
2016-3,39075000,醇酸樹脂，初級狀態,泰國,出口總值(含復出口),34,22000
2016-3,39075000,醇酸樹脂，初級狀態,馬來西亞,出口總值(含復出口),231,114400
2016-3,39075000,醇酸樹脂，初級狀態,荷蘭,進口總值(含復進口),0,3
2016-3,39075000,醇酸樹脂，初級狀態,斯里蘭卡,出口總值(含復出口),24,17200
2016-3,39075000,醇酸樹脂，初級狀態,越南,出口總值(含復出口),3001,2159557
2016-3,39075000,醇酸樹脂，初級狀態,新加坡,出口總值(含復出口),239,135130
2016-3,39075000,醇酸樹脂，初級狀態,模里西斯,出口總值(含復出口),39,34810
2016-3,39075000,醇酸樹脂，初級狀態,緬甸,出口總值(含復出口),24,18000
2016-3,39075000,醇酸樹脂，初級狀態,黎巴嫩,出口總值(含復出口),31,25040
2016-3,39075000,醇酸樹脂，初級狀態,澳大利亞,出口總值(含復出口),234,146800
2016-4,39073010,丙二酚型環氧樹脂,土耳其,出口總值(含復出口),200,121660
2016-4,39073010,丙二酚型環氧樹脂,中國大陸,進口總值(含復進口),87,34150
2016-4,39073010,丙二酚型環氧樹脂,中國大陸,出口總值(含復出口),3111,1240511
2016-4,39073010,丙二酚型環氧樹脂,中華民國,進口總值(含復進口),40,7000
2016-4,39073010,丙二酚型環氧樹脂,巴西,出口總值(含復出口),59,40260
2016-4,39073010,丙二酚型環氧樹脂,巴基斯坦,出口總值(含復出口),60,33795
2016-4,39073010,丙二酚型環氧樹脂,日本,進口總值(含復進口),75,7208
2016-4,39073010,丙二酚型環氧樹脂,日本,出口總值(含復出口),1988,1033265
2016-4,39073010,丙二酚型環氧樹脂,加拿大,出口總值(含復出口),62,40600
2016-4,39073010,丙二酚型環氧樹脂,伊朗,出口總值(含復出口),96,64000
2016-4,39073010,丙二酚型環氧樹脂,印尼,出口總值(含復出口),95,57280
2016-4,39073010,丙二酚型環氧樹脂,印度,出口總值(含復出口),1126,714500
2016-4,39073010,丙二酚型環氧樹脂,多明尼加,出口總值(含復出口),51,35200
2016-4,39073010,丙二酚型環氧樹脂,西班牙,出口總值(含復出口),68,39600
2016-4,39073010,丙二酚型環氧樹脂,沙烏地阿拉伯,出口總值(含復出口),164,105600
2016-4,39073010,丙二酚型環氧樹脂,法國,出口總值(含復出口),34,19200
2016-4,39073010,丙二酚型環氧樹脂,阿拉伯聯合大公國,出口總值(含復出口),324,228800
2016-4,39073010,丙二酚型環氧樹脂,俄羅斯,出口總值(含復出口),136,88800
2016-4,39073010,丙二酚型環氧樹脂,南非,出口總值(含復出口),30,15840
2016-4,39073010,丙二酚型環氧樹脂,南韓,進口總值(含復進口),312,74000
2016-4,39073010,丙二酚型環氧樹脂,南韓,出口總值(含復出口),286,154880
2016-4,39073010,丙二酚型環氧樹脂,美國,進口總值(含復進口),199,51215
2016-4,39073010,丙二酚型環氧樹脂,美國,出口總值(含復出口),824,508830
2016-4,39073010,丙二酚型環氧樹脂,英國,進口總值(含復進口),19,513
2016-4,39073010,丙二酚型環氧樹脂,英國,出口總值(含復出口),342,223240
2016-4,39073010,丙二酚型環氧樹脂,香港,出口總值(含復出口),68,37360
2016-4,39073010,丙二酚型環氧樹脂,埃及,出口總值(含復出口),28,17600
2016-4,39073010,丙二酚型環氧樹脂,泰國,出口總值(含復出口),105,59110
2016-4,39073010,丙二酚型環氧樹脂,烏克蘭,出口總值(含復出口),9,5280
2016-4,39073010,丙二酚型環氧樹脂,馬來西亞,進口總值(含復進口),44,12000
2016-4,39073010,丙二酚型環氧樹脂,馬來西亞,出口總值(含復出口),1371,868456
2016-4,39073010,丙二酚型環氧樹脂,荷蘭,出口總值(含復出口),137,83185
2016-4,39073010,丙二酚型環氧樹脂,菲律賓,出口總值(含復出口),154,104400
2016-4,39073010,丙二酚型環氧樹脂,越南,出口總值(含復出口),557,359084
2016-4,39073010,丙二酚型環氧樹脂,奧地利,出口總值(含復出口),133,70000
2016-4,39073010,丙二酚型環氧樹脂,新加坡,出口總值(含復出口),578,366305
2016-4,39073010,丙二酚型環氧樹脂,義大利,出口總值(含復出口),450,256840
2016-4,39073010,丙二酚型環氧樹脂,葡萄牙,出口總值(含復出口),67,36560
2016-4,39073010,丙二酚型環氧樹脂,德國,進口總值(含復進口),50,18000
2016-4,39073010,丙二酚型環氧樹脂,德國,出口總值(含復出口),147,96000
2016-4,39073010,丙二酚型環氧樹脂,墨西哥,出口總值(含復出口),173,107710
2016-4,39073010,丙二酚型環氧樹脂,澳大利亞,出口總值(含復出口),253,138570
2016-4,39073010,丙二酚型環氧樹脂,澳門,出口總值(含復出口),227,118400
2016-4,39074000,聚碳酸樹脂，初級狀態,中國大陸,進口總值(含復進口),5946,2200150
2016-4,39074000,聚碳酸樹脂，初級狀態,中國大陸,出口總值(含復出口),42842,18856189
2016-4,39074000,聚碳酸樹脂，初級狀態,中華民國,進口總值(含復進口),12,3841
2016-4,39074000,聚碳酸樹脂，初級狀態,厄瓜多,出口總值(含復出口),97,38000
2016-4,39074000,聚碳酸樹脂，初級狀態,巴西,出口總值(含復出口),274,99500
2016-4,39074000,聚碳酸樹脂，初級狀態,巴基斯坦,出口總值(含復出口),57,24000
2016-4,39074000,聚碳酸樹脂，初級狀態,日本,進口總值(含復進口),6878,1944969
2016-4,39074000,聚碳酸樹脂，初級狀態,日本,出口總值(含復出口),1455,704000
2016-4,39074000,聚碳酸樹脂，初級狀態,比利時,進口總值(含復進口),607,336294
2016-4,39074000,聚碳酸樹脂，初級狀態,比利時,出口總值(含復出口),11,4000
2016-4,39074000,聚碳酸樹脂，初級狀態,以色列,出口總值(含復出口),340,161000
2016-4,39074000,聚碳酸樹脂，初級狀態,伊朗,出口總值(含復出口),533,244000
2016-4,39074000,聚碳酸樹脂，初級狀態,印尼,出口總值(含復出口),350,145200
2016-4,39074000,聚碳酸樹脂，初級狀態,西班牙,進口總值(含復進口),301,187698
2016-4,39074000,聚碳酸樹脂，初級狀態,西班牙,出口總值(含復出口),68,30000
2016-4,39074000,聚碳酸樹脂，初級狀態,希臘,出口總值(含復出口),5,2000
2016-4,39074000,聚碳酸樹脂，初級狀態,沙烏地阿拉伯,進口總值(含復進口),2658,1421250
2016-4,39074000,聚碳酸樹脂，初級狀態,波蘭,出口總值(含復出口),3,1000
2016-4,39074000,聚碳酸樹脂，初級狀態,法國,出口總值(含復出口),28,12000
2016-4,39074000,聚碳酸樹脂，初級狀態,阿拉伯聯合大公國,出口總值(含復出口),2,1000
2016-4,39074000,聚碳酸樹脂，初級狀態,阿根廷,出口總值(含復出口),202,96000
2016-4,39074000,聚碳酸樹脂，初級狀態,俄羅斯,出口總值(含復出口),11,4025
2016-4,39074000,聚碳酸樹脂，初級狀態,南非,出口總值(含復出口),143,58000
2016-4,39074000,聚碳酸樹脂，初級狀態,南韓,進口總值(含復進口),2149,1108100
2016-4,39074000,聚碳酸樹脂，初級狀態,南韓,出口總值(含復出口),948,448000
2016-4,39074000,聚碳酸樹脂，初級狀態,哈薩克,出口總值(含復出口),2,1000
2016-4,39074000,聚碳酸樹脂，初級狀態,美國,進口總值(含復進口),749,152356
2016-4,39074000,聚碳酸樹脂，初級狀態,美國,出口總值(含復出口),501,182800
2016-4,39074000,聚碳酸樹脂，初級狀態,英國,出口總值(含復出口),43,18250
2016-4,39074000,聚碳酸樹脂，初級狀態,香港,進口總值(含復進口),120,76700
2016-4,39074000,聚碳酸樹脂，初級狀態,香港,出口總值(含復出口),5907,2091347
2016-4,39074000,聚碳酸樹脂，初級狀態,哥倫比亞,出口總值(含復出口),114,52000
2016-4,39074000,聚碳酸樹脂，初級狀態,哥斯大黎加,出口總值(含復出口),7,20100
2016-4,39074000,聚碳酸樹脂，初級狀態,埃及,出口總值(含復出口),83,40000
2016-4,39074000,聚碳酸樹脂，初級狀態,泰國,進口總值(含復進口),5701,2782567
2016-4,39074000,聚碳酸樹脂，初級狀態,泰國,出口總值(含復出口),242,100500
2016-4,39074000,聚碳酸樹脂，初級狀態,馬來西亞,進口總值(含復進口),2,4217
2016-4,39074000,聚碳酸樹脂，初級狀態,馬來西亞,出口總值(含復出口),340,124225
2016-4,39074000,聚碳酸樹脂，初級狀態,荷蘭,進口總值(含復進口),44,20991
2016-4,39074000,聚碳酸樹脂，初級狀態,荷蘭,出口總值(含復出口),1077,418000
2016-4,39074000,聚碳酸樹脂，初級狀態,斯洛維尼亞,出口總值(含復出口),12,5000
2016-4,39074000,聚碳酸樹脂，初級狀態,菲律賓,出口總值(含復出口),100,44500
2016-4,39074000,聚碳酸樹脂，初級狀態,越南,出口總值(含復出口),514,203400
2016-4,39074000,聚碳酸樹脂，初級狀態,奧地利,進口總值(含復進口),2,10
2016-4,39074000,聚碳酸樹脂，初級狀態,新加坡,進口總值(含復進口),443,142805
2016-4,39074000,聚碳酸樹脂，初級狀態,新加坡,出口總值(含復出口),5,2300
2016-4,39074000,聚碳酸樹脂，初級狀態,瑞典,進口總值(含復進口),10,1600
2016-4,39074000,聚碳酸樹脂，初級狀態,義大利,進口總值(含復進口),13,2150
2016-4,39074000,聚碳酸樹脂，初級狀態,義大利,出口總值(含復出口),5,2000
2016-4,39074000,聚碳酸樹脂，初級狀態,德國,進口總值(含復進口),714,356575
2016-4,39074000,聚碳酸樹脂，初級狀態,德國,出口總值(含復出口),65,27000
2016-4,39074000,聚碳酸樹脂，初級狀態,摩洛哥,出口總值(含復出口),39,18000
2016-4,39074000,聚碳酸樹脂，初級狀態,緬甸,出口總值(含復出口),151,72000
2016-4,39074000,聚碳酸樹脂，初級狀態,墨西哥,進口總值(含復進口),0,0
2016-4,39074000,聚碳酸樹脂，初級狀態,墨西哥,出口總值(含復出口),199,79400
2016-4,39074000,聚碳酸樹脂，初級狀態,澳大利亞,進口總值(含復進口),3,700
2016-4,39074000,聚碳酸樹脂，初級狀態,澳大利亞,出口總值(含復出口),31,11000
2016-4,39075000,醇酸樹脂，初級狀態,中國大陸,進口總值(含復進口),1,540
2016-4,39075000,醇酸樹脂，初級狀態,中國大陸,出口總值(含復出口),657,384230
2016-4,39075000,醇酸樹脂，初級狀態,日本,進口總值(含復進口),16,6500
2016-4,39075000,醇酸樹脂，初級狀態,日本,出口總值(含復出口),49,24000
2016-4,39075000,醇酸樹脂，初級狀態,以色列,出口總值(含復出口),39,32240
2016-4,39075000,醇酸樹脂，初級狀態,印尼,出口總值(含復出口),36,18800
2016-4,39075000,醇酸樹脂，初級狀態,印度,出口總值(含復出口),21,16000
2016-4,39075000,醇酸樹脂，初級狀態,阿拉伯聯合大公國,出口總值(含復出口),19,14000
2016-4,39075000,醇酸樹脂，初級狀態,南韓,出口總值(含復出口),27,15200
2016-4,39075000,醇酸樹脂，初級狀態,柬埔寨,出口總值(含復出口),1,350
2016-4,39075000,醇酸樹脂，初級狀態,美國,進口總值(含復進口),33,14651
2016-4,39075000,醇酸樹脂，初級狀態,香港,出口總值(含復出口),5,3600
2016-4,39075000,醇酸樹脂，初級狀態,埃及,出口總值(含復出口),38,32800
2016-4,39075000,醇酸樹脂，初級狀態,泰國,出口總值(含復出口),11,6800
2016-4,39075000,醇酸樹脂，初級狀態,紐西蘭,出口總值(含復出口),5,2800
2016-4,39075000,醇酸樹脂，初級狀態,馬來西亞,出口總值(含復出口),129,93000
2016-4,39075000,醇酸樹脂，初級狀態,斯里蘭卡,出口總值(含復出口),85,56200
2016-4,39075000,醇酸樹脂，初級狀態,菲律賓,出口總值(含復出口),4,2390
2016-4,39075000,醇酸樹脂，初級狀態,越南,出口總值(含復出口),2875,2103464
2016-4,39075000,醇酸樹脂，初級狀態,新加坡,出口總值(含復出口),150,83100
2016-4,39075000,醇酸樹脂，初級狀態,模里西斯,出口總值(含復出口),3,2450
2016-4,39075000,醇酸樹脂，初級狀態,緬甸,出口總值(含復出口),25,16360
2016-4,39075000,醇酸樹脂，初級狀態,黎巴嫩,出口總值(含復出口),34,24350
2016-4,39075000,醇酸樹脂，初級狀態,澳大利亞,出口總值(含復出口),281,162470
2016-5,39073010,丙二酚型環氧樹脂,土耳其,出口總值(含復出口),251,141600
2016-5,39073010,丙二酚型環氧樹脂,中國大陸,進口總值(含復進口),51,22800
2016-5,39073010,丙二酚型環氧樹脂,中國大陸,出口總值(含復出口),3791,1699948
2016-5,39073010,丙二酚型環氧樹脂,中華民國,進口總值(含復進口),45,16000
2016-5,39073010,丙二酚型環氧樹脂,丹麥,進口總值(含復進口),104,23000
2016-5,39073010,丙二酚型環氧樹脂,巴林,出口總值(含復出口),87,52800
2016-5,39073010,丙二酚型環氧樹脂,巴基斯坦,出口總值(含復出口),122,74240
2016-5,39073010,丙二酚型環氧樹脂,日本,進口總值(含復進口),89,5502
2016-5,39073010,丙二酚型環氧樹脂,日本,出口總值(含復出口),2020,1084245
2016-5,39073010,丙二酚型環氧樹脂,加拿大,出口總值(含復出口),35,23000
2016-5,39073010,丙二酚型環氧樹脂,伊朗,出口總值(含復出口),106,67200
2016-5,39073010,丙二酚型環氧樹脂,印尼,出口總值(含復出口),139,70025
2016-5,39073010,丙二酚型環氧樹脂,印度,出口總值(含復出口),1231,741650
2016-5,39073010,丙二酚型環氧樹脂,西班牙,出口總值(含復出口),340,191400
2016-5,39073010,丙二酚型環氧樹脂,希臘,出口總值(含復出口),36,17600
2016-5,39073010,丙二酚型環氧樹脂,阿拉伯聯合大公國,出口總值(含復出口),278,193600
2016-5,39073010,丙二酚型環氧樹脂,阿曼,出口總值(含復出口),52,35200
2016-5,39073010,丙二酚型環氧樹脂,保加利亞,出口總值(含復出口),49,17600
2016-5,39073010,丙二酚型環氧樹脂,俄羅斯,出口總值(含復出口),29,18000
2016-5,39073010,丙二酚型環氧樹脂,南韓,進口總值(含復進口),532,112000
2016-5,39073010,丙二酚型環氧樹脂,南韓,出口總值(含復出口),198,118400
2016-5,39073010,丙二酚型環氧樹脂,美國,進口總值(含復進口),199,19196
2016-5,39073010,丙二酚型環氧樹脂,美國,出口總值(含復出口),786,478050
2016-5,39073010,丙二酚型環氧樹脂,英國,進口總值(含復進口),19,513
2016-5,39073010,丙二酚型環氧樹脂,英國,出口總值(含復出口),666,424230
2016-5,39073010,丙二酚型環氧樹脂,香港,出口總值(含復出口),41,19051
2016-5,39073010,丙二酚型環氧樹脂,泰國,出口總值(含復出口),141,64690
2016-5,39073010,丙二酚型環氧樹脂,紐西蘭,出口總值(含復出口),9,5500
2016-5,39073010,丙二酚型環氧樹脂,馬來西亞,出口總值(含復出口),735,417996
2016-5,39073010,丙二酚型環氧樹脂,荷蘭,進口總值(含復進口),111,52800
2016-5,39073010,丙二酚型環氧樹脂,菲律賓,出口總值(含復出口),265,159240
2016-5,39073010,丙二酚型環氧樹脂,越南,出口總值(含復出口),889,518060
2016-5,39073010,丙二酚型環氧樹脂,新加坡,出口總值(含復出口),496,315950
2016-5,39073010,丙二酚型環氧樹脂,義大利,出口總值(含復出口),603,332215
2016-5,39073010,丙二酚型環氧樹脂,葡萄牙,出口總值(含復出口),118,66240
2016-5,39073010,丙二酚型環氧樹脂,德國,進口總值(含復進口),66,9900
2016-5,39073010,丙二酚型環氧樹脂,德國,出口總值(含復出口),215,130040
2016-5,39073010,丙二酚型環氧樹脂,墨西哥,出口總值(含復出口),130,83200
2016-5,39073010,丙二酚型環氧樹脂,澳大利亞,出口總值(含復出口),133,77600
2016-5,39073010,丙二酚型環氧樹脂,澳門,出口總值(含復出口),227,118700
2016-5,39074000,聚碳酸樹脂，初級狀態,土耳其,出口總值(含復出口),57,24000
2016-5,39074000,聚碳酸樹脂，初級狀態,中國大陸,進口總值(含復進口),6715,2469243
2016-5,39074000,聚碳酸樹脂，初級狀態,中國大陸,出口總值(含復出口),39318,16834831
2016-5,39074000,聚碳酸樹脂，初級狀態,中華民國,進口總值(含復進口),35,10215
2016-5,39074000,聚碳酸樹脂，初級狀態,厄瓜多,出口總值(含復出口),4,1800
2016-5,39074000,聚碳酸樹脂，初級狀態,巴西,出口總值(含復出口),282,124500
2016-5,39074000,聚碳酸樹脂，初級狀態,巴拉圭,出口總值(含復出口),38,16000
2016-5,39074000,聚碳酸樹脂，初級狀態,巴基斯坦,出口總值(含復出口),99,39000
2016-5,39074000,聚碳酸樹脂，初級狀態,日本,進口總值(含復進口),5126,1164836
2016-5,39074000,聚碳酸樹脂，初級狀態,日本,出口總值(含復出口),1268,586485
2016-5,39074000,聚碳酸樹脂，初級狀態,比利時,進口總值(含復進口),888,452793
2016-5,39074000,聚碳酸樹脂，初級狀態,比利時,出口總值(含復出口),16,6000
2016-5,39074000,聚碳酸樹脂，初級狀態,以色列,出口總值(含復出口),98,48000
2016-5,39074000,聚碳酸樹脂，初級狀態,加拿大,進口總值(含復進口),13,1497
2016-5,39074000,聚碳酸樹脂，初級狀態,加拿大,出口總值(含復出口),3,1125
2016-5,39074000,聚碳酸樹脂，初級狀態,伊朗,出口總值(含復出口),67,32000
2016-5,39074000,聚碳酸樹脂，初級狀態,印尼,出口總值(含復出口),338,145050
2016-5,39074000,聚碳酸樹脂，初級狀態,西班牙,進口總值(含復進口),593,320750
2016-5,39074000,聚碳酸樹脂，初級狀態,西班牙,出口總值(含復出口),21,8000
2016-5,39074000,聚碳酸樹脂，初級狀態,沙烏地阿拉伯,進口總值(含復進口),3705,1966750
2016-5,39074000,聚碳酸樹脂，初級狀態,孟加拉,出口總值(含復出口),24,10000
2016-5,39074000,聚碳酸樹脂，初級狀態,波蘭,出口總值(含復出口),51,17000
2016-5,39074000,聚碳酸樹脂，初級狀態,法國,出口總值(含復出口),29,11000
2016-5,39074000,聚碳酸樹脂，初級狀態,阿拉伯聯合大公國,出口總值(含復出口),10,4000
2016-5,39074000,聚碳酸樹脂，初級狀態,阿根廷,出口總值(含復出口),238,108000
2016-5,39074000,聚碳酸樹脂，初級狀態,俄羅斯,出口總值(含復出口),29,11000
2016-5,39074000,聚碳酸樹脂，初級狀態,南非,出口總值(含復出口),110,45000
2016-5,39074000,聚碳酸樹脂，初級狀態,南韓,進口總值(含復進口),3457,1610075
2016-5,39074000,聚碳酸樹脂，初級狀態,南韓,出口總值(含復出口),2650,1181000
2016-5,39074000,聚碳酸樹脂，初級狀態,美國,進口總值(含復進口),565,152731
2016-5,39074000,聚碳酸樹脂，初級狀態,美國,出口總值(含復出口),441,179716
2016-5,39074000,聚碳酸樹脂，初級狀態,英國,進口總值(含復進口),12,2848
2016-5,39074000,聚碳酸樹脂，初級狀態,英國,出口總值(含復出口),81,34000
2016-5,39074000,聚碳酸樹脂，初級狀態,香港,進口總值(含復進口),120,76700
2016-5,39074000,聚碳酸樹脂，初級狀態,香港,出口總值(含復出口),3815,1275197
2016-5,39074000,聚碳酸樹脂，初級狀態,哥倫比亞,出口總值(含復出口),48,20000
2016-5,39074000,聚碳酸樹脂，初級狀態,泰國,進口總值(含復進口),7034,3233827
2016-5,39074000,聚碳酸樹脂，初級狀態,泰國,出口總值(含復出口),426,155250
2016-5,39074000,聚碳酸樹脂，初級狀態,秘魯,出口總值(含復出口),11,4000
2016-5,39074000,聚碳酸樹脂，初級狀態,紐西蘭,出口總值(含復出口),40,14250
2016-5,39074000,聚碳酸樹脂，初級狀態,馬來西亞,進口總值(含復進口),2,300
2016-5,39074000,聚碳酸樹脂，初級狀態,馬來西亞,出口總值(含復出口),541,216388
2016-5,39074000,聚碳酸樹脂，初級狀態,敘利亞,出口總值(含復出口),33,13000
2016-5,39074000,聚碳酸樹脂，初級狀態,荷蘭,進口總值(含復進口),14,2000
2016-5,39074000,聚碳酸樹脂，初級狀態,荷蘭,出口總值(含復出口),753,293075
2016-5,39074000,聚碳酸樹脂，初級狀態,斐濟,出口總值(含復出口),7,2000
2016-5,39074000,聚碳酸樹脂，初級狀態,斯洛維尼亞,出口總值(含復出口),91,32000
2016-5,39074000,聚碳酸樹脂，初級狀態,智利,出口總值(含復出口),12,5000
2016-5,39074000,聚碳酸樹脂，初級狀態,菲律賓,進口總值(含復進口),6,682
2016-5,39074000,聚碳酸樹脂，初級狀態,菲律賓,出口總值(含復出口),77,29000
2016-5,39074000,聚碳酸樹脂，初級狀態,越南,出口總值(含復出口),585,234440
2016-5,39074000,聚碳酸樹脂，初級狀態,奧地利,進口總值(含復進口),2,10
2016-5,39074000,聚碳酸樹脂，初級狀態,新加坡,進口總值(含復進口),626,140634
2016-5,39074000,聚碳酸樹脂，初級狀態,新加坡,出口總值(含復出口),121,36825
2016-5,39074000,聚碳酸樹脂，初級狀態,瑞士,進口總值(含復進口),291,43475
2016-5,39074000,聚碳酸樹脂，初級狀態,瑞典,進口總值(含復進口),5,800
2016-5,39074000,聚碳酸樹脂，初級狀態,瑞典,出口總值(含復出口),44,18000
2016-5,39074000,聚碳酸樹脂，初級狀態,義大利,進口總值(含復進口),67,36874
2016-5,39074000,聚碳酸樹脂，初級狀態,義大利,出口總值(含復出口),145,58000
2016-5,39074000,聚碳酸樹脂，初級狀態,德國,進口總值(含復進口),1436,570800
2016-5,39074000,聚碳酸樹脂，初級狀態,德國,出口總值(含復出口),153,64000
2016-5,39074000,聚碳酸樹脂，初級狀態,緬甸,出口總值(含復出口),30,17000
2016-5,39074000,聚碳酸樹脂，初級狀態,墨西哥,進口總值(含復進口),50,46453
2016-5,39074000,聚碳酸樹脂，初級狀態,墨西哥,出口總值(含復出口),240,98500
2016-5,39074000,聚碳酸樹脂，初級狀態,澳大利亞,進口總值(含復進口),3,700
2016-5,39074000,聚碳酸樹脂，初級狀態,澳大利亞,出口總值(含復出口),64,28250
2016-5,39075000,醇酸樹脂，初級狀態,中國大陸,進口總值(含復進口),2,720
2016-5,39075000,醇酸樹脂，初級狀態,中國大陸,出口總值(含復出口),890,475474
2016-5,39075000,醇酸樹脂，初級狀態,中華民國,進口總值(含復進口),25,14400
2016-5,39075000,醇酸樹脂，初級狀態,日本,進口總值(含復進口),20,4096
2016-5,39075000,醇酸樹脂，初級狀態,以色列,出口總值(含復出口),69,53670
2016-5,39075000,醇酸樹脂，初級狀態,印尼,出口總值(含復出口),18,10130
2016-5,39075000,醇酸樹脂，初級狀態,印度,出口總值(含復出口),14,5000
2016-5,39075000,醇酸樹脂，初級狀態,沙烏地阿拉伯,出口總值(含復出口),44,35600
2016-5,39075000,醇酸樹脂，初級狀態,孟加拉,出口總值(含復出口),9,8000
2016-5,39075000,醇酸樹脂，初級狀態,南韓,出口總值(含復出口),53,30400
2016-5,39075000,醇酸樹脂，初級狀態,柬埔寨,出口總值(含復出口),1,450
2016-5,39075000,醇酸樹脂，初級狀態,香港,出口總值(含復出口),5,3030
2016-5,39075000,醇酸樹脂，初級狀態,哥斯大黎加,出口總值(含復出口),4,1900
2016-5,39075000,醇酸樹脂，初級狀態,泰國,出口總值(含復出口),37,21400
2016-5,39075000,醇酸樹脂，初級狀態,紐西蘭,出口總值(含復出口),7,3920
2016-5,39075000,醇酸樹脂，初級狀態,馬來西亞,出口總值(含復出口),293,174323
2016-5,39075000,醇酸樹脂，初級狀態,荷蘭,進口總值(含復進口),2,300
2016-5,39075000,醇酸樹脂，初級狀態,斯里蘭卡,出口總值(含復出口),44,29400
2016-5,39075000,醇酸樹脂，初級狀態,菲律賓,出口總值(含復出口),4,2390
2016-5,39075000,醇酸樹脂，初級狀態,越南,出口總值(含復出口),3333,2364215
2016-5,39075000,醇酸樹脂，初級狀態,奧地利,進口總值(含復進口),7,3350
2016-5,39075000,醇酸樹脂，初級狀態,新加坡,出口總值(含復出口),146,80760
2016-5,39075000,醇酸樹脂，初級狀態,德國,進口總值(含復進口),16,2247
2016-5,39075000,醇酸樹脂，初級狀態,模里西斯,出口總值(含復出口),40,38310
2016-5,39075000,醇酸樹脂，初級狀態,黎巴嫩,出口總值(含復出口),19,15930
2016-5,39075000,醇酸樹脂，初級狀態,澳大利亞,出口總值(含復出口),265,166260
2016-6,39073010,丙二酚型環氧樹脂,土耳其,出口總值(含復出口),366,202940
2016-6,39073010,丙二酚型環氧樹脂,中國大陸,進口總值(含復進口),47,28000
2016-6,39073010,丙二酚型環氧樹脂,中國大陸,出口總值(含復出口),3529,1435244
2016-6,39073010,丙二酚型環氧樹脂,中華民國,進口總值(含復進口),54,19335
2016-6,39073010,丙二酚型環氧樹脂,巴西,出口總值(含復出口),172,118310
2016-6,39073010,丙二酚型環氧樹脂,巴林,出口總值(含復出口),87,52800
2016-6,39073010,丙二酚型環氧樹脂,巴基斯坦,出口總值(含復出口),56,35100
2016-6,39073010,丙二酚型環氧樹脂,日本,進口總值(含復進口),89,4422
2016-6,39073010,丙二酚型環氧樹脂,日本,出口總值(含復出口),1927,1018125
2016-6,39073010,丙二酚型環氧樹脂,加拿大,出口總值(含復出口),120,84960
2016-6,39073010,丙二酚型環氧樹脂,伊朗,出口總值(含復出口),159,102400
2016-6,39073010,丙二酚型環氧樹脂,印尼,出口總值(含復出口),66,35000
2016-6,39073010,丙二酚型環氧樹脂,印度,出口總值(含復出口),355,201280
2016-6,39073010,丙二酚型環氧樹脂,西班牙,出口總值(含復出口),34,19800
2016-6,39073010,丙二酚型環氧樹脂,沙烏地阿拉伯,出口總值(含復出口),56,35200
2016-6,39073010,丙二酚型環氧樹脂,孟加拉,出口總值(含復出口),11,8000
2016-6,39073010,丙二酚型環氧樹脂,阿拉伯聯合大公國,出口總值(含復出口),232,158400
2016-6,39073010,丙二酚型環氧樹脂,阿曼,出口總值(含復出口),52,35200
2016-6,39073010,丙二酚型環氧樹脂,南非,出口總值(含復出口),16,10000
2016-6,39073010,丙二酚型環氧樹脂,南韓,進口總值(含復進口),237,48000
2016-6,39073010,丙二酚型環氧樹脂,南韓,出口總值(含復出口),287,156480
2016-6,39073010,丙二酚型環氧樹脂,美國,進口總值(含復進口),107,21043
2016-6,39073010,丙二酚型環氧樹脂,美國,出口總值(含復出口),717,431890
2016-6,39073010,丙二酚型環氧樹脂,英國,出口總值(含復出口),223,142320
2016-6,39073010,丙二酚型環氧樹脂,香港,出口總值(含復出口),80,39600
2016-6,39073010,丙二酚型環氧樹脂,泰國,出口總值(含復出口),81,43742
2016-6,39073010,丙二酚型環氧樹脂,烏克蘭,出口總值(含復出口),31,17600
2016-6,39073010,丙二酚型環氧樹脂,馬來西亞,出口總值(含復出口),792,471618
2016-6,39073010,丙二酚型環氧樹脂,荷蘭,進口總值(含復進口),72,34800
2016-6,39073010,丙二酚型環氧樹脂,荷蘭,出口總值(含復出口),34,19200
2016-6,39073010,丙二酚型環氧樹脂,菲律賓,出口總值(含復出口),284,183820
2016-6,39073010,丙二酚型環氧樹脂,越南,出口總值(含復出口),590,359090
2016-6,39073010,丙二酚型環氧樹脂,奧地利,出口總值(含復出口),36,17500
2016-6,39073010,丙二酚型環氧樹脂,新加坡,出口總值(含復出口),463,276420
2016-6,39073010,丙二酚型環氧樹脂,義大利,出口總值(含復出口),550,314430
2016-6,39073010,丙二酚型環氧樹脂,葡萄牙,出口總值(含復出口),80,48000
2016-6,39073010,丙二酚型環氧樹脂,德國,進口總值(含復進口),8,416
2016-6,39073010,丙二酚型環氧樹脂,德國,出口總值(含復出口),221,133200
2016-6,39073010,丙二酚型環氧樹脂,墨西哥,出口總值(含復出口),203,122480
2016-6,39073010,丙二酚型環氧樹脂,澳大利亞,出口總值(含復出口),145,75200
2016-6,39073010,丙二酚型環氧樹脂,澳門,出口總值(含復出口),224,118130
2016-6,39074000,聚碳酸樹脂，初級狀態,中國大陸,進口總值(含復進口),6657,2362328
2016-6,39074000,聚碳酸樹脂，初級狀態,中國大陸,出口總值(含復出口),37877,16015350
2016-6,39074000,聚碳酸樹脂，初級狀態,中華民國,進口總值(含復進口),127,54316
2016-6,39074000,聚碳酸樹脂，初級狀態,巴西,出口總值(含復出口),161,68000
2016-6,39074000,聚碳酸樹脂，初級狀態,巴基斯坦,出口總值(含復出口),114,45000
2016-6,39074000,聚碳酸樹脂，初級狀態,日本,進口總值(含復進口),4300,1406158
2016-6,39074000,聚碳酸樹脂，初級狀態,日本,出口總值(含復出口),1495,671000
2016-6,39074000,聚碳酸樹脂，初級狀態,比利時,進口總值(含復進口),293,99692
2016-6,39074000,聚碳酸樹脂，初級狀態,比利時,出口總值(含復出口),16,5000
2016-6,39074000,聚碳酸樹脂，初級狀態,以色列,出口總值(含復出口),172,75000
2016-6,39074000,聚碳酸樹脂，初級狀態,加拿大,出口總值(含復出口),22,9000
2016-6,39074000,聚碳酸樹脂，初級狀態,立陶宛,進口總值(含復進口),3,617
2016-6,39074000,聚碳酸樹脂，初級狀態,立陶宛,出口總值(含復出口),21,8000
2016-6,39074000,聚碳酸樹脂，初級狀態,伊朗,出口總值(含復出口),564,245000
2016-6,39074000,聚碳酸樹脂，初級狀態,印尼,出口總值(含復出口),121,50000
2016-6,39074000,聚碳酸樹脂，初級狀態,印度,出口總值(含復出口),2,500
2016-6,39074000,聚碳酸樹脂，初級狀態,西班牙,進口總值(含復進口),4397,1949161
2016-6,39074000,聚碳酸樹脂，初級狀態,孟加拉,出口總值(含復出口),25,7000
2016-6,39074000,聚碳酸樹脂，初級狀態,波蘭,出口總值(含復出口),48,16000
2016-6,39074000,聚碳酸樹脂，初級狀態,法國,出口總值(含復出口),19,8000
2016-6,39074000,聚碳酸樹脂，初級狀態,阿拉伯聯合大公國,出口總值(含復出口),5,2000
2016-6,39074000,聚碳酸樹脂，初級狀態,阿根廷,出口總值(含復出口),162,69000
2016-6,39074000,聚碳酸樹脂，初級狀態,俄羅斯,出口總值(含復出口),33,13675
2016-6,39074000,聚碳酸樹脂，初級狀態,南非,出口總值(含復出口),295,122000
2016-6,39074000,聚碳酸樹脂，初級狀態,南韓,進口總值(含復進口),2246,973336
2016-6,39074000,聚碳酸樹脂，初級狀態,南韓,出口總值(含復出口),976,431000
2016-6,39074000,聚碳酸樹脂，初級狀態,美國,進口總值(含復進口),1035,191872
2016-6,39074000,聚碳酸樹脂，初級狀態,美國,出口總值(含復出口),542,229517
2016-6,39074000,聚碳酸樹脂，初級狀態,英國,出口總值(含復出口),23,9000
2016-6,39074000,聚碳酸樹脂，初級狀態,香港,進口總值(含復進口),125,76600
2016-6,39074000,聚碳酸樹脂，初級狀態,香港,出口總值(含復出口),4640,1567525
2016-6,39074000,聚碳酸樹脂，初級狀態,哥倫比亞,出口總值(含復出口),24,10000
2016-6,39074000,聚碳酸樹脂，初級狀態,哥斯大黎加,出口總值(含復出口),6,11000
2016-6,39074000,聚碳酸樹脂，初級狀態,泰國,進口總值(含復進口),6043,2519921
2016-6,39074000,聚碳酸樹脂，初級狀態,泰國,出口總值(含復出口),396,154527
2016-6,39074000,聚碳酸樹脂，初級狀態,烏克蘭,出口總值(含復出口),13,9000
2016-6,39074000,聚碳酸樹脂，初級狀態,烏拉圭,出口總值(含復出口),169,72000
2016-6,39074000,聚碳酸樹脂，初級狀態,秘魯,出口總值(含復出口),22,8000
2016-6,39074000,聚碳酸樹脂，初級狀態,紐西蘭,出口總值(含復出口),9,3000
2016-6,39074000,聚碳酸樹脂，初級狀態,馬來西亞,進口總值(含復進口),2,5997
2016-6,39074000,聚碳酸樹脂，初級狀態,馬來西亞,出口總值(含復出口),304,116475
2016-6,39074000,聚碳酸樹脂，初級狀態,敘利亞,出口總值(含復出口),102,39000
2016-6,39074000,聚碳酸樹脂，初級狀態,荷蘭,進口總值(含復進口),159,51750
2016-6,39074000,聚碳酸樹脂，初級狀態,荷蘭,出口總值(含復出口),1006,379200
2016-6,39074000,聚碳酸樹脂，初級狀態,斯里蘭卡,出口總值(含復出口),47,20000
2016-6,39074000,聚碳酸樹脂，初級狀態,斯洛維尼亞,出口總值(含復出口),26,11000
2016-6,39074000,聚碳酸樹脂，初級狀態,菲律賓,出口總值(含復出口),145,74000
2016-6,39074000,聚碳酸樹脂，初級狀態,越南,出口總值(含復出口),224,80175
2016-6,39074000,聚碳酸樹脂，初級狀態,奧地利,進口總值(含復進口),4,26
2016-6,39074000,聚碳酸樹脂，初級狀態,新加坡,進口總值(含復進口),600,163265
2016-6,39074000,聚碳酸樹脂，初級狀態,新加坡,出口總值(含復出口),184,62525
2016-6,39074000,聚碳酸樹脂，初級狀態,瑞士,進口總值(含復進口),103,15950
2016-6,39074000,聚碳酸樹脂，初級狀態,義大利,進口總值(含復進口),15,2006
2016-6,39074000,聚碳酸樹脂，初級狀態,葡萄牙,出口總值(含復出口),9,3600
2016-6,39074000,聚碳酸樹脂，初級狀態,德國,進口總值(含復進口),1729,698600
2016-6,39074000,聚碳酸樹脂，初級狀態,德國,出口總值(含復出口),180,81000
2016-6,39074000,聚碳酸樹脂，初級狀態,緬甸,出口總值(含復出口),67,32000
2016-6,39074000,聚碳酸樹脂，初級狀態,黎巴嫩,出口總值(含復出口),5,2000
2016-6,39074000,聚碳酸樹脂，初級狀態,墨西哥,出口總值(含復出口),220,95000
2016-6,39074000,聚碳酸樹脂，初級狀態,澳大利亞,出口總值(含復出口),19,8000
2016-6,39075000,醇酸樹脂，初級狀態,中國大陸,進口總值(含復進口),37,16000
2016-6,39075000,醇酸樹脂，初級狀態,中國大陸,出口總值(含復出口),660,400801
2016-6,39075000,醇酸樹脂，初級狀態,中華民國,進口總值(含復進口),3,1520
2016-6,39075000,醇酸樹脂，初級狀態,日本,進口總值(含復進口),50,19500
2016-6,39075000,醇酸樹脂，初級狀態,日本,出口總值(含復出口),18,8800
2016-6,39075000,醇酸樹脂，初級狀態,以色列,出口總值(含復出口),23,16000
2016-6,39075000,醇酸樹脂，初級狀態,印尼,出口總值(含復出口),6,3000
2016-6,39075000,醇酸樹脂，初級狀態,阿拉伯聯合大公國,出口總值(含復出口),5,4200
2016-6,39075000,醇酸樹脂，初級狀態,南非,出口總值(含復出口),9,6000
2016-6,39075000,醇酸樹脂，初級狀態,南韓,出口總值(含復出口),27,15200
2016-6,39075000,醇酸樹脂，初級狀態,柬埔寨,出口總值(含復出口),1,300
2016-6,39075000,醇酸樹脂，初級狀態,香港,出口總值(含復出口),21,9800
2016-6,39075000,醇酸樹脂，初級狀態,泰國,出口總值(含復出口),90,63800
2016-6,39075000,醇酸樹脂，初級狀態,馬來西亞,出口總值(含復出口),281,169200
2016-6,39075000,醇酸樹脂，初級狀態,斯里蘭卡,出口總值(含復出口),66,43200
2016-6,39075000,醇酸樹脂，初級狀態,菲律賓,出口總值(含復出口),2,1180
2016-6,39075000,醇酸樹脂，初級狀態,越南,出口總值(含復出口),2638,1843512
2016-6,39075000,醇酸樹脂，初級狀態,奧地利,進口總值(含復進口),5,2730
2016-6,39075000,醇酸樹脂，初級狀態,新加坡,出口總值(含復出口),310,150576
2016-6,39075000,醇酸樹脂，初級狀態,模里西斯,出口總值(含復出口),35,30930
2016-6,39075000,醇酸樹脂，初級狀態,緬甸,出口總值(含復出口),22,16000
2016-6,39075000,醇酸樹脂，初級狀態,黎巴嫩,出口總值(含復出口),57,42010
2016-6,39075000,醇酸樹脂，初級狀態,澳大利亞,出口總值(含復出口),161,106280
2016-7,39073010,丙二酚型環氧樹脂,土耳其,出口總值(含復出口),425,252320
2016-7,39073010,丙二酚型環氧樹脂,中國大陸,進口總值(含復進口),87,35425
2016-7,39073010,丙二酚型環氧樹脂,中國大陸,出口總值(含復出口),3544,1470093
2016-7,39073010,丙二酚型環氧樹脂,中華民國,進口總值(含復進口),81,48400
2016-7,39073010,丙二酚型環氧樹脂,巴西,出口總值(含復出口),175,120050
2016-7,39073010,丙二酚型環氧樹脂,巴林,出口總值(含復出口),82,52800
2016-7,39073010,丙二酚型環氧樹脂,巴基斯坦,出口總值(含復出口),35,19260
2016-7,39073010,丙二酚型環氧樹脂,日本,進口總值(含復進口),219,6838
2016-7,39073010,丙二酚型環氧樹脂,日本,出口總值(含復出口),1884,949805
2016-7,39073010,丙二酚型環氧樹脂,比利時,出口總值(含復出口),35,24000
2016-7,39073010,丙二酚型環氧樹脂,加拿大,出口總值(含復出口),57,39600
2016-7,39073010,丙二酚型環氧樹脂,伊朗,出口總值(含復出口),157,100800
2016-7,39073010,丙二酚型環氧樹脂,印尼,出口總值(含復出口),306,190080
2016-7,39073010,丙二酚型環氧樹脂,印度,出口總值(含復出口),791,503100
2016-7,39073010,丙二酚型環氧樹脂,沙烏地阿拉伯,出口總值(含復出口),56,35200
2016-7,39073010,丙二酚型環氧樹脂,阿拉伯聯合大公國,出口總值(含復出口),370,246400
2016-7,39073010,丙二酚型環氧樹脂,保加利亞,出口總值(含復出口),79,36800
2016-7,39073010,丙二酚型環氧樹脂,俄羅斯,出口總值(含復出口),28,17600
2016-7,39073010,丙二酚型環氧樹脂,南非,出口總值(含復出口),13,8800
2016-7,39073010,丙二酚型環氧樹脂,南韓,進口總值(含復進口),272,53000
2016-7,39073010,丙二酚型環氧樹脂,南韓,出口總值(含復出口),146,98400
2016-7,39073010,丙二酚型環氧樹脂,美國,進口總值(含復進口),53,5654
2016-7,39073010,丙二酚型環氧樹脂,美國,出口總值(含復出口),594,372964
2016-7,39073010,丙二酚型環氧樹脂,英國,出口總值(含復出口),546,353170
2016-7,39073010,丙二酚型環氧樹脂,埃及,出口總值(含復出口),106,65600
2016-7,39073010,丙二酚型環氧樹脂,泰國,出口總值(含復出口),42,26340
2016-7,39073010,丙二酚型環氧樹脂,烏克蘭,出口總值(含復出口),9,5280
2016-7,39073010,丙二酚型環氧樹脂,馬來西亞,出口總值(含復出口),692,434768
2016-7,39073010,丙二酚型環氧樹脂,荷蘭,出口總值(含復出口),159,81800
2016-7,39073010,丙二酚型環氧樹脂,智利,出口總值(含復出口),28,17600
2016-7,39073010,丙二酚型環氧樹脂,菲律賓,出口總值(含復出口),285,177000
2016-7,39073010,丙二酚型環氧樹脂,越南,出口總值(含復出口),544,324980
2016-7,39073010,丙二酚型環氧樹脂,新加坡,出口總值(含復出口),423,254345
2016-7,39073010,丙二酚型環氧樹脂,義大利,出口總值(含復出口),17,9750
2016-7,39073010,丙二酚型環氧樹脂,德國,進口總值(含復進口),50,18000
2016-7,39073010,丙二酚型環氧樹脂,德國,出口總值(含復出口),100,61800
2016-7,39073010,丙二酚型環氧樹脂,墨西哥,出口總值(含復出口),127,75680
2016-7,39073010,丙二酚型環氧樹脂,澳大利亞,出口總值(含復出口),269,158160
2016-7,39073010,丙二酚型環氧樹脂,澳門,出口總值(含復出口),180,99150
2016-7,39074000,聚碳酸樹脂，初級狀態,土耳其,出口總值(含復出口),2,1000
2016-7,39074000,聚碳酸樹脂，初級狀態,中國大陸,進口總值(含復進口),6776,2479475
2016-7,39074000,聚碳酸樹脂，初級狀態,中國大陸,出口總值(含復出口),39652,17107301
2016-7,39074000,聚碳酸樹脂，初級狀態,中華民國,進口總值(含復進口),18,11000
2016-7,39074000,聚碳酸樹脂，初級狀態,厄瓜多,出口總值(含復出口),6,2500
2016-7,39074000,聚碳酸樹脂，初級狀態,巴西,出口總值(含復出口),125,54000
2016-7,39074000,聚碳酸樹脂，初級狀態,巴基斯坦,出口總值(含復出口),47,20000
2016-7,39074000,聚碳酸樹脂，初級狀態,日本,進口總值(含復進口),2803,999895
2016-7,39074000,聚碳酸樹脂，初級狀態,日本,出口總值(含復出口),4579,1932890
2016-7,39074000,聚碳酸樹脂，初級狀態,比利時,進口總值(含復進口),128,47850
2016-7,39074000,聚碳酸樹脂，初級狀態,比利時,出口總值(含復出口),14,5000
2016-7,39074000,聚碳酸樹脂，初級狀態,以色列,出口總值(含復出口),46,18700
2016-7,39074000,聚碳酸樹脂，初級狀態,加拿大,進口總值(含復進口),32,3500
2016-7,39074000,聚碳酸樹脂，初級狀態,伊朗,出口總值(含復出口),207,85000
2016-7,39074000,聚碳酸樹脂，初級狀態,匈牙利,進口總值(含復進口),1,200
2016-7,39074000,聚碳酸樹脂，初級狀態,印尼,出口總值(含復出口),370,153100
2016-7,39074000,聚碳酸樹脂，初級狀態,西班牙,進口總值(含復進口),6678,2880368
2016-7,39074000,聚碳酸樹脂，初級狀態,沙烏地阿拉伯,進口總值(含復進口),541,311250
2016-7,39074000,聚碳酸樹脂，初級狀態,孟加拉,出口總值(含復出口),56,23000
2016-7,39074000,聚碳酸樹脂，初級狀態,波蘭,出口總值(含復出口),17,7000
2016-7,39074000,聚碳酸樹脂，初級狀態,法國,出口總值(含復出口),46,18000
2016-7,39074000,聚碳酸樹脂，初級狀態,肯亞,出口總值(含復出口),156,60000
2016-7,39074000,聚碳酸樹脂，初級狀態,阿拉伯聯合大公國,出口總值(含復出口),12,5000
2016-7,39074000,聚碳酸樹脂，初級狀態,阿根廷,出口總值(含復出口),224,84260
2016-7,39074000,聚碳酸樹脂，初級狀態,俄羅斯,出口總值(含復出口),2,1000
2016-7,39074000,聚碳酸樹脂，初級狀態,南非,出口總值(含復出口),214,88000
2016-7,39074000,聚碳酸樹脂，初級狀態,南韓,進口總值(含復進口),1560,726866
2016-7,39074000,聚碳酸樹脂，初級狀態,南韓,出口總值(含復出口),2507,1121000
2016-7,39074000,聚碳酸樹脂，初級狀態,突尼西亞,出口總值(含復出口),61,20000
2016-7,39074000,聚碳酸樹脂，初級狀態,美國,進口總值(含復進口),1196,261568
2016-7,39074000,聚碳酸樹脂，初級狀態,美國,出口總值(含復出口),490,195000
2016-7,39074000,聚碳酸樹脂，初級狀態,英國,出口總值(含復出口),42,16250
2016-7,39074000,聚碳酸樹脂，初級狀態,香港,進口總值(含復進口),212,127500
2016-7,39074000,聚碳酸樹脂，初級狀態,香港,出口總值(含復出口),5469,1824620
2016-7,39074000,聚碳酸樹脂，初級狀態,哥倫比亞,出口總值(含復出口),48,20000
2016-7,39074000,聚碳酸樹脂，初級狀態,埃及,出口總值(含復出口),57,21000
2016-7,39074000,聚碳酸樹脂，初級狀態,挪威,出口總值(含復出口),37,16000
2016-7,39074000,聚碳酸樹脂，初級狀態,泰國,進口總值(含復進口),7055,3158337
2016-7,39074000,聚碳酸樹脂，初級狀態,泰國,出口總值(含復出口),459,178682
2016-7,39074000,聚碳酸樹脂，初級狀態,馬來西亞,進口總值(含復進口),9,17345
2016-7,39074000,聚碳酸樹脂，初級狀態,馬來西亞,出口總值(含復出口),411,156900
2016-7,39074000,聚碳酸樹脂，初級狀態,荷蘭,進口總值(含復進口),139,70595
2016-7,39074000,聚碳酸樹脂，初級狀態,荷蘭,出口總值(含復出口),945,360000
2016-7,39074000,聚碳酸樹脂，初級狀態,斯里蘭卡,出口總值(含復出口),101,42000
2016-7,39074000,聚碳酸樹脂，初級狀態,斯洛維尼亞,出口總值(含復出口),14,6000
2016-7,39074000,聚碳酸樹脂，初級狀態,智利,出口總值(含復出口),66,25000
2016-7,39074000,聚碳酸樹脂，初級狀態,菲律賓,出口總值(含復出口),95,53000
2016-7,39074000,聚碳酸樹脂，初級狀態,越南,出口總值(含復出口),502,214270
2016-7,39074000,聚碳酸樹脂，初級狀態,奧地利,進口總值(含復進口),13,74
2016-7,39074000,聚碳酸樹脂，初級狀態,新加坡,進口總值(含復進口),608,179925
2016-7,39074000,聚碳酸樹脂，初級狀態,新加坡,出口總值(含復出口),127,44950
2016-7,39074000,聚碳酸樹脂，初級狀態,瑞典,出口總值(含復出口),44,18000
2016-7,39074000,聚碳酸樹脂，初級狀態,義大利,進口總值(含復進口),81,15622
2016-7,39074000,聚碳酸樹脂，初級狀態,義大利,出口總值(含復出口),43,16000
2016-7,39074000,聚碳酸樹脂，初級狀態,葡萄牙,出口總值(含復出口),5,2000
2016-7,39074000,聚碳酸樹脂，初級狀態,德國,進口總值(含復進口),1097,520210
2016-7,39074000,聚碳酸樹脂，初級狀態,德國,出口總值(含復出口),13,5000
2016-7,39074000,聚碳酸樹脂，初級狀態,墨西哥,進口總值(含復進口),0,0
2016-7,39074000,聚碳酸樹脂，初級狀態,墨西哥,出口總值(含復出口),184,75227
2016-7,39074000,聚碳酸樹脂，初級狀態,澳大利亞,出口總值(含復出口),14,5000
2016-7,39075000,醇酸樹脂，初級狀態,中國大陸,進口總值(含復進口),22,16360
2016-7,39075000,醇酸樹脂，初級狀態,中國大陸,出口總值(含復出口),618,360682
2016-7,39075000,醇酸樹脂，初級狀態,中華民國,進口總值(含復進口),25,10400
2016-7,39075000,醇酸樹脂，初級狀態,日本,進口總值(含復進口),7,2000
2016-7,39075000,醇酸樹脂，初級狀態,日本,出口總值(含復出口),38,18000
2016-7,39075000,醇酸樹脂，初級狀態,以色列,出口總值(含復出口),41,32800
2016-7,39075000,醇酸樹脂，初級狀態,印尼,出口總值(含復出口),28,14798
2016-7,39075000,醇酸樹脂，初級狀態,沙烏地阿拉伯,出口總值(含復出口),64,49600
2016-7,39075000,醇酸樹脂，初級狀態,阿拉伯聯合大公國,出口總值(含復出口),57,32200
2016-7,39075000,醇酸樹脂，初級狀態,南非,出口總值(含復出口),5,3000
2016-7,39075000,醇酸樹脂，初級狀態,南韓,出口總值(含復出口),27,15200
2016-7,39075000,醇酸樹脂，初級狀態,香港,出口總值(含復出口),3,2000
2016-7,39075000,醇酸樹脂，初級狀態,哥斯大黎加,出口總值(含復出口),10,4750
2016-7,39075000,醇酸樹脂，初級狀態,埃及,出口總值(含復出口),65,50400
2016-7,39075000,醇酸樹脂，初級狀態,泰國,出口總值(含復出口),96,48800
2016-7,39075000,醇酸樹脂，初級狀態,紐西蘭,出口總值(含復出口),5,2600
2016-7,39075000,醇酸樹脂，初級狀態,馬來西亞,出口總值(含復出口),185,99280
2016-7,39075000,醇酸樹脂，初級狀態,斯里蘭卡,出口總值(含復出口),49,30000
2016-7,39075000,醇酸樹脂，初級狀態,越南,出口總值(含復出口),2565,1735161
2016-7,39075000,醇酸樹脂，初級狀態,新加坡,出口總值(含復出口),220,102410
2016-7,39075000,醇酸樹脂，初級狀態,模里西斯,出口總值(含復出口),8,5660
2016-7,39075000,醇酸樹脂，初級狀態,緬甸,出口總值(含復出口),21,16000
2016-7,39075000,醇酸樹脂，初級狀態,黎巴嫩,出口總值(含復出口),28,21920
2016-7,39075000,醇酸樹脂，初級狀態,澳大利亞,出口總值(含復出口),392,243880
2016-8,39073010,丙二酚型環氧樹脂,土耳其,出口總值(含復出口),105,66780
2016-8,39073010,丙二酚型環氧樹脂,中國大陸,進口總值(含復進口),97,48720
2016-8,39073010,丙二酚型環氧樹脂,中國大陸,出口總值(含復出口),4896,2375493
2016-8,39073010,丙二酚型環氧樹脂,中華民國,進口總值(含復進口),65,19940
2016-8,39073010,丙二酚型環氧樹脂,巴西,出口總值(含復出口),72,52030
2016-8,39073010,丙二酚型環氧樹脂,巴林,出口總值(含復出口),54,35200
2016-8,39073010,丙二酚型環氧樹脂,巴基斯坦,出口總值(含復出口),89,54200
2016-8,39073010,丙二酚型環氧樹脂,日本,進口總值(含復進口),195,10701
2016-8,39073010,丙二酚型環氧樹脂,日本,出口總值(含復出口),1538,850365
2016-8,39073010,丙二酚型環氧樹脂,加拿大,出口總值(含復出口),29,22000
2016-8,39073010,丙二酚型環氧樹脂,伊朗,出口總值(含復出口),252,164800
2016-8,39073010,丙二酚型環氧樹脂,印尼,出口總值(含復出口),92,57660
2016-8,39073010,丙二酚型環氧樹脂,印度,出口總值(含復出口),583,352180
2016-8,39073010,丙二酚型環氧樹脂,西班牙,出口總值(含復出口),158,95320
2016-8,39073010,丙二酚型環氧樹脂,希臘,出口總值(含復出口),84,52700
2016-8,39073010,丙二酚型環氧樹脂,沙烏地阿拉伯,出口總值(含復出口),77,52800
2016-8,39073010,丙二酚型環氧樹脂,阿拉伯聯合大公國,出口總值(含復出口),353,228800
2016-8,39073010,丙二酚型環氧樹脂,阿曼,出口總值(含復出口),31,19200
2016-8,39073010,丙二酚型環氧樹脂,保加利亞,出口總值(含復出口),31,19200
2016-8,39073010,丙二酚型環氧樹脂,俄羅斯,出口總值(含復出口),28,17600
2016-8,39073010,丙二酚型環氧樹脂,南非,出口總值(含復出口),15,10000
2016-8,39073010,丙二酚型環氧樹脂,南韓,進口總值(含復進口),237,48000
2016-8,39073010,丙二酚型環氧樹脂,南韓,出口總值(含復出口),342,218880
2016-8,39073010,丙二酚型環氧樹脂,美國,進口總值(含復進口),122,26437
2016-8,39073010,丙二酚型環氧樹脂,美國,出口總值(含復出口),706,451340
2016-8,39073010,丙二酚型環氧樹脂,英國,出口總值(含復出口),766,505500
2016-8,39073010,丙二酚型環氧樹脂,香港,出口總值(含復出口),32,18680
2016-8,39073010,丙二酚型環氧樹脂,哥倫比亞,出口總值(含復出口),30,18720
2016-8,39073010,丙二酚型環氧樹脂,埃及,出口總值(含復出口),78,48000
2016-8,39073010,丙二酚型環氧樹脂,泰國,出口總值(含復出口),101,44230
2016-8,39073010,丙二酚型環氧樹脂,烏克蘭,出口總值(含復出口),28,17600
2016-8,39073010,丙二酚型環氧樹脂,馬來西亞,進口總值(含復進口),44,12000
2016-8,39073010,丙二酚型環氧樹脂,馬來西亞,出口總值(含復出口),868,548590
2016-8,39073010,丙二酚型環氧樹脂,荷蘭,進口總值(含復進口),173,86820
2016-8,39073010,丙二酚型環氧樹脂,荷蘭,出口總值(含復出口),211,135710
2016-8,39073010,丙二酚型環氧樹脂,斯里蘭卡,出口總值(含復出口),23,16000
2016-8,39073010,丙二酚型環氧樹脂,菲律賓,出口總值(含復出口),198,120040
2016-8,39073010,丙二酚型環氧樹脂,越南,出口總值(含復出口),566,326981
2016-8,39073010,丙二酚型環氧樹脂,新加坡,出口總值(含復出口),401,268700
2016-8,39073010,丙二酚型環氧樹脂,義大利,出口總值(含復出口),800,480720
2016-8,39073010,丙二酚型環氧樹脂,德國,進口總值(含復進口),5,1005
2016-8,39073010,丙二酚型環氧樹脂,德國,出口總值(含復出口),52,32000
2016-8,39073010,丙二酚型環氧樹脂,墨西哥,出口總值(含復出口),134,84150
2016-8,39073010,丙二酚型環氧樹脂,澳大利亞,出口總值(含復出口),379,226660
2016-8,39073010,丙二酚型環氧樹脂,澳門,出口總值(含復出口),143,78690
2016-8,39074000,聚碳酸樹脂，初級狀態,土耳其,出口總值(含復出口),49,16000
2016-8,39074000,聚碳酸樹脂，初級狀態,中國大陸,進口總值(含復進口),7808,2821595
2016-8,39074000,聚碳酸樹脂，初級狀態,中國大陸,出口總值(含復出口),47129,20713107
2016-8,39074000,聚碳酸樹脂，初級狀態,中華民國,進口總值(含復進口),19,4925
2016-8,39074000,聚碳酸樹脂，初級狀態,厄瓜多,出口總值(含復出口),8,3500
2016-8,39074000,聚碳酸樹脂，初級狀態,巴西,進口總值(含復進口),21,17072
2016-8,39074000,聚碳酸樹脂，初級狀態,巴西,出口總值(含復出口),120,51000
2016-8,39074000,聚碳酸樹脂，初級狀態,巴拉圭,出口總值(含復出口),53,22400
2016-8,39074000,聚碳酸樹脂，初級狀態,巴基斯坦,出口總值(含復出口),90,35000
2016-8,39074000,聚碳酸樹脂，初級狀態,日本,進口總值(含復進口),3717,1442236
2016-8,39074000,聚碳酸樹脂，初級狀態,日本,出口總值(含復出口),1283,581075
2016-8,39074000,聚碳酸樹脂，初級狀態,比利時,進口總值(含復進口),462,220883
2016-8,39074000,聚碳酸樹脂，初級狀態,比利時,出口總值(含復出口),3,1000
2016-8,39074000,聚碳酸樹脂，初級狀態,以色列,出口總值(含復出口),130,51000
2016-8,39074000,聚碳酸樹脂，初級狀態,立陶宛,出口總值(含復出口),16,6750
2016-8,39074000,聚碳酸樹脂，初級狀態,伊朗,出口總值(含復出口),356,150000
2016-8,39074000,聚碳酸樹脂，初級狀態,印尼,出口總值(含復出口),464,207300
2016-8,39074000,聚碳酸樹脂，初級狀態,印度,出口總值(含復出口),5,1000
2016-8,39074000,聚碳酸樹脂，初級狀態,西班牙,進口總值(含復進口),4821,2196427
2016-8,39074000,聚碳酸樹脂，初級狀態,西班牙,出口總值(含復出口),12,5000
2016-8,39074000,聚碳酸樹脂，初級狀態,沙烏地阿拉伯,進口總值(含復進口),1362,679750
2016-8,39074000,聚碳酸樹脂，初級狀態,孟加拉,出口總值(含復出口),37,16000
2016-8,39074000,聚碳酸樹脂，初級狀態,波蘭,出口總值(含復出口),95,32000
2016-8,39074000,聚碳酸樹脂，初級狀態,法國,出口總值(含復出口),19,8000
2016-8,39074000,聚碳酸樹脂，初級狀態,阿拉伯聯合大公國,出口總值(含復出口),12,5000
2016-8,39074000,聚碳酸樹脂，初級狀態,阿根廷,出口總值(含復出口),71,28000
2016-8,39074000,聚碳酸樹脂，初級狀態,俄羅斯,出口總值(含復出口),39,16000
2016-8,39074000,聚碳酸樹脂，初級狀態,南非,出口總值(含復出口),128,53000
2016-8,39074000,聚碳酸樹脂，初級狀態,南韓,進口總值(含復進口),3738,1688627
2016-8,39074000,聚碳酸樹脂，初級狀態,南韓,出口總值(含復出口),1356,592200
2016-8,39074000,聚碳酸樹脂，初級狀態,突尼西亞,出口總值(含復出口),2,1000
2016-8,39074000,聚碳酸樹脂，初級狀態,美國,進口總值(含復進口),911,260966
2016-8,39074000,聚碳酸樹脂，初級狀態,美國,出口總值(含復出口),689,216800
2016-8,39074000,聚碳酸樹脂，初級狀態,英國,出口總值(含復出口),90,38250
2016-8,39074000,聚碳酸樹脂，初級狀態,香港,進口總值(含復進口),171,102000
2016-8,39074000,聚碳酸樹脂，初級狀態,香港,出口總值(含復出口),5535,1911650
2016-8,39074000,聚碳酸樹脂，初級狀態,哥倫比亞,出口總值(含復出口),49,20600
2016-8,39074000,聚碳酸樹脂，初級狀態,埃及,出口總值(含復出口),43,16000
2016-8,39074000,聚碳酸樹脂，初級狀態,泰國,進口總值(含復進口),3771,1599362
2016-8,39074000,聚碳酸樹脂，初級狀態,泰國,出口總值(含復出口),653,252308
2016-8,39074000,聚碳酸樹脂，初級狀態,秘魯,出口總值(含復出口),19,7000
2016-8,39074000,聚碳酸樹脂，初級狀態,馬來西亞,進口總值(含復進口),113,8277
2016-8,39074000,聚碳酸樹脂，初級狀態,馬來西亞,出口總值(含復出口),183,60952
2016-8,39074000,聚碳酸樹脂，初級狀態,荷蘭,進口總值(含復進口),0,100
2016-8,39074000,聚碳酸樹脂，初級狀態,荷蘭,出口總值(含復出口),879,317750
2016-8,39074000,聚碳酸樹脂，初級狀態,斯洛維尼亞,出口總值(含復出口),5,2000
2016-8,39074000,聚碳酸樹脂，初級狀態,智利,出口總值(含復出口),11,4000
2016-8,39074000,聚碳酸樹脂，初級狀態,菲律賓,出口總值(含復出口),221,116000
2016-8,39074000,聚碳酸樹脂，初級狀態,越南,出口總值(含復出口),1288,580034
2016-8,39074000,聚碳酸樹脂，初級狀態,奧地利,進口總值(含復進口),11,67
2016-8,39074000,聚碳酸樹脂，初級狀態,新加坡,進口總值(含復進口),407,126695
2016-8,39074000,聚碳酸樹脂，初級狀態,新加坡,出口總值(含復出口),141,32850
2016-8,39074000,聚碳酸樹脂，初級狀態,瑞士,進口總值(含復進口),180,27275
2016-8,39074000,聚碳酸樹脂，初級狀態,義大利,進口總值(含復進口),4,220
2016-8,39074000,聚碳酸樹脂，初級狀態,義大利,出口總值(含復出口),60,25000
2016-8,39074000,聚碳酸樹脂，初級狀態,德國,進口總值(含復進口),2664,1264600
2016-8,39074000,聚碳酸樹脂，初級狀態,德國,出口總值(含復出口),13,5220
2016-8,39074000,聚碳酸樹脂，初級狀態,摩洛哥,出口總值(含復出口),39,18000
2016-8,39074000,聚碳酸樹脂，初級狀態,緬甸,出口總值(含復出口),34,16219
2016-8,39074000,聚碳酸樹脂，初級狀態,墨西哥,進口總值(含復進口),22,18393
2016-8,39074000,聚碳酸樹脂，初級狀態,墨西哥,出口總值(含復出口),54,18000
2016-8,39074000,聚碳酸樹脂，初級狀態,澳大利亞,出口總值(含復出口),12,5000
2016-8,39075000,醇酸樹脂，初級狀態,中國大陸,進口總值(含復進口),44,36540
2016-8,39075000,醇酸樹脂，初級狀態,中國大陸,出口總值(含復出口),507,300405
2016-8,39075000,醇酸樹脂，初級狀態,巴西,出口總值(含復出口),25,14700
2016-8,39075000,醇酸樹脂，初級狀態,巴基斯坦,出口總值(含復出口),5,3000
2016-8,39075000,醇酸樹脂，初級狀態,日本,進口總值(含復進口),31,9220
2016-8,39075000,醇酸樹脂，初級狀態,以色列,出口總值(含復出口),78,61650
2016-8,39075000,醇酸樹脂，初級狀態,多哥,出口總值(含復出口),15,10000
2016-8,39075000,醇酸樹脂，初級狀態,沙烏地阿拉伯,出口總值(含復出口),29,18130
2016-8,39075000,醇酸樹脂，初級狀態,孟加拉,出口總值(含復出口),18,9180
2016-8,39075000,醇酸樹脂，初級狀態,南韓,出口總值(含復出口),44,16000
2016-8,39075000,醇酸樹脂，初級狀態,泰國,進口總值(含復進口),1,420
2016-8,39075000,醇酸樹脂，初級狀態,泰國,出口總值(含復出口),15,10150
2016-8,39075000,醇酸樹脂，初級狀態,馬來西亞,出口總值(含復出口),153,80980
2016-8,39075000,醇酸樹脂，初級狀態,斯里蘭卡,出口總值(含復出口),111,70800
2016-8,39075000,醇酸樹脂，初級狀態,菲律賓,出口總值(含復出口),3,1600
2016-8,39075000,醇酸樹脂，初級狀態,越南,出口總值(含復出口),2626,1790082
2016-8,39075000,醇酸樹脂，初級狀態,新加坡,出口總值(含復出口),154,83440
2016-8,39075000,醇酸樹脂，初級狀態,模里西斯,出口總值(含復出口),50,40010
2016-8,39075000,醇酸樹脂，初級狀態,黎巴嫩,出口總值(含復出口),48,36290
2016-8,39075000,醇酸樹脂，初級狀態,澳大利亞,出口總值(含復出口),46,29600
2016-9,39073010,丙二酚型環氧樹脂,土耳其,出口總值(含復出口),437,270840
2016-9,39073010,丙二酚型環氧樹脂,中國大陸,進口總值(含復進口),22,14041
2016-9,39073010,丙二酚型環氧樹脂,中國大陸,出口總值(含復出口),2702,1091025
2016-9,39073010,丙二酚型環氧樹脂,巴基斯坦,出口總值(含復出口),63,39340
2016-9,39073010,丙二酚型環氧樹脂,日本,進口總值(含復進口),95,4804
2016-9,39073010,丙二酚型環氧樹脂,日本,出口總值(含復出口),2360,1225030
2016-9,39073010,丙二酚型環氧樹脂,加拿大,出口總值(含復出口),112,82560
2016-9,39073010,丙二酚型環氧樹脂,伊朗,出口總值(含復出口),48,32000
2016-9,39073010,丙二酚型環氧樹脂,印尼,出口總值(含復出口),63,29140
2016-9,39073010,丙二酚型環氧樹脂,印度,出口總值(含復出口),276,171170
2016-9,39073010,丙二酚型環氧樹脂,西班牙,出口總值(含復出口),123,77000
2016-9,39073010,丙二酚型環氧樹脂,阿拉伯聯合大公國,出口總值(含復出口),110,76700
2016-9,39073010,丙二酚型環氧樹脂,阿曼,出口總值(含復出口),217,144000
2016-9,39073010,丙二酚型環氧樹脂,俄羅斯,出口總值(含復出口),38,24000
2016-9,39073010,丙二酚型環氧樹脂,南韓,進口總值(含復進口),413,80027
2016-9,39073010,丙二酚型環氧樹脂,南韓,出口總值(含復出口),415,235760
2016-9,39073010,丙二酚型環氧樹脂,美國,進口總值(含復進口),144,44339
2016-9,39073010,丙二酚型環氧樹脂,美國,出口總值(含復出口),526,346060
2016-9,39073010,丙二酚型環氧樹脂,英國,進口總值(含復進口),12,393
2016-9,39073010,丙二酚型環氧樹脂,英國,出口總值(含復出口),284,184300
2016-9,39073010,丙二酚型環氧樹脂,香港,出口總值(含復出口),31,19200
2016-9,39073010,丙二酚型環氧樹脂,埃及,出口總值(含復出口),75,48000
2016-9,39073010,丙二酚型環氧樹脂,泰國,出口總值(含復出口),48,30669
2016-9,39073010,丙二酚型環氧樹脂,紐西蘭,出口總值(含復出口),13,6000
2016-9,39073010,丙二酚型環氧樹脂,馬來西亞,出口總值(含復出口),774,497115
2016-9,39073010,丙二酚型環氧樹脂,荷蘭,進口總值(含復進口),65,34800
2016-9,39073010,丙二酚型環氧樹脂,菲律賓,出口總值(含復出口),148,91180
2016-9,39073010,丙二酚型環氧樹脂,越南,出口總值(含復出口),575,346460
2016-9,39073010,丙二酚型環氧樹脂,奧地利,出口總值(含復出口),35,17500
2016-9,39073010,丙二酚型環氧樹脂,新加坡,出口總值(含復出口),267,172340
2016-9,39073010,丙二酚型環氧樹脂,義大利,進口總值(含復進口),3,505
2016-9,39073010,丙二酚型環氧樹脂,義大利,出口總值(含復出口),575,362870
2016-9,39073010,丙二酚型環氧樹脂,德國,進口總值(含復進口),153,39325
2016-9,39073010,丙二酚型環氧樹脂,德國,出口總值(含復出口),71,39680
2016-9,39073010,丙二酚型環氧樹脂,墨西哥,出口總值(含復出口),161,103360
2016-9,39073010,丙二酚型環氧樹脂,澳大利亞,出口總值(含復出口),136,74600
2016-9,39073010,丙二酚型環氧樹脂,澳門,出口總值(含復出口),180,98730
2016-9,39074000,聚碳酸樹脂，初級狀態,土耳其,出口總值(含復出口),83,32000
2016-9,39074000,聚碳酸樹脂，初級狀態,中國大陸,進口總值(含復進口),6375,2279505
2016-9,39074000,聚碳酸樹脂，初級狀態,中國大陸,出口總值(含復出口),37693,16526621
2016-9,39074000,聚碳酸樹脂，初級狀態,中華民國,進口總值(含復進口),6,2000
2016-9,39074000,聚碳酸樹脂，初級狀態,厄瓜多,出口總值(含復出口),2,1000
2016-9,39074000,聚碳酸樹脂，初級狀態,巴西,出口總值(含復出口),68,28226
2016-9,39074000,聚碳酸樹脂，初級狀態,巴基斯坦,出口總值(含復出口),32,14000
2016-9,39074000,聚碳酸樹脂，初級狀態,日本,進口總值(含復進口),3549,1352482
2016-9,39074000,聚碳酸樹脂，初級狀態,日本,出口總值(含復出口),1442,545000
2016-9,39074000,聚碳酸樹脂，初級狀態,比利時,進口總值(含復進口),813,399876
2016-9,39074000,聚碳酸樹脂，初級狀態,比利時,出口總值(含復出口),34,13000
2016-9,39074000,聚碳酸樹脂，初級狀態,以色列,出口總值(含復出口),44,19000
2016-9,39074000,聚碳酸樹脂，初級狀態,加拿大,進口總值(含復進口),39,5975
2016-9,39074000,聚碳酸樹脂，初級狀態,加拿大,出口總值(含復出口),7,3000
2016-9,39074000,聚碳酸樹脂，初級狀態,立陶宛,出口總值(含復出口),3,1500
2016-9,39074000,聚碳酸樹脂，初級狀態,伊朗,出口總值(含復出口),612,242000
2016-9,39074000,聚碳酸樹脂，初級狀態,印尼,出口總值(含復出口),329,150500
2016-9,39074000,聚碳酸樹脂，初級狀態,印度,進口總值(含復進口),5,3000
2016-9,39074000,聚碳酸樹脂，初級狀態,西班牙,進口總值(含復進口),3350,1462051
2016-9,39074000,聚碳酸樹脂，初級狀態,沙烏地阿拉伯,進口總值(含復進口),2365,1223750
2016-9,39074000,聚碳酸樹脂，初級狀態,孟加拉,出口總值(含復出口),57,22000
2016-9,39074000,聚碳酸樹脂，初級狀態,波蘭,出口總值(含復出口),220,77000
2016-9,39074000,聚碳酸樹脂，初級狀態,阿拉伯聯合大公國,出口總值(含復出口),5,2000
2016-9,39074000,聚碳酸樹脂，初級狀態,阿根廷,出口總值(含復出口),81,33000
2016-9,39074000,聚碳酸樹脂，初級狀態,保加利亞,進口總值(含復進口),5,475
2016-9,39074000,聚碳酸樹脂，初級狀態,俄羅斯,出口總值(含復出口),26,10050
2016-9,39074000,聚碳酸樹脂，初級狀態,南非,出口總值(含復出口),344,141000
2016-9,39074000,聚碳酸樹脂，初級狀態,南韓,進口總值(含復進口),1302,578440
2016-9,39074000,聚碳酸樹脂，初級狀態,南韓,出口總值(含復出口),421,179500
2016-9,39074000,聚碳酸樹脂，初級狀態,突尼西亞,出口總值(含復出口),5,2000
2016-9,39074000,聚碳酸樹脂，初級狀態,美國,進口總值(含復進口),527,167760
2016-9,39074000,聚碳酸樹脂，初級狀態,美國,出口總值(含復出口),100,47930
2016-9,39074000,聚碳酸樹脂，初級狀態,英國,出口總值(含復出口),37,15750
2016-9,39074000,聚碳酸樹脂，初級狀態,香港,進口總值(含復進口),130,75000
2016-9,39074000,聚碳酸樹脂，初級狀態,香港,出口總值(含復出口),5197,1711650
2016-9,39074000,聚碳酸樹脂，初級狀態,哥倫比亞,出口總值(含復出口),104,45700
2016-9,39074000,聚碳酸樹脂，初級狀態,埃及,出口總值(含復出口),170,64000
2016-9,39074000,聚碳酸樹脂，初級狀態,泰國,進口總值(含復進口),3150,1338137
2016-9,39074000,聚碳酸樹脂，初級狀態,泰國,出口總值(含復出口),357,139800
2016-9,39074000,聚碳酸樹脂，初級狀態,秘魯,出口總值(含復出口),25,8000
2016-9,39074000,聚碳酸樹脂，初級狀態,紐西蘭,出口總值(含復出口),2,1000
2016-9,39074000,聚碳酸樹脂，初級狀態,馬來西亞,進口總值(含復進口),119,12699
2016-9,39074000,聚碳酸樹脂，初級狀態,馬來西亞,出口總值(含復出口),228,90050
2016-9,39074000,聚碳酸樹脂，初級狀態,荷蘭,進口總值(含復進口),98,55000
2016-9,39074000,聚碳酸樹脂，初級狀態,荷蘭,出口總值(含復出口),698,256000
2016-9,39074000,聚碳酸樹脂，初級狀態,斯里蘭卡,出口總值(含復出口),71,30000
2016-9,39074000,聚碳酸樹脂，初級狀態,斯洛維尼亞,出口總值(含復出口),14,6000
2016-9,39074000,聚碳酸樹脂，初級狀態,菲律賓,出口總值(含復出口),64,50000
2016-9,39074000,聚碳酸樹脂，初級狀態,越南,出口總值(含復出口),366,145500
2016-9,39074000,聚碳酸樹脂，初級狀態,新加坡,進口總值(含復進口),829,274000
2016-9,39074000,聚碳酸樹脂，初級狀態,新加坡,出口總值(含復出口),202,66450
2016-9,39074000,聚碳酸樹脂，初級狀態,瑞士,進口總值(含復進口),187,28400
2016-9,39074000,聚碳酸樹脂，初級狀態,義大利,進口總值(含復進口),4,23
2016-9,39074000,聚碳酸樹脂，初級狀態,義大利,出口總值(含復出口),45,16000
2016-9,39074000,聚碳酸樹脂，初級狀態,德國,進口總值(含復進口),2768,1342796
2016-9,39074000,聚碳酸樹脂，初級狀態,德國,出口總值(含復出口),72,29000
2016-9,39074000,聚碳酸樹脂，初級狀態,緬甸,出口總值(含復出口),34,16000
2016-9,39074000,聚碳酸樹脂，初級狀態,墨西哥,出口總值(含復出口),93,38000
2016-9,39074000,聚碳酸樹脂，初級狀態,澳大利亞,出口總值(含復出口),19,8000
2016-9,39075000,醇酸樹脂，初級狀態,中國大陸,進口總值(含復進口),40,32340
2016-9,39075000,醇酸樹脂，初級狀態,中國大陸,出口總值(含復出口),381,208060
2016-9,39075000,醇酸樹脂，初級狀態,日本,進口總值(含復進口),14,5700
2016-9,39075000,醇酸樹脂，初級狀態,日本,出口總值(含復出口),28,14000
2016-9,39075000,醇酸樹脂，初級狀態,沙烏地阿拉伯,出口總值(含復出口),23,16000
2016-9,39075000,醇酸樹脂，初級狀態,坦尚尼亞,出口總值(含復出口),26,19240
2016-9,39075000,醇酸樹脂，初級狀態,阿拉伯聯合大公國,出口總值(含復出口),75,45400
2016-9,39075000,醇酸樹脂，初級狀態,南韓,出口總值(含復出口),60,33400
2016-9,39075000,醇酸樹脂，初級狀態,柬埔寨,出口總值(含復出口),0,100
2016-9,39075000,醇酸樹脂，初級狀態,香港,出口總值(含復出口),4,1200
2016-9,39075000,醇酸樹脂，初級狀態,哥倫比亞,出口總值(含復出口),9,4000
2016-9,39075000,醇酸樹脂，初級狀態,埃及,出口總值(含復出口),24,19320
2016-9,39075000,醇酸樹脂，初級狀態,泰國,出口總值(含復出口),34,32080
2016-9,39075000,醇酸樹脂，初級狀態,紐西蘭,出口總值(含復出口),6,3200
2016-9,39075000,醇酸樹脂，初級狀態,馬來西亞,出口總值(含復出口),134,90600
2016-9,39075000,醇酸樹脂，初級狀態,斯里蘭卡,出口總值(含復出口),99,61500
2016-9,39075000,醇酸樹脂，初級狀態,越南,出口總值(含復出口),2708,1880732
2016-9,39075000,醇酸樹脂，初級狀態,奧地利,進口總值(含復進口),1,150
2016-9,39075000,醇酸樹脂，初級狀態,新加坡,出口總值(含復出口),134,75960
2016-9,39075000,醇酸樹脂，初級狀態,模里西斯,出口總值(含復出口),5,4250
2016-9,39075000,醇酸樹脂，初級狀態,黎巴嫩,出口總值(含復出口),34,27680
2016-9,39075000,醇酸樹脂，初級狀態,澳大利亞,出口總值(含復出口),171,105850
2016-10,39073010,丙二酚型環氧樹脂,土耳其,出口總值(含復出口),224,139620
2016-10,39073010,丙二酚型環氧樹脂,中國大陸,進口總值(含復進口),63,30000
2016-10,39073010,丙二酚型環氧樹脂,中國大陸,出口總值(含復出口),4040,1679273
2016-10,39073010,丙二酚型環氧樹脂,巴西,出口總值(含復出口),254,176140
2016-10,39073010,丙二酚型環氧樹脂,巴林,出口總值(含復出口),53,35200
2016-10,39073010,丙二酚型環氧樹脂,巴基斯坦,出口總值(含復出口),34,19200
2016-10,39073010,丙二酚型環氧樹脂,日本,進口總值(含復進口),138,6128
2016-10,39073010,丙二酚型環氧樹脂,日本,出口總值(含復出口),1710,856635
2016-10,39073010,丙二酚型環氧樹脂,加拿大,出口總值(含復出口),117,88000
2016-10,39073010,丙二酚型環氧樹脂,伊朗,出口總值(含復出口),80,51820
2016-10,39073010,丙二酚型環氧樹脂,印尼,出口總值(含復出口),240,147100
2016-10,39073010,丙二酚型環氧樹脂,印度,出口總值(含復出口),542,346600
2016-10,39073010,丙二酚型環氧樹脂,沙烏地阿拉伯,出口總值(含復出口),53,35200
2016-10,39073010,丙二酚型環氧樹脂,肯亞,出口總值(含復出口),25,17600
2016-10,39073010,丙二酚型環氧樹脂,阿拉伯聯合大公國,出口總值(含復出口),230,147090
2016-10,39073010,丙二酚型環氧樹脂,阿曼,出口總值(含復出口),311,211200
2016-10,39073010,丙二酚型環氧樹脂,俄羅斯,出口總值(含復出口),82,52800
2016-10,39073010,丙二酚型環氧樹脂,南非,出口總值(含復出口),24,15280
2016-10,39073010,丙二酚型環氧樹脂,南韓,進口總值(含復進口),717,144028
2016-10,39073010,丙二酚型環氧樹脂,南韓,出口總值(含復出口),239,138080
2016-10,39073010,丙二酚型環氧樹脂,美國,進口總值(含復進口),274,95277
2016-10,39073010,丙二酚型環氧樹脂,美國,出口總值(含復出口),401,264164
2016-10,39073010,丙二酚型環氧樹脂,英國,進口總值(含復進口),19,519
2016-10,39073010,丙二酚型環氧樹脂,英國,出口總值(含復出口),283,184340
2016-10,39073010,丙二酚型環氧樹脂,香港,出口總值(含復出口),33,18600
2016-10,39073010,丙二酚型環氧樹脂,哥倫比亞,出口總值(含復出口),30,19200
2016-10,39073010,丙二酚型環氧樹脂,埃及,出口總值(含復出口),132,88000
2016-10,39073010,丙二酚型環氧樹脂,泰國,出口總值(含復出口),147,73810
2016-10,39073010,丙二酚型環氧樹脂,馬來西亞,出口總值(含復出口),1509,954347
2016-10,39073010,丙二酚型環氧樹脂,荷蘭,進口總值(含復進口),64,34800
2016-10,39073010,丙二酚型環氧樹脂,荷蘭,出口總值(含復出口),300,196220
2016-10,39073010,丙二酚型環氧樹脂,菲律賓,出口總值(含復出口),165,95200
2016-10,39073010,丙二酚型環氧樹脂,越南,出口總值(含復出口),649,377256
2016-10,39073010,丙二酚型環氧樹脂,奧地利,出口總值(含復出口),57,35000
2016-10,39073010,丙二酚型環氧樹脂,新加坡,出口總值(含復出口),740,478240
2016-10,39073010,丙二酚型環氧樹脂,瑞士,進口總值(含復進口),2,210
2016-10,39073010,丙二酚型環氧樹脂,義大利,進口總值(含復進口),5,860
2016-10,39073010,丙二酚型環氧樹脂,義大利,出口總值(含復出口),229,148810
2016-10,39073010,丙二酚型環氧樹脂,德國,進口總值(含復進口),17,3100
2016-10,39073010,丙二酚型環氧樹脂,德國,出口總值(含復出口),69,39600
2016-10,39073010,丙二酚型環氧樹脂,墨西哥,出口總值(含復出口),284,178300
2016-10,39073010,丙二酚型環氧樹脂,澳大利亞,出口總值(含復出口),30,19200
2016-10,39073010,丙二酚型環氧樹脂,澳門,出口總值(含復出口),171,98030
2016-10,39074000,聚碳酸樹脂，初級狀態,土耳其,出口總值(含復出口),7,3000
2016-10,39074000,聚碳酸樹脂，初級狀態,中國大陸,進口總值(含復進口),5776,2259211
2016-10,39074000,聚碳酸樹脂，初級狀態,中國大陸,出口總值(含復出口),57432,24707839
2016-10,39074000,聚碳酸樹脂，初級狀態,中華民國,進口總值(含復進口),17,4975
2016-10,39074000,聚碳酸樹脂，初級狀態,巴西,出口總值(含復出口),42,18000
2016-10,39074000,聚碳酸樹脂，初級狀態,巴基斯坦,出口總值(含復出口),83,32000
2016-10,39074000,聚碳酸樹脂，初級狀態,日本,進口總值(含復進口),5750,1565798
2016-10,39074000,聚碳酸樹脂，初級狀態,日本,出口總值(含復出口),1543,692811
2016-10,39074000,聚碳酸樹脂，初級狀態,比利時,進口總值(含復進口),98,53935
2016-10,39074000,聚碳酸樹脂，初級狀態,比利時,出口總值(含復出口),2,1000
2016-10,39074000,聚碳酸樹脂，初級狀態,以色列,出口總值(含復出口),73,29050
2016-10,39074000,聚碳酸樹脂，初級狀態,加拿大,出口總值(含復出口),2,1000
2016-10,39074000,聚碳酸樹脂，初級狀態,伊朗,出口總值(含復出口),610,259000
2016-10,39074000,聚碳酸樹脂，初級狀態,印尼,出口總值(含復出口),229,97000
2016-10,39074000,聚碳酸樹脂，初級狀態,印度,出口總值(含復出口),2,500
2016-10,39074000,聚碳酸樹脂，初級狀態,西班牙,進口總值(含復進口),321,196279
2016-10,39074000,聚碳酸樹脂，初級狀態,西班牙,出口總值(含復出口),8,3000
2016-10,39074000,聚碳酸樹脂，初級狀態,沙烏地阿拉伯,進口總值(含復進口),1234,574000
2016-10,39074000,聚碳酸樹脂，初級狀態,孟加拉,出口總值(含復出口),48,19000
2016-10,39074000,聚碳酸樹脂，初級狀態,波蘭,出口總值(含復出口),169,64000
2016-10,39074000,聚碳酸樹脂，初級狀態,法國,出口總值(含復出口),19,8000
2016-10,39074000,聚碳酸樹脂，初級狀態,阿拉伯聯合大公國,出口總值(含復出口),3,1600
2016-10,39074000,聚碳酸樹脂，初級狀態,俄羅斯,出口總值(含復出口),60,25150
2016-10,39074000,聚碳酸樹脂，初級狀態,南非,出口總值(含復出口),161,67000
2016-10,39074000,聚碳酸樹脂，初級狀態,南韓,進口總值(含復進口),2724,1193050
2016-10,39074000,聚碳酸樹脂，初級狀態,南韓,出口總值(含復出口),610,201151
2016-10,39074000,聚碳酸樹脂，初級狀態,美國,進口總值(含復進口),1047,154107
2016-10,39074000,聚碳酸樹脂，初級狀態,美國,出口總值(含復出口),859,271825
2016-10,39074000,聚碳酸樹脂，初級狀態,英國,出口總值(含復出口),170,90500
2016-10,39074000,聚碳酸樹脂，初級狀態,香港,進口總值(含復進口),269,153000
2016-10,39074000,聚碳酸樹脂，初級狀態,香港,出口總值(含復出口),5655,1940125
2016-10,39074000,聚碳酸樹脂，初級狀態,哥倫比亞,出口總值(含復出口),177,77700
2016-10,39074000,聚碳酸樹脂，初級狀態,哥斯大黎加,出口總值(含復出口),16,32800
2016-10,39074000,聚碳酸樹脂，初級狀態,泰國,進口總值(含復進口),4813,2087991
2016-10,39074000,聚碳酸樹脂，初級狀態,泰國,出口總值(含復出口),412,159654
2016-10,39074000,聚碳酸樹脂，初級狀態,烏拉圭,出口總值(含復出口),74,36000
2016-10,39074000,聚碳酸樹脂，初級狀態,秘魯,出口總值(含復出口),9,3000
2016-10,39074000,聚碳酸樹脂，初級狀態,紐西蘭,出口總值(含復出口),28,10000
2016-10,39074000,聚碳酸樹脂，初級狀態,馬來西亞,進口總值(含復進口),283,40478
2016-10,39074000,聚碳酸樹脂，初級狀態,馬來西亞,出口總值(含復出口),333,136505
2016-10,39074000,聚碳酸樹脂，初級狀態,敘利亞,出口總值(含復出口),214,80000
2016-10,39074000,聚碳酸樹脂，初級狀態,荷蘭,進口總值(含復進口),24,2100
2016-10,39074000,聚碳酸樹脂，初級狀態,荷蘭,出口總值(含復出口),1035,379000
2016-10,39074000,聚碳酸樹脂，初級狀態,斯里蘭卡,出口總值(含復出口),9,4000
2016-10,39074000,聚碳酸樹脂，初級狀態,斯洛維尼亞,進口總值(含復進口),2,512
2016-10,39074000,聚碳酸樹脂，初級狀態,斯洛維尼亞,出口總值(含復出口),71,28000
2016-10,39074000,聚碳酸樹脂，初級狀態,智利,出口總值(含復出口),25,10000
2016-10,39074000,聚碳酸樹脂，初級狀態,菲律賓,出口總值(含復出口),83,48000
2016-10,39074000,聚碳酸樹脂，初級狀態,越南,出口總值(含復出口),1080,487475
2016-10,39074000,聚碳酸樹脂，初級狀態,新加坡,進口總值(含復進口),985,222126
2016-10,39074000,聚碳酸樹脂，初級狀態,新加坡,出口總值(含復出口),106,36585
2016-10,39074000,聚碳酸樹脂，初級狀態,瑞士,進口總值(含復進口),137,21025
2016-10,39074000,聚碳酸樹脂，初級狀態,義大利,進口總值(含復進口),3,27
2016-10,39074000,聚碳酸樹脂，初級狀態,義大利,出口總值(含復出口),12,5000
2016-10,39074000,聚碳酸樹脂，初級狀態,葡萄牙,出口總值(含復出口),7,3000
2016-10,39074000,聚碳酸樹脂，初級狀態,德國,進口總值(含復進口),4075,1984461
2016-10,39074000,聚碳酸樹脂，初級狀態,德國,出口總值(含復出口),56,24000
2016-10,39074000,聚碳酸樹脂，初級狀態,摩洛哥,出口總值(含復出口),39,18000
2016-10,39074000,聚碳酸樹脂，初級狀態,緬甸,出口總值(含復出口),14,8000
2016-10,39074000,聚碳酸樹脂，初級狀態,墨西哥,進口總值(含復進口),18,10806
2016-10,39074000,聚碳酸樹脂，初級狀態,墨西哥,出口總值(含復出口),30,13000
2016-10,39074000,聚碳酸樹脂，初級狀態,澳大利亞,出口總值(含復出口),22,9250
2016-10,39075000,醇酸樹脂，初級狀態,中國大陸,進口總值(含復進口),3,1080
2016-10,39075000,醇酸樹脂，初級狀態,中國大陸,出口總值(含復出口),820,461870
2016-10,39075000,醇酸樹脂，初級狀態,日本,進口總值(含復進口),35,10980
2016-10,39075000,醇酸樹脂，初級狀態,日本,出口總值(含復出口),21,8000
2016-10,39075000,醇酸樹脂，初級狀態,以色列,出口總值(含復出口),18,12000
2016-10,39075000,醇酸樹脂，初級狀態,印尼,出口總值(含復出口),30,16400
2016-10,39075000,醇酸樹脂，初級狀態,沙烏地阿拉伯,出口總值(含復出口),41,27000
2016-10,39075000,醇酸樹脂，初級狀態,阿拉伯聯合大公國,出口總值(含復出口),16,10400
2016-10,39075000,醇酸樹脂，初級狀態,南韓,出口總值(含復出口),27,15200
2016-10,39075000,醇酸樹脂，初級狀態,美國,進口總值(含復進口),0,1
2016-10,39075000,醇酸樹脂，初級狀態,香港,出口總值(含復出口),4,2800
2016-10,39075000,醇酸樹脂，初級狀態,泰國,出口總值(含復出口),55,33700
2016-10,39075000,醇酸樹脂，初級狀態,紐西蘭,出口總值(含復出口),2,1200
2016-10,39075000,醇酸樹脂，初級狀態,馬來西亞,出口總值(含復出口),260,156837
2016-10,39075000,醇酸樹脂，初級狀態,斯里蘭卡,出口總值(含復出口),72,44100
2016-10,39075000,醇酸樹脂，初級狀態,越南,出口總值(含復出口),2966,2053596
2016-10,39075000,醇酸樹脂，初級狀態,奧地利,進口總值(含復進口),8,4620
2016-10,39075000,醇酸樹脂，初級狀態,新加坡,出口總值(含復出口),190,93670
2016-10,39075000,醇酸樹脂，初級狀態,瑞士,進口總值(含復進口),3,29
2016-10,39075000,醇酸樹脂，初級狀態,德國,進口總值(含復進口),10,3200
2016-10,39075000,醇酸樹脂，初級狀態,模里西斯,出口總值(含復出口),40,30830
2016-10,39075000,醇酸樹脂，初級狀態,黎巴嫩,出口總值(含復出口),32,22400
2016-10,39075000,醇酸樹脂，初級狀態,澳大利亞,出口總值(含復出口),292,177110
2016-11,39073010,丙二酚型環氧樹脂,土耳其,出口總值(含復出口),272,176500
2016-11,39073010,丙二酚型環氧樹脂,中國大陸,進口總值(含復進口),72,45083
2016-11,39073010,丙二酚型環氧樹脂,中國大陸,出口總值(含復出口),3356,1346839
2016-11,39073010,丙二酚型環氧樹脂,中華民國,進口總值(含復進口),165,84800
2016-11,39073010,丙二酚型環氧樹脂,巴西,出口總值(含復出口),188,125830
2016-11,39073010,丙二酚型環氧樹脂,巴林,出口總值(含復出口),46,35200
2016-11,39073010,丙二酚型環氧樹脂,巴基斯坦,出口總值(含復出口),62,36905
2016-11,39073010,丙二酚型環氧樹脂,日本,進口總值(含復進口),163,7556
2016-11,39073010,丙二酚型環氧樹脂,日本,出口總值(含復出口),1573,745835
2016-11,39073010,丙二酚型環氧樹脂,伊朗,出口總值(含復出口),199,131200
2016-11,39073010,丙二酚型環氧樹脂,印尼,出口總值(含復出口),256,156095
2016-11,39073010,丙二酚型環氧樹脂,印度,進口總值(含復進口),5,1104
2016-11,39073010,丙二酚型環氧樹脂,印度,出口總值(含復出口),409,244520
2016-11,39073010,丙二酚型環氧樹脂,多明尼加,出口總值(含復出口),49,35200
2016-11,39073010,丙二酚型環氧樹脂,希臘,出口總值(含復出口),26,17500
2016-11,39073010,丙二酚型環氧樹脂,其他國家,出口總值(含復出口),0,2
2016-11,39073010,丙二酚型環氧樹脂,孟加拉,出口總值(含復出口),23,16000
2016-11,39073010,丙二酚型環氧樹脂,阿拉伯聯合大公國,出口總值(含復出口),160,105600
2016-11,39073010,丙二酚型環氧樹脂,保加利亞,出口總值(含復出口),30,19200
2016-11,39073010,丙二酚型環氧樹脂,南韓,進口總值(含復進口),334,75967
2016-11,39073010,丙二酚型環氧樹脂,南韓,出口總值(含復出口),408,236480
2016-11,39073010,丙二酚型環氧樹脂,美國,進口總值(含復進口),152,27143
2016-11,39073010,丙二酚型環氧樹脂,美國,出口總值(含復出口),442,290444
2016-11,39073010,丙二酚型環氧樹脂,英國,出口總值(含復出口),65,35000
2016-11,39073010,丙二酚型環氧樹脂,埃及,出口總值(含復出口),131,83200
2016-11,39073010,丙二酚型環氧樹脂,泰國,出口總值(含復出口),114,54350
2016-11,39073010,丙二酚型環氧樹脂,烏克蘭,出口總值(含復出口),8,5280
2016-11,39073010,丙二酚型環氧樹脂,馬來西亞,進口總值(含復進口),44,12000
2016-11,39073010,丙二酚型環氧樹脂,馬來西亞,出口總值(含復出口),1269,809715
2016-11,39073010,丙二酚型環氧樹脂,荷蘭,進口總值(含復進口),64,34800
2016-11,39073010,丙二酚型環氧樹脂,荷蘭,出口總值(含復出口),145,97360
2016-11,39073010,丙二酚型環氧樹脂,菲律賓,出口總值(含復出口),77,35600
2016-11,39073010,丙二酚型環氧樹脂,越南,出口總值(含復出口),710,423100
2016-11,39073010,丙二酚型環氧樹脂,新加坡,出口總值(含復出口),182,109985
2016-11,39073010,丙二酚型環氧樹脂,義大利,出口總值(含復出口),116,67635
2016-11,39073010,丙二酚型環氧樹脂,德國,進口總值(含復進口),20,3365
2016-11,39073010,丙二酚型環氧樹脂,緬甸,出口總值(含復出口),34,24640
2016-11,39073010,丙二酚型環氧樹脂,墨西哥,出口總值(含復出口),101,65520
2016-11,39073010,丙二酚型環氧樹脂,澳大利亞,出口總值(含復出口),165,94680
2016-11,39073010,丙二酚型環氧樹脂,澳門,出口總值(含復出口),224,126250
2016-11,39074000,聚碳酸樹脂，初級狀態,土耳其,出口總值(含復出口),105,32000
2016-11,39074000,聚碳酸樹脂，初級狀態,中國大陸,進口總值(含復進口),8288,2961167
2016-11,39074000,聚碳酸樹脂，初級狀態,中國大陸,出口總值(含復出口),51233,21971188
2016-11,39074000,聚碳酸樹脂，初級狀態,中華民國,進口總值(含復進口),29,9539
2016-11,39074000,聚碳酸樹脂，初級狀態,厄瓜多,出口總值(含復出口),87,37800
2016-11,39074000,聚碳酸樹脂，初級狀態,巴西,出口總值(含復出口),40,18000
2016-11,39074000,聚碳酸樹脂，初級狀態,巴基斯坦,出口總值(含復出口),28,12000
2016-11,39074000,聚碳酸樹脂，初級狀態,日本,進口總值(含復進口),7399,1484933
2016-11,39074000,聚碳酸樹脂，初級狀態,日本,出口總值(含復出口),1189,515775
2016-11,39074000,聚碳酸樹脂，初級狀態,比利時,進口總值(含復進口),136,52625
2016-11,39074000,聚碳酸樹脂，初級狀態,比利時,出口總值(含復出口),16,6025
2016-11,39074000,聚碳酸樹脂，初級狀態,以色列,出口總值(含復出口),42,19000
2016-11,39074000,聚碳酸樹脂，初級狀態,加拿大,出口總值(含復出口),30,11000
2016-11,39074000,聚碳酸樹脂，初級狀態,伊朗,出口總值(含復出口),181,80000
2016-11,39074000,聚碳酸樹脂，初級狀態,印尼,出口總值(含復出口),339,139000
2016-11,39074000,聚碳酸樹脂，初級狀態,印度,進口總值(含復進口),4,1100
2016-11,39074000,聚碳酸樹脂，初級狀態,西班牙,進口總值(含復進口),608,279081
2016-11,39074000,聚碳酸樹脂，初級狀態,西班牙,出口總值(含復出口),18,8000
2016-11,39074000,聚碳酸樹脂，初級狀態,希臘,出口總值(含復出口),9,4000
2016-11,39074000,聚碳酸樹脂，初級狀態,沙烏地阿拉伯,進口總值(含復進口),602,286250
2016-11,39074000,聚碳酸樹脂，初級狀態,沙烏地阿拉伯,出口總值(含復出口),35,16000
2016-11,39074000,聚碳酸樹脂，初級狀態,孟加拉,出口總值(含復出口),193,80000
2016-11,39074000,聚碳酸樹脂，初級狀態,波蘭,出口總值(含復出口),37,16000
2016-11,39074000,聚碳酸樹脂，初級狀態,法國,出口總值(含復出口),12,5000
2016-11,39074000,聚碳酸樹脂，初級狀態,肯亞,出口總值(含復出口),104,40000
2016-11,39074000,聚碳酸樹脂，初級狀態,阿拉伯聯合大公國,出口總值(含復出口),5,2000
2016-11,39074000,聚碳酸樹脂，初級狀態,阿根廷,出口總值(含復出口),29,13000
2016-11,39074000,聚碳酸樹脂，初級狀態,俄羅斯,出口總值(含復出口),6,2000
2016-11,39074000,聚碳酸樹脂，初級狀態,南非,出口總值(含復出口),86,36000
2016-11,39074000,聚碳酸樹脂，初級狀態,南韓,進口總值(含復進口),1733,728001
2016-11,39074000,聚碳酸樹脂，初級狀態,南韓,出口總值(含復出口),1468,585000
2016-11,39074000,聚碳酸樹脂，初級狀態,美國,進口總值(含復進口),845,347275
2016-11,39074000,聚碳酸樹脂，初級狀態,美國,出口總值(含復出口),810,257800
2016-11,39074000,聚碳酸樹脂，初級狀態,英國,出口總值(含復出口),130,73000
2016-11,39074000,聚碳酸樹脂，初級狀態,香港,進口總值(含復進口),184,102000
2016-11,39074000,聚碳酸樹脂，初級狀態,香港,出口總值(含復出口),5494,1897091
2016-11,39074000,聚碳酸樹脂，初級狀態,哥倫比亞,出口總值(含復出口),81,36000
2016-11,39074000,聚碳酸樹脂，初級狀態,泰國,進口總值(含復進口),3581,1552933
2016-11,39074000,聚碳酸樹脂，初級狀態,泰國,出口總值(含復出口),352,124650
2016-11,39074000,聚碳酸樹脂，初級狀態,馬來西亞,進口總值(含復進口),1,1937
2016-11,39074000,聚碳酸樹脂，初級狀態,馬來西亞,出口總值(含復出口),293,115750
2016-11,39074000,聚碳酸樹脂，初級狀態,荷蘭,進口總值(含復進口),44,21670
2016-11,39074000,聚碳酸樹脂，初級狀態,荷蘭,出口總值(含復出口),540,184000
2016-11,39074000,聚碳酸樹脂，初級狀態,斯洛維尼亞,出口總值(含復出口),91,38000
2016-11,39074000,聚碳酸樹脂，初級狀態,智利,出口總值(含復出口),10,4000
2016-11,39074000,聚碳酸樹脂，初級狀態,菲律賓,出口總值(含復出口),203,129500
2016-11,39074000,聚碳酸樹脂，初級狀態,越南,出口總值(含復出口),615,251075
2016-11,39074000,聚碳酸樹脂，初級狀態,奧地利,進口總值(含復進口),7,41
2016-11,39074000,聚碳酸樹脂，初級狀態,新加坡,進口總值(含復進口),552,137767
2016-11,39074000,聚碳酸樹脂，初級狀態,新加坡,出口總值(含復出口),216,68500
2016-11,39074000,聚碳酸樹脂，初級狀態,瑞士,進口總值(含復進口),36,17000
2016-11,39074000,聚碳酸樹脂，初級狀態,瑞典,進口總值(含復進口),36,4800
2016-11,39074000,聚碳酸樹脂，初級狀態,瑞典,出口總值(含復出口),39,16000
2016-11,39074000,聚碳酸樹脂，初級狀態,義大利,進口總值(含復進口),9,1725
2016-11,39074000,聚碳酸樹脂，初級狀態,義大利,出口總值(含復出口),51,18000
2016-11,39074000,聚碳酸樹脂，初級狀態,葡萄牙,出口總值(含復出口),6,2700
2016-11,39074000,聚碳酸樹脂，初級狀態,德國,進口總值(含復進口),2078,1015740
2016-11,39074000,聚碳酸樹脂，初級狀態,德國,出口總值(含復出口),4,2000
2016-11,39074000,聚碳酸樹脂，初級狀態,緬甸,出口總值(含復出口),14,8000
2016-11,39074000,聚碳酸樹脂，初級狀態,黎巴嫩,出口總值(含復出口),5,2000
2016-11,39074000,聚碳酸樹脂，初級狀態,墨西哥,進口總值(含復進口),27,19200
2016-11,39074000,聚碳酸樹脂，初級狀態,澳大利亞,出口總值(含復出口),14,6000
2016-11,39075000,醇酸樹脂，初級狀態,中國大陸,進口總值(含復進口),16,13400
2016-11,39075000,醇酸樹脂，初級狀態,中國大陸,出口總值(含復出口),406,247370
2016-11,39075000,醇酸樹脂，初級狀態,日本,進口總值(含復進口),39,12325
2016-11,39075000,醇酸樹脂，初級狀態,日本,出口總值(含復出口),45,23600
2016-11,39075000,醇酸樹脂，初級狀態,以色列,出口總值(含復出口),60,47000
2016-11,39075000,醇酸樹脂，初級狀態,印尼,出口總值(含復出口),5,2600
2016-11,39075000,醇酸樹脂，初級狀態,印度,出口總值(含復出口),27,12000
2016-11,39075000,醇酸樹脂，初級狀態,阿拉伯聯合大公國,出口總值(含復出口),12,7400
2016-11,39075000,醇酸樹脂，初級狀態,南韓,出口總值(含復出口),31,17400
2016-11,39075000,醇酸樹脂，初級狀態,埃及,出口總值(含復出口),41,32800
2016-11,39075000,醇酸樹脂，初級狀態,泰國,出口總值(含復出口),63,56800
2016-11,39075000,醇酸樹脂，初級狀態,紐西蘭,出口總值(含復出口),4,2000
2016-11,39075000,醇酸樹脂，初級狀態,馬來西亞,出口總值(含復出口),298,170709
2016-11,39075000,醇酸樹脂，初級狀態,莫三比克,出口總值(含復出口),0,150
2016-11,39075000,醇酸樹脂，初級狀態,斯里蘭卡,出口總值(含復出口),21,13200
2016-11,39075000,醇酸樹脂，初級狀態,菲律賓,出口總值(含復出口),9,4950
2016-11,39075000,醇酸樹脂，初級狀態,越南,出口總值(含復出口),3607,2471526
2016-11,39075000,醇酸樹脂，初級狀態,新加坡,出口總值(含復出口),200,118869
2016-11,39075000,醇酸樹脂，初級狀態,模里西斯,出口總值(含復出口),21,19230
2016-11,39075000,醇酸樹脂，初級狀態,緬甸,出口總值(含復出口),24,18042
2016-11,39075000,醇酸樹脂，初級狀態,黎巴嫩,出口總值(含復出口),16,9600
2016-11,39075000,醇酸樹脂，初級狀態,澳大利亞,出口總值(含復出口),156,99770
2016-12,39073010,丙二酚型環氧樹脂,土耳其,出口總值(含復出口),228,140280
2016-12,39073010,丙二酚型環氧樹脂,中國大陸,進口總值(含復進口),84,32098
2016-12,39073010,丙二酚型環氧樹脂,中國大陸,出口總值(含復出口),4276,1771655
2016-12,39073010,丙二酚型環氧樹脂,丹麥,進口總值(含復進口),158,35000
2016-12,39073010,丙二酚型環氧樹脂,巴西,出口總值(含復出口),172,119310
2016-12,39073010,丙二酚型環氧樹脂,巴林,出口總值(含復出口),71,52800
2016-12,39073010,丙二酚型環氧樹脂,巴基斯坦,出口總值(含復出口),145,90220
2016-12,39073010,丙二酚型環氧樹脂,日本,進口總值(含復進口),78,5358
2016-12,39073010,丙二酚型環氧樹脂,日本,出口總值(含復出口),1510,796273
2016-12,39073010,丙二酚型環氧樹脂,加拿大,出口總值(含復出口),114,83600
2016-12,39073010,丙二酚型環氧樹脂,伊朗,出口總值(含復出口),48,32000
2016-12,39073010,丙二酚型環氧樹脂,印尼,出口總值(含復出口),171,97100
2016-12,39073010,丙二酚型環氧樹脂,印度,出口總值(含復出口),385,231580
2016-12,39073010,丙二酚型環氧樹脂,西班牙,出口總值(含復出口),48,30880
2016-12,39073010,丙二酚型環氧樹脂,阿拉伯聯合大公國,出口總值(含復出口),246,158400
2016-12,39073010,丙二酚型環氧樹脂,南非,出口總值(含復出口),26,15400
2016-12,39073010,丙二酚型環氧樹脂,南韓,進口總值(含復進口),403,96040
2016-12,39073010,丙二酚型環氧樹脂,南韓,出口總值(含復出口),236,114560
2016-12,39073010,丙二酚型環氧樹脂,美國,進口總值(含復進口),215,76550
2016-12,39073010,丙二酚型環氧樹脂,美國,出口總值(含復出口),501,332968
2016-12,39073010,丙二酚型環氧樹脂,英國,進口總值(含復進口),8,330
2016-12,39073010,丙二酚型環氧樹脂,英國,出口總值(含復出口),340,234580
2016-12,39073010,丙二酚型環氧樹脂,香港,出口總值(含復出口),49,18671
2016-12,39073010,丙二酚型環氧樹脂,埃及,出口總值(含復出口),30,19200
2016-12,39073010,丙二酚型環氧樹脂,泰國,出口總值(含復出口),98,46580
2016-12,39073010,丙二酚型環氧樹脂,紐西蘭,出口總值(含復出口),9,6000
2016-12,39073010,丙二酚型環氧樹脂,馬來西亞,進口總值(含復進口),88,24000
2016-12,39073010,丙二酚型環氧樹脂,馬來西亞,出口總值(含復出口),642,408825
2016-12,39073010,丙二酚型環氧樹脂,荷蘭,進口總值(含復進口),102,52050
2016-12,39073010,丙二酚型環氧樹脂,智利,出口總值(含復出口),25,17600
2016-12,39073010,丙二酚型環氧樹脂,菲律賓,出口總值(含復出口),71,34600
2016-12,39073010,丙二酚型環氧樹脂,越南,出口總值(含復出口),501,302306
2016-12,39073010,丙二酚型環氧樹脂,奧地利,出口總值(含復出口),32,17500
2016-12,39073010,丙二酚型環氧樹脂,新加坡,出口總值(含復出口),411,262340
2016-12,39073010,丙二酚型環氧樹脂,義大利,出口總值(含復出口),172,101450
2016-12,39073010,丙二酚型環氧樹脂,葡萄牙,出口總值(含復出口),90,57600
2016-12,39073010,丙二酚型環氧樹脂,墨西哥,出口總值(含復出口),159,102400
2016-12,39073010,丙二酚型環氧樹脂,澳大利亞,出口總值(含復出口),135,73990
2016-12,39073010,丙二酚型環氧樹脂,澳門,出口總值(含復出口),234,130850
2016-12,39074000,聚碳酸樹脂，初級狀態,土耳其,出口總值(含復出口),37,16000
2016-12,39074000,聚碳酸樹脂，初級狀態,中國大陸,進口總值(含復進口),6369,2281819
2016-12,39074000,聚碳酸樹脂，初級狀態,中國大陸,出口總值(含復出口),68620,29131732
2016-12,39074000,聚碳酸樹脂，初級狀態,中華民國,進口總值(含復進口),39,17100
2016-12,39074000,聚碳酸樹脂，初級狀態,厄瓜多,出口總值(含復出口),13,6000
2016-12,39074000,聚碳酸樹脂，初級狀態,巴西,出口總值(含復出口),56,22000
2016-12,39074000,聚碳酸樹脂，初級狀態,巴拉圭,出口總值(含復出口),21,8800
2016-12,39074000,聚碳酸樹脂，初級狀態,巴基斯坦,出口總值(含復出口),83,36000
2016-12,39074000,聚碳酸樹脂，初級狀態,日本,進口總值(含復進口),6473,1169964
2016-12,39074000,聚碳酸樹脂，初級狀態,日本,出口總值(含復出口),2383,993525
2016-12,39074000,聚碳酸樹脂，初級狀態,比利時,進口總值(含復進口),52,5150
2016-12,39074000,聚碳酸樹脂，初級狀態,比利時,出口總值(含復出口),34,15000
2016-12,39074000,聚碳酸樹脂，初級狀態,以色列,出口總值(含復出口),53,23000
2016-12,39074000,聚碳酸樹脂，初級狀態,加拿大,出口總值(含復出口),58,24000
2016-12,39074000,聚碳酸樹脂，初級狀態,伊朗,出口總值(含復出口),728,320000
2016-12,39074000,聚碳酸樹脂，初級狀態,印尼,出口總值(含復出口),321,137150
2016-12,39074000,聚碳酸樹脂，初級狀態,西班牙,進口總值(含復進口),1163,539137
2016-12,39074000,聚碳酸樹脂，初級狀態,西班牙,出口總值(含復出口),33,15000
2016-12,39074000,聚碳酸樹脂，初級狀態,沙烏地阿拉伯,進口總值(含復進口),257,119250
2016-12,39074000,聚碳酸樹脂，初級狀態,波蘭,出口總值(含復出口),7,3000
2016-12,39074000,聚碳酸樹脂，初級狀態,法國,出口總值(含復出口),38,16000
2016-12,39074000,聚碳酸樹脂，初級狀態,阿拉伯聯合大公國,進口總值(含復進口),93,50000
2016-12,39074000,聚碳酸樹脂，初級狀態,阿根廷,出口總值(含復出口),50,23000
2016-12,39074000,聚碳酸樹脂，初級狀態,南非,出口總值(含復出口),186,76000
2016-12,39074000,聚碳酸樹脂，初級狀態,南韓,進口總值(含復進口),2308,972640
2016-12,39074000,聚碳酸樹脂，初級狀態,南韓,出口總值(含復出口),1225,489000
2016-12,39074000,聚碳酸樹脂，初級狀態,突尼西亞,出口總值(含復出口),48,16000
2016-12,39074000,聚碳酸樹脂，初級狀態,美國,進口總值(含復進口),294,137072
2016-12,39074000,聚碳酸樹脂，初級狀態,美國,出口總值(含復出口),695,261267
2016-12,39074000,聚碳酸樹脂，初級狀態,英國,出口總值(含復出口),180,77124
2016-12,39074000,聚碳酸樹脂，初級狀態,香港,進口總值(含復進口),141,76500
2016-12,39074000,聚碳酸樹脂，初級狀態,香港,出口總值(含復出口),6607,2306518
2016-12,39074000,聚碳酸樹脂，初級狀態,哥倫比亞,出口總值(含復出口),80,36000
2016-12,39074000,聚碳酸樹脂，初級狀態,哥斯大黎加,出口總值(含復出口),10,20000
2016-12,39074000,聚碳酸樹脂，初級狀態,埃及,出口總值(含復出口),82,36000
2016-12,39074000,聚碳酸樹脂，初級狀態,泰國,進口總值(含復進口),5020,2181039
2016-12,39074000,聚碳酸樹脂，初級狀態,泰國,出口總值(含復出口),78,30032
2016-12,39074000,聚碳酸樹脂，初級狀態,秘魯,出口總值(含復出口),9,4000
2016-12,39074000,聚碳酸樹脂，初級狀態,紐西蘭,出口總值(含復出口),45,19000
2016-12,39074000,聚碳酸樹脂，初級狀態,馬來西亞,進口總值(含復進口),5,700
2016-12,39074000,聚碳酸樹脂，初級狀態,馬來西亞,出口總值(含復出口),185,64800
2016-12,39074000,聚碳酸樹脂，初級狀態,荷蘭,出口總值(含復出口),1397,524850
2016-12,39074000,聚碳酸樹脂，初級狀態,斯里蘭卡,出口總值(含復出口),77,33000
2016-12,39074000,聚碳酸樹脂，初級狀態,斯洛維尼亞,出口總值(含復出口),31,14000
2016-12,39074000,聚碳酸樹脂，初級狀態,智利,出口總值(含復出口),66,30000
2016-12,39074000,聚碳酸樹脂，初級狀態,菲律賓,出口總值(含復出口),74,55000
2016-12,39074000,聚碳酸樹脂，初級狀態,越南,出口總值(含復出口),973,437475
2016-12,39074000,聚碳酸樹脂，初級狀態,奧地利,進口總值(含復進口),12,70
2016-12,39074000,聚碳酸樹脂，初級狀態,奧地利,出口總值(含復出口),2,500
2016-12,39074000,聚碳酸樹脂，初級狀態,新加坡,進口總值(含復進口),393,107075
2016-12,39074000,聚碳酸樹脂，初級狀態,新加坡,出口總值(含復出口),109,29250
2016-12,39074000,聚碳酸樹脂，初級狀態,瑞士,進口總值(含復進口),92,14950
2016-12,39074000,聚碳酸樹脂，初級狀態,瑞典,進口總值(含復進口),20,2975
2016-12,39074000,聚碳酸樹脂，初級狀態,瑞典,出口總值(含復出口),42,18000
2016-12,39074000,聚碳酸樹脂，初級狀態,義大利,進口總值(含復進口),75,6034
2016-12,39074000,聚碳酸樹脂，初級狀態,義大利,出口總值(含復出口),48,20000
2016-12,39074000,聚碳酸樹脂，初級狀態,德國,進口總值(含復進口),1990,1012952
2016-12,39074000,聚碳酸樹脂，初級狀態,德國,出口總值(含復出口),87,37025
2016-12,39074000,聚碳酸樹脂，初級狀態,緬甸,出口總值(含復出口),63,35000
2016-12,39074000,聚碳酸樹脂，初級狀態,墨西哥,進口總值(含復進口),39,27151
2016-12,39074000,聚碳酸樹脂，初級狀態,墨西哥,出口總值(含復出口),269,87850
2016-12,39074000,聚碳酸樹脂，初級狀態,澳大利亞,出口總值(含復出口),17,6300
2016-12,39075000,醇酸樹脂，初級狀態,中國大陸,進口總值(含復進口),16,13140
2016-12,39075000,醇酸樹脂，初級狀態,中國大陸,出口總值(含復出口),595,347130
2016-12,39075000,醇酸樹脂，初級狀態,日本,進口總值(含復進口),37,10125
2016-12,39075000,醇酸樹脂，初級狀態,日本,出口總值(含復出口),19,8000
2016-12,39075000,醇酸樹脂，初級狀態,以色列,出口總值(含復出口),42,32000
2016-12,39075000,醇酸樹脂，初級狀態,印尼,出口總值(含復出口),43,20840
2016-12,39075000,醇酸樹脂，初級狀態,沙烏地阿拉伯,出口總值(含復出口),31,24400
2016-12,39075000,醇酸樹脂，初級狀態,孟加拉,出口總值(含復出口),5,2680
2016-12,39075000,醇酸樹脂，初級狀態,俄羅斯,出口總值(含復出口),21,15200
2016-12,39075000,醇酸樹脂，初級狀態,南非,出口總值(含復出口),5,3000
2016-12,39075000,醇酸樹脂，初級狀態,南韓,出口總值(含復出口),67,31600
2016-12,39075000,醇酸樹脂，初級狀態,柬埔寨,出口總值(含復出口),0,100
2016-12,39075000,醇酸樹脂，初級狀態,香港,出口總值(含復出口),6,3600
2016-12,39075000,醇酸樹脂，初級狀態,埃及,出口總值(含復出口),40,31710
2016-12,39075000,醇酸樹脂，初級狀態,泰國,出口總值(含復出口),58,43550
2016-12,39075000,醇酸樹脂，初級狀態,紐西蘭,出口總值(含復出口),6,3000
2016-12,39075000,醇酸樹脂，初級狀態,馬來西亞,出口總值(含復出口),163,106700
2016-12,39075000,醇酸樹脂，初級狀態,斯里蘭卡,出口總值(含復出口),264,194740
2016-12,39075000,醇酸樹脂，初級狀態,越南,出口總值(含復出口),3101,2147679
2016-12,39075000,醇酸樹脂，初級狀態,新加坡,出口總值(含復出口),175,96800
2016-12,39075000,醇酸樹脂，初級狀態,黎巴嫩,出口總值(含復出口),21,16000
2016-12,39075000,醇酸樹脂，初級狀態,澳大利亞,出口總值(含復出口),289,174650
2016-1,39079100,其他聚酯，不飽和者，初級狀態,中國大陸,進口總值(含復進口),216,167632
2016-1,39079100,其他聚酯，不飽和者，初級狀態,中華民國,進口總值(含復進口),133,81260
2016-1,39079100,其他聚酯，不飽和者，初級狀態,日本,進口總值(含復進口),326,68991
2016-1,39079100,其他聚酯，不飽和者，初級狀態,比利時,進口總值(含復進口),42,13478
2016-1,39079100,其他聚酯，不飽和者，初級狀態,南韓,進口總值(含復進口),245,124200
2016-1,39079100,其他聚酯，不飽和者，初級狀態,美國,進口總值(含復進口),71,13757
2016-1,39079100,其他聚酯，不飽和者，初級狀態,英國,進口總值(含復進口),0,20
2016-1,39079100,其他聚酯，不飽和者，初級狀態,泰國,進口總值(含復進口),48,11590
2016-1,39079100,其他聚酯，不飽和者，初級狀態,新加坡,進口總值(含復進口),21,6016
2016-1,39079100,其他聚酯，不飽和者，初級狀態,義大利,進口總值(含復進口),42,16175
2016-1,39079100,其他聚酯，不飽和者，初級狀態,德國,進口總值(含復進口),54,5600
2016-1,39079100,其他聚酯，不飽和者，初級狀態,中國大陸,出口總值(含復出口),1487,690789
2016-1,39079100,其他聚酯，不飽和者，初級狀態,巴基斯坦,出口總值(含復出口),23,17600
2016-1,39079100,其他聚酯，不飽和者，初級狀態,日本,出口總值(含復出口),2756,2353375
2016-1,39079100,其他聚酯，不飽和者，初級狀態,以色列,出口總值(含復出口),100,76640
2016-1,39079100,其他聚酯，不飽和者，初級狀態,瓜地馬拉,出口總值(含復出口),26,18000
2016-1,39079100,其他聚酯，不飽和者，初級狀態,伊朗,出口總值(含復出口),38,19800
2016-1,39079100,其他聚酯，不飽和者，初級狀態,印尼,出口總值(含復出口),181,142580
2016-1,39079100,其他聚酯，不飽和者，初級狀態,印度,出口總值(含復出口),337,196068
2016-1,39079100,其他聚酯，不飽和者，初級狀態,多明尼加,出口總值(含復出口),319,205650
2016-1,39079100,其他聚酯，不飽和者，初級狀態,奈及利亞,出口總值(含復出口),43,30660
2016-1,39079100,其他聚酯，不飽和者，初級狀態,孟加拉,出口總值(含復出口),940,858760
2016-1,39079100,其他聚酯，不飽和者，初級狀態,阿拉伯聯合大公國,出口總值(含復出口),102,60000
2016-1,39079100,其他聚酯，不飽和者，初級狀態,南非,出口總值(含復出口),123,70400
2016-1,39079100,其他聚酯，不飽和者，初級狀態,柬埔寨,出口總值(含復出口),146,97000
2016-1,39079100,其他聚酯，不飽和者，初級狀態,迦納,出口總值(含復出口),8,4400
2016-1,39079100,其他聚酯，不飽和者，初級狀態,香港,出口總值(含復出口),341,119420
2016-1,39079100,其他聚酯，不飽和者，初級狀態,埃及,出口總值(含復出口),466,342120
2016-1,39079100,其他聚酯，不飽和者，初級狀態,泰國,出口總值(含復出口),162,94500
2016-1,39079100,其他聚酯，不飽和者，初級狀態,紐西蘭,出口總值(含復出口),59,31270
2016-1,39079100,其他聚酯，不飽和者，初級狀態,馬來西亞,出口總值(含復出口),233,151180
2016-1,39079100,其他聚酯，不飽和者，初級狀態,馬達加斯加,出口總值(含復出口),28,17600
2016-1,39079100,其他聚酯，不飽和者，初級狀態,斯里蘭卡,出口總值(含復出口),40,20900
2016-1,39079100,其他聚酯，不飽和者，初級狀態,菲律賓,出口總值(含復出口),941,660109
2016-1,39079100,其他聚酯，不飽和者，初級狀態,越南,出口總值(含復出口),6008,5400100
2016-1,39079100,其他聚酯，不飽和者，初級狀態,新加坡,出口總值(含復出口),228,176000
2016-1,39079100,其他聚酯，不飽和者，初級狀態,緬甸,出口總值(含復出口),22,16280
2016-1,39079100,其他聚酯，不飽和者，初級狀態,黎巴嫩,出口總值(含復出口),22,15400
2016-1,39079100,其他聚酯，不飽和者，初級狀態,澳大利亞,出口總值(含復出口),610,440168
2016-1,39079100,其他聚酯，不飽和者，初級狀態,蘇丹,出口總值(含復出口),12,8800
2016-1,39094000,酚樹脂，初級狀態,中國大陸,進口總值(含復進口),598,283560
2016-1,39094000,酚樹脂，初級狀態,日本,進口總值(含復進口),1241,112371
2016-1,39094000,酚樹脂，初級狀態,加拿大,進口總值(含復進口),0,72
2016-1,39094000,酚樹脂，初級狀態,印度,進口總值(含復進口),3,600
2016-1,39094000,酚樹脂，初級狀態,法國,進口總值(含復進口),29,6400
2016-1,39094000,酚樹脂，初級狀態,南韓,進口總值(含復進口),566,120500
2016-1,39094000,酚樹脂，初級狀態,美國,進口總值(含復進口),231,35780
2016-1,39094000,酚樹脂，初級狀態,泰國,進口總值(含復進口),30,17000
2016-1,39094000,酚樹脂，初級狀態,新加坡,進口總值(含復進口),31,9000
2016-1,39094000,酚樹脂，初級狀態,瑞士,進口總值(含復進口),14,425
2016-1,39094000,酚樹脂，初級狀態,德國,進口總值(含復進口),5,900
2016-1,39094000,酚樹脂，初級狀態,土耳其,出口總值(含復出口),32,18000
2016-1,39094000,酚樹脂，初級狀態,中國大陸,出口總值(含復出口),5768,3663344
2016-1,39094000,酚樹脂，初級狀態,日本,出口總值(含復出口),804,243773
2016-1,39094000,酚樹脂，初級狀態,伊朗,出口總值(含復出口),46,16000
2016-1,39094000,酚樹脂，初級狀態,印尼,出口總值(含復出口),100,32000
2016-1,39094000,酚樹脂，初級狀態,印度,出口總值(含復出口),187,126050
2016-1,39094000,酚樹脂，初級狀態,孟加拉,出口總值(含復出口),0,80
2016-1,39094000,酚樹脂，初級狀態,南非,出口總值(含復出口),22,18000
2016-1,39094000,酚樹脂，初級狀態,南韓,出口總值(含復出口),97,66000
2016-1,39094000,酚樹脂，初級狀態,美國,出口總值(含復出口),6,1300
2016-1,39094000,酚樹脂，初級狀態,香港,出口總值(含復出口),68,37560
2016-1,39094000,酚樹脂，初級狀態,泰國,出口總值(含復出口),227,130040
2016-1,39094000,酚樹脂，初級狀態,馬來西亞,出口總值(含復出口),102,35157
2016-1,39094000,酚樹脂，初級狀態,荷蘭,出口總值(含復出口),3,3200
2016-1,39094000,酚樹脂，初級狀態,菲律賓,出口總值(含復出口),212,164720
2016-1,39094000,酚樹脂，初級狀態,越南,出口總值(含復出口),243,136533
2016-1,39094000,酚樹脂，初級狀態,新加坡,出口總值(含復出口),31,16920
2016-2,39079100,其他聚酯，不飽和者，初級狀態,中國大陸,進口總值(含復進口),188,144740
2016-2,39079100,其他聚酯，不飽和者，初級狀態,中華民國,進口總值(含復進口),93,70400
2016-2,39079100,其他聚酯，不飽和者，初級狀態,日本,進口總值(含復進口),222,76345
2016-2,39079100,其他聚酯，不飽和者，初級狀態,比利時,進口總值(含復進口),27,4940
2016-2,39079100,其他聚酯，不飽和者，初級狀態,印尼,進口總值(含復進口),147,408000
2016-2,39079100,其他聚酯，不飽和者，初級狀態,南韓,進口總值(含復進口),44,12000
2016-2,39079100,其他聚酯，不飽和者，初級狀態,美國,進口總值(含復進口),2,80
2016-2,39079100,其他聚酯，不飽和者，初級狀態,荷蘭,進口總值(含復進口),0,0
2016-2,39079100,其他聚酯，不飽和者，初級狀態,瑞士,進口總值(含復進口),1,100
2016-2,39079100,其他聚酯，不飽和者，初級狀態,德國,進口總值(含復進口),26,4000
2016-2,39079100,其他聚酯，不飽和者，初級狀態,土耳其,出口總值(含復出口),5,3588
2016-2,39079100,其他聚酯，不飽和者，初級狀態,中國大陸,出口總值(含復出口),951,480284
2016-2,39079100,其他聚酯，不飽和者，初級狀態,巴布亞紐幾內亞,出口總值(含復出口),28,17600
2016-2,39079100,其他聚酯，不飽和者，初級狀態,日本,出口總值(含復出口),2281,2192034
2016-2,39079100,其他聚酯，不飽和者，初級狀態,以色列,出口總值(含復出口),41,31680
2016-2,39079100,其他聚酯，不飽和者，初級狀態,瓜地馬拉,出口總值(含復出口),26,18000
2016-2,39079100,其他聚酯，不飽和者，初級狀態,印尼,出口總值(含復出口),97,74980
2016-2,39079100,其他聚酯，不飽和者，初級狀態,印度,出口總值(含復出口),164,89460
2016-2,39079100,其他聚酯，不飽和者，初級狀態,多明尼加,出口總值(含復出口),342,226840
2016-2,39079100,其他聚酯，不飽和者，初級狀態,西班牙,出口總值(含復出口),48,35640
2016-2,39079100,其他聚酯，不飽和者，初級狀態,奈及利亞,出口總值(含復出口),47,30540
2016-2,39079100,其他聚酯，不飽和者，初級狀態,孟加拉,出口總值(含復出口),700,586210
2016-2,39079100,其他聚酯，不飽和者，初級狀態,肯亞,出口總值(含復出口),30,17600
2016-2,39079100,其他聚酯，不飽和者，初級狀態,阿拉伯聯合大公國,出口總值(含復出口),166,107200
2016-2,39079100,其他聚酯，不飽和者，初級狀態,南非,出口總值(含復出口),195,105600
2016-2,39079100,其他聚酯，不飽和者，初級狀態,柬埔寨,出口總值(含復出口),130,91035
2016-2,39079100,其他聚酯，不飽和者，初級狀態,香港,出口總值(含復出口),220,90920
2016-2,39079100,其他聚酯，不飽和者，初級狀態,哥斯大黎加,出口總值(含復出口),22,13200
2016-2,39079100,其他聚酯，不飽和者，初級狀態,埃及,出口總值(含復出口),423,307760
2016-2,39079100,其他聚酯，不飽和者，初級狀態,泰國,出口總值(含復出口),59,31004
2016-2,39079100,其他聚酯，不飽和者，初級狀態,秘魯,出口總值(含復出口),64,44170
2016-2,39079100,其他聚酯，不飽和者，初級狀態,紐西蘭,出口總值(含復出口),35,21790
2016-2,39079100,其他聚酯，不飽和者，初級狀態,斯里蘭卡,出口總值(含復出口),111,70360
2016-2,39079100,其他聚酯，不飽和者，初級狀態,菲律賓,出口總值(含復出口),608,456050
2016-2,39079100,其他聚酯，不飽和者，初級狀態,越南,出口總值(含復出口),3016,2722745
2016-2,39079100,其他聚酯，不飽和者，初級狀態,新加坡,出口總值(含復出口),226,177450
2016-2,39079100,其他聚酯，不飽和者，初級狀態,模里西斯,出口總值(含復出口),3,1540
2016-2,39079100,其他聚酯，不飽和者，初級狀態,緬甸,出口總值(含復出口),51,35420
2016-2,39079100,其他聚酯，不飽和者，初級狀態,黎巴嫩,出口總值(含復出口),5,3000
2016-2,39079100,其他聚酯，不飽和者，初級狀態,澳大利亞,出口總值(含復出口),500,422045
2016-2,39079100,其他聚酯，不飽和者，初級狀態,蘇丹,出口總值(含復出口),12,8800
2016-2,39094000,酚樹脂，初級狀態,中國大陸,進口總值(含復進口),257,108480
2016-2,39094000,酚樹脂，初級狀態,中華民國,進口總值(含復進口),17,2100
2016-2,39094000,酚樹脂，初級狀態,日本,進口總值(含復進口),1135,104636
2016-2,39094000,酚樹脂，初級狀態,加拿大,進口總值(含復進口),7,1886
2016-2,39094000,酚樹脂，初級狀態,印度,進口總值(含復進口),56,35430
2016-2,39094000,酚樹脂，初級狀態,南韓,進口總值(含復進口),475,89880
2016-2,39094000,酚樹脂，初級狀態,美國,進口總值(含復進口),288,89005
2016-2,39094000,酚樹脂，初級狀態,泰國,進口總值(含復進口),35,20000
2016-2,39094000,酚樹脂，初級狀態,德國,進口總值(含復進口),520,85760
2016-2,39094000,酚樹脂，初級狀態,中國大陸,出口總值(含復出口),3433,2248890
2016-2,39094000,酚樹脂，初級狀態,巴基斯坦,出口總值(含復出口),9,6000
2016-2,39094000,酚樹脂，初級狀態,日本,出口總值(含復出口),582,186675
2016-2,39094000,酚樹脂，初級狀態,印尼,出口總值(含復出口),3,1100
2016-2,39094000,酚樹脂，初級狀態,印度,出口總值(含復出口),44,16020
2016-2,39094000,酚樹脂，初級狀態,南非,出口總值(含復出口),61,54000
2016-2,39094000,酚樹脂，初級狀態,南韓,出口總值(含復出口),34,25600
2016-2,39094000,酚樹脂，初級狀態,香港,出口總值(含復出口),48,37025
2016-2,39094000,酚樹脂，初級狀態,泰國,出口總值(含復出口),144,69540
2016-2,39094000,酚樹脂，初級狀態,馬來西亞,出口總值(含復出口),97,40200
2016-2,39094000,酚樹脂，初級狀態,菲律賓,出口總值(含復出口),95,77595
2016-2,39094000,酚樹脂，初級狀態,越南,出口總值(含復出口),205,113581
2016-2,39094000,酚樹脂，初級狀態,新加坡,出口總值(含復出口),18,8020
2016-2,39094000,酚樹脂，初級狀態,義大利,出口總值(含復出口),85,79200
2016-3,39079100,其他聚酯，不飽和者，初級狀態,中國大陸,進口總值(含復進口),285,190485
2016-3,39079100,其他聚酯，不飽和者，初級狀態,日本,進口總值(含復進口),315,113692
2016-3,39079100,其他聚酯，不飽和者，初級狀態,比利時,進口總值(含復進口),1,225
2016-3,39079100,其他聚酯，不飽和者，初級狀態,印尼,進口總值(含復進口),136,379800
2016-3,39079100,其他聚酯，不飽和者，初級狀態,南韓,進口總值(含復進口),357,128600
2016-3,39079100,其他聚酯，不飽和者，初級狀態,美國,進口總值(含復進口),65,15980
2016-3,39079100,其他聚酯，不飽和者，初級狀態,英國,進口總值(含復進口),1,200
2016-3,39079100,其他聚酯，不飽和者，初級狀態,泰國,進口總值(含復進口),34,7840
2016-3,39079100,其他聚酯，不飽和者，初級狀態,新加坡,進口總值(含復進口),16,4408
2016-3,39079100,其他聚酯，不飽和者，初級狀態,義大利,進口總值(含復進口),43,16600
2016-3,39079100,其他聚酯，不飽和者，初級狀態,德國,進口總值(含復進口),44,16238
2016-3,39079100,其他聚酯，不飽和者，初級狀態,土耳其,出口總值(含復出口),11,7920
2016-3,39079100,其他聚酯，不飽和者，初級狀態,中國大陸,出口總值(含復出口),1335,735479
2016-3,39079100,其他聚酯，不飽和者，初級狀態,巴基斯坦,出口總值(含復出口),23,17600
2016-3,39079100,其他聚酯，不飽和者，初級狀態,日本,出口總值(含復出口),3095,2888852
2016-3,39079100,其他聚酯，不飽和者，初級狀態,以色列,出口總值(含復出口),27,17600
2016-3,39079100,其他聚酯，不飽和者，初級狀態,伊朗,出口總值(含復出口),42,19800
2016-3,39079100,其他聚酯，不飽和者，初級狀態,印尼,出口總值(含復出口),134,105720
2016-3,39079100,其他聚酯，不飽和者，初級狀態,印度,出口總值(含復出口),347,212520
2016-3,39079100,其他聚酯，不飽和者，初級狀態,多明尼加,出口總值(含復出口),50,34400
2016-3,39079100,其他聚酯，不飽和者，初級狀態,奈及利亞,出口總值(含復出口),149,106460
2016-3,39079100,其他聚酯，不飽和者，初級狀態,孟加拉,出口總值(含復出口),1437,1364070
2016-3,39079100,其他聚酯，不飽和者，初級狀態,阿拉伯聯合大公國,出口總值(含復出口),203,167985
2016-3,39079100,其他聚酯，不飽和者，初級狀態,南非,出口總值(含復出口),219,132000
2016-3,39079100,其他聚酯，不飽和者，初級狀態,南韓,出口總值(含復出口),43,16000
2016-3,39079100,其他聚酯，不飽和者，初級狀態,柬埔寨,出口總值(含復出口),323,222820
2016-3,39079100,其他聚酯，不飽和者，初級狀態,香港,出口總值(含復出口),337,136704
2016-3,39079100,其他聚酯，不飽和者，初級狀態,哥斯大黎加,出口總值(含復出口),67,43560
2016-3,39079100,其他聚酯，不飽和者，初級狀態,埃及,出口總值(含復出口),984,795260
2016-3,39079100,其他聚酯，不飽和者，初級狀態,泰國,出口總值(含復出口),159,98144
2016-3,39079100,其他聚酯，不飽和者，初級狀態,秘魯,出口總值(含復出口),1126,1534980
2016-3,39079100,其他聚酯，不飽和者，初級狀態,紐西蘭,出口總值(含復出口),112,66970
2016-3,39079100,其他聚酯，不飽和者，初級狀態,馬來西亞,出口總值(含復出口),148,103400
2016-3,39079100,其他聚酯，不飽和者，初級狀態,斯里蘭卡,出口總值(含復出口),107,75780
2016-3,39079100,其他聚酯，不飽和者，初級狀態,菲律賓,出口總值(含復出口),716,525890
2016-3,39079100,其他聚酯，不飽和者，初級狀態,越南,出口總值(含復出口),7967,7157967
2016-3,39079100,其他聚酯，不飽和者，初級狀態,新加坡,出口總值(含復出口),370,299200
2016-3,39079100,其他聚酯，不飽和者，初級狀態,模里西斯,出口總值(含復出口),56,35930
2016-3,39079100,其他聚酯，不飽和者，初級狀態,緬甸,出口總值(含復出口),72,53820
2016-3,39079100,其他聚酯，不飽和者，初級狀態,黎巴嫩,出口總值(含復出口),50,34320
2016-3,39079100,其他聚酯，不飽和者，初級狀態,澳大利亞,出口總值(含復出口),750,502080
2016-3,39094000,酚樹脂，初級狀態,中國大陸,進口總值(含復進口),446,173790
2016-3,39094000,酚樹脂，初級狀態,中華民國,進口總值(含復進口),18,6000
2016-3,39094000,酚樹脂，初級狀態,日本,進口總值(含復進口),1759,192080
2016-3,39094000,酚樹脂，初級狀態,比利時,進口總值(含復進口),23,10500
2016-3,39094000,酚樹脂，初級狀態,加拿大,進口總值(含復進口),5,190
2016-3,39094000,酚樹脂，初級狀態,印度,進口總值(含復進口),15,17600
2016-3,39094000,酚樹脂，初級狀態,南韓,進口總值(含復進口),587,131000
2016-3,39094000,酚樹脂，初級狀態,美國,進口總值(含復進口),378,78539
2016-3,39094000,酚樹脂，初級狀態,英國,進口總值(含復進口),5,150
2016-3,39094000,酚樹脂，初級狀態,新加坡,進口總值(含復進口),66,21000
2016-3,39094000,酚樹脂，初級狀態,德國,進口總值(含復進口),282,57580
2016-3,39094000,酚樹脂，初級狀態,土耳其,出口總值(含復出口),394,438000
2016-3,39094000,酚樹脂，初級狀態,中國大陸,出口總值(含復出口),4852,2999906
2016-3,39094000,酚樹脂，初級狀態,日本,出口總值(含復出口),721,230225
2016-3,39094000,酚樹脂，初級狀態,比利時,出口總值(含復出口),5,3200
2016-3,39094000,酚樹脂，初級狀態,伊朗,出口總值(含復出口),46,16000
2016-3,39094000,酚樹脂，初級狀態,印尼,出口總值(含復出口),79,30140
2016-3,39094000,酚樹脂，初級狀態,印度,出口總值(含復出口),94,78800
2016-3,39094000,酚樹脂，初級狀態,南非,出口總值(含復出口),22,18000
2016-3,39094000,酚樹脂，初級狀態,南韓,出口總值(含復出口),126,100125
2016-3,39094000,酚樹脂，初級狀態,美國,出口總值(含復出口),2,760
2016-3,39094000,酚樹脂，初級狀態,香港,出口總值(含復出口),140,91930
2016-3,39094000,酚樹脂，初級狀態,哥倫比亞,出口總值(含復出口),19,16000
2016-3,39094000,酚樹脂，初級狀態,泰國,出口總值(含復出口),289,162803
2016-3,39094000,酚樹脂，初級狀態,烏克蘭,出口總值(含復出口),23,18000
2016-3,39094000,酚樹脂，初級狀態,馬來西亞,出口總值(含復出口),212,69225
2016-3,39094000,酚樹脂，初級狀態,菲律賓,出口總值(含復出口),168,129680
2016-3,39094000,酚樹脂，初級狀態,越南,出口總值(含復出口),247,169448
2016-3,39094000,酚樹脂，初級狀態,新加坡,出口總值(含復出口),46,26000
2016-3,39094000,酚樹脂，初級狀態,義大利,出口總值(含復出口),33,32050
2016-3,39094000,酚樹脂，初級狀態,墨西哥,出口總值(含復出口),4,3000
2016-3,39094000,酚樹脂，初級狀態,澳大利亞,出口總值(含復出口),6,2000
2016-4,39079100,其他聚酯，不飽和者，初級狀態,中國大陸,進口總值(含復進口),194,128560
2016-4,39079100,其他聚酯，不飽和者，初級狀態,中華民國,進口總值(含復進口),0,15
2016-4,39079100,其他聚酯，不飽和者，初級狀態,日本,進口總值(含復進口),184,31336
2016-4,39079100,其他聚酯，不飽和者，初級狀態,印尼,進口總值(含復進口),44,120000
2016-4,39079100,其他聚酯，不飽和者，初級狀態,南韓,進口總值(含復進口),88,52200
2016-4,39079100,其他聚酯，不飽和者，初級狀態,美國,進口總值(含復進口),7,694
2016-4,39079100,其他聚酯，不飽和者，初級狀態,英國,進口總值(含復進口),1,100
2016-4,39079100,其他聚酯，不飽和者，初級狀態,泰國,進口總值(含復進口),1,190
2016-4,39079100,其他聚酯，不飽和者，初級狀態,新加坡,進口總值(含復進口),11,3216
2016-4,39079100,其他聚酯，不飽和者，初級狀態,義大利,進口總值(含復進口),54,18700
2016-4,39079100,其他聚酯，不飽和者，初級狀態,德國,進口總值(含復進口),2,600
2016-4,39079100,其他聚酯，不飽和者，初級狀態,中國大陸,出口總值(含復出口),2022,1052617
2016-4,39079100,其他聚酯，不飽和者，初級狀態,巴西,出口總值(含復出口),10,2800
2016-4,39079100,其他聚酯，不飽和者，初級狀態,巴基斯坦,出口總值(含復出口),23,17600
2016-4,39079100,其他聚酯，不飽和者，初級狀態,日本,出口總值(含復出口),2171,1913200
2016-4,39079100,其他聚酯，不飽和者，初級狀態,以色列,出口總值(含復出口),52,34600
2016-4,39079100,其他聚酯，不飽和者，初級狀態,伊朗,出口總值(含復出口),27,17600
2016-4,39079100,其他聚酯，不飽和者，初級狀態,印尼,出口總值(含復出口),230,158000
2016-4,39079100,其他聚酯，不飽和者，初級狀態,印度,出口總值(含復出口),381,249230
2016-4,39079100,其他聚酯，不飽和者，初級狀態,多明尼加,出口總值(含復出口),29,17200
2016-4,39079100,其他聚酯，不飽和者，初級狀態,奈及利亞,出口總值(含復出口),195,124880
2016-4,39079100,其他聚酯，不飽和者，初級狀態,孟加拉,出口總值(含復出口),1575,1596602
2016-4,39079100,其他聚酯，不飽和者，初級狀態,阿拉伯聯合大公國,出口總值(含復出口),124,94440
2016-4,39079100,其他聚酯，不飽和者，初級狀態,南非,出口總值(含復出口),199,108015
2016-4,39079100,其他聚酯，不飽和者，初級狀態,南韓,出口總值(含復出口),46,16500
2016-4,39079100,其他聚酯，不飽和者，初級狀態,柬埔寨,出口總值(含復出口),75,53600
2016-4,39079100,其他聚酯，不飽和者，初級狀態,迦納,出口總值(含復出口),73,51240
2016-4,39079100,其他聚酯，不飽和者，初級狀態,香港,出口總值(含復出口),509,219575
2016-4,39079100,其他聚酯，不飽和者，初級狀態,哥斯大黎加,出口總值(含復出口),30,17600
2016-4,39079100,其他聚酯，不飽和者，初級狀態,埃及,出口總值(含復出口),700,528580
2016-4,39079100,其他聚酯，不飽和者，初級狀態,泰國,出口總值(含復出口),180,112200
2016-4,39079100,其他聚酯，不飽和者，初級狀態,秘魯,出口總值(含復出口),1228,1552945
2016-4,39079100,其他聚酯，不飽和者，初級狀態,紐西蘭,出口總值(含復出口),121,70440
2016-4,39079100,其他聚酯，不飽和者，初級狀態,馬來西亞,出口總值(含復出口),192,122670
2016-4,39079100,其他聚酯，不飽和者，初級狀態,斯里蘭卡,出口總值(含復出口),59,34760
2016-4,39079100,其他聚酯，不飽和者，初級狀態,菲律賓,出口總值(含復出口),1006,723228
2016-4,39079100,其他聚酯，不飽和者，初級狀態,越南,出口總值(含復出口),7099,6542210
2016-4,39079100,其他聚酯，不飽和者，初級狀態,新加坡,出口總值(含復出口),443,328000
2016-4,39079100,其他聚酯，不飽和者，初級狀態,模里西斯,出口總值(含復出口),93,60225
2016-4,39079100,其他聚酯，不飽和者，初級狀態,緬甸,出口總值(含復出口),22,16280
2016-4,39079100,其他聚酯，不飽和者，初級狀態,黎巴嫩,出口總值(含復出口),23,17600
2016-4,39079100,其他聚酯，不飽和者，初級狀態,澳大利亞,出口總值(含復出口),584,429040
2016-4,39094000,酚樹脂，初級狀態,中國大陸,進口總值(含復進口),528,223690
2016-4,39094000,酚樹脂，初級狀態,中華民國,進口總值(含復進口),12,8305
2016-4,39094000,酚樹脂，初級狀態,日本,進口總值(含復進口),1643,167087
2016-4,39094000,酚樹脂，初級狀態,比利時,進口總值(含復進口),16,5600
2016-4,39094000,酚樹脂，初級狀態,加拿大,進口總值(含復進口),0,72
2016-4,39094000,酚樹脂，初級狀態,印度,進口總值(含復進口),11,2250
2016-4,39094000,酚樹脂，初級狀態,法國,進口總值(含復進口),13,2400
2016-4,39094000,酚樹脂，初級狀態,南韓,進口總值(含復進口),490,114800
2016-4,39094000,酚樹脂，初級狀態,美國,進口總值(含復進口),326,95013
2016-4,39094000,酚樹脂，初級狀態,泰國,進口總值(含復進口),38,21040
2016-4,39094000,酚樹脂，初級狀態,菲律賓,進口總值(含復進口),0,200
2016-4,39094000,酚樹脂，初級狀態,瑞士,進口總值(含復進口),30,825
2016-4,39094000,酚樹脂，初級狀態,德國,進口總值(含復進口),369,99440
2016-4,39094000,酚樹脂，初級狀態,土耳其,出口總值(含復出口),118,116000
2016-4,39094000,酚樹脂，初級狀態,中國大陸,出口總值(含復出口),5051,3286980
2016-4,39094000,酚樹脂，初級狀態,日本,出口總值(含復出口),816,261318
2016-4,39094000,酚樹脂，初級狀態,伊朗,出口總值(含復出口),47,16000
2016-4,39094000,酚樹脂，初級狀態,印尼,出口總值(含復出口),14,10080
2016-4,39094000,酚樹脂，初級狀態,印度,出口總值(含復出口),4,3000
2016-4,39094000,酚樹脂，初級狀態,南非,出口總值(含復出口),43,36000
2016-4,39094000,酚樹脂，初級狀態,南韓,出口總值(含復出口),151,63000
2016-4,39094000,酚樹脂，初級狀態,約旦,出口總值(含復出口),49,16000
2016-4,39094000,酚樹脂，初級狀態,香港,出口總值(含復出口),118,72200
2016-4,39094000,酚樹脂，初級狀態,埃及,出口總值(含復出口),37,36000
2016-4,39094000,酚樹脂，初級狀態,泰國,出口總值(含復出口),224,118200
2016-4,39094000,酚樹脂，初級狀態,秘魯,出口總值(含復出口),38,36000
2016-4,39094000,酚樹脂，初級狀態,馬來西亞,出口總值(含復出口),219,87065
2016-4,39094000,酚樹脂，初級狀態,菲律賓,出口總值(含復出口),93,73880
2016-4,39094000,酚樹脂，初級狀態,越南,出口總值(含復出口),319,163949
2016-4,39094000,酚樹脂，初級狀態,新加坡,出口總值(含復出口),9,4200
2016-4,39094000,酚樹脂，初級狀態,義大利,出口總值(含復出口),50,48000
2016-4,39094000,酚樹脂，初級狀態,澳大利亞,出口總值(含復出口),14,10000
2016-5,39079100,其他聚酯，不飽和者，初級狀態,中國大陸,進口總值(含復進口),260,178172
2016-5,39079100,其他聚酯，不飽和者，初級狀態,中華民國,進口總值(含復進口),8,4180
2016-5,39079100,其他聚酯，不飽和者，初級狀態,日本,進口總值(含復進口),370,89205
2016-5,39079100,其他聚酯，不飽和者，初級狀態,比利時,進口總值(含復進口),8,1350
2016-5,39079100,其他聚酯，不飽和者，初級狀態,印尼,進口總值(含復進口),265,601500
2016-5,39079100,其他聚酯，不飽和者，初級狀態,南韓,進口總值(含復進口),65,33000
2016-5,39079100,其他聚酯，不飽和者，初級狀態,美國,進口總值(含復進口),10,298
2016-5,39079100,其他聚酯，不飽和者，初級狀態,英國,進口總值(含復進口),1,200
2016-5,39079100,其他聚酯，不飽和者，初級狀態,泰國,進口總值(含復進口),35,8550
2016-5,39079100,其他聚酯，不飽和者，初級狀態,新加坡,進口總值(含復進口),18,5224
2016-5,39079100,其他聚酯，不飽和者，初級狀態,瑞士,進口總值(含復進口),3,7
2016-5,39079100,其他聚酯，不飽和者，初級狀態,德國,進口總值(含復進口),119,26440
2016-5,39079100,其他聚酯，不飽和者，初級狀態,土耳其,出口總值(含復出口),13,8800
2016-5,39079100,其他聚酯，不飽和者，初級狀態,中國大陸,出口總值(含復出口),1381,759726
2016-5,39079100,其他聚酯，不飽和者，初級狀態,巴基斯坦,出口總值(含復出口),23,17600
2016-5,39079100,其他聚酯，不飽和者，初級狀態,日本,出口總值(含復出口),2807,2390087
2016-5,39079100,其他聚酯，不飽和者，初級狀態,以色列,出口總值(含復出口),23,17600
2016-5,39079100,其他聚酯，不飽和者，初級狀態,印尼,出口總值(含復出口),26,17880
2016-5,39079100,其他聚酯，不飽和者，初級狀態,印度,出口總值(含復出口),304,176014
2016-5,39079100,其他聚酯，不飽和者，初級狀態,多明尼加,出口總值(含復出口),793,481600
2016-5,39079100,其他聚酯，不飽和者，初級狀態,奈及利亞,出口總值(含復出口),79,54556
2016-5,39079100,其他聚酯，不飽和者，初級狀態,孟加拉,出口總值(含復出口),1955,1938658
2016-5,39079100,其他聚酯，不飽和者，初級狀態,阿拉伯聯合大公國,出口總值(含復出口),29,18000
2016-5,39079100,其他聚酯，不飽和者，初級狀態,南非,出口總值(含復出口),209,123200
2016-5,39079100,其他聚酯，不飽和者，初級狀態,柬埔寨,出口總值(含復出口),50,35200
2016-5,39079100,其他聚酯，不飽和者，初級狀態,香港,出口總值(含復出口),480,166904
2016-5,39079100,其他聚酯，不飽和者，初級狀態,哥斯大黎加,出口總值(含復出口),25,14040
2016-5,39079100,其他聚酯，不飽和者，初級狀態,埃及,出口總值(含復出口),1009,764440
2016-5,39079100,其他聚酯，不飽和者，初級狀態,泰國,出口總值(含復出口),129,72740
2016-5,39079100,其他聚酯，不飽和者，初級狀態,秘魯,出口總值(含復出口),1485,1834980
2016-5,39079100,其他聚酯，不飽和者，初級狀態,紐西蘭,出口總值(含復出口),98,57310
2016-5,39079100,其他聚酯，不飽和者，初級狀態,馬來西亞,出口總值(含復出口),99,64240
2016-5,39079100,其他聚酯，不飽和者，初級狀態,斯里蘭卡,出口總值(含復出口),25,17600
2016-5,39079100,其他聚酯，不飽和者，初級狀態,菲律賓,出口總值(含復出口),786,544505
2016-5,39079100,其他聚酯，不飽和者，初級狀態,越南,出口總值(含復出口),6326,6325532
2016-5,39079100,其他聚酯，不飽和者，初級狀態,新加坡,出口總值(含復出口),250,193600
2016-5,39079100,其他聚酯，不飽和者，初級狀態,模里西斯,出口總值(含復出口),21,13440
2016-5,39079100,其他聚酯，不飽和者，初級狀態,緬甸,出口總值(含復出口),29,19080
2016-5,39079100,其他聚酯，不飽和者，初級狀態,黎巴嫩,出口總值(含復出口),28,19360
2016-5,39079100,其他聚酯，不飽和者，初級狀態,澳大利亞,出口總值(含復出口),484,343920
2016-5,39094000,酚樹脂，初級狀態,中國大陸,進口總值(含復進口),507,211680
2016-5,39094000,酚樹脂，初級狀態,中華民國,進口總值(含復進口),24,3086
2016-5,39094000,酚樹脂，初級狀態,日本,進口總值(含復進口),1271,150704
2016-5,39094000,酚樹脂，初級狀態,加拿大,進口總值(含復進口),0,72
2016-5,39094000,酚樹脂，初級狀態,印度,進口總值(含復進口),1,375
2016-5,39094000,酚樹脂，初級狀態,法國,進口總值(含復進口),26,5600
2016-5,39094000,酚樹脂，初級狀態,南韓,進口總值(含復進口),609,150450
2016-5,39094000,酚樹脂，初級狀態,美國,進口總值(含復進口),335,70203
2016-5,39094000,酚樹脂，初級狀態,泰國,進口總值(含復進口),71,30800
2016-5,39094000,酚樹脂，初級狀態,新加坡,進口總值(含復進口),21,6000
2016-5,39094000,酚樹脂，初級狀態,瑞士,進口總值(含復進口),4,100
2016-5,39094000,酚樹脂，初級狀態,德國,進口總值(含復進口),484,99358
2016-5,39094000,酚樹脂，初級狀態,土耳其,出口總值(含復出口),177,196000
2016-5,39094000,酚樹脂，初級狀態,中國大陸,出口總值(含復出口),5332,3288062
2016-5,39094000,酚樹脂，初級狀態,日本,出口總值(含復出口),1381,438818
2016-5,39094000,酚樹脂，初級狀態,伊朗,出口總值(含復出口),10,9000
2016-5,39094000,酚樹脂，初級狀態,印尼,出口總值(含復出口),22,12180
2016-5,39094000,酚樹脂，初級狀態,印度,出口總值(含復出口),115,67600
2016-5,39094000,酚樹脂，初級狀態,孟加拉,出口總值(含復出口),5,1100
2016-5,39094000,酚樹脂，初級狀態,南非,出口總值(含復出口),81,72000
2016-5,39094000,酚樹脂，初級狀態,南韓,出口總值(含復出口),80,59800
2016-5,39094000,酚樹脂，初級狀態,香港,出口總值(含復出口),77,42795
2016-5,39094000,酚樹脂，初級狀態,泰國,出口總值(含復出口),243,124040
2016-5,39094000,酚樹脂，初級狀態,秘魯,出口總值(含復出口),58,54000
2016-5,39094000,酚樹脂，初級狀態,馬來西亞,出口總值(含復出口),85,45180
2016-5,39094000,酚樹脂，初級狀態,菲律賓,出口總值(含復出口),199,138330
2016-5,39094000,酚樹脂，初級狀態,越南,出口總值(含復出口),329,209495
2016-5,39094000,酚樹脂，初級狀態,新加坡,出口總值(含復出口),3,1400
2016-5,39094000,酚樹脂，初級狀態,義大利,出口總值(含復出口),42,32000
2016-5,39094000,酚樹脂，初級狀態,德國,出口總值(含復出口),11,1900
2016-6,39079100,其他聚酯，不飽和者，初級狀態,中國大陸,進口總值(含復進口),281,166737
2016-6,39079100,其他聚酯，不飽和者，初級狀態,日本,進口總值(含復進口),146,57271
2016-6,39079100,其他聚酯，不飽和者，初級狀態,比利時,進口總值(含復進口),6,1125
2016-6,39079100,其他聚酯，不飽和者，初級狀態,印度,進口總值(含復進口),6,1840
2016-6,39079100,其他聚酯，不飽和者，初級狀態,南韓,進口總值(含復進口),87,24000
2016-6,39079100,其他聚酯，不飽和者，初級狀態,美國,進口總值(含復進口),71,19313
2016-6,39079100,其他聚酯，不飽和者，初級狀態,新加坡,進口總值(含復進口),6,1500
2016-6,39079100,其他聚酯，不飽和者，初級狀態,義大利,進口總值(含復進口),4,1100
2016-6,39079100,其他聚酯，不飽和者，初級狀態,德國,進口總值(含復進口),39,4025
2016-6,39079100,其他聚酯，不飽和者，初級狀態,土耳其,出口總值(含復出口),1,880
2016-6,39079100,其他聚酯，不飽和者，初級狀態,中國大陸,出口總值(含復出口),1194,568700
2016-6,39079100,其他聚酯，不飽和者，初級狀態,巴基斯坦,出口總值(含復出口),24,17600
2016-6,39079100,其他聚酯，不飽和者，初級狀態,日本,出口總值(含復出口),2756,2294315
2016-6,39079100,其他聚酯，不飽和者，初級狀態,以色列,出口總值(含復出口),81,61600
2016-6,39079100,其他聚酯，不飽和者，初級狀態,伊朗,出口總值(含復出口),123,52900
2016-6,39079100,其他聚酯，不飽和者，初級狀態,印尼,出口總值(含復出口),23,18000
2016-6,39079100,其他聚酯，不飽和者，初級狀態,印度,出口總值(含復出口),242,136100
2016-6,39079100,其他聚酯，不飽和者，初級狀態,奈及利亞,出口總值(含復出口),143,95380
2016-6,39079100,其他聚酯，不飽和者，初級狀態,孟加拉,出口總值(含復出口),1006,949425
2016-6,39079100,其他聚酯，不飽和者，初級狀態,肯亞,出口總值(含復出口),31,17600
2016-6,39079100,其他聚酯，不飽和者，初級狀態,阿拉伯聯合大公國,出口總值(含復出口),62,47960
2016-6,39079100,其他聚酯，不飽和者，初級狀態,南非,出口總值(含復出口),273,169400
2016-6,39079100,其他聚酯，不飽和者，初級狀態,柬埔寨,出口總值(含復出口),96,69800
2016-6,39079100,其他聚酯，不飽和者，初級狀態,香港,出口總值(含復出口),295,112877
2016-6,39079100,其他聚酯，不飽和者，初級狀態,埃及,出口總值(含復出口),1069,846920
2016-6,39079100,其他聚酯，不飽和者，初級狀態,泰國,出口總值(含復出口),122,70640
2016-6,39079100,其他聚酯，不飽和者，初級狀態,秘魯,出口總值(含復出口),159,200000
2016-6,39079100,其他聚酯，不飽和者，初級狀態,紐西蘭,出口總值(含復出口),107,61070
2016-6,39079100,其他聚酯，不飽和者，初級狀態,馬來西亞,出口總值(含復出口),149,89000
2016-6,39079100,其他聚酯，不飽和者，初級狀態,斯里蘭卡,出口總值(含復出口),38,26620
2016-6,39079100,其他聚酯，不飽和者，初級狀態,菲律賓,出口總值(含復出口),680,480790
2016-6,39079100,其他聚酯，不飽和者，初級狀態,越南,出口總值(含復出口),6368,6454529
2016-6,39079100,其他聚酯，不飽和者，初級狀態,新加坡,出口總值(含復出口),106,71900
2016-6,39079100,其他聚酯，不飽和者，初級狀態,模里西斯,出口總值(含復出口),35,21850
2016-6,39079100,其他聚酯，不飽和者，初級狀態,黎巴嫩,出口總值(含復出口),25,17600
2016-6,39079100,其他聚酯，不飽和者，初級狀態,澳大利亞,出口總值(含復出口),551,335808
2016-6,39079100,其他聚酯，不飽和者，初級狀態,蘇丹,出口總值(含復出口),47,35200
2016-6,39094000,酚樹脂，初級狀態,中國大陸,進口總值(含復進口),360,198935
2016-6,39094000,酚樹脂，初級狀態,中華民國,進口總值(含復進口),6,3000
2016-6,39094000,酚樹脂，初級狀態,日本,進口總值(含復進口),1531,161381
2016-6,39094000,酚樹脂，初級狀態,加拿大,進口總值(含復進口),0,72
2016-6,39094000,酚樹脂，初級狀態,南韓,進口總值(含復進口),547,100040
2016-6,39094000,酚樹脂，初級狀態,美國,進口總值(含復進口),320,76727
2016-6,39094000,酚樹脂，初級狀態,泰國,進口總值(含復進口),85,37800
2016-6,39094000,酚樹脂，初級狀態,荷蘭,進口總值(含復進口),3,394
2016-6,39094000,酚樹脂，初級狀態,新加坡,進口總值(含復進口),82,23860
2016-6,39094000,酚樹脂，初級狀態,德國,進口總值(含復進口),81,15940
2016-6,39094000,酚樹脂，初級狀態,土耳其,出口總值(含復出口),159,178000
2016-6,39094000,酚樹脂，初級狀態,中國大陸,出口總值(含復出口),5418,3486160
2016-6,39094000,酚樹脂，初級狀態,日本,出口總值(含復出口),765,200036
2016-6,39094000,酚樹脂，初級狀態,印尼,出口總值(含復出口),48,16000
2016-6,39094000,酚樹脂，初級狀態,印度,出口總值(含復出口),67,40550
2016-6,39094000,酚樹脂，初級狀態,南非,出口總值(含復出口),21,18000
2016-6,39094000,酚樹脂，初級狀態,南韓,出口總值(含復出口),112,91025
2016-6,39094000,酚樹脂，初級狀態,美國,出口總值(含復出口),23,18000
2016-6,39094000,酚樹脂，初級狀態,香港,出口總值(含復出口),95,63480
2016-6,39094000,酚樹脂，初級狀態,泰國,出口總值(含復出口),344,181040
2016-6,39094000,酚樹脂，初級狀態,馬來西亞,出口總值(含復出口),287,84145
2016-6,39094000,酚樹脂，初級狀態,菲律賓,出口總值(含復出口),155,104600
2016-6,39094000,酚樹脂，初級狀態,越南,出口總值(含復出口),262,169946
2016-6,39094000,酚樹脂，初級狀態,新加坡,出口總值(含復出口),6,2800
2016-7,39079100,其他聚酯，不飽和者，初級狀態,中國大陸,進口總值(含復進口),269,162140
2016-7,39079100,其他聚酯，不飽和者，初級狀態,中華民國,進口總值(含復進口),22,9603
2016-7,39079100,其他聚酯，不飽和者，初級狀態,日本,進口總值(含復進口),215,29532
2016-7,39079100,其他聚酯，不飽和者，初級狀態,比利時,進口總值(含復進口),5,1025
2016-7,39079100,其他聚酯，不飽和者，初級狀態,印尼,進口總值(含復進口),11,3000
2016-7,39079100,其他聚酯，不飽和者，初級狀態,南韓,進口總值(含復進口),160,57000
2016-7,39079100,其他聚酯，不飽和者，初級狀態,美國,進口總值(含復進口),130,21570
2016-7,39079100,其他聚酯，不飽和者，初級狀態,泰國,進口總值(含復進口),34,8170
2016-7,39079100,其他聚酯，不飽和者，初級狀態,新加坡,進口總值(含復進口),7,2300
2016-7,39079100,其他聚酯，不飽和者，初級狀態,義大利,進口總值(含復進口),18,3060
2016-7,39079100,其他聚酯，不飽和者，初級狀態,德國,進口總值(含復進口),17,2000
2016-7,39079100,其他聚酯，不飽和者，初級狀態,中國大陸,出口總值(含復出口),1337,589515
2016-7,39079100,其他聚酯，不飽和者，初級狀態,巴西,出口總值(含復出口),7,3000
2016-7,39079100,其他聚酯，不飽和者，初級狀態,日本,出口總值(含復出口),3114,2643103
2016-7,39079100,其他聚酯，不飽和者，初級狀態,以色列,出口總值(含復出口),23,17580
2016-7,39079100,其他聚酯，不飽和者，初級狀態,伊朗,出口總值(含復出口),384,494000
2016-7,39079100,其他聚酯，不飽和者，初級狀態,印尼,出口總值(含復出口),231,170340
2016-7,39079100,其他聚酯，不飽和者，初級狀態,印度,出口總值(含復出口),82,45414
2016-7,39079100,其他聚酯，不飽和者，初級狀態,多明尼加,出口總值(含復出口),375,224520
2016-7,39079100,其他聚酯，不飽和者，初級狀態,奈及利亞,出口總值(含復出口),227,154360
2016-7,39079100,其他聚酯，不飽和者，初級狀態,孟加拉,出口總值(含復出口),638,625200
2016-7,39079100,其他聚酯，不飽和者，初級狀態,肯亞,出口總值(含復出口),0,60
2016-7,39079100,其他聚酯，不飽和者，初級狀態,阿拉伯聯合大公國,出口總值(含復出口),218,174980
2016-7,39079100,其他聚酯，不飽和者，初級狀態,南非,出口總值(含復出口),324,202880
2016-7,39079100,其他聚酯，不飽和者，初級狀態,南韓,出口總值(含復出口),43,16000
2016-7,39079100,其他聚酯，不飽和者，初級狀態,柬埔寨,出口總值(含復出口),129,88000
2016-7,39079100,其他聚酯，不飽和者，初級狀態,美國,出口總值(含復出口),2,275
2016-7,39079100,其他聚酯，不飽和者，初級狀態,英國,出口總值(含復出口),70,16000
2016-7,39079100,其他聚酯，不飽和者，初級狀態,香港,出口總值(含復出口),273,87265
2016-7,39079100,其他聚酯，不飽和者，初級狀態,哥斯大黎加,出口總值(含復出口),49,28380
2016-7,39079100,其他聚酯，不飽和者，初級狀態,埃及,出口總值(含復出口),816,622540
2016-7,39079100,其他聚酯，不飽和者，初級狀態,泰國,出口總值(含復出口),153,97240
2016-7,39079100,其他聚酯，不飽和者，初級狀態,秘魯,出口總值(含復出口),51,34980
2016-7,39079100,其他聚酯，不飽和者，初級狀態,紐西蘭,出口總值(含復出口),34,21120
2016-7,39079100,其他聚酯，不飽和者，初級狀態,馬來西亞,出口總值(含復出口),113,61160
2016-7,39079100,其他聚酯，不飽和者，初級狀態,斯里蘭卡,出口總值(含復出口),122,79920
2016-7,39079100,其他聚酯，不飽和者，初級狀態,菲律賓,出口總值(含復出口),858,591000
2016-7,39079100,其他聚酯，不飽和者，初級狀態,越南,出口總值(含復出口),8666,8764264
2016-7,39079100,其他聚酯，不飽和者，初級狀態,新加坡,出口總值(含復出口),206,140800
2016-7,39079100,其他聚酯，不飽和者，初級狀態,義大利,出口總值(含復出口),108,55000
2016-7,39079100,其他聚酯，不飽和者，初級狀態,模里西斯,出口總值(含復出口),26,17400
2016-7,39079100,其他聚酯，不飽和者，初級狀態,緬甸,出口總值(含復出口),48,34100
2016-7,39079100,其他聚酯，不飽和者，初級狀態,澳大利亞,出口總值(含復出口),702,537220
2016-7,39079100,其他聚酯，不飽和者，初級狀態,澳門,出口總值(含復出口),47,16730
2016-7,39079920,熱塑性液晶芳香族聚酯共聚合物,中國大陸,進口總值(含復進口),4,1
2016-7,39094000,酚樹脂，初級狀態,中國大陸,進口總值(含復進口),535,244600
2016-7,39094000,酚樹脂，初級狀態,日本,進口總值(含復進口),1628,134993
2016-7,39094000,酚樹脂，初級狀態,印度,進口總值(含復進口),21,4340
2016-7,39094000,酚樹脂，初級狀態,南韓,進口總值(含復進口),454,120280
2016-7,39094000,酚樹脂，初級狀態,美國,進口總值(含復進口),111,38003
2016-7,39094000,酚樹脂，初級狀態,英國,進口總值(含復進口),2,50
2016-7,39094000,酚樹脂，初級狀態,泰國,進口總值(含復進口),47,30000
2016-7,39094000,酚樹脂，初級狀態,新加坡,進口總值(含復進口),33,14000
2016-7,39094000,酚樹脂，初級狀態,瑞士,進口總值(含復進口),16,400
2016-7,39094000,酚樹脂，初級狀態,德國,進口總值(含復進口),127,33900
2016-7,39094000,酚樹脂，初級狀態,土耳其,出口總值(含復出口),113,118000
2016-7,39094000,酚樹脂，初級狀態,中國大陸,出口總值(含復出口),5622,3503457
2016-7,39094000,酚樹脂，初級狀態,日本,出口總值(含復出口),886,293045
2016-7,39094000,酚樹脂，初級狀態,比利時,出口總值(含復出口),5,3200
2016-7,39094000,酚樹脂，初級狀態,伊朗,出口總值(含復出口),45,16000
2016-7,39094000,酚樹脂，初級狀態,印尼,出口總值(含復出口),42,28180
2016-7,39094000,酚樹脂，初級狀態,印度,出口總值(含復出口),38,26500
2016-7,39094000,酚樹脂，初級狀態,南韓,出口總值(含復出口),80,66000
2016-7,39094000,酚樹脂，初級狀態,香港,出口總值(含復出口),166,111675
2016-7,39094000,酚樹脂，初級狀態,泰國,出口總值(含復出口),280,138860
2016-7,39094000,酚樹脂，初級狀態,秘魯,出口總值(含復出口),38,36000
2016-7,39094000,酚樹脂，初級狀態,馬來西亞,出口總值(含復出口),88,27157
2016-7,39094000,酚樹脂，初級狀態,斯洛維尼亞,出口總值(含復出口),2,1650
2016-7,39094000,酚樹脂，初級狀態,菲律賓,出口總值(含復出口),216,144340
2016-7,39094000,酚樹脂，初級狀態,越南,出口總值(含復出口),316,198092
2016-7,39094000,酚樹脂，初級狀態,新加坡,出口總值(含復出口),79,19800
2016-7,39094000,酚樹脂，初級狀態,義大利,出口總值(含復出口),49,48000
2016-7,39094000,酚樹脂，初級狀態,墨西哥,出口總值(含復出口),2,1000
2016-8,39079100,其他聚酯，不飽和者，初級狀態,中國大陸,進口總值(含復進口),180,108305
2016-8,39079100,其他聚酯，不飽和者，初級狀態,中華民國,進口總值(含復進口),8,1300
2016-8,39079100,其他聚酯，不飽和者，初級狀態,日本,進口總值(含復進口),88,11551
2016-8,39079100,其他聚酯，不飽和者，初級狀態,比利時,進口總值(含復進口),10,1950
2016-8,39079100,其他聚酯，不飽和者，初級狀態,法國,進口總值(含復進口),4,800
2016-8,39079100,其他聚酯，不飽和者，初級狀態,南韓,進口總值(含復進口),85,52200
2016-8,39079100,其他聚酯，不飽和者，初級狀態,美國,進口總值(含復進口),50,18911
2016-8,39079100,其他聚酯，不飽和者，初級狀態,英國,進口總值(含復進口),1,100
2016-8,39079100,其他聚酯，不飽和者，初級狀態,新加坡,進口總值(含復進口),15,4416
2016-8,39079100,其他聚酯，不飽和者，初級狀態,瑞士,進口總值(含復進口),0,16
2016-8,39079100,其他聚酯，不飽和者，初級狀態,義大利,進口總值(含復進口),4,800
2016-8,39079100,其他聚酯，不飽和者，初級狀態,德國,進口總值(含復進口),5,855
2016-8,39079100,其他聚酯，不飽和者，初級狀態,墨西哥,進口總值(含復進口),2,200
2016-8,39079100,其他聚酯，不飽和者，初級狀態,中國大陸,出口總值(含復出口),733,397545
2016-8,39079100,其他聚酯，不飽和者，初級狀態,巴西,出口總值(含復出口),197,222200
2016-8,39079100,其他聚酯，不飽和者，初級狀態,巴基斯坦,出口總值(含復出口),24,17600
2016-8,39079100,其他聚酯，不飽和者，初級狀態,日本,出口總值(含復出口),2408,2002604
2016-8,39079100,其他聚酯，不飽和者，初級狀態,以色列,出口總值(含復出口),55,35200
2016-8,39079100,其他聚酯，不飽和者，初級狀態,伊朗,出口總值(含復出口),514,646000
2016-8,39079100,其他聚酯，不飽和者，初級狀態,印尼,出口總值(含復出口),179,142350
2016-8,39079100,其他聚酯，不飽和者，初級狀態,印度,出口總值(含復出口),315,251600
2016-8,39079100,其他聚酯，不飽和者，初級狀態,奈及利亞,出口總值(含復出口),203,135340
2016-8,39079100,其他聚酯，不飽和者，初級狀態,孟加拉,出口總值(含復出口),1658,1615260
2016-8,39079100,其他聚酯，不飽和者，初級狀態,南非,出口總值(含復出口),218,123200
2016-8,39079100,其他聚酯，不飽和者，初級狀態,柬埔寨,出口總值(含復出口),109,78760
2016-8,39079100,其他聚酯，不飽和者，初級狀態,英國,出口總值(含復出口),66,16000
2016-8,39079100,其他聚酯，不飽和者，初級狀態,香港,出口總值(含復出口),571,190530
2016-8,39079100,其他聚酯，不飽和者，初級狀態,埃及,出口總值(含復出口),1030,821020
2016-8,39079100,其他聚酯，不飽和者，初級狀態,泰國,出口總值(含復出口),96,56760
2016-8,39079100,其他聚酯，不飽和者，初級狀態,秘魯,出口總值(含復出口),50,34980
2016-8,39079100,其他聚酯，不飽和者，初級狀態,紐西蘭,出口總值(含復出口),56,30700
2016-8,39079100,其他聚酯，不飽和者，初級狀態,馬來西亞,出口總值(含復出口),66,38020
2016-8,39079100,其他聚酯，不飽和者，初級狀態,斯里蘭卡,出口總值(含復出口),84,59080
2016-8,39079100,其他聚酯，不飽和者，初級狀態,斯洛維尼亞,出口總值(含復出口),11,5000
2016-8,39079100,其他聚酯，不飽和者，初級狀態,菲律賓,出口總值(含復出口),1237,879025
2016-8,39079100,其他聚酯，不飽和者，初級狀態,越南,出口總值(含復出口),9114,8691659
2016-8,39079100,其他聚酯，不飽和者，初級狀態,新加坡,出口總值(含復出口),320,246400
2016-8,39079100,其他聚酯，不飽和者，初級狀態,義大利,出口總值(含復出口),32,20000
2016-8,39079100,其他聚酯，不飽和者，初級狀態,模里西斯,出口總值(含復出口),78,46680
2016-8,39079100,其他聚酯，不飽和者，初級狀態,黎巴嫩,出口總值(含復出口),11,6380
2016-8,39079100,其他聚酯，不飽和者，初級狀態,澳大利亞,出口總值(含復出口),743,484791
2016-8,39079920,熱塑性液晶芳香族聚酯共聚合物,中國大陸,出口總值(含復出口),2,196
2016-8,39094000,酚樹脂，初級狀態,中國大陸,進口總值(含復進口),462,213080
2016-8,39094000,酚樹脂，初級狀態,日本,進口總值(含復進口),1750,193598
2016-8,39094000,酚樹脂，初級狀態,比利時,進口總值(含復進口),16,5600
2016-8,39094000,酚樹脂，初級狀態,加拿大,進口總值(含復進口),8,1886
2016-8,39094000,酚樹脂，初級狀態,印度,進口總值(含復進口),13,17600
2016-8,39094000,酚樹脂，初級狀態,南韓,進口總值(含復進口),335,90290
2016-8,39094000,酚樹脂，初級狀態,美國,進口總值(含復進口),528,123033
2016-8,39094000,酚樹脂，初級狀態,泰國,進口總值(含復進口),85,37800
2016-8,39094000,酚樹脂，初級狀態,瑞士,進口總值(含復進口),51,1300
2016-8,39094000,酚樹脂，初級狀態,德國,進口總值(含復進口),181,49400
2016-8,39094000,酚樹脂，初級狀態,土耳其,出口總值(含復出口),251,336000
2016-8,39094000,酚樹脂，初級狀態,中國大陸,出口總值(含復出口),5778,3686834
2016-8,39094000,酚樹脂，初級狀態,巴基斯坦,出口總值(含復出口),9,6000
2016-8,39094000,酚樹脂，初級狀態,日本,出口總值(含復出口),965,291219
2016-8,39094000,酚樹脂，初級狀態,比利時,出口總值(含復出口),5,3800
2016-8,39094000,酚樹脂，初級狀態,伊朗,出口總值(含復出口),53,18000
2016-8,39094000,酚樹脂，初級狀態,印尼,出口總值(含復出口),61,25680
2016-8,39094000,酚樹脂，初級狀態,印度,出口總值(含復出口),49,30560
2016-8,39094000,酚樹脂，初級狀態,孟加拉,出口總值(含復出口),21,16000
2016-8,39094000,酚樹脂，初級狀態,南非,出口總值(含復出口),22,18000
2016-8,39094000,酚樹脂，初級狀態,南韓,出口總值(含復出口),87,66600
2016-8,39094000,酚樹脂，初級狀態,香港,出口總值(含復出口),138,106040
2016-8,39094000,酚樹脂，初級狀態,泰國,出口總值(含復出口),241,122500
2016-8,39094000,酚樹脂，初級狀態,馬來西亞,出口總值(含復出口),217,80727
2016-8,39094000,酚樹脂，初級狀態,荷蘭,出口總值(含復出口),1,600
2016-8,39094000,酚樹脂，初級狀態,斯洛維尼亞,出口總值(含復出口),33,32000
2016-8,39094000,酚樹脂，初級狀態,菲律賓,出口總值(含復出口),72,43740
2016-8,39094000,酚樹脂，初級狀態,越南,出口總值(含復出口),274,170380
2016-8,39094000,酚樹脂，初級狀態,新加坡,出口總值(含復出口),10,3820
2016-8,39094000,酚樹脂，初級狀態,義大利,出口總值(含復出口),70,60400
2016-8,39094000,酚樹脂，初級狀態,墨西哥,出口總值(含復出口),50,19000
2016-8,39094000,酚樹脂，初級狀態,澳大利亞,出口總值(含復出口),3,1000
2016-9,39079100,其他聚酯，不飽和者，初級狀態,中國大陸,進口總值(含復進口),320,204736
2016-9,39079100,其他聚酯，不飽和者，初級狀態,日本,進口總值(含復進口),462,67348
2016-9,39079100,其他聚酯，不飽和者，初級狀態,比利時,進口總值(含復進口),20,3600
2016-9,39079100,其他聚酯，不飽和者，初級狀態,印尼,進口總值(含復進口),11,3000
2016-9,39079100,其他聚酯，不飽和者，初級狀態,南韓,進口總值(含復進口),66,33200
2016-9,39079100,其他聚酯，不飽和者，初級狀態,美國,進口總值(含復進口),18,512
2016-9,39079100,其他聚酯，不飽和者，初級狀態,英國,進口總值(含復進口),0,60
2016-9,39079100,其他聚酯，不飽和者，初級狀態,泰國,進口總值(含復進口),4,950
2016-9,39079100,其他聚酯，不飽和者，初級狀態,新加坡,進口總值(含復進口),16,4875
2016-9,39079100,其他聚酯，不飽和者，初級狀態,德國,進口總值(含復進口),108,16600
2016-9,39079100,其他聚酯，不飽和者，初級狀態,中國大陸,出口總值(含復出口),775,328576
2016-9,39079100,其他聚酯，不飽和者，初級狀態,巴西,出口總值(含復出口),144,160025
2016-9,39079100,其他聚酯，不飽和者，初級狀態,巴基斯坦,出口總值(含復出口),47,35200
2016-9,39079100,其他聚酯，不飽和者，初級狀態,日本,出口總值(含復出口),2477,2022472
2016-9,39079100,其他聚酯，不飽和者，初級狀態,以色列,出口總值(含復出口),26,14960
2016-9,39079100,其他聚酯，不飽和者，初級狀態,印尼,出口總值(含復出口),145,94120
2016-9,39079100,其他聚酯，不飽和者，初級狀態,印度,出口總值(含復出口),266,251200
2016-9,39079100,其他聚酯，不飽和者，初級狀態,西班牙,出口總值(含復出口),76,57200
2016-9,39079100,其他聚酯，不飽和者，初級狀態,奈及利亞,出口總值(含復出口),221,140620
2016-9,39079100,其他聚酯，不飽和者，初級狀態,孟加拉,出口總值(含復出口),849,683150
2016-9,39079100,其他聚酯，不飽和者，初級狀態,南非,出口總值(含復出口),72,52800
2016-9,39079100,其他聚酯，不飽和者，初級狀態,南韓,出口總值(含復出口),3,500
2016-9,39079100,其他聚酯，不飽和者，初級狀態,柬埔寨,出口總值(含復出口),121,88400
2016-9,39079100,其他聚酯，不飽和者，初級狀態,美國,出口總值(含復出口),4,300
2016-9,39079100,其他聚酯，不飽和者，初級狀態,英國,出口總值(含復出口),69,16000
2016-9,39079100,其他聚酯，不飽和者，初級狀態,迦納,出口總值(含復出口),80,51760
2016-9,39079100,其他聚酯，不飽和者，初級狀態,香港,出口總值(含復出口),356,129997
2016-9,39079100,其他聚酯，不飽和者，初級狀態,哥斯大黎加,出口總值(含復出口),24,12280
2016-9,39079100,其他聚酯，不飽和者，初級狀態,埃及,出口總值(含復出口),198,213600
2016-9,39079100,其他聚酯，不飽和者，初級狀態,泰國,出口總值(含復出口),51,29160
2016-9,39079100,其他聚酯，不飽和者，初級狀態,馬來西亞,出口總值(含復出口),87,50840
2016-9,39079100,其他聚酯，不飽和者，初級狀態,斯里蘭卡,出口總值(含復出口),25,17600
2016-9,39079100,其他聚酯，不飽和者，初級狀態,菲律賓,出口總值(含復出口),483,338482
2016-9,39079100,其他聚酯，不飽和者，初級狀態,越南,出口總值(含復出口),6738,6764098
2016-9,39079100,其他聚酯，不飽和者，初級狀態,模里西斯,出口總值(含復出口),7,3520
2016-9,39079100,其他聚酯，不飽和者，初級狀態,緬甸,出口總值(含復出口),25,17820
2016-9,39079100,其他聚酯，不飽和者，初級狀態,黎巴嫩,出口總值(含復出口),23,14080
2016-9,39079100,其他聚酯，不飽和者，初級狀態,澳大利亞,出口總值(含復出口),521,384220
2016-9,39079100,其他聚酯，不飽和者，初級狀態,澳門,出口總值(含復出口),26,9839
2016-9,39079920,熱塑性液晶芳香族聚酯共聚合物,美國,進口總值(含復進口),35,18529
2016-9,39094000,酚樹脂，初級狀態,中國大陸,進口總值(含復進口),299,173310
2016-9,39094000,酚樹脂，初級狀態,日本,進口總值(含復進口),1357,135645
2016-9,39094000,酚樹脂，初級狀態,加拿大,進口總值(含復進口),1,72
2016-9,39094000,酚樹脂，初級狀態,印度,進口總值(含復進口),1,750
2016-9,39094000,酚樹脂，初級狀態,法國,進口總值(含復進口),22,4800
2016-9,39094000,酚樹脂，初級狀態,南韓,進口總值(含復進口),602,117080
2016-9,39094000,酚樹脂，初級狀態,美國,進口總值(含復進口),118,48090
2016-9,39094000,酚樹脂，初級狀態,英國,進口總值(含復進口),6,130
2016-9,39094000,酚樹脂，初級狀態,泰國,進口總值(含復進口),24,15000
2016-9,39094000,酚樹脂，初級狀態,新加坡,進口總值(含復進口),77,24000
2016-9,39094000,酚樹脂，初級狀態,義大利,進口總值(含復進口),0,50
2016-9,39094000,酚樹脂，初級狀態,德國,進口總值(含復進口),302,73200
2016-9,39094000,酚樹脂，初級狀態,土耳其,出口總值(含復出口),19,18000
2016-9,39094000,酚樹脂，初級狀態,中國大陸,出口總值(含復出口),5641,3623810
2016-9,39094000,酚樹脂，初級狀態,日本,出口總值(含復出口),904,209106
2016-9,39094000,酚樹脂，初級狀態,印尼,出口總值(含復出口),15,10280
2016-9,39094000,酚樹脂，初級狀態,印度,出口總值(含復出口),82,44200
2016-9,39094000,酚樹脂，初級狀態,南非,出口總值(含復出口),59,54000
2016-9,39094000,酚樹脂，初級狀態,南韓,出口總值(含復出口),70,50000
2016-9,39094000,酚樹脂，初級狀態,香港,出口總值(含復出口),148,90290
2016-9,39094000,酚樹脂，初級狀態,泰國,出口總值(含復出口),144,85100
2016-9,39094000,酚樹脂，初級狀態,馬來西亞,出口總值(含復出口),171,52840
2016-9,39094000,酚樹脂，初級狀態,菲律賓,出口總值(含復出口),182,120780
2016-9,39094000,酚樹脂，初級狀態,越南,出口總值(含復出口),256,137527
2016-9,39094000,酚樹脂，初級狀態,新加坡,出口總值(含復出口),32,20200
2016-9,39094000,酚樹脂，初級狀態,澳大利亞,出口總值(含復出口),3,1000
2016-10,39079100,其他聚酯，不飽和者，初級狀態,土耳其,進口總值(含復進口),15,8095
2016-10,39079100,其他聚酯，不飽和者，初級狀態,中國大陸,進口總值(含復進口),233,167733
2016-10,39079100,其他聚酯，不飽和者，初級狀態,日本,進口總值(含復進口),495,161032
2016-10,39079100,其他聚酯，不飽和者，初級狀態,比利時,進口總值(含復進口),5,900
2016-10,39079100,其他聚酯，不飽和者，初級狀態,南韓,進口總值(含復進口),38,42000
2016-10,39079100,其他聚酯，不飽和者，初級狀態,美國,進口總值(含復進口),2,49
2016-10,39079100,其他聚酯，不飽和者，初級狀態,英國,進口總值(含復進口),6,800
2016-10,39079100,其他聚酯，不飽和者，初級狀態,泰國,進口總值(含復進口),44,11970
2016-10,39079100,其他聚酯，不飽和者，初級狀態,新加坡,進口總值(含復進口),32,9466
2016-10,39079100,其他聚酯，不飽和者，初級狀態,德國,進口總值(含復進口),61,12000
2016-10,39079100,其他聚酯，不飽和者，初級狀態,土耳其,出口總值(含復出口),14,10120
2016-10,39079100,其他聚酯，不飽和者，初級狀態,中國大陸,出口總值(含復出口),1595,704310
2016-10,39079100,其他聚酯，不飽和者，初級狀態,巴西,出口總值(含復出口),109,120000
2016-10,39079100,其他聚酯，不飽和者，初級狀態,日本,出口總值(含復出口),2798,1994454
2016-10,39079100,其他聚酯，不飽和者，初級狀態,以色列,出口總值(含復出口),46,34760
2016-10,39079100,其他聚酯，不飽和者，初級狀態,伊朗,出口總值(含復出口),418,509840
2016-10,39079100,其他聚酯，不飽和者，初級狀態,印尼,出口總值(含復出口),162,123900
2016-10,39079100,其他聚酯，不飽和者，初級狀態,印度,出口總值(含復出口),230,126900
2016-10,39079100,其他聚酯，不飽和者，初級狀態,多明尼加,出口總值(含復出口),667,412800
2016-10,39079100,其他聚酯，不飽和者，初級狀態,奈及利亞,出口總值(含復出口),204,127560
2016-10,39079100,其他聚酯，不飽和者，初級狀態,孟加拉,出口總值(含復出口),583,428865
2016-10,39079100,其他聚酯，不飽和者，初級狀態,阿拉伯聯合大公國,出口總值(含復出口),210,164290
2016-10,39079100,其他聚酯，不飽和者，初級狀態,南非,出口總值(含復出口),305,196240
2016-10,39079100,其他聚酯，不飽和者，初級狀態,柬埔寨,出口總值(含復出口),136,89280
2016-10,39079100,其他聚酯，不飽和者，初級狀態,香港,出口總值(含復出口),589,218417
2016-10,39079100,其他聚酯，不飽和者，初級狀態,哥斯大黎加,出口總值(含復出口),27,15400
2016-10,39079100,其他聚酯，不飽和者，初級狀態,埃及,出口總值(含復出口),243,241200
2016-10,39079100,其他聚酯，不飽和者，初級狀態,泰國,出口總值(含復出口),524,591960
2016-10,39079100,其他聚酯，不飽和者，初級狀態,秘魯,出口總值(含復出口),50,34980
2016-10,39079100,其他聚酯，不飽和者，初級狀態,紐西蘭,出口總值(含復出口),11,5400
2016-10,39079100,其他聚酯，不飽和者，初級狀態,馬來西亞,出口總值(含復出口),246,140180
2016-10,39079100,其他聚酯，不飽和者，初級狀態,斯里蘭卡,出口總值(含復出口),126,76120
2016-10,39079100,其他聚酯，不飽和者，初級狀態,菲律賓,出口總值(含復出口),1102,750724
2016-10,39079100,其他聚酯，不飽和者，初級狀態,越南,出口總值(含復出口),7543,7112310
2016-10,39079100,其他聚酯，不飽和者，初級狀態,新加坡,出口總值(含復出口),290,228800
2016-10,39079100,其他聚酯，不飽和者，初級狀態,模里西斯,出口總值(含復出口),60,39120
2016-10,39079100,其他聚酯，不飽和者，初級狀態,緬甸,出口總值(含復出口),49,35420
2016-10,39079100,其他聚酯，不飽和者，初級狀態,黎巴嫩,出口總值(含復出口),15,11000
2016-10,39079100,其他聚酯，不飽和者，初級狀態,澳大利亞,出口總值(含復出口),664,440780
2016-10,39079100,其他聚酯，不飽和者，初級狀態,澳門,出口總值(含復出口),10,1290
2016-10,39094000,酚樹脂，初級狀態,中國大陸,進口總值(含復進口),515,227500
2016-10,39094000,酚樹脂，初級狀態,日本,進口總值(含復進口),2163,224822
2016-10,39094000,酚樹脂，初級狀態,加拿大,進口總值(含復進口),1,72
2016-10,39094000,酚樹脂，初級狀態,印度,進口總值(含復進口),1,425
2016-10,39094000,酚樹脂，初級狀態,南韓,進口總值(含復進口),599,122330
2016-10,39094000,酚樹脂，初級狀態,美國,進口總值(含復進口),180,51189
2016-10,39094000,酚樹脂，初級狀態,泰國,進口總值(含復進口),59,30060
2016-10,39094000,酚樹脂，初級狀態,馬來西亞,進口總值(含復進口),0,0
2016-10,39094000,酚樹脂，初級狀態,新加坡,進口總值(含復進口),6,2000
2016-10,39094000,酚樹脂，初級狀態,德國,進口總值(含復進口),434,114580
2016-10,39094000,酚樹脂，初級狀態,土耳其,出口總值(含復出口),215,274000
2016-10,39094000,酚樹脂，初級狀態,中國大陸,出口總值(含復出口),6100,3736913
2016-10,39094000,酚樹脂，初級狀態,巴基斯坦,出口總值(含復出口),9,6000
2016-10,39094000,酚樹脂，初級狀態,日本,出口總值(含復出口),1039,302496
2016-10,39094000,酚樹脂，初級狀態,伊朗,出口總值(含復出口),93,32000
2016-10,39094000,酚樹脂，初級狀態,印尼,出口總值(含復出口),133,59680
2016-10,39094000,酚樹脂，初級狀態,印度,出口總值(含復出口),52,29575
2016-10,39094000,酚樹脂，初級狀態,克羅埃西亞,出口總值(含復出口),23,11200
2016-10,39094000,酚樹脂，初級狀態,南非,出口總值(含復出口),21,18000
2016-10,39094000,酚樹脂，初級狀態,南韓,出口總值(含復出口),117,98025
2016-10,39094000,酚樹脂，初級狀態,香港,出口總值(含復出口),117,84320
2016-10,39094000,酚樹脂，初級狀態,泰國,出口總值(含復出口),278,174580
2016-10,39094000,酚樹脂，初級狀態,馬來西亞,出口總值(含復出口),172,69390
2016-10,39094000,酚樹脂，初級狀態,菲律賓,出口總值(含復出口),98,63800
2016-10,39094000,酚樹脂，初級狀態,越南,出口總值(含復出口),271,142853
2016-10,39094000,酚樹脂，初級狀態,新加坡,出口總值(含復出口),13,5600
2016-10,39094000,酚樹脂，初級狀態,瑞士,出口總值(含復出口),3,525
2016-10,39094000,酚樹脂，初級狀態,澳大利亞,出口總值(含復出口),14,10000
2016-11,39079100,其他聚酯，不飽和者，初級狀態,中國大陸,進口總值(含復進口),213,117020
2016-11,39079100,其他聚酯，不飽和者，初級狀態,日本,進口總值(含復進口),337,38382
2016-11,39079100,其他聚酯，不飽和者，初級狀態,比利時,進口總值(含復進口),4,1000
2016-11,39079100,其他聚酯，不飽和者，初級狀態,西班牙,進口總值(含復進口),174,99000
2016-11,39079100,其他聚酯，不飽和者，初級狀態,南韓,進口總值(含復進口),147,57000
2016-11,39079100,其他聚酯，不飽和者，初級狀態,美國,進口總值(含復進口),104,27770
2016-11,39079100,其他聚酯，不飽和者，初級狀態,泰國,進口總值(含復進口),23,6270
2016-11,39079100,其他聚酯，不飽和者，初級狀態,新加坡,進口總值(含復進口),53,15050
2016-11,39079100,其他聚酯，不飽和者，初級狀態,瑞士,進口總值(含復進口),4,500
2016-11,39079100,其他聚酯，不飽和者，初級狀態,義大利,進口總值(含復進口),18,2800
2016-11,39079100,其他聚酯，不飽和者，初級狀態,德國,進口總值(含復進口),68,22225
2016-11,39079100,其他聚酯，不飽和者，初級狀態,墨西哥,進口總值(含復進口),7,726
2016-11,39079100,其他聚酯，不飽和者，初級狀態,土耳其,出口總值(含復出口),9,1600
2016-11,39079100,其他聚酯，不飽和者，初級狀態,中國大陸,出口總值(含復出口),1887,844920
2016-11,39079100,其他聚酯，不飽和者，初級狀態,巴基斯坦,出口總值(含復出口),86,93600
2016-11,39079100,其他聚酯，不飽和者，初級狀態,日本,出口總值(含復出口),3046,2447270
2016-11,39079100,其他聚酯，不飽和者，初級狀態,以色列,出口總值(含復出口),154,117310
2016-11,39079100,其他聚酯，不飽和者，初級狀態,伊朗,出口總值(含復出口),1188,1488000
2016-11,39079100,其他聚酯，不飽和者，初級狀態,印尼,出口總值(含復出口),209,160510
2016-11,39079100,其他聚酯，不飽和者，初級狀態,印度,出口總值(含復出口),173,108360
2016-11,39079100,其他聚酯，不飽和者，初級狀態,多明尼加,出口總值(含復出口),608,374605
2016-11,39079100,其他聚酯，不飽和者，初級狀態,西班牙,出口總值(含復出口),24,20000
2016-11,39079100,其他聚酯，不飽和者，初級狀態,奈及利亞,出口總值(含復出口),88,53840
2016-11,39079100,其他聚酯，不飽和者，初級狀態,孟加拉,出口總值(含復出口),804,558060
2016-11,39079100,其他聚酯，不飽和者，初級狀態,阿拉伯聯合大公國,出口總值(含復出口),131,100720
2016-11,39079100,其他聚酯，不飽和者，初級狀態,南非,出口總值(含復出口),107,70400
2016-11,39079100,其他聚酯，不飽和者，初級狀態,柬埔寨,出口總值(含復出口),150,106280
2016-11,39079100,其他聚酯，不飽和者，初級狀態,美國,出口總值(含復出口),2,275
2016-11,39079100,其他聚酯，不飽和者，初級狀態,香港,出口總值(含復出口),441,165743
2016-11,39079100,其他聚酯，不飽和者，初級狀態,埃及,出口總值(含復出口),1024,747120
2016-11,39079100,其他聚酯，不飽和者，初級狀態,泰國,出口總值(含復出口),54,36020
2016-11,39079100,其他聚酯，不飽和者，初級狀態,秘魯,出口總值(含復出口),28,17965
2016-11,39079100,其他聚酯，不飽和者，初級狀態,紐西蘭,出口總值(含復出口),12,4000
2016-11,39079100,其他聚酯，不飽和者，初級狀態,馬來西亞,出口總值(含復出口),81,50380
2016-11,39079100,其他聚酯，不飽和者，初級狀態,斯里蘭卡,出口總值(含復出口),46,29701
2016-11,39079100,其他聚酯，不飽和者，初級狀態,菲律賓,出口總值(含復出口),783,545699
2016-11,39079100,其他聚酯，不飽和者，初級狀態,越南,出口總值(含復出口),8071,7924495
2016-11,39079100,其他聚酯，不飽和者，初級狀態,新加坡,出口總值(含復出口),213,158400
2016-11,39079100,其他聚酯，不飽和者，初級狀態,瑞典,出口總值(含復出口),23,13240
2016-11,39079100,其他聚酯，不飽和者，初級狀態,義大利,出口總值(含復出口),98,52700
2016-11,39079100,其他聚酯，不飽和者，初級狀態,模里西斯,出口總值(含復出口),72,48780
2016-11,39079100,其他聚酯，不飽和者，初級狀態,緬甸,出口總值(含復出口),49,35420
2016-11,39079100,其他聚酯，不飽和者，初級狀態,黎巴嫩,出口總值(含復出口),32,22220
2016-11,39079100,其他聚酯，不飽和者，初級狀態,澳大利亞,出口總值(含復出口),432,248396
2016-11,39079920,熱塑性液晶芳香族聚酯共聚合物,希臘,進口總值(含復進口),0,6
2016-11,39094000,酚樹脂，初級狀態,中國大陸,進口總值(含復進口),646,302650
2016-11,39094000,酚樹脂，初級狀態,日本,進口總值(含復進口),1492,169981
2016-11,39094000,酚樹脂，初級狀態,比利時,進口總值(含復進口),21,12000
2016-11,39094000,酚樹脂，初級狀態,加拿大,進口總值(含復進口),12,3156
2016-11,39094000,酚樹脂，初級狀態,南韓,進口總值(含復進口),467,92840
2016-11,39094000,酚樹脂，初級狀態,美國,進口總值(含復進口),331,76905
2016-11,39094000,酚樹脂，初級狀態,泰國,進口總值(含復進口),27,15825
2016-11,39094000,酚樹脂，初級狀態,新加坡,進口總值(含復進口),56,30440
2016-11,39094000,酚樹脂，初級狀態,德國,進口總值(含復進口),103,33440
2016-11,39094000,酚樹脂，初級狀態,土耳其,出口總值(含復出口),328,428000
2016-11,39094000,酚樹脂，初級狀態,中國大陸,出口總值(含復出口),5970,3665110
2016-11,39094000,酚樹脂，初級狀態,日本,出口總值(含復出口),630,176028
2016-11,39094000,酚樹脂，初級狀態,伊朗,出口總值(含復出口),10,3000
2016-11,39094000,酚樹脂，初級狀態,印尼,出口總值(含復出口),43,14000
2016-11,39094000,酚樹脂，初級狀態,印度,出口總值(含復出口),28,24200
2016-11,39094000,酚樹脂，初級狀態,南韓,出口總值(含復出口),141,69000
2016-11,39094000,酚樹脂，初級狀態,約旦,出口總值(含復出口),47,16000
2016-11,39094000,酚樹脂，初級狀態,美國,出口總值(含復出口),6,1300
2016-11,39094000,酚樹脂，初級狀態,香港,出口總值(含復出口),146,92920
2016-11,39094000,酚樹脂，初級狀態,泰國,出口總值(含復出口),277,140540
2016-11,39094000,酚樹脂，初級狀態,烏克蘭,出口總值(含復出口),20,15700
2016-11,39094000,酚樹脂，初級狀態,馬來西亞,出口總值(含復出口),203,66010
2016-11,39094000,酚樹脂，初級狀態,菲律賓,出口總值(含復出口),94,75400
2016-11,39094000,酚樹脂，初級狀態,越南,出口總值(含復出口),175,116180
2016-11,39094000,酚樹脂，初級狀態,新加坡,出口總值(含復出口),27,12800
2016-11,39094000,酚樹脂，初級狀態,德國,出口總值(含復出口),88,15356
2016-11,39094000,酚樹脂，初級狀態,澳大利亞,出口總值(含復出口),3,1000
2016-12,39079100,其他聚酯，不飽和者，初級狀態,中國大陸,進口總值(含復進口),213,109610
2016-12,39079100,其他聚酯，不飽和者，初級狀態,中華民國,進口總值(含復進口),54,33680
2016-12,39079100,其他聚酯，不飽和者，初級狀態,日本,進口總值(含復進口),272,32230
2016-12,39079100,其他聚酯，不飽和者，初級狀態,比利時,進口總值(含復進口),29,3365
2016-12,39079100,其他聚酯，不飽和者，初級狀態,西班牙,進口總值(含復進口),34,19800
2016-12,39079100,其他聚酯，不飽和者，初級狀態,南韓,進口總值(含復進口),128,64200
2016-12,39079100,其他聚酯，不飽和者，初級狀態,美國,進口總值(含復進口),62,8224
2016-12,39079100,其他聚酯，不飽和者，初級狀態,泰國,進口總值(含復進口),16,4370
2016-12,39079100,其他聚酯，不飽和者，初級狀態,新加坡,進口總值(含復進口),51,13382
2016-12,39079100,其他聚酯，不飽和者，初級狀態,瑞士,進口總值(含復進口),0,20
2016-12,39079100,其他聚酯，不飽和者，初級狀態,義大利,進口總值(含復進口),40,16000
2016-12,39079100,其他聚酯，不飽和者，初級狀態,德國,進口總值(含復進口),26,3500
2016-12,39079100,其他聚酯，不飽和者，初級狀態,中國大陸,出口總值(含復出口),1760,746672
2016-12,39079100,其他聚酯，不飽和者，初級狀態,巴布亞紐幾內亞,出口總值(含復出口),28,14960
2016-12,39079100,其他聚酯，不飽和者，初級狀態,巴西,出口總值(含復出口),174,185000
2016-12,39079100,其他聚酯，不飽和者，初級狀態,巴基斯坦,出口總值(含復出口),24,17600
2016-12,39079100,其他聚酯，不飽和者，初級狀態,日本,出口總值(含復出口),1929,1575867
2016-12,39079100,其他聚酯，不飽和者，初級狀態,伊朗,出口總值(含復出口),855,1025400
2016-12,39079100,其他聚酯，不飽和者，初級狀態,印尼,出口總值(含復出口),186,123375
2016-12,39079100,其他聚酯，不飽和者，初級狀態,印度,出口總值(含復出口),233,141948
2016-12,39079100,其他聚酯，不飽和者，初級狀態,西班牙,出口總值(含復出口),28,15000
2016-12,39079100,其他聚酯，不飽和者，初級狀態,奈及利亞,出口總值(含復出口),183,120640
2016-12,39079100,其他聚酯，不飽和者，初級狀態,孟加拉,出口總值(含復出口),1333,1261785
2016-12,39079100,其他聚酯，不飽和者，初級狀態,肯亞,出口總值(含復出口),32,17600
2016-12,39079100,其他聚酯，不飽和者，初級狀態,阿拉伯聯合大公國,出口總值(含復出口),90,70400
2016-12,39079100,其他聚酯，不飽和者，初級狀態,南非,出口總值(含復出口),102,66060
2016-12,39079100,其他聚酯，不飽和者，初級狀態,南韓,出口總值(含復出口),25,5300
2016-12,39079100,其他聚酯，不飽和者，初級狀態,柬埔寨,出口總值(含復出口),285,196304
2016-12,39079100,其他聚酯，不飽和者，初級狀態,美國,出口總值(含復出口),25,3800
2016-12,39079100,其他聚酯，不飽和者，初級狀態,香港,出口總值(含復出口),406,177780
2016-12,39079100,其他聚酯，不飽和者，初級狀態,哥斯大黎加,出口總值(含復出口),27,16720
2016-12,39079100,其他聚酯，不飽和者，初級狀態,埃及,出口總值(含復出口),161,120040
2016-12,39079100,其他聚酯，不飽和者，初級狀態,泰國,出口總值(含復出口),117,73480
2016-12,39079100,其他聚酯，不飽和者，初級狀態,秘魯,出口總值(含復出口),51,34980
2016-12,39079100,其他聚酯，不飽和者，初級狀態,馬來西亞,出口總值(含復出口),129,75680
2016-12,39079100,其他聚酯，不飽和者，初級狀態,斯里蘭卡,出口總值(含復出口),85,53680
2016-12,39079100,其他聚酯，不飽和者，初級狀態,菲律賓,出口總值(含復出口),784,530199
2016-12,39079100,其他聚酯，不飽和者，初級狀態,越南,出口總值(含復出口),8203,7175039
2016-12,39079100,其他聚酯，不飽和者，初級狀態,新加坡,出口總值(含復出口),409,299200
2016-12,39079100,其他聚酯，不飽和者，初級狀態,義大利,出口總值(含復出口),89,18000
2016-12,39079100,其他聚酯，不飽和者，初級狀態,模里西斯,出口總值(含復出口),19,11905
2016-12,39079100,其他聚酯，不飽和者，初級狀態,黎巴嫩,出口總值(含復出口),26,17600
2016-12,39079100,其他聚酯，不飽和者，初級狀態,澳大利亞,出口總值(含復出口),481,271450
2016-12,39079100,其他聚酯，不飽和者，初級狀態,澳門,出口總值(含復出口),78,39533
2016-12,39079920,熱塑性液晶芳香族聚酯共聚合物,荷蘭,出口總值(含復出口),4,1300
2016-12,39094000,酚樹脂，初級狀態,中國大陸,進口總值(含復進口),449,203710
2016-12,39094000,酚樹脂，初級狀態,日本,進口總值(含復進口),1781,192235
2016-12,39094000,酚樹脂，初級狀態,加拿大,進口總值(含復進口),20,4990
2016-12,39094000,酚樹脂，初級狀態,印度,進口總值(含復進口),57,14025
2016-12,39094000,酚樹脂，初級狀態,南韓,進口總值(含復進口),555,105600
2016-12,39094000,酚樹脂，初級狀態,美國,進口總值(含復進口),184,38750
2016-12,39094000,酚樹脂，初級狀態,泰國,進口總值(含復進口),85,37800
2016-12,39094000,酚樹脂，初級狀態,新加坡,進口總值(含復進口),54,19660
2016-12,39094000,酚樹脂，初級狀態,德國,進口總值(含復進口),242,55275
2016-12,39094000,酚樹脂，初級狀態,土耳其,出口總值(含復出口),152,159825
2016-12,39094000,酚樹脂，初級狀態,中國大陸,出口總值(含復出口),6331,4059580
2016-12,39094000,酚樹脂，初級狀態,日本,出口總值(含復出口),754,273307
2016-12,39094000,酚樹脂，初級狀態,伊朗,出口總值(含復出口),45,16000
2016-12,39094000,酚樹脂，初級狀態,印尼,出口總值(含復出口),14,9680
2016-12,39094000,酚樹脂，初級狀態,印度,出口總值(含復出口),26,15200
2016-12,39094000,酚樹脂，初級狀態,南非,出口總值(含復出口),21,18000
2016-12,39094000,酚樹脂，初級狀態,南韓,出口總值(含復出口),117,84825
2016-12,39094000,酚樹脂，初級狀態,香港,出口總值(含復出口),65,46800
2016-12,39094000,酚樹脂，初級狀態,泰國,出口總值(含復出口),203,119090
2016-12,39094000,酚樹脂，初級狀態,秘魯,出口總值(含復出口),36,36000
2016-12,39094000,酚樹脂，初級狀態,馬來西亞,出口總值(含復出口),174,67150
2016-12,39094000,酚樹脂，初級狀態,菲律賓,出口總值(含復出口),86,66190
2016-12,39094000,酚樹脂，初級狀態,越南,出口總值(含復出口),231,136900
2016-12,39094000,酚樹脂，初級狀態,新加坡,出口總值(含復出口),18,8800
2016-12,39094000,酚樹脂，初級狀態,義大利,出口總值(含復出口),14,12800
2016-12,39094000,酚樹脂，初級狀態,墨西哥,出口總值(含復出口),4,3000
2016-1,39095000,聚胺基甲酸乙酯，初級狀態,中國大陸,進口總值(含復進口),2589,774108
2016-1,39095000,聚胺基甲酸乙酯，初級狀態,中華民國,進口總值(含復進口),92,26608
2016-1,39095000,聚胺基甲酸乙酯，初級狀態,日本,進口總值(含復進口),1223,199183
2016-1,39095000,聚胺基甲酸乙酯，初級狀態,印度,進口總值(含復進口),117,34600
2016-1,39095000,聚胺基甲酸乙酯，初級狀態,西班牙,進口總值(含復進口),24,2625
2016-1,39095000,聚胺基甲酸乙酯，初級狀態,希臘,進口總值(含復進口),23,9675
2016-1,39095000,聚胺基甲酸乙酯，初級狀態,法國,進口總值(含復進口),239,26562
2016-1,39095000,聚胺基甲酸乙酯，初級狀態,南韓,進口總值(含復進口),88,43644
2016-1,39095000,聚胺基甲酸乙酯，初級狀態,美國,進口總值(含復進口),1859,214120
2016-1,39095000,聚胺基甲酸乙酯，初級狀態,英國,進口總值(含復進口),59,13620
2016-1,39095000,聚胺基甲酸乙酯，初級狀態,馬來西亞,進口總值(含復進口),15,1614
2016-1,39095000,聚胺基甲酸乙酯，初級狀態,荷蘭,進口總值(含復進口),41,5865
2016-1,39095000,聚胺基甲酸乙酯，初級狀態,奧地利,進口總值(含復進口),5,1680
2016-1,39095000,聚胺基甲酸乙酯，初級狀態,新加坡,進口總值(含復進口),39,8680
2016-1,39095000,聚胺基甲酸乙酯，初級狀態,瑞士,進口總值(含復進口),9,400
2016-1,39095000,聚胺基甲酸乙酯，初級狀態,義大利,進口總值(含復進口),102,25832
2016-1,39095000,聚胺基甲酸乙酯，初級狀態,德國,進口總值(含復進口),565,99330
2016-1,39095000,聚胺基甲酸乙酯，初級狀態,墨西哥,進口總值(含復進口),2,3200
2016-1,39095000,聚胺基甲酸乙酯，初級狀態,澳大利亞,進口總值(含復進口),32,6626
2016-1,39095000,聚胺基甲酸乙酯，初級狀態,土耳其,出口總值(含復出口),29,6250
2016-1,39095000,聚胺基甲酸乙酯，初級狀態,中國大陸,出口總值(含復出口),9135,2992338
2016-1,39095000,聚胺基甲酸乙酯，初級狀態,巴西,出口總值(含復出口),482,144375
2016-1,39095000,聚胺基甲酸乙酯，初級狀態,巴基斯坦,出口總值(含復出口),130,52480
2016-1,39095000,聚胺基甲酸乙酯，初級狀態,日本,出口總值(含復出口),316,107276
2016-1,39095000,聚胺基甲酸乙酯，初級狀態,比利時,出口總值(含復出口),29,12600
2016-1,39095000,聚胺基甲酸乙酯，初級狀態,加拿大,出口總值(含復出口),20,4000
2016-1,39095000,聚胺基甲酸乙酯，初級狀態,伊朗,出口總值(含復出口),64,17000
2016-1,39095000,聚胺基甲酸乙酯，初級狀態,印尼,出口總值(含復出口),1653,621763
2016-1,39095000,聚胺基甲酸乙酯，初級狀態,印度,出口總值(含復出口),796,239037
2016-1,39095000,聚胺基甲酸乙酯，初級狀態,西班牙,出口總值(含復出口),170,75000
2016-1,39095000,聚胺基甲酸乙酯，初級狀態,沙烏地阿拉伯,出口總值(含復出口),1,500
2016-1,39095000,聚胺基甲酸乙酯，初級狀態,孟加拉,出口總值(含復出口),19,4126
2016-1,39095000,聚胺基甲酸乙酯，初級狀態,法國,出口總值(含復出口),6,1300
2016-1,39095000,聚胺基甲酸乙酯，初級狀態,肯亞,出口總值(含復出口),13,4000
2016-1,39095000,聚胺基甲酸乙酯，初級狀態,阿根廷,出口總值(含復出口),103,30000
2016-1,39095000,聚胺基甲酸乙酯，初級狀態,南韓,出口總值(含復出口),1942,512768
2016-1,39095000,聚胺基甲酸乙酯，初級狀態,柬埔寨,出口總值(含復出口),4,1000
2016-1,39095000,聚胺基甲酸乙酯，初級狀態,科威特,出口總值(含復出口),4,162
2016-1,39095000,聚胺基甲酸乙酯，初級狀態,美國,出口總值(含復出口),192,46050
2016-1,39095000,聚胺基甲酸乙酯，初級狀態,香港,出口總值(含復出口),1604,583279
2016-1,39095000,聚胺基甲酸乙酯，初級狀態,泰國,出口總值(含復出口),560,183380
2016-1,39095000,聚胺基甲酸乙酯，初級狀態,馬來西亞,出口總值(含復出口),258,94102
2016-1,39095000,聚胺基甲酸乙酯，初級狀態,荷蘭,出口總值(含復出口),170,39800
2016-1,39095000,聚胺基甲酸乙酯，初級狀態,菲律賓,出口總值(含復出口),225,77474
2016-1,39095000,聚胺基甲酸乙酯，初級狀態,越南,出口總值(含復出口),4848,1617474
2016-1,39095000,聚胺基甲酸乙酯，初級狀態,新加坡,出口總值(含復出口),37,13625
2016-1,39095000,聚胺基甲酸乙酯，初級狀態,義大利,出口總值(含復出口),164,75000
2016-1,39095000,聚胺基甲酸乙酯，初級狀態,德國,出口總值(含復出口),50,11450
2016-1,39095000,聚胺基甲酸乙酯，初級狀態,墨西哥,出口總值(含復出口),174,56980
2016-1,39095000,聚胺基甲酸乙酯，初級狀態,澳大利亞,出口總值(含復出口),26,10080
2016-1,39095000,聚胺基甲酸乙酯，初級狀態,澳門,出口總值(含復出口),9,3442
2016-1,39100010,矽油,中國大陸,進口總值(含復進口),677,276421
2016-1,39100010,矽油,中華民國,進口總值(含復進口),3,200
2016-1,39100010,矽油,日本,進口總值(含復進口),745,181483
2016-1,39100010,矽油,比利時,進口總值(含復進口),2,200
2016-1,39100010,矽油,加拿大,進口總值(含復進口),21,1300
2016-1,39100010,矽油,印度,進口總值(含復進口),40,7200
2016-1,39100010,矽油,法國,進口總值(含復進口),132,51800
2016-1,39100010,矽油,南韓,進口總值(含復進口),54,4775
2016-1,39100010,矽油,美國,進口總值(含復進口),350,33278
2016-1,39100010,矽油,英國,進口總值(含復進口),154,69138
2016-1,39100010,矽油,泰國,進口總值(含復進口),190,39610
2016-1,39100010,矽油,馬來西亞,進口總值(含復進口),34,15360
2016-1,39100010,矽油,德國,進口總值(含復進口),241,19030
2016-1,39100010,矽油,中國大陸,出口總值(含復出口),743,193883
2016-1,39100010,矽油,瓜地馬拉,出口總值(含復出口),0,180
2016-1,39100010,矽油,印尼,出口總值(含復出口),28,6500
2016-1,39100010,矽油,孟加拉,出口總值(含復出口),18,16200
2016-1,39100010,矽油,阿拉伯聯合大公國,出口總值(含復出口),1,40
2016-1,39100010,矽油,美國,出口總值(含復出口),68,4929
2016-1,39100010,矽油,香港,出口總值(含復出口),19,3407
2016-1,39100010,矽油,馬來西亞,出口總值(含復出口),8,3120
2016-1,39100010,矽油,越南,出口總值(含復出口),5,1955
2016-1,39111010,石油樹脂,中國大陸,進口總值(含復進口),1467,817575
2016-1,39111010,石油樹脂,日本,進口總值(含復進口),1012,366425
2016-1,39111010,石油樹脂,印尼,進口總值(含復進口),87,54000
2016-1,39111010,石油樹脂,法國,進口總值(含復進口),157,49375
2016-1,39111010,石油樹脂,南韓,進口總值(含復進口),289,107600
2016-1,39111010,石油樹脂,美國,進口總值(含復進口),448,197874
2016-1,39111010,石油樹脂,泰國,進口總值(含復進口),2012,1009750
2016-1,39111010,石油樹脂,荷蘭,進口總值(含復進口),26,10000
2016-1,39111010,石油樹脂,德國,進口總值(含復進口),0,1
2016-1,39111010,石油樹脂,土耳其,出口總值(含復出口),165,130000
2016-1,39111010,石油樹脂,中國大陸,出口總值(含復出口),3499,1572505
2016-1,39111010,石油樹脂,厄瓜多,出口總值(含復出口),22,16000
2016-1,39111010,石油樹脂,巴西,出口總值(含復出口),116,92000
2016-1,39111010,石油樹脂,日本,出口總值(含復出口),697,441800
2016-1,39111010,石油樹脂,加拿大,出口總值(含復出口),186,125000
2016-1,39111010,石油樹脂,伊朗,出口總值(含復出口),21,19000
2016-1,39111010,石油樹脂,印尼,出口總值(含復出口),398,293350
2016-1,39111010,石油樹脂,印度,出口總值(含復出口),294,287600
2016-1,39111010,石油樹脂,西班牙,出口總值(含復出口),127,96000
2016-1,39111010,石油樹脂,希臘,出口總值(含復出口),23,16000
2016-1,39111010,石油樹脂,沙烏地阿拉伯,出口總值(含復出口),198,144000
2016-1,39111010,石油樹脂,其他國家,出口總值(含復出口),0,6
2016-1,39111010,石油樹脂,孟加拉,出口總值(含復出口),86,82000
2016-1,39111010,石油樹脂,波蘭,出口總值(含復出口),176,78000
2016-1,39111010,石油樹脂,阿拉伯聯合大公國,出口總值(含復出口),41,38000
2016-1,39111010,石油樹脂,俄羅斯,出口總值(含復出口),120,83000
2016-1,39111010,石油樹脂,南非,出口總值(含復出口),50,32000
2016-1,39111010,石油樹脂,南韓,出口總值(含復出口),147,108000
2016-1,39111010,石油樹脂,美國,出口總值(含復出口),614,372000
2016-1,39111010,石油樹脂,英國,出口總值(含復出口),72,74000
2016-1,39111010,石油樹脂,香港,出口總值(含復出口),10,3800
2016-1,39111010,石油樹脂,泰國,出口總值(含復出口),628,452000
2016-1,39111010,石油樹脂,秘魯,出口總值(含復出口),52,32000
2016-1,39111010,石油樹脂,馬來西亞,出口總值(含復出口),353,237000
2016-1,39111010,石油樹脂,荷蘭,出口總值(含復出口),87,100000
2016-1,39111010,石油樹脂,菲律賓,出口總值(含復出口),67,55000
2016-1,39111010,石油樹脂,越南,出口總值(含復出口),433,292340
2016-1,39111010,石油樹脂,新加坡,出口總值(含復出口),37,32000
2016-1,39111010,石油樹脂,瑞典,出口總值(含復出口),22,25000
2016-1,39111010,石油樹脂,義大利,出口總值(含復出口),68,47000
2016-1,39111010,石油樹脂,德國,出口總值(含復出口),133,98000
2016-1,39111010,石油樹脂,緬甸,出口總值(含復出口),245,190500
2016-1,39111010,石油樹脂,澳大利亞,出口總值(含復出口),131,72875
2016-1,39219010,玻璃纖維強化塑膠板、片及扁條,中國大陸,進口總值(含復進口),206,111416
2016-1,39219010,玻璃纖維強化塑膠板、片及扁條,中華民國,進口總值(含復進口),3,412
2016-1,39219010,玻璃纖維強化塑膠板、片及扁條,日本,進口總值(含復進口),1481,16147
2016-1,39219010,玻璃纖維強化塑膠板、片及扁條,印度,進口總值(含復進口),11,4125
2016-1,39219010,玻璃纖維強化塑膠板、片及扁條,南韓,進口總值(含復進口),393,94574
2016-1,39219010,玻璃纖維強化塑膠板、片及扁條,美國,進口總值(含復進口),50,6539
2016-1,39219010,玻璃纖維強化塑膠板、片及扁條,香港,進口總值(含復進口),52,2414
2016-1,39219010,玻璃纖維強化塑膠板、片及扁條,泰國,進口總值(含復進口),139,19106
2016-1,39219010,玻璃纖維強化塑膠板、片及扁條,愛爾蘭,進口總值(含復進口),13,338
2016-1,39219010,玻璃纖維強化塑膠板、片及扁條,新加坡,進口總值(含復進口),2,27
2016-1,39219010,玻璃纖維強化塑膠板、片及扁條,墨西哥,進口總值(含復進口),48,713
2016-1,39219010,玻璃纖維強化塑膠板、片及扁條,羅馬尼亞,進口總值(含復進口),24,1051
2016-1,39219010,玻璃纖維強化塑膠板、片及扁條,千里達及托巴哥,出口總值(含復出口),0,10
2016-1,39219010,玻璃纖維強化塑膠板、片及扁條,中國大陸,出口總值(含復出口),548,105227
2016-1,39219010,玻璃纖維強化塑膠板、片及扁條,日本,出口總值(含復出口),169,31707
2016-1,39219010,玻璃纖維強化塑膠板、片及扁條,以色列,出口總值(含復出口),3,158
2016-1,39219010,玻璃纖維強化塑膠板、片及扁條,印度,出口總值(含復出口),24,22436
2016-1,39219010,玻璃纖維強化塑膠板、片及扁條,法國,出口總值(含復出口),10,1225
2016-1,39219010,玻璃纖維強化塑膠板、片及扁條,俄羅斯,出口總值(含復出口),29,184
2016-1,39219010,玻璃纖維強化塑膠板、片及扁條,南韓,出口總值(含復出口),12,1351
2016-1,39219010,玻璃纖維強化塑膠板、片及扁條,美國,出口總值(含復出口),118,19958
2016-1,39219010,玻璃纖維強化塑膠板、片及扁條,香港,出口總值(含復出口),27,1715
2016-1,39219010,玻璃纖維強化塑膠板、片及扁條,泰國,出口總值(含復出口),905,150248
2016-1,39219010,玻璃纖維強化塑膠板、片及扁條,馬來西亞,出口總值(含復出口),23,4705
2016-1,39219010,玻璃纖維強化塑膠板、片及扁條,捷克,出口總值(含復出口),1,52
2016-1,39219010,玻璃纖維強化塑膠板、片及扁條,菲律賓,出口總值(含復出口),0,3
2016-1,39219010,玻璃纖維強化塑膠板、片及扁條,越南,出口總值(含復出口),198,35009
2016-1,39219010,玻璃纖維強化塑膠板、片及扁條,新加坡,出口總值(含復出口),116,16845
2016-1,39219010,玻璃纖維強化塑膠板、片及扁條,瑞典,出口總值(含復出口),5,340
2016-1,39219010,玻璃纖維強化塑膠板、片及扁條,葡萄牙,出口總值(含復出口),2,56
2016-1,39219010,玻璃纖維強化塑膠板、片及扁條,德國,出口總值(含復出口),198,33237
2016-2,39095000,聚胺基甲酸乙酯，初級狀態,中國大陸,進口總值(含復進口),1689,472759
2016-2,39095000,聚胺基甲酸乙酯，初級狀態,日本,進口總值(含復進口),1001,160715
2016-2,39095000,聚胺基甲酸乙酯，初級狀態,加拿大,進口總值(含復進口),91,9693
2016-2,39095000,聚胺基甲酸乙酯，初級狀態,西班牙,進口總值(含復進口),66,10800
2016-2,39095000,聚胺基甲酸乙酯，初級狀態,法國,進口總值(含復進口),77,8042
2016-2,39095000,聚胺基甲酸乙酯，初級狀態,南韓,進口總值(含復進口),19,6160
2016-2,39095000,聚胺基甲酸乙酯，初級狀態,美國,進口總值(含復進口),760,100315
2016-2,39095000,聚胺基甲酸乙酯，初級狀態,英國,進口總值(含復進口),26,8800
2016-2,39095000,聚胺基甲酸乙酯，初級狀態,泰國,進口總值(含復進口),2,400
2016-2,39095000,聚胺基甲酸乙酯，初級狀態,荷蘭,進口總值(含復進口),5,915
2016-2,39095000,聚胺基甲酸乙酯，初級狀態,奧地利,進口總值(含復進口),4,1680
2016-2,39095000,聚胺基甲酸乙酯，初級狀態,新加坡,進口總值(含復進口),20,3250
2016-2,39095000,聚胺基甲酸乙酯，初級狀態,義大利,進口總值(含復進口),11,791
2016-2,39095000,聚胺基甲酸乙酯，初級狀態,德國,進口總值(含復進口),481,90932
2016-2,39095000,聚胺基甲酸乙酯，初級狀態,土耳其,出口總值(含復出口),237,90850
2016-2,39095000,聚胺基甲酸乙酯，初級狀態,中國大陸,出口總值(含復出口),5517,1822092
2016-2,39095000,聚胺基甲酸乙酯，初級狀態,巴西,出口總值(含復出口),484,149500
2016-2,39095000,聚胺基甲酸乙酯，初級狀態,巴基斯坦,出口總值(含復出口),31,15040
2016-2,39095000,聚胺基甲酸乙酯，初級狀態,日本,出口總值(含復出口),118,52407
2016-2,39095000,聚胺基甲酸乙酯，初級狀態,比利時,出口總值(含復出口),58,25200
2016-2,39095000,聚胺基甲酸乙酯，初級狀態,以色列,出口總值(含復出口),3,250
2016-2,39095000,聚胺基甲酸乙酯，初級狀態,印尼,出口總值(含復出口),1684,652846
2016-2,39095000,聚胺基甲酸乙酯，初級狀態,印度,出口總值(含復出口),989,302895
2016-2,39095000,聚胺基甲酸乙酯，初級狀態,西班牙,出口總值(含復出口),349,165000
2016-2,39095000,聚胺基甲酸乙酯，初級狀態,孟加拉,出口總值(含復出口),161,64618
2016-2,39095000,聚胺基甲酸乙酯，初級狀態,波蘭,出口總值(含復出口),2,200
2016-2,39095000,聚胺基甲酸乙酯，初級狀態,法國,出口總值(含復出口),35,10074
2016-2,39095000,聚胺基甲酸乙酯，初級狀態,阿根廷,出口總值(含復出口),93,25000
2016-2,39095000,聚胺基甲酸乙酯，初級狀態,俄羅斯,出口總值(含復出口),30,12600
2016-2,39095000,聚胺基甲酸乙酯，初級狀態,南韓,出口總值(含復出口),1189,323173
2016-2,39095000,聚胺基甲酸乙酯，初級狀態,柬埔寨,出口總值(含復出口),66,20315
2016-2,39095000,聚胺基甲酸乙酯，初級狀態,美國,出口總值(含復出口),126,34000
2016-2,39095000,聚胺基甲酸乙酯，初級狀態,香港,出口總值(含復出口),410,166291
2016-2,39095000,聚胺基甲酸乙酯，初級狀態,哥倫比亞,出口總值(含復出口),12,3200
2016-2,39095000,聚胺基甲酸乙酯，初級狀態,泰國,出口總值(含復出口),489,192033
2016-2,39095000,聚胺基甲酸乙酯，初級狀態,秘魯,出口總值(含復出口),45,15000
2016-2,39095000,聚胺基甲酸乙酯，初級狀態,馬來西亞,出口總值(含復出口),359,165824
2016-2,39095000,聚胺基甲酸乙酯，初級狀態,荷蘭,出口總值(含復出口),110,31240
2016-2,39095000,聚胺基甲酸乙酯，初級狀態,斯里蘭卡,出口總值(含復出口),6,960
2016-2,39095000,聚胺基甲酸乙酯，初級狀態,菲律賓,出口總值(含復出口),90,27882
2016-2,39095000,聚胺基甲酸乙酯，初級狀態,越南,出口總值(含復出口),3509,1117926
2016-2,39095000,聚胺基甲酸乙酯，初級狀態,新加坡,出口總值(含復出口),9,2550
2016-2,39095000,聚胺基甲酸乙酯，初級狀態,瑞典,出口總值(含復出口),28,8000
2016-2,39095000,聚胺基甲酸乙酯，初級狀態,義大利,出口總值(含復出口),165,75000
2016-2,39095000,聚胺基甲酸乙酯，初級狀態,墨西哥,出口總值(含復出口),11,3000
2016-2,39095000,聚胺基甲酸乙酯，初級狀態,澳大利亞,出口總值(含復出口),22,9600
2016-2,39100010,矽油,中國大陸,進口總值(含復進口),353,126860
2016-2,39100010,矽油,日本,進口總值(含復進口),1303,415263
2016-2,39100010,矽油,加拿大,進口總值(含復進口),12,1000
2016-2,39100010,矽油,法國,進口總值(含復進口),63,15308
2016-2,39100010,矽油,南韓,進口總值(含復進口),101,25028
2016-2,39100010,矽油,美國,進口總值(含復進口),646,53759
2016-2,39100010,矽油,英國,進口總值(含復進口),85,31602
2016-2,39100010,矽油,泰國,進口總值(含復進口),14,2340
2016-2,39100010,矽油,馬來西亞,進口總值(含復進口),8,3200
2016-2,39100010,矽油,荷蘭,進口總值(含復進口),50,18670
2016-2,39100010,矽油,義大利,進口總值(含復進口),22,7600
2016-2,39100010,矽油,德國,進口總值(含復進口),13,1563
2016-2,39100010,矽油,中國大陸,出口總值(含復出口),418,80827
2016-2,39100010,矽油,巴基斯坦,出口總值(含復出口),2,1100
2016-2,39100010,矽油,印尼,出口總值(含復出口),0,20
2016-2,39100010,矽油,孟加拉,出口總值(含復出口),20,7540
2016-2,39100010,矽油,香港,出口總值(含復出口),26,9120
2016-2,39100010,矽油,泰國,出口總值(含復出口),2,600
2016-2,39100010,矽油,馬來西亞,出口總值(含復出口),27,2400
2016-2,39100010,矽油,越南,出口總值(含復出口),57,5540
2016-2,39111010,石油樹脂,中國大陸,進口總值(含復進口),488,234300
2016-2,39111010,石油樹脂,日本,進口總值(含復進口),614,215460
2016-2,39111010,石油樹脂,印尼,進口總值(含復進口),29,18000
2016-2,39111010,石油樹脂,法國,進口總值(含復進口),48,18000
2016-2,39111010,石油樹脂,南韓,進口總值(含復進口),171,65100
2016-2,39111010,石油樹脂,美國,進口總值(含復進口),288,148278
2016-2,39111010,石油樹脂,泰國,進口總值(含復進口),517,239500
2016-2,39111010,石油樹脂,土耳其,出口總值(含復出口),209,168000
2016-2,39111010,石油樹脂,中國大陸,出口總值(含復出口),1856,1014760
2016-2,39111010,石油樹脂,巴西,出口總值(含復出口),263,150000
2016-2,39111010,石油樹脂,巴基斯坦,出口總值(含復出口),24,14016
2016-2,39111010,石油樹脂,日本,出口總值(含復出口),419,232500
2016-2,39111010,石油樹脂,加拿大,出口總值(含復出口),185,148000
2016-2,39111010,石油樹脂,印尼,出口總值(含復出口),218,168400
2016-2,39111010,石油樹脂,印度,出口總值(含復出口),462,428475
2016-2,39111010,石油樹脂,西班牙,出口總值(含復出口),128,96000
2016-2,39111010,石油樹脂,沙烏地阿拉伯,出口總值(含復出口),104,80000
2016-2,39111010,石油樹脂,孟加拉,出口總值(含復出口),39,41000
2016-2,39111010,石油樹脂,波蘭,出口總值(含復出口),153,56000
2016-2,39111010,石油樹脂,法國,出口總值(含復出口),173,166000
2016-2,39111010,石油樹脂,俄羅斯,出口總值(含復出口),75,51000
2016-2,39111010,石油樹脂,南非,出口總值(含復出口),5,4000
2016-2,39111010,石油樹脂,南韓,出口總值(含復出口),123,97000
2016-2,39111010,石油樹脂,科威特,出口總值(含復出口),18,16000
2016-2,39111010,石油樹脂,美國,出口總值(含復出口),548,354000
2016-2,39111010,石油樹脂,英國,出口總值(含復出口),215,167000
2016-2,39111010,石油樹脂,泰國,出口總值(含復出口),587,452000
2016-2,39111010,石油樹脂,馬來西亞,出口總值(含復出口),257,205000
2016-2,39111010,石油樹脂,荷蘭,出口總值(含復出口),66,75000
2016-2,39111010,石油樹脂,斯里蘭卡,出口總值(含復出口),22,15000
2016-2,39111010,石油樹脂,菲律賓,出口總值(含復出口),81,53200
2016-2,39111010,石油樹脂,越南,出口總值(含復出口),537,301100
2016-2,39111010,石油樹脂,新加坡,出口總值(含復出口),38,32000
2016-2,39111010,石油樹脂,瑞典,出口總值(含復出口),97,76000
2016-2,39111010,石油樹脂,德國,出口總值(含復出口),83,60000
2016-2,39111010,石油樹脂,墨西哥,出口總值(含復出口),23,16000
2016-2,39111010,石油樹脂,澳大利亞,出口總值(含復出口),127,74625
2016-2,39219010,玻璃纖維強化塑膠板、片及扁條,中國大陸,進口總值(含復進口),187,17530
2016-2,39219010,玻璃纖維強化塑膠板、片及扁條,日本,進口總值(含復進口),1440,33499
2016-2,39219010,玻璃纖維強化塑膠板、片及扁條,法國,進口總值(含復進口),203,17193
2016-2,39219010,玻璃纖維強化塑膠板、片及扁條,南韓,進口總值(含復進口),446,41939
2016-2,39219010,玻璃纖維強化塑膠板、片及扁條,美國,進口總值(含復進口),11,190
2016-2,39219010,玻璃纖維強化塑膠板、片及扁條,香港,進口總值(含復進口),34,235
2016-2,39219010,玻璃纖維強化塑膠板、片及扁條,泰國,進口總值(含復進口),103,15645
2016-2,39219010,玻璃纖維強化塑膠板、片及扁條,奧地利,進口總值(含復進口),5,360
2016-2,39219010,玻璃纖維強化塑膠板、片及扁條,新加坡,進口總值(含復進口),5,60
2016-2,39219010,玻璃纖維強化塑膠板、片及扁條,德國,進口總值(含復進口),9,820
2016-2,39219010,玻璃纖維強化塑膠板、片及扁條,中國大陸,出口總值(含復出口),293,21793
2016-2,39219010,玻璃纖維強化塑膠板、片及扁條,日本,出口總值(含復出口),113,19526
2016-2,39219010,玻璃纖維強化塑膠板、片及扁條,瓜地馬拉,出口總值(含復出口),1,62
2016-2,39219010,玻璃纖維強化塑膠板、片及扁條,印度,出口總值(含復出口),13,22918
2016-2,39219010,玻璃纖維強化塑膠板、片及扁條,南韓,出口總值(含復出口),64,9001
2016-2,39219010,玻璃纖維強化塑膠板、片及扁條,科威特,出口總值(含復出口),0,74
2016-2,39219010,玻璃纖維強化塑膠板、片及扁條,美國,出口總值(含復出口),79,8319
2016-2,39219010,玻璃纖維強化塑膠板、片及扁條,香港,出口總值(含復出口),52,1471
2016-2,39219010,玻璃纖維強化塑膠板、片及扁條,泰國,出口總值(含復出口),732,136457
2016-2,39219010,玻璃纖維強化塑膠板、片及扁條,馬來西亞,出口總值(含復出口),7,893
2016-2,39219010,玻璃纖維強化塑膠板、片及扁條,菲律賓,出口總值(含復出口),44,5566
2016-2,39219010,玻璃纖維強化塑膠板、片及扁條,越南,出口總值(含復出口),47,5534
2016-2,39219010,玻璃纖維強化塑膠板、片及扁條,新加坡,出口總值(含復出口),56,9504
2016-2,39219010,玻璃纖維強化塑膠板、片及扁條,瑞典,出口總值(含復出口),5,340
2016-2,39219010,玻璃纖維強化塑膠板、片及扁條,德國,出口總值(含復出口),154,22856
2016-2,39219010,玻璃纖維強化塑膠板、片及扁條,澳門,出口總值(含復出口),2,6
2016-3,39095000,聚胺基甲酸乙酯，初級狀態,中國大陸,進口總值(含復進口),3056,909514
2016-3,39095000,聚胺基甲酸乙酯，初級狀態,中華民國,進口總值(含復進口),59,19858
2016-3,39095000,聚胺基甲酸乙酯，初級狀態,日本,進口總值(含復進口),1233,163660
2016-3,39095000,聚胺基甲酸乙酯，初級狀態,比利時,進口總值(含復進口),25,5025
2016-3,39095000,聚胺基甲酸乙酯，初級狀態,印度,進口總值(含復進口),98,26600
2016-3,39095000,聚胺基甲酸乙酯，初級狀態,西班牙,進口總值(含復進口),26,5780
2016-3,39095000,聚胺基甲酸乙酯，初級狀態,法國,進口總值(含復進口),81,8000
2016-3,39095000,聚胺基甲酸乙酯，初級狀態,南韓,進口總值(含復進口),61,25056
2016-3,39095000,聚胺基甲酸乙酯，初級狀態,美國,進口總值(含復進口),1674,219188
2016-3,39095000,聚胺基甲酸乙酯，初級狀態,英國,進口總值(含復進口),35,10845
2016-3,39095000,聚胺基甲酸乙酯，初級狀態,荷蘭,進口總值(含復進口),74,11123
2016-3,39095000,聚胺基甲酸乙酯，初級狀態,新加坡,進口總值(含復進口),33,7020
2016-3,39095000,聚胺基甲酸乙酯，初級狀態,瑞士,進口總值(含復進口),6,957
2016-3,39095000,聚胺基甲酸乙酯，初級狀態,義大利,進口總值(含復進口),144,22800
2016-3,39095000,聚胺基甲酸乙酯，初級狀態,德國,進口總值(含復進口),1033,181836
2016-3,39095000,聚胺基甲酸乙酯，初級狀態,墨西哥,進口總值(含復進口),34,4800
2016-3,39095000,聚胺基甲酸乙酯，初級狀態,澳大利亞,進口總值(含復進口),21,5270
2016-3,39095000,聚胺基甲酸乙酯，初級狀態,土耳其,出口總值(含復出口),56,15184
2016-3,39095000,聚胺基甲酸乙酯，初級狀態,中國大陸,出口總值(含復出口),9748,3128799
2016-3,39095000,聚胺基甲酸乙酯，初級狀態,厄瓜多,出口總值(含復出口),17,3200
2016-3,39095000,聚胺基甲酸乙酯，初級狀態,巴西,出口總值(含復出口),784,247860
2016-3,39095000,聚胺基甲酸乙酯，初級狀態,巴基斯坦,出口總值(含復出口),106,49480
2016-3,39095000,聚胺基甲酸乙酯，初級狀態,日本,出口總值(含復出口),220,77233
2016-3,39095000,聚胺基甲酸乙酯，初級狀態,比利時,出口總值(含復出口),81,26375
2016-3,39095000,聚胺基甲酸乙酯，初級狀態,以色列,出口總值(含復出口),21,2344
2016-3,39095000,聚胺基甲酸乙酯，初級狀態,伊朗,出口總值(含復出口),73,17000
2016-3,39095000,聚胺基甲酸乙酯，初級狀態,印尼,出口總值(含復出口),1630,559418
2016-3,39095000,聚胺基甲酸乙酯，初級狀態,印度,出口總值(含復出口),1103,350686
2016-3,39095000,聚胺基甲酸乙酯，初級狀態,西班牙,出口總值(含復出口),160,75000
2016-3,39095000,聚胺基甲酸乙酯，初級狀態,孟加拉,出口總值(含復出口),260,107604
2016-3,39095000,聚胺基甲酸乙酯，初級狀態,波蘭,出口總值(含復出口),41,12200
2016-3,39095000,聚胺基甲酸乙酯，初級狀態,法國,出口總值(含復出口),19,4426
2016-3,39095000,聚胺基甲酸乙酯，初級狀態,阿拉伯聯合大公國,出口總值(含復出口),19,4797
2016-3,39095000,聚胺基甲酸乙酯，初級狀態,阿根廷,出口總值(含復出口),55,15000
2016-3,39095000,聚胺基甲酸乙酯，初級狀態,南韓,出口總值(含復出口),2143,570940
2016-3,39095000,聚胺基甲酸乙酯，初級狀態,柬埔寨,出口總值(含復出口),20,5500
2016-3,39095000,聚胺基甲酸乙酯，初級狀態,美國,出口總值(含復出口),246,61000
2016-3,39095000,聚胺基甲酸乙酯，初級狀態,英國,出口總值(含復出口),3,324
2016-3,39095000,聚胺基甲酸乙酯，初級狀態,香港,出口總值(含復出口),735,275604
2016-3,39095000,聚胺基甲酸乙酯，初級狀態,哥倫比亞,出口總值(含復出口),99,30000
2016-3,39095000,聚胺基甲酸乙酯，初級狀態,泰國,出口總值(含復出口),762,298990
2016-3,39095000,聚胺基甲酸乙酯，初級狀態,烏拉圭,出口總值(含復出口),3,1000
2016-3,39095000,聚胺基甲酸乙酯，初級狀態,秘魯,出口總值(含復出口),7,1644
2016-3,39095000,聚胺基甲酸乙酯，初級狀態,馬來西亞,出口總值(含復出口),475,224990
2016-3,39095000,聚胺基甲酸乙酯，初級狀態,荷蘭,出口總值(含復出口),91,23400
2016-3,39095000,聚胺基甲酸乙酯，初級狀態,智利,出口總值(含復出口),22,5230
2016-3,39095000,聚胺基甲酸乙酯，初級狀態,菲律賓,出口總值(含復出口),13,5680
2016-3,39095000,聚胺基甲酸乙酯，初級狀態,越南,出口總值(含復出口),5419,1831488
2016-3,39095000,聚胺基甲酸乙酯，初級狀態,塞爾維亞,出口總值(含復出口),10,2180
2016-3,39095000,聚胺基甲酸乙酯，初級狀態,新加坡,出口總值(含復出口),87,30870
2016-3,39095000,聚胺基甲酸乙酯，初級狀態,瑞典,出口總值(含復出口),39,11500
2016-3,39095000,聚胺基甲酸乙酯，初級狀態,義大利,出口總值(含復出口),137,62000
2016-3,39095000,聚胺基甲酸乙酯，初級狀態,德國,出口總值(含復出口),24,5000
2016-3,39095000,聚胺基甲酸乙酯，初級狀態,摩洛哥,出口總值(含復出口),40,12000
2016-3,39095000,聚胺基甲酸乙酯，初級狀態,墨西哥,出口總值(含復出口),213,64200
2016-3,39095000,聚胺基甲酸乙酯，初級狀態,澳大利亞,出口總值(含復出口),49,19694
2016-3,39100010,矽油,中國大陸,進口總值(含復進口),672,265465
2016-3,39100010,矽油,日本,進口總值(含復進口),2326,803101
2016-3,39100010,矽油,加拿大,進口總值(含復進口),33,2600
2016-3,39100010,矽油,西班牙,進口總值(含復進口),21,8000
2016-3,39100010,矽油,法國,進口總值(含復進口),205,84400
2016-3,39100010,矽油,南韓,進口總值(含復進口),756,369990
2016-3,39100010,矽油,美國,進口總值(含復進口),422,34020
2016-3,39100010,矽油,英國,進口總值(含復進口),147,65844
2016-3,39100010,矽油,泰國,進口總值(含復進口),241,47940
2016-3,39100010,矽油,馬來西亞,進口總值(含復進口),36,16400
2016-3,39100010,矽油,荷蘭,進口總值(含復進口),15,4800
2016-3,39100010,矽油,新加坡,進口總值(含復進口),2,41
2016-3,39100010,矽油,德國,進口總值(含復進口),329,43440
2016-3,39100010,矽油,中國大陸,出口總值(含復出口),315,59788
2016-3,39100010,矽油,印尼,出口總值(含復出口),44,16910
2016-3,39100010,矽油,孟加拉,出口總值(含復出口),35,29120
2016-3,39100010,矽油,美國,出口總值(含復出口),0,32
2016-3,39100010,矽油,香港,出口總值(含復出口),21,3044
2016-3,39100010,矽油,馬來西亞,出口總值(含復出口),4,350
2016-3,39100010,矽油,敘利亞,出口總值(含復出口),0,85
2016-3,39100010,矽油,越南,出口總值(含復出口),44,3692
2016-3,39111010,石油樹脂,中國大陸,進口總值(含復進口),1331,815875
2016-3,39111010,石油樹脂,中華民國,進口總值(含復進口),156,56000
2016-3,39111010,石油樹脂,日本,進口總值(含復進口),1046,395355
2016-3,39111010,石油樹脂,印尼,進口總值(含復進口),86,54000
2016-3,39111010,石油樹脂,法國,進口總值(含復進口),172,57625
2016-3,39111010,石油樹脂,南韓,進口總值(含復進口),138,50400
2016-3,39111010,石油樹脂,美國,進口總值(含復進口),352,174966
2016-3,39111010,石油樹脂,泰國,進口總值(含復進口),903,459250
2016-3,39111010,石油樹脂,荷蘭,進口總值(含復進口),7,2000
2016-3,39111010,石油樹脂,土耳其,出口總值(含復出口),57,30000
2016-3,39111010,石油樹脂,中國大陸,出口總值(含復出口),3129,1451883
2016-3,39111010,石油樹脂,巴西,出口總值(含復出口),173,140300
2016-3,39111010,石油樹脂,巴基斯坦,出口總值(含復出口),17,18000
2016-3,39111010,石油樹脂,日本,出口總值(含復出口),478,291500
2016-3,39111010,石油樹脂,加拿大,出口總值(含復出口),301,229000
2016-3,39111010,石油樹脂,伊朗,出口總值(含復出口),6,4000
2016-3,39111010,石油樹脂,印尼,出口總值(含復出口),361,269400
2016-3,39111010,石油樹脂,印度,出口總值(含復出口),372,367053
2016-3,39111010,石油樹脂,西班牙,出口總值(含復出口),498,400000
2016-3,39111010,石油樹脂,沙烏地阿拉伯,出口總值(含復出口),111,80000
2016-3,39111010,石油樹脂,孟加拉,出口總值(含復出口),52,62000
2016-3,39111010,石油樹脂,波蘭,出口總值(含復出口),304,150000
2016-3,39111010,石油樹脂,法國,出口總值(含復出口),197,191000
2016-3,39111010,石油樹脂,阿拉伯聯合大公國,出口總值(含復出口),43,38000
2016-3,39111010,石油樹脂,俄羅斯,出口總值(含復出口),120,83000
2016-3,39111010,石油樹脂,南非,出口總值(含復出口),57,40000
2016-3,39111010,石油樹脂,南韓,出口總值(含復出口),163,113000
2016-3,39111010,石油樹脂,美國,出口總值(含復出口),587,398000
2016-3,39111010,石油樹脂,英國,出口總值(含復出口),98,98000
2016-3,39111010,石油樹脂,香港,出口總值(含復出口),13,5400
2016-3,39111010,石油樹脂,泰國,出口總值(含復出口),310,231000
2016-3,39111010,石油樹脂,馬來西亞,出口總值(含復出口),310,248000
2016-3,39111010,石油樹脂,荷蘭,出口總值(含復出口),175,225000
2016-3,39111010,石油樹脂,斯洛維尼亞,出口總值(含復出口),37,32000
2016-3,39111010,石油樹脂,菲律賓,出口總值(含復出口),93,66625
2016-3,39111010,石油樹脂,越南,出口總值(含復出口),574,356180
2016-3,39111010,石油樹脂,新加坡,出口總值(含復出口),21,18000
2016-3,39111010,石油樹脂,瑞典,出口總值(含復出口),42,41000
2016-3,39111010,石油樹脂,義大利,出口總值(含復出口),24,16000
2016-3,39111010,石油樹脂,葡萄牙,出口總值(含復出口),34,14000
2016-3,39111010,石油樹脂,德國,出口總值(含復出口),83,60000
2016-3,39111010,石油樹脂,澳大利亞,出口總值(含復出口),105,42875
2016-3,39219010,玻璃纖維強化塑膠板、片及扁條,中國大陸,進口總值(含復進口),415,24127
2016-3,39219010,玻璃纖維強化塑膠板、片及扁條,日本,進口總值(含復進口),1290,57650
2016-3,39219010,玻璃纖維強化塑膠板、片及扁條,印度,進口總值(含復進口),7,1379
2016-3,39219010,玻璃纖維強化塑膠板、片及扁條,南韓,進口總值(含復進口),686,35016
2016-3,39219010,玻璃纖維強化塑膠板、片及扁條,美國,進口總值(含復進口),91,3768
2016-3,39219010,玻璃纖維強化塑膠板、片及扁條,香港,進口總值(含復進口),123,4564
2016-3,39219010,玻璃纖維強化塑膠板、片及扁條,泰國,進口總值(含復進口),238,27541
2016-3,39219010,玻璃纖維強化塑膠板、片及扁條,愛爾蘭,進口總值(含復進口),43,1681
2016-3,39219010,玻璃纖維強化塑膠板、片及扁條,德國,進口總值(含復進口),45,1716
2016-3,39219010,玻璃纖維強化塑膠板、片及扁條,墨西哥,進口總值(含復進口),15,204
2016-3,39219010,玻璃纖維強化塑膠板、片及扁條,千里達及托巴哥,出口總值(含復出口),0,10
2016-3,39219010,玻璃纖維強化塑膠板、片及扁條,中國大陸,出口總值(含復出口),597,69492
2016-3,39219010,玻璃纖維強化塑膠板、片及扁條,巴西,出口總值(含復出口),4,1667
2016-3,39219010,玻璃纖維強化塑膠板、片及扁條,日本,出口總值(含復出口),179,29751
2016-3,39219010,玻璃纖維強化塑膠板、片及扁條,北馬里亞納群島,出口總值(含復出口),3,1170
2016-3,39219010,玻璃纖維強化塑膠板、片及扁條,瓜地馬拉,出口總值(含復出口),0,20
2016-3,39219010,玻璃纖維強化塑膠板、片及扁條,印尼,出口總值(含復出口),1,5
2016-3,39219010,玻璃纖維強化塑膠板、片及扁條,印度,出口總值(含復出口),27,26387
2016-3,39219010,玻璃纖維強化塑膠板、片及扁條,南韓,出口總值(含復出口),51,7827
2016-3,39219010,玻璃纖維強化塑膠板、片及扁條,美國,出口總值(含復出口),121,17106
2016-3,39219010,玻璃纖維強化塑膠板、片及扁條,香港,出口總值(含復出口),10,1515
2016-3,39219010,玻璃纖維強化塑膠板、片及扁條,哥斯大黎加,出口總值(含復出口),0,27
2016-3,39219010,玻璃纖維強化塑膠板、片及扁條,泰國,出口總值(含復出口),1042,203351
2016-3,39219010,玻璃纖維強化塑膠板、片及扁條,馬來西亞,出口總值(含復出口),29,5863
2016-3,39219010,玻璃纖維強化塑膠板、片及扁條,荷蘭,出口總值(含復出口),50,6983
2016-3,39219010,玻璃纖維強化塑膠板、片及扁條,菲律賓,出口總值(含復出口),1,9
2016-3,39219010,玻璃纖維強化塑膠板、片及扁條,越南,出口總值(含復出口),287,38713
2016-3,39219010,玻璃纖維強化塑膠板、片及扁條,新加坡,出口總值(含復出口),126,21484
2016-3,39219010,玻璃纖維強化塑膠板、片及扁條,德國,出口總值(含復出口),376,70471
2016-3,39219010,玻璃纖維強化塑膠板、片及扁條,關島,出口總值(含復出口),27,10699
2016-4,39095000,聚胺基甲酸乙酯，初級狀態,中國大陸,進口總值(含復進口),3159,930208
2016-4,39095000,聚胺基甲酸乙酯，初級狀態,中華民國,進口總值(含復進口),46,13776
2016-4,39095000,聚胺基甲酸乙酯，初級狀態,日本,進口總值(含復進口),986,157706
2016-4,39095000,聚胺基甲酸乙酯，初級狀態,印度,進口總值(含復進口),95,32400
2016-4,39095000,聚胺基甲酸乙酯，初級狀態,西班牙,進口總值(含復進口),201,33240
2016-4,39095000,聚胺基甲酸乙酯，初級狀態,法國,進口總值(含復進口),339,32720
2016-4,39095000,聚胺基甲酸乙酯，初級狀態,南韓,進口總值(含復進口),114,71220
2016-4,39095000,聚胺基甲酸乙酯，初級狀態,美國,進口總值(含復進口),1611,252060
2016-4,39095000,聚胺基甲酸乙酯，初級狀態,香港,進口總值(含復進口),10,2520
2016-4,39095000,聚胺基甲酸乙酯，初級狀態,荷蘭,進口總值(含復進口),14,1203
2016-4,39095000,聚胺基甲酸乙酯，初級狀態,奧地利,進口總值(含復進口),26,2730
2016-4,39095000,聚胺基甲酸乙酯，初級狀態,新加坡,進口總值(含復進口),34,8325
2016-4,39095000,聚胺基甲酸乙酯，初級狀態,義大利,進口總值(含復進口),27,5633
2016-4,39095000,聚胺基甲酸乙酯，初級狀態,德國,進口總值(含復進口),710,111020
2016-4,39095000,聚胺基甲酸乙酯，初級狀態,澳大利亞,進口總值(含復進口),6,2440
2016-4,39095000,聚胺基甲酸乙酯，初級狀態,土耳其,出口總值(含復出口),141,47650
2016-4,39095000,聚胺基甲酸乙酯，初級狀態,中國大陸,出口總值(含復出口),9852,3256080
2016-4,39095000,聚胺基甲酸乙酯，初級狀態,巴西,出口總值(含復出口),862,288834
2016-4,39095000,聚胺基甲酸乙酯，初級狀態,巴基斯坦,出口總值(含復出口),33,15605
2016-4,39095000,聚胺基甲酸乙酯，初級狀態,日本,出口總值(含復出口),201,85770
2016-4,39095000,聚胺基甲酸乙酯，初級狀態,比利時,出口總值(含復出口),84,24600
2016-4,39095000,聚胺基甲酸乙酯，初級狀態,加拿大,出口總值(含復出口),28,5000
2016-4,39095000,聚胺基甲酸乙酯，初級狀態,伊朗,出口總值(含復出口),135,34000
2016-4,39095000,聚胺基甲酸乙酯，初級狀態,印尼,出口總值(含復出口),1345,508069
2016-4,39095000,聚胺基甲酸乙酯，初級狀態,印度,出口總值(含復出口),564,185022
2016-4,39095000,聚胺基甲酸乙酯，初級狀態,西班牙,出口總值(含復出口),189,90000
2016-4,39095000,聚胺基甲酸乙酯，初級狀態,孟加拉,出口總值(含復出口),82,32908
2016-4,39095000,聚胺基甲酸乙酯，初級狀態,波蘭,出口總值(含復出口),32,9000
2016-4,39095000,聚胺基甲酸乙酯，初級狀態,法國,出口總值(含復出口),9,2350
2016-4,39095000,聚胺基甲酸乙酯，初級狀態,阿拉伯聯合大公國,出口總值(含復出口),5,600
2016-4,39095000,聚胺基甲酸乙酯，初級狀態,阿根廷,出口總值(含復出口),44,17000
2016-4,39095000,聚胺基甲酸乙酯，初級狀態,南韓,出口總值(含復出口),1460,395610
2016-4,39095000,聚胺基甲酸乙酯，初級狀態,柬埔寨,出口總值(含復出口),17,4105
2016-4,39095000,聚胺基甲酸乙酯，初級狀態,美國,出口總值(含復出口),243,60000
2016-4,39095000,聚胺基甲酸乙酯，初級狀態,香港,出口總值(含復出口),1036,383864
2016-4,39095000,聚胺基甲酸乙酯，初級狀態,哥倫比亞,出口總值(含復出口),12,3200
2016-4,39095000,聚胺基甲酸乙酯，初級狀態,泰國,出口總值(含復出口),750,302112
2016-4,39095000,聚胺基甲酸乙酯，初級狀態,秘魯,出口總值(含復出口),62,18870
2016-4,39095000,聚胺基甲酸乙酯，初級狀態,馬來西亞,出口總值(含復出口),363,193630
2016-4,39095000,聚胺基甲酸乙酯，初級狀態,敘利亞,出口總值(含復出口),44,17000
2016-4,39095000,聚胺基甲酸乙酯，初級狀態,荷蘭,出口總值(含復出口),121,38600
2016-4,39095000,聚胺基甲酸乙酯，初級狀態,菲律賓,出口總值(含復出口),64,27367
2016-4,39095000,聚胺基甲酸乙酯，初級狀態,越南,出口總值(含復出口),5541,1821315
2016-4,39095000,聚胺基甲酸乙酯，初級狀態,新加坡,出口總值(含復出口),53,17666
2016-4,39095000,聚胺基甲酸乙酯，初級狀態,瑞典,出口總值(含復出口),21,6200
2016-4,39095000,聚胺基甲酸乙酯，初級狀態,義大利,出口總值(含復出口),136,60000
2016-4,39095000,聚胺基甲酸乙酯，初級狀態,德國,出口總值(含復出口),138,31100
2016-4,39095000,聚胺基甲酸乙酯，初級狀態,墨西哥,出口總值(含復出口),109,35500
2016-4,39095000,聚胺基甲酸乙酯，初級狀態,澳大利亞,出口總值(含復出口),70,29640
2016-4,39100010,矽油,中國大陸,進口總值(含復進口),305,108222
2016-4,39100010,矽油,日本,進口總值(含復進口),1040,328272
2016-4,39100010,矽油,加拿大,進口總值(含復進口),2,40
2016-4,39100010,矽油,西班牙,進口總值(含復進口),44,16000
2016-4,39100010,矽油,法國,進口總值(含復進口),136,54400
2016-4,39100010,矽油,南韓,進口總值(含復進口),308,136568
2016-4,39100010,矽油,美國,進口總值(含復進口),265,22686
2016-4,39100010,矽油,英國,進口總值(含復進口),186,68060
2016-4,39100010,矽油,泰國,進口總值(含復進口),252,103820
2016-4,39100010,矽油,德國,進口總值(含復進口),48,9440
2016-4,39100010,矽油,中國大陸,出口總值(含復出口),708,177333
2016-4,39100010,矽油,丹麥,出口總值(含復出口),6,440
2016-4,39100010,矽油,巴基斯坦,出口總值(含復出口),23,13700
2016-4,39100010,矽油,印尼,出口總值(含復出口),36,6765
2016-4,39100010,矽油,孟加拉,出口總值(含復出口),14,15040
2016-4,39100010,矽油,柬埔寨,出口總值(含復出口),1,100
2016-4,39100010,矽油,美國,出口總值(含復出口),0,6
2016-4,39100010,矽油,香港,出口總值(含復出口),9,3000
2016-4,39100010,矽油,泰國,出口總值(含復出口),14,2256
2016-4,39100010,矽油,馬來西亞,出口總值(含復出口),9,750
2016-4,39100010,矽油,越南,出口總值(含復出口),13,4420
2016-4,39111010,石油樹脂,中國大陸,進口總值(含復進口),1096,577025
2016-4,39111010,石油樹脂,日本,進口總值(含復進口),839,340830
2016-4,39111010,石油樹脂,印尼,進口總值(含復進口),29,18000
2016-4,39111010,石油樹脂,法國,進口總值(含復進口),195,67325
2016-4,39111010,石油樹脂,南韓,進口總值(含復進口),101,52400
2016-4,39111010,石油樹脂,美國,進口總值(含復進口),239,92564
2016-4,39111010,石油樹脂,泰國,進口總值(含復進口),1250,652250
2016-4,39111010,石油樹脂,土耳其,出口總值(含復出口),20,18000
2016-4,39111010,石油樹脂,中國大陸,出口總值(含復出口),3769,1968113
2016-4,39111010,石油樹脂,厄瓜多,出口總值(含復出口),20,15000
2016-4,39111010,石油樹脂,巴西,出口總值(含復出口),155,124000
2016-4,39111010,石油樹脂,日本,出口總值(含復出口),311,194000
2016-4,39111010,石油樹脂,加拿大,出口總值(含復出口),243,200000
2016-4,39111010,石油樹脂,伊朗,出口總值(含復出口),187,171000
2016-4,39111010,石油樹脂,印尼,出口總值(含復出口),254,186150
2016-4,39111010,石油樹脂,印度,出口總值(含復出口),675,718575
2016-4,39111010,石油樹脂,西班牙,出口總值(含復出口),357,288000
2016-4,39111010,石油樹脂,沙烏地阿拉伯,出口總值(含復出口),130,109000
2016-4,39111010,石油樹脂,孟加拉,出口總值(含復出口),45,57000
2016-4,39111010,石油樹脂,波蘭,出口總值(含復出口),49,38000
2016-4,39111010,石油樹脂,法國,出口總值(含復出口),214,198000
2016-4,39111010,石油樹脂,俄羅斯,出口總值(含復出口),67,48000
2016-4,39111010,石油樹脂,南非,出口總值(含復出口),70,48000
2016-4,39111010,石油樹脂,南韓,出口總值(含復出口),114,94000
2016-4,39111010,石油樹脂,柬埔寨,出口總值(含復出口),2,500
2016-4,39111010,石油樹脂,突尼西亞,出口總值(含復出口),6,5000
2016-4,39111010,石油樹脂,美國,出口總值(含復出口),488,332500
2016-4,39111010,石油樹脂,英國,出口總值(含復出口),162,133000
2016-4,39111010,石油樹脂,香港,出口總值(含復出口),6,2500
2016-4,39111010,石油樹脂,哥倫比亞,出口總值(含復出口),9,8000
2016-4,39111010,石油樹脂,泰國,出口總值(含復出口),340,263000
2016-4,39111010,石油樹脂,馬來西亞,出口總值(含復出口),247,176000
2016-4,39111010,石油樹脂,荷蘭,出口總值(含復出口),117,150000
2016-4,39111010,石油樹脂,斯里蘭卡,出口總值(含復出口),17,12000
2016-4,39111010,石油樹脂,越南,出口總值(含復出口),506,298675
2016-4,39111010,石油樹脂,新加坡,出口總值(含復出口),43,38000
2016-4,39111010,石油樹脂,瑞典,出口總值(含復出口),96,85000
2016-4,39111010,石油樹脂,義大利,出口總值(含復出口),99,70500
2016-4,39111010,石油樹脂,葡萄牙,出口總值(含復出口),34,14000
2016-4,39111010,石油樹脂,德國,出口總值(含復出口),47,31000
2016-4,39111010,石油樹脂,緬甸,出口總值(含復出口),69,57000
2016-4,39111010,石油樹脂,澳大利亞,出口總值(含復出口),121,74250
2016-4,39219010,玻璃纖維強化塑膠板、片及扁條,中國大陸,進口總值(含復進口),259,24364
2016-4,39219010,玻璃纖維強化塑膠板、片及扁條,日本,進口總值(含復進口),1587,62829
2016-4,39219010,玻璃纖維強化塑膠板、片及扁條,法國,進口總值(含復進口),30,2373
2016-4,39219010,玻璃纖維強化塑膠板、片及扁條,南韓,進口總值(含復進口),1360,64841
2016-4,39219010,玻璃纖維強化塑膠板、片及扁條,美國,進口總值(含復進口),112,7990
2016-4,39219010,玻璃纖維強化塑膠板、片及扁條,香港,進口總值(含復進口),246,13946
2016-4,39219010,玻璃纖維強化塑膠板、片及扁條,泰國,進口總值(含復進口),173,12282
2016-4,39219010,玻璃纖維強化塑膠板、片及扁條,新加坡,進口總值(含復進口),54,724
2016-4,39219010,玻璃纖維強化塑膠板、片及扁條,墨西哥,進口總值(含復進口),53,804
2016-4,39219010,玻璃纖維強化塑膠板、片及扁條,中國大陸,出口總值(含復出口),259,30749
2016-4,39219010,玻璃纖維強化塑膠板、片及扁條,巴拿馬,出口總值(含復出口),62,12577
2016-4,39219010,玻璃纖維強化塑膠板、片及扁條,巴基斯坦,出口總值(含復出口),0,20
2016-4,39219010,玻璃纖維強化塑膠板、片及扁條,日本,出口總值(含復出口),183,28943
2016-4,39219010,玻璃纖維強化塑膠板、片及扁條,印度,出口總值(含復出口),13,21340
2016-4,39219010,玻璃纖維強化塑膠板、片及扁條,孟加拉,出口總值(含復出口),2,225
2016-4,39219010,玻璃纖維強化塑膠板、片及扁條,阿拉伯聯合大公國,出口總值(含復出口),6,1261
2016-4,39219010,玻璃纖維強化塑膠板、片及扁條,南韓,出口總值(含復出口),223,36652
2016-4,39219010,玻璃纖維強化塑膠板、片及扁條,科威特,出口總值(含復出口),0,60
2016-4,39219010,玻璃纖維強化塑膠板、片及扁條,美國,出口總值(含復出口),36,3064
2016-4,39219010,玻璃纖維強化塑膠板、片及扁條,英國,出口總值(含復出口),34,15888
2016-4,39219010,玻璃纖維強化塑膠板、片及扁條,香港,出口總值(含復出口),14,1510
2016-4,39219010,玻璃纖維強化塑膠板、片及扁條,泰國,出口總值(含復出口),871,148990
2016-4,39219010,玻璃纖維強化塑膠板、片及扁條,馬來西亞,出口總值(含復出口),24,6116
2016-4,39219010,玻璃纖維強化塑膠板、片及扁條,菲律賓,出口總值(含復出口),2,12
2016-4,39219010,玻璃纖維強化塑膠板、片及扁條,越南,出口總值(含復出口),272,36350
2016-4,39219010,玻璃纖維強化塑膠板、片及扁條,新加坡,出口總值(含復出口),112,8596
2016-4,39219010,玻璃纖維強化塑膠板、片及扁條,葡萄牙,出口總值(含復出口),3,84
2016-4,39219010,玻璃纖維強化塑膠板、片及扁條,德國,出口總值(含復出口),395,72591
2016-4,39219010,玻璃纖維強化塑膠板、片及扁條,墨西哥,出口總值(含復出口),0,17
2016-4,39219010,玻璃纖維強化塑膠板、片及扁條,薩爾瓦多,出口總值(含復出口),0,2
2016-5,39095000,聚胺基甲酸乙酯，初級狀態,中國大陸,進口總值(含復進口),3090,865580
2016-5,39095000,聚胺基甲酸乙酯，初級狀態,中華民國,進口總值(含復進口),6,1500
2016-5,39095000,聚胺基甲酸乙酯，初級狀態,巴西,進口總值(含復進口),4,1200
2016-5,39095000,聚胺基甲酸乙酯，初級狀態,日本,進口總值(含復進口),1356,190121
2016-5,39095000,聚胺基甲酸乙酯，初級狀態,比利時,進口總值(含復進口),45,8000
2016-5,39095000,聚胺基甲酸乙酯，初級狀態,印度,進口總值(含復進口),21,4200
2016-5,39095000,聚胺基甲酸乙酯，初級狀態,西班牙,進口總值(含復進口),22,1850
2016-5,39095000,聚胺基甲酸乙酯，初級狀態,希臘,進口總值(含復進口),27,11760
2016-5,39095000,聚胺基甲酸乙酯，初級狀態,法國,進口總值(含復進口),203,28618
2016-5,39095000,聚胺基甲酸乙酯，初級狀態,南韓,進口總值(含復進口),232,80118
2016-5,39095000,聚胺基甲酸乙酯，初級狀態,美國,進口總值(含復進口),1207,178121
2016-5,39095000,聚胺基甲酸乙酯，初級狀態,英國,進口總值(含復進口),12,3301
2016-5,39095000,聚胺基甲酸乙酯，初級狀態,馬來西亞,進口總值(含復進口),43,10008
2016-5,39095000,聚胺基甲酸乙酯，初級狀態,荷蘭,進口總值(含復進口),92,16151
2016-5,39095000,聚胺基甲酸乙酯，初級狀態,奧地利,進口總值(含復進口),9,3360
2016-5,39095000,聚胺基甲酸乙酯，初級狀態,新加坡,進口總值(含復進口),24,5114
2016-5,39095000,聚胺基甲酸乙酯，初級狀態,義大利,進口總值(含復進口),161,37965
2016-5,39095000,聚胺基甲酸乙酯，初級狀態,德國,進口總值(含復進口),1123,182399
2016-5,39095000,聚胺基甲酸乙酯，初級狀態,墨西哥,進口總值(含復進口),13,1800
2016-5,39095000,聚胺基甲酸乙酯，初級狀態,土耳其,出口總值(含復出口),87,30160
2016-5,39095000,聚胺基甲酸乙酯，初級狀態,中國大陸,出口總值(含復出口),11672,3767155
2016-5,39095000,聚胺基甲酸乙酯，初級狀態,巴西,出口總值(含復出口),651,189119
2016-5,39095000,聚胺基甲酸乙酯，初級狀態,巴基斯坦,出口總值(含復出口),71,29400
2016-5,39095000,聚胺基甲酸乙酯，初級狀態,日本,出口總值(含復出口),320,106250
2016-5,39095000,聚胺基甲酸乙酯，初級狀態,比利時,出口總值(含復出口),62,26200
2016-5,39095000,聚胺基甲酸乙酯，初級狀態,伊朗,出口總值(含復出口),141,34000
2016-5,39095000,聚胺基甲酸乙酯，初級狀態,印尼,出口總值(含復出口),1944,681312
2016-5,39095000,聚胺基甲酸乙酯，初級狀態,印度,出口總值(含復出口),673,231874
2016-5,39095000,聚胺基甲酸乙酯，初級狀態,衣索比亞,出口總值(含復出口),39,12000
2016-5,39095000,聚胺基甲酸乙酯，初級狀態,西班牙,出口總值(含復出口),246,102131
2016-5,39095000,聚胺基甲酸乙酯，初級狀態,孟加拉,出口總值(含復出口),267,107452
2016-5,39095000,聚胺基甲酸乙酯，初級狀態,帛琉,出口總值(含復出口),24,3200
2016-5,39095000,聚胺基甲酸乙酯，初級狀態,波蘭,出口總值(含復出口),33,10000
2016-5,39095000,聚胺基甲酸乙酯，初級狀態,法國,出口總值(含復出口),11,2437
2016-5,39095000,聚胺基甲酸乙酯，初級狀態,南韓,出口總值(含復出口),1008,288128
2016-5,39095000,聚胺基甲酸乙酯，初級狀態,柬埔寨,出口總值(含復出口),77,24500
2016-5,39095000,聚胺基甲酸乙酯，初級狀態,約旦,出口總值(含復出口),44,17000
2016-5,39095000,聚胺基甲酸乙酯，初級狀態,美國,出口總值(含復出口),440,104952
2016-5,39095000,聚胺基甲酸乙酯，初級狀態,香港,出口總值(含復出口),573,235258
2016-5,39095000,聚胺基甲酸乙酯，初級狀態,哥倫比亞,出口總值(含復出口),15,4200
2016-5,39095000,聚胺基甲酸乙酯，初級狀態,泰國,出口總值(含復出口),431,155667
2016-5,39095000,聚胺基甲酸乙酯，初級狀態,秘魯,出口總值(含復出口),48,16200
2016-5,39095000,聚胺基甲酸乙酯，初級狀態,馬來西亞,出口總值(含復出口),572,255361
2016-5,39095000,聚胺基甲酸乙酯，初級狀態,荷蘭,出口總值(含復出口),71,20600
2016-5,39095000,聚胺基甲酸乙酯，初級狀態,斯里蘭卡,出口總值(含復出口),6,600
2016-5,39095000,聚胺基甲酸乙酯，初級狀態,智利,出口總值(含復出口),26,6000
2016-5,39095000,聚胺基甲酸乙酯，初級狀態,菲律賓,出口總值(含復出口),199,77166
2016-5,39095000,聚胺基甲酸乙酯，初級狀態,越南,出口總值(含復出口),4135,1426847
2016-5,39095000,聚胺基甲酸乙酯，初級狀態,新加坡,出口總值(含復出口),16,3900
2016-5,39095000,聚胺基甲酸乙酯，初級狀態,義大利,出口總值(含復出口),134,60000
2016-5,39095000,聚胺基甲酸乙酯，初級狀態,墨西哥,出口總值(含復出口),122,40040
2016-5,39095000,聚胺基甲酸乙酯，初級狀態,澳大利亞,出口總值(含復出口),37,16900
2016-5,39100010,矽油,中國大陸,進口總值(含復進口),230,68194
2016-5,39100010,矽油,日本,進口總值(含復進口),2219,443364
2016-5,39100010,矽油,比利時,進口總值(含復進口),3,240
2016-5,39100010,矽油,西班牙,進口總值(含復進口),10,3400
2016-5,39100010,矽油,法國,進口總值(含復進口),151,59080
2016-5,39100010,矽油,南韓,進口總值(含復進口),354,142169
2016-5,39100010,矽油,美國,進口總值(含復進口),164,26044
2016-5,39100010,矽油,英國,進口總值(含復進口),326,155790
2016-5,39100010,矽油,泰國,進口總值(含復進口),206,84960
2016-5,39100010,矽油,荷蘭,進口總值(含復進口),38,18000
2016-5,39100010,矽油,德國,進口總值(含復進口),111,18494
2016-5,39100010,矽油,中國大陸,出口總值(含復出口),765,224406
2016-5,39100010,矽油,巴基斯坦,出口總值(含復出口),28,14990
2016-5,39100010,矽油,印尼,出口總值(含復出口),12,960
2016-5,39100010,矽油,奈及利亞,出口總值(含復出口),31,16000
2016-5,39100010,矽油,孟加拉,出口總值(含復出口),31,24640
2016-5,39100010,矽油,波多黎各,出口總值(含復出口),25,9789
2016-5,39100010,矽油,阿爾及利亞,出口總值(含復出口),1,80
2016-5,39100010,矽油,美國,出口總值(含復出口),0,15
2016-5,39100010,矽油,香港,出口總值(含復出口),46,9221
2016-5,39100010,矽油,馬來西亞,出口總值(含復出口),29,3400
2016-5,39100010,矽油,越南,出口總值(含復出口),59,19657
2016-5,39100010,矽油,墨西哥,出口總值(含復出口),45,16000
2016-5,39100010,矽油,澳大利亞,出口總值(含復出口),0,100
2016-5,39111010,石油樹脂,中國大陸,進口總值(含復進口),1615,930475
2016-5,39111010,石油樹脂,日本,進口總值(含復進口),982,353210
2016-5,39111010,石油樹脂,印尼,進口總值(含復進口),58,36000
2016-5,39111010,石油樹脂,法國,進口總值(含復進口),290,104200
2016-5,39111010,石油樹脂,南韓,進口總值(含復進口),127,50400
2016-5,39111010,石油樹脂,美國,進口總值(含復進口),888,476891
2016-5,39111010,石油樹脂,泰國,進口總值(含復進口),1055,549500
2016-5,39111010,石油樹脂,土耳其,出口總值(含復出口),94,60750
2016-5,39111010,石油樹脂,中國大陸,出口總值(含復出口),3717,1827412
2016-5,39111010,石油樹脂,巴西,出口總值(含復出口),202,108000
2016-5,39111010,石油樹脂,巴基斯坦,出口總值(含復出口),17,18000
2016-5,39111010,石油樹脂,日本,出口總值(含復出口),427,247000
2016-5,39111010,石油樹脂,加拿大,出口總值(含復出口),58,41000
2016-5,39111010,石油樹脂,伊朗,出口總值(含復出口),229,209000
2016-5,39111010,石油樹脂,印尼,出口總值(含復出口),478,410600
2016-5,39111010,石油樹脂,印度,出口總值(含復出口),488,488955
2016-5,39111010,石油樹脂,西班牙,出口總值(含復出口),419,342000
2016-5,39111010,石油樹脂,沙烏地阿拉伯,出口總值(含復出口),33,28000
2016-5,39111010,石油樹脂,孟加拉,出口總值(含復出口),46,57000
2016-5,39111010,石油樹脂,波蘭,出口總值(含復出口),56,44000
2016-5,39111010,石油樹脂,法國,出口總值(含復出口),8,2625
2016-5,39111010,石油樹脂,阿根廷,出口總值(含復出口),23,14000
2016-5,39111010,石油樹脂,俄羅斯,出口總值(含復出口),83,54000
2016-5,39111010,石油樹脂,南韓,出口總值(含復出口),138,89250
2016-5,39111010,石油樹脂,美國,出口總值(含復出口),437,328000
2016-5,39111010,石油樹脂,英國,出口總值(含復出口),127,122000
2016-5,39111010,石油樹脂,香港,出口總值(含復出口),9,2700
2016-5,39111010,石油樹脂,泰國,出口總值(含復出口),247,192767
2016-5,39111010,石油樹脂,馬來西亞,出口總值(含復出口),416,297000
2016-5,39111010,石油樹脂,荷蘭,出口總值(含復出口),97,125000
2016-5,39111010,石油樹脂,斯里蘭卡,出口總值(含復出口),7,5000
2016-5,39111010,石油樹脂,菲律賓,出口總值(含復出口),45,37000
2016-5,39111010,石油樹脂,越南,出口總值(含復出口),695,439800
2016-5,39111010,石油樹脂,瑞典,出口總值(含復出口),19,25000
2016-5,39111010,石油樹脂,葡萄牙,出口總值(含復出口),33,14000
2016-5,39111010,石油樹脂,德國,出口總值(含復出口),13,4375
2016-5,39111010,石油樹脂,緬甸,出口總值(含復出口),394,302000
2016-5,39111010,石油樹脂,澳大利亞,出口總值(含復出口),182,102625
2016-5,39219010,玻璃纖維強化塑膠板、片及扁條,中國大陸,進口總值(含復進口),393,45361
2016-5,39219010,玻璃纖維強化塑膠板、片及扁條,日本,進口總值(含復進口),1087,31176
2016-5,39219010,玻璃纖維強化塑膠板、片及扁條,法國,進口總值(含復進口),41,3320
2016-5,39219010,玻璃纖維強化塑膠板、片及扁條,南韓,進口總值(含復進口),504,80113
2016-5,39219010,玻璃纖維強化塑膠板、片及扁條,美國,進口總值(含復進口),65,4519
2016-5,39219010,玻璃纖維強化塑膠板、片及扁條,香港,進口總值(含復進口),50,2479
2016-5,39219010,玻璃纖維強化塑膠板、片及扁條,泰國,進口總值(含復進口),190,15865
2016-5,39219010,玻璃纖維強化塑膠板、片及扁條,愛爾蘭,進口總值(含復進口),6,34
2016-5,39219010,玻璃纖維強化塑膠板、片及扁條,新加坡,進口總值(含復進口),10,148
2016-5,39219010,玻璃纖維強化塑膠板、片及扁條,德國,進口總值(含復進口),23,1628
2016-5,39219010,玻璃纖維強化塑膠板、片及扁條,墨西哥,進口總值(含復進口),14,232
2016-5,39219010,玻璃纖維強化塑膠板、片及扁條,千里達及托巴哥,出口總值(含復出口),7,515
2016-5,39219010,玻璃纖維強化塑膠板、片及扁條,中國大陸,出口總值(含復出口),463,39172
2016-5,39219010,玻璃纖維強化塑膠板、片及扁條,巴西,出口總值(含復出口),20,3320
2016-5,39219010,玻璃纖維強化塑膠板、片及扁條,日本,出口總值(含復出口),196,35921
2016-5,39219010,玻璃纖維強化塑膠板、片及扁條,印度,出口總值(含復出口),14,5846
2016-5,39219010,玻璃纖維強化塑膠板、片及扁條,法國,出口總值(含復出口),13,1738
2016-5,39219010,玻璃纖維強化塑膠板、片及扁條,南韓,出口總值(含復出口),183,28689
2016-5,39219010,玻璃纖維強化塑膠板、片及扁條,美國,出口總值(含復出口),25,2096
2016-5,39219010,玻璃纖維強化塑膠板、片及扁條,迦納,出口總值(含復出口),1,110
2016-5,39219010,玻璃纖維強化塑膠板、片及扁條,香港,出口總值(含復出口),50,468
2016-5,39219010,玻璃纖維強化塑膠板、片及扁條,泰國,出口總值(含復出口),1101,199425
2016-5,39219010,玻璃纖維強化塑膠板、片及扁條,馬來西亞,出口總值(含復出口),3,228
2016-5,39219010,玻璃纖維強化塑膠板、片及扁條,荷蘭,出口總值(含復出口),32,4430
2016-5,39219010,玻璃纖維強化塑膠板、片及扁條,菲律賓,出口總值(含復出口),34,4374
2016-5,39219010,玻璃纖維強化塑膠板、片及扁條,越南,出口總值(含復出口),308,37603
2016-5,39219010,玻璃纖維強化塑膠板、片及扁條,新加坡,出口總值(含復出口),91,18055
2016-5,39219010,玻璃纖維強化塑膠板、片及扁條,義大利,出口總值(含復出口),29,5894
2016-5,39219010,玻璃纖維強化塑膠板、片及扁條,葡萄牙,出口總值(含復出口),3,84
2016-5,39219010,玻璃纖維強化塑膠板、片及扁條,德國,出口總值(含復出口),261,41468
2016-5,39219010,玻璃纖維強化塑膠板、片及扁條,墨西哥,出口總值(含復出口),2,488
2016-6,39095000,聚胺基甲酸乙酯，初級狀態,中國大陸,進口總值(含復進口),1973,621201
2016-6,39095000,聚胺基甲酸乙酯，初級狀態,中華民國,進口總值(含復進口),89,25153
2016-6,39095000,聚胺基甲酸乙酯，初級狀態,日本,進口總值(含復進口),1552,218076
2016-6,39095000,聚胺基甲酸乙酯，初級狀態,比利時,進口總值(含復進口),36,6500
2016-6,39095000,聚胺基甲酸乙酯，初級狀態,印度,進口總值(含復進口),95,29614
2016-6,39095000,聚胺基甲酸乙酯，初級狀態,西班牙,進口總值(含復進口),96,15205
2016-6,39095000,聚胺基甲酸乙酯，初級狀態,法國,進口總值(含復進口),119,11600
2016-6,39095000,聚胺基甲酸乙酯，初級狀態,南韓,進口總值(含復進口),131,54100
2016-6,39095000,聚胺基甲酸乙酯，初級狀態,美國,進口總值(含復進口),1243,174978
2016-6,39095000,聚胺基甲酸乙酯，初級狀態,英國,進口總值(含復進口),1,60
2016-6,39095000,聚胺基甲酸乙酯，初級狀態,馬來西亞,進口總值(含復進口),16,1728
2016-6,39095000,聚胺基甲酸乙酯，初級狀態,荷蘭,進口總值(含復進口),29,3590
2016-6,39095000,聚胺基甲酸乙酯，初級狀態,新加坡,進口總值(含復進口),43,8110
2016-6,39095000,聚胺基甲酸乙酯，初級狀態,瑞士,進口總值(含復進口),2,20
2016-6,39095000,聚胺基甲酸乙酯，初級狀態,義大利,進口總值(含復進口),211,39450
2016-6,39095000,聚胺基甲酸乙酯，初級狀態,德國,進口總值(含復進口),755,126440
2016-6,39095000,聚胺基甲酸乙酯，初級狀態,澳大利亞,進口總值(含復進口),36,7735
2016-6,39095000,聚胺基甲酸乙酯，初級狀態,土耳其,出口總值(含復出口),113,37975
2016-6,39095000,聚胺基甲酸乙酯，初級狀態,中國大陸,出口總值(含復出口),8790,2819886
2016-6,39095000,聚胺基甲酸乙酯，初級狀態,巴西,出口總值(含復出口),818,310040
2016-6,39095000,聚胺基甲酸乙酯，初級狀態,巴基斯坦,出口總值(含復出口),56,28440
2016-6,39095000,聚胺基甲酸乙酯，初級狀態,日本,出口總值(含復出口),193,53985
2016-6,39095000,聚胺基甲酸乙酯，初級狀態,比利時,出口總值(含復出口),29,12600
2016-6,39095000,聚胺基甲酸乙酯，初級狀態,卡達,出口總值(含復出口),60,17395
2016-6,39095000,聚胺基甲酸乙酯，初級狀態,瓜地馬拉,出口總值(含復出口),8,2000
2016-6,39095000,聚胺基甲酸乙酯，初級狀態,伊朗,出口總值(含復出口),170,48250
2016-6,39095000,聚胺基甲酸乙酯，初級狀態,印尼,出口總值(含復出口),937,353332
2016-6,39095000,聚胺基甲酸乙酯，初級狀態,印度,出口總值(含復出口),739,240613
2016-6,39095000,聚胺基甲酸乙酯，初級狀態,西班牙,出口總值(含復出口),324,165000
2016-6,39095000,聚胺基甲酸乙酯，初級狀態,孟加拉,出口總值(含復出口),107,40500
2016-6,39095000,聚胺基甲酸乙酯，初級狀態,法國,出口總值(含復出口),27,8000
2016-6,39095000,聚胺基甲酸乙酯，初級狀態,肯亞,出口總值(含復出口),11,4000
2016-6,39095000,聚胺基甲酸乙酯，初級狀態,阿根廷,出口總值(含復出口),88,30000
2016-6,39095000,聚胺基甲酸乙酯，初級狀態,南韓,出口總值(含復出口),1112,307915
2016-6,39095000,聚胺基甲酸乙酯，初級狀態,柬埔寨,出口總值(含復出口),29,8000
2016-6,39095000,聚胺基甲酸乙酯，初級狀態,美國,出口總值(含復出口),124,32200
2016-6,39095000,聚胺基甲酸乙酯，初級狀態,香港,出口總值(含復出口),710,264272
2016-6,39095000,聚胺基甲酸乙酯，初級狀態,埃及,出口總值(含復出口),9,5000
2016-6,39095000,聚胺基甲酸乙酯，初級狀態,泰國,出口總值(含復出口),808,321922
2016-6,39095000,聚胺基甲酸乙酯，初級狀態,秘魯,出口總值(含復出口),2,400
2016-6,39095000,聚胺基甲酸乙酯，初級狀態,馬來西亞,出口總值(含復出口),391,151378
2016-6,39095000,聚胺基甲酸乙酯，初級狀態,荷蘭,出口總值(含復出口),33,8800
2016-6,39095000,聚胺基甲酸乙酯，初級狀態,斯里蘭卡,出口總值(含復出口),6,985
2016-6,39095000,聚胺基甲酸乙酯，初級狀態,菲律賓,出口總值(含復出口),93,34220
2016-6,39095000,聚胺基甲酸乙酯，初級狀態,越南,出口總值(含復出口),4560,1528358
2016-6,39095000,聚胺基甲酸乙酯，初級狀態,新加坡,出口總值(含復出口),3,500
2016-6,39095000,聚胺基甲酸乙酯，初級狀態,瑞典,出口總值(含復出口),41,12100
2016-6,39095000,聚胺基甲酸乙酯，初級狀態,義大利,出口總值(含復出口),139,62000
2016-6,39095000,聚胺基甲酸乙酯，初級狀態,墨西哥,出口總值(含復出口),97,30000
2016-6,39095000,聚胺基甲酸乙酯，初級狀態,澳大利亞,出口總值(含復出口),96,39960
2016-6,39095000,聚胺基甲酸乙酯，初級狀態,澳門,出口總值(含復出口),3,1000
2016-6,39100010,矽油,中國大陸,進口總值(含復進口),446,171745
2016-6,39100010,矽油,日本,進口總值(含復進口),1149,305508
2016-6,39100010,矽油,加拿大,進口總值(含復進口),19,1600
2016-6,39100010,矽油,印度,進口總值(含復進口),14,1760
2016-6,39100010,矽油,法國,進口總值(含復進口),59,17280
2016-6,39100010,矽油,南韓,進口總值(含復進口),83,17593
2016-6,39100010,矽油,美國,進口總值(含復進口),925,144654
2016-6,39100010,矽油,英國,進口總值(含復進口),121,47604
2016-6,39100010,矽油,泰國,進口總值(含復進口),124,40500
2016-6,39100010,矽油,荷蘭,進口總值(含復進口),38,18003
2016-6,39100010,矽油,德國,進口總值(含復進口),137,28821
2016-6,39100010,矽油,中國大陸,出口總值(含復出口),860,172073
2016-6,39100010,矽油,丹麥,出口總值(含復出口),6,440
2016-6,39100010,矽油,孟加拉,出口總值(含復出口),28,26400
2016-6,39100010,矽油,肯亞,出口總值(含復出口),13,3200
2016-6,39100010,矽油,香港,出口總值(含復出口),7,2600
2016-6,39100010,矽油,馬來西亞,出口總值(含復出口),0,0
2016-6,39100010,矽油,斯里蘭卡,出口總值(含復出口),9,918
2016-6,39100010,矽油,越南,出口總值(含復出口),23,8429
2016-6,39100010,矽油,新加坡,出口總值(含復出口),5,229
2016-6,39111010,石油樹脂,中國大陸,進口總值(含復進口),905,522500
2016-6,39111010,石油樹脂,中華民國,進口總值(含復進口),30,24000
2016-6,39111010,石油樹脂,日本,進口總值(含復進口),973,372435
2016-6,39111010,石油樹脂,加拿大,進口總值(含復進口),14,2880
2016-6,39111010,石油樹脂,印尼,進口總值(含復進口),87,54000
2016-6,39111010,石油樹脂,法國,進口總值(含復進口),223,83375
2016-6,39111010,石油樹脂,南韓,進口總值(含復進口),216,85600
2016-6,39111010,石油樹脂,美國,進口總值(含復進口),167,65556
2016-6,39111010,石油樹脂,泰國,進口總值(含復進口),853,453000
2016-6,39111010,石油樹脂,越南,進口總值(含復進口),6,190
2016-6,39111010,石油樹脂,土耳其,出口總值(含復出口),87,47750
2016-6,39111010,石油樹脂,中國大陸,出口總值(含復出口),2409,1051720
2016-6,39111010,石油樹脂,巴西,出口總值(含復出口),119,116000
2016-6,39111010,石油樹脂,巴基斯坦,出口總值(含復出口),32,32000
2016-6,39111010,石油樹脂,日本,出口總值(含復出口),550,356500
2016-6,39111010,石油樹脂,加拿大,出口總值(含復出口),163,138000
2016-6,39111010,石油樹脂,伊朗,出口總值(含復出口),103,93000
2016-6,39111010,石油樹脂,印尼,出口總值(含復出口),161,110000
2016-6,39111010,石油樹脂,印度,出口總值(含復出口),339,292350
2016-6,39111010,石油樹脂,西班牙,出口總值(含復出口),498,360000
2016-6,39111010,石油樹脂,沙烏地阿拉伯,出口總值(含復出口),87,64000
2016-6,39111010,石油樹脂,孟加拉,出口總值(含復出口),45,46000
2016-6,39111010,石油樹脂,波蘭,出口總值(含復出口),155,78000
2016-6,39111010,石油樹脂,法國,出口總值(含復出口),21,16000
2016-6,39111010,石油樹脂,阿拉伯聯合大公國,出口總值(含復出口),42,38000
2016-6,39111010,石油樹脂,阿根廷,出口總值(含復出口),23,14000
2016-6,39111010,石油樹脂,俄羅斯,出口總值(含復出口),111,80000
2016-6,39111010,石油樹脂,南非,出口總值(含復出口),110,119000
2016-6,39111010,石油樹脂,南韓,出口總值(含復出口),207,161000
2016-6,39111010,石油樹脂,美國,出口總值(含復出口),358,241000
2016-6,39111010,石油樹脂,英國,出口總值(含復出口),98,98000
2016-6,39111010,石油樹脂,香港,出口總值(含復出口),4,2000
2016-6,39111010,石油樹脂,泰國,出口總值(含復出口),407,316000
2016-6,39111010,石油樹脂,秘魯,出口總值(含復出口),27,19000
2016-6,39111010,石油樹脂,馬來西亞,出口總值(含復出口),362,248000
2016-6,39111010,石油樹脂,斯里蘭卡,出口總值(含復出口),20,12000
2016-6,39111010,石油樹脂,斯洛維尼亞,出口總值(含復出口),17,16000
2016-6,39111010,石油樹脂,越南,出口總值(含復出口),630,369260
2016-6,39111010,石油樹脂,新加坡,出口總值(含復出口),37,32000
2016-6,39111010,石油樹脂,瑞典,出口總值(含復出口),97,85000
2016-6,39111010,石油樹脂,義大利,出口總值(含復出口),91,71000
2016-6,39111010,石油樹脂,葡萄牙,出口總值(含復出口),32,14000
2016-6,39111010,石油樹脂,澳大利亞,出口總值(含復出口),148,86250
2016-6,39219010,玻璃纖維強化塑膠板、片及扁條,中國大陸,進口總值(含復進口),210,37071
2016-6,39219010,玻璃纖維強化塑膠板、片及扁條,日本,進口總值(含復進口),1224,9514
2016-6,39219010,玻璃纖維強化塑膠板、片及扁條,加拿大,進口總值(含復進口),1,12
2016-6,39219010,玻璃纖維強化塑膠板、片及扁條,印度,進口總值(含復進口),6,461
2016-6,39219010,玻璃纖維強化塑膠板、片及扁條,法國,進口總值(含復進口),135,12497
2016-6,39219010,玻璃纖維強化塑膠板、片及扁條,南韓,進口總值(含復進口),1510,69098
2016-6,39219010,玻璃纖維強化塑膠板、片及扁條,美國,進口總值(含復進口),66,8103
2016-6,39219010,玻璃纖維強化塑膠板、片及扁條,香港,進口總值(含復進口),387,9447
2016-6,39219010,玻璃纖維強化塑膠板、片及扁條,泰國,進口總值(含復進口),245,16615
2016-6,39219010,玻璃纖維強化塑膠板、片及扁條,奧地利,進口總值(含復進口),7,165
2016-6,39219010,玻璃纖維強化塑膠板、片及扁條,新加坡,進口總值(含復進口),36,492
2016-6,39219010,玻璃纖維強化塑膠板、片及扁條,葡萄牙,進口總值(含復進口),0,17
2016-6,39219010,玻璃纖維強化塑膠板、片及扁條,德國,進口總值(含復進口),70,6473
2016-6,39219010,玻璃纖維強化塑膠板、片及扁條,墨西哥,進口總值(含復進口),16,232
2016-6,39219010,玻璃纖維強化塑膠板、片及扁條,中國大陸,出口總值(含復出口),655,46887
2016-6,39219010,玻璃纖維強化塑膠板、片及扁條,日本,出口總值(含復出口),149,24405
2016-6,39219010,玻璃纖維強化塑膠板、片及扁條,印度,出口總值(含復出口),39,20683
2016-6,39219010,玻璃纖維強化塑膠板、片及扁條,宏都拉斯,出口總值(含復出口),0,116
2016-6,39219010,玻璃纖維強化塑膠板、片及扁條,阿拉伯聯合大公國,出口總值(含復出口),7,2546
2016-6,39219010,玻璃纖維強化塑膠板、片及扁條,阿根廷,出口總值(含復出口),44,22707
2016-6,39219010,玻璃纖維強化塑膠板、片及扁條,南韓,出口總值(含復出口),196,34176
2016-6,39219010,玻璃纖維強化塑膠板、片及扁條,柬埔寨,出口總值(含復出口),1,393
2016-6,39219010,玻璃纖維強化塑膠板、片及扁條,美國,出口總值(含復出口),96,17417
2016-6,39219010,玻璃纖維強化塑膠板、片及扁條,香港,出口總值(含復出口),6,1427
2016-6,39219010,玻璃纖維強化塑膠板、片及扁條,泰國,出口總值(含復出口),1512,283518
2016-6,39219010,玻璃纖維強化塑膠板、片及扁條,馬來西亞,出口總值(含復出口),38,7940
2016-6,39219010,玻璃纖維強化塑膠板、片及扁條,荷蘭,出口總值(含復出口),2,240
2016-6,39219010,玻璃纖維強化塑膠板、片及扁條,斐濟,出口總值(含復出口),16,1777
2016-6,39219010,玻璃纖維強化塑膠板、片及扁條,菲律賓,出口總值(含復出口),7,800
2016-6,39219010,玻璃纖維強化塑膠板、片及扁條,越南,出口總值(含復出口),118,16878
2016-6,39219010,玻璃纖維強化塑膠板、片及扁條,新加坡,出口總值(含復出口),42,9865
2016-6,39219010,玻璃纖維強化塑膠板、片及扁條,葡萄牙,出口總值(含復出口),3,93
2016-6,39219010,玻璃纖維強化塑膠板、片及扁條,德國,出口總值(含復出口),206,31967
2016-6,39219010,玻璃纖維強化塑膠板、片及扁條,薩爾瓦多,出口總值(含復出口),0,0
2016-6,39219010,玻璃纖維強化塑膠板、片及扁條,關島,出口總值(含復出口),0,50
2016-7,39095000,聚胺基甲酸乙酯，初級狀態,中國大陸,進口總值(含復進口),2380,676670
2016-7,39095000,聚胺基甲酸乙酯，初級狀態,中華民國,進口總值(含復進口),90,28660
2016-7,39095000,聚胺基甲酸乙酯，初級狀態,巴西,進口總值(含復進口),4,1200
2016-7,39095000,聚胺基甲酸乙酯，初級狀態,日本,進口總值(含復進口),884,118550
2016-7,39095000,聚胺基甲酸乙酯，初級狀態,比利時,進口總值(含復進口),24,3900
2016-7,39095000,聚胺基甲酸乙酯，初級狀態,印度,進口總值(含復進口),76,22400
2016-7,39095000,聚胺基甲酸乙酯，初級狀態,西班牙,進口總值(含復進口),107,19420
2016-7,39095000,聚胺基甲酸乙酯，初級狀態,法國,進口總值(含復進口),100,11850
2016-7,39095000,聚胺基甲酸乙酯，初級狀態,南韓,進口總值(含復進口),132,59781
2016-7,39095000,聚胺基甲酸乙酯，初級狀態,美國,進口總值(含復進口),1372,175627
2016-7,39095000,聚胺基甲酸乙酯，初級狀態,英國,進口總值(含復進口),5,1300
2016-7,39095000,聚胺基甲酸乙酯，初級狀態,馬來西亞,進口總值(含復進口),3,1152
2016-7,39095000,聚胺基甲酸乙酯，初級狀態,荷蘭,進口總值(含復進口),37,5875
2016-7,39095000,聚胺基甲酸乙酯，初級狀態,奧地利,進口總值(含復進口),14,5040
2016-7,39095000,聚胺基甲酸乙酯，初級狀態,新加坡,進口總值(含復進口),56,12865
2016-7,39095000,聚胺基甲酸乙酯，初級狀態,義大利,進口總值(含復進口),107,27070
2016-7,39095000,聚胺基甲酸乙酯，初級狀態,德國,進口總值(含復進口),2236,377561
2016-7,39095000,聚胺基甲酸乙酯，初級狀態,墨西哥,進口總值(含復進口),29,4000
2016-7,39095000,聚胺基甲酸乙酯，初級狀態,土耳其,出口總值(含復出口),235,81120
2016-7,39095000,聚胺基甲酸乙酯，初級狀態,中國大陸,出口總值(含復出口),9409,2843025
2016-7,39095000,聚胺基甲酸乙酯，初級狀態,巴西,出口總值(含復出口),672,256020
2016-7,39095000,聚胺基甲酸乙酯，初級狀態,日本,出口總值(含復出口),335,124975
2016-7,39095000,聚胺基甲酸乙酯，初級狀態,比利時,出口總值(含復出口),62,26200
2016-7,39095000,聚胺基甲酸乙酯，初級狀態,加拿大,出口總值(含復出口),6,1000
2016-7,39095000,聚胺基甲酸乙酯，初級狀態,卡達,出口總值(含復出口),2,450
2016-7,39095000,聚胺基甲酸乙酯，初級狀態,伊朗,出口總值(含復出口),278,68000
2016-7,39095000,聚胺基甲酸乙酯，初級狀態,印尼,出口總值(含復出口),1226,448715
2016-7,39095000,聚胺基甲酸乙酯，初級狀態,印度,出口總值(含復出口),857,260715
2016-7,39095000,聚胺基甲酸乙酯，初級狀態,孟加拉,出口總值(含復出口),64,25688
2016-7,39095000,聚胺基甲酸乙酯，初級狀態,波蘭,出口總值(含復出口),52,15000
2016-7,39095000,聚胺基甲酸乙酯，初級狀態,法國,出口總值(含復出口),7,1685
2016-7,39095000,聚胺基甲酸乙酯，初級狀態,阿拉伯聯合大公國,出口總值(含復出口),73,35200
2016-7,39095000,聚胺基甲酸乙酯，初級狀態,阿根廷,出口總值(含復出口),44,15000
2016-7,39095000,聚胺基甲酸乙酯，初級狀態,南非,出口總值(含復出口),9,3000
2016-7,39095000,聚胺基甲酸乙酯，初級狀態,南韓,出口總值(含復出口),1601,435715
2016-7,39095000,聚胺基甲酸乙酯，初級狀態,柬埔寨,出口總值(含復出口),60,19000
2016-7,39095000,聚胺基甲酸乙酯，初級狀態,美國,出口總值(含復出口),357,86465
2016-7,39095000,聚胺基甲酸乙酯，初級狀態,香港,出口總值(含復出口),935,354678
2016-7,39095000,聚胺基甲酸乙酯，初級狀態,泰國,出口總值(含復出口),755,301941
2016-7,39095000,聚胺基甲酸乙酯，初級狀態,秘魯,出口總值(含復出口),2,400
2016-7,39095000,聚胺基甲酸乙酯，初級狀態,馬來西亞,出口總值(含復出口),449,225157
2016-7,39095000,聚胺基甲酸乙酯，初級狀態,荷蘭,出口總值(含復出口),63,16800
2016-7,39095000,聚胺基甲酸乙酯，初級狀態,斯里蘭卡,出口總值(含復出口),3,1040
2016-7,39095000,聚胺基甲酸乙酯，初級狀態,菲律賓,出口總值(含復出口),74,17454
2016-7,39095000,聚胺基甲酸乙酯，初級狀態,象牙海岸,出口總值(含復出口),12,648
2016-7,39095000,聚胺基甲酸乙酯，初級狀態,越南,出口總值(含復出口),5432,1783068
2016-7,39095000,聚胺基甲酸乙酯，初級狀態,新加坡,出口總值(含復出口),57,21230
2016-7,39095000,聚胺基甲酸乙酯，初級狀態,瑞典,出口總值(含復出口),29,8400
2016-7,39095000,聚胺基甲酸乙酯，初級狀態,德國,出口總值(含復出口),39,10219
2016-7,39095000,聚胺基甲酸乙酯，初級狀態,緬甸,出口總值(含復出口),3,3150
2016-7,39095000,聚胺基甲酸乙酯，初級狀態,墨西哥,出口總值(含復出口),156,50500
2016-7,39095000,聚胺基甲酸乙酯，初級狀態,澳大利亞,出口總值(含復出口),6,480
2016-7,39095000,聚胺基甲酸乙酯，初級狀態,澳門,出口總值(含復出口),13,4658
2016-7,39100010,矽油,中國大陸,進口總值(含復進口),483,213155
2016-7,39100010,矽油,日本,進口總值(含復進口),2555,482267
2016-7,39100010,矽油,西班牙,進口總值(含復進口),41,16000
2016-7,39100010,矽油,法國,進口總值(含復進口),114,51600
2016-7,39100010,矽油,南韓,進口總值(含復進口),63,16265
2016-7,39100010,矽油,美國,進口總值(含復進口),486,32851
2016-7,39100010,矽油,英國,進口總值(含復進口),146,63610
2016-7,39100010,矽油,泰國,進口總值(含復進口),127,45670
2016-7,39100010,矽油,德國,進口總值(含復進口),727,125667
2016-7,39100010,矽油,中國大陸,出口總值(含復出口),539,70448
2016-7,39100010,矽油,丹麥,出口總值(含復出口),2,30
2016-7,39100010,矽油,巴林,出口總值(含復出口),3,64
2016-7,39100010,矽油,巴基斯坦,出口總值(含復出口),10,5870
2016-7,39100010,矽油,加拿大,出口總值(含復出口),0,0
2016-7,39100010,矽油,印尼,出口總值(含復出口),17,3745
2016-7,39100010,矽油,孟加拉,出口總值(含復出口),70,53000
2016-7,39100010,矽油,美國,出口總值(含復出口),0,24
2016-7,39100010,矽油,香港,出口總值(含復出口),9,480
2016-7,39100010,矽油,泰國,出口總值(含復出口),5,191
2016-7,39100010,矽油,馬來西亞,出口總值(含復出口),31,2740
2016-7,39100010,矽油,智利,出口總值(含復出口),0,2
2016-7,39100010,矽油,越南,出口總值(含復出口),13,12094
2016-7,39111010,石油樹脂,中國大陸,進口總值(含復進口),1008,526600
2016-7,39111010,石油樹脂,中華民國,進口總值(含復進口),12,7214
2016-7,39111010,石油樹脂,日本,進口總值(含復進口),1316,543890
2016-7,39111010,石油樹脂,印尼,進口總值(含復進口),87,54000
2016-7,39111010,石油樹脂,法國,進口總值(含復進口),261,97250
2016-7,39111010,石油樹脂,南韓,進口總值(含復進口),197,75800
2016-7,39111010,石油樹脂,美國,進口總值(含復進口),243,137205
2016-7,39111010,石油樹脂,泰國,進口總值(含復進口),744,383500
2016-7,39111010,石油樹脂,德國,進口總值(含復進口),0,5
2016-7,39111010,石油樹脂,土耳其,出口總值(含復出口),77,67000
2016-7,39111010,石油樹脂,中國大陸,出口總值(含復出口),2996,1642004
2016-7,39111010,石油樹脂,厄瓜多,出口總值(含復出口),21,15000
2016-7,39111010,石油樹脂,巴西,出口總值(含復出口),100,105000
2016-7,39111010,石油樹脂,日本,出口總值(含復出口),405,229000
2016-7,39111010,石油樹脂,加拿大,出口總值(含復出口),158,125000
2016-7,39111010,石油樹脂,伊朗,出口總值(含復出口),230,209000
2016-7,39111010,石油樹脂,印尼,出口總值(含復出口),400,312050
2016-7,39111010,石油樹脂,印度,出口總值(含復出口),457,424575
2016-7,39111010,石油樹脂,西班牙,出口總值(含復出口),276,232000
2016-7,39111010,石油樹脂,沙烏地阿拉伯,出口總值(含復出口),152,112000
2016-7,39111010,石油樹脂,孟加拉,出口總值(含復出口),50,59000
2016-7,39111010,石油樹脂,波蘭,出口總值(含復出口),151,86000
2016-7,39111010,石油樹脂,法國,出口總值(含復出口),20,16000
2016-7,39111010,石油樹脂,阿拉伯聯合大公國,出口總值(含復出口),21,19000
2016-7,39111010,石油樹脂,阿根廷,出口總值(含復出口),6,2000
2016-7,39111010,石油樹脂,俄羅斯,出口總值(含復出口),111,80000
2016-7,39111010,石油樹脂,南非,出口總值(含復出口),137,138000
2016-7,39111010,石油樹脂,南韓,出口總值(含復出口),189,167000
2016-7,39111010,石油樹脂,科威特,出口總值(含復出口),17,16000
2016-7,39111010,石油樹脂,美國,出口總值(含復出口),445,310500
2016-7,39111010,石油樹脂,英國,出口總值(含復出口),153,140000
2016-7,39111010,石油樹脂,香港,出口總值(含復出口),10,3100
2016-7,39111010,石油樹脂,泰國,出口總值(含復出口),238,194250
2016-7,39111010,石油樹脂,馬來西亞,出口總值(含復出口),223,185000
2016-7,39111010,石油樹脂,斯里蘭卡,出口總值(含復出口),6,4500
2016-7,39111010,石油樹脂,斯洛維尼亞,出口總值(含復出口),17,16000
2016-7,39111010,石油樹脂,菲律賓,出口總值(含復出口),58,45800
2016-7,39111010,石油樹脂,越南,出口總值(含復出口),617,345300
2016-7,39111010,石油樹脂,瑞士,出口總值(含復出口),6,3000
2016-7,39111010,石油樹脂,瑞典,出口總值(含復出口),42,50000
2016-7,39111010,石油樹脂,義大利,出口總值(含復出口),51,39000
2016-7,39111010,石油樹脂,葡萄牙,出口總值(含復出口),32,14000
2016-7,39111010,石油樹脂,德國,出口總值(含復出口),47,40000
2016-7,39111010,石油樹脂,墨西哥,出口總值(含復出口),21,16000
2016-7,39111010,石油樹脂,澳大利亞,出口總值(含復出口),133,76875
2016-7,39219010,玻璃纖維強化塑膠板、片及扁條,土耳其,進口總值(含復進口),44,5175
2016-7,39219010,玻璃纖維強化塑膠板、片及扁條,中國大陸,進口總值(含復進口),167,11817
2016-7,39219010,玻璃纖維強化塑膠板、片及扁條,中華民國,進口總值(含復進口),0,92
2016-7,39219010,玻璃纖維強化塑膠板、片及扁條,日本,進口總值(含復進口),1371,56362
2016-7,39219010,玻璃纖維強化塑膠板、片及扁條,南韓,進口總值(含復進口),348,49454
2016-7,39219010,玻璃纖維強化塑膠板、片及扁條,美國,進口總值(含復進口),107,9630
2016-7,39219010,玻璃纖維強化塑膠板、片及扁條,香港,進口總值(含復進口),118,5594
2016-7,39219010,玻璃纖維強化塑膠板、片及扁條,泰國,進口總值(含復進口),327,10969
2016-7,39219010,玻璃纖維強化塑膠板、片及扁條,奧地利,進口總值(含復進口),1,16
2016-7,39219010,玻璃纖維強化塑膠板、片及扁條,新加坡,進口總值(含復進口),14,186
2016-7,39219010,玻璃纖維強化塑膠板、片及扁條,德國,進口總值(含復進口),1,16
2016-7,39219010,玻璃纖維強化塑膠板、片及扁條,墨西哥,進口總值(含復進口),27,370
2016-7,39219010,玻璃纖維強化塑膠板、片及扁條,羅馬尼亞,進口總值(含復進口),2,63
2016-7,39219010,玻璃纖維強化塑膠板、片及扁條,中國大陸,出口總值(含復出口),752,55974
2016-7,39219010,玻璃纖維強化塑膠板、片及扁條,巴西,出口總值(含復出口),16,2917
2016-7,39219010,玻璃纖維強化塑膠板、片及扁條,日本,出口總值(含復出口),235,35607
2016-7,39219010,玻璃纖維強化塑膠板、片及扁條,加拿大,出口總值(含復出口),6,43
2016-7,39219010,玻璃纖維強化塑膠板、片及扁條,北馬里亞納群島,出口總值(含復出口),3,1207
2016-7,39219010,玻璃纖維強化塑膠板、片及扁條,瓜地馬拉,出口總值(含復出口),1,131
2016-7,39219010,玻璃纖維強化塑膠板、片及扁條,印度,出口總值(含復出口),13,2967
2016-7,39219010,玻璃纖維強化塑膠板、片及扁條,沙烏地阿拉伯,出口總值(含復出口),2,54
2016-7,39219010,玻璃纖維強化塑膠板、片及扁條,南非,出口總值(含復出口),60,7010
2016-7,39219010,玻璃纖維強化塑膠板、片及扁條,南韓,出口總值(含復出口),172,27494
2016-7,39219010,玻璃纖維強化塑膠板、片及扁條,科威特,出口總值(含復出口),0,32
2016-7,39219010,玻璃纖維強化塑膠板、片及扁條,美國,出口總值(含復出口),41,3815
2016-7,39219010,玻璃纖維強化塑膠板、片及扁條,香港,出口總值(含復出口),16,1814
2016-7,39219010,玻璃纖維強化塑膠板、片及扁條,哥倫比亞,出口總值(含復出口),111,22622
2016-7,39219010,玻璃纖維強化塑膠板、片及扁條,泰國,出口總值(含復出口),1068,196961
2016-7,39219010,玻璃纖維強化塑膠板、片及扁條,馬來西亞,出口總值(含復出口),15,3193
2016-7,39219010,玻璃纖維強化塑膠板、片及扁條,捷克,出口總值(含復出口),1,76
2016-7,39219010,玻璃纖維強化塑膠板、片及扁條,荷蘭,出口總值(含復出口),63,8983
2016-7,39219010,玻璃纖維強化塑膠板、片及扁條,斐濟,出口總值(含復出口),6,630
2016-7,39219010,玻璃纖維強化塑膠板、片及扁條,斯里蘭卡,出口總值(含復出口),2,100
2016-7,39219010,玻璃纖維強化塑膠板、片及扁條,越南,出口總值(含復出口),226,19446
2016-7,39219010,玻璃纖維強化塑膠板、片及扁條,新加坡,出口總值(含復出口),66,15209
2016-7,39219010,玻璃纖維強化塑膠板、片及扁條,葡萄牙,出口總值(含復出口),6,187
2016-7,39219010,玻璃纖維強化塑膠板、片及扁條,德國,出口總值(含復出口),92,8567
2016-7,39219010,玻璃纖維強化塑膠板、片及扁條,墨西哥,出口總值(含復出口),3,1334
2016-7,39219010,玻璃纖維強化塑膠板、片及扁條,關島,出口總值(含復出口),33,12326
2016-8,39095000,聚胺基甲酸乙酯，初級狀態,中國大陸,進口總值(含復進口),2734,819976
2016-8,39095000,聚胺基甲酸乙酯，初級狀態,中華民國,進口總值(含復進口),90,37736
2016-8,39095000,聚胺基甲酸乙酯，初級狀態,日本,進口總值(含復進口),1296,203119
2016-8,39095000,聚胺基甲酸乙酯，初級狀態,比利時,進口總值(含復進口),63,9923
2016-8,39095000,聚胺基甲酸乙酯，初級狀態,印度,進口總值(含復進口),119,30800
2016-8,39095000,聚胺基甲酸乙酯，初級狀態,西班牙,進口總值(含復進口),174,26380
2016-8,39095000,聚胺基甲酸乙酯，初級狀態,法國,進口總值(含復進口),12,2620
2016-8,39095000,聚胺基甲酸乙酯，初級狀態,南韓,進口總值(含復進口),75,27160
2016-8,39095000,聚胺基甲酸乙酯，初級狀態,美國,進口總值(含復進口),1892,218660
2016-8,39095000,聚胺基甲酸乙酯，初級狀態,英國,進口總值(含復進口),77,23286
2016-8,39095000,聚胺基甲酸乙酯，初級狀態,馬來西亞,進口總值(含復進口),48,10588
2016-8,39095000,聚胺基甲酸乙酯，初級狀態,荷蘭,進口總值(含復進口),9,2118
2016-8,39095000,聚胺基甲酸乙酯，初級狀態,新加坡,進口總值(含復進口),45,8475
2016-8,39095000,聚胺基甲酸乙酯，初級狀態,義大利,進口總值(含復進口),18,3240
2016-8,39095000,聚胺基甲酸乙酯，初級狀態,德國,進口總值(含復進口),1523,265760
2016-8,39095000,聚胺基甲酸乙酯，初級狀態,澳大利亞,進口總值(含復進口),16,2969
2016-8,39095000,聚胺基甲酸乙酯，初級狀態,土耳其,出口總值(含復出口),186,69960
2016-8,39095000,聚胺基甲酸乙酯，初級狀態,中國大陸,出口總值(含復出口),9826,3179263
2016-8,39095000,聚胺基甲酸乙酯，初級狀態,巴西,出口總值(含復出口),529,180960
2016-8,39095000,聚胺基甲酸乙酯，初級狀態,巴基斯坦,出口總值(含復出口),60,28800
2016-8,39095000,聚胺基甲酸乙酯，初級狀態,日本,出口總值(含復出口),304,95248
2016-8,39095000,聚胺基甲酸乙酯，初級狀態,比利時,出口總值(含復出口),49,17600
2016-8,39095000,聚胺基甲酸乙酯，初級狀態,加拿大,出口總值(含復出口),9,2000
2016-8,39095000,聚胺基甲酸乙酯，初級狀態,卡達,出口總值(含復出口),52,13960
2016-8,39095000,聚胺基甲酸乙酯，初級狀態,伊朗,出口總值(含復出口),213,65000
2016-8,39095000,聚胺基甲酸乙酯，初級狀態,印尼,出口總值(含復出口),1739,608400
2016-8,39095000,聚胺基甲酸乙酯，初級狀態,印度,出口總值(含復出口),620,196164
2016-8,39095000,聚胺基甲酸乙酯，初級狀態,西班牙,出口總值(含復出口),192,90000
2016-8,39095000,聚胺基甲酸乙酯，初級狀態,孟加拉,出口總值(含復出口),162,54808
2016-8,39095000,聚胺基甲酸乙酯，初級狀態,波蘭,出口總值(含復出口),54,17000
2016-8,39095000,聚胺基甲酸乙酯，初級狀態,法國,出口總值(含復出口),7,1643
2016-8,39095000,聚胺基甲酸乙酯，初級狀態,阿拉伯聯合大公國,出口總值(含復出口),10,2590
2016-8,39095000,聚胺基甲酸乙酯，初級狀態,南韓,出口總值(含復出口),1866,505950
2016-8,39095000,聚胺基甲酸乙酯，初級狀態,柬埔寨,出口總值(含復出口),25,5426
2016-8,39095000,聚胺基甲酸乙酯，初級狀態,美國,出口總值(含復出口),326,86550
2016-8,39095000,聚胺基甲酸乙酯，初級狀態,英國,出口總值(含復出口),34,2680
2016-8,39095000,聚胺基甲酸乙酯，初級狀態,香港,出口總值(含復出口),815,332132
2016-8,39095000,聚胺基甲酸乙酯，初級狀態,哥倫比亞,出口總值(含復出口),42,15000
2016-8,39095000,聚胺基甲酸乙酯，初級狀態,泰國,出口總值(含復出口),695,300718
2016-8,39095000,聚胺基甲酸乙酯，初級狀態,秘魯,出口總值(含復出口),67,17400
2016-8,39095000,聚胺基甲酸乙酯，初級狀態,紐西蘭,出口總值(含復出口),2,120
2016-8,39095000,聚胺基甲酸乙酯，初級狀態,馬來西亞,出口總值(含復出口),453,221805
2016-8,39095000,聚胺基甲酸乙酯，初級狀態,菲律賓,出口總值(含復出口),178,55757
2016-8,39095000,聚胺基甲酸乙酯，初級狀態,越南,出口總值(含復出口),5497,1782269
2016-8,39095000,聚胺基甲酸乙酯，初級狀態,新加坡,出口總值(含復出口),32,5798
2016-8,39095000,聚胺基甲酸乙酯，初級狀態,瑞典,出口總值(含復出口),7,2100
2016-8,39095000,聚胺基甲酸乙酯，初級狀態,義大利,出口總值(含復出口),177,75200
2016-8,39095000,聚胺基甲酸乙酯，初級狀態,墨西哥,出口總值(含復出口),128,43437
2016-8,39095000,聚胺基甲酸乙酯，初級狀態,澳大利亞,出口總值(含復出口),24,10200
2016-8,39100010,矽油,中國大陸,進口總值(含復進口),629,264245
2016-8,39100010,矽油,日本,進口總值(含復進口),1213,400638
2016-8,39100010,矽油,西班牙,進口總值(含復進口),4,1000
2016-8,39100010,矽油,法國,進口總值(含復進口),48,16000
2016-8,39100010,矽油,南韓,進口總值(含復進口),101,19581
2016-8,39100010,矽油,美國,進口總值(含復進口),694,112752
2016-8,39100010,矽油,英國,進口總值(含復進口),20,5220
2016-8,39100010,矽油,泰國,進口總值(含復進口),363,166010
2016-8,39100010,矽油,馬來西亞,進口總值(含復進口),43,19160
2016-8,39100010,矽油,德國,進口總值(含復進口),446,59601
2016-8,39100010,矽油,澳大利亞,進口總值(含復進口),50,8870
2016-8,39100010,矽油,中國大陸,出口總值(含復出口),891,388275
2016-8,39100010,矽油,丹麥,出口總值(含復出口),6,440
2016-8,39100010,矽油,印尼,出口總值(含復出口),12,978
2016-8,39100010,矽油,孟加拉,出口總值(含復出口),52,42820
2016-8,39100010,矽油,美國,出口總值(含復出口),0,15
2016-8,39100010,矽油,香港,出口總值(含復出口),20,3178
2016-8,39100010,矽油,泰國,出口總值(含復出口),19,3431
2016-8,39100010,矽油,馬來西亞,出口總值(含復出口),8,601
2016-8,39100010,矽油,越南,出口總值(含復出口),29,2100
2016-8,39111010,石油樹脂,中國大陸,進口總值(含復進口),933,490775
2016-8,39111010,石油樹脂,日本,進口總值(含復進口),910,335215
2016-8,39111010,石油樹脂,印尼,進口總值(含復進口),58,36000
2016-8,39111010,石油樹脂,法國,進口總值(含復進口),488,180665
2016-8,39111010,石油樹脂,南韓,進口總值(含復進口),120,45000
2016-8,39111010,石油樹脂,美國,進口總值(含復進口),160,77100
2016-8,39111010,石油樹脂,泰國,進口總值(含復進口),1011,507000
2016-8,39111010,石油樹脂,土耳其,出口總值(含復出口),43,32000
2016-8,39111010,石油樹脂,中國大陸,出口總值(含復出口),3059,1619310
2016-8,39111010,石油樹脂,巴西,出口總值(含復出口),61,64000
2016-8,39111010,石油樹脂,日本,出口總值(含復出口),527,343500
2016-8,39111010,石油樹脂,加拿大,出口總值(含復出口),81,72000
2016-8,39111010,石油樹脂,伊朗,出口總值(含復出口),19,19000
2016-8,39111010,石油樹脂,印尼,出口總值(含復出口),307,254750
2016-8,39111010,石油樹脂,印度,出口總值(含復出口),288,283400
2016-8,39111010,石油樹脂,西班牙,出口總值(含復出口),523,376000
2016-8,39111010,石油樹脂,沙烏地阿拉伯,出口總值(含復出口),64,48000
2016-8,39111010,石油樹脂,孟加拉,出口總值(含復出口),72,76000
2016-8,39111010,石油樹脂,波蘭,出口總值(含復出口),298,143000
2016-8,39111010,石油樹脂,法國,出口總值(含復出口),95,91000
2016-8,39111010,石油樹脂,南非,出口總值(含復出口),33,24000
2016-8,39111010,石油樹脂,南韓,出口總值(含復出口),323,283000
2016-8,39111010,石油樹脂,美國,出口總值(含復出口),869,579000
2016-8,39111010,石油樹脂,英國,出口總值(含復出口),49,49875
2016-8,39111010,石油樹脂,香港,出口總值(含復出口),11,5600
2016-8,39111010,石油樹脂,泰國,出口總值(含復出口),335,259000
2016-8,39111010,石油樹脂,馬來西亞,出口總值(含復出口),299,211000
2016-8,39111010,石油樹脂,荷蘭,出口總值(含復出口),39,14000
2016-8,39111010,石油樹脂,斯里蘭卡,出口總值(含復出口),10,6000
2016-8,39111010,石油樹脂,菲律賓,出口總值(含復出口),24,19000
2016-8,39111010,石油樹脂,越南,出口總值(含復出口),685,387900
2016-8,39111010,石油樹脂,新加坡,出口總值(含復出口),34,32000
2016-8,39111010,石油樹脂,瑞典,出口總值(含復出口),88,85000
2016-8,39111010,石油樹脂,義大利,出口總值(含復出口),23,16000
2016-8,39111010,石油樹脂,葡萄牙,出口總值(含復出口),32,14000
2016-8,39111010,石油樹脂,德國,出口總值(含復出口),20,15000
2016-8,39111010,石油樹脂,澳大利亞,出口總值(含復出口),99,56000
2016-8,39219010,玻璃纖維強化塑膠板、片及扁條,中國大陸,進口總值(含復進口),294,34715
2016-8,39219010,玻璃纖維強化塑膠板、片及扁條,中華民國,進口總值(含復進口),5,689
2016-8,39219010,玻璃纖維強化塑膠板、片及扁條,日本,進口總值(含復進口),1412,61767
2016-8,39219010,玻璃纖維強化塑膠板、片及扁條,印度,進口總值(含復進口),0,5
2016-8,39219010,玻璃纖維強化塑膠板、片及扁條,法國,進口總值(含復進口),39,3058
2016-8,39219010,玻璃纖維強化塑膠板、片及扁條,南韓,進口總值(含復進口),267,43997
2016-8,39219010,玻璃纖維強化塑膠板、片及扁條,美國,進口總值(含復進口),28,1806
2016-8,39219010,玻璃纖維強化塑膠板、片及扁條,香港,進口總值(含復進口),82,5330
2016-8,39219010,玻璃纖維強化塑膠板、片及扁條,泰國,進口總值(含復進口),306,12236
2016-8,39219010,玻璃纖維強化塑膠板、片及扁條,奧地利,進口總值(含復進口),1,12
2016-8,39219010,玻璃纖維強化塑膠板、片及扁條,義大利,進口總值(含復進口),2,52
2016-8,39219010,玻璃纖維強化塑膠板、片及扁條,德國,進口總值(含復進口),0,10
2016-8,39219010,玻璃纖維強化塑膠板、片及扁條,墨西哥,進口總值(含復進口),36,642
2016-8,39219010,玻璃纖維強化塑膠板、片及扁條,中國大陸,出口總值(含復出口),560,64841
2016-8,39219010,玻璃纖維強化塑膠板、片及扁條,巴西,出口總值(含復出口),49,7958
2016-8,39219010,玻璃纖維強化塑膠板、片及扁條,巴拿馬,出口總值(含復出口),72,10362
2016-8,39219010,玻璃纖維強化塑膠板、片及扁條,日本,出口總值(含復出口),156,25733
2016-8,39219010,玻璃纖維強化塑膠板、片及扁條,印度,出口總值(含復出口),6,760
2016-8,39219010,玻璃纖維強化塑膠板、片及扁條,阿根廷,出口總值(含復出口),44,22579
2016-8,39219010,玻璃纖維強化塑膠板、片及扁條,南韓,出口總值(含復出口),298,54001
2016-8,39219010,玻璃纖維強化塑膠板、片及扁條,柬埔寨,出口總值(含復出口),3,1440
2016-8,39219010,玻璃纖維強化塑膠板、片及扁條,科威特,出口總值(含復出口),2,637
2016-8,39219010,玻璃纖維強化塑膠板、片及扁條,美國,出口總值(含復出口),118,21316
2016-8,39219010,玻璃纖維強化塑膠板、片及扁條,香港,出口總值(含復出口),58,3527
2016-8,39219010,玻璃纖維強化塑膠板、片及扁條,泰國,出口總值(含復出口),806,151849
2016-8,39219010,玻璃纖維強化塑膠板、片及扁條,馬來西亞,出口總值(含復出口),63,42344
2016-8,39219010,玻璃纖維強化塑膠板、片及扁條,荷蘭,出口總值(含復出口),76,11848
2016-8,39219010,玻璃纖維強化塑膠板、片及扁條,斯里蘭卡,出口總值(含復出口),9,520
2016-8,39219010,玻璃纖維強化塑膠板、片及扁條,智利,出口總值(含復出口),10,2405
2016-8,39219010,玻璃纖維強化塑膠板、片及扁條,菲律賓,出口總值(含復出口),25,2425
2016-8,39219010,玻璃纖維強化塑膠板、片及扁條,越南,出口總值(含復出口),323,39048
2016-8,39219010,玻璃纖維強化塑膠板、片及扁條,新加坡,出口總值(含復出口),44,9481
2016-8,39219010,玻璃纖維強化塑膠板、片及扁條,義大利,出口總值(含復出口),1,51
2016-8,39219010,玻璃纖維強化塑膠板、片及扁條,德國,出口總值(含復出口),291,46231
2016-8,39219010,玻璃纖維強化塑膠板、片及扁條,澳大利亞,出口總值(含復出口),0,1865
2016-9,39095000,聚胺基甲酸乙酯，初級狀態,土耳其,進口總值(含復進口),3,1996
2016-9,39095000,聚胺基甲酸乙酯，初級狀態,中國大陸,進口總值(含復進口),2126,695508
2016-9,39095000,聚胺基甲酸乙酯，初級狀態,巴西,進口總值(含復進口),8,2400
2016-9,39095000,聚胺基甲酸乙酯，初級狀態,日本,進口總值(含復進口),1087,147688
2016-9,39095000,聚胺基甲酸乙酯，初級狀態,比利時,進口總值(含復進口),33,6000
2016-9,39095000,聚胺基甲酸乙酯，初級狀態,印度,進口總值(含復進口),98,26600
2016-9,39095000,聚胺基甲酸乙酯，初級狀態,西班牙,進口總值(含復進口),93,16000
2016-9,39095000,聚胺基甲酸乙酯，初級狀態,希臘,進口總值(含復進口),36,15680
2016-9,39095000,聚胺基甲酸乙酯，初級狀態,法國,進口總值(含復進口),6,400
2016-9,39095000,聚胺基甲酸乙酯，初級狀態,南韓,進口總值(含復進口),115,30090
2016-9,39095000,聚胺基甲酸乙酯，初級狀態,美國,進口總值(含復進口),1008,149324
2016-9,39095000,聚胺基甲酸乙酯，初級狀態,英國,進口總值(含復進口),8,440
2016-9,39095000,聚胺基甲酸乙酯，初級狀態,馬來西亞,進口總值(含復進口),7,2808
2016-9,39095000,聚胺基甲酸乙酯，初級狀態,荷蘭,進口總值(含復進口),55,8180
2016-9,39095000,聚胺基甲酸乙酯，初級狀態,新加坡,進口總值(含復進口),9,2860
2016-9,39095000,聚胺基甲酸乙酯，初級狀態,義大利,進口總值(含復進口),42,10315
2016-9,39095000,聚胺基甲酸乙酯，初級狀態,德國,進口總值(含復進口),786,131653
2016-9,39095000,聚胺基甲酸乙酯，初級狀態,澳大利亞,進口總值(含復進口),4,1920
2016-9,39095000,聚胺基甲酸乙酯，初級狀態,土耳其,出口總值(含復出口),50,15000
2016-9,39095000,聚胺基甲酸乙酯，初級狀態,中國大陸,出口總值(含復出口),9083,3037717
2016-9,39095000,聚胺基甲酸乙酯，初級狀態,巴西,出口總值(含復出口),289,81350
2016-9,39095000,聚胺基甲酸乙酯，初級狀態,日本,出口總值(含復出口),138,41135
2016-9,39095000,聚胺基甲酸乙酯，初級狀態,比利時,出口總值(含復出口),94,29800
2016-9,39095000,聚胺基甲酸乙酯，初級狀態,卡達,出口總值(含復出口),66,19605
2016-9,39095000,聚胺基甲酸乙酯，初級狀態,伊朗,出口總值(含復出口),44,17000
2016-9,39095000,聚胺基甲酸乙酯，初級狀態,印尼,出口總值(含復出口),1373,541765
2016-9,39095000,聚胺基甲酸乙酯，初級狀態,印度,出口總值(含復出口),651,214880
2016-9,39095000,聚胺基甲酸乙酯，初級狀態,西班牙,出口總值(含復出口),52,30000
2016-9,39095000,聚胺基甲酸乙酯，初級狀態,孟加拉,出口總值(含復出口),145,61884
2016-9,39095000,聚胺基甲酸乙酯，初級狀態,法國,出口總值(含復出口),5,1107
2016-9,39095000,聚胺基甲酸乙酯，初級狀態,阿根廷,出口總值(含復出口),44,17000
2016-9,39095000,聚胺基甲酸乙酯，初級狀態,南韓,出口總值(含復出口),1890,519385
2016-9,39095000,聚胺基甲酸乙酯，初級狀態,柬埔寨,出口總值(含復出口),15,5000
2016-9,39095000,聚胺基甲酸乙酯，初級狀態,約旦,出口總值(含復出口),44,17000
2016-9,39095000,聚胺基甲酸乙酯，初級狀態,美國,出口總值(含復出口),147,38950
2016-9,39095000,聚胺基甲酸乙酯，初級狀態,香港,出口總值(含復出口),1135,472873
2016-9,39095000,聚胺基甲酸乙酯，初級狀態,哥倫比亞,出口總值(含復出口),12,3200
2016-9,39095000,聚胺基甲酸乙酯，初級狀態,泰國,出口總值(含復出口),601,266169
2016-9,39095000,聚胺基甲酸乙酯，初級狀態,秘魯,出口總值(含復出口),2,400
2016-9,39095000,聚胺基甲酸乙酯，初級狀態,馬來西亞,出口總值(含復出口),380,173007
2016-9,39095000,聚胺基甲酸乙酯，初級狀態,荷蘭,出口總值(含復出口),71,15800
2016-9,39095000,聚胺基甲酸乙酯，初級狀態,斯里蘭卡,出口總值(含復出口),31,4820
2016-9,39095000,聚胺基甲酸乙酯，初級狀態,菲律賓,出口總值(含復出口),91,41418
2016-9,39095000,聚胺基甲酸乙酯，初級狀態,越南,出口總值(含復出口),5258,1710839
2016-9,39095000,聚胺基甲酸乙酯，初級狀態,新加坡,出口總值(含復出口),23,8400
2016-9,39095000,聚胺基甲酸乙酯，初級狀態,瑞典,出口總值(含復出口),16,4700
2016-9,39095000,聚胺基甲酸乙酯，初級狀態,義大利,出口總值(含復出口),100,45000
2016-9,39095000,聚胺基甲酸乙酯，初級狀態,澳大利亞,出口總值(含復出口),21,5320
2016-9,39100010,矽油,中國大陸,進口總值(含復進口),599,263675
2016-9,39100010,矽油,日本,進口總值(含復進口),748,167578
2016-9,39100010,矽油,西班牙,進口總值(含復進口),35,8800
2016-9,39100010,矽油,南韓,進口總值(含復進口),51,4568
2016-9,39100010,矽油,美國,進口總值(含復進口),754,141689
2016-9,39100010,矽油,英國,進口總值(含復進口),39,16810
2016-9,39100010,矽油,泰國,進口總值(含復進口),647,308950
2016-9,39100010,矽油,馬來西亞,進口總值(含復進口),16,2730
2016-9,39100010,矽油,德國,進口總值(含復進口),66,9770
2016-9,39100010,矽油,中國大陸,出口總值(含復出口),488,115708
2016-9,39100010,矽油,丹麥,出口總值(含復出口),6,440
2016-9,39100010,矽油,巴基斯坦,出口總值(含復出口),16,9530
2016-9,39100010,矽油,印尼,出口總值(含復出口),6,900
2016-9,39100010,矽油,孟加拉,出口總值(含復出口),50,30120
2016-9,39100010,矽油,南非,出口總值(含復出口),9,1250
2016-9,39100010,矽油,美國,出口總值(含復出口),8,11021
2016-9,39100010,矽油,香港,出口總值(含復出口),3,585
2016-9,39100010,矽油,智利,出口總值(含復出口),1,38
2016-9,39100010,矽油,菲律賓,出口總值(含復出口),1,108
2016-9,39100010,矽油,越南,出口總值(含復出口),0,60
2016-9,39111010,石油樹脂,中國大陸,進口總值(含復進口),709,392375
2016-9,39111010,石油樹脂,日本,進口總值(含復進口),904,410370
2016-9,39111010,石油樹脂,印尼,進口總值(含復進口),58,36000
2016-9,39111010,石油樹脂,法國,進口總值(含復進口),276,106125
2016-9,39111010,石油樹脂,南韓,進口總值(含復進口),191,73200
2016-9,39111010,石油樹脂,美國,進口總值(含復進口),215,94000
2016-9,39111010,石油樹脂,泰國,進口總值(含復進口),347,169000
2016-9,39111010,石油樹脂,土耳其,出口總值(含復出口),58,57000
2016-9,39111010,石油樹脂,中國大陸,出口總值(含復出口),2076,1088533
2016-9,39111010,石油樹脂,厄瓜多,出口總值(含復出口),22,16000
2016-9,39111010,石油樹脂,巴西,出口總值(含復出口),70,80000
2016-9,39111010,石油樹脂,日本,出口總值(含復出口),480,319606
2016-9,39111010,石油樹脂,加拿大,出口總值(含復出口),136,125000
2016-9,39111010,石油樹脂,匈牙利,出口總值(含復出口),17,16000
2016-9,39111010,石油樹脂,印尼,出口總值(含復出口),311,245850
2016-9,39111010,石油樹脂,印度,出口總值(含復出口),418,391202
2016-9,39111010,石油樹脂,西班牙,出口總值(含復出口),185,106000
2016-9,39111010,石油樹脂,沙烏地阿拉伯,出口總值(含復出口),88,80000
2016-9,39111010,石油樹脂,孟加拉,出口總值(含復出口),54,57000
2016-9,39111010,石油樹脂,波蘭,出口總值(含復出口),78,63050
2016-9,39111010,石油樹脂,阿根廷,出口總值(含復出口),22,14000
2016-9,39111010,石油樹脂,俄羅斯,出口總值(含復出口),66,48000
2016-9,39111010,石油樹脂,南非,出口總值(含復出口),22,16000
2016-9,39111010,石油樹脂,南韓,出口總值(含復出口),131,94000
2016-9,39111010,石油樹脂,美國,出口總值(含復出口),967,737200
2016-9,39111010,石油樹脂,英國,出口總值(含復出口),149,120000
2016-9,39111010,石油樹脂,香港,出口總值(含復出口),19,4800
2016-9,39111010,石油樹脂,泰國,出口總值(含復出口),338,270000
2016-9,39111010,石油樹脂,馬來西亞,出口總值(含復出口),288,219000
2016-9,39111010,石油樹脂,荷蘭,出口總值(含復出口),269,325000
2016-9,39111010,石油樹脂,斯里蘭卡,出口總值(含復出口),18,19000
2016-9,39111010,石油樹脂,越南,出口總值(含復出口),620,333795
2016-9,39111010,石油樹脂,瑞典,出口總值(含復出口),21,25000
2016-9,39111010,石油樹脂,義大利,出口總值(含復出口),54,41000
2016-9,39111010,石油樹脂,德國,出口總值(含復出口),20,15000
2016-9,39111010,石油樹脂,澳大利亞,出口總值(含復出口),109,73250
2016-9,39219010,玻璃纖維強化塑膠板、片及扁條,中國大陸,進口總值(含復進口),211,29272
2016-9,39219010,玻璃纖維強化塑膠板、片及扁條,日本,進口總值(含復進口),1139,34269
2016-9,39219010,玻璃纖維強化塑膠板、片及扁條,印度,進口總值(含復進口),4,314
2016-9,39219010,玻璃纖維強化塑膠板、片及扁條,法國,進口總值(含復進口),42,3430
2016-9,39219010,玻璃纖維強化塑膠板、片及扁條,南韓,進口總值(含復進口),401,55071
2016-9,39219010,玻璃纖維強化塑膠板、片及扁條,美國,進口總值(含復進口),80,4678
2016-9,39219010,玻璃纖維強化塑膠板、片及扁條,香港,進口總值(含復進口),94,5404
2016-9,39219010,玻璃纖維強化塑膠板、片及扁條,泰國,進口總值(含復進口),266,19159
2016-9,39219010,玻璃纖維強化塑膠板、片及扁條,奧地利,進口總值(含復進口),0,5
2016-9,39219010,玻璃纖維強化塑膠板、片及扁條,新加坡,進口總值(含復進口),7,89
2016-9,39219010,玻璃纖維強化塑膠板、片及扁條,中國大陸,出口總值(含復出口),345,48457
2016-9,39219010,玻璃纖維強化塑膠板、片及扁條,巴西,出口總值(含復出口),42,7839
2016-9,39219010,玻璃纖維強化塑膠板、片及扁條,日本,出口總值(含復出口),95,15041
2016-9,39219010,玻璃纖維強化塑膠板、片及扁條,瓜地馬拉,出口總值(含復出口),0,107
2016-9,39219010,玻璃纖維強化塑膠板、片及扁條,印度,出口總值(含復出口),20,9797
2016-9,39219010,玻璃纖維強化塑膠板、片及扁條,阿根廷,出口總值(含復出口),39,6403
2016-9,39219010,玻璃纖維強化塑膠板、片及扁條,南韓,出口總值(含復出口),220,31115
2016-9,39219010,玻璃纖維強化塑膠板、片及扁條,美國,出口總值(含復出口),38,3198
2016-9,39219010,玻璃纖維強化塑膠板、片及扁條,香港,出口總值(含復出口),12,706
2016-9,39219010,玻璃纖維強化塑膠板、片及扁條,泰國,出口總值(含復出口),942,169345
2016-9,39219010,玻璃纖維強化塑膠板、片及扁條,馬來西亞,出口總值(含復出口),82,47039
2016-9,39219010,玻璃纖維強化塑膠板、片及扁條,荷蘭,出口總值(含復出口),26,2935
2016-9,39219010,玻璃纖維強化塑膠板、片及扁條,菲律賓,出口總值(含復出口),15,1892
2016-9,39219010,玻璃纖維強化塑膠板、片及扁條,越南,出口總值(含復出口),157,17325
2016-9,39219010,玻璃纖維強化塑膠板、片及扁條,新加坡,出口總值(含復出口),93,19294
2016-9,39219010,玻璃纖維強化塑膠板、片及扁條,義大利,出口總值(含復出口),50,9008
2016-9,39219010,玻璃纖維強化塑膠板、片及扁條,葡萄牙,出口總值(含復出口),4,144
2016-9,39219010,玻璃纖維強化塑膠板、片及扁條,德國,出口總值(含復出口),294,44811
2016-9,39219010,玻璃纖維強化塑膠板、片及扁條,薩爾瓦多,出口總值(含復出口),0,18
2016-10,39095000,聚胺基甲酸乙酯，初級狀態,中國大陸,進口總值(含復進口),3167,876047
2016-10,39095000,聚胺基甲酸乙酯，初級狀態,中華民國,進口總值(含復進口),22,4338
2016-10,39095000,聚胺基甲酸乙酯，初級狀態,日本,進口總值(含復進口),1413,179150
2016-10,39095000,聚胺基甲酸乙酯，初級狀態,比利時,進口總值(含復進口),81,17200
2016-10,39095000,聚胺基甲酸乙酯，初級狀態,印度,進口總值(含復進口),18,10000
2016-10,39095000,聚胺基甲酸乙酯，初級狀態,西班牙,進口總值(含復進口),119,19986
2016-10,39095000,聚胺基甲酸乙酯，初級狀態,希臘,進口總值(含復進口),38,16033
2016-10,39095000,聚胺基甲酸乙酯，初級狀態,南韓,進口總值(含復進口),99,32624
2016-10,39095000,聚胺基甲酸乙酯，初級狀態,美國,進口總值(含復進口),1067,122032
2016-10,39095000,聚胺基甲酸乙酯，初級狀態,英國,進口總值(含復進口),48,10320
2016-10,39095000,聚胺基甲酸乙酯，初級狀態,馬來西亞,進口總值(含復進口),3,1152
2016-10,39095000,聚胺基甲酸乙酯，初級狀態,荷蘭,進口總值(含復進口),31,4654
2016-10,39095000,聚胺基甲酸乙酯，初級狀態,新加坡,進口總值(含復進口),27,6445
2016-10,39095000,聚胺基甲酸乙酯，初級狀態,瑞士,進口總值(含復進口),13,758
2016-10,39095000,聚胺基甲酸乙酯，初級狀態,義大利,進口總值(含復進口),156,26809
2016-10,39095000,聚胺基甲酸乙酯，初級狀態,德國,進口總值(含復進口),1372,210205
2016-10,39095000,聚胺基甲酸乙酯，初級狀態,墨西哥,進口總值(含復進口),31,4400
2016-10,39095000,聚胺基甲酸乙酯，初級狀態,澳大利亞,進口總值(含復進口),11,2927
2016-10,39095000,聚胺基甲酸乙酯，初級狀態,土耳其,出口總值(含復出口),131,45000
2016-10,39095000,聚胺基甲酸乙酯，初級狀態,中國大陸,出口總值(含復出口),11782,4028443
2016-10,39095000,聚胺基甲酸乙酯，初級狀態,巴西,出口總值(含復出口),442,141610
2016-10,39095000,聚胺基甲酸乙酯，初級狀態,巴基斯坦,出口總值(含復出口),44,19400
2016-10,39095000,聚胺基甲酸乙酯，初級狀態,日本,出口總值(含復出口),284,108785
2016-10,39095000,聚胺基甲酸乙酯，初級狀態,比利時,出口總值(含復出口),62,26200
2016-10,39095000,聚胺基甲酸乙酯，初級狀態,卡達,出口總值(含復出口),75,23520
2016-10,39095000,聚胺基甲酸乙酯，初級狀態,瓜地馬拉,出口總值(含復出口),45,12000
2016-10,39095000,聚胺基甲酸乙酯，初級狀態,伊朗,出口總值(含復出口),430,138250
2016-10,39095000,聚胺基甲酸乙酯，初級狀態,印尼,出口總值(含復出口),1222,435899
2016-10,39095000,聚胺基甲酸乙酯，初級狀態,印度,出口總值(含復出口),713,246120
2016-10,39095000,聚胺基甲酸乙酯，初級狀態,西班牙,出口總值(含復出口),110,57000
2016-10,39095000,聚胺基甲酸乙酯，初級狀態,汶萊,出口總值(含復出口),1,168
2016-10,39095000,聚胺基甲酸乙酯，初級狀態,孟加拉,出口總值(含復出口),92,43860
2016-10,39095000,聚胺基甲酸乙酯，初級狀態,法國,出口總值(含復出口),5,1096
2016-10,39095000,聚胺基甲酸乙酯，初級狀態,肯亞,出口總值(含復出口),11,4000
2016-10,39095000,聚胺基甲酸乙酯，初級狀態,阿拉伯聯合大公國,出口總值(含復出口),10,2240
2016-10,39095000,聚胺基甲酸乙酯，初級狀態,阿根廷,出口總值(含復出口),48,15100
2016-10,39095000,聚胺基甲酸乙酯，初級狀態,俄羅斯,出口總值(含復出口),31,13320
2016-10,39095000,聚胺基甲酸乙酯，初級狀態,南非,出口總值(含復出口),9,3000
2016-10,39095000,聚胺基甲酸乙酯，初級狀態,南韓,出口總值(含復出口),1692,471043
2016-10,39095000,聚胺基甲酸乙酯，初級狀態,柬埔寨,出口總值(含復出口),70,20202
2016-10,39095000,聚胺基甲酸乙酯，初級狀態,美國,出口總值(含復出口),480,121300
2016-10,39095000,聚胺基甲酸乙酯，初級狀態,香港,出口總值(含復出口),632,249233
2016-10,39095000,聚胺基甲酸乙酯，初級狀態,哥倫比亞,出口總值(含復出口),44,15918
2016-10,39095000,聚胺基甲酸乙酯，初級狀態,泰國,出口總值(含復出口),1034,414219
2016-10,39095000,聚胺基甲酸乙酯，初級狀態,烏拉圭,出口總值(含復出口),4,1100
2016-10,39095000,聚胺基甲酸乙酯，初級狀態,秘魯,出口總值(含復出口),8,2200
2016-10,39095000,聚胺基甲酸乙酯，初級狀態,馬來西亞,出口總值(含復出口),247,109632
2016-10,39095000,聚胺基甲酸乙酯，初級狀態,荷蘭,出口總值(含復出口),41,10400
2016-10,39095000,聚胺基甲酸乙酯，初級狀態,菲律賓,出口總值(含復出口),138,64811
2016-10,39095000,聚胺基甲酸乙酯，初級狀態,象牙海岸,出口總值(含復出口),15,864
2016-10,39095000,聚胺基甲酸乙酯，初級狀態,越南,出口總值(含復出口),6199,2110424
2016-10,39095000,聚胺基甲酸乙酯，初級狀態,新加坡,出口總值(含復出口),39,12200
2016-10,39095000,聚胺基甲酸乙酯，初級狀態,義大利,出口總值(含復出口),99,45000
2016-10,39095000,聚胺基甲酸乙酯，初級狀態,德國,出口總值(含復出口),8,2250
2016-10,39095000,聚胺基甲酸乙酯，初級狀態,墨西哥,出口總值(含復出口),252,80223
2016-10,39095000,聚胺基甲酸乙酯，初級狀態,澳大利亞,出口總值(含復出口),41,15360
2016-10,39095000,聚胺基甲酸乙酯，初級狀態,澳門,出口總值(含復出口),5,1800
2016-10,39100010,矽油,中國大陸,進口總值(含復進口),413,171985
2016-10,39100010,矽油,日本,進口總值(含復進口),866,152977
2016-10,39100010,矽油,加拿大,進口總值(含復進口),25,2000
2016-10,39100010,矽油,印度,進口總值(含復進口),14,1760
2016-10,39100010,矽油,西班牙,進口總值(含復進口),88,32000
2016-10,39100010,矽油,法國,進口總值(含復進口),115,51200
2016-10,39100010,矽油,南韓,進口總值(含復進口),294,130793
2016-10,39100010,矽油,美國,進口總值(含復進口),680,71709
2016-10,39100010,矽油,英國,進口總值(含復進口),92,36021
2016-10,39100010,矽油,泰國,進口總值(含復進口),330,145940
2016-10,39100010,矽油,馬來西亞,進口總值(含復進口),4,1330
2016-10,39100010,矽油,荷蘭,進口總值(含復進口),5,540
2016-10,39100010,矽油,德國,進口總值(含復進口),77,14660
2016-10,39100010,矽油,中國大陸,出口總值(含復出口),729,195251
2016-10,39100010,矽油,印尼,出口總值(含復出口),59,16800
2016-10,39100010,矽油,印度,出口總值(含復出口),1,219
2016-10,39100010,矽油,孟加拉,出口總值(含復出口),39,23950
2016-10,39100010,矽油,香港,出口總值(含復出口),18,4740
2016-10,39100010,矽油,哥倫比亞,出口總值(含復出口),3,184
2016-10,39100010,矽油,紐西蘭,出口總值(含復出口),1,60
2016-10,39100010,矽油,越南,出口總值(含復出口),59,8840
2016-10,39100010,矽油,新加坡,出口總值(含復出口),3,72
2016-10,39111010,石油樹脂,中國大陸,進口總值(含復進口),948,590225
2016-10,39111010,石油樹脂,日本,進口總值(含復進口),1089,481640
2016-10,39111010,石油樹脂,印尼,進口總值(含復進口),58,36000
2016-10,39111010,石油樹脂,法國,進口總值(含復進口),314,117425
2016-10,39111010,石油樹脂,南韓,進口總值(含復進口),127,52400
2016-10,39111010,石油樹脂,美國,進口總值(含復進口),86,24900
2016-10,39111010,石油樹脂,泰國,進口總值(含復進口),447,231100
2016-10,39111010,石油樹脂,土耳其,出口總值(含復出口),61,54000
2016-10,39111010,石油樹脂,中國大陸,出口總值(含復出口),4406,2200371
2016-10,39111010,石油樹脂,巴西,出口總值(含復出口),73,73000
2016-10,39111010,石油樹脂,日本,出口總值(含復出口),686,427000
2016-10,39111010,石油樹脂,加拿大,出口總值(含復出口),47,50000
2016-10,39111010,石油樹脂,伊朗,出口總值(含復出口),462,475000
2016-10,39111010,石油樹脂,印尼,出口總值(含復出口),404,274200
2016-10,39111010,石油樹脂,印度,出口總值(含復出口),624,695150
2016-10,39111010,石油樹脂,西班牙,出口總值(含復出口),130,96000
2016-10,39111010,石油樹脂,沙烏地阿拉伯,出口總值(含復出口),67,48000
2016-10,39111010,石油樹脂,孟加拉,出口總值(含復出口),20,20375
2016-10,39111010,石油樹脂,波蘭,出口總值(含復出口),222,138000
2016-10,39111010,石油樹脂,俄羅斯,出口總值(含復出口),261,182000
2016-10,39111010,石油樹脂,南非,出口總值(含復出口),74,95000
2016-10,39111010,石油樹脂,南韓,出口總值(含復出口),162,114100
2016-10,39111010,石油樹脂,柬埔寨,出口總值(含復出口),4,750
2016-10,39111010,石油樹脂,美國,出口總值(含復出口),439,357400
2016-10,39111010,石油樹脂,英國,出口總值(含復出口),47,49000
2016-10,39111010,石油樹脂,香港,出口總值(含復出口),4,2000
2016-10,39111010,石油樹脂,哥倫比亞,出口總值(含復出口),9,8000
2016-10,39111010,石油樹脂,泰國,出口總值(含復出口),246,184000
2016-10,39111010,石油樹脂,秘魯,出口總值(含復出口),26,19000
2016-10,39111010,石油樹脂,馬來西亞,出口總值(含復出口),258,185000
2016-10,39111010,石油樹脂,荷蘭,出口總值(含復出口),414,500000
2016-10,39111010,石油樹脂,斯里蘭卡,出口總值(含復出口),16,11000
2016-10,39111010,石油樹脂,菲律賓,出口總值(含復出口),78,64000
2016-10,39111010,石油樹脂,越南,出口總值(含復出口),609,300600
2016-10,39111010,石油樹脂,新加坡,出口總值(含復出口),40,39000
2016-10,39111010,石油樹脂,瑞典,出口總值(含復出口),21,25000
2016-10,39111010,石油樹脂,義大利,出口總值(含復出口),23,16000
2016-10,39111010,石油樹脂,德國,出口總值(含復出口),21,19000
2016-10,39111010,石油樹脂,緬甸,出口總值(含復出口),116,95500
2016-10,39111010,石油樹脂,墨西哥,出口總值(含復出口),25,16000
2016-10,39111010,石油樹脂,澳大利亞,出口總值(含復出口),211,128500
2016-10,39219010,玻璃纖維強化塑膠板、片及扁條,中國大陸,進口總值(含復進口),223,37022
2016-10,39219010,玻璃纖維強化塑膠板、片及扁條,中華民國,進口總值(含復進口),17,8493
2016-10,39219010,玻璃纖維強化塑膠板、片及扁條,日本,進口總值(含復進口),1166,25846
2016-10,39219010,玻璃纖維強化塑膠板、片及扁條,法國,進口總值(含復進口),30,1966
2016-10,39219010,玻璃纖維強化塑膠板、片及扁條,南韓,進口總值(含復進口),774,23271
2016-10,39219010,玻璃纖維強化塑膠板、片及扁條,美國,進口總值(含復進口),63,1302
2016-10,39219010,玻璃纖維強化塑膠板、片及扁條,香港,進口總值(含復進口),108,5675
2016-10,39219010,玻璃纖維強化塑膠板、片及扁條,泰國,進口總值(含復進口),401,20042
2016-10,39219010,玻璃纖維強化塑膠板、片及扁條,奧地利,進口總值(含復進口),4,143
2016-10,39219010,玻璃纖維強化塑膠板、片及扁條,義大利,進口總值(含復進口),0,28
2016-10,39219010,玻璃纖維強化塑膠板、片及扁條,德國,進口總值(含復進口),9,993
2016-10,39219010,玻璃纖維強化塑膠板、片及扁條,墨西哥,進口總值(含復進口),38,570
2016-10,39219010,玻璃纖維強化塑膠板、片及扁條,中國大陸,出口總值(含復出口),304,37023
2016-10,39219010,玻璃纖維強化塑膠板、片及扁條,巴布亞紐幾內亞,出口總值(含復出口),0,40
2016-10,39219010,玻璃纖維強化塑膠板、片及扁條,巴西,出口總值(含復出口),3,253
2016-10,39219010,玻璃纖維強化塑膠板、片及扁條,巴拉圭,出口總值(含復出口),1,303
2016-10,39219010,玻璃纖維強化塑膠板、片及扁條,日本,出口總值(含復出口),150,19411
2016-10,39219010,玻璃纖維強化塑膠板、片及扁條,加拿大,出口總值(含復出口),4,27
2016-10,39219010,玻璃纖維強化塑膠板、片及扁條,北馬里亞納群島,出口總值(含復出口),3,803
2016-10,39219010,玻璃纖維強化塑膠板、片及扁條,瓜地馬拉,出口總值(含復出口),1,204
2016-10,39219010,玻璃纖維強化塑膠板、片及扁條,印度,出口總值(含復出口),7,879
2016-10,39219010,玻璃纖維強化塑膠板、片及扁條,宏都拉斯,出口總值(含復出口),1,266
2016-10,39219010,玻璃纖維強化塑膠板、片及扁條,南韓,出口總值(含復出口),250,47540
2016-10,39219010,玻璃纖維強化塑膠板、片及扁條,美國,出口總值(含復出口),171,27452
2016-10,39219010,玻璃纖維強化塑膠板、片及扁條,香港,出口總值(含復出口),7,1718
2016-10,39219010,玻璃纖維強化塑膠板、片及扁條,泰國,出口總值(含復出口),997,187714
2016-10,39219010,玻璃纖維強化塑膠板、片及扁條,馬來西亞,出口總值(含復出口),58,40303
2016-10,39219010,玻璃纖維強化塑膠板、片及扁條,荷蘭,出口總值(含復出口),53,8183
2016-10,39219010,玻璃纖維強化塑膠板、片及扁條,菲律賓,出口總值(含復出口),10,1196
2016-10,39219010,玻璃纖維強化塑膠板、片及扁條,越南,出口總值(含復出口),178,25221
2016-10,39219010,玻璃纖維強化塑膠板、片及扁條,新加坡,出口總值(含復出口),59,13208
2016-10,39219010,玻璃纖維強化塑膠板、片及扁條,義大利,出口總值(含復出口),7,536
2016-10,39219010,玻璃纖維強化塑膠板、片及扁條,德國,出口總值(含復出口),98,11786
2016-10,39219010,玻璃纖維強化塑膠板、片及扁條,墨西哥,出口總值(含復出口),1,776
2016-10,39219010,玻璃纖維強化塑膠板、片及扁條,關島,出口總值(含復出口),17,6375
2016-11,39095000,聚胺基甲酸乙酯，初級狀態,中國大陸,進口總值(含復進口),4181,1219971
2016-11,39095000,聚胺基甲酸乙酯，初級狀態,中華民國,進口總值(含復進口),125,42300
2016-11,39095000,聚胺基甲酸乙酯，初級狀態,日本,進口總值(含復進口),1324,178744
2016-11,39095000,聚胺基甲酸乙酯，初級狀態,比利時,進口總值(含復進口),32,6017
2016-11,39095000,聚胺基甲酸乙酯，初級狀態,印度,進口總值(含復進口),119,31275
2016-11,39095000,聚胺基甲酸乙酯，初級狀態,西班牙,進口總值(含復進口),96,15900
2016-11,39095000,聚胺基甲酸乙酯，初級狀態,法國,進口總值(含復進口),65,10520
2016-11,39095000,聚胺基甲酸乙酯，初級狀態,南韓,進口總值(含復進口),137,53120
2016-11,39095000,聚胺基甲酸乙酯，初級狀態,美國,進口總值(含復進口),1331,151628
2016-11,39095000,聚胺基甲酸乙酯，初級狀態,英國,進口總值(含復進口),1,40
2016-11,39095000,聚胺基甲酸乙酯，初級狀態,馬來西亞,進口總值(含復進口),100,23102
2016-11,39095000,聚胺基甲酸乙酯，初級狀態,荷蘭,進口總值(含復進口),21,3390
2016-11,39095000,聚胺基甲酸乙酯，初級狀態,奧地利,進口總值(含復進口),26,1920
2016-11,39095000,聚胺基甲酸乙酯，初級狀態,新加坡,進口總值(含復進口),89,23685
2016-11,39095000,聚胺基甲酸乙酯，初級狀態,義大利,進口總值(含復進口),47,7281
2016-11,39095000,聚胺基甲酸乙酯，初級狀態,德國,進口總值(含復進口),1738,292715
2016-11,39095000,聚胺基甲酸乙酯，初級狀態,墨西哥,進口總值(含復進口),2,218
2016-11,39095000,聚胺基甲酸乙酯，初級狀態,澳大利亞,進口總值(含復進口),36,6610
2016-11,39095000,聚胺基甲酸乙酯，初級狀態,土耳其,出口總值(含復出口),77,30000
2016-11,39095000,聚胺基甲酸乙酯，初級狀態,中國大陸,出口總值(含復出口),12334,4076624
2016-11,39095000,聚胺基甲酸乙酯，初級狀態,厄瓜多,出口總值(含復出口),18,3200
2016-11,39095000,聚胺基甲酸乙酯，初級狀態,巴西,出口總值(含復出口),308,101100
2016-11,39095000,聚胺基甲酸乙酯，初級狀態,日本,出口總值(含復出口),538,156086
2016-11,39095000,聚胺基甲酸乙酯，初級狀態,比利時,出口總值(含復出口),99,35350
2016-11,39095000,聚胺基甲酸乙酯，初級狀態,卡達,出口總值(含復出口),22,4555
2016-11,39095000,聚胺基甲酸乙酯，初級狀態,伊朗,出口總值(含復出口),534,168000
2016-11,39095000,聚胺基甲酸乙酯，初級狀態,印尼,出口總值(含復出口),1163,435304
2016-11,39095000,聚胺基甲酸乙酯，初級狀態,印度,出口總值(含復出口),792,253132
2016-11,39095000,聚胺基甲酸乙酯，初級狀態,西班牙,出口總值(含復出口),330,180000
2016-11,39095000,聚胺基甲酸乙酯，初級狀態,孟加拉,出口總值(含復出口),121,50758
2016-11,39095000,聚胺基甲酸乙酯，初級狀態,法國,出口總值(含復出口),61,16413
2016-11,39095000,聚胺基甲酸乙酯，初級狀態,俄羅斯,出口總值(含復出口),32,13680
2016-11,39095000,聚胺基甲酸乙酯，初級狀態,南韓,出口總值(含復出口),1111,304625
2016-11,39095000,聚胺基甲酸乙酯，初級狀態,柬埔寨,出口總值(含復出口),24,6405
2016-11,39095000,聚胺基甲酸乙酯，初級狀態,美國,出口總值(含復出口),152,39200
2016-11,39095000,聚胺基甲酸乙酯，初級狀態,香港,出口總值(含復出口),689,281900
2016-11,39095000,聚胺基甲酸乙酯，初級狀態,泰國,出口總值(含復出口),514,210603
2016-11,39095000,聚胺基甲酸乙酯，初級狀態,烏拉圭,出口總值(含復出口),26,15000
2016-11,39095000,聚胺基甲酸乙酯，初級狀態,秘魯,出口總值(含復出口),1,200
2016-11,39095000,聚胺基甲酸乙酯，初級狀態,紐西蘭,出口總值(含復出口),14,2280
2016-11,39095000,聚胺基甲酸乙酯，初級狀態,馬來西亞,出口總值(含復出口),441,201078
2016-11,39095000,聚胺基甲酸乙酯，初級狀態,荷蘭,出口總值(含復出口),3,800
2016-11,39095000,聚胺基甲酸乙酯，初級狀態,斯里蘭卡,出口總值(含復出口),4,600
2016-11,39095000,聚胺基甲酸乙酯，初級狀態,智利,出口總值(含復出口),25,6000
2016-11,39095000,聚胺基甲酸乙酯，初級狀態,菲律賓,出口總值(含復出口),100,32500
2016-11,39095000,聚胺基甲酸乙酯，初級狀態,越南,出口總值(含復出口),6490,2138266
2016-11,39095000,聚胺基甲酸乙酯，初級狀態,新加坡,出口總值(含復出口),78,27759
2016-11,39095000,聚胺基甲酸乙酯，初級狀態,瑞典,出口總值(含復出口),13,4000
2016-11,39095000,聚胺基甲酸乙酯，初級狀態,義大利,出口總值(含復出口),163,75000
2016-11,39095000,聚胺基甲酸乙酯，初級狀態,德國,出口總值(含復出口),7,2000
2016-11,39095000,聚胺基甲酸乙酯，初級狀態,墨西哥,出口總值(含復出口),8,3600
2016-11,39095000,聚胺基甲酸乙酯，初級狀態,澳大利亞,出口總值(含復出口),69,22612
2016-11,39095000,聚胺基甲酸乙酯，初級狀態,澳門,出口總值(含復出口),2,910
2016-11,39100010,矽油,中國大陸,進口總值(含復進口),607,242508
2016-11,39100010,矽油,日本,進口總值(含復進口),1202,350172
2016-11,39100010,矽油,比利時,進口總值(含復進口),4,680
2016-11,39100010,矽油,加拿大,進口總值(含復進口),13,1400
2016-11,39100010,矽油,法國,進口總值(含復進口),122,51960
2016-11,39100010,矽油,南韓,進口總值(含復進口),329,135849
2016-11,39100010,矽油,美國,進口總值(含復進口),693,52555
2016-11,39100010,矽油,英國,進口總值(含復進口),107,47644
2016-11,39100010,矽油,馬來西亞,進口總值(含復進口),86,38400
2016-11,39100010,矽油,義大利,進口總值(含復進口),15,2000
2016-11,39100010,矽油,德國,進口總值(含復進口),260,23036
2016-11,39100010,矽油,中國大陸,出口總值(含復出口),1035,230158
2016-11,39100010,矽油,印尼,出口總值(含復出口),12,960
2016-11,39100010,矽油,孟加拉,出口總值(含復出口),57,60420
2016-11,39100010,矽油,美國,出口總值(含復出口),3,1372
2016-11,39100010,矽油,香港,出口總值(含復出口),12,4080
2016-11,39100010,矽油,泰國,出口總值(含復出口),14,2256
2016-11,39100010,矽油,馬來西亞,出口總值(含復出口),30,5510
2016-11,39100010,矽油,越南,出口總值(含復出口),25,8365
2016-11,39111010,石油樹脂,中國大陸,進口總值(含復進口),1767,1045400
2016-11,39111010,石油樹脂,日本,進口總值(含復進口),883,317895
2016-11,39111010,石油樹脂,印尼,進口總值(含復進口),29,18000
2016-11,39111010,石油樹脂,法國,進口總值(含復進口),53,20250
2016-11,39111010,石油樹脂,南韓,進口總值(含復進口),162,73800
2016-11,39111010,石油樹脂,美國,進口總值(含復進口),99,55153
2016-11,39111010,石油樹脂,泰國,進口總值(含復進口),317,173000
2016-11,39111010,石油樹脂,土耳其,出口總值(含復出口),122,114000
2016-11,39111010,石油樹脂,中國大陸,出口總值(含復出口),4156,2094186
2016-11,39111010,石油樹脂,厄瓜多,出口總值(含復出口),21,15000
2016-11,39111010,石油樹脂,巴西,出口總值(含復出口),183,104000
2016-11,39111010,石油樹脂,日本,出口總值(含復出口),588,374500
2016-11,39111010,石油樹脂,加拿大,出口總值(含復出口),66,64000
2016-11,39111010,石油樹脂,伊朗,出口總值(含復出口),112,103000
2016-11,39111010,石油樹脂,印尼,出口總值(含復出口),384,278000
2016-11,39111010,石油樹脂,印度,出口總值(含復出口),295,268695
2016-11,39111010,石油樹脂,西班牙,出口總值(含復出口),69,28000
2016-11,39111010,石油樹脂,孟加拉,出口總值(含復出口),83,101000
2016-11,39111010,石油樹脂,法國,出口總值(含復出口),127,124000
2016-11,39111010,石油樹脂,阿根廷,出口總值(含復出口),21,14000
2016-11,39111010,石油樹脂,俄羅斯,出口總值(含復出口),67,48000
2016-11,39111010,石油樹脂,南韓,出口總值(含復出口),190,153000
2016-11,39111010,石油樹脂,美國,出口總值(含復出口),418,300200
2016-11,39111010,石油樹脂,英國,出口總值(含復出口),172,149000
2016-11,39111010,石油樹脂,香港,出口總值(含復出口),87,23100
2016-11,39111010,石油樹脂,泰國,出口總值(含復出口),362,284000
2016-11,39111010,石油樹脂,馬來西亞,出口總值(含復出口),445,339000
2016-11,39111010,石油樹脂,荷蘭,出口總值(含復出口),352,425000
2016-11,39111010,石油樹脂,斯里蘭卡,出口總值(含復出口),18,19000
2016-11,39111010,石油樹脂,菲律賓,出口總值(含復出口),19,18000
2016-11,39111010,石油樹脂,越南,出口總值(含復出口),627,360070
2016-11,39111010,石油樹脂,新加坡,出口總值(含復出口),31,32000
2016-11,39111010,石油樹脂,瑞典,出口總值(含復出口),41,50000
2016-11,39111010,石油樹脂,義大利,出口總值(含復出口),17,16000
2016-11,39111010,石油樹脂,緬甸,出口總值(含復出口),114,95500
2016-11,39111010,石油樹脂,澳大利亞,出口總值(含復出口),284,177625
2016-11,39219010,玻璃纖維強化塑膠板、片及扁條,中國大陸,進口總值(含復進口),274,31279
2016-11,39219010,玻璃纖維強化塑膠板、片及扁條,日本,進口總值(含復進口),937,56313
2016-11,39219010,玻璃纖維強化塑膠板、片及扁條,法國,進口總值(含復進口),44,2468
2016-11,39219010,玻璃纖維強化塑膠板、片及扁條,南韓,進口總值(含復進口),317,59906
2016-11,39219010,玻璃纖維強化塑膠板、片及扁條,美國,進口總值(含復進口),74,5946
2016-11,39219010,玻璃纖維強化塑膠板、片及扁條,香港,進口總值(含復進口),81,5389
2016-11,39219010,玻璃纖維強化塑膠板、片及扁條,泰國,進口總值(含復進口),376,20899
2016-11,39219010,玻璃纖維強化塑膠板、片及扁條,德國,進口總值(含復進口),9,506
2016-11,39219010,玻璃纖維強化塑膠板、片及扁條,墨西哥,進口總值(含復進口),19,285
2016-11,39219010,玻璃纖維強化塑膠板、片及扁條,中國大陸,出口總值(含復出口),524,44007
2016-11,39219010,玻璃纖維強化塑膠板、片及扁條,巴西,出口總值(含復出口),94,15572
2016-11,39219010,玻璃纖維強化塑膠板、片及扁條,日本,出口總值(含復出口),272,38544
2016-11,39219010,玻璃纖維強化塑膠板、片及扁條,瓜地馬拉,出口總值(含復出口),0,246
2016-11,39219010,玻璃纖維強化塑膠板、片及扁條,印尼,出口總值(含復出口),1,54
2016-11,39219010,玻璃纖維強化塑膠板、片及扁條,印度,出口總值(含復出口),52,11781
2016-11,39219010,玻璃纖維強化塑膠板、片及扁條,孟加拉,出口總值(含復出口),4,810
2016-11,39219010,玻璃纖維強化塑膠板、片及扁條,南韓,出口總值(含復出口),165,31867
2016-11,39219010,玻璃纖維強化塑膠板、片及扁條,約旦,出口總值(含復出口),0,4
2016-11,39219010,玻璃纖維強化塑膠板、片及扁條,美國,出口總值(含復出口),118,9367
2016-11,39219010,玻璃纖維強化塑膠板、片及扁條,香港,出口總值(含復出口),38,2166
2016-11,39219010,玻璃纖維強化塑膠板、片及扁條,泰國,出口總值(含復出口),914,156647
2016-11,39219010,玻璃纖維強化塑膠板、片及扁條,馬來西亞,出口總值(含復出口),106,78524
2016-11,39219010,玻璃纖維強化塑膠板、片及扁條,捷克,出口總值(含復出口),1,43
2016-11,39219010,玻璃纖維強化塑膠板、片及扁條,荷蘭,出口總值(含復出口),8,1227
2016-11,39219010,玻璃纖維強化塑膠板、片及扁條,斯里蘭卡,出口總值(含復出口),4,200
2016-11,39219010,玻璃纖維強化塑膠板、片及扁條,菲律賓,出口總值(含復出口),9,1381
2016-11,39219010,玻璃纖維強化塑膠板、片及扁條,越南,出口總值(含復出口),139,17528
2016-11,39219010,玻璃纖維強化塑膠板、片及扁條,新加坡,出口總值(含復出口),55,11843
2016-11,39219010,玻璃纖維強化塑膠板、片及扁條,義大利,出口總值(含復出口),82,13437
2016-11,39219010,玻璃纖維強化塑膠板、片及扁條,德國,出口總值(含復出口),224,33780
2016-11,39219010,玻璃纖維強化塑膠板、片及扁條,澳大利亞,出口總值(含復出口),0,18
2016-11,39219010,玻璃纖維強化塑膠板、片及扁條,薩爾瓦多,出口總值(含復出口),0,20
2016-12,39095000,聚胺基甲酸乙酯，初級狀態,中國大陸,進口總值(含復進口),2441,746893
2016-12,39095000,聚胺基甲酸乙酯，初級狀態,中華民國,進口總值(含復進口),127,37000
2016-12,39095000,聚胺基甲酸乙酯，初級狀態,巴西,進口總值(含復進口),4,1200
2016-12,39095000,聚胺基甲酸乙酯，初級狀態,日本,進口總值(含復進口),1235,192242
2016-12,39095000,聚胺基甲酸乙酯，初級狀態,比利時,進口總值(含復進口),77,13620
2016-12,39095000,聚胺基甲酸乙酯，初級狀態,加拿大,進口總值(含復進口),22,1040
2016-12,39095000,聚胺基甲酸乙酯，初級狀態,印度,進口總值(含復進口),127,37400
2016-12,39095000,聚胺基甲酸乙酯，初級狀態,西班牙,進口總值(含復進口),114,18690
2016-12,39095000,聚胺基甲酸乙酯，初級狀態,希臘,進口總值(含復進口),34,15680
2016-12,39095000,聚胺基甲酸乙酯，初級狀態,法國,進口總值(含復進口),74,16580
2016-12,39095000,聚胺基甲酸乙酯，初級狀態,南韓,進口總值(含復進口),24,6861
2016-12,39095000,聚胺基甲酸乙酯，初級狀態,美國,進口總值(含復進口),1881,252878
2016-12,39095000,聚胺基甲酸乙酯，初級狀態,英國,進口總值(含復進口),23,7400
2016-12,39095000,聚胺基甲酸乙酯，初級狀態,泰國,進口總值(含復進口),4,825
2016-12,39095000,聚胺基甲酸乙酯，初級狀態,馬來西亞,進口總值(含復進口),106,35368
2016-12,39095000,聚胺基甲酸乙酯，初級狀態,荷蘭,進口總值(含復進口),15,2568
2016-12,39095000,聚胺基甲酸乙酯，初級狀態,新加坡,進口總值(含復進口),43,9678
2016-12,39095000,聚胺基甲酸乙酯，初級狀態,瑞士,進口總值(含復進口),8,1200
2016-12,39095000,聚胺基甲酸乙酯，初級狀態,義大利,進口總值(含復進口),25,5446
2016-12,39095000,聚胺基甲酸乙酯，初級狀態,德國,進口總值(含復進口),1123,180758
2016-12,39095000,聚胺基甲酸乙酯，初級狀態,澳大利亞,進口總值(含復進口),43,9701
2016-12,39095000,聚胺基甲酸乙酯，初級狀態,土耳其,出口總值(含復出口),66,27960
2016-12,39095000,聚胺基甲酸乙酯，初級狀態,中國大陸,出口總值(含復出口),12725,4158864
2016-12,39095000,聚胺基甲酸乙酯，初級狀態,巴西,出口總值(含復出口),839,280060
2016-12,39095000,聚胺基甲酸乙酯，初級狀態,巴林,出口總值(含復出口),9,2880
2016-12,39095000,聚胺基甲酸乙酯，初級狀態,巴基斯坦,出口總值(含復出口),111,47051
2016-12,39095000,聚胺基甲酸乙酯，初級狀態,日本,出口總值(含復出口),414,123985
2016-12,39095000,聚胺基甲酸乙酯，初級狀態,比利時,出口總值(含復出口),69,22600
2016-12,39095000,聚胺基甲酸乙酯，初級狀態,加拿大,出口總值(含復出口),55,16000
2016-12,39095000,聚胺基甲酸乙酯，初級狀態,卡達,出口總值(含復出口),28,6650
2016-12,39095000,聚胺基甲酸乙酯，初級狀態,伊朗,出口總值(含復出口),301,94500
2016-12,39095000,聚胺基甲酸乙酯，初級狀態,印尼,出口總值(含復出口),926,368220
2016-12,39095000,聚胺基甲酸乙酯，初級狀態,印度,出口總值(含復出口),482,152202
2016-12,39095000,聚胺基甲酸乙酯，初級狀態,西班牙,出口總值(含復出口),118,75000
2016-12,39095000,聚胺基甲酸乙酯，初級狀態,孟加拉,出口總值(含復出口),102,40380
2016-12,39095000,聚胺基甲酸乙酯，初級狀態,波蘭,出口總值(含復出口),17,5000
2016-12,39095000,聚胺基甲酸乙酯，初級狀態,法國,出口總值(含復出口),5,1112
2016-12,39095000,聚胺基甲酸乙酯，初級狀態,芬蘭,出口總值(含復出口),16,5000
2016-12,39095000,聚胺基甲酸乙酯，初級狀態,俄羅斯,出口總值(含復出口),34,14400
2016-12,39095000,聚胺基甲酸乙酯，初級狀態,南韓,出口總值(含復出口),1993,541670
2016-12,39095000,聚胺基甲酸乙酯，初級狀態,柬埔寨,出口總值(含復出口),8,2144
2016-12,39095000,聚胺基甲酸乙酯，初級狀態,美國,出口總值(含復出口),69,18200
2016-12,39095000,聚胺基甲酸乙酯，初級狀態,香港,出口總值(含復出口),694,348830
2016-12,39095000,聚胺基甲酸乙酯，初級狀態,哥倫比亞,出口總值(含復出口),11,3600
2016-12,39095000,聚胺基甲酸乙酯，初級狀態,泰國,出口總值(含復出口),803,321818
2016-12,39095000,聚胺基甲酸乙酯，初級狀態,秘魯,出口總值(含復出口),61,18330
2016-12,39095000,聚胺基甲酸乙酯，初級狀態,紐西蘭,出口總值(含復出口),3,360
2016-12,39095000,聚胺基甲酸乙酯，初級狀態,馬來西亞,出口總值(含復出口),441,177458
2016-12,39095000,聚胺基甲酸乙酯，初級狀態,荷蘭,出口總值(含復出口),88,20600
2016-12,39095000,聚胺基甲酸乙酯，初級狀態,菲律賓,出口總值(含復出口),59,29830
2016-12,39095000,聚胺基甲酸乙酯，初級狀態,越南,出口總值(含復出口),6026,1861504
2016-12,39095000,聚胺基甲酸乙酯，初級狀態,新加坡,出口總值(含復出口),87,31615
2016-12,39095000,聚胺基甲酸乙酯，初級狀態,瑞典,出口總值(含復出口),7,2100
2016-12,39095000,聚胺基甲酸乙酯，初級狀態,義大利,出口總值(含復出口),211,91063
2016-12,39095000,聚胺基甲酸乙酯，初級狀態,德國,出口總值(含復出口),29,9450
2016-12,39095000,聚胺基甲酸乙酯，初級狀態,摩洛哥,出口總值(含復出口),47,15000
2016-12,39095000,聚胺基甲酸乙酯，初級狀態,墨西哥,出口總值(含復出口),185,68300
2016-12,39095000,聚胺基甲酸乙酯，初級狀態,澳大利亞,出口總值(含復出口),12,1580
2016-12,39100010,矽油,中國大陸,進口總值(含復進口),263,58927
2016-12,39100010,矽油,日本,進口總值(含復進口),1218,366440
2016-12,39100010,矽油,比利時,進口總值(含復進口),1,100
2016-12,39100010,矽油,西班牙,進口總值(含復進口),43,16000
2016-12,39100010,矽油,法國,進口總值(含復進口),146,63200
2016-12,39100010,矽油,南韓,進口總值(含復進口),250,122597
2016-12,39100010,矽油,美國,進口總值(含復進口),550,133009
2016-12,39100010,矽油,英國,進口總值(含復進口),143,54098
2016-12,39100010,矽油,泰國,進口總值(含復進口),501,237530
2016-12,39100010,矽油,馬來西亞,進口總值(含復進口),34,16000
2016-12,39100010,矽油,德國,進口總值(含復進口),377,25030
2016-12,39100010,矽油,中國大陸,出口總值(含復出口),844,213461
2016-12,39100010,矽油,印尼,出口總值(含復出口),8,3670
2016-12,39100010,矽油,孟加拉,出口總值(含復出口),49,44920
2016-12,39100010,矽油,南非,出口總值(含復出口),9,1250
2016-12,39100010,矽油,柬埔寨,出口總值(含復出口),0,30
2016-12,39100010,矽油,美國,出口總值(含復出口),0,12
2016-12,39100010,矽油,香港,出口總值(含復出口),22,5384
2016-12,39100010,矽油,泰國,出口總值(含復出口),2,240
2016-12,39100010,矽油,菲律賓,出口總值(含復出口),1,183
2016-12,39100010,矽油,越南,出口總值(含復出口),58,7306
2016-12,39100010,矽油,德國,出口總值(含復出口),0,0
2016-12,39111010,石油樹脂,中國大陸,進口總值(含復進口),1063,641250
2016-12,39111010,石油樹脂,中華民國,進口總值(含復進口),0,800
2016-12,39111010,石油樹脂,日本,進口總值(含復進口),1293,621230
2016-12,39111010,石油樹脂,印尼,進口總值(含復進口),29,18000
2016-12,39111010,石油樹脂,法國,進口總值(含復進口),419,160250
2016-12,39111010,石油樹脂,南韓,進口總值(含復進口),164,61400
2016-12,39111010,石油樹脂,美國,進口總值(含復進口),280,87505
2016-12,39111010,石油樹脂,泰國,進口總值(含復進口),224,89500
2016-12,39111010,石油樹脂,德國,進口總值(含復進口),13,5000
2016-12,39111010,石油樹脂,土耳其,出口總值(含復出口),44,35000
2016-12,39111010,石油樹脂,中國大陸,出口總值(含復出口),4825,2408952
2016-12,39111010,石油樹脂,巴西,出口總值(含復出口),154,115000
2016-12,39111010,石油樹脂,巴基斯坦,出口總值(含復出口),6,7000
2016-12,39111010,石油樹脂,日本,出口總值(含復出口),595,419475
2016-12,39111010,石油樹脂,加拿大,出口總值(含復出口),206,188000
2016-12,39111010,石油樹脂,伊朗,出口總值(含復出口),93,95000
2016-12,39111010,石油樹脂,印尼,出口總值(含復出口),310,208600
2016-12,39111010,石油樹脂,印度,出口總值(含復出口),455,454450
2016-12,39111010,石油樹脂,西班牙,出口總值(含復出口),132,104000
2016-12,39111010,石油樹脂,沙烏地阿拉伯,出口總值(含復出口),47,32000
2016-12,39111010,石油樹脂,波蘭,出口總值(含復出口),212,106000
2016-12,39111010,石油樹脂,法國,出口總值(含復出口),19,16000
2016-12,39111010,石油樹脂,俄羅斯,出口總值(含復出口),44,32000
2016-12,39111010,石油樹脂,南非,出口總值(含復出口),157,159000
2016-12,39111010,石油樹脂,南韓,出口總值(含復出口),117,95000
2016-12,39111010,石油樹脂,美國,出口總值(含復出口),745,565200
2016-12,39111010,石油樹脂,英國,出口總值(含復出口),115,114000
2016-12,39111010,石油樹脂,香港,出口總值(含復出口),6,2600
2016-12,39111010,石油樹脂,泰國,出口總值(含復出口),201,153000
2016-12,39111010,石油樹脂,秘魯,出口總值(含復出口),35,32000
2016-12,39111010,石油樹脂,馬來西亞,出口總值(含復出口),332,235000
2016-12,39111010,石油樹脂,荷蘭,出口總值(含復出口),166,200000
2016-12,39111010,石油樹脂,斯里蘭卡,出口總值(含復出口),10,6000
2016-12,39111010,石油樹脂,菲律賓,出口總值(含復出口),24,19000
2016-12,39111010,石油樹脂,越南,出口總值(含復出口),583,301560
2016-12,39111010,石油樹脂,新加坡,出口總值(含復出口),16,16000
2016-12,39111010,石油樹脂,瑞典,出口總值(含復出口),21,25000
2016-12,39111010,石油樹脂,義大利,出口總值(含復出口),57,36375
2016-12,39111010,石油樹脂,德國,出口總值(含復出口),62,55000
2016-12,39111010,石油樹脂,澳大利亞,出口總值(含復出口),176,120000
2016-12,39219010,玻璃纖維強化塑膠板、片及扁條,土耳其,進口總值(含復進口),0,2
2016-12,39219010,玻璃纖維強化塑膠板、片及扁條,中國大陸,進口總值(含復進口),187,9895
2016-12,39219010,玻璃纖維強化塑膠板、片及扁條,日本,進口總值(含復進口),867,6375
2016-12,39219010,玻璃纖維強化塑膠板、片及扁條,南韓,進口總值(含復進口),540,47462
2016-12,39219010,玻璃纖維強化塑膠板、片及扁條,美國,進口總值(含復進口),39,4085
2016-12,39219010,玻璃纖維強化塑膠板、片及扁條,香港,進口總值(含復進口),13,154
2016-12,39219010,玻璃纖維強化塑膠板、片及扁條,泰國,進口總值(含復進口),237,16835
2016-12,39219010,玻璃纖維強化塑膠板、片及扁條,奧地利,進口總值(含復進口),1,35
2016-12,39219010,玻璃纖維強化塑膠板、片及扁條,德國,進口總值(含復進口),34,3957
2016-12,39219010,玻璃纖維強化塑膠板、片及扁條,土耳其,出口總值(含復出口),2,180
2016-12,39219010,玻璃纖維強化塑膠板、片及扁條,中國大陸,出口總值(含復出口),361,19142
2016-12,39219010,玻璃纖維強化塑膠板、片及扁條,巴西,出口總值(含復出口),3,480
2016-12,39219010,玻璃纖維強化塑膠板、片及扁條,巴拿馬,出口總值(含復出口),101,16996
2016-12,39219010,玻璃纖維強化塑膠板、片及扁條,日本,出口總值(含復出口),168,26482
2016-12,39219010,玻璃纖維強化塑膠板、片及扁條,印尼,出口總值(含復出口),5,861
2016-12,39219010,玻璃纖維強化塑膠板、片及扁條,印度,出口總值(含復出口),6,1926
2016-12,39219010,玻璃纖維強化塑膠板、片及扁條,南韓,出口總值(含復出口),167,28014
2016-12,39219010,玻璃纖維強化塑膠板、片及扁條,美國,出口總值(含復出口),206,36742
2016-12,39219010,玻璃纖維強化塑膠板、片及扁條,香港,出口總值(含復出口),15,3512
2016-12,39219010,玻璃纖維強化塑膠板、片及扁條,哥斯大黎加,出口總值(含復出口),0,318
2016-12,39219010,玻璃纖維強化塑膠板、片及扁條,泰國,出口總值(含復出口),914,140006
2016-12,39219010,玻璃纖維強化塑膠板、片及扁條,馬來西亞,出口總值(含復出口),89,46405
2016-12,39219010,玻璃纖維強化塑膠板、片及扁條,斯里蘭卡,出口總值(含復出口),12,600
2016-12,39219010,玻璃纖維強化塑膠板、片及扁條,菲律賓,出口總值(含復出口),9,1193
2016-12,39219010,玻璃纖維強化塑膠板、片及扁條,越南,出口總值(含復出口),152,22576
2016-12,39219010,玻璃纖維強化塑膠板、片及扁條,新加坡,出口總值(含復出口),40,9131
2016-12,39219010,玻璃纖維強化塑膠板、片及扁條,瑞士,出口總值(含復出口),1,8
2016-12,39219010,玻璃纖維強化塑膠板、片及扁條,義大利,出口總值(含復出口),34,3746
2016-12,39219010,玻璃纖維強化塑膠板、片及扁條,聖克里斯多福,出口總值(含復出口),0,1
2016-12,39219010,玻璃纖維強化塑膠板、片及扁條,德國,出口總值(含復出口),207,34590
2016-12,39219010,玻璃纖維強化塑膠板、片及扁條,澳大利亞,出口總值(含復出口),1,19
2016-12,39219010,玻璃纖維強化塑膠板、片及扁條,關島,出口總值(含復出口),3,1063
2016-1,39239090,其他供輸送或包裝貨物之塑膠製品,中國大陸,進口總值(含復進口),5082,1122363
2016-1,39239090,其他供輸送或包裝貨物之塑膠製品,中華民國,進口總值(含復進口),783,298927
2016-1,39239090,其他供輸送或包裝貨物之塑膠製品,日本,進口總值(含復進口),1691,213126
2016-1,39239090,其他供輸送或包裝貨物之塑膠製品,比利時,進口總值(含復進口),2,755
2016-1,39239090,其他供輸送或包裝貨物之塑膠製品,以色列,進口總值(含復進口),25,4659
2016-1,39239090,其他供輸送或包裝貨物之塑膠製品,加拿大,進口總值(含復進口),8,1785
2016-1,39239090,其他供輸送或包裝貨物之塑膠製品,印尼,進口總值(含復進口),0,9
2016-1,39239090,其他供輸送或包裝貨物之塑膠製品,拉脫維亞,進口總值(含復進口),1,50
2016-1,39239090,其他供輸送或包裝貨物之塑膠製品,南韓,進口總值(含復進口),1133,241439
2016-1,39239090,其他供輸送或包裝貨物之塑膠製品,美國,進口總值(含復進口),606,79585
2016-1,39239090,其他供輸送或包裝貨物之塑膠製品,英國,進口總值(含復進口),118,3165
2016-1,39239090,其他供輸送或包裝貨物之塑膠製品,香港,進口總值(含復進口),4,26
2016-1,39239090,其他供輸送或包裝貨物之塑膠製品,泰國,進口總值(含復進口),98,19371
2016-1,39239090,其他供輸送或包裝貨物之塑膠製品,馬來西亞,進口總值(含復進口),611,110923
2016-1,39239090,其他供輸送或包裝貨物之塑膠製品,捷克,進口總值(含復進口),3,2160
2016-1,39239090,其他供輸送或包裝貨物之塑膠製品,荷蘭,進口總值(含復進口),13,242
2016-1,39239090,其他供輸送或包裝貨物之塑膠製品,菲律賓,進口總值(含復進口),200,48393
2016-1,39239090,其他供輸送或包裝貨物之塑膠製品,越南,進口總值(含復進口),4,783
2016-1,39239090,其他供輸送或包裝貨物之塑膠製品,新加坡,進口總值(含復進口),53,14834
2016-1,39239090,其他供輸送或包裝貨物之塑膠製品,瑞士,進口總值(含復進口),13,1923
2016-1,39239090,其他供輸送或包裝貨物之塑膠製品,義大利,進口總值(含復進口),0,0
2016-1,39239090,其他供輸送或包裝貨物之塑膠製品,德國,進口總值(含復進口),229,5809
2016-1,39239090,其他供輸送或包裝貨物之塑膠製品,澳大利亞,進口總值(含復進口),0,1
2016-1,39239090,其他供輸送或包裝貨物之塑膠製品,土耳其,出口總值(含復出口),39,4517
2016-1,39239090,其他供輸送或包裝貨物之塑膠製品,中國大陸,出口總值(含復出口),2067,344655
2016-1,39239090,其他供輸送或包裝貨物之塑膠製品,丹麥,出口總值(含復出口),5,840
2016-1,39239090,其他供輸送或包裝貨物之塑膠製品,巴西,出口總值(含復出口),42,6629
2016-1,39239090,其他供輸送或包裝貨物之塑膠製品,巴拿馬,出口總值(含復出口),8,1706
2016-1,39239090,其他供輸送或包裝貨物之塑膠製品,日本,出口總值(含復出口),954,108410
2016-1,39239090,其他供輸送或包裝貨物之塑膠製品,比利時,出口總值(含復出口),71,4464
2016-1,39239090,其他供輸送或包裝貨物之塑膠製品,以色列,出口總值(含復出口),18,1478
2016-1,39239090,其他供輸送或包裝貨物之塑膠製品,加拿大,出口總值(含復出口),1,338
2016-1,39239090,其他供輸送或包裝貨物之塑膠製品,瓜地馬拉,出口總值(含復出口),10,10000
2016-1,39239090,其他供輸送或包裝貨物之塑膠製品,立陶宛,出口總值(含復出口),0,7
2016-1,39239090,其他供輸送或包裝貨物之塑膠製品,印尼,出口總值(含復出口),46,5151
2016-1,39239090,其他供輸送或包裝貨物之塑膠製品,印度,出口總值(含復出口),6,4130
2016-1,39239090,其他供輸送或包裝貨物之塑膠製品,西班牙,出口總值(含復出口),4,350
2016-1,39239090,其他供輸送或包裝貨物之塑膠製品,其他國家,出口總值(含復出口),2,761
2016-1,39239090,其他供輸送或包裝貨物之塑膠製品,奈及利亞,出口總值(含復出口),3,1050
2016-1,39239090,其他供輸送或包裝貨物之塑膠製品,孟加拉,出口總值(含復出口),26,17013
2016-1,39239090,其他供輸送或包裝貨物之塑膠製品,波多黎各,出口總值(含復出口),15,4240
2016-1,39239090,其他供輸送或包裝貨物之塑膠製品,波蘭,出口總值(含復出口),0,5
2016-1,39239090,其他供輸送或包裝貨物之塑膠製品,法國,出口總值(含復出口),95,8264
2016-1,39239090,其他供輸送或包裝貨物之塑膠製品,法屬玻里尼西亞,出口總值(含復出口),3,1091
2016-1,39239090,其他供輸送或包裝貨物之塑膠製品,阿拉伯聯合大公國,出口總值(含復出口),20,13018
2016-1,39239090,其他供輸送或包裝貨物之塑膠製品,阿曼,出口總值(含復出口),10,633
2016-1,39239090,其他供輸送或包裝貨物之塑膠製品,南非,出口總值(含復出口),15,411
2016-1,39239090,其他供輸送或包裝貨物之塑膠製品,南韓,出口總值(含復出口),225,119141
2016-1,39239090,其他供輸送或包裝貨物之塑膠製品,柬埔寨,出口總值(含復出口),11,3569
2016-1,39239090,其他供輸送或包裝貨物之塑膠製品,美國,出口總值(含復出口),777,222968
2016-1,39239090,其他供輸送或包裝貨物之塑膠製品,英國,出口總值(含復出口),48,5932
2016-1,39239090,其他供輸送或包裝貨物之塑膠製品,香港,出口總值(含復出口),422,231302
2016-1,39239090,其他供輸送或包裝貨物之塑膠製品,哥斯大黎加,出口總值(含復出口),15,5122
2016-1,39239090,其他供輸送或包裝貨物之塑膠製品,埃及,出口總值(含復出口),53,14000
2016-1,39239090,其他供輸送或包裝貨物之塑膠製品,泰國,出口總值(含復出口),67,9766
2016-1,39239090,其他供輸送或包裝貨物之塑膠製品,紐西蘭,出口總值(含復出口),35,5821
2016-1,39239090,其他供輸送或包裝貨物之塑膠製品,馬來西亞,出口總值(含復出口),145,34549
2016-1,39239090,其他供輸送或包裝貨物之塑膠製品,荷蘭,出口總值(含復出口),10,262
2016-1,39239090,其他供輸送或包裝貨物之塑膠製品,斯里蘭卡,出口總值(含復出口),14,10705
2016-1,39239090,其他供輸送或包裝貨物之塑膠製品,智利,出口總值(含復出口),3,731
2016-1,39239090,其他供輸送或包裝貨物之塑膠製品,菲律賓,出口總值(含復出口),55,13551
2016-1,39239090,其他供輸送或包裝貨物之塑膠製品,越南,出口總值(含復出口),85,29416
2016-1,39239090,其他供輸送或包裝貨物之塑膠製品,新加坡,出口總值(含復出口),79,9875
2016-1,39239090,其他供輸送或包裝貨物之塑膠製品,瑞士,出口總值(含復出口),42,1198
2016-1,39239090,其他供輸送或包裝貨物之塑膠製品,瑞典,出口總值(含復出口),7,1674
2016-1,39239090,其他供輸送或包裝貨物之塑膠製品,義大利,出口總值(含復出口),85,7934
2016-1,39239090,其他供輸送或包裝貨物之塑膠製品,德國,出口總值(含復出口),76,15438
2016-1,39239090,其他供輸送或包裝貨物之塑膠製品,模里西斯,出口總值(含復出口),4,1873
2016-1,39239090,其他供輸送或包裝貨物之塑膠製品,緬甸,出口總值(含復出口),8,723
2016-1,39239090,其他供輸送或包裝貨物之塑膠製品,墨西哥,出口總值(含復出口),13,1069
2016-1,39239090,其他供輸送或包裝貨物之塑膠製品,澳大利亞,出口總值(含復出口),60,23243
2016-1,39239090,其他供輸送或包裝貨物之塑膠製品,關島,出口總值(含復出口),1,129
2016-1,39269012,電氣絕緣用塑膠製品,中國大陸,進口總值(含復進口),109,8858
2016-1,39269012,電氣絕緣用塑膠製品,日本,進口總值(含復進口),392,3910
2016-1,39269012,電氣絕緣用塑膠製品,法國,進口總值(含復進口),0,0
2016-1,39269012,電氣絕緣用塑膠製品,美國,進口總值(含復進口),4,94
2016-1,39269012,電氣絕緣用塑膠製品,捷克,進口總值(含復進口),0,6
2016-1,39269012,電氣絕緣用塑膠製品,越南,進口總值(含復進口),14,5188
2016-1,39269012,電氣絕緣用塑膠製品,瑞士,進口總值(含復進口),0,1
2016-1,39269012,電氣絕緣用塑膠製品,德國,進口總值(含復進口),2,2
2016-1,39269012,電氣絕緣用塑膠製品,墨西哥,進口總值(含復進口),1,6
2016-1,39269012,電氣絕緣用塑膠製品,澳大利亞,進口總值(含復進口),3,24
2016-1,39269012,電氣絕緣用塑膠製品,土耳其,出口總值(含復出口),13,4199
2016-1,39269012,電氣絕緣用塑膠製品,中國大陸,出口總值(含復出口),248,31999
2016-1,39269012,電氣絕緣用塑膠製品,比利時,出口總值(含復出口),7,1589
2016-1,39269012,電氣絕緣用塑膠製品,加拿大,出口總值(含復出口),397,107270
2016-1,39269012,電氣絕緣用塑膠製品,印尼,出口總值(含復出口),43,2060
2016-1,39269012,電氣絕緣用塑膠製品,印度,出口總值(含復出口),215,95135
2016-1,39269012,電氣絕緣用塑膠製品,多明尼加,出口總值(含復出口),4,800
2016-1,39269012,電氣絕緣用塑膠製品,希臘,出口總值(含復出口),24,8569
2016-1,39269012,電氣絕緣用塑膠製品,沙烏地阿拉伯,出口總值(含復出口),72,20582
2016-1,39269012,電氣絕緣用塑膠製品,孟加拉,出口總值(含復出口),54,24360
2016-1,39269012,電氣絕緣用塑膠製品,法國,出口總值(含復出口),15,3673
2016-1,39269012,電氣絕緣用塑膠製品,保加利亞,出口總值(含復出口),18,5267
2016-1,39269012,電氣絕緣用塑膠製品,南非,出口總值(含復出口),4,1080
2016-1,39269012,電氣絕緣用塑膠製品,南韓,出口總值(含復出口),127,43815
2016-1,39269012,電氣絕緣用塑膠製品,哈薩克,出口總值(含復出口),1,14
2016-1,39269012,電氣絕緣用塑膠製品,柬埔寨,出口總值(含復出口),6,77
2016-1,39269012,電氣絕緣用塑膠製品,約旦,出口總值(含復出口),66,22040
2016-1,39269012,電氣絕緣用塑膠製品,美國,出口總值(含復出口),126,25107
2016-1,39269012,電氣絕緣用塑膠製品,英國,出口總值(含復出口),58,17269
2016-1,39269012,電氣絕緣用塑膠製品,香港,出口總值(含復出口),37,1299
2016-1,39269012,電氣絕緣用塑膠製品,泰國,出口總值(含復出口),3,139
2016-1,39269012,電氣絕緣用塑膠製品,紐西蘭,出口總值(含復出口),4,960
2016-1,39269012,電氣絕緣用塑膠製品,馬來西亞,出口總值(含復出口),0,11
2016-1,39269012,電氣絕緣用塑膠製品,敘利亞,出口總值(含復出口),139,46550
2016-1,39269012,電氣絕緣用塑膠製品,荷蘭,出口總值(含復出口),32,8224
2016-1,39269012,電氣絕緣用塑膠製品,斐濟,出口總值(含復出口),8,3000
2016-1,39269012,電氣絕緣用塑膠製品,菲律賓,出口總值(含復出口),13,8201
2016-1,39269012,電氣絕緣用塑膠製品,越南,出口總值(含復出口),7,265
2016-1,39269012,電氣絕緣用塑膠製品,義大利,出口總值(含復出口),202,46314
2016-1,39269012,電氣絕緣用塑膠製品,德國,出口總值(含復出口),8,1296
2016-1,39269012,電氣絕緣用塑膠製品,模里西斯,出口總值(含復出口),10,2616
2016-1,39269012,電氣絕緣用塑膠製品,墨西哥,出口總值(含復出口),127,42051
2016-1,39269012,電氣絕緣用塑膠製品,澳大利亞,出口總值(含復出口),97,26779
2016-2,39239090,其他供輸送或包裝貨物之塑膠製品,中國大陸,進口總值(含復進口),2504,555375
2016-2,39239090,其他供輸送或包裝貨物之塑膠製品,中華民國,進口總值(含復進口),181,48424
2016-2,39239090,其他供輸送或包裝貨物之塑膠製品,日本,進口總值(含復進口),1288,140007
2016-2,39239090,其他供輸送或包裝貨物之塑膠製品,印度,進口總值(含復進口),2,925
2016-2,39239090,其他供輸送或包裝貨物之塑膠製品,拉脫維亞,進口總值(含復進口),1,50
2016-2,39239090,其他供輸送或包裝貨物之塑膠製品,法國,進口總值(含復進口),0,0
2016-2,39239090,其他供輸送或包裝貨物之塑膠製品,南韓,進口總值(含復進口),698,188628
2016-2,39239090,其他供輸送或包裝貨物之塑膠製品,美國,進口總值(含復進口),267,36206
2016-2,39239090,其他供輸送或包裝貨物之塑膠製品,英國,進口總值(含復進口),0,1
2016-2,39239090,其他供輸送或包裝貨物之塑膠製品,泰國,進口總值(含復進口),91,9503
2016-2,39239090,其他供輸送或包裝貨物之塑膠製品,馬來西亞,進口總值(含復進口),1542,74150
2016-2,39239090,其他供輸送或包裝貨物之塑膠製品,荷蘭,進口總值(含復進口),29,853
2016-2,39239090,其他供輸送或包裝貨物之塑膠製品,菲律賓,進口總值(含復進口),195,40108
2016-2,39239090,其他供輸送或包裝貨物之塑膠製品,越南,進口總值(含復進口),28,5584
2016-2,39239090,其他供輸送或包裝貨物之塑膠製品,新加坡,進口總值(含復進口),14,6616
2016-2,39239090,其他供輸送或包裝貨物之塑膠製品,瑞士,進口總值(含復進口),18,2806
2016-2,39239090,其他供輸送或包裝貨物之塑膠製品,義大利,進口總值(含復進口),1,211
2016-2,39239090,其他供輸送或包裝貨物之塑膠製品,德國,進口總值(含復進口),7,419
2016-2,39239090,其他供輸送或包裝貨物之塑膠製品,中國大陸,出口總值(含復出口),998,196340
2016-2,39239090,其他供輸送或包裝貨物之塑膠製品,巴西,出口總值(含復出口),26,8753
2016-2,39239090,其他供輸送或包裝貨物之塑膠製品,巴拿馬,出口總值(含復出口),29,7067
2016-2,39239090,其他供輸送或包裝貨物之塑膠製品,日本,出口總值(含復出口),1016,111331
2016-2,39239090,其他供輸送或包裝貨物之塑膠製品,比利時,出口總值(含復出口),17,626
2016-2,39239090,其他供輸送或包裝貨物之塑膠製品,以色列,出口總值(含復出口),2,152
2016-2,39239090,其他供輸送或包裝貨物之塑膠製品,加拿大,出口總值(含復出口),36,9380
2016-2,39239090,其他供輸送或包裝貨物之塑膠製品,伊朗,出口總值(含復出口),2,432
2016-2,39239090,其他供輸送或包裝貨物之塑膠製品,印尼,出口總值(含復出口),41,20014
2016-2,39239090,其他供輸送或包裝貨物之塑膠製品,印度,出口總值(含復出口),78,29210
2016-2,39239090,其他供輸送或包裝貨物之塑膠製品,西班牙,出口總值(含復出口),12,1125
2016-2,39239090,其他供輸送或包裝貨物之塑膠製品,沙烏地阿拉伯,出口總值(含復出口),50,19708
2016-2,39239090,其他供輸送或包裝貨物之塑膠製品,孟加拉,出口總值(含復出口),27,11554
2016-2,39239090,其他供輸送或包裝貨物之塑膠製品,法國,出口總值(含復出口),60,6529
2016-2,39239090,其他供輸送或包裝貨物之塑膠製品,阿拉伯聯合大公國,出口總值(含復出口),10,7198
2016-2,39239090,其他供輸送或包裝貨物之塑膠製品,俄羅斯,出口總值(含復出口),16,1026
2016-2,39239090,其他供輸送或包裝貨物之塑膠製品,南非,出口總值(含復出口),56,8426
2016-2,39239090,其他供輸送或包裝貨物之塑膠製品,南韓,出口總值(含復出口),245,133029
2016-2,39239090,其他供輸送或包裝貨物之塑膠製品,美國,出口總值(含復出口),412,112481
2016-2,39239090,其他供輸送或包裝貨物之塑膠製品,英國,出口總值(含復出口),23,2194
2016-2,39239090,其他供輸送或包裝貨物之塑膠製品,香港,出口總值(含復出口),213,108657
2016-2,39239090,其他供輸送或包裝貨物之塑膠製品,哥倫比亞,出口總值(含復出口),20,2884
2016-2,39239090,其他供輸送或包裝貨物之塑膠製品,哥斯大黎加,出口總值(含復出口),12,4832
2016-2,39239090,其他供輸送或包裝貨物之塑膠製品,泰國,出口總值(含復出口),29,6116
2016-2,39239090,其他供輸送或包裝貨物之塑膠製品,秘魯,出口總值(含復出口),9,2751
2016-2,39239090,其他供輸送或包裝貨物之塑膠製品,紐西蘭,出口總值(含復出口),14,388
2016-2,39239090,其他供輸送或包裝貨物之塑膠製品,馬來西亞,出口總值(含復出口),95,15875
2016-2,39239090,其他供輸送或包裝貨物之塑膠製品,荷蘭,出口總值(含復出口),230,18327
2016-2,39239090,其他供輸送或包裝貨物之塑膠製品,斯里蘭卡,出口總值(含復出口),36,23644
2016-2,39239090,其他供輸送或包裝貨物之塑膠製品,菲律賓,出口總值(含復出口),139,42789
2016-2,39239090,其他供輸送或包裝貨物之塑膠製品,越南,出口總值(含復出口),51,16728
2016-2,39239090,其他供輸送或包裝貨物之塑膠製品,新加坡,出口總值(含復出口),78,16689
2016-2,39239090,其他供輸送或包裝貨物之塑膠製品,瑞士,出口總值(含復出口),22,508
2016-2,39239090,其他供輸送或包裝貨物之塑膠製品,義大利,出口總值(含復出口),110,9961
2016-2,39239090,其他供輸送或包裝貨物之塑膠製品,德國,出口總值(含復出口),79,8825
2016-2,39239090,其他供輸送或包裝貨物之塑膠製品,模里西斯,出口總值(含復出口),7,2250
2016-2,39239090,其他供輸送或包裝貨物之塑膠製品,緬甸,出口總值(含復出口),5,1142
2016-2,39239090,其他供輸送或包裝貨物之塑膠製品,墨西哥,出口總值(含復出口),12,2225
2016-2,39239090,其他供輸送或包裝貨物之塑膠製品,澳大利亞,出口總值(含復出口),41,12075
2016-2,39239090,其他供輸送或包裝貨物之塑膠製品,賽普勒斯,出口總值(含復出口),6,1500
2016-2,39269012,電氣絕緣用塑膠製品,中國大陸,進口總值(含復進口),9,426
2016-2,39269012,電氣絕緣用塑膠製品,日本,進口總值(含復進口),73,1231
2016-2,39269012,電氣絕緣用塑膠製品,法國,進口總值(含復進口),0,0
2016-2,39269012,電氣絕緣用塑膠製品,南韓,進口總值(含復進口),4,215
2016-2,39269012,電氣絕緣用塑膠製品,美國,進口總值(含復進口),10,78
2016-2,39269012,電氣絕緣用塑膠製品,捷克,進口總值(含復進口),0,4
2016-2,39269012,電氣絕緣用塑膠製品,菲律賓,進口總值(含復進口),2,101
2016-2,39269012,電氣絕緣用塑膠製品,越南,進口總值(含復進口),5,1853
2016-2,39269012,電氣絕緣用塑膠製品,新加坡,進口總值(含復進口),0,0
2016-2,39269012,電氣絕緣用塑膠製品,瑞士,進口總值(含復進口),1,6
2016-2,39269012,電氣絕緣用塑膠製品,瑞典,進口總值(含復進口),0,0
2016-2,39269012,電氣絕緣用塑膠製品,德國,進口總值(含復進口),0,2
2016-2,39269012,電氣絕緣用塑膠製品,中國大陸,出口總值(含復出口),78,13527
2016-2,39269012,電氣絕緣用塑膠製品,比利時,出口總值(含復出口),31,7926
2016-2,39269012,電氣絕緣用塑膠製品,加拿大,出口總值(含復出口),183,48275
2016-2,39269012,電氣絕緣用塑膠製品,卡達,出口總值(含復出口),5,478
2016-2,39269012,電氣絕緣用塑膠製品,印尼,出口總值(含復出口),22,1064
2016-2,39269012,電氣絕緣用塑膠製品,沙烏地阿拉伯,出口總值(含復出口),65,18681
2016-2,39269012,電氣絕緣用塑膠製品,孟加拉,出口總值(含復出口),53,23490
2016-2,39269012,電氣絕緣用塑膠製品,拉脫維亞,出口總值(含復出口),38,10438
2016-2,39269012,電氣絕緣用塑膠製品,法國,出口總值(含復出口),10,2706
2016-2,39269012,電氣絕緣用塑膠製品,俄羅斯,出口總值(含復出口),2,6
2016-2,39269012,電氣絕緣用塑膠製品,南非,出口總值(含復出口),3,930
2016-2,39269012,電氣絕緣用塑膠製品,南韓,出口總值(含復出口),242,86805
2016-2,39269012,電氣絕緣用塑膠製品,哈薩克,出口總值(含復出口),1,27
2016-2,39269012,電氣絕緣用塑膠製品,柬埔寨,出口總值(含復出口),2,39
2016-2,39269012,電氣絕緣用塑膠製品,科威特,出口總值(含復出口),4,663
2016-2,39269012,電氣絕緣用塑膠製品,約旦,出口總值(含復出口),67,22800
2016-2,39269012,電氣絕緣用塑膠製品,美國,出口總值(含復出口),156,34608
2016-2,39269012,電氣絕緣用塑膠製品,香港,出口總值(含復出口),16,623
2016-2,39269012,電氣絕緣用塑膠製品,埃及,出口總值(含復出口),21,6600
2016-2,39269012,電氣絕緣用塑膠製品,馬來西亞,出口總值(含復出口),16,1869
2016-2,39269012,電氣絕緣用塑膠製品,敘利亞,出口總值(含復出口),102,35260
2016-2,39269012,電氣絕緣用塑膠製品,荷蘭,出口總值(含復出口),28,8706
2016-2,39269012,電氣絕緣用塑膠製品,菲律賓,出口總值(含復出口),26,6692
2016-2,39269012,電氣絕緣用塑膠製品,越南,出口總值(含復出口),1,28
2016-2,39269012,電氣絕緣用塑膠製品,塞爾維亞,出口總值(含復出口),0,2
2016-2,39269012,電氣絕緣用塑膠製品,瑞士,出口總值(含復出口),7,1288
2016-2,39269012,電氣絕緣用塑膠製品,瑞典,出口總值(含復出口),15,2976
2016-2,39269012,電氣絕緣用塑膠製品,義大利,出口總值(含復出口),135,30951
2016-2,39269012,電氣絕緣用塑膠製品,德國,出口總值(含復出口),46,8063
2016-2,39269012,電氣絕緣用塑膠製品,模里西斯,出口總值(含復出口),11,2976
2016-2,39269012,電氣絕緣用塑膠製品,墨西哥,出口總值(含復出口),89,30956
2016-2,39269012,電氣絕緣用塑膠製品,澳大利亞,出口總值(含復出口),7,2080
2016-3,39239090,其他供輸送或包裝貨物之塑膠製品,土耳其,進口總值(含復進口),0,16
2016-3,39239090,其他供輸送或包裝貨物之塑膠製品,中國大陸,進口總值(含復進口),4225,1044102
2016-3,39239090,其他供輸送或包裝貨物之塑膠製品,中華民國,進口總值(含復進口),593,241030
2016-3,39239090,其他供輸送或包裝貨物之塑膠製品,丹麥,進口總值(含復進口),2,208
2016-3,39239090,其他供輸送或包裝貨物之塑膠製品,日本,進口總值(含復進口),1795,247750
2016-3,39239090,其他供輸送或包裝貨物之塑膠製品,比利時,進口總值(含復進口),1,233
2016-3,39239090,其他供輸送或包裝貨物之塑膠製品,加拿大,進口總值(含復進口),20,5305
2016-3,39239090,其他供輸送或包裝貨物之塑膠製品,匈牙利,進口總值(含復進口),4,3290
2016-3,39239090,其他供輸送或包裝貨物之塑膠製品,拉脫維亞,進口總值(含復進口),2,171
2016-3,39239090,其他供輸送或包裝貨物之塑膠製品,波蘭,進口總值(含復進口),0,11
2016-3,39239090,其他供輸送或包裝貨物之塑膠製品,法國,進口總值(含復進口),3,188
2016-3,39239090,其他供輸送或包裝貨物之塑膠製品,南韓,進口總值(含復進口),1271,296412
2016-3,39239090,其他供輸送或包裝貨物之塑膠製品,美國,進口總值(含復進口),543,68124
2016-3,39239090,其他供輸送或包裝貨物之塑膠製品,英國,進口總值(含復進口),0,0
2016-3,39239090,其他供輸送或包裝貨物之塑膠製品,香港,進口總值(含復進口),7,971
2016-3,39239090,其他供輸送或包裝貨物之塑膠製品,泰國,進口總值(含復進口),123,30830
2016-3,39239090,其他供輸送或包裝貨物之塑膠製品,馬來西亞,進口總值(含復進口),4735,151182
2016-3,39239090,其他供輸送或包裝貨物之塑膠製品,馬爾他,進口總值(含復進口),12,550
2016-3,39239090,其他供輸送或包裝貨物之塑膠製品,捷克,進口總值(含復進口),5,2968
2016-3,39239090,其他供輸送或包裝貨物之塑膠製品,荷蘭,進口總值(含復進口),15,396
2016-3,39239090,其他供輸送或包裝貨物之塑膠製品,菲律賓,進口總值(含復進口),251,58523
2016-3,39239090,其他供輸送或包裝貨物之塑膠製品,越南,進口總值(含復進口),2,144
2016-3,39239090,其他供輸送或包裝貨物之塑膠製品,新加坡,進口總值(含復進口),40,32147
2016-3,39239090,其他供輸送或包裝貨物之塑膠製品,瑞士,進口總值(含復進口),8,482
2016-3,39239090,其他供輸送或包裝貨物之塑膠製品,義大利,進口總值(含復進口),2,120
2016-3,39239090,其他供輸送或包裝貨物之塑膠製品,德國,進口總值(含復進口),16,1649
2016-3,39239090,其他供輸送或包裝貨物之塑膠製品,千里達及托巴哥,出口總值(含復出口),0,17
2016-3,39239090,其他供輸送或包裝貨物之塑膠製品,中國大陸,出口總值(含復出口),1496,315364
2016-3,39239090,其他供輸送或包裝貨物之塑膠製品,丹麥,出口總值(含復出口),14,3906
2016-3,39239090,其他供輸送或包裝貨物之塑膠製品,厄瓜多,出口總值(含復出口),11,2453
2016-3,39239090,其他供輸送或包裝貨物之塑膠製品,巴西,出口總值(含復出口),31,6999
2016-3,39239090,其他供輸送或包裝貨物之塑膠製品,巴拿馬,出口總值(含復出口),26,16516
2016-3,39239090,其他供輸送或包裝貨物之塑膠製品,日本,出口總值(含復出口),1300,159504
2016-3,39239090,其他供輸送或包裝貨物之塑膠製品,比利時,出口總值(含復出口),33,2430
2016-3,39239090,其他供輸送或包裝貨物之塑膠製品,以色列,出口總值(含復出口),49,5601
2016-3,39239090,其他供輸送或包裝貨物之塑膠製品,加拿大,出口總值(含復出口),48,12872
2016-3,39239090,其他供輸送或包裝貨物之塑膠製品,瓜地馬拉,出口總值(含復出口),6,6100
2016-3,39239090,其他供輸送或包裝貨物之塑膠製品,印尼,出口總值(含復出口),216,113834
2016-3,39239090,其他供輸送或包裝貨物之塑膠製品,印度,出口總值(含復出口),11,18752
2016-3,39239090,其他供輸送或包裝貨物之塑膠製品,宏都拉斯,出口總值(含復出口),1,462
2016-3,39239090,其他供輸送或包裝貨物之塑膠製品,沙烏地阿拉伯,出口總值(含復出口),35,9620
2016-3,39239090,其他供輸送或包裝貨物之塑膠製品,貝里斯,出口總值(含復出口),2,1021
2016-3,39239090,其他供輸送或包裝貨物之塑膠製品,其他國家,出口總值(含復出口),1,210
2016-3,39239090,其他供輸送或包裝貨物之塑膠製品,孟加拉,出口總值(含復出口),5,3987
2016-3,39239090,其他供輸送或包裝貨物之塑膠製品,拉脫維亞,出口總值(含復出口),0,103
2016-3,39239090,其他供輸送或包裝貨物之塑膠製品,法國,出口總值(含復出口),54,4982
2016-3,39239090,其他供輸送或包裝貨物之塑膠製品,法屬玻里尼西亞,出口總值(含復出口),7,2773
2016-3,39239090,其他供輸送或包裝貨物之塑膠製品,肯亞,出口總值(含復出口),6,2176
2016-3,39239090,其他供輸送或包裝貨物之塑膠製品,阿拉伯聯合大公國,出口總值(含復出口),13,4684
2016-3,39239090,其他供輸送或包裝貨物之塑膠製品,俄羅斯,出口總值(含復出口),2,100
2016-3,39239090,其他供輸送或包裝貨物之塑膠製品,南非,出口總值(含復出口),13,168
2016-3,39239090,其他供輸送或包裝貨物之塑膠製品,南韓,出口總值(含復出口),404,173324
2016-3,39239090,其他供輸送或包裝貨物之塑膠製品,柬埔寨,出口總值(含復出口),3,1390
2016-3,39239090,其他供輸送或包裝貨物之塑膠製品,約旦,出口總值(含復出口),21,13000
2016-3,39239090,其他供輸送或包裝貨物之塑膠製品,美國,出口總值(含復出口),659,148834
2016-3,39239090,其他供輸送或包裝貨物之塑膠製品,英國,出口總值(含復出口),34,6300
2016-3,39239090,其他供輸送或包裝貨物之塑膠製品,香港,出口總值(含復出口),387,185103
2016-3,39239090,其他供輸送或包裝貨物之塑膠製品,哥倫比亞,出口總值(含復出口),4,645
2016-3,39239090,其他供輸送或包裝貨物之塑膠製品,哥斯大黎加,出口總值(含復出口),15,5069
2016-3,39239090,其他供輸送或包裝貨物之塑膠製品,泰國,出口總值(含復出口),53,4818
2016-3,39239090,其他供輸送或包裝貨物之塑膠製品,秘魯,出口總值(含復出口),9,2674
2016-3,39239090,其他供輸送或包裝貨物之塑膠製品,紐西蘭,出口總值(含復出口),58,10110
2016-3,39239090,其他供輸送或包裝貨物之塑膠製品,馬來西亞,出口總值(含復出口),96,42082
2016-3,39239090,其他供輸送或包裝貨物之塑膠製品,捷克,出口總值(含復出口),0,28
2016-3,39239090,其他供輸送或包裝貨物之塑膠製品,荷蘭,出口總值(含復出口),48,2790
2016-3,39239090,其他供輸送或包裝貨物之塑膠製品,斯里蘭卡,出口總值(含復出口),2,793
2016-3,39239090,其他供輸送或包裝貨物之塑膠製品,智利,出口總值(含復出口),2,252
2016-3,39239090,其他供輸送或包裝貨物之塑膠製品,菲律賓,出口總值(含復出口),158,60343
2016-3,39239090,其他供輸送或包裝貨物之塑膠製品,越南,出口總值(含復出口),121,49562
2016-3,39239090,其他供輸送或包裝貨物之塑膠製品,奧地利,出口總值(含復出口),2,249
2016-3,39239090,其他供輸送或包裝貨物之塑膠製品,新加坡,出口總值(含復出口),99,27931
2016-3,39239090,其他供輸送或包裝貨物之塑膠製品,瑞士,出口總值(含復出口),17,631
2016-3,39239090,其他供輸送或包裝貨物之塑膠製品,義大利,出口總值(含復出口),42,3500
2016-3,39239090,其他供輸送或包裝貨物之塑膠製品,德國,出口總值(含復出口),45,9036
2016-3,39239090,其他供輸送或包裝貨物之塑膠製品,模里西斯,出口總值(含復出口),6,1746
2016-3,39239090,其他供輸送或包裝貨物之塑膠製品,緬甸,出口總值(含復出口),5,543
2016-3,39239090,其他供輸送或包裝貨物之塑膠製品,黎巴嫩,出口總值(含復出口),6,321
2016-3,39239090,其他供輸送或包裝貨物之塑膠製品,墨西哥,出口總值(含復出口),20,3600
2016-3,39239090,其他供輸送或包裝貨物之塑膠製品,澳大利亞,出口總值(含復出口),18,4977
2016-3,39239090,其他供輸送或包裝貨物之塑膠製品,澳門,出口總值(含復出口),0,3
2016-3,39239090,其他供輸送或包裝貨物之塑膠製品,薩爾瓦多,出口總值(含復出口),0,21
2016-3,39269012,電氣絕緣用塑膠製品,中國大陸,進口總值(含復進口),137,10368
2016-3,39269012,電氣絕緣用塑膠製品,日本,進口總值(含復進口),157,2821
2016-3,39269012,電氣絕緣用塑膠製品,印度,進口總值(含復進口),0,2
2016-3,39269012,電氣絕緣用塑膠製品,法國,進口總值(含復進口),0,1
2016-3,39269012,電氣絕緣用塑膠製品,美國,進口總值(含復進口),16,154
2016-3,39269012,電氣絕緣用塑膠製品,荷蘭,進口總值(含復進口),0,11
2016-3,39269012,電氣絕緣用塑膠製品,越南,進口總值(含復進口),26,10395
2016-3,39269012,電氣絕緣用塑膠製品,德國,進口總值(含復進口),0,3
2016-3,39269012,電氣絕緣用塑膠製品,中國大陸,出口總值(含復出口),405,52454
2016-3,39269012,電氣絕緣用塑膠製品,加拿大,出口總值(含復出口),329,87537
2016-3,39269012,電氣絕緣用塑膠製品,瓜地馬拉,出口總值(含復出口),0,6
2016-3,39269012,電氣絕緣用塑膠製品,白俄羅斯,出口總值(含復出口),16,3744
2016-3,39269012,電氣絕緣用塑膠製品,印尼,出口總值(含復出口),23,1075
2016-3,39269012,電氣絕緣用塑膠製品,西班牙,出口總值(含復出口),49,12864
2016-3,39269012,電氣絕緣用塑膠製品,沙烏地阿拉伯,出口總值(含復出口),65,18566
2016-3,39269012,電氣絕緣用塑膠製品,孟加拉,出口總值(含復出口),93,41490
2016-3,39269012,電氣絕緣用塑膠製品,法國,出口總值(含復出口),14,3838
2016-3,39269012,電氣絕緣用塑膠製品,俄羅斯,出口總值(含復出口),48,15546
2016-3,39269012,電氣絕緣用塑膠製品,南非,出口總值(含復出口),5,298
2016-3,39269012,電氣絕緣用塑膠製品,南韓,出口總值(含復出口),554,196392
2016-3,39269012,電氣絕緣用塑膠製品,柬埔寨,出口總值(含復出口),4,103
2016-3,39269012,電氣絕緣用塑膠製品,科威特,出口總值(含復出口),0,5
2016-3,39269012,電氣絕緣用塑膠製品,美國,出口總值(含復出口),192,41790
2016-3,39269012,電氣絕緣用塑膠製品,香港,出口總值(含復出口),55,3161
2016-3,39269012,電氣絕緣用塑膠製品,哥倫比亞,出口總值(含復出口),14,3909
2016-3,39269012,電氣絕緣用塑膠製品,哥斯大黎加,出口總值(含復出口),3,720
2016-3,39269012,電氣絕緣用塑膠製品,埃及,出口總值(含復出口),149,53918
2016-3,39269012,電氣絕緣用塑膠製品,泰國,出口總值(含復出口),6,669
2016-3,39269012,電氣絕緣用塑膠製品,紐西蘭,出口總值(含復出口),16,4392
2016-3,39269012,電氣絕緣用塑膠製品,馬來西亞,出口總值(含復出口),21,1307
2016-3,39269012,電氣絕緣用塑膠製品,敘利亞,出口總值(含復出口),67,22800
2016-3,39269012,電氣絕緣用塑膠製品,荷蘭,出口總值(含復出口),39,9295
2016-3,39269012,電氣絕緣用塑膠製品,菲律賓,出口總值(含復出口),9,5640
2016-3,39269012,電氣絕緣用塑膠製品,越南,出口總值(含復出口),10,167
2016-3,39269012,電氣絕緣用塑膠製品,新加坡,出口總值(含復出口),3,376
2016-3,39269012,電氣絕緣用塑膠製品,瑞士,出口總值(含復出口),2,324
2016-3,39269012,電氣絕緣用塑膠製品,義大利,出口總值(含復出口),205,46689
2016-3,39269012,電氣絕緣用塑膠製品,德國,出口總值(含復出口),65,12859
2016-3,39269012,電氣絕緣用塑膠製品,黎巴嫩,出口總值(含復出口),23,8404
2016-3,39269012,電氣絕緣用塑膠製品,墨西哥,出口總值(含復出口),148,43101
2016-3,39269012,電氣絕緣用塑膠製品,澳大利亞,出口總值(含復出口),49,14760
2016-3,39269012,電氣絕緣用塑膠製品,賽普勒斯,出口總值(含復出口),6,1558
2016-4,39239090,其他供輸送或包裝貨物之塑膠製品,中國大陸,進口總值(含復進口),3249,759474
2016-4,39239090,其他供輸送或包裝貨物之塑膠製品,中華民國,進口總值(含復進口),549,259191
2016-4,39239090,其他供輸送或包裝貨物之塑膠製品,日本,進口總值(含復進口),1529,191458
2016-4,39239090,其他供輸送或包裝貨物之塑膠製品,比利時,進口總值(含復進口),1,345
2016-4,39239090,其他供輸送或包裝貨物之塑膠製品,加拿大,進口總值(含復進口),4,773
2016-4,39239090,其他供輸送或包裝貨物之塑膠製品,拉脫維亞,進口總值(含復進口),2,161
2016-4,39239090,其他供輸送或包裝貨物之塑膠製品,波蘭,進口總值(含復進口),0,3
2016-4,39239090,其他供輸送或包裝貨物之塑膠製品,法國,進口總值(含復進口),0,21
2016-4,39239090,其他供輸送或包裝貨物之塑膠製品,南韓,進口總值(含復進口),1162,306384
2016-4,39239090,其他供輸送或包裝貨物之塑膠製品,美國,進口總值(含復進口),515,78064
2016-4,39239090,其他供輸送或包裝貨物之塑膠製品,英國,進口總值(含復進口),3,48
2016-4,39239090,其他供輸送或包裝貨物之塑膠製品,香港,進口總值(含復進口),2,369
2016-4,39239090,其他供輸送或包裝貨物之塑膠製品,泰國,進口總值(含復進口),140,17308
2016-4,39239090,其他供輸送或包裝貨物之塑膠製品,馬來西亞,進口總值(含復進口),1425,99474
2016-4,39239090,其他供輸送或包裝貨物之塑膠製品,捷克,進口總值(含復進口),4,271
2016-4,39239090,其他供輸送或包裝貨物之塑膠製品,荷蘭,進口總值(含復進口),11,40
2016-4,39239090,其他供輸送或包裝貨物之塑膠製品,菲律賓,進口總值(含復進口),207,61272
2016-4,39239090,其他供輸送或包裝貨物之塑膠製品,越南,進口總值(含復進口),3,502
2016-4,39239090,其他供輸送或包裝貨物之塑膠製品,新加坡,進口總值(含復進口),55,33002
2016-4,39239090,其他供輸送或包裝貨物之塑膠製品,瑞士,進口總值(含復進口),9,231
2016-4,39239090,其他供輸送或包裝貨物之塑膠製品,瑞典,進口總值(含復進口),0,1
2016-4,39239090,其他供輸送或包裝貨物之塑膠製品,義大利,進口總值(含復進口),0,21
2016-4,39239090,其他供輸送或包裝貨物之塑膠製品,德國,進口總值(含復進口),244,10405
2016-4,39239090,其他供輸送或包裝貨物之塑膠製品,墨西哥,進口總值(含復進口),0,4
2016-4,39239090,其他供輸送或包裝貨物之塑膠製品,千里達及托巴哥,出口總值(含復出口),0,4
2016-4,39239090,其他供輸送或包裝貨物之塑膠製品,土耳其,出口總值(含復出口),59,4972
2016-4,39239090,其他供輸送或包裝貨物之塑膠製品,中國大陸,出口總值(含復出口),1273,249715
2016-4,39239090,其他供輸送或包裝貨物之塑膠製品,巴西,出口總值(含復出口),27,7749
2016-4,39239090,其他供輸送或包裝貨物之塑膠製品,巴林,出口總值(含復出口),4,840
2016-4,39239090,其他供輸送或包裝貨物之塑膠製品,巴基斯坦,出口總值(含復出口),5,172
2016-4,39239090,其他供輸送或包裝貨物之塑膠製品,日本,出口總值(含復出口),1155,121249
2016-4,39239090,其他供輸送或包裝貨物之塑膠製品,比利時,出口總值(含復出口),7,774
2016-4,39239090,其他供輸送或包裝貨物之塑膠製品,以色列,出口總值(含復出口),10,719
2016-4,39239090,其他供輸送或包裝貨物之塑膠製品,加拿大,出口總值(含復出口),90,24026
2016-4,39239090,其他供輸送或包裝貨物之塑膠製品,瓜地馬拉,出口總值(含復出口),13,12960
2016-4,39239090,其他供輸送或包裝貨物之塑膠製品,印尼,出口總值(含復出口),94,16851
2016-4,39239090,其他供輸送或包裝貨物之塑膠製品,印度,出口總值(含復出口),42,24669
2016-4,39239090,其他供輸送或包裝貨物之塑膠製品,西班牙,出口總值(含復出口),4,150
2016-4,39239090,其他供輸送或包裝貨物之塑膠製品,希臘,出口總值(含復出口),40,23734
2016-4,39239090,其他供輸送或包裝貨物之塑膠製品,沙烏地阿拉伯,出口總值(含復出口),54,10729
2016-4,39239090,其他供輸送或包裝貨物之塑膠製品,其他國家,出口總值(含復出口),24,12462
2016-4,39239090,其他供輸送或包裝貨物之塑膠製品,孟加拉,出口總值(含復出口),28,18064
2016-4,39239090,其他供輸送或包裝貨物之塑膠製品,法國,出口總值(含復出口),116,6810
2016-4,39239090,其他供輸送或包裝貨物之塑膠製品,芬蘭,出口總值(含復出口),0,24
2016-4,39239090,其他供輸送或包裝貨物之塑膠製品,阿拉伯聯合大公國,出口總值(含復出口),2,1035
2016-4,39239090,其他供輸送或包裝貨物之塑膠製品,南非,出口總值(含復出口),17,445
2016-4,39239090,其他供輸送或包裝貨物之塑膠製品,南韓,出口總值(含復出口),353,139314
2016-4,39239090,其他供輸送或包裝貨物之塑膠製品,柬埔寨,出口總值(含復出口),3,328
2016-4,39239090,其他供輸送或包裝貨物之塑膠製品,美國,出口總值(含復出口),916,311749
2016-4,39239090,其他供輸送或包裝貨物之塑膠製品,英國,出口總值(含復出口),37,5446
2016-4,39239090,其他供輸送或包裝貨物之塑膠製品,香港,出口總值(含復出口),302,113841
2016-4,39239090,其他供輸送或包裝貨物之塑膠製品,哥斯大黎加,出口總值(含復出口),26,10018
2016-4,39239090,其他供輸送或包裝貨物之塑膠製品,泰國,出口總值(含復出口),104,25415
2016-4,39239090,其他供輸送或包裝貨物之塑膠製品,秘魯,出口總值(含復出口),7,2333
2016-4,39239090,其他供輸送或包裝貨物之塑膠製品,紐西蘭,出口總值(含復出口),23,2482
2016-4,39239090,其他供輸送或包裝貨物之塑膠製品,馬來西亞,出口總值(含復出口),106,15405
2016-4,39239090,其他供輸送或包裝貨物之塑膠製品,馬達加斯加,出口總值(含復出口),2,344
2016-4,39239090,其他供輸送或包裝貨物之塑膠製品,捷克,出口總值(含復出口),6,1770
2016-4,39239090,其他供輸送或包裝貨物之塑膠製品,荷蘭,出口總值(含復出口),182,12335
2016-4,39239090,其他供輸送或包裝貨物之塑膠製品,菲律賓,出口總值(含復出口),126,34054
2016-4,39239090,其他供輸送或包裝貨物之塑膠製品,越南,出口總值(含復出口),100,44567
2016-4,39239090,其他供輸送或包裝貨物之塑膠製品,愛爾蘭,出口總值(含復出口),12,4572
2016-4,39239090,其他供輸送或包裝貨物之塑膠製品,新加坡,出口總值(含復出口),55,23170
2016-4,39239090,其他供輸送或包裝貨物之塑膠製品,瑞士,出口總值(含復出口),18,549
2016-4,39239090,其他供輸送或包裝貨物之塑膠製品,瑞典,出口總值(含復出口),4,864
2016-4,39239090,其他供輸送或包裝貨物之塑膠製品,萬那杜,出口總值(含復出口),4,1200
2016-4,39239090,其他供輸送或包裝貨物之塑膠製品,義大利,出口總值(含復出口),108,6077
2016-4,39239090,其他供輸送或包裝貨物之塑膠製品,德國,出口總值(含復出口),78,12328
2016-4,39239090,其他供輸送或包裝貨物之塑膠製品,模里西斯,出口總值(含復出口),10,3266
2016-4,39239090,其他供輸送或包裝貨物之塑膠製品,緬甸,出口總值(含復出口),45,14735
2016-4,39239090,其他供輸送或包裝貨物之塑膠製品,墨西哥,出口總值(含復出口),69,13884
2016-4,39239090,其他供輸送或包裝貨物之塑膠製品,澳大利亞,出口總值(含復出口),55,17576
2016-4,39239090,其他供輸送或包裝貨物之塑膠製品,澳門,出口總值(含復出口),1,139
2016-4,39239090,其他供輸送或包裝貨物之塑膠製品,賽普勒斯,出口總值(含復出口),20,6524
2016-4,39269012,電氣絕緣用塑膠製品,中國大陸,進口總值(含復進口),18,1089
2016-4,39269012,電氣絕緣用塑膠製品,中華民國,進口總值(含復進口),22,754
2016-4,39269012,電氣絕緣用塑膠製品,日本,進口總值(含復進口),141,2360
2016-4,39269012,電氣絕緣用塑膠製品,法國,進口總值(含復進口),0,0
2016-4,39269012,電氣絕緣用塑膠製品,南韓,進口總值(含復進口),14,32
2016-4,39269012,電氣絕緣用塑膠製品,美國,進口總值(含復進口),19,77
2016-4,39269012,電氣絕緣用塑膠製品,菲律賓,進口總值(含復進口),2,132
2016-4,39269012,電氣絕緣用塑膠製品,越南,進口總值(含復進口),18,7236
2016-4,39269012,電氣絕緣用塑膠製品,新加坡,進口總值(含復進口),0,0
2016-4,39269012,電氣絕緣用塑膠製品,瑞士,進口總值(含復進口),0,2
2016-4,39269012,電氣絕緣用塑膠製品,德國,進口總值(含復進口),1,0
2016-4,39269012,電氣絕緣用塑膠製品,墨西哥,進口總值(含復進口),1,12
2016-4,39269012,電氣絕緣用塑膠製品,中國大陸,出口總值(含復出口),331,39833
2016-4,39269012,電氣絕緣用塑膠製品,加拿大,出口總值(含復出口),267,71761
2016-4,39269012,電氣絕緣用塑膠製品,北馬里亞納群島,出口總值(含復出口),1,93
2016-4,39269012,電氣絕緣用塑膠製品,匈牙利,出口總值(含復出口),1,49
2016-4,39269012,電氣絕緣用塑膠製品,印尼,出口總值(含復出口),22,1017
2016-4,39269012,電氣絕緣用塑膠製品,印度,出口總值(含復出口),128,47223
2016-4,39269012,電氣絕緣用塑膠製品,沙烏地阿拉伯,出口總值(含復出口),33,9331
2016-4,39269012,電氣絕緣用塑膠製品,孟加拉,出口總值(含復出口),38,18000
2016-4,39269012,電氣絕緣用塑膠製品,法國,出口總值(含復出口),59,14094
2016-4,39269012,電氣絕緣用塑膠製品,俄羅斯,出口總值(含復出口),89,23657
2016-4,39269012,電氣絕緣用塑膠製品,南非,出口總值(含復出口),12,3555
2016-4,39269012,電氣絕緣用塑膠製品,南韓,出口總值(含復出口),187,69000
2016-4,39269012,電氣絕緣用塑膠製品,柬埔寨,出口總值(含復出口),3,75
2016-4,39269012,電氣絕緣用塑膠製品,美國,出口總值(含復出口),162,27175
2016-4,39269012,電氣絕緣用塑膠製品,英國,出口總值(含復出口),99,29714
2016-4,39269012,電氣絕緣用塑膠製品,香港,出口總值(含復出口),43,1973
2016-4,39269012,電氣絕緣用塑膠製品,泰國,出口總值(含復出口),0,24
2016-4,39269012,電氣絕緣用塑膠製品,馬來西亞,出口總值(含復出口),22,1831
2016-4,39269012,電氣絕緣用塑膠製品,捷克,出口總值(含復出口),1,19
2016-4,39269012,電氣絕緣用塑膠製品,敘利亞,出口總值(含復出口),32,11000
2016-4,39269012,電氣絕緣用塑膠製品,荷蘭,出口總值(含復出口),20,6865
2016-4,39269012,電氣絕緣用塑膠製品,智利,出口總值(含復出口),1,117
2016-4,39269012,電氣絕緣用塑膠製品,菲律賓,出口總值(含復出口),15,11770
2016-4,39269012,電氣絕緣用塑膠製品,越南,出口總值(含復出口),45,1620
2016-4,39269012,電氣絕緣用塑膠製品,瑞士,出口總值(含復出口),4,539
2016-4,39269012,電氣絕緣用塑膠製品,義大利,出口總值(含復出口),68,15765
2016-4,39269012,電氣絕緣用塑膠製品,德國,出口總值(含復出口),29,6767
2016-4,39269012,電氣絕緣用塑膠製品,模里西斯,出口總值(含復出口),5,1564
2016-4,39269012,電氣絕緣用塑膠製品,墨西哥,出口總值(含復出口),224,72706
2016-4,39269012,電氣絕緣用塑膠製品,澳大利亞,出口總值(含復出口),24,5601
2016-5,39231010,塑膠製箱子、盒子、籃子及類似品，其形狀或適合供運輸或包裝半導體晶圓或網線,中國大陸,進口總值(含復進口),84,12203
2016-5,39231010,塑膠製箱子、盒子、籃子及類似品，其形狀或適合供運輸或包裝半導體晶圓或網線,中華民國,進口總值(含復進口),7,8550
2016-5,39231010,塑膠製箱子、盒子、籃子及類似品，其形狀或適合供運輸或包裝半導體晶圓或網線,日本,進口總值(含復進口),628,22025
2016-5,39231010,塑膠製箱子、盒子、籃子及類似品，其形狀或適合供運輸或包裝半導體晶圓或網線,印尼,進口總值(含復進口),19,2356
2016-5,39231010,塑膠製箱子、盒子、籃子及類似品，其形狀或適合供運輸或包裝半導體晶圓或網線,南韓,進口總值(含復進口),67,39164
2016-5,39231010,塑膠製箱子、盒子、籃子及類似品，其形狀或適合供運輸或包裝半導體晶圓或網線,美國,進口總值(含復進口),157,16678
2016-5,39231010,塑膠製箱子、盒子、籃子及類似品，其形狀或適合供運輸或包裝半導體晶圓或網線,馬來西亞,進口總值(含復進口),125,11497
2016-5,39231010,塑膠製箱子、盒子、籃子及類似品，其形狀或適合供運輸或包裝半導體晶圓或網線,新加坡,進口總值(含復進口),13,1144
2016-5,39231010,塑膠製箱子、盒子、籃子及類似品，其形狀或適合供運輸或包裝半導體晶圓或網線,義大利,進口總值(含復進口),0,1
2016-5,39231010,塑膠製箱子、盒子、籃子及類似品，其形狀或適合供運輸或包裝半導體晶圓或網線,土耳其,出口總值(含復出口),10,930
2016-5,39231010,塑膠製箱子、盒子、籃子及類似品，其形狀或適合供運輸或包裝半導體晶圓或網線,中國大陸,出口總值(含復出口),160,20829
2016-5,39231010,塑膠製箱子、盒子、籃子及類似品，其形狀或適合供運輸或包裝半導體晶圓或網線,日本,出口總值(含復出口),24,3870
2016-5,39231010,塑膠製箱子、盒子、籃子及類似品，其形狀或適合供運輸或包裝半導體晶圓或網線,加拿大,出口總值(含復出口),17,799
2016-5,39231010,塑膠製箱子、盒子、籃子及類似品，其形狀或適合供運輸或包裝半導體晶圓或網線,波士尼亞及赫塞哥維納,出口總值(含復出口),0,14
2016-5,39231010,塑膠製箱子、盒子、籃子及類似品，其形狀或適合供運輸或包裝半導體晶圓或網線,波蘭,出口總值(含復出口),3,1152
2016-5,39231010,塑膠製箱子、盒子、籃子及類似品，其形狀或適合供運輸或包裝半導體晶圓或網線,法國,出口總值(含復出口),17,912
2016-5,39231010,塑膠製箱子、盒子、籃子及類似品，其形狀或適合供運輸或包裝半導體晶圓或網線,南韓,出口總值(含復出口),0,10
2016-5,39231010,塑膠製箱子、盒子、籃子及類似品，其形狀或適合供運輸或包裝半導體晶圓或網線,美國,出口總值(含復出口),120,13256
2016-5,39231010,塑膠製箱子、盒子、籃子及類似品，其形狀或適合供運輸或包裝半導體晶圓或網線,香港,出口總值(含復出口),8,1698
2016-5,39231010,塑膠製箱子、盒子、籃子及類似品，其形狀或適合供運輸或包裝半導體晶圓或網線,埃及,出口總值(含復出口),39,5386
2016-5,39231010,塑膠製箱子、盒子、籃子及類似品，其形狀或適合供運輸或包裝半導體晶圓或網線,馬來西亞,出口總值(含復出口),15,1605
2016-5,39231010,塑膠製箱子、盒子、籃子及類似品，其形狀或適合供運輸或包裝半導體晶圓或網線,越南,出口總值(含復出口),12,3601
2016-5,39231010,塑膠製箱子、盒子、籃子及類似品，其形狀或適合供運輸或包裝半導體晶圓或網線,新加坡,出口總值(含復出口),44,8610
2016-5,39231010,塑膠製箱子、盒子、籃子及類似品，其形狀或適合供運輸或包裝半導體晶圓或網線,瑞士,出口總值(含復出口),3,18
2016-5,39231010,塑膠製箱子、盒子、籃子及類似品，其形狀或適合供運輸或包裝半導體晶圓或網線,義大利,出口總值(含復出口),21,860
2016-5,39239090,其他供輸送或包裝貨物之塑膠製品,中國大陸,進口總值(含復進口),4773,1119585
2016-5,39239090,其他供輸送或包裝貨物之塑膠製品,中華民國,進口總值(含復進口),522,296108
2016-5,39239090,其他供輸送或包裝貨物之塑膠製品,日本,進口總值(含復進口),1768,218501
2016-5,39239090,其他供輸送或包裝貨物之塑膠製品,比利時,進口總值(含復進口),2,699
2016-5,39239090,其他供輸送或包裝貨物之塑膠製品,加拿大,進口總值(含復進口),4,897
2016-5,39239090,其他供輸送或包裝貨物之塑膠製品,波蘭,進口總值(含復進口),0,2
2016-5,39239090,其他供輸送或包裝貨物之塑膠製品,法國,進口總值(含復進口),1,38
2016-5,39239090,其他供輸送或包裝貨物之塑膠製品,南韓,進口總值(含復進口),1391,390752
2016-5,39239090,其他供輸送或包裝貨物之塑膠製品,美國,進口總值(含復進口),642,86301
2016-5,39239090,其他供輸送或包裝貨物之塑膠製品,英國,進口總值(含復進口),0,0
2016-5,39239090,其他供輸送或包裝貨物之塑膠製品,香港,進口總值(含復進口),1,1
2016-5,39239090,其他供輸送或包裝貨物之塑膠製品,泰國,進口總值(含復進口),150,26139
2016-5,39239090,其他供輸送或包裝貨物之塑膠製品,馬來西亞,進口總值(含復進口),2463,123151
2016-5,39239090,其他供輸送或包裝貨物之塑膠製品,荷蘭,進口總值(含復進口),4,136
2016-5,39239090,其他供輸送或包裝貨物之塑膠製品,菲律賓,進口總值(含復進口),189,55722
2016-5,39239090,其他供輸送或包裝貨物之塑膠製品,越南,進口總值(含復進口),13,6131
2016-5,39239090,其他供輸送或包裝貨物之塑膠製品,新加坡,進口總值(含復進口),52,35386
2016-5,39239090,其他供輸送或包裝貨物之塑膠製品,瑞士,進口總值(含復進口),0,0
2016-5,39239090,其他供輸送或包裝貨物之塑膠製品,瑞典,進口總值(含復進口),0,19
2016-5,39239090,其他供輸送或包裝貨物之塑膠製品,義大利,進口總值(含復進口),10,2288
2016-5,39239090,其他供輸送或包裝貨物之塑膠製品,葡萄牙,進口總值(含復進口),0,50
2016-5,39239090,其他供輸送或包裝貨物之塑膠製品,德國,進口總值(含復進口),221,4845
2016-5,39239090,其他供輸送或包裝貨物之塑膠製品,土耳其,出口總值(含復出口),45,4983
2016-5,39239090,其他供輸送或包裝貨物之塑膠製品,中國大陸,出口總值(含復出口),1425,282149
2016-5,39239090,其他供輸送或包裝貨物之塑膠製品,厄瓜多,出口總值(含復出口),8,1352
2016-5,39239090,其他供輸送或包裝貨物之塑膠製品,巴西,出口總值(含復出口),20,6488
2016-5,39239090,其他供輸送或包裝貨物之塑膠製品,巴拿馬,出口總值(含復出口),85,23123
2016-5,39239090,其他供輸送或包裝貨物之塑膠製品,日本,出口總值(含復出口),1064,123445
2016-5,39239090,其他供輸送或包裝貨物之塑膠製品,比利時,出口總值(含復出口),47,4018
2016-5,39239090,其他供輸送或包裝貨物之塑膠製品,以色列,出口總值(含復出口),14,1477
2016-5,39239090,其他供輸送或包裝貨物之塑膠製品,加拿大,出口總值(含復出口),99,18297
2016-5,39239090,其他供輸送或包裝貨物之塑膠製品,史瓦帝尼,出口總值(含復出口),1,666
2016-5,39239090,其他供輸送或包裝貨物之塑膠製品,印尼,出口總值(含復出口),110,12349
2016-5,39239090,其他供輸送或包裝貨物之塑膠製品,印度,出口總值(含復出口),39,13550
2016-5,39239090,其他供輸送或包裝貨物之塑膠製品,多明尼加,出口總值(含復出口),6,1485
2016-5,39239090,其他供輸送或包裝貨物之塑膠製品,西班牙,出口總值(含復出口),5,350
2016-5,39239090,其他供輸送或包裝貨物之塑膠製品,沙烏地阿拉伯,出口總值(含復出口),20,15200
2016-5,39239090,其他供輸送或包裝貨物之塑膠製品,其他國家,出口總值(含復出口),1,359
2016-5,39239090,其他供輸送或包裝貨物之塑膠製品,拉脫維亞,出口總值(含復出口),0,17
2016-5,39239090,其他供輸送或包裝貨物之塑膠製品,波多黎各,出口總值(含復出口),12,3636
2016-5,39239090,其他供輸送或包裝貨物之塑膠製品,法國,出口總值(含復出口),74,5564
2016-5,39239090,其他供輸送或包裝貨物之塑膠製品,肯亞,出口總值(含復出口),2,328
2016-5,39239090,其他供輸送或包裝貨物之塑膠製品,阿拉伯聯合大公國,出口總值(含復出口),51,28015
2016-5,39239090,其他供輸送或包裝貨物之塑膠製品,俄羅斯,出口總值(含復出口),0,17
2016-5,39239090,其他供輸送或包裝貨物之塑膠製品,南非,出口總值(含復出口),21,540
2016-5,39239090,其他供輸送或包裝貨物之塑膠製品,南韓,出口總值(含復出口),434,235644
2016-5,39239090,其他供輸送或包裝貨物之塑膠製品,柬埔寨,出口總值(含復出口),0,51
2016-5,39239090,其他供輸送或包裝貨物之塑膠製品,科威特,出口總值(含復出口),1,152
2016-5,39239090,其他供輸送或包裝貨物之塑膠製品,美國,出口總值(含復出口),1178,386885
2016-5,39239090,其他供輸送或包裝貨物之塑膠製品,英國,出口總值(含復出口),115,9165
2016-5,39239090,其他供輸送或包裝貨物之塑膠製品,香港,出口總值(含復出口),383,175033
2016-5,39239090,其他供輸送或包裝貨物之塑膠製品,哥倫比亞,出口總值(含復出口),90,23886
2016-5,39239090,其他供輸送或包裝貨物之塑膠製品,哥斯大黎加,出口總值(含復出口),11,4757
2016-5,39239090,其他供輸送或包裝貨物之塑膠製品,泰國,出口總值(含復出口),61,29844
2016-5,39239090,其他供輸送或包裝貨物之塑膠製品,烏拉圭,出口總值(含復出口),7,2118
2016-5,39239090,其他供輸送或包裝貨物之塑膠製品,紐西蘭,出口總值(含復出口),52,12163
2016-5,39239090,其他供輸送或包裝貨物之塑膠製品,馬來西亞,出口總值(含復出口),91,13586
2016-5,39239090,其他供輸送或包裝貨物之塑膠製品,馬紹爾群島,出口總值(含復出口),0,14
2016-5,39239090,其他供輸送或包裝貨物之塑膠製品,捷克,出口總值(含復出口),7,2050
2016-5,39239090,其他供輸送或包裝貨物之塑膠製品,荷蘭,出口總值(含復出口),40,1484
2016-5,39239090,其他供輸送或包裝貨物之塑膠製品,斐濟,出口總值(含復出口),2,430
2016-5,39239090,其他供輸送或包裝貨物之塑膠製品,斯里蘭卡,出口總值(含復出口),48,33526
2016-5,39239090,其他供輸送或包裝貨物之塑膠製品,菲律賓,出口總值(含復出口),175,70251
2016-5,39239090,其他供輸送或包裝貨物之塑膠製品,越南,出口總值(含復出口),36,18837
2016-5,39239090,其他供輸送或包裝貨物之塑膠製品,新加坡,出口總值(含復出口),97,19691
2016-5,39239090,其他供輸送或包裝貨物之塑膠製品,瑞士,出口總值(含復出口),87,2578
2016-5,39239090,其他供輸送或包裝貨物之塑膠製品,瑞典,出口總值(含復出口),7,1391
2016-5,39239090,其他供輸送或包裝貨物之塑膠製品,義大利,出口總值(含復出口),77,10390
2016-5,39239090,其他供輸送或包裝貨物之塑膠製品,德國,出口總值(含復出口),84,21190
2016-5,39239090,其他供輸送或包裝貨物之塑膠製品,緬甸,出口總值(含復出口),9,1605
2016-5,39239090,其他供輸送或包裝貨物之塑膠製品,黎巴嫩,出口總值(含復出口),3,2000
2016-5,39239090,其他供輸送或包裝貨物之塑膠製品,墨西哥,出口總值(含復出口),32,7759
2016-5,39239090,其他供輸送或包裝貨物之塑膠製品,澳大利亞,出口總值(含復出口),53,13449
2016-5,39239090,其他供輸送或包裝貨物之塑膠製品,薩爾瓦多,出口總值(含復出口),13,10400
2016-5,39239090,其他供輸送或包裝貨物之塑膠製品,羅馬尼亞,出口總值(含復出口),0,126
2016-5,39239090,其他供輸送或包裝貨物之塑膠製品,關島,出口總值(含復出口),4,1760
2016-5,39239090,其他供輸送或包裝貨物之塑膠製品,蘇利南,出口總值(含復出口),1,92
2016-5,39269012,電氣絕緣用塑膠製品,中國大陸,進口總值(含復進口),139,11535
2016-5,39269012,電氣絕緣用塑膠製品,日本,進口總值(含復進口),173,2907
2016-5,39269012,電氣絕緣用塑膠製品,匈牙利,進口總值(含復進口),0,0
2016-5,39269012,電氣絕緣用塑膠製品,南韓,進口總值(含復進口),2,1
2016-5,39269012,電氣絕緣用塑膠製品,美國,進口總值(含復進口),9,158
2016-5,39269012,電氣絕緣用塑膠製品,越南,進口總值(含復進口),12,4618
2016-5,39269012,電氣絕緣用塑膠製品,新加坡,進口總值(含復進口),0,0
2016-5,39269012,電氣絕緣用塑膠製品,瑞士,進口總值(含復進口),0,1
2016-5,39269012,電氣絕緣用塑膠製品,德國,進口總值(含復進口),1,6
2016-5,39269012,電氣絕緣用塑膠製品,千里達及托巴哥,出口總值(含復出口),0,8
2016-5,39269012,電氣絕緣用塑膠製品,土耳其,出口總值(含復出口),73,16176
2016-5,39269012,電氣絕緣用塑膠製品,中國大陸,出口總值(含復出口),299,32924
2016-5,39269012,電氣絕緣用塑膠製品,比利時,出口總值(含復出口),7,1503
2016-5,39269012,電氣絕緣用塑膠製品,加拿大,出口總值(含復出口),238,63991
2016-5,39269012,電氣絕緣用塑膠製品,布吉納法索,出口總值(含復出口),0,1
2016-5,39269012,電氣絕緣用塑膠製品,匈牙利,出口總值(含復出口),2,71
2016-5,39269012,電氣絕緣用塑膠製品,印尼,出口總值(含復出口),20,2421
2016-5,39269012,電氣絕緣用塑膠製品,印度,出口總值(含復出口),109,48018
2016-5,39269012,電氣絕緣用塑膠製品,西班牙,出口總值(含復出口),7,1316
2016-5,39269012,電氣絕緣用塑膠製品,沙烏地阿拉伯,出口總值(含復出口),99,28377
2016-5,39269012,電氣絕緣用塑膠製品,法國,出口總值(含復出口),20,5459
2016-5,39269012,電氣絕緣用塑膠製品,阿拉伯聯合大公國,出口總值(含復出口),4,276
2016-5,39269012,電氣絕緣用塑膠製品,保加利亞,出口總值(含復出口),11,3154
2016-5,39269012,電氣絕緣用塑膠製品,俄羅斯,出口總值(含復出口),45,14859
2016-5,39269012,電氣絕緣用塑膠製品,南韓,出口總值(含復出口),378,132334
2016-5,39269012,電氣絕緣用塑膠製品,柬埔寨,出口總值(含復出口),2,41
2016-5,39269012,電氣絕緣用塑膠製品,科威特,出口總值(含復出口),1,173
2016-5,39269012,電氣絕緣用塑膠製品,約旦,出口總值(含復出口),65,22800
2016-5,39269012,電氣絕緣用塑膠製品,美國,出口總值(含復出口),147,26135
2016-5,39269012,電氣絕緣用塑膠製品,英國,出口總值(含復出口),188,58686
2016-5,39269012,電氣絕緣用塑膠製品,香港,出口總值(含復出口),189,11098
2016-5,39269012,電氣絕緣用塑膠製品,哥倫比亞,出口總值(含復出口),82,30902
2016-5,39269012,電氣絕緣用塑膠製品,哥斯大黎加,出口總值(含復出口),5,1520
2016-5,39269012,電氣絕緣用塑膠製品,埃及,出口總值(含復出口),46,16492
2016-5,39269012,電氣絕緣用塑膠製品,泰國,出口總值(含復出口),5,561
2016-5,39269012,電氣絕緣用塑膠製品,馬來西亞,出口總值(含復出口),0,7
2016-5,39269012,電氣絕緣用塑膠製品,馬紹爾群島,出口總值(含復出口),1,53
2016-5,39269012,電氣絕緣用塑膠製品,馬爾他,出口總值(含復出口),4,1120
2016-5,39269012,電氣絕緣用塑膠製品,捷克,出口總值(含復出口),0,0
2016-5,39269012,電氣絕緣用塑膠製品,菲律賓,出口總值(含復出口),19,13870
2016-5,39269012,電氣絕緣用塑膠製品,越南,出口總值(含復出口),52,1533
2016-5,39269012,電氣絕緣用塑膠製品,新加坡,出口總值(含復出口),8,769
2016-5,39269012,電氣絕緣用塑膠製品,瑞士,出口總值(含復出口),8,1845
2016-5,39269012,電氣絕緣用塑膠製品,義大利,出口總值(含復出口),138,31508
2016-5,39269012,電氣絕緣用塑膠製品,德國,出口總值(含復出口),71,11159
2016-5,39269012,電氣絕緣用塑膠製品,墨西哥,出口總值(含復出口),213,69521
2016-5,39269012,電氣絕緣用塑膠製品,澳大利亞,出口總值(含復出口),75,21924
2016-5,39269012,電氣絕緣用塑膠製品,薩爾瓦多,出口總值(含復出口),0,38
2016-6,39231010,塑膠製箱子、盒子、籃子及類似品，其形狀或適合供運輸或包裝半導體晶圓或網線,中國大陸,進口總值(含復進口),488,49508
2016-6,39231010,塑膠製箱子、盒子、籃子及類似品，其形狀或適合供運輸或包裝半導體晶圓或網線,中華民國,進口總值(含復進口),7,8587
2016-6,39231010,塑膠製箱子、盒子、籃子及類似品，其形狀或適合供運輸或包裝半導體晶圓或網線,巴基斯坦,進口總值(含復進口),0,0
2016-6,39231010,塑膠製箱子、盒子、籃子及類似品，其形狀或適合供運輸或包裝半導體晶圓或網線,日本,進口總值(含復進口),2693,95013
2016-6,39231010,塑膠製箱子、盒子、籃子及類似品，其形狀或適合供運輸或包裝半導體晶圓或網線,印尼,進口總值(含復進口),257,29956
2016-6,39231010,塑膠製箱子、盒子、籃子及類似品，其形狀或適合供運輸或包裝半導體晶圓或網線,南韓,進口總值(含復進口),151,28594
2016-6,39231010,塑膠製箱子、盒子、籃子及類似品，其形狀或適合供運輸或包裝半導體晶圓或網線,美國,進口總值(含復進口),291,20426
2016-6,39231010,塑膠製箱子、盒子、籃子及類似品，其形狀或適合供運輸或包裝半導體晶圓或網線,馬來西亞,進口總值(含復進口),194,22393
2016-6,39231010,塑膠製箱子、盒子、籃子及類似品，其形狀或適合供運輸或包裝半導體晶圓或網線,奧地利,進口總值(含復進口),5,166
2016-6,39231010,塑膠製箱子、盒子、籃子及類似品，其形狀或適合供運輸或包裝半導體晶圓或網線,墨西哥,進口總值(含復進口),1,26
2016-6,39231010,塑膠製箱子、盒子、籃子及類似品，其形狀或適合供運輸或包裝半導體晶圓或網線,中國大陸,出口總值(含復出口),333,42625
2016-6,39231010,塑膠製箱子、盒子、籃子及類似品，其形狀或適合供運輸或包裝半導體晶圓或網線,巴拿馬,出口總值(含復出口),0,2
2016-6,39231010,塑膠製箱子、盒子、籃子及類似品，其形狀或適合供運輸或包裝半導體晶圓或網線,日本,出口總值(含復出口),149,29830
2016-6,39231010,塑膠製箱子、盒子、籃子及類似品，其形狀或適合供運輸或包裝半導體晶圓或網線,比利時,出口總值(含復出口),2,144
2016-6,39231010,塑膠製箱子、盒子、籃子及類似品，其形狀或適合供運輸或包裝半導體晶圓或網線,以色列,出口總值(含復出口),0,10
2016-6,39231010,塑膠製箱子、盒子、籃子及類似品，其形狀或適合供運輸或包裝半導體晶圓或網線,加拿大,出口總值(含復出口),16,7181
2016-6,39231010,塑膠製箱子、盒子、籃子及類似品，其形狀或適合供運輸或包裝半導體晶圓或網線,瓜地馬拉,出口總值(含復出口),19,10092
2016-6,39231010,塑膠製箱子、盒子、籃子及類似品，其形狀或適合供運輸或包裝半導體晶圓或網線,印尼,出口總值(含復出口),10,785
2016-6,39231010,塑膠製箱子、盒子、籃子及類似品，其形狀或適合供運輸或包裝半導體晶圓或網線,印度,出口總值(含復出口),38,9657
2016-6,39231010,塑膠製箱子、盒子、籃子及類似品，其形狀或適合供運輸或包裝半導體晶圓或網線,宏都拉斯,出口總值(含復出口),0,26
2016-6,39231010,塑膠製箱子、盒子、籃子及類似品，其形狀或適合供運輸或包裝半導體晶圓或網線,沙烏地阿拉伯,出口總值(含復出口),27,4480
2016-6,39231010,塑膠製箱子、盒子、籃子及類似品，其形狀或適合供運輸或包裝半導體晶圓或網線,帛琉,出口總值(含復出口),3,519
2016-6,39231010,塑膠製箱子、盒子、籃子及類似品，其形狀或適合供運輸或包裝半導體晶圓或網線,波蘭,出口總值(含復出口),3,1256
2016-6,39231010,塑膠製箱子、盒子、籃子及類似品，其形狀或適合供運輸或包裝半導體晶圓或網線,法國,出口總值(含復出口),0,9
2016-6,39231010,塑膠製箱子、盒子、籃子及類似品，其形狀或適合供運輸或包裝半導體晶圓或網線,阿拉伯聯合大公國,出口總值(含復出口),9,3607
2016-6,39231010,塑膠製箱子、盒子、籃子及類似品，其形狀或適合供運輸或包裝半導體晶圓或網線,俄羅斯,出口總值(含復出口),3,895
2016-6,39231010,塑膠製箱子、盒子、籃子及類似品，其形狀或適合供運輸或包裝半導體晶圓或網線,南非,出口總值(含復出口),5,790
2016-6,39231010,塑膠製箱子、盒子、籃子及類似品，其形狀或適合供運輸或包裝半導體晶圓或網線,南韓,出口總值(含復出口),12,352
2016-6,39231010,塑膠製箱子、盒子、籃子及類似品，其形狀或適合供運輸或包裝半導體晶圓或網線,美國,出口總值(含復出口),389,74273
2016-6,39231010,塑膠製箱子、盒子、籃子及類似品，其形狀或適合供運輸或包裝半導體晶圓或網線,英國,出口總值(含復出口),82,14427
2016-6,39231010,塑膠製箱子、盒子、籃子及類似品，其形狀或適合供運輸或包裝半導體晶圓或網線,香港,出口總值(含復出口),48,4750
2016-6,39231010,塑膠製箱子、盒子、籃子及類似品，其形狀或適合供運輸或包裝半導體晶圓或網線,泰國,出口總值(含復出口),0,75
2016-6,39231010,塑膠製箱子、盒子、籃子及類似品，其形狀或適合供運輸或包裝半導體晶圓或網線,紐西蘭,出口總值(含復出口),6,66
2016-6,39231010,塑膠製箱子、盒子、籃子及類似品，其形狀或適合供運輸或包裝半導體晶圓或網線,馬來西亞,出口總值(含復出口),59,6536
2016-6,39231010,塑膠製箱子、盒子、籃子及類似品，其形狀或適合供運輸或包裝半導體晶圓或網線,荷蘭,出口總值(含復出口),31,6029
2016-6,39231010,塑膠製箱子、盒子、籃子及類似品，其形狀或適合供運輸或包裝半導體晶圓或網線,智利,出口總值(含復出口),0,17
2016-6,39231010,塑膠製箱子、盒子、籃子及類似品，其形狀或適合供運輸或包裝半導體晶圓或網線,菲律賓,出口總值(含復出口),0,460
2016-6,39231010,塑膠製箱子、盒子、籃子及類似品，其形狀或適合供運輸或包裝半導體晶圓或網線,越南,出口總值(含復出口),150,40756
2016-6,39231010,塑膠製箱子、盒子、籃子及類似品，其形狀或適合供運輸或包裝半導體晶圓或網線,新加坡,出口總值(含復出口),26,4273
2016-6,39231010,塑膠製箱子、盒子、籃子及類似品，其形狀或適合供運輸或包裝半導體晶圓或網線,義大利,出口總值(含復出口),3,154
2016-6,39231010,塑膠製箱子、盒子、籃子及類似品，其形狀或適合供運輸或包裝半導體晶圓或網線,德國,出口總值(含復出口),4,184
2016-6,39231010,塑膠製箱子、盒子、籃子及類似品，其形狀或適合供運輸或包裝半導體晶圓或網線,澳大利亞,出口總值(含復出口),8,592
2016-6,39239090,其他供輸送或包裝貨物之塑膠製品,中國大陸,進口總值(含復進口),4011,948968
2016-6,39239090,其他供輸送或包裝貨物之塑膠製品,中華民國,進口總值(含復進口),437,246614
2016-6,39239090,其他供輸送或包裝貨物之塑膠製品,日本,進口總值(含復進口),1570,192227
2016-6,39239090,其他供輸送或包裝貨物之塑膠製品,比利時,進口總值(含復進口),1,206
2016-6,39239090,其他供輸送或包裝貨物之塑膠製品,加拿大,進口總值(含復進口),5,830
2016-6,39239090,其他供輸送或包裝貨物之塑膠製品,印尼,進口總值(含復進口),2,67
2016-6,39239090,其他供輸送或包裝貨物之塑膠製品,印度,進口總值(含復進口),0,18
2016-6,39239090,其他供輸送或包裝貨物之塑膠製品,法國,進口總值(含復進口),0,0
2016-6,39239090,其他供輸送或包裝貨物之塑膠製品,南韓,進口總值(含復進口),1189,348006
2016-6,39239090,其他供輸送或包裝貨物之塑膠製品,美國,進口總值(含復進口),1074,126724
2016-6,39239090,其他供輸送或包裝貨物之塑膠製品,英國,進口總值(含復進口),4,40
2016-6,39239090,其他供輸送或包裝貨物之塑膠製品,香港,進口總值(含復進口),2,2
2016-6,39239090,其他供輸送或包裝貨物之塑膠製品,泰國,進口總值(含復進口),270,88232
2016-6,39239090,其他供輸送或包裝貨物之塑膠製品,馬來西亞,進口總值(含復進口),2137,110941
2016-6,39239090,其他供輸送或包裝貨物之塑膠製品,馬爾他,進口總值(含復進口),10,621
2016-6,39239090,其他供輸送或包裝貨物之塑膠製品,荷蘭,進口總值(含復進口),16,348
2016-6,39239090,其他供輸送或包裝貨物之塑膠製品,菲律賓,進口總值(含復進口),172,43772
2016-6,39239090,其他供輸送或包裝貨物之塑膠製品,越南,進口總值(含復進口),6,872
2016-6,39239090,其他供輸送或包裝貨物之塑膠製品,新加坡,進口總值(含復進口),56,57194
2016-6,39239090,其他供輸送或包裝貨物之塑膠製品,瑞士,進口總值(含復進口),0,2
2016-6,39239090,其他供輸送或包裝貨物之塑膠製品,義大利,進口總值(含復進口),11,2800
2016-6,39239090,其他供輸送或包裝貨物之塑膠製品,德國,進口總值(含復進口),12,1449
2016-6,39239090,其他供輸送或包裝貨物之塑膠製品,墨西哥,進口總值(含復進口),0,4
2016-6,39239090,其他供輸送或包裝貨物之塑膠製品,千里達及托巴哥,出口總值(含復出口),0,26
2016-6,39239090,其他供輸送或包裝貨物之塑膠製品,土耳其,出口總值(含復出口),2,204
2016-6,39239090,其他供輸送或包裝貨物之塑膠製品,中國大陸,出口總值(含復出口),1418,268351
2016-6,39239090,其他供輸送或包裝貨物之塑膠製品,巴布亞紐幾內亞,出口總值(含復出口),2,900
2016-6,39239090,其他供輸送或包裝貨物之塑膠製品,巴西,出口總值(含復出口),2,203
2016-6,39239090,其他供輸送或包裝貨物之塑膠製品,日本,出口總值(含復出口),1202,134795
2016-6,39239090,其他供輸送或包裝貨物之塑膠製品,比利時,出口總值(含復出口),80,2470
2016-6,39239090,其他供輸送或包裝貨物之塑膠製品,以色列,出口總值(含復出口),25,2689
2016-6,39239090,其他供輸送或包裝貨物之塑膠製品,加拿大,出口總值(含復出口),35,7073
2016-6,39239090,其他供輸送或包裝貨物之塑膠製品,卡達,出口總值(含復出口),0,19
2016-6,39239090,其他供輸送或包裝貨物之塑膠製品,尼加拉瓜,出口總值(含復出口),15,4880
2016-6,39239090,其他供輸送或包裝貨物之塑膠製品,瓜地馬拉,出口總值(含復出口),11,11180
2016-6,39239090,其他供輸送或包裝貨物之塑膠製品,印尼,出口總值(含復出口),47,2895
2016-6,39239090,其他供輸送或包裝貨物之塑膠製品,印度,出口總值(含復出口),10,1737
2016-6,39239090,其他供輸送或包裝貨物之塑膠製品,希臘,出口總值(含復出口),12,3155
2016-6,39239090,其他供輸送或包裝貨物之塑膠製品,沙烏地阿拉伯,出口總值(含復出口),80,18140
2016-6,39239090,其他供輸送或包裝貨物之塑膠製品,其他國家,出口總值(含復出口),1,208
2016-6,39239090,其他供輸送或包裝貨物之塑膠製品,孟加拉,出口總值(含復出口),27,16945
2016-6,39239090,其他供輸送或包裝貨物之塑膠製品,波蘭,出口總值(含復出口),2,114
2016-6,39239090,其他供輸送或包裝貨物之塑膠製品,法國,出口總值(含復出口),114,7642
2016-6,39239090,其他供輸送或包裝貨物之塑膠製品,肯亞,出口總值(含復出口),92,60600
2016-6,39239090,其他供輸送或包裝貨物之塑膠製品,阿拉伯聯合大公國,出口總值(含復出口),23,5926
2016-6,39239090,其他供輸送或包裝貨物之塑膠製品,俄羅斯,出口總值(含復出口),37,1589
2016-6,39239090,其他供輸送或包裝貨物之塑膠製品,南非,出口總值(含復出口),45,1383
2016-6,39239090,其他供輸送或包裝貨物之塑膠製品,南韓,出口總值(含復出口),495,277335
2016-6,39239090,其他供輸送或包裝貨物之塑膠製品,柬埔寨,出口總值(含復出口),9,6105
2016-6,39239090,其他供輸送或包裝貨物之塑膠製品,約旦,出口總值(含復出口),4,1290
2016-6,39239090,其他供輸送或包裝貨物之塑膠製品,美國,出口總值(含復出口),1316,351859
2016-6,39239090,其他供輸送或包裝貨物之塑膠製品,英國,出口總值(含復出口),2,104
2016-6,39239090,其他供輸送或包裝貨物之塑膠製品,香港,出口總值(含復出口),353,73066
2016-6,39239090,其他供輸送或包裝貨物之塑膠製品,哥倫比亞,出口總值(含復出口),18,2280
2016-6,39239090,其他供輸送或包裝貨物之塑膠製品,哥斯大黎加,出口總值(含復出口),31,11875
2016-6,39239090,其他供輸送或包裝貨物之塑膠製品,埃及,出口總值(含復出口),80,21850
2016-6,39239090,其他供輸送或包裝貨物之塑膠製品,泰國,出口總值(含復出口),67,13733
2016-6,39239090,其他供輸送或包裝貨物之塑膠製品,紐西蘭,出口總值(含復出口),13,201
2016-6,39239090,其他供輸送或包裝貨物之塑膠製品,馬來西亞,出口總值(含復出口),221,38845
2016-6,39239090,其他供輸送或包裝貨物之塑膠製品,捷克,出口總值(含復出口),0,2
2016-6,39239090,其他供輸送或包裝貨物之塑膠製品,荷蘭,出口總值(含復出口),94,8930
2016-6,39239090,其他供輸送或包裝貨物之塑膠製品,斐濟,出口總值(含復出口),7,2016
2016-6,39239090,其他供輸送或包裝貨物之塑膠製品,斯里蘭卡,出口總值(含復出口),20,15334
2016-6,39239090,其他供輸送或包裝貨物之塑膠製品,斯洛伐克,出口總值(含復出口),0,54
2016-6,39239090,其他供輸送或包裝貨物之塑膠製品,斯洛維尼亞,出口總值(含復出口),1,102
2016-6,39239090,其他供輸送或包裝貨物之塑膠製品,智利,出口總值(含復出口),1,1051
2016-6,39239090,其他供輸送或包裝貨物之塑膠製品,菲律賓,出口總值(含復出口),141,45168
2016-6,39239090,其他供輸送或包裝貨物之塑膠製品,越南,出口總值(含復出口),129,59752
2016-6,39239090,其他供輸送或包裝貨物之塑膠製品,新加坡,出口總值(含復出口),67,7566
2016-6,39239090,其他供輸送或包裝貨物之塑膠製品,瑞士,出口總值(含復出口),83,2384
2016-6,39239090,其他供輸送或包裝貨物之塑膠製品,瑞典,出口總值(含復出口),7,1518
2016-6,39239090,其他供輸送或包裝貨物之塑膠製品,義大利,出口總值(含復出口),89,6021
2016-6,39239090,其他供輸送或包裝貨物之塑膠製品,德國,出口總值(含復出口),125,13107
2016-6,39239090,其他供輸送或包裝貨物之塑膠製品,模里西斯,出口總值(含復出口),11,3193
2016-6,39239090,其他供輸送或包裝貨物之塑膠製品,緬甸,出口總值(含復出口),10,1513
2016-6,39239090,其他供輸送或包裝貨物之塑膠製品,墨西哥,出口總值(含復出口),25,3787
2016-6,39239090,其他供輸送或包裝貨物之塑膠製品,澳大利亞,出口總值(含復出口),20,6601
2016-6,39239090,其他供輸送或包裝貨物之塑膠製品,澳門,出口總值(含復出口),3,500
2016-6,39239090,其他供輸送或包裝貨物之塑膠製品,關島,出口總值(含復出口),7,2474
2016-6,39269012,電氣絕緣用塑膠製品,中國大陸,進口總值(含復進口),6,348
2016-6,39269012,電氣絕緣用塑膠製品,日本,進口總值(含復進口),187,3924
2016-6,39269012,電氣絕緣用塑膠製品,匈牙利,進口總值(含復進口),0,0
2016-6,39269012,電氣絕緣用塑膠製品,法國,進口總值(含復進口),0,2
2016-6,39269012,電氣絕緣用塑膠製品,美國,進口總值(含復進口),32,531
2016-6,39269012,電氣絕緣用塑膠製品,荷蘭,進口總值(含復進口),0,3
2016-6,39269012,電氣絕緣用塑膠製品,越南,進口總值(含復進口),19,7215
2016-6,39269012,電氣絕緣用塑膠製品,德國,進口總值(含復進口),4,80
2016-6,39269012,電氣絕緣用塑膠製品,墨西哥,進口總值(含復進口),1,36
2016-6,39269012,電氣絕緣用塑膠製品,中國大陸,出口總值(含復出口),224,33284
2016-6,39269012,電氣絕緣用塑膠製品,巴西,出口總值(含復出口),7,150
2016-6,39269012,電氣絕緣用塑膠製品,比利時,出口總值(含復出口),33,8418
2016-6,39269012,電氣絕緣用塑膠製品,加拿大,出口總值(含復出口),80,19764
2016-6,39269012,電氣絕緣用塑膠製品,匈牙利,出口總值(含復出口),21,4488
2016-6,39269012,電氣絕緣用塑膠製品,印尼,出口總值(含復出口),2,115
2016-6,39269012,電氣絕緣用塑膠製品,印度,出口總值(含復出口),218,92412
2016-6,39269012,電氣絕緣用塑膠製品,西班牙,出口總值(含復出口),2,90
2016-6,39269012,電氣絕緣用塑膠製品,希臘,出口總值(含復出口),6,982
2016-6,39269012,電氣絕緣用塑膠製品,沙烏地阿拉伯,出口總值(含復出口),73,19699
2016-6,39269012,電氣絕緣用塑膠製品,拉脫維亞,出口總值(含復出口),32,9244
2016-6,39269012,電氣絕緣用塑膠製品,法國,出口總值(含復出口),9,2102
2016-6,39269012,電氣絕緣用塑膠製品,芬蘭,出口總值(含復出口),0,5
2016-6,39269012,電氣絕緣用塑膠製品,阿拉伯聯合大公國,出口總值(含復出口),63,28490
2016-6,39269012,電氣絕緣用塑膠製品,南非,出口總值(含復出口),13,3903
2016-6,39269012,電氣絕緣用塑膠製品,南韓,出口總值(含復出口),340,124304
2016-6,39269012,電氣絕緣用塑膠製品,柬埔寨,出口總值(含復出口),3,86
2016-6,39269012,電氣絕緣用塑膠製品,美國,出口總值(含復出口),159,31076
2016-6,39269012,電氣絕緣用塑膠製品,英國,出口總值(含復出口),21,5691
2016-6,39269012,電氣絕緣用塑膠製品,香港,出口總值(含復出口),206,11998
2016-6,39269012,電氣絕緣用塑膠製品,哥倫比亞,出口總值(含復出口),58,19912
2016-6,39269012,電氣絕緣用塑膠製品,埃及,出口總值(含復出口),61,18765
2016-6,39269012,電氣絕緣用塑膠製品,泰國,出口總值(含復出口),5,74
2016-6,39269012,電氣絕緣用塑膠製品,海地,出口總值(含復出口),10,2319
2016-6,39269012,電氣絕緣用塑膠製品,烏拉圭,出口總值(含復出口),1,53
2016-6,39269012,電氣絕緣用塑膠製品,馬來西亞,出口總值(含復出口),27,1934
2016-6,39269012,電氣絕緣用塑膠製品,捷克,出口總值(含復出口),0,0
2016-6,39269012,電氣絕緣用塑膠製品,敘利亞,出口總值(含復出口),32,11000
2016-6,39269012,電氣絕緣用塑膠製品,荷蘭,出口總值(含復出口),80,21971
2016-6,39269012,電氣絕緣用塑膠製品,斐濟,出口總值(含復出口),8,3000
2016-6,39269012,電氣絕緣用塑膠製品,智利,出口總值(含復出口),11,1997
2016-6,39269012,電氣絕緣用塑膠製品,菲律賓,出口總值(含復出口),14,10380
2016-6,39269012,電氣絕緣用塑膠製品,越南,出口總值(含復出口),6,128
2016-6,39269012,電氣絕緣用塑膠製品,新加坡,出口總值(含復出口),11,5072
2016-6,39269012,電氣絕緣用塑膠製品,瑞典,出口總值(含復出口),15,2877
2016-6,39269012,電氣絕緣用塑膠製品,義大利,出口總值(含復出口),9,1073
2016-6,39269012,電氣絕緣用塑膠製品,德國,出口總值(含復出口),44,8335
2016-6,39269012,電氣絕緣用塑膠製品,黎巴嫩,出口總值(含復出口),50,17863
2016-6,39269012,電氣絕緣用塑膠製品,墨西哥,出口總值(含復出口),231,73678
2016-6,39269012,電氣絕緣用塑膠製品,澳大利亞,出口總值(含復出口),35,9410
2016-7,39231010,塑膠製箱子、盒子、籃子及類似品，其形狀或適合供運輸或包裝半導體晶圓或網線,中國大陸,進口總值(含復進口),143,25455
2016-7,39231010,塑膠製箱子、盒子、籃子及類似品，其形狀或適合供運輸或包裝半導體晶圓或網線,中華民國,進口總值(含復進口),8,4288
2016-7,39231010,塑膠製箱子、盒子、籃子及類似品，其形狀或適合供運輸或包裝半導體晶圓或網線,日本,進口總值(含復進口),1826,64325
2016-7,39231010,塑膠製箱子、盒子、籃子及類似品，其形狀或適合供運輸或包裝半導體晶圓或網線,印尼,進口總值(含復進口),207,23881
2016-7,39231010,塑膠製箱子、盒子、籃子及類似品，其形狀或適合供運輸或包裝半導體晶圓或網線,西班牙,進口總值(含復進口),0,1
2016-7,39231010,塑膠製箱子、盒子、籃子及類似品，其形狀或適合供運輸或包裝半導體晶圓或網線,波蘭,進口總值(含復進口),0,1
2016-7,39231010,塑膠製箱子、盒子、籃子及類似品，其形狀或適合供運輸或包裝半導體晶圓或網線,南韓,進口總值(含復進口),101,25087
2016-7,39231010,塑膠製箱子、盒子、籃子及類似品，其形狀或適合供運輸或包裝半導體晶圓或網線,美國,進口總值(含復進口),831,45443
2016-7,39231010,塑膠製箱子、盒子、籃子及類似品，其形狀或適合供運輸或包裝半導體晶圓或網線,泰國,進口總值(含復進口),1,145
2016-7,39231010,塑膠製箱子、盒子、籃子及類似品，其形狀或適合供運輸或包裝半導體晶圓或網線,馬來西亞,進口總值(含復進口),564,31905
2016-7,39231010,塑膠製箱子、盒子、籃子及類似品，其形狀或適合供運輸或包裝半導體晶圓或網線,菲律賓,進口總值(含復進口),3,160
2016-7,39231010,塑膠製箱子、盒子、籃子及類似品，其形狀或適合供運輸或包裝半導體晶圓或網線,新加坡,進口總值(含復進口),0,2
2016-7,39231010,塑膠製箱子、盒子、籃子及類似品，其形狀或適合供運輸或包裝半導體晶圓或網線,義大利,進口總值(含復進口),0,1
2016-7,39231010,塑膠製箱子、盒子、籃子及類似品，其形狀或適合供運輸或包裝半導體晶圓或網線,德國,進口總值(含復進口),20,1412
2016-7,39231010,塑膠製箱子、盒子、籃子及類似品，其形狀或適合供運輸或包裝半導體晶圓或網線,大溪地,出口總值(含復出口),5,706
2016-7,39231010,塑膠製箱子、盒子、籃子及類似品，其形狀或適合供運輸或包裝半導體晶圓或網線,中國大陸,出口總值(含復出口),395,40030
2016-7,39231010,塑膠製箱子、盒子、籃子及類似品，其形狀或適合供運輸或包裝半導體晶圓或網線,巴西,出口總值(含復出口),8,624
2016-7,39231010,塑膠製箱子、盒子、籃子及類似品，其形狀或適合供運輸或包裝半導體晶圓或網線,日本,出口總值(含復出口),303,54028
2016-7,39231010,塑膠製箱子、盒子、籃子及類似品，其形狀或適合供運輸或包裝半導體晶圓或網線,比利時,出口總值(含復出口),19,1110
2016-7,39231010,塑膠製箱子、盒子、籃子及類似品，其形狀或適合供運輸或包裝半導體晶圓或網線,加拿大,出口總值(含復出口),2,386
2016-7,39231010,塑膠製箱子、盒子、籃子及類似品，其形狀或適合供運輸或包裝半導體晶圓或網線,瓜地馬拉,出口總值(含復出口),1,385
2016-7,39231010,塑膠製箱子、盒子、籃子及類似品，其形狀或適合供運輸或包裝半導體晶圓或網線,印尼,出口總值(含復出口),18,1406
2016-7,39231010,塑膠製箱子、盒子、籃子及類似品，其形狀或適合供運輸或包裝半導體晶圓或網線,印度,出口總值(含復出口),7,1120
2016-7,39231010,塑膠製箱子、盒子、籃子及類似品，其形狀或適合供運輸或包裝半導體晶圓或網線,法國,出口總值(含復出口),30,6422
2016-7,39231010,塑膠製箱子、盒子、籃子及類似品，其形狀或適合供運輸或包裝半導體晶圓或網線,阿拉伯聯合大公國,出口總值(含復出口),16,11790
2016-7,39231010,塑膠製箱子、盒子、籃子及類似品，其形狀或適合供運輸或包裝半導體晶圓或網線,南韓,出口總值(含復出口),46,3492
2016-7,39231010,塑膠製箱子、盒子、籃子及類似品，其形狀或適合供運輸或包裝半導體晶圓或網線,美國,出口總值(含復出口),361,83983
2016-7,39231010,塑膠製箱子、盒子、籃子及類似品，其形狀或適合供運輸或包裝半導體晶圓或網線,英國,出口總值(含復出口),80,20394
2016-7,39231010,塑膠製箱子、盒子、籃子及類似品，其形狀或適合供運輸或包裝半導體晶圓或網線,香港,出口總值(含復出口),30,7510
2016-7,39231010,塑膠製箱子、盒子、籃子及類似品，其形狀或適合供運輸或包裝半導體晶圓或網線,納米比亞,出口總值(含復出口),0,130
2016-7,39231010,塑膠製箱子、盒子、籃子及類似品，其形狀或適合供運輸或包裝半導體晶圓或網線,馬來西亞,出口總值(含復出口),63,7061
2016-7,39231010,塑膠製箱子、盒子、籃子及類似品，其形狀或適合供運輸或包裝半導體晶圓或網線,荷蘭,出口總值(含復出口),0,17
2016-7,39231010,塑膠製箱子、盒子、籃子及類似品，其形狀或適合供運輸或包裝半導體晶圓或網線,越南,出口總值(含復出口),24,5550
2016-7,39231010,塑膠製箱子、盒子、籃子及類似品，其形狀或適合供運輸或包裝半導體晶圓或網線,新加坡,出口總值(含復出口),32,9376
2016-7,39231010,塑膠製箱子、盒子、籃子及類似品，其形狀或適合供運輸或包裝半導體晶圓或網線,義大利,出口總值(含復出口),3,99
2016-7,39231010,塑膠製箱子、盒子、籃子及類似品，其形狀或適合供運輸或包裝半導體晶圓或網線,德國,出口總值(含復出口),1,104
2016-7,39231010,塑膠製箱子、盒子、籃子及類似品，其形狀或適合供運輸或包裝半導體晶圓或網線,澳大利亞,出口總值(含復出口),19,4676
2016-7,39239090,其他供輸送或包裝貨物之塑膠製品,中國大陸,進口總值(含復進口),4082,1024007
2016-7,39239090,其他供輸送或包裝貨物之塑膠製品,中華民國,進口總值(含復進口),374,192834
2016-7,39239090,其他供輸送或包裝貨物之塑膠製品,日本,進口總值(含復進口),1502,153838
2016-7,39239090,其他供輸送或包裝貨物之塑膠製品,比利時,進口總值(含復進口),1,206
2016-7,39239090,其他供輸送或包裝貨物之塑膠製品,加拿大,進口總值(含復進口),9,1740
2016-7,39239090,其他供輸送或包裝貨物之塑膠製品,拉脫維亞,進口總值(含復進口),1,60
2016-7,39239090,其他供輸送或包裝貨物之塑膠製品,波蘭,進口總值(含復進口),0,38
2016-7,39239090,其他供輸送或包裝貨物之塑膠製品,法國,進口總值(含復進口),0,10
2016-7,39239090,其他供輸送或包裝貨物之塑膠製品,南韓,進口總值(含復進口),1469,356275
2016-7,39239090,其他供輸送或包裝貨物之塑膠製品,美國,進口總值(含復進口),863,102337
2016-7,39239090,其他供輸送或包裝貨物之塑膠製品,香港,進口總值(含復進口),2,4
2016-7,39239090,其他供輸送或包裝貨物之塑膠製品,泰國,進口總值(含復進口),311,46361
2016-7,39239090,其他供輸送或包裝貨物之塑膠製品,馬來西亞,進口總值(含復進口),1338,86997
2016-7,39239090,其他供輸送或包裝貨物之塑膠製品,捷克,進口總值(含復進口),4,2387
2016-7,39239090,其他供輸送或包裝貨物之塑膠製品,荷蘭,進口總值(含復進口),9,118
2016-7,39239090,其他供輸送或包裝貨物之塑膠製品,菲律賓,進口總值(含復進口),254,48783
2016-7,39239090,其他供輸送或包裝貨物之塑膠製品,越南,進口總值(含復進口),26,7004
2016-7,39239090,其他供輸送或包裝貨物之塑膠製品,新加坡,進口總值(含復進口),84,44641
2016-7,39239090,其他供輸送或包裝貨物之塑膠製品,瑞士,進口總值(含復進口),0,4
2016-7,39239090,其他供輸送或包裝貨物之塑膠製品,義大利,進口總值(含復進口),11,2757
2016-7,39239090,其他供輸送或包裝貨物之塑膠製品,葡萄牙,進口總值(含復進口),1,106
2016-7,39239090,其他供輸送或包裝貨物之塑膠製品,德國,進口總值(含復進口),298,8982
2016-7,39239090,其他供輸送或包裝貨物之塑膠製品,澳大利亞,進口總值(含復進口),1,2
2016-7,39239090,其他供輸送或包裝貨物之塑膠製品,土耳其,出口總值(含復出口),28,1292
2016-7,39239090,其他供輸送或包裝貨物之塑膠製品,中國大陸,出口總值(含復出口),1753,342563
2016-7,39239090,其他供輸送或包裝貨物之塑膠製品,巴西,出口總值(含復出口),65,15602
2016-7,39239090,其他供輸送或包裝貨物之塑膠製品,日本,出口總值(含復出口),1277,143884
2016-7,39239090,其他供輸送或包裝貨物之塑膠製品,比利時,出口總值(含復出口),24,3701
2016-7,39239090,其他供輸送或包裝貨物之塑膠製品,以色列,出口總值(含復出口),10,1001
2016-7,39239090,其他供輸送或包裝貨物之塑膠製品,加拿大,出口總值(含復出口),81,19402
2016-7,39239090,其他供輸送或包裝貨物之塑膠製品,印尼,出口總值(含復出口),106,21515
2016-7,39239090,其他供輸送或包裝貨物之塑膠製品,印度,出口總值(含復出口),56,27980
2016-7,39239090,其他供輸送或包裝貨物之塑膠製品,希臘,出口總值(含復出口),11,5151
2016-7,39239090,其他供輸送或包裝貨物之塑膠製品,沙烏地阿拉伯,出口總值(含復出口),6,3758
2016-7,39239090,其他供輸送或包裝貨物之塑膠製品,汶萊,出口總值(含復出口),0,25
2016-7,39239090,其他供輸送或包裝貨物之塑膠製品,貝里斯,出口總值(含復出口),3,1480
2016-7,39239090,其他供輸送或包裝貨物之塑膠製品,其他國家,出口總值(含復出口),1,232
2016-7,39239090,其他供輸送或包裝貨物之塑膠製品,孟加拉,出口總值(含復出口),0,19
2016-7,39239090,其他供輸送或包裝貨物之塑膠製品,帛琉,出口總值(含復出口),0,55
2016-7,39239090,其他供輸送或包裝貨物之塑膠製品,波蘭,出口總值(含復出口),2,48
2016-7,39239090,其他供輸送或包裝貨物之塑膠製品,法國,出口總值(含復出口),104,9344
2016-7,39239090,其他供輸送或包裝貨物之塑膠製品,肯亞,出口總值(含復出口),91,60180
2016-7,39239090,其他供輸送或包裝貨物之塑膠製品,阿拉伯聯合大公國,出口總值(含復出口),17,8197
2016-7,39239090,其他供輸送或包裝貨物之塑膠製品,俄羅斯,出口總值(含復出口),8,1860
2016-7,39239090,其他供輸送或包裝貨物之塑膠製品,南非,出口總值(含復出口),44,1185
2016-7,39239090,其他供輸送或包裝貨物之塑膠製品,南韓,出口總值(含復出口),353,155142
2016-7,39239090,其他供輸送或包裝貨物之塑膠製品,柬埔寨,出口總值(含復出口),6,2475
2016-7,39239090,其他供輸送或包裝貨物之塑膠製品,美國,出口總值(含復出口),977,208400
2016-7,39239090,其他供輸送或包裝貨物之塑膠製品,英國,出口總值(含復出口),24,3354
2016-7,39239090,其他供輸送或包裝貨物之塑膠製品,香港,出口總值(含復出口),343,53518
2016-7,39239090,其他供輸送或包裝貨物之塑膠製品,哥倫比亞,出口總值(含復出口),21,2149
2016-7,39239090,其他供輸送或包裝貨物之塑膠製品,哥斯大黎加,出口總值(含復出口),14,4934
2016-7,39239090,其他供輸送或包裝貨物之塑膠製品,挪威,出口總值(含復出口),0,26
2016-7,39239090,其他供輸送或包裝貨物之塑膠製品,泰國,出口總值(含復出口),56,3542
2016-7,39239090,其他供輸送或包裝貨物之塑膠製品,紐西蘭,出口總值(含復出口),34,1084
2016-7,39239090,其他供輸送或包裝貨物之塑膠製品,馬來西亞,出口總值(含復出口),137,22911
2016-7,39239090,其他供輸送或包裝貨物之塑膠製品,捷克,出口總值(含復出口),1,540
2016-7,39239090,其他供輸送或包裝貨物之塑膠製品,荷蘭,出口總值(含復出口),119,6779
2016-7,39239090,其他供輸送或包裝貨物之塑膠製品,斯里蘭卡,出口總值(含復出口),16,8400
2016-7,39239090,其他供輸送或包裝貨物之塑膠製品,斯洛伐克,出口總值(含復出口),1,54
2016-7,39239090,其他供輸送或包裝貨物之塑膠製品,菲律賓,出口總值(含復出口),182,48257
2016-7,39239090,其他供輸送或包裝貨物之塑膠製品,越南,出口總值(含復出口),92,26734
2016-7,39239090,其他供輸送或包裝貨物之塑膠製品,奧地利,出口總值(含復出口),10,2075
2016-7,39239090,其他供輸送或包裝貨物之塑膠製品,新加坡,出口總值(含復出口),62,9999
2016-7,39239090,其他供輸送或包裝貨物之塑膠製品,瑞士,出口總值(含復出口),15,474
2016-7,39239090,其他供輸送或包裝貨物之塑膠製品,瑞典,出口總值(含復出口),2,551
2016-7,39239090,其他供輸送或包裝貨物之塑膠製品,義大利,出口總值(含復出口),55,4725
2016-7,39239090,其他供輸送或包裝貨物之塑膠製品,德國,出口總值(含復出口),146,19737
2016-7,39239090,其他供輸送或包裝貨物之塑膠製品,模里西斯,出口總值(含復出口),19,6270
2016-7,39239090,其他供輸送或包裝貨物之塑膠製品,緬甸,出口總值(含復出口),7,723
2016-7,39239090,其他供輸送或包裝貨物之塑膠製品,黎巴嫩,出口總值(含復出口),1,112
2016-7,39239090,其他供輸送或包裝貨物之塑膠製品,墨西哥,出口總值(含復出口),36,3739
2016-7,39239090,其他供輸送或包裝貨物之塑膠製品,澳大利亞,出口總值(含復出口),32,8150
2016-7,39239090,其他供輸送或包裝貨物之塑膠製品,澳門,出口總值(含復出口),1,193
2016-7,39269012,電氣絕緣用塑膠製品,中國大陸,進口總值(含復進口),134,20431
2016-7,39269012,電氣絕緣用塑膠製品,日本,進口總值(含復進口),213,1640
2016-7,39269012,電氣絕緣用塑膠製品,匈牙利,進口總值(含復進口),0,0
2016-7,39269012,電氣絕緣用塑膠製品,印度,進口總值(含復進口),8,503
2016-7,39269012,電氣絕緣用塑膠製品,法國,進口總值(含復進口),1,5
2016-7,39269012,電氣絕緣用塑膠製品,南韓,進口總值(含復進口),5,229
2016-7,39269012,電氣絕緣用塑膠製品,美國,進口總值(含復進口),2,15
2016-7,39269012,電氣絕緣用塑膠製品,英國,進口總值(含復進口),3,1
2016-7,39269012,電氣絕緣用塑膠製品,越南,進口總值(含復進口),19,7080
2016-7,39269012,電氣絕緣用塑膠製品,德國,進口總值(含復進口),0,0
2016-7,39269012,電氣絕緣用塑膠製品,墨西哥,進口總值(含復進口),0,16
2016-7,39269012,電氣絕緣用塑膠製品,土耳其,出口總值(含復出口),2,660
2016-7,39269012,電氣絕緣用塑膠製品,中國大陸,出口總值(含復出口),341,38760
2016-7,39269012,電氣絕緣用塑膠製品,日本,出口總值(含復出口),12,1280
2016-7,39269012,電氣絕緣用塑膠製品,加拿大,出口總值(含復出口),84,19433
2016-7,39269012,電氣絕緣用塑膠製品,瓜地馬拉,出口總值(含復出口),0,8
2016-7,39269012,電氣絕緣用塑膠製品,印尼,出口總值(含復出口),39,1808
2016-7,39269012,電氣絕緣用塑膠製品,印度,出口總值(含復出口),217,90617
2016-7,39269012,電氣絕緣用塑膠製品,西班牙,出口總值(含復出口),4,106
2016-7,39269012,電氣絕緣用塑膠製品,希臘,出口總值(含復出口),9,2660
2016-7,39269012,電氣絕緣用塑膠製品,沙烏地阿拉伯,出口總值(含復出口),67,19142
2016-7,39269012,電氣絕緣用塑膠製品,法國,出口總值(含復出口),17,4202
2016-7,39269012,電氣絕緣用塑膠製品,阿拉伯聯合大公國,出口總值(含復出口),8,1559
2016-7,39269012,電氣絕緣用塑膠製品,俄羅斯,出口總值(含復出口),45,14804
2016-7,39269012,電氣絕緣用塑膠製品,南非,出口總值(含復出口),3,1740
2016-7,39269012,電氣絕緣用塑膠製品,南韓,出口總值(含復出口),366,131367
2016-7,39269012,電氣絕緣用塑膠製品,柬埔寨,出口總值(含復出口),9,495
2016-7,39269012,電氣絕緣用塑膠製品,科威特,出口總值(含復出口),5,783
2016-7,39269012,電氣絕緣用塑膠製品,約旦,出口總值(含復出口),65,22040
2016-7,39269012,電氣絕緣用塑膠製品,美國,出口總值(含復出口),87,19740
2016-7,39269012,電氣絕緣用塑膠製品,英國,出口總值(含復出口),30,8429
2016-7,39269012,電氣絕緣用塑膠製品,香港,出口總值(含復出口),144,8418
2016-7,39269012,電氣絕緣用塑膠製品,泰國,出口總值(含復出口),8,933
2016-7,39269012,電氣絕緣用塑膠製品,納米比亞,出口總值(含復出口),0,11
2016-7,39269012,電氣絕緣用塑膠製品,馬來西亞,出口總值(含復出口),9,568
2016-7,39269012,電氣絕緣用塑膠製品,荷蘭,出口總值(含復出口),39,11748
2016-7,39269012,電氣絕緣用塑膠製品,智利,出口總值(含復出口),0,47
2016-7,39269012,電氣絕緣用塑膠製品,菲律賓,出口總值(含復出口),21,15769
2016-7,39269012,電氣絕緣用塑膠製品,越南,出口總值(含復出口),66,1909
2016-7,39269012,電氣絕緣用塑膠製品,奧地利,出口總值(含復出口),5,268
2016-7,39269012,電氣絕緣用塑膠製品,瑞士,出口總值(含復出口),8,1763
2016-7,39269012,電氣絕緣用塑膠製品,德國,出口總值(含復出口),19,4747
2016-7,39269012,電氣絕緣用塑膠製品,模里西斯,出口總值(含復出口),7,1895
2016-7,39269012,電氣絕緣用塑膠製品,墨西哥,出口總值(含復出口),208,68557
2016-7,39269012,電氣絕緣用塑膠製品,澳大利亞,出口總值(含復出口),15,4000
2016-7,39269012,電氣絕緣用塑膠製品,薩爾瓦多,出口總值(含復出口),1,28
2016-8,39231010,塑膠製箱子、盒子、籃子及類似品，其形狀或適合供運輸或包裝半導體晶圓或網線,土耳其,進口總值(含復進口),4,746
2016-8,39231010,塑膠製箱子、盒子、籃子及類似品，其形狀或適合供運輸或包裝半導體晶圓或網線,中國大陸,進口總值(含復進口),431,40888
2016-8,39231010,塑膠製箱子、盒子、籃子及類似品，其形狀或適合供運輸或包裝半導體晶圓或網線,中華民國,進口總值(含復進口),6,6482
2016-8,39231010,塑膠製箱子、盒子、籃子及類似品，其形狀或適合供運輸或包裝半導體晶圓或網線,日本,進口總值(含復進口),2253,93333
2016-8,39231010,塑膠製箱子、盒子、籃子及類似品，其形狀或適合供運輸或包裝半導體晶圓或網線,印尼,進口總值(含復進口),388,45947
2016-8,39231010,塑膠製箱子、盒子、籃子及類似品，其形狀或適合供運輸或包裝半導體晶圓或網線,西班牙,進口總值(含復進口),18,4666
2016-8,39231010,塑膠製箱子、盒子、籃子及類似品，其形狀或適合供運輸或包裝半導體晶圓或網線,波蘭,進口總值(含復進口),1,33
2016-8,39231010,塑膠製箱子、盒子、籃子及類似品，其形狀或適合供運輸或包裝半導體晶圓或網線,南韓,進口總值(含復進口),159,30861
2016-8,39231010,塑膠製箱子、盒子、籃子及類似品，其形狀或適合供運輸或包裝半導體晶圓或網線,美國,進口總值(含復進口),1070,67327
2016-8,39231010,塑膠製箱子、盒子、籃子及類似品，其形狀或適合供運輸或包裝半導體晶圓或網線,馬來西亞,進口總值(含復進口),3170,60131
2016-8,39231010,塑膠製箱子、盒子、籃子及類似品，其形狀或適合供運輸或包裝半導體晶圓或網線,墨西哥,進口總值(含復進口),4,102
2016-8,39231010,塑膠製箱子、盒子、籃子及類似品，其形狀或適合供運輸或包裝半導體晶圓或網線,土耳其,出口總值(含復出口),0,5
2016-8,39231010,塑膠製箱子、盒子、籃子及類似品，其形狀或適合供運輸或包裝半導體晶圓或網線,中國大陸,出口總值(含復出口),618,68474
2016-8,39231010,塑膠製箱子、盒子、籃子及類似品，其形狀或適合供運輸或包裝半導體晶圓或網線,日本,出口總值(含復出口),215,26286
2016-8,39231010,塑膠製箱子、盒子、籃子及類似品，其形狀或適合供運輸或包裝半導體晶圓或網線,比利時,出口總值(含復出口),2,96
2016-8,39231010,塑膠製箱子、盒子、籃子及類似品，其形狀或適合供運輸或包裝半導體晶圓或網線,以色列,出口總值(含復出口),8,564
2016-8,39231010,塑膠製箱子、盒子、籃子及類似品，其形狀或適合供運輸或包裝半導體晶圓或網線,加拿大,出口總值(含復出口),3,977
2016-8,39231010,塑膠製箱子、盒子、籃子及類似品，其形狀或適合供運輸或包裝半導體晶圓或網線,印度,出口總值(含復出口),55,15545
2016-8,39231010,塑膠製箱子、盒子、籃子及類似品，其形狀或適合供運輸或包裝半導體晶圓或網線,汶萊,出口總值(含復出口),119,22357
2016-8,39231010,塑膠製箱子、盒子、籃子及類似品，其形狀或適合供運輸或包裝半導體晶圓或網線,帛琉,出口總值(含復出口),4,644
2016-8,39231010,塑膠製箱子、盒子、籃子及類似品，其形狀或適合供運輸或包裝半導體晶圓或網線,阿拉伯聯合大公國,出口總值(含復出口),7,4151
2016-8,39231010,塑膠製箱子、盒子、籃子及類似品，其形狀或適合供運輸或包裝半導體晶圓或網線,南韓,出口總值(含復出口),89,13214
2016-8,39231010,塑膠製箱子、盒子、籃子及類似品，其形狀或適合供運輸或包裝半導體晶圓或網線,美國,出口總值(含復出口),189,46719
2016-8,39231010,塑膠製箱子、盒子、籃子及類似品，其形狀或適合供運輸或包裝半導體晶圓或網線,英國,出口總值(含復出口),38,7641
2016-8,39231010,塑膠製箱子、盒子、籃子及類似品，其形狀或適合供運輸或包裝半導體晶圓或網線,香港,出口總值(含復出口),73,1162
2016-8,39231010,塑膠製箱子、盒子、籃子及類似品，其形狀或適合供運輸或包裝半導體晶圓或網線,哥斯大黎加,出口總值(含復出口),0,440
2016-8,39231010,塑膠製箱子、盒子、籃子及類似品，其形狀或適合供運輸或包裝半導體晶圓或網線,挪威,出口總值(含復出口),8,2661
2016-8,39231010,塑膠製箱子、盒子、籃子及類似品，其形狀或適合供運輸或包裝半導體晶圓或網線,泰國,出口總值(含復出口),20,5705
2016-8,39231010,塑膠製箱子、盒子、籃子及類似品，其形狀或適合供運輸或包裝半導體晶圓或網線,馬來西亞,出口總值(含復出口),40,4164
2016-8,39231010,塑膠製箱子、盒子、籃子及類似品，其形狀或適合供運輸或包裝半導體晶圓或網線,馬紹爾群島,出口總值(含復出口),2,510
2016-8,39231010,塑膠製箱子、盒子、籃子及類似品，其形狀或適合供運輸或包裝半導體晶圓或網線,密克羅尼西亞,出口總值(含復出口),1,181
2016-8,39231010,塑膠製箱子、盒子、籃子及類似品，其形狀或適合供運輸或包裝半導體晶圓或網線,荷蘭,出口總值(含復出口),3,115
2016-8,39231010,塑膠製箱子、盒子、籃子及類似品，其形狀或適合供運輸或包裝半導體晶圓或網線,菲律賓,出口總值(含復出口),13,4414
2016-8,39231010,塑膠製箱子、盒子、籃子及類似品，其形狀或適合供運輸或包裝半導體晶圓或網線,越南,出口總值(含復出口),28,8206
2016-8,39231010,塑膠製箱子、盒子、籃子及類似品，其形狀或適合供運輸或包裝半導體晶圓或網線,新加坡,出口總值(含復出口),55,8014
2016-8,39231010,塑膠製箱子、盒子、籃子及類似品，其形狀或適合供運輸或包裝半導體晶圓或網線,瑞典,出口總值(含復出口),1,300
2016-8,39231010,塑膠製箱子、盒子、籃子及類似品，其形狀或適合供運輸或包裝半導體晶圓或網線,義大利,出口總值(含復出口),22,1336
2016-8,39231010,塑膠製箱子、盒子、籃子及類似品，其形狀或適合供運輸或包裝半導體晶圓或網線,德國,出口總值(含復出口),122,11794
2016-8,39231010,塑膠製箱子、盒子、籃子及類似品，其形狀或適合供運輸或包裝半導體晶圓或網線,墨西哥,出口總值(含復出口),30,16632
2016-8,39231010,塑膠製箱子、盒子、籃子及類似品，其形狀或適合供運輸或包裝半導體晶圓或網線,澳大利亞,出口總值(含復出口),71,14399
2016-8,39239090,其他供輸送或包裝貨物之塑膠製品,中國大陸,進口總值(含復進口),4722,1069279
2016-8,39239090,其他供輸送或包裝貨物之塑膠製品,中華民國,進口總值(含復進口),404,224189
2016-8,39239090,其他供輸送或包裝貨物之塑膠製品,日本,進口總值(含復進口),1923,284434
2016-8,39239090,其他供輸送或包裝貨物之塑膠製品,比利時,進口總值(含復進口),1,455
2016-8,39239090,其他供輸送或包裝貨物之塑膠製品,加拿大,進口總值(含復進口),3,365
2016-8,39239090,其他供輸送或包裝貨物之塑膠製品,印度,進口總值(含復進口),0,112
2016-8,39239090,其他供輸送或包裝貨物之塑膠製品,拉脫維亞,進口總值(含復進口),1,50
2016-8,39239090,其他供輸送或包裝貨物之塑膠製品,波蘭,進口總值(含復進口),0,7
2016-8,39239090,其他供輸送或包裝貨物之塑膠製品,法國,進口總值(含復進口),0,68
2016-8,39239090,其他供輸送或包裝貨物之塑膠製品,南韓,進口總值(含復進口),1288,286031
2016-8,39239090,其他供輸送或包裝貨物之塑膠製品,美國,進口總值(含復進口),378,49175
2016-8,39239090,其他供輸送或包裝貨物之塑膠製品,英國,進口總值(含復進口),2,4
2016-8,39239090,其他供輸送或包裝貨物之塑膠製品,香港,進口總值(含復進口),1,0
2016-8,39239090,其他供輸送或包裝貨物之塑膠製品,泰國,進口總值(含復進口),227,46636
2016-8,39239090,其他供輸送或包裝貨物之塑膠製品,馬來西亞,進口總值(含復進口),1178,112087
2016-8,39239090,其他供輸送或包裝貨物之塑膠製品,荷蘭,進口總值(含復進口),13,787
2016-8,39239090,其他供輸送或包裝貨物之塑膠製品,斯洛維尼亞,進口總值(含復進口),0,5
2016-8,39239090,其他供輸送或包裝貨物之塑膠製品,菲律賓,進口總值(含復進口),313,64865
2016-8,39239090,其他供輸送或包裝貨物之塑膠製品,越南,進口總值(含復進口),9,1359
2016-8,39239090,其他供輸送或包裝貨物之塑膠製品,新加坡,進口總值(含復進口),67,53378
2016-8,39239090,其他供輸送或包裝貨物之塑膠製品,瑞士,進口總值(含復進口),9,192
2016-8,39239090,其他供輸送或包裝貨物之塑膠製品,瑞典,進口總值(含復進口),2,361
2016-8,39239090,其他供輸送或包裝貨物之塑膠製品,義大利,進口總值(含復進口),6,104
2016-8,39239090,其他供輸送或包裝貨物之塑膠製品,德國,進口總值(含復進口),78,11667
2016-8,39239090,其他供輸送或包裝貨物之塑膠製品,墨西哥,進口總值(含復進口),0,4
2016-8,39239090,其他供輸送或包裝貨物之塑膠製品,土耳其,出口總值(含復出口),43,4553
2016-8,39239090,其他供輸送或包裝貨物之塑膠製品,大溪地,出口總值(含復出口),2,549
2016-8,39239090,其他供輸送或包裝貨物之塑膠製品,中國大陸,出口總值(含復出口),1970,406105
2016-8,39239090,其他供輸送或包裝貨物之塑膠製品,巴西,出口總值(含復出口),27,10274
2016-8,39239090,其他供輸送或包裝貨物之塑膠製品,巴拿馬,出口總值(含復出口),33,7146
2016-8,39239090,其他供輸送或包裝貨物之塑膠製品,巴基斯坦,出口總值(含復出口),3,1344
2016-8,39239090,其他供輸送或包裝貨物之塑膠製品,日本,出口總值(含復出口),959,105747
2016-8,39239090,其他供輸送或包裝貨物之塑膠製品,比利時,出口總值(含復出口),39,3031
2016-8,39239090,其他供輸送或包裝貨物之塑膠製品,以色列,出口總值(含復出口),0,23
2016-8,39239090,其他供輸送或包裝貨物之塑膠製品,加拿大,出口總值(含復出口),143,18669
2016-8,39239090,其他供輸送或包裝貨物之塑膠製品,瓜地馬拉,出口總值(含復出口),9,8526
2016-8,39239090,其他供輸送或包裝貨物之塑膠製品,伊朗,出口總值(含復出口),3,300
2016-8,39239090,其他供輸送或包裝貨物之塑膠製品,印尼,出口總值(含復出口),91,11147
2016-8,39239090,其他供輸送或包裝貨物之塑膠製品,印度,出口總值(含復出口),16,7503
2016-8,39239090,其他供輸送或包裝貨物之塑膠製品,沙烏地阿拉伯,出口總值(含復出口),43,27532
2016-8,39239090,其他供輸送或包裝貨物之塑膠製品,其他國家,出口總值(含復出口),1,414
2016-8,39239090,其他供輸送或包裝貨物之塑膠製品,孟加拉,出口總值(含復出口),22,7940
2016-8,39239090,其他供輸送或包裝貨物之塑膠製品,波蘭,出口總值(含復出口),4,159
2016-8,39239090,其他供輸送或包裝貨物之塑膠製品,法國,出口總值(含復出口),83,3291
2016-8,39239090,其他供輸送或包裝貨物之塑膠製品,肯亞,出口總值(含復出口),2,125
2016-8,39239090,其他供輸送或包裝貨物之塑膠製品,阿拉伯聯合大公國,出口總值(含復出口),2,1035
2016-8,39239090,其他供輸送或包裝貨物之塑膠製品,俄羅斯,出口總值(含復出口),16,1091
2016-8,39239090,其他供輸送或包裝貨物之塑膠製品,南非,出口總值(含復出口),12,265
2016-8,39239090,其他供輸送或包裝貨物之塑膠製品,南韓,出口總值(含復出口),402,199869
2016-8,39239090,其他供輸送或包裝貨物之塑膠製品,柬埔寨,出口總值(含復出口),16,7301
2016-8,39239090,其他供輸送或包裝貨物之塑膠製品,美國,出口總值(含復出口),1048,311003
2016-8,39239090,其他供輸送或包裝貨物之塑膠製品,英國,出口總值(含復出口),3,162
2016-8,39239090,其他供輸送或包裝貨物之塑膠製品,香港,出口總值(含復出口),301,88137
2016-8,39239090,其他供輸送或包裝貨物之塑膠製品,哥斯大黎加,出口總值(含復出口),14,5360
2016-8,39239090,其他供輸送或包裝貨物之塑膠製品,泰國,出口總值(含復出口),96,25327
2016-8,39239090,其他供輸送或包裝貨物之塑膠製品,秘魯,出口總值(含復出口),11,1995
2016-8,39239090,其他供輸送或包裝貨物之塑膠製品,紐西蘭,出口總值(含復出口),28,488
2016-8,39239090,其他供輸送或包裝貨物之塑膠製品,馬來西亞,出口總值(含復出口),112,23214
2016-8,39239090,其他供輸送或包裝貨物之塑膠製品,捷克,出口總值(含復出口),3,1248
2016-8,39239090,其他供輸送或包裝貨物之塑膠製品,荷蘭,出口總值(含復出口),36,1551
2016-8,39239090,其他供輸送或包裝貨物之塑膠製品,幾內亞,出口總值(含復出口),0,96
2016-8,39239090,其他供輸送或包裝貨物之塑膠製品,斯里蘭卡,出口總值(含復出口),34,20551
2016-8,39239090,其他供輸送或包裝貨物之塑膠製品,菲律賓,出口總值(含復出口),260,57730
2016-8,39239090,其他供輸送或包裝貨物之塑膠製品,越南,出口總值(含復出口),78,15260
2016-8,39239090,其他供輸送或包裝貨物之塑膠製品,新加坡,出口總值(含復出口),110,23758
2016-8,39239090,其他供輸送或包裝貨物之塑膠製品,瑞士,出口總值(含復出口),24,690
2016-8,39239090,其他供輸送或包裝貨物之塑膠製品,瑞典,出口總值(含復出口),2,432
2016-8,39239090,其他供輸送或包裝貨物之塑膠製品,義大利,出口總值(含復出口),68,4758
2016-8,39239090,其他供輸送或包裝貨物之塑膠製品,德國,出口總值(含復出口),98,9246
2016-8,39239090,其他供輸送或包裝貨物之塑膠製品,緬甸,出口總值(含復出口),3,366
2016-8,39239090,其他供輸送或包裝貨物之塑膠製品,墨西哥,出口總值(含復出口),8,1933
2016-8,39239090,其他供輸送或包裝貨物之塑膠製品,澳大利亞,出口總值(含復出口),44,13255
2016-8,39239090,其他供輸送或包裝貨物之塑膠製品,賽普勒斯,出口總值(含復出口),5,1112
2016-8,39239090,其他供輸送或包裝貨物之塑膠製品,薩爾瓦多,出口總值(含復出口),7,570
2016-8,39269012,電氣絕緣用塑膠製品,中國大陸,進口總值(含復進口),20,1078
2016-8,39269012,電氣絕緣用塑膠製品,中華民國,進口總值(含復進口),3,16
2016-8,39269012,電氣絕緣用塑膠製品,日本,進口總值(含復進口),584,2556
2016-8,39269012,電氣絕緣用塑膠製品,匈牙利,進口總值(含復進口),0,0
2016-8,39269012,電氣絕緣用塑膠製品,印度,進口總值(含復進口),8,581
2016-8,39269012,電氣絕緣用塑膠製品,法國,進口總值(含復進口),0,1
2016-8,39269012,電氣絕緣用塑膠製品,美國,進口總值(含復進口),3,83
2016-8,39269012,電氣絕緣用塑膠製品,越南,進口總值(含復進口),25,8721
2016-8,39269012,電氣絕緣用塑膠製品,德國,進口總值(含復進口),1,1
2016-8,39269012,電氣絕緣用塑膠製品,土耳其,出口總值(含復出口),14,3990
2016-8,39269012,電氣絕緣用塑膠製品,中國大陸,出口總值(含復出口),305,28475
2016-8,39269012,電氣絕緣用塑膠製品,厄瓜多,出口總值(含復出口),10,3188
2016-8,39269012,電氣絕緣用塑膠製品,巴布亞紐幾內亞,出口總值(含復出口),1,130
2016-8,39269012,電氣絕緣用塑膠製品,日本,出口總值(含復出口),3,325
2016-8,39269012,電氣絕緣用塑膠製品,比利時,出口總值(含復出口),27,6478
2016-8,39269012,電氣絕緣用塑膠製品,加拿大,出口總值(含復出口),138,34449
2016-8,39269012,電氣絕緣用塑膠製品,北馬里亞納群島,出口總值(含復出口),0,31
2016-8,39269012,電氣絕緣用塑膠製品,伊朗,出口總值(含復出口),36,12628
2016-8,39269012,電氣絕緣用塑膠製品,印尼,出口總值(含復出口),4,198
2016-8,39269012,電氣絕緣用塑膠製品,印度,出口總值(含復出口),167,68798
2016-8,39269012,電氣絕緣用塑膠製品,西班牙,出口總值(含復出口),50,12504
2016-8,39269012,電氣絕緣用塑膠製品,沙烏地阿拉伯,出口總值(含復出口),64,18681
2016-8,39269012,電氣絕緣用塑膠製品,拉脫維亞,出口總值(含復出口),19,4679
2016-8,39269012,電氣絕緣用塑膠製品,法國,出口總值(含復出口),18,4556
2016-8,39269012,電氣絕緣用塑膠製品,芬蘭,出口總值(含復出口),0,3
2016-8,39269012,電氣絕緣用塑膠製品,俄羅斯,出口總值(含復出口),47,15138
2016-8,39269012,電氣絕緣用塑膠製品,南非,出口總值(含復出口),23,5330
2016-8,39269012,電氣絕緣用塑膠製品,南韓,出口總值(含復出口),264,93930
2016-8,39269012,電氣絕緣用塑膠製品,柬埔寨,出口總值(含復出口),5,81
2016-8,39269012,電氣絕緣用塑膠製品,約旦,出口總值(含復出口),70,23070
2016-8,39269012,電氣絕緣用塑膠製品,美國,出口總值(含復出口),175,33650
2016-8,39269012,電氣絕緣用塑膠製品,英國,出口總值(含復出口),114,33747
2016-8,39269012,電氣絕緣用塑膠製品,香港,出口總值(含復出口),32,1123
2016-8,39269012,電氣絕緣用塑膠製品,哥倫比亞,出口總值(含復出口),47,16048
2016-8,39269012,電氣絕緣用塑膠製品,埃及,出口總值(含復出口),46,16625
2016-8,39269012,電氣絕緣用塑膠製品,泰國,出口總值(含復出口),23,2514
2016-8,39269012,電氣絕緣用塑膠製品,紐西蘭,出口總值(含復出口),2,630
2016-8,39269012,電氣絕緣用塑膠製品,馬來西亞,出口總值(含復出口),4,567
2016-8,39269012,電氣絕緣用塑膠製品,荷蘭,出口總值(含復出口),90,21508
2016-8,39269012,電氣絕緣用塑膠製品,菲律賓,出口總值(含復出口),17,12300
2016-8,39269012,電氣絕緣用塑膠製品,越南,出口總值(含復出口),77,2605
2016-8,39269012,電氣絕緣用塑膠製品,義大利,出口總值(含復出口),8,884
2016-8,39269012,電氣絕緣用塑膠製品,葡萄牙,出口總值(含復出口),1,3
2016-8,39269012,電氣絕緣用塑膠製品,德國,出口總值(含復出口),65,13534
2016-8,39269012,電氣絕緣用塑膠製品,墨西哥,出口總值(含復出口),89,31103
2016-8,39269012,電氣絕緣用塑膠製品,澳大利亞,出口總值(含復出口),32,7917
2016-8,39269012,電氣絕緣用塑膠製品,賽普勒斯,出口總值(含復出口),1,55
2016-9,39231010,塑膠製箱子、盒子、籃子及類似品，其形狀或適合供運輸或包裝半導體晶圓或網線,中國大陸,進口總值(含復進口),333,13551
2016-9,39231010,塑膠製箱子、盒子、籃子及類似品，其形狀或適合供運輸或包裝半導體晶圓或網線,中華民國,進口總值(含復進口),6,4358
2016-9,39231010,塑膠製箱子、盒子、籃子及類似品，其形狀或適合供運輸或包裝半導體晶圓或網線,日本,進口總值(含復進口),3074,106699
2016-9,39231010,塑膠製箱子、盒子、籃子及類似品，其形狀或適合供運輸或包裝半導體晶圓或網線,印尼,進口總值(含復進口),312,35825
2016-9,39231010,塑膠製箱子、盒子、籃子及類似品，其形狀或適合供運輸或包裝半導體晶圓或網線,波蘭,進口總值(含復進口),0,2
2016-9,39231010,塑膠製箱子、盒子、籃子及類似品，其形狀或適合供運輸或包裝半導體晶圓或網線,南韓,進口總值(含復進口),134,29130
2016-9,39231010,塑膠製箱子、盒子、籃子及類似品，其形狀或適合供運輸或包裝半導體晶圓或網線,美國,進口總值(含復進口),563,50169
2016-9,39231010,塑膠製箱子、盒子、籃子及類似品，其形狀或適合供運輸或包裝半導體晶圓或網線,英國,進口總值(含復進口),0,1
2016-9,39231010,塑膠製箱子、盒子、籃子及類似品，其形狀或適合供運輸或包裝半導體晶圓或網線,馬來西亞,進口總值(含復進口),2014,32226
2016-9,39231010,塑膠製箱子、盒子、籃子及類似品，其形狀或適合供運輸或包裝半導體晶圓或網線,義大利,進口總值(含復進口),0,1
2016-9,39231010,塑膠製箱子、盒子、籃子及類似品，其形狀或適合供運輸或包裝半導體晶圓或網線,德國,進口總值(含復進口),22,1505
2016-9,39231010,塑膠製箱子、盒子、籃子及類似品，其形狀或適合供運輸或包裝半導體晶圓或網線,中國大陸,出口總值(含復出口),252,23138
2016-9,39231010,塑膠製箱子、盒子、籃子及類似品，其形狀或適合供運輸或包裝半導體晶圓或網線,丹麥,出口總值(含復出口),19,1314
2016-9,39231010,塑膠製箱子、盒子、籃子及類似品，其形狀或適合供運輸或包裝半導體晶圓或網線,巴西,出口總值(含復出口),2,190
2016-9,39231010,塑膠製箱子、盒子、籃子及類似品，其形狀或適合供運輸或包裝半導體晶圓或網線,日本,出口總值(含復出口),185,28164
2016-9,39231010,塑膠製箱子、盒子、籃子及類似品，其形狀或適合供運輸或包裝半導體晶圓或網線,印度,出口總值(含復出口),67,11382
2016-9,39231010,塑膠製箱子、盒子、籃子及類似品，其形狀或適合供運輸或包裝半導體晶圓或網線,西班牙,出口總值(含復出口),20,5338
2016-9,39231010,塑膠製箱子、盒子、籃子及類似品，其形狀或適合供運輸或包裝半導體晶圓或網線,沙烏地阿拉伯,出口總值(含復出口),1,62
2016-9,39231010,塑膠製箱子、盒子、籃子及類似品，其形狀或適合供運輸或包裝半導體晶圓或網線,阿拉伯聯合大公國,出口總值(含復出口),15,8176
2016-9,39231010,塑膠製箱子、盒子、籃子及類似品，其形狀或適合供運輸或包裝半導體晶圓或網線,阿根廷,出口總值(含復出口),1,108
2016-9,39231010,塑膠製箱子、盒子、籃子及類似品，其形狀或適合供運輸或包裝半導體晶圓或網線,南非,出口總值(含復出口),13,7231
2016-9,39231010,塑膠製箱子、盒子、籃子及類似品，其形狀或適合供運輸或包裝半導體晶圓或網線,南韓,出口總值(含復出口),29,1940
2016-9,39231010,塑膠製箱子、盒子、籃子及類似品，其形狀或適合供運輸或包裝半導體晶圓或網線,美國,出口總值(含復出口),319,77392
2016-9,39231010,塑膠製箱子、盒子、籃子及類似品，其形狀或適合供運輸或包裝半導體晶圓或網線,英國,出口總值(含復出口),66,9262
2016-9,39231010,塑膠製箱子、盒子、籃子及類似品，其形狀或適合供運輸或包裝半導體晶圓或網線,香港,出口總值(含復出口),120,5343
2016-9,39231010,塑膠製箱子、盒子、籃子及類似品，其形狀或適合供運輸或包裝半導體晶圓或網線,馬來西亞,出口總值(含復出口),16,1552
2016-9,39231010,塑膠製箱子、盒子、籃子及類似品，其形狀或適合供運輸或包裝半導體晶圓或網線,荷蘭,出口總值(含復出口),0,21
2016-9,39231010,塑膠製箱子、盒子、籃子及類似品，其形狀或適合供運輸或包裝半導體晶圓或網線,菲律賓,出口總值(含復出口),1,1050
2016-9,39231010,塑膠製箱子、盒子、籃子及類似品，其形狀或適合供運輸或包裝半導體晶圓或網線,越南,出口總值(含復出口),22,4459
2016-9,39231010,塑膠製箱子、盒子、籃子及類似品，其形狀或適合供運輸或包裝半導體晶圓或網線,奧地利,出口總值(含復出口),1,67
2016-9,39231010,塑膠製箱子、盒子、籃子及類似品，其形狀或適合供運輸或包裝半導體晶圓或網線,新加坡,出口總值(含復出口),40,9410
2016-9,39231010,塑膠製箱子、盒子、籃子及類似品，其形狀或適合供運輸或包裝半導體晶圓或網線,義大利,出口總值(含復出口),0,29
2016-9,39231010,塑膠製箱子、盒子、籃子及類似品，其形狀或適合供運輸或包裝半導體晶圓或網線,德國,出口總值(含復出口),25,1082
2016-9,39231010,塑膠製箱子、盒子、籃子及類似品，其形狀或適合供運輸或包裝半導體晶圓或網線,墨西哥,出口總值(含復出口),107,58212
2016-9,39231010,塑膠製箱子、盒子、籃子及類似品，其形狀或適合供運輸或包裝半導體晶圓或網線,澳大利亞,出口總值(含復出口),94,12652
2016-9,39231010,塑膠製箱子、盒子、籃子及類似品，其形狀或適合供運輸或包裝半導體晶圓或網線,賴索托,出口總值(含復出口),0,31
2016-9,39239090,其他供輸送或包裝貨物之塑膠製品,中國大陸,進口總值(含復進口),3976,887331
2016-9,39239090,其他供輸送或包裝貨物之塑膠製品,中華民國,進口總值(含復進口),607,372926
2016-9,39239090,其他供輸送或包裝貨物之塑膠製品,巴林,進口總值(含復進口),5,2374
2016-9,39239090,其他供輸送或包裝貨物之塑膠製品,日本,進口總值(含復進口),1335,186573
2016-9,39239090,其他供輸送或包裝貨物之塑膠製品,比利時,進口總值(含復進口),1,275
2016-9,39239090,其他供輸送或包裝貨物之塑膠製品,加拿大,進口總值(含復進口),2,720
2016-9,39239090,其他供輸送或包裝貨物之塑膠製品,印度,進口總值(含復進口),6,144
2016-9,39239090,其他供輸送或包裝貨物之塑膠製品,拉脫維亞,進口總值(含復進口),1,101
2016-9,39239090,其他供輸送或包裝貨物之塑膠製品,法國,進口總值(含復進口),4,92
2016-9,39239090,其他供輸送或包裝貨物之塑膠製品,南韓,進口總值(含復進口),1243,262035
2016-9,39239090,其他供輸送或包裝貨物之塑膠製品,美國,進口總值(含復進口),338,48778
2016-9,39239090,其他供輸送或包裝貨物之塑膠製品,英國,進口總值(含復進口),0,0
2016-9,39239090,其他供輸送或包裝貨物之塑膠製品,香港,進口總值(含復進口),7,260
2016-9,39239090,其他供輸送或包裝貨物之塑膠製品,泰國,進口總值(含復進口),105,27932
2016-9,39239090,其他供輸送或包裝貨物之塑膠製品,馬來西亞,進口總值(含復進口),677,113025
2016-9,39239090,其他供輸送或包裝貨物之塑膠製品,捷克,進口總值(含復進口),6,2739
2016-9,39239090,其他供輸送或包裝貨物之塑膠製品,荷蘭,進口總值(含復進口),39,760
2016-9,39239090,其他供輸送或包裝貨物之塑膠製品,斯洛維尼亞,進口總值(含復進口),0,1
2016-9,39239090,其他供輸送或包裝貨物之塑膠製品,菲律賓,進口總值(含復進口),172,50365
2016-9,39239090,其他供輸送或包裝貨物之塑膠製品,越南,進口總值(含復進口),6,1223
2016-9,39239090,其他供輸送或包裝貨物之塑膠製品,新加坡,進口總值(含復進口),90,28368
2016-9,39239090,其他供輸送或包裝貨物之塑膠製品,義大利,進口總值(含復進口),14,2363
2016-9,39239090,其他供輸送或包裝貨物之塑膠製品,德國,進口總值(含復進口),231,5764
2016-9,39239090,其他供輸送或包裝貨物之塑膠製品,土耳其,出口總值(含復出口),27,1340
2016-9,39239090,其他供輸送或包裝貨物之塑膠製品,中國大陸,出口總值(含復出口),1467,300570
2016-9,39239090,其他供輸送或包裝貨物之塑膠製品,厄瓜多,出口總值(含復出口),2,260
2016-9,39239090,其他供輸送或包裝貨物之塑膠製品,巴西,出口總值(含復出口),54,12400
2016-9,39239090,其他供輸送或包裝貨物之塑膠製品,巴拿馬,出口總值(含復出口),3,726
2016-9,39239090,其他供輸送或包裝貨物之塑膠製品,日本,出口總值(含復出口),815,95494
2016-9,39239090,其他供輸送或包裝貨物之塑膠製品,比利時,出口總值(含復出口),9,314
2016-9,39239090,其他供輸送或包裝貨物之塑膠製品,以色列,出口總值(含復出口),12,1970
2016-9,39239090,其他供輸送或包裝貨物之塑膠製品,加拿大,出口總值(含復出口),209,23190
2016-9,39239090,其他供輸送或包裝貨物之塑膠製品,尼加拉瓜,出口總值(含復出口),0,104
2016-9,39239090,其他供輸送或包裝貨物之塑膠製品,瓜地馬拉,出口總值(含復出口),7,6820
2016-9,39239090,其他供輸送或包裝貨物之塑膠製品,立陶宛,出口總值(含復出口),0,6
2016-9,39239090,其他供輸送或包裝貨物之塑膠製品,印尼,出口總值(含復出口),80,4013
2016-9,39239090,其他供輸送或包裝貨物之塑膠製品,印度,出口總值(含復出口),10,4764
2016-9,39239090,其他供輸送或包裝貨物之塑膠製品,多明尼加,出口總值(含復出口),9,6669
2016-9,39239090,其他供輸送或包裝貨物之塑膠製品,西班牙,出口總值(含復出口),17,581
2016-9,39239090,其他供輸送或包裝貨物之塑膠製品,其他國家,出口總值(含復出口),1,276
2016-9,39239090,其他供輸送或包裝貨物之塑膠製品,孟加拉,出口總值(含復出口),6,4292
2016-9,39239090,其他供輸送或包裝貨物之塑膠製品,法國,出口總值(含復出口),24,2908
2016-9,39239090,其他供輸送或包裝貨物之塑膠製品,法屬玻里尼西亞,出口總值(含復出口),2,650
2016-9,39239090,其他供輸送或包裝貨物之塑膠製品,阿拉伯聯合大公國,出口總值(含復出口),9,6160
2016-9,39239090,其他供輸送或包裝貨物之塑膠製品,南非,出口總值(含復出口),79,5303
2016-9,39239090,其他供輸送或包裝貨物之塑膠製品,南韓,出口總值(含復出口),306,116852
2016-9,39239090,其他供輸送或包裝貨物之塑膠製品,柬埔寨,出口總值(含復出口),11,1095
2016-9,39239090,其他供輸送或包裝貨物之塑膠製品,美國,出口總值(含復出口),905,301344
2016-9,39239090,其他供輸送或包裝貨物之塑膠製品,英國,出口總值(含復出口),45,4054
2016-9,39239090,其他供輸送或包裝貨物之塑膠製品,香港,出口總值(含復出口),352,102118
2016-9,39239090,其他供輸送或包裝貨物之塑膠製品,哥斯大黎加,出口總值(含復出口),19,6849
2016-9,39239090,其他供輸送或包裝貨物之塑膠製品,泰國,出口總值(含復出口),47,6032
2016-9,39239090,其他供輸送或包裝貨物之塑膠製品,秘魯,出口總值(含復出口),7,2301
2016-9,39239090,其他供輸送或包裝貨物之塑膠製品,紐西蘭,出口總值(含復出口),3,468
2016-9,39239090,其他供輸送或包裝貨物之塑膠製品,馬來西亞,出口總值(含復出口),98,31123
2016-9,39239090,其他供輸送或包裝貨物之塑膠製品,馬爾他,出口總值(含復出口),0,10
2016-9,39239090,其他供輸送或包裝貨物之塑膠製品,荷蘭,出口總值(含復出口),87,4541
2016-9,39239090,其他供輸送或包裝貨物之塑膠製品,菲律賓,出口總值(含復出口),153,38021
2016-9,39239090,其他供輸送或包裝貨物之塑膠製品,越南,出口總值(含復出口),27,8568
2016-9,39239090,其他供輸送或包裝貨物之塑膠製品,奧地利,出口總值(含復出口),6,281
2016-9,39239090,其他供輸送或包裝貨物之塑膠製品,新加坡,出口總值(含復出口),84,13652
2016-9,39239090,其他供輸送或包裝貨物之塑膠製品,瑞士,出口總值(含復出口),19,684
2016-9,39239090,其他供輸送或包裝貨物之塑膠製品,瑞典,出口總值(含復出口),9,601
2016-9,39239090,其他供輸送或包裝貨物之塑膠製品,義大利,出口總值(含復出口),114,8938
2016-9,39239090,其他供輸送或包裝貨物之塑膠製品,德國,出口總值(含復出口),42,3409
2016-9,39239090,其他供輸送或包裝貨物之塑膠製品,墨西哥,出口總值(含復出口),8,1606
2016-9,39239090,其他供輸送或包裝貨物之塑膠製品,澳大利亞,出口總值(含復出口),40,12068
2016-9,39239090,其他供輸送或包裝貨物之塑膠製品,薩爾瓦多,出口總值(含復出口),3,258
2016-9,39239090,其他供輸送或包裝貨物之塑膠製品,關島,出口總值(含復出口),15,3376
2016-9,39239090,其他供輸送或包裝貨物之塑膠製品,蘇利南,出口總值(含復出口),3,570
2016-9,39269012,電氣絕緣用塑膠製品,中國大陸,進口總值(含復進口),17,1247
2016-9,39269012,電氣絕緣用塑膠製品,中華民國,進口總值(含復進口),52,5116
2016-9,39269012,電氣絕緣用塑膠製品,巴西,進口總值(含復進口),0,0
2016-9,39269012,電氣絕緣用塑膠製品,日本,進口總值(含復進口),225,625
2016-9,39269012,電氣絕緣用塑膠製品,匈牙利,進口總值(含復進口),0,0
2016-9,39269012,電氣絕緣用塑膠製品,美國,進口總值(含復進口),18,211
2016-9,39269012,電氣絕緣用塑膠製品,越南,進口總值(含復進口),15,5780
2016-9,39269012,電氣絕緣用塑膠製品,德國,進口總值(含復進口),4,103
2016-9,39269012,電氣絕緣用塑膠製品,墨西哥,進口總值(含復進口),1,42
2016-9,39269012,電氣絕緣用塑膠製品,中國大陸,出口總值(含復出口),181,21363
2016-9,39269012,電氣絕緣用塑膠製品,日本,出口總值(含復出口),6,524
2016-9,39269012,電氣絕緣用塑膠製品,比利時,出口總值(含復出口),14,3723
2016-9,39269012,電氣絕緣用塑膠製品,加拿大,出口總值(含復出口),53,13637
2016-9,39269012,電氣絕緣用塑膠製品,印尼,出口總值(含復出口),20,1900
2016-9,39269012,電氣絕緣用塑膠製品,印度,出口總值(含復出口),53,22650
2016-9,39269012,電氣絕緣用塑膠製品,多明尼加,出口總值(含復出口),14,4770
2016-9,39269012,電氣絕緣用塑膠製品,西班牙,出口總值(含復出口),2,65
2016-9,39269012,電氣絕緣用塑膠製品,沙烏地阿拉伯,出口總值(含復出口),30,9235
2016-9,39269012,電氣絕緣用塑膠製品,拉脫維亞,出口總值(含復出口),34,8708
2016-9,39269012,電氣絕緣用塑膠製品,法國,出口總值(含復出口),25,7486
2016-9,39269012,電氣絕緣用塑膠製品,芬蘭,出口總值(含復出口),0,6
2016-9,39269012,電氣絕緣用塑膠製品,南韓,出口總值(含復出口),501,164752
2016-9,39269012,電氣絕緣用塑膠製品,柬埔寨,出口總值(含復出口),5,65
2016-9,39269012,電氣絕緣用塑膠製品,美國,出口總值(含復出口),144,31110
2016-9,39269012,電氣絕緣用塑膠製品,香港,出口總值(含復出口),7,367
2016-9,39269012,電氣絕緣用塑膠製品,哥倫比亞,出口總值(含復出口),129,52020
2016-9,39269012,電氣絕緣用塑膠製品,哥斯大黎加,出口總值(含復出口),5,1540
2016-9,39269012,電氣絕緣用塑膠製品,埃及,出口總值(含復出口),44,16625
2016-9,39269012,電氣絕緣用塑膠製品,泰國,出口總值(含復出口),0,22
2016-9,39269012,電氣絕緣用塑膠製品,紐西蘭,出口總值(含復出口),6,800
2016-9,39269012,電氣絕緣用塑膠製品,馬來西亞,出口總值(含復出口),5,197
2016-9,39269012,電氣絕緣用塑膠製品,敘利亞,出口總值(含復出口),32,11440
2016-9,39269012,電氣絕緣用塑膠製品,斐濟,出口總值(含復出口),5,2000
2016-9,39269012,電氣絕緣用塑膠製品,菲律賓,出口總值(含復出口),10,7875
2016-9,39269012,電氣絕緣用塑膠製品,越南,出口總值(含復出口),17,2547
2016-9,39269012,電氣絕緣用塑膠製品,新加坡,出口總值(含復出口),2,89
2016-9,39269012,電氣絕緣用塑膠製品,瑞士,出口總值(含復出口),8,790
2016-9,39269012,電氣絕緣用塑膠製品,德國,出口總值(含復出口),56,10868
2016-9,39269012,電氣絕緣用塑膠製品,墨西哥,出口總值(含復出口),106,30786
2016-9,39269012,電氣絕緣用塑膠製品,澳大利亞,出口總值(含復出口),44,11360
2016-10,39231010,塑膠製箱子、盒子、籃子及類似品，其形狀或適合供運輸或包裝半導體晶圓或網線,中國大陸,進口總值(含復進口),260,33241
2016-10,39231010,塑膠製箱子、盒子、籃子及類似品，其形狀或適合供運輸或包裝半導體晶圓或網線,中華民國,進口總值(含復進口),4,4358
2016-10,39231010,塑膠製箱子、盒子、籃子及類似品，其形狀或適合供運輸或包裝半導體晶圓或網線,日本,進口總值(含復進口),2407,104053
2016-10,39231010,塑膠製箱子、盒子、籃子及類似品，其形狀或適合供運輸或包裝半導體晶圓或網線,加拿大,進口總值(含復進口),0,0
2016-10,39231010,塑膠製箱子、盒子、籃子及類似品，其形狀或適合供運輸或包裝半導體晶圓或網線,印尼,進口總值(含復進口),274,32753
2016-10,39231010,塑膠製箱子、盒子、籃子及類似品，其形狀或適合供運輸或包裝半導體晶圓或網線,西班牙,進口總值(含復進口),1,3
2016-10,39231010,塑膠製箱子、盒子、籃子及類似品，其形狀或適合供運輸或包裝半導體晶圓或網線,波蘭,進口總值(含復進口),1,20
2016-10,39231010,塑膠製箱子、盒子、籃子及類似品，其形狀或適合供運輸或包裝半導體晶圓或網線,南韓,進口總值(含復進口),201,48948
2016-10,39231010,塑膠製箱子、盒子、籃子及類似品，其形狀或適合供運輸或包裝半導體晶圓或網線,美國,進口總值(含復進口),731,44870
2016-10,39231010,塑膠製箱子、盒子、籃子及類似品，其形狀或適合供運輸或包裝半導體晶圓或網線,英國,進口總值(含復進口),10,1600
2016-10,39231010,塑膠製箱子、盒子、籃子及類似品，其形狀或適合供運輸或包裝半導體晶圓或網線,馬來西亞,進口總值(含復進口),1215,18530
2016-10,39231010,塑膠製箱子、盒子、籃子及類似品，其形狀或適合供運輸或包裝半導體晶圓或網線,義大利,進口總值(含復進口),0,3
2016-10,39231010,塑膠製箱子、盒子、籃子及類似品，其形狀或適合供運輸或包裝半導體晶圓或網線,德國,進口總值(含復進口),3,302
2016-10,39231010,塑膠製箱子、盒子、籃子及類似品，其形狀或適合供運輸或包裝半導體晶圓或網線,中國大陸,出口總值(含復出口),534,45929
2016-10,39231010,塑膠製箱子、盒子、籃子及類似品，其形狀或適合供運輸或包裝半導體晶圓或網線,巴布亞紐幾內亞,出口總值(含復出口),2,180
2016-10,39231010,塑膠製箱子、盒子、籃子及類似品，其形狀或適合供運輸或包裝半導體晶圓或網線,日本,出口總值(含復出口),175,26650
2016-10,39231010,塑膠製箱子、盒子、籃子及類似品，其形狀或適合供運輸或包裝半導體晶圓或網線,加拿大,出口總值(含復出口),155,18387
2016-10,39231010,塑膠製箱子、盒子、籃子及類似品，其形狀或適合供運輸或包裝半導體晶圓或網線,印尼,出口總值(含復出口),0,13
2016-10,39231010,塑膠製箱子、盒子、籃子及類似品，其形狀或適合供運輸或包裝半導體晶圓或網線,印度,出口總值(含復出口),25,8340
2016-10,39231010,塑膠製箱子、盒子、籃子及類似品，其形狀或適合供運輸或包裝半導體晶圓或網線,西班牙,出口總值(含復出口),35,7060
2016-10,39231010,塑膠製箱子、盒子、籃子及類似品，其形狀或適合供運輸或包裝半導體晶圓或網線,沙烏地阿拉伯,出口總值(含復出口),25,4112
2016-10,39231010,塑膠製箱子、盒子、籃子及類似品，其形狀或適合供運輸或包裝半導體晶圓或網線,帛琉,出口總值(含復出口),2,348
2016-10,39231010,塑膠製箱子、盒子、籃子及類似品，其形狀或適合供運輸或包裝半導體晶圓或網線,法國,出口總值(含復出口),16,2765
2016-10,39231010,塑膠製箱子、盒子、籃子及類似品，其形狀或適合供運輸或包裝半導體晶圓或網線,阿拉伯聯合大公國,出口總值(含復出口),6,5420
2016-10,39231010,塑膠製箱子、盒子、籃子及類似品，其形狀或適合供運輸或包裝半導體晶圓或網線,俄羅斯,出口總值(含復出口),0,20
2016-10,39231010,塑膠製箱子、盒子、籃子及類似品，其形狀或適合供運輸或包裝半導體晶圓或網線,南韓,出口總值(含復出口),21,990
2016-10,39231010,塑膠製箱子、盒子、籃子及類似品，其形狀或適合供運輸或包裝半導體晶圓或網線,美國,出口總值(含復出口),225,52870
2016-10,39231010,塑膠製箱子、盒子、籃子及類似品，其形狀或適合供運輸或包裝半導體晶圓或網線,英國,出口總值(含復出口),38,8873
2016-10,39231010,塑膠製箱子、盒子、籃子及類似品，其形狀或適合供運輸或包裝半導體晶圓或網線,香港,出口總值(含復出口),91,28551
2016-10,39231010,塑膠製箱子、盒子、籃子及類似品，其形狀或適合供運輸或包裝半導體晶圓或網線,泰國,出口總值(含復出口),42,8503
2016-10,39231010,塑膠製箱子、盒子、籃子及類似品，其形狀或適合供運輸或包裝半導體晶圓或網線,紐西蘭,出口總值(含復出口),1,38
2016-10,39231010,塑膠製箱子、盒子、籃子及類似品，其形狀或適合供運輸或包裝半導體晶圓或網線,馬來西亞,出口總值(含復出口),61,6902
2016-10,39231010,塑膠製箱子、盒子、籃子及類似品，其形狀或適合供運輸或包裝半導體晶圓或網線,荷蘭,出口總值(含復出口),1,87
2016-10,39231010,塑膠製箱子、盒子、籃子及類似品，其形狀或適合供運輸或包裝半導體晶圓或網線,菲律賓,出口總值(含復出口),10,6349
2016-10,39231010,塑膠製箱子、盒子、籃子及類似品，其形狀或適合供運輸或包裝半導體晶圓或網線,越南,出口總值(含復出口),31,7204
2016-10,39231010,塑膠製箱子、盒子、籃子及類似品，其形狀或適合供運輸或包裝半導體晶圓或網線,新加坡,出口總值(含復出口),31,4235
2016-10,39231010,塑膠製箱子、盒子、籃子及類似品，其形狀或適合供運輸或包裝半導體晶圓或網線,義大利,出口總值(含復出口),11,837
2016-10,39231010,塑膠製箱子、盒子、籃子及類似品，其形狀或適合供運輸或包裝半導體晶圓或網線,德國,出口總值(含復出口),10,672
2016-10,39231010,塑膠製箱子、盒子、籃子及類似品，其形狀或適合供運輸或包裝半導體晶圓或網線,墨西哥,出口總值(含復出口),61,33264
2016-10,39231010,塑膠製箱子、盒子、籃子及類似品，其形狀或適合供運輸或包裝半導體晶圓或網線,澳大利亞,出口總值(含復出口),64,7979
2016-10,39231010,塑膠製箱子、盒子、籃子及類似品，其形狀或適合供運輸或包裝半導體晶圓或網線,薩爾瓦多,出口總值(含復出口),0,65
2016-10,39239090,其他供輸送或包裝貨物之塑膠製品,土耳其,進口總值(含復進口),0,15
2016-10,39239090,其他供輸送或包裝貨物之塑膠製品,中國大陸,進口總值(含復進口),4682,1253651
2016-10,39239090,其他供輸送或包裝貨物之塑膠製品,中華民國,進口總值(含復進口),708,429282
2016-10,39239090,其他供輸送或包裝貨物之塑膠製品,厄瓜多,進口總值(含復進口),7,459
2016-10,39239090,其他供輸送或包裝貨物之塑膠製品,日本,進口總值(含復進口),2017,333136
2016-10,39239090,其他供輸送或包裝貨物之塑膠製品,比利時,進口總值(含復進口),1,324
2016-10,39239090,其他供輸送或包裝貨物之塑膠製品,西班牙,進口總值(含復進口),33,13644
2016-10,39239090,其他供輸送或包裝貨物之塑膠製品,貝里斯,進口總值(含復進口),6,11292
2016-10,39239090,其他供輸送或包裝貨物之塑膠製品,拉脫維亞,進口總值(含復進口),2,141
2016-10,39239090,其他供輸送或包裝貨物之塑膠製品,波蘭,進口總值(含復進口),1,182
2016-10,39239090,其他供輸送或包裝貨物之塑膠製品,法國,進口總值(含復進口),1,78
2016-10,39239090,其他供輸送或包裝貨物之塑膠製品,俄羅斯,進口總值(含復進口),6,228
2016-10,39239090,其他供輸送或包裝貨物之塑膠製品,南韓,進口總值(含復進口),1570,297057
2016-10,39239090,其他供輸送或包裝貨物之塑膠製品,美國,進口總值(含復進口),572,79054
2016-10,39239090,其他供輸送或包裝貨物之塑膠製品,英國,進口總值(含復進口),2,2
2016-10,39239090,其他供輸送或包裝貨物之塑膠製品,香港,進口總值(含復進口),4,78
2016-10,39239090,其他供輸送或包裝貨物之塑膠製品,泰國,進口總值(含復進口),255,60625
2016-10,39239090,其他供輸送或包裝貨物之塑膠製品,馬來西亞,進口總值(含復進口),616,136828
2016-10,39239090,其他供輸送或包裝貨物之塑膠製品,馬爾他,進口總值(含復進口),10,621
2016-10,39239090,其他供輸送或包裝貨物之塑膠製品,捷克,進口總值(含復進口),0,46
2016-10,39239090,其他供輸送或包裝貨物之塑膠製品,荷蘭,進口總值(含復進口),40,924
2016-10,39239090,其他供輸送或包裝貨物之塑膠製品,斯洛維尼亞,進口總值(含復進口),1,23
2016-10,39239090,其他供輸送或包裝貨物之塑膠製品,菲律賓,進口總值(含復進口),282,55073
2016-10,39239090,其他供輸送或包裝貨物之塑膠製品,越南,進口總值(含復進口),61,45052
2016-10,39239090,其他供輸送或包裝貨物之塑膠製品,新加坡,進口總值(含復進口),82,40934
2016-10,39239090,其他供輸送或包裝貨物之塑膠製品,瑞士,進口總值(含復進口),0,0
2016-10,39239090,其他供輸送或包裝貨物之塑膠製品,義大利,進口總值(含復進口),27,1341
2016-10,39239090,其他供輸送或包裝貨物之塑膠製品,德國,進口總值(含復進口),246,5675
2016-10,39239090,其他供輸送或包裝貨物之塑膠製品,土耳其,出口總值(含復出口),9,147
2016-10,39239090,其他供輸送或包裝貨物之塑膠製品,中國大陸,出口總值(含復出口),2255,391858
2016-10,39239090,其他供輸送或包裝貨物之塑膠製品,巴布亞紐幾內亞,出口總值(含復出口),1,400
2016-10,39239090,其他供輸送或包裝貨物之塑膠製品,巴西,出口總值(含復出口),77,19805
2016-10,39239090,其他供輸送或包裝貨物之塑膠製品,巴拿馬,出口總值(含復出口),63,16409
2016-10,39239090,其他供輸送或包裝貨物之塑膠製品,巴基斯坦,出口總值(含復出口),9,274
2016-10,39239090,其他供輸送或包裝貨物之塑膠製品,日本,出口總值(含復出口),1236,131949
2016-10,39239090,其他供輸送或包裝貨物之塑膠製品,比利時,出口總值(含復出口),4,808
2016-10,39239090,其他供輸送或包裝貨物之塑膠製品,以色列,出口總值(含復出口),28,2233
2016-10,39239090,其他供輸送或包裝貨物之塑膠製品,加拿大,出口總值(含復出口),60,13945
2016-10,39239090,其他供輸送或包裝貨物之塑膠製品,卡達,出口總值(含復出口),6,2226
2016-10,39239090,其他供輸送或包裝貨物之塑膠製品,史瓦帝尼,出口總值(含復出口),0,5
2016-10,39239090,其他供輸送或包裝貨物之塑膠製品,尼加拉瓜,出口總值(含復出口),1,156
2016-10,39239090,其他供輸送或包裝貨物之塑膠製品,瓜地馬拉,出口總值(含復出口),6,3907
2016-10,39239090,其他供輸送或包裝貨物之塑膠製品,印尼,出口總值(含復出口),55,16009
2016-10,39239090,其他供輸送或包裝貨物之塑膠製品,印度,出口總值(含復出口),31,15704
2016-10,39239090,其他供輸送或包裝貨物之塑膠製品,多明尼加,出口總值(含復出口),9,6660
2016-10,39239090,其他供輸送或包裝貨物之塑膠製品,沙烏地阿拉伯,出口總值(含復出口),35,22312
2016-10,39239090,其他供輸送或包裝貨物之塑膠製品,貝里斯,出口總值(含復出口),3,1618
2016-10,39239090,其他供輸送或包裝貨物之塑膠製品,其他國家,出口總值(含復出口),1,275
2016-10,39239090,其他供輸送或包裝貨物之塑膠製品,坦尚尼亞,出口總值(含復出口),1,392
2016-10,39239090,其他供輸送或包裝貨物之塑膠製品,奈及利亞,出口總值(含復出口),7,6000
2016-10,39239090,其他供輸送或包裝貨物之塑膠製品,孟加拉,出口總值(含復出口),30,17382
2016-10,39239090,其他供輸送或包裝貨物之塑膠製品,波多黎各,出口總值(含復出口),17,4860
2016-10,39239090,其他供輸送或包裝貨物之塑膠製品,法國,出口總值(含復出口),66,5133
2016-10,39239090,其他供輸送或包裝貨物之塑膠製品,法屬玻里尼西亞,出口總值(含復出口),0,22
2016-10,39239090,其他供輸送或包裝貨物之塑膠製品,肯亞,出口總值(含復出口),92,60200
2016-10,39239090,其他供輸送或包裝貨物之塑膠製品,阿拉伯聯合大公國,出口總值(含復出口),12,7365
2016-10,39239090,其他供輸送或包裝貨物之塑膠製品,南非,出口總值(含復出口),51,1762
2016-10,39239090,其他供輸送或包裝貨物之塑膠製品,南韓,出口總值(含復出口),292,160676
2016-10,39239090,其他供輸送或包裝貨物之塑膠製品,柬埔寨,出口總值(含復出口),1,536
2016-10,39239090,其他供輸送或包裝貨物之塑膠製品,美國,出口總值(含復出口),1411,426376
2016-10,39239090,其他供輸送或包裝貨物之塑膠製品,英國,出口總值(含復出口),25,2038
2016-10,39239090,其他供輸送或包裝貨物之塑膠製品,香港,出口總值(含復出口),328,92304
2016-10,39239090,其他供輸送或包裝貨物之塑膠製品,哥斯大黎加,出口總值(含復出口),25,5587
2016-10,39239090,其他供輸送或包裝貨物之塑膠製品,挪威,出口總值(含復出口),3,90
2016-10,39239090,其他供輸送或包裝貨物之塑膠製品,泰國,出口總值(含復出口),71,4594
2016-10,39239090,其他供輸送或包裝貨物之塑膠製品,紐西蘭,出口總值(含復出口),15,98
2016-10,39239090,其他供輸送或包裝貨物之塑膠製品,馬來西亞,出口總值(含復出口),156,28192
2016-10,39239090,其他供輸送或包裝貨物之塑膠製品,捷克,出口總值(含復出口),22,905
2016-10,39239090,其他供輸送或包裝貨物之塑膠製品,荷蘭,出口總值(含復出口),99,4981
2016-10,39239090,其他供輸送或包裝貨物之塑膠製品,菲律賓,出口總值(含復出口),111,25994
2016-10,39239090,其他供輸送或包裝貨物之塑膠製品,越南,出口總值(含復出口),90,34638
2016-10,39239090,其他供輸送或包裝貨物之塑膠製品,新加坡,出口總值(含復出口),145,29147
2016-10,39239090,其他供輸送或包裝貨物之塑膠製品,瑞士,出口總值(含復出口),36,1097
2016-10,39239090,其他供輸送或包裝貨物之塑膠製品,義大利,出口總值(含復出口),43,1833
2016-10,39239090,其他供輸送或包裝貨物之塑膠製品,德國,出口總值(含復出口),46,9290
2016-10,39239090,其他供輸送或包裝貨物之塑膠製品,模里西斯,出口總值(含復出口),11,3440
2016-10,39239090,其他供輸送或包裝貨物之塑膠製品,緬甸,出口總值(含復出口),8,1025
2016-10,39239090,其他供輸送或包裝貨物之塑膠製品,黎巴嫩,出口總值(含復出口),1,231
2016-10,39239090,其他供輸送或包裝貨物之塑膠製品,墨西哥,出口總值(含復出口),11,2715
2016-10,39239090,其他供輸送或包裝貨物之塑膠製品,澳大利亞,出口總值(含復出口),40,16405
2016-10,39239090,其他供輸送或包裝貨物之塑膠製品,澳門,出口總值(含復出口),2,302
2016-10,39269012,電氣絕緣用塑膠製品,中國大陸,進口總值(含復進口),27,1212
2016-10,39269012,電氣絕緣用塑膠製品,日本,進口總值(含復進口),325,1735
2016-10,39269012,電氣絕緣用塑膠製品,印尼,進口總值(含復進口),3,300
2016-10,39269012,電氣絕緣用塑膠製品,印度,進口總值(含復進口),1,27
2016-10,39269012,電氣絕緣用塑膠製品,美國,進口總值(含復進口),3,22
2016-10,39269012,電氣絕緣用塑膠製品,越南,進口總值(含復進口),20,7855
2016-10,39269012,電氣絕緣用塑膠製品,新加坡,進口總值(含復進口),0,0
2016-10,39269012,電氣絕緣用塑膠製品,瑞士,進口總值(含復進口),0,0
2016-10,39269012,電氣絕緣用塑膠製品,義大利,進口總值(含復進口),0,1
2016-10,39269012,電氣絕緣用塑膠製品,德國,進口總值(含復進口),1,3
2016-10,39269012,電氣絕緣用塑膠製品,墨西哥,進口總值(含復進口),0,16
2016-10,39269012,電氣絕緣用塑膠製品,澳大利亞,進口總值(含復進口),5,58
2016-10,39269012,電氣絕緣用塑膠製品,土耳其,出口總值(含復出口),58,14872
2016-10,39269012,電氣絕緣用塑膠製品,中國大陸,出口總值(含復出口),255,31048
2016-10,39269012,電氣絕緣用塑膠製品,厄瓜多,出口總值(含復出口),7,139
2016-10,39269012,電氣絕緣用塑膠製品,比利時,出口總值(含復出口),4,1019
2016-10,39269012,電氣絕緣用塑膠製品,加拿大,出口總值(含復出口),163,40107
2016-10,39269012,電氣絕緣用塑膠製品,印尼,出口總值(含復出口),24,2592
2016-10,39269012,電氣絕緣用塑膠製品,印度,出口總值(含復出口),219,90357
2016-10,39269012,電氣絕緣用塑膠製品,西班牙,出口總值(含復出口),5,143
2016-10,39269012,電氣絕緣用塑膠製品,沙烏地阿拉伯,出口總值(含復出口),33,9391
2016-10,39269012,電氣絕緣用塑膠製品,波蘭,出口總值(含復出口),0,8
2016-10,39269012,電氣絕緣用塑膠製品,法國,出口總值(含復出口),19,5295
2016-10,39269012,電氣絕緣用塑膠製品,芬蘭,出口總值(含復出口),1,51
2016-10,39269012,電氣絕緣用塑膠製品,俄羅斯,出口總值(含復出口),83,23126
2016-10,39269012,電氣絕緣用塑膠製品,南韓,出口總值(含復出口),243,86859
2016-10,39269012,電氣絕緣用塑膠製品,柬埔寨,出口總值(含復出口),9,94
2016-10,39269012,電氣絕緣用塑膠製品,科威特,出口總值(含復出口),2,60
2016-10,39269012,電氣絕緣用塑膠製品,美國,出口總值(含復出口),255,59700
2016-10,39269012,電氣絕緣用塑膠製品,香港,出口總值(含復出口),148,7569
2016-10,39269012,電氣絕緣用塑膠製品,哥倫比亞,出口總值(含復出口),83,27570
2016-10,39269012,電氣絕緣用塑膠製品,埃及,出口總值(含復出口),61,16769
2016-10,39269012,電氣絕緣用塑膠製品,泰國,出口總值(含復出口),6,696
2016-10,39269012,電氣絕緣用塑膠製品,馬來西亞,出口總值(含復出口),26,2162
2016-10,39269012,電氣絕緣用塑膠製品,敘利亞,出口總值(含復出口),133,46550
2016-10,39269012,電氣絕緣用塑膠製品,荷蘭,出口總值(含復出口),38,10733
2016-10,39269012,電氣絕緣用塑膠製品,菲律賓,出口總值(含復出口),24,14218
2016-10,39269012,電氣絕緣用塑膠製品,越南,出口總值(含復出口),76,2434
2016-10,39269012,電氣絕緣用塑膠製品,奧地利,出口總值(含復出口),2,99
2016-10,39269012,電氣絕緣用塑膠製品,瑞士,出口總值(含復出口),8,1695
2016-10,39269012,電氣絕緣用塑膠製品,德國,出口總值(含復出口),53,10776
2016-10,39269012,電氣絕緣用塑膠製品,模里西斯,出口總值(含復出口),5,1220
2016-10,39269012,電氣絕緣用塑膠製品,黎巴嫩,出口總值(含復出口),28,9340
2016-10,39269012,電氣絕緣用塑膠製品,墨西哥,出口總值(含復出口),65,15943
2016-10,39269012,電氣絕緣用塑膠製品,澳大利亞,出口總值(含復出口),41,10213
2016-10,39269012,電氣絕緣用塑膠製品,賽普勒斯,出口總值(含復出口),0,40
2016-11,39231010,塑膠製箱子、盒子、籃子及類似品，其形狀或適合供運輸或包裝半導體晶圓或網線,中國大陸,進口總值(含復進口),323,32751
2016-11,39231010,塑膠製箱子、盒子、籃子及類似品，其形狀或適合供運輸或包裝半導體晶圓或網線,中華民國,進口總值(含復進口),7,5182
2016-11,39231010,塑膠製箱子、盒子、籃子及類似品，其形狀或適合供運輸或包裝半導體晶圓或網線,日本,進口總值(含復進口),2032,74640
2016-11,39231010,塑膠製箱子、盒子、籃子及類似品，其形狀或適合供運輸或包裝半導體晶圓或網線,印尼,進口總值(含復進口),332,38261
2016-11,39231010,塑膠製箱子、盒子、籃子及類似品，其形狀或適合供運輸或包裝半導體晶圓或網線,法國,進口總值(含復進口),0,44
2016-11,39231010,塑膠製箱子、盒子、籃子及類似品，其形狀或適合供運輸或包裝半導體晶圓或網線,南韓,進口總值(含復進口),101,49880
2016-11,39231010,塑膠製箱子、盒子、籃子及類似品，其形狀或適合供運輸或包裝半導體晶圓或網線,美國,進口總值(含復進口),550,52097
2016-11,39231010,塑膠製箱子、盒子、籃子及類似品，其形狀或適合供運輸或包裝半導體晶圓或網線,泰國,進口總值(含復進口),61,7779
2016-11,39231010,塑膠製箱子、盒子、籃子及類似品，其形狀或適合供運輸或包裝半導體晶圓或網線,馬來西亞,進口總值(含復進口),2862,34789
2016-11,39231010,塑膠製箱子、盒子、籃子及類似品，其形狀或適合供運輸或包裝半導體晶圓或網線,荷蘭,進口總值(含復進口),1,1
2016-11,39231010,塑膠製箱子、盒子、籃子及類似品，其形狀或適合供運輸或包裝半導體晶圓或網線,奧地利,進口總值(含復進口),2,106
2016-11,39231010,塑膠製箱子、盒子、籃子及類似品，其形狀或適合供運輸或包裝半導體晶圓或網線,愛沙尼亞,進口總值(含復進口),0,0
2016-11,39231010,塑膠製箱子、盒子、籃子及類似品，其形狀或適合供運輸或包裝半導體晶圓或網線,瑞典,進口總值(含復進口),3,36
2016-11,39231010,塑膠製箱子、盒子、籃子及類似品，其形狀或適合供運輸或包裝半導體晶圓或網線,德國,進口總值(含復進口),0,4
2016-11,39231010,塑膠製箱子、盒子、籃子及類似品，其形狀或適合供運輸或包裝半導體晶圓或網線,千里達及托巴哥,出口總值(含復出口),2,14
2016-11,39231010,塑膠製箱子、盒子、籃子及類似品，其形狀或適合供運輸或包裝半導體晶圓或網線,中國大陸,出口總值(含復出口),513,57151
2016-11,39231010,塑膠製箱子、盒子、籃子及類似品，其形狀或適合供運輸或包裝半導體晶圓或網線,巴西,出口總值(含復出口),2,184
2016-11,39231010,塑膠製箱子、盒子、籃子及類似品，其形狀或適合供運輸或包裝半導體晶圓或網線,日本,出口總值(含復出口),263,34050
2016-11,39231010,塑膠製箱子、盒子、籃子及類似品，其形狀或適合供運輸或包裝半導體晶圓或網線,比利時,出口總值(含復出口),2,55
2016-11,39231010,塑膠製箱子、盒子、籃子及類似品，其形狀或適合供運輸或包裝半導體晶圓或網線,以色列,出口總值(含復出口),0,10
2016-11,39231010,塑膠製箱子、盒子、籃子及類似品，其形狀或適合供運輸或包裝半導體晶圓或網線,加拿大,出口總值(含復出口),7,2019
2016-11,39231010,塑膠製箱子、盒子、籃子及類似品，其形狀或適合供運輸或包裝半導體晶圓或網線,印尼,出口總值(含復出口),25,4065
2016-11,39231010,塑膠製箱子、盒子、籃子及類似品，其形狀或適合供運輸或包裝半導體晶圓或網線,印度,出口總值(含復出口),13,3527
2016-11,39231010,塑膠製箱子、盒子、籃子及類似品，其形狀或適合供運輸或包裝半導體晶圓或網線,沙烏地阿拉伯,出口總值(含復出口),7,2037
2016-11,39231010,塑膠製箱子、盒子、籃子及類似品，其形狀或適合供運輸或包裝半導體晶圓或網線,拉脫維亞,出口總值(含復出口),7,3564
2016-11,39231010,塑膠製箱子、盒子、籃子及類似品，其形狀或適合供運輸或包裝半導體晶圓或網線,法國,出口總值(含復出口),10,1849
2016-11,39231010,塑膠製箱子、盒子、籃子及類似品，其形狀或適合供運輸或包裝半導體晶圓或網線,阿拉伯聯合大公國,出口總值(含復出口),16,9549
2016-11,39231010,塑膠製箱子、盒子、籃子及類似品，其形狀或適合供運輸或包裝半導體晶圓或網線,南非,出口總值(含復出口),3,1752
2016-11,39231010,塑膠製箱子、盒子、籃子及類似品，其形狀或適合供運輸或包裝半導體晶圓或網線,南韓,出口總值(含復出口),7,168
2016-11,39231010,塑膠製箱子、盒子、籃子及類似品，其形狀或適合供運輸或包裝半導體晶圓或網線,哈薩克,出口總值(含復出口),1,163
2016-11,39231010,塑膠製箱子、盒子、籃子及類似品，其形狀或適合供運輸或包裝半導體晶圓或網線,約旦,出口總值(含復出口),0,38
2016-11,39231010,塑膠製箱子、盒子、籃子及類似品，其形狀或適合供運輸或包裝半導體晶圓或網線,美國,出口總值(含復出口),231,59963
2016-11,39231010,塑膠製箱子、盒子、籃子及類似品，其形狀或適合供運輸或包裝半導體晶圓或網線,英國,出口總值(含復出口),14,2876
2016-11,39231010,塑膠製箱子、盒子、籃子及類似品，其形狀或適合供運輸或包裝半導體晶圓或網線,香港,出口總值(含復出口),75,2836
2016-11,39231010,塑膠製箱子、盒子、籃子及類似品，其形狀或適合供運輸或包裝半導體晶圓或網線,泰國,出口總值(含復出口),44,7469
2016-11,39231010,塑膠製箱子、盒子、籃子及類似品，其形狀或適合供運輸或包裝半導體晶圓或網線,紐西蘭,出口總值(含復出口),1,38
2016-11,39231010,塑膠製箱子、盒子、籃子及類似品，其形狀或適合供運輸或包裝半導體晶圓或網線,馬來西亞,出口總值(含復出口),37,4213
2016-11,39231010,塑膠製箱子、盒子、籃子及類似品，其形狀或適合供運輸或包裝半導體晶圓或網線,荷蘭,出口總值(含復出口),13,1265
2016-11,39231010,塑膠製箱子、盒子、籃子及類似品，其形狀或適合供運輸或包裝半導體晶圓或網線,菲律賓,出口總值(含復出口),26,10907
2016-11,39231010,塑膠製箱子、盒子、籃子及類似品，其形狀或適合供運輸或包裝半導體晶圓或網線,越南,出口總值(含復出口),30,4609
2016-11,39231010,塑膠製箱子、盒子、籃子及類似品，其形狀或適合供運輸或包裝半導體晶圓或網線,新加坡,出口總值(含復出口),36,4720
2016-11,39231010,塑膠製箱子、盒子、籃子及類似品，其形狀或適合供運輸或包裝半導體晶圓或網線,義大利,出口總值(含復出口),3,79
2016-11,39231010,塑膠製箱子、盒子、籃子及類似品，其形狀或適合供運輸或包裝半導體晶圓或網線,德國,出口總值(含復出口),51,6126
2016-11,39231010,塑膠製箱子、盒子、籃子及類似品，其形狀或適合供運輸或包裝半導體晶圓或網線,墨西哥,出口總值(含復出口),124,66653
2016-11,39231010,塑膠製箱子、盒子、籃子及類似品，其形狀或適合供運輸或包裝半導體晶圓或網線,澳大利亞,出口總值(含復出口),128,16625
2016-11,39239090,其他供輸送或包裝貨物之塑膠製品,土耳其,進口總值(含復進口),0,70
2016-11,39239090,其他供輸送或包裝貨物之塑膠製品,中國大陸,進口總值(含復進口),4637,1253123
2016-11,39239090,其他供輸送或包裝貨物之塑膠製品,中華民國,進口總值(含復進口),675,325135
2016-11,39239090,其他供輸送或包裝貨物之塑膠製品,丹麥,進口總值(含復進口),19,1513
2016-11,39239090,其他供輸送或包裝貨物之塑膠製品,日本,進口總值(含復進口),1803,240435
2016-11,39239090,其他供輸送或包裝貨物之塑膠製品,比利時,進口總值(含復進口),1,332
2016-11,39239090,其他供輸送或包裝貨物之塑膠製品,加拿大,進口總值(含復進口),1,288
2016-11,39239090,其他供輸送或包裝貨物之塑膠製品,印尼,進口總值(含復進口),28,4464
2016-11,39239090,其他供輸送或包裝貨物之塑膠製品,波蘭,進口總值(含復進口),0,80
2016-11,39239090,其他供輸送或包裝貨物之塑膠製品,法國,進口總值(含復進口),8,5265
2016-11,39239090,其他供輸送或包裝貨物之塑膠製品,南韓,進口總值(含復進口),1412,258624
2016-11,39239090,其他供輸送或包裝貨物之塑膠製品,美國,進口總值(含復進口),801,98917
2016-11,39239090,其他供輸送或包裝貨物之塑膠製品,香港,進口總值(含復進口),2,1
2016-11,39239090,其他供輸送或包裝貨物之塑膠製品,泰國,進口總值(含復進口),90,15401
2016-11,39239090,其他供輸送或包裝貨物之塑膠製品,馬來西亞,進口總值(含復進口),1188,195178
2016-11,39239090,其他供輸送或包裝貨物之塑膠製品,荷蘭,進口總值(含復進口),27,565
2016-11,39239090,其他供輸送或包裝貨物之塑膠製品,菲律賓,進口總值(含復進口),400,72798
2016-11,39239090,其他供輸送或包裝貨物之塑膠製品,越南,進口總值(含復進口),9,2962
2016-11,39239090,其他供輸送或包裝貨物之塑膠製品,奧地利,進口總值(含復進口),1,0
2016-11,39239090,其他供輸送或包裝貨物之塑膠製品,新加坡,進口總值(含復進口),56,26010
2016-11,39239090,其他供輸送或包裝貨物之塑膠製品,瑞典,進口總值(含復進口),0,0
2016-11,39239090,其他供輸送或包裝貨物之塑膠製品,義大利,進口總值(含復進口),14,2393
2016-11,39239090,其他供輸送或包裝貨物之塑膠製品,葡萄牙,進口總值(含復進口),0,4
2016-11,39239090,其他供輸送或包裝貨物之塑膠製品,德國,進口總值(含復進口),309,11705
2016-11,39239090,其他供輸送或包裝貨物之塑膠製品,墨西哥,進口總值(含復進口),0,4
2016-11,39239090,其他供輸送或包裝貨物之塑膠製品,澳大利亞,進口總值(含復進口),3,6
2016-11,39239090,其他供輸送或包裝貨物之塑膠製品,土耳其,出口總值(含復出口),11,1348
2016-11,39239090,其他供輸送或包裝貨物之塑膠製品,中國大陸,出口總值(含復出口),1595,278861
2016-11,39239090,其他供輸送或包裝貨物之塑膠製品,丹麥,出口總值(含復出口),3,718
2016-11,39239090,其他供輸送或包裝貨物之塑膠製品,厄瓜多,出口總值(含復出口),2,325
2016-11,39239090,其他供輸送或包裝貨物之塑膠製品,巴西,出口總值(含復出口),47,15537
2016-11,39239090,其他供輸送或包裝貨物之塑膠製品,巴林,出口總值(含復出口),7,1164
2016-11,39239090,其他供輸送或包裝貨物之塑膠製品,巴拿馬,出口總值(含復出口),15,3185
2016-11,39239090,其他供輸送或包裝貨物之塑膠製品,巴基斯坦,出口總值(含復出口),58,8351
2016-11,39239090,其他供輸送或包裝貨物之塑膠製品,日本,出口總值(含復出口),1085,128687
2016-11,39239090,其他供輸送或包裝貨物之塑膠製品,比利時,出口總值(含復出口),17,2762
2016-11,39239090,其他供輸送或包裝貨物之塑膠製品,以色列,出口總值(含復出口),5,563
2016-11,39239090,其他供輸送或包裝貨物之塑膠製品,加拿大,出口總值(含復出口),119,32613
2016-11,39239090,其他供輸送或包裝貨物之塑膠製品,印尼,出口總值(含復出口),52,10578
2016-11,39239090,其他供輸送或包裝貨物之塑膠製品,印度,出口總值(含復出口),46,13674
2016-11,39239090,其他供輸送或包裝貨物之塑膠製品,多明尼加,出口總值(含復出口),3,908
2016-11,39239090,其他供輸送或包裝貨物之塑膠製品,西班牙,出口總值(含復出口),3,118
2016-11,39239090,其他供輸送或包裝貨物之塑膠製品,宏都拉斯,出口總值(含復出口),14,6240
2016-11,39239090,其他供輸送或包裝貨物之塑膠製品,沙烏地阿拉伯,出口總值(含復出口),46,8520
2016-11,39239090,其他供輸送或包裝貨物之塑膠製品,汶萊,出口總值(含復出口),0,160
2016-11,39239090,其他供輸送或包裝貨物之塑膠製品,其他國家,出口總值(含復出口),1,291
2016-11,39239090,其他供輸送或包裝貨物之塑膠製品,奈及利亞,出口總值(含復出口),6,756
2016-11,39239090,其他供輸送或包裝貨物之塑膠製品,孟加拉,出口總值(含復出口),2,211
2016-11,39239090,其他供輸送或包裝貨物之塑膠製品,帛琉,出口總值(含復出口),12,756
2016-11,39239090,其他供輸送或包裝貨物之塑膠製品,法國,出口總值(含復出口),146,5947
2016-11,39239090,其他供輸送或包裝貨物之塑膠製品,肯亞,出口總值(含復出口),5,1598
2016-11,39239090,其他供輸送或包裝貨物之塑膠製品,芬蘭,出口總值(含復出口),0,68
2016-11,39239090,其他供輸送或包裝貨物之塑膠製品,阿拉伯聯合大公國,出口總值(含復出口),16,9988
2016-11,39239090,其他供輸送或包裝貨物之塑膠製品,南韓,出口總值(含復出口),145,88249
2016-11,39239090,其他供輸送或包裝貨物之塑膠製品,柬埔寨,出口總值(含復出口),3,515
2016-11,39239090,其他供輸送或包裝貨物之塑膠製品,玻利維亞,出口總值(含復出口),1,25
2016-11,39239090,其他供輸送或包裝貨物之塑膠製品,美國,出口總值(含復出口),761,197465
2016-11,39239090,其他供輸送或包裝貨物之塑膠製品,英國,出口總值(含復出口),51,7431
2016-11,39239090,其他供輸送或包裝貨物之塑膠製品,香港,出口總值(含復出口),282,96847
2016-11,39239090,其他供輸送或包裝貨物之塑膠製品,哥倫比亞,出口總值(含復出口),6,2511
2016-11,39239090,其他供輸送或包裝貨物之塑膠製品,哥斯大黎加,出口總值(含復出口),48,6043
2016-11,39239090,其他供輸送或包裝貨物之塑膠製品,埃及,出口總值(含復出口),0,7
2016-11,39239090,其他供輸送或包裝貨物之塑膠製品,泰國,出口總值(含復出口),146,14292
2016-11,39239090,其他供輸送或包裝貨物之塑膠製品,紐西蘭,出口總值(含復出口),42,5023
2016-11,39239090,其他供輸送或包裝貨物之塑膠製品,馬來西亞,出口總值(含復出口),93,15702
2016-11,39239090,其他供輸送或包裝貨物之塑膠製品,捷克,出口總值(含復出口),0,7
2016-11,39239090,其他供輸送或包裝貨物之塑膠製品,莫三比克,出口總值(含復出口),6,2500
2016-11,39239090,其他供輸送或包裝貨物之塑膠製品,荷蘭,出口總值(含復出口),45,1622
2016-11,39239090,其他供輸送或包裝貨物之塑膠製品,斯里蘭卡,出口總值(含復出口),24,16264
2016-11,39239090,其他供輸送或包裝貨物之塑膠製品,智利,出口總值(含復出口),1,200
2016-11,39239090,其他供輸送或包裝貨物之塑膠製品,菲律賓,出口總值(含復出口),219,61146
2016-11,39239090,其他供輸送或包裝貨物之塑膠製品,越南,出口總值(含復出口),55,15444
2016-11,39239090,其他供輸送或包裝貨物之塑膠製品,塞內加爾,出口總值(含復出口),1,195
2016-11,39239090,其他供輸送或包裝貨物之塑膠製品,愛爾蘭,出口總值(含復出口),10,1856
2016-11,39239090,其他供輸送或包裝貨物之塑膠製品,新加坡,出口總值(含復出口),131,31487
2016-11,39239090,其他供輸送或包裝貨物之塑膠製品,瑞士,出口總值(含復出口),41,1142
2016-11,39239090,其他供輸送或包裝貨物之塑膠製品,瑞典,出口總值(含復出口),2,518
2016-11,39239090,其他供輸送或包裝貨物之塑膠製品,義大利,出口總值(含復出口),395,21811
2016-11,39239090,其他供輸送或包裝貨物之塑膠製品,德國,出口總值(含復出口),91,8365
2016-11,39239090,其他供輸送或包裝貨物之塑膠製品,模里西斯,出口總值(含復出口),14,4530
2016-11,39239090,其他供輸送或包裝貨物之塑膠製品,緬甸,出口總值(含復出口),5,943
2016-11,39239090,其他供輸送或包裝貨物之塑膠製品,墨西哥,出口總值(含復出口),13,3392
2016-11,39239090,其他供輸送或包裝貨物之塑膠製品,澳大利亞,出口總值(含復出口),19,7646
2016-11,39239090,其他供輸送或包裝貨物之塑膠製品,澳門,出口總值(含復出口),1,172
2016-11,39239090,其他供輸送或包裝貨物之塑膠製品,薩爾瓦多,出口總值(含復出口),5,415
2016-11,39239090,其他供輸送或包裝貨物之塑膠製品,關島,出口總值(含復出口),10,3472
2016-11,39269012,電氣絕緣用塑膠製品,中國大陸,進口總值(含復進口),17,419
2016-11,39269012,電氣絕緣用塑膠製品,中華民國,進口總值(含復進口),5,120
2016-11,39269012,電氣絕緣用塑膠製品,日本,進口總值(含復進口),155,2199
2016-11,39269012,電氣絕緣用塑膠製品,法國,進口總值(含復進口),0,3
2016-11,39269012,電氣絕緣用塑膠製品,南韓,進口總值(含復進口),0,0
2016-11,39269012,電氣絕緣用塑膠製品,美國,進口總值(含復進口),15,204
2016-11,39269012,電氣絕緣用塑膠製品,荷蘭,進口總值(含復進口),0,87
2016-11,39269012,電氣絕緣用塑膠製品,越南,進口總值(含復進口),22,8261
2016-11,39269012,電氣絕緣用塑膠製品,瑞士,進口總值(含復進口),0,1
2016-11,39269012,電氣絕緣用塑膠製品,德國,進口總值(含復進口),1,13
2016-11,39269012,電氣絕緣用塑膠製品,土耳其,出口總值(含復出口),67,22750
2016-11,39269012,電氣絕緣用塑膠製品,中國大陸,出口總值(含復出口),271,24204
2016-11,39269012,電氣絕緣用塑膠製品,巴西,出口總值(含復出口),3,618
2016-11,39269012,電氣絕緣用塑膠製品,比利時,出口總值(含復出口),23,7544
2016-11,39269012,電氣絕緣用塑膠製品,加拿大,出口總值(含復出口),260,65250
2016-11,39269012,電氣絕緣用塑膠製品,瓜地馬拉,出口總值(含復出口),0,7
2016-11,39269012,電氣絕緣用塑膠製品,匈牙利,出口總值(含復出口),11,2427
2016-11,39269012,電氣絕緣用塑膠製品,印尼,出口總值(含復出口),13,611
2016-11,39269012,電氣絕緣用塑膠製品,印度,出口總值(含復出口),165,67579
2016-11,39269012,電氣絕緣用塑膠製品,西班牙,出口總值(含復出口),9,221
2016-11,39269012,電氣絕緣用塑膠製品,希臘,出口總值(含復出口),14,3491
2016-11,39269012,電氣絕緣用塑膠製品,沙烏地阿拉伯,出口總值(含復出口),30,9005
2016-11,39269012,電氣絕緣用塑膠製品,其他國家,出口總值(含復出口),1,201
2016-11,39269012,電氣絕緣用塑膠製品,拉脫維亞,出口總值(含復出口),43,11201
2016-11,39269012,電氣絕緣用塑膠製品,法國,出口總值(含復出口),7,2315
2016-11,39269012,電氣絕緣用塑膠製品,芬蘭,出口總值(含復出口),0,4
2016-11,39269012,電氣絕緣用塑膠製品,俄羅斯,出口總值(含復出口),131,38866
2016-11,39269012,電氣絕緣用塑膠製品,南非,出口總值(含復出口),18,5156
2016-11,39269012,電氣絕緣用塑膠製品,南韓,出口總值(含復出口),312,111291
2016-11,39269012,電氣絕緣用塑膠製品,柬埔寨,出口總值(含復出口),13,139
2016-11,39269012,電氣絕緣用塑膠製品,科威特,出口總值(含復出口),6,940
2016-11,39269012,電氣絕緣用塑膠製品,約旦,出口總值(含復出口),66,22800
2016-11,39269012,電氣絕緣用塑膠製品,美國,出口總值(含復出口),144,22041
2016-11,39269012,電氣絕緣用塑膠製品,香港,出口總值(含復出口),26,644
2016-11,39269012,電氣絕緣用塑膠製品,埃及,出口總值(含復出口),98,36575
2016-11,39269012,電氣絕緣用塑膠製品,馬來西亞,出口總值(含復出口),9,655
2016-11,39269012,電氣絕緣用塑膠製品,敘利亞,出口總值(含復出口),234,79920
2016-11,39269012,電氣絕緣用塑膠製品,荷蘭,出口總值(含復出口),30,7675
2016-11,39269012,電氣絕緣用塑膠製品,斐濟,出口總值(含復出口),8,3000
2016-11,39269012,電氣絕緣用塑膠製品,智利,出口總值(含復出口),2,199
2016-11,39269012,電氣絕緣用塑膠製品,菲律賓,出口總值(含復出口),22,15350
2016-11,39269012,電氣絕緣用塑膠製品,越南,出口總值(含復出口),42,1502
2016-11,39269012,電氣絕緣用塑膠製品,新加坡,出口總值(含復出口),12,774
2016-11,39269012,電氣絕緣用塑膠製品,義大利,出口總值(含復出口),191,40723
2016-11,39269012,電氣絕緣用塑膠製品,德國,出口總值(含復出口),30,5663
2016-11,39269012,電氣絕緣用塑膠製品,黎巴嫩,出口總值(含復出口),19,5896
2016-11,39269012,電氣絕緣用塑膠製品,墨西哥,出口總值(含復出口),52,15980
2016-11,39269012,電氣絕緣用塑膠製品,澳大利亞,出口總值(含復出口),88,22370
2016-12,39231010,塑膠製箱子、盒子、籃子及類似品，其形狀或適合供運輸或包裝半導體晶圓或網線,中國大陸,進口總值(含復進口),196,28709
2016-12,39231010,塑膠製箱子、盒子、籃子及類似品，其形狀或適合供運輸或包裝半導體晶圓或網線,中華民國,進口總值(含復進口),5,472
2016-12,39231010,塑膠製箱子、盒子、籃子及類似品，其形狀或適合供運輸或包裝半導體晶圓或網線,日本,進口總值(含復進口),2833,86683
2016-12,39231010,塑膠製箱子、盒子、籃子及類似品，其形狀或適合供運輸或包裝半導體晶圓或網線,印尼,進口總值(含復進口),266,32283
2016-12,39231010,塑膠製箱子、盒子、籃子及類似品，其形狀或適合供運輸或包裝半導體晶圓或網線,西班牙,進口總值(含復進口),2,18
2016-12,39231010,塑膠製箱子、盒子、籃子及類似品，其形狀或適合供運輸或包裝半導體晶圓或網線,法國,進口總值(含復進口),0,3
2016-12,39231010,塑膠製箱子、盒子、籃子及類似品，其形狀或適合供運輸或包裝半導體晶圓或網線,南韓,進口總值(含復進口),103,18224
2016-12,39231010,塑膠製箱子、盒子、籃子及類似品，其形狀或適合供運輸或包裝半導體晶圓或網線,美國,進口總值(含復進口),635,62170
2016-12,39231010,塑膠製箱子、盒子、籃子及類似品，其形狀或適合供運輸或包裝半導體晶圓或網線,馬來西亞,進口總值(含復進口),2565,32903
2016-12,39231010,塑膠製箱子、盒子、籃子及類似品，其形狀或適合供運輸或包裝半導體晶圓或網線,瑞士,進口總值(含復進口),0,13
2016-12,39231010,塑膠製箱子、盒子、籃子及類似品，其形狀或適合供運輸或包裝半導體晶圓或網線,德國,進口總值(含復進口),8,197
2016-12,39231010,塑膠製箱子、盒子、籃子及類似品，其形狀或適合供運輸或包裝半導體晶圓或網線,中國大陸,出口總值(含復出口),900,125650
2016-12,39231010,塑膠製箱子、盒子、籃子及類似品，其形狀或適合供運輸或包裝半導體晶圓或網線,日本,出口總值(含復出口),257,35971
2016-12,39231010,塑膠製箱子、盒子、籃子及類似品，其形狀或適合供運輸或包裝半導體晶圓或網線,比利時,出口總值(含復出口),0,6
2016-12,39231010,塑膠製箱子、盒子、籃子及類似品，其形狀或適合供運輸或包裝半導體晶圓或網線,以色列,出口總值(含復出口),2,842
2016-12,39231010,塑膠製箱子、盒子、籃子及類似品，其形狀或適合供運輸或包裝半導體晶圓或網線,伊朗,出口總值(含復出口),0,10
2016-12,39231010,塑膠製箱子、盒子、籃子及類似品，其形狀或適合供運輸或包裝半導體晶圓或網線,印尼,出口總值(含復出口),16,3140
2016-12,39231010,塑膠製箱子、盒子、籃子及類似品，其形狀或適合供運輸或包裝半導體晶圓或網線,印度,出口總值(含復出口),39,8760
2016-12,39231010,塑膠製箱子、盒子、籃子及類似品，其形狀或適合供運輸或包裝半導體晶圓或網線,帛琉,出口總值(含復出口),2,642
2016-12,39231010,塑膠製箱子、盒子、籃子及類似品，其形狀或適合供運輸或包裝半導體晶圓或網線,法國,出口總值(含復出口),2,274
2016-12,39231010,塑膠製箱子、盒子、籃子及類似品，其形狀或適合供運輸或包裝半導體晶圓或網線,阿拉伯聯合大公國,出口總值(含復出口),47,11443
2016-12,39231010,塑膠製箱子、盒子、籃子及類似品，其形狀或適合供運輸或包裝半導體晶圓或網線,南韓,出口總值(含復出口),6,170
2016-12,39231010,塑膠製箱子、盒子、籃子及類似品，其形狀或適合供運輸或包裝半導體晶圓或網線,哈薩克,出口總值(含復出口),2,69
2016-12,39231010,塑膠製箱子、盒子、籃子及類似品，其形狀或適合供運輸或包裝半導體晶圓或網線,美國,出口總值(含復出口),56,9730
2016-12,39231010,塑膠製箱子、盒子、籃子及類似品，其形狀或適合供運輸或包裝半導體晶圓或網線,英國,出口總值(含復出口),30,4730
2016-12,39231010,塑膠製箱子、盒子、籃子及類似品，其形狀或適合供運輸或包裝半導體晶圓或網線,香港,出口總值(含復出口),32,42213
2016-12,39231010,塑膠製箱子、盒子、籃子及類似品，其形狀或適合供運輸或包裝半導體晶圓或網線,留尼旺,出口總值(含復出口),3,364
2016-12,39231010,塑膠製箱子、盒子、籃子及類似品，其形狀或適合供運輸或包裝半導體晶圓或網線,紐西蘭,出口總值(含復出口),6,307
2016-12,39231010,塑膠製箱子、盒子、籃子及類似品，其形狀或適合供運輸或包裝半導體晶圓或網線,馬來西亞,出口總值(含復出口),42,4574
2016-12,39231010,塑膠製箱子、盒子、籃子及類似品，其形狀或適合供運輸或包裝半導體晶圓或網線,馬紹爾群島,出口總值(含復出口),0,33
2016-12,39231010,塑膠製箱子、盒子、籃子及類似品，其形狀或適合供運輸或包裝半導體晶圓或網線,馬爾他,出口總值(含復出口),0,44
2016-12,39231010,塑膠製箱子、盒子、籃子及類似品，其形狀或適合供運輸或包裝半導體晶圓或網線,荷蘭,出口總值(含復出口),3,285
2016-12,39231010,塑膠製箱子、盒子、籃子及類似品，其形狀或適合供運輸或包裝半導體晶圓或網線,菲律賓,出口總值(含復出口),44,24838
2016-12,39231010,塑膠製箱子、盒子、籃子及類似品，其形狀或適合供運輸或包裝半導體晶圓或網線,越南,出口總值(含復出口),43,11905
2016-12,39231010,塑膠製箱子、盒子、籃子及類似品，其形狀或適合供運輸或包裝半導體晶圓或網線,新加坡,出口總值(含復出口),48,6210
2016-12,39231010,塑膠製箱子、盒子、籃子及類似品，其形狀或適合供運輸或包裝半導體晶圓或網線,義大利,出口總值(含復出口),5,256
2016-12,39231010,塑膠製箱子、盒子、籃子及類似品，其形狀或適合供運輸或包裝半導體晶圓或網線,德國,出口總值(含復出口),6,358
2016-12,39231010,塑膠製箱子、盒子、籃子及類似品，其形狀或適合供運輸或包裝半導體晶圓或網線,澳大利亞,出口總值(含復出口),76,8948
2016-12,39231010,塑膠製箱子、盒子、籃子及類似品，其形狀或適合供運輸或包裝半導體晶圓或網線,澳門,出口總值(含復出口),0,15
2016-12,39239090,其他供輸送或包裝貨物之塑膠製品,中國大陸,進口總值(含復進口),4481,1321015
2016-12,39239090,其他供輸送或包裝貨物之塑膠製品,中華民國,進口總值(含復進口),468,220914
2016-12,39239090,其他供輸送或包裝貨物之塑膠製品,日本,進口總值(含復進口),1293,145542
2016-12,39239090,其他供輸送或包裝貨物之塑膠製品,比利時,進口總值(含復進口),1,275
2016-12,39239090,其他供輸送或包裝貨物之塑膠製品,加拿大,進口總值(含復進口),1,192
2016-12,39239090,其他供輸送或包裝貨物之塑膠製品,印度,進口總值(含復進口),4,88
2016-12,39239090,其他供輸送或包裝貨物之塑膠製品,拉脫維亞,進口總值(含復進口),0,50
2016-12,39239090,其他供輸送或包裝貨物之塑膠製品,法國,進口總值(含復進口),0,5
2016-12,39239090,其他供輸送或包裝貨物之塑膠製品,南韓,進口總值(含復進口),1761,380333
2016-12,39239090,其他供輸送或包裝貨物之塑膠製品,美國,進口總值(含復進口),486,63135
2016-12,39239090,其他供輸送或包裝貨物之塑膠製品,英國,進口總值(含復進口),5,5
2016-12,39239090,其他供輸送或包裝貨物之塑膠製品,泰國,進口總值(含復進口),276,92395
2016-12,39239090,其他供輸送或包裝貨物之塑膠製品,馬來西亞,進口總值(含復進口),796,126493
2016-12,39239090,其他供輸送或包裝貨物之塑膠製品,捷克,進口總值(含復進口),2,83
2016-12,39239090,其他供輸送或包裝貨物之塑膠製品,荷蘭,進口總值(含復進口),50,1277
2016-12,39239090,其他供輸送或包裝貨物之塑膠製品,菲律賓,進口總值(含復進口),322,67517
2016-12,39239090,其他供輸送或包裝貨物之塑膠製品,越南,進口總值(含復進口),7,1409
2016-12,39239090,其他供輸送或包裝貨物之塑膠製品,新加坡,進口總值(含復進口),62,12670
2016-12,39239090,其他供輸送或包裝貨物之塑膠製品,瑞典,進口總值(含復進口),0,0
2016-12,39239090,其他供輸送或包裝貨物之塑膠製品,義大利,進口總值(含復進口),10,2291
2016-12,39239090,其他供輸送或包裝貨物之塑膠製品,葡萄牙,進口總值(含復進口),0,2
2016-12,39239090,其他供輸送或包裝貨物之塑膠製品,德國,進口總值(含復進口),276,14931
2016-12,39239090,其他供輸送或包裝貨物之塑膠製品,千里達及托巴哥,出口總值(含復出口),0,73
2016-12,39239090,其他供輸送或包裝貨物之塑膠製品,土耳其,出口總值(含復出口),3,1000
2016-12,39239090,其他供輸送或包裝貨物之塑膠製品,中國大陸,出口總值(含復出口),2559,621166
2016-12,39239090,其他供輸送或包裝貨物之塑膠製品,丹麥,出口總值(含復出口),3,480
2016-12,39239090,其他供輸送或包裝貨物之塑膠製品,厄瓜多,出口總值(含復出口),10,1827
2016-12,39239090,其他供輸送或包裝貨物之塑膠製品,巴西,出口總值(含復出口),35,2628
2016-12,39239090,其他供輸送或包裝貨物之塑膠製品,巴拿馬,出口總值(含復出口),4,774
2016-12,39239090,其他供輸送或包裝貨物之塑膠製品,日本,出口總值(含復出口),1048,139866
2016-12,39239090,其他供輸送或包裝貨物之塑膠製品,比利時,出口總值(含復出口),3,548
2016-12,39239090,其他供輸送或包裝貨物之塑膠製品,以色列,出口總值(含復出口),23,2629
2016-12,39239090,其他供輸送或包裝貨物之塑膠製品,加拿大,出口總值(含復出口),64,8987
2016-12,39239090,其他供輸送或包裝貨物之塑膠製品,尼加拉瓜,出口總值(含復出口),1,645
2016-12,39239090,其他供輸送或包裝貨物之塑膠製品,瓜地馬拉,出口總值(含復出口),17,7715
2016-12,39239090,其他供輸送或包裝貨物之塑膠製品,印尼,出口總值(含復出口),24,6465
2016-12,39239090,其他供輸送或包裝貨物之塑膠製品,印度,出口總值(含復出口),12,6557
2016-12,39239090,其他供輸送或包裝貨物之塑膠製品,希臘,出口總值(含復出口),19,9049
2016-12,39239090,其他供輸送或包裝貨物之塑膠製品,沙烏地阿拉伯,出口總值(含復出口),45,15783
2016-12,39239090,其他供輸送或包裝貨物之塑膠製品,汶萊,出口總值(含復出口),0,120
2016-12,39239090,其他供輸送或包裝貨物之塑膠製品,其他國家,出口總值(含復出口),1,275
2016-12,39239090,其他供輸送或包裝貨物之塑膠製品,孟加拉,出口總值(含復出口),27,8813
2016-12,39239090,其他供輸送或包裝貨物之塑膠製品,帛琉,出口總值(含復出口),0,52
2016-12,39239090,其他供輸送或包裝貨物之塑膠製品,法國,出口總值(含復出口),44,1211
2016-12,39239090,其他供輸送或包裝貨物之塑膠製品,法屬玻里尼西亞,出口總值(含復出口),0,0
2016-12,39239090,其他供輸送或包裝貨物之塑膠製品,肯亞,出口總值(含復出口),0,18
2016-12,39239090,其他供輸送或包裝貨物之塑膠製品,芬蘭,出口總值(含復出口),13,2801
2016-12,39239090,其他供輸送或包裝貨物之塑膠製品,阿拉伯聯合大公國,出口總值(含復出口),8,1096
2016-12,39239090,其他供輸送或包裝貨物之塑膠製品,南非,出口總值(含復出口),48,2198
2016-12,39239090,其他供輸送或包裝貨物之塑膠製品,南韓,出口總值(含復出口),305,105186
2016-12,39239090,其他供輸送或包裝貨物之塑膠製品,柬埔寨,出口總值(含復出口),3,240
2016-12,39239090,其他供輸送或包裝貨物之塑膠製品,約旦,出口總值(含復出口),10,657
2016-12,39239090,其他供輸送或包裝貨物之塑膠製品,美國,出口總值(含復出口),1107,341237
2016-12,39239090,其他供輸送或包裝貨物之塑膠製品,英國,出口總值(含復出口),12,2130
2016-12,39239090,其他供輸送或包裝貨物之塑膠製品,香港,出口總值(含復出口),377,82629
2016-12,39239090,其他供輸送或包裝貨物之塑膠製品,哥斯大黎加,出口總值(含復出口),12,4993
2016-12,39239090,其他供輸送或包裝貨物之塑膠製品,泰國,出口總值(含復出口),117,20550
2016-12,39239090,其他供輸送或包裝貨物之塑膠製品,秘魯,出口總值(含復出口),12,2679
2016-12,39239090,其他供輸送或包裝貨物之塑膠製品,紐西蘭,出口總值(含復出口),9,313
2016-12,39239090,其他供輸送或包裝貨物之塑膠製品,馬來西亞,出口總值(含復出口),95,20686
2016-12,39239090,其他供輸送或包裝貨物之塑膠製品,馬紹爾群島,出口總值(含復出口),1,120
2016-12,39239090,其他供輸送或包裝貨物之塑膠製品,馬達加斯加,出口總值(含復出口),5,1034
2016-12,39239090,其他供輸送或包裝貨物之塑膠製品,馬爾他,出口總值(含復出口),0,8
2016-12,39239090,其他供輸送或包裝貨物之塑膠製品,荷蘭,出口總值(含復出口),138,7970
2016-12,39239090,其他供輸送或包裝貨物之塑膠製品,斯里蘭卡,出口總值(含復出口),31,18946
2016-12,39239090,其他供輸送或包裝貨物之塑膠製品,智利,出口總值(含復出口),4,1253
2016-12,39239090,其他供輸送或包裝貨物之塑膠製品,菲律賓,出口總值(含復出口),105,20464
2016-12,39239090,其他供輸送或包裝貨物之塑膠製品,越南,出口總值(含復出口),195,79887
2016-12,39239090,其他供輸送或包裝貨物之塑膠製品,奧地利,出口總值(含復出口),10,2041
2016-12,39239090,其他供輸送或包裝貨物之塑膠製品,新加坡,出口總值(含復出口),101,21981
2016-12,39239090,其他供輸送或包裝貨物之塑膠製品,瑞士,出口總值(含復出口),17,483
2016-12,39239090,其他供輸送或包裝貨物之塑膠製品,瑞典,出口總值(含復出口),17,1526
2016-12,39239090,其他供輸送或包裝貨物之塑膠製品,義大利,出口總值(含復出口),424,22905
2016-12,39239090,其他供輸送或包裝貨物之塑膠製品,德國,出口總值(含復出口),102,24048
2016-12,39239090,其他供輸送或包裝貨物之塑膠製品,模里西斯,出口總值(含復出口),38,6464
2016-12,39239090,其他供輸送或包裝貨物之塑膠製品,緬甸,出口總值(含復出口),9,946
2016-12,39239090,其他供輸送或包裝貨物之塑膠製品,墨西哥,出口總值(含復出口),21,4674
2016-12,39239090,其他供輸送或包裝貨物之塑膠製品,澳大利亞,出口總值(含復出口),60,16069
2016-12,39239090,其他供輸送或包裝貨物之塑膠製品,澳門,出口總值(含復出口),3,383
2016-12,39239090,其他供輸送或包裝貨物之塑膠製品,賽普勒斯,出口總值(含復出口),3,771
2016-12,39239090,其他供輸送或包裝貨物之塑膠製品,薩爾瓦多,出口總值(含復出口),4,337
2016-12,39239090,其他供輸送或包裝貨物之塑膠製品,關島,出口總值(含復出口),2,204
2016-12,39269012,電氣絕緣用塑膠製品,中國大陸,進口總值(含復進口),28,2066
2016-12,39269012,電氣絕緣用塑膠製品,丹麥,進口總值(含復進口),0,3
2016-12,39269012,電氣絕緣用塑膠製品,日本,進口總值(含復進口),224,2455
2016-12,39269012,電氣絕緣用塑膠製品,匈牙利,進口總值(含復進口),0,0
2016-12,39269012,電氣絕緣用塑膠製品,印度,進口總值(含復進口),2,65
2016-12,39269012,電氣絕緣用塑膠製品,美國,進口總值(含復進口),5,44
2016-12,39269012,電氣絕緣用塑膠製品,越南,進口總值(含復進口),14,5531
2016-12,39269012,電氣絕緣用塑膠製品,新加坡,進口總值(含復進口),0,0
2016-12,39269012,電氣絕緣用塑膠製品,瑞士,進口總值(含復進口),0,0
2016-12,39269012,電氣絕緣用塑膠製品,德國,進口總值(含復進口),1,0
2016-12,39269012,電氣絕緣用塑膠製品,中國大陸,出口總值(含復出口),164,24755
2016-12,39269012,電氣絕緣用塑膠製品,厄瓜多,出口總值(含復出口),10,3188
2016-12,39269012,電氣絕緣用塑膠製品,比利時,出口總值(含復出口),11,2667
2016-12,39269012,電氣絕緣用塑膠製品,加拿大,出口總值(含復出口),314,80319
2016-12,39269012,電氣絕緣用塑膠製品,印尼,出口總值(含復出口),17,891
2016-12,39269012,電氣絕緣用塑膠製品,沙烏地阿拉伯,出口總值(含復出口),30,9235
2016-12,39269012,電氣絕緣用塑膠製品,波蘭,出口總值(含復出口),65,15012
2016-12,39269012,電氣絕緣用塑膠製品,法國,出口總值(含復出口),15,4724
2016-12,39269012,電氣絕緣用塑膠製品,芬蘭,出口總值(含復出口),1,24
2016-12,39269012,電氣絕緣用塑膠製品,阿拉伯聯合大公國,出口總值(含復出口),31,12784
2016-12,39269012,電氣絕緣用塑膠製品,俄羅斯,出口總值(含復出口),48,15116
2016-12,39269012,電氣絕緣用塑膠製品,南非,出口總值(含復出口),17,5547
2016-12,39269012,電氣絕緣用塑膠製品,南韓,出口總值(含復出口),214,71752
2016-12,39269012,電氣絕緣用塑膠製品,柬埔寨,出口總值(含復出口),6,96
2016-12,39269012,電氣絕緣用塑膠製品,科威特,出口總值(含復出口),4,665
2016-12,39269012,電氣絕緣用塑膠製品,美國,出口總值(含復出口),211,41108
2016-12,39269012,電氣絕緣用塑膠製品,香港,出口總值(含復出口),69,2407
2016-12,39269012,電氣絕緣用塑膠製品,哥倫比亞,出口總值(含復出口),165,62648
2016-12,39269012,電氣絕緣用塑膠製品,埃及,出口總值(含復出口),52,19950
2016-12,39269012,電氣絕緣用塑膠製品,泰國,出口總值(含復出口),9,110
2016-12,39269012,電氣絕緣用塑膠製品,紐西蘭,出口總值(含復出口),2,609
2016-12,39269012,電氣絕緣用塑膠製品,馬來西亞,出口總值(含復出口),19,1477
2016-12,39269012,電氣絕緣用塑膠製品,敘利亞,出口總值(含復出口),134,45600
2016-12,39269012,電氣絕緣用塑膠製品,荷蘭,出口總值(含復出口),27,7312
2016-12,39269012,電氣絕緣用塑膠製品,菲律賓,出口總值(含復出口),12,6725
2016-12,39269012,電氣絕緣用塑膠製品,越南,出口總值(含復出口),38,1257
2016-12,39269012,電氣絕緣用塑膠製品,新加坡,出口總值(含復出口),12,5700
2016-12,39269012,電氣絕緣用塑膠製品,瑞士,出口總值(含復出口),12,2405
2016-12,39269012,電氣絕緣用塑膠製品,瑞典,出口總值(含復出口),14,2850
2016-12,39269012,電氣絕緣用塑膠製品,義大利,出口總值(含復出口),58,12668
2016-12,39269012,電氣絕緣用塑膠製品,德國,出口總值(含復出口),68,14012
2016-12,39269012,電氣絕緣用塑膠製品,黎巴嫩,出口總值(含復出口),31,10600
2016-12,39269012,電氣絕緣用塑膠製品,墨西哥,出口總值(含復出口),18,1148
2016-12,39269012,電氣絕緣用塑膠製品,澳大利亞,出口總值(含復出口),91,23164
2016-1,39201010,聚乙烯塑膠板、片及扁條,中國大陸,進口總值(含復進口),307,129208
2016-1,39201010,聚乙烯塑膠板、片及扁條,日本,進口總值(含復進口),224,36424
2016-1,39201010,聚乙烯塑膠板、片及扁條,加拿大,進口總值(含復進口),0,105
2016-1,39201010,聚乙烯塑膠板、片及扁條,印度,進口總值(含復進口),4,1099
2016-1,39201010,聚乙烯塑膠板、片及扁條,南韓,進口總值(含復進口),39,9257
2016-1,39201010,聚乙烯塑膠板、片及扁條,美國,進口總值(含復進口),484,5059
2016-1,39201010,聚乙烯塑膠板、片及扁條,泰國,進口總值(含復進口),55,8889
2016-1,39201010,聚乙烯塑膠板、片及扁條,馬來西亞,進口總值(含復進口),11,6072
2016-1,39201010,聚乙烯塑膠板、片及扁條,越南,進口總值(含復進口),1,63
2016-1,39201010,聚乙烯塑膠板、片及扁條,奧地利,進口總值(含復進口),19,1056
2016-1,39201010,聚乙烯塑膠板、片及扁條,新加坡,進口總值(含復進口),1,340
2016-1,39201010,聚乙烯塑膠板、片及扁條,義大利,進口總值(含復進口),19,4032
2016-1,39201010,聚乙烯塑膠板、片及扁條,德國,進口總值(含復進口),133,35723
2016-1,39201010,聚乙烯塑膠板、片及扁條,中國大陸,出口總值(含復出口),73,17904
2016-1,39201010,聚乙烯塑膠板、片及扁條,巴布亞紐幾內亞,出口總值(含復出口),0,1
2016-1,39201010,聚乙烯塑膠板、片及扁條,巴林,出口總值(含復出口),1,300
2016-1,39201010,聚乙烯塑膠板、片及扁條,日本,出口總值(含復出口),142,31072
2016-1,39201010,聚乙烯塑膠板、片及扁條,加拿大,出口總值(含復出口),4,360
2016-1,39201010,聚乙烯塑膠板、片及扁條,印尼,出口總值(含復出口),105,14349
2016-1,39201010,聚乙烯塑膠板、片及扁條,印度,出口總值(含復出口),42,14685
2016-1,39201010,聚乙烯塑膠板、片及扁條,西班牙,出口總值(含復出口),1,35
2016-1,39201010,聚乙烯塑膠板、片及扁條,波蘭,出口總值(含復出口),16,169
2016-1,39201010,聚乙烯塑膠板、片及扁條,法國,出口總值(含復出口),1,23
2016-1,39201010,聚乙烯塑膠板、片及扁條,俄羅斯,出口總值(含復出口),36,2928
2016-1,39201010,聚乙烯塑膠板、片及扁條,柬埔寨,出口總值(含復出口),32,12616
2016-1,39201010,聚乙烯塑膠板、片及扁條,美國,出口總值(含復出口),268,34215
2016-1,39201010,聚乙烯塑膠板、片及扁條,香港,出口總值(含復出口),79,32622
2016-1,39201010,聚乙烯塑膠板、片及扁條,泰國,出口總值(含復出口),275,69356
2016-1,39201010,聚乙烯塑膠板、片及扁條,紐西蘭,出口總值(含復出口),2,68
2016-1,39201010,聚乙烯塑膠板、片及扁條,馬來西亞,出口總值(含復出口),40,12654
2016-1,39201010,聚乙烯塑膠板、片及扁條,馬紹爾群島,出口總值(含復出口),0,300
2016-1,39201010,聚乙烯塑膠板、片及扁條,斯里蘭卡,出口總值(含復出口),2,1008
2016-1,39201010,聚乙烯塑膠板、片及扁條,菲律賓,出口總值(含復出口),25,4639
2016-1,39201010,聚乙烯塑膠板、片及扁條,越南,出口總值(含復出口),43,18951
2016-1,39201010,聚乙烯塑膠板、片及扁條,新加坡,出口總值(含復出口),44,20955
2016-1,39201010,聚乙烯塑膠板、片及扁條,德國,出口總值(含復出口),87,207
2016-1,39202021,電容器用金屬化聚丙烯薄膜，留有未鍍邊，總寬度不超過１００公厘，總厚度在０．０１５公厘以上，０．０２５公厘以下者,中國大陸,進口總值(含復進口),31,1071
2016-1,39202021,電容器用金屬化聚丙烯薄膜，留有未鍍邊，總寬度不超過１００公厘，總厚度在０．０１５公厘以上，０．０２５公厘以下者,南韓,進口總值(含復進口),16,823
2016-1,39202021,電容器用金屬化聚丙烯薄膜，留有未鍍邊，總寬度不超過１００公厘，總厚度在０．０１５公厘以上，０．０２５公厘以下者,德國,進口總值(含復進口),5,305
2016-1,39202021,電容器用金屬化聚丙烯薄膜，留有未鍍邊，總寬度不超過１００公厘，總厚度在０．０１５公厘以上，０．０２５公厘以下者,中國大陸,出口總值(含復出口),152,65043
2016-1,39202021,電容器用金屬化聚丙烯薄膜，留有未鍍邊，總寬度不超過１００公厘，總厚度在０．０１５公厘以上，０．０２５公厘以下者,香港,出口總值(含復出口),23,12160
2016-1,39202021,電容器用金屬化聚丙烯薄膜，留有未鍍邊，總寬度不超過１００公厘，總厚度在０．０１５公厘以上，０．０２５公厘以下者,菲律賓,出口總值(含復出口),15,7350
2016-1,39205110,聚甲基丙烯酸甲酯板、片及扁條,中國大陸,進口總值(含復進口),1023,45619
2016-1,39205110,聚甲基丙烯酸甲酯板、片及扁條,中華民國,進口總值(含復進口),32,7513
2016-1,39205110,聚甲基丙烯酸甲酯板、片及扁條,日本,進口總值(含復進口),555,136166
2016-1,39205110,聚甲基丙烯酸甲酯板、片及扁條,南韓,進口總值(含復進口),1485,635889
2016-1,39205110,聚甲基丙烯酸甲酯板、片及扁條,美國,進口總值(含復進口),748,158812
2016-1,39205110,聚甲基丙烯酸甲酯板、片及扁條,義大利,進口總值(含復進口),0,3
2016-1,39205110,聚甲基丙烯酸甲酯板、片及扁條,德國,進口總值(含復進口),3,3
2016-1,39205110,聚甲基丙烯酸甲酯板、片及扁條,土耳其,出口總值(含復出口),52,19204
2016-1,39205110,聚甲基丙烯酸甲酯板、片及扁條,中國大陸,出口總值(含復出口),10834,3383850
2016-1,39205110,聚甲基丙烯酸甲酯板、片及扁條,巴西,出口總值(含復出口),54,16331
2016-1,39205110,聚甲基丙烯酸甲酯板、片及扁條,巴林,出口總值(含復出口),42,15760
2016-1,39205110,聚甲基丙烯酸甲酯板、片及扁條,巴拿馬,出口總值(含復出口),27,10309
2016-1,39205110,聚甲基丙烯酸甲酯板、片及扁條,日本,出口總值(含復出口),524,134204
2016-1,39205110,聚甲基丙烯酸甲酯板、片及扁條,加拿大,出口總值(含復出口),141,47340
2016-1,39205110,聚甲基丙烯酸甲酯板、片及扁條,伊朗,出口總值(含復出口),412,156540
2016-1,39205110,聚甲基丙烯酸甲酯板、片及扁條,印尼,出口總值(含復出口),79,9279
2016-1,39205110,聚甲基丙烯酸甲酯板、片及扁條,印度,出口總值(含復出口),180,113240
2016-1,39205110,聚甲基丙烯酸甲酯板、片及扁條,多明尼加,出口總值(含復出口),11,4427
2016-1,39205110,聚甲基丙烯酸甲酯板、片及扁條,沙烏地阿拉伯,出口總值(含復出口),311,120298
2016-1,39205110,聚甲基丙烯酸甲酯板、片及扁條,汶萊,出口總值(含復出口),21,7309
2016-1,39205110,聚甲基丙烯酸甲酯板、片及扁條,其他國家,出口總值(含復出口),0,5
2016-1,39205110,聚甲基丙烯酸甲酯板、片及扁條,坦尚尼亞,出口總值(含復出口),58,17485
2016-1,39205110,聚甲基丙烯酸甲酯板、片及扁條,阿拉伯聯合大公國,出口總值(含復出口),592,235193
2016-1,39205110,聚甲基丙烯酸甲酯板、片及扁條,南非,出口總值(含復出口),88,24522
2016-1,39205110,聚甲基丙烯酸甲酯板、片及扁條,南韓,出口總值(含復出口),474,152730
2016-1,39205110,聚甲基丙烯酸甲酯板、片及扁條,科威特,出口總值(含復出口),350,116321
2016-1,39205110,聚甲基丙烯酸甲酯板、片及扁條,美國,出口總值(含復出口),1512,530761
2016-1,39205110,聚甲基丙烯酸甲酯板、片及扁條,香港,出口總值(含復出口),159,58660
2016-1,39205110,聚甲基丙烯酸甲酯板、片及扁條,馬來西亞,出口總值(含復出口),10,3045
2016-1,39205110,聚甲基丙烯酸甲酯板、片及扁條,斐濟,出口總值(含復出口),16,4751
2016-1,39205110,聚甲基丙烯酸甲酯板、片及扁條,斯洛維尼亞,出口總值(含復出口),294,90941
2016-1,39205110,聚甲基丙烯酸甲酯板、片及扁條,智利,出口總值(含復出口),5,1596
2016-1,39205110,聚甲基丙烯酸甲酯板、片及扁條,新加坡,出口總值(含復出口),261,91433
2016-1,39205110,聚甲基丙烯酸甲酯板、片及扁條,黎巴嫩,出口總值(含復出口),101,57539
2016-1,39205110,聚甲基丙烯酸甲酯板、片及扁條,澳大利亞,出口總值(含復出口),322,120037
2016-1,39206210,聚對苯二甲酸乙二酯製板、片及扁條,中國大陸,進口總值(含復進口),635,337762
2016-1,39206210,聚對苯二甲酸乙二酯製板、片及扁條,中華民國,進口總值(含復進口),96,16286
2016-1,39206210,聚對苯二甲酸乙二酯製板、片及扁條,日本,進口總值(含復進口),483,94604
2016-1,39206210,聚對苯二甲酸乙二酯製板、片及扁條,印度,進口總值(含復進口),12,7023
2016-1,39206210,聚對苯二甲酸乙二酯製板、片及扁條,南韓,進口總值(含復進口),1385,268892
2016-1,39206210,聚對苯二甲酸乙二酯製板、片及扁條,美國,進口總值(含復進口),161,16204
2016-1,39206210,聚對苯二甲酸乙二酯製板、片及扁條,中國大陸,出口總值(含復出口),13550,1793632
2016-1,39206210,聚對苯二甲酸乙二酯製板、片及扁條,巴西,出口總值(含復出口),45,37584
2016-1,39206210,聚對苯二甲酸乙二酯製板、片及扁條,日本,出口總值(含復出口),461,250744
2016-1,39206210,聚對苯二甲酸乙二酯製板、片及扁條,加拿大,出口總值(含復出口),86,40740
2016-1,39206210,聚對苯二甲酸乙二酯製板、片及扁條,印度,出口總值(含復出口),110,96480
2016-1,39206210,聚對苯二甲酸乙二酯製板、片及扁條,多明尼加,出口總值(含復出口),46,31010
2016-1,39206210,聚對苯二甲酸乙二酯製板、片及扁條,波蘭,出口總值(含復出口),6,178
2016-1,39206210,聚對苯二甲酸乙二酯製板、片及扁條,南韓,出口總值(含復出口),117,17314
2016-1,39206210,聚對苯二甲酸乙二酯製板、片及扁條,美國,出口總值(含復出口),639,473032
2016-1,39206210,聚對苯二甲酸乙二酯製板、片及扁條,英國,出口總值(含復出口),2,664
2016-1,39206210,聚對苯二甲酸乙二酯製板、片及扁條,香港,出口總值(含復出口),1553,159199
2016-1,39206210,聚對苯二甲酸乙二酯製板、片及扁條,泰國,出口總值(含復出口),100,59910
2016-1,39206210,聚對苯二甲酸乙二酯製板、片及扁條,紐西蘭,出口總值(含復出口),44,39360
2016-1,39206210,聚對苯二甲酸乙二酯製板、片及扁條,馬來西亞,出口總值(含復出口),531,163809
2016-1,39206210,聚對苯二甲酸乙二酯製板、片及扁條,荷蘭,出口總值(含復出口),21,1536
2016-1,39206210,聚對苯二甲酸乙二酯製板、片及扁條,斯里蘭卡,出口總值(含復出口),11,8000
2016-1,39206210,聚對苯二甲酸乙二酯製板、片及扁條,智利,出口總值(含復出口),6,5000
2016-1,39206210,聚對苯二甲酸乙二酯製板、片及扁條,菲律賓,出口總值(含復出口),50,29798
2016-1,39206210,聚對苯二甲酸乙二酯製板、片及扁條,越南,出口總值(含復出口),17,13000
2016-1,39206210,聚對苯二甲酸乙二酯製板、片及扁條,新加坡,出口總值(含復出口),86,36843
2016-1,39206210,聚對苯二甲酸乙二酯製板、片及扁條,德國,出口總值(含復出口),8,5121
2016-1,39206210,聚對苯二甲酸乙二酯製板、片及扁條,墨西哥,出口總值(含復出口),42,24910
2016-1,39206210,聚對苯二甲酸乙二酯製板、片及扁條,澳大利亞,出口總值(含復出口),300,227863
2016-1,39209991,其他塑膠板、片及扁條，非多孔性及未經以其他物質加強、積層、支持或與其他物質類似結合者,中國大陸,進口總值(含復進口),121,19799
2016-1,39209991,其他塑膠板、片及扁條，非多孔性及未經以其他物質加強、積層、支持或與其他物質類似結合者,日本,進口總值(含復進口),502,69708
2016-1,39209991,其他塑膠板、片及扁條，非多孔性及未經以其他物質加強、積層、支持或與其他物質類似結合者,西班牙,進口總值(含復進口),33,64000
2016-1,39209991,其他塑膠板、片及扁條，非多孔性及未經以其他物質加強、積層、支持或與其他物質類似結合者,南韓,進口總值(含復進口),713,168639
2016-1,39209991,其他塑膠板、片及扁條，非多孔性及未經以其他物質加強、積層、支持或與其他物質類似結合者,美國,進口總值(含復進口),420,5770
2016-1,39209991,其他塑膠板、片及扁條，非多孔性及未經以其他物質加強、積層、支持或與其他物質類似結合者,馬來西亞,進口總值(含復進口),187,55782
2016-1,39209991,其他塑膠板、片及扁條，非多孔性及未經以其他物質加強、積層、支持或與其他物質類似結合者,越南,進口總值(含復進口),9,609
2016-1,39209991,其他塑膠板、片及扁條，非多孔性及未經以其他物質加強、積層、支持或與其他物質類似結合者,新加坡,進口總值(含復進口),8,203
2016-1,39209991,其他塑膠板、片及扁條，非多孔性及未經以其他物質加強、積層、支持或與其他物質類似結合者,義大利,進口總值(含復進口),1,77
2016-1,39209991,其他塑膠板、片及扁條，非多孔性及未經以其他物質加強、積層、支持或與其他物質類似結合者,德國,進口總值(含復進口),35,1727
2016-1,39209991,其他塑膠板、片及扁條，非多孔性及未經以其他物質加強、積層、支持或與其他物質類似結合者,中國大陸,出口總值(含復出口),2144,308383
2016-1,39209991,其他塑膠板、片及扁條，非多孔性及未經以其他物質加強、積層、支持或與其他物質類似結合者,日本,出口總值(含復出口),172,20792
2016-1,39209991,其他塑膠板、片及扁條，非多孔性及未經以其他物質加強、積層、支持或與其他物質類似結合者,印度,出口總值(含復出口),3,354
2016-1,39209991,其他塑膠板、片及扁條，非多孔性及未經以其他物質加強、積層、支持或與其他物質類似結合者,南韓,出口總值(含復出口),0,12
2016-1,39209991,其他塑膠板、片及扁條，非多孔性及未經以其他物質加強、積層、支持或與其他物質類似結合者,科威特,出口總值(含復出口),2,242
2016-1,39209991,其他塑膠板、片及扁條，非多孔性及未經以其他物質加強、積層、支持或與其他物質類似結合者,美國,出口總值(含復出口),113,1129
2016-1,39209991,其他塑膠板、片及扁條，非多孔性及未經以其他物質加強、積層、支持或與其他物質類似結合者,香港,出口總值(含復出口),22,53
2016-1,39209991,其他塑膠板、片及扁條，非多孔性及未經以其他物質加強、積層、支持或與其他物質類似結合者,哥斯大黎加,出口總值(含復出口),0,8
2016-1,39209991,其他塑膠板、片及扁條，非多孔性及未經以其他物質加強、積層、支持或與其他物質類似結合者,泰國,出口總值(含復出口),45,14925
2016-1,39209991,其他塑膠板、片及扁條，非多孔性及未經以其他物質加強、積層、支持或與其他物質類似結合者,秘魯,出口總值(含復出口),2,30
2016-1,39209991,其他塑膠板、片及扁條，非多孔性及未經以其他物質加強、積層、支持或與其他物質類似結合者,馬來西亞,出口總值(含復出口),14,6667
2016-1,39209991,其他塑膠板、片及扁條，非多孔性及未經以其他物質加強、積層、支持或與其他物質類似結合者,捷克,出口總值(含復出口),1,451
2016-1,39209991,其他塑膠板、片及扁條，非多孔性及未經以其他物質加強、積層、支持或與其他物質類似結合者,象牙海岸,出口總值(含復出口),2,124
2016-1,39209991,其他塑膠板、片及扁條，非多孔性及未經以其他物質加強、積層、支持或與其他物質類似結合者,越南,出口總值(含復出口),9,3390
2016-1,39209991,其他塑膠板、片及扁條，非多孔性及未經以其他物質加強、積層、支持或與其他物質類似結合者,新加坡,出口總值(含復出口),8,2635
2016-1,39209991,其他塑膠板、片及扁條，非多孔性及未經以其他物質加強、積層、支持或與其他物質類似結合者,聖克里斯多福,出口總值(含復出口),0,43
2016-1,39209991,其他塑膠板、片及扁條，非多孔性及未經以其他物質加強、積層、支持或與其他物質類似結合者,德國,出口總值(含復出口),0,12
2016-2,39201010,聚乙烯塑膠板、片及扁條,中國大陸,進口總值(含復進口),179,75396
2016-2,39201010,聚乙烯塑膠板、片及扁條,中華民國,進口總值(含復進口),1,3558
2016-2,39201010,聚乙烯塑膠板、片及扁條,日本,進口總值(含復進口),131,22087
2016-2,39201010,聚乙烯塑膠板、片及扁條,加拿大,進口總值(含復進口),0,109
2016-2,39201010,聚乙烯塑膠板、片及扁條,印度,進口總值(含復進口),5,1413
2016-2,39201010,聚乙烯塑膠板、片及扁條,法國,進口總值(含復進口),6,704
2016-2,39201010,聚乙烯塑膠板、片及扁條,南韓,進口總值(含復進口),19,2391
2016-2,39201010,聚乙烯塑膠板、片及扁條,美國,進口總值(含復進口),10,1787
2016-2,39201010,聚乙烯塑膠板、片及扁條,英國,進口總值(含復進口),1,1
2016-2,39201010,聚乙烯塑膠板、片及扁條,泰國,進口總值(含復進口),73,14693
2016-2,39201010,聚乙烯塑膠板、片及扁條,義大利,進口總值(含復進口),17,5472
2016-2,39201010,聚乙烯塑膠板、片及扁條,德國,進口總值(含復進口),19,4080
2016-2,39201010,聚乙烯塑膠板、片及扁條,中國大陸,出口總值(含復出口),245,48689
2016-2,39201010,聚乙烯塑膠板、片及扁條,日本,出口總值(含復出口),197,55294
2016-2,39201010,聚乙烯塑膠板、片及扁條,加拿大,出口總值(含復出口),24,1639
2016-2,39201010,聚乙烯塑膠板、片及扁條,卡達,出口總值(含復出口),2,211
2016-2,39201010,聚乙烯塑膠板、片及扁條,印尼,出口總值(含復出口),6,2926
2016-2,39201010,聚乙烯塑膠板、片及扁條,其他國家,出口總值(含復出口),1,2
2016-2,39201010,聚乙烯塑膠板、片及扁條,法國,出口總值(含復出口),0,65
2016-2,39201010,聚乙烯塑膠板、片及扁條,阿拉伯聯合大公國,出口總值(含復出口),47,22661
2016-2,39201010,聚乙烯塑膠板、片及扁條,阿曼,出口總值(含復出口),6,3000
2016-2,39201010,聚乙烯塑膠板、片及扁條,俄羅斯,出口總值(含復出口),2,119
2016-2,39201010,聚乙烯塑膠板、片及扁條,柬埔寨,出口總值(含復出口),20,4264
2016-2,39201010,聚乙烯塑膠板、片及扁條,科威特,出口總值(含復出口),1,35
2016-2,39201010,聚乙烯塑膠板、片及扁條,美國,出口總值(含復出口),341,49816
2016-2,39201010,聚乙烯塑膠板、片及扁條,香港,出口總值(含復出口),36,17033
2016-2,39201010,聚乙烯塑膠板、片及扁條,泰國,出口總值(含復出口),390,105754
2016-2,39201010,聚乙烯塑膠板、片及扁條,紐西蘭,出口總值(含復出口),4,2400
2016-2,39201010,聚乙烯塑膠板、片及扁條,馬來西亞,出口總值(含復出口),52,11386
2016-2,39201010,聚乙烯塑膠板、片及扁條,斯里蘭卡,出口總值(含復出口),6,3024
2016-2,39201010,聚乙烯塑膠板、片及扁條,菲律賓,出口總值(含復出口),43,13588
2016-2,39201010,聚乙烯塑膠板、片及扁條,越南,出口總值(含復出口),78,25265
2016-2,39201010,聚乙烯塑膠板、片及扁條,新加坡,出口總值(含復出口),3,1200
2016-2,39201010,聚乙烯塑膠板、片及扁條,瑞士,出口總值(含復出口),2,4
2016-2,39202021,電容器用金屬化聚丙烯薄膜，留有未鍍邊，總寬度不超過１００公厘，總厚度在０．０１５公厘以上，０．０２５公厘以下者,中國大陸,進口總值(含復進口),60,2430
2016-2,39202021,電容器用金屬化聚丙烯薄膜，留有未鍍邊，總寬度不超過１００公厘，總厚度在０．０１５公厘以上，０．０２５公厘以下者,南韓,進口總值(含復進口),13,596
2016-2,39202021,電容器用金屬化聚丙烯薄膜，留有未鍍邊，總寬度不超過１００公厘，總厚度在０．０１５公厘以上，０．０２５公厘以下者,中國大陸,出口總值(含復出口),61,32817
2016-2,39202021,電容器用金屬化聚丙烯薄膜，留有未鍍邊，總寬度不超過１００公厘，總厚度在０．０１５公厘以上，０．０２５公厘以下者,菲律賓,出口總值(含復出口),15,7350
2016-2,39205110,聚甲基丙烯酸甲酯板、片及扁條,中國大陸,進口總值(含復進口),480,18599
2016-2,39205110,聚甲基丙烯酸甲酯板、片及扁條,中華民國,進口總值(含復進口),26,7687
2016-2,39205110,聚甲基丙烯酸甲酯板、片及扁條,日本,進口總值(含復進口),161,10220
2016-2,39205110,聚甲基丙烯酸甲酯板、片及扁條,南韓,進口總值(含復進口),576,262370
2016-2,39205110,聚甲基丙烯酸甲酯板、片及扁條,美國,進口總值(含復進口),553,117131
2016-2,39205110,聚甲基丙烯酸甲酯板、片及扁條,德國,進口總值(含復進口),1,67
2016-2,39205110,聚甲基丙烯酸甲酯板、片及扁條,中國大陸,出口總值(含復出口),5904,1927960
2016-2,39205110,聚甲基丙烯酸甲酯板、片及扁條,巴林,出口總值(含復出口),9,3188
2016-2,39205110,聚甲基丙烯酸甲酯板、片及扁條,日本,出口總值(含復出口),196,61707
2016-2,39205110,聚甲基丙烯酸甲酯板、片及扁條,尼加拉瓜,出口總值(含復出口),47,24760
2016-2,39205110,聚甲基丙烯酸甲酯板、片及扁條,伊朗,出口總值(含復出口),895,344580
2016-2,39205110,聚甲基丙烯酸甲酯板、片及扁條,印度,出口總值(含復出口),165,104932
2016-2,39205110,聚甲基丙烯酸甲酯板、片及扁條,沙烏地阿拉伯,出口總值(含復出口),229,90374
2016-2,39205110,聚甲基丙烯酸甲酯板、片及扁條,其他國家,出口總值(含復出口),0,11
2016-2,39205110,聚甲基丙烯酸甲酯板、片及扁條,芬蘭,出口總值(含復出口),6,1786
2016-2,39205110,聚甲基丙烯酸甲酯板、片及扁條,阿拉伯聯合大公國,出口總值(含復出口),386,157544
2016-2,39205110,聚甲基丙烯酸甲酯板、片及扁條,阿曼,出口總值(含復出口),81,33189
2016-2,39205110,聚甲基丙烯酸甲酯板、片及扁條,南非,出口總值(含復出口),85,23981
2016-2,39205110,聚甲基丙烯酸甲酯板、片及扁條,南韓,出口總值(含復出口),215,66072
2016-2,39205110,聚甲基丙烯酸甲酯板、片及扁條,約旦,出口總值(含復出口),64,18698
2016-2,39205110,聚甲基丙烯酸甲酯板、片及扁條,美國,出口總值(含復出口),1514,529509
2016-2,39205110,聚甲基丙烯酸甲酯板、片及扁條,香港,出口總值(含復出口),222,88454
2016-2,39205110,聚甲基丙烯酸甲酯板、片及扁條,馬來西亞,出口總值(含復出口),10,1589
2016-2,39205110,聚甲基丙烯酸甲酯板、片及扁條,斯里蘭卡,出口總值(含復出口),15,7100
2016-2,39205110,聚甲基丙烯酸甲酯板、片及扁條,斯洛維尼亞,出口總值(含復出口),108,32938
2016-2,39205110,聚甲基丙烯酸甲酯板、片及扁條,新加坡,出口總值(含復出口),144,58946
2016-2,39205110,聚甲基丙烯酸甲酯板、片及扁條,黎巴嫩,出口總值(含復出口),144,56023
2016-2,39205110,聚甲基丙烯酸甲酯板、片及扁條,墨西哥,出口總值(含復出口),45,16648
2016-2,39205110,聚甲基丙烯酸甲酯板、片及扁條,澳大利亞,出口總值(含復出口),39,14523
2016-2,39205110,聚甲基丙烯酸甲酯板、片及扁條,薩爾瓦多,出口總值(含復出口),33,11922
2016-2,39206210,聚對苯二甲酸乙二酯製板、片及扁條,中國大陸,進口總值(含復進口),156,99044
2016-2,39206210,聚對苯二甲酸乙二酯製板、片及扁條,中華民國,進口總值(含復進口),74,11504
2016-2,39206210,聚對苯二甲酸乙二酯製板、片及扁條,日本,進口總值(含復進口),104,2412
2016-2,39206210,聚對苯二甲酸乙二酯製板、片及扁條,印度,進口總值(含復進口),4,1971
2016-2,39206210,聚對苯二甲酸乙二酯製板、片及扁條,南韓,進口總值(含復進口),1025,182579
2016-2,39206210,聚對苯二甲酸乙二酯製板、片及扁條,美國,進口總值(含復進口),161,16805
2016-2,39206210,聚對苯二甲酸乙二酯製板、片及扁條,泰國,進口總值(含復進口),14,9420
2016-2,39206210,聚對苯二甲酸乙二酯製板、片及扁條,新加坡,進口總值(含復進口),34,397
2016-2,39206210,聚對苯二甲酸乙二酯製板、片及扁條,中國大陸,出口總值(含復出口),6535,995923
2016-2,39206210,聚對苯二甲酸乙二酯製板、片及扁條,日本,出口總值(含復出口),378,242652
2016-2,39206210,聚對苯二甲酸乙二酯製板、片及扁條,加拿大,出口總值(含復出口),92,79622
2016-2,39206210,聚對苯二甲酸乙二酯製板、片及扁條,印度,出口總值(含復出口),405,255232
2016-2,39206210,聚對苯二甲酸乙二酯製板、片及扁條,阿拉伯聯合大公國,出口總值(含復出口),49,40000
2016-2,39206210,聚對苯二甲酸乙二酯製板、片及扁條,南韓,出口總值(含復出口),77,11013
2016-2,39206210,聚對苯二甲酸乙二酯製板、片及扁條,美國,出口總值(含復出口),584,441618
2016-2,39206210,聚對苯二甲酸乙二酯製板、片及扁條,香港,出口總值(含復出口),553,74209
2016-2,39206210,聚對苯二甲酸乙二酯製板、片及扁條,泰國,出口總值(含復出口),62,38000
2016-2,39206210,聚對苯二甲酸乙二酯製板、片及扁條,紐西蘭,出口總值(含復出口),151,132691
2016-2,39206210,聚對苯二甲酸乙二酯製板、片及扁條,馬來西亞,出口總值(含復出口),373,180626
2016-2,39206210,聚對苯二甲酸乙二酯製板、片及扁條,荷蘭,出口總值(含復出口),22,1542
2016-2,39206210,聚對苯二甲酸乙二酯製板、片及扁條,斯里蘭卡,出口總值(含復出口),7,5000
2016-2,39206210,聚對苯二甲酸乙二酯製板、片及扁條,菲律賓,出口總值(含復出口),46,29059
2016-2,39206210,聚對苯二甲酸乙二酯製板、片及扁條,越南,出口總值(含復出口),57,41918
2016-2,39206210,聚對苯二甲酸乙二酯製板、片及扁條,新加坡,出口總值(含復出口),76,36705
2016-2,39206210,聚對苯二甲酸乙二酯製板、片及扁條,墨西哥,出口總值(含復出口),16,14160
2016-2,39206210,聚對苯二甲酸乙二酯製板、片及扁條,澳大利亞,出口總值(含復出口),358,224814
2016-2,39209991,其他塑膠板、片及扁條，非多孔性及未經以其他物質加強、積層、支持或與其他物質類似結合者,中國大陸,進口總值(含復進口),103,6270
2016-2,39209991,其他塑膠板、片及扁條，非多孔性及未經以其他物質加強、積層、支持或與其他物質類似結合者,日本,進口總值(含復進口),162,23536
2016-2,39209991,其他塑膠板、片及扁條，非多孔性及未經以其他物質加強、積層、支持或與其他物質類似結合者,南韓,進口總值(含復進口),442,90046
2016-2,39209991,其他塑膠板、片及扁條，非多孔性及未經以其他物質加強、積層、支持或與其他物質類似結合者,美國,進口總值(含復進口),118,288
2016-2,39209991,其他塑膠板、片及扁條，非多孔性及未經以其他物質加強、積層、支持或與其他物質類似結合者,馬來西亞,進口總值(含復進口),342,102599
2016-2,39209991,其他塑膠板、片及扁條，非多孔性及未經以其他物質加強、積層、支持或與其他物質類似結合者,德國,進口總值(含復進口),0,16
2016-2,39209991,其他塑膠板、片及扁條，非多孔性及未經以其他物質加強、積層、支持或與其他物質類似結合者,中國大陸,出口總值(含復出口),1463,187494
2016-2,39209991,其他塑膠板、片及扁條，非多孔性及未經以其他物質加強、積層、支持或與其他物質類似結合者,巴西,出口總值(含復出口),3,83
2016-2,39209991,其他塑膠板、片及扁條，非多孔性及未經以其他物質加強、積層、支持或與其他物質類似結合者,日本,出口總值(含復出口),58,2628
2016-2,39209991,其他塑膠板、片及扁條，非多孔性及未經以其他物質加強、積層、支持或與其他物質類似結合者,比利時,出口總值(含復出口),14,356
2016-2,39209991,其他塑膠板、片及扁條，非多孔性及未經以其他物質加強、積層、支持或與其他物質類似結合者,印度,出口總值(含復出口),1,21
2016-2,39209991,其他塑膠板、片及扁條，非多孔性及未經以其他物質加強、積層、支持或與其他物質類似結合者,法國,出口總值(含復出口),3,76
2016-2,39209991,其他塑膠板、片及扁條，非多孔性及未經以其他物質加強、積層、支持或與其他物質類似結合者,阿根廷,出口總值(含復出口),1,1
2016-2,39209991,其他塑膠板、片及扁條，非多孔性及未經以其他物質加強、積層、支持或與其他物質類似結合者,科威特,出口總值(含復出口),86,25475
2016-2,39209991,其他塑膠板、片及扁條，非多孔性及未經以其他物質加強、積層、支持或與其他物質類似結合者,美國,出口總值(含復出口),159,1692
2016-2,39209991,其他塑膠板、片及扁條，非多孔性及未經以其他物質加強、積層、支持或與其他物質類似結合者,英國,出口總值(含復出口),3,83
2016-2,39209991,其他塑膠板、片及扁條，非多孔性及未經以其他物質加強、積層、支持或與其他物質類似結合者,泰國,出口總值(含復出口),18,3231
2016-2,39209991,其他塑膠板、片及扁條，非多孔性及未經以其他物質加強、積層、支持或與其他物質類似結合者,秘魯,出口總值(含復出口),6,150
2016-2,39209991,其他塑膠板、片及扁條，非多孔性及未經以其他物質加強、積層、支持或與其他物質類似結合者,越南,出口總值(含復出口),26,3630
2016-2,39209991,其他塑膠板、片及扁條，非多孔性及未經以其他物質加強、積層、支持或與其他物質類似結合者,新加坡,出口總值(含復出口),8,205
2016-2,39209991,其他塑膠板、片及扁條，非多孔性及未經以其他物質加強、積層、支持或與其他物質類似結合者,義大利,出口總值(含復出口),19,1786
2016-2,39209991,其他塑膠板、片及扁條，非多孔性及未經以其他物質加強、積層、支持或與其他物質類似結合者,德國,出口總值(含復出口),2,55
2016-3,39201010,聚乙烯塑膠板、片及扁條,中國大陸,進口總值(含復進口),329,124078
2016-3,39201010,聚乙烯塑膠板、片及扁條,中華民國,進口總值(含復進口),1,2235
2016-3,39201010,聚乙烯塑膠板、片及扁條,日本,進口總值(含復進口),300,48588
2016-3,39201010,聚乙烯塑膠板、片及扁條,印度,進口總值(含復進口),3,785
2016-3,39201010,聚乙烯塑膠板、片及扁條,南韓,進口總值(含復進口),23,857
2016-3,39201010,聚乙烯塑膠板、片及扁條,美國,進口總值(含復進口),40,23314
2016-3,39201010,聚乙烯塑膠板、片及扁條,英國,進口總值(含復進口),0,1
2016-3,39201010,聚乙烯塑膠板、片及扁條,泰國,進口總值(含復進口),88,18769
2016-3,39201010,聚乙烯塑膠板、片及扁條,馬來西亞,進口總值(含復進口),6,1600
2016-3,39201010,聚乙烯塑膠板、片及扁條,越南,進口總值(含復進口),1,63
2016-3,39201010,聚乙烯塑膠板、片及扁條,德國,進口總值(含復進口),44,8799
2016-3,39201010,聚乙烯塑膠板、片及扁條,中國大陸,出口總值(含復出口),209,70641
2016-3,39201010,聚乙烯塑膠板、片及扁條,巴拿馬,出口總值(含復出口),4,1820
2016-3,39201010,聚乙烯塑膠板、片及扁條,巴基斯坦,出口總值(含復出口),11,10470
2016-3,39201010,聚乙烯塑膠板、片及扁條,日本,出口總值(含復出口),229,54549
2016-3,39201010,聚乙烯塑膠板、片及扁條,牙買加,出口總值(含復出口),10,4670
2016-3,39201010,聚乙烯塑膠板、片及扁條,加拿大,出口總值(含復出口),2,240
2016-3,39201010,聚乙烯塑膠板、片及扁條,瓜地馬拉,出口總值(含復出口),5,1780
2016-3,39201010,聚乙烯塑膠板、片及扁條,立陶宛,出口總值(含復出口),0,4
2016-3,39201010,聚乙烯塑膠板、片及扁條,印尼,出口總值(含復出口),99,11448
2016-3,39201010,聚乙烯塑膠板、片及扁條,印度,出口總值(含復出口),22,4193
2016-3,39201010,聚乙烯塑膠板、片及扁條,阿拉伯聯合大公國,出口總值(含復出口),14,413
2016-3,39201010,聚乙烯塑膠板、片及扁條,南非,出口總值(含復出口),2,750
2016-3,39201010,聚乙烯塑膠板、片及扁條,南韓,出口總值(含復出口),8,1214
2016-3,39201010,聚乙烯塑膠板、片及扁條,柬埔寨,出口總值(含復出口),33,12157
2016-3,39201010,聚乙烯塑膠板、片及扁條,美國,出口總值(含復出口),429,70061
2016-3,39201010,聚乙烯塑膠板、片及扁條,香港,出口總值(含復出口),63,27194
2016-3,39201010,聚乙烯塑膠板、片及扁條,泰國,出口總值(含復出口),413,90632
2016-3,39201010,聚乙烯塑膠板、片及扁條,紐西蘭,出口總值(含復出口),1,120
2016-3,39201010,聚乙烯塑膠板、片及扁條,馬來西亞,出口總值(含復出口),62,17870
2016-3,39201010,聚乙烯塑膠板、片及扁條,荷屬安地列斯,出口總值(含復出口),1,198
2016-3,39201010,聚乙烯塑膠板、片及扁條,荷蘭,出口總值(含復出口),27,2841
2016-3,39201010,聚乙烯塑膠板、片及扁條,智利,出口總值(含復出口),3,3000
2016-3,39201010,聚乙烯塑膠板、片及扁條,菲律賓,出口總值(含復出口),124,41053
2016-3,39201010,聚乙烯塑膠板、片及扁條,越南,出口總值(含復出口),141,56861
2016-3,39201010,聚乙烯塑膠板、片及扁條,新加坡,出口總值(含復出口),33,15450
2016-3,39202021,電容器用金屬化聚丙烯薄膜，留有未鍍邊，總寬度不超過１００公厘，總厚度在０．０１５公厘以上，０．０２５公厘以下者,南韓,進口總值(含復進口),49,4623
2016-3,39202021,電容器用金屬化聚丙烯薄膜，留有未鍍邊，總寬度不超過１００公厘，總厚度在０．０１５公厘以上，０．０２５公厘以下者,德國,進口總值(含復進口),9,402
2016-3,39202021,電容器用金屬化聚丙烯薄膜，留有未鍍邊，總寬度不超過１００公厘，總厚度在０．０１５公厘以上，０．０２５公厘以下者,中國大陸,出口總值(含復出口),82,46319
2016-3,39202021,電容器用金屬化聚丙烯薄膜，留有未鍍邊，總寬度不超過１００公厘，總厚度在０．０１５公厘以上，０．０２５公厘以下者,香港,出口總值(含復出口),8,4020
2016-3,39202021,電容器用金屬化聚丙烯薄膜，留有未鍍邊，總寬度不超過１００公厘，總厚度在０．０１５公厘以上，０．０２５公厘以下者,越南,出口總值(含復出口),15,7800
2016-3,39205110,聚甲基丙烯酸甲酯板、片及扁條,中國大陸,進口總值(含復進口),936,80889
2016-3,39205110,聚甲基丙烯酸甲酯板、片及扁條,中華民國,進口總值(含復進口),168,51787
2016-3,39205110,聚甲基丙烯酸甲酯板、片及扁條,日本,進口總值(含復進口),54,5676
2016-3,39205110,聚甲基丙烯酸甲酯板、片及扁條,波蘭,進口總值(含復進口),2,169
2016-3,39205110,聚甲基丙烯酸甲酯板、片及扁條,南韓,進口總值(含復進口),953,475016
2016-3,39205110,聚甲基丙烯酸甲酯板、片及扁條,美國,進口總值(含復進口),81,17299
2016-3,39205110,聚甲基丙烯酸甲酯板、片及扁條,越南,進口總值(含復進口),15,10744
2016-3,39205110,聚甲基丙烯酸甲酯板、片及扁條,德國,進口總值(含復進口),1,67
2016-3,39205110,聚甲基丙烯酸甲酯板、片及扁條,中國大陸,出口總值(含復出口),9592,3064664
2016-3,39205110,聚甲基丙烯酸甲酯板、片及扁條,巴西,出口總值(含復出口),72,19247
2016-3,39205110,聚甲基丙烯酸甲酯板、片及扁條,日本,出口總值(含復出口),357,100728
2016-3,39205110,聚甲基丙烯酸甲酯板、片及扁條,以色列,出口總值(含復出口),20,6891
2016-3,39205110,聚甲基丙烯酸甲酯板、片及扁條,卡達,出口總值(含復出口),104,42915
2016-3,39205110,聚甲基丙烯酸甲酯板、片及扁條,瓜地馬拉,出口總值(含復出口),40,14527
2016-3,39205110,聚甲基丙烯酸甲酯板、片及扁條,伊朗,出口總值(含復出口),815,307602
2016-3,39205110,聚甲基丙烯酸甲酯板、片及扁條,印度,出口總值(含復出口),144,78715
2016-3,39205110,聚甲基丙烯酸甲酯板、片及扁條,沙烏地阿拉伯,出口總值(含復出口),75,30632
2016-3,39205110,聚甲基丙烯酸甲酯板、片及扁條,阿拉伯聯合大公國,出口總值(含復出口),583,246968
2016-3,39205110,聚甲基丙烯酸甲酯板、片及扁條,阿曼,出口總值(含復出口),79,32873
2016-3,39205110,聚甲基丙烯酸甲酯板、片及扁條,南非,出口總值(含復出口),86,24019
2016-3,39205110,聚甲基丙烯酸甲酯板、片及扁條,南韓,出口總值(含復出口),994,315167
2016-3,39205110,聚甲基丙烯酸甲酯板、片及扁條,科威特,出口總值(含復出口),77,34898
2016-3,39205110,聚甲基丙烯酸甲酯板、片及扁條,約旦,出口總值(含復出口),35,13260
2016-3,39205110,聚甲基丙烯酸甲酯板、片及扁條,美國,出口總值(含復出口),1767,638791
2016-3,39205110,聚甲基丙烯酸甲酯板、片及扁條,香港,出口總值(含復出口),297,118648
2016-3,39205110,聚甲基丙烯酸甲酯板、片及扁條,紐西蘭,出口總值(含復出口),22,7497
2016-3,39205110,聚甲基丙烯酸甲酯板、片及扁條,馬來西亞,出口總值(含復出口),11,3317
2016-3,39205110,聚甲基丙烯酸甲酯板、片及扁條,斯里蘭卡,出口總值(含復出口),45,15611
2016-3,39205110,聚甲基丙烯酸甲酯板、片及扁條,斯洛維尼亞,出口總值(含復出口),514,156089
2016-3,39205110,聚甲基丙烯酸甲酯板、片及扁條,新加坡,出口總值(含復出口),222,93586
2016-3,39205110,聚甲基丙烯酸甲酯板、片及扁條,德國,出口總值(含復出口),34,5090
2016-3,39205110,聚甲基丙烯酸甲酯板、片及扁條,黎巴嫩,出口總值(含復出口),204,85913
2016-3,39205110,聚甲基丙烯酸甲酯板、片及扁條,墨西哥,出口總值(含復出口),87,33206
2016-3,39205110,聚甲基丙烯酸甲酯板、片及扁條,澳大利亞,出口總值(含復出口),52,19940
2016-3,39205110,聚甲基丙烯酸甲酯板、片及扁條,薩爾瓦多,出口總值(含復出口),37,14266
2016-3,39206210,聚對苯二甲酸乙二酯製板、片及扁條,中國大陸,進口總值(含復進口),345,183321
2016-3,39206210,聚對苯二甲酸乙二酯製板、片及扁條,中華民國,進口總值(含復進口),18,10075
2016-3,39206210,聚對苯二甲酸乙二酯製板、片及扁條,日本,進口總值(含復進口),298,49369
2016-3,39206210,聚對苯二甲酸乙二酯製板、片及扁條,南韓,進口總值(含復進口),1249,223576
2016-3,39206210,聚對苯二甲酸乙二酯製板、片及扁條,美國,進口總值(含復進口),108,15803
2016-3,39206210,聚對苯二甲酸乙二酯製板、片及扁條,瑞士,進口總值(含復進口),0,9
2016-3,39206210,聚對苯二甲酸乙二酯製板、片及扁條,德國,進口總值(含復進口),0,1
2016-3,39206210,聚對苯二甲酸乙二酯製板、片及扁條,中國大陸,出口總值(含復出口),10781,1630657
2016-3,39206210,聚對苯二甲酸乙二酯製板、片及扁條,日本,出口總值(含復出口),501,307974
2016-3,39206210,聚對苯二甲酸乙二酯製板、片及扁條,加拿大,出口總值(含復出口),347,202515
2016-3,39206210,聚對苯二甲酸乙二酯製板、片及扁條,印度,出口總值(含復出口),187,113723
2016-3,39206210,聚對苯二甲酸乙二酯製板、片及扁條,多明尼加,出口總值(含復出口),26,18000
2016-3,39206210,聚對苯二甲酸乙二酯製板、片及扁條,西班牙,出口總值(含復出口),1,282
2016-3,39206210,聚對苯二甲酸乙二酯製板、片及扁條,宏都拉斯,出口總值(含復出口),16,12554
2016-3,39206210,聚對苯二甲酸乙二酯製板、片及扁條,沙烏地阿拉伯,出口總值(含復出口),2,550
2016-3,39206210,聚對苯二甲酸乙二酯製板、片及扁條,阿拉伯聯合大公國,出口總值(含復出口),77,59000
2016-3,39206210,聚對苯二甲酸乙二酯製板、片及扁條,阿曼,出口總值(含復出口),27,22800
2016-3,39206210,聚對苯二甲酸乙二酯製板、片及扁條,南韓,出口總值(含復出口),123,17860
2016-3,39206210,聚對苯二甲酸乙二酯製板、片及扁條,美國,出口總值(含復出口),1296,972187
2016-3,39206210,聚對苯二甲酸乙二酯製板、片及扁條,香港,出口總值(含復出口),1511,153311
2016-3,39206210,聚對苯二甲酸乙二酯製板、片及扁條,泰國,出口總值(含復出口),234,74415
2016-3,39206210,聚對苯二甲酸乙二酯製板、片及扁條,紐西蘭,出口總值(含復出口),135,122426
2016-3,39206210,聚對苯二甲酸乙二酯製板、片及扁條,馬來西亞,出口總值(含復出口),304,147930
2016-3,39206210,聚對苯二甲酸乙二酯製板、片及扁條,荷蘭,出口總值(含復出口),5,481
2016-3,39206210,聚對苯二甲酸乙二酯製板、片及扁條,菲律賓,出口總值(含復出口),138,104506
2016-3,39206210,聚對苯二甲酸乙二酯製板、片及扁條,新加坡,出口總值(含復出口),83,36964
2016-3,39206210,聚對苯二甲酸乙二酯製板、片及扁條,墨西哥,出口總值(含復出口),13,12352
2016-3,39206210,聚對苯二甲酸乙二酯製板、片及扁條,澳大利亞,出口總值(含復出口),567,323038
2016-3,39209991,其他塑膠板、片及扁條，非多孔性及未經以其他物質加強、積層、支持或與其他物質類似結合者,中國大陸,進口總值(含復進口),198,35052
2016-3,39209991,其他塑膠板、片及扁條，非多孔性及未經以其他物質加強、積層、支持或與其他物質類似結合者,日本,進口總值(含復進口),348,47858
2016-3,39209991,其他塑膠板、片及扁條，非多孔性及未經以其他物質加強、積層、支持或與其他物質類似結合者,南韓,進口總值(含復進口),160,46062
2016-3,39209991,其他塑膠板、片及扁條，非多孔性及未經以其他物質加強、積層、支持或與其他物質類似結合者,美國,進口總值(含復進口),198,980
2016-3,39209991,其他塑膠板、片及扁條，非多孔性及未經以其他物質加強、積層、支持或與其他物質類似結合者,馬來西亞,進口總值(含復進口),31,8965
2016-3,39209991,其他塑膠板、片及扁條，非多孔性及未經以其他物質加強、積層、支持或與其他物質類似結合者,新加坡,進口總值(含復進口),10,261
2016-3,39209991,其他塑膠板、片及扁條，非多孔性及未經以其他物質加強、積層、支持或與其他物質類似結合者,義大利,進口總值(含復進口),4,170
2016-3,39209991,其他塑膠板、片及扁條，非多孔性及未經以其他物質加強、積層、支持或與其他物質類似結合者,德國,進口總值(含復進口),60,2322
2016-3,39209991,其他塑膠板、片及扁條，非多孔性及未經以其他物質加強、積層、支持或與其他物質類似結合者,中國大陸,出口總值(含復出口),2028,274891
2016-3,39209991,其他塑膠板、片及扁條，非多孔性及未經以其他物質加強、積層、支持或與其他物質類似結合者,巴西,出口總值(含復出口),2,142
2016-3,39209991,其他塑膠板、片及扁條，非多孔性及未經以其他物質加強、積層、支持或與其他物質類似結合者,日本,出口總值(含復出口),98,9312
2016-3,39209991,其他塑膠板、片及扁條，非多孔性及未經以其他物質加強、積層、支持或與其他物質類似結合者,加拿大,出口總值(含復出口),7,345
2016-3,39209991,其他塑膠板、片及扁條，非多孔性及未經以其他物質加強、積層、支持或與其他物質類似結合者,西班牙,出口總值(含復出口),6,1125
2016-3,39209991,其他塑膠板、片及扁條，非多孔性及未經以其他物質加強、積層、支持或與其他物質類似結合者,阿拉伯聯合大公國,出口總值(含復出口),1,26
2016-3,39209991,其他塑膠板、片及扁條，非多孔性及未經以其他物質加強、積層、支持或與其他物質類似結合者,科威特,出口總值(含復出口),215,58384
2016-3,39209991,其他塑膠板、片及扁條，非多孔性及未經以其他物質加強、積層、支持或與其他物質類似結合者,美國,出口總值(含復出口),100,3441
2016-3,39209991,其他塑膠板、片及扁條，非多孔性及未經以其他物質加強、積層、支持或與其他物質類似結合者,泰國,出口總值(含復出口),48,16069
2016-3,39209991,其他塑膠板、片及扁條，非多孔性及未經以其他物質加強、積層、支持或與其他物質類似結合者,馬來西亞,出口總值(含復出口),16,1517
2016-3,39209991,其他塑膠板、片及扁條，非多孔性及未經以其他物質加強、積層、支持或與其他物質類似結合者,幾內亞,出口總值(含復出口),17,1172
2016-3,39209991,其他塑膠板、片及扁條，非多孔性及未經以其他物質加強、積層、支持或與其他物質類似結合者,智利,出口總值(含復出口),6,45
2016-3,39209991,其他塑膠板、片及扁條，非多孔性及未經以其他物質加強、積層、支持或與其他物質類似結合者,越南,出口總值(含復出口),5,732
2016-3,39209991,其他塑膠板、片及扁條，非多孔性及未經以其他物質加強、積層、支持或與其他物質類似結合者,新加坡,出口總值(含復出口),4,439
2016-3,39209991,其他塑膠板、片及扁條，非多孔性及未經以其他物質加強、積層、支持或與其他物質類似結合者,義大利,出口總值(含復出口),2,50
2016-3,39209991,其他塑膠板、片及扁條，非多孔性及未經以其他物質加強、積層、支持或與其他物質類似結合者,德國,出口總值(含復出口),14,2620
2016-3,39209991,其他塑膠板、片及扁條，非多孔性及未經以其他物質加強、積層、支持或與其他物質類似結合者,緬甸,出口總值(含復出口),31,4500
2016-3,39209991,其他塑膠板、片及扁條，非多孔性及未經以其他物質加強、積層、支持或與其他物質類似結合者,澳大利亞,出口總值(含復出口),12,6941
2016-4,39201010,聚乙烯塑膠板、片及扁條,中國大陸,進口總值(含復進口),400,136654
2016-4,39201010,聚乙烯塑膠板、片及扁條,中華民國,進口總值(含復進口),1,4719
2016-4,39201010,聚乙烯塑膠板、片及扁條,日本,進口總值(含復進口),190,27108
2016-4,39201010,聚乙烯塑膠板、片及扁條,比利時,進口總值(含復進口),2,715
2016-4,39201010,聚乙烯塑膠板、片及扁條,印度,進口總值(含復進口),6,1570
2016-4,39201010,聚乙烯塑膠板、片及扁條,希臘,進口總值(含復進口),53,13336
2016-4,39201010,聚乙烯塑膠板、片及扁條,南韓,進口總值(含復進口),79,19420
2016-4,39201010,聚乙烯塑膠板、片及扁條,美國,進口總值(含復進口),122,8401
2016-4,39201010,聚乙烯塑膠板、片及扁條,泰國,進口總值(含復進口),92,20545
2016-4,39201010,聚乙烯塑膠板、片及扁條,荷蘭,進口總值(含復進口),8,1932
2016-4,39201010,聚乙烯塑膠板、片及扁條,瑞典,進口總值(含復進口),0,4
2016-4,39201010,聚乙烯塑膠板、片及扁條,義大利,進口總值(含復進口),13,5403
2016-4,39201010,聚乙烯塑膠板、片及扁條,德國,進口總值(含復進口),70,20492
2016-4,39201010,聚乙烯塑膠板、片及扁條,墨西哥,進口總值(含復進口),1,1000
2016-4,39201010,聚乙烯塑膠板、片及扁條,中國大陸,出口總值(含復出口),157,40354
2016-4,39201010,聚乙烯塑膠板、片及扁條,日本,出口總值(含復出口),280,95638
2016-4,39201010,聚乙烯塑膠板、片及扁條,加拿大,出口總值(含復出口),3,578
2016-4,39201010,聚乙烯塑膠板、片及扁條,尼加拉瓜,出口總值(含復出口),26,10618
2016-4,39201010,聚乙烯塑膠板、片及扁條,希臘,出口總值(含復出口),0,13
2016-4,39201010,聚乙烯塑膠板、片及扁條,波蘭,出口總值(含復出口),10,2257
2016-4,39201010,聚乙烯塑膠板、片及扁條,法國,出口總值(含復出口),0,11
2016-4,39201010,聚乙烯塑膠板、片及扁條,南非,出口總值(含復出口),1,250
2016-4,39201010,聚乙烯塑膠板、片及扁條,南韓,出口總值(含復出口),6,992
2016-4,39201010,聚乙烯塑膠板、片及扁條,柬埔寨,出口總值(含復出口),22,8256
2016-4,39201010,聚乙烯塑膠板、片及扁條,約旦,出口總值(含復出口),9,23
2016-4,39201010,聚乙烯塑膠板、片及扁條,美國,出口總值(含復出口),166,35031
2016-4,39201010,聚乙烯塑膠板、片及扁條,香港,出口總值(含復出口),72,27807
2016-4,39201010,聚乙烯塑膠板、片及扁條,埃及,出口總值(含復出口),17,6224
2016-4,39201010,聚乙烯塑膠板、片及扁條,泰國,出口總值(含復出口),203,72668
2016-4,39201010,聚乙烯塑膠板、片及扁條,烏拉圭,出口總值(含復出口),1,86
2016-4,39201010,聚乙烯塑膠板、片及扁條,馬來西亞,出口總值(含復出口),64,23084
2016-4,39201010,聚乙烯塑膠板、片及扁條,荷蘭,出口總值(含復出口),2,1000
2016-4,39201010,聚乙烯塑膠板、片及扁條,菲律賓,出口總值(含復出口),194,50735
2016-4,39201010,聚乙烯塑膠板、片及扁條,越南,出口總值(含復出口),86,20962
2016-4,39201010,聚乙烯塑膠板、片及扁條,瑞典,出口總值(含復出口),3,92
2016-4,39201010,聚乙烯塑膠板、片及扁條,薩爾瓦多,出口總值(含復出口),1,46
2016-4,39202021,電容器用金屬化聚丙烯薄膜，留有未鍍邊，總寬度不超過１００公厘，總厚度在０．０１５公厘以上，０．０２５公厘以下者,中國大陸,進口總值(含復進口),49,1492
2016-4,39202021,電容器用金屬化聚丙烯薄膜，留有未鍍邊，總寬度不超過１００公厘，總厚度在０．０１５公厘以上，０．０２５公厘以下者,南韓,進口總值(含復進口),9,490
2016-4,39202021,電容器用金屬化聚丙烯薄膜，留有未鍍邊，總寬度不超過１００公厘，總厚度在０．０１５公厘以上，０．０２５公厘以下者,中國大陸,出口總值(含復出口),144,58229
2016-4,39202021,電容器用金屬化聚丙烯薄膜，留有未鍍邊，總寬度不超過１００公厘，總厚度在０．０１５公厘以上，０．０２５公厘以下者,日本,出口總值(含復出口),2,23
2016-4,39202021,電容器用金屬化聚丙烯薄膜，留有未鍍邊，總寬度不超過１００公厘，總厚度在０．０１５公厘以上，０．０２５公厘以下者,香港,出口總值(含復出口),18,10000
2016-4,39205110,聚甲基丙烯酸甲酯板、片及扁條,中國大陸,進口總值(含復進口),1182,47975
2016-4,39205110,聚甲基丙烯酸甲酯板、片及扁條,日本,進口總值(含復進口),223,40689
2016-4,39205110,聚甲基丙烯酸甲酯板、片及扁條,南韓,進口總值(含復進口),455,208323
2016-4,39205110,聚甲基丙烯酸甲酯板、片及扁條,美國,進口總值(含復進口),54,16194
2016-4,39205110,聚甲基丙烯酸甲酯板、片及扁條,義大利,進口總值(含復進口),102,3911
2016-4,39205110,聚甲基丙烯酸甲酯板、片及扁條,德國,進口總值(含復進口),8,705
2016-4,39205110,聚甲基丙烯酸甲酯板、片及扁條,土耳其,出口總值(含復出口),59,24739
2016-4,39205110,聚甲基丙烯酸甲酯板、片及扁條,中國大陸,出口總值(含復出口),10937,3554063
2016-4,39205110,聚甲基丙烯酸甲酯板、片及扁條,日本,出口總值(含復出口),289,87280
2016-4,39205110,聚甲基丙烯酸甲酯板、片及扁條,加拿大,出口總值(含復出口),74,24676
2016-4,39205110,聚甲基丙烯酸甲酯板、片及扁條,伊拉克,出口總值(含復出口),60,19851
2016-4,39205110,聚甲基丙烯酸甲酯板、片及扁條,伊朗,出口總值(含復出口),445,166506
2016-4,39205110,聚甲基丙烯酸甲酯板、片及扁條,印尼,出口總值(含復出口),5,1225
2016-4,39205110,聚甲基丙烯酸甲酯板、片及扁條,印度,出口總值(含復出口),149,129812
2016-4,39205110,聚甲基丙烯酸甲酯板、片及扁條,多明尼加,出口總值(含復出口),56,24474
2016-4,39205110,聚甲基丙烯酸甲酯板、片及扁條,沙烏地阿拉伯,出口總值(含復出口),415,170794
2016-4,39205110,聚甲基丙烯酸甲酯板、片及扁條,波多黎各,出口總值(含復出口),51,18710
2016-4,39205110,聚甲基丙烯酸甲酯板、片及扁條,肯亞,出口總值(含復出口),29,11573
2016-4,39205110,聚甲基丙烯酸甲酯板、片及扁條,阿拉伯聯合大公國,出口總值(含復出口),648,274536
2016-4,39205110,聚甲基丙烯酸甲酯板、片及扁條,南非,出口總值(含復出口),172,47949
2016-4,39205110,聚甲基丙烯酸甲酯板、片及扁條,南韓,出口總值(含復出口),1109,338036
2016-4,39205110,聚甲基丙烯酸甲酯板、片及扁條,科威特,出口總值(含復出口),131,53559
2016-4,39205110,聚甲基丙烯酸甲酯板、片及扁條,美國,出口總值(含復出口),1448,521235
2016-4,39205110,聚甲基丙烯酸甲酯板、片及扁條,香港,出口總值(含復出口),407,154142
2016-4,39205110,聚甲基丙烯酸甲酯板、片及扁條,哥斯大黎加,出口總值(含復出口),42,15767
2016-4,39205110,聚甲基丙烯酸甲酯板、片及扁條,馬來西亞,出口總值(含復出口),12,3724
2016-4,39205110,聚甲基丙烯酸甲酯板、片及扁條,捷克,出口總值(含復出口),12,2376
2016-4,39205110,聚甲基丙烯酸甲酯板、片及扁條,斯里蘭卡,出口總值(含復出口),3,708
2016-4,39205110,聚甲基丙烯酸甲酯板、片及扁條,斯洛維尼亞,出口總值(含復出口),271,87904
2016-4,39205110,聚甲基丙烯酸甲酯板、片及扁條,越南,出口總值(含復出口),17,5486
2016-4,39205110,聚甲基丙烯酸甲酯板、片及扁條,新加坡,出口總值(含復出口),247,102248
2016-4,39205110,聚甲基丙烯酸甲酯板、片及扁條,黎巴嫩,出口總值(含復出口),159,66756
2016-4,39205110,聚甲基丙烯酸甲酯板、片及扁條,墨西哥,出口總值(含復出口),43,16586
2016-4,39205110,聚甲基丙烯酸甲酯板、片及扁條,澳大利亞,出口總值(含復出口),84,32887
2016-4,39206210,聚對苯二甲酸乙二酯製板、片及扁條,中國大陸,進口總值(含復進口),74,73990
2016-4,39206210,聚對苯二甲酸乙二酯製板、片及扁條,中華民國,進口總值(含復進口),55,7092
2016-4,39206210,聚對苯二甲酸乙二酯製板、片及扁條,日本,進口總值(含復進口),354,30557
2016-4,39206210,聚對苯二甲酸乙二酯製板、片及扁條,南韓,進口總值(含復進口),527,104875
2016-4,39206210,聚對苯二甲酸乙二酯製板、片及扁條,英國,進口總值(含復進口),8,150
2016-4,39206210,聚對苯二甲酸乙二酯製板、片及扁條,泰國,進口總值(含復進口),14,9594
2016-4,39206210,聚對苯二甲酸乙二酯製板、片及扁條,新加坡,進口總值(含復進口),170,1890
2016-4,39206210,聚對苯二甲酸乙二酯製板、片及扁條,中國大陸,出口總值(含復出口),11235,1563029
2016-4,39206210,聚對苯二甲酸乙二酯製板、片及扁條,日本,出口總值(含復出口),520,297295
2016-4,39206210,聚對苯二甲酸乙二酯製板、片及扁條,加拿大,出口總值(含復出口),23,17856
2016-4,39206210,聚對苯二甲酸乙二酯製板、片及扁條,印尼,出口總值(含復出口),13,12486
2016-4,39206210,聚對苯二甲酸乙二酯製板、片及扁條,印度,出口總值(含復出口),143,126353
2016-4,39206210,聚對苯二甲酸乙二酯製板、片及扁條,宏都拉斯,出口總值(含復出口),21,15030
2016-4,39206210,聚對苯二甲酸乙二酯製板、片及扁條,沙烏地阿拉伯,出口總值(含復出口),13,10520
2016-4,39206210,聚對苯二甲酸乙二酯製板、片及扁條,南韓,出口總值(含復出口),43,6702
2016-4,39206210,聚對苯二甲酸乙二酯製板、片及扁條,突尼西亞,出口總值(含復出口),2,25
2016-4,39206210,聚對苯二甲酸乙二酯製板、片及扁條,美國,出口總值(含復出口),1183,904566
2016-4,39206210,聚對苯二甲酸乙二酯製板、片及扁條,香港,出口總值(含復出口),1858,200033
2016-4,39206210,聚對苯二甲酸乙二酯製板、片及扁條,泰國,出口總值(含復出口),423,86262
2016-4,39206210,聚對苯二甲酸乙二酯製板、片及扁條,紐西蘭,出口總值(含復出口),157,135885
2016-4,39206210,聚對苯二甲酸乙二酯製板、片及扁條,馬來西亞,出口總值(含復出口),302,141400
2016-4,39206210,聚對苯二甲酸乙二酯製板、片及扁條,荷蘭,出口總值(含復出口),60,4123
2016-4,39206210,聚對苯二甲酸乙二酯製板、片及扁條,斯里蘭卡,出口總值(含復出口),5,3208
2016-4,39206210,聚對苯二甲酸乙二酯製板、片及扁條,菲律賓,出口總值(含復出口),220,158231
2016-4,39206210,聚對苯二甲酸乙二酯製板、片及扁條,越南,出口總值(含復出口),19,16440
2016-4,39206210,聚對苯二甲酸乙二酯製板、片及扁條,新加坡,出口總值(含復出口),141,76864
2016-4,39206210,聚對苯二甲酸乙二酯製板、片及扁條,義大利,出口總值(含復出口),5,300
2016-4,39206210,聚對苯二甲酸乙二酯製板、片及扁條,德國,出口總值(含復出口),0,175
2016-4,39206210,聚對苯二甲酸乙二酯製板、片及扁條,墨西哥,出口總值(含復出口),19,17280
2016-4,39206210,聚對苯二甲酸乙二酯製板、片及扁條,澳大利亞,出口總值(含復出口),321,195065
2016-4,39209991,其他塑膠板、片及扁條，非多孔性及未經以其他物質加強、積層、支持或與其他物質類似結合者,中國大陸,進口總值(含復進口),171,44550
2016-4,39209991,其他塑膠板、片及扁條，非多孔性及未經以其他物質加強、積層、支持或與其他物質類似結合者,日本,進口總值(含復進口),238,30238
2016-4,39209991,其他塑膠板、片及扁條，非多孔性及未經以其他物質加強、積層、支持或與其他物質類似結合者,南韓,進口總值(含復進口),298,85129
2016-4,39209991,其他塑膠板、片及扁條，非多孔性及未經以其他物質加強、積層、支持或與其他物質類似結合者,美國,進口總值(含復進口),497,3152
2016-4,39209991,其他塑膠板、片及扁條，非多孔性及未經以其他物質加強、積層、支持或與其他物質類似結合者,馬來西亞,進口總值(含復進口),169,51105
2016-4,39209991,其他塑膠板、片及扁條，非多孔性及未經以其他物質加強、積層、支持或與其他物質類似結合者,新加坡,進口總值(含復進口),9,364
2016-4,39209991,其他塑膠板、片及扁條，非多孔性及未經以其他物質加強、積層、支持或與其他物質類似結合者,瑞典,進口總值(含復進口),6,890
2016-4,39209991,其他塑膠板、片及扁條，非多孔性及未經以其他物質加強、積層、支持或與其他物質類似結合者,德國,進口總值(含復進口),28,1074
2016-4,39209991,其他塑膠板、片及扁條，非多孔性及未經以其他物質加強、積層、支持或與其他物質類似結合者,中國大陸,出口總值(含復出口),2239,304494
2016-4,39209991,其他塑膠板、片及扁條，非多孔性及未經以其他物質加強、積層、支持或與其他物質類似結合者,巴林,出口總值(含復出口),1,27
2016-4,39209991,其他塑膠板、片及扁條，非多孔性及未經以其他物質加強、積層、支持或與其他物質類似結合者,巴基斯坦,出口總值(含復出口),10,532
2016-4,39209991,其他塑膠板、片及扁條，非多孔性及未經以其他物質加強、積層、支持或與其他物質類似結合者,日本,出口總值(含復出口),65,1564
2016-4,39209991,其他塑膠板、片及扁條，非多孔性及未經以其他物質加強、積層、支持或與其他物質類似結合者,加拿大,出口總值(含復出口),38,3918
2016-4,39209991,其他塑膠板、片及扁條，非多孔性及未經以其他物質加強、積層、支持或與其他物質類似結合者,尼加拉瓜,出口總值(含復出口),0,18
2016-4,39209991,其他塑膠板、片及扁條，非多孔性及未經以其他物質加強、積層、支持或與其他物質類似結合者,印尼,出口總值(含復出口),2,342
2016-4,39209991,其他塑膠板、片及扁條，非多孔性及未經以其他物質加強、積層、支持或與其他物質類似結合者,印度,出口總值(含復出口),0,112
2016-4,39209991,其他塑膠板、片及扁條，非多孔性及未經以其他物質加強、積層、支持或與其他物質類似結合者,西班牙,出口總值(含復出口),8,1623
2016-4,39209991,其他塑膠板、片及扁條，非多孔性及未經以其他物質加強、積層、支持或與其他物質類似結合者,希臘,出口總值(含復出口),0,3
2016-4,39209991,其他塑膠板、片及扁條，非多孔性及未經以其他物質加強、積層、支持或與其他物質類似結合者,孟加拉,出口總值(含復出口),15,8647
2016-4,39209991,其他塑膠板、片及扁條，非多孔性及未經以其他物質加強、積層、支持或與其他物質類似結合者,阿拉伯聯合大公國,出口總值(含復出口),8,916
2016-4,39209991,其他塑膠板、片及扁條，非多孔性及未經以其他物質加強、積層、支持或與其他物質類似結合者,南韓,出口總值(含復出口),2,23
2016-4,39209991,其他塑膠板、片及扁條，非多孔性及未經以其他物質加強、積層、支持或與其他物質類似結合者,科威特,出口總值(含復出口),13,1874
2016-4,39209991,其他塑膠板、片及扁條，非多孔性及未經以其他物質加強、積層、支持或與其他物質類似結合者,美國,出口總值(含復出口),194,3532
2016-4,39209991,其他塑膠板、片及扁條，非多孔性及未經以其他物質加強、積層、支持或與其他物質類似結合者,香港,出口總值(含復出口),18,29
2016-4,39209991,其他塑膠板、片及扁條，非多孔性及未經以其他物質加強、積層、支持或與其他物質類似結合者,泰國,出口總值(含復出口),19,3598
2016-4,39209991,其他塑膠板、片及扁條，非多孔性及未經以其他物質加強、積層、支持或與其他物質類似結合者,菲律賓,出口總值(含復出口),68,12601
2016-4,39209991,其他塑膠板、片及扁條，非多孔性及未經以其他物質加強、積層、支持或與其他物質類似結合者,越南,出口總值(含復出口),26,5164
2016-4,39209991,其他塑膠板、片及扁條，非多孔性及未經以其他物質加強、積層、支持或與其他物質類似結合者,新加坡,出口總值(含復出口),7,165
2016-4,39209991,其他塑膠板、片及扁條，非多孔性及未經以其他物質加強、積層、支持或與其他物質類似結合者,德國,出口總值(含復出口),4,378
2016-4,39209991,其他塑膠板、片及扁條，非多孔性及未經以其他物質加強、積層、支持或與其他物質類似結合者,緬甸,出口總值(含復出口),65,9975
2016-4,39209991,其他塑膠板、片及扁條，非多孔性及未經以其他物質加強、積層、支持或與其他物質類似結合者,澳大利亞,出口總值(含復出口),8,158
2016-5,39201010,聚乙烯塑膠板、片及扁條,中國大陸,進口總值(含復進口),274,91865
2016-5,39201010,聚乙烯塑膠板、片及扁條,中華民國,進口總值(含復進口),15,6923
2016-5,39201010,聚乙烯塑膠板、片及扁條,日本,進口總值(含復進口),153,22519
2016-5,39201010,聚乙烯塑膠板、片及扁條,印度,進口總值(含復進口),2,628
2016-5,39201010,聚乙烯塑膠板、片及扁條,南韓,進口總值(含復進口),19,2007
2016-5,39201010,聚乙烯塑膠板、片及扁條,美國,進口總值(含復進口),56,3909
2016-5,39201010,聚乙烯塑膠板、片及扁條,英國,進口總值(含復進口),2,5
2016-5,39201010,聚乙烯塑膠板、片及扁條,泰國,進口總值(含復進口),113,22959
2016-5,39201010,聚乙烯塑膠板、片及扁條,馬來西亞,進口總值(含復進口),6,3036
2016-5,39201010,聚乙烯塑膠板、片及扁條,越南,進口總值(含復進口),1,63
2016-5,39201010,聚乙烯塑膠板、片及扁條,奧地利,進口總值(含復進口),15,2730
2016-5,39201010,聚乙烯塑膠板、片及扁條,義大利,進口總值(含復進口),7,2018
2016-5,39201010,聚乙烯塑膠板、片及扁條,德國,進口總值(含復進口),114,29854
2016-5,39201010,聚乙烯塑膠板、片及扁條,土耳其,出口總值(含復出口),0,3
2016-5,39201010,聚乙烯塑膠板、片及扁條,中國大陸,出口總值(含復出口),243,68724
2016-5,39201010,聚乙烯塑膠板、片及扁條,巴基斯坦,出口總值(含復出口),16,13400
2016-5,39201010,聚乙烯塑膠板、片及扁條,日本,出口總值(含復出口),138,24652
2016-5,39201010,聚乙烯塑膠板、片及扁條,加拿大,出口總值(含復出口),123,12644
2016-5,39201010,聚乙烯塑膠板、片及扁條,印尼,出口總值(含復出口),158,112348
2016-5,39201010,聚乙烯塑膠板、片及扁條,印度,出口總值(含復出口),24,4304
2016-5,39201010,聚乙烯塑膠板、片及扁條,其他國家,出口總值(含復出口),2,5
2016-5,39201010,聚乙烯塑膠板、片及扁條,波蘭,出口總值(含復出口),14,2320
2016-5,39201010,聚乙烯塑膠板、片及扁條,法國,出口總值(含復出口),0,53
2016-5,39201010,聚乙烯塑膠板、片及扁條,阿拉伯聯合大公國,出口總值(含復出口),8,955
2016-5,39201010,聚乙烯塑膠板、片及扁條,俄羅斯,出口總值(含復出口),3,224
2016-5,39201010,聚乙烯塑膠板、片及扁條,南非,出口總值(含復出口),5,5070
2016-5,39201010,聚乙烯塑膠板、片及扁條,柬埔寨,出口總值(含復出口),25,9704
2016-5,39201010,聚乙烯塑膠板、片及扁條,美國,出口總值(含復出口),198,33409
2016-5,39201010,聚乙烯塑膠板、片及扁條,香港,出口總值(含復出口),119,54802
2016-5,39201010,聚乙烯塑膠板、片及扁條,泰國,出口總值(含復出口),290,64413
2016-5,39201010,聚乙烯塑膠板、片及扁條,馬來西亞,出口總值(含復出口),36,12345
2016-5,39201010,聚乙烯塑膠板、片及扁條,馬紹爾群島,出口總值(含復出口),1,240
2016-5,39201010,聚乙烯塑膠板、片及扁條,荷蘭,出口總值(含復出口),2,1008
2016-5,39201010,聚乙烯塑膠板、片及扁條,菲律賓,出口總值(含復出口),165,57193
2016-5,39201010,聚乙烯塑膠板、片及扁條,越南,出口總值(含復出口),134,56192
2016-5,39201010,聚乙烯塑膠板、片及扁條,瑞典,出口總值(含復出口),4,224
2016-5,39201010,聚乙烯塑膠板、片及扁條,義大利,出口總值(含復出口),0,12
2016-5,39201010,聚乙烯塑膠板、片及扁條,葡萄牙,出口總值(含復出口),2,1008
2016-5,39201010,聚乙烯塑膠板、片及扁條,德國,出口總值(含復出口),28,69
2016-5,39201010,聚乙烯塑膠板、片及扁條,澳大利亞,出口總值(含復出口),15,8400
2016-5,39201010,聚乙烯塑膠板、片及扁條,關島,出口總值(含復出口),1,1660
2016-5,39202021,電容器用金屬化聚丙烯薄膜，留有未鍍邊，總寬度不超過１００公厘，總厚度在０．０１５公厘以上，０．０２５公厘以下者,中國大陸,進口總值(含復進口),58,2712
2016-5,39202021,電容器用金屬化聚丙烯薄膜，留有未鍍邊，總寬度不超過１００公厘，總厚度在０．０１５公厘以上，０．０２５公厘以下者,中國大陸,出口總值(含復出口),87,49610
2016-5,39202021,電容器用金屬化聚丙烯薄膜，留有未鍍邊，總寬度不超過１００公厘，總厚度在０．０１５公厘以上，０．０２５公厘以下者,日本,出口總值(含復出口),4,30
2016-5,39202021,電容器用金屬化聚丙烯薄膜，留有未鍍邊，總寬度不超過１００公厘，總厚度在０．０１５公厘以上，０．０２５公厘以下者,越南,出口總值(含復出口),23,11400
2016-5,39202021,電容器用金屬化聚丙烯薄膜，留有未鍍邊，總寬度不超過１００公厘，總厚度在０．０１５公厘以上，０．０２５公厘以下者,新加坡,出口總值(含復出口),5,4
2016-5,39205110,聚甲基丙烯酸甲酯板、片及扁條,中國大陸,進口總值(含復進口),1002,44659
2016-5,39205110,聚甲基丙烯酸甲酯板、片及扁條,中華民國,進口總值(含復進口),260,88118
2016-5,39205110,聚甲基丙烯酸甲酯板、片及扁條,日本,進口總值(含復進口),567,126373
2016-5,39205110,聚甲基丙烯酸甲酯板、片及扁條,南韓,進口總值(含復進口),1486,657729
2016-5,39205110,聚甲基丙烯酸甲酯板、片及扁條,美國,進口總值(含復進口),168,35102
2016-5,39205110,聚甲基丙烯酸甲酯板、片及扁條,越南,進口總值(含復進口),50,35177
2016-5,39205110,聚甲基丙烯酸甲酯板、片及扁條,德國,進口總值(含復進口),3,215
2016-5,39205110,聚甲基丙烯酸甲酯板、片及扁條,中國大陸,出口總值(含復出口),10528,3433847
2016-5,39205110,聚甲基丙烯酸甲酯板、片及扁條,巴西,出口總值(含復出口),109,37870
2016-5,39205110,聚甲基丙烯酸甲酯板、片及扁條,日本,出口總值(含復出口),344,107751
2016-5,39205110,聚甲基丙烯酸甲酯板、片及扁條,以色列,出口總值(含復出口),19,7116
2016-5,39205110,聚甲基丙烯酸甲酯板、片及扁條,加拿大,出口總值(含復出口),28,8994
2016-5,39205110,聚甲基丙烯酸甲酯板、片及扁條,卡達,出口總值(含復出口),77,33657
2016-5,39205110,聚甲基丙烯酸甲酯板、片及扁條,伊朗,出口總值(含復出口),156,62597
2016-5,39205110,聚甲基丙烯酸甲酯板、片及扁條,印尼,出口總值(含復出口),43,6813
2016-5,39205110,聚甲基丙烯酸甲酯板、片及扁條,印度,出口總值(含復出口),114,75402
2016-5,39205110,聚甲基丙烯酸甲酯板、片及扁條,沙烏地阿拉伯,出口總值(含復出口),193,78225
2016-5,39205110,聚甲基丙烯酸甲酯板、片及扁條,其他國家,出口總值(含復出口),0,5
2016-5,39205110,聚甲基丙烯酸甲酯板、片及扁條,阿拉伯聯合大公國,出口總值(含復出口),618,263031
2016-5,39205110,聚甲基丙烯酸甲酯板、片及扁條,阿曼,出口總值(含復出口),79,34227
2016-5,39205110,聚甲基丙烯酸甲酯板、片及扁條,南非,出口總值(含復出口),86,23845
2016-5,39205110,聚甲基丙烯酸甲酯板、片及扁條,南韓,出口總值(含復出口),1544,494694
2016-5,39205110,聚甲基丙烯酸甲酯板、片及扁條,美國,出口總值(含復出口),1486,551293
2016-5,39205110,聚甲基丙烯酸甲酯板、片及扁條,香港,出口總值(含復出口),270,100689
2016-5,39205110,聚甲基丙烯酸甲酯板、片及扁條,哥斯大黎加,出口總值(含復出口),7,1943
2016-5,39205110,聚甲基丙烯酸甲酯板、片及扁條,秘魯,出口總值(含復出口),1,386
2016-5,39205110,聚甲基丙烯酸甲酯板、片及扁條,馬來西亞,出口總值(含復出口),14,3821
2016-5,39205110,聚甲基丙烯酸甲酯板、片及扁條,斯洛維尼亞,出口總值(含復出口),22,7056
2016-5,39205110,聚甲基丙烯酸甲酯板、片及扁條,智利,出口總值(含復出口),5,1596
2016-5,39205110,聚甲基丙烯酸甲酯板、片及扁條,菲律賓,出口總值(含復出口),40,18030
2016-5,39205110,聚甲基丙烯酸甲酯板、片及扁條,新加坡,出口總值(含復出口),249,93934
2016-5,39205110,聚甲基丙烯酸甲酯板、片及扁條,黎巴嫩,出口總值(含復出口),255,110895
2016-5,39205110,聚甲基丙烯酸甲酯板、片及扁條,澳大利亞,出口總值(含復出口),30,12692
2016-5,39205110,聚甲基丙烯酸甲酯板、片及扁條,賽普勒斯,出口總值(含復出口),51,19258
2016-5,39205110,聚甲基丙烯酸甲酯板、片及扁條,薩爾瓦多,出口總值(含復出口),28,11309
2016-5,39206210,聚對苯二甲酸乙二酯製板、片及扁條,中國大陸,進口總值(含復進口),261,133779
2016-5,39206210,聚對苯二甲酸乙二酯製板、片及扁條,中華民國,進口總值(含復進口),565,41208
2016-5,39206210,聚對苯二甲酸乙二酯製板、片及扁條,日本,進口總值(含復進口),199,32348
2016-5,39206210,聚對苯二甲酸乙二酯製板、片及扁條,南韓,進口總值(含復進口),1221,228035
2016-5,39206210,聚對苯二甲酸乙二酯製板、片及扁條,美國,進口總值(含復進口),91,9006
2016-5,39206210,聚對苯二甲酸乙二酯製板、片及扁條,英國,進口總值(含復進口),7,105
2016-5,39206210,聚對苯二甲酸乙二酯製板、片及扁條,泰國,進口總值(含復進口),20,12912
2016-5,39206210,聚對苯二甲酸乙二酯製板、片及扁條,荷蘭,進口總值(含復進口),0,17
2016-5,39206210,聚對苯二甲酸乙二酯製板、片及扁條,越南,進口總值(含復進口),40,36000
2016-5,39206210,聚對苯二甲酸乙二酯製板、片及扁條,中國大陸,出口總值(含復出口),10797,1507101
2016-5,39206210,聚對苯二甲酸乙二酯製板、片及扁條,巴基斯坦,出口總值(含復出口),28,17881
2016-5,39206210,聚對苯二甲酸乙二酯製板、片及扁條,日本,出口總值(含復出口),599,348169
2016-5,39206210,聚對苯二甲酸乙二酯製板、片及扁條,加拿大,出口總值(含復出口),155,125950
2016-5,39206210,聚對苯二甲酸乙二酯製板、片及扁條,印尼,出口總值(含復出口),22,21276
2016-5,39206210,聚對苯二甲酸乙二酯製板、片及扁條,印度,出口總值(含復出口),81,72953
2016-5,39206210,聚對苯二甲酸乙二酯製板、片及扁條,阿曼,出口總值(含復出口),35,32696
2016-5,39206210,聚對苯二甲酸乙二酯製板、片及扁條,南韓,出口總值(含復出口),59,15302
2016-5,39206210,聚對苯二甲酸乙二酯製板、片及扁條,美國,出口總值(含復出口),856,625538
2016-5,39206210,聚對苯二甲酸乙二酯製板、片及扁條,香港,出口總值(含復出口),946,111382
2016-5,39206210,聚對苯二甲酸乙二酯製板、片及扁條,哥倫比亞,出口總值(含復出口),4,1680
2016-5,39206210,聚對苯二甲酸乙二酯製板、片及扁條,泰國,出口總值(含復出口),135,21153
2016-5,39206210,聚對苯二甲酸乙二酯製板、片及扁條,紐西蘭,出口總值(含復出口),178,148458
2016-5,39206210,聚對苯二甲酸乙二酯製板、片及扁條,馬來西亞,出口總值(含復出口),434,213737
2016-5,39206210,聚對苯二甲酸乙二酯製板、片及扁條,荷蘭,出口總值(含復出口),7,446
2016-5,39206210,聚對苯二甲酸乙二酯製板、片及扁條,斯里蘭卡,出口總值(含復出口),23,17000
2016-5,39206210,聚對苯二甲酸乙二酯製板、片及扁條,菲律賓,出口總值(含復出口),26,20010
2016-5,39206210,聚對苯二甲酸乙二酯製板、片及扁條,越南,出口總值(含復出口),6,3997
2016-5,39206210,聚對苯二甲酸乙二酯製板、片及扁條,新加坡,出口總值(含復出口),125,56966
2016-5,39206210,聚對苯二甲酸乙二酯製板、片及扁條,瑞士,出口總值(含復出口),2,797
2016-5,39206210,聚對苯二甲酸乙二酯製板、片及扁條,德國,出口總值(含復出口),25,17280
2016-5,39206210,聚對苯二甲酸乙二酯製板、片及扁條,墨西哥,出口總值(含復出口),14,12160
2016-5,39206210,聚對苯二甲酸乙二酯製板、片及扁條,澳大利亞,出口總值(含復出口),359,276578
2016-5,39209991,其他塑膠板、片及扁條，非多孔性及未經以其他物質加強、積層、支持或與其他物質類似結合者,中國大陸,進口總值(含復進口),331,86419
2016-5,39209991,其他塑膠板、片及扁條，非多孔性及未經以其他物質加強、積層、支持或與其他物質類似結合者,日本,進口總值(含復進口),89,3019
2016-5,39209991,其他塑膠板、片及扁條，非多孔性及未經以其他物質加強、積層、支持或與其他物質類似結合者,南韓,進口總值(含復進口),418,105299
2016-5,39209991,其他塑膠板、片及扁條，非多孔性及未經以其他物質加強、積層、支持或與其他物質類似結合者,美國,進口總值(含復進口),238,553
2016-5,39209991,其他塑膠板、片及扁條，非多孔性及未經以其他物質加強、積層、支持或與其他物質類似結合者,馬來西亞,進口總值(含復進口),97,92369
2016-5,39209991,其他塑膠板、片及扁條，非多孔性及未經以其他物質加強、積層、支持或與其他物質類似結合者,德國,進口總值(含復進口),39,779
2016-5,39209991,其他塑膠板、片及扁條，非多孔性及未經以其他物質加強、積層、支持或與其他物質類似結合者,土耳其,出口總值(含復出口),8,314
2016-5,39209991,其他塑膠板、片及扁條，非多孔性及未經以其他物質加強、積層、支持或與其他物質類似結合者,中國大陸,出口總值(含復出口),2670,355126
2016-5,39209991,其他塑膠板、片及扁條，非多孔性及未經以其他物質加強、積層、支持或與其他物質類似結合者,丹麥,出口總值(含復出口),1,17
2016-5,39209991,其他塑膠板、片及扁條，非多孔性及未經以其他物質加強、積層、支持或與其他物質類似結合者,日本,出口總值(含復出口),73,1320
2016-5,39209991,其他塑膠板、片及扁條，非多孔性及未經以其他物質加強、積層、支持或與其他物質類似結合者,加拿大,出口總值(含復出口),38,14804
2016-5,39209991,其他塑膠板、片及扁條，非多孔性及未經以其他物質加強、積層、支持或與其他物質類似結合者,希臘,出口總值(含復出口),0,3
2016-5,39209991,其他塑膠板、片及扁條，非多孔性及未經以其他物質加強、積層、支持或與其他物質類似結合者,奈及利亞,出口總值(含復出口),0,32
2016-5,39209991,其他塑膠板、片及扁條，非多孔性及未經以其他物質加強、積層、支持或與其他物質類似結合者,美國,出口總值(含復出口),210,3941
2016-5,39209991,其他塑膠板、片及扁條，非多孔性及未經以其他物質加強、積層、支持或與其他物質類似結合者,英國,出口總值(含復出口),4,116
2016-5,39209991,其他塑膠板、片及扁條，非多孔性及未經以其他物質加強、積層、支持或與其他物質類似結合者,香港,出口總值(含復出口),30,51091
2016-5,39209991,其他塑膠板、片及扁條，非多孔性及未經以其他物質加強、積層、支持或與其他物質類似結合者,泰國,出口總值(含復出口),2,497
2016-5,39209991,其他塑膠板、片及扁條，非多孔性及未經以其他物質加強、積層、支持或與其他物質類似結合者,馬來西亞,出口總值(含復出口),19,1804
2016-5,39209991,其他塑膠板、片及扁條，非多孔性及未經以其他物質加強、積層、支持或與其他物質類似結合者,荷蘭,出口總值(含復出口),3,63
2016-5,39209991,其他塑膠板、片及扁條，非多孔性及未經以其他物質加強、積層、支持或與其他物質類似結合者,菲律賓,出口總值(含復出口),2,1320
2016-5,39209991,其他塑膠板、片及扁條，非多孔性及未經以其他物質加強、積層、支持或與其他物質類似結合者,越南,出口總值(含復出口),13,57
2016-5,39209991,其他塑膠板、片及扁條，非多孔性及未經以其他物質加強、積層、支持或與其他物質類似結合者,新加坡,出口總值(含復出口),6,85
2016-5,39209991,其他塑膠板、片及扁條，非多孔性及未經以其他物質加強、積層、支持或與其他物質類似結合者,德國,出口總值(含復出口),3,75
2016-5,39209991,其他塑膠板、片及扁條，非多孔性及未經以其他物質加強、積層、支持或與其他物質類似結合者,緬甸,出口總值(含復出口),27,4000
2016-6,39199020,供製造半導體晶圓用之自黏性圓形研磨墊，屬塑膠製品者,日本,進口總值(含復進口),28,153
2016-6,39199020,供製造半導體晶圓用之自黏性圓形研磨墊，屬塑膠製品者,美國,進口總值(含復進口),725,3602
2016-6,39199020,供製造半導體晶圓用之自黏性圓形研磨墊，屬塑膠製品者,中國大陸,出口總值(含復出口),9,15
2016-6,39199020,供製造半導體晶圓用之自黏性圓形研磨墊，屬塑膠製品者,日本,出口總值(含復出口),2,2
2016-6,39199020,供製造半導體晶圓用之自黏性圓形研磨墊，屬塑膠製品者,馬來西亞,出口總值(含復出口),3,2
2016-6,39199020,供製造半導體晶圓用之自黏性圓形研磨墊，屬塑膠製品者,德國,出口總值(含復出口),3,6
2016-6,39201010,聚乙烯塑膠板、片及扁條,中國大陸,進口總值(含復進口),502,178035
2016-6,39201010,聚乙烯塑膠板、片及扁條,中華民國,進口總值(含復進口),1,3852
2016-6,39201010,聚乙烯塑膠板、片及扁條,日本,進口總值(含復進口),377,52020
2016-6,39201010,聚乙烯塑膠板、片及扁條,印度,進口總值(含復進口),1,157
2016-6,39201010,聚乙烯塑膠板、片及扁條,希臘,進口總值(含復進口),117,45299
2016-6,39201010,聚乙烯塑膠板、片及扁條,南韓,進口總值(含復進口),26,8202
2016-6,39201010,聚乙烯塑膠板、片及扁條,美國,進口總值(含復進口),84,3954
2016-6,39201010,聚乙烯塑膠板、片及扁條,英國,進口總值(含復進口),3,6
2016-6,39201010,聚乙烯塑膠板、片及扁條,泰國,進口總值(含復進口),75,28506
2016-6,39201010,聚乙烯塑膠板、片及扁條,越南,進口總值(含復進口),1,63
2016-6,39201010,聚乙烯塑膠板、片及扁條,義大利,進口總值(含復進口),2,212
2016-6,39201010,聚乙烯塑膠板、片及扁條,德國,進口總值(含復進口),14,282
2016-6,39201010,聚乙烯塑膠板、片及扁條,中國大陸,出口總值(含復出口),266,62844
2016-6,39201010,聚乙烯塑膠板、片及扁條,日本,出口總值(含復出口),262,63486
2016-6,39201010,聚乙烯塑膠板、片及扁條,印尼,出口總值(含復出口),139,18329
2016-6,39201010,聚乙烯塑膠板、片及扁條,其他國家,出口總值(含復出口),3,6
2016-6,39201010,聚乙烯塑膠板、片及扁條,孟加拉,出口總值(含復出口),4,1920
2016-6,39201010,聚乙烯塑膠板、片及扁條,帛琉,出口總值(含復出口),0,4
2016-6,39201010,聚乙烯塑膠板、片及扁條,波蘭,出口總值(含復出口),23,4074
2016-6,39201010,聚乙烯塑膠板、片及扁條,法國,出口總值(含復出口),0,51
2016-6,39201010,聚乙烯塑膠板、片及扁條,俄羅斯,出口總值(含復出口),2,123
2016-6,39201010,聚乙烯塑膠板、片及扁條,南韓,出口總值(含復出口),8,992
2016-6,39201010,聚乙烯塑膠板、片及扁條,柬埔寨,出口總值(含復出口),6,1286
2016-6,39201010,聚乙烯塑膠板、片及扁條,美國,出口總值(含復出口),402,51493
2016-6,39201010,聚乙烯塑膠板、片及扁條,香港,出口總值(含復出口),61,26562
2016-6,39201010,聚乙烯塑膠板、片及扁條,泰國,出口總值(含復出口),362,148410
2016-6,39201010,聚乙烯塑膠板、片及扁條,紐西蘭,出口總值(含復出口),6,854
2016-6,39201010,聚乙烯塑膠板、片及扁條,馬來西亞,出口總值(含復出口),100,27199
2016-6,39201010,聚乙烯塑膠板、片及扁條,斯里蘭卡,出口總值(含復出口),8,4008
2016-6,39201010,聚乙烯塑膠板、片及扁條,智利,出口總值(含復出口),2,2000
2016-6,39201010,聚乙烯塑膠板、片及扁條,菲律賓,出口總值(含復出口),40,32433
2016-6,39201010,聚乙烯塑膠板、片及扁條,越南,出口總值(含復出口),72,28027
2016-6,39201010,聚乙烯塑膠板、片及扁條,新加坡,出口總值(含復出口),38,19444
2016-6,39201010,聚乙烯塑膠板、片及扁條,瑞士,出口總值(含復出口),2,12
2016-6,39201010,聚乙烯塑膠板、片及扁條,德國,出口總值(含復出口),11,27
2016-6,39201010,聚乙烯塑膠板、片及扁條,澳大利亞,出口總值(含復出口),7,2100
2016-6,39202021,電容器用金屬化聚丙烯薄膜，留有未鍍邊，總寬度不超過１００公厘，總厚度在０．０１５公厘以上，０．０２５公厘以下者,中國大陸,進口總值(含復進口),32,1834
2016-6,39202021,電容器用金屬化聚丙烯薄膜，留有未鍍邊，總寬度不超過１００公厘，總厚度在０．０１５公厘以上，０．０２５公厘以下者,德國,進口總值(含復進口),19,825
2016-6,39202021,電容器用金屬化聚丙烯薄膜，留有未鍍邊，總寬度不超過１００公厘，總厚度在０．０１５公厘以上，０．０２５公厘以下者,中國大陸,出口總值(含復出口),47,27135
2016-6,39202021,電容器用金屬化聚丙烯薄膜，留有未鍍邊，總寬度不超過１００公厘，總厚度在０．０１５公厘以上，０．０２５公厘以下者,日本,出口總值(含復出口),11,57
2016-6,39202021,電容器用金屬化聚丙烯薄膜，留有未鍍邊，總寬度不超過１００公厘，總厚度在０．０１５公厘以上，０．０２５公厘以下者,香港,出口總值(含復出口),33,17490
2016-6,39202021,電容器用金屬化聚丙烯薄膜，留有未鍍邊，總寬度不超過１００公厘，總厚度在０．０１５公厘以上，０．０２５公厘以下者,越南,出口總值(含復出口),9,4200
2016-6,39202021,電容器用金屬化聚丙烯薄膜，留有未鍍邊，總寬度不超過１００公厘，總厚度在０．０１５公厘以上，０．０２５公厘以下者,新加坡,出口總值(含復出口),1,1
2016-6,39205110,聚甲基丙烯酸甲酯板、片及扁條,中國大陸,進口總值(含復進口),332,30643
2016-6,39205110,聚甲基丙烯酸甲酯板、片及扁條,中華民國,進口總值(含復進口),22,6505
2016-6,39205110,聚甲基丙烯酸甲酯板、片及扁條,日本,進口總值(含復進口),744,176764
2016-6,39205110,聚甲基丙烯酸甲酯板、片及扁條,南韓,進口總值(含復進口),1463,379465
2016-6,39205110,聚甲基丙烯酸甲酯板、片及扁條,德國,進口總值(含復進口),2,149
2016-6,39205110,聚甲基丙烯酸甲酯板、片及扁條,中國大陸,出口總值(含復出口),10796,3578591
2016-6,39205110,聚甲基丙烯酸甲酯板、片及扁條,巴西,出口總值(含復出口),38,13893
2016-6,39205110,聚甲基丙烯酸甲酯板、片及扁條,日本,出口總值(含復出口),289,87405
2016-6,39205110,聚甲基丙烯酸甲酯板、片及扁條,以色列,出口總值(含復出口),20,7132
2016-6,39205110,聚甲基丙烯酸甲酯板、片及扁條,加拿大,出口總值(含復出口),70,23350
2016-6,39205110,聚甲基丙烯酸甲酯板、片及扁條,卡達,出口總值(含復出口),120,50716
2016-6,39205110,聚甲基丙烯酸甲酯板、片及扁條,伊朗,出口總值(含復出口),646,261332
2016-6,39205110,聚甲基丙烯酸甲酯板、片及扁條,印度,出口總值(含復出口),118,70790
2016-6,39205110,聚甲基丙烯酸甲酯板、片及扁條,宏都拉斯,出口總值(含復出口),28,7970
2016-6,39205110,聚甲基丙烯酸甲酯板、片及扁條,沙烏地阿拉伯,出口總值(含復出口),241,99126
2016-6,39205110,聚甲基丙烯酸甲酯板、片及扁條,波多黎各,出口總值(含復出口),52,18640
2016-6,39205110,聚甲基丙烯酸甲酯板、片及扁條,阿拉伯聯合大公國,出口總值(含復出口),623,264940
2016-6,39205110,聚甲基丙烯酸甲酯板、片及扁條,南非,出口總值(含復出口),84,23491
2016-6,39205110,聚甲基丙烯酸甲酯板、片及扁條,南韓,出口總值(含復出口),3121,976201
2016-6,39205110,聚甲基丙烯酸甲酯板、片及扁條,科威特,出口總值(含復出口),116,38674
2016-6,39205110,聚甲基丙烯酸甲酯板、片及扁條,約旦,出口總值(含復出口),51,16777
2016-6,39205110,聚甲基丙烯酸甲酯板、片及扁條,美國,出口總值(含復出口),2051,760607
2016-6,39205110,聚甲基丙烯酸甲酯板、片及扁條,英國,出口總值(含復出口),24,7256
2016-6,39205110,聚甲基丙烯酸甲酯板、片及扁條,香港,出口總值(含復出口),434,185215
2016-6,39205110,聚甲基丙烯酸甲酯板、片及扁條,哥倫比亞,出口總值(含復出口),6,1941
2016-6,39205110,聚甲基丙烯酸甲酯板、片及扁條,秘魯,出口總值(含復出口),2,579
2016-6,39205110,聚甲基丙烯酸甲酯板、片及扁條,馬來西亞,出口總值(含復出口),8,1599
2016-6,39205110,聚甲基丙烯酸甲酯板、片及扁條,斯洛維尼亞,出口總值(含復出口),8,2598
2016-6,39205110,聚甲基丙烯酸甲酯板、片及扁條,新加坡,出口總值(含復出口),354,136838
2016-6,39205110,聚甲基丙烯酸甲酯板、片及扁條,德國,出口總值(含復出口),35,4985
2016-6,39205110,聚甲基丙烯酸甲酯板、片及扁條,黎巴嫩,出口總值(含復出口),141,54166
2016-6,39205110,聚甲基丙烯酸甲酯板、片及扁條,墨西哥,出口總值(含復出口),42,16604
2016-6,39205110,聚甲基丙烯酸甲酯板、片及扁條,澳大利亞,出口總值(含復出口),3,1063
2016-6,39206210,聚對苯二甲酸乙二酯製板、片及扁條,中國大陸,進口總值(含復進口),153,116393
2016-6,39206210,聚對苯二甲酸乙二酯製板、片及扁條,日本,進口總值(含復進口),222,41121
2016-6,39206210,聚對苯二甲酸乙二酯製板、片及扁條,南韓,進口總值(含復進口),884,166793
2016-6,39206210,聚對苯二甲酸乙二酯製板、片及扁條,泰國,進口總值(含復進口),26,18762
2016-6,39206210,聚對苯二甲酸乙二酯製板、片及扁條,瑞士,進口總值(含復進口),0,6
2016-6,39206210,聚對苯二甲酸乙二酯製板、片及扁條,德國,進口總值(含復進口),2,42
2016-6,39206210,聚對苯二甲酸乙二酯製板、片及扁條,中國大陸,出口總值(含復出口),9665,1425351
2016-6,39206210,聚對苯二甲酸乙二酯製板、片及扁條,日本,出口總值(含復出口),911,607511
2016-6,39206210,聚對苯二甲酸乙二酯製板、片及扁條,加拿大,出口總值(含復出口),105,87837
2016-6,39206210,聚對苯二甲酸乙二酯製板、片及扁條,印度,出口總值(含復出口),183,166896
2016-6,39206210,聚對苯二甲酸乙二酯製板、片及扁條,多明尼加,出口總值(含復出口),28,18700
2016-6,39206210,聚對苯二甲酸乙二酯製板、片及扁條,宏都拉斯,出口總值(含復出口),22,15782
2016-6,39206210,聚對苯二甲酸乙二酯製板、片及扁條,阿拉伯聯合大公國,出口總值(含復出口),8,9280
2016-6,39206210,聚對苯二甲酸乙二酯製板、片及扁條,南韓,出口總值(含復出口),13,2237
2016-6,39206210,聚對苯二甲酸乙二酯製板、片及扁條,柬埔寨,出口總值(含復出口),3,200
2016-6,39206210,聚對苯二甲酸乙二酯製板、片及扁條,美國,出口總值(含復出口),1179,866972
2016-6,39206210,聚對苯二甲酸乙二酯製板、片及扁條,香港,出口總值(含復出口),1236,138320
2016-6,39206210,聚對苯二甲酸乙二酯製板、片及扁條,泰國,出口總值(含復出口),101,61028
2016-6,39206210,聚對苯二甲酸乙二酯製板、片及扁條,紐西蘭,出口總值(含復出口),160,130946
2016-6,39206210,聚對苯二甲酸乙二酯製板、片及扁條,馬來西亞,出口總值(含復出口),230,113143
2016-6,39206210,聚對苯二甲酸乙二酯製板、片及扁條,荷蘭,出口總值(含復出口),3,215
2016-6,39206210,聚對苯二甲酸乙二酯製板、片及扁條,斯里蘭卡,出口總值(含復出口),8,5900
2016-6,39206210,聚對苯二甲酸乙二酯製板、片及扁條,菲律賓,出口總值(含復出口),255,181270
2016-6,39206210,聚對苯二甲酸乙二酯製板、片及扁條,越南,出口總值(含復出口),57,37569
2016-6,39206210,聚對苯二甲酸乙二酯製板、片及扁條,新加坡,出口總值(含復出口),111,56543
2016-6,39206210,聚對苯二甲酸乙二酯製板、片及扁條,德國,出口總值(含復出口),2,718
2016-6,39206210,聚對苯二甲酸乙二酯製板、片及扁條,墨西哥,出口總值(含復出口),75,41492
2016-6,39206210,聚對苯二甲酸乙二酯製板、片及扁條,澳大利亞,出口總值(含復出口),522,412543
2016-6,39209991,其他塑膠板、片及扁條，非多孔性及未經以其他物質加強、積層、支持或與其他物質類似結合者,中國大陸,進口總值(含復進口),143,40577
2016-6,39209991,其他塑膠板、片及扁條，非多孔性及未經以其他物質加強、積層、支持或與其他物質類似結合者,日本,進口總值(含復進口),211,26238
2016-6,39209991,其他塑膠板、片及扁條，非多孔性及未經以其他物質加強、積層、支持或與其他物質類似結合者,西班牙,進口總值(含復進口),21,40000
2016-6,39209991,其他塑膠板、片及扁條，非多孔性及未經以其他物質加強、積層、支持或與其他物質類似結合者,南韓,進口總值(含復進口),234,31837
2016-6,39209991,其他塑膠板、片及扁條，非多孔性及未經以其他物質加強、積層、支持或與其他物質類似結合者,美國,進口總值(含復進口),271,20131
2016-6,39209991,其他塑膠板、片及扁條，非多孔性及未經以其他物質加強、積層、支持或與其他物質類似結合者,馬來西亞,進口總值(含復進口),73,22218
2016-6,39209991,其他塑膠板、片及扁條，非多孔性及未經以其他物質加強、積層、支持或與其他物質類似結合者,新加坡,進口總值(含復進口),7,1141
2016-6,39209991,其他塑膠板、片及扁條，非多孔性及未經以其他物質加強、積層、支持或與其他物質類似結合者,義大利,進口總值(含復進口),1,74
2016-6,39209991,其他塑膠板、片及扁條，非多孔性及未經以其他物質加強、積層、支持或與其他物質類似結合者,德國,進口總值(含復進口),10,362
2016-6,39209991,其他塑膠板、片及扁條，非多孔性及未經以其他物質加強、積層、支持或與其他物質類似結合者,中國大陸,出口總值(含復出口),1915,271045
2016-6,39209991,其他塑膠板、片及扁條，非多孔性及未經以其他物質加強、積層、支持或與其他物質類似結合者,厄瓜多,出口總值(含復出口),13,5856
2016-6,39209991,其他塑膠板、片及扁條，非多孔性及未經以其他物質加強、積層、支持或與其他物質類似結合者,日本,出口總值(含復出口),53,887
2016-6,39209991,其他塑膠板、片及扁條，非多孔性及未經以其他物質加強、積層、支持或與其他物質類似結合者,比利時,出口總值(含復出口),9,271
2016-6,39209991,其他塑膠板、片及扁條，非多孔性及未經以其他物質加強、積層、支持或與其他物質類似結合者,印尼,出口總值(含復出口),1,12
2016-6,39209991,其他塑膠板、片及扁條，非多孔性及未經以其他物質加強、積層、支持或與其他物質類似結合者,印度,出口總值(含復出口),3,750
2016-6,39209991,其他塑膠板、片及扁條，非多孔性及未經以其他物質加強、積層、支持或與其他物質類似結合者,科威特,出口總值(含復出口),317,89687
2016-6,39209991,其他塑膠板、片及扁條，非多孔性及未經以其他物質加強、積層、支持或與其他物質類似結合者,美國,出口總值(含復出口),157,12819
2016-6,39209991,其他塑膠板、片及扁條，非多孔性及未經以其他物質加強、積層、支持或與其他物質類似結合者,香港,出口總值(含復出口),16,24080
2016-6,39209991,其他塑膠板、片及扁條，非多孔性及未經以其他物質加強、積層、支持或與其他物質類似結合者,埃及,出口總值(含復出口),1,395
2016-6,39209991,其他塑膠板、片及扁條，非多孔性及未經以其他物質加強、積層、支持或與其他物質類似結合者,泰國,出口總值(含復出口),19,2363
2016-6,39209991,其他塑膠板、片及扁條，非多孔性及未經以其他物質加強、積層、支持或與其他物質類似結合者,秘魯,出口總值(含復出口),1,25
2016-6,39209991,其他塑膠板、片及扁條，非多孔性及未經以其他物質加強、積層、支持或與其他物質類似結合者,馬來西亞,出口總值(含復出口),30,13750
2016-6,39209991,其他塑膠板、片及扁條，非多孔性及未經以其他物質加強、積層、支持或與其他物質類似結合者,荷蘭,出口總值(含復出口),1,30
2016-6,39209991,其他塑膠板、片及扁條，非多孔性及未經以其他物質加強、積層、支持或與其他物質類似結合者,菲律賓,出口總值(含復出口),72,13346
2016-6,39209991,其他塑膠板、片及扁條，非多孔性及未經以其他物質加強、積層、支持或與其他物質類似結合者,越南,出口總值(含復出口),14,40
2016-6,39209991,其他塑膠板、片及扁條，非多孔性及未經以其他物質加強、積層、支持或與其他物質類似結合者,新加坡,出口總值(含復出口),13,340
2016-6,39209991,其他塑膠板、片及扁條，非多孔性及未經以其他物質加強、積層、支持或與其他物質類似結合者,瑞士,出口總值(含復出口),3,83
2016-6,39209991,其他塑膠板、片及扁條，非多孔性及未經以其他物質加強、積層、支持或與其他物質類似結合者,義大利,出口總值(含復出口),22,2106
2016-6,39209991,其他塑膠板、片及扁條，非多孔性及未經以其他物質加強、積層、支持或與其他物質類似結合者,德國,出口總值(含復出口),11,1867
2016-6,39209991,其他塑膠板、片及扁條，非多孔性及未經以其他物質加強、積層、支持或與其他物質類似結合者,澳大利亞,出口總值(含復出口),11,6963
2016-6,39209991,其他塑膠板、片及扁條，非多孔性及未經以其他物質加強、積層、支持或與其他物質類似結合者,關島,出口總值(含復出口),0,450
2016-7,39199020,供製造半導體晶圓用之自黏性圓形研磨墊，屬塑膠製品者,日本,進口總值(含復進口),51,246
2016-7,39199020,供製造半導體晶圓用之自黏性圓形研磨墊，屬塑膠製品者,美國,進口總值(含復進口),1178,6296
2016-7,39199020,供製造半導體晶圓用之自黏性圓形研磨墊，屬塑膠製品者,德國,進口總值(含復進口),0,23
2016-7,39199020,供製造半導體晶圓用之自黏性圓形研磨墊，屬塑膠製品者,中國大陸,出口總值(含復出口),51,79
2016-7,39199020,供製造半導體晶圓用之自黏性圓形研磨墊，屬塑膠製品者,日本,出口總值(含復出口),5,8
2016-7,39199020,供製造半導體晶圓用之自黏性圓形研磨墊，屬塑膠製品者,泰國,出口總值(含復出口),1,2
2016-7,39199020,供製造半導體晶圓用之自黏性圓形研磨墊，屬塑膠製品者,新加坡,出口總值(含復出口),12,30
2016-7,39201010,聚乙烯塑膠板、片及扁條,中國大陸,進口總值(含復進口),747,280707
2016-7,39201010,聚乙烯塑膠板、片及扁條,日本,進口總值(含復進口),285,33125
2016-7,39201010,聚乙烯塑膠板、片及扁條,加拿大,進口總值(含復進口),5,1524
2016-7,39201010,聚乙烯塑膠板、片及扁條,法國,進口總值(含復進口),0,5
2016-7,39201010,聚乙烯塑膠板、片及扁條,南韓,進口總值(含復進口),24,4450
2016-7,39201010,聚乙烯塑膠板、片及扁條,美國,進口總值(含復進口),22,2704
2016-7,39201010,聚乙烯塑膠板、片及扁條,泰國,進口總值(含復進口),73,12603
2016-7,39201010,聚乙烯塑膠板、片及扁條,奧地利,進口總值(含復進口),2,267
2016-7,39201010,聚乙烯塑膠板、片及扁條,瑞士,進口總值(含復進口),0,1
2016-7,39201010,聚乙烯塑膠板、片及扁條,義大利,進口總值(含復進口),0,0
2016-7,39201010,聚乙烯塑膠板、片及扁條,德國,進口總值(含復進口),90,18579
2016-7,39201010,聚乙烯塑膠板、片及扁條,中國大陸,出口總值(含復出口),282,77213
2016-7,39201010,聚乙烯塑膠板、片及扁條,日本,出口總值(含復出口),202,39503
2016-7,39201010,聚乙烯塑膠板、片及扁條,加拿大,出口總值(含復出口),78,7186
2016-7,39201010,聚乙烯塑膠板、片及扁條,印尼,出口總值(含復出口),50,142771
2016-7,39201010,聚乙烯塑膠板、片及扁條,印度,出口總值(含復出口),45,8044
2016-7,39201010,聚乙烯塑膠板、片及扁條,波蘭,出口總值(含復出口),16,129
2016-7,39201010,聚乙烯塑膠板、片及扁條,法國,出口總值(含復出口),4,1973
2016-7,39201010,聚乙烯塑膠板、片及扁條,阿拉伯聯合大公國,出口總值(含復出口),65,25726
2016-7,39201010,聚乙烯塑膠板、片及扁條,柬埔寨,出口總值(含復出口),27,8214
2016-7,39201010,聚乙烯塑膠板、片及扁條,美國,出口總值(含復出口),238,40340
2016-7,39201010,聚乙烯塑膠板、片及扁條,香港,出口總值(含復出口),74,27240
2016-7,39201010,聚乙烯塑膠板、片及扁條,泰國,出口總值(含復出口),101,21513
2016-7,39201010,聚乙烯塑膠板、片及扁條,馬來西亞,出口總值(含復出口),49,9932
2016-7,39201010,聚乙烯塑膠板、片及扁條,密克羅尼西亞,出口總值(含復出口),0,2
2016-7,39201010,聚乙烯塑膠板、片及扁條,智利,出口總值(含復出口),1,1007
2016-7,39201010,聚乙烯塑膠板、片及扁條,菲律賓,出口總值(含復出口),22,7818
2016-7,39201010,聚乙烯塑膠板、片及扁條,越南,出口總值(含復出口),64,25798
2016-7,39201010,聚乙烯塑膠板、片及扁條,德國,出口總值(含復出口),29,11371
2016-7,39201010,聚乙烯塑膠板、片及扁條,緬甸,出口總值(含復出口),0,94
2016-7,39202021,電容器用金屬化聚丙烯薄膜，留有未鍍邊，總寬度不超過１００公厘，總厚度在０．０１５公厘以上，０．０２５公厘以下者,中國大陸,進口總值(含復進口),20,1024
2016-7,39202021,電容器用金屬化聚丙烯薄膜，留有未鍍邊，總寬度不超過１００公厘，總厚度在０．０１５公厘以上，０．０２５公厘以下者,南韓,進口總值(含復進口),51,2977
2016-7,39202021,電容器用金屬化聚丙烯薄膜，留有未鍍邊，總寬度不超過１００公厘，總厚度在０．０１５公厘以上，０．０２５公厘以下者,中國大陸,出口總值(含復出口),148,63510
2016-7,39205110,聚甲基丙烯酸甲酯板、片及扁條,中國大陸,進口總值(含復進口),470,39461
2016-7,39205110,聚甲基丙烯酸甲酯板、片及扁條,日本,進口總值(含復進口),713,151002
2016-7,39205110,聚甲基丙烯酸甲酯板、片及扁條,波蘭,進口總值(含復進口),3,227
2016-7,39205110,聚甲基丙烯酸甲酯板、片及扁條,南韓,進口總值(含復進口),1325,529993
2016-7,39205110,聚甲基丙烯酸甲酯板、片及扁條,美國,進口總值(含復進口),764,154244
2016-7,39205110,聚甲基丙烯酸甲酯板、片及扁條,德國,進口總值(含復進口),4,268
2016-7,39205110,聚甲基丙烯酸甲酯板、片及扁條,中國大陸,出口總值(含復出口),11768,3822816
2016-7,39205110,聚甲基丙烯酸甲酯板、片及扁條,巴西,出口總值(含復出口),231,82100
2016-7,39205110,聚甲基丙烯酸甲酯板、片及扁條,巴林,出口總值(含復出口),49,17400
2016-7,39205110,聚甲基丙烯酸甲酯板、片及扁條,日本,出口總值(含復出口),193,51631
2016-7,39205110,聚甲基丙烯酸甲酯板、片及扁條,卡達,出口總值(含復出口),40,16777
2016-7,39205110,聚甲基丙烯酸甲酯板、片及扁條,尼加拉瓜,出口總值(含復出口),66,30627
2016-7,39205110,聚甲基丙烯酸甲酯板、片及扁條,伊朗,出口總值(含復出口),401,165501
2016-7,39205110,聚甲基丙烯酸甲酯板、片及扁條,印尼,出口總值(含復出口),41,4825
2016-7,39205110,聚甲基丙烯酸甲酯板、片及扁條,印度,出口總值(含復出口),127,83221
2016-7,39205110,聚甲基丙烯酸甲酯板、片及扁條,沙烏地阿拉伯,出口總值(含復出口),285,114181
2016-7,39205110,聚甲基丙烯酸甲酯板、片及扁條,汶萊,出口總值(含復出口),15,5400
2016-7,39205110,聚甲基丙烯酸甲酯板、片及扁條,坦尚尼亞,出口總值(含復出口),60,19750
2016-7,39205110,聚甲基丙烯酸甲酯板、片及扁條,阿拉伯聯合大公國,出口總值(含復出口),900,364046
2016-7,39205110,聚甲基丙烯酸甲酯板、片及扁條,阿曼,出口總值(含復出口),80,32860
2016-7,39205110,聚甲基丙烯酸甲酯板、片及扁條,阿爾及利亞,出口總值(含復出口),54,22840
2016-7,39205110,聚甲基丙烯酸甲酯板、片及扁條,南非,出口總值(含復出口),85,23922
2016-7,39205110,聚甲基丙烯酸甲酯板、片及扁條,南韓,出口總值(含復出口),2512,781232
2016-7,39205110,聚甲基丙烯酸甲酯板、片及扁條,科威特,出口總值(含復出口),92,35667
2016-7,39205110,聚甲基丙烯酸甲酯板、片及扁條,約旦,出口總值(含復出口),31,12740
2016-7,39205110,聚甲基丙烯酸甲酯板、片及扁條,美國,出口總值(含復出口),1731,609302
2016-7,39205110,聚甲基丙烯酸甲酯板、片及扁條,香港,出口總值(含復出口),446,177827
2016-7,39205110,聚甲基丙烯酸甲酯板、片及扁條,泰國,出口總值(含復出口),21,7973
2016-7,39205110,聚甲基丙烯酸甲酯板、片及扁條,烏拉圭,出口總值(含復出口),23,8855
2016-7,39205110,聚甲基丙烯酸甲酯板、片及扁條,馬來西亞,出口總值(含復出口),6,2211
2016-7,39205110,聚甲基丙烯酸甲酯板、片及扁條,斯里蘭卡,出口總值(含復出口),19,9203
2016-7,39205110,聚甲基丙烯酸甲酯板、片及扁條,斯洛維尼亞,出口總值(含復出口),35,11232
2016-7,39205110,聚甲基丙烯酸甲酯板、片及扁條,新加坡,出口總值(含復出口),275,109251
2016-7,39205110,聚甲基丙烯酸甲酯板、片及扁條,德國,出口總值(含復出口),2,1
2016-7,39205110,聚甲基丙烯酸甲酯板、片及扁條,黎巴嫩,出口總值(含復出口),131,49525
2016-7,39205110,聚甲基丙烯酸甲酯板、片及扁條,澳大利亞,出口總值(含復出口),4,1594
2016-7,39205110,聚甲基丙烯酸甲酯板、片及扁條,薩爾瓦多,出口總值(含復出口),48,18508
2016-7,39205110,聚甲基丙烯酸甲酯板、片及扁條,關島,出口總值(含復出口),11,4147
2016-7,39206210,聚對苯二甲酸乙二酯製板、片及扁條,中國大陸,進口總值(含復進口),213,130756
2016-7,39206210,聚對苯二甲酸乙二酯製板、片及扁條,中華民國,進口總值(含復進口),197,132373
2016-7,39206210,聚對苯二甲酸乙二酯製板、片及扁條,日本,進口總值(含復進口),459,62021
2016-7,39206210,聚對苯二甲酸乙二酯製板、片及扁條,南韓,進口總值(含復進口),1325,247953
2016-7,39206210,聚對苯二甲酸乙二酯製板、片及扁條,美國,進口總值(含復進口),83,848
2016-7,39206210,聚對苯二甲酸乙二酯製板、片及扁條,中國大陸,出口總值(含復出口),10829,1623793
2016-7,39206210,聚對苯二甲酸乙二酯製板、片及扁條,巴基斯坦,出口總值(含復出口),40,24744
2016-7,39206210,聚對苯二甲酸乙二酯製板、片及扁條,日本,出口總值(含復出口),1855,1185335
2016-7,39206210,聚對苯二甲酸乙二酯製板、片及扁條,加拿大,出口總值(含復出口),142,121264
2016-7,39206210,聚對苯二甲酸乙二酯製板、片及扁條,印尼,出口總值(含復出口),16,15488
2016-7,39206210,聚對苯二甲酸乙二酯製板、片及扁條,印度,出口總值(含復出口),191,171451
2016-7,39206210,聚對苯二甲酸乙二酯製板、片及扁條,多明尼加,出口總值(含復出口),26,17350
2016-7,39206210,聚對苯二甲酸乙二酯製板、片及扁條,宏都拉斯,出口總值(含復出口),18,13788
2016-7,39206210,聚對苯二甲酸乙二酯製板、片及扁條,美國,出口總值(含復出口),779,554436
2016-7,39206210,聚對苯二甲酸乙二酯製板、片及扁條,香港,出口總值(含復出口),1377,182957
2016-7,39206210,聚對苯二甲酸乙二酯製板、片及扁條,泰國,出口總值(含復出口),62,39497
2016-7,39206210,聚對苯二甲酸乙二酯製板、片及扁條,紐西蘭,出口總值(含復出口),305,245125
2016-7,39206210,聚對苯二甲酸乙二酯製板、片及扁條,馬來西亞,出口總值(含復出口),280,135050
2016-7,39206210,聚對苯二甲酸乙二酯製板、片及扁條,荷蘭,出口總值(含復出口),97,6592
2016-7,39206210,聚對苯二甲酸乙二酯製板、片及扁條,斯里蘭卡,出口總值(含復出口),16,11600
2016-7,39206210,聚對苯二甲酸乙二酯製板、片及扁條,菲律賓,出口總值(含復出口),200,163620
2016-7,39206210,聚對苯二甲酸乙二酯製板、片及扁條,越南,出口總值(含復出口),338,124234
2016-7,39206210,聚對苯二甲酸乙二酯製板、片及扁條,新加坡,出口總值(含復出口),73,35334
2016-7,39206210,聚對苯二甲酸乙二酯製板、片及扁條,德國,出口總值(含復出口),12,8880
2016-7,39206210,聚對苯二甲酸乙二酯製板、片及扁條,墨西哥,出口總值(含復出口),49,18658
2016-7,39206210,聚對苯二甲酸乙二酯製板、片及扁條,澳大利亞,出口總值(含復出口),365,281459
2016-7,39209991,其他塑膠板、片及扁條，非多孔性及未經以其他物質加強、積層、支持或與其他物質類似結合者,中國大陸,進口總值(含復進口),363,98436
2016-7,39209991,其他塑膠板、片及扁條，非多孔性及未經以其他物質加強、積層、支持或與其他物質類似結合者,日本,進口總值(含復進口),268,27758
2016-7,39209991,其他塑膠板、片及扁條，非多孔性及未經以其他物質加強、積層、支持或與其他物質類似結合者,法國,進口總值(含復進口),3,40
2016-7,39209991,其他塑膠板、片及扁條，非多孔性及未經以其他物質加強、積層、支持或與其他物質類似結合者,南韓,進口總值(含復進口),221,36052
2016-7,39209991,其他塑膠板、片及扁條，非多孔性及未經以其他物質加強、積層、支持或與其他物質類似結合者,美國,進口總值(含復進口),398,34829
2016-7,39209991,其他塑膠板、片及扁條，非多孔性及未經以其他物質加強、積層、支持或與其他物質類似結合者,馬來西亞,進口總值(含復進口),24,47830
2016-7,39209991,其他塑膠板、片及扁條，非多孔性及未經以其他物質加強、積層、支持或與其他物質類似結合者,新加坡,進口總值(含復進口),5,1410
2016-7,39209991,其他塑膠板、片及扁條，非多孔性及未經以其他物質加強、積層、支持或與其他物質類似結合者,義大利,進口總值(含復進口),4,71
2016-7,39209991,其他塑膠板、片及扁條，非多孔性及未經以其他物質加強、積層、支持或與其他物質類似結合者,德國,進口總值(含復進口),32,1071
2016-7,39209991,其他塑膠板、片及扁條，非多孔性及未經以其他物質加強、積層、支持或與其他物質類似結合者,中國大陸,出口總值(含復出口),2312,301951
2016-7,39209991,其他塑膠板、片及扁條，非多孔性及未經以其他物質加強、積層、支持或與其他物質類似結合者,巴西,出口總值(含復出口),3,279
2016-7,39209991,其他塑膠板、片及扁條，非多孔性及未經以其他物質加強、積層、支持或與其他物質類似結合者,巴拿馬,出口總值(含復出口),21,1432
2016-7,39209991,其他塑膠板、片及扁條，非多孔性及未經以其他物質加強、積層、支持或與其他物質類似結合者,日本,出口總值(含復出口),76,1160
2016-7,39209991,其他塑膠板、片及扁條，非多孔性及未經以其他物質加強、積層、支持或與其他物質類似結合者,比利時,出口總值(含復出口),9,437
2016-7,39209991,其他塑膠板、片及扁條，非多孔性及未經以其他物質加強、積層、支持或與其他物質類似結合者,加拿大,出口總值(含復出口),122,44319
2016-7,39209991,其他塑膠板、片及扁條，非多孔性及未經以其他物質加強、積層、支持或與其他物質類似結合者,印度,出口總值(含復出口),1,21
2016-7,39209991,其他塑膠板、片及扁條，非多孔性及未經以其他物質加強、積層、支持或與其他物質類似結合者,柬埔寨,出口總值(含復出口),2,940
2016-7,39209991,其他塑膠板、片及扁條，非多孔性及未經以其他物質加強、積層、支持或與其他物質類似結合者,科威特,出口總值(含復出口),16,4124
2016-7,39209991,其他塑膠板、片及扁條，非多孔性及未經以其他物質加強、積層、支持或與其他物質類似結合者,美國,出口總值(含復出口),72,754
2016-7,39209991,其他塑膠板、片及扁條，非多孔性及未經以其他物質加強、積層、支持或與其他物質類似結合者,英國,出口總值(含復出口),4,100
2016-7,39209991,其他塑膠板、片及扁條，非多孔性及未經以其他物質加強、積層、支持或與其他物質類似結合者,香港,出口總值(含復出口),23,47830
2016-7,39209991,其他塑膠板、片及扁條，非多孔性及未經以其他物質加強、積層、支持或與其他物質類似結合者,泰國,出口總值(含復出口),65,18224
2016-7,39209991,其他塑膠板、片及扁條，非多孔性及未經以其他物質加強、積層、支持或與其他物質類似結合者,馬來西亞,出口總值(含復出口),16,7309
2016-7,39209991,其他塑膠板、片及扁條，非多孔性及未經以其他物質加強、積層、支持或與其他物質類似結合者,越南,出口總值(含復出口),58,5777
2016-7,39209991,其他塑膠板、片及扁條，非多孔性及未經以其他物質加強、積層、支持或與其他物質類似結合者,新加坡,出口總值(含復出口),4,108
2016-7,39209991,其他塑膠板、片及扁條，非多孔性及未經以其他物質加強、積層、支持或與其他物質類似結合者,德國,出口總值(含復出口),9,860
2016-8,39199020,供製造半導體晶圓用之自黏性圓形研磨墊，屬塑膠製品者,日本,進口總值(含復進口),84,365
2016-8,39199020,供製造半導體晶圓用之自黏性圓形研磨墊，屬塑膠製品者,南韓,進口總值(含復進口),9,115
2016-8,39199020,供製造半導體晶圓用之自黏性圓形研磨墊，屬塑膠製品者,美國,進口總值(含復進口),838,3793
2016-8,39199020,供製造半導體晶圓用之自黏性圓形研磨墊，屬塑膠製品者,中國大陸,出口總值(含復出口),17,27
2016-8,39199020,供製造半導體晶圓用之自黏性圓形研磨墊，屬塑膠製品者,南韓,出口總值(含復出口),7,10
2016-8,39199020,供製造半導體晶圓用之自黏性圓形研磨墊，屬塑膠製品者,美國,出口總值(含復出口),2,7
2016-8,39199020,供製造半導體晶圓用之自黏性圓形研磨墊，屬塑膠製品者,新加坡,出口總值(含復出口),30,70
2016-8,39201010,聚乙烯塑膠板、片及扁條,中國大陸,進口總值(含復進口),549,206369
2016-8,39201010,聚乙烯塑膠板、片及扁條,中華民國,進口總值(含復進口),21,3150
2016-8,39201010,聚乙烯塑膠板、片及扁條,日本,進口總值(含復進口),187,32959
2016-8,39201010,聚乙烯塑膠板、片及扁條,加拿大,進口總值(含復進口),6,635
2016-8,39201010,聚乙烯塑膠板、片及扁條,希臘,進口總值(含復進口),87,25599
2016-8,39201010,聚乙烯塑膠板、片及扁條,南韓,進口總值(含復進口),12,1715
2016-8,39201010,聚乙烯塑膠板、片及扁條,美國,進口總值(含復進口),22,2141
2016-8,39201010,聚乙烯塑膠板、片及扁條,泰國,進口總值(含復進口),104,41098
2016-8,39201010,聚乙烯塑膠板、片及扁條,馬來西亞,進口總值(含復進口),7,3171
2016-8,39201010,聚乙烯塑膠板、片及扁條,荷蘭,進口總值(含復進口),0,0
2016-8,39201010,聚乙烯塑膠板、片及扁條,義大利,進口總值(含復進口),16,7905
2016-8,39201010,聚乙烯塑膠板、片及扁條,德國,進口總值(含復進口),219,52917
2016-8,39201010,聚乙烯塑膠板、片及扁條,澳大利亞,進口總值(含復進口),13,3001
2016-8,39201010,聚乙烯塑膠板、片及扁條,中國大陸,出口總值(含復出口),301,69640
2016-8,39201010,聚乙烯塑膠板、片及扁條,巴基斯坦,出口總值(含復出口),15,15491
2016-8,39201010,聚乙烯塑膠板、片及扁條,日本,出口總值(含復出口),151,22263
2016-8,39201010,聚乙烯塑膠板、片及扁條,加拿大,出口總值(含復出口),142,13455
2016-8,39201010,聚乙烯塑膠板、片及扁條,沙烏地阿拉伯,出口總值(含復出口),0,108
2016-8,39201010,聚乙烯塑膠板、片及扁條,法國,出口總值(含復出口),0,13
2016-8,39201010,聚乙烯塑膠板、片及扁條,阿拉伯聯合大公國,出口總值(含復出口),5,1162
2016-8,39201010,聚乙烯塑膠板、片及扁條,俄羅斯,出口總值(含復出口),4,215
2016-8,39201010,聚乙烯塑膠板、片及扁條,南韓,出口總值(含復出口),18,1833
2016-8,39201010,聚乙烯塑膠板、片及扁條,柬埔寨,出口總值(含復出口),45,14047
2016-8,39201010,聚乙烯塑膠板、片及扁條,美國,出口總值(含復出口),285,29333
2016-8,39201010,聚乙烯塑膠板、片及扁條,香港,出口總值(含復出口),115,51789
2016-8,39201010,聚乙烯塑膠板、片及扁條,泰國,出口總值(含復出口),221,95712
2016-8,39201010,聚乙烯塑膠板、片及扁條,烏克蘭,出口總值(含復出口),0,3
2016-8,39201010,聚乙烯塑膠板、片及扁條,秘魯,出口總值(含復出口),2,21
2016-8,39201010,聚乙烯塑膠板、片及扁條,紐西蘭,出口總值(含復出口),0,8
2016-8,39201010,聚乙烯塑膠板、片及扁條,馬來西亞,出口總值(含復出口),29,6819
2016-8,39201010,聚乙烯塑膠板、片及扁條,荷蘭,出口總值(含復出口),14,1509
2016-8,39201010,聚乙烯塑膠板、片及扁條,斯里蘭卡,出口總值(含復出口),6,3024
2016-8,39201010,聚乙烯塑膠板、片及扁條,智利,出口總值(含復出口),2,2044
2016-8,39201010,聚乙烯塑膠板、片及扁條,菲律賓,出口總值(含復出口),122,60379
2016-8,39201010,聚乙烯塑膠板、片及扁條,越南,出口總值(含復出口),60,19811
2016-8,39201010,聚乙烯塑膠板、片及扁條,愛沙尼亞,出口總值(含復出口),0,10
2016-8,39201010,聚乙烯塑膠板、片及扁條,新加坡,出口總值(含復出口),6,2926
2016-8,39201010,聚乙烯塑膠板、片及扁條,緬甸,出口總值(含復出口),1,519
2016-8,39202021,電容器用金屬化聚丙烯薄膜，留有未鍍邊，總寬度不超過１００公厘，總厚度在０．０１５公厘以上，０．０２５公厘以下者,中國大陸,進口總值(含復進口),87,3563
2016-8,39202021,電容器用金屬化聚丙烯薄膜，留有未鍍邊，總寬度不超過１００公厘，總厚度在０．０１５公厘以上，０．０２５公厘以下者,中國大陸,出口總值(含復出口),46,25450
2016-8,39202021,電容器用金屬化聚丙烯薄膜，留有未鍍邊，總寬度不超過１００公厘，總厚度在０．０１５公厘以上，０．０２５公厘以下者,新加坡,出口總值(含復出口),3,7
2016-8,39205110,聚甲基丙烯酸甲酯板、片及扁條,中國大陸,進口總值(含復進口),689,66432
2016-8,39205110,聚甲基丙烯酸甲酯板、片及扁條,日本,進口總值(含復進口),1193,258748
2016-8,39205110,聚甲基丙烯酸甲酯板、片及扁條,南韓,進口總值(含復進口),1051,404065
2016-8,39205110,聚甲基丙烯酸甲酯板、片及扁條,美國,進口總值(含復進口),204,35639
2016-8,39205110,聚甲基丙烯酸甲酯板、片及扁條,奧地利,進口總值(含復進口),13,77
2016-8,39205110,聚甲基丙烯酸甲酯板、片及扁條,德國,進口總值(含復進口),4,268
2016-8,39205110,聚甲基丙烯酸甲酯板、片及扁條,土耳其,出口總值(含復出口),53,19673
2016-8,39205110,聚甲基丙烯酸甲酯板、片及扁條,中國大陸,出口總值(含復出口),12962,4225822
2016-8,39205110,聚甲基丙烯酸甲酯板、片及扁條,巴西,出口總值(含復出口),182,64098
2016-8,39205110,聚甲基丙烯酸甲酯板、片及扁條,日本,出口總值(含復出口),390,107451
2016-8,39205110,聚甲基丙烯酸甲酯板、片及扁條,加拿大,出口總值(含復出口),68,22545
2016-8,39205110,聚甲基丙烯酸甲酯板、片及扁條,伊朗,出口總值(含復出口),667,264597
2016-8,39205110,聚甲基丙烯酸甲酯板、片及扁條,印尼,出口總值(含復出口),2,508
2016-8,39205110,聚甲基丙烯酸甲酯板、片及扁條,印度,出口總值(含復出口),194,129775
2016-8,39205110,聚甲基丙烯酸甲酯板、片及扁條,宏都拉斯,出口總值(含復出口),24,7110
2016-8,39205110,聚甲基丙烯酸甲酯板、片及扁條,沙烏地阿拉伯,出口總值(含復出口),164,67903
2016-8,39205110,聚甲基丙烯酸甲酯板、片及扁條,其他國家,出口總值(含復出口),0,5
2016-8,39205110,聚甲基丙烯酸甲酯板、片及扁條,阿拉伯聯合大公國,出口總值(含復出口),516,207514
2016-8,39205110,聚甲基丙烯酸甲酯板、片及扁條,阿曼,出口總值(含復出口),42,16337
2016-8,39205110,聚甲基丙烯酸甲酯板、片及扁條,南非,出口總值(含復出口),165,47728
2016-8,39205110,聚甲基丙烯酸甲酯板、片及扁條,南韓,出口總值(含復出口),2919,919908
2016-8,39205110,聚甲基丙烯酸甲酯板、片及扁條,柬埔寨,出口總值(含復出口),2,82
2016-8,39205110,聚甲基丙烯酸甲酯板、片及扁條,科威特,出口總值(含復出口),43,17597
2016-8,39205110,聚甲基丙烯酸甲酯板、片及扁條,美國,出口總值(含復出口),2043,743717
2016-8,39205110,聚甲基丙烯酸甲酯板、片及扁條,香港,出口總值(含復出口),417,154465
2016-8,39205110,聚甲基丙烯酸甲酯板、片及扁條,哥斯大黎加,出口總值(含復出口),47,17151
2016-8,39205110,聚甲基丙烯酸甲酯板、片及扁條,泰國,出口總值(含復出口),53,21367
2016-8,39205110,聚甲基丙烯酸甲酯板、片及扁條,馬來西亞,出口總值(含復出口),11,3468
2016-8,39205110,聚甲基丙烯酸甲酯板、片及扁條,敘利亞,出口總值(含復出口),85,31439
2016-8,39205110,聚甲基丙烯酸甲酯板、片及扁條,斐濟,出口總值(含復出口),32,9237
2016-8,39205110,聚甲基丙烯酸甲酯板、片及扁條,斯洛維尼亞,出口總值(含復出口),546,170716
2016-8,39205110,聚甲基丙烯酸甲酯板、片及扁條,新加坡,出口總值(含復出口),355,138352
2016-8,39205110,聚甲基丙烯酸甲酯板、片及扁條,黎巴嫩,出口總值(含復出口),151,66323
2016-8,39205110,聚甲基丙烯酸甲酯板、片及扁條,墨西哥,出口總值(含復出口),43,16646
2016-8,39205110,聚甲基丙烯酸甲酯板、片及扁條,澳大利亞,出口總值(含復出口),72,27494
2016-8,39206210,聚對苯二甲酸乙二酯製板、片及扁條,中國大陸,進口總值(含復進口),242,163548
2016-8,39206210,聚對苯二甲酸乙二酯製板、片及扁條,中華民國,進口總值(含復進口),90,15626
2016-8,39206210,聚對苯二甲酸乙二酯製板、片及扁條,日本,進口總值(含復進口),344,50801
2016-8,39206210,聚對苯二甲酸乙二酯製板、片及扁條,南韓,進口總值(含復進口),1042,237272
2016-8,39206210,聚對苯二甲酸乙二酯製板、片及扁條,美國,進口總值(含復進口),33,346
2016-8,39206210,聚對苯二甲酸乙二酯製板、片及扁條,泰國,進口總值(含復進口),43,30847
2016-8,39206210,聚對苯二甲酸乙二酯製板、片及扁條,新加坡,進口總值(含復進口),85,945
2016-8,39206210,聚對苯二甲酸乙二酯製板、片及扁條,中國大陸,出口總值(含復出口),11681,1739147
2016-8,39206210,聚對苯二甲酸乙二酯製板、片及扁條,巴西,出口總值(含復出口),21,5134
2016-8,39206210,聚對苯二甲酸乙二酯製板、片及扁條,巴基斯坦,出口總值(含復出口),3,2000
2016-8,39206210,聚對苯二甲酸乙二酯製板、片及扁條,日本,出口總值(含復出口),1561,986158
2016-8,39206210,聚對苯二甲酸乙二酯製板、片及扁條,加拿大,出口總值(含復出口),171,146886
2016-8,39206210,聚對苯二甲酸乙二酯製板、片及扁條,印度,出口總值(含復出口),223,192762
2016-8,39206210,聚對苯二甲酸乙二酯製板、片及扁條,沙烏地阿拉伯,出口總值(含復出口),10,10745
2016-8,39206210,聚對苯二甲酸乙二酯製板、片及扁條,法屬玻里尼西亞,出口總值(含復出口),8,5120
2016-8,39206210,聚對苯二甲酸乙二酯製板、片及扁條,阿拉伯聯合大公國,出口總值(含復出口),73,44575
2016-8,39206210,聚對苯二甲酸乙二酯製板、片及扁條,南韓,出口總值(含復出口),64,9961
2016-8,39206210,聚對苯二甲酸乙二酯製板、片及扁條,美國,出口總值(含復出口),972,733858
2016-8,39206210,聚對苯二甲酸乙二酯製板、片及扁條,英國,出口總值(含復出口),1,752
2016-8,39206210,聚對苯二甲酸乙二酯製板、片及扁條,香港,出口總值(含復出口),1321,164349
2016-8,39206210,聚對苯二甲酸乙二酯製板、片及扁條,泰國,出口總值(含復出口),50,29500
2016-8,39206210,聚對苯二甲酸乙二酯製板、片及扁條,紐西蘭,出口總值(含復出口),440,354103
2016-8,39206210,聚對苯二甲酸乙二酯製板、片及扁條,馬來西亞,出口總值(含復出口),304,147900
2016-8,39206210,聚對苯二甲酸乙二酯製板、片及扁條,菲律賓,出口總值(含復出口),277,221684
2016-8,39206210,聚對苯二甲酸乙二酯製板、片及扁條,越南,出口總值(含復出口),263,177358
2016-8,39206210,聚對苯二甲酸乙二酯製板、片及扁條,新加坡,出口總值(含復出口),138,93821
2016-8,39206210,聚對苯二甲酸乙二酯製板、片及扁條,墨西哥,出口總值(含復出口),66,55872
2016-8,39206210,聚對苯二甲酸乙二酯製板、片及扁條,澳大利亞,出口總值(含復出口),635,427434
2016-8,39209991,其他塑膠板、片及扁條，非多孔性及未經以其他物質加強、積層、支持或與其他物質類似結合者,中國大陸,進口總值(含復進口),222,52824
2016-8,39209991,其他塑膠板、片及扁條，非多孔性及未經以其他物質加強、積層、支持或與其他物質類似結合者,日本,進口總值(含復進口),71,3831
2016-8,39209991,其他塑膠板、片及扁條，非多孔性及未經以其他物質加強、積層、支持或與其他物質類似結合者,西班牙,進口總值(含復進口),49,77550
2016-8,39209991,其他塑膠板、片及扁條，非多孔性及未經以其他物質加強、積層、支持或與其他物質類似結合者,南韓,進口總值(含復進口),111,10212
2016-8,39209991,其他塑膠板、片及扁條，非多孔性及未經以其他物質加強、積層、支持或與其他物質類似結合者,美國,進口總值(含復進口),288,2130
2016-8,39209991,其他塑膠板、片及扁條，非多孔性及未經以其他物質加強、積層、支持或與其他物質類似結合者,馬來西亞,進口總值(含復進口),228,79880
2016-8,39209991,其他塑膠板、片及扁條，非多孔性及未經以其他物質加強、積層、支持或與其他物質類似結合者,菲律賓,進口總值(含復進口),3,700
2016-8,39209991,其他塑膠板、片及扁條，非多孔性及未經以其他物質加強、積層、支持或與其他物質類似結合者,新加坡,進口總值(含復進口),11,351
2016-8,39209991,其他塑膠板、片及扁條，非多孔性及未經以其他物質加強、積層、支持或與其他物質類似結合者,瑞典,進口總值(含復進口),3,435
2016-8,39209991,其他塑膠板、片及扁條，非多孔性及未經以其他物質加強、積層、支持或與其他物質類似結合者,德國,進口總值(含復進口),33,683
2016-8,39209991,其他塑膠板、片及扁條，非多孔性及未經以其他物質加強、積層、支持或與其他物質類似結合者,中國大陸,出口總值(含復出口),2337,312402
2016-8,39209991,其他塑膠板、片及扁條，非多孔性及未經以其他物質加強、積層、支持或與其他物質類似結合者,丹麥,出口總值(含復出口),0,8
2016-8,39209991,其他塑膠板、片及扁條，非多孔性及未經以其他物質加強、積層、支持或與其他物質類似結合者,日本,出口總值(含復出口),75,1281
2016-8,39209991,其他塑膠板、片及扁條，非多孔性及未經以其他物質加強、積層、支持或與其他物質類似結合者,比利時,出口總值(含復出口),8,118
2016-8,39209991,其他塑膠板、片及扁條，非多孔性及未經以其他物質加強、積層、支持或與其他物質類似結合者,加拿大,出口總值(含復出口),49,5323
2016-8,39209991,其他塑膠板、片及扁條，非多孔性及未經以其他物質加強、積層、支持或與其他物質類似結合者,孟加拉,出口總值(含復出口),24,14002
2016-8,39209991,其他塑膠板、片及扁條，非多孔性及未經以其他物質加強、積層、支持或與其他物質類似結合者,波蘭,出口總值(含復出口),9,1625
2016-8,39209991,其他塑膠板、片及扁條，非多孔性及未經以其他物質加強、積層、支持或與其他物質類似結合者,科威特,出口總值(含復出口),15,1993
2016-8,39209991,其他塑膠板、片及扁條，非多孔性及未經以其他物質加強、積層、支持或與其他物質類似結合者,美國,出口總值(含復出口),44,1775
2016-8,39209991,其他塑膠板、片及扁條，非多孔性及未經以其他物質加強、積層、支持或與其他物質類似結合者,英國,出口總值(含復出口),4,100
2016-8,39209991,其他塑膠板、片及扁條，非多孔性及未經以其他物質加強、積層、支持或與其他物質類似結合者,埃及,出口總值(含復出口),1,216
2016-8,39209991,其他塑膠板、片及扁條，非多孔性及未經以其他物質加強、積層、支持或與其他物質類似結合者,泰國,出口總值(含復出口),9,1301
2016-8,39209991,其他塑膠板、片及扁條，非多孔性及未經以其他物質加強、積層、支持或與其他物質類似結合者,秘魯,出口總值(含復出口),7,180
2016-8,39209991,其他塑膠板、片及扁條，非多孔性及未經以其他物質加強、積層、支持或與其他物質類似結合者,馬來西亞,出口總值(含復出口),29,8685
2016-8,39209991,其他塑膠板、片及扁條，非多孔性及未經以其他物質加強、積層、支持或與其他物質類似結合者,荷蘭,出口總值(含復出口),1,9
2016-8,39209991,其他塑膠板、片及扁條，非多孔性及未經以其他物質加強、積層、支持或與其他物質類似結合者,菲律賓,出口總值(含復出口),1,73
2016-8,39209991,其他塑膠板、片及扁條，非多孔性及未經以其他物質加強、積層、支持或與其他物質類似結合者,越南,出口總值(含復出口),4,53
2016-8,39209991,其他塑膠板、片及扁條，非多孔性及未經以其他物質加強、積層、支持或與其他物質類似結合者,新加坡,出口總值(含復出口),4,122
2016-8,39209991,其他塑膠板、片及扁條，非多孔性及未經以其他物質加強、積層、支持或與其他物質類似結合者,德國,出口總值(含復出口),136,23935
2016-9,39199020,供製造半導體晶圓用之自黏性圓形研磨墊，屬塑膠製品者,日本,進口總值(含復進口),22,76
2016-9,39199020,供製造半導體晶圓用之自黏性圓形研磨墊，屬塑膠製品者,美國,進口總值(含復進口),1294,5864
2016-9,39199020,供製造半導體晶圓用之自黏性圓形研磨墊，屬塑膠製品者,中國大陸,出口總值(含復出口),15,30
2016-9,39199020,供製造半導體晶圓用之自黏性圓形研磨墊，屬塑膠製品者,南韓,出口總值(含復出口),7,9
2016-9,39199020,供製造半導體晶圓用之自黏性圓形研磨墊，屬塑膠製品者,新加坡,出口總值(含復出口),63,150
2016-9,39199020,供製造半導體晶圓用之自黏性圓形研磨墊，屬塑膠製品者,義大利,出口總值(含復出口),0,6
2016-9,39201010,聚乙烯塑膠板、片及扁條,中國大陸,進口總值(含復進口),211,111565
2016-9,39201010,聚乙烯塑膠板、片及扁條,日本,進口總值(含復進口),320,41146
2016-9,39201010,聚乙烯塑膠板、片及扁條,加拿大,進口總值(含復進口),3,635
2016-9,39201010,聚乙烯塑膠板、片及扁條,南韓,進口總值(含復進口),11,1026
2016-9,39201010,聚乙烯塑膠板、片及扁條,美國,進口總值(含復進口),28,6299
2016-9,39201010,聚乙烯塑膠板、片及扁條,泰國,進口總值(含復進口),45,9408
2016-9,39201010,聚乙烯塑膠板、片及扁條,捷克,進口總值(含復進口),2,269
2016-9,39201010,聚乙烯塑膠板、片及扁條,奧地利,進口總值(含復進口),10,1297
2016-9,39201010,聚乙烯塑膠板、片及扁條,義大利,進口總值(含復進口),0,1
2016-9,39201010,聚乙烯塑膠板、片及扁條,德國,進口總值(含復進口),3,258
2016-9,39201010,聚乙烯塑膠板、片及扁條,中國大陸,出口總值(含復出口),246,52502
2016-9,39201010,聚乙烯塑膠板、片及扁條,巴林,出口總值(含復出口),2,161
2016-9,39201010,聚乙烯塑膠板、片及扁條,日本,出口總值(含復出口),297,79712
2016-9,39201010,聚乙烯塑膠板、片及扁條,印尼,出口總值(含復出口),48,98453
2016-9,39201010,聚乙烯塑膠板、片及扁條,印度,出口總值(含復出口),43,15061
2016-9,39201010,聚乙烯塑膠板、片及扁條,孟加拉,出口總值(含復出口),1,1421
2016-9,39201010,聚乙烯塑膠板、片及扁條,波蘭,出口總值(含復出口),18,1247
2016-9,39201010,聚乙烯塑膠板、片及扁條,阿拉伯聯合大公國,出口總值(含復出口),4,1774
2016-9,39201010,聚乙烯塑膠板、片及扁條,俄羅斯,出口總值(含復出口),5,368
2016-9,39201010,聚乙烯塑膠板、片及扁條,南韓,出口總值(含復出口),56,7086
2016-9,39201010,聚乙烯塑膠板、片及扁條,柬埔寨,出口總值(含復出口),42,15201
2016-9,39201010,聚乙烯塑膠板、片及扁條,美國,出口總值(含復出口),247,38692
2016-9,39201010,聚乙烯塑膠板、片及扁條,香港,出口總值(含復出口),112,51488
2016-9,39201010,聚乙烯塑膠板、片及扁條,泰國,出口總值(含復出口),144,69849
2016-9,39201010,聚乙烯塑膠板、片及扁條,馬來西亞,出口總值(含復出口),96,25972
2016-9,39201010,聚乙烯塑膠板、片及扁條,菲律賓,出口總值(含復出口),64,32366
2016-9,39201010,聚乙烯塑膠板、片及扁條,越南,出口總值(含復出口),48,18849
2016-9,39201010,聚乙烯塑膠板、片及扁條,愛沙尼亞,出口總值(含復出口),0,9
2016-9,39201010,聚乙烯塑膠板、片及扁條,新加坡,出口總值(含復出口),31,16220
2016-9,39201010,聚乙烯塑膠板、片及扁條,澳大利亞,出口總值(含復出口),4,3000
2016-9,39202021,電容器用金屬化聚丙烯薄膜，留有未鍍邊，總寬度不超過１００公厘，總厚度在０．０１５公厘以上，０．０２５公厘以下者,中國大陸,進口總值(含復進口),93,3104
2016-9,39202021,電容器用金屬化聚丙烯薄膜，留有未鍍邊，總寬度不超過１００公厘，總厚度在０．０１５公厘以上，０．０２５公厘以下者,南韓,進口總值(含復進口),3,190
2016-9,39202021,電容器用金屬化聚丙烯薄膜，留有未鍍邊，總寬度不超過１００公厘，總厚度在０．０１５公厘以上，０．０２５公厘以下者,新加坡,出口總值(含復出口),0,0
2016-9,39205110,聚甲基丙烯酸甲酯板、片及扁條,中國大陸,進口總值(含復進口),524,22223
2016-9,39205110,聚甲基丙烯酸甲酯板、片及扁條,日本,進口總值(含復進口),187,26816
2016-9,39205110,聚甲基丙烯酸甲酯板、片及扁條,南韓,進口總值(含復進口),890,387452
2016-9,39205110,聚甲基丙烯酸甲酯板、片及扁條,美國,進口總值(含復進口),248,38100
2016-9,39205110,聚甲基丙烯酸甲酯板、片及扁條,越南,進口總值(含復進口),39,16436
2016-9,39205110,聚甲基丙烯酸甲酯板、片及扁條,德國,進口總值(含復進口),1,67
2016-9,39205110,聚甲基丙烯酸甲酯板、片及扁條,土耳其,出口總值(含復出口),5,1960
2016-9,39205110,聚甲基丙烯酸甲酯板、片及扁條,中國大陸,出口總值(含復出口),9178,3028396
2016-9,39205110,聚甲基丙烯酸甲酯板、片及扁條,巴西,出口總值(含復出口),144,40820
2016-9,39205110,聚甲基丙烯酸甲酯板、片及扁條,巴林,出口總值(含復出口),63,23380
2016-9,39205110,聚甲基丙烯酸甲酯板、片及扁條,日本,出口總值(含復出口),306,90360
2016-9,39205110,聚甲基丙烯酸甲酯板、片及扁條,以色列,出口總值(含復出口),21,6868
2016-9,39205110,聚甲基丙烯酸甲酯板、片及扁條,加拿大,出口總值(含復出口),12,4170
2016-9,39205110,聚甲基丙烯酸甲酯板、片及扁條,卡達,出口總值(含復出口),41,16897
2016-9,39205110,聚甲基丙烯酸甲酯板、片及扁條,伊朗,出口總值(含復出口),716,287647
2016-9,39205110,聚甲基丙烯酸甲酯板、片及扁條,印尼,出口總值(含復出口),2,508
2016-9,39205110,聚甲基丙烯酸甲酯板、片及扁條,印度,出口總值(含復出口),83,49146
2016-9,39205110,聚甲基丙烯酸甲酯板、片及扁條,沙烏地阿拉伯,出口總值(含復出口),166,62310
2016-9,39205110,聚甲基丙烯酸甲酯板、片及扁條,阿拉伯聯合大公國,出口總值(含復出口),287,110530
2016-9,39205110,聚甲基丙烯酸甲酯板、片及扁條,阿曼,出口總值(含復出口),84,32714
2016-9,39205110,聚甲基丙烯酸甲酯板、片及扁條,南非,出口總值(含復出口),83,24012
2016-9,39205110,聚甲基丙烯酸甲酯板、片及扁條,南韓,出口總值(含復出口),2285,730079
2016-9,39205110,聚甲基丙烯酸甲酯板、片及扁條,科威特,出口總值(含復出口),58,21573
2016-9,39205110,聚甲基丙烯酸甲酯板、片及扁條,約旦,出口總值(含復出口),32,13522
2016-9,39205110,聚甲基丙烯酸甲酯板、片及扁條,美國,出口總值(含復出口),1440,530820
2016-9,39205110,聚甲基丙烯酸甲酯板、片及扁條,香港,出口總值(含復出口),382,147490
2016-9,39205110,聚甲基丙烯酸甲酯板、片及扁條,哥斯大黎加,出口總值(含復出口),23,8104
2016-9,39205110,聚甲基丙烯酸甲酯板、片及扁條,泰國,出口總值(含復出口),49,20138
2016-9,39205110,聚甲基丙烯酸甲酯板、片及扁條,秘魯,出口總值(含復出口),1,502
2016-9,39205110,聚甲基丙烯酸甲酯板、片及扁條,紐西蘭,出口總值(含復出口),2,283
2016-9,39205110,聚甲基丙烯酸甲酯板、片及扁條,馬來西亞,出口總值(含復出口),24,7115
2016-9,39205110,聚甲基丙烯酸甲酯板、片及扁條,斯洛維尼亞,出口總值(含復出口),555,174356
2016-9,39205110,聚甲基丙烯酸甲酯板、片及扁條,智利,出口總值(含復出口),6,1995
2016-9,39205110,聚甲基丙烯酸甲酯板、片及扁條,菲律賓,出口總值(含復出口),38,17249
2016-9,39205110,聚甲基丙烯酸甲酯板、片及扁條,新加坡,出口總值(含復出口),59,23933
2016-9,39205110,聚甲基丙烯酸甲酯板、片及扁條,德國,出口總值(含復出口),205,63888
2016-9,39205110,聚甲基丙烯酸甲酯板、片及扁條,黎巴嫩,出口總值(含復出口),35,13878
2016-9,39205110,聚甲基丙烯酸甲酯板、片及扁條,墨西哥,出口總值(含復出口),88,33250
2016-9,39205110,聚甲基丙烯酸甲酯板、片及扁條,澳大利亞,出口總值(含復出口),185,71432
2016-9,39205110,聚甲基丙烯酸甲酯板、片及扁條,賽普勒斯,出口總值(含復出口),21,6492
2016-9,39205110,聚甲基丙烯酸甲酯板、片及扁條,薩爾瓦多,出口總值(含復出口),36,11133
2016-9,39206210,聚對苯二甲酸乙二酯製板、片及扁條,中國大陸,進口總值(含復進口),170,108601
2016-9,39206210,聚對苯二甲酸乙二酯製板、片及扁條,中華民國,進口總值(含復進口),47,9444
2016-9,39206210,聚對苯二甲酸乙二酯製板、片及扁條,日本,進口總值(含復進口),319,67496
2016-9,39206210,聚對苯二甲酸乙二酯製板、片及扁條,南韓,進口總值(含復進口),1025,230453
2016-9,39206210,聚對苯二甲酸乙二酯製板、片及扁條,美國,進口總值(含復進口),16,3117
2016-9,39206210,聚對苯二甲酸乙二酯製板、片及扁條,泰國,進口總值(含復進口),26,19254
2016-9,39206210,聚對苯二甲酸乙二酯製板、片及扁條,新加坡,進口總值(含復進口),78,945
2016-9,39206210,聚對苯二甲酸乙二酯製板、片及扁條,義大利,進口總值(含復進口),24,10596
2016-9,39206210,聚對苯二甲酸乙二酯製板、片及扁條,中國大陸,出口總值(含復出口),10669,1573008
2016-9,39206210,聚對苯二甲酸乙二酯製板、片及扁條,巴基斯坦,出口總值(含復出口),39,24855
2016-9,39206210,聚對苯二甲酸乙二酯製板、片及扁條,日本,出口總值(含復出口),866,535629
2016-9,39206210,聚對苯二甲酸乙二酯製板、片及扁條,加拿大,出口總值(含復出口),25,21719
2016-9,39206210,聚對苯二甲酸乙二酯製板、片及扁條,印度,出口總值(含復出口),410,318482
2016-9,39206210,聚對苯二甲酸乙二酯製板、片及扁條,多明尼加,出口總值(含復出口),25,17800
2016-9,39206210,聚對苯二甲酸乙二酯製板、片及扁條,宏都拉斯,出口總值(含復出口),19,14224
2016-9,39206210,聚對苯二甲酸乙二酯製板、片及扁條,阿拉伯聯合大公國,出口總值(含復出口),104,80715
2016-9,39206210,聚對苯二甲酸乙二酯製板、片及扁條,南韓,出口總值(含復出口),34,5313
2016-9,39206210,聚對苯二甲酸乙二酯製板、片及扁條,美國,出口總值(含復出口),835,600533
2016-9,39206210,聚對苯二甲酸乙二酯製板、片及扁條,香港,出口總值(含復出口),1002,164526
2016-9,39206210,聚對苯二甲酸乙二酯製板、片及扁條,泰國,出口總值(含復出口),69,44000
2016-9,39206210,聚對苯二甲酸乙二酯製板、片及扁條,紐西蘭,出口總值(含復出口),477,382860
2016-9,39206210,聚對苯二甲酸乙二酯製板、片及扁條,馬來西亞,出口總值(含復出口),370,177430
2016-9,39206210,聚對苯二甲酸乙二酯製板、片及扁條,荷蘭,出口總值(含復出口),78,5363
2016-9,39206210,聚對苯二甲酸乙二酯製板、片及扁條,菲律賓,出口總值(含復出口),216,170016
2016-9,39206210,聚對苯二甲酸乙二酯製板、片及扁條,越南,出口總值(含復出口),213,152213
2016-9,39206210,聚對苯二甲酸乙二酯製板、片及扁條,新加坡,出口總值(含復出口),201,115848
2016-9,39206210,聚對苯二甲酸乙二酯製板、片及扁條,墨西哥,出口總值(含復出口),49,18520
2016-9,39206210,聚對苯二甲酸乙二酯製板、片及扁條,澳大利亞,出口總值(含復出口),593,405226
2016-9,39209991,其他塑膠板、片及扁條，非多孔性及未經以其他物質加強、積層、支持或與其他物質類似結合者,中國大陸,進口總值(含復進口),226,42397
2016-9,39209991,其他塑膠板、片及扁條，非多孔性及未經以其他物質加強、積層、支持或與其他物質類似結合者,日本,進口總值(含復進口),72,1832
2016-9,39209991,其他塑膠板、片及扁條，非多孔性及未經以其他物質加強、積層、支持或與其他物質類似結合者,南韓,進口總值(含復進口),230,54787
2016-9,39209991,其他塑膠板、片及扁條，非多孔性及未經以其他物質加強、積層、支持或與其他物質類似結合者,美國,進口總值(含復進口),186,1123
2016-9,39209991,其他塑膠板、片及扁條，非多孔性及未經以其他物質加強、積層、支持或與其他物質類似結合者,馬來西亞,進口總值(含復進口),67,21715
2016-9,39209991,其他塑膠板、片及扁條，非多孔性及未經以其他物質加強、積層、支持或與其他物質類似結合者,奧地利,進口總值(含復進口),6,815
2016-9,39209991,其他塑膠板、片及扁條，非多孔性及未經以其他物質加強、積層、支持或與其他物質類似結合者,義大利,進口總值(含復進口),61,45028
2016-9,39209991,其他塑膠板、片及扁條，非多孔性及未經以其他物質加強、積層、支持或與其他物質類似結合者,德國,進口總值(含復進口),18,669
2016-9,39209991,其他塑膠板、片及扁條，非多孔性及未經以其他物質加強、積層、支持或與其他物質類似結合者,土耳其,出口總值(含復出口),3,128
2016-9,39209991,其他塑膠板、片及扁條，非多孔性及未經以其他物質加強、積層、支持或與其他物質類似結合者,中國大陸,出口總值(含復出口),1861,233211
2016-9,39209991,其他塑膠板、片及扁條，非多孔性及未經以其他物質加強、積層、支持或與其他物質類似結合者,日本,出口總值(含復出口),60,1074
2016-9,39209991,其他塑膠板、片及扁條，非多孔性及未經以其他物質加強、積層、支持或與其他物質類似結合者,多哥,出口總值(含復出口),1,2280
2016-9,39209991,其他塑膠板、片及扁條，非多孔性及未經以其他物質加強、積層、支持或與其他物質類似結合者,南韓,出口總值(含復出口),2,17
2016-9,39209991,其他塑膠板、片及扁條，非多孔性及未經以其他物質加強、積層、支持或與其他物質類似結合者,科威特,出口總值(含復出口),259,75803
2016-9,39209991,其他塑膠板、片及扁條，非多孔性及未經以其他物質加強、積層、支持或與其他物質類似結合者,美國,出口總值(含復出口),6,302
2016-9,39209991,其他塑膠板、片及扁條，非多孔性及未經以其他物質加強、積層、支持或與其他物質類似結合者,香港,出口總值(含復出口),4,17
2016-9,39209991,其他塑膠板、片及扁條，非多孔性及未經以其他物質加強、積層、支持或與其他物質類似結合者,剛果民主共和國,出口總值(含復出口),5,132
2016-9,39209991,其他塑膠板、片及扁條，非多孔性及未經以其他物質加強、積層、支持或與其他物質類似結合者,泰國,出口總值(含復出口),2,941
2016-9,39209991,其他塑膠板、片及扁條，非多孔性及未經以其他物質加強、積層、支持或與其他物質類似結合者,馬來西亞,出口總值(含復出口),15,7381
2016-9,39209991,其他塑膠板、片及扁條，非多孔性及未經以其他物質加強、積層、支持或與其他物質類似結合者,菲律賓,出口總值(含復出口),73,20856
2016-9,39209991,其他塑膠板、片及扁條，非多孔性及未經以其他物質加強、積層、支持或與其他物質類似結合者,越南,出口總值(含復出口),3,15
2016-9,39209991,其他塑膠板、片及扁條，非多孔性及未經以其他物質加強、積層、支持或與其他物質類似結合者,新加坡,出口總值(含復出口),4,330
2016-9,39209991,其他塑膠板、片及扁條，非多孔性及未經以其他物質加強、積層、支持或與其他物質類似結合者,瑞典,出口總值(含復出口),2,1
2016-9,39209991,其他塑膠板、片及扁條，非多孔性及未經以其他物質加強、積層、支持或與其他物質類似結合者,德國,出口總值(含復出口),54,9594
2016-10,39199020,供製造半導體晶圓用之自黏性圓形研磨墊，屬塑膠製品者,中華民國,進口總值(含復進口),0,0
2016-10,39199020,供製造半導體晶圓用之自黏性圓形研磨墊，屬塑膠製品者,日本,進口總值(含復進口),87,367
2016-10,39199020,供製造半導體晶圓用之自黏性圓形研磨墊，屬塑膠製品者,美國,進口總值(含復進口),1287,5781
2016-10,39199020,供製造半導體晶圓用之自黏性圓形研磨墊，屬塑膠製品者,中國大陸,出口總值(含復出口),42,73
2016-10,39199020,供製造半導體晶圓用之自黏性圓形研磨墊，屬塑膠製品者,斐濟,出口總值(含復出口),1,90
2016-10,39199020,供製造半導體晶圓用之自黏性圓形研磨墊，屬塑膠製品者,新加坡,出口總值(含復出口),97,209
2016-10,39201010,聚乙烯塑膠板、片及扁條,中國大陸,進口總值(含復進口),914,364074
2016-10,39201010,聚乙烯塑膠板、片及扁條,日本,進口總值(含復進口),369,65476
2016-10,39201010,聚乙烯塑膠板、片及扁條,南韓,進口總值(含復進口),10,2381
2016-10,39201010,聚乙烯塑膠板、片及扁條,美國,進口總值(含復進口),48,2447
2016-10,39201010,聚乙烯塑膠板、片及扁條,泰國,進口總值(含復進口),23,4704
2016-10,39201010,聚乙烯塑膠板、片及扁條,馬來西亞,進口總值(含復進口),6,1610
2016-10,39201010,聚乙烯塑膠板、片及扁條,新加坡,進口總值(含復進口),0,24
2016-10,39201010,聚乙烯塑膠板、片及扁條,中國大陸,出口總值(含復出口),441,106031
2016-10,39201010,聚乙烯塑膠板、片及扁條,日本,出口總值(含復出口),300,79355
2016-10,39201010,聚乙烯塑膠板、片及扁條,加拿大,出口總值(含復出口),22,3046
2016-10,39201010,聚乙烯塑膠板、片及扁條,印尼,出口總值(含復出口),66,173282
2016-10,39201010,聚乙烯塑膠板、片及扁條,法國,出口總值(含復出口),0,88
2016-10,39201010,聚乙烯塑膠板、片及扁條,俄羅斯,出口總值(含復出口),3,223
2016-10,39201010,聚乙烯塑膠板、片及扁條,南韓,出口總值(含復出口),31,2656
2016-10,39201010,聚乙烯塑膠板、片及扁條,柬埔寨,出口總值(含復出口),31,4755
2016-10,39201010,聚乙烯塑膠板、片及扁條,科威特,出口總值(含復出口),0,0
2016-10,39201010,聚乙烯塑膠板、片及扁條,美國,出口總值(含復出口),297,35485
2016-10,39201010,聚乙烯塑膠板、片及扁條,香港,出口總值(含復出口),80,36950
2016-10,39201010,聚乙烯塑膠板、片及扁條,埃及,出口總值(含復出口),15,4824
2016-10,39201010,聚乙烯塑膠板、片及扁條,泰國,出口總值(含復出口),287,113071
2016-10,39201010,聚乙烯塑膠板、片及扁條,馬來西亞,出口總值(含復出口),63,19513
2016-10,39201010,聚乙烯塑膠板、片及扁條,馬紹爾群島,出口總值(含復出口),0,72
2016-10,39201010,聚乙烯塑膠板、片及扁條,莫三比克,出口總值(含復出口),2,210
2016-10,39201010,聚乙烯塑膠板、片及扁條,智利,出口總值(含復出口),3,3000
2016-10,39201010,聚乙烯塑膠板、片及扁條,菲律賓,出口總值(含復出口),86,47820
2016-10,39201010,聚乙烯塑膠板、片及扁條,越南,出口總值(含復出口),62,20062
2016-10,39201010,聚乙烯塑膠板、片及扁條,德國,出口總值(含復出口),29,10016
2016-10,39201010,聚乙烯塑膠板、片及扁條,澳大利亞,出口總值(含復出口),15,8400
2016-10,39202021,電容器用金屬化聚丙烯薄膜，留有未鍍邊，總寬度不超過１００公厘，總厚度在０．０１５公厘以上，０．０２５公厘以下者,中國大陸,進口總值(含復進口),61,2269
2016-10,39202021,電容器用金屬化聚丙烯薄膜，留有未鍍邊，總寬度不超過１００公厘，總厚度在０．０１５公厘以上，０．０２５公厘以下者,南韓,進口總值(含復進口),1,81
2016-10,39202021,電容器用金屬化聚丙烯薄膜，留有未鍍邊，總寬度不超過１００公厘，總厚度在０．０１５公厘以上，０．０２５公厘以下者,中國大陸,出口總值(含復出口),126,72107
2016-10,39202021,電容器用金屬化聚丙烯薄膜，留有未鍍邊，總寬度不超過１００公厘，總厚度在０．０１５公厘以上，０．０２５公厘以下者,香港,出口總值(含復出口),4,2160
2016-10,39202021,電容器用金屬化聚丙烯薄膜，留有未鍍邊，總寬度不超過１００公厘，總厚度在０．０１５公厘以上，０．０２５公厘以下者,越南,出口總值(含復出口),9,4000
2016-10,39205110,聚甲基丙烯酸甲酯板、片及扁條,中國大陸,進口總值(含復進口),707,59874
2016-10,39205110,聚甲基丙烯酸甲酯板、片及扁條,日本,進口總值(含復進口),393,77949
2016-10,39205110,聚甲基丙烯酸甲酯板、片及扁條,法國,進口總值(含復進口),5,300
2016-10,39205110,聚甲基丙烯酸甲酯板、片及扁條,南韓,進口總值(含復進口),1413,618519
2016-10,39205110,聚甲基丙烯酸甲酯板、片及扁條,美國,進口總值(含復進口),556,105692
2016-10,39205110,聚甲基丙烯酸甲酯板、片及扁條,越南,進口總值(含復進口),28,10605
2016-10,39205110,聚甲基丙烯酸甲酯板、片及扁條,德國,進口總值(含復進口),93,7164
2016-10,39205110,聚甲基丙烯酸甲酯板、片及扁條,中國大陸,出口總值(含復出口),11925,3799622
2016-10,39205110,聚甲基丙烯酸甲酯板、片及扁條,巴西,出口總值(含復出口),28,11469
2016-10,39205110,聚甲基丙烯酸甲酯板、片及扁條,日本,出口總值(含復出口),399,110815
2016-10,39205110,聚甲基丙烯酸甲酯板、片及扁條,加拿大,出口總值(含復出口),80,28152
2016-10,39205110,聚甲基丙烯酸甲酯板、片及扁條,卡達,出口總值(含復出口),40,15255
2016-10,39205110,聚甲基丙烯酸甲酯板、片及扁條,瓜地馬拉,出口總值(含復出口),42,15240
2016-10,39205110,聚甲基丙烯酸甲酯板、片及扁條,伊拉克,出口總值(含復出口),67,21341
2016-10,39205110,聚甲基丙烯酸甲酯板、片及扁條,伊朗,出口總值(含復出口),794,325650
2016-10,39205110,聚甲基丙烯酸甲酯板、片及扁條,印度,出口總值(含復出口),180,131292
2016-10,39205110,聚甲基丙烯酸甲酯板、片及扁條,沙烏地阿拉伯,出口總值(含復出口),318,121251
2016-10,39205110,聚甲基丙烯酸甲酯板、片及扁條,其他國家,出口總值(含復出口),0,11
2016-10,39205110,聚甲基丙烯酸甲酯板、片及扁條,坦尚尼亞,出口總值(含復出口),51,17041
2016-10,39205110,聚甲基丙烯酸甲酯板、片及扁條,阿拉伯聯合大公國,出口總值(含復出口),710,266015
2016-10,39205110,聚甲基丙烯酸甲酯板、片及扁條,南韓,出口總值(含復出口),1329,420444
2016-10,39205110,聚甲基丙烯酸甲酯板、片及扁條,科威特,出口總值(含復出口),99,36882
2016-10,39205110,聚甲基丙烯酸甲酯板、片及扁條,約旦,出口總值(含復出口),48,17148
2016-10,39205110,聚甲基丙烯酸甲酯板、片及扁條,美國,出口總值(含復出口),1380,478801
2016-10,39205110,聚甲基丙烯酸甲酯板、片及扁條,香港,出口總值(含復出口),424,149949
2016-10,39205110,聚甲基丙烯酸甲酯板、片及扁條,哥斯大黎加,出口總值(含復出口),52,13241
2016-10,39205110,聚甲基丙烯酸甲酯板、片及扁條,秘魯,出口總值(含復出口),2,656
2016-10,39205110,聚甲基丙烯酸甲酯板、片及扁條,馬來西亞,出口總值(含復出口),5,1673
2016-10,39205110,聚甲基丙烯酸甲酯板、片及扁條,捷克,出口總值(含復出口),7,1686
2016-10,39205110,聚甲基丙烯酸甲酯板、片及扁條,斯里蘭卡,出口總值(含復出口),3,638
2016-10,39205110,聚甲基丙烯酸甲酯板、片及扁條,斯洛維尼亞,出口總值(含復出口),554,173341
2016-10,39205110,聚甲基丙烯酸甲酯板、片及扁條,越南,出口總值(含復出口),21,3060
2016-10,39205110,聚甲基丙烯酸甲酯板、片及扁條,新加坡,出口總值(含復出口),198,75109
2016-10,39205110,聚甲基丙烯酸甲酯板、片及扁條,德國,出口總值(含復出口),45,6970
2016-10,39205110,聚甲基丙烯酸甲酯板、片及扁條,黎巴嫩,出口總值(含復出口),137,48107
2016-10,39205110,聚甲基丙烯酸甲酯板、片及扁條,墨西哥,出口總值(含復出口),41,15332
2016-10,39205110,聚甲基丙烯酸甲酯板、片及扁條,澳大利亞,出口總值(含復出口),339,137023
2016-10,39206210,聚對苯二甲酸乙二酯製板、片及扁條,中國大陸,進口總值(含復進口),499,219715
2016-10,39206210,聚對苯二甲酸乙二酯製板、片及扁條,中華民國,進口總值(含復進口),2,124
2016-10,39206210,聚對苯二甲酸乙二酯製板、片及扁條,日本,進口總值(含復進口),380,46178
2016-10,39206210,聚對苯二甲酸乙二酯製板、片及扁條,南韓,進口總值(含復進口),1374,327831
2016-10,39206210,聚對苯二甲酸乙二酯製板、片及扁條,美國,進口總值(含復進口),13,792
2016-10,39206210,聚對苯二甲酸乙二酯製板、片及扁條,義大利,進口總值(含復進口),0,21
2016-10,39206210,聚對苯二甲酸乙二酯製板、片及扁條,盧森堡,進口總值(含復進口),11,13
2016-10,39206210,聚對苯二甲酸乙二酯製板、片及扁條,中國大陸,出口總值(含復出口),12962,2079339
2016-10,39206210,聚對苯二甲酸乙二酯製板、片及扁條,日本,出口總值(含復出口),743,417932
2016-10,39206210,聚對苯二甲酸乙二酯製板、片及扁條,加拿大,出口總值(含復出口),151,126214
2016-10,39206210,聚對苯二甲酸乙二酯製板、片及扁條,印尼,出口總值(含復出口),66,61774
2016-10,39206210,聚對苯二甲酸乙二酯製板、片及扁條,印度,出口總值(含復出口),142,109318
2016-10,39206210,聚對苯二甲酸乙二酯製板、片及扁條,多明尼加,出口總值(含復出口),25,17400
2016-10,39206210,聚對苯二甲酸乙二酯製板、片及扁條,孟加拉,出口總值(含復出口),3,315
2016-10,39206210,聚對苯二甲酸乙二酯製板、片及扁條,南韓,出口總值(含復出口),100,21429
2016-10,39206210,聚對苯二甲酸乙二酯製板、片及扁條,美國,出口總值(含復出口),1515,1129941
2016-10,39206210,聚對苯二甲酸乙二酯製板、片及扁條,香港,出口總值(含復出口),1029,136493
2016-10,39206210,聚對苯二甲酸乙二酯製板、片及扁條,泰國,出口總值(含復出口),73,41000
2016-10,39206210,聚對苯二甲酸乙二酯製板、片及扁條,紐西蘭,出口總值(含復出口),186,155530
2016-10,39206210,聚對苯二甲酸乙二酯製板、片及扁條,馬來西亞,出口總值(含復出口),426,206660
2016-10,39206210,聚對苯二甲酸乙二酯製板、片及扁條,斯里蘭卡,出口總值(含復出口),10,7200
2016-10,39206210,聚對苯二甲酸乙二酯製板、片及扁條,菲律賓,出口總值(含復出口),34,11150
2016-10,39206210,聚對苯二甲酸乙二酯製板、片及扁條,越南,出口總值(含復出口),88,81820
2016-10,39206210,聚對苯二甲酸乙二酯製板、片及扁條,新加坡,出口總值(含復出口),125,47844
2016-10,39206210,聚對苯二甲酸乙二酯製板、片及扁條,澳大利亞,出口總值(含復出口),732,526055
2016-10,39209991,其他塑膠板、片及扁條，非多孔性及未經以其他物質加強、積層、支持或與其他物質類似結合者,中國大陸,進口總值(含復進口),324,67672
2016-10,39209991,其他塑膠板、片及扁條，非多孔性及未經以其他物質加強、積層、支持或與其他物質類似結合者,日本,進口總值(含復進口),53,1541
2016-10,39209991,其他塑膠板、片及扁條，非多孔性及未經以其他物質加強、積層、支持或與其他物質類似結合者,南韓,進口總值(含復進口),244,52905
2016-10,39209991,其他塑膠板、片及扁條，非多孔性及未經以其他物質加強、積層、支持或與其他物質類似結合者,美國,進口總值(含復進口),244,2892
2016-10,39209991,其他塑膠板、片及扁條，非多孔性及未經以其他物質加強、積層、支持或與其他物質類似結合者,英國,進口總值(含復進口),37,3038
2016-10,39209991,其他塑膠板、片及扁條，非多孔性及未經以其他物質加強、積層、支持或與其他物質類似結合者,馬來西亞,進口總值(含復進口),198,68863
2016-10,39209991,其他塑膠板、片及扁條，非多孔性及未經以其他物質加強、積層、支持或與其他物質類似結合者,奧地利,進口總值(含復進口),10,5
2016-10,39209991,其他塑膠板、片及扁條，非多孔性及未經以其他物質加強、積層、支持或與其他物質類似結合者,義大利,進口總值(含復進口),1,92
2016-10,39209991,其他塑膠板、片及扁條，非多孔性及未經以其他物質加強、積層、支持或與其他物質類似結合者,德國,進口總值(含復進口),8,566
2016-10,39209991,其他塑膠板、片及扁條，非多孔性及未經以其他物質加強、積層、支持或與其他物質類似結合者,中國大陸,出口總值(含復出口),2022,266819
2016-10,39209991,其他塑膠板、片及扁條，非多孔性及未經以其他物質加強、積層、支持或與其他物質類似結合者,日本,出口總值(含復出口),66,1163
2016-10,39209991,其他塑膠板、片及扁條，非多孔性及未經以其他物質加強、積層、支持或與其他物質類似結合者,加拿大,出口總值(含復出口),65,20407
2016-10,39209991,其他塑膠板、片及扁條，非多孔性及未經以其他物質加強、積層、支持或與其他物質類似結合者,印度,出口總值(含復出口),9,59
2016-10,39209991,其他塑膠板、片及扁條，非多孔性及未經以其他物質加強、積層、支持或與其他物質類似結合者,多明尼加,出口總值(含復出口),0,48
2016-10,39209991,其他塑膠板、片及扁條，非多孔性及未經以其他物質加強、積層、支持或與其他物質類似結合者,阿拉伯聯合大公國,出口總值(含復出口),4,112
2016-10,39209991,其他塑膠板、片及扁條，非多孔性及未經以其他物質加強、積層、支持或與其他物質類似結合者,美國,出口總值(含復出口),199,13097
2016-10,39209991,其他塑膠板、片及扁條，非多孔性及未經以其他物質加強、積層、支持或與其他物質類似結合者,香港,出口總值(含復出口),89,22015
2016-10,39209991,其他塑膠板、片及扁條，非多孔性及未經以其他物質加強、積層、支持或與其他物質類似結合者,泰國,出口總值(含復出口),13,3461
2016-10,39209991,其他塑膠板、片及扁條，非多孔性及未經以其他物質加強、積層、支持或與其他物質類似結合者,馬來西亞,出口總值(含復出口),51,13194
2016-10,39209991,其他塑膠板、片及扁條，非多孔性及未經以其他物質加強、積層、支持或與其他物質類似結合者,捷克,出口總值(含復出口),4,96
2016-10,39209991,其他塑膠板、片及扁條，非多孔性及未經以其他物質加強、積層、支持或與其他物質類似結合者,莫三比克,出口總值(含復出口),0,4
2016-10,39209991,其他塑膠板、片及扁條，非多孔性及未經以其他物質加強、積層、支持或與其他物質類似結合者,荷蘭,出口總值(含復出口),0,2
2016-10,39209991,其他塑膠板、片及扁條，非多孔性及未經以其他物質加強、積層、支持或與其他物質類似結合者,菲律賓,出口總值(含復出口),15,19138
2016-10,39209991,其他塑膠板、片及扁條，非多孔性及未經以其他物質加強、積層、支持或與其他物質類似結合者,越南,出口總值(含復出口),6,1149
2016-10,39209991,其他塑膠板、片及扁條，非多孔性及未經以其他物質加強、積層、支持或與其他物質類似結合者,新加坡,出口總值(含復出口),2,46
2016-10,39209991,其他塑膠板、片及扁條，非多孔性及未經以其他物質加強、積層、支持或與其他物質類似結合者,義大利,出口總值(含復出口),9,402
2016-10,39209991,其他塑膠板、片及扁條，非多孔性及未經以其他物質加強、積層、支持或與其他物質類似結合者,葡萄牙,出口總值(含復出口),1,32
2016-10,39209991,其他塑膠板、片及扁條，非多孔性及未經以其他物質加強、積層、支持或與其他物質類似結合者,德國,出口總值(含復出口),7,255
2016-10,39209991,其他塑膠板、片及扁條，非多孔性及未經以其他物質加強、積層、支持或與其他物質類似結合者,澳大利亞,出口總值(含復出口),10,6914
2016-11,39199020,供製造半導體晶圓用之自黏性圓形研磨墊，屬塑膠製品者,日本,進口總值(含復進口),40,181
2016-11,39199020,供製造半導體晶圓用之自黏性圓形研磨墊，屬塑膠製品者,美國,進口總值(含復進口),1104,4936
2016-11,39199020,供製造半導體晶圓用之自黏性圓形研磨墊，屬塑膠製品者,中國大陸,出口總值(含復出口),30,53
2016-11,39199020,供製造半導體晶圓用之自黏性圓形研磨墊，屬塑膠製品者,日本,出口總值(含復出口),2,18
2016-11,39199020,供製造半導體晶圓用之自黏性圓形研磨墊，屬塑膠製品者,越南,出口總值(含復出口),1,9
2016-11,39199020,供製造半導體晶圓用之自黏性圓形研磨墊，屬塑膠製品者,新加坡,出口總值(含復出口),44,100
2016-11,39201010,聚乙烯塑膠板、片及扁條,中國大陸,進口總值(含復進口),531,204382
2016-11,39201010,聚乙烯塑膠板、片及扁條,中華民國,進口總值(含復進口),1,5544
2016-11,39201010,聚乙烯塑膠板、片及扁條,丹麥,進口總值(含復進口),27,1277
2016-11,39201010,聚乙烯塑膠板、片及扁條,日本,進口總值(含復進口),212,25225
2016-11,39201010,聚乙烯塑膠板、片及扁條,南韓,進口總值(含復進口),77,12804
2016-11,39201010,聚乙烯塑膠板、片及扁條,美國,進口總值(含復進口),84,24324
2016-11,39201010,聚乙烯塑膠板、片及扁條,英國,進口總值(含復進口),0,1
2016-11,39201010,聚乙烯塑膠板、片及扁條,泰國,進口總值(含復進口),45,9408
2016-11,39201010,聚乙烯塑膠板、片及扁條,馬來西亞,進口總值(含復進口),11,6072
2016-11,39201010,聚乙烯塑膠板、片及扁條,荷蘭,進口總值(含復進口),0,0
2016-11,39201010,聚乙烯塑膠板、片及扁條,新加坡,進口總值(含復進口),52,1240
2016-11,39201010,聚乙烯塑膠板、片及扁條,義大利,進口總值(含復進口),34,7350
2016-11,39201010,聚乙烯塑膠板、片及扁條,德國,進口總值(含復進口),116,26971
2016-11,39201010,聚乙烯塑膠板、片及扁條,澳大利亞,進口總值(含復進口),202,2400
2016-11,39201010,聚乙烯塑膠板、片及扁條,中國大陸,出口總值(含復出口),321,78496
2016-11,39201010,聚乙烯塑膠板、片及扁條,巴基斯坦,出口總值(含復出口),12,5630
2016-11,39201010,聚乙烯塑膠板、片及扁條,日本,出口總值(含復出口),231,51722
2016-11,39201010,聚乙烯塑膠板、片及扁條,比利時,出口總值(含復出口),1,48
2016-11,39201010,聚乙烯塑膠板、片及扁條,印尼,出口總值(含復出口),44,121060
2016-11,39201010,聚乙烯塑膠板、片及扁條,印度,出口總值(含復出口),23,4082
2016-11,39201010,聚乙烯塑膠板、片及扁條,西班牙,出口總值(含復出口),2,93
2016-11,39201010,聚乙烯塑膠板、片及扁條,宏都拉斯,出口總值(含復出口),7,468
2016-11,39201010,聚乙烯塑膠板、片及扁條,其他國家,出口總值(含復出口),0,1
2016-11,39201010,聚乙烯塑膠板、片及扁條,波蘭,出口總值(含復出口),22,2390
2016-11,39201010,聚乙烯塑膠板、片及扁條,法國,出口總值(含復出口),2,960
2016-11,39201010,聚乙烯塑膠板、片及扁條,阿拉伯聯合大公國,出口總值(含復出口),16,3477
2016-11,39201010,聚乙烯塑膠板、片及扁條,俄羅斯,出口總值(含復出口),2,103
2016-11,39201010,聚乙烯塑膠板、片及扁條,南韓,出口總值(含復出口),5,511
2016-11,39201010,聚乙烯塑膠板、片及扁條,柬埔寨,出口總值(含復出口),26,10908
2016-11,39201010,聚乙烯塑膠板、片及扁條,科威特,出口總值(含復出口),1,56
2016-11,39201010,聚乙烯塑膠板、片及扁條,美國,出口總值(含復出口),309,34801
2016-11,39201010,聚乙烯塑膠板、片及扁條,香港,出口總值(含復出口),137,65735
2016-11,39201010,聚乙烯塑膠板、片及扁條,泰國,出口總值(含復出口),190,45178
2016-11,39201010,聚乙烯塑膠板、片及扁條,紐西蘭,出口總值(含復出口),5,786
2016-11,39201010,聚乙烯塑膠板、片及扁條,馬來西亞,出口總值(含復出口),95,18910
2016-11,39201010,聚乙烯塑膠板、片及扁條,荷蘭,出口總值(含復出口),16,1525
2016-11,39201010,聚乙烯塑膠板、片及扁條,菲律賓,出口總值(含復出口),181,39852
2016-11,39201010,聚乙烯塑膠板、片及扁條,越南,出口總值(含復出口),71,27670
2016-11,39201010,聚乙烯塑膠板、片及扁條,新加坡,出口總值(含復出口),24,12845
2016-11,39201010,聚乙烯塑膠板、片及扁條,德國,出口總值(含復出口),24,53
2016-11,39201010,聚乙烯塑膠板、片及扁條,澳大利亞,出口總值(含復出口),6,384
2016-11,39201010,聚乙烯塑膠板、片及扁條,賽普勒斯,出口總值(含復出口),0,36
2016-11,39202021,電容器用金屬化聚丙烯薄膜，留有未鍍邊，總寬度不超過１００公厘，總厚度在０．０１５公厘以上，０．０２５公厘以下者,中國大陸,進口總值(含復進口),21,672
2016-11,39202021,電容器用金屬化聚丙烯薄膜，留有未鍍邊，總寬度不超過１００公厘，總厚度在０．０１５公厘以上，０．０２５公厘以下者,南韓,進口總值(含復進口),59,4318
2016-11,39202021,電容器用金屬化聚丙烯薄膜，留有未鍍邊，總寬度不超過１００公厘，總厚度在０．０１５公厘以上，０．０２５公厘以下者,中國大陸,出口總值(含復出口),78,45389
2016-11,39205110,聚甲基丙烯酸甲酯板、片及扁條,中國大陸,進口總值(含復進口),804,51219
2016-11,39205110,聚甲基丙烯酸甲酯板、片及扁條,日本,進口總值(含復進口),471,97815
2016-11,39205110,聚甲基丙烯酸甲酯板、片及扁條,南韓,進口總值(含復進口),1498,686018
2016-11,39205110,聚甲基丙烯酸甲酯板、片及扁條,美國,進口總值(含復進口),479,94356
2016-11,39205110,聚甲基丙烯酸甲酯板、片及扁條,德國,進口總值(含復進口),93,7265
2016-11,39205110,聚甲基丙烯酸甲酯板、片及扁條,土耳其,出口總值(含復出口),5,1960
2016-11,39205110,聚甲基丙烯酸甲酯板、片及扁條,中國大陸,出口總值(含復出口),12095,3859435
2016-11,39205110,聚甲基丙烯酸甲酯板、片及扁條,巴西,出口總值(含復出口),74,25403
2016-11,39205110,聚甲基丙烯酸甲酯板、片及扁條,巴林,出口總值(含復出口),63,23217
2016-11,39205110,聚甲基丙烯酸甲酯板、片及扁條,日本,出口總值(含復出口),273,71209
2016-11,39205110,聚甲基丙烯酸甲酯板、片及扁條,伊朗,出口總值(含復出口),519,207230
2016-11,39205110,聚甲基丙烯酸甲酯板、片及扁條,印尼,出口總值(含復出口),39,4691
2016-11,39205110,聚甲基丙烯酸甲酯板、片及扁條,印度,出口總值(含復出口),116,49092
2016-11,39205110,聚甲基丙烯酸甲酯板、片及扁條,多明尼加,出口總值(含復出口),45,16341
2016-11,39205110,聚甲基丙烯酸甲酯板、片及扁條,宏都拉斯,出口總值(含復出口),32,9320
2016-11,39205110,聚甲基丙烯酸甲酯板、片及扁條,沙烏地阿拉伯,出口總值(含復出口),136,49309
2016-11,39205110,聚甲基丙烯酸甲酯板、片及扁條,波多黎各,出口總值(含復出口),53,18420
2016-11,39205110,聚甲基丙烯酸甲酯板、片及扁條,肯亞,出口總值(含復出口),43,16369
2016-11,39205110,聚甲基丙烯酸甲酯板、片及扁條,芬蘭,出口總值(含復出口),40,13530
2016-11,39205110,聚甲基丙烯酸甲酯板、片及扁條,阿拉伯聯合大公國,出口總值(含復出口),634,232882
2016-11,39205110,聚甲基丙烯酸甲酯板、片及扁條,南非,出口總值(含復出口),9,3312
2016-11,39205110,聚甲基丙烯酸甲酯板、片及扁條,南韓,出口總值(含復出口),665,196947
2016-11,39205110,聚甲基丙烯酸甲酯板、片及扁條,美國,出口總值(含復出口),1856,641040
2016-11,39205110,聚甲基丙烯酸甲酯板、片及扁條,英國,出口總值(含復出口),15,3416
2016-11,39205110,聚甲基丙烯酸甲酯板、片及扁條,香港,出口總值(含復出口),337,120047
2016-11,39205110,聚甲基丙烯酸甲酯板、片及扁條,索馬利亞,出口總值(含復出口),29,9740
2016-11,39205110,聚甲基丙烯酸甲酯板、片及扁條,馬來西亞,出口總值(含復出口),28,8002
2016-11,39205110,聚甲基丙烯酸甲酯板、片及扁條,斯洛維尼亞,出口總值(含復出口),100,31280
2016-11,39205110,聚甲基丙烯酸甲酯板、片及扁條,智利,出口總值(含復出口),3,1197
2016-11,39205110,聚甲基丙烯酸甲酯板、片及扁條,越南,出口總值(含復出口),25,5425
2016-11,39205110,聚甲基丙烯酸甲酯板、片及扁條,新加坡,出口總值(含復出口),290,109842
2016-11,39205110,聚甲基丙烯酸甲酯板、片及扁條,墨西哥,出口總值(含復出口),45,16611
2016-11,39205110,聚甲基丙烯酸甲酯板、片及扁條,澳大利亞,出口總值(含復出口),35,13237
2016-11,39206210,聚對苯二甲酸乙二酯製板、片及扁條,中國大陸,進口總值(含復進口),355,164990
2016-11,39206210,聚對苯二甲酸乙二酯製板、片及扁條,中華民國,進口總值(含復進口),13,2054
2016-11,39206210,聚對苯二甲酸乙二酯製板、片及扁條,日本,進口總值(含復進口),251,17629
2016-11,39206210,聚對苯二甲酸乙二酯製板、片及扁條,南韓,進口總值(含復進口),1261,306597
2016-11,39206210,聚對苯二甲酸乙二酯製板、片及扁條,美國,進口總值(含復進口),133,23426
2016-11,39206210,聚對苯二甲酸乙二酯製板、片及扁條,泰國,進口總值(含復進口),27,19042
2016-11,39206210,聚對苯二甲酸乙二酯製板、片及扁條,新加坡,進口總值(含復進口),50,630
2016-11,39206210,聚對苯二甲酸乙二酯製板、片及扁條,義大利,進口總值(含復進口),24,10992
2016-11,39206210,聚對苯二甲酸乙二酯製板、片及扁條,德國,進口總值(含復進口),21,1829
2016-11,39206210,聚對苯二甲酸乙二酯製板、片及扁條,中國大陸,出口總值(含復出口),9938,1542025
2016-11,39206210,聚對苯二甲酸乙二酯製板、片及扁條,日本,出口總值(含復出口),422,260777
2016-11,39206210,聚對苯二甲酸乙二酯製板、片及扁條,印度,出口總值(含復出口),409,317998
2016-11,39206210,聚對苯二甲酸乙二酯製板、片及扁條,宏都拉斯,出口總值(含復出口),21,15388
2016-11,39206210,聚對苯二甲酸乙二酯製板、片及扁條,法屬玻里尼西亞,出口總值(含復出口),6,3840
2016-11,39206210,聚對苯二甲酸乙二酯製板、片及扁條,南韓,出口總值(含復出口),23,3805
2016-11,39206210,聚對苯二甲酸乙二酯製板、片及扁條,美國,出口總值(含復出口),1564,1214900
2016-11,39206210,聚對苯二甲酸乙二酯製板、片及扁條,香港,出口總值(含復出口),968,145983
2016-11,39206210,聚對苯二甲酸乙二酯製板、片及扁條,泰國,出口總值(含復出口),95,59760
2016-11,39206210,聚對苯二甲酸乙二酯製板、片及扁條,紐西蘭,出口總值(含復出口),62,55737
2016-11,39206210,聚對苯二甲酸乙二酯製板、片及扁條,馬來西亞,出口總值(含復出口),402,199210
2016-11,39206210,聚對苯二甲酸乙二酯製板、片及扁條,荷蘭,出口總值(含復出口),63,4469
2016-11,39206210,聚對苯二甲酸乙二酯製板、片及扁條,斯里蘭卡,出口總值(含復出口),19,14350
2016-11,39206210,聚對苯二甲酸乙二酯製板、片及扁條,菲律賓,出口總值(含復出口),83,63605
2016-11,39206210,聚對苯二甲酸乙二酯製板、片及扁條,越南,出口總值(含復出口),70,74279
2016-11,39206210,聚對苯二甲酸乙二酯製板、片及扁條,新加坡,出口總值(含復出口),81,1531
2016-11,39206210,聚對苯二甲酸乙二酯製板、片及扁條,德國,出口總值(含復出口),13,9840
2016-11,39206210,聚對苯二甲酸乙二酯製板、片及扁條,墨西哥,出口總值(含復出口),14,10440
2016-11,39206210,聚對苯二甲酸乙二酯製板、片及扁條,澳大利亞,出口總值(含復出口),603,441497
2016-11,39209991,其他塑膠板、片及扁條，非多孔性及未經以其他物質加強、積層、支持或與其他物質類似結合者,中國大陸,進口總值(含復進口),243,48527
2016-11,39209991,其他塑膠板、片及扁條，非多孔性及未經以其他物質加強、積層、支持或與其他物質類似結合者,中華民國,進口總值(含復進口),4,6
2016-11,39209991,其他塑膠板、片及扁條，非多孔性及未經以其他物質加強、積層、支持或與其他物質類似結合者,日本,進口總值(含復進口),54,6022
2016-11,39209991,其他塑膠板、片及扁條，非多孔性及未經以其他物質加強、積層、支持或與其他物質類似結合者,南韓,進口總值(含復進口),317,84169
2016-11,39209991,其他塑膠板、片及扁條，非多孔性及未經以其他物質加強、積層、支持或與其他物質類似結合者,美國,進口總值(含復進口),277,3079
2016-11,39209991,其他塑膠板、片及扁條，非多孔性及未經以其他物質加強、積層、支持或與其他物質類似結合者,馬來西亞,進口總值(含復進口),83,26852
2016-11,39209991,其他塑膠板、片及扁條，非多孔性及未經以其他物質加強、積層、支持或與其他物質類似結合者,奧地利,進口總值(含復進口),44,3080
2016-11,39209991,其他塑膠板、片及扁條，非多孔性及未經以其他物質加強、積層、支持或與其他物質類似結合者,新加坡,進口總值(含復進口),16,245
2016-11,39209991,其他塑膠板、片及扁條，非多孔性及未經以其他物質加強、積層、支持或與其他物質類似結合者,瑞典,進口總值(含復進口),6,1070
2016-11,39209991,其他塑膠板、片及扁條，非多孔性及未經以其他物質加強、積層、支持或與其他物質類似結合者,德國,進口總值(含復進口),41,1131
2016-11,39209991,其他塑膠板、片及扁條，非多孔性及未經以其他物質加強、積層、支持或與其他物質類似結合者,中國大陸,出口總值(含復出口),2985,391362
2016-11,39209991,其他塑膠板、片及扁條，非多孔性及未經以其他物質加強、積層、支持或與其他物質類似結合者,日本,出口總值(含復出口),57,1136
2016-11,39209991,其他塑膠板、片及扁條，非多孔性及未經以其他物質加強、積層、支持或與其他物質類似結合者,比利時,出口總值(含復出口),5,164
2016-11,39209991,其他塑膠板、片及扁條，非多孔性及未經以其他物質加強、積層、支持或與其他物質類似結合者,加拿大,出口總值(含復出口),65,17686
2016-11,39209991,其他塑膠板、片及扁條，非多孔性及未經以其他物質加強、積層、支持或與其他物質類似結合者,印度,出口總值(含復出口),2,62
2016-11,39209991,其他塑膠板、片及扁條，非多孔性及未經以其他物質加強、積層、支持或與其他物質類似結合者,沙烏地阿拉伯,出口總值(含復出口),3,472
2016-11,39209991,其他塑膠板、片及扁條，非多孔性及未經以其他物質加強、積層、支持或與其他物質類似結合者,阿根廷,出口總值(含復出口),4,239
2016-11,39209991,其他塑膠板、片及扁條，非多孔性及未經以其他物質加強、積層、支持或與其他物質類似結合者,科威特,出口總值(含復出口),104,26670
2016-11,39209991,其他塑膠板、片及扁條，非多孔性及未經以其他物質加強、積層、支持或與其他物質類似結合者,美國,出口總值(含復出口),128,8181
2016-11,39209991,其他塑膠板、片及扁條，非多孔性及未經以其他物質加強、積層、支持或與其他物質類似結合者,香港,出口總值(含復出口),16,2722
2016-11,39209991,其他塑膠板、片及扁條，非多孔性及未經以其他物質加強、積層、支持或與其他物質類似結合者,泰國,出口總值(含復出口),80,19986
2016-11,39209991,其他塑膠板、片及扁條，非多孔性及未經以其他物質加強、積層、支持或與其他物質類似結合者,秘魯,出口總值(含復出口),7,198
2016-11,39209991,其他塑膠板、片及扁條，非多孔性及未經以其他物質加強、積層、支持或與其他物質類似結合者,馬來西亞,出口總值(含復出口),39,10833
2016-11,39209991,其他塑膠板、片及扁條，非多孔性及未經以其他物質加強、積層、支持或與其他物質類似結合者,斯洛伐克,出口總值(含復出口),4,773
2016-11,39209991,其他塑膠板、片及扁條，非多孔性及未經以其他物質加強、積層、支持或與其他物質類似結合者,菲律賓,出口總值(含復出口),7,1520
2016-11,39209991,其他塑膠板、片及扁條，非多孔性及未經以其他物質加強、積層、支持或與其他物質類似結合者,越南,出口總值(含復出口),24,3603
2016-11,39209991,其他塑膠板、片及扁條，非多孔性及未經以其他物質加強、積層、支持或與其他物質類似結合者,新加坡,出口總值(含復出口),2,48
2016-11,39209991,其他塑膠板、片及扁條，非多孔性及未經以其他物質加強、積層、支持或與其他物質類似結合者,義大利,出口總值(含復出口),20,1748
2016-11,39209991,其他塑膠板、片及扁條，非多孔性及未經以其他物質加強、積層、支持或與其他物質類似結合者,德國,出口總值(含復出口),1,24
2016-12,39199020,供製造半導體晶圓用之自黏性圓形研磨墊，屬塑膠製品者,中國大陸,進口總值(含復進口),4,38
2016-12,39199020,供製造半導體晶圓用之自黏性圓形研磨墊，屬塑膠製品者,日本,進口總值(含復進口),83,308
2016-12,39199020,供製造半導體晶圓用之自黏性圓形研磨墊，屬塑膠製品者,美國,進口總值(含復進口),1436,6308
2016-12,39199020,供製造半導體晶圓用之自黏性圓形研磨墊，屬塑膠製品者,越南,進口總值(含復進口),0,1
2016-12,39199020,供製造半導體晶圓用之自黏性圓形研磨墊，屬塑膠製品者,瑞士,進口總值(含復進口),7,13
2016-12,39199020,供製造半導體晶圓用之自黏性圓形研磨墊，屬塑膠製品者,中國大陸,出口總值(含復出口),39,71
2016-12,39199020,供製造半導體晶圓用之自黏性圓形研磨墊，屬塑膠製品者,日本,出口總值(含復出口),9,38
2016-12,39199020,供製造半導體晶圓用之自黏性圓形研磨墊，屬塑膠製品者,新加坡,出口總值(含復出口),44,100
2016-12,39201010,聚乙烯塑膠板、片及扁條,中國大陸,進口總值(含復進口),546,216113
2016-12,39201010,聚乙烯塑膠板、片及扁條,日本,進口總值(含復進口),279,20760
2016-12,39201010,聚乙烯塑膠板、片及扁條,加拿大,進口總值(含復進口),2,529
2016-12,39201010,聚乙烯塑膠板、片及扁條,南韓,進口總值(含復進口),30,5630
2016-12,39201010,聚乙烯塑膠板、片及扁條,美國,進口總值(含復進口),72,7657
2016-12,39201010,聚乙烯塑膠板、片及扁條,英國,進口總值(含復進口),13,1990
2016-12,39201010,聚乙烯塑膠板、片及扁條,泰國,進口總值(含復進口),67,15080
2016-12,39201010,聚乙烯塑膠板、片及扁條,馬來西亞,進口總值(含復進口),1,135
2016-12,39201010,聚乙烯塑膠板、片及扁條,越南,進口總值(含復進口),0,12
2016-12,39201010,聚乙烯塑膠板、片及扁條,奧地利,進口總值(含復進口),10,1841
2016-12,39201010,聚乙烯塑膠板、片及扁條,義大利,進口總值(含復進口),9,4245
2016-12,39201010,聚乙烯塑膠板、片及扁條,德國,進口總值(含復進口),133,31776
2016-12,39201010,聚乙烯塑膠板、片及扁條,中國大陸,出口總值(含復出口),504,132436
2016-12,39201010,聚乙烯塑膠板、片及扁條,日本,出口總值(含復出口),183,49455
2016-12,39201010,聚乙烯塑膠板、片及扁條,印尼,出口總值(含復出口),49,118076
2016-12,39201010,聚乙烯塑膠板、片及扁條,沙烏地阿拉伯,出口總值(含復出口),0,80
2016-12,39201010,聚乙烯塑膠板、片及扁條,孟加拉,出口總值(含復出口),10,600
2016-12,39201010,聚乙烯塑膠板、片及扁條,法國,出口總值(含復出口),0,109
2016-12,39201010,聚乙烯塑膠板、片及扁條,阿拉伯聯合大公國,出口總值(含復出口),2,235
2016-12,39201010,聚乙烯塑膠板、片及扁條,南韓,出口總值(含復出口),39,3983
2016-12,39201010,聚乙烯塑膠板、片及扁條,柬埔寨,出口總值(含復出口),40,12214
2016-12,39201010,聚乙烯塑膠板、片及扁條,美國,出口總值(含復出口),144,15647
2016-12,39201010,聚乙烯塑膠板、片及扁條,香港,出口總值(含復出口),147,62331
2016-12,39201010,聚乙烯塑膠板、片及扁條,泰國,出口總值(含復出口),359,134836
2016-12,39201010,聚乙烯塑膠板、片及扁條,烏克蘭,出口總值(含復出口),0,2
2016-12,39201010,聚乙烯塑膠板、片及扁條,紐西蘭,出口總值(含復出口),2,1200
2016-12,39201010,聚乙烯塑膠板、片及扁條,馬來西亞,出口總值(含復出口),17,6115
2016-12,39201010,聚乙烯塑膠板、片及扁條,馬紹爾群島,出口總值(含復出口),1,501
2016-12,39201010,聚乙烯塑膠板、片及扁條,密克羅尼西亞,出口總值(含復出口),3,1170
2016-12,39201010,聚乙烯塑膠板、片及扁條,斯里蘭卡,出口總值(含復出口),3,1512
2016-12,39201010,聚乙烯塑膠板、片及扁條,菲律賓,出口總值(含復出口),30,28363
2016-12,39201010,聚乙烯塑膠板、片及扁條,越南,出口總值(含復出口),36,17909
2016-12,39201010,聚乙烯塑膠板、片及扁條,澳大利亞,出口總值(含復出口),8,828
2016-12,39202021,電容器用金屬化聚丙烯薄膜，留有未鍍邊，總寬度不超過１００公厘，總厚度在０．０１５公厘以上，０．０２５公厘以下者,中國大陸,進口總值(含復進口),32,1745
2016-12,39202021,電容器用金屬化聚丙烯薄膜，留有未鍍邊，總寬度不超過１００公厘，總厚度在０．０１５公厘以上，０．０２５公厘以下者,中國大陸,出口總值(含復出口),94,54481
2016-12,39202021,電容器用金屬化聚丙烯薄膜，留有未鍍邊，總寬度不超過１００公厘，總厚度在０．０１５公厘以上，０．０２５公厘以下者,香港,出口總值(含復出口),7,3210
2016-12,39202021,電容器用金屬化聚丙烯薄膜，留有未鍍邊，總寬度不超過１００公厘，總厚度在０．０１５公厘以上，０．０２５公厘以下者,越南,出口總值(含復出口),9,4280
2016-12,39202021,電容器用金屬化聚丙烯薄膜，留有未鍍邊，總寬度不超過１００公厘，總厚度在０．０１５公厘以上，０．０２５公厘以下者,新加坡,出口總值(含復出口),2,3
2016-12,39205110,聚甲基丙烯酸甲酯板、片及扁條,中國大陸,進口總值(含復進口),364,32890
2016-12,39205110,聚甲基丙烯酸甲酯板、片及扁條,中華民國,進口總值(含復進口),216,64963
2016-12,39205110,聚甲基丙烯酸甲酯板、片及扁條,日本,進口總值(含復進口),222,45804
2016-12,39205110,聚甲基丙烯酸甲酯板、片及扁條,南韓,進口總值(含復進口),880,369971
2016-12,39205110,聚甲基丙烯酸甲酯板、片及扁條,美國,進口總值(含復進口),47,8828
2016-12,39205110,聚甲基丙烯酸甲酯板、片及扁條,德國,進口總值(含復進口),4,252
2016-12,39205110,聚甲基丙烯酸甲酯板、片及扁條,中國大陸,出口總值(含復出口),10130,3223544
2016-12,39205110,聚甲基丙烯酸甲酯板、片及扁條,巴西,出口總值(含復出口),66,19953
2016-12,39205110,聚甲基丙烯酸甲酯板、片及扁條,日本,出口總值(含復出口),294,71673
2016-12,39205110,聚甲基丙烯酸甲酯板、片及扁條,加拿大,出口總值(含復出口),6,2040
2016-12,39205110,聚甲基丙烯酸甲酯板、片及扁條,卡達,出口總值(含復出口),44,16131
2016-12,39205110,聚甲基丙烯酸甲酯板、片及扁條,伊朗,出口總值(含復出口),986,375362
2016-12,39205110,聚甲基丙烯酸甲酯板、片及扁條,印度,出口總值(含復出口),116,66970
2016-12,39205110,聚甲基丙烯酸甲酯板、片及扁條,多明尼加,出口總值(含復出口),64,23542
2016-12,39205110,聚甲基丙烯酸甲酯板、片及扁條,沙烏地阿拉伯,出口總值(含復出口),271,98200
2016-12,39205110,聚甲基丙烯酸甲酯板、片及扁條,阿拉伯聯合大公國,出口總值(含復出口),805,289323
2016-12,39205110,聚甲基丙烯酸甲酯板、片及扁條,阿曼,出口總值(含復出口),43,16364
2016-12,39205110,聚甲基丙烯酸甲酯板、片及扁條,南韓,出口總值(含復出口),1724,520544
2016-12,39205110,聚甲基丙烯酸甲酯板、片及扁條,科威特,出口總值(含復出口),117,37314
2016-12,39205110,聚甲基丙烯酸甲酯板、片及扁條,美國,出口總值(含復出口),1686,595728
2016-12,39205110,聚甲基丙烯酸甲酯板、片及扁條,香港,出口總值(含復出口),218,95564
2016-12,39205110,聚甲基丙烯酸甲酯板、片及扁條,紐西蘭,出口總值(含復出口),36,13979
2016-12,39205110,聚甲基丙烯酸甲酯板、片及扁條,馬來西亞,出口總值(含復出口),7,2275
2016-12,39205110,聚甲基丙烯酸甲酯板、片及扁條,斯洛維尼亞,出口總值(含復出口),221,69605
2016-12,39205110,聚甲基丙烯酸甲酯板、片及扁條,智利,出口總值(含復出口),6,1839
2016-12,39205110,聚甲基丙烯酸甲酯板、片及扁條,菲律賓,出口總值(含復出口),49,17640
2016-12,39205110,聚甲基丙烯酸甲酯板、片及扁條,越南,出口總值(含復出口),4,3480
2016-12,39205110,聚甲基丙烯酸甲酯板、片及扁條,新加坡,出口總值(含復出口),160,60226
2016-12,39205110,聚甲基丙烯酸甲酯板、片及扁條,德國,出口總值(含復出口),21,2950
2016-12,39205110,聚甲基丙烯酸甲酯板、片及扁條,黎巴嫩,出口總值(含復出口),236,85749
2016-12,39205110,聚甲基丙烯酸甲酯板、片及扁條,澳大利亞,出口總值(含復出口),195,78719
2016-12,39205110,聚甲基丙烯酸甲酯板、片及扁條,賽普勒斯,出口總值(含復出口),28,8419
2016-12,39205110,聚甲基丙烯酸甲酯板、片及扁條,薩爾瓦多,出口總值(含復出口),41,16611
2016-12,39206210,聚對苯二甲酸乙二酯製板、片及扁條,中國大陸,進口總值(含復進口),359,195991
2016-12,39206210,聚對苯二甲酸乙二酯製板、片及扁條,中華民國,進口總值(含復進口),244,169427
2016-12,39206210,聚對苯二甲酸乙二酯製板、片及扁條,日本,進口總值(含復進口),159,14243
2016-12,39206210,聚對苯二甲酸乙二酯製板、片及扁條,南韓,進口總值(含復進口),716,170842
2016-12,39206210,聚對苯二甲酸乙二酯製板、片及扁條,泰國,進口總值(含復進口),27,19367
2016-12,39206210,聚對苯二甲酸乙二酯製板、片及扁條,越南,進口總值(含復進口),59,62367
2016-12,39206210,聚對苯二甲酸乙二酯製板、片及扁條,奧地利,進口總值(含復進口),10,1773
2016-12,39206210,聚對苯二甲酸乙二酯製板、片及扁條,德國,進口總值(含復進口),12,910
2016-12,39206210,聚對苯二甲酸乙二酯製板、片及扁條,盧森堡,進口總值(含復進口),11,15
2016-12,39206210,聚對苯二甲酸乙二酯製板、片及扁條,中國大陸,出口總值(含復出口),12555,1794608
2016-12,39206210,聚對苯二甲酸乙二酯製板、片及扁條,巴西,出口總值(含復出口),27,6282
2016-12,39206210,聚對苯二甲酸乙二酯製板、片及扁條,日本,出口總值(含復出口),449,254807
2016-12,39206210,聚對苯二甲酸乙二酯製板、片及扁條,加拿大,出口總值(含復出口),144,127618
2016-12,39206210,聚對苯二甲酸乙二酯製板、片及扁條,印度,出口總值(含復出口),613,386093
2016-12,39206210,聚對苯二甲酸乙二酯製板、片及扁條,多明尼加,出口總值(含復出口),25,17350
2016-12,39206210,聚對苯二甲酸乙二酯製板、片及扁條,阿拉伯聯合大公國,出口總值(含復出口),52,40800
2016-12,39206210,聚對苯二甲酸乙二酯製板、片及扁條,阿曼,出口總值(含復出口),12,10730
2016-12,39206210,聚對苯二甲酸乙二酯製板、片及扁條,南韓,出口總值(含復出口),175,51672
2016-12,39206210,聚對苯二甲酸乙二酯製板、片及扁條,美國,出口總值(含復出口),877,642618
2016-12,39206210,聚對苯二甲酸乙二酯製板、片及扁條,香港,出口總值(含復出口),968,72711
2016-12,39206210,聚對苯二甲酸乙二酯製板、片及扁條,哥倫比亞,出口總值(含復出口),4,1680
2016-12,39206210,聚對苯二甲酸乙二酯製板、片及扁條,泰國,出口總值(含復出口),34,16424
2016-12,39206210,聚對苯二甲酸乙二酯製板、片及扁條,烏拉圭,出口總值(含復出口),17,14170
2016-12,39206210,聚對苯二甲酸乙二酯製板、片及扁條,紐西蘭,出口總值(含復出口),682,553532
2016-12,39206210,聚對苯二甲酸乙二酯製板、片及扁條,馬來西亞,出口總值(含復出口),499,243580
2016-12,39206210,聚對苯二甲酸乙二酯製板、片及扁條,菲律賓,出口總值(含復出口),41,32929
2016-12,39206210,聚對苯二甲酸乙二酯製板、片及扁條,越南,出口總值(含復出口),237,81240
2016-12,39206210,聚對苯二甲酸乙二酯製板、片及扁條,新加坡,出口總值(含復出口),29,16670
2016-12,39206210,聚對苯二甲酸乙二酯製板、片及扁條,瑞士,出口總值(含復出口),10,420
2016-12,39206210,聚對苯二甲酸乙二酯製板、片及扁條,義大利,出口總值(含復出口),8,1000
2016-12,39206210,聚對苯二甲酸乙二酯製板、片及扁條,德國,出口總值(含復出口),12,8880
2016-12,39206210,聚對苯二甲酸乙二酯製板、片及扁條,墨西哥,出口總值(含復出口),8,7467
2016-12,39206210,聚對苯二甲酸乙二酯製板、片及扁條,澳大利亞,出口總值(含復出口),734,482693
2016-12,39209991,其他塑膠板、片及扁條，非多孔性及未經以其他物質加強、積層、支持或與其他物質類似結合者,中國大陸,進口總值(含復進口),231,44986
2016-12,39209991,其他塑膠板、片及扁條，非多孔性及未經以其他物質加強、積層、支持或與其他物質類似結合者,日本,進口總值(含復進口),194,24448
2016-12,39209991,其他塑膠板、片及扁條，非多孔性及未經以其他物質加強、積層、支持或與其他物質類似結合者,南韓,進口總值(含復進口),212,49226
2016-12,39209991,其他塑膠板、片及扁條，非多孔性及未經以其他物質加強、積層、支持或與其他物質類似結合者,美國,進口總值(含復進口),374,2940
2016-12,39209991,其他塑膠板、片及扁條，非多孔性及未經以其他物質加強、積層、支持或與其他物質類似結合者,馬來西亞,進口總值(含復進口),84,29154
2016-12,39209991,其他塑膠板、片及扁條，非多孔性及未經以其他物質加強、積層、支持或與其他物質類似結合者,奧地利,進口總值(含復進口),2,240
2016-12,39209991,其他塑膠板、片及扁條，非多孔性及未經以其他物質加強、積層、支持或與其他物質類似結合者,新加坡,進口總值(含復進口),3,100
2016-12,39209991,其他塑膠板、片及扁條，非多孔性及未經以其他物質加強、積層、支持或與其他物質類似結合者,德國,進口總值(含復進口),51,1526
2016-12,39209991,其他塑膠板、片及扁條，非多孔性及未經以其他物質加強、積層、支持或與其他物質類似結合者,中國大陸,出口總值(含復出口),3000,412817
2016-12,39209991,其他塑膠板、片及扁條，非多孔性及未經以其他物質加強、積層、支持或與其他物質類似結合者,日本,出口總值(含復出口),27,602
2016-12,39209991,其他塑膠板、片及扁條，非多孔性及未經以其他物質加強、積層、支持或與其他物質類似結合者,印尼,出口總值(含復出口),0,39
2016-12,39209991,其他塑膠板、片及扁條，非多孔性及未經以其他物質加強、積層、支持或與其他物質類似結合者,西班牙,出口總值(含復出口),8,185
2016-12,39209991,其他塑膠板、片及扁條，非多孔性及未經以其他物質加強、積層、支持或與其他物質類似結合者,科威特,出口總值(含復出口),9,895
2016-12,39209991,其他塑膠板、片及扁條，非多孔性及未經以其他物質加強、積層、支持或與其他物質類似結合者,美國,出口總值(含復出口),79,1673
2016-12,39209991,其他塑膠板、片及扁條，非多孔性及未經以其他物質加強、積層、支持或與其他物質類似結合者,香港,出口總值(含復出口),54,10258
2016-12,39209991,其他塑膠板、片及扁條，非多孔性及未經以其他物質加強、積層、支持或與其他物質類似結合者,泰國,出口總值(含復出口),5,897
2016-12,39209991,其他塑膠板、片及扁條，非多孔性及未經以其他物質加強、積層、支持或與其他物質類似結合者,馬來西亞,出口總值(含復出口),25,11349
2016-12,39209991,其他塑膠板、片及扁條，非多孔性及未經以其他物質加強、積層、支持或與其他物質類似結合者,菲律賓,出口總值(含復出口),51,8403
2016-12,39209991,其他塑膠板、片及扁條，非多孔性及未經以其他物質加強、積層、支持或與其他物質類似結合者,越南,出口總值(含復出口),11,190
2016-12,39209991,其他塑膠板、片及扁條，非多孔性及未經以其他物質加強、積層、支持或與其他物質類似結合者,新加坡,出口總值(含復出口),4,4
2016-12,39209991,其他塑膠板、片及扁條，非多孔性及未經以其他物質加強、積層、支持或與其他物質類似結合者,義大利,出口總值(含復出口),5,464
2016-12,39209991,其他塑膠板、片及扁條，非多孔性及未經以其他物質加強、積層、支持或與其他物質類似結合者,德國,出口總值(含復出口),7,1456
2016-12,39209991,其他塑膠板、片及扁條，非多孔性及未經以其他物質加強、積層、支持或與其他物質類似結合者,澳大利亞,出口總值(含復出口),11,7562
2016-1,27101965,白臘油,不丹,出口總值(含復出口),9,11000
2016-1,27101965,白臘油,中國大陸,進口總值(含復進口),122,106000
2016-1,27101965,白臘油,中國大陸,出口總值(含復出口),3395,5556000
2016-1,27101965,白臘油,日本,進口總值(含復進口),48,25000
2016-1,27101965,白臘油,比利時,進口總值(含復進口),12,8000
2016-1,27101965,白臘油,卡達,進口總值(含復進口),3711,5224000
2016-1,27101965,白臘油,印尼,出口總值(含復出口),74,101000
2016-1,27101965,白臘油,印度,進口總值(含復進口),74,80000
2016-1,27101965,白臘油,印度,出口總值(含復出口),75,102000
2016-1,27101965,白臘油,西班牙,進口總值(含復進口),0,0
2016-1,27101965,白臘油,沙烏地阿拉伯,出口總值(含復出口),107,160000
2016-1,27101965,白臘油,其他國家,出口總值(含復出口),1,0
2016-1,27101965,白臘油,孟加拉,出口總值(含復出口),56,67000
2016-1,27101965,白臘油,法國,進口總值(含復進口),84,28000
2016-1,27101965,白臘油,南韓,進口總值(含復進口),807,964000
2016-1,27101965,白臘油,美國,進口總值(含復進口),965,1138000
2016-1,27101965,白臘油,香港,出口總值(含復出口),160,235000
2016-1,27101965,白臘油,泰國,出口總值(含復出口),91,104000
2016-1,27101965,白臘油,馬來西亞,進口總值(含復進口),827,1040000
2016-1,27101965,白臘油,馬來西亞,出口總值(含復出口),52,53000
2016-1,27101965,白臘油,越南,出口總值(含復出口),181,286000
2016-1,27101965,白臘油,新加坡,出口總值(含復出口),2,2000
2016-1,27101965,白臘油,德國,出口總值(含復出口),817,1200000
2016-1,27101965,白臘油,澳大利亞,出口總值(含復出口),41,60000
2016-1,29051220,異丙醇,中國大陸,出口總值(含復出口),1111,1217000
2016-1,29051220,異丙醇,中華民國,進口總值(含復進口),1,0
2016-1,29051220,異丙醇,巴基斯坦,出口總值(含復出口),146,221000
2016-1,29051220,異丙醇,日本,進口總值(含復進口),669,830000
2016-1,29051220,異丙醇,以色列,出口總值(含復出口),9,13000
2016-1,29051220,異丙醇,加拿大,進口總值(含復進口),17,5000
2016-1,29051220,異丙醇,印度,出口總值(含復出口),1336,2082000
2016-1,29051220,異丙醇,沙烏地阿拉伯,進口總值(含復進口),481,976000
2016-1,29051220,異丙醇,沙烏地阿拉伯,出口總值(含復出口),59,77000
2016-1,29051220,異丙醇,孟加拉,出口總值(含復出口),32,38000
2016-1,29051220,異丙醇,南韓,進口總值(含復進口),12,18000
2016-1,29051220,異丙醇,美國,進口總值(含復進口),89,19000
2016-1,29051220,異丙醇,香港,出口總值(含復出口),62,60000
2016-1,29051220,異丙醇,埃及,出口總值(含復出口),31,38000
2016-1,29051220,異丙醇,泰國,出口總值(含復出口),17,11000
2016-1,29051220,異丙醇,馬來西亞,出口總值(含復出口),123,70000
2016-1,29051220,異丙醇,荷蘭,進口總值(含復進口),0,0
2016-1,29051220,異丙醇,斯里蘭卡,出口總值(含復出口),10,13000
2016-1,29051220,異丙醇,菲律賓,進口總值(含復進口),2,4000
2016-1,29051220,異丙醇,菲律賓,出口總值(含復出口),288,142000
2016-1,29051220,異丙醇,越南,出口總值(含復出口),19,29000
2016-1,29051220,異丙醇,新加坡,出口總值(含復出口),139,82000
2016-1,29051220,異丙醇,德國,進口總值(含復進口),13,0
2016-1,29051220,異丙醇,澳大利亞,出口總值(含復出口),45,51000
2016-1,29051300,正丁醇,中國大陸,出口總值(含復出口),5775,10300000
2016-1,29051300,正丁醇,日本,出口總值(含復出口),4,5000
2016-1,29051300,正丁醇,美國,進口總值(含復進口),614,1000000
2016-1,29051300,正丁醇,英國,進口總值(含復進口),0,0
2016-1,29051300,正丁醇,菲律賓,出口總值(含復出口),31,40000
2016-1,29051300,正丁醇,德國,進口總值(含復進口),1,0
2016-1,29051300,正丁醇,澳大利亞,出口總值(含復出口),22,32000
2016-1,29094100,２，２'－氧基二乙醇（二乙二醇）,中國大陸,出口總值(含復出口),2363,5011250
2016-1,29094100,２，２'－氧基二乙醇（二乙二醇）,日本,進口總值(含復進口),0,9
2016-1,29094100,２，２'－氧基二乙醇（二乙二醇）,日本,出口總值(含復出口),35,57450
2016-1,29094100,２，２'－氧基二乙醇（二乙二醇）,比利時,進口總值(含復進口),0,0
2016-1,29094100,２，２'－氧基二乙醇（二乙二醇）,孟加拉,出口總值(含復出口),46,72000
2016-1,29094100,２，２'－氧基二乙醇（二乙二醇）,英國,進口總值(含復進口),0,31
2016-1,29094100,２，２'－氧基二乙醇（二乙二醇）,香港,出口總值(含復出口),12,4200
2016-1,29094100,２，２'－氧基二乙醇（二乙二醇）,哥倫比亞,出口總值(含復出口),24,41370
2016-1,29094100,２，２'－氧基二乙醇（二乙二醇）,斯里蘭卡,出口總值(含復出口),12,18000
2016-1,29094100,２，２'－氧基二乙醇（二乙二醇）,菲律賓,出口總值(含復出口),12,15750
2016-1,29094100,２，２'－氧基二乙醇（二乙二醇）,越南,出口總值(含復出口),62,90000
2016-1,29094100,２，２'－氧基二乙醇（二乙二醇）,新加坡,出口總值(含復出口),13,18000
2016-1,29094100,２，２'－氧基二乙醇（二乙二醇）,德國,進口總值(含復進口),0,6
2016-1,29094100,２，２'－氧基二乙醇（二乙二醇）,澳大利亞,出口總值(含復出口),15,19800
2016-1,29094100,２，２'－氧基二乙醇（二乙二醇）,澳門,出口總值(含復出口),28,36000
2016-1,29094310,乙二醇丁醚,巴基斯坦,出口總值(含復出口),51,51800
2016-1,29094310,乙二醇丁醚,日本,出口總值(含復出口),171,134375
2016-1,29094310,乙二醇丁醚,印尼,出口總值(含復出口),0,185
2016-1,29094310,乙二醇丁醚,法國,進口總值(含復進口),670,673900
2016-1,29094310,乙二醇丁醚,美國,進口總值(含復進口),1135,602282
2016-1,29094310,乙二醇丁醚,泰國,出口總值(含復出口),68,44400
2016-1,29094310,乙二醇丁醚,斯里蘭卡,出口總值(含復出口),27,26825
2016-1,29094310,乙二醇丁醚,越南,出口總值(含復出口),158,151700
2016-1,29094310,乙二醇丁醚,新加坡,出口總值(含復出口),16,14800
2016-1,29094310,乙二醇丁醚,德國,進口總值(含復進口),0,1
2016-1,29094310,乙二醇丁醚,澳大利亞,出口總值(含復出口),40,34700
2016-1,29153200,醋酸乙烯酯,中國大陸,進口總值(含復進口),843,1046911
2016-1,29153200,醋酸乙烯酯,中國大陸,出口總值(含復出口),8296,11971845
2016-1,29153200,醋酸乙烯酯,巴西,出口總值(含復出口),31,30400
2016-1,29153200,醋酸乙烯酯,巴基斯坦,出口總值(含復出口),411,486400
2016-1,29153200,醋酸乙烯酯,日本,出口總值(含復出口),543,704912
2016-1,29153200,醋酸乙烯酯,比利時,出口總值(含復出口),9572,11999347
2016-1,29153200,醋酸乙烯酯,印度,出口總值(含復出口),29,30400
2016-1,29153200,醋酸乙烯酯,奈及利亞,出口總值(含復出口),86,91200
2016-1,29153200,醋酸乙烯酯,委內瑞拉,出口總值(含復出口),45,40000
2016-1,29153200,醋酸乙烯酯,孟加拉,出口總值(含復出口),75,76000
2016-1,29153200,醋酸乙烯酯,肯亞,出口總值(含復出口),14,15200
2016-1,29153200,醋酸乙烯酯,南韓,出口總值(含復出口),4114,4966409
2016-1,29153200,醋酸乙烯酯,英國,進口總值(含復進口),0,1
2016-1,29153200,醋酸乙烯酯,哥倫比亞,出口總值(含復出口),179,199620
2016-1,29153200,醋酸乙烯酯,泰國,出口總值(含復出口),260,299780
2016-1,29153200,醋酸乙烯酯,斯里蘭卡,出口總值(含復出口),59,60800
2016-1,29153200,醋酸乙烯酯,越南,出口總值(含復出口),564,694655
2016-1,29153200,醋酸乙烯酯,新加坡,進口總值(含復進口),280,313491
2016-1,29153200,醋酸乙烯酯,德國,進口總值(含復進口),0,0
2016-2,27101965,白臘油,中國大陸,出口總值(含復出口),4546,7507000
2016-2,27101965,白臘油,巴西,出口總值(含復出口),13,20000
2016-2,27101965,白臘油,日本,進口總值(含復進口),57,31000
2016-2,27101965,白臘油,印度,進口總值(含復進口),63,67000
2016-2,27101965,白臘油,印度,出口總值(含復出口),80,113000
2016-2,27101965,白臘油,西班牙,進口總值(含復進口),0,0
2016-2,27101965,白臘油,沙烏地阿拉伯,出口總值(含復出口),204,320000
2016-2,27101965,白臘油,其他國家,出口總值(含復出口),1,0
2016-2,27101965,白臘油,南韓,進口總值(含復進口),519,980000
2016-2,27101965,白臘油,美國,進口總值(含復進口),50,24000
2016-2,27101965,白臘油,香港,出口總值(含復出口),67,100000
2016-2,27101965,白臘油,泰國,出口總值(含復出口),26,40000
2016-2,27101965,白臘油,馬來西亞,出口總值(含復出口),46,53000
2016-2,27101965,白臘油,越南,出口總值(含復出口),130,203000
2016-2,27101965,白臘油,德國,進口總值(含復進口),0,0
2016-2,27101965,白臘油,德國,出口總值(含復出口),939,1403000
2016-2,27101965,白臘油,澳大利亞,進口總值(含復進口),4,2000
2016-2,27101965,白臘油,澳大利亞,出口總值(含復出口),26,40000
2016-2,29051220,異丙醇,中國大陸,進口總值(含復進口),0,0
2016-2,29051220,異丙醇,中國大陸,出口總值(含復出口),492,187000
2016-2,29051220,異丙醇,中華民國,進口總值(含復進口),1,0
2016-2,29051220,異丙醇,巴基斯坦,出口總值(含復出口),329,454000
2016-2,29051220,異丙醇,日本,進口總值(含復進口),746,986000
2016-2,29051220,異丙醇,印度,出口總值(含復出口),1117,1845000
2016-2,29051220,異丙醇,奈及利亞,出口總值(含復出口),7,13000
2016-2,29051220,異丙醇,孟加拉,出口總值(含復出口),44,52000
2016-2,29051220,異丙醇,阿拉伯聯合大公國,出口總值(含復出口),65,91000
2016-2,29051220,異丙醇,約旦,出口總值(含復出口),10,13000
2016-2,29051220,異丙醇,美國,進口總值(含復進口),8,1000
2016-2,29051220,異丙醇,英國,進口總值(含復進口),1,0
2016-2,29051220,異丙醇,香港,出口總值(含復出口),41,34000
2016-2,29051220,異丙醇,泰國,出口總值(含復出口),17,11000
2016-2,29051220,異丙醇,馬來西亞,出口總值(含復出口),146,75000
2016-2,29051220,異丙醇,斯里蘭卡,出口總值(含復出口),52,64000
2016-2,29051220,異丙醇,菲律賓,進口總值(含復進口),1,1000
2016-2,29051220,異丙醇,菲律賓,出口總值(含復出口),179,81000
2016-2,29051220,異丙醇,越南,出口總值(含復出口),36,54000
2016-2,29051220,異丙醇,新加坡,出口總值(含復出口),75,46000
2016-2,29051220,異丙醇,德國,進口總值(含復進口),4,0
2016-2,29051220,異丙醇,澳大利亞,出口總值(含復出口),34,44000
2016-2,29051300,正丁醇,中國大陸,出口總值(含復出口),10790,19650000
2016-2,29051300,正丁醇,日本,出口總值(含復出口),5,7000
2016-2,29051300,正丁醇,美國,進口總值(含復進口),0,0
2016-2,29051300,正丁醇,英國,進口總值(含復進口),0,0
2016-2,29051300,正丁醇,斯里蘭卡,出口總值(含復出口),8,13000
2016-2,29051300,正丁醇,菲律賓,出口總值(含復出口),2,3000
2016-2,29051300,正丁醇,德國,進口總值(含復進口),1,0
2016-2,29051300,正丁醇,澳大利亞,出口總值(含復出口),6,8000
2016-2,29094100,２，２'－氧基二乙醇（二乙二醇）,中國大陸,出口總值(含復出口),2558,4999700
2016-2,29094100,２，２'－氧基二乙醇（二乙二醇）,日本,出口總值(含復出口),23,39580
2016-2,29094100,２，２'－氧基二乙醇（二乙二醇）,孟加拉,出口總值(含復出口),49,72000
2016-2,29094100,２，２'－氧基二乙醇（二乙二醇）,南非,出口總值(含復出口),29,36000
2016-2,29094100,２，２'－氧基二乙醇（二乙二醇）,美國,進口總值(含復進口),0,0
2016-2,29094100,２，２'－氧基二乙醇（二乙二醇）,英國,進口總值(含復進口),0,11
2016-2,29094100,２，２'－氧基二乙醇（二乙二醇）,香港,出口總值(含復出口),10,3500
2016-2,29094100,２，２'－氧基二乙醇（二乙二醇）,埃及,出口總值(含復出口),13,18000
2016-2,29094100,２，２'－氧基二乙醇（二乙二醇）,秘魯,出口總值(含復出口),13,18000
2016-2,29094100,２，２'－氧基二乙醇（二乙二醇）,菲律賓,出口總值(含復出口),13,18000
2016-2,29094100,２，２'－氧基二乙醇（二乙二醇）,越南,出口總值(含復出口),18,22725
2016-2,29094100,２，２'－氧基二乙醇（二乙二醇）,德國,出口總值(含復出口),0,10
2016-2,29094310,乙二醇丁醚,中國大陸,出口總值(含復出口),13,20120
2016-2,29094310,乙二醇丁醚,巴基斯坦,出口總值(含復出口),28,29600
2016-2,29094310,乙二醇丁醚,日本,進口總值(含復進口),1,135
2016-2,29094310,乙二醇丁醚,日本,出口總值(含復出口),118,118400
2016-2,29094310,乙二醇丁醚,美國,進口總值(含復進口),891,941838
2016-2,29094310,乙二醇丁醚,泰國,出口總值(含復出口),15,14800
2016-2,29094310,乙二醇丁醚,馬來西亞,出口總值(含復出口),29,29600
2016-2,29094310,乙二醇丁醚,斯里蘭卡,出口總值(含復出口),44,44400
2016-2,29094310,乙二醇丁醚,越南,出口總值(含復出口),132,134495
2016-2,29094310,乙二醇丁醚,德國,進口總值(含復進口),1,180
2016-2,29094310,乙二醇丁醚,澳大利亞,出口總值(含復出口),66,59860
2016-2,29153200,醋酸乙烯酯,中國大陸,進口總值(含復進口),19,21800
2016-2,29153200,醋酸乙烯酯,中國大陸,出口總值(含復出口),9402,13931863
2016-2,29153200,醋酸乙烯酯,厄瓜多,出口總值(含復出口),128,159680
2016-2,29153200,醋酸乙烯酯,巴基斯坦,出口總值(含復出口),104,121600
2016-2,29153200,醋酸乙烯酯,比利時,出口總值(含復出口),5916,6969160
2016-2,29153200,醋酸乙烯酯,印度,出口總值(含復出口),43,45600
2016-2,29153200,醋酸乙烯酯,孟加拉,出口總值(含復出口),81,76000
2016-2,29153200,醋酸乙烯酯,南韓,出口總值(含復出口),2494,2983217
2016-2,29153200,醋酸乙烯酯,約旦,出口總值(含復出口),193,228000
2016-2,29153200,醋酸乙烯酯,美國,出口總值(含復出口),50,59910
2016-2,29153200,醋酸乙烯酯,哥倫比亞,出口總值(含復出口),193,219450
2016-2,29153200,醋酸乙烯酯,敘利亞,出口總值(含復出口),52,60800
2016-2,29153200,醋酸乙烯酯,荷蘭,進口總值(含復進口),1,137
2016-2,29153200,醋酸乙烯酯,新加坡,進口總值(含復進口),763,849658
2016-2,29153200,醋酸乙烯酯,德國,進口總值(含復進口),0,0
2016-3,27101965,白臘油,不丹,出口總值(含復出口),9,11000
2016-3,27101965,白臘油,中國大陸,出口總值(含復出口),2395,3736000
2016-3,27101965,白臘油,中華民國,進口總值(含復進口),185,206000
2016-3,27101965,白臘油,日本,進口總值(含復進口),1316,2043000
2016-3,27101965,白臘油,印尼,出口總值(含復出口),139,202000
2016-3,27101965,白臘油,印度,進口總值(含復進口),67,74000
2016-3,27101965,白臘油,印度,出口總值(含復出口),115,165000
2016-3,27101965,白臘油,沙烏地阿拉伯,出口總值(含復出口),384,600000
2016-3,27101965,白臘油,其他國家,出口總值(含復出口),2,0
2016-3,27101965,白臘油,孟加拉,出口總值(含復出口),74,101000
2016-3,27101965,白臘油,法國,進口總值(含復進口),81,53000
2016-3,27101965,白臘油,南韓,進口總值(含復進口),2079,4002000
2016-3,27101965,白臘油,美國,進口總值(含復進口),1047,1352000
2016-3,27101965,白臘油,香港,出口總值(含復出口),123,188000
2016-3,27101965,白臘油,泰國,進口總值(含復進口),105,238000
2016-3,27101965,白臘油,泰國,出口總值(含復出口),41,52000
2016-3,27101965,白臘油,馬來西亞,進口總值(含復進口),803,1042000
2016-3,27101965,白臘油,馬來西亞,出口總值(含復出口),61,71000
2016-3,27101965,白臘油,越南,出口總值(含復出口),241,411000
2016-3,27101965,白臘油,新加坡,進口總值(含復進口),17,13000
2016-3,27101965,白臘油,德國,進口總值(含復進口),0,0
2016-3,27101965,白臘油,德國,出口總值(含復出口),200,300000
2016-3,27101965,白臘油,澳大利亞,出口總值(含復出口),13,20000
2016-3,29051220,異丙醇,中國大陸,進口總值(含復進口),12,13000
2016-3,29051220,異丙醇,中國大陸,出口總值(含復出口),499,195000
2016-3,29051220,異丙醇,中華民國,進口總值(含復進口),1,0
2016-3,29051220,異丙醇,巴基斯坦,出口總值(含復出口),213,326000
2016-3,29051220,異丙醇,日本,進口總值(含復進口),898,1201000
2016-3,29051220,異丙醇,加拿大,進口總值(含復進口),2,0
2016-3,29051220,異丙醇,卡達,出口總值(含復出口),10,13000
2016-3,29051220,異丙醇,印度,進口總值(含復進口),21,6000
2016-3,29051220,異丙醇,印度,出口總值(含復出口),409,528000
2016-3,29051220,異丙醇,沙烏地阿拉伯,出口總值(含復出口),20,26000
2016-3,29051220,異丙醇,孟加拉,出口總值(含復出口),21,18000
2016-3,29051220,異丙醇,阿拉伯聯合大公國,出口總值(含復出口),13,26000
2016-3,29051220,異丙醇,南韓,進口總值(含復進口),17,19000
2016-3,29051220,異丙醇,美國,進口總值(含復進口),132,46000
2016-3,29051220,異丙醇,英國,進口總值(含復進口),1,0
2016-3,29051220,異丙醇,香港,出口總值(含復出口),30,21000
2016-3,29051220,異丙醇,埃及,出口總值(含復出口),20,26000
2016-3,29051220,異丙醇,泰國,出口總值(含復出口),58,62000
2016-3,29051220,異丙醇,馬來西亞,出口總值(含復出口),256,115000
2016-3,29051220,異丙醇,斯里蘭卡,出口總值(含復出口),50,64000
2016-3,29051220,異丙醇,菲律賓,進口總值(含復進口),1,2000
2016-3,29051220,異丙醇,菲律賓,出口總值(含復出口),265,119000
2016-3,29051220,異丙醇,越南,出口總值(含復出口),55,74000
2016-3,29051220,異丙醇,新加坡,出口總值(含復出口),119,66000
2016-3,29051220,異丙醇,德國,進口總值(含復進口),9,1000
2016-3,29051220,異丙醇,澳大利亞,出口總值(含復出口),99,123000
2016-3,29051300,正丁醇,中國大陸,出口總值(含復出口),5655,9950000
2016-3,29051300,正丁醇,日本,進口總值(含復進口),0,0
2016-3,29051300,正丁醇,日本,出口總值(含復出口),14,16000
2016-3,29051300,正丁醇,比利時,進口總值(含復進口),0,0
2016-3,29051300,正丁醇,西班牙,進口總值(含復進口),0,0
2016-3,29051300,正丁醇,南非,進口總值(含復進口),779,1500000
2016-3,29051300,正丁醇,南韓,進口總值(含復進口),1,0
2016-3,29051300,正丁醇,美國,進口總值(含復進口),0,0
2016-3,29051300,正丁醇,英國,進口總值(含復進口),0,0
2016-3,29051300,正丁醇,菲律賓,出口總值(含復出口),4,5000
2016-3,29051300,正丁醇,德國,進口總值(含復進口),0,0
2016-3,29051300,正丁醇,澳大利亞,出口總值(含復出口),18,26000
2016-3,29094100,２，２'－氧基二乙醇（二乙二醇）,中國大陸,進口總值(含復進口),0,7
2016-3,29094100,２，２'－氧基二乙醇（二乙二醇）,中國大陸,出口總值(含復出口),8770,16035710
2016-3,29094100,２，２'－氧基二乙醇（二乙二醇）,日本,進口總值(含復進口),0,9
2016-3,29094100,２，２'－氧基二乙醇（二乙二醇）,日本,出口總值(含復出口),91,129130
2016-3,29094100,２，２'－氧基二乙醇（二乙二醇）,孟加拉,出口總值(含復出口),13,18000
2016-3,29094100,２，２'－氧基二乙醇（二乙二醇）,南非,出口總值(含復出口),27,36000
2016-3,29094100,２，２'－氧基二乙醇（二乙二醇）,美國,進口總值(含復進口),0,0
2016-3,29094100,２，２'－氧基二乙醇（二乙二醇）,英國,進口總值(含復進口),1,60
2016-3,29094100,２，２'－氧基二乙醇（二乙二醇）,香港,出口總值(含復出口),8,2800
2016-3,29094100,２，２'－氧基二乙醇（二乙二醇）,秘魯,出口總值(含復出口),13,18000
2016-3,29094100,２，２'－氧基二乙醇（二乙二醇）,荷蘭,進口總值(含復進口),0,17
2016-3,29094100,２，２'－氧基二乙醇（二乙二醇）,斯里蘭卡,出口總值(含復出口),13,18000
2016-3,29094100,２，２'－氧基二乙醇（二乙二醇）,越南,出口總值(含復出口),297,506650
2016-3,29094100,２，２'－氧基二乙醇（二乙二醇）,德國,進口總值(含復進口),0,17
2016-3,29094310,乙二醇丁醚,巴基斯坦,出口總值(含復出口),58,59200
2016-3,29094310,乙二醇丁醚,日本,進口總值(含復進口),1,155
2016-3,29094310,乙二醇丁醚,日本,出口總值(含復出口),92,49520
2016-3,29094310,乙二醇丁醚,印尼,出口總值(含復出口),0,185
2016-3,29094310,乙二醇丁醚,法國,進口總值(含復進口),0,0
2016-3,29094310,乙二醇丁醚,南韓,進口總值(含復進口),31,34110
2016-3,29094310,乙二醇丁醚,柬埔寨,出口總值(含復出口),3,720
2016-3,29094310,乙二醇丁醚,美國,進口總值(含復進口),1911,2060107
2016-3,29094310,乙二醇丁醚,泰國,出口總值(含復出口),159,88800
2016-3,29094310,乙二醇丁醚,馬來西亞,出口總值(含復出口),27,29600
2016-3,29094310,乙二醇丁醚,斯里蘭卡,出口總值(含復出口),117,118400
2016-3,29094310,乙二醇丁醚,越南,出口總值(含復出口),305,341695
2016-3,29094310,乙二醇丁醚,澳大利亞,出口總值(含復出口),110,102700
2016-3,29153200,醋酸乙烯酯,中國大陸,進口總值(含復進口),826,972064
2016-3,29153200,醋酸乙烯酯,中國大陸,出口總值(含復出口),6141,9962769
2016-3,29153200,醋酸乙烯酯,巴基斯坦,出口總值(含復出口),171,197600
2016-3,29153200,醋酸乙烯酯,日本,出口總值(含復出口),528,695553
2016-3,29153200,醋酸乙烯酯,比利時,出口總值(含復出口),3678,4488293
2016-3,29153200,醋酸乙烯酯,印度,出口總值(含復出口),70,72200
2016-3,29153200,醋酸乙烯酯,吉布地,出口總值(含復出口),58,60800
2016-3,29153200,醋酸乙烯酯,西班牙,出口總值(含復出口),3276,3996943
2016-3,29153200,醋酸乙烯酯,奈及利亞,出口總值(含復出口),99,106400
2016-3,29153200,醋酸乙烯酯,委內瑞拉,出口總值(含復出口),64,79840
2016-3,29153200,醋酸乙烯酯,肯亞,出口總值(含復出口),15,15200
2016-3,29153200,醋酸乙烯酯,南韓,出口總值(含復出口),4099,4976844
2016-3,29153200,醋酸乙烯酯,約旦,出口總值(含復出口),38,45600
2016-3,29153200,醋酸乙烯酯,美國,出口總值(含復出口),2401,3041729
2016-3,29153200,醋酸乙烯酯,哥倫比亞,出口總值(含復出口),292,339190
2016-3,29153200,醋酸乙烯酯,埃及,出口總值(含復出口),817,996689
2016-3,29153200,醋酸乙烯酯,泰國,出口總值(含復出口),924,1195502
2016-3,29153200,醋酸乙烯酯,秘魯,出口總值(含復出口),19,19890
2016-3,29153200,醋酸乙烯酯,斯里蘭卡,出口總值(含復出口),103,106400
2016-3,29153200,醋酸乙烯酯,新加坡,進口總值(含復進口),414,471228
2016-4,27101965,白臘油,中國大陸,出口總值(含復出口),1671,2554000
2016-4,27101965,白臘油,日本,進口總值(含復進口),1075,2086000
2016-4,27101965,白臘油,日本,出口總值(含復出口),10,3000
2016-4,27101965,白臘油,比利時,進口總值(含復進口),43,14000
2016-4,27101965,白臘油,印尼,出口總值(含復出口),0,0
2016-4,27101965,白臘油,印度,進口總值(含復進口),18,20000
2016-4,27101965,白臘油,沙烏地阿拉伯,出口總值(含復出口),204,300000
2016-4,27101965,白臘油,其他國家,出口總值(含復出口),1,0
2016-4,27101965,白臘油,孟加拉,出口總值(含復出口),76,102000
2016-4,27101965,白臘油,南韓,進口總值(含復進口),714,1494000
2016-4,27101965,白臘油,美國,進口總值(含復進口),48,32000
2016-4,27101965,白臘油,香港,出口總值(含復出口),510,778000
2016-4,27101965,白臘油,泰國,出口總值(含復出口),81,120000
2016-4,27101965,白臘油,馬來西亞,進口總值(含復進口),2209,3502000
2016-4,27101965,白臘油,馬來西亞,出口總值(含復出口),62,71000
2016-4,27101965,白臘油,越南,出口總值(含復出口),79,117000
2016-4,27101965,白臘油,新加坡,出口總值(含復出口),6,4000
2016-4,27101965,白臘油,德國,進口總值(含復進口),0,0
2016-4,27101965,白臘油,德國,出口總值(含復出口),408,601000
2016-4,27101965,白臘油,澳大利亞,出口總值(含復出口),41,60000
2016-4,29051220,異丙醇,中國大陸,出口總值(含復出口),502,195000
2016-4,29051220,異丙醇,中華民國,進口總值(含復進口),1,0
2016-4,29051220,異丙醇,巴基斯坦,出口總值(含復出口),368,575000
2016-4,29051220,異丙醇,日本,進口總值(含復進口),572,773000
2016-4,29051220,異丙醇,加拿大,進口總值(含復進口),13,4000
2016-4,29051220,異丙醇,印度,出口總值(含復出口),833,1096000
2016-4,29051220,異丙醇,西班牙,進口總值(含復進口),1,0
2016-4,29051220,異丙醇,沙烏地阿拉伯,出口總值(含復出口),84,102000
2016-4,29051220,異丙醇,孟加拉,出口總值(含復出口),10,13000
2016-4,29051220,異丙醇,阿拉伯聯合大公國,出口總值(含復出口),14,26000
2016-4,29051220,異丙醇,約旦,出口總值(含復出口),20,26000
2016-4,29051220,異丙醇,美國,進口總值(含復進口),32,11000
2016-4,29051220,異丙醇,英國,進口總值(含復進口),0,0
2016-4,29051220,異丙醇,香港,出口總值(含復出口),77,73000
2016-4,29051220,異丙醇,埃及,出口總值(含復出口),13,26000
2016-4,29051220,異丙醇,泰國,出口總值(含復出口),48,33000
2016-4,29051220,異丙醇,馬來西亞,出口總值(含復出口),132,56000
2016-4,29051220,異丙醇,斯里蘭卡,出口總值(含復出口),27,26000
2016-4,29051220,異丙醇,菲律賓,進口總值(含復進口),1,2000
2016-4,29051220,異丙醇,菲律賓,出口總值(含復出口),225,113000
2016-4,29051220,異丙醇,越南,出口總值(含復出口),57,97000
2016-4,29051220,異丙醇,新加坡,出口總值(含復出口),117,66000
2016-4,29051220,異丙醇,德國,進口總值(含復進口),6,0
2016-4,29051220,異丙醇,澳大利亞,出口總值(含復出口),118,133000
2016-4,29051300,正丁醇,中國大陸,出口總值(含復出口),9742,15800000
2016-4,29051300,正丁醇,日本,進口總值(含復進口),0,0
2016-4,29051300,正丁醇,日本,出口總值(含復出口),4,5000
2016-4,29051300,正丁醇,西班牙,進口總值(含復進口),0,0
2016-4,29051300,正丁醇,美國,進口總值(含復進口),0,0
2016-4,29051300,正丁醇,泰國,出口總值(含復出口),43,60000
2016-4,29051300,正丁醇,馬來西亞,進口總值(含復進口),284,496000
2016-4,29051300,正丁醇,菲律賓,出口總值(含復出口),41,56000
2016-4,29051300,正丁醇,德國,進口總值(含復進口),0,0
2016-4,29051300,正丁醇,澳大利亞,出口總值(含復出口),5,7000
2016-4,29094100,２，２'－氧基二乙醇（二乙二醇）,中國大陸,出口總值(含復出口),9722,17030480
2016-4,29094100,２，２'－氧基二乙醇（二乙二醇）,巴基斯坦,出口總值(含復出口),105,144000
2016-4,29094100,２，２'－氧基二乙醇（二乙二醇）,日本,出口總值(含復出口),12,19740
2016-4,29094100,２，２'－氧基二乙醇（二乙二醇）,印尼,出口總值(含復出口),4,2000
2016-4,29094100,２，２'－氧基二乙醇（二乙二醇）,孟加拉,出口總值(含復出口),42,54000
2016-4,29094100,２，２'－氧基二乙醇（二乙二醇）,南非,出口總值(含復出口),26,31500
2016-4,29094100,２，２'－氧基二乙醇（二乙二醇）,南韓,進口總值(含復進口),1,9
2016-4,29094100,２，２'－氧基二乙醇（二乙二醇）,香港,出口總值(含復出口),8,4135
2016-4,29094100,２，２'－氧基二乙醇（二乙二醇）,馬來西亞,出口總值(含復出口),14,18000
2016-4,29094100,２，２'－氧基二乙醇（二乙二醇）,菲律賓,出口總值(含復出口),7,9000
2016-4,29094100,２，２'－氧基二乙醇（二乙二醇）,越南,出口總值(含復出口),26,24375
2016-4,29094310,乙二醇丁醚,中國大陸,進口總值(含復進口),4,361
2016-4,29094310,乙二醇丁醚,巴基斯坦,出口總值(含復出口),43,44400
2016-4,29094310,乙二醇丁醚,日本,進口總值(含復進口),0,135
2016-4,29094310,乙二醇丁醚,日本,出口總值(含復出口),89,79180
2016-4,29094310,乙二醇丁醚,比利時,進口總值(含復進口),0,2
2016-4,29094310,乙二醇丁醚,法國,進口總值(含復進口),0,0
2016-4,29094310,乙二醇丁醚,南韓,進口總值(含復進口),20,15040
2016-4,29094310,乙二醇丁醚,美國,進口總值(含復進口),1898,2065699
2016-4,29094310,乙二醇丁醚,香港,出口總值(含復出口),28,29600
2016-4,29094310,乙二醇丁醚,泰國,出口總值(含復出口),135,81400
2016-4,29094310,乙二醇丁醚,馬來西亞,出口總值(含復出口),28,29600
2016-4,29094310,乙二醇丁醚,斯里蘭卡,出口總值(含復出口),43,44400
2016-4,29094310,乙二醇丁醚,菲律賓,出口總值(含復出口),9,5437
2016-4,29094310,乙二醇丁醚,越南,出口總值(含復出口),166,177600
2016-4,29094310,乙二醇丁醚,新加坡,出口總值(含復出口),15,14800
2016-4,29094310,乙二醇丁醚,德國,進口總值(含復進口),1,180
2016-4,29094310,乙二醇丁醚,澳大利亞,出口總值(含復出口),109,101020
2016-4,29153200,醋酸乙烯酯,中國大陸,出口總值(含復出口),14894,21798810
2016-4,29153200,醋酸乙烯酯,巴基斯坦,出口總值(含復出口),346,418280
2016-4,29153200,醋酸乙烯酯,比利時,出口總值(含復出口),8210,10032082
2016-4,29153200,醋酸乙烯酯,印度,出口總值(含復出口),29,30400
2016-4,29153200,醋酸乙烯酯,吉布地,出口總值(含復出口),57,60800
2016-4,29153200,醋酸乙烯酯,西班牙,出口總值(含復出口),1996,2418992
2016-4,29153200,醋酸乙烯酯,奈及利亞,出口總值(含復出口),114,121600
2016-4,29153200,醋酸乙烯酯,委內瑞拉,出口總值(含復出口),14,15200
2016-4,29153200,醋酸乙烯酯,孟加拉,出口總值(含復出口),31,30400
2016-4,29153200,醋酸乙烯酯,南非,出口總值(含復出口),70,79850
2016-4,29153200,醋酸乙烯酯,突尼西亞,出口總值(含復出口),71,76000
2016-4,29153200,醋酸乙烯酯,約旦,出口總值(含復出口),64,76000
2016-4,29153200,醋酸乙烯酯,美國,出口總值(含復出口),47,59740
2016-4,29153200,醋酸乙烯酯,哥倫比亞,出口總值(含復出口),172,199520
2016-4,29153200,醋酸乙烯酯,烏拉圭,出口總值(含復出口),82,119760
2016-4,29153200,醋酸乙烯酯,敘利亞,出口總值(含復出口),26,30400
2016-4,29153200,醋酸乙烯酯,斯里蘭卡,出口總值(含復出口),72,76000
2016-4,29153200,醋酸乙烯酯,越南,出口總值(含復出口),751,987843
2016-4,29153200,醋酸乙烯酯,新加坡,進口總值(含復進口),1908,2313199
2016-5,27101965,白臘油,中國大陸,出口總值(含復出口),4214,5865000
2016-5,27101965,白臘油,中華民國,進口總值(含復進口),76,84000
2016-5,27101965,白臘油,日本,進口總值(含復進口),712,1019000
2016-5,27101965,白臘油,比利時,進口總值(含復進口),25,18000
2016-5,27101965,白臘油,卡達,進口總值(含復進口),3772,4914000
2016-5,27101965,白臘油,印尼,出口總值(含復出口),94,121000
2016-5,27101965,白臘油,印度,進口總值(含復進口),46,53000
2016-5,27101965,白臘油,印度,出口總值(含復出口),30,27000
2016-5,27101965,白臘油,沙烏地阿拉伯,出口總值(含復出口),283,401000
2016-5,27101965,白臘油,其他國家,出口總值(含復出口),1,0
2016-5,27101965,白臘油,法國,進口總值(含復進口),19,19000
2016-5,27101965,白臘油,南韓,進口總值(含復進口),1436,2063000
2016-5,27101965,白臘油,美國,進口總值(含復進口),141,75000
2016-5,27101965,白臘油,香港,出口總值(含復出口),125,165000
2016-5,27101965,白臘油,泰國,進口總值(含復進口),69,161000
2016-5,27101965,白臘油,泰國,出口總值(含復出口),131,156000
2016-5,27101965,白臘油,馬來西亞,出口總值(含復出口),65,72000
2016-5,27101965,白臘油,越南,出口總值(含復出口),90,107000
2016-5,27101965,白臘油,德國,進口總值(含復進口),0,0
2016-5,27101965,白臘油,德國,出口總值(含復出口),79,101000
2016-5,27101965,白臘油,澳大利亞,出口總值(含復出口),30,40000
2016-5,29051220,異丙醇,中國大陸,出口總值(含復出口),491,190000
2016-5,29051220,異丙醇,中華民國,進口總值(含復進口),18,5000
2016-5,29051220,異丙醇,巴基斯坦,出口總值(含復出口),117,183000
2016-5,29051220,異丙醇,日本,進口總值(含復進口),1024,1318000
2016-5,29051220,異丙醇,比利時,進口總值(含復進口),0,0
2016-5,29051220,異丙醇,加拿大,進口總值(含復進口),5,2000
2016-5,29051220,異丙醇,印尼,出口總值(含復出口),0,0
2016-5,29051220,異丙醇,印度,出口總值(含復出口),625,734000
2016-5,29051220,異丙醇,西班牙,進口總值(含復進口),0,0
2016-5,29051220,異丙醇,孟加拉,出口總值(含復出口),73,78000
2016-5,29051220,異丙醇,波蘭,進口總值(含復進口),0,0
2016-5,29051220,異丙醇,南韓,進口總值(含復進口),13,18000
2016-5,29051220,異丙醇,美國,進口總值(含復進口),91,20000
2016-5,29051220,異丙醇,香港,出口總值(含復出口),98,63000
2016-5,29051220,異丙醇,泰國,出口總值(含復出口),66,77000
2016-5,29051220,異丙醇,馬來西亞,出口總值(含復出口),90,39000
2016-5,29051220,異丙醇,荷蘭,進口總值(含復進口),0,0
2016-5,29051220,異丙醇,菲律賓,進口總值(含復進口),1,2000
2016-5,29051220,異丙醇,菲律賓,出口總值(含復出口),198,91000
2016-5,29051220,異丙醇,越南,出口總值(含復出口),66,94000
2016-5,29051220,異丙醇,新加坡,出口總值(含復出口),88,49000
2016-5,29051220,異丙醇,德國,進口總值(含復進口),10,1000
2016-5,29051220,異丙醇,澳大利亞,出口總值(含復出口),64,69000
2016-5,29051300,正丁醇,中國大陸,出口總值(含復出口),10815,17800000
2016-5,29051300,正丁醇,日本,出口總值(含復出口),11,14000
2016-5,29051300,正丁醇,西班牙,進口總值(含復進口),2,0
2016-5,29051300,正丁醇,南非,進口總值(含復進口),297,500000
2016-5,29051300,正丁醇,南韓,出口總值(含復出口),612,1000000
2016-5,29051300,正丁醇,美國,進口總值(含復進口),0,0
2016-5,29051300,正丁醇,英國,進口總值(含復進口),0,0
2016-5,29051300,正丁醇,香港,出口總值(含復出口),1,2000
2016-5,29051300,正丁醇,泰國,出口總值(含復出口),88,127000
2016-5,29051300,正丁醇,馬來西亞,進口總值(含復進口),263,475000
2016-5,29051300,正丁醇,菲律賓,出口總值(含復出口),2,3000
2016-5,29051300,正丁醇,德國,進口總值(含復進口),0,0
2016-5,29094100,２，２'－氧基二乙醇（二乙二醇）,中國大陸,進口總值(含復進口),0,6
2016-5,29094100,２，２'－氧基二乙醇（二乙二醇）,中國大陸,出口總值(含復出口),9153,16030935
2016-5,29094100,２，２'－氧基二乙醇（二乙二醇）,巴基斯坦,出口總值(含復出口),9,18000
2016-5,29094100,２，２'－氧基二乙醇（二乙二醇）,日本,出口總值(含復出口),39,55960
2016-5,29094100,２，２'－氧基二乙醇（二乙二醇）,比利時,進口總值(含復進口),0,0
2016-5,29094100,２，２'－氧基二乙醇（二乙二醇）,瓜地馬拉,出口總值(含復出口),15,18000
2016-5,29094100,２，２'－氧基二乙醇（二乙二醇）,印度,出口總值(含復出口),8,20480
2016-5,29094100,２，２'－氧基二乙醇（二乙二醇）,孟加拉,出口總值(含復出口),23,36000
2016-5,29094100,２，２'－氧基二乙醇（二乙二醇）,南韓,進口總值(含復進口),0,13
2016-5,29094100,２，２'－氧基二乙醇（二乙二醇）,英國,進口總值(含復進口),0,40
2016-5,29094100,２，２'－氧基二乙醇（二乙二醇）,香港,出口總值(含復出口),4,4500
2016-5,29094100,２，２'－氧基二乙醇（二乙二醇）,菲律賓,出口總值(含復出口),31,40390
2016-5,29094100,２，２'－氧基二乙醇（二乙二醇）,越南,出口總值(含復出口),11,8175
2016-5,29094100,２，２'－氧基二乙醇（二乙二醇）,德國,進口總值(含復進口),0,6
2016-5,29094100,２，２'－氧基二乙醇（二乙二醇）,澳大利亞,出口總值(含復出口),14,18000
2016-5,29094310,乙二醇丁醚,中國大陸,出口總值(含復出口),32,34900
2016-5,29094310,乙二醇丁醚,中華民國,進口總值(含復進口),1,241
2016-5,29094310,乙二醇丁醚,日本,進口總值(含復進口),0,135
2016-5,29094310,乙二醇丁醚,日本,出口總值(含復出口),207,154440
2016-5,29094310,乙二醇丁醚,印尼,出口總值(含復出口),0,185
2016-5,29094310,乙二醇丁醚,南韓,進口總值(含復進口),225,241022
2016-5,29094310,乙二醇丁醚,美國,進口總值(含復進口),1077,1249940
2016-5,29094310,乙二醇丁醚,泰國,出口總值(含復出口),115,44400
2016-5,29094310,乙二醇丁醚,馬來西亞,出口總值(含復出口),28,29600
2016-5,29094310,乙二醇丁醚,斯里蘭卡,出口總值(含復出口),11,11100
2016-5,29094310,乙二醇丁醚,越南,出口總值(含復出口),302,327450
2016-5,29094310,乙二醇丁醚,德國,進口總值(含復進口),1,181
2016-5,29094310,乙二醇丁醚,澳大利亞,出口總值(含復出口),47,41900
2016-5,29153200,醋酸乙烯酯,中國大陸,進口總值(含復進口),37,41660
2016-5,29153200,醋酸乙烯酯,中國大陸,出口總值(含復出口),12741,17942243
2016-5,29153200,醋酸乙烯酯,厄瓜多,出口總值(含復出口),121,159400
2016-5,29153200,醋酸乙烯酯,巴西,出口總值(含復出口),15,19970
2016-5,29153200,醋酸乙烯酯,巴基斯坦,出口總值(含復出口),376,458150
2016-5,29153200,醋酸乙烯酯,日本,進口總值(含復進口),815,997349
2016-5,29153200,醋酸乙烯酯,比利時,出口總值(含復出口),1571,2005913
2016-5,29153200,醋酸乙烯酯,西班牙,出口總值(含復出口),2673,3412250
2016-5,29153200,醋酸乙烯酯,希臘,出口總值(含復出口),37,39930
2016-5,29153200,醋酸乙烯酯,奈及利亞,出口總值(含復出口),401,425600
2016-5,29153200,醋酸乙烯酯,委內瑞拉,出口總值(含復出口),14,15200
2016-5,29153200,醋酸乙烯酯,孟加拉,出口總值(含復出口),16,15200
2016-5,29153200,醋酸乙烯酯,南韓,進口總值(含復進口),0,2
2016-5,29153200,醋酸乙烯酯,南韓,出口總值(含復出口),2399,2997140
2016-5,29153200,醋酸乙烯酯,約旦,出口總值(含復出口),217,258400
2016-5,29153200,醋酸乙烯酯,美國,進口總值(含復進口),0,0
2016-5,29153200,醋酸乙烯酯,美國,出口總值(含復出口),31,39820
2016-5,29153200,醋酸乙烯酯,哥倫比亞,出口總值(含復出口),119,139650
2016-5,29153200,醋酸乙烯酯,烏拉圭,出口總值(含復出口),56,79920
2016-5,29153200,醋酸乙烯酯,敘利亞,出口總值(含復出口),90,106400
2016-5,29153200,醋酸乙烯酯,荷蘭,進口總值(含復進口),0,4
2016-5,29153200,醋酸乙烯酯,新加坡,進口總值(含復進口),1365,1662496
2016-5,29153200,醋酸乙烯酯,義大利,出口總值(含復出口),1570,2003699
2016-5,29153200,醋酸乙烯酯,德國,進口總值(含復進口),0,0
2016-6,27101965,白臘油,中國大陸,進口總值(含復進口),75,160000
2016-6,27101965,白臘油,中國大陸,出口總值(含復出口),3887,5247000
2016-6,27101965,白臘油,日本,進口總值(含復進口),1502,2012000
2016-6,27101965,白臘油,印尼,出口總值(含復出口),87,100000
2016-6,27101965,白臘油,印度,進口總值(含復進口),96,101000
2016-6,27101965,白臘油,印度,出口總值(含復出口),15,13000
2016-6,27101965,白臘油,沙烏地阿拉伯,出口總值(含復出口),323,400000
2016-6,27101965,白臘油,其他國家,出口總值(含復出口),1,0
2016-6,27101965,白臘油,孟加拉,出口總值(含復出口),76,100000
2016-6,27101965,白臘油,法國,進口總值(含復進口),58,57000
2016-6,27101965,白臘油,南非,進口總值(含復進口),12,18000
2016-6,27101965,白臘油,南韓,進口總值(含復進口),1744,2954000
2016-6,27101965,白臘油,美國,進口總值(含復進口),99,32000
2016-6,27101965,白臘油,香港,出口總值(含復出口),165,185000
2016-6,27101965,白臘油,泰國,進口總值(含復進口),154,341000
2016-6,27101965,白臘油,泰國,出口總值(含復出口),33,40000
2016-6,27101965,白臘油,馬來西亞,進口總值(含復進口),862,1009000
2016-6,27101965,白臘油,馬來西亞,出口總值(含復出口),138,159000
2016-6,27101965,白臘油,越南,出口總值(含復出口),108,142000
2016-6,27101965,白臘油,新加坡,進口總值(含復進口),9,7000
2016-6,27101965,白臘油,德國,進口總值(含復進口),1,0
2016-6,27101965,白臘油,德國,出口總值(含復出口),86,100000
2016-6,27101965,白臘油,澳大利亞,出口總值(含復出口),66,80000
2016-6,29051220,異丙醇,中國大陸,進口總值(含復進口),4,0
2016-6,29051220,異丙醇,中國大陸,出口總值(含復出口),1331,1217000
2016-6,29051220,異丙醇,中華民國,進口總值(含復進口),1,0
2016-6,29051220,異丙醇,巴基斯坦,出口總值(含復出口),333,378000
2016-6,29051220,異丙醇,日本,進口總值(含復進口),584,746000
2016-6,29051220,異丙醇,以色列,進口總值(含復進口),0,0
2016-6,29051220,異丙醇,加拿大,進口總值(含復進口),5,2000
2016-6,29051220,異丙醇,伊朗,出口總值(含復出口),7,13000
2016-6,29051220,異丙醇,印度,出口總值(含復出口),1717,2209000
2016-6,29051220,異丙醇,孟加拉,出口總值(含復出口),28,26000
2016-6,29051220,異丙醇,南韓,進口總值(含復進口),738,974000
2016-6,29051220,異丙醇,美國,進口總值(含復進口),57,17000
2016-6,29051220,異丙醇,英國,進口總值(含復進口),0,0
2016-6,29051220,異丙醇,香港,出口總值(含復出口),32,21000
2016-6,29051220,異丙醇,泰國,出口總值(含復出口),83,88000
2016-6,29051220,異丙醇,紐西蘭,出口總值(含復出口),13,13000
2016-6,29051220,異丙醇,馬來西亞,出口總值(含復出口),659,758000
2016-6,29051220,異丙醇,菲律賓,進口總值(含復進口),0,2000
2016-6,29051220,異丙醇,菲律賓,出口總值(含復出口),202,98000
2016-6,29051220,異丙醇,越南,出口總值(含復出口),67,95000
2016-6,29051220,異丙醇,新加坡,出口總值(含復出口),157,85000
2016-6,29051220,異丙醇,德國,進口總值(含復進口),5,0
2016-6,29051220,異丙醇,澳大利亞,出口總值(含復出口),7,8000
2016-6,29051300,正丁醇,中國大陸,出口總值(含復出口),6097,10000000
2016-6,29051300,正丁醇,日本,進口總值(含復進口),0,0
2016-6,29051300,正丁醇,日本,出口總值(含復出口),5,7000
2016-6,29051300,正丁醇,南非,進口總值(含復進口),310,501000
2016-6,29051300,正丁醇,南韓,進口總值(含復進口),1,0
2016-6,29051300,正丁醇,南韓,出口總值(含復出口),923,1500000
2016-6,29051300,正丁醇,美國,進口總值(含復進口),2,0
2016-6,29051300,正丁醇,香港,出口總值(含復出口),1,1000
2016-6,29051300,正丁醇,泰國,出口總值(含復出口),66,93000
2016-6,29051300,正丁醇,菲律賓,出口總值(含復出口),4,5000
2016-6,29051300,正丁醇,越南,出口總值(含復出口),1,0
2016-6,29051300,正丁醇,德國,進口總值(含復進口),1,0
2016-6,29051300,正丁醇,澳大利亞,出口總值(含復出口),4,6000
2016-6,29094100,２，２'－氧基二乙醇（二乙二醇）,中國大陸,進口總值(含復進口),31,36000
2016-6,29094100,２，２'－氧基二乙醇（二乙二醇）,中國大陸,出口總值(含復出口),6088,11073100
2016-6,29094100,２，２'－氧基二乙醇（二乙二醇）,日本,出口總值(含復出口),77,111440
2016-6,29094100,２，２'－氧基二乙醇（二乙二醇）,比利時,進口總值(含復進口),0,0
2016-6,29094100,２，２'－氧基二乙醇（二乙二醇）,孟加拉,出口總值(含復出口),40,72000
2016-6,29094100,２，２'－氧基二乙醇（二乙二醇）,俄羅斯,進口總值(含復進口),0,0
2016-6,29094100,２，２'－氧基二乙醇（二乙二醇）,南非,出口總值(含復出口),28,36000
2016-6,29094100,２，２'－氧基二乙醇（二乙二醇）,南韓,進口總值(含復進口),0,1
2016-6,29094100,２，２'－氧基二乙醇（二乙二醇）,越南,出口總值(含復出口),31,40850
2016-6,29094100,２，２'－氧基二乙醇（二乙二醇）,德國,進口總值(含復進口),0,11
2016-6,29094100,２，２'－氧基二乙醇（二乙二醇）,澳大利亞,出口總值(含復出口),17,19800
2016-6,29094310,乙二醇丁醚,中華民國,進口總值(含復進口),1,211
2016-6,29094310,乙二醇丁醚,巴基斯坦,出口總值(含復出口),30,29600
2016-6,29094310,乙二醇丁醚,日本,進口總值(含復進口),0,135
2016-6,29094310,乙二醇丁醚,日本,出口總值(含復出口),146,162800
2016-6,29094310,乙二醇丁醚,孟加拉,出口總值(含復出口),15,14800
2016-6,29094310,乙二醇丁醚,柬埔寨,出口總值(含復出口),4,1080
2016-6,29094310,乙二醇丁醚,美國,進口總值(含復進口),1632,1977330
2016-6,29094310,乙二醇丁醚,泰國,出口總值(含復出口),152,103600
2016-6,29094310,乙二醇丁醚,紐西蘭,出口總值(含復出口),17,14800
2016-6,29094310,乙二醇丁醚,馬來西亞,出口總值(含復出口),10,11100
2016-6,29094310,乙二醇丁醚,斯里蘭卡,出口總值(含復出口),15,14800
2016-6,29094310,乙二醇丁醚,菲律賓,出口總值(含復出口),17,15725
2016-6,29094310,乙二醇丁醚,越南,出口總值(含復出口),163,167425
2016-6,29094310,乙二醇丁醚,德國,進口總值(含復進口),1,360
2016-6,29094310,乙二醇丁醚,澳大利亞,出口總值(含復出口),55,48640
2016-6,29153200,醋酸乙烯酯,中國大陸,進口總值(含復進口),20,21800
2016-6,29153200,醋酸乙烯酯,中國大陸,出口總值(含復出口),12955,18024907
2016-6,29153200,醋酸乙烯酯,巴西,出口總值(含復出口),15,19900
2016-6,29153200,醋酸乙烯酯,巴基斯坦,出口總值(含復出口),335,407380
2016-6,29153200,醋酸乙烯酯,日本,進口總值(含復進口),820,1000761
2016-6,29153200,醋酸乙烯酯,日本,出口總值(含復出口),535,704728
2016-6,29153200,醋酸乙烯酯,比利時,出口總值(含復出口),2420,3084601
2016-6,29153200,醋酸乙烯酯,印度,出口總值(含復出口),58,60800
2016-6,29153200,醋酸乙烯酯,奈及利亞,出口總值(含復出口),143,152000
2016-6,29153200,醋酸乙烯酯,孟加拉,出口總值(含復出口),63,60800
2016-6,29153200,醋酸乙烯酯,肯亞,出口總值(含復出口),14,15200
2016-6,29153200,醋酸乙烯酯,南韓,出口總值(含復出口),1508,1987420
2016-6,29153200,醋酸乙烯酯,約旦,出口總值(含復出口),192,228000
2016-6,29153200,醋酸乙烯酯,美國,出口總值(含復出口),2443,3058806
2016-6,29153200,醋酸乙烯酯,哥斯大黎加,出口總值(含復出口),34,39790
2016-6,29153200,醋酸乙烯酯,秘魯,出口總值(含復出口),15,19870
2016-6,29153200,醋酸乙烯酯,敘利亞,出口總值(含復出口),38,45600
2016-6,29153200,醋酸乙烯酯,荷蘭,進口總值(含復進口),3,280
2016-6,29153200,醋酸乙烯酯,新加坡,進口總值(含復進口),710,834822
2016-6,29153200,醋酸乙烯酯,德國,進口總值(含復進口),0,0
2016-7,27101965,白臘油,不丹,出口總值(含復出口),9,11000
2016-7,27101965,白臘油,中國大陸,進口總值(含復進口),155,321000
2016-7,27101965,白臘油,中國大陸,出口總值(含復出口),3913,5466000
2016-7,27101965,白臘油,巴西,出口總值(含復出口),17,20000
2016-7,27101965,白臘油,日本,進口總值(含復進口),1151,2306000
2016-7,27101965,白臘油,日本,出口總值(含復出口),18,20000
2016-7,27101965,白臘油,印尼,出口總值(含復出口),94,102000
2016-7,27101965,白臘油,印度,進口總值(含復進口),22,24000
2016-7,27101965,白臘油,沙烏地阿拉伯,出口總值(含復出口),172,200000
2016-7,27101965,白臘油,其他國家,出口總值(含復出口),2,0
2016-7,27101965,白臘油,孟加拉,出口總值(含復出口),40,51000
2016-7,27101965,白臘油,法國,進口總值(含復進口),2,1000
2016-7,27101965,白臘油,南韓,進口總值(含復進口),1703,2574000
2016-7,27101965,白臘油,美國,進口總值(含復進口),860,1042000
2016-7,27101965,白臘油,香港,出口總值(含復出口),111,131000
2016-7,27101965,白臘油,泰國,出口總值(含復出口),98,104000
2016-7,27101965,白臘油,馬來西亞,進口總值(含復進口),1257,1568000
2016-7,27101965,白臘油,馬來西亞,出口總值(含復出口),107,123000
2016-7,27101965,白臘油,越南,出口總值(含復出口),183,242000
2016-7,27101965,白臘油,新加坡,出口總值(含復出口),2,3000
2016-7,27101965,白臘油,德國,進口總值(含復進口),0,0
2016-7,27101965,白臘油,德國,出口總值(含復出口),90,101000
2016-7,27101965,白臘油,澳大利亞,出口總值(含復出口),35,40000
2016-7,29051220,異丙醇,中國大陸,進口總值(含復進口),1,0
2016-7,29051220,異丙醇,中國大陸,出口總值(含復出口),1341,1229000
2016-7,29051220,異丙醇,中華民國,進口總值(含復進口),1,0
2016-7,29051220,異丙醇,巴基斯坦,出口總值(含復出口),412,482000
2016-7,29051220,異丙醇,日本,進口總值(含復進口),1475,1650000
2016-7,29051220,異丙醇,日本,出口總值(含復出口),28,35000
2016-7,29051220,異丙醇,加拿大,進口總值(含復進口),11,3000
2016-7,29051220,異丙醇,伊朗,出口總值(含復出口),31,39000
2016-7,29051220,異丙醇,印尼,出口總值(含復出口),0,0
2016-7,29051220,異丙醇,印度,出口總值(含復出口),286,309000
2016-7,29051220,異丙醇,西班牙,進口總值(含復進口),1,0
2016-7,29051220,異丙醇,孟加拉,出口總值(含復出口),28,26000
2016-7,29051220,異丙醇,阿拉伯聯合大公國,出口總值(含復出口),13,13000
2016-7,29051220,異丙醇,南韓,進口總值(含復進口),29,36000
2016-7,29051220,異丙醇,南韓,出口總值(含復出口),775,1045000
2016-7,29051220,異丙醇,約旦,出口總值(含復出口),12,13000
2016-7,29051220,異丙醇,美國,進口總值(含復進口),5,0
2016-7,29051220,異丙醇,英國,進口總值(含復進口),0,0
2016-7,29051220,異丙醇,香港,出口總值(含復出口),53,29000
2016-7,29051220,異丙醇,泰國,出口總值(含復出口),426,556000
2016-7,29051220,異丙醇,馬來西亞,出口總值(含復出口),131,56000
2016-7,29051220,異丙醇,斯里蘭卡,出口總值(含復出口),39,38000
2016-7,29051220,異丙醇,智利,出口總值(含復出口),6,4000
2016-7,29051220,異丙醇,菲律賓,進口總值(含復進口),2,3000
2016-7,29051220,異丙醇,菲律賓,出口總值(含復出口),286,131000
2016-7,29051220,異丙醇,越南,出口總值(含復出口),10,15000
2016-7,29051220,異丙醇,新加坡,出口總值(含復出口),126,69000
2016-7,29051220,異丙醇,德國,進口總值(含復進口),7,0
2016-7,29051220,異丙醇,澳大利亞,出口總值(含復出口),119,123000
2016-7,29051300,正丁醇,中國大陸,出口總值(含復出口),8214,13600000
2016-7,29051300,正丁醇,日本,出口總值(含復出口),9,10000
2016-7,29051300,正丁醇,沙烏地阿拉伯,進口總值(含復進口),325,519000
2016-7,29051300,正丁醇,南韓,進口總值(含復進口),0,0
2016-7,29051300,正丁醇,美國,進口總值(含復進口),0,0
2016-7,29051300,正丁醇,泰國,出口總值(含復出口),14,19000
2016-7,29051300,正丁醇,馬來西亞,進口總值(含復進口),317,495000
2016-7,29051300,正丁醇,菲律賓,出口總值(含復出口),17,22000
2016-7,29051300,正丁醇,越南,出口總值(含復出口),0,0
2016-7,29051300,正丁醇,德國,進口總值(含復進口),0,0
2016-7,29051300,正丁醇,澳大利亞,出口總值(含復出口),10,13000
2016-7,29094100,２，２'－氧基二乙醇（二乙二醇）,中國大陸,進口總值(含復進口),126,144000
2016-7,29094100,２，２'－氧基二乙醇（二乙二醇）,中國大陸,出口總值(含復出口),6022,10362410
2016-7,29094100,２，２'－氧基二乙醇（二乙二醇）,日本,出口總值(含復出口),26,37720
2016-7,29094100,２，２'－氧基二乙醇（二乙二醇）,俄羅斯,進口總值(含復進口),0,1
2016-7,29094100,２，２'－氧基二乙醇（二乙二醇）,南非,出口總值(含復出口),42,54000
2016-7,29094100,２，２'－氧基二乙醇（二乙二醇）,南韓,進口總值(含復進口),0,6
2016-7,29094100,２，２'－氧基二乙醇（二乙二醇）,香港,出口總值(含復出口),20,23400
2016-7,29094100,２，２'－氧基二乙醇（二乙二醇）,馬來西亞,出口總值(含復出口),13,18000
2016-7,29094100,２，２'－氧基二乙醇（二乙二醇）,斯里蘭卡,出口總值(含復出口),13,18000
2016-7,29094100,２，２'－氧基二乙醇（二乙二醇）,越南,出口總值(含復出口),283,502925
2016-7,29094100,２，２'－氧基二乙醇（二乙二醇）,德國,進口總值(含復進口),0,11
2016-7,29094310,乙二醇丁醚,中國大陸,出口總值(含復出口),19,14800
2016-7,29094310,乙二醇丁醚,中華民國,進口總值(含復進口),0,120
2016-7,29094310,乙二醇丁醚,日本,進口總值(含復進口),0,135
2016-7,29094310,乙二醇丁醚,日本,出口總值(含復出口),154,177600
2016-7,29094310,乙二醇丁醚,印尼,出口總值(含復出口),0,185
2016-7,29094310,乙二醇丁醚,法國,進口總值(含復進口),235,293980
2016-7,29094310,乙二醇丁醚,南韓,進口總值(含復進口),0,2
2016-7,29094310,乙二醇丁醚,美國,進口總值(含復進口),1611,1882648
2016-7,29094310,乙二醇丁醚,香港,出口總值(含復出口),14,14800
2016-7,29094310,乙二醇丁醚,泰國,出口總值(含復出口),107,88800
2016-7,29094310,乙二醇丁醚,紐西蘭,出口總值(含復出口),5,4440
2016-7,29094310,乙二醇丁醚,馬來西亞,進口總值(含復進口),12,11280
2016-7,29094310,乙二醇丁醚,斯里蘭卡,出口總值(含復出口),26,27195
2016-7,29094310,乙二醇丁醚,越南,出口總值(含復出口),239,262700
2016-7,29094310,乙二醇丁醚,德國,進口總值(含復進口),1,182
2016-7,29094310,乙二醇丁醚,澳大利亞,出口總值(含復出口),91,75100
2016-7,29153200,醋酸乙烯酯,土耳其,出口總值(含復出口),51,60800
2016-7,29153200,醋酸乙烯酯,中國大陸,進口總值(含復進口),20,21800
2016-7,29153200,醋酸乙烯酯,中國大陸,出口總值(含復出口),15501,22831100
2016-7,29153200,醋酸乙烯酯,厄瓜多,出口總值(含復出口),104,139750
2016-7,29153200,醋酸乙烯酯,巴基斯坦,出口總值(含復出口),323,392160
2016-7,29153200,醋酸乙烯酯,日本,進口總值(含復進口),776,1000064
2016-7,29153200,醋酸乙烯酯,印度,出口總值(含復出口),29,30400
2016-7,29153200,醋酸乙烯酯,孟加拉,出口總值(含復出口),31,30400
2016-7,29153200,醋酸乙烯酯,南韓,進口總值(含復進口),0,7
2016-7,29153200,醋酸乙烯酯,約旦,出口總值(含復出口),151,182400
2016-7,29153200,醋酸乙烯酯,美國,進口總值(含復進口),0,0
2016-7,29153200,醋酸乙烯酯,美國,出口總值(含復出口),47,59820
2016-7,29153200,醋酸乙烯酯,哥倫比亞,出口總值(含復出口),171,199410
2016-7,29153200,醋酸乙烯酯,哥斯大黎加,出口總值(含復出口),16,19910
2016-7,29153200,醋酸乙烯酯,荷蘭,進口總值(含復進口),0,1
2016-7,29153200,醋酸乙烯酯,斯里蘭卡,出口總值(含復出口),27,30400
2016-7,29153200,醋酸乙烯酯,新加坡,進口總值(含復進口),168,199514
2016-8,27101965,白臘油,中國大陸,出口總值(含復出口),1764,2431000
2016-8,27101965,白臘油,巴西,進口總值(含復進口),24,24000
2016-8,27101965,白臘油,日本,進口總值(含復進口),7,2000
2016-8,27101965,白臘油,印尼,出口總值(含復出口),88,100000
2016-8,27101965,白臘油,印度,進口總值(含復進口),100,103000
2016-8,27101965,白臘油,西班牙,進口總值(含復進口),0,0
2016-8,27101965,白臘油,沙烏地阿拉伯,出口總值(含復出口),102,120000
2016-8,27101965,白臘油,其他國家,出口總值(含復出口),1,0
2016-8,27101965,白臘油,孟加拉,出口總值(含復出口),75,102000
2016-8,27101965,白臘油,南非,進口總值(含復進口),182,252000
2016-8,27101965,白臘油,南韓,進口總值(含復進口),714,1081000
2016-8,27101965,白臘油,美國,進口總值(含復進口),202,125000
2016-8,27101965,白臘油,香港,出口總值(含復出口),265,305000
2016-8,27101965,白臘油,泰國,進口總值(含復進口),123,260000
2016-8,27101965,白臘油,泰國,出口總值(含復出口),34,40000
2016-8,27101965,白臘油,馬來西亞,出口總值(含復出口),92,106000
2016-8,27101965,白臘油,越南,出口總值(含復出口),266,347000
2016-8,27101965,白臘油,德國,進口總值(含復進口),2,0
2016-8,27101965,白臘油,德國,出口總值(含復出口),90,101000
2016-8,27101965,白臘油,澳大利亞,出口總值(含復出口),34,40000
2016-8,29051220,異丙醇,中國大陸,進口總值(含復進口),4,0
2016-8,29051220,異丙醇,中國大陸,出口總值(含復出口),2692,3088000
2016-8,29051220,異丙醇,中華民國,進口總值(含復進口),1,0
2016-8,29051220,異丙醇,巴基斯坦,出口總值(含復出口),177,260000
2016-8,29051220,異丙醇,日本,進口總值(含復進口),1744,2022000
2016-8,29051220,異丙醇,加拿大,進口總值(含復進口),7,2000
2016-8,29051220,異丙醇,印度,進口總值(含復進口),10,3000
2016-8,29051220,異丙醇,印度,出口總值(含復出口),83,91000
2016-8,29051220,異丙醇,西班牙,進口總值(含復進口),0,0
2016-8,29051220,異丙醇,孟加拉,出口總值(含復出口),111,103000
2016-8,29051220,異丙醇,阿拉伯聯合大公國,出口總值(含復出口),25,26000
2016-8,29051220,異丙醇,南韓,進口總值(含復進口),14,18000
2016-8,29051220,異丙醇,約旦,出口總值(含復出口),12,13000
2016-8,29051220,異丙醇,美國,進口總值(含復進口),105,27000
2016-8,29051220,異丙醇,英國,進口總值(含復進口),0,0
2016-8,29051220,異丙醇,香港,出口總值(含復出口),95,86000
2016-8,29051220,異丙醇,泰國,出口總值(含復出口),8,13000
2016-8,29051220,異丙醇,紐西蘭,出口總值(含復出口),13,13000
2016-8,29051220,異丙醇,馬來西亞,出口總值(含復出口),132,57000
2016-8,29051220,異丙醇,菲律賓,進口總值(含復進口),0,1000
2016-8,29051220,異丙醇,菲律賓,出口總值(含復出口),208,94000
2016-8,29051220,異丙醇,越南,出口總值(含復出口),88,105000
2016-8,29051220,異丙醇,新加坡,出口總值(含復出口),113,59000
2016-8,29051220,異丙醇,德國,進口總值(含復進口),4,0
2016-8,29051220,異丙醇,澳大利亞,出口總值(含復出口),46,45000
2016-8,29051300,正丁醇,中國大陸,出口總值(含復出口),9107,15036000
2016-8,29051300,正丁醇,西班牙,進口總值(含復進口),0,0
2016-8,29051300,正丁醇,沙烏地阿拉伯,進口總值(含復進口),322,501000
2016-8,29051300,正丁醇,南非,進口總值(含復進口),305,501000
2016-8,29051300,正丁醇,南韓,進口總值(含復進口),0,0
2016-8,29051300,正丁醇,美國,進口總值(含復進口),0,0
2016-8,29051300,正丁醇,菲律賓,出口總值(含復出口),2,3000
2016-8,29051300,正丁醇,越南,出口總值(含復出口),11,13000
2016-8,29051300,正丁醇,德國,進口總值(含復進口),0,0
2016-8,29051300,正丁醇,澳大利亞,出口總值(含復出口),6,8000
2016-8,29094100,２，２'－氧基二乙醇（二乙二醇）,中國大陸,進口總值(含復進口),64,72000
2016-8,29094100,２，２'－氧基二乙醇（二乙二醇）,中國大陸,出口總值(含復出口),9535,16047230
2016-8,29094100,２，２'－氧基二乙醇（二乙二醇）,日本,出口總值(含復出口),25,38060
2016-8,29094100,２，２'－氧基二乙醇（二乙二醇）,比利時,進口總值(含復進口),0,0
2016-8,29094100,２，２'－氧基二乙醇（二乙二醇）,俄羅斯,進口總值(含復進口),0,0
2016-8,29094100,２，２'－氧基二乙醇（二乙二醇）,南非,出口總值(含復出口),16,18000
2016-8,29094100,２，２'－氧基二乙醇（二乙二醇）,南韓,進口總值(含復進口),0,1
2016-8,29094100,２，２'－氧基二乙醇（二乙二醇）,科威特,出口總值(含復出口),7,9000
2016-8,29094100,２，２'－氧基二乙醇（二乙二醇）,香港,出口總值(含復出口),16,16000
2016-8,29094100,２，２'－氧基二乙醇（二乙二醇）,瑞士,進口總值(含復進口),0,0
2016-8,29094310,乙二醇丁醚,中國大陸,出口總值(含復出口),18,14800
2016-8,29094310,乙二醇丁醚,中華民國,進口總值(含復進口),0,31
2016-8,29094310,乙二醇丁醚,巴基斯坦,出口總值(含復出口),38,44400
2016-8,29094310,乙二醇丁醚,日本,進口總值(含復進口),1,409
2016-8,29094310,乙二醇丁醚,日本,出口總值(含復出口),122,133200
2016-8,29094310,乙二醇丁醚,南韓,進口總值(含復進口),0,0
2016-8,29094310,乙二醇丁醚,美國,進口總值(含復進口),865,1062158
2016-8,29094310,乙二醇丁醚,泰國,出口總值(含復出口),182,118400
2016-8,29094310,乙二醇丁醚,斯里蘭卡,出口總值(含復出口),62,71225
2016-8,29094310,乙二醇丁醚,菲律賓,出口總值(含復出口),6,3145
2016-8,29094310,乙二醇丁醚,越南,出口總值(含復出口),321,376475
2016-8,29094310,乙二醇丁醚,新加坡,出口總值(含復出口),13,14800
2016-8,29094310,乙二醇丁醚,德國,進口總值(含復進口),2,542
2016-8,29094310,乙二醇丁醚,澳大利亞,出口總值(含復出口),78,69980
2016-8,29153200,醋酸乙烯酯,中國大陸,進口總值(含復進口),17,21880
2016-8,29153200,醋酸乙烯酯,中國大陸,出口總值(含復出口),6921,9959514
2016-8,29153200,醋酸乙烯酯,巴西,出口總值(含復出口),685,983594
2016-8,29153200,醋酸乙烯酯,巴基斯坦,出口總值(含復出口),218,263160
2016-8,29153200,醋酸乙烯酯,日本,進口總值(含復進口),761,998396
2016-8,29153200,醋酸乙烯酯,日本,出口總值(含復出口),15,19900
2016-8,29153200,醋酸乙烯酯,奈及利亞,出口總值(含復出口),189,212800
2016-8,29153200,醋酸乙烯酯,孟加拉,出口總值(含復出口),30,30400
2016-8,29153200,醋酸乙烯酯,南韓,進口總值(含復進口),0,6
2016-8,29153200,醋酸乙烯酯,南韓,出口總值(含復出口),2161,2985815
2016-8,29153200,醋酸乙烯酯,哥倫比亞,出口總值(含復出口),257,298960
2016-8,29153200,醋酸乙烯酯,哥斯大黎加,出口總值(含復出口),15,19880
2016-8,29153200,醋酸乙烯酯,埃及,出口總值(含復出口),1722,2476571
2016-8,29153200,醋酸乙烯酯,斯里蘭卡,出口總值(含復出口),27,30400
2016-8,29153200,醋酸乙烯酯,新加坡,進口總值(含復進口),247,299596
2016-8,29153200,醋酸乙烯酯,義大利,出口總值(含復出口),1737,2498242
2016-8,29153200,醋酸乙烯酯,德國,進口總值(含復進口),0,0
2016-9,27101965,白臘油,不丹,出口總值(含復出口),9,10000
2016-9,27101965,白臘油,中國大陸,進口總值(含復進口),211,437000
2016-9,27101965,白臘油,中國大陸,出口總值(含復出口),2893,3922000
2016-9,27101965,白臘油,日本,進口總值(含復進口),1857,2515000
2016-9,27101965,白臘油,日本,出口總值(含復出口),17,20000
2016-9,27101965,白臘油,印尼,出口總值(含復出口),102,120000
2016-9,27101965,白臘油,印度,進口總值(含復進口),89,93000
2016-9,27101965,白臘油,印度,出口總值(含復出口),15,13000
2016-9,27101965,白臘油,其他國家,出口總值(含復出口),1,0
2016-9,27101965,白臘油,孟加拉,出口總值(含復出口),158,204000
2016-9,27101965,白臘油,法國,進口總值(含復進口),20,19000
2016-9,27101965,白臘油,南韓,進口總值(含復進口),1461,2158000
2016-9,27101965,白臘油,美國,進口總值(含復進口),42,24000
2016-9,27101965,白臘油,香港,出口總值(含復出口),258,305000
2016-9,27101965,白臘油,泰國,出口總值(含復出口),38,51000
2016-9,27101965,白臘油,馬來西亞,出口總值(含復出口),29,35000
2016-9,27101965,白臘油,越南,出口總值(含復出口),134,208000
2016-9,27101965,白臘油,新加坡,進口總值(含復進口),9,6000
2016-9,27101965,白臘油,新加坡,出口總值(含復出口),2,2000
2016-9,27101965,白臘油,德國,進口總值(含復進口),0,0
2016-9,27101965,白臘油,德國,出口總值(含復出口),170,201000
2016-9,27101965,白臘油,澳大利亞,出口總值(含復出口),50,60000
2016-9,29051220,異丙醇,中國大陸,出口總值(含復出口),1367,1218000
2016-9,29051220,異丙醇,中華民國,進口總值(含復進口),0,0
2016-9,29051220,異丙醇,巴基斯坦,出口總值(含復出口),198,261000
2016-9,29051220,異丙醇,日本,進口總值(含復進口),1032,1140000
2016-9,29051220,異丙醇,加拿大,進口總值(含復進口),23,7000
2016-9,29051220,異丙醇,印度,出口總值(含復出口),784,930000
2016-9,29051220,異丙醇,孟加拉,出口總值(含復出口),49,38000
2016-9,29051220,異丙醇,肯亞,出口總值(含復出口),12,13000
2016-9,29051220,異丙醇,阿拉伯聯合大公國,出口總值(含復出口),15,26000
2016-9,29051220,異丙醇,南韓,進口總值(含復進口),14,18000
2016-9,29051220,異丙醇,美國,進口總值(含復進口),101,33000
2016-9,29051220,異丙醇,香港,出口總值(含復出口),59,25000
2016-9,29051220,異丙醇,埃及,出口總值(含復出口),25,26000
2016-9,29051220,異丙醇,泰國,出口總值(含復出口),25,24000
2016-9,29051220,異丙醇,馬來西亞,出口總值(含復出口),121,51000
2016-9,29051220,異丙醇,菲律賓,進口總值(含復進口),0,1000
2016-9,29051220,異丙醇,菲律賓,出口總值(含復出口),201,90000
2016-9,29051220,異丙醇,越南,出口總值(含復出口),37,38000
2016-9,29051220,異丙醇,新加坡,出口總值(含復出口),94,54000
2016-9,29051220,異丙醇,德國,進口總值(含復進口),6,1000
2016-9,29051220,異丙醇,澳大利亞,出口總值(含復出口),111,108000
2016-9,29051300,正丁醇,中國大陸,出口總值(含復出口),8418,13073000
2016-9,29051300,正丁醇,日本,進口總值(含復進口),0,0
2016-9,29051300,正丁醇,日本,出口總值(含復出口),14,17000
2016-9,29051300,正丁醇,西班牙,進口總值(含復進口),0,0
2016-9,29051300,正丁醇,南韓,進口總值(含復進口),0,0
2016-9,29051300,正丁醇,美國,進口總值(含復進口),0,0
2016-9,29051300,正丁醇,英國,進口總值(含復進口),0,0
2016-9,29051300,正丁醇,香港,出口總值(含復出口),1,2000
2016-9,29051300,正丁醇,菲律賓,出口總值(含復出口),27,39000
2016-9,29051300,正丁醇,越南,出口總值(含復出口),1,0
2016-9,29051300,正丁醇,德國,進口總值(含復進口),0,0
2016-9,29051300,正丁醇,澳大利亞,出口總值(含復出口),2,3000
2016-9,29094100,２，２'－氧基二乙醇（二乙二醇）,中國大陸,進口總值(含復進口),0,6
2016-9,29094100,２，２'－氧基二乙醇（二乙二醇）,中國大陸,出口總值(含復出口),6676,10074080
2016-9,29094100,２，２'－氧基二乙醇（二乙二醇）,日本,進口總值(含復進口),1,11
2016-9,29094100,２，２'－氧基二乙醇（二乙二醇）,日本,出口總值(含復出口),42,55690
2016-9,29094100,２，２'－氧基二乙醇（二乙二醇）,沙烏地阿拉伯,進口總值(含復進口),0,0
2016-9,29094100,２，２'－氧基二乙醇（二乙二醇）,南非,出口總值(含復出口),28,36000
2016-9,29094100,２，２'－氧基二乙醇（二乙二醇）,南韓,進口總值(含復進口),1,5
2016-9,29094100,２，２'－氧基二乙醇（二乙二醇）,越南,出口總值(含復出口),13,6900
2016-9,29094100,２，２'－氧基二乙醇（二乙二醇）,德國,進口總值(含復進口),0,6
2016-9,29094100,２，２'－氧基二乙醇（二乙二醇）,澳門,出口總值(含復出口),29,36000
2016-9,29094310,乙二醇丁醚,中華民國,進口總值(含復進口),1,387
2016-9,29094310,乙二醇丁醚,巴基斯坦,出口總值(含復出口),13,14800
2016-9,29094310,乙二醇丁醚,日本,進口總值(含復進口),1,135
2016-9,29094310,乙二醇丁醚,日本,出口總值(含復出口),79,88800
2016-9,29094310,乙二醇丁醚,印度,出口總值(含復出口),453,563741
2016-9,29094310,乙二醇丁醚,孟加拉,出口總值(含復出口),26,29600
2016-9,29094310,乙二醇丁醚,法國,進口總值(含復進口),175,209860
2016-9,29094310,乙二醇丁醚,美國,進口總值(含復進口),639,750103
2016-9,29094310,乙二醇丁醚,香港,出口總值(含復出口),27,29600
2016-9,29094310,乙二醇丁醚,泰國,出口總值(含復出口),40,14800
2016-9,29094310,乙二醇丁醚,斯里蘭卡,出口總值(含復出口),27,29600
2016-9,29094310,乙二醇丁醚,菲律賓,出口總值(含復出口),6,4512
2016-9,29094310,乙二醇丁醚,越南,出口總值(含復出口),394,481000
2016-9,29094310,乙二醇丁醚,澳大利亞,出口總值(含復出口),111,89880
2016-9,29153200,醋酸乙烯酯,土耳其,出口總值(含復出口),94,121600
2016-9,29153200,醋酸乙烯酯,中國大陸,出口總值(含復出口),9076,13453968
2016-9,29153200,醋酸乙烯酯,厄瓜多,出口總值(含復出口),89,119640
2016-9,29153200,醋酸乙烯酯,巴基斯坦,出口總值(含復出口),194,247890
2016-9,29153200,醋酸乙烯酯,日本,出口總值(含復出口),513,718226
2016-9,29153200,醋酸乙烯酯,伊朗,出口總值(含復出口),40,45600
2016-9,29153200,醋酸乙烯酯,印度,出口總值(含復出口),42,45600
2016-9,29153200,醋酸乙烯酯,奈及利亞,出口總值(含復出口),91,106400
2016-9,29153200,醋酸乙烯酯,孟加拉,出口總值(含復出口),14,15200
2016-9,29153200,醋酸乙烯酯,南韓,進口總值(含復進口),0,7
2016-9,29153200,醋酸乙烯酯,約旦,出口總值(含復出口),142,182400
2016-9,29153200,醋酸乙烯酯,美國,出口總值(含復出口),16,19830
2016-9,29153200,醋酸乙烯酯,哥倫比亞,出口總值(含復出口),255,299100
2016-9,29153200,醋酸乙烯酯,荷蘭,進口總值(含復進口),3,279
2016-9,29153200,醋酸乙烯酯,斯里蘭卡,出口總值(含復出口),13,15200
2016-9,29153200,醋酸乙烯酯,新加坡,進口總值(含復進口),1205,1591538
2016-10,27101965,白臘油,中國大陸,進口總值(含復進口),167,339000
2016-10,27101965,白臘油,中國大陸,出口總值(含復出口),7182,9407000
2016-10,27101965,白臘油,日本,進口總值(含復進口),52,28000
2016-10,27101965,白臘油,日本,出口總值(含復出口),16,20000
2016-10,27101965,白臘油,印尼,出口總值(含復出口),213,262000
2016-10,27101965,白臘油,印度,進口總值(含復進口),32,33000
2016-10,27101965,白臘油,印度,出口總值(含復出口),638,817000
2016-10,27101965,白臘油,沙烏地阿拉伯,出口總值(含復出口),162,200000
2016-10,27101965,白臘油,其他國家,出口總值(含復出口),2,0
2016-10,27101965,白臘油,法國,進口總值(含復進口),39,38000
2016-10,27101965,白臘油,阿根廷,出口總值(含復出口),80,100000
2016-10,27101965,白臘油,南韓,進口總值(含復進口),2593,4188000
2016-10,27101965,白臘油,南韓,出口總值(含復出口),25,20000
2016-10,27101965,白臘油,美國,進口總值(含復進口),97,59000
2016-10,27101965,白臘油,香港,出口總值(含復出口),156,196000
2016-10,27101965,白臘油,泰國,出口總值(含復出口),94,112000
2016-10,27101965,白臘油,馬來西亞,進口總值(含復進口),793,989000
2016-10,27101965,白臘油,馬來西亞,出口總值(含復出口),157,177000
2016-10,27101965,白臘油,越南,出口總值(含復出口),204,295000
2016-10,27101965,白臘油,新加坡,進口總值(含復進口),16,12000
2016-10,27101965,白臘油,義大利,進口總值(含復進口),1231,1805000
2016-10,27101965,白臘油,德國,進口總值(含復進口),0,0
2016-10,27101965,白臘油,德國,出口總值(含復出口),81,100000
2016-10,27101965,白臘油,澳大利亞,出口總值(含復出口),31,40000
2016-10,29051220,異丙醇,中國大陸,進口總值(含復進口),4,0
2016-10,29051220,異丙醇,中國大陸,出口總值(含復出口),3960,4313000
2016-10,29051220,異丙醇,中華民國,進口總值(含復進口),1,0
2016-10,29051220,異丙醇,巴基斯坦,出口總值(含復出口),459,534000
2016-10,29051220,異丙醇,日本,進口總值(含復進口),1107,1190000
2016-10,29051220,異丙醇,加拿大,進口總值(含復進口),9,2000
2016-10,29051220,異丙醇,印尼,出口總值(含復出口),1,0
2016-10,29051220,異丙醇,印度,進口總值(含復進口),9,3000
2016-10,29051220,異丙醇,印度,出口總值(含復出口),353,347000
2016-10,29051220,異丙醇,孟加拉,出口總值(含復出口),25,26000
2016-10,29051220,異丙醇,阿拉伯聯合大公國,出口總值(含復出口),27,26000
2016-10,29051220,異丙醇,南韓,進口總值(含復進口),750,968000
2016-10,29051220,異丙醇,約旦,出口總值(含復出口),12,13000
2016-10,29051220,異丙醇,美國,進口總值(含復進口),1,0
2016-10,29051220,異丙醇,英國,進口總值(含復進口),0,0
2016-10,29051220,異丙醇,香港,出口總值(含復出口),19,8000
2016-10,29051220,異丙醇,埃及,出口總值(含復出口),16,26000
2016-10,29051220,異丙醇,泰國,出口總值(含復出口),18,11000
2016-10,29051220,異丙醇,馬來西亞,出口總值(含復出口),180,80000
2016-10,29051220,異丙醇,菲律賓,進口總值(含復進口),1,2000
2016-10,29051220,異丙醇,菲律賓,出口總值(含復出口),185,92000
2016-10,29051220,異丙醇,越南,出口總值(含復出口),43,63000
2016-10,29051220,異丙醇,新加坡,出口總值(含復出口),103,61000
2016-10,29051220,異丙醇,德國,進口總值(含復進口),14,1000
2016-10,29051220,異丙醇,澳大利亞,出口總值(含復出口),167,160000
2016-10,29051300,正丁醇,中國大陸,出口總值(含復出口),6905,10000000
2016-10,29051300,正丁醇,日本,進口總值(含復進口),0,0
2016-10,29051300,正丁醇,西班牙,進口總值(含復進口),0,0
2016-10,29051300,正丁醇,沙烏地阿拉伯,進口總值(含復進口),344,521000
2016-10,29051300,正丁醇,南非,進口總值(含復進口),438,700000
2016-10,29051300,正丁醇,南韓,進口總值(含復進口),0,0
2016-10,29051300,正丁醇,美國,進口總值(含復進口),2,0
2016-10,29051300,正丁醇,英國,進口總值(含復進口),0,0
2016-10,29051300,正丁醇,香港,出口總值(含復出口),2,2000
2016-10,29051300,正丁醇,泰國,出口總值(含復出口),13,19000
2016-10,29051300,正丁醇,菲律賓,出口總值(含復出口),3,4000
2016-10,29051300,正丁醇,德國,進口總值(含復進口),2,0
2016-10,29094100,２，２'－氧基二乙醇（二乙二醇）,中國大陸,出口總值(含復出口),10054,14956850
2016-10,29094100,２，２'－氧基二乙醇（二乙二醇）,日本,出口總值(含復出口),58,75440
2016-10,29094100,２，２'－氧基二乙醇（二乙二醇）,沙烏地阿拉伯,進口總值(含復進口),0,0
2016-10,29094100,２，２'－氧基二乙醇（二乙二醇）,孟加拉,出口總值(含復出口),12,18000
2016-10,29094100,２，２'－氧基二乙醇（二乙二醇）,南韓,進口總值(含復進口),0,0
2016-10,29094100,２，２'－氧基二乙醇（二乙二醇）,美國,進口總值(含復進口),0,0
2016-10,29094100,２，２'－氧基二乙醇（二乙二醇）,英國,進口總值(含復進口),0,1
2016-10,29094100,２，２'－氧基二乙醇（二乙二醇）,香港,出口總值(含復出口),23,23650
2016-10,29094100,２，２'－氧基二乙醇（二乙二醇）,斯里蘭卡,出口總值(含復出口),15,18000
2016-10,29094100,２，２'－氧基二乙醇（二乙二醇）,越南,出口總值(含復出口),34,44155
2016-10,29094100,２，２'－氧基二乙醇（二乙二醇）,新加坡,出口總值(含復出口),8,9000
2016-10,29094100,２，２'－氧基二乙醇（二乙二醇）,德國,進口總值(含復進口),0,17
2016-10,29094310,乙二醇丁醚,中華民國,進口總值(含復進口),0,96
2016-10,29094310,乙二醇丁醚,巴基斯坦,出口總值(含復出口),13,14800
2016-10,29094310,乙二醇丁醚,日本,進口總值(含復進口),0,155
2016-10,29094310,乙二醇丁醚,日本,出口總值(含復出口),103,133200
2016-10,29094310,乙二醇丁醚,印度,出口總值(含復出口),15,20000
2016-10,29094310,乙二醇丁醚,法國,進口總值(含復進口),406,487180
2016-10,29094310,乙二醇丁醚,美國,進口總值(含復進口),575,693984
2016-10,29094310,乙二醇丁醚,泰國,出口總值(含復出口),304,258630
2016-10,29094310,乙二醇丁醚,斯里蘭卡,出口總值(含復出口),108,116550
2016-10,29094310,乙二醇丁醚,越南,出口總值(含復出口),398,458800
2016-10,29094310,乙二醇丁醚,新加坡,出口總值(含復出口),14,14615
2016-10,29094310,乙二醇丁醚,德國,進口總值(含復進口),2,540
2016-10,29094310,乙二醇丁醚,澳大利亞,出口總值(含復出口),16,14800
2016-10,29153200,醋酸乙烯酯,中國大陸,進口總值(含復進口),34,43860
2016-10,29153200,醋酸乙烯酯,中國大陸,出口總值(含復出口),15076,21815815
2016-10,29153200,醋酸乙烯酯,巴基斯坦,出口總值(含復出口),145,187070
2016-10,29153200,醋酸乙烯酯,日本,出口總值(含復出口),29,39720
2016-10,29153200,醋酸乙烯酯,奈及利亞,出口總值(含復出口),51,60800
2016-10,29153200,醋酸乙烯酯,南韓,出口總值(含復出口),1302,1983395
2016-10,29153200,醋酸乙烯酯,美國,進口總值(含復進口),0,0
2016-10,29153200,醋酸乙烯酯,美國,出口總值(含復出口),31,39810
2016-10,29153200,醋酸乙烯酯,哥斯大黎加,出口總值(含復出口),29,39750
2016-10,29153200,醋酸乙烯酯,敘利亞,出口總值(含復出口),95,121600
2016-10,29153200,醋酸乙烯酯,斯里蘭卡,出口總值(含復出口),13,15200
2016-10,29153200,醋酸乙烯酯,新加坡,進口總值(含復進口),270,348321
2016-11,27101965,白臘油,中國大陸,出口總值(含復出口),2567,3456000
2016-11,27101965,白臘油,日本,進口總值(含復進口),2029,3068000
2016-11,27101965,白臘油,日本,出口總值(含復出口),16,20000
2016-11,27101965,白臘油,印尼,出口總值(含復出口),226,280000
2016-11,27101965,白臘油,印度,進口總值(含復進口),19,20000
2016-11,27101965,白臘油,印度,出口總值(含復出口),2,2000
2016-11,27101965,白臘油,沙烏地阿拉伯,出口總值(含復出口),122,160000
2016-11,27101965,白臘油,其他國家,出口總值(含復出口),2,0
2016-11,27101965,白臘油,法國,進口總值(含復進口),58,57000
2016-11,27101965,白臘油,南非,進口總值(含復進口),90,126000
2016-11,27101965,白臘油,南韓,進口總值(含復進口),1688,2890000
2016-11,27101965,白臘油,美國,進口總值(含復進口),60,34000
2016-11,27101965,白臘油,香港,進口總值(含復進口),78,60000
2016-11,27101965,白臘油,香港,出口總值(含復出口),286,360000
2016-11,27101965,白臘油,泰國,進口總值(含復進口),50,101000
2016-11,27101965,白臘油,泰國,出口總值(含復出口),51,52000
2016-11,27101965,白臘油,馬來西亞,出口總值(含復出口),31,35000
2016-11,27101965,白臘油,越南,出口總值(含復出口),205,321000
2016-11,27101965,白臘油,德國,出口總值(含復出口),80,100000
2016-11,27101965,白臘油,澳大利亞,出口總值(含復出口),31,40000
2016-11,29051220,異丙醇,中國大陸,進口總值(含復進口),12,0
2016-11,29051220,異丙醇,中國大陸,出口總值(含復出口),2644,2678000
2016-11,29051220,異丙醇,中華民國,進口總值(含復進口),1,0
2016-11,29051220,異丙醇,巴基斯坦,出口總值(含復出口),536,625000
2016-11,29051220,異丙醇,日本,進口總值(含復進口),1336,1331000
2016-11,29051220,異丙醇,以色列,出口總值(含復出口),46,54000
2016-11,29051220,異丙醇,加拿大,進口總值(含復進口),13,4000
2016-11,29051220,異丙醇,伊朗,出口總值(含復出口),125,128000
2016-11,29051220,異丙醇,印度,進口總值(含復進口),23,8000
2016-11,29051220,異丙醇,印度,出口總值(含復出口),1416,1724000
2016-11,29051220,異丙醇,西班牙,進口總值(含復進口),1,0
2016-11,29051220,異丙醇,孟加拉,出口總值(含復出口),59,60000
2016-11,29051220,異丙醇,南韓,進口總值(含復進口),21,19000
2016-11,29051220,異丙醇,南韓,出口總值(含復出口),847,997000
2016-11,29051220,異丙醇,約旦,出口總值(含復出口),12,13000
2016-11,29051220,異丙醇,美國,進口總值(含復進口),18,2000
2016-11,29051220,異丙醇,美國,出口總值(含復出口),17,18000
2016-11,29051220,異丙醇,英國,進口總值(含復進口),0,0
2016-11,29051220,異丙醇,香港,出口總值(含復出口),65,42000
2016-11,29051220,異丙醇,泰國,出口總值(含復出口),1202,1462000
2016-11,29051220,異丙醇,馬來西亞,出口總值(含復出口),48,24000
2016-11,29051220,異丙醇,菲律賓,進口總值(含復進口),1,2000
2016-11,29051220,異丙醇,菲律賓,出口總值(含復出口),121,57000
2016-11,29051220,異丙醇,越南,出口總值(含復出口),470,582000
2016-11,29051220,異丙醇,新加坡,出口總值(含復出口),142,80000
2016-11,29051220,異丙醇,德國,進口總值(含復進口),9,1000
2016-11,29051220,異丙醇,澳大利亞,出口總值(含復出口),66,65000
2016-11,29051300,正丁醇,中國大陸,出口總值(含復出口),10074,13950000
2016-11,29051300,正丁醇,日本,出口總值(含復出口),16,18000
2016-11,29051300,正丁醇,南非,進口總值(含復進口),963,1500000
2016-11,29051300,正丁醇,南韓,進口總值(含復進口),2,0
2016-11,29051300,正丁醇,美國,進口總值(含復進口),1,0
2016-11,29051300,正丁醇,香港,出口總值(含復出口),2,2000
2016-11,29051300,正丁醇,泰國,出口總值(含復出口),26,37000
2016-11,29051300,正丁醇,菲律賓,出口總值(含復出口),19,25000
2016-11,29051300,正丁醇,德國,進口總值(含復進口),0,0
2016-11,29051300,正丁醇,澳大利亞,出口總值(含復出口),7,8000
2016-11,29094100,２，２'－氧基二乙醇（二乙二醇）,中國大陸,出口總值(含復出口),7568,11096340
2016-11,29094100,２，２'－氧基二乙醇（二乙二醇）,日本,出口總值(含復出口),59,72350
2016-11,29094100,２，２'－氧基二乙醇（二乙二醇）,比利時,進口總值(含復進口),0,0
2016-11,29094100,２，２'－氧基二乙醇（二乙二醇）,卡達,出口總值(含復出口),17,16000
2016-11,29094100,２，２'－氧基二乙醇（二乙二醇）,印度,出口總值(含復出口),59,119630
2016-11,29094100,２，２'－氧基二乙醇（二乙二醇）,沙烏地阿拉伯,進口總值(含復進口),0,0
2016-11,29094100,２，２'－氧基二乙醇（二乙二醇）,孟加拉,出口總值(含復出口),12,18000
2016-11,29094100,２，２'－氧基二乙醇（二乙二醇）,菲律賓,出口總值(含復出口),8,9000
2016-11,29094100,２，２'－氧基二乙醇（二乙二醇）,澳大利亞,出口總值(含復出口),19,19800
2016-11,29094310,乙二醇丁醚,中華民國,進口總值(含復進口),1,204
2016-11,29094310,乙二醇丁醚,巴基斯坦,出口總值(含復出口),105,111925
2016-11,29094310,乙二醇丁醚,日本,進口總值(含復進口),19,20140
2016-11,29094310,乙二醇丁醚,日本,出口總值(含復出口),23,29600
2016-11,29094310,乙二醇丁醚,南韓,進口總值(含復進口),40,6720
2016-11,29094310,乙二醇丁醚,柬埔寨,出口總值(含復出口),4,1080
2016-11,29094310,乙二醇丁醚,美國,進口總值(含復進口),1533,1901483
2016-11,29094310,乙二醇丁醚,香港,出口總值(含復出口),14,14800
2016-11,29094310,乙二醇丁醚,泰國,出口總值(含復出口),54,22200
2016-11,29094310,乙二醇丁醚,馬來西亞,出口總值(含復出口),23,24050
2016-11,29094310,乙二醇丁醚,斯里蘭卡,出口總值(含復出口),107,115625
2016-11,29094310,乙二醇丁醚,菲律賓,出口總值(含復出口),2,925
2016-11,29094310,乙二醇丁醚,越南,出口總值(含復出口),506,548728
2016-11,29094310,乙二醇丁醚,新加坡,出口總值(含復出口),43,44400
2016-11,29094310,乙二醇丁醚,德國,進口總值(含復進口),1,183
2016-11,29094310,乙二醇丁醚,澳大利亞,出口總值(含復出口),16,14800
2016-11,29153200,醋酸乙烯酯,中國大陸,進口總值(含復進口),18,21980
2016-11,29153200,醋酸乙烯酯,中國大陸,出口總值(含復出口),14997,21804724
2016-11,29153200,醋酸乙烯酯,巴基斯坦,出口總值(含復出口),222,288800
2016-11,29153200,醋酸乙烯酯,日本,進口總值(含復進口),716,1000339
2016-11,29153200,醋酸乙烯酯,日本,出口總值(含復出口),14,19880
2016-11,29153200,醋酸乙烯酯,奈及利亞,出口總值(含復出口),26,30400
2016-11,29153200,醋酸乙烯酯,肯亞,出口總值(含復出口),13,15200
2016-11,29153200,醋酸乙烯酯,南韓,進口總值(含復進口),0,2
2016-11,29153200,醋酸乙烯酯,南韓,出口總值(含復出口),2758,3983820
2016-11,29153200,醋酸乙烯酯,美國,出口總值(含復出口),31,39880
2016-11,29153200,醋酸乙烯酯,哥斯大黎加,出口總值(含復出口),15,19890
2016-11,29153200,醋酸乙烯酯,敘利亞,出口總值(含復出口),47,60800
2016-11,29153200,醋酸乙烯酯,荷蘭,進口總值(含復進口),3,258
2016-11,29153200,醋酸乙烯酯,斯里蘭卡,出口總值(含復出口),13,15200
2016-11,29153200,醋酸乙烯酯,新加坡,進口總值(含復進口),455,598155
2016-11,29153200,醋酸乙烯酯,德國,進口總值(含復進口),0,0
2016-12,27101965,白臘油,不丹,出口總值(含復出口),7,8000
2016-12,27101965,白臘油,中國大陸,出口總值(含復出口),9151,11961000
2016-12,27101965,白臘油,日本,進口總值(含復進口),53,20000
2016-12,27101965,白臘油,日本,出口總值(含復出口),16,20000
2016-12,27101965,白臘油,印尼,出口總值(含復出口),424,522000
2016-12,27101965,白臘油,印度,進口總值(含復進口),33,34000
2016-12,27101965,白臘油,印度,出口總值(含復出口),9,8000
2016-12,27101965,白臘油,沙烏地阿拉伯,出口總值(含復出口),382,500000
2016-12,27101965,白臘油,其他國家,出口總值(含復出口),1,0
2016-12,27101965,白臘油,法國,進口總值(含復進口),19,19000
2016-12,27101965,白臘油,南韓,進口總值(含復進口),1040,1704000
2016-12,27101965,白臘油,美國,進口總值(含復進口),172,19000
2016-12,27101965,白臘油,香港,出口總值(含復出口),262,332000
2016-12,27101965,白臘油,泰國,進口總值(含復進口),74,140000
2016-12,27101965,白臘油,泰國,出口總值(含復出口),45,52000
2016-12,27101965,白臘油,馬來西亞,出口總值(含復出口),90,105000
2016-12,27101965,白臘油,越南,出口總值(含復出口),336,453000
2016-12,27101965,白臘油,新加坡,進口總值(含復進口),16,11000
2016-12,27101965,白臘油,新加坡,出口總值(含復出口),2,2000
2016-12,27101965,白臘油,德國,進口總值(含復進口),1,0
2016-12,27101965,白臘油,德國,出口總值(含復出口),80,100000
2016-12,27101965,白臘油,澳大利亞,出口總值(含復出口),15,20000
2016-12,29051220,異丙醇,中國大陸,出口總值(含復出口),2913,3099000
2016-12,29051220,異丙醇,中華民國,進口總值(含復進口),1,0
2016-12,29051220,異丙醇,巴基斯坦,出口總值(含復出口),364,444000
2016-12,29051220,異丙醇,日本,進口總值(含復進口),1195,1248000
2016-12,29051220,異丙醇,加拿大,進口總值(含復進口),6,2000
2016-12,29051220,異丙醇,伊朗,出口總值(含復出口),90,90000
2016-12,29051220,異丙醇,印度,出口總值(含復出口),1196,1498000
2016-12,29051220,異丙醇,西班牙,進口總值(含復進口),1,0
2016-12,29051220,異丙醇,奈及利亞,出口總值(含復出口),50,51000
2016-12,29051220,異丙醇,孟加拉,出口總值(含復出口),61,38000
2016-12,29051220,異丙醇,阿拉伯聯合大公國,出口總值(含復出口),17,26000
2016-12,29051220,異丙醇,南韓,進口總值(含復進口),15,18000
2016-12,29051220,異丙醇,南韓,出口總值(含復出口),798,993000
2016-12,29051220,異丙醇,約旦,出口總值(含復出口),26,26000
2016-12,29051220,異丙醇,美國,進口總值(含復進口),73,19000
2016-12,29051220,異丙醇,美國,出口總值(含復出口),30,31000
2016-12,29051220,異丙醇,英國,進口總值(含復進口),0,0
2016-12,29051220,異丙醇,香港,出口總值(含復出口),38,17000
2016-12,29051220,異丙醇,埃及,出口總值(含復出口),16,26000
2016-12,29051220,異丙醇,泰國,出口總值(含復出口),26,24000
2016-12,29051220,異丙醇,馬來西亞,出口總值(含復出口),85,36000
2016-12,29051220,異丙醇,菲律賓,出口總值(含復出口),216,110000
2016-12,29051220,異丙醇,越南,出口總值(含復出口),31,35000
2016-12,29051220,異丙醇,新加坡,出口總值(含復出口),169,102000
2016-12,29051220,異丙醇,德國,進口總值(含復進口),12,0
2016-12,29051220,異丙醇,澳大利亞,出口總值(含復出口),159,157000
2016-12,29051300,正丁醇,中國大陸,出口總值(含復出口),10031,13000000
2016-12,29051300,正丁醇,日本,進口總值(含復進口),0,0
2016-12,29051300,正丁醇,日本,出口總值(含復出口),6,7000
2016-12,29051300,正丁醇,法國,進口總值(含復進口),0,0
2016-12,29051300,正丁醇,南韓,進口總值(含復進口),0,0
2016-12,29051300,正丁醇,美國,進口總值(含復進口),0,0
2016-12,29051300,正丁醇,香港,出口總值(含復出口),1,2000
2016-12,29051300,正丁醇,泰國,出口總值(含復出口),41,57000
2016-12,29051300,正丁醇,德國,進口總值(含復進口),3,0
2016-12,29051300,正丁醇,澳大利亞,出口總值(含復出口),16,20000
2016-12,29094100,２，２'－氧基二乙醇（二乙二醇）,中國大陸,出口總值(含復出口),7831,11081680
2016-12,29094100,２，２'－氧基二乙醇（二乙二醇）,日本,出口總值(含復出口),28,39500
2016-12,29094100,２，２'－氧基二乙醇（二乙二醇）,孟加拉,出口總值(含復出口),15,18000
2016-12,29094100,２，２'－氧基二乙醇（二乙二醇）,美國,進口總值(含復進口),2,400
2016-12,29094100,２，２'－氧基二乙醇（二乙二醇）,香港,出口總值(含復出口),19,18700
2016-12,29094100,２，２'－氧基二乙醇（二乙二醇）,越南,出口總值(含復出口),31,22000
2016-12,29094310,乙二醇丁醚,中國大陸,出口總值(含復出口),14,11240
2016-12,29094310,乙二醇丁醚,中華民國,進口總值(含復進口),0,48
2016-12,29094310,乙二醇丁醚,巴基斯坦,出口總值(含復出口),82,88800
2016-12,29094310,乙二醇丁醚,日本,進口總值(含復進口),0,11
2016-12,29094310,乙二醇丁醚,日本,出口總值(含復出口),148,177600
2016-12,29094310,乙二醇丁醚,美國,進口總值(含復進口),1075,1318508
2016-12,29094310,乙二醇丁醚,泰國,出口總值(含復出口),391,281200
2016-12,29094310,乙二醇丁醚,斯里蘭卡,出口總值(含復出口),41,41625
2016-12,29094310,乙二醇丁醚,越南,出口總值(含復出口),311,326525
2016-12,29094310,乙二醇丁醚,德國,進口總值(含復進口),2,542
2016-12,29094310,乙二醇丁醚,澳大利亞,出口總值(含復出口),69,58380
2016-12,29153200,醋酸乙烯酯,中國大陸,進口總值(含復進口),36,43940
2016-12,29153200,醋酸乙烯酯,中國大陸,出口總值(含復出口),7489,10959747
2016-12,29153200,醋酸乙烯酯,巴西,出口總值(含復出口),13,15200
2016-12,29153200,醋酸乙烯酯,巴基斯坦,出口總值(含復出口),173,226880
2016-12,29153200,醋酸乙烯酯,日本,進口總值(含復進口),713,1000549
2016-12,29153200,醋酸乙烯酯,奈及利亞,出口總值(含復出口),194,228000
2016-12,29153200,醋酸乙烯酯,南韓,出口總值(含復出口),3369,4975195
2016-12,29153200,醋酸乙烯酯,約旦,出口總值(含復出口),24,30400
2016-12,29153200,醋酸乙烯酯,美國,進口總值(含復進口),0,0
2016-12,29153200,醋酸乙烯酯,哥斯大黎加,出口總值(含復出口),30,39780
2016-12,29153200,醋酸乙烯酯,荷蘭,進口總值(含復進口),1,114
2016-12,29153200,醋酸乙烯酯,新加坡,進口總值(含復進口),426,579162