Date,HScode,Name,Country,Type,Value,Weight
2018-01,29161410,甲基丙烯酸甲酯,土耳其,出口總值(含復出口),53,19730
2018-01,29161410,甲基丙烯酸甲酯,中國大陸,進口總值(含復進口),160,16000
2018-01,29161410,甲基丙烯酸甲酯,中國大陸,出口總值(含復出口),3429,1347554
2018-01,29161410,甲基丙烯酸甲酯,巴基斯坦,出口總值(含復出口),38,15200
2018-01,29161410,甲基丙烯酸甲酯,日本,進口總值(含復進口),701,318180
2018-01,29161410,甲基丙烯酸甲酯,印尼,出口總值(含復出口),235,98500
2018-01,29161410,甲基丙烯酸甲酯,印度,出口總值(含復出口),251,91200
2018-01,29161410,甲基丙烯酸甲酯,孟加拉,出口總值(含復出口),17,6080
2018-01,29161410,甲基丙烯酸甲酯,阿拉伯聯合大公國,出口總值(含復出口),243,91200
2018-01,29161410,甲基丙烯酸甲酯,南韓,進口總值(含復進口),607,222021
2018-01,29161410,甲基丙烯酸甲酯,南韓,出口總值(含復出口),2246,950790
2018-01,29161410,甲基丙烯酸甲酯,美國,進口總值(含復進口),177,78753
2018-01,29161410,甲基丙烯酸甲酯,英國,進口總值(含復進口),3,200
2018-01,29161410,甲基丙烯酸甲酯,香港,出口總值(含復出口),32,360
2018-01,29161410,甲基丙烯酸甲酯,泰國,進口總值(含復進口),2457,1026649
2018-01,29161410,甲基丙烯酸甲酯,馬來西亞,出口總值(含復出口),338,140240
2018-01,29161410,甲基丙烯酸甲酯,荷蘭,進口總值(含復進口),1,80
2018-01,29161410,甲基丙烯酸甲酯,菲律賓,出口總值(含復出口),207,81510
2018-01,29161410,甲基丙烯酸甲酯,越南,出口總值(含復出口),3697,1527180
2018-01,29161410,甲基丙烯酸甲酯,新加坡,進口總值(含復進口),2384,997343
2018-01,29161410,甲基丙烯酸甲酯,德國,進口總值(含復進口),3216,1361970
2018-01,29161410,甲基丙烯酸甲酯,澳大利亞,出口總值(含復出口),42,15200
2018-01,29173300,鄰苯二甲酸二壬酯或二癸酯,土耳其,出口總值(含復出口),145,125000
2018-01,29173300,鄰苯二甲酸二壬酯或二癸酯,中國大陸,出口總值(含復出口),1846,1581000
2018-01,29173300,鄰苯二甲酸二壬酯或二癸酯,日本,出口總值(含復出口),440,360000
2018-01,29173300,鄰苯二甲酸二壬酯或二癸酯,比利時,出口總值(含復出口),26,22000
2018-01,29173300,鄰苯二甲酸二壬酯或二癸酯,以色列,出口總值(含復出口),94,80000
2018-01,29173300,鄰苯二甲酸二壬酯或二癸酯,加拿大,出口總值(含復出口),226,200000
2018-01,29173300,鄰苯二甲酸二壬酯或二癸酯,印尼,出口總值(含復出口),7,5000
2018-01,29173300,鄰苯二甲酸二壬酯或二癸酯,沙烏地阿拉伯,出口總值(含復出口),21,16000
2018-01,29173300,鄰苯二甲酸二壬酯或二癸酯,法國,出口總值(含復出口),28,23000
2018-01,29173300,鄰苯二甲酸二壬酯或二癸酯,阿根廷,出口總值(含復出口),15,8000
2018-01,29173300,鄰苯二甲酸二壬酯或二癸酯,阿曼,出口總值(含復出口),135,119000
2018-01,29173300,鄰苯二甲酸二壬酯或二癸酯,俄羅斯,出口總值(含復出口),49,40000
2018-01,29173300,鄰苯二甲酸二壬酯或二癸酯,南韓,出口總值(含復出口),332,198000
2018-01,29173300,鄰苯二甲酸二壬酯或二癸酯,美國,進口總值(含復進口),0,0
2018-01,29173300,鄰苯二甲酸二壬酯或二癸酯,美國,出口總值(含復出口),475,408000
2018-01,29173300,鄰苯二甲酸二壬酯或二癸酯,英國,出口總值(含復出口),328,294000
2018-01,29173300,鄰苯二甲酸二壬酯或二癸酯,哥倫比亞,出口總值(含復出口),383,318000
2018-01,29173300,鄰苯二甲酸二壬酯或二癸酯,哥斯大黎加,出口總值(含復出口),283,238000
2018-01,29173300,鄰苯二甲酸二壬酯或二癸酯,馬來西亞,出口總值(含復出口),286,265000
2018-01,29173300,鄰苯二甲酸二壬酯或二癸酯,斯里蘭卡,出口總值(含復出口),45,40000
2018-01,29173300,鄰苯二甲酸二壬酯或二癸酯,菲律賓,出口總值(含復出口),1288,1101000
2018-01,29173300,鄰苯二甲酸二壬酯或二癸酯,象牙海岸,出口總值(含復出口),364,307000
2018-01,29173300,鄰苯二甲酸二壬酯或二癸酯,越南,出口總值(含復出口),338,285000
2018-01,29173300,鄰苯二甲酸二壬酯或二癸酯,新加坡,出口總值(含復出口),33,20000
2018-01,29173300,鄰苯二甲酸二壬酯或二癸酯,義大利,出口總值(含復出口),72,62000
2018-01,29173300,鄰苯二甲酸二壬酯或二癸酯,葡萄牙,出口總值(含復出口),97,83000
2018-01,29173300,鄰苯二甲酸二壬酯或二癸酯,德國,進口總值(含復進口),0,0
2018-01,29173300,鄰苯二甲酸二壬酯或二癸酯,墨西哥,出口總值(含復出口),303,250000
2018-01,29173300,鄰苯二甲酸二壬酯或二癸酯,澳大利亞,出口總值(含復出口),25,19000
2018-01,29321100,四氫?喃,中國大陸,出口總值(含復出口),213,100800
2018-01,29321100,四氫?喃,日本,進口總值(含復進口),2,80
2018-01,29321100,四氫?喃,日本,出口總值(含復出口),801,396480
2018-01,29321100,四氫?喃,比利時,進口總值(含復進口),0,1
2018-01,29321100,四氫?喃,比利時,出口總值(含復出口),165,79630
2018-01,29321100,四氫?喃,印度,出口總值(含復出口),1071,506070
2018-01,29321100,四氫?喃,南韓,進口總值(含復進口),1,129
2018-01,29321100,四氫?喃,南韓,出口總值(含復出口),2654,1420000
2018-01,29321100,四氫?喃,美國,進口總值(含復進口),12,1024
2018-01,29321100,四氫?喃,美國,出口總值(含復出口),32,14400
2018-01,29321100,四氫?喃,英國,進口總值(含復進口),0,0
2018-01,29321100,四氫?喃,馬來西亞,進口總值(含復進口),89,43200
2018-01,29321100,四氫?喃,荷蘭,出口總值(含復出口),193,86400
2018-01,29321100,四氫?喃,菲律賓,出口總值(含復出口),30,14400
2018-01,29321100,四氫?喃,越南,出口總值(含復出口),32,14400
2018-01,29321100,四氫?喃,義大利,出口總值(含復出口),42,19890
2018-01,29321100,四氫?喃,德國,進口總值(含復進口),24,1871
2018-01,39032000,苯乙烯－丙烯?共聚合物，初級狀態,土耳其,出口總值(含復出口),29,18000
2018-01,39032000,苯乙烯－丙烯?共聚合物，初級狀態,中國大陸,進口總值(含復進口),318,116740
2018-01,39032000,苯乙烯－丙烯?共聚合物，初級狀態,中國大陸,出口總值(含復出口),13810,8105866
2018-01,39032000,苯乙烯－丙烯?共聚合物，初級狀態,厄瓜多,出口總值(含復出口),4,2000
2018-01,39032000,苯乙烯－丙烯?共聚合物，初級狀態,巴西,出口總值(含復出口),237,144000
2018-01,39032000,苯乙烯－丙烯?共聚合物，初級狀態,巴基斯坦,出口總值(含復出口),149,81250
2018-01,39032000,苯乙烯－丙烯?共聚合物，初級狀態,日本,進口總值(含復進口),345,137712
2018-01,39032000,苯乙烯－丙烯?共聚合物，初級狀態,日本,出口總值(含復出口),624,354000
2018-01,39032000,苯乙烯－丙烯?共聚合物，初級狀態,比利時,出口總值(含復出口),37,19000
2018-01,39032000,苯乙烯－丙烯?共聚合物，初級狀態,加拿大,出口總值(含復出口),73,42000
2018-01,39032000,苯乙烯－丙烯?共聚合物，初級狀態,伊朗,出口總值(含復出口),48,26000
2018-01,39032000,苯乙烯－丙烯?共聚合物，初級狀態,印尼,出口總值(含復出口),661,374500
2018-01,39032000,苯乙烯－丙烯?共聚合物，初級狀態,孟加拉,出口總值(含復出口),74,40000
2018-01,39032000,苯乙烯－丙烯?共聚合物，初級狀態,波蘭,出口總值(含復出口),2,1000
2018-01,39032000,苯乙烯－丙烯?共聚合物，初級狀態,阿拉伯聯合大公國,出口總值(含復出口),26,14000
2018-01,39032000,苯乙烯－丙烯?共聚合物，初級狀態,阿根廷,出口總值(含復出口),92,51000
2018-01,39032000,苯乙烯－丙烯?共聚合物，初級狀態,俄羅斯,出口總值(含復出口),19,11000
2018-01,39032000,苯乙烯－丙烯?共聚合物，初級狀態,南非,出口總值(含復出口),33,18000
2018-01,39032000,苯乙烯－丙烯?共聚合物，初級狀態,南韓,進口總值(含復進口),122,70000
2018-01,39032000,苯乙烯－丙烯?共聚合物，初級狀態,突尼西亞,出口總值(含復出口),37,20000
2018-01,39032000,苯乙烯－丙烯?共聚合物，初級狀態,美國,進口總值(含復進口),12,17120
2018-01,39032000,苯乙烯－丙烯?共聚合物，初級狀態,美國,出口總值(含復出口),246,136000
2018-01,39032000,苯乙烯－丙烯?共聚合物，初級狀態,香港,出口總值(含復出口),1153,629250
2018-01,39032000,苯乙烯－丙烯?共聚合物，初級狀態,哥倫比亞,出口總值(含復出口),6,3500
2018-01,39032000,苯乙烯－丙烯?共聚合物，初級狀態,埃及,出口總值(含復出口),43,23000
2018-01,39032000,苯乙烯－丙烯?共聚合物，初級狀態,泰國,出口總值(含復出口),1234,675000
2018-01,39032000,苯乙烯－丙烯?共聚合物，初級狀態,紐西蘭,出口總值(含復出口),5,3000
2018-01,39032000,苯乙烯－丙烯?共聚合物，初級狀態,馬來西亞,出口總值(含復出口),306,170000
2018-01,39032000,苯乙烯－丙烯?共聚合物，初級狀態,荷蘭,出口總值(含復出口),333,180000
2018-01,39032000,苯乙烯－丙烯?共聚合物，初級狀態,斯里蘭卡,出口總值(含復出口),6,3000
2018-01,39032000,苯乙烯－丙烯?共聚合物，初級狀態,斯洛維尼亞,出口總值(含復出口),41,21000
2018-01,39032000,苯乙烯－丙烯?共聚合物，初級狀態,越南,出口總值(含復出口),719,431000
2018-01,39032000,苯乙烯－丙烯?共聚合物，初級狀態,新加坡,出口總值(含復出口),9,5000
2018-01,39032000,苯乙烯－丙烯?共聚合物，初級狀態,義大利,出口總值(含復出口),46,24000
2018-01,39032000,苯乙烯－丙烯?共聚合物，初級狀態,德國,出口總值(含復出口),148,84000
2018-01,39032000,苯乙烯－丙烯?共聚合物，初級狀態,墨西哥,出口總值(含復出口),181,99700
2018-01,39032000,苯乙烯－丙烯?共聚合物，初級狀態,澳大利亞,出口總值(含復出口),5,3000
2018-01,39039010,甲基丙烯酸甲酯－丁二烯－苯乙烯（ＭＢＳ）共聚合物，初級狀態,中國大陸,出口總值(含復出口),1378,537492
2018-01,39039010,甲基丙烯酸甲酯－丁二烯－苯乙烯（ＭＢＳ）共聚合物，初級狀態,日本,進口總值(含復進口),322,104171
2018-01,39039010,甲基丙烯酸甲酯－丁二烯－苯乙烯（ＭＢＳ）共聚合物，初級狀態,日本,出口總值(含復出口),58,22600
2018-01,39039010,甲基丙烯酸甲酯－丁二烯－苯乙烯（ＭＢＳ）共聚合物，初級狀態,比利時,出口總值(含復出口),6,2000
2018-01,39039010,甲基丙烯酸甲酯－丁二烯－苯乙烯（ＭＢＳ）共聚合物，初級狀態,加拿大,出口總值(含復出口),38,18000
2018-01,39039010,甲基丙烯酸甲酯－丁二烯－苯乙烯（ＭＢＳ）共聚合物，初級狀態,印度,出口總值(含復出口),23,10000
2018-01,39039010,甲基丙烯酸甲酯－丁二烯－苯乙烯（ＭＢＳ）共聚合物，初級狀態,波蘭,出口總值(含復出口),7,3000
2018-01,39039010,甲基丙烯酸甲酯－丁二烯－苯乙烯（ＭＢＳ）共聚合物，初級狀態,法國,出口總值(含復出口),40,18000
2018-01,39039010,甲基丙烯酸甲酯－丁二烯－苯乙烯（ＭＢＳ）共聚合物，初級狀態,南韓,進口總值(含復進口),55,22000
2018-01,39039010,甲基丙烯酸甲酯－丁二烯－苯乙烯（ＭＢＳ）共聚合物，初級狀態,南韓,出口總值(含復出口),52,18000
2018-01,39039010,甲基丙烯酸甲酯－丁二烯－苯乙烯（ＭＢＳ）共聚合物，初級狀態,美國,進口總值(含復進口),60,42108
2018-01,39039010,甲基丙烯酸甲酯－丁二烯－苯乙烯（ＭＢＳ）共聚合物，初級狀態,英國,出口總值(含復出口),37,17000
2018-01,39039010,甲基丙烯酸甲酯－丁二烯－苯乙烯（ＭＢＳ）共聚合物，初級狀態,香港,出口總值(含復出口),48,14150
2018-01,39039010,甲基丙烯酸甲酯－丁二烯－苯乙烯（ＭＢＳ）共聚合物，初級狀態,泰國,出口總值(含復出口),98,42000
2018-01,39039010,甲基丙烯酸甲酯－丁二烯－苯乙烯（ＭＢＳ）共聚合物，初級狀態,紐西蘭,出口總值(含復出口),3,1500
2018-01,39039010,甲基丙烯酸甲酯－丁二烯－苯乙烯（ＭＢＳ）共聚合物，初級狀態,馬來西亞,進口總值(含復進口),25,9600
2018-01,39039010,甲基丙烯酸甲酯－丁二烯－苯乙烯（ＭＢＳ）共聚合物，初級狀態,馬來西亞,出口總值(含復出口),71,30000
2018-01,39039010,甲基丙烯酸甲酯－丁二烯－苯乙烯（ＭＢＳ）共聚合物，初級狀態,荷蘭,出口總值(含復出口),13,6000
2018-01,39039010,甲基丙烯酸甲酯－丁二烯－苯乙烯（ＭＢＳ）共聚合物，初級狀態,斯里蘭卡,出口總值(含復出口),103,33000
2018-01,39039010,甲基丙烯酸甲酯－丁二烯－苯乙烯（ＭＢＳ）共聚合物，初級狀態,越南,出口總值(含復出口),95,38000
2018-01,39039010,甲基丙烯酸甲酯－丁二烯－苯乙烯（ＭＢＳ）共聚合物，初級狀態,瑞典,出口總值(含復出口),20,9000
2018-01,39039010,甲基丙烯酸甲酯－丁二烯－苯乙烯（ＭＢＳ）共聚合物，初級狀態,澳大利亞,出口總值(含復出口),4,2000
2018-01,39052100,醋酸乙烯共聚合物水性分散液,中國大陸,進口總值(含復進口),73,35360
2018-01,39052100,醋酸乙烯共聚合物水性分散液,中國大陸,出口總值(含復出口),3576,3986590
2018-01,39052100,醋酸乙烯共聚合物水性分散液,巴基斯坦,出口總值(含復出口),271,340000
2018-01,39052100,醋酸乙烯共聚合物水性分散液,日本,進口總值(含復進口),28,12570
2018-01,39052100,醋酸乙烯共聚合物水性分散液,阿根廷,出口總值(含復出口),82,90200
2018-01,39052100,醋酸乙烯共聚合物水性分散液,俄羅斯,出口總值(含復出口),35,32000
2018-01,39052100,醋酸乙烯共聚合物水性分散液,南韓,進口總值(含復進口),14,15600
2018-01,39052100,醋酸乙烯共聚合物水性分散液,南韓,出口總值(含復出口),9,8800
2018-01,39052100,醋酸乙烯共聚合物水性分散液,美國,出口總值(含復出口),50,59230
2018-01,39052100,醋酸乙烯共聚合物水性分散液,紐西蘭,出口總值(含復出口),18,20000
2018-01,39052100,醋酸乙烯共聚合物水性分散液,馬來西亞,進口總值(含復進口),15,11200
2018-01,39052100,醋酸乙烯共聚合物水性分散液,智利,出口總值(含復出口),39,35600
2018-01,39052100,醋酸乙烯共聚合物水性分散液,越南,出口總值(含復出口),111,111600
2018-01,39052100,醋酸乙烯共聚合物水性分散液,新加坡,出口總值(含復出口),52,52800
2018-01,39052100,醋酸乙烯共聚合物水性分散液,墨西哥,出口總值(含復出口),18,19740
2018-01,39052100,醋酸乙烯共聚合物水性分散液,澳大利亞,出口總值(含復出口),101,96250
2018-01,39052100,醋酸乙烯共聚合物水性分散液,薩爾瓦多,出口總值(含復出口),37,40000
2018-02,29161410,甲基丙烯酸甲酯,中國大陸,出口總值(含復出口),3814,1439217
2018-02,29161410,甲基丙烯酸甲酯,巴基斯坦,出口總值(含復出口),115,45600
2018-02,29161410,甲基丙烯酸甲酯,日本,進口總值(含復進口),5210,2259837
2018-02,29161410,甲基丙烯酸甲酯,印尼,出口總值(含復出口),237,98560
2018-02,29161410,甲基丙烯酸甲酯,印度,出口總值(含復出口),197,76000
2018-02,29161410,甲基丙烯酸甲酯,奈及利亞,出口總值(含復出口),82,30400
2018-02,29161410,甲基丙烯酸甲酯,阿拉伯聯合大公國,出口總值(含復出口),169,60800
2018-02,29161410,甲基丙烯酸甲酯,南韓,進口總值(含復進口),0,2
2018-02,29161410,甲基丙烯酸甲酯,南韓,出口總值(含復出口),2128,900950
2018-02,29161410,甲基丙烯酸甲酯,約旦,出口總值(含復出口),40,15200
2018-02,29161410,甲基丙烯酸甲酯,美國,進口總值(含復進口),269,118251
2018-02,29161410,甲基丙烯酸甲酯,秘魯,出口總值(含復出口),39,15200
2018-02,29161410,甲基丙烯酸甲酯,馬來西亞,出口總值(含復出口),142,59250
2018-02,29161410,甲基丙烯酸甲酯,荷蘭,進口總值(含復進口),1,10
2018-02,29161410,甲基丙烯酸甲酯,菲律賓,出口總值(含復出口),1064,435320
2018-02,29161410,甲基丙烯酸甲酯,越南,出口總值(含復出口),71,28880
2018-02,29161410,甲基丙烯酸甲酯,德國,進口總值(含復進口),5415,2259009
2018-02,29161410,甲基丙烯酸甲酯,澳大利亞,出口總值(含復出口),267,113704
2018-02,29173300,鄰苯二甲酸二壬酯或二癸酯,土耳其,出口總值(含復出口),51,42000
2018-02,29173300,鄰苯二甲酸二壬酯或二癸酯,中國大陸,出口總值(含復出口),69,60000
2018-02,29173300,鄰苯二甲酸二壬酯或二癸酯,日本,出口總值(含復出口),249,200000
2018-02,29173300,鄰苯二甲酸二壬酯或二癸酯,比利時,出口總值(含復出口),111,92000
2018-02,29173300,鄰苯二甲酸二壬酯或二癸酯,以色列,出口總值(含復出口),24,21000
2018-02,29173300,鄰苯二甲酸二壬酯或二癸酯,加拿大,出口總值(含復出口),184,163000
2018-02,29173300,鄰苯二甲酸二壬酯或二癸酯,伊朗,出口總值(含復出口),215,160000
2018-02,29173300,鄰苯二甲酸二壬酯或二癸酯,印尼,出口總值(含復出口),129,106000
2018-02,29173300,鄰苯二甲酸二壬酯或二癸酯,印度,出口總值(含復出口),38,32000
2018-02,29173300,鄰苯二甲酸二壬酯或二癸酯,法國,出口總值(含復出口),28,23000
2018-02,29173300,鄰苯二甲酸二壬酯或二癸酯,俄羅斯,出口總值(含復出口),25,20000
2018-02,29173300,鄰苯二甲酸二壬酯或二癸酯,南非,出口總值(含復出口),25,20000
2018-02,29173300,鄰苯二甲酸二壬酯或二癸酯,南韓,出口總值(含復出口),265,219000
2018-02,29173300,鄰苯二甲酸二壬酯或二癸酯,美國,出口總值(含復出口),365,318000
2018-02,29173300,鄰苯二甲酸二壬酯或二癸酯,英國,出口總值(含復出口),255,224000
2018-02,29173300,鄰苯二甲酸二壬酯或二癸酯,哥倫比亞,出口總值(含復出口),216,179000
2018-02,29173300,鄰苯二甲酸二壬酯或二癸酯,哥斯大黎加,出口總值(含復出口),23,20000
2018-02,29173300,鄰苯二甲酸二壬酯或二癸酯,馬來西亞,出口總值(含復出口),468,388000
2018-02,29173300,鄰苯二甲酸二壬酯或二癸酯,智利,出口總值(含復出口),25,20000
2018-02,29173300,鄰苯二甲酸二壬酯或二癸酯,菲律賓,出口總值(含復出口),471,376000
2018-02,29173300,鄰苯二甲酸二壬酯或二癸酯,越南,出口總值(含復出口),396,322000
2018-02,29173300,鄰苯二甲酸二壬酯或二癸酯,新加坡,出口總值(含復出口),35,20000
2018-02,29173300,鄰苯二甲酸二壬酯或二癸酯,瑞士,進口總值(含復進口),0,0
2018-02,29173300,鄰苯二甲酸二壬酯或二癸酯,義大利,出口總值(含復出口),456,353000
2018-02,29173300,鄰苯二甲酸二壬酯或二癸酯,葡萄牙,出口總值(含復出口),160,123000
2018-02,29173300,鄰苯二甲酸二壬酯或二癸酯,德國,進口總值(含復進口),0,0
2018-02,29173300,鄰苯二甲酸二壬酯或二癸酯,德國,出口總值(含復出口),78,63000
2018-02,29173300,鄰苯二甲酸二壬酯或二癸酯,墨西哥,出口總值(含復出口),121,104000
2018-02,29321100,四氫?喃,中國大陸,出口總值(含復出口),444,201600
2018-02,29321100,四氫?喃,日本,出口總值(含復出口),410,193300
2018-02,29321100,四氫?喃,比利時,進口總值(含復進口),0,2
2018-02,29321100,四氫?喃,印度,出口總值(含復出口),1440,680730
2018-02,29321100,四氫?喃,法國,進口總值(含復進口),0,0
2018-02,29321100,四氫?喃,法國,出口總值(含復出口),42,19970
2018-02,29321100,四氫?喃,阿拉伯聯合大公國,出口總值(含復出口),60,28800
2018-02,29321100,四氫?喃,南韓,進口總值(含復進口),6,768
2018-02,29321100,四氫?喃,南韓,出口總值(含復出口),2631,1420000
2018-02,29321100,四氫?喃,美國,進口總值(含復進口),12,1033
2018-02,29321100,四氫?喃,馬來西亞,進口總值(含復進口),89,43200
2018-02,29321100,四氫?喃,荷蘭,出口總值(含復出口),99,43200
2018-02,29321100,四氫?喃,德國,進口總值(含復進口),5,346
2018-02,39032000,苯乙烯－丙烯?共聚合物，初級狀態,中國大陸,進口總值(含復進口),52,21600
2018-02,39032000,苯乙烯－丙烯?共聚合物，初級狀態,中國大陸,出口總值(含復出口),10385,5918632
2018-02,39032000,苯乙烯－丙烯?共聚合物，初級狀態,巴西,出口總值(含復出口),89,54000
2018-02,39032000,苯乙烯－丙烯?共聚合物，初級狀態,巴基斯坦,出口總值(含復出口),20,11250
2018-02,39032000,苯乙烯－丙烯?共聚合物，初級狀態,日本,進口總值(含復進口),186,62480
2018-02,39032000,苯乙烯－丙烯?共聚合物，初級狀態,日本,出口總值(含復出口),280,157250
2018-02,39032000,苯乙烯－丙烯?共聚合物，初級狀態,比利時,出口總值(含復出口),4,2000
2018-02,39032000,苯乙烯－丙烯?共聚合物，初級狀態,以色列,出口總值(含復出口),101,58000
2018-02,39032000,苯乙烯－丙烯?共聚合物，初級狀態,立陶宛,出口總值(含復出口),14,8000
2018-02,39032000,苯乙烯－丙烯?共聚合物，初級狀態,印尼,出口總值(含復出口),1165,653775
2018-02,39032000,苯乙烯－丙烯?共聚合物，初級狀態,西班牙,出口總值(含復出口),11,6000
2018-02,39032000,苯乙烯－丙烯?共聚合物，初級狀態,孟加拉,出口總值(含復出口),234,123060
2018-02,39032000,苯乙烯－丙烯?共聚合物，初級狀態,波蘭,出口總值(含復出口),4,2000
2018-02,39032000,苯乙烯－丙烯?共聚合物，初級狀態,阿根廷,出口總值(含復出口),92,52000
2018-02,39032000,苯乙烯－丙烯?共聚合物，初級狀態,俄羅斯,出口總值(含復出口),38,20000
2018-02,39032000,苯乙烯－丙烯?共聚合物，初級狀態,南非,出口總值(含復出口),4,2000
2018-02,39032000,苯乙烯－丙烯?共聚合物，初級狀態,南韓,進口總值(含復進口),75,37000
2018-02,39032000,苯乙烯－丙烯?共聚合物，初級狀態,美國,出口總值(含復出口),104,61000
2018-02,39032000,苯乙烯－丙烯?共聚合物，初級狀態,英國,出口總值(含復出口),8,4000
2018-02,39032000,苯乙烯－丙烯?共聚合物，初級狀態,香港,出口總值(含復出口),922,501250
2018-02,39032000,苯乙烯－丙烯?共聚合物，初級狀態,埃及,出口總值(含復出口),14,8000
2018-02,39032000,苯乙烯－丙烯?共聚合物，初級狀態,泰國,出口總值(含復出口),545,303000
2018-02,39032000,苯乙烯－丙烯?共聚合物，初級狀態,秘魯,出口總值(含復出口),10,5000
2018-02,39032000,苯乙烯－丙烯?共聚合物，初級狀態,馬來西亞,進口總值(含復進口),27,9100
2018-02,39032000,苯乙烯－丙烯?共聚合物，初級狀態,馬來西亞,出口總值(含復出口),278,159000
2018-02,39032000,苯乙烯－丙烯?共聚合物，初級狀態,荷蘭,出口總值(含復出口),109,57000
2018-02,39032000,苯乙烯－丙烯?共聚合物，初級狀態,斯洛維尼亞,出口總值(含復出口),10,5000
2018-02,39032000,苯乙烯－丙烯?共聚合物，初級狀態,菲律賓,出口總值(含復出口),125,69500
2018-02,39032000,苯乙烯－丙烯?共聚合物，初級狀態,越南,出口總值(含復出口),392,237000
2018-02,39032000,苯乙烯－丙烯?共聚合物，初級狀態,愛沙尼亞,出口總值(含復出口),66,36000
2018-02,39032000,苯乙烯－丙烯?共聚合物，初級狀態,新加坡,出口總值(含復出口),7,4000
2018-02,39032000,苯乙烯－丙烯?共聚合物，初級狀態,義大利,出口總值(含復出口),86,48000
2018-02,39032000,苯乙烯－丙烯?共聚合物，初級狀態,緬甸,出口總值(含復出口),9,5000
2018-02,39032000,苯乙烯－丙烯?共聚合物，初級狀態,墨西哥,出口總值(含復出口),186,100000
2018-02,39032000,苯乙烯－丙烯?共聚合物，初級狀態,澳大利亞,出口總值(含復出口),11,6000
2018-02,39039010,甲基丙烯酸甲酯－丁二烯－苯乙烯（ＭＢＳ）共聚合物，初級狀態,中國大陸,出口總值(含復出口),1321,502200
2018-02,39039010,甲基丙烯酸甲酯－丁二烯－苯乙烯（ＭＢＳ）共聚合物，初級狀態,日本,進口總值(含復進口),196,75273
2018-02,39039010,甲基丙烯酸甲酯－丁二烯－苯乙烯（ＭＢＳ）共聚合物，初級狀態,日本,出口總值(含復出口),26,10500
2018-02,39039010,甲基丙烯酸甲酯－丁二烯－苯乙烯（ＭＢＳ）共聚合物，初級狀態,比利時,出口總值(含復出口),142,61000
2018-02,39039010,甲基丙烯酸甲酯－丁二烯－苯乙烯（ＭＢＳ）共聚合物，初級狀態,伊朗,出口總值(含復出口),58,26000
2018-02,39039010,甲基丙烯酸甲酯－丁二烯－苯乙烯（ＭＢＳ）共聚合物，初級狀態,南非,出口總值(含復出口),13,6000
2018-02,39039010,甲基丙烯酸甲酯－丁二烯－苯乙烯（ＭＢＳ）共聚合物，初級狀態,南韓,進口總值(含復進口),104,40000
2018-02,39039010,甲基丙烯酸甲酯－丁二烯－苯乙烯（ＭＢＳ）共聚合物，初級狀態,美國,出口總值(含復出口),0,100
2018-02,39039010,甲基丙烯酸甲酯－丁二烯－苯乙烯（ＭＢＳ）共聚合物，初級狀態,英國,出口總值(含復出口),45,20500
2018-02,39039010,甲基丙烯酸甲酯－丁二烯－苯乙烯（ＭＢＳ）共聚合物，初級狀態,香港,出口總值(含復出口),39,13000
2018-02,39039010,甲基丙烯酸甲酯－丁二烯－苯乙烯（ＭＢＳ）共聚合物，初級狀態,泰國,出口總值(含復出口),55,21000
2018-02,39039010,甲基丙烯酸甲酯－丁二烯－苯乙烯（ＭＢＳ）共聚合物，初級狀態,紐西蘭,出口總值(含復出口),13,5000
2018-02,39039010,甲基丙烯酸甲酯－丁二烯－苯乙烯（ＭＢＳ）共聚合物，初級狀態,馬來西亞,進口總值(含復進口),33,9600
2018-02,39039010,甲基丙烯酸甲酯－丁二烯－苯乙烯（ＭＢＳ）共聚合物，初級狀態,馬來西亞,出口總值(含復出口),46,19000
2018-02,39039010,甲基丙烯酸甲酯－丁二烯－苯乙烯（ＭＢＳ）共聚合物，初級狀態,荷蘭,進口總值(含復進口),81,30000
2018-02,39039010,甲基丙烯酸甲酯－丁二烯－苯乙烯（ＭＢＳ）共聚合物，初級狀態,荷蘭,出口總值(含復出口),28,10000
2018-02,39039010,甲基丙烯酸甲酯－丁二烯－苯乙烯（ＭＢＳ）共聚合物，初級狀態,越南,出口總值(含復出口),29,11000
2018-02,39039010,甲基丙烯酸甲酯－丁二烯－苯乙烯（ＭＢＳ）共聚合物，初級狀態,義大利,出口總值(含復出口),19,8000
2018-02,39039010,甲基丙烯酸甲酯－丁二烯－苯乙烯（ＭＢＳ）共聚合物，初級狀態,澳大利亞,出口總值(含復出口),17,8000
2018-02,39052100,醋酸乙烯共聚合物水性分散液,中國大陸,進口總值(含復進口),38,24560
2018-02,39052100,醋酸乙烯共聚合物水性分散液,中國大陸,出口總值(含復出口),2089,2293000
2018-02,39052100,醋酸乙烯共聚合物水性分散液,巴西,出口總值(含復出口),3,4000
2018-02,39052100,醋酸乙烯共聚合物水性分散液,巴基斯坦,出口總值(含復出口),196,240000
2018-02,39052100,醋酸乙烯共聚合物水性分散液,日本,進口總值(含復進口),0,20
2018-02,39052100,醋酸乙烯共聚合物水性分散液,日本,出口總值(含復出口),39,39630
2018-02,39052100,醋酸乙烯共聚合物水性分散液,印度,出口總值(含復出口),44,35200
2018-02,39052100,醋酸乙烯共聚合物水性分散液,阿拉伯聯合大公國,出口總值(含復出口),47,48740
2018-02,39052100,醋酸乙烯共聚合物水性分散液,南韓,進口總值(含復進口),27,31200
2018-02,39052100,醋酸乙烯共聚合物水性分散液,南韓,出口總值(含復出口),18,17600
2018-02,39052100,醋酸乙烯共聚合物水性分散液,美國,出口總值(含復出口),117,119300
2018-02,39052100,醋酸乙烯共聚合物水性分散液,紐西蘭,出口總值(含復出口),38,38500
2018-02,39052100,醋酸乙烯共聚合物水性分散液,馬來西亞,進口總值(含復進口),35,21600
2018-02,39052100,醋酸乙烯共聚合物水性分散液,越南,出口總值(含復出口),54,46400
2018-02,39052100,醋酸乙烯共聚合物水性分散液,新加坡,出口總值(含復出口),18,17600
2018-02,39052100,醋酸乙烯共聚合物水性分散液,墨西哥,出口總值(含復出口),19,19960
2018-02,39052100,醋酸乙烯共聚合物水性分散液,澳大利亞,出口總值(含復出口),18,20000
2018-03,29161410,甲基丙烯酸甲酯,中國大陸,進口總值(含復進口),18,3200
2018-03,29161410,甲基丙烯酸甲酯,中國大陸,出口總值(含復出口),6820,2610380
2018-03,29161410,甲基丙烯酸甲酯,巴基斯坦,出口總值(含復出口),234,91200
2018-03,29161410,甲基丙烯酸甲酯,日本,進口總值(含復進口),6328,2688298
2018-03,29161410,甲基丙烯酸甲酯,印尼,出口總值(含復出口),238,98580
2018-03,29161410,甲基丙烯酸甲酯,印度,出口總值(含復出口),42,15200
2018-03,29161410,甲基丙烯酸甲酯,沙烏地阿拉伯,出口總值(含復出口),39,15200
2018-03,29161410,甲基丙烯酸甲酯,阿拉伯聯合大公國,出口總值(含復出口),281,106400
2018-03,29161410,甲基丙烯酸甲酯,南韓,進口總值(含復進口),6,31
2018-03,29161410,甲基丙烯酸甲酯,南韓,出口總值(含復出口),1926,799520
2018-03,29161410,甲基丙烯酸甲酯,約旦,出口總值(含復出口),39,15200
2018-03,29161410,甲基丙烯酸甲酯,美國,進口總值(含復進口),1909,848809
2018-03,29161410,甲基丙烯酸甲酯,英國,進口總值(含復進口),0,7
2018-03,29161410,甲基丙烯酸甲酯,哥倫比亞,出口總值(含復出口),41,15200
2018-03,29161410,甲基丙烯酸甲酯,泰國,進口總值(含復進口),3784,1526259
2018-03,29161410,甲基丙烯酸甲酯,泰國,出口總值(含復出口),78,30400
2018-03,29161410,甲基丙烯酸甲酯,秘魯,出口總值(含復出口),39,15200
2018-03,29161410,甲基丙烯酸甲酯,馬來西亞,出口總值(含復出口),471,189618
2018-03,29161410,甲基丙烯酸甲酯,荷蘭,進口總值(含復進口),2,180
2018-03,29161410,甲基丙烯酸甲酯,菲律賓,出口總值(含復出口),480,197660
2018-03,29161410,甲基丙烯酸甲酯,越南,出口總值(含復出口),1324,550100
2018-03,29161410,甲基丙烯酸甲酯,德國,進口總值(含復進口),529,209418
2018-03,29161410,甲基丙烯酸甲酯,澳大利亞,出口總值(含復出口),49,19680
2018-03,29173300,鄰苯二甲酸二壬酯或二癸酯,土耳其,出口總值(含復出口),130,104000
2018-03,29173300,鄰苯二甲酸二壬酯或二癸酯,中國大陸,出口總值(含復出口),1508,1257000
2018-03,29173300,鄰苯二甲酸二壬酯或二癸酯,厄瓜多,出口總值(含復出口),27,16000
2018-03,29173300,鄰苯二甲酸二壬酯或二癸酯,日本,出口總值(含復出口),408,307000
2018-03,29173300,鄰苯二甲酸二壬酯或二癸酯,比利時,出口總值(含復出口),58,46000
2018-03,29173300,鄰苯二甲酸二壬酯或二癸酯,以色列,出口總值(含復出口),24,21000
2018-03,29173300,鄰苯二甲酸二壬酯或二癸酯,加拿大,出口總值(含復出口),93,81000
2018-03,29173300,鄰苯二甲酸二壬酯或二癸酯,波蘭,出口總值(含復出口),337,250000
2018-03,29173300,鄰苯二甲酸二壬酯或二癸酯,阿拉伯聯合大公國,出口總值(含復出口),146,118000
2018-03,29173300,鄰苯二甲酸二壬酯或二癸酯,南韓,出口總值(含復出口),173,99000
2018-03,29173300,鄰苯二甲酸二壬酯或二癸酯,美國,進口總值(含復進口),0,0
2018-03,29173300,鄰苯二甲酸二壬酯或二癸酯,美國,出口總值(含復出口),280,208000
2018-03,29173300,鄰苯二甲酸二壬酯或二癸酯,英國,出口總值(含復出口),313,249000
2018-03,29173300,鄰苯二甲酸二壬酯或二癸酯,埃及,出口總值(含復出口),49,40000
2018-03,29173300,鄰苯二甲酸二壬酯或二癸酯,烏克蘭,出口總值(含復出口),82,63000
2018-03,29173300,鄰苯二甲酸二壬酯或二癸酯,馬來西亞,出口總值(含復出口),389,337000
2018-03,29173300,鄰苯二甲酸二壬酯或二癸酯,荷蘭,進口總值(含復進口),0,0
2018-03,29173300,鄰苯二甲酸二壬酯或二癸酯,斯里蘭卡,出口總值(含復出口),24,20000
2018-03,29173300,鄰苯二甲酸二壬酯或二癸酯,菲律賓,出口總值(含復出口),664,516000
2018-03,29173300,鄰苯二甲酸二壬酯或二癸酯,象牙海岸,出口總值(含復出口),27,21000
2018-03,29173300,鄰苯二甲酸二壬酯或二癸酯,越南,出口總值(含復出口),308,243000
2018-03,29173300,鄰苯二甲酸二壬酯或二癸酯,新加坡,出口總值(含復出口),26,21000
2018-03,29173300,鄰苯二甲酸二壬酯或二癸酯,義大利,出口總值(含復出口),219,166000
2018-03,29173300,鄰苯二甲酸二壬酯或二癸酯,葡萄牙,出口總值(含復出口),216,166000
2018-03,29173300,鄰苯二甲酸二壬酯或二癸酯,德國,進口總值(含復進口),0,0
2018-03,29173300,鄰苯二甲酸二壬酯或二癸酯,德國,出口總值(含復出口),26,21000
2018-03,29173300,鄰苯二甲酸二壬酯或二癸酯,墨西哥,出口總值(含復出口),388,288000
2018-03,29173300,鄰苯二甲酸二壬酯或二癸酯,澳大利亞,出口總值(含復出口),47,40000
2018-03,29321100,四氫?喃,中國大陸,進口總值(含復進口),2,28
2018-03,29321100,四氫?喃,中國大陸,出口總值(含復出口),484,216000
2018-03,29321100,四氫?喃,日本,出口總值(含復出口),400,190560
2018-03,29321100,四氫?喃,比利時,出口總值(含復出口),173,79580
2018-03,29321100,四氫?喃,加拿大,出口總值(含復出口),34,14400
2018-03,29321100,四氫?喃,印度,出口總值(含復出口),1173,549100
2018-03,29321100,四氫?喃,南韓,進口總值(含復進口),5,644
2018-03,29321100,四氫?喃,南韓,出口總值(含復出口),2957,1439610
2018-03,29321100,四氫?喃,美國,進口總值(含復進口),34,2498
2018-03,29321100,四氫?喃,美國,出口總值(含復出口),29,14400
2018-03,29321100,四氫?喃,英國,進口總值(含復進口),1,11
2018-03,29321100,四氫?喃,哥倫比亞,出口總值(含復出口),66,28800
2018-03,29321100,四氫?喃,泰國,出口總值(含復出口),90,43200
2018-03,29321100,四氫?喃,馬來西亞,出口總值(含復出口),154,72000
2018-03,29321100,四氫?喃,荷蘭,出口總值(含復出口),67,28800
2018-03,29321100,四氫?喃,越南,出口總值(含復出口),62,29120
2018-03,29321100,四氫?喃,德國,進口總值(含復進口),27,2133
2018-03,29321100,四氫?喃,德國,出口總值(含復出口),17,7200
2018-03,39032000,苯乙烯－丙烯?共聚合物，初級狀態,中國大陸,進口總值(含復進口),368,142150
2018-03,39032000,苯乙烯－丙烯?共聚合物，初級狀態,中國大陸,出口總值(含復出口),12217,7061982
2018-03,39032000,苯乙烯－丙烯?共聚合物，初級狀態,巴西,出口總值(含復出口),129,74000
2018-03,39032000,苯乙烯－丙烯?共聚合物，初級狀態,巴基斯坦,出口總值(含復出口),244,129250
2018-03,39032000,苯乙烯－丙烯?共聚合物，初級狀態,日本,進口總值(含復進口),156,51946
2018-03,39032000,苯乙烯－丙烯?共聚合物，初級狀態,日本,出口總值(含復出口),316,175000
2018-03,39032000,苯乙烯－丙烯?共聚合物，初級狀態,以色列,出口總值(含復出口),36,21000
2018-03,39032000,苯乙烯－丙烯?共聚合物，初級狀態,加拿大,出口總值(含復出口),35,20000
2018-03,39032000,苯乙烯－丙烯?共聚合物，初級狀態,立陶宛,出口總值(含復出口),2,1000
2018-03,39032000,苯乙烯－丙烯?共聚合物，初級狀態,印尼,出口總值(含復出口),1349,746375
2018-03,39032000,苯乙烯－丙烯?共聚合物，初級狀態,西班牙,出口總值(含復出口),22,12000
2018-03,39032000,苯乙烯－丙烯?共聚合物，初級狀態,沙烏地阿拉伯,出口總值(含復出口),32,16000
2018-03,39032000,苯乙烯－丙烯?共聚合物，初級狀態,孟加拉,出口總值(含復出口),234,119000
2018-03,39032000,苯乙烯－丙烯?共聚合物，初級狀態,波蘭,出口總值(含復出口),16,8000
2018-03,39032000,苯乙烯－丙烯?共聚合物，初級狀態,阿根廷,出口總值(含復出口),112,61000
2018-03,39032000,苯乙烯－丙烯?共聚合物，初級狀態,俄羅斯,出口總值(含復出口),34,19000
2018-03,39032000,苯乙烯－丙烯?共聚合物，初級狀態,南非,出口總值(含復出口),38,20000
2018-03,39032000,苯乙烯－丙烯?共聚合物，初級狀態,南韓,進口總值(含復進口),141,71000
2018-03,39032000,苯乙烯－丙烯?共聚合物，初級狀態,突尼西亞,出口總值(含復出口),142,76000
2018-03,39032000,苯乙烯－丙烯?共聚合物，初級狀態,美國,出口總值(含復出口),54,30000
2018-03,39032000,苯乙烯－丙烯?共聚合物，初級狀態,英國,出口總值(含復出口),18,9000
2018-03,39032000,苯乙烯－丙烯?共聚合物，初級狀態,香港,出口總值(含復出口),1474,800125
2018-03,39032000,苯乙烯－丙烯?共聚合物，初級狀態,哥倫比亞,出口總值(含復出口),41,22300
2018-03,39032000,苯乙烯－丙烯?共聚合物，初級狀態,埃及,出口總值(含復出口),94,52000
2018-03,39032000,苯乙烯－丙烯?共聚合物，初級狀態,泰國,出口總值(含復出口),832,448500
2018-03,39032000,苯乙烯－丙烯?共聚合物，初級狀態,秘魯,出口總值(含復出口),10,5000
2018-03,39032000,苯乙烯－丙烯?共聚合物，初級狀態,馬來西亞,出口總值(含復出口),399,220250
2018-03,39032000,苯乙烯－丙烯?共聚合物，初級狀態,敘利亞,出口總值(含復出口),36,20000
2018-03,39032000,苯乙烯－丙烯?共聚合物，初級狀態,荷蘭,出口總值(含復出口),207,109051
2018-03,39032000,苯乙烯－丙烯?共聚合物，初級狀態,斯里蘭卡,出口總值(含復出口),0,32
2018-03,39032000,苯乙烯－丙烯?共聚合物，初級狀態,斯洛維尼亞,出口總值(含復出口),104,54000
2018-03,39032000,苯乙烯－丙烯?共聚合物，初級狀態,菲律賓,出口總值(含復出口),94,53025
2018-03,39032000,苯乙烯－丙烯?共聚合物，初級狀態,越南,出口總值(含復出口),310,181000
2018-03,39032000,苯乙烯－丙烯?共聚合物，初級狀態,新加坡,出口總值(含復出口),2,1000
2018-03,39032000,苯乙烯－丙烯?共聚合物，初級狀態,義大利,出口總值(含復出口),86,48000
2018-03,39032000,苯乙烯－丙烯?共聚合物，初級狀態,德國,出口總值(含復出口),176,98000
2018-03,39032000,苯乙烯－丙烯?共聚合物，初級狀態,墨西哥,進口總值(含復進口),4,3368
2018-03,39032000,苯乙烯－丙烯?共聚合物，初級狀態,墨西哥,出口總值(含復出口),321,174000
2018-03,39032000,苯乙烯－丙烯?共聚合物，初級狀態,澳大利亞,出口總值(含復出口),8,4000
2018-03,39039010,甲基丙烯酸甲酯－丁二烯－苯乙烯（ＭＢＳ）共聚合物，初級狀態,中國大陸,出口總值(含復出口),400,162925
2018-03,39039010,甲基丙烯酸甲酯－丁二烯－苯乙烯（ＭＢＳ）共聚合物，初級狀態,日本,進口總值(含復進口),462,142472
2018-03,39039010,甲基丙烯酸甲酯－丁二烯－苯乙烯（ＭＢＳ）共聚合物，初級狀態,日本,出口總值(含復出口),24,10000
2018-03,39039010,甲基丙烯酸甲酯－丁二烯－苯乙烯（ＭＢＳ）共聚合物，初級狀態,比利時,出口總值(含復出口),147,65000
2018-03,39039010,甲基丙烯酸甲酯－丁二烯－苯乙烯（ＭＢＳ）共聚合物，初級狀態,以色列,出口總值(含復出口),9,4000
2018-03,39039010,甲基丙烯酸甲酯－丁二烯－苯乙烯（ＭＢＳ）共聚合物，初級狀態,法國,出口總值(含復出口),22,9000
2018-03,39039010,甲基丙烯酸甲酯－丁二烯－苯乙烯（ＭＢＳ）共聚合物，初級狀態,俄羅斯,出口總值(含復出口),1,600
2018-03,39039010,甲基丙烯酸甲酯－丁二烯－苯乙烯（ＭＢＳ）共聚合物，初級狀態,南非,出口總值(含復出口),29,13000
2018-03,39039010,甲基丙烯酸甲酯－丁二烯－苯乙烯（ＭＢＳ）共聚合物，初級狀態,南韓,進口總值(含復進口),109,42000
2018-03,39039010,甲基丙烯酸甲酯－丁二烯－苯乙烯（ＭＢＳ）共聚合物，初級狀態,南韓,出口總值(含復出口),51,18000
2018-03,39039010,甲基丙烯酸甲酯－丁二烯－苯乙烯（ＭＢＳ）共聚合物，初級狀態,英國,出口總值(含復出口),275,126000
2018-03,39039010,甲基丙烯酸甲酯－丁二烯－苯乙烯（ＭＢＳ）共聚合物，初級狀態,香港,出口總值(含復出口),268,90385
2018-03,39039010,甲基丙烯酸甲酯－丁二烯－苯乙烯（ＭＢＳ）共聚合物，初級狀態,泰國,出口總值(含復出口),106,41000
2018-03,39039010,甲基丙烯酸甲酯－丁二烯－苯乙烯（ＭＢＳ）共聚合物，初級狀態,紐西蘭,出口總值(含復出口),10,4000
2018-03,39039010,甲基丙烯酸甲酯－丁二烯－苯乙烯（ＭＢＳ）共聚合物，初級狀態,馬來西亞,進口總值(含復進口),136,48000
2018-03,39039010,甲基丙烯酸甲酯－丁二烯－苯乙烯（ＭＢＳ）共聚合物，初級狀態,馬來西亞,出口總值(含復出口),190,69000
2018-03,39039010,甲基丙烯酸甲酯－丁二烯－苯乙烯（ＭＢＳ）共聚合物，初級狀態,荷蘭,出口總值(含復出口),8,3000
2018-03,39039010,甲基丙烯酸甲酯－丁二烯－苯乙烯（ＭＢＳ）共聚合物，初級狀態,斯里蘭卡,出口總值(含復出口),50,16000
2018-03,39039010,甲基丙烯酸甲酯－丁二烯－苯乙烯（ＭＢＳ）共聚合物，初級狀態,菲律賓,出口總值(含復出口),50,19100
2018-03,39039010,甲基丙烯酸甲酯－丁二烯－苯乙烯（ＭＢＳ）共聚合物，初級狀態,越南,出口總值(含復出口),102,39135
2018-03,39039010,甲基丙烯酸甲酯－丁二烯－苯乙烯（ＭＢＳ）共聚合物，初級狀態,義大利,出口總值(含復出口),311,136000
2018-03,39039010,甲基丙烯酸甲酯－丁二烯－苯乙烯（ＭＢＳ）共聚合物，初級狀態,澳大利亞,出口總值(含復出口),45,20000
2018-03,39052100,醋酸乙烯共聚合物水性分散液,中國大陸,進口總值(含復進口),75,35360
2018-03,39052100,醋酸乙烯共聚合物水性分散液,中國大陸,出口總值(含復出口),3647,3970460
2018-03,39052100,醋酸乙烯共聚合物水性分散液,巴西,出口總值(含復出口),4,4000
2018-03,39052100,醋酸乙烯共聚合物水性分散液,巴基斯坦,出口總值(含復出口),396,480000
2018-03,39052100,醋酸乙烯共聚合物水性分散液,日本,進口總值(含復進口),28,12570
2018-03,39052100,醋酸乙烯共聚合物水性分散液,印度,出口總值(含復出口),22,17600
2018-03,39052100,醋酸乙烯共聚合物水性分散液,波多黎各,出口總值(含復出口),23,19930
2018-03,39052100,醋酸乙烯共聚合物水性分散液,肯亞,出口總值(含復出口),19,17600
2018-03,39052100,醋酸乙烯共聚合物水性分散液,阿拉伯聯合大公國,出口總值(含復出口),38,39870
2018-03,39052100,醋酸乙烯共聚合物水性分散液,俄羅斯,出口總值(含復出口),44,40000
2018-03,39052100,醋酸乙烯共聚合物水性分散液,南韓,出口總值(含復出口),18,17600
2018-03,39052100,醋酸乙烯共聚合物水性分散液,美國,進口總值(含復進口),6,1996
2018-03,39052100,醋酸乙烯共聚合物水性分散液,美國,出口總值(含復出口),67,79770
2018-03,39052100,醋酸乙烯共聚合物水性分散液,哥斯大黎加,出口總值(含復出口),21,17600
2018-03,39052100,醋酸乙烯共聚合物水性分散液,埃及,出口總值(含復出口),17,16800
2018-03,39052100,醋酸乙烯共聚合物水性分散液,紐西蘭,出口總值(含復出口),14,13060
2018-03,39052100,醋酸乙烯共聚合物水性分散液,馬來西亞,進口總值(含復進口),63,42400
2018-03,39052100,醋酸乙烯共聚合物水性分散液,馬來西亞,出口總值(含復出口),32,14400
2018-03,39052100,醋酸乙烯共聚合物水性分散液,越南,出口總值(含復出口),14,16800
2018-03,39052100,醋酸乙烯共聚合物水性分散液,新加坡,出口總值(含復出口),18,17600
2018-03,39052100,醋酸乙烯共聚合物水性分散液,墨西哥,出口總值(含復出口),18,17600
2018-03,39052100,醋酸乙烯共聚合物水性分散液,澳大利亞,出口總值(含復出口),47,52000
2018-03,39052100,醋酸乙烯共聚合物水性分散液,薩爾瓦多,出口總值(含復出口),37,40000
2018-04,29161410,甲基丙烯酸甲酯,中國大陸,出口總值(含復出口),7551,2835353
2018-04,29161410,甲基丙烯酸甲酯,巴基斯坦,出口總值(含復出口),195,76000
2018-04,29161410,甲基丙烯酸甲酯,日本,進口總值(含復進口),5012,2117886
2018-04,29161410,甲基丙烯酸甲酯,印尼,出口總值(含復出口),286,118730
2018-04,29161410,甲基丙烯酸甲酯,印度,出口總值(含復出口),317,115490
2018-04,29161410,甲基丙烯酸甲酯,阿拉伯聯合大公國,出口總值(含復出口),203,76000
2018-04,29161410,甲基丙烯酸甲酯,南韓,出口總值(含復出口),1689,700790
2018-04,29161410,甲基丙烯酸甲酯,英國,進口總值(含復進口),0,4
2018-04,29161410,甲基丙烯酸甲酯,泰國,出口總值(含復出口),50,19730
2018-04,29161410,甲基丙烯酸甲酯,秘魯,出口總值(含復出口),39,15200
2018-04,29161410,甲基丙烯酸甲酯,馬來西亞,出口總值(含復出口),347,139430
2018-04,29161410,甲基丙烯酸甲酯,菲律賓,出口總值(含復出口),822,331280
2018-04,29161410,甲基丙烯酸甲酯,越南,出口總值(含復出口),1542,637424
2018-04,29161410,甲基丙烯酸甲酯,德國,進口總值(含復進口),0,0
2018-04,29161410,甲基丙烯酸甲酯,羅馬尼亞,進口總值(含復進口),3,56
2018-04,29173300,鄰苯二甲酸二壬酯或二癸酯,土耳其,出口總值(含復出口),52,42000
2018-04,29173300,鄰苯二甲酸二壬酯或二癸酯,中國大陸,出口總值(含復出口),103,76000
2018-04,29173300,鄰苯二甲酸二壬酯或二癸酯,日本,出口總值(含復出口),334,246000
2018-04,29173300,鄰苯二甲酸二壬酯或二癸酯,印尼,出口總值(含復出口),53,40000
2018-04,29173300,鄰苯二甲酸二壬酯或二癸酯,印度,出口總值(含復出口),128,104000
2018-04,29173300,鄰苯二甲酸二壬酯或二癸酯,法國,出口總值(含復出口),117,92000
2018-04,29173300,鄰苯二甲酸二壬酯或二癸酯,阿拉伯聯合大公國,出口總值(含復出口),77,59000
2018-04,29173300,鄰苯二甲酸二壬酯或二癸酯,阿根廷,出口總值(含復出口),54,42000
2018-04,29173300,鄰苯二甲酸二壬酯或二癸酯,阿曼,出口總值(含復出口),77,60000
2018-04,29173300,鄰苯二甲酸二壬酯或二癸酯,俄羅斯,出口總值(含復出口),28,21000
2018-04,29173300,鄰苯二甲酸二壬酯或二癸酯,約旦,出口總值(含復出口),17,12000
2018-04,29173300,鄰苯二甲酸二壬酯或二癸酯,美國,進口總值(含復進口),0,0
2018-04,29173300,鄰苯二甲酸二壬酯或二癸酯,美國,出口總值(含復出口),201,162000
2018-04,29173300,鄰苯二甲酸二壬酯或二癸酯,英國,出口總值(含復出口),186,158000
2018-04,29173300,鄰苯二甲酸二壬酯或二癸酯,哥倫比亞,出口總值(含復出口),55,40000
2018-04,29173300,鄰苯二甲酸二壬酯或二癸酯,馬來西亞,出口總值(含復出口),248,191000
2018-04,29173300,鄰苯二甲酸二壬酯或二癸酯,荷蘭,出口總值(含復出口),61,45000
2018-04,29173300,鄰苯二甲酸二壬酯或二癸酯,斯里蘭卡,出口總值(含復出口),24,20000
2018-04,29173300,鄰苯二甲酸二壬酯或二癸酯,菲律賓,出口總值(含復出口),288,225000
2018-04,29173300,鄰苯二甲酸二壬酯或二癸酯,越南,出口總值(含復出口),331,256000
2018-04,29173300,鄰苯二甲酸二壬酯或二癸酯,新加坡,出口總值(含復出口),26,21000
2018-04,29173300,鄰苯二甲酸二壬酯或二癸酯,葡萄牙,出口總值(含復出口),27,21000
2018-04,29173300,鄰苯二甲酸二壬酯或二癸酯,墨西哥,出口總值(含復出口),215,167000
2018-04,29321100,四氫?喃,中國大陸,出口總值(含復出口),192,86400
2018-04,29321100,四氫?喃,日本,出口總值(含復出口),486,226870
2018-04,29321100,四氫?喃,比利時,進口總值(含復進口),0,7
2018-04,29321100,四氫?喃,加拿大,出口總值(含復出口),80,38920
2018-04,29321100,四氫?喃,印度,出口總值(含復出口),1670,772240
2018-04,29321100,四氫?喃,南韓,進口總值(含復進口),3,472
2018-04,29321100,四氫?喃,南韓,出口總值(含復出口),3006,1439870
2018-04,29321100,四氫?喃,美國,進口總值(含復進口),11,1285
2018-04,29321100,四氫?喃,英國,進口總值(含復進口),0,4
2018-04,29321100,四氫?喃,英國,出口總值(含復出口),34,14400
2018-04,29321100,四氫?喃,泰國,出口總值(含復出口),193,86400
2018-04,29321100,四氫?喃,荷蘭,出口總值(含復出口),268,115200
2018-04,29321100,四氫?喃,越南,出口總值(含復出口),91,43200
2018-04,29321100,四氫?喃,德國,進口總值(含復進口),36,2245
2018-04,39032000,苯乙烯－丙烯?共聚合物，初級狀態,中國大陸,進口總值(含復進口),283,103450
2018-04,39032000,苯乙烯－丙烯?共聚合物，初級狀態,中國大陸,出口總值(含復出口),18272,10651160
2018-04,39032000,苯乙烯－丙烯?共聚合物，初級狀態,中華民國,進口總值(含復進口),1,300
2018-04,39032000,苯乙烯－丙烯?共聚合物，初級狀態,厄瓜多,出口總值(含復出口),14,8000
2018-04,39032000,苯乙烯－丙烯?共聚合物，初級狀態,巴基斯坦,出口總值(含復出口),163,90000
2018-04,39032000,苯乙烯－丙烯?共聚合物，初級狀態,日本,進口總值(含復進口),302,102601
2018-04,39032000,苯乙烯－丙烯?共聚合物，初級狀態,日本,出口總值(含復出口),221,120875
2018-04,39032000,苯乙烯－丙烯?共聚合物，初級狀態,比利時,出口總值(含復出口),6,3000
2018-04,39032000,苯乙烯－丙烯?共聚合物，初級狀態,以色列,出口總值(含復出口),4,2000
2018-04,39032000,苯乙烯－丙烯?共聚合物，初級狀態,加拿大,進口總值(含復進口),7,9054
2018-04,39032000,苯乙烯－丙烯?共聚合物，初級狀態,加拿大,出口總值(含復出口),73,42000
2018-04,39032000,苯乙烯－丙烯?共聚合物，初級狀態,印尼,出口總值(含復出口),564,322000
2018-04,39032000,苯乙烯－丙烯?共聚合物，初級狀態,印度,出口總值(含復出口),33,18000
2018-04,39032000,苯乙烯－丙烯?共聚合物，初級狀態,孟加拉,出口總值(含復出口),18,9440
2018-04,39032000,苯乙烯－丙烯?共聚合物，初級狀態,波蘭,出口總值(含復出口),6,3000
2018-04,39032000,苯乙烯－丙烯?共聚合物，初級狀態,阿拉伯聯合大公國,出口總值(含復出口),30,16000
2018-04,39032000,苯乙烯－丙烯?共聚合物，初級狀態,阿根廷,出口總值(含復出口),56,32000
2018-04,39032000,苯乙烯－丙烯?共聚合物，初級狀態,俄羅斯,出口總值(含復出口),105,58000
2018-04,39032000,苯乙烯－丙烯?共聚合物，初級狀態,南非,出口總值(含復出口),74,40000
2018-04,39032000,苯乙烯－丙烯?共聚合物，初級狀態,南韓,進口總值(含復進口),72,62765
2018-04,39032000,苯乙烯－丙烯?共聚合物，初級狀態,突尼西亞,出口總值(含復出口),28,16000
2018-04,39032000,苯乙烯－丙烯?共聚合物，初級狀態,美國,進口總值(含復進口),11,15770
2018-04,39032000,苯乙烯－丙烯?共聚合物，初級狀態,美國,出口總值(含復出口),46,26000
2018-04,39032000,苯乙烯－丙烯?共聚合物，初級狀態,英國,出口總值(含復出口),4,2000
2018-04,39032000,苯乙烯－丙烯?共聚合物，初級狀態,香港,出口總值(含復出口),2281,1279000
2018-04,39032000,苯乙烯－丙烯?共聚合物，初級狀態,哥倫比亞,出口總值(含復出口),41,23000
2018-04,39032000,苯乙烯－丙烯?共聚合物，初級狀態,埃及,出口總值(含復出口),263,148000
2018-04,39032000,苯乙烯－丙烯?共聚合物，初級狀態,泰國,出口總值(含復出口),764,413250
2018-04,39032000,苯乙烯－丙烯?共聚合物，初級狀態,馬來西亞,出口總值(含復出口),311,171000
2018-04,39032000,苯乙烯－丙烯?共聚合物，初級狀態,荷蘭,出口總值(含復出口),147,79000
2018-04,39032000,苯乙烯－丙烯?共聚合物，初級狀態,斯里蘭卡,出口總值(含復出口),28,15000
2018-04,39032000,苯乙烯－丙烯?共聚合物，初級狀態,斯洛維尼亞,出口總值(含復出口),102,54000
2018-04,39032000,苯乙烯－丙烯?共聚合物，初級狀態,智利,出口總值(含復出口),35,20000
2018-04,39032000,苯乙烯－丙烯?共聚合物，初級狀態,菲律賓,出口總值(含復出口),40,22500
2018-04,39032000,苯乙烯－丙烯?共聚合物，初級狀態,越南,出口總值(含復出口),741,431165
2018-04,39032000,苯乙烯－丙烯?共聚合物，初級狀態,愛沙尼亞,出口總值(含復出口),35,18000
2018-04,39032000,苯乙烯－丙烯?共聚合物，初級狀態,新加坡,出口總值(含復出口),6,3000
2018-04,39032000,苯乙烯－丙烯?共聚合物，初級狀態,德國,出口總值(含復出口),59,32000
2018-04,39032000,苯乙烯－丙烯?共聚合物，初級狀態,墨西哥,出口總值(含復出口),247,136000
2018-04,39032000,苯乙烯－丙烯?共聚合物，初級狀態,澳大利亞,出口總值(含復出口),15,8000
2018-04,39039010,甲基丙烯酸甲酯－丁二烯－苯乙烯（ＭＢＳ）共聚合物，初級狀態,中國大陸,出口總值(含復出口),536,245675
2018-04,39039010,甲基丙烯酸甲酯－丁二烯－苯乙烯（ＭＢＳ）共聚合物，初級狀態,日本,進口總值(含復進口),317,125800
2018-04,39039010,甲基丙烯酸甲酯－丁二烯－苯乙烯（ＭＢＳ）共聚合物，初級狀態,日本,出口總值(含復出口),62,25000
2018-04,39039010,甲基丙烯酸甲酯－丁二烯－苯乙烯（ＭＢＳ）共聚合物，初級狀態,比利時,出口總值(含復出口),186,82000
2018-04,39039010,甲基丙烯酸甲酯－丁二烯－苯乙烯（ＭＢＳ）共聚合物，初級狀態,波蘭,出口總值(含復出口),11,5000
2018-04,39039010,甲基丙烯酸甲酯－丁二烯－苯乙烯（ＭＢＳ）共聚合物，初級狀態,法國,出口總值(含復出口),149,67000
2018-04,39039010,甲基丙烯酸甲酯－丁二烯－苯乙烯（ＭＢＳ）共聚合物，初級狀態,阿根廷,出口總值(含復出口),2,1000
2018-04,39039010,甲基丙烯酸甲酯－丁二烯－苯乙烯（ＭＢＳ）共聚合物，初級狀態,南非,出口總值(含復出口),4,2000
2018-04,39039010,甲基丙烯酸甲酯－丁二烯－苯乙烯（ＭＢＳ）共聚合物，初級狀態,英國,出口總值(含復出口),113,52000
2018-04,39039010,甲基丙烯酸甲酯－丁二烯－苯乙烯（ＭＢＳ）共聚合物，初級狀態,香港,出口總值(含復出口),83,29485
2018-04,39039010,甲基丙烯酸甲酯－丁二烯－苯乙烯（ＭＢＳ）共聚合物，初級狀態,泰國,出口總值(含復出口),18,7000
2018-04,39039010,甲基丙烯酸甲酯－丁二烯－苯乙烯（ＭＢＳ）共聚合物，初級狀態,馬來西亞,進口總值(含復進口),95,28800
2018-04,39039010,甲基丙烯酸甲酯－丁二烯－苯乙烯（ＭＢＳ）共聚合物，初級狀態,馬來西亞,出口總值(含復出口),100,34000
2018-04,39039010,甲基丙烯酸甲酯－丁二烯－苯乙烯（ＭＢＳ）共聚合物，初級狀態,荷蘭,出口總值(含復出口),35,16000
2018-04,39039010,甲基丙烯酸甲酯－丁二烯－苯乙烯（ＭＢＳ）共聚合物，初級狀態,斯里蘭卡,出口總值(含復出口),11,5000
2018-04,39039010,甲基丙烯酸甲酯－丁二烯－苯乙烯（ＭＢＳ）共聚合物，初級狀態,越南,出口總值(含復出口),24,9000
2018-04,39039010,甲基丙烯酸甲酯－丁二烯－苯乙烯（ＭＢＳ）共聚合物，初級狀態,義大利,出口總值(含復出口),22,10000
2018-04,39052100,醋酸乙烯共聚合物水性分散液,中國大陸,進口總值(含復進口),75,35360
2018-04,39052100,醋酸乙烯共聚合物水性分散液,中國大陸,出口總值(含復出口),4404,4742940
2018-04,39052100,醋酸乙烯共聚合物水性分散液,巴基斯坦,出口總值(含復出口),282,340000
2018-04,39052100,醋酸乙烯共聚合物水性分散液,日本,進口總值(含復進口),6,626
2018-04,39052100,醋酸乙烯共聚合物水性分散液,印度,出口總值(含復出口),44,35200
2018-04,39052100,醋酸乙烯共聚合物水性分散液,阿拉伯聯合大公國,出口總值(含復出口),16,17600
2018-04,39052100,醋酸乙烯共聚合物水性分散液,阿根廷,出口總值(含復出口),53,55000
2018-04,39052100,醋酸乙烯共聚合物水性分散液,俄羅斯,出口總值(含復出口),66,60000
2018-04,39052100,醋酸乙烯共聚合物水性分散液,南韓,進口總值(含復進口),13,15600
2018-04,39052100,醋酸乙烯共聚合物水性分散液,南韓,出口總值(含復出口),16,12320
2018-04,39052100,醋酸乙烯共聚合物水性分散液,美國,進口總值(含復進口),23,17599
2018-04,39052100,醋酸乙烯共聚合物水性分散液,美國,出口總值(含復出口),33,34550
2018-04,39052100,醋酸乙烯共聚合物水性分散液,埃及,出口總值(含復出口),36,35200
2018-04,39052100,醋酸乙烯共聚合物水性分散液,紐西蘭,出口總值(含復出口),13,13080
2018-04,39052100,醋酸乙烯共聚合物水性分散液,越南,出口總值(含復出口),149,144600
2018-04,39052100,醋酸乙烯共聚合物水性分散液,新加坡,出口總值(含復出口),36,35200
2018-04,39052100,醋酸乙烯共聚合物水性分散液,澳大利亞,出口總值(含復出口),40,39000
2018-05,29161410,甲基丙烯酸甲酯,中國大陸,進口總值(含復進口),52,19200
2018-05,29161410,甲基丙烯酸甲酯,中國大陸,出口總值(含復出口),5598,1785164
2018-05,29161410,甲基丙烯酸甲酯,巴基斯坦,出口總值(含復出口),371,136800
2018-05,29161410,甲基丙烯酸甲酯,日本,進口總值(含復進口),10222,4126989
2018-05,29161410,甲基丙烯酸甲酯,比利時,進口總值(含復進口),0,2
2018-05,29161410,甲基丙烯酸甲酯,印尼,出口總值(含復出口),296,118670
2018-05,29161410,甲基丙烯酸甲酯,印度,出口總值(含復出口),138,45600
2018-05,29161410,甲基丙烯酸甲酯,南韓,出口總值(含復出口),1964,800760
2018-05,29161410,甲基丙烯酸甲酯,美國,進口總值(含復進口),1477,666979
2018-05,29161410,甲基丙烯酸甲酯,英國,進口總值(含復進口),0,1
2018-05,29161410,甲基丙烯酸甲酯,香港,出口總值(含復出口),53,20055
2018-05,29161410,甲基丙烯酸甲酯,泰國,出口總值(含復出口),40,15200
2018-05,29161410,甲基丙烯酸甲酯,馬來西亞,出口總值(含復出口),512,199920
2018-05,29161410,甲基丙烯酸甲酯,菲律賓,出口總值(含復出口),1123,451940
2018-05,29161410,甲基丙烯酸甲酯,越南,出口總值(含復出口),2335,931180
2018-05,29161410,甲基丙烯酸甲酯,德國,進口總值(含復進口),1550,639340
2018-05,29161410,甲基丙烯酸甲酯,澳大利亞,出口總值(含復出口),50,19720
2018-05,29173300,鄰苯二甲酸二壬酯或二癸酯,土耳其,出口總值(含復出口),208,168000
2018-05,29173300,鄰苯二甲酸二壬酯或二癸酯,中國大陸,出口總值(含復出口),1505,1216000
2018-05,29173300,鄰苯二甲酸二壬酯或二癸酯,日本,進口總值(含復進口),1,0
2018-05,29173300,鄰苯二甲酸二壬酯或二癸酯,日本,出口總值(含復出口),421,323000
2018-05,29173300,鄰苯二甲酸二壬酯或二癸酯,比利時,出口總值(含復出口),208,159000
2018-05,29173300,鄰苯二甲酸二壬酯或二癸酯,以色列,出口總值(含復出口),51,40000
2018-05,29173300,鄰苯二甲酸二壬酯或二癸酯,印尼,出口總值(含復出口),30,23000
2018-05,29173300,鄰苯二甲酸二壬酯或二癸酯,印度,出口總值(含復出口),126,104000
2018-05,29173300,鄰苯二甲酸二壬酯或二癸酯,阿拉伯聯合大公國,出口總值(含復出口),98,77000
2018-05,29173300,鄰苯二甲酸二壬酯或二癸酯,阿曼,出口總值(含復出口),231,180000
2018-05,29173300,鄰苯二甲酸二壬酯或二癸酯,俄羅斯,出口總值(含復出口),28,21000
2018-05,29173300,鄰苯二甲酸二壬酯或二癸酯,美國,進口總值(含復進口),0,0
2018-05,29173300,鄰苯二甲酸二壬酯或二癸酯,美國,出口總值(含復出口),27,24000
2018-05,29173300,鄰苯二甲酸二壬酯或二癸酯,英國,出口總值(含復出口),303,251000
2018-05,29173300,鄰苯二甲酸二壬酯或二癸酯,香港,出口總值(含復出口),26,21000
2018-05,29173300,鄰苯二甲酸二壬酯或二癸酯,哥倫比亞,出口總值(含復出口),186,140000
2018-05,29173300,鄰苯二甲酸二壬酯或二癸酯,埃及,出口總值(含復出口),78,59000
2018-05,29173300,鄰苯二甲酸二壬酯或二癸酯,烏克蘭,出口總值(含復出口),28,21000
2018-05,29173300,鄰苯二甲酸二壬酯或二癸酯,馬來西亞,出口總值(含復出口),53,60000
2018-05,29173300,鄰苯二甲酸二壬酯或二癸酯,菲律賓,出口總值(含復出口),279,220000
2018-05,29173300,鄰苯二甲酸二壬酯或二癸酯,越南,出口總值(含復出口),457,363000
2018-05,29173300,鄰苯二甲酸二壬酯或二癸酯,新加坡,出口總值(含復出口),51,42000
2018-05,29173300,鄰苯二甲酸二壬酯或二癸酯,義大利,出口總值(含復出口),181,137000
2018-05,29173300,鄰苯二甲酸二壬酯或二癸酯,葡萄牙,出口總值(含復出口),132,104000
2018-05,29173300,鄰苯二甲酸二壬酯或二癸酯,德國,進口總值(含復進口),0,0
2018-05,29173300,鄰苯二甲酸二壬酯或二癸酯,墨西哥,出口總值(含復出口),450,354000
2018-05,29321100,四氫?喃,中國大陸,出口總值(含復出口),290,129600
2018-05,29321100,四氫?喃,日本,出口總值(含復出口),409,193390
2018-05,29321100,四氫?喃,比利時,進口總值(含復進口),0,10
2018-05,29321100,四氫?喃,比利時,出口總值(含復出口),165,74090
2018-05,29321100,四氫?喃,印度,出口總值(含復出口),1041,484870
2018-05,29321100,四氫?喃,南韓,進口總值(含復進口),3,432
2018-05,29321100,四氫?喃,南韓,出口總值(含復出口),7290,3550000
2018-05,29321100,四氫?喃,美國,進口總值(含復進口),1,3
2018-05,29321100,四氫?喃,美國,出口總值(含復出口),147,72740
2018-05,29321100,四氫?喃,英國,進口總值(含復進口),1,6
2018-05,29321100,四氫?喃,哥倫比亞,出口總值(含復出口),132,57600
2018-05,29321100,四氫?喃,馬來西亞,出口總值(含復出口),92,43200
2018-05,29321100,四氫?喃,越南,出口總值(含復出口),32,14400
2018-05,29321100,四氫?喃,義大利,出口總值(含復出口),44,19900
2018-05,29321100,四氫?喃,德國,進口總值(含復進口),19,1481
2018-05,39032000,苯乙烯－丙烯?共聚合物，初級狀態,中國大陸,進口總值(含復進口),443,140100
2018-05,39032000,苯乙烯－丙烯?共聚合物，初級狀態,中國大陸,出口總值(含復出口),20739,11755030
2018-05,39032000,苯乙烯－丙烯?共聚合物，初級狀態,巴西,出口總值(含復出口),74,40000
2018-05,39032000,苯乙烯－丙烯?共聚合物，初級狀態,巴基斯坦,出口總值(含復出口),232,126000
2018-05,39032000,苯乙烯－丙烯?共聚合物，初級狀態,日本,進口總值(含復進口),229,82620
2018-05,39032000,苯乙烯－丙烯?共聚合物，初級狀態,日本,出口總值(含復出口),19,10000
2018-05,39032000,苯乙烯－丙烯?共聚合物，初級狀態,比利時,出口總值(含復出口),8,4000
2018-05,39032000,苯乙烯－丙烯?共聚合物，初級狀態,以色列,出口總值(含復出口),99,57000
2018-05,39032000,苯乙烯－丙烯?共聚合物，初級狀態,伊朗,出口總值(含復出口),64,36000
2018-05,39032000,苯乙烯－丙烯?共聚合物，初級狀態,印尼,出口總值(含復出口),1216,695875
2018-05,39032000,苯乙烯－丙烯?共聚合物，初級狀態,西班牙,出口總值(含復出口),9,5000
2018-05,39032000,苯乙烯－丙烯?共聚合物，初級狀態,孟加拉,出口總值(含復出口),79,43000
2018-05,39032000,苯乙烯－丙烯?共聚合物，初級狀態,波蘭,出口總值(含復出口),21,11000
2018-05,39032000,苯乙烯－丙烯?共聚合物，初級狀態,法國,出口總值(含復出口),8,4000
2018-05,39032000,苯乙烯－丙烯?共聚合物，初級狀態,阿根廷,出口總值(含復出口),43,24000
2018-05,39032000,苯乙烯－丙烯?共聚合物，初級狀態,南非,出口總值(含復出口),26,14000
2018-05,39032000,苯乙烯－丙烯?共聚合物，初級狀態,南韓,進口總值(含復進口),180,210760
2018-05,39032000,苯乙烯－丙烯?共聚合物，初級狀態,突尼西亞,出口總值(含復出口),3,1500
2018-05,39032000,苯乙烯－丙烯?共聚合物，初級狀態,約旦,出口總值(含復出口),26,14000
2018-05,39032000,苯乙烯－丙烯?共聚合物，初級狀態,美國,進口總值(含復進口),13,10925
2018-05,39032000,苯乙烯－丙烯?共聚合物，初級狀態,美國,出口總值(含復出口),231,125400
2018-05,39032000,苯乙烯－丙烯?共聚合物，初級狀態,英國,進口總值(含復進口),46,11000
2018-05,39032000,苯乙烯－丙烯?共聚合物，初級狀態,香港,出口總值(含復出口),1167,647050
2018-05,39032000,苯乙烯－丙烯?共聚合物，初級狀態,哥倫比亞,出口總值(含復出口),14,8000
2018-05,39032000,苯乙烯－丙烯?共聚合物，初級狀態,埃及,出口總值(含復出口),166,91000
2018-05,39032000,苯乙烯－丙烯?共聚合物，初級狀態,泰國,出口總值(含復出口),745,400000
2018-05,39032000,苯乙烯－丙烯?共聚合物，初級狀態,馬來西亞,進口總值(含復進口),5,3600
2018-05,39032000,苯乙烯－丙烯?共聚合物，初級狀態,馬來西亞,出口總值(含復出口),212,118000
2018-05,39032000,苯乙烯－丙烯?共聚合物，初級狀態,荷蘭,出口總值(含復出口),129,72000
2018-05,39032000,苯乙烯－丙烯?共聚合物，初級狀態,斯洛維尼亞,出口總值(含復出口),27,14000
2018-05,39032000,苯乙烯－丙烯?共聚合物，初級狀態,越南,出口總值(含復出口),407,226125
2018-05,39032000,苯乙烯－丙烯?共聚合物，初級狀態,愛沙尼亞,出口總值(含復出口),34,18000
2018-05,39032000,苯乙烯－丙烯?共聚合物，初級狀態,新加坡,出口總值(含復出口),6,3000
2018-05,39032000,苯乙烯－丙烯?共聚合物，初級狀態,義大利,出口總值(含復出口),53,28000
2018-05,39032000,苯乙烯－丙烯?共聚合物，初級狀態,墨西哥,出口總值(含復出口),286,158000
2018-05,39032000,苯乙烯－丙烯?共聚合物，初級狀態,澳大利亞,出口總值(含復出口),7,4000
2018-05,39039010,甲基丙烯酸甲酯－丁二烯－苯乙烯（ＭＢＳ）共聚合物，初級狀態,中國大陸,出口總值(含復出口),1046,403130
2018-05,39039010,甲基丙烯酸甲酯－丁二烯－苯乙烯（ＭＢＳ）共聚合物，初級狀態,巴西,出口總值(含復出口),7,3000
2018-05,39039010,甲基丙烯酸甲酯－丁二烯－苯乙烯（ＭＢＳ）共聚合物，初級狀態,日本,進口總值(含復進口),399,129030
2018-05,39039010,甲基丙烯酸甲酯－丁二烯－苯乙烯（ＭＢＳ）共聚合物，初級狀態,日本,出口總值(含復出口),17,7000
2018-05,39039010,甲基丙烯酸甲酯－丁二烯－苯乙烯（ＭＢＳ）共聚合物，初級狀態,比利時,出口總值(含復出口),16,7000
2018-05,39039010,甲基丙烯酸甲酯－丁二烯－苯乙烯（ＭＢＳ）共聚合物，初級狀態,法國,出口總值(含復出口),62,28000
2018-05,39039010,甲基丙烯酸甲酯－丁二烯－苯乙烯（ＭＢＳ）共聚合物，初級狀態,俄羅斯,出口總值(含復出口),5,2000
2018-05,39039010,甲基丙烯酸甲酯－丁二烯－苯乙烯（ＭＢＳ）共聚合物，初級狀態,南非,出口總值(含復出口),15,7000
2018-05,39039010,甲基丙烯酸甲酯－丁二烯－苯乙烯（ＭＢＳ）共聚合物，初級狀態,南韓,進口總值(含復進口),114,40000
2018-05,39039010,甲基丙烯酸甲酯－丁二烯－苯乙烯（ＭＢＳ）共聚合物，初級狀態,美國,進口總值(含復進口),10,3601
2018-05,39039010,甲基丙烯酸甲酯－丁二烯－苯乙烯（ＭＢＳ）共聚合物，初級狀態,英國,出口總值(含復出口),109,50000
2018-05,39039010,甲基丙烯酸甲酯－丁二烯－苯乙烯（ＭＢＳ）共聚合物，初級狀態,香港,出口總值(含復出口),65,20000
2018-05,39039010,甲基丙烯酸甲酯－丁二烯－苯乙烯（ＭＢＳ）共聚合物，初級狀態,紐西蘭,出口總值(含復出口),8,3000
2018-05,39039010,甲基丙烯酸甲酯－丁二烯－苯乙烯（ＭＢＳ）共聚合物，初級狀態,馬來西亞,進口總值(含復進口),108,38400
2018-05,39039010,甲基丙烯酸甲酯－丁二烯－苯乙烯（ＭＢＳ）共聚合物，初級狀態,馬來西亞,出口總值(含復出口),203,69000
2018-05,39039010,甲基丙烯酸甲酯－丁二烯－苯乙烯（ＭＢＳ）共聚合物，初級狀態,荷蘭,進口總值(含復進口),2,600
2018-05,39039010,甲基丙烯酸甲酯－丁二烯－苯乙烯（ＭＢＳ）共聚合物，初級狀態,荷蘭,出口總值(含復出口),31,12000
2018-05,39039010,甲基丙烯酸甲酯－丁二烯－苯乙烯（ＭＢＳ）共聚合物，初級狀態,越南,出口總值(含復出口),137,52160
2018-05,39039010,甲基丙烯酸甲酯－丁二烯－苯乙烯（ＭＢＳ）共聚合物，初級狀態,瑞典,出口總值(含復出口),20,9000
2018-05,39039010,甲基丙烯酸甲酯－丁二烯－苯乙烯（ＭＢＳ）共聚合物，初級狀態,義大利,出口總值(含復出口),71,32000
2018-05,39052100,醋酸乙烯共聚合物水性分散液,中國大陸,進口總值(含復進口),75,35374
2018-05,39052100,醋酸乙烯共聚合物水性分散液,中國大陸,出口總值(含復出口),4143,4331610
2018-05,39052100,醋酸乙烯共聚合物水性分散液,中華民國,進口總值(含復進口),45,39000
2018-05,39052100,醋酸乙烯共聚合物水性分散液,巴基斯坦,出口總值(含復出口),337,400000
2018-05,39052100,醋酸乙烯共聚合物水性分散液,日本,進口總值(含復進口),50,24570
2018-05,39052100,醋酸乙烯共聚合物水性分散液,瓜地馬拉,出口總值(含復出口),17,19400
2018-05,39052100,醋酸乙烯共聚合物水性分散液,印度,出口總值(含復出口),23,17600
2018-05,39052100,醋酸乙烯共聚合物水性分散液,肯亞,出口總值(含復出口),20,17600
2018-05,39052100,醋酸乙烯共聚合物水性分散液,阿拉伯聯合大公國,出口總值(含復出口),38,39400
2018-05,39052100,醋酸乙烯共聚合物水性分散液,阿根廷,出口總值(含復出口),66,70400
2018-05,39052100,醋酸乙烯共聚合物水性分散液,俄羅斯,出口總值(含復出口),22,20000
2018-05,39052100,醋酸乙烯共聚合物水性分散液,南韓,出口總值(含復出口),5,4400
2018-05,39052100,醋酸乙烯共聚合物水性分散液,美國,進口總值(含復進口),9,6675
2018-05,39052100,醋酸乙烯共聚合物水性分散液,美國,出口總值(含復出口),111,111340
2018-05,39052100,醋酸乙烯共聚合物水性分散液,香港,出口總值(含復出口),19,20000
2018-05,39052100,醋酸乙烯共聚合物水性分散液,哥斯大黎加,出口總值(含復出口),21,17600
2018-05,39052100,醋酸乙烯共聚合物水性分散液,紐西蘭,出口總值(含復出口),45,43040
2018-05,39052100,醋酸乙烯共聚合物水性分散液,馬來西亞,進口總值(含復進口),89,55600
2018-05,39052100,醋酸乙烯共聚合物水性分散液,荷蘭,出口總值(含復出口),16,19430
2018-05,39052100,醋酸乙烯共聚合物水性分散液,越南,出口總值(含復出口),44,46800
2018-05,39052100,醋酸乙烯共聚合物水性分散液,新加坡,出口總值(含復出口),36,35200
2018-05,39052100,醋酸乙烯共聚合物水性分散液,澳大利亞,出口總值(含復出口),96,77640
2018-06,29161410,甲基丙烯酸甲酯,中國大陸,進口總值(含復進口),94,9400
2018-06,29161410,甲基丙烯酸甲酯,中國大陸,出口總值(含復出口),3666,1362326
2018-06,29161410,甲基丙烯酸甲酯,日本,進口總值(含復進口),1238,510903
2018-06,29161410,甲基丙烯酸甲酯,印度,出口總值(含復出口),138,45600
2018-06,29161410,甲基丙烯酸甲酯,沙烏地阿拉伯,進口總值(含復進口),2795,1000000
2018-06,29161410,甲基丙烯酸甲酯,法國,進口總值(含復進口),0,0
2018-06,29161410,甲基丙烯酸甲酯,阿拉伯聯合大公國,出口總值(含復出口),45,15200
2018-06,29161410,甲基丙烯酸甲酯,南韓,出口總值(含復出口),1520,600880
2018-06,29161410,甲基丙烯酸甲酯,美國,出口總值(含復出口),81,30400
2018-06,29161410,甲基丙烯酸甲酯,英國,進口總值(含復進口),0,0
2018-06,29161410,甲基丙烯酸甲酯,泰國,進口總值(含復進口),10973,4252998
2018-06,29161410,甲基丙烯酸甲酯,泰國,出口總值(含復出口),302,113760
2018-06,29161410,甲基丙烯酸甲酯,秘魯,出口總值(含復出口),80,30400
2018-06,29161410,甲基丙烯酸甲酯,馬來西亞,出口總值(含復出口),518,198900
2018-06,29161410,甲基丙烯酸甲酯,荷蘭,進口總值(含復進口),0,10
2018-06,29161410,甲基丙烯酸甲酯,菲律賓,出口總值(含復出口),1361,499220
2018-06,29161410,甲基丙烯酸甲酯,越南,出口總值(含復出口),2566,1003900
2018-06,29161410,甲基丙烯酸甲酯,德國,進口總值(含復進口),1921,782120
2018-06,29173300,鄰苯二甲酸二壬酯或二癸酯,中國大陸,出口總值(含復出口),1622,1385000
2018-06,29173300,鄰苯二甲酸二壬酯或二癸酯,厄瓜多,出口總值(含復出口),26,16000
2018-06,29173300,鄰苯二甲酸二壬酯或二癸酯,日本,出口總值(含復出口),400,314000
2018-06,29173300,鄰苯二甲酸二壬酯或二癸酯,比利時,出口總值(含復出口),30,23000
2018-06,29173300,鄰苯二甲酸二壬酯或二癸酯,以色列,出口總值(含復出口),76,60000
2018-06,29173300,鄰苯二甲酸二壬酯或二癸酯,立陶宛,出口總值(含復出口),80,63000
2018-06,29173300,鄰苯二甲酸二壬酯或二癸酯,印尼,出口總值(含復出口),30,23000
2018-06,29173300,鄰苯二甲酸二壬酯或二癸酯,法國,出口總值(含復出口),60,46000
2018-06,29173300,鄰苯二甲酸二壬酯或二癸酯,阿拉伯聯合大公國,出口總值(含復出口),101,81000
2018-06,29173300,鄰苯二甲酸二壬酯或二癸酯,阿曼,出口總值(含復出口),151,120000
2018-06,29173300,鄰苯二甲酸二壬酯或二癸酯,美國,進口總值(含復進口),0,0
2018-06,29173300,鄰苯二甲酸二壬酯或二癸酯,美國,出口總值(含復出口),79,66000
2018-06,29173300,鄰苯二甲酸二壬酯或二癸酯,英國,出口總值(含復出口),56,46000
2018-06,29173300,鄰苯二甲酸二壬酯或二癸酯,埃及,出口總值(含復出口),103,80000
2018-06,29173300,鄰苯二甲酸二壬酯或二癸酯,烏克蘭,出口總值(含復出口),57,42000
2018-06,29173300,鄰苯二甲酸二壬酯或二癸酯,馬來西亞,出口總值(含復出口),103,82000
2018-06,29173300,鄰苯二甲酸二壬酯或二癸酯,斯里蘭卡,出口總值(含復出口),24,20000
2018-06,29173300,鄰苯二甲酸二壬酯或二癸酯,菲律賓,出口總值(含復出口),329,240000
2018-06,29173300,鄰苯二甲酸二壬酯或二癸酯,越南,出口總值(含復出口),529,403000
2018-06,29173300,鄰苯二甲酸二壬酯或二癸酯,新加坡,出口總值(含復出口),36,20000
2018-06,29173300,鄰苯二甲酸二壬酯或二癸酯,義大利,出口總值(含復出口),108,83000
2018-06,29173300,鄰苯二甲酸二壬酯或二癸酯,葡萄牙,出口總值(含復出口),54,42000
2018-06,29173300,鄰苯二甲酸二壬酯或二癸酯,德國,進口總值(含復進口),0,0
2018-06,29173300,鄰苯二甲酸二壬酯或二癸酯,德國,出口總值(含復出口),25,21000
2018-06,29173300,鄰苯二甲酸二壬酯或二癸酯,墨西哥,出口總值(含復出口),243,188000
2018-06,29321100,四氫?喃,中國大陸,出口總值(含復出口),33,14400
2018-06,29321100,四氫?喃,日本,出口總值(含復出口),468,212230
2018-06,29321100,四氫?喃,比利時,進口總值(含復進口),0,5
2018-06,29321100,四氫?喃,加拿大,出口總值(含復出口),39,19330
2018-06,29321100,四氫?喃,印度,出口總值(含復出口),1775,827150
2018-06,29321100,四氫?喃,孟加拉,出口總值(含復出口),9,2880
2018-06,29321100,四氫?喃,南韓,進口總值(含復進口),2,304
2018-06,29321100,四氫?喃,南韓,出口總值(含復出口),6059,2859870
2018-06,29321100,四氫?喃,美國,進口總值(含復進口),61,3937
2018-06,29321100,四氫?喃,英國,進口總值(含復進口),1,16
2018-06,29321100,四氫?喃,埃及,出口總值(含復出口),33,14400
2018-06,29321100,四氫?喃,泰國,出口總值(含復出口),61,28800
2018-06,29321100,四氫?喃,馬來西亞,進口總值(含復進口),68,28800
2018-06,29321100,四氫?喃,荷蘭,出口總值(含復出口),67,28800
2018-06,29321100,四氫?喃,菲律賓,出口總值(含復出口),32,14400
2018-06,29321100,四氫?喃,愛爾蘭,進口總值(含復進口),0,1
2018-06,29321100,四氫?喃,德國,進口總值(含復進口),15,1331
2018-06,29321100,四氫?喃,墨西哥,出口總值(含復出口),32,14400
2018-06,39032000,苯乙烯－丙烯?共聚合物，初級狀態,中國大陸,進口總值(含復進口),449,164800
2018-06,39032000,苯乙烯－丙烯?共聚合物，初級狀態,中國大陸,出口總值(含復出口),15399,8425800
2018-06,39032000,苯乙烯－丙烯?共聚合物，初級狀態,巴西,出口總值(含復出口),96,54000
2018-06,39032000,苯乙烯－丙烯?共聚合物，初級狀態,巴基斯坦,出口總值(含復出口),273,144375
2018-06,39032000,苯乙烯－丙烯?共聚合物，初級狀態,日本,進口總值(含復進口),109,42977
2018-06,39032000,苯乙烯－丙烯?共聚合物，初級狀態,日本,出口總值(含復出口),170,90375
2018-06,39032000,苯乙烯－丙烯?共聚合物，初級狀態,以色列,出口總值(含復出口),31,18000
2018-06,39032000,苯乙烯－丙烯?共聚合物，初級狀態,立陶宛,出口總值(含復出口),4,2000
2018-06,39032000,苯乙烯－丙烯?共聚合物，初級狀態,伊朗,出口總值(含復出口),100,54000
2018-06,39032000,苯乙烯－丙烯?共聚合物，初級狀態,印尼,出口總值(含復出口),358,198000
2018-06,39032000,苯乙烯－丙烯?共聚合物，初級狀態,印度,出口總值(含復出口),2,1000
2018-06,39032000,苯乙烯－丙烯?共聚合物，初級狀態,沙烏地阿拉伯,進口總值(含復進口),29,23460
2018-06,39032000,苯乙烯－丙烯?共聚合物，初級狀態,孟加拉,出口總值(含復出口),105,55000
2018-06,39032000,苯乙烯－丙烯?共聚合物，初級狀態,波蘭,出口總值(含復出口),4,2000
2018-06,39032000,苯乙烯－丙烯?共聚合物，初級狀態,阿根廷,出口總值(含復出口),41,21000
2018-06,39032000,苯乙烯－丙烯?共聚合物，初級狀態,俄羅斯,出口總值(含復出口),80,40925
2018-06,39032000,苯乙烯－丙烯?共聚合物，初級狀態,南非,出口總值(含復出口),20,11000
2018-06,39032000,苯乙烯－丙烯?共聚合物，初級狀態,南韓,進口總值(含復進口),69,95576
2018-06,39032000,苯乙烯－丙烯?共聚合物，初級狀態,美國,出口總值(含復出口),276,149750
2018-06,39032000,苯乙烯－丙烯?共聚合物，初級狀態,英國,出口總值(含復出口),8,4000
2018-06,39032000,苯乙烯－丙烯?共聚合物，初級狀態,香港,出口總值(含復出口),1809,959950
2018-06,39032000,苯乙烯－丙烯?共聚合物，初級狀態,埃及,出口總值(含復出口),65,36000
2018-06,39032000,苯乙烯－丙烯?共聚合物，初級狀態,泰國,出口總值(含復出口),1202,628000
2018-06,39032000,苯乙烯－丙烯?共聚合物，初級狀態,馬來西亞,出口總值(含復出口),259,139500
2018-06,39032000,苯乙烯－丙烯?共聚合物，初級狀態,荷蘭,出口總值(含復出口),7,4000
2018-06,39032000,苯乙烯－丙烯?共聚合物，初級狀態,斯里蘭卡,出口總值(含復出口),11,5000
2018-06,39032000,苯乙烯－丙烯?共聚合物，初級狀態,斯洛維尼亞,出口總值(含復出口),163,87250
2018-06,39032000,苯乙烯－丙烯?共聚合物，初級狀態,越南,出口總值(含復出口),214,116000
2018-06,39032000,苯乙烯－丙烯?共聚合物，初級狀態,愛沙尼亞,出口總值(含復出口),107,54000
2018-06,39032000,苯乙烯－丙烯?共聚合物，初級狀態,新加坡,出口總值(含復出口),6,3000
2018-06,39032000,苯乙烯－丙烯?共聚合物，初級狀態,義大利,出口總值(含復出口),2,1000
2018-06,39032000,苯乙烯－丙烯?共聚合物，初級狀態,墨西哥,出口總值(含復出口),149,80000
2018-06,39032000,苯乙烯－丙烯?共聚合物，初級狀態,澳大利亞,出口總值(含復出口),9,5000
2018-06,39039010,甲基丙烯酸甲酯－丁二烯－苯乙烯（ＭＢＳ）共聚合物，初級狀態,中國大陸,出口總值(含復出口),1221,445775
2018-06,39039010,甲基丙烯酸甲酯－丁二烯－苯乙烯（ＭＢＳ）共聚合物，初級狀態,厄瓜多,出口總值(含復出口),4,2000
2018-06,39039010,甲基丙烯酸甲酯－丁二烯－苯乙烯（ＭＢＳ）共聚合物，初級狀態,日本,進口總值(含復進口),273,110943
2018-06,39039010,甲基丙烯酸甲酯－丁二烯－苯乙烯（ＭＢＳ）共聚合物，初級狀態,日本,出口總值(含復出口),78,29160
2018-06,39039010,甲基丙烯酸甲酯－丁二烯－苯乙烯（ＭＢＳ）共聚合物，初級狀態,比利時,出口總值(含復出口),157,73000
2018-06,39039010,甲基丙烯酸甲酯－丁二烯－苯乙烯（ＭＢＳ）共聚合物，初級狀態,印度,出口總值(含復出口),0,25
2018-06,39039010,甲基丙烯酸甲酯－丁二烯－苯乙烯（ＭＢＳ）共聚合物，初級狀態,波蘭,出口總值(含復出口),10,5000
2018-06,39039010,甲基丙烯酸甲酯－丁二烯－苯乙烯（ＭＢＳ）共聚合物，初級狀態,法國,出口總值(含復出口),51,23000
2018-06,39039010,甲基丙烯酸甲酯－丁二烯－苯乙烯（ＭＢＳ）共聚合物，初級狀態,南非,出口總值(含復出口),18,8000
2018-06,39039010,甲基丙烯酸甲酯－丁二烯－苯乙烯（ＭＢＳ）共聚合物，初級狀態,南韓,進口總值(含復進口),75,38900
2018-06,39039010,甲基丙烯酸甲酯－丁二烯－苯乙烯（ＭＢＳ）共聚合物，初級狀態,美國,進口總值(含復進口),8,3600
2018-06,39039010,甲基丙烯酸甲酯－丁二烯－苯乙烯（ＭＢＳ）共聚合物，初級狀態,美國,出口總值(含復出口),5,2000
2018-06,39039010,甲基丙烯酸甲酯－丁二烯－苯乙烯（ＭＢＳ）共聚合物，初級狀態,英國,出口總值(含復出口),13,6000
2018-06,39039010,甲基丙烯酸甲酯－丁二烯－苯乙烯（ＭＢＳ）共聚合物，初級狀態,香港,出口總值(含復出口),113,33000
2018-06,39039010,甲基丙烯酸甲酯－丁二烯－苯乙烯（ＭＢＳ）共聚合物，初級狀態,泰國,出口總值(含復出口),21,8000
2018-06,39039010,甲基丙烯酸甲酯－丁二烯－苯乙烯（ＭＢＳ）共聚合物，初級狀態,紐西蘭,出口總值(含復出口),15,6000
2018-06,39039010,甲基丙烯酸甲酯－丁二烯－苯乙烯（ＭＢＳ）共聚合物，初級狀態,馬來西亞,進口總值(含復進口),88,28800
2018-06,39039010,甲基丙烯酸甲酯－丁二烯－苯乙烯（ＭＢＳ）共聚合物，初級狀態,馬來西亞,出口總值(含復出口),112,41000
2018-06,39039010,甲基丙烯酸甲酯－丁二烯－苯乙烯（ＭＢＳ）共聚合物，初級狀態,荷蘭,進口總值(含復進口),15,5000
2018-06,39039010,甲基丙烯酸甲酯－丁二烯－苯乙烯（ＭＢＳ）共聚合物，初級狀態,荷蘭,出口總值(含復出口),53,24000
2018-06,39039010,甲基丙烯酸甲酯－丁二烯－苯乙烯（ＭＢＳ）共聚合物，初級狀態,菲律賓,出口總值(含復出口),36,14000
2018-06,39039010,甲基丙烯酸甲酯－丁二烯－苯乙烯（ＭＢＳ）共聚合物，初級狀態,越南,出口總值(含復出口),80,33000
2018-06,39039010,甲基丙烯酸甲酯－丁二烯－苯乙烯（ＭＢＳ）共聚合物，初級狀態,義大利,出口總值(含復出口),166,76000
2018-06,39039010,甲基丙烯酸甲酯－丁二烯－苯乙烯（ＭＢＳ）共聚合物，初級狀態,澳大利亞,出口總值(含復出口),18,8000
2018-06,39052100,醋酸乙烯共聚合物水性分散液,中國大陸,進口總值(含復進口),80,38660
2018-06,39052100,醋酸乙烯共聚合物水性分散液,中國大陸,出口總值(含復出口),3381,3509270
2018-06,39052100,醋酸乙烯共聚合物水性分散液,中華民國,進口總值(含復進口),20,17600
2018-06,39052100,醋酸乙烯共聚合物水性分散液,厄瓜多,出口總值(含復出口),19,20000
2018-06,39052100,醋酸乙烯共聚合物水性分散液,巴西,出口總值(含復出口),9,8000
2018-06,39052100,醋酸乙烯共聚合物水性分散液,巴基斯坦,出口總值(含復出口),385,440000
2018-06,39052100,醋酸乙烯共聚合物水性分散液,日本,進口總值(含復進口),7,709
2018-06,39052100,醋酸乙烯共聚合物水性分散液,日本,出口總值(含復出口),20,19670
2018-06,39052100,醋酸乙烯共聚合物水性分散液,印度,出口總值(含復出口),23,17600
2018-06,39052100,醋酸乙烯共聚合物水性分散液,波多黎各,出口總值(含復出口),23,19750
2018-06,39052100,醋酸乙烯共聚合物水性分散液,阿拉伯聯合大公國,出口總值(含復出口),40,35200
2018-06,39052100,醋酸乙烯共聚合物水性分散液,阿根廷,出口總值(含復出口),37,35200
2018-06,39052100,醋酸乙烯共聚合物水性分散液,阿爾及利亞,出口總值(含復出口),40,40000
2018-06,39052100,醋酸乙烯共聚合物水性分散液,南韓,進口總值(含復進口),16,15600
2018-06,39052100,醋酸乙烯共聚合物水性分散液,南韓,出口總值(含復出口),24,22000
2018-06,39052100,醋酸乙烯共聚合物水性分散液,美國,出口總值(含復出口),56,64480
2018-06,39052100,醋酸乙烯共聚合物水性分散液,馬來西亞,進口總值(含復進口),7,4800
2018-06,39052100,醋酸乙烯共聚合物水性分散液,馬來西亞,出口總值(含復出口),31,14400
2018-06,39052100,醋酸乙烯共聚合物水性分散液,越南,出口總值(含復出口),234,211600
2018-06,39052100,醋酸乙烯共聚合物水性分散液,澳大利亞,出口總值(含復出口),137,133000
2018-07,29161410,甲基丙烯酸甲酯,中國大陸,進口總值(含復進口),2641,1012000
2018-07,29161410,甲基丙烯酸甲酯,中國大陸,出口總值(含復出口),6563,2827333
2018-07,29161410,甲基丙烯酸甲酯,巴基斯坦,出口總值(含復出口),88,30400
2018-07,29161410,甲基丙烯酸甲酯,日本,進口總值(含復進口),6143,2433536
2018-07,29161410,甲基丙烯酸甲酯,印尼,出口總值(含復出口),512,197370
2018-07,29161410,甲基丙烯酸甲酯,印度,出口總值(含復出口),44,15200
2018-07,29161410,甲基丙烯酸甲酯,沙烏地阿拉伯,進口總值(含復進口),8410,3146683
2018-07,29161410,甲基丙烯酸甲酯,孟加拉,出口總值(含復出口),41,15200
2018-07,29161410,甲基丙烯酸甲酯,南韓,進口總值(含復進口),6,35
2018-07,29161410,甲基丙烯酸甲酯,南韓,出口總值(含復出口),1576,600540
2018-07,29161410,甲基丙烯酸甲酯,美國,進口總值(含復進口),3747,1580263
2018-07,29161410,甲基丙烯酸甲酯,美國,出口總值(含復出口),41,15200
2018-07,29161410,甲基丙烯酸甲酯,英國,進口總值(含復進口),0,1
2018-07,29161410,甲基丙烯酸甲酯,香港,出口總值(含復出口),53,20000
2018-07,29161410,甲基丙烯酸甲酯,泰國,進口總值(含復進口),2868,1026079
2018-07,29161410,甲基丙烯酸甲酯,泰國,出口總值(含復出口),41,15200
2018-07,29161410,甲基丙烯酸甲酯,秘魯,出口總值(含復出口),118,45600
2018-07,29161410,甲基丙烯酸甲酯,馬來西亞,出口總值(含復出口),440,165668
2018-07,29161410,甲基丙烯酸甲酯,菲律賓,出口總值(含復出口),1094,416650
2018-07,29161410,甲基丙烯酸甲酯,越南,出口總值(含復出口),1783,693150
2018-07,29161410,甲基丙烯酸甲酯,德國,進口總值(含復進口),2368,912498
2018-07,29161410,甲基丙烯酸甲酯,澳大利亞,出口總值(含復出口),97,34970
2018-07,29173300,鄰苯二甲酸二壬酯或二癸酯,中國大陸,出口總值(含復出口),1649,1423000
2018-07,29173300,鄰苯二甲酸二壬酯或二癸酯,日本,出口總值(含復出口),473,367000
2018-07,29173300,鄰苯二甲酸二壬酯或二癸酯,印尼,出口總值(含復出口),45,36000
2018-07,29173300,鄰苯二甲酸二壬酯或二癸酯,印度,出口總值(含復出口),80,60000
2018-07,29173300,鄰苯二甲酸二壬酯或二癸酯,阿拉伯聯合大公國,出口總值(含復出口),85,76000
2018-07,29173300,鄰苯二甲酸二壬酯或二癸酯,阿曼,出口總值(含復出口),73,60000
2018-07,29173300,鄰苯二甲酸二壬酯或二癸酯,美國,進口總值(含復進口),0,0
2018-07,29173300,鄰苯二甲酸二壬酯或二癸酯,美國,出口總值(含復出口),205,161000
2018-07,29173300,鄰苯二甲酸二壬酯或二癸酯,英國,出口總值(含復出口),29,23000
2018-07,29173300,鄰苯二甲酸二壬酯或二癸酯,哥倫比亞,出口總值(含復出口),154,120000
2018-07,29173300,鄰苯二甲酸二壬酯或二癸酯,埃及,出口總值(含復出口),241,198000
2018-07,29173300,鄰苯二甲酸二壬酯或二癸酯,烏克蘭,出口總值(含復出口),29,21000
2018-07,29173300,鄰苯二甲酸二壬酯或二癸酯,馬來西亞,出口總值(含復出口),30,24000
2018-07,29173300,鄰苯二甲酸二壬酯或二癸酯,菲律賓,出口總值(含復出口),337,272000
2018-07,29173300,鄰苯二甲酸二壬酯或二癸酯,象牙海岸,出口總值(含復出口),372,307000
2018-07,29173300,鄰苯二甲酸二壬酯或二癸酯,越南,出口總值(含復出口),401,311000
2018-07,29173300,鄰苯二甲酸二壬酯或二癸酯,新加坡,出口總值(含復出口),25,21000
2018-07,29173300,鄰苯二甲酸二壬酯或二癸酯,德國,進口總值(含復進口),0,0
2018-07,29173300,鄰苯二甲酸二壬酯或二癸酯,墨西哥,出口總值(含復出口),160,124000
2018-07,29173300,鄰苯二甲酸二壬酯或二癸酯,澳大利亞,出口總值(含復出口),13,9000
2018-07,29321100,四氫?喃,中國大陸,出口總值(含復出口),98,43200
2018-07,29321100,四氫?喃,日本,進口總值(含復進口),2,98
2018-07,29321100,四氫?喃,日本,出口總值(含復出口),418,192790
2018-07,29321100,四氫?喃,比利時,進口總值(含復進口),0,1
2018-07,29321100,四氫?喃,比利時,出口總值(含復出口),87,39770
2018-07,29321100,四氫?喃,加拿大,出口總值(含復出口),112,52990
2018-07,29321100,四氫?喃,印度,出口總值(含復出口),1917,906330
2018-07,29321100,四氫?喃,西班牙,進口總值(含復進口),0,8
2018-07,29321100,四氫?喃,肯亞,出口總值(含復出口),29,14400
2018-07,29321100,四氫?喃,阿拉伯聯合大公國,出口總值(含復出口),59,28800
2018-07,29321100,四氫?喃,南韓,進口總值(含復進口),3,424
2018-07,29321100,四氫?喃,美國,進口總值(含復進口),10,448
2018-07,29321100,四氫?喃,英國,進口總值(含復進口),0,3
2018-07,29321100,四氫?喃,哥倫比亞,出口總值(含復出口),60,28800
2018-07,29321100,四氫?喃,馬來西亞,進口總值(含復進口),68,28800
2018-07,29321100,四氫?喃,馬來西亞,出口總值(含復出口),30,14400
2018-07,29321100,四氫?喃,荷蘭,進口總值(含復進口),2,1
2018-07,29321100,四氫?喃,荷蘭,出口總值(含復出口),168,72000
2018-07,29321100,四氫?喃,越南,出口總值(含復出口),31,14400
2018-07,29321100,四氫?喃,德國,進口總值(含復進口),33,2410
2018-07,39032000,苯乙烯－丙烯?共聚合物，初級狀態,中國大陸,進口總值(含復進口),276,97200
2018-07,39032000,苯乙烯－丙烯?共聚合物，初級狀態,中國大陸,出口總值(含復出口),13305,7429497
2018-07,39032000,苯乙烯－丙烯?共聚合物，初級狀態,厄瓜多,出口總值(含復出口),4,2000
2018-07,39032000,苯乙烯－丙烯?共聚合物，初級狀態,巴西,出口總值(含復出口),336,188000
2018-07,39032000,苯乙烯－丙烯?共聚合物，初級狀態,巴基斯坦,出口總值(含復出口),210,110000
2018-07,39032000,苯乙烯－丙烯?共聚合物，初級狀態,日本,進口總值(含復進口),207,79528
2018-07,39032000,苯乙烯－丙烯?共聚合物，初級狀態,日本,出口總值(含復出口),79,42000
2018-07,39032000,苯乙烯－丙烯?共聚合物，初級狀態,以色列,出口總值(含復出口),16,9000
2018-07,39032000,苯乙烯－丙烯?共聚合物，初級狀態,加拿大,出口總值(含復出口),41,22000
2018-07,39032000,苯乙烯－丙烯?共聚合物，初級狀態,立陶宛,出口總值(含復出口),25,14000
2018-07,39032000,苯乙烯－丙烯?共聚合物，初級狀態,印尼,出口總值(含復出口),929,511625
2018-07,39032000,苯乙烯－丙烯?共聚合物，初級狀態,印度,出口總值(含復出口),45,23000
2018-07,39032000,苯乙烯－丙烯?共聚合物，初級狀態,西班牙,出口總值(含復出口),29,16000
2018-07,39032000,苯乙烯－丙烯?共聚合物，初級狀態,沙烏地阿拉伯,進口總值(含復進口),67,53110
2018-07,39032000,苯乙烯－丙烯?共聚合物，初級狀態,孟加拉,出口總值(含復出口),123,63680
2018-07,39032000,苯乙烯－丙烯?共聚合物，初級狀態,波蘭,出口總值(含復出口),18,9000
2018-07,39032000,苯乙烯－丙烯?共聚合物，初級狀態,阿根廷,出口總值(含復出口),28,16000
2018-07,39032000,苯乙烯－丙烯?共聚合物，初級狀態,俄羅斯,出口總值(含復出口),31,16000
2018-07,39032000,苯乙烯－丙烯?共聚合物，初級狀態,南非,出口總值(含復出口),13,7000
2018-07,39032000,苯乙烯－丙烯?共聚合物，初級狀態,南韓,進口總值(含復進口),85,68175
2018-07,39032000,苯乙烯－丙烯?共聚合物，初級狀態,美國,出口總值(含復出口),48,26000
2018-07,39032000,苯乙烯－丙烯?共聚合物，初級狀態,英國,進口總值(含復進口),46,11000
2018-07,39032000,苯乙烯－丙烯?共聚合物，初級狀態,英國,出口總值(含復出口),4,2000
2018-07,39032000,苯乙烯－丙烯?共聚合物，初級狀態,香港,出口總值(含復出口),1988,1069275
2018-07,39032000,苯乙烯－丙烯?共聚合物，初級狀態,哥倫比亞,出口總值(含復出口),31,16625
2018-07,39032000,苯乙烯－丙烯?共聚合物，初級狀態,埃及,出口總值(含復出口),75,41000
2018-07,39032000,苯乙烯－丙烯?共聚合物，初級狀態,泰國,進口總值(含復進口),35,20000
2018-07,39032000,苯乙烯－丙烯?共聚合物，初級狀態,泰國,出口總值(含復出口),445,230000
2018-07,39032000,苯乙烯－丙烯?共聚合物，初級狀態,紐西蘭,出口總值(含復出口),6,3000
2018-07,39032000,苯乙烯－丙烯?共聚合物，初級狀態,馬來西亞,進口總值(含復進口),42,14000
2018-07,39032000,苯乙烯－丙烯?共聚合物，初級狀態,馬來西亞,出口總值(含復出口),122,64000
2018-07,39032000,苯乙烯－丙烯?共聚合物，初級狀態,荷蘭,出口總值(含復出口),114,64000
2018-07,39032000,苯乙烯－丙烯?共聚合物，初級狀態,斯里蘭卡,出口總值(含復出口),22,12000
2018-07,39032000,苯乙烯－丙烯?共聚合物，初級狀態,斯洛維尼亞,出口總值(含復出口),8,4000
2018-07,39032000,苯乙烯－丙烯?共聚合物，初級狀態,菲律賓,出口總值(含復出口),132,72500
2018-07,39032000,苯乙烯－丙烯?共聚合物，初級狀態,越南,出口總值(含復出口),382,211000
2018-07,39032000,苯乙烯－丙烯?共聚合物，初級狀態,愛沙尼亞,出口總值(含復出口),73,36000
2018-07,39032000,苯乙烯－丙烯?共聚合物，初級狀態,新加坡,出口總值(含復出口),6,3000
2018-07,39032000,苯乙烯－丙烯?共聚合物，初級狀態,墨西哥,進口總值(含復進口),26,24341
2018-07,39032000,苯乙烯－丙烯?共聚合物，初級狀態,墨西哥,出口總值(含復出口),220,118000
2018-07,39032000,苯乙烯－丙烯?共聚合物，初級狀態,澳大利亞,出口總值(含復出口),4,2000
2018-07,39039010,甲基丙烯酸甲酯－丁二烯－苯乙烯（ＭＢＳ）共聚合物，初級狀態,中國大陸,出口總值(含復出口),577,203300
2018-07,39039010,甲基丙烯酸甲酯－丁二烯－苯乙烯（ＭＢＳ）共聚合物，初級狀態,厄瓜多,出口總值(含復出口),2,1000
2018-07,39039010,甲基丙烯酸甲酯－丁二烯－苯乙烯（ＭＢＳ）共聚合物，初級狀態,日本,進口總值(含復進口),286,90930
2018-07,39039010,甲基丙烯酸甲酯－丁二烯－苯乙烯（ＭＢＳ）共聚合物，初級狀態,比利時,出口總值(含復出口),172,81100
2018-07,39039010,甲基丙烯酸甲酯－丁二烯－苯乙烯（ＭＢＳ）共聚合物，初級狀態,印尼,出口總值(含復出口),0,150
2018-07,39039010,甲基丙烯酸甲酯－丁二烯－苯乙烯（ＭＢＳ）共聚合物，初級狀態,印度,出口總值(含復出口),6,2700
2018-07,39039010,甲基丙烯酸甲酯－丁二烯－苯乙烯（ＭＢＳ）共聚合物，初級狀態,法國,出口總值(含復出口),20,9000
2018-07,39039010,甲基丙烯酸甲酯－丁二烯－苯乙烯（ＭＢＳ）共聚合物，初級狀態,南非,出口總值(含復出口),66,31000
2018-07,39039010,甲基丙烯酸甲酯－丁二烯－苯乙烯（ＭＢＳ）共聚合物，初級狀態,南韓,進口總值(含復進口),154,52600
2018-07,39039010,甲基丙烯酸甲酯－丁二烯－苯乙烯（ＭＢＳ）共聚合物，初級狀態,美國,進口總值(含復進口),3,0
2018-07,39039010,甲基丙烯酸甲酯－丁二烯－苯乙烯（ＭＢＳ）共聚合物，初級狀態,英國,出口總值(含復出口),69,32000
2018-07,39039010,甲基丙烯酸甲酯－丁二烯－苯乙烯（ＭＢＳ）共聚合物，初級狀態,香港,出口總值(含復出口),15,4500
2018-07,39039010,甲基丙烯酸甲酯－丁二烯－苯乙烯（ＭＢＳ）共聚合物，初級狀態,泰國,出口總值(含復出口),24,8000
2018-07,39039010,甲基丙烯酸甲酯－丁二烯－苯乙烯（ＭＢＳ）共聚合物，初級狀態,紐西蘭,出口總值(含復出口),19,7000
2018-07,39039010,甲基丙烯酸甲酯－丁二烯－苯乙烯（ＭＢＳ）共聚合物，初級狀態,馬來西亞,進口總值(含復進口),72,19260
2018-07,39039010,甲基丙烯酸甲酯－丁二烯－苯乙烯（ＭＢＳ）共聚合物，初級狀態,馬來西亞,出口總值(含復出口),26,10000
2018-07,39039010,甲基丙烯酸甲酯－丁二烯－苯乙烯（ＭＢＳ）共聚合物，初級狀態,荷蘭,出口總值(含復出口),102,48000
2018-07,39039010,甲基丙烯酸甲酯－丁二烯－苯乙烯（ＭＢＳ）共聚合物，初級狀態,越南,出口總值(含復出口),232,106000
2018-07,39039010,甲基丙烯酸甲酯－丁二烯－苯乙烯（ＭＢＳ）共聚合物，初級狀態,新加坡,出口總值(含復出口),8,3000
2018-07,39039010,甲基丙烯酸甲酯－丁二烯－苯乙烯（ＭＢＳ）共聚合物，初級狀態,瑞典,出口總值(含復出口),41,18000
2018-07,39039010,甲基丙烯酸甲酯－丁二烯－苯乙烯（ＭＢＳ）共聚合物，初級狀態,義大利,出口總值(含復出口),11,5000
2018-07,39039010,甲基丙烯酸甲酯－丁二烯－苯乙烯（ＭＢＳ）共聚合物，初級狀態,澳大利亞,出口總值(含復出口),40,17250
2018-07,39052100,醋酸乙烯共聚合物水性分散液,中國大陸,進口總值(含復進口),79,35360
2018-07,39052100,醋酸乙烯共聚合物水性分散液,中國大陸,出口總值(含復出口),3750,3750710
2018-07,39052100,醋酸乙烯共聚合物水性分散液,巴西,出口總值(含復出口),22,20000
2018-07,39052100,醋酸乙烯共聚合物水性分散液,巴基斯坦,出口總值(含復出口),160,180000
2018-07,39052100,醋酸乙烯共聚合物水性分散液,日本,出口總值(含復出口),18,20000
2018-07,39052100,醋酸乙烯共聚合物水性分散液,印尼,出口總值(含復出口),4,4620
2018-07,39052100,醋酸乙烯共聚合物水性分散液,印度,出口總值(含復出口),23,17600
2018-07,39052100,醋酸乙烯共聚合物水性分散液,肯亞,出口總值(含復出口),20,17600
2018-07,39052100,醋酸乙烯共聚合物水性分散液,阿拉伯聯合大公國,出口總值(含復出口),39,35200
2018-07,39052100,醋酸乙烯共聚合物水性分散液,俄羅斯,出口總值(含復出口),25,20000
2018-07,39052100,醋酸乙烯共聚合物水性分散液,美國,出口總值(含復出口),69,80670
2018-07,39052100,醋酸乙烯共聚合物水性分散液,哥斯大黎加,出口總值(含復出口),20,17600
2018-07,39052100,醋酸乙烯共聚合物水性分散液,泰國,出口總值(含復出口),17,17600
2018-07,39052100,醋酸乙烯共聚合物水性分散液,秘魯,出口總值(含復出口),18,20000
2018-07,39052100,醋酸乙烯共聚合物水性分散液,紐西蘭,出口總值(含復出口),12,11940
2018-07,39052100,醋酸乙烯共聚合物水性分散液,馬來西亞,進口總值(含復進口),15,10400
2018-07,39052100,醋酸乙烯共聚合物水性分散液,馬來西亞,出口總值(含復出口),30,14400
2018-07,39052100,醋酸乙烯共聚合物水性分散液,智利,出口總值(含復出口),19,18000
2018-07,39052100,醋酸乙烯共聚合物水性分散液,越南,出口總值(含復出口),140,121000
2018-07,39052100,醋酸乙烯共聚合物水性分散液,新加坡,出口總值(含復出口),18,17600
2018-07,39052100,醋酸乙烯共聚合物水性分散液,墨西哥,出口總值(含復出口),20,19790
2018-07,39052100,醋酸乙烯共聚合物水性分散液,澳大利亞,出口總值(含復出口),72,59800
2018-08,29161410,甲基丙烯酸甲酯,中國大陸,進口總值(含復進口),5262,1996312
2018-08,29161410,甲基丙烯酸甲酯,中國大陸,出口總值(含復出口),4065,1641411
2018-08,29161410,甲基丙烯酸甲酯,日本,進口總值(含復進口),5256,2067170
2018-08,29161410,甲基丙烯酸甲酯,伊朗,出口總值(含復出口),48,15200
2018-08,29161410,甲基丙烯酸甲酯,印尼,出口總值(含復出口),262,98550
2018-08,29161410,甲基丙烯酸甲酯,印度,出口總值(含復出口),180,65270
2018-08,29161410,甲基丙烯酸甲酯,沙烏地阿拉伯,進口總值(含復進口),12053,4448462
2018-08,29161410,甲基丙烯酸甲酯,孟加拉,出口總值(含復出口),43,15200
2018-08,29161410,甲基丙烯酸甲酯,法國,進口總值(含復進口),0,0
2018-08,29161410,甲基丙烯酸甲酯,南韓,出口總值(含復出口),1574,600520
2018-08,29161410,甲基丙烯酸甲酯,美國,進口總值(含復進口),2049,885507
2018-08,29161410,甲基丙烯酸甲酯,美國,出口總值(含復出口),80,30400
2018-08,29161410,甲基丙烯酸甲酯,英國,進口總值(含復進口),0,1
2018-08,29161410,甲基丙烯酸甲酯,泰國,出口總值(含復出口),85,30400
2018-08,29161410,甲基丙烯酸甲酯,秘魯,出口總值(含復出口),198,76000
2018-08,29161410,甲基丙烯酸甲酯,馬來西亞,出口總值(含復出口),329,125510
2018-08,29161410,甲基丙烯酸甲酯,菲律賓,出口總值(含復出口),1320,503990
2018-08,29161410,甲基丙烯酸甲酯,越南,出口總值(含復出口),888,346450
2018-08,29161410,甲基丙烯酸甲酯,德國,進口總值(含復進口),1000,388621
2018-08,29161410,甲基丙烯酸甲酯,澳大利亞,出口總值(含復出口),53,19730
2018-08,29173300,鄰苯二甲酸二壬酯或二癸酯,土耳其,出口總值(含復出口),25,20000
2018-08,29173300,鄰苯二甲酸二壬酯或二癸酯,中國大陸,出口總值(含復出口),1530,1382000
2018-08,29173300,鄰苯二甲酸二壬酯或二癸酯,中華民國,進口總值(含復進口),85,63000
2018-08,29173300,鄰苯二甲酸二壬酯或二癸酯,厄瓜多,出口總值(含復出口),25,16000
2018-08,29173300,鄰苯二甲酸二壬酯或二癸酯,日本,出口總值(含復出口),713,573000
2018-08,29173300,鄰苯二甲酸二壬酯或二癸酯,以色列,出口總值(含復出口),49,42000
2018-08,29173300,鄰苯二甲酸二壬酯或二癸酯,印尼,出口總值(含復出口),25,20000
2018-08,29173300,鄰苯二甲酸二壬酯或二癸酯,阿拉伯聯合大公國,出口總值(含復出口),19,16000
2018-08,29173300,鄰苯二甲酸二壬酯或二癸酯,美國,進口總值(含復進口),0,0
2018-08,29173300,鄰苯二甲酸二壬酯或二癸酯,美國,出口總值(含復出口),323,259000
2018-08,29173300,鄰苯二甲酸二壬酯或二癸酯,英國,出口總值(含復出口),195,160000
2018-08,29173300,鄰苯二甲酸二壬酯或二癸酯,哥倫比亞,出口總值(含復出口),100,80000
2018-08,29173300,鄰苯二甲酸二壬酯或二癸酯,哥斯大黎加,出口總值(含復出口),202,160000
2018-08,29173300,鄰苯二甲酸二壬酯或二癸酯,烏克蘭,出口總值(含復出口),377,313000
2018-08,29173300,鄰苯二甲酸二壬酯或二癸酯,馬來西亞,出口總值(含復出口),51,41000
2018-08,29173300,鄰苯二甲酸二壬酯或二癸酯,斯里蘭卡,出口總值(含復出口),46,40000
2018-08,29173300,鄰苯二甲酸二壬酯或二癸酯,菲律賓,出口總值(含復出口),340,272000
2018-08,29173300,鄰苯二甲酸二壬酯或二癸酯,象牙海岸,出口總值(含復出口),607,505000
2018-08,29173300,鄰苯二甲酸二壬酯或二癸酯,越南,出口總值(含復出口),603,492000
2018-08,29173300,鄰苯二甲酸二壬酯或二癸酯,新加坡,出口總值(含復出口),49,42000
2018-08,29173300,鄰苯二甲酸二壬酯或二癸酯,墨西哥,出口總值(含復出口),474,372000
2018-08,29321100,四氫?喃,中國大陸,進口總值(含復進口),31,60
2018-08,29321100,四氫?喃,中國大陸,出口總值(含復出口),33,14400
2018-08,29321100,四氫?喃,日本,出口總值(含復出口),697,308430
2018-08,29321100,四氫?喃,比利時,進口總值(含復進口),0,1
2018-08,29321100,四氫?喃,比利時,出口總值(含復出口),249,119390
2018-08,29321100,四氫?喃,印度,出口總值(含復出口),2051,943670
2018-08,29321100,四氫?喃,肯亞,出口總值(含復出口),30,14400
2018-08,29321100,四氫?喃,南韓,進口總值(含復進口),1,183
2018-08,29321100,四氫?喃,美國,進口總值(含復進口),4,433
2018-08,29321100,四氫?喃,英國,進口總值(含復進口),0,3
2018-08,29321100,四氫?喃,英國,出口總值(含復出口),34,14400
2018-08,29321100,四氫?喃,泰國,出口總值(含復出口),91,43200
2018-08,29321100,四氫?喃,馬來西亞,進口總值(含復進口),103,43200
2018-08,29321100,四氫?喃,菲律賓,出口總值(含復出口),34,14400
2018-08,29321100,四氫?喃,德國,進口總值(含復進口),37,2875
2018-08,29321100,四氫?喃,墨西哥,出口總值(含復出口),65,28800
2018-08,39032000,苯乙烯－丙烯?共聚合物，初級狀態,土耳其,出口總值(含復出口),45,25000
2018-08,39032000,苯乙烯－丙烯?共聚合物，初級狀態,中國大陸,進口總值(含復進口),547,189200
2018-08,39032000,苯乙烯－丙烯?共聚合物，初級狀態,中國大陸,出口總值(含復出口),12839,7293370
2018-08,39032000,苯乙烯－丙烯?共聚合物，初級狀態,巴西,進口總值(含復進口),3,500
2018-08,39032000,苯乙烯－丙烯?共聚合物，初級狀態,巴西,出口總值(含復出口),210,118000
2018-08,39032000,苯乙烯－丙烯?共聚合物，初級狀態,巴基斯坦,出口總值(含復出口),269,147000
2018-08,39032000,苯乙烯－丙烯?共聚合物，初級狀態,日本,進口總值(含復進口),246,73480
2018-08,39032000,苯乙烯－丙烯?共聚合物，初級狀態,日本,出口總值(含復出口),156,83625
2018-08,39032000,苯乙烯－丙烯?共聚合物，初級狀態,比利時,出口總值(含復出口),14,7000
2018-08,39032000,苯乙烯－丙烯?共聚合物，初級狀態,以色列,出口總值(含復出口),11,6000
2018-08,39032000,苯乙烯－丙烯?共聚合物，初級狀態,加拿大,出口總值(含復出口),123,72000
2018-08,39032000,苯乙烯－丙烯?共聚合物，初級狀態,印尼,出口總值(含復出口),778,443000
2018-08,39032000,苯乙烯－丙烯?共聚合物，初級狀態,西班牙,出口總值(含復出口),7,4000
2018-08,39032000,苯乙烯－丙烯?共聚合物，初級狀態,孟加拉,出口總值(含復出口),112,60000
2018-08,39032000,苯乙烯－丙烯?共聚合物，初級狀態,波蘭,出口總值(含復出口),31,16000
2018-08,39032000,苯乙烯－丙烯?共聚合物，初級狀態,法國,出口總值(含復出口),4,2000
2018-08,39032000,苯乙烯－丙烯?共聚合物，初級狀態,阿根廷,出口總值(含復出口),2,1000
2018-08,39032000,苯乙烯－丙烯?共聚合物，初級狀態,俄羅斯,出口總值(含復出口),52,28000
2018-08,39032000,苯乙烯－丙烯?共聚合物，初級狀態,南韓,進口總值(含復進口),376,218000
2018-08,39032000,苯乙烯－丙烯?共聚合物，初級狀態,約旦,出口總值(含復出口),34,18000
2018-08,39032000,苯乙烯－丙烯?共聚合物，初級狀態,美國,進口總值(含復進口),7,1452
2018-08,39032000,苯乙烯－丙烯?共聚合物，初級狀態,美國,出口總值(含復出口),141,77000
2018-08,39032000,苯乙烯－丙烯?共聚合物，初級狀態,英國,出口總值(含復出口),14,7000
2018-08,39032000,苯乙烯－丙烯?共聚合物，初級狀態,香港,出口總值(含復出口),1378,749025
2018-08,39032000,苯乙烯－丙烯?共聚合物，初級狀態,泰國,出口總值(含復出口),785,420500
2018-08,39032000,苯乙烯－丙烯?共聚合物，初級狀態,秘魯,出口總值(含復出口),6,3000
2018-08,39032000,苯乙烯－丙烯?共聚合物，初級狀態,馬來西亞,出口總值(含復出口),376,210500
2018-08,39032000,苯乙烯－丙烯?共聚合物，初級狀態,荷蘭,出口總值(含復出口),92,51000
2018-08,39032000,苯乙烯－丙烯?共聚合物，初級狀態,斯里蘭卡,出口總值(含復出口),22,10000
2018-08,39032000,苯乙烯－丙烯?共聚合物，初級狀態,斯洛維尼亞,出口總值(含復出口),17,9000
2018-08,39032000,苯乙烯－丙烯?共聚合物，初級狀態,智利,出口總值(含復出口),22,12000
2018-08,39032000,苯乙烯－丙烯?共聚合物，初級狀態,菲律賓,出口總值(含復出口),63,35000
2018-08,39032000,苯乙烯－丙烯?共聚合物，初級狀態,越南,出口總值(含復出口),197,108695
2018-08,39032000,苯乙烯－丙烯?共聚合物，初級狀態,愛沙尼亞,出口總值(含復出口),35,18000
2018-08,39032000,苯乙烯－丙烯?共聚合物，初級狀態,新加坡,出口總值(含復出口),2,1000
2018-08,39032000,苯乙烯－丙烯?共聚合物，初級狀態,德國,出口總值(含復出口),96,52500
2018-08,39032000,苯乙烯－丙烯?共聚合物，初級狀態,墨西哥,出口總值(含復出口),337,182000
2018-08,39032000,苯乙烯－丙烯?共聚合物，初級狀態,澳大利亞,出口總值(含復出口),21,11000
2018-08,39039010,甲基丙烯酸甲酯－丁二烯－苯乙烯（ＭＢＳ）共聚合物，初級狀態,中國大陸,出口總值(含復出口),964,356500
2018-08,39039010,甲基丙烯酸甲酯－丁二烯－苯乙烯（ＭＢＳ）共聚合物，初級狀態,日本,進口總值(含復進口),166,43810
2018-08,39039010,甲基丙烯酸甲酯－丁二烯－苯乙烯（ＭＢＳ）共聚合物，初級狀態,日本,出口總值(含復出口),92,33600
2018-08,39039010,甲基丙烯酸甲酯－丁二烯－苯乙烯（ＭＢＳ）共聚合物，初級狀態,比利時,出口總值(含復出口),151,72000
2018-08,39039010,甲基丙烯酸甲酯－丁二烯－苯乙烯（ＭＢＳ）共聚合物，初級狀態,印度,出口總值(含復出口),31,10000
2018-08,39039010,甲基丙烯酸甲酯－丁二烯－苯乙烯（ＭＢＳ）共聚合物，初級狀態,法國,出口總值(含復出口),30,14000
2018-08,39039010,甲基丙烯酸甲酯－丁二烯－苯乙烯（ＭＢＳ）共聚合物，初級狀態,南韓,進口總值(含復進口),32,9600
2018-08,39039010,甲基丙烯酸甲酯－丁二烯－苯乙烯（ＭＢＳ）共聚合物，初級狀態,美國,進口總值(含復進口),3,0
2018-08,39039010,甲基丙烯酸甲酯－丁二烯－苯乙烯（ＭＢＳ）共聚合物，初級狀態,美國,出口總值(含復出口),35,16000
2018-08,39039010,甲基丙烯酸甲酯－丁二烯－苯乙烯（ＭＢＳ）共聚合物，初級狀態,英國,出口總值(含復出口),33,16000
2018-08,39039010,甲基丙烯酸甲酯－丁二烯－苯乙烯（ＭＢＳ）共聚合物，初級狀態,香港,出口總值(含復出口),105,32225
2018-08,39039010,甲基丙烯酸甲酯－丁二烯－苯乙烯（ＭＢＳ）共聚合物，初級狀態,泰國,出口總值(含復出口),139,48850
2018-08,39039010,甲基丙烯酸甲酯－丁二烯－苯乙烯（ＭＢＳ）共聚合物，初級狀態,紐西蘭,出口總值(含復出口),35,16000
2018-08,39039010,甲基丙烯酸甲酯－丁二烯－苯乙烯（ＭＢＳ）共聚合物，初級狀態,馬來西亞,出口總值(含復出口),175,59000
2018-08,39039010,甲基丙烯酸甲酯－丁二烯－苯乙烯（ＭＢＳ）共聚合物，初級狀態,荷蘭,進口總值(含復進口),60,20000
2018-08,39039010,甲基丙烯酸甲酯－丁二烯－苯乙烯（ＭＢＳ）共聚合物，初級狀態,荷蘭,出口總值(含復出口),8,3000
2018-08,39039010,甲基丙烯酸甲酯－丁二烯－苯乙烯（ＭＢＳ）共聚合物，初級狀態,菲律賓,出口總值(含復出口),60,22500
2018-08,39039010,甲基丙烯酸甲酯－丁二烯－苯乙烯（ＭＢＳ）共聚合物，初級狀態,越南,出口總值(含復出口),112,52765
2018-08,39039010,甲基丙烯酸甲酯－丁二烯－苯乙烯（ＭＢＳ）共聚合物，初級狀態,義大利,出口總值(含復出口),190,90000
2018-08,39039010,甲基丙烯酸甲酯－丁二烯－苯乙烯（ＭＢＳ）共聚合物，初級狀態,德國,出口總值(含復出口),3,1000
2018-08,39039010,甲基丙烯酸甲酯－丁二烯－苯乙烯（ＭＢＳ）共聚合物，初級狀態,澳大利亞,出口總值(含復出口),4,2000
2018-08,39052100,醋酸乙烯共聚合物水性分散液,中國大陸,進口總值(含復進口),43,15200
2018-08,39052100,醋酸乙烯共聚合物水性分散液,中國大陸,出口總值(含復出口),2181,2180290
2018-08,39052100,醋酸乙烯共聚合物水性分散液,巴基斯坦,出口總值(含復出口),144,160000
2018-08,39052100,醋酸乙烯共聚合物水性分散液,日本,進口總值(含復進口),29,12590
2018-08,39052100,醋酸乙烯共聚合物水性分散液,卡達,出口總值(含復出口),57,39600
2018-08,39052100,醋酸乙烯共聚合物水性分散液,印尼,出口總值(含復出口),12,9900
2018-08,39052100,醋酸乙烯共聚合物水性分散液,印度,出口總值(含復出口),26,20240
2018-08,39052100,醋酸乙烯共聚合物水性分散液,波多黎各,出口總值(含復出口),24,20130
2018-08,39052100,醋酸乙烯共聚合物水性分散液,肯亞,出口總值(含復出口),2,880
2018-08,39052100,醋酸乙烯共聚合物水性分散液,阿拉伯聯合大公國,出口總值(含復出口),19,19910
2018-08,39052100,醋酸乙烯共聚合物水性分散液,俄羅斯,出口總值(含復出口),25,20000
2018-08,39052100,醋酸乙烯共聚合物水性分散液,南韓,出口總值(含復出口),28,24640
2018-08,39052100,醋酸乙烯共聚合物水性分散液,美國,出口總值(含復出口),36,40790
2018-08,39052100,醋酸乙烯共聚合物水性分散液,泰國,出口總值(含復出口),18,17600
2018-08,39052100,醋酸乙烯共聚合物水性分散液,烏克蘭,出口總值(含復出口),25,20000
2018-08,39052100,醋酸乙烯共聚合物水性分散液,紐西蘭,出口總值(含復出口),20,20000
2018-08,39052100,醋酸乙烯共聚合物水性分散液,馬來西亞,進口總值(含復進口),24,16000
2018-08,39052100,醋酸乙烯共聚合物水性分散液,越南,出口總值(含復出口),186,187800
2018-08,39052100,醋酸乙烯共聚合物水性分散液,墨西哥,出口總值(含復出口),20,17600
2018-08,39052100,醋酸乙烯共聚合物水性分散液,澳大利亞,出口總值(含復出口),43,40000
2018-09,29161410,甲基丙烯酸甲酯,中國大陸,出口總值(含復出口),2759,1179552
2018-09,29161410,甲基丙烯酸甲酯,厄瓜多,出口總值(含復出口),40,15200
2018-09,29161410,甲基丙烯酸甲酯,日本,進口總值(含復進口),1595,636670
2018-09,29161410,甲基丙烯酸甲酯,加拿大,出口總值(含復出口),42,15200
2018-09,29161410,甲基丙烯酸甲酯,印尼,出口總值(含復出口),396,158910
2018-09,29161410,甲基丙烯酸甲酯,印度,出口總值(含復出口),248,91200
2018-09,29161410,甲基丙烯酸甲酯,沙烏地阿拉伯,進口總值(含復進口),10820,4052784
2018-09,29161410,甲基丙烯酸甲酯,法國,進口總值(含復進口),0,0
2018-09,29161410,甲基丙烯酸甲酯,南韓,出口總值(含復出口),1577,600740
2018-09,29161410,甲基丙烯酸甲酯,美國,進口總值(含復進口),1,6
2018-09,29161410,甲基丙烯酸甲酯,美國,出口總值(含復出口),93,34950
2018-09,29161410,甲基丙烯酸甲酯,英國,進口總值(含復進口),0,5
2018-09,29161410,甲基丙烯酸甲酯,香港,出口總值(含復出口),21,240
2018-09,29161410,甲基丙烯酸甲酯,泰國,進口總值(含復進口),3952,1567011
2018-09,29161410,甲基丙烯酸甲酯,泰國,出口總值(含復出口),85,30400
2018-09,29161410,甲基丙烯酸甲酯,馬來西亞,出口總值(含復出口),263,100000
2018-09,29161410,甲基丙烯酸甲酯,菲律賓,出口總值(含復出口),2454,925510
2018-09,29161410,甲基丙烯酸甲酯,越南,出口總值(含復出口),645,252980
2018-09,29161410,甲基丙烯酸甲酯,澳大利亞,出口總值(含復出口),95,34930
2018-09,29173300,鄰苯二甲酸二壬酯或二癸酯,中國大陸,出口總值(含復出口),2559,2246000
2018-09,29173300,鄰苯二甲酸二壬酯或二癸酯,厄瓜多,出口總值(含復出口),25,16000
2018-09,29173300,鄰苯二甲酸二壬酯或二癸酯,日本,出口總值(含復出口),770,608000
2018-09,29173300,鄰苯二甲酸二壬酯或二癸酯,印尼,出口總值(含復出口),187,146000
2018-09,29173300,鄰苯二甲酸二壬酯或二癸酯,法國,出口總值(含復出口),60,46000
2018-09,29173300,鄰苯二甲酸二壬酯或二癸酯,阿拉伯聯合大公國,出口總值(含復出口),20,16000
2018-09,29173300,鄰苯二甲酸二壬酯或二癸酯,阿曼,出口總值(含復出口),220,180000
2018-09,29173300,鄰苯二甲酸二壬酯或二癸酯,美國,出口總值(含復出口),193,150000
2018-09,29173300,鄰苯二甲酸二壬酯或二癸酯,香港,出口總值(含復出口),27,21000
2018-09,29173300,鄰苯二甲酸二壬酯或二癸酯,哥倫比亞,出口總值(含復出口),51,40000
2018-09,29173300,鄰苯二甲酸二壬酯或二癸酯,哥斯大黎加,出口總值(含復出口),152,120000
2018-09,29173300,鄰苯二甲酸二壬酯或二癸酯,埃及,出口總值(含復出口),153,120000
2018-09,29173300,鄰苯二甲酸二壬酯或二癸酯,烏克蘭,出口總值(含復出口),234,189000
2018-09,29173300,鄰苯二甲酸二壬酯或二癸酯,菲律賓,出口總值(含復出口),1297,1053000
2018-09,29173300,鄰苯二甲酸二壬酯或二癸酯,越南,出口總值(含復出口),204,154000
2018-09,29173300,鄰苯二甲酸二壬酯或二癸酯,新加坡,出口總值(含復出口),62,41000
2018-09,29173300,鄰苯二甲酸二壬酯或二癸酯,德國,進口總值(含復進口),0,0
2018-09,29173300,鄰苯二甲酸二壬酯或二癸酯,德國,出口總值(含復出口),25,21000
2018-09,29173300,鄰苯二甲酸二壬酯或二癸酯,黎巴嫩,出口總值(含復出口),135,110000
2018-09,29173300,鄰苯二甲酸二壬酯或二癸酯,墨西哥,出口總值(含復出口),210,164000
2018-09,29321100,四氫?喃,中國大陸,出口總值(含復出口),196,86400
2018-09,29321100,四氫?喃,日本,進口總值(含復進口),1,24
2018-09,29321100,四氫?喃,日本,出口總值(含復出口),559,250500
2018-09,29321100,四氫?喃,比利時,進口總值(含復進口),0,5
2018-09,29321100,四氫?喃,比利時,出口總值(含復出口),167,79690
2018-09,29321100,四氫?喃,加拿大,出口總值(含復出口),40,19300
2018-09,29321100,四氫?喃,印度,出口總值(含復出口),1850,860150
2018-09,29321100,四氫?喃,南韓,進口總值(含復進口),3,394
2018-09,29321100,四氫?喃,美國,進口總值(含復進口),48,3775
2018-09,29321100,四氫?喃,美國,出口總值(含復出口),64,28800
2018-09,29321100,四氫?喃,英國,進口總值(含復進口),1,13
2018-09,29321100,四氫?喃,埃及,出口總值(含復出口),31,14400
2018-09,29321100,四氫?喃,泰國,出口總值(含復出口),40,14400
2018-09,29321100,四氫?喃,紐西蘭,出口總值(含復出口),19,9000
2018-09,29321100,四氫?喃,馬來西亞,出口總值(含復出口),32,14400
2018-09,29321100,四氫?喃,荷蘭,出口總值(含復出口),165,72000
2018-09,29321100,四氫?喃,越南,出口總值(含復出口),30,14400
2018-09,29321100,四氫?喃,愛爾蘭,進口總值(含復進口),0,4
2018-09,29321100,四氫?喃,義大利,出口總值(含復出口),43,19870
2018-09,29321100,四氫?喃,德國,進口總值(含復進口),29,1987
2018-09,39032000,苯乙烯－丙烯?共聚合物，初級狀態,中國大陸,進口總值(含復進口),350,125175
2018-09,39032000,苯乙烯－丙烯?共聚合物，初級狀態,中國大陸,出口總值(含復出口),14615,8251155
2018-09,39032000,苯乙烯－丙烯?共聚合物，初級狀態,巴基斯坦,出口總值(含復出口),215,120750
2018-09,39032000,苯乙烯－丙烯?共聚合物，初級狀態,日本,進口總值(含復進口),23,2525
2018-09,39032000,苯乙烯－丙烯?共聚合物，初級狀態,日本,出口總值(含復出口),51,27000
2018-09,39032000,苯乙烯－丙烯?共聚合物，初級狀態,印尼,出口總值(含復出口),1369,758875
2018-09,39032000,苯乙烯－丙烯?共聚合物，初級狀態,印度,出口總值(含復出口),26,13000
2018-09,39032000,苯乙烯－丙烯?共聚合物，初級狀態,孟加拉,出口總值(含復出口),134,68000
2018-09,39032000,苯乙烯－丙烯?共聚合物，初級狀態,阿拉伯聯合大公國,出口總值(含復出口),31,16000
2018-09,39032000,苯乙烯－丙烯?共聚合物，初級狀態,阿根廷,出口總值(含復出口),13,7000
2018-09,39032000,苯乙烯－丙烯?共聚合物，初級狀態,俄羅斯,出口總值(含復出口),33,18000
2018-09,39032000,苯乙烯－丙烯?共聚合物，初級狀態,南非,出口總值(含復出口),26,14000
2018-09,39032000,苯乙烯－丙烯?共聚合物，初級狀態,南韓,進口總值(含復進口),35,18000
2018-09,39032000,苯乙烯－丙烯?共聚合物，初級狀態,突尼西亞,出口總值(含復出口),4,2000
2018-09,39032000,苯乙烯－丙烯?共聚合物，初級狀態,美國,出口總值(含復出口),198,108000
2018-09,39032000,苯乙烯－丙烯?共聚合物，初級狀態,英國,出口總值(含復出口),15,8000
2018-09,39032000,苯乙烯－丙烯?共聚合物，初級狀態,香港,出口總值(含復出口),1560,844900
2018-09,39032000,苯乙烯－丙烯?共聚合物，初級狀態,哥倫比亞,出口總值(含復出口),106,61000
2018-09,39032000,苯乙烯－丙烯?共聚合物，初級狀態,埃及,出口總值(含復出口),67,36000
2018-09,39032000,苯乙烯－丙烯?共聚合物，初級狀態,泰國,進口總值(含復進口),2,700
2018-09,39032000,苯乙烯－丙烯?共聚合物，初級狀態,泰國,出口總值(含復出口),788,424025
2018-09,39032000,苯乙烯－丙烯?共聚合物，初級狀態,馬來西亞,進口總值(含復進口),42,14000
2018-09,39032000,苯乙烯－丙烯?共聚合物，初級狀態,馬來西亞,出口總值(含復出口),57,32000
2018-09,39032000,苯乙烯－丙烯?共聚合物，初級狀態,敘利亞,出口總值(含復出口),36,19000
2018-09,39032000,苯乙烯－丙烯?共聚合物，初級狀態,荷蘭,出口總值(含復出口),203,112000
2018-09,39032000,苯乙烯－丙烯?共聚合物，初級狀態,斯洛維尼亞,出口總值(含復出口),10,5000
2018-09,39032000,苯乙烯－丙烯?共聚合物，初級狀態,智利,出口總值(含復出口),22,12000
2018-09,39032000,苯乙烯－丙烯?共聚合物，初級狀態,越南,出口總值(含復出口),193,104500
2018-09,39032000,苯乙烯－丙烯?共聚合物，初級狀態,新加坡,出口總值(含復出口),6,3000
2018-09,39032000,苯乙烯－丙烯?共聚合物，初級狀態,墨西哥,出口總值(含復出口),210,115000
2018-09,39032000,苯乙烯－丙烯?共聚合物，初級狀態,澳大利亞,出口總值(含復出口),11,6000
2018-09,39039010,甲基丙烯酸甲酯－丁二烯－苯乙烯（ＭＢＳ）共聚合物，初級狀態,中國大陸,出口總值(含復出口),817,422135
2018-09,39039010,甲基丙烯酸甲酯－丁二烯－苯乙烯（ＭＢＳ）共聚合物，初級狀態,日本,進口總值(含復進口),332,101555
2018-09,39039010,甲基丙烯酸甲酯－丁二烯－苯乙烯（ＭＢＳ）共聚合物，初級狀態,日本,出口總值(含復出口),3,1000
2018-09,39039010,甲基丙烯酸甲酯－丁二烯－苯乙烯（ＭＢＳ）共聚合物，初級狀態,比利時,進口總值(含復進口),32,9600
2018-09,39039010,甲基丙烯酸甲酯－丁二烯－苯乙烯（ＭＢＳ）共聚合物，初級狀態,比利時,出口總值(含復出口),111,54000
2018-09,39039010,甲基丙烯酸甲酯－丁二烯－苯乙烯（ＭＢＳ）共聚合物，初級狀態,南非,出口總值(含復出口),22,10500
2018-09,39039010,甲基丙烯酸甲酯－丁二烯－苯乙烯（ＭＢＳ）共聚合物，初級狀態,南韓,進口總值(含復進口),62,22000
2018-09,39039010,甲基丙烯酸甲酯－丁二烯－苯乙烯（ＭＢＳ）共聚合物，初級狀態,南韓,出口總值(含復出口),49,18000
2018-09,39039010,甲基丙烯酸甲酯－丁二烯－苯乙烯（ＭＢＳ）共聚合物，初級狀態,英國,出口總值(含復出口),34,16000
2018-09,39039010,甲基丙烯酸甲酯－丁二烯－苯乙烯（ＭＢＳ）共聚合物，初級狀態,香港,出口總值(含復出口),66,21275
2018-09,39039010,甲基丙烯酸甲酯－丁二烯－苯乙烯（ＭＢＳ）共聚合物，初級狀態,紐西蘭,出口總值(含復出口),8,3000
2018-09,39039010,甲基丙烯酸甲酯－丁二烯－苯乙烯（ＭＢＳ）共聚合物，初級狀態,馬來西亞,進口總值(含復進口),88,28800
2018-09,39039010,甲基丙烯酸甲酯－丁二烯－苯乙烯（ＭＢＳ）共聚合物，初級狀態,荷蘭,進口總值(含復進口),30,10000
2018-09,39039010,甲基丙烯酸甲酯－丁二烯－苯乙烯（ＭＢＳ）共聚合物，初級狀態,斯洛維尼亞,出口總值(含復出口),13,6000
2018-09,39039010,甲基丙烯酸甲酯－丁二烯－苯乙烯（ＭＢＳ）共聚合物，初級狀態,菲律賓,出口總值(含復出口),68,22000
2018-09,39039010,甲基丙烯酸甲酯－丁二烯－苯乙烯（ＭＢＳ）共聚合物，初級狀態,越南,出口總值(含復出口),119,50450
2018-09,39039010,甲基丙烯酸甲酯－丁二烯－苯乙烯（ＭＢＳ）共聚合物，初級狀態,義大利,出口總值(含復出口),57,27000
2018-09,39039010,甲基丙烯酸甲酯－丁二烯－苯乙烯（ＭＢＳ）共聚合物，初級狀態,澳大利亞,出口總值(含復出口),2,1000
2018-09,39052100,醋酸乙烯共聚合物水性分散液,中國大陸,進口總值(含復進口),117,50350
2018-09,39052100,醋酸乙烯共聚合物水性分散液,中國大陸,出口總值(含復出口),3395,3428550
2018-09,39052100,醋酸乙烯共聚合物水性分散液,巴西,出口總值(含復出口),23,20000
2018-09,39052100,醋酸乙烯共聚合物水性分散液,巴基斯坦,出口總值(含復出口),127,140000
2018-09,39052100,醋酸乙烯共聚合物水性分散液,日本,進口總值(含復進口),30,2958
2018-09,39052100,醋酸乙烯共聚合物水性分散液,日本,出口總值(含復出口),19,19250
2018-09,39052100,醋酸乙烯共聚合物水性分散液,印度,出口總值(含復出口),3,2640
2018-09,39052100,醋酸乙烯共聚合物水性分散液,孟加拉,出口總值(含復出口),16,17600
2018-09,39052100,醋酸乙烯共聚合物水性分散液,波多黎各,出口總值(含復出口),24,20200
2018-09,39052100,醋酸乙烯共聚合物水性分散液,南韓,進口總值(含復進口),16,15600
2018-09,39052100,醋酸乙烯共聚合物水性分散液,南韓,出口總值(含復出口),6,4400
2018-09,39052100,醋酸乙烯共聚合物水性分散液,美國,進口總值(含復進口),14,8696
2018-09,39052100,醋酸乙烯共聚合物水性分散液,美國,出口總值(含復出口),18,20500
2018-09,39052100,醋酸乙烯共聚合物水性分散液,泰國,出口總值(含復出口),46,42480
2018-09,39052100,醋酸乙烯共聚合物水性分散液,秘魯,出口總值(含復出口),18,19800
2018-09,39052100,醋酸乙烯共聚合物水性分散液,紐西蘭,出口總值(含復出口),7,7760
2018-09,39052100,醋酸乙烯共聚合物水性分散液,馬來西亞,進口總值(含復進口),46,30400
2018-09,39052100,醋酸乙烯共聚合物水性分散液,馬來西亞,出口總值(含復出口),31,14400
2018-09,39052100,醋酸乙烯共聚合物水性分散液,越南,出口總值(含復出口),94,91000
2018-09,39052100,醋酸乙烯共聚合物水性分散液,澳大利亞,出口總值(含復出口),84,79800
2018-10,29161410,甲基丙烯酸甲酯,中國大陸,進口總值(含復進口),2,4
2018-10,29161410,甲基丙烯酸甲酯,中國大陸,出口總值(含復出口),1161,477500
2018-10,29161410,甲基丙烯酸甲酯,厄瓜多,出口總值(含復出口),63,24130
2018-10,29161410,甲基丙烯酸甲酯,日本,進口總值(含復進口),1419,573341
2018-10,29161410,甲基丙烯酸甲酯,加拿大,出口總值(含復出口),42,15200
2018-10,29161410,甲基丙烯酸甲酯,印尼,出口總值(含復出口),794,315930
2018-10,29161410,甲基丙烯酸甲酯,印度,出口總值(含復出口),247,91200
2018-10,29161410,甲基丙烯酸甲酯,沙烏地阿拉伯,進口總值(含復進口),4704,1802712
2018-10,29161410,甲基丙烯酸甲酯,阿拉伯聯合大公國,出口總值(含復出口),42,15200
2018-10,29161410,甲基丙烯酸甲酯,南韓,出口總值(含復出口),1346,524920
2018-10,29161410,甲基丙烯酸甲酯,美國,進口總值(含復進口),1955,799244
2018-10,29161410,甲基丙烯酸甲酯,美國,出口總值(含復出口),80,30400
2018-10,29161410,甲基丙烯酸甲酯,英國,進口總值(含復進口),0,3
2018-10,29161410,甲基丙烯酸甲酯,香港,出口總值(含復出口),74,20240
2018-10,29161410,甲基丙烯酸甲酯,泰國,進口總值(含復進口),3861,1535515
2018-10,29161410,甲基丙烯酸甲酯,泰國,出口總值(含復出口),240,89530
2018-10,29161410,甲基丙烯酸甲酯,秘魯,出口總值(含復出口),119,45600
2018-10,29161410,甲基丙烯酸甲酯,馬來西亞,出口總值(含復出口),328,121728
2018-10,29161410,甲基丙烯酸甲酯,菲律賓,出口總值(含復出口),665,245610
2018-10,29161410,甲基丙烯酸甲酯,越南,出口總值(含復出口),1374,537670
2018-10,29173300,鄰苯二甲酸二壬酯或二癸酯,中國大陸,出口總值(含復出口),1832,1491000
2018-10,29173300,鄰苯二甲酸二壬酯或二癸酯,日本,出口總值(含復出口),664,514000
2018-10,29173300,鄰苯二甲酸二壬酯或二癸酯,加拿大,出口總值(含復出口),303,239000
2018-10,29173300,鄰苯二甲酸二壬酯或二癸酯,印尼,出口總值(含復出口),214,165000
2018-10,29173300,鄰苯二甲酸二壬酯或二癸酯,印度,出口總值(含復出口),80,60000
2018-10,29173300,鄰苯二甲酸二壬酯或二癸酯,阿拉伯聯合大公國,出口總值(含復出口),63,48000
2018-10,29173300,鄰苯二甲酸二壬酯或二癸酯,阿曼,出口總值(含復出口),147,120000
2018-10,29173300,鄰苯二甲酸二壬酯或二癸酯,美國,進口總值(含復進口),0,0
2018-10,29173300,鄰苯二甲酸二壬酯或二癸酯,美國,出口總值(含復出口),466,365000
2018-10,29173300,鄰苯二甲酸二壬酯或二癸酯,英國,出口總值(含復出口),28,23000
2018-10,29173300,鄰苯二甲酸二壬酯或二癸酯,烏克蘭,出口總值(含復出口),58,42000
2018-10,29173300,鄰苯二甲酸二壬酯或二癸酯,馬來西亞,出口總值(含復出口),52,40000
2018-10,29173300,鄰苯二甲酸二壬酯或二癸酯,斯里蘭卡,出口總值(含復出口),24,20000
2018-10,29173300,鄰苯二甲酸二壬酯或二癸酯,菲律賓,出口總值(含復出口),208,156000
2018-10,29173300,鄰苯二甲酸二壬酯或二癸酯,越南,出口總值(含復出口),309,238000
2018-10,29173300,鄰苯二甲酸二壬酯或二癸酯,新加坡,出口總值(含復出口),52,42000
2018-10,29173300,鄰苯二甲酸二壬酯或二癸酯,義大利,出口總值(含復出口),119,91000
2018-10,29173300,鄰苯二甲酸二壬酯或二癸酯,德國,出口總值(含復出口),26,21000
2018-10,29173300,鄰苯二甲酸二壬酯或二癸酯,墨西哥,出口總值(含復出口),107,83000
2018-10,29321100,四氫?喃,中國大陸,出口總值(含復出口),258,115200
2018-10,29321100,四氫?喃,日本,出口總值(含復出口),467,212390
2018-10,29321100,四氫?喃,比利時,進口總值(含復進口),0,5
2018-10,29321100,四氫?喃,以色列,出口總值(含復出口),30,14400
2018-10,29321100,四氫?喃,印度,出口總值(含復出口),1712,806220
2018-10,29321100,四氫?喃,西班牙,進口總值(含復進口),1,18
2018-10,29321100,四氫?喃,法國,出口總值(含復出口),43,19910
2018-10,29321100,四氫?喃,南韓,進口總值(含復進口),17,2285
2018-10,29321100,四氫?喃,美國,進口總值(含復進口),40,2979
2018-10,29321100,四氫?喃,美國,出口總值(含復出口),78,38810
2018-10,29321100,四氫?喃,英國,進口總值(含復進口),1,22
2018-10,29321100,四氫?喃,泰國,出口總值(含復出口),88,43200
2018-10,29321100,四氫?喃,馬來西亞,進口總值(含復進口),95,43200
2018-10,29321100,四氫?喃,馬來西亞,出口總值(含復出口),29,14400
2018-10,29321100,四氫?喃,荷蘭,出口總值(含復出口),43,19820
2018-10,29321100,四氫?喃,菲律賓,出口總值(含復出口),33,14400
2018-10,29321100,四氫?喃,義大利,進口總值(含復進口),23,75
2018-10,29321100,四氫?喃,德國,進口總值(含復進口),10,1051
2018-10,29321100,四氫?喃,墨西哥,出口總值(含復出口),33,14400
2018-10,39032000,苯乙烯－丙烯?共聚合物，初級狀態,土耳其,出口總值(含復出口),43,25000
2018-10,39032000,苯乙烯－丙烯?共聚合物，初級狀態,中國大陸,進口總值(含復進口),282,103200
2018-10,39032000,苯乙烯－丙烯?共聚合物，初級狀態,中國大陸,出口總值(含復出口),16086,9217170
2018-10,39032000,苯乙烯－丙烯?共聚合物，初級狀態,巴西,出口總值(含復出口),65,36000
2018-10,39032000,苯乙烯－丙烯?共聚合物，初級狀態,巴基斯坦,出口總值(含復出口),335,192000
2018-10,39032000,苯乙烯－丙烯?共聚合物，初級狀態,日本,進口總值(含復進口),265,87056
2018-10,39032000,苯乙烯－丙烯?共聚合物，初級狀態,日本,出口總值(含復出口),99,53750
2018-10,39032000,苯乙烯－丙烯?共聚合物，初級狀態,比利時,出口總值(含復出口),9,5000
2018-10,39032000,苯乙烯－丙烯?共聚合物，初級狀態,以色列,出口總值(含復出口),8,4000
2018-10,39032000,苯乙烯－丙烯?共聚合物，初級狀態,印尼,出口總值(含復出口),1217,675125
2018-10,39032000,苯乙烯－丙烯?共聚合物，初級狀態,印度,出口總值(含復出口),9,5000
2018-10,39032000,苯乙烯－丙烯?共聚合物，初級狀態,孟加拉,出口總值(含復出口),88,47200
2018-10,39032000,苯乙烯－丙烯?共聚合物，初級狀態,波蘭,出口總值(含復出口),9,5000
2018-10,39032000,苯乙烯－丙烯?共聚合物，初級狀態,俄羅斯,出口總值(含復出口),138,78425
2018-10,39032000,苯乙烯－丙烯?共聚合物，初級狀態,南非,出口總值(含復出口),6,3000
2018-10,39032000,苯乙烯－丙烯?共聚合物，初級狀態,南韓,進口總值(含復進口),46,20200
2018-10,39032000,苯乙烯－丙烯?共聚合物，初級狀態,突尼西亞,出口總值(含復出口),24,13000
2018-10,39032000,苯乙烯－丙烯?共聚合物，初級狀態,美國,出口總值(含復出口),300,162000
2018-10,39032000,苯乙烯－丙烯?共聚合物，初級狀態,香港,出口總值(含復出口),1504,821250
2018-10,39032000,苯乙烯－丙烯?共聚合物，初級狀態,哥倫比亞,出口總值(含復出口),17,9000
2018-10,39032000,苯乙烯－丙烯?共聚合物，初級狀態,埃及,出口總值(含復出口),98,53700
2018-10,39032000,苯乙烯－丙烯?共聚合物，初級狀態,泰國,出口總值(含復出口),789,422000
2018-10,39032000,苯乙烯－丙烯?共聚合物，初級狀態,秘魯,出口總值(含復出口),6,3000
2018-10,39032000,苯乙烯－丙烯?共聚合物，初級狀態,馬來西亞,出口總值(含復出口),251,138000
2018-10,39032000,苯乙烯－丙烯?共聚合物，初級狀態,荷蘭,出口總值(含復出口),79,44000
2018-10,39032000,苯乙烯－丙烯?共聚合物，初級狀態,斯洛維尼亞,出口總值(含復出口),42,22500
2018-10,39032000,苯乙烯－丙烯?共聚合物，初級狀態,智利,出口總值(含復出口),36,20000
2018-10,39032000,苯乙烯－丙烯?共聚合物，初級狀態,菲律賓,出口總值(含復出口),42,22500
2018-10,39032000,苯乙烯－丙烯?共聚合物，初級狀態,越南,出口總值(含復出口),267,148075
2018-10,39032000,苯乙烯－丙烯?共聚合物，初級狀態,愛沙尼亞,出口總值(含復出口),69,36000
2018-10,39032000,苯乙烯－丙烯?共聚合物，初級狀態,新加坡,出口總值(含復出口),9,5000
2018-10,39032000,苯乙烯－丙烯?共聚合物，初級狀態,德國,進口總值(含復進口),0,50
2018-10,39032000,苯乙烯－丙烯?共聚合物，初級狀態,墨西哥,出口總值(含復出口),327,178000
2018-10,39032000,苯乙烯－丙烯?共聚合物，初級狀態,澳大利亞,出口總值(含復出口),4,2000
2018-10,39039010,甲基丙烯酸甲酯－丁二烯－苯乙烯（ＭＢＳ）共聚合物，初級狀態,中國大陸,出口總值(含復出口),777,284800
2018-10,39039010,甲基丙烯酸甲酯－丁二烯－苯乙烯（ＭＢＳ）共聚合物，初級狀態,日本,進口總值(含復進口),388,122120
2018-10,39039010,甲基丙烯酸甲酯－丁二烯－苯乙烯（ＭＢＳ）共聚合物，初級狀態,日本,出口總值(含復出口),0,50
2018-10,39039010,甲基丙烯酸甲酯－丁二烯－苯乙烯（ＭＢＳ）共聚合物，初級狀態,比利時,出口總值(含復出口),115,55000
2018-10,39039010,甲基丙烯酸甲酯－丁二烯－苯乙烯（ＭＢＳ）共聚合物，初級狀態,加拿大,出口總值(含復出口),2,1000
2018-10,39039010,甲基丙烯酸甲酯－丁二烯－苯乙烯（ＭＢＳ）共聚合物，初級狀態,波蘭,出口總值(含復出口),8,4000
2018-10,39039010,甲基丙烯酸甲酯－丁二烯－苯乙烯（ＭＢＳ）共聚合物，初級狀態,法國,出口總值(含復出口),8,3000
2018-10,39039010,甲基丙烯酸甲酯－丁二烯－苯乙烯（ＭＢＳ）共聚合物，初級狀態,南非,出口總值(含復出口),11,5000
2018-10,39039010,甲基丙烯酸甲酯－丁二烯－苯乙烯（ＭＢＳ）共聚合物，初級狀態,南韓,進口總值(含復進口),114,40000
2018-10,39039010,甲基丙烯酸甲酯－丁二烯－苯乙烯（ＭＢＳ）共聚合物，初級狀態,哈薩克,出口總值(含復出口),1,500
2018-10,39039010,甲基丙烯酸甲酯－丁二烯－苯乙烯（ＭＢＳ）共聚合物，初級狀態,美國,出口總值(含復出口),2,900
2018-10,39039010,甲基丙烯酸甲酯－丁二烯－苯乙烯（ＭＢＳ）共聚合物，初級狀態,英國,出口總值(含復出口),71,34000
2018-10,39039010,甲基丙烯酸甲酯－丁二烯－苯乙烯（ＭＢＳ）共聚合物，初級狀態,香港,出口總值(含復出口),4,1300
2018-10,39039010,甲基丙烯酸甲酯－丁二烯－苯乙烯（ＭＢＳ）共聚合物，初級狀態,泰國,出口總值(含復出口),71,26500
2018-10,39039010,甲基丙烯酸甲酯－丁二烯－苯乙烯（ＭＢＳ）共聚合物，初級狀態,馬來西亞,進口總值(含復進口),170,48000
2018-10,39039010,甲基丙烯酸甲酯－丁二烯－苯乙烯（ＭＢＳ）共聚合物，初級狀態,馬來西亞,出口總值(含復出口),77,25000
2018-10,39039010,甲基丙烯酸甲酯－丁二烯－苯乙烯（ＭＢＳ）共聚合物，初級狀態,菲律賓,出口總值(含復出口),61,22500
2018-10,39039010,甲基丙烯酸甲酯－丁二烯－苯乙烯（ＭＢＳ）共聚合物，初級狀態,越南,出口總值(含復出口),164,75700
2018-10,39039010,甲基丙烯酸甲酯－丁二烯－苯乙烯（ＭＢＳ）共聚合物，初級狀態,新加坡,出口總值(含復出口),5,2000
2018-10,39039010,甲基丙烯酸甲酯－丁二烯－苯乙烯（ＭＢＳ）共聚合物，初級狀態,義大利,出口總值(含復出口),33,16000
2018-10,39039010,甲基丙烯酸甲酯－丁二烯－苯乙烯（ＭＢＳ）共聚合物，初級狀態,澳大利亞,出口總值(含復出口),4,2000
2018-10,39052100,醋酸乙烯共聚合物水性分散液,中國大陸,進口總值(含復進口),82,38660
2018-10,39052100,醋酸乙烯共聚合物水性分散液,中國大陸,出口總值(含復出口),3611,3752180
2018-10,39052100,醋酸乙烯共聚合物水性分散液,中華民國,進口總值(含復進口),2,1925
2018-10,39052100,醋酸乙烯共聚合物水性分散液,巴西,出口總值(含復出口),43,40000
2018-10,39052100,醋酸乙烯共聚合物水性分散液,巴基斯坦,出口總值(含復出口),146,160000
2018-10,39052100,醋酸乙烯共聚合物水性分散液,日本,進口總值(含復進口),14,1288
2018-10,39052100,醋酸乙烯共聚合物水性分散液,孟加拉,出口總值(含復出口),16,17600
2018-10,39052100,醋酸乙烯共聚合物水性分散液,波多黎各,出口總值(含復出口),23,19910
2018-10,39052100,醋酸乙烯共聚合物水性分散液,阿拉伯聯合大公國,出口總值(含復出口),19,17600
2018-10,39052100,醋酸乙烯共聚合物水性分散液,南韓,出口總值(含復出口),37,30800
2018-10,39052100,醋酸乙烯共聚合物水性分散液,美國,進口總值(含復進口),15,11500
2018-10,39052100,醋酸乙烯共聚合物水性分散液,美國,出口總值(含復出口),70,80470
2018-10,39052100,醋酸乙烯共聚合物水性分散液,哥斯大黎加,出口總值(含復出口),21,17600
2018-10,39052100,醋酸乙烯共聚合物水性分散液,埃及,出口總值(含復出口),17,16800
2018-10,39052100,醋酸乙烯共聚合物水性分散液,泰國,出口總值(含復出口),20,20000
2018-10,39052100,醋酸乙烯共聚合物水性分散液,紐西蘭,出口總值(含復出口),51,51600
2018-10,39052100,醋酸乙烯共聚合物水性分散液,馬來西亞,進口總值(含復進口),54,35000
2018-10,39052100,醋酸乙烯共聚合物水性分散液,越南,出口總值(含復出口),72,55200
2018-10,39052100,醋酸乙烯共聚合物水性分散液,德國,出口總值(含復出口),52,60140
2018-10,39052100,醋酸乙烯共聚合物水性分散液,澳大利亞,出口總值(含復出口),77,72600
2018-11,29161410,甲基丙烯酸甲酯,中國大陸,進口總值(含復進口),20,7
2018-11,29161410,甲基丙烯酸甲酯,中國大陸,出口總值(含復出口),709,300640
2018-11,29161410,甲基丙烯酸甲酯,日本,進口總值(含復進口),1128,467141
2018-11,29161410,甲基丙烯酸甲酯,印尼,出口總值(含復出口),482,197320
2018-11,29161410,甲基丙烯酸甲酯,沙烏地阿拉伯,進口總值(含復進口),2506,1041658
2018-11,29161410,甲基丙烯酸甲酯,孟加拉,出口總值(含復出口),144,59200
2018-11,29161410,甲基丙烯酸甲酯,法國,進口總值(含復進口),0,0
2018-11,29161410,甲基丙烯酸甲酯,南韓,進口總值(含復進口),17,73
2018-11,29161410,甲基丙烯酸甲酯,南韓,出口總值(含復出口),1518,600980
2018-11,29161410,甲基丙烯酸甲酯,美國,出口總值(含復出口),49,19790
2018-11,29161410,甲基丙烯酸甲酯,英國,進口總值(含復進口),0,1
2018-11,29161410,甲基丙烯酸甲酯,泰國,出口總值(含復出口),80,30400
2018-11,29161410,甲基丙烯酸甲酯,秘魯,出口總值(含復出口),38,15200
2018-11,29161410,甲基丙烯酸甲酯,馬來西亞,出口總值(含復出口),424,164000
2018-11,29161410,甲基丙烯酸甲酯,荷蘭,進口總值(含復進口),16,201
2018-11,29161410,甲基丙烯酸甲酯,斯里蘭卡,出口總值(含復出口),78,30400
2018-11,29161410,甲基丙烯酸甲酯,菲律賓,出口總值(含復出口),1650,635710
2018-11,29161410,甲基丙烯酸甲酯,越南,出口總值(含復出口),1954,800690
2018-11,29161410,甲基丙烯酸甲酯,澳大利亞,出口總值(含復出口),92,34970
2018-11,29173300,鄰苯二甲酸二壬酯或二癸酯,中國大陸,出口總值(含復出口),700,482000
2018-11,29173300,鄰苯二甲酸二壬酯或二癸酯,日本,進口總值(含復進口),0,0
2018-11,29173300,鄰苯二甲酸二壬酯或二癸酯,日本,出口總值(含復出口),381,281000
2018-11,29173300,鄰苯二甲酸二壬酯或二癸酯,法國,出口總值(含復出口),150,114000
2018-11,29173300,鄰苯二甲酸二壬酯或二癸酯,阿拉伯聯合大公國,出口總值(含復出口),154,120000
2018-11,29173300,鄰苯二甲酸二壬酯或二癸酯,阿根廷,出口總值(含復出口),16,8000
2018-11,29173300,鄰苯二甲酸二壬酯或二癸酯,阿曼,出口總值(含復出口),147,120000
2018-11,29173300,鄰苯二甲酸二壬酯或二癸酯,美國,出口總值(含復出口),135,101000
2018-11,29173300,鄰苯二甲酸二壬酯或二癸酯,英國,出口總值(含復出口),86,69000
2018-11,29173300,鄰苯二甲酸二壬酯或二癸酯,哥倫比亞,出口總值(含復出口),54,40000
2018-11,29173300,鄰苯二甲酸二壬酯或二癸酯,馬來西亞,出口總值(含復出口),54,42000
2018-11,29173300,鄰苯二甲酸二壬酯或二癸酯,荷蘭,出口總值(含復出口),643,410000
2018-11,29173300,鄰苯二甲酸二壬酯或二癸酯,斯里蘭卡,出口總值(含復出口),10,8000
2018-11,29173300,鄰苯二甲酸二壬酯或二癸酯,菲律賓,出口總值(含復出口),228,180000
2018-11,29173300,鄰苯二甲酸二壬酯或二癸酯,越南,出口總值(含復出口),125,100000
2018-11,29173300,鄰苯二甲酸二壬酯或二癸酯,新加坡,出口總值(含復出口),88,62000
2018-11,29173300,鄰苯二甲酸二壬酯或二癸酯,義大利,出口總值(含復出口),136,104000
2018-11,29173300,鄰苯二甲酸二壬酯或二癸酯,德國,進口總值(含復進口),0,0
2018-11,29173300,鄰苯二甲酸二壬酯或二癸酯,墨西哥,出口總值(含復出口),303,230000
2018-11,29173300,鄰苯二甲酸二壬酯或二癸酯,澳大利亞,出口總值(含復出口),54,42000
2018-11,29321100,四氫?喃,中國大陸,出口總值(含復出口),316,144000
2018-11,29321100,四氫?喃,巴西,出口總值(含復出口),3,14400
2018-11,29321100,四氫?喃,日本,出口總值(含復出口),683,309720
2018-11,29321100,四氫?喃,比利時,進口總值(含復進口),1,8
2018-11,29321100,四氫?喃,比利時,出口總值(含復出口),167,79540
2018-11,29321100,四氫?喃,以色列,出口總值(含復出口),30,14400
2018-11,29321100,四氫?喃,印度,出口總值(含復出口),1426,678010
2018-11,29321100,四氫?喃,孟加拉,出口總值(含復出口),11,3600
2018-11,29321100,四氫?喃,阿拉伯聯合大公國,出口總值(含復出口),59,28800
2018-11,29321100,四氫?喃,南韓,進口總值(含復進口),7,852
2018-11,29321100,四氫?喃,美國,進口總值(含復進口),16,1226
2018-11,29321100,四氫?喃,英國,進口總值(含復進口),0,2
2018-11,29321100,四氫?喃,英國,出口總值(含復出口),33,14400
2018-11,29321100,四氫?喃,泰國,出口總值(含復出口),60,28800
2018-11,29321100,四氫?喃,馬來西亞,進口總值(含復進口),64,28800
2018-11,29321100,四氫?喃,荷蘭,出口總值(含復出口),195,86400
2018-11,29321100,四氫?喃,越南,出口總值(含復出口),62,28800
2018-11,29321100,四氫?喃,德國,進口總值(含復進口),6,614
2018-11,39032000,苯乙烯－丙烯?共聚合物，初級狀態,中國大陸,進口總值(含復進口),227,72500
2018-11,39032000,苯乙烯－丙烯?共聚合物，初級狀態,中國大陸,出口總值(含復出口),11514,6907415
2018-11,39032000,苯乙烯－丙烯?共聚合物，初級狀態,巴西,出口總值(含復出口),162,90000
2018-11,39032000,苯乙烯－丙烯?共聚合物，初級狀態,巴基斯坦,出口總值(含復出口),328,187500
2018-11,39032000,苯乙烯－丙烯?共聚合物，初級狀態,日本,進口總值(含復進口),168,49484
2018-11,39032000,苯乙烯－丙烯?共聚合物，初級狀態,日本,出口總值(含復出口),133,73000
2018-11,39032000,苯乙烯－丙烯?共聚合物，初級狀態,比利時,出口總值(含復出口),9,5000
2018-11,39032000,苯乙烯－丙烯?共聚合物，初級狀態,以色列,出口總值(含復出口),14,8000
2018-11,39032000,苯乙烯－丙烯?共聚合物，初級狀態,印尼,出口總值(含復出口),752,438000
2018-11,39032000,苯乙烯－丙烯?共聚合物，初級狀態,印度,出口總值(含復出口),26,13000
2018-11,39032000,苯乙烯－丙烯?共聚合物，初級狀態,孟加拉,出口總值(含復出口),139,80000
2018-11,39032000,苯乙烯－丙烯?共聚合物，初級狀態,波蘭,出口總值(含復出口),7,4000
2018-11,39032000,苯乙烯－丙烯?共聚合物，初級狀態,俄羅斯,出口總值(含復出口),21,12000
2018-11,39032000,苯乙烯－丙烯?共聚合物，初級狀態,南非,出口總值(含復出口),15,8000
2018-11,39032000,苯乙烯－丙烯?共聚合物，初級狀態,南韓,進口總值(含復進口),42,42821
2018-11,39032000,苯乙烯－丙烯?共聚合物，初級狀態,突尼西亞,出口總值(含復出口),27,16000
2018-11,39032000,苯乙烯－丙烯?共聚合物，初級狀態,美國,出口總值(含復出口),172,97000
2018-11,39032000,苯乙烯－丙烯?共聚合物，初級狀態,香港,出口總值(含復出口),1408,812100
2018-11,39032000,苯乙烯－丙烯?共聚合物，初級狀態,哥倫比亞,出口總值(含復出口),93,55000
2018-11,39032000,苯乙烯－丙烯?共聚合物，初級狀態,埃及,出口總值(含復出口),34,18300
2018-11,39032000,苯乙烯－丙烯?共聚合物，初級狀態,泰國,出口總值(含復出口),1190,655000
2018-11,39032000,苯乙烯－丙烯?共聚合物，初級狀態,紐西蘭,出口總值(含復出口),2,1000
2018-11,39032000,苯乙烯－丙烯?共聚合物，初級狀態,馬來西亞,出口總值(含復出口),269,160025
2018-11,39032000,苯乙烯－丙烯?共聚合物，初級狀態,荷蘭,出口總值(含復出口),6,3000
2018-11,39032000,苯乙烯－丙烯?共聚合物，初級狀態,斯里蘭卡,出口總值(含復出口),3,2000
2018-11,39032000,苯乙烯－丙烯?共聚合物，初級狀態,斯洛維尼亞,出口總值(含復出口),15,8000
2018-11,39032000,苯乙烯－丙烯?共聚合物，初級狀態,菲律賓,出口總值(含復出口),199,116000
2018-11,39032000,苯乙烯－丙烯?共聚合物，初級狀態,越南,出口總值(含復出口),255,144346
2018-11,39032000,苯乙烯－丙烯?共聚合物，初級狀態,愛沙尼亞,出口總值(含復出口),66,36000
2018-11,39032000,苯乙烯－丙烯?共聚合物，初級狀態,新加坡,出口總值(含復出口),2,1000
2018-11,39032000,苯乙烯－丙烯?共聚合物，初級狀態,義大利,進口總值(含復進口),0,25
2018-11,39032000,苯乙烯－丙烯?共聚合物，初級狀態,墨西哥,出口總值(含復出口),454,252000
2018-11,39032000,苯乙烯－丙烯?共聚合物，初級狀態,澳大利亞,出口總值(含復出口),4,2000
2018-11,39039010,甲基丙烯酸甲酯－丁二烯－苯乙烯（ＭＢＳ）共聚合物，初級狀態,中國大陸,進口總值(含復進口),0,400
2018-11,39039010,甲基丙烯酸甲酯－丁二烯－苯乙烯（ＭＢＳ）共聚合物，初級狀態,中國大陸,出口總值(含復出口),1494,595782
2018-11,39039010,甲基丙烯酸甲酯－丁二烯－苯乙烯（ＭＢＳ）共聚合物，初級狀態,日本,進口總值(含復進口),163,52120
2018-11,39039010,甲基丙烯酸甲酯－丁二烯－苯乙烯（ＭＢＳ）共聚合物，初級狀態,日本,出口總值(含復出口),47,17600
2018-11,39039010,甲基丙烯酸甲酯－丁二烯－苯乙烯（ＭＢＳ）共聚合物，初級狀態,比利時,出口總值(含復出口),185,81000
2018-11,39039010,甲基丙烯酸甲酯－丁二烯－苯乙烯（ＭＢＳ）共聚合物，初級狀態,加拿大,出口總值(含復出口),6,2700
2018-11,39039010,甲基丙烯酸甲酯－丁二烯－苯乙烯（ＭＢＳ）共聚合物，初級狀態,孟加拉,出口總值(含復出口),15,6000
2018-11,39039010,甲基丙烯酸甲酯－丁二烯－苯乙烯（ＭＢＳ）共聚合物，初級狀態,南韓,進口總值(含復進口),146,51600
2018-11,39039010,甲基丙烯酸甲酯－丁二烯－苯乙烯（ＭＢＳ）共聚合物，初級狀態,南韓,出口總值(含復出口),21,8000
2018-11,39039010,甲基丙烯酸甲酯－丁二烯－苯乙烯（ＭＢＳ）共聚合物，初級狀態,美國,出口總值(含復出口),29,14000
2018-11,39039010,甲基丙烯酸甲酯－丁二烯－苯乙烯（ＭＢＳ）共聚合物，初級狀態,英國,出口總值(含復出口),33,16000
2018-11,39039010,甲基丙烯酸甲酯－丁二烯－苯乙烯（ＭＢＳ）共聚合物，初級狀態,香港,出口總值(含復出口),28,9500
2018-11,39039010,甲基丙烯酸甲酯－丁二烯－苯乙烯（ＭＢＳ）共聚合物，初級狀態,泰國,出口總值(含復出口),23,7000
2018-11,39039010,甲基丙烯酸甲酯－丁二烯－苯乙烯（ＭＢＳ）共聚合物，初級狀態,紐西蘭,出口總值(含復出口),19,7000
2018-11,39039010,甲基丙烯酸甲酯－丁二烯－苯乙烯（ＭＢＳ）共聚合物，初級狀態,馬來西亞,進口總值(含復進口),38,9600
2018-11,39039010,甲基丙烯酸甲酯－丁二烯－苯乙烯（ＭＢＳ）共聚合物，初級狀態,馬來西亞,出口總值(含復出口),113,43000
2018-11,39039010,甲基丙烯酸甲酯－丁二烯－苯乙烯（ＭＢＳ）共聚合物，初級狀態,荷蘭,出口總值(含復出口),3,1000
2018-11,39039010,甲基丙烯酸甲酯－丁二烯－苯乙烯（ＭＢＳ）共聚合物，初級狀態,越南,出口總值(含復出口),65,27000
2018-11,39039010,甲基丙烯酸甲酯－丁二烯－苯乙烯（ＭＢＳ）共聚合物，初級狀態,瑞典,出口總值(含復出口),16,8000
2018-11,39039010,甲基丙烯酸甲酯－丁二烯－苯乙烯（ＭＢＳ）共聚合物，初級狀態,澳大利亞,出口總值(含復出口),13,6000
2018-11,39052100,醋酸乙烯共聚合物水性分散液,中國大陸,進口總值(含復進口),41,15200
2018-11,39052100,醋酸乙烯共聚合物水性分散液,中國大陸,出口總值(含復出口),3713,3890040
2018-11,39052100,醋酸乙烯共聚合物水性分散液,巴拉圭,出口總值(含復出口),32,19800
2018-11,39052100,醋酸乙烯共聚合物水性分散液,巴基斯坦,出口總值(含復出口),271,300000
2018-11,39052100,醋酸乙烯共聚合物水性分散液,日本,進口總值(含復進口),5,180
2018-11,39052100,醋酸乙烯共聚合物水性分散液,波多黎各,出口總值(含復出口),22,19990
2018-11,39052100,醋酸乙烯共聚合物水性分散液,阿根廷,出口總值(含復出口),16,17600
2018-11,39052100,醋酸乙烯共聚合物水性分散液,阿爾及利亞,出口總值(含復出口),43,40000
2018-11,39052100,醋酸乙烯共聚合物水性分散液,美國,進口總值(含復進口),52,37196
2018-11,39052100,醋酸乙烯共聚合物水性分散液,美國,出口總值(含復出口),17,20500
2018-11,39052100,醋酸乙烯共聚合物水性分散液,泰國,出口總值(含復出口),39,39830
2018-11,39052100,醋酸乙烯共聚合物水性分散液,秘魯,出口總值(含復出口),17,19800
2018-11,39052100,醋酸乙烯共聚合物水性分散液,紐西蘭,出口總值(含復出口),42,43210
2018-11,39052100,醋酸乙烯共聚合物水性分散液,馬來西亞,進口總值(含復進口),21,13800
2018-11,39052100,醋酸乙烯共聚合物水性分散液,馬來西亞,出口總值(含復出口),31,14400
2018-11,39052100,醋酸乙烯共聚合物水性分散液,智利,出口總值(含復出口),21,18000
2018-11,39052100,醋酸乙烯共聚合物水性分散液,越南,出口總值(含復出口),23,10000
2018-11,39052100,醋酸乙烯共聚合物水性分散液,德國,進口總值(含復進口),4,2000
2018-11,39052100,醋酸乙烯共聚合物水性分散液,模里西斯,出口總值(含復出口),14,17600
2018-11,39052100,醋酸乙烯共聚合物水性分散液,墨西哥,出口總值(含復出口),20,17600
2018-11,39052100,醋酸乙烯共聚合物水性分散液,澳大利亞,出口總值(含復出口),49,39800
2018-12,29161410,甲基丙烯酸甲酯,中國大陸,出口總值(含復出口),4865,2642046
2018-12,29161410,甲基丙烯酸甲酯,中華民國,進口總值(含復進口),2,21
2018-12,29161410,甲基丙烯酸甲酯,日本,進口總值(含復進口),1304,573269
2018-12,29161410,甲基丙烯酸甲酯,印尼,出口總值(含復出口),665,296210
2018-12,29161410,甲基丙烯酸甲酯,阿拉伯聯合大公國,出口總值(含復出口),34,15200
2018-12,29161410,甲基丙烯酸甲酯,美國,進口總值(含復進口),22,274
2018-12,29161410,甲基丙烯酸甲酯,美國,出口總值(含復出口),39,15200
2018-12,29161410,甲基丙烯酸甲酯,英國,進口總值(含復進口),2,26
2018-12,29161410,甲基丙烯酸甲酯,荷蘭,進口總值(含復進口),3,40
2018-12,29161410,甲基丙烯酸甲酯,菲律賓,出口總值(含復出口),107,41400
2018-12,29161410,甲基丙烯酸甲酯,越南,出口總值(含復出口),2380,1033570
2018-12,29161410,甲基丙烯酸甲酯,德國,進口總值(含復進口),1620,626380
2018-12,29161410,甲基丙烯酸甲酯,澳大利亞,出口總值(含復出口),41,15200
2018-12,29173300,鄰苯二甲酸二壬酯或二癸酯,中國大陸,出口總值(含復出口),1308,1135000
2018-12,29173300,鄰苯二甲酸二壬酯或二癸酯,厄瓜多,出口總值(含復出口),24,16000
2018-12,29173300,鄰苯二甲酸二壬酯或二癸酯,日本,出口總值(含復出口),424,330000
2018-12,29173300,鄰苯二甲酸二壬酯或二癸酯,比利時,出口總值(含復出口),240,182000
2018-12,29173300,鄰苯二甲酸二壬酯或二癸酯,加拿大,出口總值(含復出口),525,417000
2018-12,29173300,鄰苯二甲酸二壬酯或二癸酯,印尼,出口總值(含復出口),60,46000
2018-12,29173300,鄰苯二甲酸二壬酯或二癸酯,印度,出口總值(含復出口),26,20000
2018-12,29173300,鄰苯二甲酸二壬酯或二癸酯,法國,出口總值(含復出口),61,46000
2018-12,29173300,鄰苯二甲酸二壬酯或二癸酯,阿曼,出口總值(含復出口),123,99000
2018-12,29173300,鄰苯二甲酸二壬酯或二癸酯,美國,進口總值(含復進口),0,0
2018-12,29173300,鄰苯二甲酸二壬酯或二癸酯,美國,出口總值(含復出口),735,563000
2018-12,29173300,鄰苯二甲酸二壬酯或二癸酯,埃及,出口總值(含復出口),28,21000
2018-12,29173300,鄰苯二甲酸二壬酯或二癸酯,馬來西亞,出口總值(含復出口),27,21000
2018-12,29173300,鄰苯二甲酸二壬酯或二癸酯,荷蘭,出口總值(含復出口),108,79000
2018-12,29173300,鄰苯二甲酸二壬酯或二癸酯,斯里蘭卡,出口總值(含復出口),24,20000
2018-12,29173300,鄰苯二甲酸二壬酯或二癸酯,菲律賓,出口總值(含復出口),31,16000
2018-12,29173300,鄰苯二甲酸二壬酯或二癸酯,象牙海岸,出口總值(含復出口),384,307000
2018-12,29173300,鄰苯二甲酸二壬酯或二癸酯,越南,出口總值(含復出口),693,559000
2018-12,29173300,鄰苯二甲酸二壬酯或二癸酯,義大利,進口總值(含復進口),0,0
2018-12,29173300,鄰苯二甲酸二壬酯或二癸酯,義大利,出口總值(含復出口),57,42000
2018-12,29173300,鄰苯二甲酸二壬酯或二癸酯,葡萄牙,出口總值(含復出口),192,145000
2018-12,29173300,鄰苯二甲酸二壬酯或二癸酯,德國,出口總值(含復出口),105,84000
2018-12,29173300,鄰苯二甲酸二壬酯或二癸酯,墨西哥,出口總值(含復出口),135,104000
2018-12,29321100,四氫?喃,中國大陸,出口總值(含復出口),94,43200
2018-12,29321100,四氫?喃,日本,進口總值(含復進口),0,18
2018-12,29321100,四氫?喃,日本,出口總值(含復出口),488,211490
2018-12,29321100,四氫?喃,比利時,進口總值(含復進口),1,13
2018-12,29321100,四氫?喃,比利時,出口總值(含復出口),235,113820
2018-12,29321100,四氫?喃,加拿大,出口總值(含復出口),32,14400
2018-12,29321100,四氫?喃,印度,出口總值(含復出口),868,422750
2018-12,29321100,四氫?喃,西班牙,進口總值(含復進口),0,13
2018-12,29321100,四氫?喃,南韓,進口總值(含復進口),7,1278
2018-12,29321100,四氫?喃,南韓,出口總值(含復出口),290,158820
2018-12,29321100,四氫?喃,美國,進口總值(含復進口),15,761
2018-12,29321100,四氫?喃,英國,進口總值(含復進口),1,10
2018-12,29321100,四氫?喃,馬來西亞,出口總值(含復出口),29,14400
2018-12,29321100,四氫?喃,荷蘭,出口總值(含復出口),129,57600
2018-12,29321100,四氫?喃,越南,出口總值(含復出口),88,43200
2018-12,29321100,四氫?喃,義大利,出口總值(含復出口),41,19890
2018-12,29321100,四氫?喃,德國,進口總值(含復進口),43,3183
2018-12,29321100,四氫?喃,德國,出口總值(含復出口),32,14400
2018-12,29321100,四氫?喃,墨西哥,出口總值(含復出口),32,14400
2018-12,39032000,苯乙烯－丙烯?共聚合物，初級狀態,土耳其,出口總值(含復出口),39,25000
2018-12,39032000,苯乙烯－丙烯?共聚合物，初級狀態,中國大陸,進口總值(含復進口),174,60000
2018-12,39032000,苯乙烯－丙烯?共聚合物，初級狀態,中國大陸,出口總值(含復出口),14757,10179840
2018-12,39032000,苯乙烯－丙烯?共聚合物，初級狀態,中華民國,進口總值(含復進口),3,1440
2018-12,39032000,苯乙烯－丙烯?共聚合物，初級狀態,巴西,出口總值(含復出口),679,378000
2018-12,39032000,苯乙烯－丙烯?共聚合物，初級狀態,巴基斯坦,出口總值(含復出口),137,87750
2018-12,39032000,苯乙烯－丙烯?共聚合物，初級狀態,日本,進口總值(含復進口),104,32480
2018-12,39032000,苯乙烯－丙烯?共聚合物，初級狀態,日本,出口總值(含復出口),67,38875
2018-12,39032000,苯乙烯－丙烯?共聚合物，初級狀態,比利時,出口總值(含復出口),7,4000
2018-12,39032000,苯乙烯－丙烯?共聚合物，初級狀態,以色列,出口總值(含復出口),15,9000
2018-12,39032000,苯乙烯－丙烯?共聚合物，初級狀態,加拿大,出口總值(含復出口),69,48000
2018-12,39032000,苯乙烯－丙烯?共聚合物，初級狀態,立陶宛,出口總值(含復出口),11,7000
2018-12,39032000,苯乙烯－丙烯?共聚合物，初級狀態,印尼,出口總值(含復出口),165,100000
2018-12,39032000,苯乙烯－丙烯?共聚合物，初級狀態,孟加拉,出口總值(含復出口),155,91500
2018-12,39032000,苯乙烯－丙烯?共聚合物，初級狀態,波蘭,出口總值(含復出口),19,11000
2018-12,39032000,苯乙烯－丙烯?共聚合物，初級狀態,阿根廷,出口總值(含復出口),39,25000
2018-12,39032000,苯乙烯－丙烯?共聚合物，初級狀態,南非,出口總值(含復出口),4,2000
2018-12,39032000,苯乙烯－丙烯?共聚合物，初級狀態,南韓,進口總值(含復進口),79,52000
2018-12,39032000,苯乙烯－丙烯?共聚合物，初級狀態,突尼西亞,出口總值(含復出口),16,10000
2018-12,39032000,苯乙烯－丙烯?共聚合物，初級狀態,美國,進口總值(含復進口),10,4300
2018-12,39032000,苯乙烯－丙烯?共聚合物，初級狀態,美國,出口總值(含復出口),67,39000
2018-12,39032000,苯乙烯－丙烯?共聚合物，初級狀態,英國,出口總值(含復出口),26,15000
2018-12,39032000,苯乙烯－丙烯?共聚合物，初級狀態,香港,出口總值(含復出口),1333,821000
2018-12,39032000,苯乙烯－丙烯?共聚合物，初級狀態,哥倫比亞,出口總值(含復出口),52,32000
2018-12,39032000,苯乙烯－丙烯?共聚合物，初級狀態,埃及,出口總值(含復出口),158,95000
2018-12,39032000,苯乙烯－丙烯?共聚合物，初級狀態,泰國,出口總值(含復出口),356,205000
2018-12,39032000,苯乙烯－丙烯?共聚合物，初級狀態,馬來西亞,出口總值(含復出口),104,68000
2018-12,39032000,苯乙烯－丙烯?共聚合物，初級狀態,荷蘭,出口總值(含復出口),88,53025
2018-12,39032000,苯乙烯－丙烯?共聚合物，初級狀態,斯洛維尼亞,出口總值(含復出口),130,77000
2018-12,39032000,苯乙烯－丙烯?共聚合物，初級狀態,越南,出口總值(含復出口),213,133250
2018-12,39032000,苯乙烯－丙烯?共聚合物，初級狀態,愛沙尼亞,出口總值(含復出口),31,18000
2018-12,39032000,苯乙烯－丙烯?共聚合物，初級狀態,新加坡,出口總值(含復出口),9,5600
2018-12,39032000,苯乙烯－丙烯?共聚合物，初級狀態,緬甸,出口總值(含復出口),18,10000
2018-12,39032000,苯乙烯－丙烯?共聚合物，初級狀態,墨西哥,出口總值(含復出口),133,84000
2018-12,39032000,苯乙烯－丙烯?共聚合物，初級狀態,澳大利亞,出口總值(含復出口),2,1000
2018-12,39039010,甲基丙烯酸甲酯－丁二烯－苯乙烯（ＭＢＳ）共聚合物，初級狀態,土耳其,出口總值(含復出口),71,32000
2018-12,39039010,甲基丙烯酸甲酯－丁二烯－苯乙烯（ＭＢＳ）共聚合物，初級狀態,中國大陸,出口總值(含復出口),1122,437350
2018-12,39039010,甲基丙烯酸甲酯－丁二烯－苯乙烯（ＭＢＳ）共聚合物，初級狀態,日本,進口總值(含復進口),200,85147
2018-12,39039010,甲基丙烯酸甲酯－丁二烯－苯乙烯（ＭＢＳ）共聚合物，初級狀態,日本,出口總值(含復出口),33,12500
2018-12,39039010,甲基丙烯酸甲酯－丁二烯－苯乙烯（ＭＢＳ）共聚合物，初級狀態,比利時,出口總值(含復出口),114,55000
2018-12,39039010,甲基丙烯酸甲酯－丁二烯－苯乙烯（ＭＢＳ）共聚合物，初級狀態,以色列,出口總值(含復出口),6,3000
2018-12,39039010,甲基丙烯酸甲酯－丁二烯－苯乙烯（ＭＢＳ）共聚合物，初級狀態,立陶宛,出口總值(含復出口),27,11000
2018-12,39039010,甲基丙烯酸甲酯－丁二烯－苯乙烯（ＭＢＳ）共聚合物，初級狀態,法國,出口總值(含復出口),7,3000
2018-12,39039010,甲基丙烯酸甲酯－丁二烯－苯乙烯（ＭＢＳ）共聚合物，初級狀態,英國,出口總值(含復出口),168,84500
2018-12,39039010,甲基丙烯酸甲酯－丁二烯－苯乙烯（ＭＢＳ）共聚合物，初級狀態,香港,出口總值(含復出口),36,11250
2018-12,39039010,甲基丙烯酸甲酯－丁二烯－苯乙烯（ＭＢＳ）共聚合物，初級狀態,泰國,出口總值(含復出口),20,8000
2018-12,39039010,甲基丙烯酸甲酯－丁二烯－苯乙烯（ＭＢＳ）共聚合物，初級狀態,紐西蘭,出口總值(含復出口),15,6000
2018-12,39039010,甲基丙烯酸甲酯－丁二烯－苯乙烯（ＭＢＳ）共聚合物，初級狀態,馬來西亞,進口總值(含復進口),78,28800
2018-12,39039010,甲基丙烯酸甲酯－丁二烯－苯乙烯（ＭＢＳ）共聚合物，初級狀態,馬來西亞,出口總值(含復出口),28,11000
2018-12,39039010,甲基丙烯酸甲酯－丁二烯－苯乙烯（ＭＢＳ）共聚合物，初級狀態,荷蘭,出口總值(含復出口),0,25
2018-12,39039010,甲基丙烯酸甲酯－丁二烯－苯乙烯（ＭＢＳ）共聚合物，初級狀態,越南,出口總值(含復出口),87,47000
2018-12,39039010,甲基丙烯酸甲酯－丁二烯－苯乙烯（ＭＢＳ）共聚合物，初級狀態,新加坡,進口總值(含復進口),457,182000
2018-12,39039010,甲基丙烯酸甲酯－丁二烯－苯乙烯（ＭＢＳ）共聚合物，初級狀態,義大利,出口總值(含復出口),141,70000
2018-12,39039010,甲基丙烯酸甲酯－丁二烯－苯乙烯（ＭＢＳ）共聚合物，初級狀態,澳大利亞,出口總值(含復出口),50,23750
2018-12,39052100,醋酸乙烯共聚合物水性分散液,中國大陸,進口總值(含復進口),77,35360
2018-12,39052100,醋酸乙烯共聚合物水性分散液,中國大陸,出口總值(含復出口),1814,1869400
2018-12,39052100,醋酸乙烯共聚合物水性分散液,巴基斯坦,出口總值(含復出口),162,180000
2018-12,39052100,醋酸乙烯共聚合物水性分散液,日本,進口總值(含復進口),34,12782
2018-12,39052100,醋酸乙烯共聚合物水性分散液,日本,出口總值(含復出口),19,19480
2018-12,39052100,醋酸乙烯共聚合物水性分散液,阿拉伯聯合大公國,出口總值(含復出口),39,37600
2018-12,39052100,醋酸乙烯共聚合物水性分散液,南韓,出口總值(含復出口),11,10560
2018-12,39052100,醋酸乙烯共聚合物水性分散液,美國,進口總值(含復進口),43,33150
2018-12,39052100,醋酸乙烯共聚合物水性分散液,美國,出口總值(含復出口),35,39900
2018-12,39052100,醋酸乙烯共聚合物水性分散液,哥斯大黎加,出口總值(含復出口),21,17600
2018-12,39052100,醋酸乙烯共聚合物水性分散液,泰國,出口總值(含復出口),21,20120
2018-12,39052100,醋酸乙烯共聚合物水性分散液,馬來西亞,出口總值(含復出口),31,14400
2018-12,39052100,醋酸乙烯共聚合物水性分散液,越南,出口總值(含復出口),120,98000
2018-12,39052100,醋酸乙烯共聚合物水性分散液,墨西哥,出口總值(含復出口),19,17600
2018-12,39052100,醋酸乙烯共聚合物水性分散液,澳大利亞,出口總值(含復出口),60,56000
2018-1,39069010,其他丙烯酸聚合物粒，初級狀態,土耳其,進口總值(含復進口),33,18000
2018-1,39069010,其他丙烯酸聚合物粒，初級狀態,土耳其,出口總值(含復出口),3688,3002800
2018-1,39069010,其他丙烯酸聚合物粒，初級狀態,中國大陸,進口總值(含復進口),959,366028
2018-1,39069010,其他丙烯酸聚合物粒，初級狀態,中國大陸,出口總值(含復出口),17875,7362060
2018-1,39069010,其他丙烯酸聚合物粒，初級狀態,巴西,出口總值(含復出口),151,120000
2018-1,39069010,其他丙烯酸聚合物粒，初級狀態,巴基斯坦,出口總值(含復出口),452,313680
2018-1,39069010,其他丙烯酸聚合物粒，初級狀態,日本,進口總值(含復進口),1316,558217
2018-1,39069010,其他丙烯酸聚合物粒，初級狀態,日本,出口總值(含復出口),90,49500
2018-1,39069010,其他丙烯酸聚合物粒，初級狀態,比利時,進口總值(含復進口),91,4500
2018-1,39069010,其他丙烯酸聚合物粒，初級狀態,以色列,進口總值(含復進口),364,40000
2018-1,39069010,其他丙烯酸聚合物粒，初級狀態,以色列,出口總值(含復出口),162,129000
2018-1,39069010,其他丙烯酸聚合物粒，初級狀態,加拿大,出口總值(含復出口),40,15200
2018-1,39069010,其他丙烯酸聚合物粒，初級狀態,立陶宛,出口總值(含復出口),97,36000
2018-1,39069010,其他丙烯酸聚合物粒，初級狀態,伊朗,出口總值(含復出口),216,158400
2018-1,39069010,其他丙烯酸聚合物粒，初級狀態,印尼,出口總值(含復出口),278,131330
2018-1,39069010,其他丙烯酸聚合物粒，初級狀態,印度,進口總值(含復進口),1,200
2018-1,39069010,其他丙烯酸聚合物粒，初級狀態,印度,出口總值(含復出口),329,150655
2018-1,39069010,其他丙烯酸聚合物粒，初級狀態,沙烏地阿拉伯,出口總值(含復出口),1010,685440
2018-1,39069010,其他丙烯酸聚合物粒，初級狀態,孟加拉,出口總值(含復出口),143,120300
2018-1,39069010,其他丙烯酸聚合物粒，初級狀態,法國,進口總值(含復進口),45,1160
2018-1,39069010,其他丙烯酸聚合物粒，初級狀態,阿拉伯聯合大公國,出口總值(含復出口),196,122560
2018-1,39069010,其他丙烯酸聚合物粒，初級狀態,阿根廷,出口總值(含復出口),27,21600
2018-1,39069010,其他丙烯酸聚合物粒，初級狀態,俄羅斯,出口總值(含復出口),105,37000
2018-1,39069010,其他丙烯酸聚合物粒，初級狀態,南非,出口總值(含復出口),196,147000
2018-1,39069010,其他丙烯酸聚合物粒，初級狀態,南韓,進口總值(含復進口),937,440946
2018-1,39069010,其他丙烯酸聚合物粒，初級狀態,南韓,出口總值(含復出口),127,86085
2018-1,39069010,其他丙烯酸聚合物粒，初級狀態,科威特,出口總值(含復出口),80,48000
2018-1,39069010,其他丙烯酸聚合物粒，初級狀態,約旦,出口總值(含復出口),635,496000
2018-1,39069010,其他丙烯酸聚合物粒，初級狀態,美國,進口總值(含復進口),384,40967
2018-1,39069010,其他丙烯酸聚合物粒，初級狀態,美國,出口總值(含復出口),325,212000
2018-1,39069010,其他丙烯酸聚合物粒，初級狀態,英國,進口總值(含復進口),5,1800
2018-1,39069010,其他丙烯酸聚合物粒，初級狀態,英國,出口總值(含復出口),45,16875
2018-1,39069010,其他丙烯酸聚合物粒，初級狀態,香港,出口總值(含復出口),994,374360
2018-1,39069010,其他丙烯酸聚合物粒，初級狀態,哥倫比亞,出口總值(含復出口),83,54800
2018-1,39069010,其他丙烯酸聚合物粒，初級狀態,埃及,出口總值(含復出口),143,70800
2018-1,39069010,其他丙烯酸聚合物粒，初級狀態,泰國,進口總值(含復進口),54,24200
2018-1,39069010,其他丙烯酸聚合物粒，初級狀態,泰國,出口總值(含復出口),485,203850
2018-1,39069010,其他丙烯酸聚合物粒，初級狀態,紐西蘭,出口總值(含復出口),41,19000
2018-1,39069010,其他丙烯酸聚合物粒，初級狀態,馬來西亞,出口總值(含復出口),284,115795
2018-1,39069010,其他丙烯酸聚合物粒，初級狀態,荷蘭,進口總值(含復進口),111,32500
2018-1,39069010,其他丙烯酸聚合物粒，初級狀態,荷蘭,出口總值(含復出口),126,49000
2018-1,39069010,其他丙烯酸聚合物粒，初級狀態,斯里蘭卡,出口總值(含復出口),9,2800
2018-1,39069010,其他丙烯酸聚合物粒，初級狀態,智利,出口總值(含復出口),24,14100
2018-1,39069010,其他丙烯酸聚合物粒，初級狀態,菲律賓,出口總值(含復出口),58,27200
2018-1,39069010,其他丙烯酸聚合物粒，初級狀態,越南,出口總值(含復出口),1218,617487
2018-1,39069010,其他丙烯酸聚合物粒，初級狀態,愛爾蘭,出口總值(含復出口),260,108000
2018-1,39069010,其他丙烯酸聚合物粒，初級狀態,新加坡,進口總值(含復進口),316,83200
2018-1,39069010,其他丙烯酸聚合物粒，初級狀態,新加坡,出口總值(含復出口),261,140200
2018-1,39069010,其他丙烯酸聚合物粒，初級狀態,義大利,進口總值(含復進口),15,800
2018-1,39069010,其他丙烯酸聚合物粒，初級狀態,義大利,出口總值(含復出口),337,160800
2018-1,39069010,其他丙烯酸聚合物粒，初級狀態,德國,進口總值(含復進口),87,20400
2018-1,39069010,其他丙烯酸聚合物粒，初級狀態,墨西哥,出口總值(含復出口),25,20000
2018-1,39069010,其他丙烯酸聚合物粒，初級狀態,澳大利亞,出口總值(含復出口),124,56960
2018-1,39071000,聚縮醛，初級狀態,中國大陸,進口總值(含復進口),136,29986
2018-1,39071000,聚縮醛，初級狀態,中國大陸,出口總值(含復出口),6593,3930966
2018-1,39071000,聚縮醛，初級狀態,日本,進口總值(含復進口),586,187086
2018-1,39071000,聚縮醛，初級狀態,日本,出口總值(含復出口),459,195400
2018-1,39071000,聚縮醛，初級狀態,比利時,出口總值(含復出口),29,18000
2018-1,39071000,聚縮醛，初級狀態,加拿大,出口總值(含復出口),22,13500
2018-1,39071000,聚縮醛，初級狀態,伊朗,出口總值(含復出口),828,500000
2018-1,39071000,聚縮醛，初級狀態,印尼,出口總值(含復出口),222,93000
2018-1,39071000,聚縮醛，初級狀態,印度,出口總值(含復出口),2,1000
2018-1,39071000,聚縮醛，初級狀態,阿拉伯聯合大公國,出口總值(含復出口),29,18000
2018-1,39071000,聚縮醛，初級狀態,俄羅斯,出口總值(含復出口),32,20000
2018-1,39071000,聚縮醛，初級狀態,南韓,進口總值(含復進口),173,89875
2018-1,39071000,聚縮醛，初級狀態,南韓,出口總值(含復出口),3,1000
2018-1,39071000,聚縮醛，初級狀態,美國,進口總值(含復進口),176,50044
2018-1,39071000,聚縮醛，初級狀態,美國,出口總值(含復出口),29,18000
2018-1,39071000,聚縮醛，初級狀態,香港,出口總值(含復出口),1174,500094
2018-1,39071000,聚縮醛，初級狀態,哥倫比亞,出口總值(含復出口),33,20000
2018-1,39071000,聚縮醛，初級狀態,泰國,進口總值(含復進口),645,403800
2018-1,39071000,聚縮醛，初級狀態,泰國,出口總值(含復出口),5,2000
2018-1,39071000,聚縮醛，初級狀態,馬來西亞,進口總值(含復進口),111,76640
2018-1,39071000,聚縮醛，初級狀態,馬來西亞,出口總值(含復出口),29,12000
2018-1,39071000,聚縮醛，初級狀態,馬爾他,出口總值(含復出口),171,108000
2018-1,39071000,聚縮醛，初級狀態,荷蘭,進口總值(含復進口),286,81300
2018-1,39071000,聚縮醛，初級狀態,荷蘭,出口總值(含復出口),86,43000
2018-1,39071000,聚縮醛，初級狀態,菲律賓,出口總值(含復出口),291,130875
2018-1,39071000,聚縮醛，初級狀態,越南,出口總值(含復出口),115,52250
2018-1,39071000,聚縮醛，初級狀態,義大利,出口總值(含復出口),91,57000
2018-1,39071000,聚縮醛，初級狀態,德國,進口總值(含復進口),125,22265
2018-1,39071000,聚縮醛，初級狀態,德國,出口總值(含復出口),29,18000
2018-1,39071000,聚縮醛，初級狀態,墨西哥,出口總值(含復出口),51,18100
2018-2,39069010,其他丙烯酸聚合物粒，初級狀態,土耳其,出口總值(含復出口),3114,2559000
2018-2,39069010,其他丙烯酸聚合物粒，初級狀態,中國大陸,進口總值(含復進口),603,200180
2018-2,39069010,其他丙烯酸聚合物粒，初級狀態,中國大陸,出口總值(含復出口),12484,4866126
2018-2,39069010,其他丙烯酸聚合物粒，初級狀態,中華民國,進口總值(含復進口),22,14000
2018-2,39069010,其他丙烯酸聚合物粒，初級狀態,巴西,出口總值(含復出口),200,160000
2018-2,39069010,其他丙烯酸聚合物粒，初級狀態,巴基斯坦,出口總值(含復出口),477,330800
2018-2,39069010,其他丙烯酸聚合物粒，初級狀態,日本,進口總值(含復進口),901,361563
2018-2,39069010,其他丙烯酸聚合物粒，初級狀態,日本,出口總值(含復出口),138,74125
2018-2,39069010,其他丙烯酸聚合物粒，初級狀態,比利時,進口總值(含復進口),2,20
2018-2,39069010,其他丙烯酸聚合物粒，初級狀態,比利時,出口總值(含復出口),3,1000
2018-2,39069010,其他丙烯酸聚合物粒，初級狀態,以色列,進口總值(含復進口),45,5000
2018-2,39069010,其他丙烯酸聚合物粒，初級狀態,以色列,出口總值(含復出口),79,64000
2018-2,39069010,其他丙烯酸聚合物粒，初級狀態,加拿大,出口總值(含復出口),103,41200
2018-2,39069010,其他丙烯酸聚合物粒，初級狀態,立陶宛,出口總值(含復出口),102,36000
2018-2,39069010,其他丙烯酸聚合物粒，初級狀態,印尼,出口總值(含復出口),189,81700
2018-2,39069010,其他丙烯酸聚合物粒，初級狀態,印度,進口總值(含復進口),1,400
2018-2,39069010,其他丙烯酸聚合物粒，初級狀態,印度,出口總值(含復出口),138,61100
2018-2,39069010,其他丙烯酸聚合物粒，初級狀態,西班牙,出口總值(含復出口),17,7000
2018-2,39069010,其他丙烯酸聚合物粒，初級狀態,沙烏地阿拉伯,出口總值(含復出口),336,173200
2018-2,39069010,其他丙烯酸聚合物粒，初級狀態,孟加拉,出口總值(含復出口),203,110020
2018-2,39069010,其他丙烯酸聚合物粒，初級狀態,法國,進口總值(含復進口),47,6700
2018-2,39069010,其他丙烯酸聚合物粒，初級狀態,肯亞,出口總值(含復出口),108,57600
2018-2,39069010,其他丙烯酸聚合物粒，初級狀態,阿拉伯聯合大公國,出口總值(含復出口),354,225840
2018-2,39069010,其他丙烯酸聚合物粒，初級狀態,俄羅斯,出口總值(含復出口),14,5000
2018-2,39069010,其他丙烯酸聚合物粒，初級狀態,南非,出口總值(含復出口),261,190000
2018-2,39069010,其他丙烯酸聚合物粒，初級狀態,南韓,進口總值(含復進口),857,466160
2018-2,39069010,其他丙烯酸聚合物粒，初級狀態,南韓,出口總值(含復出口),255,149300
2018-2,39069010,其他丙烯酸聚合物粒，初級狀態,約旦,出口總值(含復出口),54,28000
2018-2,39069010,其他丙烯酸聚合物粒，初級狀態,美國,進口總值(含復進口),393,26695
2018-2,39069010,其他丙烯酸聚合物粒，初級狀態,美國,出口總值(含復出口),476,211600
2018-2,39069010,其他丙烯酸聚合物粒，初級狀態,英國,出口總值(含復出口),125,45000
2018-2,39069010,其他丙烯酸聚合物粒，初級狀態,香港,出口總值(含復出口),1321,473400
2018-2,39069010,其他丙烯酸聚合物粒，初級狀態,哥倫比亞,出口總值(含復出口),257,201600
2018-2,39069010,其他丙烯酸聚合物粒，初級狀態,埃及,出口總值(含復出口),854,710400
2018-2,39069010,其他丙烯酸聚合物粒，初級狀態,泰國,出口總值(含復出口),230,97040
2018-2,39069010,其他丙烯酸聚合物粒，初級狀態,紐西蘭,出口總值(含復出口),50,19400
2018-2,39069010,其他丙烯酸聚合物粒，初級狀態,馬來西亞,出口總值(含復出口),218,99750
2018-2,39069010,其他丙烯酸聚合物粒，初級狀態,荷蘭,出口總值(含復出口),185,72000
2018-2,39069010,其他丙烯酸聚合物粒，初級狀態,智利,出口總值(含復出口),8,3000
2018-2,39069010,其他丙烯酸聚合物粒，初級狀態,菲律賓,出口總值(含復出口),43,18500
2018-2,39069010,其他丙烯酸聚合物粒，初級狀態,越南,出口總值(含復出口),729,351100
2018-2,39069010,其他丙烯酸聚合物粒，初級狀態,新加坡,進口總值(含復進口),104,40200
2018-2,39069010,其他丙烯酸聚合物粒，初級狀態,新加坡,出口總值(含復出口),140,72800
2018-2,39069010,其他丙烯酸聚合物粒，初級狀態,瑞士,進口總值(含復進口),17,64
2018-2,39069010,其他丙烯酸聚合物粒，初級狀態,義大利,進口總值(含復進口),0,2
2018-2,39069010,其他丙烯酸聚合物粒，初級狀態,義大利,出口總值(含復出口),60,34400
2018-2,39069010,其他丙烯酸聚合物粒，初級狀態,德國,進口總值(含復進口),180,54893
2018-2,39069010,其他丙烯酸聚合物粒，初級狀態,德國,出口總值(含復出口),6,2000
2018-2,39069010,其他丙烯酸聚合物粒，初級狀態,黎巴嫩,出口總值(含復出口),8,4200
2018-2,39069010,其他丙烯酸聚合物粒，初級狀態,墨西哥,出口總值(含復出口),988,744800
2018-2,39069010,其他丙烯酸聚合物粒，初級狀態,澳大利亞,出口總值(含復出口),256,108620
2018-2,39071000,聚縮醛，初級狀態,中國大陸,進口總值(含復進口),38,4989
2018-2,39071000,聚縮醛，初級狀態,中國大陸,出口總值(含復出口),4218,2409605
2018-2,39071000,聚縮醛，初級狀態,丹麥,出口總值(含復出口),59,36000
2018-2,39071000,聚縮醛，初級狀態,日本,進口總值(含復進口),477,150942
2018-2,39071000,聚縮醛，初級狀態,日本,出口總值(含復出口),236,89925
2018-2,39071000,聚縮醛，初級狀態,比利時,出口總值(含復出口),203,126000
2018-2,39071000,聚縮醛，初級狀態,加拿大,出口總值(含復出口),31,18000
2018-2,39071000,聚縮醛，初級狀態,伊朗,出口總值(含復出口),883,510000
2018-2,39071000,聚縮醛，初級狀態,印尼,出口總值(含復出口),293,126000
2018-2,39071000,聚縮醛，初級狀態,印度,進口總值(含復進口),2,100
2018-2,39071000,聚縮醛，初級狀態,西班牙,出口總值(含復出口),58,36000
2018-2,39071000,聚縮醛，初級狀態,沙烏地阿拉伯,進口總值(含復進口),91,65000
2018-2,39071000,聚縮醛，初級狀態,孟加拉,出口總值(含復出口),34,20000
2018-2,39071000,聚縮醛，初級狀態,俄羅斯,出口總值(含復出口),66,40000
2018-2,39071000,聚縮醛，初級狀態,南韓,進口總值(含復進口),133,89950
2018-2,39071000,聚縮醛，初級狀態,美國,進口總值(含復進口),332,138391
2018-2,39071000,聚縮醛，初級狀態,美國,出口總值(含復出口),23,8000
2018-2,39071000,聚縮醛，初級狀態,英國,出口總值(含復出口),29,18000
2018-2,39071000,聚縮醛，初級狀態,香港,出口總值(含復出口),642,273925
2018-2,39071000,聚縮醛，初級狀態,埃及,出口總值(含復出口),64,40000
2018-2,39071000,聚縮醛，初級狀態,泰國,進口總值(含復進口),481,320000
2018-2,39071000,聚縮醛，初級狀態,泰國,出口總值(含復出口),17,5800
2018-2,39071000,聚縮醛，初級狀態,馬來西亞,進口總值(含復進口),82,34025
2018-2,39071000,聚縮醛，初級狀態,馬來西亞,出口總值(含復出口),33,19000
2018-2,39071000,聚縮醛，初級狀態,馬爾他,出口總值(含復出口),88,54000
2018-2,39071000,聚縮醛，初級狀態,敘利亞,出口總值(含復出口),20,20000
2018-2,39071000,聚縮醛，初級狀態,荷蘭,進口總值(含復進口),281,74000
2018-2,39071000,聚縮醛，初級狀態,荷蘭,出口總值(含復出口),232,144000
2018-2,39071000,聚縮醛，初級狀態,菲律賓,出口總值(含復出口),137,58000
2018-2,39071000,聚縮醛，初級狀態,越南,出口總值(含復出口),157,92405
2018-2,39071000,聚縮醛，初級狀態,新加坡,進口總值(含復進口),7,902
2018-2,39071000,聚縮醛，初級狀態,義大利,出口總值(含復出口),59,36000
2018-2,39071000,聚縮醛，初級狀態,德國,進口總值(含復進口),66,36131
2018-2,39071000,聚縮醛，初級狀態,德國,出口總值(含復出口),281,147164
2018-2,39071000,聚縮醛，初級狀態,墨西哥,出口總值(含復出口),90,32000
2018-3,39069010,其他丙烯酸聚合物粒，初級狀態,土耳其,進口總值(含復進口),17,9000
2018-3,39069010,其他丙烯酸聚合物粒，初級狀態,土耳其,出口總值(含復出口),7221,5720000
2018-3,39069010,其他丙烯酸聚合物粒，初級狀態,中國大陸,進口總值(含復進口),1258,483561
2018-3,39069010,其他丙烯酸聚合物粒，初級狀態,中國大陸,出口總值(含復出口),14341,6296777
2018-3,39069010,其他丙烯酸聚合物粒，初級狀態,丹麥,進口總值(含復進口),0,25
2018-3,39069010,其他丙烯酸聚合物粒，初級狀態,巴西,出口總值(含復出口),206,162000
2018-3,39069010,其他丙烯酸聚合物粒，初級狀態,巴林,出口總值(含復出口),28,16000
2018-3,39069010,其他丙烯酸聚合物粒，初級狀態,巴基斯坦,出口總值(含復出口),330,230400
2018-3,39069010,其他丙烯酸聚合物粒，初級狀態,日本,進口總值(含復進口),1486,537838
2018-3,39069010,其他丙烯酸聚合物粒，初級狀態,日本,出口總值(含復出口),159,101425
2018-3,39069010,其他丙烯酸聚合物粒，初級狀態,比利時,進口總值(含復進口),37,11031
2018-3,39069010,其他丙烯酸聚合物粒，初級狀態,比利時,出口總值(含復出口),3,1000
2018-3,39069010,其他丙烯酸聚合物粒，初級狀態,以色列,進口總值(含復進口),183,20000
2018-3,39069010,其他丙烯酸聚合物粒，初級狀態,以色列,出口總值(含復出口),310,236000
2018-3,39069010,其他丙烯酸聚合物粒，初級狀態,加拿大,出口總值(含復出口),54,20800
2018-3,39069010,其他丙烯酸聚合物粒，初級狀態,立陶宛,出口總值(含復出口),153,54000
2018-3,39069010,其他丙烯酸聚合物粒，初級狀態,伊朗,出口總值(含復出口),572,374400
2018-3,39069010,其他丙烯酸聚合物粒，初級狀態,印尼,出口總值(含復出口),175,74022
2018-3,39069010,其他丙烯酸聚合物粒，初級狀態,印度,進口總值(含復進口),2,750
2018-3,39069010,其他丙烯酸聚合物粒，初級狀態,印度,出口總值(含復出口),366,155628
2018-3,39069010,其他丙烯酸聚合物粒，初級狀態,沙烏地阿拉伯,出口總值(含復出口),572,312880
2018-3,39069010,其他丙烯酸聚合物粒，初級狀態,孟加拉,出口總值(含復出口),79,84000
2018-3,39069010,其他丙烯酸聚合物粒，初級狀態,法國,進口總值(含復進口),49,15000
2018-3,39069010,其他丙烯酸聚合物粒，初級狀態,阿拉伯聯合大公國,出口總值(含復出口),163,78000
2018-3,39069010,其他丙烯酸聚合物粒，初級狀態,俄羅斯,出口總值(含復出口),182,63000
2018-3,39069010,其他丙烯酸聚合物粒，初級狀態,南非,出口總值(含復出口),321,213600
2018-3,39069010,其他丙烯酸聚合物粒，初級狀態,南韓,進口總值(含復進口),934,524910
2018-3,39069010,其他丙烯酸聚合物粒，初級狀態,南韓,出口總值(含復出口),355,205950
2018-3,39069010,其他丙烯酸聚合物粒，初級狀態,柬埔寨,出口總值(含復出口),122,90000
2018-3,39069010,其他丙烯酸聚合物粒，初級狀態,科威特,出口總值(含復出口),81,48000
2018-3,39069010,其他丙烯酸聚合物粒，初級狀態,美國,進口總值(含復進口),785,94766
2018-3,39069010,其他丙烯酸聚合物粒，初級狀態,美國,出口總值(含復出口),963,363840
2018-3,39069010,其他丙烯酸聚合物粒，初級狀態,英國,進口總值(含復進口),85,36000
2018-3,39069010,其他丙烯酸聚合物粒，初級狀態,英國,出口總值(含復出口),77,27500
2018-3,39069010,其他丙烯酸聚合物粒，初級狀態,香港,出口總值(含復出口),1463,640525
2018-3,39069010,其他丙烯酸聚合物粒，初級狀態,哥倫比亞,出口總值(含復出口),118,73800
2018-3,39069010,其他丙烯酸聚合物粒，初級狀態,埃及,出口總值(含復出口),207,104000
2018-3,39069010,其他丙烯酸聚合物粒，初級狀態,泰國,進口總值(含復進口),6,2000
2018-3,39069010,其他丙烯酸聚合物粒，初級狀態,泰國,出口總值(含復出口),559,235025
2018-3,39069010,其他丙烯酸聚合物粒，初級狀態,紐西蘭,出口總值(含復出口),16,6400
2018-3,39069010,其他丙烯酸聚合物粒，初級狀態,馬來西亞,進口總值(含復進口),43,12000
2018-3,39069010,其他丙烯酸聚合物粒，初級狀態,馬來西亞,出口總值(含復出口),437,288150
2018-3,39069010,其他丙烯酸聚合物粒，初級狀態,荷蘭,進口總值(含復進口),220,50625
2018-3,39069010,其他丙烯酸聚合物粒，初級狀態,荷蘭,出口總值(含復出口),194,74000
2018-3,39069010,其他丙烯酸聚合物粒，初級狀態,斯洛維尼亞,出口總值(含復出口),6,2000
2018-3,39069010,其他丙烯酸聚合物粒，初級狀態,菲律賓,出口總值(含復出口),42,17204
2018-3,39069010,其他丙烯酸聚合物粒，初級狀態,越南,出口總值(含復出口),896,439032
2018-3,39069010,其他丙烯酸聚合物粒，初級狀態,愛爾蘭,出口總值(含復出口),134,54000
2018-3,39069010,其他丙烯酸聚合物粒，初級狀態,新加坡,進口總值(含復進口),410,109200
2018-3,39069010,其他丙烯酸聚合物粒，初級狀態,新加坡,出口總值(含復出口),249,133600
2018-3,39069010,其他丙烯酸聚合物粒，初級狀態,瑞士,進口總值(含復進口),7,16
2018-3,39069010,其他丙烯酸聚合物粒，初級狀態,瑞典,進口總值(含復進口),3,50
2018-3,39069010,其他丙烯酸聚合物粒，初級狀態,義大利,進口總值(含復進口),15,800
2018-3,39069010,其他丙烯酸聚合物粒，初級狀態,義大利,出口總值(含復出口),194,96941
2018-3,39069010,其他丙烯酸聚合物粒，初級狀態,德國,進口總值(含復進口),149,14400
2018-3,39069010,其他丙烯酸聚合物粒，初級狀態,德國,出口總值(含復出口),30,11000
2018-3,39069010,其他丙烯酸聚合物粒，初級狀態,摩洛哥,出口總值(含復出口),18,15000
2018-3,39069010,其他丙烯酸聚合物粒，初級狀態,黎巴嫩,出口總值(含復出口),76,64000
2018-3,39069010,其他丙烯酸聚合物粒，初級狀態,墨西哥,出口總值(含復出口),1599,1293600
2018-3,39069010,其他丙烯酸聚合物粒，初級狀態,澳大利亞,出口總值(含復出口),62,25760
2018-3,39071000,聚縮醛，初級狀態,中國大陸,進口總值(含復進口),82,17000
2018-3,39071000,聚縮醛，初級狀態,中國大陸,出口總值(含復出口),7519,4423087
2018-3,39071000,聚縮醛，初級狀態,巴西,出口總值(含復出口),132,78000
2018-3,39071000,聚縮醛，初級狀態,日本,進口總值(含復進口),507,158435
2018-3,39071000,聚縮醛，初級狀態,日本,出口總值(含復出口),865,368075
2018-3,39071000,聚縮醛，初級狀態,比利時,出口總值(含復出口),179,108000
2018-3,39071000,聚縮醛，初級狀態,伊朗,出口總值(含復出口),641,360000
2018-3,39071000,聚縮醛，初級狀態,印尼,出口總值(含復出口),46,26000
2018-3,39071000,聚縮醛，初級狀態,印度,出口總值(含復出口),11,8000
2018-3,39071000,聚縮醛，初級狀態,西班牙,出口總值(含復出口),59,36000
2018-3,39071000,聚縮醛，初級狀態,沙烏地阿拉伯,進口總值(含復進口),134,85000
2018-3,39071000,聚縮醛，初級狀態,孟加拉,出口總值(含復出口),31,18000
2018-3,39071000,聚縮醛，初級狀態,俄羅斯,出口總值(含復出口),66,40000
2018-3,39071000,聚縮醛，初級狀態,南韓,進口總值(含復進口),261,287930
2018-3,39071000,聚縮醛，初級狀態,南韓,出口總值(含復出口),3,1000
2018-3,39071000,聚縮醛，初級狀態,美國,進口總值(含復進口),342,100000
2018-3,39071000,聚縮醛，初級狀態,美國,出口總值(含復出口),19,6000
2018-3,39071000,聚縮醛，初級狀態,香港,出口總值(含復出口),1623,691750
2018-3,39071000,聚縮醛，初級狀態,泰國,進口總值(含復進口),524,340000
2018-3,39071000,聚縮醛，初級狀態,泰國,出口總值(含復出口),5,2100
2018-3,39071000,聚縮醛，初級狀態,紐西蘭,出口總值(含復出口),28,16950
2018-3,39071000,聚縮醛，初級狀態,馬來西亞,進口總值(含復進口),34,14125
2018-3,39071000,聚縮醛，初級狀態,馬來西亞,出口總值(含復出口),25,13000
2018-3,39071000,聚縮醛，初級狀態,馬爾他,出口總值(含復出口),179,108000
2018-3,39071000,聚縮醛，初級狀態,捷克,出口總值(含復出口),37,21000
2018-3,39071000,聚縮醛，初級狀態,荷蘭,進口總值(含復進口),266,61175
2018-3,39071000,聚縮醛，初級狀態,荷蘭,出口總值(含復出口),59,36000
2018-3,39071000,聚縮醛，初級狀態,斯洛維尼亞,出口總值(含復出口),30,18000
2018-3,39071000,聚縮醛，初級狀態,菲律賓,出口總值(含復出口),121,50850
2018-3,39071000,聚縮醛，初級狀態,越南,出口總值(含復出口),452,254561
2018-3,39071000,聚縮醛，初級狀態,新加坡,進口總值(含復進口),32,7047
2018-3,39071000,聚縮醛，初級狀態,義大利,出口總值(含復出口),286,174000
2018-3,39071000,聚縮醛，初級狀態,德國,進口總值(含復進口),137,31616
2018-3,39071000,聚縮醛，初級狀態,德國,出口總值(含復出口),435,261550
2018-3,39071000,聚縮醛，初級狀態,墨西哥,出口總值(含復出口),50,18000
2018-3,39071000,聚縮醛，初級狀態,澳大利亞,出口總值(含復出口),30,18000
2018-4,39069010,其他丙烯酸聚合物粒，初級狀態,土耳其,出口總值(含復出口),5877,4712000
2018-4,39069010,其他丙烯酸聚合物粒，初級狀態,中國大陸,進口總值(含復進口),1198,374590
2018-4,39069010,其他丙烯酸聚合物粒，初級狀態,中國大陸,出口總值(含復出口),15175,6041411
2018-4,39069010,其他丙烯酸聚合物粒，初級狀態,巴西,出口總值(含復出口),7,5600
2018-4,39069010,其他丙烯酸聚合物粒，初級狀態,巴基斯坦,出口總值(含復出口),486,318920
2018-4,39069010,其他丙烯酸聚合物粒，初級狀態,日本,進口總值(含復進口),1657,618201
2018-4,39069010,其他丙烯酸聚合物粒，初級狀態,日本,出口總值(含復出口),314,119505
2018-4,39069010,其他丙烯酸聚合物粒，初級狀態,比利時,進口總值(含復進口),180,60000
2018-4,39069010,其他丙烯酸聚合物粒，初級狀態,比利時,出口總值(含復出口),26,9000
2018-4,39069010,其他丙烯酸聚合物粒，初級狀態,以色列,進口總值(含復進口),275,30000
2018-4,39069010,其他丙烯酸聚合物粒，初級狀態,以色列,出口總值(含復出口),118,86000
2018-4,39069010,其他丙烯酸聚合物粒，初級狀態,加拿大,出口總值(含復出口),91,34800
2018-4,39069010,其他丙烯酸聚合物粒，初級狀態,立陶宛,出口總值(含復出口),50,18000
2018-4,39069010,其他丙烯酸聚合物粒，初級狀態,伊朗,出口總值(含復出口),8,3000
2018-4,39069010,其他丙烯酸聚合物粒，初級狀態,印尼,出口總值(含復出口),165,80185
2018-4,39069010,其他丙烯酸聚合物粒，初級狀態,印度,出口總值(含復出口),238,124240
2018-4,39069010,其他丙烯酸聚合物粒，初級狀態,沙烏地阿拉伯,出口總值(含復出口),550,262660
2018-4,39069010,其他丙烯酸聚合物粒，初級狀態,奈及利亞,出口總值(含復出口),6,4000
2018-4,39069010,其他丙烯酸聚合物粒，初級狀態,孟加拉,出口總值(含復出口),377,205700
2018-4,39069010,其他丙烯酸聚合物粒，初級狀態,法國,進口總值(含復進口),24,6625
2018-4,39069010,其他丙烯酸聚合物粒，初級狀態,肯亞,出口總值(含復出口),23,1000
2018-4,39069010,其他丙烯酸聚合物粒，初級狀態,阿拉伯聯合大公國,出口總值(含復出口),149,77000
2018-4,39069010,其他丙烯酸聚合物粒，初級狀態,阿根廷,出口總值(含復出口),31,12000
2018-4,39069010,其他丙烯酸聚合物粒，初級狀態,阿曼,出口總值(含復出口),56,32000
2018-4,39069010,其他丙烯酸聚合物粒，初級狀態,俄羅斯,出口總值(含復出口),36,13000
2018-4,39069010,其他丙烯酸聚合物粒，初級狀態,南非,出口總值(含復出口),513,393200
2018-4,39069010,其他丙烯酸聚合物粒，初級狀態,南韓,進口總值(含復進口),711,323140
2018-4,39069010,其他丙烯酸聚合物粒，初級狀態,南韓,出口總值(含復出口),574,471380
2018-4,39069010,其他丙烯酸聚合物粒，初級狀態,科威特,出口總值(含復出口),81,48000
2018-4,39069010,其他丙烯酸聚合物粒，初級狀態,約旦,出口總值(含復出口),181,96000
2018-4,39069010,其他丙烯酸聚合物粒，初級狀態,美國,進口總值(含復進口),481,63359
2018-4,39069010,其他丙烯酸聚合物粒，初級狀態,美國,出口總值(含復出口),443,170470
2018-4,39069010,其他丙烯酸聚合物粒，初級狀態,英國,進口總值(含復進口),56,22000
2018-4,39069010,其他丙烯酸聚合物粒，初級狀態,英國,出口總值(含復出口),69,25000
2018-4,39069010,其他丙烯酸聚合物粒，初級狀態,香港,出口總值(含復出口),1309,474325
2018-4,39069010,其他丙烯酸聚合物粒，初級狀態,哥倫比亞,出口總值(含復出口),22,10400
2018-4,39069010,其他丙烯酸聚合物粒，初級狀態,埃及,出口總值(含復出口),523,397800
2018-4,39069010,其他丙烯酸聚合物粒，初級狀態,泰國,出口總值(含復出口),448,185510
2018-4,39069010,其他丙烯酸聚合物粒，初級狀態,紐西蘭,出口總值(含復出口),53,19500
2018-4,39069010,其他丙烯酸聚合物粒，初級狀態,馬來西亞,進口總值(含復進口),96,10500
2018-4,39069010,其他丙烯酸聚合物粒，初級狀態,馬來西亞,出口總值(含復出口),302,135982
2018-4,39069010,其他丙烯酸聚合物粒，初級狀態,敘利亞,出口總值(含復出口),13,5000
2018-4,39069010,其他丙烯酸聚合物粒，初級狀態,荷蘭,進口總值(含復進口),54,20000
2018-4,39069010,其他丙烯酸聚合物粒，初級狀態,荷蘭,出口總值(含復出口),169,63000
2018-4,39069010,其他丙烯酸聚合物粒，初級狀態,菲律賓,出口總值(含復出口),61,28100
2018-4,39069010,其他丙烯酸聚合物粒，初級狀態,越南,出口總值(含復出口),960,543916
2018-4,39069010,其他丙烯酸聚合物粒，初級狀態,新加坡,進口總值(含復進口),254,86600
2018-4,39069010,其他丙烯酸聚合物粒，初級狀態,新加坡,出口總值(含復出口),182,90000
2018-4,39069010,其他丙烯酸聚合物粒，初級狀態,瑞士,進口總值(含復進口),10,69
2018-4,39069010,其他丙烯酸聚合物粒，初級狀態,義大利,進口總值(含復進口),4,100
2018-4,39069010,其他丙烯酸聚合物粒，初級狀態,義大利,出口總值(含復出口),65,37400
2018-4,39069010,其他丙烯酸聚合物粒，初級狀態,德國,進口總值(含復進口),138,12520
2018-4,39069010,其他丙烯酸聚合物粒，初級狀態,德國,出口總值(含復出口),13,6000
2018-4,39069010,其他丙烯酸聚合物粒，初級狀態,模里西斯,出口總值(含復出口),2,800
2018-4,39069010,其他丙烯酸聚合物粒，初級狀態,墨西哥,出口總值(含復出口),1416,1063200
2018-4,39069010,其他丙烯酸聚合物粒，初級狀態,澳大利亞,出口總值(含復出口),123,51120
2018-4,39071000,聚縮醛，初級狀態,中國大陸,進口總值(含復進口),175,41789
2018-4,39071000,聚縮醛，初級狀態,中國大陸,出口總值(含復出口),6836,3839325
2018-4,39071000,聚縮醛，初級狀態,厄瓜多,出口總值(含復出口),22,12000
2018-4,39071000,聚縮醛，初級狀態,巴西,出口總值(含復出口),104,60000
2018-4,39071000,聚縮醛，初級狀態,日本,進口總值(含復進口),810,233021
2018-4,39071000,聚縮醛，初級狀態,日本,出口總值(含復出口),458,181000
2018-4,39071000,聚縮醛，初級狀態,比利時,出口總值(含復出口),122,72000
2018-4,39071000,聚縮醛，初級狀態,伊朗,出口總值(含復出口),213,120000
2018-4,39071000,聚縮醛，初級狀態,印尼,出口總值(含復出口),33,18800
2018-4,39071000,聚縮醛，初級狀態,西班牙,出口總值(含復出口),31,18000
2018-4,39071000,聚縮醛，初級狀態,孟加拉,出口總值(含復出口),10,5625
2018-4,39071000,聚縮醛，初級狀態,俄羅斯,出口總值(含復出口),102,60025
2018-4,39071000,聚縮醛，初級狀態,南非,出口總值(含復出口),36,20000
2018-4,39071000,聚縮醛，初級狀態,南韓,進口總值(含復進口),229,336693
2018-4,39071000,聚縮醛，初級狀態,南韓,出口總值(含復出口),2,1000
2018-4,39071000,聚縮醛，初級狀態,美國,進口總值(含復進口),456,100545
2018-4,39071000,聚縮醛，初級狀態,美國,出口總值(含復出口),63,36000
2018-4,39071000,聚縮醛，初級狀態,英國,進口總值(含復進口),1,500
2018-4,39071000,聚縮醛，初級狀態,英國,出口總值(含復出口),38,18408
2018-4,39071000,聚縮醛，初級狀態,香港,出口總值(含復出口),1268,542025
2018-4,39071000,聚縮醛，初級狀態,埃及,出口總值(含復出口),34,20000
2018-4,39071000,聚縮醛，初級狀態,泰國,進口總值(含復進口),593,386000
2018-4,39071000,聚縮醛，初級狀態,馬來西亞,進口總值(含復進口),104,34175
2018-4,39071000,聚縮醛，初級狀態,馬來西亞,出口總值(含復出口),74,41000
2018-4,39071000,聚縮醛，初級狀態,捷克,出口總值(含復出口),69,39000
2018-4,39071000,聚縮醛，初級狀態,荷蘭,進口總值(含復進口),512,112000
2018-4,39071000,聚縮醛，初級狀態,荷蘭,出口總值(含復出口),123,72000
2018-4,39071000,聚縮醛，初級狀態,菲律賓,出口總值(含復出口),2,950
2018-4,39071000,聚縮醛，初級狀態,越南,出口總值(含復出口),495,276800
2018-4,39071000,聚縮醛，初級狀態,新加坡,進口總值(含復進口),5,250
2018-4,39071000,聚縮醛，初級狀態,義大利,出口總值(含復出口),61,36000
2018-4,39071000,聚縮醛，初級狀態,葡萄牙,出口總值(含復出口),31,18000
2018-4,39071000,聚縮醛，初級狀態,德國,進口總值(含復進口),58,12907
2018-4,39071000,聚縮醛，初級狀態,德國,出口總值(含復出口),61,36000
2018-5,39069010,其他丙烯酸聚合物粒，初級狀態,土耳其,進口總值(含復進口),18,9900
2018-5,39069010,其他丙烯酸聚合物粒，初級狀態,土耳其,出口總值(含復出口),4586,3699800
2018-5,39069010,其他丙烯酸聚合物粒，初級狀態,中國大陸,進口總值(含復進口),948,328210
2018-5,39069010,其他丙烯酸聚合物粒，初級狀態,中國大陸,出口總值(含復出口),18847,7271808
2018-5,39069010,其他丙烯酸聚合物粒，初級狀態,丹麥,進口總值(含復進口),1,50
2018-5,39069010,其他丙烯酸聚合物粒，初級狀態,巴西,出口總值(含復出口),170,127140
2018-5,39069010,其他丙烯酸聚合物粒，初級狀態,巴基斯坦,出口總值(含復出口),245,155100
2018-5,39069010,其他丙烯酸聚合物粒，初級狀態,日本,進口總值(含復進口),911,340324
2018-5,39069010,其他丙烯酸聚合物粒，初級狀態,日本,出口總值(含復出口),59,47566
2018-5,39069010,其他丙烯酸聚合物粒，初級狀態,比利時,進口總值(含復進口),0,11
2018-5,39069010,其他丙烯酸聚合物粒，初級狀態,比利時,出口總值(含復出口),3,1000
2018-5,39069010,其他丙烯酸聚合物粒，初級狀態,以色列,進口總值(含復進口),38,24750
2018-5,39069010,其他丙烯酸聚合物粒，初級狀態,以色列,出口總值(含復出口),109,82400
2018-5,39069010,其他丙烯酸聚合物粒，初級狀態,加拿大,出口總值(含復出口),103,39200
2018-5,39069010,其他丙烯酸聚合物粒，初級狀態,立陶宛,出口總值(含復出口),205,72000
2018-5,39069010,其他丙烯酸聚合物粒，初級狀態,印尼,出口總值(含復出口),128,60600
2018-5,39069010,其他丙烯酸聚合物粒，初級狀態,印度,出口總值(含復出口),216,95200
2018-5,39069010,其他丙烯酸聚合物粒，初級狀態,多明尼加,出口總值(含復出口),21,14400
2018-5,39069010,其他丙烯酸聚合物粒，初級狀態,安哥拉,出口總值(含復出口),265,208000
2018-5,39069010,其他丙烯酸聚合物粒，初級狀態,沙烏地阿拉伯,出口總值(含復出口),883,594800
2018-5,39069010,其他丙烯酸聚合物粒，初級狀態,坦尚尼亞,出口總值(含復出口),59,35200
2018-5,39069010,其他丙烯酸聚合物粒，初級狀態,奈及利亞,出口總值(含復出口),53,38400
2018-5,39069010,其他丙烯酸聚合物粒，初級狀態,孟加拉,出口總值(含復出口),244,99080
2018-5,39069010,其他丙烯酸聚合物粒，初級狀態,波蘭,出口總值(含復出口),37,14000
2018-5,39069010,其他丙烯酸聚合物粒，初級狀態,法國,進口總值(含復進口),26,4000
2018-5,39069010,其他丙烯酸聚合物粒，初級狀態,阿拉伯聯合大公國,出口總值(含復出口),246,124400
2018-5,39069010,其他丙烯酸聚合物粒，初級狀態,阿曼,出口總值(含復出口),58,32000
2018-5,39069010,其他丙烯酸聚合物粒，初級狀態,俄羅斯,進口總值(含復進口),2,100
2018-5,39069010,其他丙烯酸聚合物粒，初級狀態,俄羅斯,出口總值(含復出口),105,34000
2018-5,39069010,其他丙烯酸聚合物粒，初級狀態,南非,出口總值(含復出口),311,198500
2018-5,39069010,其他丙烯酸聚合物粒，初級狀態,南韓,進口總值(含復進口),820,412880
2018-5,39069010,其他丙烯酸聚合物粒，初級狀態,南韓,出口總值(含復出口),317,154000
2018-5,39069010,其他丙烯酸聚合物粒，初級狀態,科威特,出口總值(含復出口),82,48000
2018-5,39069010,其他丙烯酸聚合物粒，初級狀態,突尼西亞,出口總值(含復出口),118,96000
2018-5,39069010,其他丙烯酸聚合物粒，初級狀態,約旦,出口總值(含復出口),62,32000
2018-5,39069010,其他丙烯酸聚合物粒，初級狀態,美國,進口總值(含復進口),447,31743
2018-5,39069010,其他丙烯酸聚合物粒，初級狀態,美國,出口總值(含復出口),1017,568510
2018-5,39069010,其他丙烯酸聚合物粒，初級狀態,英國,出口總值(含復出口),13,4500
2018-5,39069010,其他丙烯酸聚合物粒，初級狀態,迦納,出口總值(含復出口),44,32000
2018-5,39069010,其他丙烯酸聚合物粒，初級狀態,香港,出口總值(含復出口),2038,805744
2018-5,39069010,其他丙烯酸聚合物粒，初級狀態,哥倫比亞,出口總值(含復出口),104,54000
2018-5,39069010,其他丙烯酸聚合物粒，初級狀態,埃及,出口總值(含復出口),32,16000
2018-5,39069010,其他丙烯酸聚合物粒，初級狀態,泰國,進口總值(含復進口),106,48000
2018-5,39069010,其他丙烯酸聚合物粒，初級狀態,泰國,出口總值(含復出口),490,198200
2018-5,39069010,其他丙烯酸聚合物粒，初級狀態,紐西蘭,出口總值(含復出口),75,29375
2018-5,39069010,其他丙烯酸聚合物粒，初級狀態,馬來西亞,進口總值(含復進口),2,500
2018-5,39069010,其他丙烯酸聚合物粒，初級狀態,馬來西亞,出口總值(含復出口),330,140524
2018-5,39069010,其他丙烯酸聚合物粒，初級狀態,荷蘭,進口總值(含復進口),78,24375
2018-5,39069010,其他丙烯酸聚合物粒，初級狀態,荷蘭,出口總值(含復出口),192,73000
2018-5,39069010,其他丙烯酸聚合物粒，初級狀態,菲律賓,出口總值(含復出口),43,17500
2018-5,39069010,其他丙烯酸聚合物粒，初級狀態,越南,出口總值(含復出口),753,376383
2018-5,39069010,其他丙烯酸聚合物粒，初級狀態,愛爾蘭,出口總值(含復出口),130,54000
2018-5,39069010,其他丙烯酸聚合物粒，初級狀態,新加坡,進口總值(含復進口),233,76400
2018-5,39069010,其他丙烯酸聚合物粒，初級狀態,新加坡,出口總值(含復出口),148,73200
2018-5,39069010,其他丙烯酸聚合物粒，初級狀態,瑞士,進口總值(含復進口),16,116
2018-5,39069010,其他丙烯酸聚合物粒，初級狀態,義大利,進口總值(含復進口),32,1600
2018-5,39069010,其他丙烯酸聚合物粒，初級狀態,義大利,出口總值(含復出口),247,133200
2018-5,39069010,其他丙烯酸聚合物粒，初級狀態,德國,進口總值(含復進口),480,155220
2018-5,39069010,其他丙烯酸聚合物粒，初級狀態,德國,出口總值(含復出口),3,1000
2018-5,39069010,其他丙烯酸聚合物粒，初級狀態,黎巴嫩,出口總值(含復出口),66,50400
2018-5,39069010,其他丙烯酸聚合物粒，初級狀態,墨西哥,出口總值(含復出口),2471,1815200
2018-5,39069010,其他丙烯酸聚合物粒，初級狀態,澳大利亞,出口總值(含復出口),207,92230
2018-5,39071000,聚縮醛，初級狀態,土耳其,出口總值(含復出口),34,20000
2018-5,39071000,聚縮醛，初級狀態,中國大陸,進口總值(含復進口),133,34152
2018-5,39071000,聚縮醛，初級狀態,中國大陸,出口總值(含復出口),7506,4120025
2018-5,39071000,聚縮醛，初級狀態,日本,進口總值(含復進口),672,235793
2018-5,39071000,聚縮醛，初級狀態,日本,出口總值(含復出口),736,291000
2018-5,39071000,聚縮醛，初級狀態,比利時,出口總值(含復出口),61,36000
2018-5,39071000,聚縮醛，初級狀態,加拿大,出口總值(含復出口),41,22500
2018-5,39071000,聚縮醛，初級狀態,伊朗,出口總值(含復出口),596,340000
2018-5,39071000,聚縮醛，初級狀態,印尼,出口總值(含復出口),7,2700
2018-5,39071000,聚縮醛，初級狀態,印度,進口總值(含復進口),2,100
2018-5,39071000,聚縮醛，初級狀態,印度,出口總值(含復出口),2,1000
2018-5,39071000,聚縮醛，初級狀態,沙烏地阿拉伯,進口總值(含復進口),65,38000
2018-5,39071000,聚縮醛，初級狀態,孟加拉,出口總值(含復出口),70,40000
2018-5,39071000,聚縮醛，初級狀態,波蘭,進口總值(含復進口),32,32631
2018-5,39071000,聚縮醛，初級狀態,芬蘭,出口總值(含復出口),30,18000
2018-5,39071000,聚縮醛，初級狀態,俄羅斯,出口總值(含復出口),138,78000
2018-5,39071000,聚縮醛，初級狀態,南韓,進口總值(含復進口),229,125000
2018-5,39071000,聚縮醛，初級狀態,南韓,出口總值(含復出口),2,1000
2018-5,39071000,聚縮醛，初級狀態,美國,進口總值(含復進口),307,85737
2018-5,39071000,聚縮醛，初級狀態,美國,出口總值(含復出口),32,18000
2018-5,39071000,聚縮醛，初級狀態,英國,出口總值(含復出口),31,18000
2018-5,39071000,聚縮醛，初級狀態,香港,進口總值(含復進口),0,1501
2018-5,39071000,聚縮醛，初級狀態,香港,出口總值(含復出口),1448,605750
2018-5,39071000,聚縮醛，初級狀態,哥倫比亞,出口總值(含復出口),36,20000
2018-5,39071000,聚縮醛，初級狀態,泰國,進口總值(含復進口),440,272000
2018-5,39071000,聚縮醛，初級狀態,泰國,出口總值(含復出口),21,7100
2018-5,39071000,聚縮醛，初級狀態,紐西蘭,出口總值(含復出口),37,21000
2018-5,39071000,聚縮醛，初級狀態,馬來西亞,進口總值(含復進口),1,350
2018-5,39071000,聚縮醛，初級狀態,馬來西亞,出口總值(含復出口),69,30025
2018-5,39071000,聚縮醛，初級狀態,馬爾他,出口總值(含復出口),369,216000
2018-5,39071000,聚縮醛，初級狀態,荷蘭,進口總值(含復進口),156,55000
2018-5,39071000,聚縮醛，初級狀態,荷蘭,出口總值(含復出口),214,126000
2018-5,39071000,聚縮醛，初級狀態,菲律賓,出口總值(含復出口),166,71000
2018-5,39071000,聚縮醛，初級狀態,越南,出口總值(含復出口),333,184190
2018-5,39071000,聚縮醛，初級狀態,新加坡,進口總值(含復進口),7,968
2018-5,39071000,聚縮醛，初級狀態,義大利,出口總值(含復出口),191,114000
2018-5,39071000,聚縮醛，初級狀態,德國,進口總值(含復進口),135,23000
2018-5,39071000,聚縮醛，初級狀態,德國,出口總值(含復出口),217,126000
2018-5,39071000,聚縮醛，初級狀態,墨西哥,出口總值(含復出口),82,36000
2018-6,39069010,其他丙烯酸聚合物粒，初級狀態,土耳其,出口總值(含復出口),6122,4844800
2018-6,39069010,其他丙烯酸聚合物粒，初級狀態,中國大陸,進口總值(含復進口),1391,523760
2018-6,39069010,其他丙烯酸聚合物粒，初級狀態,中國大陸,出口總值(含復出口),14389,5461684
2018-6,39069010,其他丙烯酸聚合物粒，初級狀態,中華民國,進口總值(含復進口),38,22340
2018-6,39069010,其他丙烯酸聚合物粒，初級狀態,巴西,出口總值(含復出口),155,119600
2018-6,39069010,其他丙烯酸聚合物粒，初級狀態,巴基斯坦,出口總值(含復出口),445,309600
2018-6,39069010,其他丙烯酸聚合物粒，初級狀態,日本,進口總值(含復進口),1292,412281
2018-6,39069010,其他丙烯酸聚合物粒，初級狀態,日本,出口總值(含復出口),62,52686
2018-6,39069010,其他丙烯酸聚合物粒，初級狀態,比利時,進口總值(含復進口),203,60760
2018-6,39069010,其他丙烯酸聚合物粒，初級狀態,以色列,進口總值(含復進口),240,26000
2018-6,39069010,其他丙烯酸聚合物粒，初級狀態,以色列,出口總值(含復出口),223,159000
2018-6,39069010,其他丙烯酸聚合物粒，初級狀態,立陶宛,出口總值(含復出口),53,18000
2018-6,39069010,其他丙烯酸聚合物粒，初級狀態,伊朗,出口總值(含復出口),527,371000
2018-6,39069010,其他丙烯酸聚合物粒，初級狀態,印尼,出口總值(含復出口),207,92205
2018-6,39069010,其他丙烯酸聚合物粒，初級狀態,印度,出口總值(含復出口),364,151220
2018-6,39069010,其他丙烯酸聚合物粒，初級狀態,西班牙,出口總值(含復出口),25,10000
2018-6,39069010,其他丙烯酸聚合物粒，初級狀態,沙烏地阿拉伯,出口總值(含復出口),770,567200
2018-6,39069010,其他丙烯酸聚合物粒，初級狀態,坦尚尼亞,出口總值(含復出口),66,48000
2018-6,39069010,其他丙烯酸聚合物粒，初級狀態,孟加拉,出口總值(含復出口),210,130400
2018-6,39069010,其他丙烯酸聚合物粒，初級狀態,波蘭,出口總值(含復出口),11,4000
2018-6,39069010,其他丙烯酸聚合物粒，初級狀態,法國,進口總值(含復進口),49,15000
2018-6,39069010,其他丙烯酸聚合物粒，初級狀態,肯亞,出口總值(含復出口),80,3000
2018-6,39069010,其他丙烯酸聚合物粒，初級狀態,阿拉伯聯合大公國,出口總值(含復出口),403,248200
2018-6,39069010,其他丙烯酸聚合物粒，初級狀態,俄羅斯,出口總值(含復出口),17,6000
2018-6,39069010,其他丙烯酸聚合物粒，初級狀態,南非,出口總值(含復出口),267,182600
2018-6,39069010,其他丙烯酸聚合物粒，初級狀態,南韓,進口總值(含復進口),519,247034
2018-6,39069010,其他丙烯酸聚合物粒，初級狀態,南韓,出口總值(含復出口),138,84830
2018-6,39069010,其他丙烯酸聚合物粒，初級狀態,柬埔寨,出口總值(含復出口),95,67500
2018-6,39069010,其他丙烯酸聚合物粒，初級狀態,突尼西亞,出口總值(含復出口),114,96000
2018-6,39069010,其他丙烯酸聚合物粒，初級狀態,美國,進口總值(含復進口),684,90846
2018-6,39069010,其他丙烯酸聚合物粒，初級狀態,美國,出口總值(含復出口),447,155530
2018-6,39069010,其他丙烯酸聚合物粒，初級狀態,英國,進口總值(含復進口),36,18000
2018-6,39069010,其他丙烯酸聚合物粒，初級狀態,英國,出口總值(含復出口),77,26250
2018-6,39069010,其他丙烯酸聚合物粒，初級狀態,迦納,出口總值(含復出口),21,16000
2018-6,39069010,其他丙烯酸聚合物粒，初級狀態,香港,出口總值(含復出口),3802,1416948
2018-6,39069010,其他丙烯酸聚合物粒，初級狀態,哥倫比亞,出口總值(含復出口),370,254600
2018-6,39069010,其他丙烯酸聚合物粒，初級狀態,埃及,出口總值(含復出口),88,40000
2018-6,39069010,其他丙烯酸聚合物粒，初級狀態,泰國,進口總值(含復進口),53,24000
2018-6,39069010,其他丙烯酸聚合物粒，初級狀態,泰國,出口總值(含復出口),412,157360
2018-6,39069010,其他丙烯酸聚合物粒，初級狀態,紐西蘭,出口總值(含復出口),55,20000
2018-6,39069010,其他丙烯酸聚合物粒，初級狀態,馬來西亞,出口總值(含復出口),270,121915
2018-6,39069010,其他丙烯酸聚合物粒，初級狀態,荷蘭,進口總值(含復進口),55,20000
2018-6,39069010,其他丙烯酸聚合物粒，初級狀態,荷蘭,出口總值(含復出口),93,33000
2018-6,39069010,其他丙烯酸聚合物粒，初級狀態,斯洛維尼亞,出口總值(含復出口),3,1000
2018-6,39069010,其他丙烯酸聚合物粒，初級狀態,越南,出口總值(含復出口),1286,746398
2018-6,39069010,其他丙烯酸聚合物粒，初級狀態,新加坡,進口總值(含復進口),374,120800
2018-6,39069010,其他丙烯酸聚合物粒，初級狀態,新加坡,出口總值(含復出口),185,92000
2018-6,39069010,其他丙烯酸聚合物粒，初級狀態,瑞士,進口總值(含復進口),6,56
2018-6,39069010,其他丙烯酸聚合物粒，初級狀態,瑞典,進口總值(含復進口),3,50
2018-6,39069010,其他丙烯酸聚合物粒，初級狀態,瑞典,出口總值(含復出口),16,5625
2018-6,39069010,其他丙烯酸聚合物粒，初級狀態,義大利,進口總值(含復進口),1,7
2018-6,39069010,其他丙烯酸聚合物粒，初級狀態,義大利,出口總值(含復出口),8,3000
2018-6,39069010,其他丙烯酸聚合物粒，初級狀態,德國,進口總值(含復進口),93,20640
2018-6,39069010,其他丙烯酸聚合物粒，初級狀態,模里西斯,出口總值(含復出口),3,1000
2018-6,39069010,其他丙烯酸聚合物粒，初級狀態,黎巴嫩,出口總值(含復出口),8,4000
2018-6,39069010,其他丙烯酸聚合物粒，初級狀態,墨西哥,出口總值(含復出口),2282,1733800
2018-6,39069010,其他丙烯酸聚合物粒，初級狀態,澳大利亞,進口總值(含復進口),0,32
2018-6,39069010,其他丙烯酸聚合物粒，初級狀態,澳大利亞,出口總值(含復出口),159,66345
2018-6,39071000,聚縮醛，初級狀態,土耳其,出口總值(含復出口),140,80000
2018-6,39071000,聚縮醛，初級狀態,中國大陸,進口總值(含復進口),60,16050
2018-6,39071000,聚縮醛，初級狀態,中國大陸,出口總值(含復出口),7209,3958048
2018-6,39071000,聚縮醛，初級狀態,日本,進口總值(含復進口),589,172250
2018-6,39071000,聚縮醛，初級狀態,日本,出口總值(含復出口),597,246500
2018-6,39071000,聚縮醛，初級狀態,比利時,出口總值(含復出口),193,108000
2018-6,39071000,聚縮醛，初級狀態,伊朗,出口總值(含復出口),980,540000
2018-6,39071000,聚縮醛，初級狀態,印尼,出口總值(含復出口),36,15500
2018-6,39071000,聚縮醛，初級狀態,沙烏地阿拉伯,進口總值(含復進口),153,95000
2018-6,39071000,聚縮醛，初級狀態,孟加拉,出口總值(含復出口),39,20000
2018-6,39071000,聚縮醛，初級狀態,俄羅斯,出口總值(含復出口),65,36000
2018-6,39071000,聚縮醛，初級狀態,南韓,進口總值(含復進口),438,261410
2018-6,39071000,聚縮醛，初級狀態,美國,進口總值(含復進口),282,79000
2018-6,39071000,聚縮醛，初級狀態,美國,出口總值(含復出口),34,12000
2018-6,39071000,聚縮醛，初級狀態,英國,出口總值(含復出口),64,36000
2018-6,39071000,聚縮醛，初級狀態,香港,出口總值(含復出口),1453,597225
2018-6,39071000,聚縮醛，初級狀態,泰國,進口總值(含復進口),774,465000
2018-6,39071000,聚縮醛，初級狀態,泰國,出口總值(含復出口),17,6300
2018-6,39071000,聚縮醛，初級狀態,馬來西亞,進口總值(含復進口),114,44175
2018-6,39071000,聚縮醛，初級狀態,馬來西亞,出口總值(含復出口),56,29000
2018-6,39071000,聚縮醛，初級狀態,荷蘭,進口總值(含復進口),130,32000
2018-6,39071000,聚縮醛，初級狀態,菲律賓,出口總值(含復出口),282,119040
2018-6,39071000,聚縮醛，初級狀態,越南,出口總值(含復出口),290,134709
2018-6,39071000,聚縮醛，初級狀態,新加坡,進口總值(含復進口),14,1013
2018-6,39071000,聚縮醛，初級狀態,瑞典,進口總值(含復進口),0,2
2018-6,39071000,聚縮醛，初級狀態,義大利,出口總值(含復出口),309,174000
2018-6,39071000,聚縮醛，初級狀態,葡萄牙,出口總值(含復出口),32,18000
2018-6,39071000,聚縮醛，初級狀態,德國,進口總值(含復進口),4,1100
2018-6,39071000,聚縮醛，初級狀態,德國,出口總值(含復出口),211,117000
2018-6,39071000,聚縮醛，初級狀態,墨西哥,出口總值(含復出口),3,1000
2018-7,39069010,其他丙烯酸聚合物粒，初級狀態,土耳其,出口總值(含復出口),4703,3793600
2018-7,39069010,其他丙烯酸聚合物粒，初級狀態,中國大陸,進口總值(含復進口),1331,438540
2018-7,39069010,其他丙烯酸聚合物粒，初級狀態,中國大陸,出口總值(含復出口),7605,2940523
2018-7,39069010,其他丙烯酸聚合物粒，初級狀態,中華民國,進口總值(含復進口),281,180000
2018-7,39069010,其他丙烯酸聚合物粒，初級狀態,厄瓜多,出口總值(含復出口),60,44800
2018-7,39069010,其他丙烯酸聚合物粒，初級狀態,巴西,出口總值(含復出口),186,142000
2018-7,39069010,其他丙烯酸聚合物粒，初級狀態,巴基斯坦,出口總值(含復出口),217,133000
2018-7,39069010,其他丙烯酸聚合物粒，初級狀態,日本,進口總值(含復進口),1349,408535
2018-7,39069010,其他丙烯酸聚合物粒，初級狀態,日本,出口總值(含復出口),93,52450
2018-7,39069010,其他丙烯酸聚合物粒，初級狀態,比利時,進口總值(含復進口),190,42400
2018-7,39069010,其他丙烯酸聚合物粒，初級狀態,比利時,出口總值(含復出口),9,3000
2018-7,39069010,其他丙烯酸聚合物粒，初級狀態,以色列,進口總值(含復進口),365,40000
2018-7,39069010,其他丙烯酸聚合物粒，初級狀態,以色列,出口總值(含復出口),84,65600
2018-7,39069010,其他丙烯酸聚合物粒，初級狀態,加拿大,出口總值(含復出口),125,46200
2018-7,39069010,其他丙烯酸聚合物粒，初級狀態,立陶宛,出口總值(含復出口),53,18000
2018-7,39069010,其他丙烯酸聚合物粒，初級狀態,伊朗,出口總值(含復出口),872,604800
2018-7,39069010,其他丙烯酸聚合物粒，初級狀態,印尼,出口總值(含復出口),79,36600
2018-7,39069010,其他丙烯酸聚合物粒，初級狀態,印度,進口總值(含復進口),2,1000
2018-7,39069010,其他丙烯酸聚合物粒，初級狀態,印度,出口總值(含復出口),267,109469
2018-7,39069010,其他丙烯酸聚合物粒，初級狀態,安哥拉,出口總值(含復出口),266,208000
2018-7,39069010,其他丙烯酸聚合物粒，初級狀態,沙烏地阿拉伯,出口總值(含復出口),312,224000
2018-7,39069010,其他丙烯酸聚合物粒，初級狀態,孟加拉,出口總值(含復出口),106,56420
2018-7,39069010,其他丙烯酸聚合物粒，初級狀態,波蘭,出口總值(含復出口),12,4000
2018-7,39069010,其他丙烯酸聚合物粒，初級狀態,法國,進口總值(含復進口),19,540
2018-7,39069010,其他丙烯酸聚合物粒，初級狀態,阿拉伯聯合大公國,出口總值(含復出口),316,192200
2018-7,39069010,其他丙烯酸聚合物粒，初級狀態,南非,出口總值(含復出口),125,71600
2018-7,39069010,其他丙烯酸聚合物粒，初級狀態,南韓,進口總值(含復進口),1649,878529
2018-7,39069010,其他丙烯酸聚合物粒，初級狀態,南韓,出口總值(含復出口),331,212508
2018-7,39069010,其他丙烯酸聚合物粒，初級狀態,美國,進口總值(含復進口),833,30965
2018-7,39069010,其他丙烯酸聚合物粒，初級狀態,美國,出口總值(含復出口),942,291091
2018-7,39069010,其他丙烯酸聚合物粒，初級狀態,英國,進口總值(含復進口),0,0
2018-7,39069010,其他丙烯酸聚合物粒，初級狀態,英國,出口總值(含復出口),32,11000
2018-7,39069010,其他丙烯酸聚合物粒，初級狀態,香港,出口總值(含復出口),4187,1423825
2018-7,39069010,其他丙烯酸聚合物粒，初級狀態,哥倫比亞,出口總值(含復出口),363,259200
2018-7,39069010,其他丙烯酸聚合物粒，初級狀態,埃及,出口總值(含復出口),190,143000
2018-7,39069010,其他丙烯酸聚合物粒，初級狀態,泰國,進口總值(含復進口),60,27000
2018-7,39069010,其他丙烯酸聚合物粒，初級狀態,泰國,出口總值(含復出口),264,113035
2018-7,39069010,其他丙烯酸聚合物粒，初級狀態,紐西蘭,出口總值(含復出口),72,27400
2018-7,39069010,其他丙烯酸聚合物粒，初級狀態,馬來西亞,出口總值(含復出口),644,297004
2018-7,39069010,其他丙烯酸聚合物粒，初級狀態,荷蘭,進口總值(含復進口),25,5000
2018-7,39069010,其他丙烯酸聚合物粒，初級狀態,荷蘭,出口總值(含復出口),111,39000
2018-7,39069010,其他丙烯酸聚合物粒，初級狀態,斯洛維尼亞,出口總值(含復出口),23,8000
2018-7,39069010,其他丙烯酸聚合物粒，初級狀態,菲律賓,出口總值(含復出口),38,21149
2018-7,39069010,其他丙烯酸聚合物粒，初級狀態,越南,出口總值(含復出口),848,474400
2018-7,39069010,其他丙烯酸聚合物粒，初級狀態,愛爾蘭,出口總值(含復出口),136,54000
2018-7,39069010,其他丙烯酸聚合物粒，初級狀態,新加坡,進口總值(含復進口),385,132800
2018-7,39069010,其他丙烯酸聚合物粒，初級狀態,新加坡,出口總值(含復出口),255,116560
2018-7,39069010,其他丙烯酸聚合物粒，初級狀態,瑞士,進口總值(含復進口),17,151
2018-7,39069010,其他丙烯酸聚合物粒，初級狀態,義大利,出口總值(含復出口),289,123400
2018-7,39069010,其他丙烯酸聚合物粒，初級狀態,德國,進口總值(含復進口),315,77700
2018-7,39069010,其他丙烯酸聚合物粒，初級狀態,黎巴嫩,出口總值(含復出口),121,96000
2018-7,39069010,其他丙烯酸聚合物粒，初級狀態,墨西哥,出口總值(含復出口),2465,1893600
2018-7,39069010,其他丙烯酸聚合物粒，初級狀態,澳大利亞,出口總值(含復出口),164,73720
2018-7,39071000,聚縮醛，初級狀態,中國大陸,進口總值(含復進口),97,20380
2018-7,39071000,聚縮醛，初級狀態,中國大陸,出口總值(含復出口),8620,4523849
2018-7,39071000,聚縮醛，初級狀態,日本,進口總值(含復進口),767,215386
2018-7,39071000,聚縮醛，初級狀態,日本,出口總值(含復出口),669,281500
2018-7,39071000,聚縮醛，初級狀態,比利時,出口總值(含復出口),65,36000
2018-7,39071000,聚縮醛，初級狀態,加拿大,出口總值(含復出口),68,34875
2018-7,39071000,聚縮醛，初級狀態,伊朗,出口總值(含復出口),752,400000
2018-7,39071000,聚縮醛，初級狀態,印度,出口總值(含復出口),2,1000
2018-7,39071000,聚縮醛，初級狀態,俄羅斯,出口總值(含復出口),68,38000
2018-7,39071000,聚縮醛，初級狀態,南韓,進口總值(含復進口),423,408165
2018-7,39071000,聚縮醛，初級狀態,哈薩克,出口總值(含復出口),36,20000
2018-7,39071000,聚縮醛，初級狀態,美國,進口總值(含復進口),228,56360
2018-7,39071000,聚縮醛，初級狀態,美國,出口總值(含復出口),38,18000
2018-7,39071000,聚縮醛，初級狀態,香港,出口總值(含復出口),1608,668750
2018-7,39071000,聚縮醛，初級狀態,泰國,進口總值(含復進口),704,415000
2018-7,39071000,聚縮醛，初級狀態,泰國,出口總值(含復出口),38,13500
2018-7,39071000,聚縮醛，初級狀態,烏克蘭,出口總值(含復出口),41,20000
2018-7,39071000,聚縮醛，初級狀態,馬來西亞,進口總值(含復進口),48,16000
2018-7,39071000,聚縮醛，初級狀態,馬來西亞,出口總值(含復出口),38,15200
2018-7,39071000,聚縮醛，初級狀態,荷蘭,進口總值(含復進口),241,47550
2018-7,39071000,聚縮醛，初級狀態,荷蘭,出口總值(含復出口),130,72000
2018-7,39071000,聚縮醛，初級狀態,菲律賓,出口總值(含復出口),11,5625
2018-7,39071000,聚縮醛，初級狀態,越南,出口總值(含復出口),339,146090
2018-7,39071000,聚縮醛，初級狀態,新加坡,進口總值(含復進口),26,2510
2018-7,39071000,聚縮醛，初級狀態,義大利,出口總值(含復出口),94,54000
2018-7,39071000,聚縮醛，初級狀態,德國,進口總值(含復進口),2,1950
2018-7,39071000,聚縮醛，初級狀態,德國,出口總值(含復出口),95,54000
2018-7,39071000,聚縮醛，初級狀態,墨西哥,出口總值(含復出口),47,17000
2018-8,39069010,其他丙烯酸聚合物粒，初級狀態,土耳其,出口總值(含復出口),5163,4152000
2018-8,39069010,其他丙烯酸聚合物粒，初級狀態,中國大陸,進口總值(含復進口),642,222498
2018-8,39069010,其他丙烯酸聚合物粒，初級狀態,中國大陸,出口總值(含復出口),14331,5280406
2018-8,39069010,其他丙烯酸聚合物粒，初級狀態,厄瓜多,出口總值(含復出口),90,67200
2018-8,39069010,其他丙烯酸聚合物粒，初級狀態,巴西,出口總值(含復出口),183,140000
2018-8,39069010,其他丙烯酸聚合物粒，初級狀態,巴基斯坦,出口總值(含復出口),220,138300
2018-8,39069010,其他丙烯酸聚合物粒，初級狀態,日本,進口總值(含復進口),996,334710
2018-8,39069010,其他丙烯酸聚合物粒，初級狀態,日本,出口總值(含復出口),75,65000
2018-8,39069010,其他丙烯酸聚合物粒，初級狀態,比利時,出口總值(含復出口),7,2132
2018-8,39069010,其他丙烯酸聚合物粒，初級狀態,以色列,出口總值(含復出口),167,128000
2018-8,39069010,其他丙烯酸聚合物粒，初級狀態,加拿大,出口總值(含復出口),156,59200
2018-8,39069010,其他丙烯酸聚合物粒，初級狀態,立陶宛,出口總值(含復出口),103,36000
2018-8,39069010,其他丙烯酸聚合物粒，初級狀態,伊朗,出口總值(含復出口),1643,1137600
2018-8,39069010,其他丙烯酸聚合物粒，初級狀態,印尼,出口總值(含復出口),90,41000
2018-8,39069010,其他丙烯酸聚合物粒，初級狀態,印度,進口總值(含復進口),3,1500
2018-8,39069010,其他丙烯酸聚合物粒，初級狀態,印度,出口總值(含復出口),309,114985
2018-8,39069010,其他丙烯酸聚合物粒，初級狀態,西班牙,出口總值(含復出口),19,8000
2018-8,39069010,其他丙烯酸聚合物粒，初級狀態,沙烏地阿拉伯,出口總值(含復出口),568,399200
2018-8,39069010,其他丙烯酸聚合物粒，初級狀態,孟加拉,出口總值(含復出口),254,112890
2018-8,39069010,其他丙烯酸聚合物粒，初級狀態,波蘭,出口總值(含復出口),9,3000
2018-8,39069010,其他丙烯酸聚合物粒，初級狀態,法國,進口總值(含復進口),107,26500
2018-8,39069010,其他丙烯酸聚合物粒，初級狀態,阿拉伯聯合大公國,出口總值(含復出口),128,62400
2018-8,39069010,其他丙烯酸聚合物粒，初級狀態,阿曼,出口總值(含復出口),31,16000
2018-8,39069010,其他丙烯酸聚合物粒，初級狀態,俄羅斯,出口總值(含復出口),20,7000
2018-8,39069010,其他丙烯酸聚合物粒，初級狀態,南非,出口總值(含復出口),221,164000
2018-8,39069010,其他丙烯酸聚合物粒，初級狀態,南韓,進口總值(含復進口),419,160350
2018-8,39069010,其他丙烯酸聚合物粒，初級狀態,南韓,出口總值(含復出口),333,166115
2018-8,39069010,其他丙烯酸聚合物粒，初級狀態,柬埔寨,出口總值(含復出口),222,157500
2018-8,39069010,其他丙烯酸聚合物粒，初級狀態,約旦,出口總值(含復出口),218,112000
2018-8,39069010,其他丙烯酸聚合物粒，初級狀態,美國,進口總值(含復進口),919,76129
2018-8,39069010,其他丙烯酸聚合物粒，初級狀態,美國,出口總值(含復出口),277,100400
2018-8,39069010,其他丙烯酸聚合物粒，初級狀態,英國,進口總值(含復進口),85,36000
2018-8,39069010,其他丙烯酸聚合物粒，初級狀態,英國,出口總值(含復出口),130,45500
2018-8,39069010,其他丙烯酸聚合物粒，初級狀態,香港,出口總值(含復出口),3065,1050005
2018-8,39069010,其他丙烯酸聚合物粒，初級狀態,哥倫比亞,出口總值(含復出口),608,400600
2018-8,39069010,其他丙烯酸聚合物粒，初級狀態,埃及,出口總值(含復出口),700,520800
2018-8,39069010,其他丙烯酸聚合物粒，初級狀態,泰國,出口總值(含復出口),329,148520
2018-8,39069010,其他丙烯酸聚合物粒，初級狀態,紐西蘭,出口總值(含復出口),14,5200
2018-8,39069010,其他丙烯酸聚合物粒，初級狀態,馬來西亞,進口總值(含復進口),95,10000
2018-8,39069010,其他丙烯酸聚合物粒，初級狀態,馬來西亞,出口總值(含復出口),190,99781
2018-8,39069010,其他丙烯酸聚合物粒，初級狀態,荷蘭,進口總值(含復進口),128,43125
2018-8,39069010,其他丙烯酸聚合物粒，初級狀態,荷蘭,出口總值(含復出口),83,29000
2018-8,39069010,其他丙烯酸聚合物粒，初級狀態,智利,出口總值(含復出口),13,5000
2018-8,39069010,其他丙烯酸聚合物粒，初級狀態,菲律賓,出口總值(含復出口),22,7500
2018-8,39069010,其他丙烯酸聚合物粒，初級狀態,越南,出口總值(含復出口),1002,537827
2018-8,39069010,其他丙烯酸聚合物粒，初級狀態,愛爾蘭,出口總值(含復出口),132,54000
2018-8,39069010,其他丙烯酸聚合物粒，初級狀態,新加坡,進口總值(含復進口),17,4800
2018-8,39069010,其他丙烯酸聚合物粒，初級狀態,新加坡,出口總值(含復出口),232,111200
2018-8,39069010,其他丙烯酸聚合物粒，初級狀態,瑞士,進口總值(含復進口),13,70
2018-8,39069010,其他丙烯酸聚合物粒，初級狀態,義大利,出口總值(含復出口),256,174449
2018-8,39069010,其他丙烯酸聚合物粒，初級狀態,德國,進口總值(含復進口),83,25420
2018-8,39069010,其他丙烯酸聚合物粒，初級狀態,德國,出口總值(含復出口),2,500
2018-8,39069010,其他丙烯酸聚合物粒，初級狀態,摩洛哥,出口總值(含復出口),18,14000
2018-8,39069010,其他丙烯酸聚合物粒，初級狀態,模里西斯,出口總值(含復出口),3,1200
2018-8,39069010,其他丙烯酸聚合物粒，初級狀態,黎巴嫩,出口總值(含復出口),2,1000
2018-8,39069010,其他丙烯酸聚合物粒，初級狀態,墨西哥,出口總值(含復出口),2439,1846400
2018-8,39069010,其他丙烯酸聚合物粒，初級狀態,澳大利亞,進口總值(含復進口),0,11
2018-8,39069010,其他丙烯酸聚合物粒，初級狀態,澳大利亞,出口總值(含復出口),98,42700
2018-8,39071000,聚縮醛，初級狀態,中國大陸,進口總值(含復進口),130,37000
2018-8,39071000,聚縮醛，初級狀態,中國大陸,出口總值(含復出口),7330,3970380
2018-8,39071000,聚縮醛，初級狀態,巴基斯坦,出口總值(含復出口),27,25000
2018-8,39071000,聚縮醛，初級狀態,日本,進口總值(含復進口),500,139721
2018-8,39071000,聚縮醛，初級狀態,日本,出口總值(含復出口),321,125200
2018-8,39071000,聚縮醛，初級狀態,比利時,出口總值(含復出口),419,234000
2018-8,39071000,聚縮醛，初級狀態,伊朗,出口總值(含復出口),300,160000
2018-8,39071000,聚縮醛，初級狀態,印尼,出口總值(含復出口),15,5000
2018-8,39071000,聚縮醛，初級狀態,西班牙,出口總值(含復出口),97,54000
2018-8,39071000,聚縮醛，初級狀態,沙烏地阿拉伯,進口總值(含復進口),91,57000
2018-8,39071000,聚縮醛，初級狀態,孟加拉,出口總值(含復出口),36,20000
2018-8,39071000,聚縮醛，初級狀態,芬蘭,出口總值(含復出口),32,18000
2018-8,39071000,聚縮醛，初級狀態,俄羅斯,出口總值(含復出口),37,20000
2018-8,39071000,聚縮醛，初級狀態,南韓,進口總值(含復進口),312,405417
2018-8,39071000,聚縮醛，初級狀態,南韓,出口總值(含復出口),2,1000
2018-8,39071000,聚縮醛，初級狀態,美國,進口總值(含復進口),255,62950
2018-8,39071000,聚縮醛，初級狀態,美國,出口總值(含復出口),67,36000
2018-8,39071000,聚縮醛，初級狀態,英國,出口總值(含復出口),64,36000
2018-8,39071000,聚縮醛，初級狀態,香港,出口總值(含復出口),1994,855212
2018-8,39071000,聚縮醛，初級狀態,埃及,出口總值(含復出口),36,20000
2018-8,39071000,聚縮醛，初級狀態,泰國,進口總值(含復進口),524,308000
2018-8,39071000,聚縮醛，初級狀態,馬來西亞,進口總值(含復進口),72,24430
2018-8,39071000,聚縮醛，初級狀態,馬來西亞,出口總值(含復出口),75,34490
2018-8,39071000,聚縮醛，初級狀態,荷蘭,進口總值(含復進口),84,21000
2018-8,39071000,聚縮醛，初級狀態,荷蘭,出口總值(含復出口),32,18000
2018-8,39071000,聚縮醛，初級狀態,菲律賓,出口總值(含復出口),41,17700
2018-8,39071000,聚縮醛，初級狀態,越南,出口總值(含復出口),284,148000
2018-8,39071000,聚縮醛，初級狀態,義大利,出口總值(含復出口),33,18000
2018-8,39071000,聚縮醛，初級狀態,德國,進口總值(含復進口),54,7500
2018-8,39071000,聚縮醛，初級狀態,墨西哥,出口總值(含復出口),47,17000
2018-8,39071000,聚縮醛，初級狀態,澳大利亞,出口總值(含復出口),32,18000
2018-9,39069010,其他丙烯酸聚合物粒，初級狀態,土耳其,進口總值(含復進口),21,9900
2018-9,39069010,其他丙烯酸聚合物粒，初級狀態,土耳其,出口總值(含復出口),6521,5177000
2018-9,39069010,其他丙烯酸聚合物粒，初級狀態,中國大陸,進口總值(含復進口),1348,468123
2018-9,39069010,其他丙烯酸聚合物粒，初級狀態,中國大陸,出口總值(含復出口),14113,5324044
2018-9,39069010,其他丙烯酸聚合物粒，初級狀態,厄瓜多,出口總值(含復出口),30,22400
2018-9,39069010,其他丙烯酸聚合物粒，初級狀態,巴西,出口總值(含復出口),265,201000
2018-9,39069010,其他丙烯酸聚合物粒，初級狀態,巴基斯坦,出口總值(含復出口),497,297000
2018-9,39069010,其他丙烯酸聚合物粒，初級狀態,日本,進口總值(含復進口),937,305922
2018-9,39069010,其他丙烯酸聚合物粒，初級狀態,日本,出口總值(含復出口),56,42363
2018-9,39069010,其他丙烯酸聚合物粒，初級狀態,比利時,進口總值(含復進口),0,1
2018-9,39069010,其他丙烯酸聚合物粒，初級狀態,以色列,出口總值(含復出口),168,128000
2018-9,39069010,其他丙烯酸聚合物粒，初級狀態,加拿大,出口總值(含復出口),51,18000
2018-9,39069010,其他丙烯酸聚合物粒，初級狀態,立陶宛,出口總值(含復出口),203,72000
2018-9,39069010,其他丙烯酸聚合物粒，初級狀態,伊朗,出口總值(含復出口),887,592000
2018-9,39069010,其他丙烯酸聚合物粒，初級狀態,印尼,出口總值(含復出口),111,44842
2018-9,39069010,其他丙烯酸聚合物粒，初級狀態,印度,出口總值(含復出口),228,98905
2018-9,39069010,其他丙烯酸聚合物粒，初級狀態,多明尼加,出口總值(含復出口),20,14400
2018-9,39069010,其他丙烯酸聚合物粒，初級狀態,沙烏地阿拉伯,出口總值(含復出口),230,110400
2018-9,39069010,其他丙烯酸聚合物粒，初級狀態,孟加拉,出口總值(含復出口),171,83190
2018-9,39069010,其他丙烯酸聚合物粒，初級狀態,波蘭,出口總值(含復出口),19,7000
2018-9,39069010,其他丙烯酸聚合物粒，初級狀態,法國,進口總值(含復進口),39,1000
2018-9,39069010,其他丙烯酸聚合物粒，初級狀態,阿拉伯聯合大公國,出口總值(含復出口),120,46400
2018-9,39069010,其他丙烯酸聚合物粒，初級狀態,阿曼,出口總值(含復出口),30,16000
2018-9,39069010,其他丙烯酸聚合物粒，初級狀態,俄羅斯,進口總值(含復進口),2,50
2018-9,39069010,其他丙烯酸聚合物粒，初級狀態,俄羅斯,出口總值(含復出口),165,55525
2018-9,39069010,其他丙烯酸聚合物粒，初級狀態,南非,出口總值(含復出口),48,25000
2018-9,39069010,其他丙烯酸聚合物粒，初級狀態,南韓,進口總值(含復進口),674,355140
2018-9,39069010,其他丙烯酸聚合物粒，初級狀態,南韓,出口總值(含復出口),245,148615
2018-9,39069010,其他丙烯酸聚合物粒，初級狀態,柬埔寨,出口總值(含復出口),96,67500
2018-9,39069010,其他丙烯酸聚合物粒，初級狀態,約旦,出口總值(含復出口),62,32000
2018-9,39069010,其他丙烯酸聚合物粒，初級狀態,美國,進口總值(含復進口),684,54116
2018-9,39069010,其他丙烯酸聚合物粒，初級狀態,美國,出口總值(含復出口),319,121900
2018-9,39069010,其他丙烯酸聚合物粒，初級狀態,英國,進口總值(含復進口),46,20700
2018-9,39069010,其他丙烯酸聚合物粒，初級狀態,英國,出口總值(含復出口),124,44000
2018-9,39069010,其他丙烯酸聚合物粒，初級狀態,香港,出口總值(含復出口),1722,595460
2018-9,39069010,其他丙烯酸聚合物粒，初級狀態,哥倫比亞,出口總值(含復出口),30,22400
2018-9,39069010,其他丙烯酸聚合物粒，初級狀態,埃及,出口總值(含復出口),441,352000
2018-9,39069010,其他丙烯酸聚合物粒，初級狀態,泰國,出口總值(含復出口),437,167565
2018-9,39069010,其他丙烯酸聚合物粒，初級狀態,紐西蘭,出口總值(含復出口),52,18800
2018-9,39069010,其他丙烯酸聚合物粒，初級狀態,馬來西亞,進口總值(含復進口),47,16000
2018-9,39069010,其他丙烯酸聚合物粒，初級狀態,馬來西亞,出口總值(含復出口),164,70655
2018-9,39069010,其他丙烯酸聚合物粒，初級狀態,荷蘭,進口總值(含復進口),61,22000
2018-9,39069010,其他丙烯酸聚合物粒，初級狀態,荷蘭,出口總值(含復出口),140,54000
2018-9,39069010,其他丙烯酸聚合物粒，初級狀態,斯里蘭卡,出口總值(含復出口),6,2000
2018-9,39069010,其他丙烯酸聚合物粒，初級狀態,斯洛維尼亞,出口總值(含復出口),9,3000
2018-9,39069010,其他丙烯酸聚合物粒，初級狀態,菲律賓,出口總值(含復出口),53,26860
2018-9,39069010,其他丙烯酸聚合物粒，初級狀態,象牙海岸,出口總值(含復出口),21,16000
2018-9,39069010,其他丙烯酸聚合物粒，初級狀態,越南,出口總值(含復出口),1112,650999
2018-9,39069010,其他丙烯酸聚合物粒，初級狀態,愛爾蘭,出口總值(含復出口),133,54000
2018-9,39069010,其他丙烯酸聚合物粒，初級狀態,新加坡,進口總值(含復進口),345,117600
2018-9,39069010,其他丙烯酸聚合物粒，初級狀態,新加坡,出口總值(含復出口),149,74800
2018-9,39069010,其他丙烯酸聚合物粒，初級狀態,瑞士,進口總值(含復進口),11,52
2018-9,39069010,其他丙烯酸聚合物粒，初級狀態,義大利,出口總值(含復出口),264,137200
2018-9,39069010,其他丙烯酸聚合物粒，初級狀態,德國,進口總值(含復進口),205,83000
2018-9,39069010,其他丙烯酸聚合物粒，初級狀態,黎巴嫩,出口總值(含復出口),85,64800
2018-9,39069010,其他丙烯酸聚合物粒，初級狀態,墨西哥,出口總值(含復出口),1459,1120000
2018-9,39069010,其他丙烯酸聚合物粒，初級狀態,澳大利亞,出口總值(含復出口),124,52720
2018-9,39071000,聚縮醛，初級狀態,中國大陸,進口總值(含復進口),156,37635
2018-9,39071000,聚縮醛，初級狀態,中國大陸,出口總值(含復出口),7940,4410491
2018-9,39071000,聚縮醛，初級狀態,中華民國,進口總值(含復進口),21,13700
2018-9,39071000,聚縮醛，初級狀態,日本,進口總值(含復進口),771,296499
2018-9,39071000,聚縮醛，初級狀態,日本,出口總值(含復出口),577,217000
2018-9,39071000,聚縮醛，初級狀態,比利時,出口總值(含復出口),186,108000
2018-9,39071000,聚縮醛，初級狀態,印尼,出口總值(含復出口),52,28000
2018-9,39071000,聚縮醛，初級狀態,沙烏地阿拉伯,進口總值(含復進口),89,57000
2018-9,39071000,聚縮醛，初級狀態,孟加拉,出口總值(含復出口),72,40000
2018-9,39071000,聚縮醛，初級狀態,俄羅斯,出口總值(含復出口),178,96000
2018-9,39071000,聚縮醛，初級狀態,南韓,進口總值(含復進口),446,280000
2018-9,39071000,聚縮醛，初級狀態,南韓,出口總值(含復出口),3,1000
2018-9,39071000,聚縮醛，初級狀態,美國,進口總值(含復進口),550,168375
2018-9,39071000,聚縮醛，初級狀態,英國,出口總值(含復出口),63,36000
2018-9,39071000,聚縮醛，初級狀態,香港,出口總值(含復出口),1387,591275
2018-9,39071000,聚縮醛，初級狀態,哥倫比亞,出口總值(含復出口),35,20000
2018-9,39071000,聚縮醛，初級狀態,埃及,出口總值(含復出口),35,20000
2018-9,39071000,聚縮醛，初級狀態,泰國,進口總值(含復進口),480,284000
2018-9,39071000,聚縮醛，初級狀態,泰國,出口總值(含復出口),34,12200
2018-9,39071000,聚縮醛，初級狀態,烏克蘭,出口總值(含復出口),41,20000
2018-9,39071000,聚縮醛，初級狀態,馬來西亞,進口總值(含復進口),43,18050
2018-9,39071000,聚縮醛，初級狀態,馬來西亞,出口總值(含復出口),17,6000
2018-9,39071000,聚縮醛，初級狀態,荷蘭,進口總值(含復進口),154,38425
2018-9,39071000,聚縮醛，初級狀態,荷蘭,出口總值(含復出口),189,108000
2018-9,39071000,聚縮醛，初級狀態,越南,出口總值(含復出口),163,87625
2018-9,39071000,聚縮醛，初級狀態,義大利,出口總值(含復出口),92,54000
2018-9,39071000,聚縮醛，初級狀態,葡萄牙,出口總值(含復出口),32,18000
2018-9,39071000,聚縮醛，初級狀態,德國,進口總值(含復進口),37,20500
2018-9,39071000,聚縮醛，初級狀態,德國,出口總值(含復出口),31,18000
2018-9,39071000,聚縮醛，初級狀態,墨西哥,進口總值(含復進口),9,23826
2018-9,39071000,聚縮醛，初級狀態,澳大利亞,進口總值(含復進口),0,300
2018-10,39069010,其他丙烯酸聚合物粒，初級狀態,土耳其,出口總值(含復出口),4757,3698400
2018-10,39069010,其他丙烯酸聚合物粒，初級狀態,中國大陸,進口總值(含復進口),954,349553
2018-10,39069010,其他丙烯酸聚合物粒，初級狀態,中國大陸,出口總值(含復出口),16245,6002690
2018-10,39069010,其他丙烯酸聚合物粒，初級狀態,中華民國,進口總值(含復進口),0,0
2018-10,39069010,其他丙烯酸聚合物粒，初級狀態,厄瓜多,出口總值(含復出口),61,44800
2018-10,39069010,其他丙烯酸聚合物粒，初級狀態,巴西,出口總值(含復出口),212,160000
2018-10,39069010,其他丙烯酸聚合物粒，初級狀態,巴基斯坦,出口總值(含復出口),495,331200
2018-10,39069010,其他丙烯酸聚合物粒，初級狀態,日本,進口總值(含復進口),1211,403329
2018-10,39069010,其他丙烯酸聚合物粒，初級狀態,日本,出口總值(含復出口),67,69400
2018-10,39069010,其他丙烯酸聚合物粒，初級狀態,比利時,進口總值(含復進口),190,60000
2018-10,39069010,其他丙烯酸聚合物粒，初級狀態,以色列,進口總值(含復進口),44,5000
2018-10,39069010,其他丙烯酸聚合物粒，初級狀態,以色列,出口總值(含復出口),191,144000
2018-10,39069010,其他丙烯酸聚合物粒，初級狀態,加拿大,出口總值(含復出口),108,41200
2018-10,39069010,其他丙烯酸聚合物粒，初級狀態,立陶宛,出口總值(含復出口),102,36000
2018-10,39069010,其他丙烯酸聚合物粒，初級狀態,印尼,出口總值(含復出口),203,86306
2018-10,39069010,其他丙烯酸聚合物粒，初級狀態,印度,進口總值(含復進口),6,125
2018-10,39069010,其他丙烯酸聚合物粒，初級狀態,印度,出口總值(含復出口),221,94250
2018-10,39069010,其他丙烯酸聚合物粒，初級狀態,安哥拉,出口總值(含復出口),197,140000
2018-10,39069010,其他丙烯酸聚合物粒，初級狀態,沙烏地阿拉伯,出口總值(含復出口),432,220000
2018-10,39069010,其他丙烯酸聚合物粒，初級狀態,奈及利亞,出口總值(含復出口),403,313600
2018-10,39069010,其他丙烯酸聚合物粒，初級狀態,孟加拉,出口總值(含復出口),174,84610
2018-10,39069010,其他丙烯酸聚合物粒，初級狀態,波蘭,出口總值(含復出口),13,5000
2018-10,39069010,其他丙烯酸聚合物粒，初級狀態,法國,進口總值(含復進口),4,500
2018-10,39069010,其他丙烯酸聚合物粒，初級狀態,肯亞,出口總值(含復出口),37,19200
2018-10,39069010,其他丙烯酸聚合物粒，初級狀態,阿拉伯聯合大公國,出口總值(含復出口),337,205600
2018-10,39069010,其他丙烯酸聚合物粒，初級狀態,阿根廷,出口總值(含復出口),84,61000
2018-10,39069010,其他丙烯酸聚合物粒，初級狀態,阿曼,出口總值(含復出口),31,16000
2018-10,39069010,其他丙烯酸聚合物粒，初級狀態,俄羅斯,出口總值(含復出口),108,34000
2018-10,39069010,其他丙烯酸聚合物粒，初級狀態,南非,出口總值(含復出口),733,523400
2018-10,39069010,其他丙烯酸聚合物粒，初級狀態,南韓,進口總值(含復進口),887,407340
2018-10,39069010,其他丙烯酸聚合物粒，初級狀態,南韓,出口總值(含復出口),154,72250
2018-10,39069010,其他丙烯酸聚合物粒，初級狀態,柬埔寨,出口總值(含復出口),97,67500
2018-10,39069010,其他丙烯酸聚合物粒，初級狀態,美國,進口總值(含復進口),499,79479
2018-10,39069010,其他丙烯酸聚合物粒，初級狀態,美國,出口總值(含復出口),688,245700
2018-10,39069010,其他丙烯酸聚合物粒，初級狀態,英國,進口總值(含復進口),23,6300
2018-10,39069010,其他丙烯酸聚合物粒，初級狀態,英國,出口總值(含復出口),101,28000
2018-10,39069010,其他丙烯酸聚合物粒，初級狀態,香港,出口總值(含復出口),1083,367930
2018-10,39069010,其他丙烯酸聚合物粒，初級狀態,哥倫比亞,出口總值(含復出口),299,184000
2018-10,39069010,其他丙烯酸聚合物粒，初級狀態,埃及,出口總值(含復出口),133,80000
2018-10,39069010,其他丙烯酸聚合物粒，初級狀態,泰國,進口總值(含復進口),53,23800
2018-10,39069010,其他丙烯酸聚合物粒，初級狀態,泰國,出口總值(含復出口),218,88700
2018-10,39069010,其他丙烯酸聚合物粒，初級狀態,紐西蘭,出口總值(含復出口),76,30000
2018-10,39069010,其他丙烯酸聚合物粒，初級狀態,馬來西亞,進口總值(含復進口),3,1810
2018-10,39069010,其他丙烯酸聚合物粒，初級狀態,馬來西亞,出口總值(含復出口),178,81150
2018-10,39069010,其他丙烯酸聚合物粒，初級狀態,敘利亞,出口總值(含復出口),111,80000
2018-10,39069010,其他丙烯酸聚合物粒，初級狀態,荷蘭,進口總值(含復進口),91,26875
2018-10,39069010,其他丙烯酸聚合物粒，初級狀態,荷蘭,出口總值(含復出口),50,18000
2018-10,39069010,其他丙烯酸聚合物粒，初級狀態,斯洛維尼亞,出口總值(含復出口),22,8000
2018-10,39069010,其他丙烯酸聚合物粒，初級狀態,越南,出口總值(含復出口),1120,596140
2018-10,39069010,其他丙烯酸聚合物粒，初級狀態,愛爾蘭,出口總值(含復出口),175,72000
2018-10,39069010,其他丙烯酸聚合物粒，初級狀態,新加坡,進口總值(含復進口),31,9600
2018-10,39069010,其他丙烯酸聚合物粒，初級狀態,新加坡,出口總值(含復出口),120,56520
2018-10,39069010,其他丙烯酸聚合物粒，初級狀態,義大利,出口總值(含復出口),70,48800
2018-10,39069010,其他丙烯酸聚合物粒，初級狀態,德國,進口總值(含復進口),257,88500
2018-10,39069010,其他丙烯酸聚合物粒，初級狀態,德國,出口總值(含復出口),2,400
2018-10,39069010,其他丙烯酸聚合物粒，初級狀態,模里西斯,出口總值(含復出口),2,1000
2018-10,39069010,其他丙烯酸聚合物粒，初級狀態,黎巴嫩,出口總值(含復出口),132,98400
2018-10,39069010,其他丙烯酸聚合物粒，初級狀態,墨西哥,出口總值(含復出口),1653,1275400
2018-10,39069010,其他丙烯酸聚合物粒，初級狀態,澳大利亞,出口總值(含復出口),82,37010
2018-10,39071000,聚縮醛，初級狀態,中國大陸,進口總值(含復進口),61,13675
2018-10,39071000,聚縮醛，初級狀態,中國大陸,出口總值(含復出口),7339,4160536
2018-10,39071000,聚縮醛，初級狀態,日本,進口總值(含復進口),711,257226
2018-10,39071000,聚縮醛，初級狀態,日本,出口總值(含復出口),399,151500
2018-10,39071000,聚縮醛，初級狀態,比利時,出口總值(含復出口),174,108000
2018-10,39071000,聚縮醛，初級狀態,印尼,出口總值(含復出口),58,36000
2018-10,39071000,聚縮醛，初級狀態,印度,進口總值(含復進口),2,150
2018-10,39071000,聚縮醛，初級狀態,印度,出口總值(含復出口),88,58000
2018-10,39071000,聚縮醛，初級狀態,沙烏地阿拉伯,進口總值(含復進口),88,57000
2018-10,39071000,聚縮醛，初級狀態,孟加拉,出口總值(含復出口),72,41500
2018-10,39071000,聚縮醛，初級狀態,俄羅斯,出口總值(含復出口),34,20000
2018-10,39071000,聚縮醛，初級狀態,南韓,進口總值(含復進口),404,261750
2018-10,39071000,聚縮醛，初級狀態,美國,進口總值(含復進口),792,263291
2018-10,39071000,聚縮醛，初級狀態,香港,出口總值(含復出口),1149,502950
2018-10,39071000,聚縮醛，初級狀態,泰國,進口總值(含復進口),396,226000
2018-10,39071000,聚縮醛，初級狀態,泰國,出口總值(含復出口),19,7000
2018-10,39071000,聚縮醛，初級狀態,烏克蘭,出口總值(含復出口),31,18000
2018-10,39071000,聚縮醛，初級狀態,馬來西亞,進口總值(含復進口),0,100
2018-10,39071000,聚縮醛，初級狀態,馬來西亞,出口總值(含復出口),46,25000
2018-10,39071000,聚縮醛，初級狀態,荷蘭,進口總值(含復進口),92,16000
2018-10,39071000,聚縮醛，初級狀態,荷蘭,出口總值(含復出口),207,126000
2018-10,39071000,聚縮醛，初級狀態,菲律賓,出口總值(含復出口),28,11575
2018-10,39071000,聚縮醛，初級狀態,越南,出口總值(含復出口),156,79050
2018-10,39071000,聚縮醛，初級狀態,義大利,出口總值(含復出口),31,18000
2018-10,39071000,聚縮醛，初級狀態,葡萄牙,出口總值(含復出口),30,18000
2018-10,39071000,聚縮醛，初級狀態,德國,進口總值(含復進口),13,1998
2018-10,39071000,聚縮醛，初級狀態,墨西哥,進口總值(含復進口),24,44432
2018-10,39071000,聚縮醛，初級狀態,墨西哥,出口總值(含復出口),90,32000
2018-10,39071000,聚縮醛，初級狀態,澳大利亞,進口總值(含復進口),4,4125
2018-11,39069010,其他丙烯酸聚合物粒，初級狀態,土耳其,進口總值(含復進口),19,9900
2018-11,39069010,其他丙烯酸聚合物粒，初級狀態,土耳其,出口總值(含復出口),4121,3157600
2018-11,39069010,其他丙烯酸聚合物粒，初級狀態,中國大陸,進口總值(含復進口),626,215711
2018-11,39069010,其他丙烯酸聚合物粒，初級狀態,中國大陸,出口總值(含復出口),9388,3735744
2018-11,39069010,其他丙烯酸聚合物粒，初級狀態,厄瓜多,出口總值(含復出口),62,44800
2018-11,39069010,其他丙烯酸聚合物粒，初級狀態,巴基斯坦,出口總值(含復出口),887,622600
2018-11,39069010,其他丙烯酸聚合物粒，初級狀態,日本,進口總值(含復進口),731,274526
2018-11,39069010,其他丙烯酸聚合物粒，初級狀態,日本,出口總值(含復出口),99,69618
2018-11,39069010,其他丙烯酸聚合物粒，初級狀態,比利時,出口總值(含復出口),6,2000
2018-11,39069010,其他丙烯酸聚合物粒，初級狀態,以色列,進口總值(含復進口),93,10000
2018-11,39069010,其他丙烯酸聚合物粒，初級狀態,以色列,出口總值(含復出口),100,69400
2018-11,39069010,其他丙烯酸聚合物粒，初級狀態,加拿大,出口總值(含復出口),113,34000
2018-11,39069010,其他丙烯酸聚合物粒，初級狀態,印尼,出口總值(含復出口),158,58812
2018-11,39069010,其他丙烯酸聚合物粒，初級狀態,印度,出口總值(含復出口),415,181480
2018-11,39069010,其他丙烯酸聚合物粒，初級狀態,安哥拉,出口總值(含復出口),56,40000
2018-11,39069010,其他丙烯酸聚合物粒，初級狀態,西班牙,出口總值(含復出口),24,10000
2018-11,39069010,其他丙烯酸聚合物粒，初級狀態,沙烏地阿拉伯,出口總值(含復出口),856,496000
2018-11,39069010,其他丙烯酸聚合物粒，初級狀態,坦尚尼亞,出口總值(含復出口),38,19200
2018-11,39069010,其他丙烯酸聚合物粒，初級狀態,孟加拉,出口總值(含復出口),350,144780
2018-11,39069010,其他丙烯酸聚合物粒，初級狀態,波蘭,出口總值(含復出口),3,1000
2018-11,39069010,其他丙烯酸聚合物粒，初級狀態,法國,進口總值(含復進口),2,75
2018-11,39069010,其他丙烯酸聚合物粒，初級狀態,肯亞,出口總值(含復出口),38,19200
2018-11,39069010,其他丙烯酸聚合物粒，初級狀態,阿拉伯聯合大公國,出口總值(含復出口),543,346360
2018-11,39069010,其他丙烯酸聚合物粒，初級狀態,阿根廷,出口總值(含復出口),169,123000
2018-11,39069010,其他丙烯酸聚合物粒，初級狀態,阿曼,出口總值(含復出口),59,32000
2018-11,39069010,其他丙烯酸聚合物粒，初級狀態,南非,出口總值(含復出口),380,276400
2018-11,39069010,其他丙烯酸聚合物粒，初級狀態,南韓,進口總值(含復進口),1176,554760
2018-11,39069010,其他丙烯酸聚合物粒，初級狀態,南韓,出口總值(含復出口),311,128115
2018-11,39069010,其他丙烯酸聚合物粒，初級狀態,柬埔寨,出口總值(含復出口),98,67500
2018-11,39069010,其他丙烯酸聚合物粒，初級狀態,科威特,出口總值(含復出口),55,32000
2018-11,39069010,其他丙烯酸聚合物粒，初級狀態,突尼西亞,出口總值(含復出口),64,48000
2018-11,39069010,其他丙烯酸聚合物粒，初級狀態,美國,進口總值(含復進口),749,59537
2018-11,39069010,其他丙烯酸聚合物粒，初級狀態,美國,出口總值(含復出口),403,148761
2018-11,39069010,其他丙烯酸聚合物粒，初級狀態,英國,進口總值(含復進口),54,19800
2018-11,39069010,其他丙烯酸聚合物粒，初級狀態,英國,出口總值(含復出口),20,7000
2018-11,39069010,其他丙烯酸聚合物粒，初級狀態,迦納,出口總值(含復出口),28,20000
2018-11,39069010,其他丙烯酸聚合物粒，初級狀態,香港,出口總值(含復出口),1616,571240
2018-11,39069010,其他丙烯酸聚合物粒，初級狀態,哥倫比亞,出口總值(含復出口),456,321800
2018-11,39069010,其他丙烯酸聚合物粒，初級狀態,埃及,出口總值(含復出口),293,208000
2018-11,39069010,其他丙烯酸聚合物粒，初級狀態,泰國,出口總值(含復出口),540,202120
2018-11,39069010,其他丙烯酸聚合物粒，初級狀態,紐西蘭,出口總值(含復出口),113,42400
2018-11,39069010,其他丙烯酸聚合物粒，初級狀態,馬來西亞,進口總值(含復進口),3,1800
2018-11,39069010,其他丙烯酸聚合物粒，初級狀態,馬來西亞,出口總值(含復出口),108,38377
2018-11,39069010,其他丙烯酸聚合物粒，初級狀態,荷蘭,進口總值(含復進口),130,42692
2018-11,39069010,其他丙烯酸聚合物粒，初級狀態,荷蘭,出口總值(含復出口),104,38000
2018-11,39069010,其他丙烯酸聚合物粒，初級狀態,斯洛維尼亞,出口總值(含復出口),3,1000
2018-11,39069010,其他丙烯酸聚合物粒，初級狀態,智利,出口總值(含復出口),19,7000
2018-11,39069010,其他丙烯酸聚合物粒，初級狀態,菲律賓,出口總值(含復出口),127,56610
2018-11,39069010,其他丙烯酸聚合物粒，初級狀態,越南,出口總值(含復出口),936,521316
2018-11,39069010,其他丙烯酸聚合物粒，初級狀態,愛爾蘭,出口總值(含復出口),257,108000
2018-11,39069010,其他丙烯酸聚合物粒，初級狀態,新加坡,進口總值(含復進口),180,62000
2018-11,39069010,其他丙烯酸聚合物粒，初級狀態,新加坡,出口總值(含復出口),119,57920
2018-11,39069010,其他丙烯酸聚合物粒，初級狀態,瑞士,進口總值(含復進口),17,129
2018-11,39069010,其他丙烯酸聚合物粒，初級狀態,義大利,出口總值(含復出口),128,83200
2018-11,39069010,其他丙烯酸聚合物粒，初級狀態,德國,進口總值(含復進口),483,129960
2018-11,39069010,其他丙烯酸聚合物粒，初級狀態,黎巴嫩,出口總值(含復出口),107,80000
2018-11,39069010,其他丙烯酸聚合物粒，初級狀態,墨西哥,出口總值(含復出口),1789,1357000
2018-11,39069010,其他丙烯酸聚合物粒，初級狀態,澳大利亞,出口總值(含復出口),45,19200
2018-11,39071000,聚縮醛，初級狀態,土耳其,出口總值(含復出口),323,200000
2018-11,39071000,聚縮醛，初級狀態,中國大陸,進口總值(含復進口),54,15560
2018-11,39071000,聚縮醛，初級狀態,中國大陸,出口總值(含復出口),6108,3404916
2018-11,39071000,聚縮醛，初級狀態,厄瓜多,出口總值(含復出口),33,20000
2018-11,39071000,聚縮醛，初級狀態,日本,進口總值(含復進口),875,383179
2018-11,39071000,聚縮醛，初級狀態,日本,出口總值(含復出口),447,192200
2018-11,39071000,聚縮醛，初級狀態,比利時,出口總值(含復出口),119,72050
2018-11,39071000,聚縮醛，初級狀態,印尼,出口總值(含復出口),33,20000
2018-11,39071000,聚縮醛，初級狀態,西班牙,出口總值(含復出口),59,36000
2018-11,39071000,聚縮醛，初級狀態,沙烏地阿拉伯,進口總值(含復進口),55,38000
2018-11,39071000,聚縮醛，初級狀態,孟加拉,出口總值(含復出口),33,20000
2018-11,39071000,聚縮醛，初級狀態,俄羅斯,出口總值(含復出口),67,40000
2018-11,39071000,聚縮醛，初級狀態,南非,出口總值(含復出口),28,18000
2018-11,39071000,聚縮醛，初級狀態,南韓,進口總值(含復進口),363,227500
2018-11,39071000,聚縮醛，初級狀態,突尼西亞,出口總值(含復出口),30,18000
2018-11,39071000,聚縮醛，初級狀態,美國,進口總值(含復進口),416,134671
2018-11,39071000,聚縮醛，初級狀態,美國,出口總值(含復出口),23,8000
2018-11,39071000,聚縮醛，初級狀態,英國,出口總值(含復出口),59,36000
2018-11,39071000,聚縮醛，初級狀態,香港,出口總值(含復出口),1231,539950
2018-11,39071000,聚縮醛，初級狀態,埃及,出口總值(含復出口),268,160000
2018-11,39071000,聚縮醛，初級狀態,泰國,進口總值(含復進口),309,178000
2018-11,39071000,聚縮醛，初級狀態,泰國,出口總值(含復出口),7,2700
2018-11,39071000,聚縮醛，初級狀態,馬來西亞,進口總值(含復進口),69,24150
2018-11,39071000,聚縮醛，初級狀態,馬來西亞,出口總值(含復出口),44,20370
2018-11,39071000,聚縮醛，初級狀態,荷蘭,進口總值(含復進口),835,207000
2018-11,39071000,聚縮醛，初級狀態,荷蘭,出口總值(含復出口),118,72000
2018-11,39071000,聚縮醛，初級狀態,斯洛維尼亞,出口總值(含復出口),30,18250
2018-11,39071000,聚縮醛，初級狀態,菲律賓,出口總值(含復出口),10,5625
2018-11,39071000,聚縮醛，初級狀態,越南,出口總值(含復出口),441,250222
2018-11,39071000,聚縮醛，初級狀態,新加坡,進口總值(含復進口),6,490
2018-11,39071000,聚縮醛，初級狀態,義大利,出口總值(含復出口),99,60000
2018-11,39071000,聚縮醛，初級狀態,葡萄牙,出口總值(含復出口),30,18000
2018-11,39071000,聚縮醛，初級狀態,德國,進口總值(含復進口),120,35575
2018-11,39071000,聚縮醛，初級狀態,德國,出口總值(含復出口),249,153000
2018-11,39071000,聚縮醛，初級狀態,墨西哥,出口總值(含復出口),5,2000
2018-11,39071000,聚縮醛，初級狀態,薩爾瓦多,出口總值(含復出口),28,18000
2018-12,39069010,其他丙烯酸聚合物粒，初級狀態,土耳其,出口總值(含復出口),3193,2419200
2018-12,39069010,其他丙烯酸聚合物粒，初級狀態,中國大陸,進口總值(含復進口),1046,418992
2018-12,39069010,其他丙烯酸聚合物粒，初級狀態,中國大陸,出口總值(含復出口),14280,5613938
2018-12,39069010,其他丙烯酸聚合物粒，初級狀態,中華民國,進口總值(含復進口),564,322400
2018-12,39069010,其他丙烯酸聚合物粒，初級狀態,丹麥,進口總值(含復進口),0,1
2018-12,39069010,其他丙烯酸聚合物粒，初級狀態,厄瓜多,出口總值(含復出口),31,22400
2018-12,39069010,其他丙烯酸聚合物粒，初級狀態,巴西,出口總值(含復出口),125,88000
2018-12,39069010,其他丙烯酸聚合物粒，初級狀態,巴基斯坦,出口總值(含復出口),475,344000
2018-12,39069010,其他丙烯酸聚合物粒，初級狀態,日本,進口總值(含復進口),868,317907
2018-12,39069010,其他丙烯酸聚合物粒，初級狀態,日本,出口總值(含復出口),71,83514
2018-12,39069010,其他丙烯酸聚合物粒，初級狀態,比利時,進口總值(含復進口),66,2640
2018-12,39069010,其他丙烯酸聚合物粒，初級狀態,比利時,出口總值(含復出口),23,17000
2018-12,39069010,其他丙烯酸聚合物粒，初級狀態,以色列,出口總值(含復出口),170,128000
2018-12,39069010,其他丙烯酸聚合物粒，初級狀態,加拿大,進口總值(含復進口),2,200
2018-12,39069010,其他丙烯酸聚合物粒，初級狀態,加拿大,出口總值(含復出口),39,15200
2018-12,39069010,其他丙烯酸聚合物粒，初級狀態,立陶宛,出口總值(含復出口),98,36000
2018-12,39069010,其他丙烯酸聚合物粒，初級狀態,伊朗,出口總值(含復出口),11,4000
2018-12,39069010,其他丙烯酸聚合物粒，初級狀態,印尼,出口總值(含復出口),147,65910
2018-12,39069010,其他丙烯酸聚合物粒，初級狀態,印度,出口總值(含復出口),132,59890
2018-12,39069010,其他丙烯酸聚合物粒，初級狀態,安哥拉,出口總值(含復出口),21,16000
2018-12,39069010,其他丙烯酸聚合物粒，初級狀態,西班牙,出口總值(含復出口),36,16000
2018-12,39069010,其他丙烯酸聚合物粒，初級狀態,沙烏地阿拉伯,出口總值(含復出口),761,480000
2018-12,39069010,其他丙烯酸聚合物粒，初級狀態,孟加拉,出口總值(含復出口),249,94835
2018-12,39069010,其他丙烯酸聚合物粒，初級狀態,波蘭,出口總值(含復出口),16,6000
2018-12,39069010,其他丙烯酸聚合物粒，初級狀態,法國,進口總值(含復進口),56,15500
2018-12,39069010,其他丙烯酸聚合物粒，初級狀態,肯亞,出口總值(含復出口),37,19200
2018-12,39069010,其他丙烯酸聚合物粒，初級狀態,阿拉伯聯合大公國,出口總值(含復出口),330,208000
2018-12,39069010,其他丙烯酸聚合物粒，初級狀態,阿曼,出口總值(含復出口),57,32000
2018-12,39069010,其他丙烯酸聚合物粒，初級狀態,俄羅斯,進口總值(含復進口),1,0
2018-12,39069010,其他丙烯酸聚合物粒，初級狀態,俄羅斯,出口總值(含復出口),55,20000
2018-12,39069010,其他丙烯酸聚合物粒，初級狀態,南非,出口總值(含復出口),385,279000
2018-12,39069010,其他丙烯酸聚合物粒，初級狀態,南韓,進口總值(含復進口),542,272330
2018-12,39069010,其他丙烯酸聚合物粒，初級狀態,南韓,出口總值(含復出口),196,122340
2018-12,39069010,其他丙烯酸聚合物粒，初級狀態,美國,進口總值(含復進口),668,80563
2018-12,39069010,其他丙烯酸聚合物粒，初級狀態,美國,出口總值(含復出口),653,245600
2018-12,39069010,其他丙烯酸聚合物粒，初級狀態,英國,出口總值(含復出口),140,52750
2018-12,39069010,其他丙烯酸聚合物粒，初級狀態,香港,出口總值(含復出口),897,331250
2018-12,39069010,其他丙烯酸聚合物粒，初級狀態,哥倫比亞,出口總值(含復出口),203,114400
2018-12,39069010,其他丙烯酸聚合物粒，初級狀態,埃及,出口總值(含復出口),220,144000
2018-12,39069010,其他丙烯酸聚合物粒，初級狀態,泰國,進口總值(含復進口),53,23800
2018-12,39069010,其他丙烯酸聚合物粒，初級狀態,泰國,出口總值(含復出口),161,74200
2018-12,39069010,其他丙烯酸聚合物粒，初級狀態,紐西蘭,出口總值(含復出口),16,8000
2018-12,39069010,其他丙烯酸聚合物粒，初級狀態,馬來西亞,進口總值(含復進口),94,10000
2018-12,39069010,其他丙烯酸聚合物粒，初級狀態,馬來西亞,出口總值(含復出口),194,82205
2018-12,39069010,其他丙烯酸聚合物粒，初級狀態,荷蘭,進口總值(含復進口),172,42500
2018-12,39069010,其他丙烯酸聚合物粒，初級狀態,荷蘭,出口總值(含復出口),3,1000
2018-12,39069010,其他丙烯酸聚合物粒，初級狀態,越南,出口總值(含復出口),897,503875
2018-12,39069010,其他丙烯酸聚合物粒，初級狀態,新加坡,進口總值(含復進口),170,58700
2018-12,39069010,其他丙烯酸聚合物粒，初級狀態,新加坡,出口總值(含復出口),403,187200
2018-12,39069010,其他丙烯酸聚合物粒，初級狀態,瑞士,進口總值(含復進口),9,40
2018-12,39069010,其他丙烯酸聚合物粒，初級狀態,瑞典,出口總值(含復出口),20,8000
2018-12,39069010,其他丙烯酸聚合物粒，初級狀態,義大利,出口總值(含復出口),271,107000
2018-12,39069010,其他丙烯酸聚合物粒，初級狀態,葡萄牙,出口總值(含復出口),28,22400
2018-12,39069010,其他丙烯酸聚合物粒，初級狀態,德國,進口總值(含復進口),94,42063
2018-12,39069010,其他丙烯酸聚合物粒，初級狀態,黎巴嫩,出口總值(含復出口),107,80000
2018-12,39069010,其他丙烯酸聚合物粒，初級狀態,墨西哥,出口總值(含復出口),1666,1264000
2018-12,39069010,其他丙烯酸聚合物粒，初級狀態,澳大利亞,出口總值(含復出口),124,53280
2018-12,39071000,聚縮醛，初級狀態,土耳其,出口總值(含復出口),121,80000
2018-12,39071000,聚縮醛，初級狀態,中國大陸,進口總值(含復進口),146,27111
2018-12,39071000,聚縮醛，初級狀態,中國大陸,出口總值(含復出口),6830,4102551
2018-12,39071000,聚縮醛，初級狀態,中華民國,進口總值(含復進口),43,36250
2018-12,39071000,聚縮醛，初級狀態,丹麥,出口總值(含復出口),58,36000
2018-12,39071000,聚縮醛，初級狀態,巴西,出口總值(含復出口),121,80000
2018-12,39071000,聚縮醛，初級狀態,巴基斯坦,出口總值(含復出口),2,1150
2018-12,39071000,聚縮醛，初級狀態,日本,進口總值(含復進口),785,295842
2018-12,39071000,聚縮醛，初級狀態,日本,出口總值(含復出口),381,163600
2018-12,39071000,聚縮醛，初級狀態,比利時,出口總值(含復出口),276,180000
2018-12,39071000,聚縮醛，初級狀態,以色列,出口總值(含復出口),26,18000
2018-12,39071000,聚縮醛，初級狀態,印尼,出口總值(含復出口),31,19000
2018-12,39071000,聚縮醛，初級狀態,印度,出口總值(含復出口),31,20000
2018-12,39071000,聚縮醛，初級狀態,沙烏地阿拉伯,進口總值(含復進口),126,95000
2018-12,39071000,聚縮醛，初級狀態,孟加拉,出口總值(含復出口),42,25000
2018-12,39071000,聚縮醛，初級狀態,阿根廷,出口總值(含復出口),29,18000
2018-12,39071000,聚縮醛，初級狀態,俄羅斯,出口總值(含復出口),154,100000
2018-12,39071000,聚縮醛，初級狀態,南韓,進口總值(含復進口),257,131500
2018-12,39071000,聚縮醛，初級狀態,美國,進口總值(含復進口),778,232825
2018-12,39071000,聚縮醛，初級狀態,美國,出口總值(含復出口),141,90000
2018-12,39071000,聚縮醛，初級狀態,香港,出口總值(含復出口),931,392250
2018-12,39071000,聚縮醛，初級狀態,泰國,進口總值(含復進口),404,229000
2018-12,39071000,聚縮醛，初級狀態,泰國,出口總值(含復出口),28,10300
2018-12,39071000,聚縮醛，初級狀態,馬來西亞,進口總值(含復進口),140,81500
2018-12,39071000,聚縮醛，初級狀態,馬來西亞,出口總值(含復出口),52,28000
2018-12,39071000,聚縮醛，初級狀態,荷蘭,進口總值(含復進口),354,95675
2018-12,39071000,聚縮醛，初級狀態,荷蘭,出口總值(含復出口),224,132560
2018-12,39071000,聚縮醛，初級狀態,斯里蘭卡,出口總值(含復出口),0,50
2018-12,39071000,聚縮醛，初級狀態,斯洛維尼亞,出口總值(含復出口),27,18000
2018-12,39071000,聚縮醛，初級狀態,越南,出口總值(含復出口),214,105000
2018-12,39071000,聚縮醛，初級狀態,新加坡,進口總值(含復進口),18,1200
2018-12,39071000,聚縮醛，初級狀態,義大利,出口總值(含復出口),56,36000
2018-12,39071000,聚縮醛，初級狀態,德國,進口總值(含復進口),60,13135
2018-12,39071000,聚縮醛，初級狀態,德國,出口總值(含復出口),165,111000
2018-12,39071000,聚縮醛，初級狀態,墨西哥,進口總值(含復進口),9,21827
2018-12,39071000,聚縮醛，初級狀態,墨西哥,出口總值(含復出口),4,1500
2018-12,39071000,聚縮醛，初級狀態,澳大利亞,出口總值(含復出口),29,18000
2018-1,39073010,丙二酚型環氧樹脂,土耳其,出口總值(含復出口),653,228200
2018-1,39073010,丙二酚型環氧樹脂,中國大陸,進口總值(含復進口),140,53280
2018-1,39073010,丙二酚型環氧樹脂,中國大陸,出口總值(含復出口),9157,2883965
2018-1,39073010,丙二酚型環氧樹脂,中華民國,進口總值(含復進口),3,1000
2018-1,39073010,丙二酚型環氧樹脂,巴林,出口總值(含復出口),51,17600
2018-1,39073010,丙二酚型環氧樹脂,巴基斯坦,出口總值(含復出口),156,55665
2018-1,39073010,丙二酚型環氧樹脂,日本,進口總值(含復進口),185,4097
2018-1,39073010,丙二酚型環氧樹脂,日本,出口總值(含復出口),3728,1335640
2018-1,39073010,丙二酚型環氧樹脂,比利時,進口總值(含復進口),1,34
2018-1,39073010,丙二酚型環氧樹脂,加拿大,出口總值(含復出口),100,44000
2018-1,39073010,丙二酚型環氧樹脂,卡達,出口總值(含復出口),40,17600
2018-1,39073010,丙二酚型環氧樹脂,伊朗,出口總值(含復出口),136,49600
2018-1,39073010,丙二酚型環氧樹脂,印尼,出口總值(含復出口),680,230880
2018-1,39073010,丙二酚型環氧樹脂,西班牙,出口總值(含復出口),250,79200
2018-1,39073010,丙二酚型環氧樹脂,孟加拉,出口總值(含復出口),42,16000
2018-1,39073010,丙二酚型環氧樹脂,阿拉伯聯合大公國,出口總值(含復出口),176,70400
2018-1,39073010,丙二酚型環氧樹脂,阿曼,出口總值(含復出口),103,35200
2018-1,39073010,丙二酚型環氧樹脂,南非,出口總值(含復出口),35,16000
2018-1,39073010,丙二酚型環氧樹脂,南韓,進口總值(含復進口),68,16000
2018-1,39073010,丙二酚型環氧樹脂,南韓,出口總值(含復出口),424,138880
2018-1,39073010,丙二酚型環氧樹脂,美國,進口總值(含復進口),275,97986
2018-1,39073010,丙二酚型環氧樹脂,美國,出口總值(含復出口),191,70200
2018-1,39073010,丙二酚型環氧樹脂,英國,進口總值(含復進口),9,257
2018-1,39073010,丙二酚型環氧樹脂,英國,出口總值(含復出口),154,46200
2018-1,39073010,丙二酚型環氧樹脂,香港,出口總值(含復出口),95,31200
2018-1,39073010,丙二酚型環氧樹脂,泰國,出口總值(含復出口),179,68320
2018-1,39073010,丙二酚型環氧樹脂,馬來西亞,進口總值(含復進口),84,24000
2018-1,39073010,丙二酚型環氧樹脂,馬來西亞,出口總值(含復出口),1633,583655
2018-1,39073010,丙二酚型環氧樹脂,荷蘭,進口總值(含復進口),139,64560
2018-1,39073010,丙二酚型環氧樹脂,荷蘭,出口總值(含復出口),370,123500
2018-1,39073010,丙二酚型環氧樹脂,喬治亞,出口總值(含復出口),58,18080
2018-1,39073010,丙二酚型環氧樹脂,菲律賓,出口總值(含復出口),793,315800
2018-1,39073010,丙二酚型環氧樹脂,越南,出口總值(含復出口),942,333130
2018-1,39073010,丙二酚型環氧樹脂,愛爾蘭,進口總值(含復進口),4,154
2018-1,39073010,丙二酚型環氧樹脂,新加坡,出口總值(含復出口),748,283780
2018-1,39073010,丙二酚型環氧樹脂,義大利,出口總值(含復出口),140,45880
2018-1,39073010,丙二酚型環氧樹脂,德國,進口總值(含復進口),56,18200
2018-1,39073010,丙二酚型環氧樹脂,墨西哥,出口總值(含復出口),19,7000
2018-1,39073010,丙二酚型環氧樹脂,澳大利亞,出口總值(含復出口),47,17600
2018-1,39073010,丙二酚型環氧樹脂,澳門,出口總值(含復出口),217,90750
2018-1,39074000,聚碳酸樹脂，初級狀態,中國大陸,進口總值(含復進口),10117,3031480
2018-1,39074000,聚碳酸樹脂，初級狀態,中國大陸,出口總值(含復出口),89104,27846452
2018-1,39074000,聚碳酸樹脂，初級狀態,中華民國,進口總值(含復進口),65,26010
2018-1,39074000,聚碳酸樹脂，初級狀態,巴西,出口總值(含復出口),142,33000
2018-1,39074000,聚碳酸樹脂，初級狀態,巴基斯坦,出口總值(含復出口),21,6000
2018-1,39074000,聚碳酸樹脂，初級狀態,日本,進口總值(含復進口),12299,1622574
2018-1,39074000,聚碳酸樹脂，初級狀態,日本,出口總值(含復出口),4880,1663786
2018-1,39074000,聚碳酸樹脂，初級狀態,比利時,進口總值(含復進口),104,23750
2018-1,39074000,聚碳酸樹脂，初級狀態,比利時,出口總值(含復出口),21,6000
2018-1,39074000,聚碳酸樹脂，初級狀態,以色列,出口總值(含復出口),19,5000
2018-1,39074000,聚碳酸樹脂，初級狀態,伊朗,出口總值(含復出口),894,274000
2018-1,39074000,聚碳酸樹脂，初級狀態,印尼,出口總值(含復出口),253,75500
2018-1,39074000,聚碳酸樹脂，初級狀態,印度,進口總值(含復進口),8,2575
2018-1,39074000,聚碳酸樹脂，初級狀態,印度,出口總值(含復出口),15,7900
2018-1,39074000,聚碳酸樹脂，初級狀態,西班牙,進口總值(含復進口),599,203700
2018-1,39074000,聚碳酸樹脂，初級狀態,沙烏地阿拉伯,進口總值(含復進口),6721,2388000
2018-1,39074000,聚碳酸樹脂，初級狀態,孟加拉,出口總值(含復出口),154,47000
2018-1,39074000,聚碳酸樹脂，初級狀態,波蘭,出口總值(含復出口),16,4025
2018-1,39074000,聚碳酸樹脂，初級狀態,法國,出口總值(含復出口),16,4000
2018-1,39074000,聚碳酸樹脂，初級狀態,阿根廷,出口總值(含復出口),45,12000
2018-1,39074000,聚碳酸樹脂，初級狀態,俄羅斯,出口總值(含復出口),20,5000
2018-1,39074000,聚碳酸樹脂，初級狀態,南非,出口總值(含復出口),170,49000
2018-1,39074000,聚碳酸樹脂，初級狀態,南韓,進口總值(含復進口),3401,975950
2018-1,39074000,聚碳酸樹脂，初級狀態,南韓,出口總值(含復出口),4022,1139000
2018-1,39074000,聚碳酸樹脂，初級狀態,突尼西亞,出口總值(含復出口),62,15025
2018-1,39074000,聚碳酸樹脂，初級狀態,美國,進口總值(含復進口),500,154880
2018-1,39074000,聚碳酸樹脂，初級狀態,美國,出口總值(含復出口),1266,395559
2018-1,39074000,聚碳酸樹脂，初級狀態,英國,進口總值(含復進口),7,175
2018-1,39074000,聚碳酸樹脂，初級狀態,英國,出口總值(含復出口),92,26625
2018-1,39074000,聚碳酸樹脂，初級狀態,香港,進口總值(含復進口),86,37500
2018-1,39074000,聚碳酸樹脂，初級狀態,香港,出口總值(含復出口),8443,2377940
2018-1,39074000,聚碳酸樹脂，初級狀態,哥倫比亞,出口總值(含復出口),33,10000
2018-1,39074000,聚碳酸樹脂，初級狀態,哥斯大黎加,出口總值(含復出口),10,16500
2018-1,39074000,聚碳酸樹脂，初級狀態,挪威,出口總值(含復出口),50,16000
2018-1,39074000,聚碳酸樹脂，初級狀態,泰國,進口總值(含復進口),3361,1062436
2018-1,39074000,聚碳酸樹脂，初級狀態,泰國,出口總值(含復出口),573,206450
2018-1,39074000,聚碳酸樹脂，初級狀態,紐西蘭,出口總值(含復出口),35,10500
2018-1,39074000,聚碳酸樹脂，初級狀態,馬來西亞,進口總值(含復進口),3,6225
2018-1,39074000,聚碳酸樹脂，初級狀態,馬來西亞,出口總值(含復出口),567,229575
2018-1,39074000,聚碳酸樹脂，初級狀態,荷蘭,進口總值(含復進口),83,14938
2018-1,39074000,聚碳酸樹脂，初級狀態,荷蘭,出口總值(含復出口),1416,433900
2018-1,39074000,聚碳酸樹脂，初級狀態,斯里蘭卡,出口總值(含復出口),49,15000
2018-1,39074000,聚碳酸樹脂，初級狀態,斯洛維尼亞,出口總值(含復出口),163,48000
2018-1,39074000,聚碳酸樹脂，初級狀態,智利,出口總值(含復出口),209,60000
2018-1,39074000,聚碳酸樹脂，初級狀態,菲律賓,出口總值(含復出口),23,5500
2018-1,39074000,聚碳酸樹脂，初級狀態,越南,出口總值(含復出口),2024,591342
2018-1,39074000,聚碳酸樹脂，初級狀態,奧地利,進口總值(含復進口),9,52
2018-1,39074000,聚碳酸樹脂，初級狀態,新加坡,進口總值(含復進口),340,74722
2018-1,39074000,聚碳酸樹脂，初級狀態,新加坡,出口總值(含復出口),556,166835
2018-1,39074000,聚碳酸樹脂，初級狀態,瑞士,進口總值(含復進口),147,21000
2018-1,39074000,聚碳酸樹脂，初級狀態,義大利,進口總值(含復進口),128,41478
2018-1,39074000,聚碳酸樹脂，初級狀態,義大利,出口總值(含復出口),20,6000
2018-1,39074000,聚碳酸樹脂，初級狀態,德國,進口總值(含復進口),5542,2505200
2018-1,39074000,聚碳酸樹脂，初級狀態,德國,出口總值(含復出口),7,2000
2018-1,39074000,聚碳酸樹脂，初級狀態,緬甸,出口總值(含復出口),58,32000
2018-1,39074000,聚碳酸樹脂，初級狀態,墨西哥,進口總值(含復進口),39,25950
2018-1,39074000,聚碳酸樹脂，初級狀態,墨西哥,出口總值(含復出口),215,70000
2018-1,39074000,聚碳酸樹脂，初級狀態,澳大利亞,出口總值(含復出口),39,10000
2018-1,39075000,醇酸樹脂，初級狀態,中國大陸,進口總值(含復進口),183,50200
2018-1,39075000,醇酸樹脂，初級狀態,中國大陸,出口總值(含復出口),613,329170
2018-1,39075000,醇酸樹脂，初級狀態,巴基斯坦,出口總值(含復出口),28,15400
2018-1,39075000,醇酸樹脂，初級狀態,日本,進口總值(含復進口),17,6060
2018-1,39075000,醇酸樹脂，初級狀態,日本,出口總值(含復出口),22,9600
2018-1,39075000,醇酸樹脂，初級狀態,卡達,出口總值(含復出口),50,33000
2018-1,39075000,醇酸樹脂，初級狀態,印尼,出口總值(含復出口),83,38200
2018-1,39075000,醇酸樹脂，初級狀態,沙烏地阿拉伯,出口總值(含復出口),25,16800
2018-1,39075000,醇酸樹脂，初級狀態,孟加拉,出口總值(含復出口),11,5000
2018-1,39075000,醇酸樹脂，初級狀態,南韓,出口總值(含復出口),44,16000
2018-1,39075000,醇酸樹脂，初級狀態,香港,出口總值(含復出口),3,400
2018-1,39075000,醇酸樹脂，初級狀態,泰國,出口總值(含復出口),94,52950
2018-1,39075000,醇酸樹脂，初級狀態,紐西蘭,出口總值(含復出口),3,1600
2018-1,39075000,醇酸樹脂，初級狀態,馬來西亞,出口總值(含復出口),361,163120
2018-1,39075000,醇酸樹脂，初級狀態,斯里蘭卡,出口總值(含復出口),102,62400
2018-1,39075000,醇酸樹脂，初級狀態,菲律賓,出口總值(含復出口),8,3550
2018-1,39075000,醇酸樹脂，初級狀態,越南,出口總值(含復出口),3046,1857026
2018-1,39075000,醇酸樹脂，初級狀態,新加坡,出口總值(含復出口),94,41920
2018-1,39075000,醇酸樹脂，初級狀態,義大利,進口總值(含復進口),20,4400
2018-1,39075000,醇酸樹脂，初級狀態,德國,進口總值(含復進口),3,1170
2018-1,39075000,醇酸樹脂，初級狀態,緬甸,出口總值(含復出口),34,17621
2018-1,39075000,醇酸樹脂，初級狀態,澳大利亞,出口總值(含復出口),108,50920
2018-2,39073010,丙二酚型環氧樹脂,土耳其,出口總值(含復出口),92,34760
2018-2,39073010,丙二酚型環氧樹脂,中國大陸,進口總值(含復進口),118,32600
2018-2,39073010,丙二酚型環氧樹脂,中國大陸,出口總值(含復出口),3007,957390
2018-2,39073010,丙二酚型環氧樹脂,巴林,出口總值(含復出口),106,35200
2018-2,39073010,丙二酚型環氧樹脂,日本,進口總值(含復進口),47,2980
2018-2,39073010,丙二酚型環氧樹脂,日本,出口總值(含復出口),3046,1039970
2018-2,39073010,丙二酚型環氧樹脂,加拿大,出口總值(含復出口),169,66000
2018-2,39073010,丙二酚型環氧樹脂,伊朗,出口總值(含復出口),86,32000
2018-2,39073010,丙二酚型環氧樹脂,印尼,出口總值(含復出口),621,208320
2018-2,39073010,丙二酚型環氧樹脂,印度,出口總值(含復出口),220,76800
2018-2,39073010,丙二酚型環氧樹脂,西班牙,出口總值(含復出口),283,93640
2018-2,39073010,丙二酚型環氧樹脂,希臘,出口總值(含復出口),105,35100
2018-2,39073010,丙二酚型環氧樹脂,孟加拉,出口總值(含復出口),128,48000
2018-2,39073010,丙二酚型環氧樹脂,阿拉伯聯合大公國,出口總值(含復出口),997,347200
2018-2,39073010,丙二酚型環氧樹脂,阿曼,出口總值(含復出口),102,35200
2018-2,39073010,丙二酚型環氧樹脂,南韓,進口總值(含復進口),106,26530
2018-2,39073010,丙二酚型環氧樹脂,南韓,出口總值(含復出口),143,47400
2018-2,39073010,丙二酚型環氧樹脂,美國,進口總值(含復進口),42,18290
2018-2,39073010,丙二酚型環氧樹脂,美國,出口總值(含復出口),406,141380
2018-2,39073010,丙二酚型環氧樹脂,英國,出口總值(含復出口),55,17500
2018-2,39073010,丙二酚型環氧樹脂,香港,出口總值(含復出口),94,30400
2018-2,39073010,丙二酚型環氧樹脂,埃及,出口總值(含復出口),116,41800
2018-2,39073010,丙二酚型環氧樹脂,泰國,出口總值(含復出口),68,16928
2018-2,39073010,丙二酚型環氧樹脂,馬來西亞,進口總值(含復進口),99,24000
2018-2,39073010,丙二酚型環氧樹脂,馬來西亞,出口總值(含復出口),2243,788290
2018-2,39073010,丙二酚型環氧樹脂,荷蘭,進口總值(含復進口),378,170700
2018-2,39073010,丙二酚型環氧樹脂,荷蘭,出口總值(含復出口),845,279685
2018-2,39073010,丙二酚型環氧樹脂,菲律賓,出口總值(含復出口),995,383600
2018-2,39073010,丙二酚型環氧樹脂,越南,出口總值(含復出口),671,239170
2018-2,39073010,丙二酚型環氧樹脂,奧地利,出口總值(含復出口),248,87500
2018-2,39073010,丙二酚型環氧樹脂,新加坡,出口總值(含復出口),886,320080
2018-2,39073010,丙二酚型環氧樹脂,義大利,出口總值(含復出口),280,89115
2018-2,39073010,丙二酚型環氧樹脂,德國,進口總值(含復進口),20,8126
2018-2,39073010,丙二酚型環氧樹脂,德國,出口總值(含復出口),117,38960
2018-2,39073010,丙二酚型環氧樹脂,墨西哥,出口總值(含復出口),77,29000
2018-2,39073010,丙二酚型環氧樹脂,澳大利亞,出口總值(含復出口),186,65200
2018-2,39073010,丙二酚型環氧樹脂,澳門,出口總值(含復出口),195,78870
2018-2,39074000,聚碳酸樹脂，初級狀態,土耳其,出口總值(含復出口),233,64000
2018-2,39074000,聚碳酸樹脂，初級狀態,中國大陸,進口總值(含復進口),5185,1456043
2018-2,39074000,聚碳酸樹脂，初級狀態,中國大陸,出口總值(含復出口),72654,21637199
2018-2,39074000,聚碳酸樹脂，初級狀態,中華民國,進口總值(含復進口),34,7975
2018-2,39074000,聚碳酸樹脂，初級狀態,巴西,出口總值(含復出口),128,34000
2018-2,39074000,聚碳酸樹脂，初級狀態,巴基斯坦,出口總值(含復出口),128,36000
2018-2,39074000,聚碳酸樹脂，初級狀態,日本,進口總值(含復進口),6664,758758
2018-2,39074000,聚碳酸樹脂，初級狀態,日本,出口總值(含復出口),2987,894550
2018-2,39074000,聚碳酸樹脂，初級狀態,比利時,進口總值(含復進口),163,14700
2018-2,39074000,聚碳酸樹脂，初級狀態,比利時,出口總值(含復出口),35,9000
2018-2,39074000,聚碳酸樹脂，初級狀態,以色列,出口總值(含復出口),57,16000
2018-2,39074000,聚碳酸樹脂，初級狀態,加拿大,進口總值(含復進口),8,450
2018-2,39074000,聚碳酸樹脂，初級狀態,加拿大,出口總值(含復出口),146,38000
2018-2,39074000,聚碳酸樹脂，初級狀態,立陶宛,出口總值(含復出口),7,2000
2018-2,39074000,聚碳酸樹脂，初級狀態,伊朗,出口總值(含復出口),567,160000
2018-2,39074000,聚碳酸樹脂，初級狀態,印尼,出口總值(含復出口),475,139820
2018-2,39074000,聚碳酸樹脂，初級狀態,印度,進口總值(含復進口),0,50
2018-2,39074000,聚碳酸樹脂，初級狀態,西班牙,進口總值(含復進口),63,20000
2018-2,39074000,聚碳酸樹脂，初級狀態,西班牙,出口總值(含復出口),7,2000
2018-2,39074000,聚碳酸樹脂，初級狀態,沙烏地阿拉伯,進口總值(含復進口),1334,456000
2018-2,39074000,聚碳酸樹脂，初級狀態,孟加拉,出口總值(含復出口),291,82250
2018-2,39074000,聚碳酸樹脂，初級狀態,波蘭,出口總值(含復出口),22,6000
2018-2,39074000,聚碳酸樹脂，初級狀態,法國,出口總值(含復出口),13,3000
2018-2,39074000,聚碳酸樹脂，初級狀態,阿根廷,出口總值(含復出口),22,6000
2018-2,39074000,聚碳酸樹脂，初級狀態,俄羅斯,出口總值(含復出口),29,8000
2018-2,39074000,聚碳酸樹脂，初級狀態,南非,出口總值(含復出口),146,41000
2018-2,39074000,聚碳酸樹脂，初級狀態,南韓,進口總值(含復進口),2885,812000
2018-2,39074000,聚碳酸樹脂，初級狀態,南韓,出口總值(含復出口),2537,700000
2018-2,39074000,聚碳酸樹脂，初級狀態,突尼西亞,出口總值(含復出口),11,3000
2018-2,39074000,聚碳酸樹脂，初級狀態,美國,進口總值(含復進口),775,124508
2018-2,39074000,聚碳酸樹脂，初級狀態,美國,出口總值(含復出口),842,254000
2018-2,39074000,聚碳酸樹脂，初級狀態,英國,進口總值(含復進口),10,1745
2018-2,39074000,聚碳酸樹脂，初級狀態,英國,出口總值(含復出口),284,79250
2018-2,39074000,聚碳酸樹脂，初級狀態,香港,進口總值(含復進口),17,7500
2018-2,39074000,聚碳酸樹脂，初級狀態,香港,出口總值(含復出口),6880,1833050
2018-2,39074000,聚碳酸樹脂，初級狀態,泰國,進口總值(含復進口),3009,948529
2018-2,39074000,聚碳酸樹脂，初級狀態,泰國,出口總值(含復出口),443,163500
2018-2,39074000,聚碳酸樹脂，初級狀態,秘魯,出口總值(含復出口),31,9000
2018-2,39074000,聚碳酸樹脂，初級狀態,馬來西亞,進口總值(含復進口),11,1250
2018-2,39074000,聚碳酸樹脂，初級狀態,馬來西亞,出口總值(含復出口),521,179775
2018-2,39074000,聚碳酸樹脂，初級狀態,敘利亞,出口總值(含復出口),15,4000
2018-2,39074000,聚碳酸樹脂，初級狀態,荷蘭,進口總值(含復進口),143,44800
2018-2,39074000,聚碳酸樹脂，初級狀態,荷蘭,出口總值(含復出口),975,292000
2018-2,39074000,聚碳酸樹脂，初級狀態,斯里蘭卡,出口總值(含復出口),36,10000
2018-2,39074000,聚碳酸樹脂，初級狀態,斯洛維尼亞,出口總值(含復出口),12,3000
2018-2,39074000,聚碳酸樹脂，初級狀態,智利,出口總值(含復出口),209,60000
2018-2,39074000,聚碳酸樹脂，初級狀態,菲律賓,出口總值(含復出口),33,10000
2018-2,39074000,聚碳酸樹脂，初級狀態,越南,出口總值(含復出口),925,253000
2018-2,39074000,聚碳酸樹脂，初級狀態,愛沙尼亞,出口總值(含復出口),0,29
2018-2,39074000,聚碳酸樹脂，初級狀態,新加坡,進口總值(含復進口),537,90256
2018-2,39074000,聚碳酸樹脂，初級狀態,新加坡,出口總值(含復出口),528,148630
2018-2,39074000,聚碳酸樹脂，初級狀態,瑞士,進口總值(含復進口),142,19700
2018-2,39074000,聚碳酸樹脂，初級狀態,義大利,出口總值(含復出口),55,16000
2018-2,39074000,聚碳酸樹脂，初級狀態,德國,進口總值(含復進口),4687,2144900
2018-2,39074000,聚碳酸樹脂，初級狀態,德國,出口總值(含復出口),90,27000
2018-2,39074000,聚碳酸樹脂，初級狀態,緬甸,出口總值(含復出口),74,28100
2018-2,39074000,聚碳酸樹脂，初級狀態,墨西哥,進口總值(含復進口),0,0
2018-2,39074000,聚碳酸樹脂，初級狀態,墨西哥,出口總值(含復出口),165,52000
2018-2,39074000,聚碳酸樹脂，初級狀態,澳大利亞,出口總值(含復出口),8,2000
2018-2,39075000,醇酸樹脂，初級狀態,中國大陸,進口總值(含復進口),43,16580
2018-2,39075000,醇酸樹脂，初級狀態,中國大陸,出口總值(含復出口),55,27604
2018-2,39075000,醇酸樹脂，初級狀態,日本,進口總值(含復進口),27,5555
2018-2,39075000,醇酸樹脂，初級狀態,印尼,出口總值(含復出口),13,4000
2018-2,39075000,醇酸樹脂，初級狀態,印度,出口總值(含復出口),13,4000
2018-2,39075000,醇酸樹脂，初級狀態,阿拉伯聯合大公國,出口總值(含復出口),19,10200
2018-2,39075000,醇酸樹脂，初級狀態,南韓,出口總值(含復出口),26,15200
2018-2,39075000,醇酸樹脂，初級狀態,美國,進口總值(含復進口),1,65
2018-2,39075000,醇酸樹脂，初級狀態,泰國,出口總值(含復出口),77,31790
2018-2,39075000,醇酸樹脂，初級狀態,紐西蘭,出口總值(含復出口),2,800
2018-2,39075000,醇酸樹脂，初級狀態,馬來西亞,出口總值(含復出口),172,84220
2018-2,39075000,醇酸樹脂，初級狀態,斯里蘭卡,出口總值(含復出口),57,36400
2018-2,39075000,醇酸樹脂，初級狀態,象牙海岸,出口總值(含復出口),25,16000
2018-2,39075000,醇酸樹脂，初級狀態,越南,出口總值(含復出口),1446,887500
2018-2,39075000,醇酸樹脂，初級狀態,新加坡,出口總值(含復出口),97,40880
2018-2,39075000,醇酸樹脂，初級狀態,模里西斯,出口總值(含復出口),12,7520
2018-2,39075000,醇酸樹脂，初級狀態,緬甸,出口總值(含復出口),26,16800
2018-2,39075000,醇酸樹脂，初級狀態,黎巴嫩,出口總值(含復出口),9,6470
2018-2,39075000,醇酸樹脂，初級狀態,澳大利亞,出口總值(含復出口),201,109870
2018-3,39073010,丙二酚型環氧樹脂,土耳其,出口總值(含復出口),392,141760
2018-3,39073010,丙二酚型環氧樹脂,中國大陸,進口總值(含復進口),103,33036
2018-3,39073010,丙二酚型環氧樹脂,中國大陸,出口總值(含復出口),6844,2249339
2018-3,39073010,丙二酚型環氧樹脂,中華民國,進口總值(含復進口),132,71530
2018-3,39073010,丙二酚型環氧樹脂,巴西,出口總值(含復出口),125,45600
2018-3,39073010,丙二酚型環氧樹脂,巴基斯坦,出口總值(含復出口),312,111600
2018-3,39073010,丙二酚型環氧樹脂,日本,進口總值(含復進口),146,9417
2018-3,39073010,丙二酚型環氧樹脂,日本,出口總值(含復出口),4886,1686505
2018-3,39073010,丙二酚型環氧樹脂,加拿大,出口總值(含復出口),184,71000
2018-3,39073010,丙二酚型環氧樹脂,卡達,出口總值(含復出口),56,19200
2018-3,39073010,丙二酚型環氧樹脂,伊朗,出口總值(含復出口),87,32000
2018-3,39073010,丙二酚型環氧樹脂,印尼,出口總值(含復出口),381,129600
2018-3,39073010,丙二酚型環氧樹脂,印度,出口總值(含復出口),262,96550
2018-3,39073010,丙二酚型環氧樹脂,西班牙,出口總值(含復出口),100,36340
2018-3,39073010,丙二酚型環氧樹脂,希臘,出口總值(含復出口),159,52800
2018-3,39073010,丙二酚型環氧樹脂,沙烏地阿拉伯,出口總值(含復出口),168,52800
2018-3,39073010,丙二酚型環氧樹脂,孟加拉,出口總值(含復出口),83,32000
2018-3,39073010,丙二酚型環氧樹脂,法國,出口總值(含復出口),398,140000
2018-3,39073010,丙二酚型環氧樹脂,阿拉伯聯合大公國,出口總值(含復出口),2464,849600
2018-3,39073010,丙二酚型環氧樹脂,阿根廷,出口總值(含復出口),45,17600
2018-3,39073010,丙二酚型環氧樹脂,俄羅斯,出口總值(含復出口),49,18000
2018-3,39073010,丙二酚型環氧樹脂,南非,出口總值(含復出口),23,8400
2018-3,39073010,丙二酚型環氧樹脂,南韓,出口總值(含復出口),229,81400
2018-3,39073010,丙二酚型環氧樹脂,美國,進口總值(含復進口),477,121214
2018-3,39073010,丙二酚型環氧樹脂,美國,出口總值(含復出口),2548,947446
2018-3,39073010,丙二酚型環氧樹脂,英國,進口總值(含復進口),10,257
2018-3,39073010,丙二酚型環氧樹脂,英國,出口總值(含復出口),621,204080
2018-3,39073010,丙二酚型環氧樹脂,香港,出口總值(含復出口),127,43200
2018-3,39073010,丙二酚型環氧樹脂,哥斯大黎加,出口總值(含復出口),0,48
2018-3,39073010,丙二酚型環氧樹脂,泰國,出口總值(含復出口),83,32000
2018-3,39073010,丙二酚型環氧樹脂,烏克蘭,出口總值(含復出口),57,19200
2018-3,39073010,丙二酚型環氧樹脂,紐西蘭,出口總值(含復出口),11,4000
2018-3,39073010,丙二酚型環氧樹脂,馬來西亞,出口總值(含復出口),2504,921785
2018-3,39073010,丙二酚型環氧樹脂,荷蘭,進口總值(含復進口),189,59200
2018-3,39073010,丙二酚型環氧樹脂,荷蘭,出口總值(含復出口),1868,615700
2018-3,39073010,丙二酚型環氧樹脂,菲律賓,出口總值(含復出口),550,216440
2018-3,39073010,丙二酚型環氧樹脂,越南,出口總值(含復出口),774,279020
2018-3,39073010,丙二酚型環氧樹脂,奧地利,出口總值(含復出口),148,52500
2018-3,39073010,丙二酚型環氧樹脂,新加坡,出口總值(含復出口),738,277280
2018-3,39073010,丙二酚型環氧樹脂,義大利,出口總值(含復出口),1571,577160
2018-3,39073010,丙二酚型環氧樹脂,德國,進口總值(含復進口),11,1800
2018-3,39073010,丙二酚型環氧樹脂,德國,出口總值(含復出口),1271,436500
2018-3,39073010,丙二酚型環氧樹脂,緬甸,出口總值(含復出口),48,17600
2018-3,39073010,丙二酚型環氧樹脂,墨西哥,出口總值(含復出口),329,118400
2018-3,39073010,丙二酚型環氧樹脂,澳大利亞,出口總值(含復出口),464,165520
2018-3,39073010,丙二酚型環氧樹脂,澳門,出口總值(含復出口),156,60390
2018-3,39074000,聚碳酸樹脂，初級狀態,土耳其,進口總值(含復進口),38,15750
2018-3,39074000,聚碳酸樹脂，初級狀態,中國大陸,進口總值(含復進口),13961,3930780
2018-3,39074000,聚碳酸樹脂，初級狀態,中國大陸,出口總值(含復出口),75617,22440182
2018-3,39074000,聚碳酸樹脂，初級狀態,中華民國,進口總值(含復進口),2,350
2018-3,39074000,聚碳酸樹脂，初級狀態,巴西,出口總值(含復出口),78,16000
2018-3,39074000,聚碳酸樹脂，初級狀態,巴拉圭,出口總值(含復出口),54,16000
2018-3,39074000,聚碳酸樹脂，初級狀態,巴基斯坦,出口總值(含復出口),94,25000
2018-3,39074000,聚碳酸樹脂，初級狀態,日本,進口總值(含復進口),7056,755511
2018-3,39074000,聚碳酸樹脂，初級狀態,日本,出口總值(含復出口),2882,826350
2018-3,39074000,聚碳酸樹脂，初級狀態,比利時,進口總值(含復進口),155,50041
2018-3,39074000,聚碳酸樹脂，初級狀態,比利時,出口總值(含復出口),19,5000
2018-3,39074000,聚碳酸樹脂，初級狀態,以色列,出口總值(含復出口),95,26000
2018-3,39074000,聚碳酸樹脂，初級狀態,加拿大,出口總值(含復出口),164,42300
2018-3,39074000,聚碳酸樹脂，初級狀態,立陶宛,出口總值(含復出口),4,1000
2018-3,39074000,聚碳酸樹脂，初級狀態,伊朗,出口總值(含復出口),786,212000
2018-3,39074000,聚碳酸樹脂，初級狀態,印尼,出口總值(含復出口),776,237000
2018-3,39074000,聚碳酸樹脂，初級狀態,印度,出口總值(含復出口),130,36000
2018-3,39074000,聚碳酸樹脂，初級狀態,西班牙,進口總值(含復進口),277,156295
2018-3,39074000,聚碳酸樹脂，初級狀態,沙烏地阿拉伯,進口總值(含復進口),2039,649250
2018-3,39074000,聚碳酸樹脂，初級狀態,孟加拉,出口總值(含復出口),46,12750
2018-3,39074000,聚碳酸樹脂，初級狀態,法國,出口總值(含復出口),13,3000
2018-3,39074000,聚碳酸樹脂，初級狀態,肯亞,出口總值(含復出口),174,40000
2018-3,39074000,聚碳酸樹脂，初級狀態,阿拉伯聯合大公國,出口總值(含復出口),4,1000
2018-3,39074000,聚碳酸樹脂，初級狀態,阿根廷,出口總值(含復出口),86,24000
2018-3,39074000,聚碳酸樹脂，初級狀態,俄羅斯,出口總值(含復出口),34,8600
2018-3,39074000,聚碳酸樹脂，初級狀態,南非,出口總值(含復出口),151,41000
2018-3,39074000,聚碳酸樹脂，初級狀態,南韓,進口總值(含復進口),1687,481200
2018-3,39074000,聚碳酸樹脂，初級狀態,南韓,出口總值(含復出口),2998,813800
2018-3,39074000,聚碳酸樹脂，初級狀態,突尼西亞,出口總值(含復出口),8,2000
2018-3,39074000,聚碳酸樹脂，初級狀態,美國,進口總值(含復進口),837,229310
2018-3,39074000,聚碳酸樹脂，初級狀態,美國,出口總值(含復出口),1794,553327
2018-3,39074000,聚碳酸樹脂，初級狀態,英國,出口總值(含復出口),572,160625
2018-3,39074000,聚碳酸樹脂，初級狀態,香港,出口總值(含復出口),8428,2295371
2018-3,39074000,聚碳酸樹脂，初級狀態,哥倫比亞,出口總值(含復出口),109,30000
2018-3,39074000,聚碳酸樹脂，初級狀態,哥斯大黎加,出口總值(含復出口),13,20000
2018-3,39074000,聚碳酸樹脂，初級狀態,泰國,進口總值(含復進口),3560,1042819
2018-3,39074000,聚碳酸樹脂，初級狀態,泰國,出口總值(含復出口),535,220150
2018-3,39074000,聚碳酸樹脂，初級狀態,紐西蘭,出口總值(含復出口),69,19000
2018-3,39074000,聚碳酸樹脂，初級狀態,馬來西亞,進口總值(含復進口),78,6870
2018-3,39074000,聚碳酸樹脂，初級狀態,馬來西亞,出口總值(含復出口),1160,355300
2018-3,39074000,聚碳酸樹脂，初級狀態,敘利亞,出口總值(含復出口),44,11000
2018-3,39074000,聚碳酸樹脂，初級狀態,荷蘭,出口總值(含復出口),1072,308900
2018-3,39074000,聚碳酸樹脂，初級狀態,斯里蘭卡,出口總值(含復出口),29,8000
2018-3,39074000,聚碳酸樹脂，初級狀態,斯洛維尼亞,出口總值(含復出口),107,28000
2018-3,39074000,聚碳酸樹脂，初級狀態,智利,出口總值(含復出口),38,10000
2018-3,39074000,聚碳酸樹脂，初級狀態,菲律賓,進口總值(含復進口),68,56200
2018-3,39074000,聚碳酸樹脂，初級狀態,菲律賓,出口總值(含復出口),103,27000
2018-3,39074000,聚碳酸樹脂，初級狀態,越南,出口總值(含復出口),2251,613500
2018-3,39074000,聚碳酸樹脂，初級狀態,奧地利,進口總值(含復進口),2,10
2018-3,39074000,聚碳酸樹脂，初級狀態,新加坡,進口總值(含復進口),368,94495
2018-3,39074000,聚碳酸樹脂，初級狀態,新加坡,出口總值(含復出口),393,104400
2018-3,39074000,聚碳酸樹脂，初級狀態,瑞士,進口總值(含復進口),173,24025
2018-3,39074000,聚碳酸樹脂，初級狀態,瑞士,出口總值(含復出口),3,500
2018-3,39074000,聚碳酸樹脂，初級狀態,義大利,進口總值(含復進口),148,14058
2018-3,39074000,聚碳酸樹脂，初級狀態,義大利,出口總值(含復出口),34,9000
2018-3,39074000,聚碳酸樹脂，初級狀態,葡萄牙,出口總值(含復出口),18,5000
2018-3,39074000,聚碳酸樹脂，初級狀態,德國,進口總值(含復進口),3503,1436522
2018-3,39074000,聚碳酸樹脂，初級狀態,德國,出口總值(含復出口),166,46000
2018-3,39074000,聚碳酸樹脂，初級狀態,緬甸,出口總值(含復出口),29,16000
2018-3,39074000,聚碳酸樹脂，初級狀態,墨西哥,出口總值(含復出口),267,88000
2018-3,39074000,聚碳酸樹脂，初級狀態,澳大利亞,出口總值(含復出口),25,7000
2018-3,39075000,醇酸樹脂，初級狀態,中國大陸,進口總值(含復進口),47,31510
2018-3,39075000,醇酸樹脂，初級狀態,中國大陸,出口總值(含復出口),306,155370
2018-3,39075000,醇酸樹脂，初級狀態,日本,進口總值(含復進口),24,8908
2018-3,39075000,醇酸樹脂，初級狀態,日本,出口總值(含復出口),52,26000
2018-3,39075000,醇酸樹脂，初級狀態,印尼,出口總值(含復出口),71,43700
2018-3,39075000,醇酸樹脂，初級狀態,印度,出口總值(含復出口),25,8000
2018-3,39075000,醇酸樹脂，初級狀態,阿拉伯聯合大公國,出口總值(含復出口),16,8200
2018-3,39075000,醇酸樹脂，初級狀態,南韓,出口總值(含復出口),11,4800
2018-3,39075000,醇酸樹脂，初級狀態,美國,進口總值(含復進口),5,457
2018-3,39075000,醇酸樹脂，初級狀態,香港,出口總值(含復出口),6,2970
2018-3,39075000,醇酸樹脂，初級狀態,泰國,出口總值(含復出口),37,19830
2018-3,39075000,醇酸樹脂，初級狀態,紐西蘭,出口總值(含復出口),4,2000
2018-3,39075000,醇酸樹脂，初級狀態,馬來西亞,出口總值(含復出口),259,113680
2018-3,39075000,醇酸樹脂，初級狀態,喀麥隆,出口總值(含復出口),55,32000
2018-3,39075000,醇酸樹脂，初級狀態,斯里蘭卡,出口總值(含復出口),115,66400
2018-3,39075000,醇酸樹脂，初級狀態,越南,出口總值(含復出口),3348,2053692
2018-3,39075000,醇酸樹脂，初級狀態,新加坡,出口總值(含復出口),101,55840
2018-3,39075000,醇酸樹脂，初級狀態,模里西斯,出口總值(含復出口),6,3640
2018-3,39075000,醇酸樹脂，初級狀態,緬甸,出口總值(含復出口),29,2520
2018-3,39075000,醇酸樹脂，初級狀態,黎巴嫩,出口總值(含復出口),23,12800
2018-3,39075000,醇酸樹脂，初級狀態,澳大利亞,出口總值(含復出口),88,52280
2018-4,39073010,丙二酚型環氧樹脂,土耳其,出口總值(含復出口),789,288000
2018-4,39073010,丙二酚型環氧樹脂,中國大陸,進口總值(含復進口),58,20556
2018-4,39073010,丙二酚型環氧樹脂,中國大陸,出口總值(含復出口),4014,1250440
2018-4,39073010,丙二酚型環氧樹脂,巴西,出口總值(含復出口),193,74000
2018-4,39073010,丙二酚型環氧樹脂,巴林,出口總值(含復出口),105,35200
2018-4,39073010,丙二酚型環氧樹脂,巴基斯坦,出口總值(含復出口),141,52600
2018-4,39073010,丙二酚型環氧樹脂,日本,進口總值(含復進口),199,2962
2018-4,39073010,丙二酚型環氧樹脂,日本,出口總值(含復出口),3103,1093580
2018-4,39073010,丙二酚型環氧樹脂,加拿大,出口總值(含復出口),224,88000
2018-4,39073010,丙二酚型環氧樹脂,伊朗,出口總值(含復出口),184,67200
2018-4,39073010,丙二酚型環氧樹脂,印尼,出口總值(含復出口),109,40320
2018-4,39073010,丙二酚型環氧樹脂,印度,出口總值(含復出口),309,114290
2018-4,39073010,丙二酚型環氧樹脂,西班牙,出口總值(含復出口),164,57200
2018-4,39073010,丙二酚型環氧樹脂,孟加拉,出口總值(含復出口),42,16000
2018-4,39073010,丙二酚型環氧樹脂,法國,出口總值(含復出口),545,192500
2018-4,39073010,丙二酚型環氧樹脂,阿拉伯聯合大公國,出口總值(含復出口),1124,388800
2018-4,39073010,丙二酚型環氧樹脂,俄羅斯,出口總值(含復出口),355,124000
2018-4,39073010,丙二酚型環氧樹脂,南非,出口總值(含復出口),6,2200
2018-4,39073010,丙二酚型環氧樹脂,南韓,進口總值(含復進口),237,81070
2018-4,39073010,丙二酚型環氧樹脂,南韓,出口總值(含復出口),58,18400
2018-4,39073010,丙二酚型環氧樹脂,美國,進口總值(含復進口),490,119145
2018-4,39073010,丙二酚型環氧樹脂,美國,出口總值(含復出口),911,346148
2018-4,39073010,丙二酚型環氧樹脂,英國,出口總值(含復出口),54,17500
2018-4,39073010,丙二酚型環氧樹脂,香港,出口總值(含復出口),126,42080
2018-4,39073010,丙二酚型環氧樹脂,泰國,出口總值(含復出口),46,8170
2018-4,39073010,丙二酚型環氧樹脂,馬來西亞,進口總值(含復進口),103,24000
2018-4,39073010,丙二酚型環氧樹脂,馬來西亞,出口總值(含復出口),2564,955065
2018-4,39073010,丙二酚型環氧樹脂,荷蘭,進口總值(含復進口),109,34800
2018-4,39073010,丙二酚型環氧樹脂,荷蘭,出口總值(含復出口),1362,476090
2018-4,39073010,丙二酚型環氧樹脂,喬治亞,出口總值(含復出口),58,18240
2018-4,39073010,丙二酚型環氧樹脂,菲律賓,出口總值(含復出口),508,198700
2018-4,39073010,丙二酚型環氧樹脂,越南,出口總值(含復出口),765,261720
2018-4,39073010,丙二酚型環氧樹脂,奧地利,出口總值(含復出口),51,17500
2018-4,39073010,丙二酚型環氧樹脂,新加坡,出口總值(含復出口),1192,441560
2018-4,39073010,丙二酚型環氧樹脂,義大利,出口總值(含復出口),693,246910
2018-4,39073010,丙二酚型環氧樹脂,德國,出口總值(含復出口),669,229900
2018-4,39073010,丙二酚型環氧樹脂,墨西哥,出口總值(含復出口),337,118400
2018-4,39073010,丙二酚型環氧樹脂,澳大利亞,出口總值(含復出口),122,42970
2018-4,39073010,丙二酚型環氧樹脂,澳門,出口總值(含復出口),258,99180
2018-4,39074000,聚碳酸樹脂，初級狀態,土耳其,出口總值(含復出口),127,32000
2018-4,39074000,聚碳酸樹脂，初級狀態,中國大陸,進口總值(含復進口),10085,2649780
2018-4,39074000,聚碳酸樹脂，初級狀態,中國大陸,出口總值(含復出口),75166,22375402
2018-4,39074000,聚碳酸樹脂，初級狀態,中華民國,進口總值(含復進口),78,26603
2018-4,39074000,聚碳酸樹脂，初級狀態,巴西,出口總值(含復出口),84,22000
2018-4,39074000,聚碳酸樹脂，初級狀態,巴基斯坦,出口總值(含復出口),109,30000
2018-4,39074000,聚碳酸樹脂，初級狀態,日本,進口總值(含復進口),7338,1036217
2018-4,39074000,聚碳酸樹脂，初級狀態,日本,出口總值(含復出口),2523,684150
2018-4,39074000,聚碳酸樹脂，初級狀態,比利時,進口總值(含復進口),137,17500
2018-4,39074000,聚碳酸樹脂，初級狀態,比利時,出口總值(含復出口),12,3000
2018-4,39074000,聚碳酸樹脂，初級狀態,以色列,出口總值(含復出口),75,20000
2018-4,39074000,聚碳酸樹脂，初級狀態,加拿大,出口總值(含復出口),143,36000
2018-4,39074000,聚碳酸樹脂，初級狀態,伊朗,出口總值(含復出口),352,96000
2018-4,39074000,聚碳酸樹脂，初級狀態,印尼,出口總值(含復出口),450,134500
2018-4,39074000,聚碳酸樹脂，初級狀態,印度,進口總值(含復進口),3,900
2018-4,39074000,聚碳酸樹脂，初級狀態,西班牙,進口總值(含復進口),461,154000
2018-4,39074000,聚碳酸樹脂，初級狀態,西班牙,出口總值(含復出口),105,32000
2018-4,39074000,聚碳酸樹脂，初級狀態,沙烏地阿拉伯,進口總值(含復進口),4451,1380750
2018-4,39074000,聚碳酸樹脂，初級狀態,孟加拉,出口總值(含復出口),317,88000
2018-4,39074000,聚碳酸樹脂，初級狀態,法國,出口總值(含復出口),16,4000
2018-4,39074000,聚碳酸樹脂，初級狀態,肯亞,出口總值(含復出口),174,40000
2018-4,39074000,聚碳酸樹脂，初級狀態,南非,出口總值(含復出口),471,129000
2018-4,39074000,聚碳酸樹脂，初級狀態,南韓,進口總值(含復進口),3954,1110600
2018-4,39074000,聚碳酸樹脂，初級狀態,南韓,出口總值(含復出口),3032,811800
2018-4,39074000,聚碳酸樹脂，初級狀態,突尼西亞,出口總值(含復出口),96,24000
2018-4,39074000,聚碳酸樹脂，初級狀態,美國,進口總值(含復進口),1582,280668
2018-4,39074000,聚碳酸樹脂，初級狀態,美國,出口總值(含復出口),1279,411596
2018-4,39074000,聚碳酸樹脂，初級狀態,英國,出口總值(含復出口),875,252500
2018-4,39074000,聚碳酸樹脂，初級狀態,香港,進口總值(含復進口),1,40
2018-4,39074000,聚碳酸樹脂，初級狀態,香港,出口總值(含復出口),6105,1636125
2018-4,39074000,聚碳酸樹脂，初級狀態,哥倫比亞,出口總值(含復出口),181,50000
2018-4,39074000,聚碳酸樹脂，初級狀態,哥斯大黎加,出口總值(含復出口),8,12050
2018-4,39074000,聚碳酸樹脂，初級狀態,挪威,出口總值(含復出口),59,16000
2018-4,39074000,聚碳酸樹脂，初級狀態,泰國,進口總值(含復進口),3927,1120904
2018-4,39074000,聚碳酸樹脂，初級狀態,泰國,出口總值(含復出口),347,186000
2018-4,39074000,聚碳酸樹脂，初級狀態,紐西蘭,出口總值(含復出口),12,3000
2018-4,39074000,聚碳酸樹脂，初級狀態,馬來西亞,進口總值(含復進口),15,2000
2018-4,39074000,聚碳酸樹脂，初級狀態,馬來西亞,出口總值(含復出口),809,254011
2018-4,39074000,聚碳酸樹脂，初級狀態,荷蘭,進口總值(含復進口),103,31652
2018-4,39074000,聚碳酸樹脂，初級狀態,荷蘭,出口總值(含復出口),1392,393300
2018-4,39074000,聚碳酸樹脂，初級狀態,斯里蘭卡,出口總值(含復出口),44,12000
2018-4,39074000,聚碳酸樹脂，初級狀態,斯洛維尼亞,出口總值(含復出口),161,43000
2018-4,39074000,聚碳酸樹脂，初級狀態,越南,出口總值(含復出口),2223,645025
2018-4,39074000,聚碳酸樹脂，初級狀態,新加坡,進口總值(含復進口),1571,407457
2018-4,39074000,聚碳酸樹脂，初級狀態,新加坡,出口總值(含復出口),635,166875
2018-4,39074000,聚碳酸樹脂，初級狀態,瑞士,進口總值(含復進口),150,20850
2018-4,39074000,聚碳酸樹脂，初級狀態,瑞典,出口總值(含復出口),58,16000
2018-4,39074000,聚碳酸樹脂，初級狀態,義大利,進口總值(含復進口),14,2300
2018-4,39074000,聚碳酸樹脂，初級狀態,義大利,出口總值(含復出口),18,5000
2018-4,39074000,聚碳酸樹脂，初級狀態,德國,進口總值(含復進口),3931,1565225
2018-4,39074000,聚碳酸樹脂，初級狀態,德國,出口總值(含復出口),111,30000
2018-4,39074000,聚碳酸樹脂，初級狀態,緬甸,出口總值(含復出口),29,16100
2018-4,39074000,聚碳酸樹脂，初級狀態,墨西哥,出口總值(含復出口),156,54000
2018-4,39074000,聚碳酸樹脂，初級狀態,澳大利亞,出口總值(含復出口),26,7000
2018-4,39075000,醇酸樹脂，初級狀態,中國大陸,進口總值(含復進口),156,88340
2018-4,39075000,醇酸樹脂，初級狀態,中國大陸,出口總值(含復出口),532,274449
2018-4,39075000,醇酸樹脂，初級狀態,日本,進口總值(含復進口),18,4760
2018-4,39075000,醇酸樹脂，初級狀態,日本,出口總值(含復出口),27,12000
2018-4,39075000,醇酸樹脂，初級狀態,以色列,出口總值(含復出口),24,16800
2018-4,39075000,醇酸樹脂，初級狀態,印尼,出口總值(含復出口),66,34320
2018-4,39075000,醇酸樹脂，初級狀態,印度,出口總值(含復出口),21,8000
2018-4,39075000,醇酸樹脂，初級狀態,美國,進口總值(含復進口),5,762
2018-4,39075000,醇酸樹脂，初級狀態,哥斯大黎加,出口總值(含復出口),1,400
2018-4,39075000,醇酸樹脂，初級狀態,埃及,出口總值(含復出口),33,18800
2018-4,39075000,醇酸樹脂，初級狀態,泰國,出口總值(含復出口),52,24630
2018-4,39075000,醇酸樹脂，初級狀態,紐西蘭,出口總值(含復出口),5,2800
2018-4,39075000,醇酸樹脂，初級狀態,馬來西亞,出口總值(含復出口),156,72320
2018-4,39075000,醇酸樹脂，初級狀態,斯里蘭卡,出口總值(含復出口),32,17350
2018-4,39075000,醇酸樹脂，初級狀態,菲律賓,出口總值(含復出口),37,13580
2018-4,39075000,醇酸樹脂，初級狀態,越南,出口總值(含復出口),3059,1810677
2018-4,39075000,醇酸樹脂，初級狀態,奧地利,進口總值(含復進口),13,3150
2018-4,39075000,醇酸樹脂，初級狀態,新加坡,出口總值(含復出口),56,33360
2018-4,39075000,醇酸樹脂，初級狀態,德國,進口總值(含復進口),6,1950
2018-4,39075000,醇酸樹脂，初級狀態,模里西斯,出口總值(含復出口),70,47760
2018-4,39075000,醇酸樹脂，初級狀態,緬甸,出口總值(含復出口),75,37100
2018-4,39075000,醇酸樹脂，初級狀態,黎巴嫩,出口總值(含復出口),24,16040
2018-4,39075000,醇酸樹脂，初級狀態,澳大利亞,出口總值(含復出口),161,92200
2018-5,39073010,丙二酚型環氧樹脂,土耳其,出口總值(含復出口),460,164940
2018-5,39073010,丙二酚型環氧樹脂,中國大陸,進口總值(含復進口),206,73000
2018-5,39073010,丙二酚型環氧樹脂,中國大陸,出口總值(含復出口),8849,3041600
2018-5,39073010,丙二酚型環氧樹脂,巴西,出口總值(含復出口),586,219260
2018-5,39073010,丙二酚型環氧樹脂,巴林,出口總值(含復出口),104,35200
2018-5,39073010,丙二酚型環氧樹脂,巴基斯坦,出口總值(含復出口),89,35200
2018-5,39073010,丙二酚型環氧樹脂,日本,進口總值(含復進口),120,6892
2018-5,39073010,丙二酚型環氧樹脂,日本,出口總值(含復出口),3201,1116835
2018-5,39073010,丙二酚型環氧樹脂,加拿大,出口總值(含復出口),223,88000
2018-5,39073010,丙二酚型環氧樹脂,卡達,出口總值(含復出口),160,54400
2018-5,39073010,丙二酚型環氧樹脂,伊朗,出口總值(含復出口),330,120000
2018-5,39073010,丙二酚型環氧樹脂,印尼,出口總值(含復出口),93,33600
2018-5,39073010,丙二酚型環氧樹脂,印度,出口總值(含復出口),208,76800
2018-5,39073010,丙二酚型環氧樹脂,多明尼加,出口總值(含復出口),93,35200
2018-5,39073010,丙二酚型環氧樹脂,西班牙,出口總值(含復出口),117,37400
2018-5,39073010,丙二酚型環氧樹脂,孟加拉,出口總值(含復出口),83,32000
2018-5,39073010,丙二酚型環氧樹脂,波蘭,出口總值(含復出口),52,18880
2018-5,39073010,丙二酚型環氧樹脂,法國,出口總值(含復出口),197,70001
2018-5,39073010,丙二酚型環氧樹脂,阿拉伯聯合大公國,出口總值(含復出口),1211,422400
2018-5,39073010,丙二酚型環氧樹脂,阿根廷,出口總值(含復出口),45,17600
2018-5,39073010,丙二酚型環氧樹脂,阿曼,出口總值(含復出口),204,70400
2018-5,39073010,丙二酚型環氧樹脂,南非,出口總值(含復出口),27,9600
2018-5,39073010,丙二酚型環氧樹脂,南韓,進口總值(含復進口),51,17000
2018-5,39073010,丙二酚型環氧樹脂,南韓,出口總值(含復出口),59,18400
2018-5,39073010,丙二酚型環氧樹脂,約旦,出口總值(含復出口),42,17600
2018-5,39073010,丙二酚型環氧樹脂,美國,進口總值(含復進口),34,1201
2018-5,39073010,丙二酚型環氧樹脂,美國,出口總值(含復出口),1512,560810
2018-5,39073010,丙二酚型環氧樹脂,英國,出口總值(含復出口),235,74900
2018-5,39073010,丙二酚型環氧樹脂,香港,出口總值(含復出口),128,43200
2018-5,39073010,丙二酚型環氧樹脂,埃及,出口總值(含復出口),148,52800
2018-5,39073010,丙二酚型環氧樹脂,泰國,出口總值(含復出口),102,37170
2018-5,39073010,丙二酚型環氧樹脂,紐西蘭,出口總值(含復出口),8,3000
2018-5,39073010,丙二酚型環氧樹脂,馬來西亞,出口總值(含復出口),2189,801355
2018-5,39073010,丙二酚型環氧樹脂,荷蘭,進口總值(含復進口),121,36000
2018-5,39073010,丙二酚型環氧樹脂,荷蘭,出口總值(含復出口),1876,654755
2018-5,39073010,丙二酚型環氧樹脂,菲律賓,出口總值(含復出口),456,178000
2018-5,39073010,丙二酚型環氧樹脂,越南,出口總值(含復出口),1014,378660
2018-5,39073010,丙二酚型環氧樹脂,奧地利,出口總值(含復出口),49,17500
2018-5,39073010,丙二酚型環氧樹脂,新加坡,出口總值(含復出口),1077,404080
2018-5,39073010,丙二酚型環氧樹脂,義大利,出口總值(含復出口),588,194540
2018-5,39073010,丙二酚型環氧樹脂,葡萄牙,出口總值(含復出口),106,40000
2018-5,39073010,丙二酚型環氧樹脂,德國,進口總值(含復進口),49,6230
2018-5,39073010,丙二酚型環氧樹脂,德國,出口總值(含復出口),840,308480
2018-5,39073010,丙二酚型環氧樹脂,緬甸,出口總值(含復出口),48,17600
2018-5,39073010,丙二酚型環氧樹脂,墨西哥,出口總值(含復出口),422,144480
2018-5,39073010,丙二酚型環氧樹脂,澳大利亞,出口總值(含復出口),353,123880
2018-5,39073010,丙二酚型環氧樹脂,澳門,出口總值(含復出口),205,79260
2018-5,39074000,聚碳酸樹脂，初級狀態,中國大陸,進口總值(含復進口),10228,2884740
2018-5,39074000,聚碳酸樹脂，初級狀態,中國大陸,出口總值(含復出口),87302,25958335
2018-5,39074000,聚碳酸樹脂，初級狀態,中華民國,進口總值(含復進口),5,1100
2018-5,39074000,聚碳酸樹脂，初級狀態,巴西,出口總值(含復出口),131,34000
2018-5,39074000,聚碳酸樹脂，初級狀態,巴基斯坦,出口總值(含復出口),131,36000
2018-5,39074000,聚碳酸樹脂，初級狀態,日本,進口總值(含復進口),10577,898283
2018-5,39074000,聚碳酸樹脂，初級狀態,日本,出口總值(含復出口),2446,688600
2018-5,39074000,聚碳酸樹脂，初級狀態,比利時,進口總值(含復進口),175,49150
2018-5,39074000,聚碳酸樹脂，初級狀態,比利時,出口總值(含復出口),29,7000
2018-5,39074000,聚碳酸樹脂，初級狀態,以色列,出口總值(含復出口),164,45000
2018-5,39074000,聚碳酸樹脂，初級狀態,加拿大,出口總值(含復出口),207,55000
2018-5,39074000,聚碳酸樹脂，初級狀態,尼加拉瓜,出口總值(含復出口),5,5000
2018-5,39074000,聚碳酸樹脂，初級狀態,伊朗,出口總值(含復出口),314,86000
2018-5,39074000,聚碳酸樹脂，初級狀態,印尼,出口總值(含復出口),372,124000
2018-5,39074000,聚碳酸樹脂，初級狀態,印度,進口總值(含復進口),11,4000
2018-5,39074000,聚碳酸樹脂，初級狀態,西班牙,進口總值(含復進口),1047,290675
2018-5,39074000,聚碳酸樹脂，初級狀態,西班牙,出口總值(含復出口),454,135000
2018-5,39074000,聚碳酸樹脂，初級狀態,沙烏地阿拉伯,進口總值(含復進口),4687,1395750
2018-5,39074000,聚碳酸樹脂，初級狀態,孟加拉,出口總值(含復出口),211,58015
2018-5,39074000,聚碳酸樹脂，初級狀態,波蘭,出口總值(含復出口),84,24000
2018-5,39074000,聚碳酸樹脂，初級狀態,法國,出口總值(含復出口),58,16000
2018-5,39074000,聚碳酸樹脂，初級狀態,肯亞,出口總值(含復出口),176,40000
2018-5,39074000,聚碳酸樹脂，初級狀態,阿拉伯聯合大公國,進口總值(含復進口),23,5000
2018-5,39074000,聚碳酸樹脂，初級狀態,阿根廷,出口總值(含復出口),11,3000
2018-5,39074000,聚碳酸樹脂，初級狀態,南非,出口總值(含復出口),214,58000
2018-5,39074000,聚碳酸樹脂，初級狀態,南韓,進口總值(含復進口),3350,930000
2018-5,39074000,聚碳酸樹脂，初級狀態,南韓,出口總值(含復出口),1766,481000
2018-5,39074000,聚碳酸樹脂，初級狀態,美國,進口總值(含復進口),899,232611
2018-5,39074000,聚碳酸樹脂，初級狀態,美國,出口總值(含復出口),643,182100
2018-5,39074000,聚碳酸樹脂，初級狀態,英國,出口總值(含復出口),104,28025
2018-5,39074000,聚碳酸樹脂，初級狀態,香港,進口總值(含復進口),51,21297
2018-5,39074000,聚碳酸樹脂，初級狀態,香港,出口總值(含復出口),6576,1742435
2018-5,39074000,聚碳酸樹脂，初級狀態,哥倫比亞,出口總值(含復出口),146,40000
2018-5,39074000,聚碳酸樹脂，初級狀態,哥斯大黎加,出口總值(含復出口),13,19500
2018-5,39074000,聚碳酸樹脂，初級狀態,埃及,出口總值(含復出口),145,40540
2018-5,39074000,聚碳酸樹脂，初級狀態,泰國,進口總值(含復進口),4376,1316578
2018-5,39074000,聚碳酸樹脂，初級狀態,泰國,出口總值(含復出口),560,207325
2018-5,39074000,聚碳酸樹脂，初級狀態,紐西蘭,出口總值(含復出口),57,15500
2018-5,39074000,聚碳酸樹脂，初級狀態,馬來西亞,進口總值(含復進口),59,24621
2018-5,39074000,聚碳酸樹脂，初級狀態,馬來西亞,出口總值(含復出口),512,149485
2018-5,39074000,聚碳酸樹脂，初級狀態,荷蘭,進口總值(含復進口),95,20025
2018-5,39074000,聚碳酸樹脂，初級狀態,荷蘭,出口總值(含復出口),1474,404900
2018-5,39074000,聚碳酸樹脂，初級狀態,斯里蘭卡,出口總值(含復出口),75,20000
2018-5,39074000,聚碳酸樹脂，初級狀態,斯洛維尼亞,出口總值(含復出口),206,57000
2018-5,39074000,聚碳酸樹脂，初級狀態,智利,出口總值(含復出口),55,15000
2018-5,39074000,聚碳酸樹脂，初級狀態,菲律賓,出口總值(含復出口),78,21000
2018-5,39074000,聚碳酸樹脂，初級狀態,越南,出口總值(含復出口),2861,828000
2018-5,39074000,聚碳酸樹脂，初級狀態,新加坡,進口總值(含復進口),538,129475
2018-5,39074000,聚碳酸樹脂，初級狀態,新加坡,出口總值(含復出口),399,107200
2018-5,39074000,聚碳酸樹脂，初級狀態,瑞士,進口總值(含復進口),309,42775
2018-5,39074000,聚碳酸樹脂，初級狀態,義大利,進口總值(含復進口),6,22
2018-5,39074000,聚碳酸樹脂，初級狀態,義大利,出口總值(含復出口),14,3000
2018-5,39074000,聚碳酸樹脂，初級狀態,德國,進口總值(含復進口),2788,926525
2018-5,39074000,聚碳酸樹脂，初級狀態,德國,出口總值(含復出口),123,35000
2018-5,39074000,聚碳酸樹脂，初級狀態,緬甸,出口總值(含復出口),89,51600
2018-5,39074000,聚碳酸樹脂，初級狀態,墨西哥,進口總值(含復進口),50,25040
2018-5,39074000,聚碳酸樹脂，初級狀態,墨西哥,出口總值(含復出口),111,34000
2018-5,39074000,聚碳酸樹脂，初級狀態,澳大利亞,出口總值(含復出口),41,10000
2018-5,39075000,醇酸樹脂，初級狀態,中國大陸,進口總值(含復進口),82,41950
2018-5,39075000,醇酸樹脂，初級狀態,中國大陸,出口總值(含復出口),533,255329
2018-5,39075000,醇酸樹脂，初級狀態,日本,進口總值(含復進口),10,2010
2018-5,39075000,醇酸樹脂，初級狀態,日本,出口總值(含復出口),6,2000
2018-5,39075000,醇酸樹脂，初級狀態,以色列,出口總值(含復出口),20,13600
2018-5,39075000,醇酸樹脂，初級狀態,印尼,出口總值(含復出口),32,25500
2018-5,39075000,醇酸樹脂，初級狀態,印度,出口總值(含復出口),1,180
2018-5,39075000,醇酸樹脂，初級狀態,沙烏地阿拉伯,出口總值(含復出口),21,12540
2018-5,39075000,醇酸樹脂，初級狀態,坦尚尼亞,出口總值(含復出口),34,19400
2018-5,39075000,醇酸樹脂，初級狀態,阿拉伯聯合大公國,出口總值(含復出口),48,28000
2018-5,39075000,醇酸樹脂，初級狀態,南韓,出口總值(含復出口),23,14400
2018-5,39075000,醇酸樹脂，初級狀態,埃及,出口總值(含復出口),27,16800
2018-5,39075000,醇酸樹脂，初級狀態,泰國,出口總值(含復出口),40,19240
2018-5,39075000,醇酸樹脂，初級狀態,紐西蘭,出口總值(含復出口),2,800
2018-5,39075000,醇酸樹脂，初級狀態,馬來西亞,出口總值(含復出口),357,168800
2018-5,39075000,醇酸樹脂，初級狀態,喀麥隆,出口總值(含復出口),28,16000
2018-5,39075000,醇酸樹脂，初級狀態,菲律賓,出口總值(含復出口),4,1590
2018-5,39075000,醇酸樹脂，初級狀態,越南,出口總值(含復出口),2859,1693672
2018-5,39075000,醇酸樹脂，初級狀態,奧地利,進口總值(含復進口),14,600
2018-5,39075000,醇酸樹脂，初級狀態,新加坡,出口總值(含復出口),102,58910
2018-5,39075000,醇酸樹脂，初級狀態,德國,進口總值(含復進口),7,2000
2018-5,39075000,醇酸樹脂，初級狀態,模里西斯,出口總值(含復出口),11,7160
2018-5,39075000,醇酸樹脂，初級狀態,緬甸,出口總值(含復出口),8,882
2018-5,39075000,醇酸樹脂，初級狀態,黎巴嫩,出口總值(含復出口),71,48320
2018-5,39075000,醇酸樹脂，初級狀態,澳大利亞,出口總值(含復出口),356,191150
2018-6,39073010,丙二酚型環氧樹脂,土耳其,出口總值(含復出口),257,94000
2018-6,39073010,丙二酚型環氧樹脂,中國大陸,進口總值(含復進口),91,29922
2018-6,39073010,丙二酚型環氧樹脂,中國大陸,出口總值(含復出口),10003,3284911
2018-6,39073010,丙二酚型環氧樹脂,中華民國,進口總值(含復進口),72,19950
2018-6,39073010,丙二酚型環氧樹脂,巴西,出口總值(含復出口),384,137740
2018-6,39073010,丙二酚型環氧樹脂,巴基斯坦,出口總值(含復出口),55,18880
2018-6,39073010,丙二酚型環氧樹脂,日本,進口總值(含復進口),44,2726
2018-6,39073010,丙二酚型環氧樹脂,日本,出口總值(含復出口),3006,1073049
2018-6,39073010,丙二酚型環氧樹脂,加拿大,出口總值(含復出口),283,110000
2018-6,39073010,丙二酚型環氧樹脂,伊朗,出口總值(含復出口),808,291200
2018-6,39073010,丙二酚型環氧樹脂,匈牙利,進口總值(含復進口),14,3000
2018-6,39073010,丙二酚型環氧樹脂,印尼,出口總值(含復出口),34,10100
2018-6,39073010,丙二酚型環氧樹脂,希臘,出口總值(含復出口),109,35200
2018-6,39073010,丙二酚型環氧樹脂,孟加拉,出口總值(含復出口),42,16000
2018-6,39073010,丙二酚型環氧樹脂,阿拉伯聯合大公國,出口總值(含復出口),435,150400
2018-6,39073010,丙二酚型環氧樹脂,南非,出口總值(含復出口),44,15640
2018-6,39073010,丙二酚型環氧樹脂,南韓,進口總值(含復進口),141,35800
2018-6,39073010,丙二酚型環氧樹脂,美國,進口總值(含復進口),7,50
2018-6,39073010,丙二酚型環氧樹脂,美國,出口總值(含復出口),1029,371176
2018-6,39073010,丙二酚型環氧樹脂,英國,進口總值(含復進口),10,257
2018-6,39073010,丙二酚型環氧樹脂,英國,出口總值(含復出口),67,24580
2018-6,39073010,丙二酚型環氧樹脂,香港,出口總值(含復出口),36,12000
2018-6,39073010,丙二酚型環氧樹脂,哥斯大黎加,出口總值(含復出口),9,1200
2018-6,39073010,丙二酚型環氧樹脂,泰國,出口總值(含復出口),7,2400
2018-6,39073010,丙二酚型環氧樹脂,烏克蘭,出口總值(含復出口),166,57600
2018-6,39073010,丙二酚型環氧樹脂,烏拉圭,出口總值(含復出口),36,12320
2018-6,39073010,丙二酚型環氧樹脂,馬來西亞,出口總值(含復出口),1529,562715
2018-6,39073010,丙二酚型環氧樹脂,荷蘭,出口總值(含復出口),1337,479420
2018-6,39073010,丙二酚型環氧樹脂,菲律賓,出口總值(含復出口),1079,431380
2018-6,39073010,丙二酚型環氧樹脂,越南,出口總值(含復出口),656,228615
2018-6,39073010,丙二酚型環氧樹脂,奧地利,進口總值(含復進口),3,24
2018-6,39073010,丙二酚型環氧樹脂,奧地利,出口總值(含復出口),50,17500
2018-6,39073010,丙二酚型環氧樹脂,新加坡,出口總值(含復出口),560,207600
2018-6,39073010,丙二酚型環氧樹脂,義大利,進口總值(含復進口),6,1350
2018-6,39073010,丙二酚型環氧樹脂,義大利,出口總值(含復出口),182,61020
2018-6,39073010,丙二酚型環氧樹脂,德國,進口總值(含復進口),60,18600
2018-6,39073010,丙二酚型環氧樹脂,德國,出口總值(含復出口),947,346430
2018-6,39073010,丙二酚型環氧樹脂,緬甸,出口總值(含復出口),5,2914
2018-6,39073010,丙二酚型環氧樹脂,墨西哥,出口總值(含復出口),183,67200
2018-6,39073010,丙二酚型環氧樹脂,澳大利亞,出口總值(含復出口),538,185780
2018-6,39073010,丙二酚型環氧樹脂,澳門,出口總值(含復出口),204,79350
2018-6,39074000,聚碳酸樹脂，初級狀態,土耳其,出口總值(含復出口),124,32000
2018-6,39074000,聚碳酸樹脂，初級狀態,中國大陸,進口總值(含復進口),9371,2602646
2018-6,39074000,聚碳酸樹脂，初級狀態,中國大陸,出口總值(含復出口),83246,24376058
2018-6,39074000,聚碳酸樹脂，初級狀態,中華民國,進口總值(含復進口),6,1275
2018-6,39074000,聚碳酸樹脂，初級狀態,厄瓜多,出口總值(含復出口),21,5800
2018-6,39074000,聚碳酸樹脂，初級狀態,巴西,出口總值(含復出口),169,43000
2018-6,39074000,聚碳酸樹脂，初級狀態,巴基斯坦,出口總值(含復出口),67,18000
2018-6,39074000,聚碳酸樹脂，初級狀態,日本,進口總值(含復進口),10306,1370094
2018-6,39074000,聚碳酸樹脂，初級狀態,日本,出口總值(含復出口),4081,1119600
2018-6,39074000,聚碳酸樹脂，初級狀態,比利時,進口總值(含復進口),102,21050
2018-6,39074000,聚碳酸樹脂，初級狀態,比利時,出口總值(含復出口),5,1200
2018-6,39074000,聚碳酸樹脂，初級狀態,以色列,出口總值(含復出口),77,21000
2018-6,39074000,聚碳酸樹脂，初級狀態,加拿大,出口總值(含復出口),249,67000
2018-6,39074000,聚碳酸樹脂，初級狀態,伊朗,出口總值(含復出口),653,196000
2018-6,39074000,聚碳酸樹脂，初級狀態,印尼,出口總值(含復出口),524,151000
2018-6,39074000,聚碳酸樹脂，初級狀態,印度,出口總值(含復出口),61,16500
2018-6,39074000,聚碳酸樹脂，初級狀態,西班牙,進口總值(含復進口),916,331325
2018-6,39074000,聚碳酸樹脂，初級狀態,西班牙,出口總值(含復出口),58,16000
2018-6,39074000,聚碳酸樹脂，初級狀態,希臘,出口總值(含復出口),14,4000
2018-6,39074000,聚碳酸樹脂，初級狀態,沙烏地阿拉伯,進口總值(含復進口),4188,1275750
2018-6,39074000,聚碳酸樹脂，初級狀態,孟加拉,出口總值(含復出口),392,106000
2018-6,39074000,聚碳酸樹脂，初級狀態,波蘭,出口總值(含復出口),30,8000
2018-6,39074000,聚碳酸樹脂，初級狀態,法國,出口總值(含復出口),16,4000
2018-6,39074000,聚碳酸樹脂，初級狀態,肯亞,出口總值(含復出口),177,40000
2018-6,39074000,聚碳酸樹脂，初級狀態,阿根廷,出口總值(含復出口),11,3000
2018-6,39074000,聚碳酸樹脂，初級狀態,南非,出口總值(含復出口),194,52000
2018-6,39074000,聚碳酸樹脂，初級狀態,南韓,進口總值(含復進口),4585,1243300
2018-6,39074000,聚碳酸樹脂，初級狀態,南韓,出口總值(含復出口),5721,1619016
2018-6,39074000,聚碳酸樹脂，初級狀態,突尼西亞,出口總值(含復出口),7,2000
2018-6,39074000,聚碳酸樹脂，初級狀態,美國,進口總值(含復進口),747,224677
2018-6,39074000,聚碳酸樹脂，初級狀態,美國,出口總值(含復出口),657,185938
2018-6,39074000,聚碳酸樹脂，初級狀態,英國,進口總值(含復進口),6,250
2018-6,39074000,聚碳酸樹脂，初級狀態,英國,出口總值(含復出口),188,51750
2018-6,39074000,聚碳酸樹脂，初級狀態,香港,出口總值(含復出口),9443,2413036
2018-6,39074000,聚碳酸樹脂，初級狀態,哥倫比亞,出口總值(含復出口),65,18000
2018-6,39074000,聚碳酸樹脂，初級狀態,埃及,出口總值(含復出口),369,100000
2018-6,39074000,聚碳酸樹脂，初級狀態,挪威,出口總值(含復出口),58,16000
2018-6,39074000,聚碳酸樹脂，初級狀態,泰國,進口總值(含復進口),3878,1086845
2018-6,39074000,聚碳酸樹脂，初級狀態,泰國,出口總值(含復出口),530,219200
2018-6,39074000,聚碳酸樹脂，初級狀態,紐西蘭,出口總值(含復出口),4,1000
2018-6,39074000,聚碳酸樹脂，初級狀態,馬來西亞,進口總值(含復進口),64,5000
2018-6,39074000,聚碳酸樹脂，初級狀態,馬來西亞,出口總值(含復出口),835,229999
2018-6,39074000,聚碳酸樹脂，初級狀態,荷蘭,出口總值(含復出口),893,254900
2018-6,39074000,聚碳酸樹脂，初級狀態,斯里蘭卡,出口總值(含復出口),154,41000
2018-6,39074000,聚碳酸樹脂，初級狀態,斯洛維尼亞,出口總值(含復出口),109,28000
2018-6,39074000,聚碳酸樹脂，初級狀態,菲律賓,出口總值(含復出口),180,49000
2018-6,39074000,聚碳酸樹脂，初級狀態,越南,出口總值(含復出口),2918,928452
2018-6,39074000,聚碳酸樹脂，初級狀態,新加坡,進口總值(含復進口),685,155587
2018-6,39074000,聚碳酸樹脂，初級狀態,新加坡,出口總值(含復出口),463,123550
2018-6,39074000,聚碳酸樹脂，初級狀態,義大利,進口總值(含復進口),69,6000
2018-6,39074000,聚碳酸樹脂，初級狀態,義大利,出口總值(含復出口),7,2000
2018-6,39074000,聚碳酸樹脂，初級狀態,葡萄牙,出口總值(含復出口),20,5000
2018-6,39074000,聚碳酸樹脂，初級狀態,德國,進口總值(含復進口),2044,412941
2018-6,39074000,聚碳酸樹脂，初級狀態,緬甸,出口總值(含復出口),57,32000
2018-6,39074000,聚碳酸樹脂，初級狀態,墨西哥,進口總值(含復進口),2,454
2018-6,39074000,聚碳酸樹脂，初級狀態,墨西哥,出口總值(含復出口),223,68000
2018-6,39074000,聚碳酸樹脂，初級狀態,澳大利亞,出口總值(含復出口),14,3000
2018-6,39075000,醇酸樹脂，初級狀態,中國大陸,進口總值(含復進口),108,48770
2018-6,39075000,醇酸樹脂，初級狀態,中國大陸,出口總值(含復出口),380,207248
2018-6,39075000,醇酸樹脂，初級狀態,巴基斯坦,出口總值(含復出口),2,1000
2018-6,39075000,醇酸樹脂，初級狀態,日本,進口總值(含復進口),25,6078
2018-6,39075000,醇酸樹脂，初級狀態,日本,出口總值(含復出口),18,8000
2018-6,39075000,醇酸樹脂，初級狀態,印尼,出口總值(含復出口),40,19460
2018-6,39075000,醇酸樹脂，初級狀態,沙烏地阿拉伯,出口總值(含復出口),18,10400
2018-6,39075000,醇酸樹脂，初級狀態,阿拉伯聯合大公國,出口總值(含復出口),39,22850
2018-6,39075000,醇酸樹脂，初級狀態,南非,出口總值(含復出口),10,5700
2018-6,39075000,醇酸樹脂，初級狀態,南韓,出口總值(含復出口),44,16000
2018-6,39075000,醇酸樹脂，初級狀態,美國,進口總值(含復進口),38,14606
2018-6,39075000,醇酸樹脂，初級狀態,哥斯大黎加,出口總值(含復出口),3,1520
2018-6,39075000,醇酸樹脂，初級狀態,埃及,出口總值(含復出口),42,25200
2018-6,39075000,醇酸樹脂，初級狀態,泰國,出口總值(含復出口),44,20940
2018-6,39075000,醇酸樹脂，初級狀態,紐西蘭,出口總值(含復出口),2,800
2018-6,39075000,醇酸樹脂，初級狀態,馬來西亞,出口總值(含復出口),353,145800
2018-6,39075000,醇酸樹脂，初級狀態,斯里蘭卡,出口總值(含復出口),30,17040
2018-6,39075000,醇酸樹脂，初級狀態,越南,出口總值(含復出口),2482,1514360
2018-6,39075000,醇酸樹脂，初級狀態,奧地利,進口總值(含復進口),51,16590
2018-6,39075000,醇酸樹脂，初級狀態,新加坡,出口總值(含復出口),35,22320
2018-6,39075000,醇酸樹脂，初級狀態,模里西斯,出口總值(含復出口),101,66650
2018-6,39075000,醇酸樹脂，初級狀態,緬甸,出口總值(含復出口),29,3582
2018-6,39075000,醇酸樹脂，初級狀態,黎巴嫩,出口總值(含復出口),95,59740
2018-6,39075000,醇酸樹脂，初級狀態,澳大利亞,出口總值(含復出口),373,223440
2018-7,39073010,丙二酚型環氧樹脂,土耳其,出口總值(含復出口),338,123600
2018-7,39073010,丙二酚型環氧樹脂,中國大陸,進口總值(含復進口),110,35384
2018-7,39073010,丙二酚型環氧樹脂,中國大陸,出口總值(含復出口),7805,2619996
2018-7,39073010,丙二酚型環氧樹脂,巴西,出口總值(含復出口),73,28000
2018-7,39073010,丙二酚型環氧樹脂,日本,進口總值(含復進口),91,9200
2018-7,39073010,丙二酚型環氧樹脂,日本,出口總值(含復出口),3601,1276135
2018-7,39073010,丙二酚型環氧樹脂,加拿大,出口總值(含復出口),228,88000
2018-7,39073010,丙二酚型環氧樹脂,卡達,出口總值(含復出口),167,57600
2018-7,39073010,丙二酚型環氧樹脂,伊朗,出口總值(含復出口),351,136000
2018-7,39073010,丙二酚型環氧樹脂,印尼,出口總值(含復出口),307,106700
2018-7,39073010,丙二酚型環氧樹脂,印度,出口總值(含復出口),181,63850
2018-7,39073010,丙二酚型環氧樹脂,多明尼加,出口總值(含復出口),41,17600
2018-7,39073010,丙二酚型環氧樹脂,西班牙,出口總值(含復出口),44,17600
2018-7,39073010,丙二酚型環氧樹脂,阿拉伯聯合大公國,出口總值(含復出口),129,47820
2018-7,39073010,丙二酚型環氧樹脂,阿曼,出口總值(含復出口),100,35200
2018-7,39073010,丙二酚型環氧樹脂,南非,出口總值(含復出口),20,7200
2018-7,39073010,丙二酚型環氧樹脂,南韓,出口總值(含復出口),10,3500
2018-7,39073010,丙二酚型環氧樹脂,美國,進口總值(含復進口),284,62128
2018-7,39073010,丙二酚型環氧樹脂,美國,出口總值(含復出口),1060,387210
2018-7,39073010,丙二酚型環氧樹脂,英國,進口總值(含復進口),6,400
2018-7,39073010,丙二酚型環氧樹脂,英國,出口總值(含復出口),474,162880
2018-7,39073010,丙二酚型環氧樹脂,香港,出口總值(含復出口),181,61040
2018-7,39073010,丙二酚型環氧樹脂,馬來西亞,進口總值(含復進口),99,24000
2018-7,39073010,丙二酚型環氧樹脂,馬來西亞,出口總值(含復出口),1784,645415
2018-7,39073010,丙二酚型環氧樹脂,荷蘭,進口總值(含復進口),51,16800
2018-7,39073010,丙二酚型環氧樹脂,荷蘭,出口總值(含復出口),862,303220
2018-7,39073010,丙二酚型環氧樹脂,菲律賓,出口總值(含復出口),360,143600
2018-7,39073010,丙二酚型環氧樹脂,越南,出口總值(含復出口),1043,375430
2018-7,39073010,丙二酚型環氧樹脂,新加坡,出口總值(含復出口),1091,399440
2018-7,39073010,丙二酚型環氧樹脂,義大利,進口總值(含復進口),7,1224
2018-7,39073010,丙二酚型環氧樹脂,德國,進口總值(含復進口),23,8100
2018-7,39073010,丙二酚型環氧樹脂,德國,出口總值(含復出口),906,331900
2018-7,39073010,丙二酚型環氧樹脂,墨西哥,出口總值(含復出口),128,49600
2018-7,39073010,丙二酚型環氧樹脂,澳大利亞,進口總值(含復進口),1,20
2018-7,39073010,丙二酚型環氧樹脂,澳大利亞,出口總值(含復出口),242,83040
2018-7,39073010,丙二酚型環氧樹脂,澳門,出口總值(含復出口),205,79800
2018-7,39074000,聚碳酸樹脂，初級狀態,土耳其,出口總值(含復出口),57,16000
2018-7,39074000,聚碳酸樹脂，初級狀態,中國大陸,進口總值(含復進口),9034,2515376
2018-7,39074000,聚碳酸樹脂，初級狀態,中國大陸,出口總值(含復出口),72639,21672521
2018-7,39074000,聚碳酸樹脂，初級狀態,中華民國,進口總值(含復進口),26,25580
2018-7,39074000,聚碳酸樹脂，初級狀態,厄瓜多,出口總值(含復出口),41,11000
2018-7,39074000,聚碳酸樹脂，初級狀態,巴西,出口總值(含復出口),6,1000
2018-7,39074000,聚碳酸樹脂，初級狀態,巴基斯坦,出口總值(含復出口),75,20000
2018-7,39074000,聚碳酸樹脂，初級狀態,日本,進口總值(含復進口),12038,1849419
2018-7,39074000,聚碳酸樹脂，初級狀態,日本,出口總值(含復出口),4561,994859
2018-7,39074000,聚碳酸樹脂，初級狀態,比利時,出口總值(含復出口),38,10100
2018-7,39074000,聚碳酸樹脂，初級狀態,以色列,出口總值(含復出口),15,4000
2018-7,39074000,聚碳酸樹脂，初級狀態,加拿大,進口總值(含復進口),43,20110
2018-7,39074000,聚碳酸樹脂，初級狀態,加拿大,出口總值(含復出口),8,2225
2018-7,39074000,聚碳酸樹脂，初級狀態,伊朗,出口總值(含復出口),900,224000
2018-7,39074000,聚碳酸樹脂，初級狀態,印尼,進口總值(含復進口),138,54080
2018-7,39074000,聚碳酸樹脂，初級狀態,印尼,出口總值(含復出口),46,12050
2018-7,39074000,聚碳酸樹脂，初級狀態,印度,進口總值(含復進口),6,2025
2018-7,39074000,聚碳酸樹脂，初級狀態,印度,出口總值(含復出口),8,2000
2018-7,39074000,聚碳酸樹脂，初級狀態,西班牙,進口總值(含復進口),1049,344690
2018-7,39074000,聚碳酸樹脂，初級狀態,沙烏地阿拉伯,進口總值(含復進口),10191,3099000
2018-7,39074000,聚碳酸樹脂，初級狀態,沙烏地阿拉伯,出口總值(含復出口),31,16000
2018-7,39074000,聚碳酸樹脂，初級狀態,孟加拉,出口總值(含復出口),37,10000
2018-7,39074000,聚碳酸樹脂，初級狀態,波蘭,出口總值(含復出口),4,1000
2018-7,39074000,聚碳酸樹脂，初級狀態,法國,出口總值(含復出口),10,2250
2018-7,39074000,聚碳酸樹脂，初級狀態,阿拉伯聯合大公國,出口總值(含復出口),25,6000
2018-7,39074000,聚碳酸樹脂，初級狀態,阿根廷,出口總值(含復出口),59,14000
2018-7,39074000,聚碳酸樹脂，初級狀態,俄羅斯,出口總值(含復出口),29,7900
2018-7,39074000,聚碳酸樹脂，初級狀態,南非,出口總值(含復出口),107,30000
2018-7,39074000,聚碳酸樹脂，初級狀態,南韓,進口總值(含復進口),5388,1475790
2018-7,39074000,聚碳酸樹脂，初級狀態,南韓,出口總值(含復出口),2450,670000
2018-7,39074000,聚碳酸樹脂，初級狀態,突尼西亞,出口總值(含復出口),4,1000
2018-7,39074000,聚碳酸樹脂，初級狀態,美國,進口總值(含復進口),678,138001
2018-7,39074000,聚碳酸樹脂，初級狀態,美國,出口總值(含復出口),763,217000
2018-7,39074000,聚碳酸樹脂，初級狀態,英國,進口總值(含復進口),3,460
2018-7,39074000,聚碳酸樹脂，初級狀態,英國,出口總值(含復出口),26,7000
2018-7,39074000,聚碳酸樹脂，初級狀態,香港,出口總值(含復出口),5807,1500750
2018-7,39074000,聚碳酸樹脂，初級狀態,哥倫比亞,出口總值(含復出口),65,18000
2018-7,39074000,聚碳酸樹脂，初級狀態,哥斯大黎加,出口總值(含復出口),14,21000
2018-7,39074000,聚碳酸樹脂，初級狀態,埃及,出口總值(含復出口),147,40000
2018-7,39074000,聚碳酸樹脂，初級狀態,泰國,進口總值(含復進口),2844,761231
2018-7,39074000,聚碳酸樹脂，初級狀態,泰國,出口總值(含復出口),537,187213
2018-7,39074000,聚碳酸樹脂，初級狀態,紐西蘭,出口總值(含復出口),57,15000
2018-7,39074000,聚碳酸樹脂，初級狀態,馬來西亞,進口總值(含復進口),55,25132
2018-7,39074000,聚碳酸樹脂，初級狀態,馬來西亞,出口總值(含復出口),633,170950
2018-7,39074000,聚碳酸樹脂，初級狀態,荷蘭,進口總值(含復進口),142,51383
2018-7,39074000,聚碳酸樹脂，初級狀態,荷蘭,出口總值(含復出口),1072,315000
2018-7,39074000,聚碳酸樹脂，初級狀態,斯里蘭卡,出口總值(含復出口),7,2000
2018-7,39074000,聚碳酸樹脂，初級狀態,斯洛維尼亞,出口總值(含復出口),16,4000
2018-7,39074000,聚碳酸樹脂，初級狀態,智利,出口總值(含復出口),49,13000
2018-7,39074000,聚碳酸樹脂，初級狀態,菲律賓,出口總值(含復出口),58,15500
2018-7,39074000,聚碳酸樹脂，初級狀態,越南,出口總值(含復出口),1736,612250
2018-7,39074000,聚碳酸樹脂，初級狀態,新加坡,進口總值(含復進口),601,105505
2018-7,39074000,聚碳酸樹脂，初級狀態,新加坡,出口總值(含復出口),447,114825
2018-7,39074000,聚碳酸樹脂，初級狀態,瑞士,進口總值(含復進口),127,18000
2018-7,39074000,聚碳酸樹脂，初級狀態,義大利,進口總值(含復進口),6,352
2018-7,39074000,聚碳酸樹脂，初級狀態,義大利,出口總值(含復出口),66,18000
2018-7,39074000,聚碳酸樹脂，初級狀態,德國,進口總值(含復進口),592,175465
2018-7,39074000,聚碳酸樹脂，初級狀態,緬甸,出口總值(含復出口),10,15120
2018-7,39074000,聚碳酸樹脂，初級狀態,墨西哥,進口總值(含復進口),19,4000
2018-7,39074000,聚碳酸樹脂，初級狀態,墨西哥,出口總值(含復出口),171,55000
2018-7,39074000,聚碳酸樹脂，初級狀態,澳大利亞,出口總值(含復出口),27,7000
2018-7,39075000,醇酸樹脂，初級狀態,中國大陸,進口總值(含復進口),139,75470
2018-7,39075000,醇酸樹脂，初級狀態,中國大陸,出口總值(含復出口),460,243540
2018-7,39075000,醇酸樹脂，初級狀態,日本,進口總值(含復進口),10,1620
2018-7,39075000,醇酸樹脂，初級狀態,日本,出口總值(含復出口),4,1600
2018-7,39075000,醇酸樹脂，初級狀態,以色列,出口總值(含復出口),22,14400
2018-7,39075000,醇酸樹脂，初級狀態,印尼,出口總值(含復出口),25,18880
2018-7,39075000,醇酸樹脂，初級狀態,印度,出口總值(含復出口),23,7000
2018-7,39075000,醇酸樹脂，初級狀態,俄羅斯,出口總值(含復出口),2,800
2018-7,39075000,醇酸樹脂，初級狀態,南韓,出口總值(含復出口),27,16000
2018-7,39075000,醇酸樹脂，初級狀態,美國,進口總值(含復進口),8,972
2018-7,39075000,醇酸樹脂，初級狀態,泰國,出口總值(含復出口),74,34400
2018-7,39075000,醇酸樹脂，初級狀態,紐西蘭,出口總值(含復出口),3,1600
2018-7,39075000,醇酸樹脂，初級狀態,馬來西亞,出口總值(含復出口),100,59600
2018-7,39075000,醇酸樹脂，初級狀態,斯里蘭卡,出口總值(含復出口),102,57330
2018-7,39075000,醇酸樹脂，初級狀態,越南,出口總值(含復出口),2339,1390685
2018-7,39075000,醇酸樹脂，初級狀態,奧地利,進口總值(含復進口),15,5250
2018-7,39075000,醇酸樹脂，初級狀態,新加坡,出口總值(含復出口),109,53770
2018-7,39075000,醇酸樹脂，初級狀態,模里西斯,出口總值(含復出口),31,20040
2018-7,39075000,醇酸樹脂，初級狀態,緬甸,出口總值(含復出口),63,37182
2018-7,39075000,醇酸樹脂，初級狀態,澳大利亞,出口總值(含復出口),344,204180
2018-8,39073010,丙二酚型環氧樹脂,土耳其,出口總值(含復出口),287,101580
2018-8,39073010,丙二酚型環氧樹脂,中國大陸,進口總值(含復進口),201,56657
2018-8,39073010,丙二酚型環氧樹脂,中國大陸,出口總值(含復出口),8597,2941595
2018-8,39073010,丙二酚型環氧樹脂,巴西,出口總值(含復出口),70,23890
2018-8,39073010,丙二酚型環氧樹脂,日本,進口總值(含復進口),214,11279
2018-8,39073010,丙二酚型環氧樹脂,日本,出口總值(含復出口),2746,998375
2018-8,39073010,丙二酚型環氧樹脂,加拿大,出口總值(含復出口),284,110000
2018-8,39073010,丙二酚型環氧樹脂,卡達,出口總值(含復出口),56,19200
2018-8,39073010,丙二酚型環氧樹脂,印尼,出口總值(含復出口),42,16000
2018-8,39073010,丙二酚型環氧樹脂,印度,出口總值(含復出口),319,116040
2018-8,39073010,丙二酚型環氧樹脂,西班牙,出口總值(含復出口),165,59400
2018-8,39073010,丙二酚型環氧樹脂,希臘,出口總值(含復出口),42,17600
2018-8,39073010,丙二酚型環氧樹脂,法國,進口總值(含復進口),0,1
2018-8,39073010,丙二酚型環氧樹脂,阿拉伯聯合大公國,出口總值(含復出口),303,111820
2018-8,39073010,丙二酚型環氧樹脂,阿曼,出口總值(含復出口),312,108800
2018-8,39073010,丙二酚型環氧樹脂,南韓,進口總值(含復進口),90,23590
2018-8,39073010,丙二酚型環氧樹脂,美國,進口總值(含復進口),67,3186
2018-8,39073010,丙二酚型環氧樹脂,美國,出口總值(含復出口),1789,685188
2018-8,39073010,丙二酚型環氧樹脂,英國,進口總值(含復進口),10,257
2018-8,39073010,丙二酚型環氧樹脂,英國,出口總值(含復出口),570,211820
2018-8,39073010,丙二酚型環氧樹脂,香港,出口總值(含復出口),71,24000
2018-8,39073010,丙二酚型環氧樹脂,泰國,出口總值(含復出口),37,4840
2018-8,39073010,丙二酚型環氧樹脂,紐西蘭,出口總值(含復出口),11,4000
2018-8,39073010,丙二酚型環氧樹脂,馬來西亞,出口總值(含復出口),2022,740500
2018-8,39073010,丙二酚型環氧樹脂,荷蘭,進口總值(含復進口),62,17775
2018-8,39073010,丙二酚型環氧樹脂,荷蘭,出口總值(含復出口),704,247535
2018-8,39073010,丙二酚型環氧樹脂,喬治亞,出口總值(含復出口),50,18340
2018-8,39073010,丙二酚型環氧樹脂,斯里蘭卡,出口總值(含復出口),41,16000
2018-8,39073010,丙二酚型環氧樹脂,菲律賓,出口總值(含復出口),741,291445
2018-8,39073010,丙二酚型環氧樹脂,越南,出口總值(含復出口),738,266240
2018-8,39073010,丙二酚型環氧樹脂,奧地利,出口總值(含復出口),48,17500
2018-8,39073010,丙二酚型環氧樹脂,新加坡,出口總值(含復出口),880,327280
2018-8,39073010,丙二酚型環氧樹脂,義大利,出口總值(含復出口),489,172085
2018-8,39073010,丙二酚型環氧樹脂,葡萄牙,出口總值(含復出口),52,18160
2018-8,39073010,丙二酚型環氧樹脂,德國,進口總值(含復進口),132,42525
2018-8,39073010,丙二酚型環氧樹脂,墨西哥,出口總值(含復出口),249,89600
2018-8,39073010,丙二酚型環氧樹脂,澳大利亞,出口總值(含復出口),396,138180
2018-8,39073010,丙二酚型環氧樹脂,澳門,出口總值(含復出口),156,59940
2018-8,39074000,聚碳酸樹脂，初級狀態,中國大陸,進口總值(含復進口),8069,2210304
2018-8,39074000,聚碳酸樹脂，初級狀態,中國大陸,出口總值(含復出口),67795,21863916
2018-8,39074000,聚碳酸樹脂，初級狀態,中華民國,進口總值(含復進口),159,35225
2018-8,39074000,聚碳酸樹脂，初級狀態,厄瓜多,出口總值(含復出口),7,2000
2018-8,39074000,聚碳酸樹脂，初級狀態,巴西,出口總值(含復出口),11,2000
2018-8,39074000,聚碳酸樹脂，初級狀態,巴基斯坦,出口總值(含復出口),42,10000
2018-8,39074000,聚碳酸樹脂，初級狀態,日本,進口總值(含復進口),10462,1888436
2018-8,39074000,聚碳酸樹脂，初級狀態,日本,出口總值(含復出口),3551,1086300
2018-8,39074000,聚碳酸樹脂，初級狀態,比利時,進口總值(含復進口),253,53750
2018-8,39074000,聚碳酸樹脂，初級狀態,比利時,出口總值(含復出口),13,4000
2018-8,39074000,聚碳酸樹脂，初級狀態,以色列,出口總值(含復出口),34,10000
2018-8,39074000,聚碳酸樹脂，初級狀態,伊朗,出口總值(含復出口),511,128000
2018-8,39074000,聚碳酸樹脂，初級狀態,印尼,出口總值(含復出口),422,118000
2018-8,39074000,聚碳酸樹脂，初級狀態,印度,進口總值(含復進口),6,1325
2018-8,39074000,聚碳酸樹脂，初級狀態,西班牙,進口總值(含復進口),602,210275
2018-8,39074000,聚碳酸樹脂，初級狀態,西班牙,出口總值(含復出口),25,8000
2018-8,39074000,聚碳酸樹脂，初級狀態,希臘,出口總值(含復出口),28,8000
2018-8,39074000,聚碳酸樹脂，初級狀態,沙烏地阿拉伯,進口總值(含復進口),5372,1708500
2018-8,39074000,聚碳酸樹脂，初級狀態,沙烏地阿拉伯,出口總值(含復出口),32,10000
2018-8,39074000,聚碳酸樹脂，初級狀態,波蘭,出口總值(含復出口),45,14000
2018-8,39074000,聚碳酸樹脂，初級狀態,法國,出口總值(含復出口),56,15000
2018-8,39074000,聚碳酸樹脂，初級狀態,阿根廷,出口總值(含復出口),20,6000
2018-8,39074000,聚碳酸樹脂，初級狀態,俄羅斯,出口總值(含復出口),4,1000
2018-8,39074000,聚碳酸樹脂，初級狀態,南非,出口總值(含復出口),178,50000
2018-8,39074000,聚碳酸樹脂，初級狀態,南韓,進口總值(含復進口),2250,659500
2018-8,39074000,聚碳酸樹脂，初級狀態,南韓,出口總值(含復出口),589,170000
2018-8,39074000,聚碳酸樹脂，初級狀態,突尼西亞,出口總值(含復出口),65,16000
2018-8,39074000,聚碳酸樹脂，初級狀態,美國,進口總值(含復進口),754,242831
2018-8,39074000,聚碳酸樹脂，初級狀態,美國,出口總值(含復出口),1096,343325
2018-8,39074000,聚碳酸樹脂，初級狀態,英國,出口總值(含復出口),58,16025
2018-8,39074000,聚碳酸樹脂，初級狀態,香港,出口總值(含復出口),7671,1959725
2018-8,39074000,聚碳酸樹脂，初級狀態,哥倫比亞,出口總值(含復出口),26,8000
2018-8,39074000,聚碳酸樹脂，初級狀態,哥斯大黎加,出口總值(含復出口),14,21000
2018-8,39074000,聚碳酸樹脂，初級狀態,埃及,出口總值(含復出口),171,50000
2018-8,39074000,聚碳酸樹脂，初級狀態,挪威,出口總值(含復出口),55,16000
2018-8,39074000,聚碳酸樹脂，初級狀態,泰國,進口總值(含復進口),3753,1055302
2018-8,39074000,聚碳酸樹脂，初級狀態,泰國,出口總值(含復出口),129,36525
2018-8,39074000,聚碳酸樹脂，初級狀態,紐西蘭,出口總值(含復出口),73,20500
2018-8,39074000,聚碳酸樹脂，初級狀態,馬來西亞,進口總值(含復進口),9,1750
2018-8,39074000,聚碳酸樹脂，初級狀態,馬來西亞,出口總值(含復出口),692,231000
2018-8,39074000,聚碳酸樹脂，初級狀態,荷蘭,進口總值(含復進口),233,41425
2018-8,39074000,聚碳酸樹脂，初級狀態,荷蘭,出口總值(含復出口),1261,387625
2018-8,39074000,聚碳酸樹脂，初級狀態,斯里蘭卡,出口總值(含復出口),18,5000
2018-8,39074000,聚碳酸樹脂，初級狀態,斯洛維尼亞,出口總值(含復出口),42,12000
2018-8,39074000,聚碳酸樹脂，初級狀態,菲律賓,出口總值(含復出口),74,20300
2018-8,39074000,聚碳酸樹脂，初級狀態,越南,出口總值(含復出口),2534,918600
2018-8,39074000,聚碳酸樹脂，初級狀態,新加坡,進口總值(含復進口),190,39475
2018-8,39074000,聚碳酸樹脂，初級狀態,新加坡,出口總值(含復出口),149,32200
2018-8,39074000,聚碳酸樹脂，初級狀態,瑞士,進口總值(含復進口),116,16375
2018-8,39074000,聚碳酸樹脂，初級狀態,義大利,出口總值(含復出口),213,66000
2018-8,39074000,聚碳酸樹脂，初級狀態,德國,進口總值(含復進口),79,13100
2018-8,39074000,聚碳酸樹脂，初級狀態,德國,出口總值(含復出口),104,32000
2018-8,39074000,聚碳酸樹脂，初級狀態,緬甸,出口總值(含復出口),96,34000
2018-8,39074000,聚碳酸樹脂，初級狀態,墨西哥,出口總值(含復出口),317,103200
2018-8,39074000,聚碳酸樹脂，初級狀態,澳大利亞,出口總值(含復出口),28,8000
2018-8,39075000,醇酸樹脂，初級狀態,中國大陸,進口總值(含復進口),44,20570
2018-8,39075000,醇酸樹脂，初級狀態,中國大陸,出口總值(含復出口),521,262880
2018-8,39075000,醇酸樹脂，初級狀態,中華民國,進口總值(含復進口),24,8800
2018-8,39075000,醇酸樹脂，初級狀態,日本,進口總值(含復進口),23,7886
2018-8,39075000,醇酸樹脂，初級狀態,印尼,出口總值(含復出口),13,9770
2018-8,39075000,醇酸樹脂，初級狀態,印度,出口總值(含復出口),55,20000
2018-8,39075000,醇酸樹脂，初級狀態,沙烏地阿拉伯,出口總值(含復出口),12,8000
2018-8,39075000,醇酸樹脂，初級狀態,南韓,出口總值(含復出口),55,20000
2018-8,39075000,醇酸樹脂，初級狀態,香港,出口總值(含復出口),6,3200
2018-8,39075000,醇酸樹脂，初級狀態,埃及,出口總值(含復出口),28,16800
2018-8,39075000,醇酸樹脂，初級狀態,泰國,出口總值(含復出口),39,23600
2018-8,39075000,醇酸樹脂，初級狀態,紐西蘭,出口總值(含復出口),4,2000
2018-8,39075000,醇酸樹脂，初級狀態,馬來西亞,出口總值(含復出口),260,111840
2018-8,39075000,醇酸樹脂，初級狀態,斯里蘭卡,出口總值(含復出口),141,76570
2018-8,39075000,醇酸樹脂，初級狀態,菲律賓,出口總值(含復出口),5,2380
2018-8,39075000,醇酸樹脂，初級狀態,越南,出口總值(含復出口),2054,1244291
2018-8,39075000,醇酸樹脂，初級狀態,新加坡,出口總值(含復出口),101,39270
2018-8,39075000,醇酸樹脂，初級狀態,模里西斯,出口總值(含復出口),35,22380
2018-8,39075000,醇酸樹脂，初級狀態,緬甸,出口總值(含復出口),6,486
2018-8,39075000,醇酸樹脂，初級狀態,黎巴嫩,出口總值(含復出口),31,20840
2018-8,39075000,醇酸樹脂，初級狀態,澳大利亞,出口總值(含復出口),96,57230
2018-8,39075000,醇酸樹脂，初級狀態,賴索托,出口總值(含復出口),1,600
2018-9,39073010,丙二酚型環氧樹脂,土耳其,出口總值(含復出口),140,52160
2018-9,39073010,丙二酚型環氧樹脂,中國大陸,進口總值(含復進口),59,14041
2018-9,39073010,丙二酚型環氧樹脂,中國大陸,出口總值(含復出口),10494,3908500
2018-9,39073010,丙二酚型環氧樹脂,巴西,出口總值(含復出口),119,47600
2018-9,39073010,丙二酚型環氧樹脂,巴基斯坦,出口總值(含復出口),92,31940
2018-9,39073010,丙二酚型環氧樹脂,日本,進口總值(含復進口),64,4140
2018-9,39073010,丙二酚型環氧樹脂,日本,出口總值(含復出口),1099,397998
2018-9,39073010,丙二酚型環氧樹脂,加拿大,出口總值(含復出口),170,66000
2018-9,39073010,丙二酚型環氧樹脂,卡達,出口總值(含復出口),53,19200
2018-9,39073010,丙二酚型環氧樹脂,印尼,出口總值(含復出口),327,118720
2018-9,39073010,丙二酚型環氧樹脂,印度,出口總值(含復出口),21,8800
2018-9,39073010,丙二酚型環氧樹脂,西班牙,出口總值(含復出口),1020,409780
2018-9,39073010,丙二酚型環氧樹脂,希臘,出口總值(含復出口),95,35100
2018-9,39073010,丙二酚型環氧樹脂,阿拉伯聯合大公國,出口總值(含復出口),460,179600
2018-9,39073010,丙二酚型環氧樹脂,阿曼,出口總值(含復出口),198,70400
2018-9,39073010,丙二酚型環氧樹脂,俄羅斯,出口總值(含復出口),45,17600
2018-9,39073010,丙二酚型環氧樹脂,南非,出口總值(含復出口),27,10000
2018-9,39073010,丙二酚型環氧樹脂,約旦,出口總值(含復出口),39,16000
2018-9,39073010,丙二酚型環氧樹脂,美國,進口總值(含復進口),200,57026
2018-9,39073010,丙二酚型環氧樹脂,美國,出口總值(含復出口),1088,431961
2018-9,39073010,丙二酚型環氧樹脂,英國,進口總值(含復進口),12,324
2018-9,39073010,丙二酚型環氧樹脂,英國,出口總值(含復出口),992,380220
2018-9,39073010,丙二酚型環氧樹脂,香港,出口總值(含復出口),45,12041
2018-9,39073010,丙二酚型環氧樹脂,埃及,出口總值(含復出口),62,23720
2018-9,39073010,丙二酚型環氧樹脂,泰國,出口總值(含復出口),44,16800
2018-9,39073010,丙二酚型環氧樹脂,馬來西亞,進口總值(含復進口),2,300
2018-9,39073010,丙二酚型環氧樹脂,馬來西亞,出口總值(含復出口),805,303320
2018-9,39073010,丙二酚型環氧樹脂,荷蘭,出口總值(含復出口),788,290710
2018-9,39073010,丙二酚型環氧樹脂,喬治亞,出口總值(含復出口),49,18480
2018-9,39073010,丙二酚型環氧樹脂,菲律賓,出口總值(含復出口),1776,713675
2018-9,39073010,丙二酚型環氧樹脂,越南,出口總值(含復出口),839,310031
2018-9,39073010,丙二酚型環氧樹脂,奧地利,出口總值(含復出口),91,35000
2018-9,39073010,丙二酚型環氧樹脂,新加坡,出口總值(含復出口),951,371880
2018-9,39073010,丙二酚型環氧樹脂,瑞士,進口總值(含復進口),3,42
2018-9,39073010,丙二酚型環氧樹脂,義大利,出口總值(含復出口),392,153090
2018-9,39073010,丙二酚型環氧樹脂,德國,出口總值(含復出口),369,144000
2018-9,39073010,丙二酚型環氧樹脂,緬甸,出口總值(含復出口),41,17600
2018-9,39073010,丙二酚型環氧樹脂,墨西哥,出口總值(含復出口),238,89600
2018-9,39073010,丙二酚型環氧樹脂,澳大利亞,出口總值(含復出口),270,99860
2018-9,39073010,丙二酚型環氧樹脂,澳門,出口總值(含復出口),260,100360
2018-9,39074000,聚碳酸樹脂，初級狀態,土耳其,出口總值(含復出口),42,15000
2018-9,39074000,聚碳酸樹脂，初級狀態,中國大陸,進口總值(含復進口),9817,2883136
2018-9,39074000,聚碳酸樹脂，初級狀態,中國大陸,出口總值(含復出口),63530,22621395
2018-9,39074000,聚碳酸樹脂，初級狀態,中華民國,進口總值(含復進口),98,31998
2018-9,39074000,聚碳酸樹脂，初級狀態,巴西,出口總值(含復出口),204,69000
2018-9,39074000,聚碳酸樹脂，初級狀態,巴基斯坦,出口總值(含復出口),83,26000
2018-9,39074000,聚碳酸樹脂，初級狀態,日本,進口總值(含復進口),9390,1359765
2018-9,39074000,聚碳酸樹脂，初級狀態,日本,出口總值(含復出口),3624,1188250
2018-9,39074000,聚碳酸樹脂，初級狀態,比利時,出口總值(含復出口),12,4000
2018-9,39074000,聚碳酸樹脂，初級狀態,以色列,出口總值(含復出口),136,47000
2018-9,39074000,聚碳酸樹脂，初級狀態,伊朗,出口總值(含復出口),541,160000
2018-9,39074000,聚碳酸樹脂，初級狀態,列支敦斯登,進口總值(含復進口),3,80
2018-9,39074000,聚碳酸樹脂，初級狀態,印尼,進口總值(含復進口),54,22800
2018-9,39074000,聚碳酸樹脂，初級狀態,印尼,出口總值(含復出口),393,116750
2018-9,39074000,聚碳酸樹脂，初級狀態,西班牙,進口總值(含復進口),313,91250
2018-9,39074000,聚碳酸樹脂，初級狀態,沙烏地阿拉伯,進口總值(含復進口),1566,582000
2018-9,39074000,聚碳酸樹脂，初級狀態,孟加拉,出口總值(含復出口),180,55500
2018-9,39074000,聚碳酸樹脂，初級狀態,波蘭,出口總值(含復出口),37,12000
2018-9,39074000,聚碳酸樹脂，初級狀態,南非,出口總值(含復出口),134,42000
2018-9,39074000,聚碳酸樹脂，初級狀態,南韓,進口總值(含復進口),4105,1333000
2018-9,39074000,聚碳酸樹脂，初級狀態,南韓,出口總值(含復出口),1405,483000
2018-9,39074000,聚碳酸樹脂，初級狀態,美國,進口總值(含復進口),682,195153
2018-9,39074000,聚碳酸樹脂，初級狀態,美國,出口總值(含復出口),1764,625200
2018-9,39074000,聚碳酸樹脂，初級狀態,英國,出口總值(含復出口),68,23750
2018-9,39074000,聚碳酸樹脂，初級狀態,香港,進口總值(含復進口),19,7135
2018-9,39074000,聚碳酸樹脂，初級狀態,香港,出口總值(含復出口),7085,1842599
2018-9,39074000,聚碳酸樹脂，初級狀態,哥倫比亞,出口總值(含復出口),53,18000
2018-9,39074000,聚碳酸樹脂，初級狀態,哥斯大黎加,出口總值(含復出口),17,19300
2018-9,39074000,聚碳酸樹脂，初級狀態,埃及,出口總值(含復出口),102,32000
2018-9,39074000,聚碳酸樹脂，初級狀態,泰國,進口總值(含復進口),2626,746008
2018-9,39074000,聚碳酸樹脂，初級狀態,泰國,出口總值(含復出口),342,105725
2018-9,39074000,聚碳酸樹脂，初級狀態,紐西蘭,出口總值(含復出口),7,2000
2018-9,39074000,聚碳酸樹脂，初級狀態,馬來西亞,出口總值(含復出口),669,236864
2018-9,39074000,聚碳酸樹脂，初級狀態,荷蘭,進口總值(含復進口),40,24294
2018-9,39074000,聚碳酸樹脂，初級狀態,荷蘭,出口總值(含復出口),1280,429500
2018-9,39074000,聚碳酸樹脂，初級狀態,斯里蘭卡,出口總值(含復出口),68,20000
2018-9,39074000,聚碳酸樹脂，初級狀態,斯洛維尼亞,出口總值(含復出口),106,34000
2018-9,39074000,聚碳酸樹脂，初級狀態,菲律賓,出口總值(含復出口),61,21500
2018-9,39074000,聚碳酸樹脂，初級狀態,越南,出口總值(含復出口),1958,804150
2018-9,39074000,聚碳酸樹脂，初級狀態,愛沙尼亞,進口總值(含復進口),8,4150
2018-9,39074000,聚碳酸樹脂，初級狀態,新加坡,進口總值(含復進口),289,81312
2018-9,39074000,聚碳酸樹脂，初級狀態,新加坡,出口總值(含復出口),397,105900
2018-9,39074000,聚碳酸樹脂，初級狀態,瑞士,進口總值(含復進口),134,19100
2018-9,39074000,聚碳酸樹脂，初級狀態,瑞典,出口總值(含復出口),48,16000
2018-9,39074000,聚碳酸樹脂，初級狀態,義大利,進口總值(含復進口),3,9
2018-9,39074000,聚碳酸樹脂，初級狀態,義大利,出口總值(含復出口),7,2000
2018-9,39074000,聚碳酸樹脂，初級狀態,德國,進口總值(含復進口),3868,1336983
2018-9,39074000,聚碳酸樹脂，初級狀態,緬甸,出口總值(含復出口),29,16000
2018-9,39074000,聚碳酸樹脂，初級狀態,墨西哥,進口總值(含復進口),28,10035
2018-9,39074000,聚碳酸樹脂，初級狀態,墨西哥,出口總值(含復出口),318,106000
2018-9,39074000,聚碳酸樹脂，初級狀態,澳大利亞,出口總值(含復出口),10,3000
2018-9,39075000,醇酸樹脂，初級狀態,中國大陸,進口總值(含復進口),139,74210
2018-9,39075000,醇酸樹脂，初級狀態,中國大陸,出口總值(含復出口),264,127506
2018-9,39075000,醇酸樹脂，初級狀態,日本,進口總值(含復進口),13,3174
2018-9,39075000,醇酸樹脂，初級狀態,日本,出口總值(含復出口),47,23400
2018-9,39075000,醇酸樹脂，初級狀態,以色列,出口總值(含復出口),12,8000
2018-9,39075000,醇酸樹脂，初級狀態,印尼,出口總值(含復出口),54,30200
2018-9,39075000,醇酸樹脂，初級狀態,印度,出口總值(含復出口),45,16000
2018-9,39075000,醇酸樹脂，初級狀態,沙烏地阿拉伯,出口總值(含復出口),13,8000
2018-9,39075000,醇酸樹脂，初級狀態,奈及利亞,出口總值(含復出口),36,8500
2018-9,39075000,醇酸樹脂，初級狀態,孟加拉,出口總值(含復出口),1,300
2018-9,39075000,醇酸樹脂，初級狀態,哥斯大黎加,出口總值(含復出口),3,1520
2018-9,39075000,醇酸樹脂，初級狀態,埃及,出口總值(含復出口),33,16800
2018-9,39075000,醇酸樹脂，初級狀態,泰國,出口總值(含復出口),59,24050
2018-9,39075000,醇酸樹脂，初級狀態,紐西蘭,出口總值(含復出口),5,2400
2018-9,39075000,醇酸樹脂，初級狀態,馬來西亞,出口總值(含復出口),126,51700
2018-9,39075000,醇酸樹脂，初級狀態,斯里蘭卡,出口總值(含復出口),173,97910
2018-9,39075000,醇酸樹脂，初級狀態,越南,出口總值(含復出口),2353,1394983
2018-9,39075000,醇酸樹脂，初級狀態,新加坡,出口總值(含復出口),63,33920
2018-9,39075000,醇酸樹脂，初級狀態,模里西斯,出口總值(含復出口),40,23560
2018-9,39075000,醇酸樹脂，初級狀態,黎巴嫩,出口總值(含復出口),35,23340
2018-9,39075000,醇酸樹脂，初級狀態,澳大利亞,出口總值(含復出口),67,27420
2018-10,39073010,丙二酚型環氧樹脂,土耳其,出口總值(含復出口),95,35200
2018-10,39073010,丙二酚型環氧樹脂,中國大陸,進口總值(含復進口),132,52200
2018-10,39073010,丙二酚型環氧樹脂,中國大陸,出口總值(含復出口),11570,4281965
2018-10,39073010,丙二酚型環氧樹脂,巴西,出口總值(含復出口),173,65490
2018-10,39073010,丙二酚型環氧樹脂,日本,進口總值(含復進口),73,5260
2018-10,39073010,丙二酚型環氧樹脂,日本,出口總值(含復出口),1102,410010
2018-10,39073010,丙二酚型環氧樹脂,加拿大,出口總值(含復出口),258,100320
2018-10,39073010,丙二酚型環氧樹脂,伊朗,出口總值(含復出口),3,500
2018-10,39073010,丙二酚型環氧樹脂,印尼,出口總值(含復出口),273,103360
2018-10,39073010,丙二酚型環氧樹脂,印度,出口總值(含復出口),49,18280
2018-10,39073010,丙二酚型環氧樹脂,西班牙,出口總值(含復出口),304,111160
2018-10,39073010,丙二酚型環氧樹脂,沙烏地阿拉伯,出口總值(含復出口),23,8800
2018-10,39073010,丙二酚型環氧樹脂,孟加拉,出口總值(含復出口),41,16000
2018-10,39073010,丙二酚型環氧樹脂,阿拉伯聯合大公國,出口總值(含復出口),756,297600
2018-10,39073010,丙二酚型環氧樹脂,阿曼,出口總值(含復出口),814,310400
2018-10,39073010,丙二酚型環氧樹脂,南韓,進口總值(含復進口),65,22600
2018-10,39073010,丙二酚型環氧樹脂,美國,進口總值(含復進口),161,38500
2018-10,39073010,丙二酚型環氧樹脂,美國,出口總值(含復出口),1257,495008
2018-10,39073010,丙二酚型環氧樹脂,英國,進口總值(含復進口),19,514
2018-10,39073010,丙二酚型環氧樹脂,英國,出口總值(含復出口),705,263040
2018-10,39073010,丙二酚型環氧樹脂,香港,出口總值(含復出口),72,24000
2018-10,39073010,丙二酚型環氧樹脂,哥倫比亞,出口總值(含復出口),45,16100
2018-10,39073010,丙二酚型環氧樹脂,埃及,出口總值(含復出口),183,71580
2018-10,39073010,丙二酚型環氧樹脂,泰國,出口總值(含復出口),94,35868
2018-10,39073010,丙二酚型環氧樹脂,烏克蘭,出口總值(含復出口),45,17600
2018-10,39073010,丙二酚型環氧樹脂,馬來西亞,出口總值(含復出口),1245,500760
2018-10,39073010,丙二酚型環氧樹脂,荷蘭,出口總值(含復出口),619,228730
2018-10,39073010,丙二酚型環氧樹脂,菲律賓,出口總值(含復出口),906,374640
2018-10,39073010,丙二酚型環氧樹脂,越南,出口總值(含復出口),636,228620
2018-10,39073010,丙二酚型環氧樹脂,奧地利,出口總值(含復出口),181,70000
2018-10,39073010,丙二酚型環氧樹脂,新加坡,出口總值(含復出口),596,236200
2018-10,39073010,丙二酚型環氧樹脂,義大利,出口總值(含復出口),274,105950
2018-10,39073010,丙二酚型環氧樹脂,葡萄牙,出口總值(含復出口),47,20000
2018-10,39073010,丙二酚型環氧樹脂,德國,進口總值(含復進口),108,16075
2018-10,39073010,丙二酚型環氧樹脂,德國,出口總值(含復出口),361,144000
2018-10,39073010,丙二酚型環氧樹脂,墨西哥,出口總值(含復出口),330,132200
2018-10,39073010,丙二酚型環氧樹脂,澳大利亞,出口總值(含復出口),393,158010
2018-10,39073010,丙二酚型環氧樹脂,澳門,出口總值(含復出口),207,79880
2018-10,39074000,聚碳酸樹脂，初級狀態,土耳其,出口總值(含復出口),197,68000
2018-10,39074000,聚碳酸樹脂，初級狀態,中國大陸,進口總值(含復進口),7850,2434565
2018-10,39074000,聚碳酸樹脂，初級狀態,中國大陸,出口總值(含復出口),66124,25850856
2018-10,39074000,聚碳酸樹脂，初級狀態,中華民國,進口總值(含復進口),212,115035
2018-10,39074000,聚碳酸樹脂，初級狀態,厄瓜多,出口總值(含復出口),3,1000
2018-10,39074000,聚碳酸樹脂，初級狀態,巴西,出口總值(含復出口),59,20000
2018-10,39074000,聚碳酸樹脂，初級狀態,巴基斯坦,出口總值(含復出口),43,14000
2018-10,39074000,聚碳酸樹脂，初級狀態,日本,進口總值(含復進口),9005,1570135
2018-10,39074000,聚碳酸樹脂，初級狀態,日本,出口總值(含復出口),3393,1199450
2018-10,39074000,聚碳酸樹脂，初級狀態,比利時,進口總值(含復進口),222,84000
2018-10,39074000,聚碳酸樹脂，初級狀態,比利時,出口總值(含復出口),34,11000
2018-10,39074000,聚碳酸樹脂，初級狀態,以色列,出口總值(含復出口),180,66000
2018-10,39074000,聚碳酸樹脂，初級狀態,加拿大,出口總值(含復出口),12,4000
2018-10,39074000,聚碳酸樹脂，初級狀態,伊朗,出口總值(含復出口),537,175000
2018-10,39074000,聚碳酸樹脂，初級狀態,印尼,出口總值(含復出口),707,254000
2018-10,39074000,聚碳酸樹脂，初級狀態,印度,進口總值(含復進口),0,50
2018-10,39074000,聚碳酸樹脂，初級狀態,印度,出口總值(含復出口),53,19000
2018-10,39074000,聚碳酸樹脂，初級狀態,西班牙,進口總值(含復進口),110,33750
2018-10,39074000,聚碳酸樹脂，初級狀態,西班牙,出口總值(含復出口),120,48000
2018-10,39074000,聚碳酸樹脂，初級狀態,沙烏地阿拉伯,進口總值(含復進口),707,267750
2018-10,39074000,聚碳酸樹脂，初級狀態,孟加拉,出口總值(含復出口),126,43250
2018-10,39074000,聚碳酸樹脂，初級狀態,阿根廷,出口總值(含復出口),58,21000
2018-10,39074000,聚碳酸樹脂，初級狀態,俄羅斯,出口總值(含復出口),31,10000
2018-10,39074000,聚碳酸樹脂，初級狀態,南韓,進口總值(含復進口),2544,906675
2018-10,39074000,聚碳酸樹脂，初級狀態,南韓,出口總值(含復出口),1128,398600
2018-10,39074000,聚碳酸樹脂，初級狀態,突尼西亞,出口總值(含復出口),0,25
2018-10,39074000,聚碳酸樹脂，初級狀態,美國,進口總值(含復進口),400,52116
2018-10,39074000,聚碳酸樹脂，初級狀態,美國,出口總值(含復出口),1611,592936
2018-10,39074000,聚碳酸樹脂，初級狀態,英國,進口總值(含復進口),16,8803
2018-10,39074000,聚碳酸樹脂，初級狀態,英國,出口總值(含復出口),279,109000
2018-10,39074000,聚碳酸樹脂，初級狀態,香港,進口總值(含復進口),4,39
2018-10,39074000,聚碳酸樹脂，初級狀態,香港,出口總值(含復出口),8320,2210954
2018-10,39074000,聚碳酸樹脂，初級狀態,哥倫比亞,出口總值(含復出口),13,5000
2018-10,39074000,聚碳酸樹脂，初級狀態,哥斯大黎加,出口總值(含復出口),15,18525
2018-10,39074000,聚碳酸樹脂，初級狀態,埃及,出口總值(含復出口),11,4000
2018-10,39074000,聚碳酸樹脂，初級狀態,泰國,進口總值(含復進口),3339,1001455
2018-10,39074000,聚碳酸樹脂，初級狀態,泰國,出口總值(含復出口),377,151800
2018-10,39074000,聚碳酸樹脂，初級狀態,紐西蘭,出口總值(含復出口),6,2000
2018-10,39074000,聚碳酸樹脂，初級狀態,馬來西亞,進口總值(含復進口),59,5020
2018-10,39074000,聚碳酸樹脂，初級狀態,馬來西亞,出口總值(含復出口),396,143409
2018-10,39074000,聚碳酸樹脂，初級狀態,荷蘭,進口總值(含復進口),237,41775
2018-10,39074000,聚碳酸樹脂，初級狀態,荷蘭,出口總值(含復出口),1101,376900
2018-10,39074000,聚碳酸樹脂，初級狀態,斯洛維尼亞,出口總值(含復出口),15,5000
2018-10,39074000,聚碳酸樹脂，初級狀態,智利,出口總值(含復出口),16,5000
2018-10,39074000,聚碳酸樹脂，初級狀態,菲律賓,進口總值(含復進口),8,1000
2018-10,39074000,聚碳酸樹脂，初級狀態,菲律賓,出口總值(含復出口),155,54000
2018-10,39074000,聚碳酸樹脂，初級狀態,越南,出口總值(含復出口),1642,596893
2018-10,39074000,聚碳酸樹脂，初級狀態,新加坡,進口總值(含復進口),301,73468
2018-10,39074000,聚碳酸樹脂，初級狀態,新加坡,出口總值(含復出口),50,11200
2018-10,39074000,聚碳酸樹脂，初級狀態,瑞士,進口總值(含復進口),325,46450
2018-10,39074000,聚碳酸樹脂，初級狀態,義大利,進口總值(含復進口),3,29
2018-10,39074000,聚碳酸樹脂，初級狀態,義大利,出口總值(含復出口),52,18000
2018-10,39074000,聚碳酸樹脂，初級狀態,德國,進口總值(含復進口),3194,1112092
2018-10,39074000,聚碳酸樹脂，初級狀態,德國,出口總值(含復出口),140,48000
2018-10,39074000,聚碳酸樹脂，初級狀態,緬甸,出口總值(含復出口),29,16000
2018-10,39074000,聚碳酸樹脂，初級狀態,黎巴嫩,出口總值(含復出口),140,44000
2018-10,39074000,聚碳酸樹脂，初級狀態,墨西哥,進口總值(含復進口),32,19818
2018-10,39074000,聚碳酸樹脂，初級狀態,墨西哥,出口總值(含復出口),223,73000
2018-10,39074000,聚碳酸樹脂，初級狀態,澳大利亞,出口總值(含復出口),15,5000
2018-10,39075000,醇酸樹脂，初級狀態,中國大陸,進口總值(含復進口),74,40390
2018-10,39075000,醇酸樹脂，初級狀態,中國大陸,出口總值(含復出口),540,275650
2018-10,39075000,醇酸樹脂，初級狀態,日本,進口總值(含復進口),62,20976
2018-10,39075000,醇酸樹脂，初級狀態,日本,出口總值(含復出口),46,22800
2018-10,39075000,醇酸樹脂，初級狀態,印尼,出口總值(含復出口),20,15180
2018-10,39075000,醇酸樹脂，初級狀態,印度,出口總值(含復出口),41,16000
2018-10,39075000,醇酸樹脂，初級狀態,西班牙,進口總值(含復進口),7,2340
2018-10,39075000,醇酸樹脂，初級狀態,孟加拉,出口總值(含復出口),12,5000
2018-10,39075000,醇酸樹脂，初級狀態,南韓,出口總值(含復出口),52,20000
2018-10,39075000,醇酸樹脂，初級狀態,美國,出口總值(含復出口),34,16820
2018-10,39075000,醇酸樹脂，初級狀態,泰國,出口總值(含復出口),14,7000
2018-10,39075000,醇酸樹脂，初級狀態,紐西蘭,出口總值(含復出口),9,4000
2018-10,39075000,醇酸樹脂，初級狀態,馬來西亞,出口總值(含復出口),207,99000
2018-10,39075000,醇酸樹脂，初級狀態,斯里蘭卡,出口總值(含復出口),151,84000
2018-10,39075000,醇酸樹脂，初級狀態,菲律賓,出口總值(含復出口),2,1180
2018-10,39075000,醇酸樹脂，初級狀態,越南,出口總值(含復出口),2084,1259423
2018-10,39075000,醇酸樹脂，初級狀態,新加坡,出口總值(含復出口),79,39190
2018-10,39075000,醇酸樹脂，初級狀態,模里西斯,出口總值(含復出口),36,23340
2018-10,39075000,醇酸樹脂，初級狀態,緬甸,出口總值(含復出口),2,406
2018-10,39075000,醇酸樹脂，初級狀態,黎巴嫩,出口總值(含復出口),93,62600
2018-10,39075000,醇酸樹脂，初級狀態,澳大利亞,出口總值(含復出口),250,129560
2018-11,39073010,丙二酚型環氧樹脂,土耳其,出口總值(含復出口),237,94400
2018-11,39073010,丙二酚型環氧樹脂,中國大陸,進口總值(含復進口),321,120210
2018-11,39073010,丙二酚型環氧樹脂,中國大陸,出口總值(含復出口),12894,4792850
2018-11,39073010,丙二酚型環氧樹脂,巴基斯坦,出口總值(含復出口),8,1760
2018-11,39073010,丙二酚型環氧樹脂,日本,進口總值(含復進口),28,1640
2018-11,39073010,丙二酚型環氧樹脂,日本,出口總值(含復出口),1891,727810
2018-11,39073010,丙二酚型環氧樹脂,卡達,出口總值(含復出口),259,89600
2018-11,39073010,丙二酚型環氧樹脂,印尼,出口總值(含復出口),285,110880
2018-11,39073010,丙二酚型環氧樹脂,印度,出口總值(含復出口),44,19200
2018-11,39073010,丙二酚型環氧樹脂,西班牙,出口總值(含復出口),49,18960
2018-11,39073010,丙二酚型環氧樹脂,孟加拉,出口總值(含復出口),131,42720
2018-11,39073010,丙二酚型環氧樹脂,帛琉,出口總值(含復出口),3,600
2018-11,39073010,丙二酚型環氧樹脂,阿拉伯聯合大公國,出口總值(含復出口),815,326730
2018-11,39073010,丙二酚型環氧樹脂,俄羅斯,出口總值(含復出口),179,70400
2018-11,39073010,丙二酚型環氧樹脂,南非,出口總值(含復出口),9,3520
2018-11,39073010,丙二酚型環氧樹脂,南韓,進口總值(含復進口),90,23810
2018-11,39073010,丙二酚型環氧樹脂,南韓,出口總值(含復出口),105,24975
2018-11,39073010,丙二酚型環氧樹脂,美國,進口總值(含復進口),251,58980
2018-11,39073010,丙二酚型環氧樹脂,美國,出口總值(含復出口),1259,500154
2018-11,39073010,丙二酚型環氧樹脂,英國,出口總值(含復出口),208,82180
2018-11,39073010,丙二酚型環氧樹脂,香港,出口總值(含復出口),172,61600
2018-11,39073010,丙二酚型環氧樹脂,哥倫比亞,出口總值(含復出口),68,23950
2018-11,39073010,丙二酚型環氧樹脂,泰國,出口總值(含復出口),43,17547
2018-11,39073010,丙二酚型環氧樹脂,馬來西亞,出口總值(含復出口),1561,646556
2018-11,39073010,丙二酚型環氧樹脂,荷蘭,進口總值(含復進口),93,34800
2018-11,39073010,丙二酚型環氧樹脂,荷蘭,出口總值(含復出口),161,63500
2018-11,39073010,丙二酚型環氧樹脂,智利,出口總值(含復出口),91,35200
2018-11,39073010,丙二酚型環氧樹脂,菲律賓,出口總值(含復出口),1324,554515
2018-11,39073010,丙二酚型環氧樹脂,越南,出口總值(含復出口),1217,470110
2018-11,39073010,丙二酚型環氧樹脂,新加坡,出口總值(含復出口),797,320640
2018-11,39073010,丙二酚型環氧樹脂,義大利,進口總值(含復進口),12,2700
2018-11,39073010,丙二酚型環氧樹脂,義大利,出口總值(含復出口),133,51960
2018-11,39073010,丙二酚型環氧樹脂,葡萄牙,出口總值(含復出口),136,60000
2018-11,39073010,丙二酚型環氧樹脂,德國,進口總值(含復進口),58,18125
2018-11,39073010,丙二酚型環氧樹脂,德國,出口總值(含復出口),176,72000
2018-11,39073010,丙二酚型環氧樹脂,墨西哥,出口總值(含復出口),166,68800
2018-11,39073010,丙二酚型環氧樹脂,澳大利亞,出口總值(含復出口),342,135840
2018-11,39073010,丙二酚型環氧樹脂,澳門,出口總值(含復出口),156,59690
2018-11,39074000,聚碳酸樹脂，初級狀態,中國大陸,進口總值(含復進口),6584,2115062
2018-11,39074000,聚碳酸樹脂，初級狀態,中國大陸,出口總值(含復出口),47213,19931735
2018-11,39074000,聚碳酸樹脂，初級狀態,中華民國,進口總值(含復進口),89,25405
2018-11,39074000,聚碳酸樹脂，初級狀態,厄瓜多,出口總值(含復出口),38,14000
2018-11,39074000,聚碳酸樹脂，初級狀態,巴西,出口總值(含復出口),7,1300
2018-11,39074000,聚碳酸樹脂，初級狀態,巴基斯坦,出口總值(含復出口),76,27000
2018-11,39074000,聚碳酸樹脂，初級狀態,日本,進口總值(含復進口),7531,1581443
2018-11,39074000,聚碳酸樹脂，初級狀態,日本,出口總值(含復出口),3454,1323000
2018-11,39074000,聚碳酸樹脂，初級狀態,比利時,進口總值(含復進口),469,88479
2018-11,39074000,聚碳酸樹脂，初級狀態,以色列,進口總值(含復進口),0,50
2018-11,39074000,聚碳酸樹脂，初級狀態,以色列,出口總值(含復出口),370,169000
2018-11,39074000,聚碳酸樹脂，初級狀態,伊朗,出口總值(含復出口),341,128000
2018-11,39074000,聚碳酸樹脂，初級狀態,印尼,出口總值(含復出口),258,93000
2018-11,39074000,聚碳酸樹脂，初級狀態,印度,進口總值(含復進口),7,1950
2018-11,39074000,聚碳酸樹脂，初級狀態,印度,出口總值(含復出口),40,18000
2018-11,39074000,聚碳酸樹脂，初級狀態,西班牙,進口總值(含復進口),235,155405
2018-11,39074000,聚碳酸樹脂，初級狀態,西班牙,出口總值(含復出口),112,45000
2018-11,39074000,聚碳酸樹脂，初級狀態,沙烏地阿拉伯,進口總值(含復進口),2293,1107000
2018-11,39074000,聚碳酸樹脂，初級狀態,孟加拉,出口總值(含復出口),48,16250
2018-11,39074000,聚碳酸樹脂，初級狀態,阿拉伯聯合大公國,進口總值(含復進口),44,25282
2018-11,39074000,聚碳酸樹脂，初級狀態,阿拉伯聯合大公國,出口總值(含復出口),42,17000
2018-11,39074000,聚碳酸樹脂，初級狀態,阿根廷,出口總值(含復出口),19,8000
2018-11,39074000,聚碳酸樹脂，初級狀態,俄羅斯,出口總值(含復出口),5,2000
2018-11,39074000,聚碳酸樹脂，初級狀態,南韓,進口總值(含復進口),1614,624000
2018-11,39074000,聚碳酸樹脂，初級狀態,南韓,出口總值(含復出口),440,159000
2018-11,39074000,聚碳酸樹脂，初級狀態,科威特,進口總值(含復進口),22,11600
2018-11,39074000,聚碳酸樹脂，初級狀態,美國,進口總值(含復進口),504,97998
2018-11,39074000,聚碳酸樹脂，初級狀態,美國,出口總值(含復出口),1710,650000
2018-11,39074000,聚碳酸樹脂，初級狀態,英國,出口總值(含復出口),6,2250
2018-11,39074000,聚碳酸樹脂，初級狀態,香港,進口總值(含復進口),0,3
2018-11,39074000,聚碳酸樹脂，初級狀態,香港,出口總值(含復出口),6448,1880850
2018-11,39074000,聚碳酸樹脂，初級狀態,哥倫比亞,出口總值(含復出口),33,14000
2018-11,39074000,聚碳酸樹脂，初級狀態,挪威,出口總值(含復出口),6,1300
2018-11,39074000,聚碳酸樹脂，初級狀態,泰國,進口總值(含復進口),1671,548900
2018-11,39074000,聚碳酸樹脂，初級狀態,泰國,出口總值(含復出口),165,49025
2018-11,39074000,聚碳酸樹脂，初級狀態,紐西蘭,出口總值(含復出口),23,8000
2018-11,39074000,聚碳酸樹脂，初級狀態,馬來西亞,出口總值(含復出口),257,100050
2018-11,39074000,聚碳酸樹脂，初級狀態,荷蘭,出口總值(含復出口),792,297000
2018-11,39074000,聚碳酸樹脂，初級狀態,斯里蘭卡,出口總值(含復出口),4,1000
2018-11,39074000,聚碳酸樹脂，初級狀態,斯洛維尼亞,出口總值(含復出口),33,11000
2018-11,39074000,聚碳酸樹脂，初級狀態,菲律賓,出口總值(含復出口),52,21000
2018-11,39074000,聚碳酸樹脂，初級狀態,越南,出口總值(含復出口),2509,1229949
2018-11,39074000,聚碳酸樹脂，初級狀態,新加坡,進口總值(含復進口),305,66475
2018-11,39074000,聚碳酸樹脂，初級狀態,新加坡,出口總值(含復出口),309,73900
2018-11,39074000,聚碳酸樹脂，初級狀態,瑞士,進口總值(含復進口),137,19925
2018-11,39074000,聚碳酸樹脂，初級狀態,瑞典,進口總值(含復進口),3,108
2018-11,39074000,聚碳酸樹脂，初級狀態,瑞典,出口總值(含復出口),116,48000
2018-11,39074000,聚碳酸樹脂，初級狀態,義大利,進口總值(含復進口),0,50
2018-11,39074000,聚碳酸樹脂，初級狀態,葡萄牙,出口總值(含復出口),39,16000
2018-11,39074000,聚碳酸樹脂，初級狀態,德國,進口總值(含復進口),1381,448102
2018-11,39074000,聚碳酸樹脂，初級狀態,德國,出口總值(含復出口),112,46000
2018-11,39074000,聚碳酸樹脂，初級狀態,緬甸,出口總值(含復出口),58,32000
2018-11,39074000,聚碳酸樹脂，初級狀態,黎巴嫩,出口總值(含復出口),299,108000
2018-11,39074000,聚碳酸樹脂，初級狀態,墨西哥,進口總值(含復進口),67,41107
2018-11,39074000,聚碳酸樹脂，初級狀態,墨西哥,出口總值(含復出口),514,174000
2018-11,39074000,聚碳酸樹脂，初級狀態,澳大利亞,出口總值(含復出口),52,17000
2018-11,39075000,醇酸樹脂，初級狀態,中國大陸,進口總值(含復進口),4,680
2018-11,39075000,醇酸樹脂，初級狀態,中國大陸,出口總值(含復出口),272,136404
2018-11,39075000,醇酸樹脂，初級狀態,日本,進口總值(含復進口),39,7336
2018-11,39075000,醇酸樹脂，初級狀態,以色列,出口總值(含復出口),21,13600
2018-11,39075000,醇酸樹脂，初級狀態,印尼,出口總值(含復出口),29,15680
2018-11,39075000,醇酸樹脂，初級狀態,沙烏地阿拉伯,出口總值(含復出口),8,3200
2018-11,39075000,醇酸樹脂，初級狀態,坦尚尼亞,出口總值(含復出口),33,19560
2018-11,39075000,醇酸樹脂，初級狀態,香港,出口總值(含復出口),12,4040
2018-11,39075000,醇酸樹脂，初級狀態,泰國,出口總值(含復出口),10,4800
2018-11,39075000,醇酸樹脂，初級狀態,紐西蘭,出口總值(含復出口),12,5600
2018-11,39075000,醇酸樹脂，初級狀態,馬來西亞,出口總值(含復出口),269,118417
2018-11,39075000,醇酸樹脂，初級狀態,斯里蘭卡,出口總值(含復出口),53,28490
2018-11,39075000,醇酸樹脂，初級狀態,菲律賓,出口總值(含復出口),2,800
2018-11,39075000,醇酸樹脂，初級狀態,越南,出口總值(含復出口),2354,1430352
2018-11,39075000,醇酸樹脂，初級狀態,新加坡,出口總值(含復出口),51,23390
2018-11,39075000,醇酸樹脂，初級狀態,模里西斯,出口總值(含復出口),15,9180
2018-11,39075000,醇酸樹脂，初級狀態,緬甸,出口總值(含復出口),9,880
2018-11,39075000,醇酸樹脂，初級狀態,黎巴嫩,出口總值(含復出口),15,9600
2018-11,39075000,醇酸樹脂，初級狀態,澳大利亞,出口總值(含復出口),247,138280
2018-12,39073010,丙二酚型環氧樹脂,土耳其,出口總值(含復出口),233,92160
2018-12,39073010,丙二酚型環氧樹脂,中國大陸,進口總值(含復進口),4,44
2018-12,39073010,丙二酚型環氧樹脂,中國大陸,出口總值(含復出口),8157,3092355
2018-12,39073010,丙二酚型環氧樹脂,巴西,出口總值(含復出口),267,106980
2018-12,39073010,丙二酚型環氧樹脂,巴林,出口總值(含復出口),42,17600
2018-12,39073010,丙二酚型環氧樹脂,巴基斯坦,出口總值(含復出口),38,17600
2018-12,39073010,丙二酚型環氧樹脂,日本,進口總值(含復進口),163,12022
2018-12,39073010,丙二酚型環氧樹脂,日本,出口總值(含復出口),1432,564540
2018-12,39073010,丙二酚型環氧樹脂,比利時,出口總值(含復出口),6,3000
2018-12,39073010,丙二酚型環氧樹脂,加拿大,出口總值(含復出口),268,110000
2018-12,39073010,丙二酚型環氧樹脂,卡達,出口總值(含復出口),103,38400
2018-12,39073010,丙二酚型環氧樹脂,印尼,出口總值(含復出口),167,67560
2018-12,39073010,丙二酚型環氧樹脂,印度,出口總值(含復出口),399,178080
2018-12,39073010,丙二酚型環氧樹脂,西班牙,出口總值(含復出口),294,114600
2018-12,39073010,丙二酚型環氧樹脂,希臘,出口總值(含復出口),48,17600
2018-12,39073010,丙二酚型環氧樹脂,沙烏地阿拉伯,出口總值(含復出口),114,44800
2018-12,39073010,丙二酚型環氧樹脂,法國,出口總值(含復出口),48,19200
2018-12,39073010,丙二酚型環氧樹脂,阿拉伯聯合大公國,出口總值(含復出口),175,70400
2018-12,39073010,丙二酚型環氧樹脂,阿曼,出口總值(含復出口),49,19200
2018-12,39073010,丙二酚型環氧樹脂,俄羅斯,出口總值(含復出口),85,35200
2018-12,39073010,丙二酚型環氧樹脂,約旦,出口總值(含復出口),123,52800
2018-12,39073010,丙二酚型環氧樹脂,美國,進口總值(含復進口),40,1605
2018-12,39073010,丙二酚型環氧樹脂,美國,出口總值(含復出口),752,318022
2018-12,39073010,丙二酚型環氧樹脂,英國,出口總值(含復出口),1162,487535
2018-12,39073010,丙二酚型環氧樹脂,香港,出口總值(含復出口),35,12000
2018-12,39073010,丙二酚型環氧樹脂,哥倫比亞,出口總值(含復出口),65,23940
2018-12,39073010,丙二酚型環氧樹脂,泰國,出口總值(含復出口),49,19460
2018-12,39073010,丙二酚型環氧樹脂,烏克蘭,出口總值(含復出口),47,18280
2018-12,39073010,丙二酚型環氧樹脂,馬來西亞,出口總值(含復出口),1371,566935
2018-12,39073010,丙二酚型環氧樹脂,荷蘭,進口總值(含復進口),58,18000
2018-12,39073010,丙二酚型環氧樹脂,荷蘭,出口總值(含復出口),951,336440
2018-12,39073010,丙二酚型環氧樹脂,喬治亞,出口總值(含復出口),48,18340
2018-12,39073010,丙二酚型環氧樹脂,斯里蘭卡,出口總值(含復出口),38,16000
2018-12,39073010,丙二酚型環氧樹脂,菲律賓,出口總值(含復出口),1308,552375
2018-12,39073010,丙二酚型環氧樹脂,越南,出口總值(含復出口),991,380706
2018-12,39073010,丙二酚型環氧樹脂,奧地利,出口總值(含復出口),172,70000
2018-12,39073010,丙二酚型環氧樹脂,新加坡,出口總值(含復出口),878,376000
2018-12,39073010,丙二酚型環氧樹脂,義大利,出口總值(含復出口),576,242305
2018-12,39073010,丙二酚型環氧樹脂,德國,進口總值(含復進口),50,8720
2018-12,39073010,丙二酚型環氧樹脂,德國,出口總值(含復出口),459,181400
2018-12,39073010,丙二酚型環氧樹脂,墨西哥,出口總值(含復出口),362,150200
2018-12,39073010,丙二酚型環氧樹脂,澳大利亞,出口總值(含復出口),55,19280
2018-12,39073010,丙二酚型環氧樹脂,澳門,出口總值(含復出口),208,80200
2018-12,39074000,聚碳酸樹脂，初級狀態,土耳其,進口總值(含復進口),2,100
2018-12,39074000,聚碳酸樹脂，初級狀態,中國大陸,進口總值(含復進口),8216,2887348
2018-12,39074000,聚碳酸樹脂，初級狀態,中國大陸,出口總值(含復出口),54335,25613707
2018-12,39074000,聚碳酸樹脂，初級狀態,中華民國,進口總值(含復進口),155,52300
2018-12,39074000,聚碳酸樹脂，初級狀態,厄瓜多,出口總值(含復出口),36,13000
2018-12,39074000,聚碳酸樹脂，初級狀態,巴西,出口總值(含復出口),185,62675
2018-12,39074000,聚碳酸樹脂，初級狀態,巴基斯坦,出口總值(含復出口),19,5100
2018-12,39074000,聚碳酸樹脂，初級狀態,日本,進口總值(含復進口),7060,1265101
2018-12,39074000,聚碳酸樹脂，初級狀態,日本,出口總值(含復出口),2735,1126075
2018-12,39074000,聚碳酸樹脂，初級狀態,比利時,進口總值(含復進口),506,175250
2018-12,39074000,聚碳酸樹脂，初級狀態,比利時,出口總值(含復出口),3,1000
2018-12,39074000,聚碳酸樹脂，初級狀態,以色列,出口總值(含復出口),572,264400
2018-12,39074000,聚碳酸樹脂，初級狀態,加拿大,出口總值(含復出口),75,25000
2018-12,39074000,聚碳酸樹脂，初級狀態,立陶宛,出口總值(含復出口),42,16000
2018-12,39074000,聚碳酸樹脂，初級狀態,伊朗,出口總值(含復出口),528,192000
2018-12,39074000,聚碳酸樹脂，初級狀態,印尼,出口總值(含復出口),488,195800
2018-12,39074000,聚碳酸樹脂，初級狀態,印度,出口總值(含復出口),2,750
2018-12,39074000,聚碳酸樹脂，初級狀態,西班牙,進口總值(含復進口),433,211195
2018-12,39074000,聚碳酸樹脂，初級狀態,西班牙,出口總值(含復出口),57,24000
2018-12,39074000,聚碳酸樹脂，初級狀態,沙烏地阿拉伯,進口總值(含復進口),3915,2117500
2018-12,39074000,聚碳酸樹脂，初級狀態,孟加拉,出口總值(含復出口),54,22000
2018-12,39074000,聚碳酸樹脂，初級狀態,波蘭,出口總值(含復出口),77,32000
2018-12,39074000,聚碳酸樹脂，初級狀態,法國,出口總值(含復出口),46,19000
2018-12,39074000,聚碳酸樹脂，初級狀態,阿根廷,出口總值(含復出口),101,47000
2018-12,39074000,聚碳酸樹脂，初級狀態,南非,出口總值(含復出口),126,51000
2018-12,39074000,聚碳酸樹脂，初級狀態,南韓,進口總值(含復進口),1951,828450
2018-12,39074000,聚碳酸樹脂，初級狀態,南韓,出口總值(含復出口),1912,640000
2018-12,39074000,聚碳酸樹脂，初級狀態,突尼西亞,出口總值(含復出口),39,16000
2018-12,39074000,聚碳酸樹脂，初級狀態,美國,進口總值(含復進口),512,125624
2018-12,39074000,聚碳酸樹脂，初級狀態,美國,出口總值(含復出口),2068,804900
2018-12,39074000,聚碳酸樹脂，初級狀態,英國,出口總值(含復出口),278,117875
2018-12,39074000,聚碳酸樹脂，初級狀態,香港,出口總值(含復出口),6280,1909250
2018-12,39074000,聚碳酸樹脂，初級狀態,哥倫比亞,出口總值(含復出口),112,48000
2018-12,39074000,聚碳酸樹脂，初級狀態,哥斯大黎加,出口總值(含復出口),18,20750
2018-12,39074000,聚碳酸樹脂，初級狀態,泰國,進口總值(含復進口),1750,624715
2018-12,39074000,聚碳酸樹脂，初級狀態,泰國,出口總值(含復出口),198,66450
2018-12,39074000,聚碳酸樹脂，初級狀態,烏拉圭,出口總值(含復出口),42,18000
2018-12,39074000,聚碳酸樹脂，初級狀態,紐西蘭,出口總值(含復出口),2,1000
2018-12,39074000,聚碳酸樹脂，初級狀態,馬來西亞,進口總值(含復進口),58,5000
2018-12,39074000,聚碳酸樹脂，初級狀態,馬來西亞,出口總值(含復出口),578,245050
2018-12,39074000,聚碳酸樹脂，初級狀態,荷蘭,進口總值(含復進口),23,1900
2018-12,39074000,聚碳酸樹脂，初級狀態,荷蘭,出口總值(含復出口),1635,616975
2018-12,39074000,聚碳酸樹脂，初級狀態,斯里蘭卡,出口總值(含復出口),41,20000
2018-12,39074000,聚碳酸樹脂，初級狀態,斯洛維尼亞,出口總值(含復出口),188,80000
2018-12,39074000,聚碳酸樹脂，初級狀態,智利,出口總值(含復出口),24,10000
2018-12,39074000,聚碳酸樹脂，初級狀態,菲律賓,進口總值(含復進口),4,500
2018-12,39074000,聚碳酸樹脂，初級狀態,越南,出口總值(含復出口),2619,1182325
2018-12,39074000,聚碳酸樹脂，初級狀態,新加坡,進口總值(含復進口),332,100451
2018-12,39074000,聚碳酸樹脂，初級狀態,新加坡,出口總值(含復出口),299,100650
2018-12,39074000,聚碳酸樹脂，初級狀態,瑞士,進口總值(含復進口),167,24050
2018-12,39074000,聚碳酸樹脂，初級狀態,義大利,進口總值(含復進口),21,1307
2018-12,39074000,聚碳酸樹脂，初級狀態,義大利,出口總值(含復出口),76,32000
2018-12,39074000,聚碳酸樹脂，初級狀態,葡萄牙,出口總值(含復出口),10,4000
2018-12,39074000,聚碳酸樹脂，初級狀態,德國,進口總值(含復進口),865,426500
2018-12,39074000,聚碳酸樹脂，初級狀態,緬甸,出口總值(含復出口),6,9700
2018-12,39074000,聚碳酸樹脂，初級狀態,墨西哥,進口總值(含復進口),44,19681
2018-12,39074000,聚碳酸樹脂，初級狀態,墨西哥,出口總值(含復出口),223,98000
2018-12,39074000,聚碳酸樹脂，初級狀態,澳大利亞,出口總值(含復出口),25,10000
2018-12,39075000,醇酸樹脂，初級狀態,土耳其,進口總值(含復進口),3,49
2018-12,39075000,醇酸樹脂，初級狀態,中國大陸,進口總值(含復進口),9,2000
2018-12,39075000,醇酸樹脂，初級狀態,中國大陸,出口總值(含復出口),294,145980
2018-12,39075000,醇酸樹脂，初級狀態,巴西,出口總值(含復出口),0,200
2018-12,39075000,醇酸樹脂，初級狀態,日本,進口總值(含復進口),28,10492
2018-12,39075000,醇酸樹脂，初級狀態,印尼,出口總值(含復出口),16,11430
2018-12,39075000,醇酸樹脂，初級狀態,印度,出口總值(含復出口),41,16000
2018-12,39075000,醇酸樹脂，初級狀態,沙烏地阿拉伯,出口總值(含復出口),25,16800
2018-12,39075000,醇酸樹脂，初級狀態,香港,出口總值(含復出口),3,900
2018-12,39075000,醇酸樹脂，初級狀態,泰國,出口總值(含復出口),39,19100
2018-12,39075000,醇酸樹脂，初級狀態,馬來西亞,出口總值(含復出口),162,80950
2018-12,39075000,醇酸樹脂，初級狀態,斯里蘭卡,出口總值(含復出口),25,14850
2018-12,39075000,醇酸樹脂，初級狀態,象牙海岸,出口總值(含復出口),26,16000
2018-12,39075000,醇酸樹脂，初級狀態,越南,出口總值(含復出口),2389,1519111
2018-12,39075000,醇酸樹脂，初級狀態,奧地利,進口總值(含復進口),1,175
2018-12,39075000,醇酸樹脂，初級狀態,新加坡,出口總值(含復出口),77,35960
2018-12,39075000,醇酸樹脂，初級狀態,模里西斯,出口總值(含復出口),4,2440
2018-12,39075000,醇酸樹脂，初級狀態,緬甸,出口總值(含復出口),9,1220
2018-12,39075000,醇酸樹脂，初級狀態,澳大利亞,出口總值(含復出口),98,57960
2018-1,39079100,其他聚酯，不飽和者，初級狀態,中國大陸,進口總值(含復進口),601,218274
2018-1,39079100,其他聚酯，不飽和者，初級狀態,中華民國,進口總值(含復進口),27,14080
2018-1,39079100,其他聚酯，不飽和者，初級狀態,日本,進口總值(含復進口),407,81579
2018-1,39079100,其他聚酯，不飽和者，初級狀態,西班牙,進口總值(含復進口),163,83680
2018-1,39079100,其他聚酯，不飽和者，初級狀態,南韓,進口總值(含復進口),96,37325
2018-1,39079100,其他聚酯，不飽和者，初級狀態,美國,進口總值(含復進口),64,22318
2018-1,39079100,其他聚酯，不飽和者，初級狀態,英國,進口總值(含復進口),3,360
2018-1,39079100,其他聚酯，不飽和者，初級狀態,義大利,進口總值(含復進口),45,16000
2018-1,39079100,其他聚酯，不飽和者，初級狀態,葡萄牙,進口總值(含復進口),3,200
2018-1,39079100,其他聚酯，不飽和者，初級狀態,中國大陸,出口總值(含復出口),1382,678811
2018-1,39079100,其他聚酯，不飽和者，初級狀態,日本,出口總值(含復出口),2900,2054696
2018-1,39079100,其他聚酯，不飽和者，初級狀態,以色列,出口總值(含復出口),56,35200
2018-1,39079100,其他聚酯，不飽和者，初級狀態,卡達,出口總值(含復出口),1753,1040740
2018-1,39079100,其他聚酯，不飽和者，初級狀態,伊朗,出口總值(含復出口),32,17600
2018-1,39079100,其他聚酯，不飽和者，初級狀態,印尼,出口總值(含復出口),163,92647
2018-1,39079100,其他聚酯，不飽和者，初級狀態,印度,出口總值(含復出口),783,601264
2018-1,39079100,其他聚酯，不飽和者，初級狀態,多明尼加,出口總值(含復出口),586,309600
2018-1,39079100,其他聚酯，不飽和者，初級狀態,奈及利亞,出口總值(含復出口),38,18000
2018-1,39079100,其他聚酯，不飽和者，初級狀態,孟加拉,出口總值(含復出口),1141,652075
2018-1,39079100,其他聚酯，不飽和者，初級狀態,阿拉伯聯合大公國,出口總值(含復出口),171,105160
2018-1,39079100,其他聚酯，不飽和者，初級狀態,南非,出口總值(含復出口),317,170700
2018-1,39079100,其他聚酯，不飽和者，初級狀態,柬埔寨,出口總值(含復出口),148,89600
2018-1,39079100,其他聚酯，不飽和者，初級狀態,美國,出口總值(含復出口),19,2800
2018-1,39079100,其他聚酯，不飽和者，初級狀態,英國,出口總值(含復出口),14,3600
2018-1,39079100,其他聚酯，不飽和者，初級狀態,香港,出口總值(含復出口),246,105040
2018-1,39079100,其他聚酯，不飽和者，初級狀態,埃及,出口總值(含復出口),498,311820
2018-1,39079100,其他聚酯，不飽和者，初級狀態,泰國,出口總值(含復出口),61,36740
2018-1,39079100,其他聚酯，不飽和者，初級狀態,紐西蘭,出口總值(含復出口),44,24500
2018-1,39079100,其他聚酯，不飽和者，初級狀態,馬來西亞,出口總值(含復出口),177,92040
2018-1,39079100,其他聚酯，不飽和者，初級狀態,斯里蘭卡,出口總值(含復出口),131,71740
2018-1,39079100,其他聚酯，不飽和者，初級狀態,菲律賓,出口總值(含復出口),1774,976648
2018-1,39079100,其他聚酯，不飽和者，初級狀態,越南,出口總值(含復出口),5153,3919662
2018-1,39079100,其他聚酯，不飽和者，初級狀態,新加坡,出口總值(含復出口),383,228800
2018-1,39079100,其他聚酯，不飽和者，初級狀態,模里西斯,出口總值(含復出口),90,50540
2018-1,39079100,其他聚酯，不飽和者，初級狀態,緬甸,出口總值(含復出口),27,17600
2018-1,39079100,其他聚酯，不飽和者，初級狀態,澳大利亞,出口總值(含復出口),1158,644470
2018-1,39079920,熱塑性液晶芳香族聚酯共聚合物,中國大陸,進口總值(含復進口),3,1000
2018-1,39079920,熱塑性液晶芳香族聚酯共聚合物,印度,進口總值(含復進口),4,1250
2018-1,39079920,熱塑性液晶芳香族聚酯共聚合物,香港,出口總值(含復出口),69,8450
2018-1,39079920,熱塑性液晶芳香族聚酯共聚合物,德國,出口總值(含復出口),3,250
2018-1,39094000,酚樹脂，初級狀態,中國大陸,進口總值(含復進口),762,295205
2018-1,39094000,酚樹脂，初級狀態,中華民國,進口總值(含復進口),76,9060
2018-1,39094000,酚樹脂，初級狀態,日本,進口總值(含復進口),2039,215145
2018-1,39094000,酚樹脂，初級狀態,加拿大,進口總值(含復進口),22,5515
2018-1,39094000,酚樹脂，初級狀態,印度,進口總值(含復進口),61,10000
2018-1,39094000,酚樹脂，初級狀態,法國,進口總值(含復進口),62,12800
2018-1,39094000,酚樹脂，初級狀態,南韓,進口總值(含復進口),859,172506
2018-1,39094000,酚樹脂，初級狀態,美國,進口總值(含復進口),372,109353
2018-1,39094000,酚樹脂，初級狀態,泰國,進口總值(含復進口),119,52400
2018-1,39094000,酚樹脂，初級狀態,新加坡,進口總值(含復進口),79,32520
2018-1,39094000,酚樹脂，初級狀態,德國,進口總值(含復進口),309,54405
2018-1,39094000,酚樹脂，初級狀態,土耳其,出口總值(含復出口),77,80000
2018-1,39094000,酚樹脂，初級狀態,中國大陸,出口總值(含復出口),7037,3936781
2018-1,39094000,酚樹脂，初級狀態,日本,出口總值(含復出口),987,314247
2018-1,39094000,酚樹脂，初級狀態,比利時,出口總值(含復出口),3,1600
2018-1,39094000,酚樹脂，初級狀態,印尼,出口總值(含復出口),23,11680
2018-1,39094000,酚樹脂，初級狀態,印度,出口總值(含復出口),162,62000
2018-1,39094000,酚樹脂，初級狀態,南韓,出口總值(含復出口),161,102000
2018-1,39094000,酚樹脂，初級狀態,約旦,出口總值(含復出口),49,16000
2018-1,39094000,酚樹脂，初級狀態,香港,出口總值(含復出口),175,98048
2018-1,39094000,酚樹脂，初級狀態,泰國,出口總值(含復出口),360,191098
2018-1,39094000,酚樹脂，初級狀態,馬來西亞,出口總值(含復出口),352,127324
2018-1,39094000,酚樹脂，初級狀態,菲律賓,出口總值(含復出口),334,188820
2018-1,39094000,酚樹脂，初級狀態,越南,出口總值(含復出口),301,189110
2018-1,39094000,酚樹脂，初級狀態,新加坡,出口總值(含復出口),18,7500
2018-2,39079100,其他聚酯，不飽和者，初級狀態,中國大陸,進口總值(含復進口),383,155880
2018-2,39079100,其他聚酯，不飽和者，初級狀態,丹麥,進口總值(含復進口),26,9000
2018-2,39079100,其他聚酯，不飽和者，初級狀態,日本,進口總值(含復進口),311,59950
2018-2,39079100,其他聚酯，不飽和者，初級狀態,比利時,進口總值(含復進口),12,2800
2018-2,39079100,其他聚酯，不飽和者，初級狀態,印尼,進口總值(含復進口),11,3000
2018-2,39079100,其他聚酯，不飽和者，初級狀態,印度,進口總值(含復進口),32,19200
2018-2,39079100,其他聚酯，不飽和者，初級狀態,南韓,進口總值(含復進口),29,380
2018-2,39079100,其他聚酯，不飽和者，初級狀態,美國,進口總值(含復進口),5,97
2018-2,39079100,其他聚酯，不飽和者，初級狀態,泰國,進口總值(含復進口),3,760
2018-2,39079100,其他聚酯，不飽和者，初級狀態,義大利,進口總值(含復進口),25,6400
2018-2,39079100,其他聚酯，不飽和者，初級狀態,葡萄牙,進口總值(含復進口),10,800
2018-2,39079100,其他聚酯，不飽和者，初級狀態,德國,進口總值(含復進口),49,18200
2018-2,39079100,其他聚酯，不飽和者，初級狀態,中國大陸,出口總值(含復出口),644,325622
2018-2,39079100,其他聚酯，不飽和者，初級狀態,巴西,出口總值(含復出口),238,220000
2018-2,39079100,其他聚酯，不飽和者，初級狀態,巴基斯坦,出口總值(含復出口),28,17600
2018-2,39079100,其他聚酯，不飽和者，初級狀態,日本,出口總值(含復出口),2282,1670386
2018-2,39079100,其他聚酯，不飽和者，初級狀態,以色列,出口總值(含復出口),23,14960
2018-2,39079100,其他聚酯，不飽和者，初級狀態,卡達,出口總值(含復出口),1091,632688
2018-2,39079100,其他聚酯，不飽和者，初級狀態,印度,出口總值(含復出口),585,428930
2018-2,39079100,其他聚酯，不飽和者，初級狀態,西班牙,出口總值(含復出口),30,20000
2018-2,39079100,其他聚酯，不飽和者，初級狀態,奈及利亞,出口總值(含復出口),284,150544
2018-2,39079100,其他聚酯，不飽和者，初級狀態,孟加拉,出口總值(含復出口),802,451521
2018-2,39079100,其他聚酯，不飽和者，初級狀態,肯亞,出口總值(含復出口),33,17616
2018-2,39079100,其他聚酯，不飽和者，初級狀態,南非,出口總值(含復出口),216,105600
2018-2,39079100,其他聚酯，不飽和者，初級狀態,美國,出口總值(含復出口),31,18300
2018-2,39079100,其他聚酯，不飽和者，初級狀態,香港,出口總值(含復出口),126,48660
2018-2,39079100,其他聚酯，不飽和者，初級狀態,哥斯大黎加,出口總值(含復出口),34,17600
2018-2,39079100,其他聚酯，不飽和者，初級狀態,埃及,出口總值(含復出口),641,396880
2018-2,39079100,其他聚酯，不飽和者，初級狀態,泰國,出口總值(含復出口),105,59400
2018-2,39079100,其他聚酯，不飽和者，初級狀態,烏茲別克,出口總值(含復出口),61,35200
2018-2,39079100,其他聚酯，不飽和者，初級狀態,馬來西亞,出口總值(含復出口),55,28192
2018-2,39079100,其他聚酯，不飽和者，初級狀態,斯里蘭卡,出口總值(含復出口),76,45540
2018-2,39079100,其他聚酯，不飽和者，初級狀態,菲律賓,出口總值(含復出口),788,432320
2018-2,39079100,其他聚酯，不飽和者，初級狀態,越南,出口總值(含復出口),4586,3262895
2018-2,39079100,其他聚酯，不飽和者，初級狀態,新加坡,出口總值(含復出口),242,140800
2018-2,39079100,其他聚酯，不飽和者，初級狀態,義大利,出口總值(含復出口),82,36000
2018-2,39079100,其他聚酯，不飽和者，初級狀態,模里西斯,出口總值(含復出口),11,5060
2018-2,39079100,其他聚酯，不飽和者，初級狀態,緬甸,出口總值(含復出口),31,18920
2018-2,39079100,其他聚酯，不飽和者，初級狀態,黎巴嫩,出口總值(含復出口),30,17600
2018-2,39079100,其他聚酯，不飽和者，初級狀態,墨西哥,出口總值(含復出口),16,700
2018-2,39079100,其他聚酯，不飽和者，初級狀態,澳大利亞,出口總值(含復出口),691,351055
2018-2,39079920,熱塑性液晶芳香族聚酯共聚合物,日本,進口總值(含復進口),10,800
2018-2,39079920,熱塑性液晶芳香族聚酯共聚合物,中國大陸,出口總值(含復出口),1538,185350
2018-2,39079920,熱塑性液晶芳香族聚酯共聚合物,日本,出口總值(含復出口),332,48300
2018-2,39079920,熱塑性液晶芳香族聚酯共聚合物,南韓,出口總值(含復出口),1161,102500
2018-2,39079920,熱塑性液晶芳香族聚酯共聚合物,香港,出口總值(含復出口),977,126900
2018-2,39079920,熱塑性液晶芳香族聚酯共聚合物,泰國,出口總值(含復出口),23,2400
2018-2,39079920,熱塑性液晶芳香族聚酯共聚合物,馬來西亞,出口總值(含復出口),64,4800
2018-2,39079920,熱塑性液晶芳香族聚酯共聚合物,菲律賓,出口總值(含復出口),28,4900
2018-2,39079920,熱塑性液晶芳香族聚酯共聚合物,越南,出口總值(含復出口),42,7500
2018-2,39079920,熱塑性液晶芳香族聚酯共聚合物,新加坡,出口總值(含復出口),17,3000
2018-2,39094000,酚樹脂，初級狀態,中國大陸,進口總值(含復進口),345,131681
2018-2,39094000,酚樹脂，初級狀態,日本,進口總值(含復進口),2056,191984
2018-2,39094000,酚樹脂，初級狀態,加拿大,進口總值(含復進口),1,72
2018-2,39094000,酚樹脂，初級狀態,南韓,進口總值(含復進口),369,114984
2018-2,39094000,酚樹脂，初級狀態,美國,進口總值(含復進口),355,87087
2018-2,39094000,酚樹脂，初級狀態,泰國,進口總值(含復進口),39,19000
2018-2,39094000,酚樹脂，初級狀態,新加坡,進口總值(含復進口),39,22200
2018-2,39094000,酚樹脂，初級狀態,德國,進口總值(含復進口),176,33960
2018-2,39094000,酚樹脂，初級狀態,土耳其,出口總值(含復出口),15,16000
2018-2,39094000,酚樹脂，初級狀態,中國大陸,出口總值(含復出口),5193,2749665
2018-2,39094000,酚樹脂，初級狀態,丹麥,出口總值(含復出口),0,10
2018-2,39094000,酚樹脂，初級狀態,巴西,出口總值(含復出口),2,760
2018-2,39094000,酚樹脂，初級狀態,日本,出口總值(含復出口),714,204245
2018-2,39094000,酚樹脂，初級狀態,伊朗,出口總值(含復出口),53,16000
2018-2,39094000,酚樹脂，初級狀態,印尼,出口總值(含復出口),20,10680
2018-2,39094000,酚樹脂，初級狀態,印度,出口總值(含復出口),25,21000
2018-2,39094000,酚樹脂，初級狀態,波蘭,出口總值(含復出口),35,9975
2018-2,39094000,酚樹脂，初級狀態,南非,出口總值(含復出口),34,32000
2018-2,39094000,酚樹脂，初級狀態,南韓,出口總值(含復出口),167,103305
2018-2,39094000,酚樹脂，初級狀態,香港,出口總值(含復出口),47,34000
2018-2,39094000,酚樹脂，初級狀態,泰國,出口總值(含復出口),209,94630
2018-2,39094000,酚樹脂，初級狀態,烏克蘭,出口總值(含復出口),24,18000
2018-2,39094000,酚樹脂，初級狀態,馬來西亞,出口總值(含復出口),53,16088
2018-2,39094000,酚樹脂，初級狀態,斯洛維尼亞,出口總值(含復出口),82,59000
2018-2,39094000,酚樹脂，初級狀態,菲律賓,出口總值(含復出口),306,188540
2018-2,39094000,酚樹脂，初級狀態,越南,出口總值(含復出口),102,40910
2018-2,39094000,酚樹脂，初級狀態,新加坡,出口總值(含復出口),36,20900
2018-2,39094000,酚樹脂，初級狀態,瑞士,出口總值(含復出口),3,350
2018-3,39079100,其他聚酯，不飽和者，初級狀態,中國大陸,進口總值(含復進口),657,284570
2018-3,39079100,其他聚酯，不飽和者，初級狀態,日本,進口總值(含復進口),304,54223
2018-3,39079100,其他聚酯，不飽和者，初級狀態,印尼,進口總值(含復進口),96,192000
2018-3,39079100,其他聚酯，不飽和者，初級狀態,印度,進口總值(含復進口),24,14400
2018-3,39079100,其他聚酯，不飽和者，初級狀態,南韓,進口總值(含復進口),248,35441
2018-3,39079100,其他聚酯，不飽和者，初級狀態,美國,進口總值(含復進口),69,8855
2018-3,39079100,其他聚酯，不飽和者，初級狀態,泰國,進口總值(含復進口),14,3800
2018-3,39079100,其他聚酯，不飽和者，初級狀態,新加坡,進口總值(含復進口),11,3200
2018-3,39079100,其他聚酯，不飽和者，初級狀態,瑞士,進口總值(含復進口),1,40
2018-3,39079100,其他聚酯，不飽和者，初級狀態,德國,進口總值(含復進口),138,37880
2018-3,39079100,其他聚酯，不飽和者，初級狀態,墨西哥,進口總值(含復進口),2,231
2018-3,39079100,其他聚酯，不飽和者，初級狀態,中國大陸,出口總值(含復出口),1169,505305
2018-3,39079100,其他聚酯，不飽和者，初級狀態,巴基斯坦,出口總值(含復出口),29,17600
2018-3,39079100,其他聚酯，不飽和者，初級狀態,日本,出口總值(含復出口),2773,1736351
2018-3,39079100,其他聚酯，不飽和者，初級狀態,以色列,出口總值(含復出口),201,123200
2018-3,39079100,其他聚酯，不飽和者，初級狀態,卡達,出口總值(含復出口),737,330303
2018-3,39079100,其他聚酯，不飽和者，初級狀態,伊朗,出口總值(含復出口),49,19800
2018-3,39079100,其他聚酯，不飽和者，初級狀態,印尼,出口總值(含復出口),154,89995
2018-3,39079100,其他聚酯，不飽和者，初級狀態,印度,出口總值(含復出口),1149,932600
2018-3,39079100,其他聚酯，不飽和者，初級狀態,西班牙,出口總值(含復出口),63,40000
2018-3,39079100,其他聚酯，不飽和者，初級狀態,奈及利亞,出口總值(含復出口),163,84150
2018-3,39079100,其他聚酯，不飽和者，初級狀態,孟加拉,出口總值(含復出口),875,505010
2018-3,39079100,其他聚酯，不飽和者，初級狀態,阿拉伯聯合大公國,出口總值(含復出口),58,35200
2018-3,39079100,其他聚酯，不飽和者，初級狀態,南非,出口總值(含復出口),503,269580
2018-3,39079100,其他聚酯，不飽和者，初級狀態,南韓,出口總值(含復出口),46,16000
2018-3,39079100,其他聚酯，不飽和者，初級狀態,柬埔寨,出口總值(含復出口),187,107600
2018-3,39079100,其他聚酯，不飽和者，初級狀態,英國,出口總值(含復出口),47,11800
2018-3,39079100,其他聚酯，不飽和者，初級狀態,迦納,出口總值(含復出口),92,52800
2018-3,39079100,其他聚酯，不飽和者，初級狀態,香港,出口總值(含復出口),343,93980
2018-3,39079100,其他聚酯，不飽和者，初級狀態,哥斯大黎加,出口總值(含復出口),34,17600
2018-3,39079100,其他聚酯，不飽和者，初級狀態,埃及,出口總值(含復出口),620,363040
2018-3,39079100,其他聚酯，不飽和者，初級狀態,泰國,出口總值(含復出口),194,112980
2018-3,39079100,其他聚酯，不飽和者，初級狀態,秘魯,出口總值(含復出口),43,17815
2018-3,39079100,其他聚酯，不飽和者，初級狀態,紐西蘭,出口總值(含復出口),8,3000
2018-3,39079100,其他聚酯，不飽和者，初級狀態,馬來西亞,出口總值(含復出口),46,17820
2018-3,39079100,其他聚酯，不飽和者，初級狀態,馬達加斯加,出口總值(含復出口),36,17600
2018-3,39079100,其他聚酯，不飽和者，初級狀態,斯里蘭卡,出口總值(含復出口),168,87200
2018-3,39079100,其他聚酯，不飽和者，初級狀態,菲律賓,出口總值(含復出口),1313,637894
2018-3,39079100,其他聚酯，不飽和者，初級狀態,越南,出口總值(含復出口),3804,2389184
2018-3,39079100,其他聚酯，不飽和者，初級狀態,模里西斯,出口總值(含復出口),7,3300
2018-3,39079100,其他聚酯，不飽和者，初級狀態,緬甸,出口總值(含復出口),30,18000
2018-3,39079100,其他聚酯，不飽和者，初級狀態,澳大利亞,出口總值(含復出口),745,377316
2018-3,39079920,熱塑性液晶芳香族聚酯共聚合物,中國大陸,出口總值(含復出口),3250,370070
2018-3,39079920,熱塑性液晶芳香族聚酯共聚合物,日本,出口總值(含復出口),588,81700
2018-3,39079920,熱塑性液晶芳香族聚酯共聚合物,印度,出口總值(含復出口),34,5500
2018-3,39079920,熱塑性液晶芳香族聚酯共聚合物,南韓,出口總值(含復出口),1582,160100
2018-3,39079920,熱塑性液晶芳香族聚酯共聚合物,香港,出口總值(含復出口),2539,311525
2018-3,39079920,熱塑性液晶芳香族聚酯共聚合物,泰國,出口總值(含復出口),37,2800
2018-3,39079920,熱塑性液晶芳香族聚酯共聚合物,馬來西亞,出口總值(含復出口),58,5350
2018-3,39079920,熱塑性液晶芳香族聚酯共聚合物,越南,出口總值(含復出口),55,9500
2018-3,39079920,熱塑性液晶芳香族聚酯共聚合物,新加坡,出口總值(含復出口),39,6400
2018-3,39094000,酚樹脂，初級狀態,中國大陸,進口總值(含復進口),539,251130
2018-3,39094000,酚樹脂，初級狀態,日本,進口總值(含復進口),2031,193564
2018-3,39094000,酚樹脂，初級狀態,加拿大,進口總值(含復進口),1,72
2018-3,39094000,酚樹脂，初級狀態,印度,進口總值(含復進口),41,23000
2018-3,39094000,酚樹脂，初級狀態,南韓,進口總值(含復進口),724,150283
2018-3,39094000,酚樹脂，初級狀態,美國,進口總值(含復進口),380,91026
2018-3,39094000,酚樹脂，初級狀態,英國,進口總值(含復進口),4,76
2018-3,39094000,酚樹脂，初級狀態,新加坡,進口總值(含復進口),67,29560
2018-3,39094000,酚樹脂，初級狀態,德國,進口總值(含復進口),678,127562
2018-3,39094000,酚樹脂，初級狀態,土耳其,出口總值(含復出口),88,72000
2018-3,39094000,酚樹脂，初級狀態,中國大陸,出口總值(含復出口),7151,3837660
2018-3,39094000,酚樹脂，初級狀態,巴基斯坦,出口總值(含復出口),9,6000
2018-3,39094000,酚樹脂，初級狀態,日本,出口總值(含復出口),1307,352711
2018-3,39094000,酚樹脂，初級狀態,印尼,出口總值(含復出口),53,16000
2018-3,39094000,酚樹脂，初級狀態,印度,出口總值(含復出口),110,46200
2018-3,39094000,酚樹脂，初級狀態,克羅埃西亞,出口總值(含復出口),91,32000
2018-3,39094000,酚樹脂，初級狀態,南非,出口總值(含復出口),91,82000
2018-3,39094000,酚樹脂，初級狀態,南韓,出口總值(含復出口),70,35340
2018-3,39094000,酚樹脂，初級狀態,香港,出口總值(含復出口),116,71420
2018-3,39094000,酚樹脂，初級狀態,泰國,出口總值(含復出口),331,189040
2018-3,39094000,酚樹脂，初級狀態,秘魯,出口總值(含復出口),43,36000
2018-3,39094000,酚樹脂，初級狀態,馬來西亞,出口總值(含復出口),501,157100
2018-3,39094000,酚樹脂，初級狀態,荷蘭,出口總值(含復出口),13,10400
2018-3,39094000,酚樹脂，初級狀態,斯洛維尼亞,出口總值(含復出口),61,48025
2018-3,39094000,酚樹脂，初級狀態,菲律賓,出口總值(含復出口),179,99020
2018-3,39094000,酚樹脂，初級狀態,越南,出口總值(含復出口),235,135521
2018-3,39094000,酚樹脂，初級狀態,新加坡,出口總值(含復出口),8,3500
2018-3,39094000,酚樹脂，初級狀態,德國,出口總值(含復出口),0,30
2018-3,39094000,酚樹脂，初級狀態,墨西哥,出口總值(含復出口),6,1760
2018-4,39079100,其他聚酯，不飽和者，初級狀態,中國大陸,進口總值(含復進口),475,170880
2018-4,39079100,其他聚酯，不飽和者，初級狀態,中華民國,進口總值(含復進口),20,10780
2018-4,39079100,其他聚酯，不飽和者，初級狀態,日本,進口總值(含復進口),269,42072
2018-4,39079100,其他聚酯，不飽和者，初級狀態,比利時,進口總值(含復進口),16,3500
2018-4,39079100,其他聚酯，不飽和者，初級狀態,西班牙,進口總值(含復進口),192,91320
2018-4,39079100,其他聚酯，不飽和者，初級狀態,法國,進口總值(含復進口),23,1600
2018-4,39079100,其他聚酯，不飽和者，初級狀態,南韓,進口總值(含復進口),65,31200
2018-4,39079100,其他聚酯，不飽和者，初級狀態,美國,進口總值(含復進口),53,6710
2018-4,39079100,其他聚酯，不飽和者，初級狀態,英國,進口總值(含復進口),0,88
2018-4,39079100,其他聚酯，不飽和者，初級狀態,泰國,進口總值(含復進口),24,6460
2018-4,39079100,其他聚酯，不飽和者，初級狀態,新加坡,進口總值(含復進口),8,2450
2018-4,39079100,其他聚酯，不飽和者，初級狀態,中國大陸,出口總值(含復出口),1252,502295
2018-4,39079100,其他聚酯，不飽和者，初級狀態,巴西,出口總值(含復出口),220,200000
2018-4,39079100,其他聚酯，不飽和者，初級狀態,日本,出口總值(含復出口),2173,1532846
2018-4,39079100,其他聚酯，不飽和者，初級狀態,以色列,出口總值(含復出口),57,35200
2018-4,39079100,其他聚酯，不飽和者，初級狀態,卡達,出口總值(含復出口),1418,690390
2018-4,39079100,其他聚酯，不飽和者，初級狀態,立陶宛,出口總值(含復出口),41,19800
2018-4,39079100,其他聚酯，不飽和者，初級狀態,伊朗,出口總值(含復出口),33,17600
2018-4,39079100,其他聚酯，不飽和者，初級狀態,印尼,出口總值(含復出口),118,53300
2018-4,39079100,其他聚酯，不飽和者，初級狀態,印度,出口總值(含復出口),785,592640
2018-4,39079100,其他聚酯，不飽和者，初級狀態,多明尼加,出口總值(含復出口),381,190370
2018-4,39079100,其他聚酯，不飽和者，初級狀態,西班牙,出口總值(含復出口),64,40000
2018-4,39079100,其他聚酯，不飽和者，初級狀態,奈及利亞,出口總值(含復出口),211,107144
2018-4,39079100,其他聚酯，不飽和者，初級狀態,孟加拉,出口總值(含復出口),1107,618105
2018-4,39079100,其他聚酯，不飽和者，初級狀態,阿拉伯聯合大公國,出口總值(含復出口),88,51960
2018-4,39079100,其他聚酯，不飽和者，初級狀態,南非,出口總值(含復出口),171,80300
2018-4,39079100,其他聚酯，不飽和者，初級狀態,柬埔寨,出口總值(含復出口),92,50840
2018-4,39079100,其他聚酯，不飽和者，初級狀態,美國,出口總值(含復出口),113,40760
2018-4,39079100,其他聚酯，不飽和者，初級狀態,英國,出口總值(含復出口),5,1200
2018-4,39079100,其他聚酯，不飽和者，初級狀態,香港,出口總值(含復出口),306,84680
2018-4,39079100,其他聚酯，不飽和者，初級狀態,哥斯大黎加,出口總值(含復出口),71,34720
2018-4,39079100,其他聚酯，不飽和者，初級狀態,埃及,出口總值(含復出口),746,446840
2018-4,39079100,其他聚酯，不飽和者，初級狀態,泰國,出口總值(含復出口),71,38085
2018-4,39079100,其他聚酯，不飽和者，初級狀態,紐西蘭,出口總值(含復出口),6,2000
2018-4,39079100,其他聚酯，不飽和者，初級狀態,馬來西亞,出口總值(含復出口),128,56100
2018-4,39079100,其他聚酯，不飽和者，初級狀態,斯里蘭卡,出口總值(含復出口),132,70660
2018-4,39079100,其他聚酯，不飽和者，初級狀態,菲律賓,出口總值(含復出口),929,497565
2018-4,39079100,其他聚酯，不飽和者，初級狀態,越南,出口總值(含復出口),4057,2756390
2018-4,39079100,其他聚酯，不飽和者，初級狀態,新加坡,出口總值(含復出口),60,35200
2018-4,39079100,其他聚酯，不飽和者，初級狀態,模里西斯,出口總值(含復出口),89,48240
2018-4,39079100,其他聚酯，不飽和者，初級狀態,緬甸,出口總值(含復出口),60,36520
2018-4,39079100,其他聚酯，不飽和者，初級狀態,澳大利亞,出口總值(含復出口),403,188341
2018-4,39079920,熱塑性液晶芳香族聚酯共聚合物,中國大陸,進口總值(含復進口),216,32000
2018-4,39079920,熱塑性液晶芳香族聚酯共聚合物,日本,進口總值(含復進口),109,6875
2018-4,39079920,熱塑性液晶芳香族聚酯共聚合物,中國大陸,出口總值(含復出口),2258,259210
2018-4,39079920,熱塑性液晶芳香族聚酯共聚合物,日本,出口總值(含復出口),481,63950
2018-4,39079920,熱塑性液晶芳香族聚酯共聚合物,南韓,出口總值(含復出口),1195,125500
2018-4,39079920,熱塑性液晶芳香族聚酯共聚合物,香港,出口總值(含復出口),2869,365360
2018-4,39079920,熱塑性液晶芳香族聚酯共聚合物,泰國,出口總值(含復出口),58,7800
2018-4,39079920,熱塑性液晶芳香族聚酯共聚合物,馬來西亞,出口總值(含復出口),38,3300
2018-4,39079920,熱塑性液晶芳香族聚酯共聚合物,菲律賓,出口總值(含復出口),28,3000
2018-4,39094000,酚樹脂，初級狀態,中國大陸,進口總值(含復進口),512,226015
2018-4,39094000,酚樹脂，初級狀態,日本,進口總值(含復進口),1881,203075
2018-4,39094000,酚樹脂，初級狀態,加拿大,進口總值(含復進口),15,3701
2018-4,39094000,酚樹脂，初級狀態,印度,進口總值(含復進口),6,10000
2018-4,39094000,酚樹脂，初級狀態,南韓,進口總值(含復進口),335,55880
2018-4,39094000,酚樹脂，初級狀態,美國,進口總值(含復進口),200,47883
2018-4,39094000,酚樹脂，初級狀態,英國,進口總值(含復進口),2,75
2018-4,39094000,酚樹脂，初級狀態,泰國,進口總值(含復進口),37,18000
2018-4,39094000,酚樹脂，初級狀態,新加坡,進口總值(含復進口),93,43080
2018-4,39094000,酚樹脂，初級狀態,德國,進口總值(含復進口),489,87231
2018-4,39094000,酚樹脂，初級狀態,土耳其,出口總值(含復出口),33,32000
2018-4,39094000,酚樹脂，初級狀態,中國大陸,出口總值(含復出口),6773,3543967
2018-4,39094000,酚樹脂，初級狀態,巴西,出口總值(含復出口),2,760
2018-4,39094000,酚樹脂，初級狀態,日本,出口總值(含復出口),899,238981
2018-4,39094000,酚樹脂，初級狀態,加拿大,出口總值(含復出口),2,760
2018-4,39094000,酚樹脂，初級狀態,伊朗,出口總值(含復出口),111,32000
2018-4,39094000,酚樹脂，初級狀態,印尼,出口總值(含復出口),115,57360
2018-4,39094000,酚樹脂，初級狀態,印度,出口總值(含復出口),122,56200
2018-4,39094000,酚樹脂，初級狀態,南非,出口總值(含復出口),57,50000
2018-4,39094000,酚樹脂，初級狀態,南韓,出口總值(含復出口),70,46690
2018-4,39094000,酚樹脂，初級狀態,香港,出口總值(含復出口),153,88661
2018-4,39094000,酚樹脂，初級狀態,泰國,出口總值(含復出口),324,162680
2018-4,39094000,酚樹脂，初級狀態,馬來西亞,出口總值(含復出口),174,58797
2018-4,39094000,酚樹脂，初級狀態,菲律賓,出口總值(含復出口),251,125640
2018-4,39094000,酚樹脂，初級狀態,越南,出口總值(含復出口),252,147504
2018-4,39094000,酚樹脂，初級狀態,新加坡,出口總值(含復出口),88,36000
2018-4,39094000,酚樹脂，初級狀態,澳大利亞,出口總值(含復出口),3,2000
2018-5,39079100,其他聚酯，不飽和者，初級狀態,中國大陸,進口總值(含復進口),319,144390
2018-5,39079100,其他聚酯，不飽和者，初級狀態,日本,進口總值(含復進口),495,60497
2018-5,39079100,其他聚酯，不飽和者，初級狀態,比利時,進口總值(含復進口),10,2200
2018-5,39079100,其他聚酯，不飽和者，初級狀態,西班牙,進口總值(含復進口),150,72920
2018-5,39079100,其他聚酯，不飽和者，初級狀態,南韓,進口總值(含復進口),130,36000
2018-5,39079100,其他聚酯，不飽和者，初級狀態,美國,進口總值(含復進口),4,100
2018-5,39079100,其他聚酯，不飽和者，初級狀態,泰國,進口總值(含復進口),26,6840
2018-5,39079100,其他聚酯，不飽和者，初級狀態,荷蘭,進口總值(含復進口),0,0
2018-5,39079100,其他聚酯，不飽和者，初級狀態,新加坡,進口總值(含復進口),9,2800
2018-5,39079100,其他聚酯，不飽和者，初級狀態,義大利,進口總值(含復進口),93,33600
2018-5,39079100,其他聚酯，不飽和者，初級狀態,葡萄牙,進口總值(含復進口),44,6200
2018-5,39079100,其他聚酯，不飽和者，初級狀態,德國,進口總值(含復進口),28,5160
2018-5,39079100,其他聚酯，不飽和者，初級狀態,澳大利亞,進口總值(含復進口),6,2400
2018-5,39079100,其他聚酯，不飽和者，初級狀態,土耳其,出口總值(含復出口),4,3000
2018-5,39079100,其他聚酯，不飽和者，初級狀態,中國大陸,出口總值(含復出口),1012,511371
2018-5,39079100,其他聚酯，不飽和者，初級狀態,巴西,出口總值(含復出口),176,160000
2018-5,39079100,其他聚酯，不飽和者，初級狀態,巴基斯坦,出口總值(含復出口),29,17600
2018-5,39079100,其他聚酯，不飽和者，初級狀態,日本,出口總值(含復出口),1994,1221912
2018-5,39079100,其他聚酯，不飽和者，初級狀態,卡達,出口總值(含復出口),526,234193
2018-5,39079100,其他聚酯，不飽和者，初級狀態,印尼,出口總值(含復出口),7,1100
2018-5,39079100,其他聚酯，不飽和者，初級狀態,印度,出口總值(含復出口),1209,951600
2018-5,39079100,其他聚酯，不飽和者，初級狀態,西班牙,出口總值(含復出口),64,40000
2018-5,39079100,其他聚酯，不飽和者，初級狀態,沙烏地阿拉伯,出口總值(含復出口),0,40
2018-5,39079100,其他聚酯，不飽和者，初級狀態,奈及利亞,出口總值(含復出口),149,80260
2018-5,39079100,其他聚酯，不飽和者，初級狀態,孟加拉,出口總值(含復出口),960,539255
2018-5,39079100,其他聚酯，不飽和者，初級狀態,阿拉伯聯合大公國,出口總值(含復出口),124,69560
2018-5,39079100,其他聚酯，不飽和者，初級狀態,南非,出口總值(含復出口),275,134560
2018-5,39079100,其他聚酯，不飽和者，初級狀態,南韓,出口總值(含復出口),45,16000
2018-5,39079100,其他聚酯，不飽和者，初級狀態,柬埔寨,出口總值(含復出口),433,248880
2018-5,39079100,其他聚酯，不飽和者，初級狀態,美國,出口總值(含復出口),40,17880
2018-5,39079100,其他聚酯，不飽和者，初級狀態,英國,出口總值(含復出口),73,20005
2018-5,39079100,其他聚酯，不飽和者，初級狀態,香港,出口總值(含復出口),561,160020
2018-5,39079100,其他聚酯，不飽和者，初級狀態,埃及,出口總值(含復出口),277,165760
2018-5,39079100,其他聚酯，不飽和者，初級狀態,泰國,出口總值(含復出口),199,108165
2018-5,39079100,其他聚酯，不飽和者，初級狀態,烏茲別克,出口總值(含復出口),126,70400
2018-5,39079100,其他聚酯，不飽和者，初級狀態,秘魯,出口總值(含復出口),30,17550
2018-5,39079100,其他聚酯，不飽和者，初級狀態,紐西蘭,出口總值(含復出口),46,22000
2018-5,39079100,其他聚酯，不飽和者，初級狀態,馬來西亞,出口總值(含復出口),79,35200
2018-5,39079100,其他聚酯，不飽和者，初級狀態,斯里蘭卡,出口總值(含復出口),131,69321
2018-5,39079100,其他聚酯，不飽和者，初級狀態,菲律賓,出口總值(含復出口),1153,607075
2018-5,39079100,其他聚酯，不飽和者，初級狀態,越南,出口總值(含復出口),6332,4293876
2018-5,39079100,其他聚酯，不飽和者，初級狀態,新加坡,出口總值(含復出口),203,105600
2018-5,39079100,其他聚酯，不飽和者，初級狀態,義大利,出口總值(含復出口),36,18000
2018-5,39079100,其他聚酯，不飽和者，初級狀態,模里西斯,出口總值(含復出口),40,21340
2018-5,39079100,其他聚酯，不飽和者，初級狀態,緬甸,出口總值(含復出口),30,17820
2018-5,39079100,其他聚酯，不飽和者，初級狀態,黎巴嫩,出口總值(含復出口),35,20240
2018-5,39079100,其他聚酯，不飽和者，初級狀態,澳大利亞,出口總值(含復出口),537,251080
2018-5,39079100,其他聚酯，不飽和者，初級狀態,蘇丹,出口總值(含復出口),90,52800
2018-5,39079920,熱塑性液晶芳香族聚酯共聚合物,中國大陸,進口總值(含復進口),111,16000
2018-5,39079920,熱塑性液晶芳香族聚酯共聚合物,中華民國,進口總值(含復進口),6,975
2018-5,39079920,熱塑性液晶芳香族聚酯共聚合物,日本,進口總值(含復進口),52,3550
2018-5,39079920,熱塑性液晶芳香族聚酯共聚合物,印度,進口總值(含復進口),4,50
2018-5,39079920,熱塑性液晶芳香族聚酯共聚合物,中國大陸,出口總值(含復出口),2625,336560
2018-5,39079920,熱塑性液晶芳香族聚酯共聚合物,日本,出口總值(含復出口),174,23250
2018-5,39079920,熱塑性液晶芳香族聚酯共聚合物,印度,出口總值(含復出口),40,6500
2018-5,39079920,熱塑性液晶芳香族聚酯共聚合物,南韓,出口總值(含復出口),958,100600
2018-5,39079920,熱塑性液晶芳香族聚酯共聚合物,香港,出口總值(含復出口),1520,193875
2018-5,39079920,熱塑性液晶芳香族聚酯共聚合物,泰國,出口總值(含復出口),8,1125
2018-5,39079920,熱塑性液晶芳香族聚酯共聚合物,馬來西亞,出口總值(含復出口),53,4700
2018-5,39079920,熱塑性液晶芳香族聚酯共聚合物,菲律賓,出口總值(含復出口),84,9000
2018-5,39079920,熱塑性液晶芳香族聚酯共聚合物,越南,出口總值(含復出口),81,9000
2018-5,39079920,熱塑性液晶芳香族聚酯共聚合物,新加坡,出口總值(含復出口),28,3025
2018-5,39094000,酚樹脂，初級狀態,中國大陸,進口總值(含復進口),688,229230
2018-5,39094000,酚樹脂，初級狀態,日本,進口總值(含復進口),1810,144068
2018-5,39094000,酚樹脂，初級狀態,加拿大,進口總值(含復進口),1,72
2018-5,39094000,酚樹脂，初級狀態,印度,進口總值(含復進口),5,3000
2018-5,39094000,酚樹脂，初級狀態,南韓,進口總值(含復進口),745,144120
2018-5,39094000,酚樹脂，初級狀態,美國,進口總值(含復進口),179,27852
2018-5,39094000,酚樹脂，初級狀態,泰國,進口總值(含復進口),63,31000
2018-5,39094000,酚樹脂，初級狀態,新加坡,進口總值(含復進口),9,9600
2018-5,39094000,酚樹脂，初級狀態,德國,進口總值(含復進口),233,35400
2018-5,39094000,酚樹脂，初級狀態,土耳其,出口總值(含復出口),20,18000
2018-5,39094000,酚樹脂，初級狀態,中國大陸,出口總值(含復出口),7296,3988057
2018-5,39094000,酚樹脂，初級狀態,日本,出口總值(含復出口),918,258126
2018-5,39094000,酚樹脂，初級狀態,比利時,出口總值(含復出口),3,1600
2018-5,39094000,酚樹脂，初級狀態,印尼,出口總值(含復出口),14,3600
2018-5,39094000,酚樹脂，初級狀態,印度,出口總值(含復出口),27,16800
2018-5,39094000,酚樹脂，初級狀態,南非,出口總值(含復出口),35,32000
2018-5,39094000,酚樹脂，初級狀態,南韓,出口總值(含復出口),117,63755
2018-5,39094000,酚樹脂，初級狀態,香港,出口總值(含復出口),124,65939
2018-5,39094000,酚樹脂，初級狀態,泰國,出口總值(含復出口),343,156756
2018-5,39094000,酚樹脂，初級狀態,馬來西亞,出口總值(含復出口),185,77350
2018-5,39094000,酚樹脂，初級狀態,菲律賓,出口總值(含復出口),173,89800
2018-5,39094000,酚樹脂，初級狀態,越南,出口總值(含復出口),193,86230
2018-5,39094000,酚樹脂，初級狀態,愛沙尼亞,出口總值(含復出口),0,20
2018-5,39094000,酚樹脂，初級狀態,新加坡,出口總值(含復出口),14,5700
2018-5,39094000,酚樹脂，初級狀態,瑞士,出口總值(含復出口),7,800
2018-5,39094000,酚樹脂，初級狀態,澳大利亞,出口總值(含復出口),35,20200
2018-6,39079100,其他聚酯，不飽和者，初級狀態,中國大陸,進口總值(含復進口),556,220980
2018-6,39079100,其他聚酯，不飽和者，初級狀態,日本,進口總值(含復進口),340,58249
2018-6,39079100,其他聚酯，不飽和者，初級狀態,比利時,進口總值(含復進口),22,4045
2018-6,39079100,其他聚酯，不飽和者，初級狀態,印尼,進口總值(含復進口),206,343800
2018-6,39079100,其他聚酯，不飽和者，初級狀態,西班牙,進口總值(含復進口),309,155690
2018-6,39079100,其他聚酯，不飽和者，初級狀態,南韓,進口總值(含復進口),69,31968
2018-6,39079100,其他聚酯，不飽和者，初級狀態,美國,進口總值(含復進口),143,31638
2018-6,39079100,其他聚酯，不飽和者，初級狀態,英國,進口總值(含復進口),9,2458
2018-6,39079100,其他聚酯，不飽和者，初級狀態,泰國,進口總值(含復進口),35,9720
2018-6,39079100,其他聚酯，不飽和者，初級狀態,荷蘭,進口總值(含復進口),0,0
2018-6,39079100,其他聚酯，不飽和者，初級狀態,新加坡,進口總值(含復進口),19,6150
2018-6,39079100,其他聚酯，不飽和者，初級狀態,義大利,進口總值(含復進口),15,1613
2018-6,39079100,其他聚酯，不飽和者，初級狀態,土耳其,出口總值(含復出口),43,40000
2018-6,39079100,其他聚酯，不飽和者，初級狀態,中國大陸,出口總值(含復出口),2107,1043535
2018-6,39079100,其他聚酯，不飽和者，初級狀態,巴西,出口總值(含復出口),175,160000
2018-6,39079100,其他聚酯，不飽和者，初級狀態,巴基斯坦,出口總值(含復出口),66,39200
2018-6,39079100,其他聚酯，不飽和者，初級狀態,日本,出口總值(含復出口),1821,981882
2018-6,39079100,其他聚酯，不飽和者，初級狀態,以色列,出口總值(含復出口),59,35200
2018-6,39079100,其他聚酯，不飽和者，初級狀態,卡達,出口總值(含復出口),1109,646800
2018-6,39079100,其他聚酯，不飽和者，初級狀態,印尼,出口總值(含復出口),34,19086
2018-6,39079100,其他聚酯，不飽和者，初級狀態,印度,出口總值(含復出口),683,525600
2018-6,39079100,其他聚酯，不飽和者，初級狀態,多明尼加,出口總值(含復出口),379,189200
2018-6,39079100,其他聚酯，不飽和者，初級狀態,奈及利亞,出口總值(含復出口),217,114912
2018-6,39079100,其他聚酯，不飽和者，初級狀態,孟加拉,出口總值(含復出口),1194,666850
2018-6,39079100,其他聚酯，不飽和者，初級狀態,肯亞,出口總值(含復出口),35,17566
2018-6,39079100,其他聚酯，不飽和者，初級狀態,阿根廷,出口總值(含復出口),147,120000
2018-6,39079100,其他聚酯，不飽和者，初級狀態,南非,出口總值(含復出口),495,268300
2018-6,39079100,其他聚酯，不飽和者，初級狀態,柬埔寨,出口總值(含復出口),34,17120
2018-6,39079100,其他聚酯，不飽和者，初級狀態,美國,出口總值(含復出口),29,16280
2018-6,39079100,其他聚酯，不飽和者，初級狀態,英國,出口總值(含復出口),10,2800
2018-6,39079100,其他聚酯，不飽和者，初級狀態,香港,出口總值(含復出口),311,108690
2018-6,39079100,其他聚酯，不飽和者，初級狀態,哥倫比亞,出口總值(含復出口),31,17600
2018-6,39079100,其他聚酯，不飽和者，初級狀態,哥斯大黎加,出口總值(含復出口),59,30360
2018-6,39079100,其他聚酯，不飽和者，初級狀態,埃及,出口總值(含復出口),682,388520
2018-6,39079100,其他聚酯，不飽和者，初級狀態,泰國,出口總值(含復出口),77,30855
2018-6,39079100,其他聚酯，不飽和者，初級狀態,烏茲別克,出口總值(含復出口),64,35200
2018-6,39079100,其他聚酯，不飽和者，初級狀態,秘魯,出口總值(含復出口),61,35380
2018-6,39079100,其他聚酯，不飽和者，初級狀態,馬來西亞,出口總值(含復出口),37,17320
2018-6,39079100,其他聚酯，不飽和者，初級狀態,斯里蘭卡,出口總值(含復出口),35,17600
2018-6,39079100,其他聚酯，不飽和者，初級狀態,菲律賓,出口總值(含復出口),930,478344
2018-6,39079100,其他聚酯，不飽和者，初級狀態,越南,出口總值(含復出口),8121,5153575
2018-6,39079100,其他聚酯，不飽和者，初級狀態,新加坡,出口總值(含復出口),191,105600
2018-6,39079100,其他聚酯，不飽和者，初級狀態,模里西斯,出口總值(含復出口),78,40340
2018-6,39079100,其他聚酯，不飽和者，初級狀態,緬甸,出口總值(含復出口),60,35420
2018-6,39079100,其他聚酯，不飽和者，初級狀態,黎巴嫩,出口總值(含復出口),5,2640
2018-6,39079100,其他聚酯，不飽和者，初級狀態,澳大利亞,出口總值(含復出口),516,287070
2018-6,39079920,熱塑性液晶芳香族聚酯共聚合物,中國大陸,進口總值(含復進口),299,44000
2018-6,39079920,熱塑性液晶芳香族聚酯共聚合物,中華民國,進口總值(含復進口),2,1000
2018-6,39079920,熱塑性液晶芳香族聚酯共聚合物,日本,進口總值(含復進口),46,3275
2018-6,39079920,熱塑性液晶芳香族聚酯共聚合物,中國大陸,出口總值(含復出口),2809,325164
2018-6,39079920,熱塑性液晶芳香族聚酯共聚合物,日本,出口總值(含復出口),506,64825
2018-6,39079920,熱塑性液晶芳香族聚酯共聚合物,印度,出口總值(含復出口),12,2000
2018-6,39079920,熱塑性液晶芳香族聚酯共聚合物,南韓,出口總值(含復出口),730,72500
2018-6,39079920,熱塑性液晶芳香族聚酯共聚合物,香港,出口總值(含復出口),2328,298450
2018-6,39079920,熱塑性液晶芳香族聚酯共聚合物,泰國,出口總值(含復出口),43,5500
2018-6,39079920,熱塑性液晶芳香族聚酯共聚合物,馬來西亞,出口總值(含復出口),115,9650
2018-6,39079920,熱塑性液晶芳香族聚酯共聚合物,菲律賓,出口總值(含復出口),47,2500
2018-6,39079920,熱塑性液晶芳香族聚酯共聚合物,越南,出口總值(含復出口),106,12000
2018-6,39079920,熱塑性液晶芳香族聚酯共聚合物,新加坡,出口總值(含復出口),56,6000
2018-6,39094000,酚樹脂，初級狀態,中國大陸,進口總值(含復進口),418,176704
2018-6,39094000,酚樹脂，初級狀態,日本,進口總值(含復進口),1738,217958
2018-6,39094000,酚樹脂，初級狀態,比利時,進口總值(含復進口),24,12000
2018-6,39094000,酚樹脂，初級狀態,加拿大,進口總值(含復進口),1,72
2018-6,39094000,酚樹脂，初級狀態,印度,進口總值(含復進口),17,30000
2018-6,39094000,酚樹脂，初級狀態,法國,進口總值(含復進口),14,2400
2018-6,39094000,酚樹脂，初級狀態,南韓,進口總值(含復進口),338,73140
2018-6,39094000,酚樹脂，初級狀態,美國,進口總值(含復進口),151,38780
2018-6,39094000,酚樹脂，初級狀態,泰國,進口總值(含復進口),45,21000
2018-6,39094000,酚樹脂，初級狀態,新加坡,進口總值(含復進口),53,24125
2018-6,39094000,酚樹脂，初級狀態,德國,進口總值(含復進口),381,74091
2018-6,39094000,酚樹脂，初級狀態,土耳其,出口總值(含復出口),84,68000
2018-6,39094000,酚樹脂，初級狀態,中國大陸,出口總值(含復出口),6885,3538792
2018-6,39094000,酚樹脂，初級狀態,巴西,出口總值(含復出口),2,760
2018-6,39094000,酚樹脂，初級狀態,巴基斯坦,出口總值(含復出口),9,6000
2018-6,39094000,酚樹脂，初級狀態,日本,出口總值(含復出口),914,284519
2018-6,39094000,酚樹脂，初級狀態,伊朗,出口總值(含復出口),106,32000
2018-6,39094000,酚樹脂，初級狀態,印尼,出口總值(含復出口),97,27950
2018-6,39094000,酚樹脂，初級狀態,印度,出口總值(含復出口),27,16200
2018-6,39094000,酚樹脂，初級狀態,南非,出口總值(含復出口),21,18000
2018-6,39094000,酚樹脂，初級狀態,南韓,出口總值(含復出口),100,55600
2018-6,39094000,酚樹脂，初級狀態,香港,出口總值(含復出口),129,73416
2018-6,39094000,酚樹脂，初級狀態,泰國,出口總值(含復出口),267,137920
2018-6,39094000,酚樹脂，初級狀態,秘魯,出口總值(含復出口),42,36000
2018-6,39094000,酚樹脂，初級狀態,馬來西亞,出口總值(含復出口),327,113124
2018-6,39094000,酚樹脂，初級狀態,斯洛維尼亞,出口總值(含復出口),59,48000
2018-6,39094000,酚樹脂，初級狀態,菲律賓,出口總值(含復出口),352,201560
2018-6,39094000,酚樹脂，初級狀態,越南,出口總值(含復出口),270,176450
2018-6,39094000,酚樹脂，初級狀態,新加坡,出口總值(含復出口),24,10200
2018-6,39094000,酚樹脂，初級狀態,澳大利亞,出口總值(含復出口),30,19200
2018-7,39079100,其他聚酯，不飽和者，初級狀態,中國大陸,進口總值(含復進口),647,227112
2018-7,39079100,其他聚酯，不飽和者，初級狀態,日本,進口總值(含復進口),381,62545
2018-7,39079100,其他聚酯，不飽和者，初級狀態,比利時,進口總值(含復進口),6,1000
2018-7,39079100,其他聚酯，不飽和者，初級狀態,加拿大,進口總值(含復進口),4,600
2018-7,39079100,其他聚酯，不飽和者，初級狀態,印尼,進口總值(含復進口),129,169700
2018-7,39079100,其他聚酯，不飽和者，初級狀態,法國,進口總值(含復進口),16,1000
2018-7,39079100,其他聚酯，不飽和者，初級狀態,南韓,進口總值(含復進口),186,41236
2018-7,39079100,其他聚酯，不飽和者，初級狀態,美國,進口總值(含復進口),49,15411
2018-7,39079100,其他聚酯，不飽和者，初級狀態,泰國,進口總值(含復進口),18,4750
2018-7,39079100,其他聚酯，不飽和者，初級狀態,新加坡,進口總值(含復進口),9,2650
2018-7,39079100,其他聚酯，不飽和者，初級狀態,義大利,進口總值(含復進口),86,32000
2018-7,39079100,其他聚酯，不飽和者，初級狀態,德國,進口總值(含復進口),91,20400
2018-7,39079100,其他聚酯，不飽和者，初級狀態,土耳其,出口總值(含復出口),11,2000
2018-7,39079100,其他聚酯，不飽和者，初級狀態,中國大陸,出口總值(含復出口),2049,983246
2018-7,39079100,其他聚酯，不飽和者，初級狀態,巴西,出口總值(含復出口),186,160000
2018-7,39079100,其他聚酯，不飽和者，初級狀態,日本,出口總值(含復出口),2429,1705780
2018-7,39079100,其他聚酯，不飽和者，初級狀態,以色列,出口總值(含復出口),82,48400
2018-7,39079100,其他聚酯，不飽和者，初級狀態,卡達,出口總值(含復出口),791,439515
2018-7,39079100,其他聚酯，不飽和者，初級狀態,印尼,出口總值(含復出口),160,159800
2018-7,39079100,其他聚酯，不飽和者，初級狀態,印度,出口總值(含復出口),455,319410
2018-7,39079100,其他聚酯，不飽和者，初級狀態,多明尼加,出口總值(含復出口),298,153940
2018-7,39079100,其他聚酯，不飽和者，初級狀態,西班牙,出口總值(含復出口),49,19800
2018-7,39079100,其他聚酯，不飽和者，初級狀態,奈及利亞,出口總值(含復出口),190,101336
2018-7,39079100,其他聚酯，不飽和者，初級狀態,孟加拉,出口總值(含復出口),826,447657
2018-7,39079100,其他聚酯，不飽和者，初級狀態,阿拉伯聯合大公國,出口總值(含復出口),29,17600
2018-7,39079100,其他聚酯，不飽和者，初級狀態,俄羅斯,出口總值(含復出口),9,4400
2018-7,39079100,其他聚酯，不飽和者，初級狀態,南非,出口總值(含復出口),31,17600
2018-7,39079100,其他聚酯，不飽和者，初級狀態,南韓,出口總值(含復出口),45,16000
2018-7,39079100,其他聚酯，不飽和者，初級狀態,柬埔寨,出口總值(含復出口),195,108600
2018-7,39079100,其他聚酯，不飽和者，初級狀態,美國,出口總值(含復出口),22,8016
2018-7,39079100,其他聚酯，不飽和者，初級狀態,迦納,出口總值(含復出口),97,52140
2018-7,39079100,其他聚酯，不飽和者，初級狀態,香港,出口總值(含復出口),456,146840
2018-7,39079100,其他聚酯，不飽和者，初級狀態,埃及,出口總值(含復出口),673,397840
2018-7,39079100,其他聚酯，不飽和者，初級狀態,泰國,出口總值(含復出口),110,58300
2018-7,39079100,其他聚酯，不飽和者，初級狀態,秘魯,出口總值(含復出口),61,34980
2018-7,39079100,其他聚酯，不飽和者，初級狀態,紐西蘭,出口總值(含復出口),27,11800
2018-7,39079100,其他聚酯，不飽和者，初級狀態,馬來西亞,出口總值(含復出口),53,23414
2018-7,39079100,其他聚酯，不飽和者，初級狀態,斯里蘭卡,出口總值(含復出口),203,106900
2018-7,39079100,其他聚酯，不飽和者，初級狀態,菲律賓,出口總值(含復出口),678,347400
2018-7,39079100,其他聚酯，不飽和者，初級狀態,越南,出口總值(含復出口),4163,3137385
2018-7,39079100,其他聚酯，不飽和者，初級狀態,愛爾蘭,出口總值(含復出口),132,198000
2018-7,39079100,其他聚酯，不飽和者，初級狀態,義大利,出口總值(含復出口),40,18000
2018-7,39079100,其他聚酯，不飽和者，初級狀態,模里西斯,出口總值(含復出口),45,22140
2018-7,39079100,其他聚酯，不飽和者，初級狀態,緬甸,出口總值(含復出口),28,17600
2018-7,39079100,其他聚酯，不飽和者，初級狀態,黎巴嫩,出口總值(含復出口),31,17600
2018-7,39079100,其他聚酯，不飽和者，初級狀態,澳大利亞,出口總值(含復出口),494,235160
2018-7,39079920,熱塑性液晶芳香族聚酯共聚合物,日本,進口總值(含復進口),53,3785
2018-7,39079920,熱塑性液晶芳香族聚酯共聚合物,英國,進口總值(含復進口),8,10
2018-7,39079920,熱塑性液晶芳香族聚酯共聚合物,中國大陸,出口總值(含復出口),2480,298266
2018-7,39079920,熱塑性液晶芳香族聚酯共聚合物,日本,出口總值(含復出口),554,75350
2018-7,39079920,熱塑性液晶芳香族聚酯共聚合物,印度,出口總值(含復出口),14,2500
2018-7,39079920,熱塑性液晶芳香族聚酯共聚合物,南韓,出口總值(含復出口),2280,240500
2018-7,39079920,熱塑性液晶芳香族聚酯共聚合物,香港,出口總值(含復出口),1937,246875
2018-7,39079920,熱塑性液晶芳香族聚酯共聚合物,泰國,出口總值(含復出口),34,4600
2018-7,39079920,熱塑性液晶芳香族聚酯共聚合物,馬來西亞,出口總值(含復出口),32,3600
2018-7,39079920,熱塑性液晶芳香族聚酯共聚合物,菲律賓,出口總值(含復出口),60,3000
2018-7,39079920,熱塑性液晶芳香族聚酯共聚合物,越南,出口總值(含復出口),88,10500
2018-7,39079920,熱塑性液晶芳香族聚酯共聚合物,新加坡,出口總值(含復出口),28,3000
2018-7,39094000,酚樹脂，初級狀態,中國大陸,進口總值(含復進口),607,259188
2018-7,39094000,酚樹脂，初級狀態,日本,進口總值(含復進口),2327,232947
2018-7,39094000,酚樹脂，初級狀態,比利時,進口總值(含復進口),18,5600
2018-7,39094000,酚樹脂，初級狀態,加拿大,進口總值(含復進口),1,72
2018-7,39094000,酚樹脂，初級狀態,印度,進口總值(含復進口),61,11550
2018-7,39094000,酚樹脂，初級狀態,法國,進口總值(含復進口),60,12800
2018-7,39094000,酚樹脂，初級狀態,南韓,進口總值(含復進口),696,130680
2018-7,39094000,酚樹脂，初級狀態,美國,進口總值(含復進口),507,128167
2018-7,39094000,酚樹脂，初級狀態,英國,進口總值(含復進口),3,60
2018-7,39094000,酚樹脂，初級狀態,泰國,進口總值(含復進口),30,15000
2018-7,39094000,酚樹脂，初級狀態,荷蘭,進口總值(含復進口),3,16
2018-7,39094000,酚樹脂，初級狀態,新加坡,進口總值(含復進口),46,23600
2018-7,39094000,酚樹脂，初級狀態,德國,進口總值(含復進口),373,82601
2018-7,39094000,酚樹脂，初級狀態,中國大陸,出口總值(含復出口),5888,3169350
2018-7,39094000,酚樹脂，初級狀態,日本,出口總值(含復出口),885,268222
2018-7,39094000,酚樹脂，初級狀態,比利時,出口總值(含復出口),8,4800
2018-7,39094000,酚樹脂，初級狀態,印尼,出口總值(含復出口),60,31860
2018-7,39094000,酚樹脂，初級狀態,印度,出口總值(含復出口),112,53300
2018-7,39094000,酚樹脂，初級狀態,南非,出口總值(含復出口),59,50000
2018-7,39094000,酚樹脂，初級狀態,南韓,出口總值(含復出口),158,74680
2018-7,39094000,酚樹脂，初級狀態,香港,出口總值(含復出口),179,104150
2018-7,39094000,酚樹脂，初級狀態,泰國,出口總值(含復出口),407,180640
2018-7,39094000,酚樹脂，初級狀態,烏克蘭,出口總值(含復出口),35,30000
2018-7,39094000,酚樹脂，初級狀態,馬來西亞,出口總值(含復出口),161,67400
2018-7,39094000,酚樹脂，初級狀態,菲律賓,出口總值(含復出口),83,49268
2018-7,39094000,酚樹脂，初級狀態,越南,出口總值(含復出口),242,124380
2018-7,39094000,酚樹脂，初級狀態,新加坡,出口總值(含復出口),39,22200
2018-7,39094000,酚樹脂，初級狀態,瑞士,出口總值(含復出口),3,540
2018-7,39094000,酚樹脂，初級狀態,緬甸,出口總值(含復出口),0,90
2018-8,39079100,其他聚酯，不飽和者，初級狀態,中國大陸,進口總值(含復進口),357,152174
2018-8,39079100,其他聚酯，不飽和者，初級狀態,中華民國,進口總值(含復進口),42,19800
2018-8,39079100,其他聚酯，不飽和者，初級狀態,日本,進口總值(含復進口),436,90075
2018-8,39079100,其他聚酯，不飽和者，初級狀態,比利時,進口總值(含復進口),19,3000
2018-8,39079100,其他聚酯，不飽和者，初級狀態,印度,進口總值(含復進口),32,19200
2018-8,39079100,其他聚酯，不飽和者，初級狀態,法國,進口總值(含復進口),15,1000
2018-8,39079100,其他聚酯，不飽和者，初級狀態,南韓,進口總值(含復進口),194,55900
2018-8,39079100,其他聚酯，不飽和者，初級狀態,美國,進口總值(含復進口),126,31395
2018-8,39079100,其他聚酯，不飽和者，初級狀態,泰國,進口總值(含復進口),22,4000
2018-8,39079100,其他聚酯，不飽和者，初級狀態,新加坡,進口總值(含復進口),27,8400
2018-8,39079100,其他聚酯，不飽和者，初級狀態,德國,進口總值(含復進口),33,3295
2018-8,39079100,其他聚酯，不飽和者，初級狀態,澳大利亞,進口總值(含復進口),8,3092
2018-8,39079100,其他聚酯，不飽和者，初級狀態,中國大陸,出口總值(含復出口),1285,567195
2018-8,39079100,其他聚酯，不飽和者，初級狀態,巴布亞紐幾內亞,出口總值(含復出口),22,11000
2018-8,39079100,其他聚酯，不飽和者，初級狀態,巴基斯坦,出口總值(含復出口),59,35200
2018-8,39079100,其他聚酯，不飽和者，初級狀態,日本,出口總值(含復出口),1411,760430
2018-8,39079100,其他聚酯，不飽和者，初級狀態,以色列,出口總值(含復出口),90,52820
2018-8,39079100,其他聚酯，不飽和者，初級狀態,卡達,出口總值(含復出口),683,383350
2018-8,39079100,其他聚酯，不飽和者，初級狀態,立陶宛,出口總值(含復出口),41,19800
2018-8,39079100,其他聚酯，不飽和者，初級狀態,印尼,出口總值(含復出口),230,199000
2018-8,39079100,其他聚酯，不飽和者，初級狀態,印度,出口總值(含復出口),925,704800
2018-8,39079100,其他聚酯，不飽和者，初級狀態,奈及利亞,出口總值(含復出口),355,183340
2018-8,39079100,其他聚酯，不飽和者，初級狀態,孟加拉,出口總值(含復出口),1002,555440
2018-8,39079100,其他聚酯，不飽和者，初級狀態,阿拉伯聯合大公國,出口總值(含復出口),58,35200
2018-8,39079100,其他聚酯，不飽和者，初級狀態,南非,出口總值(含復出口),305,176680
2018-8,39079100,其他聚酯，不飽和者，初級狀態,柬埔寨,出口總值(含復出口),462,256560
2018-8,39079100,其他聚酯，不飽和者，初級狀態,約旦,出口總值(含復出口),37,17600
2018-8,39079100,其他聚酯，不飽和者，初級狀態,英國,出口總值(含復出口),35,9800
2018-8,39079100,其他聚酯，不飽和者，初級狀態,香港,出口總值(含復出口),469,152251
2018-8,39079100,其他聚酯，不飽和者，初級狀態,哥斯大黎加,出口總值(含復出口),34,16720
2018-8,39079100,其他聚酯，不飽和者，初級狀態,埃及,出口總值(含復出口),221,123200
2018-8,39079100,其他聚酯，不飽和者，初級狀態,泰國,出口總值(含復出口),55,27720
2018-8,39079100,其他聚酯，不飽和者，初級狀態,紐西蘭,出口總值(含復出口),6,2000
2018-8,39079100,其他聚酯，不飽和者，初級狀態,馬來西亞,出口總值(含復出口),76,30758
2018-8,39079100,其他聚酯，不飽和者，初級狀態,荷蘭,出口總值(含復出口),40,14000
2018-8,39079100,其他聚酯，不飽和者，初級狀態,斯里蘭卡,出口總值(含復出口),79,44000
2018-8,39079100,其他聚酯，不飽和者，初級狀態,菲律賓,出口總值(含復出口),941,429470
2018-8,39079100,其他聚酯，不飽和者，初級狀態,越南,出口總值(含復出口),6320,4850156
2018-8,39079100,其他聚酯，不飽和者，初級狀態,愛爾蘭,出口總值(含復出口),66,99000
2018-8,39079100,其他聚酯，不飽和者，初級狀態,義大利,出口總值(含復出口),75,36000
2018-8,39079100,其他聚酯，不飽和者，初級狀態,模里西斯,出口總值(含復出口),156,85292
2018-8,39079100,其他聚酯，不飽和者，初級狀態,黎巴嫩,出口總值(含復出口),36,20680
2018-8,39079100,其他聚酯，不飽和者，初級狀態,澳大利亞,出口總值(含復出口),705,401124
2018-8,39079100,其他聚酯，不飽和者，初級狀態,澳門,出口總值(含復出口),24,7996
2018-8,39079920,熱塑性液晶芳香族聚酯共聚合物,日本,進口總值(含復進口),65,4345
2018-8,39079920,熱塑性液晶芳香族聚酯共聚合物,美國,進口總值(含復進口),3,150
2018-8,39079920,熱塑性液晶芳香族聚酯共聚合物,墨西哥,進口總值(含復進口),0,46
2018-8,39079920,熱塑性液晶芳香族聚酯共聚合物,中國大陸,出口總值(含復出口),2835,331105
2018-8,39079920,熱塑性液晶芳香族聚酯共聚合物,日本,出口總值(含復出口),185,26000
2018-8,39079920,熱塑性液晶芳香族聚酯共聚合物,南韓,出口總值(含復出口),729,82320
2018-8,39079920,熱塑性液晶芳香族聚酯共聚合物,香港,出口總值(含復出口),2546,321025
2018-8,39079920,熱塑性液晶芳香族聚酯共聚合物,泰國,出口總值(含復出口),13,2000
2018-8,39079920,熱塑性液晶芳香族聚酯共聚合物,馬來西亞,出口總值(含復出口),90,9600
2018-8,39079920,熱塑性液晶芳香族聚酯共聚合物,菲律賓,出口總值(含復出口),19,2000
2018-8,39079920,熱塑性液晶芳香族聚酯共聚合物,越南,出口總值(含復出口),42,4500
2018-8,39079920,熱塑性液晶芳香族聚酯共聚合物,新加坡,出口總值(含復出口),64,6900
2018-8,39094000,酚樹脂，初級狀態,中國大陸,進口總值(含復進口),371,155495
2018-8,39094000,酚樹脂，初級狀態,日本,進口總值(含復進口),1671,174525
2018-8,39094000,酚樹脂，初級狀態,加拿大,進口總值(含復進口),10,2340
2018-8,39094000,酚樹脂，初級狀態,印度,進口總值(含復進口),6,10000
2018-8,39094000,酚樹脂，初級狀態,南韓,進口總值(含復進口),703,126720
2018-8,39094000,酚樹脂，初級狀態,美國,進口總值(含復進口),324,66957
2018-8,39094000,酚樹脂，初級狀態,泰國,進口總值(含復進口),42,20000
2018-8,39094000,酚樹脂，初級狀態,新加坡,進口總值(含復進口),119,35710
2018-8,39094000,酚樹脂，初級狀態,德國,進口總值(含復進口),583,137412
2018-8,39094000,酚樹脂，初級狀態,中國大陸,出口總值(含復出口),6776,3879051
2018-8,39094000,酚樹脂，初級狀態,日本,出口總值(含復出口),437,178400
2018-8,39094000,酚樹脂，初級狀態,伊朗,出口總值(含復出口),244,64000
2018-8,39094000,酚樹脂，初級狀態,印尼,出口總值(含復出口),76,25875
2018-8,39094000,酚樹脂，初級狀態,印度,出口總值(含復出口),37,15470
2018-8,39094000,酚樹脂，初級狀態,法國,出口總值(含復出口),5,3200
2018-8,39094000,酚樹脂，初級狀態,南非,出口總值(含復出口),59,50000
2018-8,39094000,酚樹脂，初級狀態,南韓,出口總值(含復出口),150,86280
2018-8,39094000,酚樹脂，初級狀態,約旦,出口總值(含復出口),16,5000
2018-8,39094000,酚樹脂，初級狀態,香港,出口總值(含復出口),131,74422
2018-8,39094000,酚樹脂，初級狀態,泰國,出口總值(含復出口),285,137000
2018-8,39094000,酚樹脂，初級狀態,馬來西亞,出口總值(含復出口),408,132410
2018-8,39094000,酚樹脂，初級狀態,斯洛維尼亞,出口總值(含復出口),29,15500
2018-8,39094000,酚樹脂，初級狀態,菲律賓,出口總值(含復出口),85,45240
2018-8,39094000,酚樹脂，初級狀態,越南,出口總值(含復出口),139,46090
2018-8,39094000,酚樹脂，初級狀態,新加坡,出口總值(含復出口),14,5300
2018-8,39094000,酚樹脂，初級狀態,德國,出口總值(含復出口),5,1000
2018-8,39094000,酚樹脂，初級狀態,墨西哥,出口總值(含復出口),52,16000
2018-8,39094000,酚樹脂，初級狀態,澳大利亞,出口總值(含復出口),29,19200
2018-9,39079100,其他聚酯，不飽和者，初級狀態,中國大陸,進口總值(含復進口),506,214274
2018-9,39079100,其他聚酯，不飽和者，初級狀態,中華民國,進口總值(含復進口),30,50000
2018-9,39079100,其他聚酯，不飽和者，初級狀態,日本,進口總值(含復進口),367,72002
2018-9,39079100,其他聚酯，不飽和者，初級狀態,比利時,進口總值(含復進口),3,400
2018-9,39079100,其他聚酯，不飽和者，初級狀態,加拿大,進口總值(含復進口),5,600
2018-9,39079100,其他聚酯，不飽和者，初級狀態,西班牙,進口總值(含復進口),140,71500
2018-9,39079100,其他聚酯，不飽和者，初級狀態,南韓,進口總值(含復進口),237,26546
2018-9,39079100,其他聚酯，不飽和者，初級狀態,美國,進口總值(含復進口),215,4254
2018-9,39079100,其他聚酯，不飽和者，初級狀態,泰國,進口總值(含復進口),14,3800
2018-9,39079100,其他聚酯，不飽和者，初級狀態,新加坡,進口總值(含復進口),34,10300
2018-9,39079100,其他聚酯，不飽和者，初級狀態,義大利,進口總值(含復進口),113,34900
2018-9,39079100,其他聚酯，不飽和者，初級狀態,德國,進口總值(含復進口),105,22400
2018-9,39079100,其他聚酯，不飽和者，初級狀態,土耳其,出口總值(含復出口),462,400000
2018-9,39079100,其他聚酯，不飽和者，初級狀態,中國大陸,出口總值(含復出口),1685,817949
2018-9,39079100,其他聚酯，不飽和者，初級狀態,巴西,出口總值(含復出口),31,6000
2018-9,39079100,其他聚酯，不飽和者，初級狀態,巴基斯坦,出口總值(含復出口),30,17600
2018-9,39079100,其他聚酯，不飽和者，初級狀態,日本,出口總值(含復出口),2639,1730330
2018-9,39079100,其他聚酯，不飽和者，初級狀態,以色列,出口總值(含復出口),78,45760
2018-9,39079100,其他聚酯，不飽和者，初級狀態,卡達,出口總值(含復出口),712,422400
2018-9,39079100,其他聚酯，不飽和者，初級狀態,白俄羅斯,出口總值(含復出口),1,1000
2018-9,39079100,其他聚酯，不飽和者，初級狀態,印尼,出口總值(含復出口),11,2000
2018-9,39079100,其他聚酯，不飽和者，初級狀態,印度,出口總值(含復出口),634,484400
2018-9,39079100,其他聚酯，不飽和者，初級狀態,奈及利亞,出口總值(含復出口),188,101784
2018-9,39079100,其他聚酯，不飽和者，初級狀態,孟加拉,出口總值(含復出口),864,480570
2018-9,39079100,其他聚酯，不飽和者，初級狀態,南非,出口總值(含復出口),277,146560
2018-9,39079100,其他聚酯，不飽和者，初級狀態,南韓,出口總值(含復出口),46,16000
2018-9,39079100,其他聚酯，不飽和者，初級狀態,柬埔寨,出口總值(含復出口),64,37840
2018-9,39079100,其他聚酯，不飽和者，初級狀態,美國,出口總值(含復出口),66,17600
2018-9,39079100,其他聚酯，不飽和者，初級狀態,香港,出口總值(含復出口),538,178256
2018-9,39079100,其他聚酯，不飽和者，初級狀態,哥倫比亞,出口總值(含復出口),32,17600
2018-9,39079100,其他聚酯，不飽和者，初級狀態,哥斯大黎加,出口總值(含復出口),68,33360
2018-9,39079100,其他聚酯，不飽和者，初級狀態,埃及,出口總值(含復出口),939,546620
2018-9,39079100,其他聚酯，不飽和者，初級狀態,泰國,出口總值(含復出口),74,42260
2018-9,39079100,其他聚酯，不飽和者，初級狀態,秘魯,出口總值(含復出口),62,34980
2018-9,39079100,其他聚酯，不飽和者，初級狀態,馬來西亞,出口總值(含復出口),14,5200
2018-9,39079100,其他聚酯，不飽和者，初級狀態,荷蘭,出口總值(含復出口),40,14000
2018-9,39079100,其他聚酯，不飽和者，初級狀態,斯里蘭卡,出口總值(含復出口),137,70400
2018-9,39079100,其他聚酯，不飽和者，初級狀態,菲律賓,出口總值(含復出口),1018,555614
2018-9,39079100,其他聚酯，不飽和者，初級狀態,越南,出口總值(含復出口),4336,2823970
2018-9,39079100,其他聚酯，不飽和者，初級狀態,愛爾蘭,出口總值(含復出口),129,198000
2018-9,39079100,其他聚酯，不飽和者，初級狀態,義大利,出口總值(含復出口),39,18000
2018-9,39079100,其他聚酯，不飽和者，初級狀態,模里西斯,出口總值(含復出口),6,2640
2018-9,39079100,其他聚酯，不飽和者，初級狀態,緬甸,出口總值(含復出口),32,18920
2018-9,39079100,其他聚酯，不飽和者，初級狀態,黎巴嫩,出口總值(含復出口),6,2640
2018-9,39079100,其他聚酯，不飽和者，初級狀態,澳大利亞,出口總值(含復出口),836,469165
2018-9,39079100,其他聚酯，不飽和者，初級狀態,薩爾瓦多,出口總值(含復出口),502,400000
2018-9,39079920,熱塑性液晶芳香族聚酯共聚合物,中國大陸,進口總值(含復進口),111,16000
2018-9,39079920,熱塑性液晶芳香族聚酯共聚合物,日本,進口總值(含復進口),63,5066
2018-9,39079920,熱塑性液晶芳香族聚酯共聚合物,中國大陸,出口總值(含復出口),2455,342740
2018-9,39079920,熱塑性液晶芳香族聚酯共聚合物,日本,出口總值(含復出口),317,46001
2018-9,39079920,熱塑性液晶芳香族聚酯共聚合物,印度,出口總值(含復出口),58,11000
2018-9,39079920,熱塑性液晶芳香族聚酯共聚合物,南韓,出口總值(含復出口),1387,159700
2018-9,39079920,熱塑性液晶芳香族聚酯共聚合物,香港,出口總值(含復出口),2081,261500
2018-9,39079920,熱塑性液晶芳香族聚酯共聚合物,泰國,出口總值(含復出口),38,4950
2018-9,39079920,熱塑性液晶芳香族聚酯共聚合物,馬來西亞,出口總值(含復出口),41,4550
2018-9,39079920,熱塑性液晶芳香族聚酯共聚合物,菲律賓,出口總值(含復出口),50,2500
2018-9,39079920,熱塑性液晶芳香族聚酯共聚合物,越南,出口總值(含復出口),97,11500
2018-9,39079920,熱塑性液晶芳香族聚酯共聚合物,新加坡,出口總值(含復出口),28,3000
2018-9,39094000,酚樹脂，初級狀態,中國大陸,進口總值(含復進口),841,307590
2018-9,39094000,酚樹脂，初級狀態,日本,進口總值(含復進口),2481,241560
2018-9,39094000,酚樹脂，初級狀態,南韓,進口總值(含復進口),602,111620
2018-9,39094000,酚樹脂，初級狀態,美國,進口總值(含復進口),276,54872
2018-9,39094000,酚樹脂，初級狀態,泰國,進口總值(含復進口),10,4000
2018-9,39094000,酚樹脂，初級狀態,新加坡,進口總值(含復進口),58,31310
2018-9,39094000,酚樹脂，初級狀態,德國,進口總值(含復進口),445,84950
2018-9,39094000,酚樹脂，初級狀態,土耳其,出口總值(含復出口),53,49500
2018-9,39094000,酚樹脂，初級狀態,中國大陸,出口總值(含復出口),6064,3531000
2018-9,39094000,酚樹脂，初級狀態,日本,出口總值(含復出口),739,202321
2018-9,39094000,酚樹脂，初級狀態,印尼,出口總值(含復出口),136,52160
2018-9,39094000,酚樹脂，初級狀態,印度,出口總值(含復出口),87,48000
2018-9,39094000,酚樹脂，初級狀態,克羅埃西亞,出口總值(含復出口),93,32000
2018-9,39094000,酚樹脂，初級狀態,南非,出口總值(含復出口),59,50000
2018-9,39094000,酚樹脂，初級狀態,南韓,出口總值(含復出口),98,50680
2018-9,39094000,酚樹脂，初級狀態,香港,出口總值(含復出口),78,46767
2018-9,39094000,酚樹脂，初級狀態,泰國,出口總值(含復出口),337,161930
2018-9,39094000,酚樹脂，初級狀態,馬來西亞,出口總值(含復出口),216,82300
2018-9,39094000,酚樹脂，初級狀態,菲律賓,出口總值(含復出口),172,109120
2018-9,39094000,酚樹脂，初級狀態,越南,出口總值(含復出口),234,120830
2018-9,39094000,酚樹脂，初級狀態,新加坡,出口總值(含復出口),27,10900
2018-9,39094000,酚樹脂，初級狀態,墨西哥,出口總值(含復出口),2,760
2018-9,39094000,酚樹脂，初級狀態,澳大利亞,出口總值(含復出口),59,38600
2018-10,39079100,其他聚酯，不飽和者，初級狀態,中國大陸,進口總值(含復進口),743,271930
2018-10,39079100,其他聚酯，不飽和者，初級狀態,日本,進口總值(含復進口),552,93861
2018-10,39079100,其他聚酯，不飽和者，初級狀態,比利時,進口總值(含復進口),16,2000
2018-10,39079100,其他聚酯，不飽和者，初級狀態,南韓,進口總值(含復進口),290,68740
2018-10,39079100,其他聚酯，不飽和者，初級狀態,美國,進口總值(含復進口),51,15433
2018-10,39079100,其他聚酯，不飽和者，初級狀態,泰國,進口總值(含復進口),21,5510
2018-10,39079100,其他聚酯，不飽和者，初級狀態,新加坡,進口總值(含復進口),7,2100
2018-10,39079100,其他聚酯，不飽和者，初級狀態,德國,進口總值(含復進口),76,16200
2018-10,39079100,其他聚酯，不飽和者，初級狀態,土耳其,出口總值(含復出口),1066,920000
2018-10,39079100,其他聚酯，不飽和者，初級狀態,中國大陸,出口總值(含復出口),1218,731594
2018-10,39079100,其他聚酯，不飽和者，初級狀態,巴西,出口總值(含復出口),94,80000
2018-10,39079100,其他聚酯，不飽和者，初級狀態,巴基斯坦,出口總值(含復出口),29,17600
2018-10,39079100,其他聚酯，不飽和者，初級狀態,日本,出口總值(含復出口),2503,1627208
2018-10,39079100,其他聚酯，不飽和者，初級狀態,卡達,出口總值(含復出口),31,17600
2018-10,39079100,其他聚酯，不飽和者，初級狀態,伊朗,出口總值(含復出口),33,17600
2018-10,39079100,其他聚酯，不飽和者，初級狀態,印尼,出口總值(含復出口),116,53800
2018-10,39079100,其他聚酯，不飽和者，初級狀態,印度,出口總值(含復出口),1029,675120
2018-10,39079100,其他聚酯，不飽和者，初級狀態,多明尼加,出口總值(含復出口),435,223600
2018-10,39079100,其他聚酯，不飽和者，初級狀態,衣索比亞,出口總值(含復出口),44,9750
2018-10,39079100,其他聚酯，不飽和者，初級狀態,奈及利亞,出口總值(含復出口),286,147380
2018-10,39079100,其他聚酯，不飽和者，初級狀態,孟加拉,出口總值(含復出口),1293,715002
2018-10,39079100,其他聚酯，不飽和者，初級狀態,阿拉伯聯合大公國,出口總值(含復出口),36,17600
2018-10,39079100,其他聚酯，不飽和者，初級狀態,南非,出口總值(含復出口),116,52800
2018-10,39079100,其他聚酯，不飽和者，初級狀態,柬埔寨,出口總值(含復出口),98,55800
2018-10,39079100,其他聚酯，不飽和者，初級狀態,美國,出口總值(含復出口),50,15200
2018-10,39079100,其他聚酯，不飽和者，初級狀態,英國,出口總值(含復出口),30,8000
2018-10,39079100,其他聚酯，不飽和者，初級狀態,香港,出口總值(含復出口),360,105640
2018-10,39079100,其他聚酯，不飽和者，初級狀態,哥斯大黎加,出口總值(含復出口),36,17600
2018-10,39079100,其他聚酯，不飽和者，初級狀態,埃及,出口總值(含復出口),30,17380
2018-10,39079100,其他聚酯，不飽和者，初級狀態,泰國,出口總值(含復出口),112,57440
2018-10,39079100,其他聚酯，不飽和者，初級狀態,秘魯,出口總值(含復出口),31,17600
2018-10,39079100,其他聚酯，不飽和者，初級狀態,紐西蘭,出口總值(含復出口),24,10800
2018-10,39079100,其他聚酯，不飽和者，初級狀態,馬來西亞,出口總值(含復出口),37,12048
2018-10,39079100,其他聚酯，不飽和者，初級狀態,荷蘭,出口總值(含復出口),43,9900
2018-10,39079100,其他聚酯，不飽和者，初級狀態,斯里蘭卡,出口總值(含復出口),228,119126
2018-10,39079100,其他聚酯，不飽和者，初級狀態,菲律賓,出口總值(含復出口),611,311188
2018-10,39079100,其他聚酯，不飽和者，初級狀態,越南,出口總值(含復出口),6094,3747018
2018-10,39079100,其他聚酯，不飽和者，初級狀態,愛爾蘭,出口總值(含復出口),127,198200
2018-10,39079100,其他聚酯，不飽和者，初級狀態,新加坡,出口總值(含復出口),35,17650
2018-10,39079100,其他聚酯，不飽和者，初級狀態,模里西斯,出口總值(含復出口),37,20280
2018-10,39079100,其他聚酯，不飽和者，初級狀態,緬甸,出口總值(含復出口),58,35420
2018-10,39079100,其他聚酯，不飽和者，初級狀態,黎巴嫩,出口總值(含復出口),35,20240
2018-10,39079100,其他聚酯，不飽和者，初級狀態,澳大利亞,出口總值(含復出口),561,269885
2018-10,39079100,其他聚酯，不飽和者，初級狀態,薩爾瓦多,出口總值(含復出口),1375,1100000
2018-10,39079920,熱塑性液晶芳香族聚酯共聚合物,中華民國,進口總值(含復進口),26,2800
2018-10,39079920,熱塑性液晶芳香族聚酯共聚合物,日本,進口總值(含復進口),168,14000
2018-10,39079920,熱塑性液晶芳香族聚酯共聚合物,德國,進口總值(含復進口),2,260
2018-10,39079920,熱塑性液晶芳香族聚酯共聚合物,中國大陸,出口總值(含復出口),3596,419183
2018-10,39079920,熱塑性液晶芳香族聚酯共聚合物,日本,出口總值(含復出口),197,25100
2018-10,39079920,熱塑性液晶芳香族聚酯共聚合物,印度,出口總值(含復出口),9,1500
2018-10,39079920,熱塑性液晶芳香族聚酯共聚合物,南韓,出口總值(含復出口),1190,118800
2018-10,39079920,熱塑性液晶芳香族聚酯共聚合物,香港,出口總值(含復出口),1482,185525
2018-10,39079920,熱塑性液晶芳香族聚酯共聚合物,泰國,出口總值(含復出口),15,2500
2018-10,39079920,熱塑性液晶芳香族聚酯共聚合物,馬來西亞,出口總值(含復出口),88,10700
2018-10,39079920,熱塑性液晶芳香族聚酯共聚合物,菲律賓,出口總值(含復出口),62,2825
2018-10,39079920,熱塑性液晶芳香族聚酯共聚合物,越南,出口總值(含復出口),115,13000
2018-10,39079920,熱塑性液晶芳香族聚酯共聚合物,新加坡,出口總值(含復出口),27,3000
2018-10,39094000,酚樹脂，初級狀態,中國大陸,進口總值(含復進口),1014,291400
2018-10,39094000,酚樹脂，初級狀態,日本,進口總值(含復進口),2866,250413
2018-10,39094000,酚樹脂，初級狀態,加拿大,進口總值(含復進口),1,72
2018-10,39094000,酚樹脂，初級狀態,南韓,進口總值(含復進口),709,108080
2018-10,39094000,酚樹脂，初級狀態,美國,進口總值(含復進口),298,42472
2018-10,39094000,酚樹脂，初級狀態,泰國,進口總值(含復進口),48,22500
2018-10,39094000,酚樹脂，初級狀態,新加坡,進口總值(含復進口),72,30820
2018-10,39094000,酚樹脂，初級狀態,德國,進口總值(含復進口),234,50846
2018-10,39094000,酚樹脂，初級狀態,土耳其,出口總值(含復出口),35,32000
2018-10,39094000,酚樹脂，初級狀態,中國大陸,出口總值(含復出口),7669,4326260
2018-10,39094000,酚樹脂，初級狀態,巴西,出口總值(含復出口),7,2280
2018-10,39094000,酚樹脂，初級狀態,日本,出口總值(含復出口),868,279204
2018-10,39094000,酚樹脂，初級狀態,比利時,出口總值(含復出口),5,3000
2018-10,39094000,酚樹脂，初級狀態,伊朗,出口總值(含復出口),2,625
2018-10,39094000,酚樹脂，初級狀態,印尼,出口總值(含復出口),54,20480
2018-10,39094000,酚樹脂，初級狀態,印度,出口總值(含復出口),135,63200
2018-10,39094000,酚樹脂，初級狀態,南非,出口總值(含復出口),59,50000
2018-10,39094000,酚樹脂，初級狀態,南韓,出口總值(含復出口),99,64000
2018-10,39094000,酚樹脂，初級狀態,香港,出口總值(含復出口),118,66910
2018-10,39094000,酚樹脂，初級狀態,泰國,出口總值(含復出口),245,91970
2018-10,39094000,酚樹脂，初級狀態,馬來西亞,出口總值(含復出口),204,70502
2018-10,39094000,酚樹脂，初級狀態,斯洛維尼亞,出口總值(含復出口),24,15000
2018-10,39094000,酚樹脂，初級狀態,菲律賓,出口總值(含復出口),106,61260
2018-10,39094000,酚樹脂，初級狀態,越南,出口總值(含復出口),217,111325
2018-10,39094000,酚樹脂，初級狀態,新加坡,出口總值(含復出口),39,23000
2018-10,39094000,酚樹脂，初級狀態,墨西哥,出口總值(含復出口),4,3000
2018-10,39094000,酚樹脂，初級狀態,澳大利亞,出口總值(含復出口),3,2000
2018-11,39079100,其他聚酯，不飽和者，初級狀態,中國大陸,進口總值(含復進口),645,260364
2018-11,39079100,其他聚酯，不飽和者，初級狀態,中華民國,進口總值(含復進口),34,42080
2018-11,39079100,其他聚酯，不飽和者，初級狀態,日本,進口總值(含復進口),370,81050
2018-11,39079100,其他聚酯，不飽和者，初級狀態,比利時,進口總值(含復進口),5,800
2018-11,39079100,其他聚酯，不飽和者，初級狀態,印尼,進口總值(含復進口),2,200
2018-11,39079100,其他聚酯，不飽和者，初級狀態,印度,進口總值(含復進口),3,1300
2018-11,39079100,其他聚酯，不飽和者，初級狀態,西班牙,進口總值(含復進口),235,121340
2018-11,39079100,其他聚酯，不飽和者，初級狀態,南韓,進口總值(含復進口),154,25220
2018-11,39079100,其他聚酯，不飽和者，初級狀態,美國,進口總值(含復進口),69,14933
2018-11,39079100,其他聚酯，不飽和者，初級狀態,新加坡,進口總值(含復進口),8,2450
2018-11,39079100,其他聚酯，不飽和者，初級狀態,德國,進口總值(含復進口),96,18600
2018-11,39079100,其他聚酯，不飽和者，初級狀態,澳大利亞,進口總值(含復進口),6,2560
2018-11,39079100,其他聚酯，不飽和者，初級狀態,中國大陸,出口總值(含復出口),1668,1301723
2018-11,39079100,其他聚酯，不飽和者，初級狀態,巴西,出口總值(含復出口),94,80000
2018-11,39079100,其他聚酯，不飽和者，初級狀態,巴基斯坦,出口總值(含復出口),29,17600
2018-11,39079100,其他聚酯，不飽和者，初級狀態,日本,出口總值(含復出口),2341,1456922
2018-11,39079100,其他聚酯，不飽和者，初級狀態,以色列,出口總值(含復出口),59,32205
2018-11,39079100,其他聚酯，不飽和者，初級狀態,卡達,出口總值(含復出口),428,244656
2018-11,39079100,其他聚酯，不飽和者，初級狀態,印尼,出口總值(含復出口),96,53225
2018-11,39079100,其他聚酯，不飽和者，初級狀態,印度,出口總值(含復出口),980,667896
2018-11,39079100,其他聚酯，不飽和者，初級狀態,多明尼加,出口總值(含復出口),532,273910
2018-11,39079100,其他聚酯，不飽和者，初級狀態,西班牙,出口總值(含復出口),66,40000
2018-11,39079100,其他聚酯，不飽和者，初級狀態,奈及利亞,出口總值(含復出口),207,111880
2018-11,39079100,其他聚酯，不飽和者，初級狀態,孟加拉,出口總值(含復出口),914,515195
2018-11,39079100,其他聚酯，不飽和者，初級狀態,阿拉伯聯合大公國,出口總值(含復出口),139,87160
2018-11,39079100,其他聚酯，不飽和者，初級狀態,南非,出口總值(含復出口),83,49000
2018-11,39079100,其他聚酯，不飽和者，初級狀態,柬埔寨,出口總值(含復出口),255,146920
2018-11,39079100,其他聚酯，不飽和者，初級狀態,美國,出口總值(含復出口),26,4000
2018-11,39079100,其他聚酯，不飽和者，初級狀態,迦納,出口總值(含復出口),95,52800
2018-11,39079100,其他聚酯，不飽和者，初級狀態,香港,出口總值(含復出口),264,86580
2018-11,39079100,其他聚酯，不飽和者，初級狀態,埃及,出口總值(含復出口),432,246740
2018-11,39079100,其他聚酯，不飽和者，初級狀態,泰國,出口總值(含復出口),61,28600
2018-11,39079100,其他聚酯，不飽和者，初級狀態,秘魯,出口總值(含復出口),61,34980
2018-11,39079100,其他聚酯，不飽和者，初級狀態,紐西蘭,出口總值(含復出口),22,7625
2018-11,39079100,其他聚酯，不飽和者，初級狀態,馬來西亞,出口總值(含復出口),39,14564
2018-11,39079100,其他聚酯，不飽和者，初級狀態,荷蘭,出口總值(含復出口),71,14000
2018-11,39079100,其他聚酯，不飽和者，初級狀態,斯里蘭卡,出口總值(含復出口),127,69080
2018-11,39079100,其他聚酯，不飽和者，初級狀態,菲律賓,出口總值(含復出口),684,331730
2018-11,39079100,其他聚酯，不飽和者，初級狀態,越南,出口總值(含復出口),3465,2106426
2018-11,39079100,其他聚酯，不飽和者，初級狀態,愛爾蘭,出口總值(含復出口),128,198200
2018-11,39079100,其他聚酯，不飽和者，初級狀態,新加坡,出口總值(含復出口),57,35200
2018-11,39079100,其他聚酯，不飽和者，初級狀態,模里西斯,出口總值(含復出口),107,56860
2018-11,39079100,其他聚酯，不飽和者，初級狀態,澳大利亞,出口總值(含復出口),787,386307
2018-11,39079100,其他聚酯，不飽和者，初級狀態,澳門,出口總值(含復出口),26,9170
2018-11,39079920,熱塑性液晶芳香族聚酯共聚合物,中國大陸,進口總值(含復進口),107,16000
2018-11,39079920,熱塑性液晶芳香族聚酯共聚合物,中華民國,進口總值(含復進口),134,14425
2018-11,39079920,熱塑性液晶芳香族聚酯共聚合物,日本,進口總值(含復進口),48,3100
2018-11,39079920,熱塑性液晶芳香族聚酯共聚合物,中國大陸,出口總值(含復出口),4307,485656
2018-11,39079920,熱塑性液晶芳香族聚酯共聚合物,日本,出口總值(含復出口),710,91025
2018-11,39079920,熱塑性液晶芳香族聚酯共聚合物,南韓,出口總值(含復出口),1469,157200
2018-11,39079920,熱塑性液晶芳香族聚酯共聚合物,香港,出口總值(含復出口),1623,212075
2018-11,39079920,熱塑性液晶芳香族聚酯共聚合物,泰國,出口總值(含復出口),27,4200
2018-11,39079920,熱塑性液晶芳香族聚酯共聚合物,馬來西亞,出口總值(含復出口),27,2650
2018-11,39079920,熱塑性液晶芳香族聚酯共聚合物,菲律賓,出口總值(含復出口),36,3900
2018-11,39079920,熱塑性液晶芳香族聚酯共聚合物,越南,出口總值(含復出口),106,12000
2018-11,39079920,熱塑性液晶芳香族聚酯共聚合物,新加坡,出口總值(含復出口),38,4150
2018-11,39094000,酚樹脂，初級狀態,中國大陸,進口總值(含復進口),477,205855
2018-11,39094000,酚樹脂，初級狀態,中華民國,進口總值(含復進口),10,5504
2018-11,39094000,酚樹脂，初級狀態,日本,進口總值(含復進口),1193,160734
2018-11,39094000,酚樹脂，初級狀態,比利時,進口總值(含復進口),23,12000
2018-11,39094000,酚樹脂，初級狀態,加拿大,進口總值(含復進口),32,12772
2018-11,39094000,酚樹脂，初級狀態,印度,進口總值(含復進口),5,3000
2018-11,39094000,酚樹脂，初級狀態,法國,進口總值(含復進口),49,18000
2018-11,39094000,酚樹脂，初級狀態,南韓,進口總值(含復進口),373,66640
2018-11,39094000,酚樹脂，初級狀態,美國,進口總值(含復進口),629,119715
2018-11,39094000,酚樹脂，初級狀態,泰國,進口總值(含復進口),45,15800
2018-11,39094000,酚樹脂，初級狀態,新加坡,進口總值(含復進口),13,8020
2018-11,39094000,酚樹脂，初級狀態,德國,進口總值(含復進口),548,101528
2018-11,39094000,酚樹脂，初級狀態,土耳其,出口總值(含復出口),21,18000
2018-11,39094000,酚樹脂，初級狀態,中國大陸,出口總值(含復出口),6333,3619110
2018-11,39094000,酚樹脂，初級狀態,日本,出口總值(含復出口),638,228000
2018-11,39094000,酚樹脂，初級狀態,比利時,出口總值(含復出口),5,3000
2018-11,39094000,酚樹脂，初級狀態,加拿大,出口總值(含復出口),2,760
2018-11,39094000,酚樹脂，初級狀態,伊朗,出口總值(含復出口),115,32000
2018-11,39094000,酚樹脂，初級狀態,印尼,出口總值(含復出口),66,32480
2018-11,39094000,酚樹脂，初級狀態,印度,出口總值(含復出口),38,13900
2018-11,39094000,酚樹脂，初級狀態,南韓,出口總值(含復出口),235,119280
2018-11,39094000,酚樹脂，初級狀態,美國,出口總值(含復出口),5,472
2018-11,39094000,酚樹脂，初級狀態,香港,出口總值(含復出口),128,82890
2018-11,39094000,酚樹脂，初級狀態,泰國,出口總值(含復出口),181,98040
2018-11,39094000,酚樹脂，初級狀態,烏克蘭,出口總值(含復出口),17,13000
2018-11,39094000,酚樹脂，初級狀態,馬來西亞,出口總值(含復出口),236,86600
2018-11,39094000,酚樹脂，初級狀態,菲律賓,出口總值(含復出口),341,196500
2018-11,39094000,酚樹脂，初級狀態,越南,出口總值(含復出口),173,83830
2018-11,39094000,酚樹脂，初級狀態,新加坡,出口總值(含復出口),33,19200
2018-11,39094000,酚樹脂，初級狀態,德國,出口總值(含復出口),5,960
2018-11,39094000,酚樹脂，初級狀態,澳大利亞,出口總值(含復出口),90,58600
2018-12,39079100,其他聚酯，不飽和者，初級狀態,中國大陸,進口總值(含復進口),280,118960
2018-12,39079100,其他聚酯，不飽和者，初級狀態,中華民國,進口總值(含復進口),86,42872
2018-12,39079100,其他聚酯，不飽和者，初級狀態,日本,進口總值(含復進口),280,41264
2018-12,39079100,其他聚酯，不飽和者，初級狀態,比利時,進口總值(含復進口),50,5865
2018-12,39079100,其他聚酯，不飽和者，初級狀態,印尼,進口總值(含復進口),86,180000
2018-12,39079100,其他聚酯，不飽和者，初級狀態,印度,進口總值(含復進口),34,19200
2018-12,39079100,其他聚酯，不飽和者，初級狀態,西班牙,進口總值(含復進口),322,170280
2018-12,39079100,其他聚酯，不飽和者，初級狀態,法國,進口總值(含復進口),20,1057
2018-12,39079100,其他聚酯，不飽和者，初級狀態,南韓,進口總值(含復進口),167,37601
2018-12,39079100,其他聚酯，不飽和者，初級狀態,美國,進口總值(含復進口),53,21424
2018-12,39079100,其他聚酯，不飽和者，初級狀態,泰國,進口總值(含復進口),67,23342
2018-12,39079100,其他聚酯，不飽和者，初級狀態,新加坡,進口總值(含復進口),16,4700
2018-12,39079100,其他聚酯，不飽和者，初級狀態,義大利,進口總值(含復進口),45,6400
2018-12,39079100,其他聚酯，不飽和者，初級狀態,德國,進口總值(含復進口),108,33400
2018-12,39079100,其他聚酯，不飽和者，初級狀態,中國大陸,出口總值(含復出口),1393,848055
2018-12,39079100,其他聚酯，不飽和者，初級狀態,巴西,出口總值(含復出口),254,200000
2018-12,39079100,其他聚酯，不飽和者，初級狀態,巴基斯坦,出口總值(含復出口),83,52800
2018-12,39079100,其他聚酯，不飽和者，初級狀態,日本,出口總值(含復出口),1297,815420
2018-12,39079100,其他聚酯，不飽和者，初級狀態,以色列,出口總值(含復出口),61,35540
2018-12,39079100,其他聚酯，不飽和者，初級狀態,印尼,出口總值(含復出口),51,22500
2018-12,39079100,其他聚酯，不飽和者，初級狀態,印度,出口總值(含復出口),690,507800
2018-12,39079100,其他聚酯，不飽和者，初級狀態,奈及利亞,出口總值(含復出口),58,35460
2018-12,39079100,其他聚酯，不飽和者，初級狀態,孟加拉,出口總值(含復出口),1496,841657
2018-12,39079100,其他聚酯，不飽和者，初級狀態,肯亞,出口總值(含復出口),32,17600
2018-12,39079100,其他聚酯，不飽和者，初級狀態,阿拉伯聯合大公國,出口總值(含復出口),151,105600
2018-12,39079100,其他聚酯，不飽和者，初級狀態,南非,出口總值(含復出口),296,162760
2018-12,39079100,其他聚酯，不飽和者，初級狀態,柬埔寨,出口總值(含復出口),62,38320
2018-12,39079100,其他聚酯，不飽和者，初級狀態,美國,出口總值(含復出口),48,19260
2018-12,39079100,其他聚酯，不飽和者，初級狀態,香港,出口總值(含復出口),398,138670
2018-12,39079100,其他聚酯，不飽和者，初級狀態,哥斯大黎加,出口總值(含復出口),32,17160
2018-12,39079100,其他聚酯，不飽和者，初級狀態,埃及,出口總值(含復出口),558,344833
2018-12,39079100,其他聚酯，不飽和者，初級狀態,紐西蘭,出口總值(含復出口),16,7920
2018-12,39079100,其他聚酯，不飽和者，初級狀態,馬來西亞,出口總值(含復出口),45,17600
2018-12,39079100,其他聚酯，不飽和者，初級狀態,斯里蘭卡,出口總值(含復出口),95,52800
2018-12,39079100,其他聚酯，不飽和者，初級狀態,菲律賓,出口總值(含復出口),336,161740
2018-12,39079100,其他聚酯，不飽和者，初級狀態,越南,出口總值(含復出口),5261,3492037
2018-12,39079100,其他聚酯，不飽和者，初級狀態,愛爾蘭,出口總值(含復出口),64,99000
2018-12,39079100,其他聚酯，不飽和者，初級狀態,義大利,出口總值(含復出口),121,59000
2018-12,39079100,其他聚酯，不飽和者，初級狀態,模里西斯,出口總值(含復出口),40,21120
2018-12,39079100,其他聚酯，不飽和者，初級狀態,澳大利亞,出口總值(含復出口),411,196161
2018-12,39079100,其他聚酯，不飽和者，初級狀態,澳門,出口總值(含復出口),23,8300
2018-12,39079100,其他聚酯，不飽和者，初級狀態,蘇丹,出口總值(含復出口),32,17600
2018-12,39079920,熱塑性液晶芳香族聚酯共聚合物,中華民國,進口總值(含復進口),11,1250
2018-12,39079920,熱塑性液晶芳香族聚酯共聚合物,日本,進口總值(含復進口),162,13800
2018-12,39079920,熱塑性液晶芳香族聚酯共聚合物,中國大陸,出口總值(含復出口),2593,291028
2018-12,39079920,熱塑性液晶芳香族聚酯共聚合物,日本,出口總值(含復出口),501,62250
2018-12,39079920,熱塑性液晶芳香族聚酯共聚合物,印度,出口總值(含復出口),27,4500
2018-12,39079920,熱塑性液晶芳香族聚酯共聚合物,南韓,出口總值(含復出口),1431,168500
2018-12,39079920,熱塑性液晶芳香族聚酯共聚合物,香港,出口總值(含復出口),2228,290350
2018-12,39079920,熱塑性液晶芳香族聚酯共聚合物,泰國,出口總值(含復出口),27,4100
2018-12,39079920,熱塑性液晶芳香族聚酯共聚合物,馬來西亞,出口總值(含復出口),27,2225
2018-12,39079920,熱塑性液晶芳香族聚酯共聚合物,菲律賓,出口總值(含復出口),23,2575
2018-12,39079920,熱塑性液晶芳香族聚酯共聚合物,越南,出口總值(含復出口),71,8000
2018-12,39094000,酚樹脂，初級狀態,中國大陸,進口總值(含復進口),489,171005
2018-12,39094000,酚樹脂，初級狀態,日本,進口總值(含復進口),1350,150511
2018-12,39094000,酚樹脂，初級狀態,加拿大,進口總值(含復進口),1,72
2018-12,39094000,酚樹脂，初級狀態,印度,進口總值(含復進口),13,17600
2018-12,39094000,酚樹脂，初級狀態,南韓,進口總值(含復進口),688,130000
2018-12,39094000,酚樹脂，初級狀態,美國,進口總值(含復進口),321,50595
2018-12,39094000,酚樹脂，初級狀態,英國,進口總值(含復進口),2,50
2018-12,39094000,酚樹脂，初級狀態,泰國,進口總值(含復進口),32,17000
2018-12,39094000,酚樹脂，初級狀態,新加坡,進口總值(含復進口),50,19560
2018-12,39094000,酚樹脂，初級狀態,德國,進口總值(含復進口),421,78269
2018-12,39094000,酚樹脂，初級狀態,中國大陸,出口總值(含復出口),6330,3709717
2018-12,39094000,酚樹脂，初級狀態,巴基斯坦,出口總值(含復出口),9,6000
2018-12,39094000,酚樹脂，初級狀態,日本,出口總值(含復出口),321,107586
2018-12,39094000,酚樹脂，初級狀態,印尼,出口總值(含復出口),32,13680
2018-12,39094000,酚樹脂，初級狀態,印度,出口總值(含復出口),39,32500
2018-12,39094000,酚樹脂，初級狀態,南非,出口總值(含復出口),38,32000
2018-12,39094000,酚樹脂，初級狀態,南韓,出口總值(含復出口),230,119735
2018-12,39094000,酚樹脂，初級狀態,約旦,出口總值(含復出口),15,5000
2018-12,39094000,酚樹脂，初級狀態,香港,出口總值(含復出口),150,90024
2018-12,39094000,酚樹脂，初級狀態,泰國,出口總值(含復出口),317,151396
2018-12,39094000,酚樹脂，初級狀態,秘魯,出口總值(含復出口),21,18000
2018-12,39094000,酚樹脂，初級狀態,馬來西亞,出口總值(含復出口),218,72717
2018-12,39094000,酚樹脂，初級狀態,菲律賓,出口總值(含復出口),148,90240
2018-12,39094000,酚樹脂，初級狀態,越南,出口總值(含復出口),155,65530
2018-12,39094000,酚樹脂，初級狀態,新加坡,出口總值(含復出口),57,35300
2018-12,39094000,酚樹脂，初級狀態,德國,出口總值(含復出口),5,1000
2018-1,39095000,聚胺基甲酸乙酯，初級狀態,中國大陸,進口總值(含復進口),2644,741307
2018-1,39095000,聚胺基甲酸乙酯，初級狀態,中華民國,進口總值(含復進口),62,18592
2018-1,39095000,聚胺基甲酸乙酯，初級狀態,日本,進口總值(含復進口),1146,153370
2018-1,39095000,聚胺基甲酸乙酯，初級狀態,比利時,進口總值(含復進口),82,14022
2018-1,39095000,聚胺基甲酸乙酯，初級狀態,西班牙,進口總值(含復進口),165,25250
2018-1,39095000,聚胺基甲酸乙酯，初級狀態,法國,進口總值(含復進口),205,18815
2018-1,39095000,聚胺基甲酸乙酯，初級狀態,南韓,進口總值(含復進口),412,127317
2018-1,39095000,聚胺基甲酸乙酯，初級狀態,美國,進口總值(含復進口),1823,302084
2018-1,39095000,聚胺基甲酸乙酯，初級狀態,英國,進口總值(含復進口),30,7413
2018-1,39095000,聚胺基甲酸乙酯，初級狀態,馬來西亞,進口總值(含復進口),34,4000
2018-1,39095000,聚胺基甲酸乙酯，初級狀態,荷蘭,進口總值(含復進口),66,14744
2018-1,39095000,聚胺基甲酸乙酯，初級狀態,義大利,進口總值(含復進口),103,25650
2018-1,39095000,聚胺基甲酸乙酯，初級狀態,德國,進口總值(含復進口),605,90113
2018-1,39095000,聚胺基甲酸乙酯，初級狀態,墨西哥,進口總值(含復進口),37,5000
2018-1,39095000,聚胺基甲酸乙酯，初級狀態,澳大利亞,進口總值(含復進口),6,2080
2018-1,39095000,聚胺基甲酸乙酯，初級狀態,土耳其,出口總值(含復出口),203,65050
2018-1,39095000,聚胺基甲酸乙酯，初級狀態,中國大陸,出口總值(含復出口),13900,4032102
2018-1,39095000,聚胺基甲酸乙酯，初級狀態,巴西,出口總值(含復出口),395,123700
2018-1,39095000,聚胺基甲酸乙酯，初級狀態,巴基斯坦,出口總值(含復出口),81,29420
2018-1,39095000,聚胺基甲酸乙酯，初級狀態,日本,出口總值(含復出口),154,44636
2018-1,39095000,聚胺基甲酸乙酯，初級狀態,比利時,出口總值(含復出口),104,42200
2018-1,39095000,聚胺基甲酸乙酯，初級狀態,以色列,出口總值(含復出口),52,6041
2018-1,39095000,聚胺基甲酸乙酯，初級狀態,伊朗,出口總值(含復出口),217,73400
2018-1,39095000,聚胺基甲酸乙酯，初級狀態,印尼,出口總值(含復出口),1506,523300
2018-1,39095000,聚胺基甲酸乙酯，初級狀態,印度,出口總值(含復出口),1001,330985
2018-1,39095000,聚胺基甲酸乙酯，初級狀態,西班牙,出口總值(含復出口),362,135000
2018-1,39095000,聚胺基甲酸乙酯，初級狀態,孟加拉,出口總值(含復出口),203,84068
2018-1,39095000,聚胺基甲酸乙酯，初級狀態,波蘭,出口總值(含復出口),59,14884
2018-1,39095000,聚胺基甲酸乙酯，初級狀態,法國,出口總值(含復出口),30,7677
2018-1,39095000,聚胺基甲酸乙酯，初級狀態,俄羅斯,出口總值(含復出口),74,28800
2018-1,39095000,聚胺基甲酸乙酯，初級狀態,南韓,出口總值(含復出口),1273,308425
2018-1,39095000,聚胺基甲酸乙酯，初級狀態,柬埔寨,出口總值(含復出口),87,26717
2018-1,39095000,聚胺基甲酸乙酯，初級狀態,約旦,出口總值(含復出口),16,16000
2018-1,39095000,聚胺基甲酸乙酯，初級狀態,美國,出口總值(含復出口),307,71450
2018-1,39095000,聚胺基甲酸乙酯，初級狀態,香港,出口總值(含復出口),384,144007
2018-1,39095000,聚胺基甲酸乙酯，初級狀態,泰國,出口總值(含復出口),872,316821
2018-1,39095000,聚胺基甲酸乙酯，初級狀態,秘魯,出口總值(含復出口),61,17340
2018-1,39095000,聚胺基甲酸乙酯，初級狀態,馬來西亞,出口總值(含復出口),367,135910
2018-1,39095000,聚胺基甲酸乙酯，初級狀態,荷蘭,出口總值(含復出口),78,15200
2018-1,39095000,聚胺基甲酸乙酯，初級狀態,菲律賓,出口總值(含復出口),147,52856
2018-1,39095000,聚胺基甲酸乙酯，初級狀態,象牙海岸,出口總值(含復出口),32,1800
2018-1,39095000,聚胺基甲酸乙酯，初級狀態,越南,出口總值(含復出口),7476,2118884
2018-1,39095000,聚胺基甲酸乙酯，初級狀態,新加坡,出口總值(含復出口),67,19080
2018-1,39095000,聚胺基甲酸乙酯，初級狀態,義大利,出口總值(含復出口),252,100000
2018-1,39095000,聚胺基甲酸乙酯，初級狀態,德國,出口總值(含復出口),162,34000
2018-1,39095000,聚胺基甲酸乙酯，初級狀態,緬甸,出口總值(含復出口),3,216
2018-1,39095000,聚胺基甲酸乙酯，初級狀態,墨西哥,出口總值(含復出口),120,34300
2018-1,39095000,聚胺基甲酸乙酯，初級狀態,澳大利亞,出口總值(含復出口),85,33090
2018-1,39095000,聚胺基甲酸乙酯，初級狀態,澳門,出口總值(含復出口),5,1630
2018-1,39100010,矽油,中國大陸,進口總值(含復進口),1748,417369
2018-1,39100010,矽油,中華民國,進口總值(含復進口),0,25
2018-1,39100010,矽油,日本,進口總值(含復進口),2157,438721
2018-1,39100010,矽油,加拿大,進口總值(含復進口),44,3880
2018-1,39100010,矽油,西班牙,進口總值(含復進口),16,4800
2018-1,39100010,矽油,法國,進口總值(含復進口),90,20000
2018-1,39100010,矽油,南韓,進口總值(含復進口),36,16146
2018-1,39100010,矽油,美國,進口總值(含復進口),1673,38793
2018-1,39100010,矽油,英國,進口總值(含復進口),116,15014
2018-1,39100010,矽油,泰國,進口總值(含復進口),180,52900
2018-1,39100010,矽油,馬來西亞,進口總值(含復進口),19,3800
2018-1,39100010,矽油,義大利,進口總值(含復進口),31,7600
2018-1,39100010,矽油,德國,進口總值(含復進口),653,65458
2018-1,39100010,矽油,中國大陸,出口總值(含復出口),742,107414
2018-1,39100010,矽油,印尼,出口總值(含復出口),52,17000
2018-1,39100010,矽油,香港,出口總值(含復出口),19,4621
2018-1,39100010,矽油,哥倫比亞,出口總值(含復出口),44,20032
2018-1,39100010,矽油,泰國,出口總值(含復出口),44,3456
2018-1,39100010,矽油,越南,出口總值(含復出口),63,7599
2018-1,39111010,石油樹脂,中國大陸,進口總值(含復進口),1481,769575
2018-1,39111010,石油樹脂,日本,進口總值(含復進口),1030,410790
2018-1,39111010,石油樹脂,印尼,進口總值(含復進口),116,72000
2018-1,39111010,石油樹脂,法國,進口總值(含復進口),284,108625
2018-1,39111010,石油樹脂,南韓,進口總值(含復進口),249,94420
2018-1,39111010,石油樹脂,美國,進口總值(含復進口),98,38394
2018-1,39111010,石油樹脂,泰國,進口總值(含復進口),539,258500
2018-1,39111010,石油樹脂,荷蘭,進口總值(含復進口),29,10000
2018-1,39111010,石油樹脂,土耳其,出口總值(含復出口),226,213000
2018-1,39111010,石油樹脂,中國大陸,出口總值(含復出口),3541,1710529
2018-1,39111010,石油樹脂,巴西,出口總值(含復出口),195,113000
2018-1,39111010,石油樹脂,日本,出口總值(含復出口),602,347000
2018-1,39111010,石油樹脂,加拿大,出口總值(含復出口),74,57000
2018-1,39111010,石油樹脂,伊朗,出口總值(含復出口),148,133000
2018-1,39111010,石油樹脂,印尼,出口總值(含復出口),691,508750
2018-1,39111010,石油樹脂,印度,出口總值(含復出口),749,725080
2018-1,39111010,石油樹脂,西班牙,出口總值(含復出口),509,316000
2018-1,39111010,石油樹脂,沙烏地阿拉伯,出口總值(含復出口),83,64000
2018-1,39111010,石油樹脂,孟加拉,出口總值(含復出口),83,82000
2018-1,39111010,石油樹脂,波蘭,出口總值(含復出口),288,134000
2018-1,39111010,石油樹脂,法國,出口總值(含復出口),78,46000
2018-1,39111010,石油樹脂,阿根廷,出口總值(含復出口),41,28000
2018-1,39111010,石油樹脂,俄羅斯,出口總值(含復出口),55,35000
2018-1,39111010,石油樹脂,南非,出口總值(含復出口),24,16000
2018-1,39111010,石油樹脂,南韓,出口總值(含復出口),147,119000
2018-1,39111010,石油樹脂,美國,出口總值(含復出口),903,641000
2018-1,39111010,石油樹脂,英國,出口總值(含復出口),151,129000
2018-1,39111010,石油樹脂,香港,出口總值(含復出口),5,1500
2018-1,39111010,石油樹脂,泰國,出口總值(含復出口),444,355500
2018-1,39111010,石油樹脂,秘魯,出口總值(含復出口),27,19000
2018-1,39111010,石油樹脂,馬來西亞,出口總值(含復出口),568,390500
2018-1,39111010,石油樹脂,荷蘭,出口總值(含復出口),572,644000
2018-1,39111010,石油樹脂,斯里蘭卡,出口總值(含復出口),31,25000
2018-1,39111010,石油樹脂,菲律賓,出口總值(含復出口),8,5000
2018-1,39111010,石油樹脂,越南,出口總值(含復出口),445,257270
2018-1,39111010,石油樹脂,新加坡,出口總值(含復出口),36,32000
2018-1,39111010,石油樹脂,瑞典,出口總值(含復出口),95,85000
2018-1,39111010,石油樹脂,義大利,出口總值(含復出口),110,45500
2018-1,39111010,石油樹脂,葡萄牙,出口總值(含復出口),135,56000
2018-1,39111010,石油樹脂,德國,出口總值(含復出口),47,40000
2018-1,39111010,石油樹脂,緬甸,出口總值(含復出口),72,57000
2018-1,39111010,石油樹脂,澳大利亞,出口總值(含復出口),93,50375
2018-1,39219010,玻璃纖維強化塑膠板、片及扁條,中國大陸,進口總值(含復進口),436,49549
2018-1,39219010,玻璃纖維強化塑膠板、片及扁條,中華民國,進口總值(含復進口),0,3
2018-1,39219010,玻璃纖維強化塑膠板、片及扁條,日本,進口總值(含復進口),1339,54400
2018-1,39219010,玻璃纖維強化塑膠板、片及扁條,法國,進口總值(含復進口),70,6124
2018-1,39219010,玻璃纖維強化塑膠板、片及扁條,南韓,進口總值(含復進口),806,43674
2018-1,39219010,玻璃纖維強化塑膠板、片及扁條,美國,進口總值(含復進口),358,6520
2018-1,39219010,玻璃纖維強化塑膠板、片及扁條,香港,進口總值(含復進口),15,32
2018-1,39219010,玻璃纖維強化塑膠板、片及扁條,泰國,進口總值(含復進口),141,10996
2018-1,39219010,玻璃纖維強化塑膠板、片及扁條,奧地利,進口總值(含復進口),1,43
2018-1,39219010,玻璃纖維強化塑膠板、片及扁條,德國,進口總值(含復進口),0,10
2018-1,39219010,玻璃纖維強化塑膠板、片及扁條,墨西哥,進口總值(含復進口),10,138
2018-1,39219010,玻璃纖維強化塑膠板、片及扁條,中國大陸,出口總值(含復出口),362,58561
2018-1,39219010,玻璃纖維強化塑膠板、片及扁條,日本,出口總值(含復出口),169,24762
2018-1,39219010,玻璃纖維強化塑膠板、片及扁條,印度,出口總值(含復出口),27,17788
2018-1,39219010,玻璃纖維強化塑膠板、片及扁條,南韓,出口總值(含復出口),236,35802
2018-1,39219010,玻璃纖維強化塑膠板、片及扁條,科威特,出口總值(含復出口),0,8
2018-1,39219010,玻璃纖維強化塑膠板、片及扁條,美國,出口總值(含復出口),181,39940
2018-1,39219010,玻璃纖維強化塑膠板、片及扁條,香港,出口總值(含復出口),7,1872
2018-1,39219010,玻璃纖維強化塑膠板、片及扁條,泰國,出口總值(含復出口),963,154269
2018-1,39219010,玻璃纖維強化塑膠板、片及扁條,馬來西亞,出口總值(含復出口),18,2040
2018-1,39219010,玻璃纖維強化塑膠板、片及扁條,菲律賓,出口總值(含復出口),15,1866
2018-1,39219010,玻璃纖維強化塑膠板、片及扁條,越南,出口總值(含復出口),169,12653
2018-1,39219010,玻璃纖維強化塑膠板、片及扁條,新加坡,出口總值(含復出口),116,21177
2018-1,39219010,玻璃纖維強化塑膠板、片及扁條,德國,出口總值(含復出口),357,47097
2018-1,39219010,玻璃纖維強化塑膠板、片及扁條,墨西哥,出口總值(含復出口),2,1114
2018-2,39095000,聚胺基甲酸乙酯，初級狀態,中國大陸,進口總值(含復進口),4675,1231179
2018-2,39095000,聚胺基甲酸乙酯，初級狀態,日本,進口總值(含復進口),1022,114415
2018-2,39095000,聚胺基甲酸乙酯，初級狀態,比利時,進口總值(含復進口),0,25
2018-2,39095000,聚胺基甲酸乙酯，初級狀態,印度,進口總值(含復進口),191,47480
2018-2,39095000,聚胺基甲酸乙酯，初級狀態,西班牙,進口總值(含復進口),90,10600
2018-2,39095000,聚胺基甲酸乙酯，初級狀態,法國,進口總值(含復進口),142,12000
2018-2,39095000,聚胺基甲酸乙酯，初級狀態,南韓,進口總值(含復進口),135,46792
2018-2,39095000,聚胺基甲酸乙酯，初級狀態,美國,進口總值(含復進口),1383,187776
2018-2,39095000,聚胺基甲酸乙酯，初級狀態,英國,進口總值(含復進口),2,800
2018-2,39095000,聚胺基甲酸乙酯，初級狀態,香港,進口總值(含復進口),10,2520
2018-2,39095000,聚胺基甲酸乙酯，初級狀態,馬來西亞,進口總值(含復進口),27,6011
2018-2,39095000,聚胺基甲酸乙酯，初級狀態,荷蘭,進口總值(含復進口),10,1460
2018-2,39095000,聚胺基甲酸乙酯，初級狀態,新加坡,進口總值(含復進口),34,6592
2018-2,39095000,聚胺基甲酸乙酯，初級狀態,瑞士,進口總值(含復進口),22,2231
2018-2,39095000,聚胺基甲酸乙酯，初級狀態,義大利,進口總值(含復進口),202,32647
2018-2,39095000,聚胺基甲酸乙酯，初級狀態,德國,進口總值(含復進口),700,141824
2018-2,39095000,聚胺基甲酸乙酯，初級狀態,土耳其,出口總值(含復出口),25,11160
2018-2,39095000,聚胺基甲酸乙酯，初級狀態,中國大陸,出口總值(含復出口),6553,1837157
2018-2,39095000,聚胺基甲酸乙酯，初級狀態,巴西,出口總值(含復出口),382,119050
2018-2,39095000,聚胺基甲酸乙酯，初級狀態,巴拉圭,出口總值(含復出口),15,3250
2018-2,39095000,聚胺基甲酸乙酯，初級狀態,日本,出口總值(含復出口),359,71420
2018-2,39095000,聚胺基甲酸乙酯，初級狀態,比利時,出口總值(含復出口),47,15184
2018-2,39095000,聚胺基甲酸乙酯，初級狀態,卡達,出口總值(含復出口),68,17000
2018-2,39095000,聚胺基甲酸乙酯，初級狀態,伊朗,出口總值(含復出口),48,12800
2018-2,39095000,聚胺基甲酸乙酯，初級狀態,印尼,出口總值(含復出口),1123,364076
2018-2,39095000,聚胺基甲酸乙酯，初級狀態,印度,出口總值(含復出口),579,178699
2018-2,39095000,聚胺基甲酸乙酯，初級狀態,西班牙,出口總值(含復出口),251,91859
2018-2,39095000,聚胺基甲酸乙酯，初級狀態,孟加拉,出口總值(含復出口),137,52016
2018-2,39095000,聚胺基甲酸乙酯，初級狀態,法國,出口總值(含復出口),19,3626
2018-2,39095000,聚胺基甲酸乙酯，初級狀態,肯亞,出口總值(含復出口),4,1125
2018-2,39095000,聚胺基甲酸乙酯，初級狀態,阿拉伯聯合大公國,出口總值(含復出口),3,360
2018-2,39095000,聚胺基甲酸乙酯，初級狀態,阿根廷,出口總值(含復出口),52,15000
2018-2,39095000,聚胺基甲酸乙酯，初級狀態,俄羅斯,出口總值(含復出口),54,18400
2018-2,39095000,聚胺基甲酸乙酯，初級狀態,南韓,出口總值(含復出口),764,189080
2018-2,39095000,聚胺基甲酸乙酯，初級狀態,柬埔寨,出口總值(含復出口),13,4003
2018-2,39095000,聚胺基甲酸乙酯，初級狀態,美國,出口總值(含復出口),385,79480
2018-2,39095000,聚胺基甲酸乙酯，初級狀態,香港,出口總值(含復出口),569,186973
2018-2,39095000,聚胺基甲酸乙酯，初級狀態,泰國,出口總值(含復出口),640,228355
2018-2,39095000,聚胺基甲酸乙酯，初級狀態,馬來西亞,出口總值(含復出口),199,69176
2018-2,39095000,聚胺基甲酸乙酯，初級狀態,荷蘭,出口總值(含復出口),135,30900
2018-2,39095000,聚胺基甲酸乙酯，初級狀態,斯里蘭卡,出口總值(含復出口),4,600
2018-2,39095000,聚胺基甲酸乙酯，初級狀態,菲律賓,出口總值(含復出口),220,64936
2018-2,39095000,聚胺基甲酸乙酯，初級狀態,越南,出口總值(含復出口),5275,1492975
2018-2,39095000,聚胺基甲酸乙酯，初級狀態,新加坡,出口總值(含復出口),11,2000
2018-2,39095000,聚胺基甲酸乙酯，初級狀態,瑞典,出口總值(含復出口),70,17550
2018-2,39095000,聚胺基甲酸乙酯，初級狀態,義大利,出口總值(含復出口),209,80000
2018-2,39095000,聚胺基甲酸乙酯，初級狀態,德國,出口總值(含復出口),70,15000
2018-2,39095000,聚胺基甲酸乙酯，初級狀態,緬甸,出口總值(含復出口),47,17280
2018-2,39095000,聚胺基甲酸乙酯，初級狀態,墨西哥,出口總值(含復出口),214,65460
2018-2,39095000,聚胺基甲酸乙酯，初級狀態,薩爾瓦多,出口總值(含復出口),12,6800
2018-2,39100010,矽油,中國大陸,進口總值(含復進口),1602,430487
2018-2,39100010,矽油,日本,進口總值(含復進口),1874,291019
2018-2,39100010,矽油,西班牙,進口總值(含復進口),80,16000
2018-2,39100010,矽油,法國,進口總值(含復進口),3,300
2018-2,39100010,矽油,南韓,進口總值(含復進口),77,11592
2018-2,39100010,矽油,美國,進口總值(含復進口),571,57911
2018-2,39100010,矽油,英國,進口總值(含復進口),24,1335
2018-2,39100010,矽油,泰國,進口總值(含復進口),191,56400
2018-2,39100010,矽油,馬來西亞,進口總值(含復進口),19,8000
2018-2,39100010,矽油,瑞典,進口總值(含復進口),0,1
2018-2,39100010,矽油,德國,進口總值(含復進口),75,16088
2018-2,39100010,矽油,中國大陸,出口總值(含復出口),489,68242
2018-2,39100010,矽油,孟加拉,出口總值(含復出口),30,40160
2018-2,39100010,矽油,香港,出口總值(含復出口),8,2000
2018-2,39100010,矽油,挪威,出口總值(含復出口),0,12
2018-2,39100010,矽油,智利,出口總值(含復出口),13,6250
2018-2,39100010,矽油,越南,出口總值(含復出口),28,6750
2018-2,39100010,矽油,義大利,出口總值(含復出口),8,900
2018-2,39111010,石油樹脂,中國大陸,進口總值(含復進口),898,479575
2018-2,39111010,石油樹脂,日本,進口總值(含復進口),952,402960
2018-2,39111010,石油樹脂,印尼,進口總值(含復進口),29,18000
2018-2,39111010,石油樹脂,法國,進口總值(含復進口),31,10050
2018-2,39111010,石油樹脂,南韓,進口總值(含復進口),136,61000
2018-2,39111010,石油樹脂,美國,進口總值(含復進口),194,99502
2018-2,39111010,石油樹脂,泰國,進口總值(含復進口),176,81000
2018-2,39111010,石油樹脂,荷蘭,進口總值(含復進口),17,6000
2018-2,39111010,石油樹脂,新加坡,進口總值(含復進口),27,18000
2018-2,39111010,石油樹脂,土耳其,出口總值(含復出口),155,108750
2018-2,39111010,石油樹脂,中國大陸,出口總值(含復出口),2596,1351297
2018-2,39111010,石油樹脂,巴西,出口總值(含復出口),58,57000
2018-2,39111010,石油樹脂,日本,出口總值(含復出口),493,314000
2018-2,39111010,石油樹脂,加拿大,出口總值(含復出口),210,197000
2018-2,39111010,石油樹脂,伊朗,出口總值(含復出口),7,3500
2018-2,39111010,石油樹脂,印尼,出口總值(含復出口),478,384600
2018-2,39111010,石油樹脂,印度,出口總值(含復出口),396,407400
2018-2,39111010,石油樹脂,西班牙,出口總值(含復出口),465,368000
2018-2,39111010,石油樹脂,沙烏地阿拉伯,出口總值(含復出口),98,80000
2018-2,39111010,石油樹脂,孟加拉,出口總值(含復出口),82,95000
2018-2,39111010,石油樹脂,波蘭,出口總值(含復出口),389,200750
2018-2,39111010,石油樹脂,法國,出口總值(含復出口),98,91000
2018-2,39111010,石油樹脂,南非,出口總值(含復出口),81,95000
2018-2,39111010,石油樹脂,南韓,出口總值(含復出口),101,87000
2018-2,39111010,石油樹脂,美國,出口總值(含復出口),700,531200
2018-2,39111010,石油樹脂,英國,出口總值(含復出口),22,25000
2018-2,39111010,石油樹脂,香港,出口總值(含復出口),5,2000
2018-2,39111010,石油樹脂,哥倫比亞,出口總值(含復出口),21,16000
2018-2,39111010,石油樹脂,泰國,出口總值(含復出口),302,219402
2018-2,39111010,石油樹脂,馬來西亞,出口總值(含復出口),508,268000
2018-2,39111010,石油樹脂,荷蘭,出口總值(含復出口),528,600000
2018-2,39111010,石油樹脂,菲律賓,出口總值(含復出口),68,59000
2018-2,39111010,石油樹脂,越南,出口總值(含復出口),407,217200
2018-2,39111010,石油樹脂,新加坡,出口總值(含復出口),18,16000
2018-2,39111010,石油樹脂,瑞典,出口總值(含復出口),22,25000
2018-2,39111010,石油樹脂,義大利,出口總值(含復出口),287,121000
2018-2,39111010,石油樹脂,德國,出口總值(含復出口),271,106000
2018-2,39111010,石油樹脂,緬甸,出口總值(含復出口),41,38000
2018-2,39111010,石油樹脂,澳大利亞,出口總值(含復出口),92,59000
2018-2,39219010,玻璃纖維強化塑膠板、片及扁條,中國大陸,進口總值(含復進口),137,34797
2018-2,39219010,玻璃纖維強化塑膠板、片及扁條,日本,進口總值(含復進口),1617,48086
2018-2,39219010,玻璃纖維強化塑膠板、片及扁條,法國,進口總值(含復進口),61,2801
2018-2,39219010,玻璃纖維強化塑膠板、片及扁條,南韓,進口總值(含復進口),593,63368
2018-2,39219010,玻璃纖維強化塑膠板、片及扁條,美國,進口總值(含復進口),45,1936
2018-2,39219010,玻璃纖維強化塑膠板、片及扁條,香港,進口總值(含復進口),19,94
2018-2,39219010,玻璃纖維強化塑膠板、片及扁條,泰國,進口總值(含復進口),169,18740
2018-2,39219010,玻璃纖維強化塑膠板、片及扁條,奧地利,進口總值(含復進口),5,82
2018-2,39219010,玻璃纖維強化塑膠板、片及扁條,德國,進口總值(含復進口),0,8
2018-2,39219010,玻璃纖維強化塑膠板、片及扁條,墨西哥,進口總值(含復進口),60,1130
2018-2,39219010,玻璃纖維強化塑膠板、片及扁條,中國大陸,出口總值(含復出口),235,34805
2018-2,39219010,玻璃纖維強化塑膠板、片及扁條,日本,出口總值(含復出口),154,20647
2018-2,39219010,玻璃纖維強化塑膠板、片及扁條,印度,出口總值(含復出口),98,10035
2018-2,39219010,玻璃纖維強化塑膠板、片及扁條,宏都拉斯,出口總值(含復出口),1,102
2018-2,39219010,玻璃纖維強化塑膠板、片及扁條,沙烏地阿拉伯,出口總值(含復出口),137,7608
2018-2,39219010,玻璃纖維強化塑膠板、片及扁條,南韓,出口總值(含復出口),369,53049
2018-2,39219010,玻璃纖維強化塑膠板、片及扁條,美國,出口總值(含復出口),14,1248
2018-2,39219010,玻璃纖維強化塑膠板、片及扁條,香港,出口總值(含復出口),11,925
2018-2,39219010,玻璃纖維強化塑膠板、片及扁條,泰國,出口總值(含復出口),1023,159885
2018-2,39219010,玻璃纖維強化塑膠板、片及扁條,秘魯,出口總值(含復出口),0,27
2018-2,39219010,玻璃纖維強化塑膠板、片及扁條,馬來西亞,出口總值(含復出口),28,5597
2018-2,39219010,玻璃纖維強化塑膠板、片及扁條,荷蘭,出口總值(含復出口),6,473
2018-2,39219010,玻璃纖維強化塑膠板、片及扁條,菲律賓,出口總值(含復出口),17,2147
2018-2,39219010,玻璃纖維強化塑膠板、片及扁條,越南,出口總值(含復出口),212,27085
2018-2,39219010,玻璃纖維強化塑膠板、片及扁條,新加坡,出口總值(含復出口),107,16209
2018-2,39219010,玻璃纖維強化塑膠板、片及扁條,葡萄牙,出口總值(含復出口),7,256
2018-2,39219010,玻璃纖維強化塑膠板、片及扁條,德國,出口總值(含復出口),658,71465
2018-2,39219010,玻璃纖維強化塑膠板、片及扁條,模里西斯,出口總值(含復出口),1,105
2018-3,39095000,聚胺基甲酸乙酯，初級狀態,中國大陸,進口總值(含復進口),4690,1217277
2018-3,39095000,聚胺基甲酸乙酯，初級狀態,巴西,進口總值(含復進口),4,1200
2018-3,39095000,聚胺基甲酸乙酯，初級狀態,日本,進口總值(含復進口),1312,172598
2018-3,39095000,聚胺基甲酸乙酯，初級狀態,比利時,進口總值(含復進口),144,24200
2018-3,39095000,聚胺基甲酸乙酯，初級狀態,西班牙,進口總值(含復進口),126,14900
2018-3,39095000,聚胺基甲酸乙酯，初級狀態,法國,進口總值(含復進口),205,17000
2018-3,39095000,聚胺基甲酸乙酯，初級狀態,南韓,進口總值(含復進口),116,34768
2018-3,39095000,聚胺基甲酸乙酯，初級狀態,美國,進口總值(含復進口),2905,389748
2018-3,39095000,聚胺基甲酸乙酯，初級狀態,英國,進口總值(含復進口),72,18160
2018-3,39095000,聚胺基甲酸乙酯，初級狀態,馬來西亞,進口總值(含復進口),73,10706
2018-3,39095000,聚胺基甲酸乙酯，初級狀態,荷蘭,進口總值(含復進口),62,6398
2018-3,39095000,聚胺基甲酸乙酯，初級狀態,新加坡,進口總值(含復進口),83,23650
2018-3,39095000,聚胺基甲酸乙酯，初級狀態,瑞士,進口總值(含復進口),24,4080
2018-3,39095000,聚胺基甲酸乙酯，初級狀態,義大利,進口總值(含復進口),160,39223
2018-3,39095000,聚胺基甲酸乙酯，初級狀態,德國,進口總值(含復進口),1229,193427
2018-3,39095000,聚胺基甲酸乙酯，初級狀態,墨西哥,進口總值(含復進口),6,800
2018-3,39095000,聚胺基甲酸乙酯，初級狀態,澳大利亞,進口總值(含復進口),7,900
2018-3,39095000,聚胺基甲酸乙酯，初級狀態,土耳其,出口總值(含復出口),128,45000
2018-3,39095000,聚胺基甲酸乙酯，初級狀態,中國大陸,出口總值(含復出口),14079,4148325
2018-3,39095000,聚胺基甲酸乙酯，初級狀態,巴西,出口總值(含復出口),612,193200
2018-3,39095000,聚胺基甲酸乙酯，初級狀態,日本,出口總值(含復出口),307,62451
2018-3,39095000,聚胺基甲酸乙酯，初級狀態,比利時,出口總值(含復出口),131,34200
2018-3,39095000,聚胺基甲酸乙酯，初級狀態,加拿大,出口總值(含復出口),30,5000
2018-3,39095000,聚胺基甲酸乙酯，初級狀態,卡達,出口總值(含復出口),44,11000
2018-3,39095000,聚胺基甲酸乙酯，初級狀態,伊朗,出口總值(含復出口),503,153000
2018-3,39095000,聚胺基甲酸乙酯，初級狀態,印尼,出口總值(含復出口),965,299310
2018-3,39095000,聚胺基甲酸乙酯，初級狀態,印度,出口總值(含復出口),898,277616
2018-3,39095000,聚胺基甲酸乙酯，初級狀態,西班牙,出口總值(含復出口),41,15000
2018-3,39095000,聚胺基甲酸乙酯，初級狀態,沙烏地阿拉伯,出口總值(含復出口),110,25233
2018-3,39095000,聚胺基甲酸乙酯，初級狀態,孟加拉,出口總值(含復出口),82,31095
2018-3,39095000,聚胺基甲酸乙酯，初級狀態,波蘭,出口總值(含復出口),60,15000
2018-3,39095000,聚胺基甲酸乙酯，初級狀態,法國,出口總值(含復出口),33,7057
2018-3,39095000,聚胺基甲酸乙酯，初級狀態,肯亞,出口總值(含復出口),13,4000
2018-3,39095000,聚胺基甲酸乙酯，初級狀態,阿拉伯聯合大公國,出口總值(含復出口),56,15800
2018-3,39095000,聚胺基甲酸乙酯，初級狀態,南韓,出口總值(含復出口),1315,315683
2018-3,39095000,聚胺基甲酸乙酯，初級狀態,柬埔寨,出口總值(含復出口),81,22750
2018-3,39095000,聚胺基甲酸乙酯，初級狀態,美國,出口總值(含復出口),411,90654
2018-3,39095000,聚胺基甲酸乙酯，初級狀態,香港,出口總值(含復出口),937,379690
2018-3,39095000,聚胺基甲酸乙酯，初級狀態,哥倫比亞,出口總值(含復出口),58,17000
2018-3,39095000,聚胺基甲酸乙酯，初級狀態,埃及,出口總值(含復出口),28,17000
2018-3,39095000,聚胺基甲酸乙酯，初級狀態,泰國,出口總值(含復出口),1382,496376
2018-3,39095000,聚胺基甲酸乙酯，初級狀態,秘魯,出口總值(含復出口),69,20000
2018-3,39095000,聚胺基甲酸乙酯，初級狀態,馬來西亞,出口總值(含復出口),450,174525
2018-3,39095000,聚胺基甲酸乙酯，初級狀態,敘利亞,出口總值(含復出口),49,17000
2018-3,39095000,聚胺基甲酸乙酯，初級狀態,荷蘭,出口總值(含復出口),136,31000
2018-3,39095000,聚胺基甲酸乙酯，初級狀態,菲律賓,出口總值(含復出口),153,61166
2018-3,39095000,聚胺基甲酸乙酯，初級狀態,越南,出口總值(含復出口),9629,2715463
2018-3,39095000,聚胺基甲酸乙酯，初級狀態,新加坡,出口總值(含復出口),125,40496
2018-3,39095000,聚胺基甲酸乙酯，初級狀態,瑞典,出口總值(含復出口),16,3250
2018-3,39095000,聚胺基甲酸乙酯，初級狀態,義大利,出口總值(含復出口),103,34800
2018-3,39095000,聚胺基甲酸乙酯，初級狀態,德國,出口總值(含復出口),2,1000
2018-3,39095000,聚胺基甲酸乙酯，初級狀態,緬甸,出口總值(含復出口),123,49813
2018-3,39095000,聚胺基甲酸乙酯，初級狀態,墨西哥,出口總值(含復出口),139,39500
2018-3,39095000,聚胺基甲酸乙酯，初級狀態,澳大利亞,出口總值(含復出口),64,21160
2018-3,39100010,矽油,中國大陸,進口總值(含復進口),532,120340
2018-3,39100010,矽油,日本,進口總值(含復進口),3175,674007
2018-3,39100010,矽油,比利時,進口總值(含復進口),5,640
2018-3,39100010,矽油,加拿大,進口總值(含復進口),14,1000
2018-3,39100010,矽油,西班牙,進口總值(含復進口),134,25000
2018-3,39100010,矽油,法國,進口總值(含復進口),41,8300
2018-3,39100010,矽油,南韓,進口總值(含復進口),31,2467
2018-3,39100010,矽油,美國,進口總值(含復進口),410,30459
2018-3,39100010,矽油,英國,進口總值(含復進口),131,32038
2018-3,39100010,矽油,泰國,進口總值(含復進口),178,47060
2018-3,39100010,矽油,馬來西亞,進口總值(含復進口),29,12000
2018-3,39100010,矽油,義大利,進口總值(含復進口),22,2400
2018-3,39100010,矽油,德國,進口總值(含復進口),318,17752
2018-3,39100010,矽油,中國大陸,出口總值(含復出口),1002,101903
2018-3,39100010,矽油,巴基斯坦,出口總值(含復出口),11,5500
2018-3,39100010,矽油,印尼,出口總值(含復出口),13,5700
2018-3,39100010,矽油,孟加拉,出口總值(含復出口),22,14600
2018-3,39100010,矽油,美國,出口總值(含復出口),1,16
2018-3,39100010,矽油,香港,出口總值(含復出口),16,4000
2018-3,39100010,矽油,泰國,出口總值(含復出口),48,4870
2018-3,39100010,矽油,馬來西亞,出口總值(含復出口),16,1330
2018-3,39100010,矽油,越南,出口總值(含復出口),59,23537
2018-3,39100010,矽油,義大利,出口總值(含復出口),8,500
2018-3,39100010,矽油,澳大利亞,出口總值(含復出口),0,20
2018-3,39111010,石油樹脂,中國大陸,進口總值(含復進口),1839,1000900
2018-3,39111010,石油樹脂,日本,進口總值(含復進口),1389,565010
2018-3,39111010,石油樹脂,印尼,進口總值(含復進口),87,54000
2018-3,39111010,石油樹脂,法國,進口總值(含復進口),170,65875
2018-3,39111010,石油樹脂,南韓,進口總值(含復進口),241,99600
2018-3,39111010,石油樹脂,美國,進口總值(含復進口),203,76705
2018-3,39111010,石油樹脂,泰國,進口總值(含復進口),406,199000
2018-3,39111010,石油樹脂,新加坡,進口總值(含復進口),587,305825
2018-3,39111010,石油樹脂,德國,進口總值(含復進口),31,10000
2018-3,39111010,石油樹脂,土耳其,出口總值(含復出口),126,111000
2018-3,39111010,石油樹脂,中國大陸,出口總值(含復出口),2850,1405974
2018-3,39111010,石油樹脂,厄瓜多,出口總值(含復出口),21,16000
2018-3,39111010,石油樹脂,巴西,出口總值(含復出口),109,79750
2018-3,39111010,石油樹脂,巴基斯坦,出口總值(含復出口),4,3000
2018-3,39111010,石油樹脂,日本,出口總值(含復出口),401,257000
2018-3,39111010,石油樹脂,加拿大,出口總值(含復出口),215,170000
2018-3,39111010,石油樹脂,伊朗,出口總值(含復出口),121,103000
2018-3,39111010,石油樹脂,匈牙利,出口總值(含復出口),21,16000
2018-3,39111010,石油樹脂,印尼,出口總值(含復出口),671,468650
2018-3,39111010,石油樹脂,印度,出口總值(含復出口),664,591800
2018-3,39111010,石油樹脂,西班牙,出口總值(含復出口),513,374000
2018-3,39111010,石油樹脂,沙烏地阿拉伯,出口總值(含復出口),102,80000
2018-3,39111010,石油樹脂,孟加拉,出口總值(含復出口),53,56000
2018-3,39111010,石油樹脂,波蘭,出口總值(含復出口),200,108750
2018-3,39111010,石油樹脂,法國,出口總值(含復出口),77,46000
2018-3,39111010,石油樹脂,阿根廷,出口總值(含復出口),21,14000
2018-3,39111010,石油樹脂,俄羅斯,出口總值(含復出口),43,32000
2018-3,39111010,石油樹脂,南非,出口總值(含復出口),86,92000
2018-3,39111010,石油樹脂,南韓,出口總值(含復出口),134,102000
2018-3,39111010,石油樹脂,美國,出口總值(含復出口),703,513800
2018-3,39111010,石油樹脂,英國,出口總值(含復出口),101,98000
2018-3,39111010,石油樹脂,香港,出口總值(含復出口),25,10640
2018-3,39111010,石油樹脂,泰國,出口總值(含復出口),405,297000
2018-3,39111010,石油樹脂,馬來西亞,出口總值(含復出口),297,206500
2018-3,39111010,石油樹脂,荷蘭,出口總值(含復出口),343,390000
2018-3,39111010,石油樹脂,斯里蘭卡,出口總值(含復出口),31,25000
2018-3,39111010,石油樹脂,菲律賓,出口總值(含復出口),43,36000
2018-3,39111010,石油樹脂,越南,出口總值(含復出口),983,479930
2018-3,39111010,石油樹脂,新加坡,出口總值(含復出口),75,71000
2018-3,39111010,石油樹脂,瑞典,出口總值(含復出口),22,25000
2018-3,39111010,石油樹脂,義大利,出口總值(含復出口),126,69750
2018-3,39111010,石油樹脂,德國,出口總值(含復出口),28,25000
2018-3,39111010,石油樹脂,墨西哥,出口總值(含復出口),25,16000
2018-3,39111010,石油樹脂,澳大利亞,出口總值(含復出口),239,154375
2018-3,39219010,玻璃纖維強化塑膠板、片及扁條,中國大陸,進口總值(含復進口),294,46054
2018-3,39219010,玻璃纖維強化塑膠板、片及扁條,日本,進口總值(含復進口),1808,29460
2018-3,39219010,玻璃纖維強化塑膠板、片及扁條,南韓,進口總值(含復進口),738,82727
2018-3,39219010,玻璃纖維強化塑膠板、片及扁條,美國,進口總值(含復進口),188,5446
2018-3,39219010,玻璃纖維強化塑膠板、片及扁條,香港,進口總值(含復進口),20,78
2018-3,39219010,玻璃纖維強化塑膠板、片及扁條,泰國,進口總值(含復進口),167,14605
2018-3,39219010,玻璃纖維強化塑膠板、片及扁條,菲律賓,進口總值(含復進口),6,72
2018-3,39219010,玻璃纖維強化塑膠板、片及扁條,奧地利,進口總值(含復進口),2,50
2018-3,39219010,玻璃纖維強化塑膠板、片及扁條,愛爾蘭,進口總值(含復進口),6,166
2018-3,39219010,玻璃纖維強化塑膠板、片及扁條,德國,進口總值(含復進口),39,4047
2018-3,39219010,玻璃纖維強化塑膠板、片及扁條,墨西哥,進口總值(含復進口),28,398
2018-3,39219010,玻璃纖維強化塑膠板、片及扁條,中國大陸,出口總值(含復出口),415,26671
2018-3,39219010,玻璃纖維強化塑膠板、片及扁條,日本,出口總值(含復出口),216,31534
2018-3,39219010,玻璃纖維強化塑膠板、片及扁條,北馬里亞納群島,出口總值(含復出口),6,1687
2018-3,39219010,玻璃纖維強化塑膠板、片及扁條,瓜地馬拉,出口總值(含復出口),0,61
2018-3,39219010,玻璃纖維強化塑膠板、片及扁條,印尼,出口總值(含復出口),0,17
2018-3,39219010,玻璃纖維強化塑膠板、片及扁條,印度,出口總值(含復出口),191,42934
2018-3,39219010,玻璃纖維強化塑膠板、片及扁條,孟加拉,出口總值(含復出口),1,73
2018-3,39219010,玻璃纖維強化塑膠板、片及扁條,南韓,出口總值(含復出口),422,66381
2018-3,39219010,玻璃纖維強化塑膠板、片及扁條,美國,出口總值(含復出口),139,31985
2018-3,39219010,玻璃纖維強化塑膠板、片及扁條,香港,出口總值(含復出口),3,690
2018-3,39219010,玻璃纖維強化塑膠板、片及扁條,泰國,出口總值(含復出口),978,152155
2018-3,39219010,玻璃纖維強化塑膠板、片及扁條,馬來西亞,出口總值(含復出口),117,19842
2018-3,39219010,玻璃纖維強化塑膠板、片及扁條,荷蘭,出口總值(含復出口),11,329
2018-3,39219010,玻璃纖維強化塑膠板、片及扁條,菲律賓,出口總值(含復出口),3,506
2018-3,39219010,玻璃纖維強化塑膠板、片及扁條,越南,出口總值(含復出口),214,19803
2018-3,39219010,玻璃纖維強化塑膠板、片及扁條,新加坡,出口總值(含復出口),21,2833
2018-3,39219010,玻璃纖維強化塑膠板、片及扁條,德國,出口總值(含復出口),366,54518
2018-3,39219010,玻璃纖維強化塑膠板、片及扁條,關島,出口總值(含復出口),9,2976
2018-4,39095000,聚胺基甲酸乙酯，初級狀態,中國大陸,進口總值(含復進口),6243,1651336
2018-4,39095000,聚胺基甲酸乙酯，初級狀態,中華民國,進口總值(含復進口),12,3870
2018-4,39095000,聚胺基甲酸乙酯，初級狀態,巴西,進口總值(含復進口),6,1800
2018-4,39095000,聚胺基甲酸乙酯，初級狀態,日本,進口總值(含復進口),945,130835
2018-4,39095000,聚胺基甲酸乙酯，初級狀態,比利時,進口總值(含復進口),138,23425
2018-4,39095000,聚胺基甲酸乙酯，初級狀態,西班牙,進口總值(含復進口),165,23550
2018-4,39095000,聚胺基甲酸乙酯，初級狀態,法國,進口總值(含復進口),122,9075
2018-4,39095000,聚胺基甲酸乙酯，初級狀態,南韓,進口總值(含復進口),173,61420
2018-4,39095000,聚胺基甲酸乙酯，初級狀態,美國,進口總值(含復進口),1335,165131
2018-4,39095000,聚胺基甲酸乙酯，初級狀態,英國,進口總值(含復進口),66,12000
2018-4,39095000,聚胺基甲酸乙酯，初級狀態,馬來西亞,進口總值(含復進口),6,1000
2018-4,39095000,聚胺基甲酸乙酯，初級狀態,荷蘭,進口總值(含復進口),57,11732
2018-4,39095000,聚胺基甲酸乙酯，初級狀態,新加坡,進口總值(含復進口),59,14420
2018-4,39095000,聚胺基甲酸乙酯，初級狀態,瑞士,進口總值(含復進口),15,2320
2018-4,39095000,聚胺基甲酸乙酯，初級狀態,義大利,進口總值(含復進口),131,29041
2018-4,39095000,聚胺基甲酸乙酯，初級狀態,德國,進口總值(含復進口),1117,204000
2018-4,39095000,聚胺基甲酸乙酯，初級狀態,墨西哥,進口總值(含復進口),12,1600
2018-4,39095000,聚胺基甲酸乙酯，初級狀態,澳大利亞,進口總值(含復進口),25,4246
2018-4,39095000,聚胺基甲酸乙酯，初級狀態,土耳其,出口總值(含復出口),65,26160
2018-4,39095000,聚胺基甲酸乙酯，初級狀態,中國大陸,出口總值(含復出口),12520,3601138
2018-4,39095000,聚胺基甲酸乙酯，初級狀態,巴西,出口總值(含復出口),626,186400
2018-4,39095000,聚胺基甲酸乙酯，初級狀態,巴拉圭,出口總值(含復出口),16,4000
2018-4,39095000,聚胺基甲酸乙酯，初級狀態,日本,出口總值(含復出口),129,31309
2018-4,39095000,聚胺基甲酸乙酯，初級狀態,比利時,出口總值(含復出口),108,35200
2018-4,39095000,聚胺基甲酸乙酯，初級狀態,以色列,出口總值(含復出口),76,7999
2018-4,39095000,聚胺基甲酸乙酯，初級狀態,伊朗,出口總值(含復出口),62,13750
2018-4,39095000,聚胺基甲酸乙酯，初級狀態,印尼,出口總值(含復出口),1449,425957
2018-4,39095000,聚胺基甲酸乙酯，初級狀態,印度,出口總值(含復出口),1131,342700
2018-4,39095000,聚胺基甲酸乙酯，初級狀態,西班牙,出口總值(含復出口),45,16000
2018-4,39095000,聚胺基甲酸乙酯，初級狀態,孟加拉,出口總值(含復出口),75,25336
2018-4,39095000,聚胺基甲酸乙酯，初級狀態,波蘭,出口總值(含復出口),38,10000
2018-4,39095000,聚胺基甲酸乙酯，初級狀態,法國,出口總值(含復出口),11,2206
2018-4,39095000,聚胺基甲酸乙酯，初級狀態,肯亞,出口總值(含復出口),12,648
2018-4,39095000,聚胺基甲酸乙酯，初級狀態,阿拉伯聯合大公國,出口總值(含復出口),24,5887
2018-4,39095000,聚胺基甲酸乙酯，初級狀態,俄羅斯,出口總值(含復出口),21,5000
2018-4,39095000,聚胺基甲酸乙酯，初級狀態,南韓,出口總值(含復出口),2104,508805
2018-4,39095000,聚胺基甲酸乙酯，初級狀態,柬埔寨,出口總值(含復出口),11,2551
2018-4,39095000,聚胺基甲酸乙酯，初級狀態,美國,出口總值(含復出口),633,128412
2018-4,39095000,聚胺基甲酸乙酯，初級狀態,香港,出口總值(含復出口),969,343885
2018-4,39095000,聚胺基甲酸乙酯，初級狀態,泰國,出口總值(含復出口),824,270080
2018-4,39095000,聚胺基甲酸乙酯，初級狀態,烏拉圭,出口總值(含復出口),3,1000
2018-4,39095000,聚胺基甲酸乙酯，初級狀態,秘魯,出口總值(含復出口),78,22380
2018-4,39095000,聚胺基甲酸乙酯，初級狀態,馬來西亞,出口總值(含復出口),306,103367
2018-4,39095000,聚胺基甲酸乙酯，初級狀態,荷蘭,出口總值(含復出口),117,20800
2018-4,39095000,聚胺基甲酸乙酯，初級狀態,斯里蘭卡,出口總值(含復出口),4,600
2018-4,39095000,聚胺基甲酸乙酯，初級狀態,菲律賓,出口總值(含復出口),136,32842
2018-4,39095000,聚胺基甲酸乙酯，初級狀態,越南,出口總值(含復出口),8626,2288332
2018-4,39095000,聚胺基甲酸乙酯，初級狀態,新加坡,出口總值(含復出口),208,78440
2018-4,39095000,聚胺基甲酸乙酯，初級狀態,瑞典,出口總值(含復出口),28,7000
2018-4,39095000,聚胺基甲酸乙酯，初級狀態,義大利,出口總值(含復出口),459,185000
2018-4,39095000,聚胺基甲酸乙酯，初級狀態,德國,出口總值(含復出口),176,36000
2018-4,39095000,聚胺基甲酸乙酯，初級狀態,緬甸,出口總值(含復出口),47,17280
2018-4,39095000,聚胺基甲酸乙酯，初級狀態,墨西哥,出口總值(含復出口),45,10500
2018-4,39095000,聚胺基甲酸乙酯，初級狀態,澳大利亞,出口總值(含復出口),18,2880
2018-4,39095000,聚胺基甲酸乙酯，初級狀態,澳門,出口總值(含復出口),11,3364
2018-4,39100010,矽油,中國大陸,進口總值(含復進口),2152,479573
2018-4,39100010,矽油,日本,進口總值(含復進口),2230,292815
2018-4,39100010,矽油,比利時,進口總值(含復進口),2,200
2018-4,39100010,矽油,加拿大,進口總值(含復進口),39,2860
2018-4,39100010,矽油,南韓,進口總值(含復進口),88,38964
2018-4,39100010,矽油,美國,進口總值(含復進口),71,7407
2018-4,39100010,矽油,英國,進口總值(含復進口),204,47643
2018-4,39100010,矽油,泰國,進口總值(含復進口),48,16000
2018-4,39100010,矽油,馬來西亞,進口總值(含復進口),16,2600
2018-4,39100010,矽油,荷蘭,進口總值(含復進口),17,3705
2018-4,39100010,矽油,德國,進口總值(含復進口),30,3600
2018-4,39100010,矽油,中國大陸,出口總值(含復出口),683,81133
2018-4,39100010,矽油,印尼,出口總值(含復出口),37,6025
2018-4,39100010,矽油,孟加拉,出口總值(含復出口),8,7644
2018-4,39100010,矽油,阿拉伯聯合大公國,出口總值(含復出口),0,25
2018-4,39100010,矽油,香港,出口總值(含復出口),11,1560
2018-4,39100010,矽油,泰國,出口總值(含復出口),6,1000
2018-4,39100010,矽油,馬來西亞,出口總值(含復出口),27,2400
2018-4,39100010,矽油,越南,出口總值(含復出口),57,9675
2018-4,39111010,石油樹脂,中國大陸,進口總值(含復進口),1724,888525
2018-4,39111010,石油樹脂,中華民國,進口總值(含復進口),7,4000
2018-4,39111010,石油樹脂,日本,進口總值(含復進口),1375,566610
2018-4,39111010,石油樹脂,印尼,進口總值(含復進口),115,72000
2018-4,39111010,石油樹脂,法國,進口總值(含復進口),280,109250
2018-4,39111010,石油樹脂,南韓,進口總值(含復進口),181,72000
2018-4,39111010,石油樹脂,美國,進口總值(含復進口),284,106836
2018-4,39111010,石油樹脂,泰國,進口總值(含復進口),476,235000
2018-4,39111010,石油樹脂,新加坡,進口總值(含復進口),62,29250
2018-4,39111010,石油樹脂,德國,進口總值(含復進口),0,8
2018-4,39111010,石油樹脂,土耳其,出口總值(含復出口),136,127000
2018-4,39111010,石油樹脂,中國大陸,出口總值(含復出口),3250,1620966
2018-4,39111010,石油樹脂,巴西,出口總值(含復出口),117,102750
2018-4,39111010,石油樹脂,巴基斯坦,出口總值(含復出口),4,3000
2018-4,39111010,石油樹脂,日本,出口總值(含復出口),454,246000
2018-4,39111010,石油樹脂,加拿大,出口總值(含復出口),123,91000
2018-4,39111010,石油樹脂,印尼,出口總值(含復出口),735,547800
2018-4,39111010,石油樹脂,印度,出口總值(含復出口),640,679700
2018-4,39111010,石油樹脂,西班牙,出口總值(含復出口),584,398000
2018-4,39111010,石油樹脂,沙烏地阿拉伯,出口總值(含復出口),83,64000
2018-4,39111010,石油樹脂,孟加拉,出口總值(含復出口),94,94000
2018-4,39111010,石油樹脂,波蘭,出口總值(含復出口),562,260500
2018-4,39111010,石油樹脂,法國,出口總值(含復出口),145,113000
2018-4,39111010,石油樹脂,俄羅斯,出口總值(含復出口),140,99000
2018-4,39111010,石油樹脂,南非,出口總值(含復出口),23,16000
2018-4,39111010,石油樹脂,南韓,出口總值(含復出口),227,163000
2018-4,39111010,石油樹脂,柬埔寨,出口總值(含復出口),24,16000
2018-4,39111010,石油樹脂,美國,出口總值(含復出口),822,623600
2018-4,39111010,石油樹脂,英國,出口總值(含復出口),176,154000
2018-4,39111010,石油樹脂,香港,出口總值(含復出口),45,18000
2018-4,39111010,石油樹脂,泰國,出口總值(含復出口),500,383000
2018-4,39111010,石油樹脂,馬來西亞,出口總值(含復出口),337,261000
2018-4,39111010,石油樹脂,荷蘭,出口總值(含復出口),605,669000
2018-4,39111010,石油樹脂,斯里蘭卡,出口總值(含復出口),4,3000
2018-4,39111010,石油樹脂,菲律賓,出口總值(含復出口),46,36500
2018-4,39111010,石油樹脂,越南,出口總值(含復出口),677,346000
2018-4,39111010,石油樹脂,新加坡,出口總值(含復出口),13,10000
2018-4,39111010,石油樹脂,義大利,出口總值(含復出口),111,45500
2018-4,39111010,石油樹脂,德國,出口總值(含復出口),356,144750
2018-4,39111010,石油樹脂,緬甸,出口總值(含復出口),206,171500
2018-4,39111010,石油樹脂,澳大利亞,出口總值(含復出口),109,78000
2018-4,39219010,玻璃纖維強化塑膠板、片及扁條,中國大陸,進口總值(含復進口),184,14967
2018-4,39219010,玻璃纖維強化塑膠板、片及扁條,日本,進口總值(含復進口),1714,57670
2018-4,39219010,玻璃纖維強化塑膠板、片及扁條,法國,進口總值(含復進口),46,1205
2018-4,39219010,玻璃纖維強化塑膠板、片及扁條,南韓,進口總值(含復進口),253,44233
2018-4,39219010,玻璃纖維強化塑膠板、片及扁條,美國,進口總值(含復進口),224,7966
2018-4,39219010,玻璃纖維強化塑膠板、片及扁條,香港,進口總值(含復進口),8,59
2018-4,39219010,玻璃纖維強化塑膠板、片及扁條,泰國,進口總值(含復進口),122,14983
2018-4,39219010,玻璃纖維強化塑膠板、片及扁條,奧地利,進口總值(含復進口),3,73
2018-4,39219010,玻璃纖維強化塑膠板、片及扁條,德國,進口總值(含復進口),38,4127
2018-4,39219010,玻璃纖維強化塑膠板、片及扁條,墨西哥,進口總值(含復進口),43,561
2018-4,39219010,玻璃纖維強化塑膠板、片及扁條,羅馬尼亞,進口總值(含復進口),14,546
2018-4,39219010,玻璃纖維強化塑膠板、片及扁條,中國大陸,出口總值(含復出口),460,29681
2018-4,39219010,玻璃纖維強化塑膠板、片及扁條,巴西,出口總值(含復出口),22,404
2018-4,39219010,玻璃纖維強化塑膠板、片及扁條,日本,出口總值(含復出口),150,20523
2018-4,39219010,玻璃纖維強化塑膠板、片及扁條,加拿大,出口總值(含復出口),5,36
2018-4,39219010,玻璃纖維強化塑膠板、片及扁條,印度,出口總值(含復出口),31,5789
2018-4,39219010,玻璃纖維強化塑膠板、片及扁條,南韓,出口總值(含復出口),413,59942
2018-4,39219010,玻璃纖維強化塑膠板、片及扁條,科威特,出口總值(含復出口),0,38
2018-4,39219010,玻璃纖維強化塑膠板、片及扁條,美國,出口總值(含復出口),156,37296
2018-4,39219010,玻璃纖維強化塑膠板、片及扁條,香港,出口總值(含復出口),20,1688
2018-4,39219010,玻璃纖維強化塑膠板、片及扁條,泰國,出口總值(含復出口),1382,233415
2018-4,39219010,玻璃纖維強化塑膠板、片及扁條,馬來西亞,出口總值(含復出口),61,6086
2018-4,39219010,玻璃纖維強化塑膠板、片及扁條,荷蘭,出口總值(含復出口),5,540
2018-4,39219010,玻璃纖維強化塑膠板、片及扁條,菲律賓,出口總值(含復出口),0,7
2018-4,39219010,玻璃纖維強化塑膠板、片及扁條,越南,出口總值(含復出口),236,28235
2018-4,39219010,玻璃纖維強化塑膠板、片及扁條,新加坡,出口總值(含復出口),63,10480
2018-4,39219010,玻璃纖維強化塑膠板、片及扁條,德國,出口總值(含復出口),251,28766
2018-4,39219010,玻璃纖維強化塑膠板、片及扁條,模里西斯,出口總值(含復出口),13,1600
2018-4,39219010,玻璃纖維強化塑膠板、片及扁條,澳大利亞,出口總值(含復出口),2,42
2018-5,39095000,聚胺基甲酸乙酯，初級狀態,中國大陸,進口總值(含復進口),4983,1350889
2018-5,39095000,聚胺基甲酸乙酯，初級狀態,中華民國,進口總值(含復進口),4,1212
2018-5,39095000,聚胺基甲酸乙酯，初級狀態,日本,進口總值(含復進口),1468,184026
2018-5,39095000,聚胺基甲酸乙酯，初級狀態,比利時,進口總值(含復進口),25,4025
2018-5,39095000,聚胺基甲酸乙酯，初級狀態,加拿大,進口總值(含復進口),27,1161
2018-5,39095000,聚胺基甲酸乙酯，初級狀態,印度,進口總值(含復進口),227,60000
2018-5,39095000,聚胺基甲酸乙酯，初級狀態,西班牙,進口總值(含復進口),268,39650
2018-5,39095000,聚胺基甲酸乙酯，初級狀態,法國,進口總值(含復進口),545,46680
2018-5,39095000,聚胺基甲酸乙酯，初級狀態,南韓,進口總值(含復進口),201,61784
2018-5,39095000,聚胺基甲酸乙酯，初級狀態,美國,進口總值(含復進口),1389,206303
2018-5,39095000,聚胺基甲酸乙酯，初級狀態,英國,進口總值(含復進口),34,9400
2018-5,39095000,聚胺基甲酸乙酯，初級狀態,馬來西亞,進口總值(含復進口),2,200
2018-5,39095000,聚胺基甲酸乙酯，初級狀態,荷蘭,進口總值(含復進口),46,5193
2018-5,39095000,聚胺基甲酸乙酯，初級狀態,新加坡,進口總值(含復進口),53,15690
2018-5,39095000,聚胺基甲酸乙酯，初級狀態,義大利,進口總值(含復進口),271,50608
2018-5,39095000,聚胺基甲酸乙酯，初級狀態,德國,進口總值(含復進口),1178,192456
2018-5,39095000,聚胺基甲酸乙酯，初級狀態,澳大利亞,進口總值(含復進口),11,2239
2018-5,39095000,聚胺基甲酸乙酯，初級狀態,土耳其,出口總值(含復出口),58,18930
2018-5,39095000,聚胺基甲酸乙酯，初級狀態,中國大陸,出口總值(含復出口),13416,3860030
2018-5,39095000,聚胺基甲酸乙酯，初級狀態,巴西,出口總值(含復出口),457,137330
2018-5,39095000,聚胺基甲酸乙酯，初級狀態,日本,出口總值(含復出口),446,89420
2018-5,39095000,聚胺基甲酸乙酯，初級狀態,比利時,出口總值(含復出口),77,22600
2018-5,39095000,聚胺基甲酸乙酯，初級狀態,以色列,出口總值(含復出口),69,6100
2018-5,39095000,聚胺基甲酸乙酯，初級狀態,卡達,出口總值(含復出口),88,22000
2018-5,39095000,聚胺基甲酸乙酯，初級狀態,伊朗,出口總值(含復出口),177,48750
2018-5,39095000,聚胺基甲酸乙酯，初級狀態,印尼,出口總值(含復出口),928,303427
2018-5,39095000,聚胺基甲酸乙酯，初級狀態,印度,出口總值(含復出口),793,241263
2018-5,39095000,聚胺基甲酸乙酯，初級狀態,西班牙,出口總值(含復出口),155,60000
2018-5,39095000,聚胺基甲酸乙酯，初級狀態,孟加拉,出口總值(含復出口),19,4720
2018-5,39095000,聚胺基甲酸乙酯，初級狀態,波蘭,出口總值(含復出口),51,12500
2018-5,39095000,聚胺基甲酸乙酯，初級狀態,法國,出口總值(含復出口),59,15250
2018-5,39095000,聚胺基甲酸乙酯，初級狀態,阿拉伯聯合大公國,出口總值(含復出口),1,500
2018-5,39095000,聚胺基甲酸乙酯，初級狀態,阿根廷,出口總值(含復出口),58,17110
2018-5,39095000,聚胺基甲酸乙酯，初級狀態,俄羅斯,出口總值(含復出口),3,600
2018-5,39095000,聚胺基甲酸乙酯，初級狀態,南非,出口總值(含復出口),10,3000
2018-5,39095000,聚胺基甲酸乙酯，初級狀態,南韓,出口總值(含復出口),1277,302895
2018-5,39095000,聚胺基甲酸乙酯，初級狀態,柬埔寨,出口總值(含復出口),21,7108
2018-5,39095000,聚胺基甲酸乙酯，初級狀態,約旦,出口總值(含復出口),50,17000
2018-5,39095000,聚胺基甲酸乙酯，初級狀態,美國,出口總值(含復出口),621,136857
2018-5,39095000,聚胺基甲酸乙酯，初級狀態,英國,出口總值(含復出口),7,1800
2018-5,39095000,聚胺基甲酸乙酯，初級狀態,香港,出口總值(含復出口),553,189618
2018-5,39095000,聚胺基甲酸乙酯，初級狀態,哥倫比亞,出口總值(含復出口),50,15000
2018-5,39095000,聚胺基甲酸乙酯，初級狀態,泰國,出口總值(含復出口),1239,421637
2018-5,39095000,聚胺基甲酸乙酯，初級狀態,烏拉圭,出口總值(含復出口),38,15000
2018-5,39095000,聚胺基甲酸乙酯，初級狀態,秘魯,出口總值(含復出口),144,41680
2018-5,39095000,聚胺基甲酸乙酯，初級狀態,紐西蘭,出口總值(含復出口),6,720
2018-5,39095000,聚胺基甲酸乙酯，初級狀態,馬來西亞,出口總值(含復出口),471,158923
2018-5,39095000,聚胺基甲酸乙酯，初級狀態,荷蘭,出口總值(含復出口),211,45100
2018-5,39095000,聚胺基甲酸乙酯，初級狀態,喬治亞,出口總值(含復出口),0,75
2018-5,39095000,聚胺基甲酸乙酯，初級狀態,斯里蘭卡,出口總值(含復出口),7,2000
2018-5,39095000,聚胺基甲酸乙酯，初級狀態,菲律賓,出口總值(含復出口),198,56265
2018-5,39095000,聚胺基甲酸乙酯，初級狀態,越南,出口總值(含復出口),8573,2473655
2018-5,39095000,聚胺基甲酸乙酯，初級狀態,新加坡,出口總值(含復出口),25,8190
2018-5,39095000,聚胺基甲酸乙酯，初級狀態,瑞士,出口總值(含復出口),78,15000
2018-5,39095000,聚胺基甲酸乙酯，初級狀態,瑞典,出口總值(含復出口),2,500
2018-5,39095000,聚胺基甲酸乙酯，初級狀態,義大利,出口總值(含復出口),476,180000
2018-5,39095000,聚胺基甲酸乙酯，初級狀態,德國,出口總值(含復出口),84,13000
2018-5,39095000,聚胺基甲酸乙酯，初級狀態,墨西哥,出口總值(含復出口),260,73050
2018-5,39095000,聚胺基甲酸乙酯，初級狀態,澳大利亞,出口總值(含復出口),59,20160
2018-5,39095000,聚胺基甲酸乙酯，初級狀態,澳門,出口總值(含復出口),4,1370
2018-5,39100010,矽油,中國大陸,進口總值(含復進口),1989,432940
2018-5,39100010,矽油,日本,進口總值(含復進口),2426,438106
2018-5,39100010,矽油,比利時,進口總值(含復進口),2,200
2018-5,39100010,矽油,加拿大,進口總值(含復進口),16,1420
2018-5,39100010,矽油,印度,進口總值(含復進口),38,700
2018-5,39100010,矽油,西班牙,進口總值(含復進口),22,4000
2018-5,39100010,矽油,法國,進口總值(含復進口),45,7600
2018-5,39100010,矽油,南韓,進口總值(含復進口),22,3813
2018-5,39100010,矽油,美國,進口總值(含復進口),858,91634
2018-5,39100010,矽油,英國,進口總值(含復進口),216,48227
2018-5,39100010,矽油,泰國,進口總值(含復進口),298,89430
2018-5,39100010,矽油,馬來西亞,進口總值(含復進口),31,3800
2018-5,39100010,矽油,義大利,進口總值(含復進口),36,7600
2018-5,39100010,矽油,德國,進口總值(含復進口),94,12410
2018-5,39100010,矽油,中國大陸,出口總值(含復出口),836,94307
2018-5,39100010,矽油,印尼,出口總值(含復出口),10,840
2018-5,39100010,矽油,孟加拉,出口總值(含復出口),8,12000
2018-5,39100010,矽油,美國,出口總值(含復出口),9,576
2018-5,39100010,矽油,香港,出口總值(含復出口),12,3280
2018-5,39100010,矽油,泰國,出口總值(含復出口),15,2240
2018-5,39100010,矽油,馬來西亞,出口總值(含復出口),4,612
2018-5,39100010,矽油,越南,出口總值(含復出口),45,8802
2018-5,39111010,石油樹脂,中國大陸,進口總值(含復進口),1841,982950
2018-5,39111010,石油樹脂,日本,進口總值(含復進口),720,277205
2018-5,39111010,石油樹脂,印尼,進口總值(含復進口),114,72000
2018-5,39111010,石油樹脂,法國,進口總值(含復進口),56,19500
2018-5,39111010,石油樹脂,南韓,進口總值(含復進口),72,28700
2018-5,39111010,石油樹脂,美國,進口總值(含復進口),179,56333
2018-5,39111010,石油樹脂,泰國,進口總值(含復進口),919,454500
2018-5,39111010,石油樹脂,荷蘭,進口總值(含復進口),2,180
2018-5,39111010,石油樹脂,新加坡,進口總值(含復進口),148,69475
2018-5,39111010,石油樹脂,土耳其,出口總值(含復出口),150,130000
2018-5,39111010,石油樹脂,中國大陸,出口總值(含復出口),2752,1475685
2018-5,39111010,石油樹脂,巴西,出口總值(含復出口),57,64000
2018-5,39111010,石油樹脂,巴基斯坦,出口總值(含復出口),13,12000
2018-5,39111010,石油樹脂,日本,出口總值(含復出口),416,260000
2018-5,39111010,石油樹脂,加拿大,出口總值(含復出口),206,188000
2018-5,39111010,石油樹脂,伊朗,出口總值(含復出口),42,38000
2018-5,39111010,石油樹脂,印尼,出口總值(含復出口),525,380950
2018-5,39111010,石油樹脂,印度,出口總值(含復出口),730,724828
2018-5,39111010,石油樹脂,西班牙,出口總值(含復出口),244,176000
2018-5,39111010,石油樹脂,希臘,出口總值(含復出口),19,16000
2018-5,39111010,石油樹脂,沙烏地阿拉伯,出口總值(含復出口),80,64000
2018-5,39111010,石油樹脂,孟加拉,出口總值(含復出口),132,125375
2018-5,39111010,石油樹脂,波蘭,出口總值(含復出口),358,165500
2018-5,39111010,石油樹脂,法國,出口總值(含復出口),215,151000
2018-5,39111010,石油樹脂,俄羅斯,出口總值(含復出口),105,80000
2018-5,39111010,石油樹脂,南非,出口總值(含復出口),79,56000
2018-5,39111010,石油樹脂,南韓,出口總值(含復出口),220,188000
2018-5,39111010,石油樹脂,美國,出口總值(含復出口),950,675200
2018-5,39111010,石油樹脂,英國,出口總值(含復出口),111,102000
2018-5,39111010,石油樹脂,香港,出口總值(含復出口),12,4600
2018-5,39111010,石油樹脂,泰國,出口總值(含復出口),315,235500
2018-5,39111010,石油樹脂,秘魯,出口總值(含復出口),26,19000
2018-5,39111010,石油樹脂,馬來西亞,出口總值(含復出口),328,245000
2018-5,39111010,石油樹脂,荷蘭,出口總值(含復出口),428,469000
2018-5,39111010,石油樹脂,菲律賓,出口總值(含復出口),87,65125
2018-5,39111010,石油樹脂,越南,出口總值(含復出口),913,462415
2018-5,39111010,石油樹脂,新加坡,出口總值(含復出口),30,26000
2018-5,39111010,石油樹脂,瑞典,出口總值(含復出口),22,25000
2018-5,39111010,石油樹脂,義大利,出口總值(含復出口),82,38750
2018-5,39111010,石油樹脂,德國,出口總值(含復出口),415,166500
2018-5,39111010,石油樹脂,緬甸,出口總值(含復出口),165,133000
2018-5,39111010,石油樹脂,澳大利亞,出口總值(含復出口),162,106500
2018-5,39219010,玻璃纖維強化塑膠板、片及扁條,中國大陸,進口總值(含復進口),285,60271
2018-5,39219010,玻璃纖維強化塑膠板、片及扁條,日本,進口總值(含復進口),944,21485
2018-5,39219010,玻璃纖維強化塑膠板、片及扁條,法國,進口總值(含復進口),104,8770
2018-5,39219010,玻璃纖維強化塑膠板、片及扁條,南韓,進口總值(含復進口),422,67541
2018-5,39219010,玻璃纖維強化塑膠板、片及扁條,美國,進口總值(含復進口),215,5948
2018-5,39219010,玻璃纖維強化塑膠板、片及扁條,香港,進口總值(含復進口),9,56
2018-5,39219010,玻璃纖維強化塑膠板、片及扁條,泰國,進口總值(含復進口),256,19078
2018-5,39219010,玻璃纖維強化塑膠板、片及扁條,奧地利,進口總值(含復進口),1,23
2018-5,39219010,玻璃纖維強化塑膠板、片及扁條,德國,進口總值(含復進口),29,2970
2018-5,39219010,玻璃纖維強化塑膠板、片及扁條,中國大陸,出口總值(含復出口),289,21976
2018-5,39219010,玻璃纖維強化塑膠板、片及扁條,巴西,出口總值(含復出口),2,138
2018-5,39219010,玻璃纖維強化塑膠板、片及扁條,日本,出口總值(含復出口),215,27516
2018-5,39219010,玻璃纖維強化塑膠板、片及扁條,北馬里亞納群島,出口總值(含復出口),2,681
2018-5,39219010,玻璃纖維強化塑膠板、片及扁條,伊朗,出口總值(含復出口),4,382
2018-5,39219010,玻璃纖維強化塑膠板、片及扁條,印度,出口總值(含復出口),50,22838
2018-5,39219010,玻璃纖維強化塑膠板、片及扁條,阿拉伯聯合大公國,出口總值(含復出口),4,918
2018-5,39219010,玻璃纖維強化塑膠板、片及扁條,南韓,出口總值(含復出口),257,38467
2018-5,39219010,玻璃纖維強化塑膠板、片及扁條,美國,出口總值(含復出口),74,19528
2018-5,39219010,玻璃纖維強化塑膠板、片及扁條,香港,出口總值(含復出口),6,1394
2018-5,39219010,玻璃纖維強化塑膠板、片及扁條,泰國,出口總值(含復出口),1478,234180
2018-5,39219010,玻璃纖維強化塑膠板、片及扁條,馬來西亞,出口總值(含復出口),79,14846
2018-5,39219010,玻璃纖維強化塑膠板、片及扁條,荷蘭,出口總值(含復出口),47,1432
2018-5,39219010,玻璃纖維強化塑膠板、片及扁條,斯里蘭卡,出口總值(含復出口),10,500
2018-5,39219010,玻璃纖維強化塑膠板、片及扁條,菲律賓,出口總值(含復出口),14,2097
2018-5,39219010,玻璃纖維強化塑膠板、片及扁條,越南,出口總值(含復出口),370,43052
2018-5,39219010,玻璃纖維強化塑膠板、片及扁條,新加坡,出口總值(含復出口),4,82
2018-5,39219010,玻璃纖維強化塑膠板、片及扁條,葡萄牙,出口總值(含復出口),6,222
2018-5,39219010,玻璃纖維強化塑膠板、片及扁條,德國,出口總值(含復出口),410,57591
2018-6,39095000,聚胺基甲酸乙酯，初級狀態,中國大陸,進口總值(含復進口),3821,1000434
2018-6,39095000,聚胺基甲酸乙酯，初級狀態,中華民國,進口總值(含復進口),31,8095
2018-6,39095000,聚胺基甲酸乙酯，初級狀態,日本,進口總值(含復進口),1060,136755
2018-6,39095000,聚胺基甲酸乙酯，初級狀態,比利時,進口總值(含復進口),1,200
2018-6,39095000,聚胺基甲酸乙酯，初級狀態,西班牙,進口總值(含復進口),94,14080
2018-6,39095000,聚胺基甲酸乙酯，初級狀態,法國,進口總值(含復進口),14,2440
2018-6,39095000,聚胺基甲酸乙酯，初級狀態,南韓,進口總值(含復進口),143,45973
2018-6,39095000,聚胺基甲酸乙酯，初級狀態,美國,進口總值(含復進口),2534,273774
2018-6,39095000,聚胺基甲酸乙酯，初級狀態,英國,進口總值(含復進口),52,14720
2018-6,39095000,聚胺基甲酸乙酯，初級狀態,泰國,進口總值(含復進口),5,1340
2018-6,39095000,聚胺基甲酸乙酯，初級狀態,馬來西亞,進口總值(含復進口),1,288
2018-6,39095000,聚胺基甲酸乙酯，初級狀態,荷蘭,進口總值(含復進口),7,1540
2018-6,39095000,聚胺基甲酸乙酯，初級狀態,新加坡,進口總值(含復進口),65,19000
2018-6,39095000,聚胺基甲酸乙酯，初級狀態,瑞士,進口總值(含復進口),20,1320
2018-6,39095000,聚胺基甲酸乙酯，初級狀態,義大利,進口總值(含復進口),80,17875
2018-6,39095000,聚胺基甲酸乙酯，初級狀態,德國,進口總值(含復進口),1010,132520
2018-6,39095000,聚胺基甲酸乙酯，初級狀態,澳大利亞,進口總值(含復進口),75,11680
2018-6,39095000,聚胺基甲酸乙酯，初級狀態,土耳其,出口總值(含復出口),238,79000
2018-6,39095000,聚胺基甲酸乙酯，初級狀態,中國大陸,出口總值(含復出口),12483,3458294
2018-6,39095000,聚胺基甲酸乙酯，初級狀態,巴西,出口總值(含復出口),644,196975
2018-6,39095000,聚胺基甲酸乙酯，初級狀態,巴基斯坦,出口總值(含復出口),41,14634
2018-6,39095000,聚胺基甲酸乙酯，初級狀態,日本,出口總值(含復出口),172,39360
2018-6,39095000,聚胺基甲酸乙酯，初級狀態,伊朗,出口總值(含復出口),112,29600
2018-6,39095000,聚胺基甲酸乙酯，初級狀態,印尼,出口總值(含復出口),1151,288417
2018-6,39095000,聚胺基甲酸乙酯，初級狀態,印度,出口總值(含復出口),627,189600
2018-6,39095000,聚胺基甲酸乙酯，初級狀態,西班牙,出口總值(含復出口),223,90000
2018-6,39095000,聚胺基甲酸乙酯，初級狀態,沙烏地阿拉伯,出口總值(含復出口),94,20539
2018-6,39095000,聚胺基甲酸乙酯，初級狀態,孟加拉,出口總值(含復出口),125,55242
2018-6,39095000,聚胺基甲酸乙酯，初級狀態,阿根廷,出口總值(含復出口),58,16000
2018-6,39095000,聚胺基甲酸乙酯，初級狀態,南韓,出口總值(含復出口),1316,316975
2018-6,39095000,聚胺基甲酸乙酯，初級狀態,柬埔寨,出口總值(含復出口),20,6102
2018-6,39095000,聚胺基甲酸乙酯，初級狀態,美國,出口總值(含復出口),365,75987
2018-6,39095000,聚胺基甲酸乙酯，初級狀態,香港,出口總值(含復出口),725,268066
2018-6,39095000,聚胺基甲酸乙酯，初級狀態,哥倫比亞,出口總值(含復出口),2,200
2018-6,39095000,聚胺基甲酸乙酯，初級狀態,埃及,出口總值(含復出口),28,17000
2018-6,39095000,聚胺基甲酸乙酯，初級狀態,泰國,出口總值(含復出口),865,305073
2018-6,39095000,聚胺基甲酸乙酯，初級狀態,烏拉圭,出口總值(含復出口),74,30000
2018-6,39095000,聚胺基甲酸乙酯，初級狀態,秘魯,出口總值(含復出口),11,5220
2018-6,39095000,聚胺基甲酸乙酯，初級狀態,馬來西亞,出口總值(含復出口),299,111054
2018-6,39095000,聚胺基甲酸乙酯，初級狀態,荷蘭,出口總值(含復出口),18,4000
2018-6,39095000,聚胺基甲酸乙酯，初級狀態,斐濟,出口總值(含復出口),5,270
2018-6,39095000,聚胺基甲酸乙酯，初級狀態,斯里蘭卡,出口總值(含復出口),8,1600
2018-6,39095000,聚胺基甲酸乙酯，初級狀態,斯洛維尼亞,出口總值(含復出口),7,2000
2018-6,39095000,聚胺基甲酸乙酯，初級狀態,智利,出口總值(含復出口),83,31440
2018-6,39095000,聚胺基甲酸乙酯，初級狀態,菲律賓,出口總值(含復出口),149,60210
2018-6,39095000,聚胺基甲酸乙酯，初級狀態,越南,出口總值(含復出口),7396,2182439
2018-6,39095000,聚胺基甲酸乙酯，初級狀態,新加坡,出口總值(含復出口),69,20335
2018-6,39095000,聚胺基甲酸乙酯，初級狀態,瑞典,出口總值(含復出口),4,1075
2018-6,39095000,聚胺基甲酸乙酯，初級狀態,義大利,出口總值(含復出口),108,35000
2018-6,39095000,聚胺基甲酸乙酯，初級狀態,摩洛哥,出口總值(含復出口),28,8000
2018-6,39095000,聚胺基甲酸乙酯，初級狀態,墨西哥,出口總值(含復出口),16,2720
2018-6,39100010,矽油,中國大陸,進口總值(含復進口),3498,771942
2018-6,39100010,矽油,日本,進口總值(含復進口),2666,533357
2018-6,39100010,矽油,比利時,進口總值(含復進口),1,100
2018-6,39100010,矽油,法國,進口總值(含復進口),32,4400
2018-6,39100010,矽油,南韓,進口總值(含復進口),92,4550
2018-6,39100010,矽油,美國,進口總值(含復進口),434,27252
2018-6,39100010,矽油,英國,進口總值(含復進口),42,7310
2018-6,39100010,矽油,泰國,進口總值(含復進口),215,60480
2018-6,39100010,矽油,馬來西亞,進口總值(含復進口),20,2800
2018-6,39100010,矽油,德國,進口總值(含復進口),29,3935
2018-6,39100010,矽油,中國大陸,出口總值(含復出口),862,90939
2018-6,39100010,矽油,厄瓜多,出口總值(含復出口),4,69
2018-6,39100010,矽油,以色列,出口總值(含復出口),1,16
2018-6,39100010,矽油,印尼,出口總值(含復出口),41,10900
2018-6,39100010,矽油,衣索比亞,出口總值(含復出口),21,8160
2018-6,39100010,矽油,孟加拉,出口總值(含復出口),23,16760
2018-6,39100010,矽油,阿根廷,出口總值(含復出口),0,11
2018-6,39100010,矽油,南非,出口總值(含復出口),0,12
2018-6,39100010,矽油,香港,出口總值(含復出口),4,324
2018-6,39100010,矽油,菲律賓,出口總值(含復出口),1,5
2018-6,39100010,矽油,越南,出口總值(含復出口),96,29370
2018-6,39111010,石油樹脂,中國大陸,進口總值(含復進口),1700,901200
2018-6,39111010,石油樹脂,中華民國,進口總值(含復進口),3,3000
2018-6,39111010,石油樹脂,日本,進口總值(含復進口),500,185130
2018-6,39111010,石油樹脂,印尼,進口總值(含復進口),116,72000
2018-6,39111010,石油樹脂,法國,進口總值(含復進口),230,88250
2018-6,39111010,石油樹脂,南韓,進口總值(含復進口),121,49500
2018-6,39111010,石油樹脂,美國,進口總值(含復進口),134,41268
2018-6,39111010,石油樹脂,泰國,進口總值(含復進口),196,96000
2018-6,39111010,石油樹脂,新加坡,進口總值(含復進口),132,68625
2018-6,39111010,石油樹脂,土耳其,出口總值(含復出口),179,149000
2018-6,39111010,石油樹脂,中國大陸,出口總值(含復出口),3067,1595128
2018-6,39111010,石油樹脂,巴西,出口總值(含復出口),70,64000
2018-6,39111010,石油樹脂,日本,出口總值(含復出口),583,338000
2018-6,39111010,石油樹脂,加拿大,出口總值(含復出口),179,138000
2018-6,39111010,石油樹脂,伊朗,出口總值(含復出口),117,95000
2018-6,39111010,石油樹脂,匈牙利,出口總值(含復出口),43,32000
2018-6,39111010,石油樹脂,印尼,出口總值(含復出口),817,466750
2018-6,39111010,石油樹脂,印度,出口總值(含復出口),658,629800
2018-6,39111010,石油樹脂,西班牙,出口總值(含復出口),618,476000
2018-6,39111010,石油樹脂,沙烏地阿拉伯,出口總值(含復出口),86,64000
2018-6,39111010,石油樹脂,孟加拉,出口總值(含復出口),98,96750
2018-6,39111010,石油樹脂,波蘭,出口總值(含復出口),388,200750
2018-6,39111010,石油樹脂,法國,出口總值(含復出口),58,30000
2018-6,39111010,石油樹脂,俄羅斯,出口總值(含復出口),52,35000
2018-6,39111010,石油樹脂,南韓,出口總值(含復出口),187,142000
2018-6,39111010,石油樹脂,柬埔寨,出口總值(含復出口),24,16000
2018-6,39111010,石油樹脂,美國,出口總值(含復出口),834,647600
2018-6,39111010,石油樹脂,英國,出口總值(含復出口),57,48000
2018-6,39111010,石油樹脂,香港,出口總值(含復出口),57,13250
2018-6,39111010,石油樹脂,泰國,出口總值(含復出口),487,354000
2018-6,39111010,石油樹脂,馬來西亞,出口總值(含復出口),268,196000
2018-6,39111010,石油樹脂,荷蘭,出口總值(含復出口),336,375000
2018-6,39111010,石油樹脂,斯里蘭卡,出口總值(含復出口),14,9000
2018-6,39111010,石油樹脂,菲律賓,出口總值(含復出口),43,30600
2018-6,39111010,石油樹脂,越南,出口總值(含復出口),454,292065
2018-6,39111010,石油樹脂,新加坡,出口總值(含復出口),56,51500
2018-6,39111010,石油樹脂,瑞典,出口總值(含復出口),74,60000
2018-6,39111010,石油樹脂,義大利,出口總值(含復出口),55,22750
2018-6,39111010,石油樹脂,德國,出口總值(含復出口),270,128250
2018-6,39111010,石油樹脂,緬甸,出口總值(含復出口),138,114000
2018-6,39111010,石油樹脂,澳大利亞,出口總值(含復出口),131,85500
2018-6,39219010,玻璃纖維強化塑膠板、片及扁條,中國大陸,進口總值(含復進口),327,65849
2018-6,39219010,玻璃纖維強化塑膠板、片及扁條,中華民國,進口總值(含復進口),9,1503
2018-6,39219010,玻璃纖維強化塑膠板、片及扁條,日本,進口總值(含復進口),1781,93741
2018-6,39219010,玻璃纖維強化塑膠板、片及扁條,南韓,進口總值(含復進口),447,74061
2018-6,39219010,玻璃纖維強化塑膠板、片及扁條,美國,進口總值(含復進口),128,4512
2018-6,39219010,玻璃纖維強化塑膠板、片及扁條,香港,進口總值(含復進口),2,14
2018-6,39219010,玻璃纖維強化塑膠板、片及扁條,泰國,進口總值(含復進口),167,10986
2018-6,39219010,玻璃纖維強化塑膠板、片及扁條,馬來西亞,進口總值(含復進口),58,5310
2018-6,39219010,玻璃纖維強化塑膠板、片及扁條,奧地利,進口總值(含復進口),2,69
2018-6,39219010,玻璃纖維強化塑膠板、片及扁條,愛爾蘭,進口總值(含復進口),13,1046
2018-6,39219010,玻璃纖維強化塑膠板、片及扁條,德國,進口總值(含復進口),30,3072
2018-6,39219010,玻璃纖維強化塑膠板、片及扁條,墨西哥,進口總值(含復進口),25,464
2018-6,39219010,玻璃纖維強化塑膠板、片及扁條,羅馬尼亞,進口總值(含復進口),1,62
2018-6,39219010,玻璃纖維強化塑膠板、片及扁條,中國大陸,出口總值(含復出口),403,23115
2018-6,39219010,玻璃纖維強化塑膠板、片及扁條,日本,出口總值(含復出口),262,38636
2018-6,39219010,玻璃纖維強化塑膠板、片及扁條,瓜地馬拉,出口總值(含復出口),0,32
2018-6,39219010,玻璃纖維強化塑膠板、片及扁條,立陶宛,出口總值(含復出口),11,2426
2018-6,39219010,玻璃纖維強化塑膠板、片及扁條,印度,出口總值(含復出口),43,4962
2018-6,39219010,玻璃纖維強化塑膠板、片及扁條,宏都拉斯,出口總值(含復出口),0,152
2018-6,39219010,玻璃纖維強化塑膠板、片及扁條,沙烏地阿拉伯,出口總值(含復出口),119,6765
2018-6,39219010,玻璃纖維強化塑膠板、片及扁條,南韓,出口總值(含復出口),281,43114
2018-6,39219010,玻璃纖維強化塑膠板、片及扁條,美國,出口總值(含復出口),58,18660
2018-6,39219010,玻璃纖維強化塑膠板、片及扁條,英國,出口總值(含復出口),2,21
2018-6,39219010,玻璃纖維強化塑膠板、片及扁條,香港,出口總值(含復出口),17,2100
2018-6,39219010,玻璃纖維強化塑膠板、片及扁條,泰國,出口總值(含復出口),1452,247014
2018-6,39219010,玻璃纖維強化塑膠板、片及扁條,馬來西亞,出口總值(含復出口),14,2908
2018-6,39219010,玻璃纖維強化塑膠板、片及扁條,馬紹爾群島,出口總值(含復出口),1,534
2018-6,39219010,玻璃纖維強化塑膠板、片及扁條,捷克,出口總值(含復出口),2,24
2018-6,39219010,玻璃纖維強化塑膠板、片及扁條,荷蘭,出口總值(含復出口),57,1595
2018-6,39219010,玻璃纖維強化塑膠板、片及扁條,菲律賓,出口總值(含復出口),102,3794
2018-6,39219010,玻璃纖維強化塑膠板、片及扁條,越南,出口總值(含復出口),284,34427
2018-6,39219010,玻璃纖維強化塑膠板、片及扁條,新加坡,出口總值(含復出口),41,5737
2018-6,39219010,玻璃纖維強化塑膠板、片及扁條,瑞士,出口總值(含復出口),8,397
2018-6,39219010,玻璃纖維強化塑膠板、片及扁條,義大利,出口總值(含復出口),20,1930
2018-6,39219010,玻璃纖維強化塑膠板、片及扁條,葡萄牙,出口總值(含復出口),6,210
2018-6,39219010,玻璃纖維強化塑膠板、片及扁條,德國,出口總值(含復出口),116,16644
2018-6,39219010,玻璃纖維強化塑膠板、片及扁條,墨西哥,出口總值(含復出口),3,1640
2018-6,39219010,玻璃纖維強化塑膠板、片及扁條,諾魯,出口總值(含復出口),2,250
2018-6,39219010,玻璃纖維強化塑膠板、片及扁條,薩摩亞,出口總值(含復出口),2,150
2018-7,39095000,聚胺基甲酸乙酯，初級狀態,中國大陸,進口總值(含復進口),4856,1298531
2018-7,39095000,聚胺基甲酸乙酯，初級狀態,中華民國,進口總值(含復進口),4,470
2018-7,39095000,聚胺基甲酸乙酯，初級狀態,日本,進口總值(含復進口),1251,182000
2018-7,39095000,聚胺基甲酸乙酯，初級狀態,印度,進口總值(含復進口),64,16800
2018-7,39095000,聚胺基甲酸乙酯，初級狀態,西班牙,進口總值(含復進口),339,45465
2018-7,39095000,聚胺基甲酸乙酯，初級狀態,法國,進口總值(含復進口),5,1680
2018-7,39095000,聚胺基甲酸乙酯，初級狀態,南韓,進口總值(含復進口),162,49333
2018-7,39095000,聚胺基甲酸乙酯，初級狀態,美國,進口總值(含復進口),2047,232857
2018-7,39095000,聚胺基甲酸乙酯，初級狀態,英國,進口總值(含復進口),43,7200
2018-7,39095000,聚胺基甲酸乙酯，初級狀態,香港,進口總值(含復進口),11,2520
2018-7,39095000,聚胺基甲酸乙酯，初級狀態,馬來西亞,進口總值(含復進口),64,25980
2018-7,39095000,聚胺基甲酸乙酯，初級狀態,荷蘭,進口總值(含復進口),106,20390
2018-7,39095000,聚胺基甲酸乙酯，初級狀態,新加坡,進口總值(含復進口),103,27050
2018-7,39095000,聚胺基甲酸乙酯，初級狀態,瑞士,進口總值(含復進口),12,1960
2018-7,39095000,聚胺基甲酸乙酯，初級狀態,義大利,進口總值(含復進口),155,43085
2018-7,39095000,聚胺基甲酸乙酯，初級狀態,德國,進口總值(含復進口),1547,252696
2018-7,39095000,聚胺基甲酸乙酯，初級狀態,墨西哥,進口總值(含復進口),6,800
2018-7,39095000,聚胺基甲酸乙酯，初級狀態,澳大利亞,進口總值(含復進口),25,3840
2018-7,39095000,聚胺基甲酸乙酯，初級狀態,土耳其,出口總值(含復出口),22,6960
2018-7,39095000,聚胺基甲酸乙酯，初級狀態,中國大陸,出口總值(含復出口),10789,3086711
2018-7,39095000,聚胺基甲酸乙酯，初級狀態,厄瓜多,出口總值(含復出口),25,4000
2018-7,39095000,聚胺基甲酸乙酯，初級狀態,巴西,出口總值(含復出口),204,55930
2018-7,39095000,聚胺基甲酸乙酯，初級狀態,巴基斯坦,出口總值(含復出口),53,13972
2018-7,39095000,聚胺基甲酸乙酯，初級狀態,日本,出口總值(含復出口),133,30880
2018-7,39095000,聚胺基甲酸乙酯，初級狀態,伊朗,出口總值(含復出口),391,100500
2018-7,39095000,聚胺基甲酸乙酯，初級狀態,印尼,出口總值(含復出口),1748,499869
2018-7,39095000,聚胺基甲酸乙酯，初級狀態,印度,出口總值(含復出口),910,282910
2018-7,39095000,聚胺基甲酸乙酯，初級狀態,西班牙,出口總值(含復出口),153,57300
2018-7,39095000,聚胺基甲酸乙酯，初級狀態,沙烏地阿拉伯,出口總值(含復出口),50,11036
2018-7,39095000,聚胺基甲酸乙酯，初級狀態,孟加拉,出口總值(含復出口),158,56210
2018-7,39095000,聚胺基甲酸乙酯，初級狀態,波蘭,出口總值(含復出口),20,5000
2018-7,39095000,聚胺基甲酸乙酯，初級狀態,法國,出口總值(含復出口),23,5118
2018-7,39095000,聚胺基甲酸乙酯，初級狀態,肯亞,出口總值(含復出口),10,3000
2018-7,39095000,聚胺基甲酸乙酯，初級狀態,阿拉伯聯合大公國,出口總值(含復出口),38,10220
2018-7,39095000,聚胺基甲酸乙酯，初級狀態,阿根廷,出口總值(含復出口),50,15000
2018-7,39095000,聚胺基甲酸乙酯，初級狀態,俄羅斯,出口總值(含復出口),79,28440
2018-7,39095000,聚胺基甲酸乙酯，初級狀態,南韓,出口總值(含復出口),1499,378060
2018-7,39095000,聚胺基甲酸乙酯，初級狀態,柬埔寨,出口總值(含復出口),46,13049
2018-7,39095000,聚胺基甲酸乙酯，初級狀態,美國,出口總值(含復出口),240,47563
2018-7,39095000,聚胺基甲酸乙酯，初級狀態,香港,出口總值(含復出口),716,231440
2018-7,39095000,聚胺基甲酸乙酯，初級狀態,哥倫比亞,出口總值(含復出口),59,16050
2018-7,39095000,聚胺基甲酸乙酯，初級狀態,泰國,出口總值(含復出口),967,368953
2018-7,39095000,聚胺基甲酸乙酯，初級狀態,烏拉圭,出口總值(含復出口),74,30000
2018-7,39095000,聚胺基甲酸乙酯，初級狀態,秘魯,出口總值(含復出口),3,600
2018-7,39095000,聚胺基甲酸乙酯，初級狀態,紐西蘭,出口總值(含復出口),6,480
2018-7,39095000,聚胺基甲酸乙酯，初級狀態,馬來西亞,出口總值(含復出口),301,102326
2018-7,39095000,聚胺基甲酸乙酯，初級狀態,莫三比克,出口總值(含復出口),8,450
2018-7,39095000,聚胺基甲酸乙酯，初級狀態,荷蘭,出口總值(含復出口),35,8200
2018-7,39095000,聚胺基甲酸乙酯，初級狀態,菲律賓,出口總值(含復出口),18,12870
2018-7,39095000,聚胺基甲酸乙酯，初級狀態,越南,出口總值(含復出口),7193,2025437
2018-7,39095000,聚胺基甲酸乙酯，初級狀態,新加坡,出口總值(含復出口),74,22400
2018-7,39095000,聚胺基甲酸乙酯，初級狀態,瑞典,出口總值(含復出口),9,2125
2018-7,39095000,聚胺基甲酸乙酯，初級狀態,義大利,出口總值(含復出口),4,1100
2018-7,39095000,聚胺基甲酸乙酯，初級狀態,德國,出口總值(含復出口),109,22500
2018-7,39095000,聚胺基甲酸乙酯，初級狀態,緬甸,出口總值(含復出口),43,30024
2018-7,39095000,聚胺基甲酸乙酯，初級狀態,墨西哥,出口總值(含復出口),32,8910
2018-7,39095000,聚胺基甲酸乙酯，初級狀態,澳門,出口總值(含復出口),12,3840
2018-7,39095000,聚胺基甲酸乙酯，初級狀態,蘇丹,出口總值(含復出口),8,3600
2018-7,39100010,矽油,中國大陸,進口總值(含復進口),3814,812493
2018-7,39100010,矽油,日本,進口總值(含復進口),2257,377064
2018-7,39100010,矽油,比利時,進口總值(含復進口),0,20
2018-7,39100010,矽油,加拿大,進口總值(含復進口),23,1200
2018-7,39100010,矽油,印度,進口總值(含復進口),27,2970
2018-7,39100010,矽油,法國,進口總值(含復進口),179,32000
2018-7,39100010,矽油,南韓,進口總值(含復進口),95,3320
2018-7,39100010,矽油,美國,進口總值(含復進口),317,29998
2018-7,39100010,矽油,英國,進口總值(含復進口),422,80376
2018-7,39100010,矽油,泰國,進口總值(含復進口),100,17820
2018-7,39100010,矽油,德國,進口總值(含復進口),429,39010
2018-7,39100010,矽油,中國大陸,出口總值(含復出口),845,95426
2018-7,39100010,矽油,巴基斯坦,出口總值(含復出口),10,5800
2018-7,39100010,矽油,印尼,出口總值(含復出口),16,1200
2018-7,39100010,矽油,孟加拉,出口總值(含復出口),7,4116
2018-7,39100010,矽油,南非,出口總值(含復出口),13,1500
2018-7,39100010,矽油,香港,出口總值(含復出口),22,2980
2018-7,39100010,矽油,泰國,出口總值(含復出口),7,1000
2018-7,39100010,矽油,秘魯,出口總值(含復出口),3,49
2018-7,39100010,矽油,馬來西亞,出口總值(含復出口),27,2400
2018-7,39100010,矽油,越南,出口總值(含復出口),32,8319
2018-7,39100010,矽油,新加坡,出口總值(含復出口),20,4000
2018-7,39111010,石油樹脂,中國大陸,進口總值(含復進口),2523,1360739
2018-7,39111010,石油樹脂,日本,進口總值(含復進口),1304,520840
2018-7,39111010,石油樹脂,印尼,進口總值(含復進口),58,36000
2018-7,39111010,石油樹脂,法國,進口總值(含復進口),180,72000
2018-7,39111010,石油樹脂,南韓,進口總值(含復進口),253,100400
2018-7,39111010,石油樹脂,美國,進口總值(含復進口),268,83175
2018-7,39111010,石油樹脂,泰國,進口總值(含復進口),510,235000
2018-7,39111010,石油樹脂,荷蘭,進口總值(含復進口),2,180
2018-7,39111010,石油樹脂,新加坡,進口總值(含復進口),85,47250
2018-7,39111010,石油樹脂,德國,進口總值(含復進口),29,10000
2018-7,39111010,石油樹脂,土耳其,出口總值(含復出口),251,174750
2018-7,39111010,石油樹脂,中國大陸,出口總值(含復出口),4280,2147365
2018-7,39111010,石油樹脂,厄瓜多,出口總值(含復出口),21,16000
2018-7,39111010,石油樹脂,巴西,出口總值(含復出口),31,25000
2018-7,39111010,石油樹脂,日本,出口總值(含復出口),531,300500
2018-7,39111010,石油樹脂,加拿大,出口總值(含復出口),189,172000
2018-7,39111010,石油樹脂,伊朗,出口總值(含復出口),88,76000
2018-7,39111010,石油樹脂,印尼,出口總值(含復出口),533,362400
2018-7,39111010,石油樹脂,印度,出口總值(含復出口),437,347400
2018-7,39111010,石油樹脂,西班牙,出口總值(含復出口),71,28000
2018-7,39111010,石油樹脂,沙烏地阿拉伯,出口總值(含復出口),83,64000
2018-7,39111010,石油樹脂,孟加拉,出口總值(含復出口),56,55000
2018-7,39111010,石油樹脂,波蘭,出口總值(含復出口),173,86750
2018-7,39111010,石油樹脂,法國,出口總值(含復出口),369,274000
2018-7,39111010,石油樹脂,俄羅斯,出口總值(含復出口),73,51000
2018-7,39111010,石油樹脂,南非,出口總值(含復出口),49,40000
2018-7,39111010,石油樹脂,南韓,出口總值(含復出口),222,181000
2018-7,39111010,石油樹脂,美國,出口總值(含復出口),655,498200
2018-7,39111010,石油樹脂,英國,出口總值(含復出口),118,101000
2018-7,39111010,石油樹脂,香港,出口總值(含復出口),23,450
2018-7,39111010,石油樹脂,哥倫比亞,出口總值(含復出口),22,16000
2018-7,39111010,石油樹脂,泰國,出口總值(含復出口),365,284500
2018-7,39111010,石油樹脂,馬來西亞,出口總值(含復出口),345,254500
2018-7,39111010,石油樹脂,荷蘭,出口總值(含復出口),278,264000
2018-7,39111010,石油樹脂,斯里蘭卡,出口總值(含復出口),4,3000
2018-7,39111010,石油樹脂,菲律賓,出口總值(含復出口),23,19000
2018-7,39111010,石油樹脂,越南,出口總值(含復出口),573,301925
2018-7,39111010,石油樹脂,新加坡,出口總值(含復出口),19,16000
2018-7,39111010,石油樹脂,瑞典,出口總值(含復出口),24,25000
2018-7,39111010,石油樹脂,義大利,出口總值(含復出口),113,66750
2018-7,39111010,石油樹脂,德國,出口總值(含復出口),68,56000
2018-7,39111010,石油樹脂,緬甸,出口總值(含復出口),169,133000
2018-7,39111010,石油樹脂,澳大利亞,出口總值(含復出口),83,61000
2018-7,39219010,玻璃纖維強化塑膠板、片及扁條,中國大陸,進口總值(含復進口),441,40267
2018-7,39219010,玻璃纖維強化塑膠板、片及扁條,日本,進口總值(含復進口),1602,53551
2018-7,39219010,玻璃纖維強化塑膠板、片及扁條,法國,進口總值(含復進口),1,1
2018-7,39219010,玻璃纖維強化塑膠板、片及扁條,南韓,進口總值(含復進口),1276,64315
2018-7,39219010,玻璃纖維強化塑膠板、片及扁條,美國,進口總值(含復進口),319,3896
2018-7,39219010,玻璃纖維強化塑膠板、片及扁條,英國,進口總值(含復進口),0,3
2018-7,39219010,玻璃纖維強化塑膠板、片及扁條,香港,進口總值(含復進口),24,102
2018-7,39219010,玻璃纖維強化塑膠板、片及扁條,泰國,進口總值(含復進口),205,15449
2018-7,39219010,玻璃纖維強化塑膠板、片及扁條,奧地利,進口總值(含復進口),2,56
2018-7,39219010,玻璃纖維強化塑膠板、片及扁條,愛爾蘭,進口總值(含復進口),2,19
2018-7,39219010,玻璃纖維強化塑膠板、片及扁條,中國大陸,出口總值(含復出口),400,26923
2018-7,39219010,玻璃纖維強化塑膠板、片及扁條,巴西,出口總值(含復出口),2,269
2018-7,39219010,玻璃纖維強化塑膠板、片及扁條,日本,出口總值(含復出口),122,17009
2018-7,39219010,玻璃纖維強化塑膠板、片及扁條,以色列,出口總值(含復出口),10,179
2018-7,39219010,玻璃纖維強化塑膠板、片及扁條,瓜地馬拉,出口總值(含復出口),1,817
2018-7,39219010,玻璃纖維強化塑膠板、片及扁條,立陶宛,出口總值(含復出口),14,2922
2018-7,39219010,玻璃纖維強化塑膠板、片及扁條,伊朗,出口總值(含復出口),10,535
2018-7,39219010,玻璃纖維強化塑膠板、片及扁條,印尼,出口總值(含復出口),0,8
2018-7,39219010,玻璃纖維強化塑膠板、片及扁條,印度,出口總值(含復出口),38,10365
2018-7,39219010,玻璃纖維強化塑膠板、片及扁條,保加利亞,出口總值(含復出口),10,172
2018-7,39219010,玻璃纖維強化塑膠板、片及扁條,南韓,出口總值(含復出口),198,34433
2018-7,39219010,玻璃纖維強化塑膠板、片及扁條,美國,出口總值(含復出口),109,20831
2018-7,39219010,玻璃纖維強化塑膠板、片及扁條,香港,出口總值(含復出口),6,1384
2018-7,39219010,玻璃纖維強化塑膠板、片及扁條,泰國,出口總值(含復出口),1608,274912
2018-7,39219010,玻璃纖維強化塑膠板、片及扁條,馬來西亞,出口總值(含復出口),95,14685
2018-7,39219010,玻璃纖維強化塑膠板、片及扁條,荷蘭,出口總值(含復出口),2,270
2018-7,39219010,玻璃纖維強化塑膠板、片及扁條,菲律賓,出口總值(含復出口),1,700
2018-7,39219010,玻璃纖維強化塑膠板、片及扁條,越南,出口總值(含復出口),306,33970
2018-7,39219010,玻璃纖維強化塑膠板、片及扁條,新加坡,出口總值(含復出口),9,680
2018-7,39219010,玻璃纖維強化塑膠板、片及扁條,瑞士,出口總值(含復出口),11,510
2018-7,39219010,玻璃纖維強化塑膠板、片及扁條,德國,出口總值(含復出口),241,36998
2018-7,39219010,玻璃纖維強化塑膠板、片及扁條,澳大利亞,出口總值(含復出口),3,68
2018-7,39219010,玻璃纖維強化塑膠板、片及扁條,賴索托,出口總值(含復出口),0,6
2018-7,39219010,玻璃纖維強化塑膠板、片及扁條,薩爾瓦多,出口總值(含復出口),0,72
2018-8,39095000,聚胺基甲酸乙酯，初級狀態,中國大陸,進口總值(含復進口),3443,925399
2018-8,39095000,聚胺基甲酸乙酯，初級狀態,中華民國,進口總值(含復進口),7,2120
2018-8,39095000,聚胺基甲酸乙酯，初級狀態,日本,進口總值(含復進口),1374,177835
2018-8,39095000,聚胺基甲酸乙酯，初級狀態,比利時,進口總值(含復進口),31,5000
2018-8,39095000,聚胺基甲酸乙酯，初級狀態,印度,進口總值(含復進口),40,7200
2018-8,39095000,聚胺基甲酸乙酯，初級狀態,西班牙,進口總值(含復進口),192,47761
2018-8,39095000,聚胺基甲酸乙酯，初級狀態,法國,進口總值(含復進口),207,21840
2018-8,39095000,聚胺基甲酸乙酯，初級狀態,南韓,進口總值(含復進口),26,4436
2018-8,39095000,聚胺基甲酸乙酯，初級狀態,美國,進口總值(含復進口),2385,263888
2018-8,39095000,聚胺基甲酸乙酯，初級狀態,英國,進口總值(含復進口),24,6100
2018-8,39095000,聚胺基甲酸乙酯，初級狀態,泰國,進口總值(含復進口),16,4080
2018-8,39095000,聚胺基甲酸乙酯，初級狀態,馬來西亞,進口總值(含復進口),15,1836
2018-8,39095000,聚胺基甲酸乙酯，初級狀態,荷蘭,進口總值(含復進口),17,1550
2018-8,39095000,聚胺基甲酸乙酯，初級狀態,越南,進口總值(含復進口),3,499
2018-8,39095000,聚胺基甲酸乙酯，初級狀態,新加坡,進口總值(含復進口),62,15270
2018-8,39095000,聚胺基甲酸乙酯，初級狀態,瑞士,進口總值(含復進口),53,11000
2018-8,39095000,聚胺基甲酸乙酯，初級狀態,義大利,進口總值(含復進口),178,42966
2018-8,39095000,聚胺基甲酸乙酯，初級狀態,德國,進口總值(含復進口),1155,167278
2018-8,39095000,聚胺基甲酸乙酯，初級狀態,墨西哥,進口總值(含復進口),20,2800
2018-8,39095000,聚胺基甲酸乙酯，初級狀態,澳大利亞,進口總值(含復進口),7,900
2018-8,39095000,聚胺基甲酸乙酯，初級狀態,土耳其,出口總值(含復出口),96,32680
2018-8,39095000,聚胺基甲酸乙酯，初級狀態,中國大陸,出口總值(含復出口),10447,3036605
2018-8,39095000,聚胺基甲酸乙酯，初級狀態,巴西,出口總值(含復出口),234,64200
2018-8,39095000,聚胺基甲酸乙酯，初級狀態,日本,出口總值(含復出口),380,81512
2018-8,39095000,聚胺基甲酸乙酯，初級狀態,比利時,出口總值(含復出口),68,25200
2018-8,39095000,聚胺基甲酸乙酯，初級狀態,伊朗,出口總值(含復出口),63,16250
2018-8,39095000,聚胺基甲酸乙酯，初級狀態,印尼,出口總值(含復出口),1062,300623
2018-8,39095000,聚胺基甲酸乙酯，初級狀態,印度,出口總值(含復出口),651,205108
2018-8,39095000,聚胺基甲酸乙酯，初級狀態,西班牙,出口總值(含復出口),185,75000
2018-8,39095000,聚胺基甲酸乙酯，初級狀態,孟加拉,出口總值(含復出口),148,51730
2018-8,39095000,聚胺基甲酸乙酯，初級狀態,波蘭,出口總值(含復出口),54,12275
2018-8,39095000,聚胺基甲酸乙酯，初級狀態,法國,出口總值(含復出口),14,3352
2018-8,39095000,聚胺基甲酸乙酯，初級狀態,阿根廷,出口總值(含復出口),54,16000
2018-8,39095000,聚胺基甲酸乙酯，初級狀態,俄羅斯,出口總值(含復出口),8,1600
2018-8,39095000,聚胺基甲酸乙酯，初級狀態,南韓,出口總值(含復出口),1357,336310
2018-8,39095000,聚胺基甲酸乙酯，初級狀態,柬埔寨,出口總值(含復出口),18,6098
2018-8,39095000,聚胺基甲酸乙酯，初級狀態,約旦,出口總值(含復出口),49,17000
2018-8,39095000,聚胺基甲酸乙酯，初級狀態,美國,出口總值(含復出口),157,30520
2018-8,39095000,聚胺基甲酸乙酯，初級狀態,香港,出口總值(含復出口),825,281048
2018-8,39095000,聚胺基甲酸乙酯，初級狀態,泰國,出口總值(含復出口),427,131872
2018-8,39095000,聚胺基甲酸乙酯，初級狀態,馬來西亞,出口總值(含復出口),462,166330
2018-8,39095000,聚胺基甲酸乙酯，初級狀態,敘利亞,出口總值(含復出口),51,16250
2018-8,39095000,聚胺基甲酸乙酯，初級狀態,荷蘭,出口總值(含復出口),92,21100
2018-8,39095000,聚胺基甲酸乙酯，初級狀態,斯里蘭卡,出口總值(含復出口),4,600
2018-8,39095000,聚胺基甲酸乙酯，初級狀態,菲律賓,出口總值(含復出口),86,31764
2018-8,39095000,聚胺基甲酸乙酯，初級狀態,越南,出口總值(含復出口),8088,2098194
2018-8,39095000,聚胺基甲酸乙酯，初級狀態,新加坡,出口總值(含復出口),32,10200
2018-8,39095000,聚胺基甲酸乙酯，初級狀態,義大利,出口總值(含復出口),221,85000
2018-8,39095000,聚胺基甲酸乙酯，初級狀態,德國,出口總值(含復出口),2,502
2018-8,39095000,聚胺基甲酸乙酯，初級狀態,墨西哥,出口總值(含復出口),32,9500
2018-8,39095000,聚胺基甲酸乙酯，初級狀態,澳門,出口總值(含復出口),47,22965
2018-8,39100010,矽油,中國大陸,進口總值(含復進口),1560,293873
2018-8,39100010,矽油,日本,進口總值(含復進口),1881,295649
2018-8,39100010,矽油,比利時,進口總值(含復進口),12,1380
2018-8,39100010,矽油,加拿大,進口總值(含復進口),17,1240
2018-8,39100010,矽油,南韓,進口總值(含復進口),81,24871
2018-8,39100010,矽油,美國,進口總值(含復進口),456,35990
2018-8,39100010,矽油,英國,進口總值(含復進口),272,50282
2018-8,39100010,矽油,泰國,進口總值(含復進口),130,30980
2018-8,39100010,矽油,馬來西亞,進口總值(含復進口),31,4800
2018-8,39100010,矽油,荷蘭,進口總值(含復進口),1,120
2018-8,39100010,矽油,德國,進口總值(含復進口),163,21720
2018-8,39100010,矽油,中國大陸,出口總值(含復出口),863,93757
2018-8,39100010,矽油,日本,出口總值(含復出口),0,135
2018-8,39100010,矽油,印尼,出口總值(含復出口),48,6825
2018-8,39100010,矽油,印度,出口總值(含復出口),34,9200
2018-8,39100010,矽油,孟加拉,出口總值(含復出口),46,33360
2018-8,39100010,矽油,阿拉伯聯合大公國,出口總值(含復出口),0,4
2018-8,39100010,矽油,香港,出口總值(含復出口),6,330
2018-8,39100010,矽油,埃及,出口總值(含復出口),0,1
2018-8,39100010,矽油,泰國,出口總值(含復出口),6,840
2018-8,39100010,矽油,秘魯,出口總值(含復出口),25,958
2018-8,39100010,矽油,馬來西亞,出口總值(含復出口),4,600
2018-8,39100010,矽油,菲律賓,出口總值(含復出口),17,581
2018-8,39100010,矽油,越南,出口總值(含復出口),105,29425
2018-8,39111010,石油樹脂,中國大陸,進口總值(含復進口),1546,829275
2018-8,39111010,石油樹脂,中華民國,進口總值(含復進口),8,4000
2018-8,39111010,石油樹脂,日本,進口總值(含復進口),886,258105
2018-8,39111010,石油樹脂,印尼,進口總值(含復進口),59,36000
2018-8,39111010,石油樹脂,法國,進口總值(含復進口),23,9050
2018-8,39111010,石油樹脂,南韓,進口總值(含復進口),202,78600
2018-8,39111010,石油樹脂,美國,進口總值(含復進口),176,89570
2018-8,39111010,石油樹脂,泰國,進口總值(含復進口),308,144500
2018-8,39111010,石油樹脂,新加坡,進口總值(含復進口),63,45339
2018-8,39111010,石油樹脂,德國,進口總值(含復進口),30,10000
2018-8,39111010,石油樹脂,土耳其,出口總值(含復出口),162,133000
2018-8,39111010,石油樹脂,中國大陸,出口總值(含復出口),3296,1703287
2018-8,39111010,石油樹脂,巴西,出口總值(含復出口),104,67000
2018-8,39111010,石油樹脂,日本,出口總值(含復出口),407,245000
2018-8,39111010,石油樹脂,加拿大,出口總值(含復出口),22,16000
2018-8,39111010,石油樹脂,印尼,出口總值(含復出口),532,387200
2018-8,39111010,石油樹脂,印度,出口總值(含復出口),370,378825
2018-8,39111010,石油樹脂,西班牙,出口總值(含復出口),174,102000
2018-8,39111010,石油樹脂,沙烏地阿拉伯,出口總值(含復出口),19,16000
2018-8,39111010,石油樹脂,孟加拉,出口總值(含復出口),108,100500
2018-8,39111010,石油樹脂,波蘭,出口總值(含復出口),142,91750
2018-8,39111010,石油樹脂,法國,出口總值(含復出口),82,75000
2018-8,39111010,石油樹脂,阿拉伯聯合大公國,出口總值(含復出口),32,9000
2018-8,39111010,石油樹脂,俄羅斯,出口總值(含復出口),81,64000
2018-8,39111010,石油樹脂,南非,出口總值(含復出口),51,51000
2018-8,39111010,石油樹脂,南韓,出口總值(含復出口),259,198000
2018-8,39111010,石油樹脂,美國,出口總值(含復出口),723,496200
2018-8,39111010,石油樹脂,英國,出口總值(含復出口),143,120000
2018-8,39111010,石油樹脂,香港,出口總值(含復出口),4,2000
2018-8,39111010,石油樹脂,泰國,出口總值(含復出口),203,138000
2018-8,39111010,石油樹脂,馬來西亞,出口總值(含復出口),285,224000
2018-8,39111010,石油樹脂,荷蘭,出口總值(含復出口),298,315000
2018-8,39111010,石油樹脂,斯里蘭卡,出口總值(含復出口),10,6000
2018-8,39111010,石油樹脂,越南,出口總值(含復出口),1064,498530
2018-8,39111010,石油樹脂,新加坡,出口總值(含復出口),68,58000
2018-8,39111010,石油樹脂,德國,出口總值(含復出口),102,77000
2018-8,39111010,石油樹脂,澳大利亞,出口總值(含復出口),86,58625
2018-8,39219010,玻璃纖維強化塑膠板、片及扁條,土耳其,進口總值(含復進口),33,9855
2018-8,39219010,玻璃纖維強化塑膠板、片及扁條,中國大陸,進口總值(含復進口),241,21083
2018-8,39219010,玻璃纖維強化塑膠板、片及扁條,日本,進口總值(含復進口),1348,48247
2018-8,39219010,玻璃纖維強化塑膠板、片及扁條,法國,進口總值(含復進口),0,7
2018-8,39219010,玻璃纖維強化塑膠板、片及扁條,南韓,進口總值(含復進口),920,42815
2018-8,39219010,玻璃纖維強化塑膠板、片及扁條,美國,進口總值(含復進口),248,6792
2018-8,39219010,玻璃纖維強化塑膠板、片及扁條,英國,進口總值(含復進口),0,3
2018-8,39219010,玻璃纖維強化塑膠板、片及扁條,香港,進口總值(含復進口),9,35
2018-8,39219010,玻璃纖維強化塑膠板、片及扁條,泰國,進口總值(含復進口),117,14097
2018-8,39219010,玻璃纖維強化塑膠板、片及扁條,瑞士,進口總值(含復進口),1,2
2018-8,39219010,玻璃纖維強化塑膠板、片及扁條,義大利,進口總值(含復進口),1,2
2018-8,39219010,玻璃纖維強化塑膠板、片及扁條,德國,進口總值(含復進口),26,2700
2018-8,39219010,玻璃纖維強化塑膠板、片及扁條,墨西哥,進口總值(含復進口),50,732
2018-8,39219010,玻璃纖維強化塑膠板、片及扁條,羅馬尼亞,進口總值(含復進口),14,552
2018-8,39219010,玻璃纖維強化塑膠板、片及扁條,中國大陸,出口總值(含復出口),603,10256
2018-8,39219010,玻璃纖維強化塑膠板、片及扁條,日本,出口總值(含復出口),131,19838
2018-8,39219010,玻璃纖維強化塑膠板、片及扁條,加拿大,出口總值(含復出口),15,2826
2018-8,39219010,玻璃纖維強化塑膠板、片及扁條,伊朗,出口總值(含復出口),11,1166
2018-8,39219010,玻璃纖維強化塑膠板、片及扁條,印尼,出口總值(含復出口),0,8
2018-8,39219010,玻璃纖維強化塑膠板、片及扁條,印度,出口總值(含復出口),2,276
2018-8,39219010,玻璃纖維強化塑膠板、片及扁條,宏都拉斯,出口總值(含復出口),0,45
2018-8,39219010,玻璃纖維強化塑膠板、片及扁條,孟加拉,出口總值(含復出口),0,26
2018-8,39219010,玻璃纖維強化塑膠板、片及扁條,南韓,出口總值(含復出口),122,18066
2018-8,39219010,玻璃纖維強化塑膠板、片及扁條,美國,出口總值(含復出口),51,17155
2018-8,39219010,玻璃纖維強化塑膠板、片及扁條,香港,出口總值(含復出口),10,1185
2018-8,39219010,玻璃纖維強化塑膠板、片及扁條,泰國,出口總值(含復出口),1236,213320
2018-8,39219010,玻璃纖維強化塑膠板、片及扁條,馬來西亞,出口總值(含復出口),26,4762
2018-8,39219010,玻璃纖維強化塑膠板、片及扁條,荷蘭,出口總值(含復出口),44,1200
2018-8,39219010,玻璃纖維強化塑膠板、片及扁條,斯里蘭卡,出口總值(含復出口),6,300
2018-8,39219010,玻璃纖維強化塑膠板、片及扁條,菲律賓,出口總值(含復出口),18,2385
2018-8,39219010,玻璃纖維強化塑膠板、片及扁條,越南,出口總值(含復出口),134,13717
2018-8,39219010,玻璃纖維強化塑膠板、片及扁條,新加坡,出口總值(含復出口),12,1021
2018-8,39219010,玻璃纖維強化塑膠板、片及扁條,義大利,出口總值(含復出口),122,20130
2018-8,39219010,玻璃纖維強化塑膠板、片及扁條,德國,出口總值(含復出口),232,26246
2018-8,39219010,玻璃纖維強化塑膠板、片及扁條,墨西哥,出口總值(含復出口),7,1545
2018-9,39095000,聚胺基甲酸乙酯，初級狀態,土耳其,進口總值(含復進口),4,576
2018-9,39095000,聚胺基甲酸乙酯，初級狀態,中國大陸,進口總值(含復進口),5378,1448602
2018-9,39095000,聚胺基甲酸乙酯，初級狀態,中華民國,進口總值(含復進口),70,16040
2018-9,39095000,聚胺基甲酸乙酯，初級狀態,日本,進口總值(含復進口),1238,190374
2018-9,39095000,聚胺基甲酸乙酯，初級狀態,加拿大,進口總值(含復進口),44,1970
2018-9,39095000,聚胺基甲酸乙酯，初級狀態,印度,進口總值(含復進口),85,22400
2018-9,39095000,聚胺基甲酸乙酯，初級狀態,西班牙,進口總值(含復進口),294,39100
2018-9,39095000,聚胺基甲酸乙酯，初級狀態,法國,進口總值(含復進口),131,10425
2018-9,39095000,聚胺基甲酸乙酯，初級狀態,南韓,進口總值(含復進口),205,63806
2018-9,39095000,聚胺基甲酸乙酯，初級狀態,美國,進口總值(含復進口),2721,302338
2018-9,39095000,聚胺基甲酸乙酯，初級狀態,馬來西亞,進口總值(含復進口),109,34490
2018-9,39095000,聚胺基甲酸乙酯，初級狀態,新加坡,進口總值(含復進口),122,33975
2018-9,39095000,聚胺基甲酸乙酯，初級狀態,瑞士,進口總值(含復進口),8,1197
2018-9,39095000,聚胺基甲酸乙酯，初級狀態,義大利,進口總值(含復進口),508,102619
2018-9,39095000,聚胺基甲酸乙酯，初級狀態,德國,進口總值(含復進口),2182,330273
2018-9,39095000,聚胺基甲酸乙酯，初級狀態,澳大利亞,進口總值(含復進口),13,2000
2018-9,39095000,聚胺基甲酸乙酯，初級狀態,土耳其,出口總值(含復出口),85,29160
2018-9,39095000,聚胺基甲酸乙酯，初級狀態,中國大陸,出口總值(含復出口),11253,3277104
2018-9,39095000,聚胺基甲酸乙酯，初級狀態,巴西,出口總值(含復出口),318,103990
2018-9,39095000,聚胺基甲酸乙酯，初級狀態,巴基斯坦,出口總值(含復出口),30,14461
2018-9,39095000,聚胺基甲酸乙酯，初級狀態,日本,出口總值(含復出口),257,58220
2018-9,39095000,聚胺基甲酸乙酯，初級狀態,比利時,出口總值(含復出口),70,25200
2018-9,39095000,聚胺基甲酸乙酯，初級狀態,以色列,出口總值(含復出口),0,14
2018-9,39095000,聚胺基甲酸乙酯，初級狀態,加拿大,出口總值(含復出口),105,28272
2018-9,39095000,聚胺基甲酸乙酯，初級狀態,伊朗,出口總值(含復出口),66,17000
2018-9,39095000,聚胺基甲酸乙酯，初級狀態,印尼,出口總值(含復出口),1333,327464
2018-9,39095000,聚胺基甲酸乙酯，初級狀態,印度,出口總值(含復出口),862,270916
2018-9,39095000,聚胺基甲酸乙酯，初級狀態,西班牙,出口總值(含復出口),159,60000
2018-9,39095000,聚胺基甲酸乙酯，初級狀態,孟加拉,出口總值(含復出口),88,39000
2018-9,39095000,聚胺基甲酸乙酯，初級狀態,阿拉伯聯合大公國,出口總值(含復出口),46,17500
2018-9,39095000,聚胺基甲酸乙酯，初級狀態,俄羅斯,出口總值(含復出口),38,13680
2018-9,39095000,聚胺基甲酸乙酯，初級狀態,南韓,出口總值(含復出口),798,193421
2018-9,39095000,聚胺基甲酸乙酯，初級狀態,柬埔寨,出口總值(含復出口),87,22305
2018-9,39095000,聚胺基甲酸乙酯，初級狀態,美國,出口總值(含復出口),38,10200
2018-9,39095000,聚胺基甲酸乙酯，初級狀態,英國,出口總值(含復出口),46,1998
2018-9,39095000,聚胺基甲酸乙酯，初級狀態,香港,出口總值(含復出口),1224,490745
2018-9,39095000,聚胺基甲酸乙酯，初級狀態,泰國,出口總值(含復出口),969,330444
2018-9,39095000,聚胺基甲酸乙酯，初級狀態,馬來西亞,出口總值(含復出口),138,44109
2018-9,39095000,聚胺基甲酸乙酯，初級狀態,荷蘭,出口總值(含復出口),274,55720
2018-9,39095000,聚胺基甲酸乙酯，初級狀態,菲律賓,出口總值(含復出口),57,22680
2018-9,39095000,聚胺基甲酸乙酯，初級狀態,越南,出口總值(含復出口),7963,2310508
2018-9,39095000,聚胺基甲酸乙酯，初級狀態,新加坡,出口總值(含復出口),23,3720
2018-9,39095000,聚胺基甲酸乙酯，初級狀態,瑞典,出口總值(含復出口),4,1000
2018-9,39095000,聚胺基甲酸乙酯，初級狀態,義大利,出口總值(含復出口),305,120000
2018-9,39095000,聚胺基甲酸乙酯，初級狀態,蒙古,出口總值(含復出口),5,2690
2018-9,39095000,聚胺基甲酸乙酯，初級狀態,德國,出口總值(含復出口),18,5400
2018-9,39095000,聚胺基甲酸乙酯，初級狀態,黎巴嫩,出口總值(含復出口),7,2000
2018-9,39095000,聚胺基甲酸乙酯，初級狀態,墨西哥,出口總值(含復出口),47,12595
2018-9,39095000,聚胺基甲酸乙酯，初級狀態,澳大利亞,出口總值(含復出口),29,8790
2018-9,39095000,聚胺基甲酸乙酯，初級狀態,澳門,出口總值(含復出口),6,2171
2018-9,39100010,矽油,中國大陸,進口總值(含復進口),2456,491812
2018-9,39100010,矽油,日本,進口總值(含復進口),2261,361335
2018-9,39100010,矽油,比利時,進口總值(含復進口),5,800
2018-9,39100010,矽油,加拿大,進口總值(含復進口),12,1200
2018-9,39100010,矽油,西班牙,進口總值(含復進口),125,20800
2018-9,39100010,矽油,法國,進口總值(含復進口),15,1700
2018-9,39100010,矽油,南韓,進口總值(含復進口),106,25318
2018-9,39100010,矽油,美國,進口總值(含復進口),431,33775
2018-9,39100010,矽油,英國,進口總值(含復進口),299,48322
2018-9,39100010,矽油,泰國,進口總值(含復進口),144,32000
2018-9,39100010,矽油,馬來西亞,進口總值(含復進口),58,5700
2018-9,39100010,矽油,瑞典,進口總值(含復進口),0,2
2018-9,39100010,矽油,義大利,進口總值(含復進口),7,160
2018-9,39100010,矽油,德國,進口總值(含復進口),228,22849
2018-9,39100010,矽油,中國大陸,出口總值(含復出口),1078,98185
2018-9,39100010,矽油,奈及利亞,出口總值(含復出口),51,16000
2018-9,39100010,矽油,孟加拉,出口總值(含復出口),29,24240
2018-9,39100010,矽油,柬埔寨,出口總值(含復出口),21,3200
2018-9,39100010,矽油,約旦,出口總值(含復出口),0,16
2018-9,39100010,矽油,香港,出口總值(含復出口),21,3390
2018-9,39100010,矽油,泰國,出口總值(含復出口),10,1120
2018-9,39100010,矽油,秘魯,出口總值(含復出口),2,250
2018-9,39100010,矽油,越南,出口總值(含復出口),84,13734
2018-9,39111010,石油樹脂,中國大陸,進口總值(含復進口),2435,1313025
2018-9,39111010,石油樹脂,日本,進口總值(含復進口),797,302650
2018-9,39111010,石油樹脂,印尼,進口總值(含復進口),60,36000
2018-9,39111010,石油樹脂,法國,進口總值(含復進口),313,120000
2018-9,39111010,石油樹脂,南韓,進口總值(含復進口),129,64200
2018-9,39111010,石油樹脂,美國,進口總值(含復進口),110,44019
2018-9,39111010,石油樹脂,泰國,進口總值(含復進口),436,206000
2018-9,39111010,石油樹脂,荷蘭,進口總值(含復進口),29,10000
2018-9,39111010,石油樹脂,新加坡,進口總值(含復進口),424,191250
2018-9,39111010,石油樹脂,土耳其,出口總值(含復出口),119,84000
2018-9,39111010,石油樹脂,中國大陸,出口總值(含復出口),2303,1158706
2018-9,39111010,石油樹脂,厄瓜多,出口總值(含復出口),21,16000
2018-9,39111010,石油樹脂,日本,出口總值(含復出口),632,381000
2018-9,39111010,石油樹脂,加拿大,出口總值(含復出口),100,97000
2018-9,39111010,石油樹脂,印尼,出口總值(含復出口),537,352500
2018-9,39111010,石油樹脂,印度,出口總值(含復出口),451,421280
2018-9,39111010,石油樹脂,西班牙,出口總值(含復出口),183,124000
2018-9,39111010,石油樹脂,沙烏地阿拉伯,出口總值(含復出口),126,96000
2018-9,39111010,石油樹脂,孟加拉,出口總值(含復出口),35,38000
2018-9,39111010,石油樹脂,波蘭,出口總值(含復出口),237,122750
2018-9,39111010,石油樹脂,法國,出口總值(含復出口),104,91000
2018-9,39111010,石油樹脂,俄羅斯,出口總值(含復出口),68,51000
2018-9,39111010,石油樹脂,南非,出口總值(含復出口),33,24000
2018-9,39111010,石油樹脂,南韓,出口總值(含復出口),238,181000
2018-9,39111010,石油樹脂,柬埔寨,出口總值(含復出口),48,32000
2018-9,39111010,石油樹脂,美國,出口總值(含復出口),409,266600
2018-9,39111010,石油樹脂,英國,出口總值(含復出口),24,25000
2018-9,39111010,石油樹脂,香港,出口總值(含復出口),19,8000
2018-9,39111010,石油樹脂,哥倫比亞,出口總值(含復出口),22,16000
2018-9,39111010,石油樹脂,泰國,出口總值(含復出口),443,310000
2018-9,39111010,石油樹脂,馬來西亞,出口總值(含復出口),407,273500
2018-9,39111010,石油樹脂,荷蘭,出口總值(含復出口),617,650000
2018-9,39111010,石油樹脂,斯里蘭卡,出口總值(含復出口),10,7000
2018-9,39111010,石油樹脂,菲律賓,出口總值(含復出口),56,47000
2018-9,39111010,石油樹脂,越南,出口總值(含復出口),681,348171
2018-9,39111010,石油樹脂,新加坡,出口總值(含復出口),41,35500
2018-9,39111010,石油樹脂,瑞典,出口總值(含復出口),103,85000
2018-9,39111010,石油樹脂,義大利,出口總值(含復出口),78,48000
2018-9,39111010,石油樹脂,德國,出口總值(含復出口),61,46000
2018-9,39111010,石油樹脂,緬甸,出口總值(含復出口),22,19500
2018-9,39111010,石油樹脂,澳大利亞,出口總值(含復出口),136,91000
2018-9,39219010,玻璃纖維強化塑膠板、片及扁條,中國大陸,進口總值(含復進口),262,23924
2018-9,39219010,玻璃纖維強化塑膠板、片及扁條,日本,進口總值(含復進口),1696,78556
2018-9,39219010,玻璃纖維強化塑膠板、片及扁條,匈牙利,進口總值(含復進口),0,5
2018-9,39219010,玻璃纖維強化塑膠板、片及扁條,法國,進口總值(含復進口),0,6
2018-9,39219010,玻璃纖維強化塑膠板、片及扁條,南韓,進口總值(含復進口),796,28370
2018-9,39219010,玻璃纖維強化塑膠板、片及扁條,美國,進口總值(含復進口),388,8410
2018-9,39219010,玻璃纖維強化塑膠板、片及扁條,香港,進口總值(含復進口),94,462
2018-9,39219010,玻璃纖維強化塑膠板、片及扁條,泰國,進口總值(含復進口),98,4026
2018-9,39219010,玻璃纖維強化塑膠板、片及扁條,奧地利,進口總值(含復進口),2,46
2018-9,39219010,玻璃纖維強化塑膠板、片及扁條,愛爾蘭,進口總值(含復進口),3,75
2018-9,39219010,玻璃纖維強化塑膠板、片及扁條,德國,進口總值(含復進口),85,4415
2018-9,39219010,玻璃纖維強化塑膠板、片及扁條,墨西哥,進口總值(含復進口),21,212
2018-9,39219010,玻璃纖維強化塑膠板、片及扁條,羅馬尼亞,進口總值(含復進口),11,310
2018-9,39219010,玻璃纖維強化塑膠板、片及扁條,中國大陸,出口總值(含復出口),545,16459
2018-9,39219010,玻璃纖維強化塑膠板、片及扁條,日本,出口總值(含復出口),182,19174
2018-9,39219010,玻璃纖維強化塑膠板、片及扁條,瓜地馬拉,出口總值(含復出口),0,44
2018-9,39219010,玻璃纖維強化塑膠板、片及扁條,印尼,出口總值(含復出口),25,337
2018-9,39219010,玻璃纖維強化塑膠板、片及扁條,印度,出口總值(含復出口),108,35945
2018-9,39219010,玻璃纖維強化塑膠板、片及扁條,宏都拉斯,出口總值(含復出口),0,16
2018-9,39219010,玻璃纖維強化塑膠板、片及扁條,帛琉,出口總值(含復出口),1,425
2018-9,39219010,玻璃纖維強化塑膠板、片及扁條,波蘭,出口總值(含復出口),11,3033
2018-9,39219010,玻璃纖維強化塑膠板、片及扁條,阿拉伯聯合大公國,出口總值(含復出口),16,1664
2018-9,39219010,玻璃纖維強化塑膠板、片及扁條,南韓,出口總值(含復出口),270,43658
2018-9,39219010,玻璃纖維強化塑膠板、片及扁條,美國,出口總值(含復出口),59,4709
2018-9,39219010,玻璃纖維強化塑膠板、片及扁條,香港,出口總值(含復出口),6,1325
2018-9,39219010,玻璃纖維強化塑膠板、片及扁條,泰國,出口總值(含復出口),1120,192984
2018-9,39219010,玻璃纖維強化塑膠板、片及扁條,索羅門群島,出口總值(含復出口),2,482
2018-9,39219010,玻璃纖維強化塑膠板、片及扁條,馬來西亞,出口總值(含復出口),153,28782
2018-9,39219010,玻璃纖維強化塑膠板、片及扁條,荷蘭,出口總值(含復出口),47,582
2018-9,39219010,玻璃纖維強化塑膠板、片及扁條,越南,出口總值(含復出口),263,31252
2018-9,39219010,玻璃纖維強化塑膠板、片及扁條,新加坡,出口總值(含復出口),56,6709
2018-9,39219010,玻璃纖維強化塑膠板、片及扁條,瑞士,出口總值(含復出口),11,510
2018-9,39219010,玻璃纖維強化塑膠板、片及扁條,義大利,出口總值(含復出口),8,257
2018-9,39219010,玻璃纖維強化塑膠板、片及扁條,葡萄牙,出口總值(含復出口),6,210
2018-9,39219010,玻璃纖維強化塑膠板、片及扁條,德國,出口總值(含復出口),157,23553
2018-9,39219010,玻璃纖維強化塑膠板、片及扁條,薩爾瓦多,出口總值(含復出口),0,18
2018-10,39095000,聚胺基甲酸乙酯，初級狀態,中國大陸,進口總值(含復進口),4006,1103073
2018-10,39095000,聚胺基甲酸乙酯，初級狀態,中華民國,進口總值(含復進口),3,1062
2018-10,39095000,聚胺基甲酸乙酯，初級狀態,巴西,進口總值(含復進口),25,7800
2018-10,39095000,聚胺基甲酸乙酯，初級狀態,日本,進口總值(含復進口),1481,201112
2018-10,39095000,聚胺基甲酸乙酯，初級狀態,比利時,進口總值(含復進口),25,4200
2018-10,39095000,聚胺基甲酸乙酯，初級狀態,印度,進口總值(含復進口),30,11000
2018-10,39095000,聚胺基甲酸乙酯，初級狀態,西班牙,進口總值(含復進口),286,47770
2018-10,39095000,聚胺基甲酸乙酯，初級狀態,法國,進口總值(含復進口),341,33580
2018-10,39095000,聚胺基甲酸乙酯，初級狀態,南韓,進口總值(含復進口),331,89968
2018-10,39095000,聚胺基甲酸乙酯，初級狀態,美國,進口總值(含復進口),1710,188232
2018-10,39095000,聚胺基甲酸乙酯，初級狀態,英國,進口總值(含復進口),40,12340
2018-10,39095000,聚胺基甲酸乙酯，初級狀態,泰國,進口總值(含復進口),19,4800
2018-10,39095000,聚胺基甲酸乙酯，初級狀態,馬來西亞,進口總值(含復進口),48,6728
2018-10,39095000,聚胺基甲酸乙酯，初級狀態,荷蘭,進口總值(含復進口),44,9969
2018-10,39095000,聚胺基甲酸乙酯，初級狀態,越南,進口總值(含復進口),5,999
2018-10,39095000,聚胺基甲酸乙酯，初級狀態,新加坡,進口總值(含復進口),109,27060
2018-10,39095000,聚胺基甲酸乙酯，初級狀態,義大利,進口總值(含復進口),179,44276
2018-10,39095000,聚胺基甲酸乙酯，初級狀態,德國,進口總值(含復進口),995,159738
2018-10,39095000,聚胺基甲酸乙酯，初級狀態,澳大利亞,進口總值(含復進口),3,655
2018-10,39095000,聚胺基甲酸乙酯，初級狀態,土耳其,出口總值(含復出口),176,54920
2018-10,39095000,聚胺基甲酸乙酯，初級狀態,中國大陸,出口總值(含復出口),13107,4034625
2018-10,39095000,聚胺基甲酸乙酯，初級狀態,巴西,出口總值(含復出口),318,87100
2018-10,39095000,聚胺基甲酸乙酯，初級狀態,巴基斯坦,出口總值(含復出口),9,3000
2018-10,39095000,聚胺基甲酸乙酯，初級狀態,日本,出口總值(含復出口),315,53398
2018-10,39095000,聚胺基甲酸乙酯，初級狀態,比利時,出口總值(含復出口),79,28200
2018-10,39095000,聚胺基甲酸乙酯，初級狀態,加拿大,出口總值(含復出口),30,5000
2018-10,39095000,聚胺基甲酸乙酯，初級狀態,瓜地馬拉,出口總值(含復出口),50,12000
2018-10,39095000,聚胺基甲酸乙酯，初級狀態,伊朗,出口總值(含復出口),97,34000
2018-10,39095000,聚胺基甲酸乙酯，初級狀態,印尼,出口總值(含復出口),1208,355348
2018-10,39095000,聚胺基甲酸乙酯，初級狀態,印度,出口總值(含復出口),738,226695
2018-10,39095000,聚胺基甲酸乙酯，初級狀態,吉布地,出口總值(含復出口),8,1700
2018-10,39095000,聚胺基甲酸乙酯，初級狀態,西班牙,出口總值(含復出口),114,45000
2018-10,39095000,聚胺基甲酸乙酯，初級狀態,孟加拉,出口總值(含復出口),181,69200
2018-10,39095000,聚胺基甲酸乙酯，初級狀態,法國,出口總值(含復出口),16,3298
2018-10,39095000,聚胺基甲酸乙酯，初級狀態,阿根廷,出口總值(含復出口),50,15000
2018-10,39095000,聚胺基甲酸乙酯，初級狀態,俄羅斯,出口總值(含復出口),39,14400
2018-10,39095000,聚胺基甲酸乙酯，初級狀態,南韓,出口總值(含復出口),779,175745
2018-10,39095000,聚胺基甲酸乙酯，初級狀態,柬埔寨,出口總值(含復出口),27,7565
2018-10,39095000,聚胺基甲酸乙酯，初級狀態,美國,出口總值(含復出口),57,13450
2018-10,39095000,聚胺基甲酸乙酯，初級狀態,香港,出口總值(含復出口),797,278675
2018-10,39095000,聚胺基甲酸乙酯，初級狀態,泰國,出口總值(含復出口),557,184890
2018-10,39095000,聚胺基甲酸乙酯，初級狀態,秘魯,出口總值(含復出口),3,600
2018-10,39095000,聚胺基甲酸乙酯，初級狀態,馬來西亞,出口總值(含復出口),464,166974
2018-10,39095000,聚胺基甲酸乙酯，初級狀態,荷蘭,出口總值(含復出口),319,56000
2018-10,39095000,聚胺基甲酸乙酯，初級狀態,菲律賓,出口總值(含復出口),101,39060
2018-10,39095000,聚胺基甲酸乙酯，初級狀態,象牙海岸,出口總值(含復出口),34,1800
2018-10,39095000,聚胺基甲酸乙酯，初級狀態,越南,出口總值(含復出口),7598,2252948
2018-10,39095000,聚胺基甲酸乙酯，初級狀態,新加坡,出口總值(含復出口),57,16550
2018-10,39095000,聚胺基甲酸乙酯，初級狀態,瑞典,出口總值(含復出口),4,1000
2018-10,39095000,聚胺基甲酸乙酯，初級狀態,義大利,出口總值(含復出口),140,50000
2018-10,39095000,聚胺基甲酸乙酯，初級狀態,德國,出口總值(含復出口),40,7500
2018-10,39095000,聚胺基甲酸乙酯，初級狀態,緬甸,出口總值(含復出口),26,8097
2018-10,39095000,聚胺基甲酸乙酯，初級狀態,墨西哥,出口總值(含復出口),26,8218
2018-10,39095000,聚胺基甲酸乙酯，初級狀態,澳大利亞,出口總值(含復出口),28,6630
2018-10,39095000,聚胺基甲酸乙酯，初級狀態,澳門,出口總值(含復出口),8,3325
2018-10,39100010,矽油,中國大陸,進口總值(含復進口),1173,234898
2018-10,39100010,矽油,中華民國,進口總值(含復進口),1,240
2018-10,39100010,矽油,日本,進口總值(含復進口),1280,183063
2018-10,39100010,矽油,比利時,進口總值(含復進口),3,300
2018-10,39100010,矽油,法國,進口總值(含復進口),2,53
2018-10,39100010,矽油,南韓,進口總值(含復進口),86,13310
2018-10,39100010,矽油,美國,進口總值(含復進口),610,76188
2018-10,39100010,矽油,英國,進口總值(含復進口),101,15601
2018-10,39100010,矽油,泰國,進口總值(含復進口),143,32290
2018-10,39100010,矽油,馬來西亞,進口總值(含復進口),40,4725
2018-10,39100010,矽油,義大利,進口總值(含復進口),35,7600
2018-10,39100010,矽油,德國,進口總值(含復進口),247,16445
2018-10,39100010,矽油,中國大陸,出口總值(含復出口),1259,134801
2018-10,39100010,矽油,丹麥,出口總值(含復出口),4,231
2018-10,39100010,矽油,史瓦帝尼,出口總值(含復出口),0,30
2018-10,39100010,矽油,瓜地馬拉,出口總值(含復出口),0,10
2018-10,39100010,矽油,印尼,出口總值(含復出口),35,4140
2018-10,39100010,矽油,衣索比亞,出口總值(含復出口),10,2000
2018-10,39100010,矽油,阿爾及利亞,出口總值(含復出口),1,39
2018-10,39100010,矽油,美國,出口總值(含復出口),59,4462
2018-10,39100010,矽油,香港,出口總值(含復出口),72,11980
2018-10,39100010,矽油,哥倫比亞,出口總值(含復出口),2,115
2018-10,39100010,矽油,馬來西亞,出口總值(含復出口),38,3400
2018-10,39100010,矽油,越南,出口總值(含復出口),50,13841
2018-10,39111010,石油樹脂,中國大陸,進口總值(含復進口),1985,1069850
2018-10,39111010,石油樹脂,中華民國,進口總值(含復進口),9,8575
2018-10,39111010,石油樹脂,日本,進口總值(含復進口),813,302070
2018-10,39111010,石油樹脂,印尼,進口總值(含復進口),61,36000
2018-10,39111010,石油樹脂,法國,進口總值(含復進口),209,81000
2018-10,39111010,石油樹脂,南韓,進口總值(含復進口),254,95400
2018-10,39111010,石油樹脂,美國,進口總值(含復進口),156,50710
2018-10,39111010,石油樹脂,泰國,進口總值(含復進口),421,189800
2018-10,39111010,石油樹脂,荷蘭,進口總值(含復進口),2,180
2018-10,39111010,石油樹脂,新加坡,進口總值(含復進口),455,218200
2018-10,39111010,石油樹脂,土耳其,出口總值(含復出口),172,137000
2018-10,39111010,石油樹脂,中國大陸,出口總值(含復出口),3590,1715698
2018-10,39111010,石油樹脂,日本,出口總值(含復出口),549,330500
2018-10,39111010,石油樹脂,加拿大,出口總值(含復出口),86,75000
2018-10,39111010,石油樹脂,印尼,出口總值(含復出口),632,404400
2018-10,39111010,石油樹脂,印度,出口總值(含復出口),430,413500
2018-10,39111010,石油樹脂,西班牙,出口總值(含復出口),187,108000
2018-10,39111010,石油樹脂,希臘,出口總值(含復出口),19,16000
2018-10,39111010,石油樹脂,沙烏地阿拉伯,出口總值(含復出口),42,32000
2018-10,39111010,石油樹脂,孟加拉,出口總值(含復出口),202,218000
2018-10,39111010,石油樹脂,波蘭,出口總值(含復出口),77,44750
2018-10,39111010,石油樹脂,法國,出口總值(含復出口),164,121000
2018-10,39111010,石油樹脂,俄羅斯,出口總值(含復出口),52,35000
2018-10,39111010,石油樹脂,南非,出口總值(含復出口),15,16000
2018-10,39111010,石油樹脂,南韓,出口總值(含復出口),154,111000
2018-10,39111010,石油樹脂,美國,出口總值(含復出口),576,390400
2018-10,39111010,石油樹脂,英國,出口總值(含復出口),112,91000
2018-10,39111010,石油樹脂,香港,出口總值(含復出口),6,2000
2018-10,39111010,石油樹脂,泰國,出口總值(含復出口),286,204000
2018-10,39111010,石油樹脂,馬來西亞,出口總值(含復出口),281,188500
2018-10,39111010,石油樹脂,荷蘭,出口總值(含復出口),398,424925
2018-10,39111010,石油樹脂,越南,出口總值(含復出口),1061,521100
2018-10,39111010,石油樹脂,瑞典,出口總值(含復出口),23,25000
2018-10,39111010,石油樹脂,義大利,出口總值(含復出口),22,16000
2018-10,39111010,石油樹脂,德國,出口總值(含復出口),43,30000
2018-10,39111010,石油樹脂,澳大利亞,出口總值(含復出口),43,32000
2018-10,39219010,玻璃纖維強化塑膠板、片及扁條,中國大陸,進口總值(含復進口),517,76991
2018-10,39219010,玻璃纖維強化塑膠板、片及扁條,日本,進口總值(含復進口),1664,78193
2018-10,39219010,玻璃纖維強化塑膠板、片及扁條,南韓,進口總值(含復進口),809,66081
2018-10,39219010,玻璃纖維強化塑膠板、片及扁條,美國,進口總值(含復進口),221,8947
2018-10,39219010,玻璃纖維強化塑膠板、片及扁條,香港,進口總值(含復進口),32,144
2018-10,39219010,玻璃纖維強化塑膠板、片及扁條,泰國,進口總值(含復進口),159,15246
2018-10,39219010,玻璃纖維強化塑膠板、片及扁條,馬來西亞,進口總值(含復進口),10,2530
2018-10,39219010,玻璃纖維強化塑膠板、片及扁條,荷蘭,進口總值(含復進口),0,1
2018-10,39219010,玻璃纖維強化塑膠板、片及扁條,奧地利,進口總值(含復進口),1,29
2018-10,39219010,玻璃纖維強化塑膠板、片及扁條,新加坡,進口總值(含復進口),9,155
2018-10,39219010,玻璃纖維強化塑膠板、片及扁條,德國,進口總值(含復進口),98,10478
2018-10,39219010,玻璃纖維強化塑膠板、片及扁條,墨西哥,進口總值(含復進口),20,232
2018-10,39219010,玻璃纖維強化塑膠板、片及扁條,羅馬尼亞,進口總值(含復進口),12,389
2018-10,39219010,玻璃纖維強化塑膠板、片及扁條,中國大陸,出口總值(含復出口),602,15721
2018-10,39219010,玻璃纖維強化塑膠板、片及扁條,日本,出口總值(含復出口),94,14710
2018-10,39219010,玻璃纖維強化塑膠板、片及扁條,瓜地馬拉,出口總值(含復出口),4,774
2018-10,39219010,玻璃纖維強化塑膠板、片及扁條,印度,出口總值(含復出口),103,15447
2018-10,39219010,玻璃纖維強化塑膠板、片及扁條,孟加拉,出口總值(含復出口),2,209
2018-10,39219010,玻璃纖維強化塑膠板、片及扁條,法國,出口總值(含復出口),2,33
2018-10,39219010,玻璃纖維強化塑膠板、片及扁條,南韓,出口總值(含復出口),286,33441
2018-10,39219010,玻璃纖維強化塑膠板、片及扁條,美國,出口總值(含復出口),203,38423
2018-10,39219010,玻璃纖維強化塑膠板、片及扁條,香港,出口總值(含復出口),33,1746
2018-10,39219010,玻璃纖維強化塑膠板、片及扁條,泰國,出口總值(含復出口),949,167151
2018-10,39219010,玻璃纖維強化塑膠板、片及扁條,馬來西亞,出口總值(含復出口),66,11672
2018-10,39219010,玻璃纖維強化塑膠板、片及扁條,荷蘭,出口總值(含復出口),3,378
2018-10,39219010,玻璃纖維強化塑膠板、片及扁條,斯里蘭卡,出口總值(含復出口),3,150
2018-10,39219010,玻璃纖維強化塑膠板、片及扁條,菲律賓,出口總值(含復出口),9,1193
2018-10,39219010,玻璃纖維強化塑膠板、片及扁條,越南,出口總值(含復出口),383,44623
2018-10,39219010,玻璃纖維強化塑膠板、片及扁條,新加坡,出口總值(含復出口),11,1460
2018-10,39219010,玻璃纖維強化塑膠板、片及扁條,義大利,出口總值(含復出口),123,19724
2018-10,39219010,玻璃纖維強化塑膠板、片及扁條,葡萄牙,出口總值(含復出口),6,208
2018-10,39219010,玻璃纖維強化塑膠板、片及扁條,德國,出口總值(含復出口),307,38183
2018-10,39219010,玻璃纖維強化塑膠板、片及扁條,墨西哥,出口總值(含復出口),3,1680
2018-10,39219010,玻璃纖維強化塑膠板、片及扁條,薩爾瓦多,出口總值(含復出口),0,24
2018-11,39095000,聚胺基甲酸乙酯，初級狀態,中國大陸,進口總值(含復進口),3016,818672
2018-11,39095000,聚胺基甲酸乙酯，初級狀態,中華民國,進口總值(含復進口),96,15845
2018-11,39095000,聚胺基甲酸乙酯，初級狀態,日本,進口總值(含復進口),1401,187716
2018-11,39095000,聚胺基甲酸乙酯，初級狀態,比利時,進口總值(含復進口),8,1225
2018-11,39095000,聚胺基甲酸乙酯，初級狀態,印度,進口總值(含復進口),89,15800
2018-11,39095000,聚胺基甲酸乙酯，初級狀態,西班牙,進口總值(含復進口),106,22960
2018-11,39095000,聚胺基甲酸乙酯，初級狀態,法國,進口總值(含復進口),135,16440
2018-11,39095000,聚胺基甲酸乙酯，初級狀態,南韓,進口總值(含復進口),216,81532
2018-11,39095000,聚胺基甲酸乙酯，初級狀態,美國,進口總值(含復進口),1193,140989
2018-11,39095000,聚胺基甲酸乙酯，初級狀態,英國,進口總值(含復進口),38,8960
2018-11,39095000,聚胺基甲酸乙酯，初級狀態,香港,進口總值(含復進口),11,2520
2018-11,39095000,聚胺基甲酸乙酯，初級狀態,荷蘭,進口總值(含復進口),1,110
2018-11,39095000,聚胺基甲酸乙酯，初級狀態,新加坡,進口總值(含復進口),86,24195
2018-11,39095000,聚胺基甲酸乙酯，初級狀態,瑞士,進口總值(含復進口),12,965
2018-11,39095000,聚胺基甲酸乙酯，初級狀態,義大利,進口總值(含復進口),413,94386
2018-11,39095000,聚胺基甲酸乙酯，初級狀態,德國,進口總值(含復進口),1588,265980
2018-11,39095000,聚胺基甲酸乙酯，初級狀態,墨西哥,進口總值(含復進口),45,6200
2018-11,39095000,聚胺基甲酸乙酯，初級狀態,澳大利亞,進口總值(含復進口),37,11040
2018-11,39095000,聚胺基甲酸乙酯，初級狀態,土耳其,出口總值(含復出口),28,8000
2018-11,39095000,聚胺基甲酸乙酯，初級狀態,中國大陸,出口總值(含復出口),12438,4050411
2018-11,39095000,聚胺基甲酸乙酯，初級狀態,巴西,出口總值(含復出口),513,147730
2018-11,39095000,聚胺基甲酸乙酯，初級狀態,日本,出口總值(含復出口),391,92333
2018-11,39095000,聚胺基甲酸乙酯，初級狀態,比利時,出口總值(含復出口),188,52600
2018-11,39095000,聚胺基甲酸乙酯，初級狀態,加拿大,出口總值(含復出口),3,319
2018-11,39095000,聚胺基甲酸乙酯，初級狀態,伊朗,出口總值(含復出口),187,66000
2018-11,39095000,聚胺基甲酸乙酯，初級狀態,印尼,出口總值(含復出口),1329,379355
2018-11,39095000,聚胺基甲酸乙酯，初級狀態,印度,出口總值(含復出口),711,219222
2018-11,39095000,聚胺基甲酸乙酯，初級狀態,西班牙,出口總值(含復出口),37,15000
2018-11,39095000,聚胺基甲酸乙酯，初級狀態,沙烏地阿拉伯,出口總值(含復出口),20,5000
2018-11,39095000,聚胺基甲酸乙酯，初級狀態,孟加拉,出口總值(含復出口),82,27320
2018-11,39095000,聚胺基甲酸乙酯，初級狀態,波蘭,出口總值(含復出口),64,15000
2018-11,39095000,聚胺基甲酸乙酯，初級狀態,法國,出口總值(含復出口),13,2885
2018-11,39095000,聚胺基甲酸乙酯，初級狀態,阿根廷,出口總值(含復出口),2,400
2018-11,39095000,聚胺基甲酸乙酯，初級狀態,南韓,出口總值(含復出口),1355,317786
2018-11,39095000,聚胺基甲酸乙酯，初級狀態,柬埔寨,出口總值(含復出口),27,7357
2018-11,39095000,聚胺基甲酸乙酯，初級狀態,科威特,出口總值(含復出口),12,2400
2018-11,39095000,聚胺基甲酸乙酯，初級狀態,美國,出口總值(含復出口),145,26413
2018-11,39095000,聚胺基甲酸乙酯，初級狀態,香港,出口總值(含復出口),872,365148
2018-11,39095000,聚胺基甲酸乙酯，初級狀態,泰國,出口總值(含復出口),898,315067
2018-11,39095000,聚胺基甲酸乙酯，初級狀態,馬來西亞,出口總值(含復出口),419,130159
2018-11,39095000,聚胺基甲酸乙酯，初級狀態,敘利亞,出口總值(含復出口),47,14250
2018-11,39095000,聚胺基甲酸乙酯，初級狀態,荷蘭,出口總值(含復出口),517,90000
2018-11,39095000,聚胺基甲酸乙酯，初級狀態,斯里蘭卡,出口總值(含復出口),10,2050
2018-11,39095000,聚胺基甲酸乙酯，初級狀態,菲律賓,出口總值(含復出口),98,48080
2018-11,39095000,聚胺基甲酸乙酯，初級狀態,越南,出口總值(含復出口),9774,2476822
2018-11,39095000,聚胺基甲酸乙酯，初級狀態,瑞典,出口總值(含復出口),23,5100
2018-11,39095000,聚胺基甲酸乙酯，初級狀態,義大利,出口總值(含復出口),12,2200
2018-11,39095000,聚胺基甲酸乙酯，初級狀態,葡萄牙,出口總值(含復出口),4,1120
2018-11,39095000,聚胺基甲酸乙酯，初級狀態,德國,出口總值(含復出口),75,12000
2018-11,39095000,聚胺基甲酸乙酯，初級狀態,澳大利亞,出口總值(含復出口),27,4480
2018-11,39100010,矽油,中國大陸,進口總值(含復進口),1319,306165
2018-11,39100010,矽油,日本,進口總值(含復進口),3500,479607
2018-11,39100010,矽油,加拿大,進口總值(含復進口),13,888
2018-11,39100010,矽油,西班牙,進口總值(含復進口),38,6000
2018-11,39100010,矽油,法國,進口總值(含復進口),94,16000
2018-11,39100010,矽油,南韓,進口總值(含復進口),112,19738
2018-11,39100010,矽油,美國,進口總值(含復進口),607,30434
2018-11,39100010,矽油,英國,進口總值(含復進口),72,16194
2018-11,39100010,矽油,泰國,進口總值(含復進口),170,38060
2018-11,39100010,矽油,馬來西亞,進口總值(含復進口),38,10000
2018-11,39100010,矽油,荷蘭,進口總值(含復進口),0,2
2018-11,39100010,矽油,瑞士,進口總值(含復進口),0,0
2018-11,39100010,矽油,義大利,進口總值(含復進口),1,25
2018-11,39100010,矽油,德國,進口總值(含復進口),263,22279
2018-11,39100010,矽油,中國大陸,出口總值(含復出口),1079,114654
2018-11,39100010,矽油,厄瓜多,出口總值(含復出口),4,60
2018-11,39100010,矽油,巴基斯坦,出口總值(含復出口),8,4200
2018-11,39100010,矽油,印尼,出口總值(含復出口),10,840
2018-11,39100010,矽油,孟加拉,出口總值(含復出口),46,9400
2018-11,39100010,矽油,馬來西亞,出口總值(含復出口),7,2400
2018-11,39100010,矽油,越南,出口總值(含復出口),62,13390
2018-11,39100010,矽油,新加坡,出口總值(含復出口),46,9000
2018-11,39100010,矽油,墨西哥,出口總值(含復出口),93,16000
2018-11,39100010,矽油,薩爾瓦多,出口總值(含復出口),20,3000
2018-11,39111010,石油樹脂,中國大陸,進口總值(含復進口),2058,1179592
2018-11,39111010,石油樹脂,日本,進口總值(含復進口),777,271820
2018-11,39111010,石油樹脂,印尼,進口總值(含復進口),31,18000
2018-11,39111010,石油樹脂,法國,進口總值(含復進口),125,48000
2018-11,39111010,石油樹脂,南韓,進口總值(含復進口),57,22400
2018-11,39111010,石油樹脂,美國,進口總值(含復進口),108,21537
2018-11,39111010,石油樹脂,泰國,進口總值(含復進口),360,166000
2018-11,39111010,石油樹脂,荷蘭,進口總值(含復進口),2,180
2018-11,39111010,石油樹脂,新加坡,進口總值(含復進口),135,69750
2018-11,39111010,石油樹脂,土耳其,出口總值(含復出口),183,146000
2018-11,39111010,石油樹脂,中國大陸,出口總值(含復出口),2904,1465581
2018-11,39111010,石油樹脂,厄瓜多,出口總值(含復出口),21,16000
2018-11,39111010,石油樹脂,巴西,出口總值(含復出口),86,53000
2018-11,39111010,石油樹脂,日本,出口總值(含復出口),407,248600
2018-11,39111010,石油樹脂,加拿大,出口總值(含復出口),268,250000
2018-11,39111010,石油樹脂,匈牙利,出口總值(含復出口),24,16000
2018-11,39111010,石油樹脂,印尼,出口總值(含復出口),673,505100
2018-11,39111010,石油樹脂,印度,出口總值(含復出口),437,394300
2018-11,39111010,石油樹脂,西班牙,出口總值(含復出口),337,218000
2018-11,39111010,石油樹脂,沙烏地阿拉伯,出口總值(含復出口),66,48000
2018-11,39111010,石油樹脂,孟加拉,出口總值(含復出口),98,92000
2018-11,39111010,石油樹脂,波蘭,出口總值(含復出口),301,134000
2018-11,39111010,石油樹脂,法國,出口總值(含復出口),22,16000
2018-11,39111010,石油樹脂,阿拉伯聯合大公國,出口總值(含復出口),390,304000
2018-11,39111010,石油樹脂,阿根廷,出口總值(含復出口),22,14000
2018-11,39111010,石油樹脂,俄羅斯,出口總值(含復出口),111,83000
2018-11,39111010,石油樹脂,南非,出口總值(含復出口),22,19000
2018-11,39111010,石油樹脂,南韓,出口總值(含復出口),270,200000
2018-11,39111010,石油樹脂,柬埔寨,出口總值(含復出口),24,16000
2018-11,39111010,石油樹脂,美國,出口總值(含復出口),577,435400
2018-11,39111010,石油樹脂,英國,出口總值(含復出口),87,73000
2018-11,39111010,石油樹脂,香港,出口總值(含復出口),38,15200
2018-11,39111010,石油樹脂,泰國,出口總值(含復出口),469,338575
2018-11,39111010,石油樹脂,秘魯,出口總值(含復出口),26,19000
2018-11,39111010,石油樹脂,馬來西亞,出口總值(含復出口),225,147500
2018-11,39111010,石油樹脂,荷蘭,出口總值(含復出口),563,600000
2018-11,39111010,石油樹脂,斯里蘭卡,出口總值(含復出口),10,6000
2018-11,39111010,石油樹脂,菲律賓,出口總值(含復出口),81,44800
2018-11,39111010,石油樹脂,越南,出口總值(含復出口),1151,566740
2018-11,39111010,石油樹脂,新加坡,出口總值(含復出口),42,35500
2018-11,39111010,石油樹脂,德國,出口總值(含復出口),32,25000
2018-11,39111010,石油樹脂,墨西哥,出口總值(含復出口),28,16000
2018-11,39111010,石油樹脂,澳大利亞,出口總值(含復出口),191,123000
2018-11,39219010,玻璃纖維強化塑膠板、片及扁條,中國大陸,進口總值(含復進口),301,73012
2018-11,39219010,玻璃纖維強化塑膠板、片及扁條,中華民國,進口總值(含復進口),16,1921
2018-11,39219010,玻璃纖維強化塑膠板、片及扁條,日本,進口總值(含復進口),1203,52934
2018-11,39219010,玻璃纖維強化塑膠板、片及扁條,法國,進口總值(含復進口),72,6511
2018-11,39219010,玻璃纖維強化塑膠板、片及扁條,南韓,進口總值(含復進口),818,102247
2018-11,39219010,玻璃纖維強化塑膠板、片及扁條,美國,進口總值(含復進口),462,12081
2018-11,39219010,玻璃纖維強化塑膠板、片及扁條,英國,進口總值(含復進口),1,5
2018-11,39219010,玻璃纖維強化塑膠板、片及扁條,香港,進口總值(含復進口),51,171
2018-11,39219010,玻璃纖維強化塑膠板、片及扁條,泰國,進口總值(含復進口),90,11168
2018-11,39219010,玻璃纖維強化塑膠板、片及扁條,奧地利,進口總值(含復進口),4,81
2018-11,39219010,玻璃纖維強化塑膠板、片及扁條,愛爾蘭,進口總值(含復進口),9,219
2018-11,39219010,玻璃纖維強化塑膠板、片及扁條,德國,進口總值(含復進口),1,18
2018-11,39219010,玻璃纖維強化塑膠板、片及扁條,墨西哥,進口總值(含復進口),39,432
2018-11,39219010,玻璃纖維強化塑膠板、片及扁條,中國大陸,出口總值(含復出口),409,16965
2018-11,39219010,玻璃纖維強化塑膠板、片及扁條,日本,出口總值(含復出口),152,22218
2018-11,39219010,玻璃纖維強化塑膠板、片及扁條,印度,出口總值(含復出口),95,10954
2018-11,39219010,玻璃纖維強化塑膠板、片及扁條,宏都拉斯,出口總值(含復出口),1,159
2018-11,39219010,玻璃纖維強化塑膠板、片及扁條,阿拉伯聯合大公國,出口總值(含復出口),2,289
2018-11,39219010,玻璃纖維強化塑膠板、片及扁條,俄羅斯,出口總值(含復出口),0,5
2018-11,39219010,玻璃纖維強化塑膠板、片及扁條,南韓,出口總值(含復出口),458,44385
2018-11,39219010,玻璃纖維強化塑膠板、片及扁條,美國,出口總值(含復出口),92,20300
2018-11,39219010,玻璃纖維強化塑膠板、片及扁條,香港,出口總值(含復出口),7,1591
2018-11,39219010,玻璃纖維強化塑膠板、片及扁條,泰國,出口總值(含復出口),1326,219870
2018-11,39219010,玻璃纖維強化塑膠板、片及扁條,馬來西亞,出口總值(含復出口),130,23240
2018-11,39219010,玻璃纖維強化塑膠板、片及扁條,越南,出口總值(含復出口),398,45337
2018-11,39219010,玻璃纖維強化塑膠板、片及扁條,新加坡,出口總值(含復出口),29,1911
2018-11,39219010,玻璃纖維強化塑膠板、片及扁條,葡萄牙,出口總值(含復出口),6,221
2018-11,39219010,玻璃纖維強化塑膠板、片及扁條,德國,出口總值(含復出口),98,9390
2018-11,39219010,玻璃纖維強化塑膠板、片及扁條,澳大利亞,出口總值(含復出口),1,31
2018-11,39219010,玻璃纖維強化塑膠板、片及扁條,關島,出口總值(含復出口),6,2125
2018-12,39095000,聚胺基甲酸乙酯，初級狀態,中國大陸,進口總值(含復進口),2637,795463
2018-12,39095000,聚胺基甲酸乙酯，初級狀態,中華民國,進口總值(含復進口),55,11580
2018-12,39095000,聚胺基甲酸乙酯，初級狀態,日本,進口總值(含復進口),1623,238292
2018-12,39095000,聚胺基甲酸乙酯，初級狀態,比利時,進口總值(含復進口),0,25
2018-12,39095000,聚胺基甲酸乙酯，初級狀態,波蘭,進口總值(含復進口),1,7
2018-12,39095000,聚胺基甲酸乙酯，初級狀態,法國,進口總值(含復進口),63,8500
2018-12,39095000,聚胺基甲酸乙酯，初級狀態,南韓,進口總值(含復進口),98,33772
2018-12,39095000,聚胺基甲酸乙酯，初級狀態,美國,進口總值(含復進口),1424,183225
2018-12,39095000,聚胺基甲酸乙酯，初級狀態,英國,進口總值(含復進口),61,13300
2018-12,39095000,聚胺基甲酸乙酯，初級狀態,泰國,進口總值(含復進口),8,2160
2018-12,39095000,聚胺基甲酸乙酯，初級狀態,荷蘭,進口總值(含復進口),54,4860
2018-12,39095000,聚胺基甲酸乙酯，初級狀態,新加坡,進口總值(含復進口),91,23954
2018-12,39095000,聚胺基甲酸乙酯，初級狀態,義大利,進口總值(含復進口),65,11770
2018-12,39095000,聚胺基甲酸乙酯，初級狀態,德國,進口總值(含復進口),1114,146988
2018-12,39095000,聚胺基甲酸乙酯，初級狀態,土耳其,出口總值(含復出口),59,18200
2018-12,39095000,聚胺基甲酸乙酯，初級狀態,中國大陸,出口總值(含復出口),12568,3745406
2018-12,39095000,聚胺基甲酸乙酯，初級狀態,巴西,出口總值(含復出口),599,189600
2018-12,39095000,聚胺基甲酸乙酯，初級狀態,巴基斯坦,出口總值(含復出口),40,14400
2018-12,39095000,聚胺基甲酸乙酯，初級狀態,日本,出口總值(含復出口),344,53078
2018-12,39095000,聚胺基甲酸乙酯，初級狀態,比利時,出口總值(含復出口),211,68700
2018-12,39095000,聚胺基甲酸乙酯，初級狀態,印尼,出口總值(含復出口),1611,462220
2018-12,39095000,聚胺基甲酸乙酯，初級狀態,印度,出口總值(含復出口),957,315268
2018-12,39095000,聚胺基甲酸乙酯，初級狀態,西班牙,出口總值(含復出口),111,45000
2018-12,39095000,聚胺基甲酸乙酯，初級狀態,孟加拉,出口總值(含復出口),133,56500
2018-12,39095000,聚胺基甲酸乙酯，初級狀態,波蘭,出口總值(含復出口),5,1000
2018-12,39095000,聚胺基甲酸乙酯，初級狀態,法國,出口總值(含復出口),26,5562
2018-12,39095000,聚胺基甲酸乙酯，初級狀態,肯亞,出口總值(含復出口),20,5500
2018-12,39095000,聚胺基甲酸乙酯，初級狀態,阿拉伯聯合大公國,出口總值(含復出口),186,48750
2018-12,39095000,聚胺基甲酸乙酯，初級狀態,南韓,出口總值(含復出口),446,106220
2018-12,39095000,聚胺基甲酸乙酯，初級狀態,柬埔寨,出口總值(含復出口),62,18126
2018-12,39095000,聚胺基甲酸乙酯，初級狀態,美國,出口總值(含復出口),234,40232
2018-12,39095000,聚胺基甲酸乙酯，初級狀態,英國,出口總值(含復出口),29,999
2018-12,39095000,聚胺基甲酸乙酯，初級狀態,香港,出口總值(含復出口),719,310060
2018-12,39095000,聚胺基甲酸乙酯，初級狀態,泰國,出口總值(含復出口),639,220886
2018-12,39095000,聚胺基甲酸乙酯，初級狀態,秘魯,出口總值(含復出口),10,2376
2018-12,39095000,聚胺基甲酸乙酯，初級狀態,馬來西亞,出口總值(含復出口),370,137370
2018-12,39095000,聚胺基甲酸乙酯，初級狀態,荷蘭,出口總值(含復出口),766,135000
2018-12,39095000,聚胺基甲酸乙酯，初級狀態,斯里蘭卡,出口總值(含復出口),4,1000
2018-12,39095000,聚胺基甲酸乙酯，初級狀態,斯洛伐克,出口總值(含復出口),3,632
2018-12,39095000,聚胺基甲酸乙酯，初級狀態,菲律賓,出口總值(含復出口),64,24720
2018-12,39095000,聚胺基甲酸乙酯，初級狀態,越南,出口總值(含復出口),10422,2697274
2018-12,39095000,聚胺基甲酸乙酯，初級狀態,新加坡,出口總值(含復出口),127,37090
2018-12,39095000,聚胺基甲酸乙酯，初級狀態,瑞典,出口總值(含復出口),5,1000
2018-12,39095000,聚胺基甲酸乙酯，初級狀態,義大利,出口總值(含復出口),269,105000
2018-12,39095000,聚胺基甲酸乙酯，初級狀態,德國,出口總值(含復出口),171,41450
2018-12,39095000,聚胺基甲酸乙酯，初級狀態,摩洛哥,出口總值(含復出口),52,15000
2018-12,39095000,聚胺基甲酸乙酯，初級狀態,緬甸,出口總值(含復出口),14,4000
2018-12,39095000,聚胺基甲酸乙酯，初級狀態,墨西哥,出口總值(含復出口),46,11625
2018-12,39095000,聚胺基甲酸乙酯，初級狀態,澳大利亞,出口總值(含復出口),6,480
2018-12,39095000,聚胺基甲酸乙酯，初級狀態,澳門,出口總值(含復出口),5,1850
2018-12,39100010,矽油,中國大陸,進口總值(含復進口),939,266418
2018-12,39100010,矽油,日本,進口總值(含復進口),1886,315060
2018-12,39100010,矽油,加拿大,進口總值(含復進口),33,2100
2018-12,39100010,矽油,印度,進口總值(含復進口),31,3355
2018-12,39100010,矽油,西班牙,進口總值(含復進口),29,4800
2018-12,39100010,矽油,南韓,進口總值(含復進口),57,1793
2018-12,39100010,矽油,美國,進口總值(含復進口),820,26498
2018-12,39100010,矽油,英國,進口總值(含復進口),247,47601
2018-12,39100010,矽油,泰國,進口總值(含復進口),163,48550
2018-12,39100010,矽油,義大利,進口總值(含復進口),33,7600
2018-12,39100010,矽油,德國,進口總值(含復進口),478,32425
2018-12,39100010,矽油,中國大陸,出口總值(含復出口),1268,113312
2018-12,39100010,矽油,巴基斯坦,出口總值(含復出口),23,11200
2018-12,39100010,矽油,孟加拉,出口總值(含復出口),28,21648
2018-12,39100010,矽油,香港,出口總值(含復出口),16,2400
2018-12,39100010,矽油,泰國,出口總值(含復出口),7,1200
2018-12,39100010,矽油,菲律賓,出口總值(含復出口),1,5
2018-12,39100010,矽油,越南,出口總值(含復出口),41,9788
2018-12,39111010,石油樹脂,中國大陸,進口總值(含復進口),1827,1061000
2018-12,39111010,石油樹脂,日本,進口總值(含復進口),626,239440
2018-12,39111010,石油樹脂,法國,進口總值(含復進口),5,1375
2018-12,39111010,石油樹脂,南韓,進口總值(含復進口),62,28000
2018-12,39111010,石油樹脂,美國,進口總值(含復進口),21,20884
2018-12,39111010,石油樹脂,泰國,進口總值(含復進口),219,105000
2018-12,39111010,石油樹脂,新加坡,進口總值(含復進口),168,80975
2018-12,39111010,石油樹脂,德國,進口總值(含復進口),0,5
2018-12,39111010,石油樹脂,土耳其,出口總值(含復出口),25,19000
2018-12,39111010,石油樹脂,中國大陸,出口總值(含復出口),2615,1281326
2018-12,39111010,石油樹脂,巴西,出口總值(含復出口),95,63750
2018-12,39111010,石油樹脂,巴基斯坦,出口總值(含復出口),3,2000
2018-12,39111010,石油樹脂,日本,出口總值(含復出口),500,312000
2018-12,39111010,石油樹脂,加拿大,出口總值(含復出口),62,41000
2018-12,39111010,石油樹脂,匈牙利,出口總值(含復出口),24,16000
2018-12,39111010,石油樹脂,印尼,出口總值(含復出口),656,413300
2018-12,39111010,石油樹脂,印度,出口總值(含復出口),480,386340
2018-12,39111010,石油樹脂,西班牙,出口總值(含復出口),509,348000
2018-12,39111010,石油樹脂,沙烏地阿拉伯,出口總值(含復出口),106,80000
2018-12,39111010,石油樹脂,孟加拉,出口總值(含復出口),40,39375
2018-12,39111010,石油樹脂,波蘭,出口總值(含復出口),505,237000
2018-12,39111010,石油樹脂,法國,出口總值(含復出口),53,40000
2018-12,39111010,石油樹脂,阿拉伯聯合大公國,出口總值(含復出口),75,57000
2018-12,39111010,石油樹脂,阿根廷,出口總值(含復出口),23,19000
2018-12,39111010,石油樹脂,俄羅斯,出口總值(含復出口),71,51000
2018-12,39111010,石油樹脂,南非,出口總值(含復出口),24,16000
2018-12,39111010,石油樹脂,南韓,出口總值(含復出口),77,55000
2018-12,39111010,石油樹脂,柬埔寨,出口總值(含復出口),24,16000
2018-12,39111010,石油樹脂,美國,出口總值(含復出口),731,512200
2018-12,39111010,石油樹脂,英國,出口總值(含復出口),138,116000
2018-12,39111010,石油樹脂,香港,出口總值(含復出口),32,11000
2018-12,39111010,石油樹脂,泰國,出口總值(含復出口),168,136000
2018-12,39111010,石油樹脂,馬來西亞,出口總值(含復出口),261,177000
2018-12,39111010,石油樹脂,荷蘭,出口總值(含復出口),498,519000
2018-12,39111010,石油樹脂,菲律賓,出口總值(含復出口),2,500
2018-12,39111010,石油樹脂,越南,出口總值(含復出口),752,392075
2018-12,39111010,石油樹脂,新加坡,出口總值(含復出口),42,32000
2018-12,39111010,石油樹脂,瑞典,出口總值(含復出口),70,75000
2018-12,39111010,石油樹脂,義大利,出口總值(含復出口),28,16000
2018-12,39111010,石油樹脂,德國,出口總值(含復出口),107,75000
2018-12,39111010,石油樹脂,緬甸,出口總值(含復出口),64,57000
2018-12,39111010,石油樹脂,澳大利亞,出口總值(含復出口),71,44250
2018-12,39219010,玻璃纖維強化塑膠板、片及扁條,土耳其,進口總值(含復進口),33,9850
2018-12,39219010,玻璃纖維強化塑膠板、片及扁條,中國大陸,進口總值(含復進口),377,49799
2018-12,39219010,玻璃纖維強化塑膠板、片及扁條,中華民國,進口總值(含復進口),11,2215
2018-12,39219010,玻璃纖維強化塑膠板、片及扁條,日本,進口總值(含復進口),1568,65195
2018-12,39219010,玻璃纖維強化塑膠板、片及扁條,匈牙利,進口總值(含復進口),0,6
2018-12,39219010,玻璃纖維強化塑膠板、片及扁條,法國,進口總值(含復進口),5,391
2018-12,39219010,玻璃纖維強化塑膠板、片及扁條,南韓,進口總值(含復進口),767,90288
2018-12,39219010,玻璃纖維強化塑膠板、片及扁條,美國,進口總值(含復進口),210,3610
2018-12,39219010,玻璃纖維強化塑膠板、片及扁條,香港,進口總值(含復進口),88,416
2018-12,39219010,玻璃纖維強化塑膠板、片及扁條,泰國,進口總值(含復進口),55,7081
2018-12,39219010,玻璃纖維強化塑膠板、片及扁條,奧地利,進口總值(含復進口),2,84
2018-12,39219010,玻璃纖維強化塑膠板、片及扁條,德國,進口總值(含復進口),1,21
2018-12,39219010,玻璃纖維強化塑膠板、片及扁條,中國大陸,出口總值(含復出口),377,10560
2018-12,39219010,玻璃纖維強化塑膠板、片及扁條,日本,出口總值(含復出口),121,15511
2018-12,39219010,玻璃纖維強化塑膠板、片及扁條,瓜地馬拉,出口總值(含復出口),4,662
2018-12,39219010,玻璃纖維強化塑膠板、片及扁條,印尼,出口總值(含復出口),0,3
2018-12,39219010,玻璃纖維強化塑膠板、片及扁條,印度,出口總值(含復出口),63,31027
2018-12,39219010,玻璃纖維強化塑膠板、片及扁條,法國,出口總值(含復出口),2,55
2018-12,39219010,玻璃纖維強化塑膠板、片及扁條,南韓,出口總值(含復出口),416,57104
2018-12,39219010,玻璃纖維強化塑膠板、片及扁條,美國,出口總值(含復出口),121,15787
2018-12,39219010,玻璃纖維強化塑膠板、片及扁條,香港,出口總值(含復出口),33,2159
2018-12,39219010,玻璃纖維強化塑膠板、片及扁條,埃及,出口總值(含復出口),14,2570
2018-12,39219010,玻璃纖維強化塑膠板、片及扁條,泰國,出口總值(含復出口),812,140734
2018-12,39219010,玻璃纖維強化塑膠板、片及扁條,馬來西亞,出口總值(含復出口),17,3377
2018-12,39219010,玻璃纖維強化塑膠板、片及扁條,菲律賓,出口總值(含復出口),5,126
2018-12,39219010,玻璃纖維強化塑膠板、片及扁條,越南,出口總值(含復出口),232,29089
2018-12,39219010,玻璃纖維強化塑膠板、片及扁條,新加坡,出口總值(含復出口),30,2910
2018-12,39219010,玻璃纖維強化塑膠板、片及扁條,瑞士,出口總值(含復出口),11,510
2018-12,39219010,玻璃纖維強化塑膠板、片及扁條,葡萄牙,出口總值(含復出口),6,216
2018-12,39219010,玻璃纖維強化塑膠板、片及扁條,德國,出口總值(含復出口),564,77997
2018-12,39219010,玻璃纖維強化塑膠板、片及扁條,薩爾瓦多,出口總值(含復出口),0,29
2018-12,39219010,玻璃纖維強化塑膠板、片及扁條,關島,出口總值(含復出口),5,1647
2018-1,39231010,塑膠製箱子、盒子、籃子及類似品，其形狀或適合供運輸或包裝半導體晶圓或網線,中國大陸,進口總值(含復進口),458,52167
2018-1,39231010,塑膠製箱子、盒子、籃子及類似品，其形狀或適合供運輸或包裝半導體晶圓或網線,中華民國,進口總值(含復進口),23,10500
2018-1,39231010,塑膠製箱子、盒子、籃子及類似品，其形狀或適合供運輸或包裝半導體晶圓或網線,丹麥,進口總值(含復進口),0,11
2018-1,39231010,塑膠製箱子、盒子、籃子及類似品，其形狀或適合供運輸或包裝半導體晶圓或網線,日本,進口總值(含復進口),3169,159996
2018-1,39231010,塑膠製箱子、盒子、籃子及類似品，其形狀或適合供運輸或包裝半導體晶圓或網線,印尼,進口總值(含復進口),419,53165
2018-1,39231010,塑膠製箱子、盒子、籃子及類似品，其形狀或適合供運輸或包裝半導體晶圓或網線,波蘭,進口總值(含復進口),1,19
2018-1,39231010,塑膠製箱子、盒子、籃子及類似品，其形狀或適合供運輸或包裝半導體晶圓或網線,南韓,進口總值(含復進口),499,47240
2018-1,39231010,塑膠製箱子、盒子、籃子及類似品，其形狀或適合供運輸或包裝半導體晶圓或網線,美國,進口總值(含復進口),1382,100677
2018-1,39231010,塑膠製箱子、盒子、籃子及類似品，其形狀或適合供運輸或包裝半導體晶圓或網線,馬來西亞,進口總值(含復進口),374,28714
2018-1,39231010,塑膠製箱子、盒子、籃子及類似品，其形狀或適合供運輸或包裝半導體晶圓或網線,荷蘭,進口總值(含復進口),1,4
2018-1,39231010,塑膠製箱子、盒子、籃子及類似品，其形狀或適合供運輸或包裝半導體晶圓或網線,菲律賓,進口總值(含復進口),4,171
2018-1,39231010,塑膠製箱子、盒子、籃子及類似品，其形狀或適合供運輸或包裝半導體晶圓或網線,越南,進口總值(含復進口),11,168
2018-1,39231010,塑膠製箱子、盒子、籃子及類似品，其形狀或適合供運輸或包裝半導體晶圓或網線,新加坡,進口總值(含復進口),5,2592
2018-1,39231010,塑膠製箱子、盒子、籃子及類似品，其形狀或適合供運輸或包裝半導體晶圓或網線,瑞士,進口總值(含復進口),1,1
2018-1,39231010,塑膠製箱子、盒子、籃子及類似品，其形狀或適合供運輸或包裝半導體晶圓或網線,義大利,進口總值(含復進口),8,32
2018-1,39231010,塑膠製箱子、盒子、籃子及類似品，其形狀或適合供運輸或包裝半導體晶圓或網線,葡萄牙,進口總值(含復進口),6,1145
2018-1,39231010,塑膠製箱子、盒子、籃子及類似品，其形狀或適合供運輸或包裝半導體晶圓或網線,德國,進口總值(含復進口),9,66
2018-1,39231010,塑膠製箱子、盒子、籃子及類似品，其形狀或適合供運輸或包裝半導體晶圓或網線,澳大利亞,進口總值(含復進口),5,444
2018-1,39231010,塑膠製箱子、盒子、籃子及類似品，其形狀或適合供運輸或包裝半導體晶圓或網線,土耳其,出口總值(含復出口),0,4
2018-1,39231010,塑膠製箱子、盒子、籃子及類似品，其形狀或適合供運輸或包裝半導體晶圓或網線,中國大陸,出口總值(含復出口),811,137736
2018-1,39231010,塑膠製箱子、盒子、籃子及類似品，其形狀或適合供運輸或包裝半導體晶圓或網線,巴貝多,出口總值(含復出口),0,18
2018-1,39231010,塑膠製箱子、盒子、籃子及類似品，其形狀或適合供運輸或包裝半導體晶圓或網線,日本,出口總值(含復出口),363,42260
2018-1,39231010,塑膠製箱子、盒子、籃子及類似品，其形狀或適合供運輸或包裝半導體晶圓或網線,加拿大,出口總值(含復出口),38,4670
2018-1,39231010,塑膠製箱子、盒子、籃子及類似品，其形狀或適合供運輸或包裝半導體晶圓或網線,印度,出口總值(含復出口),32,9500
2018-1,39231010,塑膠製箱子、盒子、籃子及類似品，其形狀或適合供運輸或包裝半導體晶圓或網線,沙烏地阿拉伯,出口總值(含復出口),38,6319
2018-1,39231010,塑膠製箱子、盒子、籃子及類似品，其形狀或適合供運輸或包裝半導體晶圓或網線,汶萊,出口總值(含復出口),4,1125
2018-1,39231010,塑膠製箱子、盒子、籃子及類似品，其形狀或適合供運輸或包裝半導體晶圓或網線,帛琉,出口總值(含復出口),2,302
2018-1,39231010,塑膠製箱子、盒子、籃子及類似品，其形狀或適合供運輸或包裝半導體晶圓或網線,法國,出口總值(含復出口),0,0
2018-1,39231010,塑膠製箱子、盒子、籃子及類似品，其形狀或適合供運輸或包裝半導體晶圓或網線,芬蘭,出口總值(含復出口),6,1200
2018-1,39231010,塑膠製箱子、盒子、籃子及類似品，其形狀或適合供運輸或包裝半導體晶圓或網線,阿拉伯聯合大公國,出口總值(含復出口),10,3269
2018-1,39231010,塑膠製箱子、盒子、籃子及類似品，其形狀或適合供運輸或包裝半導體晶圓或網線,南非,出口總值(含復出口),34,16087
2018-1,39231010,塑膠製箱子、盒子、籃子及類似品，其形狀或適合供運輸或包裝半導體晶圓或網線,南韓,出口總值(含復出口),21,4580
2018-1,39231010,塑膠製箱子、盒子、籃子及類似品，其形狀或適合供運輸或包裝半導體晶圓或網線,美國,出口總值(含復出口),381,80963
2018-1,39231010,塑膠製箱子、盒子、籃子及類似品，其形狀或適合供運輸或包裝半導體晶圓或網線,英國,出口總值(含復出口),28,3934
2018-1,39231010,塑膠製箱子、盒子、籃子及類似品，其形狀或適合供運輸或包裝半導體晶圓或網線,香港,出口總值(含復出口),49,34186
2018-1,39231010,塑膠製箱子、盒子、籃子及類似品，其形狀或適合供運輸或包裝半導體晶圓或網線,哥倫比亞,出口總值(含復出口),8,1977
2018-1,39231010,塑膠製箱子、盒子、籃子及類似品，其形狀或適合供運輸或包裝半導體晶圓或網線,留尼旺,出口總值(含復出口),0,8
2018-1,39231010,塑膠製箱子、盒子、籃子及類似品，其形狀或適合供運輸或包裝半導體晶圓或網線,馬來西亞,出口總值(含復出口),119,13614
2018-1,39231010,塑膠製箱子、盒子、籃子及類似品，其形狀或適合供運輸或包裝半導體晶圓或網線,菲律賓,出口總值(含復出口),36,21075
2018-1,39231010,塑膠製箱子、盒子、籃子及類似品，其形狀或適合供運輸或包裝半導體晶圓或網線,越南,出口總值(含復出口),66,8569
2018-1,39231010,塑膠製箱子、盒子、籃子及類似品，其形狀或適合供運輸或包裝半導體晶圓或網線,新加坡,出口總值(含復出口),45,8749
2018-1,39231010,塑膠製箱子、盒子、籃子及類似品，其形狀或適合供運輸或包裝半導體晶圓或網線,德國,出口總值(含復出口),27,7228
2018-1,39231010,塑膠製箱子、盒子、籃子及類似品，其形狀或適合供運輸或包裝半導體晶圓或網線,澤西島,出口總值(含復出口),0,3
2018-1,39231010,塑膠製箱子、盒子、籃子及類似品，其形狀或適合供運輸或包裝半導體晶圓或網線,澳大利亞,出口總值(含復出口),20,4966
2018-1,39239090,其他供輸送或包裝貨物之塑膠製品,中國大陸,進口總值(含復進口),6416,1660733
2018-1,39239090,其他供輸送或包裝貨物之塑膠製品,中華民國,進口總值(含復進口),672,202704
2018-1,39239090,其他供輸送或包裝貨物之塑膠製品,丹麥,進口總值(含復進口),2,15
2018-1,39239090,其他供輸送或包裝貨物之塑膠製品,厄瓜多,進口總值(含復進口),4,2
2018-1,39239090,其他供輸送或包裝貨物之塑膠製品,日本,進口總值(含復進口),1563,221997
2018-1,39239090,其他供輸送或包裝貨物之塑膠製品,比利時,進口總值(含復進口),1,493
2018-1,39239090,其他供輸送或包裝貨物之塑膠製品,加拿大,進口總值(含復進口),0,1
2018-1,39239090,其他供輸送或包裝貨物之塑膠製品,印尼,進口總值(含復進口),0,8
2018-1,39239090,其他供輸送或包裝貨物之塑膠製品,拉脫維亞,進口總值(含復進口),0,20
2018-1,39239090,其他供輸送或包裝貨物之塑膠製品,法國,進口總值(含復進口),4,848
2018-1,39239090,其他供輸送或包裝貨物之塑膠製品,南韓,進口總值(含復進口),1870,362819
2018-1,39239090,其他供輸送或包裝貨物之塑膠製品,美國,進口總值(含復進口),850,110434
2018-1,39239090,其他供輸送或包裝貨物之塑膠製品,英國,進口總值(含復進口),4,21
2018-1,39239090,其他供輸送或包裝貨物之塑膠製品,香港,進口總值(含復進口),7,2917
2018-1,39239090,其他供輸送或包裝貨物之塑膠製品,泰國,進口總值(含復進口),341,60483
2018-1,39239090,其他供輸送或包裝貨物之塑膠製品,馬來西亞,進口總值(含復進口),1262,154083
2018-1,39239090,其他供輸送或包裝貨物之塑膠製品,荷蘭,進口總值(含復進口),55,1433
2018-1,39239090,其他供輸送或包裝貨物之塑膠製品,菲律賓,進口總值(含復進口),331,67932
2018-1,39239090,其他供輸送或包裝貨物之塑膠製品,越南,進口總值(含復進口),10,6057
2018-1,39239090,其他供輸送或包裝貨物之塑膠製品,新加坡,進口總值(含復進口),178,43596
2018-1,39239090,其他供輸送或包裝貨物之塑膠製品,瑞士,進口總值(含復進口),197,34320
2018-1,39239090,其他供輸送或包裝貨物之塑膠製品,瑞典,進口總值(含復進口),0,1
2018-1,39239090,其他供輸送或包裝貨物之塑膠製品,義大利,進口總值(含復進口),0,1
2018-1,39239090,其他供輸送或包裝貨物之塑膠製品,葡萄牙,進口總值(含復進口),1,178
2018-1,39239090,其他供輸送或包裝貨物之塑膠製品,德國,進口總值(含復進口),267,7335
2018-1,39239090,其他供輸送或包裝貨物之塑膠製品,墨西哥,進口總值(含復進口),2,4
2018-1,39239090,其他供輸送或包裝貨物之塑膠製品,澳大利亞,進口總值(含復進口),4,120
2018-1,39239090,其他供輸送或包裝貨物之塑膠製品,中國大陸,出口總值(含復出口),2638,489130
2018-1,39239090,其他供輸送或包裝貨物之塑膠製品,厄瓜多,出口總值(含復出口),4,560
2018-1,39239090,其他供輸送或包裝貨物之塑膠製品,巴西,出口總值(含復出口),156,42262
2018-1,39239090,其他供輸送或包裝貨物之塑膠製品,巴拿馬,出口總值(含復出口),19,6871
2018-1,39239090,其他供輸送或包裝貨物之塑膠製品,日本,出口總值(含復出口),1299,189479
2018-1,39239090,其他供輸送或包裝貨物之塑膠製品,比利時,出口總值(含復出口),14,537
2018-1,39239090,其他供輸送或包裝貨物之塑膠製品,以色列,出口總值(含復出口),7,582
2018-1,39239090,其他供輸送或包裝貨物之塑膠製品,加拿大,出口總值(含復出口),51,9888
2018-1,39239090,其他供輸送或包裝貨物之塑膠製品,卡達,出口總值(含復出口),16,6437
2018-1,39239090,其他供輸送或包裝貨物之塑膠製品,匈牙利,出口總值(含復出口),4,196
2018-1,39239090,其他供輸送或包裝貨物之塑膠製品,印尼,出口總值(含復出口),37,7622
2018-1,39239090,其他供輸送或包裝貨物之塑膠製品,印度,出口總值(含復出口),11,1878
2018-1,39239090,其他供輸送或包裝貨物之塑膠製品,西班牙,出口總值(含復出口),7,579
2018-1,39239090,其他供輸送或包裝貨物之塑膠製品,宏都拉斯,出口總值(含復出口),8,1485
2018-1,39239090,其他供輸送或包裝貨物之塑膠製品,希臘,出口總值(含復出口),25,17450
2018-1,39239090,其他供輸送或包裝貨物之塑膠製品,沙烏地阿拉伯,出口總值(含復出口),92,25467
2018-1,39239090,其他供輸送或包裝貨物之塑膠製品,其他國家,出口總值(含復出口),1,355
2018-1,39239090,其他供輸送或包裝貨物之塑膠製品,孟加拉,出口總值(含復出口),28,8609
2018-1,39239090,其他供輸送或包裝貨物之塑膠製品,法國,出口總值(含復出口),26,2005
2018-1,39239090,其他供輸送或包裝貨物之塑膠製品,肯亞,出口總值(含復出口),1,0
2018-1,39239090,其他供輸送或包裝貨物之塑膠製品,阿拉伯聯合大公國,出口總值(含復出口),5,1434
2018-1,39239090,其他供輸送或包裝貨物之塑膠製品,俄羅斯,出口總值(含復出口),24,3075
2018-1,39239090,其他供輸送或包裝貨物之塑膠製品,南非,出口總值(含復出口),60,2252
2018-1,39239090,其他供輸送或包裝貨物之塑膠製品,南韓,出口總值(含復出口),408,130260
2018-1,39239090,其他供輸送或包裝貨物之塑膠製品,美國,出口總值(含復出口),1119,269483
2018-1,39239090,其他供輸送或包裝貨物之塑膠製品,英國,出口總值(含復出口),34,1828
2018-1,39239090,其他供輸送或包裝貨物之塑膠製品,香港,出口總值(含復出口),449,136038
2018-1,39239090,其他供輸送或包裝貨物之塑膠製品,哥倫比亞,出口總值(含復出口),33,11207
2018-1,39239090,其他供輸送或包裝貨物之塑膠製品,埃及,出口總值(含復出口),0,30
2018-1,39239090,其他供輸送或包裝貨物之塑膠製品,泰國,出口總值(含復出口),203,11950
2018-1,39239090,其他供輸送或包裝貨物之塑膠製品,紐西蘭,出口總值(含復出口),9,2179
2018-1,39239090,其他供輸送或包裝貨物之塑膠製品,馬來西亞,出口總值(含復出口),249,81331
2018-1,39239090,其他供輸送或包裝貨物之塑膠製品,馬達加斯加,出口總值(含復出口),3,27
2018-1,39239090,其他供輸送或包裝貨物之塑膠製品,荷蘭,出口總值(含復出口),101,5013
2018-1,39239090,其他供輸送或包裝貨物之塑膠製品,智利,出口總值(含復出口),10,2500
2018-1,39239090,其他供輸送或包裝貨物之塑膠製品,菲律賓,出口總值(含復出口),96,18308
2018-1,39239090,其他供輸送或包裝貨物之塑膠製品,越南,出口總值(含復出口),77,10968
2018-1,39239090,其他供輸送或包裝貨物之塑膠製品,愛爾蘭,出口總值(含復出口),11,4130
2018-1,39239090,其他供輸送或包裝貨物之塑膠製品,新加坡,出口總值(含復出口),153,39330
2018-1,39239090,其他供輸送或包裝貨物之塑膠製品,瑞士,出口總值(含復出口),65,2074
2018-1,39239090,其他供輸送或包裝貨物之塑膠製品,義大利,出口總值(含復出口),97,6399
2018-1,39239090,其他供輸送或包裝貨物之塑膠製品,德國,出口總值(含復出口),79,9725
2018-1,39239090,其他供輸送或包裝貨物之塑膠製品,模里西斯,出口總值(含復出口),7,2434
2018-1,39239090,其他供輸送或包裝貨物之塑膠製品,緬甸,出口總值(含復出口),8,993
2018-1,39239090,其他供輸送或包裝貨物之塑膠製品,墨西哥,出口總值(含復出口),108,18719
2018-1,39239090,其他供輸送或包裝貨物之塑膠製品,澳大利亞,出口總值(含復出口),60,17985
2018-1,39269012,電氣絕緣用塑膠製品,中國大陸,進口總值(含復進口),40,1235
2018-1,39269012,電氣絕緣用塑膠製品,中華民國,進口總值(含復進口),15,222
2018-1,39269012,電氣絕緣用塑膠製品,日本,進口總值(含復進口),173,898
2018-1,39269012,電氣絕緣用塑膠製品,西班牙,進口總值(含復進口),1,141
2018-1,39269012,電氣絕緣用塑膠製品,美國,進口總值(含復進口),4,35
2018-1,39269012,電氣絕緣用塑膠製品,越南,進口總值(含復進口),22,9395
2018-1,39269012,電氣絕緣用塑膠製品,奧地利,進口總值(含復進口),0,0
2018-1,39269012,電氣絕緣用塑膠製品,瑞士,進口總值(含復進口),0,0
2018-1,39269012,電氣絕緣用塑膠製品,義大利,進口總值(含復進口),0,0
2018-1,39269012,電氣絕緣用塑膠製品,德國,進口總值(含復進口),2,1
2018-1,39269012,電氣絕緣用塑膠製品,土耳其,出口總值(含復出口),7,1936
2018-1,39269012,電氣絕緣用塑膠製品,中國大陸,出口總值(含復出口),172,25254
2018-1,39269012,電氣絕緣用塑膠製品,巴西,出口總值(含復出口),2,45
2018-1,39269012,電氣絕緣用塑膠製品,巴基斯坦,出口總值(含復出口),0,6
2018-1,39269012,電氣絕緣用塑膠製品,日本,出口總值(含復出口),5,440
2018-1,39269012,電氣絕緣用塑膠製品,比利時,出口總值(含復出口),49,12478
2018-1,39269012,電氣絕緣用塑膠製品,加拿大,出口總值(含復出口),141,36369
2018-1,39269012,電氣絕緣用塑膠製品,北馬里亞納群島,出口總值(含復出口),0,62
2018-1,39269012,電氣絕緣用塑膠製品,印尼,出口總值(含復出口),3,92
2018-1,39269012,電氣絕緣用塑膠製品,印度,出口總值(含復出口),96,34967
2018-1,39269012,電氣絕緣用塑膠製品,沙烏地阿拉伯,出口總值(含復出口),31,9789
2018-1,39269012,電氣絕緣用塑膠製品,拉脫維亞,出口總值(含復出口),53,13619
2018-1,39269012,電氣絕緣用塑膠製品,法國,出口總值(含復出口),62,16068
2018-1,39269012,電氣絕緣用塑膠製品,阿拉伯聯合大公國,出口總值(含復出口),32,12058
2018-1,39269012,電氣絕緣用塑膠製品,俄羅斯,出口總值(含復出口),48,15176
2018-1,39269012,電氣絕緣用塑膠製品,南非,出口總值(含復出口),10,758
2018-1,39269012,電氣絕緣用塑膠製品,南韓,出口總值(含復出口),107,37982
2018-1,39269012,電氣絕緣用塑膠製品,柬埔寨,出口總值(含復出口),4,53
2018-1,39269012,電氣絕緣用塑膠製品,科威特,出口總值(含復出口),0,9
2018-1,39269012,電氣絕緣用塑膠製品,美國,出口總值(含復出口),174,36698
2018-1,39269012,電氣絕緣用塑膠製品,英國,出口總值(含復出口),61,17957
2018-1,39269012,電氣絕緣用塑膠製品,香港,出口總值(含復出口),26,616
2018-1,39269012,電氣絕緣用塑膠製品,哥倫比亞,出口總值(含復出口),28,10140
2018-1,39269012,電氣絕緣用塑膠製品,泰國,出口總值(含復出口),31,2132
2018-1,39269012,電氣絕緣用塑膠製品,海地,出口總值(含復出口),22,3727
2018-1,39269012,電氣絕緣用塑膠製品,紐西蘭,出口總值(含復出口),2,620
2018-1,39269012,電氣絕緣用塑膠製品,馬來西亞,出口總值(含復出口),0,8
2018-1,39269012,電氣絕緣用塑膠製品,捷克,出口總值(含復出口),0,0
2018-1,39269012,電氣絕緣用塑膠製品,斐濟,出口總值(含復出口),5,2000
2018-1,39269012,電氣絕緣用塑膠製品,菲律賓,出口總值(含復出口),11,4477
2018-1,39269012,電氣絕緣用塑膠製品,越南,出口總值(含復出口),69,2719
2018-1,39269012,電氣絕緣用塑膠製品,新加坡,出口總值(含復出口),7,640
2018-1,39269012,電氣絕緣用塑膠製品,義大利,出口總值(含復出口),139,29780
2018-1,39269012,電氣絕緣用塑膠製品,德國,出口總值(含復出口),38,8052
2018-1,39269012,電氣絕緣用塑膠製品,模里西斯,出口總值(含復出口),7,1784
2018-1,39269012,電氣絕緣用塑膠製品,墨西哥,出口總值(含復出口),114,34199
2018-1,39269012,電氣絕緣用塑膠製品,澳大利亞,出口總值(含復出口),89,21665
2018-2,39231010,塑膠製箱子、盒子、籃子及類似品，其形狀或適合供運輸或包裝半導體晶圓或網線,中國大陸,進口總值(含復進口),246,22970
2018-2,39231010,塑膠製箱子、盒子、籃子及類似品，其形狀或適合供運輸或包裝半導體晶圓或網線,中華民國,進口總值(含復進口),1,441
2018-2,39231010,塑膠製箱子、盒子、籃子及類似品，其形狀或適合供運輸或包裝半導體晶圓或網線,日本,進口總值(含復進口),2135,121815
2018-2,39231010,塑膠製箱子、盒子、籃子及類似品，其形狀或適合供運輸或包裝半導體晶圓或網線,印尼,進口總值(含復進口),298,41059
2018-2,39231010,塑膠製箱子、盒子、籃子及類似品，其形狀或適合供運輸或包裝半導體晶圓或網線,西班牙,進口總值(含復進口),23,4540
2018-2,39231010,塑膠製箱子、盒子、籃子及類似品，其形狀或適合供運輸或包裝半導體晶圓或網線,南韓,進口總值(含復進口),392,40526
2018-2,39231010,塑膠製箱子、盒子、籃子及類似品，其形狀或適合供運輸或包裝半導體晶圓或網線,美國,進口總值(含復進口),1218,82325
2018-2,39231010,塑膠製箱子、盒子、籃子及類似品，其形狀或適合供運輸或包裝半導體晶圓或網線,馬來西亞,進口總值(含復進口),313,18795
2018-2,39231010,塑膠製箱子、盒子、籃子及類似品，其形狀或適合供運輸或包裝半導體晶圓或網線,菲律賓,進口總值(含復進口),3,155
2018-2,39231010,塑膠製箱子、盒子、籃子及類似品，其形狀或適合供運輸或包裝半導體晶圓或網線,越南,進口總值(含復進口),7,252
2018-2,39231010,塑膠製箱子、盒子、籃子及類似品，其形狀或適合供運輸或包裝半導體晶圓或網線,瑞典,進口總值(含復進口),0,0
2018-2,39231010,塑膠製箱子、盒子、籃子及類似品，其形狀或適合供運輸或包裝半導體晶圓或網線,義大利,進口總值(含復進口),0,2
2018-2,39231010,塑膠製箱子、盒子、籃子及類似品，其形狀或適合供運輸或包裝半導體晶圓或網線,德國,進口總值(含復進口),11,351
2018-2,39231010,塑膠製箱子、盒子、籃子及類似品，其形狀或適合供運輸或包裝半導體晶圓或網線,澳大利亞,進口總值(含復進口),4,118
2018-2,39231010,塑膠製箱子、盒子、籃子及類似品，其形狀或適合供運輸或包裝半導體晶圓或網線,土耳其,出口總值(含復出口),0,5
2018-2,39231010,塑膠製箱子、盒子、籃子及類似品，其形狀或適合供運輸或包裝半導體晶圓或網線,中國大陸,出口總值(含復出口),564,61462
2018-2,39231010,塑膠製箱子、盒子、籃子及類似品，其形狀或適合供運輸或包裝半導體晶圓或網線,巴西,出口總值(含復出口),4,534
2018-2,39231010,塑膠製箱子、盒子、籃子及類似品，其形狀或適合供運輸或包裝半導體晶圓或網線,巴基斯坦,出口總值(含復出口),0,21
2018-2,39231010,塑膠製箱子、盒子、籃子及類似品，其形狀或適合供運輸或包裝半導體晶圓或網線,日本,出口總值(含復出口),363,33507
2018-2,39231010,塑膠製箱子、盒子、籃子及類似品，其形狀或適合供運輸或包裝半導體晶圓或網線,加拿大,出口總值(含復出口),108,11895
2018-2,39231010,塑膠製箱子、盒子、籃子及類似品，其形狀或適合供運輸或包裝半導體晶圓或網線,法國,出口總值(含復出口),2,11
2018-2,39231010,塑膠製箱子、盒子、籃子及類似品，其形狀或適合供運輸或包裝半導體晶圓或網線,阿拉伯聯合大公國,出口總值(含復出口),17,7015
2018-2,39231010,塑膠製箱子、盒子、籃子及類似品，其形狀或適合供運輸或包裝半導體晶圓或網線,阿根廷,出口總值(含復出口),1,58
2018-2,39231010,塑膠製箱子、盒子、籃子及類似品，其形狀或適合供運輸或包裝半導體晶圓或網線,南韓,出口總值(含復出口),195,26789
2018-2,39231010,塑膠製箱子、盒子、籃子及類似品，其形狀或適合供運輸或包裝半導體晶圓或網線,美國,出口總值(含復出口),177,55720
2018-2,39231010,塑膠製箱子、盒子、籃子及類似品，其形狀或適合供運輸或包裝半導體晶圓或網線,英國,出口總值(含復出口),44,7300
2018-2,39231010,塑膠製箱子、盒子、籃子及類似品，其形狀或適合供運輸或包裝半導體晶圓或網線,香港,出口總值(含復出口),25,6069
2018-2,39231010,塑膠製箱子、盒子、籃子及類似品，其形狀或適合供運輸或包裝半導體晶圓或網線,泰國,出口總值(含復出口),12,5300
2018-2,39231010,塑膠製箱子、盒子、籃子及類似品，其形狀或適合供運輸或包裝半導體晶圓或網線,馬來西亞,出口總值(含復出口),87,8743
2018-2,39231010,塑膠製箱子、盒子、籃子及類似品，其形狀或適合供運輸或包裝半導體晶圓或網線,荷蘭,出口總值(含復出口),0,12
2018-2,39231010,塑膠製箱子、盒子、籃子及類似品，其形狀或適合供運輸或包裝半導體晶圓或網線,斯里蘭卡,出口總值(含復出口),0,73
2018-2,39231010,塑膠製箱子、盒子、籃子及類似品，其形狀或適合供運輸或包裝半導體晶圓或網線,菲律賓,出口總值(含復出口),23,12017
2018-2,39231010,塑膠製箱子、盒子、籃子及類似品，其形狀或適合供運輸或包裝半導體晶圓或網線,越南,出口總值(含復出口),0,43
2018-2,39231010,塑膠製箱子、盒子、籃子及類似品，其形狀或適合供運輸或包裝半導體晶圓或網線,新加坡,出口總值(含復出口),40,7935
2018-2,39231010,塑膠製箱子、盒子、籃子及類似品，其形狀或適合供運輸或包裝半導體晶圓或網線,德國,出口總值(含復出口),100,16745
2018-2,39231010,塑膠製箱子、盒子、籃子及類似品，其形狀或適合供運輸或包裝半導體晶圓或網線,摩洛哥,出口總值(含復出口),1,1
2018-2,39231010,塑膠製箱子、盒子、籃子及類似品，其形狀或適合供運輸或包裝半導體晶圓或網線,澳大利亞,出口總值(含復出口),8,1655
2018-2,39239090,其他供輸送或包裝貨物之塑膠製品,中國大陸,進口總值(含復進口),3477,963577
2018-2,39239090,其他供輸送或包裝貨物之塑膠製品,中華民國,進口總值(含復進口),409,194723
2018-2,39239090,其他供輸送或包裝貨物之塑膠製品,丹麥,進口總值(含復進口),2,89
2018-2,39239090,其他供輸送或包裝貨物之塑膠製品,日本,進口總值(含復進口),1655,155776
2018-2,39239090,其他供輸送或包裝貨物之塑膠製品,比利時,進口總值(含復進口),0,69
2018-2,39239090,其他供輸送或包裝貨物之塑膠製品,加拿大,進口總值(含復進口),2,309
2018-2,39239090,其他供輸送或包裝貨物之塑膠製品,印度,進口總值(含復進口),42,11050
2018-2,39239090,其他供輸送或包裝貨物之塑膠製品,法國,進口總值(含復進口),0,4
2018-2,39239090,其他供輸送或包裝貨物之塑膠製品,阿拉伯聯合大公國,進口總值(含復進口),0,9
2018-2,39239090,其他供輸送或包裝貨物之塑膠製品,南韓,進口總值(含復進口),1065,246868
2018-2,39239090,其他供輸送或包裝貨物之塑膠製品,美國,進口總值(含復進口),396,47144
2018-2,39239090,其他供輸送或包裝貨物之塑膠製品,英國,進口總值(含復進口),4,570
2018-2,39239090,其他供輸送或包裝貨物之塑膠製品,香港,進口總值(含復進口),8,2084
2018-2,39239090,其他供輸送或包裝貨物之塑膠製品,泰國,進口總值(含復進口),314,77340
2018-2,39239090,其他供輸送或包裝貨物之塑膠製品,紐西蘭,進口總值(含復進口),2,103
2018-2,39239090,其他供輸送或包裝貨物之塑膠製品,馬來西亞,進口總值(含復進口),834,127162
2018-2,39239090,其他供輸送或包裝貨物之塑膠製品,馬爾他,進口總值(含復進口),2,160
2018-2,39239090,其他供輸送或包裝貨物之塑膠製品,荷蘭,進口總值(含復進口),81,14350
2018-2,39239090,其他供輸送或包裝貨物之塑膠製品,喀麥隆,進口總值(含復進口),15,3449
2018-2,39239090,其他供輸送或包裝貨物之塑膠製品,菲律賓,進口總值(含復進口),338,70652
2018-2,39239090,其他供輸送或包裝貨物之塑膠製品,越南,進口總值(含復進口),1,599
2018-2,39239090,其他供輸送或包裝貨物之塑膠製品,新加坡,進口總值(含復進口),143,35294
2018-2,39239090,其他供輸送或包裝貨物之塑膠製品,瑞士,進口總值(含復進口),137,22894
2018-2,39239090,其他供輸送或包裝貨物之塑膠製品,瑞典,進口總值(含復進口),1,56
2018-2,39239090,其他供輸送或包裝貨物之塑膠製品,義大利,進口總值(含復進口),6,937
2018-2,39239090,其他供輸送或包裝貨物之塑膠製品,葡萄牙,進口總值(含復進口),1,117
2018-2,39239090,其他供輸送或包裝貨物之塑膠製品,德國,進口總值(含復進口),230,7157
2018-2,39239090,其他供輸送或包裝貨物之塑膠製品,中國大陸,出口總值(含復出口),1335,210531
2018-2,39239090,其他供輸送或包裝貨物之塑膠製品,丹麥,出口總值(含復出口),1,240
2018-2,39239090,其他供輸送或包裝貨物之塑膠製品,厄瓜多,出口總值(含復出口),2,280
2018-2,39239090,其他供輸送或包裝貨物之塑膠製品,巴西,出口總值(含復出口),22,7129
2018-2,39239090,其他供輸送或包裝貨物之塑膠製品,巴拿馬,出口總值(含復出口),50,15980
2018-2,39239090,其他供輸送或包裝貨物之塑膠製品,日本,出口總值(含復出口),1125,149006
2018-2,39239090,其他供輸送或包裝貨物之塑膠製品,比利時,出口總值(含復出口),73,4856
2018-2,39239090,其他供輸送或包裝貨物之塑膠製品,以色列,出口總值(含復出口),2,459
2018-2,39239090,其他供輸送或包裝貨物之塑膠製品,加拿大,出口總值(含復出口),308,33519
2018-2,39239090,其他供輸送或包裝貨物之塑膠製品,卡達,出口總值(含復出口),23,9812
2018-2,39239090,其他供輸送或包裝貨物之塑膠製品,史瓦帝尼,出口總值(含復出口),0,4
2018-2,39239090,其他供輸送或包裝貨物之塑膠製品,瓜地馬拉,出口總值(含復出口),6,189
2018-2,39239090,其他供輸送或包裝貨物之塑膠製品,印尼,出口總值(含復出口),27,5750
2018-2,39239090,其他供輸送或包裝貨物之塑膠製品,印度,出口總值(含復出口),9,4288
2018-2,39239090,其他供輸送或包裝貨物之塑膠製品,西班牙,出口總值(含復出口),9,968
2018-2,39239090,其他供輸送或包裝貨物之塑膠製品,希臘,出口總值(含復出口),8,511
2018-2,39239090,其他供輸送或包裝貨物之塑膠製品,沙烏地阿拉伯,出口總值(含復出口),8,5480
2018-2,39239090,其他供輸送或包裝貨物之塑膠製品,孟加拉,出口總值(含復出口),7,2394
2018-2,39239090,其他供輸送或包裝貨物之塑膠製品,波蘭,出口總值(含復出口),17,1234
2018-2,39239090,其他供輸送或包裝貨物之塑膠製品,法國,出口總值(含復出口),9,1207
2018-2,39239090,其他供輸送或包裝貨物之塑膠製品,肯亞,出口總值(含復出口),7,1926
2018-2,39239090,其他供輸送或包裝貨物之塑膠製品,阿拉伯聯合大公國,出口總值(含復出口),10,3000
2018-2,39239090,其他供輸送或包裝貨物之塑膠製品,俄羅斯,出口總值(含復出口),28,2409
2018-2,39239090,其他供輸送或包裝貨物之塑膠製品,南非,出口總值(含復出口),23,1601
2018-2,39239090,其他供輸送或包裝貨物之塑膠製品,南韓,出口總值(含復出口),405,146650
2018-2,39239090,其他供輸送或包裝貨物之塑膠製品,柬埔寨,出口總值(含復出口),0,94
2018-2,39239090,其他供輸送或包裝貨物之塑膠製品,科威特,出口總值(含復出口),3,928
2018-2,39239090,其他供輸送或包裝貨物之塑膠製品,美國,出口總值(含復出口),792,212683
2018-2,39239090,其他供輸送或包裝貨物之塑膠製品,英國,出口總值(含復出口),94,7688
2018-2,39239090,其他供輸送或包裝貨物之塑膠製品,香港,出口總值(含復出口),290,83937
2018-2,39239090,其他供輸送或包裝貨物之塑膠製品,哥倫比亞,出口總值(含復出口),80,20557
2018-2,39239090,其他供輸送或包裝貨物之塑膠製品,哥斯大黎加,出口總值(含復出口),20,6120
2018-2,39239090,其他供輸送或包裝貨物之塑膠製品,泰國,出口總值(含復出口),226,17421
2018-2,39239090,其他供輸送或包裝貨物之塑膠製品,紐西蘭,出口總值(含復出口),92,16382
2018-2,39239090,其他供輸送或包裝貨物之塑膠製品,馬來西亞,出口總值(含復出口),165,39580
2018-2,39239090,其他供輸送或包裝貨物之塑膠製品,荷蘭,出口總值(含復出口),156,8540
2018-2,39239090,其他供輸送或包裝貨物之塑膠製品,菲律賓,出口總值(含復出口),153,45769
2018-2,39239090,其他供輸送或包裝貨物之塑膠製品,越南,出口總值(含復出口),71,26407
2018-2,39239090,其他供輸送或包裝貨物之塑膠製品,新加坡,出口總值(含復出口),81,17675
2018-2,39239090,其他供輸送或包裝貨物之塑膠製品,瑞士,出口總值(含復出口),7,246
2018-2,39239090,其他供輸送或包裝貨物之塑膠製品,瑞典,出口總值(含復出口),10,1315
2018-2,39239090,其他供輸送或包裝貨物之塑膠製品,義大利,出口總值(含復出口),419,16557
2018-2,39239090,其他供輸送或包裝貨物之塑膠製品,蓋亞那,出口總值(含復出口),1,150
2018-2,39239090,其他供輸送或包裝貨物之塑膠製品,德國,出口總值(含復出口),32,4758
2018-2,39239090,其他供輸送或包裝貨物之塑膠製品,緬甸,出口總值(含復出口),8,2700
2018-2,39239090,其他供輸送或包裝貨物之塑膠製品,墨西哥,出口總值(含復出口),77,14102
2018-2,39239090,其他供輸送或包裝貨物之塑膠製品,澳大利亞,出口總值(含復出口),68,11230
2018-2,39239090,其他供輸送或包裝貨物之塑膠製品,蘇利南,出口總值(含復出口),1,400
2018-2,39269012,電氣絕緣用塑膠製品,中國大陸,進口總值(含復進口),14,1489
2018-2,39269012,電氣絕緣用塑膠製品,中華民國,進口總值(含復進口),0,13
2018-2,39269012,電氣絕緣用塑膠製品,日本,進口總值(含復進口),241,731
2018-2,39269012,電氣絕緣用塑膠製品,印度,進口總值(含復進口),5,187
2018-2,39269012,電氣絕緣用塑膠製品,西班牙,進口總值(含復進口),1,82
2018-2,39269012,電氣絕緣用塑膠製品,法國,進口總值(含復進口),0,0
2018-2,39269012,電氣絕緣用塑膠製品,美國,進口總值(含復進口),5,43
2018-2,39269012,電氣絕緣用塑膠製品,越南,進口總值(含復進口),12,9522
2018-2,39269012,電氣絕緣用塑膠製品,瑞士,進口總值(含復進口),1,10
2018-2,39269012,電氣絕緣用塑膠製品,義大利,進口總值(含復進口),0,1
2018-2,39269012,電氣絕緣用塑膠製品,德國,進口總值(含復進口),0,2
2018-2,39269012,電氣絕緣用塑膠製品,澳大利亞,進口總值(含復進口),7,90
2018-2,39269012,電氣絕緣用塑膠製品,中國大陸,出口總值(含復出口),96,11070
2018-2,39269012,電氣絕緣用塑膠製品,厄瓜多,出口總值(含復出口),10,3188
2018-2,39269012,電氣絕緣用塑膠製品,日本,出口總值(含復出口),16,1320
2018-2,39269012,電氣絕緣用塑膠製品,比利時,出口總值(含復出口),12,2902
2018-2,39269012,電氣絕緣用塑膠製品,以色列,出口總值(含復出口),0,0
2018-2,39269012,電氣絕緣用塑膠製品,加拿大,出口總值(含復出口),224,58899
2018-2,39269012,電氣絕緣用塑膠製品,印尼,出口總值(含復出口),7,257
2018-2,39269012,電氣絕緣用塑膠製品,印度,出口總值(含復出口),57,22831
2018-2,39269012,電氣絕緣用塑膠製品,西班牙,出口總值(含復出口),6,639
2018-2,39269012,電氣絕緣用塑膠製品,希臘,出口總值(含復出口),6,1656
2018-2,39269012,電氣絕緣用塑膠製品,沙烏地阿拉伯,出口總值(含復出口),64,20522
2018-2,39269012,電氣絕緣用塑膠製品,波蘭,出口總值(含復出口),67,16236
2018-2,39269012,電氣絕緣用塑膠製品,法國,出口總值(含復出口),5,1229
2018-2,39269012,電氣絕緣用塑膠製品,阿曼,出口總值(含復出口),0,7
2018-2,39269012,電氣絕緣用塑膠製品,俄羅斯,出口總值(含復出口),77,19597
2018-2,39269012,電氣絕緣用塑膠製品,南韓,出口總值(含復出口),464,162389
2018-2,39269012,電氣絕緣用塑膠製品,柬埔寨,出口總值(含復出口),6,84
2018-2,39269012,電氣絕緣用塑膠製品,美國,出口總值(含復出口),281,57864
2018-2,39269012,電氣絕緣用塑膠製品,英國,出口總值(含復出口),106,32618
2018-2,39269012,電氣絕緣用塑膠製品,迦納,出口總值(含復出口),1,20
2018-2,39269012,電氣絕緣用塑膠製品,香港,出口總值(含復出口),13,306
2018-2,39269012,電氣絕緣用塑膠製品,哥倫比亞,出口總值(含復出口),37,13260
2018-2,39269012,電氣絕緣用塑膠製品,秘魯,出口總值(含復出口),2,390
2018-2,39269012,電氣絕緣用塑膠製品,馬來西亞,出口總值(含復出口),47,3139
2018-2,39269012,電氣絕緣用塑膠製品,馬紹爾群島,出口總值(含復出口),1,12
2018-2,39269012,電氣絕緣用塑膠製品,菲律賓,出口總值(含復出口),13,9372
2018-2,39269012,電氣絕緣用塑膠製品,越南,出口總值(含復出口),81,3049
2018-2,39269012,電氣絕緣用塑膠製品,新加坡,出口總值(含復出口),5,399
2018-2,39269012,電氣絕緣用塑膠製品,德國,出口總值(含復出口),25,3698
2018-2,39269012,電氣絕緣用塑膠製品,緬甸,出口總值(含復出口),0,44
2018-2,39269012,電氣絕緣用塑膠製品,墨西哥,出口總值(含復出口),18,1440
2018-2,39269012,電氣絕緣用塑膠製品,薩爾瓦多,出口總值(含復出口),1,45
2018-3,39231010,塑膠製箱子、盒子、籃子及類似品，其形狀或適合供運輸或包裝半導體晶圓或網線,中國大陸,進口總值(含復進口),401,47032
2018-3,39231010,塑膠製箱子、盒子、籃子及類似品，其形狀或適合供運輸或包裝半導體晶圓或網線,中華民國,進口總值(含復進口),14,9118
2018-3,39231010,塑膠製箱子、盒子、籃子及類似品，其形狀或適合供運輸或包裝半導體晶圓或網線,日本,進口總值(含復進口),2796,139638
2018-3,39231010,塑膠製箱子、盒子、籃子及類似品，其形狀或適合供運輸或包裝半導體晶圓或網線,以色列,進口總值(含復進口),0,5
2018-3,39231010,塑膠製箱子、盒子、籃子及類似品，其形狀或適合供運輸或包裝半導體晶圓或網線,印尼,進口總值(含復進口),401,50799
2018-3,39231010,塑膠製箱子、盒子、籃子及類似品，其形狀或適合供運輸或包裝半導體晶圓或網線,波蘭,進口總值(含復進口),0,11
2018-3,39231010,塑膠製箱子、盒子、籃子及類似品，其形狀或適合供運輸或包裝半導體晶圓或網線,南韓,進口總值(含復進口),196,29746
2018-3,39231010,塑膠製箱子、盒子、籃子及類似品，其形狀或適合供運輸或包裝半導體晶圓或網線,美國,進口總值(含復進口),666,37938
2018-3,39231010,塑膠製箱子、盒子、籃子及類似品，其形狀或適合供運輸或包裝半導體晶圓或網線,香港,進口總值(含復進口),1,55
2018-3,39231010,塑膠製箱子、盒子、籃子及類似品，其形狀或適合供運輸或包裝半導體晶圓或網線,馬來西亞,進口總值(含復進口),1092,34604
2018-3,39231010,塑膠製箱子、盒子、籃子及類似品，其形狀或適合供運輸或包裝半導體晶圓或網線,馬紹爾群島,進口總值(含復進口),4,419
2018-3,39231010,塑膠製箱子、盒子、籃子及類似品，其形狀或適合供運輸或包裝半導體晶圓或網線,菲律賓,進口總值(含復進口),6,336
2018-3,39231010,塑膠製箱子、盒子、籃子及類似品，其形狀或適合供運輸或包裝半導體晶圓或網線,越南,進口總值(含復進口),7,256
2018-3,39231010,塑膠製箱子、盒子、籃子及類似品，其形狀或適合供運輸或包裝半導體晶圓或網線,義大利,進口總值(含復進口),1,5
2018-3,39231010,塑膠製箱子、盒子、籃子及類似品，其形狀或適合供運輸或包裝半導體晶圓或網線,德國,進口總值(含復進口),7,24
2018-3,39231010,塑膠製箱子、盒子、籃子及類似品，其形狀或適合供運輸或包裝半導體晶圓或網線,羅馬尼亞,進口總值(含復進口),0,1
2018-3,39231010,塑膠製箱子、盒子、籃子及類似品，其形狀或適合供運輸或包裝半導體晶圓或網線,千里達及托巴哥,出口總值(含復出口),2,49
2018-3,39231010,塑膠製箱子、盒子、籃子及類似品，其形狀或適合供運輸或包裝半導體晶圓或網線,大溪地,出口總值(含復出口),17,6133
2018-3,39231010,塑膠製箱子、盒子、籃子及類似品，其形狀或適合供運輸或包裝半導體晶圓或網線,中國大陸,出口總值(含復出口),668,55093
2018-3,39231010,塑膠製箱子、盒子、籃子及類似品，其形狀或適合供運輸或包裝半導體晶圓或網線,日本,出口總值(含復出口),501,48879
2018-3,39231010,塑膠製箱子、盒子、籃子及類似品，其形狀或適合供運輸或包裝半導體晶圓或網線,比利時,出口總值(含復出口),8,168
2018-3,39231010,塑膠製箱子、盒子、籃子及類似品，其形狀或適合供運輸或包裝半導體晶圓或網線,以色列,出口總值(含復出口),7,492
2018-3,39231010,塑膠製箱子、盒子、籃子及類似品，其形狀或適合供運輸或包裝半導體晶圓或網線,加拿大,出口總值(含復出口),36,4061
2018-3,39231010,塑膠製箱子、盒子、籃子及類似品，其形狀或適合供運輸或包裝半導體晶圓或網線,印尼,出口總值(含復出口),0,5
2018-3,39231010,塑膠製箱子、盒子、籃子及類似品，其形狀或適合供運輸或包裝半導體晶圓或網線,印度,出口總值(含復出口),3,263
2018-3,39231010,塑膠製箱子、盒子、籃子及類似品，其形狀或適合供運輸或包裝半導體晶圓或網線,西班牙,出口總值(含復出口),17,4495
2018-3,39231010,塑膠製箱子、盒子、籃子及類似品，其形狀或適合供運輸或包裝半導體晶圓或網線,帛琉,出口總值(含復出口),2,611
2018-3,39231010,塑膠製箱子、盒子、籃子及類似品，其形狀或適合供運輸或包裝半導體晶圓或網線,芬蘭,出口總值(含復出口),4,800
2018-3,39231010,塑膠製箱子、盒子、籃子及類似品，其形狀或適合供運輸或包裝半導體晶圓或網線,阿拉伯聯合大公國,出口總值(含復出口),8,3184
2018-3,39231010,塑膠製箱子、盒子、籃子及類似品，其形狀或適合供運輸或包裝半導體晶圓或網線,南非,出口總值(含復出口),34,13880
2018-3,39231010,塑膠製箱子、盒子、籃子及類似品，其形狀或適合供運輸或包裝半導體晶圓或網線,南韓,出口總值(含復出口),25,2747
2018-3,39231010,塑膠製箱子、盒子、籃子及類似品，其形狀或適合供運輸或包裝半導體晶圓或網線,約旦,出口總值(含復出口),0,34
2018-3,39231010,塑膠製箱子、盒子、籃子及類似品，其形狀或適合供運輸或包裝半導體晶圓或網線,美國,出口總值(含復出口),259,71541
2018-3,39231010,塑膠製箱子、盒子、籃子及類似品，其形狀或適合供運輸或包裝半導體晶圓或網線,英國,出口總值(含復出口),34,5149
2018-3,39231010,塑膠製箱子、盒子、籃子及類似品，其形狀或適合供運輸或包裝半導體晶圓或網線,香港,出口總值(含復出口),58,42619
2018-3,39231010,塑膠製箱子、盒子、籃子及類似品，其形狀或適合供運輸或包裝半導體晶圓或網線,馬來西亞,出口總值(含復出口),83,8270
2018-3,39231010,塑膠製箱子、盒子、籃子及類似品，其形狀或適合供運輸或包裝半導體晶圓或網線,荷蘭,出口總值(含復出口),16,1504
2018-3,39231010,塑膠製箱子、盒子、籃子及類似品，其形狀或適合供運輸或包裝半導體晶圓或網線,菲律賓,出口總值(含復出口),12,19282
2018-3,39231010,塑膠製箱子、盒子、籃子及類似品，其形狀或適合供運輸或包裝半導體晶圓或網線,越南,出口總值(含復出口),20,3372
2018-3,39231010,塑膠製箱子、盒子、籃子及類似品，其形狀或適合供運輸或包裝半導體晶圓或網線,新加坡,出口總值(含復出口),67,13714
2018-3,39231010,塑膠製箱子、盒子、籃子及類似品，其形狀或適合供運輸或包裝半導體晶圓或網線,瑞典,出口總值(含復出口),24,3955
2018-3,39231010,塑膠製箱子、盒子、籃子及類似品，其形狀或適合供運輸或包裝半導體晶圓或網線,義大利,出口總值(含復出口),6,195
2018-3,39231010,塑膠製箱子、盒子、籃子及類似品，其形狀或適合供運輸或包裝半導體晶圓或網線,德國,出口總值(含復出口),80,15340
2018-3,39231010,塑膠製箱子、盒子、籃子及類似品，其形狀或適合供運輸或包裝半導體晶圓或網線,墨西哥,出口總值(含復出口),3,213
2018-3,39231010,塑膠製箱子、盒子、籃子及類似品，其形狀或適合供運輸或包裝半導體晶圓或網線,澳大利亞,出口總值(含復出口),18,2461
2018-3,39239090,其他供輸送或包裝貨物之塑膠製品,土耳其,進口總值(含復進口),0,15
2018-3,39239090,其他供輸送或包裝貨物之塑膠製品,中國大陸,進口總值(含復進口),5134,1322466
2018-3,39239090,其他供輸送或包裝貨物之塑膠製品,中華民國,進口總值(含復進口),591,197632
2018-3,39239090,其他供輸送或包裝貨物之塑膠製品,丹麥,進口總值(含復進口),16,518
2018-3,39239090,其他供輸送或包裝貨物之塑膠製品,日本,進口總值(含復進口),1641,239833
2018-3,39239090,其他供輸送或包裝貨物之塑膠製品,比利時,進口總值(含復進口),3,344
2018-3,39239090,其他供輸送或包裝貨物之塑膠製品,以色列,進口總值(含復進口),0,8
2018-3,39239090,其他供輸送或包裝貨物之塑膠製品,加拿大,進口總值(含復進口),2,311
2018-3,39239090,其他供輸送或包裝貨物之塑膠製品,印尼,進口總值(含復進口),0,16
2018-3,39239090,其他供輸送或包裝貨物之塑膠製品,拉脫維亞,進口總值(含復進口),2,151
2018-3,39239090,其他供輸送或包裝貨物之塑膠製品,法國,進口總值(含復進口),8,162
2018-3,39239090,其他供輸送或包裝貨物之塑膠製品,南韓,進口總值(含復進口),1220,266848
2018-3,39239090,其他供輸送或包裝貨物之塑膠製品,美國,進口總值(含復進口),869,109961
2018-3,39239090,其他供輸送或包裝貨物之塑膠製品,英國,進口總值(含復進口),14,1532
2018-3,39239090,其他供輸送或包裝貨物之塑膠製品,香港,進口總值(含復進口),0,0
2018-3,39239090,其他供輸送或包裝貨物之塑膠製品,泰國,進口總值(含復進口),541,97223
2018-3,39239090,其他供輸送或包裝貨物之塑膠製品,馬來西亞,進口總值(含復進口),1465,174047
2018-3,39239090,其他供輸送或包裝貨物之塑膠製品,荷蘭,進口總值(含復進口),46,1153
2018-3,39239090,其他供輸送或包裝貨物之塑膠製品,菲律賓,進口總值(含復進口),440,100050
2018-3,39239090,其他供輸送或包裝貨物之塑膠製品,越南,進口總值(含復進口),6,3665
2018-3,39239090,其他供輸送或包裝貨物之塑膠製品,新加坡,進口總值(含復進口),108,37818
2018-3,39239090,其他供輸送或包裝貨物之塑膠製品,瑞士,進口總值(含復進口),0,31
2018-3,39239090,其他供輸送或包裝貨物之塑膠製品,瑞典,進口總值(含復進口),0,1
2018-3,39239090,其他供輸送或包裝貨物之塑膠製品,義大利,進口總值(含復進口),14,2483
2018-3,39239090,其他供輸送或包裝貨物之塑膠製品,葡萄牙,進口總值(含復進口),1,259
2018-3,39239090,其他供輸送或包裝貨物之塑膠製品,德國,進口總值(含復進口),225,12452
2018-3,39239090,其他供輸送或包裝貨物之塑膠製品,澳大利亞,進口總值(含復進口),3,90
2018-3,39239090,其他供輸送或包裝貨物之塑膠製品,中國大陸,出口總值(含復出口),2335,437697
2018-3,39239090,其他供輸送或包裝貨物之塑膠製品,厄瓜多,出口總值(含復出口),14,2457
2018-3,39239090,其他供輸送或包裝貨物之塑膠製品,巴西,出口總值(含復出口),71,26571
2018-3,39239090,其他供輸送或包裝貨物之塑膠製品,日本,出口總值(含復出口),1334,162480
2018-3,39239090,其他供輸送或包裝貨物之塑膠製品,比利時,出口總值(含復出口),7,346
2018-3,39239090,其他供輸送或包裝貨物之塑膠製品,以色列,出口總值(含復出口),12,2462
2018-3,39239090,其他供輸送或包裝貨物之塑膠製品,加拿大,出口總值(含復出口),167,24633
2018-3,39239090,其他供輸送或包裝貨物之塑膠製品,立陶宛,出口總值(含復出口),15,6511
2018-3,39239090,其他供輸送或包裝貨物之塑膠製品,印尼,出口總值(含復出口),31,4479
2018-3,39239090,其他供輸送或包裝貨物之塑膠製品,印度,出口總值(含復出口),7,1200
2018-3,39239090,其他供輸送或包裝貨物之塑膠製品,希臘,出口總值(含復出口),13,8200
2018-3,39239090,其他供輸送或包裝貨物之塑膠製品,沙烏地阿拉伯,出口總值(含復出口),32,14912
2018-3,39239090,其他供輸送或包裝貨物之塑膠製品,汶萊,出口總值(含復出口),0,84
2018-3,39239090,其他供輸送或包裝貨物之塑膠製品,其他國家,出口總值(含復出口),1,385
2018-3,39239090,其他供輸送或包裝貨物之塑膠製品,孟加拉,出口總值(含復出口),173,32249
2018-3,39239090,其他供輸送或包裝貨物之塑膠製品,波多黎各,出口總值(含復出口),14,4657
2018-3,39239090,其他供輸送或包裝貨物之塑膠製品,波蘭,出口總值(含復出口),13,960
2018-3,39239090,其他供輸送或包裝貨物之塑膠製品,法國,出口總值(含復出口),72,4312
2018-3,39239090,其他供輸送或包裝貨物之塑膠製品,阿拉伯聯合大公國,出口總值(含復出口),29,12105
2018-3,39239090,其他供輸送或包裝貨物之塑膠製品,俄羅斯,出口總值(含復出口),36,2041
2018-3,39239090,其他供輸送或包裝貨物之塑膠製品,南非,出口總值(含復出口),19,772
2018-3,39239090,其他供輸送或包裝貨物之塑膠製品,南韓,出口總值(含復出口),335,90928
2018-3,39239090,其他供輸送或包裝貨物之塑膠製品,約旦,出口總值(含復出口),5,3000
2018-3,39239090,其他供輸送或包裝貨物之塑膠製品,美國,出口總值(含復出口),1459,389651
2018-3,39239090,其他供輸送或包裝貨物之塑膠製品,英國,出口總值(含復出口),162,17144
2018-3,39239090,其他供輸送或包裝貨物之塑膠製品,香港,出口總值(含復出口),554,123576
2018-3,39239090,其他供輸送或包裝貨物之塑膠製品,哥倫比亞,出口總值(含復出口),29,4439
2018-3,39239090,其他供輸送或包裝貨物之塑膠製品,哥斯大黎加,出口總值(含復出口),26,9085
2018-3,39239090,其他供輸送或包裝貨物之塑膠製品,挪威,出口總值(含復出口),5,315
2018-3,39239090,其他供輸送或包裝貨物之塑膠製品,泰國,出口總值(含復出口),182,35933
2018-3,39239090,其他供輸送或包裝貨物之塑膠製品,秘魯,出口總值(含復出口),30,8868
2018-3,39239090,其他供輸送或包裝貨物之塑膠製品,紐西蘭,出口總值(含復出口),34,5433
2018-3,39239090,其他供輸送或包裝貨物之塑膠製品,馬來西亞,出口總值(含復出口),253,70064
2018-3,39239090,其他供輸送或包裝貨物之塑膠製品,捷克,出口總值(含復出口),0,20
2018-3,39239090,其他供輸送或包裝貨物之塑膠製品,荷蘭,出口總值(含復出口),150,5677
2018-3,39239090,其他供輸送或包裝貨物之塑膠製品,斯里蘭卡,出口總值(含復出口),26,16439
2018-3,39239090,其他供輸送或包裝貨物之塑膠製品,智利,出口總值(含復出口),15,4577
2018-3,39239090,其他供輸送或包裝貨物之塑膠製品,菲律賓,出口總值(含復出口),204,60883
2018-3,39239090,其他供輸送或包裝貨物之塑膠製品,越南,出口總值(含復出口),443,45666
2018-3,39239090,其他供輸送或包裝貨物之塑膠製品,新加坡,出口總值(含復出口),117,23725
2018-3,39239090,其他供輸送或包裝貨物之塑膠製品,瑞士,出口總值(含復出口),37,829
2018-3,39239090,其他供輸送或包裝貨物之塑膠製品,瑞典,出口總值(含復出口),7,1356
2018-3,39239090,其他供輸送或包裝貨物之塑膠製品,義大利,出口總值(含復出口),312,21029
2018-3,39239090,其他供輸送或包裝貨物之塑膠製品,德國,出口總值(含復出口),58,6503
2018-3,39239090,其他供輸送或包裝貨物之塑膠製品,模里西斯,出口總值(含復出口),23,7767
2018-3,39239090,其他供輸送或包裝貨物之塑膠製品,緬甸,出口總值(含復出口),9,1086
2018-3,39239090,其他供輸送或包裝貨物之塑膠製品,黎巴嫩,出口總值(含復出口),15,9800
2018-3,39239090,其他供輸送或包裝貨物之塑膠製品,墨西哥,出口總值(含復出口),131,35232
2018-3,39239090,其他供輸送或包裝貨物之塑膠製品,澳大利亞,出口總值(含復出口),82,19513
2018-3,39239090,其他供輸送或包裝貨物之塑膠製品,澳門,出口總值(含復出口),0,7
2018-3,39239090,其他供輸送或包裝貨物之塑膠製品,賴索托,出口總值(含復出口),5,3740
2018-3,39239090,其他供輸送或包裝貨物之塑膠製品,賽普勒斯,出口總值(含復出口),20,9295
2018-3,39239090,其他供輸送或包裝貨物之塑膠製品,薩爾瓦多,出口總值(含復出口),14,10300
2018-3,39239090,其他供輸送或包裝貨物之塑膠製品,羅馬尼亞,出口總值(含復出口),9,1442
2018-3,39269012,電氣絕緣用塑膠製品,中國大陸,進口總值(含復進口),27,547
2018-3,39269012,電氣絕緣用塑膠製品,日本,進口總值(含復進口),352,4194
2018-3,39269012,電氣絕緣用塑膠製品,比利時,進口總值(含復進口),0,0
2018-3,39269012,電氣絕緣用塑膠製品,印度,進口總值(含復進口),1,13
2018-3,39269012,電氣絕緣用塑膠製品,西班牙,進口總值(含復進口),1,104
2018-3,39269012,電氣絕緣用塑膠製品,法國,進口總值(含復進口),0,0
2018-3,39269012,電氣絕緣用塑膠製品,南韓,進口總值(含復進口),1,1
2018-3,39269012,電氣絕緣用塑膠製品,美國,進口總值(含復進口),32,539
2018-3,39269012,電氣絕緣用塑膠製品,越南,進口總值(含復進口),27,14783
2018-3,39269012,電氣絕緣用塑膠製品,新加坡,進口總值(含復進口),0,0
2018-3,39269012,電氣絕緣用塑膠製品,德國,進口總值(含復進口),2,18
2018-3,39269012,電氣絕緣用塑膠製品,墨西哥,進口總值(含復進口),3,3
2018-3,39269012,電氣絕緣用塑膠製品,澳大利亞,進口總值(含復進口),4,83
2018-3,39269012,電氣絕緣用塑膠製品,土耳其,出口總值(含復出口),6,1288
2018-3,39269012,電氣絕緣用塑膠製品,中國大陸,出口總值(含復出口),304,40143
2018-3,39269012,電氣絕緣用塑膠製品,日本,出口總值(含復出口),42,4050
2018-3,39269012,電氣絕緣用塑膠製品,比利時,出口總值(含復出口),21,4772
2018-3,39269012,電氣絕緣用塑膠製品,以色列,出口總值(含復出口),0,2
2018-3,39269012,電氣絕緣用塑膠製品,加拿大,出口總值(含復出口),295,80968
2018-3,39269012,電氣絕緣用塑膠製品,北馬里亞納群島,出口總值(含復出口),0,62
2018-3,39269012,電氣絕緣用塑膠製品,匈牙利,出口總值(含復出口),1,55
2018-3,39269012,電氣絕緣用塑膠製品,印尼,出口總值(含復出口),13,487
2018-3,39269012,電氣絕緣用塑膠製品,印度,出口總值(含復出口),114,46613
2018-3,39269012,電氣絕緣用塑膠製品,多明尼加,出口總值(含復出口),9,2862
2018-3,39269012,電氣絕緣用塑膠製品,沙烏地阿拉伯,出口總值(含復出口),67,20137
2018-3,39269012,電氣絕緣用塑膠製品,波多黎各,出口總值(含復出口),1,115
2018-3,39269012,電氣絕緣用塑膠製品,俄羅斯,出口總值(含復出口),44,14003
2018-3,39269012,電氣絕緣用塑膠製品,南非,出口總值(含復出口),13,3817
2018-3,39269012,電氣絕緣用塑膠製品,南韓,出口總值(含復出口),70,24950
2018-3,39269012,電氣絕緣用塑膠製品,柬埔寨,出口總值(含復出口),3,72
2018-3,39269012,電氣絕緣用塑膠製品,美國,出口總值(含復出口),109,23052
2018-3,39269012,電氣絕緣用塑膠製品,英國,出口總值(含復出口),124,38488
2018-3,39269012,電氣絕緣用塑膠製品,香港,出口總值(含復出口),31,786
2018-3,39269012,電氣絕緣用塑膠製品,哥倫比亞,出口總值(含復出口),31,13175
2018-3,39269012,電氣絕緣用塑膠製品,哥斯大黎加,出口總值(含復出口),5,1360
2018-3,39269012,電氣絕緣用塑膠製品,埃及,出口總值(含復出口),60,20269
2018-3,39269012,電氣絕緣用塑膠製品,泰國,出口總值(含復出口),11,1482
2018-3,39269012,電氣絕緣用塑膠製品,紐西蘭,出口總值(含復出口),2,623
2018-3,39269012,電氣絕緣用塑膠製品,馬來西亞,出口總值(含復出口),30,1669
2018-3,39269012,電氣絕緣用塑膠製品,捷克,出口總值(含復出口),1,28
2018-3,39269012,電氣絕緣用塑膠製品,荷蘭,出口總值(含復出口),69,17546
2018-3,39269012,電氣絕緣用塑膠製品,菲律賓,出口總值(含復出口),17,11519
2018-3,39269012,電氣絕緣用塑膠製品,越南,出口總值(含復出口),61,2236
2018-3,39269012,電氣絕緣用塑膠製品,新加坡,出口總值(含復出口),7,635
2018-3,39269012,電氣絕緣用塑膠製品,瑞士,出口總值(含復出口),7,1536
2018-3,39269012,電氣絕緣用塑膠製品,瑞典,出口總值(含復出口),16,3269
2018-3,39269012,電氣絕緣用塑膠製品,義大利,出口總值(含復出口),147,31559
2018-3,39269012,電氣絕緣用塑膠製品,德國,出口總值(含復出口),103,23876
2018-3,39269012,電氣絕緣用塑膠製品,緬甸,出口總值(含復出口),0,37
2018-3,39269012,電氣絕緣用塑膠製品,黎巴嫩,出口總值(含復出口),32,10938
2018-3,39269012,電氣絕緣用塑膠製品,墨西哥,出口總值(含復出口),99,32942
2018-3,39269012,電氣絕緣用塑膠製品,澳大利亞,出口總值(含復出口),64,16925
2018-4,39231010,塑膠製箱子、盒子、籃子及類似品，其形狀或適合供運輸或包裝半導體晶圓或網線,中國大陸,進口總值(含復進口),441,61882
2018-4,39231010,塑膠製箱子、盒子、籃子及類似品，其形狀或適合供運輸或包裝半導體晶圓或網線,中華民國,進口總值(含復進口),0,168
2018-4,39231010,塑膠製箱子、盒子、籃子及類似品，其形狀或適合供運輸或包裝半導體晶圓或網線,日本,進口總值(含復進口),2442,113864
2018-4,39231010,塑膠製箱子、盒子、籃子及類似品，其形狀或適合供運輸或包裝半導體晶圓或網線,加拿大,進口總值(含復進口),0,0
2018-4,39231010,塑膠製箱子、盒子、籃子及類似品，其形狀或適合供運輸或包裝半導體晶圓或網線,印尼,進口總值(含復進口),343,43122
2018-4,39231010,塑膠製箱子、盒子、籃子及類似品，其形狀或適合供運輸或包裝半導體晶圓或網線,印度,進口總值(含復進口),0,2
2018-4,39231010,塑膠製箱子、盒子、籃子及類似品，其形狀或適合供運輸或包裝半導體晶圓或網線,波蘭,進口總值(含復進口),0,13
2018-4,39231010,塑膠製箱子、盒子、籃子及類似品，其形狀或適合供運輸或包裝半導體晶圓或網線,法國,進口總值(含復進口),4,22
2018-4,39231010,塑膠製箱子、盒子、籃子及類似品，其形狀或適合供運輸或包裝半導體晶圓或網線,俄羅斯,進口總值(含復進口),0,16
2018-4,39231010,塑膠製箱子、盒子、籃子及類似品，其形狀或適合供運輸或包裝半導體晶圓或網線,南韓,進口總值(含復進口),319,28449
2018-4,39231010,塑膠製箱子、盒子、籃子及類似品，其形狀或適合供運輸或包裝半導體晶圓或網線,美國,進口總值(含復進口),759,50259
2018-4,39231010,塑膠製箱子、盒子、籃子及類似品，其形狀或適合供運輸或包裝半導體晶圓或網線,英國,進口總值(含復進口),0,1
2018-4,39231010,塑膠製箱子、盒子、籃子及類似品，其形狀或適合供運輸或包裝半導體晶圓或網線,香港,進口總值(含復進口),1,58
2018-4,39231010,塑膠製箱子、盒子、籃子及類似品，其形狀或適合供運輸或包裝半導體晶圓或網線,馬來西亞,進口總值(含復進口),1366,44912
2018-4,39231010,塑膠製箱子、盒子、籃子及類似品，其形狀或適合供運輸或包裝半導體晶圓或網線,菲律賓,進口總值(含復進口),3,164
2018-4,39231010,塑膠製箱子、盒子、籃子及類似品，其形狀或適合供運輸或包裝半導體晶圓或網線,越南,進口總值(含復進口),11,396
2018-4,39231010,塑膠製箱子、盒子、籃子及類似品，其形狀或適合供運輸或包裝半導體晶圓或網線,新加坡,進口總值(含復進口),40,27346
2018-4,39231010,塑膠製箱子、盒子、籃子及類似品，其形狀或適合供運輸或包裝半導體晶圓或網線,瑞士,進口總值(含復進口),1,1
2018-4,39231010,塑膠製箱子、盒子、籃子及類似品，其形狀或適合供運輸或包裝半導體晶圓或網線,義大利,進口總值(含復進口),1,85
2018-4,39231010,塑膠製箱子、盒子、籃子及類似品，其形狀或適合供運輸或包裝半導體晶圓或網線,德國,進口總值(含復進口),9,35
2018-4,39231010,塑膠製箱子、盒子、籃子及類似品，其形狀或適合供運輸或包裝半導體晶圓或網線,大溪地,出口總值(含復出口),21,6901
2018-4,39231010,塑膠製箱子、盒子、籃子及類似品，其形狀或適合供運輸或包裝半導體晶圓或網線,中國大陸,出口總值(含復出口),795,155632
2018-4,39231010,塑膠製箱子、盒子、籃子及類似品，其形狀或適合供運輸或包裝半導體晶圓或網線,巴西,出口總值(含復出口),1,7
2018-4,39231010,塑膠製箱子、盒子、籃子及類似品，其形狀或適合供運輸或包裝半導體晶圓或網線,日本,出口總值(含復出口),377,38363
2018-4,39231010,塑膠製箱子、盒子、籃子及類似品，其形狀或適合供運輸或包裝半導體晶圓或網線,比利時,出口總值(含復出口),24,504
2018-4,39231010,塑膠製箱子、盒子、籃子及類似品，其形狀或適合供運輸或包裝半導體晶圓或網線,加拿大,出口總值(含復出口),126,16727
2018-4,39231010,塑膠製箱子、盒子、籃子及類似品，其形狀或適合供運輸或包裝半導體晶圓或網線,印度,出口總值(含復出口),38,10820
2018-4,39231010,塑膠製箱子、盒子、籃子及類似品，其形狀或適合供運輸或包裝半導體晶圓或網線,衣索比亞,出口總值(含復出口),4,1075
2018-4,39231010,塑膠製箱子、盒子、籃子及類似品，其形狀或適合供運輸或包裝半導體晶圓或網線,帛琉,出口總值(含復出口),1,169
2018-4,39231010,塑膠製箱子、盒子、籃子及類似品，其形狀或適合供運輸或包裝半導體晶圓或網線,法屬玻里尼西亞,出口總值(含復出口),19,6199
2018-4,39231010,塑膠製箱子、盒子、籃子及類似品，其形狀或適合供運輸或包裝半導體晶圓或網線,南韓,出口總值(含復出口),75,19871
2018-4,39231010,塑膠製箱子、盒子、籃子及類似品，其形狀或適合供運輸或包裝半導體晶圓或網線,美國,出口總值(含復出口),184,60165
2018-4,39231010,塑膠製箱子、盒子、籃子及類似品，其形狀或適合供運輸或包裝半導體晶圓或網線,英國,出口總值(含復出口),50,8452
2018-4,39231010,塑膠製箱子、盒子、籃子及類似品，其形狀或適合供運輸或包裝半導體晶圓或網線,香港,出口總值(含復出口),41,39384
2018-4,39231010,塑膠製箱子、盒子、籃子及類似品，其形狀或適合供運輸或包裝半導體晶圓或網線,哥斯大黎加,出口總值(含復出口),0,40
2018-4,39231010,塑膠製箱子、盒子、籃子及類似品，其形狀或適合供運輸或包裝半導體晶圓或網線,馬來西亞,出口總值(含復出口),77,7844
2018-4,39231010,塑膠製箱子、盒子、籃子及類似品，其形狀或適合供運輸或包裝半導體晶圓或網線,荷蘭,出口總值(含復出口),0,16
2018-4,39231010,塑膠製箱子、盒子、籃子及類似品，其形狀或適合供運輸或包裝半導體晶圓或網線,斯里蘭卡,出口總值(含復出口),0,5
2018-4,39231010,塑膠製箱子、盒子、籃子及類似品，其形狀或適合供運輸或包裝半導體晶圓或網線,菲律賓,出口總值(含復出口),20,10597
2018-4,39231010,塑膠製箱子、盒子、籃子及類似品，其形狀或適合供運輸或包裝半導體晶圓或網線,越南,出口總值(含復出口),31,5449
2018-4,39231010,塑膠製箱子、盒子、籃子及類似品，其形狀或適合供運輸或包裝半導體晶圓或網線,新加坡,出口總值(含復出口),45,13457
2018-4,39231010,塑膠製箱子、盒子、籃子及類似品，其形狀或適合供運輸或包裝半導體晶圓或網線,瑞典,出口總值(含復出口),0,2
2018-4,39231010,塑膠製箱子、盒子、籃子及類似品，其形狀或適合供運輸或包裝半導體晶圓或網線,德國,出口總值(含復出口),44,8303
2018-4,39231010,塑膠製箱子、盒子、籃子及類似品，其形狀或適合供運輸或包裝半導體晶圓或網線,澳大利亞,出口總值(含復出口),8,1655
2018-4,39239090,其他供輸送或包裝貨物之塑膠製品,中國大陸,進口總值(含復進口),6114,1544497
2018-4,39239090,其他供輸送或包裝貨物之塑膠製品,中華民國,進口總值(含復進口),545,204598
2018-4,39239090,其他供輸送或包裝貨物之塑膠製品,丹麥,進口總值(含復進口),0,1
2018-4,39239090,其他供輸送或包裝貨物之塑膠製品,日本,進口總值(含復進口),2085,258248
2018-4,39239090,其他供輸送或包裝貨物之塑膠製品,比利時,進口總值(含復進口),1,283
2018-4,39239090,其他供輸送或包裝貨物之塑膠製品,加拿大,進口總值(含復進口),2,259
2018-4,39239090,其他供輸送或包裝貨物之塑膠製品,印尼,進口總值(含復進口),2,189
2018-4,39239090,其他供輸送或包裝貨物之塑膠製品,西班牙,進口總值(含復進口),3,3
2018-4,39239090,其他供輸送或包裝貨物之塑膠製品,拉脫維亞,進口總值(含復進口),1,91
2018-4,39239090,其他供輸送或包裝貨物之塑膠製品,法國,進口總值(含復進口),2,22
2018-4,39239090,其他供輸送或包裝貨物之塑膠製品,南韓,進口總值(含復進口),1479,277370
2018-4,39239090,其他供輸送或包裝貨物之塑膠製品,美國,進口總值(含復進口),789,106405
2018-4,39239090,其他供輸送或包裝貨物之塑膠製品,英國,進口總值(含復進口),0,6
2018-4,39239090,其他供輸送或包裝貨物之塑膠製品,挪威,進口總值(含復進口),0,21
2018-4,39239090,其他供輸送或包裝貨物之塑膠製品,泰國,進口總值(含復進口),265,55933
2018-4,39239090,其他供輸送或包裝貨物之塑膠製品,馬來西亞,進口總值(含復進口),832,101265
2018-4,39239090,其他供輸送或包裝貨物之塑膠製品,捷克,進口總值(含復進口),4,2495
2018-4,39239090,其他供輸送或包裝貨物之塑膠製品,荷蘭,進口總值(含復進口),15,76
2018-4,39239090,其他供輸送或包裝貨物之塑膠製品,菲律賓,進口總值(含復進口),207,37911
2018-4,39239090,其他供輸送或包裝貨物之塑膠製品,越南,進口總值(含復進口),15,9787
2018-4,39239090,其他供輸送或包裝貨物之塑膠製品,奧地利,進口總值(含復進口),0,9
2018-4,39239090,其他供輸送或包裝貨物之塑膠製品,新加坡,進口總值(含復進口),138,30172
2018-4,39239090,其他供輸送或包裝貨物之塑膠製品,瑞士,進口總值(含復進口),4,50
2018-4,39239090,其他供輸送或包裝貨物之塑膠製品,瑞典,進口總值(含復進口),0,3
2018-4,39239090,其他供輸送或包裝貨物之塑膠製品,義大利,進口總值(含復進口),14,2300
2018-4,39239090,其他供輸送或包裝貨物之塑膠製品,葡萄牙,進口總值(含復進口),3,978
2018-4,39239090,其他供輸送或包裝貨物之塑膠製品,德國,進口總值(含復進口),182,22074
2018-4,39239090,其他供輸送或包裝貨物之塑膠製品,澳大利亞,進口總值(含復進口),1,30
2018-4,39239090,其他供輸送或包裝貨物之塑膠製品,中國大陸,出口總值(含復出口),2099,396810
2018-4,39239090,其他供輸送或包裝貨物之塑膠製品,巴西,出口總值(含復出口),40,14655
2018-4,39239090,其他供輸送或包裝貨物之塑膠製品,巴拿馬,出口總值(含復出口),43,12589
2018-4,39239090,其他供輸送或包裝貨物之塑膠製品,巴基斯坦,出口總值(含復出口),10,731
2018-4,39239090,其他供輸送或包裝貨物之塑膠製品,日本,出口總值(含復出口),921,135345
2018-4,39239090,其他供輸送或包裝貨物之塑膠製品,比利時,出口總值(含復出口),38,1848
2018-4,39239090,其他供輸送或包裝貨物之塑膠製品,以色列,出口總值(含復出口),16,1135
2018-4,39239090,其他供輸送或包裝貨物之塑膠製品,加拿大,出口總值(含復出口),92,22255
2018-4,39239090,其他供輸送或包裝貨物之塑膠製品,卡達,出口總值(含復出口),18,6753
2018-4,39239090,其他供輸送或包裝貨物之塑膠製品,瓜地馬拉,出口總值(含復出口),3,951
2018-4,39239090,其他供輸送或包裝貨物之塑膠製品,立陶宛,出口總值(含復出口),4,728
2018-4,39239090,其他供輸送或包裝貨物之塑膠製品,印尼,出口總值(含復出口),81,10113
2018-4,39239090,其他供輸送或包裝貨物之塑膠製品,印度,出口總值(含復出口),40,4707
2018-4,39239090,其他供輸送或包裝貨物之塑膠製品,宏都拉斯,出口總值(含復出口),15,4372
2018-4,39239090,其他供輸送或包裝貨物之塑膠製品,希臘,出口總值(含復出口),46,24350
2018-4,39239090,其他供輸送或包裝貨物之塑膠製品,沙烏地阿拉伯,出口總值(含復出口),53,13765
2018-4,39239090,其他供輸送或包裝貨物之塑膠製品,貝里斯,出口總值(含復出口),5,2246
2018-4,39239090,其他供輸送或包裝貨物之塑膠製品,其他國家,出口總值(含復出口),1,283
2018-4,39239090,其他供輸送或包裝貨物之塑膠製品,奈及利亞,出口總值(含復出口),0,150
2018-4,39239090,其他供輸送或包裝貨物之塑膠製品,孟加拉,出口總值(含復出口),0,12
2018-4,39239090,其他供輸送或包裝貨物之塑膠製品,波蘭,出口總值(含復出口),62,5344
2018-4,39239090,其他供輸送或包裝貨物之塑膠製品,法國,出口總值(含復出口),68,4338
2018-4,39239090,其他供輸送或包裝貨物之塑膠製品,肯亞,出口總值(含復出口),3,900
2018-4,39239090,其他供輸送或包裝貨物之塑膠製品,阿拉伯聯合大公國,出口總值(含復出口),3,1077
2018-4,39239090,其他供輸送或包裝貨物之塑膠製品,阿根廷,出口總值(含復出口),0,12
2018-4,39239090,其他供輸送或包裝貨物之塑膠製品,南韓,出口總值(含復出口),719,299010
2018-4,39239090,其他供輸送或包裝貨物之塑膠製品,柬埔寨,出口總值(含復出口),0,25
2018-4,39239090,其他供輸送或包裝貨物之塑膠製品,約旦,出口總值(含復出口),1,350
2018-4,39239090,其他供輸送或包裝貨物之塑膠製品,美國,出口總值(含復出口),970,299213
2018-4,39239090,其他供輸送或包裝貨物之塑膠製品,英國,出口總值(含復出口),124,11798
2018-4,39239090,其他供輸送或包裝貨物之塑膠製品,香港,出口總值(含復出口),296,48027
2018-4,39239090,其他供輸送或包裝貨物之塑膠製品,哥倫比亞,出口總值(含復出口),28,2697
2018-4,39239090,其他供輸送或包裝貨物之塑膠製品,哥斯大黎加,出口總值(含復出口),16,5148
2018-4,39239090,其他供輸送或包裝貨物之塑膠製品,埃及,出口總值(含復出口),0,20
2018-4,39239090,其他供輸送或包裝貨物之塑膠製品,挪威,出口總值(含復出口),2,61
2018-4,39239090,其他供輸送或包裝貨物之塑膠製品,泰國,出口總值(含復出口),100,6715
2018-4,39239090,其他供輸送或包裝貨物之塑膠製品,紐西蘭,出口總值(含復出口),43,924
2018-4,39239090,其他供輸送或包裝貨物之塑膠製品,馬來西亞,出口總值(含復出口),172,53669
2018-4,39239090,其他供輸送或包裝貨物之塑膠製品,馬紹爾群島,出口總值(含復出口),0,252
2018-4,39239090,其他供輸送或包裝貨物之塑膠製品,荷蘭,出口總值(含復出口),22,832
2018-4,39239090,其他供輸送或包裝貨物之塑膠製品,斯里蘭卡,出口總值(含復出口),5,1560
2018-4,39239090,其他供輸送或包裝貨物之塑膠製品,菲律賓,出口總值(含復出口),192,62162
2018-4,39239090,其他供輸送或包裝貨物之塑膠製品,越南,出口總值(含復出口),207,34065
2018-4,39239090,其他供輸送或包裝貨物之塑膠製品,新加坡,出口總值(含復出口),122,24367
2018-4,39239090,其他供輸送或包裝貨物之塑膠製品,瑞典,出口總值(含復出口),31,6848
2018-4,39239090,其他供輸送或包裝貨物之塑膠製品,義大利,出口總值(含復出口),65,3434
2018-4,39239090,其他供輸送或包裝貨物之塑膠製品,德國,出口總值(含復出口),91,19213
2018-4,39239090,其他供輸送或包裝貨物之塑膠製品,緬甸,出口總值(含復出口),3,761
2018-4,39239090,其他供輸送或包裝貨物之塑膠製品,墨西哥,出口總值(含復出口),128,26311
2018-4,39239090,其他供輸送或包裝貨物之塑膠製品,澳大利亞,出口總值(含復出口),44,10264
2018-4,39239090,其他供輸送或包裝貨物之塑膠製品,澳門,出口總值(含復出口),0,12
2018-4,39239090,其他供輸送或包裝貨物之塑膠製品,賽普勒斯,出口總值(含復出口),12,5221
2018-4,39239090,其他供輸送或包裝貨物之塑膠製品,關島,出口總值(含復出口),5,1980
2018-4,39269012,電氣絕緣用塑膠製品,中國大陸,進口總值(含復進口),66,4190
2018-4,39269012,電氣絕緣用塑膠製品,日本,進口總值(含復進口),380,803
2018-4,39269012,電氣絕緣用塑膠製品,西班牙,進口總值(含復進口),1,113
2018-4,39269012,電氣絕緣用塑膠製品,法國,進口總值(含復進口),0,5
2018-4,39269012,電氣絕緣用塑膠製品,美國,進口總值(含復進口),11,54
2018-4,39269012,電氣絕緣用塑膠製品,菲律賓,進口總值(含復進口),0,0
2018-4,39269012,電氣絕緣用塑膠製品,越南,進口總值(含復進口),13,5812
2018-4,39269012,電氣絕緣用塑膠製品,德國,進口總值(含復進口),1,1
2018-4,39269012,電氣絕緣用塑膠製品,土耳其,出口總值(含復出口),9,1250
2018-4,39269012,電氣絕緣用塑膠製品,中國大陸,出口總值(含復出口),199,29746
2018-4,39269012,電氣絕緣用塑膠製品,厄瓜多,出口總值(含復出口),10,3188
2018-4,39269012,電氣絕緣用塑膠製品,日本,出口總值(含復出口),12,1027
2018-4,39269012,電氣絕緣用塑膠製品,比利時,出口總值(含復出口),25,5767
2018-4,39269012,電氣絕緣用塑膠製品,加拿大,出口總值(含復出口),412,113579
2018-4,39269012,電氣絕緣用塑膠製品,匈牙利,出口總值(含復出口),1,34
2018-4,39269012,電氣絕緣用塑膠製品,印尼,出口總值(含復出口),15,618
2018-4,39269012,電氣絕緣用塑膠製品,印度,出口總值(含復出口),172,69631
2018-4,39269012,電氣絕緣用塑膠製品,希臘,出口總值(含復出口),1,295
2018-4,39269012,電氣絕緣用塑膠製品,沙烏地阿拉伯,出口總值(含復出口),98,30424
2018-4,39269012,電氣絕緣用塑膠製品,法國,出口總值(含復出口),72,18629
2018-4,39269012,電氣絕緣用塑膠製品,南韓,出口總值(含復出口),554,199233
2018-4,39269012,電氣絕緣用塑膠製品,柬埔寨,出口總值(含復出口),2,27
2018-4,39269012,電氣絕緣用塑膠製品,科威特,出口總值(含復出口),5,806
2018-4,39269012,電氣絕緣用塑膠製品,約旦,出口總值(含復出口),68,22800
2018-4,39269012,電氣絕緣用塑膠製品,美國,出口總值(含復出口),93,8424
2018-4,39269012,電氣絕緣用塑膠製品,英國,出口總值(含復出口),4,1134
2018-4,39269012,電氣絕緣用塑膠製品,香港,出口總值(含復出口),27,659
2018-4,39269012,電氣絕緣用塑膠製品,哥倫比亞,出口總值(含復出口),2,192
2018-4,39269012,電氣絕緣用塑膠製品,埃及,出口總值(含復出口),6,220
2018-4,39269012,電氣絕緣用塑膠製品,泰國,出口總值(含復出口),14,957
2018-4,39269012,電氣絕緣用塑膠製品,馬來西亞,出口總值(含復出口),23,1714
2018-4,39269012,電氣絕緣用塑膠製品,菲律賓,出口總值(含復出口),9,5859
2018-4,39269012,電氣絕緣用塑膠製品,越南,出口總值(含復出口),55,2161
2018-4,39269012,電氣絕緣用塑膠製品,德國,出口總值(含復出口),53,8769
2018-4,39269012,電氣絕緣用塑膠製品,緬甸,出口總值(含復出口),0,57
2018-4,39269012,電氣絕緣用塑膠製品,黎巴嫩,出口總值(含復出口),26,8576
2018-4,39269012,電氣絕緣用塑膠製品,墨西哥,出口總值(含復出口),51,17242
2018-4,39269012,電氣絕緣用塑膠製品,澳大利亞,出口總值(含復出口),3,800
2018-4,39269012,電氣絕緣用塑膠製品,賽普勒斯,出口總值(含復出口),1,94
2018-4,39269012,電氣絕緣用塑膠製品,薩爾瓦多,出口總值(含復出口),0,14
2018-5,39231010,塑膠製箱子、盒子、籃子及類似品，其形狀或適合供運輸或包裝半導體晶圓或網線,中國大陸,進口總值(含復進口),520,81446
2018-5,39231010,塑膠製箱子、盒子、籃子及類似品，其形狀或適合供運輸或包裝半導體晶圓或網線,中華民國,進口總值(含復進口),14,8548
2018-5,39231010,塑膠製箱子、盒子、籃子及類似品，其形狀或適合供運輸或包裝半導體晶圓或網線,日本,進口總值(含復進口),2749,139751
2018-5,39231010,塑膠製箱子、盒子、籃子及類似品，其形狀或適合供運輸或包裝半導體晶圓或網線,印尼,進口總值(含復進口),237,30793
2018-5,39231010,塑膠製箱子、盒子、籃子及類似品，其形狀或適合供運輸或包裝半導體晶圓或網線,波蘭,進口總值(含復進口),0,5
2018-5,39231010,塑膠製箱子、盒子、籃子及類似品，其形狀或適合供運輸或包裝半導體晶圓或網線,法國,進口總值(含復進口),0,17
2018-5,39231010,塑膠製箱子、盒子、籃子及類似品，其形狀或適合供運輸或包裝半導體晶圓或網線,南韓,進口總值(含復進口),645,55296
2018-5,39231010,塑膠製箱子、盒子、籃子及類似品，其形狀或適合供運輸或包裝半導體晶圓或網線,美國,進口總值(含復進口),968,60659
2018-5,39231010,塑膠製箱子、盒子、籃子及類似品，其形狀或適合供運輸或包裝半導體晶圓或網線,英國,進口總值(含復進口),0,1
2018-5,39231010,塑膠製箱子、盒子、籃子及類似品，其形狀或適合供運輸或包裝半導體晶圓或網線,馬來西亞,進口總值(含復進口),1337,37207
2018-5,39231010,塑膠製箱子、盒子、籃子及類似品，其形狀或適合供運輸或包裝半導體晶圓或網線,荷蘭,進口總值(含復進口),1,6
2018-5,39231010,塑膠製箱子、盒子、籃子及類似品，其形狀或適合供運輸或包裝半導體晶圓或網線,菲律賓,進口總值(含復進口),3,160
2018-5,39231010,塑膠製箱子、盒子、籃子及類似品，其形狀或適合供運輸或包裝半導體晶圓或網線,越南,進口總值(含復進口),7,267
2018-5,39231010,塑膠製箱子、盒子、籃子及類似品，其形狀或適合供運輸或包裝半導體晶圓或網線,瑞士,進口總值(含復進口),0,1
2018-5,39231010,塑膠製箱子、盒子、籃子及類似品，其形狀或適合供運輸或包裝半導體晶圓或網線,義大利,進口總值(含復進口),1,2
2018-5,39231010,塑膠製箱子、盒子、籃子及類似品，其形狀或適合供運輸或包裝半導體晶圓或網線,德國,進口總值(含復進口),9,420
2018-5,39231010,塑膠製箱子、盒子、籃子及類似品，其形狀或適合供運輸或包裝半導體晶圓或網線,澳大利亞,進口總值(含復進口),0,6
2018-5,39231010,塑膠製箱子、盒子、籃子及類似品，其形狀或適合供運輸或包裝半導體晶圓或網線,中國大陸,出口總值(含復出口),755,71484
2018-5,39231010,塑膠製箱子、盒子、籃子及類似品，其形狀或適合供運輸或包裝半導體晶圓或網線,日本,出口總值(含復出口),376,40760
2018-5,39231010,塑膠製箱子、盒子、籃子及類似品，其形狀或適合供運輸或包裝半導體晶圓或網線,比利時,出口總值(含復出口),4,84
2018-5,39231010,塑膠製箱子、盒子、籃子及類似品，其形狀或適合供運輸或包裝半導體晶圓或網線,加拿大,出口總值(含復出口),11,6000
2018-5,39231010,塑膠製箱子、盒子、籃子及類似品，其形狀或適合供運輸或包裝半導體晶圓或網線,印尼,出口總值(含復出口),6,454
2018-5,39231010,塑膠製箱子、盒子、籃子及類似品，其形狀或適合供運輸或包裝半導體晶圓或網線,印度,出口總值(含復出口),11,3205
2018-5,39231010,塑膠製箱子、盒子、籃子及類似品，其形狀或適合供運輸或包裝半導體晶圓或網線,其他國家,出口總值(含復出口),0,17
2018-5,39231010,塑膠製箱子、盒子、籃子及類似品，其形狀或適合供運輸或包裝半導體晶圓或網線,拉脫維亞,出口總值(含復出口),0,1
2018-5,39231010,塑膠製箱子、盒子、籃子及類似品，其形狀或適合供運輸或包裝半導體晶圓或網線,法國,出口總值(含復出口),6,662
2018-5,39231010,塑膠製箱子、盒子、籃子及類似品，其形狀或適合供運輸或包裝半導體晶圓或網線,阿拉伯聯合大公國,出口總值(含復出口),29,11213
2018-5,39231010,塑膠製箱子、盒子、籃子及類似品，其形狀或適合供運輸或包裝半導體晶圓或網線,南非,出口總值(含復出口),24,10790
2018-5,39231010,塑膠製箱子、盒子、籃子及類似品，其形狀或適合供運輸或包裝半導體晶圓或網線,南韓,出口總值(含復出口),102,15130
2018-5,39231010,塑膠製箱子、盒子、籃子及類似品，其形狀或適合供運輸或包裝半導體晶圓或網線,美國,出口總值(含復出口),576,82450
2018-5,39231010,塑膠製箱子、盒子、籃子及類似品，其形狀或適合供運輸或包裝半導體晶圓或網線,英國,出口總值(含復出口),46,7406
2018-5,39231010,塑膠製箱子、盒子、籃子及類似品，其形狀或適合供運輸或包裝半導體晶圓或網線,香港,出口總值(含復出口),36,6133
2018-5,39231010,塑膠製箱子、盒子、籃子及類似品，其形狀或適合供運輸或包裝半導體晶圓或網線,海地,出口總值(含復出口),4,1125
2018-5,39231010,塑膠製箱子、盒子、籃子及類似品，其形狀或適合供運輸或包裝半導體晶圓或網線,馬來西亞,出口總值(含復出口),118,11930
2018-5,39231010,塑膠製箱子、盒子、籃子及類似品，其形狀或適合供運輸或包裝半導體晶圓或網線,荷蘭,出口總值(含復出口),13,1260
2018-5,39231010,塑膠製箱子、盒子、籃子及類似品，其形狀或適合供運輸或包裝半導體晶圓或網線,菲律賓,出口總值(含復出口),21,26778
2018-5,39231010,塑膠製箱子、盒子、籃子及類似品，其形狀或適合供運輸或包裝半導體晶圓或網線,越南,出口總值(含復出口),13,1702
2018-5,39231010,塑膠製箱子、盒子、籃子及類似品，其形狀或適合供運輸或包裝半導體晶圓或網線,新加坡,出口總值(含復出口),63,11177
2018-5,39231010,塑膠製箱子、盒子、籃子及類似品，其形狀或適合供運輸或包裝半導體晶圓或網線,瑞典,出口總值(含復出口),13,1848
2018-5,39231010,塑膠製箱子、盒子、籃子及類似品，其形狀或適合供運輸或包裝半導體晶圓或網線,德國,出口總值(含復出口),30,6749
2018-5,39231010,塑膠製箱子、盒子、籃子及類似品，其形狀或適合供運輸或包裝半導體晶圓或網線,墨西哥,出口總值(含復出口),3,238
2018-5,39231010,塑膠製箱子、盒子、籃子及類似品，其形狀或適合供運輸或包裝半導體晶圓或網線,澳大利亞,出口總值(含復出口),10,2246
2018-5,39231010,塑膠製箱子、盒子、籃子及類似品，其形狀或適合供運輸或包裝半導體晶圓或網線,薩爾瓦多,出口總值(含復出口),2,616
2018-5,39239090,其他供輸送或包裝貨物之塑膠製品,中國大陸,進口總值(含復進口),7409,1699686
2018-5,39239090,其他供輸送或包裝貨物之塑膠製品,中華民國,進口總值(含復進口),1178,294947
2018-5,39239090,其他供輸送或包裝貨物之塑膠製品,丹麥,進口總值(含復進口),0,12
2018-5,39239090,其他供輸送或包裝貨物之塑膠製品,日本,進口總值(含復進口),2042,305792
2018-5,39239090,其他供輸送或包裝貨物之塑膠製品,加拿大,進口總值(含復進口),6,816
2018-5,39239090,其他供輸送或包裝貨物之塑膠製品,匈牙利,進口總值(含復進口),0,1
2018-5,39239090,其他供輸送或包裝貨物之塑膠製品,印度,進口總值(含復進口),19,5445
2018-5,39239090,其他供輸送或包裝貨物之塑膠製品,拉脫維亞,進口總值(含復進口),5,302
2018-5,39239090,其他供輸送或包裝貨物之塑膠製品,法國,進口總值(含復進口),0,19
2018-5,39239090,其他供輸送或包裝貨物之塑膠製品,南韓,進口總值(含復進口),1337,290979
2018-5,39239090,其他供輸送或包裝貨物之塑膠製品,美國,進口總值(含復進口),862,108106
2018-5,39239090,其他供輸送或包裝貨物之塑膠製品,英國,進口總值(含復進口),37,3494
2018-5,39239090,其他供輸送或包裝貨物之塑膠製品,香港,進口總值(含復進口),1,0
2018-5,39239090,其他供輸送或包裝貨物之塑膠製品,泰國,進口總值(含復進口),479,65664
2018-5,39239090,其他供輸送或包裝貨物之塑膠製品,馬來西亞,進口總值(含復進口),1071,166170
2018-5,39239090,其他供輸送或包裝貨物之塑膠製品,馬爾他,進口總值(含復進口),4,303
2018-5,39239090,其他供輸送或包裝貨物之塑膠製品,荷蘭,進口總值(含復進口),31,18103
2018-5,39239090,其他供輸送或包裝貨物之塑膠製品,菲律賓,進口總值(含復進口),320,70578
2018-5,39239090,其他供輸送或包裝貨物之塑膠製品,越南,進口總值(含復進口),19,9254
2018-5,39239090,其他供輸送或包裝貨物之塑膠製品,奧地利,進口總值(含復進口),0,11
2018-5,39239090,其他供輸送或包裝貨物之塑膠製品,新加坡,進口總值(含復進口),140,38948
2018-5,39239090,其他供輸送或包裝貨物之塑膠製品,瑞士,進口總值(含復進口),0,62
2018-5,39239090,其他供輸送或包裝貨物之塑膠製品,義大利,進口總值(含復進口),19,2938
2018-5,39239090,其他供輸送或包裝貨物之塑膠製品,葡萄牙,進口總值(含復進口),1,122
2018-5,39239090,其他供輸送或包裝貨物之塑膠製品,德國,進口總值(含復進口),325,15601
2018-5,39239090,其他供輸送或包裝貨物之塑膠製品,墨西哥,進口總值(含復進口),0,0
2018-5,39239090,其他供輸送或包裝貨物之塑膠製品,澳大利亞,進口總值(含復進口),16,550
2018-5,39239090,其他供輸送或包裝貨物之塑膠製品,土耳其,出口總值(含復出口),9,1446
2018-5,39239090,其他供輸送或包裝貨物之塑膠製品,中國大陸,出口總值(含復出口),2194,505996
2018-5,39239090,其他供輸送或包裝貨物之塑膠製品,丹麥,出口總值(含復出口),7,521
2018-5,39239090,其他供輸送或包裝貨物之塑膠製品,巴西,出口總值(含復出口),47,14160
2018-5,39239090,其他供輸送或包裝貨物之塑膠製品,巴拿馬,出口總值(含復出口),19,7560
2018-5,39239090,其他供輸送或包裝貨物之塑膠製品,巴基斯坦,出口總值(含復出口),0,3000
2018-5,39239090,其他供輸送或包裝貨物之塑膠製品,日本,出口總值(含復出口),1095,139241
2018-5,39239090,其他供輸送或包裝貨物之塑膠製品,比利時,出口總值(含復出口),22,859
2018-5,39239090,其他供輸送或包裝貨物之塑膠製品,以色列,出口總值(含復出口),7,650
2018-5,39239090,其他供輸送或包裝貨物之塑膠製品,加拿大,出口總值(含復出口),170,32167
2018-5,39239090,其他供輸送或包裝貨物之塑膠製品,卡達,出口總值(含復出口),23,8821
2018-5,39239090,其他供輸送或包裝貨物之塑膠製品,尼加拉瓜,出口總值(含復出口),6,2401
2018-5,39239090,其他供輸送或包裝貨物之塑膠製品,立陶宛,出口總值(含復出口),14,5946
2018-5,39239090,其他供輸送或包裝貨物之塑膠製品,匈牙利,出口總值(含復出口),5,214
2018-5,39239090,其他供輸送或包裝貨物之塑膠製品,印尼,出口總值(含復出口),33,4302
2018-5,39239090,其他供輸送或包裝貨物之塑膠製品,印度,出口總值(含復出口),54,17748
2018-5,39239090,其他供輸送或包裝貨物之塑膠製品,西班牙,出口總值(含復出口),19,1060
2018-5,39239090,其他供輸送或包裝貨物之塑膠製品,宏都拉斯,出口總值(含復出口),9,1458
2018-5,39239090,其他供輸送或包裝貨物之塑膠製品,希臘,出口總值(含復出口),23,13675
2018-5,39239090,其他供輸送或包裝貨物之塑膠製品,沙烏地阿拉伯,出口總值(含復出口),88,4652
2018-5,39239090,其他供輸送或包裝貨物之塑膠製品,汶萊,出口總值(含復出口),29,3915
2018-5,39239090,其他供輸送或包裝貨物之塑膠製品,其他國家,出口總值(含復出口),0,36
2018-5,39239090,其他供輸送或包裝貨物之塑膠製品,孟加拉,出口總值(含復出口),19,7680
2018-5,39239090,其他供輸送或包裝貨物之塑膠製品,波多黎各,出口總值(含復出口),0,1
2018-5,39239090,其他供輸送或包裝貨物之塑膠製品,波蘭,出口總值(含復出口),4,294
2018-5,39239090,其他供輸送或包裝貨物之塑膠製品,法國,出口總值(含復出口),67,2582
2018-5,39239090,其他供輸送或包裝貨物之塑膠製品,肯亞,出口總值(含復出口),3,395
2018-5,39239090,其他供輸送或包裝貨物之塑膠製品,阿拉伯聯合大公國,出口總值(含復出口),21,7272
2018-5,39239090,其他供輸送或包裝貨物之塑膠製品,南非,出口總值(含復出口),6,148
2018-5,39239090,其他供輸送或包裝貨物之塑膠製品,南韓,出口總值(含復出口),775,298406
2018-5,39239090,其他供輸送或包裝貨物之塑膠製品,科威特,出口總值(含復出口),1,202
2018-5,39239090,其他供輸送或包裝貨物之塑膠製品,約旦,出口總值(含復出口),1,11
2018-5,39239090,其他供輸送或包裝貨物之塑膠製品,美國,出口總值(含復出口),1839,585824
2018-5,39239090,其他供輸送或包裝貨物之塑膠製品,英國,出口總值(含復出口),114,11627
2018-5,39239090,其他供輸送或包裝貨物之塑膠製品,香港,出口總值(含復出口),418,72744
2018-5,39239090,其他供輸送或包裝貨物之塑膠製品,哥倫比亞,出口總值(含復出口),29,917
2018-5,39239090,其他供輸送或包裝貨物之塑膠製品,哥斯大黎加,出口總值(含復出口),10,3935
2018-5,39239090,其他供輸送或包裝貨物之塑膠製品,挪威,出口總值(含復出口),1,83
2018-5,39239090,其他供輸送或包裝貨物之塑膠製品,泰國,出口總值(含復出口),128,13742
2018-5,39239090,其他供輸送或包裝貨物之塑膠製品,海地,出口總值(含復出口),2,650
2018-5,39239090,其他供輸送或包裝貨物之塑膠製品,秘魯,出口總值(含復出口),12,5486
2018-5,39239090,其他供輸送或包裝貨物之塑膠製品,紐西蘭,出口總值(含復出口),30,9084
2018-5,39239090,其他供輸送或包裝貨物之塑膠製品,馬來西亞,出口總值(含復出口),173,31030
2018-5,39239090,其他供輸送或包裝貨物之塑膠製品,馬達加斯加,出口總值(含復出口),3,114
2018-5,39239090,其他供輸送或包裝貨物之塑膠製品,捷克,出口總值(含復出口),26,1090
2018-5,39239090,其他供輸送或包裝貨物之塑膠製品,荷蘭,出口總值(含復出口),159,8151
2018-5,39239090,其他供輸送或包裝貨物之塑膠製品,智利,出口總值(含復出口),6,1245
2018-5,39239090,其他供輸送或包裝貨物之塑膠製品,菲律賓,出口總值(含復出口),249,77009
2018-5,39239090,其他供輸送或包裝貨物之塑膠製品,越南,出口總值(含復出口),424,114778
2018-5,39239090,其他供輸送或包裝貨物之塑膠製品,新加坡,出口總值(含復出口),143,28127
2018-5,39239090,其他供輸送或包裝貨物之塑膠製品,瑞士,出口總值(含復出口),113,3266
2018-5,39239090,其他供輸送或包裝貨物之塑膠製品,瑞典,出口總值(含復出口),6,1308
2018-5,39239090,其他供輸送或包裝貨物之塑膠製品,義大利,出口總值(含復出口),39,3574
2018-5,39239090,其他供輸送或包裝貨物之塑膠製品,蒙古,出口總值(含復出口),0,18
2018-5,39239090,其他供輸送或包裝貨物之塑膠製品,德國,出口總值(含復出口),103,16410
2018-5,39239090,其他供輸送或包裝貨物之塑膠製品,模里西斯,出口總值(含復出口),17,2990
2018-5,39239090,其他供輸送或包裝貨物之塑膠製品,緬甸,出口總值(含復出口),7,1123
2018-5,39239090,其他供輸送或包裝貨物之塑膠製品,黎巴嫩,出口總值(含復出口),10,1133
2018-5,39239090,其他供輸送或包裝貨物之塑膠製品,墨西哥,出口總值(含復出口),323,80257
2018-5,39239090,其他供輸送或包裝貨物之塑膠製品,澳大利亞,出口總值(含復出口),86,22795
2018-5,39239090,其他供輸送或包裝貨物之塑膠製品,賽普勒斯,出口總值(含復出口),12,8503
2018-5,39239090,其他供輸送或包裝貨物之塑膠製品,薩爾瓦多,出口總值(含復出口),3,780
2018-5,39239090,其他供輸送或包裝貨物之塑膠製品,蘇利南,出口總值(含復出口),0,61
2018-5,39269012,電氣絕緣用塑膠製品,中國大陸,進口總值(含復進口),60,9385
2018-5,39269012,電氣絕緣用塑膠製品,日本,進口總值(含復進口),536,2077
2018-5,39269012,電氣絕緣用塑膠製品,印度,進口總值(含復進口),0,3
2018-5,39269012,電氣絕緣用塑膠製品,西班牙,進口總值(含復進口),1,105
2018-5,39269012,電氣絕緣用塑膠製品,美國,進口總值(含復進口),52,120
2018-5,39269012,電氣絕緣用塑膠製品,越南,進口總值(含復進口),20,13906
2018-5,39269012,電氣絕緣用塑膠製品,瑞士,進口總值(含復進口),0,0
2018-5,39269012,電氣絕緣用塑膠製品,德國,進口總值(含復進口),0,4
2018-5,39269012,電氣絕緣用塑膠製品,中國大陸,出口總值(含復出口),143,23437
2018-5,39269012,電氣絕緣用塑膠製品,日本,出口總值(含復出口),43,4309
2018-5,39269012,電氣絕緣用塑膠製品,比利時,出口總值(含復出口),53,12785
2018-5,39269012,電氣絕緣用塑膠製品,加拿大,出口總值(含復出口),166,39627
2018-5,39269012,電氣絕緣用塑膠製品,印尼,出口總值(含復出口),15,742
2018-5,39269012,電氣絕緣用塑膠製品,西班牙,出口總值(含復出口),102,24062
2018-5,39269012,電氣絕緣用塑膠製品,沙烏地阿拉伯,出口總值(含復出口),64,20522
2018-5,39269012,電氣絕緣用塑膠製品,其他國家,出口總值(含復出口),0,20
2018-5,39269012,電氣絕緣用塑膠製品,孟加拉,出口總值(含復出口),39,18000
2018-5,39269012,電氣絕緣用塑膠製品,法國,出口總值(含復出口),29,6948
2018-5,39269012,電氣絕緣用塑膠製品,阿拉伯聯合大公國,出口總值(含復出口),2,124
2018-5,39269012,電氣絕緣用塑膠製品,南韓,出口總值(含復出口),481,176264
2018-5,39269012,電氣絕緣用塑膠製品,柬埔寨,出口總值(含復出口),4,49
2018-5,39269012,電氣絕緣用塑膠製品,科威特,出口總值(含復出口),0,7
2018-5,39269012,電氣絕緣用塑膠製品,美國,出口總值(含復出口),397,83576
2018-5,39269012,電氣絕緣用塑膠製品,英國,出口總值(含復出口),115,36378
2018-5,39269012,電氣絕緣用塑膠製品,香港,出口總值(含復出口),24,362
2018-5,39269012,電氣絕緣用塑膠製品,哥倫比亞,出口總值(含復出口),92,32802
2018-5,39269012,電氣絕緣用塑膠製品,埃及,出口總值(含復出口),54,19950
2018-5,39269012,電氣絕緣用塑膠製品,泰國,出口總值(含復出口),15,1640
2018-5,39269012,電氣絕緣用塑膠製品,馬來西亞,出口總值(含復出口),10,591
2018-5,39269012,電氣絕緣用塑膠製品,馬爾他,出口總值(含復出口),11,2939
2018-5,39269012,電氣絕緣用塑膠製品,捷克,出口總值(含復出口),0,0
2018-5,39269012,電氣絕緣用塑膠製品,荷蘭,出口總值(含復出口),21,5701
2018-5,39269012,電氣絕緣用塑膠製品,菲律賓,出口總值(含復出口),23,10636
2018-5,39269012,電氣絕緣用塑膠製品,越南,出口總值(含復出口),56,2289
2018-5,39269012,電氣絕緣用塑膠製品,瑞士,出口總值(含復出口),5,1088
2018-5,39269012,電氣絕緣用塑膠製品,義大利,出口總值(含復出口),158,33204
2018-5,39269012,電氣絕緣用塑膠製品,德國,出口總值(含復出口),104,18820
2018-5,39269012,電氣絕緣用塑膠製品,模里西斯,出口總值(含復出口),6,1610
2018-5,39269012,電氣絕緣用塑膠製品,緬甸,出口總值(含復出口),0,14
2018-5,39269012,電氣絕緣用塑膠製品,墨西哥,出口總值(含復出口),120,34748
2018-5,39269012,電氣絕緣用塑膠製品,澳大利亞,出口總值(含復出口),57,15082
2018-5,39269012,電氣絕緣用塑膠製品,賽普勒斯,出口總值(含復出口),10,2703
2018-6,39231010,塑膠製箱子、盒子、籃子及類似品，其形狀或適合供運輸或包裝半導體晶圓或網線,中國大陸,進口總值(含復進口),372,52689
2018-6,39231010,塑膠製箱子、盒子、籃子及類似品，其形狀或適合供運輸或包裝半導體晶圓或網線,中華民國,進口總值(含復進口),17,4571
2018-6,39231010,塑膠製箱子、盒子、籃子及類似品，其形狀或適合供運輸或包裝半導體晶圓或網線,日本,進口總值(含復進口),1463,90135
2018-6,39231010,塑膠製箱子、盒子、籃子及類似品，其形狀或適合供運輸或包裝半導體晶圓或網線,比利時,進口總值(含復進口),1,0
2018-6,39231010,塑膠製箱子、盒子、籃子及類似品，其形狀或適合供運輸或包裝半導體晶圓或網線,以色列,進口總值(含復進口),0,1
2018-6,39231010,塑膠製箱子、盒子、籃子及類似品，其形狀或適合供運輸或包裝半導體晶圓或網線,印尼,進口總值(含復進口),172,23800
2018-6,39231010,塑膠製箱子、盒子、籃子及類似品，其形狀或適合供運輸或包裝半導體晶圓或網線,印度,進口總值(含復進口),0,0
2018-6,39231010,塑膠製箱子、盒子、籃子及類似品，其形狀或適合供運輸或包裝半導體晶圓或網線,法國,進口總值(含復進口),0,19
2018-6,39231010,塑膠製箱子、盒子、籃子及類似品，其形狀或適合供運輸或包裝半導體晶圓或網線,南韓,進口總值(含復進口),424,47459
2018-6,39231010,塑膠製箱子、盒子、籃子及類似品，其形狀或適合供運輸或包裝半導體晶圓或網線,美國,進口總值(含復進口),1115,77046
2018-6,39231010,塑膠製箱子、盒子、籃子及類似品，其形狀或適合供運輸或包裝半導體晶圓或網線,英國,進口總值(含復進口),0,3
2018-6,39231010,塑膠製箱子、盒子、籃子及類似品，其形狀或適合供運輸或包裝半導體晶圓或網線,泰國,進口總值(含復進口),0,6
2018-6,39231010,塑膠製箱子、盒子、籃子及類似品，其形狀或適合供運輸或包裝半導體晶圓或網線,馬來西亞,進口總值(含復進口),790,26113
2018-6,39231010,塑膠製箱子、盒子、籃子及類似品，其形狀或適合供運輸或包裝半導體晶圓或網線,菲律賓,進口總值(含復進口),3,138
2018-6,39231010,塑膠製箱子、盒子、籃子及類似品，其形狀或適合供運輸或包裝半導體晶圓或網線,越南,進口總值(含復進口),0,8
2018-6,39231010,塑膠製箱子、盒子、籃子及類似品，其形狀或適合供運輸或包裝半導體晶圓或網線,奧地利,進口總值(含復進口),11,1007
2018-6,39231010,塑膠製箱子、盒子、籃子及類似品，其形狀或適合供運輸或包裝半導體晶圓或網線,新加坡,進口總值(含復進口),3,575
2018-6,39231010,塑膠製箱子、盒子、籃子及類似品，其形狀或適合供運輸或包裝半導體晶圓或網線,瑞士,進口總值(含復進口),0,18
2018-6,39231010,塑膠製箱子、盒子、籃子及類似品，其形狀或適合供運輸或包裝半導體晶圓或網線,德國,進口總值(含復進口),12,36
2018-6,39231010,塑膠製箱子、盒子、籃子及類似品，其形狀或適合供運輸或包裝半導體晶圓或網線,中國大陸,出口總值(含復出口),888,129163
2018-6,39231010,塑膠製箱子、盒子、籃子及類似品，其形狀或適合供運輸或包裝半導體晶圓或網線,日本,出口總值(含復出口),388,35968
2018-6,39231010,塑膠製箱子、盒子、籃子及類似品，其形狀或適合供運輸或包裝半導體晶圓或網線,加拿大,出口總值(含復出口),127,13778
2018-6,39231010,塑膠製箱子、盒子、籃子及類似品，其形狀或適合供運輸或包裝半導體晶圓或網線,尼加拉瓜,出口總值(含復出口),0,44
2018-6,39231010,塑膠製箱子、盒子、籃子及類似品，其形狀或適合供運輸或包裝半導體晶圓或網線,印度,出口總值(含復出口),32,9342
2018-6,39231010,塑膠製箱子、盒子、籃子及類似品，其形狀或適合供運輸或包裝半導體晶圓或網線,衣索比亞,出口總值(含復出口),1,55
2018-6,39231010,塑膠製箱子、盒子、籃子及類似品，其形狀或適合供運輸或包裝半導體晶圓或網線,西班牙,出口總值(含復出口),7,1131
2018-6,39231010,塑膠製箱子、盒子、籃子及類似品，其形狀或適合供運輸或包裝半導體晶圓或網線,其他國家,出口總值(含復出口),0,21
2018-6,39231010,塑膠製箱子、盒子、籃子及類似品，其形狀或適合供運輸或包裝半導體晶圓或網線,帛琉,出口總值(含復出口),1,201
2018-6,39231010,塑膠製箱子、盒子、籃子及類似品，其形狀或適合供運輸或包裝半導體晶圓或網線,阿拉伯聯合大公國,出口總值(含復出口),12,3980
2018-6,39231010,塑膠製箱子、盒子、籃子及類似品，其形狀或適合供運輸或包裝半導體晶圓或網線,阿根廷,出口總值(含復出口),1,50
2018-6,39231010,塑膠製箱子、盒子、籃子及類似品，其形狀或適合供運輸或包裝半導體晶圓或網線,南韓,出口總值(含復出口),39,4608
2018-6,39231010,塑膠製箱子、盒子、籃子及類似品，其形狀或適合供運輸或包裝半導體晶圓或網線,美國,出口總值(含復出口),132,26392
2018-6,39231010,塑膠製箱子、盒子、籃子及類似品，其形狀或適合供運輸或包裝半導體晶圓或網線,英國,出口總值(含復出口),53,6897
2018-6,39231010,塑膠製箱子、盒子、籃子及類似品，其形狀或適合供運輸或包裝半導體晶圓或網線,香港,出口總值(含復出口),19,2204
2018-6,39231010,塑膠製箱子、盒子、籃子及類似品，其形狀或適合供運輸或包裝半導體晶圓或網線,馬來西亞,出口總值(含復出口),110,10218
2018-6,39231010,塑膠製箱子、盒子、籃子及類似品，其形狀或適合供運輸或包裝半導體晶圓或網線,莫三比克,出口總值(含復出口),0,200
2018-6,39231010,塑膠製箱子、盒子、籃子及類似品，其形狀或適合供運輸或包裝半導體晶圓或網線,荷蘭,出口總值(含復出口),0,10
2018-6,39231010,塑膠製箱子、盒子、籃子及類似品，其形狀或適合供運輸或包裝半導體晶圓或網線,菲律賓,出口總值(含復出口),83,16575
2018-6,39231010,塑膠製箱子、盒子、籃子及類似品，其形狀或適合供運輸或包裝半導體晶圓或網線,越南,出口總值(含復出口),7,637
2018-6,39231010,塑膠製箱子、盒子、籃子及類似品，其形狀或適合供運輸或包裝半導體晶圓或網線,新加坡,出口總值(含復出口),35,6822
2018-6,39231010,塑膠製箱子、盒子、籃子及類似品，其形狀或適合供運輸或包裝半導體晶圓或網線,德國,出口總值(含復出口),85,16628
2018-6,39231010,塑膠製箱子、盒子、籃子及類似品，其形狀或適合供運輸或包裝半導體晶圓或網線,黎巴嫩,出口總值(含復出口),0,84
2018-6,39231010,塑膠製箱子、盒子、籃子及類似品，其形狀或適合供運輸或包裝半導體晶圓或網線,澳大利亞,出口總值(含復出口),30,3260
2018-6,39239090,其他供輸送或包裝貨物之塑膠製品,中國大陸,進口總值(含復進口),5382,1183607
2018-6,39239090,其他供輸送或包裝貨物之塑膠製品,中華民國,進口總值(含復進口),2335,517997
2018-6,39239090,其他供輸送或包裝貨物之塑膠製品,厄瓜多,進口總值(含復進口),3,111
2018-6,39239090,其他供輸送或包裝貨物之塑膠製品,日本,進口總值(含復進口),1647,303084
2018-6,39239090,其他供輸送或包裝貨物之塑膠製品,比利時,進口總值(含復進口),2,3
2018-6,39239090,其他供輸送或包裝貨物之塑膠製品,以色列,進口總值(含復進口),2,33
2018-6,39239090,其他供輸送或包裝貨物之塑膠製品,印度,進口總值(含復進口),85,21903
2018-6,39239090,其他供輸送或包裝貨物之塑膠製品,拉脫維亞,進口總值(含復進口),6,403
2018-6,39239090,其他供輸送或包裝貨物之塑膠製品,波士尼亞及赫塞哥維納,進口總值(含復進口),0,0
2018-6,39239090,其他供輸送或包裝貨物之塑膠製品,法國,進口總值(含復進口),0,6
2018-6,39239090,其他供輸送或包裝貨物之塑膠製品,南韓,進口總值(含復進口),1404,280972
2018-6,39239090,其他供輸送或包裝貨物之塑膠製品,美國,進口總值(含復進口),712,118602
2018-6,39239090,其他供輸送或包裝貨物之塑膠製品,英國,進口總值(含復進口),37,1527
2018-6,39239090,其他供輸送或包裝貨物之塑膠製品,香港,進口總值(含復進口),0,0
2018-6,39239090,其他供輸送或包裝貨物之塑膠製品,泰國,進口總值(含復進口),382,47563
2018-6,39239090,其他供輸送或包裝貨物之塑膠製品,紐西蘭,進口總值(含復進口),2,30
2018-6,39239090,其他供輸送或包裝貨物之塑膠製品,馬來西亞,進口總值(含復進口),1076,101015
2018-6,39239090,其他供輸送或包裝貨物之塑膠製品,荷蘭,進口總值(含復進口),15,121
2018-6,39239090,其他供輸送或包裝貨物之塑膠製品,菲律賓,進口總值(含復進口),231,44062
2018-6,39239090,其他供輸送或包裝貨物之塑膠製品,越南,進口總值(含復進口),19,5631
2018-6,39239090,其他供輸送或包裝貨物之塑膠製品,新加坡,進口總值(含復進口),71,17760
2018-6,39239090,其他供輸送或包裝貨物之塑膠製品,瑞士,進口總值(含復進口),0,1
2018-6,39239090,其他供輸送或包裝貨物之塑膠製品,義大利,進口總值(含復進口),14,2471
2018-6,39239090,其他供輸送或包裝貨物之塑膠製品,德國,進口總值(含復進口),411,28645
2018-6,39239090,其他供輸送或包裝貨物之塑膠製品,中國大陸,出口總值(含復出口),2763,609155
2018-6,39239090,其他供輸送或包裝貨物之塑膠製品,厄瓜多,出口總值(含復出口),2,280
2018-6,39239090,其他供輸送或包裝貨物之塑膠製品,巴西,出口總值(含復出口),39,6879
2018-6,39239090,其他供輸送或包裝貨物之塑膠製品,巴拿馬,出口總值(含復出口),11,4343
2018-6,39239090,其他供輸送或包裝貨物之塑膠製品,巴基斯坦,出口總值(含復出口),5,336
2018-6,39239090,其他供輸送或包裝貨物之塑膠製品,日本,出口總值(含復出口),1089,160694
2018-6,39239090,其他供輸送或包裝貨物之塑膠製品,比利時,出口總值(含復出口),1,63
2018-6,39239090,其他供輸送或包裝貨物之塑膠製品,以色列,出口總值(含復出口),9,799
2018-6,39239090,其他供輸送或包裝貨物之塑膠製品,加拿大,出口總值(含復出口),44,9202
2018-6,39239090,其他供輸送或包裝貨物之塑膠製品,卡達,出口總值(含復出口),13,4882
2018-6,39239090,其他供輸送或包裝貨物之塑膠製品,尼加拉瓜,出口總值(含復出口),19,3520
2018-6,39239090,其他供輸送或包裝貨物之塑膠製品,立陶宛,出口總值(含復出口),1,180
2018-6,39239090,其他供輸送或包裝貨物之塑膠製品,伊朗,出口總值(含復出口),3,373
2018-6,39239090,其他供輸送或包裝貨物之塑膠製品,匈牙利,出口總值(含復出口),4,196
2018-6,39239090,其他供輸送或包裝貨物之塑膠製品,印尼,出口總值(含復出口),59,6640
2018-6,39239090,其他供輸送或包裝貨物之塑膠製品,印度,出口總值(含復出口),3,56
2018-6,39239090,其他供輸送或包裝貨物之塑膠製品,多明尼加,出口總值(含復出口),23,11894
2018-6,39239090,其他供輸送或包裝貨物之塑膠製品,希臘,出口總值(含復出口),33,20483
2018-6,39239090,其他供輸送或包裝貨物之塑膠製品,沙烏地阿拉伯,出口總值(含復出口),81,18476
2018-6,39239090,其他供輸送或包裝貨物之塑膠製品,孟加拉,出口總值(含復出口),1,61
2018-6,39239090,其他供輸送或包裝貨物之塑膠製品,波蘭,出口總值(含復出口),34,3246
2018-6,39239090,其他供輸送或包裝貨物之塑膠製品,法國,出口總值(含復出口),54,3809
2018-6,39239090,其他供輸送或包裝貨物之塑膠製品,芬蘭,出口總值(含復出口),2,325
2018-6,39239090,其他供輸送或包裝貨物之塑膠製品,阿拉伯聯合大公國,出口總值(含復出口),40,23742
2018-6,39239090,其他供輸送或包裝貨物之塑膠製品,南非,出口總值(含復出口),22,849
2018-6,39239090,其他供輸送或包裝貨物之塑膠製品,南韓,出口總值(含復出口),1049,427807
2018-6,39239090,其他供輸送或包裝貨物之塑膠製品,柬埔寨,出口總值(含復出口),8,2471
2018-6,39239090,其他供輸送或包裝貨物之塑膠製品,約旦,出口總值(含復出口),1,25
2018-6,39239090,其他供輸送或包裝貨物之塑膠製品,美國,出口總值(含復出口),1611,506091
2018-6,39239090,其他供輸送或包裝貨物之塑膠製品,英國,出口總值(含復出口),79,5939
2018-6,39239090,其他供輸送或包裝貨物之塑膠製品,香港,出口總值(含復出口),357,60704
2018-6,39239090,其他供輸送或包裝貨物之塑膠製品,哥倫比亞,出口總值(含復出口),16,1612
2018-6,39239090,其他供輸送或包裝貨物之塑膠製品,哥斯大黎加,出口總值(含復出口),6,2408
2018-6,39239090,其他供輸送或包裝貨物之塑膠製品,泰國,出口總值(含復出口),84,21472
2018-6,39239090,其他供輸送或包裝貨物之塑膠製品,秘魯,出口總值(含復出口),8,2323
2018-6,39239090,其他供輸送或包裝貨物之塑膠製品,紐西蘭,出口總值(含復出口),57,4021
2018-6,39239090,其他供輸送或包裝貨物之塑膠製品,紐喀里多尼亞,出口總值(含復出口),0,300
2018-6,39239090,其他供輸送或包裝貨物之塑膠製品,馬來西亞,出口總值(含復出口),190,43899
2018-6,39239090,其他供輸送或包裝貨物之塑膠製品,馬達加斯加,出口總值(含復出口),1,13
2018-6,39239090,其他供輸送或包裝貨物之塑膠製品,荷蘭,出口總值(含復出口),99,6648
2018-6,39239090,其他供輸送或包裝貨物之塑膠製品,智利,出口總值(含復出口),19,7862
2018-6,39239090,其他供輸送或包裝貨物之塑膠製品,菲律賓,出口總值(含復出口),207,53649
2018-6,39239090,其他供輸送或包裝貨物之塑膠製品,越南,出口總值(含復出口),420,104621
2018-6,39239090,其他供輸送或包裝貨物之塑膠製品,新加坡,出口總值(含復出口),249,31244
2018-6,39239090,其他供輸送或包裝貨物之塑膠製品,瑞士,出口總值(含復出口),18,640
2018-6,39239090,其他供輸送或包裝貨物之塑膠製品,瑞典,出口總值(含復出口),3,648
2018-6,39239090,其他供輸送或包裝貨物之塑膠製品,義大利,出口總值(含復出口),51,3890
2018-6,39239090,其他供輸送或包裝貨物之塑膠製品,德國,出口總值(含復出口),187,46169
2018-6,39239090,其他供輸送或包裝貨物之塑膠製品,模里西斯,出口總值(含復出口),21,6956
2018-6,39239090,其他供輸送或包裝貨物之塑膠製品,緬甸,出口總值(含復出口),7,723
2018-6,39239090,其他供輸送或包裝貨物之塑膠製品,墨西哥,出口總值(含復出口),161,28885
2018-6,39239090,其他供輸送或包裝貨物之塑膠製品,澳大利亞,出口總值(含復出口),36,11689
2018-6,39239090,其他供輸送或包裝貨物之塑膠製品,賽普勒斯,出口總值(含復出口),17,7006
2018-6,39239090,其他供輸送或包裝貨物之塑膠製品,薩爾瓦多,出口總值(含復出口),0,5
2018-6,39269012,電氣絕緣用塑膠製品,中國大陸,進口總值(含復進口),30,862
2018-6,39269012,電氣絕緣用塑膠製品,中華民國,進口總值(含復進口),7,112
2018-6,39269012,電氣絕緣用塑膠製品,日本,進口總值(含復進口),243,2652
2018-6,39269012,電氣絕緣用塑膠製品,印度,進口總值(含復進口),0,4
2018-6,39269012,電氣絕緣用塑膠製品,西班牙,進口總值(含復進口),1,95
2018-6,39269012,電氣絕緣用塑膠製品,南韓,進口總值(含復進口),2,125
2018-6,39269012,電氣絕緣用塑膠製品,美國,進口總值(含復進口),5,2
2018-6,39269012,電氣絕緣用塑膠製品,越南,進口總值(含復進口),16,10256
2018-6,39269012,電氣絕緣用塑膠製品,德國,進口總值(含復進口),15,29
2018-6,39269012,電氣絕緣用塑膠製品,中國大陸,出口總值(含復出口),262,35230
2018-6,39269012,電氣絕緣用塑膠製品,巴布亞紐幾內亞,出口總值(含復出口),0,60
2018-6,39269012,電氣絕緣用塑膠製品,比利時,出口總值(含復出口),7,1459
2018-6,39269012,電氣絕緣用塑膠製品,加拿大,出口總值(含復出口),197,52349
2018-6,39269012,電氣絕緣用塑膠製品,北馬里亞納群島,出口總值(含復出口),0,31
2018-6,39269012,電氣絕緣用塑膠製品,匈牙利,出口總值(含復出口),0,31
2018-6,39269012,電氣絕緣用塑膠製品,印尼,出口總值(含復出口),14,610
2018-6,39269012,電氣絕緣用塑膠製品,印度,出口總值(含復出口),62,23167
2018-6,39269012,電氣絕緣用塑膠製品,希臘,出口總值(含復出口),10,2926
2018-6,39269012,電氣絕緣用塑膠製品,沙烏地阿拉伯,出口總值(含復出口),34,10854
2018-6,39269012,電氣絕緣用塑膠製品,孟加拉,出口總值(含復出口),39,18000
2018-6,39269012,電氣絕緣用塑膠製品,拉脫維亞,出口總值(含復出口),33,8531
2018-6,39269012,電氣絕緣用塑膠製品,保加利亞,出口總值(含復出口),14,4348
2018-6,39269012,電氣絕緣用塑膠製品,俄羅斯,出口總值(含復出口),133,36683
2018-6,39269012,電氣絕緣用塑膠製品,南非,出口總值(含復出口),10,3027
2018-6,39269012,電氣絕緣用塑膠製品,南韓,出口總值(含復出口),177,62737
2018-6,39269012,電氣絕緣用塑膠製品,柬埔寨,出口總值(含復出口),6,69
2018-6,39269012,電氣絕緣用塑膠製品,科威特,出口總值(含復出口),5,679
2018-6,39269012,電氣絕緣用塑膠製品,美國,出口總值(含復出口),322,67484
2018-6,39269012,電氣絕緣用塑膠製品,英國,出口總值(含復出口),90,28640
2018-6,39269012,電氣絕緣用塑膠製品,香港,出口總值(含復出口),63,786
2018-6,39269012,電氣絕緣用塑膠製品,哥倫比亞,出口總值(含復出口),148,55360
2018-6,39269012,電氣絕緣用塑膠製品,哥斯大黎加,出口總值(含復出口),8,2000
2018-6,39269012,電氣絕緣用塑膠製品,埃及,出口總值(含復出口),33,17625
2018-6,39269012,電氣絕緣用塑膠製品,泰國,出口總值(含復出口),5,45
2018-6,39269012,電氣絕緣用塑膠製品,紐西蘭,出口總值(含復出口),3,769
2018-6,39269012,電氣絕緣用塑膠製品,馬來西亞,出口總值(含復出口),18,595
2018-6,39269012,電氣絕緣用塑膠製品,馬爾他,出口總值(含復出口),7,2074
2018-6,39269012,電氣絕緣用塑膠製品,捷克,出口總值(含復出口),2,22
2018-6,39269012,電氣絕緣用塑膠製品,敘利亞,出口總值(含復出口),33,8800
2018-6,39269012,電氣絕緣用塑膠製品,荷蘭,出口總值(含復出口),36,10418
2018-6,39269012,電氣絕緣用塑膠製品,斐濟,出口總值(含復出口),11,4000
2018-6,39269012,電氣絕緣用塑膠製品,菲律賓,出口總值(含復出口),26,17900
2018-6,39269012,電氣絕緣用塑膠製品,越南,出口總值(含復出口),67,2613
2018-6,39269012,電氣絕緣用塑膠製品,新加坡,出口總值(含復出口),28,1768
2018-6,39269012,電氣絕緣用塑膠製品,義大利,出口總值(含復出口),11,715
2018-6,39269012,電氣絕緣用塑膠製品,德國,出口總值(含復出口),25,5450
2018-6,39269012,電氣絕緣用塑膠製品,模里西斯,出口總值(含復出口),5,1298
2018-6,39269012,電氣絕緣用塑膠製品,緬甸,出口總值(含復出口),0,28
2018-6,39269012,電氣絕緣用塑膠製品,墨西哥,出口總值(含復出口),15,1486
2018-6,39269012,電氣絕緣用塑膠製品,澳大利亞,出口總值(含復出口),59,15406
2018-7,39231010,塑膠製箱子、盒子、籃子及類似品，其形狀或適合供運輸或包裝半導體晶圓或網線,中國大陸,進口總值(含復進口),476,62113
2018-7,39231010,塑膠製箱子、盒子、籃子及類似品，其形狀或適合供運輸或包裝半導體晶圓或網線,中華民國,進口總值(含復進口),3,1665
2018-7,39231010,塑膠製箱子、盒子、籃子及類似品，其形狀或適合供運輸或包裝半導體晶圓或網線,日本,進口總值(含復進口),2013,134326
2018-7,39231010,塑膠製箱子、盒子、籃子及類似品，其形狀或適合供運輸或包裝半導體晶圓或網線,比利時,進口總值(含復進口),0,6
2018-7,39231010,塑膠製箱子、盒子、籃子及類似品，其形狀或適合供運輸或包裝半導體晶圓或網線,加拿大,進口總值(含復進口),1,1
2018-7,39231010,塑膠製箱子、盒子、籃子及類似品，其形狀或適合供運輸或包裝半導體晶圓或網線,匈牙利,進口總值(含復進口),11,17
2018-7,39231010,塑膠製箱子、盒子、籃子及類似品，其形狀或適合供運輸或包裝半導體晶圓或網線,印尼,進口總值(含復進口),401,52779
2018-7,39231010,塑膠製箱子、盒子、籃子及類似品，其形狀或適合供運輸或包裝半導體晶圓或網線,西班牙,進口總值(含復進口),1,115
2018-7,39231010,塑膠製箱子、盒子、籃子及類似品，其形狀或適合供運輸或包裝半導體晶圓或網線,波蘭,進口總值(含復進口),1,26
2018-7,39231010,塑膠製箱子、盒子、籃子及類似品，其形狀或適合供運輸或包裝半導體晶圓或網線,法國,進口總值(含復進口),1,64
2018-7,39231010,塑膠製箱子、盒子、籃子及類似品，其形狀或適合供運輸或包裝半導體晶圓或網線,南韓,進口總值(含復進口),427,32650
2018-7,39231010,塑膠製箱子、盒子、籃子及類似品，其形狀或適合供運輸或包裝半導體晶圓或網線,美國,進口總值(含復進口),573,40307
2018-7,39231010,塑膠製箱子、盒子、籃子及類似品，其形狀或適合供運輸或包裝半導體晶圓或網線,英國,進口總值(含復進口),5,121
2018-7,39231010,塑膠製箱子、盒子、籃子及類似品，其形狀或適合供運輸或包裝半導體晶圓或網線,香港,進口總值(含復進口),3,340
2018-7,39231010,塑膠製箱子、盒子、籃子及類似品，其形狀或適合供運輸或包裝半導體晶圓或網線,馬來西亞,進口總值(含復進口),1727,32703
2018-7,39231010,塑膠製箱子、盒子、籃子及類似品，其形狀或適合供運輸或包裝半導體晶圓或網線,菲律賓,進口總值(含復進口),5,238
2018-7,39231010,塑膠製箱子、盒子、籃子及類似品，其形狀或適合供運輸或包裝半導體晶圓或網線,越南,進口總值(含復進口),18,680
2018-7,39231010,塑膠製箱子、盒子、籃子及類似品，其形狀或適合供運輸或包裝半導體晶圓或網線,新加坡,進口總值(含復進口),32,19043
2018-7,39231010,塑膠製箱子、盒子、籃子及類似品，其形狀或適合供運輸或包裝半導體晶圓或網線,瑞士,進口總值(含復進口),2,61
2018-7,39231010,塑膠製箱子、盒子、籃子及類似品，其形狀或適合供運輸或包裝半導體晶圓或網線,義大利,進口總值(含復進口),0,6
2018-7,39231010,塑膠製箱子、盒子、籃子及類似品，其形狀或適合供運輸或包裝半導體晶圓或網線,德國,進口總值(含復進口),25,1084
2018-7,39231010,塑膠製箱子、盒子、籃子及類似品，其形狀或適合供運輸或包裝半導體晶圓或網線,澳大利亞,進口總值(含復進口),0,0
2018-7,39231010,塑膠製箱子、盒子、籃子及類似品，其形狀或適合供運輸或包裝半導體晶圓或網線,大溪地,出口總值(含復出口),22,7033
2018-7,39231010,塑膠製箱子、盒子、籃子及類似品，其形狀或適合供運輸或包裝半導體晶圓或網線,中國大陸,出口總值(含復出口),1083,183049
2018-7,39231010,塑膠製箱子、盒子、籃子及類似品，其形狀或適合供運輸或包裝半導體晶圓或網線,巴西,出口總值(含復出口),2,216
2018-7,39231010,塑膠製箱子、盒子、籃子及類似品，其形狀或適合供運輸或包裝半導體晶圓或網線,日本,出口總值(含復出口),423,47182
2018-7,39231010,塑膠製箱子、盒子、籃子及類似品，其形狀或適合供運輸或包裝半導體晶圓或網線,加拿大,出口總值(含復出口),6,1004
2018-7,39231010,塑膠製箱子、盒子、籃子及類似品，其形狀或適合供運輸或包裝半導體晶圓或網線,印度,出口總值(含復出口),29,8713
2018-7,39231010,塑膠製箱子、盒子、籃子及類似品，其形狀或適合供運輸或包裝半導體晶圓或網線,其他國家,出口總值(含復出口),0,10
2018-7,39231010,塑膠製箱子、盒子、籃子及類似品，其形狀或適合供運輸或包裝半導體晶圓或網線,東加,出口總值(含復出口),0,55
2018-7,39231010,塑膠製箱子、盒子、籃子及類似品，其形狀或適合供運輸或包裝半導體晶圓或網線,阿拉伯聯合大公國,出口總值(含復出口),41,7542
2018-7,39231010,塑膠製箱子、盒子、籃子及類似品，其形狀或適合供運輸或包裝半導體晶圓或網線,南韓,出口總值(含復出口),51,4858
2018-7,39231010,塑膠製箱子、盒子、籃子及類似品，其形狀或適合供運輸或包裝半導體晶圓或網線,美國,出口總值(含復出口),297,39637
2018-7,39231010,塑膠製箱子、盒子、籃子及類似品，其形狀或適合供運輸或包裝半導體晶圓或網線,英國,出口總值(含復出口),70,12005
2018-7,39231010,塑膠製箱子、盒子、籃子及類似品，其形狀或適合供運輸或包裝半導體晶圓或網線,香港,出口總值(含復出口),116,54396
2018-7,39231010,塑膠製箱子、盒子、籃子及類似品，其形狀或適合供運輸或包裝半導體晶圓或網線,泰國,出口總值(含復出口),23,6728
2018-7,39231010,塑膠製箱子、盒子、籃子及類似品，其形狀或適合供運輸或包裝半導體晶圓或網線,烏克蘭,出口總值(含復出口),8,326
2018-7,39231010,塑膠製箱子、盒子、籃子及類似品，其形狀或適合供運輸或包裝半導體晶圓或網線,烏拉圭,出口總值(含復出口),1,331
2018-7,39231010,塑膠製箱子、盒子、籃子及類似品，其形狀或適合供運輸或包裝半導體晶圓或網線,紐西蘭,出口總值(含復出口),4,1060
2018-7,39231010,塑膠製箱子、盒子、籃子及類似品，其形狀或適合供運輸或包裝半導體晶圓或網線,馬來西亞,出口總值(含復出口),44,4678
2018-7,39231010,塑膠製箱子、盒子、籃子及類似品，其形狀或適合供運輸或包裝半導體晶圓或網線,馬紹爾群島,出口總值(含復出口),1,346
2018-7,39231010,塑膠製箱子、盒子、籃子及類似品，其形狀或適合供運輸或包裝半導體晶圓或網線,荷蘭,出口總值(含復出口),0,2
2018-7,39231010,塑膠製箱子、盒子、籃子及類似品，其形狀或適合供運輸或包裝半導體晶圓或網線,菲律賓,出口總值(含復出口),128,11691
2018-7,39231010,塑膠製箱子、盒子、籃子及類似品，其形狀或適合供運輸或包裝半導體晶圓或網線,越南,出口總值(含復出口),18,2610
2018-7,39231010,塑膠製箱子、盒子、籃子及類似品，其形狀或適合供運輸或包裝半導體晶圓或網線,新加坡,出口總值(含復出口),60,13076
2018-7,39231010,塑膠製箱子、盒子、籃子及類似品，其形狀或適合供運輸或包裝半導體晶圓或網線,義大利,出口總值(含復出口),3,103
2018-7,39231010,塑膠製箱子、盒子、籃子及類似品，其形狀或適合供運輸或包裝半導體晶圓或網線,德國,出口總值(含復出口),54,10078
2018-7,39231010,塑膠製箱子、盒子、籃子及類似品，其形狀或適合供運輸或包裝半導體晶圓或網線,澳大利亞,出口總值(含復出口),12,1913
2018-7,39239090,其他供輸送或包裝貨物之塑膠製品,中國大陸,進口總值(含復進口),7123,1524376
2018-7,39239090,其他供輸送或包裝貨物之塑膠製品,中華民國,進口總值(含復進口),1614,456993
2018-7,39239090,其他供輸送或包裝貨物之塑膠製品,丹麥,進口總值(含復進口),2,23
2018-7,39239090,其他供輸送或包裝貨物之塑膠製品,厄瓜多,進口總值(含復進口),4,228
2018-7,39239090,其他供輸送或包裝貨物之塑膠製品,日本,進口總值(含復進口),2203,261681
2018-7,39239090,其他供輸送或包裝貨物之塑膠製品,比利時,進口總值(含復進口),1,8
2018-7,39239090,其他供輸送或包裝貨物之塑膠製品,加拿大,進口總值(含復進口),5,724
2018-7,39239090,其他供輸送或包裝貨物之塑膠製品,西班牙,進口總值(含復進口),1,67
2018-7,39239090,其他供輸送或包裝貨物之塑膠製品,拉脫維亞,進口總值(含復進口),1,50
2018-7,39239090,其他供輸送或包裝貨物之塑膠製品,法國,進口總值(含復進口),0,5
2018-7,39239090,其他供輸送或包裝貨物之塑膠製品,芬蘭,進口總值(含復進口),0,2
2018-7,39239090,其他供輸送或包裝貨物之塑膠製品,南韓,進口總值(含復進口),2011,383714
2018-7,39239090,其他供輸送或包裝貨物之塑膠製品,美國,進口總值(含復進口),1090,133197
2018-7,39239090,其他供輸送或包裝貨物之塑膠製品,英國,進口總值(含復進口),1,67
2018-7,39239090,其他供輸送或包裝貨物之塑膠製品,香港,進口總值(含復進口),0,9
2018-7,39239090,其他供輸送或包裝貨物之塑膠製品,泰國,進口總值(含復進口),520,75865
2018-7,39239090,其他供輸送或包裝貨物之塑膠製品,馬來西亞,進口總值(含復進口),1060,130555
2018-7,39239090,其他供輸送或包裝貨物之塑膠製品,馬爾他,進口總值(含復進口),6,410
2018-7,39239090,其他供輸送或包裝貨物之塑膠製品,捷克,進口總值(含復進口),3,1988
2018-7,39239090,其他供輸送或包裝貨物之塑膠製品,荷蘭,進口總值(含復進口),88,2039
2018-7,39239090,其他供輸送或包裝貨物之塑膠製品,斯洛維尼亞,進口總值(含復進口),2,9
2018-7,39239090,其他供輸送或包裝貨物之塑膠製品,菲律賓,進口總值(含復進口),418,88208
2018-7,39239090,其他供輸送或包裝貨物之塑膠製品,越南,進口總值(含復進口),18,2019
2018-7,39239090,其他供輸送或包裝貨物之塑膠製品,奧地利,進口總值(含復進口),0,10
2018-7,39239090,其他供輸送或包裝貨物之塑膠製品,新加坡,進口總值(含復進口),120,37527
2018-7,39239090,其他供輸送或包裝貨物之塑膠製品,瑞典,進口總值(含復進口),0,149
2018-7,39239090,其他供輸送或包裝貨物之塑膠製品,義大利,進口總值(含復進口),1,250
2018-7,39239090,其他供輸送或包裝貨物之塑膠製品,葡萄牙,進口總值(含復進口),1,270
2018-7,39239090,其他供輸送或包裝貨物之塑膠製品,德國,進口總值(含復進口),75,11914
2018-7,39239090,其他供輸送或包裝貨物之塑膠製品,澳大利亞,進口總值(含復進口),2,3480
2018-7,39239090,其他供輸送或包裝貨物之塑膠製品,千里達及托巴哥,出口總值(含復出口),16,3343
2018-7,39239090,其他供輸送或包裝貨物之塑膠製品,土耳其,出口總值(含復出口),8,1008
2018-7,39239090,其他供輸送或包裝貨物之塑膠製品,中國大陸,出口總值(含復出口),2461,678445
2018-7,39239090,其他供輸送或包裝貨物之塑膠製品,丹麥,出口總值(含復出口),11,1685
2018-7,39239090,其他供輸送或包裝貨物之塑膠製品,巴西,出口總值(含復出口),40,8751
2018-7,39239090,其他供輸送或包裝貨物之塑膠製品,巴基斯坦,出口總值(含復出口),47,3211
2018-7,39239090,其他供輸送或包裝貨物之塑膠製品,日本,出口總值(含復出口),1298,178200
2018-7,39239090,其他供輸送或包裝貨物之塑膠製品,比利時,出口總值(含復出口),40,2301
2018-7,39239090,其他供輸送或包裝貨物之塑膠製品,以色列,出口總值(含復出口),13,1659
2018-7,39239090,其他供輸送或包裝貨物之塑膠製品,加拿大,出口總值(含復出口),84,21681
2018-7,39239090,其他供輸送或包裝貨物之塑膠製品,卡達,出口總值(含復出口),8,3421
2018-7,39239090,其他供輸送或包裝貨物之塑膠製品,瓜地馬拉,出口總值(含復出口),1,368
2018-7,39239090,其他供輸送或包裝貨物之塑膠製品,立陶宛,出口總值(含復出口),0,13
2018-7,39239090,其他供輸送或包裝貨物之塑膠製品,印尼,出口總值(含復出口),116,13693
2018-7,39239090,其他供輸送或包裝貨物之塑膠製品,印度,出口總值(含復出口),7,1015
2018-7,39239090,其他供輸送或包裝貨物之塑膠製品,西班牙,出口總值(含復出口),3,209
2018-7,39239090,其他供輸送或包裝貨物之塑膠製品,希臘,出口總值(含復出口),29,19175
2018-7,39239090,其他供輸送或包裝貨物之塑膠製品,沙烏地阿拉伯,出口總值(含復出口),58,14056
2018-7,39239090,其他供輸送或包裝貨物之塑膠製品,奈及利亞,出口總值(含復出口),0,75
2018-7,39239090,其他供輸送或包裝貨物之塑膠製品,孟加拉,出口總值(含復出口),32,16983
2018-7,39239090,其他供輸送或包裝貨物之塑膠製品,波多黎各,出口總值(含復出口),12,4170
2018-7,39239090,其他供輸送或包裝貨物之塑膠製品,法國,出口總值(含復出口),59,2294
2018-7,39239090,其他供輸送或包裝貨物之塑膠製品,阿拉伯聯合大公國,出口總值(含復出口),57,24254
2018-7,39239090,其他供輸送或包裝貨物之塑膠製品,南非,出口總值(含復出口),29,1120
2018-7,39239090,其他供輸送或包裝貨物之塑膠製品,南韓,出口總值(含復出口),894,305680
2018-7,39239090,其他供輸送或包裝貨物之塑膠製品,約旦,出口總值(含復出口),2,111
2018-7,39239090,其他供輸送或包裝貨物之塑膠製品,美國,出口總值(含復出口),1609,601399
2018-7,39239090,其他供輸送或包裝貨物之塑膠製品,英國,出口總值(含復出口),130,12313
2018-7,39239090,其他供輸送或包裝貨物之塑膠製品,香港,出口總值(含復出口),609,153700
2018-7,39239090,其他供輸送或包裝貨物之塑膠製品,哥倫比亞,出口總值(含復出口),10,1625
2018-7,39239090,其他供輸送或包裝貨物之塑膠製品,哥斯大黎加,出口總值(含復出口),14,4742
2018-7,39239090,其他供輸送或包裝貨物之塑膠製品,泰國,出口總值(含復出口),137,19883
2018-7,39239090,其他供輸送或包裝貨物之塑膠製品,秘魯,出口總值(含復出口),3,469
2018-7,39239090,其他供輸送或包裝貨物之塑膠製品,紐西蘭,出口總值(含復出口),19,2191
2018-7,39239090,其他供輸送或包裝貨物之塑膠製品,馬來西亞,出口總值(含復出口),244,38395
2018-7,39239090,其他供輸送或包裝貨物之塑膠製品,捷克,出口總值(含復出口),61,2339
2018-7,39239090,其他供輸送或包裝貨物之塑膠製品,荷蘭,出口總值(含復出口),169,10542
2018-7,39239090,其他供輸送或包裝貨物之塑膠製品,斯里蘭卡,出口總值(含復出口),1,186
2018-7,39239090,其他供輸送或包裝貨物之塑膠製品,菲律賓,出口總值(含復出口),146,48865
2018-7,39239090,其他供輸送或包裝貨物之塑膠製品,越南,出口總值(含復出口),143,20926
2018-7,39239090,其他供輸送或包裝貨物之塑膠製品,新加坡,出口總值(含復出口),134,30023
2018-7,39239090,其他供輸送或包裝貨物之塑膠製品,瑞士,出口總值(含復出口),29,1655
2018-7,39239090,其他供輸送或包裝貨物之塑膠製品,瑞典,出口總值(含復出口),34,8196
2018-7,39239090,其他供輸送或包裝貨物之塑膠製品,義大利,出口總值(含復出口),49,3286
2018-7,39239090,其他供輸送或包裝貨物之塑膠製品,葉門,出口總值(含復出口),0,168
2018-7,39239090,其他供輸送或包裝貨物之塑膠製品,德國,出口總值(含復出口),96,19543
2018-7,39239090,其他供輸送或包裝貨物之塑膠製品,緬甸,出口總值(含復出口),4,543
2018-7,39239090,其他供輸送或包裝貨物之塑膠製品,黎巴嫩,出口總值(含復出口),3,112
2018-7,39239090,其他供輸送或包裝貨物之塑膠製品,墨西哥,出口總值(含復出口),198,34796
2018-7,39239090,其他供輸送或包裝貨物之塑膠製品,澳大利亞,出口總值(含復出口),26,11168
2018-7,39239090,其他供輸送或包裝貨物之塑膠製品,澳門,出口總值(含復出口),2,273
2018-7,39239090,其他供輸送或包裝貨物之塑膠製品,羅馬尼亞,出口總值(含復出口),12,1945
2018-7,39269012,電氣絕緣用塑膠製品,中國大陸,進口總值(含復進口),34,1634
2018-7,39269012,電氣絕緣用塑膠製品,日本,進口總值(含復進口),231,737
2018-7,39269012,電氣絕緣用塑膠製品,印度,進口總值(含復進口),5,269
2018-7,39269012,電氣絕緣用塑膠製品,西班牙,進口總值(含復進口),0,41
2018-7,39269012,電氣絕緣用塑膠製品,南韓,進口總值(含復進口),2,140
2018-7,39269012,電氣絕緣用塑膠製品,美國,進口總值(含復進口),7,130
2018-7,39269012,電氣絕緣用塑膠製品,英國,進口總值(含復進口),3,16
2018-7,39269012,電氣絕緣用塑膠製品,越南,進口總值(含復進口),22,14629
2018-7,39269012,電氣絕緣用塑膠製品,新加坡,進口總值(含復進口),0,0
2018-7,39269012,電氣絕緣用塑膠製品,瑞士,進口總值(含復進口),0,1
2018-7,39269012,電氣絕緣用塑膠製品,德國,進口總值(含復進口),3,4
2018-7,39269012,電氣絕緣用塑膠製品,中國大陸,出口總值(含復出口),221,23024
2018-7,39269012,電氣絕緣用塑膠製品,厄瓜多,出口總值(含復出口),10,3188
2018-7,39269012,電氣絕緣用塑膠製品,比利時,出口總值(含復出口),16,3638
2018-7,39269012,電氣絕緣用塑膠製品,以色列,出口總值(含復出口),0,4
2018-7,39269012,電氣絕緣用塑膠製品,加拿大,出口總值(含復出口),214,59274
2018-7,39269012,電氣絕緣用塑膠製品,匈牙利,出口總值(含復出口),0,18
2018-7,39269012,電氣絕緣用塑膠製品,印尼,出口總值(含復出口),4,178
2018-7,39269012,電氣絕緣用塑膠製品,印度,出口總值(含復出口),227,92377
2018-7,39269012,電氣絕緣用塑膠製品,希臘,出口總值(含復出口),0,128
2018-7,39269012,電氣絕緣用塑膠製品,沙烏地阿拉伯,出口總值(含復出口),64,20623
2018-7,39269012,電氣絕緣用塑膠製品,波蘭,出口總值(含復出口),7,1821
2018-7,39269012,電氣絕緣用塑膠製品,法國,出口總值(含復出口),31,7577
2018-7,39269012,電氣絕緣用塑膠製品,芬蘭,出口總值(含復出口),1,8
2018-7,39269012,電氣絕緣用塑膠製品,俄羅斯,出口總值(含復出口),81,20967
2018-7,39269012,電氣絕緣用塑膠製品,南韓,出口總值(含復出口),281,100599
2018-7,39269012,電氣絕緣用塑膠製品,柬埔寨,出口總值(含復出口),11,154
2018-7,39269012,電氣絕緣用塑膠製品,科威特,出口總值(含復出口),0,9
2018-7,39269012,電氣絕緣用塑膠製品,美國,出口總值(含復出口),135,13279
2018-7,39269012,電氣絕緣用塑膠製品,英國,出口總值(含復出口),254,77372
2018-7,39269012,電氣絕緣用塑膠製品,香港,出口總值(含復出口),65,377
2018-7,39269012,電氣絕緣用塑膠製品,哥倫比亞,出口總值(含復出口),2,171
2018-7,39269012,電氣絕緣用塑膠製品,埃及,出口總值(含復出口),140,51558
2018-7,39269012,電氣絕緣用塑膠製品,泰國,出口總值(含復出口),4,43
2018-7,39269012,電氣絕緣用塑膠製品,海地,出口總值(含復出口),1,12
2018-7,39269012,電氣絕緣用塑膠製品,馬來西亞,出口總值(含復出口),69,4716
2018-7,39269012,電氣絕緣用塑膠製品,敘利亞,出口總值(含復出口),209,69920
2018-7,39269012,電氣絕緣用塑膠製品,菲律賓,出口總值(含復出口),15,9994
2018-7,39269012,電氣絕緣用塑膠製品,越南,出口總值(含復出口),87,3182
2018-7,39269012,電氣絕緣用塑膠製品,新加坡,出口總值(含復出口),11,1083
2018-7,39269012,電氣絕緣用塑膠製品,義大利,出口總值(含復出口),143,30954
2018-7,39269012,電氣絕緣用塑膠製品,葉門,出口總值(含復出口),37,11115
2018-7,39269012,電氣絕緣用塑膠製品,德國,出口總值(含復出口),64,14250
2018-7,39269012,電氣絕緣用塑膠製品,模里西斯,出口總值(含復出口),11,3052
2018-7,39269012,電氣絕緣用塑膠製品,緬甸,出口總值(含復出口),0,20
2018-7,39269012,電氣絕緣用塑膠製品,黎巴嫩,出口總值(含復出口),30,10547
2018-7,39269012,電氣絕緣用塑膠製品,墨西哥,出口總值(含復出口),202,65459
2018-7,39269012,電氣絕緣用塑膠製品,澳大利亞,出口總值(含復出口),11,2831
2018-8,39231010,塑膠製箱子、盒子、籃子及類似品，其形狀或適合供運輸或包裝半導體晶圓或網線,中國大陸,進口總值(含復進口),744,73154
2018-8,39231010,塑膠製箱子、盒子、籃子及類似品，其形狀或適合供運輸或包裝半導體晶圓或網線,中華民國,進口總值(含復進口),8,5873
2018-8,39231010,塑膠製箱子、盒子、籃子及類似品，其形狀或適合供運輸或包裝半導體晶圓或網線,日本,進口總值(含復進口),2199,108085
2018-8,39231010,塑膠製箱子、盒子、籃子及類似品，其形狀或適合供運輸或包裝半導體晶圓或網線,印尼,進口總值(含復進口),336,43779
2018-8,39231010,塑膠製箱子、盒子、籃子及類似品，其形狀或適合供運輸或包裝半導體晶圓或網線,印度,進口總值(含復進口),3,400
2018-8,39231010,塑膠製箱子、盒子、籃子及類似品，其形狀或適合供運輸或包裝半導體晶圓或網線,波蘭,進口總值(含復進口),0,3
2018-8,39231010,塑膠製箱子、盒子、籃子及類似品，其形狀或適合供運輸或包裝半導體晶圓或網線,南韓,進口總值(含復進口),641,44905
2018-8,39231010,塑膠製箱子、盒子、籃子及類似品，其形狀或適合供運輸或包裝半導體晶圓或網線,美國,進口總值(含復進口),563,38546
2018-8,39231010,塑膠製箱子、盒子、籃子及類似品，其形狀或適合供運輸或包裝半導體晶圓或網線,英國,進口總值(含復進口),0,0
2018-8,39231010,塑膠製箱子、盒子、籃子及類似品，其形狀或適合供運輸或包裝半導體晶圓或網線,馬來西亞,進口總值(含復進口),1011,40066
2018-8,39231010,塑膠製箱子、盒子、籃子及類似品，其形狀或適合供運輸或包裝半導體晶圓或網線,越南,進口總值(含復進口),63,2451
2018-8,39231010,塑膠製箱子、盒子、籃子及類似品，其形狀或適合供運輸或包裝半導體晶圓或網線,新加坡,進口總值(含復進口),2,300
2018-8,39231010,塑膠製箱子、盒子、籃子及類似品，其形狀或適合供運輸或包裝半導體晶圓或網線,瑞士,進口總值(含復進口),15,300
2018-8,39231010,塑膠製箱子、盒子、籃子及類似品，其形狀或適合供運輸或包裝半導體晶圓或網線,德國,進口總值(含復進口),14,642
2018-8,39231010,塑膠製箱子、盒子、籃子及類似品，其形狀或適合供運輸或包裝半導體晶圓或網線,中國大陸,出口總值(含復出口),797,81447
2018-8,39231010,塑膠製箱子、盒子、籃子及類似品，其形狀或適合供運輸或包裝半導體晶圓或網線,日本,出口總值(含復出口),556,35228
2018-8,39231010,塑膠製箱子、盒子、籃子及類似品，其形狀或適合供運輸或包裝半導體晶圓或網線,比利時,出口總值(含復出口),4,84
2018-8,39231010,塑膠製箱子、盒子、籃子及類似品，其形狀或適合供運輸或包裝半導體晶圓或網線,以色列,出口總值(含復出口),7,492
2018-8,39231010,塑膠製箱子、盒子、籃子及類似品，其形狀或適合供運輸或包裝半導體晶圓或網線,加拿大,出口總值(含復出口),49,5506
2018-8,39231010,塑膠製箱子、盒子、籃子及類似品，其形狀或適合供運輸或包裝半導體晶圓或網線,史瓦帝尼,出口總值(含復出口),1,170
2018-8,39231010,塑膠製箱子、盒子、籃子及類似品，其形狀或適合供運輸或包裝半導體晶圓或網線,印度,出口總值(含復出口),16,3824
2018-8,39231010,塑膠製箱子、盒子、籃子及類似品，其形狀或適合供運輸或包裝半導體晶圓或網線,西班牙,出口總值(含復出口),17,4712
2018-8,39231010,塑膠製箱子、盒子、籃子及類似品，其形狀或適合供運輸或包裝半導體晶圓或網線,沙烏地阿拉伯,出口總值(含復出口),2,206
2018-8,39231010,塑膠製箱子、盒子、籃子及類似品，其形狀或適合供運輸或包裝半導體晶圓或網線,帛琉,出口總值(含復出口),4,676
2018-8,39231010,塑膠製箱子、盒子、籃子及類似品，其形狀或適合供運輸或包裝半導體晶圓或網線,法國,出口總值(含復出口),5,662
2018-8,39231010,塑膠製箱子、盒子、籃子及類似品，其形狀或適合供運輸或包裝半導體晶圓或網線,阿拉伯聯合大公國,出口總值(含復出口),22,3724
2018-8,39231010,塑膠製箱子、盒子、籃子及類似品，其形狀或適合供運輸或包裝半導體晶圓或網線,南韓,出口總值(含復出口),12,1976
2018-8,39231010,塑膠製箱子、盒子、籃子及類似品，其形狀或適合供運輸或包裝半導體晶圓或網線,約旦,出口總值(含復出口),0,7
2018-8,39231010,塑膠製箱子、盒子、籃子及類似品，其形狀或適合供運輸或包裝半導體晶圓或網線,美國,出口總值(含復出口),127,20583
2018-8,39231010,塑膠製箱子、盒子、籃子及類似品，其形狀或適合供運輸或包裝半導體晶圓或網線,英國,出口總值(含復出口),18,2964
2018-8,39231010,塑膠製箱子、盒子、籃子及類似品，其形狀或適合供運輸或包裝半導體晶圓或網線,香港,出口總值(含復出口),42,5050
2018-8,39231010,塑膠製箱子、盒子、籃子及類似品，其形狀或適合供運輸或包裝半導體晶圓或網線,紐西蘭,出口總值(含復出口),79,3847
2018-8,39231010,塑膠製箱子、盒子、籃子及類似品，其形狀或適合供運輸或包裝半導體晶圓或網線,馬來西亞,出口總值(含復出口),72,7988
2018-8,39231010,塑膠製箱子、盒子、籃子及類似品，其形狀或適合供運輸或包裝半導體晶圓或網線,荷蘭,出口總值(含復出口),6,695
2018-8,39231010,塑膠製箱子、盒子、籃子及類似品，其形狀或適合供運輸或包裝半導體晶圓或網線,菲律賓,出口總值(含復出口),65,11714
2018-8,39231010,塑膠製箱子、盒子、籃子及類似品，其形狀或適合供運輸或包裝半導體晶圓或網線,越南,出口總值(含復出口),32,4893
2018-8,39231010,塑膠製箱子、盒子、籃子及類似品，其形狀或適合供運輸或包裝半導體晶圓或網線,奧地利,出口總值(含復出口),0,1
2018-8,39231010,塑膠製箱子、盒子、籃子及類似品，其形狀或適合供運輸或包裝半導體晶圓或網線,新加坡,出口總值(含復出口),7,1230
2018-8,39231010,塑膠製箱子、盒子、籃子及類似品，其形狀或適合供運輸或包裝半導體晶圓或網線,瑞典,出口總值(含復出口),0,3
2018-8,39231010,塑膠製箱子、盒子、籃子及類似品，其形狀或適合供運輸或包裝半導體晶圓或網線,德國,出口總值(含復出口),21,5950
2018-8,39231010,塑膠製箱子、盒子、籃子及類似品，其形狀或適合供運輸或包裝半導體晶圓或網線,墨西哥,出口總值(含復出口),3,213
2018-8,39231010,塑膠製箱子、盒子、籃子及類似品，其形狀或適合供運輸或包裝半導體晶圓或網線,澳大利亞,出口總值(含復出口),15,1348
2018-8,39231010,塑膠製箱子、盒子、籃子及類似品，其形狀或適合供運輸或包裝半導體晶圓或網線,澳門,出口總值(含復出口),0,88
2018-8,39231010,塑膠製箱子、盒子、籃子及類似品，其形狀或適合供運輸或包裝半導體晶圓或網線,羅馬尼亞,出口總值(含復出口),6,728
2018-8,39239090,其他供輸送或包裝貨物之塑膠製品,中國大陸,進口總值(含復進口),6851,1453089
2018-8,39239090,其他供輸送或包裝貨物之塑膠製品,中華民國,進口總值(含復進口),795,147893
2018-8,39239090,其他供輸送或包裝貨物之塑膠製品,日本,進口總值(含復進口),1453,265310
2018-8,39239090,其他供輸送或包裝貨物之塑膠製品,比利時,進口總值(含復進口),1,350
2018-8,39239090,其他供輸送或包裝貨物之塑膠製品,以色列,進口總值(含復進口),1,3
2018-8,39239090,其他供輸送或包裝貨物之塑膠製品,加拿大,進口總值(含復進口),10,1465
2018-8,39239090,其他供輸送或包裝貨物之塑膠製品,印度,進口總值(含復進口),90,23027
2018-8,39239090,其他供輸送或包裝貨物之塑膠製品,拉脫維亞,進口總值(含復進口),1,50
2018-8,39239090,其他供輸送或包裝貨物之塑膠製品,法國,進口總值(含復進口),1,10
2018-8,39239090,其他供輸送或包裝貨物之塑膠製品,南韓,進口總值(含復進口),1494,262483
2018-8,39239090,其他供輸送或包裝貨物之塑膠製品,美國,進口總值(含復進口),970,129049
2018-8,39239090,其他供輸送或包裝貨物之塑膠製品,英國,進口總值(含復進口),29,4334
2018-8,39239090,其他供輸送或包裝貨物之塑膠製品,香港,進口總值(含復進口),3,33
2018-8,39239090,其他供輸送或包裝貨物之塑膠製品,泰國,進口總值(含復進口),520,131425
2018-8,39239090,其他供輸送或包裝貨物之塑膠製品,馬來西亞,進口總值(含復進口),1545,121514
2018-8,39239090,其他供輸送或包裝貨物之塑膠製品,荷蘭,進口總值(含復進口),59,1235
2018-8,39239090,其他供輸送或包裝貨物之塑膠製品,斯洛維尼亞,進口總值(含復進口),50,19791
2018-8,39239090,其他供輸送或包裝貨物之塑膠製品,菲律賓,進口總值(含復進口),353,67575
2018-8,39239090,其他供輸送或包裝貨物之塑膠製品,越南,進口總值(含復進口),18,7979
2018-8,39239090,其他供輸送或包裝貨物之塑膠製品,奧地利,進口總值(含復進口),0,9
2018-8,39239090,其他供輸送或包裝貨物之塑膠製品,新加坡,進口總值(含復進口),95,20012
2018-8,39239090,其他供輸送或包裝貨物之塑膠製品,瑞士,進口總值(含復進口),1,1
2018-8,39239090,其他供輸送或包裝貨物之塑膠製品,義大利,進口總值(含復進口),3,163
2018-8,39239090,其他供輸送或包裝貨物之塑膠製品,葡萄牙,進口總值(含復進口),1,220
2018-8,39239090,其他供輸送或包裝貨物之塑膠製品,德國,進口總值(含復進口),89,14126
2018-8,39239090,其他供輸送或包裝貨物之塑膠製品,墨西哥,進口總值(含復進口),0,0
2018-8,39239090,其他供輸送或包裝貨物之塑膠製品,中國大陸,出口總值(含復出口),2232,463780
2018-8,39239090,其他供輸送或包裝貨物之塑膠製品,厄瓜多,出口總值(含復出口),16,6002
2018-8,39239090,其他供輸送或包裝貨物之塑膠製品,巴西,出口總值(含復出口),67,20484
2018-8,39239090,其他供輸送或包裝貨物之塑膠製品,巴拿馬,出口總值(含復出口),28,11745
2018-8,39239090,其他供輸送或包裝貨物之塑膠製品,巴基斯坦,出口總值(含復出口),10,74
2018-8,39239090,其他供輸送或包裝貨物之塑膠製品,日本,出口總值(含復出口),1116,133243
2018-8,39239090,其他供輸送或包裝貨物之塑膠製品,比利時,出口總值(含復出口),15,1741
2018-8,39239090,其他供輸送或包裝貨物之塑膠製品,以色列,出口總值(含復出口),32,4055
2018-8,39239090,其他供輸送或包裝貨物之塑膠製品,加拿大,出口總值(含復出口),142,25799
2018-8,39239090,其他供輸送或包裝貨物之塑膠製品,卡達,出口總值(含復出口),33,12987
2018-8,39239090,其他供輸送或包裝貨物之塑膠製品,立陶宛,出口總值(含復出口),14,5680
2018-8,39239090,其他供輸送或包裝貨物之塑膠製品,印尼,出口總值(含復出口),79,13150
2018-8,39239090,其他供輸送或包裝貨物之塑膠製品,印度,出口總值(含復出口),205,82650
2018-8,39239090,其他供輸送或包裝貨物之塑膠製品,西班牙,出口總值(含復出口),39,2047
2018-8,39239090,其他供輸送或包裝貨物之塑膠製品,希臘,出口總值(含復出口),11,2637
2018-8,39239090,其他供輸送或包裝貨物之塑膠製品,沙烏地阿拉伯,出口總值(含復出口),13,5686
2018-8,39239090,其他供輸送或包裝貨物之塑膠製品,其他國家,出口總值(含復出口),1,275
2018-8,39239090,其他供輸送或包裝貨物之塑膠製品,孟加拉,出口總值(含復出口),0,80
2018-8,39239090,其他供輸送或包裝貨物之塑膠製品,東加,出口總值(含復出口),0,50
2018-8,39239090,其他供輸送或包裝貨物之塑膠製品,波多黎各,出口總值(含復出口),11,3676
2018-8,39239090,其他供輸送或包裝貨物之塑膠製品,波蘭,出口總值(含復出口),0,11
2018-8,39239090,其他供輸送或包裝貨物之塑膠製品,法國,出口總值(含復出口),54,2858
2018-8,39239090,其他供輸送或包裝貨物之塑膠製品,法屬玻里尼西亞,出口總值(含復出口),2,904
2018-8,39239090,其他供輸送或包裝貨物之塑膠製品,肯亞,出口總值(含復出口),3,1025
2018-8,39239090,其他供輸送或包裝貨物之塑膠製品,阿拉伯聯合大公國,出口總值(含復出口),17,8483
2018-8,39239090,其他供輸送或包裝貨物之塑膠製品,阿曼,出口總值(含復出口),8,1884
2018-8,39239090,其他供輸送或包裝貨物之塑膠製品,俄羅斯,出口總值(含復出口),30,2324
2018-8,39239090,其他供輸送或包裝貨物之塑膠製品,南非,出口總值(含復出口),14,1658
2018-8,39239090,其他供輸送或包裝貨物之塑膠製品,南韓,出口總值(含復出口),727,187468
2018-8,39239090,其他供輸送或包裝貨物之塑膠製品,柬埔寨,出口總值(含復出口),41,19460
2018-8,39239090,其他供輸送或包裝貨物之塑膠製品,美國,出口總值(含復出口),1714,656653
2018-8,39239090,其他供輸送或包裝貨物之塑膠製品,英國,出口總值(含復出口),98,8531
2018-8,39239090,其他供輸送或包裝貨物之塑膠製品,香港,出口總值(含復出口),446,222464
2018-8,39239090,其他供輸送或包裝貨物之塑膠製品,哥倫比亞,出口總值(含復出口),44,11971
2018-8,39239090,其他供輸送或包裝貨物之塑膠製品,哥斯大黎加,出口總值(含復出口),13,4324
2018-8,39239090,其他供輸送或包裝貨物之塑膠製品,埃及,出口總值(含復出口),1,210
2018-8,39239090,其他供輸送或包裝貨物之塑膠製品,挪威,出口總值(含復出口),2,331
2018-8,39239090,其他供輸送或包裝貨物之塑膠製品,泰國,出口總值(含復出口),32,6079
2018-8,39239090,其他供輸送或包裝貨物之塑膠製品,秘魯,出口總值(含復出口),35,16645
2018-8,39239090,其他供輸送或包裝貨物之塑膠製品,紐西蘭,出口總值(含復出口),24,1241
2018-8,39239090,其他供輸送或包裝貨物之塑膠製品,馬來西亞,出口總值(含復出口),273,71571
2018-8,39239090,其他供輸送或包裝貨物之塑膠製品,荷蘭,出口總值(含復出口),128,5296
2018-8,39239090,其他供輸送或包裝貨物之塑膠製品,斯里蘭卡,出口總值(含復出口),5,1560
2018-8,39239090,其他供輸送或包裝貨物之塑膠製品,智利,出口總值(含復出口),8,1969
2018-8,39239090,其他供輸送或包裝貨物之塑膠製品,菲律賓,出口總值(含復出口),181,52531
2018-8,39239090,其他供輸送或包裝貨物之塑膠製品,越南,出口總值(含復出口),185,24761
2018-8,39239090,其他供輸送或包裝貨物之塑膠製品,奧地利,出口總值(含復出口),3,155
2018-8,39239090,其他供輸送或包裝貨物之塑膠製品,新加坡,出口總值(含復出口),136,20328
2018-8,39239090,其他供輸送或包裝貨物之塑膠製品,瑞士,出口總值(含復出口),16,555
2018-8,39239090,其他供輸送或包裝貨物之塑膠製品,瑞典,出口總值(含復出口),22,5178
2018-8,39239090,其他供輸送或包裝貨物之塑膠製品,萬那杜,出口總值(含復出口),2,610
2018-8,39239090,其他供輸送或包裝貨物之塑膠製品,義大利,出口總值(含復出口),251,11418
2018-8,39239090,其他供輸送或包裝貨物之塑膠製品,德國,出口總值(含復出口),82,10452
2018-8,39239090,其他供輸送或包裝貨物之塑膠製品,模里西斯,出口總值(含復出口),10,3524
2018-8,39239090,其他供輸送或包裝貨物之塑膠製品,緬甸,出口總值(含復出口),7,723
2018-8,39239090,其他供輸送或包裝貨物之塑膠製品,墨西哥,出口總值(含復出口),97,17543
2018-8,39239090,其他供輸送或包裝貨物之塑膠製品,澳大利亞,出口總值(含復出口),51,17680
2018-8,39239090,其他供輸送或包裝貨物之塑膠製品,澳門,出口總值(含復出口),4,2384
2018-8,39239090,其他供輸送或包裝貨物之塑膠製品,賽普勒斯,出口總值(含復出口),11,8205
2018-8,39239090,其他供輸送或包裝貨物之塑膠製品,薩爾瓦多,出口總值(含復出口),0,15
2018-8,39239090,其他供輸送或包裝貨物之塑膠製品,關島,出口總值(含復出口),2,699
2018-8,39239090,其他供輸送或包裝貨物之塑膠製品,蘇丹,出口總值(含復出口),20,395
2018-8,39269012,電氣絕緣用塑膠製品,中國大陸,進口總值(含復進口),35,1635
2018-8,39269012,電氣絕緣用塑膠製品,中華民國,進口總值(含復進口),0,2
2018-8,39269012,電氣絕緣用塑膠製品,日本,進口總值(含復進口),266,1059
2018-8,39269012,電氣絕緣用塑膠製品,印度,進口總值(含復進口),0,3
2018-8,39269012,電氣絕緣用塑膠製品,美國,進口總值(含復進口),9,75
2018-8,39269012,電氣絕緣用塑膠製品,越南,進口總值(含復進口),30,15528
2018-8,39269012,電氣絕緣用塑膠製品,新加坡,進口總值(含復進口),0,15
2018-8,39269012,電氣絕緣用塑膠製品,瑞士,進口總值(含復進口),4,5
2018-8,39269012,電氣絕緣用塑膠製品,德國,進口總值(含復進口),1,1
2018-8,39269012,電氣絕緣用塑膠製品,土耳其,出口總值(含復出口),113,34500
2018-8,39269012,電氣絕緣用塑膠製品,中國大陸,出口總值(含復出口),140,19858
2018-8,39269012,電氣絕緣用塑膠製品,巴西,出口總值(含復出口),3,522
2018-8,39269012,電氣絕緣用塑膠製品,日本,出口總值(含復出口),0,15
2018-8,39269012,電氣絕緣用塑膠製品,比利時,出口總值(含復出口),22,5974
2018-8,39269012,電氣絕緣用塑膠製品,以色列,出口總值(含復出口),2,65
2018-8,39269012,電氣絕緣用塑膠製品,加拿大,出口總值(含復出口),167,40399
2018-8,39269012,電氣絕緣用塑膠製品,印尼,出口總值(含復出口),4,133
2018-8,39269012,電氣絕緣用塑膠製品,印度,出口總值(含復出口),270,106092
2018-8,39269012,電氣絕緣用塑膠製品,西班牙,出口總值(含復出口),6,1339
2018-8,39269012,電氣絕緣用塑膠製品,沙烏地阿拉伯,出口總值(含復出口),82,25645
2018-8,39269012,電氣絕緣用塑膠製品,其他國家,出口總值(含復出口),0,32
2018-8,39269012,電氣絕緣用塑膠製品,孟加拉,出口總值(含復出口),0,36
2018-8,39269012,電氣絕緣用塑膠製品,拉脫維亞,出口總值(含復出口),21,5349
2018-8,39269012,電氣絕緣用塑膠製品,法國,出口總值(含復出口),21,5177
2018-8,39269012,電氣絕緣用塑膠製品,俄羅斯,出口總值(含復出口),48,15346
2018-8,39269012,電氣絕緣用塑膠製品,南韓,出口總值(含復出口),257,90489
2018-8,39269012,電氣絕緣用塑膠製品,柬埔寨,出口總值(含復出口),9,113
2018-8,39269012,電氣絕緣用塑膠製品,美國,出口總值(含復出口),207,39181
2018-8,39269012,電氣絕緣用塑膠製品,英國,出口總值(含復出口),116,36442
2018-8,39269012,電氣絕緣用塑膠製品,香港,出口總值(含復出口),81,826
2018-8,39269012,電氣絕緣用塑膠製品,哥倫比亞,出口總值(含復出口),78,28060
2018-8,39269012,電氣絕緣用塑膠製品,哥斯大黎加,出口總值(含復出口),18,3119
2018-8,39269012,電氣絕緣用塑膠製品,埃及,出口總值(含復出口),5,203
2018-8,39269012,電氣絕緣用塑膠製品,泰國,出口總值(含復出口),25,3476
2018-8,39269012,電氣絕緣用塑膠製品,紐西蘭,出口總值(含復出口),2,609
2018-8,39269012,電氣絕緣用塑膠製品,馬來西亞,出口總值(含復出口),19,1553
2018-8,39269012,電氣絕緣用塑膠製品,敘利亞,出口總值(含復出口),69,23940
2018-8,39269012,電氣絕緣用塑膠製品,荷蘭,出口總值(含復出口),56,14767
2018-8,39269012,電氣絕緣用塑膠製品,菲律賓,出口總值(含復出口),23,14954
2018-8,39269012,電氣絕緣用塑膠製品,越南,出口總值(含復出口),13,395
2018-8,39269012,電氣絕緣用塑膠製品,新加坡,出口總值(含復出口),33,6
2018-8,39269012,電氣絕緣用塑膠製品,瑞士,出口總值(含復出口),5,1090
2018-8,39269012,電氣絕緣用塑膠製品,萬那杜,出口總值(含復出口),1,35
2018-8,39269012,電氣絕緣用塑膠製品,義大利,出口總值(含復出口),11,1374
2018-8,39269012,電氣絕緣用塑膠製品,德國,出口總值(含復出口),32,4823
2018-8,39269012,電氣絕緣用塑膠製品,墨西哥,出口總值(含復出口),199,67213
2018-8,39269012,電氣絕緣用塑膠製品,澳大利亞,出口總值(含復出口),64,15185
2018-9,39231010,塑膠製箱子、盒子、籃子及類似品，其形狀或適合供運輸或包裝半導體晶圓或網線,中國大陸,進口總值(含復進口),630,88172
2018-9,39231010,塑膠製箱子、盒子、籃子及類似品，其形狀或適合供運輸或包裝半導體晶圓或網線,中華民國,進口總值(含復進口),2,1904
2018-9,39231010,塑膠製箱子、盒子、籃子及類似品，其形狀或適合供運輸或包裝半導體晶圓或網線,丹麥,進口總值(含復進口),0,0
2018-9,39231010,塑膠製箱子、盒子、籃子及類似品，其形狀或適合供運輸或包裝半導體晶圓或網線,日本,進口總值(含復進口),1375,74848
2018-9,39231010,塑膠製箱子、盒子、籃子及類似品，其形狀或適合供運輸或包裝半導體晶圓或網線,比利時,進口總值(含復進口),0,1
2018-9,39231010,塑膠製箱子、盒子、籃子及類似品，其形狀或適合供運輸或包裝半導體晶圓或網線,印尼,進口總值(含復進口),292,39117
2018-9,39231010,塑膠製箱子、盒子、籃子及類似品，其形狀或適合供運輸或包裝半導體晶圓或網線,波蘭,進口總值(含復進口),0,3
2018-9,39231010,塑膠製箱子、盒子、籃子及類似品，其形狀或適合供運輸或包裝半導體晶圓或網線,法國,進口總值(含復進口),0,0
2018-9,39231010,塑膠製箱子、盒子、籃子及類似品，其形狀或適合供運輸或包裝半導體晶圓或網線,南韓,進口總值(含復進口),657,68057
2018-9,39231010,塑膠製箱子、盒子、籃子及類似品，其形狀或適合供運輸或包裝半導體晶圓或網線,美國,進口總值(含復進口),1121,74482
2018-9,39231010,塑膠製箱子、盒子、籃子及類似品，其形狀或適合供運輸或包裝半導體晶圓或網線,英國,進口總值(含復進口),0,2
2018-9,39231010,塑膠製箱子、盒子、籃子及類似品，其形狀或適合供運輸或包裝半導體晶圓或網線,泰國,進口總值(含復進口),0,11
2018-9,39231010,塑膠製箱子、盒子、籃子及類似品，其形狀或適合供運輸或包裝半導體晶圓或網線,馬來西亞,進口總值(含復進口),1029,47608
2018-9,39231010,塑膠製箱子、盒子、籃子及類似品，其形狀或適合供運輸或包裝半導體晶圓或網線,荷蘭,進口總值(含復進口),2,3
2018-9,39231010,塑膠製箱子、盒子、籃子及類似品，其形狀或適合供運輸或包裝半導體晶圓或網線,菲律賓,進口總值(含復進口),3,420
2018-9,39231010,塑膠製箱子、盒子、籃子及類似品，其形狀或適合供運輸或包裝半導體晶圓或網線,新加坡,進口總值(含復進口),5,2304
2018-9,39231010,塑膠製箱子、盒子、籃子及類似品，其形狀或適合供運輸或包裝半導體晶圓或網線,瑞士,進口總值(含復進口),0,5
2018-9,39231010,塑膠製箱子、盒子、籃子及類似品，其形狀或適合供運輸或包裝半導體晶圓或網線,德國,進口總值(含復進口),18,987
2018-9,39231010,塑膠製箱子、盒子、籃子及類似品，其形狀或適合供運輸或包裝半導體晶圓或網線,大溪地,出口總值(含復出口),21,7179
2018-9,39231010,塑膠製箱子、盒子、籃子及類似品，其形狀或適合供運輸或包裝半導體晶圓或網線,中國大陸,出口總值(含復出口),980,110035
2018-9,39231010,塑膠製箱子、盒子、籃子及類似品，其形狀或適合供運輸或包裝半導體晶圓或網線,巴西,出口總值(含復出口),2,269
2018-9,39231010,塑膠製箱子、盒子、籃子及類似品，其形狀或適合供運輸或包裝半導體晶圓或網線,日本,出口總值(含復出口),481,49370
2018-9,39231010,塑膠製箱子、盒子、籃子及類似品，其形狀或適合供運輸或包裝半導體晶圓或網線,比利時,出口總值(含復出口),4,84
2018-9,39231010,塑膠製箱子、盒子、籃子及類似品，其形狀或適合供運輸或包裝半導體晶圓或網線,以色列,出口總值(含復出口),2,24
2018-9,39231010,塑膠製箱子、盒子、籃子及類似品，其形狀或適合供運輸或包裝半導體晶圓或網線,加拿大,出口總值(含復出口),198,21127
2018-9,39231010,塑膠製箱子、盒子、籃子及類似品，其形狀或適合供運輸或包裝半導體晶圓或網線,印度,出口總值(含復出口),51,14360
2018-9,39231010,塑膠製箱子、盒子、籃子及類似品，其形狀或適合供運輸或包裝半導體晶圓或網線,衣索比亞,出口總值(含復出口),0,58
2018-9,39231010,塑膠製箱子、盒子、籃子及類似品，其形狀或適合供運輸或包裝半導體晶圓或網線,西班牙,出口總值(含復出口),0,59
2018-9,39231010,塑膠製箱子、盒子、籃子及類似品，其形狀或適合供運輸或包裝半導體晶圓或網線,帛琉,出口總值(含復出口),2,217
2018-9,39231010,塑膠製箱子、盒子、籃子及類似品，其形狀或適合供運輸或包裝半導體晶圓或網線,法國,出口總值(含復出口),4,270
2018-9,39231010,塑膠製箱子、盒子、籃子及類似品，其形狀或適合供運輸或包裝半導體晶圓或網線,阿拉伯聯合大公國,出口總值(含復出口),8,1939
2018-9,39231010,塑膠製箱子、盒子、籃子及類似品，其形狀或適合供運輸或包裝半導體晶圓或網線,南非,出口總值(含復出口),22,9579
2018-9,39231010,塑膠製箱子、盒子、籃子及類似品，其形狀或適合供運輸或包裝半導體晶圓或網線,南韓,出口總值(含復出口),7,1861
2018-9,39231010,塑膠製箱子、盒子、籃子及類似品，其形狀或適合供運輸或包裝半導體晶圓或網線,柬埔寨,出口總值(含復出口),1,300
2018-9,39231010,塑膠製箱子、盒子、籃子及類似品，其形狀或適合供運輸或包裝半導體晶圓或網線,科威特,出口總值(含復出口),0,11
2018-9,39231010,塑膠製箱子、盒子、籃子及類似品，其形狀或適合供運輸或包裝半導體晶圓或網線,美國,出口總值(含復出口),80,21590
2018-9,39231010,塑膠製箱子、盒子、籃子及類似品，其形狀或適合供運輸或包裝半導體晶圓或網線,英國,出口總值(含復出口),29,4634
2018-9,39231010,塑膠製箱子、盒子、籃子及類似品，其形狀或適合供運輸或包裝半導體晶圓或網線,香港,出口總值(含復出口),35,24744
2018-9,39231010,塑膠製箱子、盒子、籃子及類似品，其形狀或適合供運輸或包裝半導體晶圓或網線,泰國,出口總值(含復出口),2,670
2018-9,39231010,塑膠製箱子、盒子、籃子及類似品，其形狀或適合供運輸或包裝半導體晶圓或網線,紐西蘭,出口總值(含復出口),5,218
2018-9,39231010,塑膠製箱子、盒子、籃子及類似品，其形狀或適合供運輸或包裝半導體晶圓或網線,馬來西亞,出口總值(含復出口),104,11686
2018-9,39231010,塑膠製箱子、盒子、籃子及類似品，其形狀或適合供運輸或包裝半導體晶圓或網線,捷克,出口總值(含復出口),1,73
2018-9,39231010,塑膠製箱子、盒子、籃子及類似品，其形狀或適合供運輸或包裝半導體晶圓或網線,荷蘭,出口總值(含復出口),13,1260
2018-9,39231010,塑膠製箱子、盒子、籃子及類似品，其形狀或適合供運輸或包裝半導體晶圓或網線,菲律賓,出口總值(含復出口),18,10564
2018-9,39231010,塑膠製箱子、盒子、籃子及類似品，其形狀或適合供運輸或包裝半導體晶圓或網線,越南,出口總值(含復出口),20,3921
2018-9,39231010,塑膠製箱子、盒子、籃子及類似品，其形狀或適合供運輸或包裝半導體晶圓或網線,新加坡,出口總值(含復出口),19,4200
2018-9,39231010,塑膠製箱子、盒子、籃子及類似品，其形狀或適合供運輸或包裝半導體晶圓或網線,瑞典,出口總值(含復出口),1,290
2018-9,39231010,塑膠製箱子、盒子、籃子及類似品，其形狀或適合供運輸或包裝半導體晶圓或網線,德國,出口總值(含復出口),25,5934
2018-9,39231010,塑膠製箱子、盒子、籃子及類似品，其形狀或適合供運輸或包裝半導體晶圓或網線,緬甸,出口總值(含復出口),23,7000
2018-9,39231010,塑膠製箱子、盒子、籃子及類似品，其形狀或適合供運輸或包裝半導體晶圓或網線,澳大利亞,出口總值(含復出口),11,2358
2018-9,39239090,其他供輸送或包裝貨物之塑膠製品,中國大陸,進口總值(含復進口),6833,1426111
2018-9,39239090,其他供輸送或包裝貨物之塑膠製品,中華民國,進口總值(含復進口),1781,450839
2018-9,39239090,其他供輸送或包裝貨物之塑膠製品,巴基斯坦,進口總值(含復進口),2,270
2018-9,39239090,其他供輸送或包裝貨物之塑膠製品,日本,進口總值(含復進口),2094,278898
2018-9,39239090,其他供輸送或包裝貨物之塑膠製品,比利時,進口總值(含復進口),1,275
2018-9,39239090,其他供輸送或包裝貨物之塑膠製品,加拿大,進口總值(含復進口),2,281
2018-9,39239090,其他供輸送或包裝貨物之塑膠製品,印度,進口總值(含復進口),52,17026
2018-9,39239090,其他供輸送或包裝貨物之塑膠製品,拉脫維亞,進口總值(含復進口),4,252
2018-9,39239090,其他供輸送或包裝貨物之塑膠製品,法國,進口總值(含復進口),1,6
2018-9,39239090,其他供輸送或包裝貨物之塑膠製品,保加利亞,進口總值(含復進口),1,21
2018-9,39239090,其他供輸送或包裝貨物之塑膠製品,南韓,進口總值(含復進口),1389,337536
2018-9,39239090,其他供輸送或包裝貨物之塑膠製品,美國,進口總值(含復進口),717,89292
2018-9,39239090,其他供輸送或包裝貨物之塑膠製品,香港,進口總值(含復進口),0,5
2018-9,39239090,其他供輸送或包裝貨物之塑膠製品,挪威,進口總值(含復進口),2,50
2018-9,39239090,其他供輸送或包裝貨物之塑膠製品,泰國,進口總值(含復進口),370,65417
2018-9,39239090,其他供輸送或包裝貨物之塑膠製品,馬來西亞,進口總值(含復進口),2039,108153
2018-9,39239090,其他供輸送或包裝貨物之塑膠製品,荷蘭,進口總值(含復進口),35,430
2018-9,39239090,其他供輸送或包裝貨物之塑膠製品,斯洛維尼亞,進口總值(含復進口),1,4
2018-9,39239090,其他供輸送或包裝貨物之塑膠製品,菲律賓,進口總值(含復進口),394,80945
2018-9,39239090,其他供輸送或包裝貨物之塑膠製品,越南,進口總值(含復進口),15,7993
2018-9,39239090,其他供輸送或包裝貨物之塑膠製品,奧地利,進口總值(含復進口),0,13
2018-9,39239090,其他供輸送或包裝貨物之塑膠製品,新加坡,進口總值(含復進口),67,29320
2018-9,39239090,其他供輸送或包裝貨物之塑膠製品,瑞士,進口總值(含復進口),16,394
2018-9,39239090,其他供輸送或包裝貨物之塑膠製品,義大利,進口總值(含復進口),32,2666
2018-9,39239090,其他供輸送或包裝貨物之塑膠製品,德國,進口總值(含復進口),351,35968
2018-9,39239090,其他供輸送或包裝貨物之塑膠製品,墨西哥,進口總值(含復進口),0,16
2018-9,39239090,其他供輸送或包裝貨物之塑膠製品,澳大利亞,進口總值(含復進口),3,9
2018-9,39239090,其他供輸送或包裝貨物之塑膠製品,千里達及托巴哥,出口總值(含復出口),7,2362
2018-9,39239090,其他供輸送或包裝貨物之塑膠製品,中國大陸,出口總值(含復出口),2091,410877
2018-9,39239090,其他供輸送或包裝貨物之塑膠製品,厄瓜多,出口總值(含復出口),2,516
2018-9,39239090,其他供輸送或包裝貨物之塑膠製品,巴西,出口總值(含復出口),57,19218
2018-9,39239090,其他供輸送或包裝貨物之塑膠製品,巴拉圭,出口總值(含復出口),1,249
2018-9,39239090,其他供輸送或包裝貨物之塑膠製品,巴拿馬,出口總值(含復出口),23,7263
2018-9,39239090,其他供輸送或包裝貨物之塑膠製品,日本,出口總值(含復出口),1276,141231
2018-9,39239090,其他供輸送或包裝貨物之塑膠製品,比利時,出口總值(含復出口),15,1142
2018-9,39239090,其他供輸送或包裝貨物之塑膠製品,以色列,出口總值(含復出口),26,4602
2018-9,39239090,其他供輸送或包裝貨物之塑膠製品,加拿大,出口總值(含復出口),282,26023
2018-9,39239090,其他供輸送或包裝貨物之塑膠製品,卡達,出口總值(含復出口),14,5244
2018-9,39239090,其他供輸送或包裝貨物之塑膠製品,立陶宛,出口總值(含復出口),14,6101
2018-9,39239090,其他供輸送或包裝貨物之塑膠製品,印尼,出口總值(含復出口),89,22869
2018-9,39239090,其他供輸送或包裝貨物之塑膠製品,印度,出口總值(含復出口),45,14109
2018-9,39239090,其他供輸送或包裝貨物之塑膠製品,多明尼加,出口總值(含復出口),14,6632
2018-9,39239090,其他供輸送或包裝貨物之塑膠製品,宏都拉斯,出口總值(含復出口),7,1012
2018-9,39239090,其他供輸送或包裝貨物之塑膠製品,希臘,出口總值(含復出口),26,16560
2018-9,39239090,其他供輸送或包裝貨物之塑膠製品,沙烏地阿拉伯,出口總值(含復出口),3,532
2018-9,39239090,其他供輸送或包裝貨物之塑膠製品,其他國家,出口總值(含復出口),10,6875
2018-9,39239090,其他供輸送或包裝貨物之塑膠製品,波蘭,出口總值(含復出口),10,540
2018-9,39239090,其他供輸送或包裝貨物之塑膠製品,法國,出口總值(含復出口),88,4473
2018-9,39239090,其他供輸送或包裝貨物之塑膠製品,法屬玻里尼西亞,出口總值(含復出口),0,6
2018-9,39239090,其他供輸送或包裝貨物之塑膠製品,阿拉伯聯合大公國,出口總值(含復出口),17,6000
2018-9,39239090,其他供輸送或包裝貨物之塑膠製品,南非,出口總值(含復出口),51,1999
2018-9,39239090,其他供輸送或包裝貨物之塑膠製品,南韓,出口總值(含復出口),891,266852
2018-9,39239090,其他供輸送或包裝貨物之塑膠製品,約旦,出口總值(含復出口),2,9
2018-9,39239090,其他供輸送或包裝貨物之塑膠製品,美國,出口總值(含復出口),1441,496500
2018-9,39239090,其他供輸送或包裝貨物之塑膠製品,英國,出口總值(含復出口),190,20036
2018-9,39239090,其他供輸送或包裝貨物之塑膠製品,香港,出口總值(含復出口),424,108992
2018-9,39239090,其他供輸送或包裝貨物之塑膠製品,哥斯大黎加,出口總值(含復出口),16,6333
2018-9,39239090,其他供輸送或包裝貨物之塑膠製品,泰國,出口總值(含復出口),74,13079
2018-9,39239090,其他供輸送或包裝貨物之塑膠製品,紐西蘭,出口總值(含復出口),6,30
2018-9,39239090,其他供輸送或包裝貨物之塑膠製品,馬來西亞,出口總值(含復出口),171,42710
2018-9,39239090,其他供輸送或包裝貨物之塑膠製品,馬達加斯加,出口總值(含復出口),3,58
2018-9,39239090,其他供輸送或包裝貨物之塑膠製品,捷克,出口總值(含復出口),46,1809
2018-9,39239090,其他供輸送或包裝貨物之塑膠製品,荷蘭,出口總值(含復出口),80,4322
2018-9,39239090,其他供輸送或包裝貨物之塑膠製品,斯里蘭卡,出口總值(含復出口),26,16403
2018-9,39239090,其他供輸送或包裝貨物之塑膠製品,智利,出口總值(含復出口),15,5761
2018-9,39239090,其他供輸送或包裝貨物之塑膠製品,菲律賓,出口總值(含復出口),160,47641
2018-9,39239090,其他供輸送或包裝貨物之塑膠製品,越南,出口總值(含復出口),183,49414
2018-9,39239090,其他供輸送或包裝貨物之塑膠製品,愛爾蘭,出口總值(含復出口),37,10454
2018-9,39239090,其他供輸送或包裝貨物之塑膠製品,新加坡,出口總值(含復出口),233,32122
2018-9,39239090,其他供輸送或包裝貨物之塑膠製品,瑞士,出口總值(含復出口),6,205
2018-9,39239090,其他供輸送或包裝貨物之塑膠製品,瑞典,出口總值(含復出口),2,518
2018-9,39239090,其他供輸送或包裝貨物之塑膠製品,義大利,出口總值(含復出口),289,14833
2018-9,39239090,其他供輸送或包裝貨物之塑膠製品,德國,出口總值(含復出口),109,15870
2018-9,39239090,其他供輸送或包裝貨物之塑膠製品,墨西哥,出口總值(含復出口),240,82938
2018-9,39239090,其他供輸送或包裝貨物之塑膠製品,澳大利亞,出口總值(含復出口),58,12586
2018-9,39239090,其他供輸送或包裝貨物之塑膠製品,薩爾瓦多,出口總值(含復出口),0,150
2018-9,39269012,電氣絕緣用塑膠製品,中國大陸,進口總值(含復進口),42,2259
2018-9,39269012,電氣絕緣用塑膠製品,中華民國,進口總值(含復進口),3,45
2018-9,39269012,電氣絕緣用塑膠製品,日本,進口總值(含復進口),323,665
2018-9,39269012,電氣絕緣用塑膠製品,印度,進口總值(含復進口),1,17
2018-9,39269012,電氣絕緣用塑膠製品,南韓,進口總值(含復進口),5,326
2018-9,39269012,電氣絕緣用塑膠製品,美國,進口總值(含復進口),7,14
2018-9,39269012,電氣絕緣用塑膠製品,越南,進口總值(含復進口),17,7957
2018-9,39269012,電氣絕緣用塑膠製品,瑞士,進口總值(含復進口),0,2
2018-9,39269012,電氣絕緣用塑膠製品,中國大陸,出口總值(含復出口),278,30173
2018-9,39269012,電氣絕緣用塑膠製品,比利時,出口總值(含復出口),33,8045
2018-9,39269012,電氣絕緣用塑膠製品,加拿大,出口總值(含復出口),119,33056
2018-9,39269012,電氣絕緣用塑膠製品,匈牙利,出口總值(含復出口),0,23
2018-9,39269012,電氣絕緣用塑膠製品,印尼,出口總值(含復出口),5,218
2018-9,39269012,電氣絕緣用塑膠製品,印度,出口總值(含復出口),114,46206
2018-9,39269012,電氣絕緣用塑膠製品,多明尼加,出口總值(含復出口),0,2
2018-9,39269012,電氣絕緣用塑膠製品,西班牙,出口總值(含復出口),49,17295
2018-9,39269012,電氣絕緣用塑膠製品,希臘,出口總值(含復出口),3,560
2018-9,39269012,電氣絕緣用塑膠製品,沙烏地阿拉伯,出口總值(含復出口),65,19892
2018-9,39269012,電氣絕緣用塑膠製品,孟加拉,出口總值(含復出口),39,18000
2018-9,39269012,電氣絕緣用塑膠製品,波多黎各,出口總值(含復出口),1,112
2018-9,39269012,電氣絕緣用塑膠製品,波蘭,出口總值(含復出口),7,1706
2018-9,39269012,電氣絕緣用塑膠製品,法國,出口總值(含復出口),58,15417
2018-9,39269012,電氣絕緣用塑膠製品,俄羅斯,出口總值(含復出口),48,15288
2018-9,39269012,電氣絕緣用塑膠製品,南非,出口總值(含復出口),21,3696
2018-9,39269012,電氣絕緣用塑膠製品,南韓,出口總值(含復出口),213,75963
2018-9,39269012,電氣絕緣用塑膠製品,柬埔寨,出口總值(含復出口),9,114
2018-9,39269012,電氣絕緣用塑膠製品,美國,出口總值(含復出口),277,55281
2018-9,39269012,電氣絕緣用塑膠製品,英國,出口總值(含復出口),73,21960
2018-9,39269012,電氣絕緣用塑膠製品,香港,出口總值(含復出口),16,123
2018-9,39269012,電氣絕緣用塑膠製品,泰國,出口總值(含復出口),13,1546
2018-9,39269012,電氣絕緣用塑膠製品,海地,出口總值(含復出口),0,4
2018-9,39269012,電氣絕緣用塑膠製品,紐西蘭,出口總值(含復出口),2,627
2018-9,39269012,電氣絕緣用塑膠製品,馬來西亞,出口總值(含復出口),19,530
2018-9,39269012,電氣絕緣用塑膠製品,荷蘭,出口總值(含復出口),35,9657
2018-9,39269012,電氣絕緣用塑膠製品,菲律賓,出口總值(含復出口),17,11709
2018-9,39269012,電氣絕緣用塑膠製品,越南,出口總值(含復出口),60,2395
2018-9,39269012,電氣絕緣用塑膠製品,奧地利,出口總值(含復出口),3,0
2018-9,39269012,電氣絕緣用塑膠製品,瑞士,出口總值(含復出口),7,1606
2018-9,39269012,電氣絕緣用塑膠製品,萬那杜,出口總值(含復出口),9,3293
2018-9,39269012,電氣絕緣用塑膠製品,義大利,出口總值(含復出口),2,344
2018-9,39269012,電氣絕緣用塑膠製品,德國,出口總值(含復出口),65,12087
2018-9,39269012,電氣絕緣用塑膠製品,摩洛哥,出口總值(含復出口),48,16734
2018-9,39269012,電氣絕緣用塑膠製品,緬甸,出口總值(含復出口),0,28
2018-9,39269012,電氣絕緣用塑膠製品,墨西哥,出口總值(含復出口),219,69680
2018-9,39269012,電氣絕緣用塑膠製品,澳大利亞,出口總值(含復出口),27,6898
2018-10,39231010,塑膠製箱子、盒子、籃子及類似品，其形狀或適合供運輸或包裝半導體晶圓或網線,中國大陸,進口總值(含復進口),638,77294
2018-10,39231010,塑膠製箱子、盒子、籃子及類似品，其形狀或適合供運輸或包裝半導體晶圓或網線,中華民國,進口總值(含復進口),9,5101
2018-10,39231010,塑膠製箱子、盒子、籃子及類似品，其形狀或適合供運輸或包裝半導體晶圓或網線,日本,進口總值(含復進口),1800,103931
2018-10,39231010,塑膠製箱子、盒子、籃子及類似品，其形狀或適合供運輸或包裝半導體晶圓或網線,加拿大,進口總值(含復進口),4,11
2018-10,39231010,塑膠製箱子、盒子、籃子及類似品，其形狀或適合供運輸或包裝半導體晶圓或網線,印尼,進口總值(含復進口),454,58439
2018-10,39231010,塑膠製箱子、盒子、籃子及類似品，其形狀或適合供運輸或包裝半導體晶圓或網線,西班牙,進口總值(含復進口),0,0
2018-10,39231010,塑膠製箱子、盒子、籃子及類似品，其形狀或適合供運輸或包裝半導體晶圓或網線,波蘭,進口總值(含復進口),1,78
2018-10,39231010,塑膠製箱子、盒子、籃子及類似品，其形狀或適合供運輸或包裝半導體晶圓或網線,芬蘭,進口總值(含復進口),0,7
2018-10,39231010,塑膠製箱子、盒子、籃子及類似品，其形狀或適合供運輸或包裝半導體晶圓或網線,南韓,進口總值(含復進口),674,47558
2018-10,39231010,塑膠製箱子、盒子、籃子及類似品，其形狀或適合供運輸或包裝半導體晶圓或網線,美國,進口總值(含復進口),1538,115894
2018-10,39231010,塑膠製箱子、盒子、籃子及類似品，其形狀或適合供運輸或包裝半導體晶圓或網線,英國,進口總值(含復進口),2,45
2018-10,39231010,塑膠製箱子、盒子、籃子及類似品，其形狀或適合供運輸或包裝半導體晶圓或網線,香港,進口總值(含復進口),0,9
2018-10,39231010,塑膠製箱子、盒子、籃子及類似品，其形狀或適合供運輸或包裝半導體晶圓或網線,馬來西亞,進口總值(含復進口),766,23318
2018-10,39231010,塑膠製箱子、盒子、籃子及類似品，其形狀或適合供運輸或包裝半導體晶圓或網線,荷蘭,進口總值(含復進口),2,80
2018-10,39231010,塑膠製箱子、盒子、籃子及類似品，其形狀或適合供運輸或包裝半導體晶圓或網線,越南,進口總值(含復進口),0,3
2018-10,39231010,塑膠製箱子、盒子、籃子及類似品，其形狀或適合供運輸或包裝半導體晶圓或網線,新加坡,進口總值(含復進口),5,2304
2018-10,39231010,塑膠製箱子、盒子、籃子及類似品，其形狀或適合供運輸或包裝半導體晶圓或網線,瑞士,進口總值(含復進口),0,0
2018-10,39231010,塑膠製箱子、盒子、籃子及類似品，其形狀或適合供運輸或包裝半導體晶圓或網線,義大利,進口總值(含復進口),4,6
2018-10,39231010,塑膠製箱子、盒子、籃子及類似品，其形狀或適合供運輸或包裝半導體晶圓或網線,德國,進口總值(含復進口),23,339
2018-10,39231010,塑膠製箱子、盒子、籃子及類似品，其形狀或適合供運輸或包裝半導體晶圓或網線,中國大陸,出口總值(含復出口),1155,140004
2018-10,39231010,塑膠製箱子、盒子、籃子及類似品，其形狀或適合供運輸或包裝半導體晶圓或網線,丹麥,出口總值(含復出口),4,261
2018-10,39231010,塑膠製箱子、盒子、籃子及類似品，其形狀或適合供運輸或包裝半導體晶圓或網線,巴拿馬,出口總值(含復出口),1,15
2018-10,39231010,塑膠製箱子、盒子、籃子及類似品，其形狀或適合供運輸或包裝半導體晶圓或網線,日本,出口總值(含復出口),407,48676
2018-10,39231010,塑膠製箱子、盒子、籃子及類似品，其形狀或適合供運輸或包裝半導體晶圓或網線,加拿大,出口總值(含復出口),36,10165
2018-10,39231010,塑膠製箱子、盒子、籃子及類似品，其形狀或適合供運輸或包裝半導體晶圓或網線,印尼,出口總值(含復出口),1,341
2018-10,39231010,塑膠製箱子、盒子、籃子及類似品，其形狀或適合供運輸或包裝半導體晶圓或網線,印度,出口總值(含復出口),59,14823
2018-10,39231010,塑膠製箱子、盒子、籃子及類似品，其形狀或適合供運輸或包裝半導體晶圓或網線,西班牙,出口總值(含復出口),16,4650
2018-10,39231010,塑膠製箱子、盒子、籃子及類似品，其形狀或適合供運輸或包裝半導體晶圓或網線,帛琉,出口總值(含復出口),1,190
2018-10,39231010,塑膠製箱子、盒子、籃子及類似品，其形狀或適合供運輸或包裝半導體晶圓或網線,法國,出口總值(含復出口),13,2090
2018-10,39231010,塑膠製箱子、盒子、籃子及類似品，其形狀或適合供運輸或包裝半導體晶圓或網線,阿拉伯聯合大公國,出口總值(含復出口),26,8632
2018-10,39231010,塑膠製箱子、盒子、籃子及類似品，其形狀或適合供運輸或包裝半導體晶圓或網線,南韓,出口總值(含復出口),60,6051
2018-10,39231010,塑膠製箱子、盒子、籃子及類似品，其形狀或適合供運輸或包裝半導體晶圓或網線,美國,出口總值(含復出口),356,36678
2018-10,39231010,塑膠製箱子、盒子、籃子及類似品，其形狀或適合供運輸或包裝半導體晶圓或網線,英國,出口總值(含復出口),32,4349
2018-10,39231010,塑膠製箱子、盒子、籃子及類似品，其形狀或適合供運輸或包裝半導體晶圓或網線,香港,出口總值(含復出口),24,2546
2018-10,39231010,塑膠製箱子、盒子、籃子及類似品，其形狀或適合供運輸或包裝半導體晶圓或網線,哥倫比亞,出口總值(含復出口),6,123
2018-10,39231010,塑膠製箱子、盒子、籃子及類似品，其形狀或適合供運輸或包裝半導體晶圓或網線,挪威,出口總值(含復出口),4,417
2018-10,39231010,塑膠製箱子、盒子、籃子及類似品，其形狀或適合供運輸或包裝半導體晶圓或網線,馬來西亞,出口總值(含復出口),139,16175
2018-10,39231010,塑膠製箱子、盒子、籃子及類似品，其形狀或適合供運輸或包裝半導體晶圓或網線,捷克,出口總值(含復出口),128,5840
2018-10,39231010,塑膠製箱子、盒子、籃子及類似品，其形狀或適合供運輸或包裝半導體晶圓或網線,荷蘭,出口總值(含復出口),14,105
2018-10,39231010,塑膠製箱子、盒子、籃子及類似品，其形狀或適合供運輸或包裝半導體晶圓或網線,菲律賓,出口總值(含復出口),9,5289
2018-10,39231010,塑膠製箱子、盒子、籃子及類似品，其形狀或適合供運輸或包裝半導體晶圓或網線,越南,出口總值(含復出口),1,192
2018-10,39231010,塑膠製箱子、盒子、籃子及類似品，其形狀或適合供運輸或包裝半導體晶圓或網線,德國,出口總值(含復出口),68,12099
2018-10,39231010,塑膠製箱子、盒子、籃子及類似品，其形狀或適合供運輸或包裝半導體晶圓或網線,澳大利亞,出口總值(含復出口),5,207
2018-10,39231010,塑膠製箱子、盒子、籃子及類似品，其形狀或適合供運輸或包裝半導體晶圓或網線,澳門,出口總值(含復出口),0,132
2018-10,39239090,其他供輸送或包裝貨物之塑膠製品,中國大陸,進口總值(含復進口),6435,1503816
2018-10,39239090,其他供輸送或包裝貨物之塑膠製品,中華民國,進口總值(含復進口),1077,321015
2018-10,39239090,其他供輸送或包裝貨物之塑膠製品,丹麥,進口總值(含復進口),1,285
2018-10,39239090,其他供輸送或包裝貨物之塑膠製品,巴林,進口總值(含復進口),22,11077
2018-10,39239090,其他供輸送或包裝貨物之塑膠製品,日本,進口總值(含復進口),1890,239125
2018-10,39239090,其他供輸送或包裝貨物之塑膠製品,比利時,進口總值(含復進口),1,275
2018-10,39239090,其他供輸送或包裝貨物之塑膠製品,加拿大,進口總值(含復進口),0,81
2018-10,39239090,其他供輸送或包裝貨物之塑膠製品,立陶宛,進口總值(含復進口),19,7957
2018-10,39239090,其他供輸送或包裝貨物之塑膠製品,印度,進口總值(含復進口),42,11219
2018-10,39239090,其他供輸送或包裝貨物之塑膠製品,拉脫維亞,進口總值(含復進口),3,202
2018-10,39239090,其他供輸送或包裝貨物之塑膠製品,波蘭,進口總值(含復進口),38,18165
2018-10,39239090,其他供輸送或包裝貨物之塑膠製品,法國,進口總值(含復進口),7,475
2018-10,39239090,其他供輸送或包裝貨物之塑膠製品,南韓,進口總值(含復進口),1466,297716
2018-10,39239090,其他供輸送或包裝貨物之塑膠製品,美國,進口總值(含復進口),625,96660
2018-10,39239090,其他供輸送或包裝貨物之塑膠製品,英國,進口總值(含復進口),0,0
2018-10,39239090,其他供輸送或包裝貨物之塑膠製品,香港,進口總值(含復進口),0,23
2018-10,39239090,其他供輸送或包裝貨物之塑膠製品,泰國,進口總值(含復進口),348,50604
2018-10,39239090,其他供輸送或包裝貨物之塑膠製品,馬來西亞,進口總值(含復進口),2185,129733
2018-10,39239090,其他供輸送或包裝貨物之塑膠製品,馬爾他,進口總值(含復進口),4,293
2018-10,39239090,其他供輸送或包裝貨物之塑膠製品,荷蘭,進口總值(含復進口),50,1913
2018-10,39239090,其他供輸送或包裝貨物之塑膠製品,斯洛維尼亞,進口總值(含復進口),0,4
2018-10,39239090,其他供輸送或包裝貨物之塑膠製品,菲律賓,進口總值(含復進口),325,61532
2018-10,39239090,其他供輸送或包裝貨物之塑膠製品,越南,進口總值(含復進口),24,9785
2018-10,39239090,其他供輸送或包裝貨物之塑膠製品,新加坡,進口總值(含復進口),125,42501
2018-10,39239090,其他供輸送或包裝貨物之塑膠製品,瑞士,進口總值(含復進口),0,1
2018-10,39239090,其他供輸送或包裝貨物之塑膠製品,瑞典,進口總值(含復進口),0,1
2018-10,39239090,其他供輸送或包裝貨物之塑膠製品,義大利,進口總值(含復進口),6,310
2018-10,39239090,其他供輸送或包裝貨物之塑膠製品,德國,進口總值(含復進口),124,32382
2018-10,39239090,其他供輸送或包裝貨物之塑膠製品,澳大利亞,進口總值(含復進口),9,150
2018-10,39239090,其他供輸送或包裝貨物之塑膠製品,土耳其,出口總值(含復出口),9,520
2018-10,39239090,其他供輸送或包裝貨物之塑膠製品,中國大陸,出口總值(含復出口),2342,471409
2018-10,39239090,其他供輸送或包裝貨物之塑膠製品,丹麥,出口總值(含復出口),2,465
2018-10,39239090,其他供輸送或包裝貨物之塑膠製品,厄瓜多,出口總值(含復出口),2,516
2018-10,39239090,其他供輸送或包裝貨物之塑膠製品,巴布亞紐幾內亞,出口總值(含復出口),1,150
2018-10,39239090,其他供輸送或包裝貨物之塑膠製品,巴西,出口總值(含復出口),37,12429
2018-10,39239090,其他供輸送或包裝貨物之塑膠製品,巴林,出口總值(含復出口),8,588
2018-10,39239090,其他供輸送或包裝貨物之塑膠製品,巴拿馬,出口總值(含復出口),7,2117
2018-10,39239090,其他供輸送或包裝貨物之塑膠製品,巴基斯坦,出口總值(含復出口),22,171
2018-10,39239090,其他供輸送或包裝貨物之塑膠製品,日本,出口總值(含復出口),1073,131632
2018-10,39239090,其他供輸送或包裝貨物之塑膠製品,比利時,出口總值(含復出口),9,905
2018-10,39239090,其他供輸送或包裝貨物之塑膠製品,以色列,出口總值(含復出口),10,1595
2018-10,39239090,其他供輸送或包裝貨物之塑膠製品,加拿大,出口總值(含復出口),31,8352
2018-10,39239090,其他供輸送或包裝貨物之塑膠製品,卡達,出口總值(含復出口),8,3521
2018-10,39239090,其他供輸送或包裝貨物之塑膠製品,尼加拉瓜,出口總值(含復出口),5,2093
2018-10,39239090,其他供輸送或包裝貨物之塑膠製品,瓜地馬拉,出口總值(含復出口),5,2087
2018-10,39239090,其他供輸送或包裝貨物之塑膠製品,立陶宛,出口總值(含復出口),3,380
2018-10,39239090,其他供輸送或包裝貨物之塑膠製品,匈牙利,出口總值(含復出口),0,50
2018-10,39239090,其他供輸送或包裝貨物之塑膠製品,印尼,出口總值(含復出口),65,22036
2018-10,39239090,其他供輸送或包裝貨物之塑膠製品,希臘,出口總值(含復出口),0,256
2018-10,39239090,其他供輸送或包裝貨物之塑膠製品,沙烏地阿拉伯,出口總值(含復出口),14,5185
2018-10,39239090,其他供輸送或包裝貨物之塑膠製品,汶萊,出口總值(含復出口),3,386
2018-10,39239090,其他供輸送或包裝貨物之塑膠製品,貝里斯,出口總值(含復出口),4,1335
2018-10,39239090,其他供輸送或包裝貨物之塑膠製品,其他國家,出口總值(含復出口),1,280
2018-10,39239090,其他供輸送或包裝貨物之塑膠製品,帛琉,出口總值(含復出口),0,75
2018-10,39239090,其他供輸送或包裝貨物之塑膠製品,波蘭,出口總值(含復出口),3,240
2018-10,39239090,其他供輸送或包裝貨物之塑膠製品,法國,出口總值(含復出口),1,426
2018-10,39239090,其他供輸送或包裝貨物之塑膠製品,肯亞,出口總值(含復出口),3,782
2018-10,39239090,其他供輸送或包裝貨物之塑膠製品,阿拉伯聯合大公國,出口總值(含復出口),69,9891
2018-10,39239090,其他供輸送或包裝貨物之塑膠製品,阿曼,出口總值(含復出口),3,735
2018-10,39239090,其他供輸送或包裝貨物之塑膠製品,南韓,出口總值(含復出口),594,161121
2018-10,39239090,其他供輸送或包裝貨物之塑膠製品,柬埔寨,出口總值(含復出口),2,711
2018-10,39239090,其他供輸送或包裝貨物之塑膠製品,美國,出口總值(含復出口),1431,430735
2018-10,39239090,其他供輸送或包裝貨物之塑膠製品,英國,出口總值(含復出口),194,16376
2018-10,39239090,其他供輸送或包裝貨物之塑膠製品,香港,出口總值(含復出口),401,210448
2018-10,39239090,其他供輸送或包裝貨物之塑膠製品,哥倫比亞,出口總值(含復出口),69,14646
2018-10,39239090,其他供輸送或包裝貨物之塑膠製品,挪威,出口總值(含復出口),2,65
2018-10,39239090,其他供輸送或包裝貨物之塑膠製品,泰國,出口總值(含復出口),143,10082
2018-10,39239090,其他供輸送或包裝貨物之塑膠製品,海地,出口總值(含復出口),2,40
2018-10,39239090,其他供輸送或包裝貨物之塑膠製品,秘魯,出口總值(含復出口),34,10033
2018-10,39239090,其他供輸送或包裝貨物之塑膠製品,紐西蘭,出口總值(含復出口),37,8038
2018-10,39239090,其他供輸送或包裝貨物之塑膠製品,馬來西亞,出口總值(含復出口),166,26196
2018-10,39239090,其他供輸送或包裝貨物之塑膠製品,馬達加斯加,出口總值(含復出口),3,88
2018-10,39239090,其他供輸送或包裝貨物之塑膠製品,荷蘭,出口總值(含復出口),212,11216
2018-10,39239090,其他供輸送或包裝貨物之塑膠製品,斯里蘭卡,出口總值(含復出口),6,2441
2018-10,39239090,其他供輸送或包裝貨物之塑膠製品,智利,出口總值(含復出口),24,1756
2018-10,39239090,其他供輸送或包裝貨物之塑膠製品,菲律賓,出口總值(含復出口),224,77017
2018-10,39239090,其他供輸送或包裝貨物之塑膠製品,越南,出口總值(含復出口),458,48118
2018-10,39239090,其他供輸送或包裝貨物之塑膠製品,新加坡,出口總值(含復出口),480,19206
2018-10,39239090,其他供輸送或包裝貨物之塑膠製品,瑞士,出口總值(含復出口),10,342
2018-10,39239090,其他供輸送或包裝貨物之塑膠製品,瑞典,出口總值(含復出口),37,7728
2018-10,39239090,其他供輸送或包裝貨物之塑膠製品,義大利,出口總值(含復出口),1042,53612
2018-10,39239090,其他供輸送或包裝貨物之塑膠製品,德國,出口總值(含復出口),87,13708
2018-10,39239090,其他供輸送或包裝貨物之塑膠製品,緬甸,出口總值(含復出口),0,120
2018-10,39239090,其他供輸送或包裝貨物之塑膠製品,墨西哥,出口總值(含復出口),88,38853
2018-10,39239090,其他供輸送或包裝貨物之塑膠製品,澳大利亞,出口總值(含復出口),33,9331
2018-10,39239090,其他供輸送或包裝貨物之塑膠製品,澳門,出口總值(含復出口),2,48
2018-10,39239090,其他供輸送或包裝貨物之塑膠製品,賽普勒斯,出口總值(含復出口),10,1857
2018-10,39239090,其他供輸送或包裝貨物之塑膠製品,蘇利南,出口總值(含復出口),2,515
2018-10,39269012,電氣絕緣用塑膠製品,中國大陸,進口總值(含復進口),47,3673
2018-10,39269012,電氣絕緣用塑膠製品,日本,進口總值(含復進口),246,1271
2018-10,39269012,電氣絕緣用塑膠製品,印度,進口總值(含復進口),1,10
2018-10,39269012,電氣絕緣用塑膠製品,西班牙,進口總值(含復進口),0,47
2018-10,39269012,電氣絕緣用塑膠製品,法國,進口總值(含復進口),1,0
2018-10,39269012,電氣絕緣用塑膠製品,美國,進口總值(含復進口),11,47
2018-10,39269012,電氣絕緣用塑膠製品,荷蘭,進口總值(含復進口),0,4
2018-10,39269012,電氣絕緣用塑膠製品,斯洛維尼亞,進口總值(含復進口),0,6
2018-10,39269012,電氣絕緣用塑膠製品,越南,進口總值(含復進口),25,11381
2018-10,39269012,電氣絕緣用塑膠製品,瑞士,進口總值(含復進口),0,1
2018-10,39269012,電氣絕緣用塑膠製品,義大利,進口總值(含復進口),0,3
2018-10,39269012,電氣絕緣用塑膠製品,德國,進口總值(含復進口),7,503
2018-10,39269012,電氣絕緣用塑膠製品,中國大陸,出口總值(含復出口),131,18852
2018-10,39269012,電氣絕緣用塑膠製品,厄瓜多,出口總值(含復出口),18,6400
2018-10,39269012,電氣絕緣用塑膠製品,巴西,出口總值(含復出口),8,74
2018-10,39269012,電氣絕緣用塑膠製品,日本,出口總值(含復出口),2,326
2018-10,39269012,電氣絕緣用塑膠製品,比利時,出口總值(含復出口),11,2867
2018-10,39269012,電氣絕緣用塑膠製品,加拿大,出口總值(含復出口),232,63609
2018-10,39269012,電氣絕緣用塑膠製品,白俄羅斯,出口總值(含復出口),4,1328
2018-10,39269012,電氣絕緣用塑膠製品,匈牙利,出口總值(含復出口),1,60
2018-10,39269012,電氣絕緣用塑膠製品,印尼,出口總值(含復出口),4,193
2018-10,39269012,電氣絕緣用塑膠製品,印度,出口總值(含復出口),0,0
2018-10,39269012,電氣絕緣用塑膠製品,西班牙,出口總值(含復出口),188,56295
2018-10,39269012,電氣絕緣用塑膠製品,沙烏地阿拉伯,出口總值(含復出口),73,21962
2018-10,39269012,電氣絕緣用塑膠製品,法國,出口總值(含復出口),60,9220
2018-10,39269012,電氣絕緣用塑膠製品,阿拉伯聯合大公國,出口總值(含復出口),31,12058
2018-10,39269012,電氣絕緣用塑膠製品,南韓,出口總值(含復出口),468,164270
2018-10,39269012,電氣絕緣用塑膠製品,柬埔寨,出口總值(含復出口),8,98
2018-10,39269012,電氣絕緣用塑膠製品,美國,出口總值(含復出口),159,29694
2018-10,39269012,電氣絕緣用塑膠製品,英國,出口總值(含復出口),189,59310
2018-10,39269012,電氣絕緣用塑膠製品,香港,出口總值(含復出口),29,132
2018-10,39269012,電氣絕緣用塑膠製品,哥倫比亞,出口總值(含復出口),18,6132
2018-10,39269012,電氣絕緣用塑膠製品,埃及,出口總值(含復出口),115,41496
2018-10,39269012,電氣絕緣用塑膠製品,泰國,出口總值(含復出口),19,1325
2018-10,39269012,電氣絕緣用塑膠製品,海地,出口總值(含復出口),0,20
2018-10,39269012,電氣絕緣用塑膠製品,馬來西亞,出口總值(含復出口),33,901
2018-10,39269012,電氣絕緣用塑膠製品,馬爾他,出口總值(含復出口),12,3039
2018-10,39269012,電氣絕緣用塑膠製品,捷克,出口總值(含復出口),1,8
2018-10,39269012,電氣絕緣用塑膠製品,幾內亞,出口總值(含復出口),0,4
2018-10,39269012,電氣絕緣用塑膠製品,斐濟,出口總值(含復出口),5,2055
2018-10,39269012,電氣絕緣用塑膠製品,智利,出口總值(含復出口),2,142
2018-10,39269012,電氣絕緣用塑膠製品,菲律賓,出口總值(含復出口),14,10027
2018-10,39269012,電氣絕緣用塑膠製品,越南,出口總值(含復出口),69,2452
2018-10,39269012,電氣絕緣用塑膠製品,德國,出口總值(含復出口),16,2687
2018-10,39269012,電氣絕緣用塑膠製品,緬甸,出口總值(含復出口),0,29
2018-10,39269012,電氣絕緣用塑膠製品,墨西哥,出口總值(含復出口),21,2344
2018-10,39269012,電氣絕緣用塑膠製品,澳大利亞,出口總值(含復出口),54,14259
2018-10,39269012,電氣絕緣用塑膠製品,賽普勒斯,出口總值(含復出口),1,128
2018-11,39231010,塑膠製箱子、盒子、籃子及類似品，其形狀或適合供運輸或包裝半導體晶圓或網線,中國大陸,進口總值(含復進口),891,96891
2018-11,39231010,塑膠製箱子、盒子、籃子及類似品，其形狀或適合供運輸或包裝半導體晶圓或網線,中華民國,進口總值(含復進口),9,7756
2018-11,39231010,塑膠製箱子、盒子、籃子及類似品，其形狀或適合供運輸或包裝半導體晶圓或網線,丹麥,進口總值(含復進口),0,1
2018-11,39231010,塑膠製箱子、盒子、籃子及類似品，其形狀或適合供運輸或包裝半導體晶圓或網線,日本,進口總值(含復進口),2756,127627
2018-11,39231010,塑膠製箱子、盒子、籃子及類似品，其形狀或適合供運輸或包裝半導體晶圓或網線,加拿大,進口總值(含復進口),1,1
2018-11,39231010,塑膠製箱子、盒子、籃子及類似品，其形狀或適合供運輸或包裝半導體晶圓或網線,印尼,進口總值(含復進口),335,42996
2018-11,39231010,塑膠製箱子、盒子、籃子及類似品，其形狀或適合供運輸或包裝半導體晶圓或網線,西班牙,進口總值(含復進口),4,319
2018-11,39231010,塑膠製箱子、盒子、籃子及類似品，其形狀或適合供運輸或包裝半導體晶圓或網線,法國,進口總值(含復進口),0,4
2018-11,39231010,塑膠製箱子、盒子、籃子及類似品，其形狀或適合供運輸或包裝半導體晶圓或網線,南韓,進口總值(含復進口),281,21900
2018-11,39231010,塑膠製箱子、盒子、籃子及類似品，其形狀或適合供運輸或包裝半導體晶圓或網線,美國,進口總值(含復進口),1270,89870
2018-11,39231010,塑膠製箱子、盒子、籃子及類似品，其形狀或適合供運輸或包裝半導體晶圓或網線,英國,進口總值(含復進口),3,97
2018-11,39231010,塑膠製箱子、盒子、籃子及類似品，其形狀或適合供運輸或包裝半導體晶圓或網線,泰國,進口總值(含復進口),0,16
2018-11,39231010,塑膠製箱子、盒子、籃子及類似品，其形狀或適合供運輸或包裝半導體晶圓或網線,馬來西亞,進口總值(含復進口),272,24282
2018-11,39231010,塑膠製箱子、盒子、籃子及類似品，其形狀或適合供運輸或包裝半導體晶圓或網線,新加坡,進口總值(含復進口),3,1837
2018-11,39231010,塑膠製箱子、盒子、籃子及類似品，其形狀或適合供運輸或包裝半導體晶圓或網線,瑞士,進口總值(含復進口),1,23
2018-11,39231010,塑膠製箱子、盒子、籃子及類似品，其形狀或適合供運輸或包裝半導體晶圓或網線,瑞典,進口總值(含復進口),0,9
2018-11,39231010,塑膠製箱子、盒子、籃子及類似品，其形狀或適合供運輸或包裝半導體晶圓或網線,義大利,進口總值(含復進口),1,0
2018-11,39231010,塑膠製箱子、盒子、籃子及類似品，其形狀或適合供運輸或包裝半導體晶圓或網線,德國,進口總值(含復進口),8,28
2018-11,39231010,塑膠製箱子、盒子、籃子及類似品，其形狀或適合供運輸或包裝半導體晶圓或網線,墨西哥,進口總值(含復進口),2,81
2018-11,39231010,塑膠製箱子、盒子、籃子及類似品，其形狀或適合供運輸或包裝半導體晶圓或網線,中國大陸,出口總值(含復出口),970,165688
2018-11,39231010,塑膠製箱子、盒子、籃子及類似品，其形狀或適合供運輸或包裝半導體晶圓或網線,巴西,出口總值(含復出口),0,69
2018-11,39231010,塑膠製箱子、盒子、籃子及類似品，其形狀或適合供運輸或包裝半導體晶圓或網線,日本,出口總值(含復出口),346,35077
2018-11,39231010,塑膠製箱子、盒子、籃子及類似品，其形狀或適合供運輸或包裝半導體晶圓或網線,比利時,出口總值(含復出口),4,84
2018-11,39231010,塑膠製箱子、盒子、籃子及類似品，其形狀或適合供運輸或包裝半導體晶圓或網線,加拿大,出口總值(含復出口),256,34269
2018-11,39231010,塑膠製箱子、盒子、籃子及類似品，其形狀或適合供運輸或包裝半導體晶圓或網線,印度,出口總值(含復出口),45,12776
2018-11,39231010,塑膠製箱子、盒子、籃子及類似品，其形狀或適合供運輸或包裝半導體晶圓或網線,希臘,出口總值(含復出口),0,24
2018-11,39231010,塑膠製箱子、盒子、籃子及類似品，其形狀或適合供運輸或包裝半導體晶圓或網線,波蘭,出口總值(含復出口),0,18
2018-11,39231010,塑膠製箱子、盒子、籃子及類似品，其形狀或適合供運輸或包裝半導體晶圓或網線,法國,出口總值(含復出口),6,1245
2018-11,39231010,塑膠製箱子、盒子、籃子及類似品，其形狀或適合供運輸或包裝半導體晶圓或網線,阿拉伯聯合大公國,出口總值(含復出口),9,1967
2018-11,39231010,塑膠製箱子、盒子、籃子及類似品，其形狀或適合供運輸或包裝半導體晶圓或網線,俄羅斯,出口總值(含復出口),26,12859
2018-11,39231010,塑膠製箱子、盒子、籃子及類似品，其形狀或適合供運輸或包裝半導體晶圓或網線,南韓,出口總值(含復出口),15,425
2018-11,39231010,塑膠製箱子、盒子、籃子及類似品，其形狀或適合供運輸或包裝半導體晶圓或網線,約旦,出口總值(含復出口),0,94
2018-11,39231010,塑膠製箱子、盒子、籃子及類似品，其形狀或適合供運輸或包裝半導體晶圓或網線,美國,出口總值(含復出口),112,27152
2018-11,39231010,塑膠製箱子、盒子、籃子及類似品，其形狀或適合供運輸或包裝半導體晶圓或網線,英國,出口總值(含復出口),58,8596
2018-11,39231010,塑膠製箱子、盒子、籃子及類似品，其形狀或適合供運輸或包裝半導體晶圓或網線,香港,出口總值(含復出口),33,21672
2018-11,39231010,塑膠製箱子、盒子、籃子及類似品，其形狀或適合供運輸或包裝半導體晶圓或網線,馬來西亞,出口總值(含復出口),127,14622
2018-11,39231010,塑膠製箱子、盒子、籃子及類似品，其形狀或適合供運輸或包裝半導體晶圓或網線,捷克,出口總值(含復出口),0,22
2018-11,39231010,塑膠製箱子、盒子、籃子及類似品，其形狀或適合供運輸或包裝半導體晶圓或網線,智利,出口總值(含復出口),0,69
2018-11,39231010,塑膠製箱子、盒子、籃子及類似品，其形狀或適合供運輸或包裝半導體晶圓或網線,菲律賓,出口總值(含復出口),41,16513
2018-11,39231010,塑膠製箱子、盒子、籃子及類似品，其形狀或適合供運輸或包裝半導體晶圓或網線,越南,出口總值(含復出口),6,1247
2018-11,39231010,塑膠製箱子、盒子、籃子及類似品，其形狀或適合供運輸或包裝半導體晶圓或網線,新加坡,出口總值(含復出口),3,402
2018-11,39231010,塑膠製箱子、盒子、籃子及類似品，其形狀或適合供運輸或包裝半導體晶圓或網線,德國,出口總值(含復出口),22,6261
2018-11,39231010,塑膠製箱子、盒子、籃子及類似品，其形狀或適合供運輸或包裝半導體晶圓或網線,澳大利亞,出口總值(含復出口),3,402
2018-11,39239090,其他供輸送或包裝貨物之塑膠製品,中國大陸,進口總值(含復進口),4826,1151986
2018-11,39239090,其他供輸送或包裝貨物之塑膠製品,中華民國,進口總值(含復進口),579,216084
2018-11,39239090,其他供輸送或包裝貨物之塑膠製品,日本,進口總值(含復進口),1270,152699
2018-11,39239090,其他供輸送或包裝貨物之塑膠製品,比利時,進口總值(含復進口),52,9346
2018-11,39239090,其他供輸送或包裝貨物之塑膠製品,加拿大,進口總值(含復進口),5,784
2018-11,39239090,其他供輸送或包裝貨物之塑膠製品,印度,進口總值(含復進口),42,11189
2018-11,39239090,其他供輸送或包裝貨物之塑膠製品,拉脫維亞,進口總值(含復進口),3,222
2018-11,39239090,其他供輸送或包裝貨物之塑膠製品,南韓,進口總值(含復進口),1059,266984
2018-11,39239090,其他供輸送或包裝貨物之塑膠製品,美國,進口總值(含復進口),501,93468
2018-11,39239090,其他供輸送或包裝貨物之塑膠製品,英國,進口總值(含復進口),33,4041
2018-11,39239090,其他供輸送或包裝貨物之塑膠製品,香港,進口總值(含復進口),0,3
2018-11,39239090,其他供輸送或包裝貨物之塑膠製品,泰國,進口總值(含復進口),717,122348
2018-11,39239090,其他供輸送或包裝貨物之塑膠製品,紐西蘭,進口總值(含復進口),3,210
2018-11,39239090,其他供輸送或包裝貨物之塑膠製品,馬來西亞,進口總值(含復進口),1134,94532
2018-11,39239090,其他供輸送或包裝貨物之塑膠製品,捷克,進口總值(含復進口),4,2109
2018-11,39239090,其他供輸送或包裝貨物之塑膠製品,荷蘭,進口總值(含復進口),88,2003
2018-11,39239090,其他供輸送或包裝貨物之塑膠製品,菲律賓,進口總值(含復進口),254,51967
2018-11,39239090,其他供輸送或包裝貨物之塑膠製品,越南,進口總值(含復進口),13,7719
2018-11,39239090,其他供輸送或包裝貨物之塑膠製品,奧地利,進口總值(含復進口),0,0
2018-11,39239090,其他供輸送或包裝貨物之塑膠製品,新加坡,進口總值(含復進口),71,18335
2018-11,39239090,其他供輸送或包裝貨物之塑膠製品,瑞士,進口總值(含復進口),0,1
2018-11,39239090,其他供輸送或包裝貨物之塑膠製品,瑞典,進口總值(含復進口),1,54
2018-11,39239090,其他供輸送或包裝貨物之塑膠製品,義大利,進口總值(含復進口),28,4522
2018-11,39239090,其他供輸送或包裝貨物之塑膠製品,葡萄牙,進口總值(含復進口),1,99
2018-11,39239090,其他供輸送或包裝貨物之塑膠製品,德國,進口總值(含復進口),394,15585
2018-11,39239090,其他供輸送或包裝貨物之塑膠製品,墨西哥,進口總值(含復進口),5,130
2018-11,39239090,其他供輸送或包裝貨物之塑膠製品,澳大利亞,進口總值(含復進口),3,100
2018-11,39239090,其他供輸送或包裝貨物之塑膠製品,中國大陸,出口總值(含復出口),2322,473960
2018-11,39239090,其他供輸送或包裝貨物之塑膠製品,巴西,出口總值(含復出口),79,27898
2018-11,39239090,其他供輸送或包裝貨物之塑膠製品,巴拿馬,出口總值(含復出口),12,3630
2018-11,39239090,其他供輸送或包裝貨物之塑膠製品,巴基斯坦,出口總值(含復出口),27,1812
2018-11,39239090,其他供輸送或包裝貨物之塑膠製品,日本,出口總值(含復出口),1216,147648
2018-11,39239090,其他供輸送或包裝貨物之塑膠製品,比利時,出口總值(含復出口),36,2238
2018-11,39239090,其他供輸送或包裝貨物之塑膠製品,以色列,出口總值(含復出口),11,851
2018-11,39239090,其他供輸送或包裝貨物之塑膠製品,加拿大,出口總值(含復出口),93,21947
2018-11,39239090,其他供輸送或包裝貨物之塑膠製品,卡達,出口總值(含復出口),60,21496
2018-11,39239090,其他供輸送或包裝貨物之塑膠製品,立陶宛,出口總值(含復出口),3,335
2018-11,39239090,其他供輸送或包裝貨物之塑膠製品,印尼,出口總值(含復出口),49,5634
2018-11,39239090,其他供輸送或包裝貨物之塑膠製品,印度,出口總值(含復出口),28,5251
2018-11,39239090,其他供輸送或包裝貨物之塑膠製品,多明尼加,出口總值(含復出口),16,6465
2018-11,39239090,其他供輸送或包裝貨物之塑膠製品,宏都拉斯,出口總值(含復出口),2,495
2018-11,39239090,其他供輸送或包裝貨物之塑膠製品,希臘,出口總值(含復出口),9,485
2018-11,39239090,其他供輸送或包裝貨物之塑膠製品,沙烏地阿拉伯,出口總值(含復出口),82,17885
2018-11,39239090,其他供輸送或包裝貨物之塑膠製品,其他國家,出口總值(含復出口),1,314
2018-11,39239090,其他供輸送或包裝貨物之塑膠製品,孟加拉,出口總值(含復出口),39,20155
2018-11,39239090,其他供輸送或包裝貨物之塑膠製品,法國,出口總值(含復出口),15,1026
2018-11,39239090,其他供輸送或包裝貨物之塑膠製品,法屬玻里尼西亞,出口總值(含復出口),0,120
2018-11,39239090,其他供輸送或包裝貨物之塑膠製品,肯亞,出口總值(含復出口),3,166
2018-11,39239090,其他供輸送或包裝貨物之塑膠製品,阿拉伯聯合大公國,出口總值(含復出口),8,2969
2018-11,39239090,其他供輸送或包裝貨物之塑膠製品,阿曼,出口總值(含復出口),9,1920
2018-11,39239090,其他供輸送或包裝貨物之塑膠製品,南韓,出口總值(含復出口),533,129990
2018-11,39239090,其他供輸送或包裝貨物之塑膠製品,約旦,出口總值(含復出口),0,4
2018-11,39239090,其他供輸送或包裝貨物之塑膠製品,美國,出口總值(含復出口),1328,407421
2018-11,39239090,其他供輸送或包裝貨物之塑膠製品,英國,出口總值(含復出口),149,19455
2018-11,39239090,其他供輸送或包裝貨物之塑膠製品,香港,出口總值(含復出口),430,230449
2018-11,39239090,其他供輸送或包裝貨物之塑膠製品,哥倫比亞,出口總值(含復出口),25,2349
2018-11,39239090,其他供輸送或包裝貨物之塑膠製品,哥斯大黎加,出口總值(含復出口),11,4365
2018-11,39239090,其他供輸送或包裝貨物之塑膠製品,泰國,出口總值(含復出口),194,22023
2018-11,39239090,其他供輸送或包裝貨物之塑膠製品,紐西蘭,出口總值(含復出口),18,3729
2018-11,39239090,其他供輸送或包裝貨物之塑膠製品,馬來西亞,出口總值(含復出口),182,27713
2018-11,39239090,其他供輸送或包裝貨物之塑膠製品,馬達加斯加,出口總值(含復出口),9,77
2018-11,39239090,其他供輸送或包裝貨物之塑膠製品,馬爾他,出口總值(含復出口),1,42
2018-11,39239090,其他供輸送或包裝貨物之塑膠製品,捷克,出口總值(含復出口),2,19
2018-11,39239090,其他供輸送或包裝貨物之塑膠製品,荷蘭,出口總值(含復出口),20,480
2018-11,39239090,其他供輸送或包裝貨物之塑膠製品,斯里蘭卡,出口總值(含復出口),5,1560
2018-11,39239090,其他供輸送或包裝貨物之塑膠製品,智利,出口總值(含復出口),29,7324
2018-11,39239090,其他供輸送或包裝貨物之塑膠製品,菲律賓,出口總值(含復出口),220,64062
2018-11,39239090,其他供輸送或包裝貨物之塑膠製品,越南,出口總值(含復出口),112,17407
2018-11,39239090,其他供輸送或包裝貨物之塑膠製品,新加坡,出口總值(含復出口),262,27267
2018-11,39239090,其他供輸送或包裝貨物之塑膠製品,瑞士,出口總值(含復出口),23,483
2018-11,39239090,其他供輸送或包裝貨物之塑膠製品,瑞典,出口總值(含復出口),27,5870
2018-11,39239090,其他供輸送或包裝貨物之塑膠製品,義大利,出口總值(含復出口),43,5049
2018-11,39239090,其他供輸送或包裝貨物之塑膠製品,德國,出口總值(含復出口),123,20580
2018-11,39239090,其他供輸送或包裝貨物之塑膠製品,模里西斯,出口總值(含復出口),20,5840
2018-11,39239090,其他供輸送或包裝貨物之塑膠製品,緬甸,出口總值(含復出口),4,1270
2018-11,39239090,其他供輸送或包裝貨物之塑膠製品,墨西哥,出口總值(含復出口),136,23314
2018-11,39239090,其他供輸送或包裝貨物之塑膠製品,澳大利亞,出口總值(含復出口),84,25909
2018-11,39239090,其他供輸送或包裝貨物之塑膠製品,澳門,出口總值(含復出口),11,4717
2018-11,39239090,其他供輸送或包裝貨物之塑膠製品,賴索托,出口總值(含復出口),0,90
2018-11,39239090,其他供輸送或包裝貨物之塑膠製品,賽普勒斯,出口總值(含復出口),9,3771
2018-11,39239090,其他供輸送或包裝貨物之塑膠製品,薩爾瓦多,出口總值(含復出口),1,302
2018-11,39239090,其他供輸送或包裝貨物之塑膠製品,蘇利南,出口總值(含復出口),0,30
2018-11,39269012,電氣絕緣用塑膠製品,中國大陸,進口總值(含復進口),21,533
2018-11,39269012,電氣絕緣用塑膠製品,中華民國,進口總值(含復進口),1,29
2018-11,39269012,電氣絕緣用塑膠製品,日本,進口總值(含復進口),248,2390
2018-11,39269012,電氣絕緣用塑膠製品,印度,進口總值(含復進口),1,8
2018-11,39269012,電氣絕緣用塑膠製品,西班牙,進口總值(含復進口),1,137
2018-11,39269012,電氣絕緣用塑膠製品,法國,進口總值(含復進口),0,5
2018-11,39269012,電氣絕緣用塑膠製品,南韓,進口總值(含復進口),6,91
2018-11,39269012,電氣絕緣用塑膠製品,美國,進口總值(含復進口),13,118
2018-11,39269012,電氣絕緣用塑膠製品,英國,進口總值(含復進口),21,4
2018-11,39269012,電氣絕緣用塑膠製品,越南,進口總值(含復進口),16,5980
2018-11,39269012,電氣絕緣用塑膠製品,瑞士,進口總值(含復進口),2,8
2018-11,39269012,電氣絕緣用塑膠製品,德國,進口總值(含復進口),3,10
2018-11,39269012,電氣絕緣用塑膠製品,土耳其,出口總值(含復出口),219,73785
2018-11,39269012,電氣絕緣用塑膠製品,中國大陸,出口總值(含復出口),189,25685
2018-11,39269012,電氣絕緣用塑膠製品,日本,出口總值(含復出口),105,34000
2018-11,39269012,電氣絕緣用塑膠製品,比利時,出口總值(含復出口),12,2943
2018-11,39269012,電氣絕緣用塑膠製品,加拿大,出口總值(含復出口),320,82363
2018-11,39269012,電氣絕緣用塑膠製品,匈牙利,出口總值(含復出口),0,23
2018-11,39269012,電氣絕緣用塑膠製品,印尼,出口總值(含復出口),3,143
2018-11,39269012,電氣絕緣用塑膠製品,印度,出口總值(含復出口),54,23164
2018-11,39269012,電氣絕緣用塑膠製品,沙烏地阿拉伯,出口總值(含復出口),109,33450
2018-11,39269012,電氣絕緣用塑膠製品,拉脫維亞,出口總值(含復出口),47,12167
2018-11,39269012,電氣絕緣用塑膠製品,俄羅斯,出口總值(含復出口),129,37473
2018-11,39269012,電氣絕緣用塑膠製品,南非,出口總值(含復出口),11,3196
2018-11,39269012,電氣絕緣用塑膠製品,南韓,出口總值(含復出口),0,12
2018-11,39269012,電氣絕緣用塑膠製品,柬埔寨,出口總值(含復出口),8,97
2018-11,39269012,電氣絕緣用塑膠製品,科威特,出口總值(含復出口),0,2
2018-11,39269012,電氣絕緣用塑膠製品,美國,出口總值(含復出口),136,21860
2018-11,39269012,電氣絕緣用塑膠製品,英國,出口總值(含復出口),69,22464
2018-11,39269012,電氣絕緣用塑膠製品,香港,出口總值(含復出口),31,413
2018-11,39269012,電氣絕緣用塑膠製品,哥倫比亞,出口總值(含復出口),97,34507
2018-11,39269012,電氣絕緣用塑膠製品,埃及,出口總值(含復出口),25,8930
2018-11,39269012,電氣絕緣用塑膠製品,泰國,出口總值(含復出口),9,80
2018-11,39269012,電氣絕緣用塑膠製品,紐西蘭,出口總值(含復出口),2,627
2018-11,39269012,電氣絕緣用塑膠製品,馬來西亞,出口總值(含復出口),3,293
2018-11,39269012,電氣絕緣用塑膠製品,馬爾他,出口總值(含復出口),8,2223
2018-11,39269012,電氣絕緣用塑膠製品,捷克,出口總值(含復出口),1,20
2018-11,39269012,電氣絕緣用塑膠製品,敘利亞,出口總值(含復出口),170,56248
2018-11,39269012,電氣絕緣用塑膠製品,荷蘭,出口總值(含復出口),17,4521
2018-11,39269012,電氣絕緣用塑膠製品,菲律賓,出口總值(含復出口),10,4481
2018-11,39269012,電氣絕緣用塑膠製品,越南,出口總值(含復出口),29,963
2018-11,39269012,電氣絕緣用塑膠製品,萬那杜,出口總值(含復出口),1,8
2018-11,39269012,電氣絕緣用塑膠製品,義大利,出口總值(含復出口),10,1007
2018-11,39269012,電氣絕緣用塑膠製品,德國,出口總值(含復出口),22,5648
2018-11,39269012,電氣絕緣用塑膠製品,黎巴嫩,出口總值(含復出口),31,10466
2018-11,39269012,電氣絕緣用塑膠製品,墨西哥,出口總值(含復出口),132,45389
2018-11,39269012,電氣絕緣用塑膠製品,澳大利亞,出口總值(含復出口),49,12865
2018-11,39269012,電氣絕緣用塑膠製品,蘇利南,出口總值(含復出口),0,9
2018-12,39231010,塑膠製箱子、盒子、籃子及類似品，其形狀或適合供運輸或包裝半導體晶圓或網線,中國大陸,進口總值(含復進口),570,66833
2018-12,39231010,塑膠製箱子、盒子、籃子及類似品，其形狀或適合供運輸或包裝半導體晶圓或網線,中華民國,進口總值(含復進口),7,5042
2018-12,39231010,塑膠製箱子、盒子、籃子及類似品，其形狀或適合供運輸或包裝半導體晶圓或網線,日本,進口總值(含復進口),2279,111966
2018-12,39231010,塑膠製箱子、盒子、籃子及類似品，其形狀或適合供運輸或包裝半導體晶圓或網線,加拿大,進口總值(含復進口),4,246
2018-12,39231010,塑膠製箱子、盒子、籃子及類似品，其形狀或適合供運輸或包裝半導體晶圓或網線,印尼,進口總值(含復進口),451,57374
2018-12,39231010,塑膠製箱子、盒子、籃子及類似品，其形狀或適合供運輸或包裝半導體晶圓或網線,南韓,進口總值(含復進口),275,28294
2018-12,39231010,塑膠製箱子、盒子、籃子及類似品，其形狀或適合供運輸或包裝半導體晶圓或網線,美國,進口總值(含復進口),916,66181
2018-12,39231010,塑膠製箱子、盒子、籃子及類似品，其形狀或適合供運輸或包裝半導體晶圓或網線,英國,進口總值(含復進口),2,32
2018-12,39231010,塑膠製箱子、盒子、籃子及類似品，其形狀或適合供運輸或包裝半導體晶圓或網線,馬來西亞,進口總值(含復進口),1075,26463
2018-12,39231010,塑膠製箱子、盒子、籃子及類似品，其形狀或適合供運輸或包裝半導體晶圓或網線,菲律賓,進口總值(含復進口),0,10
2018-12,39231010,塑膠製箱子、盒子、籃子及類似品，其形狀或適合供運輸或包裝半導體晶圓或網線,新加坡,進口總值(含復進口),8,3205
2018-12,39231010,塑膠製箱子、盒子、籃子及類似品，其形狀或適合供運輸或包裝半導體晶圓或網線,瑞士,進口總值(含復進口),2,3
2018-12,39231010,塑膠製箱子、盒子、籃子及類似品，其形狀或適合供運輸或包裝半導體晶圓或網線,德國,進口總值(含復進口),5,17
2018-12,39231010,塑膠製箱子、盒子、籃子及類似品，其形狀或適合供運輸或包裝半導體晶圓或網線,中國大陸,出口總值(含復出口),608,62548
2018-12,39231010,塑膠製箱子、盒子、籃子及類似品，其形狀或適合供運輸或包裝半導體晶圓或網線,巴西,出口總值(含復出口),0,4
2018-12,39231010,塑膠製箱子、盒子、籃子及類似品，其形狀或適合供運輸或包裝半導體晶圓或網線,日本,出口總值(含復出口),475,43833
2018-12,39231010,塑膠製箱子、盒子、籃子及類似品，其形狀或適合供運輸或包裝半導體晶圓或網線,比利時,出口總值(含復出口),41,1938
2018-12,39231010,塑膠製箱子、盒子、籃子及類似品，其形狀或適合供運輸或包裝半導體晶圓或網線,加拿大,出口總值(含復出口),734,6276
2018-12,39231010,塑膠製箱子、盒子、籃子及類似品，其形狀或適合供運輸或包裝半導體晶圓或網線,印度,出口總值(含復出口),35,10254
2018-12,39231010,塑膠製箱子、盒子、籃子及類似品，其形狀或適合供運輸或包裝半導體晶圓或網線,東加,出口總值(含復出口),1,37
2018-12,39231010,塑膠製箱子、盒子、籃子及類似品，其形狀或適合供運輸或包裝半導體晶圓或網線,法國,出口總值(含復出口),8,455
2018-12,39231010,塑膠製箱子、盒子、籃子及類似品，其形狀或適合供運輸或包裝半導體晶圓或網線,阿拉伯聯合大公國,出口總值(含復出口),9,1939
2018-12,39231010,塑膠製箱子、盒子、籃子及類似品，其形狀或適合供運輸或包裝半導體晶圓或網線,阿爾及利亞,出口總值(含復出口),0,0
2018-12,39231010,塑膠製箱子、盒子、籃子及類似品，其形狀或適合供運輸或包裝半導體晶圓或網線,南韓,出口總值(含復出口),8,1912
2018-12,39231010,塑膠製箱子、盒子、籃子及類似品，其形狀或適合供運輸或包裝半導體晶圓或網線,科威特,出口總值(含復出口),0,62
2018-12,39231010,塑膠製箱子、盒子、籃子及類似品，其形狀或適合供運輸或包裝半導體晶圓或網線,美國,出口總值(含復出口),279,53906
2018-12,39231010,塑膠製箱子、盒子、籃子及類似品，其形狀或適合供運輸或包裝半導體晶圓或網線,英國,出口總值(含復出口),90,12871
2018-12,39231010,塑膠製箱子、盒子、籃子及類似品，其形狀或適合供運輸或包裝半導體晶圓或網線,香港,出口總值(含復出口),7,1688
2018-12,39231010,塑膠製箱子、盒子、籃子及類似品，其形狀或適合供運輸或包裝半導體晶圓或網線,挪威,出口總值(含復出口),2,427
2018-12,39231010,塑膠製箱子、盒子、籃子及類似品，其形狀或適合供運輸或包裝半導體晶圓或網線,烏克蘭,出口總值(含復出口),17,1322
2018-12,39231010,塑膠製箱子、盒子、籃子及類似品，其形狀或適合供運輸或包裝半導體晶圓或網線,紐喀里多尼亞,出口總值(含復出口),0,15
2018-12,39231010,塑膠製箱子、盒子、籃子及類似品，其形狀或適合供運輸或包裝半導體晶圓或網線,馬來西亞,出口總值(含復出口),194,22927
2018-12,39231010,塑膠製箱子、盒子、籃子及類似品，其形狀或適合供運輸或包裝半導體晶圓或網線,荷蘭,出口總值(含復出口),28,1527
2018-12,39231010,塑膠製箱子、盒子、籃子及類似品，其形狀或適合供運輸或包裝半導體晶圓或網線,菲律賓,出口總值(含復出口),24,10570
2018-12,39231010,塑膠製箱子、盒子、籃子及類似品，其形狀或適合供運輸或包裝半導體晶圓或網線,越南,出口總值(含復出口),28,4198
2018-12,39231010,塑膠製箱子、盒子、籃子及類似品，其形狀或適合供運輸或包裝半導體晶圓或網線,新加坡,出口總值(含復出口),0,10
2018-12,39231010,塑膠製箱子、盒子、籃子及類似品，其形狀或適合供運輸或包裝半導體晶圓或網線,瑞典,出口總值(含復出口),25,4122
2018-12,39231010,塑膠製箱子、盒子、籃子及類似品，其形狀或適合供運輸或包裝半導體晶圓或網線,義大利,出口總值(含復出口),3,68
2018-12,39231010,塑膠製箱子、盒子、籃子及類似品，其形狀或適合供運輸或包裝半導體晶圓或網線,德國,出口總值(含復出口),21,2296
2018-12,39231010,塑膠製箱子、盒子、籃子及類似品，其形狀或適合供運輸或包裝半導體晶圓或網線,緬甸,出口總值(含復出口),23,7200
2018-12,39231010,塑膠製箱子、盒子、籃子及類似品，其形狀或適合供運輸或包裝半導體晶圓或網線,澳門,出口總值(含復出口),0,45
2018-12,39239090,其他供輸送或包裝貨物之塑膠製品,中國大陸,進口總值(含復進口),5121,1108126
2018-12,39239090,其他供輸送或包裝貨物之塑膠製品,中華民國,進口總值(含復進口),340,97399
2018-12,39239090,其他供輸送或包裝貨物之塑膠製品,日本,進口總值(含復進口),1459,213375
2018-12,39239090,其他供輸送或包裝貨物之塑膠製品,比利時,進口總值(含復進口),1,275
2018-12,39239090,其他供輸送或包裝貨物之塑膠製品,加拿大,進口總值(含復進口),2,365
2018-12,39239090,其他供輸送或包裝貨物之塑膠製品,印度,進口總值(含復進口),42,11088
2018-12,39239090,其他供輸送或包裝貨物之塑膠製品,安圭拉,進口總值(含復進口),0,6
2018-12,39239090,其他供輸送或包裝貨物之塑膠製品,拉脫維亞,進口總值(含復進口),0,30
2018-12,39239090,其他供輸送或包裝貨物之塑膠製品,法國,進口總值(含復進口),2,582
2018-12,39239090,其他供輸送或包裝貨物之塑膠製品,南韓,進口總值(含復進口),1257,273431
2018-12,39239090,其他供輸送或包裝貨物之塑膠製品,美國,進口總值(含復進口),667,95743
2018-12,39239090,其他供輸送或包裝貨物之塑膠製品,英國,進口總值(含復進口),52,10502
2018-12,39239090,其他供輸送或包裝貨物之塑膠製品,香港,進口總值(含復進口),2,6
2018-12,39239090,其他供輸送或包裝貨物之塑膠製品,泰國,進口總值(含復進口),755,136182
2018-12,39239090,其他供輸送或包裝貨物之塑膠製品,馬來西亞,進口總值(含復進口),671,65376
2018-12,39239090,其他供輸送或包裝貨物之塑膠製品,荷蘭,進口總值(含復進口),46,991
2018-12,39239090,其他供輸送或包裝貨物之塑膠製品,菲律賓,進口總值(含復進口),278,60712
2018-12,39239090,其他供輸送或包裝貨物之塑膠製品,越南,進口總值(含復進口),21,6796
2018-12,39239090,其他供輸送或包裝貨物之塑膠製品,新加坡,進口總值(含復進口),73,26755
2018-12,39239090,其他供輸送或包裝貨物之塑膠製品,義大利,進口總值(含復進口),2,221
2018-12,39239090,其他供輸送或包裝貨物之塑膠製品,葡萄牙,進口總值(含復進口),1,99
2018-12,39239090,其他供輸送或包裝貨物之塑膠製品,德國,進口總值(含復進口),304,18124
2018-12,39239090,其他供輸送或包裝貨物之塑膠製品,澳大利亞,進口總值(含復進口),0,1
2018-12,39239090,其他供輸送或包裝貨物之塑膠製品,中國大陸,出口總值(含復出口),2577,557402
2018-12,39239090,其他供輸送或包裝貨物之塑膠製品,丹麥,出口總值(含復出口),25,2065
2018-12,39239090,其他供輸送或包裝貨物之塑膠製品,巴西,出口總值(含復出口),150,58145
2018-12,39239090,其他供輸送或包裝貨物之塑膠製品,日本,出口總值(含復出口),1045,141365
2018-12,39239090,其他供輸送或包裝貨物之塑膠製品,比利時,出口總值(含復出口),16,1085
2018-12,39239090,其他供輸送或包裝貨物之塑膠製品,以色列,出口總值(含復出口),47,6004
2018-12,39239090,其他供輸送或包裝貨物之塑膠製品,加拿大,出口總值(含復出口),250,17913
2018-12,39239090,其他供輸送或包裝貨物之塑膠製品,北馬里亞納群島,出口總值(含復出口),0,20
2018-12,39239090,其他供輸送或包裝貨物之塑膠製品,卡達,出口總值(含復出口),1,490
2018-12,39239090,其他供輸送或包裝貨物之塑膠製品,匈牙利,出口總值(含復出口),10,480
2018-12,39239090,其他供輸送或包裝貨物之塑膠製品,印尼,出口總值(含復出口),66,14643
2018-12,39239090,其他供輸送或包裝貨物之塑膠製品,西班牙,出口總值(含復出口),18,5282
2018-12,39239090,其他供輸送或包裝貨物之塑膠製品,宏都拉斯,出口總值(含復出口),11,1598
2018-12,39239090,其他供輸送或包裝貨物之塑膠製品,沙烏地阿拉伯,出口總值(含復出口),66,23350
2018-12,39239090,其他供輸送或包裝貨物之塑膠製品,汶萊,出口總值(含復出口),79,19095
2018-12,39239090,其他供輸送或包裝貨物之塑膠製品,其他國家,出口總值(含復出口),0,0
2018-12,39239090,其他供輸送或包裝貨物之塑膠製品,波蘭,出口總值(含復出口),3,203
2018-12,39239090,其他供輸送或包裝貨物之塑膠製品,法國,出口總值(含復出口),43,1675
2018-12,39239090,其他供輸送或包裝貨物之塑膠製品,肯亞,出口總值(含復出口),8,435
2018-12,39239090,其他供輸送或包裝貨物之塑膠製品,俄羅斯,出口總值(含復出口),41,1528
2018-12,39239090,其他供輸送或包裝貨物之塑膠製品,南非,出口總值(含復出口),4,12
2018-12,39239090,其他供輸送或包裝貨物之塑膠製品,南韓,出口總值(含復出口),532,156324
2018-12,39239090,其他供輸送或包裝貨物之塑膠製品,美國,出口總值(含復出口),1494,553980
2018-12,39239090,其他供輸送或包裝貨物之塑膠製品,英國,出口總值(含復出口),152,13757
2018-12,39239090,其他供輸送或包裝貨物之塑膠製品,香港,出口總值(含復出口),377,306574
2018-12,39239090,其他供輸送或包裝貨物之塑膠製品,哥倫比亞,出口總值(含復出口),27,15545
2018-12,39239090,其他供輸送或包裝貨物之塑膠製品,哥斯大黎加,出口總值(含復出口),23,8495
2018-12,39239090,其他供輸送或包裝貨物之塑膠製品,泰國,出口總值(含復出口),63,8590
2018-12,39239090,其他供輸送或包裝貨物之塑膠製品,海地,出口總值(含復出口),1,1200
2018-12,39239090,其他供輸送或包裝貨物之塑膠製品,紐西蘭,出口總值(含復出口),43,10155
2018-12,39239090,其他供輸送或包裝貨物之塑膠製品,馬來西亞,出口總值(含復出口),259,35564
2018-12,39239090,其他供輸送或包裝貨物之塑膠製品,馬紹爾群島,出口總值(含復出口),0,40
2018-12,39239090,其他供輸送或包裝貨物之塑膠製品,荷蘭,出口總值(含復出口),169,8287
2018-12,39239090,其他供輸送或包裝貨物之塑膠製品,菲律賓,出口總值(含復出口),180,48791
2018-12,39239090,其他供輸送或包裝貨物之塑膠製品,越南,出口總值(含復出口),218,26239
2018-12,39239090,其他供輸送或包裝貨物之塑膠製品,愛爾蘭,出口總值(含復出口),15,5266
2018-12,39239090,其他供輸送或包裝貨物之塑膠製品,新加坡,出口總值(含復出口),230,33552
2018-12,39239090,其他供輸送或包裝貨物之塑膠製品,瑞典,出口總值(含復出口),59,10310
2018-12,39239090,其他供輸送或包裝貨物之塑膠製品,義大利,出口總值(含復出口),47,2877
2018-12,39239090,其他供輸送或包裝貨物之塑膠製品,德國,出口總值(含復出口),92,13623
2018-12,39239090,其他供輸送或包裝貨物之塑膠製品,模里西斯,出口總值(含復出口),10,525
2018-12,39239090,其他供輸送或包裝貨物之塑膠製品,緬甸,出口總值(含復出口),4,2005
2018-12,39239090,其他供輸送或包裝貨物之塑膠製品,墨西哥,出口總值(含復出口),57,9458
2018-12,39239090,其他供輸送或包裝貨物之塑膠製品,澳大利亞,出口總值(含復出口),83,18853
2018-12,39269012,電氣絕緣用塑膠製品,中國大陸,進口總值(含復進口),57,1233
2018-12,39269012,電氣絕緣用塑膠製品,中華民國,進口總值(含復進口),72,23705
2018-12,39269012,電氣絕緣用塑膠製品,日本,進口總值(含復進口),260,663
2018-12,39269012,電氣絕緣用塑膠製品,西班牙,進口總值(含復進口),7,270
2018-12,39269012,電氣絕緣用塑膠製品,南韓,進口總值(含復進口),5,27
2018-12,39269012,電氣絕緣用塑膠製品,美國,進口總值(含復進口),7,48
2018-12,39269012,電氣絕緣用塑膠製品,越南,進口總值(含復進口),18,6963
2018-12,39269012,電氣絕緣用塑膠製品,瑞士,進口總值(含復進口),0,12
2018-12,39269012,電氣絕緣用塑膠製品,德國,進口總值(含復進口),1,0
2018-12,39269012,電氣絕緣用塑膠製品,中國大陸,出口總值(含復出口),285,38719
2018-12,39269012,電氣絕緣用塑膠製品,厄瓜多,出口總值(含復出口),0,4
2018-12,39269012,電氣絕緣用塑膠製品,日本,出口總值(含復出口),105,34002
2018-12,39269012,電氣絕緣用塑膠製品,比利時,出口總值(含復出口),20,5244
2018-12,39269012,電氣絕緣用塑膠製品,加拿大,出口總值(含復出口),330,91414
2018-12,39269012,電氣絕緣用塑膠製品,印尼,出口總值(含復出口),7,328
2018-12,39269012,電氣絕緣用塑膠製品,印度,出口總值(含復出口),54,23194
2018-12,39269012,電氣絕緣用塑膠製品,西班牙,出口總值(含復出口),6,1428
2018-12,39269012,電氣絕緣用塑膠製品,沙烏地阿拉伯,出口總值(含復出口),48,14624
2018-12,39269012,電氣絕緣用塑膠製品,孟加拉,出口總值(含復出口),39,18000
2018-12,39269012,電氣絕緣用塑膠製品,法國,出口總值(含復出口),102,23572
2018-12,39269012,電氣絕緣用塑膠製品,俄羅斯,出口總值(含復出口),47,15142
2018-12,39269012,電氣絕緣用塑膠製品,南非,出口總值(含復出口),10,2880
2018-12,39269012,電氣絕緣用塑膠製品,南韓,出口總值(含復出口),259,90084
2018-12,39269012,電氣絕緣用塑膠製品,柬埔寨,出口總值(含復出口),13,125
2018-12,39269012,電氣絕緣用塑膠製品,美國,出口總值(含復出口),560,131293
2018-12,39269012,電氣絕緣用塑膠製品,英國,出口總值(含復出口),85,24724
2018-12,39269012,電氣絕緣用塑膠製品,香港,出口總值(含復出口),35,521
2018-12,39269012,電氣絕緣用塑膠製品,埃及,出口總值(含復出口),63,21285
2018-12,39269012,電氣絕緣用塑膠製品,泰國,出口總值(含復出口),12,556
2018-12,39269012,電氣絕緣用塑膠製品,索羅門群島,出口總值(含復出口),0,17
2018-12,39269012,電氣絕緣用塑膠製品,馬來西亞,出口總值(含復出口),32,2111
2018-12,39269012,電氣絕緣用塑膠製品,敘利亞,出口總值(含復出口),139,47120
2018-12,39269012,電氣絕緣用塑膠製品,荷蘭,出口總值(含復出口),40,11100
2018-12,39269012,電氣絕緣用塑膠製品,斐濟,出口總值(含復出口),11,4000
2018-12,39269012,電氣絕緣用塑膠製品,菲律賓,出口總值(含復出口),16,10555
2018-12,39269012,電氣絕緣用塑膠製品,越南,出口總值(含復出口),51,1636
2018-12,39269012,電氣絕緣用塑膠製品,瑞士,出口總值(含復出口),5,1102
2018-12,39269012,電氣絕緣用塑膠製品,義大利,出口總值(含復出口),185,39645
2018-12,39269012,電氣絕緣用塑膠製品,德國,出口總值(含復出口),32,7224
2018-12,39269012,電氣絕緣用塑膠製品,墨西哥,出口總值(含復出口),49,16935
2018-12,39269012,電氣絕緣用塑膠製品,澳大利亞,出口總值(含復出口),13,3225
2018-12,39269012,電氣絕緣用塑膠製品,賴索托,出口總值(含復出口),4,500
2018-12,39269012,電氣絕緣用塑膠製品,薩爾瓦多,出口總值(含復出口),0,12
2018-12,39269012,電氣絕緣用塑膠製品,薩摩亞,出口總值(含復出口),1,62
2018-1,39199020,供製造半導體晶圓用之自黏性圓形研磨墊，屬塑膠製品者,中國大陸,進口總值(含復進口),7,79
2018-1,39199020,供製造半導體晶圓用之自黏性圓形研磨墊，屬塑膠製品者,日本,進口總值(含復進口),76,223
2018-1,39199020,供製造半導體晶圓用之自黏性圓形研磨墊，屬塑膠製品者,美國,進口總值(含復進口),1055,4129
2018-1,39199020,供製造半導體晶圓用之自黏性圓形研磨墊，屬塑膠製品者,德國,進口總值(含復進口),0,0
2018-1,39199020,供製造半導體晶圓用之自黏性圓形研磨墊，屬塑膠製品者,中國大陸,出口總值(含復出口),8203,17396
2018-1,39199020,供製造半導體晶圓用之自黏性圓形研磨墊，屬塑膠製品者,日本,出口總值(含復出口),148,388
2018-1,39199020,供製造半導體晶圓用之自黏性圓形研磨墊，屬塑膠製品者,南韓,出口總值(含復出口),14335,35689
2018-1,39199020,供製造半導體晶圓用之自黏性圓形研磨墊，屬塑膠製品者,美國,出口總值(含復出口),449,1224
2018-1,39199020,供製造半導體晶圓用之自黏性圓形研磨墊，屬塑膠製品者,馬來西亞,出口總值(含復出口),226,220
2018-1,39199020,供製造半導體晶圓用之自黏性圓形研磨墊，屬塑膠製品者,新加坡,出口總值(含復出口),1440,3017
2018-1,39201010,聚乙烯塑膠板、片及扁條,中國大陸,進口總值(含復進口),564,236557
2018-1,39201010,聚乙烯塑膠板、片及扁條,中華民國,進口總值(含復進口),1,2912
2018-1,39201010,聚乙烯塑膠板、片及扁條,日本,進口總值(含復進口),309,30697
2018-1,39201010,聚乙烯塑膠板、片及扁條,加拿大,進口總值(含復進口),1,243
2018-1,39201010,聚乙烯塑膠板、片及扁條,印度,進口總值(含復進口),13,3652
2018-1,39201010,聚乙烯塑膠板、片及扁條,南韓,進口總值(含復進口),50,11518
2018-1,39201010,聚乙烯塑膠板、片及扁條,美國,進口總值(含復進口),107,4493
2018-1,39201010,聚乙烯塑膠板、片及扁條,泰國,進口總值(含復進口),86,47813
2018-1,39201010,聚乙烯塑膠板、片及扁條,馬來西亞,進口總值(含復進口),15,12217
2018-1,39201010,聚乙烯塑膠板、片及扁條,奧地利,進口總值(含復進口),35,4092
2018-1,39201010,聚乙烯塑膠板、片及扁條,義大利,進口總值(含復進口),70,20215
2018-1,39201010,聚乙烯塑膠板、片及扁條,德國,進口總值(含復進口),80,13392
2018-1,39201010,聚乙烯塑膠板、片及扁條,土耳其,出口總值(含復出口),0,95
2018-1,39201010,聚乙烯塑膠板、片及扁條,中國大陸,出口總值(含復出口),539,107981
2018-1,39201010,聚乙烯塑膠板、片及扁條,巴西,出口總值(含復出口),0,16
2018-1,39201010,聚乙烯塑膠板、片及扁條,巴基斯坦,出口總值(含復出口),31,10054
2018-1,39201010,聚乙烯塑膠板、片及扁條,日本,出口總值(含復出口),167,26269
2018-1,39201010,聚乙烯塑膠板、片及扁條,以色列,出口總值(含復出口),0,1
2018-1,39201010,聚乙烯塑膠板、片及扁條,加拿大,出口總值(含復出口),80,8684
2018-1,39201010,聚乙烯塑膠板、片及扁條,印尼,出口總值(含復出口),27,53136
2018-1,39201010,聚乙烯塑膠板、片及扁條,印度,出口總值(含復出口),13,906
2018-1,39201010,聚乙烯塑膠板、片及扁條,其他國家,出口總值(含復出口),0,20
2018-1,39201010,聚乙烯塑膠板、片及扁條,孟加拉,出口總值(含復出口),0,44
2018-1,39201010,聚乙烯塑膠板、片及扁條,俄羅斯,出口總值(含復出口),4,223
2018-1,39201010,聚乙烯塑膠板、片及扁條,南韓,出口總值(含復出口),28,3374
2018-1,39201010,聚乙烯塑膠板、片及扁條,柬埔寨,出口總值(含復出口),19,3489
2018-1,39201010,聚乙烯塑膠板、片及扁條,美國,出口總值(含復出口),381,75070
2018-1,39201010,聚乙烯塑膠板、片及扁條,香港,出口總值(含復出口),64,35866
2018-1,39201010,聚乙烯塑膠板、片及扁條,泰國,出口總值(含復出口),502,155169
2018-1,39201010,聚乙烯塑膠板、片及扁條,馬來西亞,出口總值(含復出口),126,35013
2018-1,39201010,聚乙烯塑膠板、片及扁條,荷蘭,出口總值(含復出口),3,102
2018-1,39201010,聚乙烯塑膠板、片及扁條,智利,出口總值(含復出口),2,2000
2018-1,39201010,聚乙烯塑膠板、片及扁條,菲律賓,出口總值(含復出口),325,151917
2018-1,39201010,聚乙烯塑膠板、片及扁條,越南,出口總值(含復出口),52,11345
2018-1,39201010,聚乙烯塑膠板、片及扁條,新加坡,出口總值(含復出口),25,13870
2018-1,39201010,聚乙烯塑膠板、片及扁條,墨西哥,出口總值(含復出口),13,1320
2018-1,39201010,聚乙烯塑膠板、片及扁條,澳大利亞,出口總值(含復出口),10,476
2018-1,39202021,電容器用金屬化聚丙烯薄膜，留有未鍍邊，總寬度不超過１００公厘，總厚度在０．０１５公厘以上，０．０２５公厘以下者,中國大陸,進口總值(含復進口),27,1066
2018-1,39202021,電容器用金屬化聚丙烯薄膜，留有未鍍邊，總寬度不超過１００公厘，總厚度在０．０１５公厘以上，０．０２５公厘以下者,中國大陸,出口總值(含復出口),35,18252
2018-1,39205110,聚甲基丙烯酸甲酯板、片及扁條,中國大陸,進口總值(含復進口),202,14896
2018-1,39205110,聚甲基丙烯酸甲酯板、片及扁條,日本,進口總值(含復進口),43,4078
2018-1,39205110,聚甲基丙烯酸甲酯板、片及扁條,南韓,進口總值(含復進口),875,385735
2018-1,39205110,聚甲基丙烯酸甲酯板、片及扁條,美國,進口總值(含復進口),23,7920
2018-1,39205110,聚甲基丙烯酸甲酯板、片及扁條,德國,進口總值(含復進口),2,29
2018-1,39205110,聚甲基丙烯酸甲酯板、片及扁條,土耳其,出口總值(含復出口),88,31172
2018-1,39205110,聚甲基丙烯酸甲酯板、片及扁條,中國大陸,出口總值(含復出口),10624,3218324
2018-1,39205110,聚甲基丙烯酸甲酯板、片及扁條,巴西,出口總值(含復出口),172,51025
2018-1,39205110,聚甲基丙烯酸甲酯板、片及扁條,日本,出口總值(含復出口),629,140438
2018-1,39205110,聚甲基丙烯酸甲酯板、片及扁條,伊朗,出口總值(含復出口),1302,378572
2018-1,39205110,聚甲基丙烯酸甲酯板、片及扁條,印度,出口總值(含復出口),335,145887
2018-1,39205110,聚甲基丙烯酸甲酯板、片及扁條,多明尼加,出口總值(含復出口),49,12948
2018-1,39205110,聚甲基丙烯酸甲酯板、片及扁條,宏都拉斯,出口總值(含復出口),42,12050
2018-1,39205110,聚甲基丙烯酸甲酯板、片及扁條,沙烏地阿拉伯,出口總值(含復出口),469,138004
2018-1,39205110,聚甲基丙烯酸甲酯板、片及扁條,坦尚尼亞,出口總值(含復出口),74,14051
2018-1,39205110,聚甲基丙烯酸甲酯板、片及扁條,阿拉伯聯合大公國,出口總值(含復出口),790,237296
2018-1,39205110,聚甲基丙烯酸甲酯板、片及扁條,阿曼,出口總值(含復出口),109,32456
2018-1,39205110,聚甲基丙烯酸甲酯板、片及扁條,南韓,出口總值(含復出口),2918,866380
2018-1,39205110,聚甲基丙烯酸甲酯板、片及扁條,美國,出口總值(含復出口),2094,560146
2018-1,39205110,聚甲基丙烯酸甲酯板、片及扁條,香港,出口總值(含復出口),377,130345
2018-1,39205110,聚甲基丙烯酸甲酯板、片及扁條,哥斯大黎加,出口總值(含復出口),107,28512
2018-1,39205110,聚甲基丙烯酸甲酯板、片及扁條,秘魯,出口總值(含復出口),9,2395
2018-1,39205110,聚甲基丙烯酸甲酯板、片及扁條,紐西蘭,出口總值(含復出口),19,4252
2018-1,39205110,聚甲基丙烯酸甲酯板、片及扁條,馬來西亞,出口總值(含復出口),8,2509
2018-1,39205110,聚甲基丙烯酸甲酯板、片及扁條,敘利亞,出口總值(含復出口),56,16118
2018-1,39205110,聚甲基丙烯酸甲酯板、片及扁條,智利,出口總值(含復出口),3,798
2018-1,39205110,聚甲基丙烯酸甲酯板、片及扁條,菲律賓,出口總值(含復出口),63,19101
2018-1,39205110,聚甲基丙烯酸甲酯板、片及扁條,越南,出口總值(含復出口),917,275826
2018-1,39205110,聚甲基丙烯酸甲酯板、片及扁條,新加坡,出口總值(含復出口),373,106091
2018-1,39205110,聚甲基丙烯酸甲酯板、片及扁條,黎巴嫩,出口總值(含復出口),93,35873
2018-1,39205110,聚甲基丙烯酸甲酯板、片及扁條,澳大利亞,出口總值(含復出口),314,90081
2018-1,39205110,聚甲基丙烯酸甲酯板、片及扁條,關島,出口總值(含復出口),0,8
2018-1,39206210,聚對苯二甲酸乙二酯製板、片及扁條,中國大陸,進口總值(含復進口),223,170876
2018-1,39206210,聚對苯二甲酸乙二酯製板、片及扁條,中華民國,進口總值(含復進口),147,26191
2018-1,39206210,聚對苯二甲酸乙二酯製板、片及扁條,日本,進口總值(含復進口),209,15198
2018-1,39206210,聚對苯二甲酸乙二酯製板、片及扁條,南韓,進口總值(含復進口),700,219351
2018-1,39206210,聚對苯二甲酸乙二酯製板、片及扁條,美國,進口總值(含復進口),2,80
2018-1,39206210,聚對苯二甲酸乙二酯製板、片及扁條,菲律賓,進口總值(含復進口),1,45
2018-1,39206210,聚對苯二甲酸乙二酯製板、片及扁條,德國,進口總值(含復進口),0,4
2018-1,39206210,聚對苯二甲酸乙二酯製板、片及扁條,中國大陸,出口總值(含復出口),8190,1438534
2018-1,39206210,聚對苯二甲酸乙二酯製板、片及扁條,巴西,出口總值(含復出口),45,10142
2018-1,39206210,聚對苯二甲酸乙二酯製板、片及扁條,巴拉圭,出口總值(含復出口),0,180
2018-1,39206210,聚對苯二甲酸乙二酯製板、片及扁條,日本,出口總值(含復出口),997,650348
2018-1,39206210,聚對苯二甲酸乙二酯製板、片及扁條,加拿大,出口總值(含復出口),187,152871
2018-1,39206210,聚對苯二甲酸乙二酯製板、片及扁條,伊朗,出口總值(含復出口),7,481
2018-1,39206210,聚對苯二甲酸乙二酯製板、片及扁條,印尼,出口總值(含復出口),206,146885
2018-1,39206210,聚對苯二甲酸乙二酯製板、片及扁條,印度,出口總值(含復出口),241,163919
2018-1,39206210,聚對苯二甲酸乙二酯製板、片及扁條,多明尼加,出口總值(含復出口),27,17600
2018-1,39206210,聚對苯二甲酸乙二酯製板、片及扁條,俄羅斯,出口總值(含復出口),27,14774
2018-1,39206210,聚對苯二甲酸乙二酯製板、片及扁條,美國,出口總值(含復出口),1079,705283
2018-1,39206210,聚對苯二甲酸乙二酯製板、片及扁條,香港,出口總值(含復出口),517,28648
2018-1,39206210,聚對苯二甲酸乙二酯製板、片及扁條,哥斯大黎加,出口總值(含復出口),19,13400
2018-1,39206210,聚對苯二甲酸乙二酯製板、片及扁條,泰國,出口總值(含復出口),6,3000
2018-1,39206210,聚對苯二甲酸乙二酯製板、片及扁條,烏克蘭,出口總值(含復出口),3,2436
2018-1,39206210,聚對苯二甲酸乙二酯製板、片及扁條,紐西蘭,出口總值(含復出口),260,202941
2018-1,39206210,聚對苯二甲酸乙二酯製板、片及扁條,馬來西亞,出口總值(含復出口),540,255185
2018-1,39206210,聚對苯二甲酸乙二酯製板、片及扁條,斯里蘭卡,出口總值(含復出口),38,24496
2018-1,39206210,聚對苯二甲酸乙二酯製板、片及扁條,菲律賓,出口總值(含復出口),142,96966
2018-1,39206210,聚對苯二甲酸乙二酯製板、片及扁條,越南,出口總值(含復出口),42,36277
2018-1,39206210,聚對苯二甲酸乙二酯製板、片及扁條,新加坡,出口總值(含復出口),123,74430
2018-1,39206210,聚對苯二甲酸乙二酯製板、片及扁條,墨西哥,出口總值(含復出口),67,53640
2018-1,39206210,聚對苯二甲酸乙二酯製板、片及扁條,澳大利亞,出口總值(含復出口),919,648953
2018-1,39206210,聚對苯二甲酸乙二酯製板、片及扁條,羅馬尼亞,出口總值(含復出口),3,158
2018-1,39209991,其他塑膠板、片及扁條，非多孔性及未經以其他物質加強、積層、支持或與其他物質類似結合者,中國大陸,進口總值(含復進口),627,104313
2018-1,39209991,其他塑膠板、片及扁條，非多孔性及未經以其他物質加強、積層、支持或與其他物質類似結合者,日本,進口總值(含復進口),32,952
2018-1,39209991,其他塑膠板、片及扁條，非多孔性及未經以其他物質加強、積層、支持或與其他物質類似結合者,加拿大,進口總值(含復進口),6,134
2018-1,39209991,其他塑膠板、片及扁條，非多孔性及未經以其他物質加強、積層、支持或與其他物質類似結合者,南韓,進口總值(含復進口),284,74872
2018-1,39209991,其他塑膠板、片及扁條，非多孔性及未經以其他物質加強、積層、支持或與其他物質類似結合者,美國,進口總值(含復進口),555,2037
2018-1,39209991,其他塑膠板、片及扁條，非多孔性及未經以其他物質加強、積層、支持或與其他物質類似結合者,英國,進口總值(含復進口),28,4
2018-1,39209991,其他塑膠板、片及扁條，非多孔性及未經以其他物質加強、積層、支持或與其他物質類似結合者,香港,進口總值(含復進口),32,605
2018-1,39209991,其他塑膠板、片及扁條，非多孔性及未經以其他物質加強、積層、支持或與其他物質類似結合者,馬來西亞,進口總值(含復進口),101,40212
2018-1,39209991,其他塑膠板、片及扁條，非多孔性及未經以其他物質加強、積層、支持或與其他物質類似結合者,新加坡,進口總值(含復進口),6,200
2018-1,39209991,其他塑膠板、片及扁條，非多孔性及未經以其他物質加強、積層、支持或與其他物質類似結合者,瑞士,進口總值(含復進口),1,1
2018-1,39209991,其他塑膠板、片及扁條，非多孔性及未經以其他物質加強、積層、支持或與其他物質類似結合者,義大利,進口總值(含復進口),4,314
2018-1,39209991,其他塑膠板、片及扁條，非多孔性及未經以其他物質加強、積層、支持或與其他物質類似結合者,德國,進口總值(含復進口),26,575
2018-1,39209991,其他塑膠板、片及扁條，非多孔性及未經以其他物質加強、積層、支持或與其他物質類似結合者,墨西哥,進口總值(含復進口),52,44195
2018-1,39209991,其他塑膠板、片及扁條，非多孔性及未經以其他物質加強、積層、支持或與其他物質類似結合者,中國大陸,出口總值(含復出口),2592,362093
2018-1,39209991,其他塑膠板、片及扁條，非多孔性及未經以其他物質加強、積層、支持或與其他物質類似結合者,日本,出口總值(含復出口),68,2389
2018-1,39209991,其他塑膠板、片及扁條，非多孔性及未經以其他物質加強、積層、支持或與其他物質類似結合者,比利時,出口總值(含復出口),5,103
2018-1,39209991,其他塑膠板、片及扁條，非多孔性及未經以其他物質加強、積層、支持或與其他物質類似結合者,伊朗,出口總值(含復出口),1,540
2018-1,39209991,其他塑膠板、片及扁條，非多孔性及未經以其他物質加強、積層、支持或與其他物質類似結合者,印度,出口總值(含復出口),2,42
2018-1,39209991,其他塑膠板、片及扁條，非多孔性及未經以其他物質加強、積層、支持或與其他物質類似結合者,科威特,出口總值(含復出口),78,19317
2018-1,39209991,其他塑膠板、片及扁條，非多孔性及未經以其他物質加強、積層、支持或與其他物質類似結合者,美國,出口總值(含復出口),178,10244
2018-1,39209991,其他塑膠板、片及扁條，非多孔性及未經以其他物質加強、積層、支持或與其他物質類似結合者,英國,出口總值(含復出口),1,33
2018-1,39209991,其他塑膠板、片及扁條，非多孔性及未經以其他物質加強、積層、支持或與其他物質類似結合者,香港,出口總值(含復出口),14,4374
2018-1,39209991,其他塑膠板、片及扁條，非多孔性及未經以其他物質加強、積層、支持或與其他物質類似結合者,泰國,出口總值(含復出口),7,187
2018-1,39209991,其他塑膠板、片及扁條，非多孔性及未經以其他物質加強、積層、支持或與其他物質類似結合者,捷克,出口總值(含復出口),16,4194
2018-1,39209991,其他塑膠板、片及扁條，非多孔性及未經以其他物質加強、積層、支持或與其他物質類似結合者,荷蘭,出口總值(含復出口),3,41
2018-1,39209991,其他塑膠板、片及扁條，非多孔性及未經以其他物質加強、積層、支持或與其他物質類似結合者,越南,出口總值(含復出口),18,1828
2018-1,39209991,其他塑膠板、片及扁條，非多孔性及未經以其他物質加強、積層、支持或與其他物質類似結合者,新加坡,出口總值(含復出口),1,363
2018-1,39209991,其他塑膠板、片及扁條，非多孔性及未經以其他物質加強、積層、支持或與其他物質類似結合者,德國,出口總值(含復出口),14,3204
2018-1,39209991,其他塑膠板、片及扁條，非多孔性及未經以其他物質加強、積層、支持或與其他物質類似結合者,緬甸,出口總值(含復出口),10,1800
2018-1,39209991,其他塑膠板、片及扁條，非多孔性及未經以其他物質加強、積層、支持或與其他物質類似結合者,澳大利亞,出口總值(含復出口),7,2293
2018-2,39199020,供製造半導體晶圓用之自黏性圓形研磨墊，屬塑膠製品者,日本,進口總值(含復進口),73,280
2018-2,39199020,供製造半導體晶圓用之自黏性圓形研磨墊，屬塑膠製品者,美國,進口總值(含復進口),833,2882
2018-2,39199020,供製造半導體晶圓用之自黏性圓形研磨墊，屬塑膠製品者,中國大陸,出口總值(含復出口),7915,16495
2018-2,39199020,供製造半導體晶圓用之自黏性圓形研磨墊，屬塑膠製品者,日本,出口總值(含復出口),279,636
2018-2,39199020,供製造半導體晶圓用之自黏性圓形研磨墊，屬塑膠製品者,南韓,出口總值(含復出口),10493,25019
2018-2,39199020,供製造半導體晶圓用之自黏性圓形研磨墊，屬塑膠製品者,美國,出口總值(含復出口),1065,2721
2018-2,39199020,供製造半導體晶圓用之自黏性圓形研磨墊，屬塑膠製品者,馬來西亞,出口總值(含復出口),159,180
2018-2,39199020,供製造半導體晶圓用之自黏性圓形研磨墊，屬塑膠製品者,新加坡,出口總值(含復出口),1544,3435
2018-2,39201010,聚乙烯塑膠板、片及扁條,中國大陸,進口總值(含復進口),198,77429
2018-2,39201010,聚乙烯塑膠板、片及扁條,中華民國,進口總值(含復進口),23,8990
2018-2,39201010,聚乙烯塑膠板、片及扁條,日本,進口總值(含復進口),194,36917
2018-2,39201010,聚乙烯塑膠板、片及扁條,印尼,進口總值(含復進口),2,558
2018-2,39201010,聚乙烯塑膠板、片及扁條,印度,進口總值(含復進口),5,1590
2018-2,39201010,聚乙烯塑膠板、片及扁條,南韓,進口總值(含復進口),11,3786
2018-2,39201010,聚乙烯塑膠板、片及扁條,美國,進口總值(含復進口),58,2299
2018-2,39201010,聚乙烯塑膠板、片及扁條,荷蘭,進口總值(含復進口),5,5
2018-2,39201010,聚乙烯塑膠板、片及扁條,奧地利,進口總值(含復進口),21,2011
2018-2,39201010,聚乙烯塑膠板、片及扁條,德國,進口總值(含復進口),39,1213
2018-2,39201010,聚乙烯塑膠板、片及扁條,中國大陸,出口總值(含復出口),300,77434
2018-2,39201010,聚乙烯塑膠板、片及扁條,巴基斯坦,出口總值(含復出口),57,18894
2018-2,39201010,聚乙烯塑膠板、片及扁條,日本,出口總值(含復出口),325,61686
2018-2,39201010,聚乙烯塑膠板、片及扁條,加拿大,出口總值(含復出口),59,7067
2018-2,39201010,聚乙烯塑膠板、片及扁條,伊朗,出口總值(含復出口),5,823
2018-2,39201010,聚乙烯塑膠板、片及扁條,印尼,出口總值(含復出口),53,129486
2018-2,39201010,聚乙烯塑膠板、片及扁條,印度,出口總值(含復出口),61,23832
2018-2,39201010,聚乙烯塑膠板、片及扁條,奈及利亞,出口總值(含復出口),42,26400
2018-2,39201010,聚乙烯塑膠板、片及扁條,俄羅斯,出口總值(含復出口),3,146
2018-2,39201010,聚乙烯塑膠板、片及扁條,南韓,出口總值(含復出口),73,6608
2018-2,39201010,聚乙烯塑膠板、片及扁條,柬埔寨,出口總值(含復出口),11,3015
2018-2,39201010,聚乙烯塑膠板、片及扁條,美國,出口總值(含復出口),286,93192
2018-2,39201010,聚乙烯塑膠板、片及扁條,香港,出口總值(含復出口),102,53808
2018-2,39201010,聚乙烯塑膠板、片及扁條,埃及,出口總值(含復出口),9,2822
2018-2,39201010,聚乙烯塑膠板、片及扁條,泰國,出口總值(含復出口),287,79945
2018-2,39201010,聚乙烯塑膠板、片及扁條,紐喀里多尼亞,出口總值(含復出口),0,17
2018-2,39201010,聚乙烯塑膠板、片及扁條,馬來西亞,出口總值(含復出口),73,11834
2018-2,39201010,聚乙烯塑膠板、片及扁條,荷蘭,出口總值(含復出口),3,91
2018-2,39201010,聚乙烯塑膠板、片及扁條,菲律賓,出口總值(含復出口),126,55530
2018-2,39201010,聚乙烯塑膠板、片及扁條,越南,出口總值(含復出口),35,8389
2018-2,39201010,聚乙烯塑膠板、片及扁條,德國,出口總值(含復出口),28,13496
2018-2,39201010,聚乙烯塑膠板、片及扁條,澳大利亞,出口總值(含復出口),8,508
2018-2,39202021,電容器用金屬化聚丙烯薄膜，留有未鍍邊，總寬度不超過１００公厘，總厚度在０．０１５公厘以上，０．０２５公厘以下者,中國大陸,進口總值(含復進口),30,883
2018-2,39202021,電容器用金屬化聚丙烯薄膜，留有未鍍邊，總寬度不超過１００公厘，總厚度在０．０１５公厘以上，０．０２５公厘以下者,南韓,進口總值(含復進口),21,1195
2018-2,39202021,電容器用金屬化聚丙烯薄膜，留有未鍍邊，總寬度不超過１００公厘，總厚度在０．０１５公厘以上，０．０２５公厘以下者,土耳其,出口總值(含復出口),3,186
2018-2,39202021,電容器用金屬化聚丙烯薄膜，留有未鍍邊，總寬度不超過１００公厘，總厚度在０．０１５公厘以上，０．０２５公厘以下者,中國大陸,出口總值(含復出口),109,43416
2018-2,39205110,聚甲基丙烯酸甲酯板、片及扁條,中國大陸,進口總值(含復進口),179,28669
2018-2,39205110,聚甲基丙烯酸甲酯板、片及扁條,日本,進口總值(含復進口),588,131759
2018-2,39205110,聚甲基丙烯酸甲酯板、片及扁條,南韓,進口總值(含復進口),1101,457385
2018-2,39205110,聚甲基丙烯酸甲酯板、片及扁條,美國,進口總值(含復進口),74,17195
2018-2,39205110,聚甲基丙烯酸甲酯板、片及扁條,越南,進口總值(含復進口),63,16065
2018-2,39205110,聚甲基丙烯酸甲酯板、片及扁條,義大利,進口總值(含復進口),0,2
2018-2,39205110,聚甲基丙烯酸甲酯板、片及扁條,德國,進口總值(含復進口),3,155
2018-2,39205110,聚甲基丙烯酸甲酯板、片及扁條,土耳其,出口總值(含復出口),98,35189
2018-2,39205110,聚甲基丙烯酸甲酯板、片及扁條,中國大陸,出口總值(含復出口),7458,2247960
2018-2,39205110,聚甲基丙烯酸甲酯板、片及扁條,巴西,出口總值(含復出口),178,49118
2018-2,39205110,聚甲基丙烯酸甲酯板、片及扁條,日本,出口總值(含復出口),300,69854
2018-2,39205110,聚甲基丙烯酸甲酯板、片及扁條,比利時,出口總值(含復出口),14,2920
2018-2,39205110,聚甲基丙烯酸甲酯板、片及扁條,以色列,出口總值(含復出口),32,8402
2018-2,39205110,聚甲基丙烯酸甲酯板、片及扁條,卡達,出口總值(含復出口),111,31483
2018-2,39205110,聚甲基丙烯酸甲酯板、片及扁條,立陶宛,出口總值(含復出口),7,197
2018-2,39205110,聚甲基丙烯酸甲酯板、片及扁條,伊拉克,出口總值(含復出口),84,23211
2018-2,39205110,聚甲基丙烯酸甲酯板、片及扁條,伊朗,出口總值(含復出口),542,169741
2018-2,39205110,聚甲基丙烯酸甲酯板、片及扁條,印度,出口總值(含復出口),279,160233
2018-2,39205110,聚甲基丙烯酸甲酯板、片及扁條,吉里巴斯,出口總值(含復出口),0,23
2018-2,39205110,聚甲基丙烯酸甲酯板、片及扁條,沙烏地阿拉伯,出口總值(含復出口),106,31695
2018-2,39205110,聚甲基丙烯酸甲酯板、片及扁條,芬蘭,出口總值(含復出口),103,26945
2018-2,39205110,聚甲基丙烯酸甲酯板、片及扁條,阿拉伯聯合大公國,出口總值(含復出口),560,165528
2018-2,39205110,聚甲基丙烯酸甲酯板、片及扁條,阿曼,出口總值(含復出口),54,15936
2018-2,39205110,聚甲基丙烯酸甲酯板、片及扁條,南非,出口總值(含復出口),102,23151
2018-2,39205110,聚甲基丙烯酸甲酯板、片及扁條,南韓,出口總值(含復出口),3988,1182402
2018-2,39205110,聚甲基丙烯酸甲酯板、片及扁條,科威特,出口總值(含復出口),61,17038
2018-2,39205110,聚甲基丙烯酸甲酯板、片及扁條,約旦,出口總值(含復出口),73,21582
2018-2,39205110,聚甲基丙烯酸甲酯板、片及扁條,美國,出口總值(含復出口),1539,423756
2018-2,39205110,聚甲基丙烯酸甲酯板、片及扁條,香港,出口總值(含復出口),216,117990
2018-2,39205110,聚甲基丙烯酸甲酯板、片及扁條,哥斯大黎加,出口總值(含復出口),6,1312
2018-2,39205110,聚甲基丙烯酸甲酯板、片及扁條,秘魯,出口總值(含復出口),16,4271
2018-2,39205110,聚甲基丙烯酸甲酯板、片及扁條,馬來西亞,出口總值(含復出口),76,47673
2018-2,39205110,聚甲基丙烯酸甲酯板、片及扁條,菲律賓,出口總值(含復出口),68,22911
2018-2,39205110,聚甲基丙烯酸甲酯板、片及扁條,越南,出口總值(含復出口),708,213560
2018-2,39205110,聚甲基丙烯酸甲酯板、片及扁條,新加坡,出口總值(含復出口),264,75352
2018-2,39205110,聚甲基丙烯酸甲酯板、片及扁條,黎巴嫩,出口總值(含復出口),115,34556
2018-2,39206210,聚對苯二甲酸乙二酯製板、片及扁條,中國大陸,進口總值(含復進口),206,71693
2018-2,39206210,聚對苯二甲酸乙二酯製板、片及扁條,中華民國,進口總值(含復進口),88,13479
2018-2,39206210,聚對苯二甲酸乙二酯製板、片及扁條,日本,進口總值(含復進口),50,1106
2018-2,39206210,聚對苯二甲酸乙二酯製板、片及扁條,印度,進口總值(含復進口),11,4916
2018-2,39206210,聚對苯二甲酸乙二酯製板、片及扁條,南韓,進口總值(含復進口),355,110717
2018-2,39206210,聚對苯二甲酸乙二酯製板、片及扁條,美國,進口總值(含復進口),3,31
2018-2,39206210,聚對苯二甲酸乙二酯製板、片及扁條,英國,進口總值(含復進口),0,2
2018-2,39206210,聚對苯二甲酸乙二酯製板、片及扁條,泰國,進口總值(含復進口),27,19677
2018-2,39206210,聚對苯二甲酸乙二酯製板、片及扁條,德國,進口總值(含復進口),0,79
2018-2,39206210,聚對苯二甲酸乙二酯製板、片及扁條,中國大陸,出口總值(含復出口),4412,934794
2018-2,39206210,聚對苯二甲酸乙二酯製板、片及扁條,日本,出口總值(含復出口),1014,625724
2018-2,39206210,聚對苯二甲酸乙二酯製板、片及扁條,加拿大,出口總值(含復出口),51,39998
2018-2,39206210,聚對苯二甲酸乙二酯製板、片及扁條,伊朗,出口總值(含復出口),7,479
2018-2,39206210,聚對苯二甲酸乙二酯製板、片及扁條,印尼,出口總值(含復出口),238,168250
2018-2,39206210,聚對苯二甲酸乙二酯製板、片及扁條,印度,出口總值(含復出口),218,129280
2018-2,39206210,聚對苯二甲酸乙二酯製板、片及扁條,美國,出口總值(含復出口),728,506899
2018-2,39206210,聚對苯二甲酸乙二酯製板、片及扁條,香港,出口總值(含復出口),251,22723
2018-2,39206210,聚對苯二甲酸乙二酯製板、片及扁條,哥倫比亞,出口總值(含復出口),4,2979
2018-2,39206210,聚對苯二甲酸乙二酯製板、片及扁條,泰國,出口總值(含復出口),12,6065
2018-2,39206210,聚對苯二甲酸乙二酯製板、片及扁條,紐西蘭,出口總值(含復出口),104,81720
2018-2,39206210,聚對苯二甲酸乙二酯製板、片及扁條,馬來西亞,出口總值(含復出口),1120,379992
2018-2,39206210,聚對苯二甲酸乙二酯製板、片及扁條,斯里蘭卡,出口總值(含復出口),34,22600
2018-2,39206210,聚對苯二甲酸乙二酯製板、片及扁條,菲律賓,出口總值(含復出口),84,26507
2018-2,39206210,聚對苯二甲酸乙二酯製板、片及扁條,越南,出口總值(含復出口),9,3000
2018-2,39206210,聚對苯二甲酸乙二酯製板、片及扁條,新加坡,出口總值(含復出口),39,25470
2018-2,39206210,聚對苯二甲酸乙二酯製板、片及扁條,澳大利亞,出口總值(含復出口),585,381328
2018-2,39209991,其他塑膠板、片及扁條，非多孔性及未經以其他物質加強、積層、支持或與其他物質類似結合者,中國大陸,進口總值(含復進口),570,107891
2018-2,39209991,其他塑膠板、片及扁條，非多孔性及未經以其他物質加強、積層、支持或與其他物質類似結合者,中華民國,進口總值(含復進口),7,116
2018-2,39209991,其他塑膠板、片及扁條，非多孔性及未經以其他物質加強、積層、支持或與其他物質類似結合者,日本,進口總值(含復進口),81,6074
2018-2,39209991,其他塑膠板、片及扁條，非多孔性及未經以其他物質加強、積層、支持或與其他物質類似結合者,南韓,進口總值(含復進口),269,79215
2018-2,39209991,其他塑膠板、片及扁條，非多孔性及未經以其他物質加強、積層、支持或與其他物質類似結合者,美國,進口總值(含復進口),313,701
2018-2,39209991,其他塑膠板、片及扁條，非多孔性及未經以其他物質加強、積層、支持或與其他物質類似結合者,英國,進口總值(含復進口),0,5
2018-2,39209991,其他塑膠板、片及扁條，非多孔性及未經以其他物質加強、積層、支持或與其他物質類似結合者,馬來西亞,進口總值(含復進口),11,2196
2018-2,39209991,其他塑膠板、片及扁條，非多孔性及未經以其他物質加強、積層、支持或與其他物質類似結合者,瑞典,進口總值(含復進口),7,1040
2018-2,39209991,其他塑膠板、片及扁條，非多孔性及未經以其他物質加強、積層、支持或與其他物質類似結合者,德國,進口總值(含復進口),2,95
2018-2,39209991,其他塑膠板、片及扁條，非多孔性及未經以其他物質加強、積層、支持或與其他物質類似結合者,中國大陸,出口總值(含復出口),1353,184346
2018-2,39209991,其他塑膠板、片及扁條，非多孔性及未經以其他物質加強、積層、支持或與其他物質類似結合者,日本,出口總值(含復出口),60,746
2018-2,39209991,其他塑膠板、片及扁條，非多孔性及未經以其他物質加強、積層、支持或與其他物質類似結合者,加拿大,出口總值(含復出口),70,21345
2018-2,39209991,其他塑膠板、片及扁條，非多孔性及未經以其他物質加強、積層、支持或與其他物質類似結合者,帛琉,出口總值(含復出口),0,5
2018-2,39209991,其他塑膠板、片及扁條，非多孔性及未經以其他物質加強、積層、支持或與其他物質類似結合者,科威特,出口總值(含復出口),193,45700
2018-2,39209991,其他塑膠板、片及扁條，非多孔性及未經以其他物質加強、積層、支持或與其他物質類似結合者,美國,出口總值(含復出口),122,4370
2018-2,39209991,其他塑膠板、片及扁條，非多孔性及未經以其他物質加強、積層、支持或與其他物質類似結合者,英國,出口總值(含復出口),2,50
2018-2,39209991,其他塑膠板、片及扁條，非多孔性及未經以其他物質加強、積層、支持或與其他物質類似結合者,泰國,出口總值(含復出口),5,1216
2018-2,39209991,其他塑膠板、片及扁條，非多孔性及未經以其他物質加強、積層、支持或與其他物質類似結合者,馬來西亞,出口總值(含復出口),37,15030
2018-2,39209991,其他塑膠板、片及扁條，非多孔性及未經以其他物質加強、積層、支持或與其他物質類似結合者,密克羅尼西亞,出口總值(含復出口),1,510
2018-2,39209991,其他塑膠板、片及扁條，非多孔性及未經以其他物質加強、積層、支持或與其他物質類似結合者,荷蘭,出口總值(含復出口),2,8
2018-2,39209991,其他塑膠板、片及扁條，非多孔性及未經以其他物質加強、積層、支持或與其他物質類似結合者,菲律賓,出口總值(含復出口),52,9787
2018-2,39209991,其他塑膠板、片及扁條，非多孔性及未經以其他物質加強、積層、支持或與其他物質類似結合者,越南,出口總值(含復出口),6,66
2018-2,39209991,其他塑膠板、片及扁條，非多孔性及未經以其他物質加強、積層、支持或與其他物質類似結合者,新加坡,出口總值(含復出口),2,24
2018-2,39209991,其他塑膠板、片及扁條，非多孔性及未經以其他物質加強、積層、支持或與其他物質類似結合者,義大利,出口總值(含復出口),4,320
2018-2,39209991,其他塑膠板、片及扁條，非多孔性及未經以其他物質加強、積層、支持或與其他物質類似結合者,葡萄牙,出口總值(含復出口),1,32
2018-2,39209991,其他塑膠板、片及扁條，非多孔性及未經以其他物質加強、積層、支持或與其他物質類似結合者,德國,出口總值(含復出口),2,60
2018-2,39209991,其他塑膠板、片及扁條，非多孔性及未經以其他物質加強、積層、支持或與其他物質類似結合者,緬甸,出口總值(含復出口),1,720
2018-2,39209991,其他塑膠板、片及扁條，非多孔性及未經以其他物質加強、積層、支持或與其他物質類似結合者,澳大利亞,出口總值(含復出口),21,7000
2018-3,39199020,供製造半導體晶圓用之自黏性圓形研磨墊，屬塑膠製品者,中國大陸,進口總值(含復進口),10,15
2018-3,39199020,供製造半導體晶圓用之自黏性圓形研磨墊，屬塑膠製品者,中華民國,進口總值(含復進口),7,14
2018-3,39199020,供製造半導體晶圓用之自黏性圓形研磨墊，屬塑膠製品者,日本,進口總值(含復進口),50,98
2018-3,39199020,供製造半導體晶圓用之自黏性圓形研磨墊，屬塑膠製品者,美國,進口總值(含復進口),1606,7746
2018-3,39199020,供製造半導體晶圓用之自黏性圓形研磨墊，屬塑膠製品者,新加坡,進口總值(含復進口),4,4
2018-3,39199020,供製造半導體晶圓用之自黏性圓形研磨墊，屬塑膠製品者,中國大陸,出口總值(含復出口),7269,15475
2018-3,39199020,供製造半導體晶圓用之自黏性圓形研磨墊，屬塑膠製品者,日本,出口總值(含復出口),193,465
2018-3,39199020,供製造半導體晶圓用之自黏性圓形研磨墊，屬塑膠製品者,南韓,出口總值(含復出口),14714,37391
2018-3,39199020,供製造半導體晶圓用之自黏性圓形研磨墊，屬塑膠製品者,美國,出口總值(含復出口),1511,3781
2018-3,39199020,供製造半導體晶圓用之自黏性圓形研磨墊，屬塑膠製品者,馬來西亞,出口總值(含復出口),233,220
2018-3,39199020,供製造半導體晶圓用之自黏性圓形研磨墊，屬塑膠製品者,新加坡,出口總值(含復出口),1353,2824
2018-3,39201010,聚乙烯塑膠板、片及扁條,中國大陸,進口總值(含復進口),516,209391
2018-3,39201010,聚乙烯塑膠板、片及扁條,中華民國,進口總值(含復進口),2,7344
2018-3,39201010,聚乙烯塑膠板、片及扁條,日本,進口總值(含復進口),502,108995
2018-3,39201010,聚乙烯塑膠板、片及扁條,加拿大,進口總值(含復進口),3,793
2018-3,39201010,聚乙烯塑膠板、片及扁條,印度,進口總值(含復進口),11,3177
2018-3,39201010,聚乙烯塑膠板、片及扁條,波蘭,進口總值(含復進口),3,784
2018-3,39201010,聚乙烯塑膠板、片及扁條,南韓,進口總值(含復進口),41,7054
2018-3,39201010,聚乙烯塑膠板、片及扁條,美國,進口總值(含復進口),87,7367
2018-3,39201010,聚乙烯塑膠板、片及扁條,泰國,進口總值(含復進口),6,749
2018-3,39201010,聚乙烯塑膠板、片及扁條,馬來西亞,進口總值(含復進口),6,3036
2018-3,39201010,聚乙烯塑膠板、片及扁條,荷蘭,進口總值(含復進口),0,0
2018-3,39201010,聚乙烯塑膠板、片及扁條,奧地利,進口總值(含復進口),16,1858
2018-3,39201010,聚乙烯塑膠板、片及扁條,瑞士,進口總值(含復進口),4,98
2018-3,39201010,聚乙烯塑膠板、片及扁條,德國,進口總值(含復進口),58,11381
2018-3,39201010,聚乙烯塑膠板、片及扁條,中國大陸,出口總值(含復出口),440,78008
2018-3,39201010,聚乙烯塑膠板、片及扁條,巴基斯坦,出口總值(含復出口),36,8834
2018-3,39201010,聚乙烯塑膠板、片及扁條,日本,出口總值(含復出口),185,24610
2018-3,39201010,聚乙烯塑膠板、片及扁條,加拿大,出口總值(含復出口),20,2015
2018-3,39201010,聚乙烯塑膠板、片及扁條,伊朗,出口總值(含復出口),8,859
2018-3,39201010,聚乙烯塑膠板、片及扁條,印尼,出口總值(含復出口),40,9393
2018-3,39201010,聚乙烯塑膠板、片及扁條,印度,出口總值(含復出口),42,12108
2018-3,39201010,聚乙烯塑膠板、片及扁條,西班牙,出口總值(含復出口),5,159
2018-3,39201010,聚乙烯塑膠板、片及扁條,孟加拉,出口總值(含復出口),8,3000
2018-3,39201010,聚乙烯塑膠板、片及扁條,波蘭,出口總值(含復出口),6,41
2018-3,39201010,聚乙烯塑膠板、片及扁條,法國,出口總值(含復出口),2,960
2018-3,39201010,聚乙烯塑膠板、片及扁條,阿爾及利亞,出口總值(含復出口),3,364
2018-3,39201010,聚乙烯塑膠板、片及扁條,南韓,出口總值(含復出口),90,10635
2018-3,39201010,聚乙烯塑膠板、片及扁條,柬埔寨,出口總值(含復出口),23,5887
2018-3,39201010,聚乙烯塑膠板、片及扁條,美國,出口總值(含復出口),435,145651
2018-3,39201010,聚乙烯塑膠板、片及扁條,香港,出口總值(含復出口),78,33733
2018-3,39201010,聚乙烯塑膠板、片及扁條,泰國,出口總值(含復出口),398,120707
2018-3,39201010,聚乙烯塑膠板、片及扁條,馬來西亞,出口總值(含復出口),98,21781
2018-3,39201010,聚乙烯塑膠板、片及扁條,斯里蘭卡,出口總值(含復出口),4,1512
2018-3,39201010,聚乙烯塑膠板、片及扁條,菲律賓,出口總值(含復出口),133,27650
2018-3,39201010,聚乙烯塑膠板、片及扁條,越南,出口總值(含復出口),44,12467
2018-3,39201010,聚乙烯塑膠板、片及扁條,新加坡,出口總值(含復出口),28,13491
2018-3,39201010,聚乙烯塑膠板、片及扁條,德國,出口總值(含復出口),9,45
2018-3,39201010,聚乙烯塑膠板、片及扁條,墨西哥,出口總值(含復出口),6,42
2018-3,39201010,聚乙烯塑膠板、片及扁條,澳大利亞,出口總值(含復出口),9,596
2018-3,39202021,電容器用金屬化聚丙烯薄膜，留有未鍍邊，總寬度不超過１００公厘，總厚度在０．０１５公厘以上，０．０２５公厘以下者,中國大陸,進口總值(含復進口),104,3407
2018-3,39202021,電容器用金屬化聚丙烯薄膜，留有未鍍邊，總寬度不超過１００公厘，總厚度在０．０１５公厘以上，０．０２５公厘以下者,南韓,進口總值(含復進口),2,230
2018-3,39202021,電容器用金屬化聚丙烯薄膜，留有未鍍邊，總寬度不超過１００公厘，總厚度在０．０１５公厘以上，０．０２５公厘以下者,中國大陸,出口總值(含復出口),36,13750
2018-3,39205110,聚甲基丙烯酸甲酯板、片及扁條,中國大陸,進口總值(含復進口),158,5112
2018-3,39205110,聚甲基丙烯酸甲酯板、片及扁條,中華民國,進口總值(含復進口),49,14856
2018-3,39205110,聚甲基丙烯酸甲酯板、片及扁條,日本,進口總值(含復進口),168,38290
2018-3,39205110,聚甲基丙烯酸甲酯板、片及扁條,南韓,進口總值(含復進口),460,202411
2018-3,39205110,聚甲基丙烯酸甲酯板、片及扁條,美國,進口總值(含復進口),85,17475
2018-3,39205110,聚甲基丙烯酸甲酯板、片及扁條,越南,進口總值(含復進口),55,14292
2018-3,39205110,聚甲基丙烯酸甲酯板、片及扁條,德國,進口總值(含復進口),6,285
2018-3,39205110,聚甲基丙烯酸甲酯板、片及扁條,土耳其,出口總值(含復出口),53,20993
2018-3,39205110,聚甲基丙烯酸甲酯板、片及扁條,中國大陸,出口總值(含復出口),9702,2944833
2018-3,39205110,聚甲基丙烯酸甲酯板、片及扁條,巴西,出口總值(含復出口),89,24533
2018-3,39205110,聚甲基丙烯酸甲酯板、片及扁條,日本,出口總值(含復出口),633,120353
2018-3,39205110,聚甲基丙烯酸甲酯板、片及扁條,卡達,出口總值(含復出口),59,17077
2018-3,39205110,聚甲基丙烯酸甲酯板、片及扁條,伊朗,出口總值(含復出口),1058,307459
2018-3,39205110,聚甲基丙烯酸甲酯板、片及扁條,印度,出口總值(含復出口),289,106945
2018-3,39205110,聚甲基丙烯酸甲酯板、片及扁條,多明尼加,出口總值(含復出口),58,12280
2018-3,39205110,聚甲基丙烯酸甲酯板、片及扁條,沙烏地阿拉伯,出口總值(含復出口),323,94671
2018-3,39205110,聚甲基丙烯酸甲酯板、片及扁條,肯亞,出口總值(含復出口),31,9449
2018-3,39205110,聚甲基丙烯酸甲酯板、片及扁條,芬蘭,出口總值(含復出口),48,12738
2018-3,39205110,聚甲基丙烯酸甲酯板、片及扁條,阿拉伯聯合大公國,出口總值(含復出口),854,246611
2018-3,39205110,聚甲基丙烯酸甲酯板、片及扁條,阿根廷,出口總值(含復出口),1,36
2018-3,39205110,聚甲基丙烯酸甲酯板、片及扁條,南韓,出口總值(含復出口),4410,1295321
2018-3,39205110,聚甲基丙烯酸甲酯板、片及扁條,科威特,出口總值(含復出口),258,74615
2018-3,39205110,聚甲基丙烯酸甲酯板、片及扁條,美國,出口總值(含復出口),2374,650017
2018-3,39205110,聚甲基丙烯酸甲酯板、片及扁條,香港,出口總值(含復出口),672,290799
2018-3,39205110,聚甲基丙烯酸甲酯板、片及扁條,馬來西亞,出口總值(含復出口),21,5509
2018-3,39205110,聚甲基丙烯酸甲酯板、片及扁條,馬爾地夫,出口總值(含復出口),3,91
2018-3,39205110,聚甲基丙烯酸甲酯板、片及扁條,越南,出口總值(含復出口),381,112850
2018-3,39205110,聚甲基丙烯酸甲酯板、片及扁條,新加坡,出口總值(含復出口),302,86308
2018-3,39205110,聚甲基丙烯酸甲酯板、片及扁條,德國,出口總值(含復出口),12,1678
2018-3,39205110,聚甲基丙烯酸甲酯板、片及扁條,黎巴嫩,出口總值(含復出口),333,104139
2018-3,39205110,聚甲基丙烯酸甲酯板、片及扁條,墨西哥,出口總值(含復出口),3,30
2018-3,39205110,聚甲基丙烯酸甲酯板、片及扁條,澳大利亞,出口總值(含復出口),203,59678
2018-3,39205110,聚甲基丙烯酸甲酯板、片及扁條,賽普勒斯,出口總值(含復出口),52,13187
2018-3,39206210,聚對苯二甲酸乙二酯製板、片及扁條,中國大陸,進口總值(含復進口),396,154765
2018-3,39206210,聚對苯二甲酸乙二酯製板、片及扁條,日本,進口總值(含復進口),256,16592
2018-3,39206210,聚對苯二甲酸乙二酯製板、片及扁條,印度,進口總值(含復進口),12,5201
2018-3,39206210,聚對苯二甲酸乙二酯製板、片及扁條,南韓,進口總值(含復進口),641,225062
2018-3,39206210,聚對苯二甲酸乙二酯製板、片及扁條,美國,進口總值(含復進口),11,320
2018-3,39206210,聚對苯二甲酸乙二酯製板、片及扁條,德國,進口總值(含復進口),56,7761
2018-3,39206210,聚對苯二甲酸乙二酯製板、片及扁條,土耳其,出口總值(含復出口),2,225
2018-3,39206210,聚對苯二甲酸乙二酯製板、片及扁條,中國大陸,出口總值(含復出口),7602,1336178
2018-3,39206210,聚對苯二甲酸乙二酯製板、片及扁條,日本,出口總值(含復出口),1519,896606
2018-3,39206210,聚對苯二甲酸乙二酯製板、片及扁條,加拿大,出口總值(含復出口),77,59373
2018-3,39206210,聚對苯二甲酸乙二酯製板、片及扁條,伊朗,出口總值(含復出口),4,5809
2018-3,39206210,聚對苯二甲酸乙二酯製板、片及扁條,印尼,出口總值(含復出口),133,91700
2018-3,39206210,聚對苯二甲酸乙二酯製板、片及扁條,印度,出口總值(含復出口),112,83656
2018-3,39206210,聚對苯二甲酸乙二酯製板、片及扁條,多明尼加,出口總值(含復出口),2,808
2018-3,39206210,聚對苯二甲酸乙二酯製板、片及扁條,南非,出口總值(含復出口),14,10730
2018-3,39206210,聚對苯二甲酸乙二酯製板、片及扁條,科威特,出口總值(含復出口),4,748
2018-3,39206210,聚對苯二甲酸乙二酯製板、片及扁條,美國,出口總值(含復出口),679,447169
2018-3,39206210,聚對苯二甲酸乙二酯製板、片及扁條,香港,出口總值(含復出口),1096,81533
2018-3,39206210,聚對苯二甲酸乙二酯製板、片及扁條,哥倫比亞,出口總值(含復出口),3,1680
2018-3,39206210,聚對苯二甲酸乙二酯製板、片及扁條,泰國,出口總值(含復出口),54,34440
2018-3,39206210,聚對苯二甲酸乙二酯製板、片及扁條,秘魯,出口總值(含復出口),26,17000
2018-3,39206210,聚對苯二甲酸乙二酯製板、片及扁條,紐西蘭,出口總值(含復出口),113,85383
2018-3,39206210,聚對苯二甲酸乙二酯製板、片及扁條,馬來西亞,出口總值(含復出口),1804,461776
2018-3,39206210,聚對苯二甲酸乙二酯製板、片及扁條,斯里蘭卡,出口總值(含復出口),15,10450
2018-3,39206210,聚對苯二甲酸乙二酯製板、片及扁條,菲律賓,出口總值(含復出口),228,150030
2018-3,39206210,聚對苯二甲酸乙二酯製板、片及扁條,越南,出口總值(含復出口),119,91682
2018-3,39206210,聚對苯二甲酸乙二酯製板、片及扁條,新加坡,出口總值(含復出口),67,33389
2018-3,39206210,聚對苯二甲酸乙二酯製板、片及扁條,墨西哥,出口總值(含復出口),63,47271
2018-3,39206210,聚對苯二甲酸乙二酯製板、片及扁條,澳大利亞,出口總值(含復出口),593,329709
2018-3,39209991,其他塑膠板、片及扁條，非多孔性及未經以其他物質加強、積層、支持或與其他物質類似結合者,中國大陸,進口總值(含復進口),530,92847
2018-3,39209991,其他塑膠板、片及扁條，非多孔性及未經以其他物質加強、積層、支持或與其他物質類似結合者,日本,進口總值(含復進口),204,24461
2018-3,39209991,其他塑膠板、片及扁條，非多孔性及未經以其他物質加強、積層、支持或與其他物質類似結合者,比利時,進口總值(含復進口),0,239
2018-3,39209991,其他塑膠板、片及扁條，非多孔性及未經以其他物質加強、積層、支持或與其他物質類似結合者,加拿大,進口總值(含復進口),2,38
2018-3,39209991,其他塑膠板、片及扁條，非多孔性及未經以其他物質加強、積層、支持或與其他物質類似結合者,南韓,進口總值(含復進口),203,52581
2018-3,39209991,其他塑膠板、片及扁條，非多孔性及未經以其他物質加強、積層、支持或與其他物質類似結合者,美國,進口總值(含復進口),680,2404
2018-3,39209991,其他塑膠板、片及扁條，非多孔性及未經以其他物質加強、積層、支持或與其他物質類似結合者,德國,進口總值(含復進口),61,828
2018-3,39209991,其他塑膠板、片及扁條，非多孔性及未經以其他物質加強、積層、支持或與其他物質類似結合者,中國大陸,出口總值(含復出口),2384,286484
2018-3,39209991,其他塑膠板、片及扁條，非多孔性及未經以其他物質加強、積層、支持或與其他物質類似結合者,丹麥,出口總值(含復出口),1,16
2018-3,39209991,其他塑膠板、片及扁條，非多孔性及未經以其他物質加強、積層、支持或與其他物質類似結合者,日本,出口總值(含復出口),41,652
2018-3,39209991,其他塑膠板、片及扁條，非多孔性及未經以其他物質加強、積層、支持或與其他物質類似結合者,加拿大,出口總值(含復出口),22,15708
2018-3,39209991,其他塑膠板、片及扁條，非多孔性及未經以其他物質加強、積層、支持或與其他物質類似結合者,南韓,出口總值(含復出口),1,324
2018-3,39209991,其他塑膠板、片及扁條，非多孔性及未經以其他物質加強、積層、支持或與其他物質類似結合者,美國,出口總值(含復出口),144,4416
2018-3,39209991,其他塑膠板、片及扁條，非多孔性及未經以其他物質加強、積層、支持或與其他物質類似結合者,英國,出口總值(含復出口),4,109
2018-3,39209991,其他塑膠板、片及扁條，非多孔性及未經以其他物質加強、積層、支持或與其他物質類似結合者,香港,出口總值(含復出口),12,1037
2018-3,39209991,其他塑膠板、片及扁條，非多孔性及未經以其他物質加強、積層、支持或與其他物質類似結合者,泰國,出口總值(含復出口),2,1776
2018-3,39209991,其他塑膠板、片及扁條，非多孔性及未經以其他物質加強、積層、支持或與其他物質類似結合者,馬來西亞,出口總值(含復出口),56,17279
2018-3,39209991,其他塑膠板、片及扁條，非多孔性及未經以其他物質加強、積層、支持或與其他物質類似結合者,捷克,出口總值(含復出口),9,163
2018-3,39209991,其他塑膠板、片及扁條，非多孔性及未經以其他物質加強、積層、支持或與其他物質類似結合者,荷蘭,出口總值(含復出口),2,40
2018-3,39209991,其他塑膠板、片及扁條，非多孔性及未經以其他物質加強、積層、支持或與其他物質類似結合者,菲律賓,出口總值(含復出口),2,4651
2018-3,39209991,其他塑膠板、片及扁條，非多孔性及未經以其他物質加強、積層、支持或與其他物質類似結合者,越南,出口總值(含復出口),5,99
2018-3,39209991,其他塑膠板、片及扁條，非多孔性及未經以其他物質加強、積層、支持或與其他物質類似結合者,新加坡,出口總值(含復出口),8,1637
2018-3,39209991,其他塑膠板、片及扁條，非多孔性及未經以其他物質加強、積層、支持或與其他物質類似結合者,義大利,出口總值(含復出口),11,780
2018-3,39209991,其他塑膠板、片及扁條，非多孔性及未經以其他物質加強、積層、支持或與其他物質類似結合者,葡萄牙,出口總值(含復出口),1,25
2018-3,39209991,其他塑膠板、片及扁條，非多孔性及未經以其他物質加強、積層、支持或與其他物質類似結合者,德國,出口總值(含復出口),3,78
2018-3,39209991,其他塑膠板、片及扁條，非多孔性及未經以其他物質加強、積層、支持或與其他物質類似結合者,緬甸,出口總值(含復出口),7,1205
2018-3,39209991,其他塑膠板、片及扁條，非多孔性及未經以其他物質加強、積層、支持或與其他物質類似結合者,澳大利亞,出口總值(含復出口),10,6204
2018-4,39199020,供製造半導體晶圓用之自黏性圓形研磨墊，屬塑膠製品者,中國大陸,進口總值(含復進口),9,55
2018-4,39199020,供製造半導體晶圓用之自黏性圓形研磨墊，屬塑膠製品者,中華民國,進口總值(含復進口),8,13
2018-4,39199020,供製造半導體晶圓用之自黏性圓形研磨墊，屬塑膠製品者,日本,進口總值(含復進口),74,163
2018-4,39199020,供製造半導體晶圓用之自黏性圓形研磨墊，屬塑膠製品者,美國,進口總值(含復進口),994,4245
2018-4,39199020,供製造半導體晶圓用之自黏性圓形研磨墊，屬塑膠製品者,中國大陸,出口總值(含復出口),6304,13157
2018-4,39199020,供製造半導體晶圓用之自黏性圓形研磨墊，屬塑膠製品者,日本,出口總值(含復出口),89,234
2018-4,39199020,供製造半導體晶圓用之自黏性圓形研磨墊，屬塑膠製品者,南韓,出口總值(含復出口),16352,42855
2018-4,39199020,供製造半導體晶圓用之自黏性圓形研磨墊，屬塑膠製品者,美國,出口總值(含復出口),943,2377
2018-4,39199020,供製造半導體晶圓用之自黏性圓形研磨墊，屬塑膠製品者,馬來西亞,出口總值(含復出口),148,146
2018-4,39199020,供製造半導體晶圓用之自黏性圓形研磨墊，屬塑膠製品者,新加坡,出口總值(含復出口),1214,2539
2018-4,39201010,聚乙烯塑膠板、片及扁條,中國大陸,進口總值(含復進口),689,209750
2018-4,39201010,聚乙烯塑膠板、片及扁條,中華民國,進口總值(含復進口),1,4378
2018-4,39201010,聚乙烯塑膠板、片及扁條,日本,進口總值(含復進口),230,25315
2018-4,39201010,聚乙烯塑膠板、片及扁條,加拿大,進口總值(含復進口),0,104
2018-4,39201010,聚乙烯塑膠板、片及扁條,印度,進口總值(含復進口),2,477
2018-4,39201010,聚乙烯塑膠板、片及扁條,南韓,進口總值(含復進口),26,4301
2018-4,39201010,聚乙烯塑膠板、片及扁條,美國,進口總值(含復進口),54,2360
2018-4,39201010,聚乙烯塑膠板、片及扁條,泰國,進口總值(含復進口),24,5161
2018-4,39201010,聚乙烯塑膠板、片及扁條,馬來西亞,進口總值(含復進口),8,2150
2018-4,39201010,聚乙烯塑膠板、片及扁條,奧地利,進口總值(含復進口),42,5950
2018-4,39201010,聚乙烯塑膠板、片及扁條,德國,進口總值(含復進口),112,22752
2018-4,39201010,聚乙烯塑膠板、片及扁條,中國大陸,出口總值(含復出口),608,180542
2018-4,39201010,聚乙烯塑膠板、片及扁條,巴基斯坦,出口總值(含復出口),25,10479
2018-4,39201010,聚乙烯塑膠板、片及扁條,日本,出口總值(含復出口),217,42797
2018-4,39201010,聚乙烯塑膠板、片及扁條,加拿大,出口總值(含復出口),40,3689
2018-4,39201010,聚乙烯塑膠板、片及扁條,印尼,出口總值(含復出口),69,152882
2018-4,39201010,聚乙烯塑膠板、片及扁條,印度,出口總值(含復出口),82,28092
2018-4,39201010,聚乙烯塑膠板、片及扁條,奈及利亞,出口總值(含復出口),43,26400
2018-4,39201010,聚乙烯塑膠板、片及扁條,波蘭,出口總值(含復出口),8,4432
2018-4,39201010,聚乙烯塑膠板、片及扁條,俄羅斯,出口總值(含復出口),2,141
2018-4,39201010,聚乙烯塑膠板、片及扁條,南韓,出口總值(含復出口),69,7315
2018-4,39201010,聚乙烯塑膠板、片及扁條,柬埔寨,出口總值(含復出口),10,4793
2018-4,39201010,聚乙烯塑膠板、片及扁條,科威特,出口總值(含復出口),1,28
2018-4,39201010,聚乙烯塑膠板、片及扁條,美國,出口總值(含復出口),330,133732
2018-4,39201010,聚乙烯塑膠板、片及扁條,香港,出口總值(含復出口),109,54249
2018-4,39201010,聚乙烯塑膠板、片及扁條,泰國,出口總值(含復出口),344,107855
2018-4,39201010,聚乙烯塑膠板、片及扁條,馬來西亞,出口總值(含復出口),139,30705
2018-4,39201010,聚乙烯塑膠板、片及扁條,馬紹爾群島,出口總值(含復出口),0,38
2018-4,39201010,聚乙烯塑膠板、片及扁條,菲律賓,出口總值(含復出口),264,137572
2018-4,39201010,聚乙烯塑膠板、片及扁條,越南,出口總值(含復出口),39,11104
2018-4,39201010,聚乙烯塑膠板、片及扁條,新加坡,出口總值(含復出口),5,3964
2018-4,39201010,聚乙烯塑膠板、片及扁條,墨西哥,出口總值(含復出口),24,164
2018-4,39201010,聚乙烯塑膠板、片及扁條,澳大利亞,出口總值(含復出口),18,8400
2018-4,39202021,電容器用金屬化聚丙烯薄膜，留有未鍍邊，總寬度不超過１００公厘，總厚度在０．０１５公厘以上，０．０２５公厘以下者,中國大陸,進口總值(含復進口),64,2324
2018-4,39202021,電容器用金屬化聚丙烯薄膜，留有未鍍邊，總寬度不超過１００公厘，總厚度在０．０１５公厘以上，０．０２５公厘以下者,南韓,進口總值(含復進口),1,58
2018-4,39202021,電容器用金屬化聚丙烯薄膜，留有未鍍邊，總寬度不超過１００公厘，總厚度在０．０１５公厘以上，０．０２５公厘以下者,中國大陸,出口總值(含復出口),75,17901
2018-4,39205110,聚甲基丙烯酸甲酯板、片及扁條,中國大陸,進口總值(含復進口),155,27649
2018-4,39205110,聚甲基丙烯酸甲酯板、片及扁條,中華民國,進口總值(含復進口),3,711
2018-4,39205110,聚甲基丙烯酸甲酯板、片及扁條,日本,進口總值(含復進口),263,53938
2018-4,39205110,聚甲基丙烯酸甲酯板、片及扁條,南韓,進口總值(含復進口),1498,611893
2018-4,39205110,聚甲基丙烯酸甲酯板、片及扁條,美國,進口總值(含復進口),117,24518
2018-4,39205110,聚甲基丙烯酸甲酯板、片及扁條,千里達及托巴哥,出口總值(含復出口),5,2527
2018-4,39205110,聚甲基丙烯酸甲酯板、片及扁條,土耳其,出口總值(含復出口),44,13443
2018-4,39205110,聚甲基丙烯酸甲酯板、片及扁條,中國大陸,出口總值(含復出口),7958,2327308
2018-4,39205110,聚甲基丙烯酸甲酯板、片及扁條,巴西,出口總值(含復出口),173,48947
2018-4,39205110,聚甲基丙烯酸甲酯板、片及扁條,日本,出口總值(含復出口),196,49056
2018-4,39205110,聚甲基丙烯酸甲酯板、片及扁條,以色列,出口總值(含復出口),3,140
2018-4,39205110,聚甲基丙烯酸甲酯板、片及扁條,伊朗,出口總值(含復出口),207,62711
2018-4,39205110,聚甲基丙烯酸甲酯板、片及扁條,印尼,出口總值(含復出口),1,57
2018-4,39205110,聚甲基丙烯酸甲酯板、片及扁條,印度,出口總值(含復出口),353,151681
2018-4,39205110,聚甲基丙烯酸甲酯板、片及扁條,宏都拉斯,出口總值(含復出口),61,17431
2018-4,39205110,聚甲基丙烯酸甲酯板、片及扁條,沙烏地阿拉伯,出口總值(含復出口),382,107042
2018-4,39205110,聚甲基丙烯酸甲酯板、片及扁條,坦尚尼亞,出口總值(含復出口),54,16189
2018-4,39205110,聚甲基丙烯酸甲酯板、片及扁條,芬蘭,出口總值(含復出口),100,26725
2018-4,39205110,聚甲基丙烯酸甲酯板、片及扁條,阿拉伯聯合大公國,出口總值(含復出口),629,177306
2018-4,39205110,聚甲基丙烯酸甲酯板、片及扁條,阿曼,出口總值(含復出口),173,49383
2018-4,39205110,聚甲基丙烯酸甲酯板、片及扁條,南韓,出口總值(含復出口),4669,1378090
2018-4,39205110,聚甲基丙烯酸甲酯板、片及扁條,科威特,出口總值(含復出口),64,17358
2018-4,39205110,聚甲基丙烯酸甲酯板、片及扁條,美國,出口總值(含復出口),1335,379197
2018-4,39205110,聚甲基丙烯酸甲酯板、片及扁條,英國,出口總值(含復出口),23,4928
2018-4,39205110,聚甲基丙烯酸甲酯板、片及扁條,香港,出口總值(含復出口),671,248519
2018-4,39205110,聚甲基丙烯酸甲酯板、片及扁條,哥斯大黎加,出口總值(含復出口),13,2935
2018-4,39205110,聚甲基丙烯酸甲酯板、片及扁條,泰國,出口總值(含復出口),11,1102
2018-4,39205110,聚甲基丙烯酸甲酯板、片及扁條,紐西蘭,出口總值(含復出口),2,551
2018-4,39205110,聚甲基丙烯酸甲酯板、片及扁條,馬來西亞,出口總值(含復出口),5,1673
2018-4,39205110,聚甲基丙烯酸甲酯板、片及扁條,斯里蘭卡,出口總值(含復出口),23,9479
2018-4,39205110,聚甲基丙烯酸甲酯板、片及扁條,智利,出口總值(含復出口),5,1197
2018-4,39205110,聚甲基丙烯酸甲酯板、片及扁條,菲律賓,出口總值(含復出口),67,22697
2018-4,39205110,聚甲基丙烯酸甲酯板、片及扁條,越南,出口總值(含復出口),830,247172
2018-4,39205110,聚甲基丙烯酸甲酯板、片及扁條,新加坡,出口總值(含復出口),735,207556
2018-4,39205110,聚甲基丙烯酸甲酯板、片及扁條,黎巴嫩,出口總值(含復出口),214,64645
2018-4,39205110,聚甲基丙烯酸甲酯板、片及扁條,墨西哥,出口總值(含復出口),67,16536
2018-4,39206210,聚對苯二甲酸乙二酯製板、片及扁條,中國大陸,進口總值(含復進口),511,209397
2018-4,39206210,聚對苯二甲酸乙二酯製板、片及扁條,中華民國,進口總值(含復進口),0,273
2018-4,39206210,聚對苯二甲酸乙二酯製板、片及扁條,日本,進口總值(含復進口),155,3756
2018-4,39206210,聚對苯二甲酸乙二酯製板、片及扁條,法國,進口總值(含復進口),0,1670
2018-4,39206210,聚對苯二甲酸乙二酯製板、片及扁條,南韓,進口總值(含復進口),613,202471
2018-4,39206210,聚對苯二甲酸乙二酯製板、片及扁條,美國,進口總值(含復進口),22,559
2018-4,39206210,聚對苯二甲酸乙二酯製板、片及扁條,越南,進口總值(含復進口),53,37771
2018-4,39206210,聚對苯二甲酸乙二酯製板、片及扁條,義大利,進口總值(含復進口),59,23278
2018-4,39206210,聚對苯二甲酸乙二酯製板、片及扁條,德國,進口總值(含復進口),106,15008
2018-4,39206210,聚對苯二甲酸乙二酯製板、片及扁條,中國大陸,出口總值(含復出口),7791,1431138
2018-4,39206210,聚對苯二甲酸乙二酯製板、片及扁條,日本,出口總值(含復出口),1573,932446
2018-4,39206210,聚對苯二甲酸乙二酯製板、片及扁條,加拿大,出口總值(含復出口),56,43367
2018-4,39206210,聚對苯二甲酸乙二酯製板、片及扁條,伊朗,出口總值(含復出口),4,5801
2018-4,39206210,聚對苯二甲酸乙二酯製板、片及扁條,印尼,出口總值(含復出口),174,120100
2018-4,39206210,聚對苯二甲酸乙二酯製板、片及扁條,印度,出口總值(含復出口),223,152532
2018-4,39206210,聚對苯二甲酸乙二酯製板、片及扁條,多明尼加,出口總值(含復出口),26,17450
2018-4,39206210,聚對苯二甲酸乙二酯製板、片及扁條,宏都拉斯,出口總值(含復出口),0,150
2018-4,39206210,聚對苯二甲酸乙二酯製板、片及扁條,汶萊,出口總值(含復出口),23,18000
2018-4,39206210,聚對苯二甲酸乙二酯製板、片及扁條,波蘭,出口總值(含復出口),8,641
2018-4,39206210,聚對苯二甲酸乙二酯製板、片及扁條,美國,出口總值(含復出口),719,453616
2018-4,39206210,聚對苯二甲酸乙二酯製板、片及扁條,香港,出口總值(含復出口),1414,63977
2018-4,39206210,聚對苯二甲酸乙二酯製板、片及扁條,哥倫比亞,出口總值(含復出口),22,17700
2018-4,39206210,聚對苯二甲酸乙二酯製板、片及扁條,哥斯大黎加,出口總值(含復出口),16,10000
2018-4,39206210,聚對苯二甲酸乙二酯製板、片及扁條,泰國,出口總值(含復出口),36,18023
2018-4,39206210,聚對苯二甲酸乙二酯製板、片及扁條,紐西蘭,出口總值(含復出口),190,145740
2018-4,39206210,聚對苯二甲酸乙二酯製板、片及扁條,馬來西亞,出口總值(含復出口),1220,372960
2018-4,39206210,聚對苯二甲酸乙二酯製板、片及扁條,荷蘭,出口總值(含復出口),74,54796
2018-4,39206210,聚對苯二甲酸乙二酯製板、片及扁條,斯里蘭卡,出口總值(含復出口),15,9450
2018-4,39206210,聚對苯二甲酸乙二酯製板、片及扁條,菲律賓,出口總值(含復出口),253,146262
2018-4,39206210,聚對苯二甲酸乙二酯製板、片及扁條,越南,出口總值(含復出口),32,30311
2018-4,39206210,聚對苯二甲酸乙二酯製板、片及扁條,新加坡,出口總值(含復出口),157,95226
2018-4,39206210,聚對苯二甲酸乙二酯製板、片及扁條,德國,出口總值(含復出口),28,17400
2018-4,39206210,聚對苯二甲酸乙二酯製板、片及扁條,墨西哥,出口總值(含復出口),67,48528
2018-4,39206210,聚對苯二甲酸乙二酯製板、片及扁條,澳大利亞,出口總值(含復出口),718,423965
2018-4,39209991,其他塑膠板、片及扁條，非多孔性及未經以其他物質加強、積層、支持或與其他物質類似結合者,中國大陸,進口總值(含復進口),381,83385
2018-4,39209991,其他塑膠板、片及扁條，非多孔性及未經以其他物質加強、積層、支持或與其他物質類似結合者,日本,進口總值(含復進口),33,569
2018-4,39209991,其他塑膠板、片及扁條，非多孔性及未經以其他物質加強、積層、支持或與其他物質類似結合者,加拿大,進口總值(含復進口),3,63
2018-4,39209991,其他塑膠板、片及扁條，非多孔性及未經以其他物質加強、積層、支持或與其他物質類似結合者,南韓,進口總值(含復進口),282,80926
2018-4,39209991,其他塑膠板、片及扁條，非多孔性及未經以其他物質加強、積層、支持或與其他物質類似結合者,美國,進口總值(含復進口),319,5224
2018-4,39209991,其他塑膠板、片及扁條，非多孔性及未經以其他物質加強、積層、支持或與其他物質類似結合者,馬來西亞,進口總值(含復進口),11,2179
2018-4,39209991,其他塑膠板、片及扁條，非多孔性及未經以其他物質加強、積層、支持或與其他物質類似結合者,荷蘭,進口總值(含復進口),0,4
2018-4,39209991,其他塑膠板、片及扁條，非多孔性及未經以其他物質加強、積層、支持或與其他物質類似結合者,奧地利,進口總值(含復進口),24,712
2018-4,39209991,其他塑膠板、片及扁條，非多孔性及未經以其他物質加強、積層、支持或與其他物質類似結合者,新加坡,進口總值(含復進口),2,79
2018-4,39209991,其他塑膠板、片及扁條，非多孔性及未經以其他物質加強、積層、支持或與其他物質類似結合者,義大利,進口總值(含復進口),28,760
2018-4,39209991,其他塑膠板、片及扁條，非多孔性及未經以其他物質加強、積層、支持或與其他物質類似結合者,德國,進口總值(含復進口),67,2507
2018-4,39209991,其他塑膠板、片及扁條，非多孔性及未經以其他物質加強、積層、支持或與其他物質類似結合者,中國大陸,出口總值(含復出口),2629,354027
2018-4,39209991,其他塑膠板、片及扁條，非多孔性及未經以其他物質加強、積層、支持或與其他物質類似結合者,日本,出口總值(含復出口),62,929
2018-4,39209991,其他塑膠板、片及扁條，非多孔性及未經以其他物質加強、積層、支持或與其他物質類似結合者,比利時,出口總值(含復出口),9,216
2018-4,39209991,其他塑膠板、片及扁條，非多孔性及未經以其他物質加強、積層、支持或與其他物質類似結合者,阿根廷,出口總值(含復出口),2,46
2018-4,39209991,其他塑膠板、片及扁條，非多孔性及未經以其他物質加強、積層、支持或與其他物質類似結合者,南韓,出口總值(含復出口),2,479
2018-4,39209991,其他塑膠板、片及扁條，非多孔性及未經以其他物質加強、積層、支持或與其他物質類似結合者,柬埔寨,出口總值(含復出口),5,1894
2018-4,39209991,其他塑膠板、片及扁條，非多孔性及未經以其他物質加強、積層、支持或與其他物質類似結合者,科威特,出口總值(含復出口),27,4660
2018-4,39209991,其他塑膠板、片及扁條，非多孔性及未經以其他物質加強、積層、支持或與其他物質類似結合者,美國,出口總值(含復出口),232,2289
2018-4,39209991,其他塑膠板、片及扁條，非多孔性及未經以其他物質加強、積層、支持或與其他物質類似結合者,英國,出口總值(含復出口),1,17
2018-4,39209991,其他塑膠板、片及扁條，非多孔性及未經以其他物質加強、積層、支持或與其他物質類似結合者,香港,出口總值(含復出口),19,2101
2018-4,39209991,其他塑膠板、片及扁條，非多孔性及未經以其他物質加強、積層、支持或與其他物質類似結合者,泰國,出口總值(含復出口),18,3081
2018-4,39209991,其他塑膠板、片及扁條，非多孔性及未經以其他物質加強、積層、支持或與其他物質類似結合者,馬來西亞,出口總值(含復出口),42,15029
2018-4,39209991,其他塑膠板、片及扁條，非多孔性及未經以其他物質加強、積層、支持或與其他物質類似結合者,荷蘭,出口總值(含復出口),1,10
2018-4,39209991,其他塑膠板、片及扁條，非多孔性及未經以其他物質加強、積層、支持或與其他物質類似結合者,菲律賓,出口總值(含復出口),0,21
2018-4,39209991,其他塑膠板、片及扁條，非多孔性及未經以其他物質加強、積層、支持或與其他物質類似結合者,越南,出口總值(含復出口),20,3155
2018-4,39209991,其他塑膠板、片及扁條，非多孔性及未經以其他物質加強、積層、支持或與其他物質類似結合者,新加坡,出口總值(含復出口),4,590
2018-4,39209991,其他塑膠板、片及扁條，非多孔性及未經以其他物質加強、積層、支持或與其他物質類似結合者,義大利,出口總值(含復出口),37,2106
2018-4,39209991,其他塑膠板、片及扁條，非多孔性及未經以其他物質加強、積層、支持或與其他物質類似結合者,德國,出口總值(含復出口),4,149
2018-4,39209991,其他塑膠板、片及扁條，非多孔性及未經以其他物質加強、積層、支持或與其他物質類似結合者,緬甸,出口總值(含復出口),3,1533
2018-4,39209991,其他塑膠板、片及扁條，非多孔性及未經以其他物質加強、積層、支持或與其他物質類似結合者,澳大利亞,出口總值(含復出口),10,2555
2018-5,39199020,供製造半導體晶圓用之自黏性圓形研磨墊，屬塑膠製品者,中國大陸,進口總值(含復進口),8,36
2018-5,39199020,供製造半導體晶圓用之自黏性圓形研磨墊，屬塑膠製品者,日本,進口總值(含復進口),46,63
2018-5,39199020,供製造半導體晶圓用之自黏性圓形研磨墊，屬塑膠製品者,美國,進口總值(含復進口),1125,5018
2018-5,39199020,供製造半導體晶圓用之自黏性圓形研磨墊，屬塑膠製品者,義大利,進口總值(含復進口),12,15
2018-5,39199020,供製造半導體晶圓用之自黏性圓形研磨墊，屬塑膠製品者,中國大陸,出口總值(含復出口),7185,15068
2018-5,39199020,供製造半導體晶圓用之自黏性圓形研磨墊，屬塑膠製品者,日本,出口總值(含復出口),153,284
2018-5,39199020,供製造半導體晶圓用之自黏性圓形研磨墊，屬塑膠製品者,南韓,出口總值(含復出口),15784,40616
2018-5,39199020,供製造半導體晶圓用之自黏性圓形研磨墊，屬塑膠製品者,美國,出口總值(含復出口),520,1380
2018-5,39199020,供製造半導體晶圓用之自黏性圓形研磨墊，屬塑膠製品者,馬來西亞,出口總值(含復出口),135,140
2018-5,39199020,供製造半導體晶圓用之自黏性圓形研磨墊，屬塑膠製品者,新加坡,出口總值(含復出口),1607,3272
2018-5,39201010,聚乙烯塑膠板、片及扁條,中國大陸,進口總值(含復進口),662,315799
2018-5,39201010,聚乙烯塑膠板、片及扁條,中華民國,進口總值(含復進口),1,4416
2018-5,39201010,聚乙烯塑膠板、片及扁條,日本,進口總值(含復進口),227,42312
2018-5,39201010,聚乙烯塑膠板、片及扁條,比利時,進口總值(含復進口),13,1099
2018-5,39201010,聚乙烯塑膠板、片及扁條,印度,進口總值(含復進口),4,1113
2018-5,39201010,聚乙烯塑膠板、片及扁條,法國,進口總值(含復進口),1,1
2018-5,39201010,聚乙烯塑膠板、片及扁條,南韓,進口總值(含復進口),52,9690
2018-5,39201010,聚乙烯塑膠板、片及扁條,美國,進口總值(含復進口),35,2004
2018-5,39201010,聚乙烯塑膠板、片及扁條,英國,進口總值(含復進口),0,11
2018-5,39201010,聚乙烯塑膠板、片及扁條,泰國,進口總值(含復進口),22,5135
2018-5,39201010,聚乙烯塑膠板、片及扁條,馬來西亞,進口總值(含復進口),11,6072
2018-5,39201010,聚乙烯塑膠板、片及扁條,奧地利,進口總值(含復進口),28,4600
2018-5,39201010,聚乙烯塑膠板、片及扁條,瑞士,進口總值(含復進口),3,98
2018-5,39201010,聚乙烯塑膠板、片及扁條,義大利,進口總值(含復進口),53,11799
2018-5,39201010,聚乙烯塑膠板、片及扁條,德國,進口總值(含復進口),143,34024
2018-5,39201010,聚乙烯塑膠板、片及扁條,中國大陸,出口總值(含復出口),1014,265320
2018-5,39201010,聚乙烯塑膠板、片及扁條,巴布亞紐幾內亞,出口總值(含復出口),1,123
2018-5,39201010,聚乙烯塑膠板、片及扁條,巴基斯坦,出口總值(含復出口),42,26793
2018-5,39201010,聚乙烯塑膠板、片及扁條,日本,出口總值(含復出口),265,68190
2018-5,39201010,聚乙烯塑膠板、片及扁條,比利時,出口總值(含復出口),2,110
2018-5,39201010,聚乙烯塑膠板、片及扁條,加拿大,出口總值(含復出口),39,3689
2018-5,39201010,聚乙烯塑膠板、片及扁條,伊朗,出口總值(含復出口),4,476
2018-5,39201010,聚乙烯塑膠板、片及扁條,印尼,出口總值(含復出口),17,50920
2018-5,39201010,聚乙烯塑膠板、片及扁條,印度,出口總值(含復出口),131,44177
2018-5,39201010,聚乙烯塑膠板、片及扁條,波蘭,出口總值(含復出口),17,166
2018-5,39201010,聚乙烯塑膠板、片及扁條,阿拉伯聯合大公國,出口總值(含復出口),34,5198
2018-5,39201010,聚乙烯塑膠板、片及扁條,俄羅斯,出口總值(含復出口),3,128
2018-5,39201010,聚乙烯塑膠板、片及扁條,南韓,出口總值(含復出口),28,3831
2018-5,39201010,聚乙烯塑膠板、片及扁條,柬埔寨,出口總值(含復出口),1,288
2018-5,39201010,聚乙烯塑膠板、片及扁條,美國,出口總值(含復出口),340,121125
2018-5,39201010,聚乙烯塑膠板、片及扁條,香港,出口總值(含復出口),98,33170
2018-5,39201010,聚乙烯塑膠板、片及扁條,泰國,出口總值(含復出口),451,130566
2018-5,39201010,聚乙烯塑膠板、片及扁條,紐西蘭,出口總值(含復出口),5,834
2018-5,39201010,聚乙烯塑膠板、片及扁條,馬來西亞,出口總值(含復出口),73,10040
2018-5,39201010,聚乙烯塑膠板、片及扁條,荷蘭,出口總值(含復出口),19,1566
2018-5,39201010,聚乙烯塑膠板、片及扁條,斐濟,出口總值(含復出口),1,554
2018-5,39201010,聚乙烯塑膠板、片及扁條,菲律賓,出口總值(含復出口),65,46215
2018-5,39201010,聚乙烯塑膠板、片及扁條,越南,出口總值(含復出口),26,6115
2018-5,39201010,聚乙烯塑膠板、片及扁條,新加坡,出口總值(含復出口),23,11088
2018-5,39201010,聚乙烯塑膠板、片及扁條,墨西哥,出口總值(含復出口),5,19
2018-5,39202021,電容器用金屬化聚丙烯薄膜，留有未鍍邊，總寬度不超過１００公厘，總厚度在０．０１５公厘以上，０．０２５公厘以下者,中國大陸,進口總值(含復進口),44,1550
2018-5,39202021,電容器用金屬化聚丙烯薄膜，留有未鍍邊，總寬度不超過１００公厘，總厚度在０．０１５公厘以上，０．０２５公厘以下者,南韓,進口總值(含復進口),1,209
2018-5,39202021,電容器用金屬化聚丙烯薄膜，留有未鍍邊，總寬度不超過１００公厘，總厚度在０．０１５公厘以上，０．０２５公厘以下者,土耳其,出口總值(含復出口),6,267
2018-5,39202021,電容器用金屬化聚丙烯薄膜，留有未鍍邊，總寬度不超過１００公厘，總厚度在０．０１５公厘以上，０．０２５公厘以下者,中國大陸,出口總值(含復出口),106,25445
2018-5,39205110,聚甲基丙烯酸甲酯板、片及扁條,中國大陸,進口總值(含復進口),251,61447
2018-5,39205110,聚甲基丙烯酸甲酯板、片及扁條,日本,進口總值(含復進口),205,38670
2018-5,39205110,聚甲基丙烯酸甲酯板、片及扁條,南韓,進口總值(含復進口),1646,625127
2018-5,39205110,聚甲基丙烯酸甲酯板、片及扁條,美國,進口總值(含復進口),73,17623
2018-5,39205110,聚甲基丙烯酸甲酯板、片及扁條,中國大陸,出口總值(含復出口),11279,3274488
2018-5,39205110,聚甲基丙烯酸甲酯板、片及扁條,巴西,出口總值(含復出口),189,51362
2018-5,39205110,聚甲基丙烯酸甲酯板、片及扁條,巴拿馬,出口總值(含復出口),28,7581
2018-5,39205110,聚甲基丙烯酸甲酯板、片及扁條,日本,出口總值(含復出口),540,110748
2018-5,39205110,聚甲基丙烯酸甲酯板、片及扁條,加拿大,出口總值(含復出口),0,0
2018-5,39205110,聚甲基丙烯酸甲酯板、片及扁條,卡達,出口總值(含復出口),120,33306
2018-5,39205110,聚甲基丙烯酸甲酯板、片及扁條,伊朗,出口總值(含復出口),934,264151
2018-5,39205110,聚甲基丙烯酸甲酯板、片及扁條,印度,出口總值(含復出口),262,129267
2018-5,39205110,聚甲基丙烯酸甲酯板、片及扁條,沙烏地阿拉伯,出口總值(含復出口),428,119111
2018-5,39205110,聚甲基丙烯酸甲酯板、片及扁條,汶萊,出口總值(含復出口),23,4423
2018-5,39205110,聚甲基丙烯酸甲酯板、片及扁條,芬蘭,出口總值(含復出口),152,40305
2018-5,39205110,聚甲基丙烯酸甲酯板、片及扁條,阿拉伯聯合大公國,出口總值(含復出口),681,188651
2018-5,39205110,聚甲基丙烯酸甲酯板、片及扁條,阿曼,出口總值(含復出口),59,16778
2018-5,39205110,聚甲基丙烯酸甲酯板、片及扁條,南非,出口總值(含復出口),109,24555
2018-5,39205110,聚甲基丙烯酸甲酯板、片及扁條,南韓,出口總值(含復出口),5100,1451585
2018-5,39205110,聚甲基丙烯酸甲酯板、片及扁條,科威特,出口總值(含復出口),162,38477
2018-5,39205110,聚甲基丙烯酸甲酯板、片及扁條,美國,出口總值(含復出口),3161,854119
2018-5,39205110,聚甲基丙烯酸甲酯板、片及扁條,英國,出口總值(含復出口),117,19339
2018-5,39205110,聚甲基丙烯酸甲酯板、片及扁條,香港,出口總值(含復出口),604,219896
2018-5,39205110,聚甲基丙烯酸甲酯板、片及扁條,哥斯大黎加,出口總值(含復出口),48,13043
2018-5,39205110,聚甲基丙烯酸甲酯板、片及扁條,敘利亞,出口總值(含復出口),149,40475
2018-5,39205110,聚甲基丙烯酸甲酯板、片及扁條,智利,出口總值(含復出口),18,4389
2018-5,39205110,聚甲基丙烯酸甲酯板、片及扁條,越南,出口總值(含復出口),1922,545460
2018-5,39205110,聚甲基丙烯酸甲酯板、片及扁條,新加坡,出口總值(含復出口),296,77494
2018-5,39205110,聚甲基丙烯酸甲酯板、片及扁條,德國,出口總值(含復出口),9,1180
2018-5,39205110,聚甲基丙烯酸甲酯板、片及扁條,澳大利亞,出口總值(含復出口),319,94883
2018-5,39206210,聚對苯二甲酸乙二酯製板、片及扁條,中國大陸,進口總值(含復進口),367,223964
2018-5,39206210,聚對苯二甲酸乙二酯製板、片及扁條,日本,進口總值(含復進口),83,6786
2018-5,39206210,聚對苯二甲酸乙二酯製板、片及扁條,南韓,進口總值(含復進口),1121,359504
2018-5,39206210,聚對苯二甲酸乙二酯製板、片及扁條,美國,進口總值(含復進口),35,10182
2018-5,39206210,聚對苯二甲酸乙二酯製板、片及扁條,泰國,進口總值(含復進口),27,19368
2018-5,39206210,聚對苯二甲酸乙二酯製板、片及扁條,德國,進口總值(含復進口),1,215
2018-5,39206210,聚對苯二甲酸乙二酯製板、片及扁條,中國大陸,出口總值(含復出口),9044,1511767
2018-5,39206210,聚對苯二甲酸乙二酯製板、片及扁條,日本,出口總值(含復出口),1219,761570
2018-5,39206210,聚對苯二甲酸乙二酯製板、片及扁條,加拿大,出口總值(含復出口),84,62291
2018-5,39206210,聚對苯二甲酸乙二酯製板、片及扁條,伊朗,出口總值(含復出口),7,690
2018-5,39206210,聚對苯二甲酸乙二酯製板、片及扁條,匈牙利,出口總值(含復出口),3,1920
2018-5,39206210,聚對苯二甲酸乙二酯製板、片及扁條,印尼,出口總值(含復出口),370,253560
2018-5,39206210,聚對苯二甲酸乙二酯製板、片及扁條,印度,出口總值(含復出口),102,70231
2018-5,39206210,聚對苯二甲酸乙二酯製板、片及扁條,波蘭,出口總值(含復出口),7,834
2018-5,39206210,聚對苯二甲酸乙二酯製板、片及扁條,法屬玻里尼西亞,出口總值(含復出口),6,3840
2018-5,39206210,聚對苯二甲酸乙二酯製板、片及扁條,阿拉伯聯合大公國,出口總值(含復出口),12,9211
2018-5,39206210,聚對苯二甲酸乙二酯製板、片及扁條,俄羅斯,出口總值(含復出口),46,21600
2018-5,39206210,聚對苯二甲酸乙二酯製板、片及扁條,南韓,出口總值(含復出口),51,30061
2018-5,39206210,聚對苯二甲酸乙二酯製板、片及扁條,美國,出口總值(含復出口),1011,664710
2018-5,39206210,聚對苯二甲酸乙二酯製板、片及扁條,香港,出口總值(含復出口),909,85450
2018-5,39206210,聚對苯二甲酸乙二酯製板、片及扁條,泰國,出口總值(含復出口),62,37850
2018-5,39206210,聚對苯二甲酸乙二酯製板、片及扁條,紐西蘭,出口總值(含復出口),266,197904
2018-5,39206210,聚對苯二甲酸乙二酯製板、片及扁條,馬來西亞,出口總值(含復出口),577,239069
2018-5,39206210,聚對苯二甲酸乙二酯製板、片及扁條,荷蘭,出口總值(含復出口),148,90928
2018-5,39206210,聚對苯二甲酸乙二酯製板、片及扁條,斯里蘭卡,出口總值(含復出口),6,4200
2018-5,39206210,聚對苯二甲酸乙二酯製板、片及扁條,菲律賓,出口總值(含復出口),158,70245
2018-5,39206210,聚對苯二甲酸乙二酯製板、片及扁條,越南,出口總值(含復出口),27,12473
2018-5,39206210,聚對苯二甲酸乙二酯製板、片及扁條,新加坡,出口總值(含復出口),180,104038
2018-5,39206210,聚對苯二甲酸乙二酯製板、片及扁條,德國,出口總值(含復出口),3,1560
2018-5,39206210,聚對苯二甲酸乙二酯製板、片及扁條,墨西哥,出口總值(含復出口),28,21120
2018-5,39206210,聚對苯二甲酸乙二酯製板、片及扁條,澳大利亞,出口總值(含復出口),629,398586
2018-5,39209991,其他塑膠板、片及扁條，非多孔性及未經以其他物質加強、積層、支持或與其他物質類似結合者,中國大陸,進口總值(含復進口),529,88627
2018-5,39209991,其他塑膠板、片及扁條，非多孔性及未經以其他物質加強、積層、支持或與其他物質類似結合者,日本,進口總值(含復進口),233,24438
2018-5,39209991,其他塑膠板、片及扁條，非多孔性及未經以其他物質加強、積層、支持或與其他物質類似結合者,加拿大,進口總值(含復進口),1,13
2018-5,39209991,其他塑膠板、片及扁條，非多孔性及未經以其他物質加強、積層、支持或與其他物質類似結合者,南韓,進口總值(含復進口),418,123875
2018-5,39209991,其他塑膠板、片及扁條，非多孔性及未經以其他物質加強、積層、支持或與其他物質類似結合者,美國,進口總值(含復進口),578,6077
2018-5,39209991,其他塑膠板、片及扁條，非多孔性及未經以其他物質加強、積層、支持或與其他物質類似結合者,英國,進口總值(含復進口),14,2
2018-5,39209991,其他塑膠板、片及扁條，非多孔性及未經以其他物質加強、積層、支持或與其他物質類似結合者,奧地利,進口總值(含復進口),65,1996
2018-5,39209991,其他塑膠板、片及扁條，非多孔性及未經以其他物質加強、積層、支持或與其他物質類似結合者,瑞典,進口總值(含復進口),7,1040
2018-5,39209991,其他塑膠板、片及扁條，非多孔性及未經以其他物質加強、積層、支持或與其他物質類似結合者,義大利,進口總值(含復進口),23,881
2018-5,39209991,其他塑膠板、片及扁條，非多孔性及未經以其他物質加強、積層、支持或與其他物質類似結合者,德國,進口總值(含復進口),62,1578
2018-5,39209991,其他塑膠板、片及扁條，非多孔性及未經以其他物質加強、積層、支持或與其他物質類似結合者,中國大陸,出口總值(含復出口),2914,351090
2018-5,39209991,其他塑膠板、片及扁條，非多孔性及未經以其他物質加強、積層、支持或與其他物質類似結合者,厄瓜多,出口總值(含復出口),0,10
2018-5,39209991,其他塑膠板、片及扁條，非多孔性及未經以其他物質加強、積層、支持或與其他物質類似結合者,巴西,出口總值(含復出口),11,892
2018-5,39209991,其他塑膠板、片及扁條，非多孔性及未經以其他物質加強、積層、支持或與其他物質類似結合者,日本,出口總值(含復出口),86,2171
2018-5,39209991,其他塑膠板、片及扁條，非多孔性及未經以其他物質加強、積層、支持或與其他物質類似結合者,阿曼,出口總值(含復出口),0,6
2018-5,39209991,其他塑膠板、片及扁條，非多孔性及未經以其他物質加強、積層、支持或與其他物質類似結合者,科威特,出口總值(含復出口),16,8876
2018-5,39209991,其他塑膠板、片及扁條，非多孔性及未經以其他物質加強、積層、支持或與其他物質類似結合者,美國,出口總值(含復出口),54,3587
2018-5,39209991,其他塑膠板、片及扁條，非多孔性及未經以其他物質加強、積層、支持或與其他物質類似結合者,香港,出口總值(含復出口),41,5221
2018-5,39209991,其他塑膠板、片及扁條，非多孔性及未經以其他物質加強、積層、支持或與其他物質類似結合者,泰國,出口總值(含復出口),22,3643
2018-5,39209991,其他塑膠板、片及扁條，非多孔性及未經以其他物質加強、積層、支持或與其他物質類似結合者,秘魯,出口總值(含復出口),13,266
2018-5,39209991,其他塑膠板、片及扁條，非多孔性及未經以其他物質加強、積層、支持或與其他物質類似結合者,馬來西亞,出口總值(含復出口),110,30429
2018-5,39209991,其他塑膠板、片及扁條，非多孔性及未經以其他物質加強、積層、支持或與其他物質類似結合者,斐濟,出口總值(含復出口),0,213
2018-5,39209991,其他塑膠板、片及扁條，非多孔性及未經以其他物質加強、積層、支持或與其他物質類似結合者,菲律賓,出口總值(含復出口),59,10524
2018-5,39209991,其他塑膠板、片及扁條，非多孔性及未經以其他物質加強、積層、支持或與其他物質類似結合者,越南,出口總值(含復出口),19,4160
2018-5,39209991,其他塑膠板、片及扁條，非多孔性及未經以其他物質加強、積層、支持或與其他物質類似結合者,新加坡,出口總值(含復出口),7,405
2018-5,39209991,其他塑膠板、片及扁條，非多孔性及未經以其他物質加強、積層、支持或與其他物質類似結合者,德國,出口總值(含復出口),59,8950
2018-5,39209991,其他塑膠板、片及扁條，非多孔性及未經以其他物質加強、積層、支持或與其他物質類似結合者,緬甸,出口總值(含復出口),0,12
2018-5,39209991,其他塑膠板、片及扁條，非多孔性及未經以其他物質加強、積層、支持或與其他物質類似結合者,澳大利亞,出口總值(含復出口),12,8196
2018-6,39199020,供製造半導體晶圓用之自黏性圓形研磨墊，屬塑膠製品者,中國大陸,進口總值(含復進口),0,1
2018-6,39199020,供製造半導體晶圓用之自黏性圓形研磨墊，屬塑膠製品者,中華民國,進口總值(含復進口),97,241
2018-6,39199020,供製造半導體晶圓用之自黏性圓形研磨墊，屬塑膠製品者,日本,進口總值(含復進口),137,2617
2018-6,39199020,供製造半導體晶圓用之自黏性圓形研磨墊，屬塑膠製品者,南韓,進口總值(含復進口),13,21
2018-6,39199020,供製造半導體晶圓用之自黏性圓形研磨墊，屬塑膠製品者,美國,進口總值(含復進口),793,2704
2018-6,39199020,供製造半導體晶圓用之自黏性圓形研磨墊，屬塑膠製品者,中國大陸,出口總值(含復出口),5298,10792
2018-6,39199020,供製造半導體晶圓用之自黏性圓形研磨墊，屬塑膠製品者,日本,出口總值(含復出口),117,267
2018-6,39199020,供製造半導體晶圓用之自黏性圓形研磨墊，屬塑膠製品者,阿根廷,出口總值(含復出口),8,590
2018-6,39199020,供製造半導體晶圓用之自黏性圓形研磨墊，屬塑膠製品者,南韓,出口總值(含復出口),14520,37001
2018-6,39199020,供製造半導體晶圓用之自黏性圓形研磨墊，屬塑膠製品者,美國,出口總值(含復出口),903,2458
2018-6,39199020,供製造半導體晶圓用之自黏性圓形研磨墊，屬塑膠製品者,馬來西亞,出口總值(含復出口),308,276
2018-6,39199020,供製造半導體晶圓用之自黏性圓形研磨墊，屬塑膠製品者,新加坡,出口總值(含復出口),1327,2845
2018-6,39201010,聚乙烯塑膠板、片及扁條,中國大陸,進口總值(含復進口),549,172897
2018-6,39201010,聚乙烯塑膠板、片及扁條,中華民國,進口總值(含復進口),0,1056
2018-6,39201010,聚乙烯塑膠板、片及扁條,日本,進口總值(含復進口),316,39112
2018-6,39201010,聚乙烯塑膠板、片及扁條,印度,進口總值(含復進口),5,1590
2018-6,39201010,聚乙烯塑膠板、片及扁條,西班牙,進口總值(含復進口),4,384
2018-6,39201010,聚乙烯塑膠板、片及扁條,南韓,進口總值(含復進口),20,3769
2018-6,39201010,聚乙烯塑膠板、片及扁條,美國,進口總值(含復進口),177,7411
2018-6,39201010,聚乙烯塑膠板、片及扁條,泰國,進口總值(含復進口),4,560
2018-6,39201010,聚乙烯塑膠板、片及扁條,馬來西亞,進口總值(含復進口),2,100
2018-6,39201010,聚乙烯塑膠板、片及扁條,奧地利,進口總值(含復進口),8,1020
2018-6,39201010,聚乙烯塑膠板、片及扁條,新加坡,進口總值(含復進口),0,65
2018-6,39201010,聚乙烯塑膠板、片及扁條,義大利,進口總值(含復進口),28,13344
2018-6,39201010,聚乙烯塑膠板、片及扁條,德國,進口總值(含復進口),20,998
2018-6,39201010,聚乙烯塑膠板、片及扁條,中國大陸,出口總值(含復出口),936,242709
2018-6,39201010,聚乙烯塑膠板、片及扁條,日本,出口總值(含復出口),375,61494
2018-6,39201010,聚乙烯塑膠板、片及扁條,牙買加,出口總值(含復出口),16,4854
2018-6,39201010,聚乙烯塑膠板、片及扁條,印尼,出口總值(含復出口),36,78756
2018-6,39201010,聚乙烯塑膠板、片及扁條,波蘭,出口總值(含復出口),4,2216
2018-6,39201010,聚乙烯塑膠板、片及扁條,法國,出口總值(含復出口),0,68
2018-6,39201010,聚乙烯塑膠板、片及扁條,俄羅斯,出口總值(含復出口),3,130
2018-6,39201010,聚乙烯塑膠板、片及扁條,南韓,出口總值(含復出口),4,131
2018-6,39201010,聚乙烯塑膠板、片及扁條,柬埔寨,出口總值(含復出口),4,2274
2018-6,39201010,聚乙烯塑膠板、片及扁條,科威特,出口總值(含復出口),1,32
2018-6,39201010,聚乙烯塑膠板、片及扁條,約旦,出口總值(含復出口),1,162
2018-6,39201010,聚乙烯塑膠板、片及扁條,美國,出口總值(含復出口),166,66373
2018-6,39201010,聚乙烯塑膠板、片及扁條,英國,出口總值(含復出口),2,10
2018-6,39201010,聚乙烯塑膠板、片及扁條,香港,出口總值(含復出口),62,20089
2018-6,39201010,聚乙烯塑膠板、片及扁條,泰國,出口總值(含復出口),232,69232
2018-6,39201010,聚乙烯塑膠板、片及扁條,馬來西亞,出口總值(含復出口),154,33116
2018-6,39201010,聚乙烯塑膠板、片及扁條,菲律賓,出口總值(含復出口),152,84286
2018-6,39201010,聚乙烯塑膠板、片及扁條,越南,出口總值(含復出口),43,11408
2018-6,39201010,聚乙烯塑膠板、片及扁條,新加坡,出口總值(含復出口),7,6627
2018-6,39201010,聚乙烯塑膠板、片及扁條,德國,出口總值(含復出口),35,13394
2018-6,39201010,聚乙烯塑膠板、片及扁條,墨西哥,出口總值(含復出口),4,30
2018-6,39201010,聚乙烯塑膠板、片及扁條,澳大利亞,出口總值(含復出口),25,4981
2018-6,39202021,電容器用金屬化聚丙烯薄膜，留有未鍍邊，總寬度不超過１００公厘，總厚度在０．０１５公厘以上，０．０２５公厘以下者,中國大陸,進口總值(含復進口),110,6106
2018-6,39202021,電容器用金屬化聚丙烯薄膜，留有未鍍邊，總寬度不超過１００公厘，總厚度在０．０１５公厘以上，０．０２５公厘以下者,南韓,進口總值(含復進口),40,3161
2018-6,39202021,電容器用金屬化聚丙烯薄膜，留有未鍍邊，總寬度不超過１００公厘，總厚度在０．０１５公厘以上，０．０２５公厘以下者,土耳其,出口總值(含復出口),2,112
2018-6,39202021,電容器用金屬化聚丙烯薄膜，留有未鍍邊，總寬度不超過１００公厘，總厚度在０．０１５公厘以上，０．０２５公厘以下者,中國大陸,出口總值(含復出口),70,27000
2018-6,39202021,電容器用金屬化聚丙烯薄膜，留有未鍍邊，總寬度不超過１００公厘，總厚度在０．０１５公厘以上，０．０２５公厘以下者,越南,出口總值(含復出口),17,8600
2018-6,39205110,聚甲基丙烯酸甲酯板、片及扁條,中國大陸,進口總值(含復進口),314,52599
2018-6,39205110,聚甲基丙烯酸甲酯板、片及扁條,日本,進口總值(含復進口),234,58470
2018-6,39205110,聚甲基丙烯酸甲酯板、片及扁條,南韓,進口總值(含復進口),990,406269
2018-6,39205110,聚甲基丙烯酸甲酯板、片及扁條,美國,進口總值(含復進口),81,16863
2018-6,39205110,聚甲基丙烯酸甲酯板、片及扁條,德國,進口總值(含復進口),3,155
2018-6,39205110,聚甲基丙烯酸甲酯板、片及扁條,中國大陸,出口總值(含復出口),10497,3046071
2018-6,39205110,聚甲基丙烯酸甲酯板、片及扁條,巴西,出口總值(含復出口),305,72462
2018-6,39205110,聚甲基丙烯酸甲酯板、片及扁條,日本,出口總值(含復出口),343,77352
2018-6,39205110,聚甲基丙烯酸甲酯板、片及扁條,以色列,出口總值(含復出口),23,6131
2018-6,39205110,聚甲基丙烯酸甲酯板、片及扁條,卡達,出口總值(含復出口),145,40078
2018-6,39205110,聚甲基丙烯酸甲酯板、片及扁條,尼加拉瓜,出口總值(含復出口),130,37311
2018-6,39205110,聚甲基丙烯酸甲酯板、片及扁條,伊朗,出口總值(含復出口),1095,307908
2018-6,39205110,聚甲基丙烯酸甲酯板、片及扁條,印度,出口總值(含復出口),379,142528
2018-6,39205110,聚甲基丙烯酸甲酯板、片及扁條,多明尼加,出口總值(含復出口),66,16409
2018-6,39205110,聚甲基丙烯酸甲酯板、片及扁條,沙烏地阿拉伯,出口總值(含復出口),360,98031
2018-6,39205110,聚甲基丙烯酸甲酯板、片及扁條,坦尚尼亞,出口總值(含復出口),61,16835
2018-6,39205110,聚甲基丙烯酸甲酯板、片及扁條,奈及利亞,出口總值(含復出口),27,11507
2018-6,39205110,聚甲基丙烯酸甲酯板、片及扁條,芬蘭,出口總值(含復出口),101,26565
2018-6,39205110,聚甲基丙烯酸甲酯板、片及扁條,阿拉伯聯合大公國,出口總值(含復出口),928,253425
2018-6,39205110,聚甲基丙烯酸甲酯板、片及扁條,阿曼,出口總值(含復出口),57,15858
2018-6,39205110,聚甲基丙烯酸甲酯板、片及扁條,南非,出口總值(含復出口),103,23059
2018-6,39205110,聚甲基丙烯酸甲酯板、片及扁條,南韓,出口總值(含復出口),4975,1378764
2018-6,39205110,聚甲基丙烯酸甲酯板、片及扁條,柬埔寨,出口總值(含復出口),2,25
2018-6,39205110,聚甲基丙烯酸甲酯板、片及扁條,科威特,出口總值(含復出口),125,34015
2018-6,39205110,聚甲基丙烯酸甲酯板、片及扁條,約旦,出口總值(含復出口),96,25582
2018-6,39205110,聚甲基丙烯酸甲酯板、片及扁條,美國,出口總值(含復出口),2086,564569
2018-6,39205110,聚甲基丙烯酸甲酯板、片及扁條,香港,出口總值(含復出口),456,117173
2018-6,39205110,聚甲基丙烯酸甲酯板、片及扁條,哥斯大黎加,出口總值(含復出口),63,17121
2018-6,39205110,聚甲基丙烯酸甲酯板、片及扁條,秘魯,出口總值(含復出口),12,2868
2018-6,39205110,聚甲基丙烯酸甲酯板、片及扁條,紐西蘭,出口總值(含復出口),45,9563
2018-6,39205110,聚甲基丙烯酸甲酯板、片及扁條,馬來西亞,出口總值(含復出口),13,3393
2018-6,39205110,聚甲基丙烯酸甲酯板、片及扁條,捷克,出口總值(含復出口),12,2229
2018-6,39205110,聚甲基丙烯酸甲酯板、片及扁條,敘利亞,出口總值(含復出口),66,18910
2018-6,39205110,聚甲基丙烯酸甲酯板、片及扁條,斐濟,出口總值(含復出口),32,7864
2018-6,39205110,聚甲基丙烯酸甲酯板、片及扁條,菲律賓,出口總值(含復出口),54,15240
2018-6,39205110,聚甲基丙烯酸甲酯板、片及扁條,越南,出口總值(含復出口),2963,833681
2018-6,39205110,聚甲基丙烯酸甲酯板、片及扁條,新加坡,出口總值(含復出口),391,111040
2018-6,39205110,聚甲基丙烯酸甲酯板、片及扁條,德國,出口總值(含復出口),9,1290
2018-6,39205110,聚甲基丙烯酸甲酯板、片及扁條,黎巴嫩,出口總值(含復出口),74,18910
2018-6,39205110,聚甲基丙烯酸甲酯板、片及扁條,墨西哥,出口總值(含復出口),62,16664
2018-6,39205110,聚甲基丙烯酸甲酯板、片及扁條,澳大利亞,出口總值(含復出口),478,140842
2018-6,39205110,聚甲基丙烯酸甲酯板、片及扁條,澳門,出口總值(含復出口),0,0
2018-6,39206210,聚對苯二甲酸乙二酯製板、片及扁條,中國大陸,進口總值(含復進口),356,157163
2018-6,39206210,聚對苯二甲酸乙二酯製板、片及扁條,中華民國,進口總值(含復進口),18,24920
2018-6,39206210,聚對苯二甲酸乙二酯製板、片及扁條,日本,進口總值(含復進口),109,30046
2018-6,39206210,聚對苯二甲酸乙二酯製板、片及扁條,印度,進口總值(含復進口),11,5033
2018-6,39206210,聚對苯二甲酸乙二酯製板、片及扁條,南韓,進口總值(含復進口),465,141367
2018-6,39206210,聚對苯二甲酸乙二酯製板、片及扁條,美國,進口總值(含復進口),0,0
2018-6,39206210,聚對苯二甲酸乙二酯製板、片及扁條,泰國,進口總值(含復進口),28,19802
2018-6,39206210,聚對苯二甲酸乙二酯製板、片及扁條,德國,進口總值(含復進口),0,2
2018-6,39206210,聚對苯二甲酸乙二酯製板、片及扁條,中國大陸,出口總值(含復出口),6436,1266848
2018-6,39206210,聚對苯二甲酸乙二酯製板、片及扁條,日本,出口總值(含復出口),1295,817586
2018-6,39206210,聚對苯二甲酸乙二酯製板、片及扁條,加拿大,出口總值(含復出口),2,907
2018-6,39206210,聚對苯二甲酸乙二酯製板、片及扁條,伊朗,出口總值(含復出口),4,352
2018-6,39206210,聚對苯二甲酸乙二酯製板、片及扁條,印尼,出口總值(含復出口),24,16500
2018-6,39206210,聚對苯二甲酸乙二酯製板、片及扁條,印度,出口總值(含復出口),321,177936
2018-6,39206210,聚對苯二甲酸乙二酯製板、片及扁條,多明尼加,出口總值(含復出口),27,17600
2018-6,39206210,聚對苯二甲酸乙二酯製板、片及扁條,南韓,出口總值(含復出口),3,27
2018-6,39206210,聚對苯二甲酸乙二酯製板、片及扁條,美國,出口總值(含復出口),794,492590
2018-6,39206210,聚對苯二甲酸乙二酯製板、片及扁條,香港,出口總值(含復出口),1126,86005
2018-6,39206210,聚對苯二甲酸乙二酯製板、片及扁條,泰國,出口總值(含復出口),120,66830
2018-6,39206210,聚對苯二甲酸乙二酯製板、片及扁條,紐西蘭,出口總值(含復出口),329,246111
2018-6,39206210,聚對苯二甲酸乙二酯製板、片及扁條,馬來西亞,出口總值(含復出口),593,254893
2018-6,39206210,聚對苯二甲酸乙二酯製板、片及扁條,荷蘭,出口總值(含復出口),76,57023
2018-6,39206210,聚對苯二甲酸乙二酯製板、片及扁條,斯里蘭卡,出口總值(含復出口),32,19150
2018-6,39206210,聚對苯二甲酸乙二酯製板、片及扁條,菲律賓,出口總值(含復出口),211,95561
2018-6,39206210,聚對苯二甲酸乙二酯製板、片及扁條,新加坡,出口總值(含復出口),127,70831
2018-6,39206210,聚對苯二甲酸乙二酯製板、片及扁條,緬甸,出口總值(含復出口),3,25890
2018-6,39206210,聚對苯二甲酸乙二酯製板、片及扁條,墨西哥,出口總值(含復出口),47,34880
2018-6,39206210,聚對苯二甲酸乙二酯製板、片及扁條,澳大利亞,出口總值(含復出口),1011,648393
2018-6,39209991,其他塑膠板、片及扁條，非多孔性及未經以其他物質加強、積層、支持或與其他物質類似結合者,中國大陸,進口總值(含復進口),450,110117
2018-6,39209991,其他塑膠板、片及扁條，非多孔性及未經以其他物質加強、積層、支持或與其他物質類似結合者,中華民國,進口總值(含復進口),5,70
2018-6,39209991,其他塑膠板、片及扁條，非多孔性及未經以其他物質加強、積層、支持或與其他物質類似結合者,日本,進口總值(含復進口),151,20145
2018-6,39209991,其他塑膠板、片及扁條，非多孔性及未經以其他物質加強、積層、支持或與其他物質類似結合者,加拿大,進口總值(含復進口),1,25
2018-6,39209991,其他塑膠板、片及扁條，非多孔性及未經以其他物質加強、積層、支持或與其他物質類似結合者,南韓,進口總值(含復進口),271,86875
2018-6,39209991,其他塑膠板、片及扁條，非多孔性及未經以其他物質加強、積層、支持或與其他物質類似結合者,美國,進口總值(含復進口),338,6040
2018-6,39209991,其他塑膠板、片及扁條，非多孔性及未經以其他物質加強、積層、支持或與其他物質類似結合者,英國,進口總值(含復進口),14,2
2018-6,39209991,其他塑膠板、片及扁條，非多孔性及未經以其他物質加強、積層、支持或與其他物質類似結合者,泰國,進口總值(含復進口),2,10
2018-6,39209991,其他塑膠板、片及扁條，非多孔性及未經以其他物質加強、積層、支持或與其他物質類似結合者,馬來西亞,進口總值(含復進口),24,9048
2018-6,39209991,其他塑膠板、片及扁條，非多孔性及未經以其他物質加強、積層、支持或與其他物質類似結合者,捷克,進口總值(含復進口),5,1995
2018-6,39209991,其他塑膠板、片及扁條，非多孔性及未經以其他物質加強、積層、支持或與其他物質類似結合者,義大利,進口總值(含復進口),5,403
2018-6,39209991,其他塑膠板、片及扁條，非多孔性及未經以其他物質加強、積層、支持或與其他物質類似結合者,德國,進口總值(含復進口),159,4345
2018-6,39209991,其他塑膠板、片及扁條，非多孔性及未經以其他物質加強、積層、支持或與其他物質類似結合者,中國大陸,出口總值(含復出口),2732,350024
2018-6,39209991,其他塑膠板、片及扁條，非多孔性及未經以其他物質加強、積層、支持或與其他物質類似結合者,丹麥,出口總值(含復出口),5,145
2018-6,39209991,其他塑膠板、片及扁條，非多孔性及未經以其他物質加強、積層、支持或與其他物質類似結合者,厄瓜多,出口總值(含復出口),15,5972
2018-6,39209991,其他塑膠板、片及扁條，非多孔性及未經以其他物質加強、積層、支持或與其他物質類似結合者,日本,出口總值(含復出口),106,4550
2018-6,39209991,其他塑膠板、片及扁條，非多孔性及未經以其他物質加強、積層、支持或與其他物質類似結合者,比利時,出口總值(含復出口),2,52
2018-6,39209991,其他塑膠板、片及扁條，非多孔性及未經以其他物質加強、積層、支持或與其他物質類似結合者,印尼,出口總值(含復出口),1,9
2018-6,39209991,其他塑膠板、片及扁條，非多孔性及未經以其他物質加強、積層、支持或與其他物質類似結合者,印度,出口總值(含復出口),18,1421
2018-6,39209991,其他塑膠板、片及扁條，非多孔性及未經以其他物質加強、積層、支持或與其他物質類似結合者,阿根廷,出口總值(含復出口),1,57
2018-6,39209991,其他塑膠板、片及扁條，非多孔性及未經以其他物質加強、積層、支持或與其他物質類似結合者,科威特,出口總值(含復出口),212,49784
2018-6,39209991,其他塑膠板、片及扁條，非多孔性及未經以其他物質加強、積層、支持或與其他物質類似結合者,美國,出口總值(含復出口),291,12596
2018-6,39209991,其他塑膠板、片及扁條，非多孔性及未經以其他物質加強、積層、支持或與其他物質類似結合者,英國,出口總值(含復出口),1,25
2018-6,39209991,其他塑膠板、片及扁條，非多孔性及未經以其他物質加強、積層、支持或與其他物質類似結合者,香港,出口總值(含復出口),73,8137
2018-6,39209991,其他塑膠板、片及扁條，非多孔性及未經以其他物質加強、積層、支持或與其他物質類似結合者,埃及,出口總值(含復出口),3,1440
2018-6,39209991,其他塑膠板、片及扁條，非多孔性及未經以其他物質加強、積層、支持或與其他物質類似結合者,泰國,出口總值(含復出口),20,6582
2018-6,39209991,其他塑膠板、片及扁條，非多孔性及未經以其他物質加強、積層、支持或與其他物質類似結合者,馬來西亞,出口總值(含復出口),77,27117
2018-6,39209991,其他塑膠板、片及扁條，非多孔性及未經以其他物質加強、積層、支持或與其他物質類似結合者,象牙海岸,出口總值(含復出口),0,2
2018-6,39209991,其他塑膠板、片及扁條，非多孔性及未經以其他物質加強、積層、支持或與其他物質類似結合者,越南,出口總值(含復出口),15,5059
2018-6,39209991,其他塑膠板、片及扁條，非多孔性及未經以其他物質加強、積層、支持或與其他物質類似結合者,新加坡,出口總值(含復出口),15,421
2018-6,39209991,其他塑膠板、片及扁條，非多孔性及未經以其他物質加強、積層、支持或與其他物質類似結合者,義大利,出口總值(含復出口),41,3160
2018-6,39209991,其他塑膠板、片及扁條，非多孔性及未經以其他物質加強、積層、支持或與其他物質類似結合者,德國,出口總值(含復出口),7,160
2018-6,39209991,其他塑膠板、片及扁條，非多孔性及未經以其他物質加強、積層、支持或與其他物質類似結合者,緬甸,出口總值(含復出口),3,1590
2018-7,39199020,供製造半導體晶圓用之自黏性圓形研磨墊，屬塑膠製品者,日本,進口總值(含復進口),195,3715
2018-7,39199020,供製造半導體晶圓用之自黏性圓形研磨墊，屬塑膠製品者,加拿大,進口總值(含復進口),10,63
2018-7,39199020,供製造半導體晶圓用之自黏性圓形研磨墊，屬塑膠製品者,南韓,進口總值(含復進口),10,53
2018-7,39199020,供製造半導體晶圓用之自黏性圓形研磨墊，屬塑膠製品者,美國,進口總值(含復進口),1222,4969
2018-7,39199020,供製造半導體晶圓用之自黏性圓形研磨墊，屬塑膠製品者,中國大陸,出口總值(含復出口),5907,12231
2018-7,39199020,供製造半導體晶圓用之自黏性圓形研磨墊，屬塑膠製品者,日本,出口總值(含復出口),152,381
2018-7,39199020,供製造半導體晶圓用之自黏性圓形研磨墊，屬塑膠製品者,南韓,出口總值(含復出口),14658,36930
2018-7,39199020,供製造半導體晶圓用之自黏性圓形研磨墊，屬塑膠製品者,美國,出口總值(含復出口),662,1856
2018-7,39199020,供製造半導體晶圓用之自黏性圓形研磨墊，屬塑膠製品者,馬來西亞,出口總值(含復出口),264,254
2018-7,39199020,供製造半導體晶圓用之自黏性圓形研磨墊，屬塑膠製品者,新加坡,出口總值(含復出口),1545,3216
2018-7,39201010,聚乙烯塑膠板、片及扁條,中國大陸,進口總值(含復進口),470,174355
2018-7,39201010,聚乙烯塑膠板、片及扁條,中華民國,進口總值(含復進口),2,5714
2018-7,39201010,聚乙烯塑膠板、片及扁條,日本,進口總值(含復進口),186,16928
2018-7,39201010,聚乙烯塑膠板、片及扁條,加拿大,進口總值(含復進口),1,383
2018-7,39201010,聚乙烯塑膠板、片及扁條,印度,進口總值(含復進口),6,1749
2018-7,39201010,聚乙烯塑膠板、片及扁條,希臘,進口總值(含復進口),139,45069
2018-7,39201010,聚乙烯塑膠板、片及扁條,南韓,進口總值(含復進口),74,14610
2018-7,39201010,聚乙烯塑膠板、片及扁條,美國,進口總值(含復進口),64,2330
2018-7,39201010,聚乙烯塑膠板、片及扁條,泰國,進口總值(含復進口),3,444
2018-7,39201010,聚乙烯塑膠板、片及扁條,馬來西亞,進口總值(含復進口),17,8083
2018-7,39201010,聚乙烯塑膠板、片及扁條,瑞典,進口總值(含復進口),0,11
2018-7,39201010,聚乙烯塑膠板、片及扁條,德國,進口總值(含復進口),63,16546
2018-7,39201010,聚乙烯塑膠板、片及扁條,中國大陸,出口總值(含復出口),795,206776
2018-7,39201010,聚乙烯塑膠板、片及扁條,巴林,出口總值(含復出口),1,1100
2018-7,39201010,聚乙烯塑膠板、片及扁條,巴基斯坦,出口總值(含復出口),5,3300
2018-7,39201010,聚乙烯塑膠板、片及扁條,日本,出口總值(含復出口),412,115664
2018-7,39201010,聚乙烯塑膠板、片及扁條,加拿大,出口總值(含復出口),5,414
2018-7,39201010,聚乙烯塑膠板、片及扁條,印尼,出口總值(含復出口),40,103826
2018-7,39201010,聚乙烯塑膠板、片及扁條,印度,出口總值(含復出口),41,18718
2018-7,39201010,聚乙烯塑膠板、片及扁條,孟加拉,出口總值(含復出口),28,13500
2018-7,39201010,聚乙烯塑膠板、片及扁條,波蘭,出口總值(含復出口),4,34
2018-7,39201010,聚乙烯塑膠板、片及扁條,法國,出口總值(含復出口),0,2
2018-7,39201010,聚乙烯塑膠板、片及扁條,阿拉伯聯合大公國,出口總值(含復出口),47,21888
2018-7,39201010,聚乙烯塑膠板、片及扁條,俄羅斯,出口總值(含復出口),2,137
2018-7,39201010,聚乙烯塑膠板、片及扁條,南韓,出口總值(含復出口),15,1248
2018-7,39201010,聚乙烯塑膠板、片及扁條,柬埔寨,出口總值(含復出口),40,8613
2018-7,39201010,聚乙烯塑膠板、片及扁條,美國,出口總值(含復出口),109,36788
2018-7,39201010,聚乙烯塑膠板、片及扁條,香港,出口總值(含復出口),140,56724
2018-7,39201010,聚乙烯塑膠板、片及扁條,埃及,出口總值(含復出口),8,2810
2018-7,39201010,聚乙烯塑膠板、片及扁條,泰國,出口總值(含復出口),460,127840
2018-7,39201010,聚乙烯塑膠板、片及扁條,紐西蘭,出口總值(含復出口),3,102
2018-7,39201010,聚乙烯塑膠板、片及扁條,馬來西亞,出口總值(含復出口),208,57597
2018-7,39201010,聚乙烯塑膠板、片及扁條,斯里蘭卡,出口總值(含復出口),4,1512
2018-7,39201010,聚乙烯塑膠板、片及扁條,菲律賓,出口總值(含復出口),35,31223
2018-7,39201010,聚乙烯塑膠板、片及扁條,越南,出口總值(含復出口),18,6515
2018-7,39201010,聚乙烯塑膠板、片及扁條,新加坡,出口總值(含復出口),6,1089
2018-7,39201010,聚乙烯塑膠板、片及扁條,德國,出口總值(含復出口),2,5
2018-7,39201010,聚乙烯塑膠板、片及扁條,墨西哥,出口總值(含復出口),12,68
2018-7,39201010,聚乙烯塑膠板、片及扁條,賽普勒斯,出口總值(含復出口),0,47
2018-7,39202021,電容器用金屬化聚丙烯薄膜，留有未鍍邊，總寬度不超過１００公厘，總厚度在０．０１５公厘以上，０．０２５公厘以下者,中國大陸,進口總值(含復進口),30,1153
2018-7,39202021,電容器用金屬化聚丙烯薄膜，留有未鍍邊，總寬度不超過１００公厘，總厚度在０．０１５公厘以上，０．０２５公厘以下者,日本,進口總值(含復進口),2,220
2018-7,39202021,電容器用金屬化聚丙烯薄膜，留有未鍍邊，總寬度不超過１００公厘，總厚度在０．０１５公厘以上，０．０２５公厘以下者,南韓,進口總值(含復進口),8,600
2018-7,39202021,電容器用金屬化聚丙烯薄膜，留有未鍍邊，總寬度不超過１００公厘，總厚度在０．０１５公厘以上，０．０２５公厘以下者,中國大陸,出口總值(含復出口),6,3360
2018-7,39205110,聚甲基丙烯酸甲酯板、片及扁條,土耳其,進口總值(含復進口),4,105
2018-7,39205110,聚甲基丙烯酸甲酯板、片及扁條,中國大陸,進口總值(含復進口),307,12243
2018-7,39205110,聚甲基丙烯酸甲酯板、片及扁條,中華民國,進口總值(含復進口),31,8777
2018-7,39205110,聚甲基丙烯酸甲酯板、片及扁條,日本,進口總值(含復進口),405,62401
2018-7,39205110,聚甲基丙烯酸甲酯板、片及扁條,南韓,進口總值(含復進口),1191,486712
2018-7,39205110,聚甲基丙烯酸甲酯板、片及扁條,越南,進口總值(含復進口),166,44970
2018-7,39205110,聚甲基丙烯酸甲酯板、片及扁條,德國,進口總值(含復進口),14,1569
2018-7,39205110,聚甲基丙烯酸甲酯板、片及扁條,千里達及托巴哥,出口總值(含復出口),13,4158
2018-7,39205110,聚甲基丙烯酸甲酯板、片及扁條,中國大陸,出口總值(含復出口),14782,4258443
2018-7,39205110,聚甲基丙烯酸甲酯板、片及扁條,巴西,出口總值(含復出口),191,49689
2018-7,39205110,聚甲基丙烯酸甲酯板、片及扁條,日本,出口總值(含復出口),295,54928
2018-7,39205110,聚甲基丙烯酸甲酯板、片及扁條,加拿大,出口總值(含復出口),2,144
2018-7,39205110,聚甲基丙烯酸甲酯板、片及扁條,卡達,出口總值(含復出口),89,23124
2018-7,39205110,聚甲基丙烯酸甲酯板、片及扁條,伊朗,出口總值(含復出口),1143,313247
2018-7,39205110,聚甲基丙烯酸甲酯板、片及扁條,印尼,出口總值(含復出口),1,130
2018-7,39205110,聚甲基丙烯酸甲酯板、片及扁條,印度,出口總值(含復出口),294,117241
2018-7,39205110,聚甲基丙烯酸甲酯板、片及扁條,沙烏地阿拉伯,出口總值(含復出口),262,72203
2018-7,39205110,聚甲基丙烯酸甲酯板、片及扁條,波多黎各,出口總值(含復出口),105,28265
2018-7,39205110,聚甲基丙烯酸甲酯板、片及扁條,芬蘭,出口總值(含復出口),154,39345
2018-7,39205110,聚甲基丙烯酸甲酯板、片及扁條,阿拉伯聯合大公國,出口總值(含復出口),961,263752
2018-7,39205110,聚甲基丙烯酸甲酯板、片及扁條,南韓,出口總值(含復出口),5660,1516477
2018-7,39205110,聚甲基丙烯酸甲酯板、片及扁條,科威特,出口總值(含復出口),120,35194
2018-7,39205110,聚甲基丙烯酸甲酯板、片及扁條,美國,出口總值(含復出口),2580,670070
2018-7,39205110,聚甲基丙烯酸甲酯板、片及扁條,香港,出口總值(含復出口),567,166513
2018-7,39205110,聚甲基丙烯酸甲酯板、片及扁條,哥斯大黎加,出口總值(含復出口),68,17944
2018-7,39205110,聚甲基丙烯酸甲酯板、片及扁條,泰國,出口總值(含復出口),5,468
2018-7,39205110,聚甲基丙烯酸甲酯板、片及扁條,秘魯,出口總值(含復出口),13,3176
2018-7,39205110,聚甲基丙烯酸甲酯板、片及扁條,紐西蘭,出口總值(含復出口),0,20
2018-7,39205110,聚甲基丙烯酸甲酯板、片及扁條,馬來西亞,出口總值(含復出口),15,4182
2018-7,39205110,聚甲基丙烯酸甲酯板、片及扁條,智利,出口總值(含復出口),12,2793
2018-7,39205110,聚甲基丙烯酸甲酯板、片及扁條,菲律賓,出口總值(含復出口),459,125101
2018-7,39205110,聚甲基丙烯酸甲酯板、片及扁條,越南,出口總值(含復出口),4593,1245150
2018-7,39205110,聚甲基丙烯酸甲酯板、片及扁條,新加坡,出口總值(含復出口),409,110508
2018-7,39205110,聚甲基丙烯酸甲酯板、片及扁條,葉門,出口總值(含復出口),67,16622
2018-7,39205110,聚甲基丙烯酸甲酯板、片及扁條,黎巴嫩,出口總值(含復出口),104,27003
2018-7,39205110,聚甲基丙烯酸甲酯板、片及扁條,澳大利亞,出口總值(含復出口),330,93175
2018-7,39205110,聚甲基丙烯酸甲酯板、片及扁條,賴比瑞亞,出口總值(含復出口),6,2037
2018-7,39205110,聚甲基丙烯酸甲酯板、片及扁條,薩爾瓦多,出口總值(含復出口),126,33693
2018-7,39206210,聚對苯二甲酸乙二酯製板、片及扁條,中國大陸,進口總值(含復進口),490,182112
2018-7,39206210,聚對苯二甲酸乙二酯製板、片及扁條,中華民國,進口總值(含復進口),74,5142
2018-7,39206210,聚對苯二甲酸乙二酯製板、片及扁條,日本,進口總值(含復進口),60,1018
2018-7,39206210,聚對苯二甲酸乙二酯製板、片及扁條,印度,進口總值(含復進口),24,10843
2018-7,39206210,聚對苯二甲酸乙二酯製板、片及扁條,南韓,進口總值(含復進口),802,230811
2018-7,39206210,聚對苯二甲酸乙二酯製板、片及扁條,德國,進口總值(含復進口),4,384
2018-7,39206210,聚對苯二甲酸乙二酯製板、片及扁條,千里達及托巴哥,出口總值(含復出口),25,18900
2018-7,39206210,聚對苯二甲酸乙二酯製板、片及扁條,中國大陸,出口總值(含復出口),7408,1305708
2018-7,39206210,聚對苯二甲酸乙二酯製板、片及扁條,日本,出口總值(含復出口),1498,858940
2018-7,39206210,聚對苯二甲酸乙二酯製板、片及扁條,加拿大,出口總值(含復出口),60,42174
2018-7,39206210,聚對苯二甲酸乙二酯製板、片及扁條,伊朗,出口總值(含復出口),19,1745
2018-7,39206210,聚對苯二甲酸乙二酯製板、片及扁條,印尼,出口總值(含復出口),104,59685
2018-7,39206210,聚對苯二甲酸乙二酯製板、片及扁條,印度,出口總值(含復出口),155,100183
2018-7,39206210,聚對苯二甲酸乙二酯製板、片及扁條,波蘭,出口總值(含復出口),11,1274
2018-7,39206210,聚對苯二甲酸乙二酯製板、片及扁條,法屬玻里尼西亞,出口總值(含復出口),7,3840
2018-7,39206210,聚對苯二甲酸乙二酯製板、片及扁條,阿拉伯聯合大公國,出口總值(含復出口),128,81339
2018-7,39206210,聚對苯二甲酸乙二酯製板、片及扁條,美國,出口總值(含復出口),817,539686
2018-7,39206210,聚對苯二甲酸乙二酯製板、片及扁條,香港,出口總值(含復出口),809,54319
2018-7,39206210,聚對苯二甲酸乙二酯製板、片及扁條,哥倫比亞,出口總值(含復出口),54,40380
2018-7,39206210,聚對苯二甲酸乙二酯製板、片及扁條,泰國,出口總值(含復出口),71,31533
2018-7,39206210,聚對苯二甲酸乙二酯製板、片及扁條,紐西蘭,出口總值(含復出口),168,120419
2018-7,39206210,聚對苯二甲酸乙二酯製板、片及扁條,馬來西亞,出口總值(含復出口),606,252820
2018-7,39206210,聚對苯二甲酸乙二酯製板、片及扁條,荷蘭,出口總值(含復出口),179,133615
2018-7,39206210,聚對苯二甲酸乙二酯製板、片及扁條,斯里蘭卡,出口總值(含復出口),14,9600
2018-7,39206210,聚對苯二甲酸乙二酯製板、片及扁條,菲律賓,出口總值(含復出口),158,91831
2018-7,39206210,聚對苯二甲酸乙二酯製板、片及扁條,越南,出口總值(含復出口),36,12938
2018-7,39206210,聚對苯二甲酸乙二酯製板、片及扁條,新加坡,出口總值(含復出口),178,103827
2018-7,39206210,聚對苯二甲酸乙二酯製板、片及扁條,墨西哥,出口總值(含復出口),31,17795
2018-7,39206210,聚對苯二甲酸乙二酯製板、片及扁條,澳大利亞,出口總值(含復出口),880,601559
2018-7,39209991,其他塑膠板、片及扁條，非多孔性及未經以其他物質加強、積層、支持或與其他物質類似結合者,中國大陸,進口總值(含復進口),650,136221
2018-7,39209991,其他塑膠板、片及扁條，非多孔性及未經以其他物質加強、積層、支持或與其他物質類似結合者,中華民國,進口總值(含復進口),1,24
2018-7,39209991,其他塑膠板、片及扁條，非多孔性及未經以其他物質加強、積層、支持或與其他物質類似結合者,日本,進口總值(含復進口),170,25755
2018-7,39209991,其他塑膠板、片及扁條，非多孔性及未經以其他物質加強、積層、支持或與其他物質類似結合者,加拿大,進口總值(含復進口),3,58
2018-7,39209991,其他塑膠板、片及扁條，非多孔性及未經以其他物質加強、積層、支持或與其他物質類似結合者,西班牙,進口總值(含復進口),38,61250
2018-7,39209991,其他塑膠板、片及扁條，非多孔性及未經以其他物質加強、積層、支持或與其他物質類似結合者,南韓,進口總值(含復進口),276,84639
2018-7,39209991,其他塑膠板、片及扁條，非多孔性及未經以其他物質加強、積層、支持或與其他物質類似結合者,美國,進口總值(含復進口),357,2257
2018-7,39209991,其他塑膠板、片及扁條，非多孔性及未經以其他物質加強、積層、支持或與其他物質類似結合者,英國,進口總值(含復進口),19,732
2018-7,39209991,其他塑膠板、片及扁條，非多孔性及未經以其他物質加強、積層、支持或與其他物質類似結合者,荷蘭,進口總值(含復進口),1,3
2018-7,39209991,其他塑膠板、片及扁條，非多孔性及未經以其他物質加強、積層、支持或與其他物質類似結合者,菲律賓,進口總值(含復進口),2,482
2018-7,39209991,其他塑膠板、片及扁條，非多孔性及未經以其他物質加強、積層、支持或與其他物質類似結合者,奧地利,進口總值(含復進口),11,8
2018-7,39209991,其他塑膠板、片及扁條，非多孔性及未經以其他物質加強、積層、支持或與其他物質類似結合者,義大利,進口總值(含復進口),10,249
2018-7,39209991,其他塑膠板、片及扁條，非多孔性及未經以其他物質加強、積層、支持或與其他物質類似結合者,德國,進口總值(含復進口),143,4909
2018-7,39209991,其他塑膠板、片及扁條，非多孔性及未經以其他物質加強、積層、支持或與其他物質類似結合者,中國大陸,出口總值(含復出口),2606,279438
2018-7,39209991,其他塑膠板、片及扁條，非多孔性及未經以其他物質加強、積層、支持或與其他物質類似結合者,丹麥,出口總值(含復出口),5,145
2018-7,39209991,其他塑膠板、片及扁條，非多孔性及未經以其他物質加強、積層、支持或與其他物質類似結合者,巴西,出口總值(含復出口),3,27
2018-7,39209991,其他塑膠板、片及扁條，非多孔性及未經以其他物質加強、積層、支持或與其他物質類似結合者,日本,出口總值(含復出口),85,1353
2018-7,39209991,其他塑膠板、片及扁條，非多孔性及未經以其他物質加強、積層、支持或與其他物質類似結合者,比利時,出口總值(含復出口),4,315
2018-7,39209991,其他塑膠板、片及扁條，非多孔性及未經以其他物質加強、積層、支持或與其他物質類似結合者,印度,出口總值(含復出口),3,99
2018-7,39209991,其他塑膠板、片及扁條，非多孔性及未經以其他物質加強、積層、支持或與其他物質類似結合者,科威特,出口總值(含復出口),135,22364
2018-7,39209991,其他塑膠板、片及扁條，非多孔性及未經以其他物質加強、積層、支持或與其他物質類似結合者,美國,出口總值(含復出口),117,4264
2018-7,39209991,其他塑膠板、片及扁條，非多孔性及未經以其他物質加強、積層、支持或與其他物質類似結合者,英國,出口總值(含復出口),1,11
2018-7,39209991,其他塑膠板、片及扁條，非多孔性及未經以其他物質加強、積層、支持或與其他物質類似結合者,香港,出口總值(含復出口),7,986
2018-7,39209991,其他塑膠板、片及扁條，非多孔性及未經以其他物質加強、積層、支持或與其他物質類似結合者,埃及,出口總值(含復出口),3,1350
2018-7,39209991,其他塑膠板、片及扁條，非多孔性及未經以其他物質加強、積層、支持或與其他物質類似結合者,泰國,出口總值(含復出口),21,7771
2018-7,39209991,其他塑膠板、片及扁條，非多孔性及未經以其他物質加強、積層、支持或與其他物質類似結合者,馬來西亞,出口總值(含復出口),36,12318
2018-7,39209991,其他塑膠板、片及扁條，非多孔性及未經以其他物質加強、積層、支持或與其他物質類似結合者,荷蘭,出口總值(含復出口),1,39
2018-7,39209991,其他塑膠板、片及扁條，非多孔性及未經以其他物質加強、積層、支持或與其他物質類似結合者,菲律賓,出口總值(含復出口),86,10083
2018-7,39209991,其他塑膠板、片及扁條，非多孔性及未經以其他物質加強、積層、支持或與其他物質類似結合者,越南,出口總值(含復出口),11,124
2018-7,39209991,其他塑膠板、片及扁條，非多孔性及未經以其他物質加強、積層、支持或與其他物質類似結合者,新加坡,出口總值(含復出口),2,50
2018-7,39209991,其他塑膠板、片及扁條，非多孔性及未經以其他物質加強、積層、支持或與其他物質類似結合者,德國,出口總值(含復出口),9,2064
2018-7,39209991,其他塑膠板、片及扁條，非多孔性及未經以其他物質加強、積層、支持或與其他物質類似結合者,緬甸,出口總值(含復出口),5,900
2018-7,39209991,其他塑膠板、片及扁條，非多孔性及未經以其他物質加強、積層、支持或與其他物質類似結合者,賴索托,出口總值(含復出口),4,300
2018-8,39199020,供製造半導體晶圓用之自黏性圓形研磨墊，屬塑膠製品者,中國大陸,進口總值(含復進口),0,2
2018-8,39199020,供製造半導體晶圓用之自黏性圓形研磨墊，屬塑膠製品者,日本,進口總值(含復進口),129,1989
2018-8,39199020,供製造半導體晶圓用之自黏性圓形研磨墊，屬塑膠製品者,美國,進口總值(含復進口),601,2047
2018-8,39199020,供製造半導體晶圓用之自黏性圓形研磨墊，屬塑膠製品者,中國大陸,出口總值(含復出口),7505,15631
2018-8,39199020,供製造半導體晶圓用之自黏性圓形研磨墊，屬塑膠製品者,日本,出口總值(含復出口),154,413
2018-8,39199020,供製造半導體晶圓用之自黏性圓形研磨墊，屬塑膠製品者,南韓,出口總值(含復出口),15114,37896
2018-8,39199020,供製造半導體晶圓用之自黏性圓形研磨墊，屬塑膠製品者,美國,出口總值(含復出口),1025,2890
2018-8,39199020,供製造半導體晶圓用之自黏性圓形研磨墊，屬塑膠製品者,馬來西亞,出口總值(含復出口),204,203
2018-8,39199020,供製造半導體晶圓用之自黏性圓形研磨墊，屬塑膠製品者,新加坡,出口總值(含復出口),1708,3413
2018-8,39201010,聚乙烯塑膠板、片及扁條,中國大陸,進口總值(含復進口),333,132574
2018-8,39201010,聚乙烯塑膠板、片及扁條,中華民國,進口總值(含復進口),0,2178
2018-8,39201010,聚乙烯塑膠板、片及扁條,日本,進口總值(含復進口),59,3745
2018-8,39201010,聚乙烯塑膠板、片及扁條,比利時,進口總值(含復進口),13,1099
2018-8,39201010,聚乙烯塑膠板、片及扁條,加拿大,進口總值(含復進口),7,2061
2018-8,39201010,聚乙烯塑膠板、片及扁條,印度,進口總值(含復進口),5,1431
2018-8,39201010,聚乙烯塑膠板、片及扁條,西班牙,進口總值(含復進口),17,14897
2018-8,39201010,聚乙烯塑膠板、片及扁條,南韓,進口總值(含復進口),16,1300
2018-8,39201010,聚乙烯塑膠板、片及扁條,美國,進口總值(含復進口),77,2287
2018-8,39201010,聚乙烯塑膠板、片及扁條,泰國,進口總值(含復進口),92,44127
2018-8,39201010,聚乙烯塑膠板、片及扁條,瑞士,進口總值(含復進口),6,200
2018-8,39201010,聚乙烯塑膠板、片及扁條,義大利,進口總值(含復進口),70,12404
2018-8,39201010,聚乙烯塑膠板、片及扁條,德國,進口總值(含復進口),20,4558
2018-8,39201010,聚乙烯塑膠板、片及扁條,中國大陸,出口總值(含復出口),604,163849
2018-8,39201010,聚乙烯塑膠板、片及扁條,巴布亞紐幾內亞,出口總值(含復出口),1,526
2018-8,39201010,聚乙烯塑膠板、片及扁條,巴基斯坦,出口總值(含復出口),8,6350
2018-8,39201010,聚乙烯塑膠板、片及扁條,日本,出口總值(含復出口),61,7380
2018-8,39201010,聚乙烯塑膠板、片及扁條,印尼,出口總值(含復出口),11,2298
2018-8,39201010,聚乙烯塑膠板、片及扁條,印度,出口總值(含復出口),107,49127
2018-8,39201010,聚乙烯塑膠板、片及扁條,西班牙,出口總值(含復出口),5,173
2018-8,39201010,聚乙烯塑膠板、片及扁條,孟加拉,出口總值(含復出口),8,3360
2018-8,39201010,聚乙烯塑膠板、片及扁條,阿拉伯聯合大公國,出口總值(含復出口),2,207
2018-8,39201010,聚乙烯塑膠板、片及扁條,阿曼,出口總值(含復出口),8,3504
2018-8,39201010,聚乙烯塑膠板、片及扁條,柬埔寨,出口總值(含復出口),52,10397
2018-8,39201010,聚乙烯塑膠板、片及扁條,科威特,出口總值(含復出口),0,15
2018-8,39201010,聚乙烯塑膠板、片及扁條,美國,出口總值(含復出口),121,43430
2018-8,39201010,聚乙烯塑膠板、片及扁條,香港,出口總值(含復出口),95,37349
2018-8,39201010,聚乙烯塑膠板、片及扁條,泰國,出口總值(含復出口),536,126907
2018-8,39201010,聚乙烯塑膠板、片及扁條,馬來西亞,出口總值(含復出口),236,60541
2018-8,39201010,聚乙烯塑膠板、片及扁條,菲律賓,出口總值(含復出口),44,11171
2018-8,39201010,聚乙烯塑膠板、片及扁條,越南,出口總值(含復出口),31,11928
2018-8,39201010,聚乙烯塑膠板、片及扁條,新加坡,出口總值(含復出口),20,9720
2018-8,39201010,聚乙烯塑膠板、片及扁條,瑞士,出口總值(含復出口),2,7
2018-8,39201010,聚乙烯塑膠板、片及扁條,德國,出口總值(含復出口),15,1732
2018-8,39201010,聚乙烯塑膠板、片及扁條,模里西斯,出口總值(含復出口),4,454
2018-8,39201010,聚乙烯塑膠板、片及扁條,墨西哥,出口總值(含復出口),19,121
2018-8,39201010,聚乙烯塑膠板、片及扁條,澳大利亞,出口總值(含復出口),6,241
2018-8,39202021,電容器用金屬化聚丙烯薄膜，留有未鍍邊，總寬度不超過１００公厘，總厚度在０．０１５公厘以上，０．０２５公厘以下者,中國大陸,進口總值(含復進口),38,1446
2018-8,39202021,電容器用金屬化聚丙烯薄膜，留有未鍍邊，總寬度不超過１００公厘，總厚度在０．０１５公厘以上，０．０２５公厘以下者,日本,進口總值(含復進口),2,305
2018-8,39202021,電容器用金屬化聚丙烯薄膜，留有未鍍邊，總寬度不超過１００公厘，總厚度在０．０１５公厘以上，０．０２５公厘以下者,南韓,進口總值(含復進口),2,140
2018-8,39205110,聚甲基丙烯酸甲酯板、片及扁條,中國大陸,進口總值(含復進口),302,49081
2018-8,39205110,聚甲基丙烯酸甲酯板、片及扁條,日本,進口總值(含復進口),4,1756
2018-8,39205110,聚甲基丙烯酸甲酯板、片及扁條,南韓,進口總值(含復進口),748,321727
2018-8,39205110,聚甲基丙烯酸甲酯板、片及扁條,美國,進口總值(含復進口),201,36924
2018-8,39205110,聚甲基丙烯酸甲酯板、片及扁條,越南,進口總值(含復進口),188,50845
2018-8,39205110,聚甲基丙烯酸甲酯板、片及扁條,德國,進口總值(含復進口),1,112
2018-8,39205110,聚甲基丙烯酸甲酯板、片及扁條,中國大陸,出口總值(含復出口),13840,4095395
2018-8,39205110,聚甲基丙烯酸甲酯板、片及扁條,巴西,出口總值(含復出口),290,76246
2018-8,39205110,聚甲基丙烯酸甲酯板、片及扁條,日本,出口總值(含復出口),351,74827
2018-8,39205110,聚甲基丙烯酸甲酯板、片及扁條,以色列,出口總值(含復出口),30,7747
2018-8,39205110,聚甲基丙烯酸甲酯板、片及扁條,卡達,出口總值(含復出口),89,23188
2018-8,39205110,聚甲基丙烯酸甲酯板、片及扁條,伊朗,出口總值(含復出口),472,122453
2018-8,39205110,聚甲基丙烯酸甲酯板、片及扁條,印尼,出口總值(含復出口),3,550
2018-8,39205110,聚甲基丙烯酸甲酯板、片及扁條,印度,出口總值(含復出口),273,107275
2018-8,39205110,聚甲基丙烯酸甲酯板、片及扁條,沙烏地阿拉伯,出口總值(含復出口),270,74411
2018-8,39205110,聚甲基丙烯酸甲酯板、片及扁條,奈及利亞,出口總值(含復出口),59,23023
2018-8,39205110,聚甲基丙烯酸甲酯板、片及扁條,肯亞,出口總值(含復出口),8,2125
2018-8,39205110,聚甲基丙烯酸甲酯板、片及扁條,芬蘭,出口總值(含復出口),156,39850
2018-8,39205110,聚甲基丙烯酸甲酯板、片及扁條,阿拉伯聯合大公國,出口總值(含復出口),803,216443
2018-8,39205110,聚甲基丙烯酸甲酯板、片及扁條,阿曼,出口總值(含復出口),125,33131
2018-8,39205110,聚甲基丙烯酸甲酯板、片及扁條,南非,出口總值(含復出口),106,22919
2018-8,39205110,聚甲基丙烯酸甲酯板、片及扁條,南韓,出口總值(含復出口),5996,1616947
2018-8,39205110,聚甲基丙烯酸甲酯板、片及扁條,科威特,出口總值(含復出口),63,17130
2018-8,39205110,聚甲基丙烯酸甲酯板、片及扁條,美國,出口總值(含復出口),3036,798513
2018-8,39205110,聚甲基丙烯酸甲酯板、片及扁條,香港,出口總值(含復出口),630,192422
2018-8,39205110,聚甲基丙烯酸甲酯板、片及扁條,哥斯大黎加,出口總值(含復出口),6,1349
2018-8,39205110,聚甲基丙烯酸甲酯板、片及扁條,馬來西亞,出口總值(含復出口),133,37767
2018-8,39205110,聚甲基丙烯酸甲酯板、片及扁條,智利,出口總值(含復出口),18,3990
2018-8,39205110,聚甲基丙烯酸甲酯板、片及扁條,菲律賓,出口總值(含復出口),110,30763
2018-8,39205110,聚甲基丙烯酸甲酯板、片及扁條,越南,出口總值(含復出口),3132,842484
2018-8,39205110,聚甲基丙烯酸甲酯板、片及扁條,新加坡,出口總值(含復出口),431,113895
2018-8,39205110,聚甲基丙烯酸甲酯板、片及扁條,瑞典,出口總值(含復出口),3,120
2018-8,39205110,聚甲基丙烯酸甲酯板、片及扁條,義大利,出口總值(含復出口),1,117
2018-8,39205110,聚甲基丙烯酸甲酯板、片及扁條,德國,出口總值(含復出口),16,2270
2018-8,39205110,聚甲基丙烯酸甲酯板、片及扁條,黎巴嫩,出口總值(含復出口),169,48729
2018-8,39205110,聚甲基丙烯酸甲酯板、片及扁條,墨西哥,出口總值(含復出口),77,20796
2018-8,39205110,聚甲基丙烯酸甲酯板、片及扁條,澳大利亞,出口總值(含復出口),141,39541
2018-8,39205110,聚甲基丙烯酸甲酯板、片及扁條,澳門,出口總值(含復出口),0,5
2018-8,39205110,聚甲基丙烯酸甲酯板、片及扁條,賽普勒斯,出口總值(含復出口),74,18257
2018-8,39206210,聚對苯二甲酸乙二酯製板、片及扁條,中國大陸,進口總值(含復進口),239,124387
2018-8,39206210,聚對苯二甲酸乙二酯製板、片及扁條,日本,進口總值(含復進口),82,31777
2018-8,39206210,聚對苯二甲酸乙二酯製板、片及扁條,南韓,進口總值(含復進口),488,162919
2018-8,39206210,聚對苯二甲酸乙二酯製板、片及扁條,義大利,進口總值(含復進口),53,23098
2018-8,39206210,聚對苯二甲酸乙二酯製板、片及扁條,德國,進口總值(含復進口),3,243
2018-8,39206210,聚對苯二甲酸乙二酯製板、片及扁條,千里達及托巴哥,出口總值(含復出口),56,40139
2018-8,39206210,聚對苯二甲酸乙二酯製板、片及扁條,中國大陸,出口總值(含復出口),9179,1332580
2018-8,39206210,聚對苯二甲酸乙二酯製板、片及扁條,日本,出口總值(含復出口),1648,986947
2018-8,39206210,聚對苯二甲酸乙二酯製板、片及扁條,加拿大,出口總值(含復出口),53,39850
2018-8,39206210,聚對苯二甲酸乙二酯製板、片及扁條,印尼,出口總值(含復出口),380,212954
2018-8,39206210,聚對苯二甲酸乙二酯製板、片及扁條,印度,出口總值(含復出口),185,118015
2018-8,39206210,聚對苯二甲酸乙二酯製板、片及扁條,波蘭,出口總值(含復出口),8,2232
2018-8,39206210,聚對苯二甲酸乙二酯製板、片及扁條,美國,出口總值(含復出口),1051,713999
2018-8,39206210,聚對苯二甲酸乙二酯製板、片及扁條,香港,出口總值(含復出口),884,55025
2018-8,39206210,聚對苯二甲酸乙二酯製板、片及扁條,哥倫比亞,出口總值(含復出口),22,16600
2018-8,39206210,聚對苯二甲酸乙二酯製板、片及扁條,哥斯大黎加,出口總值(含復出口),17,10000
2018-8,39206210,聚對苯二甲酸乙二酯製板、片及扁條,泰國,出口總值(含復出口),131,63780
2018-8,39206210,聚對苯二甲酸乙二酯製板、片及扁條,紐西蘭,出口總值(含復出口),87,62460
2018-8,39206210,聚對苯二甲酸乙二酯製板、片及扁條,馬來西亞,出口總值(含復出口),493,199910
2018-8,39206210,聚對苯二甲酸乙二酯製板、片及扁條,荷蘭,出口總值(含復出口),90,52558
2018-8,39206210,聚對苯二甲酸乙二酯製板、片及扁條,斯里蘭卡,出口總值(含復出口),21,13150
2018-8,39206210,聚對苯二甲酸乙二酯製板、片及扁條,菲律賓,出口總值(含復出口),339,195671
2018-8,39206210,聚對苯二甲酸乙二酯製板、片及扁條,新加坡,出口總值(含復出口),178,89230
2018-8,39206210,聚對苯二甲酸乙二酯製板、片及扁條,德國,出口總值(含復出口),23,14880
2018-8,39206210,聚對苯二甲酸乙二酯製板、片及扁條,墨西哥,出口總值(含復出口),15,11200
2018-8,39206210,聚對苯二甲酸乙二酯製板、片及扁條,澳大利亞,出口總值(含復出口),1387,895241
2018-8,39209991,其他塑膠板、片及扁條，非多孔性及未經以其他物質加強、積層、支持或與其他物質類似結合者,中國大陸,進口總值(含復進口),262,67407
2018-8,39209991,其他塑膠板、片及扁條，非多孔性及未經以其他物質加強、積層、支持或與其他物質類似結合者,日本,進口總值(含復進口),167,22916
2018-8,39209991,其他塑膠板、片及扁條，非多孔性及未經以其他物質加強、積層、支持或與其他物質類似結合者,比利時,進口總值(含復進口),5,410
2018-8,39209991,其他塑膠板、片及扁條，非多孔性及未經以其他物質加強、積層、支持或與其他物質類似結合者,加拿大,進口總值(含復進口),4,81
2018-8,39209991,其他塑膠板、片及扁條，非多孔性及未經以其他物質加強、積層、支持或與其他物質類似結合者,南韓,進口總值(含復進口),158,42219
2018-8,39209991,其他塑膠板、片及扁條，非多孔性及未經以其他物質加強、積層、支持或與其他物質類似結合者,美國,進口總值(含復進口),583,6614
2018-8,39209991,其他塑膠板、片及扁條，非多孔性及未經以其他物質加強、積層、支持或與其他物質類似結合者,英國,進口總值(含復進口),44,1236
2018-8,39209991,其他塑膠板、片及扁條，非多孔性及未經以其他物質加強、積層、支持或與其他物質類似結合者,馬來西亞,進口總值(含復進口),11,2112
2018-8,39209991,其他塑膠板、片及扁條，非多孔性及未經以其他物質加強、積層、支持或與其他物質類似結合者,奧地利,進口總值(含復進口),113,1459
2018-8,39209991,其他塑膠板、片及扁條，非多孔性及未經以其他物質加強、積層、支持或與其他物質類似結合者,義大利,進口總值(含復進口),13,938
2018-8,39209991,其他塑膠板、片及扁條，非多孔性及未經以其他物質加強、積層、支持或與其他物質類似結合者,德國,進口總值(含復進口),74,1563
2018-8,39209991,其他塑膠板、片及扁條，非多孔性及未經以其他物質加強、積層、支持或與其他物質類似結合者,中國大陸,出口總值(含復出口),1889,193308
2018-8,39209991,其他塑膠板、片及扁條，非多孔性及未經以其他物質加強、積層、支持或與其他物質類似結合者,丹麥,出口總值(含復出口),0,8
2018-8,39209991,其他塑膠板、片及扁條，非多孔性及未經以其他物質加強、積層、支持或與其他物質類似結合者,巴拿馬,出口總值(含復出口),25,1574
2018-8,39209991,其他塑膠板、片及扁條，非多孔性及未經以其他物質加強、積層、支持或與其他物質類似結合者,日本,出口總值(含復出口),68,947
2018-8,39209991,其他塑膠板、片及扁條，非多孔性及未經以其他物質加強、積層、支持或與其他物質類似結合者,比利時,出口總值(含復出口),7,192
2018-8,39209991,其他塑膠板、片及扁條，非多孔性及未經以其他物質加強、積層、支持或與其他物質類似結合者,加拿大,出口總值(含復出口),22,15990
2018-8,39209991,其他塑膠板、片及扁條，非多孔性及未經以其他物質加強、積層、支持或與其他物質類似結合者,印尼,出口總值(含復出口),0,19
2018-8,39209991,其他塑膠板、片及扁條，非多孔性及未經以其他物質加強、積層、支持或與其他物質類似結合者,阿拉伯聯合大公國,出口總值(含復出口),3,83
2018-8,39209991,其他塑膠板、片及扁條，非多孔性及未經以其他物質加強、積層、支持或與其他物質類似結合者,柬埔寨,出口總值(含復出口),3,4600
2018-8,39209991,其他塑膠板、片及扁條，非多孔性及未經以其他物質加強、積層、支持或與其他物質類似結合者,科威特,出口總值(含復出口),52,11976
2018-8,39209991,其他塑膠板、片及扁條，非多孔性及未經以其他物質加強、積層、支持或與其他物質類似結合者,美國,出口總值(含復出口),156,1523
2018-8,39209991,其他塑膠板、片及扁條，非多孔性及未經以其他物質加強、積層、支持或與其他物質類似結合者,英國,出口總值(含復出口),9,231
2018-8,39209991,其他塑膠板、片及扁條，非多孔性及未經以其他物質加強、積層、支持或與其他物質類似結合者,香港,出口總值(含復出口),35,3134
2018-8,39209991,其他塑膠板、片及扁條，非多孔性及未經以其他物質加強、積層、支持或與其他物質類似結合者,泰國,出口總值(含復出口),11,1966
2018-8,39209991,其他塑膠板、片及扁條，非多孔性及未經以其他物質加強、積層、支持或與其他物質類似結合者,馬來西亞,出口總值(含復出口),34,11866
2018-8,39209991,其他塑膠板、片及扁條，非多孔性及未經以其他物質加強、積層、支持或與其他物質類似結合者,捷克,出口總值(含復出口),17,7638
2018-8,39209991,其他塑膠板、片及扁條，非多孔性及未經以其他物質加強、積層、支持或與其他物質類似結合者,荷蘭,出口總值(含復出口),1,44
2018-8,39209991,其他塑膠板、片及扁條，非多孔性及未經以其他物質加強、積層、支持或與其他物質類似結合者,越南,出口總值(含復出口),21,6391
2018-8,39209991,其他塑膠板、片及扁條，非多孔性及未經以其他物質加強、積層、支持或與其他物質類似結合者,愛爾蘭,出口總值(含復出口),0,1
2018-8,39209991,其他塑膠板、片及扁條，非多孔性及未經以其他物質加強、積層、支持或與其他物質類似結合者,新加坡,出口總值(含復出口),21,631
2018-8,39209991,其他塑膠板、片及扁條，非多孔性及未經以其他物質加強、積層、支持或與其他物質類似結合者,義大利,出口總值(含復出口),0,5
2018-8,39209991,其他塑膠板、片及扁條，非多孔性及未經以其他物質加強、積層、支持或與其他物質類似結合者,德國,出口總值(含復出口),41,6397
2018-8,39209991,其他塑膠板、片及扁條，非多孔性及未經以其他物質加強、積層、支持或與其他物質類似結合者,澳大利亞,出口總值(含復出口),11,7884
2018-8,39209991,其他塑膠板、片及扁條，非多孔性及未經以其他物質加強、積層、支持或與其他物質類似結合者,賴索托,出口總值(含復出口),2,820
2018-9,39199020,供製造半導體晶圓用之自黏性圓形研磨墊，屬塑膠製品者,中國大陸,進口總值(含復進口),41,621
2018-9,39199020,供製造半導體晶圓用之自黏性圓形研磨墊，屬塑膠製品者,日本,進口總值(含復進口),125,1499
2018-9,39199020,供製造半導體晶圓用之自黏性圓形研磨墊，屬塑膠製品者,南韓,進口總值(含復進口),6,23
2018-9,39199020,供製造半導體晶圓用之自黏性圓形研磨墊，屬塑膠製品者,美國,進口總值(含復進口),1223,5414
2018-9,39199020,供製造半導體晶圓用之自黏性圓形研磨墊，屬塑膠製品者,中國大陸,出口總值(含復出口),7602,15371
2018-9,39199020,供製造半導體晶圓用之自黏性圓形研磨墊，屬塑膠製品者,日本,出口總值(含復出口),195,433
2018-9,39199020,供製造半導體晶圓用之自黏性圓形研磨墊，屬塑膠製品者,南韓,出口總值(含復出口),13111,32475
2018-9,39199020,供製造半導體晶圓用之自黏性圓形研磨墊，屬塑膠製品者,美國,出口總值(含復出口),1026,2836
2018-9,39199020,供製造半導體晶圓用之自黏性圓形研磨墊，屬塑膠製品者,馬來西亞,出口總值(含復出口),157,149
2018-9,39199020,供製造半導體晶圓用之自黏性圓形研磨墊，屬塑膠製品者,新加坡,出口總值(含復出口),1630,3342
2018-9,39201010,聚乙烯塑膠板、片及扁條,中國大陸,進口總值(含復進口),527,196898
2018-9,39201010,聚乙烯塑膠板、片及扁條,中華民國,進口總值(含復進口),1,2794
2018-9,39201010,聚乙烯塑膠板、片及扁條,日本,進口總值(含復進口),205,20171
2018-9,39201010,聚乙烯塑膠板、片及扁條,印度,進口總值(含復進口),7,1908
2018-9,39201010,聚乙烯塑膠板、片及扁條,南韓,進口總值(含復進口),31,5067
2018-9,39201010,聚乙烯塑膠板、片及扁條,美國,進口總值(含復進口),89,3033
2018-9,39201010,聚乙烯塑膠板、片及扁條,香港,進口總值(含復進口),10,20968
2018-9,39201010,聚乙烯塑膠板、片及扁條,泰國,進口總值(含復進口),66,24339
2018-9,39201010,聚乙烯塑膠板、片及扁條,荷蘭,進口總值(含復進口),0,0
2018-9,39201010,聚乙烯塑膠板、片及扁條,奧地利,進口總值(含復進口),5,672
2018-9,39201010,聚乙烯塑膠板、片及扁條,新加坡,進口總值(含復進口),0,77
2018-9,39201010,聚乙烯塑膠板、片及扁條,德國,進口總值(含復進口),169,33729
2018-9,39201010,聚乙烯塑膠板、片及扁條,澳大利亞,進口總值(含復進口),6,263
2018-9,39201010,聚乙烯塑膠板、片及扁條,中國大陸,出口總值(含復出口),419,190617
2018-9,39201010,聚乙烯塑膠板、片及扁條,巴西,出口總值(含復出口),0,1
2018-9,39201010,聚乙烯塑膠板、片及扁條,日本,出口總值(含復出口),214,60456
2018-9,39201010,聚乙烯塑膠板、片及扁條,加拿大,出口總值(含復出口),17,2291
2018-9,39201010,聚乙烯塑膠板、片及扁條,伊朗,出口總值(含復出口),8,883
2018-9,39201010,聚乙烯塑膠板、片及扁條,冰島,出口總值(含復出口),3,24
2018-9,39201010,聚乙烯塑膠板、片及扁條,印尼,出口總值(含復出口),32,13086
2018-9,39201010,聚乙烯塑膠板、片及扁條,印度,出口總值(含復出口),0,0
2018-9,39201010,聚乙烯塑膠板、片及扁條,波蘭,出口總值(含復出口),8,61
2018-9,39201010,聚乙烯塑膠板、片及扁條,柬埔寨,出口總值(含復出口),22,8919
2018-9,39201010,聚乙烯塑膠板、片及扁條,美國,出口總值(含復出口),176,95602
2018-9,39201010,聚乙烯塑膠板、片及扁條,英國,出口總值(含復出口),13,568
2018-9,39201010,聚乙烯塑膠板、片及扁條,香港,出口總值(含復出口),30,9358
2018-9,39201010,聚乙烯塑膠板、片及扁條,泰國,出口總值(含復出口),405,96830
2018-9,39201010,聚乙烯塑膠板、片及扁條,馬來西亞,出口總值(含復出口),151,43954
2018-9,39201010,聚乙烯塑膠板、片及扁條,荷蘭,出口總值(含復出口),2,1008
2018-9,39201010,聚乙烯塑膠板、片及扁條,智利,出口總值(含復出口),6,5000
2018-9,39201010,聚乙烯塑膠板、片及扁條,菲律賓,出口總值(含復出口),63,36508
2018-9,39201010,聚乙烯塑膠板、片及扁條,越南,出口總值(含復出口),52,19582
2018-9,39201010,聚乙烯塑膠板、片及扁條,新加坡,出口總值(含復出口),22,10800
2018-9,39201010,聚乙烯塑膠板、片及扁條,瑞士,出口總值(含復出口),7,24
2018-9,39201010,聚乙烯塑膠板、片及扁條,墨西哥,出口總值(含復出口),20,113
2018-9,39201010,聚乙烯塑膠板、片及扁條,澳大利亞,出口總值(含復出口),5,238
2018-9,39202021,電容器用金屬化聚丙烯薄膜，留有未鍍邊，總寬度不超過１００公厘，總厚度在０．０１５公厘以上，０．０２５公厘以下者,中國大陸,進口總值(含復進口),236,8240
2018-9,39202021,電容器用金屬化聚丙烯薄膜，留有未鍍邊，總寬度不超過１００公厘，總厚度在０．０１５公厘以上，０．０２５公厘以下者,日本,進口總值(含復進口),2,323
2018-9,39202021,電容器用金屬化聚丙烯薄膜，留有未鍍邊，總寬度不超過１００公厘，總厚度在０．０１５公厘以上，０．０２５公厘以下者,南韓,進口總值(含復進口),67,5255
2018-9,39202021,電容器用金屬化聚丙烯薄膜，留有未鍍邊，總寬度不超過１００公厘，總厚度在０．０１５公厘以上，０．０２５公厘以下者,德國,進口總值(含復進口),23,946
2018-9,39205110,聚甲基丙烯酸甲酯板、片及扁條,中國大陸,進口總值(含復進口),278,8681
2018-9,39205110,聚甲基丙烯酸甲酯板、片及扁條,中華民國,進口總值(含復進口),63,18000
2018-9,39205110,聚甲基丙烯酸甲酯板、片及扁條,日本,進口總值(含復進口),319,77819
2018-9,39205110,聚甲基丙烯酸甲酯板、片及扁條,南韓,進口總值(含復進口),1046,426607
2018-9,39205110,聚甲基丙烯酸甲酯板、片及扁條,美國,進口總值(含復進口),82,20203
2018-9,39205110,聚甲基丙烯酸甲酯板、片及扁條,中國大陸,出口總值(含復出口),13335,3858456
2018-9,39205110,聚甲基丙烯酸甲酯板、片及扁條,巴西,出口總值(含復出口),96,25512
2018-9,39205110,聚甲基丙烯酸甲酯板、片及扁條,日本,出口總值(含復出口),473,90862
2018-9,39205110,聚甲基丙烯酸甲酯板、片及扁條,加拿大,出口總值(含復出口),212,51741
2018-9,39205110,聚甲基丙烯酸甲酯板、片及扁條,卡達,出口總值(含復出口),123,33651
2018-9,39205110,聚甲基丙烯酸甲酯板、片及扁條,伊朗,出口總值(含復出口),387,87161
2018-9,39205110,聚甲基丙烯酸甲酯板、片及扁條,印尼,出口總值(含復出口),40,6676
2018-9,39205110,聚甲基丙烯酸甲酯板、片及扁條,印度,出口總值(含復出口),329,160825
2018-9,39205110,聚甲基丙烯酸甲酯板、片及扁條,宏都拉斯,出口總值(含復出口),74,21301
2018-9,39205110,聚甲基丙烯酸甲酯板、片及扁條,沙烏地阿拉伯,出口總值(含復出口),187,51381
2018-9,39205110,聚甲基丙烯酸甲酯板、片及扁條,芬蘭,出口總值(含復出口),105,26655
2018-9,39205110,聚甲基丙烯酸甲酯板、片及扁條,阿拉伯聯合大公國,出口總值(含復出口),694,190298
2018-9,39205110,聚甲基丙烯酸甲酯板、片及扁條,阿曼,出口總值(含復出口),121,32364
2018-9,39205110,聚甲基丙烯酸甲酯板、片及扁條,南韓,出口總值(含復出口),5892,1579124
2018-9,39205110,聚甲基丙烯酸甲酯板、片及扁條,科威特,出口總值(含復出口),62,17289
2018-9,39205110,聚甲基丙烯酸甲酯板、片及扁條,美國,出口總值(含復出口),2937,752598
2018-9,39205110,聚甲基丙烯酸甲酯板、片及扁條,香港,出口總值(含復出口),716,201919
2018-9,39205110,聚甲基丙烯酸甲酯板、片及扁條,哥斯大黎加,出口總值(含復出口),78,21505
2018-9,39205110,聚甲基丙烯酸甲酯板、片及扁條,馬來西亞,出口總值(含復出口),15,4182
2018-9,39205110,聚甲基丙烯酸甲酯板、片及扁條,捷克,出口總值(含復出口),0,10
2018-9,39205110,聚甲基丙烯酸甲酯板、片及扁條,敘利亞,出口總值(含復出口),110,25551
2018-9,39205110,聚甲基丙烯酸甲酯板、片及扁條,越南,出口總值(含復出口),4075,1086523
2018-9,39205110,聚甲基丙烯酸甲酯板、片及扁條,新加坡,出口總值(含復出口),419,114904
2018-9,39205110,聚甲基丙烯酸甲酯板、片及扁條,黎巴嫩,出口總值(含復出口),249,67998
2018-9,39205110,聚甲基丙烯酸甲酯板、片及扁條,澳大利亞,出口總值(含復出口),148,40382
2018-9,39205110,聚甲基丙烯酸甲酯板、片及扁條,薩爾瓦多,出口總值(含復出口),68,19079
2018-9,39206210,聚對苯二甲酸乙二酯製板、片及扁條,中國大陸,進口總值(含復進口),261,94279
2018-9,39206210,聚對苯二甲酸乙二酯製板、片及扁條,中華民國,進口總值(含復進口),4,5147
2018-9,39206210,聚對苯二甲酸乙二酯製板、片及扁條,丹麥,進口總值(含復進口),0,0
2018-9,39206210,聚對苯二甲酸乙二酯製板、片及扁條,日本,進口總值(含復進口),133,1479
2018-9,39206210,聚對苯二甲酸乙二酯製板、片及扁條,南韓,進口總值(含復進口),850,267460
2018-9,39206210,聚對苯二甲酸乙二酯製板、片及扁條,美國,進口總值(含復進口),13,240
2018-9,39206210,聚對苯二甲酸乙二酯製板、片及扁條,千里達及托巴哥,出口總值(含復出口),32,23220
2018-9,39206210,聚對苯二甲酸乙二酯製板、片及扁條,中國大陸,出口總值(含復出口),9369,1344127
2018-9,39206210,聚對苯二甲酸乙二酯製板、片及扁條,日本,出口總值(含復出口),988,553652
2018-9,39206210,聚對苯二甲酸乙二酯製板、片及扁條,伊朗,出口總值(含復出口),4,349
2018-9,39206210,聚對苯二甲酸乙二酯製板、片及扁條,印尼,出口總值(含復出口),214,129120
2018-9,39206210,聚對苯二甲酸乙二酯製板、片及扁條,印度,出口總值(含復出口),281,183195
2018-9,39206210,聚對苯二甲酸乙二酯製板、片及扁條,多明尼加,出口總值(含復出口),27,17350
2018-9,39206210,聚對苯二甲酸乙二酯製板、片及扁條,波蘭,出口總值(含復出口),8,416
2018-9,39206210,聚對苯二甲酸乙二酯製板、片及扁條,法國,出口總值(含復出口),11,1060
2018-9,39206210,聚對苯二甲酸乙二酯製板、片及扁條,阿拉伯聯合大公國,出口總值(含復出口),65,40800
2018-9,39206210,聚對苯二甲酸乙二酯製板、片及扁條,美國,出口總值(含復出口),622,404089
2018-9,39206210,聚對苯二甲酸乙二酯製板、片及扁條,香港,出口總值(含復出口),1396,105707
2018-9,39206210,聚對苯二甲酸乙二酯製板、片及扁條,泰國,出口總值(含復出口),76,45876
2018-9,39206210,聚對苯二甲酸乙二酯製板、片及扁條,紐西蘭,出口總值(含復出口),209,146230
2018-9,39206210,聚對苯二甲酸乙二酯製板、片及扁條,馬來西亞,出口總值(含復出口),841,348190
2018-9,39206210,聚對苯二甲酸乙二酯製板、片及扁條,斯里蘭卡,出口總值(含復出口),15,9850
2018-9,39206210,聚對苯二甲酸乙二酯製板、片及扁條,菲律賓,出口總值(含復出口),109,55064
2018-9,39206210,聚對苯二甲酸乙二酯製板、片及扁條,越南,出口總值(含復出口),5,1361
2018-9,39206210,聚對苯二甲酸乙二酯製板、片及扁條,新加坡,出口總值(含復出口),151,83680
2018-9,39206210,聚對苯二甲酸乙二酯製板、片及扁條,義大利,出口總值(含復出口),3,143
2018-9,39206210,聚對苯二甲酸乙二酯製板、片及扁條,德國,出口總值(含復出口),7,140
2018-9,39206210,聚對苯二甲酸乙二酯製板、片及扁條,模里西斯,出口總值(含復出口),0,40
2018-9,39206210,聚對苯二甲酸乙二酯製板、片及扁條,緬甸,出口總值(含復出口),7,49250
2018-9,39206210,聚對苯二甲酸乙二酯製板、片及扁條,墨西哥,出口總值(含復出口),33,24320
2018-9,39206210,聚對苯二甲酸乙二酯製板、片及扁條,澳大利亞,出口總值(含復出口),1190,817403
2018-9,39209991,其他塑膠板、片及扁條，非多孔性及未經以其他物質加強、積層、支持或與其他物質類似結合者,中國大陸,進口總值(含復進口),404,90577
2018-9,39209991,其他塑膠板、片及扁條，非多孔性及未經以其他物質加強、積層、支持或與其他物質類似結合者,日本,進口總值(含復進口),173,26690
2018-9,39209991,其他塑膠板、片及扁條，非多孔性及未經以其他物質加強、積層、支持或與其他物質類似結合者,南韓,進口總值(含復進口),118,27459
2018-9,39209991,其他塑膠板、片及扁條，非多孔性及未經以其他物質加強、積層、支持或與其他物質類似結合者,美國,進口總值(含復進口),342,2003
2018-9,39209991,其他塑膠板、片及扁條，非多孔性及未經以其他物質加強、積層、支持或與其他物質類似結合者,英國,進口總值(含復進口),14,2
2018-9,39209991,其他塑膠板、片及扁條，非多孔性及未經以其他物質加強、積層、支持或與其他物質類似結合者,義大利,進口總值(含復進口),1,23
2018-9,39209991,其他塑膠板、片及扁條，非多孔性及未經以其他物質加強、積層、支持或與其他物質類似結合者,德國,進口總值(含復進口),59,1356
2018-9,39209991,其他塑膠板、片及扁條，非多孔性及未經以其他物質加強、積層、支持或與其他物質類似結合者,中國大陸,出口總值(含復出口),2146,193565
2018-9,39209991,其他塑膠板、片及扁條，非多孔性及未經以其他物質加強、積層、支持或與其他物質類似結合者,丹麥,出口總值(含復出口),1,25
2018-9,39209991,其他塑膠板、片及扁條，非多孔性及未經以其他物質加強、積層、支持或與其他物質類似結合者,巴西,出口總值(含復出口),3,165
2018-9,39209991,其他塑膠板、片及扁條，非多孔性及未經以其他物質加強、積層、支持或與其他物質類似結合者,日本,出口總值(含復出口),70,1918
2018-9,39209991,其他塑膠板、片及扁條，非多孔性及未經以其他物質加強、積層、支持或與其他物質類似結合者,比利時,出口總值(含復出口),2,60
2018-9,39209991,其他塑膠板、片及扁條，非多孔性及未經以其他物質加強、積層、支持或與其他物質類似結合者,阿拉伯聯合大公國,出口總值(含復出口),0,7
2018-9,39209991,其他塑膠板、片及扁條，非多孔性及未經以其他物質加強、積層、支持或與其他物質類似結合者,科威特,出口總值(含復出口),189,48000
2018-9,39209991,其他塑膠板、片及扁條，非多孔性及未經以其他物質加強、積層、支持或與其他物質類似結合者,美國,出口總值(含復出口),152,3405
2018-9,39209991,其他塑膠板、片及扁條，非多孔性及未經以其他物質加強、積層、支持或與其他物質類似結合者,英國,出口總值(含復出口),1,33
2018-9,39209991,其他塑膠板、片及扁條，非多孔性及未經以其他物質加強、積層、支持或與其他物質類似結合者,香港,出口總值(含復出口),0,10
2018-9,39209991,其他塑膠板、片及扁條，非多孔性及未經以其他物質加強、積層、支持或與其他物質類似結合者,埃及,出口總值(含復出口),2,1008
2018-9,39209991,其他塑膠板、片及扁條，非多孔性及未經以其他物質加強、積層、支持或與其他物質類似結合者,挪威,出口總值(含復出口),14,879
2018-9,39209991,其他塑膠板、片及扁條，非多孔性及未經以其他物質加強、積層、支持或與其他物質類似結合者,泰國,出口總值(含復出口),16,3361
2018-9,39209991,其他塑膠板、片及扁條，非多孔性及未經以其他物質加強、積層、支持或與其他物質類似結合者,馬來西亞,出口總值(含復出口),41,14462
2018-9,39209991,其他塑膠板、片及扁條，非多孔性及未經以其他物質加強、積層、支持或與其他物質類似結合者,捷克,出口總值(含復出口),3,1531
2018-9,39209991,其他塑膠板、片及扁條，非多孔性及未經以其他物質加強、積層、支持或與其他物質類似結合者,越南,出口總值(含復出口),6,3368
2018-9,39209991,其他塑膠板、片及扁條，非多孔性及未經以其他物質加強、積層、支持或與其他物質類似結合者,愛爾蘭,出口總值(含復出口),0,2
2018-9,39209991,其他塑膠板、片及扁條，非多孔性及未經以其他物質加強、積層、支持或與其他物質類似結合者,新加坡,出口總值(含復出口),61,1672
2018-9,39209991,其他塑膠板、片及扁條，非多孔性及未經以其他物質加強、積層、支持或與其他物質類似結合者,義大利,出口總值(含復出口),1,12
2018-9,39209991,其他塑膠板、片及扁條，非多孔性及未經以其他物質加強、積層、支持或與其他物質類似結合者,德國,出口總值(含復出口),61,8963
2018-9,39209991,其他塑膠板、片及扁條，非多孔性及未經以其他物質加強、積層、支持或與其他物質類似結合者,緬甸,出口總值(含復出口),2,1080
2018-10,39199020,供製造半導體晶圓用之自黏性圓形研磨墊，屬塑膠製品者,中國大陸,進口總值(含復進口),12,183
2018-10,39199020,供製造半導體晶圓用之自黏性圓形研磨墊，屬塑膠製品者,日本,進口總值(含復進口),108,769
2018-10,39199020,供製造半導體晶圓用之自黏性圓形研磨墊，屬塑膠製品者,南韓,進口總值(含復進口),3,22
2018-10,39199020,供製造半導體晶圓用之自黏性圓形研磨墊，屬塑膠製品者,美國,進口總值(含復進口),1516,5599
2018-10,39199020,供製造半導體晶圓用之自黏性圓形研磨墊，屬塑膠製品者,中國大陸,出口總值(含復出口),6925,14433
2018-10,39199020,供製造半導體晶圓用之自黏性圓形研磨墊，屬塑膠製品者,日本,出口總值(含復出口),226,711
2018-10,39199020,供製造半導體晶圓用之自黏性圓形研磨墊，屬塑膠製品者,南韓,出口總值(含復出口),16341,41346
2018-10,39199020,供製造半導體晶圓用之自黏性圓形研磨墊，屬塑膠製品者,美國,出口總值(含復出口),773,2106
2018-10,39199020,供製造半導體晶圓用之自黏性圓形研磨墊，屬塑膠製品者,馬來西亞,出口總值(含復出口),193,181
2018-10,39199020,供製造半導體晶圓用之自黏性圓形研磨墊，屬塑膠製品者,新加坡,出口總值(含復出口),1178,2492
2018-10,39199020,供製造半導體晶圓用之自黏性圓形研磨墊，屬塑膠製品者,德國,出口總值(含復出口),4,2
2018-10,39201010,聚乙烯塑膠板、片及扁條,中國大陸,進口總值(含復進口),362,154435
2018-10,39201010,聚乙烯塑膠板、片及扁條,中華民國,進口總值(含復進口),2,5386
2018-10,39201010,聚乙烯塑膠板、片及扁條,日本,進口總值(含復進口),360,49988
2018-10,39201010,聚乙烯塑膠板、片及扁條,印度,進口總值(含復進口),7,1908
2018-10,39201010,聚乙烯塑膠板、片及扁條,南韓,進口總值(含復進口),47,17978
2018-10,39201010,聚乙烯塑膠板、片及扁條,美國,進口總值(含復進口),47,1260
2018-10,39201010,聚乙烯塑膠板、片及扁條,泰國,進口總值(含復進口),22,4704
2018-10,39201010,聚乙烯塑膠板、片及扁條,馬來西亞,進口總值(含復進口),33,11310
2018-10,39201010,聚乙烯塑膠板、片及扁條,新加坡,進口總值(含復進口),11,3805
2018-10,39201010,聚乙烯塑膠板、片及扁條,義大利,進口總值(含復進口),42,839
2018-10,39201010,聚乙烯塑膠板、片及扁條,德國,進口總值(含復進口),170,25768
2018-10,39201010,聚乙烯塑膠板、片及扁條,澳大利亞,進口總值(含復進口),277,2600
2018-10,39201010,聚乙烯塑膠板、片及扁條,中國大陸,出口總值(含復出口),436,87115
2018-10,39201010,聚乙烯塑膠板、片及扁條,巴基斯坦,出口總值(含復出口),15,5173
2018-10,39201010,聚乙烯塑膠板、片及扁條,日本,出口總值(含復出口),242,55016
2018-10,39201010,聚乙烯塑膠板、片及扁條,加拿大,出口總值(含復出口),3,522
2018-10,39201010,聚乙烯塑膠板、片及扁條,印尼,出口總值(含復出口),27,13808
2018-10,39201010,聚乙烯塑膠板、片及扁條,波蘭,出口總值(含復出口),35,343
2018-10,39201010,聚乙烯塑膠板、片及扁條,南非,出口總值(含復出口),9,4448
2018-10,39201010,聚乙烯塑膠板、片及扁條,柬埔寨,出口總值(含復出口),7,1357
2018-10,39201010,聚乙烯塑膠板、片及扁條,美國,出口總值(含復出口),210,70550
2018-10,39201010,聚乙烯塑膠板、片及扁條,英國,出口總值(含復出口),3,25
2018-10,39201010,聚乙烯塑膠板、片及扁條,香港,出口總值(含復出口),47,40913
2018-10,39201010,聚乙烯塑膠板、片及扁條,泰國,出口總值(含復出口),548,133010
2018-10,39201010,聚乙烯塑膠板、片及扁條,紐西蘭,出口總值(含復出口),7,1617
2018-10,39201010,聚乙烯塑膠板、片及扁條,馬來西亞,出口總值(含復出口),207,64979
2018-10,39201010,聚乙烯塑膠板、片及扁條,荷蘭,出口總值(含復出口),2,75
2018-10,39201010,聚乙烯塑膠板、片及扁條,菲律賓,出口總值(含復出口),22,27225
2018-10,39201010,聚乙烯塑膠板、片及扁條,越南,出口總值(含復出口),24,6680
2018-10,39201010,聚乙烯塑膠板、片及扁條,新加坡,出口總值(含復出口),12,5814
2018-10,39201010,聚乙烯塑膠板、片及扁條,德國,出口總值(含復出口),13,12
2018-10,39201010,聚乙烯塑膠板、片及扁條,墨西哥,出口總值(含復出口),8,52
2018-10,39202021,電容器用金屬化聚丙烯薄膜，留有未鍍邊，總寬度不超過１００公厘，總厚度在０．０１５公厘以上，０．０２５公厘以下者,中國大陸,進口總值(含復進口),82,2794
2018-10,39202021,電容器用金屬化聚丙烯薄膜，留有未鍍邊，總寬度不超過１００公厘，總厚度在０．０１５公厘以上，０．０２５公厘以下者,土耳其,出口總值(含復出口),4,178
2018-10,39202021,電容器用金屬化聚丙烯薄膜，留有未鍍邊，總寬度不超過１００公厘，總厚度在０．０１５公厘以上，０．０２５公厘以下者,中國大陸,出口總值(含復出口),13,1509
2018-10,39205110,聚甲基丙烯酸甲酯板、片及扁條,土耳其,進口總值(含復進口),3,95
2018-10,39205110,聚甲基丙烯酸甲酯板、片及扁條,中國大陸,進口總值(含復進口),143,41030
2018-10,39205110,聚甲基丙烯酸甲酯板、片及扁條,日本,進口總值(含復進口),274,71843
2018-10,39205110,聚甲基丙烯酸甲酯板、片及扁條,南韓,進口總值(含復進口),1569,636674
2018-10,39205110,聚甲基丙烯酸甲酯板、片及扁條,美國,進口總值(含復進口),209,41126
2018-10,39205110,聚甲基丙烯酸甲酯板、片及扁條,德國,進口總值(含復進口),5,309
2018-10,39205110,聚甲基丙烯酸甲酯板、片及扁條,中國大陸,出口總值(含復出口),15260,4488550
2018-10,39205110,聚甲基丙烯酸甲酯板、片及扁條,巴西,出口總值(含復出口),105,25723
2018-10,39205110,聚甲基丙烯酸甲酯板、片及扁條,巴林,出口總值(含復出口),61,16831
2018-10,39205110,聚甲基丙烯酸甲酯板、片及扁條,日本,出口總值(含復出口),367,78042
2018-10,39205110,聚甲基丙烯酸甲酯板、片及扁條,以色列,出口總值(含復出口),3,108
2018-10,39205110,聚甲基丙烯酸甲酯板、片及扁條,加拿大,出口總值(含復出口),91,22240
2018-10,39205110,聚甲基丙烯酸甲酯板、片及扁條,卡達,出口總值(含復出口),62,17209
2018-10,39205110,聚甲基丙烯酸甲酯板、片及扁條,伊朗,出口總值(含復出口),326,78533
2018-10,39205110,聚甲基丙烯酸甲酯板、片及扁條,印尼,出口總值(含復出口),2,389
2018-10,39205110,聚甲基丙烯酸甲酯板、片及扁條,印度,出口總值(含復出口),216,95200
2018-10,39205110,聚甲基丙烯酸甲酯板、片及扁條,多明尼加,出口總值(含復出口),62,16661
2018-10,39205110,聚甲基丙烯酸甲酯板、片及扁條,沙烏地阿拉伯,出口總值(含復出口),184,50744
2018-10,39205110,聚甲基丙烯酸甲酯板、片及扁條,孟加拉,出口總值(含復出口),11,4840
2018-10,39205110,聚甲基丙烯酸甲酯板、片及扁條,阿拉伯聯合大公國,出口總值(含復出口),258,71632
2018-10,39205110,聚甲基丙烯酸甲酯板、片及扁條,南非,出口總值(含復出口),82,18076
2018-10,39205110,聚甲基丙烯酸甲酯板、片及扁條,南韓,出口總值(含復出口),4072,1100370
2018-10,39205110,聚甲基丙烯酸甲酯板、片及扁條,科威特,出口總值(含復出口),62,17237
2018-10,39205110,聚甲基丙烯酸甲酯板、片及扁條,約旦,出口總值(含復出口),72,17127
2018-10,39205110,聚甲基丙烯酸甲酯板、片及扁條,美國,出口總值(含復出口),2843,715796
2018-10,39205110,聚甲基丙烯酸甲酯板、片及扁條,英國,出口總值(含復出口),25,5064
2018-10,39205110,聚甲基丙烯酸甲酯板、片及扁條,迦納,出口總值(含復出口),3,149
2018-10,39205110,聚甲基丙烯酸甲酯板、片及扁條,香港,出口總值(含復出口),436,137823
2018-10,39205110,聚甲基丙烯酸甲酯板、片及扁條,泰國,出口總值(含復出口),9,1043
2018-10,39205110,聚甲基丙烯酸甲酯板、片及扁條,紐西蘭,出口總值(含復出口),3,755
2018-10,39205110,聚甲基丙烯酸甲酯板、片及扁條,菲律賓,出口總值(含復出口),34,13510
2018-10,39205110,聚甲基丙烯酸甲酯板、片及扁條,越南,出口總值(含復出口),5073,1365671
2018-10,39205110,聚甲基丙烯酸甲酯板、片及扁條,新加坡,出口總值(含復出口),243,66398
2018-10,39205110,聚甲基丙烯酸甲酯板、片及扁條,德國,出口總值(含復出口),12,1725
2018-10,39205110,聚甲基丙烯酸甲酯板、片及扁條,黎巴嫩,出口總值(含復出口),57,16405
2018-10,39205110,聚甲基丙烯酸甲酯板、片及扁條,墨西哥,出口總值(含復出口),78,20983
2018-10,39205110,聚甲基丙烯酸甲酯板、片及扁條,澳大利亞,出口總值(含復出口),560,155397
2018-10,39205110,聚甲基丙烯酸甲酯板、片及扁條,賽普勒斯,出口總值(含復出口),39,12492
2018-10,39205110,聚甲基丙烯酸甲酯板、片及扁條,薩爾瓦多,出口總值(含復出口),62,17309
2018-10,39206210,聚對苯二甲酸乙二酯製板、片及扁條,中國大陸,進口總值(含復進口),426,133934
2018-10,39206210,聚對苯二甲酸乙二酯製板、片及扁條,中華民國,進口總值(含復進口),22,6788
2018-10,39206210,聚對苯二甲酸乙二酯製板、片及扁條,丹麥,進口總值(含復進口),0,0
2018-10,39206210,聚對苯二甲酸乙二酯製板、片及扁條,日本,進口總值(含復進口),48,2839
2018-10,39206210,聚對苯二甲酸乙二酯製板、片及扁條,南韓,進口總值(含復進口),841,259372
2018-10,39206210,聚對苯二甲酸乙二酯製板、片及扁條,美國,進口總值(含復進口),87,1271
2018-10,39206210,聚對苯二甲酸乙二酯製板、片及扁條,泰國,進口總值(含復進口),20,14342
2018-10,39206210,聚對苯二甲酸乙二酯製板、片及扁條,越南,進口總值(含復進口),27,17987
2018-10,39206210,聚對苯二甲酸乙二酯製板、片及扁條,中國大陸,出口總值(含復出口),8321,1358703
2018-10,39206210,聚對苯二甲酸乙二酯製板、片及扁條,日本,出口總值(含復出口),1408,862486
2018-10,39206210,聚對苯二甲酸乙二酯製板、片及扁條,加拿大,出口總值(含復出口),37,20304
2018-10,39206210,聚對苯二甲酸乙二酯製板、片及扁條,伊朗,出口總值(含復出口),37,3872
2018-10,39206210,聚對苯二甲酸乙二酯製板、片及扁條,印尼,出口總值(含復出口),92,39802
2018-10,39206210,聚對苯二甲酸乙二酯製板、片及扁條,印度,出口總值(含復出口),306,195053
2018-10,39206210,聚對苯二甲酸乙二酯製板、片及扁條,美國,出口總值(含復出口),907,581047
2018-10,39206210,聚對苯二甲酸乙二酯製板、片及扁條,香港,出口總值(含復出口),722,59350
2018-10,39206210,聚對苯二甲酸乙二酯製板、片及扁條,泰國,出口總值(含復出口),86,42792
2018-10,39206210,聚對苯二甲酸乙二酯製板、片及扁條,秘魯,出口總值(含復出口),28,17000
2018-10,39206210,聚對苯二甲酸乙二酯製板、片及扁條,紐西蘭,出口總值(含復出口),93,64043
2018-10,39206210,聚對苯二甲酸乙二酯製板、片及扁條,馬來西亞,出口總值(含復出口),377,159580
2018-10,39206210,聚對苯二甲酸乙二酯製板、片及扁條,斯里蘭卡,出口總值(含復出口),53,30050
2018-10,39206210,聚對苯二甲酸乙二酯製板、片及扁條,菲律賓,出口總值(含復出口),167,86080
2018-10,39206210,聚對苯二甲酸乙二酯製板、片及扁條,越南,出口總值(含復出口),39,18215
2018-10,39206210,聚對苯二甲酸乙二酯製板、片及扁條,新加坡,出口總值(含復出口),79,36543
2018-10,39206210,聚對苯二甲酸乙二酯製板、片及扁條,緬甸,出口總值(含復出口),3,25920
2018-10,39206210,聚對苯二甲酸乙二酯製板、片及扁條,澳大利亞,出口總值(含復出口),1189,828677
2018-10,39209991,其他塑膠板、片及扁條，非多孔性及未經以其他物質加強、積層、支持或與其他物質類似結合者,中國大陸,進口總值(含復進口),478,113558
2018-10,39209991,其他塑膠板、片及扁條，非多孔性及未經以其他物質加強、積層、支持或與其他物質類似結合者,日本,進口總值(含復進口),188,25275
2018-10,39209991,其他塑膠板、片及扁條，非多孔性及未經以其他物質加強、積層、支持或與其他物質類似結合者,西班牙,進口總值(含復進口),39,61200
2018-10,39209991,其他塑膠板、片及扁條，非多孔性及未經以其他物質加強、積層、支持或與其他物質類似結合者,法國,進口總值(含復進口),0,5
2018-10,39209991,其他塑膠板、片及扁條，非多孔性及未經以其他物質加強、積層、支持或與其他物質類似結合者,南韓,進口總值(含復進口),317,99766
2018-10,39209991,其他塑膠板、片及扁條，非多孔性及未經以其他物質加強、積層、支持或與其他物質類似結合者,美國,進口總值(含復進口),516,6077
2018-10,39209991,其他塑膠板、片及扁條，非多孔性及未經以其他物質加強、積層、支持或與其他物質類似結合者,英國,進口總值(含復進口),2,1184
2018-10,39209991,其他塑膠板、片及扁條，非多孔性及未經以其他物質加強、積層、支持或與其他物質類似結合者,馬來西亞,進口總值(含復進口),11,2112
2018-10,39209991,其他塑膠板、片及扁條，非多孔性及未經以其他物質加強、積層、支持或與其他物質類似結合者,奧地利,進口總值(含復進口),13,1831
2018-10,39209991,其他塑膠板、片及扁條，非多孔性及未經以其他物質加強、積層、支持或與其他物質類似結合者,義大利,進口總值(含復進口),4,206
2018-10,39209991,其他塑膠板、片及扁條，非多孔性及未經以其他物質加強、積層、支持或與其他物質類似結合者,德國,進口總值(含復進口),29,830
2018-10,39209991,其他塑膠板、片及扁條，非多孔性及未經以其他物質加強、積層、支持或與其他物質類似結合者,中國大陸,出口總值(含復出口),2823,279021
2018-10,39209991,其他塑膠板、片及扁條，非多孔性及未經以其他物質加強、積層、支持或與其他物質類似結合者,丹麥,出口總值(含復出口),0,8
2018-10,39209991,其他塑膠板、片及扁條，非多孔性及未經以其他物質加強、積層、支持或與其他物質類似結合者,巴西,出口總值(含復出口),11,54
2018-10,39209991,其他塑膠板、片及扁條，非多孔性及未經以其他物質加強、積層、支持或與其他物質類似結合者,日本,出口總值(含復出口),131,3561
2018-10,39209991,其他塑膠板、片及扁條，非多孔性及未經以其他物質加強、積層、支持或與其他物質類似結合者,加拿大,出口總值(含復出口),50,18285
2018-10,39209991,其他塑膠板、片及扁條，非多孔性及未經以其他物質加強、積層、支持或與其他物質類似結合者,南非,出口總值(含復出口),16,5280
2018-10,39209991,其他塑膠板、片及扁條，非多孔性及未經以其他物質加強、積層、支持或與其他物質類似結合者,柬埔寨,出口總值(含復出口),1,50
2018-10,39209991,其他塑膠板、片及扁條，非多孔性及未經以其他物質加強、積層、支持或與其他物質類似結合者,科威特,出口總值(含復出口),55,10112
2018-10,39209991,其他塑膠板、片及扁條，非多孔性及未經以其他物質加強、積層、支持或與其他物質類似結合者,美國,出口總值(含復出口),253,12501
2018-10,39209991,其他塑膠板、片及扁條，非多孔性及未經以其他物質加強、積層、支持或與其他物質類似結合者,英國,出口總值(含復出口),2,61
2018-10,39209991,其他塑膠板、片及扁條，非多孔性及未經以其他物質加強、積層、支持或與其他物質類似結合者,香港,出口總值(含復出口),16,1078
2018-10,39209991,其他塑膠板、片及扁條，非多孔性及未經以其他物質加強、積層、支持或與其他物質類似結合者,埃及,出口總值(含復出口),2,720
2018-10,39209991,其他塑膠板、片及扁條，非多孔性及未經以其他物質加強、積層、支持或與其他物質類似結合者,泰國,出口總值(含復出口),52,13731
2018-10,39209991,其他塑膠板、片及扁條，非多孔性及未經以其他物質加強、積層、支持或與其他物質類似結合者,秘魯,出口總值(含復出口),12,266
2018-10,39209991,其他塑膠板、片及扁條，非多孔性及未經以其他物質加強、積層、支持或與其他物質類似結合者,馬來西亞,出口總值(含復出口),45,15819
2018-10,39209991,其他塑膠板、片及扁條，非多孔性及未經以其他物質加強、積層、支持或與其他物質類似結合者,荷蘭,出口總值(含復出口),0,2
2018-10,39209991,其他塑膠板、片及扁條，非多孔性及未經以其他物質加強、積層、支持或與其他物質類似結合者,斯里蘭卡,出口總值(含復出口),2,624
2018-10,39209991,其他塑膠板、片及扁條，非多孔性及未經以其他物質加強、積層、支持或與其他物質類似結合者,菲律賓,出口總值(含復出口),1,88
2018-10,39209991,其他塑膠板、片及扁條，非多孔性及未經以其他物質加強、積層、支持或與其他物質類似結合者,越南,出口總值(含復出口),26,6004
2018-10,39209991,其他塑膠板、片及扁條，非多孔性及未經以其他物質加強、積層、支持或與其他物質類似結合者,新加坡,出口總值(含復出口),46,1296
2018-10,39209991,其他塑膠板、片及扁條，非多孔性及未經以其他物質加強、積層、支持或與其他物質類似結合者,德國,出口總值(含復出口),53,7722
2018-10,39209991,其他塑膠板、片及扁條，非多孔性及未經以其他物質加強、積層、支持或與其他物質類似結合者,澳大利亞,出口總值(含復出口),10,6446
2018-10,39209991,其他塑膠板、片及扁條，非多孔性及未經以其他物質加強、積層、支持或與其他物質類似結合者,賴索托,出口總值(含復出口),2,542
2018-11,39199020,供製造半導體晶圓用之自黏性圓形研磨墊，屬塑膠製品者,中國大陸,進口總值(含復進口),0,4
2018-11,39199020,供製造半導體晶圓用之自黏性圓形研磨墊，屬塑膠製品者,日本,進口總值(含復進口),172,2194
2018-11,39199020,供製造半導體晶圓用之自黏性圓形研磨墊，屬塑膠製品者,南韓,進口總值(含復進口),7,45
2018-11,39199020,供製造半導體晶圓用之自黏性圓形研磨墊，屬塑膠製品者,美國,進口總值(含復進口),1134,4740
2018-11,39199020,供製造半導體晶圓用之自黏性圓形研磨墊，屬塑膠製品者,中國大陸,出口總值(含復出口),6939,14610
2018-11,39199020,供製造半導體晶圓用之自黏性圓形研磨墊，屬塑膠製品者,日本,出口總值(含復出口),150,300
2018-11,39199020,供製造半導體晶圓用之自黏性圓形研磨墊，屬塑膠製品者,南韓,出口總值(含復出口),14421,36307
2018-11,39199020,供製造半導體晶圓用之自黏性圓形研磨墊，屬塑膠製品者,美國,出口總值(含復出口),911,2557
2018-11,39199020,供製造半導體晶圓用之自黏性圓形研磨墊，屬塑膠製品者,馬來西亞,出口總值(含復出口),138,126
2018-11,39199020,供製造半導體晶圓用之自黏性圓形研磨墊，屬塑膠製品者,越南,出口總值(含復出口),1,11
2018-11,39199020,供製造半導體晶圓用之自黏性圓形研磨墊，屬塑膠製品者,新加坡,出口總值(含復出口),1470,3109
2018-11,39199020,供製造半導體晶圓用之自黏性圓形研磨墊，屬塑膠製品者,德國,出口總值(含復出口),0,4
2018-11,39201010,聚乙烯塑膠板、片及扁條,中國大陸,進口總值(含復進口),538,263804
2018-11,39201010,聚乙烯塑膠板、片及扁條,中華民國,進口總值(含復進口),2,8713
2018-11,39201010,聚乙烯塑膠板、片及扁條,日本,進口總值(含復進口),269,24759
2018-11,39201010,聚乙烯塑膠板、片及扁條,比利時,進口總值(含復進口),12,1099
2018-11,39201010,聚乙烯塑膠板、片及扁條,印度,進口總值(含復進口),7,1908
2018-11,39201010,聚乙烯塑膠板、片及扁條,南韓,進口總值(含復進口),10,1923
2018-11,39201010,聚乙烯塑膠板、片及扁條,美國,進口總值(含復進口),165,13158
2018-11,39201010,聚乙烯塑膠板、片及扁條,泰國,進口總值(含復進口),22,4700
2018-11,39201010,聚乙烯塑膠板、片及扁條,馬來西亞,進口總值(含復進口),14,1710
2018-11,39201010,聚乙烯塑膠板、片及扁條,荷蘭,進口總值(含復進口),0,0
2018-11,39201010,聚乙烯塑膠板、片及扁條,新加坡,進口總值(含復進口),18,8189
2018-11,39201010,聚乙烯塑膠板、片及扁條,義大利,進口總值(含復進口),16,7900
2018-11,39201010,聚乙烯塑膠板、片及扁條,德國,進口總值(含復進口),45,5368
2018-11,39201010,聚乙烯塑膠板、片及扁條,中國大陸,出口總值(含復出口),356,91460
2018-11,39201010,聚乙烯塑膠板、片及扁條,巴基斯坦,出口總值(含復出口),47,22836
2018-11,39201010,聚乙烯塑膠板、片及扁條,日本,出口總值(含復出口),269,57469
2018-11,39201010,聚乙烯塑膠板、片及扁條,印尼,出口總值(含復出口),11,2286
2018-11,39201010,聚乙烯塑膠板、片及扁條,波蘭,出口總值(含復出口),8,77
2018-11,39201010,聚乙烯塑膠板、片及扁條,柬埔寨,出口總值(含復出口),2,314
2018-11,39201010,聚乙烯塑膠板、片及扁條,科威特,出口總值(含復出口),3,209
2018-11,39201010,聚乙烯塑膠板、片及扁條,美國,出口總值(含復出口),222,85732
2018-11,39201010,聚乙烯塑膠板、片及扁條,香港,出口總值(含復出口),81,44500
2018-11,39201010,聚乙烯塑膠板、片及扁條,泰國,出口總值(含復出口),402,111234
2018-11,39201010,聚乙烯塑膠板、片及扁條,紐西蘭,出口總值(含復出口),1,5
2018-11,39201010,聚乙烯塑膠板、片及扁條,馬來西亞,出口總值(含復出口),203,64103
2018-11,39201010,聚乙烯塑膠板、片及扁條,菲律賓,出口總值(含復出口),127,36503
2018-11,39201010,聚乙烯塑膠板、片及扁條,越南,出口總值(含復出口),59,26483
2018-11,39201010,聚乙烯塑膠板、片及扁條,愛爾蘭,出口總值(含復出口),0,33
2018-11,39201010,聚乙烯塑膠板、片及扁條,新加坡,出口總值(含復出口),21,12571
2018-11,39201010,聚乙烯塑膠板、片及扁條,瑞士,出口總值(含復出口),3,1
2018-11,39201010,聚乙烯塑膠板、片及扁條,德國,出口總值(含復出口),2,9
2018-11,39201010,聚乙烯塑膠板、片及扁條,模里西斯,出口總值(含復出口),2,8
2018-11,39201010,聚乙烯塑膠板、片及扁條,墨西哥,出口總值(含復出口),27,1420
2018-11,39201010,聚乙烯塑膠板、片及扁條,澳大利亞,出口總值(含復出口),6,319
2018-11,39202021,電容器用金屬化聚丙烯薄膜，留有未鍍邊，總寬度不超過１００公厘，總厚度在０．０１５公厘以上，０．０２５公厘以下者,中國大陸,進口總值(含復進口),42,1202
2018-11,39202021,電容器用金屬化聚丙烯薄膜，留有未鍍邊，總寬度不超過１００公厘，總厚度在０．０１５公厘以上，０．０２５公厘以下者,南韓,進口總值(含復進口),30,1839
2018-11,39202021,電容器用金屬化聚丙烯薄膜，留有未鍍邊，總寬度不超過１００公厘，總厚度在０．０１５公厘以上，０．０２５公厘以下者,美國,進口總值(含復進口),1,2
2018-11,39202021,電容器用金屬化聚丙烯薄膜，留有未鍍邊，總寬度不超過１００公厘，總厚度在０．０１５公厘以上，０．０２５公厘以下者,中國大陸,出口總值(含復出口),39,20450
2018-11,39202021,電容器用金屬化聚丙烯薄膜，留有未鍍邊，總寬度不超過１００公厘，總厚度在０．０１５公厘以上，０．０２５公厘以下者,南韓,出口總值(含復出口),27,1606
2018-11,39205110,聚甲基丙烯酸甲酯板、片及扁條,中國大陸,進口總值(含復進口),176,25876
2018-11,39205110,聚甲基丙烯酸甲酯板、片及扁條,中華民國,進口總值(含復進口),7,751
2018-11,39205110,聚甲基丙烯酸甲酯板、片及扁條,日本,進口總值(含復進口),245,49064
2018-11,39205110,聚甲基丙烯酸甲酯板、片及扁條,南韓,進口總值(含復進口),1260,504258
2018-11,39205110,聚甲基丙烯酸甲酯板、片及扁條,美國,進口總值(含復進口),88,17665
2018-11,39205110,聚甲基丙烯酸甲酯板、片及扁條,中國大陸,出口總值(含復出口),12193,3658827
2018-11,39205110,聚甲基丙烯酸甲酯板、片及扁條,巴西,出口總值(含復出口),94,25686
2018-11,39205110,聚甲基丙烯酸甲酯板、片及扁條,巴貝多,出口總值(含復出口),25,6914
2018-11,39205110,聚甲基丙烯酸甲酯板、片及扁條,日本,出口總值(含復出口),548,125178
2018-11,39205110,聚甲基丙烯酸甲酯板、片及扁條,卡達,出口總值(含復出口),171,46948
2018-11,39205110,聚甲基丙烯酸甲酯板、片及扁條,伊朗,出口總值(含復出口),598,162188
2018-11,39205110,聚甲基丙烯酸甲酯板、片及扁條,印度,出口總值(含復出口),326,166017
2018-11,39205110,聚甲基丙烯酸甲酯板、片及扁條,沙烏地阿拉伯,出口總值(含復出口),264,73633
2018-11,39205110,聚甲基丙烯酸甲酯板、片及扁條,坦尚尼亞,出口總值(含復出口),60,16807
2018-11,39205110,聚甲基丙烯酸甲酯板、片及扁條,奈及利亞,出口總值(含復出口),59,23110
2018-11,39205110,聚甲基丙烯酸甲酯板、片及扁條,波多黎各,出口總值(含復出口),107,28038
2018-11,39205110,聚甲基丙烯酸甲酯板、片及扁條,阿拉伯聯合大公國,出口總值(含復出口),453,124799
2018-11,39205110,聚甲基丙烯酸甲酯板、片及扁條,阿根廷,出口總值(含復出口),89,24667
2018-11,39205110,聚甲基丙烯酸甲酯板、片及扁條,阿曼,出口總值(含復出口),62,16809
2018-11,39205110,聚甲基丙烯酸甲酯板、片及扁條,南非,出口總值(含復出口),114,23247
2018-11,39205110,聚甲基丙烯酸甲酯板、片及扁條,南韓,出口總值(含復出口),2715,730384
2018-11,39205110,聚甲基丙烯酸甲酯板、片及扁條,科威特,出口總值(含復出口),60,17054
2018-11,39205110,聚甲基丙烯酸甲酯板、片及扁條,美國,出口總值(含復出口),2191,558074
2018-11,39205110,聚甲基丙烯酸甲酯板、片及扁條,香港,出口總值(含復出口),591,181205
2018-11,39205110,聚甲基丙烯酸甲酯板、片及扁條,哥斯大黎加,出口總值(含復出口),63,17101
2018-11,39205110,聚甲基丙烯酸甲酯板、片及扁條,秘魯,出口總值(含復出口),49,11830
2018-11,39205110,聚甲基丙烯酸甲酯板、片及扁條,斯里蘭卡,出口總值(含復出口),24,9325
2018-11,39205110,聚甲基丙烯酸甲酯板、片及扁條,菲律賓,出口總值(含復出口),5,1196
2018-11,39205110,聚甲基丙烯酸甲酯板、片及扁條,越南,出口總值(含復出口),1882,506662
2018-11,39205110,聚甲基丙烯酸甲酯板、片及扁條,新加坡,出口總值(含復出口),350,95016
2018-11,39205110,聚甲基丙烯酸甲酯板、片及扁條,黎巴嫩,出口總值(含復出口),134,33746
2018-11,39205110,聚甲基丙烯酸甲酯板、片及扁條,墨西哥,出口總值(含復出口),75,20247
2018-11,39205110,聚甲基丙烯酸甲酯板、片及扁條,澳大利亞,出口總值(含復出口),223,58743
2018-11,39205110,聚甲基丙烯酸甲酯板、片及扁條,賴索托,出口總值(含復出口),0,4
2018-11,39205110,聚甲基丙烯酸甲酯板、片及扁條,薩爾瓦多,出口總值(含復出口),71,18935
2018-11,39205110,聚甲基丙烯酸甲酯板、片及扁條,關島,出口總值(含復出口),1,60
2018-11,39206210,聚對苯二甲酸乙二酯製板、片及扁條,中國大陸,進口總值(含復進口),719,202641
2018-11,39206210,聚對苯二甲酸乙二酯製板、片及扁條,中華民國,進口總值(含復進口),99,5327
2018-11,39206210,聚對苯二甲酸乙二酯製板、片及扁條,日本,進口總值(含復進口),189,1073
2018-11,39206210,聚對苯二甲酸乙二酯製板、片及扁條,法國,進口總值(含復進口),5,648
2018-11,39206210,聚對苯二甲酸乙二酯製板、片及扁條,南韓,進口總值(含復進口),437,133991
2018-11,39206210,聚對苯二甲酸乙二酯製板、片及扁條,瑞士,進口總值(含復進口),7,53
2018-11,39206210,聚對苯二甲酸乙二酯製板、片及扁條,德國,進口總值(含復進口),4,664
2018-11,39206210,聚對苯二甲酸乙二酯製板、片及扁條,中國大陸,出口總值(含復出口),7646,1006897
2018-11,39206210,聚對苯二甲酸乙二酯製板、片及扁條,日本,出口總值(含復出口),1030,579958
2018-11,39206210,聚對苯二甲酸乙二酯製板、片及扁條,加拿大,出口總值(含復出口),30,19451
2018-11,39206210,聚對苯二甲酸乙二酯製板、片及扁條,伊朗,出口總值(含復出口),7,690
2018-11,39206210,聚對苯二甲酸乙二酯製板、片及扁條,印尼,出口總值(含復出口),66,20479
2018-11,39206210,聚對苯二甲酸乙二酯製板、片及扁條,印度,出口總值(含復出口),407,255106
2018-11,39206210,聚對苯二甲酸乙二酯製板、片及扁條,多明尼加,出口總值(含復出口),24,14750
2018-11,39206210,聚對苯二甲酸乙二酯製板、片及扁條,俄羅斯,出口總值(含復出口),81,36373
2018-11,39206210,聚對苯二甲酸乙二酯製板、片及扁條,南非,出口總值(含復出口),12,10730
2018-11,39206210,聚對苯二甲酸乙二酯製板、片及扁條,美國,出口總值(含復出口),859,498596
2018-11,39206210,聚對苯二甲酸乙二酯製板、片及扁條,香港,出口總值(含復出口),643,43310
2018-11,39206210,聚對苯二甲酸乙二酯製板、片及扁條,哥斯大黎加,出口總值(含復出口),21,12000
2018-11,39206210,聚對苯二甲酸乙二酯製板、片及扁條,泰國,出口總值(含復出口),84,41712
2018-11,39206210,聚對苯二甲酸乙二酯製板、片及扁條,紐西蘭,出口總值(含復出口),137,93087
2018-11,39206210,聚對苯二甲酸乙二酯製板、片及扁條,馬來西亞,出口總值(含復出口),490,201634
2018-11,39206210,聚對苯二甲酸乙二酯製板、片及扁條,荷蘭,出口總值(含復出口),9,473
2018-11,39206210,聚對苯二甲酸乙二酯製板、片及扁條,斯里蘭卡,出口總值(含復出口),57,36700
2018-11,39206210,聚對苯二甲酸乙二酯製板、片及扁條,菲律賓,出口總值(含復出口),408,225717
2018-11,39206210,聚對苯二甲酸乙二酯製板、片及扁條,越南,出口總值(含復出口),27,9644
2018-11,39206210,聚對苯二甲酸乙二酯製板、片及扁條,新加坡,出口總值(含復出口),36,18445
2018-11,39206210,聚對苯二甲酸乙二酯製板、片及扁條,德國,出口總值(含復出口),4,237
2018-11,39206210,聚對苯二甲酸乙二酯製板、片及扁條,澳大利亞,出口總值(含復出口),1192,786020
2018-11,39206210,聚對苯二甲酸乙二酯製板、片及扁條,羅馬尼亞,出口總值(含復出口),3,75
2018-11,39209991,其他塑膠板、片及扁條，非多孔性及未經以其他物質加強、積層、支持或與其他物質類似結合者,中國大陸,進口總值(含復進口),279,51291
2018-11,39209991,其他塑膠板、片及扁條，非多孔性及未經以其他物質加強、積層、支持或與其他物質類似結合者,中華民國,進口總值(含復進口),0,3
2018-11,39209991,其他塑膠板、片及扁條，非多孔性及未經以其他物質加強、積層、支持或與其他物質類似結合者,日本,進口總值(含復進口),153,21785
2018-11,39209991,其他塑膠板、片及扁條，非多孔性及未經以其他物質加強、積層、支持或與其他物質類似結合者,加拿大,進口總值(含復進口),7,140
2018-11,39209991,其他塑膠板、片及扁條，非多孔性及未經以其他物質加強、積層、支持或與其他物質類似結合者,南韓,進口總值(含復進口),125,26918
2018-11,39209991,其他塑膠板、片及扁條，非多孔性及未經以其他物質加強、積層、支持或與其他物質類似結合者,美國,進口總值(含復進口),272,1753
2018-11,39209991,其他塑膠板、片及扁條，非多孔性及未經以其他物質加強、積層、支持或與其他物質類似結合者,英國,進口總值(含復進口),28,4
2018-11,39209991,其他塑膠板、片及扁條，非多孔性及未經以其他物質加強、積層、支持或與其他物質類似結合者,馬來西亞,進口總值(含復進口),0,71
2018-11,39209991,其他塑膠板、片及扁條，非多孔性及未經以其他物質加強、積層、支持或與其他物質類似結合者,荷蘭,進口總值(含復進口),0,0
2018-11,39209991,其他塑膠板、片及扁條，非多孔性及未經以其他物質加強、積層、支持或與其他物質類似結合者,瑞典,進口總值(含復進口),10,3
2018-11,39209991,其他塑膠板、片及扁條，非多孔性及未經以其他物質加強、積層、支持或與其他物質類似結合者,義大利,進口總值(含復進口),39,1289
2018-11,39209991,其他塑膠板、片及扁條，非多孔性及未經以其他物質加強、積層、支持或與其他物質類似結合者,德國,進口總值(含復進口),52,2744
2018-11,39209991,其他塑膠板、片及扁條，非多孔性及未經以其他物質加強、積層、支持或與其他物質類似結合者,中國大陸,出口總值(含復出口),2143,229814
2018-11,39209991,其他塑膠板、片及扁條，非多孔性及未經以其他物質加強、積層、支持或與其他物質類似結合者,厄瓜多,出口總值(含復出口),2,121
2018-11,39209991,其他塑膠板、片及扁條，非多孔性及未經以其他物質加強、積層、支持或與其他物質類似結合者,巴西,出口總值(含復出口),15,79
2018-11,39209991,其他塑膠板、片及扁條，非多孔性及未經以其他物質加強、積層、支持或與其他物質類似結合者,日本,出口總值(含復出口),114,1615
2018-11,39209991,其他塑膠板、片及扁條，非多孔性及未經以其他物質加強、積層、支持或與其他物質類似結合者,印尼,出口總值(含復出口),64,10997
2018-11,39209991,其他塑膠板、片及扁條，非多孔性及未經以其他物質加強、積層、支持或與其他物質類似結合者,科威特,出口總值(含復出口),85,19719
2018-11,39209991,其他塑膠板、片及扁條，非多孔性及未經以其他物質加強、積層、支持或與其他物質類似結合者,美國,出口總值(含復出口),89,1559
2018-11,39209991,其他塑膠板、片及扁條，非多孔性及未經以其他物質加強、積層、支持或與其他物質類似結合者,英國,出口總值(含復出口),1,33
2018-11,39209991,其他塑膠板、片及扁條，非多孔性及未經以其他物質加強、積層、支持或與其他物質類似結合者,香港,出口總值(含復出口),22,2663
2018-11,39209991,其他塑膠板、片及扁條，非多孔性及未經以其他物質加強、積層、支持或與其他物質類似結合者,泰國,出口總值(含復出口),8,1169
2018-11,39209991,其他塑膠板、片及扁條，非多孔性及未經以其他物質加強、積層、支持或與其他物質類似結合者,紐西蘭,出口總值(含復出口),7,247
2018-11,39209991,其他塑膠板、片及扁條，非多孔性及未經以其他物質加強、積層、支持或與其他物質類似結合者,馬來西亞,出口總值(含復出口),22,7150
2018-11,39209991,其他塑膠板、片及扁條，非多孔性及未經以其他物質加強、積層、支持或與其他物質類似結合者,菲律賓,出口總值(含復出口),86,14037
2018-11,39209991,其他塑膠板、片及扁條，非多孔性及未經以其他物質加強、積層、支持或與其他物質類似結合者,越南,出口總值(含復出口),30,5394
2018-11,39209991,其他塑膠板、片及扁條，非多孔性及未經以其他物質加強、積層、支持或與其他物質類似結合者,新加坡,出口總值(含復出口),5,553
2018-11,39209991,其他塑膠板、片及扁條，非多孔性及未經以其他物質加強、積層、支持或與其他物質類似結合者,德國,出口總值(含復出口),7,1177
2018-11,39209991,其他塑膠板、片及扁條，非多孔性及未經以其他物質加強、積層、支持或與其他物質類似結合者,緬甸,出口總值(含復出口),1,185
2018-11,39209991,其他塑膠板、片及扁條，非多孔性及未經以其他物質加強、積層、支持或與其他物質類似結合者,澳大利亞,出口總值(含復出口),2,579
2018-11,39209991,其他塑膠板、片及扁條，非多孔性及未經以其他物質加強、積層、支持或與其他物質類似結合者,關島,出口總值(含復出口),0,21
2018-12,39199020,供製造半導體晶圓用之自黏性圓形研磨墊，屬塑膠製品者,中國大陸,進口總值(含復進口),1,3
2018-12,39199020,供製造半導體晶圓用之自黏性圓形研磨墊，屬塑膠製品者,中華民國,進口總值(含復進口),13,49
2018-12,39199020,供製造半導體晶圓用之自黏性圓形研磨墊，屬塑膠製品者,日本,進口總值(含復進口),286,4120
2018-12,39199020,供製造半導體晶圓用之自黏性圓形研磨墊，屬塑膠製品者,南韓,進口總值(含復進口),3,22
2018-12,39199020,供製造半導體晶圓用之自黏性圓形研磨墊，屬塑膠製品者,美國,進口總值(含復進口),1065,3309
2018-12,39199020,供製造半導體晶圓用之自黏性圓形研磨墊，屬塑膠製品者,中國大陸,出口總值(含復出口),7453,15641
2018-12,39199020,供製造半導體晶圓用之自黏性圓形研磨墊，屬塑膠製品者,日本,出口總值(含復出口),300,834
2018-12,39199020,供製造半導體晶圓用之自黏性圓形研磨墊，屬塑膠製品者,南韓,出口總值(含復出口),16517,42167
2018-12,39199020,供製造半導體晶圓用之自黏性圓形研磨墊，屬塑膠製品者,美國,出口總值(含復出口),956,2610
2018-12,39199020,供製造半導體晶圓用之自黏性圓形研磨墊，屬塑膠製品者,馬來西亞,出口總值(含復出口),214,200
2018-12,39199020,供製造半導體晶圓用之自黏性圓形研磨墊，屬塑膠製品者,新加坡,出口總值(含復出口),1488,3060
2018-12,39201010,聚乙烯塑膠板、片及扁條,中國大陸,進口總值(含復進口),329,158038
2018-12,39201010,聚乙烯塑膠板、片及扁條,中華民國,進口總值(含復進口),2,3895
2018-12,39201010,聚乙烯塑膠板、片及扁條,日本,進口總值(含復進口),142,81416
2018-12,39201010,聚乙烯塑膠板、片及扁條,加拿大,進口總值(含復進口),2,600
2018-12,39201010,聚乙烯塑膠板、片及扁條,印度,進口總值(含復進口),7,2067
2018-12,39201010,聚乙烯塑膠板、片及扁條,南韓,進口總值(含復進口),33,14122
2018-12,39201010,聚乙烯塑膠板、片及扁條,美國,進口總值(含復進口),32,1125
2018-12,39201010,聚乙烯塑膠板、片及扁條,馬來西亞,進口總值(含復進口),64,27093
2018-12,39201010,聚乙烯塑膠板、片及扁條,捷克,進口總值(含復進口),1,164
2018-12,39201010,聚乙烯塑膠板、片及扁條,荷蘭,進口總值(含復進口),0,14
2018-12,39201010,聚乙烯塑膠板、片及扁條,奧地利,進口總值(含復進口),30,5953
2018-12,39201010,聚乙烯塑膠板、片及扁條,新加坡,進口總值(含復進口),3,272
2018-12,39201010,聚乙烯塑膠板、片及扁條,義大利,進口總值(含復進口),2,66
2018-12,39201010,聚乙烯塑膠板、片及扁條,德國,進口總值(含復進口),143,32061
2018-12,39201010,聚乙烯塑膠板、片及扁條,中國大陸,出口總值(含復出口),441,118474
2018-12,39201010,聚乙烯塑膠板、片及扁條,巴基斯坦,出口總值(含復出口),13,11750
2018-12,39201010,聚乙烯塑膠板、片及扁條,日本,出口總值(含復出口),197,49656
2018-12,39201010,聚乙烯塑膠板、片及扁條,加拿大,出口總值(含復出口),17,2334
2018-12,39201010,聚乙烯塑膠板、片及扁條,印尼,出口總值(含復出口),13,5852
2018-12,39201010,聚乙烯塑膠板、片及扁條,印度,出口總值(含復出口),9,710
2018-12,39201010,聚乙烯塑膠板、片及扁條,帛琉,出口總值(含復出口),2,800
2018-12,39201010,聚乙烯塑膠板、片及扁條,阿拉伯聯合大公國,出口總值(含復出口),43,21024
2018-12,39201010,聚乙烯塑膠板、片及扁條,南非,出口總值(含復出口),3,1342
2018-12,39201010,聚乙烯塑膠板、片及扁條,柬埔寨,出口總值(含復出口),10,5243
2018-12,39201010,聚乙烯塑膠板、片及扁條,美國,出口總值(含復出口),232,93464
2018-12,39201010,聚乙烯塑膠板、片及扁條,香港,出口總值(含復出口),71,43298
2018-12,39201010,聚乙烯塑膠板、片及扁條,埃及,出口總值(含復出口),8,2738
2018-12,39201010,聚乙烯塑膠板、片及扁條,泰國,出口總值(含復出口),475,125985
2018-12,39201010,聚乙烯塑膠板、片及扁條,紐西蘭,出口總值(含復出口),6,1050
2018-12,39201010,聚乙烯塑膠板、片及扁條,馬來西亞,出口總值(含復出口),69,24870
2018-12,39201010,聚乙烯塑膠板、片及扁條,荷蘭,出口總值(含復出口),6,384
2018-12,39201010,聚乙烯塑膠板、片及扁條,智利,出口總值(含復出口),4,3000
2018-12,39201010,聚乙烯塑膠板、片及扁條,菲律賓,出口總值(含復出口),837,365187
2018-12,39201010,聚乙烯塑膠板、片及扁條,越南,出口總值(含復出口),24,7910
2018-12,39201010,聚乙烯塑膠板、片及扁條,墨西哥,出口總值(含復出口),28,1402
2018-12,39201010,聚乙烯塑膠板、片及扁條,澳大利亞,出口總值(含復出口),9,993
2018-12,39202021,電容器用金屬化聚丙烯薄膜，留有未鍍邊，總寬度不超過１００公厘，總厚度在０．０１５公厘以上，０．０２５公厘以下者,中國大陸,進口總值(含復進口),158,5241
2018-12,39202021,電容器用金屬化聚丙烯薄膜，留有未鍍邊，總寬度不超過１００公厘，總厚度在０．０１５公厘以上，０．０２５公厘以下者,日本,進口總值(含復進口),7,9
2018-12,39202021,電容器用金屬化聚丙烯薄膜，留有未鍍邊，總寬度不超過１００公厘，總厚度在０．０１５公厘以上，０．０２５公厘以下者,南韓,進口總值(含復進口),1,76
2018-12,39205110,聚甲基丙烯酸甲酯板、片及扁條,土耳其,進口總值(含復進口),4,80
2018-12,39205110,聚甲基丙烯酸甲酯板、片及扁條,中國大陸,進口總值(含復進口),138,24906
2018-12,39205110,聚甲基丙烯酸甲酯板、片及扁條,日本,進口總值(含復進口),96,24937
2018-12,39205110,聚甲基丙烯酸甲酯板、片及扁條,南韓,進口總值(含復進口),1178,478836
2018-12,39205110,聚甲基丙烯酸甲酯板、片及扁條,美國,進口總值(含復進口),230,58433
2018-12,39205110,聚甲基丙烯酸甲酯板、片及扁條,越南,進口總值(含復進口),95,23870
2018-12,39205110,聚甲基丙烯酸甲酯板、片及扁條,德國,進口總值(含復進口),3,193
2018-12,39205110,聚甲基丙烯酸甲酯板、片及扁條,中國大陸,出口總值(含復出口),10378,3055228
2018-12,39205110,聚甲基丙烯酸甲酯板、片及扁條,厄瓜多,出口總值(含復出口),13,3673
2018-12,39205110,聚甲基丙烯酸甲酯板、片及扁條,巴西,出口總值(含復出口),89,25399
2018-12,39205110,聚甲基丙烯酸甲酯板、片及扁條,日本,出口總值(含復出口),425,90906
2018-12,39205110,聚甲基丙烯酸甲酯板、片及扁條,卡達,出口總值(含復出口),121,31258
2018-12,39205110,聚甲基丙烯酸甲酯板、片及扁條,瓜地馬拉,出口總值(含復出口),55,15374
2018-12,39205110,聚甲基丙烯酸甲酯板、片及扁條,伊拉克,出口總值(含復出口),76,16601
2018-12,39205110,聚甲基丙烯酸甲酯板、片及扁條,印度,出口總值(含復出口),198,90493
2018-12,39205110,聚甲基丙烯酸甲酯板、片及扁條,沙烏地阿拉伯,出口總值(含復出口),520,148388
2018-12,39205110,聚甲基丙烯酸甲酯板、片及扁條,奈及利亞,出口總值(含復出口),28,11493
2018-12,39205110,聚甲基丙烯酸甲酯板、片及扁條,法國,出口總值(含復出口),0,15
2018-12,39205110,聚甲基丙烯酸甲酯板、片及扁條,芬蘭,出口總值(含復出口),111,28760
2018-12,39205110,聚甲基丙烯酸甲酯板、片及扁條,阿拉伯聯合大公國,出口總值(含復出口),635,174710
2018-12,39205110,聚甲基丙烯酸甲酯板、片及扁條,阿曼,出口總值(含復出口),61,16977
2018-12,39205110,聚甲基丙烯酸甲酯板、片及扁條,南非,出口總值(含復出口),103,22602
2018-12,39205110,聚甲基丙烯酸甲酯板、片及扁條,南韓,出口總值(含復出口),1820,488380
2018-12,39205110,聚甲基丙烯酸甲酯板、片及扁條,科威特,出口總值(含復出口),97,21083
2018-12,39205110,聚甲基丙烯酸甲酯板、片及扁條,美國,出口總值(含復出口),1655,421922
2018-12,39205110,聚甲基丙烯酸甲酯板、片及扁條,香港,出口總值(含復出口),415,108718
2018-12,39205110,聚甲基丙烯酸甲酯板、片及扁條,馬來西亞,出口總值(含復出口),52,29573
2018-12,39205110,聚甲基丙烯酸甲酯板、片及扁條,智利,出口總值(含復出口),20,4389
2018-12,39205110,聚甲基丙烯酸甲酯板、片及扁條,越南,出口總值(含復出口),408,107333
2018-12,39205110,聚甲基丙烯酸甲酯板、片及扁條,新加坡,出口總值(含復出口),396,107905
2018-12,39205110,聚甲基丙烯酸甲酯板、片及扁條,瑞典,出口總值(含復出口),19,308
2018-12,39205110,聚甲基丙烯酸甲酯板、片及扁條,德國,出口總值(含復出口),26,3675
2018-12,39205110,聚甲基丙烯酸甲酯板、片及扁條,黎巴嫩,出口總值(含復出口),109,31584
2018-12,39205110,聚甲基丙烯酸甲酯板、片及扁條,薩爾瓦多,出口總值(含復出口),59,15710
2018-12,39206210,聚對苯二甲酸乙二酯製板、片及扁條,中國大陸,進口總值(含復進口),667,180752
2018-12,39206210,聚對苯二甲酸乙二酯製板、片及扁條,日本,進口總值(含復進口),124,1790
2018-12,39206210,聚對苯二甲酸乙二酯製板、片及扁條,印度,進口總值(含復進口),14,6000
2018-12,39206210,聚對苯二甲酸乙二酯製板、片及扁條,南韓,進口總值(含復進口),711,203646
2018-12,39206210,聚對苯二甲酸乙二酯製板、片及扁條,美國,進口總值(含復進口),24,423
2018-12,39206210,聚對苯二甲酸乙二酯製板、片及扁條,泰國,進口總值(含復進口),15,9715
2018-12,39206210,聚對苯二甲酸乙二酯製板、片及扁條,千里達及托巴哥,出口總值(含復出口),34,23100
2018-12,39206210,聚對苯二甲酸乙二酯製板、片及扁條,中國大陸,出口總值(含復出口),8192,1153502
2018-12,39206210,聚對苯二甲酸乙二酯製板、片及扁條,日本,出口總值(含復出口),1088,627800
2018-12,39206210,聚對苯二甲酸乙二酯製板、片及扁條,加拿大,出口總值(含復出口),56,36498
2018-12,39206210,聚對苯二甲酸乙二酯製板、片及扁條,印尼,出口總值(含復出口),45,27000
2018-12,39206210,聚對苯二甲酸乙二酯製板、片及扁條,印度,出口總值(含復出口),214,135512
2018-12,39206210,聚對苯二甲酸乙二酯製板、片及扁條,阿曼,出口總值(含復出口),12,10730
2018-12,39206210,聚對苯二甲酸乙二酯製板、片及扁條,美國,出口總值(含復出口),547,286718
2018-12,39206210,聚對苯二甲酸乙二酯製板、片及扁條,香港,出口總值(含復出口),715,53636
2018-12,39206210,聚對苯二甲酸乙二酯製板、片及扁條,泰國,出口總值(含復出口),65,32000
2018-12,39206210,聚對苯二甲酸乙二酯製板、片及扁條,紐西蘭,出口總值(含復出口),125,87797
2018-12,39206210,聚對苯二甲酸乙二酯製板、片及扁條,馬來西亞,出口總值(含復出口),582,245190
2018-12,39206210,聚對苯二甲酸乙二酯製板、片及扁條,荷蘭,出口總值(含復出口),26,1380
2018-12,39206210,聚對苯二甲酸乙二酯製板、片及扁條,斯里蘭卡,出口總值(含復出口),5,3150
2018-12,39206210,聚對苯二甲酸乙二酯製板、片及扁條,菲律賓,出口總值(含復出口),60,26925
2018-12,39206210,聚對苯二甲酸乙二酯製板、片及扁條,越南,出口總值(含復出口),14,6169
2018-12,39206210,聚對苯二甲酸乙二酯製板、片及扁條,新加坡,出口總值(含復出口),86,33740
2018-12,39206210,聚對苯二甲酸乙二酯製板、片及扁條,德國,出口總值(含復出口),28,16560
2018-12,39206210,聚對苯二甲酸乙二酯製板、片及扁條,緬甸,出口總值(含復出口),3,24880
2018-12,39206210,聚對苯二甲酸乙二酯製板、片及扁條,墨西哥,出口總值(含復出口),187,139307
2018-12,39206210,聚對苯二甲酸乙二酯製板、片及扁條,澳大利亞,出口總值(含復出口),671,457578
2018-12,39206210,聚對苯二甲酸乙二酯製板、片及扁條,賽普勒斯,出口總值(含復出口),5,1800
2018-12,39206210,聚對苯二甲酸乙二酯製板、片及扁條,羅馬尼亞,出口總值(含復出口),0,4
2018-12,39209991,其他塑膠板、片及扁條，非多孔性及未經以其他物質加強、積層、支持或與其他物質類似結合者,中國大陸,進口總值(含復進口),359,74734
2018-12,39209991,其他塑膠板、片及扁條，非多孔性及未經以其他物質加強、積層、支持或與其他物質類似結合者,日本,進口總值(含復進口),171,19063
2018-12,39209991,其他塑膠板、片及扁條，非多孔性及未經以其他物質加強、積層、支持或與其他物質類似結合者,加拿大,進口總值(含復進口),4,77
2018-12,39209991,其他塑膠板、片及扁條，非多孔性及未經以其他物質加強、積層、支持或與其他物質類似結合者,南韓,進口總值(含復進口),212,55347
2018-12,39209991,其他塑膠板、片及扁條，非多孔性及未經以其他物質加強、積層、支持或與其他物質類似結合者,美國,進口總值(含復進口),418,3393
2018-12,39209991,其他塑膠板、片及扁條，非多孔性及未經以其他物質加強、積層、支持或與其他物質類似結合者,英國,進口總值(含復進口),14,2
2018-12,39209991,其他塑膠板、片及扁條，非多孔性及未經以其他物質加強、積層、支持或與其他物質類似結合者,馬來西亞,進口總值(含復進口),17,2965
2018-12,39209991,其他塑膠板、片及扁條，非多孔性及未經以其他物質加強、積層、支持或與其他物質類似結合者,義大利,進口總值(含復進口),22,984
2018-12,39209991,其他塑膠板、片及扁條，非多孔性及未經以其他物質加強、積層、支持或與其他物質類似結合者,德國,進口總值(含復進口),16,693
2018-12,39209991,其他塑膠板、片及扁條，非多孔性及未經以其他物質加強、積層、支持或與其他物質類似結合者,中國大陸,出口總值(含復出口),2801,318042
2018-12,39209991,其他塑膠板、片及扁條，非多孔性及未經以其他物質加強、積層、支持或與其他物質類似結合者,日本,出口總值(含復出口),126,5515
2018-12,39209991,其他塑膠板、片及扁條，非多孔性及未經以其他物質加強、積層、支持或與其他物質類似結合者,加拿大,出口總值(含復出口),22,16066
2018-12,39209991,其他塑膠板、片及扁條，非多孔性及未經以其他物質加強、積層、支持或與其他物質類似結合者,印度,出口總值(含復出口),4,100
2018-12,39209991,其他塑膠板、片及扁條，非多孔性及未經以其他物質加強、積層、支持或與其他物質類似結合者,西班牙,出口總值(含復出口),2,189
2018-12,39209991,其他塑膠板、片及扁條，非多孔性及未經以其他物質加強、積層、支持或與其他物質類似結合者,委內瑞拉,出口總值(含復出口),0,1
2018-12,39209991,其他塑膠板、片及扁條，非多孔性及未經以其他物質加強、積層、支持或與其他物質類似結合者,科威特,出口總值(含復出口),103,24588
2018-12,39209991,其他塑膠板、片及扁條，非多孔性及未經以其他物質加強、積層、支持或與其他物質類似結合者,美國,出口總值(含復出口),167,8433
2018-12,39209991,其他塑膠板、片及扁條，非多孔性及未經以其他物質加強、積層、支持或與其他物質類似結合者,香港,出口總值(含復出口),50,3144
2018-12,39209991,其他塑膠板、片及扁條，非多孔性及未經以其他物質加強、積層、支持或與其他物質類似結合者,泰國,出口總值(含復出口),2,58
2018-12,39209991,其他塑膠板、片及扁條，非多孔性及未經以其他物質加強、積層、支持或與其他物質類似結合者,越南,出口總值(含復出口),24,4658
2018-12,39209991,其他塑膠板、片及扁條，非多孔性及未經以其他物質加強、積層、支持或與其他物質類似結合者,新加坡,出口總值(含復出口),2,22
2018-12,39209991,其他塑膠板、片及扁條，非多孔性及未經以其他物質加強、積層、支持或與其他物質類似結合者,葡萄牙,出口總值(含復出口),0,6
2018-12,39209991,其他塑膠板、片及扁條，非多孔性及未經以其他物質加強、積層、支持或與其他物質類似結合者,德國,出口總值(含復出口),7,1308
2018-12,39209991,其他塑膠板、片及扁條，非多孔性及未經以其他物質加強、積層、支持或與其他物質類似結合者,緬甸,出口總值(含復出口),1,923
2018-12,39209991,其他塑膠板、片及扁條，非多孔性及未經以其他物質加強、積層、支持或與其他物質類似結合者,澳大利亞,出口總值(含復出口),10,6840
2018-1,27101965,白臘油,中國大陸,出口總值(含復出口),564,604000
2018-1,27101965,白臘油,日本,進口總值(含復進口),920,991000
2018-1,27101965,白臘油,日本,出口總值(含復出口),73,80000
2018-1,27101965,白臘油,印尼,出口總值(含復出口),112,120000
2018-1,27101965,白臘油,印度,進口總值(含復進口),77,67000
2018-1,27101965,白臘油,其他國家,出口總值(含復出口),1,0
2018-1,27101965,白臘油,法國,進口總值(含復進口),23,20000
2018-1,27101965,白臘油,南韓,進口總值(含復進口),605,702000
2018-1,27101965,白臘油,美國,進口總值(含復進口),62,29000
2018-1,27101965,白臘油,香港,出口總值(含復出口),9,15000
2018-1,27101965,白臘油,泰國,進口總值(含復進口),179,298000
2018-1,27101965,白臘油,泰國,出口總值(含復出口),74,72000
2018-1,27101965,白臘油,馬來西亞,進口總值(含復進口),964,1048000
2018-1,27101965,白臘油,馬來西亞,出口總值(含復出口),90,88000
2018-1,27101965,白臘油,越南,出口總值(含復出口),419,433000
2018-1,27101965,白臘油,新加坡,進口總值(含復進口),18,17000
2018-1,27101965,白臘油,新加坡,出口總值(含復出口),5,6000
2018-1,27101965,白臘油,德國,進口總值(含復進口),0,0
2018-1,27101965,白臘油,德國,出口總值(含復出口),19,20000
2018-1,27101965,白臘油,澳大利亞,出口總值(含復出口),36,40000
2018-1,29051220,異丙醇,中國大陸,進口總值(含復進口),0,0
2018-1,29051220,異丙醇,中國大陸,出口總值(含復出口),5227,5036000
2018-1,29051220,異丙醇,中華民國,進口總值(含復進口),1,0
2018-1,29051220,異丙醇,巴基斯坦,出口總值(含復出口),724,757000
2018-1,29051220,異丙醇,日本,進口總值(含復進口),2075,1671000
2018-1,29051220,異丙醇,加拿大,進口總值(含復進口),6,2000
2018-1,29051220,異丙醇,印尼,出口總值(含復出口),27,26000
2018-1,29051220,異丙醇,印度,出口總值(含復出口),145,117000
2018-1,29051220,異丙醇,西班牙,進口總值(含復進口),2,0
2018-1,29051220,異丙醇,孟加拉,出口總值(含復出口),90,97000
2018-1,29051220,異丙醇,南非,出口總值(含復出口),28,26000
2018-1,29051220,異丙醇,南韓,進口總值(含復進口),0,0
2018-1,29051220,異丙醇,南韓,出口總值(含復出口),1085,1035000
2018-1,29051220,異丙醇,美國,進口總值(含復進口),6,0
2018-1,29051220,異丙醇,美國,出口總值(含復出口),905,1002000
2018-1,29051220,異丙醇,香港,出口總值(含復出口),40,6000
2018-1,29051220,異丙醇,泰國,出口總值(含復出口),30,39000
2018-1,29051220,異丙醇,馬來西亞,出口總值(含復出口),123,57000
2018-1,29051220,異丙醇,荷蘭,進口總值(含復進口),0,0
2018-1,29051220,異丙醇,菲律賓,出口總值(含復出口),134,65000
2018-1,29051220,異丙醇,越南,出口總值(含復出口),40,52000
2018-1,29051220,異丙醇,新加坡,出口總值(含復出口),103,57000
2018-1,29051220,異丙醇,瑞士,進口總值(含復進口),0,0
2018-1,29051220,異丙醇,德國,進口總值(含復進口),47,8000
2018-1,29051300,正丁醇,中國大陸,出口總值(含復出口),8129,9000000
2018-1,29051300,正丁醇,日本,進口總值(含復進口),0,0
2018-1,29051300,正丁醇,日本,出口總值(含復出口),25,20000
2018-1,29051300,正丁醇,以色列,出口總值(含復出口),20,19000
2018-1,29051300,正丁醇,西班牙,進口總值(含復進口),1,0
2018-1,29051300,正丁醇,南非,進口總值(含復進口),521,602000
2018-1,29051300,正丁醇,南韓,進口總值(含復進口),0,0
2018-1,29051300,正丁醇,南韓,出口總值(含復出口),869,1000000
2018-1,29051300,正丁醇,美國,進口總值(含復進口),0,0
2018-1,29051300,正丁醇,香港,出口總值(含復出口),0,0
2018-1,29051300,正丁醇,泰國,出口總值(含復出口),95,102000
2018-1,29051300,正丁醇,菲律賓,出口總值(含復出口),20,21000
2018-1,29051300,正丁醇,越南,出口總值(含復出口),2,1000
2018-1,29051300,正丁醇,瑞士,進口總值(含復進口),0,0
2018-1,29051300,正丁醇,德國,進口總值(含復進口),0,0
2018-1,29051300,正丁醇,澳大利亞,出口總值(含復出口),28,25000
2018-1,29094100,２，２'－氧基二乙醇（二乙二醇）,中國大陸,出口總值(含復出口),11811,13973915
2018-1,29094100,２，２'－氧基二乙醇（二乙二醇）,巴基斯坦,出口總值(含復出口),33,36000
2018-1,29094100,２，２'－氧基二乙醇（二乙二醇）,日本,進口總值(含復進口),0,10
2018-1,29094100,２，２'－氧基二乙醇（二乙二醇）,日本,出口總值(含復出口),38,36000
2018-1,29094100,２，２'－氧基二乙醇（二乙二醇）,孟加拉,出口總值(含復出口),20,18000
2018-1,29094100,２，２'－氧基二乙醇（二乙二醇）,南韓,進口總值(含復進口),0,2
2018-1,29094100,２，２'－氧基二乙醇（二乙二醇）,美國,進口總值(含復進口),0,0
2018-1,29094100,２，２'－氧基二乙醇（二乙二醇）,秘魯,出口總值(含復出口),20,18000
2018-1,29094100,２，２'－氧基二乙醇（二乙二醇）,智利,出口總值(含復出口),23,19800
2018-1,29094100,２，２'－氧基二乙醇（二乙二醇）,越南,出口總值(含復出口),64,68920
2018-1,29094100,２，２'－氧基二乙醇（二乙二醇）,澳門,出口總值(含復出口),39,36000
2018-1,29094310,乙二醇丁醚,中國大陸,出口總值(含復出口),73,55800
2018-1,29094310,乙二醇丁醚,中華民國,進口總值(含復進口),0,24
2018-1,29094310,乙二醇丁醚,巴基斯坦,出口總值(含復出口),51,44400
2018-1,29094310,乙二醇丁醚,日本,進口總值(含復進口),1,277
2018-1,29094310,乙二醇丁醚,日本,出口總值(含復出口),101,88800
2018-1,29094310,乙二醇丁醚,沙烏地阿拉伯,進口總值(含復進口),273,254800
2018-1,29094310,乙二醇丁醚,南韓,進口總值(含復進口),0,1
2018-1,29094310,乙二醇丁醚,南韓,出口總值(含復出口),18,14400
2018-1,29094310,乙二醇丁醚,美國,進口總值(含復進口),600,701114
2018-1,29094310,乙二醇丁醚,香港,出口總值(含復出口),20,14800
2018-1,29094310,乙二醇丁醚,泰國,出口總值(含復出口),161,133200
2018-1,29094310,乙二醇丁醚,斯里蘭卡,出口總值(含復出口),96,83250
2018-1,29094310,乙二醇丁醚,菲律賓,出口總值(含復出口),3,1295
2018-1,29094310,乙二醇丁醚,越南,出口總值(含復出口),350,296000
2018-1,29094310,乙二醇丁醚,新加坡,出口總值(含復出口),141,129590
2018-1,29094310,乙二醇丁醚,澳大利亞,出口總值(含復出口),50,38000
2018-1,29153200,醋酸乙烯酯,中國大陸,進口總值(含復進口),22,19900
2018-1,29153200,醋酸乙烯酯,中國大陸,出口總值(含復出口),22913,24147713
2018-1,29153200,醋酸乙烯酯,巴基斯坦,出口總值(含復出口),610,620430
2018-1,29153200,醋酸乙烯酯,比利時,出口總值(含復出口),8238,9458763
2018-1,29153200,醋酸乙烯酯,印度,出口總值(含復出口),50,45600
2018-1,29153200,醋酸乙烯酯,奈及利亞,出口總值(含復出口),140,136800
2018-1,29153200,醋酸乙烯酯,委內瑞拉,出口總值(含復出口),55,59720
2018-1,29153200,醋酸乙烯酯,肯亞,出口總值(含復出口),64,60800
2018-1,29153200,醋酸乙烯酯,南韓,進口總值(含復進口),0,1
2018-1,29153200,醋酸乙烯酯,約旦,出口總值(含復出口),28,30400
2018-1,29153200,醋酸乙烯酯,英國,出口總值(含復出口),846,999838
2018-1,29153200,醋酸乙烯酯,哥倫比亞,出口總值(含復出口),66,59670
2018-1,29153200,醋酸乙烯酯,哥斯大黎加,出口總值(含復出口),63,59670
2018-1,29153200,醋酸乙烯酯,埃及,出口總值(含復出口),1269,1499776
2018-1,29153200,醋酸乙烯酯,斯里蘭卡,出口總值(含復出口),185,167200
2018-1,29153200,醋酸乙烯酯,新加坡,進口總值(含復進口),638,548888
2018-1,29153200,醋酸乙烯酯,義大利,出口總值(含復出口),1692,1999549
2018-2,27101965,白臘油,中國大陸,進口總值(含復進口),595,800000
2018-2,27101965,白臘油,中國大陸,出口總值(含復出口),9683,9959000
2018-2,27101965,白臘油,日本,進口總值(含復進口),1001,1023000
2018-2,27101965,白臘油,日本,出口總值(含復出口),55,60000
2018-2,27101965,白臘油,印尼,出口總值(含復出口),113,120000
2018-2,27101965,白臘油,印度,進口總值(含復進口),68,59000
2018-2,27101965,白臘油,印度,出口總值(含復出口),489,528000
2018-2,27101965,白臘油,其他國家,出口總值(含復出口),1,0
2018-2,27101965,白臘油,南韓,進口總值(含復進口),1023,1089000
2018-2,27101965,白臘油,美國,進口總值(含復進口),96,63000
2018-2,27101965,白臘油,香港,出口總值(含復出口),250,260000
2018-2,27101965,白臘油,泰國,進口總值(含復進口),308,504000
2018-2,27101965,白臘油,泰國,出口總值(含復出口),18,20000
2018-2,27101965,白臘油,馬來西亞,進口總值(含復進口),977,1045000
2018-2,27101965,白臘油,馬來西亞,出口總值(含復出口),18,20000
2018-2,27101965,白臘油,越南,出口總值(含復出口),122,120000
2018-2,27101965,白臘油,新加坡,進口總值(含復進口),15,10000
2018-2,27101965,白臘油,德國,進口總值(含復進口),0,0
2018-2,27101965,白臘油,德國,出口總值(含復出口),54,60000
2018-2,27101965,白臘油,澳大利亞,出口總值(含復出口),18,20000
2018-2,29051220,異丙醇,中國大陸,出口總值(含復出口),2411,2170000
2018-2,29051220,異丙醇,中華民國,進口總值(含復進口),0,0
2018-2,29051220,異丙醇,巴基斯坦,出口總值(含復出口),280,317000
2018-2,29051220,異丙醇,日本,進口總值(含復進口),1576,1198000
2018-2,29051220,異丙醇,加拿大,進口總值(含復進口),1,0
2018-2,29051220,異丙醇,印尼,出口總值(含復出口),952,1029000
2018-2,29051220,異丙醇,印度,進口總值(含復進口),2,0
2018-2,29051220,異丙醇,印度,出口總值(含復出口),3963,4201000
2018-2,29051220,異丙醇,孟加拉,出口總值(含復出口),33,26000
2018-2,29051220,異丙醇,阿拉伯聯合大公國,出口總值(含復出口),1828,1961000
2018-2,29051220,異丙醇,南非,出口總值(含復出口),15,13000
2018-2,29051220,異丙醇,南韓,進口總值(含復進口),1,0
2018-2,29051220,異丙醇,美國,進口總值(含復進口),2,0
2018-2,29051220,異丙醇,美國,出口總值(含復出口),170,162000
2018-2,29051220,異丙醇,英國,進口總值(含復進口),0,0
2018-2,29051220,異丙醇,泰國,出口總值(含復出口),20,11000
2018-2,29051220,異丙醇,馬來西亞,出口總值(含復出口),310,219000
2018-2,29051220,異丙醇,菲律賓,進口總值(含復進口),0,1000
2018-2,29051220,異丙醇,菲律賓,出口總值(含復出口),125,65000
2018-2,29051220,異丙醇,越南,出口總值(含復出口),83,87000
2018-2,29051220,異丙醇,新加坡,出口總值(含復出口),67,30000
2018-2,29051220,異丙醇,瑞士,進口總值(含復進口),1,0
2018-2,29051220,異丙醇,德國,進口總值(含復進口),30,5000
2018-2,29051220,異丙醇,澳大利亞,出口總值(含復出口),76,65000
2018-2,29051300,正丁醇,中國大陸,進口總值(含復進口),1,0
2018-2,29051300,正丁醇,中國大陸,出口總值(含復出口),7400,8000000
2018-2,29051300,正丁醇,印度,出口總值(含復出口),1396,1500000
2018-2,29051300,正丁醇,南非,進口總值(含復進口),1325,1521000
2018-2,29051300,正丁醇,南韓,進口總值(含復進口),0,0
2018-2,29051300,正丁醇,美國,進口總值(含復進口),0,0
2018-2,29051300,正丁醇,英國,進口總值(含復進口),1,0
2018-2,29051300,正丁醇,泰國,出口總值(含復出口),18,19000
2018-2,29051300,正丁醇,瑞士,進口總值(含復進口),0,0
2018-2,29051300,正丁醇,德國,進口總值(含復進口),0,0
2018-2,29094100,２，２'－氧基二乙醇（二乙二醇）,中國大陸,出口總值(含復出口),11912,14056925
2018-2,29094100,２，２'－氧基二乙醇（二乙二醇）,巴基斯坦,出口總值(含復出口),82,91001
2018-2,29094100,２，２'－氧基二乙醇（二乙二醇）,南非,出口總值(含復出口),14,13500
2018-2,29094100,２，２'－氧基二乙醇（二乙二醇）,南韓,進口總值(含復進口),4,800
2018-2,29094100,２，２'－氧基二乙醇（二乙二醇）,南韓,出口總值(含復出口),856,1000000
2018-2,29094100,２，２'－氧基二乙醇（二乙二醇）,約旦,出口總值(含復出口),19,18000
2018-2,29094100,２，２'－氧基二乙醇（二乙二醇）,美國,進口總值(含復進口),0,0
2018-2,29094100,２，２'－氧基二乙醇（二乙二醇）,越南,出口總值(含復出口),466,524990
2018-2,29094100,２，２'－氧基二乙醇（二乙二醇）,義大利,出口總值(含復出口),36,39720
2018-2,29094100,２，２'－氧基二乙醇（二乙二醇）,德國,出口總值(含復出口),0,25
2018-2,29094310,乙二醇丁醚,中華民國,進口總值(含復進口),0,140
2018-2,29094310,乙二醇丁醚,日本,進口總值(含復進口),3,720
2018-2,29094310,乙二醇丁醚,日本,出口總值(含復出口),116,103600
2018-2,29094310,乙二醇丁醚,沙烏地阿拉伯,進口總值(含復進口),252,215600
2018-2,29094310,乙二醇丁醚,美國,進口總值(含復進口),1791,2056401
2018-2,29094310,乙二醇丁醚,泰國,出口總值(含復出口),133,104290
2018-2,29094310,乙二醇丁醚,馬來西亞,出口總值(含復出口),45,39920
2018-2,29094310,乙二醇丁醚,斯里蘭卡,出口總值(含復出口),69,59200
2018-2,29094310,乙二醇丁醚,菲律賓,出口總值(含復出口),2,925
2018-2,29094310,乙二醇丁醚,越南,出口總值(含復出口),347,305210
2018-2,29094310,乙二醇丁醚,新加坡,出口總值(含復出口),311,294750
2018-2,29094310,乙二醇丁醚,德國,進口總值(含復進口),0,1
2018-2,29094310,乙二醇丁醚,澳大利亞,出口總值(含復出口),55,44400
2018-2,29153200,醋酸乙烯酯,中國大陸,出口總值(含復出口),19208,19553634
2018-2,29153200,醋酸乙烯酯,巴拉圭,出口總值(含復出口),26,19900
2018-2,29153200,醋酸乙烯酯,巴基斯坦,出口總值(含復出口),291,266690
2018-2,29153200,醋酸乙烯酯,比利時,出口總值(含復出口),4995,5477181
2018-2,29153200,醋酸乙烯酯,印度,出口總值(含復出口),51,45600
2018-2,29153200,醋酸乙烯酯,沙烏地阿拉伯,進口總值(含復進口),1159,996082
2018-2,29153200,醋酸乙烯酯,奈及利亞,出口總值(含復出口),400,364800
2018-2,29153200,醋酸乙烯酯,肯亞,出口總值(含復出口),17,15200
2018-2,29153200,醋酸乙烯酯,南韓,進口總值(含復進口),0,0
2018-2,29153200,醋酸乙烯酯,南韓,出口總值(含復出口),3254,2980775
2018-2,29153200,醋酸乙烯酯,突尼西亞,出口總值(含復出口),68,60800
2018-2,29153200,醋酸乙烯酯,約旦,出口總值(含復出口),118,106400
2018-2,29153200,醋酸乙烯酯,美國,進口總值(含復進口),3,212
2018-2,29153200,醋酸乙烯酯,哥倫比亞,出口總值(含復出口),38,39880
2018-2,29153200,醋酸乙烯酯,埃及,出口總值(含復出口),1366,1485279
2018-2,29153200,醋酸乙烯酯,新加坡,進口總值(含復進口),520,449790
2018-2,29153200,醋酸乙烯酯,德國,進口總值(含復進口),0,0
2018-3,27101965,白臘油,中國大陸,出口總值(含復出口),3531,3671000
2018-3,27101965,白臘油,巴西,進口總值(含復進口),37,28000
2018-3,27101965,白臘油,日本,進口總值(含復進口),1375,2004000
2018-3,27101965,白臘油,日本,出口總值(含復出口),76,80000
2018-3,27101965,白臘油,印尼,出口總值(含復出口),116,120000
2018-3,27101965,白臘油,印度,進口總值(含復進口),48,41000
2018-3,27101965,白臘油,印度,出口總值(含復出口),7,5000
2018-3,27101965,白臘油,西班牙,進口總值(含復進口),0,0
2018-3,27101965,白臘油,沙烏地阿拉伯,出口總值(含復出口),371,400000
2018-3,27101965,白臘油,其他國家,出口總值(含復出口),2,0
2018-3,27101965,白臘油,法國,進口總值(含復進口),38,14000
2018-3,27101965,白臘油,南韓,進口總值(含復進口),2217,2420000
2018-3,27101965,白臘油,美國,進口總值(含復進口),80,40000
2018-3,27101965,白臘油,香港,出口總值(含復出口),1015,1059000
2018-3,27101965,白臘油,泰國,進口總值(含復進口),172,281000
2018-3,27101965,白臘油,泰國,出口總值(含復出口),111,120000
2018-3,27101965,白臘油,馬來西亞,進口總值(含復進口),2768,2950000
2018-3,27101965,白臘油,馬來西亞,出口總值(含復出口),75,73000
2018-3,27101965,白臘油,越南,出口總值(含復出口),124,119000
2018-3,27101965,白臘油,新加坡,出口總值(含復出口),2,3000
2018-3,27101965,白臘油,義大利,進口總值(含復進口),1454,1720000
2018-3,27101965,白臘油,義大利,出口總值(含復出口),386,401000
2018-3,27101965,白臘油,德國,進口總值(含復進口),0,0
2018-3,27101965,白臘油,德國,出口總值(含復出口),187,200000
2018-3,27101965,白臘油,澳大利亞,出口總值(含復出口),18,20000
2018-3,29051220,異丙醇,中國大陸,出口總值(含復出口),777,274000
2018-3,29051220,異丙醇,中華民國,進口總值(含復進口),0,0
2018-3,29051220,異丙醇,巴基斯坦,出口總值(含復出口),399,416000
2018-3,29051220,異丙醇,日本,進口總值(含復進口),1759,1335000
2018-3,29051220,異丙醇,以色列,出口總值(含復出口),117,111000
2018-3,29051220,異丙醇,加拿大,進口總值(含復進口),37,12000
2018-3,29051220,異丙醇,印尼,出口總值(含復出口),1,0
2018-3,29051220,異丙醇,印度,出口總值(含復出口),2154,2173000
2018-3,29051220,異丙醇,西班牙,進口總值(含復進口),0,0
2018-3,29051220,異丙醇,奈及利亞,出口總值(含復出口),48,51000
2018-3,29051220,異丙醇,孟加拉,出口總值(含復出口),134,94000
2018-3,29051220,異丙醇,南韓,進口總值(含復進口),1,0
2018-3,29051220,異丙醇,約旦,出口總值(含復出口),15,13000
2018-3,29051220,異丙醇,美國,進口總值(含復進口),10,2000
2018-3,29051220,異丙醇,美國,出口總值(含復出口),71,66000
2018-3,29051220,異丙醇,埃及,出口總值(含復出口),16,26000
2018-3,29051220,異丙醇,泰國,出口總值(含復出口),124,94000
2018-3,29051220,異丙醇,馬來西亞,出口總值(含復出口),195,136000
2018-3,29051220,異丙醇,斯里蘭卡,出口總值(含復出口),46,38000
2018-3,29051220,異丙醇,智利,出口總值(含復出口),30,22000
2018-3,29051220,異丙醇,菲律賓,出口總值(含復出口),236,121000
2018-3,29051220,異丙醇,越南,出口總值(含復出口),75,87000
2018-3,29051220,異丙醇,愛爾蘭,出口總值(含復出口),17,5000
2018-3,29051220,異丙醇,新加坡,出口總值(含復出口),85,36000
2018-3,29051220,異丙醇,瑞士,進口總值(含復進口),1,0
2018-3,29051220,異丙醇,德國,進口總值(含復進口),31,5000
2018-3,29051220,異丙醇,澳大利亞,出口總值(含復出口),31,26000
2018-3,29051300,正丁醇,中國大陸,出口總值(含復出口),16076,17000000
2018-3,29051300,正丁醇,日本,進口總值(含復進口),0,0
2018-3,29051300,正丁醇,印度,出口總值(含復出口),926,1000000
2018-3,29051300,正丁醇,南非,進口總值(含復進口),1284,1401000
2018-3,29051300,正丁醇,南韓,進口總值(含復進口),0,0
2018-3,29051300,正丁醇,美國,進口總值(含復進口),440,509000
2018-3,29051300,正丁醇,英國,進口總值(含復進口),0,0
2018-3,29051300,正丁醇,泰國,出口總值(含復出口),92,95000
2018-3,29051300,正丁醇,斯里蘭卡,出口總值(含復出口),15,13000
2018-3,29051300,正丁醇,菲律賓,出口總值(含復出口),3,3000
2018-3,29051300,正丁醇,德國,進口總值(含復進口),0,0
2018-3,29051300,正丁醇,澳大利亞,出口總值(含復出口),15,13000
2018-3,29094100,２，２'－氧基二乙醇（二乙二醇）,中國大陸,進口總值(含復進口),5,3060
2018-3,29094100,２，２'－氧基二乙醇（二乙二醇）,中國大陸,出口總值(含復出口),15622,18985820
2018-3,29094100,２，２'－氧基二乙醇（二乙二醇）,巴基斯坦,出口總值(含復出口),16,18000
2018-3,29094100,２，２'－氧基二乙醇（二乙二醇）,日本,進口總值(含復進口),0,10
2018-3,29094100,２，２'－氧基二乙醇（二乙二醇）,日本,出口總值(含復出口),19,18000
2018-3,29094100,２，２'－氧基二乙醇（二乙二醇）,比利時,進口總值(含復進口),0,3
2018-3,29094100,２，２'－氧基二乙醇（二乙二醇）,南韓,進口總值(含復進口),0,3
2018-3,29094100,２，２'－氧基二乙醇（二乙二醇）,美國,進口總值(含復進口),0,0
2018-3,29094100,２，２'－氧基二乙醇（二乙二醇）,英國,進口總值(含復進口),0,3
2018-3,29094100,２，２'－氧基二乙醇（二乙二醇）,香港,出口總值(含復出口),18,18000
2018-3,29094100,２，２'－氧基二乙醇（二乙二醇）,秘魯,出口總值(含復出口),19,18000
2018-3,29094100,２，２'－氧基二乙醇（二乙二醇）,越南,出口總值(含復出口),52,51555
2018-3,29094100,２，２'－氧基二乙醇（二乙二醇）,德國,進口總值(含復進口),4,196
2018-3,29094310,乙二醇丁醚,中國大陸,進口總值(含復進口),9,3720
2018-3,29094310,乙二醇丁醚,中國大陸,出口總值(含復出口),1070,1089803
2018-3,29094310,乙二醇丁醚,中華民國,進口總值(含復進口),0,92
2018-3,29094310,乙二醇丁醚,巴基斯坦,出口總值(含復出口),17,14800
2018-3,29094310,乙二醇丁醚,日本,進口總值(含復進口),19,19880
2018-3,29094310,乙二醇丁醚,日本,出口總值(含復出口),66,59200
2018-3,29094310,乙二醇丁醚,印尼,出口總值(含復出口),162,120430
2018-3,29094310,乙二醇丁醚,印度,出口總值(含復出口),689,689219
2018-3,29094310,乙二醇丁醚,沙烏地阿拉伯,進口總值(含復進口),51,59000
2018-3,29094310,乙二醇丁醚,孟加拉,出口總值(含復出口),36,29600
2018-3,29094310,乙二醇丁醚,肯亞,出口總值(含復出口),18,14800
2018-3,29094310,乙二醇丁醚,阿拉伯聯合大公國,進口總值(含復進口),57,43200
2018-3,29094310,乙二醇丁醚,阿拉伯聯合大公國,出口總值(含復出口),18,14800
2018-3,29094310,乙二醇丁醚,南韓,進口總值(含復進口),1,180
2018-3,29094310,乙二醇丁醚,美國,進口總值(含復進口),5631,6057752
2018-3,29094310,乙二醇丁醚,泰國,出口總值(含復出口),178,132275
2018-3,29094310,乙二醇丁醚,紐西蘭,出口總值(含復出口),22,16200
2018-3,29094310,乙二醇丁醚,馬來西亞,進口總值(含復進口),22,15040
2018-3,29094310,乙二醇丁醚,馬來西亞,出口總值(含復出口),56,49610
2018-3,29094310,乙二醇丁醚,斯里蘭卡,出口總值(含復出口),54,44400
2018-3,29094310,乙二醇丁醚,越南,出口總值(含復出口),691,576435
2018-3,29094310,乙二醇丁醚,新加坡,出口總值(含復出口),154,142160
2018-3,29094310,乙二醇丁醚,德國,進口總值(含復進口),0,186
2018-3,29094310,乙二醇丁醚,澳大利亞,出口總值(含復出口),74,58920
2018-3,29153200,醋酸乙烯酯,中國大陸,進口總值(含復進口),23,19940
2018-3,29153200,醋酸乙烯酯,中國大陸,出口總值(含復出口),12537,12694984
2018-3,29153200,醋酸乙烯酯,厄瓜多,出口總值(含復出口),38,39840
2018-3,29153200,醋酸乙烯酯,巴西,出口總值(含復出口),484,478680
2018-3,29153200,醋酸乙烯酯,巴基斯坦,出口總值(含復出口),326,287750
2018-3,29153200,醋酸乙烯酯,奈及利亞,出口總值(含復出口),743,651320
2018-3,29153200,醋酸乙烯酯,委內瑞拉,出口總值(含復出口),19,15200
2018-3,29153200,醋酸乙烯酯,肯亞,出口總值(含復出口),103,91200
2018-3,29153200,醋酸乙烯酯,阿爾及利亞,出口總值(含復出口),34,30400
2018-3,29153200,醋酸乙烯酯,南韓,出口總值(含復出口),3395,2981894
2018-3,29153200,醋酸乙烯酯,美國,進口總值(含復進口),2,160
2018-3,29153200,醋酸乙烯酯,哥倫比亞,出口總值(含復出口),38,39860
2018-3,29153200,醋酸乙烯酯,敘利亞,出口總值(含復出口),127,106400
2018-3,29153200,醋酸乙烯酯,斯里蘭卡,出口總值(含復出口),175,152000
2018-3,29153200,醋酸乙烯酯,新加坡,進口總值(含復進口),1197,1018591
2018-4,27101965,白臘油,中國大陸,出口總值(含復出口),5421,5588000
2018-4,27101965,白臘油,巴西,進口總值(含復進口),37,28000
2018-4,27101965,白臘油,日本,進口總值(含復進口),23,15000
2018-4,27101965,白臘油,日本,出口總值(含復出口),87,83000
2018-4,27101965,白臘油,印尼,出口總值(含復出口),98,100000
2018-4,27101965,白臘油,印度,進口總值(含復進口),71,60000
2018-4,27101965,白臘油,沙烏地阿拉伯,出口總值(含復出口),113,120000
2018-4,27101965,白臘油,其他國家,出口總值(含復出口),1,1000
2018-4,27101965,白臘油,南韓,進口總值(含復進口),1827,1887000
2018-4,27101965,白臘油,美國,進口總值(含復進口),51,34000
2018-4,27101965,白臘油,香港,出口總值(含復出口),225,236000
2018-4,27101965,白臘油,泰國,進口總值(含復進口),242,397000
2018-4,27101965,白臘油,泰國,出口總值(含復出口),57,52000
2018-4,27101965,白臘油,馬來西亞,進口總值(含復進口),978,1025000
2018-4,27101965,白臘油,馬來西亞,出口總值(含復出口),110,106000
2018-4,27101965,白臘油,越南,出口總值(含復出口),150,152000
2018-4,27101965,白臘油,新加坡,出口總值(含復出口),4,6000
2018-4,27101965,白臘油,義大利,出口總值(含復出口),298,301000
2018-4,27101965,白臘油,德國,進口總值(含復進口),1,0
2018-4,27101965,白臘油,德國,出口總值(含復出口),228,240000
2018-4,27101965,白臘油,澳大利亞,出口總值(含復出口),19,20000
2018-4,29051220,異丙醇,中國大陸,出口總值(含復出口),3143,3073000
2018-4,29051220,異丙醇,中華民國,進口總值(含復進口),0,0
2018-4,29051220,異丙醇,巴基斯坦,出口總值(含復出口),475,494000
2018-4,29051220,異丙醇,日本,進口總值(含復進口),1575,1239000
2018-4,29051220,異丙醇,日本,出口總值(含復出口),1,0
2018-4,29051220,異丙醇,加拿大,進口總值(含復進口),5,2000
2018-4,29051220,異丙醇,伊朗,出口總值(含復出口),43,38000
2018-4,29051220,異丙醇,印尼,出口總值(含復出口),0,0
2018-4,29051220,異丙醇,印度,進口總值(含復進口),5,2000
2018-4,29051220,異丙醇,印度,出口總值(含復出口),1782,1807000
2018-4,29051220,異丙醇,孟加拉,出口總值(含復出口),103,91000
2018-4,29051220,異丙醇,南韓,進口總值(含復進口),7,1000
2018-4,29051220,異丙醇,南韓,出口總值(含復出口),1067,1028000
2018-4,29051220,異丙醇,約旦,出口總值(含復出口),15,13000
2018-4,29051220,異丙醇,美國,進口總值(含復進口),31,5000
2018-4,29051220,異丙醇,美國,出口總值(含復出口),11,3000
2018-4,29051220,異丙醇,英國,進口總值(含復進口),20,1000
2018-4,29051220,異丙醇,香港,出口總值(含復出口),54,7000
2018-4,29051220,異丙醇,埃及,出口總值(含復出口),42,39000
2018-4,29051220,異丙醇,泰國,出口總值(含復出口),37,22000
2018-4,29051220,異丙醇,馬來西亞,出口總值(含復出口),143,71000
2018-4,29051220,異丙醇,菲律賓,出口總值(含復出口),122,64000
2018-4,29051220,異丙醇,越南,出口總值(含復出口),132,164000
2018-4,29051220,異丙醇,新加坡,出口總值(含復出口),135,74000
2018-4,29051220,異丙醇,瑞士,進口總值(含復進口),1,0
2018-4,29051220,異丙醇,德國,進口總值(含復進口),8,0
2018-4,29051220,異丙醇,澳大利亞,出口總值(含復出口),102,84000
2018-4,29051300,正丁醇,中國大陸,出口總值(含復出口),13255,13013000
2018-4,29051300,正丁醇,印度,出口總值(含復出口),1785,1900000
2018-4,29051300,正丁醇,西班牙,進口總值(含復進口),0,0
2018-4,29051300,正丁醇,南非,進口總值(含復進口),468,503000
2018-4,29051300,正丁醇,南韓,出口總值(含復出口),910,1000000
2018-4,29051300,正丁醇,美國,進口總值(含復進口),3,0
2018-4,29051300,正丁醇,英國,進口總值(含復進口),0,0
2018-4,29051300,正丁醇,泰國,出口總值(含復出口),152,151000
2018-4,29051300,正丁醇,菲律賓,出口總值(含復出口),5,5000
2018-4,29051300,正丁醇,越南,出口總值(含復出口),4,11000
2018-4,29051300,正丁醇,德國,進口總值(含復進口),3,0
2018-4,29051300,正丁醇,澳大利亞,出口總值(含復出口),2,2000
2018-4,29094100,２，２'－氧基二乙醇（二乙二醇）,中國大陸,出口總值(含復出口),8007,10928757
2018-4,29094100,２，２'－氧基二乙醇（二乙二醇）,巴基斯坦,出口總值(含復出口),42,52000
2018-4,29094100,２，２'－氧基二乙醇（二乙二醇）,日本,出口總值(含復出口),53,54000
2018-4,29094100,２，２'－氧基二乙醇（二乙二醇）,比利時,進口總值(含復進口),1,30
2018-4,29094100,２，２'－氧基二乙醇（二乙二醇）,孟加拉,出口總值(含復出口),18,18000
2018-4,29094100,２，２'－氧基二乙醇（二乙二醇）,南非,出口總值(含復出口),18,18000
2018-4,29094100,２，２'－氧基二乙醇（二乙二醇）,美國,進口總值(含復進口),2,800
2018-4,29094100,２，２'－氧基二乙醇（二乙二醇）,英國,進口總值(含復進口),0,1
2018-4,29094100,２，２'－氧基二乙醇（二乙二醇）,香港,出口總值(含復出口),9,6300
2018-4,29094100,２，２'－氧基二乙醇（二乙二醇）,馬來西亞,出口總值(含復出口),18,18000
2018-4,29094100,２，２'－氧基二乙醇（二乙二醇）,菲律賓,出口總值(含復出口),36,36000
2018-4,29094100,２，２'－氧基二乙醇（二乙二醇）,越南,出口總值(含復出口),85,91025
2018-4,29094100,２，２'－氧基二乙醇（二乙二醇）,新加坡,出口總值(含復出口),16,18000
2018-4,29094100,２，２'－氧基二乙醇（二乙二醇）,德國,進口總值(含復進口),0,0
2018-4,29094310,乙二醇丁醚,中國大陸,進口總值(含復進口),7,2976
2018-4,29094310,乙二醇丁醚,中國大陸,出口總值(含復出口),1651,1285313
2018-4,29094310,乙二醇丁醚,中華民國,進口總值(含復進口),0,24
2018-4,29094310,乙二醇丁醚,巴基斯坦,出口總值(含復出口),36,29600
2018-4,29094310,乙二醇丁醚,日本,進口總值(含復進口),3,10
2018-4,29094310,乙二醇丁醚,日本,出口總值(含復出口),98,88800
2018-4,29094310,乙二醇丁醚,印尼,出口總值(含復出口),57,59920
2018-4,29094310,乙二醇丁醚,印度,出口總值(含復出口),75,64840
2018-4,29094310,乙二醇丁醚,沙烏地阿拉伯,進口總值(含復進口),325,296300
2018-4,29094310,乙二醇丁醚,阿拉伯聯合大公國,進口總值(含復進口),75,57600
2018-4,29094310,乙二醇丁醚,美國,進口總值(含復進口),810,780418
2018-4,29094310,乙二醇丁醚,英國,進口總值(含復進口),0,2
2018-4,29094310,乙二醇丁醚,香港,出口總值(含復出口),54,28800
2018-4,29094310,乙二醇丁醚,泰國,出口總值(含復出口),18,7400
2018-4,29094310,乙二醇丁醚,馬來西亞,出口總值(含復出口),34,29600
2018-4,29094310,乙二醇丁醚,斯里蘭卡,出口總值(含復出口),85,70300
2018-4,29094310,乙二醇丁醚,菲律賓,出口總值(含復出口),2,940
2018-4,29094310,乙二醇丁醚,越南,出口總值(含復出口),625,528868
2018-4,29094310,乙二醇丁醚,新加坡,出口總值(含復出口),154,149590
2018-4,29094310,乙二醇丁醚,澳大利亞,出口總值(含復出口),55,44200
2018-4,29153200,醋酸乙烯酯,中國大陸,出口總值(含復出口),23861,23398660
2018-4,29153200,醋酸乙烯酯,巴基斯坦,出口總值(含復出口),335,291360
2018-4,29153200,醋酸乙烯酯,日本,進口總值(含復進口),1175,997538
2018-4,29153200,醋酸乙烯酯,比利時,出口總值(含復出口),3978,3990726
2018-4,29153200,醋酸乙烯酯,以色列,出口總值(含復出口),96,79580
2018-4,29153200,醋酸乙烯酯,印度,出口總值(含復出口),34,30400
2018-4,29153200,醋酸乙烯酯,南韓,出口總值(含復出口),3457,2994736
2018-4,29153200,醋酸乙烯酯,約旦,出口總值(含復出口),126,106400
2018-4,29153200,醋酸乙烯酯,英國,進口總值(含復進口),0,0
2018-4,29153200,醋酸乙烯酯,哥倫比亞,出口總值(含復出口),128,99630
2018-4,29153200,醋酸乙烯酯,敘利亞,出口總值(含復出口),36,30400
2018-4,29153200,醋酸乙烯酯,斯里蘭卡,出口總值(含復出口),213,182400
2018-4,29153200,醋酸乙烯酯,德國,進口總值(含復進口),0,0
2018-4,29153200,醋酸乙烯酯,摩洛哥,出口總值(含復出口),85,76000
2018-4,29153200,醋酸乙烯酯,黎巴嫩,出口總值(含復出口),35,30400
2018-5,27101965,白臘油,中國大陸,進口總值(含復進口),9,4000
2018-5,27101965,白臘油,中國大陸,出口總值(含復出口),4454,4442000
2018-5,27101965,白臘油,日本,進口總值(含復進口),0,0
2018-5,27101965,白臘油,日本,出口總值(含復出口),58,60000
2018-5,27101965,白臘油,比利時,進口總值(含復進口),41,17000
2018-5,27101965,白臘油,印尼,出口總值(含復出口),98,101000
2018-5,27101965,白臘油,印度,進口總值(含復進口),56,47000
2018-5,27101965,白臘油,印度,出口總值(含復出口),319,330000
2018-5,27101965,白臘油,沙烏地阿拉伯,出口總值(含復出口),189,200000
2018-5,27101965,白臘油,其他國家,出口總值(含復出口),1,0
2018-5,27101965,白臘油,孟加拉,出口總值(含復出口),35,34000
2018-5,27101965,白臘油,法國,進口總值(含復進口),10,14000
2018-5,27101965,白臘油,阿根廷,出口總值(含復出口),20,20000
2018-5,27101965,白臘油,南韓,進口總值(含復進口),3088,3440000
2018-5,27101965,白臘油,美國,進口總值(含復進口),99,53000
2018-5,27101965,白臘油,香港,出口總值(含復出口),138,140000
2018-5,27101965,白臘油,泰國,進口總值(含復進口),444,719000
2018-5,27101965,白臘油,泰國,出口總值(含復出口),57,52000
2018-5,27101965,白臘油,馬來西亞,出口總值(含復出口),74,70000
2018-5,27101965,白臘油,越南,出口總值(含復出口),268,267000
2018-5,27101965,白臘油,新加坡,出口總值(含復出口),5,6000
2018-5,27101965,白臘油,義大利,進口總值(含復進口),873,1031000
2018-5,27101965,白臘油,義大利,出口總值(含復出口),957,1002000
2018-5,27101965,白臘油,德國,進口總值(含復進口),0,0
2018-5,27101965,白臘油,德國,出口總值(含復出口),376,400000
2018-5,29051220,異丙醇,中國大陸,出口總值(含復出口),3359,3120000
2018-5,29051220,異丙醇,中華民國,進口總值(含復進口),0,0
2018-5,29051220,異丙醇,巴基斯坦,出口總值(含復出口),447,469000
2018-5,29051220,異丙醇,日本,進口總值(含復進口),2506,1981000
2018-5,29051220,異丙醇,日本,出口總值(含復出口),21,17000
2018-5,29051220,異丙醇,伊朗,出口總值(含復出口),59,51000
2018-5,29051220,異丙醇,印度,進口總值(含復進口),28,9000
2018-5,29051220,異丙醇,印度,出口總值(含復出口),529,436000
2018-5,29051220,異丙醇,奈及利亞,出口總值(含復出口),50,51000
2018-5,29051220,異丙醇,孟加拉,出口總值(含復出口),8,13000
2018-5,29051220,異丙醇,美國,進口總值(含復進口),3,0
2018-5,29051220,異丙醇,美國,出口總值(含復出口),2,1000
2018-5,29051220,異丙醇,英國,進口總值(含復進口),0,0
2018-5,29051220,異丙醇,香港,出口總值(含復出口),37,5000
2018-5,29051220,異丙醇,埃及,出口總值(含復出口),16,26000
2018-5,29051220,異丙醇,泰國,出口總值(含復出口),8,13000
2018-5,29051220,異丙醇,馬來西亞,出口總值(含復出口),167,77000
2018-5,29051220,異丙醇,菲律賓,出口總值(含復出口),148,73000
2018-5,29051220,異丙醇,越南,出口總值(含復出口),50,68000
2018-5,29051220,異丙醇,新加坡,出口總值(含復出口),136,75000
2018-5,29051220,異丙醇,瑞士,進口總值(含復進口),0,0
2018-5,29051220,異丙醇,德國,進口總值(含復進口),13,2000
2018-5,29051300,正丁醇,中國大陸,出口總值(含復出口),16933,17000000
2018-5,29051300,正丁醇,日本,出口總值(含復出口),18,14000
2018-5,29051300,正丁醇,以色列,出口總值(含復出口),21,19000
2018-5,29051300,正丁醇,南非,進口總值(含復進口),488,508000
2018-5,29051300,正丁醇,南韓,出口總值(含復出口),2462,2500000
2018-5,29051300,正丁醇,英國,進口總值(含復進口),0,0
2018-5,29051300,正丁醇,泰國,出口總值(含復出口),153,152000
2018-5,29051300,正丁醇,菲律賓,出口總值(含復出口),9,7000
2018-5,29051300,正丁醇,越南,出口總值(含復出口),1,0
2018-5,29051300,正丁醇,澳大利亞,出口總值(含復出口),35,38000
2018-5,29094100,２，２'－氧基二乙醇（二乙二醇）,中國大陸,出口總值(含復出口),11350,15022090
2018-5,29094100,２，２'－氧基二乙醇（二乙二醇）,巴基斯坦,出口總值(含復出口),27,34000
2018-5,29094100,２，２'－氧基二乙醇（二乙二醇）,日本,進口總值(含復進口),0,0
2018-5,29094100,２，２'－氧基二乙醇（二乙二醇）,比利時,進口總值(含復進口),0,30
2018-5,29094100,２，２'－氧基二乙醇（二乙二醇）,孟加拉,出口總值(含復出口),36,36000
2018-5,29094100,２，２'－氧基二乙醇（二乙二醇）,南韓,出口總值(含復出口),732,1000000
2018-5,29094100,２，２'－氧基二乙醇（二乙二醇）,美國,進口總值(含復進口),1,0
2018-5,29094100,２，２'－氧基二乙醇（二乙二醇）,英國,進口總值(含復進口),1,41
2018-5,29094100,２，２'－氧基二乙醇（二乙二醇）,馬來西亞,出口總值(含復出口),76,99310
2018-5,29094100,２，２'－氧基二乙醇（二乙二醇）,斯里蘭卡,出口總值(含復出口),19,18000
2018-5,29094100,２，２'－氧基二乙醇（二乙二醇）,菲律賓,出口總值(含復出口),2,2250
2018-5,29094100,２，２'－氧基二乙醇（二乙二醇）,越南,出口總值(含復出口),167,183420
2018-5,29094100,２，２'－氧基二乙醇（二乙二醇）,澳大利亞,出口總值(含復出口),17,18000
2018-5,29094310,乙二醇丁醚,中國大陸,進口總值(含復進口),7,2976
2018-5,29094310,乙二醇丁醚,中國大陸,出口總值(含復出口),493,369570
2018-5,29094310,乙二醇丁醚,中華民國,進口總值(含復進口),0,160
2018-5,29094310,乙二醇丁醚,巴基斯坦,出口總值(含復出口),60,49950
2018-5,29094310,乙二醇丁醚,日本,出口總值(含復出口),396,340060
2018-5,29094310,乙二醇丁醚,印尼,出口總值(含復出口),38,40080
2018-5,29094310,乙二醇丁醚,印度,出口總值(含復出口),611,577278
2018-5,29094310,乙二醇丁醚,阿拉伯聯合大公國,進口總值(含復進口),75,57600
2018-5,29094310,乙二醇丁醚,南韓,進口總值(含復進口),26,4320
2018-5,29094310,乙二醇丁醚,美國,進口總值(含復進口),2050,2306311
2018-5,29094310,乙二醇丁醚,英國,進口總值(含復進口),0,4
2018-5,29094310,乙二醇丁醚,香港,出口總值(含復出口),37,29600
2018-5,29094310,乙二醇丁醚,泰國,出口總值(含復出口),88,48850
2018-5,29094310,乙二醇丁醚,紐西蘭,出口總值(含復出口),44,32400
2018-5,29094310,乙二醇丁醚,馬來西亞,出口總值(含復出口),23,22020
2018-5,29094310,乙二醇丁醚,斯里蘭卡,出口總值(含復出口),89,74000
2018-5,29094310,乙二醇丁醚,菲律賓,出口總值(含復出口),11,5165
2018-5,29094310,乙二醇丁醚,越南,出口總值(含復出口),516,418868
2018-5,29094310,乙二醇丁醚,新加坡,出口總值(含復出口),160,159880
2018-5,29094310,乙二醇丁醚,德國,進口總值(含復進口),1,555
2018-5,29094310,乙二醇丁醚,澳大利亞,出口總值(含復出口),141,111100
2018-5,29153200,醋酸乙烯酯,中國大陸,進口總值(含復進口),23,19940
2018-5,29153200,醋酸乙烯酯,中國大陸,出口總值(含復出口),14133,13978547
2018-5,29153200,醋酸乙烯酯,厄瓜多,出口總值(含復出口),40,39750
2018-5,29153200,醋酸乙烯酯,巴基斯坦,出口總值(含復出口),705,612440
2018-5,29153200,醋酸乙烯酯,比利時,出口總值(含復出口),3036,2984674
2018-5,29153200,醋酸乙烯酯,以色列,出口總值(含復出口),48,39890
2018-5,29153200,醋酸乙烯酯,印度,出口總值(含復出口),34,30400
2018-5,29153200,醋酸乙烯酯,吉布地,出口總值(含復出口),68,56810
2018-5,29153200,醋酸乙烯酯,奈及利亞,出口總值(含復出口),73,60800
2018-5,29153200,醋酸乙烯酯,肯亞,出口總值(含復出口),20,15200
2018-5,29153200,醋酸乙烯酯,南韓,出口總值(含復出口),3554,2981798
2018-5,29153200,醋酸乙烯酯,約旦,出口總值(含復出口),100,76000
2018-5,29153200,醋酸乙烯酯,英國,進口總值(含復進口),0,1
2018-5,29153200,醋酸乙烯酯,哥倫比亞,出口總值(含復出口),74,59790
2018-5,29153200,醋酸乙烯酯,斯里蘭卡,出口總值(含復出口),56,45600
2018-5,29153200,醋酸乙烯酯,新加坡,進口總值(含復進口),1173,942297
2018-5,29153200,醋酸乙烯酯,德國,進口總值(含復進口),0,1
2018-6,27101965,白臘油,中國大陸,出口總值(含復出口),11347,11103000
2018-6,27101965,白臘油,日本,進口總值(含復進口),1789,2322000
2018-6,27101965,白臘油,日本,出口總值(含復出口),19,20000
2018-6,27101965,白臘油,印度,進口總值(含復進口),24,20000
2018-6,27101965,白臘油,印度,出口總值(含復出口),24,17000
2018-6,27101965,白臘油,沙烏地阿拉伯,出口總值(含復出口),302,320000
2018-6,27101965,白臘油,其他國家,出口總值(含復出口),0,0
2018-6,27101965,白臘油,法國,進口總值(含復進口),20,7000
2018-6,27101965,白臘油,南韓,進口總值(含復進口),1260,1274000
2018-6,27101965,白臘油,美國,進口總值(含復進口),66,30000
2018-6,27101965,白臘油,香港,出口總值(含復出口),926,952000
2018-6,27101965,白臘油,泰國,進口總值(含復進口),140,222000
2018-6,27101965,白臘油,泰國,出口總值(含復出口),76,80000
2018-6,27101965,白臘油,馬來西亞,進口總值(含復進口),516,500000
2018-6,27101965,白臘油,馬來西亞,出口總值(含復出口),166,160000
2018-6,27101965,白臘油,越南,出口總值(含復出口),412,413000
2018-6,27101965,白臘油,新加坡,進口總值(含復進口),8,5000
2018-6,27101965,白臘油,義大利,出口總值(含復出口),1151,1202000
2018-6,27101965,白臘油,德國,進口總值(含復進口),0,0
2018-6,27101965,白臘油,德國,出口總值(含復出口),57,60000
2018-6,29051220,異丙醇,中國大陸,進口總值(含復進口),1,0
2018-6,29051220,異丙醇,中國大陸,出口總值(含復出口),2586,2250000
2018-6,29051220,異丙醇,中華民國,進口總值(含復進口),1,0
2018-6,29051220,異丙醇,巴基斯坦,出口總值(含復出口),486,483000
2018-6,29051220,異丙醇,日本,進口總值(含復進口),744,523000
2018-6,29051220,異丙醇,加拿大,進口總值(含復進口),7,2000
2018-6,29051220,異丙醇,伊朗,出口總值(含復出口),76,64000
2018-6,29051220,異丙醇,印度,出口總值(含復出口),2875,3096000
2018-6,29051220,異丙醇,孟加拉,出口總值(含復出口),119,117000
2018-6,29051220,異丙醇,南韓,進口總值(含復進口),3,0
2018-6,29051220,異丙醇,南韓,出口總值(含復出口),1934,1966000
2018-6,29051220,異丙醇,美國,進口總值(含復進口),13,1000
2018-6,29051220,異丙醇,美國,出口總值(含復出口),17,14000
2018-6,29051220,異丙醇,英國,進口總值(含復進口),19,1000
2018-6,29051220,異丙醇,香港,出口總值(含復出口),69,9000
2018-6,29051220,異丙醇,泰國,出口總值(含復出口),28,24000
2018-6,29051220,異丙醇,馬來西亞,出口總值(含復出口),197,138000
2018-6,29051220,異丙醇,智利,出口總值(含復出口),13,10000
2018-6,29051220,異丙醇,菲律賓,出口總值(含復出口),191,96000
2018-6,29051220,異丙醇,越南,出口總值(含復出口),105,105000
2018-6,29051220,異丙醇,新加坡,出口總值(含復出口),70,29000
2018-6,29051220,異丙醇,德國,進口總值(含復進口),46,7000
2018-6,29051220,異丙醇,澳大利亞,出口總值(含復出口),91,78000
2018-6,29051300,正丁醇,中國大陸,出口總值(含復出口),9211,8000000
2018-6,29051300,正丁醇,日本,出口總值(含復出口),10,7000
2018-6,29051300,正丁醇,南韓,出口總值(含復出口),1975,1950000
2018-6,29051300,正丁醇,美國,進口總值(含復進口),156,149000
2018-6,29051300,正丁醇,英國,進口總值(含復進口),0,0
2018-6,29051300,正丁醇,香港,出口總值(含復出口),0,0
2018-6,29051300,正丁醇,菲律賓,出口總值(含復出口),9,7000
2018-6,29051300,正丁醇,德國,進口總值(含復進口),1,0
2018-6,29094100,２，２'－氧基二乙醇（二乙二醇）,中國大陸,進口總值(含復進口),3,1900
2018-6,29094100,２，２'－氧基二乙醇（二乙二醇）,中國大陸,出口總值(含復出口),6226,7979430
2018-6,29094100,２，２'－氧基二乙醇（二乙二醇）,巴基斯坦,出口總值(含復出口),46,54000
2018-6,29094100,２，２'－氧基二乙醇（二乙二醇）,日本,出口總值(含復出口),18,18000
2018-6,29094100,２，２'－氧基二乙醇（二乙二醇）,比利時,進口總值(含復進口),0,0
2018-6,29094100,２，２'－氧基二乙醇（二乙二醇）,美國,進口總值(含復進口),14,2400
2018-6,29094100,２，２'－氧基二乙醇（二乙二醇）,英國,進口總值(含復進口),0,12
2018-6,29094100,２，２'－氧基二乙醇（二乙二醇）,香港,出口總值(含復出口),18,18000
2018-6,29094100,２，２'－氧基二乙醇（二乙二醇）,馬來西亞,出口總值(含復出口),85,99280
2018-6,29094100,２，２'－氧基二乙醇（二乙二醇）,菲律賓,出口總值(含復出口),24,24750
2018-6,29094100,２，２'－氧基二乙醇（二乙二醇）,越南,出口總值(含復出口),429,528525
2018-6,29094100,２，２'－氧基二乙醇（二乙二醇）,德國,出口總值(含復出口),0,60
2018-6,29094310,乙二醇丁醚,中國大陸,進口總值(含復進口),15,5952
2018-6,29094310,乙二醇丁醚,中國大陸,出口總值(含復出口),1580,1150073
2018-6,29094310,乙二醇丁醚,中華民國,進口總值(含復進口),0,96
2018-6,29094310,乙二醇丁醚,巴基斯坦,出口總值(含復出口),107,88800
2018-6,29094310,乙二醇丁醚,日本,出口總值(含復出口),215,192400
2018-6,29094310,乙二醇丁醚,印尼,出口總值(含復出口),19,20030
2018-6,29094310,乙二醇丁醚,沙烏地阿拉伯,進口總值(含復進口),474,413700
2018-6,29094310,乙二醇丁醚,阿拉伯聯合大公國,進口總值(含復進口),74,57600
2018-6,29094310,乙二醇丁醚,美國,進口總值(含復進口),2750,2899298
2018-6,29094310,乙二醇丁醚,英國,進口總值(含復進口),0,9
2018-6,29094310,乙二醇丁醚,泰國,出口總值(含復出口),654,651705
2018-6,29094310,乙二醇丁醚,馬來西亞,出口總值(含復出口),59,54870
2018-6,29094310,乙二醇丁醚,斯里蘭卡,出口總值(含復出口),72,59200
2018-6,29094310,乙二醇丁醚,菲律賓,出口總值(含復出口),2,925
2018-6,29094310,乙二醇丁醚,越南,出口總值(含復出口),424,340183
2018-6,29094310,乙二醇丁醚,新加坡,出口總值(含復出口),140,134770
2018-6,29094310,乙二醇丁醚,澳大利亞,出口總值(含復出口),171,135600
2018-6,29153200,醋酸乙烯酯,中國大陸,出口總值(含復出口),16435,15761969
2018-6,29153200,醋酸乙烯酯,厄瓜多,出口總值(含復出口),24,19840
2018-6,29153200,醋酸乙烯酯,巴基斯坦,出口總值(含復出口),621,486400
2018-6,29153200,醋酸乙烯酯,日本,進口總值(含復進口),1281,990149
2018-6,29153200,醋酸乙烯酯,比利時,出口總值(含復出口),15734,12950343
2018-6,29153200,醋酸乙烯酯,印度,出口總值(含復出口),59,45600
2018-6,29153200,醋酸乙烯酯,南韓,出口總值(含復出口),3882,2986068
2018-6,29153200,醋酸乙烯酯,美國,進口總值(含復進口),5,370
2018-6,29153200,醋酸乙烯酯,英國,進口總值(含復進口),0,0
2018-6,29153200,醋酸乙烯酯,敘利亞,出口總值(含復出口),147,106400
2018-6,29153200,醋酸乙烯酯,斯里蘭卡,出口總值(含復出口),81,60800
2018-6,29153200,醋酸乙烯酯,越南,出口總值(含復出口),21,15200
2018-6,29153200,醋酸乙烯酯,德國,進口總值(含復進口),0,17
2018-6,29153200,醋酸乙烯酯,墨西哥,出口總值(含復出口),49,39990
2018-7,27101965,白臘油,中國大陸,出口總值(含復出口),8614,8391000
2018-7,27101965,白臘油,日本,進口總值(含復進口),111,66000
2018-7,27101965,白臘油,印尼,出口總值(含復出口),59,61000
2018-7,27101965,白臘油,印度,進口總值(含復進口),117,97000
2018-7,27101965,白臘油,印度,出口總值(含復出口),29,20000
2018-7,27101965,白臘油,沙烏地阿拉伯,出口總值(含復出口),187,200000
2018-7,27101965,白臘油,其他國家,出口總值(含復出口),1,0
2018-7,27101965,白臘油,南非,進口總值(含復進口),9,15000
2018-7,27101965,白臘油,南韓,進口總值(含復進口),1029,918000
2018-7,27101965,白臘油,美國,進口總值(含復進口),200,106000
2018-7,27101965,白臘油,香港,出口總值(含復出口),42,46000
2018-7,27101965,白臘油,泰國,進口總值(含復進口),41,60000
2018-7,27101965,白臘油,泰國,出口總值(含復出口),75,80000
2018-7,27101965,白臘油,馬來西亞,進口總值(含復進口),1512,1530000
2018-7,27101965,白臘油,馬來西亞,出口總值(含復出口),233,233000
2018-7,27101965,白臘油,越南,出口總值(含復出口),172,169000
2018-7,27101965,白臘油,義大利,出口總值(含復出口),664,701000
2018-7,27101965,白臘油,德國,進口總值(含復進口),0,0
2018-7,27101965,白臘油,德國,出口總值(含復出口),56,60000
2018-7,29051220,異丙醇,中國大陸,出口總值(含復出口),1499,1289000
2018-7,29051220,異丙醇,中華民國,進口總值(含復進口),0,0
2018-7,29051220,異丙醇,巴基斯坦,出口總值(含復出口),383,433000
2018-7,29051220,異丙醇,日本,進口總值(含復進口),2041,1606000
2018-7,29051220,異丙醇,日本,出口總值(含復出口),64,52000
2018-7,29051220,異丙醇,以色列,出口總值(含復出口),93,91000
2018-7,29051220,異丙醇,加拿大,進口總值(含復進口),4,1000
2018-7,29051220,異丙醇,印尼,出口總值(含復出口),1,1000
2018-7,29051220,異丙醇,印度,出口總值(含復出口),107,90000
2018-7,29051220,異丙醇,宏都拉斯,出口總值(含復出口),0,0
2018-7,29051220,異丙醇,孟加拉,出口總值(含復出口),77,65000
2018-7,29051220,異丙醇,肯亞,出口總值(含復出口),14,13000
2018-7,29051220,異丙醇,南韓,進口總值(含復進口),2,1000
2018-7,29051220,異丙醇,南韓,出口總值(含復出口),2052,2132000
2018-7,29051220,異丙醇,美國,進口總值(含復進口),48,19000
2018-7,29051220,異丙醇,美國,出口總值(含復出口),2,1000
2018-7,29051220,異丙醇,英國,進口總值(含復進口),4,0
2018-7,29051220,異丙醇,香港,出口總值(含復出口),1,0
2018-7,29051220,異丙醇,埃及,出口總值(含復出口),19,26000
2018-7,29051220,異丙醇,泰國,出口總值(含復出口),8,13000
2018-7,29051220,異丙醇,馬來西亞,出口總值(含復出口),238,165000
2018-7,29051220,異丙醇,菲律賓,出口總值(含復出口),99,54000
2018-7,29051220,異丙醇,越南,出口總值(含復出口),87,117000
2018-7,29051220,異丙醇,新加坡,出口總值(含復出口),45,19000
2018-7,29051220,異丙醇,瑞士,進口總值(含復進口),0,0
2018-7,29051220,異丙醇,德國,進口總值(含復進口),18,3000
2018-7,29051220,異丙醇,澳大利亞,出口總值(含復出口),46,39000
2018-7,29051300,正丁醇,中國大陸,出口總值(含復出口),13438,13000000
2018-7,29051300,正丁醇,日本,進口總值(含復進口),1,0
2018-7,29051300,正丁醇,日本,出口總值(含復出口),9,7000
2018-7,29051300,正丁醇,比利時,進口總值(含復進口),0,0
2018-7,29051300,正丁醇,比利時,出口總值(含復出口),1622,1500000
2018-7,29051300,正丁醇,沙烏地阿拉伯,進口總值(含復進口),602,517000
2018-7,29051300,正丁醇,南非,進口總值(含復進口),547,496000
2018-7,29051300,正丁醇,南韓,出口總值(含復出口),2114,1950000
2018-7,29051300,正丁醇,美國,進口總值(含復進口),0,0
2018-7,29051300,正丁醇,泰國,出口總值(含復出口),2,2000
2018-7,29051300,正丁醇,菲律賓,出口總值(含復出口),0,0
2018-7,29051300,正丁醇,越南,出口總值(含復出口),39,38000
2018-7,29051300,正丁醇,德國,進口總值(含復進口),2,0
2018-7,29051300,正丁醇,澳大利亞,出口總值(含復出口),19,14000
2018-7,29094100,２，２'－氧基二乙醇（二乙二醇）,中國大陸,出口總值(含復出口),6710,8990760
2018-7,29094100,２，２'－氧基二乙醇（二乙二醇）,日本,進口總值(含復進口),1,0
2018-7,29094100,２，２'－氧基二乙醇（二乙二醇）,日本,出口總值(含復出口),95,118550
2018-7,29094100,２，２'－氧基二乙醇（二乙二醇）,比利時,進口總值(含復進口),0,3
2018-7,29094100,２，２'－氧基二乙醇（二乙二醇）,印尼,出口總值(含復出口),0,225
2018-7,29094100,２，２'－氧基二乙醇（二乙二醇）,孟加拉,出口總值(含復出口),52,54000
2018-7,29094100,２，２'－氧基二乙醇（二乙二醇）,美國,進口總值(含復進口),0,0
2018-7,29094100,２，２'－氧基二乙醇（二乙二醇）,英國,進口總值(含復進口),0,33
2018-7,29094100,２，２'－氧基二乙醇（二乙二醇）,香港,出口總值(含復出口),17,18000
2018-7,29094100,２，２'－氧基二乙醇（二乙二醇）,荷蘭,進口總值(含復進口),0,4
2018-7,29094100,２，２'－氧基二乙醇（二乙二醇）,越南,出口總值(含復出口),21,24600
2018-7,29094100,２，２'－氧基二乙醇（二乙二醇）,新加坡,出口總值(含復出口),4,4500
2018-7,29094100,２，２'－氧基二乙醇（二乙二醇）,德國,進口總值(含復進口),0,0
2018-7,29094310,乙二醇丁醚,中國大陸,進口總值(含復進口),9,3720
2018-7,29094310,乙二醇丁醚,中國大陸,出口總值(含復出口),145,103600
2018-7,29094310,乙二醇丁醚,中華民國,進口總值(含復進口),1,188
2018-7,29094310,乙二醇丁醚,日本,出口總值(含復出口),154,133200
2018-7,29094310,乙二醇丁醚,印尼,出口總值(含復出口),968,995956
2018-7,29094310,乙二醇丁醚,沙烏地阿拉伯,進口總值(含復進口),288,243300
2018-7,29094310,乙二醇丁醚,美國,進口總值(含復進口),4064,4161099
2018-7,29094310,乙二醇丁醚,英國,進口總值(含復進口),0,1
2018-7,29094310,乙二醇丁醚,泰國,出口總值(含復出口),129,88800
2018-7,29094310,乙二醇丁醚,馬來西亞,出口總值(含復出口),47,42210
2018-7,29094310,乙二醇丁醚,斯里蘭卡,出口總值(含復出口),19,14800
2018-7,29094310,乙二醇丁醚,越南,出口總值(含復出口),182,142838
2018-7,29094310,乙二醇丁醚,新加坡,出口總值(含復出口),286,280270
2018-7,29094310,乙二醇丁醚,德國,進口總值(含復進口),0,185
2018-7,29094310,乙二醇丁醚,澳大利亞,出口總值(含復出口),71,54680
2018-7,29153200,醋酸乙烯酯,中國大陸,出口總值(含復出口),17746,15970580
2018-7,29153200,醋酸乙烯酯,厄瓜多,出口總值(含復出口),53,43620
2018-7,29153200,醋酸乙烯酯,巴基斯坦,出口總值(含復出口),43,30400
2018-7,29153200,醋酸乙烯酯,比利時,出口總值(含復出口),2321,1899696
2018-7,29153200,醋酸乙烯酯,印度,出口總值(含復出口),21,15200
2018-7,29153200,醋酸乙烯酯,奈及利亞,出口總值(含復出口),295,228000
2018-7,29153200,醋酸乙烯酯,肯亞,出口總值(含復出口),105,76000
2018-7,29153200,醋酸乙烯酯,南非,出口總值(含復出口),73,59890
2018-7,29153200,醋酸乙烯酯,南韓,出口總值(含復出口),3598,2867356
2018-7,29153200,醋酸乙烯酯,約旦,出口總值(含復出口),143,106400
2018-7,29153200,醋酸乙烯酯,美國,進口總值(含復進口),0,4
2018-7,29153200,醋酸乙烯酯,哥倫比亞,出口總值(含復出口),133,109230
2018-7,29153200,醋酸乙烯酯,秘魯,出口總值(含復出口),292,241490
2018-7,29153200,醋酸乙烯酯,斯里蘭卡,出口總值(含復出口),161,121600
2018-7,29153200,醋酸乙烯酯,新加坡,進口總值(含復進口),1256,899218
2018-7,29153200,醋酸乙烯酯,義大利,出口總值(含復出口),3748,2994426
2018-7,29153200,醋酸乙烯酯,德國,進口總值(含復進口),0,0
2018-7,29153200,醋酸乙烯酯,摩洛哥,出口總值(含復出口),79,60800
2018-8,27101965,白臘油,中國大陸,出口總值(含復出口),8258,8274000
2018-8,27101965,白臘油,日本,進口總值(含復進口),1976,1977000
2018-8,27101965,白臘油,日本,出口總值(含復出口),92,100000
2018-8,27101965,白臘油,印尼,出口總值(含復出口),58,60000
2018-8,27101965,白臘油,印度,進口總值(含復進口),62,53000
2018-8,27101965,白臘油,沙烏地阿拉伯,出口總值(含復出口),183,200000
2018-8,27101965,白臘油,其他國家,出口總值(含復出口),1,0
2018-8,27101965,白臘油,法國,進口總值(含復進口),38,14000
2018-8,27101965,白臘油,南韓,進口總值(含復進口),1055,1138000
2018-8,27101965,白臘油,美國,進口總值(含復進口),182,100000
2018-8,27101965,白臘油,香港,出口總值(含復出口),83,91000
2018-8,27101965,白臘油,泰國,進口總值(含復進口),123,180000
2018-8,27101965,白臘油,泰國,出口總值(含復出口),73,80000
2018-8,27101965,白臘油,馬來西亞,出口總值(含復出口),202,196000
2018-8,27101965,白臘油,菲律賓,出口總值(含復出口),2,0
2018-8,27101965,白臘油,越南,出口總值(含復出口),126,112000
2018-8,27101965,白臘油,德國,進口總值(含復進口),1,0
2018-8,27101965,白臘油,德國,出口總值(含復出口),55,60000
2018-8,29051220,異丙醇,中國大陸,進口總值(含復進口),998,1030000
2018-8,29051220,異丙醇,中國大陸,出口總值(含復出口),3120,3200000
2018-8,29051220,異丙醇,中華民國,進口總值(含復進口),0,0
2018-8,29051220,異丙醇,巴基斯坦,出口總值(含復出口),406,443000
2018-8,29051220,異丙醇,日本,進口總值(含復進口),1619,1255000
2018-8,29051220,異丙醇,日本,出口總值(含復出口),0,0
2018-8,29051220,異丙醇,加拿大,進口總值(含復進口),12,3000
2018-8,29051220,異丙醇,印尼,出口總值(含復出口),1,1000
2018-8,29051220,異丙醇,印度,出口總值(含復出口),191,167000
2018-8,29051220,異丙醇,孟加拉,出口總值(含復出口),61,51000
2018-8,29051220,異丙醇,南韓,進口總值(含復進口),6,1000
2018-8,29051220,異丙醇,約旦,出口總值(含復出口),13,13000
2018-8,29051220,異丙醇,美國,進口總值(含復進口),8,2000
2018-8,29051220,異丙醇,英國,進口總值(含復進口),3,1000
2018-8,29051220,異丙醇,香港,出口總值(含復出口),24,3000
2018-8,29051220,異丙醇,泰國,出口總值(含復出口),28,24000
2018-8,29051220,異丙醇,馬來西亞,出口總值(含復出口),96,56000
2018-8,29051220,異丙醇,菲律賓,出口總值(含復出口),147,75000
2018-8,29051220,異丙醇,新加坡,出口總值(含復出口),41,18000
2018-8,29051220,異丙醇,瑞士,進口總值(含復進口),0,0
2018-8,29051220,異丙醇,德國,進口總值(含復進口),68,16000
2018-8,29051220,異丙醇,澳大利亞,出口總值(含復出口),90,78000
2018-8,29051300,正丁醇,中國大陸,出口總值(含復出口),14595,14000000
2018-8,29051300,正丁醇,日本,進口總值(含復進口),0,0
2018-8,29051300,正丁醇,西班牙,進口總值(含復進口),0,0
2018-8,29051300,正丁醇,南韓,出口總值(含復出口),960,1000000
2018-8,29051300,正丁醇,美國,進口總值(含復進口),0,0
2018-8,29051300,正丁醇,英國,進口總值(含復進口),0,0
2018-8,29051300,正丁醇,泰國,出口總值(含復出口),2,2000
2018-8,29051300,正丁醇,越南,出口總值(含復出口),40,38000
2018-8,29051300,正丁醇,德國,進口總值(含復進口),0,0
2018-8,29094100,２，２'－氧基二乙醇（二乙二醇）,中國大陸,進口總值(含復進口),4,2580
2018-8,29094100,２，２'－氧基二乙醇（二乙二醇）,中國大陸,出口總值(含復出口),8996,12503352
2018-8,29094100,２，２'－氧基二乙醇（二乙二醇）,巴基斯坦,出口總值(含復出口),18,22800
2018-8,29094100,２，２'－氧基二乙醇（二乙二醇）,日本,出口總值(含復出口),128,154570
2018-8,29094100,２，２'－氧基二乙醇（二乙二醇）,比利時,進口總值(含復進口),0,0
2018-8,29094100,２，２'－氧基二乙醇（二乙二醇）,美國,進口總值(含復進口),2,800
2018-8,29094100,２，２'－氧基二乙醇（二乙二醇）,英國,進口總值(含復進口),0,51
2018-8,29094100,２，２'－氧基二乙醇（二乙二醇）,香港,出口總值(含復出口),8,6300
2018-8,29094100,２，２'－氧基二乙醇（二乙二醇）,敘利亞,出口總值(含復出口),17,18000
2018-8,29094100,２，２'－氧基二乙醇（二乙二醇）,菲律賓,出口總值(含復出口),11,11250
2018-8,29094100,２，２'－氧基二乙醇（二乙二醇）,越南,出口總值(含復出口),26,26250
2018-8,29094100,２，２'－氧基二乙醇（二乙二醇）,澳大利亞,出口總值(含復出口),20,19800
2018-8,29094310,乙二醇丁醚,中國大陸,出口總值(含復出口),1010,863716
2018-8,29094310,乙二醇丁醚,中華民國,進口總值(含復進口),0,140
2018-8,29094310,乙二醇丁醚,日本,進口總值(含復進口),0,10
2018-8,29094310,乙二醇丁醚,日本,出口總值(含復出口),135,118400
2018-8,29094310,乙二醇丁醚,沙烏地阿拉伯,進口總值(含復進口),97,98700
2018-8,29094310,乙二醇丁醚,泰國,出口總值(含復出口),54,22200
2018-8,29094310,乙二醇丁醚,馬來西亞,出口總值(含復出口),20,20040
2018-8,29094310,乙二醇丁醚,斯里蘭卡,出口總值(含復出口),49,39220
2018-8,29094310,乙二醇丁醚,菲律賓,出口總值(含復出口),2,925
2018-8,29094310,乙二醇丁醚,越南,出口總值(含復出口),277,221876
2018-8,29094310,乙二醇丁醚,新加坡,出口總值(含復出口),138,140100
2018-8,29094310,乙二醇丁醚,德國,進口總值(含復進口),1,370
2018-8,29094310,乙二醇丁醚,澳大利亞,出口總值(含復出口),120,91400
2018-8,29153200,醋酸乙烯酯,中國大陸,出口總值(含復出口),14675,13447968
2018-8,29153200,醋酸乙烯酯,巴拉圭,出口總值(含復出口),31,19920
2018-8,29153200,醋酸乙烯酯,巴基斯坦,出口總值(含復出口),334,248010
2018-8,29153200,醋酸乙烯酯,印度,出口總值(含復出口),119,91200
2018-8,29153200,醋酸乙烯酯,奈及利亞,出口總值(含復出口),19,15200
2018-8,29153200,醋酸乙烯酯,肯亞,出口總值(含復出口),98,76000
2018-8,29153200,醋酸乙烯酯,突尼西亞,出口總值(含復出口),39,30400
2018-8,29153200,醋酸乙烯酯,英國,進口總值(含復進口),0,1
2018-8,29153200,醋酸乙烯酯,哥倫比亞,出口總值(含復出口),107,87650
2018-8,29153200,醋酸乙烯酯,斯里蘭卡,出口總值(含復出口),103,76000
2018-8,29153200,醋酸乙烯酯,新加坡,進口總值(含復進口),2780,2237337
2018-8,29153200,醋酸乙烯酯,德國,進口總值(含復進口),0,0
2018-9,27101965,白臘油,中國大陸,出口總值(含復出口),4308,3856000
2018-9,27101965,白臘油,日本,進口總值(含復進口),41,13000
2018-9,27101965,白臘油,印尼,出口總值(含復出口),2,1000
2018-9,27101965,白臘油,印度,進口總值(含復進口),64,53000
2018-9,27101965,白臘油,印度,出口總值(含復出口),12,8000
2018-9,27101965,白臘油,沙烏地阿拉伯,出口總值(含復出口),173,200000
2018-9,27101965,白臘油,其他國家,出口總值(含復出口),1,0
2018-9,27101965,白臘油,法國,進口總值(含復進口),1,0
2018-9,27101965,白臘油,南韓,進口總值(含復進口),3285,3788000
2018-9,27101965,白臘油,美國,進口總值(含復進口),72,35000
2018-9,27101965,白臘油,香港,出口總值(含復出口),3,5000
2018-9,27101965,白臘油,泰國,進口總值(含復進口),179,260000
2018-9,27101965,白臘油,泰國,出口總值(含復出口),17,20000
2018-9,27101965,白臘油,馬來西亞,進口總值(含復進口),1931,1997000
2018-9,27101965,白臘油,馬來西亞,出口總值(含復出口),54,55000
2018-9,27101965,白臘油,越南,出口總值(含復出口),188,177000
2018-9,27101965,白臘油,新加坡,出口總值(含復出口),2,2000
2018-9,27101965,白臘油,德國,進口總值(含復進口),1,0
2018-9,27101965,白臘油,澳大利亞,出口總值(含復出口),0,0
2018-9,29051220,異丙醇,中國大陸,進口總值(含復進口),46,27000
2018-9,29051220,異丙醇,中國大陸,出口總值(含復出口),3817,3334000
2018-9,29051220,異丙醇,中華民國,進口總值(含復進口),0,0
2018-9,29051220,異丙醇,巴基斯坦,出口總值(含復出口),198,233000
2018-9,29051220,異丙醇,日本,進口總值(含復進口),1056,836000
2018-9,29051220,異丙醇,比利時,進口總值(含復進口),0,0
2018-9,29051220,異丙醇,加拿大,進口總值(含復進口),12,4000
2018-9,29051220,異丙醇,印尼,出口總值(含復出口),23,26000
2018-9,29051220,異丙醇,印度,進口總值(含復進口),5,1000
2018-9,29051220,異丙醇,印度,出口總值(含復出口),339,282000
2018-9,29051220,異丙醇,西班牙,進口總值(含復進口),0,0
2018-9,29051220,異丙醇,孟加拉,出口總值(含復出口),11,13000
2018-9,29051220,異丙醇,南韓,進口總值(含復進口),1,0
2018-9,29051220,異丙醇,南韓,出口總值(含復出口),1882,2000000
2018-9,29051220,異丙醇,美國,進口總值(含復進口),9,3000
2018-9,29051220,異丙醇,美國,出口總值(含復出口),17,14000
2018-9,29051220,異丙醇,英國,進口總值(含復進口),4,1000
2018-9,29051220,異丙醇,香港,出口總值(含復出口),37,5000
2018-9,29051220,異丙醇,埃及,出口總值(含復出口),23,26000
2018-9,29051220,異丙醇,泰國,出口總值(含復出口),88,59000
2018-9,29051220,異丙醇,馬來西亞,出口總值(含復出口),130,65000
2018-9,29051220,異丙醇,菲律賓,出口總值(含復出口),91,42000
2018-9,29051220,異丙醇,越南,出口總值(含復出口),129,118000
2018-9,29051220,異丙醇,新加坡,出口總值(含復出口),85,35000
2018-9,29051220,異丙醇,德國,進口總值(含復進口),21,8000
2018-9,29051220,異丙醇,澳大利亞,出口總值(含復出口),104,91000
2018-9,29051300,正丁醇,中國大陸,出口總值(含復出口),3036,3000000
2018-9,29051300,正丁醇,日本,出口總值(含復出口),11,7000
2018-9,29051300,正丁醇,比利時,出口總值(含復出口),3109,3000000
2018-9,29051300,正丁醇,印度,出口總值(含復出口),3144,3000000
2018-9,29051300,正丁醇,西班牙,進口總值(含復進口),0,0
2018-9,29051300,正丁醇,南非,進口總值(含復進口),200,199000
2018-9,29051300,正丁醇,美國,進口總值(含復進口),0,0
2018-9,29051300,正丁醇,英國,進口總值(含復進口),0,0
2018-9,29051300,正丁醇,泰國,出口總值(含復出口),4,3000
2018-9,29051300,正丁醇,菲律賓,出口總值(含復出口),8,7000
2018-9,29051300,正丁醇,德國,進口總值(含復進口),0,0
2018-9,29094100,２，２'－氧基二乙醇（二乙二醇）,中國大陸,進口總值(含復進口),2,1490
2018-9,29094100,２，２'－氧基二乙醇（二乙二醇）,中國大陸,出口總值(含復出口),13632,18508924
2018-9,29094100,２，２'－氧基二乙醇（二乙二醇）,巴基斯坦,出口總值(含復出口),23,36000
2018-9,29094100,２，２'－氧基二乙醇（二乙二醇）,日本,出口總值(含復出口),17,18000
2018-9,29094100,２，２'－氧基二乙醇（二乙二醇）,比利時,進口總值(含復進口),1,60
2018-9,29094100,２，２'－氧基二乙醇（二乙二醇）,美國,進口總值(含復進口),0,0
2018-9,29094100,２，２'－氧基二乙醇（二乙二醇）,香港,出口總值(含復出口),17,18000
2018-9,29094100,２，２'－氧基二乙醇（二乙二醇）,菲律賓,出口總值(含復出口),69,72000
2018-9,29094100,２，２'－氧基二乙醇（二乙二醇）,越南,出口總值(含復出口),7,3200
2018-9,29094100,２，２'－氧基二乙醇（二乙二醇）,義大利,出口總值(含復出口),25,80000
2018-9,29094100,２，２'－氧基二乙醇（二乙二醇）,德國,進口總值(含復進口),0,0
2018-9,29094310,乙二醇丁醚,中國大陸,進口總值(含復進口),15,5952
2018-9,29094310,乙二醇丁醚,中國大陸,出口總值(含復出口),1236,1114434
2018-9,29094310,乙二醇丁醚,中華民國,進口總值(含復進口),0,104
2018-9,29094310,乙二醇丁醚,日本,出口總值(含復出口),290,248820
2018-9,29094310,乙二醇丁醚,沙烏地阿拉伯,進口總值(含復進口),350,319111
2018-9,29094310,乙二醇丁醚,沙烏地阿拉伯,出口總值(含復出口),36,29600
2018-9,29094310,乙二醇丁醚,美國,進口總值(含復進口),3184,3028468
2018-9,29094310,乙二醇丁醚,香港,出口總值(含復出口),18,14800
2018-9,29094310,乙二醇丁醚,泰國,出口總值(含復出口),54,22200
2018-9,29094310,乙二醇丁醚,紐西蘭,出口總值(含復出口),5,3700
2018-9,29094310,乙二醇丁醚,馬來西亞,出口總值(含復出口),37,34790
2018-9,29094310,乙二醇丁醚,斯里蘭卡,出口總值(含復出口),108,88060
2018-9,29094310,乙二醇丁醚,菲律賓,出口總值(含復出口),2,1110
2018-9,29094310,乙二醇丁醚,越南,出口總值(含復出口),470,386340
2018-9,29094310,乙二醇丁醚,新加坡,出口總值(含復出口),199,194660
2018-9,29094310,乙二醇丁醚,德國,進口總值(含復進口),1,371
2018-9,29094310,乙二醇丁醚,澳大利亞,出口總值(含復出口),67,51400
2018-9,29153200,醋酸乙烯酯,中國大陸,出口總值(含復出口),10456,9953819
2018-9,29153200,醋酸乙烯酯,厄瓜多,出口總值(含復出口),263,241710
2018-9,29153200,醋酸乙烯酯,巴西,出口總值(含復出口),24,22000
2018-9,29153200,醋酸乙烯酯,巴基斯坦,出口總值(含復出口),165,126290
2018-9,29153200,醋酸乙烯酯,日本,進口總值(含復進口),1217,970362
2018-9,29153200,醋酸乙烯酯,吉布地,出口總值(含復出口),108,91200
2018-9,29153200,醋酸乙烯酯,奈及利亞,出口總值(含復出口),72,60800
2018-9,29153200,醋酸乙烯酯,肯亞,出口總值(含復出口),92,76000
2018-9,29153200,醋酸乙烯酯,阿拉伯聯合大公國,出口總值(含復出口),96,76000
2018-9,29153200,醋酸乙烯酯,南韓,出口總值(含復出口),4108,3474327
2018-9,29153200,醋酸乙烯酯,英國,進口總值(含復進口),0,2
2018-9,29153200,醋酸乙烯酯,秘魯,出口總值(含復出口),20,15200
2018-9,29153200,醋酸乙烯酯,斯里蘭卡,出口總值(含復出口),129,106400
2018-9,29153200,醋酸乙烯酯,越南,出口總值(含復出口),19,15200
2018-9,29153200,醋酸乙烯酯,新加坡,進口總值(含復進口),420,319697
2018-10,27101965,白臘油,不丹,出口總值(含復出口),10,11000
2018-10,27101965,白臘油,中國大陸,出口總值(含復出口),10202,9778000
2018-10,27101965,白臘油,日本,進口總值(含復進口),1621,2326000
2018-10,27101965,白臘油,日本,出口總值(含復出口),51,60000
2018-10,27101965,白臘油,比利時,進口總值(含復進口),0,0
2018-10,27101965,白臘油,印度,進口總值(含復進口),76,64000
2018-10,27101965,白臘油,沙烏地阿拉伯,出口總值(含復出口),133,160000
2018-10,27101965,白臘油,其他國家,出口總值(含復出口),1,0
2018-10,27101965,白臘油,孟加拉,出口總值(含復出口),229,204000
2018-10,27101965,白臘油,法國,進口總值(含復進口),20,7000
2018-10,27101965,白臘油,南韓,進口總值(含復進口),423,330000
2018-10,27101965,白臘油,美國,進口總值(含復進口),30,15000
2018-10,27101965,白臘油,香港,出口總值(含復出口),790,920000
2018-10,27101965,白臘油,泰國,進口總值(含復進口),278,402000
2018-10,27101965,白臘油,泰國,出口總值(含復出口),102,112000
2018-10,27101965,白臘油,馬來西亞,出口總值(含復出口),111,108000
2018-10,27101965,白臘油,越南,出口總值(含復出口),337,358000
2018-10,27101965,白臘油,德國,進口總值(含復進口),0,0
2018-10,29051220,異丙醇,中國大陸,出口總值(含復出口),1824,1253000
2018-10,29051220,異丙醇,中華民國,進口總值(含復進口),14,5000
2018-10,29051220,異丙醇,巴基斯坦,出口總值(含復出口),412,430000
2018-10,29051220,異丙醇,日本,進口總值(含復進口),1466,1225000
2018-10,29051220,異丙醇,日本,出口總值(含復出口),22,18000
2018-10,29051220,異丙醇,加拿大,進口總值(含復進口),13,4000
2018-10,29051220,異丙醇,印尼,出口總值(含復出口),25,28000
2018-10,29051220,異丙醇,印度,出口總值(含復出口),706,759000
2018-10,29051220,異丙醇,西班牙,進口總值(含復進口),0,0
2018-10,29051220,異丙醇,孟加拉,出口總值(含復出口),99,75000
2018-10,29051220,異丙醇,法國,進口總值(含復進口),1,0
2018-10,29051220,異丙醇,肯亞,出口總值(含復出口),14,13000
2018-10,29051220,異丙醇,南非,進口總值(含復進口),15,7000
2018-10,29051220,異丙醇,南非,出口總值(含復出口),14,13000
2018-10,29051220,異丙醇,南韓,進口總值(含復進口),1,0
2018-10,29051220,異丙醇,南韓,出口總值(含復出口),1064,1045000
2018-10,29051220,異丙醇,美國,進口總值(含復進口),53,20000
2018-10,29051220,異丙醇,英國,進口總值(含復進口),0,0
2018-10,29051220,異丙醇,香港,出口總值(含復出口),54,7000
2018-10,29051220,異丙醇,埃及,出口總值(含復出口),45,38000
2018-10,29051220,異丙醇,泰國,出口總值(含復出口),475,514000
2018-10,29051220,異丙醇,烏干達,出口總值(含復出口),14,13000
2018-10,29051220,異丙醇,馬來西亞,出口總值(含復出口),216,97000
2018-10,29051220,異丙醇,菲律賓,出口總值(含復出口),139,71000
2018-10,29051220,異丙醇,越南,出口總值(含復出口),73,83000
2018-10,29051220,異丙醇,新加坡,出口總值(含復出口),987,1050000
2018-10,29051220,異丙醇,德國,進口總值(含復進口),17,2000
2018-10,29051220,異丙醇,澳大利亞,出口總值(含復出口),40,32000
2018-10,29051300,正丁醇,中國大陸,進口總值(含復進口),0,0
2018-10,29051300,正丁醇,中國大陸,出口總值(含復出口),6855,7000000
2018-10,29051300,正丁醇,日本,出口總值(含復出口),9,7000
2018-10,29051300,正丁醇,以色列,進口總值(含復進口),1,0
2018-10,29051300,正丁醇,法國,進口總值(含復進口),0,0
2018-10,29051300,正丁醇,南韓,進口總值(含復進口),1,0
2018-10,29051300,正丁醇,南韓,出口總值(含復出口),947,1000000
2018-10,29051300,正丁醇,美國,進口總值(含復進口),0,0
2018-10,29051300,正丁醇,英國,進口總值(含復進口),0,0
2018-10,29051300,正丁醇,泰國,出口總值(含復出口),20,19000
2018-10,29051300,正丁醇,菲律賓,出口總值(含復出口),8,7000
2018-10,29051300,正丁醇,越南,出口總值(含復出口),75,70000
2018-10,29051300,正丁醇,瑞士,進口總值(含復進口),0,0
2018-10,29051300,正丁醇,德國,進口總值(含復進口),0,0
2018-10,29094100,２，２'－氧基二乙醇（二乙二醇）,中國大陸,進口總值(含復進口),5,3570
2018-10,29094100,２，２'－氧基二乙醇（二乙二醇）,中國大陸,出口總值(含復出口),9988,14073829
2018-10,29094100,２，２'－氧基二乙醇（二乙二醇）,巴基斯坦,出口總值(含復出口),13,18000
2018-10,29094100,２，２'－氧基二乙醇（二乙二醇）,日本,進口總值(含復進口),0,10
2018-10,29094100,２，２'－氧基二乙醇（二乙二醇）,日本,出口總值(含復出口),17,18000
2018-10,29094100,２，２'－氧基二乙醇（二乙二醇）,比利時,進口總值(含復進口),1,61
2018-10,29094100,２，２'－氧基二乙醇（二乙二醇）,孟加拉,出口總值(含復出口),18,18000
2018-10,29094100,２，２'－氧基二乙醇（二乙二醇）,英國,進口總值(含復進口),0,38
2018-10,29094100,２，２'－氧基二乙醇（二乙二醇）,荷蘭,進口總值(含復進口),0,3
2018-10,29094100,２，２'－氧基二乙醇（二乙二醇）,菲律賓,出口總值(含復出口),87,90000
2018-10,29094100,２，２'－氧基二乙醇（二乙二醇）,越南,出口總值(含復出口),148,161900
2018-10,29094100,２，２'－氧基二乙醇（二乙二醇）,義大利,出口總值(含復出口),11,40000
2018-10,29094310,乙二醇丁醚,中國大陸,進口總值(含復進口),13,5208
2018-10,29094310,乙二醇丁醚,中國大陸,出口總值(含復出口),222,178200
2018-10,29094310,乙二醇丁醚,中華民國,進口總值(含復進口),0,80
2018-10,29094310,乙二醇丁醚,巴西,出口總值(含復出口),47,42140
2018-10,29094310,乙二醇丁醚,日本,進口總值(含復進口),5,24
2018-10,29094310,乙二醇丁醚,日本,出口總值(含復出口),353,307790
2018-10,29094310,乙二醇丁醚,印尼,出口總值(含復出口),1103,1140770
2018-10,29094310,乙二醇丁醚,沙烏地阿拉伯,進口總值(含復進口),331,318403
2018-10,29094310,乙二醇丁醚,美國,進口總值(含復進口),1133,1078644
2018-10,29094310,乙二醇丁醚,埃及,出口總值(含復出口),17,14800
2018-10,29094310,乙二醇丁醚,泰國,出口總值(含復出口),568,547654
2018-10,29094310,乙二醇丁醚,馬來西亞,出口總值(含復出口),36,34800
2018-10,29094310,乙二醇丁醚,斯里蘭卡,出口總值(含復出口),47,39220
2018-10,29094310,乙二醇丁醚,菲律賓,出口總值(含復出口),2,1110
2018-10,29094310,乙二醇丁醚,越南,出口總值(含復出口),413,334140
2018-10,29094310,乙二醇丁醚,新加坡,出口總值(含復出口),149,159740
2018-10,29094310,乙二醇丁醚,德國,進口總值(含復進口),0,1
2018-10,29094310,乙二醇丁醚,澳大利亞,出口總值(含復出口),148,113600
2018-10,29153200,醋酸乙烯酯,中國大陸,出口總值(含復出口),19775,19904449
2018-10,29153200,醋酸乙烯酯,巴西,出口總值(含復出口),15,15200
2018-10,29153200,醋酸乙烯酯,巴基斯坦,出口總值(含復出口),228,197600
2018-10,29153200,醋酸乙烯酯,日本,進口總值(含復進口),2262,1972087
2018-10,29153200,醋酸乙烯酯,比利時,出口總值(含復出口),1915,2002259
2018-10,29153200,醋酸乙烯酯,印度,出口總值(含復出口),17,15200
2018-10,29153200,醋酸乙烯酯,奈及利亞,出口總值(含復出口),523,456000
2018-10,29153200,醋酸乙烯酯,肯亞,出口總值(含復出口),18,15200
2018-10,29153200,醋酸乙烯酯,南韓,出口總值(含復出口),3318,2981490
2018-10,29153200,醋酸乙烯酯,美國,進口總值(含復進口),0,2
2018-10,29153200,醋酸乙烯酯,英國,進口總值(含復進口),0,0
2018-10,29153200,醋酸乙烯酯,敘利亞,出口總值(含復出口),41,30400
2018-10,29153200,醋酸乙烯酯,莫三比克,出口總值(含復出口),35,30400
2018-10,29153200,醋酸乙烯酯,斯里蘭卡,出口總值(含復出口),54,45600
2018-10,29153200,醋酸乙烯酯,新加坡,進口總值(含復進口),556,449695
2018-11,27101965,白臘油,中國大陸,出口總值(含復出口),6977,6861000
2018-11,27101965,白臘油,日本,進口總值(含復進口),17,10000
2018-11,27101965,白臘油,日本,出口總值(含復出口),34,40000
2018-11,27101965,白臘油,卡達,進口總值(含復進口),5330,5053000
2018-11,27101965,白臘油,印尼,出口總值(含復出口),105,120000
2018-11,27101965,白臘油,印度,進口總值(含復進口),39,33000
2018-11,27101965,白臘油,印度,出口總值(含復出口),427,511000
2018-11,27101965,白臘油,多明尼加,出口總值(含復出口),1,0
2018-11,27101965,白臘油,沙烏地阿拉伯,出口總值(含復出口),166,200000
2018-11,27101965,白臘油,其他國家,出口總值(含復出口),1,0
2018-11,27101965,白臘油,孟加拉,出口總值(含復出口),235,203000
2018-11,27101965,白臘油,法國,進口總值(含復進口),1,0
2018-11,27101965,白臘油,阿根廷,出口總值(含復出口),85,100000
2018-11,27101965,白臘油,南韓,進口總值(含復進口),254,195000
2018-11,27101965,白臘油,美國,進口總值(含復進口),104,50000
2018-11,27101965,白臘油,美國,出口總值(含復出口),4,4000
2018-11,27101965,白臘油,香港,出口總值(含復出口),264,285000
2018-11,27101965,白臘油,泰國,進口總值(含復進口),111,161000
2018-11,27101965,白臘油,泰國,出口總值(含復出口),104,104000
2018-11,27101965,白臘油,馬來西亞,出口總值(含復出口),98,88000
2018-11,27101965,白臘油,菲律賓,出口總值(含復出口),2,0
2018-11,27101965,白臘油,越南,出口總值(含復出口),372,396000
2018-11,27101965,白臘油,新加坡,進口總值(含復進口),21,17000
2018-11,27101965,白臘油,新加坡,出口總值(含復出口),5,8000
2018-11,27101965,白臘油,義大利,出口總值(含復出口),442,502000
2018-11,27101965,白臘油,德國,進口總值(含復進口),3,0
2018-11,27101965,白臘油,德國,出口總值(含復出口),50,60000
2018-11,29051220,異丙醇,中國大陸,進口總值(含復進口),3,2000
2018-11,29051220,異丙醇,中國大陸,出口總值(含復出口),700,214000
2018-11,29051220,異丙醇,中華民國,進口總值(含復進口),0,0
2018-11,29051220,異丙醇,巴基斯坦,出口總值(含復出口),375,469000
2018-11,29051220,異丙醇,日本,進口總值(含復進口),896,753000
2018-11,29051220,異丙醇,加拿大,進口總值(含復進口),18,5000
2018-11,29051220,異丙醇,印度,出口總值(含復出口),830,818000
2018-11,29051220,異丙醇,孟加拉,出口總值(含復出口),93,78000
2018-11,29051220,異丙醇,南韓,進口總值(含復進口),2,0
2018-11,29051220,異丙醇,南韓,出口總值(含復出口),2026,2001000
2018-11,29051220,異丙醇,美國,進口總值(含復進口),46,16000
2018-11,29051220,異丙醇,美國,出口總值(含復出口),30,26000
2018-11,29051220,異丙醇,英國,進口總值(含復進口),0,0
2018-11,29051220,異丙醇,香港,出口總值(含復出口),73,9000
2018-11,29051220,異丙醇,埃及,出口總值(含復出口),25,40000
2018-11,29051220,異丙醇,泰國,出口總值(含復出口),37,37000
2018-11,29051220,異丙醇,馬來西亞,出口總值(含復出口),161,95000
2018-11,29051220,異丙醇,菲律賓,出口總值(含復出口),285,162000
2018-11,29051220,異丙醇,越南,出口總值(含復出口),83,91000
2018-11,29051220,異丙醇,愛爾蘭,出口總值(含復出口),165,54000
2018-11,29051220,異丙醇,新加坡,出口總值(含復出口),131,61000
2018-11,29051220,異丙醇,瑞士,進口總值(含復進口),0,0
2018-11,29051220,異丙醇,德國,進口總值(含復進口),7,0
2018-11,29051220,異丙醇,澳大利亞,出口總值(含復出口),32,26000
2018-11,29051300,正丁醇,中國大陸,出口總值(含復出口),6800,7000000
2018-11,29051300,正丁醇,日本,進口總值(含復進口),0,0
2018-11,29051300,正丁醇,日本,出口總值(含復出口),11,7000
2018-11,29051300,正丁醇,印度,出口總值(含復出口),1613,1500000
2018-11,29051300,正丁醇,西班牙,進口總值(含復進口),0,0
2018-11,29051300,正丁醇,南非,進口總值(含復進口),516,507000
2018-11,29051300,正丁醇,南韓,進口總值(含復進口),1,0
2018-11,29051300,正丁醇,南韓,出口總值(含復出口),957,1000000
2018-11,29051300,正丁醇,美國,進口總值(含復進口),2,0
2018-11,29051300,正丁醇,英國,進口總值(含復進口),1,0
2018-11,29051300,正丁醇,斯里蘭卡,出口總值(含復出口),2,2000
2018-11,29051300,正丁醇,越南,出口總值(含復出口),68,58000
2018-11,29051300,正丁醇,瑞士,進口總值(含復進口),0,0
2018-11,29051300,正丁醇,德國,進口總值(含復進口),0,0
2018-11,29051300,正丁醇,澳大利亞,出口總值(含復出口),16,13000
2018-11,29094100,２，２'－氧基二乙醇（二乙二醇）,中國大陸,出口總值(含復出口),6644,9919182
2018-11,29094100,２，２'－氧基二乙醇（二乙二醇）,比利時,進口總值(含復進口),0,7
2018-11,29094100,２，２'－氧基二乙醇（二乙二醇）,美國,進口總值(含復進口),1,0
2018-11,29094100,２，２'－氧基二乙醇（二乙二醇）,英國,進口總值(含復進口),0,22
2018-11,29094100,２，２'－氧基二乙醇（二乙二醇）,菲律賓,出口總值(含復出口),77,83250
2018-11,29094100,２，２'－氧基二乙醇（二乙二醇）,越南,出口總值(含復出口),531,682400
2018-11,29094310,乙二醇丁醚,中國大陸,進口總值(含復進口),0,372
2018-11,29094310,乙二醇丁醚,中國大陸,出口總值(含復出口),242,218370
2018-11,29094310,乙二醇丁醚,中華民國,進口總值(含復進口),0,92
2018-11,29094310,乙二醇丁醚,巴西,出口總值(含復出口),18,14800
2018-11,29094310,乙二醇丁醚,日本,進口總值(含復進口),2,88
2018-11,29094310,乙二醇丁醚,日本,出口總值(含復出口),175,153190
2018-11,29094310,乙二醇丁醚,沙烏地阿拉伯,進口總值(含復進口),56,59200
2018-11,29094310,乙二醇丁醚,阿拉伯聯合大公國,出口總值(含復出口),15,14800
2018-11,29094310,乙二醇丁醚,約旦,出口總值(含復出口),17,14800
2018-11,29094310,乙二醇丁醚,美國,進口總值(含復進口),5049,4854170
2018-11,29094310,乙二醇丁醚,埃及,出口總值(含復出口),33,29600
2018-11,29094310,乙二醇丁醚,泰國,出口總值(含復出口),36,14800
2018-11,29094310,乙二醇丁醚,紐西蘭,出口總值(含復出口),19,14800
2018-11,29094310,乙二醇丁醚,馬來西亞,出口總值(含復出口),129,134670
2018-11,29094310,乙二醇丁醚,斯里蘭卡,出口總值(含復出口),35,29600
2018-11,29094310,乙二醇丁醚,菲律賓,出口總值(含復出口),24,22735
2018-11,29094310,乙二醇丁醚,越南,出口總值(含復出口),351,290100
2018-11,29094310,乙二醇丁醚,新加坡,出口總值(含復出口),92,94610
2018-11,29094310,乙二醇丁醚,德國,進口總值(含復進口),0,1
2018-11,29094310,乙二醇丁醚,澳大利亞,出口總值(含復出口),87,67900
2018-11,29153200,醋酸乙烯酯,中國大陸,出口總值(含復出口),16502,17009494
2018-11,29153200,醋酸乙烯酯,巴基斯坦,出口總值(含復出口),18,15200
2018-11,29153200,醋酸乙烯酯,比利時,出口總值(含復出口),2927,2969719
2018-11,29153200,醋酸乙烯酯,印度,出口總值(含復出口),34,30400
2018-11,29153200,醋酸乙烯酯,奈及利亞,出口總值(含復出口),171,152000
2018-11,29153200,醋酸乙烯酯,南韓,出口總值(含復出口),3304,2988808
2018-11,29153200,醋酸乙烯酯,美國,進口總值(含復進口),0,0
2018-11,29153200,醋酸乙烯酯,英國,進口總值(含復進口),0,0
2018-11,29153200,醋酸乙烯酯,敘利亞,出口總值(含復出口),35,30400
2018-11,29153200,醋酸乙烯酯,斯里蘭卡,出口總值(含復出口),120,106400
2018-11,29153200,醋酸乙烯酯,新加坡,進口總值(含復進口),2189,1897361
2018-11,29153200,醋酸乙烯酯,黎巴嫩,出口總值(含復出口),34,30400
2018-12,27101965,白臘油,中國大陸,出口總值(含復出口),6498,7120000
2018-12,27101965,白臘油,日本,進口總值(含復進口),78,52000
2018-12,27101965,白臘油,日本,出口總值(含復出口),34,40000
2018-12,27101965,白臘油,印尼,出口總值(含復出口),227,260000
2018-12,27101965,白臘油,印度,進口總值(含復進口),134,114000
2018-12,27101965,白臘油,沙烏地阿拉伯,出口總值(含復出口),246,300000
2018-12,27101965,白臘油,其他國家,出口總值(含復出口),1,0
2018-12,27101965,白臘油,法國,進口總值(含復進口),20,7000
2018-12,27101965,白臘油,南韓,進口總值(含復進口),1007,1167000
2018-12,27101965,白臘油,美國,進口總值(含復進口),68,27000
2018-12,27101965,白臘油,香港,出口總值(含復出口),225,267000
2018-12,27101965,白臘油,泰國,進口總值(含復進口),274,387000
2018-12,27101965,白臘油,泰國,出口總值(含復出口),49,60000
2018-12,27101965,白臘油,馬來西亞,進口總值(含復進口),1217,1428000
2018-12,27101965,白臘油,馬來西亞,出口總值(含復出口),91,93000
2018-12,27101965,白臘油,越南,出口總值(含復出口),319,285000
2018-12,27101965,白臘油,新加坡,出口總值(含復出口),2,3000
2018-12,27101965,白臘油,義大利,出口總值(含復出口),430,501000
2018-12,27101965,白臘油,德國,進口總值(含復進口),0,0
2018-12,27101965,白臘油,德國,出口總值(含復出口),49,60000
2018-12,29051220,異丙醇,中國大陸,進口總值(含復進口),72,42000
2018-12,29051220,異丙醇,中國大陸,出口總值(含復出口),3512,3228000
2018-12,29051220,異丙醇,中華民國,進口總值(含復進口),0,0
2018-12,29051220,異丙醇,巴基斯坦,出口總值(含復出口),217,234000
2018-12,29051220,異丙醇,日本,進口總值(含復進口),1380,1159000
2018-12,29051220,異丙醇,加拿大,進口總值(含復進口),15,4000
2018-12,29051220,異丙醇,印度,進口總值(含復進口),18,4000
2018-12,29051220,異丙醇,印度,出口總值(含復出口),1412,1664000
2018-12,29051220,異丙醇,孟加拉,出口總值(含復出口),174,117000
2018-12,29051220,異丙醇,阿拉伯聯合大公國,出口總值(含復出口),5,7000
2018-12,29051220,異丙醇,南韓,進口總值(含復進口),1,0
2018-12,29051220,異丙醇,南韓,出口總值(含復出口),2873,3119000
2018-12,29051220,異丙醇,美國,進口總值(含復進口),72,28000
2018-12,29051220,異丙醇,美國,出口總值(含復出口),70,21000
2018-12,29051220,異丙醇,英國,進口總值(含復進口),0,0
2018-12,29051220,異丙醇,香港,出口總值(含復出口),17,3000
2018-12,29051220,異丙醇,泰國,出口總值(含復出口),28,24000
2018-12,29051220,異丙醇,馬來西亞,出口總值(含復出口),120,64000
2018-12,29051220,異丙醇,菲律賓,出口總值(含復出口),129,72000
2018-12,29051220,異丙醇,越南,出口總值(含復出口),71,91000
2018-12,29051220,異丙醇,愛爾蘭,出口總值(含復出口),222,76000
2018-12,29051220,異丙醇,新加坡,進口總值(含復進口),2,1000
2018-12,29051220,異丙醇,新加坡,出口總值(含復出口),69,33000
2018-12,29051220,異丙醇,瑞士,進口總值(含復進口),0,0
2018-12,29051220,異丙醇,德國,進口總值(含復進口),3,0
2018-12,29051220,異丙醇,澳大利亞,出口總值(含復出口),47,39000
2018-12,29051300,正丁醇,中國大陸,進口總值(含復進口),17,18000
2018-12,29051300,正丁醇,中國大陸,出口總值(含復出口),15,13000
2018-12,29051300,正丁醇,日本,進口總值(含復進口),0,0
2018-12,29051300,正丁醇,比利時,進口總值(含復進口),0,0
2018-12,29051300,正丁醇,沙烏地阿拉伯,進口總值(含復進口),481,491000
2018-12,29051300,正丁醇,美國,進口總值(含復進口),2,0
2018-12,29051300,正丁醇,英國,進口總值(含復進口),0,0
2018-12,29051300,正丁醇,英國,出口總值(含復出口),91,94000
2018-12,29051300,正丁醇,泰國,出口總值(含復出口),26,26000
2018-12,29051300,正丁醇,菲律賓,出口總值(含復出口),8,7000
2018-12,29051300,正丁醇,越南,出口總值(含復出口),3,3000
2018-12,29094100,２，２'－氧基二乙醇（二乙二醇）,中國大陸,進口總值(含復進口),2,1470
2018-12,29094100,２，２'－氧基二乙醇（二乙二醇）,中國大陸,出口總值(含復出口),6925,11966044
2018-12,29094100,２，２'－氧基二乙醇（二乙二醇）,日本,出口總值(含復出口),16,18000
2018-12,29094100,２，２'－氧基二乙醇（二乙二醇）,比利時,進口總值(含復進口),0,7
2018-12,29094100,２，２'－氧基二乙醇（二乙二醇）,美國,進口總值(含復進口),0,0
2018-12,29094100,２，２'－氧基二乙醇（二乙二醇）,英國,進口總值(含復進口),0,6
2018-12,29094100,２，２'－氧基二乙醇（二乙二醇）,香港,出口總值(含復出口),16,18000
2018-12,29094100,２，２'－氧基二乙醇（二乙二醇）,荷蘭,進口總值(含復進口),0,2
2018-12,29094100,２，２'－氧基二乙醇（二乙二醇）,越南,出口總值(含復出口),114,141610
2018-12,29094100,２，２'－氧基二乙醇（二乙二醇）,義大利,出口總值(含復出口),11,40000
2018-12,29094100,２，２'－氧基二乙醇（二乙二醇）,德國,進口總值(含復進口),0,0
2018-12,29094100,２，２'－氧基二乙醇（二乙二醇）,澳大利亞,出口總值(含復出口),18,19800
2018-12,29094100,２，２'－氧基二乙醇（二乙二醇）,澳門,出口總值(含復出口),30,36000
2018-12,29094310,乙二醇丁醚,中國大陸,出口總值(含復出口),1022,1058990
2018-12,29094310,乙二醇丁醚,中華民國,進口總值(含復進口),0,52
2018-12,29094310,乙二醇丁醚,巴基斯坦,出口總值(含復出口),17,14800
2018-12,29094310,乙二醇丁醚,日本,出口總值(含復出口),50,44400
2018-12,29094310,乙二醇丁醚,多明尼加,出口總值(含復出口),15,14800
2018-12,29094310,乙二醇丁醚,沙烏地阿拉伯,進口總值(含復進口),57,59200
2018-12,29094310,乙二醇丁醚,法國,進口總值(含復進口),0,11
2018-12,29094310,乙二醇丁醚,南韓,進口總值(含復進口),20,3360
2018-12,29094310,乙二醇丁醚,美國,進口總值(含復進口),1348,1279596
2018-12,29094310,乙二醇丁醚,泰國,出口總值(含復出口),42,17760
2018-12,29094310,乙二醇丁醚,紐西蘭,出口總值(含復出口),7,5920
2018-12,29094310,乙二醇丁醚,馬來西亞,出口總值(含復出口),36,34810
2018-12,29094310,乙二醇丁醚,斯里蘭卡,出口總值(含復出口),6,5550
2018-12,29094310,乙二醇丁醚,越南,出口總值(含復出口),512,404921
2018-12,29094310,乙二醇丁醚,新加坡,出口總值(含復出口),182,194700
2018-12,29094310,乙二醇丁醚,德國,進口總值(含復進口),1,373
2018-12,29094310,乙二醇丁醚,緬甸,出口總值(含復出口),0,185
2018-12,29094310,乙二醇丁醚,黎巴嫩,出口總值(含復出口),9,9620
2018-12,29094310,乙二醇丁醚,澳大利亞,出口總值(含復出口),117,111670
2018-12,29153200,醋酸乙烯酯,中國大陸,出口總值(含復出口),15347,15565604
2018-12,29153200,醋酸乙烯酯,巴拉圭,出口總值(含復出口),27,19930
2018-12,29153200,醋酸乙烯酯,巴基斯坦,出口總值(含復出口),351,319200
2018-12,29153200,醋酸乙烯酯,印度,出口總值(含復出口),34,30400
2018-12,29153200,醋酸乙烯酯,奈及利亞,出口總值(含復出口),135,121600
2018-12,29153200,醋酸乙烯酯,孟加拉,出口總值(含復出口),17,15200
2018-12,29153200,醋酸乙烯酯,南韓,出口總值(含復出口),4896,4468281
2018-12,29153200,醋酸乙烯酯,英國,進口總值(含復進口),0,1
2018-12,29153200,醋酸乙烯酯,敘利亞,出口總值(含復出口),128,106400
2018-12,29153200,醋酸乙烯酯,斯里蘭卡,出口總值(含復出口),50,45600
2018-12,29153200,醋酸乙烯酯,越南,出口總值(含復出口),33,30400
2018-12,29153200,醋酸乙烯酯,新加坡,進口總值(含復進口),226,199685