Date,HScode,Name,Country,Type,Value,Weight
2020-01,29161410,甲基丙烯酸甲酯,中國大陸,進口總值(含復進口),94,66000
2020-01,29161410,甲基丙烯酸甲酯,中國大陸,出口總值(含復出口),4243,3273870
2020-01,29161410,甲基丙烯酸甲酯,巴基斯坦,出口總值(含復出口),48,30400
2020-01,29161410,甲基丙烯酸甲酯,日本,進口總值(含復進口),88,63560
2020-01,29161410,甲基丙烯酸甲酯,印尼,出口總值(含復出口),259,197570
2020-01,29161410,甲基丙烯酸甲酯,印度,出口總值(含復出口),411,273600
2020-01,29161410,甲基丙烯酸甲酯,阿拉伯聯合大公國,出口總值(含復出口),96,45600
2020-01,29161410,甲基丙烯酸甲酯,南韓,進口總值(含復進口),0,40
2020-01,29161410,甲基丙烯酸甲酯,泰國,進口總值(含復進口),1401,1015873
2020-01,29161410,甲基丙烯酸甲酯,泰國,出口總值(含復出口),23,15200
2020-01,29161410,甲基丙烯酸甲酯,馬來西亞,出口總值(含復出口),150,100000
2020-01,29161410,甲基丙烯酸甲酯,菲律賓,出口總值(含復出口),1136,818870
2020-01,29161410,甲基丙烯酸甲酯,越南,出口總值(含復出口),927,677360
2020-01,29161410,甲基丙烯酸甲酯,新加坡,進口總值(含復進口),197,137210
2020-01,29161410,甲基丙烯酸甲酯,墨西哥,出口總值(含復出口),24,15200
2020-01,29161410,甲基丙烯酸甲酯,澳大利亞,出口總值(含復出口),49,30400
2020-01,29173300,鄰苯二甲酸二壬酯或二癸酯,中國大陸,出口總值(含復出口),2079,2369000
2020-01,29173300,鄰苯二甲酸二壬酯或二癸酯,巴西,出口總值(含復出口),19,17000
2020-01,29173300,鄰苯二甲酸二壬酯或二癸酯,巴基斯坦,出口總值(含復出口),15,15000
2020-01,29173300,鄰苯二甲酸二壬酯或二癸酯,日本,進口總值(含復進口),0,0
2020-01,29173300,鄰苯二甲酸二壬酯或二癸酯,日本,出口總值(含復出口),486,456000
2020-01,29173300,鄰苯二甲酸二壬酯或二癸酯,以色列,出口總值(含復出口),42,42000
2020-01,29173300,鄰苯二甲酸二壬酯或二癸酯,阿拉伯聯合大公國,出口總值(含復出口),16,16000
2020-01,29173300,鄰苯二甲酸二壬酯或二癸酯,阿根廷,出口總值(含復出口),20,21000
2020-01,29173300,鄰苯二甲酸二壬酯或二癸酯,阿曼,出口總值(含復出口),139,142000
2020-01,29173300,鄰苯二甲酸二壬酯或二癸酯,俄羅斯,出口總值(含復出口),41,41000
2020-01,29173300,鄰苯二甲酸二壬酯或二癸酯,美國,進口總值(含復進口),0,0
2020-01,29173300,鄰苯二甲酸二壬酯或二癸酯,美國,出口總值(含復出口),97,103000
2020-01,29173300,鄰苯二甲酸二壬酯或二癸酯,埃及,出口總值(含復出口),21,21000
2020-01,29173300,鄰苯二甲酸二壬酯或二癸酯,馬來西亞,出口總值(含復出口),136,140000
2020-01,29173300,鄰苯二甲酸二壬酯或二癸酯,菲律賓,出口總值(含復出口),79,81000
2020-01,29173300,鄰苯二甲酸二壬酯或二癸酯,越南,出口總值(含復出口),159,138000
2020-01,29173300,鄰苯二甲酸二壬酯或二癸酯,墨西哥,出口總值(含復出口),321,331000
2020-01,29173300,鄰苯二甲酸二壬酯或二癸酯,澳大利亞,出口總值(含復出口),21,21000
2020-01,29321100,四氫?喃,中國大陸,進口總值(含復進口),70,42020
2020-01,29321100,四氫?喃,中國大陸,出口總值(含復出口),286,224400
2020-01,29321100,四氫?喃,日本,出口總值(含復出口),438,221290
2020-01,29321100,四氫?喃,比利時,出口總值(含復出口),344,200840
2020-01,29321100,四氫?喃,加拿大,出口總值(含復出口),26,14400
2020-01,29321100,四氫?喃,印度,出口總值(含復出口),950,592730
2020-01,29321100,四氫?喃,西班牙,進口總值(含復進口),0,8
2020-01,29321100,四氫?喃,波蘭,進口總值(含復進口),16,1296
2020-01,29321100,四氫?喃,阿拉伯聯合大公國,出口總值(含復出口),48,28800
2020-01,29321100,四氫?喃,南韓,進口總值(含復進口),2,213
2020-01,29321100,四氫?喃,南韓,出口總值(含復出口),1377,873170
2020-01,29321100,四氫?喃,美國,進口總值(含復進口),12,1165
2020-01,29321100,四氫?喃,美國,出口總值(含復出口),54,28800
2020-01,29321100,四氫?喃,英國,進口總值(含復進口),1,16
2020-01,29321100,四氫?喃,馬來西亞,出口總值(含復出口),50,28800
2020-01,29321100,四氫?喃,荷蘭,進口總值(含復進口),2,2
2020-01,29321100,四氫?喃,荷蘭,出口總值(含復出口),81,43200
2020-01,29321100,四氫?喃,越南,出口總值(含復出口),51,28800
2020-01,29321100,四氫?喃,愛爾蘭,進口總值(含復進口),12,736
2020-01,29321100,四氫?喃,德國,進口總值(含復進口),8,1235
2020-01,39032000,苯乙烯－丙烯?共聚合物，初級狀態,中國大陸,進口總值(含復進口),200,80900
2020-01,39032000,苯乙烯－丙烯?共聚合物，初級狀態,中國大陸,出口總值(含復出口),9555,6608887
2020-01,39032000,苯乙烯－丙烯?共聚合物，初級狀態,巴西,出口總值(含復出口),165,108000
2020-01,39032000,苯乙烯－丙烯?共聚合物，初級狀態,巴基斯坦,出口總值(含復出口),308,223250
2020-01,39032000,苯乙烯－丙烯?共聚合物，初級狀態,日本,進口總值(含復進口),120,47320
2020-01,39032000,苯乙烯－丙烯?共聚合物，初級狀態,日本,出口總值(含復出口),46,29000
2020-01,39032000,苯乙烯－丙烯?共聚合物，初級狀態,比利時,出口總值(含復出口),3,2000
2020-01,39032000,苯乙烯－丙烯?共聚合物，初級狀態,以色列,出口總值(含復出口),13,9000
2020-01,39032000,苯乙烯－丙烯?共聚合物，初級狀態,印尼,出口總值(含復出口),347,249000
2020-01,39032000,苯乙烯－丙烯?共聚合物，初級狀態,孟加拉,出口總值(含復出口),115,78500
2020-01,39032000,苯乙烯－丙烯?共聚合物，初級狀態,阿拉伯聯合大公國,出口總值(含復出口),32,21000
2020-01,39032000,苯乙烯－丙烯?共聚合物，初級狀態,阿根廷,出口總值(含復出口),25,18000
2020-01,39032000,苯乙烯－丙烯?共聚合物，初級狀態,南非,出口總值(含復出口),26,18000
2020-01,39032000,苯乙烯－丙烯?共聚合物，初級狀態,南韓,進口總值(含復進口),81,52000
2020-01,39032000,苯乙烯－丙烯?共聚合物，初級狀態,突尼西亞,出口總值(含復出口),3,2000
2020-01,39032000,苯乙烯－丙烯?共聚合物，初級狀態,美國,出口總值(含復出口),142,97000
2020-01,39032000,苯乙烯－丙烯?共聚合物，初級狀態,香港,出口總值(含復出口),284,175600
2020-01,39032000,苯乙烯－丙烯?共聚合物，初級狀態,埃及,出口總值(含復出口),46,32000
2020-01,39032000,苯乙烯－丙烯?共聚合物，初級狀態,泰國,出口總值(含復出口),857,563500
2020-01,39032000,苯乙烯－丙烯?共聚合物，初級狀態,馬來西亞,出口總值(含復出口),148,107000
2020-01,39032000,苯乙烯－丙烯?共聚合物，初級狀態,荷蘭,出口總值(含復出口),189,122000
2020-01,39032000,苯乙烯－丙烯?共聚合物，初級狀態,斯洛維尼亞,出口總值(含復出口),34,21000
2020-01,39032000,苯乙烯－丙烯?共聚合物，初級狀態,越南,出口總值(含復出口),37,22000
2020-01,39032000,苯乙烯－丙烯?共聚合物，初級狀態,新加坡,出口總值(含復出口),3,2000
2020-01,39032000,苯乙烯－丙烯?共聚合物，初級狀態,義大利,出口總值(含復出口),3,2000
2020-01,39032000,苯乙烯－丙烯?共聚合物，初級狀態,德國,進口總值(含復進口),16,3875
2020-01,39032000,苯乙烯－丙烯?共聚合物，初級狀態,墨西哥,出口總值(含復出口),126,79000
2020-01,39039010,甲基丙烯酸甲酯－丁二烯－苯乙烯（ＭＢＳ）共聚合物，初級狀態,土耳其,出口總值(含復出口),2,1000
2020-01,39039010,甲基丙烯酸甲酯－丁二烯－苯乙烯（ＭＢＳ）共聚合物，初級狀態,中國大陸,出口總值(含復出口),756,342000
2020-01,39039010,甲基丙烯酸甲酯－丁二烯－苯乙烯（ＭＢＳ）共聚合物，初級狀態,日本,進口總值(含復進口),343,134365
2020-01,39039010,甲基丙烯酸甲酯－丁二烯－苯乙烯（ＭＢＳ）共聚合物，初級狀態,日本,出口總值(含復出口),44,20650
2020-01,39039010,甲基丙烯酸甲酯－丁二烯－苯乙烯（ＭＢＳ）共聚合物，初級狀態,比利時,出口總值(含復出口),187,100000
2020-01,39039010,甲基丙烯酸甲酯－丁二烯－苯乙烯（ＭＢＳ）共聚合物，初級狀態,印尼,出口總值(含復出口),10,1680
2020-01,39039010,甲基丙烯酸甲酯－丁二烯－苯乙烯（ＭＢＳ）共聚合物，初級狀態,法國,出口總值(含復出口),33,18000
2020-01,39039010,甲基丙烯酸甲酯－丁二烯－苯乙烯（ＭＢＳ）共聚合物，初級狀態,南非,出口總值(含復出口),4,2000
2020-01,39039010,甲基丙烯酸甲酯－丁二烯－苯乙烯（ＭＢＳ）共聚合物，初級狀態,哈薩克,出口總值(含復出口),15,8000
2020-01,39039010,甲基丙烯酸甲酯－丁二烯－苯乙烯（ＭＢＳ）共聚合物，初級狀態,香港,出口總值(含復出口),17,7500
2020-01,39039010,甲基丙烯酸甲酯－丁二烯－苯乙烯（ＭＢＳ）共聚合物，初級狀態,泰國,出口總值(含復出口),46,23200
2020-01,39039010,甲基丙烯酸甲酯－丁二烯－苯乙烯（ＭＢＳ）共聚合物，初級狀態,紐西蘭,出口總值(含復出口),13,6000
2020-01,39039010,甲基丙烯酸甲酯－丁二烯－苯乙烯（ＭＢＳ）共聚合物，初級狀態,馬來西亞,進口總值(含復進口),66,23200
2020-01,39039010,甲基丙烯酸甲酯－丁二烯－苯乙烯（ＭＢＳ）共聚合物，初級狀態,馬來西亞,出口總值(含復出口),140,63000
2020-01,39039010,甲基丙烯酸甲酯－丁二烯－苯乙烯（ＭＢＳ）共聚合物，初級狀態,荷蘭,出口總值(含復出口),88,45000
2020-01,39039010,甲基丙烯酸甲酯－丁二烯－苯乙烯（ＭＢＳ）共聚合物，初級狀態,菲律賓,出口總值(含復出口),13,5625
2020-01,39039010,甲基丙烯酸甲酯－丁二烯－苯乙烯（ＭＢＳ）共聚合物，初級狀態,越南,出口總值(含復出口),44,23000
2020-01,39039010,甲基丙烯酸甲酯－丁二烯－苯乙烯（ＭＢＳ）共聚合物，初級狀態,澳大利亞,出口總值(含復出口),35,18000
2020-01,39052100,醋酸乙烯共聚合物水性分散液,中國大陸,出口總值(含復出口),1192,1420040
2020-01,39052100,醋酸乙烯共聚合物水性分散液,巴基斯坦,出口總值(含復出口),390,480000
2020-01,39052100,醋酸乙烯共聚合物水性分散液,日本,進口總值(含復進口),5,570
2020-01,39052100,醋酸乙烯共聚合物水性分散液,瓜地馬拉,出口總值(含復出口),15,17600
2020-01,39052100,醋酸乙烯共聚合物水性分散液,美國,進口總值(含復進口),23,17650
2020-01,39052100,醋酸乙烯共聚合物水性分散液,美國,出口總值(含復出口),85,86670
2020-01,39052100,醋酸乙烯共聚合物水性分散液,埃及,出口總值(含復出口),17,17600
2020-01,39052100,醋酸乙烯共聚合物水性分散液,秘魯,出口總值(含復出口),15,19800
2020-01,39052100,醋酸乙烯共聚合物水性分散液,紐西蘭,出口總值(含復出口),35,41580
2020-01,39052100,醋酸乙烯共聚合物水性分散液,馬來西亞,進口總值(含復進口),29,19200
2020-01,39052100,醋酸乙烯共聚合物水性分散液,越南,出口總值(含復出口),67,71600
2020-01,39052100,醋酸乙烯共聚合物水性分散液,墨西哥,出口總值(含復出口),49,58760
2020-01,39052100,醋酸乙烯共聚合物水性分散液,澳大利亞,出口總值(含復出口),120,125670
2020-02,29161410,甲基丙烯酸甲酯,中國大陸,進口總值(含復進口),215,157300
2020-02,29161410,甲基丙烯酸甲酯,中國大陸,出口總值(含復出口),5744,4478348
2020-02,29161410,甲基丙烯酸甲酯,日本,進口總值(含復進口),3379,2469091
2020-02,29161410,甲基丙烯酸甲酯,印尼,出口總值(含復出口),130,98650
2020-02,29161410,甲基丙烯酸甲酯,印度,出口總值(含復出口),1269,1015200
2020-02,29161410,甲基丙烯酸甲酯,阿拉伯聯合大公國,出口總值(含復出口),96,45600
2020-02,29161410,甲基丙烯酸甲酯,美國,進口總值(含復進口),1036,690485
2020-02,29161410,甲基丙烯酸甲酯,香港,出口總值(含復出口),24,640
2020-02,29161410,甲基丙烯酸甲酯,泰國,出口總值(含復出口),22,15200
2020-02,29161410,甲基丙烯酸甲酯,秘魯,出口總值(含復出口),90,60800
2020-02,29161410,甲基丙烯酸甲酯,荷蘭,進口總值(含復進口),0,60
2020-02,29161410,甲基丙烯酸甲酯,菲律賓,出口總值(含復出口),636,467980
2020-02,29161410,甲基丙烯酸甲酯,越南,出口總值(含復出口),521,376740
2020-02,29161410,甲基丙烯酸甲酯,新加坡,進口總值(含復進口),1644,1204019
2020-02,29161410,甲基丙烯酸甲酯,德國,進口總值(含復進口),20,1440
2020-02,29161410,甲基丙烯酸甲酯,澳大利亞,出口總值(含復出口),126,100150
2020-02,29173300,鄰苯二甲酸二壬酯或二癸酯,中國大陸,出口總值(含復出口),1451,1640000
2020-02,29173300,鄰苯二甲酸二壬酯或二癸酯,日本,出口總值(含復出口),541,498000
2020-02,29173300,鄰苯二甲酸二壬酯或二癸酯,印度,出口總值(含復出口),136,120000
2020-02,29173300,鄰苯二甲酸二壬酯或二癸酯,阿拉伯聯合大公國,出口總值(含復出口),71,72000
2020-02,29173300,鄰苯二甲酸二壬酯或二癸酯,阿根廷,出口總值(含復出口),42,42000
2020-02,29173300,鄰苯二甲酸二壬酯或二癸酯,美國,進口總值(含復進口),0,0
2020-02,29173300,鄰苯二甲酸二壬酯或二癸酯,美國,出口總值(含復出口),84,90000
2020-02,29173300,鄰苯二甲酸二壬酯或二癸酯,馬來西亞,出口總值(含復出口),340,347000
2020-02,29173300,鄰苯二甲酸二壬酯或二癸酯,斯里蘭卡,出口總值(含復出口),20,20000
2020-02,29173300,鄰苯二甲酸二壬酯或二癸酯,菲律賓,出口總值(含復出口),263,245000
2020-02,29173300,鄰苯二甲酸二壬酯或二癸酯,象牙海岸,出口總值(含復出口),715,711000
2020-02,29173300,鄰苯二甲酸二壬酯或二癸酯,越南,出口總值(含復出口),921,915000
2020-02,29173300,鄰苯二甲酸二壬酯或二癸酯,新加坡,出口總值(含復出口),28,15000
2020-02,29173300,鄰苯二甲酸二壬酯或二癸酯,義大利,進口總值(含復進口),0,0
2020-02,29173300,鄰苯二甲酸二壬酯或二癸酯,墨西哥,出口總值(含復出口),20,20000
2020-02,29173300,鄰苯二甲酸二壬酯或二癸酯,澳大利亞,出口總值(含復出口),38,40000
2020-02,29321100,四氫?喃,中國大陸,出口總值(含復出口),269,168010
2020-02,29321100,四氫?喃,日本,進口總值(含復進口),0,12
2020-02,29321100,四氫?喃,日本,出口總值(含復出口),415,214630
2020-02,29321100,四氫?喃,比利時,出口總值(含復出口),370,220550
2020-02,29321100,四氫?喃,印尼,出口總值(含復出口),26,14400
2020-02,29321100,四氫?喃,印度,出口總值(含復出口),1370,846350
2020-02,29321100,四氫?喃,南韓,進口總值(含復進口),4,584
2020-02,29321100,四氫?喃,南韓,出口總值(含復出口),31,19600
2020-02,29321100,四氫?喃,美國,進口總值(含復進口),108,1416
2020-02,29321100,四氫?喃,美國,出口總值(含復出口),143,82310
2020-02,29321100,四氫?喃,英國,進口總值(含復進口),0,3
2020-02,29321100,四氫?喃,泰國,出口總值(含復出口),66,34560
2020-02,29321100,四氫?喃,荷蘭,進口總值(含復進口),2,2
2020-02,29321100,四氫?喃,越南,出口總值(含復出口),51,28800
2020-02,29321100,四氫?喃,德國,進口總值(含復進口),42,2995
2020-02,39032000,苯乙烯－丙烯?共聚合物，初級狀態,中國大陸,進口總值(含復進口),256,101600
2020-02,39032000,苯乙烯－丙烯?共聚合物，初級狀態,中國大陸,出口總值(含復出口),7106,4965690
2020-02,39032000,苯乙烯－丙烯?共聚合物，初級狀態,巴基斯坦,出口總值(含復出口),232,174250
2020-02,39032000,苯乙烯－丙烯?共聚合物，初級狀態,日本,進口總值(含復進口),98,22120
2020-02,39032000,苯乙烯－丙烯?共聚合物，初級狀態,日本,出口總值(含復出口),81,51875
2020-02,39032000,苯乙烯－丙烯?共聚合物，初級狀態,以色列,出口總值(含復出口),11,7000
2020-02,39032000,苯乙烯－丙烯?共聚合物，初級狀態,印尼,出口總值(含復出口),687,498625
2020-02,39032000,苯乙烯－丙烯?共聚合物，初級狀態,西班牙,出口總值(含復出口),3,1800
2020-02,39032000,苯乙烯－丙烯?共聚合物，初級狀態,孟加拉,出口總值(含復出口),123,83000
2020-02,39032000,苯乙烯－丙烯?共聚合物，初級狀態,波蘭,出口總值(含復出口),29,19000
2020-02,39032000,苯乙烯－丙烯?共聚合物，初級狀態,阿根廷,出口總值(含復出口),17,12000
2020-02,39032000,苯乙烯－丙烯?共聚合物，初級狀態,南非,出口總值(含復出口),30,20500
2020-02,39032000,苯乙烯－丙烯?共聚合物，初級狀態,南韓,進口總值(含復進口),48,32000
2020-02,39032000,苯乙烯－丙烯?共聚合物，初級狀態,突尼西亞,出口總值(含復出口),11,8000
2020-02,39032000,苯乙烯－丙烯?共聚合物，初級狀態,美國,出口總值(含復出口),200,135430
2020-02,39032000,苯乙烯－丙烯?共聚合物，初級狀態,英國,進口總值(含復進口),42,11000
2020-02,39032000,苯乙烯－丙烯?共聚合物，初級狀態,香港,出口總值(含復出口),834,542400
2020-02,39032000,苯乙烯－丙烯?共聚合物，初級狀態,哥倫比亞,出口總值(含復出口),13,9000
2020-02,39032000,苯乙烯－丙烯?共聚合物，初級狀態,埃及,出口總值(含復出口),9,5000
2020-02,39032000,苯乙烯－丙烯?共聚合物，初級狀態,泰國,出口總值(含復出口),585,391000
2020-02,39032000,苯乙烯－丙烯?共聚合物，初級狀態,馬來西亞,出口總值(含復出口),210,149000
2020-02,39032000,苯乙烯－丙烯?共聚合物，初級狀態,莫三比克,出口總值(含復出口),52,38000
2020-02,39032000,苯乙烯－丙烯?共聚合物，初級狀態,荷蘭,出口總值(含復出口),95,63000
2020-02,39032000,苯乙烯－丙烯?共聚合物，初級狀態,斯里蘭卡,出口總值(含復出口),9,5000
2020-02,39032000,苯乙烯－丙烯?共聚合物，初級狀態,斯洛維尼亞,出口總值(含復出口),100,72000
2020-02,39032000,苯乙烯－丙烯?共聚合物，初級狀態,菲律賓,出口總值(含復出口),69,49500
2020-02,39032000,苯乙烯－丙烯?共聚合物，初級狀態,越南,出口總值(含復出口),32,20200
2020-02,39032000,苯乙烯－丙烯?共聚合物，初級狀態,新加坡,出口總值(含復出口),3,2000
2020-02,39032000,苯乙烯－丙烯?共聚合物，初級狀態,緬甸,出口總值(含復出口),13,9000
2020-02,39032000,苯乙烯－丙烯?共聚合物，初級狀態,墨西哥,出口總值(含復出口),179,115000
2020-02,39032000,苯乙烯－丙烯?共聚合物，初級狀態,澳大利亞,出口總值(含復出口),7,5000
2020-02,39039010,甲基丙烯酸甲酯－丁二烯－苯乙烯（ＭＢＳ）共聚合物，初級狀態,中國大陸,出口總值(含復出口),149,68050
2020-02,39039010,甲基丙烯酸甲酯－丁二烯－苯乙烯（ＭＢＳ）共聚合物，初級狀態,日本,進口總值(含復進口),362,134681
2020-02,39039010,甲基丙烯酸甲酯－丁二烯－苯乙烯（ＭＢＳ）共聚合物，初級狀態,比利時,出口總值(含復出口),189,101000
2020-02,39039010,甲基丙烯酸甲酯－丁二烯－苯乙烯（ＭＢＳ）共聚合物，初級狀態,立陶宛,出口總值(含復出口),20,11000
2020-02,39039010,甲基丙烯酸甲酯－丁二烯－苯乙烯（ＭＢＳ）共聚合物，初級狀態,印度,出口總值(含復出口),21,11000
2020-02,39039010,甲基丙烯酸甲酯－丁二烯－苯乙烯（ＭＢＳ）共聚合物，初級狀態,沙烏地阿拉伯,出口總值(含復出口),28,16000
2020-02,39039010,甲基丙烯酸甲酯－丁二烯－苯乙烯（ＭＢＳ）共聚合物，初級狀態,南非,出口總值(含復出口),11,6000
2020-02,39039010,甲基丙烯酸甲酯－丁二烯－苯乙烯（ＭＢＳ）共聚合物，初級狀態,南韓,進口總值(含復進口),90,40000
2020-02,39039010,甲基丙烯酸甲酯－丁二烯－苯乙烯（ＭＢＳ）共聚合物，初級狀態,英國,出口總值(含復出口),153,82000
2020-02,39039010,甲基丙烯酸甲酯－丁二烯－苯乙烯（ＭＢＳ）共聚合物，初級狀態,香港,出口總值(含復出口),30,13000
2020-02,39039010,甲基丙烯酸甲酯－丁二烯－苯乙烯（ＭＢＳ）共聚合物，初級狀態,泰國,出口總值(含復出口),15,8000
2020-02,39039010,甲基丙烯酸甲酯－丁二烯－苯乙烯（ＭＢＳ）共聚合物，初級狀態,馬來西亞,進口總值(含復進口),24,9600
2020-02,39039010,甲基丙烯酸甲酯－丁二烯－苯乙烯（ＭＢＳ）共聚合物，初級狀態,馬來西亞,出口總值(含復出口),171,92000
2020-02,39039010,甲基丙烯酸甲酯－丁二烯－苯乙烯（ＭＢＳ）共聚合物，初級狀態,荷蘭,出口總值(含復出口),9,4700
2020-02,39039010,甲基丙烯酸甲酯－丁二烯－苯乙烯（ＭＢＳ）共聚合物，初級狀態,斯洛維尼亞,出口總值(含復出口),15,8000
2020-02,39039010,甲基丙烯酸甲酯－丁二烯－苯乙烯（ＭＢＳ）共聚合物，初級狀態,菲律賓,出口總值(含復出口),42,22000
2020-02,39039010,甲基丙烯酸甲酯－丁二烯－苯乙烯（ＭＢＳ）共聚合物，初級狀態,越南,出口總值(含復出口),196,98375
2020-02,39039010,甲基丙烯酸甲酯－丁二烯－苯乙烯（ＭＢＳ）共聚合物，初級狀態,瑞典,出口總值(含復出口),17,9000
2020-02,39039010,甲基丙烯酸甲酯－丁二烯－苯乙烯（ＭＢＳ）共聚合物，初級狀態,義大利,出口總值(含復出口),256,138000
2020-02,39039010,甲基丙烯酸甲酯－丁二烯－苯乙烯（ＭＢＳ）共聚合物，初級狀態,澳大利亞,出口總值(含復出口),6,3000
2020-02,39052100,醋酸乙烯共聚合物水性分散液,中國大陸,進口總值(含復進口),47,18500
2020-02,39052100,醋酸乙烯共聚合物水性分散液,中國大陸,出口總值(含復出口),1876,2218880
2020-02,39052100,醋酸乙烯共聚合物水性分散液,巴西,出口總值(含復出口),15,20930
2020-02,39052100,醋酸乙烯共聚合物水性分散液,巴基斯坦,出口總值(含復出口),413,520000
2020-02,39052100,醋酸乙烯共聚合物水性分散液,日本,進口總值(含復進口),27,12570
2020-02,39052100,醋酸乙烯共聚合物水性分散液,日本,出口總值(含復出口),17,19850
2020-02,39052100,醋酸乙烯共聚合物水性分散液,瓜地馬拉,出口總值(含復出口),15,17600
2020-02,39052100,醋酸乙烯共聚合物水性分散液,沙烏地阿拉伯,出口總值(含復出口),35,40000
2020-02,39052100,醋酸乙烯共聚合物水性分散液,波多黎各,出口總值(含復出口),25,20060
2020-02,39052100,醋酸乙烯共聚合物水性分散液,阿拉伯聯合大公國,出口總值(含復出口),19,20070
2020-02,39052100,醋酸乙烯共聚合物水性分散液,阿根廷,出口總值(含復出口),17,19800
2020-02,39052100,醋酸乙烯共聚合物水性分散液,俄羅斯,出口總值(含復出口),43,32000
2020-02,39052100,醋酸乙烯共聚合物水性分散液,南韓,進口總值(含復進口),16,15600
2020-02,39052100,醋酸乙烯共聚合物水性分散液,南韓,出口總值(含復出口),12,13200
2020-02,39052100,醋酸乙烯共聚合物水性分散液,美國,出口總值(含復出口),20,16000
2020-02,39052100,醋酸乙烯共聚合物水性分散液,哥斯大黎加,出口總值(含復出口),14,17600
2020-02,39052100,醋酸乙烯共聚合物水性分散液,泰國,出口總值(含復出口),23,25460
2020-02,39052100,醋酸乙烯共聚合物水性分散液,紐西蘭,出口總值(含復出口),36,34960
2020-02,39052100,醋酸乙烯共聚合物水性分散液,馬來西亞,進口總值(含復進口),36,24800
2020-02,39052100,醋酸乙烯共聚合物水性分散液,越南,出口總值(含復出口),240,265240
2020-02,39052100,醋酸乙烯共聚合物水性分散液,緬甸,出口總值(含復出口),19,20000
2020-02,39052100,醋酸乙烯共聚合物水性分散液,墨西哥,出口總值(含復出口),20,17600
2020-02,39052100,醋酸乙烯共聚合物水性分散液,澳大利亞,出口總值(含復出口),169,179180
2020-03,29161410,甲基丙烯酸甲酯,中國大陸,進口總值(含復進口),85,61600
2020-03,29161410,甲基丙烯酸甲酯,中國大陸,出口總值(含復出口),343,247664
2020-03,29161410,甲基丙烯酸甲酯,日本,進口總值(含復進口),805,587989
2020-03,29161410,甲基丙烯酸甲酯,印尼,出口總值(含復出口),258,197250
2020-03,29161410,甲基丙烯酸甲酯,印度,出口總值(含復出口),109,76000
2020-03,29161410,甲基丙烯酸甲酯,沙烏地阿拉伯,進口總值(含復進口),1380,1025419
2020-03,29161410,甲基丙烯酸甲酯,法國,進口總值(含復進口),0,0
2020-03,29161410,甲基丙烯酸甲酯,南韓,進口總值(含復進口),71,40100
2020-03,29161410,甲基丙烯酸甲酯,美國,進口總值(含復進口),1021,699135
2020-03,29161410,甲基丙烯酸甲酯,英國,進口總值(含復進口),0,1
2020-03,29161410,甲基丙烯酸甲酯,埃及,出口總值(含復出口),23,15200
2020-03,29161410,甲基丙烯酸甲酯,泰國,出口總值(含復出口),22,15200
2020-03,29161410,甲基丙烯酸甲酯,馬來西亞,出口總值(含復出口),8,3990
2020-03,29161410,甲基丙烯酸甲酯,菲律賓,出口總值(含復出口),298,217300
2020-03,29161410,甲基丙烯酸甲酯,越南,出口總值(含復出口),1223,924340
2020-03,29161410,甲基丙烯酸甲酯,新加坡,進口總值(含復進口),301,215220
2020-03,29161410,甲基丙烯酸甲酯,德國,進口總值(含復進口),30,21721
2020-03,29173300,鄰苯二甲酸二壬酯或二癸酯,中國大陸,出口總值(含復出口),20,20000
2020-03,29173300,鄰苯二甲酸二壬酯或二癸酯,厄瓜多,出口總值(含復出口),24,16000
2020-03,29173300,鄰苯二甲酸二壬酯或二癸酯,日本,進口總值(含復進口),0,0
2020-03,29173300,鄰苯二甲酸二壬酯或二癸酯,日本,出口總值(含復出口),454,429000
2020-03,29173300,鄰苯二甲酸二壬酯或二癸酯,印尼,出口總值(含復出口),61,50000
2020-03,29173300,鄰苯二甲酸二壬酯或二癸酯,阿拉伯聯合大公國,出口總值(含復出口),39,40000
2020-03,29173300,鄰苯二甲酸二壬酯或二癸酯,美國,進口總值(含復進口),0,0
2020-03,29173300,鄰苯二甲酸二壬酯或二癸酯,美國,出口總值(含復出口),113,104000
2020-03,29173300,鄰苯二甲酸二壬酯或二癸酯,香港,出口總值(含復出口),21,21000
2020-03,29173300,鄰苯二甲酸二壬酯或二癸酯,埃及,出口總值(含復出口),227,229000
2020-03,29173300,鄰苯二甲酸二壬酯或二癸酯,馬來西亞,出口總值(含復出口),132,128000
2020-03,29173300,鄰苯二甲酸二壬酯或二癸酯,荷蘭,進口總值(含復進口),0,0
2020-03,29173300,鄰苯二甲酸二壬酯或二癸酯,斯里蘭卡,出口總值(含復出口),19,20000
2020-03,29173300,鄰苯二甲酸二壬酯或二癸酯,菲律賓,出口總值(含復出口),392,354000
2020-03,29173300,鄰苯二甲酸二壬酯或二癸酯,越南,出口總值(含復出口),537,520000
2020-03,29173300,鄰苯二甲酸二壬酯或二癸酯,新加坡,出口總值(含復出口),86,76000
2020-03,29173300,鄰苯二甲酸二壬酯或二癸酯,德國,出口總值(含復出口),20,21000
2020-03,29173300,鄰苯二甲酸二壬酯或二癸酯,墨西哥,出口總值(含復出口),185,186000
2020-03,29173300,鄰苯二甲酸二壬酯或二癸酯,澳大利亞,出口總值(含復出口),60,62000
2020-03,29321100,四氫?喃,中國大陸,出口總值(含復出口),128,72000
2020-03,29321100,四氫?喃,日本,出口總值(含復出口),506,260680
2020-03,29321100,四氫?喃,加拿大,出口總值(含復出口),30,19410
2020-03,29321100,四氫?喃,印尼,出口總值(含復出口),26,14400
2020-03,29321100,四氫?喃,印度,出口總值(含復出口),1942,1217570
2020-03,29321100,四氫?喃,法國,進口總值(含復進口),0,1
2020-03,29321100,四氫?喃,南韓,進口總值(含復進口),5,730
2020-03,29321100,四氫?喃,美國,進口總值(含復進口),42,2835
2020-03,29321100,四氫?喃,美國,出口總值(含復出口),27,14400
2020-03,29321100,四氫?喃,英國,進口總值(含復進口),0,3
2020-03,29321100,四氫?喃,埃及,出口總值(含復出口),47,28800
2020-03,29321100,四氫?喃,泰國,出口總值(含復出口),25,14400
2020-03,29321100,四氫?喃,馬來西亞,出口總值(含復出口),98,57600
2020-03,29321100,四氫?喃,荷蘭,進口總值(含復進口),2,2
2020-03,29321100,四氫?喃,荷蘭,出口總值(含復出口),26,14400
2020-03,29321100,四氫?喃,越南,出口總值(含復出口),106,59320
2020-03,29321100,四氫?喃,愛爾蘭,進口總值(含復進口),23,200
2020-03,29321100,四氫?喃,義大利,進口總值(含復進口),22,75
2020-03,29321100,四氫?喃,德國,進口總值(含復進口),0,22
2020-03,39032000,苯乙烯－丙烯?共聚合物，初級狀態,中國大陸,進口總值(含復進口),36,11000
2020-03,39032000,苯乙烯－丙烯?共聚合物，初級狀態,中國大陸,出口總值(含復出口),6567,4968256
2020-03,39032000,苯乙烯－丙烯?共聚合物，初級狀態,厄瓜多,出口總值(含復出口),3,2000
2020-03,39032000,苯乙烯－丙烯?共聚合物，初級狀態,巴西,出口總值(含復出口),17,12000
2020-03,39032000,苯乙烯－丙烯?共聚合物，初級狀態,巴基斯坦,出口總值(含復出口),277,200750
2020-03,39032000,苯乙烯－丙烯?共聚合物，初級狀態,日本,進口總值(含復進口),194,65741
2020-03,39032000,苯乙烯－丙烯?共聚合物，初級狀態,日本,出口總值(含復出口),30,19000
2020-03,39032000,苯乙烯－丙烯?共聚合物，初級狀態,以色列,出口總值(含復出口),12,8000
2020-03,39032000,苯乙烯－丙烯?共聚合物，初級狀態,立陶宛,出口總值(含復出口),3,2000
2020-03,39032000,苯乙烯－丙烯?共聚合物，初級狀態,印尼,出口總值(含復出口),464,346000
2020-03,39032000,苯乙烯－丙烯?共聚合物，初級狀態,西班牙,出口總值(含復出口),11,7200
2020-03,39032000,苯乙烯－丙烯?共聚合物，初級狀態,孟加拉,出口總值(含復出口),162,110000
2020-03,39032000,苯乙烯－丙烯?共聚合物，初級狀態,波蘭,出口總值(含復出口),14,9000
2020-03,39032000,苯乙烯－丙烯?共聚合物，初級狀態,阿拉伯聯合大公國,出口總值(含復出口),7,5000
2020-03,39032000,苯乙烯－丙烯?共聚合物，初級狀態,阿根廷,出口總值(含復出口),32,22000
2020-03,39032000,苯乙烯－丙烯?共聚合物，初級狀態,南非,出口總值(含復出口),32,22000
2020-03,39032000,苯乙烯－丙烯?共聚合物，初級狀態,南韓,進口總值(含復進口),74,54000
2020-03,39032000,苯乙烯－丙烯?共聚合物，初級狀態,突尼西亞,出口總值(含復出口),18,13000
2020-03,39032000,苯乙烯－丙烯?共聚合物，初級狀態,美國,進口總值(含復進口),0,0
2020-03,39032000,苯乙烯－丙烯?共聚合物，初級狀態,美國,出口總值(含復出口),143,96000
2020-03,39032000,苯乙烯－丙烯?共聚合物，初級狀態,英國,出口總值(含復出口),3,2000
2020-03,39032000,苯乙烯－丙烯?共聚合物，初級狀態,香港,出口總值(含復出口),1333,907150
2020-03,39032000,苯乙烯－丙烯?共聚合物，初級狀態,哥倫比亞,出口總值(含復出口),74,55000
2020-03,39032000,苯乙烯－丙烯?共聚合物，初級狀態,埃及,出口總值(含復出口),143,100000
2020-03,39032000,苯乙烯－丙烯?共聚合物，初級狀態,泰國,出口總值(含復出口),580,395000
2020-03,39032000,苯乙烯－丙烯?共聚合物，初級狀態,馬來西亞,出口總值(含復出口),130,95000
2020-03,39032000,苯乙烯－丙烯?共聚合物，初級狀態,荷蘭,出口總值(含復出口),293,204000
2020-03,39032000,苯乙烯－丙烯?共聚合物，初級狀態,斯洛維尼亞,出口總值(含復出口),147,101000
2020-03,39032000,苯乙烯－丙烯?共聚合物，初級狀態,菲律賓,出口總值(含復出口),14,10000
2020-03,39032000,苯乙烯－丙烯?共聚合物，初級狀態,越南,出口總值(含復出口),134,95000
2020-03,39032000,苯乙烯－丙烯?共聚合物，初級狀態,新加坡,出口總值(含復出口),6,4500
2020-03,39032000,苯乙烯－丙烯?共聚合物，初級狀態,義大利,出口總值(含復出口),20,14000
2020-03,39032000,苯乙烯－丙烯?共聚合物，初級狀態,墨西哥,出口總值(含復出口),335,214000
2020-03,39032000,苯乙烯－丙烯?共聚合物，初級狀態,澳大利亞,出口總值(含復出口),9,6000
2020-03,39039010,甲基丙烯酸甲酯－丁二烯－苯乙烯（ＭＢＳ）共聚合物，初級狀態,土耳其,出口總值(含復出口),10,6000
2020-03,39039010,甲基丙烯酸甲酯－丁二烯－苯乙烯（ＭＢＳ）共聚合物，初級狀態,中國大陸,出口總值(含復出口),775,373500
2020-03,39039010,甲基丙烯酸甲酯－丁二烯－苯乙烯（ＭＢＳ）共聚合物，初級狀態,日本,進口總值(含復進口),295,121654
2020-03,39039010,甲基丙烯酸甲酯－丁二烯－苯乙烯（ＭＢＳ）共聚合物，初級狀態,日本,出口總值(含復出口),35,16000
2020-03,39039010,甲基丙烯酸甲酯－丁二烯－苯乙烯（ＭＢＳ）共聚合物，初級狀態,比利時,出口總值(含復出口),138,74000
2020-03,39039010,甲基丙烯酸甲酯－丁二烯－苯乙烯（ＭＢＳ）共聚合物，初級狀態,加拿大,出口總值(含復出口),22,12000
2020-03,39039010,甲基丙烯酸甲酯－丁二烯－苯乙烯（ＭＢＳ）共聚合物，初級狀態,法國,出口總值(含復出口),7,3000
2020-03,39039010,甲基丙烯酸甲酯－丁二烯－苯乙烯（ＭＢＳ）共聚合物，初級狀態,俄羅斯,出口總值(含復出口),2,1000
2020-03,39039010,甲基丙烯酸甲酯－丁二烯－苯乙烯（ＭＢＳ）共聚合物，初級狀態,南非,出口總值(含復出口),9,5000
2020-03,39039010,甲基丙烯酸甲酯－丁二烯－苯乙烯（ＭＢＳ）共聚合物，初級狀態,南韓,進口總值(含復進口),208,102000
2020-03,39039010,甲基丙烯酸甲酯－丁二烯－苯乙烯（ＭＢＳ）共聚合物，初級狀態,南韓,出口總值(含復出口),48,26000
2020-03,39039010,甲基丙烯酸甲酯－丁二烯－苯乙烯（ＭＢＳ）共聚合物，初級狀態,哈薩克,出口總值(含復出口),4,2000
2020-03,39039010,甲基丙烯酸甲酯－丁二烯－苯乙烯（ＭＢＳ）共聚合物，初級狀態,美國,出口總值(含復出口),9,5000
2020-03,39039010,甲基丙烯酸甲酯－丁二烯－苯乙烯（ＭＢＳ）共聚合物，初級狀態,英國,出口總值(含復出口),115,62375
2020-03,39039010,甲基丙烯酸甲酯－丁二烯－苯乙烯（ＭＢＳ）共聚合物，初級狀態,香港,出口總值(含復出口),60,28000
2020-03,39039010,甲基丙烯酸甲酯－丁二烯－苯乙烯（ＭＢＳ）共聚合物，初級狀態,泰國,出口總值(含復出口),27,14800
2020-03,39039010,甲基丙烯酸甲酯－丁二烯－苯乙烯（ＭＢＳ）共聚合物，初級狀態,紐西蘭,出口總值(含復出口),11,5000
2020-03,39039010,甲基丙烯酸甲酯－丁二烯－苯乙烯（ＭＢＳ）共聚合物，初級狀態,馬來西亞,進口總值(含復進口),50,19200
2020-03,39039010,甲基丙烯酸甲酯－丁二烯－苯乙烯（ＭＢＳ）共聚合物，初級狀態,馬來西亞,出口總值(含復出口),105,47000
2020-03,39039010,甲基丙烯酸甲酯－丁二烯－苯乙烯（ＭＢＳ）共聚合物，初級狀態,荷蘭,進口總值(含復進口),56,20000
2020-03,39039010,甲基丙烯酸甲酯－丁二烯－苯乙烯（ＭＢＳ）共聚合物，初級狀態,荷蘭,出口總值(含復出口),57,26000
2020-03,39039010,甲基丙烯酸甲酯－丁二烯－苯乙烯（ＭＢＳ）共聚合物，初級狀態,斯里蘭卡,出口總值(含復出口),8,3000
2020-03,39039010,甲基丙烯酸甲酯－丁二烯－苯乙烯（ＭＢＳ）共聚合物，初級狀態,菲律賓,出口總值(含復出口),12,5625
2020-03,39039010,甲基丙烯酸甲酯－丁二烯－苯乙烯（ＭＢＳ）共聚合物，初級狀態,越南,出口總值(含復出口),86,45000
2020-03,39039010,甲基丙烯酸甲酯－丁二烯－苯乙烯（ＭＢＳ）共聚合物，初級狀態,瑞典,出口總值(含復出口),9,5000
2020-03,39039010,甲基丙烯酸甲酯－丁二烯－苯乙烯（ＭＢＳ）共聚合物，初級狀態,義大利,出口總值(含復出口),4,2000
2020-03,39039010,甲基丙烯酸甲酯－丁二烯－苯乙烯（ＭＢＳ）共聚合物，初級狀態,澳大利亞,出口總值(含復出口),12,6000
2020-03,39052100,醋酸乙烯共聚合物水性分散液,中國大陸,進口總值(含復進口),43,15200
2020-03,39052100,醋酸乙烯共聚合物水性分散液,中國大陸,出口總值(含復出口),2230,2710800
2020-03,39052100,醋酸乙烯共聚合物水性分散液,巴基斯坦,出口總值(含復出口),700,880000
2020-03,39052100,醋酸乙烯共聚合物水性分散液,日本,進口總值(含復進口),21,9810
2020-03,39052100,醋酸乙烯共聚合物水性分散液,日本,出口總值(含復出口),20,20080
2020-03,39052100,醋酸乙烯共聚合物水性分散液,印尼,出口總值(含復出口),2,1100
2020-03,39052100,醋酸乙烯共聚合物水性分散液,阿拉伯聯合大公國,出口總值(含復出口),56,55490
2020-03,39052100,醋酸乙烯共聚合物水性分散液,南韓,出口總值(含復出口),13,13200
2020-03,39052100,醋酸乙烯共聚合物水性分散液,美國,出口總值(含復出口),34,34316
2020-03,39052100,醋酸乙烯共聚合物水性分散液,英國,出口總值(含復出口),33,28600
2020-03,39052100,醋酸乙烯共聚合物水性分散液,埃及,出口總值(含復出口),108,105600
2020-03,39052100,醋酸乙烯共聚合物水性分散液,泰國,出口總值(含復出口),18,20510
2020-03,39052100,醋酸乙烯共聚合物水性分散液,烏克蘭,出口總值(含復出口),24,20000
2020-03,39052100,醋酸乙烯共聚合物水性分散液,秘魯,出口總值(含復出口),15,19800
2020-03,39052100,醋酸乙烯共聚合物水性分散液,紐西蘭,出口總值(含復出口),50,60640
2020-03,39052100,醋酸乙烯共聚合物水性分散液,馬來西亞,進口總值(含復進口),15,12600
2020-03,39052100,醋酸乙烯共聚合物水性分散液,智利,出口總值(含復出口),15,19800
2020-03,39052100,醋酸乙烯共聚合物水性分散液,越南,出口總值(含復出口),161,164940
2020-03,39052100,醋酸乙烯共聚合物水性分散液,墨西哥,出口總值(含復出口),55,56010
2020-03,39052100,醋酸乙烯共聚合物水性分散液,澳大利亞,出口總值(含復出口),134,142480
2020-04,29161410,甲基丙烯酸甲酯,中國大陸,出口總值(含復出口),4458,3971624
2020-04,29161410,甲基丙烯酸甲酯,巴基斯坦,出口總值(含復出口),23,15200
2020-04,29161410,甲基丙烯酸甲酯,日本,進口總值(含復進口),2133,1644780
2020-04,29161410,甲基丙烯酸甲酯,印尼,出口總值(含復出口),238,197450
2020-04,29161410,甲基丙烯酸甲酯,孟加拉,出口總值(含復出口),55,39450
2020-04,29161410,甲基丙烯酸甲酯,南韓,進口總值(含復進口),56,40000
2020-04,29161410,甲基丙烯酸甲酯,美國,進口總值(含復進口),4,5
2020-04,29161410,甲基丙烯酸甲酯,英國,進口總值(含復進口),0,1
2020-04,29161410,甲基丙烯酸甲酯,香港,出口總值(含復出口),6,1000
2020-04,29161410,甲基丙烯酸甲酯,泰國,出口總值(含復出口),42,30400
2020-04,29161410,甲基丙烯酸甲酯,馬來西亞,出口總值(含復出口),29,20690
2020-04,29161410,甲基丙烯酸甲酯,荷蘭,進口總值(含復進口),1,90
2020-04,29161410,甲基丙烯酸甲酯,越南,出口總值(含復出口),40,30400
2020-04,29161410,甲基丙烯酸甲酯,新加坡,進口總值(含復進口),219,156760
2020-04,29161410,甲基丙烯酸甲酯,德國,進口總值(含復進口),118,86720
2020-04,29173300,鄰苯二甲酸二壬酯或二癸酯,中國大陸,出口總值(含復出口),108,124000
2020-04,29173300,鄰苯二甲酸二壬酯或二癸酯,巴西,出口總值(含復出口),19,17000
2020-04,29173300,鄰苯二甲酸二壬酯或二癸酯,日本,出口總值(含復出口),197,182000
2020-04,29173300,鄰苯二甲酸二壬酯或二癸酯,印尼,出口總值(含復出口),69,42000
2020-04,29173300,鄰苯二甲酸二壬酯或二癸酯,阿拉伯聯合大公國,出口總值(含復出口),175,176000
2020-04,29173300,鄰苯二甲酸二壬酯或二癸酯,阿曼,出口總值(含復出口),57,60000
2020-04,29173300,鄰苯二甲酸二壬酯或二癸酯,美國,進口總值(含復進口),0,0
2020-04,29173300,鄰苯二甲酸二壬酯或二癸酯,美國,出口總值(含復出口),125,118000
2020-04,29173300,鄰苯二甲酸二壬酯或二癸酯,埃及,出口總值(含復出口),82,84000
2020-04,29173300,鄰苯二甲酸二壬酯或二癸酯,菲律賓,出口總值(含復出口),39,40000
2020-04,29173300,鄰苯二甲酸二壬酯或二癸酯,象牙海岸,出口總值(含復出口),471,550000
2020-04,29173300,鄰苯二甲酸二壬酯或二癸酯,越南,出口總值(含復出口),199,188000
2020-04,29173300,鄰苯二甲酸二壬酯或二癸酯,新加坡,出口總值(含復出口),29,16000
2020-04,29173300,鄰苯二甲酸二壬酯或二癸酯,德國,出口總值(含復出口),20,21000
2020-04,29173300,鄰苯二甲酸二壬酯或二癸酯,墨西哥,出口總值(含復出口),163,187000
2020-04,29173300,鄰苯二甲酸二壬酯或二癸酯,澳大利亞,出口總值(含復出口),21,21000
2020-04,29321100,四氫?喃,中國大陸,出口總值(含復出口),972,657090
2020-04,29321100,四氫?喃,日本,進口總值(含復進口),0,1
2020-04,29321100,四氫?喃,日本,出口總值(含復出口),349,177230
2020-04,29321100,四氫?喃,比利時,出口總值(含復出口),223,140430
2020-04,29321100,四氫?喃,印尼,出口總值(含復出口),26,14400
2020-04,29321100,四氫?喃,印度,出口總值(含復出口),924,606340
2020-04,29321100,四氫?喃,肯亞,出口總值(含復出口),22,14400
2020-04,29321100,四氫?喃,南韓,進口總值(含復進口),2,270
2020-04,29321100,四氫?喃,美國,進口總值(含復進口),0,0
2020-04,29321100,四氫?喃,美國,出口總值(含復出口),103,57600
2020-04,29321100,四氫?喃,英國,出口總值(含復出口),26,14400
2020-04,29321100,四氫?喃,荷蘭,出口總值(含復出口),78,43200
2020-04,29321100,四氫?喃,德國,進口總值(含復進口),34,2927
2020-04,39032000,苯乙烯－丙烯?共聚合物，初級狀態,中國大陸,進口總值(含復進口),399,140675
2020-04,39032000,苯乙烯－丙烯?共聚合物，初級狀態,中國大陸,出口總值(含復出口),10216,8775880
2020-04,39032000,苯乙烯－丙烯?共聚合物，初級狀態,巴基斯坦,出口總值(含復出口),37,23000
2020-04,39032000,苯乙烯－丙烯?共聚合物，初級狀態,日本,進口總值(含復進口),127,34315
2020-04,39032000,苯乙烯－丙烯?共聚合物，初級狀態,日本,出口總值(含復出口),64,44875
2020-04,39032000,苯乙烯－丙烯?共聚合物，初級狀態,比利時,出口總值(含復出口),9,6000
2020-04,39032000,苯乙烯－丙烯?共聚合物，初級狀態,以色列,出口總值(含復出口),5,4000
2020-04,39032000,苯乙烯－丙烯?共聚合物，初級狀態,印尼,出口總值(含復出口),230,176750
2020-04,39032000,苯乙烯－丙烯?共聚合物，初級狀態,印度,出口總值(含復出口),4,3000
2020-04,39032000,苯乙烯－丙烯?共聚合物，初級狀態,孟加拉,出口總值(含復出口),87,70000
2020-04,39032000,苯乙烯－丙烯?共聚合物，初級狀態,波蘭,出口總值(含復出口),4,3000
2020-04,39032000,苯乙烯－丙烯?共聚合物，初級狀態,阿拉伯聯合大公國,出口總值(含復出口),25,19000
2020-04,39032000,苯乙烯－丙烯?共聚合物，初級狀態,阿根廷,出口總值(含復出口),32,23000
2020-04,39032000,苯乙烯－丙烯?共聚合物，初級狀態,南韓,進口總值(含復進口),36,36000
2020-04,39032000,苯乙烯－丙烯?共聚合物，初級狀態,美國,出口總值(含復出口),163,117600
2020-04,39032000,苯乙烯－丙烯?共聚合物，初級狀態,英國,出口總值(含復出口),5,4000
2020-04,39032000,苯乙烯－丙烯?共聚合物，初級狀態,香港,出口總值(含復出口),1299,910000
2020-04,39032000,苯乙烯－丙烯?共聚合物，初級狀態,埃及,出口總值(含復出口),34,18000
2020-04,39032000,苯乙烯－丙烯?共聚合物，初級狀態,泰國,進口總值(含復進口),47,32000
2020-04,39032000,苯乙烯－丙烯?共聚合物，初級狀態,泰國,出口總值(含復出口),14,11000
2020-04,39032000,苯乙烯－丙烯?共聚合物，初級狀態,荷蘭,出口總值(含復出口),107,76000
2020-04,39032000,苯乙烯－丙烯?共聚合物，初級狀態,斯洛維尼亞,出口總值(含復出口),7,5000
2020-04,39032000,苯乙烯－丙烯?共聚合物，初級狀態,菲律賓,出口總值(含復出口),33,25000
2020-04,39032000,苯乙烯－丙烯?共聚合物，初級狀態,象牙海岸,出口總值(含復出口),11,8000
2020-04,39032000,苯乙烯－丙烯?共聚合物，初級狀態,越南,出口總值(含復出口),78,60000
2020-04,39032000,苯乙烯－丙烯?共聚合物，初級狀態,新加坡,出口總值(含復出口),4,3000
2020-04,39032000,苯乙烯－丙烯?共聚合物，初級狀態,緬甸,出口總值(含復出口),13,9000
2020-04,39032000,苯乙烯－丙烯?共聚合物，初級狀態,墨西哥,出口總值(含復出口),200,136000
2020-04,39032000,苯乙烯－丙烯?共聚合物，初級狀態,澳大利亞,出口總值(含復出口),4,3000
2020-04,39039010,甲基丙烯酸甲酯－丁二烯－苯乙烯（ＭＢＳ）共聚合物，初級狀態,中國大陸,出口總值(含復出口),1274,674096
2020-04,39039010,甲基丙烯酸甲酯－丁二烯－苯乙烯（ＭＢＳ）共聚合物，初級狀態,厄瓜多,出口總值(含復出口),4,2000
2020-04,39039010,甲基丙烯酸甲酯－丁二烯－苯乙烯（ＭＢＳ）共聚合物，初級狀態,日本,進口總值(含復進口),182,108662
2020-04,39039010,甲基丙烯酸甲酯－丁二烯－苯乙烯（ＭＢＳ）共聚合物，初級狀態,日本,出口總值(含復出口),14,6100
2020-04,39039010,甲基丙烯酸甲酯－丁二烯－苯乙烯（ＭＢＳ）共聚合物，初級狀態,法國,出口總值(含復出口),32,18000
2020-04,39039010,甲基丙烯酸甲酯－丁二烯－苯乙烯（ＭＢＳ）共聚合物，初級狀態,俄羅斯,出口總值(含復出口),2,1000
2020-04,39039010,甲基丙烯酸甲酯－丁二烯－苯乙烯（ＭＢＳ）共聚合物，初級狀態,南韓,進口總值(含復進口),63,28000
2020-04,39039010,甲基丙烯酸甲酯－丁二烯－苯乙烯（ＭＢＳ）共聚合物，初級狀態,美國,出口總值(含復出口),13,7000
2020-04,39039010,甲基丙烯酸甲酯－丁二烯－苯乙烯（ＭＢＳ）共聚合物，初級狀態,英國,出口總值(含復出口),23,12750
2020-04,39039010,甲基丙烯酸甲酯－丁二烯－苯乙烯（ＭＢＳ）共聚合物，初級狀態,香港,出口總值(含復出口),23,12000
2020-04,39039010,甲基丙烯酸甲酯－丁二烯－苯乙烯（ＭＢＳ）共聚合物，初級狀態,泰國,出口總值(含復出口),62,29400
2020-04,39039010,甲基丙烯酸甲酯－丁二烯－苯乙烯（ＭＢＳ）共聚合物，初級狀態,紐西蘭,出口總值(含復出口),7,3000
2020-04,39039010,甲基丙烯酸甲酯－丁二烯－苯乙烯（ＭＢＳ）共聚合物，初級狀態,馬來西亞,進口總值(含復進口),24,9600
2020-04,39039010,甲基丙烯酸甲酯－丁二烯－苯乙烯（ＭＢＳ）共聚合物，初級狀態,荷蘭,出口總值(含復出口),73,35000
2020-04,39039010,甲基丙烯酸甲酯－丁二烯－苯乙烯（ＭＢＳ）共聚合物，初級狀態,菲律賓,出口總值(含復出口),37,22000
2020-04,39039010,甲基丙烯酸甲酯－丁二烯－苯乙烯（ＭＢＳ）共聚合物，初級狀態,越南,出口總值(含復出口),68,33025
2020-04,39039010,甲基丙烯酸甲酯－丁二烯－苯乙烯（ＭＢＳ）共聚合物，初級狀態,義大利,出口總值(含復出口),53,32000
2020-04,39039010,甲基丙烯酸甲酯－丁二烯－苯乙烯（ＭＢＳ）共聚合物，初級狀態,澳大利亞,出口總值(含復出口),17,10000
2020-04,39052100,醋酸乙烯共聚合物水性分散液,中國大陸,進口總值(含復進口),77,35360
2020-04,39052100,醋酸乙烯共聚合物水性分散液,中國大陸,出口總值(含復出口),1845,2210570
2020-04,39052100,醋酸乙烯共聚合物水性分散液,中華民國,進口總值(含復進口),38,36080
2020-04,39052100,醋酸乙烯共聚合物水性分散液,巴西,出口總值(含復出口),15,21000
2020-04,39052100,醋酸乙烯共聚合物水性分散液,巴基斯坦,出口總值(含復出口),191,240000
2020-04,39052100,醋酸乙烯共聚合物水性分散液,日本,進口總值(含復進口),21,2300
2020-04,39052100,醋酸乙烯共聚合物水性分散液,阿拉伯聯合大公國,出口總值(含復出口),37,37580
2020-04,39052100,醋酸乙烯共聚合物水性分散液,俄羅斯,出口總值(含復出口),44,40000
2020-04,39052100,醋酸乙烯共聚合物水性分散液,南韓,出口總值(含復出口),8,8800
2020-04,39052100,醋酸乙烯共聚合物水性分散液,美國,出口總值(含復出口),32,40290
2020-04,39052100,醋酸乙烯共聚合物水性分散液,埃及,出口總值(含復出口),17,17600
2020-04,39052100,醋酸乙烯共聚合物水性分散液,泰國,出口總值(含復出口),22,23540
2020-04,39052100,醋酸乙烯共聚合物水性分散液,秘魯,出口總值(含復出口),5,6600
2020-04,39052100,醋酸乙烯共聚合物水性分散液,紐西蘭,出口總值(含復出口),17,20000
2020-04,39052100,醋酸乙烯共聚合物水性分散液,馬來西亞,進口總值(含復進口),23,18400
2020-04,39052100,醋酸乙烯共聚合物水性分散液,越南,出口總值(含復出口),114,129160
2020-04,39052100,醋酸乙烯共聚合物水性分散液,新加坡,出口總值(含復出口),17,17600
2020-04,39052100,醋酸乙烯共聚合物水性分散液,緬甸,出口總值(含復出口),0,100
2020-04,39052100,醋酸乙烯共聚合物水性分散液,墨西哥,出口總值(含復出口),29,41950
2020-04,39052100,醋酸乙烯共聚合物水性分散液,澳大利亞,出口總值(含復出口),101,109490
2020-05,29161410,甲基丙烯酸甲酯,中國大陸,進口總值(含復進口),136,107500
2020-05,29161410,甲基丙烯酸甲酯,中國大陸,出口總值(含復出口),1690,1860294
2020-05,29161410,甲基丙烯酸甲酯,日本,進口總值(含復進口),2300,1919450
2020-05,29161410,甲基丙烯酸甲酯,印尼,出口總值(含復出口),416,393950
2020-05,29161410,甲基丙烯酸甲酯,印度,出口總值(含復出口),65,51100
2020-05,29161410,甲基丙烯酸甲酯,南韓,進口總值(含復進口),162,120000
2020-05,29161410,甲基丙烯酸甲酯,美國,進口總值(含復進口),0,14
2020-05,29161410,甲基丙烯酸甲酯,香港,出口總值(含復出口),3,400
2020-05,29161410,甲基丙烯酸甲酯,泰國,進口總值(含復進口),1232,1025591
2020-05,29161410,甲基丙烯酸甲酯,泰國,出口總值(含復出口),653,621180
2020-05,29161410,甲基丙烯酸甲酯,菲律賓,出口總值(含復出口),267,197290
2020-05,29161410,甲基丙烯酸甲酯,越南,出口總值(含復出口),596,533630
2020-05,29161410,甲基丙烯酸甲酯,新加坡,進口總值(含復進口),132,98000
2020-05,29161410,甲基丙烯酸甲酯,德國,進口總值(含復進口),0,2
2020-05,29161410,甲基丙烯酸甲酯,澳大利亞,出口總值(含復出口),218,175080
2020-05,29173300,鄰苯二甲酸二壬酯或二癸酯,中國大陸,出口總值(含復出口),1543,2065000
2020-05,29173300,鄰苯二甲酸二壬酯或二癸酯,日本,進口總值(含復進口),1,0
2020-05,29173300,鄰苯二甲酸二壬酯或二癸酯,日本,出口總值(含復出口),370,367000
2020-05,29173300,鄰苯二甲酸二壬酯或二癸酯,以色列,出口總值(含復出口),69,84000
2020-05,29173300,鄰苯二甲酸二壬酯或二癸酯,阿拉伯聯合大公國,出口總值(含復出口),74,102000
2020-05,29173300,鄰苯二甲酸二壬酯或二癸酯,阿曼,出口總值(含復出口),220,243000
2020-05,29173300,鄰苯二甲酸二壬酯或二癸酯,俄羅斯,出口總值(含復出口),67,83000
2020-05,29173300,鄰苯二甲酸二壬酯或二癸酯,美國,進口總值(含復進口),0,0
2020-05,29173300,鄰苯二甲酸二壬酯或二癸酯,美國,出口總值(含復出口),119,140000
2020-05,29173300,鄰苯二甲酸二壬酯或二癸酯,哥倫比亞,出口總值(含復出口),37,42000
2020-05,29173300,鄰苯二甲酸二壬酯或二癸酯,埃及,出口總值(含復出口),33,42000
2020-05,29173300,鄰苯二甲酸二壬酯或二癸酯,馬來西亞,出口總值(含復出口),205,228000
2020-05,29173300,鄰苯二甲酸二壬酯或二癸酯,荷蘭,進口總值(含復進口),0,0
2020-05,29173300,鄰苯二甲酸二壬酯或二癸酯,斯里蘭卡,出口總值(含復出口),16,20000
2020-05,29173300,鄰苯二甲酸二壬酯或二癸酯,越南,出口總值(含復出口),453,585000
2020-05,29173300,鄰苯二甲酸二壬酯或二癸酯,德國,進口總值(含復進口),0,0
2020-05,29173300,鄰苯二甲酸二壬酯或二癸酯,墨西哥,出口總值(含復出口),89,104000
2020-05,29173300,鄰苯二甲酸二壬酯或二癸酯,澳大利亞,出口總值(含復出口),73,78000
2020-05,29321100,四氫?喃,中國大陸,進口總值(含復進口),31,20280
2020-05,29321100,四氫?喃,中國大陸,出口總值(含復出口),644,415000
2020-05,29321100,四氫?喃,日本,進口總值(含復進口),0,1
2020-05,29321100,四氫?喃,日本,出口總值(含復出口),323,184470
2020-05,29321100,四氫?喃,比利時,出口總值(含復出口),219,140530
2020-05,29321100,四氫?喃,加拿大,出口總值(含復出口),25,14400
2020-05,29321100,四氫?喃,印度,出口總值(含復出口),1677,1085480
2020-05,29321100,四氫?喃,西班牙,進口總值(含復進口),0,8
2020-05,29321100,四氫?喃,法國,出口總值(含復出口),33,19870
2020-05,29321100,四氫?喃,南韓,進口總值(含復進口),15,1035
2020-05,29321100,四氫?喃,南韓,出口總值(含復出口),30,19380
2020-05,29321100,四氫?喃,美國,進口總值(含復進口),148,2950
2020-05,29321100,四氫?喃,美國,出口總值(含復出口),26,14400
2020-05,29321100,四氫?喃,英國,進口總值(含復進口),0,8
2020-05,29321100,四氫?喃,泰國,出口總值(含復出口),5,1800
2020-05,29321100,四氫?喃,馬來西亞,出口總值(含復出口),74,43200
2020-05,29321100,四氫?喃,荷蘭,進口總值(含復進口),6,4
2020-05,29321100,四氫?喃,荷蘭,出口總值(含復出口),25,14400
2020-05,29321100,四氫?喃,越南,出口總值(含復出口),26,14400
2020-05,29321100,四氫?喃,德國,進口總值(含復進口),20,2025
2020-05,39032000,苯乙烯－丙烯?共聚合物，初級狀態,土耳其,出口總值(含復出口),21,16000
2020-05,39032000,苯乙烯－丙烯?共聚合物，初級狀態,中國大陸,進口總值(含復進口),327,118400
2020-05,39032000,苯乙烯－丙烯?共聚合物，初級狀態,中國大陸,出口總值(含復出口),14460,12955444
2020-05,39032000,苯乙烯－丙烯?共聚合物，初級狀態,日本,進口總值(含復進口),343,141066
2020-05,39032000,苯乙烯－丙烯?共聚合物，初級狀態,日本,出口總值(含復出口),53,41500
2020-05,39032000,苯乙烯－丙烯?共聚合物，初級狀態,以色列,出口總值(含復出口),4,3000
2020-05,39032000,苯乙烯－丙烯?共聚合物，初級狀態,加拿大,出口總值(含復出口),20,16000
2020-05,39032000,苯乙烯－丙烯?共聚合物，初級狀態,印尼,出口總值(含復出口),76,65000
2020-05,39032000,苯乙烯－丙烯?共聚合物，初級狀態,孟加拉,出口總值(含復出口),23,20000
2020-05,39032000,苯乙烯－丙烯?共聚合物，初級狀態,波蘭,出口總值(含復出口),41,32000
2020-05,39032000,苯乙烯－丙烯?共聚合物，初級狀態,俄羅斯,出口總值(含復出口),3,2000
2020-05,39032000,苯乙烯－丙烯?共聚合物，初級狀態,突尼西亞,出口總值(含復出口),19,16000
2020-05,39032000,苯乙烯－丙烯?共聚合物，初級狀態,美國,進口總值(含復進口),7,1452
2020-05,39032000,苯乙烯－丙烯?共聚合物，初級狀態,美國,出口總值(含復出口),147,107000
2020-05,39032000,苯乙烯－丙烯?共聚合物，初級狀態,香港,出口總值(含復出口),661,528000
2020-05,39032000,苯乙烯－丙烯?共聚合物，初級狀態,埃及,出口總值(含復出口),88,71000
2020-05,39032000,苯乙烯－丙烯?共聚合物，初級狀態,泰國,出口總值(含復出口),577,407000
2020-05,39032000,苯乙烯－丙烯?共聚合物，初級狀態,馬來西亞,出口總值(含復出口),34,29700
2020-05,39032000,苯乙烯－丙烯?共聚合物，初級狀態,荷蘭,出口總值(含復出口),104,84000
2020-05,39032000,苯乙烯－丙烯?共聚合物，初級狀態,越南,出口總值(含復出口),142,140000
2020-05,39032000,苯乙烯－丙烯?共聚合物，初級狀態,墨西哥,出口總值(含復出口),57,39000
2020-05,39039010,甲基丙烯酸甲酯－丁二烯－苯乙烯（ＭＢＳ）共聚合物，初級狀態,中國大陸,出口總值(含復出口),1866,1022425
2020-05,39039010,甲基丙烯酸甲酯－丁二烯－苯乙烯（ＭＢＳ）共聚合物，初級狀態,日本,進口總值(含復進口),85,38270
2020-05,39039010,甲基丙烯酸甲酯－丁二烯－苯乙烯（ＭＢＳ）共聚合物，初級狀態,日本,出口總值(含復出口),50,25600
2020-05,39039010,甲基丙烯酸甲酯－丁二烯－苯乙烯（ＭＢＳ）共聚合物，初級狀態,比利時,出口總值(含復出口),3,1000
2020-05,39039010,甲基丙烯酸甲酯－丁二烯－苯乙烯（ＭＢＳ）共聚合物，初級狀態,阿拉伯聯合大公國,出口總值(含復出口),26,16000
2020-05,39039010,甲基丙烯酸甲酯－丁二烯－苯乙烯（ＭＢＳ）共聚合物，初級狀態,俄羅斯,出口總值(含復出口),6,3000
2020-05,39039010,甲基丙烯酸甲酯－丁二烯－苯乙烯（ＭＢＳ）共聚合物，初級狀態,南韓,進口總值(含復進口),254,154600
2020-05,39039010,甲基丙烯酸甲酯－丁二烯－苯乙烯（ＭＢＳ）共聚合物，初級狀態,美國,進口總值(含復進口),2,1
2020-05,39039010,甲基丙烯酸甲酯－丁二烯－苯乙烯（ＭＢＳ）共聚合物，初級狀態,美國,出口總值(含復出口),124,58800
2020-05,39039010,甲基丙烯酸甲酯－丁二烯－苯乙烯（ＭＢＳ）共聚合物，初級狀態,英國,出口總值(含復出口),12,6750
2020-05,39039010,甲基丙烯酸甲酯－丁二烯－苯乙烯（ＭＢＳ）共聚合物，初級狀態,香港,出口總值(含復出口),45,21000
2020-05,39039010,甲基丙烯酸甲酯－丁二烯－苯乙烯（ＭＢＳ）共聚合物，初級狀態,埃及,出口總值(含復出口),9,5000
2020-05,39039010,甲基丙烯酸甲酯－丁二烯－苯乙烯（ＭＢＳ）共聚合物，初級狀態,紐西蘭,出口總值(含復出口),7,3000
2020-05,39039010,甲基丙烯酸甲酯－丁二烯－苯乙烯（ＭＢＳ）共聚合物，初級狀態,馬來西亞,進口總值(含復進口),42,19200
2020-05,39039010,甲基丙烯酸甲酯－丁二烯－苯乙烯（ＭＢＳ）共聚合物，初級狀態,馬來西亞,出口總值(含復出口),32,13200
2020-05,39039010,甲基丙烯酸甲酯－丁二烯－苯乙烯（ＭＢＳ）共聚合物，初級狀態,荷蘭,出口總值(含復出口),17,8000
2020-05,39039010,甲基丙烯酸甲酯－丁二烯－苯乙烯（ＭＢＳ）共聚合物，初級狀態,越南,出口總值(含復出口),39,20500
2020-05,39039010,甲基丙烯酸甲酯－丁二烯－苯乙烯（ＭＢＳ）共聚合物，初級狀態,澳大利亞,出口總值(含復出口),5,2000
2020-05,39052100,醋酸乙烯共聚合物水性分散液,中國大陸,進口總值(含復進口),6,2100
2020-05,39052100,醋酸乙烯共聚合物水性分散液,中國大陸,出口總值(含復出口),2574,3316900
2020-05,39052100,醋酸乙烯共聚合物水性分散液,日本,進口總值(含復進口),11,1140
2020-05,39052100,醋酸乙烯共聚合物水性分散液,日本,出口總值(含復出口),17,20245
2020-05,39052100,醋酸乙烯共聚合物水性分散液,西班牙,進口總值(含復進口),25,18900
2020-05,39052100,醋酸乙烯共聚合物水性分散液,肯亞,出口總值(含復出口),47,39600
2020-05,39052100,醋酸乙烯共聚合物水性分散液,阿拉伯聯合大公國,出口總值(含復出口),18,20050
2020-05,39052100,醋酸乙烯共聚合物水性分散液,南韓,進口總值(含復進口),16,15600
2020-05,39052100,醋酸乙烯共聚合物水性分散液,南韓,出口總值(含復出口),17,17600
2020-05,39052100,醋酸乙烯共聚合物水性分散液,美國,進口總值(含復進口),14,7200
2020-05,39052100,醋酸乙烯共聚合物水性分散液,埃及,出口總值(含復出口),34,35200
2020-05,39052100,醋酸乙烯共聚合物水性分散液,紐西蘭,出口總值(含復出口),21,25100
2020-05,39052100,醋酸乙烯共聚合物水性分散液,馬來西亞,進口總值(含復進口),23,18400
2020-05,39052100,醋酸乙烯共聚合物水性分散液,馬來西亞,出口總值(含復出口),31,19555
2020-05,39052100,醋酸乙烯共聚合物水性分散液,越南,出口總值(含復出口),126,138000
2020-05,39052100,醋酸乙烯共聚合物水性分散液,新加坡,出口總值(含復出口),17,17600
2020-05,39052100,醋酸乙烯共聚合物水性分散液,墨西哥,出口總值(含復出口),15,21000
2020-05,39052100,醋酸乙烯共聚合物水性分散液,澳大利亞,出口總值(含復出口),137,151550
2020-06,29161410,甲基丙烯酸甲酯,中國大陸,出口總值(含復出口),3703,2636135
2020-06,29161410,甲基丙烯酸甲酯,日本,進口總值(含復進口),3304,2795439
2020-06,29161410,甲基丙烯酸甲酯,日本,出口總值(含復出口),24,15200
2020-06,29161410,甲基丙烯酸甲酯,沙烏地阿拉伯,進口總值(含復進口),1348,1049087
2020-06,29161410,甲基丙烯酸甲酯,南韓,進口總值(含復進口),0,2
2020-06,29161410,甲基丙烯酸甲酯,美國,進口總值(含復進口),1039,715222
2020-06,29161410,甲基丙烯酸甲酯,英國,進口總值(含復進口),4,268
2020-06,29161410,甲基丙烯酸甲酯,泰國,出口總值(含復出口),20,15200
2020-06,29161410,甲基丙烯酸甲酯,馬來西亞,出口總值(含復出口),45,27668
2020-06,29161410,甲基丙烯酸甲酯,荷蘭,進口總值(含復進口),3,3
2020-06,29161410,甲基丙烯酸甲酯,菲律賓,出口總值(含復出口),250,186510
2020-06,29161410,甲基丙烯酸甲酯,越南,出口總值(含復出口),937,783240
2020-06,29161410,甲基丙烯酸甲酯,新加坡,進口總值(含復進口),221,176500
2020-06,29161410,甲基丙烯酸甲酯,德國,進口總值(含復進口),130,99890
2020-06,29173300,鄰苯二甲酸二壬酯或二癸酯,中國大陸,出口總值(含復出口),2271,2895000
2020-06,29173300,鄰苯二甲酸二壬酯或二癸酯,日本,出口總值(含復出口),266,270000
2020-06,29173300,鄰苯二甲酸二壬酯或二癸酯,以色列,出口總值(含復出口),121,147000
2020-06,29173300,鄰苯二甲酸二壬酯或二癸酯,加拿大,出口總值(含復出口),66,80000
2020-06,29173300,鄰苯二甲酸二壬酯或二癸酯,阿拉伯聯合大公國,出口總值(含復出口),47,60000
2020-06,29173300,鄰苯二甲酸二壬酯或二癸酯,阿曼,出口總值(含復出口),85,100000
2020-06,29173300,鄰苯二甲酸二壬酯或二癸酯,美國,進口總值(含復進口),0,0
2020-06,29173300,鄰苯二甲酸二壬酯或二癸酯,美國,出口總值(含復出口),64,73000
2020-06,29173300,鄰苯二甲酸二壬酯或二癸酯,哥倫比亞,出口總值(含復出口),74,84000
2020-06,29173300,鄰苯二甲酸二壬酯或二癸酯,馬來西亞,出口總值(含復出口),51,60000
2020-06,29173300,鄰苯二甲酸二壬酯或二癸酯,菲律賓,出口總值(含復出口),132,112000
2020-06,29173300,鄰苯二甲酸二壬酯或二癸酯,象牙海岸,出口總值(含復出口),839,1031000
2020-06,29173300,鄰苯二甲酸二壬酯或二癸酯,越南,出口總值(含復出口),304,347000
2020-06,29173300,鄰苯二甲酸二壬酯或二癸酯,新加坡,出口總值(含復出口),65,37000
2020-06,29173300,鄰苯二甲酸二壬酯或二癸酯,墨西哥,出口總值(含復出口),156,190000
2020-06,29173300,鄰苯二甲酸二壬酯或二癸酯,澳大利亞,出口總值(含復出口),78,89000
2020-06,29321100,四氫?喃,中國大陸,出口總值(含復出口),614,504330
2020-06,29321100,四氫?喃,日本,出口總值(含復出口),162,96830
2020-06,29321100,四氫?喃,比利時,出口總值(含復出口),154,99400
2020-06,29321100,四氫?喃,印度,出口總值(含復出口),1399,903530
2020-06,29321100,四氫?喃,西班牙,進口總值(含復進口),1,10
2020-06,29321100,四氫?喃,南韓,進口總值(含復進口),11,1649
2020-06,29321100,四氫?喃,美國,進口總值(含復進口),24,1437
2020-06,29321100,四氫?喃,美國,出口總值(含復出口),107,61580
2020-06,29321100,四氫?喃,英國,進口總值(含復進口),0,6
2020-06,29321100,四氫?喃,英國,出口總值(含復出口),26,14400
2020-06,29321100,四氫?喃,泰國,出口總值(含復出口),24,14400
2020-06,29321100,四氫?喃,馬來西亞,進口總值(含復進口),29,14400
2020-06,29321100,四氫?喃,馬來西亞,出口總值(含復出口),32,19280
2020-06,29321100,四氫?喃,越南,出口總值(含復出口),4,1800
2020-06,29321100,四氫?喃,義大利,出口總值(含復出口),31,19800
2020-06,29321100,四氫?喃,德國,進口總值(含復進口),18,1909
2020-06,39032000,苯乙烯－丙烯?共聚合物，初級狀態,中國大陸,進口總值(含復進口),65,28000
2020-06,39032000,苯乙烯－丙烯?共聚合物，初級狀態,中國大陸,出口總值(含復出口),10781,9384830
2020-06,39032000,苯乙烯－丙烯?共聚合物，初級狀態,巴西,出口總值(含復出口),8,7000
2020-06,39032000,苯乙烯－丙烯?共聚合物，初級狀態,巴基斯坦,出口總值(含復出口),6,5000
2020-06,39032000,苯乙烯－丙烯?共聚合物，初級狀態,日本,進口總值(含復進口),117,41586
2020-06,39032000,苯乙烯－丙烯?共聚合物，初級狀態,日本,出口總值(含復出口),26,20500
2020-06,39032000,苯乙烯－丙烯?共聚合物，初級狀態,比利時,出口總值(含復出口),4,3000
2020-06,39032000,苯乙烯－丙烯?共聚合物，初級狀態,加拿大,出口總值(含復出口),25,24000
2020-06,39032000,苯乙烯－丙烯?共聚合物，初級狀態,印尼,出口總值(含復出口),75,62250
2020-06,39032000,苯乙烯－丙烯?共聚合物，初級狀態,西班牙,出口總值(含復出口),5,3600
2020-06,39032000,苯乙烯－丙烯?共聚合物，初級狀態,孟加拉,出口總值(含復出口),73,60000
2020-06,39032000,苯乙烯－丙烯?共聚合物，初級狀態,阿根廷,出口總值(含復出口),11,8000
2020-06,39032000,苯乙烯－丙烯?共聚合物，初級狀態,保加利亞,進口總值(含復進口),1,100
2020-06,39032000,苯乙烯－丙烯?共聚合物，初級狀態,俄羅斯,出口總值(含復出口),4,3000
2020-06,39032000,苯乙烯－丙烯?共聚合物，初級狀態,南韓,進口總值(含復進口),98,82000
2020-06,39032000,苯乙烯－丙烯?共聚合物，初級狀態,哈薩克,出口總值(含復出口),0,150
2020-06,39032000,苯乙烯－丙烯?共聚合物，初級狀態,突尼西亞,出口總值(含復出口),48,47000
2020-06,39032000,苯乙烯－丙烯?共聚合物，初級狀態,美國,出口總值(含復出口),119,91800
2020-06,39032000,苯乙烯－丙烯?共聚合物，初級狀態,香港,出口總值(含復出口),970,742150
2020-06,39032000,苯乙烯－丙烯?共聚合物，初級狀態,哥倫比亞,出口總值(含復出口),4,3000
2020-06,39032000,苯乙烯－丙烯?共聚合物，初級狀態,埃及,出口總值(含復出口),10,5000
2020-06,39032000,苯乙烯－丙烯?共聚合物，初級狀態,泰國,出口總值(含復出口),92,111090
2020-06,39032000,苯乙烯－丙烯?共聚合物，初級狀態,馬來西亞,出口總值(含復出口),159,131000
2020-06,39032000,苯乙烯－丙烯?共聚合物，初級狀態,荷蘭,出口總值(含復出口),60,48000
2020-06,39032000,苯乙烯－丙烯?共聚合物，初級狀態,菲律賓,出口總值(含復出口),73,60000
2020-06,39032000,苯乙烯－丙烯?共聚合物，初級狀態,越南,出口總值(含復出口),121,108725
2020-06,39032000,苯乙烯－丙烯?共聚合物，初級狀態,緬甸,出口總值(含復出口),13,9000
2020-06,39032000,苯乙烯－丙烯?共聚合物，初級狀態,墨西哥,出口總值(含復出口),3,2000
2020-06,39039010,甲基丙烯酸甲酯－丁二烯－苯乙烯（ＭＢＳ）共聚合物，初級狀態,中國大陸,出口總值(含復出口),1648,839500
2020-06,39039010,甲基丙烯酸甲酯－丁二烯－苯乙烯（ＭＢＳ）共聚合物，初級狀態,日本,進口總值(含復進口),299,128396
2020-06,39039010,甲基丙烯酸甲酯－丁二烯－苯乙烯（ＭＢＳ）共聚合物，初級狀態,日本,出口總值(含復出口),16,7025
2020-06,39039010,甲基丙烯酸甲酯－丁二烯－苯乙烯（ＭＢＳ）共聚合物，初級狀態,比利時,出口總值(含復出口),0,100
2020-06,39039010,甲基丙烯酸甲酯－丁二烯－苯乙烯（ＭＢＳ）共聚合物，初級狀態,俄羅斯,出口總值(含復出口),0,100
2020-06,39039010,甲基丙烯酸甲酯－丁二烯－苯乙烯（ＭＢＳ）共聚合物，初級狀態,南非,出口總值(含復出口),4,2000
2020-06,39039010,甲基丙烯酸甲酯－丁二烯－苯乙烯（ＭＢＳ）共聚合物，初級狀態,南韓,進口總值(含復進口),84,60000
2020-06,39039010,甲基丙烯酸甲酯－丁二烯－苯乙烯（ＭＢＳ）共聚合物，初級狀態,哈薩克,出口總值(含復出口),9,5000
2020-06,39039010,甲基丙烯酸甲酯－丁二烯－苯乙烯（ＭＢＳ）共聚合物，初級狀態,美國,進口總值(含復進口),2,1
2020-06,39039010,甲基丙烯酸甲酯－丁二烯－苯乙烯（ＭＢＳ）共聚合物，初級狀態,美國,出口總值(含復出口),22,13000
2020-06,39039010,甲基丙烯酸甲酯－丁二烯－苯乙烯（ＭＢＳ）共聚合物，初級狀態,香港,出口總值(含復出口),34,16000
2020-06,39039010,甲基丙烯酸甲酯－丁二烯－苯乙烯（ＭＢＳ）共聚合物，初級狀態,泰國,出口總值(含復出口),6,4000
2020-06,39039010,甲基丙烯酸甲酯－丁二烯－苯乙烯（ＭＢＳ）共聚合物，初級狀態,馬來西亞,進口總值(含復進口),43,19200
2020-06,39039010,甲基丙烯酸甲酯－丁二烯－苯乙烯（ＭＢＳ）共聚合物，初級狀態,馬來西亞,出口總值(含復出口),70,48000
2020-06,39039010,甲基丙烯酸甲酯－丁二烯－苯乙烯（ＭＢＳ）共聚合物，初級狀態,荷蘭,進口總值(含復進口),25,10000
2020-06,39039010,甲基丙烯酸甲酯－丁二烯－苯乙烯（ＭＢＳ）共聚合物，初級狀態,荷蘭,出口總值(含復出口),7,4000
2020-06,39039010,甲基丙烯酸甲酯－丁二烯－苯乙烯（ＭＢＳ）共聚合物，初級狀態,菲律賓,出口總值(含復出口),11,5625
2020-06,39039010,甲基丙烯酸甲酯－丁二烯－苯乙烯（ＭＢＳ）共聚合物，初級狀態,越南,出口總值(含復出口),44,28000
2020-06,39039010,甲基丙烯酸甲酯－丁二烯－苯乙烯（ＭＢＳ）共聚合物，初級狀態,澳大利亞,出口總值(含復出口),43,23000
2020-06,39052100,醋酸乙烯共聚合物水性分散液,中國大陸,進口總值(含復進口),27,18860
2020-06,39052100,醋酸乙烯共聚合物水性分散液,中國大陸,出口總值(含復出口),2275,2958440
2020-06,39052100,醋酸乙烯共聚合物水性分散液,巴拉圭,出口總值(含復出口),16,19800
2020-06,39052100,醋酸乙烯共聚合物水性分散液,巴基斯坦,出口總值(含復出口),15,20000
2020-06,39052100,醋酸乙烯共聚合物水性分散液,日本,進口總值(含復進口),0,40
2020-06,39052100,醋酸乙烯共聚合物水性分散液,波多黎各,出口總值(含復出口),25,20180
2020-06,39052100,醋酸乙烯共聚合物水性分散液,俄羅斯,出口總值(含復出口),22,20000
2020-06,39052100,醋酸乙烯共聚合物水性分散液,南韓,出口總值(含復出口),11,8800
2020-06,39052100,醋酸乙烯共聚合物水性分散液,美國,出口總值(含復出口),48,60450
2020-06,39052100,醋酸乙烯共聚合物水性分散液,埃及,出口總值(含復出口),16,16800
2020-06,39052100,醋酸乙烯共聚合物水性分散液,泰國,出口總值(含復出口),21,21920
2020-06,39052100,醋酸乙烯共聚合物水性分散液,秘魯,出口總值(含復出口),4,4400
2020-06,39052100,醋酸乙烯共聚合物水性分散液,紐西蘭,出口總值(含復出口),17,20000
2020-06,39052100,醋酸乙烯共聚合物水性分散液,越南,出口總值(含復出口),129,137800
2020-06,39052100,醋酸乙烯共聚合物水性分散液,墨西哥,出口總值(含復出口),15,21000
2020-06,39052100,醋酸乙烯共聚合物水性分散液,澳大利亞,出口總值(含復出口),52,50200
2020-07,29161410,甲基丙烯酸甲酯,中國大陸,進口總值(含復進口),137,99640
2020-07,29161410,甲基丙烯酸甲酯,中國大陸,出口總值(含復出口),10750,7515000
2020-07,29161410,甲基丙烯酸甲酯,日本,進口總值(含復進口),4981,4114999
2020-07,29161410,甲基丙烯酸甲酯,日本,出口總值(含復出口),24,15200
2020-07,29161410,甲基丙烯酸甲酯,印度,出口總值(含復出口),40,30400
2020-07,29161410,甲基丙烯酸甲酯,阿拉伯聯合大公國,出口總值(含復出口),49,30400
2020-07,29161410,甲基丙烯酸甲酯,南韓,進口總值(含復進口),77,60000
2020-07,29161410,甲基丙烯酸甲酯,美國,進口總值(含復進口),0,2
2020-07,29161410,甲基丙烯酸甲酯,英國,進口總值(含復進口),2,92
2020-07,29161410,甲基丙烯酸甲酯,香港,出口總值(含復出口),4,48
2020-07,29161410,甲基丙烯酸甲酯,泰國,進口總值(含復進口),2753,1977361
2020-07,29161410,甲基丙烯酸甲酯,菲律賓,出口總值(含復出口),472,362560
2020-07,29161410,甲基丙烯酸甲酯,越南,出口總值(含復出口),286,219750
2020-07,29161410,甲基丙烯酸甲酯,新加坡,進口總值(含復進口),286,235430
2020-07,29161410,甲基丙烯酸甲酯,德國,進口總值(含復進口),134,100160
2020-07,29173300,鄰苯二甲酸二壬酯或二癸酯,中國大陸,出口總值(含復出口),709,773000
2020-07,29173300,鄰苯二甲酸二壬酯或二癸酯,日本,出口總值(含復出口),262,272000
2020-07,29173300,鄰苯二甲酸二壬酯或二癸酯,加拿大,進口總值(含復進口),0,0
2020-07,29173300,鄰苯二甲酸二壬酯或二癸酯,加拿大,出口總值(含復出口),164,200000
2020-07,29173300,鄰苯二甲酸二壬酯或二癸酯,立陶宛,出口總值(含復出口),18,21000
2020-07,29173300,鄰苯二甲酸二壬酯或二癸酯,印尼,出口總值(含復出口),5,5000
2020-07,29173300,鄰苯二甲酸二壬酯或二癸酯,阿拉伯聯合大公國,出口總值(含復出口),14,16000
2020-07,29173300,鄰苯二甲酸二壬酯或二癸酯,阿曼,出口總值(含復出口),82,100000
2020-07,29173300,鄰苯二甲酸二壬酯或二癸酯,俄羅斯,出口總值(含復出口),109,125000
2020-07,29173300,鄰苯二甲酸二壬酯或二癸酯,美國,進口總值(含復進口),0,0
2020-07,29173300,鄰苯二甲酸二壬酯或二癸酯,美國,出口總值(含復出口),399,483000
2020-07,29173300,鄰苯二甲酸二壬酯或二癸酯,香港,出口總值(含復出口),20,21000
2020-07,29173300,鄰苯二甲酸二壬酯或二癸酯,哥倫比亞,出口總值(含復出口),19,21000
2020-07,29173300,鄰苯二甲酸二壬酯或二癸酯,埃及,出口總值(含復出口),37,42000
2020-07,29173300,鄰苯二甲酸二壬酯或二癸酯,烏克蘭,出口總值(含復出口),73,84000
2020-07,29173300,鄰苯二甲酸二壬酯或二癸酯,馬來西亞,出口總值(含復出口),55,61000
2020-07,29173300,鄰苯二甲酸二壬酯或二癸酯,斯里蘭卡,出口總值(含復出口),16,20000
2020-07,29173300,鄰苯二甲酸二壬酯或二癸酯,菲律賓,出口總值(含復出口),49,52000
2020-07,29173300,鄰苯二甲酸二壬酯或二癸酯,象牙海岸,出口總值(含復出口),215,252000
2020-07,29173300,鄰苯二甲酸二壬酯或二癸酯,越南,出口總值(含復出口),339,362000
2020-07,29173300,鄰苯二甲酸二壬酯或二癸酯,新加坡,出口總值(含復出口),46,56000
2020-07,29173300,鄰苯二甲酸二壬酯或二癸酯,墨西哥,出口總值(含復出口),71,82000
2020-07,29173300,鄰苯二甲酸二壬酯或二癸酯,澳大利亞,出口總值(含復出口),53,60000
2020-07,29321100,四氫?喃,中國大陸,進口總值(含復進口),3,19
2020-07,29321100,四氫?喃,中國大陸,出口總值(含復出口),1408,1354430
2020-07,29321100,四氫?喃,日本,出口總值(含復出口),112,65170
2020-07,29321100,四氫?喃,比利時,出口總值(含復出口),155,100500
2020-07,29321100,四氫?喃,加拿大,出口總值(含復出口),30,19340
2020-07,29321100,四氫?喃,印尼,出口總值(含復出口),25,14400
2020-07,29321100,四氫?喃,印度,出口總值(含復出口),2137,1380130
2020-07,29321100,四氫?喃,西班牙,進口總值(含復進口),0,0
2020-07,29321100,四氫?喃,南韓,進口總值(含復進口),3,441
2020-07,29321100,四氫?喃,南韓,出口總值(含復出口),29,19680
2020-07,29321100,四氫?喃,美國,進口總值(含復進口),33,2478
2020-07,29321100,四氫?喃,美國,出口總值(含復出口),52,28800
2020-07,29321100,四氫?喃,英國,進口總值(含復進口),0,2
2020-07,29321100,四氫?喃,馬來西亞,出口總值(含復出口),92,57600
2020-07,29321100,四氫?喃,荷蘭,出口總值(含復出口),52,28800
2020-07,29321100,四氫?喃,越南,出口總值(含復出口),25,14400
2020-07,29321100,四氫?喃,德國,進口總值(含復進口),43,3676
2020-07,39032000,苯乙烯－丙烯?共聚合物，初級狀態,中國大陸,進口總值(含復進口),159,60000
2020-07,39032000,苯乙烯－丙烯?共聚合物，初級狀態,中國大陸,出口總值(含復出口),8821,7213500
2020-07,39032000,苯乙烯－丙烯?共聚合物，初級狀態,巴基斯坦,出口總值(含復出口),141,119000
2020-07,39032000,苯乙烯－丙烯?共聚合物，初級狀態,日本,進口總值(含復進口),227,81517
2020-07,39032000,苯乙烯－丙烯?共聚合物，初級狀態,日本,出口總值(含復出口),97,74000
2020-07,39032000,苯乙烯－丙烯?共聚合物，初級狀態,以色列,出口總值(含復出口),21,16000
2020-07,39032000,苯乙烯－丙烯?共聚合物，初級狀態,印尼,出口總值(含復出口),222,176000
2020-07,39032000,苯乙烯－丙烯?共聚合物，初級狀態,孟加拉,出口總值(含復出口),61,50000
2020-07,39032000,苯乙烯－丙烯?共聚合物，初級狀態,波蘭,出口總值(含復出口),15,12000
2020-07,39032000,苯乙烯－丙烯?共聚合物，初級狀態,阿拉伯聯合大公國,出口總值(含復出口),21,18000
2020-07,39032000,苯乙烯－丙烯?共聚合物，初級狀態,阿根廷,出口總值(含復出口),13,10000
2020-07,39032000,苯乙烯－丙烯?共聚合物，初級狀態,俄羅斯,出口總值(含復出口),12,9000
2020-07,39032000,苯乙烯－丙烯?共聚合物，初級狀態,南韓,進口總值(含復進口),63,52000
2020-07,39032000,苯乙烯－丙烯?共聚合物，初級狀態,約旦,出口總值(含復出口),41,36000
2020-07,39032000,苯乙烯－丙烯?共聚合物，初級狀態,美國,出口總值(含復出口),330,247500
2020-07,39032000,苯乙烯－丙烯?共聚合物，初級狀態,英國,進口總值(含復進口),42,11000
2020-07,39032000,苯乙烯－丙烯?共聚合物，初級狀態,香港,出口總值(含復出口),2834,2191675
2020-07,39032000,苯乙烯－丙烯?共聚合物，初級狀態,埃及,出口總值(含復出口),24,20000
2020-07,39032000,苯乙烯－丙烯?共聚合物，初級狀態,泰國,出口總值(含復出口),881,684840
2020-07,39032000,苯乙烯－丙烯?共聚合物，初級狀態,馬來西亞,出口總值(含復出口),77,66800
2020-07,39032000,苯乙烯－丙烯?共聚合物，初級狀態,荷蘭,出口總值(含復出口),53,43000
2020-07,39032000,苯乙烯－丙烯?共聚合物，初級狀態,越南,出口總值(含復出口),334,309000
2020-07,39032000,苯乙烯－丙烯?共聚合物，初級狀態,德國,進口總值(含復進口),26,6875
2020-07,39032000,苯乙烯－丙烯?共聚合物，初級狀態,緬甸,出口總值(含復出口),22,18000
2020-07,39032000,苯乙烯－丙烯?共聚合物，初級狀態,墨西哥,出口總值(含復出口),203,141000
2020-07,39039010,甲基丙烯酸甲酯－丁二烯－苯乙烯（ＭＢＳ）共聚合物，初級狀態,中國大陸,出口總值(含復出口),784,380000
2020-07,39039010,甲基丙烯酸甲酯－丁二烯－苯乙烯（ＭＢＳ）共聚合物，初級狀態,日本,進口總值(含復進口),242,89280
2020-07,39039010,甲基丙烯酸甲酯－丁二烯－苯乙烯（ＭＢＳ）共聚合物，初級狀態,日本,出口總值(含復出口),39,19000
2020-07,39039010,甲基丙烯酸甲酯－丁二烯－苯乙烯（ＭＢＳ）共聚合物，初級狀態,比利時,出口總值(含復出口),32,17000
2020-07,39039010,甲基丙烯酸甲酯－丁二烯－苯乙烯（ＭＢＳ）共聚合物，初級狀態,加拿大,出口總值(含復出口),39,21000
2020-07,39039010,甲基丙烯酸甲酯－丁二烯－苯乙烯（ＭＢＳ）共聚合物，初級狀態,沙烏地阿拉伯,出口總值(含復出口),49,32000
2020-07,39039010,甲基丙烯酸甲酯－丁二烯－苯乙烯（ＭＢＳ）共聚合物，初級狀態,波蘭,出口總值(含復出口),2,1000
2020-07,39039010,甲基丙烯酸甲酯－丁二烯－苯乙烯（ＭＢＳ）共聚合物，初級狀態,法國,出口總值(含復出口),33,18000
2020-07,39039010,甲基丙烯酸甲酯－丁二烯－苯乙烯（ＭＢＳ）共聚合物，初級狀態,南非,出口總值(含復出口),7,4000
2020-07,39039010,甲基丙烯酸甲酯－丁二烯－苯乙烯（ＭＢＳ）共聚合物，初級狀態,南韓,進口總值(含復進口),112,59600
2020-07,39039010,甲基丙烯酸甲酯－丁二烯－苯乙烯（ＭＢＳ）共聚合物，初級狀態,南韓,出口總值(含復出口),12,8000
2020-07,39039010,甲基丙烯酸甲酯－丁二烯－苯乙烯（ＭＢＳ）共聚合物，初級狀態,美國,出口總值(含復出口),69,39000
2020-07,39039010,甲基丙烯酸甲酯－丁二烯－苯乙烯（ＭＢＳ）共聚合物，初級狀態,香港,出口總值(含復出口),38,16000
2020-07,39039010,甲基丙烯酸甲酯－丁二烯－苯乙烯（ＭＢＳ）共聚合物，初級狀態,紐西蘭,出口總值(含復出口),13,6000
2020-07,39039010,甲基丙烯酸甲酯－丁二烯－苯乙烯（ＭＢＳ）共聚合物，初級狀態,馬來西亞,進口總值(含復進口),42,19200
2020-07,39039010,甲基丙烯酸甲酯－丁二烯－苯乙烯（ＭＢＳ）共聚合物，初級狀態,馬來西亞,出口總值(含復出口),34,19600
2020-07,39039010,甲基丙烯酸甲酯－丁二烯－苯乙烯（ＭＢＳ）共聚合物，初級狀態,荷蘭,出口總值(含復出口),26,12700
2020-07,39039010,甲基丙烯酸甲酯－丁二烯－苯乙烯（ＭＢＳ）共聚合物，初級狀態,斯里蘭卡,出口總值(含復出口),45,17000
2020-07,39039010,甲基丙烯酸甲酯－丁二烯－苯乙烯（ＭＢＳ）共聚合物，初級狀態,菲律賓,出口總值(含復出口),24,16000
2020-07,39039010,甲基丙烯酸甲酯－丁二烯－苯乙烯（ＭＢＳ）共聚合物，初級狀態,越南,出口總值(含復出口),61,32000
2020-07,39052100,醋酸乙烯共聚合物水性分散液,中國大陸,進口總值(含復進口),36,20790
2020-07,39052100,醋酸乙烯共聚合物水性分散液,中國大陸,出口總值(含復出口),2543,3253210
2020-07,39052100,醋酸乙烯共聚合物水性分散液,中華民國,進口總值(含復進口),20,20020
2020-07,39052100,醋酸乙烯共聚合物水性分散液,巴基斯坦,出口總值(含復出口),226,300000
2020-07,39052100,醋酸乙烯共聚合物水性分散液,日本,進口總值(含復進口),5,570
2020-07,39052100,醋酸乙烯共聚合物水性分散液,日本,出口總值(含復出口),53,58940
2020-07,39052100,醋酸乙烯共聚合物水性分散液,印度,出口總值(含復出口),21,17600
2020-07,39052100,醋酸乙烯共聚合物水性分散液,肯亞,出口總值(含復出口),47,39600
2020-07,39052100,醋酸乙烯共聚合物水性分散液,阿爾及利亞,出口總值(含復出口),40,40000
2020-07,39052100,醋酸乙烯共聚合物水性分散液,南韓,出口總值(含復出口),16,17600
2020-07,39052100,醋酸乙烯共聚合物水性分散液,美國,進口總值(含復進口),32,20900
2020-07,39052100,醋酸乙烯共聚合物水性分散液,埃及,出口總值(含復出口),34,35200
2020-07,39052100,醋酸乙烯共聚合物水性分散液,烏克蘭,出口總值(含復出口),22,20000
2020-07,39052100,醋酸乙烯共聚合物水性分散液,紐西蘭,出口總值(含復出口),5,5000
2020-07,39052100,醋酸乙烯共聚合物水性分散液,馬來西亞,進口總值(含復進口),50,40600
2020-07,39052100,醋酸乙烯共聚合物水性分散液,智利,出口總值(含復出口),15,19800
2020-07,39052100,醋酸乙烯共聚合物水性分散液,越南,出口總值(含復出口),92,99800
2020-07,39052100,醋酸乙烯共聚合物水性分散液,德國,進口總值(含復進口),25,14000
2020-07,39052100,醋酸乙烯共聚合物水性分散液,澳大利亞,出口總值(含復出口),120,128540
2020-08,29161410,甲基丙烯酸甲酯,中國大陸,進口總值(含復進口),3071,2393039
2020-08,29161410,甲基丙烯酸甲酯,中國大陸,出口總值(含復出口),5460,4490791
2020-08,29161410,甲基丙烯酸甲酯,巴基斯坦,出口總值(含復出口),24,15200
2020-08,29161410,甲基丙烯酸甲酯,日本,進口總值(含復進口),5698,4540775
2020-08,29161410,甲基丙烯酸甲酯,印度,出口總值(含復出口),202,152000
2020-08,29161410,甲基丙烯酸甲酯,沙烏地阿拉伯,進口總值(含復進口),1506,1228349
2020-08,29161410,甲基丙烯酸甲酯,南韓,進口總值(含復進口),104,80000
2020-08,29161410,甲基丙烯酸甲酯,美國,進口總值(含復進口),819,579040
2020-08,29161410,甲基丙烯酸甲酯,英國,進口總值(含復進口),2,111
2020-08,29161410,甲基丙烯酸甲酯,香港,出口總值(含復出口),14,480
2020-08,29161410,甲基丙烯酸甲酯,泰國,進口總值(含復進口),1381,1020802
2020-08,29161410,甲基丙烯酸甲酯,泰國,出口總值(含復出口),22,15200
2020-08,29161410,甲基丙烯酸甲酯,秘魯,出口總值(含復出口),86,60800
2020-08,29161410,甲基丙烯酸甲酯,荷蘭,進口總值(含復進口),3,34
2020-08,29161410,甲基丙烯酸甲酯,菲律賓,出口總值(含復出口),482,394840
2020-08,29161410,甲基丙烯酸甲酯,越南,出口總值(含復出口),292,227070
2020-08,29161410,甲基丙烯酸甲酯,新加坡,進口總值(含復進口),320,254830
2020-08,29173300,鄰苯二甲酸二壬酯或二癸酯,中國大陸,出口總值(含復出口),297,334000
2020-08,29173300,鄰苯二甲酸二壬酯或二癸酯,日本,出口總值(含復出口),338,343000
2020-08,29173300,鄰苯二甲酸二壬酯或二癸酯,瓜地馬拉,出口總值(含復出口),188,210000
2020-08,29173300,鄰苯二甲酸二壬酯或二癸酯,印尼,出口總值(含復出口),166,160000
2020-08,29173300,鄰苯二甲酸二壬酯或二癸酯,多明尼加,出口總值(含復出口),73,84000
2020-08,29173300,鄰苯二甲酸二壬酯或二癸酯,俄羅斯,出口總值(含復出口),72,83000
2020-08,29173300,鄰苯二甲酸二壬酯或二癸酯,美國,進口總值(含復進口),1,0
2020-08,29173300,鄰苯二甲酸二壬酯或二癸酯,美國,出口總值(含復出口),59,68000
2020-08,29173300,鄰苯二甲酸二壬酯或二癸酯,埃及,出口總值(含復出口),74,84000
2020-08,29173300,鄰苯二甲酸二壬酯或二癸酯,馬來西亞,出口總值(含復出口),94,96000
2020-08,29173300,鄰苯二甲酸二壬酯或二癸酯,斯里蘭卡,出口總值(含復出口),17,20000
2020-08,29173300,鄰苯二甲酸二壬酯或二癸酯,菲律賓,出口總值(含復出口),156,156000
2020-08,29173300,鄰苯二甲酸二壬酯或二癸酯,象牙海岸,出口總值(含復出口),216,252000
2020-08,29173300,鄰苯二甲酸二壬酯或二癸酯,越南,出口總值(含復出口),293,329000
2020-08,29173300,鄰苯二甲酸二壬酯或二癸酯,德國,進口總值(含復進口),0,0
2020-08,29173300,鄰苯二甲酸二壬酯或二癸酯,德國,出口總值(含復出口),18,21000
2020-08,29173300,鄰苯二甲酸二壬酯或二癸酯,澳大利亞,出口總值(含復出口),79,84000
2020-08,29321100,四氫?喃,中國大陸,出口總值(含復出口),1507,1379250
2020-08,29321100,四氫?喃,日本,出口總值(含復出口),309,174030
2020-08,29321100,四氫?喃,比利時,出口總值(含復出口),307,200060
2020-08,29321100,四氫?喃,加拿大,出口總值(含復出口),25,14400
2020-08,29321100,四氫?喃,印尼,出口總值(含復出口),25,14400
2020-08,29321100,四氫?喃,印度,出口總值(含復出口),1579,1041680
2020-08,29321100,四氫?喃,肯亞,出口總值(含復出口),22,14400
2020-08,29321100,四氫?喃,南韓,進口總值(含復進口),2,306
2020-08,29321100,四氫?喃,美國,進口總值(含復進口),7,428
2020-08,29321100,四氫?喃,美國,出口總值(含復出口),127,72000
2020-08,29321100,四氫?喃,英國,進口總值(含復進口),0,4
2020-08,29321100,四氫?喃,泰國,出口總值(含復出口),17,5760
2020-08,29321100,四氫?喃,馬來西亞,出口總值(含復出口),46,28800
2020-08,29321100,四氫?喃,荷蘭,出口總值(含復出口),78,43200
2020-08,29321100,四氫?喃,越南,出口總值(含復出口),29,16500
2020-08,29321100,四氫?喃,愛爾蘭,進口總值(含復進口),0,0
2020-08,29321100,四氫?喃,德國,進口總值(含復進口),12,1101
2020-08,39032000,苯乙烯－丙烯?共聚合物，初級狀態,土耳其,出口總值(含復出口),19,16000
2020-08,39032000,苯乙烯－丙烯?共聚合物，初級狀態,中國大陸,進口總值(含復進口),0,100
2020-08,39032000,苯乙烯－丙烯?共聚合物，初級狀態,中國大陸,出口總值(含復出口),12603,10008481
2020-08,39032000,苯乙烯－丙烯?共聚合物，初級狀態,中華民國,進口總值(含復進口),29,20000
2020-08,39032000,苯乙烯－丙烯?共聚合物，初級狀態,巴基斯坦,出口總值(含復出口),110,90000
2020-08,39032000,苯乙烯－丙烯?共聚合物，初級狀態,日本,進口總值(含復進口),153,75666
2020-08,39032000,苯乙烯－丙烯?共聚合物，初級狀態,日本,出口總值(含復出口),46,34750
2020-08,39032000,苯乙烯－丙烯?共聚合物，初級狀態,以色列,出口總值(含復出口),4,3000
2020-08,39032000,苯乙烯－丙烯?共聚合物，初級狀態,加拿大,出口總值(含復出口),27,24000
2020-08,39032000,苯乙烯－丙烯?共聚合物，初級狀態,印尼,出口總值(含復出口),268,214875
2020-08,39032000,苯乙烯－丙烯?共聚合物，初級狀態,孟加拉,出口總值(含復出口),28,23000
2020-08,39032000,苯乙烯－丙烯?共聚合物，初級狀態,波蘭,出口總值(含復出口),18,13000
2020-08,39032000,苯乙烯－丙烯?共聚合物，初級狀態,阿拉伯聯合大公國,出口總值(含復出口),20,16000
2020-08,39032000,苯乙烯－丙烯?共聚合物，初級狀態,阿根廷,出口總值(含復出口),19,14000
2020-08,39032000,苯乙烯－丙烯?共聚合物，初級狀態,俄羅斯,出口總值(含復出口),12,10000
2020-08,39032000,苯乙烯－丙烯?共聚合物，初級狀態,南非,出口總值(含復出口),47,38000
2020-08,39032000,苯乙烯－丙烯?共聚合物，初級狀態,南韓,進口總值(含復進口),27,10000
2020-08,39032000,苯乙烯－丙烯?共聚合物，初級狀態,突尼西亞,出口總值(含復出口),41,32000
2020-08,39032000,苯乙烯－丙烯?共聚合物，初級狀態,美國,進口總值(含復進口),88,97360
2020-08,39032000,苯乙烯－丙烯?共聚合物，初級狀態,美國,出口總值(含復出口),92,69300
2020-08,39032000,苯乙烯－丙烯?共聚合物，初級狀態,英國,出口總值(含復出口),3,2000
2020-08,39032000,苯乙烯－丙烯?共聚合物，初級狀態,香港,出口總值(含復出口),1162,863025
2020-08,39032000,苯乙烯－丙烯?共聚合物，初級狀態,埃及,出口總值(含復出口),113,94000
2020-08,39032000,苯乙烯－丙烯?共聚合物，初級狀態,泰國,進口總值(含復進口),48,40000
2020-08,39032000,苯乙烯－丙烯?共聚合物，初級狀態,泰國,出口總值(含復出口),424,309000
2020-08,39032000,苯乙烯－丙烯?共聚合物，初級狀態,烏茲別克,出口總值(含復出口),5,4000
2020-08,39032000,苯乙烯－丙烯?共聚合物，初級狀態,馬來西亞,出口總值(含復出口),216,166000
2020-08,39032000,苯乙烯－丙烯?共聚合物，初級狀態,荷蘭,出口總值(含復出口),83,66000
2020-08,39032000,苯乙烯－丙烯?共聚合物，初級狀態,斯洛維尼亞,出口總值(含復出口),92,72000
2020-08,39032000,苯乙烯－丙烯?共聚合物，初級狀態,菲律賓,出口總值(含復出口),32,25000
2020-08,39032000,苯乙烯－丙烯?共聚合物，初級狀態,越南,出口總值(含復出口),667,628300
2020-08,39032000,苯乙烯－丙烯?共聚合物，初級狀態,緬甸,出口總值(含復出口),36,27000
2020-08,39032000,苯乙烯－丙烯?共聚合物，初級狀態,墨西哥,出口總值(含復出口),123,84000
2020-08,39032000,苯乙烯－丙烯?共聚合物，初級狀態,澳大利亞,出口總值(含復出口),5,4000
2020-08,39039010,甲基丙烯酸甲酯－丁二烯－苯乙烯（ＭＢＳ）共聚合物，初級狀態,中國大陸,出口總值(含復出口),1355,674000
2020-08,39039010,甲基丙烯酸甲酯－丁二烯－苯乙烯（ＭＢＳ）共聚合物，初級狀態,中華民國,進口總值(含復進口),6,3000
2020-08,39039010,甲基丙烯酸甲酯－丁二烯－苯乙烯（ＭＢＳ）共聚合物，初級狀態,日本,進口總值(含復進口),347,133099
2020-08,39039010,甲基丙烯酸甲酯－丁二烯－苯乙烯（ＭＢＳ）共聚合物，初級狀態,日本,出口總值(含復出口),3,1000
2020-08,39039010,甲基丙烯酸甲酯－丁二烯－苯乙烯（ＭＢＳ）共聚合物，初級狀態,比利時,進口總值(含復進口),0,0
2020-08,39039010,甲基丙烯酸甲酯－丁二烯－苯乙烯（ＭＢＳ）共聚合物，初級狀態,比利時,出口總值(含復出口),112,59000
2020-08,39039010,甲基丙烯酸甲酯－丁二烯－苯乙烯（ＭＢＳ）共聚合物，初級狀態,加拿大,出口總值(含復出口),2,1000
2020-08,39039010,甲基丙烯酸甲酯－丁二烯－苯乙烯（ＭＢＳ）共聚合物，初級狀態,印度,出口總值(含復出口),16,10000
2020-08,39039010,甲基丙烯酸甲酯－丁二烯－苯乙烯（ＭＢＳ）共聚合物，初級狀態,波蘭,出口總值(含復出口),4,2000
2020-08,39039010,甲基丙烯酸甲酯－丁二烯－苯乙烯（ＭＢＳ）共聚合物，初級狀態,法國,出口總值(含復出口),7,3000
2020-08,39039010,甲基丙烯酸甲酯－丁二烯－苯乙烯（ＭＢＳ）共聚合物，初級狀態,俄羅斯,出口總值(含復出口),9,5000
2020-08,39039010,甲基丙烯酸甲酯－丁二烯－苯乙烯（ＭＢＳ）共聚合物，初級狀態,南非,出口總值(含復出口),25,14000
2020-08,39039010,甲基丙烯酸甲酯－丁二烯－苯乙烯（ＭＢＳ）共聚合物，初級狀態,南韓,進口總值(含復進口),68,35200
2020-08,39039010,甲基丙烯酸甲酯－丁二烯－苯乙烯（ＭＢＳ）共聚合物，初級狀態,南韓,出口總值(含復出口),137,98000
2020-08,39039010,甲基丙烯酸甲酯－丁二烯－苯乙烯（ＭＢＳ）共聚合物，初級狀態,美國,出口總值(含復出口),175,116000
2020-08,39039010,甲基丙烯酸甲酯－丁二烯－苯乙烯（ＭＢＳ）共聚合物，初級狀態,香港,出口總值(含復出口),32,11865
2020-08,39039010,甲基丙烯酸甲酯－丁二烯－苯乙烯（ＭＢＳ）共聚合物，初級狀態,泰國,出口總值(含復出口),6,4000
2020-08,39039010,甲基丙烯酸甲酯－丁二烯－苯乙烯（ＭＢＳ）共聚合物，初級狀態,馬來西亞,進口總值(含復進口),21,9600
2020-08,39039010,甲基丙烯酸甲酯－丁二烯－苯乙烯（ＭＢＳ）共聚合物，初級狀態,馬來西亞,出口總值(含復出口),45,26000
2020-08,39039010,甲基丙烯酸甲酯－丁二烯－苯乙烯（ＭＢＳ）共聚合物，初級狀態,荷蘭,出口總值(含復出口),25,14000
2020-08,39039010,甲基丙烯酸甲酯－丁二烯－苯乙烯（ＭＢＳ）共聚合物，初級狀態,菲律賓,出口總值(含復出口),19,9000
2020-08,39039010,甲基丙烯酸甲酯－丁二烯－苯乙烯（ＭＢＳ）共聚合物，初級狀態,越南,出口總值(含復出口),52,28000
2020-08,39039010,甲基丙烯酸甲酯－丁二烯－苯乙烯（ＭＢＳ）共聚合物，初級狀態,義大利,出口總值(含復出口),160,86000
2020-08,39039010,甲基丙烯酸甲酯－丁二烯－苯乙烯（ＭＢＳ）共聚合物，初級狀態,澳大利亞,出口總值(含復出口),19,10000
2020-08,39052100,醋酸乙烯共聚合物水性分散液,中國大陸,進口總值(含復進口),20,12000
2020-08,39052100,醋酸乙烯共聚合物水性分散液,中國大陸,出口總值(含復出口),2776,3598870
2020-08,39052100,醋酸乙烯共聚合物水性分散液,中華民國,進口總值(含復進口),13,13000
2020-08,39052100,醋酸乙烯共聚合物水性分散液,巴西,出口總值(含復出口),53,61000
2020-08,39052100,醋酸乙烯共聚合物水性分散液,巴基斯坦,出口總值(含復出口),106,140000
2020-08,39052100,醋酸乙烯共聚合物水性分散液,日本,進口總值(含復進口),5,570
2020-08,39052100,醋酸乙烯共聚合物水性分散液,日本,出口總值(含復出口),103,126550
2020-08,39052100,醋酸乙烯共聚合物水性分散液,瓜地馬拉,出口總值(含復出口),14,17600
2020-08,39052100,醋酸乙烯共聚合物水性分散液,印度,出口總值(含復出口),21,17600
2020-08,39052100,醋酸乙烯共聚合物水性分散液,阿拉伯聯合大公國,出口總值(含復出口),17,17600
2020-08,39052100,醋酸乙烯共聚合物水性分散液,阿根廷,出口總值(含復出口),16,20000
2020-08,39052100,醋酸乙烯共聚合物水性分散液,南韓,出口總值(含復出口),8,8800
2020-08,39052100,醋酸乙烯共聚合物水性分散液,美國,出口總值(含復出口),32,40850
2020-08,39052100,醋酸乙烯共聚合物水性分散液,香港,出口總值(含復出口),19,20000
2020-08,39052100,醋酸乙烯共聚合物水性分散液,埃及,出口總值(含復出口),15,17600
2020-08,39052100,醋酸乙烯共聚合物水性分散液,紐西蘭,出口總值(含復出口),32,40540
2020-08,39052100,醋酸乙烯共聚合物水性分散液,馬來西亞,進口總值(含復進口),30,24000
2020-08,39052100,醋酸乙烯共聚合物水性分散液,越南,出口總值(含復出口),91,107200
2020-08,39052100,醋酸乙烯共聚合物水性分散液,緬甸,出口總值(含復出口),19,20000
2020-08,39052100,醋酸乙烯共聚合物水性分散液,墨西哥,出口總值(含復出口),15,20980
2020-08,39052100,醋酸乙烯共聚合物水性分散液,澳大利亞,出口總值(含復出口),125,121720
2020-09,29161410,甲基丙烯酸甲酯,中國大陸,進口總值(含復進口),276,216000
2020-09,29161410,甲基丙烯酸甲酯,中國大陸,出口總值(含復出口),4823,3412126
2020-09,29161410,甲基丙烯酸甲酯,日本,進口總值(含復進口),734,611172
2020-09,29161410,甲基丙烯酸甲酯,日本,出口總值(含復出口),24,15200
2020-09,29161410,甲基丙烯酸甲酯,印尼,出口總值(含復出口),440,363280
2020-09,29161410,甲基丙烯酸甲酯,印度,出口總值(含復出口),1378,1182400
2020-09,29161410,甲基丙烯酸甲酯,沙烏地阿拉伯,進口總值(含復進口),1523,1246813
2020-09,29161410,甲基丙烯酸甲酯,法國,進口總值(含復進口),0,0
2020-09,29161410,甲基丙烯酸甲酯,南韓,進口總值(含復進口),95,60800
2020-09,29161410,甲基丙烯酸甲酯,美國,進口總值(含復進口),8,8
2020-09,29161410,甲基丙烯酸甲酯,英國,進口總值(含復進口),0,1
2020-09,29161410,甲基丙烯酸甲酯,泰國,進口總值(含復進口),1905,1520296
2020-09,29161410,甲基丙烯酸甲酯,泰國,出口總值(含復出口),63,45600
2020-09,29161410,甲基丙烯酸甲酯,秘魯,出口總值(含復出口),80,60800
2020-09,29161410,甲基丙烯酸甲酯,荷蘭,進口總值(含復進口),9,130
2020-09,29161410,甲基丙烯酸甲酯,菲律賓,出口總值(含復出口),599,473940
2020-09,29161410,甲基丙烯酸甲酯,越南,出口總值(含復出口),42,30400
2020-09,29161410,甲基丙烯酸甲酯,新加坡,進口總值(含復進口),348,274160
2020-09,29161410,甲基丙烯酸甲酯,德國,進口總值(含復進口),513,387924
2020-09,29173300,鄰苯二甲酸二壬酯或二癸酯,中國大陸,出口總值(含復出口),318,325000
2020-09,29173300,鄰苯二甲酸二壬酯或二癸酯,日本,進口總值(含復進口),0,0
2020-09,29173300,鄰苯二甲酸二壬酯或二癸酯,日本,出口總值(含復出口),238,238000
2020-09,29173300,鄰苯二甲酸二壬酯或二癸酯,加拿大,出口總值(含復出口),132,140000
2020-09,29173300,鄰苯二甲酸二壬酯或二癸酯,瓜地馬拉,出口總值(含復出口),94,105000
2020-09,29173300,鄰苯二甲酸二壬酯或二癸酯,印尼,出口總值(含復出口),83,80000
2020-09,29173300,鄰苯二甲酸二壬酯或二癸酯,俄羅斯,出口總值(含復出口),79,84000
2020-09,29173300,鄰苯二甲酸二壬酯或二癸酯,美國,進口總值(含復進口),0,0
2020-09,29173300,鄰苯二甲酸二壬酯或二癸酯,美國,出口總值(含復出口),670,725000
2020-09,29173300,鄰苯二甲酸二壬酯或二癸酯,英國,出口總值(含復出口),109,115000
2020-09,29173300,鄰苯二甲酸二壬酯或二癸酯,哥倫比亞,出口總值(含復出口),134,147000
2020-09,29173300,鄰苯二甲酸二壬酯或二癸酯,馬來西亞,進口總值(含復進口),165,190000
2020-09,29173300,鄰苯二甲酸二壬酯或二癸酯,馬來西亞,出口總值(含復出口),20,21000
2020-09,29173300,鄰苯二甲酸二壬酯或二癸酯,菲律賓,出口總值(含復出口),307,279000
2020-09,29173300,鄰苯二甲酸二壬酯或二癸酯,象牙海岸,出口總值(含復出口),350,389000
2020-09,29173300,鄰苯二甲酸二壬酯或二癸酯,越南,出口總值(含復出口),227,246000
2020-09,29173300,鄰苯二甲酸二壬酯或二癸酯,新加坡,出口總值(含復出口),35,20000
2020-09,29173300,鄰苯二甲酸二壬酯或二癸酯,德國,進口總值(含復進口),0,0
2020-09,29173300,鄰苯二甲酸二壬酯或二癸酯,德國,出口總值(含復出口),37,42000
2020-09,29321100,四氫?喃,中國大陸,出口總值(含復出口),2284,1919150
2020-09,29321100,四氫?喃,巴基斯坦,出口總值(含復出口),23,14400
2020-09,29321100,四氫?喃,日本,進口總值(含復進口),0,6
2020-09,29321100,四氫?喃,日本,出口總值(含復出口),15,7200
2020-09,29321100,四氫?喃,比利時,出口總值(含復出口),162,102510
2020-09,29321100,四氫?喃,印尼,出口總值(含復出口),25,14400
2020-09,29321100,四氫?喃,印度,出口總值(含復出口),978,644660
2020-09,29321100,四氫?喃,南韓,進口總值(含復進口),9,1388
2020-09,29321100,四氫?喃,南韓,出口總值(含復出口),881,718850
2020-09,29321100,四氫?喃,美國,進口總值(含復進口),7,432
2020-09,29321100,四氫?喃,美國,出口總值(含復出口),95,59440
2020-09,29321100,四氫?喃,英國,進口總值(含復進口),1,19
2020-09,29321100,四氫?喃,馬來西亞,進口總值(含復進口),31,14400
2020-09,29321100,四氫?喃,馬來西亞,出口總值(含復出口),92,57600
2020-09,29321100,四氫?喃,荷蘭,出口總值(含復出口),26,14400
2020-09,29321100,四氫?喃,越南,出口總值(含復出口),54,30600
2020-09,29321100,四氫?喃,新加坡,出口總值(含復出口),12,7200
2020-09,29321100,四氫?喃,德國,進口總值(含復進口),5,500
2020-09,39032000,苯乙烯－丙烯?共聚合物，初級狀態,中國大陸,出口總值(含復出口),11243,8704225
2020-09,39032000,苯乙烯－丙烯?共聚合物，初級狀態,厄瓜多,出口總值(含復出口),5,4000
2020-09,39032000,苯乙烯－丙烯?共聚合物，初級狀態,巴基斯坦,出口總值(含復出口),124,95000
2020-09,39032000,苯乙烯－丙烯?共聚合物，初級狀態,日本,進口總值(含復進口),80,18797
2020-09,39032000,苯乙烯－丙烯?共聚合物，初級狀態,日本,出口總值(含復出口),55,39159
2020-09,39032000,苯乙烯－丙烯?共聚合物，初級狀態,加拿大,出口總值(含復出口),29,24000
2020-09,39032000,苯乙烯－丙烯?共聚合物，初級狀態,印尼,出口總值(含復出口),330,256125
2020-09,39032000,苯乙烯－丙烯?共聚合物，初級狀態,孟加拉,出口總值(含復出口),25,20000
2020-09,39032000,苯乙烯－丙烯?共聚合物，初級狀態,波蘭,出口總值(含復出口),22,16000
2020-09,39032000,苯乙烯－丙烯?共聚合物，初級狀態,阿根廷,出口總值(含復出口),25,19000
2020-09,39032000,苯乙烯－丙烯?共聚合物，初級狀態,俄羅斯,出口總值(含復出口),11,8000
2020-09,39032000,苯乙烯－丙烯?共聚合物，初級狀態,南非,出口總值(含復出口),44,31000
2020-09,39032000,苯乙烯－丙烯?共聚合物，初級狀態,南韓,進口總值(含復進口),23,18000
2020-09,39032000,苯乙烯－丙烯?共聚合物，初級狀態,突尼西亞,出口總值(含復出口),76,64000
2020-09,39032000,苯乙烯－丙烯?共聚合物，初級狀態,美國,進口總值(含復進口),0,0
2020-09,39032000,苯乙烯－丙烯?共聚合物，初級狀態,美國,出口總值(含復出口),8,6000
2020-09,39032000,苯乙烯－丙烯?共聚合物，初級狀態,香港,出口總值(含復出口),1599,1156375
2020-09,39032000,苯乙烯－丙烯?共聚合物，初級狀態,哥倫比亞,出口總值(含復出口),10,7000
2020-09,39032000,苯乙烯－丙烯?共聚合物，初級狀態,埃及,出口總值(含復出口),95,75000
2020-09,39032000,苯乙烯－丙烯?共聚合物，初級狀態,泰國,出口總值(含復出口),625,476360
2020-09,39032000,苯乙烯－丙烯?共聚合物，初級狀態,馬來西亞,出口總值(含復出口),158,124000
2020-09,39032000,苯乙烯－丙烯?共聚合物，初級狀態,荷蘭,出口總值(含復出口),292,224000
2020-09,39032000,苯乙烯－丙烯?共聚合物，初級狀態,斯里蘭卡,出口總值(含復出口),14,11000
2020-09,39032000,苯乙烯－丙烯?共聚合物，初級狀態,斯洛維尼亞,出口總值(含復出口),48,36000
2020-09,39032000,苯乙烯－丙烯?共聚合物，初級狀態,菲律賓,出口總值(含復出口),26,20000
2020-09,39032000,苯乙烯－丙烯?共聚合物，初級狀態,越南,出口總值(含復出口),19,12200
2020-09,39032000,苯乙烯－丙烯?共聚合物，初級狀態,瑞士,出口總值(含復出口),12,9000
2020-09,39032000,苯乙烯－丙烯?共聚合物，初級狀態,德國,進口總值(含復進口),12,2750
2020-09,39032000,苯乙烯－丙烯?共聚合物，初級狀態,墨西哥,出口總值(含復出口),213,144000
2020-09,39032000,苯乙烯－丙烯?共聚合物，初級狀態,澳大利亞,出口總值(含復出口),2,2000
2020-09,39039010,甲基丙烯酸甲酯－丁二烯－苯乙烯（ＭＢＳ）共聚合物，初級狀態,中國大陸,出口總值(含復出口),1196,590000
2020-09,39039010,甲基丙烯酸甲酯－丁二烯－苯乙烯（ＭＢＳ）共聚合物，初級狀態,日本,進口總值(含復進口),225,94809
2020-09,39039010,甲基丙烯酸甲酯－丁二烯－苯乙烯（ＭＢＳ）共聚合物，初級狀態,日本,出口總值(含復出口),15,6000
2020-09,39039010,甲基丙烯酸甲酯－丁二烯－苯乙烯（ＭＢＳ）共聚合物，初級狀態,比利時,進口總值(含復進口),0,0
2020-09,39039010,甲基丙烯酸甲酯－丁二烯－苯乙烯（ＭＢＳ）共聚合物，初級狀態,比利時,出口總值(含復出口),2,1100
2020-09,39039010,甲基丙烯酸甲酯－丁二烯－苯乙烯（ＭＢＳ）共聚合物，初級狀態,立陶宛,出口總值(含復出口),17,11000
2020-09,39039010,甲基丙烯酸甲酯－丁二烯－苯乙烯（ＭＢＳ）共聚合物，初級狀態,印度,出口總值(含復出口),16,10000
2020-09,39039010,甲基丙烯酸甲酯－丁二烯－苯乙烯（ＭＢＳ）共聚合物，初級狀態,波蘭,出口總值(含復出口),4,2000
2020-09,39039010,甲基丙烯酸甲酯－丁二烯－苯乙烯（ＭＢＳ）共聚合物，初級狀態,肯亞,出口總值(含復出口),17,5000
2020-09,39039010,甲基丙烯酸甲酯－丁二烯－苯乙烯（ＭＢＳ）共聚合物，初級狀態,阿拉伯聯合大公國,出口總值(含復出口),13,8000
2020-09,39039010,甲基丙烯酸甲酯－丁二烯－苯乙烯（ＭＢＳ）共聚合物，初級狀態,俄羅斯,出口總值(含復出口),2,1000
2020-09,39039010,甲基丙烯酸甲酯－丁二烯－苯乙烯（ＭＢＳ）共聚合物，初級狀態,南非,出口總值(含復出口),26,14000
2020-09,39039010,甲基丙烯酸甲酯－丁二烯－苯乙烯（ＭＢＳ）共聚合物，初級狀態,南韓,進口總值(含復進口),78,40000
2020-09,39039010,甲基丙烯酸甲酯－丁二烯－苯乙烯（ＭＢＳ）共聚合物，初級狀態,美國,出口總值(含復出口),69,39000
2020-09,39039010,甲基丙烯酸甲酯－丁二烯－苯乙烯（ＭＢＳ）共聚合物，初級狀態,英國,出口總值(含復出口),147,80000
2020-09,39039010,甲基丙烯酸甲酯－丁二烯－苯乙烯（ＭＢＳ）共聚合物，初級狀態,香港,出口總值(含復出口),46,20500
2020-09,39039010,甲基丙烯酸甲酯－丁二烯－苯乙烯（ＭＢＳ）共聚合物，初級狀態,泰國,出口總值(含復出口),23,14400
2020-09,39039010,甲基丙烯酸甲酯－丁二烯－苯乙烯（ＭＢＳ）共聚合物，初級狀態,紐西蘭,出口總值(含復出口),9,4000
2020-09,39039010,甲基丙烯酸甲酯－丁二烯－苯乙烯（ＭＢＳ）共聚合物，初級狀態,馬來西亞,進口總值(含復進口),60,23400
2020-09,39039010,甲基丙烯酸甲酯－丁二烯－苯乙烯（ＭＢＳ）共聚合物，初級狀態,馬來西亞,出口總值(含復出口),43,27000
2020-09,39039010,甲基丙烯酸甲酯－丁二烯－苯乙烯（ＭＢＳ）共聚合物，初級狀態,荷蘭,出口總值(含復出口),49,26700
2020-09,39039010,甲基丙烯酸甲酯－丁二烯－苯乙烯（ＭＢＳ）共聚合物，初級狀態,菲律賓,出口總值(含復出口),44,23375
2020-09,39039010,甲基丙烯酸甲酯－丁二烯－苯乙烯（ＭＢＳ）共聚合物，初級狀態,越南,出口總值(含復出口),80,41000
2020-09,39039010,甲基丙烯酸甲酯－丁二烯－苯乙烯（ＭＢＳ）共聚合物，初級狀態,澳大利亞,出口總值(含復出口),3,2000
2020-09,39052100,醋酸乙烯共聚合物水性分散液,中國大陸,進口總值(含復進口),5,3300
2020-09,39052100,醋酸乙烯共聚合物水性分散液,中國大陸,出口總值(含復出口),3812,5047510
2020-09,39052100,醋酸乙烯共聚合物水性分散液,中華民國,進口總值(含復進口),29,39960
2020-09,39052100,醋酸乙烯共聚合物水性分散液,巴西,出口總值(含復出口),89,100800
2020-09,39052100,醋酸乙烯共聚合物水性分散液,巴基斯坦,出口總值(含復出口),317,420000
2020-09,39052100,醋酸乙烯共聚合物水性分散液,日本,出口總值(含復出口),35,35760
2020-09,39052100,醋酸乙烯共聚合物水性分散液,瓜地馬拉,出口總值(含復出口),14,17600
2020-09,39052100,醋酸乙烯共聚合物水性分散液,沙烏地阿拉伯,出口總值(含復出口),18,20000
2020-09,39052100,醋酸乙烯共聚合物水性分散液,孟加拉,出口總值(含復出口),4,4800
2020-09,39052100,醋酸乙烯共聚合物水性分散液,俄羅斯,出口總值(含復出口),22,20000
2020-09,39052100,醋酸乙烯共聚合物水性分散液,南韓,出口總值(含復出口),18,17600
2020-09,39052100,醋酸乙烯共聚合物水性分散液,美國,進口總值(含復進口),42,31900
2020-09,39052100,醋酸乙烯共聚合物水性分散液,美國,出口總值(含復出口),15,19800
2020-09,39052100,醋酸乙烯共聚合物水性分散液,秘魯,出口總值(含復出口),30,40550
2020-09,39052100,醋酸乙烯共聚合物水性分散液,紐西蘭,出口總值(含復出口),18,22170
2020-09,39052100,醋酸乙烯共聚合物水性分散液,馬來西亞,進口總值(含復進口),15,13000
2020-09,39052100,醋酸乙烯共聚合物水性分散液,智利,出口總值(含復出口),30,40780
2020-09,39052100,醋酸乙烯共聚合物水性分散液,越南,出口總值(含復出口),154,170520
2020-09,39052100,醋酸乙烯共聚合物水性分散液,新加坡,出口總值(含復出口),17,17600
2020-09,39052100,醋酸乙烯共聚合物水性分散液,模里西斯,出口總值(含復出口),13,17600
2020-09,39052100,醋酸乙烯共聚合物水性分散液,澳大利亞,出口總值(含復出口),53,63000
2020-10,29161410,甲基丙烯酸甲酯,中國大陸,進口總值(含復進口),98,73600
2020-10,29161410,甲基丙烯酸甲酯,中國大陸,出口總值(含復出口),1179,793464
2020-10,29161410,甲基丙烯酸甲酯,日本,進口總值(含復進口),2049,1547468
2020-10,29161410,甲基丙烯酸甲酯,印尼,出口總值(含復出口),366,288460
2020-10,29161410,甲基丙烯酸甲酯,印度,出口總值(含復出口),2993,2060930
2020-10,29161410,甲基丙烯酸甲酯,沙烏地阿拉伯,進口總值(含復進口),53,40000
2020-10,29161410,甲基丙烯酸甲酯,孟加拉,出口總值(含復出口),50,39500
2020-10,29161410,甲基丙烯酸甲酯,阿拉伯聯合大公國,出口總值(含復出口),43,11500
2020-10,29161410,甲基丙烯酸甲酯,美國,進口總值(含復進口),970,645628
2020-10,29161410,甲基丙烯酸甲酯,英國,進口總值(含復進口),0,1
2020-10,29161410,甲基丙烯酸甲酯,香港,出口總值(含復出口),16,544
2020-10,29161410,甲基丙烯酸甲酯,泰國,出口總值(含復出口),42,30400
2020-10,29161410,甲基丙烯酸甲酯,秘魯,出口總值(含復出口),92,60800
2020-10,29161410,甲基丙烯酸甲酯,馬來西亞,出口總值(含復出口),7,3750
2020-10,29161410,甲基丙烯酸甲酯,荷蘭,進口總值(含復進口),11,34
2020-10,29161410,甲基丙烯酸甲酯,菲律賓,出口總值(含復出口),386,273690
2020-10,29161410,甲基丙烯酸甲酯,越南,出口總值(含復出口),897,614270
2020-10,29161410,甲基丙烯酸甲酯,新加坡,進口總值(含復進口),348,274070
2020-10,29161410,甲基丙烯酸甲酯,德國,進口總值(含復進口),104,80210
2020-10,29161410,甲基丙烯酸甲酯,澳大利亞,出口總值(含復出口),22,15200
2020-10,29173300,鄰苯二甲酸二壬酯或二癸酯,中國大陸,進口總值(含復進口),392,393000
2020-10,29173300,鄰苯二甲酸二壬酯或二癸酯,中國大陸,出口總值(含復出口),556,614000
2020-10,29173300,鄰苯二甲酸二壬酯或二癸酯,巴西,出口總值(含復出口),429,449000
2020-10,29173300,鄰苯二甲酸二壬酯或二癸酯,日本,進口總值(含復進口),0,0
2020-10,29173300,鄰苯二甲酸二壬酯或二癸酯,日本,出口總值(含復出口),428,388000
2020-10,29173300,鄰苯二甲酸二壬酯或二癸酯,加拿大,進口總值(含復進口),0,0
2020-10,29173300,鄰苯二甲酸二壬酯或二癸酯,加拿大,出口總值(含復出口),357,380000
2020-10,29173300,鄰苯二甲酸二壬酯或二癸酯,印尼,出口總值(含復出口),24,20000
2020-10,29173300,鄰苯二甲酸二壬酯或二癸酯,阿拉伯聯合大公國,出口總值(含復出口),70,80000
2020-10,29173300,鄰苯二甲酸二壬酯或二癸酯,阿根廷,出口總值(含復出口),41,42000
2020-10,29173300,鄰苯二甲酸二壬酯或二癸酯,美國,進口總值(含復進口),0,0
2020-10,29173300,鄰苯二甲酸二壬酯或二癸酯,美國,出口總值(含復出口),711,723000
2020-10,29173300,鄰苯二甲酸二壬酯或二癸酯,英國,出口總值(含復出口),85,88000
2020-10,29173300,鄰苯二甲酸二壬酯或二癸酯,馬來西亞,出口總值(含復出口),234,248000
2020-10,29173300,鄰苯二甲酸二壬酯或二癸酯,菲律賓,出口總值(含復出口),189,184000
2020-10,29173300,鄰苯二甲酸二壬酯或二癸酯,象牙海岸,出口總值(含復出口),104,115000
2020-10,29173300,鄰苯二甲酸二壬酯或二癸酯,越南,出口總值(含復出口),255,263000
2020-10,29173300,鄰苯二甲酸二壬酯或二癸酯,德國,出口總值(含復出口),21,21000
2020-10,29173300,鄰苯二甲酸二壬酯或二癸酯,墨西哥,出口總值(含復出口),260,292000
2020-10,29173300,鄰苯二甲酸二壬酯或二癸酯,澳大利亞,出口總值(含復出口),21,21000
2020-10,29321100,四氫?喃,中國大陸,出口總值(含復出口),2199,1632710
2020-10,29321100,四氫?喃,日本,出口總值(含復出口),321,188670
2020-10,29321100,四氫?喃,比利時,出口總值(含復出口),135,81870
2020-10,29321100,四氫?喃,印尼,出口總值(含復出口),26,14400
2020-10,29321100,四氫?喃,印度,出口總值(含復出口),1255,815970
2020-10,29321100,四氫?喃,南韓,進口總值(含復進口),4,684
2020-10,29321100,四氫?喃,南韓,出口總值(含復出口),1084,809500
2020-10,29321100,四氫?喃,美國,進口總值(含復進口),9,1120
2020-10,29321100,四氫?喃,美國,出口總值(含復出口),55,28800
2020-10,29321100,四氫?喃,英國,進口總值(含復進口),2,26
2020-10,29321100,四氫?喃,英國,出口總值(含復出口),25,14400
2020-10,29321100,四氫?喃,荷蘭,進口總值(含復進口),4,3
2020-10,29321100,四氫?喃,越南,出口總值(含復出口),50,28800
2020-10,29321100,四氫?喃,德國,進口總值(含復進口),1,171
2020-10,39032000,苯乙烯－丙烯?共聚合物，初級狀態,中國大陸,進口總值(含復進口),183,65100
2020-10,39032000,苯乙烯－丙烯?共聚合物，初級狀態,中國大陸,出口總值(含復出口),18542,13481601
2020-10,39032000,苯乙烯－丙烯?共聚合物，初級狀態,厄瓜多,出口總值(含復出口),3,2000
2020-10,39032000,苯乙烯－丙烯?共聚合物，初級狀態,巴西,出口總值(含復出口),68,45000
2020-10,39032000,苯乙烯－丙烯?共聚合物，初級狀態,巴基斯坦,出口總值(含復出口),160,113000
2020-10,39032000,苯乙烯－丙烯?共聚合物，初級狀態,日本,進口總值(含復進口),127,42927
2020-10,39032000,苯乙烯－丙烯?共聚合物，初級狀態,日本,出口總值(含復出口),133,95100
2020-10,39032000,苯乙烯－丙烯?共聚合物，初級狀態,比利時,出口總值(含復出口),11,8000
2020-10,39032000,苯乙烯－丙烯?共聚合物，初級狀態,印尼,出口總值(含復出口),393,284500
2020-10,39032000,苯乙烯－丙烯?共聚合物，初級狀態,孟加拉,出口總值(含復出口),29,20000
2020-10,39032000,苯乙烯－丙烯?共聚合物，初級狀態,波蘭,出口總值(含復出口),82,54000
2020-10,39032000,苯乙烯－丙烯?共聚合物，初級狀態,阿根廷,出口總值(含復出口),28,22000
2020-10,39032000,苯乙烯－丙烯?共聚合物，初級狀態,俄羅斯,出口總值(含復出口),5,4000
2020-10,39032000,苯乙烯－丙烯?共聚合物，初級狀態,南非,出口總值(含復出口),6,4000
2020-10,39032000,苯乙烯－丙烯?共聚合物，初級狀態,南韓,進口總值(含復進口),42,32000
2020-10,39032000,苯乙烯－丙烯?共聚合物，初級狀態,美國,出口總值(含復出口),198,141700
2020-10,39032000,苯乙烯－丙烯?共聚合物，初級狀態,香港,出口總值(含復出口),2239,1609025
2020-10,39032000,苯乙烯－丙烯?共聚合物，初級狀態,哥倫比亞,出口總值(含復出口),25,18000
2020-10,39032000,苯乙烯－丙烯?共聚合物，初級狀態,泰國,進口總值(含復進口),21,12000
2020-10,39032000,苯乙烯－丙烯?共聚合物，初級狀態,泰國,出口總值(含復出口),663,439000
2020-10,39032000,苯乙烯－丙烯?共聚合物，初級狀態,馬來西亞,出口總值(含復出口),125,89000
2020-10,39032000,苯乙烯－丙烯?共聚合物，初級狀態,荷蘭,出口總值(含復出口),280,204000
2020-10,39032000,苯乙烯－丙烯?共聚合物，初級狀態,斯里蘭卡,出口總值(含復出口),9,5000
2020-10,39032000,苯乙烯－丙烯?共聚合物，初級狀態,斯洛維尼亞,出口總值(含復出口),44,31000
2020-10,39032000,苯乙烯－丙烯?共聚合物，初級狀態,菲律賓,出口總值(含復出口),28,20000
2020-10,39032000,苯乙烯－丙烯?共聚合物，初級狀態,越南,出口總值(含復出口),72,47000
2020-10,39032000,苯乙烯－丙烯?共聚合物，初級狀態,義大利,出口總值(含復出口),6,4000
2020-10,39032000,苯乙烯－丙烯?共聚合物，初級狀態,墨西哥,出口總值(含復出口),207,141000
2020-10,39039010,甲基丙烯酸甲酯－丁二烯－苯乙烯（ＭＢＳ）共聚合物，初級狀態,中國大陸,出口總值(含復出口),1670,804050
2020-10,39039010,甲基丙烯酸甲酯－丁二烯－苯乙烯（ＭＢＳ）共聚合物，初級狀態,日本,進口總值(含復進口),258,100840
2020-10,39039010,甲基丙烯酸甲酯－丁二烯－苯乙烯（ＭＢＳ）共聚合物，初級狀態,日本,出口總值(含復出口),15,6000
2020-10,39039010,甲基丙烯酸甲酯－丁二烯－苯乙烯（ＭＢＳ）共聚合物，初級狀態,比利時,出口總值(含復出口),108,58000
2020-10,39039010,甲基丙烯酸甲酯－丁二烯－苯乙烯（ＭＢＳ）共聚合物，初級狀態,沙烏地阿拉伯,出口總值(含復出口),26,16000
2020-10,39039010,甲基丙烯酸甲酯－丁二烯－苯乙烯（ＭＢＳ）共聚合物，初級狀態,波蘭,出口總值(含復出口),6,3000
2020-10,39039010,甲基丙烯酸甲酯－丁二烯－苯乙烯（ＭＢＳ）共聚合物，初級狀態,法國,出口總值(含復出口),35,18000
2020-10,39039010,甲基丙烯酸甲酯－丁二烯－苯乙烯（ＭＢＳ）共聚合物，初級狀態,南非,出口總值(含復出口),6,3000
2020-10,39039010,甲基丙烯酸甲酯－丁二烯－苯乙烯（ＭＢＳ）共聚合物，初級狀態,南韓,進口總值(含復進口),17,9600
2020-10,39039010,甲基丙烯酸甲酯－丁二烯－苯乙烯（ＭＢＳ）共聚合物，初級狀態,哈薩克,出口總值(含復出口),13,6500
2020-10,39039010,甲基丙烯酸甲酯－丁二烯－苯乙烯（ＭＢＳ）共聚合物，初級狀態,美國,出口總值(含復出口),53,29000
2020-10,39039010,甲基丙烯酸甲酯－丁二烯－苯乙烯（ＭＢＳ）共聚合物，初級狀態,英國,出口總值(含復出口),31,16000
2020-10,39039010,甲基丙烯酸甲酯－丁二烯－苯乙烯（ＭＢＳ）共聚合物，初級狀態,香港,出口總值(含復出口),9,4250
2020-10,39039010,甲基丙烯酸甲酯－丁二烯－苯乙烯（ＭＢＳ）共聚合物，初級狀態,泰國,進口總值(含復進口),3,500
2020-10,39039010,甲基丙烯酸甲酯－丁二烯－苯乙烯（ＭＢＳ）共聚合物，初級狀態,泰國,出口總值(含復出口),31,16800
2020-10,39039010,甲基丙烯酸甲酯－丁二烯－苯乙烯（ＭＢＳ）共聚合物，初級狀態,紐西蘭,出口總值(含復出口),9,4000
2020-10,39039010,甲基丙烯酸甲酯－丁二烯－苯乙烯（ＭＢＳ）共聚合物，初級狀態,馬來西亞,進口總值(含復進口),23,9600
2020-10,39039010,甲基丙烯酸甲酯－丁二烯－苯乙烯（ＭＢＳ）共聚合物，初級狀態,馬來西亞,出口總值(含復出口),83,49000
2020-10,39039010,甲基丙烯酸甲酯－丁二烯－苯乙烯（ＭＢＳ）共聚合物，初級狀態,荷蘭,出口總值(含復出口),28,14200
2020-10,39039010,甲基丙烯酸甲酯－丁二烯－苯乙烯（ＭＢＳ）共聚合物，初級狀態,斯里蘭卡,出口總值(含復出口),27,10000
2020-10,39039010,甲基丙烯酸甲酯－丁二烯－苯乙烯（ＭＢＳ）共聚合物，初級狀態,菲律賓,出口總值(含復出口),2,1000
2020-10,39039010,甲基丙烯酸甲酯－丁二烯－苯乙烯（ＭＢＳ）共聚合物，初級狀態,越南,出口總值(含復出口),107,57000
2020-10,39039010,甲基丙烯酸甲酯－丁二烯－苯乙烯（ＭＢＳ）共聚合物，初級狀態,新加坡,進口總值(含復進口),12,3000
2020-10,39039010,甲基丙烯酸甲酯－丁二烯－苯乙烯（ＭＢＳ）共聚合物，初級狀態,瑞典,出口總值(含復出口),6,3000
2020-10,39039010,甲基丙烯酸甲酯－丁二烯－苯乙烯（ＭＢＳ）共聚合物，初級狀態,義大利,出口總值(含復出口),112,59000
2020-10,39039010,甲基丙烯酸甲酯－丁二烯－苯乙烯（ＭＢＳ）共聚合物，初級狀態,澳大利亞,出口總值(含復出口),2,1000
2020-10,39052100,醋酸乙烯共聚合物水性分散液,中國大陸,進口總值(含復進口),27,16800
2020-10,39052100,醋酸乙烯共聚合物水性分散液,中國大陸,出口總值(含復出口),4037,5301640
2020-10,39052100,醋酸乙烯共聚合物水性分散液,巴西,出口總值(含復出口),38,40970
2020-10,39052100,醋酸乙烯共聚合物水性分散液,巴基斯坦,出口總值(含復出口),120,160000
2020-10,39052100,醋酸乙烯共聚合物水性分散液,日本,進口總值(含復進口),11,1160
2020-10,39052100,醋酸乙烯共聚合物水性分散液,日本,出口總值(含復出口),54,54000
2020-10,39052100,醋酸乙烯共聚合物水性分散液,印度,出口總值(含復出口),19,17600
2020-10,39052100,醋酸乙烯共聚合物水性分散液,波多黎各,出口總值(含復出口),27,20780
2020-10,39052100,醋酸乙烯共聚合物水性分散液,阿拉伯聯合大公國,出口總值(含復出口),16,19960
2020-10,39052100,醋酸乙烯共聚合物水性分散液,南韓,出口總值(含復出口),10,8800
2020-10,39052100,醋酸乙烯共聚合物水性分散液,美國,出口總值(含復出口),19,19800
2020-10,39052100,醋酸乙烯共聚合物水性分散液,埃及,出口總值(含復出口),37,35200
2020-10,39052100,醋酸乙烯共聚合物水性分散液,紐西蘭,出口總值(含復出口),31,39550
2020-10,39052100,醋酸乙烯共聚合物水性分散液,馬來西亞,進口總值(含復進口),27,21400
2020-10,39052100,醋酸乙烯共聚合物水性分散液,越南,出口總值(含復出口),136,150400
2020-10,39052100,醋酸乙烯共聚合物水性分散液,墨西哥,出口總值(含復出口),48,62600
2020-10,39052100,醋酸乙烯共聚合物水性分散液,澳大利亞,出口總值(含復出口),131,149540
2020-11,29161410,甲基丙烯酸甲酯,中國大陸,進口總值(含復進口),12,7606
2020-11,29161410,甲基丙烯酸甲酯,中國大陸,出口總值(含復出口),3769,2384990
2020-11,29161410,甲基丙烯酸甲酯,日本,進口總值(含復進口),884,658120
2020-11,29161410,甲基丙烯酸甲酯,日本,出口總值(含復出口),25,15200
2020-11,29161410,甲基丙烯酸甲酯,印度,出口總值(含復出口),672,422560
2020-11,29161410,甲基丙烯酸甲酯,沙烏地阿拉伯,進口總值(含復進口),2097,1534691
2020-11,29161410,甲基丙烯酸甲酯,法國,進口總值(含復進口),0,0
2020-11,29161410,甲基丙烯酸甲酯,英國,進口總值(含復進口),4,222
2020-11,29161410,甲基丙烯酸甲酯,香港,出口總值(含復出口),26,15200
2020-11,29161410,甲基丙烯酸甲酯,泰國,進口總值(含復進口),3768,2526349
2020-11,29161410,甲基丙烯酸甲酯,泰國,出口總值(含復出口),46,30400
2020-11,29161410,甲基丙烯酸甲酯,馬來西亞,出口總值(含復出口),157,99400
2020-11,29161410,甲基丙烯酸甲酯,菲律賓,出口總值(含復出口),546,362590
2020-11,29161410,甲基丙烯酸甲酯,越南,出口總值(含復出口),394,257610
2020-11,29161410,甲基丙烯酸甲酯,新加坡,進口總值(含復進口),401,293490
2020-11,29161410,甲基丙烯酸甲酯,德國,進口總值(含復進口),164,108460
2020-11,29173300,鄰苯二甲酸二壬酯或二癸酯,中國大陸,進口總值(含復進口),311,327000
2020-11,29173300,鄰苯二甲酸二壬酯或二癸酯,中國大陸,出口總值(含復出口),1939,1961000
2020-11,29173300,鄰苯二甲酸二壬酯或二癸酯,巴西,出口總值(含復出口),324,298000
2020-11,29173300,鄰苯二甲酸二壬酯或二癸酯,日本,進口總值(含復進口),0,0
2020-11,29173300,鄰苯二甲酸二壬酯或二癸酯,日本,出口總值(含復出口),291,259000
2020-11,29173300,鄰苯二甲酸二壬酯或二癸酯,加拿大,進口總值(含復進口),0,0
2020-11,29173300,鄰苯二甲酸二壬酯或二癸酯,加拿大,出口總值(含復出口),38,40000
2020-11,29173300,鄰苯二甲酸二壬酯或二癸酯,印尼,出口總值(含復出口),125,115000
2020-11,29173300,鄰苯二甲酸二壬酯或二癸酯,印度,出口總值(含復出口),111,119000
2020-11,29173300,鄰苯二甲酸二壬酯或二癸酯,阿拉伯聯合大公國,出口總值(含復出口),120,116000
2020-11,29173300,鄰苯二甲酸二壬酯或二癸酯,美國,進口總值(含復進口),0,0
2020-11,29173300,鄰苯二甲酸二壬酯或二癸酯,美國,出口總值(含復出口),233,223000
2020-11,29173300,鄰苯二甲酸二壬酯或二癸酯,哥倫比亞,出口總值(含復出口),89,84000
2020-11,29173300,鄰苯二甲酸二壬酯或二癸酯,馬來西亞,出口總值(含復出口),278,274000
2020-11,29173300,鄰苯二甲酸二壬酯或二癸酯,荷蘭,進口總值(含復進口),0,0
2020-11,29173300,鄰苯二甲酸二壬酯或二癸酯,斯里蘭卡,出口總值(含復出口),19,20000
2020-11,29173300,鄰苯二甲酸二壬酯或二癸酯,菲律賓,出口總值(含復出口),154,144000
2020-11,29173300,鄰苯二甲酸二壬酯或二癸酯,越南,出口總值(含復出口),212,202000
2020-11,29173300,鄰苯二甲酸二壬酯或二癸酯,德國,進口總值(含復進口),0,0
2020-11,29173300,鄰苯二甲酸二壬酯或二癸酯,墨西哥,出口總值(含復出口),156,145000
2020-11,29173300,鄰苯二甲酸二壬酯或二癸酯,澳大利亞,出口總值(含復出口),20,21000
2020-11,29321100,四氫?喃,中國大陸,出口總值(含復出口),2245,1366560
2020-11,29321100,四氫?喃,日本,進口總值(含復進口),0,1
2020-11,29321100,四氫?喃,日本,出口總值(含復出口),279,156980
2020-11,29321100,四氫?喃,比利時,出口總值(含復出口),175,99460
2020-11,29321100,四氫?喃,加拿大,出口總值(含復出口),29,14400
2020-11,29321100,四氫?喃,印尼,出口總值(含復出口),28,14400
2020-11,29321100,四氫?喃,印度,出口總值(含復出口),1662,1080680
2020-11,29321100,四氫?喃,法國,進口總值(含復進口),0,1
2020-11,29321100,四氫?喃,南韓,進口總值(含復進口),5,567
2020-11,29321100,四氫?喃,南韓,出口總值(含復出口),1194,729410
2020-11,29321100,四氫?喃,約旦,出口總值(含復出口),0,360
2020-11,29321100,四氫?喃,美國,進口總值(含復進口),340,5111
2020-11,29321100,四氫?喃,美國,出口總值(含復出口),29,14400
2020-11,29321100,四氫?喃,英國,進口總值(含復進口),1,18
2020-11,29321100,四氫?喃,英國,出口總值(含復出口),27,14400
2020-11,29321100,四氫?喃,泰國,出口總值(含復出口),25,14400
2020-11,29321100,四氫?喃,馬來西亞,出口總值(含復出口),100,57600
2020-11,29321100,四氫?喃,荷蘭,出口總值(含復出口),54,28800
2020-11,29321100,四氫?喃,菲律賓,出口總值(含復出口),26,14400
2020-11,29321100,四氫?喃,越南,出口總值(含復出口),877,529500
2020-11,29321100,四氫?喃,義大利,進口總值(含復進口),24,79
2020-11,29321100,四氫?喃,德國,進口總值(含復進口),16,1410
2020-11,39032000,苯乙烯－丙烯?共聚合物，初級狀態,中國大陸,進口總值(含復進口),175,88000
2020-11,39032000,苯乙烯－丙烯?共聚合物，初級狀態,中國大陸,出口總值(含復出口),14252,9514011
2020-11,39032000,苯乙烯－丙烯?共聚合物，初級狀態,丹麥,出口總值(含復出口),1,400
2020-11,39032000,苯乙烯－丙烯?共聚合物，初級狀態,巴基斯坦,出口總值(含復出口),182,123000
2020-11,39032000,苯乙烯－丙烯?共聚合物，初級狀態,日本,進口總值(含復進口),178,92559
2020-11,39032000,苯乙烯－丙烯?共聚合物，初級狀態,日本,出口總值(含復出口),75,50500
2020-11,39032000,苯乙烯－丙烯?共聚合物，初級狀態,比利時,出口總值(含復出口),8,5000
2020-11,39032000,苯乙烯－丙烯?共聚合物，初級狀態,加拿大,出口總值(含復出口),34,24000
2020-11,39032000,苯乙烯－丙烯?共聚合物，初級狀態,印尼,出口總值(含復出口),280,193000
2020-11,39032000,苯乙烯－丙烯?共聚合物，初級狀態,孟加拉,出口總值(含復出口),102,60000
2020-11,39032000,苯乙烯－丙烯?共聚合物，初級狀態,波蘭,出口總值(含復出口),40,25000
2020-11,39032000,苯乙烯－丙烯?共聚合物，初級狀態,阿拉伯聯合大公國,出口總值(含復出口),7,5000
2020-11,39032000,苯乙烯－丙烯?共聚合物，初級狀態,阿根廷,出口總值(含復出口),19,14000
2020-11,39032000,苯乙烯－丙烯?共聚合物，初級狀態,南非,出口總值(含復出口),8,5000
2020-11,39032000,苯乙烯－丙烯?共聚合物，初級狀態,南韓,進口總值(含復進口),5,3000
2020-11,39032000,苯乙烯－丙烯?共聚合物，初級狀態,突尼西亞,出口總值(含復出口),22,15000
2020-11,39032000,苯乙烯－丙烯?共聚合物，初級狀態,美國,進口總值(含復進口),24,24340
2020-11,39032000,苯乙烯－丙烯?共聚合物，初級狀態,美國,出口總值(含復出口),244,180000
2020-11,39032000,苯乙烯－丙烯?共聚合物，初級狀態,英國,進口總值(含復進口),17,4125
2020-11,39032000,苯乙烯－丙烯?共聚合物，初級狀態,香港,出口總值(含復出口),1308,865310
2020-11,39032000,苯乙烯－丙烯?共聚合物，初級狀態,哥倫比亞,出口總值(含復出口),42,25000
2020-11,39032000,苯乙烯－丙烯?共聚合物，初級狀態,埃及,出口總值(含復出口),68,48000
2020-11,39032000,苯乙烯－丙烯?共聚合物，初級狀態,泰國,出口總值(含復出口),642,418000
2020-11,39032000,苯乙烯－丙烯?共聚合物，初級狀態,馬來西亞,出口總值(含復出口),119,77000
2020-11,39032000,苯乙烯－丙烯?共聚合物，初級狀態,荷蘭,出口總值(含復出口),118,84000
2020-11,39032000,苯乙烯－丙烯?共聚合物，初級狀態,斯里蘭卡,出口總值(含復出口),45,30000
2020-11,39032000,苯乙烯－丙烯?共聚合物，初級狀態,斯洛維尼亞,出口總值(含復出口),25,18000
2020-11,39032000,苯乙烯－丙烯?共聚合物，初級狀態,菲律賓,出口總值(含復出口),29,20000
2020-11,39032000,苯乙烯－丙烯?共聚合物，初級狀態,越南,出口總值(含復出口),89,60000
2020-11,39032000,苯乙烯－丙烯?共聚合物，初級狀態,德國,出口總值(含復出口),6,1000
2020-11,39032000,苯乙烯－丙烯?共聚合物，初級狀態,墨西哥,出口總值(含復出口),137,86000
2020-11,39039010,甲基丙烯酸甲酯－丁二烯－苯乙烯（ＭＢＳ）共聚合物，初級狀態,中國大陸,出口總值(含復出口),1203,575050
2020-11,39039010,甲基丙烯酸甲酯－丁二烯－苯乙烯（ＭＢＳ）共聚合物，初級狀態,厄瓜多,出口總值(含復出口),2,1000
2020-11,39039010,甲基丙烯酸甲酯－丁二烯－苯乙烯（ＭＢＳ）共聚合物，初級狀態,日本,進口總值(含復進口),277,171640
2020-11,39039010,甲基丙烯酸甲酯－丁二烯－苯乙烯（ＭＢＳ）共聚合物，初級狀態,日本,出口總值(含復出口),31,13000
2020-11,39039010,甲基丙烯酸甲酯－丁二烯－苯乙烯（ＭＢＳ）共聚合物，初級狀態,比利時,出口總值(含復出口),183,94000
2020-11,39039010,甲基丙烯酸甲酯－丁二烯－苯乙烯（ＭＢＳ）共聚合物，初級狀態,加拿大,出口總值(含復出口),44,21000
2020-11,39039010,甲基丙烯酸甲酯－丁二烯－苯乙烯（ＭＢＳ）共聚合物，初級狀態,波蘭,出口總值(含復出口),9,4000
2020-11,39039010,甲基丙烯酸甲酯－丁二烯－苯乙烯（ＭＢＳ）共聚合物，初級狀態,南韓,進口總值(含復進口),65,34000
2020-11,39039010,甲基丙烯酸甲酯－丁二烯－苯乙烯（ＭＢＳ）共聚合物，初級狀態,南韓,出口總值(含復出口),20,9000
2020-11,39039010,甲基丙烯酸甲酯－丁二烯－苯乙烯（ＭＢＳ）共聚合物，初級狀態,美國,出口總值(含復出口),155,77000
2020-11,39039010,甲基丙烯酸甲酯－丁二烯－苯乙烯（ＭＢＳ）共聚合物，初級狀態,香港,出口總值(含復出口),13,5000
2020-11,39039010,甲基丙烯酸甲酯－丁二烯－苯乙烯（ＭＢＳ）共聚合物，初級狀態,埃及,出口總值(含復出口),16,8000
2020-11,39039010,甲基丙烯酸甲酯－丁二烯－苯乙烯（ＭＢＳ）共聚合物，初級狀態,泰國,出口總值(含復出口),32,18800
2020-11,39039010,甲基丙烯酸甲酯－丁二烯－苯乙烯（ＭＢＳ）共聚合物，初級狀態,馬來西亞,進口總值(含復進口),68,24600
2020-11,39039010,甲基丙烯酸甲酯－丁二烯－苯乙烯（ＭＢＳ）共聚合物，初級狀態,馬來西亞,出口總值(含復出口),82,46000
2020-11,39039010,甲基丙烯酸甲酯－丁二烯－苯乙烯（ＭＢＳ）共聚合物，初級狀態,荷蘭,出口總值(含復出口),85,43000
2020-11,39039010,甲基丙烯酸甲酯－丁二烯－苯乙烯（ＭＢＳ）共聚合物，初級狀態,斯里蘭卡,出口總值(含復出口),14,4000
2020-11,39039010,甲基丙烯酸甲酯－丁二烯－苯乙烯（ＭＢＳ）共聚合物，初級狀態,菲律賓,出口總值(含復出口),3,1500
2020-11,39039010,甲基丙烯酸甲酯－丁二烯－苯乙烯（ＭＢＳ）共聚合物，初級狀態,越南,出口總值(含復出口),41,19000
2020-11,39039010,甲基丙烯酸甲酯－丁二烯－苯乙烯（ＭＢＳ）共聚合物，初級狀態,新加坡,進口總值(含復進口),20,5000
2020-11,39039010,甲基丙烯酸甲酯－丁二烯－苯乙烯（ＭＢＳ）共聚合物，初級狀態,瑞典,出口總值(含復出口),8,4000
2020-11,39039010,甲基丙烯酸甲酯－丁二烯－苯乙烯（ＭＢＳ）共聚合物，初級狀態,義大利,出口總值(含復出口),81,41000
2020-11,39039010,甲基丙烯酸甲酯－丁二烯－苯乙烯（ＭＢＳ）共聚合物，初級狀態,澳大利亞,出口總值(含復出口),22,10000
2020-11,39052100,醋酸乙烯共聚合物水性分散液,土耳其,出口總值(含復出口),24,19800
2020-11,39052100,醋酸乙烯共聚合物水性分散液,中國大陸,出口總值(含復出口),4136,5310090
2020-11,39052100,醋酸乙烯共聚合物水性分散液,巴西,出口總值(含復出口),40,40000
2020-11,39052100,醋酸乙烯共聚合物水性分散液,巴基斯坦,出口總值(含復出口),259,340000
2020-11,39052100,醋酸乙烯共聚合物水性分散液,日本,進口總值(含復進口),5,590
2020-11,39052100,醋酸乙烯共聚合物水性分散液,日本,出口總值(含復出口),70,64470
2020-11,39052100,醋酸乙烯共聚合物水性分散液,瓜地馬拉,出口總值(含復出口),33,35200
2020-11,39052100,醋酸乙烯共聚合物水性分散液,沙烏地阿拉伯,出口總值(含復出口),18,20000
2020-11,39052100,醋酸乙烯共聚合物水性分散液,俄羅斯,出口總值(含復出口),61,48000
2020-11,39052100,醋酸乙烯共聚合物水性分散液,南韓,出口總值(含復出口),8,8800
2020-11,39052100,醋酸乙烯共聚合物水性分散液,美國,出口總值(含復出口),32,40540
2020-11,39052100,醋酸乙烯共聚合物水性分散液,哥斯大黎加,出口總值(含復出口),14,17600
2020-11,39052100,醋酸乙烯共聚合物水性分散液,埃及,出口總值(含復出口),50,52000
2020-11,39052100,醋酸乙烯共聚合物水性分散液,泰國,出口總值(含復出口),9,5040
2020-11,39052100,醋酸乙烯共聚合物水性分散液,紐西蘭,出口總值(含復出口),29,39160
2020-11,39052100,醋酸乙烯共聚合物水性分散液,馬來西亞,進口總值(含復進口),31,24600
2020-11,39052100,醋酸乙烯共聚合物水性分散液,越南,出口總值(含復出口),78,83800
2020-11,39052100,醋酸乙烯共聚合物水性分散液,德國,進口總值(含復進口),2,300
2020-11,39052100,醋酸乙烯共聚合物水性分散液,墨西哥,出口總值(含復出口),20,17600
2020-11,39052100,醋酸乙烯共聚合物水性分散液,澳大利亞,出口總值(含復出口),78,91370
2020-12,29161410,甲基丙烯酸甲酯,中國大陸,進口總值(含復進口),293,176000
2020-12,29161410,甲基丙烯酸甲酯,中國大陸,出口總值(含復出口),883,500481
2020-12,29161410,甲基丙烯酸甲酯,日本,進口總值(含復進口),4468,3009462
2020-12,29161410,甲基丙烯酸甲酯,印尼,出口總值(含復出口),188,118140
2020-12,29161410,甲基丙烯酸甲酯,印度,出口總值(含復出口),404,223880
2020-12,29161410,甲基丙烯酸甲酯,美國,進口總值(含復進口),0,10
2020-12,29161410,甲基丙烯酸甲酯,英國,進口總值(含復進口),1,13
2020-12,29161410,甲基丙烯酸甲酯,泰國,出口總值(含復出口),50,30400
2020-12,29161410,甲基丙烯酸甲酯,馬來西亞,出口總值(含復出口),243,145280
2020-12,29161410,甲基丙烯酸甲酯,荷蘭,進口總值(含復進口),6,56
2020-12,29161410,甲基丙烯酸甲酯,菲律賓,出口總值(含復出口),176,111250
2020-12,29161410,甲基丙烯酸甲酯,越南,出口總值(含復出口),804,498480
2020-12,29161410,甲基丙烯酸甲酯,新加坡,進口總值(含復進口),340,235060
2020-12,29161410,甲基丙烯酸甲酯,德國,進口總值(含復進口),115,66590
2020-12,29173300,鄰苯二甲酸二壬酯或二癸酯,中國大陸,出口總值(含復出口),2521,1966000
2020-12,29173300,鄰苯二甲酸二壬酯或二癸酯,巴西,出口總值(含復出口),79,74000
2020-12,29173300,鄰苯二甲酸二壬酯或二癸酯,日本,出口總值(含復出口),270,196000
2020-12,29173300,鄰苯二甲酸二壬酯或二癸酯,印尼,出口總值(含復出口),191,166000
2020-12,29173300,鄰苯二甲酸二壬酯或二癸酯,印度,出口總值(含復出口),223,203000
2020-12,29173300,鄰苯二甲酸二壬酯或二癸酯,阿根廷,出口總值(含復出口),68,62000
2020-12,29173300,鄰苯二甲酸二壬酯或二癸酯,阿曼,出口總值(含復出口),86,84000
2020-12,29173300,鄰苯二甲酸二壬酯或二癸酯,俄羅斯,出口總值(含復出口),180,168000
2020-12,29173300,鄰苯二甲酸二壬酯或二癸酯,美國,出口總值(含復出口),689,601000
2020-12,29173300,鄰苯二甲酸二壬酯或二癸酯,香港,出口總值(含復出口),26,21000
2020-12,29173300,鄰苯二甲酸二壬酯或二癸酯,哥倫比亞,出口總值(含復出口),45,42000
2020-12,29173300,鄰苯二甲酸二壬酯或二癸酯,馬來西亞,進口總值(含復進口),216,210000
2020-12,29173300,鄰苯二甲酸二壬酯或二癸酯,馬來西亞,出口總值(含復出口),415,319000
2020-12,29173300,鄰苯二甲酸二壬酯或二癸酯,斯里蘭卡,出口總值(含復出口),22,20000
2020-12,29173300,鄰苯二甲酸二壬酯或二癸酯,菲律賓,出口總值(含復出口),80,60000
2020-12,29173300,鄰苯二甲酸二壬酯或二癸酯,越南,出口總值(含復出口),636,525000
2020-12,29173300,鄰苯二甲酸二壬酯或二癸酯,新加坡,出口總值(含復出口),31,16000
2020-12,29173300,鄰苯二甲酸二壬酯或二癸酯,墨西哥,出口總值(含復出口),45,42000
2020-12,29173300,鄰苯二甲酸二壬酯或二癸酯,澳大利亞,出口總值(含復出口),48,39000
2020-12,29321100,四氫?喃,中國大陸,進口總值(含復進口),0,8
2020-12,29321100,四氫?喃,中國大陸,出口總值(含復出口),3050,1575230
2020-12,29321100,四氫?喃,日本,進口總值(含復進口),0,15
2020-12,29321100,四氫?喃,日本,出口總值(含復出口),234,135580
2020-12,29321100,四氫?喃,比利時,出口總值(含復出口),236,99320
2020-12,29321100,四氫?喃,印度,出口總值(含復出口),1790,915670
2020-12,29321100,四氫?喃,波蘭,進口總值(含復進口),7,484
2020-12,29321100,四氫?喃,阿拉伯聯合大公國,出口總值(含復出口),729,374400
2020-12,29321100,四氫?喃,南韓,進口總值(含復進口),5,730
2020-12,29321100,四氫?喃,南韓,出口總值(含復出口),703,312380
2020-12,29321100,四氫?喃,美國,進口總值(含復進口),238,3396
2020-12,29321100,四氫?喃,英國,進口總值(含復進口),3,59
2020-12,29321100,四氫?喃,泰國,出口總值(含復出口),205,86400
2020-12,29321100,四氫?喃,荷蘭,進口總值(含復進口),2,1
2020-12,29321100,四氫?喃,越南,出口總值(含復出口),391,229190
2020-12,29321100,四氫?喃,德國,進口總值(含復進口),37,3155
2020-12,39032000,苯乙烯－丙烯?共聚合物，初級狀態,中國大陸,進口總值(含復進口),161,80000
2020-12,39032000,苯乙烯－丙烯?共聚合物，初級狀態,中國大陸,出口總值(含復出口),12098,7382730
2020-12,39032000,苯乙烯－丙烯?共聚合物，初級狀態,厄瓜多,出口總值(含復出口),4,2000
2020-12,39032000,苯乙烯－丙烯?共聚合物，初級狀態,巴基斯坦,出口總值(含復出口),125,76750
2020-12,39032000,苯乙烯－丙烯?共聚合物，初級狀態,日本,進口總值(含復進口),282,113530
2020-12,39032000,苯乙烯－丙烯?共聚合物，初級狀態,日本,出口總值(含復出口),29,19000
2020-12,39032000,苯乙烯－丙烯?共聚合物，初級狀態,立陶宛,出口總值(含復出口),3,2000
2020-12,39032000,苯乙烯－丙烯?共聚合物，初級狀態,印尼,出口總值(含復出口),462,293650
2020-12,39032000,苯乙烯－丙烯?共聚合物，初級狀態,印度,出口總值(含復出口),14,8000
2020-12,39032000,苯乙烯－丙烯?共聚合物，初級狀態,西班牙,出口總值(含復出口),8,4500
2020-12,39032000,苯乙烯－丙烯?共聚合物，初級狀態,孟加拉,出口總值(含復出口),43,26000
2020-12,39032000,苯乙烯－丙烯?共聚合物，初級狀態,波蘭,出口總值(含復出口),42,26000
2020-12,39032000,苯乙烯－丙烯?共聚合物，初級狀態,南非,出口總值(含復出口),3,2000
2020-12,39032000,苯乙烯－丙烯?共聚合物，初級狀態,南韓,進口總值(含復進口),35,20000
2020-12,39032000,苯乙烯－丙烯?共聚合物，初級狀態,突尼西亞,出口總值(含復出口),17,9000
2020-12,39032000,苯乙烯－丙烯?共聚合物，初級狀態,美國,進口總值(含復進口),16,19674
2020-12,39032000,苯乙烯－丙烯?共聚合物，初級狀態,美國,出口總值(含復出口),482,285700
2020-12,39032000,苯乙烯－丙烯?共聚合物，初級狀態,英國,進口總值(含復進口),42,11000
2020-12,39032000,苯乙烯－丙烯?共聚合物，初級狀態,香港,出口總值(含復出口),1517,944400
2020-12,39032000,苯乙烯－丙烯?共聚合物，初級狀態,哥倫比亞,出口總值(含復出口),9,5000
2020-12,39032000,苯乙烯－丙烯?共聚合物，初級狀態,埃及,出口總值(含復出口),93,56000
2020-12,39032000,苯乙烯－丙烯?共聚合物，初級狀態,泰國,出口總值(含復出口),588,326000
2020-12,39032000,苯乙烯－丙烯?共聚合物，初級狀態,馬來西亞,出口總值(含復出口),30,18000
2020-12,39032000,苯乙烯－丙烯?共聚合物，初級狀態,荷蘭,出口總值(含復出口),204,134000
2020-12,39032000,苯乙烯－丙烯?共聚合物，初級狀態,斯里蘭卡,出口總值(含復出口),26,18000
2020-12,39032000,苯乙烯－丙烯?共聚合物，初級狀態,斯洛維尼亞,出口總值(含復出口),88,54000
2020-12,39032000,苯乙烯－丙烯?共聚合物，初級狀態,菲律賓,出口總值(含復出口),37,25000
2020-12,39032000,苯乙烯－丙烯?共聚合物，初級狀態,越南,出口總值(含復出口),168,94000
2020-12,39032000,苯乙烯－丙烯?共聚合物，初級狀態,瑞典,出口總值(含復出口),8,5000
2020-12,39032000,苯乙烯－丙烯?共聚合物，初級狀態,德國,進口總值(含復進口),17,4125
2020-12,39032000,苯乙烯－丙烯?共聚合物，初級狀態,墨西哥,出口總值(含復出口),279,160000
2020-12,39039010,甲基丙烯酸甲酯－丁二烯－苯乙烯（ＭＢＳ）共聚合物，初級狀態,中國大陸,出口總值(含復出口),1388,645025
2020-12,39039010,甲基丙烯酸甲酯－丁二烯－苯乙烯（ＭＢＳ）共聚合物，初級狀態,日本,進口總值(含復進口),344,146059
2020-12,39039010,甲基丙烯酸甲酯－丁二烯－苯乙烯（ＭＢＳ）共聚合物，初級狀態,日本,出口總值(含復出口),42,18000
2020-12,39039010,甲基丙烯酸甲酯－丁二烯－苯乙烯（ＭＢＳ）共聚合物，初級狀態,比利時,出口總值(含復出口),128,62000
2020-12,39039010,甲基丙烯酸甲酯－丁二烯－苯乙烯（ＭＢＳ）共聚合物，初級狀態,南韓,進口總值(含復進口),125,59200
2020-12,39039010,甲基丙烯酸甲酯－丁二烯－苯乙烯（ＭＢＳ）共聚合物，初級狀態,南韓,出口總值(含復出口),16,8000
2020-12,39039010,甲基丙烯酸甲酯－丁二烯－苯乙烯（ＭＢＳ）共聚合物，初級狀態,美國,出口總值(含復出口),318,194400
2020-12,39039010,甲基丙烯酸甲酯－丁二烯－苯乙烯（ＭＢＳ）共聚合物，初級狀態,英國,出口總值(含復出口),53,24375
2020-12,39039010,甲基丙烯酸甲酯－丁二烯－苯乙烯（ＭＢＳ）共聚合物，初級狀態,香港,出口總值(含復出口),42,14000
2020-12,39039010,甲基丙烯酸甲酯－丁二烯－苯乙烯（ＭＢＳ）共聚合物，初級狀態,泰國,出口總值(含復出口),72,29800
2020-12,39039010,甲基丙烯酸甲酯－丁二烯－苯乙烯（ＭＢＳ）共聚合物，初級狀態,馬來西亞,出口總值(含復出口),47,21000
2020-12,39039010,甲基丙烯酸甲酯－丁二烯－苯乙烯（ＭＢＳ）共聚合物，初級狀態,菲律賓,出口總值(含復出口),6,2800
2020-12,39039010,甲基丙烯酸甲酯－丁二烯－苯乙烯（ＭＢＳ）共聚合物，初級狀態,越南,出口總值(含復出口),94,42500
2020-12,39039010,甲基丙烯酸甲酯－丁二烯－苯乙烯（ＭＢＳ）共聚合物，初級狀態,義大利,出口總值(含復出口),139,68000
2020-12,39039010,甲基丙烯酸甲酯－丁二烯－苯乙烯（ＭＢＳ）共聚合物，初級狀態,澳大利亞,出口總值(含復出口),21,10000
2020-12,39052100,醋酸乙烯共聚合物水性分散液,中國大陸,進口總值(含復進口),49,18500
2020-12,39052100,醋酸乙烯共聚合物水性分散液,中國大陸,出口總值(含復出口),2906,3485590
2020-12,39052100,醋酸乙烯共聚合物水性分散液,巴西,出口總值(含復出口),40,40000
2020-12,39052100,醋酸乙烯共聚合物水性分散液,巴基斯坦,出口總值(含復出口),617,800000
2020-12,39052100,醋酸乙烯共聚合物水性分散液,日本,進口總值(含復進口),5,570
2020-12,39052100,醋酸乙烯共聚合物水性分散液,日本,出口總值(含復出口),36,36000
2020-12,39052100,醋酸乙烯共聚合物水性分散液,阿拉伯聯合大公國,出口總值(含復出口),34,37570
2020-12,39052100,醋酸乙烯共聚合物水性分散液,南韓,進口總值(含復進口),16,15600
2020-12,39052100,醋酸乙烯共聚合物水性分散液,南韓,出口總值(含復出口),9,8800
2020-12,39052100,醋酸乙烯共聚合物水性分散液,美國,進口總值(含復進口),32,24750
2020-12,39052100,醋酸乙烯共聚合物水性分散液,紐西蘭,出口總值(含復出口),15,18000
2020-12,39052100,醋酸乙烯共聚合物水性分散液,馬來西亞,進口總值(含復進口),14,12800
2020-12,39052100,醋酸乙烯共聚合物水性分散液,越南,出口總值(含復出口),121,137400
2020-12,39052100,醋酸乙烯共聚合物水性分散液,新加坡,進口總值(含復進口),5,4400
2020-12,39052100,醋酸乙烯共聚合物水性分散液,緬甸,出口總值(含復出口),20,20000
2020-12,39052100,醋酸乙烯共聚合物水性分散液,墨西哥,出口總值(含復出口),49,62640
2020-12,39052100,醋酸乙烯共聚合物水性分散液,澳大利亞,出口總值(含復出口),165,170360
2020-1,39069010,其他丙烯酸聚合物粒，初級狀態,土耳其,出口總值(含復出口),5485,5398800
2020-1,39069010,其他丙烯酸聚合物粒，初級狀態,中國大陸,進口總值(含復進口),856,357031
2020-1,39069010,其他丙烯酸聚合物粒，初級狀態,中國大陸,出口總值(含復出口),8246,4265439
2020-1,39069010,其他丙烯酸聚合物粒，初級狀態,中華民國,進口總值(含復進口),11,2121
2020-1,39069010,其他丙烯酸聚合物粒，初級狀態,丹麥,進口總值(含復進口),0,25
2020-1,39069010,其他丙烯酸聚合物粒，初級狀態,丹麥,出口總值(含復出口),32,16000
2020-1,39069010,其他丙烯酸聚合物粒，初級狀態,厄瓜多,出口總值(含復出口),26,22400
2020-1,39069010,其他丙烯酸聚合物粒，初級狀態,巴西,出口總值(含復出口),24,22400
2020-1,39069010,其他丙烯酸聚合物粒，初級狀態,巴林,出口總值(含復出口),17,12000
2020-1,39069010,其他丙烯酸聚合物粒，初級狀態,巴基斯坦,出口總值(含復出口),247,165950
2020-1,39069010,其他丙烯酸聚合物粒，初級狀態,日本,進口總值(含復進口),462,172240
2020-1,39069010,其他丙烯酸聚合物粒，初級狀態,日本,出口總值(含復出口),98,108588
2020-1,39069010,其他丙烯酸聚合物粒，初級狀態,比利時,進口總值(含復進口),95,4460
2020-1,39069010,其他丙烯酸聚合物粒，初級狀態,比利時,出口總值(含復出口),119,89600
2020-1,39069010,其他丙烯酸聚合物粒，初級狀態,以色列,出口總值(含復出口),111,99200
2020-1,39069010,其他丙烯酸聚合物粒，初級狀態,加拿大,出口總值(含復出口),37,18000
2020-1,39069010,其他丙烯酸聚合物粒，初級狀態,卡達,出口總值(含復出口),95,64000
2020-1,39069010,其他丙烯酸聚合物粒，初級狀態,立陶宛,出口總值(含復出口),37,18000
2020-1,39069010,其他丙烯酸聚合物粒，初級狀態,伊朗,出口總值(含復出口),72,32000
2020-1,39069010,其他丙烯酸聚合物粒，初級狀態,印尼,出口總值(含復出口),137,48418
2020-1,39069010,其他丙烯酸聚合物粒，初級狀態,印度,出口總值(含復出口),101,47040
2020-1,39069010,其他丙烯酸聚合物粒，初級狀態,多明尼加,出口總值(含復出口),29,24000
2020-1,39069010,其他丙烯酸聚合物粒，初級狀態,安哥拉,出口總值(含復出口),230,196000
2020-1,39069010,其他丙烯酸聚合物粒，初級狀態,沙烏地阿拉伯,出口總值(含復出口),371,221600
2020-1,39069010,其他丙烯酸聚合物粒，初級狀態,孟加拉,出口總值(含復出口),609,373300
2020-1,39069010,其他丙烯酸聚合物粒，初級狀態,波蘭,出口總值(含復出口),16,8000
2020-1,39069010,其他丙烯酸聚合物粒，初級狀態,法國,進口總值(含復進口),36,8500
2020-1,39069010,其他丙烯酸聚合物粒，初級狀態,法國,出口總值(含復出口),83,36000
2020-1,39069010,其他丙烯酸聚合物粒，初級狀態,阿拉伯聯合大公國,出口總值(含復出口),207,148000
2020-1,39069010,其他丙烯酸聚合物粒，初級狀態,阿根廷,出口總值(含復出口),2,1000
2020-1,39069010,其他丙烯酸聚合物粒，初級狀態,俄羅斯,進口總值(含復進口),2,100
2020-1,39069010,其他丙烯酸聚合物粒，初級狀態,俄羅斯,出口總值(含復出口),5,2500
2020-1,39069010,其他丙烯酸聚合物粒，初級狀態,南非,出口總值(含復出口),160,110400
2020-1,39069010,其他丙烯酸聚合物粒，初級狀態,南韓,進口總值(含復進口),713,403970
2020-1,39069010,其他丙烯酸聚合物粒，初級狀態,南韓,出口總值(含復出口),147,97800
2020-1,39069010,其他丙烯酸聚合物粒，初級狀態,柬埔寨,出口總值(含復出口),163,135000
2020-1,39069010,其他丙烯酸聚合物粒，初級狀態,科威特,出口總值(含復出口),73,48000
2020-1,39069010,其他丙烯酸聚合物粒，初級狀態,約旦,出口總值(含復出口),26,16000
2020-1,39069010,其他丙烯酸聚合物粒，初級狀態,美國,進口總值(含復進口),515,16800
2020-1,39069010,其他丙烯酸聚合物粒，初級狀態,美國,出口總值(含復出口),697,544200
2020-1,39069010,其他丙烯酸聚合物粒，初級狀態,英國,出口總值(含復出口),14,6000
2020-1,39069010,其他丙烯酸聚合物粒，初級狀態,迦納,出口總值(含復出口),132,120000
2020-1,39069010,其他丙烯酸聚合物粒，初級狀態,香港,出口總值(含復出口),1106,490800
2020-1,39069010,其他丙烯酸聚合物粒，初級狀態,哥倫比亞,出口總值(含復出口),5,1600
2020-1,39069010,其他丙烯酸聚合物粒，初級狀態,埃及,出口總值(含復出口),223,150000
2020-1,39069010,其他丙烯酸聚合物粒，初級狀態,泰國,出口總值(含復出口),300,127600
2020-1,39069010,其他丙烯酸聚合物粒，初級狀態,紐西蘭,出口總值(含復出口),24,13000
2020-1,39069010,其他丙烯酸聚合物粒，初級狀態,馬來西亞,出口總值(含復出口),57,30900
2020-1,39069010,其他丙烯酸聚合物粒，初級狀態,馬達加斯加,出口總值(含復出口),19,14400
2020-1,39069010,其他丙烯酸聚合物粒，初級狀態,荷蘭,進口總值(含復進口),51,14375
2020-1,39069010,其他丙烯酸聚合物粒，初級狀態,斯洛維尼亞,出口總值(含復出口),76,32000
2020-1,39069010,其他丙烯酸聚合物粒，初級狀態,菲律賓,出口總值(含復出口),140,67840
2020-1,39069010,其他丙烯酸聚合物粒，初級狀態,越南,出口總值(含復出口),623,448370
2020-1,39069010,其他丙烯酸聚合物粒，初級狀態,塞內加爾,出口總值(含復出口),95,80000
2020-1,39069010,其他丙烯酸聚合物粒，初級狀態,新加坡,進口總值(含復進口),159,72000
2020-1,39069010,其他丙烯酸聚合物粒，初級狀態,新加坡,出口總值(含復出口),41,19900
2020-1,39069010,其他丙烯酸聚合物粒，初級狀態,瑞士,進口總值(含復進口),24,121
2020-1,39069010,其他丙烯酸聚合物粒，初級狀態,義大利,出口總值(含復出口),175,135600
2020-1,39069010,其他丙烯酸聚合物粒，初級狀態,德國,進口總值(含復進口),312,39410
2020-1,39069010,其他丙烯酸聚合物粒，初級狀態,德國,出口總值(含復出口),8,4800
2020-1,39069010,其他丙烯酸聚合物粒，初級狀態,墨西哥,出口總值(含復出口),1933,1846400
2020-1,39069010,其他丙烯酸聚合物粒，初級狀態,澳大利亞,出口總值(含復出口),87,42120
2020-1,39071000,聚縮醛，初級狀態,土耳其,出口總值(含復出口),280,216000
2020-1,39071000,聚縮醛，初級狀態,中國大陸,進口總值(含復進口),55,14000
2020-1,39071000,聚縮醛，初級狀態,中國大陸,出口總值(含復出口),4362,2970650
2020-1,39071000,聚縮醛，初級狀態,日本,進口總值(含復進口),256,94232
2020-1,39071000,聚縮醛，初級狀態,日本,出口總值(含復出口),379,162000
2020-1,39071000,聚縮醛，初級狀態,比利時,出口總值(含復出口),324,249000
2020-1,39071000,聚縮醛，初級狀態,加拿大,出口總值(含復出口),50,36000
2020-1,39071000,聚縮醛，初級狀態,印尼,出口總值(含復出口),33,22500
2020-1,39071000,聚縮醛，初級狀態,印度,進口總值(含復進口),6,2000
2020-1,39071000,聚縮醛，初級狀態,印度,出口總值(含復出口),23,18000
2020-1,39071000,聚縮醛，初級狀態,西班牙,出口總值(含復出口),25,18000
2020-1,39071000,聚縮醛，初級狀態,沙烏地阿拉伯,進口總值(含復進口),50,38000
2020-1,39071000,聚縮醛，初級狀態,孟加拉,出口總值(含復出口),27,20000
2020-1,39071000,聚縮醛，初級狀態,阿拉伯聯合大公國,出口總值(含復出口),135,90000
2020-1,39071000,聚縮醛，初級狀態,俄羅斯,出口總值(含復出口),127,98000
2020-1,39071000,聚縮醛，初級狀態,南韓,進口總值(含復進口),111,86000
2020-1,39071000,聚縮醛，初級狀態,南韓,出口總值(含復出口),3,1000
2020-1,39071000,聚縮醛，初級狀態,美國,進口總值(含復進口),561,210325
2020-1,39071000,聚縮醛，初級狀態,美國,出口總值(含復出口),33,21000
2020-1,39071000,聚縮醛，初級狀態,英國,出口總值(含復出口),24,18000
2020-1,39071000,聚縮醛，初級狀態,香港,出口總值(含復出口),610,303755
2020-1,39071000,聚縮醛，初級狀態,哥倫比亞,出口總值(含復出口),26,20000
2020-1,39071000,聚縮醛，初級狀態,埃及,出口總值(含復出口),27,20000
2020-1,39071000,聚縮醛，初級狀態,泰國,進口總值(含復進口),208,130000
2020-1,39071000,聚縮醛，初級狀態,泰國,出口總值(含復出口),20,7000
2020-1,39071000,聚縮醛，初級狀態,烏克蘭,出口總值(含復出口),50,36000
2020-1,39071000,聚縮醛，初級狀態,馬來西亞,進口總值(含復進口),412,416225
2020-1,39071000,聚縮醛，初級狀態,馬來西亞,出口總值(含復出口),51,38000
2020-1,39071000,聚縮醛，初級狀態,荷蘭,進口總值(含復進口),26,5000
2020-1,39071000,聚縮醛，初級狀態,荷蘭,出口總值(含復出口),72,54000
2020-1,39071000,聚縮醛，初級狀態,越南,出口總值(含復出口),408,283980
2020-1,39071000,聚縮醛，初級狀態,新加坡,進口總值(含復進口),16,988
2020-1,39071000,聚縮醛，初級狀態,義大利,出口總值(含復出口),171,126000
2020-1,39071000,聚縮醛，初級狀態,德國,進口總值(含復進口),158,22219
2020-1,39071000,聚縮醛，初級狀態,德國,出口總值(含復出口),28,18500
2020-1,39071000,聚縮醛，初級狀態,墨西哥,出口總值(含復出口),71,34800
2020-2,39069010,其他丙烯酸聚合物粒，初級狀態,土耳其,進口總值(含復進口),35,20700
2020-2,39069010,其他丙烯酸聚合物粒，初級狀態,土耳其,出口總值(含復出口),4864,4900000
2020-2,39069010,其他丙烯酸聚合物粒，初級狀態,中國大陸,進口總值(含復進口),417,190900
2020-2,39069010,其他丙烯酸聚合物粒，初級狀態,中國大陸,出口總值(含復出口),7731,3643834
2020-2,39069010,其他丙烯酸聚合物粒，初級狀態,中華民國,進口總值(含復進口),10,4500
2020-2,39069010,其他丙烯酸聚合物粒，初級狀態,丹麥,進口總值(含復進口),0,5
2020-2,39069010,其他丙烯酸聚合物粒，初級狀態,厄瓜多,出口總值(含復出口),26,22400
2020-2,39069010,其他丙烯酸聚合物粒，初級狀態,巴西,出口總值(含復出口),128,102400
2020-2,39069010,其他丙烯酸聚合物粒，初級狀態,巴基斯坦,出口總值(含復出口),34,16750
2020-2,39069010,其他丙烯酸聚合物粒，初級狀態,日本,進口總值(含復進口),714,265134
2020-2,39069010,其他丙烯酸聚合物粒，初級狀態,日本,出口總值(含復出口),161,170700
2020-2,39069010,其他丙烯酸聚合物粒，初級狀態,比利時,進口總值(含復進口),98,4520
2020-2,39069010,其他丙烯酸聚合物粒，初級狀態,比利時,出口總值(含復出口),178,134400
2020-2,39069010,其他丙烯酸聚合物粒，初級狀態,以色列,進口總值(含復進口),97,10000
2020-2,39069010,其他丙烯酸聚合物粒，初級狀態,以色列,出口總值(含復出口),116,99500
2020-2,39069010,其他丙烯酸聚合物粒，初級狀態,加拿大,出口總值(含復出口),108,30400
2020-2,39069010,其他丙烯酸聚合物粒，初級狀態,卡達,出口總值(含復出口),24,16000
2020-2,39069010,其他丙烯酸聚合物粒，初級狀態,立陶宛,出口總值(含復出口),75,36000
2020-2,39069010,其他丙烯酸聚合物粒，初級狀態,伊朗,出口總值(含復出口),99,80000
2020-2,39069010,其他丙烯酸聚合物粒，初級狀態,印尼,出口總值(含復出口),338,123900
2020-2,39069010,其他丙烯酸聚合物粒，初級狀態,印度,進口總值(含復進口),2,1000
2020-2,39069010,其他丙烯酸聚合物粒，初級狀態,印度,出口總值(含復出口),316,173400
2020-2,39069010,其他丙烯酸聚合物粒，初級狀態,安哥拉,出口總值(含復出口),146,128000
2020-2,39069010,其他丙烯酸聚合物粒，初級狀態,沙烏地阿拉伯,出口總值(含復出口),288,156000
2020-2,39069010,其他丙烯酸聚合物粒，初級狀態,孟加拉,出口總值(含復出口),364,255910
2020-2,39069010,其他丙烯酸聚合物粒，初級狀態,波蘭,出口總值(含復出口),114,55000
2020-2,39069010,其他丙烯酸聚合物粒，初級狀態,法國,進口總值(含復進口),25,1340
2020-2,39069010,其他丙烯酸聚合物粒，初級狀態,法國,出口總值(含復出口),66,32000
2020-2,39069010,其他丙烯酸聚合物粒，初級狀態,阿拉伯聯合大公國,出口總值(含復出口),563,448000
2020-2,39069010,其他丙烯酸聚合物粒，初級狀態,阿根廷,出口總值(含復出口),58,53000
2020-2,39069010,其他丙烯酸聚合物粒，初級狀態,阿曼,出口總值(含復出口),78,48000
2020-2,39069010,其他丙烯酸聚合物粒，初級狀態,阿爾及利亞,出口總值(含復出口),16,16000
2020-2,39069010,其他丙烯酸聚合物粒，初級狀態,南非,出口總值(含復出口),15,6500
2020-2,39069010,其他丙烯酸聚合物粒，初級狀態,南韓,進口總值(含復進口),744,353805
2020-2,39069010,其他丙烯酸聚合物粒，初級狀態,南韓,出口總值(含復出口),311,176650
2020-2,39069010,其他丙烯酸聚合物粒，初級狀態,柬埔寨,出口總值(含復出口),135,112500
2020-2,39069010,其他丙烯酸聚合物粒，初級狀態,科威特,出口總值(含復出口),73,48000
2020-2,39069010,其他丙烯酸聚合物粒，初級狀態,突尼西亞,出口總值(含復出口),239,208000
2020-2,39069010,其他丙烯酸聚合物粒，初級狀態,美國,進口總值(含復進口),471,77210
2020-2,39069010,其他丙烯酸聚合物粒，初級狀態,美國,出口總值(含復出口),1125,826000
2020-2,39069010,其他丙烯酸聚合物粒，初級狀態,英國,出口總值(含復出口),47,22500
2020-2,39069010,其他丙烯酸聚合物粒，初級狀態,迦納,出口總值(含復出口),220,200000
2020-2,39069010,其他丙烯酸聚合物粒，初級狀態,香港,出口總值(含復出口),966,434000
2020-2,39069010,其他丙烯酸聚合物粒，初級狀態,哥倫比亞,出口總值(含復出口),36,26800
2020-2,39069010,其他丙烯酸聚合物粒，初級狀態,埃及,出口總值(含復出口),254,242200
2020-2,39069010,其他丙烯酸聚合物粒，初級狀態,泰國,出口總值(含復出口),150,63190
2020-2,39069010,其他丙烯酸聚合物粒，初級狀態,紐西蘭,出口總值(含復出口),102,51000
2020-2,39069010,其他丙烯酸聚合物粒，初級狀態,馬來西亞,進口總值(含復進口),38,9600
2020-2,39069010,其他丙烯酸聚合物粒，初級狀態,馬來西亞,出口總值(含復出口),234,114435
2020-2,39069010,其他丙烯酸聚合物粒，初級狀態,荷蘭,進口總值(含復進口),14,1875
2020-2,39069010,其他丙烯酸聚合物粒，初級狀態,荷蘭,出口總值(含復出口),44,22300
2020-2,39069010,其他丙烯酸聚合物粒，初級狀態,菲律賓,出口總值(含復出口),84,34930
2020-2,39069010,其他丙烯酸聚合物粒，初級狀態,越南,出口總值(含復出口),793,529617
2020-2,39069010,其他丙烯酸聚合物粒，初級狀態,愛爾蘭,出口總值(含復出口),29,14640
2020-2,39069010,其他丙烯酸聚合物粒，初級狀態,新加坡,出口總值(含復出口),86,45500
2020-2,39069010,其他丙烯酸聚合物粒，初級狀態,瑞士,進口總值(含復進口),8,42
2020-2,39069010,其他丙烯酸聚合物粒，初級狀態,瑞典,出口總值(含復出口),50,23625
2020-2,39069010,其他丙烯酸聚合物粒，初級狀態,義大利,出口總值(含復出口),243,182000
2020-2,39069010,其他丙烯酸聚合物粒，初級狀態,德國,進口總值(含復進口),109,41000
2020-2,39069010,其他丙烯酸聚合物粒，初級狀態,模里西斯,出口總值(含復出口),7,3400
2020-2,39069010,其他丙烯酸聚合物粒，初級狀態,黎巴嫩,出口總值(含復出口),2,1000
2020-2,39069010,其他丙烯酸聚合物粒，初級狀態,墨西哥,出口總值(含復出口),886,772800
2020-2,39069010,其他丙烯酸聚合物粒，初級狀態,澳大利亞,出口總值(含復出口),46,22400
2020-2,39071000,聚縮醛，初級狀態,土耳其,出口總值(含復出口),258,198000
2020-2,39071000,聚縮醛，初級狀態,中國大陸,進口總值(含復進口),5,1250
2020-2,39071000,聚縮醛，初級狀態,中國大陸,出口總值(含復出口),5104,3379789
2020-2,39071000,聚縮醛，初級狀態,巴西,出口總值(含復出口),25,20000
2020-2,39071000,聚縮醛，初級狀態,日本,進口總值(含復進口),438,126973
2020-2,39071000,聚縮醛，初級狀態,日本,出口總值(含復出口),646,282100
2020-2,39071000,聚縮醛，初級狀態,比利時,出口總值(含復出口),160,126000
2020-2,39071000,聚縮醛，初級狀態,加拿大,出口總值(含復出口),23,18000
2020-2,39071000,聚縮醛，初級狀態,印尼,出口總值(含復出口),24,17875
2020-2,39071000,聚縮醛，初級狀態,西班牙,出口總值(含復出口),25,18000
2020-2,39071000,聚縮醛，初級狀態,孟加拉,出口總值(含復出口),5,2500
2020-2,39071000,聚縮醛，初級狀態,芬蘭,出口總值(含復出口),31,18000
2020-2,39071000,聚縮醛，初級狀態,阿拉伯聯合大公國,出口總值(含復出口),213,144000
2020-2,39071000,聚縮醛，初級狀態,俄羅斯,出口總值(含復出口),51,40000
2020-2,39071000,聚縮醛，初級狀態,南非,出口總值(含復出口),70,54000
2020-2,39071000,聚縮醛，初級狀態,南韓,進口總值(含復進口),206,142125
2020-2,39071000,聚縮醛，初級狀態,南韓,出口總值(含復出口),3,1000
2020-2,39071000,聚縮醛，初級狀態,美國,進口總值(含復進口),646,465369
2020-2,39071000,聚縮醛，初級狀態,美國,出口總值(含復出口),64,36900
2020-2,39071000,聚縮醛，初級狀態,香港,出口總值(含復出口),894,410194
2020-2,39071000,聚縮醛，初級狀態,埃及,出口總值(含復出口),82,60000
2020-2,39071000,聚縮醛，初級狀態,泰國,進口總值(含復進口),770,529000
2020-2,39071000,聚縮醛，初級狀態,烏克蘭,出口總值(含復出口),47,36000
2020-2,39071000,聚縮醛，初級狀態,紐西蘭,出口總值(含復出口),28,21000
2020-2,39071000,聚縮醛，初級狀態,馬來西亞,出口總值(含復出口),81,63000
2020-2,39071000,聚縮醛，初級狀態,荷蘭,進口總值(含復進口),298,71650
2020-2,39071000,聚縮醛，初級狀態,荷蘭,出口總值(含復出口),28,14000
2020-2,39071000,聚縮醛，初級狀態,菲律賓,出口總值(含復出口),8,5625
2020-2,39071000,聚縮醛，初級狀態,越南,出口總值(含復出口),456,305300
2020-2,39071000,聚縮醛，初級狀態,瑞典,進口總值(含復進口),0,20
2020-2,39071000,聚縮醛，初級狀態,義大利,出口總值(含復出口),124,90000
2020-2,39071000,聚縮醛，初級狀態,德國,進口總值(含復進口),79,12878
2020-2,39071000,聚縮醛，初級狀態,德國,出口總值(含復出口),136,105000
2020-2,39071000,聚縮醛，初級狀態,墨西哥,出口總值(含復出口),46,16300
2020-3,39069010,其他丙烯酸聚合物粒，初級狀態,土耳其,進口總值(含復進口),19,9900
2020-3,39069010,其他丙烯酸聚合物粒，初級狀態,土耳其,出口總值(含復出口),3472,3461200
2020-3,39069010,其他丙烯酸聚合物粒，初級狀態,中國大陸,進口總值(含復進口),1568,707138
2020-3,39069010,其他丙烯酸聚合物粒，初級狀態,中國大陸,出口總值(含復出口),6534,3898909
2020-3,39069010,其他丙烯酸聚合物粒，初級狀態,厄瓜多,出口總值(含復出口),26,24000
2020-3,39069010,其他丙烯酸聚合物粒，初級狀態,巴西,出口總值(含復出口),92,81000
2020-3,39069010,其他丙烯酸聚合物粒，初級狀態,巴基斯坦,出口總值(含復出口),246,165850
2020-3,39069010,其他丙烯酸聚合物粒，初級狀態,日本,進口總值(含復進口),1112,412506
2020-3,39069010,其他丙烯酸聚合物粒，初級狀態,日本,出口總值(含復出口),192,177000
2020-3,39069010,其他丙烯酸聚合物粒，初級狀態,比利時,進口總值(含復進口),100,40060
2020-3,39069010,其他丙烯酸聚合物粒，初級狀態,比利時,出口總值(含復出口),65,47036
2020-3,39069010,其他丙烯酸聚合物粒，初級狀態,以色列,出口總值(含復出口),315,288000
2020-3,39069010,其他丙烯酸聚合物粒，初級狀態,加拿大,出口總值(含復出口),37,15600
2020-3,39069010,其他丙烯酸聚合物粒，初級狀態,立陶宛,出口總值(含復出口),186,90000
2020-3,39069010,其他丙烯酸聚合物粒，初級狀態,伊朗,出口總值(含復出口),128,100800
2020-3,39069010,其他丙烯酸聚合物粒，初級狀態,印尼,出口總值(含復出口),277,118840
2020-3,39069010,其他丙烯酸聚合物粒，初級狀態,印度,出口總值(含復出口),304,147419
2020-3,39069010,其他丙烯酸聚合物粒，初級狀態,安哥拉,出口總值(含復出口),257,224000
2020-3,39069010,其他丙烯酸聚合物粒，初級狀態,西班牙,出口總值(含復出口),54,30000
2020-3,39069010,其他丙烯酸聚合物粒，初級狀態,沙烏地阿拉伯,出口總值(含復出口),465,275990
2020-3,39069010,其他丙烯酸聚合物粒，初級狀態,坦尚尼亞,出口總值(含復出口),173,160000
2020-3,39069010,其他丙烯酸聚合物粒，初級狀態,孟加拉,出口總值(含復出口),857,577820
2020-3,39069010,其他丙烯酸聚合物粒，初級狀態,波蘭,出口總值(含復出口),64,28000
2020-3,39069010,其他丙烯酸聚合物粒，初級狀態,法國,出口總值(含復出口),66,32000
2020-3,39069010,其他丙烯酸聚合物粒，初級狀態,肯亞,出口總值(含復出口),193,176000
2020-3,39069010,其他丙烯酸聚合物粒，初級狀態,阿拉伯聯合大公國,出口總值(含復出口),319,228200
2020-3,39069010,其他丙烯酸聚合物粒，初級狀態,阿根廷,出口總值(含復出口),101,98000
2020-3,39069010,其他丙烯酸聚合物粒，初級狀態,阿曼,出口總值(含復出口),29,16000
2020-3,39069010,其他丙烯酸聚合物粒，初級狀態,俄羅斯,出口總值(含復出口),132,49000
2020-3,39069010,其他丙烯酸聚合物粒，初級狀態,南非,出口總值(含復出口),285,197200
2020-3,39069010,其他丙烯酸聚合物粒，初級狀態,南韓,進口總值(含復進口),1132,590390
2020-3,39069010,其他丙烯酸聚合物粒，初級狀態,南韓,出口總值(含復出口),168,72735
2020-3,39069010,其他丙烯酸聚合物粒，初級狀態,柬埔寨,出口總值(含復出口),86,70424
2020-3,39069010,其他丙烯酸聚合物粒，初級狀態,科威特,出口總值(含復出口),147,96000
2020-3,39069010,其他丙烯酸聚合物粒，初級狀態,美國,進口總值(含復進口),381,43895
2020-3,39069010,其他丙烯酸聚合物粒，初級狀態,美國,出口總值(含復出口),963,450100
2020-3,39069010,其他丙烯酸聚合物粒，初級狀態,英國,進口總值(含復進口),54,23400
2020-3,39069010,其他丙烯酸聚合物粒，初級狀態,英國,出口總值(含復出口),134,65250
2020-3,39069010,其他丙烯酸聚合物粒，初級狀態,迦納,出口總值(含復出口),1103,1006400
2020-3,39069010,其他丙烯酸聚合物粒，初級狀態,香港,出口總值(含復出口),334,173250
2020-3,39069010,其他丙烯酸聚合物粒，初級狀態,哥倫比亞,出口總值(含復出口),40,20800
2020-3,39069010,其他丙烯酸聚合物粒，初級狀態,埃及,出口總值(含復出口),699,570800
2020-3,39069010,其他丙烯酸聚合物粒，初級狀態,泰國,出口總值(含復出口),303,135600
2020-3,39069010,其他丙烯酸聚合物粒，初級狀態,紐西蘭,出口總值(含復出口),78,39000
2020-3,39069010,其他丙烯酸聚合物粒，初級狀態,馬來西亞,進口總值(含復進口),76,8000
2020-3,39069010,其他丙烯酸聚合物粒，初級狀態,馬來西亞,出口總值(含復出口),137,86210
2020-3,39069010,其他丙烯酸聚合物粒，初級狀態,荷蘭,進口總值(含復進口),49,20000
2020-3,39069010,其他丙烯酸聚合物粒，初級狀態,荷蘭,出口總值(含復出口),132,64000
2020-3,39069010,其他丙烯酸聚合物粒，初級狀態,斯洛維尼亞,出口總值(含復出口),32,16000
2020-3,39069010,其他丙烯酸聚合物粒，初級狀態,智利,出口總值(含復出口),8,6000
2020-3,39069010,其他丙烯酸聚合物粒，初級狀態,菲律賓,出口總值(含復出口),76,38560
2020-3,39069010,其他丙烯酸聚合物粒，初級狀態,越南,出口總值(含復出口),984,691573
2020-3,39069010,其他丙烯酸聚合物粒，初級狀態,塞內加爾,出口總值(含復出口),174,160000
2020-3,39069010,其他丙烯酸聚合物粒，初級狀態,愛爾蘭,出口總值(含復出口),87,44550
2020-3,39069010,其他丙烯酸聚合物粒，初級狀態,新加坡,進口總值(含復進口),160,74000
2020-3,39069010,其他丙烯酸聚合物粒，初級狀態,新加坡,出口總值(含復出口),96,49125
2020-3,39069010,其他丙烯酸聚合物粒，初級狀態,瑞士,進口總值(含復進口),18,92
2020-3,39069010,其他丙烯酸聚合物粒，初級狀態,瑞典,出口總值(含復出口),10,5000
2020-3,39069010,其他丙烯酸聚合物粒，初級狀態,義大利,出口總值(含復出口),136,74000
2020-3,39069010,其他丙烯酸聚合物粒，初級狀態,葡萄牙,出口總值(含復出口),26,24000
2020-3,39069010,其他丙烯酸聚合物粒，初級狀態,德國,進口總值(含復進口),130,56003
2020-3,39069010,其他丙烯酸聚合物粒，初級狀態,德國,出口總值(含復出口),8,4000
2020-3,39069010,其他丙烯酸聚合物粒，初級狀態,墨西哥,出口總值(含復出口),889,891000
2020-3,39069010,其他丙烯酸聚合物粒，初級狀態,澳大利亞,出口總值(含復出口),93,42440
2020-3,39071000,聚縮醛，初級狀態,土耳其,出口總值(含復出口),228,180000
2020-3,39071000,聚縮醛，初級狀態,中國大陸,進口總值(含復進口),55,17000
2020-3,39071000,聚縮醛，初級狀態,中國大陸,出口總值(含復出口),5627,4008558
2020-3,39071000,聚縮醛，初級狀態,巴西,出口總值(含復出口),22,18000
2020-3,39071000,聚縮醛，初級狀態,巴基斯坦,出口總值(含復出口),23,18000
2020-3,39071000,聚縮醛，初級狀態,日本,進口總值(含復進口),604,189554
2020-3,39071000,聚縮醛，初級狀態,日本,出口總值(含復出口),632,272500
2020-3,39071000,聚縮醛，初級狀態,比利時,進口總值(含復進口),0,25
2020-3,39071000,聚縮醛，初級狀態,比利時,出口總值(含復出口),239,189500
2020-3,39071000,聚縮醛，初級狀態,印尼,出口總值(含復出口),26,20000
2020-3,39071000,聚縮醛，初級狀態,印度,出口總值(含復出口),22,18000
2020-3,39071000,聚縮醛，初級狀態,西班牙,出口總值(含復出口),48,36000
2020-3,39071000,聚縮醛，初級狀態,沙烏地阿拉伯,進口總值(含復進口),149,114000
2020-3,39071000,聚縮醛，初級狀態,孟加拉,出口總值(含復出口),104,74500
2020-3,39071000,聚縮醛，初級狀態,芬蘭,出口總值(含復出口),31,18000
2020-3,39071000,聚縮醛，初級狀態,阿拉伯聯合大公國,出口總值(含復出口),257,172000
2020-3,39071000,聚縮醛，初級狀態,俄羅斯,出口總值(含復出口),48,38000
2020-3,39071000,聚縮醛，初級狀態,南韓,進口總值(含復進口),44,24000
2020-3,39071000,聚縮醛，初級狀態,美國,進口總值(含復進口),530,182669
2020-3,39071000,聚縮醛，初級狀態,美國,出口總值(含復出口),26,18000
2020-3,39071000,聚縮醛，初級狀態,英國,出口總值(含復出口),23,18000
2020-3,39071000,聚縮醛，初級狀態,香港,出口總值(含復出口),922,466575
2020-3,39071000,聚縮醛，初級狀態,哥倫比亞,出口總值(含復出口),25,20000
2020-3,39071000,聚縮醛，初級狀態,埃及,出口總值(含復出口),28,20000
2020-3,39071000,聚縮醛，初級狀態,泰國,進口總值(含復進口),351,229000
2020-3,39071000,聚縮醛，初級狀態,泰國,出口總值(含復出口),20,6800
2020-3,39071000,聚縮醛，初級狀態,馬來西亞,進口總值(含復進口),47,16100
2020-3,39071000,聚縮醛，初級狀態,馬來西亞,出口總值(含復出口),56,41100
2020-3,39071000,聚縮醛，初級狀態,荷蘭,進口總值(含復進口),237,52000
2020-3,39071000,聚縮醛，初級狀態,荷蘭,出口總值(含復出口),90,72000
2020-3,39071000,聚縮醛，初級狀態,斯里蘭卡,出口總值(含復出口),44,36000
2020-3,39071000,聚縮醛，初級狀態,越南,出口總值(含復出口),519,295533
2020-3,39071000,聚縮醛，初級狀態,新加坡,進口總值(含復進口),10,1000
2020-3,39071000,聚縮醛，初級狀態,義大利,出口總值(含復出口),140,108000
2020-3,39071000,聚縮醛，初級狀態,德國,進口總值(含復進口),119,21500
2020-3,39071000,聚縮醛，初級狀態,德國,出口總值(含復出口),255,198000
2020-3,39071000,聚縮醛，初級狀態,墨西哥,出口總值(含復出口),79,36100
2020-3,39071000,聚縮醛，初級狀態,澳大利亞,出口總值(含復出口),24,18000
2020-4,39069010,其他丙烯酸聚合物粒，初級狀態,土耳其,出口總值(含復出口),5012,5196000
2020-4,39069010,其他丙烯酸聚合物粒，初級狀態,中國大陸,進口總值(含復進口),628,310444
2020-4,39069010,其他丙烯酸聚合物粒，初級狀態,中國大陸,出口總值(含復出口),8042,4832766
2020-4,39069010,其他丙烯酸聚合物粒，初級狀態,中華民國,進口總值(含復進口),0,400
2020-4,39069010,其他丙烯酸聚合物粒，初級狀態,巴西,出口總值(含復出口),41,31000
2020-4,39069010,其他丙烯酸聚合物粒，初級狀態,巴基斯坦,出口總值(含復出口),124,92200
2020-4,39069010,其他丙烯酸聚合物粒，初級狀態,日本,進口總值(含復進口),1067,418712
2020-4,39069010,其他丙烯酸聚合物粒，初級狀態,日本,出口總值(含復出口),107,103111
2020-4,39069010,其他丙烯酸聚合物粒，初級狀態,比利時,進口總值(含復進口),2,40
2020-4,39069010,其他丙烯酸聚合物粒，初級狀態,比利時,出口總值(含復出口),29,16000
2020-4,39069010,其他丙烯酸聚合物粒，初級狀態,以色列,出口總值(含復出口),194,196000
2020-4,39069010,其他丙烯酸聚合物粒，初級狀態,卡達,出口總值(含復出口),23,12800
2020-4,39069010,其他丙烯酸聚合物粒，初級狀態,立陶宛,出口總值(含復出口),218,108000
2020-4,39069010,其他丙烯酸聚合物粒，初級狀態,印尼,出口總值(含復出口),292,108172
2020-4,39069010,其他丙烯酸聚合物粒，初級狀態,印度,出口總值(含復出口),34,16600
2020-4,39069010,其他丙烯酸聚合物粒，初級狀態,安哥拉,出口總值(含復出口),65,56000
2020-4,39069010,其他丙烯酸聚合物粒，初級狀態,西班牙,出口總值(含復出口),16,9000
2020-4,39069010,其他丙烯酸聚合物粒，初級狀態,沙烏地阿拉伯,出口總值(含復出口),484,296010
2020-4,39069010,其他丙烯酸聚合物粒，初級狀態,孟加拉,出口總值(含復出口),287,174060
2020-4,39069010,其他丙烯酸聚合物粒，初級狀態,波蘭,出口總值(含復出口),63,35000
2020-4,39069010,其他丙烯酸聚合物粒，初級狀態,法國,進口總值(含復進口),138,31000
2020-4,39069010,其他丙烯酸聚合物粒，初級狀態,法國,出口總值(含復出口),193,88000
2020-4,39069010,其他丙烯酸聚合物粒，初級狀態,肯亞,出口總值(含復出口),43,32000
2020-4,39069010,其他丙烯酸聚合物粒，初級狀態,芬蘭,進口總值(含復進口),3,120
2020-4,39069010,其他丙烯酸聚合物粒，初級狀態,阿拉伯聯合大公國,出口總值(含復出口),50,26000
2020-4,39069010,其他丙烯酸聚合物粒，初級狀態,阿曼,出口總值(含復出口),49,32000
2020-4,39069010,其他丙烯酸聚合物粒，初級狀態,南非,出口總值(含復出口),104,83000
2020-4,39069010,其他丙烯酸聚合物粒，初級狀態,南韓,進口總值(含復進口),532,301190
2020-4,39069010,其他丙烯酸聚合物粒，初級狀態,南韓,出口總值(含復出口),156,105700
2020-4,39069010,其他丙烯酸聚合物粒，初級狀態,科威特,出口總值(含復出口),146,96000
2020-4,39069010,其他丙烯酸聚合物粒，初級狀態,美國,進口總值(含復進口),665,44597
2020-4,39069010,其他丙烯酸聚合物粒，初級狀態,美國,出口總值(含復出口),381,190835
2020-4,39069010,其他丙烯酸聚合物粒，初級狀態,英國,進口總值(含復進口),0,1
2020-4,39069010,其他丙烯酸聚合物粒，初級狀態,英國,出口總值(含復出口),228,115875
2020-4,39069010,其他丙烯酸聚合物粒，初級狀態,迦納,出口總值(含復出口),66,60000
2020-4,39069010,其他丙烯酸聚合物粒，初級狀態,香港,出口總值(含復出口),712,367750
2020-4,39069010,其他丙烯酸聚合物粒，初級狀態,哥倫比亞,出口總值(含復出口),53,48000
2020-4,39069010,其他丙烯酸聚合物粒，初級狀態,埃及,出口總值(含復出口),232,232000
2020-4,39069010,其他丙烯酸聚合物粒，初級狀態,泰國,進口總值(含復進口),51,24000
2020-4,39069010,其他丙烯酸聚合物粒，初級狀態,泰國,出口總值(含復出口),299,171930
2020-4,39069010,其他丙烯酸聚合物粒，初級狀態,烏克蘭,出口總值(含復出口),17,16000
2020-4,39069010,其他丙烯酸聚合物粒，初級狀態,紐西蘭,出口總值(含復出口),60,32000
2020-4,39069010,其他丙烯酸聚合物粒，初級狀態,馬來西亞,進口總值(含復進口),37,9620
2020-4,39069010,其他丙烯酸聚合物粒，初級狀態,馬來西亞,出口總值(含復出口),75,20236
2020-4,39069010,其他丙烯酸聚合物粒，初級狀態,荷蘭,進口總值(含復進口),79,26250
2020-4,39069010,其他丙烯酸聚合物粒，初級狀態,荷蘭,出口總值(含復出口),54,29800
2020-4,39069010,其他丙烯酸聚合物粒，初級狀態,斯洛維尼亞,出口總值(含復出口),48,24000
2020-4,39069010,其他丙烯酸聚合物粒，初級狀態,菲律賓,出口總值(含復出口),16,19200
2020-4,39069010,其他丙烯酸聚合物粒，初級狀態,越南,出口總值(含復出口),1080,719900
2020-4,39069010,其他丙烯酸聚合物粒，初級狀態,新加坡,進口總值(含復進口),363,115600
2020-4,39069010,其他丙烯酸聚合物粒，初級狀態,新加坡,出口總值(含復出口),161,91800
2020-4,39069010,其他丙烯酸聚合物粒，初級狀態,瑞士,進口總值(含復進口),30,155
2020-4,39069010,其他丙烯酸聚合物粒，初級狀態,義大利,出口總值(含復出口),115,105600
2020-4,39069010,其他丙烯酸聚合物粒，初級狀態,德國,進口總值(含復進口),193,37320
2020-4,39069010,其他丙烯酸聚合物粒，初級狀態,模里西斯,出口總值(含復出口),4,2000
2020-4,39069010,其他丙烯酸聚合物粒，初級狀態,墨西哥,出口總值(含復出口),967,896800
2020-4,39069010,其他丙烯酸聚合物粒，初級狀態,澳大利亞,出口總值(含復出口),87,43000
2020-4,39071000,聚縮醛，初級狀態,中國大陸,進口總值(含復進口),145,38200
2020-4,39071000,聚縮醛，初級狀態,中國大陸,出口總值(含復出口),5084,3720335
2020-4,39071000,聚縮醛，初級狀態,中華民國,進口總值(含復進口),47,18900
2020-4,39071000,聚縮醛，初級狀態,巴基斯坦,出口總值(含復出口),23,18000
2020-4,39071000,聚縮醛，初級狀態,日本,進口總值(含復進口),242,79970
2020-4,39071000,聚縮醛，初級狀態,日本,出口總值(含復出口),329,131800
2020-4,39071000,聚縮醛，初級狀態,以色列,出口總值(含復出口),21,18000
2020-4,39071000,聚縮醛，初級狀態,印尼,出口總值(含復出口),24,10000
2020-4,39071000,聚縮醛，初級狀態,孟加拉,出口總值(含復出口),25,20000
2020-4,39071000,聚縮醛，初級狀態,阿拉伯聯合大公國,出口總值(含復出口),53,36000
2020-4,39071000,聚縮醛，初級狀態,俄羅斯,出口總值(含復出口),47,40000
2020-4,39071000,聚縮醛，初級狀態,南非,出口總值(含復出口),22,18000
2020-4,39071000,聚縮醛，初級狀態,南韓,進口總值(含復進口),123,66750
2020-4,39071000,聚縮醛，初級狀態,南韓,出口總值(含復出口),95,80000
2020-4,39071000,聚縮醛，初級狀態,柬埔寨,出口總值(含復出口),23,20000
2020-4,39071000,聚縮醛，初級狀態,美國,進口總值(含復進口),619,203411
2020-4,39071000,聚縮醛，初級狀態,香港,出口總值(含復出口),874,429475
2020-4,39071000,聚縮醛，初級狀態,哥倫比亞,出口總值(含復出口),24,20000
2020-4,39071000,聚縮醛，初級狀態,埃及,出口總值(含復出口),52,38000
2020-4,39071000,聚縮醛，初級狀態,泰國,進口總值(含復進口),411,274000
2020-4,39071000,聚縮醛，初級狀態,泰國,出口總值(含復出口),3,800
2020-4,39071000,聚縮醛，初級狀態,馬來西亞,進口總值(含復進口),40,32000
2020-4,39071000,聚縮醛，初級狀態,馬來西亞,出口總值(含復出口),201,162000
2020-4,39071000,聚縮醛，初級狀態,荷蘭,進口總值(含復進口),396,87100
2020-4,39071000,聚縮醛，初級狀態,荷蘭,出口總值(含復出口),129,108000
2020-4,39071000,聚縮醛，初級狀態,斯里蘭卡,出口總值(含復出口),23,20000
2020-4,39071000,聚縮醛，初級狀態,越南,出口總值(含復出口),370,181588
2020-4,39071000,聚縮醛，初級狀態,新加坡,進口總值(含復進口),15,958
2020-4,39071000,聚縮醛，初級狀態,德國,進口總值(含復進口),167,33000
2020-4,39071000,聚縮醛，初級狀態,德國,出口總值(含復出口),142,114000
2020-4,39071000,聚縮醛，初級狀態,墨西哥,出口總值(含復出口),8,3000
2020-5,39069010,其他丙烯酸聚合物粒，初級狀態,土耳其,進口總值(含復進口),35,20700
2020-5,39069010,其他丙烯酸聚合物粒，初級狀態,土耳其,出口總值(含復出口),5483,5755200
2020-5,39069010,其他丙烯酸聚合物粒，初級狀態,中國大陸,進口總值(含復進口),731,292432
2020-5,39069010,其他丙烯酸聚合物粒，初級狀態,中國大陸,出口總值(含復出口),12302,7388408
2020-5,39069010,其他丙烯酸聚合物粒，初級狀態,丹麥,進口總值(含復進口),1,75
2020-5,39069010,其他丙烯酸聚合物粒，初級狀態,厄瓜多,出口總值(含復出口),27,24000
2020-5,39069010,其他丙烯酸聚合物粒，初級狀態,巴西,出口總值(含復出口),109,104000
2020-5,39069010,其他丙烯酸聚合物粒，初級狀態,日本,進口總值(含復進口),821,357890
2020-5,39069010,其他丙烯酸聚合物粒，初級狀態,日本,出口總值(含復出口),156,169660
2020-5,39069010,其他丙烯酸聚合物粒，初級狀態,比利時,進口總值(含復進口),0,5
2020-5,39069010,其他丙烯酸聚合物粒，初級狀態,以色列,出口總值(含復出口),85,84000
2020-5,39069010,其他丙烯酸聚合物粒，初級狀態,加拿大,進口總值(含復進口),23,10000
2020-5,39069010,其他丙烯酸聚合物粒，初級狀態,加拿大,出口總值(含復出口),103,41480
2020-5,39069010,其他丙烯酸聚合物粒，初級狀態,立陶宛,出口總值(含復出口),105,54000
2020-5,39069010,其他丙烯酸聚合物粒，初級狀態,印尼,出口總值(含復出口),153,76744
2020-5,39069010,其他丙烯酸聚合物粒，初級狀態,印度,出口總值(含復出口),28,20400
2020-5,39069010,其他丙烯酸聚合物粒，初級狀態,沙烏地阿拉伯,出口總值(含復出口),43,30400
2020-5,39069010,其他丙烯酸聚合物粒，初級狀態,坦尚尼亞,出口總值(含復出口),38,32000
2020-5,39069010,其他丙烯酸聚合物粒，初級狀態,孟加拉,出口總值(含復出口),38,20500
2020-5,39069010,其他丙烯酸聚合物粒，初級狀態,波蘭,出口總值(含復出口),2,1000
2020-5,39069010,其他丙烯酸聚合物粒，初級狀態,法國,出口總值(含復出口),195,100000
2020-5,39069010,其他丙烯酸聚合物粒，初級狀態,阿拉伯聯合大公國,出口總值(含復出口),497,442800
2020-5,39069010,其他丙烯酸聚合物粒，初級狀態,阿根廷,出口總值(含復出口),205,192000
2020-5,39069010,其他丙烯酸聚合物粒，初級狀態,阿曼,出口總值(含復出口),25,16000
2020-5,39069010,其他丙烯酸聚合物粒，初級狀態,南非,出口總值(含復出口),117,102000
2020-5,39069010,其他丙烯酸聚合物粒，初級狀態,南韓,進口總值(含復進口),723,370080
2020-5,39069010,其他丙烯酸聚合物粒，初級狀態,南韓,出口總值(含復出口),76,55000
2020-5,39069010,其他丙烯酸聚合物粒，初級狀態,柬埔寨,出口總值(含復出口),79,67500
2020-5,39069010,其他丙烯酸聚合物粒，初級狀態,美國,進口總值(含復進口),668,126699
2020-5,39069010,其他丙烯酸聚合物粒，初級狀態,美國,出口總值(含復出口),768,577800
2020-5,39069010,其他丙烯酸聚合物粒，初級狀態,英國,進口總值(含復進口),0,1
2020-5,39069010,其他丙烯酸聚合物粒，初級狀態,英國,出口總值(含復出口),127,67625
2020-5,39069010,其他丙烯酸聚合物粒，初級狀態,迦納,出口總值(含復出口),264,240000
2020-5,39069010,其他丙烯酸聚合物粒，初級狀態,香港,出口總值(含復出口),549,297450
2020-5,39069010,其他丙烯酸聚合物粒，初級狀態,哥倫比亞,出口總值(含復出口),285,265000
2020-5,39069010,其他丙烯酸聚合物粒，初級狀態,埃及,出口總值(含復出口),261,159400
2020-5,39069010,其他丙烯酸聚合物粒，初級狀態,泰國,出口總值(含復出口),234,109510
2020-5,39069010,其他丙烯酸聚合物粒，初級狀態,紐西蘭,出口總值(含復出口),71,40000
2020-5,39069010,其他丙烯酸聚合物粒，初級狀態,馬來西亞,進口總值(含復進口),124,12000
2020-5,39069010,其他丙烯酸聚合物粒，初級狀態,馬來西亞,出口總值(含復出口),8,4400
2020-5,39069010,其他丙烯酸聚合物粒，初級狀態,敘利亞,出口總值(含復出口),181,184000
2020-5,39069010,其他丙烯酸聚合物粒，初級狀態,荷蘭,進口總值(含復進口),42,9375
2020-5,39069010,其他丙烯酸聚合物粒，初級狀態,荷蘭,出口總值(含復出口),58,33000
2020-5,39069010,其他丙烯酸聚合物粒，初級狀態,斯洛維尼亞,出口總值(含復出口),232,111000
2020-5,39069010,其他丙烯酸聚合物粒，初級狀態,菲律賓,出口總值(含復出口),26,14000
2020-5,39069010,其他丙烯酸聚合物粒，初級狀態,越南,出口總值(含復出口),566,382937
2020-5,39069010,其他丙烯酸聚合物粒，初級狀態,愛爾蘭,出口總值(含復出口),50,28610
2020-5,39069010,其他丙烯酸聚合物粒，初級狀態,新加坡,進口總值(含復進口),5,2080
2020-5,39069010,其他丙烯酸聚合物粒，初級狀態,新加坡,出口總值(含復出口),46,24440
2020-5,39069010,其他丙烯酸聚合物粒，初級狀態,瑞士,進口總值(含復進口),5,12
2020-5,39069010,其他丙烯酸聚合物粒，初級狀態,義大利,出口總值(含復出口),109,93200
2020-5,39069010,其他丙烯酸聚合物粒，初級狀態,德國,進口總值(含復進口),225,27067
2020-5,39069010,其他丙烯酸聚合物粒，初級狀態,墨西哥,出口總值(含復出口),883,853000
2020-5,39069010,其他丙烯酸聚合物粒，初級狀態,澳大利亞,出口總值(含復出口),136,69680
2020-5,39071000,聚縮醛，初級狀態,土耳其,出口總值(含復出口),280,234000
2020-5,39071000,聚縮醛，初級狀態,中國大陸,進口總值(含復進口),54,11000
2020-5,39071000,聚縮醛，初級狀態,中國大陸,出口總值(含復出口),7142,5305101
2020-5,39071000,聚縮醛，初級狀態,丹麥,出口總值(含復出口),22,18000
2020-5,39071000,聚縮醛，初級狀態,日本,進口總值(含復進口),424,164779
2020-5,39071000,聚縮醛，初級狀態,日本,出口總值(含復出口),471,194100
2020-5,39071000,聚縮醛，初級狀態,比利時,出口總值(含復出口),152,126000
2020-5,39071000,聚縮醛，初級狀態,印尼,出口總值(含復出口),25,20000
2020-5,39071000,聚縮醛，初級狀態,希臘,出口總值(含復出口),0,41
2020-5,39071000,聚縮醛，初級狀態,沙烏地阿拉伯,進口總值(含復進口),52,43000
2020-5,39071000,聚縮醛，初級狀態,芬蘭,出口總值(含復出口),54,36000
2020-5,39071000,聚縮醛，初級狀態,阿拉伯聯合大公國,出口總值(含復出口),51,36000
2020-5,39071000,聚縮醛，初級狀態,俄羅斯,出口總值(含復出口),46,40000
2020-5,39071000,聚縮醛，初級狀態,南韓,進口總值(含復進口),63,36000
2020-5,39071000,聚縮醛，初級狀態,柬埔寨,出口總值(含復出口),42,35000
2020-5,39071000,聚縮醛，初級狀態,美國,進口總值(含復進口),425,115075
2020-5,39071000,聚縮醛，初級狀態,美國,出口總值(含復出口),19,59
2020-5,39071000,聚縮醛，初級狀態,香港,出口總值(含復出口),750,421050
2020-5,39071000,聚縮醛，初級狀態,泰國,進口總值(含復進口),465,330000
2020-5,39071000,聚縮醛，初級狀態,泰國,出口總值(含復出口),6,2000
2020-5,39071000,聚縮醛，初級狀態,馬來西亞,進口總值(含復進口),7,3125
2020-5,39071000,聚縮醛，初級狀態,馬來西亞,出口總值(含復出口),23,13000
2020-5,39071000,聚縮醛，初級狀態,荷蘭,進口總值(含復進口),711,179000
2020-5,39071000,聚縮醛，初級狀態,菲律賓,出口總值(含復出口),8,5625
2020-5,39071000,聚縮醛，初級狀態,越南,出口總值(含復出口),389,227070
2020-5,39071000,聚縮醛，初級狀態,瑞典,進口總值(含復進口),2,173
2020-5,39071000,聚縮醛，初級狀態,德國,進口總值(含復進口),18,4125
2020-5,39071000,聚縮醛，初級狀態,德國,出口總值(含復出口),110,93000
2020-6,39069010,其他丙烯酸聚合物粒，初級狀態,土耳其,出口總值(含復出口),4776,5016000
2020-6,39069010,其他丙烯酸聚合物粒，初級狀態,中國大陸,進口總值(含復進口),798,433929
2020-6,39069010,其他丙烯酸聚合物粒，初級狀態,中國大陸,出口總值(含復出口),12173,7332298
2020-6,39069010,其他丙烯酸聚合物粒，初級狀態,厄瓜多,出口總值(含復出口),27,24000
2020-6,39069010,其他丙烯酸聚合物粒，初級狀態,巴西,出口總值(含復出口),73,72000
2020-6,39069010,其他丙烯酸聚合物粒，初級狀態,巴基斯坦,出口總值(含復出口),11,6800
2020-6,39069010,其他丙烯酸聚合物粒，初級狀態,日本,進口總值(含復進口),984,399740
2020-6,39069010,其他丙烯酸聚合物粒，初級狀態,日本,出口總值(含復出口),87,91121
2020-6,39069010,其他丙烯酸聚合物粒，初級狀態,比利時,進口總值(含復進口),97,40080
2020-6,39069010,其他丙烯酸聚合物粒，初級狀態,比利時,出口總值(含復出口),15,8000
2020-6,39069010,其他丙烯酸聚合物粒，初級狀態,以色列,進口總值(含復進口),45,5000
2020-6,39069010,其他丙烯酸聚合物粒，初級狀態,以色列,出口總值(含復出口),93,96000
2020-6,39069010,其他丙烯酸聚合物粒，初級狀態,加拿大,出口總值(含復出口),17,22400
2020-6,39069010,其他丙烯酸聚合物粒，初級狀態,立陶宛,出口總值(含復出口),32,18000
2020-6,39069010,其他丙烯酸聚合物粒，初級狀態,伊朗,出口總值(含復出口),34,28800
2020-6,39069010,其他丙烯酸聚合物粒，初級狀態,印尼,出口總值(含復出口),47,21790
2020-6,39069010,其他丙烯酸聚合物粒，初級狀態,印度,出口總值(含復出口),32,14050
2020-6,39069010,其他丙烯酸聚合物粒，初級狀態,安哥拉,出口總值(含復出口),32,28000
2020-6,39069010,其他丙烯酸聚合物粒，初級狀態,沙烏地阿拉伯,出口總值(含復出口),175,114240
2020-6,39069010,其他丙烯酸聚合物粒，初級狀態,坦尚尼亞,出口總值(含復出口),18,14000
2020-6,39069010,其他丙烯酸聚合物粒，初級狀態,波蘭,出口總值(含復出口),27,18000
2020-6,39069010,其他丙烯酸聚合物粒，初級狀態,法國,進口總值(含復進口),10,620
2020-6,39069010,其他丙烯酸聚合物粒，初級狀態,法國,出口總值(含復出口),10,6000
2020-6,39069010,其他丙烯酸聚合物粒，初級狀態,阿拉伯聯合大公國,出口總值(含復出口),66,31000
2020-6,39069010,其他丙烯酸聚合物粒，初級狀態,阿根廷,出口總值(含復出口),501,457000
2020-6,39069010,其他丙烯酸聚合物粒，初級狀態,俄羅斯,出口總值(含復出口),119,45300
2020-6,39069010,其他丙烯酸聚合物粒，初級狀態,南非,出口總值(含復出口),213,179000
2020-6,39069010,其他丙烯酸聚合物粒，初級狀態,南韓,進口總值(含復進口),339,205230
2020-6,39069010,其他丙烯酸聚合物粒，初級狀態,南韓,出口總值(含復出口),119,50530
2020-6,39069010,其他丙烯酸聚合物粒，初級狀態,約旦,出口總值(含復出口),22,16000
2020-6,39069010,其他丙烯酸聚合物粒，初級狀態,美國,進口總值(含復進口),997,115480
2020-6,39069010,其他丙烯酸聚合物粒，初級狀態,美國,出口總值(含復出口),709,607100
2020-6,39069010,其他丙烯酸聚合物粒，初級狀態,英國,進口總值(含復進口),43,18025
2020-6,39069010,其他丙烯酸聚合物粒，初級狀態,英國,出口總值(含復出口),19,10500
2020-6,39069010,其他丙烯酸聚合物粒，初級狀態,迦納,出口總值(含復出口),110,100000
2020-6,39069010,其他丙烯酸聚合物粒，初級狀態,香港,出口總值(含復出口),1105,588150
2020-6,39069010,其他丙烯酸聚合物粒，初級狀態,哥倫比亞,出口總值(含復出口),310,288000
2020-6,39069010,其他丙烯酸聚合物粒，初級狀態,埃及,出口總值(含復出口),312,320000
2020-6,39069010,其他丙烯酸聚合物粒，初級狀態,泰國,進口總值(含復進口),50,23600
2020-6,39069010,其他丙烯酸聚合物粒，初級狀態,泰國,出口總值(含復出口),267,134300
2020-6,39069010,其他丙烯酸聚合物粒，初級狀態,紐西蘭,出口總值(含復出口),26,14400
2020-6,39069010,其他丙烯酸聚合物粒，初級狀態,馬來西亞,進口總值(含復進口),35,9600
2020-6,39069010,其他丙烯酸聚合物粒，初級狀態,馬來西亞,出口總值(含復出口),77,31000
2020-6,39069010,其他丙烯酸聚合物粒，初級狀態,荷蘭,進口總值(含復進口),57,10625
2020-6,39069010,其他丙烯酸聚合物粒，初級狀態,斯里蘭卡,出口總值(含復出口),12,4000
2020-6,39069010,其他丙烯酸聚合物粒，初級狀態,斯洛維尼亞,出口總值(含復出口),28,16000
2020-6,39069010,其他丙烯酸聚合物粒，初級狀態,智利,出口總值(含復出口),21,16000
2020-6,39069010,其他丙烯酸聚合物粒，初級狀態,越南,出口總值(含復出口),296,160595
2020-6,39069010,其他丙烯酸聚合物粒，初級狀態,愛爾蘭,出口總值(含復出口),78,44990
2020-6,39069010,其他丙烯酸聚合物粒，初級狀態,新加坡,進口總值(含復進口),350,195000
2020-6,39069010,其他丙烯酸聚合物粒，初級狀態,新加坡,出口總值(含復出口),161,65225
2020-6,39069010,其他丙烯酸聚合物粒，初級狀態,瑞士,進口總值(含復進口),28,130
2020-6,39069010,其他丙烯酸聚合物粒，初級狀態,義大利,出口總值(含復出口),91,76800
2020-6,39069010,其他丙烯酸聚合物粒，初級狀態,德國,進口總值(含復進口),85,31240
2020-6,39069010,其他丙烯酸聚合物粒，初級狀態,墨西哥,出口總值(含復出口),893,809000
2020-6,39069010,其他丙烯酸聚合物粒，初級狀態,澳大利亞,進口總值(含復進口),25,9000
2020-6,39069010,其他丙烯酸聚合物粒，初級狀態,澳大利亞,出口總值(含復出口),88,48200
2020-6,39071000,聚縮醛，初級狀態,中國大陸,進口總值(含復進口),36,25199
2020-6,39071000,聚縮醛，初級狀態,中國大陸,出口總值(含復出口),6531,4807817
2020-6,39071000,聚縮醛，初級狀態,中華民國,進口總值(含復進口),1,500
2020-6,39071000,聚縮醛，初級狀態,日本,進口總值(含復進口),262,77688
2020-6,39071000,聚縮醛，初級狀態,日本,出口總值(含復出口),444,187360
2020-6,39071000,聚縮醛，初級狀態,比利時,出口總值(含復出口),175,144000
2020-6,39071000,聚縮醛，初級狀態,印尼,出口總值(含復出口),43,38000
2020-6,39071000,聚縮醛，初級狀態,沙烏地阿拉伯,進口總值(含復進口),137,114000
2020-6,39071000,聚縮醛，初級狀態,孟加拉,出口總值(含復出口),22,20000
2020-6,39071000,聚縮醛，初級狀態,肯亞,出口總值(含復出口),28,20000
2020-6,39071000,聚縮醛，初級狀態,芬蘭,出口總值(含復出口),31,18000
2020-6,39071000,聚縮醛，初級狀態,阿拉伯聯合大公國,出口總值(含復出口),102,72000
2020-6,39071000,聚縮醛，初級狀態,俄羅斯,出口總值(含復出口),46,40000
2020-6,39071000,聚縮醛，初級狀態,南韓,進口總值(含復進口),83,54000
2020-6,39071000,聚縮醛，初級狀態,柬埔寨,出口總值(含復出口),68,57000
2020-6,39071000,聚縮醛，初級狀態,美國,進口總值(含復進口),757,258278
2020-6,39071000,聚縮醛，初級狀態,英國,出口總值(含復出口),3,125
2020-6,39071000,聚縮醛，初級狀態,香港,出口總值(含復出口),428,216973
2020-6,39071000,聚縮醛，初級狀態,埃及,出口總值(含復出口),28,20000
2020-6,39071000,聚縮醛，初級狀態,泰國,進口總值(含復進口),350,249000
2020-6,39071000,聚縮醛，初級狀態,泰國,出口總值(含復出口),21,18000
2020-6,39071000,聚縮醛，初級狀態,紐西蘭,出口總值(含復出口),27,21000
2020-6,39071000,聚縮醛，初級狀態,馬來西亞,進口總值(含復進口),1,300
2020-6,39071000,聚縮醛，初級狀態,馬來西亞,出口總值(含復出口),215,177000
2020-6,39071000,聚縮醛，初級狀態,荷蘭,進口總值(含復進口),653,196000
2020-6,39071000,聚縮醛，初級狀態,荷蘭,出口總值(含復出口),172,144000
2020-6,39071000,聚縮醛，初級狀態,斯里蘭卡,出口總值(含復出口),46,40000
2020-6,39071000,聚縮醛，初級狀態,越南,出口總值(含復出口),438,301905
2020-6,39071000,聚縮醛，初級狀態,新加坡,進口總值(含復進口),48,3533
2020-6,39071000,聚縮醛，初級狀態,葡萄牙,出口總值(含復出口),22,18000
2020-6,39071000,聚縮醛，初級狀態,德國,進口總值(含復進口),167,29990
2020-6,39071000,聚縮醛，初級狀態,德國,出口總值(含復出口),46,36000
2020-6,39071000,聚縮醛，初級狀態,墨西哥,進口總值(含復進口),13,1000
2020-6,39071000,聚縮醛，初級狀態,墨西哥,出口總值(含復出口),0,100
2020-7,39069010,其他丙烯酸聚合物粒，初級狀態,土耳其,進口總值(含復進口),137,82800
2020-7,39069010,其他丙烯酸聚合物粒，初級狀態,土耳其,出口總值(含復出口),6318,6133200
2020-7,39069010,其他丙烯酸聚合物粒，初級狀態,中國大陸,進口總值(含復進口),550,267450
2020-7,39069010,其他丙烯酸聚合物粒，初級狀態,中國大陸,出口總值(含復出口),9784,5414598
2020-7,39069010,其他丙烯酸聚合物粒，初級狀態,丹麥,進口總值(含復進口),0,25
2020-7,39069010,其他丙烯酸聚合物粒，初級狀態,巴西,出口總值(含復出口),52,48000
2020-7,39069010,其他丙烯酸聚合物粒，初級狀態,巴基斯坦,出口總值(含復出口),45,15000
2020-7,39069010,其他丙烯酸聚合物粒，初級狀態,日本,進口總值(含復進口),810,312336
2020-7,39069010,其他丙烯酸聚合物粒，初級狀態,日本,出口總值(含復出口),69,77606
2020-7,39069010,其他丙烯酸聚合物粒，初級狀態,比利時,進口總值(含復進口),34,1280
2020-7,39069010,其他丙烯酸聚合物粒，初級狀態,比利時,出口總值(含復出口),17,9000
2020-7,39069010,其他丙烯酸聚合物粒，初級狀態,以色列,出口總值(含復出口),92,96000
2020-7,39069010,其他丙烯酸聚合物粒，初級狀態,加拿大,出口總值(含復出口),1,20
2020-7,39069010,其他丙烯酸聚合物粒，初級狀態,伊朗,出口總值(含復出口),58,48000
2020-7,39069010,其他丙烯酸聚合物粒，初級狀態,印尼,出口總值(含復出口),84,38380
2020-7,39069010,其他丙烯酸聚合物粒，初級狀態,印度,出口總值(含復出口),164,92480
2020-7,39069010,其他丙烯酸聚合物粒，初級狀態,安哥拉,出口總值(含復出口),219,200000
2020-7,39069010,其他丙烯酸聚合物粒，初級狀態,沙烏地阿拉伯,出口總值(含復出口),179,109600
2020-7,39069010,其他丙烯酸聚合物粒，初級狀態,坦尚尼亞,出口總值(含復出口),22,20000
2020-7,39069010,其他丙烯酸聚合物粒，初級狀態,孟加拉,出口總值(含復出口),189,100500
2020-7,39069010,其他丙烯酸聚合物粒，初級狀態,波蘭,出口總值(含復出口),37,22000
2020-7,39069010,其他丙烯酸聚合物粒，初級狀態,法國,進口總值(含復進口),5,7
2020-7,39069010,其他丙烯酸聚合物粒，初級狀態,阿拉伯聯合大公國,出口總值(含復出口),45,15000
2020-7,39069010,其他丙烯酸聚合物粒，初級狀態,阿根廷,出口總值(含復出口),35,28000
2020-7,39069010,其他丙烯酸聚合物粒，初級狀態,俄羅斯,出口總值(含復出口),9,5000
2020-7,39069010,其他丙烯酸聚合物粒，初級狀態,南非,出口總值(含復出口),269,224100
2020-7,39069010,其他丙烯酸聚合物粒，初級狀態,南韓,進口總值(含復進口),602,300335
2020-7,39069010,其他丙烯酸聚合物粒，初級狀態,南韓,出口總值(含復出口),188,91240
2020-7,39069010,其他丙烯酸聚合物粒，初級狀態,柬埔寨,出口總值(含復出口),79,67500
2020-7,39069010,其他丙烯酸聚合物粒，初級狀態,約旦,出口總值(含復出口),23,16000
2020-7,39069010,其他丙烯酸聚合物粒，初級狀態,美國,進口總值(含復進口),754,101108
2020-7,39069010,其他丙烯酸聚合物粒，初級狀態,美國,出口總值(含復出口),931,689580
2020-7,39069010,其他丙烯酸聚合物粒，初級狀態,英國,進口總值(含復進口),0,1
2020-7,39069010,其他丙烯酸聚合物粒，初級狀態,英國,出口總值(含復出口),12,7000
2020-7,39069010,其他丙烯酸聚合物粒，初級狀態,迦納,出口總值(含復出口),88,80000
2020-7,39069010,其他丙烯酸聚合物粒，初級狀態,香港,出口總值(含復出口),1259,617050
2020-7,39069010,其他丙烯酸聚合物粒，初級狀態,哥倫比亞,出口總值(含復出口),250,243000
2020-7,39069010,其他丙烯酸聚合物粒，初級狀態,埃及,出口總值(含復出口),471,444000
2020-7,39069010,其他丙烯酸聚合物粒，初級狀態,泰國,出口總值(含復出口),178,89950
2020-7,39069010,其他丙烯酸聚合物粒，初級狀態,紐西蘭,出口總值(含復出口),85,48000
2020-7,39069010,其他丙烯酸聚合物粒，初級狀態,馬來西亞,進口總值(含復進口),107,10229
2020-7,39069010,其他丙烯酸聚合物粒，初級狀態,馬來西亞,出口總值(含復出口),146,94400
2020-7,39069010,其他丙烯酸聚合物粒，初級狀態,敘利亞,出口總值(含復出口),22,23260
2020-7,39069010,其他丙烯酸聚合物粒，初級狀態,荷蘭,進口總值(含復進口),41,13125
2020-7,39069010,其他丙烯酸聚合物粒，初級狀態,荷蘭,出口總值(含復出口),43,28200
2020-7,39069010,其他丙烯酸聚合物粒，初級狀態,斯洛維尼亞,出口總值(含復出口),120,54100
2020-7,39069010,其他丙烯酸聚合物粒，初級狀態,智利,出口總值(含復出口),9,6400
2020-7,39069010,其他丙烯酸聚合物粒，初級狀態,菲律賓,出口總值(含復出口),4,2000
2020-7,39069010,其他丙烯酸聚合物粒，初級狀態,越南,出口總值(含復出口),625,399722
2020-7,39069010,其他丙烯酸聚合物粒，初級狀態,愛爾蘭,出口總值(含復出口),26,15020
2020-7,39069010,其他丙烯酸聚合物粒，初級狀態,新加坡,進口總值(含復進口),94,30100
2020-7,39069010,其他丙烯酸聚合物粒，初級狀態,新加坡,出口總值(含復出口),29,14800
2020-7,39069010,其他丙烯酸聚合物粒，初級狀態,瑞士,進口總值(含復進口),11,55
2020-7,39069010,其他丙烯酸聚合物粒，初級狀態,義大利,出口總值(含復出口),97,64000
2020-7,39069010,其他丙烯酸聚合物粒，初級狀態,德國,進口總值(含復進口),161,73001
2020-7,39069010,其他丙烯酸聚合物粒，初級狀態,模里西斯,出口總值(含復出口),3,1600
2020-7,39069010,其他丙烯酸聚合物粒，初級狀態,黎巴嫩,出口總值(含復出口),3,2400
2020-7,39069010,其他丙烯酸聚合物粒，初級狀態,墨西哥,出口總值(含復出口),279,283000
2020-7,39069010,其他丙烯酸聚合物粒，初級狀態,澳大利亞,出口總值(含復出口),111,44560
2020-7,39071000,聚縮醛，初級狀態,土耳其,出口總值(含復出口),354,306000
2020-7,39071000,聚縮醛，初級狀態,中國大陸,進口總值(含復進口),93,23223
2020-7,39071000,聚縮醛，初級狀態,中國大陸,出口總值(含復出口),6570,4789287
2020-7,39071000,聚縮醛，初級狀態,巴西,出口總值(含復出口),47,40000
2020-7,39071000,聚縮醛，初級狀態,日本,進口總值(含復進口),288,112532
2020-7,39071000,聚縮醛，初級狀態,日本,出口總值(含復出口),2,600
2020-7,39071000,聚縮醛，初級狀態,比利時,出口總值(含復出口),233,198000
2020-7,39071000,聚縮醛，初級狀態,加拿大,出口總值(含復出口),21,18000
2020-7,39071000,聚縮醛，初級狀態,印尼,出口總值(含復出口),21,18000
2020-7,39071000,聚縮醛，初級狀態,印度,出口總值(含復出口),21,18000
2020-7,39071000,聚縮醛，初級狀態,孟加拉,出口總值(含復出口),70,58000
2020-7,39071000,聚縮醛，初級狀態,阿拉伯聯合大公國,出口總值(含復出口),54,38000
2020-7,39071000,聚縮醛，初級狀態,阿根廷,出口總值(含復出口),22,18000
2020-7,39071000,聚縮醛，初級狀態,俄羅斯,出口總值(含復出口),135,116000
2020-7,39071000,聚縮醛，初級狀態,南非,出口總值(含復出口),65,54000
2020-7,39071000,聚縮醛，初級狀態,南韓,進口總值(含復進口),108,66000
2020-7,39071000,聚縮醛，初級狀態,柬埔寨,出口總值(含復出口),24,20000
2020-7,39071000,聚縮醛，初級狀態,美國,進口總值(含復進口),784,259816
2020-7,39071000,聚縮醛，初級狀態,美國,出口總值(含復出口),4,11
2020-7,39071000,聚縮醛，初級狀態,香港,出口總值(含復出口),551,277575
2020-7,39071000,聚縮醛，初級狀態,哥倫比亞,出口總值(含復出口),24,20000
2020-7,39071000,聚縮醛，初級狀態,埃及,出口總值(含復出口),103,78000
2020-7,39071000,聚縮醛，初級狀態,泰國,進口總值(含復進口),382,282000
2020-7,39071000,聚縮醛，初級狀態,烏克蘭,出口總值(含復出口),22,18000
2020-7,39071000,聚縮醛，初級狀態,馬來西亞,出口總值(含復出口),109,87000
2020-7,39071000,聚縮醛，初級狀態,荷蘭,進口總值(含復進口),809,172350
2020-7,39071000,聚縮醛，初級狀態,斯里蘭卡,出口總值(含復出口),47,40000
2020-7,39071000,聚縮醛，初級狀態,菲律賓,出口總值(含復出口),10,4000
2020-7,39071000,聚縮醛，初級狀態,越南,出口總值(含復出口),381,263605
2020-7,39071000,聚縮醛，初級狀態,新加坡,出口總值(含復出口),3,2250
2020-7,39071000,聚縮醛，初級狀態,瑞典,進口總值(含復進口),0,20
2020-7,39071000,聚縮醛，初級狀態,義大利,出口總值(含復出口),43,36000
2020-7,39071000,聚縮醛，初級狀態,葡萄牙,出口總值(含復出口),22,18000
2020-7,39071000,聚縮醛，初級狀態,德國,進口總值(含復進口),86,12463
2020-7,39071000,聚縮醛，初級狀態,德國,出口總值(含復出口),44,36000
2020-7,39071000,聚縮醛，初級狀態,墨西哥,出口總值(含復出口),67,34000
2020-8,39069010,其他丙烯酸聚合物粒，初級狀態,土耳其,出口總值(含復出口),4984,4814000
2020-8,39069010,其他丙烯酸聚合物粒，初級狀態,中國大陸,進口總值(含復進口),723,320614
2020-8,39069010,其他丙烯酸聚合物粒，初級狀態,中國大陸,出口總值(含復出口),10001,5321233
2020-8,39069010,其他丙烯酸聚合物粒，初級狀態,中華民國,進口總值(含復進口),4,2000
2020-8,39069010,其他丙烯酸聚合物粒，初級狀態,巴西,出口總值(含復出口),158,152000
2020-8,39069010,其他丙烯酸聚合物粒，初級狀態,巴林,出口總值(含復出口),14,12000
2020-8,39069010,其他丙烯酸聚合物粒，初級狀態,日本,進口總值(含復進口),972,215855
2020-8,39069010,其他丙烯酸聚合物粒，初級狀態,日本,出口總值(含復出口),144,109050
2020-8,39069010,其他丙烯酸聚合物粒，初級狀態,比利時,進口總值(含復進口),80,3040
2020-8,39069010,其他丙烯酸聚合物粒，初級狀態,比利時,出口總值(含復出口),12,6000
2020-8,39069010,其他丙烯酸聚合物粒，初級狀態,以色列,進口總值(含復進口),183,20000
2020-8,39069010,其他丙烯酸聚合物粒，初級狀態,以色列,出口總值(含復出口),169,166000
2020-8,39069010,其他丙烯酸聚合物粒，初級狀態,加拿大,出口總值(含復出口),88,30400
2020-8,39069010,其他丙烯酸聚合物粒，初級狀態,卡達,出口總值(含復出口),34,32000
2020-8,39069010,其他丙烯酸聚合物粒，初級狀態,立陶宛,出口總值(含復出口),67,36000
2020-8,39069010,其他丙烯酸聚合物粒，初級狀態,印尼,出口總值(含復出口),58,25000
2020-8,39069010,其他丙烯酸聚合物粒，初級狀態,印度,出口總值(含復出口),6,4000
2020-8,39069010,其他丙烯酸聚合物粒，初級狀態,安哥拉,出口總值(含復出口),110,100000
2020-8,39069010,其他丙烯酸聚合物粒，初級狀態,西班牙,出口總值(含復出口),33,20500
2020-8,39069010,其他丙烯酸聚合物粒，初級狀態,沙烏地阿拉伯,出口總值(含復出口),56,31200
2020-8,39069010,其他丙烯酸聚合物粒，初級狀態,坦尚尼亞,出口總值(含復出口),35,32000
2020-8,39069010,其他丙烯酸聚合物粒，初級狀態,孟加拉,出口總值(含復出口),350,168408
2020-8,39069010,其他丙烯酸聚合物粒，初級狀態,波蘭,出口總值(含復出口),39,24000
2020-8,39069010,其他丙烯酸聚合物粒，初級狀態,法國,進口總值(含復進口),15,1057
2020-8,39069010,其他丙烯酸聚合物粒，初級狀態,法國,出口總值(含復出口),61,32000
2020-8,39069010,其他丙烯酸聚合物粒，初級狀態,肯亞,出口總值(含復出口),62,48000
2020-8,39069010,其他丙烯酸聚合物粒，初級狀態,阿拉伯聯合大公國,出口總值(含復出口),572,496500
2020-8,39069010,其他丙烯酸聚合物粒，初級狀態,阿根廷,出口總值(含復出口),436,435000
2020-8,39069010,其他丙烯酸聚合物粒，初級狀態,阿曼,出口總值(含復出口),23,16000
2020-8,39069010,其他丙烯酸聚合物粒，初級狀態,俄羅斯,出口總值(含復出口),35,21400
2020-8,39069010,其他丙烯酸聚合物粒，初級狀態,南非,出口總值(含復出口),81,60000
2020-8,39069010,其他丙烯酸聚合物粒，初級狀態,南韓,進口總值(含復進口),722,431747
2020-8,39069010,其他丙烯酸聚合物粒，初級狀態,南韓,出口總值(含復出口),201,145600
2020-8,39069010,其他丙烯酸聚合物粒，初級狀態,柬埔寨,出口總值(含復出口),79,67500
2020-8,39069010,其他丙烯酸聚合物粒，初級狀態,突尼西亞,出口總值(含復出口),208,208000
2020-8,39069010,其他丙烯酸聚合物粒，初級狀態,美國,進口總值(含復進口),546,24925
2020-8,39069010,其他丙烯酸聚合物粒，初級狀態,美國,出口總值(含復出口),702,421340
2020-8,39069010,其他丙烯酸聚合物粒，初級狀態,英國,進口總值(含復進口),4,900
2020-8,39069010,其他丙烯酸聚合物粒，初級狀態,英國,出口總值(含復出口),36,19750
2020-8,39069010,其他丙烯酸聚合物粒，初級狀態,迦納,出口總值(含復出口),242,220000
2020-8,39069010,其他丙烯酸聚合物粒，初級狀態,香港,出口總值(含復出口),780,368300
2020-8,39069010,其他丙烯酸聚合物粒，初級狀態,哥倫比亞,出口總值(含復出口),51,33200
2020-8,39069010,其他丙烯酸聚合物粒，初級狀態,埃及,出口總值(含復出口),480,410000
2020-8,39069010,其他丙烯酸聚合物粒，初級狀態,泰國,出口總值(含復出口),152,83600
2020-8,39069010,其他丙烯酸聚合物粒，初級狀態,烏克蘭,出口總值(含復出口),9,3000
2020-8,39069010,其他丙烯酸聚合物粒，初級狀態,紐西蘭,出口總值(含復出口),67,37000
2020-8,39069010,其他丙烯酸聚合物粒，初級狀態,馬來西亞,出口總值(含復出口),220,140520
2020-8,39069010,其他丙烯酸聚合物粒，初級狀態,荷蘭,出口總值(含復出口),54,28000
2020-8,39069010,其他丙烯酸聚合物粒，初級狀態,斯里蘭卡,出口總值(含復出口),2,1400
2020-8,39069010,其他丙烯酸聚合物粒，初級狀態,斯洛維尼亞,出口總值(含復出口),113,56000
2020-8,39069010,其他丙烯酸聚合物粒，初級狀態,菲律賓,出口總值(含復出口),87,42600
2020-8,39069010,其他丙烯酸聚合物粒，初級狀態,越南,出口總值(含復出口),684,484888
2020-8,39069010,其他丙烯酸聚合物粒，初級狀態,愛爾蘭,出口總值(含復出口),25,14430
2020-8,39069010,其他丙烯酸聚合物粒，初級狀態,新加坡,進口總值(含復進口),148,66000
2020-8,39069010,其他丙烯酸聚合物粒，初級狀態,新加坡,出口總值(含復出口),58,32190
2020-8,39069010,其他丙烯酸聚合物粒，初級狀態,瑞士,進口總值(含復進口),34,164
2020-8,39069010,其他丙烯酸聚合物粒，初級狀態,義大利,出口總值(含復出口),56,34000
2020-8,39069010,其他丙烯酸聚合物粒，初級狀態,德國,進口總值(含復進口),54,24001
2020-8,39069010,其他丙烯酸聚合物粒，初級狀態,模里西斯,出口總值(含復出口),6,3400
2020-8,39069010,其他丙烯酸聚合物粒，初級狀態,墨西哥,出口總值(含復出口),1132,1216000
2020-8,39069010,其他丙烯酸聚合物粒，初級狀態,澳大利亞,進口總值(含復進口),11,3600
2020-8,39069010,其他丙烯酸聚合物粒，初級狀態,澳大利亞,出口總值(含復出口),76,42440
2020-8,39071000,聚縮醛，初級狀態,土耳其,出口總值(含復出口),64,54000
2020-8,39071000,聚縮醛，初級狀態,中國大陸,進口總值(含復進口),55,15300
2020-8,39071000,聚縮醛，初級狀態,中國大陸,出口總值(含復出口),6299,4343050
2020-8,39071000,聚縮醛，初級狀態,日本,進口總值(含復進口),319,109815
2020-8,39071000,聚縮醛，初級狀態,日本,出口總值(含復出口),83,40500
2020-8,39071000,聚縮醛，初級狀態,比利時,出口總值(含復出口),122,102000
2020-8,39071000,聚縮醛，初級狀態,以色列,出口總值(含復出口),22,18000
2020-8,39071000,聚縮醛，初級狀態,印尼,出口總值(含復出口),21,18000
2020-8,39071000,聚縮醛，初級狀態,印度,出口總值(含復出口),21,18000
2020-8,39071000,聚縮醛，初級狀態,克羅埃西亞,出口總值(含復出口),64,54000
2020-8,39071000,聚縮醛，初級狀態,沙烏地阿拉伯,進口總值(含復進口),46,38000
2020-8,39071000,聚縮醛，初級狀態,孟加拉,出口總值(含復出口),76,64500
2020-8,39071000,聚縮醛，初級狀態,阿拉伯聯合大公國,出口總值(含復出口),103,72000
2020-8,39071000,聚縮醛，初級狀態,俄羅斯,出口總值(含復出口),161,138000
2020-8,39071000,聚縮醛，初級狀態,南非,出口總值(含復出口),65,54000
2020-8,39071000,聚縮醛，初級狀態,南韓,進口總值(含復進口),77,60080
2020-8,39071000,聚縮醛，初級狀態,美國,進口總值(含復進口),443,164325
2020-8,39071000,聚縮醛，初級狀態,英國,出口總值(含復出口),22,18000
2020-8,39071000,聚縮醛，初級狀態,香港,出口總值(含復出口),580,308200
2020-8,39071000,聚縮醛，初級狀態,哥倫比亞,出口總值(含復出口),47,40000
2020-8,39071000,聚縮醛，初級狀態,泰國,進口總值(含復進口),240,163000
2020-8,39071000,聚縮醛，初級狀態,烏克蘭,出口總值(含復出口),25,20000
2020-8,39071000,聚縮醛，初級狀態,馬來西亞,進口總值(含復進口),370,304475
2020-8,39071000,聚縮醛，初級狀態,馬來西亞,出口總值(含復出口),242,193500
2020-8,39071000,聚縮醛，初級狀態,荷蘭,進口總值(含復進口),355,77825
2020-8,39071000,聚縮醛，初級狀態,荷蘭,出口總值(含復出口),22,18000
2020-8,39071000,聚縮醛，初級狀態,斯里蘭卡,出口總值(含復出口),48,40000
2020-8,39071000,聚縮醛，初級狀態,菲律賓,出口總值(含復出口),6,24
2020-8,39071000,聚縮醛，初級狀態,越南,出口總值(含復出口),361,243750
2020-8,39071000,聚縮醛，初級狀態,義大利,出口總值(含復出口),164,126000
2020-8,39071000,聚縮醛，初級狀態,德國,進口總值(含復進口),32,19500
2020-8,39071000,聚縮醛，初級狀態,德國,出口總值(含復出口),112,90000
2020-8,39071000,聚縮醛，初級狀態,墨西哥,出口總值(含復出口),80,35000
2020-9,39069010,其他丙烯酸聚合物粒，初級狀態,土耳其,進口總值(含復進口),33,20700
2020-9,39069010,其他丙烯酸聚合物粒，初級狀態,土耳其,出口總值(含復出口),2826,2696400
2020-9,39069010,其他丙烯酸聚合物粒，初級狀態,中國大陸,進口總值(含復進口),1171,567697
2020-9,39069010,其他丙烯酸聚合物粒，初級狀態,中國大陸,出口總值(含復出口),13412,6916184
2020-9,39069010,其他丙烯酸聚合物粒，初級狀態,中華民國,進口總值(含復進口),12,4000
2020-9,39069010,其他丙烯酸聚合物粒，初級狀態,厄瓜多,出口總值(含復出口),30,25000
2020-9,39069010,其他丙烯酸聚合物粒，初級狀態,巴西,出口總值(含復出口),146,143000
2020-9,39069010,其他丙烯酸聚合物粒，初級狀態,巴基斯坦,出口總值(含復出口),321,294000
2020-9,39069010,其他丙烯酸聚合物粒，初級狀態,日本,進口總值(含復進口),660,247966
2020-9,39069010,其他丙烯酸聚合物粒，初級狀態,日本,出口總值(含復出口),126,136982
2020-9,39069010,其他丙烯酸聚合物粒，初級狀態,比利時,進口總值(含復進口),58,2780
2020-9,39069010,其他丙烯酸聚合物粒，初級狀態,比利時,出口總值(含復出口),21,10100
2020-9,39069010,其他丙烯酸聚合物粒，初級狀態,以色列,出口總值(含復出口),79,80000
2020-9,39069010,其他丙烯酸聚合物粒，初級狀態,立陶宛,出口總值(含復出口),36,18000
2020-9,39069010,其他丙烯酸聚合物粒，初級狀態,印尼,出口總值(含復出口),125,40260
2020-9,39069010,其他丙烯酸聚合物粒，初級狀態,印度,出口總值(含復出口),169,87090
2020-9,39069010,其他丙烯酸聚合物粒，初級狀態,西班牙,出口總值(含復出口),49,32000
2020-9,39069010,其他丙烯酸聚合物粒，初級狀態,沙烏地阿拉伯,出口總值(含復出口),79,47200
2020-9,39069010,其他丙烯酸聚合物粒，初級狀態,坦尚尼亞,出口總值(含復出口),27,19200
2020-9,39069010,其他丙烯酸聚合物粒，初級狀態,孟加拉,出口總值(含復出口),404,316140
2020-9,39069010,其他丙烯酸聚合物粒，初級狀態,波蘭,出口總值(含復出口),109,72000
2020-9,39069010,其他丙烯酸聚合物粒，初級狀態,法國,進口總值(含復進口),102,23160
2020-9,39069010,其他丙烯酸聚合物粒，初級狀態,法國,出口總值(含復出口),64,32000
2020-9,39069010,其他丙烯酸聚合物粒，初級狀態,阿拉伯聯合大公國,出口總值(含復出口),27,16000
2020-9,39069010,其他丙烯酸聚合物粒，初級狀態,阿根廷,出口總值(含復出口),627,648000
2020-9,39069010,其他丙烯酸聚合物粒，初級狀態,阿曼,出口總值(含復出口),74,48000
2020-9,39069010,其他丙烯酸聚合物粒，初級狀態,南非,出口總值(含復出口),117,88400
2020-9,39069010,其他丙烯酸聚合物粒，初級狀態,南韓,進口總值(含復進口),367,197761
2020-9,39069010,其他丙烯酸聚合物粒，初級狀態,南韓,出口總值(含復出口),223,166615
2020-9,39069010,其他丙烯酸聚合物粒，初級狀態,柬埔寨,出口總值(含復出口),79,67500
2020-9,39069010,其他丙烯酸聚合物粒，初級狀態,美國,進口總值(含復進口),451,27944
2020-9,39069010,其他丙烯酸聚合物粒，初級狀態,美國,出口總值(含復出口),407,187010
2020-9,39069010,其他丙烯酸聚合物粒，初級狀態,英國,進口總值(含復進口),0,0
2020-9,39069010,其他丙烯酸聚合物粒，初級狀態,英國,出口總值(含復出口),51,27000
2020-9,39069010,其他丙烯酸聚合物粒，初級狀態,迦納,出口總值(含復出口),198,180000
2020-9,39069010,其他丙烯酸聚合物粒，初級狀態,香港,出口總值(含復出口),769,345710
2020-9,39069010,其他丙烯酸聚合物粒，初級狀態,哥倫比亞,出口總值(含復出口),37,30000
2020-9,39069010,其他丙烯酸聚合物粒，初級狀態,埃及,出口總值(含復出口),87,63600
2020-9,39069010,其他丙烯酸聚合物粒，初級狀態,泰國,進口總值(含復進口),50,23800
2020-9,39069010,其他丙烯酸聚合物粒，初級狀態,泰國,出口總值(含復出口),318,161220
2020-9,39069010,其他丙烯酸聚合物粒，初級狀態,紐西蘭,出口總值(含復出口),29,16000
2020-9,39069010,其他丙烯酸聚合物粒，初級狀態,馬來西亞,出口總值(含復出口),128,63140
2020-9,39069010,其他丙烯酸聚合物粒，初級狀態,敘利亞,出口總值(含復出口),123,122000
2020-9,39069010,其他丙烯酸聚合物粒，初級狀態,荷蘭,進口總值(含復進口),30,11250
2020-9,39069010,其他丙烯酸聚合物粒，初級狀態,荷蘭,出口總值(含復出口),111,69900
2020-9,39069010,其他丙烯酸聚合物粒，初級狀態,斯洛維尼亞,出口總值(含復出口),15,10000
2020-9,39069010,其他丙烯酸聚合物粒，初級狀態,菲律賓,出口總值(含復出口),13,9000
2020-9,39069010,其他丙烯酸聚合物粒，初級狀態,越南,出口總值(含復出口),851,643821
2020-9,39069010,其他丙烯酸聚合物粒，初級狀態,愛爾蘭,出口總值(含復出口),148,78010
2020-9,39069010,其他丙烯酸聚合物粒，初級狀態,新加坡,進口總值(含復進口),89,16600
2020-9,39069010,其他丙烯酸聚合物粒，初級狀態,新加坡,出口總值(含復出口),84,45600
2020-9,39069010,其他丙烯酸聚合物粒，初級狀態,瑞士,進口總值(含復進口),4,16
2020-9,39069010,其他丙烯酸聚合物粒，初級狀態,義大利,出口總值(含復出口),71,43000
2020-9,39069010,其他丙烯酸聚合物粒，初級狀態,德國,進口總值(含復進口),332,84915
2020-9,39069010,其他丙烯酸聚合物粒，初級狀態,德國,出口總值(含復出口),0,20
2020-9,39069010,其他丙烯酸聚合物粒，初級狀態,墨西哥,出口總值(含復出口),1327,1417000
2020-9,39069010,其他丙烯酸聚合物粒，初級狀態,澳大利亞,出口總值(含復出口),26,14000
2020-9,39071000,聚縮醛，初級狀態,土耳其,出口總值(含復出口),42,36000
2020-9,39071000,聚縮醛，初級狀態,中國大陸,進口總值(含復進口),101,23045
2020-9,39071000,聚縮醛，初級狀態,中國大陸,出口總值(含復出口),6753,4655125
2020-9,39071000,聚縮醛，初級狀態,日本,進口總值(含復進口),256,118146
2020-9,39071000,聚縮醛，初級狀態,比利時,出口總值(含復出口),257,210000
2020-9,39071000,聚縮醛，初級狀態,加拿大,出口總值(含復出口),14,9000
2020-9,39071000,聚縮醛，初級狀態,印尼,出口總值(含復出口),46,36000
2020-9,39071000,聚縮醛，初級狀態,孟加拉,出口總值(含復出口),14,7875
2020-9,39071000,聚縮醛，初級狀態,阿拉伯聯合大公國,出口總值(含復出口),25,18000
2020-9,39071000,聚縮醛，初級狀態,阿根廷,出口總值(含復出口),21,18000
2020-9,39071000,聚縮醛，初級狀態,俄羅斯,出口總值(含復出口),48,40000
2020-9,39071000,聚縮醛，初級狀態,南非,出口總值(含復出口),45,36000
2020-9,39071000,聚縮醛，初級狀態,南韓,進口總值(含復進口),127,94000
2020-9,39071000,聚縮醛，初級狀態,美國,進口總值(含復進口),186,23568
2020-9,39071000,聚縮醛，初級狀態,美國,出口總值(含復出口),34,18025
2020-9,39071000,聚縮醛，初級狀態,英國,出口總值(含復出口),23,18000
2020-9,39071000,聚縮醛，初級狀態,香港,出口總值(含復出口),681,305075
2020-9,39071000,聚縮醛，初級狀態,泰國,進口總值(含復進口),383,280000
2020-9,39071000,聚縮醛，初級狀態,泰國,出口總值(含復出口),31,21000
2020-9,39071000,聚縮醛，初級狀態,烏克蘭,出口總值(含復出口),44,36000
2020-9,39071000,聚縮醛，初級狀態,馬來西亞,進口總值(含復進口),5,1225
2020-9,39071000,聚縮醛，初級狀態,馬來西亞,出口總值(含復出口),84,65500
2020-9,39071000,聚縮醛，初級狀態,荷蘭,進口總值(含復進口),128,35500
2020-9,39071000,聚縮醛，初級狀態,荷蘭,出口總值(含復出口),20,18000
2020-9,39071000,聚縮醛，初級狀態,斯里蘭卡,出口總值(含復出口),44,36000
2020-9,39071000,聚縮醛，初級狀態,斯洛維尼亞,出口總值(含復出口),23,18000
2020-9,39071000,聚縮醛，初級狀態,菲律賓,出口總值(含復出口),23,11625
2020-9,39071000,聚縮醛，初級狀態,越南,出口總值(含復出口),516,363700
2020-9,39071000,聚縮醛，初級狀態,新加坡,進口總值(含復進口),28,2525
2020-9,39071000,聚縮醛，初級狀態,葡萄牙,出口總值(含復出口),22,18000
2020-9,39071000,聚縮醛，初級狀態,德國,進口總值(含復進口),76,24800
2020-9,39071000,聚縮醛，初級狀態,德國,出口總值(含復出口),47,36000
2020-9,39071000,聚縮醛，初級狀態,澳大利亞,出口總值(含復出口),25,18000
2020-10,39069010,其他丙烯酸聚合物粒，初級狀態,土耳其,進口總值(含復進口),33,20700
2020-10,39069010,其他丙烯酸聚合物粒，初級狀態,土耳其,出口總值(含復出口),2544,2470600
2020-10,39069010,其他丙烯酸聚合物粒，初級狀態,中國大陸,進口總值(含復進口),1054,519438
2020-10,39069010,其他丙烯酸聚合物粒，初級狀態,中國大陸,出口總值(含復出口),14744,7688732
2020-10,39069010,其他丙烯酸聚合物粒，初級狀態,中華民國,進口總值(含復進口),0,0
2020-10,39069010,其他丙烯酸聚合物粒，初級狀態,巴西,出口總值(含復出口),92,116000
2020-10,39069010,其他丙烯酸聚合物粒，初級狀態,巴基斯坦,出口總值(含復出口),660,608000
2020-10,39069010,其他丙烯酸聚合物粒，初級狀態,日本,進口總值(含復進口),548,225175
2020-10,39069010,其他丙烯酸聚合物粒，初級狀態,日本,出口總值(含復出口),156,129320
2020-10,39069010,其他丙烯酸聚合物粒，初級狀態,以色列,出口總值(含復出口),330,327200
2020-10,39069010,其他丙烯酸聚合物粒，初級狀態,卡達,出口總值(含復出口),38,32000
2020-10,39069010,其他丙烯酸聚合物粒，初級狀態,立陶宛,出口總值(含復出口),112,54000
2020-10,39069010,其他丙烯酸聚合物粒，初級狀態,伊朗,出口總值(含復出口),37,28800
2020-10,39069010,其他丙烯酸聚合物粒，初級狀態,印尼,出口總值(含復出口),177,91490
2020-10,39069010,其他丙烯酸聚合物粒，初級狀態,印度,出口總值(含復出口),134,58164
2020-10,39069010,其他丙烯酸聚合物粒，初級狀態,西班牙,出口總值(含復出口),7,4500
2020-10,39069010,其他丙烯酸聚合物粒，初級狀態,沙烏地阿拉伯,出口總值(含復出口),250,161200
2020-10,39069010,其他丙烯酸聚合物粒，初級狀態,坦尚尼亞,出口總值(含復出口),39,36000
2020-10,39069010,其他丙烯酸聚合物粒，初級狀態,孟加拉,出口總值(含復出口),343,207080
2020-10,39069010,其他丙烯酸聚合物粒，初級狀態,波蘭,出口總值(含復出口),196,126000
2020-10,39069010,其他丙烯酸聚合物粒，初級狀態,法國,進口總值(含復進口),30,840
2020-10,39069010,其他丙烯酸聚合物粒，初級狀態,阿拉伯聯合大公國,出口總值(含復出口),346,264600
2020-10,39069010,其他丙烯酸聚合物粒，初級狀態,阿根廷,出口總值(含復出口),952,984000
2020-10,39069010,其他丙烯酸聚合物粒，初級狀態,俄羅斯,出口總值(含復出口),28,18000
2020-10,39069010,其他丙烯酸聚合物粒，初級狀態,南非,出口總值(含復出口),183,158400
2020-10,39069010,其他丙烯酸聚合物粒，初級狀態,南韓,進口總值(含復進口),808,472850
2020-10,39069010,其他丙烯酸聚合物粒，初級狀態,南韓,出口總值(含復出口),142,111025
2020-10,39069010,其他丙烯酸聚合物粒，初級狀態,柬埔寨,出口總值(含復出口),80,67500
2020-10,39069010,其他丙烯酸聚合物粒，初級狀態,美國,進口總值(含復進口),340,37600
2020-10,39069010,其他丙烯酸聚合物粒，初級狀態,美國,出口總值(含復出口),1446,929600
2020-10,39069010,其他丙烯酸聚合物粒，初級狀態,英國,進口總值(含復進口),40,18100
2020-10,39069010,其他丙烯酸聚合物粒，初級狀態,英國,出口總值(含復出口),108,54000
2020-10,39069010,其他丙烯酸聚合物粒，初級狀態,香港,出口總值(含復出口),1064,438725
2020-10,39069010,其他丙烯酸聚合物粒，初級狀態,哥倫比亞,出口總值(含復出口),58,53800
2020-10,39069010,其他丙烯酸聚合物粒，初級狀態,埃及,出口總值(含復出口),376,289800
2020-10,39069010,其他丙烯酸聚合物粒，初級狀態,泰國,出口總值(含復出口),213,98550
2020-10,39069010,其他丙烯酸聚合物粒，初級狀態,紐西蘭,出口總值(含復出口),63,32000
2020-10,39069010,其他丙烯酸聚合物粒，初級狀態,馬來西亞,出口總值(含復出口),114,34211
2020-10,39069010,其他丙烯酸聚合物粒，初級狀態,荷蘭,進口總值(含復進口),36,20000
2020-10,39069010,其他丙烯酸聚合物粒，初級狀態,荷蘭,出口總值(含復出口),65,37600
2020-10,39069010,其他丙烯酸聚合物粒，初級狀態,斯洛維尼亞,出口總值(含復出口),172,72000
2020-10,39069010,其他丙烯酸聚合物粒，初級狀態,智利,出口總值(含復出口),23,11000
2020-10,39069010,其他丙烯酸聚合物粒，初級狀態,越南,出口總值(含復出口),821,517023
2020-10,39069010,其他丙烯酸聚合物粒，初級狀態,愛爾蘭,出口總值(含復出口),120,62490
2020-10,39069010,其他丙烯酸聚合物粒，初級狀態,新加坡,進口總值(含復進口),147,55000
2020-10,39069010,其他丙烯酸聚合物粒，初級狀態,新加坡,出口總值(含復出口),18,10400
2020-10,39069010,其他丙烯酸聚合物粒，初級狀態,瑞士,進口總值(含復進口),2,8
2020-10,39069010,其他丙烯酸聚合物粒，初級狀態,義大利,出口總值(含復出口),20,12000
2020-10,39069010,其他丙烯酸聚合物粒，初級狀態,德國,進口總值(含復進口),170,30492
2020-10,39069010,其他丙烯酸聚合物粒，初級狀態,模里西斯,出口總值(含復出口),5,2800
2020-10,39069010,其他丙烯酸聚合物粒，初級狀態,墨西哥,出口總值(含復出口),988,1064000
2020-10,39069010,其他丙烯酸聚合物粒，初級狀態,澳大利亞,出口總值(含復出口),73,41600
2020-10,39071000,聚縮醛，初級狀態,土耳其,出口總值(含復出口),85,72000
2020-10,39071000,聚縮醛，初級狀態,中國大陸,進口總值(含復進口),38,11000
2020-10,39071000,聚縮醛，初級狀態,中國大陸,出口總值(含復出口),6068,4041950
2020-10,39071000,聚縮醛，初級狀態,日本,進口總值(含復進口),542,150870
2020-10,39071000,聚縮醛，初級狀態,日本,出口總值(含復出口),388,178000
2020-10,39071000,聚縮醛，初級狀態,比利時,出口總值(含復出口),335,258000
2020-10,39071000,聚縮醛，初級狀態,以色列,進口總值(含復進口),18,2985
2020-10,39071000,聚縮醛，初級狀態,印尼,出口總值(含復出口),52,30000
2020-10,39071000,聚縮醛，初級狀態,印度,出口總值(含復出口),48,40000
2020-10,39071000,聚縮醛，初級狀態,西班牙,出口總值(含復出口),48,36000
2020-10,39071000,聚縮醛，初級狀態,孟加拉,出口總值(含復出口),104,71250
2020-10,39071000,聚縮醛，初級狀態,芬蘭,出口總值(含復出口),32,18000
2020-10,39071000,聚縮醛，初級狀態,俄羅斯,出口總值(含復出口),192,154000
2020-10,39071000,聚縮醛，初級狀態,南韓,進口總值(含復進口),208,176000
2020-10,39071000,聚縮醛，初級狀態,美國,進口總值(含復進口),194,68550
2020-10,39071000,聚縮醛，初級狀態,美國,出口總值(含復出口),67,31758
2020-10,39071000,聚縮醛，初級狀態,香港,出口總值(含復出口),815,378300
2020-10,39071000,聚縮醛，初級狀態,泰國,進口總值(含復進口),492,336550
2020-10,39071000,聚縮醛，初級狀態,泰國,出口總值(含復出口),4,170
2020-10,39071000,聚縮醛，初級狀態,馬來西亞,進口總值(含復進口),9,3025
2020-10,39071000,聚縮醛，初級狀態,馬來西亞,出口總值(含復出口),177,117500
2020-10,39071000,聚縮醛，初級狀態,荷蘭,進口總值(含復進口),328,83000
2020-10,39071000,聚縮醛，初級狀態,荷蘭,出口總值(含復出口),186,144000
2020-10,39071000,聚縮醛，初級狀態,斯洛維尼亞,出口總值(含復出口),70,54000
2020-10,39071000,聚縮醛，初級狀態,越南,出口總值(含復出口),590,402522
2020-10,39071000,聚縮醛，初級狀態,新加坡,進口總值(含復進口),16,992
2020-10,39071000,聚縮醛，初級狀態,義大利,出口總值(含復出口),195,144054
2020-10,39071000,聚縮醛，初級狀態,德國,進口總值(含復進口),29,3000
2020-10,39071000,聚縮醛，初級狀態,德國,出口總值(含復出口),71,54000
2020-11,39069010,其他丙烯酸聚合物粒，初級狀態,土耳其,進口總值(含復進口),61,38700
2020-11,39069010,其他丙烯酸聚合物粒，初級狀態,土耳其,出口總值(含復出口),695,601400
2020-11,39069010,其他丙烯酸聚合物粒，初級狀態,中國大陸,進口總值(含復進口),1012,440074
2020-11,39069010,其他丙烯酸聚合物粒，初級狀態,中國大陸,出口總值(含復出口),17882,9149099
2020-11,39069010,其他丙烯酸聚合物粒，初級狀態,厄瓜多,出口總值(含復出口),4,2000
2020-11,39069010,其他丙烯酸聚合物粒，初級狀態,巴西,出口總值(含復出口),43,48000
2020-11,39069010,其他丙烯酸聚合物粒，初級狀態,巴基斯坦,出口總值(含復出口),458,386300
2020-11,39069010,其他丙烯酸聚合物粒，初級狀態,日本,進口總值(含復進口),480,176015
2020-11,39069010,其他丙烯酸聚合物粒，初級狀態,日本,出口總值(含復出口),112,111276
2020-11,39069010,其他丙烯酸聚合物粒，初級狀態,比利時,進口總值(含復進口),14,640
2020-11,39069010,其他丙烯酸聚合物粒，初級狀態,以色列,出口總值(含復出口),5,2000
2020-11,39069010,其他丙烯酸聚合物粒，初級狀態,立陶宛,出口總值(含復出口),172,72000
2020-11,39069010,其他丙烯酸聚合物粒，初級狀態,印尼,出口總值(含復出口),141,61200
2020-11,39069010,其他丙烯酸聚合物粒，初級狀態,印度,出口總值(含復出口),92,52880
2020-11,39069010,其他丙烯酸聚合物粒，初級狀態,西班牙,出口總值(含復出口),143,89000
2020-11,39069010,其他丙烯酸聚合物粒，初級狀態,沙烏地阿拉伯,出口總值(含復出口),311,222040
2020-11,39069010,其他丙烯酸聚合物粒，初級狀態,坦尚尼亞,出口總值(含復出口),53,48000
2020-11,39069010,其他丙烯酸聚合物粒，初級狀態,孟加拉,出口總值(含復出口),132,70140
2020-11,39069010,其他丙烯酸聚合物粒，初級狀態,波蘭,出口總值(含復出口),120,72000
2020-11,39069010,其他丙烯酸聚合物粒，初級狀態,法國,進口總值(含復進口),52,3200
2020-11,39069010,其他丙烯酸聚合物粒，初級狀態,法國,出口總值(含復出口),34,16100
2020-11,39069010,其他丙烯酸聚合物粒，初級狀態,肯亞,出口總值(含復出口),67,51200
2020-11,39069010,其他丙烯酸聚合物粒，初級狀態,阿拉伯聯合大公國,出口總值(含復出口),562,460600
2020-11,39069010,其他丙烯酸聚合物粒，初級狀態,阿根廷,出口總值(含復出口),702,716400
2020-11,39069010,其他丙烯酸聚合物粒，初級狀態,阿曼,出口總值(含復出口),21,16000
2020-11,39069010,其他丙烯酸聚合物粒，初級狀態,俄羅斯,出口總值(含復出口),26,12000
2020-11,39069010,其他丙烯酸聚合物粒，初級狀態,南非,出口總值(含復出口),18,12000
2020-11,39069010,其他丙烯酸聚合物粒，初級狀態,南韓,進口總值(含復進口),841,450000
2020-11,39069010,其他丙烯酸聚合物粒，初級狀態,南韓,出口總值(含復出口),408,233400
2020-11,39069010,其他丙烯酸聚合物粒，初級狀態,柬埔寨,出口總值(含復出口),79,67500
2020-11,39069010,其他丙烯酸聚合物粒，初級狀態,約旦,出口總值(含復出口),67,48000
2020-11,39069010,其他丙烯酸聚合物粒，初級狀態,美國,進口總值(含復進口),636,29324
2020-11,39069010,其他丙烯酸聚合物粒，初級狀態,美國,出口總值(含復出口),1216,1147860
2020-11,39069010,其他丙烯酸聚合物粒，初級狀態,英國,進口總值(含復進口),19,8000
2020-11,39069010,其他丙烯酸聚合物粒，初級狀態,英國,出口總值(含復出口),175,78250
2020-11,39069010,其他丙烯酸聚合物粒，初級狀態,迦納,出口總值(含復出口),22,20000
2020-11,39069010,其他丙烯酸聚合物粒，初級狀態,香港,出口總值(含復出口),631,243000
2020-11,39069010,其他丙烯酸聚合物粒，初級狀態,哥倫比亞,出口總值(含復出口),208,183000
2020-11,39069010,其他丙烯酸聚合物粒，初級狀態,埃及,出口總值(含復出口),585,490200
2020-11,39069010,其他丙烯酸聚合物粒，初級狀態,泰國,出口總值(含復出口),303,148415
2020-11,39069010,其他丙烯酸聚合物粒，初級狀態,紐西蘭,出口總值(含復出口),120,58600
2020-11,39069010,其他丙烯酸聚合物粒，初級狀態,馬來西亞,出口總值(含復出口),77,37202
2020-11,39069010,其他丙烯酸聚合物粒，初級狀態,敘利亞,出口總值(含復出口),25,24000
2020-11,39069010,其他丙烯酸聚合物粒，初級狀態,荷蘭,進口總值(含復進口),58,32000
2020-11,39069010,其他丙烯酸聚合物粒，初級狀態,荷蘭,出口總值(含復出口),37,16000
2020-11,39069010,其他丙烯酸聚合物粒，初級狀態,斯洛維尼亞,出口總值(含復出口),167,85000
2020-11,39069010,其他丙烯酸聚合物粒，初級狀態,菲律賓,出口總值(含復出口),6,3000
2020-11,39069010,其他丙烯酸聚合物粒，初級狀態,越南,出口總值(含復出口),709,443951
2020-11,39069010,其他丙烯酸聚合物粒，初級狀態,愛爾蘭,出口總值(含復出口),196,90920
2020-11,39069010,其他丙烯酸聚合物粒，初級狀態,新加坡,進口總值(含復進口),197,41000
2020-11,39069010,其他丙烯酸聚合物粒，初級狀態,新加坡,出口總值(含復出口),14,6900
2020-11,39069010,其他丙烯酸聚合物粒，初級狀態,瑞士,進口總值(含復進口),6,20
2020-11,39069010,其他丙烯酸聚合物粒，初級狀態,瑞典,出口總值(含復出口),38,18000
2020-11,39069010,其他丙烯酸聚合物粒，初級狀態,義大利,出口總值(含復出口),159,108000
2020-11,39069010,其他丙烯酸聚合物粒，初級狀態,德國,進口總值(含復進口),139,21961
2020-11,39069010,其他丙烯酸聚合物粒，初級狀態,黎巴嫩,出口總值(含復出口),2,1600
2020-11,39069010,其他丙烯酸聚合物粒，初級狀態,墨西哥,出口總值(含復出口),386,411200
2020-11,39069010,其他丙烯酸聚合物粒，初級狀態,澳大利亞,進口總值(含復進口),5,1000
2020-11,39069010,其他丙烯酸聚合物粒，初級狀態,澳大利亞,出口總值(含復出口),27,17000
2020-11,39071000,聚縮醛，初級狀態,中國大陸,進口總值(含復進口),53,9400
2020-11,39071000,聚縮醛，初級狀態,中國大陸,出口總值(含復出口),6805,4204439
2020-11,39071000,聚縮醛，初級狀態,中華民國,進口總值(含復進口),4,3000
2020-11,39071000,聚縮醛，初級狀態,丹麥,出口總值(含復出口),23,18000
2020-11,39071000,聚縮醛，初級狀態,巴西,出口總值(含復出口),83,60000
2020-11,39071000,聚縮醛，初級狀態,日本,進口總值(含復進口),697,238693
2020-11,39071000,聚縮醛，初級狀態,日本,出口總值(含復出口),484,199000
2020-11,39071000,聚縮醛，初級狀態,加拿大,出口總值(含復出口),25,18000
2020-11,39071000,聚縮醛，初級狀態,印尼,出口總值(含復出口),41,25000
2020-11,39071000,聚縮醛，初級狀態,沙烏地阿拉伯,進口總值(含復進口),23,19000
2020-11,39071000,聚縮醛，初級狀態,孟加拉,出口總值(含復出口),61,44000
2020-11,39071000,聚縮醛，初級狀態,俄羅斯,出口總值(含復出口),54,40000
2020-11,39071000,聚縮醛，初級狀態,南韓,進口總值(含復進口),134,83000
2020-11,39071000,聚縮醛，初級狀態,南韓,出口總值(含復出口),50,36000
2020-11,39071000,聚縮醛，初級狀態,美國,進口總值(含復進口),71,13575
2020-11,39071000,聚縮醛，初級狀態,美國,出口總值(含復出口),4,6000
2020-11,39071000,聚縮醛，初級狀態,英國,出口總值(含復出口),23,18000
2020-11,39071000,聚縮醛，初級狀態,香港,出口總值(含復出口),781,346519
2020-11,39071000,聚縮醛，初級狀態,哥倫比亞,出口總值(含復出口),28,20000
2020-11,39071000,聚縮醛，初級狀態,埃及,出口總值(含復出口),84,60000
2020-11,39071000,聚縮醛，初級狀態,泰國,進口總值(含復進口),649,452000
2020-11,39071000,聚縮醛，初級狀態,泰國,出口總值(含復出口),14,5000
2020-11,39071000,聚縮醛，初級狀態,馬來西亞,進口總值(含復進口),226,201321
2020-11,39071000,聚縮醛，初級狀態,馬來西亞,出口總值(含復出口),84,50700
2020-11,39071000,聚縮醛，初級狀態,荷蘭,進口總值(含復進口),138,27000
2020-11,39071000,聚縮醛，初級狀態,荷蘭,出口總值(含復出口),71,54000
2020-11,39071000,聚縮醛，初級狀態,斯里蘭卡,出口總值(含復出口),25,18000
2020-11,39071000,聚縮醛，初級狀態,菲律賓,出口總值(含復出口),29,20000
2020-11,39071000,聚縮醛，初級狀態,越南,出口總值(含復出口),581,333142
2020-11,39071000,聚縮醛，初級狀態,新加坡,進口總值(含復進口),4,505
2020-11,39071000,聚縮醛，初級狀態,義大利,出口總值(含復出口),148,108000
2020-11,39071000,聚縮醛，初級狀態,德國,出口總值(含復出口),231,168500
2020-11,39071000,聚縮醛，初級狀態,墨西哥,出口總值(含復出口),50,34000
2020-11,39071000,聚縮醛，初級狀態,薩爾瓦多,出口總值(含復出口),26,18000
2020-12,39069010,其他丙烯酸聚合物粒，初級狀態,土耳其,出口總值(含復出口),1488,1454000
2020-12,39069010,其他丙烯酸聚合物粒，初級狀態,中國大陸,進口總值(含復進口),965,456730
2020-12,39069010,其他丙烯酸聚合物粒，初級狀態,中國大陸,出口總值(含復出口),16754,7914488
2020-12,39069010,其他丙烯酸聚合物粒，初級狀態,中華民國,進口總值(含復進口),16,7200
2020-12,39069010,其他丙烯酸聚合物粒，初級狀態,巴西,出口總值(含復出口),64,72000
2020-12,39069010,其他丙烯酸聚合物粒，初級狀態,巴基斯坦,出口總值(含復出口),169,131600
2020-12,39069010,其他丙烯酸聚合物粒，初級狀態,日本,進口總值(含復進口),594,171327
2020-12,39069010,其他丙烯酸聚合物粒，初級狀態,日本,出口總值(含復出口),36,24677
2020-12,39069010,其他丙烯酸聚合物粒，初級狀態,比利時,進口總值(含復進口),112,4320
2020-12,39069010,其他丙烯酸聚合物粒，初級狀態,以色列,進口總值(含復進口),97,10000
2020-12,39069010,其他丙烯酸聚合物粒，初級狀態,以色列,出口總值(含復出口),107,96000
2020-12,39069010,其他丙烯酸聚合物粒，初級狀態,加拿大,出口總值(含復出口),93,41020
2020-12,39069010,其他丙烯酸聚合物粒，初級狀態,立陶宛,出口總值(含復出口),39,18000
2020-12,39069010,其他丙烯酸聚合物粒，初級狀態,印尼,出口總值(含復出口),106,59200
2020-12,39069010,其他丙烯酸聚合物粒，初級狀態,印度,出口總值(含復出口),137,63100
2020-12,39069010,其他丙烯酸聚合物粒，初級狀態,西班牙,出口總值(含復出口),36,20000
2020-12,39069010,其他丙烯酸聚合物粒，初級狀態,沙烏地阿拉伯,出口總值(含復出口),158,93600
2020-12,39069010,其他丙烯酸聚合物粒，初級狀態,孟加拉,出口總值(含復出口),559,370890
2020-12,39069010,其他丙烯酸聚合物粒，初級狀態,波蘭,出口總值(含復出口),191,98000
2020-12,39069010,其他丙烯酸聚合物粒，初級狀態,法國,進口總值(含復進口),13,3050
2020-12,39069010,其他丙烯酸聚合物粒，初級狀態,法國,出口總值(含復出口),217,90000
2020-12,39069010,其他丙烯酸聚合物粒，初級狀態,肯亞,出口總值(含復出口),67,51200
2020-12,39069010,其他丙烯酸聚合物粒，初級狀態,阿拉伯聯合大公國,出口總值(含復出口),852,672000
2020-12,39069010,其他丙烯酸聚合物粒，初級狀態,阿根廷,出口總值(含復出口),225,240000
2020-12,39069010,其他丙烯酸聚合物粒，初級狀態,阿曼,出口總值(含復出口),22,16000
2020-12,39069010,其他丙烯酸聚合物粒，初級狀態,阿爾及利亞,出口總值(含復出口),9,10000
2020-12,39069010,其他丙烯酸聚合物粒，初級狀態,俄羅斯,出口總值(含復出口),32,18000
2020-12,39069010,其他丙烯酸聚合物粒，初級狀態,南非,出口總值(含復出口),121,96000
2020-12,39069010,其他丙烯酸聚合物粒，初級狀態,南韓,進口總值(含復進口),422,191880
2020-12,39069010,其他丙烯酸聚合物粒，初級狀態,南韓,出口總值(含復出口),209,94135
2020-12,39069010,其他丙烯酸聚合物粒，初級狀態,柬埔寨,出口總值(含復出口),155,135000
2020-12,39069010,其他丙烯酸聚合物粒，初級狀態,約旦,出口總值(含復出口),23,16000
2020-12,39069010,其他丙烯酸聚合物粒，初級狀態,美國,進口總值(含復進口),489,26230
2020-12,39069010,其他丙烯酸聚合物粒，初級狀態,美國,出口總值(含復出口),1314,1027470
2020-12,39069010,其他丙烯酸聚合物粒，初級狀態,英國,進口總值(含復進口),39,18000
2020-12,39069010,其他丙烯酸聚合物粒，初級狀態,英國,出口總值(含復出口),107,42000
2020-12,39069010,其他丙烯酸聚合物粒，初級狀態,迦納,出口總值(含復出口),65,60000
2020-12,39069010,其他丙烯酸聚合物粒，初級狀態,香港,出口總值(含復出口),1136,410750
2020-12,39069010,其他丙烯酸聚合物粒，初級狀態,哥倫比亞,出口總值(含復出口),44,48000
2020-12,39069010,其他丙烯酸聚合物粒，初級狀態,埃及,出口總值(含復出口),178,122200
2020-12,39069010,其他丙烯酸聚合物粒，初級狀態,泰國,進口總值(含復進口),49,24000
2020-12,39069010,其他丙烯酸聚合物粒，初級狀態,泰國,出口總值(含復出口),223,100760
2020-12,39069010,其他丙烯酸聚合物粒，初級狀態,紐西蘭,出口總值(含復出口),81,37600
2020-12,39069010,其他丙烯酸聚合物粒，初級狀態,馬來西亞,出口總值(含復出口),173,88811
2020-12,39069010,其他丙烯酸聚合物粒，初級狀態,荷蘭,進口總值(含復進口),31,11250
2020-12,39069010,其他丙烯酸聚合物粒，初級狀態,荷蘭,出口總值(含復出口),70,32000
2020-12,39069010,其他丙烯酸聚合物粒，初級狀態,斯洛維尼亞,出口總值(含復出口),187,82000
2020-12,39069010,其他丙烯酸聚合物粒，初級狀態,智利,出口總值(含復出口),25,16000
2020-12,39069010,其他丙烯酸聚合物粒，初級狀態,菲律賓,出口總值(含復出口),41,21240
2020-12,39069010,其他丙烯酸聚合物粒，初級狀態,越南,出口總值(含復出口),1162,775631
2020-12,39069010,其他丙烯酸聚合物粒，初級狀態,愛爾蘭,出口總值(含復出口),32,14860
2020-12,39069010,其他丙烯酸聚合物粒，初級狀態,新加坡,進口總值(含復進口),174,71000
2020-12,39069010,其他丙烯酸聚合物粒，初級狀態,新加坡,出口總值(含復出口),142,70440
2020-12,39069010,其他丙烯酸聚合物粒，初級狀態,義大利,進口總值(含復進口),5,160
2020-12,39069010,其他丙烯酸聚合物粒，初級狀態,義大利,出口總值(含復出口),114,55000
2020-12,39069010,其他丙烯酸聚合物粒，初級狀態,德國,進口總值(含復進口),169,31506
2020-12,39069010,其他丙烯酸聚合物粒，初級狀態,模里西斯,出口總值(含復出口),7,3600
2020-12,39069010,其他丙烯酸聚合物粒，初級狀態,墨西哥,出口總值(含復出口),430,496000
2020-12,39069010,其他丙烯酸聚合物粒，初級狀態,澳大利亞,出口總值(含復出口),107,81620
2020-12,39071000,聚縮醛，初級狀態,土耳其,出口總值(含復出口),127,90000
2020-12,39071000,聚縮醛，初級狀態,中國大陸,進口總值(含復進口),181,43288
2020-12,39071000,聚縮醛，初級狀態,中國大陸,出口總值(含復出口),5642,3343374
2020-12,39071000,聚縮醛，初級狀態,中華民國,進口總值(含復進口),6,4525
2020-12,39071000,聚縮醛，初級狀態,日本,進口總值(含復進口),645,266000
2020-12,39071000,聚縮醛，初級狀態,日本,出口總值(含復出口),568,245450
2020-12,39071000,聚縮醛，初級狀態,比利時,出口總值(含復出口),406,291250
2020-12,39071000,聚縮醛，初級狀態,印尼,出口總值(含復出口),132,74000
2020-12,39071000,聚縮醛，初級狀態,沙烏地阿拉伯,進口總值(含復進口),46,38000
2020-12,39071000,聚縮醛，初級狀態,孟加拉,出口總值(含復出口),11,5000
2020-12,39071000,聚縮醛，初級狀態,俄羅斯,出口總值(含復出口),77,56500
2020-12,39071000,聚縮醛，初級狀態,南非,出口總值(含復出口),108,72000
2020-12,39071000,聚縮醛，初級狀態,南韓,進口總值(含復進口),111,78000
2020-12,39071000,聚縮醛，初級狀態,南韓,出口總值(含復出口),3,1000
2020-12,39071000,聚縮醛，初級狀態,美國,進口總值(含復進口),162,51300
2020-12,39071000,聚縮醛，初級狀態,美國,出口總值(含復出口),15,9
2020-12,39071000,聚縮醛，初級狀態,香港,出口總值(含復出口),749,349050
2020-12,39071000,聚縮醛，初級狀態,哥倫比亞,出口總值(含復出口),29,20000
2020-12,39071000,聚縮醛，初級狀態,埃及,出口總值(含復出口),164,120000
2020-12,39071000,聚縮醛，初級狀態,泰國,進口總值(含復進口),539,368000
2020-12,39071000,聚縮醛，初級狀態,泰國,出口總值(含復出口),27,10500
2020-12,39071000,聚縮醛，初級狀態,馬來西亞,進口總值(含復進口),49,36525
2020-12,39071000,聚縮醛，初級狀態,馬來西亞,出口總值(含復出口),189,121000
2020-12,39071000,聚縮醛，初級狀態,荷蘭,進口總值(含復進口),308,71000
2020-12,39071000,聚縮醛，初級狀態,荷蘭,出口總值(含復出口),48,36000
2020-12,39071000,聚縮醛，初級狀態,斯里蘭卡,出口總值(含復出口),24,18000
2020-12,39071000,聚縮醛，初級狀態,越南,出口總值(含復出口),521,315560
2020-12,39071000,聚縮醛，初級狀態,新加坡,進口總值(含復進口),12,1448
2020-12,39071000,聚縮醛，初級狀態,義大利,出口總值(含復出口),164,118000
2020-12,39071000,聚縮醛，初級狀態,德國,進口總值(含復進口),57,9000
2020-12,39071000,聚縮醛，初級狀態,德國,出口總值(含復出口),143,108000
2020-12,39071000,聚縮醛，初級狀態,墨西哥,出口總值(含復出口),14,17000
2020-1,39073010,丙二酚型環氧樹脂,土耳其,出口總值(含復出口),358,177300
2020-1,39073010,丙二酚型環氧樹脂,中國大陸,進口總值(含復進口),139,54934
2020-1,39073010,丙二酚型環氧樹脂,中國大陸,出口總值(含復出口),10065,3894830
2020-1,39073010,丙二酚型環氧樹脂,中華民國,進口總值(含復進口),6,2860
2020-1,39073010,丙二酚型環氧樹脂,巴西,出口總值(含復出口),79,37960
2020-1,39073010,丙二酚型環氧樹脂,日本,進口總值(含復進口),48,2470
2020-1,39073010,丙二酚型環氧樹脂,日本,出口總值(含復出口),1679,768750
2020-1,39073010,丙二酚型環氧樹脂,比利時,出口總值(含復出口),4,2000
2020-1,39073010,丙二酚型環氧樹脂,加拿大,出口總值(含復出口),131,68000
2020-1,39073010,丙二酚型環氧樹脂,印尼,出口總值(含復出口),144,68700
2020-1,39073010,丙二酚型環氧樹脂,西班牙,出口總值(含復出口),291,135800
2020-1,39073010,丙二酚型環氧樹脂,希臘,出口總值(含復出口),41,17600
2020-1,39073010,丙二酚型環氧樹脂,沙烏地阿拉伯,出口總值(含復出口),73,35200
2020-1,39073010,丙二酚型環氧樹脂,阿拉伯聯合大公國,出口總值(含復出口),310,146580
2020-1,39073010,丙二酚型環氧樹脂,俄羅斯,出口總值(含復出口),75,35200
2020-1,39073010,丙二酚型環氧樹脂,南韓,進口總值(含復進口),0,60
2020-1,39073010,丙二酚型環氧樹脂,南韓,出口總值(含復出口),36,14400
2020-1,39073010,丙二酚型環氧樹脂,約旦,出口總值(含復出口),32,17600
2020-1,39073010,丙二酚型環氧樹脂,美國,進口總值(含復進口),152,56712
2020-1,39073010,丙二酚型環氧樹脂,美國,出口總值(含復出口),958,480280
2020-1,39073010,丙二酚型環氧樹脂,英國,出口總值(含復出口),702,353900
2020-1,39073010,丙二酚型環氧樹脂,哥倫比亞,出口總值(含復出口),37,16000
2020-1,39073010,丙二酚型環氧樹脂,埃及,出口總值(含復出口),64,32000
2020-1,39073010,丙二酚型環氧樹脂,泰國,出口總值(含復出口),301,150260
2020-1,39073010,丙二酚型環氧樹脂,烏克蘭,出口總值(含復出口),40,19200
2020-1,39073010,丙二酚型環氧樹脂,紐西蘭,出口總值(含復出口),6,3000
2020-1,39073010,丙二酚型環氧樹脂,馬來西亞,出口總值(含復出口),2702,1308480
2020-1,39073010,丙二酚型環氧樹脂,荷蘭,進口總值(含復進口),121,51600
2020-1,39073010,丙二酚型環氧樹脂,荷蘭,出口總值(含復出口),330,134460
2020-1,39073010,丙二酚型環氧樹脂,喬治亞,出口總值(含復出口),40,18000
2020-1,39073010,丙二酚型環氧樹脂,菲律賓,出口總值(含復出口),526,274037
2020-1,39073010,丙二酚型環氧樹脂,越南,出口總值(含復出口),697,314120
2020-1,39073010,丙二酚型環氧樹脂,新加坡,出口總值(含復出口),837,414380
2020-1,39073010,丙二酚型環氧樹脂,義大利,出口總值(含復出口),358,179360
2020-1,39073010,丙二酚型環氧樹脂,墨西哥,出口總值(含復出口),53,27200
2020-1,39073010,丙二酚型環氧樹脂,澳大利亞,出口總值(含復出口),42,19200
2020-1,39073010,丙二酚型環氧樹脂,澳門,出口總值(含復出口),325,130300
2020-1,39074000,聚碳酸樹脂，初級狀態,土耳其,出口總值(含復出口),31,17800
2020-1,39074000,聚碳酸樹脂，初級狀態,中國大陸,進口總值(含復進口),7262,2936380
2020-1,39074000,聚碳酸樹脂，初級狀態,中國大陸,出口總值(含復出口),34534,17905885
2020-1,39074000,聚碳酸樹脂，初級狀態,中華民國,進口總值(含復進口),179,87075
2020-1,39074000,聚碳酸樹脂，初級狀態,厄瓜多,出口總值(含復出口),7,3000
2020-1,39074000,聚碳酸樹脂，初級狀態,巴西,出口總值(含復出口),48,24000
2020-1,39074000,聚碳酸樹脂，初級狀態,巴基斯坦,出口總值(含復出口),59,32000
2020-1,39074000,聚碳酸樹脂，初級狀態,日本,進口總值(含復進口),7483,1166124
2020-1,39074000,聚碳酸樹脂，初級狀態,日本,出口總值(含復出口),3552,1647225
2020-1,39074000,聚碳酸樹脂，初級狀態,比利時,進口總值(含復進口),34,5000
2020-1,39074000,聚碳酸樹脂，初級狀態,比利時,出口總值(含復出口),6,3000
2020-1,39074000,聚碳酸樹脂，初級狀態,以色列,出口總值(含復出口),106,49000
2020-1,39074000,聚碳酸樹脂，初級狀態,加拿大,出口總值(含復出口),6,3000
2020-1,39074000,聚碳酸樹脂，初級狀態,伊朗,出口總值(含復出口),234,109000
2020-1,39074000,聚碳酸樹脂，初級狀態,印尼,出口總值(含復出口),393,141500
2020-1,39074000,聚碳酸樹脂，初級狀態,印度,進口總值(含復進口),1,250
2020-1,39074000,聚碳酸樹脂，初級狀態,印度,出口總值(含復出口),135,32500
2020-1,39074000,聚碳酸樹脂，初級狀態,西班牙,進口總值(含復進口),196,89025
2020-1,39074000,聚碳酸樹脂，初級狀態,西班牙,出口總值(含復出口),7,3000
2020-1,39074000,聚碳酸樹脂，初級狀態,希臘,出口總值(含復出口),22,12000
2020-1,39074000,聚碳酸樹脂，初級狀態,沙烏地阿拉伯,進口總值(含復進口),375,224600
2020-1,39074000,聚碳酸樹脂，初級狀態,孟加拉,出口總值(含復出口),3,2000
2020-1,39074000,聚碳酸樹脂，初級狀態,波蘭,出口總值(含復出口),9,4000
2020-1,39074000,聚碳酸樹脂，初級狀態,阿拉伯聯合大公國,出口總值(含復出口),5,3000
2020-1,39074000,聚碳酸樹脂，初級狀態,阿根廷,出口總值(含復出口),48,20500
2020-1,39074000,聚碳酸樹脂，初級狀態,俄羅斯,出口總值(含復出口),12,5050
2020-1,39074000,聚碳酸樹脂，初級狀態,南非,出口總值(含復出口),39,21000
2020-1,39074000,聚碳酸樹脂，初級狀態,南韓,進口總值(含復進口),1982,1083850
2020-1,39074000,聚碳酸樹脂，初級狀態,南韓,出口總值(含復出口),447,254800
2020-1,39074000,聚碳酸樹脂，初級狀態,美國,進口總值(含復進口),142,18106
2020-1,39074000,聚碳酸樹脂，初級狀態,美國,出口總值(含復出口),477,270600
2020-1,39074000,聚碳酸樹脂，初級狀態,英國,進口總值(含復進口),5,75
2020-1,39074000,聚碳酸樹脂，初級狀態,香港,出口總值(含復出口),4732,1500134
2020-1,39074000,聚碳酸樹脂，初級狀態,埃及,出口總值(含復出口),28,16000
2020-1,39074000,聚碳酸樹脂，初級狀態,挪威,出口總值(含復出口),3,1000
2020-1,39074000,聚碳酸樹脂，初級狀態,泰國,進口總值(含復進口),1488,584997
2020-1,39074000,聚碳酸樹脂，初級狀態,泰國,出口總值(含復出口),324,136515
2020-1,39074000,聚碳酸樹脂，初級狀態,紐西蘭,出口總值(含復出口),12,6500
2020-1,39074000,聚碳酸樹脂，初級狀態,馬來西亞,出口總值(含復出口),209,79380
2020-1,39074000,聚碳酸樹脂，初級狀態,荷蘭,進口總值(含復進口),233,98325
2020-1,39074000,聚碳酸樹脂，初級狀態,荷蘭,出口總值(含復出口),713,279000
2020-1,39074000,聚碳酸樹脂，初級狀態,斯里蘭卡,出口總值(含復出口),36,20000
2020-1,39074000,聚碳酸樹脂，初級狀態,斯洛維尼亞,出口總值(含復出口),28,16000
2020-1,39074000,聚碳酸樹脂，初級狀態,菲律賓,進口總值(含復進口),8,1000
2020-1,39074000,聚碳酸樹脂，初級狀態,菲律賓,出口總值(含復出口),39,12200
2020-1,39074000,聚碳酸樹脂，初級狀態,越南,出口總值(含復出口),876,441720
2020-1,39074000,聚碳酸樹脂，初級狀態,新加坡,進口總值(含復進口),187,63037
2020-1,39074000,聚碳酸樹脂，初級狀態,新加坡,出口總值(含復出口),287,119100
2020-1,39074000,聚碳酸樹脂，初級狀態,瑞士,進口總值(含復進口),5,375
2020-1,39074000,聚碳酸樹脂，初級狀態,瑞典,出口總值(含復出口),29,16000
2020-1,39074000,聚碳酸樹脂，初級狀態,義大利,進口總值(含復進口),41,4075
2020-1,39074000,聚碳酸樹脂，初級狀態,義大利,出口總值(含復出口),31,17000
2020-1,39074000,聚碳酸樹脂，初級狀態,德國,進口總值(含復進口),523,260450
2020-1,39074000,聚碳酸樹脂，初級狀態,德國,出口總值(含復出口),81,48000
2020-1,39074000,聚碳酸樹脂，初級狀態,緬甸,出口總值(含復出口),58,32000
2020-1,39074000,聚碳酸樹脂，初級狀態,墨西哥,進口總值(含復進口),2,309
2020-1,39074000,聚碳酸樹脂，初級狀態,澳大利亞,出口總值(含復出口),23,10000
2020-1,39075000,醇酸樹脂，初級狀態,中國大陸,進口總值(含復進口),12,4084
2020-1,39075000,醇酸樹脂，初級狀態,日本,出口總值(含復出口),41,19400
2020-1,39075000,醇酸樹脂，初級狀態,以色列,出口總值(含復出口),17,12800
2020-1,39075000,醇酸樹脂，初級狀態,卡達,出口總值(含復出口),74,64000
2020-1,39075000,醇酸樹脂，初級狀態,印尼,出口總值(含復出口),27,14450
2020-1,39075000,醇酸樹脂，初級狀態,印度,出口總值(含復出口),15,4000
2020-1,39075000,醇酸樹脂，初級狀態,沙烏地阿拉伯,出口總值(含復出口),11,8000
2020-1,39075000,醇酸樹脂，初級狀態,俄羅斯,出口總值(含復出口),19,9600
2020-1,39075000,醇酸樹脂，初級狀態,美國,進口總值(含復進口),17,3071
2020-1,39075000,醇酸樹脂，初級狀態,香港,出口總值(含復出口),7,2160
2020-1,39075000,醇酸樹脂，初級狀態,哥倫比亞,出口總值(含復出口),4,1600
2020-1,39075000,醇酸樹脂，初級狀態,埃及,出口總值(含復出口),3,2100
2020-1,39075000,醇酸樹脂，初級狀態,泰國,進口總值(含復進口),31,11340
2020-1,39075000,醇酸樹脂，初級狀態,泰國,出口總值(含復出口),42,17320
2020-1,39075000,醇酸樹脂，初級狀態,馬來西亞,出口總值(含復出口),345,172600
2020-1,39075000,醇酸樹脂，初級狀態,斯里蘭卡,出口總值(含復出口),52,32560
2020-1,39075000,醇酸樹脂，初級狀態,越南,出口總值(含復出口),1128,744910
2020-1,39075000,醇酸樹脂，初級狀態,奧地利,進口總值(含復進口),4,2100
2020-1,39075000,醇酸樹脂，初級狀態,新加坡,出口總值(含復出口),119,56200
2020-1,39075000,醇酸樹脂，初級狀態,德國,進口總值(含復進口),3,1000
2020-1,39075000,醇酸樹脂，初級狀態,模里西斯,出口總值(含復出口),48,33960
2020-1,39075000,醇酸樹脂，初級狀態,澳大利亞,出口總值(含復出口),208,129800
2020-2,39073010,丙二酚型環氧樹脂,土耳其,出口總值(含復出口),270,125280
2020-2,39073010,丙二酚型環氧樹脂,中國大陸,進口總值(含復進口),94,3007
2020-2,39073010,丙二酚型環氧樹脂,中國大陸,出口總值(含復出口),12478,4844635
2020-2,39073010,丙二酚型環氧樹脂,巴西,出口總值(含復出口),174,83520
2020-2,39073010,丙二酚型環氧樹脂,巴林,出口總值(含復出口),74,35200
2020-2,39073010,丙二酚型環氧樹脂,日本,進口總值(含復進口),159,5366
2020-2,39073010,丙二酚型環氧樹脂,日本,出口總值(含復出口),1170,540360
2020-2,39073010,丙二酚型環氧樹脂,加拿大,出口總值(含復出口),132,69000
2020-2,39073010,丙二酚型環氧樹脂,印尼,出口總值(含復出口),234,107640
2020-2,39073010,丙二酚型環氧樹脂,印度,出口總值(含復出口),130,58960
2020-2,39073010,丙二酚型環氧樹脂,西班牙,出口總值(含復出口),39,18560
2020-2,39073010,丙二酚型環氧樹脂,沙烏地阿拉伯,出口總值(含復出口),140,70400
2020-2,39073010,丙二酚型環氧樹脂,孟加拉,出口總值(含復出口),29,15000
2020-2,39073010,丙二酚型環氧樹脂,阿拉伯聯合大公國,出口總值(含復出口),298,144000
2020-2,39073010,丙二酚型環氧樹脂,阿根廷,出口總值(含復出口),120,52800
2020-2,39073010,丙二酚型環氧樹脂,阿曼,出口總值(含復出口),494,246400
2020-2,39073010,丙二酚型環氧樹脂,南韓,進口總值(含復進口),10,1400
2020-2,39073010,丙二酚型環氧樹脂,美國,進口總值(含復進口),161,37748
2020-2,39073010,丙二酚型環氧樹脂,美國,出口總值(含復出口),816,406740
2020-2,39073010,丙二酚型環氧樹脂,英國,進口總值(含復進口),9,257
2020-2,39073010,丙二酚型環氧樹脂,英國,出口總值(含復出口),1102,518900
2020-2,39073010,丙二酚型環氧樹脂,哥倫比亞,出口總值(含復出口),37,16000
2020-2,39073010,丙二酚型環氧樹脂,泰國,進口總值(含復進口),17,3995
2020-2,39073010,丙二酚型環氧樹脂,泰國,出口總值(含復出口),425,203850
2020-2,39073010,丙二酚型環氧樹脂,馬來西亞,出口總值(含復出口),2105,1023380
2020-2,39073010,丙二酚型環氧樹脂,荷蘭,進口總值(含復進口),82,34800
2020-2,39073010,丙二酚型環氧樹脂,荷蘭,出口總值(含復出口),542,246240
2020-2,39073010,丙二酚型環氧樹脂,斯里蘭卡,出口總值(含復出口),71,33600
2020-2,39073010,丙二酚型環氧樹脂,菲律賓,出口總值(含復出口),1133,589195
2020-2,39073010,丙二酚型環氧樹脂,越南,出口總值(含復出口),1443,664810
2020-2,39073010,丙二酚型環氧樹脂,奧地利,出口總值(含復出口),40,17500
2020-2,39073010,丙二酚型環氧樹脂,新加坡,出口總值(含復出口),421,205640
2020-2,39073010,丙二酚型環氧樹脂,瑞士,進口總值(含復進口),10,450
2020-2,39073010,丙二酚型環氧樹脂,義大利,出口總值(含復出口),459,216290
2020-2,39073010,丙二酚型環氧樹脂,緬甸,出口總值(含復出口),35,17600
2020-2,39073010,丙二酚型環氧樹脂,墨西哥,出口總值(含復出口),104,49280
2020-2,39073010,丙二酚型環氧樹脂,澳大利亞,出口總值(含復出口),133,63600
2020-2,39073010,丙二酚型環氧樹脂,澳門,出口總值(含復出口),357,142240
2020-2,39074000,聚碳酸樹脂，初級狀態,土耳其,出口總值(含復出口),55,16000
2020-2,39074000,聚碳酸樹脂，初級狀態,中國大陸,進口總值(含復進口),4951,2072757
2020-2,39074000,聚碳酸樹脂，初級狀態,中國大陸,出口總值(含復出口),36164,18330553
2020-2,39074000,聚碳酸樹脂，初級狀態,中華民國,進口總值(含復進口),126,66000
2020-2,39074000,聚碳酸樹脂，初級狀態,巴西,出口總值(含復出口),44,11000
2020-2,39074000,聚碳酸樹脂，初級狀態,巴基斯坦,出口總值(含復出口),28,13200
2020-2,39074000,聚碳酸樹脂，初級狀態,日本,進口總值(含復進口),9038,1466694
2020-2,39074000,聚碳酸樹脂，初級狀態,日本,出口總值(含復出口),1488,806125
2020-2,39074000,聚碳酸樹脂，初級狀態,比利時,進口總值(含復進口),39,3750
2020-2,39074000,聚碳酸樹脂，初級狀態,比利時,出口總值(含復出口),20,9000
2020-2,39074000,聚碳酸樹脂，初級狀態,以色列,出口總值(含復出口),151,82000
2020-2,39074000,聚碳酸樹脂，初級狀態,加拿大,出口總值(含復出口),170,78000
2020-2,39074000,聚碳酸樹脂，初級狀態,立陶宛,出口總值(含復出口),11,6000
2020-2,39074000,聚碳酸樹脂，初級狀態,伊朗,出口總值(含復出口),282,128000
2020-2,39074000,聚碳酸樹脂，初級狀態,印尼,出口總值(含復出口),241,84800
2020-2,39074000,聚碳酸樹脂，初級狀態,印度,出口總值(含復出口),70,17000
2020-2,39074000,聚碳酸樹脂，初級狀態,西班牙,進口總值(含復進口),419,270862
2020-2,39074000,聚碳酸樹脂，初級狀態,希臘,出口總值(含復出口),4,2000
2020-2,39074000,聚碳酸樹脂，初級狀態,沙烏地阿拉伯,進口總值(含復進口),1496,917300
2020-2,39074000,聚碳酸樹脂，初級狀態,孟加拉,出口總值(含復出口),18,10000
2020-2,39074000,聚碳酸樹脂，初級狀態,波蘭,出口總值(含復出口),29,16100
2020-2,39074000,聚碳酸樹脂，初級狀態,法國,出口總值(含復出口),6,3000
2020-2,39074000,聚碳酸樹脂，初級狀態,阿根廷,出口總值(含復出口),26,14025
2020-2,39074000,聚碳酸樹脂，初級狀態,俄羅斯,出口總值(含復出口),34,18100
2020-2,39074000,聚碳酸樹脂，初級狀態,南非,出口總值(含復出口),107,55500
2020-2,39074000,聚碳酸樹脂，初級狀態,南韓,進口總值(含復進口),2958,1589250
2020-2,39074000,聚碳酸樹脂，初級狀態,南韓,出口總值(含復出口),719,310550
2020-2,39074000,聚碳酸樹脂，初級狀態,美國,進口總值(含復進口),353,96201
2020-2,39074000,聚碳酸樹脂，初級狀態,美國,出口總值(含復出口),293,137000
2020-2,39074000,聚碳酸樹脂，初級狀態,英國,進口總值(含復進口),0,0
2020-2,39074000,聚碳酸樹脂，初級狀態,英國,出口總值(含復出口),13,6625
2020-2,39074000,聚碳酸樹脂，初級狀態,香港,出口總值(含復出口),6249,2006798
2020-2,39074000,聚碳酸樹脂，初級狀態,哥倫比亞,出口總值(含復出口),150,81000
2020-2,39074000,聚碳酸樹脂，初級狀態,泰國,進口總值(含復進口),2470,1297173
2020-2,39074000,聚碳酸樹脂，初級狀態,泰國,出口總值(含復出口),331,160907
2020-2,39074000,聚碳酸樹脂，初級狀態,馬來西亞,進口總值(含復進口),110,10000
2020-2,39074000,聚碳酸樹脂，初級狀態,馬來西亞,出口總值(含復出口),220,98350
2020-2,39074000,聚碳酸樹脂，初級狀態,荷蘭,進口總值(含復進口),78,13575
2020-2,39074000,聚碳酸樹脂，初級狀態,荷蘭,出口總值(含復出口),521,222200
2020-2,39074000,聚碳酸樹脂，初級狀態,斯里蘭卡,出口總值(含復出口),36,20000
2020-2,39074000,聚碳酸樹脂，初級狀態,斯洛維尼亞,出口總值(含復出口),18,9000
2020-2,39074000,聚碳酸樹脂，初級狀態,菲律賓,進口總值(含復進口),20,2500
2020-2,39074000,聚碳酸樹脂，初級狀態,菲律賓,出口總值(含復出口),112,61907
2020-2,39074000,聚碳酸樹脂，初級狀態,越南,出口總值(含復出口),1744,832575
2020-2,39074000,聚碳酸樹脂，初級狀態,新加坡,進口總值(含復進口),309,116225
2020-2,39074000,聚碳酸樹脂，初級狀態,新加坡,出口總值(含復出口),261,79600
2020-2,39074000,聚碳酸樹脂，初級狀態,義大利,進口總值(含復進口),16,1100
2020-2,39074000,聚碳酸樹脂，初級狀態,義大利,出口總值(含復出口),6,3000
2020-2,39074000,聚碳酸樹脂，初級狀態,德國,進口總值(含復進口),1360,720000
2020-2,39074000,聚碳酸樹脂，初級狀態,緬甸,出口總值(含復出口),58,32000
2020-2,39074000,聚碳酸樹脂，初級狀態,黎巴嫩,出口總值(含復出口),222,106250
2020-2,39074000,聚碳酸樹脂，初級狀態,墨西哥,進口總值(含復進口),14,12707
2020-2,39074000,聚碳酸樹脂，初級狀態,墨西哥,出口總值(含復出口),200,66000
2020-2,39074000,聚碳酸樹脂，初級狀態,澳大利亞,出口總值(含復出口),56,31250
2020-2,39075000,醇酸樹脂，初級狀態,中國大陸,進口總值(含復進口),7,4510
2020-2,39075000,醇酸樹脂，初級狀態,中國大陸,出口總值(含復出口),184,87540
2020-2,39075000,醇酸樹脂，初級狀態,日本,進口總值(含復進口),15,5136
2020-2,39075000,醇酸樹脂，初級狀態,日本,出口總值(含復出口),8,4000
2020-2,39075000,醇酸樹脂，初級狀態,卡達,出口總值(含復出口),37,32000
2020-2,39075000,醇酸樹脂，初級狀態,印尼,出口總值(含復出口),23,12780
2020-2,39075000,醇酸樹脂，初級狀態,印度,出口總值(含復出口),37,16000
2020-2,39075000,醇酸樹脂，初級狀態,俄羅斯,出口總值(含復出口),3,1600
2020-2,39075000,醇酸樹脂，初級狀態,南非,進口總值(含復進口),11,2223
2020-2,39075000,醇酸樹脂，初級狀態,美國,進口總值(含復進口),2,472
2020-2,39075000,醇酸樹脂，初級狀態,哥倫比亞,出口總值(含復出口),5,2200
2020-2,39075000,醇酸樹脂，初級狀態,埃及,出口總值(含復出口),2,1680
2020-2,39075000,醇酸樹脂，初級狀態,泰國,出口總值(含復出口),32,17150
2020-2,39075000,醇酸樹脂，初級狀態,馬來西亞,出口總值(含復出口),270,142867
2020-2,39075000,醇酸樹脂，初級狀態,斯里蘭卡,出口總值(含復出口),73,46830
2020-2,39075000,醇酸樹脂，初級狀態,菲律賓,出口總值(含復出口),5,2570
2020-2,39075000,醇酸樹脂，初級狀態,越南,出口總值(含復出口),1995,1321820
2020-2,39075000,醇酸樹脂，初級狀態,新加坡,出口總值(含復出口),52,31600
2020-2,39075000,醇酸樹脂，初級狀態,模里西斯,出口總值(含復出口),42,28600
2020-2,39075000,醇酸樹脂，初級狀態,黎巴嫩,出口總值(含復出口),22,16000
2020-2,39075000,醇酸樹脂，初級狀態,澳大利亞,出口總值(含復出口),103,68400
2020-3,39073010,丙二酚型環氧樹脂,土耳其,出口總值(含復出口),560,267840
2020-3,39073010,丙二酚型環氧樹脂,中國大陸,進口總值(含復進口),139,54383
2020-3,39073010,丙二酚型環氧樹脂,中國大陸,出口總值(含復出口),8492,3284438
2020-3,39073010,丙二酚型環氧樹脂,巴西,出口總值(含復出口),87,40320
2020-3,39073010,丙二酚型環氧樹脂,巴林,出口總值(含復出口),79,35200
2020-3,39073010,丙二酚型環氧樹脂,日本,進口總值(含復進口),121,9155
2020-3,39073010,丙二酚型環氧樹脂,日本,出口總值(含復出口),1005,458800
2020-3,39073010,丙二酚型環氧樹脂,比利時,出口總值(含復出口),61,32000
2020-3,39073010,丙二酚型環氧樹脂,加拿大,出口總值(含復出口),216,109760
2020-3,39073010,丙二酚型環氧樹脂,印尼,出口總值(含復出口),303,138980
2020-3,39073010,丙二酚型環氧樹脂,印度,出口總值(含復出口),209,96000
2020-3,39073010,丙二酚型環氧樹脂,西班牙,出口總值(含復出口),37,18400
2020-3,39073010,丙二酚型環氧樹脂,希臘,出口總值(含復出口),76,35100
2020-3,39073010,丙二酚型環氧樹脂,沙烏地阿拉伯,出口總值(含復出口),430,176400
2020-3,39073010,丙二酚型環氧樹脂,孟加拉,出口總值(含復出口),31,15000
2020-3,39073010,丙二酚型環氧樹脂,法國,進口總值(含復進口),0,1
2020-3,39073010,丙二酚型環氧樹脂,肯亞,出口總值(含復出口),34,17600
2020-3,39073010,丙二酚型環氧樹脂,阿拉伯聯合大公國,出口總值(含復出口),849,395200
2020-3,39073010,丙二酚型環氧樹脂,阿根廷,出口總值(含復出口),284,128000
2020-3,39073010,丙二酚型環氧樹脂,阿曼,出口總值(含復出口),761,369600
2020-3,39073010,丙二酚型環氧樹脂,俄羅斯,出口總值(含復出口),77,35200
2020-3,39073010,丙二酚型環氧樹脂,南韓,進口總值(含復進口),85,23670
2020-3,39073010,丙二酚型環氧樹脂,美國,進口總值(含復進口),125,36351
2020-3,39073010,丙二酚型環氧樹脂,美國,出口總值(含復出口),1124,564970
2020-3,39073010,丙二酚型環氧樹脂,英國,進口總值(含復進口),10,262
2020-3,39073010,丙二酚型環氧樹脂,英國,出口總值(含復出口),642,313100
2020-3,39073010,丙二酚型環氧樹脂,香港,出口總值(含復出口),49,19600
2020-3,39073010,丙二酚型環氧樹脂,埃及,出口總值(含復出口),173,76800
2020-3,39073010,丙二酚型環氧樹脂,泰國,出口總值(含復出口),229,108900
2020-3,39073010,丙二酚型環氧樹脂,烏克蘭,出口總值(含復出口),127,56680
2020-3,39073010,丙二酚型環氧樹脂,馬來西亞,進口總值(含復進口),93,24000
2020-3,39073010,丙二酚型環氧樹脂,馬來西亞,出口總值(含復出口),1797,864370
2020-3,39073010,丙二酚型環氧樹脂,荷蘭,進口總值(含復進口),126,52800
2020-3,39073010,丙二酚型環氧樹脂,荷蘭,出口總值(含復出口),860,427060
2020-3,39073010,丙二酚型環氧樹脂,菲律賓,出口總值(含復出口),178,76720
2020-3,39073010,丙二酚型環氧樹脂,越南,出口總值(含復出口),1018,442708
2020-3,39073010,丙二酚型環氧樹脂,新加坡,出口總值(含復出口),608,285350
2020-3,39073010,丙二酚型環氧樹脂,瑞士,進口總值(含復進口),0,1
2020-3,39073010,丙二酚型環氧樹脂,義大利,進口總值(含復進口),14,2970
2020-3,39073010,丙二酚型環氧樹脂,義大利,出口總值(含復出口),478,230640
2020-3,39073010,丙二酚型環氧樹脂,葡萄牙,出口總值(含復出口),78,40000
2020-3,39073010,丙二酚型環氧樹脂,德國,進口總值(含復進口),54,18050
2020-3,39073010,丙二酚型環氧樹脂,墨西哥,出口總值(含復出口),68,30800
2020-3,39073010,丙二酚型環氧樹脂,澳大利亞,出口總值(含復出口),154,68960
2020-3,39073010,丙二酚型環氧樹脂,澳門,出口總值(含復出口),308,122640
2020-3,39074000,聚碳酸樹脂，初級狀態,土耳其,出口總值(含復出口),107,32000
2020-3,39074000,聚碳酸樹脂，初級狀態,中國大陸,進口總值(含復進口),9105,3730093
2020-3,39074000,聚碳酸樹脂，初級狀態,中國大陸,出口總值(含復出口),39585,20672815
2020-3,39074000,聚碳酸樹脂，初級狀態,中華民國,進口總值(含復進口),95,50000
2020-3,39074000,聚碳酸樹脂，初級狀態,巴西,進口總值(含復進口),3,300
2020-3,39074000,聚碳酸樹脂，初級狀態,巴西,出口總值(含復出口),22,12000
2020-3,39074000,聚碳酸樹脂，初級狀態,巴基斯坦,出口總值(含復出口),21,12000
2020-3,39074000,聚碳酸樹脂，初級狀態,日本,進口總值(含復進口),11618,1267314
2020-3,39074000,聚碳酸樹脂，初級狀態,日本,出口總值(含復出口),1673,930400
2020-3,39074000,聚碳酸樹脂，初級狀態,比利時,進口總值(含復進口),70,7660
2020-3,39074000,聚碳酸樹脂，初級狀態,比利時,出口總值(含復出口),48,18000
2020-3,39074000,聚碳酸樹脂，初級狀態,以色列,出口總值(含復出口),178,102000
2020-3,39074000,聚碳酸樹脂，初級狀態,加拿大,進口總值(含復進口),60,10000
2020-3,39074000,聚碳酸樹脂，初級狀態,加拿大,出口總值(含復出口),21,7066
2020-3,39074000,聚碳酸樹脂，初級狀態,立陶宛,出口總值(含復出口),6,3375
2020-3,39074000,聚碳酸樹脂，初級狀態,伊朗,出口總值(含復出口),356,156000
2020-3,39074000,聚碳酸樹脂，初級狀態,印尼,進口總值(含復進口),1,250
2020-3,39074000,聚碳酸樹脂，初級狀態,印尼,出口總值(含復出口),413,214000
2020-3,39074000,聚碳酸樹脂，初級狀態,印度,出口總值(含復出口),79,19600
2020-3,39074000,聚碳酸樹脂，初級狀態,西班牙,進口總值(含復進口),346,142500
2020-3,39074000,聚碳酸樹脂，初級狀態,西班牙,出口總值(含復出口),15,8000
2020-3,39074000,聚碳酸樹脂，初級狀態,沙烏地阿拉伯,進口總值(含復進口),2280,1453500
2020-3,39074000,聚碳酸樹脂，初級狀態,沙烏地阿拉伯,出口總值(含復出口),29,16000
2020-3,39074000,聚碳酸樹脂，初級狀態,孟加拉,出口總值(含復出口),53,30000
2020-3,39074000,聚碳酸樹脂，初級狀態,波蘭,出口總值(含復出口),191,101000
2020-3,39074000,聚碳酸樹脂，初級狀態,法國,出口總值(含復出口),6,3000
2020-3,39074000,聚碳酸樹脂，初級狀態,阿拉伯聯合大公國,出口總值(含復出口),115,64000
2020-3,39074000,聚碳酸樹脂，初級狀態,阿根廷,出口總值(含復出口),42,23000
2020-3,39074000,聚碳酸樹脂，初級狀態,俄羅斯,出口總值(含復出口),40,18180
2020-3,39074000,聚碳酸樹脂，初級狀態,南非,出口總值(含復出口),140,73000
2020-3,39074000,聚碳酸樹脂，初級狀態,南韓,進口總值(含復進口),2997,1668200
2020-3,39074000,聚碳酸樹脂，初級狀態,南韓,出口總值(含復出口),935,404100
2020-3,39074000,聚碳酸樹脂，初級狀態,突尼西亞,出口總值(含復出口),44,24000
2020-3,39074000,聚碳酸樹脂，初級狀態,美國,進口總值(含復進口),220,89901
2020-3,39074000,聚碳酸樹脂，初級狀態,美國,出口總值(含復出口),384,159700
2020-3,39074000,聚碳酸樹脂，初級狀態,英國,出口總值(含復出口),123,64750
2020-3,39074000,聚碳酸樹脂，初級狀態,香港,出口總值(含復出口),5465,1719550
2020-3,39074000,聚碳酸樹脂，初級狀態,哥倫比亞,出口總值(含復出口),38,21000
2020-3,39074000,聚碳酸樹脂，初級狀態,哥斯大黎加,出口總值(含復出口),12,20000
2020-3,39074000,聚碳酸樹脂，初級狀態,埃及,出口總值(含復出口),32,18000
2020-3,39074000,聚碳酸樹脂，初級狀態,泰國,進口總值(含復進口),2933,1410447
2020-3,39074000,聚碳酸樹脂，初級狀態,泰國,出口總值(含復出口),396,190600
2020-3,39074000,聚碳酸樹脂，初級狀態,紐西蘭,出口總值(含復出口),31,17000
2020-3,39074000,聚碳酸樹脂，初級狀態,馬來西亞,出口總值(含復出口),277,134575
2020-3,39074000,聚碳酸樹脂，初級狀態,荷蘭,進口總值(含復進口),3,1000
2020-3,39074000,聚碳酸樹脂，初級狀態,荷蘭,出口總值(含復出口),1222,464000
2020-3,39074000,聚碳酸樹脂，初級狀態,斯里蘭卡,出口總值(含復出口),9,5000
2020-3,39074000,聚碳酸樹脂，初級狀態,斯洛維尼亞,出口總值(含復出口),168,96000
2020-3,39074000,聚碳酸樹脂，初級狀態,菲律賓,進口總值(含復進口),11,1500
2020-3,39074000,聚碳酸樹脂，初級狀態,菲律賓,出口總值(含復出口),45,27000
2020-3,39074000,聚碳酸樹脂，初級狀態,越南,出口總值(含復出口),2002,984850
2020-3,39074000,聚碳酸樹脂，初級狀態,新加坡,進口總值(含復進口),881,315967
2020-3,39074000,聚碳酸樹脂，初級狀態,新加坡,出口總值(含復出口),413,132500
2020-3,39074000,聚碳酸樹脂，初級狀態,瑞士,進口總值(含復進口),9,1100
2020-3,39074000,聚碳酸樹脂，初級狀態,瑞典,出口總值(含復出口),36,19000
2020-3,39074000,聚碳酸樹脂，初級狀態,義大利,進口總值(含復進口),27,1963
2020-3,39074000,聚碳酸樹脂，初級狀態,義大利,出口總值(含復出口),30,17000
2020-3,39074000,聚碳酸樹脂，初級狀態,葡萄牙,出口總值(含復出口),23,12700
2020-3,39074000,聚碳酸樹脂，初級狀態,德國,進口總值(含復進口),2489,1379911
2020-3,39074000,聚碳酸樹脂，初級狀態,德國,出口總值(含復出口),2,1000
2020-3,39074000,聚碳酸樹脂，初級狀態,緬甸,出口總值(含復出口),29,16000
2020-3,39074000,聚碳酸樹脂，初級狀態,墨西哥,進口總值(含復進口),31,24000
2020-3,39074000,聚碳酸樹脂，初級狀態,墨西哥,出口總值(含復出口),179,72000
2020-3,39074000,聚碳酸樹脂，初級狀態,澳大利亞,出口總值(含復出口),22,11000
2020-3,39075000,醇酸樹脂，初級狀態,中國大陸,進口總值(含復進口),16,10580
2020-3,39075000,醇酸樹脂，初級狀態,中國大陸,出口總值(含復出口),306,189940
2020-3,39075000,醇酸樹脂，初級狀態,巴基斯坦,出口總值(含復出口),12,7000
2020-3,39075000,醇酸樹脂，初級狀態,日本,進口總值(含復進口),8,2500
2020-3,39075000,醇酸樹脂，初級狀態,日本,出口總值(含復出口),25,10000
2020-3,39075000,醇酸樹脂，初級狀態,卡達,出口總值(含復出口),111,96000
2020-3,39075000,醇酸樹脂，初級狀態,印尼,出口總值(含復出口),6,3570
2020-3,39075000,醇酸樹脂，初級狀態,印度,出口總值(含復出口),37,16000
2020-3,39075000,醇酸樹脂，初級狀態,沙烏地阿拉伯,出口總值(含復出口),5,2000
2020-3,39075000,醇酸樹脂，初級狀態,俄羅斯,出口總值(含復出口),5,3200
2020-3,39075000,醇酸樹脂，初級狀態,南韓,出口總值(含復出口),27,8200
2020-3,39075000,醇酸樹脂，初級狀態,美國,進口總值(含復進口),43,15082
2020-3,39075000,醇酸樹脂，初級狀態,哥倫比亞,出口總值(含復出口),4,1600
2020-3,39075000,醇酸樹脂，初級狀態,埃及,出口總值(含復出口),29,24150
2020-3,39075000,醇酸樹脂，初級狀態,泰國,出口總值(含復出口),57,29840
2020-3,39075000,醇酸樹脂，初級狀態,馬來西亞,出口總值(含復出口),201,119400
2020-3,39075000,醇酸樹脂，初級狀態,斯里蘭卡,出口總值(含復出口),73,44200
2020-3,39075000,醇酸樹脂，初級狀態,越南,出口總值(含復出口),2071,1339849
2020-3,39075000,醇酸樹脂，初級狀態,新加坡,出口總值(含復出口),25,18200
2020-3,39075000,醇酸樹脂，初級狀態,模里西斯,出口總值(含復出口),5,3410
2020-3,39075000,醇酸樹脂，初級狀態,緬甸,出口總值(含復出口),35,4442
2020-3,39075000,醇酸樹脂，初級狀態,黎巴嫩,出口總值(含復出口),22,16000
2020-3,39075000,醇酸樹脂，初級狀態,澳大利亞,出口總值(含復出口),298,181380
2020-4,39073010,丙二酚型環氧樹脂,土耳其,出口總值(含復出口),494,233600
2020-4,39073010,丙二酚型環氧樹脂,中國大陸,進口總值(含復進口),159,62430
2020-4,39073010,丙二酚型環氧樹脂,中國大陸,出口總值(含復出口),10146,4542315
2020-4,39073010,丙二酚型環氧樹脂,巴西,出口總值(含復出口),201,95020
2020-4,39073010,丙二酚型環氧樹脂,日本,進口總值(含復進口),297,12582
2020-4,39073010,丙二酚型環氧樹脂,日本,出口總值(含復出口),543,246990
2020-4,39073010,丙二酚型環氧樹脂,比利時,出口總值(含復出口),28,16000
2020-4,39073010,丙二酚型環氧樹脂,加拿大,出口總值(含復出口),45,23000
2020-4,39073010,丙二酚型環氧樹脂,印尼,出口總值(含復出口),487,233240
2020-4,39073010,丙二酚型環氧樹脂,印度,出口總值(含復出口),184,96000
2020-4,39073010,丙二酚型環氧樹脂,西班牙,出口總值(含復出口),94,38200
2020-4,39073010,丙二酚型環氧樹脂,沙烏地阿拉伯,出口總值(含復出口),1007,478400
2020-4,39073010,丙二酚型環氧樹脂,阿拉伯聯合大公國,出口總值(含復出口),116,52800
2020-4,39073010,丙二酚型環氧樹脂,阿曼,出口總值(含復出口),589,270400
2020-4,39073010,丙二酚型環氧樹脂,南韓,進口總值(含復進口),18,8000
2020-4,39073010,丙二酚型環氧樹脂,南韓,出口總值(含復出口),28,10800
2020-4,39073010,丙二酚型環氧樹脂,約旦,出口總值(含復出口),41,19200
2020-4,39073010,丙二酚型環氧樹脂,美國,進口總值(含復進口),162,37740
2020-4,39073010,丙二酚型環氧樹脂,美國,出口總值(含復出口),951,491390
2020-4,39073010,丙二酚型環氧樹脂,英國,進口總值(含復進口),16,657
2020-4,39073010,丙二酚型環氧樹脂,英國,出口總值(含復出口),1498,703460
2020-4,39073010,丙二酚型環氧樹脂,埃及,出口總值(含復出口),93,48000
2020-4,39073010,丙二酚型環氧樹脂,泰國,出口總值(含復出口),144,68364
2020-4,39073010,丙二酚型環氧樹脂,烏克蘭,出口總值(含復出口),43,19200
2020-4,39073010,丙二酚型環氧樹脂,紐西蘭,出口總值(含復出口),6,3000
2020-4,39073010,丙二酚型環氧樹脂,馬來西亞,出口總值(含復出口),1081,504692
2020-4,39073010,丙二酚型環氧樹脂,荷蘭,出口總值(含復出口),738,333390
2020-4,39073010,丙二酚型環氧樹脂,菲律賓,出口總值(含復出口),142,71650
2020-4,39073010,丙二酚型環氧樹脂,越南,出口總值(含復出口),906,399090
2020-4,39073010,丙二酚型環氧樹脂,奧地利,出口總值(含復出口),74,35000
2020-4,39073010,丙二酚型環氧樹脂,新加坡,出口總值(含復出口),673,335610
2020-4,39073010,丙二酚型環氧樹脂,義大利,出口總值(含復出口),505,239780
2020-4,39073010,丙二酚型環氧樹脂,德國,進口總值(含復進口),35,4360
2020-4,39073010,丙二酚型環氧樹脂,緬甸,出口總值(含復出口),37,17600
2020-4,39073010,丙二酚型環氧樹脂,墨西哥,出口總值(含復出口),163,79280
2020-4,39073010,丙二酚型環氧樹脂,澳大利亞,出口總值(含復出口),203,99360
2020-4,39073010,丙二酚型環氧樹脂,澳門,出口總值(含復出口),226,90780
2020-4,39074000,聚碳酸樹脂，初級狀態,中國大陸,進口總值(含復進口),9063,3888609
2020-4,39074000,聚碳酸樹脂，初級狀態,中國大陸,出口總值(含復出口),42977,25100439
2020-4,39074000,聚碳酸樹脂，初級狀態,中華民國,進口總值(含復進口),114,52900
2020-4,39074000,聚碳酸樹脂，初級狀態,厄瓜多,出口總值(含復出口),28,16000
2020-4,39074000,聚碳酸樹脂，初級狀態,巴西,出口總值(含復出口),135,38000
2020-4,39074000,聚碳酸樹脂，初級狀態,日本,進口總值(含復進口),7565,780457
2020-4,39074000,聚碳酸樹脂，初級狀態,日本,出口總值(含復出口),1280,727400
2020-4,39074000,聚碳酸樹脂，初級狀態,比利時,出口總值(含復出口),37,16000
2020-4,39074000,聚碳酸樹脂，初級狀態,以色列,出口總值(含復出口),52,26000
2020-4,39074000,聚碳酸樹脂，初級狀態,加拿大,進口總值(含復進口),3,2686
2020-4,39074000,聚碳酸樹脂，初級狀態,加拿大,出口總值(含復出口),152,72000
2020-4,39074000,聚碳酸樹脂，初級狀態,伊朗,出口總值(含復出口),61,32000
2020-4,39074000,聚碳酸樹脂，初級狀態,印尼,出口總值(含復出口),29,10000
2020-4,39074000,聚碳酸樹脂，初級狀態,印度,出口總值(含復出口),59,14000
2020-4,39074000,聚碳酸樹脂，初級狀態,西班牙,進口總值(含復進口),43,84825
2020-4,39074000,聚碳酸樹脂，初級狀態,沙烏地阿拉伯,進口總值(含復進口),2465,1536750
2020-4,39074000,聚碳酸樹脂，初級狀態,波多黎各,進口總值(含復進口),7,5448
2020-4,39074000,聚碳酸樹脂，初級狀態,波蘭,進口總值(含復進口),36,5830
2020-4,39074000,聚碳酸樹脂，初級狀態,波蘭,出口總值(含復出口),7,3000
2020-4,39074000,聚碳酸樹脂，初級狀態,阿拉伯聯合大公國,出口總值(含復出口),169,94000
2020-4,39074000,聚碳酸樹脂，初級狀態,阿根廷,出口總值(含復出口),4,2000
2020-4,39074000,聚碳酸樹脂，初級狀態,俄羅斯,出口總值(含復出口),1,300
2020-4,39074000,聚碳酸樹脂，初級狀態,南非,出口總值(含復出口),6,3000
2020-4,39074000,聚碳酸樹脂，初級狀態,南韓,進口總值(含復進口),2102,1237725
2020-4,39074000,聚碳酸樹脂，初級狀態,南韓,出口總值(含復出口),556,352900
2020-4,39074000,聚碳酸樹脂，初級狀態,柬埔寨,出口總值(含復出口),21,12000
2020-4,39074000,聚碳酸樹脂，初級狀態,美國,進口總值(含復進口),487,120277
2020-4,39074000,聚碳酸樹脂，初級狀態,美國,出口總值(含復出口),248,124000
2020-4,39074000,聚碳酸樹脂，初級狀態,英國,進口總值(含復進口),3,580
2020-4,39074000,聚碳酸樹脂，初級狀態,英國,出口總值(含復出口),84,45000
2020-4,39074000,聚碳酸樹脂，初級狀態,香港,進口總值(含復進口),3,37
2020-4,39074000,聚碳酸樹脂，初級狀態,香港,出口總值(含復出口),6084,1994673
2020-4,39074000,聚碳酸樹脂，初級狀態,哥倫比亞,出口總值(含復出口),39,16000
2020-4,39074000,聚碳酸樹脂，初級狀態,挪威,出口總值(含復出口),9,4000
2020-4,39074000,聚碳酸樹脂，初級狀態,泰國,進口總值(含復進口),3317,1749903
2020-4,39074000,聚碳酸樹脂，初級狀態,泰國,出口總值(含復出口),264,128850
2020-4,39074000,聚碳酸樹脂，初級狀態,烏拉圭,出口總值(含復出口),31,18000
2020-4,39074000,聚碳酸樹脂，初級狀態,紐西蘭,出口總值(含復出口),7,4000
2020-4,39074000,聚碳酸樹脂，初級狀態,馬來西亞,出口總值(含復出口),134,60525
2020-4,39074000,聚碳酸樹脂，初級狀態,荷蘭,進口總值(含復進口),99,17975
2020-4,39074000,聚碳酸樹脂，初級狀態,荷蘭,出口總值(含復出口),849,376300
2020-4,39074000,聚碳酸樹脂，初級狀態,斐濟,出口總值(含復出口),14,8000
2020-4,39074000,聚碳酸樹脂，初級狀態,斯洛維尼亞,出口總值(含復出口),84,43000
2020-4,39074000,聚碳酸樹脂，初級狀態,菲律賓,進口總值(含復進口),14,2000
2020-4,39074000,聚碳酸樹脂，初級狀態,越南,出口總值(含復出口),744,382235
2020-4,39074000,聚碳酸樹脂，初級狀態,新加坡,進口總值(含復進口),667,224750
2020-4,39074000,聚碳酸樹脂，初級狀態,新加坡,出口總值(含復出口),723,388600
2020-4,39074000,聚碳酸樹脂，初級狀態,瑞士,進口總值(含復進口),61,7700
2020-4,39074000,聚碳酸樹脂，初級狀態,義大利,進口總值(含復進口),81,29718
2020-4,39074000,聚碳酸樹脂，初級狀態,義大利,出口總值(含復出口),6,3000
2020-4,39074000,聚碳酸樹脂，初級狀態,德國,進口總值(含復進口),41,20000
2020-4,39074000,聚碳酸樹脂，初級狀態,德國,出口總值(含復出口),27,16000
2020-4,39074000,聚碳酸樹脂，初級狀態,緬甸,出口總值(含復出口),29,16000
2020-4,39074000,聚碳酸樹脂，初級狀態,墨西哥,出口總值(含復出口),165,49300
2020-4,39074000,聚碳酸樹脂，初級狀態,澳大利亞,進口總值(含復進口),4,1000
2020-4,39074000,聚碳酸樹脂，初級狀態,澳大利亞,出口總值(含復出口),21,9000
2020-4,39075000,醇酸樹脂，初級狀態,中國大陸,進口總值(含復進口),192,57600
2020-4,39075000,醇酸樹脂，初級狀態,中國大陸,出口總值(含復出口),125,75420
2020-4,39075000,醇酸樹脂，初級狀態,日本,進口總值(含復進口),35,12566
2020-4,39075000,醇酸樹脂，初級狀態,比利時,進口總值(含復進口),1,180
2020-4,39075000,醇酸樹脂，初級狀態,卡達,出口總值(含復出口),37,32000
2020-4,39075000,醇酸樹脂，初級狀態,印尼,出口總值(含復出口),36,20200
2020-4,39075000,醇酸樹脂，初級狀態,印度,出口總值(含復出口),37,16000
2020-4,39075000,醇酸樹脂，初級狀態,肯亞,出口總值(含復出口),19,16000
2020-4,39075000,醇酸樹脂，初級狀態,俄羅斯,出口總值(含復出口),12,6100
2020-4,39075000,醇酸樹脂，初級狀態,南韓,出口總值(含復出口),46,16000
2020-4,39075000,醇酸樹脂，初級狀態,美國,進口總值(含復進口),5,1043
2020-4,39075000,醇酸樹脂，初級狀態,泰國,出口總值(含復出口),46,27600
2020-4,39075000,醇酸樹脂，初級狀態,馬來西亞,出口總值(含復出口),1,570
2020-4,39075000,醇酸樹脂，初級狀態,越南,出口總值(含復出口),663,417011
2020-4,39075000,醇酸樹脂，初級狀態,奧地利,進口總值(含復進口),8,1260
2020-4,39075000,醇酸樹脂，初級狀態,新加坡,出口總值(含復出口),127,67340
2020-4,39075000,醇酸樹脂，初級狀態,模里西斯,出口總值(含復出口),15,10000
2020-4,39075000,醇酸樹脂，初級狀態,澳大利亞,出口總值(含復出口),223,133000
2020-5,39073010,丙二酚型環氧樹脂,土耳其,出口總值(含復出口),74,35200
2020-5,39073010,丙二酚型環氧樹脂,中國大陸,進口總值(含復進口),330,171020
2020-5,39073010,丙二酚型環氧樹脂,中國大陸,出口總值(含復出口),21676,10611303
2020-5,39073010,丙二酚型環氧樹脂,巴西,出口總值(含復出口),177,83890
2020-5,39073010,丙二酚型環氧樹脂,巴林,出口總值(含復出口),80,35200
2020-5,39073010,丙二酚型環氧樹脂,日本,進口總值(含復進口),31,2920
2020-5,39073010,丙二酚型環氧樹脂,日本,出口總值(含復出口),1400,658880
2020-5,39073010,丙二酚型環氧樹脂,比利時,出口總值(含復出口),28,16000
2020-5,39073010,丙二酚型環氧樹脂,加拿大,出口總值(含復出口),124,69000
2020-5,39073010,丙二酚型環氧樹脂,印尼,出口總值(含復出口),29,16000
2020-5,39073010,丙二酚型環氧樹脂,印度,出口總值(含復出口),165,96000
2020-5,39073010,丙二酚型環氧樹脂,西班牙,出口總值(含復出口),218,99000
2020-5,39073010,丙二酚型環氧樹脂,沙烏地阿拉伯,出口總值(含復出口),631,302400
2020-5,39073010,丙二酚型環氧樹脂,阿拉伯聯合大公國,出口總值(含復出口),152,70400
2020-5,39073010,丙二酚型環氧樹脂,阿曼,出口總值(含復出口),38,17600
2020-5,39073010,丙二酚型環氧樹脂,俄羅斯,出口總值(含復出口),101,52800
2020-5,39073010,丙二酚型環氧樹脂,南韓,出口總值(含復出口),2,960
2020-5,39073010,丙二酚型環氧樹脂,美國,進口總值(含復進口),149,42873
2020-5,39073010,丙二酚型環氧樹脂,美國,出口總值(含復出口),451,234600
2020-5,39073010,丙二酚型環氧樹脂,英國,進口總值(含復進口),10,257
2020-5,39073010,丙二酚型環氧樹脂,英國,出口總值(含復出口),233,113500
2020-5,39073010,丙二酚型環氧樹脂,哥倫比亞,出口總值(含復出口),35,16000
2020-5,39073010,丙二酚型環氧樹脂,泰國,進口總值(含復進口),13,2585
2020-5,39073010,丙二酚型環氧樹脂,泰國,出口總值(含復出口),58,29215
2020-5,39073010,丙二酚型環氧樹脂,馬來西亞,進口總值(含復進口),92,24000
2020-5,39073010,丙二酚型環氧樹脂,馬來西亞,出口總值(含復出口),423,214860
2020-5,39073010,丙二酚型環氧樹脂,荷蘭,出口總值(含復出口),488,232440
2020-5,39073010,丙二酚型環氧樹脂,喬治亞,出口總值(含復出口),40,17920
2020-5,39073010,丙二酚型環氧樹脂,菲律賓,出口總值(含復出口),249,130345
2020-5,39073010,丙二酚型環氧樹脂,越南,出口總值(含復出口),722,344974
2020-5,39073010,丙二酚型環氧樹脂,新加坡,出口總值(含復出口),155,80000
2020-5,39073010,丙二酚型環氧樹脂,義大利,進口總值(含復進口),23,5062
2020-5,39073010,丙二酚型環氧樹脂,德國,進口總值(含復進口),119,33611
2020-5,39073010,丙二酚型環氧樹脂,緬甸,出口總值(含復出口),33,17600
2020-5,39073010,丙二酚型環氧樹脂,澳大利亞,出口總值(含復出口),246,118600
2020-5,39073010,丙二酚型環氧樹脂,澳門,出口總值(含復出口),303,122250
2020-5,39074000,聚碳酸樹脂，初級狀態,中國大陸,進口總值(含復進口),7009,2732072
2020-5,39074000,聚碳酸樹脂，初級狀態,中國大陸,出口總值(含復出口),54714,33034462
2020-5,39074000,聚碳酸樹脂，初級狀態,中華民國,進口總值(含復進口),206,127800
2020-5,39074000,聚碳酸樹脂，初級狀態,厄瓜多,出口總值(含復出口),34,20000
2020-5,39074000,聚碳酸樹脂，初級狀態,日本,進口總值(含復進口),7976,780066
2020-5,39074000,聚碳酸樹脂，初級狀態,日本,出口總值(含復出口),1618,734900
2020-5,39074000,聚碳酸樹脂，初級狀態,比利時,進口總值(含復進口),220,43250
2020-5,39074000,聚碳酸樹脂，初級狀態,比利時,出口總值(含復出口),0,25
2020-5,39074000,聚碳酸樹脂，初級狀態,以色列,出口總值(含復出口),7,4000
2020-5,39074000,聚碳酸樹脂，初級狀態,加拿大,進口總值(含復進口),130,21750
2020-5,39074000,聚碳酸樹脂，初級狀態,加拿大,出口總值(含復出口),23,9000
2020-5,39074000,聚碳酸樹脂，初級狀態,立陶宛,出口總值(含復出口),17,10000
2020-5,39074000,聚碳酸樹脂，初級狀態,伊朗,出口總值(含復出口),361,168000
2020-5,39074000,聚碳酸樹脂，初級狀態,印尼,出口總值(含復出口),29,18000
2020-5,39074000,聚碳酸樹脂，初級狀態,西班牙,進口總值(含復進口),194,83975
2020-5,39074000,聚碳酸樹脂，初級狀態,沙烏地阿拉伯,進口總值(含復進口),2365,1736700
2020-5,39074000,聚碳酸樹脂，初級狀態,法國,出口總值(含復出口),6,3000
2020-5,39074000,聚碳酸樹脂，初級狀態,肯亞,出口總值(含復出口),61,20000
2020-5,39074000,聚碳酸樹脂，初級狀態,阿拉伯聯合大公國,出口總值(含復出口),128,64000
2020-5,39074000,聚碳酸樹脂，初級狀態,阿根廷,出口總值(含復出口),27,16000
2020-5,39074000,聚碳酸樹脂，初級狀態,阿曼,出口總值(含復出口),2,750
2020-5,39074000,聚碳酸樹脂，初級狀態,俄羅斯,出口總值(含復出口),10,5050
2020-5,39074000,聚碳酸樹脂，初級狀態,南非,出口總值(含復出口),52,32000
2020-5,39074000,聚碳酸樹脂，初級狀態,南韓,進口總值(含復進口),3641,2375400
2020-5,39074000,聚碳酸樹脂，初級狀態,南韓,出口總值(含復出口),752,244000
2020-5,39074000,聚碳酸樹脂，初級狀態,柬埔寨,出口總值(含復出口),20,12000
2020-5,39074000,聚碳酸樹脂，初級狀態,突尼西亞,出口總值(含復出口),5,3000
2020-5,39074000,聚碳酸樹脂，初級狀態,美國,進口總值(含復進口),331,73379
2020-5,39074000,聚碳酸樹脂，初級狀態,美國,出口總值(含復出口),483,243200
2020-5,39074000,聚碳酸樹脂，初級狀態,英國,出口總值(含復出口),20,10125
2020-5,39074000,聚碳酸樹脂，初級狀態,香港,出口總值(含復出口),5194,1836460
2020-5,39074000,聚碳酸樹脂，初級狀態,哥倫比亞,出口總值(含復出口),33,20000
2020-5,39074000,聚碳酸樹脂，初級狀態,泰國,進口總值(含復進口),2343,1123323
2020-5,39074000,聚碳酸樹脂，初級狀態,泰國,出口總值(含復出口),307,155400
2020-5,39074000,聚碳酸樹脂，初級狀態,馬來西亞,進口總值(含復進口),119,11000
2020-5,39074000,聚碳酸樹脂，初級狀態,馬來西亞,出口總值(含復出口),151,73358
2020-5,39074000,聚碳酸樹脂，初級狀態,荷蘭,進口總值(含復進口),95,43700
2020-5,39074000,聚碳酸樹脂，初級狀態,荷蘭,出口總值(含復出口),466,173750
2020-5,39074000,聚碳酸樹脂，初級狀態,斯洛伐克,進口總值(含復進口),1,1000
2020-5,39074000,聚碳酸樹脂，初級狀態,斯洛維尼亞,出口總值(含復出口),26,10000
2020-5,39074000,聚碳酸樹脂，初級狀態,菲律賓,出口總值(含復出口),3,2000
2020-5,39074000,聚碳酸樹脂，初級狀態,越南,出口總值(含復出口),1012,539375
2020-5,39074000,聚碳酸樹脂，初級狀態,新加坡,進口總值(含復進口),597,167456
2020-5,39074000,聚碳酸樹脂，初級狀態,新加坡,出口總值(含復出口),483,217625
2020-5,39074000,聚碳酸樹脂，初級狀態,瑞典,出口總值(含復出口),90,56000
2020-5,39074000,聚碳酸樹脂，初級狀態,葡萄牙,出口總值(含復出口),12,6000
2020-5,39074000,聚碳酸樹脂，初級狀態,德國,進口總值(含復進口),189,78091
2020-5,39074000,聚碳酸樹脂，初級狀態,德國,出口總值(含復出口),73,48000
2020-5,39074000,聚碳酸樹脂，初級狀態,緬甸,出口總值(含復出口),29,16000
2020-5,39074000,聚碳酸樹脂，初級狀態,墨西哥,進口總值(含復進口),25,25077
2020-5,39074000,聚碳酸樹脂，初級狀態,墨西哥,出口總值(含復出口),49,6500
2020-5,39074000,聚碳酸樹脂，初級狀態,澳大利亞,出口總值(含復出口),11,4000
2020-5,39075000,醇酸樹脂，初級狀態,中國大陸,進口總值(含復進口),72,29880
2020-5,39075000,醇酸樹脂，初級狀態,中國大陸,出口總值(含復出口),181,96541
2020-5,39075000,醇酸樹脂，初級狀態,日本,進口總值(含復進口),24,7192
2020-5,39075000,醇酸樹脂，初級狀態,日本,出口總值(含復出口),34,17000
2020-5,39075000,醇酸樹脂，初級狀態,以色列,出口總值(含復出口),17,12000
2020-5,39075000,醇酸樹脂，初級狀態,印尼,出口總值(含復出口),12,8640
2020-5,39075000,醇酸樹脂，初級狀態,沙烏地阿拉伯,出口總值(含復出口),21,16000
2020-5,39075000,醇酸樹脂，初級狀態,坦尚尼亞,出口總值(含復出口),29,19200
2020-5,39075000,醇酸樹脂，初級狀態,阿拉伯聯合大公國,出口總值(含復出口),9,5440
2020-5,39075000,醇酸樹脂，初級狀態,俄羅斯,出口總值(含復出口),4,2400
2020-5,39075000,醇酸樹脂，初級狀態,南韓,出口總值(含復出口),37,9600
2020-5,39075000,醇酸樹脂，初級狀態,香港,出口總值(含復出口),5,1800
2020-5,39075000,醇酸樹脂，初級狀態,泰國,出口總值(含復出口),8,4730
2020-5,39075000,醇酸樹脂，初級狀態,馬來西亞,出口總值(含復出口),167,79400
2020-5,39075000,醇酸樹脂，初級狀態,越南,出口總值(含復出口),1543,1059652
2020-5,39075000,醇酸樹脂，初級狀態,新加坡,出口總值(含復出口),21,16000
2020-5,39075000,醇酸樹脂，初級狀態,德國,進口總值(含復進口),6,1560
2020-5,39075000,醇酸樹脂，初級狀態,模里西斯,出口總值(含復出口),3,2230
2020-5,39075000,醇酸樹脂，初級狀態,黎巴嫩,出口總值(含復出口),21,16000
2020-5,39075000,醇酸樹脂，初級狀態,澳大利亞,出口總值(含復出口),240,152600
2020-6,39073010,丙二酚型環氧樹脂,土耳其,出口總值(含復出口),238,123200
2020-6,39073010,丙二酚型環氧樹脂,中國大陸,進口總值(含復進口),71,35683
2020-6,39073010,丙二酚型環氧樹脂,中國大陸,出口總值(含復出口),23911,10813495
2020-6,39073010,丙二酚型環氧樹脂,中華民國,進口總值(含復進口),0,50
2020-6,39073010,丙二酚型環氧樹脂,巴西,出口總值(含復出口),149,71870
2020-6,39073010,丙二酚型環氧樹脂,日本,進口總值(含復進口),98,6431
2020-6,39073010,丙二酚型環氧樹脂,日本,出口總值(含復出口),1291,628760
2020-6,39073010,丙二酚型環氧樹脂,加拿大,出口總值(含復出口),81,46000
2020-6,39073010,丙二酚型環氧樹脂,印尼,出口總值(含復出口),62,33600
2020-6,39073010,丙二酚型環氧樹脂,希臘,出口總值(含復出口),40,17600
2020-6,39073010,丙二酚型環氧樹脂,孟加拉,出口總值(含復出口),31,15000
2020-6,39073010,丙二酚型環氧樹脂,阿拉伯聯合大公國,出口總值(含復出口),180,88000
2020-6,39073010,丙二酚型環氧樹脂,南韓,進口總值(含復進口),160,41730
2020-6,39073010,丙二酚型環氧樹脂,美國,進口總值(含復進口),54,1488
2020-6,39073010,丙二酚型環氧樹脂,美國,出口總值(含復出口),273,148160
2020-6,39073010,丙二酚型環氧樹脂,英國,進口總值(含復進口),19,513
2020-6,39073010,丙二酚型環氧樹脂,英國,出口總值(含復出口),420,183060
2020-6,39073010,丙二酚型環氧樹脂,哥倫比亞,出口總值(含復出口),33,16000
2020-6,39073010,丙二酚型環氧樹脂,泰國,進口總值(含復進口),35,17600
2020-6,39073010,丙二酚型環氧樹脂,泰國,出口總值(含復出口),340,172800
2020-6,39073010,丙二酚型環氧樹脂,烏克蘭,出口總值(含復出口),76,38400
2020-6,39073010,丙二酚型環氧樹脂,馬來西亞,出口總值(含復出口),1613,816790
2020-6,39073010,丙二酚型環氧樹脂,荷蘭,進口總值(含復進口),0,90
2020-6,39073010,丙二酚型環氧樹脂,荷蘭,出口總值(含復出口),309,159600
2020-6,39073010,丙二酚型環氧樹脂,菲律賓,出口總值(含復出口),453,234290
2020-6,39073010,丙二酚型環氧樹脂,越南,出口總值(含復出口),838,411945
2020-6,39073010,丙二酚型環氧樹脂,新加坡,出口總值(含復出口),410,213050
2020-6,39073010,丙二酚型環氧樹脂,義大利,進口總值(含復進口),6,1200
2020-6,39073010,丙二酚型環氧樹脂,德國,進口總值(含復進口),86,21875
2020-6,39073010,丙二酚型環氧樹脂,緬甸,出口總值(含復出口),63,33440
2020-6,39073010,丙二酚型環氧樹脂,澳大利亞,出口總值(含復出口),182,95160
2020-6,39073010,丙二酚型環氧樹脂,澳門,出口總值(含復出口),174,71010
2020-6,39074000,聚碳酸樹脂，初級狀態,中國大陸,進口總值(含復進口),8083,3604012
2020-6,39074000,聚碳酸樹脂，初級狀態,中國大陸,出口總值(含復出口),44905,25798926
2020-6,39074000,聚碳酸樹脂，初級狀態,中華民國,進口總值(含復進口),527,312550
2020-6,39074000,聚碳酸樹脂，初級狀態,巴西,出口總值(含復出口),16,4000
2020-6,39074000,聚碳酸樹脂，初級狀態,巴基斯坦,出口總值(含復出口),15,10000
2020-6,39074000,聚碳酸樹脂，初級狀態,日本,進口總值(含復進口),5635,1192745
2020-6,39074000,聚碳酸樹脂，初級狀態,日本,出口總值(含復出口),2359,1145200
2020-6,39074000,聚碳酸樹脂，初級狀態,比利時,進口總值(含復進口),504,290555
2020-6,39074000,聚碳酸樹脂，初級狀態,比利時,出口總值(含復出口),12,6000
2020-6,39074000,聚碳酸樹脂，初級狀態,加拿大,進口總值(含復進口),18,2000
2020-6,39074000,聚碳酸樹脂，初級狀態,加拿大,出口總值(含復出口),2,1000
2020-6,39074000,聚碳酸樹脂，初級狀態,伊朗,出口總值(含復出口),46,30000
2020-6,39074000,聚碳酸樹脂，初級狀態,印尼,出口總值(含復出口),229,132000
2020-6,39074000,聚碳酸樹脂，初級狀態,印度,進口總值(含復進口),2,400
2020-6,39074000,聚碳酸樹脂，初級狀態,西班牙,進口總值(含復進口),411,242290
2020-6,39074000,聚碳酸樹脂，初級狀態,西班牙,出口總值(含復出口),19,10000
2020-6,39074000,聚碳酸樹脂，初級狀態,沙烏地阿拉伯,進口總值(含復進口),614,489300
2020-6,39074000,聚碳酸樹脂，初級狀態,孟加拉,出口總值(含復出口),73,46500
2020-6,39074000,聚碳酸樹脂，初級狀態,法國,出口總值(含復出口),14,5000
2020-6,39074000,聚碳酸樹脂，初級狀態,阿拉伯聯合大公國,出口總值(含復出口),30,16000
2020-6,39074000,聚碳酸樹脂，初級狀態,阿根廷,出口總值(含復出口),32,13000
2020-6,39074000,聚碳酸樹脂，初級狀態,俄羅斯,出口總值(含復出口),6,3900
2020-6,39074000,聚碳酸樹脂，初級狀態,南非,出口總值(含復出口),57,36000
2020-6,39074000,聚碳酸樹脂，初級狀態,南韓,進口總值(含復進口),2832,1716600
2020-6,39074000,聚碳酸樹脂，初級狀態,南韓,出口總值(含復出口),453,156350
2020-6,39074000,聚碳酸樹脂，初級狀態,哈薩克,出口總值(含復出口),0,100
2020-6,39074000,聚碳酸樹脂，初級狀態,柬埔寨,出口總值(含復出口),18,10000
2020-6,39074000,聚碳酸樹脂，初級狀態,美國,進口總值(含復進口),442,75116
2020-6,39074000,聚碳酸樹脂，初級狀態,美國,出口總值(含復出口),357,191400
2020-6,39074000,聚碳酸樹脂，初級狀態,英國,出口總值(含復出口),8,3375
2020-6,39074000,聚碳酸樹脂，初級狀態,香港,出口總值(含復出口),4325,1513816
2020-6,39074000,聚碳酸樹脂，初級狀態,哥倫比亞,出口總值(含復出口),43,26000
2020-6,39074000,聚碳酸樹脂，初級狀態,埃及,出口總值(含復出口),148,95000
2020-6,39074000,聚碳酸樹脂，初級狀態,泰國,進口總值(含復進口),2209,1172525
2020-6,39074000,聚碳酸樹脂，初級狀態,泰國,出口總值(含復出口),336,174500
2020-6,39074000,聚碳酸樹脂，初級狀態,紐西蘭,出口總值(含復出口),27,17000
2020-6,39074000,聚碳酸樹脂，初級狀態,馬來西亞,出口總值(含復出口),262,109850
2020-6,39074000,聚碳酸樹脂，初級狀態,荷蘭,進口總值(含復進口),18,3300
2020-6,39074000,聚碳酸樹脂，初級狀態,荷蘭,出口總值(含復出口),468,176000
2020-6,39074000,聚碳酸樹脂，初級狀態,斯洛維尼亞,出口總值(含復出口),48,29000
2020-6,39074000,聚碳酸樹脂，初級狀態,智利,出口總值(含復出口),12,7000
2020-6,39074000,聚碳酸樹脂，初級狀態,菲律賓,出口總值(含復出口),4,2000
2020-6,39074000,聚碳酸樹脂，初級狀態,越南,出口總值(含復出口),1464,719535
2020-6,39074000,聚碳酸樹脂，初級狀態,新加坡,進口總值(含復進口),890,292544
2020-6,39074000,聚碳酸樹脂，初級狀態,新加坡,出口總值(含復出口),865,514125
2020-6,39074000,聚碳酸樹脂，初級狀態,義大利,進口總值(含復進口),11,311
2020-6,39074000,聚碳酸樹脂，初級狀態,義大利,出口總值(含復出口),5,3000
2020-6,39074000,聚碳酸樹脂，初級狀態,德國,進口總值(含復進口),101,45000
2020-6,39074000,聚碳酸樹脂，初級狀態,德國,出口總值(含復出口),58,32000
2020-6,39074000,聚碳酸樹脂，初級狀態,緬甸,出口總值(含復出口),58,32000
2020-6,39074000,聚碳酸樹脂，初級狀態,黎巴嫩,出口總值(含復出口),40,23000
2020-6,39074000,聚碳酸樹脂，初級狀態,墨西哥,進口總值(含復進口),3,2646
2020-6,39074000,聚碳酸樹脂，初級狀態,墨西哥,出口總值(含復出口),163,52000
2020-6,39074000,聚碳酸樹脂，初級狀態,澳大利亞,出口總值(含復出口),40,24200
2020-6,39074000,聚碳酸樹脂，初級狀態,羅馬尼亞,進口總值(含復進口),1,29
2020-6,39075000,醇酸樹脂，初級狀態,中國大陸,進口總值(含復進口),6,2391
2020-6,39075000,醇酸樹脂，初級狀態,中國大陸,出口總值(含復出口),393,213125
2020-6,39075000,醇酸樹脂，初級狀態,日本,進口總值(含復進口),13,2590
2020-6,39075000,醇酸樹脂，初級狀態,日本,出口總值(含復出口),50,23600
2020-6,39075000,醇酸樹脂，初級狀態,印度,出口總值(含復出口),74,32000
2020-6,39075000,醇酸樹脂，初級狀態,沙烏地阿拉伯,出口總值(含復出口),21,16000
2020-6,39075000,醇酸樹脂，初級狀態,坦尚尼亞,出口總值(含復出口),6,4980
2020-6,39075000,醇酸樹脂，初級狀態,南韓,出口總值(含復出口),48,16600
2020-6,39075000,醇酸樹脂，初級狀態,香港,出口總值(含復出口),3,1000
2020-6,39075000,醇酸樹脂，初級狀態,埃及,出口總值(含復出口),27,16800
2020-6,39075000,醇酸樹脂，初級狀態,泰國,出口總值(含復出口),8,4460
2020-6,39075000,醇酸樹脂，初級狀態,紐西蘭,出口總值(含復出口),4,2400
2020-6,39075000,醇酸樹脂，初級狀態,馬來西亞,出口總值(含復出口),96,48000
2020-6,39075000,醇酸樹脂，初級狀態,斯里蘭卡,出口總值(含復出口),10,8400
2020-6,39075000,醇酸樹脂，初級狀態,越南,出口總值(含復出口),1823,1241305
2020-6,39075000,醇酸樹脂，初級狀態,奧地利,進口總值(含復進口),74,25410
2020-6,39075000,醇酸樹脂，初級狀態,新加坡,出口總值(含復出口),38,26550
2020-6,39075000,醇酸樹脂，初級狀態,德國,進口總值(含復進口),6,1000
2020-6,39075000,醇酸樹脂，初級狀態,澳大利亞,出口總值(含復出口),173,116260
2020-7,39073010,丙二酚型環氧樹脂,土耳其,出口總值(含復出口),106,52800
2020-7,39073010,丙二酚型環氧樹脂,中國大陸,進口總值(含復進口),117,48100
2020-7,39073010,丙二酚型環氧樹脂,中國大陸,出口總值(含復出口),17136,7475835
2020-7,39073010,丙二酚型環氧樹脂,巴西,出口總值(含復出口),87,41560
2020-7,39073010,丙二酚型環氧樹脂,日本,進口總值(含復進口),52,2452
2020-7,39073010,丙二酚型環氧樹脂,日本,出口總值(含復出口),1118,548650
2020-7,39073010,丙二酚型環氧樹脂,加拿大,出口總值(含復出口),121,69000
2020-7,39073010,丙二酚型環氧樹脂,卡達,出口總值(含復出口),106,52800
2020-7,39073010,丙二酚型環氧樹脂,印尼,出口總值(含復出口),183,91840
2020-7,39073010,丙二酚型環氧樹脂,印度,出口總值(含復出口),69,38400
2020-7,39073010,丙二酚型環氧樹脂,沙烏地阿拉伯,出口總值(含復出口),102,52800
2020-7,39073010,丙二酚型環氧樹脂,孟加拉,出口總值(含復出口),31,15000
2020-7,39073010,丙二酚型環氧樹脂,阿拉伯聯合大公國,出口總值(含復出口),77,41310
2020-7,39073010,丙二酚型環氧樹脂,阿根廷,出口總值(含復出口),107,48000
2020-7,39073010,丙二酚型環氧樹脂,阿曼,出口總值(含復出口),194,88000
2020-7,39073010,丙二酚型環氧樹脂,俄羅斯,出口總值(含復出口),173,88000
2020-7,39073010,丙二酚型環氧樹脂,南韓,進口總值(含復進口),3,1000
2020-7,39073010,丙二酚型環氧樹脂,美國,進口總值(含復進口),47,4039
2020-7,39073010,丙二酚型環氧樹脂,美國,出口總值(含復出口),391,222520
2020-7,39073010,丙二酚型環氧樹脂,英國,出口總值(含復出口),382,172100
2020-7,39073010,丙二酚型環氧樹脂,哥倫比亞,出口總值(含復出口),67,32000
2020-7,39073010,丙二酚型環氧樹脂,泰國,出口總值(含復出口),187,92660
2020-7,39073010,丙二酚型環氧樹脂,馬來西亞,出口總值(含復出口),1530,794395
2020-7,39073010,丙二酚型環氧樹脂,荷蘭,進口總值(含復進口),40,17100
2020-7,39073010,丙二酚型環氧樹脂,荷蘭,出口總值(含復出口),388,163805
2020-7,39073010,丙二酚型環氧樹脂,菲律賓,出口總值(含復出口),468,247970
2020-7,39073010,丙二酚型環氧樹脂,越南,出口總值(含復出口),995,515463
2020-7,39073010,丙二酚型環氧樹脂,奧地利,出口總值(含復出口),41,17500
2020-7,39073010,丙二酚型環氧樹脂,新加坡,出口總值(含復出口),529,264880
2020-7,39073010,丙二酚型環氧樹脂,義大利,進口總值(含復進口),47,10260
2020-7,39073010,丙二酚型環氧樹脂,義大利,出口總值(含復出口),45,19360
2020-7,39073010,丙二酚型環氧樹脂,葡萄牙,出口總值(含復出口),31,16840
2020-7,39073010,丙二酚型環氧樹脂,德國,進口總值(含復進口),0,20
2020-7,39073010,丙二酚型環氧樹脂,澳大利亞,出口總值(含復出口),19,9600
2020-7,39073010,丙二酚型環氧樹脂,澳門,出口總值(含復出口),141,59170
2020-7,39074000,聚碳酸樹脂，初級狀態,中國大陸,進口總值(含復進口),5802,2520075
2020-7,39074000,聚碳酸樹脂，初級狀態,中國大陸,出口總值(含復出口),45838,24264698
2020-7,39074000,聚碳酸樹脂，初級狀態,中華民國,進口總值(含復進口),6,1000
2020-7,39074000,聚碳酸樹脂，初級狀態,丹麥,進口總值(含復進口),2,150
2020-7,39074000,聚碳酸樹脂，初級狀態,厄瓜多,出口總值(含復出口),11,6000
2020-7,39074000,聚碳酸樹脂，初級狀態,巴西,進口總值(含復進口),3,300
2020-7,39074000,聚碳酸樹脂，初級狀態,巴西,出口總值(含復出口),37,21000
2020-7,39074000,聚碳酸樹脂，初級狀態,日本,進口總值(含復進口),5170,1861105
2020-7,39074000,聚碳酸樹脂，初級狀態,日本,出口總值(含復出口),1466,829500
2020-7,39074000,聚碳酸樹脂，初級狀態,比利時,進口總值(含復進口),84,72975
2020-7,39074000,聚碳酸樹脂，初級狀態,比利時,出口總值(含復出口),22,12000
2020-7,39074000,聚碳酸樹脂，初級狀態,以色列,出口總值(含復出口),38,19000
2020-7,39074000,聚碳酸樹脂，初級狀態,加拿大,進口總值(含復進口),65,1975
2020-7,39074000,聚碳酸樹脂，初級狀態,加拿大,出口總值(含復出口),48,28000
2020-7,39074000,聚碳酸樹脂，初級狀態,伊朗,出口總值(含復出口),100,40000
2020-7,39074000,聚碳酸樹脂，初級狀態,印尼,進口總值(含復進口),2,875
2020-7,39074000,聚碳酸樹脂，初級狀態,印尼,出口總值(含復出口),124,67000
2020-7,39074000,聚碳酸樹脂，初級狀態,西班牙,進口總值(含復進口),190,112345
2020-7,39074000,聚碳酸樹脂，初級狀態,沙烏地阿拉伯,進口總值(含復進口),1139,843750
2020-7,39074000,聚碳酸樹脂，初級狀態,沙烏地阿拉伯,出口總值(含復出口),28,16000
2020-7,39074000,聚碳酸樹脂，初級狀態,孟加拉,出口總值(含復出口),63,38000
2020-7,39074000,聚碳酸樹脂，初級狀態,波蘭,出口總值(含復出口),54,28000
2020-7,39074000,聚碳酸樹脂，初級狀態,肯亞,出口總值(含復出口),62,20000
2020-7,39074000,聚碳酸樹脂，初級狀態,阿拉伯聯合大公國,出口總值(含復出口),77,48000
2020-7,39074000,聚碳酸樹脂，初級狀態,阿根廷,出口總值(含復出口),37,20000
2020-7,39074000,聚碳酸樹脂，初級狀態,俄羅斯,出口總值(含復出口),40,20500
2020-7,39074000,聚碳酸樹脂，初級狀態,南非,出口總值(含復出口),127,75000
2020-7,39074000,聚碳酸樹脂，初級狀態,南韓,進口總值(含復進口),2939,1743500
2020-7,39074000,聚碳酸樹脂，初級狀態,南韓,出口總值(含復出口),1209,537400
2020-7,39074000,聚碳酸樹脂，初級狀態,柬埔寨,出口總值(含復出口),18,10000
2020-7,39074000,聚碳酸樹脂，初級狀態,突尼西亞,出口總值(含復出口),65,28000
2020-7,39074000,聚碳酸樹脂，初級狀態,美國,進口總值(含復進口),1361,224384
2020-7,39074000,聚碳酸樹脂，初級狀態,美國,出口總值(含復出口),118,62700
2020-7,39074000,聚碳酸樹脂，初級狀態,香港,出口總值(含復出口),6857,2216058
2020-7,39074000,聚碳酸樹脂，初級狀態,哥倫比亞,出口總值(含復出口),137,80000
2020-7,39074000,聚碳酸樹脂，初級狀態,埃及,出口總值(含復出口),159,96000
2020-7,39074000,聚碳酸樹脂，初級狀態,挪威,出口總值(含復出口),31,16000
2020-7,39074000,聚碳酸樹脂，初級狀態,泰國,進口總值(含復進口),3052,1850534
2020-7,39074000,聚碳酸樹脂，初級狀態,泰國,出口總值(含復出口),271,136745
2020-7,39074000,聚碳酸樹脂，初級狀態,紐西蘭,出口總值(含復出口),8,5000
2020-7,39074000,聚碳酸樹脂，初級狀態,馬來西亞,進口總值(含復進口),112,10000
2020-7,39074000,聚碳酸樹脂，初級狀態,馬來西亞,出口總值(含復出口),263,168002
2020-7,39074000,聚碳酸樹脂，初級狀態,荷蘭,進口總值(含復進口),98,19200
2020-7,39074000,聚碳酸樹脂，初級狀態,荷蘭,出口總值(含復出口),418,194625
2020-7,39074000,聚碳酸樹脂，初級狀態,斯里蘭卡,出口總值(含復出口),70,40000
2020-7,39074000,聚碳酸樹脂，初級狀態,斯洛維尼亞,出口總值(含復出口),28,16000
2020-7,39074000,聚碳酸樹脂，初級狀態,菲律賓,進口總值(含復進口),25,3500
2020-7,39074000,聚碳酸樹脂，初級狀態,菲律賓,出口總值(含復出口),30,15000
2020-7,39074000,聚碳酸樹脂，初級狀態,越南,出口總值(含復出口),988,439228
2020-7,39074000,聚碳酸樹脂，初級狀態,新加坡,進口總值(含復進口),531,137915
2020-7,39074000,聚碳酸樹脂，初級狀態,新加坡,出口總值(含復出口),555,276800
2020-7,39074000,聚碳酸樹脂，初級狀態,瑞士,進口總值(含復進口),8,1000
2020-7,39074000,聚碳酸樹脂，初級狀態,瑞典,出口總值(含復出口),81,48000
2020-7,39074000,聚碳酸樹脂，初級狀態,義大利,進口總值(含復進口),39,9892
2020-7,39074000,聚碳酸樹脂，初級狀態,義大利,出口總值(含復出口),6,3000
2020-7,39074000,聚碳酸樹脂，初級狀態,德國,進口總值(含復進口),625,307000
2020-7,39074000,聚碳酸樹脂，初級狀態,德國,出口總值(含復出口),29,16000
2020-7,39074000,聚碳酸樹脂，初級狀態,緬甸,出口總值(含復出口),29,16000
2020-7,39074000,聚碳酸樹脂，初級狀態,墨西哥,出口總值(含復出口),56,10500
2020-7,39074000,聚碳酸樹脂，初級狀態,澳大利亞,出口總值(含復出口),3,2000
2020-7,39075000,醇酸樹脂，初級狀態,中國大陸,進口總值(含復進口),1,540
2020-7,39075000,醇酸樹脂，初級狀態,中國大陸,出口總值(含復出口),201,113070
2020-7,39075000,醇酸樹脂，初級狀態,巴基斯坦,出口總值(含復出口),24,16000
2020-7,39075000,醇酸樹脂，初級狀態,日本,進口總值(含復進口),7,1632
2020-7,39075000,醇酸樹脂，初級狀態,日本,出口總值(含復出口),26,13000
2020-7,39075000,醇酸樹脂，初級狀態,印尼,出口總值(含復出口),11,5790
2020-7,39075000,醇酸樹脂，初級狀態,孟加拉,出口總值(含復出口),9,4940
2020-7,39075000,醇酸樹脂，初級狀態,俄羅斯,出口總值(含復出口),7,3600
2020-7,39075000,醇酸樹脂，初級狀態,南韓,出口總值(含復出口),5,2000
2020-7,39075000,醇酸樹脂，初級狀態,美國,出口總值(含復出口),6,4150
2020-7,39075000,醇酸樹脂，初級狀態,香港,出口總值(含復出口),5,1800
2020-7,39075000,醇酸樹脂，初級狀態,埃及,出口總值(含復出口),47,41600
2020-7,39075000,醇酸樹脂，初級狀態,泰國,出口總值(含復出口),17,13300
2020-7,39075000,醇酸樹脂，初級狀態,馬來西亞,出口總值(含復出口),148,69200
2020-7,39075000,醇酸樹脂，初級狀態,喀麥隆,出口總值(含復出口),22,16000
2020-7,39075000,醇酸樹脂，初級狀態,斯里蘭卡,出口總值(含復出口),90,64700
2020-7,39075000,醇酸樹脂，初級狀態,象牙海岸,出口總值(含復出口),24,16000
2020-7,39075000,醇酸樹脂，初級狀態,越南,出口總值(含復出口),1848,1248637
2020-7,39075000,醇酸樹脂，初級狀態,新加坡,出口總值(含復出口),24,9600
2020-7,39075000,醇酸樹脂，初級狀態,德國,進口總值(含復進口),19,4680
2020-7,39075000,醇酸樹脂，初級狀態,模里西斯,出口總值(含復出口),42,29440
2020-7,39075000,醇酸樹脂，初級狀態,黎巴嫩,出口總值(含復出口),7,5000
2020-7,39075000,醇酸樹脂，初級狀態,澳大利亞,出口總值(含復出口),147,97180
2020-8,39073010,丙二酚型環氧樹脂,土耳其,出口總值(含復出口),265,142160
2020-8,39073010,丙二酚型環氧樹脂,中國大陸,進口總值(含復進口),72,22825
2020-8,39073010,丙二酚型環氧樹脂,中國大陸,出口總值(含復出口),18184,8677663
2020-8,39073010,丙二酚型環氧樹脂,巴西,出口總值(含復出口),130,65000
2020-8,39073010,丙二酚型環氧樹脂,日本,進口總值(含復進口),56,2388
2020-8,39073010,丙二酚型環氧樹脂,日本,出口總值(含復出口),1277,618610
2020-8,39073010,丙二酚型環氧樹脂,加拿大,出口總值(含復出口),82,46000
2020-8,39073010,丙二酚型環氧樹脂,印尼,出口總值(含復出口),294,160400
2020-8,39073010,丙二酚型環氧樹脂,印度,出口總值(含復出口),35,19200
2020-8,39073010,丙二酚型環氧樹脂,西班牙,出口總值(含復出口),278,134600
2020-8,39073010,丙二酚型環氧樹脂,沙烏地阿拉伯,出口總值(含復出口),65,35200
2020-8,39073010,丙二酚型環氧樹脂,孟加拉,出口總值(含復出口),28,15000
2020-8,39073010,丙二酚型環氧樹脂,肯亞,出口總值(含復出口),33,17600
2020-8,39073010,丙二酚型環氧樹脂,阿拉伯聯合大公國,出口總值(含復出口),153,88000
2020-8,39073010,丙二酚型環氧樹脂,阿根廷,出口總值(含復出口),72,35200
2020-8,39073010,丙二酚型環氧樹脂,阿曼,出口總值(含復出口),173,88000
2020-8,39073010,丙二酚型環氧樹脂,俄羅斯,出口總值(含復出口),169,88000
2020-8,39073010,丙二酚型環氧樹脂,南韓,進口總值(含復進口),1,200
2020-8,39073010,丙二酚型環氧樹脂,約旦,出口總值(含復出口),33,17600
2020-8,39073010,丙二酚型環氧樹脂,美國,進口總值(含復進口),80,4068
2020-8,39073010,丙二酚型環氧樹脂,美國,出口總值(含復出口),570,311500
2020-8,39073010,丙二酚型環氧樹脂,英國,出口總值(含復出口),159,82020
2020-8,39073010,丙二酚型環氧樹脂,哥倫比亞,出口總值(含復出口),44,16000
2020-8,39073010,丙二酚型環氧樹脂,泰國,出口總值(含復出口),27,16000
2020-8,39073010,丙二酚型環氧樹脂,馬來西亞,出口總值(含復出口),1393,721440
2020-8,39073010,丙二酚型環氧樹脂,荷蘭,進口總值(含復進口),76,34800
2020-8,39073010,丙二酚型環氧樹脂,荷蘭,出口總值(含復出口),239,118480
2020-8,39073010,丙二酚型環氧樹脂,菲律賓,出口總值(含復出口),708,398435
2020-8,39073010,丙二酚型環氧樹脂,越南,出口總值(含復出口),1629,782403
2020-8,39073010,丙二酚型環氧樹脂,新加坡,出口總值(含復出口),701,367970
2020-8,39073010,丙二酚型環氧樹脂,義大利,出口總值(含復出口),258,115955
2020-8,39073010,丙二酚型環氧樹脂,葡萄牙,出口總值(含復出口),116,57600
2020-8,39073010,丙二酚型環氧樹脂,德國,進口總值(含復進口),34,4100
2020-8,39073010,丙二酚型環氧樹脂,墨西哥,出口總值(含復出口),93,51200
2020-8,39073010,丙二酚型環氧樹脂,澳大利亞,出口總值(含復出口),218,100680
2020-8,39073010,丙二酚型環氧樹脂,澳門,出口總值(含復出口),157,63480
2020-8,39074000,聚碳酸樹脂，初級狀態,中國大陸,進口總值(含復進口),6974,3258775
2020-8,39074000,聚碳酸樹脂，初級狀態,中國大陸,出口總值(含復出口),55582,29691001
2020-8,39074000,聚碳酸樹脂，初級狀態,中華民國,進口總值(含復進口),198,72348
2020-8,39074000,聚碳酸樹脂，初級狀態,巴西,出口總值(含復出口),112,43000
2020-8,39074000,聚碳酸樹脂，初級狀態,巴基斯坦,出口總值(含復出口),3,1000
2020-8,39074000,聚碳酸樹脂，初級狀態,日本,進口總值(含復進口),4823,1607724
2020-8,39074000,聚碳酸樹脂，初級狀態,日本,出口總值(含復出口),2272,1146250
2020-8,39074000,聚碳酸樹脂，初級狀態,比利時,進口總值(含復進口),147,17500
2020-8,39074000,聚碳酸樹脂，初級狀態,比利時,出口總值(含復出口),9,4000
2020-8,39074000,聚碳酸樹脂，初級狀態,以色列,出口總值(含復出口),34,13000
2020-8,39074000,聚碳酸樹脂，初級狀態,加拿大,出口總值(含復出口),166,83000
2020-8,39074000,聚碳酸樹脂，初級狀態,立陶宛,出口總值(含復出口),18,10000
2020-8,39074000,聚碳酸樹脂，初級狀態,伊朗,出口總值(含復出口),292,142000
2020-8,39074000,聚碳酸樹脂，初級狀態,印尼,出口總值(含復出口),139,77300
2020-8,39074000,聚碳酸樹脂，初級狀態,印度,出口總值(含復出口),4,1175
2020-8,39074000,聚碳酸樹脂，初級狀態,西班牙,進口總值(含復進口),2143,1574228
2020-8,39074000,聚碳酸樹脂，初級狀態,西班牙,出口總值(含復出口),40,22000
2020-8,39074000,聚碳酸樹脂，初級狀態,沙烏地阿拉伯,進口總值(含復進口),3959,2752450
2020-8,39074000,聚碳酸樹脂，初級狀態,孟加拉,出口總值(含復出口),30,18000
2020-8,39074000,聚碳酸樹脂，初級狀態,波蘭,出口總值(含復出口),32,18000
2020-8,39074000,聚碳酸樹脂，初級狀態,法國,出口總值(含復出口),23,8000
2020-8,39074000,聚碳酸樹脂，初級狀態,阿拉伯聯合大公國,出口總值(含復出口),297,158000
2020-8,39074000,聚碳酸樹脂，初級狀態,阿根廷,出口總值(含復出口),61,29000
2020-8,39074000,聚碳酸樹脂，初級狀態,保加利亞,進口總值(含復進口),3,550
2020-8,39074000,聚碳酸樹脂，初級狀態,俄羅斯,出口總值(含復出口),67,36000
2020-8,39074000,聚碳酸樹脂，初級狀態,南非,出口總值(含復出口),198,109000
2020-8,39074000,聚碳酸樹脂，初級狀態,南韓,進口總值(含復進口),3293,1910000
2020-8,39074000,聚碳酸樹脂，初級狀態,南韓,出口總值(含復出口),1017,513200
2020-8,39074000,聚碳酸樹脂，初級狀態,柬埔寨,出口總值(含復出口),40,20000
2020-8,39074000,聚碳酸樹脂，初級狀態,突尼西亞,出口總值(含復出口),30,15000
2020-8,39074000,聚碳酸樹脂，初級狀態,美國,進口總值(含復進口),174,26457
2020-8,39074000,聚碳酸樹脂，初級狀態,美國,出口總值(含復出口),614,298800
2020-8,39074000,聚碳酸樹脂，初級狀態,英國,出口總值(含復出口),12,5500
2020-8,39074000,聚碳酸樹脂，初級狀態,香港,出口總值(含復出口),7887,2598975
2020-8,39074000,聚碳酸樹脂，初級狀態,哥倫比亞,出口總值(含復出口),29,17000
2020-8,39074000,聚碳酸樹脂，初級狀態,泰國,進口總值(含復進口),3618,2102354
2020-8,39074000,聚碳酸樹脂，初級狀態,泰國,出口總值(含復出口),459,210805
2020-8,39074000,聚碳酸樹脂，初級狀態,紐西蘭,出口總值(含復出口),27,16000
2020-8,39074000,聚碳酸樹脂，初級狀態,馬來西亞,出口總值(含復出口),409,198876
2020-8,39074000,聚碳酸樹脂，初級狀態,荷蘭,進口總值(含復進口),278,60350
2020-8,39074000,聚碳酸樹脂，初級狀態,荷蘭,出口總值(含復出口),349,160000
2020-8,39074000,聚碳酸樹脂，初級狀態,斯里蘭卡,出口總值(含復出口),15,9000
2020-8,39074000,聚碳酸樹脂，初級狀態,斯洛維尼亞,出口總值(含復出口),13,5000
2020-8,39074000,聚碳酸樹脂，初級狀態,智利,出口總值(含復出口),10,5000
2020-8,39074000,聚碳酸樹脂，初級狀態,菲律賓,進口總值(含復進口),35,5000
2020-8,39074000,聚碳酸樹脂，初級狀態,菲律賓,出口總值(含復出口),50,16000
2020-8,39074000,聚碳酸樹脂，初級狀態,越南,出口總值(含復出口),1426,659110
2020-8,39074000,聚碳酸樹脂，初級狀態,新加坡,進口總值(含復進口),313,95259
2020-8,39074000,聚碳酸樹脂，初級狀態,新加坡,出口總值(含復出口),161,55200
2020-8,39074000,聚碳酸樹脂，初級狀態,義大利,進口總值(含復進口),177,40279
2020-8,39074000,聚碳酸樹脂，初級狀態,義大利,出口總值(含復出口),2,1000
2020-8,39074000,聚碳酸樹脂，初級狀態,葡萄牙,出口總值(含復出口),4,2000
2020-8,39074000,聚碳酸樹脂，初級狀態,德國,進口總值(含復進口),210,100625
2020-8,39074000,聚碳酸樹脂，初級狀態,緬甸,出口總值(含復出口),86,48000
2020-8,39074000,聚碳酸樹脂，初級狀態,墨西哥,出口總值(含復出口),133,48000
2020-8,39074000,聚碳酸樹脂，初級狀態,澳大利亞,出口總值(含復出口),45,26000
2020-8,39075000,醇酸樹脂，初級狀態,中國大陸,進口總值(含復進口),36,14760
2020-8,39075000,醇酸樹脂，初級狀態,中國大陸,出口總值(含復出口),268,153771
2020-8,39075000,醇酸樹脂，初級狀態,中華民國,進口總值(含復進口),15,8400
2020-8,39075000,醇酸樹脂，初級狀態,日本,進口總值(含復進口),7,1816
2020-8,39075000,醇酸樹脂，初級狀態,比利時,進口總值(含復進口),1,9
2020-8,39075000,醇酸樹脂，初級狀態,以色列,出口總值(含復出口),13,10080
2020-8,39075000,醇酸樹脂，初級狀態,卡達,出口總值(含復出口),47,42500
2020-8,39075000,醇酸樹脂，初級狀態,印度,出口總值(含復出口),100,51000
2020-8,39075000,醇酸樹脂，初級狀態,孟加拉,出口總值(含復出口),11,8000
2020-8,39075000,醇酸樹脂，初級狀態,南非,出口總值(含復出口),6,4000
2020-8,39075000,醇酸樹脂，初級狀態,南韓,出口總值(含復出口),16,4400
2020-8,39075000,醇酸樹脂，初級狀態,埃及,出口總值(含復出口),52,33600
2020-8,39075000,醇酸樹脂，初級狀態,泰國,出口總值(含復出口),10,5500
2020-8,39075000,醇酸樹脂，初級狀態,馬來西亞,進口總值(含復進口),2,600
2020-8,39075000,醇酸樹脂，初級狀態,馬來西亞,出口總值(含復出口),242,124220
2020-8,39075000,醇酸樹脂，初級狀態,斯里蘭卡,出口總值(含復出口),82,49400
2020-8,39075000,醇酸樹脂，初級狀態,越南,出口總值(含復出口),1876,1267319
2020-8,39075000,醇酸樹脂，初級狀態,新加坡,出口總值(含復出口),236,63790
2020-8,39075000,醇酸樹脂，初級狀態,模里西斯,出口總值(含復出口),10,6460
2020-8,39075000,醇酸樹脂，初級狀態,緬甸,出口總值(含復出口),11,1206
2020-8,39075000,醇酸樹脂，初級狀態,黎巴嫩,出口總值(含復出口),21,16000
2020-8,39075000,醇酸樹脂，初級狀態,澳大利亞,出口總值(含復出口),250,148910
2020-9,39073010,丙二酚型環氧樹脂,土耳其,出口總值(含復出口),31,17600
2020-9,39073010,丙二酚型環氧樹脂,中國大陸,進口總值(含復進口),155,69085
2020-9,39073010,丙二酚型環氧樹脂,中國大陸,出口總值(含復出口),18286,8684249
2020-9,39073010,丙二酚型環氧樹脂,巴西,出口總值(含復出口),153,85700
2020-9,39073010,丙二酚型環氧樹脂,日本,進口總值(含復進口),128,8810
2020-9,39073010,丙二酚型環氧樹脂,日本,出口總值(含復出口),797,379360
2020-9,39073010,丙二酚型環氧樹脂,加拿大,出口總值(含復出口),122,69000
2020-9,39073010,丙二酚型環氧樹脂,印尼,出口總值(含復出口),122,68800
2020-9,39073010,丙二酚型環氧樹脂,印度,出口總值(含復出口),70,38400
2020-9,39073010,丙二酚型環氧樹脂,沙烏地阿拉伯,出口總值(含復出口),34,17600
2020-9,39073010,丙二酚型環氧樹脂,孟加拉,出口總值(含復出口),28,15000
2020-9,39073010,丙二酚型環氧樹脂,法屬玻里尼西亞,出口總值(含復出口),1,130
2020-9,39073010,丙二酚型環氧樹脂,阿拉伯聯合大公國,出口總值(含復出口),281,140800
2020-9,39073010,丙二酚型環氧樹脂,阿曼,出口總值(含復出口),172,88000
2020-9,39073010,丙二酚型環氧樹脂,南韓,進口總值(含復進口),85,33600
2020-9,39073010,丙二酚型環氧樹脂,南韓,出口總值(含復出口),37,14400
2020-9,39073010,丙二酚型環氧樹脂,美國,進口總值(含復進口),167,33885
2020-9,39073010,丙二酚型環氧樹脂,美國,出口總值(含復出口),396,223090
2020-9,39073010,丙二酚型環氧樹脂,英國,進口總值(含復進口),3,7
2020-9,39073010,丙二酚型環氧樹脂,英國,出口總值(含復出口),238,123100
2020-9,39073010,丙二酚型環氧樹脂,埃及,出口總值(含復出口),72,38400
2020-9,39073010,丙二酚型環氧樹脂,泰國,出口總值(含復出口),77,41510
2020-9,39073010,丙二酚型環氧樹脂,烏克蘭,出口總值(含復出口),37,19200
2020-9,39073010,丙二酚型環氧樹脂,馬來西亞,出口總值(含復出口),1112,589970
2020-9,39073010,丙二酚型環氧樹脂,荷蘭,進口總值(含復進口),34,15960
2020-9,39073010,丙二酚型環氧樹脂,荷蘭,出口總值(含復出口),454,181980
2020-9,39073010,丙二酚型環氧樹脂,菲律賓,出口總值(含復出口),382,208805
2020-9,39073010,丙二酚型環氧樹脂,越南,出口總值(含復出口),678,359604
2020-9,39073010,丙二酚型環氧樹脂,新加坡,出口總值(含復出口),147,77120
2020-9,39073010,丙二酚型環氧樹脂,瑞士,進口總值(含復進口),11,11
2020-9,39073010,丙二酚型環氧樹脂,義大利,出口總值(含復出口),268,138250
2020-9,39073010,丙二酚型環氧樹脂,葡萄牙,出口總值(含復出口),159,87500
2020-9,39073010,丙二酚型環氧樹脂,德國,進口總值(含復進口),54,18000
2020-9,39073010,丙二酚型環氧樹脂,澳大利亞,出口總值(含復出口),43,19040
2020-9,39073010,丙二酚型環氧樹脂,澳門,出口總值(含復出口),201,83260
2020-9,39074000,聚碳酸樹脂，初級狀態,中國大陸,進口總值(含復進口),6900,3022036
2020-9,39074000,聚碳酸樹脂，初級狀態,中國大陸,出口總值(含復出口),45934,23173319
2020-9,39074000,聚碳酸樹脂，初級狀態,中華民國,進口總值(含復進口),80,18200
2020-9,39074000,聚碳酸樹脂，初級狀態,厄瓜多,出口總值(含復出口),11,6000
2020-9,39074000,聚碳酸樹脂，初級狀態,巴西,出口總值(含復出口),45,24000
2020-9,39074000,聚碳酸樹脂，初級狀態,巴基斯坦,出口總值(含復出口),59,30000
2020-9,39074000,聚碳酸樹脂，初級狀態,日本,進口總值(含復進口),6687,1504221
2020-9,39074000,聚碳酸樹脂，初級狀態,日本,出口總值(含復出口),2261,1220800
2020-9,39074000,聚碳酸樹脂，初級狀態,比利時,進口總值(含復進口),20,2200
2020-9,39074000,聚碳酸樹脂，初級狀態,比利時,出口總值(含復出口),5,2000
2020-9,39074000,聚碳酸樹脂，初級狀態,以色列,出口總值(含復出口),17,8000
2020-9,39074000,聚碳酸樹脂，初級狀態,加拿大,進口總值(含復進口),45,41495
2020-9,39074000,聚碳酸樹脂，初級狀態,加拿大,出口總值(含復出口),30,16600
2020-9,39074000,聚碳酸樹脂，初級狀態,立陶宛,出口總值(含復出口),7,4025
2020-9,39074000,聚碳酸樹脂，初級狀態,伊朗,出口總值(含復出口),305,148000
2020-9,39074000,聚碳酸樹脂，初級狀態,印尼,出口總值(含復出口),45,25825
2020-9,39074000,聚碳酸樹脂，初級狀態,印度,進口總值(含復進口),9,4350
2020-9,39074000,聚碳酸樹脂，初級狀態,印度,出口總值(含復出口),43,24800
2020-9,39074000,聚碳酸樹脂，初級狀態,西班牙,進口總值(含復進口),1806,1217054
2020-9,39074000,聚碳酸樹脂，初級狀態,沙烏地阿拉伯,進口總值(含復進口),1820,1214700
2020-9,39074000,聚碳酸樹脂，初級狀態,波蘭,出口總值(含復出口),29,13000
2020-9,39074000,聚碳酸樹脂，初級狀態,阿根廷,出口總值(含復出口),21,12000
2020-9,39074000,聚碳酸樹脂，初級狀態,俄羅斯,出口總值(含復出口),38,20000
2020-9,39074000,聚碳酸樹脂，初級狀態,南非,出口總值(含復出口),100,54000
2020-9,39074000,聚碳酸樹脂，初級狀態,南韓,進口總值(含復進口),1713,980950
2020-9,39074000,聚碳酸樹脂，初級狀態,南韓,出口總值(含復出口),606,232000
2020-9,39074000,聚碳酸樹脂，初級狀態,美國,進口總值(含復進口),184,37577
2020-9,39074000,聚碳酸樹脂，初級狀態,美國,出口總值(含復出口),337,148575
2020-9,39074000,聚碳酸樹脂，初級狀態,英國,出口總值(含復出口),21,11125
2020-9,39074000,聚碳酸樹脂，初級狀態,香港,出口總值(含復出口),6184,1970336
2020-9,39074000,聚碳酸樹脂，初級狀態,哥倫比亞,出口總值(含復出口),157,85000
2020-9,39074000,聚碳酸樹脂，初級狀態,泰國,進口總值(含復進口),3362,1858325
2020-9,39074000,聚碳酸樹脂，初級狀態,泰國,出口總值(含復出口),782,438292
2020-9,39074000,聚碳酸樹脂，初級狀態,紐西蘭,出口總值(含復出口),9,5000
2020-9,39074000,聚碳酸樹脂，初級狀態,馬來西亞,進口總值(含復進口),7,925
2020-9,39074000,聚碳酸樹脂，初級狀態,馬來西亞,出口總值(含復出口),376,295492
2020-9,39074000,聚碳酸樹脂，初級狀態,荷蘭,出口總值(含復出口),687,299300
2020-9,39074000,聚碳酸樹脂，初級狀態,斯里蘭卡,出口總值(含復出口),42,24000
2020-9,39074000,聚碳酸樹脂，初級狀態,斯洛維尼亞,出口總值(含復出口),15,7000
2020-9,39074000,聚碳酸樹脂，初級狀態,智利,出口總值(含復出口),11,5000
2020-9,39074000,聚碳酸樹脂，初級狀態,菲律賓,進口總值(含復進口),20,3000
2020-9,39074000,聚碳酸樹脂，初級狀態,菲律賓,出口總值(含復出口),75,36000
2020-9,39074000,聚碳酸樹脂，初級狀態,越南,出口總值(含復出口),1307,627925
2020-9,39074000,聚碳酸樹脂，初級狀態,新加坡,進口總值(含復進口),302,91603
2020-9,39074000,聚碳酸樹脂，初級狀態,新加坡,出口總值(含復出口),291,131650
2020-9,39074000,聚碳酸樹脂，初級狀態,義大利,進口總值(含復進口),112,65987
2020-9,39074000,聚碳酸樹脂，初級狀態,義大利,出口總值(含復出口),20,11000
2020-9,39074000,聚碳酸樹脂，初級狀態,葡萄牙,出口總值(含復出口),8,4000
2020-9,39074000,聚碳酸樹脂，初級狀態,德國,進口總值(含復進口),783,369875
2020-9,39074000,聚碳酸樹脂，初級狀態,德國,出口總值(含復出口),102,57900
2020-9,39074000,聚碳酸樹脂，初級狀態,緬甸,出口總值(含復出口),57,32000
2020-9,39074000,聚碳酸樹脂，初級狀態,墨西哥,出口總值(含復出口),57,5450
2020-9,39074000,聚碳酸樹脂，初級狀態,澳大利亞,出口總值(含復出口),56,32200
2020-9,39075000,醇酸樹脂，初級狀態,中國大陸,進口總值(含復進口),125,30060
2020-9,39075000,醇酸樹脂，初級狀態,中國大陸,出口總值(含復出口),421,334692
2020-9,39075000,醇酸樹脂，初級狀態,日本,進口總值(含復進口),7,560
2020-9,39075000,醇酸樹脂，初級狀態,日本,出口總值(含復出口),19,8000
2020-9,39075000,醇酸樹脂，初級狀態,印尼,出口總值(含復出口),3,1520
2020-9,39075000,醇酸樹脂，初級狀態,印度,出口總值(含復出口),4,1000
2020-9,39075000,醇酸樹脂，初級狀態,俄羅斯,出口總值(含復出口),9,5100
2020-9,39075000,醇酸樹脂，初級狀態,南韓,出口總值(含復出口),51,18000
2020-9,39075000,醇酸樹脂，初級狀態,哥斯大黎加,出口總值(含復出口),2,1140
2020-9,39075000,醇酸樹脂，初級狀態,埃及,出口總值(含復出口),64,49600
2020-9,39075000,醇酸樹脂，初級狀態,泰國,出口總值(含復出口),26,13800
2020-9,39075000,醇酸樹脂，初級狀態,馬來西亞,進口總值(含復進口),2,600
2020-9,39075000,醇酸樹脂，初級狀態,馬來西亞,出口總值(含復出口),113,70620
2020-9,39075000,醇酸樹脂，初級狀態,斯里蘭卡,出口總值(含復出口),181,132000
2020-9,39075000,醇酸樹脂，初級狀態,菲律賓,出口總值(含復出口),14,6400
2020-9,39075000,醇酸樹脂，初級狀態,越南,出口總值(含復出口),2083,1499891
2020-9,39075000,醇酸樹脂，初級狀態,奧地利,進口總值(含復進口),7,300
2020-9,39075000,醇酸樹脂，初級狀態,新加坡,出口總值(含復出口),150,51910
2020-9,39075000,醇酸樹脂，初級狀態,模里西斯,出口總值(含復出口),8,6060
2020-9,39075000,醇酸樹脂，初級狀態,緬甸,出口總值(含復出口),4,709
2020-9,39075000,醇酸樹脂，初級狀態,澳大利亞,出口總值(含復出口),160,96240
2020-10,39073010,丙二酚型環氧樹脂,土耳其,出口總值(含復出口),263,140800
2020-10,39073010,丙二酚型環氧樹脂,中國大陸,進口總值(含復進口),104,49489
2020-10,39073010,丙二酚型環氧樹脂,中國大陸,出口總值(含復出口),21218,8944138
2020-10,39073010,丙二酚型環氧樹脂,巴西,出口總值(含復出口),112,53970
2020-10,39073010,丙二酚型環氧樹脂,日本,進口總值(含復進口),183,7914
2020-10,39073010,丙二酚型環氧樹脂,日本,出口總值(含復出口),855,394590
2020-10,39073010,丙二酚型環氧樹脂,加拿大,出口總值(含復出口),198,109600
2020-10,39073010,丙二酚型環氧樹脂,印尼,出口總值(含復出口),318,155840
2020-10,39073010,丙二酚型環氧樹脂,西班牙,出口總值(含復出口),37,17920
2020-10,39073010,丙二酚型環氧樹脂,希臘,出口總值(含復出口),43,17600
2020-10,39073010,丙二酚型環氧樹脂,孟加拉,出口總值(含復出口),28,15000
2020-10,39073010,丙二酚型環氧樹脂,阿拉伯聯合大公國,出口總值(含復出口),111,58860
2020-10,39073010,丙二酚型環氧樹脂,阿曼,出口總值(含復出口),172,88000
2020-10,39073010,丙二酚型環氧樹脂,南韓,進口總值(含復進口),138,36980
2020-10,39073010,丙二酚型環氧樹脂,美國,進口總值(含復進口),175,27555
2020-10,39073010,丙二酚型環氧樹脂,美國,出口總值(含復出口),454,258900
2020-10,39073010,丙二酚型環氧樹脂,英國,進口總值(含復進口),8,158
2020-10,39073010,丙二酚型環氧樹脂,英國,出口總值(含復出口),391,186100
2020-10,39073010,丙二酚型環氧樹脂,哥倫比亞,出口總值(含復出口),72,32000
2020-10,39073010,丙二酚型環氧樹脂,泰國,出口總值(含復出口),329,166255
2020-10,39073010,丙二酚型環氧樹脂,烏克蘭,出口總值(含復出口),37,19200
2020-10,39073010,丙二酚型環氧樹脂,馬來西亞,進口總值(含復進口),93,24000
2020-10,39073010,丙二酚型環氧樹脂,馬來西亞,出口總值(含復出口),773,395975
2020-10,39073010,丙二酚型環氧樹脂,荷蘭,進口總值(含復進口),74,34800
2020-10,39073010,丙二酚型環氧樹脂,荷蘭,出口總值(含復出口),312,134000
2020-10,39073010,丙二酚型環氧樹脂,斯里蘭卡,出口總值(含復出口),26,16000
2020-10,39073010,丙二酚型環氧樹脂,菲律賓,出口總值(含復出口),866,453270
2020-10,39073010,丙二酚型環氧樹脂,越南,出口總值(含復出口),1734,836433
2020-10,39073010,丙二酚型環氧樹脂,新加坡,出口總值(含復出口),590,298860
2020-10,39073010,丙二酚型環氧樹脂,義大利,出口總值(含復出口),138,61325
2020-10,39073010,丙二酚型環氧樹脂,德國,進口總值(含復進口),89,23000
2020-10,39073010,丙二酚型環氧樹脂,墨西哥,出口總值(含復出口),114,51840
2020-10,39073010,丙二酚型環氧樹脂,澳大利亞,出口總值(含復出口),195,92650
2020-10,39073010,丙二酚型環氧樹脂,澳門,出口總值(含復出口),215,91350
2020-10,39074000,聚碳酸樹脂，初級狀態,土耳其,出口總值(含復出口),81,32000
2020-10,39074000,聚碳酸樹脂，初級狀態,中國大陸,進口總值(含復進口),7451,3279268
2020-10,39074000,聚碳酸樹脂，初級狀態,中國大陸,出口總值(含復出口),57021,27881497
2020-10,39074000,聚碳酸樹脂，初級狀態,中華民國,進口總值(含復進口),73,13250
2020-10,39074000,聚碳酸樹脂，初級狀態,厄瓜多,出口總值(含復出口),8,4000
2020-10,39074000,聚碳酸樹脂，初級狀態,巴西,出口總值(含復出口),198,112000
2020-10,39074000,聚碳酸樹脂，初級狀態,日本,進口總值(含復進口),5816,656232
2020-10,39074000,聚碳酸樹脂，初級狀態,日本,出口總值(含復出口),2223,1144550
2020-10,39074000,聚碳酸樹脂，初級狀態,比利時,進口總值(含復進口),87,23025
2020-10,39074000,聚碳酸樹脂，初級狀態,比利時,出口總值(含復出口),13,5000
2020-10,39074000,聚碳酸樹脂，初級狀態,以色列,出口總值(含復出口),19,8000
2020-10,39074000,聚碳酸樹脂，初級狀態,加拿大,出口總值(含復出口),129,72000
2020-10,39074000,聚碳酸樹脂，初級狀態,伊朗,出口總值(含復出口),67,32000
2020-10,39074000,聚碳酸樹脂，初級狀態,印尼,進口總值(含復進口),4,1500
2020-10,39074000,聚碳酸樹脂，初級狀態,印尼,出口總值(含復出口),5,2000
2020-10,39074000,聚碳酸樹脂，初級狀態,印度,進口總值(含復進口),1,650
2020-10,39074000,聚碳酸樹脂，初級狀態,印度,出口總值(含復出口),96,54000
2020-10,39074000,聚碳酸樹脂，初級狀態,西班牙,進口總值(含復進口),674,378879
2020-10,39074000,聚碳酸樹脂，初級狀態,西班牙,出口總值(含復出口),38,21000
2020-10,39074000,聚碳酸樹脂，初級狀態,沙烏地阿拉伯,進口總值(含復進口),363,222300
2020-10,39074000,聚碳酸樹脂，初級狀態,孟加拉,出口總值(含復出口),21,12000
2020-10,39074000,聚碳酸樹脂，初級狀態,波蘭,出口總值(含復出口),51,25000
2020-10,39074000,聚碳酸樹脂，初級狀態,阿根廷,出口總值(含復出口),31,18000
2020-10,39074000,聚碳酸樹脂，初級狀態,俄羅斯,出口總值(含復出口),5,2000
2020-10,39074000,聚碳酸樹脂，初級狀態,南非,出口總值(含復出口),143,73000
2020-10,39074000,聚碳酸樹脂，初級狀態,南韓,進口總值(含復進口),2332,1274825
2020-10,39074000,聚碳酸樹脂，初級狀態,南韓,出口總值(含復出口),1599,668900
2020-10,39074000,聚碳酸樹脂，初級狀態,哈薩克,出口總值(含復出口),5,2500
2020-10,39074000,聚碳酸樹脂，初級狀態,美國,進口總值(含復進口),378,59973
2020-10,39074000,聚碳酸樹脂，初級狀態,美國,出口總值(含復出口),447,209026
2020-10,39074000,聚碳酸樹脂，初級狀態,英國,出口總值(含復出口),61,30875
2020-10,39074000,聚碳酸樹脂，初級狀態,香港,出口總值(含復出口),7512,2412529
2020-10,39074000,聚碳酸樹脂，初級狀態,哥倫比亞,出口總值(含復出口),92,47000
2020-10,39074000,聚碳酸樹脂，初級狀態,泰國,進口總值(含復進口),1705,928141
2020-10,39074000,聚碳酸樹脂，初級狀態,泰國,出口總值(含復出口),491,336497
2020-10,39074000,聚碳酸樹脂，初級狀態,紐西蘭,出口總值(含復出口),6,3000
2020-10,39074000,聚碳酸樹脂，初級狀態,馬來西亞,出口總值(含復出口),311,136000
2020-10,39074000,聚碳酸樹脂，初級狀態,馬爾他,進口總值(含復進口),2,200
2020-10,39074000,聚碳酸樹脂，初級狀態,荷蘭,進口總值(含復進口),103,20000
2020-10,39074000,聚碳酸樹脂，初級狀態,荷蘭,出口總值(含復出口),876,334550
2020-10,39074000,聚碳酸樹脂，初級狀態,斯里蘭卡,出口總值(含復出口),8,4000
2020-10,39074000,聚碳酸樹脂，初級狀態,斯洛維尼亞,出口總值(含復出口),56,29000
2020-10,39074000,聚碳酸樹脂，初級狀態,菲律賓,進口總值(含復進口),3,500
2020-10,39074000,聚碳酸樹脂，初級狀態,菲律賓,出口總值(含復出口),70,41000
2020-10,39074000,聚碳酸樹脂，初級狀態,越南,出口總值(含復出口),1776,809310
2020-10,39074000,聚碳酸樹脂，初級狀態,新加坡,進口總值(含復進口),768,191833
2020-10,39074000,聚碳酸樹脂，初級狀態,新加坡,出口總值(含復出口),391,96975
2020-10,39074000,聚碳酸樹脂，初級狀態,瑞典,出口總值(含復出口),9,4000
2020-10,39074000,聚碳酸樹脂，初級狀態,義大利,進口總值(含復進口),159,24837
2020-10,39074000,聚碳酸樹脂，初級狀態,義大利,出口總值(含復出口),11,4002
2020-10,39074000,聚碳酸樹脂，初級狀態,德國,進口總值(含復進口),1856,920000
2020-10,39074000,聚碳酸樹脂，初級狀態,德國,出口總值(含復出口),97,48000
2020-10,39074000,聚碳酸樹脂，初級狀態,緬甸,出口總值(含復出口),58,32000
2020-10,39074000,聚碳酸樹脂，初級狀態,黎巴嫩,出口總值(含復出口),51,25000
2020-10,39074000,聚碳酸樹脂，初級狀態,墨西哥,進口總值(含復進口),14,9790
2020-10,39074000,聚碳酸樹脂，初級狀態,墨西哥,出口總值(含復出口),298,126000
2020-10,39074000,聚碳酸樹脂，初級狀態,澳大利亞,出口總值(含復出口),15,7000
2020-10,39075000,醇酸樹脂，初級狀態,中國大陸,進口總值(含復進口),1,540
2020-10,39075000,醇酸樹脂，初級狀態,中國大陸,出口總值(含復出口),369,277922
2020-10,39075000,醇酸樹脂，初級狀態,中華民國,進口總值(含復進口),34,16000
2020-10,39075000,醇酸樹脂，初級狀態,巴基斯坦,出口總值(含復出口),11,6600
2020-10,39075000,醇酸樹脂，初級狀態,日本,進口總值(含復進口),17,5218
2020-10,39075000,醇酸樹脂，初級狀態,以色列,出口總值(含復出口),13,8800
2020-10,39075000,醇酸樹脂，初級狀態,印尼,出口總值(含復出口),36,20200
2020-10,39075000,醇酸樹脂，初級狀態,印度,出口總值(含復出口),41,18000
2020-10,39075000,醇酸樹脂，初級狀態,沙烏地阿拉伯,出口總值(含復出口),37,28400
2020-10,39075000,醇酸樹脂，初級狀態,阿拉伯聯合大公國,出口總值(含復出口),5,4410
2020-10,39075000,醇酸樹脂，初級狀態,俄羅斯,出口總值(含復出口),6,4000
2020-10,39075000,醇酸樹脂，初級狀態,南韓,出口總值(含復出口),19,5400
2020-10,39075000,醇酸樹脂，初級狀態,美國,進口總值(含復進口),7,875
2020-10,39075000,醇酸樹脂，初級狀態,美國,出口總值(含復出口),4,3000
2020-10,39075000,醇酸樹脂，初級狀態,哥倫比亞,出口總值(含復出口),5,3000
2020-10,39075000,醇酸樹脂，初級狀態,埃及,出口總值(含復出口),62,50400
2020-10,39075000,醇酸樹脂，初級狀態,泰國,出口總值(含復出口),16,8980
2020-10,39075000,醇酸樹脂，初級狀態,馬來西亞,出口總值(含復出口),145,80051
2020-10,39075000,醇酸樹脂，初級狀態,斯里蘭卡,出口總值(含復出口),213,161870
2020-10,39075000,醇酸樹脂，初級狀態,菲律賓,出口總值(含復出口),2,1200
2020-10,39075000,醇酸樹脂，初級狀態,越南,出口總值(含復出口),2049,1391283
2020-10,39075000,醇酸樹脂，初級狀態,新加坡,出口總值(含復出口),53,14000
2020-10,39075000,醇酸樹脂，初級狀態,德國,進口總值(含復進口),6,1580
2020-10,39075000,醇酸樹脂，初級狀態,模里西斯,出口總值(含復出口),10,6840
2020-10,39075000,醇酸樹脂，初級狀態,緬甸,出口總值(含復出口),19,2492
2020-10,39075000,醇酸樹脂，初級狀態,黎巴嫩,出口總值(含復出口),2,1200
2020-10,39075000,醇酸樹脂，初級狀態,澳大利亞,出口總值(含復出口),173,120300
2020-11,39073010,丙二酚型環氧樹脂,土耳其,出口總值(含復出口),147,71040
2020-11,39073010,丙二酚型環氧樹脂,中國大陸,進口總值(含復進口),286,90893
2020-11,39073010,丙二酚型環氧樹脂,中國大陸,出口總值(含復出口),30171,11154106
2020-11,39073010,丙二酚型環氧樹脂,巴西,出口總值(含復出口),82,42000
2020-11,39073010,丙二酚型環氧樹脂,日本,進口總值(含復進口),133,7346
2020-11,39073010,丙二酚型環氧樹脂,日本,出口總值(含復出口),792,356345
2020-11,39073010,丙二酚型環氧樹脂,加拿大,進口總值(含復進口),11,178
2020-11,39073010,丙二酚型環氧樹脂,加拿大,出口總值(含復出口),40,23000
2020-11,39073010,丙二酚型環氧樹脂,印尼,出口總值(含復出口),306,147795
2020-11,39073010,丙二酚型環氧樹脂,阿拉伯聯合大公國,出口總值(含復出口),215,110110
2020-11,39073010,丙二酚型環氧樹脂,阿曼,出口總值(含復出口),524,252800
2020-11,39073010,丙二酚型環氧樹脂,俄羅斯,出口總值(含復出口),76,35200
2020-11,39073010,丙二酚型環氧樹脂,美國,進口總值(含復進口),105,16227
2020-11,39073010,丙二酚型環氧樹脂,美國,出口總值(含復出口),426,232810
2020-11,39073010,丙二酚型環氧樹脂,英國,進口總值(含復進口),9,257
2020-11,39073010,丙二酚型環氧樹脂,英國,出口總值(含復出口),172,76710
2020-11,39073010,丙二酚型環氧樹脂,哥倫比亞,出口總值(含復出口),77,32000
2020-11,39073010,丙二酚型環氧樹脂,埃及,出口總值(含復出口),82,38400
2020-11,39073010,丙二酚型環氧樹脂,泰國,出口總值(含復出口),609,299610
2020-11,39073010,丙二酚型環氧樹脂,烏克蘭,出口總值(含復出口),41,19200
2020-11,39073010,丙二酚型環氧樹脂,馬來西亞,進口總值(含復進口),93,24000
2020-11,39073010,丙二酚型環氧樹脂,馬來西亞,出口總值(含復出口),750,375020
2020-11,39073010,丙二酚型環氧樹脂,荷蘭,進口總值(含復進口),34,16800
2020-11,39073010,丙二酚型環氧樹脂,喬治亞,出口總值(含復出口),39,17600
2020-11,39073010,丙二酚型環氧樹脂,菲律賓,出口總值(含復出口),428,217080
2020-11,39073010,丙二酚型環氧樹脂,越南,出口總值(含復出口),1422,620230
2020-11,39073010,丙二酚型環氧樹脂,奧地利,出口總值(含復出口),112,52500
2020-11,39073010,丙二酚型環氧樹脂,新加坡,出口總值(含復出口),555,267095
2020-11,39073010,丙二酚型環氧樹脂,義大利,出口總值(含復出口),129,53195
2020-11,39073010,丙二酚型環氧樹脂,德國,進口總值(含復進口),88,22150
2020-11,39073010,丙二酚型環氧樹脂,墨西哥,出口總值(含復出口),74,33600
2020-11,39073010,丙二酚型環氧樹脂,澳大利亞,出口總值(含復出口),126,53760
2020-11,39073010,丙二酚型環氧樹脂,澳門,出口總值(含復出口),277,114520
2020-11,39074000,聚碳酸樹脂，初級狀態,中國大陸,進口總值(含復進口),8850,3716703
2020-11,39074000,聚碳酸樹脂，初級狀態,中國大陸,出口總值(含復出口),59730,26693036
2020-11,39074000,聚碳酸樹脂，初級狀態,中華民國,進口總值(含復進口),68,30475
2020-11,39074000,聚碳酸樹脂，初級狀態,厄瓜多,出口總值(含復出口),4,2000
2020-11,39074000,聚碳酸樹脂，初級狀態,巴西,出口總值(含復出口),87,41000
2020-11,39074000,聚碳酸樹脂，初級狀態,巴基斯坦,出口總值(含復出口),30,15000
2020-11,39074000,聚碳酸樹脂，初級狀態,日本,進口總值(含復進口),7577,1196310
2020-11,39074000,聚碳酸樹脂，初級狀態,日本,出口總值(含復出口),1997,918400
2020-11,39074000,聚碳酸樹脂，初級狀態,比利時,進口總值(含復進口),197,22000
2020-11,39074000,聚碳酸樹脂，初級狀態,比利時,出口總值(含復出口),91,35000
2020-11,39074000,聚碳酸樹脂，初級狀態,以色列,出口總值(含復出口),33,14000
2020-11,39074000,聚碳酸樹脂，初級狀態,加拿大,出口總值(含復出口),73,20950
2020-11,39074000,聚碳酸樹脂，初級狀態,伊朗,出口總值(含復出口),379,182000
2020-11,39074000,聚碳酸樹脂，初級狀態,印尼,出口總值(含復出口),233,100800
2020-11,39074000,聚碳酸樹脂，初級狀態,印度,出口總值(含復出口),18,4000
2020-11,39074000,聚碳酸樹脂，初級狀態,西班牙,進口總值(含復進口),312,175350
2020-11,39074000,聚碳酸樹脂，初級狀態,沙烏地阿拉伯,進口總值(含復進口),2473,1413850
2020-11,39074000,聚碳酸樹脂，初級狀態,孟加拉,出口總值(含復出口),116,60000
2020-11,39074000,聚碳酸樹脂，初級狀態,波蘭,出口總值(含復出口),29,13000
2020-11,39074000,聚碳酸樹脂，初級狀態,阿拉伯聯合大公國,出口總值(含復出口),105,48000
2020-11,39074000,聚碳酸樹脂，初級狀態,阿根廷,出口總值(含復出口),98,52000
2020-11,39074000,聚碳酸樹脂，初級狀態,南非,出口總值(含復出口),41,19000
2020-11,39074000,聚碳酸樹脂，初級狀態,南韓,進口總值(含復進口),1870,934750
2020-11,39074000,聚碳酸樹脂，初級狀態,南韓,出口總值(含復出口),2175,860600
2020-11,39074000,聚碳酸樹脂，初級狀態,突尼西亞,出口總值(含復出口),26,13000
2020-11,39074000,聚碳酸樹脂，初級狀態,美國,進口總值(含復進口),232,63627
2020-11,39074000,聚碳酸樹脂，初級狀態,美國,出口總值(含復出口),774,315250
2020-11,39074000,聚碳酸樹脂，初級狀態,英國,出口總值(含復出口),7,3000
2020-11,39074000,聚碳酸樹脂，初級狀態,香港,出口總值(含復出口),8330,2713950
2020-11,39074000,聚碳酸樹脂，初級狀態,哥倫比亞,出口總值(含復出口),17,8000
2020-11,39074000,聚碳酸樹脂，初級狀態,埃及,出口總值(含復出口),139,72000
2020-11,39074000,聚碳酸樹脂，初級狀態,泰國,進口總值(含復進口),3481,1679706
2020-11,39074000,聚碳酸樹脂，初級狀態,泰國,出口總值(含復出口),621,337421
2020-11,39074000,聚碳酸樹脂，初級狀態,紐西蘭,出口總值(含復出口),20,10000
2020-11,39074000,聚碳酸樹脂，初級狀態,馬來西亞,進口總值(含復進口),15,2000
2020-11,39074000,聚碳酸樹脂，初級狀態,馬來西亞,出口總值(含復出口),441,183950
2020-11,39074000,聚碳酸樹脂，初級狀態,荷蘭,進口總值(含復進口),81,23125
2020-11,39074000,聚碳酸樹脂，初級狀態,荷蘭,出口總值(含復出口),914,384000
2020-11,39074000,聚碳酸樹脂，初級狀態,斯里蘭卡,出口總值(含復出口),18,9000
2020-11,39074000,聚碳酸樹脂，初級狀態,斯洛維尼亞,出口總值(含復出口),60,23000
2020-11,39074000,聚碳酸樹脂，初級狀態,智利,出口總值(含復出口),11,5000
2020-11,39074000,聚碳酸樹脂，初級狀態,菲律賓,出口總值(含復出口),87,30000
2020-11,39074000,聚碳酸樹脂，初級狀態,越南,出口總值(含復出口),1447,601308
2020-11,39074000,聚碳酸樹脂，初級狀態,新加坡,進口總值(含復進口),883,155666
2020-11,39074000,聚碳酸樹脂，初級狀態,新加坡,出口總值(含復出口),379,172625
2020-11,39074000,聚碳酸樹脂，初級狀態,瑞典,出口總值(含復出口),2,500
2020-11,39074000,聚碳酸樹脂，初級狀態,義大利,進口總值(含復進口),33,2875
2020-11,39074000,聚碳酸樹脂，初級狀態,義大利,出口總值(含復出口),50,26000
2020-11,39074000,聚碳酸樹脂，初級狀態,德國,進口總值(含復進口),3268,1699250
2020-11,39074000,聚碳酸樹脂，初級狀態,德國,出口總值(含復出口),65,20800
2020-11,39074000,聚碳酸樹脂，初級狀態,緬甸,出口總值(含復出口),86,48000
2020-11,39074000,聚碳酸樹脂，初級狀態,黎巴嫩,出口總值(含復出口),41,20000
2020-11,39074000,聚碳酸樹脂，初級狀態,墨西哥,進口總值(含復進口),54,48000
2020-11,39074000,聚碳酸樹脂，初級狀態,墨西哥,出口總值(含復出口),160,51340
2020-11,39074000,聚碳酸樹脂，初級狀態,澳大利亞,出口總值(含復出口),56,30100
2020-11,39075000,醇酸樹脂，初級狀態,中國大陸,進口總值(含復進口),38,15969
2020-11,39075000,醇酸樹脂，初級狀態,中國大陸,出口總值(含復出口),254,156248
2020-11,39075000,醇酸樹脂，初級狀態,巴基斯坦,出口總值(含復出口),8,5000
2020-11,39075000,醇酸樹脂，初級狀態,日本,進口總值(含復進口),10,2984
2020-11,39075000,醇酸樹脂，初級狀態,日本,出口總值(含復出口),8,4000
2020-11,39075000,醇酸樹脂，初級狀態,卡達,出口總值(含復出口),126,112800
2020-11,39075000,醇酸樹脂，初級狀態,印尼,出口總值(含復出口),8,4890
2020-11,39075000,醇酸樹脂，初級狀態,印度,出口總值(含復出口),34,16000
2020-11,39075000,醇酸樹脂，初級狀態,法國,進口總值(含復進口),0,22
2020-11,39075000,醇酸樹脂，初級狀態,阿拉伯聯合大公國,出口總值(含復出口),15,8000
2020-11,39075000,醇酸樹脂，初級狀態,俄羅斯,出口總值(含復出口),4,2400
2020-11,39075000,醇酸樹脂，初級狀態,南韓,出口總值(含復出口),43,18000
2020-11,39075000,醇酸樹脂，初級狀態,美國,進口總值(含復進口),5,762
2020-11,39075000,醇酸樹脂，初級狀態,香港,出口總值(含復出口),3,900
2020-11,39075000,醇酸樹脂，初級狀態,哥倫比亞,出口總值(含復出口),7,4000
2020-11,39075000,醇酸樹脂，初級狀態,埃及,出口總值(含復出口),46,38050
2020-11,39075000,醇酸樹脂，初級狀態,泰國,出口總值(含復出口),8,4250
2020-11,39075000,醇酸樹脂，初級狀態,紐西蘭,出口總值(含復出口),3,1600
2020-11,39075000,醇酸樹脂，初級狀態,馬來西亞,出口總值(含復出口),280,164760
2020-11,39075000,醇酸樹脂，初級狀態,喀麥隆,出口總值(含復出口),24,16000
2020-11,39075000,醇酸樹脂，初級狀態,斯里蘭卡,出口總值(含復出口),129,91100
2020-11,39075000,醇酸樹脂，初級狀態,菲律賓,出口總值(含復出口),4,2170
2020-11,39075000,醇酸樹脂，初級狀態,象牙海岸,出口總值(含復出口),20,16000
2020-11,39075000,醇酸樹脂，初級狀態,越南,出口總值(含復出口),1673,1144235
2020-11,39075000,醇酸樹脂，初級狀態,新加坡,出口總值(含復出口),23,17200
2020-11,39075000,醇酸樹脂，初級狀態,模里西斯,出口總值(含復出口),31,22560
2020-11,39075000,醇酸樹脂，初級狀態,緬甸,出口總值(含復出口),21,2912
2020-11,39075000,醇酸樹脂，初級狀態,黎巴嫩,出口總值(含復出口),30,24120
2020-11,39075000,醇酸樹脂，初級狀態,澳大利亞,出口總值(含復出口),115,81940
2020-12,39073010,丙二酚型環氧樹脂,土耳其,出口總值(含復出口),211,89120
2020-12,39073010,丙二酚型環氧樹脂,中國大陸,進口總值(含復進口),284,67091
2020-12,39073010,丙二酚型環氧樹脂,中國大陸,出口總值(含復出口),26170,7743844
2020-12,39073010,丙二酚型環氧樹脂,中華民國,進口總值(含復進口),13,4825
2020-12,39073010,丙二酚型環氧樹脂,巴西,出口總值(含復出口),105,44000
2020-12,39073010,丙二酚型環氧樹脂,日本,進口總值(含復進口),166,10041
2020-12,39073010,丙二酚型環氧樹脂,日本,出口總值(含復出口),753,320920
2020-12,39073010,丙二酚型環氧樹脂,加拿大,出口總值(含復出口),42,23000
2020-12,39073010,丙二酚型環氧樹脂,印尼,出口總值(含復出口),338,123200
2020-12,39073010,丙二酚型環氧樹脂,印度,出口總值(含復出口),121,38400
2020-12,39073010,丙二酚型環氧樹脂,孟加拉,出口總值(含復出口),30,15000
2020-12,39073010,丙二酚型環氧樹脂,阿曼,出口總值(含復出口),180,88000
2020-12,39073010,丙二酚型環氧樹脂,俄羅斯,出口總值(含復出口),76,35200
2020-12,39073010,丙二酚型環氧樹脂,南韓,進口總值(含復進口),24,428
2020-12,39073010,丙二酚型環氧樹脂,南韓,出口總值(含復出口),55,17600
2020-12,39073010,丙二酚型環氧樹脂,美國,進口總值(含復進口),152,24505
2020-12,39073010,丙二酚型環氧樹脂,美國,出口總值(含復出口),103,49456
2020-12,39073010,丙二酚型環氧樹脂,英國,進口總值(含復進口),13,257
2020-12,39073010,丙二酚型環氧樹脂,英國,出口總值(含復出口),312,122580
2020-12,39073010,丙二酚型環氧樹脂,埃及,出口總值(含復出口),42,19200
2020-12,39073010,丙二酚型環氧樹脂,泰國,進口總值(含復進口),46,17600
2020-12,39073010,丙二酚型環氧樹脂,泰國,出口總值(含復出口),285,131790
2020-12,39073010,丙二酚型環氧樹脂,馬來西亞,進口總值(含復進口),92,24000
2020-12,39073010,丙二酚型環氧樹脂,馬來西亞,出口總值(含復出口),563,250700
2020-12,39073010,丙二酚型環氧樹脂,荷蘭,進口總值(含復進口),33,16800
2020-12,39073010,丙二酚型環氧樹脂,荷蘭,出口總值(含復出口),551,202340
2020-12,39073010,丙二酚型環氧樹脂,菲律賓,出口總值(含復出口),1075,502265
2020-12,39073010,丙二酚型環氧樹脂,越南,出口總值(含復出口),1353,572236
2020-12,39073010,丙二酚型環氧樹脂,新加坡,出口總值(含復出口),1333,547960
2020-12,39073010,丙二酚型環氧樹脂,義大利,進口總值(含復進口),0,68
2020-12,39073010,丙二酚型環氧樹脂,義大利,出口總值(含復出口),293,102860
2020-12,39073010,丙二酚型環氧樹脂,澳大利亞,出口總值(含復出口),352,124920
2020-12,39073010,丙二酚型環氧樹脂,澳門,出口總值(含復出口),197,79410
2020-12,39074000,聚碳酸樹脂，初級狀態,土耳其,出口總值(含復出口),151,52000
2020-12,39074000,聚碳酸樹脂，初級狀態,中國大陸,進口總值(含復進口),7198,2505085
2020-12,39074000,聚碳酸樹脂，初級狀態,中國大陸,出口總值(含復出口),52861,20738974
2020-12,39074000,聚碳酸樹脂，初級狀態,巴西,出口總值(含復出口),199,78000
2020-12,39074000,聚碳酸樹脂，初級狀態,巴基斯坦,出口總值(含復出口),96,44000
2020-12,39074000,聚碳酸樹脂，初級狀態,日本,進口總值(含復進口),8697,669810
2020-12,39074000,聚碳酸樹脂，初級狀態,日本,出口總值(含復出口),3365,1340800
2020-12,39074000,聚碳酸樹脂，初級狀態,比利時,出口總值(含復出口),2,1000
2020-12,39074000,聚碳酸樹脂，初級狀態,以色列,出口總值(含復出口),44,19000
2020-12,39074000,聚碳酸樹脂，初級狀態,加拿大,進口總值(含復進口),0,9
2020-12,39074000,聚碳酸樹脂，初級狀態,加拿大,出口總值(含復出口),29,10076
2020-12,39074000,聚碳酸樹脂，初級狀態,立陶宛,出口總值(含復出口),6,3000
2020-12,39074000,聚碳酸樹脂，初級狀態,伊朗,出口總值(含復出口),145,62000
2020-12,39074000,聚碳酸樹脂，初級狀態,印尼,出口總值(含復出口),50,20000
2020-12,39074000,聚碳酸樹脂，初級狀態,印度,進口總值(含復進口),2,1100
2020-12,39074000,聚碳酸樹脂，初級狀態,印度,出口總值(含復出口),39,20000
2020-12,39074000,聚碳酸樹脂，初級狀態,西班牙,進口總值(含復進口),97,47500
2020-12,39074000,聚碳酸樹脂，初級狀態,西班牙,出口總值(含復出口),46,21000
2020-12,39074000,聚碳酸樹脂，初級狀態,希臘,出口總值(含復出口),23,10000
2020-12,39074000,聚碳酸樹脂，初級狀態,沙烏地阿拉伯,進口總值(含復進口),1943,815850
2020-12,39074000,聚碳酸樹脂，初級狀態,孟加拉,出口總值(含復出口),149,72000
2020-12,39074000,聚碳酸樹脂，初級狀態,波蘭,出口總值(含復出口),12,5000
2020-12,39074000,聚碳酸樹脂，初級狀態,法國,出口總值(含復出口),18,6000
2020-12,39074000,聚碳酸樹脂，初級狀態,阿拉伯聯合大公國,出口總值(含復出口),317,128000
2020-12,39074000,聚碳酸樹脂，初級狀態,阿根廷,出口總值(含復出口),20,9000
2020-12,39074000,聚碳酸樹脂，初級狀態,俄羅斯,出口總值(含復出口),184,72000
2020-12,39074000,聚碳酸樹脂，初級狀態,南非,出口總值(含復出口),102,47000
2020-12,39074000,聚碳酸樹脂，初級狀態,南韓,進口總值(含復進口),2317,1028950
2020-12,39074000,聚碳酸樹脂，初級狀態,南韓,出口總值(含復出口),2034,695800
2020-12,39074000,聚碳酸樹脂，初級狀態,突尼西亞,出口總值(含復出口),50,23000
2020-12,39074000,聚碳酸樹脂，初級狀態,美國,進口總值(含復進口),78,52556
2020-12,39074000,聚碳酸樹脂，初級狀態,美國,出口總值(含復出口),1125,451350
2020-12,39074000,聚碳酸樹脂，初級狀態,英國,進口總值(含復進口),3,200
2020-12,39074000,聚碳酸樹脂，初級狀態,英國,出口總值(含復出口),87,40250
2020-12,39074000,聚碳酸樹脂，初級狀態,香港,出口總值(含復出口),7264,2365700
2020-12,39074000,聚碳酸樹脂，初級狀態,泰國,進口總值(含復進口),3158,1432359
2020-12,39074000,聚碳酸樹脂，初級狀態,泰國,出口總值(含復出口),575,385711
2020-12,39074000,聚碳酸樹脂，初級狀態,紐西蘭,出口總值(含復出口),17,8000
2020-12,39074000,聚碳酸樹脂，初級狀態,馬來西亞,出口總值(含復出口),762,305600
2020-12,39074000,聚碳酸樹脂，初級狀態,荷蘭,進口總值(含復進口),71,10750
2020-12,39074000,聚碳酸樹脂，初級狀態,荷蘭,出口總值(含復出口),1005,410900
2020-12,39074000,聚碳酸樹脂，初級狀態,斯里蘭卡,出口總值(含復出口),41,20000
2020-12,39074000,聚碳酸樹脂，初級狀態,斯洛維尼亞,出口總值(含復出口),53,25000
2020-12,39074000,聚碳酸樹脂，初級狀態,越南,出口總值(含復出口),3218,1211972
2020-12,39074000,聚碳酸樹脂，初級狀態,新加坡,進口總值(含復進口),318,104000
2020-12,39074000,聚碳酸樹脂，初級狀態,新加坡,出口總值(含復出口),85,34000
2020-12,39074000,聚碳酸樹脂，初級狀態,瑞士,進口總值(含復進口),72,8950
2020-12,39074000,聚碳酸樹脂，初級狀態,義大利,進口總值(含復進口),12,9941
2020-12,39074000,聚碳酸樹脂，初級狀態,義大利,出口總值(含復出口),4,2000
2020-12,39074000,聚碳酸樹脂，初級狀態,葡萄牙,出口總值(含復出口),8,3700
2020-12,39074000,聚碳酸樹脂，初級狀態,德國,進口總值(含復進口),338,179740
2020-12,39074000,聚碳酸樹脂，初級狀態,德國,出口總值(含復出口),35,15400
2020-12,39074000,聚碳酸樹脂，初級狀態,緬甸,出口總值(含復出口),29,16000
2020-12,39074000,聚碳酸樹脂，初級狀態,墨西哥,出口總值(含復出口),113,38000
2020-12,39074000,聚碳酸樹脂，初級狀態,澳大利亞,出口總值(含復出口),20,6000
2020-12,39075000,醇酸樹脂，初級狀態,中國大陸,進口總值(含復進口),155,61600
2020-12,39075000,醇酸樹脂，初級狀態,中國大陸,出口總值(含復出口),350,224253
2020-12,39075000,醇酸樹脂，初級狀態,巴基斯坦,出口總值(含復出口),28,16000
2020-12,39075000,醇酸樹脂，初級狀態,日本,進口總值(含復進口),44,14286
2020-12,39075000,醇酸樹脂，初級狀態,日本,出口總值(含復出口),54,23600
2020-12,39075000,醇酸樹脂，初級狀態,卡達,出口總值(含復出口),36,32000
2020-12,39075000,醇酸樹脂，初級狀態,印尼,出口總值(含復出口),4,2520
2020-12,39075000,醇酸樹脂，初級狀態,印度,出口總值(含復出口),84,55000
2020-12,39075000,醇酸樹脂，初級狀態,孟加拉,出口總值(含復出口),10,4940
2020-12,39075000,醇酸樹脂，初級狀態,美國,進口總值(含復進口),7,110
2020-12,39075000,醇酸樹脂，初級狀態,香港,出口總值(含復出口),5,1900
2020-12,39075000,醇酸樹脂，初級狀態,埃及,出口總值(含復出口),113,89250
2020-12,39075000,醇酸樹脂，初級狀態,泰國,進口總值(含復進口),1,380
2020-12,39075000,醇酸樹脂，初級狀態,泰國,出口總值(含復出口),16,10500
2020-12,39075000,醇酸樹脂，初級狀態,馬來西亞,出口總值(含復出口),176,97900
2020-12,39075000,醇酸樹脂，初級狀態,斯里蘭卡,出口總值(含復出口),46,41200
2020-12,39075000,醇酸樹脂，初級狀態,菲律賓,出口總值(含復出口),3,1600
2020-12,39075000,醇酸樹脂，初級狀態,越南,出口總值(含復出口),2326,1569801
2020-12,39075000,醇酸樹脂，初級狀態,新加坡,出口總值(含復出口),136,45890
2020-12,39075000,醇酸樹脂，初級狀態,德國,進口總值(含復進口),10,2340
2020-12,39075000,醇酸樹脂，初級狀態,緬甸,出口總值(含復出口),22,2912
2020-12,39075000,醇酸樹脂，初級狀態,澳大利亞,出口總值(含復出口),123,69780
2020-1,39079100,其他聚酯，不飽和者，初級狀態,中國大陸,進口總值(含復進口),914,501759
2020-1,39079100,其他聚酯，不飽和者，初級狀態,丹麥,進口總值(含復進口),25,6000
2020-1,39079100,其他聚酯，不飽和者，初級狀態,日本,進口總值(含復進口),342,73545
2020-1,39079100,其他聚酯，不飽和者，初級狀態,比利時,進口總值(含復進口),32,5460
2020-1,39079100,其他聚酯，不飽和者，初級狀態,法國,進口總值(含復進口),20,1400
2020-1,39079100,其他聚酯，不飽和者，初級狀態,南韓,進口總值(含復進口),152,59200
2020-1,39079100,其他聚酯，不飽和者，初級狀態,美國,進口總值(含復進口),618,216653
2020-1,39079100,其他聚酯，不飽和者，初級狀態,新加坡,進口總值(含復進口),21,7000
2020-1,39079100,其他聚酯，不飽和者，初級狀態,義大利,進口總值(含復進口),41,16000
2020-1,39079100,其他聚酯，不飽和者，初級狀態,德國,進口總值(含復進口),165,19900
2020-1,39079100,其他聚酯，不飽和者，初級狀態,澳大利亞,進口總值(含復進口),12,5680
2020-1,39079100,其他聚酯，不飽和者，初級狀態,中國大陸,出口總值(含復出口),878,389808
2020-1,39079100,其他聚酯，不飽和者，初級狀態,巴西,出口總值(含復出口),124,140000
2020-1,39079100,其他聚酯，不飽和者，初級狀態,巴基斯坦,出口總值(含復出口),24,17600
2020-1,39079100,其他聚酯，不飽和者，初級狀態,日本,出口總值(含復出口),2106,1339827
2020-1,39079100,其他聚酯，不飽和者，初級狀態,以色列,出口總值(含復出口),26,11440
2020-1,39079100,其他聚酯，不飽和者，初級狀態,卡達,出口總值(含復出口),275,228800
2020-1,39079100,其他聚酯，不飽和者，初級狀態,尼加拉瓜,出口總值(含復出口),26,17600
2020-1,39079100,其他聚酯，不飽和者，初級狀態,立陶宛,出口總值(含復出口),38,19800
2020-1,39079100,其他聚酯，不飽和者，初級狀態,印尼,出口總值(含復出口),41,51675
2020-1,39079100,其他聚酯，不飽和者，初級狀態,印度,出口總值(含復出口),583,571940
2020-1,39079100,其他聚酯，不飽和者，初級狀態,西班牙,出口總值(含復出口),28,20000
2020-1,39079100,其他聚酯，不飽和者，初級狀態,奈及利亞,出口總值(含復出口),134,79412
2020-1,39079100,其他聚酯，不飽和者，初級狀態,孟加拉,出口總值(含復出口),719,418965
2020-1,39079100,其他聚酯，不飽和者，初級狀態,肯亞,出口總值(含復出口),27,17600
2020-1,39079100,其他聚酯，不飽和者，初級狀態,阿拉伯聯合大公國,出口總值(含復出口),68,52800
2020-1,39079100,其他聚酯，不飽和者，初級狀態,南非,出口總值(含復出口),117,69960
2020-1,39079100,其他聚酯，不飽和者，初級狀態,南韓,出口總值(含復出口),3,20
2020-1,39079100,其他聚酯，不飽和者，初級狀態,柬埔寨,出口總值(含復出口),108,73400
2020-1,39079100,其他聚酯，不飽和者，初級狀態,美國,出口總值(含復出口),76,48840
2020-1,39079100,其他聚酯，不飽和者，初級狀態,香港,出口總值(含復出口),203,58770
2020-1,39079100,其他聚酯，不飽和者，初級狀態,哥斯大黎加,出口總值(含復出口),24,15400
2020-1,39079100,其他聚酯，不飽和者，初級狀態,泰國,出口總值(含復出口),129,83280
2020-1,39079100,其他聚酯，不飽和者，初級狀態,紐西蘭,出口總值(含復出口),12,5900
2020-1,39079100,其他聚酯，不飽和者，初級狀態,喬治亞,出口總值(含復出口),28,17600
2020-1,39079100,其他聚酯，不飽和者，初級狀態,斯里蘭卡,出口總值(含復出口),89,52160
2020-1,39079100,其他聚酯，不飽和者，初級狀態,斯洛維尼亞,出口總值(含復出口),77,34000
2020-1,39079100,其他聚酯，不飽和者，初級狀態,菲律賓,出口總值(含復出口),495,291580
2020-1,39079100,其他聚酯，不飽和者，初級狀態,越南,出口總值(含復出口),2510,2140690
2020-1,39079100,其他聚酯，不飽和者，初級狀態,愛爾蘭,出口總值(含復出口),197,350560
2020-1,39079100,其他聚酯，不飽和者，初級狀態,新加坡,出口總值(含復出口),29,8000
2020-1,39079100,其他聚酯，不飽和者，初級狀態,模里西斯,出口總值(含復出口),120,73440
2020-1,39079100,其他聚酯，不飽和者，初級狀態,墨西哥,出口總值(含復出口),17,19800
2020-1,39079100,其他聚酯，不飽和者，初級狀態,澳大利亞,出口總值(含復出口),372,202574
2020-1,39079100,其他聚酯，不飽和者，初級狀態,澳門,出口總值(含復出口),53,17928
2020-1,39079920,熱塑性液晶芳香族聚酯共聚合物,中國大陸,進口總值(含復進口),148,20600
2020-1,39079920,熱塑性液晶芳香族聚酯共聚合物,日本,進口總值(含復進口),36,3000
2020-1,39079920,熱塑性液晶芳香族聚酯共聚合物,美國,進口總值(含復進口),1,34
2020-1,39079920,熱塑性液晶芳香族聚酯共聚合物,中國大陸,出口總值(含復出口),2210,276250
2020-1,39079920,熱塑性液晶芳香族聚酯共聚合物,日本,出口總值(含復出口),518,66500
2020-1,39079920,熱塑性液晶芳香族聚酯共聚合物,南韓,出口總值(含復出口),1373,127500
2020-1,39079920,熱塑性液晶芳香族聚酯共聚合物,香港,出口總值(含復出口),1499,192675
2020-1,39079920,熱塑性液晶芳香族聚酯共聚合物,泰國,出口總值(含復出口),20,2500
2020-1,39079920,熱塑性液晶芳香族聚酯共聚合物,馬來西亞,出口總值(含復出口),86,8000
2020-1,39079920,熱塑性液晶芳香族聚酯共聚合物,菲律賓,出口總值(含復出口),39,5500
2020-1,39079920,熱塑性液晶芳香族聚酯共聚合物,新加坡,出口總值(含復出口),20,2000
2020-1,39094000,酚樹脂，初級狀態,中國大陸,進口總值(含復進口),732,213080
2020-1,39094000,酚樹脂，初級狀態,中華民國,進口總值(含復進口),17,5000
2020-1,39094000,酚樹脂，初級狀態,日本,進口總值(含復進口),1487,151946
2020-1,39094000,酚樹脂，初級狀態,印度,進口總值(含復進口),27,23000
2020-1,39094000,酚樹脂，初級狀態,南韓,進口總值(含復進口),1524,246989
2020-1,39094000,酚樹脂，初級狀態,美國,進口總值(含復進口),471,87111
2020-1,39094000,酚樹脂，初級狀態,泰國,進口總值(含復進口),41,13800
2020-1,39094000,酚樹脂，初級狀態,新加坡,進口總值(含復進口),12,9600
2020-1,39094000,酚樹脂，初級狀態,瑞士,進口總值(含復進口),53,1500
2020-1,39094000,酚樹脂，初級狀態,德國,進口總值(含復進口),376,86844
2020-1,39094000,酚樹脂，初級狀態,土耳其,出口總值(含復出口),108,128000
2020-1,39094000,酚樹脂，初級狀態,中國大陸,出口總值(含復出口),5589,2843515
2020-1,39094000,酚樹脂，初級狀態,日本,出口總值(含復出口),578,225910
2020-1,39094000,酚樹脂，初級狀態,印尼,出口總值(含復出口),51,25250
2020-1,39094000,酚樹脂，初級狀態,印度,出口總值(含復出口),80,45000
2020-1,39094000,酚樹脂，初級狀態,南非,出口總值(含復出口),21,18000
2020-1,39094000,酚樹脂，初級狀態,南韓,出口總值(含復出口),155,78600
2020-1,39094000,酚樹脂，初級狀態,泰國,出口總值(含復出口),320,174495
2020-1,39094000,酚樹脂，初級狀態,烏克蘭,出口總值(含復出口),16,16000
2020-1,39094000,酚樹脂，初級狀態,秘魯,出口總值(含復出口),38,36000
2020-1,39094000,酚樹脂，初級狀態,馬來西亞,出口總值(含復出口),271,95000
2020-1,39094000,酚樹脂，初級狀態,菲律賓,出口總值(含復出口),168,129160
2020-1,39094000,酚樹脂，初級狀態,越南,出口總值(含復出口),198,86520
2020-1,39094000,酚樹脂，初級狀態,新加坡,出口總值(含復出口),31,20955
2020-1,39094000,酚樹脂，初級狀態,澳大利亞,出口總值(含復出口),40,26000
2020-2,39079100,其他聚酯，不飽和者，初級狀態,中國大陸,進口總值(含復進口),335,195000
2020-2,39079100,其他聚酯，不飽和者，初級狀態,丹麥,進口總值(含復進口),25,6000
2020-2,39079100,其他聚酯，不飽和者，初級狀態,日本,進口總值(含復進口),166,27588
2020-2,39079100,其他聚酯，不飽和者，初級狀態,南韓,進口總值(含復進口),368,52129
2020-2,39079100,其他聚酯，不飽和者，初級狀態,美國,進口總值(含復進口),506,184216
2020-2,39079100,其他聚酯，不飽和者，初級狀態,泰國,進口總值(含復進口),1,380
2020-2,39079100,其他聚酯，不飽和者，初級狀態,瑞士,進口總值(含復進口),1,40
2020-2,39079100,其他聚酯，不飽和者，初級狀態,中國大陸,出口總值(含復出口),1301,637203
2020-2,39079100,其他聚酯，不飽和者，初級狀態,巴西,出口總值(含復出口),51,60000
2020-2,39079100,其他聚酯，不飽和者，初級狀態,巴基斯坦,出口總值(含復出口),24,17600
2020-2,39079100,其他聚酯，不飽和者，初級狀態,日本,出口總值(含復出口),2043,1595286
2020-2,39079100,其他聚酯，不飽和者，初級狀態,以色列,出口總值(含復出口),43,30800
2020-2,39079100,其他聚酯，不飽和者，初級狀態,卡達,出口總值(含復出口),250,211200
2020-2,39079100,其他聚酯，不飽和者，初級狀態,尼加拉瓜,出口總值(含復出口),26,17600
2020-2,39079100,其他聚酯，不飽和者，初級狀態,立陶宛,出口總值(含復出口),37,19800
2020-2,39079100,其他聚酯，不飽和者，初級狀態,印尼,出口總值(含復出口),286,377621
2020-2,39079100,其他聚酯，不飽和者，初級狀態,印度,出口總值(含復出口),585,554905
2020-2,39079100,其他聚酯，不飽和者，初級狀態,多明尼加,出口總值(含復出口),318,189200
2020-2,39079100,其他聚酯，不飽和者，初級狀態,西班牙,出口總值(含復出口),27,20000
2020-2,39079100,其他聚酯，不飽和者，初級狀態,宏都拉斯,出口總值(含復出口),272,300000
2020-2,39079100,其他聚酯，不飽和者，初級狀態,奈及利亞,出口總值(含復出口),78,49136
2020-2,39079100,其他聚酯，不飽和者，初級狀態,孟加拉,出口總值(含復出口),946,575695
2020-2,39079100,其他聚酯，不飽和者，初級狀態,阿拉伯聯合大公國,出口總值(含復出口),318,246800
2020-2,39079100,其他聚酯，不飽和者，初級狀態,南非,出口總值(含復出口),174,99660
2020-2,39079100,其他聚酯，不飽和者，初級狀態,柬埔寨,出口總值(含復出口),78,54000
2020-2,39079100,其他聚酯，不飽和者，初級狀態,美國,出口總值(含復出口),11,1600
2020-2,39079100,其他聚酯，不飽和者，初級狀態,香港,出口總值(含復出口),251,85556
2020-2,39079100,其他聚酯，不飽和者，初級狀態,哥倫比亞,出口總值(含復出口),106,70400
2020-2,39079100,其他聚酯，不飽和者，初級狀態,哥斯大黎加,出口總值(含復出口),23,13120
2020-2,39079100,其他聚酯，不飽和者，初級狀態,埃及,出口總值(含復出口),569,416620
2020-2,39079100,其他聚酯，不飽和者，初級狀態,泰國,出口總值(含復出口),124,81180
2020-2,39079100,其他聚酯，不飽和者，初級狀態,馬來西亞,出口總值(含復出口),27,5676
2020-2,39079100,其他聚酯，不飽和者，初級狀態,斯里蘭卡,出口總值(含復出口),62,35200
2020-2,39079100,其他聚酯，不飽和者，初級狀態,斯洛維尼亞,出口總值(含復出口),39,18000
2020-2,39079100,其他聚酯，不飽和者，初級狀態,菲律賓,出口總值(含復出口),305,183070
2020-2,39079100,其他聚酯，不飽和者，初級狀態,越南,出口總值(含復出口),3532,2885857
2020-2,39079100,其他聚酯，不飽和者，初級狀態,義大利,出口總值(含復出口),35,20000
2020-2,39079100,其他聚酯，不飽和者，初級狀態,模里西斯,出口總值(含復出口),49,31700
2020-2,39079100,其他聚酯，不飽和者，初級狀態,緬甸,出口總值(含復出口),26,17600
2020-2,39079100,其他聚酯，不飽和者，初級狀態,澳大利亞,出口總值(含復出口),110,61424
2020-2,39079920,熱塑性液晶芳香族聚酯共聚合物,日本,進口總值(含復進口),46,3500
2020-2,39079920,熱塑性液晶芳香族聚酯共聚合物,中國大陸,出口總值(含復出口),2944,394445
2020-2,39079920,熱塑性液晶芳香族聚酯共聚合物,日本,出口總值(含復出口),543,73180
2020-2,39079920,熱塑性液晶芳香族聚酯共聚合物,南韓,出口總值(含復出口),734,66500
2020-2,39079920,熱塑性液晶芳香族聚酯共聚合物,香港,出口總值(含復出口),2525,335400
2020-2,39079920,熱塑性液晶芳香族聚酯共聚合物,馬來西亞,出口總值(含復出口),82,11000
2020-2,39079920,熱塑性液晶芳香族聚酯共聚合物,菲律賓,出口總值(含復出口),86,12000
2020-2,39079920,熱塑性液晶芳香族聚酯共聚合物,越南,出口總值(含復出口),132,18000
2020-2,39094000,酚樹脂，初級狀態,中國大陸,進口總值(含復進口),199,98270
2020-2,39094000,酚樹脂，初級狀態,日本,進口總值(含復進口),3242,291142
2020-2,39094000,酚樹脂，初級狀態,比利時,進口總值(含復進口),22,12000
2020-2,39094000,酚樹脂，初級狀態,加拿大,進口總值(含復進口),1,72
2020-2,39094000,酚樹脂，初級狀態,南韓,進口總值(含復進口),1410,225842
2020-2,39094000,酚樹脂，初級狀態,美國,進口總值(含復進口),787,170000
2020-2,39094000,酚樹脂，初級狀態,泰國,進口總值(含復進口),82,35800
2020-2,39094000,酚樹脂，初級狀態,新加坡,進口總值(含復進口),77,32480
2020-2,39094000,酚樹脂，初級狀態,瑞士,進口總值(含復進口),42,1200
2020-2,39094000,酚樹脂，初級狀態,德國,進口總值(含復進口),409,87679
2020-2,39094000,酚樹脂，初級狀態,土耳其,出口總值(含復出口),257,290000
2020-2,39094000,酚樹脂，初級狀態,中國大陸,出口總值(含復出口),5231,2622775
2020-2,39094000,酚樹脂，初級狀態,日本,出口總值(含復出口),806,296700
2020-2,39094000,酚樹脂，初級狀態,印尼,出口總值(含復出口),159,60630
2020-2,39094000,酚樹脂，初級狀態,印度,出口總值(含復出口),64,32900
2020-2,39094000,酚樹脂，初級狀態,克羅埃西亞,出口總值(含復出口),30,16000
2020-2,39094000,酚樹脂，初級狀態,阿拉伯聯合大公國,出口總值(含復出口),57,16000
2020-2,39094000,酚樹脂，初級狀態,南韓,出口總值(含復出口),202,114280
2020-2,39094000,酚樹脂，初級狀態,約旦,出口總值(含復出口),22,8000
2020-2,39094000,酚樹脂，初級狀態,香港,出口總值(含復出口),5,3000
2020-2,39094000,酚樹脂，初級狀態,泰國,出口總值(含復出口),310,158680
2020-2,39094000,酚樹脂，初級狀態,烏克蘭,出口總值(含復出口),16,12000
2020-2,39094000,酚樹脂，初級狀態,馬來西亞,出口總值(含復出口),278,94025
2020-2,39094000,酚樹脂，初級狀態,荷蘭,出口總值(含復出口),37,32000
2020-2,39094000,酚樹脂，初級狀態,斯洛維尼亞,出口總值(含復出口),48,44100
2020-2,39094000,酚樹脂，初級狀態,菲律賓,出口總值(含復出口),113,84840
2020-2,39094000,酚樹脂，初級狀態,越南,出口總值(含復出口),161,97320
2020-2,39094000,酚樹脂，初級狀態,新加坡,出口總值(含復出口),26,18600
2020-2,39094000,酚樹脂，初級狀態,德國,出口總值(含復出口),31,4780
2020-2,39094000,酚樹脂，初級狀態,澳大利亞,出口總值(含復出口),34,24000
2020-3,39079100,其他聚酯，不飽和者，初級狀態,中國大陸,進口總值(含復進口),1242,732200
2020-3,39079100,其他聚酯，不飽和者，初級狀態,中華民國,進口總值(含復進口),69,94580
2020-3,39079100,其他聚酯，不飽和者，初級狀態,丹麥,進口總值(含復進口),15,3000
2020-3,39079100,其他聚酯，不飽和者，初級狀態,日本,進口總值(含復進口),216,69163
2020-3,39079100,其他聚酯，不飽和者，初級狀態,比利時,進口總值(含復進口),7,1010
2020-3,39079100,其他聚酯，不飽和者，初級狀態,南韓,進口總值(含復進口),75,20514
2020-3,39079100,其他聚酯，不飽和者，初級狀態,美國,進口總值(含復進口),12,786
2020-3,39079100,其他聚酯，不飽和者，初級狀態,泰國,進口總值(含復進口),15,3990
2020-3,39079100,其他聚酯，不飽和者，初級狀態,馬來西亞,進口總值(含復進口),11,3000
2020-3,39079100,其他聚酯，不飽和者，初級狀態,荷蘭,進口總值(含復進口),5,60
2020-3,39079100,其他聚酯，不飽和者，初級狀態,新加坡,進口總值(含復進口),9,3070
2020-3,39079100,其他聚酯，不飽和者，初級狀態,義大利,進口總值(含復進口),125,49000
2020-3,39079100,其他聚酯，不飽和者，初級狀態,土耳其,出口總值(含復出口),5,800
2020-3,39079100,其他聚酯，不飽和者，初級狀態,中國大陸,出口總值(含復出口),1758,1002182
2020-3,39079100,其他聚酯，不飽和者，初級狀態,巴西,出口總值(含復出口),66,63800
2020-3,39079100,其他聚酯，不飽和者，初級狀態,巴基斯坦,出口總值(含復出口),82,55841
2020-3,39079100,其他聚酯，不飽和者，初級狀態,日本,出口總值(含復出口),1901,1243156
2020-3,39079100,其他聚酯，不飽和者，初級狀態,以色列,出口總值(含復出口),48,32595
2020-3,39079100,其他聚酯，不飽和者，初級狀態,卡達,出口總值(含復出口),485,381260
2020-3,39079100,其他聚酯，不飽和者，初級狀態,立陶宛,出口總值(含復出口),66,39800
2020-3,39079100,其他聚酯，不飽和者，初級狀態,印尼,出口總值(含復出口),129,130419
2020-3,39079100,其他聚酯，不飽和者，初級狀態,印度,出口總值(含復出口),633,669820
2020-3,39079100,其他聚酯，不飽和者，初級狀態,西班牙,出口總值(含復出口),28,20000
2020-3,39079100,其他聚酯，不飽和者，初級狀態,宏都拉斯,出口總值(含復出口),153,100000
2020-3,39079100,其他聚酯，不飽和者，初級狀態,坦尚尼亞,出口總值(含復出口),28,17600
2020-3,39079100,其他聚酯，不飽和者，初級狀態,奈及利亞,出口總值(含復出口),244,147396
2020-3,39079100,其他聚酯，不飽和者，初級狀態,孟加拉,出口總值(含復出口),775,429700
2020-3,39079100,其他聚酯，不飽和者，初級狀態,阿拉伯聯合大公國,出口總值(含復出口),288,213600
2020-3,39079100,其他聚酯，不飽和者，初級狀態,南非,出口總值(含復出口),227,130900
2020-3,39079100,其他聚酯，不飽和者，初級狀態,柬埔寨,出口總值(含復出口),72,53280
2020-3,39079100,其他聚酯，不飽和者，初級狀態,美國,出口總值(含復出口),147,94220
2020-3,39079100,其他聚酯，不飽和者，初級狀態,英國,出口總值(含復出口),2,600
2020-3,39079100,其他聚酯，不飽和者，初級狀態,香港,出口總值(含復出口),313,102470
2020-3,39079100,其他聚酯，不飽和者，初級狀態,哥倫比亞,出口總值(含復出口),52,35200
2020-3,39079100,其他聚酯，不飽和者，初級狀態,埃及,出口總值(含復出口),662,487880
2020-3,39079100,其他聚酯，不飽和者，初級狀態,泰國,出口總值(含復出口),80,50820
2020-3,39079100,其他聚酯，不飽和者，初級狀態,烏茲別克,出口總值(含復出口),53,35200
2020-3,39079100,其他聚酯，不飽和者，初級狀態,紐西蘭,出口總值(含復出口),5,1650
2020-3,39079100,其他聚酯，不飽和者，初級狀態,馬來西亞,出口總值(含復出口),32,18610
2020-3,39079100,其他聚酯，不飽和者，初級狀態,馬爾地夫,出口總值(含復出口),27,17500
2020-3,39079100,其他聚酯，不飽和者，初級狀態,斯里蘭卡,出口總值(含復出口),144,86901
2020-3,39079100,其他聚酯，不飽和者，初級狀態,斯洛維尼亞,出口總值(含復出口),76,36000
2020-3,39079100,其他聚酯，不飽和者，初級狀態,菲律賓,出口總值(含復出口),157,90425
2020-3,39079100,其他聚酯，不飽和者，初級狀態,越南,出口總值(含復出口),3386,2600966
2020-3,39079100,其他聚酯，不飽和者，初級狀態,愛爾蘭,出口總值(含復出口),361,642790
2020-3,39079100,其他聚酯，不飽和者，初級狀態,模里西斯,出口總值(含復出口),69,41460
2020-3,39079100,其他聚酯，不飽和者，初級狀態,緬甸,出口總值(含復出口),3,1540
2020-3,39079100,其他聚酯，不飽和者，初級狀態,澳大利亞,出口總值(含復出口),475,280571
2020-3,39079920,熱塑性液晶芳香族聚酯共聚合物,中華民國,進口總值(含復進口),8,1000
2020-3,39079920,熱塑性液晶芳香族聚酯共聚合物,日本,進口總值(含復進口),158,34582
2020-3,39079920,熱塑性液晶芳香族聚酯共聚合物,中國大陸,出口總值(含復出口),2785,363525
2020-3,39079920,熱塑性液晶芳香族聚酯共聚合物,日本,出口總值(含復出口),829,108975
2020-3,39079920,熱塑性液晶芳香族聚酯共聚合物,印度,出口總值(含復出口),28,5500
2020-3,39079920,熱塑性液晶芳香族聚酯共聚合物,南韓,出口總值(含復出口),1480,125150
2020-3,39079920,熱塑性液晶芳香族聚酯共聚合物,香港,出口總值(含復出口),1198,164500
2020-3,39079920,熱塑性液晶芳香族聚酯共聚合物,泰國,出口總值(含復出口),47,6525
2020-3,39079920,熱塑性液晶芳香族聚酯共聚合物,馬來西亞,出口總值(含復出口),223,23875
2020-3,39079920,熱塑性液晶芳香族聚酯共聚合物,菲律賓,出口總值(含復出口),307,37500
2020-3,39079920,熱塑性液晶芳香族聚酯共聚合物,越南,出口總值(含復出口),106,14500
2020-3,39079920,熱塑性液晶芳香族聚酯共聚合物,新加坡,出口總值(含復出口),28,3200
2020-3,39094000,酚樹脂，初級狀態,中國大陸,進口總值(含復進口),890,385080
2020-3,39094000,酚樹脂，初級狀態,日本,進口總值(含復進口),1997,165482
2020-3,39094000,酚樹脂，初級狀態,加拿大,進口總值(含復進口),1,72
2020-3,39094000,酚樹脂，初級狀態,印度,進口總值(含復進口),62,13000
2020-3,39094000,酚樹脂，初級狀態,西班牙,進口總值(含復進口),23,6300
2020-3,39094000,酚樹脂，初級狀態,南韓,進口總值(含復進口),1492,257000
2020-3,39094000,酚樹脂，初級狀態,美國,進口總值(含復進口),0,1
2020-3,39094000,酚樹脂，初級狀態,泰國,進口總值(含復進口),36,12800
2020-3,39094000,酚樹脂，初級狀態,新加坡,進口總值(含復進口),8,5760
2020-3,39094000,酚樹脂，初級狀態,瑞士,進口總值(含復進口),14,400
2020-3,39094000,酚樹脂，初級狀態,德國,進口總值(含復進口),495,99392
2020-3,39094000,酚樹脂，初級狀態,土耳其,出口總值(含復出口),328,370000
2020-3,39094000,酚樹脂，初級狀態,中國大陸,出口總值(含復出口),6408,3400811
2020-3,39094000,酚樹脂，初級狀態,日本,出口總值(含復出口),873,267466
2020-3,39094000,酚樹脂，初級狀態,印尼,出口總值(含復出口),63,20250
2020-3,39094000,酚樹脂，初級狀態,印度,出口總值(含復出口),115,56300
2020-3,39094000,酚樹脂，初級狀態,克羅埃西亞,出口總值(含復出口),31,16000
2020-3,39094000,酚樹脂，初級狀態,孟加拉,出口總值(含復出口),24,16000
2020-3,39094000,酚樹脂，初級狀態,波蘭,出口總值(含復出口),4,975
2020-3,39094000,酚樹脂，初級狀態,南非,出口總值(含復出口),37,32000
2020-3,39094000,酚樹脂，初級狀態,南韓,出口總值(含復出口),268,139280
2020-3,39094000,酚樹脂，初級狀態,香港,出口總值(含復出口),28,20800
2020-3,39094000,酚樹脂，初級狀態,泰國,出口總值(含復出口),273,134240
2020-3,39094000,酚樹脂，初級狀態,馬來西亞,出口總值(含復出口),215,83842
2020-3,39094000,酚樹脂，初級狀態,荷蘭,出口總值(含復出口),5,3000
2020-3,39094000,酚樹脂，初級狀態,斯洛維尼亞,出口總值(含復出口),23,16000
2020-3,39094000,酚樹脂，初級狀態,菲律賓,出口總值(含復出口),173,109200
2020-3,39094000,酚樹脂，初級狀態,越南,出口總值(含復出口),218,133539
2020-3,39094000,酚樹脂，初級狀態,新加坡,出口總值(含復出口),32,21350
2020-3,39094000,酚樹脂，初級狀態,澳大利亞,出口總值(含復出口),18,15000
2020-3,39094000,酚樹脂，初級狀態,澳門,出口總值(含復出口),0,220
2020-4,39079100,其他聚酯，不飽和者，初級狀態,中國大陸,進口總值(含復進口),776,452090
2020-4,39079100,其他聚酯，不飽和者，初級狀態,中華民國,進口總值(含復進口),215,140800
2020-4,39079100,其他聚酯，不飽和者，初級狀態,日本,進口總值(含復進口),285,59103
2020-4,39079100,其他聚酯，不飽和者，初級狀態,南韓,進口總值(含復進口),375,19000
2020-4,39079100,其他聚酯，不飽和者，初級狀態,美國,進口總值(含復進口),1670,604990
2020-4,39079100,其他聚酯，不飽和者，初級狀態,泰國,進口總值(含復進口),14,3800
2020-4,39079100,其他聚酯，不飽和者，初級狀態,新加坡,進口總值(含復進口),1,313
2020-4,39079100,其他聚酯，不飽和者，初級狀態,義大利,進口總值(含復進口),8,900
2020-4,39079100,其他聚酯，不飽和者，初級狀態,德國,進口總值(含復進口),40,6100
2020-4,39079100,其他聚酯，不飽和者，初級狀態,澳大利亞,進口總值(含復進口),4,2280
2020-4,39079100,其他聚酯，不飽和者，初級狀態,中國大陸,出口總值(含復出口),1699,1079825
2020-4,39079100,其他聚酯，不飽和者，初級狀態,日本,出口總值(含復出口),1480,1006650
2020-4,39079100,其他聚酯，不飽和者，初級狀態,卡達,出口總值(含復出口),510,448800
2020-4,39079100,其他聚酯，不飽和者，初級狀態,瓜地馬拉,出口總值(含復出口),2,1000
2020-4,39079100,其他聚酯，不飽和者，初級狀態,立陶宛,出口總值(含復出口),37,19800
2020-4,39079100,其他聚酯，不飽和者，初級狀態,印尼,出口總值(含復出口),55,97442
2020-4,39079100,其他聚酯，不飽和者，初級狀態,印度,出口總值(含復出口),69,25150
2020-4,39079100,其他聚酯，不飽和者，初級狀態,西班牙,出口總值(含復出口),82,60000
2020-4,39079100,其他聚酯，不飽和者，初級狀態,宏都拉斯,出口總值(含復出口),26,17600
2020-4,39079100,其他聚酯，不飽和者，初級狀態,沙烏地阿拉伯,出口總值(含復出口),277,246400
2020-4,39079100,其他聚酯，不飽和者，初級狀態,奈及利亞,出口總值(含復出口),32,20924
2020-4,39079100,其他聚酯，不飽和者，初級狀態,孟加拉,出口總值(含復出口),52,32400
2020-4,39079100,其他聚酯，不飽和者，初級狀態,阿拉伯聯合大公國,出口總值(含復出口),829,721600
2020-4,39079100,其他聚酯，不飽和者，初級狀態,南非,出口總值(含復出口),125,70400
2020-4,39079100,其他聚酯，不飽和者，初級狀態,美國,出口總值(含復出口),129,64435
2020-4,39079100,其他聚酯，不飽和者，初級狀態,香港,出口總值(含復出口),240,81140
2020-4,39079100,其他聚酯，不飽和者，初級狀態,哥斯大黎加,出口總值(含復出口),26,15140
2020-4,39079100,其他聚酯，不飽和者，初級狀態,埃及,出口總值(含復出口),393,301573
2020-4,39079100,其他聚酯，不飽和者，初級狀態,泰國,出口總值(含復出口),80,52140
2020-4,39079100,其他聚酯，不飽和者，初級狀態,紐西蘭,出口總值(含復出口),3,1000
2020-4,39079100,其他聚酯，不飽和者，初級狀態,馬來西亞,出口總值(含復出口),23,8800
2020-4,39079100,其他聚酯，不飽和者，初級狀態,菲律賓,出口總值(含復出口),192,106490
2020-4,39079100,其他聚酯，不飽和者，初級狀態,越南,出口總值(含復出口),684,384913
2020-4,39079100,其他聚酯，不飽和者，初級狀態,愛爾蘭,出口總值(含復出口),114,196000
2020-4,39079100,其他聚酯，不飽和者，初級狀態,模里西斯,出口總值(含復出口),14,8620
2020-4,39079100,其他聚酯，不飽和者，初級狀態,緬甸,出口總值(含復出口),5,2600
2020-4,39079100,其他聚酯，不飽和者，初級狀態,墨西哥,出口總值(含復出口),17,22000
2020-4,39079100,其他聚酯，不飽和者，初級狀態,澳大利亞,出口總值(含復出口),145,91900
2020-4,39079100,其他聚酯，不飽和者，初級狀態,澳門,出口總值(含復出口),111,37856
2020-4,39079920,熱塑性液晶芳香族聚酯共聚合物,中國大陸,進口總值(含復進口),74,10000
2020-4,39079920,熱塑性液晶芳香族聚酯共聚合物,中華民國,進口總值(含復進口),8,1100
2020-4,39079920,熱塑性液晶芳香族聚酯共聚合物,日本,進口總值(含復進口),64,5250
2020-4,39079920,熱塑性液晶芳香族聚酯共聚合物,美國,進口總值(含復進口),10,75
2020-4,39079920,熱塑性液晶芳香族聚酯共聚合物,中國大陸,出口總值(含復出口),3248,465525
2020-4,39079920,熱塑性液晶芳香族聚酯共聚合物,日本,出口總值(含復出口),334,44050
2020-4,39079920,熱塑性液晶芳香族聚酯共聚合物,印度,出口總值(含復出口),16,3000
2020-4,39079920,熱塑性液晶芳香族聚酯共聚合物,南韓,出口總值(含復出口),1010,108000
2020-4,39079920,熱塑性液晶芳香族聚酯共聚合物,美國,出口總值(含復出口),0,4
2020-4,39079920,熱塑性液晶芳香族聚酯共聚合物,香港,出口總值(含復出口),2246,297140
2020-4,39079920,熱塑性液晶芳香族聚酯共聚合物,馬來西亞,出口總值(含復出口),30,3800
2020-4,39079920,熱塑性液晶芳香族聚酯共聚合物,菲律賓,出口總值(含復出口),187,23000
2020-4,39079920,熱塑性液晶芳香族聚酯共聚合物,越南,出口總值(含復出口),107,14500
2020-4,39079920,熱塑性液晶芳香族聚酯共聚合物,新加坡,出口總值(含復出口),34,4800
2020-4,39079920,熱塑性液晶芳香族聚酯共聚合物,墨西哥,出口總值(含復出口),54,16000
2020-4,39094000,酚樹脂，初級狀態,中國大陸,進口總值(含復進口),825,257175
2020-4,39094000,酚樹脂，初級狀態,日本,進口總值(含復進口),2863,285028
2020-4,39094000,酚樹脂，初級狀態,比利時,進口總值(含復進口),13,3750
2020-4,39094000,酚樹脂，初級狀態,加拿大,進口總值(含復進口),1,72
2020-4,39094000,酚樹脂，初級狀態,法國,進口總值(含復進口),56,12800
2020-4,39094000,酚樹脂，初級狀態,南韓,進口總值(含復進口),768,117720
2020-4,39094000,酚樹脂，初級狀態,美國,進口總值(含復進口),391,63226
2020-4,39094000,酚樹脂，初級狀態,泰國,進口總值(含復進口),35,19000
2020-4,39094000,酚樹脂，初級狀態,新加坡,進口總值(含復進口),12,3000
2020-4,39094000,酚樹脂，初級狀態,德國,進口總值(含復進口),148,28241
2020-4,39094000,酚樹脂，初級狀態,土耳其,出口總值(含復出口),194,226000
2020-4,39094000,酚樹脂，初級狀態,中國大陸,出口總值(含復出口),7393,4018111
2020-4,39094000,酚樹脂，初級狀態,日本,出口總值(含復出口),829,256586
2020-4,39094000,酚樹脂，初級狀態,加拿大,出口總值(含復出口),3,760
2020-4,39094000,酚樹脂，初級狀態,印尼,出口總值(含復出口),60,28590
2020-4,39094000,酚樹脂，初級狀態,印度,出口總值(含復出口),76,32900
2020-4,39094000,酚樹脂，初級狀態,南韓,出口總值(含復出口),221,99880
2020-4,39094000,酚樹脂，初級狀態,香港,出口總值(含復出口),60,37940
2020-4,39094000,酚樹脂，初級狀態,泰國,出口總值(含復出口),272,140122
2020-4,39094000,酚樹脂，初級狀態,馬來西亞,出口總值(含復出口),89,31508
2020-4,39094000,酚樹脂，初級狀態,斯洛維尼亞,出口總值(含復出口),33,32000
2020-4,39094000,酚樹脂，初級狀態,越南,出口總值(含復出口),88,61041
2020-4,39094000,酚樹脂，初級狀態,塞爾維亞,出口總值(含復出口),31,16000
2020-4,39094000,酚樹脂，初級狀態,新加坡,出口總值(含復出口),103,43050
2020-4,39094000,酚樹脂，初級狀態,澳大利亞,出口總值(含復出口),37,26000
2020-5,39079100,其他聚酯，不飽和者，初級狀態,中國大陸,進口總值(含復進口),407,293629
2020-5,39079100,其他聚酯，不飽和者，初級狀態,日本,進口總值(含復進口),214,55320
2020-5,39079100,其他聚酯，不飽和者，初級狀態,比利時,進口總值(含復進口),16,2000
2020-5,39079100,其他聚酯，不飽和者，初級狀態,南韓,進口總值(含復進口),97,24256
2020-5,39079100,其他聚酯，不飽和者，初級狀態,美國,進口總值(含復進口),15,440
2020-5,39079100,其他聚酯，不飽和者，初級狀態,英國,進口總值(含復進口),1,80
2020-5,39079100,其他聚酯，不飽和者，初級狀態,泰國,進口總值(含復進口),37,9880
2020-5,39079100,其他聚酯，不飽和者，初級狀態,馬來西亞,進口總值(含復進口),14,4000
2020-5,39079100,其他聚酯，不飽和者，初級狀態,新加坡,進口總值(含復進口),42,14175
2020-5,39079100,其他聚酯，不飽和者，初級狀態,義大利,進口總值(含復進口),129,36400
2020-5,39079100,其他聚酯，不飽和者，初級狀態,德國,進口總值(含復進口),13,2200
2020-5,39079100,其他聚酯，不飽和者，初級狀態,中國大陸,出口總值(含復出口),2571,1554868
2020-5,39079100,其他聚酯，不飽和者，初級狀態,巴布亞紐幾內亞,出口總值(含復出口),19,11000
2020-5,39079100,其他聚酯，不飽和者，初級狀態,巴西,出口總值(含復出口),68,80000
2020-5,39079100,其他聚酯，不飽和者，初級狀態,巴基斯坦,出口總值(含復出口),21,17380
2020-5,39079100,其他聚酯，不飽和者，初級狀態,日本,出口總值(含復出口),1757,1220480
2020-5,39079100,其他聚酯，不飽和者，初級狀態,以色列,出口總值(含復出口),23,17280
2020-5,39079100,其他聚酯，不飽和者，初級狀態,卡達,出口總值(含復出口),346,310605
2020-5,39079100,其他聚酯，不飽和者，初級狀態,立陶宛,出口總值(含復出口),37,19800
2020-5,39079100,其他聚酯，不飽和者，初級狀態,印尼,出口總值(含復出口),37,9800
2020-5,39079100,其他聚酯，不飽和者，初級狀態,西班牙,出口總值(含復出口),51,40000
2020-5,39079100,其他聚酯，不飽和者，初級狀態,奈及利亞,出口總值(含復出口),112,58600
2020-5,39079100,其他聚酯，不飽和者，初級狀態,孟加拉,出口總值(含復出口),372,230170
2020-5,39079100,其他聚酯，不飽和者，初級狀態,肯亞,出口總值(含復出口),25,17600
2020-5,39079100,其他聚酯，不飽和者，初級狀態,阿拉伯聯合大公國,出口總值(含復出口),280,246400
2020-5,39079100,其他聚酯，不飽和者，初級狀態,柬埔寨,出口總值(含復出口),102,72800
2020-5,39079100,其他聚酯，不飽和者，初級狀態,美國,出口總值(含復出口),97,64900
2020-5,39079100,其他聚酯，不飽和者，初級狀態,英國,出口總值(含復出口),2,400
2020-5,39079100,其他聚酯，不飽和者，初級狀態,迦納,出口總值(含復出口),87,54000
2020-5,39079100,其他聚酯，不飽和者，初級狀態,香港,出口總值(含復出口),248,66650
2020-5,39079100,其他聚酯，不飽和者，初級狀態,埃及,出口總值(含復出口),92,70400
2020-5,39079100,其他聚酯，不飽和者，初級狀態,泰國,出口總值(含復出口),68,43380
2020-5,39079100,其他聚酯，不飽和者，初級狀態,斯里蘭卡,出口總值(含復出口),29,17600
2020-5,39079100,其他聚酯，不飽和者，初級狀態,斯洛維尼亞,出口總值(含復出口),38,18000
2020-5,39079100,其他聚酯，不飽和者，初級狀態,菲律賓,出口總值(含復出口),195,132020
2020-5,39079100,其他聚酯，不飽和者，初級狀態,越南,出口總值(含復出口),1088,710765
2020-5,39079100,其他聚酯，不飽和者，初級狀態,愛爾蘭,出口總值(含復出口),47,100800
2020-5,39079100,其他聚酯，不飽和者，初級狀態,新加坡,出口總值(含復出口),26,17600
2020-5,39079100,其他聚酯，不飽和者，初級狀態,模里西斯,出口總值(含復出口),30,18960
2020-5,39079100,其他聚酯，不飽和者，初級狀態,緬甸,出口總值(含復出口),37,21672
2020-5,39079100,其他聚酯，不飽和者，初級狀態,澳大利亞,出口總值(含復出口),308,184124
2020-5,39079100,其他聚酯，不飽和者，初級狀態,澳門,出口總值(含復出口),113,39236
2020-5,39079920,熱塑性液晶芳香族聚酯共聚合物,日本,進口總值(含復進口),67,5295
2020-5,39079920,熱塑性液晶芳香族聚酯共聚合物,美國,進口總值(含復進口),10,60
2020-5,39079920,熱塑性液晶芳香族聚酯共聚合物,英國,進口總值(含復進口),4,1
2020-5,39079920,熱塑性液晶芳香族聚酯共聚合物,中國大陸,出口總值(含復出口),3359,462127
2020-5,39079920,熱塑性液晶芳香族聚酯共聚合物,日本,出口總值(含復出口),710,84600
2020-5,39079920,熱塑性液晶芳香族聚酯共聚合物,南韓,出口總值(含復出口),978,77000
2020-5,39079920,熱塑性液晶芳香族聚酯共聚合物,香港,出口總值(含復出口),1993,263875
2020-5,39079920,熱塑性液晶芳香族聚酯共聚合物,泰國,出口總值(含復出口),24,2850
2020-5,39079920,熱塑性液晶芳香族聚酯共聚合物,馬來西亞,出口總值(含復出口),42,4200
2020-5,39079920,熱塑性液晶芳香族聚酯共聚合物,菲律賓,出口總值(含復出口),480,60000
2020-5,39079920,熱塑性液晶芳香族聚酯共聚合物,越南,出口總值(含復出口),146,20000
2020-5,39079920,熱塑性液晶芳香族聚酯共聚合物,新加坡,出口總值(含復出口),116,16150
2020-5,39094000,酚樹脂，初級狀態,中國大陸,進口總值(含復進口),524,188753
2020-5,39094000,酚樹脂，初級狀態,日本,進口總值(含復進口),2288,188598
2020-5,39094000,酚樹脂，初級狀態,加拿大,進口總值(含復進口),1,72
2020-5,39094000,酚樹脂，初級狀態,南韓,進口總值(含復進口),1071,188460
2020-5,39094000,酚樹脂，初級狀態,美國,進口總值(含復進口),98,16633
2020-5,39094000,酚樹脂，初級狀態,泰國,進口總值(含復進口),44,15800
2020-5,39094000,酚樹脂，初級狀態,馬來西亞,進口總值(含復進口),4,144
2020-5,39094000,酚樹脂，初級狀態,新加坡,進口總值(含復進口),42,18780
2020-5,39094000,酚樹脂，初級狀態,義大利,進口總值(含復進口),2,220
2020-5,39094000,酚樹脂，初級狀態,德國,進口總值(含復進口),288,65060
2020-5,39094000,酚樹脂，初級狀態,土耳其,出口總值(含復出口),38,48000
2020-5,39094000,酚樹脂，初級狀態,中國大陸,出口總值(含復出口),7669,4253995
2020-5,39094000,酚樹脂，初級狀態,日本,出口總值(含復出口),1076,316683
2020-5,39094000,酚樹脂，初級狀態,印尼,出口總值(含復出口),38,22080
2020-5,39094000,酚樹脂，初級狀態,南韓,出口總值(含復出口),252,128360
2020-5,39094000,酚樹脂，初級狀態,香港,出口總值(含復出口),90,66000
2020-5,39094000,酚樹脂，初級狀態,泰國,出口總值(含復出口),150,75000
2020-5,39094000,酚樹脂，初級狀態,馬來西亞,出口總值(含復出口),75,35868
2020-5,39094000,酚樹脂，初級狀態,荷蘭,出口總值(含復出口),19,16000
2020-5,39094000,酚樹脂，初級狀態,斯洛維尼亞,出口總值(含復出口),25,16000
2020-5,39094000,酚樹脂，初級狀態,菲律賓,出口總值(含復出口),83,61400
2020-5,39094000,酚樹脂，初級狀態,越南,出口總值(含復出口),104,65960
2020-5,39094000,酚樹脂，初級狀態,新加坡,出口總值(含復出口),29,20375
2020-5,39094000,酚樹脂，初級狀態,澳大利亞,出口總值(含復出口),34,24000
2020-6,39079100,其他聚酯，不飽和者，初級狀態,中國大陸,進口總值(含復進口),549,411270
2020-6,39079100,其他聚酯，不飽和者，初級狀態,中華民國,進口總值(含復進口),10,426
2020-6,39079100,其他聚酯，不飽和者，初級狀態,日本,進口總值(含復進口),101,12760
2020-6,39079100,其他聚酯，不飽和者，初級狀態,比利時,進口總值(含復進口),21,2630
2020-6,39079100,其他聚酯，不飽和者，初級狀態,加拿大,進口總值(含復進口),3,95
2020-6,39079100,其他聚酯，不飽和者，初級狀態,南韓,進口總值(含復進口),251,35200
2020-6,39079100,其他聚酯，不飽和者，初級狀態,美國,進口總值(含復進口),90,13574
2020-6,39079100,其他聚酯，不飽和者，初級狀態,泰國,進口總值(含復進口),17,4560
2020-6,39079100,其他聚酯，不飽和者，初級狀態,馬來西亞,進口總值(含復進口),17,16000
2020-6,39079100,其他聚酯，不飽和者，初級狀態,荷蘭,進口總值(含復進口),4,43
2020-6,39079100,其他聚酯，不飽和者，初級狀態,義大利,進口總值(含復進口),85,29600
2020-6,39079100,其他聚酯，不飽和者，初級狀態,德國,進口總值(含復進口),121,32200
2020-6,39079100,其他聚酯，不飽和者，初級狀態,土耳其,出口總值(含復出口),4,600
2020-6,39079100,其他聚酯，不飽和者，初級狀態,中國大陸,出口總值(含復出口),1769,942514
2020-6,39079100,其他聚酯，不飽和者，初級狀態,巴基斯坦,出口總值(含復出口),22,17600
2020-6,39079100,其他聚酯，不飽和者，初級狀態,日本,出口總值(含復出口),1394,950672
2020-6,39079100,其他聚酯，不飽和者，初級狀態,以色列,出口總值(含復出口),61,52800
2020-6,39079100,其他聚酯，不飽和者，初級狀態,卡達,出口總值(含復出口),304,298800
2020-6,39079100,其他聚酯，不飽和者，初級狀態,尼加拉瓜,出口總值(含復出口),25,17600
2020-6,39079100,其他聚酯，不飽和者，初級狀態,立陶宛,出口總值(含復出口),70,39600
2020-6,39079100,其他聚酯，不飽和者，初級狀態,印尼,出口總值(含復出口),72,96685
2020-6,39079100,其他聚酯，不飽和者，初級狀態,印度,出口總值(含復出口),290,500000
2020-6,39079100,其他聚酯，不飽和者，初級狀態,奈及利亞,出口總值(含復出口),145,80600
2020-6,39079100,其他聚酯，不飽和者，初級狀態,孟加拉,出口總值(含復出口),443,252925
2020-6,39079100,其他聚酯，不飽和者，初級狀態,阿拉伯聯合大公國,出口總值(含復出口),274,236860
2020-6,39079100,其他聚酯，不飽和者，初級狀態,南非,出口總值(含復出口),26,17600
2020-6,39079100,其他聚酯，不飽和者，初級狀態,柬埔寨,出口總值(含復出口),67,52640
2020-6,39079100,其他聚酯，不飽和者，初級狀態,美國,出口總值(含復出口),117,78760
2020-6,39079100,其他聚酯，不飽和者，初級狀態,英國,出口總值(含復出口),2,400
2020-6,39079100,其他聚酯，不飽和者，初級狀態,香港,出口總值(含復出口),186,45060
2020-6,39079100,其他聚酯，不飽和者，初級狀態,埃及,出口總值(含復出口),215,195440
2020-6,39079100,其他聚酯，不飽和者，初級狀態,泰國,出口總值(含復出口),207,251200
2020-6,39079100,其他聚酯，不飽和者，初級狀態,烏茲別克,出口總值(含復出口),42,35200
2020-6,39079100,其他聚酯，不飽和者，初級狀態,紐西蘭,出口總值(含復出口),28,15840
2020-6,39079100,其他聚酯，不飽和者，初級狀態,斯里蘭卡,出口總值(含復出口),29,17600
2020-6,39079100,其他聚酯，不飽和者，初級狀態,菲律賓,出口總值(含復出口),277,172150
2020-6,39079100,其他聚酯，不飽和者，初級狀態,越南,出口總值(含復出口),2371,2657496
2020-6,39079100,其他聚酯，不飽和者，初級狀態,新加坡,出口總值(含復出口),53,25730
2020-6,39079100,其他聚酯，不飽和者，初級狀態,模里西斯,出口總值(含復出口),21,14760
2020-6,39079100,其他聚酯，不飽和者，初級狀態,澳大利亞,出口總值(含復出口),135,78980
2020-6,39079100,其他聚酯，不飽和者，初級狀態,澳門,出口總值(含復出口),45,14936
2020-6,39079920,熱塑性液晶芳香族聚酯共聚合物,中華民國,進口總值(含復進口),18,2550
2020-6,39079920,熱塑性液晶芳香族聚酯共聚合物,日本,進口總值(含復進口),39,3400
2020-6,39079920,熱塑性液晶芳香族聚酯共聚合物,中國大陸,出口總值(含復出口),2959,435638
2020-6,39079920,熱塑性液晶芳香族聚酯共聚合物,日本,出口總值(含復出口),510,62600
2020-6,39079920,熱塑性液晶芳香族聚酯共聚合物,印度,出口總值(含復出口),27,5000
2020-6,39079920,熱塑性液晶芳香族聚酯共聚合物,南韓,出口總值(含復出口),1098,101000
2020-6,39079920,熱塑性液晶芳香族聚酯共聚合物,香港,出口總值(含復出口),2107,274725
2020-6,39079920,熱塑性液晶芳香族聚酯共聚合物,泰國,出口總值(含復出口),7,1000
2020-6,39079920,熱塑性液晶芳香族聚酯共聚合物,馬來西亞,出口總值(含復出口),70,5650
2020-6,39079920,熱塑性液晶芳香族聚酯共聚合物,菲律賓,出口總值(含復出口),157,16000
2020-6,39079920,熱塑性液晶芳香族聚酯共聚合物,越南,出口總值(含復出口),182,24000
2020-6,39079920,熱塑性液晶芳香族聚酯共聚合物,新加坡,出口總值(含復出口),136,18600
2020-6,39094000,酚樹脂，初級狀態,中國大陸,進口總值(含復進口),327,161270
2020-6,39094000,酚樹脂，初級狀態,日本,進口總值(含復進口),1677,127945
2020-6,39094000,酚樹脂，初級狀態,南韓,進口總值(含復進口),944,146560
2020-6,39094000,酚樹脂，初級狀態,美國,進口總值(含復進口),388,76309
2020-6,39094000,酚樹脂，初級狀態,英國,進口總值(含復進口),5,125
2020-6,39094000,酚樹脂，初級狀態,泰國,進口總值(含復進口),36,12800
2020-6,39094000,酚樹脂，初級狀態,德國,進口總值(含復進口),368,68170
2020-6,39094000,酚樹脂，初級狀態,土耳其,出口總值(含復出口),141,162000
2020-6,39094000,酚樹脂，初級狀態,中國大陸,出口總值(含復出口),7438,3973090
2020-6,39094000,酚樹脂，初級狀態,日本,出口總值(含復出口),979,231407
2020-6,39094000,酚樹脂，初級狀態,印度,出口總值(含復出口),78,44800
2020-6,39094000,酚樹脂，初級狀態,阿拉伯聯合大公國,出口總值(含復出口),26,16000
2020-6,39094000,酚樹脂，初級狀態,南韓,出口總值(含復出口),147,75582
2020-6,39094000,酚樹脂，初級狀態,香港,出口總值(含復出口),50,38500
2020-6,39094000,酚樹脂，初級狀態,泰國,出口總值(含復出口),329,134186
2020-6,39094000,酚樹脂，初級狀態,馬來西亞,出口總值(含復出口),245,96349
2020-6,39094000,酚樹脂，初級狀態,菲律賓,出口總值(含復出口),184,120400
2020-6,39094000,酚樹脂，初級狀態,越南,出口總值(含復出口),101,64019
2020-6,39094000,酚樹脂，初級狀態,新加坡,出口總值(含復出口),8,3575
2020-6,39094000,酚樹脂，初級狀態,澳大利亞,出口總值(含復出口),34,24000
2020-7,39079100,其他聚酯，不飽和者，初級狀態,中國大陸,進口總值(含復進口),678,449913
2020-7,39079100,其他聚酯，不飽和者，初級狀態,中華民國,進口總值(含復進口),4,0
2020-7,39079100,其他聚酯，不飽和者，初級狀態,丹麥,進口總值(含復進口),20,9000
2020-7,39079100,其他聚酯，不飽和者，初級狀態,日本,進口總值(含復進口),29,6411
2020-7,39079100,其他聚酯，不飽和者，初級狀態,比利時,進口總值(含復進口),84,14914
2020-7,39079100,其他聚酯，不飽和者，初級狀態,印尼,進口總值(含復進口),4,1375
2020-7,39079100,其他聚酯，不飽和者，初級狀態,法國,進口總值(含復進口),44,3000
2020-7,39079100,其他聚酯，不飽和者，初級狀態,南韓,進口總值(含復進口),5,70
2020-7,39079100,其他聚酯，不飽和者，初級狀態,美國,進口總值(含復進口),60,6254
2020-7,39079100,其他聚酯，不飽和者，初級狀態,泰國,進口總值(含復進口),9,2280
2020-7,39079100,其他聚酯，不飽和者，初級狀態,新加坡,進口總值(含復進口),31,10650
2020-7,39079100,其他聚酯，不飽和者，初級狀態,義大利,進口總值(含復進口),51,16800
2020-7,39079100,其他聚酯，不飽和者，初級狀態,德國,進口總值(含復進口),86,16000
2020-7,39079100,其他聚酯，不飽和者，初級狀態,澳大利亞,進口總值(含復進口),6,2257
2020-7,39079100,其他聚酯，不飽和者，初級狀態,中國大陸,出口總值(含復出口),1453,1280173
2020-7,39079100,其他聚酯，不飽和者，初級狀態,巴西,出口總值(含復出口),109,160000
2020-7,39079100,其他聚酯，不飽和者，初級狀態,巴基斯坦,出口總值(含復出口),42,35200
2020-7,39079100,其他聚酯，不飽和者，初級狀態,日本,出口總值(含復出口),1906,1566210
2020-7,39079100,其他聚酯，不飽和者，初級狀態,以色列,出口總值(含復出口),40,35200
2020-7,39079100,其他聚酯，不飽和者，初級狀態,卡達,出口總值(含復出口),281,209560
2020-7,39079100,其他聚酯，不飽和者，初級狀態,尼加拉瓜,出口總值(含復出口),24,17600
2020-7,39079100,其他聚酯，不飽和者，初級狀態,立陶宛,出口總值(含復出口),67,39600
2020-7,39079100,其他聚酯，不飽和者，初級狀態,印尼,出口總值(含復出口),78,94656
2020-7,39079100,其他聚酯，不飽和者，初級狀態,印度,出口總值(含復出口),349,521600
2020-7,39079100,其他聚酯，不飽和者，初級狀態,奈及利亞,出口總值(含復出口),59,40488
2020-7,39079100,其他聚酯，不飽和者，初級狀態,孟加拉,出口總值(含復出口),826,512260
2020-7,39079100,其他聚酯，不飽和者，初級狀態,南非,出口總值(含復出口),68,51920
2020-7,39079100,其他聚酯，不飽和者，初級狀態,柬埔寨,出口總值(含復出口),62,52800
2020-7,39079100,其他聚酯，不飽和者，初級狀態,美國,出口總值(含復出口),96,63222
2020-7,39079100,其他聚酯，不飽和者，初級狀態,香港,出口總值(含復出口),374,100430
2020-7,39079100,其他聚酯，不飽和者，初級狀態,哥斯大黎加,出口總值(含復出口),21,14080
2020-7,39079100,其他聚酯，不飽和者，初級狀態,埃及,出口總值(含復出口),476,425440
2020-7,39079100,其他聚酯，不飽和者，初級狀態,泰國,出口總值(含復出口),68,53900
2020-7,39079100,其他聚酯，不飽和者，初級狀態,紐西蘭,出口總值(含復出口),12,5900
2020-7,39079100,其他聚酯，不飽和者，初級狀態,馬來西亞,出口總值(含復出口),9,6080
2020-7,39079100,其他聚酯，不飽和者，初級狀態,斯里蘭卡,出口總值(含復出口),107,69568
2020-7,39079100,其他聚酯，不飽和者，初級狀態,菲律賓,出口總值(含復出口),620,485200
2020-7,39079100,其他聚酯，不飽和者，初級狀態,越南,出口總值(含復出口),2748,2897663
2020-7,39079100,其他聚酯，不飽和者，初級狀態,愛爾蘭,出口總值(含復出口),91,198800
2020-7,39079100,其他聚酯，不飽和者，初級狀態,模里西斯,出口總值(含復出口),80,52960
2020-7,39079100,其他聚酯，不飽和者，初級狀態,緬甸,出口總值(含復出口),5,2650
2020-7,39079100,其他聚酯，不飽和者，初級狀態,黎巴嫩,出口總值(含復出口),11,7040
2020-7,39079100,其他聚酯，不飽和者，初級狀態,澳大利亞,出口總值(含復出口),260,151640
2020-7,39079920,熱塑性液晶芳香族聚酯共聚合物,中國大陸,進口總值(含復進口),116,16000
2020-7,39079920,熱塑性液晶芳香族聚酯共聚合物,日本,進口總值(含復進口),34,2850
2020-7,39079920,熱塑性液晶芳香族聚酯共聚合物,中國大陸,出口總值(含復出口),3583,459607
2020-7,39079920,熱塑性液晶芳香族聚酯共聚合物,日本,出口總值(含復出口),436,64925
2020-7,39079920,熱塑性液晶芳香族聚酯共聚合物,印度,出口總值(含復出口),25,5000
2020-7,39079920,熱塑性液晶芳香族聚酯共聚合物,南韓,出口總值(含復出口),783,79350
2020-7,39079920,熱塑性液晶芳香族聚酯共聚合物,香港,出口總值(含復出口),1687,220750
2020-7,39079920,熱塑性液晶芳香族聚酯共聚合物,馬來西亞,出口總值(含復出口),86,11825
2020-7,39079920,熱塑性液晶芳香族聚酯共聚合物,菲律賓,出口總值(含復出口),393,46384
2020-7,39094000,酚樹脂，初級狀態,中國大陸,進口總值(含復進口),412,179395
2020-7,39094000,酚樹脂，初級狀態,日本,進口總值(含復進口),1547,128613
2020-7,39094000,酚樹脂，初級狀態,南韓,進口總值(含復進口),1270,193980
2020-7,39094000,酚樹脂，初級狀態,美國,進口總值(含復進口),767,127127
2020-7,39094000,酚樹脂，初級狀態,泰國,進口總值(含復進口),58,31000
2020-7,39094000,酚樹脂，初級狀態,新加坡,進口總值(含復進口),59,26940
2020-7,39094000,酚樹脂，初級狀態,瑞士,進口總值(含復進口),14,400
2020-7,39094000,酚樹脂，初級狀態,德國,進口總值(含復進口),333,61628
2020-7,39094000,酚樹脂，初級狀態,土耳其,出口總值(含復出口),162,194000
2020-7,39094000,酚樹脂，初級狀態,中國大陸,出口總值(含復出口),7431,4088328
2020-7,39094000,酚樹脂，初級狀態,日本,出口總值(含復出口),539,175900
2020-7,39094000,酚樹脂，初級狀態,印尼,出口總值(含復出口),82,33940
2020-7,39094000,酚樹脂，初級狀態,印度,出口總值(含復出口),21,9300
2020-7,39094000,酚樹脂，初級狀態,阿拉伯聯合大公國,出口總值(含復出口),56,16000
2020-7,39094000,酚樹脂，初級狀態,南韓,出口總值(含復出口),307,157356
2020-7,39094000,酚樹脂，初級狀態,約旦,出口總值(含復出口),26,10000
2020-7,39094000,酚樹脂，初級狀態,香港,出口總值(含復出口),151,106000
2020-7,39094000,酚樹脂，初級狀態,泰國,出口總值(含復出口),171,92876
2020-7,39094000,酚樹脂，初級狀態,烏克蘭,出口總值(含復出口),18,18000
2020-7,39094000,酚樹脂，初級狀態,馬來西亞,出口總值(含復出口),121,50218
2020-7,39094000,酚樹脂，初級狀態,菲律賓,出口總值(含復出口),130,91600
2020-7,39094000,酚樹脂，初級狀態,越南,出口總值(含復出口),189,107320
2020-7,39094000,酚樹脂，初級狀態,新加坡,出口總值(含復出口),71,51800
2020-7,39094000,酚樹脂，初級狀態,澳大利亞,出口總值(含復出口),36,24000
2020-8,39079100,其他聚酯，不飽和者，初級狀態,中國大陸,進口總值(含復進口),665,482007
2020-8,39079100,其他聚酯，不飽和者，初級狀態,日本,進口總值(含復進口),264,46430
2020-8,39079100,其他聚酯，不飽和者，初級狀態,印度,進口總值(含復進口),10,5760
2020-8,39079100,其他聚酯，不飽和者，初級狀態,南韓,進口總值(含復進口),251,16010
2020-8,39079100,其他聚酯，不飽和者，初級狀態,美國,進口總值(含復進口),8,2577
2020-8,39079100,其他聚酯，不飽和者，初級狀態,英國,進口總值(含復進口),0,4
2020-8,39079100,其他聚酯，不飽和者，初級狀態,泰國,進口總值(含復進口),20,5320
2020-8,39079100,其他聚酯，不飽和者，初級狀態,馬來西亞,進口總值(含復進口),14,4000
2020-8,39079100,其他聚酯，不飽和者，初級狀態,新加坡,進口總值(含復進口),31,10675
2020-8,39079100,其他聚酯，不飽和者，初級狀態,義大利,進口總值(含復進口),71,21200
2020-8,39079100,其他聚酯，不飽和者，初級狀態,澳大利亞,進口總值(含復進口),11,5160
2020-8,39079100,其他聚酯，不飽和者，初級狀態,中國大陸,出口總值(含復出口),1625,1279936
2020-8,39079100,其他聚酯，不飽和者，初級狀態,巴西,出口總值(含復出口),38,60000
2020-8,39079100,其他聚酯，不飽和者，初級狀態,巴基斯坦,出口總值(含復出口),21,17600
2020-8,39079100,其他聚酯，不飽和者，初級狀態,日本,出口總值(含復出口),1713,1122482
2020-8,39079100,其他聚酯，不飽和者，初級狀態,以色列,出口總值(含復出口),69,52263
2020-8,39079100,其他聚酯，不飽和者，初級狀態,卡達,出口總值(含復出口),506,501160
2020-8,39079100,其他聚酯，不飽和者，初級狀態,立陶宛,出口總值(含復出口),65,39600
2020-8,39079100,其他聚酯，不飽和者，初級狀態,印尼,出口總值(含復出口),122,209000
2020-8,39079100,其他聚酯，不飽和者，初級狀態,印度,出口總值(含復出口),518,469600
2020-8,39079100,其他聚酯，不飽和者，初級狀態,多明尼加,出口總值(含復出口),279,188340
2020-8,39079100,其他聚酯，不飽和者，初級狀態,奈及利亞,出口總值(含復出口),41,27600
2020-8,39079100,其他聚酯，不飽和者，初級狀態,孟加拉,出口總值(含復出口),457,313990
2020-8,39079100,其他聚酯，不飽和者，初級狀態,阿拉伯聯合大公國,出口總值(含復出口),56,17520
2020-8,39079100,其他聚酯，不飽和者，初級狀態,南非,出口總值(含復出口),237,175560
2020-8,39079100,其他聚酯，不飽和者，初級狀態,柬埔寨,出口總值(含復出口),61,52800
2020-8,39079100,其他聚酯，不飽和者，初級狀態,美國,出口總值(含復出口),93,62760
2020-8,39079100,其他聚酯，不飽和者，初級狀態,香港,出口總值(含復出口),103,46324
2020-8,39079100,其他聚酯，不飽和者，初級狀態,哥倫比亞,出口總值(含復出口),24,17600
2020-8,39079100,其他聚酯，不飽和者，初級狀態,埃及,出口總值(含復出口),208,211200
2020-8,39079100,其他聚酯，不飽和者，初級狀態,泰國,出口總值(含復出口),76,59400
2020-8,39079100,其他聚酯，不飽和者，初級狀態,紐西蘭,出口總值(含復出口),29,14820
2020-8,39079100,其他聚酯，不飽和者，初級狀態,馬來西亞,出口總值(含復出口),13,3122
2020-8,39079100,其他聚酯，不飽和者，初級狀態,斯里蘭卡,出口總值(含復出口),110,70400
2020-8,39079100,其他聚酯，不飽和者，初級狀態,斯洛維尼亞,出口總值(含復出口),40,18000
2020-8,39079100,其他聚酯，不飽和者，初級狀態,菲律賓,出口總值(含復出口),397,268790
2020-8,39079100,其他聚酯，不飽和者，初級狀態,越南,出口總值(含復出口),1210,753143
2020-8,39079100,其他聚酯，不飽和者，初級狀態,愛爾蘭,出口總值(含復出口),192,392000
2020-8,39079100,其他聚酯，不飽和者，初級狀態,新加坡,出口總值(含復出口),8,2450
2020-8,39079100,其他聚酯，不飽和者，初級狀態,模里西斯,出口總值(含復出口),92,63920
2020-8,39079100,其他聚酯，不飽和者，初級狀態,墨西哥,出口總值(含復出口),19,74072
2020-8,39079100,其他聚酯，不飽和者，初級狀態,澳大利亞,出口總值(含復出口),508,307670
2020-8,39079920,熱塑性液晶芳香族聚酯共聚合物,日本,進口總值(含復進口),33,2750
2020-8,39079920,熱塑性液晶芳香族聚酯共聚合物,中國大陸,出口總值(含復出口),4609,581989
2020-8,39079920,熱塑性液晶芳香族聚酯共聚合物,日本,出口總值(含復出口),517,66725
2020-8,39079920,熱塑性液晶芳香族聚酯共聚合物,印度,出口總值(含復出口),17,3300
2020-8,39079920,熱塑性液晶芳香族聚酯共聚合物,南韓,出口總值(含復出口),1013,119100
2020-8,39079920,熱塑性液晶芳香族聚酯共聚合物,香港,出口總值(含復出口),1509,200425
2020-8,39079920,熱塑性液晶芳香族聚酯共聚合物,馬來西亞,出口總值(含復出口),85,14050
2020-8,39079920,熱塑性液晶芳香族聚酯共聚合物,菲律賓,出口總值(含復出口),446,61000
2020-8,39079920,熱塑性液晶芳香族聚酯共聚合物,新加坡,出口總值(含復出口),36,4725
2020-8,39094000,酚樹脂，初級狀態,中國大陸,進口總值(含復進口),684,263305
2020-8,39094000,酚樹脂，初級狀態,日本,進口總值(含復進口),2871,216464
2020-8,39094000,酚樹脂，初級狀態,印度,進口總值(含復進口),96,29500
2020-8,39094000,酚樹脂，初級狀態,南韓,進口總值(含復進口),494,81140
2020-8,39094000,酚樹脂，初級狀態,美國,進口總值(含復進口),103,31006
2020-8,39094000,酚樹脂，初級狀態,英國,進口總值(含復進口),3,60
2020-8,39094000,酚樹脂，初級狀態,泰國,進口總值(含復進口),36,12800
2020-8,39094000,酚樹脂，初級狀態,新加坡,進口總值(含復進口),32,9780
2020-8,39094000,酚樹脂，初級狀態,瑞士,進口總值(含復進口),14,400
2020-8,39094000,酚樹脂，初級狀態,德國,進口總值(含復進口),242,59680
2020-8,39094000,酚樹脂，初級狀態,土耳其,出口總值(含復出口),273,308000
2020-8,39094000,酚樹脂，初級狀態,中國大陸,出口總值(含復出口),7649,4819110
2020-8,39094000,酚樹脂，初級狀態,日本,出口總值(含復出口),741,218371
2020-8,39094000,酚樹脂，初級狀態,加拿大,出口總值(含復出口),3,1000
2020-8,39094000,酚樹脂，初級狀態,印尼,出口總值(含復出口),36,20540
2020-8,39094000,酚樹脂，初級狀態,印度,出口總值(含復出口),21,7140
2020-8,39094000,酚樹脂，初級狀態,南韓,出口總值(含復出口),119,80000
2020-8,39094000,酚樹脂，初級狀態,香港,出口總值(含復出口),108,74500
2020-8,39094000,酚樹脂，初級狀態,哥倫比亞,出口總值(含復出口),21,18000
2020-8,39094000,酚樹脂，初級狀態,泰國,出口總值(含復出口),110,70100
2020-8,39094000,酚樹脂，初級狀態,馬來西亞,出口總值(含復出口),220,96000
2020-8,39094000,酚樹脂，初級狀態,菲律賓,出口總值(含復出口),189,143800
2020-8,39094000,酚樹脂，初級狀態,越南,出口總值(含復出口),176,108405
2020-8,39094000,酚樹脂，初級狀態,新加坡,出口總值(含復出口),46,33200
2020-8,39094000,酚樹脂，初級狀態,德國,出口總值(含復出口),52,6650
2020-8,39094000,酚樹脂，初級狀態,澳大利亞,出口總值(含復出口),5,2000
2020-9,39079100,其他聚酯，不飽和者，初級狀態,中國大陸,進口總值(含復進口),909,713496
2020-9,39079100,其他聚酯，不飽和者，初級狀態,中華民國,進口總值(含復進口),0,16
2020-9,39079100,其他聚酯，不飽和者，初級狀態,日本,進口總值(含復進口),251,23749
2020-9,39079100,其他聚酯，不飽和者，初級狀態,比利時,進口總值(含復進口),6,815
2020-9,39079100,其他聚酯，不飽和者，初級狀態,印度,進口總值(含復進口),4,2225
2020-9,39079100,其他聚酯，不飽和者，初級狀態,南韓,進口總值(含復進口),281,24545
2020-9,39079100,其他聚酯，不飽和者，初級狀態,美國,進口總值(含復進口),48,38065
2020-9,39079100,其他聚酯，不飽和者，初級狀態,英國,進口總值(含復進口),0,40
2020-9,39079100,其他聚酯，不飽和者，初級狀態,泰國,進口總值(含復進口),2,570
2020-9,39079100,其他聚酯，不飽和者，初級狀態,荷蘭,進口總值(含復進口),3,50
2020-9,39079100,其他聚酯，不飽和者，初級狀態,新加坡,進口總值(含復進口),23,7460
2020-9,39079100,其他聚酯，不飽和者，初級狀態,義大利,進口總值(含復進口),35,12000
2020-9,39079100,其他聚酯，不飽和者，初級狀態,德國,進口總值(含復進口),2,1000
2020-9,39079100,其他聚酯，不飽和者，初級狀態,中國大陸,出口總值(含復出口),2235,1922084
2020-9,39079100,其他聚酯，不飽和者，初級狀態,巴西,出口總值(含復出口),72,100800
2020-9,39079100,其他聚酯，不飽和者，初級狀態,巴基斯坦,出口總值(含復出口),42,35200
2020-9,39079100,其他聚酯，不飽和者，初級狀態,日本,出口總值(含復出口),1909,1588558
2020-9,39079100,其他聚酯，不飽和者，初級狀態,以色列,出口總值(含復出口),64,52240
2020-9,39079100,其他聚酯，不飽和者，初級狀態,卡達,出口總值(含復出口),197,193600
2020-9,39079100,其他聚酯，不飽和者，初級狀態,尼加拉瓜,出口總值(含復出口),47,35200
2020-9,39079100,其他聚酯，不飽和者，初級狀態,立陶宛,出口總值(含復出口),63,38500
2020-9,39079100,其他聚酯，不飽和者，初級狀態,印尼,出口總值(含復出口),23,46907
2020-9,39079100,其他聚酯，不飽和者，初級狀態,印度,出口總值(含復出口),424,513560
2020-9,39079100,其他聚酯，不飽和者，初級狀態,奈及利亞,出口總值(含復出口),229,141188
2020-9,39079100,其他聚酯，不飽和者，初級狀態,孟加拉,出口總值(含復出口),347,233960
2020-9,39079100,其他聚酯，不飽和者，初級狀態,阿拉伯聯合大公國,出口總值(含復出口),327,535200
2020-9,39079100,其他聚酯，不飽和者，初級狀態,南非,出口總值(含復出口),112,69520
2020-9,39079100,其他聚酯，不飽和者，初級狀態,柬埔寨,出口總值(含復出口),41,35600
2020-9,39079100,其他聚酯，不飽和者，初級狀態,美國,出口總值(含復出口),106,70440
2020-9,39079100,其他聚酯，不飽和者，初級狀態,香港,出口總值(含復出口),275,96960
2020-9,39079100,其他聚酯，不飽和者，初級狀態,哥斯大黎加,出口總值(含復出口),13,8140
2020-9,39079100,其他聚酯，不飽和者，初級狀態,埃及,出口總值(含復出口),187,160040
2020-9,39079100,其他聚酯，不飽和者，初級狀態,泰國,出口總值(含復出口),78,59000
2020-9,39079100,其他聚酯，不飽和者，初級狀態,烏茲別克,出口總值(含復出口),42,35200
2020-9,39079100,其他聚酯，不飽和者，初級狀態,秘魯,出口總值(含復出口),25,18000
2020-9,39079100,其他聚酯，不飽和者，初級狀態,紐西蘭,出口總值(含復出口),3,1000
2020-9,39079100,其他聚酯，不飽和者，初級狀態,馬來西亞,出口總值(含復出口),6,4020
2020-9,39079100,其他聚酯，不飽和者，初級狀態,馬爾地夫,出口總值(含復出口),25,18000
2020-9,39079100,其他聚酯，不飽和者，初級狀態,斯里蘭卡,出口總值(含復出口),149,99000
2020-9,39079100,其他聚酯，不飽和者，初級狀態,菲律賓,出口總值(含復出口),479,322735
2020-9,39079100,其他聚酯，不飽和者，初級狀態,越南,出口總值(含復出口),2240,1632870
2020-9,39079100,其他聚酯，不飽和者，初級狀態,愛爾蘭,出口總值(含復出口),94,198800
2020-9,39079100,其他聚酯，不飽和者，初級狀態,模里西斯,出口總值(含復出口),30,20680
2020-9,39079100,其他聚酯，不飽和者，初級狀態,澳大利亞,出口總值(含復出口),217,109370
2020-9,39079920,熱塑性液晶芳香族聚酯共聚合物,中國大陸,進口總值(含復進口),4,901
2020-9,39079920,熱塑性液晶芳香族聚酯共聚合物,日本,進口總值(含復進口),23,1785
2020-9,39079920,熱塑性液晶芳香族聚酯共聚合物,美國,進口總值(含復進口),1,30
2020-9,39079920,熱塑性液晶芳香族聚酯共聚合物,馬來西亞,進口總值(含復進口),2,1
2020-9,39079920,熱塑性液晶芳香族聚酯共聚合物,中國大陸,出口總值(含復出口),3610,446225
2020-9,39079920,熱塑性液晶芳香族聚酯共聚合物,日本,出口總值(含復出口),784,99075
2020-9,39079920,熱塑性液晶芳香族聚酯共聚合物,印度,出口總值(含復出口),20,4000
2020-9,39079920,熱塑性液晶芳香族聚酯共聚合物,南韓,出口總值(含復出口),1937,197900
2020-9,39079920,熱塑性液晶芳香族聚酯共聚合物,香港,出口總值(含復出口),2458,297100
2020-9,39079920,熱塑性液晶芳香族聚酯共聚合物,泰國,出口總值(含復出口),42,5375
2020-9,39079920,熱塑性液晶芳香族聚酯共聚合物,馬來西亞,出口總值(含復出口),113,15025
2020-9,39079920,熱塑性液晶芳香族聚酯共聚合物,菲律賓,出口總值(含復出口),706,96000
2020-9,39079920,熱塑性液晶芳香族聚酯共聚合物,越南,出口總值(含復出口),35,4425
2020-9,39079920,熱塑性液晶芳香族聚酯共聚合物,新加坡,出口總值(含復出口),52,6800
2020-9,39094000,酚樹脂，初級狀態,中國大陸,進口總值(含復進口),698,288940
2020-9,39094000,酚樹脂，初級狀態,日本,進口總值(含復進口),2703,258711
2020-9,39094000,酚樹脂，初級狀態,印度,進口總值(含復進口),122,73000
2020-9,39094000,酚樹脂，初級狀態,法國,進口總值(含復進口),61,12800
2020-9,39094000,酚樹脂，初級狀態,南韓,進口總值(含復進口),572,122760
2020-9,39094000,酚樹脂，初級狀態,美國,進口總值(含復進口),376,51302
2020-9,39094000,酚樹脂，初級狀態,泰國,進口總值(含復進口),7,3200
2020-9,39094000,酚樹脂，初級狀態,德國,進口總值(含復進口),119,30668
2020-9,39094000,酚樹脂，初級狀態,土耳其,出口總值(含復出口),182,208500
2020-9,39094000,酚樹脂，初級狀態,中國大陸,出口總值(含復出口),6657,4552549
2020-9,39094000,酚樹脂，初級狀態,日本,出口總值(含復出口),1021,291022
2020-9,39094000,酚樹脂，初級狀態,印尼,出口總值(含復出口),19,11040
2020-9,39094000,酚樹脂，初級狀態,印度,出口總值(含復出口),65,36925
2020-9,39094000,酚樹脂，初級狀態,阿拉伯聯合大公國,出口總值(含復出口),62,16000
2020-9,39094000,酚樹脂，初級狀態,南韓,出口總值(含復出口),217,114680
2020-9,39094000,酚樹脂，初級狀態,泰國,出口總值(含復出口),275,133540
2020-9,39094000,酚樹脂，初級狀態,秘魯,出口總值(含復出口),35,36000
2020-9,39094000,酚樹脂，初級狀態,馬來西亞,出口總值(含復出口),268,92800
2020-9,39094000,酚樹脂，初級狀態,喬治亞,出口總值(含復出口),8,2600
2020-9,39094000,酚樹脂，初級狀態,斯洛維尼亞,出口總值(含復出口),36,32000
2020-9,39094000,酚樹脂，初級狀態,菲律賓,出口總值(含復出口),104,68820
2020-9,39094000,酚樹脂，初級狀態,越南,出口總值(含復出口),163,85810
2020-9,39094000,酚樹脂，初級狀態,塞爾維亞,出口總值(含復出口),29,16000
2020-9,39094000,酚樹脂，初級狀態,新加坡,出口總值(含復出口),32,21475
2020-9,39094000,酚樹脂，初級狀態,澳大利亞,出口總值(含復出口),18,15000
2020-10,39079100,其他聚酯，不飽和者，初級狀態,中國大陸,進口總值(含復進口),863,637310
2020-10,39079100,其他聚酯，不飽和者，初級狀態,中華民國,進口總值(含復進口),39,20140
2020-10,39079100,其他聚酯，不飽和者，初級狀態,日本,進口總值(含復進口),699,169394
2020-10,39079100,其他聚酯，不飽和者，初級狀態,比利時,進口總值(含復進口),15,3320
2020-10,39079100,其他聚酯，不飽和者，初級狀態,加拿大,進口總值(含復進口),2,76
2020-10,39079100,其他聚酯，不飽和者，初級狀態,印尼,進口總值(含復進口),3,1200
2020-10,39079100,其他聚酯，不飽和者，初級狀態,南韓,進口總值(含復進口),77,1021
2020-10,39079100,其他聚酯，不飽和者，初級狀態,美國,進口總值(含復進口),556,201869
2020-10,39079100,其他聚酯，不飽和者，初級狀態,英國,進口總值(含復進口),2,66
2020-10,39079100,其他聚酯，不飽和者，初級狀態,泰國,進口總值(含復進口),21,5700
2020-10,39079100,其他聚酯，不飽和者，初級狀態,馬來西亞,進口總值(含復進口),14,4000
2020-10,39079100,其他聚酯，不飽和者，初級狀態,荷蘭,進口總值(含復進口),20,665
2020-10,39079100,其他聚酯，不飽和者，初級狀態,新加坡,進口總值(含復進口),2,525
2020-10,39079100,其他聚酯，不飽和者，初級狀態,中國大陸,出口總值(含復出口),2377,1614037
2020-10,39079100,其他聚酯，不飽和者，初級狀態,巴西,出口總值(含復出口),31,6000
2020-10,39079100,其他聚酯，不飽和者，初級狀態,巴基斯坦,出口總值(含復出口),44,35200
2020-10,39079100,其他聚酯，不飽和者，初級狀態,日本,出口總值(含復出口),2079,1472322
2020-10,39079100,其他聚酯，不飽和者，初級狀態,以色列,出口總值(含復出口),108,87840
2020-10,39079100,其他聚酯，不飽和者，初級狀態,卡達,出口總值(含復出口),809,748480
2020-10,39079100,其他聚酯，不飽和者，初級狀態,尼加拉瓜,出口總值(含復出口),24,17600
2020-10,39079100,其他聚酯，不飽和者，初級狀態,立陶宛,出口總值(含復出口),32,19800
2020-10,39079100,其他聚酯，不飽和者，初級狀態,印尼,出口總值(含復出口),76,125812
2020-10,39079100,其他聚酯，不飽和者，初級狀態,印度,出口總值(含復出口),408,294800
2020-10,39079100,其他聚酯，不飽和者，初級狀態,多明尼加,出口總值(含復出口),279,189200
2020-10,39079100,其他聚酯，不飽和者，初級狀態,宏都拉斯,出口總值(含復出口),25,17600
2020-10,39079100,其他聚酯，不飽和者，初級狀態,奈及利亞,出口總值(含復出口),114,66388
2020-10,39079100,其他聚酯，不飽和者，初級狀態,孟加拉,出口總值(含復出口),691,460790
2020-10,39079100,其他聚酯，不飽和者，初級狀態,肯亞,出口總值(含復出口),25,17616
2020-10,39079100,其他聚酯，不飽和者，初級狀態,阿拉伯聯合大公國,出口總值(含復出口),769,864000
2020-10,39079100,其他聚酯，不飽和者，初級狀態,南非,出口總值(含復出口),160,123200
2020-10,39079100,其他聚酯，不飽和者，初級狀態,柬埔寨,出口總值(含復出口),25,17600
2020-10,39079100,其他聚酯，不飽和者，初級狀態,美國,出口總值(含復出口),131,132727
2020-10,39079100,其他聚酯，不飽和者，初級狀態,迦納,出口總值(含復出口),103,69300
2020-10,39079100,其他聚酯，不飽和者，初級狀態,香港,出口總值(含復出口),223,74752
2020-10,39079100,其他聚酯，不飽和者，初級狀態,埃及,出口總值(含復出口),468,397540
2020-10,39079100,其他聚酯，不飽和者，初級狀態,泰國,出口總值(含復出口),94,89500
2020-10,39079100,其他聚酯，不飽和者，初級狀態,烏茲別克,出口總值(含復出口),40,35200
2020-10,39079100,其他聚酯，不飽和者，初級狀態,馬來西亞,出口總值(含復出口),5,3597
2020-10,39079100,其他聚酯，不飽和者，初級狀態,斯里蘭卡,出口總值(含復出口),102,69960
2020-10,39079100,其他聚酯，不飽和者，初級狀態,菲律賓,出口總值(含復出口),543,363800
2020-10,39079100,其他聚酯，不飽和者，初級狀態,越南,出口總值(含復出口),2623,2393589
2020-10,39079100,其他聚酯，不飽和者，初級狀態,義大利,出口總值(含復出口),33,20000
2020-10,39079100,其他聚酯，不飽和者，初級狀態,模里西斯,出口總值(含復出口),67,47780
2020-10,39079100,其他聚酯，不飽和者，初級狀態,澳大利亞,出口總值(含復出口),577,331035
2020-10,39079920,熱塑性液晶芳香族聚酯共聚合物,中國大陸,進口總值(含復進口),4,1000
2020-10,39079920,熱塑性液晶芳香族聚酯共聚合物,中華民國,進口總值(含復進口),4,450
2020-10,39079920,熱塑性液晶芳香族聚酯共聚合物,日本,進口總值(含復進口),393,10300
2020-10,39079920,熱塑性液晶芳香族聚酯共聚合物,中國大陸,出口總值(含復出口),3990,597381
2020-10,39079920,熱塑性液晶芳香族聚酯共聚合物,日本,出口總值(含復出口),515,62600
2020-10,39079920,熱塑性液晶芳香族聚酯共聚合物,印度,出口總值(含復出口),2,300
2020-10,39079920,熱塑性液晶芳香族聚酯共聚合物,南韓,出口總值(含復出口),1251,133200
2020-10,39079920,熱塑性液晶芳香族聚酯共聚合物,香港,出口總值(含復出口),1929,237575
2020-10,39079920,熱塑性液晶芳香族聚酯共聚合物,泰國,出口總值(含復出口),9,750
2020-10,39079920,熱塑性液晶芳香族聚酯共聚合物,馬來西亞,出口總值(含復出口),77,8400
2020-10,39079920,熱塑性液晶芳香族聚酯共聚合物,菲律賓,出口總值(含復出口),456,63000
2020-10,39079920,熱塑性液晶芳香族聚酯共聚合物,越南,出口總值(含復出口),120,14325
2020-10,39079920,熱塑性液晶芳香族聚酯共聚合物,新加坡,出口總值(含復出口),60,7200
2020-10,39079920,熱塑性液晶芳香族聚酯共聚合物,墨西哥,出口總值(含復出口),46,16000
2020-10,39094000,酚樹脂，初級狀態,中國大陸,進口總值(含復進口),626,270625
2020-10,39094000,酚樹脂，初級狀態,日本,進口總值(含復進口),2358,243009
2020-10,39094000,酚樹脂，初級狀態,比利時,進口總值(含復進口),21,12000
2020-10,39094000,酚樹脂，初級狀態,印度,進口總值(含復進口),35,16000
2020-10,39094000,酚樹脂，初級狀態,南韓,進口總值(含復進口),521,81460
2020-10,39094000,酚樹脂，初級狀態,美國,進口總值(含復進口),314,47703
2020-10,39094000,酚樹脂，初級狀態,泰國,進口總值(含復進口),81,34050
2020-10,39094000,酚樹脂，初級狀態,新加坡,進口總值(含復進口),76,29600
2020-10,39094000,酚樹脂，初級狀態,德國,進口總值(含復進口),78,13720
2020-10,39094000,酚樹脂，初級狀態,土耳其,出口總值(含復出口),234,288000
2020-10,39094000,酚樹脂，初級狀態,中國大陸,出口總值(含復出口),7170,4689825
2020-10,39094000,酚樹脂，初級狀態,巴基斯坦,出口總值(含復出口),9,6000
2020-10,39094000,酚樹脂，初級狀態,日本,出口總值(含復出口),724,288450
2020-10,39094000,酚樹脂，初級狀態,印尼,出口總值(含復出口),94,28000
2020-10,39094000,酚樹脂，初級狀態,印度,出口總值(含復出口),189,97500
2020-10,39094000,酚樹脂，初級狀態,南韓,出口總值(含復出口),127,59680
2020-10,39094000,酚樹脂，初級狀態,香港,出口總值(含復出口),150,85530
2020-10,39094000,酚樹脂，初級狀態,泰國,出口總值(含復出口),355,116675
2020-10,39094000,酚樹脂，初級狀態,烏克蘭,出口總值(含復出口),8,6000
2020-10,39094000,酚樹脂，初級狀態,馬來西亞,出口總值(含復出口),337,120052
2020-10,39094000,酚樹脂，初級狀態,斯洛維尼亞,出口總值(含復出口),78,64000
2020-10,39094000,酚樹脂，初級狀態,菲律賓,出口總值(含復出口),233,178800
2020-10,39094000,酚樹脂，初級狀態,越南,出口總值(含復出口),193,120740
2020-10,39094000,酚樹脂，初級狀態,塞爾維亞,出口總值(含復出口),28,16000
2020-10,39094000,酚樹脂，初級狀態,新加坡,出口總值(含復出口),45,27825
2020-11,39079100,其他聚酯，不飽和者，初級狀態,土耳其,進口總值(含復進口),3,515
2020-11,39079100,其他聚酯，不飽和者，初級狀態,中國大陸,進口總值(含復進口),1405,788340
2020-11,39079100,其他聚酯，不飽和者，初級狀態,中華民國,進口總值(含復進口),0,101
2020-11,39079100,其他聚酯，不飽和者，初級狀態,丹麥,進口總值(含復進口),14,4000
2020-11,39079100,其他聚酯，不飽和者，初級狀態,日本,進口總值(含復進口),314,49137
2020-11,39079100,其他聚酯，不飽和者，初級狀態,法國,進口總值(含復進口),16,1000
2020-11,39079100,其他聚酯，不飽和者，初級狀態,南韓,進口總值(含復進口),640,71857
2020-11,39079100,其他聚酯，不飽和者，初級狀態,美國,進口總值(含復進口),572,205532
2020-11,39079100,其他聚酯，不飽和者，初級狀態,挪威,進口總值(含復進口),3,225
2020-11,39079100,其他聚酯，不飽和者，初級狀態,泰國,進口總值(含復進口),15,3800
2020-11,39079100,其他聚酯，不飽和者，初級狀態,新加坡,進口總值(含復進口),4,1300
2020-11,39079100,其他聚酯，不飽和者，初級狀態,德國,進口總值(含復進口),2,1000
2020-11,39079100,其他聚酯，不飽和者，初級狀態,中國大陸,出口總值(含復出口),2102,1522835
2020-11,39079100,其他聚酯，不飽和者，初級狀態,巴西,出口總值(含復出口),5,1000
2020-11,39079100,其他聚酯，不飽和者，初級狀態,巴基斯坦,出口總值(含復出口),45,35200
2020-11,39079100,其他聚酯，不飽和者，初級狀態,日本,出口總值(含復出口),2265,1558020
2020-11,39079100,其他聚酯，不飽和者，初級狀態,以色列,出口總值(含復出口),32,17000
2020-11,39079100,其他聚酯，不飽和者，初級狀態,卡達,出口總值(含復出口),689,613820
2020-11,39079100,其他聚酯，不飽和者，初級狀態,立陶宛,出口總值(含復出口),32,19800
2020-11,39079100,其他聚酯，不飽和者，初級狀態,印尼,出口總值(含復出口),53,66962
2020-11,39079100,其他聚酯，不飽和者，初級狀態,印度,出口總值(含復出口),646,571400
2020-11,39079100,其他聚酯，不飽和者，初級狀態,多明尼加,出口總值(含復出口),363,239940
2020-11,39079100,其他聚酯，不飽和者，初級狀態,西班牙,出口總值(含復出口),25,20000
2020-11,39079100,其他聚酯，不飽和者，初級狀態,宏都拉斯,出口總值(含復出口),26,17600
2020-11,39079100,其他聚酯，不飽和者，初級狀態,沙烏地阿拉伯,出口總值(含復出口),29,44000
2020-11,39079100,其他聚酯，不飽和者，初級狀態,奈及利亞,出口總值(含復出口),103,70000
2020-11,39079100,其他聚酯，不飽和者，初級狀態,孟加拉,出口總值(含復出口),704,447465
2020-11,39079100,其他聚酯，不飽和者，初級狀態,阿拉伯聯合大公國,出口總值(含復出口),653,1035200
2020-11,39079100,其他聚酯，不飽和者，初級狀態,南非,出口總值(含復出口),77,47880
2020-11,39079100,其他聚酯，不飽和者，初級狀態,柬埔寨,出口總值(含復出口),104,88480
2020-11,39079100,其他聚酯，不飽和者，初級狀態,美國,出口總值(含復出口),121,86620
2020-11,39079100,其他聚酯，不飽和者，初級狀態,香港,出口總值(含復出口),294,119706
2020-11,39079100,其他聚酯，不飽和者，初級狀態,埃及,出口總值(含復出口),219,179440
2020-11,39079100,其他聚酯，不飽和者，初級狀態,泰國,出口總值(含復出口),74,56300
2020-11,39079100,其他聚酯，不飽和者，初級狀態,紐西蘭,出口總值(含復出口),23,10920
2020-11,39079100,其他聚酯，不飽和者，初級狀態,斯洛維尼亞,出口總值(含復出口),73,30000
2020-11,39079100,其他聚酯，不飽和者，初級狀態,菲律賓,出口總值(含復出口),647,448690
2020-11,39079100,其他聚酯，不飽和者，初級狀態,越南,出口總值(含復出口),3091,2347183
2020-11,39079100,其他聚酯，不飽和者，初級狀態,模里西斯,出口總值(含復出口),53,35460
2020-11,39079100,其他聚酯，不飽和者，初級狀態,緬甸,出口總值(含復出口),10,4800
2020-11,39079100,其他聚酯，不飽和者，初級狀態,黎巴嫩,出口總值(含復出口),10,7040
2020-11,39079100,其他聚酯，不飽和者，初級狀態,澳大利亞,出口總值(含復出口),480,269425
2020-11,39079920,熱塑性液晶芳香族聚酯共聚合物,中國大陸,進口總值(含復進口),4,1000
2020-11,39079920,熱塑性液晶芳香族聚酯共聚合物,日本,進口總值(含復進口),260,6506
2020-11,39079920,熱塑性液晶芳香族聚酯共聚合物,中國大陸,出口總值(含復出口),4275,545884
2020-11,39079920,熱塑性液晶芳香族聚酯共聚合物,日本,出口總值(含復出口),1187,148850
2020-11,39079920,熱塑性液晶芳香族聚酯共聚合物,南韓,出口總值(含復出口),1043,106425
2020-11,39079920,熱塑性液晶芳香族聚酯共聚合物,香港,出口總值(含復出口),2297,285600
2020-11,39079920,熱塑性液晶芳香族聚酯共聚合物,泰國,出口總值(含復出口),47,4500
2020-11,39079920,熱塑性液晶芳香族聚酯共聚合物,馬來西亞,出口總值(含復出口),121,14100
2020-11,39079920,熱塑性液晶芳香族聚酯共聚合物,菲律賓,出口總值(含復出口),620,85000
2020-11,39079920,熱塑性液晶芳香族聚酯共聚合物,越南,出口總值(含復出口),192,22600
2020-11,39079920,熱塑性液晶芳香族聚酯共聚合物,新加坡,出口總值(含復出口),34,4000
2020-11,39079920,熱塑性液晶芳香族聚酯共聚合物,義大利,出口總值(含復出口),27,300
2020-11,39094000,酚樹脂，初級狀態,中國大陸,進口總值(含復進口),837,315828
2020-11,39094000,酚樹脂，初級狀態,日本,進口總值(含復進口),2328,237251
2020-11,39094000,酚樹脂，初級狀態,印度,進口總值(含復進口),55,10000
2020-11,39094000,酚樹脂，初級狀態,西班牙,進口總值(含復進口),4,500
2020-11,39094000,酚樹脂，初級狀態,法國,進口總值(含復進口),8,200
2020-11,39094000,酚樹脂，初級狀態,南韓,進口總值(含復進口),433,86100
2020-11,39094000,酚樹脂，初級狀態,美國,進口總值(含復進口),506,112845
2020-11,39094000,酚樹脂，初級狀態,泰國,進口總值(含復進口),76,33820
2020-11,39094000,酚樹脂，初級狀態,荷蘭,進口總值(含復進口),8,548
2020-11,39094000,酚樹脂，初級狀態,新加坡,進口總值(含復進口),34,14000
2020-11,39094000,酚樹脂，初級狀態,德國,進口總值(含復進口),47,8500
2020-11,39094000,酚樹脂，初級狀態,土耳其,出口總值(含復出口),197,240000
2020-11,39094000,酚樹脂，初級狀態,中國大陸,出口總值(含復出口),7485,5046190
2020-11,39094000,酚樹脂，初級狀態,巴基斯坦,出口總值(含復出口),13,9000
2020-11,39094000,酚樹脂，初級狀態,日本,出口總值(含復出口),866,261696
2020-11,39094000,酚樹脂，初級狀態,印尼,出口總值(含復出口),23,13790
2020-11,39094000,酚樹脂，初級狀態,印度,出口總值(含復出口),109,55260
2020-11,39094000,酚樹脂，初級狀態,南韓,出口總值(含復出口),211,98880
2020-11,39094000,酚樹脂，初級狀態,香港,出口總值(含復出口),89,50303
2020-11,39094000,酚樹脂，初級狀態,泰國,出口總值(含復出口),142,80240
2020-11,39094000,酚樹脂，初級狀態,馬來西亞,出口總值(含復出口),202,76950
2020-11,39094000,酚樹脂，初級狀態,菲律賓,出口總值(含復出口),134,104540
2020-11,39094000,酚樹脂，初級狀態,越南,出口總值(含復出口),194,105445
2020-11,39094000,酚樹脂，初級狀態,新加坡,出口總值(含復出口),36,22450
2020-12,39079100,其他聚酯，不飽和者，初級狀態,中國大陸,進口總值(含復進口),1537,788590
2020-12,39079100,其他聚酯，不飽和者，初級狀態,丹麥,進口總值(含復進口),18,4000
2020-12,39079100,其他聚酯，不飽和者，初級狀態,日本,進口總值(含復進口),779,437965
2020-12,39079100,其他聚酯，不飽和者，初級狀態,比利時,進口總值(含復進口),7,800
2020-12,39079100,其他聚酯，不飽和者，初級狀態,加拿大,進口總值(含復進口),2,76
2020-12,39079100,其他聚酯，不飽和者，初級狀態,印度,進口總值(含復進口),1,750
2020-12,39079100,其他聚酯，不飽和者，初級狀態,南韓,進口總值(含復進口),79,1042
2020-12,39079100,其他聚酯，不飽和者，初級狀態,美國,進口總值(含復進口),681,257086
2020-12,39079100,其他聚酯，不飽和者，初級狀態,英國,進口總值(含復進口),11,1280
2020-12,39079100,其他聚酯，不飽和者，初級狀態,泰國,進口總值(含復進口),23,7300
2020-12,39079100,其他聚酯，不飽和者，初級狀態,馬來西亞,進口總值(含復進口),14,4000
2020-12,39079100,其他聚酯，不飽和者，初級狀態,義大利,進口總值(含復進口),3,150
2020-12,39079100,其他聚酯，不飽和者，初級狀態,土耳其,出口總值(含復出口),3,400
2020-12,39079100,其他聚酯，不飽和者，初級狀態,中國大陸,出口總值(含復出口),1649,770458
2020-12,39079100,其他聚酯，不飽和者，初級狀態,巴布亞紐幾內亞,出口總值(含復出口),28,15400
2020-12,39079100,其他聚酯，不飽和者，初級狀態,巴基斯坦,出口總值(含復出口),41,24120
2020-12,39079100,其他聚酯，不飽和者，初級狀態,日本,出口總值(含復出口),1341,898850
2020-12,39079100,其他聚酯，不飽和者，初級狀態,以色列,出口總值(含復出口),75,52358
2020-12,39079100,其他聚酯，不飽和者，初級狀態,卡達,出口總值(含復出口),248,202400
2020-12,39079100,其他聚酯，不飽和者，初級狀態,尼加拉瓜,出口總值(含復出口),28,17600
2020-12,39079100,其他聚酯，不飽和者，初級狀態,立陶宛,出口總值(含復出口),98,59424
2020-12,39079100,其他聚酯，不飽和者，初級狀態,印尼,出口總值(含復出口),238,370197
2020-12,39079100,其他聚酯，不飽和者，初級狀態,印度,出口總值(含復出口),636,645400
2020-12,39079100,其他聚酯，不飽和者，初級狀態,奈及利亞,出口總值(含復出口),189,109768
2020-12,39079100,其他聚酯，不飽和者，初級狀態,孟加拉,出口總值(含復出口),509,301470
2020-12,39079100,其他聚酯，不飽和者，初級狀態,阿拉伯聯合大公國,出口總值(含復出口),856,1254120
2020-12,39079100,其他聚酯，不飽和者，初級狀態,南非,出口總值(含復出口),93,63800
2020-12,39079100,其他聚酯，不飽和者，初級狀態,柬埔寨,出口總值(含復出口),107,70880
2020-12,39079100,其他聚酯，不飽和者，初級狀態,美國,出口總值(含復出口),77,51820
2020-12,39079100,其他聚酯，不飽和者，初級狀態,香港,出口總值(含復出口),406,101550
2020-12,39079100,其他聚酯，不飽和者，初級狀態,哥倫比亞,出口總值(含復出口),76,52800
2020-12,39079100,其他聚酯，不飽和者，初級狀態,哥斯大黎加,出口總值(含復出口),30,17520
2020-12,39079100,其他聚酯，不飽和者，初級狀態,埃及,出口總值(含復出口),23,17600
2020-12,39079100,其他聚酯，不飽和者，初級狀態,泰國,出口總值(含復出口),24,17600
2020-12,39079100,其他聚酯，不飽和者，初級狀態,紐西蘭,出口總值(含復出口),9,4400
2020-12,39079100,其他聚酯，不飽和者，初級狀態,馬來西亞,出口總值(含復出口),8,4623
2020-12,39079100,其他聚酯，不飽和者，初級狀態,斯里蘭卡,出口總值(含復出口),105,70880
2020-12,39079100,其他聚酯，不飽和者，初級狀態,斯洛維尼亞,出口總值(含復出口),33,18000
2020-12,39079100,其他聚酯，不飽和者，初級狀態,菲律賓,出口總值(含復出口),199,123275
2020-12,39079100,其他聚酯，不飽和者，初級狀態,越南,出口總值(含復出口),2751,2062893
2020-12,39079100,其他聚酯，不飽和者，初級狀態,塞內加爾,出口總值(含復出口),26,17600
2020-12,39079100,其他聚酯，不飽和者，初級狀態,新加坡,出口總值(含復出口),16,8000
2020-12,39079100,其他聚酯，不飽和者，初級狀態,模里西斯,出口總值(含復出口),46,29960
2020-12,39079100,其他聚酯，不飽和者，初級狀態,墨西哥,出口總值(含復出口),33,39600
2020-12,39079100,其他聚酯，不飽和者，初級狀態,澳大利亞,出口總值(含復出口),208,115555
2020-12,39079920,熱塑性液晶芳香族聚酯共聚合物,日本,進口總值(含復進口),532,15350
2020-12,39079920,熱塑性液晶芳香族聚酯共聚合物,中國大陸,出口總值(含復出口),3883,630718
2020-12,39079920,熱塑性液晶芳香族聚酯共聚合物,日本,出口總值(含復出口),843,112400
2020-12,39079920,熱塑性液晶芳香族聚酯共聚合物,印度,出口總值(含復出口),25,4000
2020-12,39079920,熱塑性液晶芳香族聚酯共聚合物,南韓,出口總值(含復出口),963,107600
2020-12,39079920,熱塑性液晶芳香族聚酯共聚合物,香港,出口總值(含復出口),2418,293025
2020-12,39079920,熱塑性液晶芳香族聚酯共聚合物,泰國,出口總值(含復出口),18,1500
2020-12,39079920,熱塑性液晶芳香族聚酯共聚合物,馬來西亞,出口總值(含復出口),142,17100
2020-12,39079920,熱塑性液晶芳香族聚酯共聚合物,菲律賓,出口總值(含復出口),185,22700
2020-12,39079920,熱塑性液晶芳香族聚酯共聚合物,越南,出口總值(含復出口),21,2550
2020-12,39079920,熱塑性液晶芳香族聚酯共聚合物,新加坡,出口總值(含復出口),95,11250
2020-12,39094000,酚樹脂，初級狀態,中國大陸,進口總值(含復進口),663,335743
2020-12,39094000,酚樹脂，初級狀態,日本,進口總值(含復進口),3478,320724
2020-12,39094000,酚樹脂，初級狀態,印度,進口總值(含復進口),40,19000
2020-12,39094000,酚樹脂，初級狀態,西班牙,進口總值(含復進口),10,2760
2020-12,39094000,酚樹脂，初級狀態,法國,進口總值(含復進口),77,16000
2020-12,39094000,酚樹脂，初級狀態,南韓,進口總值(含復進口),702,135500
2020-12,39094000,酚樹脂，初級狀態,美國,進口總值(含復進口),79,30865
2020-12,39094000,酚樹脂，初級狀態,英國,進口總值(含復進口),5,252
2020-12,39094000,酚樹脂，初級狀態,泰國,進口總值(含復進口),62,27800
2020-12,39094000,酚樹脂，初級狀態,新加坡,進口總值(含復進口),58,18800
2020-12,39094000,酚樹脂，初級狀態,德國,進口總值(含復進口),248,57069
2020-12,39094000,酚樹脂，初級狀態,土耳其,出口總值(含復出口),229,256000
2020-12,39094000,酚樹脂，初級狀態,中國大陸,出口總值(含復出口),7681,4305036
2020-12,39094000,酚樹脂，初級狀態,日本,出口總值(含復出口),721,203576
2020-12,39094000,酚樹脂，初級狀態,加拿大,出口總值(含復出口),4,1000
2020-12,39094000,酚樹脂，初級狀態,印尼,出口總值(含復出口),80,38690
2020-12,39094000,酚樹脂，初級狀態,印度,出口總值(含復出口),85,33900
2020-12,39094000,酚樹脂，初級狀態,奈及利亞,出口總值(含復出口),8,2000
2020-12,39094000,酚樹脂，初級狀態,南韓,出口總值(含復出口),205,111680
2020-12,39094000,酚樹脂，初級狀態,香港,出口總值(含復出口),74,28631
2020-12,39094000,酚樹脂，初級狀態,泰國,出口總值(含復出口),308,164800
2020-12,39094000,酚樹脂，初級狀態,秘魯,出口總值(含復出口),19,18000
2020-12,39094000,酚樹脂，初級狀態,馬來西亞,出口總值(含復出口),395,145100
2020-12,39094000,酚樹脂，初級狀態,荷蘭,出口總值(含復出口),3,2000
2020-12,39094000,酚樹脂，初級狀態,菲律賓,出口總值(含復出口),190,143480
2020-12,39094000,酚樹脂，初級狀態,越南,出口總值(含復出口),155,90060
2020-12,39094000,酚樹脂，初級狀態,塞爾維亞,出口總值(含復出口),28,16000
2020-12,39094000,酚樹脂，初級狀態,新加坡,出口總值(含復出口),87,45835
2020-1,39095000,聚胺基甲酸乙酯，初級狀態,中國大陸,進口總值(含復進口),4982,1641465
2020-1,39095000,聚胺基甲酸乙酯，初級狀態,中華民國,進口總值(含復進口),3,1200
2020-1,39095000,聚胺基甲酸乙酯，初級狀態,日本,進口總值(含復進口),498,62210
2020-1,39095000,聚胺基甲酸乙酯，初級狀態,比利時,進口總值(含復進口),9,967
2020-1,39095000,聚胺基甲酸乙酯，初級狀態,印度,進口總值(含復進口),135,32000
2020-1,39095000,聚胺基甲酸乙酯，初級狀態,西班牙,進口總值(含復進口),39,7700
2020-1,39095000,聚胺基甲酸乙酯，初級狀態,法國,進口總值(含復進口),14,975
2020-1,39095000,聚胺基甲酸乙酯，初級狀態,南韓,進口總值(含復進口),66,39440
2020-1,39095000,聚胺基甲酸乙酯，初級狀態,美國,進口總值(含復進口),2896,250165
2020-1,39095000,聚胺基甲酸乙酯，初級狀態,英國,進口總值(含復進口),8,893
2020-1,39095000,聚胺基甲酸乙酯，初級狀態,馬來西亞,進口總值(含復進口),23,4941
2020-1,39095000,聚胺基甲酸乙酯，初級狀態,荷蘭,進口總值(含復進口),4,780
2020-1,39095000,聚胺基甲酸乙酯，初級狀態,新加坡,進口總值(含復進口),65,20160
2020-1,39095000,聚胺基甲酸乙酯，初級狀態,瑞士,進口總值(含復進口),11,2200
2020-1,39095000,聚胺基甲酸乙酯，初級狀態,義大利,進口總值(含復進口),58,19685
2020-1,39095000,聚胺基甲酸乙酯，初級狀態,德國,進口總值(含復進口),1002,162325
2020-1,39095000,聚胺基甲酸乙酯，初級狀態,墨西哥,進口總值(含復進口),9,1200
2020-1,39095000,聚胺基甲酸乙酯，初級狀態,土耳其,出口總值(含復出口),370,115375
2020-1,39095000,聚胺基甲酸乙酯，初級狀態,中國大陸,出口總值(含復出口),6406,2222169
2020-1,39095000,聚胺基甲酸乙酯，初級狀態,巴西,出口總值(含復出口),265,84800
2020-1,39095000,聚胺基甲酸乙酯，初級狀態,巴基斯坦,出口總值(含復出口),27,10800
2020-1,39095000,聚胺基甲酸乙酯，初級狀態,日本,出口總值(含復出口),274,70006
2020-1,39095000,聚胺基甲酸乙酯，初級狀態,比利時,出口總值(含復出口),130,42600
2020-1,39095000,聚胺基甲酸乙酯，初級狀態,以色列,出口總值(含復出口),53,15500
2020-1,39095000,聚胺基甲酸乙酯，初級狀態,印尼,出口總值(含復出口),1546,409740
2020-1,39095000,聚胺基甲酸乙酯，初級狀態,印度,出口總值(含復出口),1045,382090
2020-1,39095000,聚胺基甲酸乙酯，初級狀態,西班牙,出口總值(含復出口),33,15000
2020-1,39095000,聚胺基甲酸乙酯，初級狀態,孟加拉,出口總值(含復出口),107,45000
2020-1,39095000,聚胺基甲酸乙酯，初級狀態,尚比亞,出口總值(含復出口),17,936
2020-1,39095000,聚胺基甲酸乙酯，初級狀態,波蘭,出口總值(含復出口),57,15000
2020-1,39095000,聚胺基甲酸乙酯，初級狀態,法國,出口總值(含復出口),5,1115
2020-1,39095000,聚胺基甲酸乙酯，初級狀態,肯亞,出口總值(含復出口),13,4000
2020-1,39095000,聚胺基甲酸乙酯，初級狀態,阿拉伯聯合大公國,出口總值(含復出口),256,71000
2020-1,39095000,聚胺基甲酸乙酯，初級狀態,阿根廷,出口總值(含復出口),88,27400
2020-1,39095000,聚胺基甲酸乙酯，初級狀態,南韓,出口總值(含復出口),631,154984
2020-1,39095000,聚胺基甲酸乙酯，初級狀態,柬埔寨,出口總值(含復出口),65,20450
2020-1,39095000,聚胺基甲酸乙酯，初級狀態,美國,出口總值(含復出口),139,20580
2020-1,39095000,聚胺基甲酸乙酯，初級狀態,香港,出口總值(含復出口),553,183582
2020-1,39095000,聚胺基甲酸乙酯，初級狀態,哥倫比亞,出口總值(含復出口),14,4700
2020-1,39095000,聚胺基甲酸乙酯，初級狀態,泰國,出口總值(含復出口),505,189413
2020-1,39095000,聚胺基甲酸乙酯，初級狀態,秘魯,出口總值(含復出口),38,15000
2020-1,39095000,聚胺基甲酸乙酯，初級狀態,馬來西亞,出口總值(含復出口),323,123680
2020-1,39095000,聚胺基甲酸乙酯，初級狀態,荷蘭,出口總值(含復出口),743,141800
2020-1,39095000,聚胺基甲酸乙酯，初級狀態,斯里蘭卡,出口總值(含復出口),8,1940
2020-1,39095000,聚胺基甲酸乙酯，初級狀態,菲律賓,出口總值(含復出口),69,31310
2020-1,39095000,聚胺基甲酸乙酯，初級狀態,越南,出口總值(含復出口),8629,2541185
2020-1,39095000,聚胺基甲酸乙酯，初級狀態,新加坡,出口總值(含復出口),8,1625
2020-1,39095000,聚胺基甲酸乙酯，初級狀態,瑞典,出口總值(含復出口),9,2500
2020-1,39095000,聚胺基甲酸乙酯，初級狀態,義大利,出口總值(含復出口),166,70000
2020-1,39095000,聚胺基甲酸乙酯，初級狀態,蒙古,出口總值(含復出口),29,18830
2020-1,39095000,聚胺基甲酸乙酯，初級狀態,德國,出口總值(含復出口),182,22950
2020-1,39095000,聚胺基甲酸乙酯，初級狀態,緬甸,出口總值(含復出口),41,16728
2020-1,39095000,聚胺基甲酸乙酯，初級狀態,墨西哥,出口總值(含復出口),159,50400
2020-1,39095000,聚胺基甲酸乙酯，初級狀態,澳大利亞,出口總值(含復出口),20,4480
2020-1,39100010,矽油,中國大陸,進口總值(含復進口),1150,394207
2020-1,39100010,矽油,日本,進口總值(含復進口),711,124153
2020-1,39100010,矽油,印度,進口總值(含復進口),56,5040
2020-1,39100010,矽油,西班牙,進口總值(含復進口),60,20000
2020-1,39100010,矽油,南韓,進口總值(含復進口),14,596
2020-1,39100010,矽油,美國,進口總值(含復進口),502,48788
2020-1,39100010,矽油,英國,進口總值(含復進口),36,15801
2020-1,39100010,矽油,泰國,進口總值(含復進口),166,53960
2020-1,39100010,矽油,荷蘭,進口總值(含復進口),1,40
2020-1,39100010,矽油,瑞典,進口總值(含復進口),0,2
2020-1,39100010,矽油,德國,進口總值(含復進口),277,17650
2020-1,39100010,矽油,中國大陸,出口總值(含復出口),217,38688
2020-1,39100010,矽油,巴基斯坦,出口總值(含復出口),19,9455
2020-1,39100010,矽油,印尼,出口總值(含復出口),48,16480
2020-1,39100010,矽油,印度,出口總值(含復出口),8,1324
2020-1,39100010,矽油,孟加拉,出口總值(含復出口),22,21070
2020-1,39100010,矽油,香港,出口總值(含復出口),3,1000
2020-1,39100010,矽油,馬來西亞,出口總值(含復出口),28,2400
2020-1,39100010,矽油,越南,出口總值(含復出口),27,2720
2020-1,39111010,石油樹脂,中國大陸,進口總值(含復進口),1621,874825
2020-1,39111010,石油樹脂,日本,進口總值(含復進口),293,123430
2020-1,39111010,石油樹脂,南韓,進口總值(含復進口),86,41700
2020-1,39111010,石油樹脂,美國,進口總值(含復進口),127,67414
2020-1,39111010,石油樹脂,泰國,進口總值(含復進口),296,153500
2020-1,39111010,石油樹脂,荷蘭,進口總值(含復進口),57,20000
2020-1,39111010,石油樹脂,新加坡,進口總值(含復進口),100,49500
2020-1,39111010,石油樹脂,土耳其,出口總值(含復出口),252,219000
2020-1,39111010,石油樹脂,中國大陸,出口總值(含復出口),1595,908975
2020-1,39111010,石油樹脂,巴西,出口總值(含復出口),132,86750
2020-1,39111010,石油樹脂,日本,出口總值(含復出口),497,298750
2020-1,39111010,石油樹脂,加拿大,出口總值(含復出口),49,39000
2020-1,39111010,石油樹脂,印尼,出口總值(含復出口),540,289200
2020-1,39111010,石油樹脂,印度,出口總值(含復出口),529,477300
2020-1,39111010,石油樹脂,西班牙,出口總值(含復出口),104,96000
2020-1,39111010,石油樹脂,希臘,出口總值(含復出口),19,16000
2020-1,39111010,石油樹脂,沙烏地阿拉伯,出口總值(含復出口),107,80000
2020-1,39111010,石油樹脂,孟加拉,出口總值(含復出口),87,100000
2020-1,39111010,石油樹脂,波蘭,出口總值(含復出口),250,136750
2020-1,39111010,石油樹脂,法國,出口總值(含復出口),122,107000
2020-1,39111010,石油樹脂,阿拉伯聯合大公國,出口總值(含復出口),67,48000
2020-1,39111010,石油樹脂,俄羅斯,出口總值(含復出口),78,64000
2020-1,39111010,石油樹脂,南非,出口總值(含復出口),24,16000
2020-1,39111010,石油樹脂,南韓,出口總值(含復出口),112,92000
2020-1,39111010,石油樹脂,美國,出口總值(含復出口),509,353000
2020-1,39111010,石油樹脂,英國,出口總值(含復出口),27,21000
2020-1,39111010,石油樹脂,香港,出口總值(含復出口),10,3600
2020-1,39111010,石油樹脂,泰國,出口總值(含復出口),350,256500
2020-1,39111010,石油樹脂,秘魯,出口總值(含復出口),26,19000
2020-1,39111010,石油樹脂,馬來西亞,出口總值(含復出口),171,121000
2020-1,39111010,石油樹脂,荷蘭,出口總值(含復出口),96,100000
2020-1,39111010,石油樹脂,喬治亞,出口總值(含復出口),3,2000
2020-1,39111010,石油樹脂,斯里蘭卡,出口總值(含復出口),14,9000
2020-1,39111010,石油樹脂,菲律賓,出口總值(含復出口),47,36500
2020-1,39111010,石油樹脂,越南,出口總值(含復出口),507,277760
2020-1,39111010,石油樹脂,新加坡,出口總值(含復出口),19,16000
2020-1,39111010,石油樹脂,瑞典,出口總值(含復出口),72,75000
2020-1,39111010,石油樹脂,義大利,出口總值(含復出口),26,16000
2020-1,39111010,石油樹脂,葡萄牙,出口總值(含復出口),28,14000
2020-1,39111010,石油樹脂,德國,出口總值(含復出口),112,90000
2020-1,39111010,石油樹脂,緬甸,出口總值(含復出口),20,19500
2020-1,39111010,石油樹脂,澳大利亞,出口總值(含復出口),91,62000
2020-1,39219010,玻璃纖維強化塑膠板、片及扁條,中國大陸,進口總值(含復進口),344,66355
2020-1,39219010,玻璃纖維強化塑膠板、片及扁條,中華民國,進口總值(含復進口),7,1008
2020-1,39219010,玻璃纖維強化塑膠板、片及扁條,日本,進口總值(含復進口),1053,6004
2020-1,39219010,玻璃纖維強化塑膠板、片及扁條,法國,進口總值(含復進口),0,19
2020-1,39219010,玻璃纖維強化塑膠板、片及扁條,南韓,進口總值(含復進口),992,47731
2020-1,39219010,玻璃纖維強化塑膠板、片及扁條,美國,進口總值(含復進口),63,3164
2020-1,39219010,玻璃纖維強化塑膠板、片及扁條,香港,進口總值(含復進口),25,151
2020-1,39219010,玻璃纖維強化塑膠板、片及扁條,泰國,進口總值(含復進口),89,13961
2020-1,39219010,玻璃纖維強化塑膠板、片及扁條,奧地利,進口總值(含復進口),0,4
2020-1,39219010,玻璃纖維強化塑膠板、片及扁條,德國,進口總值(含復進口),39,3324
2020-1,39219010,玻璃纖維強化塑膠板、片及扁條,墨西哥,進口總值(含復進口),4,70
2020-1,39219010,玻璃纖維強化塑膠板、片及扁條,中國大陸,出口總值(含復出口),365,6176
2020-1,39219010,玻璃纖維強化塑膠板、片及扁條,巴林,出口總值(含復出口),0,95
2020-1,39219010,玻璃纖維強化塑膠板、片及扁條,日本,出口總值(含復出口),531,74897
2020-1,39219010,玻璃纖維強化塑膠板、片及扁條,加拿大,出口總值(含復出口),7,53
2020-1,39219010,玻璃纖維強化塑膠板、片及扁條,印尼,出口總值(含復出口),25,1279
2020-1,39219010,玻璃纖維強化塑膠板、片及扁條,印度,出口總值(含復出口),130,10469
2020-1,39219010,玻璃纖維強化塑膠板、片及扁條,沙烏地阿拉伯,出口總值(含復出口),33,6196
2020-1,39219010,玻璃纖維強化塑膠板、片及扁條,阿拉伯聯合大公國,出口總值(含復出口),2,477
2020-1,39219010,玻璃纖維強化塑膠板、片及扁條,南韓,出口總值(含復出口),180,27027
2020-1,39219010,玻璃纖維強化塑膠板、片及扁條,科威特,出口總值(含復出口),0,91
2020-1,39219010,玻璃纖維強化塑膠板、片及扁條,美國,出口總值(含復出口),182,37716
2020-1,39219010,玻璃纖維強化塑膠板、片及扁條,香港,出口總值(含復出口),7,351
2020-1,39219010,玻璃纖維強化塑膠板、片及扁條,泰國,出口總值(含復出口),327,58628
2020-1,39219010,玻璃纖維強化塑膠板、片及扁條,馬來西亞,出口總值(含復出口),44,9432
2020-1,39219010,玻璃纖維強化塑膠板、片及扁條,斯里蘭卡,出口總值(含復出口),1,50
2020-1,39219010,玻璃纖維強化塑膠板、片及扁條,越南,出口總值(含復出口),229,32290
2020-1,39219010,玻璃纖維強化塑膠板、片及扁條,新加坡,出口總值(含復出口),8,1143
2020-1,39219010,玻璃纖維強化塑膠板、片及扁條,瑞士,出口總值(含復出口),12,569
2020-1,39219010,玻璃纖維強化塑膠板、片及扁條,義大利,出口總值(含復出口),10,983
2020-1,39219010,玻璃纖維強化塑膠板、片及扁條,葡萄牙,出口總值(含復出口),19,418
2020-1,39219010,玻璃纖維強化塑膠板、片及扁條,德國,出口總值(含復出口),171,29851
2020-2,39095000,聚胺基甲酸乙酯，初級狀態,中國大陸,進口總值(含復進口),5063,1797360
2020-2,39095000,聚胺基甲酸乙酯，初級狀態,中華民國,進口總值(含復進口),16,11600
2020-2,39095000,聚胺基甲酸乙酯，初級狀態,日本,進口總值(含復進口),1136,145066
2020-2,39095000,聚胺基甲酸乙酯，初級狀態,比利時,進口總值(含復進口),43,6200
2020-2,39095000,聚胺基甲酸乙酯，初級狀態,加拿大,進口總值(含復進口),20,4770
2020-2,39095000,聚胺基甲酸乙酯，初級狀態,印度,進口總值(含復進口),62,20800
2020-2,39095000,聚胺基甲酸乙酯，初級狀態,西班牙,進口總值(含復進口),40,4395
2020-2,39095000,聚胺基甲酸乙酯，初級狀態,法國,進口總值(含復進口),130,17460
2020-2,39095000,聚胺基甲酸乙酯，初級狀態,南韓,進口總值(含復進口),234,84571
2020-2,39095000,聚胺基甲酸乙酯，初級狀態,美國,進口總值(含復進口),2182,281290
2020-2,39095000,聚胺基甲酸乙酯，初級狀態,馬來西亞,進口總值(含復進口),92,10000
2020-2,39095000,聚胺基甲酸乙酯，初級狀態,越南,進口總值(含復進口),17,3650
2020-2,39095000,聚胺基甲酸乙酯，初級狀態,新加坡,進口總值(含復進口),64,17982
2020-2,39095000,聚胺基甲酸乙酯，初級狀態,義大利,進口總值(含復進口),23,6600
2020-2,39095000,聚胺基甲酸乙酯，初級狀態,德國,進口總值(含復進口),527,75502
2020-2,39095000,聚胺基甲酸乙酯，初級狀態,澳大利亞,進口總值(含復進口),8,1280
2020-2,39095000,聚胺基甲酸乙酯，初級狀態,土耳其,出口總值(含復出口),66,22400
2020-2,39095000,聚胺基甲酸乙酯，初級狀態,中國大陸,出口總值(含復出口),7889,2247465
2020-2,39095000,聚胺基甲酸乙酯，初級狀態,巴西,出口總值(含復出口),360,113040
2020-2,39095000,聚胺基甲酸乙酯，初級狀態,日本,出口總值(含復出口),210,52636
2020-2,39095000,聚胺基甲酸乙酯，初級狀態,比利時,出口總值(含復出口),452,149800
2020-2,39095000,聚胺基甲酸乙酯，初級狀態,卡達,出口總值(含復出口),29,8800
2020-2,39095000,聚胺基甲酸乙酯，初級狀態,印尼,出口總值(含復出口),1625,487381
2020-2,39095000,聚胺基甲酸乙酯，初級狀態,印度,出口總值(含復出口),456,165580
2020-2,39095000,聚胺基甲酸乙酯，初級狀態,西班牙,出口總值(含復出口),33,15000
2020-2,39095000,聚胺基甲酸乙酯，初級狀態,沙烏地阿拉伯,出口總值(含復出口),49,10830
2020-2,39095000,聚胺基甲酸乙酯，初級狀態,孟加拉,出口總值(含復出口),77,20000
2020-2,39095000,聚胺基甲酸乙酯，初級狀態,波蘭,出口總值(含復出口),20,5000
2020-2,39095000,聚胺基甲酸乙酯，初級狀態,法國,出口總值(含復出口),12,2851
2020-2,39095000,聚胺基甲酸乙酯，初級狀態,阿拉伯聯合大公國,出口總值(含復出口),168,55650
2020-2,39095000,聚胺基甲酸乙酯，初級狀態,阿根廷,出口總值(含復出口),57,17000
2020-2,39095000,聚胺基甲酸乙酯，初級狀態,南韓,出口總值(含復出口),694,181430
2020-2,39095000,聚胺基甲酸乙酯，初級狀態,柬埔寨,出口總值(含復出口),24,6530
2020-2,39095000,聚胺基甲酸乙酯，初級狀態,美國,出口總值(含復出口),128,18475
2020-2,39095000,聚胺基甲酸乙酯，初級狀態,香港,出口總值(含復出口),612,137285
2020-2,39095000,聚胺基甲酸乙酯，初級狀態,泰國,出口總值(含復出口),1049,429434
2020-2,39095000,聚胺基甲酸乙酯，初級狀態,秘魯,出口總值(含復出口),22,1514
2020-2,39095000,聚胺基甲酸乙酯，初級狀態,馬來西亞,出口總值(含復出口),289,110473
2020-2,39095000,聚胺基甲酸乙酯，初級狀態,荷蘭,出口總值(含復出口),470,98000
2020-2,39095000,聚胺基甲酸乙酯，初級狀態,菲律賓,出口總值(含復出口),164,59256
2020-2,39095000,聚胺基甲酸乙酯，初級狀態,越南,出口總值(含復出口),12248,3441413
2020-2,39095000,聚胺基甲酸乙酯，初級狀態,新加坡,出口總值(含復出口),73,20825
2020-2,39095000,聚胺基甲酸乙酯，初級狀態,瑞典,出口總值(含復出口),143,38000
2020-2,39095000,聚胺基甲酸乙酯，初級狀態,義大利,出口總值(含復出口),199,85000
2020-2,39095000,聚胺基甲酸乙酯，初級狀態,德國,出口總值(含復出口),47,20000
2020-2,39095000,聚胺基甲酸乙酯，初級狀態,摩洛哥,出口總值(含復出口),53,14000
2020-2,39095000,聚胺基甲酸乙酯，初級狀態,黎巴嫩,出口總值(含復出口),2,1000
2020-2,39095000,聚胺基甲酸乙酯，初級狀態,墨西哥,出口總值(含復出口),49,16000
2020-2,39095000,聚胺基甲酸乙酯，初級狀態,澳大利亞,出口總值(含復出口),22,5480
2020-2,39100010,矽油,中國大陸,進口總值(含復進口),1475,665124
2020-2,39100010,矽油,日本,進口總值(含復進口),845,135386
2020-2,39100010,矽油,比利時,進口總值(含復進口),3,360
2020-2,39100010,矽油,加拿大,進口總值(含復進口),14,1400
2020-2,39100010,矽油,西班牙,進口總值(含復進口),3,400
2020-2,39100010,矽油,法國,進口總值(含復進口),2,225
2020-2,39100010,矽油,南韓,進口總值(含復進口),33,2390
2020-2,39100010,矽油,美國,進口總值(含復進口),483,43208
2020-2,39100010,矽油,英國,進口總值(含復進口),73,32266
2020-2,39100010,矽油,泰國,進口總值(含復進口),437,146510
2020-2,39100010,矽油,荷蘭,進口總值(含復進口),36,14600
2020-2,39100010,矽油,義大利,進口總值(含復進口),33,9925
2020-2,39100010,矽油,德國,進口總值(含復進口),73,8850
2020-2,39100010,矽油,中國大陸,出口總值(含復出口),974,95908
2020-2,39100010,矽油,丹麥,出口總值(含復出口),4,275
2020-2,39100010,矽油,印尼,出口總值(含復出口),49,8132
2020-2,39100010,矽油,孟加拉,出口總值(含復出口),11,16000
2020-2,39100010,矽油,美國,出口總值(含復出口),10,576
2020-2,39100010,矽油,香港,出口總值(含復出口),0,30
2020-2,39100010,矽油,馬來西亞,出口總值(含復出口),8,600
2020-2,39100010,矽油,越南,出口總值(含復出口),87,16615
2020-2,39100010,矽油,薩爾瓦多,出口總值(含復出口),11,3000
2020-2,39111010,石油樹脂,中國大陸,進口總值(含復進口),1058,648425
2020-2,39111010,石油樹脂,中華民國,進口總值(含復進口),22,23000
2020-2,39111010,石油樹脂,日本,進口總值(含復進口),742,310770
2020-2,39111010,石油樹脂,法國,進口總值(含復進口),90,29125
2020-2,39111010,石油樹脂,南韓,進口總值(含復進口),238,118000
2020-2,39111010,石油樹脂,美國,進口總值(含復進口),111,48323
2020-2,39111010,石油樹脂,泰國,進口總值(含復進口),236,128000
2020-2,39111010,石油樹脂,新加坡,進口總值(含復進口),178,89950
2020-2,39111010,石油樹脂,德國,進口總值(含復進口),0,4
2020-2,39111010,石油樹脂,土耳其,出口總值(含復出口),174,146000
2020-2,39111010,石油樹脂,中國大陸,出口總值(含復出口),1378,754532
2020-2,39111010,石油樹脂,巴西,出口總值(含復出口),177,134000
2020-2,39111010,石油樹脂,日本,出口總值(含復出口),368,239500
2020-2,39111010,石油樹脂,加拿大,出口總值(含復出口),161,148000
2020-2,39111010,石油樹脂,匈牙利,出口總值(含復出口),42,32000
2020-2,39111010,石油樹脂,印尼,出口總值(含復出口),732,508470
2020-2,39111010,石油樹脂,印度,出口總值(含復出口),581,577900
2020-2,39111010,石油樹脂,西班牙,出口總值(含復出口),542,450000
2020-2,39111010,石油樹脂,沙烏地阿拉伯,出口總值(含復出口),81,64000
2020-2,39111010,石油樹脂,孟加拉,出口總值(含復出口),90,95000
2020-2,39111010,石油樹脂,波蘭,出口總值(含復出口),362,200750
2020-2,39111010,石油樹脂,法國,出口總值(含復出口),133,116000
2020-2,39111010,石油樹脂,阿根廷,出口總值(含復出口),21,14000
2020-2,39111010,石油樹脂,阿曼,出口總值(含復出口),8,6000
2020-2,39111010,石油樹脂,俄羅斯,出口總值(含復出口),58,48000
2020-2,39111010,石油樹脂,南非,出口總值(含復出口),58,51000
2020-2,39111010,石油樹脂,南韓,出口總值(含復出口),174,116000
2020-2,39111010,石油樹脂,美國,出口總值(含復出口),540,371000
2020-2,39111010,石油樹脂,英國,出口總值(含復出口),179,157000
2020-2,39111010,石油樹脂,香港,出口總值(含復出口),11,3400
2020-2,39111010,石油樹脂,泰國,出口總值(含復出口),255,186900
2020-2,39111010,石油樹脂,馬來西亞,出口總值(含復出口),326,228800
2020-2,39111010,石油樹脂,荷蘭,出口總值(含復出口),165,169000
2020-2,39111010,石油樹脂,斯里蘭卡,出口總值(含復出口),21,15000
2020-2,39111010,石油樹脂,菲律賓,出口總值(含復出口),64,50661
2020-2,39111010,石油樹脂,越南,出口總值(含復出口),600,378350
2020-2,39111010,石油樹脂,新加坡,出口總值(含復出口),31,26000
2020-2,39111010,石油樹脂,瑞典,出口總值(含復出口),24,25000
2020-2,39111010,石油樹脂,義大利,出口總值(含復出口),42,31000
2020-2,39111010,石油樹脂,德國,出口總值(含復出口),341,192000
2020-2,39111010,石油樹脂,緬甸,出口總值(含復出口),80,58000
2020-2,39111010,石油樹脂,澳大利亞,出口總值(含復出口),22,16000
2020-2,39219010,玻璃纖維強化塑膠板、片及扁條,中國大陸,進口總值(含復進口),109,2848
2020-2,39219010,玻璃纖維強化塑膠板、片及扁條,中華民國,進口總值(含復進口),0,1
2020-2,39219010,玻璃纖維強化塑膠板、片及扁條,日本,進口總值(含復進口),1921,31557
2020-2,39219010,玻璃纖維強化塑膠板、片及扁條,匈牙利,進口總值(含復進口),0,13
2020-2,39219010,玻璃纖維強化塑膠板、片及扁條,法國,進口總值(含復進口),0,14
2020-2,39219010,玻璃纖維強化塑膠板、片及扁條,南韓,進口總值(含復進口),519,52992
2020-2,39219010,玻璃纖維強化塑膠板、片及扁條,美國,進口總值(含復進口),85,6424
2020-2,39219010,玻璃纖維強化塑膠板、片及扁條,香港,進口總值(含復進口),23,156
2020-2,39219010,玻璃纖維強化塑膠板、片及扁條,泰國,進口總值(含復進口),91,15986
2020-2,39219010,玻璃纖維強化塑膠板、片及扁條,馬來西亞,進口總值(含復進口),161,15350
2020-2,39219010,玻璃纖維強化塑膠板、片及扁條,奧地利,進口總值(含復進口),9,172
2020-2,39219010,玻璃纖維強化塑膠板、片及扁條,愛爾蘭,進口總值(含復進口),12,170
2020-2,39219010,玻璃纖維強化塑膠板、片及扁條,新加坡,進口總值(含復進口),2,17
2020-2,39219010,玻璃纖維強化塑膠板、片及扁條,德國,進口總值(含復進口),143,8110
2020-2,39219010,玻璃纖維強化塑膠板、片及扁條,墨西哥,進口總值(含復進口),9,116
2020-2,39219010,玻璃纖維強化塑膠板、片及扁條,中國大陸,出口總值(含復出口),213,2627
2020-2,39219010,玻璃纖維強化塑膠板、片及扁條,日本,出口總值(含復出口),646,93641
2020-2,39219010,玻璃纖維強化塑膠板、片及扁條,加拿大,出口總值(含復出口),2,519
2020-2,39219010,玻璃纖維強化塑膠板、片及扁條,瓜地馬拉,出口總值(含復出口),0,83
2020-2,39219010,玻璃纖維強化塑膠板、片及扁條,印尼,出口總值(含復出口),55,1680
2020-2,39219010,玻璃纖維強化塑膠板、片及扁條,印度,出口總值(含復出口),65,7751
2020-2,39219010,玻璃纖維強化塑膠板、片及扁條,沙烏地阿拉伯,出口總值(含復出口),39,5741
2020-2,39219010,玻璃纖維強化塑膠板、片及扁條,南韓,出口總值(含復出口),260,44367
2020-2,39219010,玻璃纖維強化塑膠板、片及扁條,美國,出口總值(含復出口),4,4
2020-2,39219010,玻璃纖維強化塑膠板、片及扁條,香港,出口總值(含復出口),49,2525
2020-2,39219010,玻璃纖維強化塑膠板、片及扁條,泰國,出口總值(含復出口),650,114536
2020-2,39219010,玻璃纖維強化塑膠板、片及扁條,馬來西亞,出口總值(含復出口),86,13954
2020-2,39219010,玻璃纖維強化塑膠板、片及扁條,菲律賓,出口總值(含復出口),49,4697
2020-2,39219010,玻璃纖維強化塑膠板、片及扁條,越南,出口總值(含復出口),424,52269
2020-2,39219010,玻璃纖維強化塑膠板、片及扁條,新加坡,出口總值(含復出口),26,4095
2020-2,39219010,玻璃纖維強化塑膠板、片及扁條,義大利,出口總值(含復出口),48,9825
2020-2,39219010,玻璃纖維強化塑膠板、片及扁條,葡萄牙,出口總值(含復出口),6,210
2020-2,39219010,玻璃纖維強化塑膠板、片及扁條,德國,出口總值(含復出口),118,15914
2020-3,39095000,聚胺基甲酸乙酯，初級狀態,中國大陸,進口總值(含復進口),8273,2716413
2020-3,39095000,聚胺基甲酸乙酯，初級狀態,中華民國,進口總值(含復進口),14,2220
2020-3,39095000,聚胺基甲酸乙酯，初級狀態,日本,進口總值(含復進口),1250,168850
2020-3,39095000,聚胺基甲酸乙酯，初級狀態,比利時,進口總值(含復進口),39,5975
2020-3,39095000,聚胺基甲酸乙酯，初級狀態,印度,進口總值(含復進口),80,22400
2020-3,39095000,聚胺基甲酸乙酯，初級狀態,西班牙,進口總值(含復進口),83,14260
2020-3,39095000,聚胺基甲酸乙酯，初級狀態,希臘,進口總值(含復進口),24,10600
2020-3,39095000,聚胺基甲酸乙酯，初級狀態,法國,進口總值(含復進口),153,12071
2020-3,39095000,聚胺基甲酸乙酯，初級狀態,南韓,進口總值(含復進口),304,149770
2020-3,39095000,聚胺基甲酸乙酯，初級狀態,美國,進口總值(含復進口),1273,141804
2020-3,39095000,聚胺基甲酸乙酯，初級狀態,英國,進口總值(含復進口),14,1605
2020-3,39095000,聚胺基甲酸乙酯，初級狀態,馬來西亞,進口總值(含復進口),2,200
2020-3,39095000,聚胺基甲酸乙酯，初級狀態,荷蘭,進口總值(含復進口),2,330
2020-3,39095000,聚胺基甲酸乙酯，初級狀態,越南,進口總值(含復進口),23,5760
2020-3,39095000,聚胺基甲酸乙酯，初級狀態,新加坡,進口總值(含復進口),42,11970
2020-3,39095000,聚胺基甲酸乙酯，初級狀態,瑞士,進口總值(含復進口),13,2840
2020-3,39095000,聚胺基甲酸乙酯，初級狀態,瑞典,進口總值(含復進口),1,256
2020-3,39095000,聚胺基甲酸乙酯，初級狀態,義大利,進口總值(含復進口),72,22670
2020-3,39095000,聚胺基甲酸乙酯，初級狀態,德國,進口總值(含復進口),954,151562
2020-3,39095000,聚胺基甲酸乙酯，初級狀態,墨西哥,進口總值(含復進口),46,6400
2020-3,39095000,聚胺基甲酸乙酯，初級狀態,土耳其,出口總值(含復出口),313,108450
2020-3,39095000,聚胺基甲酸乙酯，初級狀態,中國大陸,出口總值(含復出口),9852,3107972
2020-3,39095000,聚胺基甲酸乙酯，初級狀態,巴西,出口總值(含復出口),301,93070
2020-3,39095000,聚胺基甲酸乙酯，初級狀態,巴基斯坦,出口總值(含復出口),63,23600
2020-3,39095000,聚胺基甲酸乙酯，初級狀態,日本,出口總值(含復出口),213,49204
2020-3,39095000,聚胺基甲酸乙酯，初級狀態,比利時,出口總值(含復出口),211,68600
2020-3,39095000,聚胺基甲酸乙酯，初級狀態,印尼,出口總值(含復出口),2562,654206
2020-3,39095000,聚胺基甲酸乙酯，初級狀態,印度,出口總值(含復出口),1160,460242
2020-3,39095000,聚胺基甲酸乙酯，初級狀態,西班牙,出口總值(含復出口),177,75400
2020-3,39095000,聚胺基甲酸乙酯，初級狀態,孟加拉,出口總值(含復出口),69,17000
2020-3,39095000,聚胺基甲酸乙酯，初級狀態,波蘭,出口總值(含復出口),56,14700
2020-3,39095000,聚胺基甲酸乙酯，初級狀態,法國,出口總值(含復出口),17,4441
2020-3,39095000,聚胺基甲酸乙酯，初級狀態,肯亞,出口總值(含復出口),16,5000
2020-3,39095000,聚胺基甲酸乙酯，初級狀態,阿拉伯聯合大公國,出口總值(含復出口),286,91600
2020-3,39095000,聚胺基甲酸乙酯，初級狀態,阿根廷,出口總值(含復出口),93,30400
2020-3,39095000,聚胺基甲酸乙酯，初級狀態,俄羅斯,出口總值(含復出口),37,14400
2020-3,39095000,聚胺基甲酸乙酯，初級狀態,南韓,出口總值(含復出口),862,220002
2020-3,39095000,聚胺基甲酸乙酯，初級狀態,柬埔寨,出口總值(含復出口),85,26725
2020-3,39095000,聚胺基甲酸乙酯，初級狀態,約旦,出口總值(含復出口),17,17000
2020-3,39095000,聚胺基甲酸乙酯，初級狀態,美國,出口總值(含復出口),145,30550
2020-3,39095000,聚胺基甲酸乙酯，初級狀態,香港,出口總值(含復出口),666,139617
2020-3,39095000,聚胺基甲酸乙酯，初級狀態,哥倫比亞,出口總值(含復出口),76,24000
2020-3,39095000,聚胺基甲酸乙酯，初級狀態,泰國,出口總值(含復出口),1109,430551
2020-3,39095000,聚胺基甲酸乙酯，初級狀態,秘魯,出口總值(含復出口),88,31000
2020-3,39095000,聚胺基甲酸乙酯，初級狀態,馬來西亞,出口總值(含復出口),315,122105
2020-3,39095000,聚胺基甲酸乙酯，初級狀態,荷蘭,出口總值(含復出口),812,170400
2020-3,39095000,聚胺基甲酸乙酯，初級狀態,斯里蘭卡,出口總值(含復出口),12,2600
2020-3,39095000,聚胺基甲酸乙酯，初級狀態,智利,出口總值(含復出口),24,8000
2020-3,39095000,聚胺基甲酸乙酯，初級狀態,菲律賓,出口總值(含復出口),98,41530
2020-3,39095000,聚胺基甲酸乙酯，初級狀態,越南,出口總值(含復出口),15927,4239586
2020-3,39095000,聚胺基甲酸乙酯，初級狀態,新加坡,出口總值(含復出口),47,14107
2020-3,39095000,聚胺基甲酸乙酯，初級狀態,瑞典,出口總值(含復出口),61,16000
2020-3,39095000,聚胺基甲酸乙酯，初級狀態,義大利,出口總值(含復出口),250,95000
2020-3,39095000,聚胺基甲酸乙酯，初級狀態,蒙古,出口總值(含復出口),29,18830
2020-3,39095000,聚胺基甲酸乙酯，初級狀態,德國,出口總值(含復出口),229,39196
2020-3,39095000,聚胺基甲酸乙酯，初級狀態,緬甸,出口總值(含復出口),47,17640
2020-3,39095000,聚胺基甲酸乙酯，初級狀態,墨西哥,出口總值(含復出口),90,30000
2020-3,39095000,聚胺基甲酸乙酯，初級狀態,澳大利亞,出口總值(含復出口),15,3570
2020-3,39100010,矽油,中國大陸,進口總值(含復進口),2222,814284
2020-3,39100010,矽油,日本,進口總值(含復進口),1211,219658
2020-3,39100010,矽油,加拿大,進口總值(含復進口),10,640
2020-3,39100010,矽油,印度,進口總值(含復進口),12,1080
2020-3,39100010,矽油,南韓,進口總值(含復進口),27,1651
2020-3,39100010,矽油,美國,進口總值(含復進口),329,23612
2020-3,39100010,矽油,英國,進口總值(含復進口),38,15600
2020-3,39100010,矽油,泰國,進口總值(含復進口),507,182940
2020-3,39100010,矽油,荷蘭,進口總值(含復進口),90,32600
2020-3,39100010,矽油,德國,進口總值(含復進口),481,50050
2020-3,39100010,矽油,中國大陸,出口總值(含復出口),760,114723
2020-3,39100010,矽油,印尼,出口總值(含復出口),40,12620
2020-3,39100010,矽油,印度,出口總值(含復出口),6,896
2020-3,39100010,矽油,多哥,出口總值(含復出口),3,228
2020-3,39100010,矽油,孟加拉,出口總值(含復出口),16,27910
2020-3,39100010,矽油,美國,出口總值(含復出口),58,4381
2020-3,39100010,矽油,香港,出口總值(含復出口),13,3280
2020-3,39100010,矽油,哥倫比亞,出口總值(含復出口),2,115
2020-3,39100010,矽油,馬來西亞,出口總值(含復出口),49,7400
2020-3,39100010,矽油,越南,出口總值(含復出口),35,5975
2020-3,39111010,石油樹脂,中國大陸,進口總值(含復進口),2865,1574629
2020-3,39111010,石油樹脂,日本,進口總值(含復進口),874,320605
2020-3,39111010,石油樹脂,法國,進口總值(含復進口),126,54250
2020-3,39111010,石油樹脂,南韓,進口總值(含復進口),147,85300
2020-3,39111010,石油樹脂,美國,進口總值(含復進口),209,100210
2020-3,39111010,石油樹脂,泰國,進口總值(含復進口),1031,536500
2020-3,39111010,石油樹脂,荷蘭,進口總值(含復進口),28,10000
2020-3,39111010,石油樹脂,新加坡,進口總值(含復進口),195,98975
2020-3,39111010,石油樹脂,德國,進口總值(含復進口),25,10000
2020-3,39111010,石油樹脂,土耳其,出口總值(含復出口),387,327000
2020-3,39111010,石油樹脂,中國大陸,出口總值(含復出口),1793,998680
2020-3,39111010,石油樹脂,巴西,出口總值(含復出口),108,74000
2020-3,39111010,石油樹脂,巴基斯坦,出口總值(含復出口),8,6000
2020-3,39111010,石油樹脂,日本,出口總值(含復出口),460,274500
2020-3,39111010,石油樹脂,加拿大,出口總值(含復出口),230,222000
2020-3,39111010,石油樹脂,匈牙利,出口總值(含復出口),41,32000
2020-3,39111010,石油樹脂,印尼,出口總值(含復出口),688,444900
2020-3,39111010,石油樹脂,印度,出口總值(含復出口),587,545252
2020-3,39111010,石油樹脂,西班牙,出口總值(含復出口),214,146000
2020-3,39111010,石油樹脂,沙烏地阿拉伯,出口總值(含復出口),143,112000
2020-3,39111010,石油樹脂,孟加拉,出口總值(含復出口),142,138000
2020-3,39111010,石油樹脂,波蘭,出口總值(含復出口),210,130750
2020-3,39111010,石油樹脂,法國,出口總值(含復出口),169,140925
2020-3,39111010,石油樹脂,阿拉伯聯合大公國,出口總值(含復出口),21,16000
2020-3,39111010,石油樹脂,阿根廷,出口總值(含復出口),21,14000
2020-3,39111010,石油樹脂,俄羅斯,出口總值(含復出口),125,99000
2020-3,39111010,石油樹脂,南非,出口總值(含復出口),47,32000
2020-3,39111010,石油樹脂,南韓,出口總值(含復出口),292,232000
2020-3,39111010,石油樹脂,美國,出口總值(含復出口),965,670000
2020-3,39111010,石油樹脂,英國,出口總值(含復出口),81,70000
2020-3,39111010,石油樹脂,香港,出口總值(含復出口),13,5800
2020-3,39111010,石油樹脂,哥倫比亞,出口總值(含復出口),22,16000
2020-3,39111010,石油樹脂,泰國,出口總值(含復出口),272,222250
2020-3,39111010,石油樹脂,馬來西亞,出口總值(含復出口),299,253879
2020-3,39111010,石油樹脂,荷蘭,出口總值(含復出口),143,150000
2020-3,39111010,石油樹脂,斯里蘭卡,出口總值(含復出口),16,10000
2020-3,39111010,石油樹脂,越南,出口總值(含復出口),698,380985
2020-3,39111010,石油樹脂,新加坡,出口總值(含復出口),39,35500
2020-3,39111010,石油樹脂,瑞典,出口總值(含復出口),87,73000
2020-3,39111010,石油樹脂,義大利,出口總值(含復出口),21,16000
2020-3,39111010,石油樹脂,德國,出口總值(含復出口),126,61500
2020-3,39111010,石油樹脂,模里西斯,出口總值(含復出口),1,400
2020-3,39111010,石油樹脂,澳大利亞,出口總值(含復出口),51,30625
2020-3,39219010,玻璃纖維強化塑膠板、片及扁條,土耳其,進口總值(含復進口),52,21860
2020-3,39219010,玻璃纖維強化塑膠板、片及扁條,中國大陸,進口總值(含復進口),392,71528
2020-3,39219010,玻璃纖維強化塑膠板、片及扁條,中華民國,進口總值(含復進口),3,470
2020-3,39219010,玻璃纖維強化塑膠板、片及扁條,日本,進口總值(含復進口),1634,32782
2020-3,39219010,玻璃纖維強化塑膠板、片及扁條,匈牙利,進口總值(含復進口),1,13
2020-3,39219010,玻璃纖維強化塑膠板、片及扁條,印尼,進口總值(含復進口),0,0
2020-3,39219010,玻璃纖維強化塑膠板、片及扁條,法國,進口總值(含復進口),211,15257
2020-3,39219010,玻璃纖維強化塑膠板、片及扁條,南韓,進口總值(含復進口),1135,122300
2020-3,39219010,玻璃纖維強化塑膠板、片及扁條,美國,進口總值(含復進口),212,9514
2020-3,39219010,玻璃纖維強化塑膠板、片及扁條,英國,進口總值(含復進口),5,123
2020-3,39219010,玻璃纖維強化塑膠板、片及扁條,香港,進口總值(含復進口),16,102
2020-3,39219010,玻璃纖維強化塑膠板、片及扁條,泰國,進口總值(含復進口),88,15080
2020-3,39219010,玻璃纖維強化塑膠板、片及扁條,奧地利,進口總值(含復進口),3,53
2020-3,39219010,玻璃纖維強化塑膠板、片及扁條,愛爾蘭,進口總值(含復進口),36,560
2020-3,39219010,玻璃纖維強化塑膠板、片及扁條,德國,進口總值(含復進口),43,4426
2020-3,39219010,玻璃纖維強化塑膠板、片及扁條,墨西哥,進口總值(含復進口),12,148
2020-3,39219010,玻璃纖維強化塑膠板、片及扁條,千里達及托巴哥,出口總值(含復出口),3,350
2020-3,39219010,玻璃纖維強化塑膠板、片及扁條,中國大陸,出口總值(含復出口),201,17602
2020-3,39219010,玻璃纖維強化塑膠板、片及扁條,日本,出口總值(含復出口),484,76826
2020-3,39219010,玻璃纖維強化塑膠板、片及扁條,加拿大,出口總值(含復出口),4,1034
2020-3,39219010,玻璃纖維強化塑膠板、片及扁條,北馬里亞納群島,出口總值(含復出口),2,638
2020-3,39219010,玻璃纖維強化塑膠板、片及扁條,瓜地馬拉,出口總值(含復出口),2,153
2020-3,39219010,玻璃纖維強化塑膠板、片及扁條,印尼,出口總值(含復出口),14,751
2020-3,39219010,玻璃纖維強化塑膠板、片及扁條,印度,出口總值(含復出口),87,11557
2020-3,39219010,玻璃纖維強化塑膠板、片及扁條,俄羅斯,出口總值(含復出口),23,2905
2020-3,39219010,玻璃纖維強化塑膠板、片及扁條,南韓,出口總值(含復出口),334,50014
2020-3,39219010,玻璃纖維強化塑膠板、片及扁條,美國,出口總值(含復出口),261,43616
2020-3,39219010,玻璃纖維強化塑膠板、片及扁條,香港,出口總值(含復出口),10,507
2020-3,39219010,玻璃纖維強化塑膠板、片及扁條,泰國,出口總值(含復出口),560,103651
2020-3,39219010,玻璃纖維強化塑膠板、片及扁條,馬來西亞,出口總值(含復出口),148,28311
2020-3,39219010,玻璃纖維強化塑膠板、片及扁條,越南,出口總值(含復出口),348,51906
2020-3,39219010,玻璃纖維強化塑膠板、片及扁條,新加坡,出口總值(含復出口),83,7388
2020-3,39219010,玻璃纖維強化塑膠板、片及扁條,義大利,出口總值(含復出口),30,4294
2020-3,39219010,玻璃纖維強化塑膠板、片及扁條,葡萄牙,出口總值(含復出口),26,830
2020-3,39219010,玻璃纖維強化塑膠板、片及扁條,德國,出口總值(含復出口),363,62312
2020-4,39095000,聚胺基甲酸乙酯，初級狀態,中國大陸,進口總值(含復進口),4754,1486119
2020-4,39095000,聚胺基甲酸乙酯，初級狀態,日本,進口總值(含復進口),986,107453
2020-4,39095000,聚胺基甲酸乙酯，初級狀態,比利時,進口總值(含復進口),32,5100
2020-4,39095000,聚胺基甲酸乙酯，初級狀態,印度,進口總值(含復進口),159,40080
2020-4,39095000,聚胺基甲酸乙酯，初級狀態,西班牙,進口總值(含復進口),42,4500
2020-4,39095000,聚胺基甲酸乙酯，初級狀態,法國,進口總值(含復進口),149,16660
2020-4,39095000,聚胺基甲酸乙酯，初級狀態,南韓,進口總值(含復進口),229,83130
2020-4,39095000,聚胺基甲酸乙酯，初級狀態,美國,進口總值(含復進口),2541,295106
2020-4,39095000,聚胺基甲酸乙酯，初級狀態,泰國,進口總值(含復進口),5,1610
2020-4,39095000,聚胺基甲酸乙酯，初級狀態,馬來西亞,進口總值(含復進口),10,1296
2020-4,39095000,聚胺基甲酸乙酯，初級狀態,荷蘭,進口總值(含復進口),25,3120
2020-4,39095000,聚胺基甲酸乙酯，初級狀態,新加坡,進口總值(含復進口),51,15250
2020-4,39095000,聚胺基甲酸乙酯，初級狀態,義大利,進口總值(含復進口),98,52508
2020-4,39095000,聚胺基甲酸乙酯，初級狀態,德國,進口總值(含復進口),1298,212863
2020-4,39095000,聚胺基甲酸乙酯，初級狀態,澳大利亞,進口總值(含復進口),14,2163
2020-4,39095000,聚胺基甲酸乙酯，初級狀態,土耳其,出口總值(含復出口),204,58250
2020-4,39095000,聚胺基甲酸乙酯，初級狀態,中國大陸,出口總值(含復出口),10772,3338859
2020-4,39095000,聚胺基甲酸乙酯，初級狀態,日本,出口總值(含復出口),177,44572
2020-4,39095000,聚胺基甲酸乙酯，初級狀態,比利時,出口總值(含復出口),275,87804
2020-4,39095000,聚胺基甲酸乙酯，初級狀態,卡達,出口總值(含復出口),36,8400
2020-4,39095000,聚胺基甲酸乙酯，初級狀態,印尼,出口總值(含復出口),1292,331505
2020-4,39095000,聚胺基甲酸乙酯，初級狀態,印度,出口總值(含復出口),567,219819
2020-4,39095000,聚胺基甲酸乙酯，初級狀態,孟加拉,出口總值(含復出口),28,10000
2020-4,39095000,聚胺基甲酸乙酯，初級狀態,法國,出口總值(含復出口),14,3361
2020-4,39095000,聚胺基甲酸乙酯，初級狀態,阿拉伯聯合大公國,出口總值(含復出口),119,32500
2020-4,39095000,聚胺基甲酸乙酯，初級狀態,南韓,出口總值(含復出口),396,99970
2020-4,39095000,聚胺基甲酸乙酯，初級狀態,柬埔寨,出口總值(含復出口),4,1000
2020-4,39095000,聚胺基甲酸乙酯，初級狀態,美國,出口總值(含復出口),203,46170
2020-4,39095000,聚胺基甲酸乙酯，初級狀態,香港,出口總值(含復出口),1727,334036
2020-4,39095000,聚胺基甲酸乙酯，初級狀態,哥倫比亞,出口總值(含復出口),17,5500
2020-4,39095000,聚胺基甲酸乙酯，初級狀態,泰國,出口總值(含復出口),680,251297
2020-4,39095000,聚胺基甲酸乙酯，初級狀態,秘魯,出口總值(含復出口),51,16530
2020-4,39095000,聚胺基甲酸乙酯，初級狀態,馬來西亞,出口總值(含復出口),176,58645
2020-4,39095000,聚胺基甲酸乙酯，初級狀態,荷蘭,出口總值(含復出口),806,159800
2020-4,39095000,聚胺基甲酸乙酯，初級狀態,智利,出口總值(含復出口),33,21520
2020-4,39095000,聚胺基甲酸乙酯，初級狀態,菲律賓,出口總值(含復出口),20,1034
2020-4,39095000,聚胺基甲酸乙酯，初級狀態,越南,出口總值(含復出口),8067,2068018
2020-4,39095000,聚胺基甲酸乙酯，初級狀態,新加坡,出口總值(含復出口),62,20832
2020-4,39095000,聚胺基甲酸乙酯，初級狀態,瑞典,出口總值(含復出口),5,1250
2020-4,39095000,聚胺基甲酸乙酯，初級狀態,義大利,出口總值(含復出口),181,70000
2020-4,39095000,聚胺基甲酸乙酯，初級狀態,葡萄牙,出口總值(含復出口),47,15000
2020-4,39095000,聚胺基甲酸乙酯，初級狀態,德國,出口總值(含復出口),116,22200
2020-4,39095000,聚胺基甲酸乙酯，初級狀態,墨西哥,出口總值(含復出口),3,1530
2020-4,39095000,聚胺基甲酸乙酯，初級狀態,澳大利亞,出口總值(含復出口),8,2000
2020-4,39100010,矽油,中國大陸,進口總值(含復進口),2378,984947
2020-4,39100010,矽油,日本,進口總值(含復進口),1227,158287
2020-4,39100010,矽油,印度,進口總值(含復進口),12,1080
2020-4,39100010,矽油,法國,進口總值(含復進口),4,400
2020-4,39100010,矽油,南韓,進口總值(含復進口),103,4232
2020-4,39100010,矽油,美國,進口總值(含復進口),331,23412
2020-4,39100010,矽油,英國,進口總值(含復進口),26,9071
2020-4,39100010,矽油,泰國,進口總值(含復進口),362,121420
2020-4,39100010,矽油,荷蘭,進口總值(含復進口),18,7200
2020-4,39100010,矽油,德國,進口總值(含復進口),58,2530
2020-4,39100010,矽油,澳大利亞,進口總值(含復進口),13,2040
2020-4,39100010,矽油,中國大陸,出口總值(含復出口),888,89622
2020-4,39100010,矽油,孟加拉,出口總值(含復出口),6,10000
2020-4,39100010,矽油,南韓,出口總值(含復出口),8,760
2020-4,39100010,矽油,香港,出口總值(含復出口),19,4830
2020-4,39100010,矽油,象牙海岸,出口總值(含復出口),3,200
2020-4,39100010,矽油,越南,出口總值(含復出口),27,2406
2020-4,39100010,矽油,新加坡,出口總值(含復出口),4,36
2020-4,39111010,石油樹脂,中國大陸,進口總值(含復進口),1923,1032625
2020-4,39111010,石油樹脂,日本,進口總值(含復進口),927,345555
2020-4,39111010,石油樹脂,法國,進口總值(含復進口),225,84750
2020-4,39111010,石油樹脂,南韓,進口總值(含復進口),56,28200
2020-4,39111010,石油樹脂,美國,進口總值(含復進口),60,22644
2020-4,39111010,石油樹脂,泰國,進口總值(含復進口),335,168000
2020-4,39111010,石油樹脂,荷蘭,進口總值(含復進口),53,20000
2020-4,39111010,石油樹脂,新加坡,進口總值(含復進口),191,99000
2020-4,39111010,石油樹脂,土耳其,出口總值(含復出口),215,175000
2020-4,39111010,石油樹脂,中國大陸,出口總值(含復出口),2152,1194075
2020-4,39111010,石油樹脂,日本,出口總值(含復出口),354,229000
2020-4,39111010,石油樹脂,加拿大,出口總值(含復出口),97,73000
2020-4,39111010,石油樹脂,印尼,出口總值(含復出口),266,142990
2020-4,39111010,石油樹脂,印度,出口總值(含復出口),108,76400
2020-4,39111010,石油樹脂,沙烏地阿拉伯,出口總值(含復出口),61,48000
2020-4,39111010,石油樹脂,波蘭,出口總值(含復出口),610,337750
2020-4,39111010,石油樹脂,法國,出口總值(含復出口),66,50000
2020-4,39111010,石油樹脂,俄羅斯,出口總值(含復出口),95,80000
2020-4,39111010,石油樹脂,南非,出口總值(含復出口),76,64000
2020-4,39111010,石油樹脂,南韓,出口總值(含復出口),148,118000
2020-4,39111010,石油樹脂,柬埔寨,出口總值(含復出口),18,15000
2020-4,39111010,石油樹脂,美國,出口總值(含復出口),582,383625
2020-4,39111010,石油樹脂,英國,出口總值(含復出口),103,95000
2020-4,39111010,石油樹脂,香港,出口總值(含復出口),19,7000
2020-4,39111010,石油樹脂,泰國,出口總值(含復出口),229,174625
2020-4,39111010,石油樹脂,馬來西亞,出口總值(含復出口),86,48000
2020-4,39111010,石油樹脂,荷蘭,出口總值(含復出口),46,50000
2020-4,39111010,石油樹脂,越南,出口總值(含復出口),563,324425
2020-4,39111010,石油樹脂,新加坡,出口總值(含復出口),18,16000
2020-4,39111010,石油樹脂,瑞典,出口總值(含復出口),46,50000
2020-4,39111010,石油樹脂,義大利,出口總值(含復出口),46,32000
2020-4,39111010,石油樹脂,德國,出口總值(含復出口),159,91500
2020-4,39111010,石油樹脂,澳大利亞,出口總值(含復出口),62,48000
2020-4,39219010,玻璃纖維強化塑膠板、片及扁條,土耳其,進口總值(含復進口),64,22820
2020-4,39219010,玻璃纖維強化塑膠板、片及扁條,中國大陸,進口總值(含復進口),352,71790
2020-4,39219010,玻璃纖維強化塑膠板、片及扁條,中華民國,進口總值(含復進口),3,12
2020-4,39219010,玻璃纖維強化塑膠板、片及扁條,日本,進口總值(含復進口),1698,13986
2020-4,39219010,玻璃纖維強化塑膠板、片及扁條,法國,進口總值(含復進口),1,4
2020-4,39219010,玻璃纖維強化塑膠板、片及扁條,南韓,進口總值(含復進口),1205,86798
2020-4,39219010,玻璃纖維強化塑膠板、片及扁條,美國,進口總值(含復進口),102,4999
2020-4,39219010,玻璃纖維強化塑膠板、片及扁條,香港,進口總值(含復進口),9,62
2020-4,39219010,玻璃纖維強化塑膠板、片及扁條,泰國,進口總值(含復進口),87,14005
2020-4,39219010,玻璃纖維強化塑膠板、片及扁條,奧地利,進口總值(含復進口),5,101
2020-4,39219010,玻璃纖維強化塑膠板、片及扁條,愛爾蘭,進口總值(含復進口),16,212
2020-4,39219010,玻璃纖維強化塑膠板、片及扁條,瑞士,進口總值(含復進口),1,18
2020-4,39219010,玻璃纖維強化塑膠板、片及扁條,德國,進口總值(含復進口),246,20384
2020-4,39219010,玻璃纖維強化塑膠板、片及扁條,中國大陸,出口總值(含復出口),430,13352
2020-4,39219010,玻璃纖維強化塑膠板、片及扁條,巴西,出口總值(含復出口),9,1070
2020-4,39219010,玻璃纖維強化塑膠板、片及扁條,日本,出口總值(含復出口),310,43858
2020-4,39219010,玻璃纖維強化塑膠板、片及扁條,印尼,出口總值(含復出口),9,524
2020-4,39219010,玻璃纖維強化塑膠板、片及扁條,沙烏地阿拉伯,出口總值(含復出口),3,480
2020-4,39219010,玻璃纖維強化塑膠板、片及扁條,阿拉伯聯合大公國,出口總值(含復出口),2,480
2020-4,39219010,玻璃纖維強化塑膠板、片及扁條,南韓,出口總值(含復出口),259,32761
2020-4,39219010,玻璃纖維強化塑膠板、片及扁條,科威特,出口總值(含復出口),0,46
2020-4,39219010,玻璃纖維強化塑膠板、片及扁條,美國,出口總值(含復出口),15,2293
2020-4,39219010,玻璃纖維強化塑膠板、片及扁條,香港,出口總值(含復出口),54,1489
2020-4,39219010,玻璃纖維強化塑膠板、片及扁條,泰國,出口總值(含復出口),787,141466
2020-4,39219010,玻璃纖維強化塑膠板、片及扁條,馬來西亞,出口總值(含復出口),41,8646
2020-4,39219010,玻璃纖維強化塑膠板、片及扁條,荷蘭,出口總值(含復出口),4,365
2020-4,39219010,玻璃纖維強化塑膠板、片及扁條,越南,出口總值(含復出口),355,44572
2020-4,39219010,玻璃纖維強化塑膠板、片及扁條,瑞士,出口總值(含復出口),10,495
2020-4,39219010,玻璃纖維強化塑膠板、片及扁條,葡萄牙,出口總值(含復出口),15,472
2020-4,39219010,玻璃纖維強化塑膠板、片及扁條,德國,出口總值(含復出口),173,18669
2020-4,39219010,玻璃纖維強化塑膠板、片及扁條,澳大利亞,出口總值(含復出口),40,1869
2020-5,39095000,聚胺基甲酸乙酯，初級狀態,中國大陸,進口總值(含復進口),2639,874672
2020-5,39095000,聚胺基甲酸乙酯，初級狀態,中華民國,進口總值(含復進口),2,40
2020-5,39095000,聚胺基甲酸乙酯，初級狀態,丹麥,進口總值(含復進口),6,2289
2020-5,39095000,聚胺基甲酸乙酯，初級狀態,日本,進口總值(含復進口),1197,174950
2020-5,39095000,聚胺基甲酸乙酯，初級狀態,比利時,進口總值(含復進口),71,11950
2020-5,39095000,聚胺基甲酸乙酯，初級狀態,加拿大,進口總值(含復進口),0,0
2020-5,39095000,聚胺基甲酸乙酯，初級狀態,印度,進口總值(含復進口),81,22400
2020-5,39095000,聚胺基甲酸乙酯，初級狀態,西班牙,進口總值(含復進口),129,26450
2020-5,39095000,聚胺基甲酸乙酯，初級狀態,希臘,進口總值(含復進口),31,12600
2020-5,39095000,聚胺基甲酸乙酯，初級狀態,法國,進口總值(含復進口),116,12120
2020-5,39095000,聚胺基甲酸乙酯，初級狀態,南韓,進口總值(含復進口),161,70272
2020-5,39095000,聚胺基甲酸乙酯，初級狀態,美國,進口總值(含復進口),2373,282348
2020-5,39095000,聚胺基甲酸乙酯，初級狀態,英國,進口總值(含復進口),13,2400
2020-5,39095000,聚胺基甲酸乙酯，初級狀態,馬來西亞,進口總值(含復進口),235,43286
2020-5,39095000,聚胺基甲酸乙酯，初級狀態,荷蘭,進口總值(含復進口),124,20286
2020-5,39095000,聚胺基甲酸乙酯，初級狀態,新加坡,進口總值(含復進口),121,39899
2020-5,39095000,聚胺基甲酸乙酯，初級狀態,義大利,進口總值(含復進口),178,27560
2020-5,39095000,聚胺基甲酸乙酯，初級狀態,德國,進口總值(含復進口),1184,170426
2020-5,39095000,聚胺基甲酸乙酯，初級狀態,土耳其,出口總值(含復出口),31,10000
2020-5,39095000,聚胺基甲酸乙酯，初級狀態,中國大陸,出口總值(含復出口),8899,2681795
2020-5,39095000,聚胺基甲酸乙酯，初級狀態,巴西,出口總值(含復出口),81,18840
2020-5,39095000,聚胺基甲酸乙酯，初級狀態,巴基斯坦,出口總值(含復出口),3,1026
2020-5,39095000,聚胺基甲酸乙酯，初級狀態,日本,出口總值(含復出口),205,45561
2020-5,39095000,聚胺基甲酸乙酯，初級狀態,比利時,出口總值(含復出口),385,134400
2020-5,39095000,聚胺基甲酸乙酯，初級狀態,卡達,出口總值(含復出口),70,17000
2020-5,39095000,聚胺基甲酸乙酯，初級狀態,印尼,出口總值(含復出口),613,171833
2020-5,39095000,聚胺基甲酸乙酯，初級狀態,印度,出口總值(含復出口),708,292456
2020-5,39095000,聚胺基甲酸乙酯，初級狀態,孟加拉,出口總值(含復出口),83,30930
2020-5,39095000,聚胺基甲酸乙酯，初級狀態,俄羅斯,出口總值(含復出口),77,29550
2020-5,39095000,聚胺基甲酸乙酯，初級狀態,南韓,出口總值(含復出口),166,49160
2020-5,39095000,聚胺基甲酸乙酯，初級狀態,美國,出口總值(含復出口),121,18000
2020-5,39095000,聚胺基甲酸乙酯，初級狀態,香港,出口總值(含復出口),983,224661
2020-5,39095000,聚胺基甲酸乙酯，初級狀態,泰國,出口總值(含復出口),419,173998
2020-5,39095000,聚胺基甲酸乙酯，初級狀態,馬來西亞,出口總值(含復出口),267,112924
2020-5,39095000,聚胺基甲酸乙酯，初級狀態,荷蘭,出口總值(含復出口),775,159520
2020-5,39095000,聚胺基甲酸乙酯，初級狀態,斯洛維尼亞,出口總值(含復出口),11,3000
2020-5,39095000,聚胺基甲酸乙酯，初級狀態,智利,出口總值(含復出口),17,4000
2020-5,39095000,聚胺基甲酸乙酯，初級狀態,菲律賓,出口總值(含復出口),10,4390
2020-5,39095000,聚胺基甲酸乙酯，初級狀態,越南,出口總值(含復出口),5651,1417520
2020-5,39095000,聚胺基甲酸乙酯，初級狀態,新加坡,出口總值(含復出口),75,19225
2020-5,39095000,聚胺基甲酸乙酯，初級狀態,瑞典,出口總值(含復出口),4,1000
2020-5,39095000,聚胺基甲酸乙酯，初級狀態,義大利,出口總值(含復出口),148,60000
2020-5,39095000,聚胺基甲酸乙酯，初級狀態,德國,出口總值(含復出口),68,17573
2020-5,39095000,聚胺基甲酸乙酯，初級狀態,澳大利亞,出口總值(含復出口),36,10800
2020-5,39095000,聚胺基甲酸乙酯，初級狀態,蘇丹,出口總值(含復出口),19,7380
2020-5,39100010,矽油,中國大陸,進口總值(含復進口),2059,810277
2020-5,39100010,矽油,日本,進口總值(含復進口),3007,345371
2020-5,39100010,矽油,加拿大,進口總值(含復進口),20,1054
2020-5,39100010,矽油,西班牙,進口總值(含復進口),19,7200
2020-5,39100010,矽油,法國,進口總值(含復進口),97,17225
2020-5,39100010,矽油,南韓,進口總值(含復進口),33,1071
2020-5,39100010,矽油,美國,進口總值(含復進口),408,37311
2020-5,39100010,矽油,英國,進口總值(含復進口),19,360
2020-5,39100010,矽油,泰國,進口總值(含復進口),329,95030
2020-5,39100010,矽油,義大利,進口總值(含復進口),0,10
2020-5,39100010,矽油,德國,進口總值(含復進口),195,10330
2020-5,39100010,矽油,中國大陸,出口總值(含復出口),1222,143198
2020-5,39100010,矽油,瓜地馬拉,出口總值(含復出口),47,14400
2020-5,39100010,矽油,孟加拉,出口總值(含復出口),14,23280
2020-5,39100010,矽油,香港,出口總值(含復出口),9,1120
2020-5,39100010,矽油,泰國,出口總值(含復出口),6,1500
2020-5,39100010,矽油,越南,出口總值(含復出口),54,17140
2020-5,39100010,矽油,墨西哥,出口總值(含復出口),0,9
2020-5,39111010,石油樹脂,中國大陸,進口總值(含復進口),791,453600
2020-5,39111010,石油樹脂,日本,進口總值(含復進口),703,280150
2020-5,39111010,石油樹脂,法國,進口總值(含復進口),265,101500
2020-5,39111010,石油樹脂,南韓,進口總值(含復進口),115,49300
2020-5,39111010,石油樹脂,美國,進口總值(含復進口),297,147049
2020-5,39111010,石油樹脂,泰國,進口總值(含復進口),416,226000
2020-5,39111010,石油樹脂,新加坡,進口總值(含復進口),283,147125
2020-5,39111010,石油樹脂,土耳其,出口總值(含復出口),66,48000
2020-5,39111010,石油樹脂,中國大陸,出口總值(含復出口),2208,1445843
2020-5,39111010,石油樹脂,巴西,出口總值(含復出口),22,14000
2020-5,39111010,石油樹脂,日本,出口總值(含復出口),387,263250
2020-5,39111010,石油樹脂,加拿大,出口總值(含復出口),95,73000
2020-5,39111010,石油樹脂,印尼,出口總值(含復出口),152,120300
2020-5,39111010,石油樹脂,印度,出口總值(含復出口),78,59400
2020-5,39111010,石油樹脂,希臘,出口總值(含復出口),17,16000
2020-5,39111010,石油樹脂,沙烏地阿拉伯,出口總值(含復出口),123,96000
2020-5,39111010,石油樹脂,孟加拉,出口總值(含復出口),44,51000
2020-5,39111010,石油樹脂,波蘭,出口總值(含復出口),222,112000
2020-5,39111010,石油樹脂,法國,出口總值(含復出口),41,32000
2020-5,39111010,石油樹脂,阿曼,出口總值(含復出口),7,6000
2020-5,39111010,石油樹脂,俄羅斯,出口總值(含復出口),34,17000
2020-5,39111010,石油樹脂,南韓,出口總值(含復出口),126,108000
2020-5,39111010,石油樹脂,美國,出口總值(含復出口),516,307000
2020-5,39111010,石油樹脂,英國,出口總值(含復出口),77,70000
2020-5,39111010,石油樹脂,香港,出口總值(含復出口),6,2000
2020-5,39111010,石油樹脂,泰國,出口總值(含復出口),86,70000
2020-5,39111010,石油樹脂,馬來西亞,出口總值(含復出口),163,117500
2020-5,39111010,石油樹脂,荷蘭,出口總值(含復出口),46,50000
2020-5,39111010,石油樹脂,菲律賓,出口總值(含復出口),18,10000
2020-5,39111010,石油樹脂,越南,出口總值(含復出口),293,203380
2020-5,39111010,石油樹脂,義大利,出口總值(含復出口),67,38750
2020-5,39111010,石油樹脂,德國,出口總值(含復出口),181,93250
2020-5,39111010,石油樹脂,澳大利亞,出口總值(含復出口),138,105000
2020-5,39219010,玻璃纖維強化塑膠板、片及扁條,土耳其,進口總值(含復進口),23,127
2020-5,39219010,玻璃纖維強化塑膠板、片及扁條,中國大陸,進口總值(含復進口),185,29010
2020-5,39219010,玻璃纖維強化塑膠板、片及扁條,中華民國,進口總值(含復進口),0,1
2020-5,39219010,玻璃纖維強化塑膠板、片及扁條,日本,進口總值(含復進口),1085,6412
2020-5,39219010,玻璃纖維強化塑膠板、片及扁條,南韓,進口總值(含復進口),1574,62837
2020-5,39219010,玻璃纖維強化塑膠板、片及扁條,美國,進口總值(含復進口),199,10575
2020-5,39219010,玻璃纖維強化塑膠板、片及扁條,英國,進口總值(含復進口),2,83
2020-5,39219010,玻璃纖維強化塑膠板、片及扁條,香港,進口總值(含復進口),46,289
2020-5,39219010,玻璃纖維強化塑膠板、片及扁條,泰國,進口總值(含復進口),48,7074
2020-5,39219010,玻璃纖維強化塑膠板、片及扁條,奧地利,進口總值(含復進口),9,201
2020-5,39219010,玻璃纖維強化塑膠板、片及扁條,愛爾蘭,進口總值(含復進口),11,177
2020-5,39219010,玻璃纖維強化塑膠板、片及扁條,德國,進口總值(含復進口),49,5372
2020-5,39219010,玻璃纖維強化塑膠板、片及扁條,墨西哥,進口總值(含復進口),15,200
2020-5,39219010,玻璃纖維強化塑膠板、片及扁條,中國大陸,出口總值(含復出口),457,8790
2020-5,39219010,玻璃纖維強化塑膠板、片及扁條,日本,出口總值(含復出口),410,64570
2020-5,39219010,玻璃纖維強化塑膠板、片及扁條,北馬里亞納群島,出口總值(含復出口),5,1558
2020-5,39219010,玻璃纖維強化塑膠板、片及扁條,伊朗,出口總值(含復出口),27,2653
2020-5,39219010,玻璃纖維強化塑膠板、片及扁條,印尼,出口總值(含復出口),25,1066
2020-5,39219010,玻璃纖維強化塑膠板、片及扁條,印度,出口總值(含復出口),2,323
2020-5,39219010,玻璃纖維強化塑膠板、片及扁條,沙烏地阿拉伯,出口總值(含復出口),65,12145
2020-5,39219010,玻璃纖維強化塑膠板、片及扁條,南韓,出口總值(含復出口),273,42242
2020-5,39219010,玻璃纖維強化塑膠板、片及扁條,美國,出口總值(含復出口),254,42149
2020-5,39219010,玻璃纖維強化塑膠板、片及扁條,香港,出口總值(含復出口),3,677
2020-5,39219010,玻璃纖維強化塑膠板、片及扁條,泰國,出口總值(含復出口),145,26414
2020-5,39219010,玻璃纖維強化塑膠板、片及扁條,密克羅尼西亞,出口總值(含復出口),3,797
2020-5,39219010,玻璃纖維強化塑膠板、片及扁條,荷蘭,出口總值(含復出口),2,186
2020-5,39219010,玻璃纖維強化塑膠板、片及扁條,越南,出口總值(含復出口),255,32380
2020-5,39219010,玻璃纖維強化塑膠板、片及扁條,新加坡,出口總值(含復出口),16,2276
2020-5,39219010,玻璃纖維強化塑膠板、片及扁條,義大利,出口總值(含復出口),73,14512
2020-5,39219010,玻璃纖維強化塑膠板、片及扁條,德國,出口總值(含復出口),186,24228
2020-5,39219010,玻璃纖維強化塑膠板、片及扁條,墨西哥,出口總值(含復出口),12,1575
2020-5,39219010,玻璃纖維強化塑膠板、片及扁條,關島,出口總值(含復出口),9,3135
2020-6,39095000,聚胺基甲酸乙酯，初級狀態,中國大陸,進口總值(含復進口),3254,1094098
2020-6,39095000,聚胺基甲酸乙酯，初級狀態,中華民國,進口總值(含復進口),75,16074
2020-6,39095000,聚胺基甲酸乙酯，初級狀態,巴西,進口總值(含復進口),22,7080
2020-6,39095000,聚胺基甲酸乙酯，初級狀態,日本,進口總值(含復進口),422,43781
2020-6,39095000,聚胺基甲酸乙酯，初級狀態,比利時,進口總值(含復進口),3,200
2020-6,39095000,聚胺基甲酸乙酯，初級狀態,印度,進口總值(含復進口),81,22400
2020-6,39095000,聚胺基甲酸乙酯，初級狀態,西班牙,進口總值(含復進口),127,19200
2020-6,39095000,聚胺基甲酸乙酯，初級狀態,法國,進口總值(含復進口),274,25325
2020-6,39095000,聚胺基甲酸乙酯，初級狀態,南韓,進口總值(含復進口),271,120792
2020-6,39095000,聚胺基甲酸乙酯，初級狀態,美國,進口總值(含復進口),1737,193773
2020-6,39095000,聚胺基甲酸乙酯，初級狀態,英國,進口總值(含復進口),13,3600
2020-6,39095000,聚胺基甲酸乙酯，初級狀態,馬來西亞,進口總值(含復進口),55,22500
2020-6,39095000,聚胺基甲酸乙酯，初級狀態,荷蘭,進口總值(含復進口),13,1680
2020-6,39095000,聚胺基甲酸乙酯，初級狀態,奧地利,進口總值(含復進口),0,50
2020-6,39095000,聚胺基甲酸乙酯，初級狀態,新加坡,進口總值(含復進口),17,2141
2020-6,39095000,聚胺基甲酸乙酯，初級狀態,義大利,進口總值(含復進口),82,27309
2020-6,39095000,聚胺基甲酸乙酯，初級狀態,德國,進口總值(含復進口),1315,246393
2020-6,39095000,聚胺基甲酸乙酯，初級狀態,土耳其,出口總值(含復出口),29,13580
2020-6,39095000,聚胺基甲酸乙酯，初級狀態,中國大陸,出口總值(含復出口),7962,2167743
2020-6,39095000,聚胺基甲酸乙酯，初級狀態,巴西,出口總值(含復出口),18,8000
2020-6,39095000,聚胺基甲酸乙酯，初級狀態,日本,出口總值(含復出口),102,27009
2020-6,39095000,聚胺基甲酸乙酯，初級狀態,比利時,出口總值(含復出口),28,12600
2020-6,39095000,聚胺基甲酸乙酯，初級狀態,印尼,出口總值(含復出口),272,85440
2020-6,39095000,聚胺基甲酸乙酯，初級狀態,印度,出口總值(含復出口),77,42200
2020-6,39095000,聚胺基甲酸乙酯，初級狀態,孟加拉,出口總值(含復出口),13,2000
2020-6,39095000,聚胺基甲酸乙酯，初級狀態,阿拉伯聯合大公國,出口總值(含復出口),43,12600
2020-6,39095000,聚胺基甲酸乙酯，初級狀態,阿根廷,出口總值(含復出口),3,600
2020-6,39095000,聚胺基甲酸乙酯，初級狀態,南韓,出口總值(含復出口),202,61272
2020-6,39095000,聚胺基甲酸乙酯，初級狀態,柬埔寨,出口總值(含復出口),2,117
2020-6,39095000,聚胺基甲酸乙酯，初級狀態,約旦,出口總值(含復出口),17,17000
2020-6,39095000,聚胺基甲酸乙酯，初級狀態,美國,出口總值(含復出口),178,19090
2020-6,39095000,聚胺基甲酸乙酯，初級狀態,香港,出口總值(含復出口),754,174380
2020-6,39095000,聚胺基甲酸乙酯，初級狀態,哥倫比亞,出口總值(含復出口),13,4300
2020-6,39095000,聚胺基甲酸乙酯，初級狀態,泰國,出口總值(含復出口),232,77220
2020-6,39095000,聚胺基甲酸乙酯，初級狀態,馬來西亞,出口總值(含復出口),221,81766
2020-6,39095000,聚胺基甲酸乙酯，初級狀態,荷蘭,出口總值(含復出口),397,82000
2020-6,39095000,聚胺基甲酸乙酯，初級狀態,菲律賓,出口總值(含復出口),75,29640
2020-6,39095000,聚胺基甲酸乙酯，初級狀態,越南,出口總值(含復出口),5105,1484376
2020-6,39095000,聚胺基甲酸乙酯，初級狀態,新加坡,出口總值(含復出口),33,10400
2020-6,39095000,聚胺基甲酸乙酯，初級狀態,義大利,出口總值(含復出口),78,30000
2020-6,39095000,聚胺基甲酸乙酯，初級狀態,德國,出口總值(含復出口),75,17250
2020-6,39095000,聚胺基甲酸乙酯，初級狀態,緬甸,出口總值(含復出口),8,540
2020-6,39095000,聚胺基甲酸乙酯，初級狀態,墨西哥,出口總值(含復出口),10,3220
2020-6,39095000,聚胺基甲酸乙酯，初級狀態,澳大利亞,出口總值(含復出口),61,13860
2020-6,39100010,矽油,中國大陸,進口總值(含復進口),1374,573212
2020-6,39100010,矽油,日本,進口總值(含復進口),1200,216091
2020-6,39100010,矽油,比利時,進口總值(含復進口),1,260
2020-6,39100010,矽油,印度,進口總值(含復進口),28,2520
2020-6,39100010,矽油,南韓,進口總值(含復進口),30,1099
2020-6,39100010,矽油,美國,進口總值(含復進口),400,51384
2020-6,39100010,矽油,英國,進口總值(含復進口),3,27
2020-6,39100010,矽油,泰國,進口總值(含復進口),108,30960
2020-6,39100010,矽油,義大利,進口總值(含復進口),62,19500
2020-6,39100010,矽油,德國,進口總值(含復進口),169,21910
2020-6,39100010,矽油,中國大陸,出口總值(含復出口),582,87875
2020-6,39100010,矽油,史瓦帝尼,出口總值(含復出口),1,200
2020-6,39100010,矽油,瓜地馬拉,出口總值(含復出口),45,14400
2020-6,39100010,矽油,印尼,出口總值(含復出口),9,720
2020-6,39100010,矽油,泰國,出口總值(含復出口),7,100
2020-6,39100010,矽油,馬來西亞,出口總值(含復出口),18,2400
2020-6,39100010,矽油,越南,出口總值(含復出口),26,2540
2020-6,39111010,石油樹脂,中國大陸,進口總值(含復進口),622,319175
2020-6,39111010,石油樹脂,日本,進口總值(含復進口),618,271560
2020-6,39111010,石油樹脂,法國,進口總值(含復進口),122,48000
2020-6,39111010,石油樹脂,南韓,進口總值(含復進口),33,22000
2020-6,39111010,石油樹脂,美國,進口總值(含復進口),210,105749
2020-6,39111010,石油樹脂,泰國,進口總值(含復進口),104,55500
2020-6,39111010,石油樹脂,荷蘭,進口總值(含復進口),7,2000
2020-6,39111010,石油樹脂,新加坡,進口總值(含復進口),114,56125
2020-6,39111010,石油樹脂,土耳其,出口總值(含復出口),17,16000
2020-6,39111010,石油樹脂,中國大陸,出口總值(含復出口),1799,1335922
2020-6,39111010,石油樹脂,巴西,出口總值(含復出口),46,41000
2020-6,39111010,石油樹脂,日本,出口總值(含復出口),432,290000
2020-6,39111010,石油樹脂,加拿大,出口總值(含復出口),38,30000
2020-6,39111010,石油樹脂,匈牙利,出口總值(含復出口),40,32000
2020-6,39111010,石油樹脂,印尼,出口總值(含復出口),88,71650
2020-6,39111010,石油樹脂,印度,出口總值(含復出口),138,153500
2020-6,39111010,石油樹脂,沙烏地阿拉伯,出口總值(含復出口),20,16000
2020-6,39111010,石油樹脂,孟加拉,出口總值(含復出口),55,44000
2020-6,39111010,石油樹脂,波蘭,出口總值(含復出口),240,153000
2020-6,39111010,石油樹脂,法國,出口總值(含復出口),51,50000
2020-6,39111010,石油樹脂,俄羅斯,出口總值(含復出口),28,19000
2020-6,39111010,石油樹脂,南韓,出口總值(含復出口),54,39000
2020-6,39111010,石油樹脂,美國,出口總值(含復出口),424,281000
2020-6,39111010,石油樹脂,英國,出口總值(含復出口),26,24000
2020-6,39111010,石油樹脂,香港,出口總值(含復出口),6,2540
2020-6,39111010,石油樹脂,泰國,出口總值(含復出口),233,187000
2020-6,39111010,石油樹脂,馬來西亞,出口總值(含復出口),185,140000
2020-6,39111010,石油樹脂,荷蘭,出口總值(含復出口),78,64000
2020-6,39111010,石油樹脂,菲律賓,出口總值(含復出口),45,37000
2020-6,39111010,石油樹脂,越南,出口總值(含復出口),327,191990
2020-6,39111010,石油樹脂,新加坡,出口總值(含復出口),31,32000
2020-6,39111010,石油樹脂,瑞典,出口總值(含復出口),55,48000
2020-6,39111010,石油樹脂,義大利,出口總值(含復出口),22,14000
2020-6,39111010,石油樹脂,德國,出口總值(含復出口),122,60500
2020-6,39111010,石油樹脂,緬甸,出口總值(含復出口),27,19000
2020-6,39111010,石油樹脂,澳大利亞,出口總值(含復出口),68,60000
2020-6,39219010,玻璃纖維強化塑膠板、片及扁條,土耳其,進口總值(含復進口),69,24430
2020-6,39219010,玻璃纖維強化塑膠板、片及扁條,中國大陸,進口總值(含復進口),245,72379
2020-6,39219010,玻璃纖維強化塑膠板、片及扁條,日本,進口總值(含復進口),1320,16892
2020-6,39219010,玻璃纖維強化塑膠板、片及扁條,匈牙利,進口總值(含復進口),1,13
2020-6,39219010,玻璃纖維強化塑膠板、片及扁條,法國,進口總值(含復進口),30,2014
2020-6,39219010,玻璃纖維強化塑膠板、片及扁條,南韓,進口總值(含復進口),1203,11801
2020-6,39219010,玻璃纖維強化塑膠板、片及扁條,美國,進口總值(含復進口),43,5884
2020-6,39219010,玻璃纖維強化塑膠板、片及扁條,香港,進口總值(含復進口),21,136
2020-6,39219010,玻璃纖維強化塑膠板、片及扁條,泰國,進口總值(含復進口),41,6960
2020-6,39219010,玻璃纖維強化塑膠板、片及扁條,奧地利,進口總值(含復進口),2,45
2020-6,39219010,玻璃纖維強化塑膠板、片及扁條,德國,進口總值(含復進口),0,16
2020-6,39219010,玻璃纖維強化塑膠板、片及扁條,墨西哥,進口總值(含復進口),10,122
2020-6,39219010,玻璃纖維強化塑膠板、片及扁條,羅馬尼亞,進口總值(含復進口),22,799
2020-6,39219010,玻璃纖維強化塑膠板、片及扁條,中國大陸,出口總值(含復出口),399,6885
2020-6,39219010,玻璃纖維強化塑膠板、片及扁條,日本,出口總值(含復出口),84,13939
2020-6,39219010,玻璃纖維強化塑膠板、片及扁條,印度,出口總值(含復出口),100,13144
2020-6,39219010,玻璃纖維強化塑膠板、片及扁條,南韓,出口總值(含復出口),132,19559
2020-6,39219010,玻璃纖維強化塑膠板、片及扁條,美國,出口總值(含復出口),45,16567
2020-6,39219010,玻璃纖維強化塑膠板、片及扁條,香港,出口總值(含復出口),4,136
2020-6,39219010,玻璃纖維強化塑膠板、片及扁條,泰國,出口總值(含復出口),197,27656
2020-6,39219010,玻璃纖維強化塑膠板、片及扁條,馬來西亞,出口總值(含復出口),122,24418
2020-6,39219010,玻璃纖維強化塑膠板、片及扁條,菲律賓,出口總值(含復出口),41,3622
2020-6,39219010,玻璃纖維強化塑膠板、片及扁條,越南,出口總值(含復出口),123,14540
2020-6,39219010,玻璃纖維強化塑膠板、片及扁條,瑞士,出口總值(含復出口),9,437
2020-6,39219010,玻璃纖維強化塑膠板、片及扁條,德國,出口總值(含復出口),107,15362
2020-7,39095000,聚胺基甲酸乙酯，初級狀態,中國大陸,進口總值(含復進口),2194,684708
2020-7,39095000,聚胺基甲酸乙酯，初級狀態,日本,進口總值(含復進口),740,117515
2020-7,39095000,聚胺基甲酸乙酯，初級狀態,比利時,進口總值(含復進口),5,550
2020-7,39095000,聚胺基甲酸乙酯，初級狀態,加拿大,進口總值(含復進口),27,1264
2020-7,39095000,聚胺基甲酸乙酯，初級狀態,印度,進口總值(含復進口),118,34400
2020-7,39095000,聚胺基甲酸乙酯，初級狀態,西班牙,進口總值(含復進口),212,26400
2020-7,39095000,聚胺基甲酸乙酯，初級狀態,法國,進口總值(含復進口),80,7870
2020-7,39095000,聚胺基甲酸乙酯，初級狀態,南韓,進口總值(含復進口),212,75405
2020-7,39095000,聚胺基甲酸乙酯，初級狀態,美國,進口總值(含復進口),1389,152112
2020-7,39095000,聚胺基甲酸乙酯，初級狀態,英國,進口總值(含復進口),26,4800
2020-7,39095000,聚胺基甲酸乙酯，初級狀態,荷蘭,進口總值(含復進口),59,13640
2020-7,39095000,聚胺基甲酸乙酯，初級狀態,越南,進口總值(含復進口),15,3456
2020-7,39095000,聚胺基甲酸乙酯，初級狀態,新加坡,進口總值(含復進口),131,42339
2020-7,39095000,聚胺基甲酸乙酯，初級狀態,義大利,進口總值(含復進口),4,1200
2020-7,39095000,聚胺基甲酸乙酯，初級狀態,德國,進口總值(含復進口),609,90404
2020-7,39095000,聚胺基甲酸乙酯，初級狀態,澳大利亞,進口總值(含復進口),11,1350
2020-7,39095000,聚胺基甲酸乙酯，初級狀態,土耳其,出口總值(含復出口),80,21500
2020-7,39095000,聚胺基甲酸乙酯，初級狀態,中國大陸,出口總值(含復出口),9794,2871298
2020-7,39095000,聚胺基甲酸乙酯，初級狀態,巴西,出口總值(含復出口),55,13200
2020-7,39095000,聚胺基甲酸乙酯，初級狀態,巴林,出口總值(含復出口),8,2880
2020-7,39095000,聚胺基甲酸乙酯，初級狀態,巴基斯坦,出口總值(含復出口),27,10800
2020-7,39095000,聚胺基甲酸乙酯，初級狀態,日本,出口總值(含復出口),178,42323
2020-7,39095000,聚胺基甲酸乙酯，初級狀態,比利時,出口總值(含復出口),27,12600
2020-7,39095000,聚胺基甲酸乙酯，初級狀態,白俄羅斯,出口總值(含復出口),4,743
2020-7,39095000,聚胺基甲酸乙酯，初級狀態,印尼,出口總值(含復出口),872,265575
2020-7,39095000,聚胺基甲酸乙酯，初級狀態,印度,出口總值(含復出口),427,174931
2020-7,39095000,聚胺基甲酸乙酯，初級狀態,西班牙,出口總值(含復出口),75,15000
2020-7,39095000,聚胺基甲酸乙酯，初級狀態,孟加拉,出口總值(含復出口),108,39800
2020-7,39095000,聚胺基甲酸乙酯，初級狀態,法國,出口總值(含復出口),10,2205
2020-7,39095000,聚胺基甲酸乙酯，初級狀態,肯亞,出口總值(含復出口),14,774
2020-7,39095000,聚胺基甲酸乙酯，初級狀態,阿根廷,出口總值(含復出口),64,18500
2020-7,39095000,聚胺基甲酸乙酯，初級狀態,南韓,出口總值(含復出口),346,85760
2020-7,39095000,聚胺基甲酸乙酯，初級狀態,柬埔寨,出口總值(含復出口),14,3130
2020-7,39095000,聚胺基甲酸乙酯，初級狀態,美國,出口總值(含復出口),184,39600
2020-7,39095000,聚胺基甲酸乙酯，初級狀態,香港,出口總值(含復出口),814,183185
2020-7,39095000,聚胺基甲酸乙酯，初級狀態,泰國,出口總值(含復出口),633,233112
2020-7,39095000,聚胺基甲酸乙酯，初級狀態,烏拉圭,出口總值(含復出口),3,1000
2020-7,39095000,聚胺基甲酸乙酯，初級狀態,馬來西亞,出口總值(含復出口),338,125528
2020-7,39095000,聚胺基甲酸乙酯，初級狀態,荷蘭,出口總值(含復出口),23,5800
2020-7,39095000,聚胺基甲酸乙酯，初級狀態,菲律賓,出口總值(含復出口),61,21620
2020-7,39095000,聚胺基甲酸乙酯，初級狀態,越南,出口總值(含復出口),6886,1978995
2020-7,39095000,聚胺基甲酸乙酯，初級狀態,新加坡,出口總值(含復出口),77,24250
2020-7,39095000,聚胺基甲酸乙酯，初級狀態,瑞典,出口總值(含復出口),22,5650
2020-7,39095000,聚胺基甲酸乙酯，初級狀態,德國,出口總值(含復出口),7,1500
2020-7,39095000,聚胺基甲酸乙酯，初級狀態,緬甸,出口總值(含復出口),11,4000
2020-7,39095000,聚胺基甲酸乙酯，初級狀態,墨西哥,出口總值(含復出口),45,15000
2020-7,39095000,聚胺基甲酸乙酯，初級狀態,澳大利亞,出口總值(含復出口),38,6920
2020-7,39100010,矽油,中國大陸,進口總值(含復進口),1083,455368
2020-7,39100010,矽油,日本,進口總值(含復進口),881,206756
2020-7,39100010,矽油,比利時,進口總值(含復進口),0,40
2020-7,39100010,矽油,加拿大,進口總值(含復進口),7,420
2020-7,39100010,矽油,法國,進口總值(含復進口),4,500
2020-7,39100010,矽油,南韓,進口總值(含復進口),70,3591
2020-7,39100010,矽油,美國,進口總值(含復進口),504,69413
2020-7,39100010,矽油,英國,進口總值(含復進口),44,15740
2020-7,39100010,矽油,泰國,進口總值(含復進口),212,80440
2020-7,39100010,矽油,瑞士,進口總值(含復進口),2,5
2020-7,39100010,矽油,義大利,進口總值(含復進口),0,5
2020-7,39100010,矽油,德國,進口總值(含復進口),240,13661
2020-7,39100010,矽油,中國大陸,出口總值(含復出口),736,89775
2020-7,39100010,矽油,丹麥,出口總值(含復出口),5,275
2020-7,39100010,矽油,印度,出口總值(含復出口),6,870
2020-7,39100010,矽油,孟加拉,出口總值(含復出口),13,12000
2020-7,39100010,矽油,哥斯大黎加,出口總值(含復出口),0,102
2020-7,39100010,矽油,紐西蘭,出口總值(含復出口),0,20
2020-7,39100010,矽油,馬來西亞,出口總值(含復出口),36,4960
2020-7,39100010,矽油,越南,出口總值(含復出口),12,900
2020-7,39100010,矽油,緬甸,出口總值(含復出口),5,1600
2020-7,39111010,石油樹脂,中國大陸,進口總值(含復進口),782,492400
2020-7,39111010,石油樹脂,日本,進口總值(含復進口),379,163670
2020-7,39111010,石油樹脂,法國,進口總值(含復進口),25,6875
2020-7,39111010,石油樹脂,南韓,進口總值(含復進口),81,48000
2020-7,39111010,石油樹脂,美國,進口總值(含復進口),84,34937
2020-7,39111010,石油樹脂,泰國,進口總值(含復進口),157,81000
2020-7,39111010,石油樹脂,荷蘭,進口總值(含復進口),57,20000
2020-7,39111010,石油樹脂,新加坡,進口總值(含復進口),194,96675
2020-7,39111010,石油樹脂,土耳其,出口總值(含復出口),355,321000
2020-7,39111010,石油樹脂,中國大陸,出口總值(含復出口),2109,1259603
2020-7,39111010,石油樹脂,厄瓜多,出口總值(含復出口),21,16000
2020-7,39111010,石油樹脂,巴西,出口總值(含復出口),137,94000
2020-7,39111010,石油樹脂,日本,出口總值(含復出口),353,250300
2020-7,39111010,石油樹脂,加拿大,出口總值(含復出口),204,188000
2020-7,39111010,石油樹脂,印尼,出口總值(含復出口),217,166900
2020-7,39111010,石油樹脂,印度,出口總值(含復出口),495,612400
2020-7,39111010,石油樹脂,西班牙,出口總值(含復出口),140,70000
2020-7,39111010,石油樹脂,沙烏地阿拉伯,出口總值(含復出口),66,56000
2020-7,39111010,石油樹脂,孟加拉,出口總值(含復出口),156,179000
2020-7,39111010,石油樹脂,波蘭,出口總值(含復出口),175,108750
2020-7,39111010,石油樹脂,法國,出口總值(含復出口),165,141000
2020-7,39111010,石油樹脂,阿根廷,出口總值(含復出口),20,16000
2020-7,39111010,石油樹脂,俄羅斯,出口總值(含復出口),92,80000
2020-7,39111010,石油樹脂,南非,出口總值(含復出口),19,19000
2020-7,39111010,石油樹脂,南韓,出口總值(含復出口),153,125000
2020-7,39111010,石油樹脂,柬埔寨,出口總值(含復出口),1,250
2020-7,39111010,石油樹脂,美國,出口總值(含復出口),706,511625
2020-7,39111010,石油樹脂,英國,出口總值(含復出口),98,85000
2020-7,39111010,石油樹脂,香港,出口總值(含復出口),13,4000
2020-7,39111010,石油樹脂,泰國,出口總值(含復出口),131,97000
2020-7,39111010,石油樹脂,馬來西亞,出口總值(含復出口),294,232500
2020-7,39111010,石油樹脂,荷蘭,出口總值(含復出口),104,119000
2020-7,39111010,石油樹脂,斯里蘭卡,出口總值(含復出口),10,6000
2020-7,39111010,石油樹脂,菲律賓,出口總值(含復出口),18,19500
2020-7,39111010,石油樹脂,越南,出口總值(含復出口),551,343360
2020-7,39111010,石油樹脂,新加坡,出口總值(含復出口),12,10000
2020-7,39111010,石油樹脂,瑞典,出口總值(含復出口),21,25000
2020-7,39111010,石油樹脂,義大利,出口總值(含復出口),41,32000
2020-7,39111010,石油樹脂,德國,出口總值(含復出口),120,61500
2020-7,39111010,石油樹脂,緬甸,出口總值(含復出口),77,70000
2020-7,39111010,石油樹脂,澳大利亞,出口總值(含復出口),147,121000
2020-7,39219010,玻璃纖維強化塑膠板、片及扁條,中國大陸,進口總值(含復進口),402,84811
2020-7,39219010,玻璃纖維強化塑膠板、片及扁條,中華民國,進口總值(含復進口),0,6
2020-7,39219010,玻璃纖維強化塑膠板、片及扁條,日本,進口總值(含復進口),1246,15581
2020-7,39219010,玻璃纖維強化塑膠板、片及扁條,匈牙利,進口總值(含復進口),1,19
2020-7,39219010,玻璃纖維強化塑膠板、片及扁條,法國,進口總值(含復進口),108,7847
2020-7,39219010,玻璃纖維強化塑膠板、片及扁條,南韓,進口總值(含復進口),1441,81003
2020-7,39219010,玻璃纖維強化塑膠板、片及扁條,美國,進口總值(含復進口),153,10490
2020-7,39219010,玻璃纖維強化塑膠板、片及扁條,英國,進口總值(含復進口),11,586
2020-7,39219010,玻璃纖維強化塑膠板、片及扁條,香港,進口總值(含復進口),89,587
2020-7,39219010,玻璃纖維強化塑膠板、片及扁條,泰國,進口總值(含復進口),88,15080
2020-7,39219010,玻璃纖維強化塑膠板、片及扁條,愛爾蘭,進口總值(含復進口),31,507
2020-7,39219010,玻璃纖維強化塑膠板、片及扁條,德國,進口總值(含復進口),0,15
2020-7,39219010,玻璃纖維強化塑膠板、片及扁條,墨西哥,進口總值(含復進口),13,178
2020-7,39219010,玻璃纖維強化塑膠板、片及扁條,中國大陸,出口總值(含復出口),425,18676
2020-7,39219010,玻璃纖維強化塑膠板、片及扁條,日本,出口總值(含復出口),266,36439
2020-7,39219010,玻璃纖維強化塑膠板、片及扁條,北馬里亞納群島,出口總值(含復出口),14,4326
2020-7,39219010,玻璃纖維強化塑膠板、片及扁條,印尼,出口總值(含復出口),8,319
2020-7,39219010,玻璃纖維強化塑膠板、片及扁條,印度,出口總值(含復出口),77,9107
2020-7,39219010,玻璃纖維強化塑膠板、片及扁條,沙烏地阿拉伯,出口總值(含復出口),60,11096
2020-7,39219010,玻璃纖維強化塑膠板、片及扁條,南韓,出口總值(含復出口),84,8166
2020-7,39219010,玻璃纖維強化塑膠板、片及扁條,美國,出口總值(含復出口),96,16970
2020-7,39219010,玻璃纖維強化塑膠板、片及扁條,英國,出口總值(含復出口),3,91
2020-7,39219010,玻璃纖維強化塑膠板、片及扁條,香港,出口總值(含復出口),43,1268
2020-7,39219010,玻璃纖維強化塑膠板、片及扁條,泰國,出口總值(含復出口),344,54538
2020-7,39219010,玻璃纖維強化塑膠板、片及扁條,馬來西亞,出口總值(含復出口),109,21603
2020-7,39219010,玻璃纖維強化塑膠板、片及扁條,荷蘭,出口總值(含復出口),5,474
2020-7,39219010,玻璃纖維強化塑膠板、片及扁條,菲律賓,出口總值(含復出口),19,1570
2020-7,39219010,玻璃纖維強化塑膠板、片及扁條,越南,出口總值(含復出口),159,16582
2020-7,39219010,玻璃纖維強化塑膠板、片及扁條,義大利,出口總值(含復出口),80,14703
2020-8,39095000,聚胺基甲酸乙酯，初級狀態,中國大陸,進口總值(含復進口),2992,955216
2020-8,39095000,聚胺基甲酸乙酯，初級狀態,中華民國,進口總值(含復進口),196,28019
2020-8,39095000,聚胺基甲酸乙酯，初級狀態,日本,進口總值(含復進口),596,65242
2020-8,39095000,聚胺基甲酸乙酯，初級狀態,比利時,進口總值(含復進口),2,75
2020-8,39095000,聚胺基甲酸乙酯，初級狀態,印度,進口總值(含復進口),99,25600
2020-8,39095000,聚胺基甲酸乙酯，初級狀態,西班牙,進口總值(含復進口),38,3600
2020-8,39095000,聚胺基甲酸乙酯，初級狀態,法國,進口總值(含復進口),131,13950
2020-8,39095000,聚胺基甲酸乙酯，初級狀態,南韓,進口總值(含復進口),92,34878
2020-8,39095000,聚胺基甲酸乙酯，初級狀態,美國,進口總值(含復進口),1549,156280
2020-8,39095000,聚胺基甲酸乙酯，初級狀態,英國,進口總值(含復進口),4,576
2020-8,39095000,聚胺基甲酸乙酯，初級狀態,泰國,進口總值(含復進口),8,3102
2020-8,39095000,聚胺基甲酸乙酯，初級狀態,馬來西亞,進口總值(含復進口),35,7588
2020-8,39095000,聚胺基甲酸乙酯，初級狀態,荷蘭,進口總值(含復進口),57,3650
2020-8,39095000,聚胺基甲酸乙酯，初級狀態,越南,進口總值(含復進口),17,21000
2020-8,39095000,聚胺基甲酸乙酯，初級狀態,新加坡,進口總值(含復進口),116,37715
2020-8,39095000,聚胺基甲酸乙酯，初級狀態,瑞士,進口總值(含復進口),4,200
2020-8,39095000,聚胺基甲酸乙酯，初級狀態,義大利,進口總值(含復進口),99,27487
2020-8,39095000,聚胺基甲酸乙酯，初級狀態,德國,進口總值(含復進口),381,65593
2020-8,39095000,聚胺基甲酸乙酯，初級狀態,澳大利亞,進口總值(含復進口),10,1985
2020-8,39095000,聚胺基甲酸乙酯，初級狀態,土耳其,出口總值(含復出口),319,126880
2020-8,39095000,聚胺基甲酸乙酯，初級狀態,中國大陸,出口總值(含復出口),11076,3187855
2020-8,39095000,聚胺基甲酸乙酯，初級狀態,巴西,出口總值(含復出口),128,45226
2020-8,39095000,聚胺基甲酸乙酯，初級狀態,巴基斯坦,出口總值(含復出口),56,22796
2020-8,39095000,聚胺基甲酸乙酯，初級狀態,日本,出口總值(含復出口),134,37217
2020-8,39095000,聚胺基甲酸乙酯，初級狀態,比利時,出口總值(含復出口),213,68600
2020-8,39095000,聚胺基甲酸乙酯，初級狀態,以色列,出口總值(含復出口),82,7720
2020-8,39095000,聚胺基甲酸乙酯，初級狀態,卡達,出口總值(含復出口),29,8800
2020-8,39095000,聚胺基甲酸乙酯，初級狀態,印尼,出口總值(含復出口),1396,392593
2020-8,39095000,聚胺基甲酸乙酯，初級狀態,印度,出口總值(含復出口),623,259800
2020-8,39095000,聚胺基甲酸乙酯，初級狀態,西班牙,出口總值(含復出口),70,15000
2020-8,39095000,聚胺基甲酸乙酯，初級狀態,沙烏地阿拉伯,出口總值(含復出口),2,600
2020-8,39095000,聚胺基甲酸乙酯，初級狀態,孟加拉,出口總值(含復出口),131,56576
2020-8,39095000,聚胺基甲酸乙酯，初級狀態,法國,出口總值(含復出口),20,4415
2020-8,39095000,聚胺基甲酸乙酯，初級狀態,阿拉伯聯合大公國,出口總值(含復出口),203,68000
2020-8,39095000,聚胺基甲酸乙酯，初級狀態,阿根廷,出口總值(含復出口),73,21600
2020-8,39095000,聚胺基甲酸乙酯，初級狀態,俄羅斯,出口總值(含復出口),36,13680
2020-8,39095000,聚胺基甲酸乙酯，初級狀態,南韓,出口總值(含復出口),337,97552
2020-8,39095000,聚胺基甲酸乙酯，初級狀態,柬埔寨,出口總值(含復出口),14,4000
2020-8,39095000,聚胺基甲酸乙酯，初級狀態,美國,出口總值(含復出口),89,19200
2020-8,39095000,聚胺基甲酸乙酯，初級狀態,香港,出口總值(含復出口),573,169523
2020-8,39095000,聚胺基甲酸乙酯，初級狀態,泰國,出口總值(含復出口),658,244900
2020-8,39095000,聚胺基甲酸乙酯，初級狀態,馬來西亞,出口總值(含復出口),383,163338
2020-8,39095000,聚胺基甲酸乙酯，初級狀態,荷蘭,出口總值(含復出口),147,34000
2020-8,39095000,聚胺基甲酸乙酯，初級狀態,斯里蘭卡,出口總值(含復出口),14,2750
2020-8,39095000,聚胺基甲酸乙酯，初級狀態,菲律賓,出口總值(含復出口),13,1647
2020-8,39095000,聚胺基甲酸乙酯，初級狀態,越南,出口總值(含復出口),9621,2822208
2020-8,39095000,聚胺基甲酸乙酯，初級狀態,新加坡,出口總值(含復出口),80,20481
2020-8,39095000,聚胺基甲酸乙酯，初級狀態,瑞典,出口總值(含復出口),35,9000
2020-8,39095000,聚胺基甲酸乙酯，初級狀態,德國,出口總值(含復出口),9,1500
2020-8,39095000,聚胺基甲酸乙酯，初級狀態,澳大利亞,出口總值(含復出口),3,480
2020-8,39095000,聚胺基甲酸乙酯，初級狀態,蘇丹,出口總值(含復出口),15,5940
2020-8,39100010,矽油,中國大陸,進口總值(含復進口),1139,426973
2020-8,39100010,矽油,日本,進口總值(含復進口),818,93179
2020-8,39100010,矽油,比利時,進口總值(含復進口),1,80
2020-8,39100010,矽油,加拿大,進口總值(含復進口),5,400
2020-8,39100010,矽油,印度,進口總值(含復進口),40,3600
2020-8,39100010,矽油,西班牙,進口總值(含復進口),3,21
2020-8,39100010,矽油,法國,進口總值(含復進口),5,414
2020-8,39100010,矽油,南韓,進口總值(含復進口),31,1114
2020-8,39100010,矽油,美國,進口總值(含復進口),305,36761
2020-8,39100010,矽油,英國,進口總值(含復進口),35,15629
2020-8,39100010,矽油,泰國,進口總值(含復進口),120,33480
2020-8,39100010,矽油,荷蘭,進口總值(含復進口),14,4000
2020-8,39100010,矽油,瑞典,進口總值(含復進口),0,2
2020-8,39100010,矽油,德國,進口總值(含復進口),135,18513
2020-8,39100010,矽油,中國大陸,出口總值(含復出口),1237,109122
2020-8,39100010,矽油,丹麥,出口總值(含復出口),5,275
2020-8,39100010,矽油,印尼,出口總值(含復出口),29,5650
2020-8,39100010,矽油,孟加拉,出口總值(含復出口),18,11000
2020-8,39100010,矽油,香港,出口總值(含復出口),6,380
2020-8,39100010,矽油,越南,出口總值(含復出口),29,6898
2020-8,39111010,石油樹脂,中國大陸,進口總值(含復進口),1115,623600
2020-8,39111010,石油樹脂,日本,進口總值(含復進口),346,144000
2020-8,39111010,石油樹脂,法國,進口總值(含復進口),3,500
2020-8,39111010,石油樹脂,南韓,進口總值(含復進口),52,28100
2020-8,39111010,石油樹脂,美國,進口總值(含復進口),59,20042
2020-8,39111010,石油樹脂,泰國,進口總值(含復進口),129,74000
2020-8,39111010,石油樹脂,新加坡,進口總值(含復進口),89,47250
2020-8,39111010,石油樹脂,土耳其,出口總值(含復出口),278,254000
2020-8,39111010,石油樹脂,中國大陸,出口總值(含復出口),2588,1626579
2020-8,39111010,石油樹脂,巴西,出口總值(含復出口),180,122000
2020-8,39111010,石油樹脂,巴基斯坦,出口總值(含復出口),15,3000
2020-8,39111010,石油樹脂,日本,出口總值(含復出口),512,306500
2020-8,39111010,石油樹脂,印尼,出口總值(含復出口),442,346650
2020-8,39111010,石油樹脂,印度,出口總值(含復出口),211,237000
2020-8,39111010,石油樹脂,西班牙,出口總值(含復出口),326,284000
2020-8,39111010,石油樹脂,希臘,出口總值(含復出口),33,32000
2020-8,39111010,石油樹脂,沙烏地阿拉伯,出口總值(含復出口),58,48000
2020-8,39111010,石油樹脂,孟加拉,出口總值(含復出口),130,124000
2020-8,39111010,石油樹脂,波蘭,出口總值(含復出口),65,66000
2020-8,39111010,石油樹脂,法國,出口總值(含復出口),84,66000
2020-8,39111010,石油樹脂,阿拉伯聯合大公國,出口總值(含復出口),50,41000
2020-8,39111010,石油樹脂,俄羅斯,出口總值(含復出口),157,115000
2020-8,39111010,石油樹脂,南非,出口總值(含復出口),49,43000
2020-8,39111010,石油樹脂,南韓,出口總值(含復出口),91,71000
2020-8,39111010,石油樹脂,柬埔寨,出口總值(含復出口),26,22000
2020-8,39111010,石油樹脂,美國,出口總值(含復出口),483,351825
2020-8,39111010,石油樹脂,英國,出口總值(含復出口),77,66400
2020-8,39111010,石油樹脂,香港,出口總值(含復出口),18,7000
2020-8,39111010,石油樹脂,泰國,出口總值(含復出口),230,172000
2020-8,39111010,石油樹脂,馬來西亞,出口總值(含復出口),270,225000
2020-8,39111010,石油樹脂,荷蘭,出口總值(含復出口),85,100000
2020-8,39111010,石油樹脂,菲律賓,出口總值(含復出口),50,37000
2020-8,39111010,石油樹脂,象牙海岸,出口總值(含復出口),5,4000
2020-8,39111010,石油樹脂,越南,出口總值(含復出口),712,366690
2020-8,39111010,石油樹脂,新加坡,出口總值(含復出口),36,35500
2020-8,39111010,石油樹脂,義大利,出口總值(含復出口),91,54750
2020-8,39111010,石油樹脂,德國,出口總值(含復出口),246,144250
2020-8,39111010,石油樹脂,澳大利亞,出口總值(含復出口),38,31000
2020-8,39219010,玻璃纖維強化塑膠板、片及扁條,中國大陸,進口總值(含復進口),223,33675
2020-8,39219010,玻璃纖維強化塑膠板、片及扁條,日本,進口總值(含復進口),1431,6765
2020-8,39219010,玻璃纖維強化塑膠板、片及扁條,匈牙利,進口總值(含復進口),1,30
2020-8,39219010,玻璃纖維強化塑膠板、片及扁條,南韓,進口總值(含復進口),1201,47644
2020-8,39219010,玻璃纖維強化塑膠板、片及扁條,美國,進口總值(含復進口),73,4171
2020-8,39219010,玻璃纖維強化塑膠板、片及扁條,香港,進口總值(含復進口),42,279
2020-8,39219010,玻璃纖維強化塑膠板、片及扁條,泰國,進口總值(含復進口),40,6960
2020-8,39219010,玻璃纖維強化塑膠板、片及扁條,馬來西亞,進口總值(含復進口),3,110
2020-8,39219010,玻璃纖維強化塑膠板、片及扁條,奧地利,進口總值(含復進口),7,385
2020-8,39219010,玻璃纖維強化塑膠板、片及扁條,愛爾蘭,進口總值(含復進口),20,396
2020-8,39219010,玻璃纖維強化塑膠板、片及扁條,瑞典,進口總值(含復進口),2,10
2020-8,39219010,玻璃纖維強化塑膠板、片及扁條,德國,進口總值(含復進口),17,721
2020-8,39219010,玻璃纖維強化塑膠板、片及扁條,墨西哥,進口總值(含復進口),14,279
2020-8,39219010,玻璃纖維強化塑膠板、片及扁條,中國大陸,出口總值(含復出口),352,12836
2020-8,39219010,玻璃纖維強化塑膠板、片及扁條,日本,出口總值(含復出口),142,16953
2020-8,39219010,玻璃纖維強化塑膠板、片及扁條,瓜地馬拉,出口總值(含復出口),0,37
2020-8,39219010,玻璃纖維強化塑膠板、片及扁條,印尼,出口總值(含復出口),12,743
2020-8,39219010,玻璃纖維強化塑膠板、片及扁條,印度,出口總值(含復出口),162,21614
2020-8,39219010,玻璃纖維強化塑膠板、片及扁條,阿拉伯聯合大公國,出口總值(含復出口),3,582
2020-8,39219010,玻璃纖維強化塑膠板、片及扁條,南韓,出口總值(含復出口),214,30824
2020-8,39219010,玻璃纖維強化塑膠板、片及扁條,美國,出口總值(含復出口),18,7215
2020-8,39219010,玻璃纖維強化塑膠板、片及扁條,香港,出口總值(含復出口),4,779
2020-8,39219010,玻璃纖維強化塑膠板、片及扁條,泰國,出口總值(含復出口),575,94588
2020-8,39219010,玻璃纖維強化塑膠板、片及扁條,馬來西亞,出口總值(含復出口),76,13887
2020-8,39219010,玻璃纖維強化塑膠板、片及扁條,菲律賓,出口總值(含復出口),27,3688
2020-8,39219010,玻璃纖維強化塑膠板、片及扁條,越南,出口總值(含復出口),258,37481
2020-8,39219010,玻璃纖維強化塑膠板、片及扁條,新加坡,出口總值(含復出口),13,1636
2020-8,39219010,玻璃纖維強化塑膠板、片及扁條,義大利,出口總值(含復出口),80,13607
2020-8,39219010,玻璃纖維強化塑膠板、片及扁條,德國,出口總值(含復出口),73,8387
2020-8,39219010,玻璃纖維強化塑膠板、片及扁條,關島,出口總值(含復出口),8,3188
2020-9,39095000,聚胺基甲酸乙酯，初級狀態,中國大陸,進口總值(含復進口),5705,2001494
2020-9,39095000,聚胺基甲酸乙酯，初級狀態,中華民國,進口總值(含復進口),298,65256
2020-9,39095000,聚胺基甲酸乙酯，初級狀態,日本,進口總值(含復進口),986,121030
2020-9,39095000,聚胺基甲酸乙酯，初級狀態,印度,進口總值(含復進口),81,22400
2020-9,39095000,聚胺基甲酸乙酯，初級狀態,西班牙,進口總值(含復進口),25,2675
2020-9,39095000,聚胺基甲酸乙酯，初級狀態,法國,進口總值(含復進口),139,11075
2020-9,39095000,聚胺基甲酸乙酯，初級狀態,南韓,進口總值(含復進口),231,85500
2020-9,39095000,聚胺基甲酸乙酯，初級狀態,美國,進口總值(含復進口),1845,198780
2020-9,39095000,聚胺基甲酸乙酯，初級狀態,英國,進口總值(含復進口),22,4886
2020-9,39095000,聚胺基甲酸乙酯，初級狀態,馬來西亞,進口總值(含復進口),55,22500
2020-9,39095000,聚胺基甲酸乙酯，初級狀態,荷蘭,進口總值(含復進口),30,5080
2020-9,39095000,聚胺基甲酸乙酯，初級狀態,越南,進口總值(含復進口),2,100
2020-9,39095000,聚胺基甲酸乙酯，初級狀態,奧地利,進口總值(含復進口),2,525
2020-9,39095000,聚胺基甲酸乙酯，初級狀態,新加坡,進口總值(含復進口),159,50095
2020-9,39095000,聚胺基甲酸乙酯，初級狀態,瑞士,進口總值(含復進口),7,440
2020-9,39095000,聚胺基甲酸乙酯，初級狀態,義大利,進口總值(含復進口),47,10596
2020-9,39095000,聚胺基甲酸乙酯，初級狀態,德國,進口總值(含復進口),460,70976
2020-9,39095000,聚胺基甲酸乙酯，初級狀態,墨西哥,進口總值(含復進口),3,816
2020-9,39095000,聚胺基甲酸乙酯，初級狀態,土耳其,出口總值(含復出口),157,45000
2020-9,39095000,聚胺基甲酸乙酯，初級狀態,中國大陸,出口總值(含復出口),10459,3026837
2020-9,39095000,聚胺基甲酸乙酯，初級狀態,厄瓜多,出口總值(含復出口),17,3000
2020-9,39095000,聚胺基甲酸乙酯，初級狀態,巴西,出口總值(含復出口),166,52070
2020-9,39095000,聚胺基甲酸乙酯，初級狀態,日本,出口總值(含復出口),124,30565
2020-9,39095000,聚胺基甲酸乙酯，初級狀態,比利時,出口總值(含復出口),9,2000
2020-9,39095000,聚胺基甲酸乙酯，初級狀態,卡達,出口總值(含復出口),59,17600
2020-9,39095000,聚胺基甲酸乙酯，初級狀態,瓜地馬拉,出口總值(含復出口),4,1000
2020-9,39095000,聚胺基甲酸乙酯，初級狀態,印尼,出口總值(含復出口),1400,337840
2020-9,39095000,聚胺基甲酸乙酯，初級狀態,印度,出口總值(含復出口),232,84568
2020-9,39095000,聚胺基甲酸乙酯，初級狀態,孟加拉,出口總值(含復出口),63,16600
2020-9,39095000,聚胺基甲酸乙酯，初級狀態,法國,出口總值(含復出口),28,5679
2020-9,39095000,聚胺基甲酸乙酯，初級狀態,阿拉伯聯合大公國,出口總值(含復出口),195,68000
2020-9,39095000,聚胺基甲酸乙酯，初級狀態,俄羅斯,出口總值(含復出口),36,13680
2020-9,39095000,聚胺基甲酸乙酯，初級狀態,南非,出口總值(含復出口),15,5000
2020-9,39095000,聚胺基甲酸乙酯，初級狀態,南韓,出口總值(含復出口),446,127510
2020-9,39095000,聚胺基甲酸乙酯，初級狀態,美國,出口總值(含復出口),129,23532
2020-9,39095000,聚胺基甲酸乙酯，初級狀態,香港,出口總值(含復出口),566,196950
2020-9,39095000,聚胺基甲酸乙酯，初級狀態,泰國,出口總值(含復出口),978,321941
2020-9,39095000,聚胺基甲酸乙酯，初級狀態,秘魯,出口總值(含復出口),5,1188
2020-9,39095000,聚胺基甲酸乙酯，初級狀態,馬來西亞,出口總值(含復出口),411,149772
2020-9,39095000,聚胺基甲酸乙酯，初級狀態,荷蘭,出口總值(含復出口),53,10000
2020-9,39095000,聚胺基甲酸乙酯，初級狀態,斯里蘭卡,出口總值(含復出口),9,2000
2020-9,39095000,聚胺基甲酸乙酯，初級狀態,菲律賓,出口總值(含復出口),121,36056
2020-9,39095000,聚胺基甲酸乙酯，初級狀態,越南,出口總值(含復出口),12695,3534648
2020-9,39095000,聚胺基甲酸乙酯，初級狀態,新加坡,出口總值(含復出口),83,26680
2020-9,39095000,聚胺基甲酸乙酯，初級狀態,瑞典,出口總值(含復出口),59,15500
2020-9,39095000,聚胺基甲酸乙酯，初級狀態,德國,出口總值(含復出口),63,12000
2020-9,39095000,聚胺基甲酸乙酯，初級狀態,黎巴嫩,出口總值(含復出口),75,24000
2020-9,39095000,聚胺基甲酸乙酯，初級狀態,墨西哥,出口總值(含復出口),11,4500
2020-9,39095000,聚胺基甲酸乙酯，初級狀態,澳大利亞,出口總值(含復出口),8,1480
2020-9,39100010,矽油,中國大陸,進口總值(含復進口),1244,467720
2020-9,39100010,矽油,日本,進口總值(含復進口),996,199276
2020-9,39100010,矽油,加拿大,進口總值(含復進口),49,3858
2020-9,39100010,矽油,南韓,進口總值(含復進口),95,3045
2020-9,39100010,矽油,美國,進口總值(含復進口),66,3543
2020-9,39100010,矽油,英國,進口總值(含復進口),42,17342
2020-9,39100010,矽油,泰國,進口總值(含復進口),89,25080
2020-9,39100010,矽油,馬來西亞,進口總值(含復進口),12,2400
2020-9,39100010,矽油,德國,進口總值(含復進口),69,10752
2020-9,39100010,矽油,中國大陸,出口總值(含復出口),691,97862
2020-9,39100010,矽油,日本,出口總值(含復出口),79,640
2020-9,39100010,矽油,印度,出口總值(含復出口),10,982
2020-9,39100010,矽油,孟加拉,出口總值(含復出口),22,25080
2020-9,39100010,矽油,南韓,出口總值(含復出口),0,29
2020-9,39100010,矽油,美國,出口總值(含復出口),10,576
2020-9,39100010,矽油,香港,出口總值(含復出口),0,40
2020-9,39100010,矽油,泰國,出口總值(含復出口),40,4184
2020-9,39100010,矽油,馬來西亞,出口總值(含復出口),3,600
2020-9,39100010,矽油,越南,出口總值(含復出口),36,8841
2020-9,39111010,石油樹脂,中國大陸,進口總值(含復進口),728,416305
2020-9,39111010,石油樹脂,中華民國,進口總值(含復進口),4,15460
2020-9,39111010,石油樹脂,日本,進口總值(含復進口),450,192280
2020-9,39111010,石油樹脂,法國,進口總值(含復進口),349,137625
2020-9,39111010,石油樹脂,南韓,進口總值(含復進口),101,68400
2020-9,39111010,石油樹脂,美國,進口總值(含復進口),91,32860
2020-9,39111010,石油樹脂,泰國,進口總值(含復進口),242,123000
2020-9,39111010,石油樹脂,荷蘭,進口總值(含復進口),56,20000
2020-9,39111010,石油樹脂,新加坡,進口總值(含復進口),105,58500
2020-9,39111010,石油樹脂,土耳其,出口總值(含復出口),357,328000
2020-9,39111010,石油樹脂,中國大陸,出口總值(含復出口),3038,2215642
2020-9,39111010,石油樹脂,厄瓜多,出口總值(含復出口),26,19000
2020-9,39111010,石油樹脂,巴西,出口總值(含復出口),197,169000
2020-9,39111010,石油樹脂,日本,出口總值(含復出口),378,276200
2020-9,39111010,石油樹脂,加拿大,出口總值(含復出口),90,72000
2020-9,39111010,石油樹脂,印尼,出口總值(含復出口),445,306100
2020-9,39111010,石油樹脂,印度,出口總值(含復出口),398,469800
2020-9,39111010,石油樹脂,西班牙,出口總值(含復出口),111,56000
2020-9,39111010,石油樹脂,沙烏地阿拉伯,出口總值(含復出口),93,80000
2020-9,39111010,石油樹脂,孟加拉,出口總值(含復出口),110,128000
2020-9,39111010,石油樹脂,波蘭,出口總值(含復出口),179,108750
2020-9,39111010,石油樹脂,法國,出口總值(含復出口),155,141000
2020-9,39111010,石油樹脂,俄羅斯,出口總值(含復出口),45,34000
2020-9,39111010,石油樹脂,南非,出口總值(含復出口),65,65000
2020-9,39111010,石油樹脂,南韓,出口總值(含復出口),94,68000
2020-9,39111010,石油樹脂,柬埔寨,出口總值(含復出口),3,2000
2020-9,39111010,石油樹脂,美國,出口總值(含復出口),229,163750
2020-9,39111010,石油樹脂,英國,出口總值(含復出口),96,79000
2020-9,39111010,石油樹脂,香港,出口總值(含復出口),4,1400
2020-9,39111010,石油樹脂,泰國,出口總值(含復出口),147,125000
2020-9,39111010,石油樹脂,馬來西亞,出口總值(含復出口),254,202500
2020-9,39111010,石油樹脂,荷蘭,出口總值(含復出口),85,100000
2020-9,39111010,石油樹脂,斯里蘭卡,出口總值(含復出口),16,11000
2020-9,39111010,石油樹脂,智利,出口總值(含復出口),2,2000
2020-9,39111010,石油樹脂,菲律賓,出口總值(含復出口),72,43750
2020-9,39111010,石油樹脂,越南,出口總值(含復出口),671,396900
2020-9,39111010,石油樹脂,瑞典,出口總值(含復出口),42,50000
2020-9,39111010,石油樹脂,德國,出口總值(含復出口),19,16000
2020-9,39111010,石油樹脂,緬甸,出口總值(含復出口),19,20000
2020-9,39111010,石油樹脂,澳大利亞,出口總值(含復出口),58,46000
2020-9,39219010,玻璃纖維強化塑膠板、片及扁條,中國大陸,進口總值(含復進口),261,49292
2020-9,39219010,玻璃纖維強化塑膠板、片及扁條,中華民國,進口總值(含復進口),67,3488
2020-9,39219010,玻璃纖維強化塑膠板、片及扁條,日本,進口總值(含復進口),1113,7412
2020-9,39219010,玻璃纖維強化塑膠板、片及扁條,以色列,進口總值(含復進口),0,0
2020-9,39219010,玻璃纖維強化塑膠板、片及扁條,法國,進口總值(含復進口),18,1127
2020-9,39219010,玻璃纖維強化塑膠板、片及扁條,南韓,進口總值(含復進口),508,55233
2020-9,39219010,玻璃纖維強化塑膠板、片及扁條,美國,進口總值(含復進口),110,2264
2020-9,39219010,玻璃纖維強化塑膠板、片及扁條,香港,進口總值(含復進口),109,744
2020-9,39219010,玻璃纖維強化塑膠板、片及扁條,泰國,進口總值(含復進口),107,17432
2020-9,39219010,玻璃纖維強化塑膠板、片及扁條,奧地利,進口總值(含復進口),0,10
2020-9,39219010,玻璃纖維強化塑膠板、片及扁條,愛爾蘭,進口總值(含復進口),42,605
2020-9,39219010,玻璃纖維強化塑膠板、片及扁條,新加坡,進口總值(含復進口),2,43
2020-9,39219010,玻璃纖維強化塑膠板、片及扁條,義大利,進口總值(含復進口),0,4
2020-9,39219010,玻璃纖維強化塑膠板、片及扁條,德國,進口總值(含復進口),2,32
2020-9,39219010,玻璃纖維強化塑膠板、片及扁條,墨西哥,進口總值(含復進口),10,228
2020-9,39219010,玻璃纖維強化塑膠板、片及扁條,中國大陸,出口總值(含復出口),346,7335
2020-9,39219010,玻璃纖維強化塑膠板、片及扁條,日本,出口總值(含復出口),197,26022
2020-9,39219010,玻璃纖維強化塑膠板、片及扁條,瓜地馬拉,出口總值(含復出口),2,143
2020-9,39219010,玻璃纖維強化塑膠板、片及扁條,印尼,出口總值(含復出口),26,1216
2020-9,39219010,玻璃纖維強化塑膠板、片及扁條,印度,出口總值(含復出口),89,10239
2020-9,39219010,玻璃纖維強化塑膠板、片及扁條,沙烏地阿拉伯,出口總值(含復出口),66,12024
2020-9,39219010,玻璃纖維強化塑膠板、片及扁條,俄羅斯,出口總值(含復出口),25,3564
2020-9,39219010,玻璃纖維強化塑膠板、片及扁條,南韓,出口總值(含復出口),288,49226
2020-9,39219010,玻璃纖維強化塑膠板、片及扁條,美國,出口總值(含復出口),24,1471
2020-9,39219010,玻璃纖維強化塑膠板、片及扁條,英國,出口總值(含復出口),2,37
2020-9,39219010,玻璃纖維強化塑膠板、片及扁條,香港,出口總值(含復出口),52,1484
2020-9,39219010,玻璃纖維強化塑膠板、片及扁條,泰國,出口總值(含復出口),583,104438
2020-9,39219010,玻璃纖維強化塑膠板、片及扁條,馬來西亞,出口總值(含復出口),64,12371
2020-9,39219010,玻璃纖維強化塑膠板、片及扁條,菲律賓,出口總值(含復出口),16,1398
2020-9,39219010,玻璃纖維強化塑膠板、片及扁條,越南,出口總值(含復出口),226,28505
2020-9,39219010,玻璃纖維強化塑膠板、片及扁條,新加坡,出口總值(含復出口),30,2819
2020-9,39219010,玻璃纖維強化塑膠板、片及扁條,瑞士,出口總值(含復出口),7,337
2020-9,39219010,玻璃纖維強化塑膠板、片及扁條,德國,出口總值(含復出口),49,5583
2020-9,39219010,玻璃纖維強化塑膠板、片及扁條,澳門,出口總值(含復出口),81,14700
2020-9,39219010,玻璃纖維強化塑膠板、片及扁條,關島,出口總值(含復出口),6,2165
2020-10,39095000,聚胺基甲酸乙酯，初級狀態,中國大陸,進口總值(含復進口),4123,1472891
2020-10,39095000,聚胺基甲酸乙酯，初級狀態,日本,進口總值(含復進口),477,57261
2020-10,39095000,聚胺基甲酸乙酯，初級狀態,比利時,進口總值(含復進口),48,8200
2020-10,39095000,聚胺基甲酸乙酯，初級狀態,印度,進口總值(含復進口),114,28480
2020-10,39095000,聚胺基甲酸乙酯，初級狀態,西班牙,進口總值(含復進口),32,5040
2020-10,39095000,聚胺基甲酸乙酯，初級狀態,希臘,進口總值(含復進口),27,9950
2020-10,39095000,聚胺基甲酸乙酯，初級狀態,法國,進口總值(含復進口),19,2400
2020-10,39095000,聚胺基甲酸乙酯，初級狀態,南韓,進口總值(含復進口),171,46305
2020-10,39095000,聚胺基甲酸乙酯，初級狀態,美國,進口總值(含復進口),1892,213886
2020-10,39095000,聚胺基甲酸乙酯，初級狀態,英國,進口總值(含復進口),23,4000
2020-10,39095000,聚胺基甲酸乙酯，初級狀態,馬來西亞,進口總值(含復進口),6,500
2020-10,39095000,聚胺基甲酸乙酯，初級狀態,荷蘭,進口總值(含復進口),5,1000
2020-10,39095000,聚胺基甲酸乙酯，初級狀態,新加坡,進口總值(含復進口),48,14750
2020-10,39095000,聚胺基甲酸乙酯，初級狀態,瑞士,進口總值(含復進口),12,2420
2020-10,39095000,聚胺基甲酸乙酯，初級狀態,義大利,進口總值(含復進口),84,23155
2020-10,39095000,聚胺基甲酸乙酯，初級狀態,德國,進口總值(含復進口),731,150590
2020-10,39095000,聚胺基甲酸乙酯，初級狀態,土耳其,出口總值(含復出口),17,7000
2020-10,39095000,聚胺基甲酸乙酯，初級狀態,中國大陸,出口總值(含復出口),11720,3435849
2020-10,39095000,聚胺基甲酸乙酯，初級狀態,巴西,出口總值(含復出口),398,129880
2020-10,39095000,聚胺基甲酸乙酯，初級狀態,巴基斯坦,出口總值(含復出口),31,11800
2020-10,39095000,聚胺基甲酸乙酯，初級狀態,日本,出口總值(含復出口),129,37202
2020-10,39095000,聚胺基甲酸乙酯，初級狀態,比利時,出口總值(含復出口),2,700
2020-10,39095000,聚胺基甲酸乙酯，初級狀態,以色列,出口總值(含復出口),5,1000
2020-10,39095000,聚胺基甲酸乙酯，初級狀態,印尼,出口總值(含復出口),2062,482284
2020-10,39095000,聚胺基甲酸乙酯，初級狀態,印度,出口總值(含復出口),503,188760
2020-10,39095000,聚胺基甲酸乙酯，初級狀態,西班牙,出口總值(含復出口),36,15000
2020-10,39095000,聚胺基甲酸乙酯，初級狀態,沙烏地阿拉伯,出口總值(含復出口),10,2600
2020-10,39095000,聚胺基甲酸乙酯，初級狀態,孟加拉,出口總值(含復出口),117,46360
2020-10,39095000,聚胺基甲酸乙酯，初級狀態,東加,出口總值(含復出口),0,6
2020-10,39095000,聚胺基甲酸乙酯，初級狀態,法國,出口總值(含復出口),13,2782
2020-10,39095000,聚胺基甲酸乙酯，初級狀態,阿拉伯聯合大公國,出口總值(含復出口),55,16250
2020-10,39095000,聚胺基甲酸乙酯，初級狀態,阿根廷,出口總值(含復出口),46,15000
2020-10,39095000,聚胺基甲酸乙酯，初級狀態,南韓,出口總值(含復出口),850,244385
2020-10,39095000,聚胺基甲酸乙酯，初級狀態,柬埔寨,出口總值(含復出口),36,12000
2020-10,39095000,聚胺基甲酸乙酯，初級狀態,美國,出口總值(含復出口),209,37040
2020-10,39095000,聚胺基甲酸乙酯，初級狀態,香港,出口總值(含復出口),594,135705
2020-10,39095000,聚胺基甲酸乙酯，初級狀態,埃及,出口總值(含復出口),73,24000
2020-10,39095000,聚胺基甲酸乙酯，初級狀態,泰國,出口總值(含復出口),1122,421964
2020-10,39095000,聚胺基甲酸乙酯，初級狀態,馬來西亞,出口總值(含復出口),332,119398
2020-10,39095000,聚胺基甲酸乙酯，初級狀態,荷蘭,出口總值(含復出口),509,98100
2020-10,39095000,聚胺基甲酸乙酯，初級狀態,菲律賓,出口總值(含復出口),99,27054
2020-10,39095000,聚胺基甲酸乙酯，初級狀態,越南,出口總值(含復出口),11916,3273444
2020-10,39095000,聚胺基甲酸乙酯，初級狀態,新加坡,出口總值(含復出口),88,21930
2020-10,39095000,聚胺基甲酸乙酯，初級狀態,瑞典,出口總值(含復出口),125,33000
2020-10,39095000,聚胺基甲酸乙酯，初級狀態,德國,出口總值(含復出口),71,14500
2020-10,39095000,聚胺基甲酸乙酯，初級狀態,緬甸,出口總值(含復出口),7,432
2020-10,39095000,聚胺基甲酸乙酯，初級狀態,墨西哥,出口總值(含復出口),83,24000
2020-10,39095000,聚胺基甲酸乙酯，初級狀態,澳大利亞,出口總值(含復出口),110,35480
2020-10,39095000,聚胺基甲酸乙酯，初級狀態,蘇丹,出口總值(含復出口),22,8280
2020-10,39100010,矽油,中國大陸,進口總值(含復進口),856,296250
2020-10,39100010,矽油,日本,進口總值(含復進口),1412,281175
2020-10,39100010,矽油,比利時,進口總值(含復進口),0,20
2020-10,39100010,矽油,加拿大,進口總值(含復進口),32,2400
2020-10,39100010,矽油,西班牙,進口總值(含復進口),13,4800
2020-10,39100010,矽油,法國,進口總值(含復進口),15,1600
2020-10,39100010,矽油,南韓,進口總值(含復進口),23,1796
2020-10,39100010,矽油,美國,進口總值(含復進口),61,3496
2020-10,39100010,矽油,英國,進口總值(含復進口),7,1048
2020-10,39100010,矽油,泰國,進口總值(含復進口),362,116790
2020-10,39100010,矽油,義大利,進口總值(含復進口),43,9500
2020-10,39100010,矽油,德國,進口總值(含復進口),397,30727
2020-10,39100010,矽油,中國大陸,出口總值(含復出口),735,85379
2020-10,39100010,矽油,丹麥,出口總值(含復出口),5,275
2020-10,39100010,矽油,巴基斯坦,出口總值(含復出口),29,14500
2020-10,39100010,矽油,孟加拉,出口總值(含復出口),11,2100
2020-10,39100010,矽油,香港,出口總值(含復出口),5,247
2020-10,39100010,矽油,馬來西亞,出口總值(含復出口),27,2400
2020-10,39100010,矽油,越南,出口總值(含復出口),26,5378
2020-10,39111010,石油樹脂,中國大陸,進口總值(含復進口),1587,917235
2020-10,39111010,石油樹脂,日本,進口總值(含復進口),721,265995
2020-10,39111010,石油樹脂,法國,進口總值(含復進口),35,8250
2020-10,39111010,石油樹脂,南韓,進口總值(含復進口),46,28000
2020-10,39111010,石油樹脂,美國,進口總值(含復進口),210,69703
2020-10,39111010,石油樹脂,泰國,進口總值(含復進口),379,191500
2020-10,39111010,石油樹脂,新加坡,進口總值(含復進口),142,76475
2020-10,39111010,石油樹脂,德國,進口總值(含復進口),0,5
2020-10,39111010,石油樹脂,土耳其,出口總值(含復出口),332,307000
2020-10,39111010,石油樹脂,中國大陸,出口總值(含復出口),2131,1193405
2020-10,39111010,石油樹脂,巴西,出口總值(含復出口),95,68000
2020-10,39111010,石油樹脂,日本,出口總值(含復出口),546,365525
2020-10,39111010,石油樹脂,加拿大,出口總值(含復出口),169,163000
2020-10,39111010,石油樹脂,印尼,出口總值(含復出口),612,477650
2020-10,39111010,石油樹脂,印度,出口總值(含復出口),467,480600
2020-10,39111010,石油樹脂,西班牙,出口總值(含復出口),314,296000
2020-10,39111010,石油樹脂,希臘,出口總值(含復出口),16,16000
2020-10,39111010,石油樹脂,沙烏地阿拉伯,出口總值(含復出口),38,27000
2020-10,39111010,石油樹脂,孟加拉,出口總值(含復出口),72,78000
2020-10,39111010,石油樹脂,波蘭,出口總值(含復出口),234,153000
2020-10,39111010,石油樹脂,法國,出口總值(含復出口),79,75000
2020-10,39111010,石油樹脂,阿拉伯聯合大公國,出口總值(含復出口),15,12000
2020-10,39111010,石油樹脂,俄羅斯,出口總值(含復出口),121,98000
2020-10,39111010,石油樹脂,南韓,出口總值(含復出口),194,162000
2020-10,39111010,石油樹脂,柬埔寨,出口總值(含復出口),16,11000
2020-10,39111010,石油樹脂,美國,出口總值(含復出口),689,511750
2020-10,39111010,石油樹脂,英國,出口總值(含復出口),93,92000
2020-10,39111010,石油樹脂,香港,出口總值(含復出口),13,5200
2020-10,39111010,石油樹脂,泰國,出口總值(含復出口),399,333000
2020-10,39111010,石油樹脂,秘魯,出口總值(含復出口),25,19000
2020-10,39111010,石油樹脂,馬來西亞,出口總值(含復出口),234,194500
2020-10,39111010,石油樹脂,荷蘭,出口總值(含復出口),170,200000
2020-10,39111010,石油樹脂,菲律賓,出口總值(含復出口),30,21000
2020-10,39111010,石油樹脂,越南,出口總值(含復出口),843,478900
2020-10,39111010,石油樹脂,新加坡,出口總值(含復出口),18,19500
2020-10,39111010,石油樹脂,瑞典,出口總值(含復出口),54,48000
2020-10,39111010,石油樹脂,義大利,出口總值(含復出口),46,22750
2020-10,39111010,石油樹脂,德國,出口總值(含復出口),84,72000
2020-10,39111010,石油樹脂,緬甸,出口總值(含復出口),19,16000
2020-10,39111010,石油樹脂,澳大利亞,出口總值(含復出口),87,75000
2020-10,39219010,玻璃纖維強化塑膠板、片及扁條,土耳其,進口總值(含復進口),70,25120
2020-10,39219010,玻璃纖維強化塑膠板、片及扁條,中國大陸,進口總值(含復進口),361,56873
2020-10,39219010,玻璃纖維強化塑膠板、片及扁條,中華民國,進口總值(含復進口),16,1892
2020-10,39219010,玻璃纖維強化塑膠板、片及扁條,日本,進口總值(含復進口),1172,8154
2020-10,39219010,玻璃纖維強化塑膠板、片及扁條,吉爾吉斯,進口總值(含復進口),6,2600
2020-10,39219010,玻璃纖維強化塑膠板、片及扁條,法國,進口總值(含復進口),32,1774
2020-10,39219010,玻璃纖維強化塑膠板、片及扁條,南韓,進口總值(含復進口),697,70472
2020-10,39219010,玻璃纖維強化塑膠板、片及扁條,美國,進口總值(含復進口),92,5018
2020-10,39219010,玻璃纖維強化塑膠板、片及扁條,香港,進口總值(含復進口),69,472
2020-10,39219010,玻璃纖維強化塑膠板、片及扁條,泰國,進口總值(含復進口),22,3492
2020-10,39219010,玻璃纖維強化塑膠板、片及扁條,愛爾蘭,進口總值(含復進口),17,233
2020-10,39219010,玻璃纖維強化塑膠板、片及扁條,瑞士,進口總值(含復進口),7,94
2020-10,39219010,玻璃纖維強化塑膠板、片及扁條,德國,進口總值(含復進口),20,2029
2020-10,39219010,玻璃纖維強化塑膠板、片及扁條,墨西哥,進口總值(含復進口),16,351
2020-10,39219010,玻璃纖維強化塑膠板、片及扁條,中國大陸,出口總值(含復出口),339,9145
2020-10,39219010,玻璃纖維強化塑膠板、片及扁條,日本,出口總值(含復出口),175,27585
2020-10,39219010,玻璃纖維強化塑膠板、片及扁條,瓜地馬拉,出口總值(含復出口),12,1455
2020-10,39219010,玻璃纖維強化塑膠板、片及扁條,印尼,出口總值(含復出口),14,563
2020-10,39219010,玻璃纖維強化塑膠板、片及扁條,印度,出口總值(含復出口),88,9848
2020-10,39219010,玻璃纖維強化塑膠板、片及扁條,沙烏地阿拉伯,出口總值(含復出口),32,1756
2020-10,39219010,玻璃纖維強化塑膠板、片及扁條,波蘭,出口總值(含復出口),6,1568
2020-10,39219010,玻璃纖維強化塑膠板、片及扁條,南非,出口總值(含復出口),3,9
2020-10,39219010,玻璃纖維強化塑膠板、片及扁條,南韓,出口總值(含復出口),393,61449
2020-10,39219010,玻璃纖維強化塑膠板、片及扁條,美國,出口總值(含復出口),119,26068
2020-10,39219010,玻璃纖維強化塑膠板、片及扁條,香港,出口總值(含復出口),19,1510
2020-10,39219010,玻璃纖維強化塑膠板、片及扁條,泰國,出口總值(含復出口),967,167566
2020-10,39219010,玻璃纖維強化塑膠板、片及扁條,馬來西亞,出口總值(含復出口),64,10741
2020-10,39219010,玻璃纖維強化塑膠板、片及扁條,越南,出口總值(含復出口),461,63154
2020-10,39219010,玻璃纖維強化塑膠板、片及扁條,瑞士,出口總值(含復出口),4,192
2020-10,39219010,玻璃纖維強化塑膠板、片及扁條,葡萄牙,出口總值(含復出口),13,428
2020-10,39219010,玻璃纖維強化塑膠板、片及扁條,德國,出口總值(含復出口),181,23048
2020-11,39095000,聚胺基甲酸乙酯，初級狀態,中國大陸,進口總值(含復進口),6683,2316083
2020-11,39095000,聚胺基甲酸乙酯，初級狀態,中華民國,進口總值(含復進口),121,38360
2020-11,39095000,聚胺基甲酸乙酯，初級狀態,日本,進口總值(含復進口),1024,148665
2020-11,39095000,聚胺基甲酸乙酯，初級狀態,比利時,進口總值(含復進口),45,8000
2020-11,39095000,聚胺基甲酸乙酯，初級狀態,印度,進口總值(含復進口),81,22400
2020-11,39095000,聚胺基甲酸乙酯，初級狀態,西班牙,進口總值(含復進口),208,46700
2020-11,39095000,聚胺基甲酸乙酯，初級狀態,希臘,進口總值(含復進口),5,829
2020-11,39095000,聚胺基甲酸乙酯，初級狀態,法國,進口總值(含復進口),32,2600
2020-11,39095000,聚胺基甲酸乙酯，初級狀態,南韓,進口總值(含復進口),381,114322
2020-11,39095000,聚胺基甲酸乙酯，初級狀態,美國,進口總值(含復進口),2119,225435
2020-11,39095000,聚胺基甲酸乙酯，初級狀態,英國,進口總值(含復進口),52,12000
2020-11,39095000,聚胺基甲酸乙酯，初級狀態,馬來西亞,進口總值(含復進口),56,22500
2020-11,39095000,聚胺基甲酸乙酯，初級狀態,荷蘭,進口總值(含復進口),9,1435
2020-11,39095000,聚胺基甲酸乙酯，初級狀態,新加坡,進口總值(含復進口),37,11346
2020-11,39095000,聚胺基甲酸乙酯，初級狀態,瑞士,進口總值(含復進口),50,8360
2020-11,39095000,聚胺基甲酸乙酯，初級狀態,義大利,進口總值(含復進口),13,1713
2020-11,39095000,聚胺基甲酸乙酯，初級狀態,德國,進口總值(含復進口),1044,137328
2020-11,39095000,聚胺基甲酸乙酯，初級狀態,墨西哥,進口總值(含復進口),21,5304
2020-11,39095000,聚胺基甲酸乙酯，初級狀態,澳大利亞,進口總值(含復進口),13,1760
2020-11,39095000,聚胺基甲酸乙酯，初級狀態,土耳其,出口總值(含復出口),78,30000
2020-11,39095000,聚胺基甲酸乙酯，初級狀態,中國大陸,出口總值(含復出口),13159,4337385
2020-11,39095000,聚胺基甲酸乙酯，初級狀態,巴西,出口總值(含復出口),152,36480
2020-11,39095000,聚胺基甲酸乙酯，初級狀態,巴基斯坦,出口總值(含復出口),9,2160
2020-11,39095000,聚胺基甲酸乙酯，初級狀態,日本,出口總值(含復出口),155,41557
2020-11,39095000,聚胺基甲酸乙酯，初級狀態,比利時,出口總值(含復出口),21,6000
2020-11,39095000,聚胺基甲酸乙酯，初級狀態,卡達,出口總值(含復出口),62,14800
2020-11,39095000,聚胺基甲酸乙酯，初級狀態,瓜地馬拉,出口總值(含復出口),54,14000
2020-11,39095000,聚胺基甲酸乙酯，初級狀態,印尼,出口總值(含復出口),1634,415780
2020-11,39095000,聚胺基甲酸乙酯，初級狀態,印度,出口總值(含復出口),901,406900
2020-11,39095000,聚胺基甲酸乙酯，初級狀態,西班牙,出口總值(含復出口),145,30000
2020-11,39095000,聚胺基甲酸乙酯，初級狀態,孟加拉,出口總值(含復出口),77,28660
2020-11,39095000,聚胺基甲酸乙酯，初級狀態,肯亞,出口總值(含復出口),18,990
2020-11,39095000,聚胺基甲酸乙酯，初級狀態,阿拉伯聯合大公國,出口總值(含復出口),203,68960
2020-11,39095000,聚胺基甲酸乙酯，初級狀態,阿根廷,出口總值(含復出口),35,15800
2020-11,39095000,聚胺基甲酸乙酯，初級狀態,南韓,出口總值(含復出口),765,213490
2020-11,39095000,聚胺基甲酸乙酯，初級狀態,約旦,出口總值(含復出口),14,16000
2020-11,39095000,聚胺基甲酸乙酯，初級狀態,美國,出口總值(含復出口),99,21200
2020-11,39095000,聚胺基甲酸乙酯，初級狀態,香港,出口總值(含復出口),379,87150
2020-11,39095000,聚胺基甲酸乙酯，初級狀態,哥倫比亞,出口總值(含復出口),7,2400
2020-11,39095000,聚胺基甲酸乙酯，初級狀態,埃及,出口總值(含復出口),20,17000
2020-11,39095000,聚胺基甲酸乙酯，初級狀態,泰國,出口總值(含復出口),1055,368077
2020-11,39095000,聚胺基甲酸乙酯，初級狀態,秘魯,出口總值(含復出口),14,2988
2020-11,39095000,聚胺基甲酸乙酯，初級狀態,馬來西亞,出口總值(含復出口),304,107706
2020-11,39095000,聚胺基甲酸乙酯，初級狀態,荷蘭,出口總值(含復出口),456,86031
2020-11,39095000,聚胺基甲酸乙酯，初級狀態,斯里蘭卡,出口總值(含復出口),12,2625
2020-11,39095000,聚胺基甲酸乙酯，初級狀態,斯洛維尼亞,出口總值(含復出口),12,3000
2020-11,39095000,聚胺基甲酸乙酯，初級狀態,智利,出口總值(含復出口),14,4000
2020-11,39095000,聚胺基甲酸乙酯，初級狀態,菲律賓,出口總值(含復出口),68,18840
2020-11,39095000,聚胺基甲酸乙酯，初級狀態,越南,出口總值(含復出口),12234,3122748
2020-11,39095000,聚胺基甲酸乙酯，初級狀態,新加坡,出口總值(含復出口),59,20175
2020-11,39095000,聚胺基甲酸乙酯，初級狀態,瑞典,出口總值(含復出口),69,18000
2020-11,39095000,聚胺基甲酸乙酯，初級狀態,義大利,出口總值(含復出口),81,30000
2020-11,39095000,聚胺基甲酸乙酯，初級狀態,蒙古,出口總值(含復出口),61,36460
2020-11,39095000,聚胺基甲酸乙酯，初級狀態,德國,出口總值(含復出口),119,23950
2020-11,39095000,聚胺基甲酸乙酯，初級狀態,緬甸,出口總值(含復出口),94,33258
2020-11,39095000,聚胺基甲酸乙酯，初級狀態,墨西哥,出口總值(含復出口),63,21000
2020-11,39095000,聚胺基甲酸乙酯，初級狀態,澳大利亞,出口總值(含復出口),5,480
2020-11,39100010,矽油,中國大陸,進口總值(含復進口),822,308874
2020-11,39100010,矽油,日本,進口總值(含復進口),834,140513
2020-11,39100010,矽油,比利時,進口總值(含復進口),1,69
2020-11,39100010,矽油,加拿大,進口總值(含復進口),61,4220
2020-11,39100010,矽油,西班牙,進口總值(含復進口),0,27
2020-11,39100010,矽油,南韓,進口總值(含復進口),36,2063
2020-11,39100010,矽油,美國,進口總值(含復進口),305,38399
2020-11,39100010,矽油,泰國,進口總值(含復進口),345,100820
2020-11,39100010,矽油,瑞典,進口總值(含復進口),0,2
2020-11,39100010,矽油,德國,進口總值(含復進口),78,9468
2020-11,39100010,矽油,中國大陸,出口總值(含復出口),646,82538
2020-11,39100010,矽油,孟加拉,出口總值(含復出口),26,28680
2020-11,39100010,矽油,香港,出口總值(含復出口),3,1000
2020-11,39100010,矽油,泰國,出口總值(含復出口),3,800
2020-11,39100010,矽油,越南,出口總值(含復出口),23,7350
2020-11,39111010,石油樹脂,中國大陸,進口總值(含復進口),1440,820320
2020-11,39111010,石油樹脂,日本,進口總值(含復進口),552,240715
2020-11,39111010,石油樹脂,法國,進口總值(含復進口),133,52125
2020-11,39111010,石油樹脂,南韓,進口總值(含復進口),131,77200
2020-11,39111010,石油樹脂,美國,進口總值(含復進口),216,69996
2020-11,39111010,石油樹脂,泰國,進口總值(含復進口),239,126000
2020-11,39111010,石油樹脂,新加坡,進口總值(含復進口),130,67450
2020-11,39111010,石油樹脂,土耳其,出口總值(含復出口),352,348000
2020-11,39111010,石油樹脂,中國大陸,出口總值(含復出口),2558,1503012
2020-11,39111010,石油樹脂,厄瓜多,出口總值(含復出口),21,16000
2020-11,39111010,石油樹脂,巴西,出口總值(含復出口),124,87000
2020-11,39111010,石油樹脂,日本,出口總值(含復出口),562,356600
2020-11,39111010,石油樹脂,加拿大,出口總值(含復出口),107,100000
2020-11,39111010,石油樹脂,印尼,出口總值(含復出口),623,429150
2020-11,39111010,石油樹脂,印度,出口總值(含復出口),414,353075
2020-11,39111010,石油樹脂,多明尼加,出口總值(含復出口),2,1050
2020-11,39111010,石油樹脂,西班牙,出口總值(含復出口),599,576000
2020-11,39111010,石油樹脂,沙烏地阿拉伯,出口總值(含復出口),37,32000
2020-11,39111010,石油樹脂,孟加拉,出口總值(含復出口),95,104000
2020-11,39111010,石油樹脂,波蘭,出口總值(含復出口),64,66000
2020-11,39111010,石油樹脂,法國,出口總值(含復出口),19,16000
2020-11,39111010,石油樹脂,俄羅斯,出口總值(含復出口),44,37000
2020-11,39111010,石油樹脂,南韓,出口總值(含復出口),164,131000
2020-11,39111010,石油樹脂,柬埔寨,出口總值(含復出口),16,11000
2020-11,39111010,石油樹脂,美國,出口總值(含復出口),654,464375
2020-11,39111010,石油樹脂,英國,出口總值(含復出口),24,24000
2020-11,39111010,石油樹脂,香港,出口總值(含復出口),20,7200
2020-11,39111010,石油樹脂,泰國,出口總值(含復出口),322,258500
2020-11,39111010,石油樹脂,馬來西亞,出口總值(含復出口),272,240500
2020-11,39111010,石油樹脂,荷蘭,出口總值(含復出口),85,100000
2020-11,39111010,石油樹脂,越南,出口總值(含復出口),747,386240
2020-11,39111010,石油樹脂,新加坡,出口總值(含復出口),5,5000
2020-11,39111010,石油樹脂,義大利,出口總值(含復出口),21,16000
2020-11,39111010,石油樹脂,德國,出口總值(含復出口),74,72000
2020-11,39111010,石油樹脂,澳大利亞,出口總值(含復出口),105,79375
2020-11,39219010,玻璃纖維強化塑膠板、片及扁條,中國大陸,進口總值(含復進口),226,28568
2020-11,39219010,玻璃纖維強化塑膠板、片及扁條,中華民國,進口總值(含復進口),25,165
2020-11,39219010,玻璃纖維強化塑膠板、片及扁條,日本,進口總值(含復進口),1545,10460
2020-11,39219010,玻璃纖維強化塑膠板、片及扁條,法國,進口總值(含復進口),92,7460
2020-11,39219010,玻璃纖維強化塑膠板、片及扁條,南韓,進口總值(含復進口),866,96716
2020-11,39219010,玻璃纖維強化塑膠板、片及扁條,美國,進口總值(含復進口),178,7681
2020-11,39219010,玻璃纖維強化塑膠板、片及扁條,泰國,進口總值(含復進口),90,15116
2020-11,39219010,玻璃纖維強化塑膠板、片及扁條,馬來西亞,進口總值(含復進口),65,5550
2020-11,39219010,玻璃纖維強化塑膠板、片及扁條,奧地利,進口總值(含復進口),2,55
2020-11,39219010,玻璃纖維強化塑膠板、片及扁條,德國,進口總值(含復進口),0,9
2020-11,39219010,玻璃纖維強化塑膠板、片及扁條,墨西哥,進口總值(含復進口),12,128
2020-11,39219010,玻璃纖維強化塑膠板、片及扁條,中國大陸,出口總值(含復出口),1080,28231
2020-11,39219010,玻璃纖維強化塑膠板、片及扁條,日本,出口總值(含復出口),231,35960
2020-11,39219010,玻璃纖維強化塑膠板、片及扁條,印尼,出口總值(含復出口),34,1792
2020-11,39219010,玻璃纖維強化塑膠板、片及扁條,印度,出口總值(含復出口),102,15832
2020-11,39219010,玻璃纖維強化塑膠板、片及扁條,沙烏地阿拉伯,出口總值(含復出口),50,2822
2020-11,39219010,玻璃纖維強化塑膠板、片及扁條,阿拉伯聯合大公國,出口總值(含復出口),8,1663
2020-11,39219010,玻璃纖維強化塑膠板、片及扁條,南韓,出口總值(含復出口),416,68390
2020-11,39219010,玻璃纖維強化塑膠板、片及扁條,美國,出口總值(含復出口),95,17238
2020-11,39219010,玻璃纖維強化塑膠板、片及扁條,香港,出口總值(含復出口),6,1109
2020-11,39219010,玻璃纖維強化塑膠板、片及扁條,泰國,出口總值(含復出口),1238,195577
2020-11,39219010,玻璃纖維強化塑膠板、片及扁條,馬來西亞,出口總值(含復出口),94,18504
2020-11,39219010,玻璃纖維強化塑膠板、片及扁條,斯里蘭卡,出口總值(含復出口),6,300
2020-11,39219010,玻璃纖維強化塑膠板、片及扁條,菲律賓,出口總值(含復出口),62,13840
2020-11,39219010,玻璃纖維強化塑膠板、片及扁條,越南,出口總值(含復出口),295,39076
2020-11,39219010,玻璃纖維強化塑膠板、片及扁條,新加坡,出口總值(含復出口),31,4377
2020-11,39219010,玻璃纖維強化塑膠板、片及扁條,瑞士,出口總值(含復出口),9,408
2020-11,39219010,玻璃纖維強化塑膠板、片及扁條,義大利,出口總值(含復出口),77,13866
2020-11,39219010,玻璃纖維強化塑膠板、片及扁條,葡萄牙,出口總值(含復出口),13,419
2020-11,39219010,玻璃纖維強化塑膠板、片及扁條,德國,出口總值(含復出口),35,5123
2020-12,39095000,聚胺基甲酸乙酯，初級狀態,中國大陸,進口總值(含復進口),4941,1658318
2020-12,39095000,聚胺基甲酸乙酯，初級狀態,中華民國,進口總值(含復進口),41,12351
2020-12,39095000,聚胺基甲酸乙酯，初級狀態,日本,進口總值(含復進口),1436,198492
2020-12,39095000,聚胺基甲酸乙酯，初級狀態,比利時,進口總值(含復進口),104,15200
2020-12,39095000,聚胺基甲酸乙酯，初級狀態,印度,進口總值(含復進口),83,23200
2020-12,39095000,聚胺基甲酸乙酯，初級狀態,西班牙,進口總值(含復進口),26,3725
2020-12,39095000,聚胺基甲酸乙酯，初級狀態,法國,進口總值(含復進口),111,12675
2020-12,39095000,聚胺基甲酸乙酯，初級狀態,南韓,進口總值(含復進口),143,45887
2020-12,39095000,聚胺基甲酸乙酯，初級狀態,美國,進口總值(含復進口),1036,117164
2020-12,39095000,聚胺基甲酸乙酯，初級狀態,英國,進口總值(含復進口),28,3825
2020-12,39095000,聚胺基甲酸乙酯，初級狀態,馬來西亞,進口總值(含復進口),17,3024
2020-12,39095000,聚胺基甲酸乙酯，初級狀態,奧地利,進口總值(含復進口),0,6
2020-12,39095000,聚胺基甲酸乙酯，初級狀態,新加坡,進口總值(含復進口),69,19915
2020-12,39095000,聚胺基甲酸乙酯，初級狀態,瑞士,進口總值(含復進口),18,2420
2020-12,39095000,聚胺基甲酸乙酯，初級狀態,義大利,進口總值(含復進口),90,14828
2020-12,39095000,聚胺基甲酸乙酯，初級狀態,德國,進口總值(含復進口),1349,194145
2020-12,39095000,聚胺基甲酸乙酯，初級狀態,土耳其,出口總值(含復出口),294,95735
2020-12,39095000,聚胺基甲酸乙酯，初級狀態,中國大陸,出口總值(含復出口),13630,4308789
2020-12,39095000,聚胺基甲酸乙酯，初級狀態,巴西,出口總值(含復出口),213,64860
2020-12,39095000,聚胺基甲酸乙酯，初級狀態,日本,出口總值(含復出口),219,49362
2020-12,39095000,聚胺基甲酸乙酯，初級狀態,比利時,出口總值(含復出口),166,52240
2020-12,39095000,聚胺基甲酸乙酯，初級狀態,印尼,出口總值(含復出口),1291,347495
2020-12,39095000,聚胺基甲酸乙酯，初級狀態,印度,出口總值(含復出口),842,334668
2020-12,39095000,聚胺基甲酸乙酯，初級狀態,奈及利亞,出口總值(含復出口),42,14000
2020-12,39095000,聚胺基甲酸乙酯，初級狀態,孟加拉,出口總值(含復出口),171,41500
2020-12,39095000,聚胺基甲酸乙酯，初級狀態,肯亞,出口總值(含復出口),15,5000
2020-12,39095000,聚胺基甲酸乙酯，初級狀態,阿拉伯聯合大公國,出口總值(含復出口),521,150000
2020-12,39095000,聚胺基甲酸乙酯，初級狀態,阿根廷,出口總值(含復出口),129,50000
2020-12,39095000,聚胺基甲酸乙酯，初級狀態,南韓,出口總值(含復出口),578,199980
2020-12,39095000,聚胺基甲酸乙酯，初級狀態,柬埔寨,出口總值(含復出口),6,1105
2020-12,39095000,聚胺基甲酸乙酯，初級狀態,美國,出口總值(含復出口),20,5800
2020-12,39095000,聚胺基甲酸乙酯，初級狀態,香港,出口總值(含復出口),1065,227024
2020-12,39095000,聚胺基甲酸乙酯，初級狀態,泰國,出口總值(含復出口),904,335830
2020-12,39095000,聚胺基甲酸乙酯，初級狀態,馬來西亞,出口總值(含復出口),297,109287
2020-12,39095000,聚胺基甲酸乙酯，初級狀態,荷蘭,出口總值(含復出口),543,97047
2020-12,39095000,聚胺基甲酸乙酯，初級狀態,斐濟,出口總值(含復出口),6,324
2020-12,39095000,聚胺基甲酸乙酯，初級狀態,斯里蘭卡,出口總值(含復出口),9,2000
2020-12,39095000,聚胺基甲酸乙酯，初級狀態,菲律賓,出口總值(含復出口),73,19004
2020-12,39095000,聚胺基甲酸乙酯，初級狀態,越南,出口總值(含復出口),13267,3296232
2020-12,39095000,聚胺基甲酸乙酯，初級狀態,新加坡,出口總值(含復出口),100,25375
2020-12,39095000,聚胺基甲酸乙酯，初級狀態,瑞典,出口總值(含復出口),58,14097
2020-12,39095000,聚胺基甲酸乙酯，初級狀態,義大利,出口總值(含復出口),61,30000
2020-12,39095000,聚胺基甲酸乙酯，初級狀態,德國,出口總值(含復出口),485,34750
2020-12,39095000,聚胺基甲酸乙酯，初級狀態,緬甸,出口總值(含復出口),71,38520
2020-12,39095000,聚胺基甲酸乙酯，初級狀態,墨西哥,出口總值(含復出口),136,45000
2020-12,39095000,聚胺基甲酸乙酯，初級狀態,澳大利亞,出口總值(含復出口),38,8480
2020-12,39100010,矽油,中國大陸,進口總值(含復進口),1765,541607
2020-12,39100010,矽油,日本,進口總值(含復進口),1730,331184
2020-12,39100010,矽油,加拿大,進口總值(含復進口),17,1580
2020-12,39100010,矽油,西班牙,進口總值(含復進口),60,20800
2020-12,39100010,矽油,法國,進口總值(含復進口),4,501
2020-12,39100010,矽油,南韓,進口總值(含復進口),61,5577
2020-12,39100010,矽油,美國,進口總值(含復進口),162,15868
2020-12,39100010,矽油,英國,進口總值(含復進口),44,15600
2020-12,39100010,矽油,泰國,進口總值(含復進口),215,70520
2020-12,39100010,矽油,義大利,進口總值(含復進口),21,10000
2020-12,39100010,矽油,德國,進口總值(含復進口),296,21345
2020-12,39100010,矽油,中國大陸,出口總值(含復出口),1113,139055
2020-12,39100010,矽油,丹麥,出口總值(含復出口),4,275
2020-12,39100010,矽油,印尼,出口總值(含復出口),6,589
2020-12,39100010,矽油,孟加拉,出口總值(含復出口),9,20040
2020-12,39100010,矽油,美國,出口總值(含復出口),43,7425
2020-12,39100010,矽油,香港,出口總值(含復出口),34,3450
2020-12,39100010,矽油,埃及,出口總值(含復出口),0,5
2020-12,39100010,矽油,越南,出口總值(含復出口),103,28631
2020-12,39100010,矽油,薩爾瓦多,出口總值(含復出口),8,2000
2020-12,39111010,石油樹脂,中國大陸,進口總值(含復進口),1492,861100
2020-12,39111010,石油樹脂,日本,進口總值(含復進口),964,400310
2020-12,39111010,石油樹脂,南韓,進口總值(含復進口),99,46800
2020-12,39111010,石油樹脂,美國,進口總值(含復進口),78,37269
2020-12,39111010,石油樹脂,泰國,進口總值(含復進口),202,108500
2020-12,39111010,石油樹脂,荷蘭,進口總值(含復進口),54,20000
2020-12,39111010,石油樹脂,新加坡,進口總值(含復進口),161,74250
2020-12,39111010,石油樹脂,德國,進口總值(含復進口),17,6004
2020-12,39111010,石油樹脂,土耳其,出口總值(含復出口),712,667000
2020-12,39111010,石油樹脂,中國大陸,出口總值(含復出口),3181,2385100
2020-12,39111010,石油樹脂,巴西,出口總值(含復出口),131,109000
2020-12,39111010,石油樹脂,巴基斯坦,出口總值(含復出口),34,19000
2020-12,39111010,石油樹脂,日本,出口總值(含復出口),503,357000
2020-12,39111010,石油樹脂,加拿大,出口總值(含復出口),60,50000
2020-12,39111010,石油樹脂,印尼,出口總值(含復出口),505,410000
2020-12,39111010,石油樹脂,印度,出口總值(含復出口),1001,1206250
2020-12,39111010,石油樹脂,西班牙,出口總值(含復出口),386,290000
2020-12,39111010,石油樹脂,希臘,出口總值(含復出口),17,16000
2020-12,39111010,石油樹脂,沙烏地阿拉伯,出口總值(含復出口),74,64000
2020-12,39111010,石油樹脂,孟加拉,出口總值(含復出口),201,234000
2020-12,39111010,石油樹脂,波蘭,出口總值(含復出口),269,181000
2020-12,39111010,石油樹脂,法國,出口總值(含復出口),72,66000
2020-12,39111010,石油樹脂,南非,出口總值(含復出口),89,87000
2020-12,39111010,石油樹脂,南韓,出口總值(含復出口),102,72000
2020-12,39111010,石油樹脂,美國,出口總值(含復出口),428,290000
2020-12,39111010,石油樹脂,英國,出口總值(含復出口),25,21000
2020-12,39111010,石油樹脂,香港,出口總值(含復出口),19,6500
2020-12,39111010,石油樹脂,泰國,出口總值(含復出口),144,106000
2020-12,39111010,石油樹脂,馬來西亞,出口總值(含復出口),244,185500
2020-12,39111010,石油樹脂,荷蘭,出口總值(含復出口),62,69000
2020-12,39111010,石油樹脂,斯里蘭卡,出口總值(含復出口),5,4000
2020-12,39111010,石油樹脂,菲律賓,出口總值(含復出口),30,14000
2020-12,39111010,石油樹脂,越南,出口總值(含復出口),1379,832080
2020-12,39111010,石油樹脂,新加坡,出口總值(含復出口),51,51500
2020-12,39111010,石油樹脂,瑞典,出口總值(含復出口),49,48000
2020-12,39111010,石油樹脂,義大利,出口總值(含復出口),79,53750
2020-12,39111010,石油樹脂,德國,出口總值(含復出口),361,222750
2020-12,39111010,石油樹脂,緬甸,出口總值(含復出口),78,95000
2020-12,39111010,石油樹脂,澳大利亞,出口總值(含復出口),155,136000
2020-12,39219010,玻璃纖維強化塑膠板、片及扁條,土耳其,進口總值(含復進口),1,12
2020-12,39219010,玻璃纖維強化塑膠板、片及扁條,中國大陸,進口總值(含復進口),352,40302
2020-12,39219010,玻璃纖維強化塑膠板、片及扁條,中華民國,進口總值(含復進口),0,22
2020-12,39219010,玻璃纖維強化塑膠板、片及扁條,日本,進口總值(含復進口),768,6104
2020-12,39219010,玻璃纖維強化塑膠板、片及扁條,匈牙利,進口總值(含復進口),1,19
2020-12,39219010,玻璃纖維強化塑膠板、片及扁條,南韓,進口總值(含復進口),642,57091
2020-12,39219010,玻璃纖維強化塑膠板、片及扁條,美國,進口總值(含復進口),198,11703
2020-12,39219010,玻璃纖維強化塑膠板、片及扁條,英國,進口總值(含復進口),7,236
2020-12,39219010,玻璃纖維強化塑膠板、片及扁條,泰國,進口總值(含復進口),41,6960
2020-12,39219010,玻璃纖維強化塑膠板、片及扁條,奧地利,進口總值(含復進口),6,131
2020-12,39219010,玻璃纖維強化塑膠板、片及扁條,愛爾蘭,進口總值(含復進口),50,702
2020-12,39219010,玻璃纖維強化塑膠板、片及扁條,德國,進口總值(含復進口),64,6496
2020-12,39219010,玻璃纖維強化塑膠板、片及扁條,羅馬尼亞,進口總值(含復進口),15,512
2020-12,39219010,玻璃纖維強化塑膠板、片及扁條,中國大陸,出口總值(含復出口),927,35345
2020-12,39219010,玻璃纖維強化塑膠板、片及扁條,日本,出口總值(含復出口),178,26108
2020-12,39219010,玻璃纖維強化塑膠板、片及扁條,瓜地馬拉,出口總值(含復出口),9,852
2020-12,39219010,玻璃纖維強化塑膠板、片及扁條,印尼,出口總值(含復出口),3,339
2020-12,39219010,玻璃纖維強化塑膠板、片及扁條,印度,出口總值(含復出口),103,61440
2020-12,39219010,玻璃纖維強化塑膠板、片及扁條,沙烏地阿拉伯,出口總值(含復出口),75,12092
2020-12,39219010,玻璃纖維強化塑膠板、片及扁條,帛琉,出口總值(含復出口),2,638
2020-12,39219010,玻璃纖維強化塑膠板、片及扁條,阿拉伯聯合大公國,出口總值(含復出口),9,45
2020-12,39219010,玻璃纖維強化塑膠板、片及扁條,南韓,出口總值(含復出口),266,48313
2020-12,39219010,玻璃纖維強化塑膠板、片及扁條,科威特,出口總值(含復出口),0,36
2020-12,39219010,玻璃纖維強化塑膠板、片及扁條,美國,出口總值(含復出口),25,3923
2020-12,39219010,玻璃纖維強化塑膠板、片及扁條,英國,出口總值(含復出口),4,49
2020-12,39219010,玻璃纖維強化塑膠板、片及扁條,香港,出口總值(含復出口),5,878
2020-12,39219010,玻璃纖維強化塑膠板、片及扁條,泰國,出口總值(含復出口),936,139307
2020-12,39219010,玻璃纖維強化塑膠板、片及扁條,馬來西亞,出口總值(含復出口),211,39442
2020-12,39219010,玻璃纖維強化塑膠板、片及扁條,菲律賓,出口總值(含復出口),15,1215
2020-12,39219010,玻璃纖維強化塑膠板、片及扁條,越南,出口總值(含復出口),255,33884
2020-12,39219010,玻璃纖維強化塑膠板、片及扁條,新加坡,出口總值(含復出口),11,608
2020-12,39219010,玻璃纖維強化塑膠板、片及扁條,瑞士,出口總值(含復出口),13,612
2020-12,39219010,玻璃纖維強化塑膠板、片及扁條,義大利,出口總值(含復出口),92,16509
2020-12,39219010,玻璃纖維強化塑膠板、片及扁條,德國,出口總值(含復出口),151,16075
2020-12,39219010,玻璃纖維強化塑膠板、片及扁條,墨西哥,出口總值(含復出口),15,2092
2020-1,39231010,塑膠製箱子、盒子、籃子及類似品，其形狀或適合供運輸或包裝半導體晶圓或網線,中國大陸,進口總值(含復進口),536,53577
2020-1,39231010,塑膠製箱子、盒子、籃子及類似品，其形狀或適合供運輸或包裝半導體晶圓或網線,中華民國,進口總值(含復進口),15,6276
2020-1,39231010,塑膠製箱子、盒子、籃子及類似品，其形狀或適合供運輸或包裝半導體晶圓或網線,日本,進口總值(含復進口),1453,76162
2020-1,39231010,塑膠製箱子、盒子、籃子及類似品，其形狀或適合供運輸或包裝半導體晶圓或網線,加拿大,進口總值(含復進口),0,3
2020-1,39231010,塑膠製箱子、盒子、籃子及類似品，其形狀或適合供運輸或包裝半導體晶圓或網線,印尼,進口總值(含復進口),104,13196
2020-1,39231010,塑膠製箱子、盒子、籃子及類似品，其形狀或適合供運輸或包裝半導體晶圓或網線,南韓,進口總值(含復進口),325,20608
2020-1,39231010,塑膠製箱子、盒子、籃子及類似品，其形狀或適合供運輸或包裝半導體晶圓或網線,美國,進口總值(含復進口),620,35645
2020-1,39231010,塑膠製箱子、盒子、籃子及類似品，其形狀或適合供運輸或包裝半導體晶圓或網線,英國,進口總值(含復進口),3,68
2020-1,39231010,塑膠製箱子、盒子、籃子及類似品，其形狀或適合供運輸或包裝半導體晶圓或網線,泰國,進口總值(含復進口),0,10
2020-1,39231010,塑膠製箱子、盒子、籃子及類似品，其形狀或適合供運輸或包裝半導體晶圓或網線,馬來西亞,進口總值(含復進口),2248,42990
2020-1,39231010,塑膠製箱子、盒子、籃子及類似品，其形狀或適合供運輸或包裝半導體晶圓或網線,荷蘭,進口總值(含復進口),0,2
2020-1,39231010,塑膠製箱子、盒子、籃子及類似品，其形狀或適合供運輸或包裝半導體晶圓或網線,菲律賓,進口總值(含復進口),8,18
2020-1,39231010,塑膠製箱子、盒子、籃子及類似品，其形狀或適合供運輸或包裝半導體晶圓或網線,新加坡,進口總值(含復進口),0,1
2020-1,39231010,塑膠製箱子、盒子、籃子及類似品，其形狀或適合供運輸或包裝半導體晶圓或網線,德國,進口總值(含復進口),39,6649
2020-1,39231010,塑膠製箱子、盒子、籃子及類似品，其形狀或適合供運輸或包裝半導體晶圓或網線,中國大陸,出口總值(含復出口),588,42054
2020-1,39231010,塑膠製箱子、盒子、籃子及類似品，其形狀或適合供運輸或包裝半導體晶圓或網線,日本,出口總值(含復出口),805,87936
2020-1,39231010,塑膠製箱子、盒子、籃子及類似品，其形狀或適合供運輸或包裝半導體晶圓或網線,比利時,出口總值(含復出口),62,11048
2020-1,39231010,塑膠製箱子、盒子、籃子及類似品，其形狀或適合供運輸或包裝半導體晶圓或網線,加拿大,出口總值(含復出口),27,7730
2020-1,39231010,塑膠製箱子、盒子、籃子及類似品，其形狀或適合供運輸或包裝半導體晶圓或網線,伊拉克,出口總值(含復出口),0,8
2020-1,39231010,塑膠製箱子、盒子、籃子及類似品，其形狀或適合供運輸或包裝半導體晶圓或網線,印尼,出口總值(含復出口),2,249
2020-1,39231010,塑膠製箱子、盒子、籃子及類似品，其形狀或適合供運輸或包裝半導體晶圓或網線,印度,出口總值(含復出口),26,7615
2020-1,39231010,塑膠製箱子、盒子、籃子及類似品，其形狀或適合供運輸或包裝半導體晶圓或網線,西班牙,出口總值(含復出口),19,4883
2020-1,39231010,塑膠製箱子、盒子、籃子及類似品，其形狀或適合供運輸或包裝半導體晶圓或網線,辛巴威,出口總值(含復出口),1,20
2020-1,39231010,塑膠製箱子、盒子、籃子及類似品，其形狀或適合供運輸或包裝半導體晶圓或網線,拉脫維亞,出口總值(含復出口),13,8316
2020-1,39231010,塑膠製箱子、盒子、籃子及類似品，其形狀或適合供運輸或包裝半導體晶圓或網線,波蘭,出口總值(含復出口),3,1440
2020-1,39231010,塑膠製箱子、盒子、籃子及類似品，其形狀或適合供運輸或包裝半導體晶圓或網線,法國,出口總值(含復出口),61,20
2020-1,39231010,塑膠製箱子、盒子、籃子及類似品，其形狀或適合供運輸或包裝半導體晶圓或網線,阿拉伯聯合大公國,出口總值(含復出口),75,17077
2020-1,39231010,塑膠製箱子、盒子、籃子及類似品，其形狀或適合供運輸或包裝半導體晶圓或網線,南非,出口總值(含復出口),24,12447
2020-1,39231010,塑膠製箱子、盒子、籃子及類似品，其形狀或適合供運輸或包裝半導體晶圓或網線,南韓,出口總值(含復出口),224,20371
2020-1,39231010,塑膠製箱子、盒子、籃子及類似品，其形狀或適合供運輸或包裝半導體晶圓或網線,柬埔寨,出口總值(含復出口),0,59
2020-1,39231010,塑膠製箱子、盒子、籃子及類似品，其形狀或適合供運輸或包裝半導體晶圓或網線,美國,出口總值(含復出口),196,48421
2020-1,39231010,塑膠製箱子、盒子、籃子及類似品，其形狀或適合供運輸或包裝半導體晶圓或網線,英國,出口總值(含復出口),12,1658
2020-1,39231010,塑膠製箱子、盒子、籃子及類似品，其形狀或適合供運輸或包裝半導體晶圓或網線,香港,出口總值(含復出口),18,1080
2020-1,39231010,塑膠製箱子、盒子、籃子及類似品，其形狀或適合供運輸或包裝半導體晶圓或網線,挪威,出口總值(含復出口),3,366
2020-1,39231010,塑膠製箱子、盒子、籃子及類似品，其形狀或適合供運輸或包裝半導體晶圓或網線,馬來西亞,出口總值(含復出口),72,13856
2020-1,39231010,塑膠製箱子、盒子、籃子及類似品，其形狀或適合供運輸或包裝半導體晶圓或網線,斯洛伐克,出口總值(含復出口),9,234
2020-1,39231010,塑膠製箱子、盒子、籃子及類似品，其形狀或適合供運輸或包裝半導體晶圓或網線,菲律賓,出口總值(含復出口),33,8311
2020-1,39231010,塑膠製箱子、盒子、籃子及類似品，其形狀或適合供運輸或包裝半導體晶圓或網線,越南,出口總值(含復出口),14,2285
2020-1,39231010,塑膠製箱子、盒子、籃子及類似品，其形狀或適合供運輸或包裝半導體晶圓或網線,塞內加爾,出口總值(含復出口),0,60
2020-1,39231010,塑膠製箱子、盒子、籃子及類似品，其形狀或適合供運輸或包裝半導體晶圓或網線,新加坡,出口總值(含復出口),25,5320
2020-1,39231010,塑膠製箱子、盒子、籃子及類似品，其形狀或適合供運輸或包裝半導體晶圓或網線,德國,出口總值(含復出口),52,8888
2020-1,39231010,塑膠製箱子、盒子、籃子及類似品，其形狀或適合供運輸或包裝半導體晶圓或網線,澳大利亞,出口總值(含復出口),10,1886
2020-1,39231010,塑膠製箱子、盒子、籃子及類似品，其形狀或適合供運輸或包裝半導體晶圓或網線,薩爾瓦多,出口總值(含復出口),1,36
2020-1,39239090,其他供輸送或包裝貨物之塑膠製品,中國大陸,進口總值(含復進口),6178,1590197
2020-1,39239090,其他供輸送或包裝貨物之塑膠製品,中華民國,進口總值(含復進口),277,103430
2020-1,39239090,其他供輸送或包裝貨物之塑膠製品,丹麥,進口總值(含復進口),4,600
2020-1,39239090,其他供輸送或包裝貨物之塑膠製品,巴林,進口總值(含復進口),21,10488
2020-1,39239090,其他供輸送或包裝貨物之塑膠製品,日本,進口總值(含復進口),1030,116794
2020-1,39239090,其他供輸送或包裝貨物之塑膠製品,印度,進口總值(含復進口),0,7
2020-1,39239090,其他供輸送或包裝貨物之塑膠製品,西班牙,進口總值(含復進口),0,1
2020-1,39239090,其他供輸送或包裝貨物之塑膠製品,拉脫維亞,進口總值(含復進口),4,282
2020-1,39239090,其他供輸送或包裝貨物之塑膠製品,法國,進口總值(含復進口),0,6
2020-1,39239090,其他供輸送或包裝貨物之塑膠製品,南韓,進口總值(含復進口),1235,264210
2020-1,39239090,其他供輸送或包裝貨物之塑膠製品,美國,進口總值(含復進口),532,73078
2020-1,39239090,其他供輸送或包裝貨物之塑膠製品,英國,進口總值(含復進口),37,2480
2020-1,39239090,其他供輸送或包裝貨物之塑膠製品,香港,進口總值(含復進口),2,24
2020-1,39239090,其他供輸送或包裝貨物之塑膠製品,泰國,進口總值(含復進口),253,34689
2020-1,39239090,其他供輸送或包裝貨物之塑膠製品,馬來西亞,進口總值(含復進口),1315,116449
2020-1,39239090,其他供輸送或包裝貨物之塑膠製品,荷蘭,進口總值(含復進口),14,851
2020-1,39239090,其他供輸送或包裝貨物之塑膠製品,菲律賓,進口總值(含復進口),183,37057
2020-1,39239090,其他供輸送或包裝貨物之塑膠製品,越南,進口總值(含復進口),23,3963
2020-1,39239090,其他供輸送或包裝貨物之塑膠製品,愛爾蘭,進口總值(含復進口),0,43
2020-1,39239090,其他供輸送或包裝貨物之塑膠製品,新加坡,進口總值(含復進口),107,44774
2020-1,39239090,其他供輸送或包裝貨物之塑膠製品,瑞士,進口總值(含復進口),0,0
2020-1,39239090,其他供輸送或包裝貨物之塑膠製品,義大利,進口總值(含復進口),3,123
2020-1,39239090,其他供輸送或包裝貨物之塑膠製品,葡萄牙,進口總值(含復進口),1,98
2020-1,39239090,其他供輸送或包裝貨物之塑膠製品,德國,進口總值(含復進口),615,79944
2020-1,39239090,其他供輸送或包裝貨物之塑膠製品,墨西哥,進口總值(含復進口),1,28
2020-1,39239090,其他供輸送或包裝貨物之塑膠製品,中國大陸,出口總值(含復出口),2720,1094585
2020-1,39239090,其他供輸送或包裝貨物之塑膠製品,巴西,出口總值(含復出口),187,73981
2020-1,39239090,其他供輸送或包裝貨物之塑膠製品,巴拿馬,出口總值(含復出口),54,12785
2020-1,39239090,其他供輸送或包裝貨物之塑膠製品,巴基斯坦,出口總值(含復出口),1,136
2020-1,39239090,其他供輸送或包裝貨物之塑膠製品,日本,出口總值(含復出口),916,122244
2020-1,39239090,其他供輸送或包裝貨物之塑膠製品,比利時,出口總值(含復出口),66,2865
2020-1,39239090,其他供輸送或包裝貨物之塑膠製品,加拿大,出口總值(含復出口),122,28304
2020-1,39239090,其他供輸送或包裝貨物之塑膠製品,卡達,出口總值(含復出口),20,7204
2020-1,39239090,其他供輸送或包裝貨物之塑膠製品,瓜地馬拉,出口總值(含復出口),3,1103
2020-1,39239090,其他供輸送或包裝貨物之塑膠製品,伊拉克,出口總值(含復出口),23,10560
2020-1,39239090,其他供輸送或包裝貨物之塑膠製品,印尼,出口總值(含復出口),36,13782
2020-1,39239090,其他供輸送或包裝貨物之塑膠製品,印度,出口總值(含復出口),7,787
2020-1,39239090,其他供輸送或包裝貨物之塑膠製品,西班牙,出口總值(含復出口),10,414
2020-1,39239090,其他供輸送或包裝貨物之塑膠製品,沙烏地阿拉伯,出口總值(含復出口),73,18256
2020-1,39239090,其他供輸送或包裝貨物之塑膠製品,汶萊,出口總值(含復出口),7,3014
2020-1,39239090,其他供輸送或包裝貨物之塑膠製品,波蘭,出口總值(含復出口),43,2205
2020-1,39239090,其他供輸送或包裝貨物之塑膠製品,法國,出口總值(含復出口),53,2262
2020-1,39239090,其他供輸送或包裝貨物之塑膠製品,阿拉伯聯合大公國,出口總值(含復出口),29,10727
2020-1,39239090,其他供輸送或包裝貨物之塑膠製品,南韓,出口總值(含復出口),887,398070
2020-1,39239090,其他供輸送或包裝貨物之塑膠製品,柬埔寨,出口總值(含復出口),4,1333
2020-1,39239090,其他供輸送或包裝貨物之塑膠製品,美國,出口總值(含復出口),2516,822305
2020-1,39239090,其他供輸送或包裝貨物之塑膠製品,英國,出口總值(含復出口),263,44909
2020-1,39239090,其他供輸送或包裝貨物之塑膠製品,香港,出口總值(含復出口),410,114821
2020-1,39239090,其他供輸送或包裝貨物之塑膠製品,哥倫比亞,出口總值(含復出口),73,12692
2020-1,39239090,其他供輸送或包裝貨物之塑膠製品,哥斯大黎加,出口總值(含復出口),19,7516
2020-1,39239090,其他供輸送或包裝貨物之塑膠製品,泰國,出口總值(含復出口),100,12645
2020-1,39239090,其他供輸送或包裝貨物之塑膠製品,烏克蘭,出口總值(含復出口),8,2100
2020-1,39239090,其他供輸送或包裝貨物之塑膠製品,烏拉圭,出口總值(含復出口),39,12302
2020-1,39239090,其他供輸送或包裝貨物之塑膠製品,紐西蘭,出口總值(含復出口),29,3494
2020-1,39239090,其他供輸送或包裝貨物之塑膠製品,馬來西亞,出口總值(含復出口),220,45195
2020-1,39239090,其他供輸送或包裝貨物之塑膠製品,荷蘭,出口總值(含復出口),375,16624
2020-1,39239090,其他供輸送或包裝貨物之塑膠製品,斯里蘭卡,出口總值(含復出口),21,15114
2020-1,39239090,其他供輸送或包裝貨物之塑膠製品,智利,出口總值(含復出口),36,13971
2020-1,39239090,其他供輸送或包裝貨物之塑膠製品,菲律賓,出口總值(含復出口),186,61051
2020-1,39239090,其他供輸送或包裝貨物之塑膠製品,越南,出口總值(含復出口),49,5138
2020-1,39239090,其他供輸送或包裝貨物之塑膠製品,新加坡,出口總值(含復出口),102,31992
2020-1,39239090,其他供輸送或包裝貨物之塑膠製品,瑞士,出口總值(含復出口),2,68
2020-1,39239090,其他供輸送或包裝貨物之塑膠製品,瑞典,出口總值(含復出口),18,4020
2020-1,39239090,其他供輸送或包裝貨物之塑膠製品,義大利,出口總值(含復出口),483,32640
2020-1,39239090,其他供輸送或包裝貨物之塑膠製品,德國,出口總值(含復出口),101,11154
2020-1,39239090,其他供輸送或包裝貨物之塑膠製品,墨西哥,出口總值(含復出口),94,19779
2020-1,39239090,其他供輸送或包裝貨物之塑膠製品,澳大利亞,出口總值(含復出口),96,40114
2020-1,39239090,其他供輸送或包裝貨物之塑膠製品,賽普勒斯,出口總值(含復出口),3,233
2020-1,39269012,電氣絕緣用塑膠製品,中國大陸,進口總值(含復進口),54,1538
2020-1,39269012,電氣絕緣用塑膠製品,中華民國,進口總值(含復進口),106,37540
2020-1,39269012,電氣絕緣用塑膠製品,日本,進口總值(含復進口),276,1157
2020-1,39269012,電氣絕緣用塑膠製品,西班牙,進口總值(含復進口),1,62
2020-1,39269012,電氣絕緣用塑膠製品,法國,進口總值(含復進口),0,2
2020-1,39269012,電氣絕緣用塑膠製品,南韓,進口總值(含復進口),3,220
2020-1,39269012,電氣絕緣用塑膠製品,美國,進口總值(含復進口),6,51
2020-1,39269012,電氣絕緣用塑膠製品,哥斯大黎加,進口總值(含復進口),7,0
2020-1,39269012,電氣絕緣用塑膠製品,越南,進口總值(含復進口),23,9238
2020-1,39269012,電氣絕緣用塑膠製品,瑞士,進口總值(含復進口),0,2
2020-1,39269012,電氣絕緣用塑膠製品,德國,進口總值(含復進口),0,12
2020-1,39269012,電氣絕緣用塑膠製品,土耳其,出口總值(含復出口),8,1125
2020-1,39269012,電氣絕緣用塑膠製品,中國大陸,出口總值(含復出口),41,5719
2020-1,39269012,電氣絕緣用塑膠製品,日本,出口總值(含復出口),1,60
2020-1,39269012,電氣絕緣用塑膠製品,加拿大,出口總值(含復出口),263,70808
2020-1,39269012,電氣絕緣用塑膠製品,立陶宛,出口總值(含復出口),21,2556
2020-1,39269012,電氣絕緣用塑膠製品,匈牙利,出口總值(含復出口),21,4585
2020-1,39269012,電氣絕緣用塑膠製品,印尼,出口總值(含復出口),5,378
2020-1,39269012,電氣絕緣用塑膠製品,西班牙,出口總值(含復出口),85,21385
2020-1,39269012,電氣絕緣用塑膠製品,沙烏地阿拉伯,出口總值(含復出口),28,9270
2020-1,39269012,電氣絕緣用塑膠製品,孟加拉,出口總值(含復出口),37,18000
2020-1,39269012,電氣絕緣用塑膠製品,拉脫維亞,出口總值(含復出口),41,10297
2020-1,39269012,電氣絕緣用塑膠製品,法國,出口總值(含復出口),18,1025
2020-1,39269012,電氣絕緣用塑膠製品,南非,出口總值(含復出口),15,3489
2020-1,39269012,電氣絕緣用塑膠製品,南韓,出口總值(含復出口),84,28648
2020-1,39269012,電氣絕緣用塑膠製品,柬埔寨,出口總值(含復出口),2,40
2020-1,39269012,電氣絕緣用塑膠製品,美國,出口總值(含復出口),369,83710
2020-1,39269012,電氣絕緣用塑膠製品,香港,出口總值(含復出口),7,305
2020-1,39269012,電氣絕緣用塑膠製品,哥倫比亞,出口總值(含復出口),101,36382
2020-1,39269012,電氣絕緣用塑膠製品,埃及,出口總值(含復出口),68,21799
2020-1,39269012,電氣絕緣用塑膠製品,馬來西亞,出口總值(含復出口),92,5645
2020-1,39269012,電氣絕緣用塑膠製品,敘利亞,出口總值(含復出口),69,23560
2020-1,39269012,電氣絕緣用塑膠製品,荷蘭,出口總值(含復出口),30,8007
2020-1,39269012,電氣絕緣用塑膠製品,菲律賓,出口總值(含復出口),20,13675
2020-1,39269012,電氣絕緣用塑膠製品,越南,出口總值(含復出口),46,2197
2020-1,39269012,電氣絕緣用塑膠製品,奧地利,出口總值(含復出口),3,496
2020-1,39269012,電氣絕緣用塑膠製品,義大利,出口總值(含復出口),75,16541
2020-1,39269012,電氣絕緣用塑膠製品,德國,出口總值(含復出口),7,1458
2020-1,39269012,電氣絕緣用塑膠製品,摩洛哥,出口總值(含復出口),59,23551
2020-1,39269012,電氣絕緣用塑膠製品,緬甸,出口總值(含復出口),0,40
2020-1,39269012,電氣絕緣用塑膠製品,墨西哥,出口總值(含復出口),60,16407
2020-1,39269012,電氣絕緣用塑膠製品,澳大利亞,出口總值(含復出口),40,5872
2020-2,39231010,塑膠製箱子、盒子、籃子及類似品，其形狀或適合供運輸或包裝半導體晶圓或網線,中國大陸,進口總值(含復進口),175,12320
2020-2,39231010,塑膠製箱子、盒子、籃子及類似品，其形狀或適合供運輸或包裝半導體晶圓或網線,中華民國,進口總值(含復進口),5,4050
2020-2,39231010,塑膠製箱子、盒子、籃子及類似品，其形狀或適合供運輸或包裝半導體晶圓或網線,日本,進口總值(含復進口),2362,126924
2020-2,39231010,塑膠製箱子、盒子、籃子及類似品，其形狀或適合供運輸或包裝半導體晶圓或網線,加拿大,進口總值(含復進口),0,0
2020-2,39231010,塑膠製箱子、盒子、籃子及類似品，其形狀或適合供運輸或包裝半導體晶圓或網線,印尼,進口總值(含復進口),704,89311
2020-2,39231010,塑膠製箱子、盒子、籃子及類似品，其形狀或適合供運輸或包裝半導體晶圓或網線,西班牙,進口總值(含復進口),21,3920
2020-2,39231010,塑膠製箱子、盒子、籃子及類似品，其形狀或適合供運輸或包裝半導體晶圓或網線,波蘭,進口總值(含復進口),1,19
2020-2,39231010,塑膠製箱子、盒子、籃子及類似品，其形狀或適合供運輸或包裝半導體晶圓或網線,南韓,進口總值(含復進口),124,10989
2020-2,39231010,塑膠製箱子、盒子、籃子及類似品，其形狀或適合供運輸或包裝半導體晶圓或網線,美國,進口總值(含復進口),770,51273
2020-2,39231010,塑膠製箱子、盒子、籃子及類似品，其形狀或適合供運輸或包裝半導體晶圓或網線,香港,進口總值(含復進口),0,40
2020-2,39231010,塑膠製箱子、盒子、籃子及類似品，其形狀或適合供運輸或包裝半導體晶圓或網線,馬來西亞,進口總值(含復進口),296,12958
2020-2,39231010,塑膠製箱子、盒子、籃子及類似品，其形狀或適合供運輸或包裝半導體晶圓或網線,菲律賓,進口總值(含復進口),6,59
2020-2,39231010,塑膠製箱子、盒子、籃子及類似品，其形狀或適合供運輸或包裝半導體晶圓或網線,新加坡,進口總值(含復進口),15,1200
2020-2,39231010,塑膠製箱子、盒子、籃子及類似品，其形狀或適合供運輸或包裝半導體晶圓或網線,瑞士,進口總值(含復進口),0,15
2020-2,39231010,塑膠製箱子、盒子、籃子及類似品，其形狀或適合供運輸或包裝半導體晶圓或網線,德國,進口總值(含復進口),44,5088
2020-2,39231010,塑膠製箱子、盒子、籃子及類似品，其形狀或適合供運輸或包裝半導體晶圓或網線,中國大陸,出口總值(含復出口),362,30352
2020-2,39231010,塑膠製箱子、盒子、籃子及類似品，其形狀或適合供運輸或包裝半導體晶圓或網線,日本,出口總值(含復出口),685,81118
2020-2,39231010,塑膠製箱子、盒子、籃子及類似品，其形狀或適合供運輸或包裝半導體晶圓或網線,印度,出口總值(含復出口),1,45
2020-2,39231010,塑膠製箱子、盒子、籃子及類似品，其形狀或適合供運輸或包裝半導體晶圓或網線,其他國家,出口總值(含復出口),1,55
2020-2,39231010,塑膠製箱子、盒子、籃子及類似品，其形狀或適合供運輸或包裝半導體晶圓或網線,阿拉伯聯合大公國,出口總值(含復出口),30,6578
2020-2,39231010,塑膠製箱子、盒子、籃子及類似品，其形狀或適合供運輸或包裝半導體晶圓或網線,南韓,出口總值(含復出口),429,37429
2020-2,39231010,塑膠製箱子、盒子、籃子及類似品，其形狀或適合供運輸或包裝半導體晶圓或網線,美國,出口總值(含復出口),107,26512
2020-2,39231010,塑膠製箱子、盒子、籃子及類似品，其形狀或適合供運輸或包裝半導體晶圓或網線,英國,出口總值(含復出口),47,8667
2020-2,39231010,塑膠製箱子、盒子、籃子及類似品，其形狀或適合供運輸或包裝半導體晶圓或網線,香港,出口總值(含復出口),19,1169
2020-2,39231010,塑膠製箱子、盒子、籃子及類似品，其形狀或適合供運輸或包裝半導體晶圓或網線,烏克蘭,出口總值(含復出口),7,893
2020-2,39231010,塑膠製箱子、盒子、籃子及類似品，其形狀或適合供運輸或包裝半導體晶圓或網線,馬來西亞,出口總值(含復出口),91,20668
2020-2,39231010,塑膠製箱子、盒子、籃子及類似品，其形狀或適合供運輸或包裝半導體晶圓或網線,荷蘭,出口總值(含復出口),13,1260
2020-2,39231010,塑膠製箱子、盒子、籃子及類似品，其形狀或適合供運輸或包裝半導體晶圓或網線,菲律賓,出口總值(含復出口),4,7
2020-2,39231010,塑膠製箱子、盒子、籃子及類似品，其形狀或適合供運輸或包裝半導體晶圓或網線,越南,出口總值(含復出口),4,750
2020-2,39231010,塑膠製箱子、盒子、籃子及類似品，其形狀或適合供運輸或包裝半導體晶圓或網線,奧地利,出口總值(含復出口),4,219
2020-2,39231010,塑膠製箱子、盒子、籃子及類似品，其形狀或適合供運輸或包裝半導體晶圓或網線,新加坡,出口總值(含復出口),69,6017
2020-2,39231010,塑膠製箱子、盒子、籃子及類似品，其形狀或適合供運輸或包裝半導體晶圓或網線,德國,出口總值(含復出口),23,5645
2020-2,39231010,塑膠製箱子、盒子、籃子及類似品，其形狀或適合供運輸或包裝半導體晶圓或網線,墨西哥,出口總值(含復出口),11,750
2020-2,39231010,塑膠製箱子、盒子、籃子及類似品，其形狀或適合供運輸或包裝半導體晶圓或網線,澳大利亞,出口總值(含復出口),8,1655
2020-2,39239090,其他供輸送或包裝貨物之塑膠製品,中國大陸,進口總值(含復進口),2896,658977
2020-2,39239090,其他供輸送或包裝貨物之塑膠製品,中華民國,進口總值(含復進口),58,25953
2020-2,39239090,其他供輸送或包裝貨物之塑膠製品,巴林,進口總值(含復進口),22,10626
2020-2,39239090,其他供輸送或包裝貨物之塑膠製品,日本,進口總值(含復進口),1868,245794
2020-2,39239090,其他供輸送或包裝貨物之塑膠製品,比利時,進口總值(含復進口),1,275
2020-2,39239090,其他供輸送或包裝貨物之塑膠製品,印尼,進口總值(含復進口),0,64
2020-2,39239090,其他供輸送或包裝貨物之塑膠製品,印度,進口總值(含復進口),0,5
2020-2,39239090,其他供輸送或包裝貨物之塑膠製品,法國,進口總值(含復進口),98,9775
2020-2,39239090,其他供輸送或包裝貨物之塑膠製品,南韓,進口總值(含復進口),1460,289423
2020-2,39239090,其他供輸送或包裝貨物之塑膠製品,美國,進口總值(含復進口),838,134962
2020-2,39239090,其他供輸送或包裝貨物之塑膠製品,香港,進口總值(含復進口),10,125
2020-2,39239090,其他供輸送或包裝貨物之塑膠製品,泰國,進口總值(含復進口),558,86774
2020-2,39239090,其他供輸送或包裝貨物之塑膠製品,馬來西亞,進口總值(含復進口),1126,128082
2020-2,39239090,其他供輸送或包裝貨物之塑膠製品,荷蘭,進口總值(含復進口),4,78
2020-2,39239090,其他供輸送或包裝貨物之塑膠製品,菲律賓,進口總值(含復進口),277,72940
2020-2,39239090,其他供輸送或包裝貨物之塑膠製品,越南,進口總值(含復進口),22,3721
2020-2,39239090,其他供輸送或包裝貨物之塑膠製品,新加坡,進口總值(含復進口),103,32798
2020-2,39239090,其他供輸送或包裝貨物之塑膠製品,瑞典,進口總值(含復進口),0,4
2020-2,39239090,其他供輸送或包裝貨物之塑膠製品,義大利,進口總值(含復進口),75,20816
2020-2,39239090,其他供輸送或包裝貨物之塑膠製品,葡萄牙,進口總值(含復進口),1,98
2020-2,39239090,其他供輸送或包裝貨物之塑膠製品,德國,進口總值(含復進口),740,99695
2020-2,39239090,其他供輸送或包裝貨物之塑膠製品,墨西哥,進口總值(含復進口),0,7
2020-2,39239090,其他供輸送或包裝貨物之塑膠製品,澳大利亞,進口總值(含復進口),28,2180
2020-2,39239090,其他供輸送或包裝貨物之塑膠製品,中國大陸,出口總值(含復出口),2833,716961
2020-2,39239090,其他供輸送或包裝貨物之塑膠製品,巴西,出口總值(含復出口),106,33099
2020-2,39239090,其他供輸送或包裝貨物之塑膠製品,巴林,出口總值(含復出口),2,135
2020-2,39239090,其他供輸送或包裝貨物之塑膠製品,巴拿馬,出口總值(含復出口),23,12610
2020-2,39239090,其他供輸送或包裝貨物之塑膠製品,巴基斯坦,出口總值(含復出口),3,172
2020-2,39239090,其他供輸送或包裝貨物之塑膠製品,日本,出口總值(含復出口),1067,149163
2020-2,39239090,其他供輸送或包裝貨物之塑膠製品,比利時,出口總值(含復出口),3,326
2020-2,39239090,其他供輸送或包裝貨物之塑膠製品,以色列,出口總值(含復出口),12,1275
2020-2,39239090,其他供輸送或包裝貨物之塑膠製品,加拿大,出口總值(含復出口),117,31652
2020-2,39239090,其他供輸送或包裝貨物之塑膠製品,匈牙利,出口總值(含復出口),13,1320
2020-2,39239090,其他供輸送或包裝貨物之塑膠製品,印尼,出口總值(含復出口),43,4883
2020-2,39239090,其他供輸送或包裝貨物之塑膠製品,印度,出口總值(含復出口),24,7247
2020-2,39239090,其他供輸送或包裝貨物之塑膠製品,多明尼加,出口總值(含復出口),2,895
2020-2,39239090,其他供輸送或包裝貨物之塑膠製品,宏都拉斯,出口總值(含復出口),15,2031
2020-2,39239090,其他供輸送或包裝貨物之塑膠製品,希臘,出口總值(含復出口),17,1004
2020-2,39239090,其他供輸送或包裝貨物之塑膠製品,沙烏地阿拉伯,出口總值(含復出口),15,5539
2020-2,39239090,其他供輸送或包裝貨物之塑膠製品,其他國家,出口總值(含復出口),5,960
2020-2,39239090,其他供輸送或包裝貨物之塑膠製品,波多黎各,出口總值(含復出口),8,3520
2020-2,39239090,其他供輸送或包裝貨物之塑膠製品,波蘭,出口總值(含復出口),11,191
2020-2,39239090,其他供輸送或包裝貨物之塑膠製品,法國,出口總值(含復出口),34,2302
2020-2,39239090,其他供輸送或包裝貨物之塑膠製品,俄羅斯,出口總值(含復出口),9,43
2020-2,39239090,其他供輸送或包裝貨物之塑膠製品,南韓,出口總值(含復出口),767,181601
2020-2,39239090,其他供輸送或包裝貨物之塑膠製品,柬埔寨,出口總值(含復出口),6,1485
2020-2,39239090,其他供輸送或包裝貨物之塑膠製品,美國,出口總值(含復出口),2965,1154968
2020-2,39239090,其他供輸送或包裝貨物之塑膠製品,英國,出口總值(含復出口),52,4851
2020-2,39239090,其他供輸送或包裝貨物之塑膠製品,香港,出口總值(含復出口),269,107713
2020-2,39239090,其他供輸送或包裝貨物之塑膠製品,哥倫比亞,出口總值(含復出口),34,3017
2020-2,39239090,其他供輸送或包裝貨物之塑膠製品,泰國,出口總值(含復出口),41,4247
2020-2,39239090,其他供輸送或包裝貨物之塑膠製品,秘魯,出口總值(含復出口),16,2967
2020-2,39239090,其他供輸送或包裝貨物之塑膠製品,紐西蘭,出口總值(含復出口),57,9341
2020-2,39239090,其他供輸送或包裝貨物之塑膠製品,馬來西亞,出口總值(含復出口),178,17804
2020-2,39239090,其他供輸送或包裝貨物之塑膠製品,荷蘭,出口總值(含復出口),303,9568
2020-2,39239090,其他供輸送或包裝貨物之塑膠製品,喬治亞,出口總值(含復出口),9,3614
2020-2,39239090,其他供輸送或包裝貨物之塑膠製品,智利,出口總值(含復出口),15,4294
2020-2,39239090,其他供輸送或包裝貨物之塑膠製品,菲律賓,出口總值(含復出口),195,65066
2020-2,39239090,其他供輸送或包裝貨物之塑膠製品,越南,出口總值(含復出口),167,28830
2020-2,39239090,其他供輸送或包裝貨物之塑膠製品,愛爾蘭,出口總值(含復出口),10,1852
2020-2,39239090,其他供輸送或包裝貨物之塑膠製品,新加坡,出口總值(含復出口),167,29054
2020-2,39239090,其他供輸送或包裝貨物之塑膠製品,瑞士,出口總值(含復出口),21,448
2020-2,39239090,其他供輸送或包裝貨物之塑膠製品,瑞典,出口總值(含復出口),18,4046
2020-2,39239090,其他供輸送或包裝貨物之塑膠製品,義大利,出口總值(含復出口),583,38045
2020-2,39239090,其他供輸送或包裝貨物之塑膠製品,德國,出口總值(含復出口),35,3582
2020-2,39239090,其他供輸送或包裝貨物之塑膠製品,模里西斯,出口總值(含復出口),24,8304
2020-2,39239090,其他供輸送或包裝貨物之塑膠製品,墨西哥,出口總值(含復出口),84,14795
2020-2,39239090,其他供輸送或包裝貨物之塑膠製品,澳大利亞,出口總值(含復出口),73,30653
2020-2,39269012,電氣絕緣用塑膠製品,中國大陸,進口總值(含復進口),40,1346
2020-2,39269012,電氣絕緣用塑膠製品,中華民國,進口總值(含復進口),111,37642
2020-2,39269012,電氣絕緣用塑膠製品,日本,進口總值(含復進口),458,2896
2020-2,39269012,電氣絕緣用塑膠製品,匈牙利,進口總值(含復進口),0,0
2020-2,39269012,電氣絕緣用塑膠製品,西班牙,進口總值(含復進口),1,105
2020-2,39269012,電氣絕緣用塑膠製品,美國,進口總值(含復進口),3,148
2020-2,39269012,電氣絕緣用塑膠製品,哥斯大黎加,進口總值(含復進口),9,8
2020-2,39269012,電氣絕緣用塑膠製品,馬來西亞,進口總值(含復進口),0,1
2020-2,39269012,電氣絕緣用塑膠製品,越南,進口總值(含復進口),27,8051
2020-2,39269012,電氣絕緣用塑膠製品,新加坡,進口總值(含復進口),0,2
2020-2,39269012,電氣絕緣用塑膠製品,瑞士,進口總值(含復進口),0,1
2020-2,39269012,電氣絕緣用塑膠製品,德國,進口總值(含復進口),0,6
2020-2,39269012,電氣絕緣用塑膠製品,土耳其,出口總值(含復出口),24,6257
2020-2,39269012,電氣絕緣用塑膠製品,中國大陸,出口總值(含復出口),108,14669
2020-2,39269012,電氣絕緣用塑膠製品,日本,出口總值(含復出口),109,34000
2020-2,39269012,電氣絕緣用塑膠製品,加拿大,出口總值(含復出口),516,138191
2020-2,39269012,電氣絕緣用塑膠製品,印尼,出口總值(含復出口),5,321
2020-2,39269012,電氣絕緣用塑膠製品,印度,出口總值(含復出口),0,0
2020-2,39269012,電氣絕緣用塑膠製品,西班牙,出口總值(含復出口),33,12298
2020-2,39269012,電氣絕緣用塑膠製品,孟加拉,出口總值(含復出口),38,18000
2020-2,39269012,電氣絕緣用塑膠製品,法國,出口總值(含復出口),16,4459
2020-2,39269012,電氣絕緣用塑膠製品,南韓,出口總值(含復出口),174,62130
2020-2,39269012,電氣絕緣用塑膠製品,柬埔寨,出口總值(含復出口),4,57
2020-2,39269012,電氣絕緣用塑膠製品,美國,出口總值(含復出口),422,86470
2020-2,39269012,電氣絕緣用塑膠製品,英國,出口總值(含復出口),40,12887
2020-2,39269012,電氣絕緣用塑膠製品,香港,出口總值(含復出口),40,396
2020-2,39269012,電氣絕緣用塑膠製品,哥倫比亞,出口總值(含復出口),3,269
2020-2,39269012,電氣絕緣用塑膠製品,泰國,出口總值(含復出口),0,1
2020-2,39269012,電氣絕緣用塑膠製品,紐西蘭,出口總值(含復出口),2,606
2020-2,39269012,電氣絕緣用塑膠製品,馬來西亞,出口總值(含復出口),4,164
2020-2,39269012,電氣絕緣用塑膠製品,荷蘭,出口總值(含復出口),73,20545
2020-2,39269012,電氣絕緣用塑膠製品,菲律賓,出口總值(含復出口),6,3923
2020-2,39269012,電氣絕緣用塑膠製品,越南,出口總值(含復出口),16,494
2020-2,39269012,電氣絕緣用塑膠製品,新加坡,出口總值(含復出口),2,6
2020-2,39269012,電氣絕緣用塑膠製品,德國,出口總值(含復出口),42,7085
2020-2,39269012,電氣絕緣用塑膠製品,墨西哥,出口總值(含復出口),32,2427
2020-2,39269012,電氣絕緣用塑膠製品,澳大利亞,出口總值(含復出口),44,12878
2020-3,39231010,塑膠製箱子、盒子、籃子及類似品，其形狀或適合供運輸或包裝半導體晶圓或網線,中國大陸,進口總值(含復進口),720,52112
2020-3,39231010,塑膠製箱子、盒子、籃子及類似品，其形狀或適合供運輸或包裝半導體晶圓或網線,中華民國,進口總值(含復進口),37,189
2020-3,39231010,塑膠製箱子、盒子、籃子及類似品，其形狀或適合供運輸或包裝半導體晶圓或網線,丹麥,進口總值(含復進口),13,1671
2020-3,39231010,塑膠製箱子、盒子、籃子及類似品，其形狀或適合供運輸或包裝半導體晶圓或網線,日本,進口總值(含復進口),2527,116406
2020-3,39231010,塑膠製箱子、盒子、籃子及類似品，其形狀或適合供運輸或包裝半導體晶圓或網線,印尼,進口總值(含復進口),305,36949
2020-3,39231010,塑膠製箱子、盒子、籃子及類似品，其形狀或適合供運輸或包裝半導體晶圓或網線,印度,進口總值(含復進口),0,7
2020-3,39231010,塑膠製箱子、盒子、籃子及類似品，其形狀或適合供運輸或包裝半導體晶圓或網線,波蘭,進口總值(含復進口),0,64
2020-3,39231010,塑膠製箱子、盒子、籃子及類似品，其形狀或適合供運輸或包裝半導體晶圓或網線,法國,進口總值(含復進口),0,225
2020-3,39231010,塑膠製箱子、盒子、籃子及類似品，其形狀或適合供運輸或包裝半導體晶圓或網線,南韓,進口總值(含復進口),231,17321
2020-3,39231010,塑膠製箱子、盒子、籃子及類似品，其形狀或適合供運輸或包裝半導體晶圓或網線,美國,進口總值(含復進口),414,28841
2020-3,39231010,塑膠製箱子、盒子、籃子及類似品，其形狀或適合供運輸或包裝半導體晶圓或網線,英國,進口總值(含復進口),2,33
2020-3,39231010,塑膠製箱子、盒子、籃子及類似品，其形狀或適合供運輸或包裝半導體晶圓或網線,馬來西亞,進口總值(含復進口),3043,79904
2020-3,39231010,塑膠製箱子、盒子、籃子及類似品，其形狀或適合供運輸或包裝半導體晶圓或網線,荷蘭,進口總值(含復進口),1,12
2020-3,39231010,塑膠製箱子、盒子、籃子及類似品，其形狀或適合供運輸或包裝半導體晶圓或網線,菲律賓,進口總值(含復進口),2,10
2020-3,39231010,塑膠製箱子、盒子、籃子及類似品，其形狀或適合供運輸或包裝半導體晶圓或網線,奧地利,進口總值(含復進口),1,18
2020-3,39231010,塑膠製箱子、盒子、籃子及類似品，其形狀或適合供運輸或包裝半導體晶圓或網線,新加坡,進口總值(含復進口),5,3286
2020-3,39231010,塑膠製箱子、盒子、籃子及類似品，其形狀或適合供運輸或包裝半導體晶圓或網線,瑞典,進口總值(含復進口),0,0
2020-3,39231010,塑膠製箱子、盒子、籃子及類似品，其形狀或適合供運輸或包裝半導體晶圓或網線,德國,進口總值(含復進口),50,15285
2020-3,39231010,塑膠製箱子、盒子、籃子及類似品，其形狀或適合供運輸或包裝半導體晶圓或網線,中國大陸,出口總值(含復出口),685,45549
2020-3,39231010,塑膠製箱子、盒子、籃子及類似品，其形狀或適合供運輸或包裝半導體晶圓或網線,日本,出口總值(含復出口),644,66260
2020-3,39231010,塑膠製箱子、盒子、籃子及類似品，其形狀或適合供運輸或包裝半導體晶圓或網線,加拿大,出口總值(含復出口),8,2580
2020-3,39231010,塑膠製箱子、盒子、籃子及類似品，其形狀或適合供運輸或包裝半導體晶圓或網線,白俄羅斯,出口總值(含復出口),4,34
2020-3,39231010,塑膠製箱子、盒子、籃子及類似品，其形狀或適合供運輸或包裝半導體晶圓或網線,印度,出口總值(含復出口),25,7612
2020-3,39231010,塑膠製箱子、盒子、籃子及類似品，其形狀或適合供運輸或包裝半導體晶圓或網線,西班牙,出口總值(含復出口),1,163
2020-3,39231010,塑膠製箱子、盒子、籃子及類似品，其形狀或適合供運輸或包裝半導體晶圓或網線,帛琉,出口總值(含復出口),2,228
2020-3,39231010,塑膠製箱子、盒子、籃子及類似品，其形狀或適合供運輸或包裝半導體晶圓或網線,拉脫維亞,出口總值(含復出口),4,2515
2020-3,39231010,塑膠製箱子、盒子、籃子及類似品，其形狀或適合供運輸或包裝半導體晶圓或網線,波蘭,出口總值(含復出口),23,1877
2020-3,39231010,塑膠製箱子、盒子、籃子及類似品，其形狀或適合供運輸或包裝半導體晶圓或網線,法國,出口總值(含復出口),8,320
2020-3,39231010,塑膠製箱子、盒子、籃子及類似品，其形狀或適合供運輸或包裝半導體晶圓或網線,南韓,出口總值(含復出口),198,18461
2020-3,39231010,塑膠製箱子、盒子、籃子及類似品，其形狀或適合供運輸或包裝半導體晶圓或網線,美國,出口總值(含復出口),79,10079
2020-3,39231010,塑膠製箱子、盒子、籃子及類似品，其形狀或適合供運輸或包裝半導體晶圓或網線,英國,出口總值(含復出口),81,13320
2020-3,39231010,塑膠製箱子、盒子、籃子及類似品，其形狀或適合供運輸或包裝半導體晶圓或網線,香港,出口總值(含復出口),16,535
2020-3,39231010,塑膠製箱子、盒子、籃子及類似品，其形狀或適合供運輸或包裝半導體晶圓或網線,泰國,出口總值(含復出口),5,2506
2020-3,39231010,塑膠製箱子、盒子、籃子及類似品，其形狀或適合供運輸或包裝半導體晶圓或網線,烏拉圭,出口總值(含復出口),0,9
2020-3,39231010,塑膠製箱子、盒子、籃子及類似品，其形狀或適合供運輸或包裝半導體晶圓或網線,馬來西亞,出口總值(含復出口),182,28565
2020-3,39231010,塑膠製箱子、盒子、籃子及類似品，其形狀或適合供運輸或包裝半導體晶圓或網線,荷蘭,出口總值(含復出口),4,322
2020-3,39231010,塑膠製箱子、盒子、籃子及類似品，其形狀或適合供運輸或包裝半導體晶圓或網線,斯里蘭卡,出口總值(含復出口),1,126
2020-3,39231010,塑膠製箱子、盒子、籃子及類似品，其形狀或適合供運輸或包裝半導體晶圓或網線,菲律賓,出口總值(含復出口),107,727
2020-3,39231010,塑膠製箱子、盒子、籃子及類似品，其形狀或適合供運輸或包裝半導體晶圓或網線,越南,出口總值(含復出口),20,2427
2020-3,39231010,塑膠製箱子、盒子、籃子及類似品，其形狀或適合供運輸或包裝半導體晶圓或網線,新加坡,出口總值(含復出口),16,2174
2020-3,39231010,塑膠製箱子、盒子、籃子及類似品，其形狀或適合供運輸或包裝半導體晶圓或網線,義大利,出口總值(含復出口),3,73
2020-3,39231010,塑膠製箱子、盒子、籃子及類似品，其形狀或適合供運輸或包裝半導體晶圓或網線,德國,出口總值(含復出口),19,5146
2020-3,39231010,塑膠製箱子、盒子、籃子及類似品，其形狀或適合供運輸或包裝半導體晶圓或網線,澳大利亞,出口總值(含復出口),17,4455
2020-3,39239090,其他供輸送或包裝貨物之塑膠製品,中國大陸,進口總值(含復進口),7004,1828842
2020-3,39239090,其他供輸送或包裝貨物之塑膠製品,中華民國,進口總值(含復進口),505,258554
2020-3,39239090,其他供輸送或包裝貨物之塑膠製品,丹麥,進口總值(含復進口),6,201
2020-3,39239090,其他供輸送或包裝貨物之塑膠製品,日本,進口總值(含復進口),2116,270156
2020-3,39239090,其他供輸送或包裝貨物之塑膠製品,比利時,進口總值(含復進口),1,206
2020-3,39239090,其他供輸送或包裝貨物之塑膠製品,加拿大,進口總值(含復進口),0,1
2020-3,39239090,其他供輸送或包裝貨物之塑膠製品,法國,進口總值(含復進口),1,39
2020-3,39239090,其他供輸送或包裝貨物之塑膠製品,南韓,進口總值(含復進口),2121,379038
2020-3,39239090,其他供輸送或包裝貨物之塑膠製品,美國,進口總值(含復進口),660,85639
2020-3,39239090,其他供輸送或包裝貨物之塑膠製品,英國,進口總值(含復進口),0,137
2020-3,39239090,其他供輸送或包裝貨物之塑膠製品,泰國,進口總值(含復進口),764,120792
2020-3,39239090,其他供輸送或包裝貨物之塑膠製品,馬來西亞,進口總值(含復進口),1457,147144
2020-3,39239090,其他供輸送或包裝貨物之塑膠製品,馬爾他,進口總值(含復進口),7,293
2020-3,39239090,其他供輸送或包裝貨物之塑膠製品,捷克,進口總值(含復進口),3,2095
2020-3,39239090,其他供輸送或包裝貨物之塑膠製品,荷蘭,進口總值(含復進口),20,948
2020-3,39239090,其他供輸送或包裝貨物之塑膠製品,菲律賓,進口總值(含復進口),314,120210
2020-3,39239090,其他供輸送或包裝貨物之塑膠製品,越南,進口總值(含復進口),28,4029
2020-3,39239090,其他供輸送或包裝貨物之塑膠製品,新加坡,進口總值(含復進口),195,78295
2020-3,39239090,其他供輸送或包裝貨物之塑膠製品,瑞士,進口總值(含復進口),0,15
2020-3,39239090,其他供輸送或包裝貨物之塑膠製品,瑞典,進口總值(含復進口),1,47
2020-3,39239090,其他供輸送或包裝貨物之塑膠製品,義大利,進口總值(含復進口),75,19964
2020-3,39239090,其他供輸送或包裝貨物之塑膠製品,葡萄牙,進口總值(含復進口),0,49
2020-3,39239090,其他供輸送或包裝貨物之塑膠製品,德國,進口總值(含復進口),507,69342
2020-3,39239090,其他供輸送或包裝貨物之塑膠製品,墨西哥,進口總值(含復進口),1,29
2020-3,39239090,其他供輸送或包裝貨物之塑膠製品,澳大利亞,進口總值(含復進口),17,2162
2020-3,39239090,其他供輸送或包裝貨物之塑膠製品,中國大陸,出口總值(含復出口),3611,951095
2020-3,39239090,其他供輸送或包裝貨物之塑膠製品,巴西,出口總值(含復出口),158,14344
2020-3,39239090,其他供輸送或包裝貨物之塑膠製品,巴拿馬,出口總值(含復出口),17,7273
2020-3,39239090,其他供輸送或包裝貨物之塑膠製品,巴基斯坦,出口總值(含復出口),20,4620
2020-3,39239090,其他供輸送或包裝貨物之塑膠製品,日本,出口總值(含復出口),1002,138252
2020-3,39239090,其他供輸送或包裝貨物之塑膠製品,比利時,出口總值(含復出口),21,1321
2020-3,39239090,其他供輸送或包裝貨物之塑膠製品,以色列,出口總值(含復出口),17,1188
2020-3,39239090,其他供輸送或包裝貨物之塑膠製品,加拿大,出口總值(含復出口),168,38256
2020-3,39239090,其他供輸送或包裝貨物之塑膠製品,卡達,出口總值(含復出口),22,7587
2020-3,39239090,其他供輸送或包裝貨物之塑膠製品,史瓦帝尼,出口總值(含復出口),0,2
2020-3,39239090,其他供輸送或包裝貨物之塑膠製品,瓜地馬拉,出口總值(含復出口),0,100
2020-3,39239090,其他供輸送或包裝貨物之塑膠製品,立陶宛,出口總值(含復出口),31,13475
2020-3,39239090,其他供輸送或包裝貨物之塑膠製品,印尼,出口總值(含復出口),69,7224
2020-3,39239090,其他供輸送或包裝貨物之塑膠製品,印度,出口總值(含復出口),18,4604
2020-3,39239090,其他供輸送或包裝貨物之塑膠製品,西班牙,出口總值(含復出口),9,3462
2020-3,39239090,其他供輸送或包裝貨物之塑膠製品,希臘,出口總值(含復出口),16,3557
2020-3,39239090,其他供輸送或包裝貨物之塑膠製品,沙烏地阿拉伯,出口總值(含復出口),98,28461
2020-3,39239090,其他供輸送或包裝貨物之塑膠製品,汶萊,出口總值(含復出口),3,1502
2020-3,39239090,其他供輸送或包裝貨物之塑膠製品,波多黎各,出口總值(含復出口),8,3520
2020-3,39239090,其他供輸送或包裝貨物之塑膠製品,波蘭,出口總值(含復出口),16,2768
2020-3,39239090,其他供輸送或包裝貨物之塑膠製品,法國,出口總值(含復出口),64,3394
2020-3,39239090,其他供輸送或包裝貨物之塑膠製品,阿拉伯聯合大公國,出口總值(含復出口),37,19706
2020-3,39239090,其他供輸送或包裝貨物之塑膠製品,南非,出口總值(含復出口),26,1891
2020-3,39239090,其他供輸送或包裝貨物之塑膠製品,南韓,出口總值(含復出口),815,290963
2020-3,39239090,其他供輸送或包裝貨物之塑膠製品,柬埔寨,出口總值(含復出口),1,381
2020-3,39239090,其他供輸送或包裝貨物之塑膠製品,科威特,出口總值(含復出口),15,7134
2020-3,39239090,其他供輸送或包裝貨物之塑膠製品,美國,出口總值(含復出口),3415,1221546
2020-3,39239090,其他供輸送或包裝貨物之塑膠製品,英國,出口總值(含復出口),158,29637
2020-3,39239090,其他供輸送或包裝貨物之塑膠製品,香港,出口總值(含復出口),553,252804
2020-3,39239090,其他供輸送或包裝貨物之塑膠製品,哥斯大黎加,出口總值(含復出口),41,16584
2020-3,39239090,其他供輸送或包裝貨物之塑膠製品,埃及,出口總值(含復出口),0,7
2020-3,39239090,其他供輸送或包裝貨物之塑膠製品,泰國,出口總值(含復出口),80,12449
2020-3,39239090,其他供輸送或包裝貨物之塑膠製品,秘魯,出口總值(含復出口),17,8004
2020-3,39239090,其他供輸送或包裝貨物之塑膠製品,紐西蘭,出口總值(含復出口),66,11472
2020-3,39239090,其他供輸送或包裝貨物之塑膠製品,馬來西亞,出口總值(含復出口),209,42751
2020-3,39239090,其他供輸送或包裝貨物之塑膠製品,馬達加斯加,出口總值(含復出口),6,95
2020-3,39239090,其他供輸送或包裝貨物之塑膠製品,荷蘭,出口總值(含復出口),377,9755
2020-3,39239090,其他供輸送或包裝貨物之塑膠製品,斯里蘭卡,出口總值(含復出口),32,22623
2020-3,39239090,其他供輸送或包裝貨物之塑膠製品,智利,出口總值(含復出口),14,4608
2020-3,39239090,其他供輸送或包裝貨物之塑膠製品,菲律賓,出口總值(含復出口),220,66511
2020-3,39239090,其他供輸送或包裝貨物之塑膠製品,越南,出口總值(含復出口),170,28734
2020-3,39239090,其他供輸送或包裝貨物之塑膠製品,愛爾蘭,出口總值(含復出口),17,5094
2020-3,39239090,其他供輸送或包裝貨物之塑膠製品,新加坡,出口總值(含復出口),216,38632
2020-3,39239090,其他供輸送或包裝貨物之塑膠製品,瑞士,出口總值(含復出口),3,60
2020-3,39239090,其他供輸送或包裝貨物之塑膠製品,瑞典,出口總值(含復出口),25,5658
2020-3,39239090,其他供輸送或包裝貨物之塑膠製品,義大利,出口總值(含復出口),990,58609
2020-3,39239090,其他供輸送或包裝貨物之塑膠製品,德國,出口總值(含復出口),60,7543
2020-3,39239090,其他供輸送或包裝貨物之塑膠製品,摩洛哥,出口總值(含復出口),7,1323
2020-3,39239090,其他供輸送或包裝貨物之塑膠製品,模里西斯,出口總值(含復出口),23,6789
2020-3,39239090,其他供輸送或包裝貨物之塑膠製品,墨西哥,出口總值(含復出口),67,11777
2020-3,39239090,其他供輸送或包裝貨物之塑膠製品,澳大利亞,出口總值(含復出口),125,47581
2020-3,39239090,其他供輸送或包裝貨物之塑膠製品,賽普勒斯,出口總值(含復出口),12,5124
2020-3,39269012,電氣絕緣用塑膠製品,中國大陸,進口總值(含復進口),100,5840
2020-3,39269012,電氣絕緣用塑膠製品,中華民國,進口總值(含復進口),4,36
2020-3,39269012,電氣絕緣用塑膠製品,日本,進口總值(含復進口),350,4812
2020-3,39269012,電氣絕緣用塑膠製品,西班牙,進口總值(含復進口),0,26
2020-3,39269012,電氣絕緣用塑膠製品,南韓,進口總值(含復進口),8,625
2020-3,39269012,電氣絕緣用塑膠製品,美國,進口總值(含復進口),37,403
2020-3,39269012,電氣絕緣用塑膠製品,英國,進口總值(含復進口),2,67
2020-3,39269012,電氣絕緣用塑膠製品,哥斯大黎加,進口總值(含復進口),1,4
2020-3,39269012,電氣絕緣用塑膠製品,泰國,進口總值(含復進口),0,0
2020-3,39269012,電氣絕緣用塑膠製品,馬來西亞,進口總值(含復進口),0,0
2020-3,39269012,電氣絕緣用塑膠製品,荷蘭,進口總值(含復進口),0,5
2020-3,39269012,電氣絕緣用塑膠製品,菲律賓,進口總值(含復進口),0,26
2020-3,39269012,電氣絕緣用塑膠製品,越南,進口總值(含復進口),21,8364
2020-3,39269012,電氣絕緣用塑膠製品,新加坡,進口總值(含復進口),4,16
2020-3,39269012,電氣絕緣用塑膠製品,瑞士,進口總值(含復進口),0,2
2020-3,39269012,電氣絕緣用塑膠製品,德國,進口總值(含復進口),0,1
2020-3,39269012,電氣絕緣用塑膠製品,中國大陸,出口總值(含復出口),266,26109
2020-3,39269012,電氣絕緣用塑膠製品,日本,出口總值(含復出口),83,25325
2020-3,39269012,電氣絕緣用塑膠製品,比利時,出口總值(含復出口),24,5545
2020-3,39269012,電氣絕緣用塑膠製品,加拿大,出口總值(含復出口),356,96924
2020-3,39269012,電氣絕緣用塑膠製品,立陶宛,出口總值(含復出口),18,2331
2020-3,39269012,電氣絕緣用塑膠製品,印尼,出口總值(含復出口),2,122
2020-3,39269012,電氣絕緣用塑膠製品,多明尼加,出口總值(含復出口),11,3960
2020-3,39269012,電氣絕緣用塑膠製品,沙烏地阿拉伯,出口總值(含復出口),8,196
2020-3,39269012,電氣絕緣用塑膠製品,法國,出口總值(含復出口),7,2
2020-3,39269012,電氣絕緣用塑膠製品,保加利亞,出口總值(含復出口),12,3837
2020-3,39269012,電氣絕緣用塑膠製品,南非,出口總值(含復出口),2,271
2020-3,39269012,電氣絕緣用塑膠製品,南韓,出口總值(含復出口),579,202906
2020-3,39269012,電氣絕緣用塑膠製品,柬埔寨,出口總值(含復出口),5,87
2020-3,39269012,電氣絕緣用塑膠製品,美國,出口總值(含復出口),313,48483
2020-3,39269012,電氣絕緣用塑膠製品,香港,出口總值(含復出口),16,475
2020-3,39269012,電氣絕緣用塑膠製品,哥倫比亞,出口總值(含復出口),233,87147
2020-3,39269012,電氣絕緣用塑膠製品,哥斯大黎加,出口總值(含復出口),8,2000
2020-3,39269012,電氣絕緣用塑膠製品,埃及,出口總值(含復出口),54,20588
2020-3,39269012,電氣絕緣用塑膠製品,泰國,出口總值(含復出口),1,23
2020-3,39269012,電氣絕緣用塑膠製品,馬來西亞,出口總值(含復出口),26,1615
2020-3,39269012,電氣絕緣用塑膠製品,馬爾他,出口總值(含復出口),11,2839
2020-3,39269012,電氣絕緣用塑膠製品,荷蘭,出口總值(含復出口),2,218
2020-3,39269012,電氣絕緣用塑膠製品,斐濟,出口總值(含復出口),5,2000
2020-3,39269012,電氣絕緣用塑膠製品,斯里蘭卡,出口總值(含復出口),3,177
2020-3,39269012,電氣絕緣用塑膠製品,菲律賓,出口總值(含復出口),8,5875
2020-3,39269012,電氣絕緣用塑膠製品,越南,出口總值(含復出口),34,1034
2020-3,39269012,電氣絕緣用塑膠製品,義大利,出口總值(含復出口),120,23475
2020-3,39269012,電氣絕緣用塑膠製品,德國,出口總值(含復出口),63,14115
2020-3,39269012,電氣絕緣用塑膠製品,墨西哥,出口總值(含復出口),147,48470
2020-3,39269012,電氣絕緣用塑膠製品,澳大利亞,出口總值(含復出口),59,15231
2020-4,39231010,塑膠製箱子、盒子、籃子及類似品，其形狀或適合供運輸或包裝半導體晶圓或網線,中國大陸,進口總值(含復進口),612,45546
2020-4,39231010,塑膠製箱子、盒子、籃子及類似品，其形狀或適合供運輸或包裝半導體晶圓或網線,中華民國,進口總值(含復進口),6,2249
2020-4,39231010,塑膠製箱子、盒子、籃子及類似品，其形狀或適合供運輸或包裝半導體晶圓或網線,日本,進口總值(含復進口),2295,95474
2020-4,39231010,塑膠製箱子、盒子、籃子及類似品，其形狀或適合供運輸或包裝半導體晶圓或網線,印尼,進口總值(含復進口),415,54049
2020-4,39231010,塑膠製箱子、盒子、籃子及類似品，其形狀或適合供運輸或包裝半導體晶圓或網線,南韓,進口總值(含復進口),232,18308
2020-4,39231010,塑膠製箱子、盒子、籃子及類似品，其形狀或適合供運輸或包裝半導體晶圓或網線,美國,進口總值(含復進口),1052,63418
2020-4,39231010,塑膠製箱子、盒子、籃子及類似品，其形狀或適合供運輸或包裝半導體晶圓或網線,馬來西亞,進口總值(含復進口),1729,29605
2020-4,39231010,塑膠製箱子、盒子、籃子及類似品，其形狀或適合供運輸或包裝半導體晶圓或網線,菲律賓,進口總值(含復進口),13,27
2020-4,39231010,塑膠製箱子、盒子、籃子及類似品，其形狀或適合供運輸或包裝半導體晶圓或網線,新加坡,進口總值(含復進口),16,1500
2020-4,39231010,塑膠製箱子、盒子、籃子及類似品，其形狀或適合供運輸或包裝半導體晶圓或網線,瑞典,進口總值(含復進口),0,2
2020-4,39231010,塑膠製箱子、盒子、籃子及類似品，其形狀或適合供運輸或包裝半導體晶圓或網線,德國,進口總值(含復進口),53,16986
2020-4,39231010,塑膠製箱子、盒子、籃子及類似品，其形狀或適合供運輸或包裝半導體晶圓或網線,中國大陸,出口總值(含復出口),668,64070
2020-4,39231010,塑膠製箱子、盒子、籃子及類似品，其形狀或適合供運輸或包裝半導體晶圓或網線,日本,出口總值(含復出口),702,71517
2020-4,39231010,塑膠製箱子、盒子、籃子及類似品，其形狀或適合供運輸或包裝半導體晶圓或網線,加拿大,出口總值(含復出口),12,3961
2020-4,39231010,塑膠製箱子、盒子、籃子及類似品，其形狀或適合供運輸或包裝半導體晶圓或網線,波蘭,出口總值(含復出口),0,33
2020-4,39231010,塑膠製箱子、盒子、籃子及類似品，其形狀或適合供運輸或包裝半導體晶圓或網線,南韓,出口總值(含復出口),283,29042
2020-4,39231010,塑膠製箱子、盒子、籃子及類似品，其形狀或適合供運輸或包裝半導體晶圓或網線,美國,出口總值(含復出口),91,15359
2020-4,39231010,塑膠製箱子、盒子、籃子及類似品，其形狀或適合供運輸或包裝半導體晶圓或網線,英國,出口總值(含復出口),46,7614
2020-4,39231010,塑膠製箱子、盒子、籃子及類似品，其形狀或適合供運輸或包裝半導體晶圓或網線,香港,出口總值(含復出口),12,978
2020-4,39231010,塑膠製箱子、盒子、籃子及類似品，其形狀或適合供運輸或包裝半導體晶圓或網線,挪威,出口總值(含復出口),19,2456
2020-4,39231010,塑膠製箱子、盒子、籃子及類似品，其形狀或適合供運輸或包裝半導體晶圓或網線,泰國,出口總值(含復出口),2,6
2020-4,39231010,塑膠製箱子、盒子、籃子及類似品，其形狀或適合供運輸或包裝半導體晶圓或網線,烏克蘭,出口總值(含復出口),0,24
2020-4,39231010,塑膠製箱子、盒子、籃子及類似品，其形狀或適合供運輸或包裝半導體晶圓或網線,馬來西亞,出口總值(含復出口),32,7697
2020-4,39231010,塑膠製箱子、盒子、籃子及類似品，其形狀或適合供運輸或包裝半導體晶圓或網線,荷蘭,出口總值(含復出口),16,2115
2020-4,39231010,塑膠製箱子、盒子、籃子及類似品，其形狀或適合供運輸或包裝半導體晶圓或網線,菲律賓,出口總值(含復出口),23,30
2020-4,39231010,塑膠製箱子、盒子、籃子及類似品，其形狀或適合供運輸或包裝半導體晶圓或網線,越南,出口總值(含復出口),17,1388
2020-4,39231010,塑膠製箱子、盒子、籃子及類似品，其形狀或適合供運輸或包裝半導體晶圓或網線,新加坡,出口總值(含復出口),152,30398
2020-4,39231010,塑膠製箱子、盒子、籃子及類似品，其形狀或適合供運輸或包裝半導體晶圓或網線,德國,出口總值(含復出口),41,12925
2020-4,39231010,塑膠製箱子、盒子、籃子及類似品，其形狀或適合供運輸或包裝半導體晶圓或網線,墨西哥,出口總值(含復出口),13,518
2020-4,39231010,塑膠製箱子、盒子、籃子及類似品，其形狀或適合供運輸或包裝半導體晶圓或網線,澳大利亞,出口總值(含復出口),8,1655
2020-4,39239090,其他供輸送或包裝貨物之塑膠製品,土耳其,進口總值(含復進口),0,17
2020-4,39239090,其他供輸送或包裝貨物之塑膠製品,中國大陸,進口總值(含復進口),7641,1800983
2020-4,39239090,其他供輸送或包裝貨物之塑膠製品,中華民國,進口總值(含復進口),320,101016
2020-4,39239090,其他供輸送或包裝貨物之塑膠製品,丹麥,進口總值(含復進口),190,1586
2020-4,39239090,其他供輸送或包裝貨物之塑膠製品,日本,進口總值(含復進口),1606,227931
2020-4,39239090,其他供輸送或包裝貨物之塑膠製品,比利時,進口總值(含復進口),1,417
2020-4,39239090,其他供輸送或包裝貨物之塑膠製品,加拿大,進口總值(含復進口),0,2
2020-4,39239090,其他供輸送或包裝貨物之塑膠製品,印尼,進口總值(含復進口),0,70
2020-4,39239090,其他供輸送或包裝貨物之塑膠製品,希臘,進口總值(含復進口),12,20
2020-4,39239090,其他供輸送或包裝貨物之塑膠製品,法國,進口總值(含復進口),86,9204
2020-4,39239090,其他供輸送或包裝貨物之塑膠製品,南韓,進口總值(含復進口),1294,233894
2020-4,39239090,其他供輸送或包裝貨物之塑膠製品,美國,進口總值(含復進口),964,137543
2020-4,39239090,其他供輸送或包裝貨物之塑膠製品,英國,進口總值(含復進口),81,8684
2020-4,39239090,其他供輸送或包裝貨物之塑膠製品,香港,進口總值(含復進口),0,1
2020-4,39239090,其他供輸送或包裝貨物之塑膠製品,泰國,進口總值(含復進口),664,107927
2020-4,39239090,其他供輸送或包裝貨物之塑膠製品,馬來西亞,進口總值(含復進口),1155,75002
2020-4,39239090,其他供輸送或包裝貨物之塑膠製品,荷蘭,進口總值(含復進口),25,279
2020-4,39239090,其他供輸送或包裝貨物之塑膠製品,菲律賓,進口總值(含復進口),161,56011
2020-4,39239090,其他供輸送或包裝貨物之塑膠製品,越南,進口總值(含復進口),51,8153
2020-4,39239090,其他供輸送或包裝貨物之塑膠製品,新加坡,進口總值(含復進口),96,46648
2020-4,39239090,其他供輸送或包裝貨物之塑膠製品,義大利,進口總值(含復進口),2,14
2020-4,39239090,其他供輸送或包裝貨物之塑膠製品,葡萄牙,進口總值(含復進口),1,98
2020-4,39239090,其他供輸送或包裝貨物之塑膠製品,德國,進口總值(含復進口),1088,141362
2020-4,39239090,其他供輸送或包裝貨物之塑膠製品,中國大陸,出口總值(含復出口),3622,1066064
2020-4,39239090,其他供輸送或包裝貨物之塑膠製品,巴西,出口總值(含復出口),59,18155
2020-4,39239090,其他供輸送或包裝貨物之塑膠製品,巴拿馬,出口總值(含復出口),34,8927
2020-4,39239090,其他供輸送或包裝貨物之塑膠製品,巴基斯坦,出口總值(含復出口),29,1964
2020-4,39239090,其他供輸送或包裝貨物之塑膠製品,日本,出口總值(含復出口),1087,143378
2020-4,39239090,其他供輸送或包裝貨物之塑膠製品,比利時,出口總值(含復出口),4,409
2020-4,39239090,其他供輸送或包裝貨物之塑膠製品,以色列,出口總值(含復出口),7,820
2020-4,39239090,其他供輸送或包裝貨物之塑膠製品,加拿大,出口總值(含復出口),149,27211
2020-4,39239090,其他供輸送或包裝貨物之塑膠製品,卡達,出口總值(含復出口),5,2165
2020-4,39239090,其他供輸送或包裝貨物之塑膠製品,匈牙利,出口總值(含復出口),4,196
2020-4,39239090,其他供輸送或包裝貨物之塑膠製品,印尼,出口總值(含復出口),21,9590
2020-4,39239090,其他供輸送或包裝貨物之塑膠製品,多明尼加,出口總值(含復出口),4,1563
2020-4,39239090,其他供輸送或包裝貨物之塑膠製品,宏都拉斯,出口總值(含復出口),23,3888
2020-4,39239090,其他供輸送或包裝貨物之塑膠製品,沙烏地阿拉伯,出口總值(含復出口),21,4528
2020-4,39239090,其他供輸送或包裝貨物之塑膠製品,其他國家,出口總值(含復出口),7,14
2020-4,39239090,其他供輸送或包裝貨物之塑膠製品,波多黎各,出口總值(含復出口),17,6675
2020-4,39239090,其他供輸送或包裝貨物之塑膠製品,法國,出口總值(含復出口),86,3145
2020-4,39239090,其他供輸送或包裝貨物之塑膠製品,阿拉伯聯合大公國,出口總值(含復出口),3,1400
2020-4,39239090,其他供輸送或包裝貨物之塑膠製品,保加利亞,出口總值(含復出口),0,6
2020-4,39239090,其他供輸送或包裝貨物之塑膠製品,南非,出口總值(含復出口),11,291
2020-4,39239090,其他供輸送或包裝貨物之塑膠製品,南韓,出口總值(含復出口),664,175891
2020-4,39239090,其他供輸送或包裝貨物之塑膠製品,科威特,出口總值(含復出口),2,750
2020-4,39239090,其他供輸送或包裝貨物之塑膠製品,美國,出口總值(含復出口),3274,1087224
2020-4,39239090,其他供輸送或包裝貨物之塑膠製品,英國,出口總值(含復出口),76,7958
2020-4,39239090,其他供輸送或包裝貨物之塑膠製品,香港,出口總值(含復出口),596,332608
2020-4,39239090,其他供輸送或包裝貨物之塑膠製品,哥斯大黎加,出口總值(含復出口),24,8597
2020-4,39239090,其他供輸送或包裝貨物之塑膠製品,泰國,出口總值(含復出口),83,10756
2020-4,39239090,其他供輸送或包裝貨物之塑膠製品,烏拉圭,出口總值(含復出口),33,7566
2020-4,39239090,其他供輸送或包裝貨物之塑膠製品,紐西蘭,出口總值(含復出口),17,2593
2020-4,39239090,其他供輸送或包裝貨物之塑膠製品,馬來西亞,出口總值(含復出口),167,35773
2020-4,39239090,其他供輸送或包裝貨物之塑膠製品,荷蘭,出口總值(含復出口),221,9495
2020-4,39239090,其他供輸送或包裝貨物之塑膠製品,菲律賓,出口總值(含復出口),84,15871
2020-4,39239090,其他供輸送或包裝貨物之塑膠製品,越南,出口總值(含復出口),242,103643
2020-4,39239090,其他供輸送或包裝貨物之塑膠製品,愛沙尼亞,出口總值(含復出口),32,6624
2020-4,39239090,其他供輸送或包裝貨物之塑膠製品,新加坡,出口總值(含復出口),77,12040
2020-4,39239090,其他供輸送或包裝貨物之塑膠製品,瑞士,出口總值(含復出口),28,777
2020-4,39239090,其他供輸送或包裝貨物之塑膠製品,瑞典,出口總值(含復出口),34,7433
2020-4,39239090,其他供輸送或包裝貨物之塑膠製品,義大利,出口總值(含復出口),331,21965
2020-4,39239090,其他供輸送或包裝貨物之塑膠製品,德國,出口總值(含復出口),56,3467
2020-4,39239090,其他供輸送或包裝貨物之塑膠製品,緬甸,出口總值(含復出口),5,2355
2020-4,39239090,其他供輸送或包裝貨物之塑膠製品,澳大利亞,出口總值(含復出口),33,10972
2020-4,39239090,其他供輸送或包裝貨物之塑膠製品,賽普勒斯,出口總值(含復出口),11,6018
2020-4,39269012,電氣絕緣用塑膠製品,中國大陸,進口總值(含復進口),108,7218
2020-4,39269012,電氣絕緣用塑膠製品,中華民國,進口總值(含復進口),1,0
2020-4,39269012,電氣絕緣用塑膠製品,日本,進口總值(含復進口),422,1516
2020-4,39269012,電氣絕緣用塑膠製品,印度,進口總值(含復進口),0,15
2020-4,39269012,電氣絕緣用塑膠製品,法國,進口總值(含復進口),0,0
2020-4,39269012,電氣絕緣用塑膠製品,南韓,進口總值(含復進口),2,24
2020-4,39269012,電氣絕緣用塑膠製品,美國,進口總值(含復進口),15,123
2020-4,39269012,電氣絕緣用塑膠製品,哥斯大黎加,進口總值(含復進口),1,0
2020-4,39269012,電氣絕緣用塑膠製品,越南,進口總值(含復進口),33,12529
2020-4,39269012,電氣絕緣用塑膠製品,瑞士,進口總值(含復進口),0,0
2020-4,39269012,電氣絕緣用塑膠製品,德國,進口總值(含復進口),1,1
2020-4,39269012,電氣絕緣用塑膠製品,墨西哥,進口總值(含復進口),3,3
2020-4,39269012,電氣絕緣用塑膠製品,中國大陸,出口總值(含復出口),307,37772
2020-4,39269012,電氣絕緣用塑膠製品,丹麥,出口總值(含復出口),0,0
2020-4,39269012,電氣絕緣用塑膠製品,日本,出口總值(含復出口),118,34713
2020-4,39269012,電氣絕緣用塑膠製品,比利時,出口總值(含復出口),48,12096
2020-4,39269012,電氣絕緣用塑膠製品,以色列,出口總值(含復出口),2,2
2020-4,39269012,電氣絕緣用塑膠製品,加拿大,出口總值(含復出口),27,7126
2020-4,39269012,電氣絕緣用塑膠製品,北馬里亞納群島,出口總值(含復出口),0,31
2020-4,39269012,電氣絕緣用塑膠製品,印度,出口總值(含復出口),54,22650
2020-4,39269012,電氣絕緣用塑膠製品,西班牙,出口總值(含復出口),33,12239
2020-4,39269012,電氣絕緣用塑膠製品,拉脫維亞,出口總值(含復出口),17,4291
2020-4,39269012,電氣絕緣用塑膠製品,法國,出口總值(含復出口),8,2069
2020-4,39269012,電氣絕緣用塑膠製品,俄羅斯,出口總值(含復出口),116,33721
2020-4,39269012,電氣絕緣用塑膠製品,南韓,出口總值(含復出口),503,176337
2020-4,39269012,電氣絕緣用塑膠製品,柬埔寨,出口總值(含復出口),6,90
2020-4,39269012,電氣絕緣用塑膠製品,美國,出口總值(含復出口),599,130713
2020-4,39269012,電氣絕緣用塑膠製品,香港,出口總值(含復出口),19,532
2020-4,39269012,電氣絕緣用塑膠製品,哥倫比亞,出口總值(含復出口),55,17506
2020-4,39269012,電氣絕緣用塑膠製品,埃及,出口總值(含復出口),53,19631
2020-4,39269012,電氣絕緣用塑膠製品,泰國,出口總值(含復出口),1,23
2020-4,39269012,電氣絕緣用塑膠製品,馬來西亞,出口總值(含復出口),4,87
2020-4,39269012,電氣絕緣用塑膠製品,荷蘭,出口總值(含復出口),0,0
2020-4,39269012,電氣絕緣用塑膠製品,斐濟,出口總值(含復出口),5,2000
2020-4,39269012,電氣絕緣用塑膠製品,菲律賓,出口總值(含復出口),4,2959
2020-4,39269012,電氣絕緣用塑膠製品,越南,出口總值(含復出口),81,2718
2020-4,39269012,電氣絕緣用塑膠製品,瑞典,出口總值(含復出口),8,1619
2020-4,39269012,電氣絕緣用塑膠製品,義大利,出口總值(含復出口),6,947
2020-4,39269012,電氣絕緣用塑膠製品,德國,出口總值(含復出口),60,15684
2020-4,39269012,電氣絕緣用塑膠製品,墨西哥,出口總值(含復出口),113,34036
2020-4,39269012,電氣絕緣用塑膠製品,澳大利亞,出口總值(含復出口),49,13678
2020-5,39231010,塑膠製箱子、盒子、籃子及類似品，其形狀或適合供運輸或包裝半導體晶圓或網線,中國大陸,進口總值(含復進口),346,28937
2020-5,39231010,塑膠製箱子、盒子、籃子及類似品，其形狀或適合供運輸或包裝半導體晶圓或網線,中華民國,進口總值(含復進口),8,2329
2020-5,39231010,塑膠製箱子、盒子、籃子及類似品，其形狀或適合供運輸或包裝半導體晶圓或網線,日本,進口總值(含復進口),1748,74291
2020-5,39231010,塑膠製箱子、盒子、籃子及類似品，其形狀或適合供運輸或包裝半導體晶圓或網線,印尼,進口總值(含復進口),576,78654
2020-5,39231010,塑膠製箱子、盒子、籃子及類似品，其形狀或適合供運輸或包裝半導體晶圓或網線,西班牙,進口總值(含復進口),8,1406
2020-5,39231010,塑膠製箱子、盒子、籃子及類似品，其形狀或適合供運輸或包裝半導體晶圓或網線,波蘭,進口總值(含復進口),0,27
2020-5,39231010,塑膠製箱子、盒子、籃子及類似品，其形狀或適合供運輸或包裝半導體晶圓或網線,南韓,進口總值(含復進口),247,23440
2020-5,39231010,塑膠製箱子、盒子、籃子及類似品，其形狀或適合供運輸或包裝半導體晶圓或網線,美國,進口總值(含復進口),832,61693
2020-5,39231010,塑膠製箱子、盒子、籃子及類似品，其形狀或適合供運輸或包裝半導體晶圓或網線,馬來西亞,進口總值(含復進口),810,26612
2020-5,39231010,塑膠製箱子、盒子、籃子及類似品，其形狀或適合供運輸或包裝半導體晶圓或網線,菲律賓,進口總值(含復進口),2,9
2020-5,39231010,塑膠製箱子、盒子、籃子及類似品，其形狀或適合供運輸或包裝半導體晶圓或網線,新加坡,進口總值(含復進口),0,1
2020-5,39231010,塑膠製箱子、盒子、籃子及類似品，其形狀或適合供運輸或包裝半導體晶圓或網線,義大利,進口總值(含復進口),0,3
2020-5,39231010,塑膠製箱子、盒子、籃子及類似品，其形狀或適合供運輸或包裝半導體晶圓或網線,德國,進口總值(含復進口),43,17510
2020-5,39231010,塑膠製箱子、盒子、籃子及類似品，其形狀或適合供運輸或包裝半導體晶圓或網線,中國大陸,出口總值(含復出口),1013,50289
2020-5,39231010,塑膠製箱子、盒子、籃子及類似品，其形狀或適合供運輸或包裝半導體晶圓或網線,日本,出口總值(含復出口),903,104573
2020-5,39231010,塑膠製箱子、盒子、籃子及類似品，其形狀或適合供運輸或包裝半導體晶圓或網線,西班牙,出口總值(含復出口),21,5057
2020-5,39231010,塑膠製箱子、盒子、籃子及類似品，其形狀或適合供運輸或包裝半導體晶圓或網線,帛琉,出口總值(含復出口),2,670
2020-5,39231010,塑膠製箱子、盒子、籃子及類似品，其形狀或適合供運輸或包裝半導體晶圓或網線,波蘭,出口總值(含復出口),20,1502
2020-5,39231010,塑膠製箱子、盒子、籃子及類似品，其形狀或適合供運輸或包裝半導體晶圓或網線,法國,出口總值(含復出口),4,204
2020-5,39231010,塑膠製箱子、盒子、籃子及類似品，其形狀或適合供運輸或包裝半導體晶圓或網線,阿拉伯聯合大公國,出口總值(含復出口),35,7655
2020-5,39231010,塑膠製箱子、盒子、籃子及類似品，其形狀或適合供運輸或包裝半導體晶圓或網線,俄羅斯,出口總值(含復出口),14,1571
2020-5,39231010,塑膠製箱子、盒子、籃子及類似品，其形狀或適合供運輸或包裝半導體晶圓或網線,南韓,出口總值(含復出口),276,38325
2020-5,39231010,塑膠製箱子、盒子、籃子及類似品，其形狀或適合供運輸或包裝半導體晶圓或網線,美國,出口總值(含復出口),242,30883
2020-5,39231010,塑膠製箱子、盒子、籃子及類似品，其形狀或適合供運輸或包裝半導體晶圓或網線,英國,出口總值(含復出口),73,9524
2020-5,39231010,塑膠製箱子、盒子、籃子及類似品，其形狀或適合供運輸或包裝半導體晶圓或網線,香港,出口總值(含復出口),15,893
2020-5,39231010,塑膠製箱子、盒子、籃子及類似品，其形狀或適合供運輸或包裝半導體晶圓或網線,挪威,出口總值(含復出口),10,1105
2020-5,39231010,塑膠製箱子、盒子、籃子及類似品，其形狀或適合供運輸或包裝半導體晶圓或網線,馬來西亞,出口總值(含復出口),83,18528
2020-5,39231010,塑膠製箱子、盒子、籃子及類似品，其形狀或適合供運輸或包裝半導體晶圓或網線,密克羅尼西亞,出口總值(含復出口),0,50
2020-5,39231010,塑膠製箱子、盒子、籃子及類似品，其形狀或適合供運輸或包裝半導體晶圓或網線,菲律賓,出口總值(含復出口),78,639
2020-5,39231010,塑膠製箱子、盒子、籃子及類似品，其形狀或適合供運輸或包裝半導體晶圓或網線,越南,出口總值(含復出口),34,10299
2020-5,39231010,塑膠製箱子、盒子、籃子及類似品，其形狀或適合供運輸或包裝半導體晶圓或網線,新加坡,出口總值(含復出口),49,10462
2020-5,39231010,塑膠製箱子、盒子、籃子及類似品，其形狀或適合供運輸或包裝半導體晶圓或網線,德國,出口總值(含復出口),97,27635
2020-5,39239090,其他供輸送或包裝貨物之塑膠製品,土耳其,進口總值(含復進口),0,20
2020-5,39239090,其他供輸送或包裝貨物之塑膠製品,中國大陸,進口總值(含復進口),7470,1933745
2020-5,39239090,其他供輸送或包裝貨物之塑膠製品,中華民國,進口總值(含復進口),205,59231
2020-5,39239090,其他供輸送或包裝貨物之塑膠製品,丹麥,進口總值(含復進口),19,2604
2020-5,39239090,其他供輸送或包裝貨物之塑膠製品,日本,進口總值(含復進口),1839,188309
2020-5,39239090,其他供輸送或包裝貨物之塑膠製品,拉脫維亞,進口總值(含復進口),1,40
2020-5,39239090,其他供輸送或包裝貨物之塑膠製品,波蘭,進口總值(含復進口),0,8
2020-5,39239090,其他供輸送或包裝貨物之塑膠製品,法國,進口總值(含復進口),87,9325
2020-5,39239090,其他供輸送或包裝貨物之塑膠製品,南韓,進口總值(含復進口),1300,257339
2020-5,39239090,其他供輸送或包裝貨物之塑膠製品,美國,進口總值(含復進口),1337,212046
2020-5,39239090,其他供輸送或包裝貨物之塑膠製品,英國,進口總值(含復進口),40,5844
2020-5,39239090,其他供輸送或包裝貨物之塑膠製品,香港,進口總值(含復進口),1,238
2020-5,39239090,其他供輸送或包裝貨物之塑膠製品,泰國,進口總值(含復進口),696,114509
2020-5,39239090,其他供輸送或包裝貨物之塑膠製品,紐西蘭,進口總值(含復進口),35,7480
2020-5,39239090,其他供輸送或包裝貨物之塑膠製品,馬來西亞,進口總值(含復進口),827,100354
2020-5,39239090,其他供輸送或包裝貨物之塑膠製品,荷蘭,進口總值(含復進口),38,345
2020-5,39239090,其他供輸送或包裝貨物之塑膠製品,菲律賓,進口總值(含復進口),196,34557
2020-5,39239090,其他供輸送或包裝貨物之塑膠製品,越南,進口總值(含復進口),17,2915
2020-5,39239090,其他供輸送或包裝貨物之塑膠製品,新加坡,進口總值(含復進口),51,51814
2020-5,39239090,其他供輸送或包裝貨物之塑膠製品,瑞士,進口總值(含復進口),0,0
2020-5,39239090,其他供輸送或包裝貨物之塑膠製品,瑞典,進口總值(含復進口),5,3
2020-5,39239090,其他供輸送或包裝貨物之塑膠製品,義大利,進口總值(含復進口),21,513
2020-5,39239090,其他供輸送或包裝貨物之塑膠製品,德國,進口總值(含復進口),816,108554
2020-5,39239090,其他供輸送或包裝貨物之塑膠製品,墨西哥,進口總值(含復進口),2,130
2020-5,39239090,其他供輸送或包裝貨物之塑膠製品,中國大陸,出口總值(含復出口),3223,983378
2020-5,39239090,其他供輸送或包裝貨物之塑膠製品,巴布亞紐幾內亞,出口總值(含復出口),19,8753
2020-5,39239090,其他供輸送或包裝貨物之塑膠製品,巴西,出口總值(含復出口),19,6697
2020-5,39239090,其他供輸送或包裝貨物之塑膠製品,日本,出口總值(含復出口),1273,192132
2020-5,39239090,其他供輸送或包裝貨物之塑膠製品,以色列,出口總值(含復出口),2,295
2020-5,39239090,其他供輸送或包裝貨物之塑膠製品,加拿大,出口總值(含復出口),82,27740
2020-5,39239090,其他供輸送或包裝貨物之塑膠製品,卡達,出口總值(含復出口),1,488
2020-5,39239090,其他供輸送或包裝貨物之塑膠製品,史瓦帝尼,出口總值(含復出口),4,1748
2020-5,39239090,其他供輸送或包裝貨物之塑膠製品,伊拉克,出口總值(含復出口),10,4200
2020-5,39239090,其他供輸送或包裝貨物之塑膠製品,印尼,出口總值(含復出口),14,2662
2020-5,39239090,其他供輸送或包裝貨物之塑膠製品,印度,出口總值(含復出口),5,439
2020-5,39239090,其他供輸送或包裝貨物之塑膠製品,多明尼加,出口總值(含復出口),0,95
2020-5,39239090,其他供輸送或包裝貨物之塑膠製品,西班牙,出口總值(含復出口),12,3940
2020-5,39239090,其他供輸送或包裝貨物之塑膠製品,沙烏地阿拉伯,出口總值(含復出口),31,7838
2020-5,39239090,其他供輸送或包裝貨物之塑膠製品,帛琉,出口總值(含復出口),14,245
2020-5,39239090,其他供輸送或包裝貨物之塑膠製品,波多黎各,出口總值(含復出口),10,4250
2020-5,39239090,其他供輸送或包裝貨物之塑膠製品,波蘭,出口總值(含復出口),16,991
2020-5,39239090,其他供輸送或包裝貨物之塑膠製品,法國,出口總值(含復出口),341,25974
2020-5,39239090,其他供輸送或包裝貨物之塑膠製品,阿拉伯聯合大公國,出口總值(含復出口),15,8093
2020-5,39239090,其他供輸送或包裝貨物之塑膠製品,南韓,出口總值(含復出口),513,107632
2020-5,39239090,其他供輸送或包裝貨物之塑膠製品,柬埔寨,出口總值(含復出口),6,3173
2020-5,39239090,其他供輸送或包裝貨物之塑膠製品,美國,出口總值(含復出口),2282,716143
2020-5,39239090,其他供輸送或包裝貨物之塑膠製品,英國,出口總值(含復出口),195,31881
2020-5,39239090,其他供輸送或包裝貨物之塑膠製品,香港,出口總值(含復出口),416,207543
2020-5,39239090,其他供輸送或包裝貨物之塑膠製品,泰國,出口總值(含復出口),142,18795
2020-5,39239090,其他供輸送或包裝貨物之塑膠製品,馬來西亞,出口總值(含復出口),131,34047
2020-5,39239090,其他供輸送或包裝貨物之塑膠製品,荷蘭,出口總值(含復出口),170,4354
2020-5,39239090,其他供輸送或包裝貨物之塑膠製品,喬治亞,出口總值(含復出口),7,2961
2020-5,39239090,其他供輸送或包裝貨物之塑膠製品,智利,出口總值(含復出口),6,249
2020-5,39239090,其他供輸送或包裝貨物之塑膠製品,菲律賓,出口總值(含復出口),92,24998
2020-5,39239090,其他供輸送或包裝貨物之塑膠製品,越南,出口總值(含復出口),96,23249
2020-5,39239090,其他供輸送或包裝貨物之塑膠製品,塞內加爾,出口總值(含復出口),1,1200
2020-5,39239090,其他供輸送或包裝貨物之塑膠製品,塞席爾,出口總值(含復出口),38,8006
2020-5,39239090,其他供輸送或包裝貨物之塑膠製品,愛沙尼亞,出口總值(含復出口),24,5004
2020-5,39239090,其他供輸送或包裝貨物之塑膠製品,愛爾蘭,出口總值(含復出口),0,1
2020-5,39239090,其他供輸送或包裝貨物之塑膠製品,新加坡,出口總值(含復出口),198,27413
2020-5,39239090,其他供輸送或包裝貨物之塑膠製品,瑞士,出口總值(含復出口),2,68
2020-5,39239090,其他供輸送或包裝貨物之塑膠製品,瑞典,出口總值(含復出口),21,4713
2020-5,39239090,其他供輸送或包裝貨物之塑膠製品,義大利,出口總值(含復出口),506,25124
2020-5,39239090,其他供輸送或包裝貨物之塑膠製品,德國,出口總值(含復出口),29,1064
2020-5,39239090,其他供輸送或包裝貨物之塑膠製品,澳大利亞,出口總值(含復出口),125,34229
2020-5,39269012,電氣絕緣用塑膠製品,中國大陸,進口總值(含復進口),96,7232
2020-5,39269012,電氣絕緣用塑膠製品,巴西,進口總值(含復進口),2,11
2020-5,39269012,電氣絕緣用塑膠製品,日本,進口總值(含復進口),375,1848
2020-5,39269012,電氣絕緣用塑膠製品,比利時,進口總值(含復進口),0,2
2020-5,39269012,電氣絕緣用塑膠製品,印度,進口總值(含復進口),0,6
2020-5,39269012,電氣絕緣用塑膠製品,法國,進口總值(含復進口),0,4
2020-5,39269012,電氣絕緣用塑膠製品,南韓,進口總值(含復進口),2,184
2020-5,39269012,電氣絕緣用塑膠製品,美國,進口總值(含復進口),6,33
2020-5,39269012,電氣絕緣用塑膠製品,越南,進口總值(含復進口),21,7632
2020-5,39269012,電氣絕緣用塑膠製品,新加坡,進口總值(含復進口),0,0
2020-5,39269012,電氣絕緣用塑膠製品,瑞士,進口總值(含復進口),0,1
2020-5,39269012,電氣絕緣用塑膠製品,德國,進口總值(含復進口),1,1
2020-5,39269012,電氣絕緣用塑膠製品,墨西哥,進口總值(含復進口),2,2
2020-5,39269012,電氣絕緣用塑膠製品,中國大陸,出口總值(含復出口),172,17091
2020-5,39269012,電氣絕緣用塑膠製品,厄瓜多,出口總值(含復出口),19,7450
2020-5,39269012,電氣絕緣用塑膠製品,日本,出口總值(含復出口),123,34043
2020-5,39269012,電氣絕緣用塑膠製品,比利時,出口總值(含復出口),34,8415
2020-5,39269012,電氣絕緣用塑膠製品,以色列,出口總值(含復出口),0,12
2020-5,39269012,電氣絕緣用塑膠製品,加拿大,出口總值(含復出口),256,70398
2020-5,39269012,電氣絕緣用塑膠製品,北馬里亞納群島,出口總值(含復出口),0,17
2020-5,39269012,電氣絕緣用塑膠製品,吉布地,出口總值(含復出口),4,720
2020-5,39269012,電氣絕緣用塑膠製品,沙烏地阿拉伯,出口總值(含復出口),3,86
2020-5,39269012,電氣絕緣用塑膠製品,其他國家,出口總值(含復出口),0,8
2020-5,39269012,電氣絕緣用塑膠製品,法國,出口總值(含復出口),43,11886
2020-5,39269012,電氣絕緣用塑膠製品,阿拉伯聯合大公國,出口總值(含復出口),31,11712
2020-5,39269012,電氣絕緣用塑膠製品,俄羅斯,出口總值(含復出口),133,38752
2020-5,39269012,電氣絕緣用塑膠製品,南韓,出口總值(含復出口),156,50141
2020-5,39269012,電氣絕緣用塑膠製品,美國,出口總值(含復出口),384,104442
2020-5,39269012,電氣絕緣用塑膠製品,英國,出口總值(含復出口),73,23408
2020-5,39269012,電氣絕緣用塑膠製品,香港,出口總值(含復出口),78,943
2020-5,39269012,電氣絕緣用塑膠製品,哥倫比亞,出口總值(含復出口),104,38008
2020-5,39269012,電氣絕緣用塑膠製品,埃及,出口總值(含復出口),54,20429
2020-5,39269012,電氣絕緣用塑膠製品,泰國,出口總值(含復出口),6,36
2020-5,39269012,電氣絕緣用塑膠製品,紐西蘭,出口總值(含復出口),2,465
2020-5,39269012,電氣絕緣用塑膠製品,馬來西亞,出口總值(含復出口),2,22
2020-5,39269012,電氣絕緣用塑膠製品,馬爾他,出口總值(含復出口),6,1713
2020-5,39269012,電氣絕緣用塑膠製品,捷克,出口總值(含復出口),3,6
2020-5,39269012,電氣絕緣用塑膠製品,荷蘭,出口總值(含復出口),98,26597
2020-5,39269012,電氣絕緣用塑膠製品,菲律賓,出口總值(含復出口),9,5725
2020-5,39269012,電氣絕緣用塑膠製品,越南,出口總值(含復出口),103,3863
2020-5,39269012,電氣絕緣用塑膠製品,瑞典,出口總值(含復出口),9,1762
2020-5,39269012,電氣絕緣用塑膠製品,義大利,出口總值(含復出口),30,4795
2020-5,39269012,電氣絕緣用塑膠製品,德國,出口總值(含復出口),53,12624
2020-5,39269012,電氣絕緣用塑膠製品,模里西斯,出口總值(含復出口),8,2180
2020-5,39269012,電氣絕緣用塑膠製品,墨西哥,出口總值(含復出口),114,36032
2020-6,39231010,塑膠製箱子、盒子、籃子及類似品，其形狀或適合供運輸或包裝半導體晶圓或網線,中國大陸,進口總值(含復進口),215,9117
2020-6,39231010,塑膠製箱子、盒子、籃子及類似品，其形狀或適合供運輸或包裝半導體晶圓或網線,中華民國,進口總值(含復進口),1,142
2020-6,39231010,塑膠製箱子、盒子、籃子及類似品，其形狀或適合供運輸或包裝半導體晶圓或網線,日本,進口總值(含復進口),2776,125307
2020-6,39231010,塑膠製箱子、盒子、籃子及類似品，其形狀或適合供運輸或包裝半導體晶圓或網線,印尼,進口總值(含復進口),134,17673
2020-6,39231010,塑膠製箱子、盒子、籃子及類似品，其形狀或適合供運輸或包裝半導體晶圓或網線,波蘭,進口總值(含復進口),0,6
2020-6,39231010,塑膠製箱子、盒子、籃子及類似品，其形狀或適合供運輸或包裝半導體晶圓或網線,南韓,進口總值(含復進口),373,26882
2020-6,39231010,塑膠製箱子、盒子、籃子及類似品，其形狀或適合供運輸或包裝半導體晶圓或網線,美國,進口總值(含復進口),947,87915
2020-6,39231010,塑膠製箱子、盒子、籃子及類似品，其形狀或適合供運輸或包裝半導體晶圓或網線,英國,進口總值(含復進口),11,99
2020-6,39231010,塑膠製箱子、盒子、籃子及類似品，其形狀或適合供運輸或包裝半導體晶圓或網線,香港,進口總值(含復進口),8,29
2020-6,39231010,塑膠製箱子、盒子、籃子及類似品，其形狀或適合供運輸或包裝半導體晶圓或網線,馬來西亞,進口總值(含復進口),1482,40022
2020-6,39231010,塑膠製箱子、盒子、籃子及類似品，其形狀或適合供運輸或包裝半導體晶圓或網線,荷蘭,進口總值(含復進口),0,0
2020-6,39231010,塑膠製箱子、盒子、籃子及類似品，其形狀或適合供運輸或包裝半導體晶圓或網線,菲律賓,進口總值(含復進口),10,181
2020-6,39231010,塑膠製箱子、盒子、籃子及類似品，其形狀或適合供運輸或包裝半導體晶圓或網線,新加坡,進口總值(含復進口),0,80
2020-6,39231010,塑膠製箱子、盒子、籃子及類似品，其形狀或適合供運輸或包裝半導體晶圓或網線,瑞士,進口總值(含復進口),0,1
2020-6,39231010,塑膠製箱子、盒子、籃子及類似品，其形狀或適合供運輸或包裝半導體晶圓或網線,義大利,進口總值(含復進口),0,1
2020-6,39231010,塑膠製箱子、盒子、籃子及類似品，其形狀或適合供運輸或包裝半導體晶圓或網線,德國,進口總值(含復進口),40,11415
2020-6,39231010,塑膠製箱子、盒子、籃子及類似品，其形狀或適合供運輸或包裝半導體晶圓或網線,中國大陸,出口總值(含復出口),930,54482
2020-6,39231010,塑膠製箱子、盒子、籃子及類似品，其形狀或適合供運輸或包裝半導體晶圓或網線,日本,出口總值(含復出口),480,61500
2020-6,39231010,塑膠製箱子、盒子、籃子及類似品，其形狀或適合供運輸或包裝半導體晶圓或網線,加拿大,出口總值(含復出口),1,182
2020-6,39231010,塑膠製箱子、盒子、籃子及類似品，其形狀或適合供運輸或包裝半導體晶圓或網線,印度,出口總值(含復出口),34,9877
2020-6,39231010,塑膠製箱子、盒子、籃子及類似品，其形狀或適合供運輸或包裝半導體晶圓或網線,拉脫維亞,出口總值(含復出口),5,3471
2020-6,39231010,塑膠製箱子、盒子、籃子及類似品，其形狀或適合供運輸或包裝半導體晶圓或網線,波蘭,出口總值(含復出口),28,13886
2020-6,39231010,塑膠製箱子、盒子、籃子及類似品，其形狀或適合供運輸或包裝半導體晶圓或網線,芬蘭,出口總值(含復出口),4,800
2020-6,39231010,塑膠製箱子、盒子、籃子及類似品，其形狀或適合供運輸或包裝半導體晶圓或網線,阿拉伯聯合大公國,出口總值(含復出口),18,4543
2020-6,39231010,塑膠製箱子、盒子、籃子及類似品，其形狀或適合供運輸或包裝半導體晶圓或網線,俄羅斯,出口總值(含復出口),25,3079
2020-6,39231010,塑膠製箱子、盒子、籃子及類似品，其形狀或適合供運輸或包裝半導體晶圓或網線,南韓,出口總值(含復出口),356,33005
2020-6,39231010,塑膠製箱子、盒子、籃子及類似品，其形狀或適合供運輸或包裝半導體晶圓或網線,美國,出口總值(含復出口),86,12062
2020-6,39231010,塑膠製箱子、盒子、籃子及類似品，其形狀或適合供運輸或包裝半導體晶圓或網線,英國,出口總值(含復出口),44,5606
2020-6,39231010,塑膠製箱子、盒子、籃子及類似品，其形狀或適合供運輸或包裝半導體晶圓或網線,香港,出口總值(含復出口),26,1655
2020-6,39231010,塑膠製箱子、盒子、籃子及類似品，其形狀或適合供運輸或包裝半導體晶圓或網線,挪威,出口總值(含復出口),2,196
2020-6,39231010,塑膠製箱子、盒子、籃子及類似品，其形狀或適合供運輸或包裝半導體晶圓或網線,泰國,出口總值(含復出口),8,44
2020-6,39231010,塑膠製箱子、盒子、籃子及類似品，其形狀或適合供運輸或包裝半導體晶圓或網線,烏克蘭,出口總值(含復出口),3,29
2020-6,39231010,塑膠製箱子、盒子、籃子及類似品，其形狀或適合供運輸或包裝半導體晶圓或網線,馬來西亞,出口總值(含復出口),85,21437
2020-6,39231010,塑膠製箱子、盒子、籃子及類似品，其形狀或適合供運輸或包裝半導體晶圓或網線,荷蘭,出口總值(含復出口),4,1334
2020-6,39231010,塑膠製箱子、盒子、籃子及類似品，其形狀或適合供運輸或包裝半導體晶圓或網線,菲律賓,出口總值(含復出口),85,597
2020-6,39231010,塑膠製箱子、盒子、籃子及類似品，其形狀或適合供運輸或包裝半導體晶圓或網線,越南,出口總值(含復出口),21,5730
2020-6,39231010,塑膠製箱子、盒子、籃子及類似品，其形狀或適合供運輸或包裝半導體晶圓或網線,新加坡,出口總值(含復出口),80,12318
2020-6,39231010,塑膠製箱子、盒子、籃子及類似品，其形狀或適合供運輸或包裝半導體晶圓或網線,德國,出口總值(含復出口),69,20651
2020-6,39239090,其他供輸送或包裝貨物之塑膠製品,中國大陸,進口總值(含復進口),6262,1612725
2020-6,39239090,其他供輸送或包裝貨物之塑膠製品,中華民國,進口總值(含復進口),629,113610
2020-6,39239090,其他供輸送或包裝貨物之塑膠製品,丹麥,進口總值(含復進口),23,2150
2020-6,39239090,其他供輸送或包裝貨物之塑膠製品,日本,進口總值(含復進口),1840,231214
2020-6,39239090,其他供輸送或包裝貨物之塑膠製品,比利時,進口總值(含復進口),0,224
2020-6,39239090,其他供輸送或包裝貨物之塑膠製品,印尼,進口總值(含復進口),5,5097
2020-6,39239090,其他供輸送或包裝貨物之塑膠製品,印度,進口總值(含復進口),38,11464
2020-6,39239090,其他供輸送或包裝貨物之塑膠製品,拉脫維亞,進口總值(含復進口),1,101
2020-6,39239090,其他供輸送或包裝貨物之塑膠製品,法國,進口總值(含復進口),87,9100
2020-6,39239090,其他供輸送或包裝貨物之塑膠製品,南韓,進口總值(含復進口),1315,316067
2020-6,39239090,其他供輸送或包裝貨物之塑膠製品,美國,進口總值(含復進口),788,104528
2020-6,39239090,其他供輸送或包裝貨物之塑膠製品,香港,進口總值(含復進口),3,529
2020-6,39239090,其他供輸送或包裝貨物之塑膠製品,泰國,進口總值(含復進口),1069,153817
2020-6,39239090,其他供輸送或包裝貨物之塑膠製品,馬來西亞,進口總值(含復進口),742,230860
2020-6,39239090,其他供輸送或包裝貨物之塑膠製品,捷克,進口總值(含復進口),4,2397
2020-6,39239090,其他供輸送或包裝貨物之塑膠製品,荷蘭,進口總值(含復進口),42,794
2020-6,39239090,其他供輸送或包裝貨物之塑膠製品,菲律賓,進口總值(含復進口),157,27849
2020-6,39239090,其他供輸送或包裝貨物之塑膠製品,越南,進口總值(含復進口),45,6701
2020-6,39239090,其他供輸送或包裝貨物之塑膠製品,新加坡,進口總值(含復進口),41,22682
2020-6,39239090,其他供輸送或包裝貨物之塑膠製品,瑞士,進口總值(含復進口),0,0
2020-6,39239090,其他供輸送或包裝貨物之塑膠製品,義大利,進口總值(含復進口),0,12
2020-6,39239090,其他供輸送或包裝貨物之塑膠製品,葡萄牙,進口總值(含復進口),0,49
2020-6,39239090,其他供輸送或包裝貨物之塑膠製品,德國,進口總值(含復進口),570,74962
2020-6,39239090,其他供輸送或包裝貨物之塑膠製品,墨西哥,進口總值(含復進口),0,14
2020-6,39239090,其他供輸送或包裝貨物之塑膠製品,澳大利亞,進口總值(含復進口),38,1311
2020-6,39239090,其他供輸送或包裝貨物之塑膠製品,中國大陸,出口總值(含復出口),2776,672231
2020-6,39239090,其他供輸送或包裝貨物之塑膠製品,巴布亞紐幾內亞,出口總值(含復出口),8,3702
2020-6,39239090,其他供輸送或包裝貨物之塑膠製品,巴西,出口總值(含復出口),11,3939
2020-6,39239090,其他供輸送或包裝貨物之塑膠製品,巴拿馬,出口總值(含復出口),29,5987
2020-6,39239090,其他供輸送或包裝貨物之塑膠製品,日本,出口總值(含復出口),1031,136019
2020-6,39239090,其他供輸送或包裝貨物之塑膠製品,比利時,出口總值(含復出口),22,3140
2020-6,39239090,其他供輸送或包裝貨物之塑膠製品,以色列,出口總值(含復出口),13,1525
2020-6,39239090,其他供輸送或包裝貨物之塑膠製品,加拿大,出口總值(含復出口),155,20530
2020-6,39239090,其他供輸送或包裝貨物之塑膠製品,卡達,出口總值(含復出口),56,14024
2020-6,39239090,其他供輸送或包裝貨物之塑膠製品,史瓦帝尼,出口總值(含復出口),0,12
2020-6,39239090,其他供輸送或包裝貨物之塑膠製品,冰島,出口總值(含復出口),27,3514
2020-6,39239090,其他供輸送或包裝貨物之塑膠製品,印尼,出口總值(含復出口),35,11642
2020-6,39239090,其他供輸送或包裝貨物之塑膠製品,吉布地,出口總值(含復出口),0,0
2020-6,39239090,其他供輸送或包裝貨物之塑膠製品,多明尼加,出口總值(含復出口),5,1988
2020-6,39239090,其他供輸送或包裝貨物之塑膠製品,宏都拉斯,出口總值(含復出口),14,1739
2020-6,39239090,其他供輸送或包裝貨物之塑膠製品,沙烏地阿拉伯,出口總值(含復出口),27,8000
2020-6,39239090,其他供輸送或包裝貨物之塑膠製品,奈及利亞,出口總值(含復出口),6,268
2020-6,39239090,其他供輸送或包裝貨物之塑膠製品,波多黎各,出口總值(含復出口),8,3600
2020-6,39239090,其他供輸送或包裝貨物之塑膠製品,法國,出口總值(含復出口),63,2531
2020-6,39239090,其他供輸送或包裝貨物之塑膠製品,阿拉伯聯合大公國,出口總值(含復出口),14,4299
2020-6,39239090,其他供輸送或包裝貨物之塑膠製品,俄羅斯,出口總值(含復出口),12,1526
2020-6,39239090,其他供輸送或包裝貨物之塑膠製品,南韓,出口總值(含復出口),439,209969
2020-6,39239090,其他供輸送或包裝貨物之塑膠製品,柬埔寨,出口總值(含復出口),12,5687
2020-6,39239090,其他供輸送或包裝貨物之塑膠製品,美國,出口總值(含復出口),2150,758818
2020-6,39239090,其他供輸送或包裝貨物之塑膠製品,英國,出口總值(含復出口),44,5600
2020-6,39239090,其他供輸送或包裝貨物之塑膠製品,香港,出口總值(含復出口),301,138417
2020-6,39239090,其他供輸送或包裝貨物之塑膠製品,挪威,出口總值(含復出口),0,54
2020-6,39239090,其他供輸送或包裝貨物之塑膠製品,泰國,出口總值(含復出口),134,16225
2020-6,39239090,其他供輸送或包裝貨物之塑膠製品,紐西蘭,出口總值(含復出口),21,3694
2020-6,39239090,其他供輸送或包裝貨物之塑膠製品,馬來西亞,出口總值(含復出口),91,9142
2020-6,39239090,其他供輸送或包裝貨物之塑膠製品,荷蘭,出口總值(含復出口),190,15374
2020-6,39239090,其他供輸送或包裝貨物之塑膠製品,智利,出口總值(含復出口),17,4021
2020-6,39239090,其他供輸送或包裝貨物之塑膠製品,菲律賓,出口總值(含復出口),138,38490
2020-6,39239090,其他供輸送或包裝貨物之塑膠製品,越南,出口總值(含復出口),202,23738
2020-6,39239090,其他供輸送或包裝貨物之塑膠製品,新加坡,出口總值(含復出口),90,9436
2020-6,39239090,其他供輸送或包裝貨物之塑膠製品,瑞士,出口總值(含復出口),4,130
2020-6,39239090,其他供輸送或包裝貨物之塑膠製品,瑞典,出口總值(含復出口),20,4332
2020-6,39239090,其他供輸送或包裝貨物之塑膠製品,義大利,出口總值(含復出口),128,5961
2020-6,39239090,其他供輸送或包裝貨物之塑膠製品,德國,出口總值(含復出口),42,4266
2020-6,39239090,其他供輸送或包裝貨物之塑膠製品,緬甸,出口總值(含復出口),8,3501
2020-6,39239090,其他供輸送或包裝貨物之塑膠製品,墨西哥,出口總值(含復出口),24,4824
2020-6,39239090,其他供輸送或包裝貨物之塑膠製品,澳大利亞,出口總值(含復出口),39,16406
2020-6,39239090,其他供輸送或包裝貨物之塑膠製品,賽普勒斯,出口總值(含復出口),4,1847
2020-6,39269012,電氣絕緣用塑膠製品,中國大陸,進口總值(含復進口),170,10982
2020-6,39269012,電氣絕緣用塑膠製品,中華民國,進口總值(含復進口),0,0
2020-6,39269012,電氣絕緣用塑膠製品,日本,進口總值(含復進口),448,1051
2020-6,39269012,電氣絕緣用塑膠製品,印度,進口總值(含復進口),7,463
2020-6,39269012,電氣絕緣用塑膠製品,南韓,進口總值(含復進口),2,129
2020-6,39269012,電氣絕緣用塑膠製品,美國,進口總值(含復進口),15,62
2020-6,39269012,電氣絕緣用塑膠製品,哥斯大黎加,進口總值(含復進口),0,1
2020-6,39269012,電氣絕緣用塑膠製品,荷蘭,進口總值(含復進口),0,1
2020-6,39269012,電氣絕緣用塑膠製品,越南,進口總值(含復進口),6,2409
2020-6,39269012,電氣絕緣用塑膠製品,新加坡,進口總值(含復進口),0,0
2020-6,39269012,電氣絕緣用塑膠製品,瑞士,進口總值(含復進口),0,0
2020-6,39269012,電氣絕緣用塑膠製品,德國,進口總值(含復進口),1,6
2020-6,39269012,電氣絕緣用塑膠製品,墨西哥,進口總值(含復進口),0,1
2020-6,39269012,電氣絕緣用塑膠製品,中國大陸,出口總值(含復出口),137,14974
2020-6,39269012,電氣絕緣用塑膠製品,日本,出口總值(含復出口),80,25000
2020-6,39269012,電氣絕緣用塑膠製品,比利時,出口總值(含復出口),53,13326
2020-6,39269012,電氣絕緣用塑膠製品,加拿大,出口總值(含復出口),13,3529
2020-6,39269012,電氣絕緣用塑膠製品,印尼,出口總值(含復出口),2,153
2020-6,39269012,電氣絕緣用塑膠製品,西班牙,出口總值(含復出口),125,36699
2020-6,39269012,電氣絕緣用塑膠製品,希臘,出口總值(含復出口),10,1677
2020-6,39269012,電氣絕緣用塑膠製品,沙烏地阿拉伯,出口總值(含復出口),36,10615
2020-6,39269012,電氣絕緣用塑膠製品,拉脫維亞,出口總值(含復出口),24,6070
2020-6,39269012,電氣絕緣用塑膠製品,南非,出口總值(含復出口),5,1557
2020-6,39269012,電氣絕緣用塑膠製品,南韓,出口總值(含復出口),349,126570
2020-6,39269012,電氣絕緣用塑膠製品,柬埔寨,出口總值(含復出口),3,34
2020-6,39269012,電氣絕緣用塑膠製品,美國,出口總值(含復出口),135,33840
2020-6,39269012,電氣絕緣用塑膠製品,香港,出口總值(含復出口),31,504
2020-6,39269012,電氣絕緣用塑膠製品,泰國,出口總值(含復出口),15,105
2020-6,39269012,電氣絕緣用塑膠製品,馬來西亞,出口總值(含復出口),2,44
2020-6,39269012,電氣絕緣用塑膠製品,荷蘭,出口總值(含復出口),36,10112
2020-6,39269012,電氣絕緣用塑膠製品,菲律賓,出口總值(含復出口),22,13797
2020-6,39269012,電氣絕緣用塑膠製品,越南,出口總值(含復出口),64,1863
2020-6,39269012,電氣絕緣用塑膠製品,新加坡,出口總值(含復出口),11,1030
2020-6,39269012,電氣絕緣用塑膠製品,瑞士,出口總值(含復出口),6,1303
2020-6,39269012,電氣絕緣用塑膠製品,德國,出口總值(含復出口),16,1799
2020-6,39269012,電氣絕緣用塑膠製品,摩洛哥,出口總值(含復出口),30,12028
2020-6,39269012,電氣絕緣用塑膠製品,模里西斯,出口總值(含復出口),3,904
2020-6,39269012,電氣絕緣用塑膠製品,墨西哥,出口總值(含復出口),15,692
2020-6,39269012,電氣絕緣用塑膠製品,澳大利亞,出口總值(含復出口),47,12874
2020-7,39231010,塑膠製箱子、盒子、籃子及類似品，其形狀或適合供運輸或包裝半導體晶圓或網線,中國大陸,進口總值(含復進口),296,14563
2020-7,39231010,塑膠製箱子、盒子、籃子及類似品，其形狀或適合供運輸或包裝半導體晶圓或網線,中華民國,進口總值(含復進口),16,2377
2020-7,39231010,塑膠製箱子、盒子、籃子及類似品，其形狀或適合供運輸或包裝半導體晶圓或網線,日本,進口總值(含復進口),2202,110513
2020-7,39231010,塑膠製箱子、盒子、籃子及類似品，其形狀或適合供運輸或包裝半導體晶圓或網線,印尼,進口總值(含復進口),336,42888
2020-7,39231010,塑膠製箱子、盒子、籃子及類似品，其形狀或適合供運輸或包裝半導體晶圓或網線,波蘭,進口總值(含復進口),1,16
2020-7,39231010,塑膠製箱子、盒子、籃子及類似品，其形狀或適合供運輸或包裝半導體晶圓或網線,南韓,進口總值(含復進口),457,28566
2020-7,39231010,塑膠製箱子、盒子、籃子及類似品，其形狀或適合供運輸或包裝半導體晶圓或網線,美國,進口總值(含復進口),742,55298
2020-7,39231010,塑膠製箱子、盒子、籃子及類似品，其形狀或適合供運輸或包裝半導體晶圓或網線,英國,進口總值(含復進口),0,2
2020-7,39231010,塑膠製箱子、盒子、籃子及類似品，其形狀或適合供運輸或包裝半導體晶圓或網線,泰國,進口總值(含復進口),0,6
2020-7,39231010,塑膠製箱子、盒子、籃子及類似品，其形狀或適合供運輸或包裝半導體晶圓或網線,馬來西亞,進口總值(含復進口),1011,36893
2020-7,39231010,塑膠製箱子、盒子、籃子及類似品，其形狀或適合供運輸或包裝半導體晶圓或網線,荷蘭,進口總值(含復進口),1,28
2020-7,39231010,塑膠製箱子、盒子、籃子及類似品，其形狀或適合供運輸或包裝半導體晶圓或網線,菲律賓,進口總值(含復進口),3,142
2020-7,39231010,塑膠製箱子、盒子、籃子及類似品，其形狀或適合供運輸或包裝半導體晶圓或網線,奧地利,進口總值(含復進口),1,0
2020-7,39231010,塑膠製箱子、盒子、籃子及類似品，其形狀或適合供運輸或包裝半導體晶圓或網線,新加坡,進口總值(含復進口),15,1200
2020-7,39231010,塑膠製箱子、盒子、籃子及類似品，其形狀或適合供運輸或包裝半導體晶圓或網線,瑞士,進口總值(含復進口),0,0
2020-7,39231010,塑膠製箱子、盒子、籃子及類似品，其形狀或適合供運輸或包裝半導體晶圓或網線,德國,進口總值(含復進口),37,11452
2020-7,39231010,塑膠製箱子、盒子、籃子及類似品，其形狀或適合供運輸或包裝半導體晶圓或網線,澳大利亞,進口總值(含復進口),2,80
2020-7,39231010,塑膠製箱子、盒子、籃子及類似品，其形狀或適合供運輸或包裝半導體晶圓或網線,中國大陸,出口總值(含復出口),832,60196
2020-7,39231010,塑膠製箱子、盒子、籃子及類似品，其形狀或適合供運輸或包裝半導體晶圓或網線,日本,出口總值(含復出口),890,84748
2020-7,39231010,塑膠製箱子、盒子、籃子及類似品，其形狀或適合供運輸或包裝半導體晶圓或網線,以色列,出口總值(含復出口),3,13
2020-7,39231010,塑膠製箱子、盒子、籃子及類似品，其形狀或適合供運輸或包裝半導體晶圓或網線,加拿大,出口總值(含復出口),16,3257
2020-7,39231010,塑膠製箱子、盒子、籃子及類似品，其形狀或適合供運輸或包裝半導體晶圓或網線,波蘭,出口總值(含復出口),7,476
2020-7,39231010,塑膠製箱子、盒子、籃子及類似品，其形狀或適合供運輸或包裝半導體晶圓或網線,法國,出口總值(含復出口),9,3282
2020-7,39231010,塑膠製箱子、盒子、籃子及類似品，其形狀或適合供運輸或包裝半導體晶圓或網線,阿拉伯聯合大公國,出口總值(含復出口),25,5438
2020-7,39231010,塑膠製箱子、盒子、籃子及類似品，其形狀或適合供運輸或包裝半導體晶圓或網線,南韓,出口總值(含復出口),231,23339
2020-7,39231010,塑膠製箱子、盒子、籃子及類似品，其形狀或適合供運輸或包裝半導體晶圓或網線,科威特,出口總值(含復出口),13,769
2020-7,39231010,塑膠製箱子、盒子、籃子及類似品，其形狀或適合供運輸或包裝半導體晶圓或網線,美國,出口總值(含復出口),99,24448
2020-7,39231010,塑膠製箱子、盒子、籃子及類似品，其形狀或適合供運輸或包裝半導體晶圓或網線,英國,出口總值(含復出口),38,6378
2020-7,39231010,塑膠製箱子、盒子、籃子及類似品，其形狀或適合供運輸或包裝半導體晶圓或網線,香港,出口總值(含復出口),16,841
2020-7,39231010,塑膠製箱子、盒子、籃子及類似品，其形狀或適合供運輸或包裝半導體晶圓或網線,馬來西亞,出口總值(含復出口),61,12907
2020-7,39231010,塑膠製箱子、盒子、籃子及類似品，其形狀或適合供運輸或包裝半導體晶圓或網線,荷蘭,出口總值(含復出口),15,3079
2020-7,39231010,塑膠製箱子、盒子、籃子及類似品，其形狀或適合供運輸或包裝半導體晶圓或網線,菲律賓,出口總值(含復出口),27,1004
2020-7,39231010,塑膠製箱子、盒子、籃子及類似品，其形狀或適合供運輸或包裝半導體晶圓或網線,越南,出口總值(含復出口),28,8541
2020-7,39231010,塑膠製箱子、盒子、籃子及類似品，其形狀或適合供運輸或包裝半導體晶圓或網線,新加坡,出口總值(含復出口),58,7199
2020-7,39231010,塑膠製箱子、盒子、籃子及類似品，其形狀或適合供運輸或包裝半導體晶圓或網線,義大利,出口總值(含復出口),3,64
2020-7,39231010,塑膠製箱子、盒子、籃子及類似品，其形狀或適合供運輸或包裝半導體晶圓或網線,德國,出口總值(含復出口),89,23856
2020-7,39231010,塑膠製箱子、盒子、籃子及類似品，其形狀或適合供運輸或包裝半導體晶圓或網線,澳大利亞,出口總值(含復出口),5,1200
2020-7,39239090,其他供輸送或包裝貨物之塑膠製品,中國大陸,進口總值(含復進口),5968,1665024
2020-7,39239090,其他供輸送或包裝貨物之塑膠製品,中華民國,進口總值(含復進口),322,160087
2020-7,39239090,其他供輸送或包裝貨物之塑膠製品,丹麥,進口總值(含復進口),344,2691
2020-7,39239090,其他供輸送或包裝貨物之塑膠製品,日本,進口總值(含復進口),1475,198813
2020-7,39239090,其他供輸送或包裝貨物之塑膠製品,印度,進口總值(含復進口),36,11189
2020-7,39239090,其他供輸送或包裝貨物之塑膠製品,法國,進口總值(含復進口),4,30
2020-7,39239090,其他供輸送或包裝貨物之塑膠製品,南韓,進口總值(含復進口),1454,297466
2020-7,39239090,其他供輸送或包裝貨物之塑膠製品,美國,進口總值(含復進口),836,121233
2020-7,39239090,其他供輸送或包裝貨物之塑膠製品,英國,進口總值(含復進口),31,5353
2020-7,39239090,其他供輸送或包裝貨物之塑膠製品,泰國,進口總值(含復進口),533,76476
2020-7,39239090,其他供輸送或包裝貨物之塑膠製品,紐西蘭,進口總值(含復進口),5,90
2020-7,39239090,其他供輸送或包裝貨物之塑膠製品,馬來西亞,進口總值(含復進口),1295,140327
2020-7,39239090,其他供輸送或包裝貨物之塑膠製品,捷克,進口總值(含復進口),0,3
2020-7,39239090,其他供輸送或包裝貨物之塑膠製品,荷蘭,進口總值(含復進口),18,245
2020-7,39239090,其他供輸送或包裝貨物之塑膠製品,菲律賓,進口總值(含復進口),299,59578
2020-7,39239090,其他供輸送或包裝貨物之塑膠製品,越南,進口總值(含復進口),28,3995
2020-7,39239090,其他供輸送或包裝貨物之塑膠製品,奧地利,進口總值(含復進口),19,8
2020-7,39239090,其他供輸送或包裝貨物之塑膠製品,新加坡,進口總值(含復進口),40,36730
2020-7,39239090,其他供輸送或包裝貨物之塑膠製品,瑞士,進口總值(含復進口),1,16
2020-7,39239090,其他供輸送或包裝貨物之塑膠製品,義大利,進口總值(含復進口),34,7718
2020-7,39239090,其他供輸送或包裝貨物之塑膠製品,葡萄牙,進口總值(含復進口),1,147
2020-7,39239090,其他供輸送或包裝貨物之塑膠製品,德國,進口總值(含復進口),611,77406
2020-7,39239090,其他供輸送或包裝貨物之塑膠製品,土耳其,出口總值(含復出口),9,1023
2020-7,39239090,其他供輸送或包裝貨物之塑膠製品,中國大陸,出口總值(含復出口),2825,721816
2020-7,39239090,其他供輸送或包裝貨物之塑膠製品,丹麥,出口總值(含復出口),20,1926
2020-7,39239090,其他供輸送或包裝貨物之塑膠製品,巴布亞紐幾內亞,出口總值(含復出口),19,8753
2020-7,39239090,其他供輸送或包裝貨物之塑膠製品,巴西,出口總值(含復出口),31,7789
2020-7,39239090,其他供輸送或包裝貨物之塑膠製品,日本,出口總值(含復出口),685,88091
2020-7,39239090,其他供輸送或包裝貨物之塑膠製品,比利時,出口總值(含復出口),6,426
2020-7,39239090,其他供輸送或包裝貨物之塑膠製品,以色列,出口總值(含復出口),11,831
2020-7,39239090,其他供輸送或包裝貨物之塑膠製品,加拿大,出口總值(含復出口),97,29895
2020-7,39239090,其他供輸送或包裝貨物之塑膠製品,印尼,出口總值(含復出口),5,1680
2020-7,39239090,其他供輸送或包裝貨物之塑膠製品,沙烏地阿拉伯,出口總值(含復出口),60,17087
2020-7,39239090,其他供輸送或包裝貨物之塑膠製品,東帝汶,出口總值(含復出口),3,4180
2020-7,39239090,其他供輸送或包裝貨物之塑膠製品,波多黎各,出口總值(含復出口),26,11210
2020-7,39239090,其他供輸送或包裝貨物之塑膠製品,波蘭,出口總值(含復出口),5,136
2020-7,39239090,其他供輸送或包裝貨物之塑膠製品,法國,出口總值(含復出口),189,11991
2020-7,39239090,其他供輸送或包裝貨物之塑膠製品,阿拉伯聯合大公國,出口總值(含復出口),5,212
2020-7,39239090,其他供輸送或包裝貨物之塑膠製品,南韓,出口總值(含復出口),759,235447
2020-7,39239090,其他供輸送或包裝貨物之塑膠製品,柬埔寨,出口總值(含復出口),9,3028
2020-7,39239090,其他供輸送或包裝貨物之塑膠製品,美國,出口總值(含復出口),2374,909968
2020-7,39239090,其他供輸送或包裝貨物之塑膠製品,英國,出口總值(含復出口),165,26646
2020-7,39239090,其他供輸送或包裝貨物之塑膠製品,香港,出口總值(含復出口),560,218352
2020-7,39239090,其他供輸送或包裝貨物之塑膠製品,泰國,出口總值(含復出口),221,22285
2020-7,39239090,其他供輸送或包裝貨物之塑膠製品,馬來西亞,出口總值(含復出口),179,40180
2020-7,39239090,其他供輸送或包裝貨物之塑膠製品,捷克,出口總值(含復出口),5,62
2020-7,39239090,其他供輸送或包裝貨物之塑膠製品,荷蘭,出口總值(含復出口),240,8872
2020-7,39239090,其他供輸送或包裝貨物之塑膠製品,斯里蘭卡,出口總值(含復出口),5,1918
2020-7,39239090,其他供輸送或包裝貨物之塑膠製品,智利,出口總值(含復出口),23,4182
2020-7,39239090,其他供輸送或包裝貨物之塑膠製品,菲律賓,出口總值(含復出口),250,73299
2020-7,39239090,其他供輸送或包裝貨物之塑膠製品,越南,出口總值(含復出口),166,72964
2020-7,39239090,其他供輸送或包裝貨物之塑膠製品,新加坡,出口總值(含復出口),128,23108
2020-7,39239090,其他供輸送或包裝貨物之塑膠製品,瑞士,出口總值(含復出口),34,815
2020-7,39239090,其他供輸送或包裝貨物之塑膠製品,瑞典,出口總值(含復出口),61,9797
2020-7,39239090,其他供輸送或包裝貨物之塑膠製品,義大利,出口總值(含復出口),159,12363
2020-7,39239090,其他供輸送或包裝貨物之塑膠製品,德國,出口總值(含復出口),42,4218
2020-7,39239090,其他供輸送或包裝貨物之塑膠製品,墨西哥,出口總值(含復出口),60,11261
2020-7,39239090,其他供輸送或包裝貨物之塑膠製品,澳大利亞,出口總值(含復出口),124,47610
2020-7,39239090,其他供輸送或包裝貨物之塑膠製品,賽普勒斯,出口總值(含復出口),5,219
2020-7,39269012,電氣絕緣用塑膠製品,中國大陸,進口總值(含復進口),332,41997
2020-7,39269012,電氣絕緣用塑膠製品,中華民國,進口總值(含復進口),2,5
2020-7,39269012,電氣絕緣用塑膠製品,日本,進口總值(含復進口),298,1897
2020-7,39269012,電氣絕緣用塑膠製品,法國,進口總值(含復進口),0,2
2020-7,39269012,電氣絕緣用塑膠製品,南韓,進口總值(含復進口),3,259
2020-7,39269012,電氣絕緣用塑膠製品,美國,進口總值(含復進口),8,45
2020-7,39269012,電氣絕緣用塑膠製品,哥斯大黎加,進口總值(含復進口),5,2
2020-7,39269012,電氣絕緣用塑膠製品,越南,進口總值(含復進口),15,5845
2020-7,39269012,電氣絕緣用塑膠製品,新加坡,進口總值(含復進口),0,0
2020-7,39269012,電氣絕緣用塑膠製品,瑞典,進口總值(含復進口),0,4
2020-7,39269012,電氣絕緣用塑膠製品,德國,進口總值(含復進口),3,12
2020-7,39269012,電氣絕緣用塑膠製品,中國大陸,出口總值(含復出口),70,9465
2020-7,39269012,電氣絕緣用塑膠製品,日本,出口總值(含復出口),0,87
2020-7,39269012,電氣絕緣用塑膠製品,比利時,出口總值(含復出口),49,11899
2020-7,39269012,電氣絕緣用塑膠製品,加拿大,出口總值(含復出口),63,14556
2020-7,39269012,電氣絕緣用塑膠製品,匈牙利,出口總值(含復出口),15,3160
2020-7,39269012,電氣絕緣用塑膠製品,印度,出口總值(含復出口),53,22650
2020-7,39269012,電氣絕緣用塑膠製品,拉脫維亞,出口總值(含復出口),9,2283
2020-7,39269012,電氣絕緣用塑膠製品,俄羅斯,出口總值(含復出口),90,23241
2020-7,39269012,電氣絕緣用塑膠製品,柬埔寨,出口總值(含復出口),23,159
2020-7,39269012,電氣絕緣用塑膠製品,美國,出口總值(含復出口),259,61787
2020-7,39269012,電氣絕緣用塑膠製品,香港,出口總值(含復出口),52,742
2020-7,39269012,電氣絕緣用塑膠製品,哥倫比亞,出口總值(含復出口),68,27775
2020-7,39269012,電氣絕緣用塑膠製品,埃及,出口總值(含復出口),167,58413
2020-7,39269012,電氣絕緣用塑膠製品,泰國,出口總值(含復出口),6,644
2020-7,39269012,電氣絕緣用塑膠製品,烏拉圭,出口總值(含復出口),3,552
2020-7,39269012,電氣絕緣用塑膠製品,馬來西亞,出口總值(含復出口),16,2670
2020-7,39269012,電氣絕緣用塑膠製品,捷克,出口總值(含復出口),4,70
2020-7,39269012,電氣絕緣用塑膠製品,荷蘭,出口總值(含復出口),38,9287
2020-7,39269012,電氣絕緣用塑膠製品,菲律賓,出口總值(含復出口),43,30260
2020-7,39269012,電氣絕緣用塑膠製品,越南,出口總值(含復出口),45,1077
2020-7,39269012,電氣絕緣用塑膠製品,奧地利,出口總值(含復出口),3,434
2020-7,39269012,電氣絕緣用塑膠製品,新加坡,出口總值(含復出口),7,513
2020-7,39269012,電氣絕緣用塑膠製品,義大利,出口總值(含復出口),195,42877
2020-7,39269012,電氣絕緣用塑膠製品,葉門,出口總值(含復出口),31,7200
2020-7,39269012,電氣絕緣用塑膠製品,德國,出口總值(含復出口),53,12922
2020-7,39269012,電氣絕緣用塑膠製品,墨西哥,出口總值(含復出口),86,17397
2020-7,39269012,電氣絕緣用塑膠製品,澳大利亞,出口總值(含復出口),108,31054
2020-8,39231010,塑膠製箱子、盒子、籃子及類似品，其形狀或適合供運輸或包裝半導體晶圓或網線,中國大陸,進口總值(含復進口),218,11989
2020-8,39231010,塑膠製箱子、盒子、籃子及類似品，其形狀或適合供運輸或包裝半導體晶圓或網線,中華民國,進口總值(含復進口),11,5271
2020-8,39231010,塑膠製箱子、盒子、籃子及類似品，其形狀或適合供運輸或包裝半導體晶圓或網線,日本,進口總值(含復進口),2670,120170
2020-8,39231010,塑膠製箱子、盒子、籃子及類似品，其形狀或適合供運輸或包裝半導體晶圓或網線,印尼,進口總值(含復進口),305,39118
2020-8,39231010,塑膠製箱子、盒子、籃子及類似品，其形狀或適合供運輸或包裝半導體晶圓或網線,波蘭,進口總值(含復進口),0,4
2020-8,39231010,塑膠製箱子、盒子、籃子及類似品，其形狀或適合供運輸或包裝半導體晶圓或網線,南韓,進口總值(含復進口),337,29538
2020-8,39231010,塑膠製箱子、盒子、籃子及類似品，其形狀或適合供運輸或包裝半導體晶圓或網線,美國,進口總值(含復進口),318,24929
2020-8,39231010,塑膠製箱子、盒子、籃子及類似品，其形狀或適合供運輸或包裝半導體晶圓或網線,英國,進口總值(含復進口),0,0
2020-8,39231010,塑膠製箱子、盒子、籃子及類似品，其形狀或適合供運輸或包裝半導體晶圓或網線,馬來西亞,進口總值(含復進口),2745,69325
2020-8,39231010,塑膠製箱子、盒子、籃子及類似品，其形狀或適合供運輸或包裝半導體晶圓或網線,荷蘭,進口總值(含復進口),0,1
2020-8,39231010,塑膠製箱子、盒子、籃子及類似品，其形狀或適合供運輸或包裝半導體晶圓或網線,菲律賓,進口總值(含復進口),4,90
2020-8,39231010,塑膠製箱子、盒子、籃子及類似品，其形狀或適合供運輸或包裝半導體晶圓或網線,新加坡,進口總值(含復進口),0,4
2020-8,39231010,塑膠製箱子、盒子、籃子及類似品，其形狀或適合供運輸或包裝半導體晶圓或網線,瑞士,進口總值(含復進口),4,43
2020-8,39231010,塑膠製箱子、盒子、籃子及類似品，其形狀或適合供運輸或包裝半導體晶圓或網線,義大利,進口總值(含復進口),1,30
2020-8,39231010,塑膠製箱子、盒子、籃子及類似品，其形狀或適合供運輸或包裝半導體晶圓或網線,德國,進口總值(含復進口),48,12792
2020-8,39231010,塑膠製箱子、盒子、籃子及類似品，其形狀或適合供運輸或包裝半導體晶圓或網線,中國大陸,出口總值(含復出口),724,49752
2020-8,39231010,塑膠製箱子、盒子、籃子及類似品，其形狀或適合供運輸或包裝半導體晶圓或網線,日本,出口總值(含復出口),885,83871
2020-8,39231010,塑膠製箱子、盒子、籃子及類似品，其形狀或適合供運輸或包裝半導體晶圓或網線,加拿大,出口總值(含復出口),4,834
2020-8,39231010,塑膠製箱子、盒子、籃子及類似品，其形狀或適合供運輸或包裝半導體晶圓或網線,印度,出口總值(含復出口),26,7615
2020-8,39231010,塑膠製箱子、盒子、籃子及類似品，其形狀或適合供運輸或包裝半導體晶圓或網線,西班牙,出口總值(含復出口),20,4821
2020-8,39231010,塑膠製箱子、盒子、籃子及類似品，其形狀或適合供運輸或包裝半導體晶圓或網線,波蘭,出口總值(含復出口),0,7
2020-8,39231010,塑膠製箱子、盒子、籃子及類似品，其形狀或適合供運輸或包裝半導體晶圓或網線,阿拉伯聯合大公國,出口總值(含復出口),12,2560
2020-8,39231010,塑膠製箱子、盒子、籃子及類似品，其形狀或適合供運輸或包裝半導體晶圓或網線,阿根廷,出口總值(含復出口),0,121
2020-8,39231010,塑膠製箱子、盒子、籃子及類似品，其形狀或適合供運輸或包裝半導體晶圓或網線,俄羅斯,出口總值(含復出口),14,1560
2020-8,39231010,塑膠製箱子、盒子、籃子及類似品，其形狀或適合供運輸或包裝半導體晶圓或網線,南非,出口總值(含復出口),23,12536
2020-8,39231010,塑膠製箱子、盒子、籃子及類似品，其形狀或適合供運輸或包裝半導體晶圓或網線,南韓,出口總值(含復出口),318,23675
2020-8,39231010,塑膠製箱子、盒子、籃子及類似品，其形狀或適合供運輸或包裝半導體晶圓或網線,美國,出口總值(含復出口),98,8543
2020-8,39231010,塑膠製箱子、盒子、籃子及類似品，其形狀或適合供運輸或包裝半導體晶圓或網線,英國,出口總值(含復出口),46,6413
2020-8,39231010,塑膠製箱子、盒子、籃子及類似品，其形狀或適合供運輸或包裝半導體晶圓或網線,香港,出口總值(含復出口),25,1382
2020-8,39231010,塑膠製箱子、盒子、籃子及類似品，其形狀或適合供運輸或包裝半導體晶圓或網線,挪威,出口總值(含復出口),4,494
2020-8,39231010,塑膠製箱子、盒子、籃子及類似品，其形狀或適合供運輸或包裝半導體晶圓或網線,泰國,出口總值(含復出口),51,2400
2020-8,39231010,塑膠製箱子、盒子、籃子及類似品，其形狀或適合供運輸或包裝半導體晶圓或網線,烏克蘭,出口總值(含復出口),2,53
2020-8,39231010,塑膠製箱子、盒子、籃子及類似品，其形狀或適合供運輸或包裝半導體晶圓或網線,馬來西亞,出口總值(含復出口),136,29310
2020-8,39231010,塑膠製箱子、盒子、籃子及類似品，其形狀或適合供運輸或包裝半導體晶圓或網線,越南,出口總值(含復出口),29,6208
2020-8,39231010,塑膠製箱子、盒子、籃子及類似品，其形狀或適合供運輸或包裝半導體晶圓或網線,新加坡,出口總值(含復出口),13,1800
2020-8,39231010,塑膠製箱子、盒子、籃子及類似品，其形狀或適合供運輸或包裝半導體晶圓或網線,義大利,出口總值(含復出口),2,53
2020-8,39231010,塑膠製箱子、盒子、籃子及類似品，其形狀或適合供運輸或包裝半導體晶圓或網線,德國,出口總值(含復出口),94,26902
2020-8,39231010,塑膠製箱子、盒子、籃子及類似品，其形狀或適合供運輸或包裝半導體晶圓或網線,澳大利亞,出口總值(含復出口),10,1848
2020-8,39239090,其他供輸送或包裝貨物之塑膠製品,中國大陸,進口總值(含復進口),6560,1719901
2020-8,39239090,其他供輸送或包裝貨物之塑膠製品,中華民國,進口總值(含復進口),296,96511
2020-8,39239090,其他供輸送或包裝貨物之塑膠製品,日本,進口總值(含復進口),1639,183723
2020-8,39239090,其他供輸送或包裝貨物之塑膠製品,印尼,進口總值(含復進口),8,7505
2020-8,39239090,其他供輸送或包裝貨物之塑膠製品,印度,進口總值(含復進口),4,7
2020-8,39239090,其他供輸送或包裝貨物之塑膠製品,拉脫維亞,進口總值(含復進口),2,126
2020-8,39239090,其他供輸送或包裝貨物之塑膠製品,法國,進口總值(含復進口),2,13
2020-8,39239090,其他供輸送或包裝貨物之塑膠製品,芬蘭,進口總值(含復進口),0,2
2020-8,39239090,其他供輸送或包裝貨物之塑膠製品,南韓,進口總值(含復進口),1369,315100
2020-8,39239090,其他供輸送或包裝貨物之塑膠製品,美國,進口總值(含復進口),489,75457
2020-8,39239090,其他供輸送或包裝貨物之塑膠製品,英國,進口總值(含復進口),2,29
2020-8,39239090,其他供輸送或包裝貨物之塑膠製品,香港,進口總值(含復進口),0,256
2020-8,39239090,其他供輸送或包裝貨物之塑膠製品,哥斯大黎加,進口總值(含復進口),0,10
2020-8,39239090,其他供輸送或包裝貨物之塑膠製品,泰國,進口總值(含復進口),491,85519
2020-8,39239090,其他供輸送或包裝貨物之塑膠製品,馬來西亞,進口總值(含復進口),891,152856
2020-8,39239090,其他供輸送或包裝貨物之塑膠製品,荷蘭,進口總值(含復進口),92,2769
2020-8,39239090,其他供輸送或包裝貨物之塑膠製品,菲律賓,進口總值(含復進口),299,65732
2020-8,39239090,其他供輸送或包裝貨物之塑膠製品,越南,進口總值(含復進口),42,3973
2020-8,39239090,其他供輸送或包裝貨物之塑膠製品,奧地利,進口總值(含復進口),0,2
2020-8,39239090,其他供輸送或包裝貨物之塑膠製品,新加坡,進口總值(含復進口),68,31942
2020-8,39239090,其他供輸送或包裝貨物之塑膠製品,瑞士,進口總值(含復進口),0,0
2020-8,39239090,其他供輸送或包裝貨物之塑膠製品,義大利,進口總值(含復進口),14,2406
2020-8,39239090,其他供輸送或包裝貨物之塑膠製品,葡萄牙,進口總值(含復進口),2,185
2020-8,39239090,其他供輸送或包裝貨物之塑膠製品,德國,進口總值(含復進口),71,4956
2020-8,39239090,其他供輸送或包裝貨物之塑膠製品,墨西哥,進口總值(含復進口),0,22
2020-8,39239090,其他供輸送或包裝貨物之塑膠製品,澳大利亞,進口總值(含復進口),20,2615
2020-8,39239090,其他供輸送或包裝貨物之塑膠製品,中國大陸,出口總值(含復出口),3666,900168
2020-8,39239090,其他供輸送或包裝貨物之塑膠製品,巴布亞紐幾內亞,出口總值(含復出口),39,17523
2020-8,39239090,其他供輸送或包裝貨物之塑膠製品,巴西,出口總值(含復出口),27,9734
2020-8,39239090,其他供輸送或包裝貨物之塑膠製品,日本,出口總值(含復出口),869,104562
2020-8,39239090,其他供輸送或包裝貨物之塑膠製品,比利時,出口總值(含復出口),35,3980
2020-8,39239090,其他供輸送或包裝貨物之塑膠製品,以色列,出口總值(含復出口),3,257
2020-8,39239090,其他供輸送或包裝貨物之塑膠製品,加拿大,出口總值(含復出口),57,17474
2020-8,39239090,其他供輸送或包裝貨物之塑膠製品,卡達,出口總值(含復出口),13,5226
2020-8,39239090,其他供輸送或包裝貨物之塑膠製品,史瓦帝尼,出口總值(含復出口),0,38
2020-8,39239090,其他供輸送或包裝貨物之塑膠製品,立陶宛,出口總值(含復出口),27,11991
2020-8,39239090,其他供輸送或包裝貨物之塑膠製品,伊朗,出口總值(含復出口),41,386
2020-8,39239090,其他供輸送或包裝貨物之塑膠製品,匈牙利,出口總值(含復出口),3,772
2020-8,39239090,其他供輸送或包裝貨物之塑膠製品,印尼,出口總值(含復出口),17,1989
2020-8,39239090,其他供輸送或包裝貨物之塑膠製品,印度,出口總值(含復出口),16,1326
2020-8,39239090,其他供輸送或包裝貨物之塑膠製品,吉布地,出口總值(含復出口),2,100
2020-8,39239090,其他供輸送或包裝貨物之塑膠製品,多明尼加,出口總值(含復出口),0,337
2020-8,39239090,其他供輸送或包裝貨物之塑膠製品,西班牙,出口總值(含復出口),34,4293
2020-8,39239090,其他供輸送或包裝貨物之塑膠製品,沙烏地阿拉伯,出口總值(含復出口),75,28246
2020-8,39239090,其他供輸送或包裝貨物之塑膠製品,汶萊,出口總值(含復出口),2,553
2020-8,39239090,其他供輸送或包裝貨物之塑膠製品,孟加拉,出口總值(含復出口),13,8000
2020-8,39239090,其他供輸送或包裝貨物之塑膠製品,帛琉,出口總值(含復出口),2,156
2020-8,39239090,其他供輸送或包裝貨物之塑膠製品,波多黎各,出口總值(含復出口),26,11387
2020-8,39239090,其他供輸送或包裝貨物之塑膠製品,法國,出口總值(含復出口),149,6477
2020-8,39239090,其他供輸送或包裝貨物之塑膠製品,肯亞,出口總值(含復出口),3,640
2020-8,39239090,其他供輸送或包裝貨物之塑膠製品,阿拉伯聯合大公國,出口總值(含復出口),20,8881
2020-8,39239090,其他供輸送或包裝貨物之塑膠製品,俄羅斯,出口總值(含復出口),51,11730
2020-8,39239090,其他供輸送或包裝貨物之塑膠製品,南非,出口總值(含復出口),0,28
2020-8,39239090,其他供輸送或包裝貨物之塑膠製品,南韓,出口總值(含復出口),723,227643
2020-8,39239090,其他供輸送或包裝貨物之塑膠製品,美國,出口總值(含復出口),2292,939365
2020-8,39239090,其他供輸送或包裝貨物之塑膠製品,英國,出口總值(含復出口),248,42515
2020-8,39239090,其他供輸送或包裝貨物之塑膠製品,香港,出口總值(含復出口),691,260871
2020-8,39239090,其他供輸送或包裝貨物之塑膠製品,哥斯大黎加,出口總值(含復出口),11,4429
2020-8,39239090,其他供輸送或包裝貨物之塑膠製品,泰國,出口總值(含復出口),89,6918
2020-8,39239090,其他供輸送或包裝貨物之塑膠製品,紐西蘭,出口總值(含復出口),7,1591
2020-8,39239090,其他供輸送或包裝貨物之塑膠製品,馬來西亞,出口總值(含復出口),193,19550
2020-8,39239090,其他供輸送或包裝貨物之塑膠製品,荷蘭,出口總值(含復出口),109,3542
2020-8,39239090,其他供輸送或包裝貨物之塑膠製品,菲律賓,出口總值(含復出口),198,58883
2020-8,39239090,其他供輸送或包裝貨物之塑膠製品,越南,出口總值(含復出口),588,279756
2020-8,39239090,其他供輸送或包裝貨物之塑膠製品,新加坡,出口總值(含復出口),126,32031
2020-8,39239090,其他供輸送或包裝貨物之塑膠製品,瑞士,出口總值(含復出口),13,1625
2020-8,39239090,其他供輸送或包裝貨物之塑膠製品,瑞典,出口總值(含復出口),26,5563
2020-8,39239090,其他供輸送或包裝貨物之塑膠製品,義大利,出口總值(含復出口),158,6070
2020-8,39239090,其他供輸送或包裝貨物之塑膠製品,德國,出口總值(含復出口),15,2442
2020-8,39239090,其他供輸送或包裝貨物之塑膠製品,模里西斯,出口總值(含復出口),20,6607
2020-8,39239090,其他供輸送或包裝貨物之塑膠製品,墨西哥,出口總值(含復出口),25,4427
2020-8,39239090,其他供輸送或包裝貨物之塑膠製品,澳大利亞,出口總值(含復出口),230,77683
2020-8,39269012,電氣絕緣用塑膠製品,中國大陸,進口總值(含復進口),85,2958
2020-8,39269012,電氣絕緣用塑膠製品,中華民國,進口總值(含復進口),0,1
2020-8,39269012,電氣絕緣用塑膠製品,巴西,進口總值(含復進口),0,0
2020-8,39269012,電氣絕緣用塑膠製品,日本,進口總值(含復進口),521,1084
2020-8,39269012,電氣絕緣用塑膠製品,印度,進口總值(含復進口),1,15
2020-8,39269012,電氣絕緣用塑膠製品,法國,進口總值(含復進口),0,1
2020-8,39269012,電氣絕緣用塑膠製品,南韓,進口總值(含復進口),1,3
2020-8,39269012,電氣絕緣用塑膠製品,美國,進口總值(含復進口),18,33
2020-8,39269012,電氣絕緣用塑膠製品,哥斯大黎加,進口總值(含復進口),1,2
2020-8,39269012,電氣絕緣用塑膠製品,越南,進口總值(含復進口),17,7183
2020-8,39269012,電氣絕緣用塑膠製品,瑞士,進口總值(含復進口),0,0
2020-8,39269012,電氣絕緣用塑膠製品,義大利,進口總值(含復進口),4,2
2020-8,39269012,電氣絕緣用塑膠製品,德國,進口總值(含復進口),0,1
2020-8,39269012,電氣絕緣用塑膠製品,中國大陸,出口總值(含復出口),180,25529
2020-8,39269012,電氣絕緣用塑膠製品,日本,出口總值(含復出口),59,17004
2020-8,39269012,電氣絕緣用塑膠製品,比利時,出口總值(含復出口),34,8542
2020-8,39269012,電氣絕緣用塑膠製品,加拿大,出口總值(含復出口),43,9565
2020-8,39269012,電氣絕緣用塑膠製品,西班牙,出口總值(含復出口),86,21044
2020-8,39269012,電氣絕緣用塑膠製品,沙烏地阿拉伯,出口總值(含復出口),39,13163
2020-8,39269012,電氣絕緣用塑膠製品,法國,出口總值(含復出口),44,11943
2020-8,39269012,電氣絕緣用塑膠製品,俄羅斯,出口總值(含復出口),139,39338
2020-8,39269012,電氣絕緣用塑膠製品,南韓,出口總值(含復出口),575,205228
2020-8,39269012,電氣絕緣用塑膠製品,柬埔寨,出口總值(含復出口),8,111
2020-8,39269012,電氣絕緣用塑膠製品,美國,出口總值(含復出口),349,95181
2020-8,39269012,電氣絕緣用塑膠製品,英國,出口總值(含復出口),9,803
2020-8,39269012,電氣絕緣用塑膠製品,香港,出口總值(含復出口),17,448
2020-8,39269012,電氣絕緣用塑膠製品,哥倫比亞,出口總值(含復出口),99,37040
2020-8,39269012,電氣絕緣用塑膠製品,埃及,出口總值(含復出口),53,19152
2020-8,39269012,電氣絕緣用塑膠製品,泰國,出口總值(含復出口),1,23
2020-8,39269012,電氣絕緣用塑膠製品,馬來西亞,出口總值(含復出口),5,467
2020-8,39269012,電氣絕緣用塑膠製品,荷蘭,出口總值(含復出口),40,11117
2020-8,39269012,電氣絕緣用塑膠製品,菲律賓,出口總值(含復出口),24,10186
2020-8,39269012,電氣絕緣用塑膠製品,越南,出口總值(含復出口),53,1396
2020-8,39269012,電氣絕緣用塑膠製品,奧地利,出口總值(含復出口),2,442
2020-8,39269012,電氣絕緣用塑膠製品,瑞士,出口總值(含復出口),4,972
2020-8,39269012,電氣絕緣用塑膠製品,義大利,出口總值(含復出口),84,18897
2020-8,39269012,電氣絕緣用塑膠製品,德國,出口總值(含復出口),25,5969
2020-8,39269012,電氣絕緣用塑膠製品,墨西哥,出口總值(含復出口),35,5028
2020-8,39269012,電氣絕緣用塑膠製品,澳大利亞,出口總值(含復出口),11,2945
2020-9,39231010,塑膠製箱子、盒子、籃子及類似品，其形狀或適合供運輸或包裝半導體晶圓或網線,中國大陸,進口總值(含復進口),217,19300
2020-9,39231010,塑膠製箱子、盒子、籃子及類似品，其形狀或適合供運輸或包裝半導體晶圓或網線,中華民國,進口總值(含復進口),29,7031
2020-9,39231010,塑膠製箱子、盒子、籃子及類似品，其形狀或適合供運輸或包裝半導體晶圓或網線,日本,進口總值(含復進口),2264,108389
2020-9,39231010,塑膠製箱子、盒子、籃子及類似品，其形狀或適合供運輸或包裝半導體晶圓或網線,比利時,進口總值(含復進口),0,11
2020-9,39231010,塑膠製箱子、盒子、籃子及類似品，其形狀或適合供運輸或包裝半導體晶圓或網線,印尼,進口總值(含復進口),418,52076
2020-9,39231010,塑膠製箱子、盒子、籃子及類似品，其形狀或適合供運輸或包裝半導體晶圓或網線,印度,進口總值(含復進口),0,2
2020-9,39231010,塑膠製箱子、盒子、籃子及類似品，其形狀或適合供運輸或包裝半導體晶圓或網線,波蘭,進口總值(含復進口),0,8
2020-9,39231010,塑膠製箱子、盒子、籃子及類似品，其形狀或適合供運輸或包裝半導體晶圓或網線,法國,進口總值(含復進口),0,3
2020-9,39231010,塑膠製箱子、盒子、籃子及類似品，其形狀或適合供運輸或包裝半導體晶圓或網線,芬蘭,進口總值(含復進口),0,1
2020-9,39231010,塑膠製箱子、盒子、籃子及類似品，其形狀或適合供運輸或包裝半導體晶圓或網線,南韓,進口總值(含復進口),334,27465
2020-9,39231010,塑膠製箱子、盒子、籃子及類似品，其形狀或適合供運輸或包裝半導體晶圓或網線,美國,進口總值(含復進口),391,26640
2020-9,39231010,塑膠製箱子、盒子、籃子及類似品，其形狀或適合供運輸或包裝半導體晶圓或網線,英國,進口總值(含復進口),0,1
2020-9,39231010,塑膠製箱子、盒子、籃子及類似品，其形狀或適合供運輸或包裝半導體晶圓或網線,馬來西亞,進口總值(含復進口),1213,53353
2020-9,39231010,塑膠製箱子、盒子、籃子及類似品，其形狀或適合供運輸或包裝半導體晶圓或網線,荷蘭,進口總值(含復進口),1,4
2020-9,39231010,塑膠製箱子、盒子、籃子及類似品，其形狀或適合供運輸或包裝半導體晶圓或網線,菲律賓,進口總值(含復進口),8,101
2020-9,39231010,塑膠製箱子、盒子、籃子及類似品，其形狀或適合供運輸或包裝半導體晶圓或網線,新加坡,進口總值(含復進口),5,3472
2020-9,39231010,塑膠製箱子、盒子、籃子及類似品，其形狀或適合供運輸或包裝半導體晶圓或網線,瑞士,進口總值(含復進口),0,0
2020-9,39231010,塑膠製箱子、盒子、籃子及類似品，其形狀或適合供運輸或包裝半導體晶圓或網線,瑞典,進口總值(含復進口),0,1
2020-9,39231010,塑膠製箱子、盒子、籃子及類似品，其形狀或適合供運輸或包裝半導體晶圓或網線,德國,進口總值(含復進口),27,13470
2020-9,39231010,塑膠製箱子、盒子、籃子及類似品，其形狀或適合供運輸或包裝半導體晶圓或網線,中國大陸,出口總值(含復出口),1001,42631
2020-9,39231010,塑膠製箱子、盒子、籃子及類似品，其形狀或適合供運輸或包裝半導體晶圓或網線,日本,出口總值(含復出口),707,61128
2020-9,39231010,塑膠製箱子、盒子、籃子及類似品，其形狀或適合供運輸或包裝半導體晶圓或網線,波蘭,出口總值(含復出口),36,335
2020-9,39231010,塑膠製箱子、盒子、籃子及類似品，其形狀或適合供運輸或包裝半導體晶圓或網線,法國,出口總值(含復出口),0,24
2020-9,39231010,塑膠製箱子、盒子、籃子及類似品，其形狀或適合供運輸或包裝半導體晶圓或網線,阿拉伯聯合大公國,出口總值(含復出口),41,8934
2020-9,39231010,塑膠製箱子、盒子、籃子及類似品，其形狀或適合供運輸或包裝半導體晶圓或網線,俄羅斯,出口總值(含復出口),49,6951
2020-9,39231010,塑膠製箱子、盒子、籃子及類似品，其形狀或適合供運輸或包裝半導體晶圓或網線,南韓,出口總值(含復出口),200,19715
2020-9,39231010,塑膠製箱子、盒子、籃子及類似品，其形狀或適合供運輸或包裝半導體晶圓或網線,美國,出口總值(含復出口),126,22907
2020-9,39231010,塑膠製箱子、盒子、籃子及類似品，其形狀或適合供運輸或包裝半導體晶圓或網線,英國,出口總值(含復出口),39,6248
2020-9,39231010,塑膠製箱子、盒子、籃子及類似品，其形狀或適合供運輸或包裝半導體晶圓或網線,香港,出口總值(含復出口),0,175
2020-9,39231010,塑膠製箱子、盒子、籃子及類似品，其形狀或適合供運輸或包裝半導體晶圓或網線,泰國,出口總值(含復出口),51,2400
2020-9,39231010,塑膠製箱子、盒子、籃子及類似品，其形狀或適合供運輸或包裝半導體晶圓或網線,烏克蘭,出口總值(含復出口),3,113
2020-9,39231010,塑膠製箱子、盒子、籃子及類似品，其形狀或適合供運輸或包裝半導體晶圓或網線,馬來西亞,出口總值(含復出口),102,17479
2020-9,39231010,塑膠製箱子、盒子、籃子及類似品，其形狀或適合供運輸或包裝半導體晶圓或網線,斯里蘭卡,出口總值(含復出口),1,153
2020-9,39231010,塑膠製箱子、盒子、籃子及類似品，其形狀或適合供運輸或包裝半導體晶圓或網線,菲律賓,出口總值(含復出口),27,3954
2020-9,39231010,塑膠製箱子、盒子、籃子及類似品，其形狀或適合供運輸或包裝半導體晶圓或網線,越南,出口總值(含復出口),3,621
2020-9,39231010,塑膠製箱子、盒子、籃子及類似品，其形狀或適合供運輸或包裝半導體晶圓或網線,新加坡,出口總值(含復出口),40,3370
2020-9,39231010,塑膠製箱子、盒子、籃子及類似品，其形狀或適合供運輸或包裝半導體晶圓或網線,瑞士,出口總值(含復出口),3,20
2020-9,39231010,塑膠製箱子、盒子、籃子及類似品，其形狀或適合供運輸或包裝半導體晶圓或網線,德國,出口總值(含復出口),128,30983
2020-9,39231010,塑膠製箱子、盒子、籃子及類似品，其形狀或適合供運輸或包裝半導體晶圓或網線,澳大利亞,出口總值(含復出口),14,2795
2020-9,39239090,其他供輸送或包裝貨物之塑膠製品,中國大陸,進口總值(含復進口),5959,1602894
2020-9,39239090,其他供輸送或包裝貨物之塑膠製品,中華民國,進口總值(含復進口),283,73032
2020-9,39239090,其他供輸送或包裝貨物之塑膠製品,巴林,進口總值(含復進口),11,5313
2020-9,39239090,其他供輸送或包裝貨物之塑膠製品,日本,進口總值(含復進口),1906,186442
2020-9,39239090,其他供輸送或包裝貨物之塑膠製品,以色列,進口總值(含復進口),0,4
2020-9,39239090,其他供輸送或包裝貨物之塑膠製品,拉脫維亞,進口總值(含復進口),2,100
2020-9,39239090,其他供輸送或包裝貨物之塑膠製品,波蘭,進口總值(含復進口),5,7862
2020-9,39239090,其他供輸送或包裝貨物之塑膠製品,法國,進口總值(含復進口),86,9200
2020-9,39239090,其他供輸送或包裝貨物之塑膠製品,南韓,進口總值(含復進口),1113,201032
2020-9,39239090,其他供輸送或包裝貨物之塑膠製品,美國,進口總值(含復進口),409,51228
2020-9,39239090,其他供輸送或包裝貨物之塑膠製品,英國,進口總值(含復進口),110,9784
2020-9,39239090,其他供輸送或包裝貨物之塑膠製品,香港,進口總值(含復進口),5,803
2020-9,39239090,其他供輸送或包裝貨物之塑膠製品,泰國,進口總值(含復進口),722,110325
2020-9,39239090,其他供輸送或包裝貨物之塑膠製品,馬來西亞,進口總值(含復進口),979,135499
2020-9,39239090,其他供輸送或包裝貨物之塑膠製品,捷克,進口總值(含復進口),2,250
2020-9,39239090,其他供輸送或包裝貨物之塑膠製品,荷蘭,進口總值(含復進口),57,2460
2020-9,39239090,其他供輸送或包裝貨物之塑膠製品,斯洛維尼亞,進口總值(含復進口),1,14
2020-9,39239090,其他供輸送或包裝貨物之塑膠製品,菲律賓,進口總值(含復進口),276,56393
2020-9,39239090,其他供輸送或包裝貨物之塑膠製品,越南,進口總值(含復進口),46,7130
2020-9,39239090,其他供輸送或包裝貨物之塑膠製品,新加坡,進口總值(含復進口),35,55432
2020-9,39239090,其他供輸送或包裝貨物之塑膠製品,瑞士,進口總值(含復進口),0,2
2020-9,39239090,其他供輸送或包裝貨物之塑膠製品,義大利,進口總值(含復進口),13,2518
2020-9,39239090,其他供輸送或包裝貨物之塑膠製品,葡萄牙,進口總值(含復進口),1,148
2020-9,39239090,其他供輸送或包裝貨物之塑膠製品,德國,進口總值(含復進口),191,16976
2020-9,39239090,其他供輸送或包裝貨物之塑膠製品,模里西斯,進口總值(含復進口),2,294
2020-9,39239090,其他供輸送或包裝貨物之塑膠製品,中國大陸,出口總值(含復出口),2939,766248
2020-9,39239090,其他供輸送或包裝貨物之塑膠製品,巴布亞紐幾內亞,出口總值(含復出口),19,8753
2020-9,39239090,其他供輸送或包裝貨物之塑膠製品,巴西,出口總值(含復出口),24,5807
2020-9,39239090,其他供輸送或包裝貨物之塑膠製品,巴基斯坦,出口總值(含復出口),68,4629
2020-9,39239090,其他供輸送或包裝貨物之塑膠製品,日本,出口總值(含復出口),479,46026
2020-9,39239090,其他供輸送或包裝貨物之塑膠製品,比利時,出口總值(含復出口),2,109
2020-9,39239090,其他供輸送或包裝貨物之塑膠製品,以色列,出口總值(含復出口),26,2177
2020-9,39239090,其他供輸送或包裝貨物之塑膠製品,加拿大,出口總值(含復出口),121,27544
2020-9,39239090,其他供輸送或包裝貨物之塑膠製品,卡達,出口總值(含復出口),28,7811
2020-9,39239090,其他供輸送或包裝貨物之塑膠製品,匈牙利,出口總值(含復出口),4,196
2020-9,39239090,其他供輸送或包裝貨物之塑膠製品,印尼,出口總值(含復出口),42,11992
2020-9,39239090,其他供輸送或包裝貨物之塑膠製品,印度,出口總值(含復出口),35,3309
2020-9,39239090,其他供輸送或包裝貨物之塑膠製品,西班牙,出口總值(含復出口),3,131
2020-9,39239090,其他供輸送或包裝貨物之塑膠製品,沙烏地阿拉伯,出口總值(含復出口),73,20407
2020-9,39239090,其他供輸送或包裝貨物之塑膠製品,拉脫維亞,出口總值(含復出口),5,1003
2020-9,39239090,其他供輸送或包裝貨物之塑膠製品,波多黎各,出口總值(含復出口),26,9863
2020-9,39239090,其他供輸送或包裝貨物之塑膠製品,波蘭,出口總值(含復出口),16,1331
2020-9,39239090,其他供輸送或包裝貨物之塑膠製品,法國,出口總值(含復出口),129,8977
2020-9,39239090,其他供輸送或包裝貨物之塑膠製品,阿拉伯聯合大公國,出口總值(含復出口),66,9708
2020-9,39239090,其他供輸送或包裝貨物之塑膠製品,南韓,出口總值(含復出口),690,277307
2020-9,39239090,其他供輸送或包裝貨物之塑膠製品,柬埔寨,出口總值(含復出口),3,464
2020-9,39239090,其他供輸送或包裝貨物之塑膠製品,美國,出口總值(含復出口),1951,727470
2020-9,39239090,其他供輸送或包裝貨物之塑膠製品,英國,出口總值(含復出口),174,32295
2020-9,39239090,其他供輸送或包裝貨物之塑膠製品,香港,出口總值(含復出口),286,88694
2020-9,39239090,其他供輸送或包裝貨物之塑膠製品,哥斯大黎加,出口總值(含復出口),11,2458
2020-9,39239090,其他供輸送或包裝貨物之塑膠製品,泰國,出口總值(含復出口),58,14445
2020-9,39239090,其他供輸送或包裝貨物之塑膠製品,馬來西亞,出口總值(含復出口),145,34738
2020-9,39239090,其他供輸送或包裝貨物之塑膠製品,捷克,出口總值(含復出口),5,121
2020-9,39239090,其他供輸送或包裝貨物之塑膠製品,荷蘭,出口總值(含復出口),151,9438
2020-9,39239090,其他供輸送或包裝貨物之塑膠製品,智利,出口總值(含復出口),5,2359
2020-9,39239090,其他供輸送或包裝貨物之塑膠製品,菲律賓,出口總值(含復出口),188,37522
2020-9,39239090,其他供輸送或包裝貨物之塑膠製品,越南,出口總值(含復出口),540,294228
2020-9,39239090,其他供輸送或包裝貨物之塑膠製品,愛爾蘭,出口總值(含復出口),16,4878
2020-9,39239090,其他供輸送或包裝貨物之塑膠製品,新加坡,出口總值(含復出口),191,32202
2020-9,39239090,其他供輸送或包裝貨物之塑膠製品,瑞士,出口總值(含復出口),7,175
2020-9,39239090,其他供輸送或包裝貨物之塑膠製品,瑞典,出口總值(含復出口),29,6211
2020-9,39239090,其他供輸送或包裝貨物之塑膠製品,義大利,出口總值(含復出口),2,112
2020-9,39239090,其他供輸送或包裝貨物之塑膠製品,德國,出口總值(含復出口),76,10717
2020-9,39239090,其他供輸送或包裝貨物之塑膠製品,墨西哥,出口總值(含復出口),44,7675
2020-9,39239090,其他供輸送或包裝貨物之塑膠製品,澳大利亞,出口總值(含復出口),41,15577
2020-9,39239090,其他供輸送或包裝貨物之塑膠製品,賽普勒斯,出口總值(含復出口),9,4598
2020-9,39269012,電氣絕緣用塑膠製品,中國大陸,進口總值(含復進口),71,2565
2020-9,39269012,電氣絕緣用塑膠製品,中華民國,進口總值(含復進口),60,19680
2020-9,39269012,電氣絕緣用塑膠製品,日本,進口總值(含復進口),330,961
2020-9,39269012,電氣絕緣用塑膠製品,南韓,進口總值(含復進口),1,0
2020-9,39269012,電氣絕緣用塑膠製品,美國,進口總值(含復進口),8,391
2020-9,39269012,電氣絕緣用塑膠製品,哥斯大黎加,進口總值(含復進口),1,3
2020-9,39269012,電氣絕緣用塑膠製品,越南,進口總值(含復進口),27,11234
2020-9,39269012,電氣絕緣用塑膠製品,新加坡,進口總值(含復進口),0,0
2020-9,39269012,電氣絕緣用塑膠製品,瑞士,進口總值(含復進口),0,0
2020-9,39269012,電氣絕緣用塑膠製品,德國,進口總值(含復進口),1,1
2020-9,39269012,電氣絕緣用塑膠製品,墨西哥,進口總值(含復進口),0,8
2020-9,39269012,電氣絕緣用塑膠製品,土耳其,出口總值(含復出口),2,670
2020-9,39269012,電氣絕緣用塑膠製品,中國大陸,出口總值(含復出口),133,13812
2020-9,39269012,電氣絕緣用塑膠製品,巴拿馬,出口總值(含復出口),3,780
2020-9,39269012,電氣絕緣用塑膠製品,日本,出口總值(含復出口),139,43333
2020-9,39269012,電氣絕緣用塑膠製品,比利時,出口總值(含復出口),53,13697
2020-9,39269012,電氣絕緣用塑膠製品,加拿大,出口總值(含復出口),97,26133
2020-9,39269012,電氣絕緣用塑膠製品,北馬里亞納群島,出口總值(含復出口),0,7
2020-9,39269012,電氣絕緣用塑膠製品,印度,出口總值(含復出口),9,131
2020-9,39269012,電氣絕緣用塑膠製品,多明尼加,出口總值(含復出口),12,3884
2020-9,39269012,電氣絕緣用塑膠製品,西班牙,出口總值(含復出口),19,7434
2020-9,39269012,電氣絕緣用塑膠製品,沙烏地阿拉伯,出口總值(含復出口),29,10356
2020-9,39269012,電氣絕緣用塑膠製品,帛琉,出口總值(含復出口),0,12
2020-9,39269012,電氣絕緣用塑膠製品,拉脫維亞,出口總值(含復出口),37,9392
2020-9,39269012,電氣絕緣用塑膠製品,南韓,出口總值(含復出口),108,37630
2020-9,39269012,電氣絕緣用塑膠製品,柬埔寨,出口總值(含復出口),36,235
2020-9,39269012,電氣絕緣用塑膠製品,美國,出口總值(含復出口),138,31315
2020-9,39269012,電氣絕緣用塑膠製品,英國,出口總值(含復出口),28,7962
2020-9,39269012,電氣絕緣用塑膠製品,迦納,出口總值(含復出口),0,13
2020-9,39269012,電氣絕緣用塑膠製品,香港,出口總值(含復出口),23,404
2020-9,39269012,電氣絕緣用塑膠製品,埃及,出口總值(含復出口),53,19152
2020-9,39269012,電氣絕緣用塑膠製品,泰國,出口總值(含復出口),45,261
2020-9,39269012,電氣絕緣用塑膠製品,馬來西亞,出口總值(含復出口),77,5180
2020-9,39269012,電氣絕緣用塑膠製品,馬爾他,出口總值(含復出口),11,2839
2020-9,39269012,電氣絕緣用塑膠製品,荷蘭,出口總值(含復出口),73,17976
2020-9,39269012,電氣絕緣用塑膠製品,斐濟,出口總值(含復出口),22,8000
2020-9,39269012,電氣絕緣用塑膠製品,菲律賓,出口總值(含復出口),12,6942
2020-9,39269012,電氣絕緣用塑膠製品,越南,出口總值(含復出口),58,1834
2020-9,39269012,電氣絕緣用塑膠製品,新加坡,出口總值(含復出口),0,2
2020-9,39269012,電氣絕緣用塑膠製品,義大利,出口總值(含復出口),2,544
2020-9,39269012,電氣絕緣用塑膠製品,德國,出口總值(含復出口),65,17518
2020-9,39269012,電氣絕緣用塑膠製品,墨西哥,出口總值(含復出口),32,2758
2020-9,39269012,電氣絕緣用塑膠製品,澳大利亞,出口總值(含復出口),46,13252
2020-9,39269012,電氣絕緣用塑膠製品,賽普勒斯,出口總值(含復出口),15,4124
2020-10,39231010,塑膠製箱子、盒子、籃子及類似品，其形狀或適合供運輸或包裝半導體晶圓或網線,中國大陸,進口總值(含復進口),192,8047
2020-10,39231010,塑膠製箱子、盒子、籃子及類似品，其形狀或適合供運輸或包裝半導體晶圓或網線,中華民國,進口總值(含復進口),17,1801
2020-10,39231010,塑膠製箱子、盒子、籃子及類似品，其形狀或適合供運輸或包裝半導體晶圓或網線,丹麥,進口總值(含復進口),0,34
2020-10,39231010,塑膠製箱子、盒子、籃子及類似品，其形狀或適合供運輸或包裝半導體晶圓或網線,日本,進口總值(含復進口),2530,129601
2020-10,39231010,塑膠製箱子、盒子、籃子及類似品，其形狀或適合供運輸或包裝半導體晶圓或網線,印尼,進口總值(含復進口),530,68005
2020-10,39231010,塑膠製箱子、盒子、籃子及類似品，其形狀或適合供運輸或包裝半導體晶圓或網線,西班牙,進口總值(含復進口),14,2691
2020-10,39231010,塑膠製箱子、盒子、籃子及類似品，其形狀或適合供運輸或包裝半導體晶圓或網線,波蘭,進口總值(含復進口),0,10
2020-10,39231010,塑膠製箱子、盒子、籃子及類似品，其形狀或適合供運輸或包裝半導體晶圓或網線,法國,進口總值(含復進口),1,1
2020-10,39231010,塑膠製箱子、盒子、籃子及類似品，其形狀或適合供運輸或包裝半導體晶圓或網線,南韓,進口總值(含復進口),346,25549
2020-10,39231010,塑膠製箱子、盒子、籃子及類似品，其形狀或適合供運輸或包裝半導體晶圓或網線,美國,進口總值(含復進口),616,46517
2020-10,39231010,塑膠製箱子、盒子、籃子及類似品，其形狀或適合供運輸或包裝半導體晶圓或網線,馬來西亞,進口總值(含復進口),1089,30898
2020-10,39231010,塑膠製箱子、盒子、籃子及類似品，其形狀或適合供運輸或包裝半導體晶圓或網線,菲律賓,進口總值(含復進口),2,179
2020-10,39231010,塑膠製箱子、盒子、籃子及類似品，其形狀或適合供運輸或包裝半導體晶圓或網線,新加坡,進口總值(含復進口),7,1680
2020-10,39231010,塑膠製箱子、盒子、籃子及類似品，其形狀或適合供運輸或包裝半導體晶圓或網線,瑞士,進口總值(含復進口),0,1
2020-10,39231010,塑膠製箱子、盒子、籃子及類似品，其形狀或適合供運輸或包裝半導體晶圓或網線,德國,進口總值(含復進口),43,14189
2020-10,39231010,塑膠製箱子、盒子、籃子及類似品，其形狀或適合供運輸或包裝半導體晶圓或網線,澳大利亞,進口總值(含復進口),0,2
2020-10,39231010,塑膠製箱子、盒子、籃子及類似品，其形狀或適合供運輸或包裝半導體晶圓或網線,中國大陸,出口總值(含復出口),963,55588
2020-10,39231010,塑膠製箱子、盒子、籃子及類似品，其形狀或適合供運輸或包裝半導體晶圓或網線,日本,出口總值(含復出口),694,88341
2020-10,39231010,塑膠製箱子、盒子、籃子及類似品，其形狀或適合供運輸或包裝半導體晶圓或網線,加拿大,出口總值(含復出口),4,572
2020-10,39231010,塑膠製箱子、盒子、籃子及類似品，其形狀或適合供運輸或包裝半導體晶圓或網線,印度,出口總值(含復出口),27,7615
2020-10,39231010,塑膠製箱子、盒子、籃子及類似品，其形狀或適合供運輸或包裝半導體晶圓或網線,西班牙,出口總值(含復出口),20,4480
2020-10,39231010,塑膠製箱子、盒子、籃子及類似品，其形狀或適合供運輸或包裝半導體晶圓或網線,其他國家,出口總值(含復出口),4,60
2020-10,39231010,塑膠製箱子、盒子、籃子及類似品，其形狀或適合供運輸或包裝半導體晶圓或網線,波蘭,出口總值(含復出口),40,3092
2020-10,39231010,塑膠製箱子、盒子、籃子及類似品，其形狀或適合供運輸或包裝半導體晶圓或網線,法國,出口總值(含復出口),1,600
2020-10,39231010,塑膠製箱子、盒子、籃子及類似品，其形狀或適合供運輸或包裝半導體晶圓或網線,阿拉伯聯合大公國,出口總值(含復出口),33,7006
2020-10,39231010,塑膠製箱子、盒子、籃子及類似品，其形狀或適合供運輸或包裝半導體晶圓或網線,阿根廷,出口總值(含復出口),1,14
2020-10,39231010,塑膠製箱子、盒子、籃子及類似品，其形狀或適合供運輸或包裝半導體晶圓或網線,俄羅斯,出口總值(含復出口),2,8
2020-10,39231010,塑膠製箱子、盒子、籃子及類似品，其形狀或適合供運輸或包裝半導體晶圓或網線,南韓,出口總值(含復出口),293,36905
2020-10,39231010,塑膠製箱子、盒子、籃子及類似品，其形狀或適合供運輸或包裝半導體晶圓或網線,美國,出口總值(含復出口),132,22033
2020-10,39231010,塑膠製箱子、盒子、籃子及類似品，其形狀或適合供運輸或包裝半導體晶圓或網線,英國,出口總值(含復出口),28,4002
2020-10,39231010,塑膠製箱子、盒子、籃子及類似品，其形狀或適合供運輸或包裝半導體晶圓或網線,香港,出口總值(含復出口),21,1224
2020-10,39231010,塑膠製箱子、盒子、籃子及類似品，其形狀或適合供運輸或包裝半導體晶圓或網線,泰國,出口總值(含復出口),54,2942
2020-10,39231010,塑膠製箱子、盒子、籃子及類似品，其形狀或適合供運輸或包裝半導體晶圓或網線,烏克蘭,出口總值(含復出口),10,505
2020-10,39231010,塑膠製箱子、盒子、籃子及類似品，其形狀或適合供運輸或包裝半導體晶圓或網線,馬來西亞,出口總值(含復出口),129,25605
2020-10,39231010,塑膠製箱子、盒子、籃子及類似品，其形狀或適合供運輸或包裝半導體晶圓或網線,荷蘭,出口總值(含復出口),2,727
2020-10,39231010,塑膠製箱子、盒子、籃子及類似品，其形狀或適合供運輸或包裝半導體晶圓或網線,菲律賓,出口總值(含復出口),40,197
2020-10,39231010,塑膠製箱子、盒子、籃子及類似品，其形狀或適合供運輸或包裝半導體晶圓或網線,越南,出口總值(含復出口),5,955
2020-10,39231010,塑膠製箱子、盒子、籃子及類似品，其形狀或適合供運輸或包裝半導體晶圓或網線,奧地利,出口總值(含復出口),3,10
2020-10,39231010,塑膠製箱子、盒子、籃子及類似品，其形狀或適合供運輸或包裝半導體晶圓或網線,新加坡,出口總值(含復出口),38,12760
2020-10,39231010,塑膠製箱子、盒子、籃子及類似品，其形狀或適合供運輸或包裝半導體晶圓或網線,德國,出口總值(含復出口),40,9004
2020-10,39231010,塑膠製箱子、盒子、籃子及類似品，其形狀或適合供運輸或包裝半導體晶圓或網線,澳大利亞,出口總值(含復出口),14,988
2020-10,39239090,其他供輸送或包裝貨物之塑膠製品,中國大陸,進口總值(含復進口),5726,1592039
2020-10,39239090,其他供輸送或包裝貨物之塑膠製品,中華民國,進口總值(含復進口),224,47979
2020-10,39239090,其他供輸送或包裝貨物之塑膠製品,丹麥,進口總值(含復進口),152,13927
2020-10,39239090,其他供輸送或包裝貨物之塑膠製品,日本,進口總值(含復進口),1420,145139
2020-10,39239090,其他供輸送或包裝貨物之塑膠製品,印尼,進口總值(含復進口),48,47246
2020-10,39239090,其他供輸送或包裝貨物之塑膠製品,拉脫維亞,進口總值(含復進口),2,151
2020-10,39239090,其他供輸送或包裝貨物之塑膠製品,法國,進口總值(含復進口),86,9203
2020-10,39239090,其他供輸送或包裝貨物之塑膠製品,南韓,進口總值(含復進口),1285,318926
2020-10,39239090,其他供輸送或包裝貨物之塑膠製品,美國,進口總值(含復進口),689,86637
2020-10,39239090,其他供輸送或包裝貨物之塑膠製品,英國,進口總值(含復進口),0,1
2020-10,39239090,其他供輸送或包裝貨物之塑膠製品,香港,進口總值(含復進口),0,59
2020-10,39239090,其他供輸送或包裝貨物之塑膠製品,泰國,進口總值(含復進口),395,66922
2020-10,39239090,其他供輸送或包裝貨物之塑膠製品,紐西蘭,進口總值(含復進口),2,68
2020-10,39239090,其他供輸送或包裝貨物之塑膠製品,馬來西亞,進口總值(含復進口),1223,157154
2020-10,39239090,其他供輸送或包裝貨物之塑膠製品,荷蘭,進口總值(含復進口),106,3562
2020-10,39239090,其他供輸送或包裝貨物之塑膠製品,菲律賓,進口總值(含復進口),380,77982
2020-10,39239090,其他供輸送或包裝貨物之塑膠製品,越南,進口總值(含復進口),44,4203
2020-10,39239090,其他供輸送或包裝貨物之塑膠製品,奧地利,進口總值(含復進口),0,2
2020-10,39239090,其他供輸送或包裝貨物之塑膠製品,新加坡,進口總值(含復進口),44,39859
2020-10,39239090,其他供輸送或包裝貨物之塑膠製品,瑞士,進口總值(含復進口),0,1
2020-10,39239090,其他供輸送或包裝貨物之塑膠製品,義大利,進口總值(含復進口),13,3797
2020-10,39239090,其他供輸送或包裝貨物之塑膠製品,葡萄牙,進口總值(含復進口),1,196
2020-10,39239090,其他供輸送或包裝貨物之塑膠製品,德國,進口總值(含復進口),111,13437
2020-10,39239090,其他供輸送或包裝貨物之塑膠製品,澳大利亞,進口總值(含復進口),14,2086
2020-10,39239090,其他供輸送或包裝貨物之塑膠製品,中國大陸,出口總值(含復出口),3171,717924
2020-10,39239090,其他供輸送或包裝貨物之塑膠製品,丹麥,出口總值(含復出口),12,560
2020-10,39239090,其他供輸送或包裝貨物之塑膠製品,巴布亞紐幾內亞,出口總值(含復出口),9,3799
2020-10,39239090,其他供輸送或包裝貨物之塑膠製品,巴西,出口總值(含復出口),86,30883
2020-10,39239090,其他供輸送或包裝貨物之塑膠製品,巴林,出口總值(含復出口),3,1125
2020-10,39239090,其他供輸送或包裝貨物之塑膠製品,巴拿馬,出口總值(含復出口),13,2889
2020-10,39239090,其他供輸送或包裝貨物之塑膠製品,巴基斯坦,出口總值(含復出口),15,105
2020-10,39239090,其他供輸送或包裝貨物之塑膠製品,日本,出口總值(含復出口),723,75519
2020-10,39239090,其他供輸送或包裝貨物之塑膠製品,比利時,出口總值(含復出口),13,1112
2020-10,39239090,其他供輸送或包裝貨物之塑膠製品,以色列,出口總值(含復出口),9,1260
2020-10,39239090,其他供輸送或包裝貨物之塑膠製品,加拿大,出口總值(含復出口),135,20861
2020-10,39239090,其他供輸送或包裝貨物之塑膠製品,卡達,出口總值(含復出口),17,6905
2020-10,39239090,其他供輸送或包裝貨物之塑膠製品,印尼,出口總值(含復出口),30,3726
2020-10,39239090,其他供輸送或包裝貨物之塑膠製品,印度,出口總值(含復出口),17,7580
2020-10,39239090,其他供輸送或包裝貨物之塑膠製品,多明尼加,出口總值(含復出口),4,1669
2020-10,39239090,其他供輸送或包裝貨物之塑膠製品,西班牙,出口總值(含復出口),4,742
2020-10,39239090,其他供輸送或包裝貨物之塑膠製品,沙烏地阿拉伯,出口總值(含復出口),56,20845
2020-10,39239090,其他供輸送或包裝貨物之塑膠製品,其他國家,出口總值(含復出口),1,0
2020-10,39239090,其他供輸送或包裝貨物之塑膠製品,東帝汶,出口總值(含復出口),3,4180
2020-10,39239090,其他供輸送或包裝貨物之塑膠製品,波多黎各,出口總值(含復出口),52,22900
2020-10,39239090,其他供輸送或包裝貨物之塑膠製品,法國,出口總值(含復出口),53,6130
2020-10,39239090,其他供輸送或包裝貨物之塑膠製品,法屬玻里尼西亞,出口總值(含復出口),3,1356
2020-10,39239090,其他供輸送或包裝貨物之塑膠製品,阿拉伯聯合大公國,出口總值(含復出口),38,17270
2020-10,39239090,其他供輸送或包裝貨物之塑膠製品,阿根廷,出口總值(含復出口),1,49
2020-10,39239090,其他供輸送或包裝貨物之塑膠製品,俄羅斯,出口總值(含復出口),92,8988
2020-10,39239090,其他供輸送或包裝貨物之塑膠製品,南韓,出口總值(含復出口),947,269108
2020-10,39239090,其他供輸送或包裝貨物之塑膠製品,柬埔寨,出口總值(含復出口),0,48
2020-10,39239090,其他供輸送或包裝貨物之塑膠製品,科威特,出口總值(含復出口),12,5513
2020-10,39239090,其他供輸送或包裝貨物之塑膠製品,突尼西亞,出口總值(含復出口),15,5696
2020-10,39239090,其他供輸送或包裝貨物之塑膠製品,美國,出口總值(含復出口),2251,872344
2020-10,39239090,其他供輸送或包裝貨物之塑膠製品,英國,出口總值(含復出口),290,58297
2020-10,39239090,其他供輸送或包裝貨物之塑膠製品,香港,出口總值(含復出口),357,85070
2020-10,39239090,其他供輸送或包裝貨物之塑膠製品,哥倫比亞,出口總值(含復出口),6,300
2020-10,39239090,其他供輸送或包裝貨物之塑膠製品,哥斯大黎加,出口總值(含復出口),17,5206
2020-10,39239090,其他供輸送或包裝貨物之塑膠製品,泰國,出口總值(含復出口),119,10851
2020-10,39239090,其他供輸送或包裝貨物之塑膠製品,秘魯,出口總值(含復出口),19,6463
2020-10,39239090,其他供輸送或包裝貨物之塑膠製品,紐西蘭,出口總值(含復出口),9,2655
2020-10,39239090,其他供輸送或包裝貨物之塑膠製品,馬來西亞,出口總值(含復出口),209,39504
2020-10,39239090,其他供輸送或包裝貨物之塑膠製品,捷克,出口總值(含復出口),5,126
2020-10,39239090,其他供輸送或包裝貨物之塑膠製品,荷蘭,出口總值(含復出口),172,3579
2020-10,39239090,其他供輸送或包裝貨物之塑膠製品,斯里蘭卡,出口總值(含復出口),21,15080
2020-10,39239090,其他供輸送或包裝貨物之塑膠製品,菲律賓,出口總值(含復出口),218,62110
2020-10,39239090,其他供輸送或包裝貨物之塑膠製品,越南,出口總值(含復出口),423,223251
2020-10,39239090,其他供輸送或包裝貨物之塑膠製品,新加坡,出口總值(含復出口),134,23625
2020-10,39239090,其他供輸送或包裝貨物之塑膠製品,瑞士,出口總值(含復出口),14,448
2020-10,39239090,其他供輸送或包裝貨物之塑膠製品,瑞典,出口總值(含復出口),66,14737
2020-10,39239090,其他供輸送或包裝貨物之塑膠製品,義大利,出口總值(含復出口),26,2160
2020-10,39239090,其他供輸送或包裝貨物之塑膠製品,德國,出口總值(含復出口),89,11424
2020-10,39239090,其他供輸送或包裝貨物之塑膠製品,墨西哥,出口總值(含復出口),102,18601
2020-10,39239090,其他供輸送或包裝貨物之塑膠製品,澳大利亞,出口總值(含復出口),116,44196
2020-10,39269012,電氣絕緣用塑膠製品,中國大陸,進口總值(含復進口),87,4440
2020-10,39269012,電氣絕緣用塑膠製品,中華民國,進口總值(含復進口),3,0
2020-10,39269012,電氣絕緣用塑膠製品,日本,進口總值(含復進口),517,1587
2020-10,39269012,電氣絕緣用塑膠製品,印度,進口總值(含復進口),1,10
2020-10,39269012,電氣絕緣用塑膠製品,南韓,進口總值(含復進口),2,185
2020-10,39269012,電氣絕緣用塑膠製品,美國,進口總值(含復進口),7,60
2020-10,39269012,電氣絕緣用塑膠製品,哥斯大黎加,進口總值(含復進口),1,1
2020-10,39269012,電氣絕緣用塑膠製品,越南,進口總值(含復進口),35,13840
2020-10,39269012,電氣絕緣用塑膠製品,新加坡,進口總值(含復進口),0,1
2020-10,39269012,電氣絕緣用塑膠製品,瑞士,進口總值(含復進口),1,0
2020-10,39269012,電氣絕緣用塑膠製品,德國,進口總值(含復進口),0,2
2020-10,39269012,電氣絕緣用塑膠製品,土耳其,出口總值(含復出口),29,7698
2020-10,39269012,電氣絕緣用塑膠製品,中國大陸,出口總值(含復出口),196,23130
2020-10,39269012,電氣絕緣用塑膠製品,巴西,出口總值(含復出口),4,2
2020-10,39269012,電氣絕緣用塑膠製品,日本,出口總值(含復出口),118,34210
2020-10,39269012,電氣絕緣用塑膠製品,比利時,出口總值(含復出口),31,7022
2020-10,39269012,電氣絕緣用塑膠製品,加拿大,出口總值(含復出口),298,80056
2020-10,39269012,電氣絕緣用塑膠製品,印度,出口總值(含復出口),56,22853
2020-10,39269012,電氣絕緣用塑膠製品,沙烏地阿拉伯,出口總值(含復出口),29,10494
2020-10,39269012,電氣絕緣用塑膠製品,波蘭,出口總值(含復出口),2,44
2020-10,39269012,電氣絕緣用塑膠製品,法國,出口總值(含復出口),100,23205
2020-10,39269012,電氣絕緣用塑膠製品,阿拉伯聯合大公國,出口總值(含復出口),35,11628
2020-10,39269012,電氣絕緣用塑膠製品,俄羅斯,出口總值(含復出口),215,59910
2020-10,39269012,電氣絕緣用塑膠製品,南非,出口總值(含復出口),23,2514
2020-10,39269012,電氣絕緣用塑膠製品,南韓,出口總值(含復出口),424,151280
2020-10,39269012,電氣絕緣用塑膠製品,柬埔寨,出口總值(含復出口),16,103
2020-10,39269012,電氣絕緣用塑膠製品,美國,出口總值(含復出口),188,43644
2020-10,39269012,電氣絕緣用塑膠製品,香港,出口總值(含復出口),24,327
2020-10,39269012,電氣絕緣用塑膠製品,埃及,出口總值(含復出口),61,19152
2020-10,39269012,電氣絕緣用塑膠製品,泰國,出口總值(含復出口),7,37
2020-10,39269012,電氣絕緣用塑膠製品,烏干達,出口總值(含復出口),0,2
2020-10,39269012,電氣絕緣用塑膠製品,紐西蘭,出口總值(含復出口),2,613
2020-10,39269012,電氣絕緣用塑膠製品,馬來西亞,出口總值(含復出口),1,35
2020-10,39269012,電氣絕緣用塑膠製品,荷蘭,出口總值(含復出口),0,21
2020-10,39269012,電氣絕緣用塑膠製品,菲律賓,出口總值(含復出口),20,12450
2020-10,39269012,電氣絕緣用塑膠製品,越南,出口總值(含復出口),57,1907
2020-10,39269012,電氣絕緣用塑膠製品,瑞士,出口總值(含復出口),3,1
2020-10,39269012,電氣絕緣用塑膠製品,瑞典,出口總值(含復出口),13,2628
2020-10,39269012,電氣絕緣用塑膠製品,義大利,出口總值(含復出口),9,4
2020-10,39269012,電氣絕緣用塑膠製品,德國,出口總值(含復出口),36,7680
2020-10,39269012,電氣絕緣用塑膠製品,模里西斯,出口總值(含復出口),14,3950
2020-10,39269012,電氣絕緣用塑膠製品,墨西哥,出口總值(含復出口),81,13377
2020-10,39269012,電氣絕緣用塑膠製品,澳大利亞,出口總值(含復出口),57,15107
2020-11,39231010,塑膠製箱子、盒子、籃子及類似品，其形狀或適合供運輸或包裝半導體晶圓或網線,中國大陸,進口總值(含復進口),330,19469
2020-11,39231010,塑膠製箱子、盒子、籃子及類似品，其形狀或適合供運輸或包裝半導體晶圓或網線,中華民國,進口總值(含復進口),15,5204
2020-11,39231010,塑膠製箱子、盒子、籃子及類似品，其形狀或適合供運輸或包裝半導體晶圓或網線,日本,進口總值(含復進口),1951,105424
2020-11,39231010,塑膠製箱子、盒子、籃子及類似品，其形狀或適合供運輸或包裝半導體晶圓或網線,冰島,進口總值(含復進口),3,25
2020-11,39231010,塑膠製箱子、盒子、籃子及類似品，其形狀或適合供運輸或包裝半導體晶圓或網線,印尼,進口總值(含復進口),520,64069
2020-11,39231010,塑膠製箱子、盒子、籃子及類似品，其形狀或適合供運輸或包裝半導體晶圓或網線,波蘭,進口總值(含復進口),0,9
2020-11,39231010,塑膠製箱子、盒子、籃子及類似品，其形狀或適合供運輸或包裝半導體晶圓或網線,南韓,進口總值(含復進口),341,28216
2020-11,39231010,塑膠製箱子、盒子、籃子及類似品，其形狀或適合供運輸或包裝半導體晶圓或網線,美國,進口總值(含復進口),396,25164
2020-11,39231010,塑膠製箱子、盒子、籃子及類似品，其形狀或適合供運輸或包裝半導體晶圓或網線,英國,進口總值(含復進口),4,118
2020-11,39231010,塑膠製箱子、盒子、籃子及類似品，其形狀或適合供運輸或包裝半導體晶圓或網線,馬來西亞,進口總值(含復進口),927,31584
2020-11,39231010,塑膠製箱子、盒子、籃子及類似品，其形狀或適合供運輸或包裝半導體晶圓或網線,菲律賓,進口總值(含復進口),3,145
2020-11,39231010,塑膠製箱子、盒子、籃子及類似品，其形狀或適合供運輸或包裝半導體晶圓或網線,新加坡,進口總值(含復進口),16,2048
2020-11,39231010,塑膠製箱子、盒子、籃子及類似品，其形狀或適合供運輸或包裝半導體晶圓或網線,瑞士,進口總值(含復進口),0,6
2020-11,39231010,塑膠製箱子、盒子、籃子及類似品，其形狀或適合供運輸或包裝半導體晶圓或網線,德國,進口總值(含復進口),63,17608
2020-11,39231010,塑膠製箱子、盒子、籃子及類似品，其形狀或適合供運輸或包裝半導體晶圓或網線,澳大利亞,進口總值(含復進口),0,1
2020-11,39231010,塑膠製箱子、盒子、籃子及類似品，其形狀或適合供運輸或包裝半導體晶圓或網線,中國大陸,出口總值(含復出口),1356,67888
2020-11,39231010,塑膠製箱子、盒子、籃子及類似品，其形狀或適合供運輸或包裝半導體晶圓或網線,日本,出口總值(含復出口),918,101870
2020-11,39231010,塑膠製箱子、盒子、籃子及類似品，其形狀或適合供運輸或包裝半導體晶圓或網線,印度,出口總值(含復出口),26,7615
2020-11,39231010,塑膠製箱子、盒子、籃子及類似品，其形狀或適合供運輸或包裝半導體晶圓或網線,西班牙,出口總值(含復出口),0,25
2020-11,39231010,塑膠製箱子、盒子、籃子及類似品，其形狀或適合供運輸或包裝半導體晶圓或網線,波蘭,出口總值(含復出口),19,1626
2020-11,39231010,塑膠製箱子、盒子、籃子及類似品，其形狀或適合供運輸或包裝半導體晶圓或網線,法國,出口總值(含復出口),2,13
2020-11,39231010,塑膠製箱子、盒子、籃子及類似品，其形狀或適合供運輸或包裝半導體晶圓或網線,阿拉伯聯合大公國,出口總值(含復出口),13,2871
2020-11,39231010,塑膠製箱子、盒子、籃子及類似品，其形狀或適合供運輸或包裝半導體晶圓或網線,俄羅斯,出口總值(含復出口),9,181
2020-11,39231010,塑膠製箱子、盒子、籃子及類似品，其形狀或適合供運輸或包裝半導體晶圓或網線,南韓,出口總值(含復出口),206,25467
2020-11,39231010,塑膠製箱子、盒子、籃子及類似品，其形狀或適合供運輸或包裝半導體晶圓或網線,美國,出口總值(含復出口),253,48668
2020-11,39231010,塑膠製箱子、盒子、籃子及類似品，其形狀或適合供運輸或包裝半導體晶圓或網線,英國,出口總值(含復出口),37,6123
2020-11,39231010,塑膠製箱子、盒子、籃子及類似品，其形狀或適合供運輸或包裝半導體晶圓或網線,香港,出口總值(含復出口),20,875
2020-11,39231010,塑膠製箱子、盒子、籃子及類似品，其形狀或適合供運輸或包裝半導體晶圓或網線,泰國,出口總值(含復出口),3,7834
2020-11,39231010,塑膠製箱子、盒子、籃子及類似品，其形狀或適合供運輸或包裝半導體晶圓或網線,馬來西亞,出口總值(含復出口),132,21594
2020-11,39231010,塑膠製箱子、盒子、籃子及類似品，其形狀或適合供運輸或包裝半導體晶圓或網線,越南,出口總值(含復出口),12,2953
2020-11,39231010,塑膠製箱子、盒子、籃子及類似品，其形狀或適合供運輸或包裝半導體晶圓或網線,新加坡,出口總值(含復出口),120,23873
2020-11,39231010,塑膠製箱子、盒子、籃子及類似品，其形狀或適合供運輸或包裝半導體晶圓或網線,德國,出口總值(含復出口),32,8523
2020-11,39231010,塑膠製箱子、盒子、籃子及類似品，其形狀或適合供運輸或包裝半導體晶圓或網線,澳大利亞,出口總值(含復出口),51,9249
2020-11,39239090,其他供輸送或包裝貨物之塑膠製品,中國大陸,進口總值(含復進口),7493,1946091
2020-11,39239090,其他供輸送或包裝貨物之塑膠製品,中華民國,進口總值(含復進口),257,91164
2020-11,39239090,其他供輸送或包裝貨物之塑膠製品,丹麥,進口總值(含復進口),8,57
2020-11,39239090,其他供輸送或包裝貨物之塑膠製品,日本,進口總值(含復進口),1799,186445
2020-11,39239090,其他供輸送或包裝貨物之塑膠製品,比利時,進口總值(含復進口),0,16
2020-11,39239090,其他供輸送或包裝貨物之塑膠製品,印尼,進口總值(含復進口),42,41288
2020-11,39239090,其他供輸送或包裝貨物之塑膠製品,希臘,進口總值(含復進口),1,15
2020-11,39239090,其他供輸送或包裝貨物之塑膠製品,拉脫維亞,進口總值(含復進口),3,182
2020-11,39239090,其他供輸送或包裝貨物之塑膠製品,芬蘭,進口總值(含復進口),1,25
2020-11,39239090,其他供輸送或包裝貨物之塑膠製品,南韓,進口總值(含復進口),1564,366969
2020-11,39239090,其他供輸送或包裝貨物之塑膠製品,美國,進口總值(含復進口),549,73193
2020-11,39239090,其他供輸送或包裝貨物之塑膠製品,英國,進口總值(含復進口),12,106
2020-11,39239090,其他供輸送或包裝貨物之塑膠製品,香港,進口總值(含復進口),0,112
2020-11,39239090,其他供輸送或包裝貨物之塑膠製品,泰國,進口總值(含復進口),534,83967
2020-11,39239090,其他供輸送或包裝貨物之塑膠製品,紐西蘭,進口總值(含復進口),5,111
2020-11,39239090,其他供輸送或包裝貨物之塑膠製品,馬來西亞,進口總值(含復進口),845,127286
2020-11,39239090,其他供輸送或包裝貨物之塑膠製品,捷克,進口總值(含復進口),3,1975
2020-11,39239090,其他供輸送或包裝貨物之塑膠製品,荷蘭,進口總值(含復進口),38,1864
2020-11,39239090,其他供輸送或包裝貨物之塑膠製品,斯洛維尼亞,進口總值(含復進口),0,15
2020-11,39239090,其他供輸送或包裝貨物之塑膠製品,菲律賓,進口總值(含復進口),382,67888
2020-11,39239090,其他供輸送或包裝貨物之塑膠製品,越南,進口總值(含復進口),20,3455
2020-11,39239090,其他供輸送或包裝貨物之塑膠製品,新加坡,進口總值(含復進口),32,35485
2020-11,39239090,其他供輸送或包裝貨物之塑膠製品,義大利,進口總值(含復進口),16,2512
2020-11,39239090,其他供輸送或包裝貨物之塑膠製品,葡萄牙,進口總值(含復進口),3,519
2020-11,39239090,其他供輸送或包裝貨物之塑膠製品,德國,進口總值(含復進口),197,22950
2020-11,39239090,其他供輸送或包裝貨物之塑膠製品,中國大陸,出口總值(含復出口),3339,706344
2020-11,39239090,其他供輸送或包裝貨物之塑膠製品,巴西,出口總值(含復出口),86,35333
2020-11,39239090,其他供輸送或包裝貨物之塑膠製品,巴林,出口總值(含復出口),3,1370
2020-11,39239090,其他供輸送或包裝貨物之塑膠製品,巴基斯坦,出口總值(含復出口),46,3043
2020-11,39239090,其他供輸送或包裝貨物之塑膠製品,日本,出口總值(含復出口),975,128775
2020-11,39239090,其他供輸送或包裝貨物之塑膠製品,比利時,出口總值(含復出口),12,473
2020-11,39239090,其他供輸送或包裝貨物之塑膠製品,以色列,出口總值(含復出口),3,72
2020-11,39239090,其他供輸送或包裝貨物之塑膠製品,加拿大,出口總值(含復出口),259,31424
2020-11,39239090,其他供輸送或包裝貨物之塑膠製品,卡達,出口總值(含復出口),38,13505
2020-11,39239090,其他供輸送或包裝貨物之塑膠製品,尼加拉瓜,出口總值(含復出口),24,9765
2020-11,39239090,其他供輸送或包裝貨物之塑膠製品,瓜地馬拉,出口總值(含復出口),13,6481
2020-11,39239090,其他供輸送或包裝貨物之塑膠製品,伊朗,出口總值(含復出口),26,438
2020-11,39239090,其他供輸送或包裝貨物之塑膠製品,印尼,出口總值(含復出口),33,9836
2020-11,39239090,其他供輸送或包裝貨物之塑膠製品,印度,出口總值(含復出口),18,4600
2020-11,39239090,其他供輸送或包裝貨物之塑膠製品,吉布地,出口總值(含復出口),37,7834
2020-11,39239090,其他供輸送或包裝貨物之塑膠製品,宏都拉斯,出口總值(含復出口),22,4957
2020-11,39239090,其他供輸送或包裝貨物之塑膠製品,希臘,出口總值(含復出口),5,1270
2020-11,39239090,其他供輸送或包裝貨物之塑膠製品,沙烏地阿拉伯,出口總值(含復出口),75,19331
2020-11,39239090,其他供輸送或包裝貨物之塑膠製品,其他國家,出口總值(含復出口),1,24
2020-11,39239090,其他供輸送或包裝貨物之塑膠製品,孟加拉,出口總值(含復出口),0,12
2020-11,39239090,其他供輸送或包裝貨物之塑膠製品,波多黎各,出口總值(含復出口),26,11500
2020-11,39239090,其他供輸送或包裝貨物之塑膠製品,波蘭,出口總值(含復出口),8,668
2020-11,39239090,其他供輸送或包裝貨物之塑膠製品,法國,出口總值(含復出口),118,5493
2020-11,39239090,其他供輸送或包裝貨物之塑膠製品,法屬玻里尼西亞,出口總值(含復出口),10,1534
2020-11,39239090,其他供輸送或包裝貨物之塑膠製品,阿拉伯聯合大公國,出口總值(含復出口),41,15330
2020-11,39239090,其他供輸送或包裝貨物之塑膠製品,俄羅斯,出口總值(含復出口),4,98
2020-11,39239090,其他供輸送或包裝貨物之塑膠製品,南韓,出口總值(含復出口),814,306769
2020-11,39239090,其他供輸送或包裝貨物之塑膠製品,柬埔寨,出口總值(含復出口),0,47
2020-11,39239090,其他供輸送或包裝貨物之塑膠製品,科威特,出口總值(含復出口),33,13525
2020-11,39239090,其他供輸送或包裝貨物之塑膠製品,美國,出口總值(含復出口),2649,1063762
2020-11,39239090,其他供輸送或包裝貨物之塑膠製品,英國,出口總值(含復出口),201,31462
2020-11,39239090,其他供輸送或包裝貨物之塑膠製品,香港,出口總值(含復出口),673,200885
2020-11,39239090,其他供輸送或包裝貨物之塑膠製品,哥斯大黎加,出口總值(含復出口),28,919
2020-11,39239090,其他供輸送或包裝貨物之塑膠製品,泰國,出口總值(含復出口),134,19336
2020-11,39239090,其他供輸送或包裝貨物之塑膠製品,烏拉圭,出口總值(含復出口),18,7424
2020-11,39239090,其他供輸送或包裝貨物之塑膠製品,紐西蘭,出口總值(含復出口),24,6192
2020-11,39239090,其他供輸送或包裝貨物之塑膠製品,馬來西亞,出口總值(含復出口),185,34670
2020-11,39239090,其他供輸送或包裝貨物之塑膠製品,捷克,出口總值(含復出口),5,121
2020-11,39239090,其他供輸送或包裝貨物之塑膠製品,荷蘭,出口總值(含復出口),87,7571
2020-11,39239090,其他供輸送或包裝貨物之塑膠製品,智利,出口總值(含復出口),16,5610
2020-11,39239090,其他供輸送或包裝貨物之塑膠製品,菲律賓,出口總值(含復出口),105,39829
2020-11,39239090,其他供輸送或包裝貨物之塑膠製品,越南,出口總值(含復出口),549,259512
2020-11,39239090,其他供輸送或包裝貨物之塑膠製品,愛沙尼亞,出口總值(含復出口),32,6722
2020-11,39239090,其他供輸送或包裝貨物之塑膠製品,新加坡,出口總值(含復出口),68,12595
2020-11,39239090,其他供輸送或包裝貨物之塑膠製品,瑞士,出口總值(含復出口),2,68
2020-11,39239090,其他供輸送或包裝貨物之塑膠製品,瑞典,出口總值(含復出口),19,4188
2020-11,39239090,其他供輸送或包裝貨物之塑膠製品,義大利,出口總值(含復出口),228,15102
2020-11,39239090,其他供輸送或包裝貨物之塑膠製品,蓋亞那,出口總值(含復出口),20,9730
2020-11,39239090,其他供輸送或包裝貨物之塑膠製品,德國,出口總值(含復出口),223,8956
2020-11,39239090,其他供輸送或包裝貨物之塑膠製品,摩洛哥,出口總值(含復出口),7,156
2020-11,39239090,其他供輸送或包裝貨物之塑膠製品,模里西斯,出口總值(含復出口),27,9189
2020-11,39239090,其他供輸送或包裝貨物之塑膠製品,墨西哥,出口總值(含復出口),3,529
2020-11,39239090,其他供輸送或包裝貨物之塑膠製品,澳大利亞,出口總值(含復出口),208,87140
2020-11,39239090,其他供輸送或包裝貨物之塑膠製品,澳門,出口總值(含復出口),3,83
2020-11,39239090,其他供輸送或包裝貨物之塑膠製品,賽普勒斯,出口總值(含復出口),12,5817
2020-11,39239090,其他供輸送或包裝貨物之塑膠製品,薩摩亞,出口總值(含復出口),0,5
2020-11,39269012,電氣絕緣用塑膠製品,中國大陸,進口總值(含復進口),165,7258
2020-11,39269012,電氣絕緣用塑膠製品,中華民國,進口總值(含復進口),2,1
2020-11,39269012,電氣絕緣用塑膠製品,日本,進口總值(含復進口),440,992
2020-11,39269012,電氣絕緣用塑膠製品,法國,進口總值(含復進口),0,2
2020-11,39269012,電氣絕緣用塑膠製品,南韓,進口總值(含復進口),0,2
2020-11,39269012,電氣絕緣用塑膠製品,美國,進口總值(含復進口),7,19
2020-11,39269012,電氣絕緣用塑膠製品,英國,進口總值(含復進口),3,76
2020-11,39269012,電氣絕緣用塑膠製品,哥斯大黎加,進口總值(含復進口),1,3
2020-11,39269012,電氣絕緣用塑膠製品,越南,進口總值(含復進口),11,4658
2020-11,39269012,電氣絕緣用塑膠製品,新加坡,進口總值(含復進口),0,0
2020-11,39269012,電氣絕緣用塑膠製品,瑞士,進口總值(含復進口),0,3
2020-11,39269012,電氣絕緣用塑膠製品,德國,進口總值(含復進口),12,102
2020-11,39269012,電氣絕緣用塑膠製品,中國大陸,出口總值(含復出口),190,25788
2020-11,39269012,電氣絕緣用塑膠製品,厄瓜多,出口總值(含復出口),10,3188
2020-11,39269012,電氣絕緣用塑膠製品,日本,出口總值(含復出口),84,25045
2020-11,39269012,電氣絕緣用塑膠製品,比利時,出口總值(含復出口),44,10942
2020-11,39269012,電氣絕緣用塑膠製品,以色列,出口總值(含復出口),2,29
2020-11,39269012,電氣絕緣用塑膠製品,加拿大,出口總值(含復出口),267,70359
2020-11,39269012,電氣絕緣用塑膠製品,北馬里亞納群島,出口總值(含復出口),1,104
2020-11,39269012,電氣絕緣用塑膠製品,瓜地馬拉,出口總值(含復出口),42,14610
2020-11,39269012,電氣絕緣用塑膠製品,印度,出口總值(含復出口),56,22662
2020-11,39269012,電氣絕緣用塑膠製品,拉脫維亞,出口總值(含復出口),32,8010
2020-11,39269012,電氣絕緣用塑膠製品,波蘭,出口總值(含復出口),66,16398
2020-11,39269012,電氣絕緣用塑膠製品,法國,出口總值(含復出口),0,6
2020-11,39269012,電氣絕緣用塑膠製品,俄羅斯,出口總值(含復出口),76,20944
2020-11,39269012,電氣絕緣用塑膠製品,南非,出口總值(含復出口),5,1387
2020-11,39269012,電氣絕緣用塑膠製品,南韓,出口總值(含復出口),368,129660
2020-11,39269012,電氣絕緣用塑膠製品,柬埔寨,出口總值(含復出口),10,17
2020-11,39269012,電氣絕緣用塑膠製品,美國,出口總值(含復出口),94,28594
2020-11,39269012,電氣絕緣用塑膠製品,英國,出口總值(含復出口),118,38201
2020-11,39269012,電氣絕緣用塑膠製品,香港,出口總值(含復出口),89,665
2020-11,39269012,電氣絕緣用塑膠製品,埃及,出口總值(含復出口),160,58254
2020-11,39269012,電氣絕緣用塑膠製品,馬來西亞,出口總值(含復出口),15,1285
2020-11,39269012,電氣絕緣用塑膠製品,馬爾他,出口總值(含復出口),9,2664
2020-11,39269012,電氣絕緣用塑膠製品,敘利亞,出口總值(含復出口),73,23560
2020-11,39269012,電氣絕緣用塑膠製品,荷蘭,出口總值(含復出口),67,18049
2020-11,39269012,電氣絕緣用塑膠製品,菲律賓,出口總值(含復出口),11,7193
2020-11,39269012,電氣絕緣用塑膠製品,越南,出口總值(含復出口),67,1990
2020-11,39269012,電氣絕緣用塑膠製品,新加坡,出口總值(含復出口),5,2097
2020-11,39269012,電氣絕緣用塑膠製品,義大利,出口總值(含復出口),3,576
2020-11,39269012,電氣絕緣用塑膠製品,德國,出口總值(含復出口),20,2644
2020-11,39269012,電氣絕緣用塑膠製品,墨西哥,出口總值(含復出口),36,3645
2020-11,39269012,電氣絕緣用塑膠製品,澳大利亞,出口總值(含復出口),50,13936
2020-12,39231010,塑膠製箱子、盒子、籃子及類似品，其形狀或適合供運輸或包裝半導體晶圓或網線,中國大陸,進口總值(含復進口),276,19171
2020-12,39231010,塑膠製箱子、盒子、籃子及類似品，其形狀或適合供運輸或包裝半導體晶圓或網線,中華民國,進口總值(含復進口),13,6726
2020-12,39231010,塑膠製箱子、盒子、籃子及類似品，其形狀或適合供運輸或包裝半導體晶圓或網線,日本,進口總值(含復進口),1343,76579
2020-12,39231010,塑膠製箱子、盒子、籃子及類似品，其形狀或適合供運輸或包裝半導體晶圓或網線,比利時,進口總值(含復進口),0,59
2020-12,39231010,塑膠製箱子、盒子、籃子及類似品，其形狀或適合供運輸或包裝半導體晶圓或網線,印尼,進口總值(含復進口),568,69439
2020-12,39231010,塑膠製箱子、盒子、籃子及類似品，其形狀或適合供運輸或包裝半導體晶圓或網線,波蘭,進口總值(含復進口),1,100
2020-12,39231010,塑膠製箱子、盒子、籃子及類似品，其形狀或適合供運輸或包裝半導體晶圓或網線,南韓,進口總值(含復進口),520,51699
2020-12,39231010,塑膠製箱子、盒子、籃子及類似品，其形狀或適合供運輸或包裝半導體晶圓或網線,美國,進口總值(含復進口),274,11752
2020-12,39231010,塑膠製箱子、盒子、籃子及類似品，其形狀或適合供運輸或包裝半導體晶圓或網線,香港,進口總值(含復進口),5,342
2020-12,39231010,塑膠製箱子、盒子、籃子及類似品，其形狀或適合供運輸或包裝半導體晶圓或網線,馬來西亞,進口總值(含復進口),2578,53066
2020-12,39231010,塑膠製箱子、盒子、籃子及類似品，其形狀或適合供運輸或包裝半導體晶圓或網線,荷蘭,進口總值(含復進口),1,6
2020-12,39231010,塑膠製箱子、盒子、籃子及類似品，其形狀或適合供運輸或包裝半導體晶圓或網線,越南,進口總值(含復進口),0,233
2020-12,39231010,塑膠製箱子、盒子、籃子及類似品，其形狀或適合供運輸或包裝半導體晶圓或網線,新加坡,進口總值(含復進口),8,2016
2020-12,39231010,塑膠製箱子、盒子、籃子及類似品，其形狀或適合供運輸或包裝半導體晶圓或網線,瑞士,進口總值(含復進口),2,10
2020-12,39231010,塑膠製箱子、盒子、籃子及類似品，其形狀或適合供運輸或包裝半導體晶圓或網線,義大利,進口總值(含復進口),1,0
2020-12,39231010,塑膠製箱子、盒子、籃子及類似品，其形狀或適合供運輸或包裝半導體晶圓或網線,德國,進口總值(含復進口),56,16418
2020-12,39231010,塑膠製箱子、盒子、籃子及類似品，其形狀或適合供運輸或包裝半導體晶圓或網線,澳大利亞,進口總值(含復進口),1,0
2020-12,39231010,塑膠製箱子、盒子、籃子及類似品，其形狀或適合供運輸或包裝半導體晶圓或網線,中國大陸,出口總值(含復出口),1414,57163
2020-12,39231010,塑膠製箱子、盒子、籃子及類似品，其形狀或適合供運輸或包裝半導體晶圓或網線,日本,出口總值(含復出口),925,119432
2020-12,39231010,塑膠製箱子、盒子、籃子及類似品，其形狀或適合供運輸或包裝半導體晶圓或網線,加拿大,出口總值(含復出口),3,376
2020-12,39231010,塑膠製箱子、盒子、籃子及類似品，其形狀或適合供運輸或包裝半導體晶圓或網線,史瓦帝尼,出口總值(含復出口),0,78
2020-12,39231010,塑膠製箱子、盒子、籃子及類似品，其形狀或適合供運輸或包裝半導體晶圓或網線,波蘭,出口總值(含復出口),5,3040
2020-12,39231010,塑膠製箱子、盒子、籃子及類似品，其形狀或適合供運輸或包裝半導體晶圓或網線,法國,出口總值(含復出口),3,17
2020-12,39231010,塑膠製箱子、盒子、籃子及類似品，其形狀或適合供運輸或包裝半導體晶圓或網線,芬蘭,出口總值(含復出口),8,1560
2020-12,39231010,塑膠製箱子、盒子、籃子及類似品，其形狀或適合供運輸或包裝半導體晶圓或網線,阿拉伯聯合大公國,出口總值(含復出口),15,3585
2020-12,39231010,塑膠製箱子、盒子、籃子及類似品，其形狀或適合供運輸或包裝半導體晶圓或網線,俄羅斯,出口總值(含復出口),6,928
2020-12,39231010,塑膠製箱子、盒子、籃子及類似品，其形狀或適合供運輸或包裝半導體晶圓或網線,南韓,出口總值(含復出口),387,29710
2020-12,39231010,塑膠製箱子、盒子、籃子及類似品，其形狀或適合供運輸或包裝半導體晶圓或網線,柬埔寨,出口總值(含復出口),6,210
2020-12,39231010,塑膠製箱子、盒子、籃子及類似品，其形狀或適合供運輸或包裝半導體晶圓或網線,美國,出口總值(含復出口),230,43924
2020-12,39231010,塑膠製箱子、盒子、籃子及類似品，其形狀或適合供運輸或包裝半導體晶圓或網線,英國,出口總值(含復出口),25,3316
2020-12,39231010,塑膠製箱子、盒子、籃子及類似品，其形狀或適合供運輸或包裝半導體晶圓或網線,香港,出口總值(含復出口),13,1452
2020-12,39231010,塑膠製箱子、盒子、籃子及類似品，其形狀或適合供運輸或包裝半導體晶圓或網線,泰國,出口總值(含復出口),4,0
2020-12,39231010,塑膠製箱子、盒子、籃子及類似品，其形狀或適合供運輸或包裝半導體晶圓或網線,馬來西亞,出口總值(含復出口),188,27951
2020-12,39231010,塑膠製箱子、盒子、籃子及類似品，其形狀或適合供運輸或包裝半導體晶圓或網線,馬紹爾群島,出口總值(含復出口),0,78
2020-12,39231010,塑膠製箱子、盒子、籃子及類似品，其形狀或適合供運輸或包裝半導體晶圓或網線,荷蘭,出口總值(含復出口),21,3346
2020-12,39231010,塑膠製箱子、盒子、籃子及類似品，其形狀或適合供運輸或包裝半導體晶圓或網線,菲律賓,出口總值(含復出口),52,333
2020-12,39231010,塑膠製箱子、盒子、籃子及類似品，其形狀或適合供運輸或包裝半導體晶圓或網線,越南,出口總值(含復出口),35,5394
2020-12,39231010,塑膠製箱子、盒子、籃子及類似品，其形狀或適合供運輸或包裝半導體晶圓或網線,奧地利,出口總值(含復出口),5,14
2020-12,39231010,塑膠製箱子、盒子、籃子及類似品，其形狀或適合供運輸或包裝半導體晶圓或網線,新加坡,出口總值(含復出口),94,27862
2020-12,39231010,塑膠製箱子、盒子、籃子及類似品，其形狀或適合供運輸或包裝半導體晶圓或網線,義大利,出口總值(含復出口),9,1105
2020-12,39231010,塑膠製箱子、盒子、籃子及類似品，其形狀或適合供運輸或包裝半導體晶圓或網線,德國,出口總值(含復出口),37,9894
2020-12,39231010,塑膠製箱子、盒子、籃子及類似品，其形狀或適合供運輸或包裝半導體晶圓或網線,澳大利亞,出口總值(含復出口),15,2459
2020-12,39231010,塑膠製箱子、盒子、籃子及類似品，其形狀或適合供運輸或包裝半導體晶圓或網線,關島,出口總值(含復出口),0,61
2020-12,39239090,其他供輸送或包裝貨物之塑膠製品,中國大陸,進口總值(含復進口),7127,1811238
2020-12,39239090,其他供輸送或包裝貨物之塑膠製品,中華民國,進口總值(含復進口),503,141100
2020-12,39239090,其他供輸送或包裝貨物之塑膠製品,丹麥,進口總值(含復進口),12,241
2020-12,39239090,其他供輸送或包裝貨物之塑膠製品,日本,進口總值(含復進口),1951,308317
2020-12,39239090,其他供輸送或包裝貨物之塑膠製品,比利時,進口總值(含復進口),0,130
2020-12,39239090,其他供輸送或包裝貨物之塑膠製品,以色列,進口總值(含復進口),0,200
2020-12,39239090,其他供輸送或包裝貨物之塑膠製品,加拿大,進口總值(含復進口),1,19
2020-12,39239090,其他供輸送或包裝貨物之塑膠製品,拉脫維亞,進口總值(含復進口),2,161
2020-12,39239090,其他供輸送或包裝貨物之塑膠製品,波蘭,進口總值(含復進口),0,9
2020-12,39239090,其他供輸送或包裝貨物之塑膠製品,法國,進口總值(含復進口),87,9602
2020-12,39239090,其他供輸送或包裝貨物之塑膠製品,阿拉伯聯合大公國,進口總值(含復進口),0,6
2020-12,39239090,其他供輸送或包裝貨物之塑膠製品,南韓,進口總值(含復進口),1385,262951
2020-12,39239090,其他供輸送或包裝貨物之塑膠製品,美國,進口總值(含復進口),135,32279
2020-12,39239090,其他供輸送或包裝貨物之塑膠製品,英國,進口總值(含復進口),44,5433
2020-12,39239090,其他供輸送或包裝貨物之塑膠製品,泰國,進口總值(含復進口),456,81324
2020-12,39239090,其他供輸送或包裝貨物之塑膠製品,馬來西亞,進口總值(含復進口),1369,174396
2020-12,39239090,其他供輸送或包裝貨物之塑膠製品,荷蘭,進口總值(含復進口),52,747
2020-12,39239090,其他供輸送或包裝貨物之塑膠製品,菲律賓,進口總值(含復進口),351,66520
2020-12,39239090,其他供輸送或包裝貨物之塑膠製品,越南,進口總值(含復進口),62,18416
2020-12,39239090,其他供輸送或包裝貨物之塑膠製品,新加坡,進口總值(含復進口),73,40427
2020-12,39239090,其他供輸送或包裝貨物之塑膠製品,瑞士,進口總值(含復進口),0,0
2020-12,39239090,其他供輸送或包裝貨物之塑膠製品,瑞典,進口總值(含復進口),6,3
2020-12,39239090,其他供輸送或包裝貨物之塑膠製品,義大利,進口總值(含復進口),0,14
2020-12,39239090,其他供輸送或包裝貨物之塑膠製品,葡萄牙,進口總值(含復進口),1,197
2020-12,39239090,其他供輸送或包裝貨物之塑膠製品,德國,進口總值(含復進口),119,14347
2020-12,39239090,其他供輸送或包裝貨物之塑膠製品,澳大利亞,進口總值(含復進口),34,4694
2020-12,39239090,其他供輸送或包裝貨物之塑膠製品,盧森堡,進口總值(含復進口),0,12
2020-12,39239090,其他供輸送或包裝貨物之塑膠製品,中國大陸,出口總值(含復出口),3218,749532
2020-12,39239090,其他供輸送或包裝貨物之塑膠製品,巴西,出口總值(含復出口),112,27980
2020-12,39239090,其他供輸送或包裝貨物之塑膠製品,巴拉圭,出口總值(含復出口),1,340
2020-12,39239090,其他供輸送或包裝貨物之塑膠製品,巴基斯坦,出口總值(含復出口),16,111
2020-12,39239090,其他供輸送或包裝貨物之塑膠製品,日本,出口總值(含復出口),665,65990
2020-12,39239090,其他供輸送或包裝貨物之塑膠製品,比利時,出口總值(含復出口),30,1568
2020-12,39239090,其他供輸送或包裝貨物之塑膠製品,以色列,出口總值(含復出口),6,595
2020-12,39239090,其他供輸送或包裝貨物之塑膠製品,加拿大,出口總值(含復出口),38,12558
2020-12,39239090,其他供輸送或包裝貨物之塑膠製品,卡達,出口總值(含復出口),23,9695
2020-12,39239090,其他供輸送或包裝貨物之塑膠製品,印尼,出口總值(含復出口),44,7610
2020-12,39239090,其他供輸送或包裝貨物之塑膠製品,吉布地,出口總值(含復出口),31,8970
2020-12,39239090,其他供輸送或包裝貨物之塑膠製品,多明尼加,出口總值(含復出口),13,6765
2020-12,39239090,其他供輸送或包裝貨物之塑膠製品,西班牙,出口總值(含復出口),0,9
2020-12,39239090,其他供輸送或包裝貨物之塑膠製品,沙烏地阿拉伯,出口總值(含復出口),16,4154
2020-12,39239090,其他供輸送或包裝貨物之塑膠製品,其他國家,出口總值(含復出口),1,288
2020-12,39239090,其他供輸送或包裝貨物之塑膠製品,波多黎各,出口總值(含復出口),18,7769
2020-12,39239090,其他供輸送或包裝貨物之塑膠製品,法國,出口總值(含復出口),60,1897
2020-12,39239090,其他供輸送或包裝貨物之塑膠製品,阿拉伯聯合大公國,出口總值(含復出口),18,8041
2020-12,39239090,其他供輸送或包裝貨物之塑膠製品,阿根廷,出口總值(含復出口),0,8
2020-12,39239090,其他供輸送或包裝貨物之塑膠製品,俄羅斯,出口總值(含復出口),0,19
2020-12,39239090,其他供輸送或包裝貨物之塑膠製品,南韓,出口總值(含復出口),692,269768
2020-12,39239090,其他供輸送或包裝貨物之塑膠製品,柬埔寨,出口總值(含復出口),2,348
2020-12,39239090,其他供輸送或包裝貨物之塑膠製品,科威特,出口總值(含復出口),24,8757
2020-12,39239090,其他供輸送或包裝貨物之塑膠製品,突尼西亞,出口總值(含復出口),29,10567
2020-12,39239090,其他供輸送或包裝貨物之塑膠製品,美國,出口總值(含復出口),2636,1059359
2020-12,39239090,其他供輸送或包裝貨物之塑膠製品,英國,出口總值(含復出口),130,18226
2020-12,39239090,其他供輸送或包裝貨物之塑膠製品,香港,出口總值(含復出口),420,167704
2020-12,39239090,其他供輸送或包裝貨物之塑膠製品,哥斯大黎加,出口總值(含復出口),8,3164
2020-12,39239090,其他供輸送或包裝貨物之塑膠製品,泰國,出口總值(含復出口),238,30490
2020-12,39239090,其他供輸送或包裝貨物之塑膠製品,秘魯,出口總值(含復出口),19,7477
2020-12,39239090,其他供輸送或包裝貨物之塑膠製品,紐西蘭,出口總值(含復出口),76,13590
2020-12,39239090,其他供輸送或包裝貨物之塑膠製品,納米比亞,出口總值(含復出口),1,16
2020-12,39239090,其他供輸送或包裝貨物之塑膠製品,馬來西亞,出口總值(含復出口),289,33576
2020-12,39239090,其他供輸送或包裝貨物之塑膠製品,捷克,出口總值(含復出口),6,121
2020-12,39239090,其他供輸送或包裝貨物之塑膠製品,荷蘭,出口總值(含復出口),300,7342
2020-12,39239090,其他供輸送或包裝貨物之塑膠製品,智利,出口總值(含復出口),7,3215
2020-12,39239090,其他供輸送或包裝貨物之塑膠製品,菲律賓,出口總值(含復出口),245,80619
2020-12,39239090,其他供輸送或包裝貨物之塑膠製品,越南,出口總值(含復出口),642,286918
2020-12,39239090,其他供輸送或包裝貨物之塑膠製品,奧地利,出口總值(含復出口),5,347
2020-12,39239090,其他供輸送或包裝貨物之塑膠製品,新加坡,出口總值(含復出口),208,32776
2020-12,39239090,其他供輸送或包裝貨物之塑膠製品,瑞士,出口總值(含復出口),27,665
2020-12,39239090,其他供輸送或包裝貨物之塑膠製品,瑞典,出口總值(含復出口),13,2457
2020-12,39239090,其他供輸送或包裝貨物之塑膠製品,義大利,出口總值(含復出口),486,32484
2020-12,39239090,其他供輸送或包裝貨物之塑膠製品,德國,出口總值(含復出口),173,9658
2020-12,39239090,其他供輸送或包裝貨物之塑膠製品,模里西斯,出口總值(含復出口),7,2030
2020-12,39239090,其他供輸送或包裝貨物之塑膠製品,墨西哥,出口總值(含復出口),102,17141
2020-12,39239090,其他供輸送或包裝貨物之塑膠製品,澳大利亞,出口總值(含復出口),138,55085
2020-12,39239090,其他供輸送或包裝貨物之塑膠製品,賽普勒斯,出口總值(含復出口),6,2433
2020-12,39269012,電氣絕緣用塑膠製品,中國大陸,進口總值(含復進口),102,6333
2020-12,39269012,電氣絕緣用塑膠製品,中華民國,進口總值(含復進口),1,0
2020-12,39269012,電氣絕緣用塑膠製品,日本,進口總值(含復進口),560,1774
2020-12,39269012,電氣絕緣用塑膠製品,俄羅斯,進口總值(含復進口),0,0
2020-12,39269012,電氣絕緣用塑膠製品,南韓,進口總值(含復進口),4,321
2020-12,39269012,電氣絕緣用塑膠製品,美國,進口總值(含復進口),32,352
2020-12,39269012,電氣絕緣用塑膠製品,哥斯大黎加,進口總值(含復進口),3,3
2020-12,39269012,電氣絕緣用塑膠製品,馬來西亞,進口總值(含復進口),0,0
2020-12,39269012,電氣絕緣用塑膠製品,越南,進口總值(含復進口),31,12197
2020-12,39269012,電氣絕緣用塑膠製品,德國,進口總值(含復進口),1,1
2020-12,39269012,電氣絕緣用塑膠製品,土耳其,出口總值(含復出口),107,32638
2020-12,39269012,電氣絕緣用塑膠製品,中國大陸,出口總值(含復出口),205,14606
2020-12,39269012,電氣絕緣用塑膠製品,厄瓜多,出口總值(含復出口),33,12200
2020-12,39269012,電氣絕緣用塑膠製品,日本,出口總值(含復出口),85,25076
2020-12,39269012,電氣絕緣用塑膠製品,比利時,出口總值(含復出口),75,18136
2020-12,39269012,電氣絕緣用塑膠製品,加拿大,出口總值(含復出口),227,61376
2020-12,39269012,電氣絕緣用塑膠製品,多明尼加,出口總值(含復出口),20,6035
2020-12,39269012,電氣絕緣用塑膠製品,南韓,出口總值(含復出口),364,130190
2020-12,39269012,電氣絕緣用塑膠製品,柬埔寨,出口總值(含復出口),11,129
2020-12,39269012,電氣絕緣用塑膠製品,美國,出口總值(含復出口),150,39857
2020-12,39269012,電氣絕緣用塑膠製品,英國,出口總值(含復出口),16,4876
2020-12,39269012,電氣絕緣用塑膠製品,香港,出口總值(含復出口),111,1005
2020-12,39269012,電氣絕緣用塑膠製品,埃及,出口總值(含復出口),54,18833
2020-12,39269012,電氣絕緣用塑膠製品,泰國,出口總值(含復出口),30,734
2020-12,39269012,電氣絕緣用塑膠製品,馬來西亞,出口總值(含復出口),0,13
2020-12,39269012,電氣絕緣用塑膠製品,荷蘭,出口總值(含復出口),13,1936
2020-12,39269012,電氣絕緣用塑膠製品,斐濟,出口總值(含復出口),6,2000
2020-12,39269012,電氣絕緣用塑膠製品,菲律賓,出口總值(含復出口),25,15686
2020-12,39269012,電氣絕緣用塑膠製品,越南,出口總值(含復出口),94,2820
2020-12,39269012,電氣絕緣用塑膠製品,瑞士,出口總值(含復出口),6,1284
2020-12,39269012,電氣絕緣用塑膠製品,德國,出口總值(含復出口),30,8096
2020-12,39269012,電氣絕緣用塑膠製品,黎巴嫩,出口總值(含復出口),149,47120
2020-12,39269012,電氣絕緣用塑膠製品,墨西哥,出口總值(含復出口),110,13727
2020-12,39269012,電氣絕緣用塑膠製品,澳大利亞,出口總值(含復出口),36,10314
2020-12,39269012,電氣絕緣用塑膠製品,諾魯,出口總值(含復出口),0,0
2020-1,39199020,供製造半導體晶圓用之自黏性圓形研磨墊，屬塑膠製品者,中國大陸,進口總值(含復進口),9,38
2020-1,39199020,供製造半導體晶圓用之自黏性圓形研磨墊，屬塑膠製品者,中華民國,進口總值(含復進口),2,1
2020-1,39199020,供製造半導體晶圓用之自黏性圓形研磨墊，屬塑膠製品者,日本,進口總值(含復進口),464,3516
2020-1,39199020,供製造半導體晶圓用之自黏性圓形研磨墊，屬塑膠製品者,南韓,進口總值(含復進口),3,23
2020-1,39199020,供製造半導體晶圓用之自黏性圓形研磨墊，屬塑膠製品者,美國,進口總值(含復進口),1980,5485
2020-1,39199020,供製造半導體晶圓用之自黏性圓形研磨墊，屬塑膠製品者,德國,進口總值(含復進口),0,0
2020-1,39199020,供製造半導體晶圓用之自黏性圓形研磨墊，屬塑膠製品者,中國大陸,出口總值(含復出口),5328,18312
2020-1,39199020,供製造半導體晶圓用之自黏性圓形研磨墊，屬塑膠製品者,日本,出口總值(含復出口),284,1017
2020-1,39199020,供製造半導體晶圓用之自黏性圓形研磨墊，屬塑膠製品者,南韓,出口總值(含復出口),3813,28083
2020-1,39199020,供製造半導體晶圓用之自黏性圓形研磨墊，屬塑膠製品者,美國,出口總值(含復出口),522,2988
2020-1,39199020,供製造半導體晶圓用之自黏性圓形研磨墊，屬塑膠製品者,馬來西亞,出口總值(含復出口),31,155
2020-1,39199020,供製造半導體晶圓用之自黏性圓形研磨墊，屬塑膠製品者,新加坡,出口總值(含復出口),972,3871
2020-1,39201010,聚乙烯塑膠板、片及扁條,中國大陸,進口總值(含復進口),502,217703
2020-1,39201010,聚乙烯塑膠板、片及扁條,中華民國,進口總值(含復進口),19,17798
2020-1,39201010,聚乙烯塑膠板、片及扁條,日本,進口總值(含復進口),220,30608
2020-1,39201010,聚乙烯塑膠板、片及扁條,比利時,進口總值(含復進口),12,1158
2020-1,39201010,聚乙烯塑膠板、片及扁條,印度,進口總值(含復進口),8,2385
2020-1,39201010,聚乙烯塑膠板、片及扁條,南韓,進口總值(含復進口),17,2840
2020-1,39201010,聚乙烯塑膠板、片及扁條,美國,進口總值(含復進口),95,2593
2020-1,39201010,聚乙烯塑膠板、片及扁條,泰國,進口總值(含復進口),64,10056
2020-1,39201010,聚乙烯塑膠板、片及扁條,馬來西亞,進口總值(含復進口),17,11641
2020-1,39201010,聚乙烯塑膠板、片及扁條,新加坡,進口總值(含復進口),3,1200
2020-1,39201010,聚乙烯塑膠板、片及扁條,義大利,進口總值(含復進口),20,389
2020-1,39201010,聚乙烯塑膠板、片及扁條,德國,進口總值(含復進口),9,1958
2020-1,39201010,聚乙烯塑膠板、片及扁條,中國大陸,出口總值(含復出口),115,22385
2020-1,39201010,聚乙烯塑膠板、片及扁條,日本,出口總值(含復出口),189,68389
2020-1,39201010,聚乙烯塑膠板、片及扁條,加拿大,出口總值(含復出口),0,68
2020-1,39201010,聚乙烯塑膠板、片及扁條,冰島,出口總值(含復出口),6,63
2020-1,39201010,聚乙烯塑膠板、片及扁條,印尼,出口總值(含復出口),10,2214
2020-1,39201010,聚乙烯塑膠板、片及扁條,印度,出口總值(含復出口),66,35180
2020-1,39201010,聚乙烯塑膠板、片及扁條,西班牙,出口總值(含復出口),4,165
2020-1,39201010,聚乙烯塑膠板、片及扁條,俄羅斯,出口總值(含復出口),2,93
2020-1,39201010,聚乙烯塑膠板、片及扁條,柬埔寨,出口總值(含復出口),4,1895
2020-1,39201010,聚乙烯塑膠板、片及扁條,美國,出口總值(含復出口),96,24746
2020-1,39201010,聚乙烯塑膠板、片及扁條,香港,出口總值(含復出口),51,36888
2020-1,39201010,聚乙烯塑膠板、片及扁條,泰國,出口總值(含復出口),572,136020
2020-1,39201010,聚乙烯塑膠板、片及扁條,海地,出口總值(含復出口),3,15
2020-1,39201010,聚乙烯塑膠板、片及扁條,馬來西亞,出口總值(含復出口),77,19297
2020-1,39201010,聚乙烯塑膠板、片及扁條,智利,出口總值(含復出口),7,6000
2020-1,39201010,聚乙烯塑膠板、片及扁條,菲律賓,出口總值(含復出口),142,44249
2020-1,39201010,聚乙烯塑膠板、片及扁條,越南,出口總值(含復出口),49,10832
2020-1,39201010,聚乙烯塑膠板、片及扁條,新加坡,出口總值(含復出口),18,8740
2020-1,39201010,聚乙烯塑膠板、片及扁條,德國,出口總值(含復出口),15,66
2020-1,39201010,聚乙烯塑膠板、片及扁條,墨西哥,出口總值(含復出口),3,20
2020-1,39202021,電容器用金屬化聚丙烯薄膜，留有未鍍邊，總寬度不超過１００公厘，總厚度在０．０１５公厘以上，０．０２５公厘以下者,中國大陸,進口總值(含復進口),189,6910
2020-1,39202021,電容器用金屬化聚丙烯薄膜，留有未鍍邊，總寬度不超過１００公厘，總厚度在０．０１５公厘以上，０．０２５公厘以下者,南韓,進口總值(含復進口),48,3535
2020-1,39205110,聚甲基丙烯酸甲酯板、片及扁條,土耳其,進口總值(含復進口),8,210
2020-1,39205110,聚甲基丙烯酸甲酯板、片及扁條,中國大陸,進口總值(含復進口),24,17209
2020-1,39205110,聚甲基丙烯酸甲酯板、片及扁條,日本,進口總值(含復進口),93,19027
2020-1,39205110,聚甲基丙烯酸甲酯板、片及扁條,南韓,進口總值(含復進口),874,346835
2020-1,39205110,聚甲基丙烯酸甲酯板、片及扁條,美國,進口總值(含復進口),98,17712
2020-1,39205110,聚甲基丙烯酸甲酯板、片及扁條,德國,進口總值(含復進口),0,110
2020-1,39205110,聚甲基丙烯酸甲酯板、片及扁條,中國大陸,出口總值(含復出口),5420,1853792
2020-1,39205110,聚甲基丙烯酸甲酯板、片及扁條,巴西,出口總值(含復出口),84,25668
2020-1,39205110,聚甲基丙烯酸甲酯板、片及扁條,日本,出口總值(含復出口),446,114441
2020-1,39205110,聚甲基丙烯酸甲酯板、片及扁條,卡達,出口總值(含復出口),44,16832
2020-1,39205110,聚甲基丙烯酸甲酯板、片及扁條,瓜地馬拉,出口總值(含復出口),52,16950
2020-1,39205110,聚甲基丙烯酸甲酯板、片及扁條,伊朗,出口總值(含復出口),568,204862
2020-1,39205110,聚甲基丙烯酸甲酯板、片及扁條,印尼,出口總值(含復出口),5,954
2020-1,39205110,聚甲基丙烯酸甲酯板、片及扁條,印度,出口總值(含復出口),210,102946
2020-1,39205110,聚甲基丙烯酸甲酯板、片及扁條,宏都拉斯,出口總值(含復出口),6,1965
2020-1,39205110,聚甲基丙烯酸甲酯板、片及扁條,沙烏地阿拉伯,出口總值(含復出口),312,117373
2020-1,39205110,聚甲基丙烯酸甲酯板、片及扁條,奈及利亞,出口總值(含復出口),54,24714
2020-1,39205110,聚甲基丙烯酸甲酯板、片及扁條,芬蘭,出口總值(含復出口),127,39780
2020-1,39205110,聚甲基丙烯酸甲酯板、片及扁條,阿拉伯聯合大公國,出口總值(含復出口),1153,411148
2020-1,39205110,聚甲基丙烯酸甲酯板、片及扁條,南非,出口總值(含復出口),83,22316
2020-1,39205110,聚甲基丙烯酸甲酯板、片及扁條,南韓,出口總值(含復出口),864,307041
2020-1,39205110,聚甲基丙烯酸甲酯板、片及扁條,科威特,出口總值(含復出口),46,17541
2020-1,39205110,聚甲基丙烯酸甲酯板、片及扁條,美國,出口總值(含復出口),1298,445100
2020-1,39205110,聚甲基丙烯酸甲酯板、片及扁條,英國,出口總值(含復出口),22,4581
2020-1,39205110,聚甲基丙烯酸甲酯板、片及扁條,埃及,出口總值(含復出口),0,15
2020-1,39205110,聚甲基丙烯酸甲酯板、片及扁條,馬來西亞,出口總值(含復出口),6,1673
2020-1,39205110,聚甲基丙烯酸甲酯板、片及扁條,菲律賓,出口總值(含復出口),4,996
2020-1,39205110,聚甲基丙烯酸甲酯板、片及扁條,越南,出口總值(含復出口),427,147662
2020-1,39205110,聚甲基丙烯酸甲酯板、片及扁條,新加坡,出口總值(含復出口),117,44181
2020-1,39205110,聚甲基丙烯酸甲酯板、片及扁條,德國,出口總值(含復出口),16,2230
2020-1,39205110,聚甲基丙烯酸甲酯板、片及扁條,墨西哥,出口總值(含復出口),109,41050
2020-1,39205110,聚甲基丙烯酸甲酯板、片及扁條,澳大利亞,出口總值(含復出口),118,36730
2020-1,39205110,聚甲基丙烯酸甲酯板、片及扁條,薩爾瓦多,出口總值(含復出口),14,2324
2020-1,39206210,聚對苯二甲酸乙二酯製板、片及扁條,中國大陸,進口總值(含復進口),923,231871
2020-1,39206210,聚對苯二甲酸乙二酯製板、片及扁條,中華民國,進口總值(含復進口),249,32816
2020-1,39206210,聚對苯二甲酸乙二酯製板、片及扁條,日本,進口總值(含復進口),163,11201
2020-1,39206210,聚對苯二甲酸乙二酯製板、片及扁條,南韓,進口總值(含復進口),352,103850
2020-1,39206210,聚對苯二甲酸乙二酯製板、片及扁條,越南,進口總值(含復進口),46,37340
2020-1,39206210,聚對苯二甲酸乙二酯製板、片及扁條,義大利,進口總值(含復進口),29,12442
2020-1,39206210,聚對苯二甲酸乙二酯製板、片及扁條,德國,進口總值(含復進口),42,1023
2020-1,39206210,聚對苯二甲酸乙二酯製板、片及扁條,中國大陸,出口總值(含復出口),5988,655464
2020-1,39206210,聚對苯二甲酸乙二酯製板、片及扁條,日本,出口總值(含復出口),648,392856
2020-1,39206210,聚對苯二甲酸乙二酯製板、片及扁條,加拿大,出口總值(含復出口),132,104181
2020-1,39206210,聚對苯二甲酸乙二酯製板、片及扁條,印尼,出口總值(含復出口),27,17328
2020-1,39206210,聚對苯二甲酸乙二酯製板、片及扁條,印度,出口總值(含復出口),151,139035
2020-1,39206210,聚對苯二甲酸乙二酯製板、片及扁條,阿拉伯聯合大公國,出口總值(含復出口),16,10900
2020-1,39206210,聚對苯二甲酸乙二酯製板、片及扁條,阿根廷,出口總值(含復出口),6,5058
2020-1,39206210,聚對苯二甲酸乙二酯製板、片及扁條,南韓,出口總值(含復出口),9,108
2020-1,39206210,聚對苯二甲酸乙二酯製板、片及扁條,美國,出口總值(含復出口),587,360806
2020-1,39206210,聚對苯二甲酸乙二酯製板、片及扁條,香港,出口總值(含復出口),302,19797
2020-1,39206210,聚對苯二甲酸乙二酯製板、片及扁條,哥倫比亞,出口總值(含復出口),24,19600
2020-1,39206210,聚對苯二甲酸乙二酯製板、片及扁條,哥斯大黎加,出口總值(含復出口),25,18000
2020-1,39206210,聚對苯二甲酸乙二酯製板、片及扁條,埃及,出口總值(含復出口),13,1016
2020-1,39206210,聚對苯二甲酸乙二酯製板、片及扁條,泰國,出口總值(含復出口),80,40000
2020-1,39206210,聚對苯二甲酸乙二酯製板、片及扁條,紐西蘭,出口總值(含復出口),123,94586
2020-1,39206210,聚對苯二甲酸乙二酯製板、片及扁條,馬來西亞,出口總值(含復出口),651,324948
2020-1,39206210,聚對苯二甲酸乙二酯製板、片及扁條,荷蘭,出口總值(含復出口),24,21112
2020-1,39206210,聚對苯二甲酸乙二酯製板、片及扁條,菲律賓,出口總值(含復出口),191,94416
2020-1,39206210,聚對苯二甲酸乙二酯製板、片及扁條,新加坡,出口總值(含復出口),40,21778
2020-1,39206210,聚對苯二甲酸乙二酯製板、片及扁條,墨西哥,出口總值(含復出口),108,93588
2020-1,39206210,聚對苯二甲酸乙二酯製板、片及扁條,澳大利亞,出口總值(含復出口),616,450133
2020-1,39209991,其他塑膠板、片及扁條，非多孔性及未經以其他物質加強、積層、支持或與其他物質類似結合者,中國大陸,進口總值(含復進口),601,134588
2020-1,39209991,其他塑膠板、片及扁條，非多孔性及未經以其他物質加強、積層、支持或與其他物質類似結合者,日本,進口總值(含復進口),40,24538
2020-1,39209991,其他塑膠板、片及扁條，非多孔性及未經以其他物質加強、積層、支持或與其他物質類似結合者,南韓,進口總值(含復進口),269,42819
2020-1,39209991,其他塑膠板、片及扁條，非多孔性及未經以其他物質加強、積層、支持或與其他物質類似結合者,美國,進口總值(含復進口),415,3275
2020-1,39209991,其他塑膠板、片及扁條，非多孔性及未經以其他物質加強、積層、支持或與其他物質類似結合者,英國,進口總值(含復進口),42,6
2020-1,39209991,其他塑膠板、片及扁條，非多孔性及未經以其他物質加強、積層、支持或與其他物質類似結合者,馬來西亞,進口總值(含復進口),9,85
2020-1,39209991,其他塑膠板、片及扁條，非多孔性及未經以其他物質加強、積層、支持或與其他物質類似結合者,奧地利,進口總值(含復進口),47,47
2020-1,39209991,其他塑膠板、片及扁條，非多孔性及未經以其他物質加強、積層、支持或與其他物質類似結合者,瑞典,進口總值(含復進口),6,1040
2020-1,39209991,其他塑膠板、片及扁條，非多孔性及未經以其他物質加強、積層、支持或與其他物質類似結合者,義大利,進口總值(含復進口),52,1507
2020-1,39209991,其他塑膠板、片及扁條，非多孔性及未經以其他物質加強、積層、支持或與其他物質類似結合者,德國,進口總值(含復進口),26,2141
2020-1,39209991,其他塑膠板、片及扁條，非多孔性及未經以其他物質加強、積層、支持或與其他物質類似結合者,中國大陸,出口總值(含復出口),1518,143285
2020-1,39209991,其他塑膠板、片及扁條，非多孔性及未經以其他物質加強、積層、支持或與其他物質類似結合者,日本,出口總值(含復出口),88,1001
2020-1,39209991,其他塑膠板、片及扁條，非多孔性及未經以其他物質加強、積層、支持或與其他物質類似結合者,奈及利亞,出口總值(含復出口),26,1260
2020-1,39209991,其他塑膠板、片及扁條，非多孔性及未經以其他物質加強、積層、支持或與其他物質類似結合者,南韓,出口總值(含復出口),5,1104
2020-1,39209991,其他塑膠板、片及扁條，非多孔性及未經以其他物質加強、積層、支持或與其他物質類似結合者,科威特,出口總值(含復出口),121,32530
2020-1,39209991,其他塑膠板、片及扁條，非多孔性及未經以其他物質加強、積層、支持或與其他物質類似結合者,美國,出口總值(含復出口),326,3246
2020-1,39209991,其他塑膠板、片及扁條，非多孔性及未經以其他物質加強、積層、支持或與其他物質類似結合者,英國,出口總值(含復出口),2,66
2020-1,39209991,其他塑膠板、片及扁條，非多孔性及未經以其他物質加強、積層、支持或與其他物質類似結合者,香港,出口總值(含復出口),15,259
2020-1,39209991,其他塑膠板、片及扁條，非多孔性及未經以其他物質加強、積層、支持或與其他物質類似結合者,泰國,出口總值(含復出口),12,2295
2020-1,39209991,其他塑膠板、片及扁條，非多孔性及未經以其他物質加強、積層、支持或與其他物質類似結合者,馬來西亞,出口總值(含復出口),40,15885
2020-1,39209991,其他塑膠板、片及扁條，非多孔性及未經以其他物質加強、積層、支持或與其他物質類似結合者,荷蘭,出口總值(含復出口),1,24
2020-1,39209991,其他塑膠板、片及扁條，非多孔性及未經以其他物質加強、積層、支持或與其他物質類似結合者,越南,出口總值(含復出口),42,12649
2020-1,39209991,其他塑膠板、片及扁條，非多孔性及未經以其他物質加強、積層、支持或與其他物質類似結合者,新加坡,出口總值(含復出口),2,40
2020-1,39209991,其他塑膠板、片及扁條，非多孔性及未經以其他物質加強、積層、支持或與其他物質類似結合者,澳大利亞,出口總值(含復出口),25,10995
2020-2,39199020,供製造半導體晶圓用之自黏性圓形研磨墊，屬塑膠製品者,中國大陸,進口總值(含復進口),5,31
2020-2,39199020,供製造半導體晶圓用之自黏性圓形研磨墊，屬塑膠製品者,日本,進口總值(含復進口),650,2945
2020-2,39199020,供製造半導體晶圓用之自黏性圓形研磨墊，屬塑膠製品者,南韓,進口總值(含復進口),5,21
2020-2,39199020,供製造半導體晶圓用之自黏性圓形研磨墊，屬塑膠製品者,美國,進口總值(含復進口),2318,6334
2020-2,39199020,供製造半導體晶圓用之自黏性圓形研磨墊，屬塑膠製品者,中國大陸,出口總值(含復出口),6597,22844
2020-2,39199020,供製造半導體晶圓用之自黏性圓形研磨墊，屬塑膠製品者,巴西,出口總值(含復出口),3,5
2020-2,39199020,供製造半導體晶圓用之自黏性圓形研磨墊，屬塑膠製品者,日本,出口總值(含復出口),304,1067
2020-2,39199020,供製造半導體晶圓用之自黏性圓形研磨墊，屬塑膠製品者,南韓,出口總值(含復出口),3817,29348
2020-2,39199020,供製造半導體晶圓用之自黏性圓形研磨墊，屬塑膠製品者,美國,出口總值(含復出口),138,1129
2020-2,39199020,供製造半導體晶圓用之自黏性圓形研磨墊，屬塑膠製品者,馬來西亞,出口總值(含復出口),61,264
2020-2,39199020,供製造半導體晶圓用之自黏性圓形研磨墊，屬塑膠製品者,越南,出口總值(含復出口),2,11
2020-2,39199020,供製造半導體晶圓用之自黏性圓形研磨墊，屬塑膠製品者,新加坡,出口總值(含復出口),847,4153
2020-2,39201010,聚乙烯塑膠板、片及扁條,中國大陸,進口總值(含復進口),342,124974
2020-2,39201010,聚乙烯塑膠板、片及扁條,中華民國,進口總值(含復進口),2,3686
2020-2,39201010,聚乙烯塑膠板、片及扁條,日本,進口總值(含復進口),313,30792
2020-2,39201010,聚乙烯塑膠板、片及扁條,印度,進口總值(含復進口),3,954
2020-2,39201010,聚乙烯塑膠板、片及扁條,西班牙,進口總值(含復進口),19,15650
2020-2,39201010,聚乙烯塑膠板、片及扁條,南韓,進口總值(含復進口),38,6926
2020-2,39201010,聚乙烯塑膠板、片及扁條,美國,進口總值(含復進口),4,376
2020-2,39201010,聚乙烯塑膠板、片及扁條,馬來西亞,進口總值(含復進口),14,6486
2020-2,39201010,聚乙烯塑膠板、片及扁條,新加坡,進口總值(含復進口),4,610
2020-2,39201010,聚乙烯塑膠板、片及扁條,義大利,進口總值(含復進口),16,7984
2020-2,39201010,聚乙烯塑膠板、片及扁條,德國,進口總值(含復進口),2,275
2020-2,39201010,聚乙烯塑膠板、片及扁條,中國大陸,出口總值(含復出口),188,43913
2020-2,39201010,聚乙烯塑膠板、片及扁條,巴基斯坦,出口總值(含復出口),5,4660
2020-2,39201010,聚乙烯塑膠板、片及扁條,日本,出口總值(含復出口),255,76277
2020-2,39201010,聚乙烯塑膠板、片及扁條,印尼,出口總值(含復出口),19,8720
2020-2,39201010,聚乙烯塑膠板、片及扁條,波蘭,出口總值(含復出口),5,23
2020-2,39201010,聚乙烯塑膠板、片及扁條,俄羅斯,出口總值(含復出口),3,125
2020-2,39201010,聚乙烯塑膠板、片及扁條,柬埔寨,出口總值(含復出口),4,2330
2020-2,39201010,聚乙烯塑膠板、片及扁條,美國,出口總值(含復出口),74,24652
2020-2,39201010,聚乙烯塑膠板、片及扁條,香港,出口總值(含復出口),51,19252
2020-2,39201010,聚乙烯塑膠板、片及扁條,泰國,出口總值(含復出口),396,102172
2020-2,39201010,聚乙烯塑膠板、片及扁條,馬來西亞,出口總值(含復出口),137,64454
2020-2,39201010,聚乙烯塑膠板、片及扁條,菲律賓,出口總值(含復出口),59,13647
2020-2,39201010,聚乙烯塑膠板、片及扁條,越南,出口總值(含復出口),44,9754
2020-2,39201010,聚乙烯塑膠板、片及扁條,新加坡,出口總值(含復出口),30,16950
2020-2,39201010,聚乙烯塑膠板、片及扁條,德國,出口總值(含復出口),10,35
2020-2,39201010,聚乙烯塑膠板、片及扁條,墨西哥,出口總值(含復出口),32,2638
2020-2,39201010,聚乙烯塑膠板、片及扁條,澳大利亞,出口總值(含復出口),5,378
2020-2,39205110,聚甲基丙烯酸甲酯板、片及扁條,中國大陸,進口總值(含復進口),19,1345
2020-2,39205110,聚甲基丙烯酸甲酯板、片及扁條,日本,進口總值(含復進口),88,26878
2020-2,39205110,聚甲基丙烯酸甲酯板、片及扁條,南韓,進口總值(含復進口),1265,513085
2020-2,39205110,聚甲基丙烯酸甲酯板、片及扁條,美國,進口總值(含復進口),113,22856
2020-2,39205110,聚甲基丙烯酸甲酯板、片及扁條,義大利,進口總值(含復進口),4,140
2020-2,39205110,聚甲基丙烯酸甲酯板、片及扁條,德國,進口總值(含復進口),4,314
2020-2,39205110,聚甲基丙烯酸甲酯板、片及扁條,中國大陸,出口總值(含復出口),4110,1477388
2020-2,39205110,聚甲基丙烯酸甲酯板、片及扁條,巴西,出口總值(含復出口),2,179
2020-2,39205110,聚甲基丙烯酸甲酯板、片及扁條,日本,出口總值(含復出口),423,100366
2020-2,39205110,聚甲基丙烯酸甲酯板、片及扁條,尼加拉瓜,出口總值(含復出口),68,25571
2020-2,39205110,聚甲基丙烯酸甲酯板、片及扁條,伊朗,出口總值(含復出口),85,31316
2020-2,39205110,聚甲基丙烯酸甲酯板、片及扁條,印度,出口總值(含復出口),33,20580
2020-2,39205110,聚甲基丙烯酸甲酯板、片及扁條,多明尼加,出口總值(含復出口),21,7105
2020-2,39205110,聚甲基丙烯酸甲酯板、片及扁條,沙烏地阿拉伯,出口總值(含復出口),44,16343
2020-2,39205110,聚甲基丙烯酸甲酯板、片及扁條,奈及利亞,出口總值(含復出口),52,21990
2020-2,39205110,聚甲基丙烯酸甲酯板、片及扁條,肯亞,出口總值(含復出口),29,10784
2020-2,39205110,聚甲基丙烯酸甲酯板、片及扁條,芬蘭,出口總值(含復出口),43,13275
2020-2,39205110,聚甲基丙烯酸甲酯板、片及扁條,阿拉伯聯合大公國,出口總值(含復出口),784,290590
2020-2,39205110,聚甲基丙烯酸甲酯板、片及扁條,阿曼,出口總值(含復出口),45,17064
2020-2,39205110,聚甲基丙烯酸甲酯板、片及扁條,南韓,出口總值(含復出口),161,53020
2020-2,39205110,聚甲基丙烯酸甲酯板、片及扁條,科威特,出口總值(含復出口),47,17765
2020-2,39205110,聚甲基丙烯酸甲酯板、片及扁條,美國,出口總值(含復出口),1441,496568
2020-2,39205110,聚甲基丙烯酸甲酯板、片及扁條,香港,出口總值(含復出口),146,40344
2020-2,39205110,聚甲基丙烯酸甲酯板、片及扁條,哥倫比亞,出口總值(含復出口),2,38
2020-2,39205110,聚甲基丙烯酸甲酯板、片及扁條,哥斯大黎加,出口總值(含復出口),5,1195
2020-2,39205110,聚甲基丙烯酸甲酯板、片及扁條,馬來西亞,出口總值(含復出口),209,89187
2020-2,39205110,聚甲基丙烯酸甲酯板、片及扁條,越南,出口總值(含復出口),168,48113
2020-2,39205110,聚甲基丙烯酸甲酯板、片及扁條,新加坡,出口總值(含復出口),226,80848
2020-2,39205110,聚甲基丙烯酸甲酯板、片及扁條,墨西哥,出口總值(含復出口),56,20581
2020-2,39205110,聚甲基丙烯酸甲酯板、片及扁條,澳大利亞,出口總值(含復出口),122,41538
2020-2,39206210,聚對苯二甲酸乙二酯製板、片及扁條,中國大陸,進口總值(含復進口),313,69127
2020-2,39206210,聚對苯二甲酸乙二酯製板、片及扁條,日本,進口總值(含復進口),82,9434
2020-2,39206210,聚對苯二甲酸乙二酯製板、片及扁條,印度,進口總值(含復進口),9,4020
2020-2,39206210,聚對苯二甲酸乙二酯製板、片及扁條,南韓,進口總值(含復進口),607,173201
2020-2,39206210,聚對苯二甲酸乙二酯製板、片及扁條,美國,進口總值(含復進口),11,423
2020-2,39206210,聚對苯二甲酸乙二酯製板、片及扁條,泰國,進口總值(含復進口),15,10192
2020-2,39206210,聚對苯二甲酸乙二酯製板、片及扁條,菲律賓,進口總值(含復進口),0,7
2020-2,39206210,聚對苯二甲酸乙二酯製板、片及扁條,義大利,進口總值(含復進口),5,662
2020-2,39206210,聚對苯二甲酸乙二酯製板、片及扁條,德國,進口總值(含復進口),0,25
2020-2,39206210,聚對苯二甲酸乙二酯製板、片及扁條,中國大陸,出口總值(含復出口),6014,1066045
2020-2,39206210,聚對苯二甲酸乙二酯製板、片及扁條,日本,出口總值(含復出口),1093,670255
2020-2,39206210,聚對苯二甲酸乙二酯製板、片及扁條,加拿大,出口總值(含復出口),133,104148
2020-2,39206210,聚對苯二甲酸乙二酯製板、片及扁條,印尼,出口總值(含復出口),172,116520
2020-2,39206210,聚對苯二甲酸乙二酯製板、片及扁條,印度,出口總值(含復出口),117,105567
2020-2,39206210,聚對苯二甲酸乙二酯製板、片及扁條,多明尼加,出口總值(含復出口),3,1258
2020-2,39206210,聚對苯二甲酸乙二酯製板、片及扁條,汶萊,出口總值(含復出口),21,18000
2020-2,39206210,聚對苯二甲酸乙二酯製板、片及扁條,阿拉伯聯合大公國,出口總值(含復出口),6,600
2020-2,39206210,聚對苯二甲酸乙二酯製板、片及扁條,美國,出口總值(含復出口),640,448114
2020-2,39206210,聚對苯二甲酸乙二酯製板、片及扁條,香港,出口總值(含復出口),202,20658
2020-2,39206210,聚對苯二甲酸乙二酯製板、片及扁條,泰國,出口總值(含復出口),253,122220
2020-2,39206210,聚對苯二甲酸乙二酯製板、片及扁條,紐西蘭,出口總值(含復出口),79,58241
2020-2,39206210,聚對苯二甲酸乙二酯製板、片及扁條,馬來西亞,出口總值(含復出口),467,236277
2020-2,39206210,聚對苯二甲酸乙二酯製板、片及扁條,荷蘭,出口總值(含復出口),47,41672
2020-2,39206210,聚對苯二甲酸乙二酯製板、片及扁條,斯里蘭卡,出口總值(含復出口),45,31200
2020-2,39206210,聚對苯二甲酸乙二酯製板、片及扁條,菲律賓,出口總值(含復出口),83,51670
2020-2,39206210,聚對苯二甲酸乙二酯製板、片及扁條,越南,出口總值(含復出口),50,29388
2020-2,39206210,聚對苯二甲酸乙二酯製板、片及扁條,新加坡,出口總值(含復出口),2,63
2020-2,39206210,聚對苯二甲酸乙二酯製板、片及扁條,德國,出口總值(含復出口),11,7440
2020-2,39206210,聚對苯二甲酸乙二酯製板、片及扁條,緬甸,出口總值(含復出口),15,47300
2020-2,39206210,聚對苯二甲酸乙二酯製板、片及扁條,澳大利亞,出口總值(含復出口),689,524147
2020-2,39209991,其他塑膠板、片及扁條，非多孔性及未經以其他物質加強、積層、支持或與其他物質類似結合者,中國大陸,進口總值(含復進口),179,46218
2020-2,39209991,其他塑膠板、片及扁條，非多孔性及未經以其他物質加強、積層、支持或與其他物質類似結合者,日本,進口總值(含復進口),49,5656
2020-2,39209991,其他塑膠板、片及扁條，非多孔性及未經以其他物質加強、積層、支持或與其他物質類似結合者,加拿大,進口總值(含復進口),0,5
2020-2,39209991,其他塑膠板、片及扁條，非多孔性及未經以其他物質加強、積層、支持或與其他物質類似結合者,南韓,進口總值(含復進口),339,93203
2020-2,39209991,其他塑膠板、片及扁條，非多孔性及未經以其他物質加強、積層、支持或與其他物質類似結合者,美國,進口總值(含復進口),263,1509
2020-2,39209991,其他塑膠板、片及扁條，非多孔性及未經以其他物質加強、積層、支持或與其他物質類似結合者,英國,進口總值(含復進口),25,3952
2020-2,39209991,其他塑膠板、片及扁條，非多孔性及未經以其他物質加強、積層、支持或與其他物質類似結合者,泰國,進口總值(含復進口),0,4
2020-2,39209991,其他塑膠板、片及扁條，非多孔性及未經以其他物質加強、積層、支持或與其他物質類似結合者,馬來西亞,進口總值(含復進口),5,51
2020-2,39209991,其他塑膠板、片及扁條，非多孔性及未經以其他物質加強、積層、支持或與其他物質類似結合者,奧地利,進口總值(含復進口),115,115
2020-2,39209991,其他塑膠板、片及扁條，非多孔性及未經以其他物質加強、積層、支持或與其他物質類似結合者,新加坡,進口總值(含復進口),0,128
2020-2,39209991,其他塑膠板、片及扁條，非多孔性及未經以其他物質加強、積層、支持或與其他物質類似結合者,義大利,進口總值(含復進口),39,881
2020-2,39209991,其他塑膠板、片及扁條，非多孔性及未經以其他物質加強、積層、支持或與其他物質類似結合者,德國,進口總值(含復進口),116,2420
2020-2,39209991,其他塑膠板、片及扁條，非多孔性及未經以其他物質加強、積層、支持或與其他物質類似結合者,中國大陸,出口總值(含復出口),1528,141440
2020-2,39209991,其他塑膠板、片及扁條，非多孔性及未經以其他物質加強、積層、支持或與其他物質類似結合者,日本,出口總值(含復出口),100,1151
2020-2,39209991,其他塑膠板、片及扁條，非多孔性及未經以其他物質加強、積層、支持或與其他物質類似結合者,加拿大,出口總值(含復出口),43,25260
2020-2,39209991,其他塑膠板、片及扁條，非多孔性及未經以其他物質加強、積層、支持或與其他物質類似結合者,奈及利亞,出口總值(含復出口),6,446
2020-2,39209991,其他塑膠板、片及扁條，非多孔性及未經以其他物質加強、積層、支持或與其他物質類似結合者,俄羅斯,出口總值(含復出口),0,20
2020-2,39209991,其他塑膠板、片及扁條，非多孔性及未經以其他物質加強、積層、支持或與其他物質類似結合者,柬埔寨,出口總值(含復出口),1,50
2020-2,39209991,其他塑膠板、片及扁條，非多孔性及未經以其他物質加強、積層、支持或與其他物質類似結合者,科威特,出口總值(含復出口),32,8706
2020-2,39209991,其他塑膠板、片及扁條，非多孔性及未經以其他物質加強、積層、支持或與其他物質類似結合者,美國,出口總值(含復出口),138,2467
2020-2,39209991,其他塑膠板、片及扁條，非多孔性及未經以其他物質加強、積層、支持或與其他物質類似結合者,泰國,出口總值(含復出口),2,50
2020-2,39209991,其他塑膠板、片及扁條，非多孔性及未經以其他物質加強、積層、支持或與其他物質類似結合者,越南,出口總值(含復出口),33,5372
2020-2,39209991,其他塑膠板、片及扁條，非多孔性及未經以其他物質加強、積層、支持或與其他物質類似結合者,愛爾蘭,出口總值(含復出口),0,2
2020-2,39209991,其他塑膠板、片及扁條，非多孔性及未經以其他物質加強、積層、支持或與其他物質類似結合者,新加坡,出口總值(含復出口),12,275
2020-2,39209991,其他塑膠板、片及扁條，非多孔性及未經以其他物質加強、積層、支持或與其他物質類似結合者,德國,出口總值(含復出口),2,65
2020-2,39209991,其他塑膠板、片及扁條，非多孔性及未經以其他物質加強、積層、支持或與其他物質類似結合者,澳大利亞,出口總值(含復出口),9,3971
2020-3,39199020,供製造半導體晶圓用之自黏性圓形研磨墊，屬塑膠製品者,中國大陸,進口總值(含復進口),7,111
2020-3,39199020,供製造半導體晶圓用之自黏性圓形研磨墊，屬塑膠製品者,中華民國,進口總值(含復進口),6,16
2020-3,39199020,供製造半導體晶圓用之自黏性圓形研磨墊，屬塑膠製品者,日本,進口總值(含復進口),1283,6264
2020-3,39199020,供製造半導體晶圓用之自黏性圓形研磨墊，屬塑膠製品者,南韓,進口總值(含復進口),1,26
2020-3,39199020,供製造半導體晶圓用之自黏性圓形研磨墊，屬塑膠製品者,美國,進口總值(含復進口),2274,6567
2020-3,39199020,供製造半導體晶圓用之自黏性圓形研磨墊，屬塑膠製品者,中國大陸,出口總值(含復出口),5837,19291
2020-3,39199020,供製造半導體晶圓用之自黏性圓形研磨墊，屬塑膠製品者,日本,出口總值(含復出口),371,1231
2020-3,39199020,供製造半導體晶圓用之自黏性圓形研磨墊，屬塑膠製品者,印度,出口總值(含復出口),4,40
2020-3,39199020,供製造半導體晶圓用之自黏性圓形研磨墊，屬塑膠製品者,南韓,出口總值(含復出口),4498,33949
2020-3,39199020,供製造半導體晶圓用之自黏性圓形研磨墊，屬塑膠製品者,美國,出口總值(含復出口),268,2019
2020-3,39199020,供製造半導體晶圓用之自黏性圓形研磨墊，屬塑膠製品者,馬來西亞,出口總值(含復出口),23,109
2020-3,39199020,供製造半導體晶圓用之自黏性圓形研磨墊，屬塑膠製品者,新加坡,出口總值(含復出口),540,2447
2020-3,39201010,聚乙烯塑膠板、片及扁條,中國大陸,進口總值(含復進口),878,324595
2020-3,39201010,聚乙烯塑膠板、片及扁條,中華民國,進口總值(含復進口),37,8541
2020-3,39201010,聚乙烯塑膠板、片及扁條,日本,進口總值(含復進口),290,27017
2020-3,39201010,聚乙烯塑膠板、片及扁條,比利時,進口總值(含復進口),50,4800
2020-3,39201010,聚乙烯塑膠板、片及扁條,加拿大,進口總值(含復進口),1,51
2020-3,39201010,聚乙烯塑膠板、片及扁條,印度,進口總值(含復進口),15,4605
2020-3,39201010,聚乙烯塑膠板、片及扁條,西班牙,進口總值(含復進口),11,3224
2020-3,39201010,聚乙烯塑膠板、片及扁條,南韓,進口總值(含復進口),42,10871
2020-3,39201010,聚乙烯塑膠板、片及扁條,美國,進口總值(含復進口),23,996
2020-3,39201010,聚乙烯塑膠板、片及扁條,泰國,進口總值(含復進口),35,4792
2020-3,39201010,聚乙烯塑膠板、片及扁條,馬來西亞,進口總值(含復進口),14,6725
2020-3,39201010,聚乙烯塑膠板、片及扁條,捷克,進口總值(含復進口),6,736
2020-3,39201010,聚乙烯塑膠板、片及扁條,新加坡,進口總值(含復進口),10,4435
2020-3,39201010,聚乙烯塑膠板、片及扁條,德國,進口總值(含復進口),99,23538
2020-3,39201010,聚乙烯塑膠板、片及扁條,中國大陸,出口總值(含復出口),220,54096
2020-3,39201010,聚乙烯塑膠板、片及扁條,巴林,出口總值(含復出口),8,1333
2020-3,39201010,聚乙烯塑膠板、片及扁條,巴基斯坦,出口總值(含復出口),12,12870
2020-3,39201010,聚乙烯塑膠板、片及扁條,日本,出口總值(含復出口),238,58096
2020-3,39201010,聚乙烯塑膠板、片及扁條,印尼,出口總值(含復出口),23,8119
2020-3,39201010,聚乙烯塑膠板、片及扁條,孟加拉,出口總值(含復出口),5,2400
2020-3,39201010,聚乙烯塑膠板、片及扁條,阿曼,出口總值(含復出口),6,3000
2020-3,39201010,聚乙烯塑膠板、片及扁條,柬埔寨,出口總值(含復出口),30,7819
2020-3,39201010,聚乙烯塑膠板、片及扁條,美國,出口總值(含復出口),115,25068
2020-3,39201010,聚乙烯塑膠板、片及扁條,香港,出口總值(含復出口),55,34436
2020-3,39201010,聚乙烯塑膠板、片及扁條,泰國,出口總值(含復出口),252,77271
2020-3,39201010,聚乙烯塑膠板、片及扁條,秘魯,出口總值(含復出口),0,1
2020-3,39201010,聚乙烯塑膠板、片及扁條,紐西蘭,出口總值(含復出口),2,960
2020-3,39201010,聚乙烯塑膠板、片及扁條,馬來西亞,出口總值(含復出口),110,92043
2020-3,39201010,聚乙烯塑膠板、片及扁條,斯里蘭卡,出口總值(含復出口),2,1200
2020-3,39201010,聚乙烯塑膠板、片及扁條,菲律賓,出口總值(含復出口),91,43031
2020-3,39201010,聚乙烯塑膠板、片及扁條,越南,出口總值(含復出口),59,19570
2020-3,39201010,聚乙烯塑膠板、片及扁條,新加坡,出口總值(含復出口),6,2926
2020-3,39201010,聚乙烯塑膠板、片及扁條,德國,出口總值(含復出口),22,2037
2020-3,39201010,聚乙烯塑膠板、片及扁條,緬甸,出口總值(含復出口),6,146
2020-3,39201010,聚乙烯塑膠板、片及扁條,澳大利亞,出口總值(含復出口),7,988
2020-3,39201010,聚乙烯塑膠板、片及扁條,關島,出口總值(含復出口),0,1
2020-3,39202021,電容器用金屬化聚丙烯薄膜，留有未鍍邊，總寬度不超過１００公厘，總厚度在０．０１５公厘以上，０．０２５公厘以下者,中國大陸,進口總值(含復進口),56,2981
2020-3,39202021,電容器用金屬化聚丙烯薄膜，留有未鍍邊，總寬度不超過１００公厘，總厚度在０．０１５公厘以上，０．０２５公厘以下者,南韓,進口總值(含復進口),4,208
2020-3,39205110,聚甲基丙烯酸甲酯板、片及扁條,中國大陸,進口總值(含復進口),140,42834
2020-3,39205110,聚甲基丙烯酸甲酯板、片及扁條,中華民國,進口總值(含復進口),10,2855
2020-3,39205110,聚甲基丙烯酸甲酯板、片及扁條,日本,進口總值(含復進口),230,41839
2020-3,39205110,聚甲基丙烯酸甲酯板、片及扁條,南韓,進口總值(含復進口),1281,537042
2020-3,39205110,聚甲基丙烯酸甲酯板、片及扁條,美國,進口總值(含復進口),1,14
2020-3,39205110,聚甲基丙烯酸甲酯板、片及扁條,德國,進口總值(含復進口),4,284
2020-3,39205110,聚甲基丙烯酸甲酯板、片及扁條,中國大陸,出口總值(含復出口),5361,1839141
2020-3,39205110,聚甲基丙烯酸甲酯板、片及扁條,巴西,出口總值(含復出口),76,25297
2020-3,39205110,聚甲基丙烯酸甲酯板、片及扁條,日本,出口總值(含復出口),413,96808
2020-3,39205110,聚甲基丙烯酸甲酯板、片及扁條,加拿大,出口總值(含復出口),0,7
2020-3,39205110,聚甲基丙烯酸甲酯板、片及扁條,卡達,出口總值(含復出口),207,81338
2020-3,39205110,聚甲基丙烯酸甲酯板、片及扁條,伊朗,出口總值(含復出口),333,125283
2020-3,39205110,聚甲基丙烯酸甲酯板、片及扁條,印尼,出口總值(含復出口),27,4069
2020-3,39205110,聚甲基丙烯酸甲酯板、片及扁條,印度,出口總值(含復出口),264,156909
2020-3,39205110,聚甲基丙烯酸甲酯板、片及扁條,宏都拉斯,出口總值(含復出口),31,10381
2020-3,39205110,聚甲基丙烯酸甲酯板、片及扁條,沙烏地阿拉伯,出口總值(含復出口),360,140223
2020-3,39205110,聚甲基丙烯酸甲酯板、片及扁條,坦尚尼亞,出口總值(含復出口),41,16692
2020-3,39205110,聚甲基丙烯酸甲酯板、片及扁條,奈及利亞,出口總值(含復出口),51,24965
2020-3,39205110,聚甲基丙烯酸甲酯板、片及扁條,波多黎各,出口總值(含復出口),56,19405
2020-3,39205110,聚甲基丙烯酸甲酯板、片及扁條,肯亞,出口總值(含復出口),37,14884
2020-3,39205110,聚甲基丙烯酸甲酯板、片及扁條,芬蘭,出口總值(含復出口),82,26745
2020-3,39205110,聚甲基丙烯酸甲酯板、片及扁條,阿拉伯聯合大公國,出口總值(含復出口),1445,531365
2020-3,39205110,聚甲基丙烯酸甲酯板、片及扁條,阿曼,出口總值(含復出口),43,16561
2020-3,39205110,聚甲基丙烯酸甲酯板、片及扁條,南非,出口總值(含復出口),85,22970
2020-3,39205110,聚甲基丙烯酸甲酯板、片及扁條,南韓,出口總值(含復出口),151,52232
2020-3,39205110,聚甲基丙烯酸甲酯板、片及扁條,科威特,出口總值(含復出口),138,54284
2020-3,39205110,聚甲基丙烯酸甲酯板、片及扁條,美國,出口總值(含復出口),1528,561607
2020-3,39205110,聚甲基丙烯酸甲酯板、片及扁條,香港,出口總值(含復出口),611,173160
2020-3,39205110,聚甲基丙烯酸甲酯板、片及扁條,埃及,出口總值(含復出口),36,9199
2020-3,39205110,聚甲基丙烯酸甲酯板、片及扁條,紐西蘭,出口總值(含復出口),5,289
2020-3,39205110,聚甲基丙烯酸甲酯板、片及扁條,馬來西亞,出口總值(含復出口),82,38377
2020-3,39205110,聚甲基丙烯酸甲酯板、片及扁條,越南,出口總值(含復出口),196,49534
2020-3,39205110,聚甲基丙烯酸甲酯板、片及扁條,新加坡,出口總值(含復出口),316,112709
2020-3,39205110,聚甲基丙烯酸甲酯板、片及扁條,德國,出口總值(含復出口),38,5490
2020-3,39205110,聚甲基丙烯酸甲酯板、片及扁條,黎巴嫩,出口總值(含復出口),52,16604
2020-3,39205110,聚甲基丙烯酸甲酯板、片及扁條,澳大利亞,出口總值(含復出口),44,15052
2020-3,39205110,聚甲基丙烯酸甲酯板、片及扁條,賽普勒斯,出口總值(含復出口),31,9739
2020-3,39205110,聚甲基丙烯酸甲酯板、片及扁條,薩爾瓦多,出口總值(含復出口),61,23771
2020-3,39206210,聚對苯二甲酸乙二酯製板、片及扁條,中國大陸,進口總值(含復進口),1237,387300
2020-3,39206210,聚對苯二甲酸乙二酯製板、片及扁條,日本,進口總值(含復進口),200,20807
2020-3,39206210,聚對苯二甲酸乙二酯製板、片及扁條,印度,進口總值(含復進口),16,6935
2020-3,39206210,聚對苯二甲酸乙二酯製板、片及扁條,南韓,進口總值(含復進口),586,188080
2020-3,39206210,聚對苯二甲酸乙二酯製板、片及扁條,泰國,進口總值(含復進口),30,20561
2020-3,39206210,聚對苯二甲酸乙二酯製板、片及扁條,菲律賓,進口總值(含復進口),0,13
2020-3,39206210,聚對苯二甲酸乙二酯製板、片及扁條,奧地利,進口總值(含復進口),2,18
2020-3,39206210,聚對苯二甲酸乙二酯製板、片及扁條,義大利,進口總值(含復進口),25,10898
2020-3,39206210,聚對苯二甲酸乙二酯製板、片及扁條,德國,進口總值(含復進口),0,0
2020-3,39206210,聚對苯二甲酸乙二酯製板、片及扁條,中國大陸,出口總值(含復出口),8018,1791008
2020-3,39206210,聚對苯二甲酸乙二酯製板、片及扁條,日本,出口總值(含復出口),1642,962052
2020-3,39206210,聚對苯二甲酸乙二酯製板、片及扁條,比利時,出口總值(含復出口),18,1192
2020-3,39206210,聚對苯二甲酸乙二酯製板、片及扁條,加拿大,出口總值(含復出口),212,167034
2020-3,39206210,聚對苯二甲酸乙二酯製板、片及扁條,印尼,出口總值(含復出口),472,336175
2020-3,39206210,聚對苯二甲酸乙二酯製板、片及扁條,印度,出口總值(含復出口),118,108749
2020-3,39206210,聚對苯二甲酸乙二酯製板、片及扁條,多明尼加,出口總值(含復出口),24,16200
2020-3,39206210,聚對苯二甲酸乙二酯製板、片及扁條,波蘭,出口總值(含復出口),6,555
2020-3,39206210,聚對苯二甲酸乙二酯製板、片及扁條,阿拉伯聯合大公國,出口總值(含復出口),7,875
2020-3,39206210,聚對苯二甲酸乙二酯製板、片及扁條,南非,出口總值(含復出口),12,10952
2020-3,39206210,聚對苯二甲酸乙二酯製板、片及扁條,南韓,出口總值(含復出口),4,28
2020-3,39206210,聚對苯二甲酸乙二酯製板、片及扁條,美國,出口總值(含復出口),585,435392
2020-3,39206210,聚對苯二甲酸乙二酯製板、片及扁條,香港,出口總值(含復出口),287,29259
2020-3,39206210,聚對苯二甲酸乙二酯製板、片及扁條,哥倫比亞,出口總值(含復出口),14,12100
2020-3,39206210,聚對苯二甲酸乙二酯製板、片及扁條,哥斯大黎加,出口總值(含復出口),25,18150
2020-3,39206210,聚對苯二甲酸乙二酯製板、片及扁條,泰國,出口總值(含復出口),123,59000
2020-3,39206210,聚對苯二甲酸乙二酯製板、片及扁條,紐西蘭,出口總值(含復出口),50,40766
2020-3,39206210,聚對苯二甲酸乙二酯製板、片及扁條,馬來西亞,出口總值(含復出口),308,159210
2020-3,39206210,聚對苯二甲酸乙二酯製板、片及扁條,荷蘭,出口總值(含復出口),41,22313
2020-3,39206210,聚對苯二甲酸乙二酯製板、片及扁條,斯里蘭卡,出口總值(含復出口),30,21100
2020-3,39206210,聚對苯二甲酸乙二酯製板、片及扁條,菲律賓,出口總值(含復出口),211,109098
2020-3,39206210,聚對苯二甲酸乙二酯製板、片及扁條,越南,出口總值(含復出口),21,16785
2020-3,39206210,聚對苯二甲酸乙二酯製板、片及扁條,新加坡,出口總值(含復出口),40,17391
2020-3,39206210,聚對苯二甲酸乙二酯製板、片及扁條,澳大利亞,出口總值(含復出口),638,505125
2020-3,39206210,聚對苯二甲酸乙二酯製板、片及扁條,羅馬尼亞,出口總值(含復出口),18,5644
2020-3,39209991,其他塑膠板、片及扁條，非多孔性及未經以其他物質加強、積層、支持或與其他物質類似結合者,中國大陸,進口總值(含復進口),683,137168
2020-3,39209991,其他塑膠板、片及扁條，非多孔性及未經以其他物質加強、積層、支持或與其他物質類似結合者,中華民國,進口總值(含復進口),2,27
2020-3,39209991,其他塑膠板、片及扁條，非多孔性及未經以其他物質加強、積層、支持或與其他物質類似結合者,日本,進口總值(含復進口),85,10289
2020-3,39209991,其他塑膠板、片及扁條，非多孔性及未經以其他物質加強、積層、支持或與其他物質類似結合者,南韓,進口總值(含復進口),261,66641
2020-3,39209991,其他塑膠板、片及扁條，非多孔性及未經以其他物質加強、積層、支持或與其他物質類似結合者,美國,進口總值(含復進口),423,2460
2020-3,39209991,其他塑膠板、片及扁條，非多孔性及未經以其他物質加強、積層、支持或與其他物質類似結合者,英國,進口總值(含復進口),2,957
2020-3,39209991,其他塑膠板、片及扁條，非多孔性及未經以其他物質加強、積層、支持或與其他物質類似結合者,馬來西亞,進口總值(含復進口),16,2162
2020-3,39209991,其他塑膠板、片及扁條，非多孔性及未經以其他物質加強、積層、支持或與其他物質類似結合者,新加坡,進口總值(含復進口),0,85
2020-3,39209991,其他塑膠板、片及扁條，非多孔性及未經以其他物質加強、積層、支持或與其他物質類似結合者,義大利,進口總值(含復進口),10,783
2020-3,39209991,其他塑膠板、片及扁條，非多孔性及未經以其他物質加強、積層、支持或與其他物質類似結合者,德國,進口總值(含復進口),60,1442
2020-3,39209991,其他塑膠板、片及扁條，非多孔性及未經以其他物質加強、積層、支持或與其他物質類似結合者,中國大陸,出口總值(含復出口),1968,187725
2020-3,39209991,其他塑膠板、片及扁條，非多孔性及未經以其他物質加強、積層、支持或與其他物質類似結合者,日本,出口總值(含復出口),64,701
2020-3,39209991,其他塑膠板、片及扁條，非多孔性及未經以其他物質加強、積層、支持或與其他物質類似結合者,加拿大,出口總值(含復出口),14,6188
2020-3,39209991,其他塑膠板、片及扁條，非多孔性及未經以其他物質加強、積層、支持或與其他物質類似結合者,阿拉伯聯合大公國,出口總值(含復出口),12,3000
2020-3,39209991,其他塑膠板、片及扁條，非多孔性及未經以其他物質加強、積層、支持或與其他物質類似結合者,科威特,出口總值(含復出口),122,32506
2020-3,39209991,其他塑膠板、片及扁條，非多孔性及未經以其他物質加強、積層、支持或與其他物質類似結合者,美國,出口總值(含復出口),287,7602
2020-3,39209991,其他塑膠板、片及扁條，非多孔性及未經以其他物質加強、積層、支持或與其他物質類似結合者,香港,出口總值(含復出口),14,83
2020-3,39209991,其他塑膠板、片及扁條，非多孔性及未經以其他物質加強、積層、支持或與其他物質類似結合者,泰國,出口總值(含復出口),59,14841
2020-3,39209991,其他塑膠板、片及扁條，非多孔性及未經以其他物質加強、積層、支持或與其他物質類似結合者,馬來西亞,出口總值(含復出口),73,28986
2020-3,39209991,其他塑膠板、片及扁條，非多孔性及未經以其他物質加強、積層、支持或與其他物質類似結合者,菲律賓,出口總值(含復出口),4,5
2020-3,39209991,其他塑膠板、片及扁條，非多孔性及未經以其他物質加強、積層、支持或與其他物質類似結合者,越南,出口總值(含復出口),42,7998
2020-3,39209991,其他塑膠板、片及扁條，非多孔性及未經以其他物質加強、積層、支持或與其他物質類似結合者,新加坡,出口總值(含復出口),29,2155
2020-3,39209991,其他塑膠板、片及扁條，非多孔性及未經以其他物質加強、積層、支持或與其他物質類似結合者,德國,出口總值(含復出口),7,1513
2020-3,39209991,其他塑膠板、片及扁條，非多孔性及未經以其他物質加強、積層、支持或與其他物質類似結合者,緬甸,出口總值(含復出口),11,10166
2020-3,39209991,其他塑膠板、片及扁條，非多孔性及未經以其他物質加強、積層、支持或與其他物質類似結合者,澳大利亞,出口總值(含復出口),3,1500
2020-4,39199020,供製造半導體晶圓用之自黏性圓形研磨墊，屬塑膠製品者,中國大陸,進口總值(含復進口),9,41
2020-4,39199020,供製造半導體晶圓用之自黏性圓形研磨墊，屬塑膠製品者,中華民國,進口總值(含復進口),0,0
2020-4,39199020,供製造半導體晶圓用之自黏性圓形研磨墊，屬塑膠製品者,日本,進口總值(含復進口),1461,7473
2020-4,39199020,供製造半導體晶圓用之自黏性圓形研磨墊，屬塑膠製品者,南韓,進口總值(含復進口),5,31
2020-4,39199020,供製造半導體晶圓用之自黏性圓形研磨墊，屬塑膠製品者,美國,進口總值(含復進口),2072,5686
2020-4,39199020,供製造半導體晶圓用之自黏性圓形研磨墊，屬塑膠製品者,中國大陸,出口總值(含復出口),4846,19907
2020-4,39199020,供製造半導體晶圓用之自黏性圓形研磨墊，屬塑膠製品者,日本,出口總值(含復出口),446,1464
2020-4,39199020,供製造半導體晶圓用之自黏性圓形研磨墊，屬塑膠製品者,南韓,出口總值(含復出口),3948,30144
2020-4,39199020,供製造半導體晶圓用之自黏性圓形研磨墊，屬塑膠製品者,美國,出口總值(含復出口),397,3057
2020-4,39199020,供製造半導體晶圓用之自黏性圓形研磨墊，屬塑膠製品者,馬來西亞,出口總值(含復出口),50,257
2020-4,39199020,供製造半導體晶圓用之自黏性圓形研磨墊，屬塑膠製品者,新加坡,出口總值(含復出口),785,3553
2020-4,39201010,聚乙烯塑膠板、片及扁條,中國大陸,進口總值(含復進口),596,264706
2020-4,39201010,聚乙烯塑膠板、片及扁條,中華民國,進口總值(含復進口),2,5523
2020-4,39201010,聚乙烯塑膠板、片及扁條,日本,進口總值(含復進口),334,47393
2020-4,39201010,聚乙烯塑膠板、片及扁條,印度,進口總值(含復進口),22,6508
2020-4,39201010,聚乙烯塑膠板、片及扁條,南韓,進口總值(含復進口),26,3960
2020-4,39201010,聚乙烯塑膠板、片及扁條,美國,進口總值(含復進口),28,1565
2020-4,39201010,聚乙烯塑膠板、片及扁條,泰國,進口總值(含復進口),6,237
2020-4,39201010,聚乙烯塑膠板、片及扁條,馬來西亞,進口總值(含復進口),95,40916
2020-4,39201010,聚乙烯塑膠板、片及扁條,捷克,進口總值(含復進口),1,71
2020-4,39201010,聚乙烯塑膠板、片及扁條,義大利,進口總值(含復進口),18,5273
2020-4,39201010,聚乙烯塑膠板、片及扁條,德國,進口總值(含復進口),4,20
2020-4,39201010,聚乙烯塑膠板、片及扁條,中國大陸,出口總值(含復出口),186,39273
2020-4,39201010,聚乙烯塑膠板、片及扁條,巴基斯坦,出口總值(含復出口),6,3535
2020-4,39201010,聚乙烯塑膠板、片及扁條,日本,出口總值(含復出口),254,43521
2020-4,39201010,聚乙烯塑膠板、片及扁條,以色列,出口總值(含復出口),0,2
2020-4,39201010,聚乙烯塑膠板、片及扁條,加拿大,出口總值(含復出口),20,2797
2020-4,39201010,聚乙烯塑膠板、片及扁條,印尼,出口總值(含復出口),6,2907
2020-4,39201010,聚乙烯塑膠板、片及扁條,法國,出口總值(含復出口),2,960
2020-4,39201010,聚乙烯塑膠板、片及扁條,柬埔寨,出口總值(含復出口),16,2657
2020-4,39201010,聚乙烯塑膠板、片及扁條,美國,出口總值(含復出口),194,48364
2020-4,39201010,聚乙烯塑膠板、片及扁條,香港,出口總值(含復出口),17,16802
2020-4,39201010,聚乙烯塑膠板、片及扁條,泰國,出口總值(含復出口),62,27217
2020-4,39201010,聚乙烯塑膠板、片及扁條,馬來西亞,出口總值(含復出口),56,25039
2020-4,39201010,聚乙烯塑膠板、片及扁條,智利,出口總值(含復出口),3,3000
2020-4,39201010,聚乙烯塑膠板、片及扁條,越南,出口總值(含復出口),40,10418
2020-4,39201010,聚乙烯塑膠板、片及扁條,新加坡,出口總值(含復出口),6,2926
2020-4,39201010,聚乙烯塑膠板、片及扁條,義大利,出口總值(含復出口),7,430
2020-4,39201010,聚乙烯塑膠板、片及扁條,德國,出口總值(含復出口),4,109
2020-4,39201010,聚乙烯塑膠板、片及扁條,澳大利亞,出口總值(含復出口),2,115
2020-4,39202021,電容器用金屬化聚丙烯薄膜，留有未鍍邊，總寬度不超過１００公厘，總厚度在０．０１５公厘以上，０．０２５公厘以下者,中國大陸,進口總值(含復進口),52,2094
2020-4,39205110,聚甲基丙烯酸甲酯板、片及扁條,土耳其,進口總值(含復進口),4,108
2020-4,39205110,聚甲基丙烯酸甲酯板、片及扁條,中國大陸,進口總值(含復進口),40,19914
2020-4,39205110,聚甲基丙烯酸甲酯板、片及扁條,中華民國,進口總值(含復進口),13,4700
2020-4,39205110,聚甲基丙烯酸甲酯板、片及扁條,日本,進口總值(含復進口),23,412
2020-4,39205110,聚甲基丙烯酸甲酯板、片及扁條,南韓,進口總值(含復進口),1681,673911
2020-4,39205110,聚甲基丙烯酸甲酯板、片及扁條,美國,進口總值(含復進口),186,36104
2020-4,39205110,聚甲基丙烯酸甲酯板、片及扁條,越南,進口總值(含復進口),2,32
2020-4,39205110,聚甲基丙烯酸甲酯板、片及扁條,義大利,進口總值(含復進口),0,1
2020-4,39205110,聚甲基丙烯酸甲酯板、片及扁條,德國,進口總值(含復進口),3,195
2020-4,39205110,聚甲基丙烯酸甲酯板、片及扁條,中國大陸,出口總值(含復出口),5390,1840869
2020-4,39205110,聚甲基丙烯酸甲酯板、片及扁條,巴西,出口總值(含復出口),65,25824
2020-4,39205110,聚甲基丙烯酸甲酯板、片及扁條,巴林,出口總值(含復出口),42,17064
2020-4,39205110,聚甲基丙烯酸甲酯板、片及扁條,日本,出口總值(含復出口),364,88078
2020-4,39205110,聚甲基丙烯酸甲酯板、片及扁條,加拿大,出口總值(含復出口),11,530
2020-4,39205110,聚甲基丙烯酸甲酯板、片及扁條,卡達,出口總值(含復出口),43,16815
2020-4,39205110,聚甲基丙烯酸甲酯板、片及扁條,印度,出口總值(含復出口),54,49142
2020-4,39205110,聚甲基丙烯酸甲酯板、片及扁條,多明尼加,出口總值(含復出口),12,4463
2020-4,39205110,聚甲基丙烯酸甲酯板、片及扁條,沙烏地阿拉伯,出口總值(含復出口),210,84012
2020-4,39205110,聚甲基丙烯酸甲酯板、片及扁條,阿拉伯聯合大公國,出口總值(含復出口),342,130974
2020-4,39205110,聚甲基丙烯酸甲酯板、片及扁條,阿曼,出口總值(含復出口),44,16932
2020-4,39205110,聚甲基丙烯酸甲酯板、片及扁條,南韓,出口總值(含復出口),105,26312
2020-4,39205110,聚甲基丙烯酸甲酯板、片及扁條,科威特,出口總值(含復出口),44,17209
2020-4,39205110,聚甲基丙烯酸甲酯板、片及扁條,美國,出口總值(含復出口),2077,725578
2020-4,39205110,聚甲基丙烯酸甲酯板、片及扁條,英國,出口總值(含復出口),21,4499
2020-4,39205110,聚甲基丙烯酸甲酯板、片及扁條,香港,出口總值(含復出口),289,88965
2020-4,39205110,聚甲基丙烯酸甲酯板、片及扁條,哥斯大黎加,出口總值(含復出口),54,20033
2020-4,39205110,聚甲基丙烯酸甲酯板、片及扁條,泰國,出口總值(含復出口),2,201
2020-4,39205110,聚甲基丙烯酸甲酯板、片及扁條,捷克,出口總值(含復出口),10,1903
2020-4,39205110,聚甲基丙烯酸甲酯板、片及扁條,越南,出口總值(含復出口),57,12244
2020-4,39205110,聚甲基丙烯酸甲酯板、片及扁條,新加坡,出口總值(含復出口),65,24706
2020-4,39205110,聚甲基丙烯酸甲酯板、片及扁條,德國,出口總值(含復出口),19,2858
2020-4,39205110,聚甲基丙烯酸甲酯板、片及扁條,黎巴嫩,出口總值(含復出口),33,14526
2020-4,39205110,聚甲基丙烯酸甲酯板、片及扁條,墨西哥,出口總值(含復出口),53,19870
2020-4,39205110,聚甲基丙烯酸甲酯板、片及扁條,澳大利亞,出口總值(含復出口),36,11622
2020-4,39205110,聚甲基丙烯酸甲酯板、片及扁條,賽普勒斯,出口總值(含復出口),32,12609
2020-4,39206210,聚對苯二甲酸乙二酯製板、片及扁條,中國大陸,進口總值(含復進口),984,261391
2020-4,39206210,聚對苯二甲酸乙二酯製板、片及扁條,中華民國,進口總值(含復進口),26,5618
2020-4,39206210,聚對苯二甲酸乙二酯製板、片及扁條,日本,進口總值(含復進口),300,28195
2020-4,39206210,聚對苯二甲酸乙二酯製板、片及扁條,南韓,進口總值(含復進口),896,282257
2020-4,39206210,聚對苯二甲酸乙二酯製板、片及扁條,美國,進口總值(含復進口),0,26
2020-4,39206210,聚對苯二甲酸乙二酯製板、片及扁條,泰國,進口總值(含復進口),14,9142
2020-4,39206210,聚對苯二甲酸乙二酯製板、片及扁條,德國,進口總值(含復進口),0,1
2020-4,39206210,聚對苯二甲酸乙二酯製板、片及扁條,土耳其,出口總值(含復出口),23,2630
2020-4,39206210,聚對苯二甲酸乙二酯製板、片及扁條,中國大陸,出口總值(含復出口),7951,1579088
2020-4,39206210,聚對苯二甲酸乙二酯製板、片及扁條,丹麥,出口總值(含復出口),1,46
2020-4,39206210,聚對苯二甲酸乙二酯製板、片及扁條,日本,出口總值(含復出口),935,533140
2020-4,39206210,聚對苯二甲酸乙二酯製板、片及扁條,比利時,出口總值(含復出口),32,2204
2020-4,39206210,聚對苯二甲酸乙二酯製板、片及扁條,加拿大,出口總值(含復出口),100,83467
2020-4,39206210,聚對苯二甲酸乙二酯製板、片及扁條,印尼,出口總值(含復出口),220,162165
2020-4,39206210,聚對苯二甲酸乙二酯製板、片及扁條,印度,出口總值(含復出口),90,80568
2020-4,39206210,聚對苯二甲酸乙二酯製板、片及扁條,波蘭,出口總值(含復出口),2,263
2020-4,39206210,聚對苯二甲酸乙二酯製板、片及扁條,阿拉伯聯合大公國,出口總值(含復出口),18,1700
2020-4,39206210,聚對苯二甲酸乙二酯製板、片及扁條,俄羅斯,出口總值(含復出口),33,14773
2020-4,39206210,聚對苯二甲酸乙二酯製板、片及扁條,南韓,出口總值(含復出口),8,108
2020-4,39206210,聚對苯二甲酸乙二酯製板、片及扁條,美國,出口總值(含復出口),938,549176
2020-4,39206210,聚對苯二甲酸乙二酯製板、片及扁條,香港,出口總值(含復出口),537,89990
2020-4,39206210,聚對苯二甲酸乙二酯製板、片及扁條,哥倫比亞,出口總值(含復出口),20,16430
2020-4,39206210,聚對苯二甲酸乙二酯製板、片及扁條,哥斯大黎加,出口總值(含復出口),75,54500
2020-4,39206210,聚對苯二甲酸乙二酯製板、片及扁條,泰國,出口總值(含復出口),49,25000
2020-4,39206210,聚對苯二甲酸乙二酯製板、片及扁條,紐西蘭,出口總值(含復出口),132,111729
2020-4,39206210,聚對苯二甲酸乙二酯製板、片及扁條,馬來西亞,出口總值(含復出口),647,328917
2020-4,39206210,聚對苯二甲酸乙二酯製板、片及扁條,荷蘭,出口總值(含復出口),48,21443
2020-4,39206210,聚對苯二甲酸乙二酯製板、片及扁條,越南,出口總值(含復出口),14,1518
2020-4,39206210,聚對苯二甲酸乙二酯製板、片及扁條,新加坡,出口總值(含復出口),2,29
2020-4,39206210,聚對苯二甲酸乙二酯製板、片及扁條,義大利,出口總值(含復出口),9,581
2020-4,39206210,聚對苯二甲酸乙二酯製板、片及扁條,德國,出口總值(含復出口),113,49500
2020-4,39206210,聚對苯二甲酸乙二酯製板、片及扁條,緬甸,出口總值(含復出口),12,26784
2020-4,39206210,聚對苯二甲酸乙二酯製板、片及扁條,墨西哥,出口總值(含復出口),30,23040
2020-4,39206210,聚對苯二甲酸乙二酯製板、片及扁條,澳大利亞,出口總值(含復出口),747,609688
2020-4,39206210,聚對苯二甲酸乙二酯製板、片及扁條,羅馬尼亞,出口總值(含復出口),7,1172
2020-4,39209991,其他塑膠板、片及扁條，非多孔性及未經以其他物質加強、積層、支持或與其他物質類似結合者,中國大陸,進口總值(含復進口),582,164199
2020-4,39209991,其他塑膠板、片及扁條，非多孔性及未經以其他物質加強、積層、支持或與其他物質類似結合者,中華民國,進口總值(含復進口),5,2000
2020-4,39209991,其他塑膠板、片及扁條，非多孔性及未經以其他物質加強、積層、支持或與其他物質類似結合者,日本,進口總值(含復進口),185,21659
2020-4,39209991,其他塑膠板、片及扁條，非多孔性及未經以其他物質加強、積層、支持或與其他物質類似結合者,南韓,進口總值(含復進口),106,30442
2020-4,39209991,其他塑膠板、片及扁條，非多孔性及未經以其他物質加強、積層、支持或與其他物質類似結合者,美國,進口總值(含復進口),434,4230
2020-4,39209991,其他塑膠板、片及扁條，非多孔性及未經以其他物質加強、積層、支持或與其他物質類似結合者,英國,進口總值(含復進口),5,2871
2020-4,39209991,其他塑膠板、片及扁條，非多孔性及未經以其他物質加強、積層、支持或與其他物質類似結合者,義大利,進口總值(含復進口),4,440
2020-4,39209991,其他塑膠板、片及扁條，非多孔性及未經以其他物質加強、積層、支持或與其他物質類似結合者,德國,進口總值(含復進口),18,1503
2020-4,39209991,其他塑膠板、片及扁條，非多孔性及未經以其他物質加強、積層、支持或與其他物質類似結合者,中國大陸,出口總值(含復出口),1880,202831
2020-4,39209991,其他塑膠板、片及扁條，非多孔性及未經以其他物質加強、積層、支持或與其他物質類似結合者,日本,出口總值(含復出口),108,1277
2020-4,39209991,其他塑膠板、片及扁條，非多孔性及未經以其他物質加強、積層、支持或與其他物質類似結合者,比利時,出口總值(含復出口),2,50
2020-4,39209991,其他塑膠板、片及扁條，非多孔性及未經以其他物質加強、積層、支持或與其他物質類似結合者,印尼,出口總值(含復出口),5,7
2020-4,39209991,其他塑膠板、片及扁條，非多孔性及未經以其他物質加強、積層、支持或與其他物質類似結合者,印度,出口總值(含復出口),10,3733
2020-4,39209991,其他塑膠板、片及扁條，非多孔性及未經以其他物質加強、積層、支持或與其他物質類似結合者,柬埔寨,出口總值(含復出口),3,1342
2020-4,39209991,其他塑膠板、片及扁條，非多孔性及未經以其他物質加強、積層、支持或與其他物質類似結合者,科威特,出口總值(含復出口),7,429
2020-4,39209991,其他塑膠板、片及扁條，非多孔性及未經以其他物質加強、積層、支持或與其他物質類似結合者,美國,出口總值(含復出口),397,16008
2020-4,39209991,其他塑膠板、片及扁條，非多孔性及未經以其他物質加強、積層、支持或與其他物質類似結合者,香港,出口總值(含復出口),27,146
2020-4,39209991,其他塑膠板、片及扁條，非多孔性及未經以其他物質加強、積層、支持或與其他物質類似結合者,馬來西亞,出口總值(含復出口),32,11869
2020-4,39209991,其他塑膠板、片及扁條，非多孔性及未經以其他物質加強、積層、支持或與其他物質類似結合者,馬紹爾群島,出口總值(含復出口),9,1142
2020-4,39209991,其他塑膠板、片及扁條，非多孔性及未經以其他物質加強、積層、支持或與其他物質類似結合者,越南,出口總值(含復出口),42,2055
2020-4,39209991,其他塑膠板、片及扁條，非多孔性及未經以其他物質加強、積層、支持或與其他物質類似結合者,新加坡,出口總值(含復出口),21,445
2020-4,39209991,其他塑膠板、片及扁條，非多孔性及未經以其他物質加強、積層、支持或與其他物質類似結合者,義大利,出口總值(含復出口),0,0
2020-4,39209991,其他塑膠板、片及扁條，非多孔性及未經以其他物質加強、積層、支持或與其他物質類似結合者,緬甸,出口總值(含復出口),25,6580
2020-4,39209991,其他塑膠板、片及扁條，非多孔性及未經以其他物質加強、積層、支持或與其他物質類似結合者,澳大利亞,出口總值(含復出口),10,7410
2020-5,39199020,供製造半導體晶圓用之自黏性圓形研磨墊，屬塑膠製品者,中國大陸,進口總值(含復進口),3,28
2020-5,39199020,供製造半導體晶圓用之自黏性圓形研磨墊，屬塑膠製品者,日本,進口總值(含復進口),987,3277
2020-5,39199020,供製造半導體晶圓用之自黏性圓形研磨墊，屬塑膠製品者,美國,進口總值(含復進口),2374,6335
2020-5,39199020,供製造半導體晶圓用之自黏性圓形研磨墊，屬塑膠製品者,英國,進口總值(含復進口),0,0
2020-5,39199020,供製造半導體晶圓用之自黏性圓形研磨墊，屬塑膠製品者,奧地利,進口總值(含復進口),0,1
2020-5,39199020,供製造半導體晶圓用之自黏性圓形研磨墊，屬塑膠製品者,中國大陸,出口總值(含復出口),5884,21175
2020-5,39199020,供製造半導體晶圓用之自黏性圓形研磨墊，屬塑膠製品者,日本,出口總值(含復出口),365,1406
2020-5,39199020,供製造半導體晶圓用之自黏性圓形研磨墊，屬塑膠製品者,南韓,出口總值(含復出口),3296,26444
2020-5,39199020,供製造半導體晶圓用之自黏性圓形研磨墊，屬塑膠製品者,美國,出口總值(含復出口),220,1796
2020-5,39199020,供製造半導體晶圓用之自黏性圓形研磨墊，屬塑膠製品者,馬來西亞,出口總值(含復出口),14,67
2020-5,39199020,供製造半導體晶圓用之自黏性圓形研磨墊，屬塑膠製品者,新加坡,出口總值(含復出口),1017,4904
2020-5,39201010,聚乙烯塑膠板、片及扁條,中國大陸,進口總值(含復進口),656,267192
2020-5,39201010,聚乙烯塑膠板、片及扁條,中華民國,進口總值(含復進口),4,9358
2020-5,39201010,聚乙烯塑膠板、片及扁條,日本,進口總值(含復進口),293,25079
2020-5,39201010,聚乙烯塑膠板、片及扁條,比利時,進口總值(含復進口),25,2389
2020-5,39201010,聚乙烯塑膠板、片及扁條,加拿大,進口總值(含復進口),6,1605
2020-5,39201010,聚乙烯塑膠板、片及扁條,印度,進口總值(含復進口),2,477
2020-5,39201010,聚乙烯塑膠板、片及扁條,南韓,進口總值(含復進口),12,3253
2020-5,39201010,聚乙烯塑膠板、片及扁條,美國,進口總值(含復進口),3,171
2020-5,39201010,聚乙烯塑膠板、片及扁條,泰國,進口總值(含復進口),48,8682
2020-5,39201010,聚乙烯塑膠板、片及扁條,馬來西亞,進口總值(含復進口),11,6102
2020-5,39201010,聚乙烯塑膠板、片及扁條,菲律賓,進口總值(含復進口),0,8
2020-5,39201010,聚乙烯塑膠板、片及扁條,越南,進口總值(含復進口),3,1250
2020-5,39201010,聚乙烯塑膠板、片及扁條,德國,進口總值(含復進口),137,29135
2020-5,39201010,聚乙烯塑膠板、片及扁條,土耳其,出口總值(含復出口),0,0
2020-5,39201010,聚乙烯塑膠板、片及扁條,中國大陸,出口總值(含復出口),260,56359
2020-5,39201010,聚乙烯塑膠板、片及扁條,日本,出口總值(含復出口),307,96505
2020-5,39201010,聚乙烯塑膠板、片及扁條,加拿大,出口總值(含復出口),10,1166
2020-5,39201010,聚乙烯塑膠板、片及扁條,印尼,出口總值(含復出口),16,11040
2020-5,39201010,聚乙烯塑膠板、片及扁條,阿拉伯聯合大公國,出口總值(含復出口),33,20088
2020-5,39201010,聚乙烯塑膠板、片及扁條,南非,出口總值(含復出口),3,1540
2020-5,39201010,聚乙烯塑膠板、片及扁條,美國,出口總值(含復出口),75,16149
2020-5,39201010,聚乙烯塑膠板、片及扁條,香港,出口總值(含復出口),49,27702
2020-5,39201010,聚乙烯塑膠板、片及扁條,泰國,出口總值(含復出口),67,26046
2020-5,39201010,聚乙烯塑膠板、片及扁條,馬來西亞,出口總值(含復出口),86,16186
2020-5,39201010,聚乙烯塑膠板、片及扁條,荷蘭,出口總值(含復出口),4,23
2020-5,39201010,聚乙烯塑膠板、片及扁條,菲律賓,出口總值(含復出口),43,21630
2020-5,39201010,聚乙烯塑膠板、片及扁條,越南,出口總值(含復出口),77,12554
2020-5,39201010,聚乙烯塑膠板、片及扁條,新加坡,出口總值(含復出口),29,18288
2020-5,39201010,聚乙烯塑膠板、片及扁條,墨西哥,出口總值(含復出口),2,17
2020-5,39202021,電容器用金屬化聚丙烯薄膜，留有未鍍邊，總寬度不超過１００公厘，總厚度在０．０１５公厘以上，０．０２５公厘以下者,中國大陸,進口總值(含復進口),90,4951
2020-5,39205110,聚甲基丙烯酸甲酯板、片及扁條,中國大陸,進口總值(含復進口),39,22821
2020-5,39205110,聚甲基丙烯酸甲酯板、片及扁條,日本,進口總值(含復進口),45,356
2020-5,39205110,聚甲基丙烯酸甲酯板、片及扁條,南韓,進口總值(含復進口),1201,475452
2020-5,39205110,聚甲基丙烯酸甲酯板、片及扁條,美國,進口總值(含復進口),269,53031
2020-5,39205110,聚甲基丙烯酸甲酯板、片及扁條,越南,進口總值(含復進口),3,49
2020-5,39205110,聚甲基丙烯酸甲酯板、片及扁條,奧地利,進口總值(含復進口),3,74
2020-5,39205110,聚甲基丙烯酸甲酯板、片及扁條,德國,進口總值(含復進口),2,134
2020-5,39205110,聚甲基丙烯酸甲酯板、片及扁條,中國大陸,出口總值(含復出口),5774,2148555
2020-5,39205110,聚甲基丙烯酸甲酯板、片及扁條,厄瓜多,出口總值(含復出口),15,5889
2020-5,39205110,聚甲基丙烯酸甲酯板、片及扁條,巴西,出口總值(含復出口),121,51587
2020-5,39205110,聚甲基丙烯酸甲酯板、片及扁條,日本,出口總值(含復出口),1415,440145
2020-5,39205110,聚甲基丙烯酸甲酯板、片及扁條,比利時,出口總值(含復出口),305,122494
2020-5,39205110,聚甲基丙烯酸甲酯板、片及扁條,以色列,出口總值(含復出口),20,7030
2020-5,39205110,聚甲基丙烯酸甲酯板、片及扁條,加拿大,出口總值(含復出口),134,50109
2020-5,39205110,聚甲基丙烯酸甲酯板、片及扁條,尼加拉瓜,出口總值(含復出口),56,24616
2020-5,39205110,聚甲基丙烯酸甲酯板、片及扁條,伊朗,出口總值(含復出口),136,22396
2020-5,39205110,聚甲基丙烯酸甲酯板、片及扁條,印度,出口總值(含復出口),118,82042
2020-5,39205110,聚甲基丙烯酸甲酯板、片及扁條,沙烏地阿拉伯,出口總值(含復出口),121,49679
2020-5,39205110,聚甲基丙烯酸甲酯板、片及扁條,波多黎各,出口總值(含復出口),58,21000
2020-5,39205110,聚甲基丙烯酸甲酯板、片及扁條,芬蘭,出口總值(含復出口),43,14620
2020-5,39205110,聚甲基丙烯酸甲酯板、片及扁條,阿拉伯聯合大公國,出口總值(含復出口),486,182117
2020-5,39205110,聚甲基丙烯酸甲酯板、片及扁條,南韓,出口總值(含復出口),83,26175
2020-5,39205110,聚甲基丙烯酸甲酯板、片及扁條,美國,出口總值(含復出口),3261,1189489
2020-5,39205110,聚甲基丙烯酸甲酯板、片及扁條,香港,出口總值(含復出口),403,146911
2020-5,39205110,聚甲基丙烯酸甲酯板、片及扁條,泰國,出口總值(含復出口),64,121594
2020-5,39205110,聚甲基丙烯酸甲酯板、片及扁條,紐西蘭,出口總值(含復出口),48,18872
2020-5,39205110,聚甲基丙烯酸甲酯板、片及扁條,荷蘭,出口總值(含復出口),6,678
2020-5,39205110,聚甲基丙烯酸甲酯板、片及扁條,越南,出口總值(含復出口),30,10607
2020-5,39205110,聚甲基丙烯酸甲酯板、片及扁條,新加坡,出口總值(含復出口),120,41484
2020-5,39205110,聚甲基丙烯酸甲酯板、片及扁條,德國,出口總值(含復出口),9,1255
2020-5,39205110,聚甲基丙烯酸甲酯板、片及扁條,墨西哥,出口總值(含復出口),50,19500
2020-5,39205110,聚甲基丙烯酸甲酯板、片及扁條,澳大利亞,出口總值(含復出口),114,38518
2020-5,39205110,聚甲基丙烯酸甲酯板、片及扁條,關島,出口總值(含復出口),31,12753
2020-5,39206210,聚對苯二甲酸乙二酯製板、片及扁條,中國大陸,進口總值(含復進口),1014,243633
2020-5,39206210,聚對苯二甲酸乙二酯製板、片及扁條,日本,進口總值(含復進口),124,9246
2020-5,39206210,聚對苯二甲酸乙二酯製板、片及扁條,印度,進口總值(含復進口),15,6867
2020-5,39206210,聚對苯二甲酸乙二酯製板、片及扁條,南韓,進口總值(含復進口),665,209721
2020-5,39206210,聚對苯二甲酸乙二酯製板、片及扁條,越南,進口總值(含復進口),101,51034
2020-5,39206210,聚對苯二甲酸乙二酯製板、片及扁條,德國,進口總值(含復進口),9,177
2020-5,39206210,聚對苯二甲酸乙二酯製板、片及扁條,墨西哥,進口總值(含復進口),3,150
2020-5,39206210,聚對苯二甲酸乙二酯製板、片及扁條,中國大陸,出口總值(含復出口),8946,1456396
2020-5,39206210,聚對苯二甲酸乙二酯製板、片及扁條,日本,出口總值(含復出口),909,530960
2020-5,39206210,聚對苯二甲酸乙二酯製板、片及扁條,加拿大,出口總值(含復出口),195,168073
2020-5,39206210,聚對苯二甲酸乙二酯製板、片及扁條,印尼,出口總值(含復出口),214,153620
2020-5,39206210,聚對苯二甲酸乙二酯製板、片及扁條,多明尼加,出口總值(含復出口),24,16500
2020-5,39206210,聚對苯二甲酸乙二酯製板、片及扁條,阿拉伯聯合大公國,出口總值(含復出口),3,322
2020-5,39206210,聚對苯二甲酸乙二酯製板、片及扁條,美國,出口總值(含復出口),1080,583599
2020-5,39206210,聚對苯二甲酸乙二酯製板、片及扁條,英國,出口總值(含復出口),6,714
2020-5,39206210,聚對苯二甲酸乙二酯製板、片及扁條,香港,出口總值(含復出口),561,51254
2020-5,39206210,聚對苯二甲酸乙二酯製板、片及扁條,哥倫比亞,出口總值(含復出口),66,59400
2020-5,39206210,聚對苯二甲酸乙二酯製板、片及扁條,埃及,出口總值(含復出口),19,1995
2020-5,39206210,聚對苯二甲酸乙二酯製板、片及扁條,泰國,出口總值(含復出口),90,56436
2020-5,39206210,聚對苯二甲酸乙二酯製板、片及扁條,紐西蘭,出口總值(含復出口),133,112450
2020-5,39206210,聚對苯二甲酸乙二酯製板、片及扁條,馬來西亞,出口總值(含復出口),687,344738
2020-5,39206210,聚對苯二甲酸乙二酯製板、片及扁條,荷蘭,出口總值(含復出口),89,85168
2020-5,39206210,聚對苯二甲酸乙二酯製板、片及扁條,斯洛維尼亞,出口總值(含復出口),6,879
2020-5,39206210,聚對苯二甲酸乙二酯製板、片及扁條,菲律賓,出口總值(含復出口),240,106461
2020-5,39206210,聚對苯二甲酸乙二酯製板、片及扁條,越南,出口總值(含復出口),7,3131
2020-5,39206210,聚對苯二甲酸乙二酯製板、片及扁條,新加坡,出口總值(含復出口),40,20238
2020-5,39206210,聚對苯二甲酸乙二酯製板、片及扁條,澳大利亞,出口總值(含復出口),621,477910
2020-5,39206210,聚對苯二甲酸乙二酯製板、片及扁條,羅馬尼亞,出口總值(含復出口),7,879
2020-5,39209991,其他塑膠板、片及扁條，非多孔性及未經以其他物質加強、積層、支持或與其他物質類似結合者,中國大陸,進口總值(含復進口),649,188058
2020-5,39209991,其他塑膠板、片及扁條，非多孔性及未經以其他物質加強、積層、支持或與其他物質類似結合者,日本,進口總值(含復進口),59,6830
2020-5,39209991,其他塑膠板、片及扁條，非多孔性及未經以其他物質加強、積層、支持或與其他物質類似結合者,加拿大,進口總值(含復進口),4,74
2020-5,39209991,其他塑膠板、片及扁條，非多孔性及未經以其他物質加強、積層、支持或與其他物質類似結合者,印度,進口總值(含復進口),0,0
2020-5,39209991,其他塑膠板、片及扁條，非多孔性及未經以其他物質加強、積層、支持或與其他物質類似結合者,南韓,進口總值(含復進口),178,29182
2020-5,39209991,其他塑膠板、片及扁條，非多孔性及未經以其他物質加強、積層、支持或與其他物質類似結合者,美國,進口總值(含復進口),424,2435
2020-5,39209991,其他塑膠板、片及扁條，非多孔性及未經以其他物質加強、積層、支持或與其他物質類似結合者,馬來西亞,進口總值(含復進口),11,2112
2020-5,39209991,其他塑膠板、片及扁條，非多孔性及未經以其他物質加強、積層、支持或與其他物質類似結合者,義大利,進口總值(含復進口),0,10
2020-5,39209991,其他塑膠板、片及扁條，非多孔性及未經以其他物質加強、積層、支持或與其他物質類似結合者,德國,進口總值(含復進口),81,10947
2020-5,39209991,其他塑膠板、片及扁條，非多孔性及未經以其他物質加強、積層、支持或與其他物質類似結合者,中國大陸,出口總值(含復出口),1835,172377
2020-5,39209991,其他塑膠板、片及扁條，非多孔性及未經以其他物質加強、積層、支持或與其他物質類似結合者,日本,出口總值(含復出口),63,2168
2020-5,39209991,其他塑膠板、片及扁條，非多孔性及未經以其他物質加強、積層、支持或與其他物質類似結合者,加拿大,出口總值(含復出口),3,469
2020-5,39209991,其他塑膠板、片及扁條，非多孔性及未經以其他物質加強、積層、支持或與其他物質類似結合者,印尼,出口總值(含復出口),9,173
2020-5,39209991,其他塑膠板、片及扁條，非多孔性及未經以其他物質加強、積層、支持或與其他物質類似結合者,印度,出口總值(含復出口),2,0
2020-5,39209991,其他塑膠板、片及扁條，非多孔性及未經以其他物質加強、積層、支持或與其他物質類似結合者,孟加拉,出口總值(含復出口),3,220
2020-5,39209991,其他塑膠板、片及扁條，非多孔性及未經以其他物質加強、積層、支持或與其他物質類似結合者,波蘭,出口總值(含復出口),0,4
2020-5,39209991,其他塑膠板、片及扁條，非多孔性及未經以其他物質加強、積層、支持或與其他物質類似結合者,南韓,出口總值(含復出口),7,1573
2020-5,39209991,其他塑膠板、片及扁條，非多孔性及未經以其他物質加強、積層、支持或與其他物質類似結合者,柬埔寨,出口總值(含復出口),14,5648
2020-5,39209991,其他塑膠板、片及扁條，非多孔性及未經以其他物質加強、積層、支持或與其他物質類似結合者,美國,出口總值(含復出口),81,8540
2020-5,39209991,其他塑膠板、片及扁條，非多孔性及未經以其他物質加強、積層、支持或與其他物質類似結合者,香港,出口總值(含復出口),40,1179
2020-5,39209991,其他塑膠板、片及扁條，非多孔性及未經以其他物質加強、積層、支持或與其他物質類似結合者,泰國,出口總值(含復出口),38,13265
2020-5,39209991,其他塑膠板、片及扁條，非多孔性及未經以其他物質加強、積層、支持或與其他物質類似結合者,菲律賓,出口總值(含復出口),73,12087
2020-5,39209991,其他塑膠板、片及扁條，非多孔性及未經以其他物質加強、積層、支持或與其他物質類似結合者,象牙海岸,出口總值(含復出口),5,253
2020-5,39209991,其他塑膠板、片及扁條，非多孔性及未經以其他物質加強、積層、支持或與其他物質類似結合者,越南,出口總值(含復出口),43,7576
2020-5,39209991,其他塑膠板、片及扁條，非多孔性及未經以其他物質加強、積層、支持或與其他物質類似結合者,愛爾蘭,出口總值(含復出口),0,2
2020-5,39209991,其他塑膠板、片及扁條，非多孔性及未經以其他物質加強、積層、支持或與其他物質類似結合者,新加坡,出口總值(含復出口),10,106
2020-5,39209991,其他塑膠板、片及扁條，非多孔性及未經以其他物質加強、積層、支持或與其他物質類似結合者,德國,出口總值(含復出口),4,489
2020-6,39199020,供製造半導體晶圓用之自黏性圓形研磨墊，屬塑膠製品者,中國大陸,進口總值(含復進口),58,204
2020-6,39199020,供製造半導體晶圓用之自黏性圓形研磨墊，屬塑膠製品者,日本,進口總值(含復進口),892,2102
2020-6,39199020,供製造半導體晶圓用之自黏性圓形研磨墊，屬塑膠製品者,美國,進口總值(含復進口),2099,5980
2020-6,39199020,供製造半導體晶圓用之自黏性圓形研磨墊，屬塑膠製品者,中國大陸,出口總值(含復出口),5244,16340
2020-6,39199020,供製造半導體晶圓用之自黏性圓形研磨墊，屬塑膠製品者,巴西,出口總值(含復出口),6,2
2020-6,39199020,供製造半導體晶圓用之自黏性圓形研磨墊，屬塑膠製品者,日本,出口總值(含復出口),301,1116
2020-6,39199020,供製造半導體晶圓用之自黏性圓形研磨墊，屬塑膠製品者,其他國家,出口總值(含復出口),0,7
2020-6,39199020,供製造半導體晶圓用之自黏性圓形研磨墊，屬塑膠製品者,南韓,出口總值(含復出口),3682,29626
2020-6,39199020,供製造半導體晶圓用之自黏性圓形研磨墊，屬塑膠製品者,美國,出口總值(含復出口),251,2025
2020-6,39199020,供製造半導體晶圓用之自黏性圓形研磨墊，屬塑膠製品者,馬來西亞,出口總值(含復出口),12,68
2020-6,39199020,供製造半導體晶圓用之自黏性圓形研磨墊，屬塑膠製品者,新加坡,出口總值(含復出口),859,4398
2020-6,39201010,聚乙烯塑膠板、片及扁條,中國大陸,進口總值(含復進口),471,203019
2020-6,39201010,聚乙烯塑膠板、片及扁條,中華民國,進口總值(含復進口),6,11447
2020-6,39201010,聚乙烯塑膠板、片及扁條,日本,進口總值(含復進口),289,32047
2020-6,39201010,聚乙烯塑膠板、片及扁條,比利時,進口總值(含復進口),50,4780
2020-6,39201010,聚乙烯塑膠板、片及扁條,加拿大,進口總值(含復進口),3,730
2020-6,39201010,聚乙烯塑膠板、片及扁條,西班牙,進口總值(含復進口),15,8400
2020-6,39201010,聚乙烯塑膠板、片及扁條,南非,進口總值(含復進口),0,1
2020-6,39201010,聚乙烯塑膠板、片及扁條,南韓,進口總值(含復進口),14,4063
2020-6,39201010,聚乙烯塑膠板、片及扁條,美國,進口總值(含復進口),98,2595
2020-6,39201010,聚乙烯塑膠板、片及扁條,馬來西亞,進口總值(含復進口),5,576
2020-6,39201010,聚乙烯塑膠板、片及扁條,新加坡,進口總值(含復進口),11,3169
2020-6,39201010,聚乙烯塑膠板、片及扁條,義大利,進口總值(含復進口),35,13749
2020-6,39201010,聚乙烯塑膠板、片及扁條,德國,進口總值(含復進口),17,4864
2020-6,39201010,聚乙烯塑膠板、片及扁條,中國大陸,出口總值(含復出口),256,64103
2020-6,39201010,聚乙烯塑膠板、片及扁條,巴基斯坦,出口總值(含復出口),3,1790
2020-6,39201010,聚乙烯塑膠板、片及扁條,日本,出口總值(含復出口),181,42989
2020-6,39201010,聚乙烯塑膠板、片及扁條,冰島,出口總值(含復出口),6,63
2020-6,39201010,聚乙烯塑膠板、片及扁條,印尼,出口總值(含復出口),59,29871
2020-6,39201010,聚乙烯塑膠板、片及扁條,柬埔寨,出口總值(含復出口),0,51
2020-6,39201010,聚乙烯塑膠板、片及扁條,美國,出口總值(含復出口),53,10898
2020-6,39201010,聚乙烯塑膠板、片及扁條,香港,出口總值(含復出口),126,70181
2020-6,39201010,聚乙烯塑膠板、片及扁條,埃及,出口總值(含復出口),17,5560
2020-6,39201010,聚乙烯塑膠板、片及扁條,泰國,出口總值(含復出口),149,37323
2020-6,39201010,聚乙烯塑膠板、片及扁條,馬來西亞,出口總值(含復出口),44,12942
2020-6,39201010,聚乙烯塑膠板、片及扁條,越南,出口總值(含復出口),30,9156
2020-6,39201010,聚乙烯塑膠板、片及扁條,新加坡,出口總值(含復出口),2,840
2020-6,39201010,聚乙烯塑膠板、片及扁條,義大利,出口總值(含復出口),0,6
2020-6,39201010,聚乙烯塑膠板、片及扁條,澳大利亞,出口總值(含復出口),6,1679
2020-6,39202021,電容器用金屬化聚丙烯薄膜，留有未鍍邊，總寬度不超過１００公厘，總厚度在０．０１５公厘以上，０．０２５公厘以下者,中國大陸,進口總值(含復進口),62,2258
2020-6,39205110,聚甲基丙烯酸甲酯板、片及扁條,中國大陸,進口總值(含復進口),136,69666
2020-6,39205110,聚甲基丙烯酸甲酯板、片及扁條,中華民國,進口總值(含復進口),22,8304
2020-6,39205110,聚甲基丙烯酸甲酯板、片及扁條,日本,進口總值(含復進口),6,12
2020-6,39205110,聚甲基丙烯酸甲酯板、片及扁條,南韓,進口總值(含復進口),1232,477176
2020-6,39205110,聚甲基丙烯酸甲酯板、片及扁條,美國,進口總值(含復進口),23,588
2020-6,39205110,聚甲基丙烯酸甲酯板、片及扁條,斯洛維尼亞,進口總值(含復進口),0,1
2020-6,39205110,聚甲基丙烯酸甲酯板、片及扁條,越南,進口總值(含復進口),2,33
2020-6,39205110,聚甲基丙烯酸甲酯板、片及扁條,奧地利,進口總值(含復進口),11,92
2020-6,39205110,聚甲基丙烯酸甲酯板、片及扁條,德國,進口總值(含復進口),94,10218
2020-6,39205110,聚甲基丙烯酸甲酯板、片及扁條,中國大陸,出口總值(含復出口),4899,1849832
2020-6,39205110,聚甲基丙烯酸甲酯板、片及扁條,厄瓜多,出口總值(含復出口),15,5511
2020-6,39205110,聚甲基丙烯酸甲酯板、片及扁條,巴西,出口總值(含復出口),62,25307
2020-6,39205110,聚甲基丙烯酸甲酯板、片及扁條,巴林,出口總值(含復出口),41,16873
2020-6,39205110,聚甲基丙烯酸甲酯板、片及扁條,日本,出口總值(含復出口),546,155676
2020-6,39205110,聚甲基丙烯酸甲酯板、片及扁條,加拿大,出口總值(含復出口),312,112130
2020-6,39205110,聚甲基丙烯酸甲酯板、片及扁條,卡達,出口總值(含復出口),24,10751
2020-6,39205110,聚甲基丙烯酸甲酯板、片及扁條,尼加拉瓜,出口總值(含復出口),57,24704
2020-6,39205110,聚甲基丙烯酸甲酯板、片及扁條,伊朗,出口總值(含復出口),244,97871
2020-6,39205110,聚甲基丙烯酸甲酯板、片及扁條,印度,出口總值(含復出口),150,64571
2020-6,39205110,聚甲基丙烯酸甲酯板、片及扁條,多明尼加,出口總值(含復出口),21,7261
2020-6,39205110,聚甲基丙烯酸甲酯板、片及扁條,宏都拉斯,出口總值(含復出口),30,11790
2020-6,39205110,聚甲基丙烯酸甲酯板、片及扁條,沙烏地阿拉伯,出口總值(含復出口),40,15710
2020-6,39205110,聚甲基丙烯酸甲酯板、片及扁條,波多黎各,出口總值(含復出口),113,44795
2020-6,39205110,聚甲基丙烯酸甲酯板、片及扁條,芬蘭,出口總值(含復出口),41,13280
2020-6,39205110,聚甲基丙烯酸甲酯板、片及扁條,阿拉伯聯合大公國,出口總值(含復出口),485,191123
2020-6,39205110,聚甲基丙烯酸甲酯板、片及扁條,阿根廷,出口總值(含復出口),57,24187
2020-6,39205110,聚甲基丙烯酸甲酯板、片及扁條,俄羅斯,出口總值(含復出口),0,2
2020-6,39205110,聚甲基丙烯酸甲酯板、片及扁條,南韓,出口總值(含復出口),385,148326
2020-6,39205110,聚甲基丙烯酸甲酯板、片及扁條,美國,出口總值(含復出口),4182,1614978
2020-6,39205110,聚甲基丙烯酸甲酯板、片及扁條,香港,出口總值(含復出口),366,156096
2020-6,39205110,聚甲基丙烯酸甲酯板、片及扁條,哥斯大黎加,出口總值(含復出口),42,17797
2020-6,39205110,聚甲基丙烯酸甲酯板、片及扁條,泰國,出口總值(含復出口),7,17330
2020-6,39205110,聚甲基丙烯酸甲酯板、片及扁條,馬來西亞,出口總值(含復出口),6,1673
2020-6,39205110,聚甲基丙烯酸甲酯板、片及扁條,荷屬聖馬丁,出口總值(含復出口),9,3541
2020-6,39205110,聚甲基丙烯酸甲酯板、片及扁條,智利,出口總值(含復出口),16,5985
2020-6,39205110,聚甲基丙烯酸甲酯板、片及扁條,越南,出口總值(含復出口),157,51213
2020-6,39205110,聚甲基丙烯酸甲酯板、片及扁條,新加坡,出口總值(含復出口),161,65278
2020-6,39205110,聚甲基丙烯酸甲酯板、片及扁條,墨西哥,出口總值(含復出口),51,20281
2020-6,39205110,聚甲基丙烯酸甲酯板、片及扁條,澳大利亞,出口總值(含復出口),66,24396
2020-6,39205110,聚甲基丙烯酸甲酯板、片及扁條,賽普勒斯,出口總值(含復出口),61,22867
2020-6,39205110,聚甲基丙烯酸甲酯板、片及扁條,薩爾瓦多,出口總值(含復出口),83,35403
2020-6,39206210,聚對苯二甲酸乙二酯製板、片及扁條,中國大陸,進口總值(含復進口),1007,237007
2020-6,39206210,聚對苯二甲酸乙二酯製板、片及扁條,中華民國,進口總值(含復進口),17,6300
2020-6,39206210,聚對苯二甲酸乙二酯製板、片及扁條,日本,進口總值(含復進口),203,10849
2020-6,39206210,聚對苯二甲酸乙二酯製板、片及扁條,南韓,進口總值(含復進口),769,244636
2020-6,39206210,聚對苯二甲酸乙二酯製板、片及扁條,越南,進口總值(含復進口),20,18005
2020-6,39206210,聚對苯二甲酸乙二酯製板、片及扁條,德國,進口總值(含復進口),0,15
2020-6,39206210,聚對苯二甲酸乙二酯製板、片及扁條,中國大陸,出口總值(含復出口),8582,1199533
2020-6,39206210,聚對苯二甲酸乙二酯製板、片及扁條,日本,出口總值(含復出口),810,399090
2020-6,39206210,聚對苯二甲酸乙二酯製板、片及扁條,加拿大,出口總值(含復出口),98,85009
2020-6,39206210,聚對苯二甲酸乙二酯製板、片及扁條,印尼,出口總值(含復出口),174,127540
2020-6,39206210,聚對苯二甲酸乙二酯製板、片及扁條,印度,出口總值(含復出口),61,53039
2020-6,39206210,聚對苯二甲酸乙二酯製板、片及扁條,南韓,出口總值(含復出口),3,410
2020-6,39206210,聚對苯二甲酸乙二酯製板、片及扁條,美國,出口總值(含復出口),1052,420547
2020-6,39206210,聚對苯二甲酸乙二酯製板、片及扁條,英國,出口總值(含復出口),126,42257
2020-6,39206210,聚對苯二甲酸乙二酯製板、片及扁條,香港,出口總值(含復出口),397,24551
2020-6,39206210,聚對苯二甲酸乙二酯製板、片及扁條,泰國,出口總值(含復出口),52,26000
2020-6,39206210,聚對苯二甲酸乙二酯製板、片及扁條,馬來西亞,出口總值(含復出口),405,218680
2020-6,39206210,聚對苯二甲酸乙二酯製板、片及扁條,荷蘭,出口總值(含復出口),30,21161
2020-6,39206210,聚對苯二甲酸乙二酯製板、片及扁條,斯里蘭卡,出口總值(含復出口),20,12200
2020-6,39206210,聚對苯二甲酸乙二酯製板、片及扁條,斯洛維尼亞,出口總值(含復出口),4,586
2020-6,39206210,聚對苯二甲酸乙二酯製板、片及扁條,菲律賓,出口總值(含復出口),157,100817
2020-6,39206210,聚對苯二甲酸乙二酯製板、片及扁條,越南,出口總值(含復出口),16,4000
2020-6,39206210,聚對苯二甲酸乙二酯製板、片及扁條,新加坡,出口總值(含復出口),6,1622
2020-6,39206210,聚對苯二甲酸乙二酯製板、片及扁條,德國,出口總值(含復出口),13,4977
2020-6,39206210,聚對苯二甲酸乙二酯製板、片及扁條,緬甸,出口總值(含復出口),7,23680
2020-6,39206210,聚對苯二甲酸乙二酯製板、片及扁條,澳大利亞,出口總值(含復出口),403,356376
2020-6,39206210,聚對苯二甲酸乙二酯製板、片及扁條,賽普勒斯,出口總值(含復出口),5,1800
2020-6,39209991,其他塑膠板、片及扁條，非多孔性及未經以其他物質加強、積層、支持或與其他物質類似結合者,中國大陸,進口總值(含復進口),745,239733
2020-6,39209991,其他塑膠板、片及扁條，非多孔性及未經以其他物質加強、積層、支持或與其他物質類似結合者,日本,進口總值(含復進口),40,505
2020-6,39209991,其他塑膠板、片及扁條，非多孔性及未經以其他物質加強、積層、支持或與其他物質類似結合者,加拿大,進口總值(含復進口),3,59
2020-6,39209991,其他塑膠板、片及扁條，非多孔性及未經以其他物質加強、積層、支持或與其他物質類似結合者,印尼,進口總值(含復進口),0,9
2020-6,39209991,其他塑膠板、片及扁條，非多孔性及未經以其他物質加強、積層、支持或與其他物質類似結合者,南韓,進口總值(含復進口),135,10115
2020-6,39209991,其他塑膠板、片及扁條，非多孔性及未經以其他物質加強、積層、支持或與其他物質類似結合者,美國,進口總值(含復進口),372,4090
2020-6,39209991,其他塑膠板、片及扁條，非多孔性及未經以其他物質加強、積層、支持或與其他物質類似結合者,奧地利,進口總值(含復進口),16,570
2020-6,39209991,其他塑膠板、片及扁條，非多孔性及未經以其他物質加強、積層、支持或與其他物質類似結合者,葡萄牙,進口總值(含復進口),14,22785
2020-6,39209991,其他塑膠板、片及扁條，非多孔性及未經以其他物質加強、積層、支持或與其他物質類似結合者,德國,進口總值(含復進口),173,8034
2020-6,39209991,其他塑膠板、片及扁條，非多孔性及未經以其他物質加強、積層、支持或與其他物質類似結合者,中國大陸,出口總值(含復出口),1817,139834
2020-6,39209991,其他塑膠板、片及扁條，非多孔性及未經以其他物質加強、積層、支持或與其他物質類似結合者,日本,出口總值(含復出口),24,294
2020-6,39209991,其他塑膠板、片及扁條，非多孔性及未經以其他物質加強、積層、支持或與其他物質類似結合者,尼加拉瓜,出口總值(含復出口),15,2586
2020-6,39209991,其他塑膠板、片及扁條，非多孔性及未經以其他物質加強、積層、支持或與其他物質類似結合者,尼泊爾,出口總值(含復出口),0,0
2020-6,39209991,其他塑膠板、片及扁條，非多孔性及未經以其他物質加強、積層、支持或與其他物質類似結合者,南非,出口總值(含復出口),3,1132
2020-6,39209991,其他塑膠板、片及扁條，非多孔性及未經以其他物質加強、積層、支持或與其他物質類似結合者,柬埔寨,出口總值(含復出口),6,3132
2020-6,39209991,其他塑膠板、片及扁條，非多孔性及未經以其他物質加強、積層、支持或與其他物質類似結合者,科威特,出口總值(含復出口),84,22550
2020-6,39209991,其他塑膠板、片及扁條，非多孔性及未經以其他物質加強、積層、支持或與其他物質類似結合者,美國,出口總值(含復出口),41,11258
2020-6,39209991,其他塑膠板、片及扁條，非多孔性及未經以其他物質加強、積層、支持或與其他物質類似結合者,泰國,出口總值(含復出口),6,1459
2020-6,39209991,其他塑膠板、片及扁條，非多孔性及未經以其他物質加強、積層、支持或與其他物質類似結合者,馬來西亞,出口總值(含復出口),23,9493
2020-6,39209991,其他塑膠板、片及扁條，非多孔性及未經以其他物質加強、積層、支持或與其他物質類似結合者,菲律賓,出口總值(含復出口),18,351
2020-6,39209991,其他塑膠板、片及扁條，非多孔性及未經以其他物質加強、積層、支持或與其他物質類似結合者,象牙海岸,出口總值(含復出口),3,112
2020-6,39209991,其他塑膠板、片及扁條，非多孔性及未經以其他物質加強、積層、支持或與其他物質類似結合者,越南,出口總值(含復出口),35,6399
2020-6,39209991,其他塑膠板、片及扁條，非多孔性及未經以其他物質加強、積層、支持或與其他物質類似結合者,愛爾蘭,出口總值(含復出口),0,2
2020-6,39209991,其他塑膠板、片及扁條，非多孔性及未經以其他物質加強、積層、支持或與其他物質類似結合者,新加坡,出口總值(含復出口),24,525
2020-6,39209991,其他塑膠板、片及扁條，非多孔性及未經以其他物質加強、積層、支持或與其他物質類似結合者,德國,出口總值(含復出口),1,15
2020-6,39209991,其他塑膠板、片及扁條，非多孔性及未經以其他物質加強、積層、支持或與其他物質類似結合者,澳大利亞,出口總值(含復出口),11,8804
2020-7,39199020,供製造半導體晶圓用之自黏性圓形研磨墊，屬塑膠製品者,中國大陸,進口總值(含復進口),0,11
2020-7,39199020,供製造半導體晶圓用之自黏性圓形研磨墊，屬塑膠製品者,中華民國,進口總值(含復進口),2,7
2020-7,39199020,供製造半導體晶圓用之自黏性圓形研磨墊，屬塑膠製品者,日本,進口總值(含復進口),1017,3326
2020-7,39199020,供製造半導體晶圓用之自黏性圓形研磨墊，屬塑膠製品者,南韓,進口總值(含復進口),10,2
2020-7,39199020,供製造半導體晶圓用之自黏性圓形研磨墊，屬塑膠製品者,美國,進口總值(含復進口),1961,5165
2020-7,39199020,供製造半導體晶圓用之自黏性圓形研磨墊，屬塑膠製品者,德國,進口總值(含復進口),0,0
2020-7,39199020,供製造半導體晶圓用之自黏性圓形研磨墊，屬塑膠製品者,中國大陸,出口總值(含復出口),5678,20307
2020-7,39199020,供製造半導體晶圓用之自黏性圓形研磨墊，屬塑膠製品者,日本,出口總值(含復出口),538,2119
2020-7,39199020,供製造半導體晶圓用之自黏性圓形研磨墊，屬塑膠製品者,南韓,出口總值(含復出口),4878,39067
2020-7,39199020,供製造半導體晶圓用之自黏性圓形研磨墊，屬塑膠製品者,美國,出口總值(含復出口),65,508
2020-7,39199020,供製造半導體晶圓用之自黏性圓形研磨墊，屬塑膠製品者,馬來西亞,出口總值(含復出口),28,136
2020-7,39199020,供製造半導體晶圓用之自黏性圓形研磨墊，屬塑膠製品者,新加坡,出口總值(含復出口),711,3581
2020-7,39201010,聚乙烯塑膠板、片及扁條,中國大陸,進口總值(含復進口),625,241674
2020-7,39201010,聚乙烯塑膠板、片及扁條,中華民國,進口總值(含復進口),1,6547
2020-7,39201010,聚乙烯塑膠板、片及扁條,日本,進口總值(含復進口),180,33545
2020-7,39201010,聚乙烯塑膠板、片及扁條,比利時,進口總值(含復進口),54,5048
2020-7,39201010,聚乙烯塑膠板、片及扁條,印度,進口總值(含復進口),7,2257
2020-7,39201010,聚乙烯塑膠板、片及扁條,西班牙,進口總值(含復進口),2,145
2020-7,39201010,聚乙烯塑膠板、片及扁條,法國,進口總值(含復進口),66,29480
2020-7,39201010,聚乙烯塑膠板、片及扁條,南韓,進口總值(含復進口),14,1790
2020-7,39201010,聚乙烯塑膠板、片及扁條,美國,進口總值(含復進口),5,557
2020-7,39201010,聚乙烯塑膠板、片及扁條,馬來西亞,進口總值(含復進口),32,23184
2020-7,39201010,聚乙烯塑膠板、片及扁條,越南,進口總值(含復進口),3,1500
2020-7,39201010,聚乙烯塑膠板、片及扁條,德國,進口總值(含復進口),123,24515
2020-7,39201010,聚乙烯塑膠板、片及扁條,中國大陸,出口總值(含復出口),234,46542
2020-7,39201010,聚乙烯塑膠板、片及扁條,巴基斯坦,出口總值(含復出口),8,10300
2020-7,39201010,聚乙烯塑膠板、片及扁條,日本,出口總值(含復出口),168,33423
2020-7,39201010,聚乙烯塑膠板、片及扁條,加拿大,出口總值(含復出口),3,417
2020-7,39201010,聚乙烯塑膠板、片及扁條,印尼,出口總值(含復出口),10,2262
2020-7,39201010,聚乙烯塑膠板、片及扁條,西班牙,出口總值(含復出口),2,96
2020-7,39201010,聚乙烯塑膠板、片及扁條,宏都拉斯,出口總值(含復出口),0,44
2020-7,39201010,聚乙烯塑膠板、片及扁條,波蘭,出口總值(含復出口),5,17
2020-7,39201010,聚乙烯塑膠板、片及扁條,俄羅斯,出口總值(含復出口),3,142
2020-7,39201010,聚乙烯塑膠板、片及扁條,柬埔寨,出口總值(含復出口),1,178
2020-7,39201010,聚乙烯塑膠板、片及扁條,美國,出口總值(含復出口),219,56375
2020-7,39201010,聚乙烯塑膠板、片及扁條,香港,出口總值(含復出口),122,78463
2020-7,39201010,聚乙烯塑膠板、片及扁條,泰國,出口總值(含復出口),72,26595
2020-7,39201010,聚乙烯塑膠板、片及扁條,馬來西亞,出口總值(含復出口),175,300928
2020-7,39201010,聚乙烯塑膠板、片及扁條,菲律賓,出口總值(含復出口),16,5925
2020-7,39201010,聚乙烯塑膠板、片及扁條,越南,出口總值(含復出口),59,12289
2020-7,39201010,聚乙烯塑膠板、片及扁條,德國,出口總值(含復出口),11,42
2020-7,39201010,聚乙烯塑膠板、片及扁條,墨西哥,出口總值(含復出口),13,1298
2020-7,39201010,聚乙烯塑膠板、片及扁條,澳大利亞,出口總值(含復出口),13,1148
2020-7,39202021,電容器用金屬化聚丙烯薄膜，留有未鍍邊，總寬度不超過１００公厘，總厚度在０．０１５公厘以上，０．０２５公厘以下者,中國大陸,進口總值(含復進口),5,239
2020-7,39202021,電容器用金屬化聚丙烯薄膜，留有未鍍邊，總寬度不超過１００公厘，總厚度在０．０１５公厘以上，０．０２５公厘以下者,南韓,進口總值(含復進口),59,4454
2020-7,39205110,聚甲基丙烯酸甲酯板、片及扁條,中國大陸,進口總值(含復進口),174,68914
2020-7,39205110,聚甲基丙烯酸甲酯板、片及扁條,日本,進口總值(含復進口),126,28159
2020-7,39205110,聚甲基丙烯酸甲酯板、片及扁條,南韓,進口總值(含復進口),1219,474834
2020-7,39205110,聚甲基丙烯酸甲酯板、片及扁條,美國,進口總值(含復進口),2,109
2020-7,39205110,聚甲基丙烯酸甲酯板、片及扁條,越南,進口總值(含復進口),2,28
2020-7,39205110,聚甲基丙烯酸甲酯板、片及扁條,奧地利,進口總值(含復進口),12,64
2020-7,39205110,聚甲基丙烯酸甲酯板、片及扁條,中國大陸,出口總值(含復出口),7148,2685719
2020-7,39205110,聚甲基丙烯酸甲酯板、片及扁條,巴西,出口總值(含復出口),62,25125
2020-7,39205110,聚甲基丙烯酸甲酯板、片及扁條,日本,出口總值(含復出口),794,231014
2020-7,39205110,聚甲基丙烯酸甲酯板、片及扁條,加拿大,出口總值(含復出口),131,42176
2020-7,39205110,聚甲基丙烯酸甲酯板、片及扁條,卡達,出口總值(含復出口),157,63683
2020-7,39205110,聚甲基丙烯酸甲酯板、片及扁條,尼加拉瓜,出口總值(含復出口),59,23879
2020-7,39205110,聚甲基丙烯酸甲酯板、片及扁條,印度,出口總值(含復出口),253,139015
2020-7,39205110,聚甲基丙烯酸甲酯板、片及扁條,宏都拉斯,出口總值(含復出口),56,19837
2020-7,39205110,聚甲基丙烯酸甲酯板、片及扁條,希臘,出口總值(含復出口),44,16085
2020-7,39205110,聚甲基丙烯酸甲酯板、片及扁條,沙烏地阿拉伯,出口總值(含復出口),126,50201
2020-7,39205110,聚甲基丙烯酸甲酯板、片及扁條,奈及利亞,出口總值(含復出口),22,11223
2020-7,39205110,聚甲基丙烯酸甲酯板、片及扁條,波多黎各,出口總值(含復出口),84,29342
2020-7,39205110,聚甲基丙烯酸甲酯板、片及扁條,阿拉伯聯合大公國,出口總值(含復出口),515,190067
2020-7,39205110,聚甲基丙烯酸甲酯板、片及扁條,阿曼,出口總值(含復出口),40,17241
2020-7,39205110,聚甲基丙烯酸甲酯板、片及扁條,南韓,出口總值(含復出口),844,315961
2020-7,39205110,聚甲基丙烯酸甲酯板、片及扁條,科威特,出口總值(含復出口),89,37649
2020-7,39205110,聚甲基丙烯酸甲酯板、片及扁條,美國,出口總值(含復出口),4925,1803712
2020-7,39205110,聚甲基丙烯酸甲酯板、片及扁條,香港,出口總值(含復出口),279,89252
2020-7,39205110,聚甲基丙烯酸甲酯板、片及扁條,哥倫比亞,出口總值(含復出口),4,92
2020-7,39205110,聚甲基丙烯酸甲酯板、片及扁條,哥斯大黎加,出口總值(含復出口),82,29376
2020-7,39205110,聚甲基丙烯酸甲酯板、片及扁條,馬來西亞,出口總值(含復出口),69,49922
2020-7,39205110,聚甲基丙烯酸甲酯板、片及扁條,馬紹爾群島,出口總值(含復出口),0,18
2020-7,39205110,聚甲基丙烯酸甲酯板、片及扁條,敘利亞,出口總值(含復出口),45,17297
2020-7,39205110,聚甲基丙烯酸甲酯板、片及扁條,菲律賓,出口總值(含復出口),61,24031
2020-7,39205110,聚甲基丙烯酸甲酯板、片及扁條,越南,出口總值(含復出口),285,78585
2020-7,39205110,聚甲基丙烯酸甲酯板、片及扁條,新加坡,出口總值(含復出口),250,101462
2020-7,39205110,聚甲基丙烯酸甲酯板、片及扁條,黎巴嫩,出口總值(含復出口),118,48515
2020-7,39205110,聚甲基丙烯酸甲酯板、片及扁條,墨西哥,出口總值(含復出口),261,98262
2020-7,39205110,聚甲基丙烯酸甲酯板、片及扁條,澳大利亞,出口總值(含復出口),59,20275
2020-7,39205110,聚甲基丙烯酸甲酯板、片及扁條,薩爾瓦多,出口總值(含復出口),105,44000
2020-7,39205110,聚甲基丙烯酸甲酯板、片及扁條,關島,出口總值(含復出口),19,7482
2020-7,39206210,聚對苯二甲酸乙二酯製板、片及扁條,中國大陸,進口總值(含復進口),1034,231598
2020-7,39206210,聚對苯二甲酸乙二酯製板、片及扁條,中華民國,進口總值(含復進口),7,2802
2020-7,39206210,聚對苯二甲酸乙二酯製板、片及扁條,日本,進口總值(含復進口),91,15164
2020-7,39206210,聚對苯二甲酸乙二酯製板、片及扁條,印度,進口總值(含復進口),8,3986
2020-7,39206210,聚對苯二甲酸乙二酯製板、片及扁條,南韓,進口總值(含復進口),537,169768
2020-7,39206210,聚對苯二甲酸乙二酯製板、片及扁條,泰國,進口總值(含復進口),14,10154
2020-7,39206210,聚對苯二甲酸乙二酯製板、片及扁條,越南,進口總值(含復進口),24,21594
2020-7,39206210,聚對苯二甲酸乙二酯製板、片及扁條,義大利,進口總值(含復進口),2,181
2020-7,39206210,聚對苯二甲酸乙二酯製板、片及扁條,德國,進口總值(含復進口),1,7
2020-7,39206210,聚對苯二甲酸乙二酯製板、片及扁條,中國大陸,出口總值(含復出口),9979,1403902
2020-7,39206210,聚對苯二甲酸乙二酯製板、片及扁條,日本,出口總值(含復出口),912,499945
2020-7,39206210,聚對苯二甲酸乙二酯製板、片及扁條,加拿大,出口總值(含復出口),118,105301
2020-7,39206210,聚對苯二甲酸乙二酯製板、片及扁條,白俄羅斯,出口總值(含復出口),4,273
2020-7,39206210,聚對苯二甲酸乙二酯製板、片及扁條,印尼,出口總值(含復出口),255,189905
2020-7,39206210,聚對苯二甲酸乙二酯製板、片及扁條,印度,出口總值(含復出口),84,81710
2020-7,39206210,聚對苯二甲酸乙二酯製板、片及扁條,法屬玻里尼西亞,出口總值(含復出口),5,2880
2020-7,39206210,聚對苯二甲酸乙二酯製板、片及扁條,阿拉伯聯合大公國,出口總值(含復出口),2,309
2020-7,39206210,聚對苯二甲酸乙二酯製板、片及扁條,阿曼,出口總值(含復出口),10,10360
2020-7,39206210,聚對苯二甲酸乙二酯製板、片及扁條,美國,出口總值(含復出口),1643,893614
2020-7,39206210,聚對苯二甲酸乙二酯製板、片及扁條,英國,出口總值(含復出口),116,39303
2020-7,39206210,聚對苯二甲酸乙二酯製板、片及扁條,香港,出口總值(含復出口),754,95391
2020-7,39206210,聚對苯二甲酸乙二酯製板、片及扁條,哥斯大黎加,出口總值(含復出口),21,18000
2020-7,39206210,聚對苯二甲酸乙二酯製板、片及扁條,泰國,出口總值(含復出口),104,52500
2020-7,39206210,聚對苯二甲酸乙二酯製板、片及扁條,紐西蘭,出口總值(含復出口),91,58317
2020-7,39206210,聚對苯二甲酸乙二酯製板、片及扁條,馬來西亞,出口總值(含復出口),362,191585
2020-7,39206210,聚對苯二甲酸乙二酯製板、片及扁條,斯里蘭卡,出口總值(含復出口),16,12900
2020-7,39206210,聚對苯二甲酸乙二酯製板、片及扁條,菲律賓,出口總值(含復出口),80,35560
2020-7,39206210,聚對苯二甲酸乙二酯製板、片及扁條,越南,出口總值(含復出口),14,4375
2020-7,39206210,聚對苯二甲酸乙二酯製板、片及扁條,新加坡,出口總值(含復出口),17,4172
2020-7,39206210,聚對苯二甲酸乙二酯製板、片及扁條,德國,出口總值(含復出口),41,16673
2020-7,39206210,聚對苯二甲酸乙二酯製板、片及扁條,澳大利亞,出口總值(含復出口),846,722254
2020-7,39209991,其他塑膠板、片及扁條，非多孔性及未經以其他物質加強、積層、支持或與其他物質類似結合者,中國大陸,進口總值(含復進口),711,220113
2020-7,39209991,其他塑膠板、片及扁條，非多孔性及未經以其他物質加強、積層、支持或與其他物質類似結合者,日本,進口總值(含復進口),148,15837
2020-7,39209991,其他塑膠板、片及扁條，非多孔性及未經以其他物質加強、積層、支持或與其他物質類似結合者,南韓,進口總值(含復進口),144,25313
2020-7,39209991,其他塑膠板、片及扁條，非多孔性及未經以其他物質加強、積層、支持或與其他物質類似結合者,美國,進口總值(含復進口),408,19107
2020-7,39209991,其他塑膠板、片及扁條，非多孔性及未經以其他物質加強、積層、支持或與其他物質類似結合者,馬來西亞,進口總值(含復進口),2,17
2020-7,39209991,其他塑膠板、片及扁條，非多孔性及未經以其他物質加強、積層、支持或與其他物質類似結合者,荷蘭,進口總值(含復進口),1,0
2020-7,39209991,其他塑膠板、片及扁條，非多孔性及未經以其他物質加強、積層、支持或與其他物質類似結合者,瑞典,進口總值(含復進口),7,3
2020-7,39209991,其他塑膠板、片及扁條，非多孔性及未經以其他物質加強、積層、支持或與其他物質類似結合者,德國,進口總值(含復進口),34,1016
2020-7,39209991,其他塑膠板、片及扁條，非多孔性及未經以其他物質加強、積層、支持或與其他物質類似結合者,中國大陸,出口總值(含復出口),2342,195186
2020-7,39209991,其他塑膠板、片及扁條，非多孔性及未經以其他物質加強、積層、支持或與其他物質類似結合者,巴基斯坦,出口總值(含復出口),4,8700
2020-7,39209991,其他塑膠板、片及扁條，非多孔性及未經以其他物質加強、積層、支持或與其他物質類似結合者,日本,出口總值(含復出口),48,3130
2020-7,39209991,其他塑膠板、片及扁條，非多孔性及未經以其他物質加強、積層、支持或與其他物質類似結合者,沙烏地阿拉伯,出口總值(含復出口),6,2026
2020-7,39209991,其他塑膠板、片及扁條，非多孔性及未經以其他物質加強、積層、支持或與其他物質類似結合者,美國,出口總值(含復出口),213,12002
2020-7,39209991,其他塑膠板、片及扁條，非多孔性及未經以其他物質加強、積層、支持或與其他物質類似結合者,香港,出口總值(含復出口),23,188
2020-7,39209991,其他塑膠板、片及扁條，非多孔性及未經以其他物質加強、積層、支持或與其他物質類似結合者,馬來西亞,出口總值(含復出口),34,13079
2020-7,39209991,其他塑膠板、片及扁條，非多孔性及未經以其他物質加強、積層、支持或與其他物質類似結合者,越南,出口總值(含復出口),43,9556
2020-7,39209991,其他塑膠板、片及扁條，非多孔性及未經以其他物質加強、積層、支持或與其他物質類似結合者,新加坡,出口總值(含復出口),37,748
2020-7,39209991,其他塑膠板、片及扁條，非多孔性及未經以其他物質加強、積層、支持或與其他物質類似結合者,義大利,出口總值(含復出口),0,15
2020-7,39209991,其他塑膠板、片及扁條，非多孔性及未經以其他物質加強、積層、支持或與其他物質類似結合者,德國,出口總值(含復出口),5,89
2020-8,39199020,供製造半導體晶圓用之自黏性圓形研磨墊，屬塑膠製品者,中國大陸,進口總值(含復進口),1,3
2020-8,39199020,供製造半導體晶圓用之自黏性圓形研磨墊，屬塑膠製品者,中華民國,進口總值(含復進口),2,4
2020-8,39199020,供製造半導體晶圓用之自黏性圓形研磨墊，屬塑膠製品者,日本,進口總值(含復進口),1012,3181
2020-8,39199020,供製造半導體晶圓用之自黏性圓形研磨墊，屬塑膠製品者,印度,進口總值(含復進口),0,0
2020-8,39199020,供製造半導體晶圓用之自黏性圓形研磨墊，屬塑膠製品者,南韓,進口總值(含復進口),14,14
2020-8,39199020,供製造半導體晶圓用之自黏性圓形研磨墊，屬塑膠製品者,美國,進口總值(含復進口),2359,7357
2020-8,39199020,供製造半導體晶圓用之自黏性圓形研磨墊，屬塑膠製品者,德國,進口總值(含復進口),0,0
2020-8,39199020,供製造半導體晶圓用之自黏性圓形研磨墊，屬塑膠製品者,中國大陸,出口總值(含復出口),6054,21857
2020-8,39199020,供製造半導體晶圓用之自黏性圓形研磨墊，屬塑膠製品者,日本,出口總值(含復出口),453,1711
2020-8,39199020,供製造半導體晶圓用之自黏性圓形研磨墊，屬塑膠製品者,南韓,出口總值(含復出口),3429,27125
2020-8,39199020,供製造半導體晶圓用之自黏性圓形研磨墊，屬塑膠製品者,美國,出口總值(含復出口),100,787
2020-8,39199020,供製造半導體晶圓用之自黏性圓形研磨墊，屬塑膠製品者,馬來西亞,出口總值(含復出口),42,230
2020-8,39199020,供製造半導體晶圓用之自黏性圓形研磨墊，屬塑膠製品者,越南,出口總值(含復出口),2,26
2020-8,39199020,供製造半導體晶圓用之自黏性圓形研磨墊，屬塑膠製品者,新加坡,出口總值(含復出口),601,3102
2020-8,39199020,供製造半導體晶圓用之自黏性圓形研磨墊，屬塑膠製品者,義大利,出口總值(含復出口),4,3
2020-8,39201010,聚乙烯塑膠板、片及扁條,土耳其,進口總值(含復進口),14,6125
2020-8,39201010,聚乙烯塑膠板、片及扁條,中國大陸,進口總值(含復進口),675,264659
2020-8,39201010,聚乙烯塑膠板、片及扁條,中華民國,進口總值(含復進口),1,9042
2020-8,39201010,聚乙烯塑膠板、片及扁條,日本,進口總值(含復進口),152,17101
2020-8,39201010,聚乙烯塑膠板、片及扁條,比利時,進口總值(含復進口),28,3108
2020-8,39201010,聚乙烯塑膠板、片及扁條,印度,進口總值(含復進口),8,2254
2020-8,39201010,聚乙烯塑膠板、片及扁條,西班牙,進口總值(含復進口),32,23104
2020-8,39201010,聚乙烯塑膠板、片及扁條,法國,進口總值(含復進口),63,21953
2020-8,39201010,聚乙烯塑膠板、片及扁條,南韓,進口總值(含復進口),29,3891
2020-8,39201010,聚乙烯塑膠板、片及扁條,美國,進口總值(含復進口),81,4599
2020-8,39201010,聚乙烯塑膠板、片及扁條,英國,進口總值(含復進口),11,84
2020-8,39201010,聚乙烯塑膠板、片及扁條,香港,進口總值(含復進口),2,9
2020-8,39201010,聚乙烯塑膠板、片及扁條,泰國,進口總值(含復進口),69,13342
2020-8,39201010,聚乙烯塑膠板、片及扁條,馬來西亞,進口總值(含復進口),50,6519
2020-8,39201010,聚乙烯塑膠板、片及扁條,荷蘭,進口總值(含復進口),0,1
2020-8,39201010,聚乙烯塑膠板、片及扁條,瑞士,進口總值(含復進口),0,0
2020-8,39201010,聚乙烯塑膠板、片及扁條,瑞典,進口總值(含復進口),1,12
2020-8,39201010,聚乙烯塑膠板、片及扁條,德國,進口總值(含復進口),13,3136
2020-8,39201010,聚乙烯塑膠板、片及扁條,中國大陸,出口總值(含復出口),169,28130
2020-8,39201010,聚乙烯塑膠板、片及扁條,日本,出口總值(含復出口),227,41340
2020-8,39201010,聚乙烯塑膠板、片及扁條,以色列,出口總值(含復出口),3,83
2020-8,39201010,聚乙烯塑膠板、片及扁條,加拿大,出口總值(含復出口),9,834
2020-8,39201010,聚乙烯塑膠板、片及扁條,印尼,出口總值(含復出口),17,5263
2020-8,39201010,聚乙烯塑膠板、片及扁條,柬埔寨,出口總值(含復出口),7,1343
2020-8,39201010,聚乙烯塑膠板、片及扁條,科威特,出口總值(含復出口),3,123
2020-8,39201010,聚乙烯塑膠板、片及扁條,美國,出口總值(含復出口),46,17828
2020-8,39201010,聚乙烯塑膠板、片及扁條,香港,出口總值(含復出口),168,61123
2020-8,39201010,聚乙烯塑膠板、片及扁條,泰國,出口總值(含復出口),97,40466
2020-8,39201010,聚乙烯塑膠板、片及扁條,馬來西亞,出口總值(含復出口),58,108039
2020-8,39201010,聚乙烯塑膠板、片及扁條,斐濟,出口總值(含復出口),4,1611
2020-8,39201010,聚乙烯塑膠板、片及扁條,菲律賓,出口總值(含復出口),16,8000
2020-8,39201010,聚乙烯塑膠板、片及扁條,越南,出口總值(含復出口),74,13154
2020-8,39201010,聚乙烯塑膠板、片及扁條,德國,出口總值(含復出口),18,64
2020-8,39201010,聚乙烯塑膠板、片及扁條,澳大利亞,出口總值(含復出口),9,297
2020-8,39202021,電容器用金屬化聚丙烯薄膜，留有未鍍邊，總寬度不超過１００公厘，總厚度在０．０１５公厘以上，０．０２５公厘以下者,中國大陸,進口總值(含復進口),7,305
2020-8,39205110,聚甲基丙烯酸甲酯板、片及扁條,土耳其,進口總值(含復進口),3,83
2020-8,39205110,聚甲基丙烯酸甲酯板、片及扁條,中國大陸,進口總值(含復進口),32,20788
2020-8,39205110,聚甲基丙烯酸甲酯板、片及扁條,中華民國,進口總值(含復進口),63,35577
2020-8,39205110,聚甲基丙烯酸甲酯板、片及扁條,日本,進口總值(含復進口),20,2063
2020-8,39205110,聚甲基丙烯酸甲酯板、片及扁條,法國,進口總值(含復進口),14,591
2020-8,39205110,聚甲基丙烯酸甲酯板、片及扁條,南韓,進口總值(含復進口),1377,536904
2020-8,39205110,聚甲基丙烯酸甲酯板、片及扁條,美國,進口總值(含復進口),419,82759
2020-8,39205110,聚甲基丙烯酸甲酯板、片及扁條,瑞士,進口總值(含復進口),21,42
2020-8,39205110,聚甲基丙烯酸甲酯板、片及扁條,德國,進口總值(含復進口),4,268
2020-8,39205110,聚甲基丙烯酸甲酯板、片及扁條,中國大陸,出口總值(含復出口),5192,1891992
2020-8,39205110,聚甲基丙烯酸甲酯板、片及扁條,巴西,出口總值(含復出口),134,50793
2020-8,39205110,聚甲基丙烯酸甲酯板、片及扁條,巴林,出口總值(含復出口),42,17070
2020-8,39205110,聚甲基丙烯酸甲酯板、片及扁條,日本,出口總值(含復出口),1073,323990
2020-8,39205110,聚甲基丙烯酸甲酯板、片及扁條,加拿大,出口總值(含復出口),119,37964
2020-8,39205110,聚甲基丙烯酸甲酯板、片及扁條,卡達,出口總值(含復出口),102,40115
2020-8,39205110,聚甲基丙烯酸甲酯板、片及扁條,瓜地馬拉,出口總值(含復出口),50,16786
2020-8,39205110,聚甲基丙烯酸甲酯板、片及扁條,伊朗,出口總值(含復出口),190,77393
2020-8,39205110,聚甲基丙烯酸甲酯板、片及扁條,印度,出口總值(含復出口),139,82607
2020-8,39205110,聚甲基丙烯酸甲酯板、片及扁條,多明尼加,出口總值(含復出口),116,43482
2020-8,39205110,聚甲基丙烯酸甲酯板、片及扁條,宏都拉斯,出口總值(含復出口),57,20192
2020-8,39205110,聚甲基丙烯酸甲酯板、片及扁條,希臘,出口總值(含復出口),4,70
2020-8,39205110,聚甲基丙烯酸甲酯板、片及扁條,沙烏地阿拉伯,出口總值(含復出口),332,127510
2020-8,39205110,聚甲基丙烯酸甲酯板、片及扁條,奈及利亞,出口總值(含復出口),51,22950
2020-8,39205110,聚甲基丙烯酸甲酯板、片及扁條,肯亞,出口總值(含復出口),26,10229
2020-8,39205110,聚甲基丙烯酸甲酯板、片及扁條,芬蘭,出口總值(含復出口),97,31305
2020-8,39205110,聚甲基丙烯酸甲酯板、片及扁條,阿拉伯聯合大公國,出口總值(含復出口),234,95907
2020-8,39205110,聚甲基丙烯酸甲酯板、片及扁條,阿曼,出口總值(含復出口),40,16380
2020-8,39205110,聚甲基丙烯酸甲酯板、片及扁條,南韓,出口總值(含復出口),1167,411624
2020-8,39205110,聚甲基丙烯酸甲酯板、片及扁條,科威特,出口總值(含復出口),43,16618
2020-8,39205110,聚甲基丙烯酸甲酯板、片及扁條,約旦,出口總值(含復出口),10,3542
2020-8,39205110,聚甲基丙烯酸甲酯板、片及扁條,美國,出口總值(含復出口),5706,2084635
2020-8,39205110,聚甲基丙烯酸甲酯板、片及扁條,英國,出口總值(含復出口),82,26752
2020-8,39205110,聚甲基丙烯酸甲酯板、片及扁條,香港,出口總值(含復出口),149,55735
2020-8,39205110,聚甲基丙烯酸甲酯板、片及扁條,哥斯大黎加,出口總值(含復出口),42,16339
2020-8,39205110,聚甲基丙烯酸甲酯板、片及扁條,紐西蘭,出口總值(含復出口),0,6
2020-8,39205110,聚甲基丙烯酸甲酯板、片及扁條,馬來西亞,出口總值(含復出口),225,78015
2020-8,39205110,聚甲基丙烯酸甲酯板、片及扁條,智利,出口總值(含復出口),61,23940
2020-8,39205110,聚甲基丙烯酸甲酯板、片及扁條,越南,出口總值(含復出口),156,35277
2020-8,39205110,聚甲基丙烯酸甲酯板、片及扁條,新加坡,出口總值(含復出口),158,61086
2020-8,39205110,聚甲基丙烯酸甲酯板、片及扁條,葉門,出口總值(含復出口),45,16815
2020-8,39205110,聚甲基丙烯酸甲酯板、片及扁條,德國,出口總值(含復出口),7,985
2020-8,39205110,聚甲基丙烯酸甲酯板、片及扁條,黎巴嫩,出口總值(含復出口),51,17939
2020-8,39205110,聚甲基丙烯酸甲酯板、片及扁條,墨西哥,出口總值(含復出口),51,19176
2020-8,39205110,聚甲基丙烯酸甲酯板、片及扁條,澳大利亞,出口總值(含復出口),3,167
2020-8,39205110,聚甲基丙烯酸甲酯板、片及扁條,薩爾瓦多,出口總值(含復出口),86,34862
2020-8,39206210,聚對苯二甲酸乙二酯製板、片及扁條,中國大陸,進口總值(含復進口),1002,212644
2020-8,39206210,聚對苯二甲酸乙二酯製板、片及扁條,日本,進口總值(含復進口),9,320
2020-8,39206210,聚對苯二甲酸乙二酯製板、片及扁條,南韓,進口總值(含復進口),998,300101
2020-8,39206210,聚對苯二甲酸乙二酯製板、片及扁條,泰國,進口總值(含復進口),15,9573
2020-8,39206210,聚對苯二甲酸乙二酯製板、片及扁條,德國,進口總值(含復進口),14,593
2020-8,39206210,聚對苯二甲酸乙二酯製板、片及扁條,中國大陸,出口總值(含復出口),10183,1398499
2020-8,39206210,聚對苯二甲酸乙二酯製板、片及扁條,日本,出口總值(含復出口),702,432448
2020-8,39206210,聚對苯二甲酸乙二酯製板、片及扁條,加拿大,出口總值(含復出口),191,171084
2020-8,39206210,聚對苯二甲酸乙二酯製板、片及扁條,印尼,出口總值(含復出口),338,256223
2020-8,39206210,聚對苯二甲酸乙二酯製板、片及扁條,印度,出口總值(含復出口),105,104956
2020-8,39206210,聚對苯二甲酸乙二酯製板、片及扁條,多明尼加,出口總值(含復出口),24,16500
2020-8,39206210,聚對苯二甲酸乙二酯製板、片及扁條,西班牙,出口總值(含復出口),2,170
2020-8,39206210,聚對苯二甲酸乙二酯製板、片及扁條,阿拉伯聯合大公國,出口總值(含復出口),16,2225
2020-8,39206210,聚對苯二甲酸乙二酯製板、片及扁條,美國,出口總值(含復出口),1455,676484
2020-8,39206210,聚對苯二甲酸乙二酯製板、片及扁條,香港,出口總值(含復出口),589,69716
2020-8,39206210,聚對苯二甲酸乙二酯製板、片及扁條,泰國,出口總值(含復出口),94,46000
2020-8,39206210,聚對苯二甲酸乙二酯製板、片及扁條,紐西蘭,出口總值(含復出口),82,62613
2020-8,39206210,聚對苯二甲酸乙二酯製板、片及扁條,馬來西亞,出口總值(含復出口),713,374860
2020-8,39206210,聚對苯二甲酸乙二酯製板、片及扁條,荷蘭,出口總值(含復出口),25,20836
2020-8,39206210,聚對苯二甲酸乙二酯製板、片及扁條,斯里蘭卡,出口總值(含復出口),3,2850
2020-8,39206210,聚對苯二甲酸乙二酯製板、片及扁條,菲律賓,出口總值(含復出口),267,162127
2020-8,39206210,聚對苯二甲酸乙二酯製板、片及扁條,越南,出口總值(含復出口),30,10599
2020-8,39206210,聚對苯二甲酸乙二酯製板、片及扁條,新加坡,出口總值(含復出口),31,14094
2020-8,39206210,聚對苯二甲酸乙二酯製板、片及扁條,德國,出口總值(含復出口),7,515
2020-8,39206210,聚對苯二甲酸乙二酯製板、片及扁條,澳大利亞,出口總值(含復出口),1418,1260942
2020-8,39209991,其他塑膠板、片及扁條，非多孔性及未經以其他物質加強、積層、支持或與其他物質類似結合者,中國大陸,進口總值(含復進口),697,176405
2020-8,39209991,其他塑膠板、片及扁條，非多孔性及未經以其他物質加強、積層、支持或與其他物質類似結合者,日本,進口總值(含復進口),49,15793
2020-8,39209991,其他塑膠板、片及扁條，非多孔性及未經以其他物質加強、積層、支持或與其他物質類似結合者,南韓,進口總值(含復進口),197,25911
2020-8,39209991,其他塑膠板、片及扁條，非多孔性及未經以其他物質加強、積層、支持或與其他物質類似結合者,美國,進口總值(含復進口),541,3182
2020-8,39209991,其他塑膠板、片及扁條，非多孔性及未經以其他物質加強、積層、支持或與其他物質類似結合者,英國,進口總值(含復進口),1,1
2020-8,39209991,其他塑膠板、片及扁條，非多孔性及未經以其他物質加強、積層、支持或與其他物質類似結合者,泰國,進口總值(含復進口),23,9280
2020-8,39209991,其他塑膠板、片及扁條，非多孔性及未經以其他物質加強、積層、支持或與其他物質類似結合者,馬來西亞,進口總值(含復進口),11,2112
2020-8,39209991,其他塑膠板、片及扁條，非多孔性及未經以其他物質加強、積層、支持或與其他物質類似結合者,瑞士,進口總值(含復進口),2,88
2020-8,39209991,其他塑膠板、片及扁條，非多孔性及未經以其他物質加強、積層、支持或與其他物質類似結合者,義大利,進口總值(含復進口),49,1466
2020-8,39209991,其他塑膠板、片及扁條，非多孔性及未經以其他物質加強、積層、支持或與其他物質類似結合者,葡萄牙,進口總值(含復進口),45,70575
2020-8,39209991,其他塑膠板、片及扁條，非多孔性及未經以其他物質加強、積層、支持或與其他物質類似結合者,德國,進口總值(含復進口),27,1005
2020-8,39209991,其他塑膠板、片及扁條，非多孔性及未經以其他物質加強、積層、支持或與其他物質類似結合者,中國大陸,出口總值(含復出口),2458,179296
2020-8,39209991,其他塑膠板、片及扁條，非多孔性及未經以其他物質加強、積層、支持或與其他物質類似結合者,日本,出口總值(含復出口),87,3785
2020-8,39209991,其他塑膠板、片及扁條，非多孔性及未經以其他物質加強、積層、支持或與其他物質類似結合者,加拿大,出口總值(含復出口),19,10036
2020-8,39209991,其他塑膠板、片及扁條，非多孔性及未經以其他物質加強、積層、支持或與其他物質類似結合者,印尼,出口總值(含復出口),11,1920
2020-8,39209991,其他塑膠板、片及扁條，非多孔性及未經以其他物質加強、積層、支持或與其他物質類似結合者,帛琉,出口總值(含復出口),0,30
2020-8,39209991,其他塑膠板、片及扁條，非多孔性及未經以其他物質加強、積層、支持或與其他物質類似結合者,柬埔寨,出口總值(含復出口),10,94
2020-8,39209991,其他塑膠板、片及扁條，非多孔性及未經以其他物質加強、積層、支持或與其他物質類似結合者,科威特,出口總值(含復出口),41,10373
2020-8,39209991,其他塑膠板、片及扁條，非多孔性及未經以其他物質加強、積層、支持或與其他物質類似結合者,美國,出口總值(含復出口),158,1594
2020-8,39209991,其他塑膠板、片及扁條，非多孔性及未經以其他物質加強、積層、支持或與其他物質類似結合者,香港,出口總值(含復出口),7,26
2020-8,39209991,其他塑膠板、片及扁條，非多孔性及未經以其他物質加強、積層、支持或與其他物質類似結合者,泰國,出口總值(含復出口),9,2787
2020-8,39209991,其他塑膠板、片及扁條，非多孔性及未經以其他物質加強、積層、支持或與其他物質類似結合者,紐西蘭,出口總值(含復出口),2,8
2020-8,39209991,其他塑膠板、片及扁條，非多孔性及未經以其他物質加強、積層、支持或與其他物質類似結合者,馬來西亞,出口總值(含復出口),29,11866
2020-8,39209991,其他塑膠板、片及扁條，非多孔性及未經以其他物質加強、積層、支持或與其他物質類似結合者,越南,出口總值(含復出口),103,27031
2020-8,39209991,其他塑膠板、片及扁條，非多孔性及未經以其他物質加強、積層、支持或與其他物質類似結合者,愛爾蘭,出口總值(含復出口),0,2
2020-8,39209991,其他塑膠板、片及扁條，非多孔性及未經以其他物質加強、積層、支持或與其他物質類似結合者,新加坡,出口總值(含復出口),32,525
2020-8,39209991,其他塑膠板、片及扁條，非多孔性及未經以其他物質加強、積層、支持或與其他物質類似結合者,德國,出口總值(含復出口),10,1853
2020-8,39209991,其他塑膠板、片及扁條，非多孔性及未經以其他物質加強、積層、支持或與其他物質類似結合者,緬甸,出口總值(含復出口),3,600
2020-8,39209991,其他塑膠板、片及扁條，非多孔性及未經以其他物質加強、積層、支持或與其他物質類似結合者,澳大利亞,出口總值(含復出口),11,7920
2020-9,39199020,供製造半導體晶圓用之自黏性圓形研磨墊，屬塑膠製品者,中國大陸,進口總值(含復進口),8,29
2020-9,39199020,供製造半導體晶圓用之自黏性圓形研磨墊，屬塑膠製品者,日本,進口總值(含復進口),960,5117
2020-9,39199020,供製造半導體晶圓用之自黏性圓形研磨墊，屬塑膠製品者,南韓,進口總值(含復進口),4,19
2020-9,39199020,供製造半導體晶圓用之自黏性圓形研磨墊，屬塑膠製品者,美國,進口總值(含復進口),1790,5096
2020-9,39199020,供製造半導體晶圓用之自黏性圓形研磨墊，屬塑膠製品者,德國,進口總值(含復進口),0,1
2020-9,39199020,供製造半導體晶圓用之自黏性圓形研磨墊，屬塑膠製品者,中國大陸,出口總值(含復出口),5149,19683
2020-9,39199020,供製造半導體晶圓用之自黏性圓形研磨墊，屬塑膠製品者,巴西,出口總值(含復出口),0,8
2020-9,39199020,供製造半導體晶圓用之自黏性圓形研磨墊，屬塑膠製品者,日本,出口總值(含復出口),460,1568
2020-9,39199020,供製造半導體晶圓用之自黏性圓形研磨墊，屬塑膠製品者,南韓,出口總值(含復出口),4230,33879
2020-9,39199020,供製造半導體晶圓用之自黏性圓形研磨墊，屬塑膠製品者,美國,出口總值(含復出口),148,1341
2020-9,39199020,供製造半導體晶圓用之自黏性圓形研磨墊，屬塑膠製品者,馬來西亞,出口總值(含復出口),13,58
2020-9,39199020,供製造半導體晶圓用之自黏性圓形研磨墊，屬塑膠製品者,荷蘭,出口總值(含復出口),3,5
2020-9,39199020,供製造半導體晶圓用之自黏性圓形研磨墊，屬塑膠製品者,新加坡,出口總值(含復出口),702,4128
2020-9,39201010,聚乙烯塑膠板、片及扁條,中國大陸,進口總值(含復進口),665,253643
2020-9,39201010,聚乙烯塑膠板、片及扁條,中華民國,進口總值(含復進口),2,8908
2020-9,39201010,聚乙烯塑膠板、片及扁條,日本,進口總值(含復進口),361,34398
2020-9,39201010,聚乙烯塑膠板、片及扁條,印度,進口總值(含復進口),7,2416
2020-9,39201010,聚乙烯塑膠板、片及扁條,西班牙,進口總值(含復進口),37,31992
2020-9,39201010,聚乙烯塑膠板、片及扁條,南韓,進口總值(含復進口),23,5175
2020-9,39201010,聚乙烯塑膠板、片及扁條,美國,進口總值(含復進口),23,2050
2020-9,39201010,聚乙烯塑膠板、片及扁條,馬來西亞,進口總值(含復進口),24,14766
2020-9,39201010,聚乙烯塑膠板、片及扁條,德國,進口總值(含復進口),74,18600
2020-9,39201010,聚乙烯塑膠板、片及扁條,中國大陸,出口總值(含復出口),291,42001
2020-9,39201010,聚乙烯塑膠板、片及扁條,日本,出口總值(含復出口),342,78639
2020-9,39201010,聚乙烯塑膠板、片及扁條,加拿大,出口總值(含復出口),10,957
2020-9,39201010,聚乙烯塑膠板、片及扁條,印尼,出口總值(含復出口),13,5852
2020-9,39201010,聚乙烯塑膠板、片及扁條,阿拉伯聯合大公國,出口總值(含復出口),2,392
2020-9,39201010,聚乙烯塑膠板、片及扁條,俄羅斯,出口總值(含復出口),2,86
2020-9,39201010,聚乙烯塑膠板、片及扁條,柬埔寨,出口總值(含復出口),8,1293
2020-9,39201010,聚乙烯塑膠板、片及扁條,美國,出口總值(含復出口),96,16149
2020-9,39201010,聚乙烯塑膠板、片及扁條,香港,出口總值(含復出口),39,27119
2020-9,39201010,聚乙烯塑膠板、片及扁條,埃及,出口總值(含復出口),17,5560
2020-9,39201010,聚乙烯塑膠板、片及扁條,泰國,出口總值(含復出口),212,63059
2020-9,39201010,聚乙烯塑膠板、片及扁條,紐西蘭,出口總值(含復出口),11,4627
2020-9,39201010,聚乙烯塑膠板、片及扁條,馬來西亞,出口總值(含復出口),77,28356
2020-9,39201010,聚乙烯塑膠板、片及扁條,斯里蘭卡,出口總值(含復出口),4,2400
2020-9,39201010,聚乙烯塑膠板、片及扁條,智利,出口總值(含復出口),2,1830
2020-9,39201010,聚乙烯塑膠板、片及扁條,菲律賓,出口總值(含復出口),49,11111
2020-9,39201010,聚乙烯塑膠板、片及扁條,越南,出口總值(含復出口),57,6443
2020-9,39201010,聚乙烯塑膠板、片及扁條,新加坡,出口總值(含復出口),12,5825
2020-9,39201010,聚乙烯塑膠板、片及扁條,德國,出口總值(含復出口),28,76
2020-9,39201010,聚乙烯塑膠板、片及扁條,墨西哥,出口總值(含復出口),39,333
2020-9,39202021,電容器用金屬化聚丙烯薄膜，留有未鍍邊，總寬度不超過１００公厘，總厚度在０．０１５公厘以上，０．０２５公厘以下者,日本,進口總值(含復進口),3,2
2020-9,39202021,電容器用金屬化聚丙烯薄膜，留有未鍍邊，總寬度不超過１００公厘，總厚度在０．０１５公厘以上，０．０２５公厘以下者,南韓,進口總值(含復進口),3,179
2020-9,39205110,聚甲基丙烯酸甲酯板、片及扁條,中國大陸,進口總值(含復進口),21,2245
2020-9,39205110,聚甲基丙烯酸甲酯板、片及扁條,中華民國,進口總值(含復進口),11,4660
2020-9,39205110,聚甲基丙烯酸甲酯板、片及扁條,日本,進口總值(含復進口),10,832
2020-9,39205110,聚甲基丙烯酸甲酯板、片及扁條,南韓,進口總值(含復進口),1741,630111
2020-9,39205110,聚甲基丙烯酸甲酯板、片及扁條,越南,進口總值(含復進口),17,4325
2020-9,39205110,聚甲基丙烯酸甲酯板、片及扁條,奧地利,進口總值(含復進口),33,161
2020-9,39205110,聚甲基丙烯酸甲酯板、片及扁條,德國,進口總值(含復進口),2,130
2020-9,39205110,聚甲基丙烯酸甲酯板、片及扁條,中國大陸,出口總值(含復出口),6037,2347669
2020-9,39205110,聚甲基丙烯酸甲酯板、片及扁條,巴林,出口總值(含復出口),42,17320
2020-9,39205110,聚甲基丙烯酸甲酯板、片及扁條,日本,出口總值(含復出口),1078,341658
2020-9,39205110,聚甲基丙烯酸甲酯板、片及扁條,以色列,出口總值(含復出口),21,6901
2020-9,39205110,聚甲基丙烯酸甲酯板、片及扁條,卡達,出口總值(含復出口),201,81111
2020-9,39205110,聚甲基丙烯酸甲酯板、片及扁條,印度,出口總值(含復出口),143,82051
2020-9,39205110,聚甲基丙烯酸甲酯板、片及扁條,多明尼加,出口總值(含復出口),19,7105
2020-9,39205110,聚甲基丙烯酸甲酯板、片及扁條,宏都拉斯,出口總值(含復出口),36,12844
2020-9,39205110,聚甲基丙烯酸甲酯板、片及扁條,沙烏地阿拉伯,出口總值(含復出口),311,123938
2020-9,39205110,聚甲基丙烯酸甲酯板、片及扁條,波多黎各,出口總值(含復出口),104,37070
2020-9,39205110,聚甲基丙烯酸甲酯板、片及扁條,肯亞,出口總值(含復出口),36,14887
2020-9,39205110,聚甲基丙烯酸甲酯板、片及扁條,芬蘭,出口總值(含復出口),40,13250
2020-9,39205110,聚甲基丙烯酸甲酯板、片及扁條,阿拉伯聯合大公國,出口總值(含復出口),428,174304
2020-9,39205110,聚甲基丙烯酸甲酯板、片及扁條,阿根廷,出口總值(含復出口),43,17003
2020-9,39205110,聚甲基丙烯酸甲酯板、片及扁條,南韓,出口總值(含復出口),184,71216
2020-9,39205110,聚甲基丙烯酸甲酯板、片及扁條,科威特,出口總值(含復出口),84,33775
2020-9,39205110,聚甲基丙烯酸甲酯板、片及扁條,美國,出口總值(含復出口),4558,1706043
2020-9,39205110,聚甲基丙烯酸甲酯板、片及扁條,香港,出口總值(含復出口),335,112491
2020-9,39205110,聚甲基丙烯酸甲酯板、片及扁條,哥斯大黎加,出口總值(含復出口),26,8038
2020-9,39205110,聚甲基丙烯酸甲酯板、片及扁條,馬來西亞,出口總值(含復出口),46,19002
2020-9,39205110,聚甲基丙烯酸甲酯板、片及扁條,越南,出口總值(含復出口),217,49919
2020-9,39205110,聚甲基丙烯酸甲酯板、片及扁條,新加坡,出口總值(含復出口),51,21785
2020-9,39205110,聚甲基丙烯酸甲酯板、片及扁條,墨西哥,出口總值(含復出口),50,19205
2020-9,39205110,聚甲基丙烯酸甲酯板、片及扁條,澳大利亞,出口總值(含復出口),120,42914
2020-9,39205110,聚甲基丙烯酸甲酯板、片及扁條,賽普勒斯,出口總值(含復出口),118,37891
2020-9,39205110,聚甲基丙烯酸甲酯板、片及扁條,薩爾瓦多,出口總值(含復出口),60,22614
2020-9,39205110,聚甲基丙烯酸甲酯板、片及扁條,關島,出口總值(含復出口),27,10287
2020-9,39206210,聚對苯二甲酸乙二酯製板、片及扁條,中國大陸,進口總值(含復進口),1211,277029
2020-9,39206210,聚對苯二甲酸乙二酯製板、片及扁條,中華民國,進口總值(含復進口),3,22
2020-9,39206210,聚對苯二甲酸乙二酯製板、片及扁條,日本,進口總值(含復進口),76,60501
2020-9,39206210,聚對苯二甲酸乙二酯製板、片及扁條,印度,進口總值(含復進口),13,6661
2020-9,39206210,聚對苯二甲酸乙二酯製板、片及扁條,南韓,進口總值(含復進口),1098,350307
2020-9,39206210,聚對苯二甲酸乙二酯製板、片及扁條,美國,進口總值(含復進口),2,55
2020-9,39206210,聚對苯二甲酸乙二酯製板、片及扁條,奧地利,進口總值(含復進口),14,2081
2020-9,39206210,聚對苯二甲酸乙二酯製板、片及扁條,中國大陸,出口總值(含復出口),9756,1484740
2020-9,39206210,聚對苯二甲酸乙二酯製板、片及扁條,日本,出口總值(含復出口),805,428313
2020-9,39206210,聚對苯二甲酸乙二酯製板、片及扁條,加拿大,出口總值(含復出口),121,106695
2020-9,39206210,聚對苯二甲酸乙二酯製板、片及扁條,印尼,出口總值(含復出口),329,254185
2020-9,39206210,聚對苯二甲酸乙二酯製板、片及扁條,印度,出口總值(含復出口),149,150986
2020-9,39206210,聚對苯二甲酸乙二酯製板、片及扁條,汶萊,出口總值(含復出口),21,18000
2020-9,39206210,聚對苯二甲酸乙二酯製板、片及扁條,波蘭,出口總值(含復出口),4,258
2020-9,39206210,聚對苯二甲酸乙二酯製板、片及扁條,阿拉伯聯合大公國,出口總值(含復出口),5,608
2020-9,39206210,聚對苯二甲酸乙二酯製板、片及扁條,南韓,出口總值(含復出口),3,25
2020-9,39206210,聚對苯二甲酸乙二酯製板、片及扁條,美國,出口總值(含復出口),1121,676732
2020-9,39206210,聚對苯二甲酸乙二酯製板、片及扁條,香港,出口總值(含復出口),737,62527
2020-9,39206210,聚對苯二甲酸乙二酯製板、片及扁條,泰國,出口總值(含復出口),135,67000
2020-9,39206210,聚對苯二甲酸乙二酯製板、片及扁條,紐西蘭,出口總值(含復出口),63,55140
2020-9,39206210,聚對苯二甲酸乙二酯製板、片及扁條,馬來西亞,出口總值(含復出口),454,240382
2020-9,39206210,聚對苯二甲酸乙二酯製板、片及扁條,斯里蘭卡,出口總值(含復出口),37,25950
2020-9,39206210,聚對苯二甲酸乙二酯製板、片及扁條,斯洛維尼亞,出口總值(含復出口),1,78
2020-9,39206210,聚對苯二甲酸乙二酯製板、片及扁條,菲律賓,出口總值(含復出口),170,122208
2020-9,39206210,聚對苯二甲酸乙二酯製板、片及扁條,越南,出口總值(含復出口),50,31440
2020-9,39206210,聚對苯二甲酸乙二酯製板、片及扁條,新加坡,出口總值(含復出口),9,194
2020-9,39206210,聚對苯二甲酸乙二酯製板、片及扁條,德國,出口總值(含復出口),8,436
2020-9,39206210,聚對苯二甲酸乙二酯製板、片及扁條,澳大利亞,出口總值(含復出口),789,592429
2020-9,39209991,其他塑膠板、片及扁條，非多孔性及未經以其他物質加強、積層、支持或與其他物質類似結合者,中國大陸,進口總值(含復進口),748,267022
2020-9,39209991,其他塑膠板、片及扁條，非多孔性及未經以其他物質加強、積層、支持或與其他物質類似結合者,日本,進口總值(含復進口),89,9119
2020-9,39209991,其他塑膠板、片及扁條，非多孔性及未經以其他物質加強、積層、支持或與其他物質類似結合者,比利時,進口總值(含復進口),93,9862
2020-9,39209991,其他塑膠板、片及扁條，非多孔性及未經以其他物質加強、積層、支持或與其他物質類似結合者,加拿大,進口總值(含復進口),8,150
2020-9,39209991,其他塑膠板、片及扁條，非多孔性及未經以其他物質加強、積層、支持或與其他物質類似結合者,法國,進口總值(含復進口),0,1
2020-9,39209991,其他塑膠板、片及扁條，非多孔性及未經以其他物質加強、積層、支持或與其他物質類似結合者,南韓,進口總值(含復進口),164,12191
2020-9,39209991,其他塑膠板、片及扁條，非多孔性及未經以其他物質加強、積層、支持或與其他物質類似結合者,美國,進口總值(含復進口),370,2083
2020-9,39209991,其他塑膠板、片及扁條，非多孔性及未經以其他物質加強、積層、支持或與其他物質類似結合者,英國,進口總值(含復進口),14,570
2020-9,39209991,其他塑膠板、片及扁條，非多孔性及未經以其他物質加強、積層、支持或與其他物質類似結合者,奧地利,進口總值(含復進口),5,403
2020-9,39209991,其他塑膠板、片及扁條，非多孔性及未經以其他物質加強、積層、支持或與其他物質類似結合者,義大利,進口總值(含復進口),42,1756
2020-9,39209991,其他塑膠板、片及扁條，非多孔性及未經以其他物質加強、積層、支持或與其他物質類似結合者,葡萄牙,進口總值(含復進口),14,22785
2020-9,39209991,其他塑膠板、片及扁條，非多孔性及未經以其他物質加強、積層、支持或與其他物質類似結合者,德國,進口總值(含復進口),111,5040
2020-9,39209991,其他塑膠板、片及扁條，非多孔性及未經以其他物質加強、積層、支持或與其他物質類似結合者,中國大陸,出口總值(含復出口),2068,189405
2020-9,39209991,其他塑膠板、片及扁條，非多孔性及未經以其他物質加強、積層、支持或與其他物質類似結合者,巴西,出口總值(含復出口),4,50
2020-9,39209991,其他塑膠板、片及扁條，非多孔性及未經以其他物質加強、積層、支持或與其他物質類似結合者,巴基斯坦,出口總值(含復出口),4,8800
2020-9,39209991,其他塑膠板、片及扁條，非多孔性及未經以其他物質加強、積層、支持或與其他物質類似結合者,日本,出口總值(含復出口),133,10820
2020-9,39209991,其他塑膠板、片及扁條，非多孔性及未經以其他物質加強、積層、支持或與其他物質類似結合者,加拿大,出口總值(含復出口),18,15804
2020-9,39209991,其他塑膠板、片及扁條，非多孔性及未經以其他物質加強、積層、支持或與其他物質類似結合者,印尼,出口總值(含復出口),59,87
2020-9,39209991,其他塑膠板、片及扁條，非多孔性及未經以其他物質加強、積層、支持或與其他物質類似結合者,科威特,出口總值(含復出口),261,71650
2020-9,39209991,其他塑膠板、片及扁條，非多孔性及未經以其他物質加強、積層、支持或與其他物質類似結合者,美國,出口總值(含復出口),9,3198
2020-9,39209991,其他塑膠板、片及扁條，非多孔性及未經以其他物質加強、積層、支持或與其他物質類似結合者,香港,出口總值(含復出口),39,239
2020-9,39209991,其他塑膠板、片及扁條，非多孔性及未經以其他物質加強、積層、支持或與其他物質類似結合者,泰國,出口總值(含復出口),14,2830
2020-9,39209991,其他塑膠板、片及扁條，非多孔性及未經以其他物質加強、積層、支持或與其他物質類似結合者,秘魯,出口總值(含復出口),14,308
2020-9,39209991,其他塑膠板、片及扁條，非多孔性及未經以其他物質加強、積層、支持或與其他物質類似結合者,馬來西亞,出口總值(含復出口),43,16703
2020-9,39209991,其他塑膠板、片及扁條，非多孔性及未經以其他物質加強、積層、支持或與其他物質類似結合者,菲律賓,出口總值(含復出口),71,15873
2020-9,39209991,其他塑膠板、片及扁條，非多孔性及未經以其他物質加強、積層、支持或與其他物質類似結合者,越南,出口總值(含復出口),50,10341
2020-9,39209991,其他塑膠板、片及扁條，非多孔性及未經以其他物質加強、積層、支持或與其他物質類似結合者,新加坡,出口總值(含復出口),24,283
2020-9,39209991,其他塑膠板、片及扁條，非多孔性及未經以其他物質加強、積層、支持或與其他物質類似結合者,德國,出口總值(含復出口),5,1109
2020-9,39209991,其他塑膠板、片及扁條，非多孔性及未經以其他物質加強、積層、支持或與其他物質類似結合者,緬甸,出口總值(含復出口),6,1050
2020-10,39199020,供製造半導體晶圓用之自黏性圓形研磨墊，屬塑膠製品者,中國大陸,進口總值(含復進口),2,26
2020-10,39199020,供製造半導體晶圓用之自黏性圓形研磨墊，屬塑膠製品者,中華民國,進口總值(含復進口),0,6
2020-10,39199020,供製造半導體晶圓用之自黏性圓形研磨墊，屬塑膠製品者,日本,進口總值(含復進口),1148,7761
2020-10,39199020,供製造半導體晶圓用之自黏性圓形研磨墊，屬塑膠製品者,美國,進口總值(含復進口),2146,5479
2020-10,39199020,供製造半導體晶圓用之自黏性圓形研磨墊，屬塑膠製品者,德國,進口總值(含復進口),0,0
2020-10,39199020,供製造半導體晶圓用之自黏性圓形研磨墊，屬塑膠製品者,中國大陸,出口總值(含復出口),6810,25132
2020-10,39199020,供製造半導體晶圓用之自黏性圓形研磨墊，屬塑膠製品者,日本,出口總值(含復出口),351,1137
2020-10,39199020,供製造半導體晶圓用之自黏性圓形研磨墊，屬塑膠製品者,以色列,出口總值(含復出口),0,0
2020-10,39199020,供製造半導體晶圓用之自黏性圓形研磨墊，屬塑膠製品者,南韓,出口總值(含復出口),3544,28241
2020-10,39199020,供製造半導體晶圓用之自黏性圓形研磨墊，屬塑膠製品者,美國,出口總值(含復出口),132,1144
2020-10,39199020,供製造半導體晶圓用之自黏性圓形研磨墊，屬塑膠製品者,馬來西亞,出口總值(含復出口),20,92
2020-10,39199020,供製造半導體晶圓用之自黏性圓形研磨墊，屬塑膠製品者,新加坡,出口總值(含復出口),701,3691
2020-10,39199020,供製造半導體晶圓用之自黏性圓形研磨墊，屬塑膠製品者,瑞典,出口總值(含復出口),2,21
2020-10,39201010,聚乙烯塑膠板、片及扁條,中國大陸,進口總值(含復進口),1053,378054
2020-10,39201010,聚乙烯塑膠板、片及扁條,中華民國,進口總值(含復進口),1,3946
2020-10,39201010,聚乙烯塑膠板、片及扁條,日本,進口總值(含復進口),328,32460
2020-10,39201010,聚乙烯塑膠板、片及扁條,印尼,進口總值(含復進口),9,2717
2020-10,39201010,聚乙烯塑膠板、片及扁條,印度,進口總值(含復進口),7,2422
2020-10,39201010,聚乙烯塑膠板、片及扁條,南韓,進口總值(含復進口),26,10042
2020-10,39201010,聚乙烯塑膠板、片及扁條,美國,進口總值(含復進口),10,1361
2020-10,39201010,聚乙烯塑膠板、片及扁條,泰國,進口總值(含復進口),6,356
2020-10,39201010,聚乙烯塑膠板、片及扁條,馬來西亞,進口總值(含復進口),60,25774
2020-10,39201010,聚乙烯塑膠板、片及扁條,荷蘭,進口總值(含復進口),0,1
2020-10,39201010,聚乙烯塑膠板、片及扁條,越南,進口總值(含復進口),11,1090
2020-10,39201010,聚乙烯塑膠板、片及扁條,奧地利,進口總值(含復進口),80,5077
2020-10,39201010,聚乙烯塑膠板、片及扁條,瑞典,進口總值(含復進口),15,351
2020-10,39201010,聚乙烯塑膠板、片及扁條,德國,進口總值(含復進口),74,17920
2020-10,39201010,聚乙烯塑膠板、片及扁條,中國大陸,出口總值(含復出口),156,23848
2020-10,39201010,聚乙烯塑膠板、片及扁條,日本,出口總值(含復出口),572,121057
2020-10,39201010,聚乙烯塑膠板、片及扁條,印尼,出口總值(含復出口),16,5147
2020-10,39201010,聚乙烯塑膠板、片及扁條,印度,出口總值(含復出口),45,24310
2020-10,39201010,聚乙烯塑膠板、片及扁條,法國,出口總值(含復出口),3,72
2020-10,39201010,聚乙烯塑膠板、片及扁條,阿拉伯聯合大公國,出口總值(含復出口),14,1618
2020-10,39201010,聚乙烯塑膠板、片及扁條,柬埔寨,出口總值(含復出口),13,2162
2020-10,39201010,聚乙烯塑膠板、片及扁條,科威特,出口總值(含復出口),1,44
2020-10,39201010,聚乙烯塑膠板、片及扁條,美國,出口總值(含復出口),236,68088
2020-10,39201010,聚乙烯塑膠板、片及扁條,香港,出口總值(含復出口),36,35965
2020-10,39201010,聚乙烯塑膠板、片及扁條,泰國,出口總值(含復出口),130,41957
2020-10,39201010,聚乙烯塑膠板、片及扁條,紐西蘭,出口總值(含復出口),6,808
2020-10,39201010,聚乙烯塑膠板、片及扁條,馬來西亞,出口總值(含復出口),18,6785
2020-10,39201010,聚乙烯塑膠板、片及扁條,越南,出口總值(含復出口),77,10801
2020-10,39201010,聚乙烯塑膠板、片及扁條,新加坡,出口總值(含復出口),30,16854
2020-10,39201010,聚乙烯塑膠板、片及扁條,瑞士,出口總值(含復出口),2,14
2020-10,39201010,聚乙烯塑膠板、片及扁條,德國,出口總值(含復出口),23,468
2020-10,39201010,聚乙烯塑膠板、片及扁條,模里西斯,出口總值(含復出口),4,551
2020-10,39201010,聚乙烯塑膠板、片及扁條,墨西哥,出口總值(含復出口),13,675
2020-10,39201010,聚乙烯塑膠板、片及扁條,澳大利亞,出口總值(含復出口),12,434
2020-10,39202021,電容器用金屬化聚丙烯薄膜，留有未鍍邊，總寬度不超過１００公厘，總厚度在０．０１５公厘以上，０．０２５公厘以下者,中國大陸,進口總值(含復進口),6,234
2020-10,39205110,聚甲基丙烯酸甲酯板、片及扁條,中國大陸,進口總值(含復進口),45,23152
2020-10,39205110,聚甲基丙烯酸甲酯板、片及扁條,日本,進口總值(含復進口),151,34127
2020-10,39205110,聚甲基丙烯酸甲酯板、片及扁條,南韓,進口總值(含復進口),1419,557400
2020-10,39205110,聚甲基丙烯酸甲酯板、片及扁條,美國,進口總值(含復進口),260,48566
2020-10,39205110,聚甲基丙烯酸甲酯板、片及扁條,德國,進口總值(含復進口),0,1
2020-10,39205110,聚甲基丙烯酸甲酯板、片及扁條,中國大陸,出口總值(含復出口),6777,2503471
2020-10,39205110,聚甲基丙烯酸甲酯板、片及扁條,巴西,出口總值(含復出口),130,48117
2020-10,39205110,聚甲基丙烯酸甲酯板、片及扁條,巴林,出口總值(含復出口),44,17270
2020-10,39205110,聚甲基丙烯酸甲酯板、片及扁條,日本,出口總值(含復出口),934,283696
2020-10,39205110,聚甲基丙烯酸甲酯板、片及扁條,以色列,出口總值(含復出口),22,7266
2020-10,39205110,聚甲基丙烯酸甲酯板、片及扁條,加拿大,出口總值(含復出口),39,12077
2020-10,39205110,聚甲基丙烯酸甲酯板、片及扁條,卡達,出口總值(含復出口),99,40416
2020-10,39205110,聚甲基丙烯酸甲酯板、片及扁條,尼加拉瓜,出口總值(含復出口),61,24410
2020-10,39205110,聚甲基丙烯酸甲酯板、片及扁條,伊朗,出口總值(含復出口),297,116529
2020-10,39205110,聚甲基丙烯酸甲酯板、片及扁條,印度,出口總值(含復出口),200,114261
2020-10,39205110,聚甲基丙烯酸甲酯板、片及扁條,多明尼加,出口總值(含復出口),14,5099
2020-10,39205110,聚甲基丙烯酸甲酯板、片及扁條,沙烏地阿拉伯,出口總值(含復出口),274,108359
2020-10,39205110,聚甲基丙烯酸甲酯板、片及扁條,汶萊,出口總值(含復出口),11,3613
2020-10,39205110,聚甲基丙烯酸甲酯板、片及扁條,奈及利亞,出口總值(含復出口),52,23571
2020-10,39205110,聚甲基丙烯酸甲酯板、片及扁條,芬蘭,出口總值(含復出口),122,40300
2020-10,39205110,聚甲基丙烯酸甲酯板、片及扁條,阿拉伯聯合大公國,出口總值(含復出口),551,221583
2020-10,39205110,聚甲基丙烯酸甲酯板、片及扁條,阿曼,出口總值(含復出口),42,16398
2020-10,39205110,聚甲基丙烯酸甲酯板、片及扁條,南韓,出口總值(含復出口),99,32999
2020-10,39205110,聚甲基丙烯酸甲酯板、片及扁條,科威特,出口總值(含復出口),42,17240
2020-10,39205110,聚甲基丙烯酸甲酯板、片及扁條,美國,出口總值(含復出口),2927,1012634
2020-10,39205110,聚甲基丙烯酸甲酯板、片及扁條,英國,出口總值(含復出口),22,4572
2020-10,39205110,聚甲基丙烯酸甲酯板、片及扁條,香港,出口總值(含復出口),248,90191
2020-10,39205110,聚甲基丙烯酸甲酯板、片及扁條,馬來西亞,出口總值(含復出口),144,122328
2020-10,39205110,聚甲基丙烯酸甲酯板、片及扁條,智利,出口總值(含復出口),82,31442
2020-10,39205110,聚甲基丙烯酸甲酯板、片及扁條,菲律賓,出口總值(含復出口),3,3
2020-10,39205110,聚甲基丙烯酸甲酯板、片及扁條,越南,出口總值(含復出口),58,14078
2020-10,39205110,聚甲基丙烯酸甲酯板、片及扁條,新加坡,出口總值(含復出口),77,29189
2020-10,39205110,聚甲基丙烯酸甲酯板、片及扁條,德國,出口總值(含復出口),12,1815
2020-10,39205110,聚甲基丙烯酸甲酯板、片及扁條,澳大利亞,出口總值(含復出口),111,38637
2020-10,39206210,聚對苯二甲酸乙二酯製板、片及扁條,中國大陸,進口總值(含復進口),902,206574
2020-10,39206210,聚對苯二甲酸乙二酯製板、片及扁條,日本,進口總值(含復進口),174,143882
2020-10,39206210,聚對苯二甲酸乙二酯製板、片及扁條,南韓,進口總值(含復進口),894,264369
2020-10,39206210,聚對苯二甲酸乙二酯製板、片及扁條,美國,進口總值(含復進口),3,74
2020-10,39206210,聚對苯二甲酸乙二酯製板、片及扁條,泰國,進口總值(含復進口),14,9620
2020-10,39206210,聚對苯二甲酸乙二酯製板、片及扁條,德國,進口總值(含復進口),28,4188
2020-10,39206210,聚對苯二甲酸乙二酯製板、片及扁條,土耳其,出口總值(含復出口),29,2000
2020-10,39206210,聚對苯二甲酸乙二酯製板、片及扁條,中國大陸,出口總值(含復出口),11163,1868730
2020-10,39206210,聚對苯二甲酸乙二酯製板、片及扁條,日本,出口總值(含復出口),1015,589222
2020-10,39206210,聚對苯二甲酸乙二酯製板、片及扁條,加拿大,出口總值(含復出口),101,87928
2020-10,39206210,聚對苯二甲酸乙二酯製板、片及扁條,印尼,出口總值(含復出口),295,234265
2020-10,39206210,聚對苯二甲酸乙二酯製板、片及扁條,印度,出口總值(含復出口),74,77695
2020-10,39206210,聚對苯二甲酸乙二酯製板、片及扁條,多明尼加,出口總值(含復出口),24,15900
2020-10,39206210,聚對苯二甲酸乙二酯製板、片及扁條,波蘭,出口總值(含復出口),5,636
2020-10,39206210,聚對苯二甲酸乙二酯製板、片及扁條,阿曼,出口總值(含復出口),22,22200
2020-10,39206210,聚對苯二甲酸乙二酯製板、片及扁條,南韓,出口總值(含復出口),4,30
2020-10,39206210,聚對苯二甲酸乙二酯製板、片及扁條,美國,出口總值(含復出口),605,257268
2020-10,39206210,聚對苯二甲酸乙二酯製板、片及扁條,香港,出口總值(含復出口),715,75551
2020-10,39206210,聚對苯二甲酸乙二酯製板、片及扁條,哥倫比亞,出口總值(含復出口),4,3600
2020-10,39206210,聚對苯二甲酸乙二酯製板、片及扁條,哥斯大黎加,出口總值(含復出口),22,19100
2020-10,39206210,聚對苯二甲酸乙二酯製板、片及扁條,泰國,出口總值(含復出口),103,51000
2020-10,39206210,聚對苯二甲酸乙二酯製板、片及扁條,紐西蘭,出口總值(含復出口),37,21668
2020-10,39206210,聚對苯二甲酸乙二酯製板、片及扁條,馬來西亞,出口總值(含復出口),516,272954
2020-10,39206210,聚對苯二甲酸乙二酯製板、片及扁條,荷蘭,出口總值(含復出口),83,80067
2020-10,39206210,聚對苯二甲酸乙二酯製板、片及扁條,斯里蘭卡,出口總值(含復出口),18,15000
2020-10,39206210,聚對苯二甲酸乙二酯製板、片及扁條,菲律賓,出口總值(含復出口),194,82834
2020-10,39206210,聚對苯二甲酸乙二酯製板、片及扁條,越南,出口總值(含復出口),38,20528
2020-10,39206210,聚對苯二甲酸乙二酯製板、片及扁條,奧地利,出口總值(含復出口),0,543
2020-10,39206210,聚對苯二甲酸乙二酯製板、片及扁條,新加坡,出口總值(含復出口),20,4325
2020-10,39206210,聚對苯二甲酸乙二酯製板、片及扁條,澳大利亞,出口總值(含復出口),696,620783
2020-10,39206210,聚對苯二甲酸乙二酯製板、片及扁條,羅馬尼亞,出口總值(含復出口),4,293
2020-10,39209991,其他塑膠板、片及扁條，非多孔性及未經以其他物質加強、積層、支持或與其他物質類似結合者,中國大陸,進口總值(含復進口),779,230695
2020-10,39209991,其他塑膠板、片及扁條，非多孔性及未經以其他物質加強、積層、支持或與其他物質類似結合者,日本,進口總值(含復進口),55,449
2020-10,39209991,其他塑膠板、片及扁條，非多孔性及未經以其他物質加強、積層、支持或與其他物質類似結合者,南韓,進口總值(含復進口),109,17741
2020-10,39209991,其他塑膠板、片及扁條，非多孔性及未經以其他物質加強、積層、支持或與其他物質類似結合者,美國,進口總值(含復進口),271,1547
2020-10,39209991,其他塑膠板、片及扁條，非多孔性及未經以其他物質加強、積層、支持或與其他物質類似結合者,義大利,進口總值(含復進口),10,283
2020-10,39209991,其他塑膠板、片及扁條，非多孔性及未經以其他物質加強、積層、支持或與其他物質類似結合者,德國,進口總值(含復進口),88,6350
2020-10,39209991,其他塑膠板、片及扁條，非多孔性及未經以其他物質加強、積層、支持或與其他物質類似結合者,中國大陸,出口總值(含復出口),2544,224676
2020-10,39209991,其他塑膠板、片及扁條，非多孔性及未經以其他物質加強、積層、支持或與其他物質類似結合者,巴拿馬,出口總值(含復出口),6,426
2020-10,39209991,其他塑膠板、片及扁條，非多孔性及未經以其他物質加強、積層、支持或與其他物質類似結合者,巴基斯坦,出口總值(含復出口),4,8400
2020-10,39209991,其他塑膠板、片及扁條，非多孔性及未經以其他物質加強、積層、支持或與其他物質類似結合者,日本,出口總值(含復出口),229,17776
2020-10,39209991,其他塑膠板、片及扁條，非多孔性及未經以其他物質加強、積層、支持或與其他物質類似結合者,印尼,出口總值(含復出口),1,102
2020-10,39209991,其他塑膠板、片及扁條，非多孔性及未經以其他物質加強、積層、支持或與其他物質類似結合者,孟加拉,出口總值(含復出口),5,5
2020-10,39209991,其他塑膠板、片及扁條，非多孔性及未經以其他物質加強、積層、支持或與其他物質類似結合者,科威特,出口總值(含復出口),84,22550
2020-10,39209991,其他塑膠板、片及扁條，非多孔性及未經以其他物質加強、積層、支持或與其他物質類似結合者,美國,出口總值(含復出口),65,12965
2020-10,39209991,其他塑膠板、片及扁條，非多孔性及未經以其他物質加強、積層、支持或與其他物質類似結合者,香港,出口總值(含復出口),18,109
2020-10,39209991,其他塑膠板、片及扁條，非多孔性及未經以其他物質加強、積層、支持或與其他物質類似結合者,泰國,出口總值(含復出口),23,8298
2020-10,39209991,其他塑膠板、片及扁條，非多孔性及未經以其他物質加強、積層、支持或與其他物質類似結合者,越南,出口總值(含復出口),106,15559
2020-10,39209991,其他塑膠板、片及扁條，非多孔性及未經以其他物質加強、積層、支持或與其他物質類似結合者,愛爾蘭,出口總值(含復出口),0,2
2020-10,39209991,其他塑膠板、片及扁條，非多孔性及未經以其他物質加強、積層、支持或與其他物質類似結合者,新加坡,出口總值(含復出口),29,349
2020-10,39209991,其他塑膠板、片及扁條，非多孔性及未經以其他物質加強、積層、支持或與其他物質類似結合者,德國,出口總值(含復出口),8,1659
2020-10,39209991,其他塑膠板、片及扁條，非多孔性及未經以其他物質加強、積層、支持或與其他物質類似結合者,澳大利亞,出口總值(含復出口),5,2000
2020-11,39199020,供製造半導體晶圓用之自黏性圓形研磨墊，屬塑膠製品者,中國大陸,進口總值(含復進口),8,16
2020-11,39199020,供製造半導體晶圓用之自黏性圓形研磨墊，屬塑膠製品者,日本,進口總值(含復進口),965,3314
2020-11,39199020,供製造半導體晶圓用之自黏性圓形研磨墊，屬塑膠製品者,南韓,進口總值(含復進口),13,22
2020-11,39199020,供製造半導體晶圓用之自黏性圓形研磨墊，屬塑膠製品者,美國,進口總值(含復進口),1945,6209
2020-11,39199020,供製造半導體晶圓用之自黏性圓形研磨墊，屬塑膠製品者,德國,進口總值(含復進口),0,6
2020-11,39199020,供製造半導體晶圓用之自黏性圓形研磨墊，屬塑膠製品者,中國大陸,出口總值(含復出口),6175,24315
2020-11,39199020,供製造半導體晶圓用之自黏性圓形研磨墊，屬塑膠製品者,巴西,出口總值(含復出口),4,1
2020-11,39199020,供製造半導體晶圓用之自黏性圓形研磨墊，屬塑膠製品者,日本,出口總值(含復出口),455,1596
2020-11,39199020,供製造半導體晶圓用之自黏性圓形研磨墊，屬塑膠製品者,南韓,出口總值(含復出口),3758,30138
2020-11,39199020,供製造半導體晶圓用之自黏性圓形研磨墊，屬塑膠製品者,美國,出口總值(含復出口),254,1022
2020-11,39199020,供製造半導體晶圓用之自黏性圓形研磨墊，屬塑膠製品者,馬來西亞,出口總值(含復出口),19,94
2020-11,39199020,供製造半導體晶圓用之自黏性圓形研磨墊，屬塑膠製品者,新加坡,出口總值(含復出口),641,3156
2020-11,39201010,聚乙烯塑膠板、片及扁條,中國大陸,進口總值(含復進口),832,295351
2020-11,39201010,聚乙烯塑膠板、片及扁條,中華民國,進口總值(含復進口),3,14168
2020-11,39201010,聚乙烯塑膠板、片及扁條,日本,進口總值(含復進口),680,89923
2020-11,39201010,聚乙烯塑膠板、片及扁條,比利時,進口總值(含復進口),59,5325
2020-11,39201010,聚乙烯塑膠板、片及扁條,加拿大,進口總值(含復進口),4,1047
2020-11,39201010,聚乙烯塑膠板、片及扁條,印度,進口總值(含復進口),4,1453
2020-11,39201010,聚乙烯塑膠板、片及扁條,法國,進口總值(含復進口),69,28640
2020-11,39201010,聚乙烯塑膠板、片及扁條,南韓,進口總值(含復進口),30,6900
2020-11,39201010,聚乙烯塑膠板、片及扁條,美國,進口總值(含復進口),18,1309
2020-11,39201010,聚乙烯塑膠板、片及扁條,英國,進口總值(含復進口),0,32
2020-11,39201010,聚乙烯塑膠板、片及扁條,泰國,進口總值(含復進口),44,4400
2020-11,39201010,聚乙烯塑膠板、片及扁條,義大利,進口總值(含復進口),1,33
2020-11,39201010,聚乙烯塑膠板、片及扁條,德國,進口總值(含復進口),10,687
2020-11,39201010,聚乙烯塑膠板、片及扁條,中國大陸,出口總值(含復出口),188,34224
2020-11,39201010,聚乙烯塑膠板、片及扁條,巴基斯坦,出口總值(含復出口),17,13470
2020-11,39201010,聚乙烯塑膠板、片及扁條,日本,出口總值(含復出口),412,80112
2020-11,39201010,聚乙烯塑膠板、片及扁條,加拿大,出口總值(含復出口),26,4189
2020-11,39201010,聚乙烯塑膠板、片及扁條,印尼,出口總值(含復出口),11,2255
2020-11,39201010,聚乙烯塑膠板、片及扁條,西班牙,出口總值(含復出口),3,121
2020-11,39201010,聚乙烯塑膠板、片及扁條,俄羅斯,出口總值(含復出口),3,137
2020-11,39201010,聚乙烯塑膠板、片及扁條,柬埔寨,出口總值(含復出口),9,1591
2020-11,39201010,聚乙烯塑膠板、片及扁條,美國,出口總值(含復出口),113,11721
2020-11,39201010,聚乙烯塑膠板、片及扁條,香港,出口總值(含復出口),43,26762
2020-11,39201010,聚乙烯塑膠板、片及扁條,泰國,出口總值(含復出口),237,59592
2020-11,39201010,聚乙烯塑膠板、片及扁條,馬來西亞,出口總值(含復出口),292,34688
2020-11,39201010,聚乙烯塑膠板、片及扁條,荷蘭,出口總值(含復出口),3,87
2020-11,39201010,聚乙烯塑膠板、片及扁條,智利,出口總值(含復出口),4,3000
2020-11,39201010,聚乙烯塑膠板、片及扁條,菲律賓,出口總值(含復出口),44,11232
2020-11,39201010,聚乙烯塑膠板、片及扁條,越南,出口總值(含復出口),42,6975
2020-11,39201010,聚乙烯塑膠板、片及扁條,新加坡,出口總值(含復出口),12,5814
2020-11,39201010,聚乙烯塑膠板、片及扁條,義大利,出口總值(含復出口),6,428
2020-11,39201010,聚乙烯塑膠板、片及扁條,德國,出口總值(含復出口),15,57
2020-11,39201010,聚乙烯塑膠板、片及扁條,澳大利亞,出口總值(含復出口),6,880
2020-11,39202021,電容器用金屬化聚丙烯薄膜，留有未鍍邊，總寬度不超過１００公厘，總厚度在０．０１５公厘以上，０．０２５公厘以下者,中國大陸,進口總值(含復進口),13,420
2020-11,39205110,聚甲基丙烯酸甲酯板、片及扁條,土耳其,進口總值(含復進口),4,96
2020-11,39205110,聚甲基丙烯酸甲酯板、片及扁條,中國大陸,進口總值(含復進口),55,13222
2020-11,39205110,聚甲基丙烯酸甲酯板、片及扁條,日本,進口總值(含復進口),43,8461
2020-11,39205110,聚甲基丙烯酸甲酯板、片及扁條,南韓,進口總值(含復進口),1326,537564
2020-11,39205110,聚甲基丙烯酸甲酯板、片及扁條,美國,進口總值(含復進口),170,34424
2020-11,39205110,聚甲基丙烯酸甲酯板、片及扁條,瑞士,進口總值(含復進口),1,11
2020-11,39205110,聚甲基丙烯酸甲酯板、片及扁條,義大利,進口總值(含復進口),1,12
2020-11,39205110,聚甲基丙烯酸甲酯板、片及扁條,中國大陸,出口總值(含復出口),6169,2368850
2020-11,39205110,聚甲基丙烯酸甲酯板、片及扁條,巴西,出口總值(含復出口),75,24055
2020-11,39205110,聚甲基丙烯酸甲酯板、片及扁條,日本,出口總值(含復出口),623,194531
2020-11,39205110,聚甲基丙烯酸甲酯板、片及扁條,卡達,出口總值(含復出口),42,16614
2020-11,39205110,聚甲基丙烯酸甲酯板、片及扁條,印度,出口總值(含復出口),157,96192
2020-11,39205110,聚甲基丙烯酸甲酯板、片及扁條,多明尼加,出口總值(含復出口),59,22653
2020-11,39205110,聚甲基丙烯酸甲酯板、片及扁條,沙烏地阿拉伯,出口總值(含復出口),181,66020
2020-11,39205110,聚甲基丙烯酸甲酯板、片及扁條,波多黎各,出口總值(含復出口),28,7133
2020-11,39205110,聚甲基丙烯酸甲酯板、片及扁條,阿拉伯聯合大公國,出口總值(含復出口),600,226909
2020-11,39205110,聚甲基丙烯酸甲酯板、片及扁條,阿根廷,出口總值(含復出口),6,190
2020-11,39205110,聚甲基丙烯酸甲酯板、片及扁條,阿曼,出口總值(含復出口),45,17228
2020-11,39205110,聚甲基丙烯酸甲酯板、片及扁條,南非,出口總值(含復出口),87,23063
2020-11,39205110,聚甲基丙烯酸甲酯板、片及扁條,南韓,出口總值(含復出口),307,97166
2020-11,39205110,聚甲基丙烯酸甲酯板、片及扁條,科威特,出口總值(含復出口),60,19069
2020-11,39205110,聚甲基丙烯酸甲酯板、片及扁條,約旦,出口總值(含復出口),19,6022
2020-11,39205110,聚甲基丙烯酸甲酯板、片及扁條,美國,出口總值(含復出口),3366,1132772
2020-11,39205110,聚甲基丙烯酸甲酯板、片及扁條,香港,出口總值(含復出口),425,134530
2020-11,39205110,聚甲基丙烯酸甲酯板、片及扁條,泰國,出口總值(含復出口),9,2466
2020-11,39205110,聚甲基丙烯酸甲酯板、片及扁條,馬來西亞,出口總值(含復出口),213,139414
2020-11,39205110,聚甲基丙烯酸甲酯板、片及扁條,幾內亞,出口總值(含復出口),9,3140
2020-11,39205110,聚甲基丙烯酸甲酯板、片及扁條,越南,出口總值(含復出口),401,76221
2020-11,39205110,聚甲基丙烯酸甲酯板、片及扁條,新加坡,出口總值(含復出口),43,17057
2020-11,39205110,聚甲基丙烯酸甲酯板、片及扁條,墨西哥,出口總值(含復出口),51,20519
2020-11,39205110,聚甲基丙烯酸甲酯板、片及扁條,澳大利亞,出口總值(含復出口),71,24709
2020-11,39205110,聚甲基丙烯酸甲酯板、片及扁條,薩爾瓦多,出口總值(含復出口),61,24824
2020-11,39205110,聚甲基丙烯酸甲酯板、片及扁條,關島,出口總值(含復出口),14,5101
2020-11,39206210,聚對苯二甲酸乙二酯製板、片及扁條,中國大陸,進口總值(含復進口),1187,277537
2020-11,39206210,聚對苯二甲酸乙二酯製板、片及扁條,中華民國,進口總值(含復進口),19,10989
2020-11,39206210,聚對苯二甲酸乙二酯製板、片及扁條,日本,進口總值(含復進口),235,24132
2020-11,39206210,聚對苯二甲酸乙二酯製板、片及扁條,南韓,進口總值(含復進口),1125,346938
2020-11,39206210,聚對苯二甲酸乙二酯製板、片及扁條,越南,進口總值(含復進口),17,17527
2020-11,39206210,聚對苯二甲酸乙二酯製板、片及扁條,奧地利,進口總值(含復進口),8,1119
2020-11,39206210,聚對苯二甲酸乙二酯製板、片及扁條,德國,進口總值(含復進口),83,23001
2020-11,39206210,聚對苯二甲酸乙二酯製板、片及扁條,土耳其,出口總值(含復出口),28,2941
2020-11,39206210,聚對苯二甲酸乙二酯製板、片及扁條,中國大陸,出口總值(含復出口),11163,2152474
2020-11,39206210,聚對苯二甲酸乙二酯製板、片及扁條,丹麥,出口總值(含復出口),2,452
2020-11,39206210,聚對苯二甲酸乙二酯製板、片及扁條,日本,出口總值(含復出口),952,558298
2020-11,39206210,聚對苯二甲酸乙二酯製板、片及扁條,加拿大,出口總值(含復出口),50,43945
2020-11,39206210,聚對苯二甲酸乙二酯製板、片及扁條,立陶宛,出口總值(含復出口),0,78
2020-11,39206210,聚對苯二甲酸乙二酯製板、片及扁條,印尼,出口總值(含復出口),275,217765
2020-11,39206210,聚對苯二甲酸乙二酯製板、片及扁條,印度,出口總值(含復出口),143,141352
2020-11,39206210,聚對苯二甲酸乙二酯製板、片及扁條,阿拉伯聯合大公國,出口總值(含復出口),2,309
2020-11,39206210,聚對苯二甲酸乙二酯製板、片及扁條,南韓,出口總值(含復出口),12,91
2020-11,39206210,聚對苯二甲酸乙二酯製板、片及扁條,美國,出口總值(含復出口),867,505554
2020-11,39206210,聚對苯二甲酸乙二酯製板、片及扁條,英國,出口總值(含復出口),6,714
2020-11,39206210,聚對苯二甲酸乙二酯製板、片及扁條,香港,出口總值(含復出口),506,41216
2020-11,39206210,聚對苯二甲酸乙二酯製板、片及扁條,泰國,出口總值(含復出口),45,22000
2020-11,39206210,聚對苯二甲酸乙二酯製板、片及扁條,紐西蘭,出口總值(含復出口),24,20680
2020-11,39206210,聚對苯二甲酸乙二酯製板、片及扁條,馬來西亞,出口總值(含復出口),800,429429
2020-11,39206210,聚對苯二甲酸乙二酯製板、片及扁條,荷蘭,出口總值(含復出口),19,18673
2020-11,39206210,聚對苯二甲酸乙二酯製板、片及扁條,斯里蘭卡,出口總值(含復出口),29,18000
2020-11,39206210,聚對苯二甲酸乙二酯製板、片及扁條,菲律賓,出口總值(含復出口),6,145
2020-11,39206210,聚對苯二甲酸乙二酯製板、片及扁條,越南,出口總值(含復出口),59,39351
2020-11,39206210,聚對苯二甲酸乙二酯製板、片及扁條,新加坡,出口總值(含復出口),30,13684
2020-11,39206210,聚對苯二甲酸乙二酯製板、片及扁條,澳大利亞,出口總值(含復出口),866,610557
2020-11,39209991,其他塑膠板、片及扁條，非多孔性及未經以其他物質加強、積層、支持或與其他物質類似結合者,中國大陸,進口總值(含復進口),854,187499
2020-11,39209991,其他塑膠板、片及扁條，非多孔性及未經以其他物質加強、積層、支持或與其他物質類似結合者,日本,進口總值(含復進口),38,459
2020-11,39209991,其他塑膠板、片及扁條，非多孔性及未經以其他物質加強、積層、支持或與其他物質類似結合者,比利時,進口總值(含復進口),35,4637
2020-11,39209991,其他塑膠板、片及扁條，非多孔性及未經以其他物質加強、積層、支持或與其他物質類似結合者,加拿大,進口總值(含復進口),24,412
2020-11,39209991,其他塑膠板、片及扁條，非多孔性及未經以其他物質加強、積層、支持或與其他物質類似結合者,印尼,進口總值(含復進口),4,925
2020-11,39209991,其他塑膠板、片及扁條，非多孔性及未經以其他物質加強、積層、支持或與其他物質類似結合者,法國,進口總值(含復進口),1,0
2020-11,39209991,其他塑膠板、片及扁條，非多孔性及未經以其他物質加強、積層、支持或與其他物質類似結合者,南韓,進口總值(含復進口),184,26048
2020-11,39209991,其他塑膠板、片及扁條，非多孔性及未經以其他物質加強、積層、支持或與其他物質類似結合者,美國,進口總值(含復進口),340,1815
2020-11,39209991,其他塑膠板、片及扁條，非多孔性及未經以其他物質加強、積層、支持或與其他物質類似結合者,馬來西亞,進口總值(含復進口),11,2112
2020-11,39209991,其他塑膠板、片及扁條，非多孔性及未經以其他物質加強、積層、支持或與其他物質類似結合者,荷蘭,進口總值(含復進口),0,0
2020-11,39209991,其他塑膠板、片及扁條，非多孔性及未經以其他物質加強、積層、支持或與其他物質類似結合者,新加坡,進口總值(含復進口),2,537
2020-11,39209991,其他塑膠板、片及扁條，非多孔性及未經以其他物質加強、積層、支持或與其他物質類似結合者,瑞典,進口總值(含復進口),10,1560
2020-11,39209991,其他塑膠板、片及扁條，非多孔性及未經以其他物質加強、積層、支持或與其他物質類似結合者,義大利,進口總值(含復進口),10,653
2020-11,39209991,其他塑膠板、片及扁條，非多孔性及未經以其他物質加強、積層、支持或與其他物質類似結合者,葡萄牙,進口總值(含復進口),46,71130
2020-11,39209991,其他塑膠板、片及扁條，非多孔性及未經以其他物質加強、積層、支持或與其他物質類似結合者,德國,進口總值(含復進口),108,11551
2020-11,39209991,其他塑膠板、片及扁條，非多孔性及未經以其他物質加強、積層、支持或與其他物質類似結合者,中國大陸,出口總值(含復出口),2732,265449
2020-11,39209991,其他塑膠板、片及扁條，非多孔性及未經以其他物質加強、積層、支持或與其他物質類似結合者,日本,出口總值(含復出口),59,2453
2020-11,39209991,其他塑膠板、片及扁條，非多孔性及未經以其他物質加強、積層、支持或與其他物質類似結合者,加拿大,出口總值(含復出口),112,36635
2020-11,39209991,其他塑膠板、片及扁條，非多孔性及未經以其他物質加強、積層、支持或與其他物質類似結合者,科威特,出口總值(含復出口),119,34785
2020-11,39209991,其他塑膠板、片及扁條，非多孔性及未經以其他物質加強、積層、支持或與其他物質類似結合者,美國,出口總值(含復出口),56,6698
2020-11,39209991,其他塑膠板、片及扁條，非多孔性及未經以其他物質加強、積層、支持或與其他物質類似結合者,香港,出口總值(含復出口),13,74
2020-11,39209991,其他塑膠板、片及扁條，非多孔性及未經以其他物質加強、積層、支持或與其他物質類似結合者,馬來西亞,出口總值(含復出口),8,2353
2020-11,39209991,其他塑膠板、片及扁條，非多孔性及未經以其他物質加強、積層、支持或與其他物質類似結合者,越南,出口總值(含復出口),77,15511
2020-11,39209991,其他塑膠板、片及扁條，非多孔性及未經以其他物質加強、積層、支持或與其他物質類似結合者,愛爾蘭,出口總值(含復出口),0,2
2020-11,39209991,其他塑膠板、片及扁條，非多孔性及未經以其他物質加強、積層、支持或與其他物質類似結合者,新加坡,出口總值(含復出口),33,540
2020-11,39209991,其他塑膠板、片及扁條，非多孔性及未經以其他物質加強、積層、支持或與其他物質類似結合者,德國,出口總值(含復出口),0,4
2020-11,39209991,其他塑膠板、片及扁條，非多孔性及未經以其他物質加強、積層、支持或與其他物質類似結合者,緬甸,出口總值(含復出口),5,35
2020-12,39199020,供製造半導體晶圓用之自黏性圓形研磨墊，屬塑膠製品者,中國大陸,進口總值(含復進口),9,2
2020-12,39199020,供製造半導體晶圓用之自黏性圓形研磨墊，屬塑膠製品者,日本,進口總值(含復進口),960,5278
2020-12,39199020,供製造半導體晶圓用之自黏性圓形研磨墊，屬塑膠製品者,南韓,進口總值(含復進口),10,2
2020-12,39199020,供製造半導體晶圓用之自黏性圓形研磨墊，屬塑膠製品者,美國,進口總值(含復進口),2041,5804
2020-12,39199020,供製造半導體晶圓用之自黏性圓形研磨墊，屬塑膠製品者,德國,進口總值(含復進口),0,3
2020-12,39199020,供製造半導體晶圓用之自黏性圓形研磨墊，屬塑膠製品者,中國大陸,出口總值(含復出口),5077,19990
2020-12,39199020,供製造半導體晶圓用之自黏性圓形研磨墊，屬塑膠製品者,日本,出口總值(含復出口),372,1572
2020-12,39199020,供製造半導體晶圓用之自黏性圓形研磨墊，屬塑膠製品者,南韓,出口總值(含復出口),3679,29639
2020-12,39199020,供製造半導體晶圓用之自黏性圓形研磨墊，屬塑膠製品者,美國,出口總值(含復出口),79,602
2020-12,39199020,供製造半導體晶圓用之自黏性圓形研磨墊，屬塑膠製品者,馬來西亞,出口總值(含復出口),30,154
2020-12,39199020,供製造半導體晶圓用之自黏性圓形研磨墊，屬塑膠製品者,新加坡,出口總值(含復出口),730,4036
2020-12,39201010,聚乙烯塑膠板、片及扁條,中國大陸,進口總值(含復進口),1087,410583
2020-12,39201010,聚乙烯塑膠板、片及扁條,中華民國,進口總值(含復進口),0,1584
2020-12,39201010,聚乙烯塑膠板、片及扁條,日本,進口總值(含復進口),421,26152
2020-12,39201010,聚乙烯塑膠板、片及扁條,印度,進口總值(含復進口),9,2906
2020-12,39201010,聚乙烯塑膠板、片及扁條,西班牙,進口總值(含復進口),14,2070
2020-12,39201010,聚乙烯塑膠板、片及扁條,法國,進口總值(含復進口),35,14048
2020-12,39201010,聚乙烯塑膠板、片及扁條,南韓,進口總值(含復進口),76,48821
2020-12,39201010,聚乙烯塑膠板、片及扁條,美國,進口總值(含復進口),0,3
2020-12,39201010,聚乙烯塑膠板、片及扁條,泰國,進口總值(含復進口),35,6820
2020-12,39201010,聚乙烯塑膠板、片及扁條,馬來西亞,進口總值(含復進口),43,27799
2020-12,39201010,聚乙烯塑膠板、片及扁條,捷克,進口總值(含復進口),40,2584
2020-12,39201010,聚乙烯塑膠板、片及扁條,荷蘭,進口總值(含復進口),3,99
2020-12,39201010,聚乙烯塑膠板、片及扁條,奧地利,進口總值(含復進口),62,3439
2020-12,39201010,聚乙烯塑膠板、片及扁條,義大利,進口總值(含復進口),70,1496
2020-12,39201010,聚乙烯塑膠板、片及扁條,德國,進口總值(含復進口),38,8391
2020-12,39201010,聚乙烯塑膠板、片及扁條,中國大陸,出口總值(含復出口),238,55508
2020-12,39201010,聚乙烯塑膠板、片及扁條,巴林,出口總值(含復出口),6,1362
2020-12,39201010,聚乙烯塑膠板、片及扁條,日本,出口總值(含復出口),428,111315
2020-12,39201010,聚乙烯塑膠板、片及扁條,加拿大,出口總值(含復出口),4,488
2020-12,39201010,聚乙烯塑膠板、片及扁條,匈牙利,出口總值(含復出口),18,48
2020-12,39201010,聚乙烯塑膠板、片及扁條,印尼,出口總值(含復出口),43,25757
2020-12,39201010,聚乙烯塑膠板、片及扁條,阿拉伯聯合大公國,出口總值(含復出口),39,22320
2020-12,39201010,聚乙烯塑膠板、片及扁條,南韓,出口總值(含復出口),7,29
2020-12,39201010,聚乙烯塑膠板、片及扁條,柬埔寨,出口總值(含復出口),4,633
2020-12,39201010,聚乙烯塑膠板、片及扁條,美國,出口總值(含復出口),173,39950
2020-12,39201010,聚乙烯塑膠板、片及扁條,香港,出口總值(含復出口),53,26436
2020-12,39201010,聚乙烯塑膠板、片及扁條,泰國,出口總值(含復出口),180,59157
2020-12,39201010,聚乙烯塑膠板、片及扁條,馬來西亞,出口總值(含復出口),12,5435
2020-12,39201010,聚乙烯塑膠板、片及扁條,菲律賓,出口總值(含復出口),415,209473
2020-12,39201010,聚乙烯塑膠板、片及扁條,越南,出口總值(含復出口),53,9514
2020-12,39201010,聚乙烯塑膠板、片及扁條,愛爾蘭,出口總值(含復出口),3,315
2020-12,39201010,聚乙烯塑膠板、片及扁條,新加坡,出口總值(含復出口),12,5814
2020-12,39201010,聚乙烯塑膠板、片及扁條,德國,出口總值(含復出口),9,33
2020-12,39201010,聚乙烯塑膠板、片及扁條,墨西哥,出口總值(含復出口),4,35
2020-12,39201010,聚乙烯塑膠板、片及扁條,澳大利亞,出口總值(含復出口),8,1299
2020-12,39202021,電容器用金屬化聚丙烯薄膜，留有未鍍邊，總寬度不超過１００公厘，總厚度在０．０１５公厘以上，０．０２５公厘以下者,中國大陸,進口總值(含復進口),43,2299
2020-12,39205110,聚甲基丙烯酸甲酯板、片及扁條,中國大陸,進口總值(含復進口),105,25973
2020-12,39205110,聚甲基丙烯酸甲酯板、片及扁條,日本,進口總值(含復進口),203,32326
2020-12,39205110,聚甲基丙烯酸甲酯板、片及扁條,南韓,進口總值(含復進口),1307,491394
2020-12,39205110,聚甲基丙烯酸甲酯板、片及扁條,美國,進口總值(含復進口),95,18709
2020-12,39205110,聚甲基丙烯酸甲酯板、片及扁條,中國大陸,出口總值(含復出口),5402,2004352
2020-12,39205110,聚甲基丙烯酸甲酯板、片及扁條,厄瓜多,出口總值(含復出口),11,3956
2020-12,39205110,聚甲基丙烯酸甲酯板、片及扁條,巴西,出口總值(含復出口),65,25217
2020-12,39205110,聚甲基丙烯酸甲酯板、片及扁條,巴基斯坦,出口總值(含復出口),0,0
2020-12,39205110,聚甲基丙烯酸甲酯板、片及扁條,日本,出口總值(含復出口),829,252936
2020-12,39205110,聚甲基丙烯酸甲酯板、片及扁條,加拿大,出口總值(含復出口),130,44142
2020-12,39205110,聚甲基丙烯酸甲酯板、片及扁條,卡達,出口總值(含復出口),60,23259
2020-12,39205110,聚甲基丙烯酸甲酯板、片及扁條,伊朗,出口總值(含復出口),101,38580
2020-12,39205110,聚甲基丙烯酸甲酯板、片及扁條,印度,出口總值(含復出口),159,81208
2020-12,39205110,聚甲基丙烯酸甲酯板、片及扁條,沙烏地阿拉伯,出口總值(含復出口),509,172231
2020-12,39205110,聚甲基丙烯酸甲酯板、片及扁條,汶萊,出口總值(含復出口),20,7488
2020-12,39205110,聚甲基丙烯酸甲酯板、片及扁條,肯亞,出口總值(含復出口),26,9635
2020-12,39205110,聚甲基丙烯酸甲酯板、片及扁條,芬蘭,出口總值(含復出口),130,42102
2020-12,39205110,聚甲基丙烯酸甲酯板、片及扁條,阿拉伯聯合大公國,出口總值(含復出口),794,300033
2020-12,39205110,聚甲基丙烯酸甲酯板、片及扁條,阿根廷,出口總值(含復出口),63,24046
2020-12,39205110,聚甲基丙烯酸甲酯板、片及扁條,阿曼,出口總值(含復出口),45,17186
2020-12,39205110,聚甲基丙烯酸甲酯板、片及扁條,南韓,出口總值(含復出口),143,45346
2020-12,39205110,聚甲基丙烯酸甲酯板、片及扁條,科威特,出口總值(含復出口),123,48568
2020-12,39205110,聚甲基丙烯酸甲酯板、片及扁條,美國,出口總值(含復出口),2221,732617
2020-12,39205110,聚甲基丙烯酸甲酯板、片及扁條,香港,出口總值(含復出口),259,97305
2020-12,39205110,聚甲基丙烯酸甲酯板、片及扁條,哥斯大黎加,出口總值(含復出口),56,18161
2020-12,39205110,聚甲基丙烯酸甲酯板、片及扁條,馬來西亞,出口總值(含復出口),26,7436
2020-12,39205110,聚甲基丙烯酸甲酯板、片及扁條,智利,出口總值(含復出口),17,8285
2020-12,39205110,聚甲基丙烯酸甲酯板、片及扁條,越南,出口總值(含復出口),469,132053
2020-12,39205110,聚甲基丙烯酸甲酯板、片及扁條,新加坡,出口總值(含復出口),197,78648
2020-12,39205110,聚甲基丙烯酸甲酯板、片及扁條,德國,出口總值(含復出口),20,4893
2020-12,39205110,聚甲基丙烯酸甲酯板、片及扁條,墨西哥,出口總值(含復出口),46,18600
2020-12,39205110,聚甲基丙烯酸甲酯板、片及扁條,澳大利亞,出口總值(含復出口),133,44505
2020-12,39206210,聚對苯二甲酸乙二酯製板、片及扁條,中國大陸,進口總值(含復進口),1183,293918
2020-12,39206210,聚對苯二甲酸乙二酯製板、片及扁條,日本,進口總值(含復進口),165,58706
2020-12,39206210,聚對苯二甲酸乙二酯製板、片及扁條,比利時,進口總值(含復進口),74,54
2020-12,39206210,聚對苯二甲酸乙二酯製板、片及扁條,印尼,進口總值(含復進口),2,336
2020-12,39206210,聚對苯二甲酸乙二酯製板、片及扁條,印度,進口總值(含復進口),12,5604
2020-12,39206210,聚對苯二甲酸乙二酯製板、片及扁條,南韓,進口總值(含復進口),612,194890
2020-12,39206210,聚對苯二甲酸乙二酯製板、片及扁條,越南,進口總值(含復進口),21,18000
2020-12,39206210,聚對苯二甲酸乙二酯製板、片及扁條,德國,進口總值(含復進口),21,15230
2020-12,39206210,聚對苯二甲酸乙二酯製板、片及扁條,中國大陸,出口總值(含復出口),10264,1762017
2020-12,39206210,聚對苯二甲酸乙二酯製板、片及扁條,日本,出口總值(含復出口),964,599927
2020-12,39206210,聚對苯二甲酸乙二酯製板、片及扁條,加拿大,出口總值(含復出口),99,87832
2020-12,39206210,聚對苯二甲酸乙二酯製板、片及扁條,印尼,出口總值(含復出口),240,179900
2020-12,39206210,聚對苯二甲酸乙二酯製板、片及扁條,印度,出口總值(含復出口),165,181598
2020-12,39206210,聚對苯二甲酸乙二酯製板、片及扁條,南韓,出口總值(含復出口),3,418
2020-12,39206210,聚對苯二甲酸乙二酯製板、片及扁條,美國,出口總值(含復出口),474,314973
2020-12,39206210,聚對苯二甲酸乙二酯製板、片及扁條,香港,出口總值(含復出口),424,13860
2020-12,39206210,聚對苯二甲酸乙二酯製板、片及扁條,哥斯大黎加,出口總值(含復出口),19,17600
2020-12,39206210,聚對苯二甲酸乙二酯製板、片及扁條,埃及,出口總值(含復出口),6,789
2020-12,39206210,聚對苯二甲酸乙二酯製板、片及扁條,泰國,出口總值(含復出口),24,13000
2020-12,39206210,聚對苯二甲酸乙二酯製板、片及扁條,紐西蘭,出口總值(含復出口),54,47468
2020-12,39206210,聚對苯二甲酸乙二酯製板、片及扁條,馬來西亞,出口總值(含復出口),495,264098
2020-12,39206210,聚對苯二甲酸乙二酯製板、片及扁條,捷克,出口總值(含復出口),1,105
2020-12,39206210,聚對苯二甲酸乙二酯製板、片及扁條,斯里蘭卡,出口總值(含復出口),40,32050
2020-12,39206210,聚對苯二甲酸乙二酯製板、片及扁條,斯洛維尼亞,出口總值(含復出口),7,1128
2020-12,39206210,聚對苯二甲酸乙二酯製板、片及扁條,菲律賓,出口總值(含復出口),147,88867
2020-12,39206210,聚對苯二甲酸乙二酯製板、片及扁條,越南,出口總值(含復出口),47,24832
2020-12,39206210,聚對苯二甲酸乙二酯製板、片及扁條,新加坡,出口總值(含復出口),50,5801
2020-12,39206210,聚對苯二甲酸乙二酯製板、片及扁條,澳大利亞,出口總值(含復出口),691,578313
2020-12,39209991,其他塑膠板、片及扁條，非多孔性及未經以其他物質加強、積層、支持或與其他物質類似結合者,中國大陸,進口總值(含復進口),1227,264072
2020-12,39209991,其他塑膠板、片及扁條，非多孔性及未經以其他物質加強、積層、支持或與其他物質類似結合者,日本,進口總值(含復進口),16,471
2020-12,39209991,其他塑膠板、片及扁條，非多孔性及未經以其他物質加強、積層、支持或與其他物質類似結合者,比利時,進口總值(含復進口),16,150
2020-12,39209991,其他塑膠板、片及扁條，非多孔性及未經以其他物質加強、積層、支持或與其他物質類似結合者,南韓,進口總值(含復進口),77,6095
2020-12,39209991,其他塑膠板、片及扁條，非多孔性及未經以其他物質加強、積層、支持或與其他物質類似結合者,美國,進口總值(含復進口),324,996
2020-12,39209991,其他塑膠板、片及扁條，非多孔性及未經以其他物質加強、積層、支持或與其他物質類似結合者,香港,進口總值(含復進口),3,108
2020-12,39209991,其他塑膠板、片及扁條，非多孔性及未經以其他物質加強、積層、支持或與其他物質類似結合者,新加坡,進口總值(含復進口),8,164
2020-12,39209991,其他塑膠板、片及扁條，非多孔性及未經以其他物質加強、積層、支持或與其他物質類似結合者,義大利,進口總值(含復進口),78,1726
2020-12,39209991,其他塑膠板、片及扁條，非多孔性及未經以其他物質加強、積層、支持或與其他物質類似結合者,德國,進口總值(含復進口),27,1112
2020-12,39209991,其他塑膠板、片及扁條，非多孔性及未經以其他物質加強、積層、支持或與其他物質類似結合者,中國大陸,出口總值(含復出口),2419,218058
2020-12,39209991,其他塑膠板、片及扁條，非多孔性及未經以其他物質加強、積層、支持或與其他物質類似結合者,日本,出口總值(含復出口),169,11444
2020-12,39209991,其他塑膠板、片及扁條，非多孔性及未經以其他物質加強、積層、支持或與其他物質類似結合者,印度,出口總值(含復出口),5,165
2020-12,39209991,其他塑膠板、片及扁條，非多孔性及未經以其他物質加強、積層、支持或與其他物質類似結合者,波蘭,出口總值(含復出口),4,675
2020-12,39209991,其他塑膠板、片及扁條，非多孔性及未經以其他物質加強、積層、支持或與其他物質類似結合者,美國,出口總值(含復出口),70,3485
2020-12,39209991,其他塑膠板、片及扁條，非多孔性及未經以其他物質加強、積層、支持或與其他物質類似結合者,香港,出口總值(含復出口),12,78
2020-12,39209991,其他塑膠板、片及扁條，非多孔性及未經以其他物質加強、積層、支持或與其他物質類似結合者,泰國,出口總值(含復出口),11,3854
2020-12,39209991,其他塑膠板、片及扁條，非多孔性及未經以其他物質加強、積層、支持或與其他物質類似結合者,秘魯,出口總值(含復出口),14,266
2020-12,39209991,其他塑膠板、片及扁條，非多孔性及未經以其他物質加強、積層、支持或與其他物質類似結合者,馬來西亞,出口總值(含復出口),41,14313
2020-12,39209991,其他塑膠板、片及扁條，非多孔性及未經以其他物質加強、積層、支持或與其他物質類似結合者,密克羅尼西亞,出口總值(含復出口),5,1806
2020-12,39209991,其他塑膠板、片及扁條，非多孔性及未經以其他物質加強、積層、支持或與其他物質類似結合者,越南,出口總值(含復出口),138,24513
2020-12,39209991,其他塑膠板、片及扁條，非多孔性及未經以其他物質加強、積層、支持或與其他物質類似結合者,新加坡,出口總值(含復出口),13,210
2020-12,39209991,其他塑膠板、片及扁條，非多孔性及未經以其他物質加強、積層、支持或與其他物質類似結合者,德國,出口總值(含復出口),224,32662
2020-12,39209991,其他塑膠板、片及扁條，非多孔性及未經以其他物質加強、積層、支持或與其他物質類似結合者,澳大利亞,出口總值(含復出口),10,7419
2020-1,27101965,白臘油,中國大陸,進口總值(含復進口),21,20000
2020-1,27101965,白臘油,中國大陸,出口總值(含復出口),5488,6309000
2020-1,27101965,白臘油,巴基斯坦,出口總值(含復出口),59,80000
2020-1,27101965,白臘油,日本,進口總值(含復進口),846,969000
2020-1,27101965,白臘油,日本,出口總值(含復出口),59,80000
2020-1,27101965,白臘油,印尼,出口總值(含復出口),75,100000
2020-1,27101965,白臘油,印度,進口總值(含復進口),64,60000
2020-1,27101965,白臘油,印度,出口總值(含復出口),10,7000
2020-1,27101965,白臘油,西班牙,進口總值(含復進口),0,0
2020-1,27101965,白臘油,沙烏地阿拉伯,出口總值(含復出口),217,300000
2020-1,27101965,白臘油,孟加拉,出口總值(含復出口),68,69000
2020-1,27101965,白臘油,法國,進口總值(含復進口),19,7000
2020-1,27101965,白臘油,南韓,進口總值(含復進口),1436,2091000
2020-1,27101965,白臘油,美國,進口總值(含復進口),53,20000
2020-1,27101965,白臘油,香港,出口總值(含復出口),36,50000
2020-1,27101965,白臘油,泰國,出口總值(含復出口),259,271000
2020-1,27101965,白臘油,馬來西亞,進口總值(含復進口),730,838000
2020-1,27101965,白臘油,馬來西亞,出口總值(含復出口),1077,1143000
2020-1,27101965,白臘油,越南,出口總值(含復出口),116,120000
2020-1,27101965,白臘油,義大利,出口總值(含復出口),508,700000
2020-1,27101965,白臘油,德國,進口總值(含復進口),0,0
2020-1,27101965,白臘油,德國,出口總值(含復出口),117,160000
2020-1,29051220,異丙醇,中國大陸,進口總值(含復進口),3,2000
2020-1,29051220,異丙醇,中國大陸,出口總值(含復出口),2183,2217000
2020-1,29051220,異丙醇,中華民國,進口總值(含復進口),5,0
2020-1,29051220,異丙醇,巴基斯坦,出口總值(含復出口),265,365000
2020-1,29051220,異丙醇,日本,進口總值(含復進口),858,759000
2020-1,29051220,異丙醇,日本,出口總值(含復出口),3,0
2020-1,29051220,異丙醇,尼加拉瓜,出口總值(含復出口),20,22000
2020-1,29051220,異丙醇,瓜地馬拉,出口總值(含復出口),20,22000
2020-1,29051220,異丙醇,印度,出口總值(含復出口),103,104000
2020-1,29051220,異丙醇,西班牙,進口總值(含復進口),3,0
2020-1,29051220,異丙醇,孟加拉,出口總值(含復出口),44,38000
2020-1,29051220,異丙醇,阿拉伯聯合大公國,出口總值(含復出口),1445,1938000
2020-1,29051220,異丙醇,南韓,進口總值(含復進口),1,0
2020-1,29051220,異丙醇,美國,進口總值(含復進口),29,11000
2020-1,29051220,異丙醇,美國,出口總值(含復出口),831,275000
2020-1,29051220,異丙醇,英國,進口總值(含復進口),0,0
2020-1,29051220,異丙醇,香港,出口總值(含復出口),1,0
2020-1,29051220,異丙醇,哥倫比亞,出口總值(含復出口),20,22000
2020-1,29051220,異丙醇,泰國,出口總值(含復出口),70,51000
2020-1,29051220,異丙醇,紐西蘭,出口總值(含復出口),12,13000
2020-1,29051220,異丙醇,馬來西亞,出口總值(含復出口),128,63000
2020-1,29051220,異丙醇,荷蘭,進口總值(含復進口),0,0
2020-1,29051220,異丙醇,菲律賓,出口總值(含復出口),217,114000
2020-1,29051220,異丙醇,越南,出口總值(含復出口),63,84000
2020-1,29051220,異丙醇,愛爾蘭,出口總值(含復出口),231,77000
2020-1,29051220,異丙醇,新加坡,進口總值(含復進口),219,203000
2020-1,29051220,異丙醇,新加坡,出口總值(含復出口),44,17000
2020-1,29051220,異丙醇,德國,進口總值(含復進口),7,0
2020-1,29051220,異丙醇,澳大利亞,出口總值(含復出口),35,39000
2020-1,29051300,正丁醇,中國大陸,出口總值(含復出口),4695,6000000
2020-1,29051300,正丁醇,日本,出口總值(含復出口),16,14000
2020-1,29051300,正丁醇,以色列,出口總值(含復出口),15,19000
2020-1,29051300,正丁醇,印度,進口總值(含復進口),0,0
2020-1,29051300,正丁醇,印度,出口總值(含復出口),1066,1500000
2020-1,29051300,正丁醇,法國,進口總值(含復進口),1,0
2020-1,29051300,正丁醇,南韓,出口總值(含復出口),1267,2000000
2020-1,29051300,正丁醇,美國,進口總值(含復進口),356,507000
2020-1,29051300,正丁醇,英國,進口總值(含復進口),1,0
2020-1,29051300,正丁醇,泰國,出口總值(含復出口),27,38000
2020-1,29051300,正丁醇,越南,出口總值(含復出口),26,38000
2020-1,29051300,正丁醇,德國,進口總值(含復進口),0,0
2020-1,29051300,正丁醇,澳大利亞,出口總值(含復出口),1,1000
2020-1,29094100,２，２'－氧基二乙醇（二乙二醇）,中國大陸,出口總值(含復出口),9350,14978000
2020-1,29094100,２，２'－氧基二乙醇（二乙二醇）,日本,進口總值(含復進口),0,1
2020-1,29094100,２，２'－氧基二乙醇（二乙二醇）,日本,出口總值(含復出口),15,18000
2020-1,29094100,２，２'－氧基二乙醇（二乙二醇）,孟加拉,出口總值(含復出口),14,18000
2020-1,29094100,２，２'－氧基二乙醇（二乙二醇）,美國,進口總值(含復進口),0,0
2020-1,29094100,２，２'－氧基二乙醇（二乙二醇）,英國,進口總值(含復進口),0,1
2020-1,29094100,２，２'－氧基二乙醇（二乙二醇）,馬來西亞,出口總值(含復出口),42,59710
2020-1,29094100,２，２'－氧基二乙醇（二乙二醇）,荷蘭,進口總值(含復進口),1,61
2020-1,29094100,２，２'－氧基二乙醇（二乙二醇）,越南,出口總值(含復出口),408,660270
2020-1,29094100,２，２'－氧基二乙醇（二乙二醇）,義大利,出口總值(含復出口),3,13200
2020-1,29094100,２，２'－氧基二乙醇（二乙二醇）,德國,出口總值(含復出口),0,60
2020-1,29094310,乙二醇丁醚,中國大陸,出口總值(含復出口),27,29600
2020-1,29094310,乙二醇丁醚,日本,出口總值(含復出口),107,148000
2020-1,29094310,乙二醇丁醚,沙烏地阿拉伯,進口總值(含復進口),268,338501
2020-1,29094310,乙二醇丁醚,美國,進口總值(含復進口),2578,3852851
2020-1,29094310,乙二醇丁醚,泰國,出口總值(含復出口),48,59200
2020-1,29094310,乙二醇丁醚,紐西蘭,出口總值(含復出口),7,8880
2020-1,29094310,乙二醇丁醚,馬來西亞,出口總值(含復出口),13,14800
2020-1,29094310,乙二醇丁醚,斯里蘭卡,出口總值(含復出口),21,23680
2020-1,29094310,乙二醇丁醚,越南,出口總值(含復出口),103,119840
2020-1,29094310,乙二醇丁醚,新加坡,出口總值(含復出口),63,119860
2020-1,29094310,乙二醇丁醚,德國,進口總值(含復進口),1,370
2020-1,29094310,乙二醇丁醚,澳大利亞,出口總值(含復出口),24,25400
2020-1,29153200,醋酸乙烯酯,中國大陸,出口總值(含復出口),19294,26585650
2020-1,29153200,醋酸乙烯酯,巴西,出口總值(含復出口),1485,2069381
2020-1,29153200,醋酸乙烯酯,巴基斯坦,出口總值(含復出口),42,50250
2020-1,29153200,醋酸乙烯酯,日本,出口總值(含復出口),12,15200
2020-1,29153200,醋酸乙烯酯,印度,出口總值(含復出口),28,30400
2020-1,29153200,醋酸乙烯酯,委內瑞拉,出口總值(含復出口),14,15200
2020-1,29153200,醋酸乙烯酯,南韓,出口總值(含復出口),2293,2980272
2020-1,29153200,醋酸乙烯酯,斯里蘭卡,出口總值(含復出口),40,45600
2020-1,29153200,醋酸乙烯酯,新加坡,進口總值(含復進口),259,299872
2020-1,29153200,醋酸乙烯酯,德國,進口總值(含復進口),0,0
2020-2,27101965,白臘油,中國大陸,進口總值(含復進口),22,20000
2020-2,27101965,白臘油,中國大陸,出口總值(含復出口),5802,7322000
2020-2,27101965,白臘油,巴西,出口總值(含復出口),3535,4987000
2020-2,27101965,白臘油,巴基斯坦,出口總值(含復出口),30,40000
2020-2,27101965,白臘油,日本,進口總值(含復進口),32,5000
2020-2,27101965,白臘油,日本,出口總值(含復出口),73,100000
2020-2,27101965,白臘油,加拿大,進口總值(含復進口),4,0
2020-2,27101965,白臘油,印尼,出口總值(含復出口),60,80000
2020-2,27101965,白臘油,印度,進口總值(含復進口),93,91000
2020-2,27101965,白臘油,印度,出口總值(含復出口),10,7000
2020-2,27101965,白臘油,沙烏地阿拉伯,出口總值(含復出口),220,300000
2020-2,27101965,白臘油,其他國家,出口總值(含復出口),0,0
2020-2,27101965,白臘油,孟加拉,出口總值(含復出口),78,78000
2020-2,27101965,白臘油,法國,進口總值(含復進口),0,0
2020-2,27101965,白臘油,阿根廷,出口總值(含復出口),73,100000
2020-2,27101965,白臘油,南韓,進口總值(含復進口),2452,3175000
2020-2,27101965,白臘油,美國,進口總值(含復進口),95,60000
2020-2,27101965,白臘油,香港,出口總值(含復出口),220,294000
2020-2,27101965,白臘油,泰國,進口總值(含復進口),149,260000
2020-2,27101965,白臘油,泰國,出口總值(含復出口),187,182000
2020-2,27101965,白臘油,馬來西亞,出口總值(含復出口),142,146000
2020-2,27101965,白臘油,越南,出口總值(含復出口),158,158000
2020-2,27101965,白臘油,新加坡,出口總值(含復出口),3,2000
2020-2,27101965,白臘油,義大利,出口總值(含復出口),156,220000
2020-2,27101965,白臘油,德國,出口總值(含復出口),118,160000
2020-2,29051220,異丙醇,中國大陸,進口總值(含復進口),0,0
2020-2,29051220,異丙醇,中國大陸,出口總值(含復出口),1859,1243000
2020-2,29051220,異丙醇,中華民國,進口總值(含復進口),1,0
2020-2,29051220,異丙醇,巴拿馬,出口總值(含復出口),20,22000
2020-2,29051220,異丙醇,巴基斯坦,出口總值(含復出口),375,539000
2020-2,29051220,異丙醇,日本,進口總值(含復進口),1542,1389000
2020-2,29051220,異丙醇,以色列,出口總值(含復出口),134,45000
2020-2,29051220,異丙醇,加拿大,進口總值(含復進口),0,0
2020-2,29051220,異丙醇,印尼,出口總值(含復出口),42,52000
2020-2,29051220,異丙醇,印度,出口總值(含復出口),29,26000
2020-2,29051220,異丙醇,孟加拉,出口總值(含復出口),66,65000
2020-2,29051220,異丙醇,南韓,進口總值(含復進口),56,71000
2020-2,29051220,異丙醇,南韓,出口總值(含復出口),487,520000
2020-2,29051220,異丙醇,美國,進口總值(含復進口),13,5000
2020-2,29051220,異丙醇,美國,出口總值(含復出口),1086,372000
2020-2,29051220,異丙醇,香港,出口總值(含復出口),302,282000
2020-2,29051220,異丙醇,泰國,出口總值(含復出口),39,22000
2020-2,29051220,異丙醇,馬來西亞,出口總值(含復出口),130,108000
2020-2,29051220,異丙醇,荷蘭,進口總值(含復進口),0,0
2020-2,29051220,異丙醇,斯里蘭卡,出口總值(含復出口),22,26000
2020-2,29051220,異丙醇,菲律賓,出口總值(含復出口),135,69000
2020-2,29051220,異丙醇,越南,出口總值(含復出口),40,59000
2020-2,29051220,異丙醇,愛爾蘭,出口總值(含復出口),263,88000
2020-2,29051220,異丙醇,新加坡,進口總值(含復進口),185,170000
2020-2,29051220,異丙醇,新加坡,出口總值(含復出口),52,21000
2020-2,29051220,異丙醇,德國,進口總值(含復進口),5,0
2020-2,29051220,異丙醇,澳大利亞,出口總值(含復出口),80,78000
2020-2,29051300,正丁醇,中國大陸,出口總值(含復出口),7090,10580000
2020-2,29051300,正丁醇,日本,進口總值(含復進口),0,0
2020-2,29051300,正丁醇,印度,進口總值(含復進口),0,0
2020-2,29051300,正丁醇,南非,進口總值(含復進口),529,800000
2020-2,29051300,正丁醇,南韓,進口總值(含復進口),0,0
2020-2,29051300,正丁醇,南韓,出口總值(含復出口),1312,2000000
2020-2,29051300,正丁醇,美國,進口總值(含復進口),0,0
2020-2,29051300,正丁醇,泰國,出口總值(含復出口),56,76000
2020-2,29051300,正丁醇,越南,出口總值(含復出口),27,37000
2020-2,29051300,正丁醇,德國,進口總值(含復進口),1,0
2020-2,29094100,２，２'－氧基二乙醇（二乙二醇）,中國大陸,出口總值(含復出口),6966,11032870
2020-2,29094100,２，２'－氧基二乙醇（二乙二醇）,日本,進口總值(含復進口),0,1
2020-2,29094100,２，２'－氧基二乙醇（二乙二醇）,日本,出口總值(含復出口),46,54000
2020-2,29094100,２，２'－氧基二乙醇（二乙二醇）,比利時,進口總值(含復進口),0,0
2020-2,29094100,２，２'－氧基二乙醇（二乙二醇）,馬來西亞,出口總值(含復出口),56,79740
2020-2,29094100,２，２'－氧基二乙醇（二乙二醇）,菲律賓,出口總值(含復出口),14,18000
2020-2,29094100,２，２'－氧基二乙醇（二乙二醇）,越南,出口總值(含復出口),42,50630
2020-2,29094100,２，２'－氧基二乙醇（二乙二醇）,義大利,出口總值(含復出口),29,100000
2020-2,29094310,乙二醇丁醚,中國大陸,進口總值(含復進口),38,3700
2020-2,29094310,乙二醇丁醚,中國大陸,出口總值(含復出口),1348,1469868
2020-2,29094310,乙二醇丁醚,日本,出口總值(含復出口),63,81400
2020-2,29094310,乙二醇丁醚,印尼,出口總值(含復出口),591,1012264
2020-2,29094310,乙二醇丁醚,沙烏地阿拉伯,進口總值(含復進口),39,59400
2020-2,29094310,乙二醇丁醚,坦尚尼亞,出口總值(含復出口),13,14800
2020-2,29094310,乙二醇丁醚,肯亞,出口總值(含復出口),13,14800
2020-2,29094310,乙二醇丁醚,美國,進口總值(含復進口),12,15040
2020-2,29094310,乙二醇丁醚,泰國,出口總值(含復出口),137,193730
2020-2,29094310,乙二醇丁醚,斯里蘭卡,出口總值(含復出口),21,23680
2020-2,29094310,乙二醇丁醚,菲律賓,出口總值(含復出口),10,8020
2020-2,29094310,乙二醇丁醚,越南,出口總值(含復出口),967,1423812
2020-2,29094310,乙二醇丁醚,新加坡,出口總值(含復出口),345,504709
2020-2,29094310,乙二醇丁醚,澳大利亞,出口總值(含復出口),13,14800
2020-2,29153200,醋酸乙烯酯,中國大陸,出口總值(含復出口),6208,8730269
2020-2,29153200,醋酸乙烯酯,巴西,出口總值(含復出口),857,1132671
2020-2,29153200,醋酸乙烯酯,巴拉圭,出口總值(含復出口),24,19860
2020-2,29153200,醋酸乙烯酯,巴基斯坦,出口總值(含復出口),29,35090
2020-2,29153200,醋酸乙烯酯,日本,進口總值(含復進口),836,1044286
2020-2,29153200,醋酸乙烯酯,比利時,出口總值(含復出口),3789,5188188
2020-2,29153200,醋酸乙烯酯,印度,出口總值(含復出口),55,60800
2020-2,29153200,醋酸乙烯酯,奈及利亞,出口總值(含復出口),41,45600
2020-2,29153200,醋酸乙烯酯,孟加拉,出口總值(含復出口),14,15200
2020-2,29153200,醋酸乙烯酯,肯亞,出口總值(含復出口),15,15200
2020-2,29153200,醋酸乙烯酯,美國,進口總值(含復進口),4,233
2020-2,29153200,醋酸乙烯酯,英國,進口總值(含復進口),0,0
2020-2,29153200,醋酸乙烯酯,斯里蘭卡,出口總值(含復出口),107,121600
2020-2,29153200,醋酸乙烯酯,新加坡,進口總值(含復進口),334,399725
2020-3,27101965,白臘油,中國大陸,進口總值(含復進口),67,55000
2020-3,27101965,白臘油,中國大陸,出口總值(含復出口),6707,9199000
2020-3,27101965,白臘油,巴基斯坦,出口總值(含復出口),59,80000
2020-3,27101965,白臘油,日本,進口總值(含復進口),4,1000
2020-3,27101965,白臘油,日本,出口總值(含復出口),58,80000
2020-3,27101965,白臘油,印尼,出口總值(含復出口),30,40000
2020-3,27101965,白臘油,印度,進口總值(含復進口),983,972000
2020-3,27101965,白臘油,印度,出口總值(含復出口),79,94000
2020-3,27101965,白臘油,沙烏地阿拉伯,出口總值(含復出口),290,400000
2020-3,27101965,白臘油,其他國家,出口總值(含復出口),0,0
2020-3,27101965,白臘油,孟加拉,出口總值(含復出口),229,240000
2020-3,27101965,白臘油,阿拉伯聯合大公國,進口總值(含復進口),26,12000
2020-3,27101965,白臘油,南非,進口總值(含復進口),10,16000
2020-3,27101965,白臘油,南韓,進口總值(含復進口),1503,1985000
2020-3,27101965,白臘油,美國,進口總值(含復進口),172,82000
2020-3,27101965,白臘油,香港,出口總值(含復出口),95,127000
2020-3,27101965,白臘油,泰國,進口總值(含復進口),175,302000
2020-3,27101965,白臘油,泰國,出口總值(含復出口),447,463000
2020-3,27101965,白臘油,馬來西亞,出口總值(含復出口),157,193000
2020-3,27101965,白臘油,越南,出口總值(含復出口),98,100000
2020-3,27101965,白臘油,新加坡,出口總值(含復出口),11,15000
2020-3,27101965,白臘油,義大利,出口總值(含復出口),366,500000
2020-3,27101965,白臘油,德國,進口總值(含復進口),1,0
2020-3,27101965,白臘油,德國,出口總值(含復出口),58,80000
2020-3,29051220,異丙醇,中國大陸,進口總值(含復進口),58,39000
2020-3,29051220,異丙醇,中國大陸,出口總值(含復出口),1110,304000
2020-3,29051220,異丙醇,中華民國,進口總值(含復進口),0,0
2020-3,29051220,異丙醇,巴基斯坦,出口總值(含復出口),448,617000
2020-3,29051220,異丙醇,日本,進口總值(含復進口),2212,1956000
2020-3,29051220,異丙醇,比利時,出口總值(含復出口),112,107000
2020-3,29051220,異丙醇,以色列,出口總值(含復出口),768,258000
2020-3,29051220,異丙醇,印尼,出口總值(含復出口),68,84000
2020-3,29051220,異丙醇,印度,出口總值(含復出口),275,256000
2020-3,29051220,異丙醇,孟加拉,出口總值(含復出口),127,114000
2020-3,29051220,異丙醇,法國,進口總值(含復進口),0,0
2020-3,29051220,異丙醇,南韓,進口總值(含復進口),44,37000
2020-3,29051220,異丙醇,南韓,出口總值(含復出口),456,520000
2020-3,29051220,異丙醇,約旦,出口總值(含復出口),40,38000
2020-3,29051220,異丙醇,美國,進口總值(含復進口),125,46000
2020-3,29051220,異丙醇,美國,出口總值(含復出口),585,243000
2020-3,29051220,異丙醇,英國,進口總值(含復進口),0,0
2020-3,29051220,異丙醇,埃及,出口總值(含復出口),7,13000
2020-3,29051220,異丙醇,泰國,出口總值(含復出口),72,65000
2020-3,29051220,異丙醇,紐西蘭,出口總值(含復出口),14,13000
2020-3,29051220,異丙醇,馬來西亞,出口總值(含復出口),345,264000
2020-3,29051220,異丙醇,斯里蘭卡,出口總值(含復出口),41,39000
2020-3,29051220,異丙醇,菲律賓,出口總值(含復出口),219,117000
2020-3,29051220,異丙醇,越南,出口總值(含復出口),126,135000
2020-3,29051220,異丙醇,愛爾蘭,出口總值(含復出口),295,100000
2020-3,29051220,異丙醇,新加坡,進口總值(含復進口),571,507000
2020-3,29051220,異丙醇,新加坡,出口總值(含復出口),225,184000
2020-3,29051220,異丙醇,德國,進口總值(含復進口),14,0
2020-3,29051220,異丙醇,澳大利亞,出口總值(含復出口),175,172000
2020-3,29051300,正丁醇,中國大陸,出口總值(含復出口),3341,5260000
2020-3,29051300,正丁醇,日本,出口總值(含復出口),13,13000
2020-3,29051300,正丁醇,南非,進口總值(含復進口),326,500000
2020-3,29051300,正丁醇,南韓,進口總值(含復進口),0,0
2020-3,29051300,正丁醇,南韓,出口總值(含復出口),1262,2000000
2020-3,29051300,正丁醇,美國,進口總值(含復進口),0,0
2020-3,29051300,正丁醇,英國,進口總值(含復進口),0,0
2020-3,29051300,正丁醇,泰國,出口總值(含復出口),13,19000
2020-3,29051300,正丁醇,菲律賓,出口總值(含復出口),15,19000
2020-3,29051300,正丁醇,澳大利亞,出口總值(含復出口),13,13000
2020-3,29094100,２，２'－氧基二乙醇（二乙二醇）,中國大陸,進口總值(含復進口),0,2
2020-3,29094100,２，２'－氧基二乙醇（二乙二醇）,中國大陸,出口總值(含復出口),4664,9575000
2020-3,29094100,２，２'－氧基二乙醇（二乙二醇）,日本,進口總值(含復進口),0,1
2020-3,29094100,２，２'－氧基二乙醇（二乙二醇）,日本,出口總值(含復出口),37,57930
2020-3,29094100,２，２'－氧基二乙醇（二乙二醇）,比利時,進口總值(含復進口),0,2
2020-3,29094100,２，２'－氧基二乙醇（二乙二醇）,孟加拉,出口總值(含復出口),39,54000
2020-3,29094100,２，２'－氧基二乙醇（二乙二醇）,美國,進口總值(含復進口),0,0
2020-3,29094100,２，２'－氧基二乙醇（二乙二醇）,荷蘭,進口總值(含復進口),1,120
2020-3,29094100,２，２'－氧基二乙醇（二乙二醇）,斯里蘭卡,出口總值(含復出口),13,18000
2020-3,29094100,２，２'－氧基二乙醇（二乙二醇）,越南,出口總值(含復出口),149,251040
2020-3,29094100,２，２'－氧基二乙醇（二乙二醇）,義大利,出口總值(含復出口),6,58040
2020-3,29094310,乙二醇丁醚,中國大陸,進口總值(含復進口),65,26640
2020-3,29094310,乙二醇丁醚,中國大陸,出口總值(含復出口),67,74000
2020-3,29094310,乙二醇丁醚,日本,進口總值(含復進口),0,5
2020-3,29094310,乙二醇丁醚,日本,出口總值(含復出口),22,29600
2020-3,29094310,乙二醇丁醚,卡達,出口總值(含復出口),63,59200
2020-3,29094310,乙二醇丁醚,印尼,出口總值(含復出口),0,370
2020-3,29094310,乙二醇丁醚,沙烏地阿拉伯,進口總值(含復進口),39,59400
2020-3,29094310,乙二醇丁醚,肯亞,出口總值(含復出口),13,14800
2020-3,29094310,乙二醇丁醚,美國,進口總值(含復進口),790,1217277
2020-3,29094310,乙二醇丁醚,英國,進口總值(含復進口),0,2
2020-3,29094310,乙二醇丁醚,香港,出口總值(含復出口),12,14800
2020-3,29094310,乙二醇丁醚,泰國,出口總值(含復出口),13,14800
2020-3,29094310,乙二醇丁醚,紐西蘭,出口總值(含復出口),24,22200
2020-3,29094310,乙二醇丁醚,斯里蘭卡,出口總值(含復出口),35,38480
2020-3,29094310,乙二醇丁醚,越南,出口總值(含復出口),145,164304
2020-3,29094310,乙二醇丁醚,德國,進口總值(含復進口),2,116
2020-3,29094310,乙二醇丁醚,澳大利亞,出口總值(含復出口),67,68020
2020-3,29153200,醋酸乙烯酯,中國大陸,出口總值(含復出口),8872,12427829
2020-3,29153200,醋酸乙烯酯,巴基斯坦,出口總值(含復出口),65,76000
2020-3,29153200,醋酸乙烯酯,日本,出口總值(含復出口),14,15200
2020-3,29153200,醋酸乙烯酯,比利時,出口總值(含復出口),3719,5124854
2020-3,29153200,醋酸乙烯酯,奈及利亞,出口總值(含復出口),581,623200
2020-3,29153200,醋酸乙烯酯,法國,進口總值(含復進口),0,0
2020-3,29153200,醋酸乙烯酯,肯亞,出口總值(含復出口),54,60800
2020-3,29153200,醋酸乙烯酯,南非,出口總值(含復出口),117,153430
2020-3,29153200,醋酸乙烯酯,南韓,出口總值(含復出口),4622,5972472
2020-3,29153200,醋酸乙烯酯,美國,進口總值(含復進口),2,116
2020-3,29153200,醋酸乙烯酯,斯里蘭卡,出口總值(含復出口),102,106400
2020-3,29153200,醋酸乙烯酯,越南,出口總值(含復出口),53,60800
2020-3,29153200,醋酸乙烯酯,新加坡,進口總值(含復進口),315,374517
2020-3,29153200,醋酸乙烯酯,德國,進口總值(含復進口),0,1
2020-3,29153200,醋酸乙烯酯,摩洛哥,出口總值(含復出口),335,351400
2020-4,27101965,白臘油,中國大陸,進口總值(含復進口),84,79000
2020-4,27101965,白臘油,中國大陸,出口總值(含復出口),1138,2248000
2020-4,27101965,白臘油,巴基斯坦,出口總值(含復出口),30,40000
2020-4,27101965,白臘油,日本,進口總值(含復進口),522,954000
2020-4,27101965,白臘油,日本,出口總值(含復出口),57,80000
2020-4,27101965,白臘油,比利時,進口總值(含復進口),43,17000
2020-4,27101965,白臘油,印尼,出口總值(含復出口),44,60000
2020-4,27101965,白臘油,印度,進口總值(含復進口),14,14000
2020-4,27101965,白臘油,印度,出口總值(含復出口),343,480000
2020-4,27101965,白臘油,沙烏地阿拉伯,出口總值(含復出口),138,200000
2020-4,27101965,白臘油,法國,進口總值(含復進口),1,0
2020-4,27101965,白臘油,阿拉伯聯合大公國,進口總值(含復進口),8,17000
2020-4,27101965,白臘油,南非,進口總值(含復進口),19,32000
2020-4,27101965,白臘油,南韓,進口總值(含復進口),567,1064000
2020-4,27101965,白臘油,美國,進口總值(含復進口),30,8000
2020-4,27101965,白臘油,香港,出口總值(含復出口),96,132000
2020-4,27101965,白臘油,泰國,進口總值(含復進口),114,200000
2020-4,27101965,白臘油,泰國,出口總值(含復出口),72,100000
2020-4,27101965,白臘油,荷蘭,進口總值(含復進口),22,18000
2020-4,27101965,白臘油,德國,進口總值(含復進口),0,0
2020-4,27101965,白臘油,德國,出口總值(含復出口),58,80000
2020-4,29051220,異丙醇,中國大陸,進口總值(含復進口),69,45000
2020-4,29051220,異丙醇,中國大陸,出口總值(含復出口),1924,1302000
2020-4,29051220,異丙醇,中華民國,進口總值(含復進口),0,0
2020-4,29051220,異丙醇,巴林,出口總值(含復出口),14,13000
2020-4,29051220,異丙醇,巴基斯坦,出口總值(含復出口),298,386000
2020-4,29051220,異丙醇,日本,進口總值(含復進口),1650,1460000
2020-4,29051220,異丙醇,比利時,出口總值(含復出口),411,359000
2020-4,29051220,異丙醇,以色列,出口總值(含復出口),795,284000
2020-4,29051220,異丙醇,加拿大,出口總值(含復出口),41,36000
2020-4,29051220,異丙醇,卡達,出口總值(含復出口),32,26000
2020-4,29051220,異丙醇,印尼,出口總值(含復出口),73,80000
2020-4,29051220,異丙醇,印度,進口總值(含復進口),2,0
2020-4,29051220,異丙醇,印度,出口總值(含復出口),1804,2153000
2020-4,29051220,異丙醇,西班牙,進口總值(含復進口),0,0
2020-4,29051220,異丙醇,孟加拉,出口總值(含復出口),224,232000
2020-4,29051220,異丙醇,法國,進口總值(含復進口),7,0
2020-4,29051220,異丙醇,阿拉伯聯合大公國,出口總值(含復出口),260,232000
2020-4,29051220,異丙醇,南韓,進口總值(含復進口),137,140000
2020-4,29051220,異丙醇,南韓,出口總值(含復出口),513,522000
2020-4,29051220,異丙醇,約旦,出口總值(含復出口),39,39000
2020-4,29051220,異丙醇,美國,進口總值(含復進口),48,16000
2020-4,29051220,異丙醇,美國,出口總值(含復出口),950,627000
2020-4,29051220,異丙醇,英國,進口總值(含復進口),0,0
2020-4,29051220,異丙醇,英國,出口總值(含復出口),14,13000
2020-4,29051220,異丙醇,埃及,出口總值(含復出口),56,79000
2020-4,29051220,異丙醇,泰國,出口總值(含復出口),52,38000
2020-4,29051220,異丙醇,馬來西亞,出口總值(含復出口),281,200000
2020-4,29051220,異丙醇,荷蘭,出口總值(含復出口),38,36000
2020-4,29051220,異丙醇,幾內亞,出口總值(含復出口),27,21000
2020-4,29051220,異丙醇,斯里蘭卡,出口總值(含復出口),15,13000
2020-4,29051220,異丙醇,菲律賓,出口總值(含復出口),109,66000
2020-4,29051220,異丙醇,越南,出口總值(含復出口),80,84000
2020-4,29051220,異丙醇,愛爾蘭,出口總值(含復出口),401,134000
2020-4,29051220,異丙醇,新加坡,進口總值(含復進口),376,340000
2020-4,29051220,異丙醇,新加坡,出口總值(含復出口),114,86000
2020-4,29051220,異丙醇,德國,進口總值(含復進口),5,0
2020-4,29051220,異丙醇,德國,出口總值(含復出口),40,12000
2020-4,29051220,異丙醇,澳大利亞,出口總值(含復出口),244,200000
2020-4,29051300,正丁醇,日本,進口總值(含復進口),0,0
2020-4,29051300,正丁醇,日本,出口總值(含復出口),9,7000
2020-4,29051300,正丁醇,西班牙,進口總值(含復進口),0,0
2020-4,29051300,正丁醇,法國,進口總值(含復進口),1,0
2020-4,29051300,正丁醇,南韓,出口總值(含復出口),879,1500000
2020-4,29051300,正丁醇,美國,進口總值(含復進口),0,0
2020-4,29051300,正丁醇,英國,進口總值(含復進口),0,0
2020-4,29051300,正丁醇,泰國,出口總值(含復出口),57,82000
2020-4,29051300,正丁醇,菲律賓,出口總值(含復出口),7,7000
2020-4,29051300,正丁醇,越南,出口總值(含復出口),19,26000
2020-4,29051300,正丁醇,德國,進口總值(含復進口),0,0
2020-4,29094100,２，２'－氧基二乙醇（二乙二醇）,中國大陸,出口總值(含復出口),6578,15128000
2020-4,29094100,２，２'－氧基二乙醇（二乙二醇）,日本,進口總值(含復進口),0,1
2020-4,29094100,２，２'－氧基二乙醇（二乙二醇）,日本,出口總值(含復出口),11,18000
2020-4,29094100,２，２'－氧基二乙醇（二乙二醇）,孟加拉,出口總值(含復出口),27,36000
2020-4,29094100,２，２'－氧基二乙醇（二乙二醇）,南非,出口總值(含復出口),23,36000
2020-4,29094100,２，２'－氧基二乙醇（二乙二醇）,美國,進口總值(含復進口),0,0
2020-4,29094100,２，２'－氧基二乙醇（二乙二醇）,英國,進口總值(含復進口),0,3
2020-4,29094100,２，２'－氧基二乙醇（二乙二醇）,馬來西亞,出口總值(含復出口),44,79620
2020-4,29094100,２，２'－氧基二乙醇（二乙二醇）,荷蘭,進口總值(含復進口),3,288
2020-4,29094100,２，２'－氧基二乙醇（二乙二醇）,越南,出口總值(含復出口),40,91920
2020-4,29094100,２，２'－氧基二乙醇（二乙二醇）,新加坡,出口總值(含復出口),25,44480
2020-4,29094310,乙二醇丁醚,中國大陸,進口總值(含復進口),32,13320
2020-4,29094310,乙二醇丁醚,中國大陸,出口總值(含復出口),22,29600
2020-4,29094310,乙二醇丁醚,日本,出口總值(含復出口),151,199800
2020-4,29094310,乙二醇丁醚,沙烏地阿拉伯,進口總值(含復進口),39,59400
2020-4,29094310,乙二醇丁醚,孟加拉,出口總值(含復出口),14,14800
2020-4,29094310,乙二醇丁醚,美國,進口總值(含復進口),547,781360
2020-4,29094310,乙二醇丁醚,英國,進口總值(含復進口),0,1
2020-4,29094310,乙二醇丁醚,紐西蘭,出口總值(含復出口),10,9000
2020-4,29094310,乙二醇丁醚,斯里蘭卡,出口總值(含復出口),23,23680
2020-4,29094310,乙二醇丁醚,越南,出口總值(含復出口),126,143954
2020-4,29094310,乙二醇丁醚,德國,進口總值(含復進口),0,1
2020-4,29153200,醋酸乙烯酯,中國大陸,出口總值(含復出口),11544,18209226
2020-4,29153200,醋酸乙烯酯,巴西,出口總值(含復出口),36,39880
2020-4,29153200,醋酸乙烯酯,巴基斯坦,出口總值(含復出口),32,39830
2020-4,29153200,醋酸乙烯酯,日本,進口總值(含復進口),758,951297
2020-4,29153200,醋酸乙烯酯,奈及利亞,出口總值(含復出口),137,152000
2020-4,29153200,醋酸乙烯酯,法國,進口總值(含復進口),0,0
2020-4,29153200,醋酸乙烯酯,南韓,出口總值(含復出口),2301,2982343
2020-4,29153200,醋酸乙烯酯,美國,進口總值(含復進口),7,488
2020-4,29153200,醋酸乙烯酯,英國,進口總值(含復進口),0,0
2020-4,29153200,醋酸乙烯酯,越南,出口總值(含復出口),46,60800
2020-4,29153200,醋酸乙烯酯,新加坡,進口總值(含復進口),301,363420
2020-4,29153200,醋酸乙烯酯,德國,進口總值(含復進口),0,1
2020-5,27101965,白臘油,中國大陸,進口總值(含復進口),77,72000
2020-5,27101965,白臘油,中國大陸,出口總值(含復出口),2912,5908000
2020-5,27101965,白臘油,日本,進口總值(含復進口),58,31000
2020-5,27101965,白臘油,日本,出口總值(含復出口),51,80000
2020-5,27101965,白臘油,印尼,出口總值(含復出口),137,200000
2020-5,27101965,白臘油,印度,進口總值(含復進口),42,40000
2020-5,27101965,白臘油,沙烏地阿拉伯,出口總值(含復出口),254,401000
2020-5,27101965,白臘油,其他國家,出口總值(含復出口),0,0
2020-5,27101965,白臘油,法國,進口總值(含復進口),18,6000
2020-5,27101965,白臘油,南韓,進口總值(含復進口),277,383000
2020-5,27101965,白臘油,美國,進口總值(含復進口),139,61000
2020-5,27101965,白臘油,香港,出口總值(含復出口),72,106000
2020-5,27101965,白臘油,泰國,出口總值(含復出口),51,80000
2020-5,27101965,白臘油,馬來西亞,進口總值(含復進口),399,1043000
2020-5,27101965,白臘油,馬來西亞,出口總值(含復出口),86,110000
2020-5,27101965,白臘油,越南,出口總值(含復出口),105,144000
2020-5,27101965,白臘油,新加坡,出口總值(含復出口),3,3000
2020-5,27101965,白臘油,德國,進口總值(含復進口),0,0
2020-5,27101965,白臘油,德國,出口總值(含復出口),52,80000
2020-5,29051220,異丙醇,中國大陸,進口總值(含復進口),127,94000
2020-5,29051220,異丙醇,中國大陸,出口總值(含復出口),2516,2379000
2020-5,29051220,異丙醇,中華民國,進口總值(含復進口),0,0
2020-5,29051220,異丙醇,丹麥,進口總值(含復進口),0,0
2020-5,29051220,異丙醇,巴基斯坦,出口總值(含復出口),524,534000
2020-5,29051220,異丙醇,日本,進口總值(含復進口),1313,1144000
2020-5,29051220,異丙醇,日本,出口總值(含復出口),32,26000
2020-5,29051220,異丙醇,比利時,出口總值(含復出口),289,197000
2020-5,29051220,異丙醇,以色列,出口總值(含復出口),473,191000
2020-5,29051220,異丙醇,加拿大,進口總值(含復進口),0,0
2020-5,29051220,異丙醇,加拿大,出口總值(含復出口),68,41000
2020-5,29051220,異丙醇,印尼,出口總值(含復出口),7,5000
2020-5,29051220,異丙醇,印度,進口總值(含復進口),0,0
2020-5,29051220,異丙醇,印度,出口總值(含復出口),116,78000
2020-5,29051220,異丙醇,西班牙,進口總值(含復進口),0,0
2020-5,29051220,異丙醇,沙烏地阿拉伯,出口總值(含復出口),61,44000
2020-5,29051220,異丙醇,坦尚尼亞,出口總值(含復出口),22,13000
2020-5,29051220,異丙醇,孟加拉,出口總值(含復出口),412,302000
2020-5,29051220,異丙醇,法國,進口總值(含復進口),4,0
2020-5,29051220,異丙醇,肯亞,出口總值(含復出口),23,13000
2020-5,29051220,異丙醇,南非,出口總值(含復出口),57,39000
2020-5,29051220,異丙醇,南韓,進口總值(含復進口),119,106000
2020-5,29051220,異丙醇,約旦,出口總值(含復出口),69,64000
2020-5,29051220,異丙醇,美國,進口總值(含復進口),59,23000
2020-5,29051220,異丙醇,美國,出口總值(含復出口),1763,795000
2020-5,29051220,異丙醇,英國,進口總值(含復進口),1,0
2020-5,29051220,異丙醇,埃及,出口總值(含復出口),39,39000
2020-5,29051220,異丙醇,泰國,出口總值(含復出口),31,19000
2020-5,29051220,異丙醇,紐西蘭,出口總值(含復出口),37,36000
2020-5,29051220,異丙醇,馬來西亞,出口總值(含復出口),209,132000
2020-5,29051220,異丙醇,荷蘭,進口總值(含復進口),6,0
2020-5,29051220,異丙醇,荷蘭,出口總值(含復出口),349,304000
2020-5,29051220,異丙醇,斯里蘭卡,出口總值(含復出口),125,84000
2020-5,29051220,異丙醇,智利,出口總值(含復出口),24,13000
2020-5,29051220,異丙醇,菲律賓,出口總值(含復出口),245,135000
2020-5,29051220,異丙醇,越南,出口總值(含復出口),34,34000
2020-5,29051220,異丙醇,愛爾蘭,出口總值(含復出口),337,110000
2020-5,29051220,異丙醇,新加坡,進口總值(含復進口),462,405000
2020-5,29051220,異丙醇,新加坡,出口總值(含復出口),82,42000
2020-5,29051220,異丙醇,德國,進口總值(含復進口),9,0
2020-5,29051220,異丙醇,澳大利亞,出口總值(含復出口),190,124000
2020-5,29051300,正丁醇,中國大陸,出口總值(含復出口),10869,19000000
2020-5,29051300,正丁醇,日本,出口總值(含復出口),5,7000
2020-5,29051300,正丁醇,南韓,出口總值(含復出口),1060,2000000
2020-5,29051300,正丁醇,美國,進口總值(含復進口),0,0
2020-5,29051300,正丁醇,英國,進口總值(含復進口),0,0
2020-5,29051300,正丁醇,泰國,出口總值(含復出口),12,18000
2020-5,29051300,正丁醇,菲律賓,出口總值(含復出口),21,24000
2020-5,29051300,正丁醇,越南,出口總值(含復出口),22,32000
2020-5,29051300,正丁醇,德國,進口總值(含復進口),1,0
2020-5,29051300,正丁醇,澳大利亞,出口總值(含復出口),11,13000
2020-5,29094100,２，２'－氧基二乙醇（二乙二醇）,中國大陸,出口總值(含復出口),10069,26104625
2020-5,29094100,２，２'－氧基二乙醇（二乙二醇）,日本,出口總值(含復出口),93,167340
2020-5,29094100,２，２'－氧基二乙醇（二乙二醇）,比利時,進口總值(含復進口),0,3
2020-5,29094100,２，２'－氧基二乙醇（二乙二醇）,美國,進口總值(含復進口),0,0
2020-5,29094100,２，２'－氧基二乙醇（二乙二醇）,英國,進口總值(含復進口),0,1
2020-5,29094100,２，２'－氧基二乙醇（二乙二醇）,荷蘭,進口總值(含復進口),0,37
2020-5,29094100,２，２'－氧基二乙醇（二乙二醇）,越南,出口總值(含復出口),47,94130
2020-5,29094100,２，２'－氧基二乙醇（二乙二醇）,奧地利,出口總值(含復出口),2,200
2020-5,29094310,乙二醇丁醚,中國大陸,出口總值(含復出口),1081,1471041
2020-5,29094310,乙二醇丁醚,日本,出口總值(含復出口),95,118400
2020-5,29094310,乙二醇丁醚,沙烏地阿拉伯,進口總值(含復進口),244,359808
2020-5,29094310,乙二醇丁醚,肯亞,出口總值(含復出口),23,29600
2020-5,29094310,乙二醇丁醚,美國,進口總值(含復進口),872,1222023
2020-5,29094310,乙二醇丁醚,英國,進口總值(含復進口),0,1
2020-5,29094310,乙二醇丁醚,泰國,出口總值(含復出口),25,29600
2020-5,29094310,乙二醇丁醚,紐西蘭,出口總值(含復出口),15,14500
2020-5,29094310,乙二醇丁醚,越南,出口總值(含復出口),140,169060
2020-5,29094310,乙二醇丁醚,德國,進口總值(含復進口),0,3
2020-5,29094310,乙二醇丁醚,澳大利亞,出口總值(含復出口),26,27920
2020-5,29153200,醋酸乙烯酯,中國大陸,出口總值(含復出口),1756,2996178
2020-5,29153200,醋酸乙烯酯,巴基斯坦,出口總值(含復出口),16,19910
2020-5,29153200,醋酸乙烯酯,日本,出口總值(含復出口),13,15200
2020-5,29153200,醋酸乙烯酯,吉布地,出口總值(含復出口),37,45600
2020-5,29153200,醋酸乙烯酯,奈及利亞,出口總值(含復出口),128,152000
2020-5,29153200,醋酸乙烯酯,肯亞,出口總值(含復出口),12,15200
2020-5,29153200,醋酸乙烯酯,南韓,出口總值(含復出口),1934,2984555
2020-5,29153200,醋酸乙烯酯,哥倫比亞,出口總值(含復出口),14,15200
2020-5,29153200,醋酸乙烯酯,新加坡,進口總值(含復進口),372,504665
2020-5,29153200,醋酸乙烯酯,德國,進口總值(含復進口),0,0
2020-6,27101965,白臘油,中國大陸,進口總值(含復進口),9,1000
2020-6,27101965,白臘油,中國大陸,出口總值(含復出口),2616,4765000
2020-6,27101965,白臘油,巴西,進口總值(含復進口),18,14000
2020-6,27101965,白臘油,日本,進口總值(含復進口),7,2000
2020-6,27101965,白臘油,日本,出口總值(含復出口),57,83000
2020-6,27101965,白臘油,印尼,出口總值(含復出口),38,60000
2020-6,27101965,白臘油,印度,進口總值(含復進口),93,94000
2020-6,27101965,白臘油,孟加拉,出口總值(含復出口),64,102000
2020-6,27101965,白臘油,法國,進口總值(含復進口),36,14000
2020-6,27101965,白臘油,南韓,進口總值(含復進口),234,328000
2020-6,27101965,白臘油,美國,進口總值(含復進口),60,38000
2020-6,27101965,白臘油,香港,出口總值(含復出口),109,171000
2020-6,27101965,白臘油,泰國,進口總值(含復進口),67,147000
2020-6,27101965,白臘油,泰國,出口總值(含復出口),49,80000
2020-6,27101965,白臘油,馬來西亞,出口總值(含復出口),67,95000
2020-6,27101965,白臘油,越南,出口總值(含復出口),154,230000
2020-6,27101965,白臘油,義大利,出口總值(含復出口),66,101000
2020-6,27101965,白臘油,德國,進口總值(含復進口),0,0
2020-6,27101965,白臘油,德國,出口總值(含復出口),50,80000
2020-6,29051220,異丙醇,中國大陸,進口總值(含復進口),63,42000
2020-6,29051220,異丙醇,中國大陸,出口總值(含復出口),2746,2282000
2020-6,29051220,異丙醇,中華民國,進口總值(含復進口),21,8000
2020-6,29051220,異丙醇,巴基斯坦,出口總值(含復出口),350,325000
2020-6,29051220,異丙醇,日本,進口總值(含復進口),1377,1155000
2020-6,29051220,異丙醇,加拿大,出口總值(含復出口),65,44000
2020-6,29051220,異丙醇,印尼,出口總值(含復出口),10,13000
2020-6,29051220,異丙醇,印度,進口總值(含復進口),48,16000
2020-6,29051220,異丙醇,印度,出口總值(含復出口),3349,2484000
2020-6,29051220,異丙醇,沙烏地阿拉伯,出口總值(含復出口),55,49000
2020-6,29051220,異丙醇,孟加拉,出口總值(含復出口),273,189000
2020-6,29051220,異丙醇,法國,進口總值(含復進口),5,0
2020-6,29051220,異丙醇,肯亞,出口總值(含復出口),23,13000
2020-6,29051220,異丙醇,俄羅斯,出口總值(含復出口),1,0
2020-6,29051220,異丙醇,南韓,進口總值(含復進口),321,282000
2020-6,29051220,異丙醇,美國,進口總值(含復進口),23,4000
2020-6,29051220,異丙醇,美國,出口總值(含復出口),2084,922000
2020-6,29051220,異丙醇,英國,進口總值(含復進口),0,0
2020-6,29051220,異丙醇,埃及,出口總值(含復出口),19,26000
2020-6,29051220,異丙醇,泰國,出口總值(含復出口),64,46000
2020-6,29051220,異丙醇,紐西蘭,出口總值(含復出口),47,26000
2020-6,29051220,異丙醇,馬來西亞,出口總值(含復出口),160,86000
2020-6,29051220,異丙醇,捷克,進口總值(含復進口),0,0
2020-6,29051220,異丙醇,荷蘭,進口總值(含復進口),9,0
2020-6,29051220,異丙醇,荷蘭,出口總值(含復出口),175,105000
2020-6,29051220,異丙醇,斯里蘭卡,出口總值(含復出口),199,135000
2020-6,29051220,異丙醇,菲律賓,出口總值(含復出口),401,241000
2020-6,29051220,異丙醇,越南,出口總值(含復出口),117,143000
2020-6,29051220,異丙醇,愛爾蘭,出口總值(含復出口),203,66000
2020-6,29051220,異丙醇,新加坡,進口總值(含復進口),420,371000
2020-6,29051220,異丙醇,新加坡,出口總值(含復出口),157,118000
2020-6,29051220,異丙醇,德國,進口總值(含復進口),10,2000
2020-6,29051220,異丙醇,澳大利亞,出口總值(含復出口),200,130000
2020-6,29051300,正丁醇,中國大陸,出口總值(含復出口),9577,15000000
2020-6,29051300,正丁醇,日本,進口總值(含復進口),1,0
2020-6,29051300,正丁醇,南非,進口總值(含復進口),540,1000000
2020-6,29051300,正丁醇,南韓,進口總值(含復進口),0,0
2020-6,29051300,正丁醇,南韓,出口總值(含復出口),2260,4000000
2020-6,29051300,正丁醇,美國,進口總值(含復進口),0,0
2020-6,29051300,正丁醇,英國,進口總值(含復進口),1,0
2020-6,29051300,正丁醇,馬來西亞,進口總值(含復進口),9,13000
2020-6,29051300,正丁醇,斯里蘭卡,出口總值(含復出口),13,19000
2020-6,29051300,正丁醇,越南,出口總值(含復出口),23,32000
2020-6,29051300,正丁醇,德國,進口總值(含復進口),1,0
2020-6,29094100,２，２'－氧基二乙醇（二乙二醇）,中國大陸,出口總值(含復出口),3738,9982542
2020-6,29094100,２，２'－氧基二乙醇（二乙二醇）,日本,進口總值(含復進口),0,2
2020-6,29094100,２，２'－氧基二乙醇（二乙二醇）,比利時,進口總值(含復進口),0,1
2020-6,29094100,２，２'－氧基二乙醇（二乙二醇）,美國,進口總值(含復進口),0,0
2020-6,29094100,２，２'－氧基二乙醇（二乙二醇）,英國,進口總值(含復進口),0,2
2020-6,29094100,２，２'－氧基二乙醇（二乙二醇）,馬來西亞,出口總值(含復出口),18,39910
2020-6,29094100,２，２'－氧基二乙醇（二乙二醇）,荷蘭,進口總值(含復進口),0,2
2020-6,29094100,２，２'－氧基二乙醇（二乙二醇）,越南,出口總值(含復出口),12,23270
2020-6,29094100,２，２'－氧基二乙醇（二乙二醇）,義大利,出口總值(含復出口),40,218560
2020-6,29094100,２，２'－氧基二乙醇（二乙二醇）,澳大利亞,出口總值(含復出口),12,18000
2020-6,29094310,乙二醇丁醚,中國大陸,出口總值(含復出口),121,162800
2020-6,29094310,乙二醇丁醚,日本,出口總值(含復出口),12,14800
2020-6,29094310,乙二醇丁醚,沙烏地阿拉伯,進口總值(含復進口),42,59400
2020-6,29094310,乙二醇丁醚,美國,進口總值(含復進口),508,738411
2020-6,29094310,乙二醇丁醚,英國,進口總值(含復進口),2,270
2020-6,29094310,乙二醇丁醚,香港,出口總值(含復出口),14,14800
2020-6,29094310,乙二醇丁醚,紐西蘭,出口總值(含復出口),7,7400
2020-6,29094310,乙二醇丁醚,越南,出口總值(含復出口),246,310800
2020-6,29094310,乙二醇丁醚,德國,進口總值(含復進口),0,0
2020-6,29094310,乙二醇丁醚,澳大利亞,出口總值(含復出口),17,16200
2020-6,29153200,醋酸乙烯酯,中國大陸,出口總值(含復出口),9909,17738546
2020-6,29153200,醋酸乙烯酯,肯亞,出口總值(含復出口),11,15200
2020-6,29153200,醋酸乙烯酯,南韓,出口總值(含復出口),1704,2988136
2020-6,29153200,醋酸乙烯酯,英國,進口總值(含復進口),0,1
2020-6,29153200,醋酸乙烯酯,莫三比克,出口總值(含復出口),25,30400
2020-6,29153200,醋酸乙烯酯,斯里蘭卡,出口總值(含復出口),66,76000
2020-6,29153200,醋酸乙烯酯,越南,出口總值(含復出口),40,60800
2020-6,29153200,醋酸乙烯酯,新加坡,進口總值(含復進口),302,464005
2020-6,29153200,醋酸乙烯酯,德國,進口總值(含復進口),0,1
2020-7,27101965,白臘油,中國大陸,進口總值(含復進口),39,40000
2020-7,27101965,白臘油,中國大陸,出口總值(含復出口),4521,7237000
2020-7,27101965,白臘油,日本,進口總值(含復進口),38,38000
2020-7,27101965,白臘油,日本,出口總值(含復出口),51,80000
2020-7,27101965,白臘油,印尼,出口總值(含復出口),120,180000
2020-7,27101965,白臘油,印度,進口總值(含復進口),104,99000
2020-7,27101965,白臘油,沙烏地阿拉伯,出口總值(含復出口),195,301000
2020-7,27101965,白臘油,法國,進口總值(含復進口),1,0
2020-7,27101965,白臘油,阿拉伯聯合大公國,進口總值(含復進口),80,117000
2020-7,27101965,白臘油,南非,進口總值(含復進口),19,33000
2020-7,27101965,白臘油,南韓,進口總值(含復進口),489,1021000
2020-7,27101965,白臘油,美國,進口總值(含復進口),69,29000
2020-7,27101965,白臘油,美國,出口總值(含復出口),1954,3042000
2020-7,27101965,白臘油,香港,出口總值(含復出口),515,825000
2020-7,27101965,白臘油,泰國,進口總值(含復進口),135,295000
2020-7,27101965,白臘油,泰國,出口總值(含復出口),94,132000
2020-7,27101965,白臘油,馬來西亞,進口總值(含復進口),1142,2032000
2020-7,27101965,白臘油,馬來西亞,出口總值(含復出口),141,185000
2020-7,27101965,白臘油,越南,出口總值(含復出口),207,297000
2020-7,27101965,白臘油,義大利,出口總值(含復出口),195,321000
2020-7,27101965,白臘油,德國,進口總值(含復進口),0,0
2020-7,27101965,白臘油,德國,出口總值(含復出口),26,40000
2020-7,29051220,異丙醇,千里達及托巴哥,出口總值(含復出口),22,13000
2020-7,29051220,異丙醇,中國大陸,進口總值(含復進口),64,42000
2020-7,29051220,異丙醇,中國大陸,出口總值(含復出口),3116,2245000
2020-7,29051220,異丙醇,中華民國,進口總值(含復進口),1,0
2020-7,29051220,異丙醇,巴基斯坦,出口總值(含復出口),750,646000
2020-7,29051220,異丙醇,日本,進口總值(含復進口),1915,1181000
2020-7,29051220,異丙醇,以色列,出口總值(含復出口),174,56000
2020-7,29051220,異丙醇,印度,出口總值(含復出口),2866,2097000
2020-7,29051220,異丙醇,孟加拉,出口總值(含復出口),104,65000
2020-7,29051220,異丙醇,法國,進口總值(含復進口),2,0
2020-7,29051220,異丙醇,南非,出口總值(含復出口),13,13000
2020-7,29051220,異丙醇,南韓,進口總值(含復進口),197,175000
2020-7,29051220,異丙醇,約旦,出口總值(含復出口),17,13000
2020-7,29051220,異丙醇,美國,進口總值(含復進口),23,8000
2020-7,29051220,異丙醇,美國,出口總值(含復出口),635,255000
2020-7,29051220,異丙醇,英國,進口總值(含復進口),0,0
2020-7,29051220,異丙醇,埃及,出口總值(含復出口),77,79000
2020-7,29051220,異丙醇,泰國,出口總值(含復出口),39,22000
2020-7,29051220,異丙醇,馬來西亞,出口總值(含復出口),202,110000
2020-7,29051220,異丙醇,荷蘭,進口總值(含復進口),6,0
2020-7,29051220,異丙醇,斯里蘭卡,出口總值(含復出口),24,18000
2020-7,29051220,異丙醇,菲律賓,出口總值(含復出口),299,181000
2020-7,29051220,異丙醇,越南,出口總值(含復出口),96,100000
2020-7,29051220,異丙醇,愛爾蘭,出口總值(含復出口),371,122000
2020-7,29051220,異丙醇,新加坡,進口總值(含復進口),319,237000
2020-7,29051220,異丙醇,新加坡,出口總值(含復出口),88,65000
2020-7,29051220,異丙醇,德國,進口總值(含復進口),10,1000
2020-7,29051220,異丙醇,模里西斯,出口總值(含復出口),15,13000
2020-7,29051300,正丁醇,中國大陸,出口總值(含復出口),12754,19000000
2020-7,29051300,正丁醇,日本,出口總值(含復出口),8,7000
2020-7,29051300,正丁醇,西班牙,進口總值(含復進口),1,0
2020-7,29051300,正丁醇,法國,進口總值(含復進口),0,0
2020-7,29051300,正丁醇,南非,進口總值(含復進口),330,600000
2020-7,29051300,正丁醇,南韓,進口總值(含復進口),2,0
2020-7,29051300,正丁醇,美國,進口總值(含復進口),2,0
2020-7,29051300,正丁醇,英國,進口總值(含復進口),0,0
2020-7,29051300,正丁醇,泰國,出口總值(含復出口),13,19000
2020-7,29051300,正丁醇,斯里蘭卡,出口總值(含復出口),11,13000
2020-7,29051300,正丁醇,菲律賓,出口總值(含復出口),25,38000
2020-7,29051300,正丁醇,越南,出口總值(含復出口),44,58000
2020-7,29051300,正丁醇,德國,進口總值(含復進口),0,0
2020-7,29094100,２，２'－氧基二乙醇（二乙二醇）,中國大陸,出口總值(含復出口),6713,17931588
2020-7,29094100,２，２'－氧基二乙醇（二乙二醇）,日本,出口總值(含復出口),28,57430
2020-7,29094100,２，２'－氧基二乙醇（二乙二醇）,孟加拉,出口總值(含復出口),12,18000
2020-7,29094100,２，２'－氧基二乙醇（二乙二醇）,南韓,出口總值(含復出口),8,19650
2020-7,29094100,２，２'－氧基二乙醇（二乙二醇）,美國,進口總值(含復進口),1,0
2020-7,29094100,２，２'－氧基二乙醇（二乙二醇）,英國,進口總值(含復進口),0,3
2020-7,29094100,２，２'－氧基二乙醇（二乙二醇）,馬來西亞,出口總值(含復出口),16,39730
2020-7,29094100,２，２'－氧基二乙醇（二乙二醇）,荷蘭,進口總值(含復進口),0,3
2020-7,29094100,２，２'－氧基二乙醇（二乙二醇）,斯里蘭卡,出口總值(含復出口),11,18000
2020-7,29094100,２，２'－氧基二乙醇（二乙二醇）,菲律賓,出口總值(含復出口),5,9000
2020-7,29094100,２，２'－氧基二乙醇（二乙二醇）,越南,出口總值(含復出口),21,45920
2020-7,29094100,２，２'－氧基二乙醇（二乙二醇）,澳門,出口總值(含復出口),11,18000
2020-7,29094310,乙二醇丁醚,中國大陸,進口總值(含復進口),32,13320
2020-7,29094310,乙二醇丁醚,中國大陸,出口總值(含復出口),56,74000
2020-7,29094310,乙二醇丁醚,日本,出口總值(含復出口),188,266400
2020-7,29094310,乙二醇丁醚,沙烏地阿拉伯,進口總值(含復進口),49,79600
2020-7,29094310,乙二醇丁醚,美國,進口總值(含復進口),456,652681
2020-7,29094310,乙二醇丁醚,泰國,出口總值(含復出口),11,14800
2020-7,29094310,乙二醇丁醚,馬來西亞,出口總值(含復出口),11,14800
2020-7,29094310,乙二醇丁醚,斯里蘭卡,出口總值(含復出口),8,8880
2020-7,29094310,乙二醇丁醚,越南,出口總值(含復出口),209,253200
2020-7,29094310,乙二醇丁醚,新加坡,出口總值(含復出口),13,14800
2020-7,29094310,乙二醇丁醚,澳大利亞,出口總值(含復出口),28,31000
2020-7,29153200,醋酸乙烯酯,中國大陸,進口總值(含復進口),14,21920
2020-7,29153200,醋酸乙烯酯,中國大陸,出口總值(含復出口),8798,14862146
2020-7,29153200,醋酸乙烯酯,日本,進口總值(含復進口),587,999647
2020-7,29153200,醋酸乙烯酯,日本,出口總值(含復出口),12,15200
2020-7,29153200,醋酸乙烯酯,比利時,出口總值(含復出口),2249,4146209
2020-7,29153200,醋酸乙烯酯,南韓,出口總值(含復出口),1690,2989278
2020-7,29153200,醋酸乙烯酯,英國,進口總值(含復進口),0,1
2020-7,29153200,醋酸乙烯酯,敘利亞,出口總值(含復出口),39,45600
2020-7,29153200,醋酸乙烯酯,斯里蘭卡,出口總值(含復出口),51,60800
2020-7,29153200,醋酸乙烯酯,新加坡,進口總值(含復進口),355,534871
2020-7,29153200,醋酸乙烯酯,摩洛哥,出口總值(含復出口),131,199380
2020-8,27101965,白臘油,中國大陸,出口總值(含復出口),4319,6814000
2020-8,27101965,白臘油,日本,進口總值(含復進口),1942,3044000
2020-8,27101965,白臘油,日本,出口總值(含復出口),41,60000
2020-8,27101965,白臘油,印尼,出口總值(含復出口),84,120000
2020-8,27101965,白臘油,印度,進口總值(含復進口),93,101000
2020-8,27101965,白臘油,孟加拉,出口總值(含復出口),183,278000
2020-8,27101965,白臘油,法國,進口總值(含復進口),17,19000
2020-8,27101965,白臘油,阿拉伯聯合大公國,進口總值(含復進口),24,12000
2020-8,27101965,白臘油,南韓,進口總值(含復進口),565,1074000
2020-8,27101965,白臘油,美國,進口總值(含復進口),32,18000
2020-8,27101965,白臘油,香港,出口總值(含復出口),108,155000
2020-8,27101965,白臘油,泰國,出口總值(含復出口),41,60000
2020-8,27101965,白臘油,馬來西亞,進口總值(含復進口),631,1013000
2020-8,27101965,白臘油,馬來西亞,出口總值(含復出口),168,230000
2020-8,27101965,白臘油,荷蘭,進口總值(含復進口),22,18000
2020-8,27101965,白臘油,越南,出口總值(含復出口),223,303000
2020-8,27101965,白臘油,新加坡,出口總值(含復出口),8,9000
2020-8,27101965,白臘油,義大利,出口總值(含復出口),269,421000
2020-8,27101965,白臘油,德國,進口總值(含復進口),0,0
2020-8,27101965,白臘油,澳門,出口總值(含復出口),3,3000
2020-8,29051220,異丙醇,中國大陸,進口總值(含復進口),45,30000
2020-8,29051220,異丙醇,中國大陸,出口總值(含復出口),942,272000
2020-8,29051220,異丙醇,中華民國,進口總值(含復進口),0,0
2020-8,29051220,異丙醇,巴基斯坦,出口總值(含復出口),874,912000
2020-8,29051220,異丙醇,日本,進口總值(含復進口),2570,1552000
2020-8,29051220,異丙醇,印尼,出口總值(含復出口),17,19000
2020-8,29051220,異丙醇,印度,出口總值(含復出口),1760,1446000
2020-8,29051220,異丙醇,孟加拉,出口總值(含復出口),128,77000
2020-8,29051220,異丙醇,法國,進口總值(含復進口),12,7000
2020-8,29051220,異丙醇,阿拉伯聯合大公國,出口總值(含復出口),11,13000
2020-8,29051220,異丙醇,俄羅斯,出口總值(含復出口),40,26000
2020-8,29051220,異丙醇,南韓,進口總值(含復進口),414,386000
2020-8,29051220,異丙醇,約旦,出口總值(含復出口),5,4000
2020-8,29051220,異丙醇,美國,進口總值(含復進口),29,6000
2020-8,29051220,異丙醇,美國,出口總值(含復出口),111,39000
2020-8,29051220,異丙醇,英國,進口總值(含復進口),0,0
2020-8,29051220,異丙醇,埃及,出口總值(含復出口),22,14000
2020-8,29051220,異丙醇,泰國,出口總值(含復出口),27,24000
2020-8,29051220,異丙醇,馬來西亞,出口總值(含復出口),99,46000
2020-8,29051220,異丙醇,荷蘭,進口總值(含復進口),11,2000
2020-8,29051220,異丙醇,斯里蘭卡,出口總值(含復出口),43,26000
2020-8,29051220,異丙醇,菲律賓,出口總值(含復出口),291,166000
2020-8,29051220,異丙醇,越南,出口總值(含復出口),150,136000
2020-8,29051220,異丙醇,愛爾蘭,出口總值(含復出口),270,88000
2020-8,29051220,異丙醇,新加坡,進口總值(含復進口),879,539000
2020-8,29051220,異丙醇,新加坡,出口總值(含復出口),45,18000
2020-8,29051220,異丙醇,德國,進口總值(含復進口),7,0
2020-8,29051220,異丙醇,墨西哥,進口總值(含復進口),13,1000
2020-8,29051220,異丙醇,澳大利亞,出口總值(含復出口),96,70000
2020-8,29051300,正丁醇,中國大陸,出口總值(含復出口),6078,9000000
2020-8,29051300,正丁醇,日本,進口總值(含復進口),0,0
2020-8,29051300,正丁醇,法國,進口總值(含復進口),1,0
2020-8,29051300,正丁醇,南非,進口總值(含復進口),420,700000
2020-8,29051300,正丁醇,南韓,進口總值(含復進口),0,0
2020-8,29051300,正丁醇,南韓,出口總值(含復出口),2547,3994000
2020-8,29051300,正丁醇,美國,進口總值(含復進口),1,0
2020-8,29051300,正丁醇,英國,進口總值(含復進口),0,0
2020-8,29051300,正丁醇,泰國,出口總值(含復出口),34,48000
2020-8,29051300,正丁醇,菲律賓,出口總值(含復出口),6,7000
2020-8,29051300,正丁醇,越南,出口總值(含復出口),56,70000
2020-8,29051300,正丁醇,德國,進口總值(含復進口),0,0
2020-8,29094100,２，２'－氧基二乙醇（二乙二醇）,中國大陸,出口總值(含復出口),5469,15280201
2020-8,29094100,２，２'－氧基二乙醇（二乙二醇）,日本,進口總值(含復進口),0,2
2020-8,29094100,２，２'－氧基二乙醇（二乙二醇）,日本,出口總值(含復出口),23,36000
2020-8,29094100,２，２'－氧基二乙醇（二乙二醇）,比利時,進口總值(含復進口),0,0
2020-8,29094100,２，２'－氧基二乙醇（二乙二醇）,孟加拉,出口總值(含復出口),31,54000
2020-8,29094100,２，２'－氧基二乙醇（二乙二醇）,美國,進口總值(含復進口),1,0
2020-8,29094100,２，２'－氧基二乙醇（二乙二醇）,英國,進口總值(含復進口),0,5
2020-8,29094100,２，２'－氧基二乙醇（二乙二醇）,越南,出口總值(含復出口),21,46510
2020-8,29094100,２，２'－氧基二乙醇（二乙二醇）,義大利,出口總值(含復出口),42,217690
2020-8,29094310,乙二醇丁醚,中國大陸,出口總值(含復出口),941,1334670
2020-8,29094310,乙二醇丁醚,日本,進口總值(含復進口),2,65
2020-8,29094310,乙二醇丁醚,日本,出口總值(含復出口),96,140600
2020-8,29094310,乙二醇丁醚,沙烏地阿拉伯,進口總值(含復進口),222,338325
2020-8,29094310,乙二醇丁醚,孟加拉,出口總值(含復出口),22,29600
2020-8,29094310,乙二醇丁醚,法國,進口總值(含復進口),358,585620
2020-8,29094310,乙二醇丁醚,柬埔寨,出口總值(含復出口),3,1080
2020-8,29094310,乙二醇丁醚,美國,進口總值(含復進口),14,20375
2020-8,29094310,乙二醇丁醚,英國,進口總值(含復進口),0,2
2020-8,29094310,乙二醇丁醚,紐西蘭,出口總值(含復出口),25,27000
2020-8,29094310,乙二醇丁醚,馬來西亞,出口總值(含復出口),11,14800
2020-8,29094310,乙二醇丁醚,斯里蘭卡,出口總值(含復出口),37,48100
2020-8,29094310,乙二醇丁醚,菲律賓,出口總值(含復出口),2,1110
2020-8,29094310,乙二醇丁醚,越南,出口總值(含復出口),202,254516
2020-8,29094310,乙二醇丁醚,德國,進口總值(含復進口),0,2
2020-8,29094310,乙二醇丁醚,澳大利亞,出口總值(含復出口),22,26500
2020-8,29153200,醋酸乙烯酯,中國大陸,出口總值(含復出口),10521,16919693
2020-8,29153200,醋酸乙烯酯,巴基斯坦,出口總值(含復出口),23,30400
2020-8,29153200,醋酸乙烯酯,日本,進口總值(含復進口),630,1000957
2020-8,29153200,醋酸乙烯酯,南韓,出口總值(含復出口),5282,8975974
2020-8,29153200,醋酸乙烯酯,美國,進口總值(含復進口),0,0
2020-8,29153200,醋酸乙烯酯,英國,進口總值(含復進口),0,1
2020-8,29153200,醋酸乙烯酯,斯里蘭卡,出口總值(含復出口),36,45600
2020-8,29153200,醋酸乙烯酯,菲律賓,出口總值(含復出口),292,494335
2020-8,29153200,醋酸乙烯酯,越南,出口總值(含復出口),43,60800
2020-8,29153200,醋酸乙烯酯,新加坡,進口總值(含復進口),908,1395881
2020-8,29153200,醋酸乙烯酯,德國,進口總值(含復進口),0,0
2020-8,29153200,醋酸乙烯酯,摩洛哥,出口總值(含復出口),258,398500
2020-9,27101965,白臘油,中國大陸,進口總值(含復進口),39,41000
2020-9,27101965,白臘油,中國大陸,出口總值(含復出口),4712,7259000
2020-9,27101965,白臘油,日本,進口總值(含復進口),5,1000
2020-9,27101965,白臘油,日本,出口總值(含復出口),54,80000
2020-9,27101965,白臘油,印尼,出口總值(含復出口),98,140000
2020-9,27101965,白臘油,印度,進口總值(含復進口),93,99000
2020-9,27101965,白臘油,印度,出口總值(含復出口),8,7000
2020-9,27101965,白臘油,西班牙,進口總值(含復進口),2,1000
2020-9,27101965,白臘油,其他國家,出口總值(含復出口),0,0
2020-9,27101965,白臘油,孟加拉,出口總值(含復出口),89,135000
2020-9,27101965,白臘油,法國,進口總值(含復進口),16,19000
2020-9,27101965,白臘油,阿拉伯聯合大公國,進口總值(含復進口),24,11000
2020-9,27101965,白臘油,南韓,進口總值(含復進口),424,723000
2020-9,27101965,白臘油,美國,進口總值(含復進口),15,9000
2020-9,27101965,白臘油,香港,出口總值(含復出口),147,207000
2020-9,27101965,白臘油,泰國,進口總值(含復進口),108,210000
2020-9,27101965,白臘油,泰國,出口總值(含復出口),68,98000
2020-9,27101965,白臘油,馬來西亞,進口總值(含復進口),563,947000
2020-9,27101965,白臘油,馬來西亞,出口總值(含復出口),115,150000
2020-9,27101965,白臘油,越南,出口總值(含復出口),78,102000
2020-9,27101965,白臘油,新加坡,出口總值(含復出口),4,5000
2020-9,27101965,白臘油,義大利,出口總值(含復出口),339,502000
2020-9,27101965,白臘油,德國,出口總值(含復出口),83,120000
2020-9,29051220,異丙醇,中國大陸,進口總值(含復進口),41,27000
2020-9,29051220,異丙醇,中國大陸,出口總值(含復出口),3066,2656000
2020-9,29051220,異丙醇,中華民國,進口總值(含復進口),22,2000
2020-9,29051220,異丙醇,巴基斯坦,出口總值(含復出口),491,505000
2020-9,29051220,異丙醇,日本,進口總值(含復進口),2141,1288000
2020-9,29051220,異丙醇,以色列,進口總值(含復進口),0,0
2020-9,29051220,異丙醇,以色列,出口總值(含復出口),411,132000
2020-9,29051220,異丙醇,加拿大,進口總值(含復進口),0,0
2020-9,29051220,異丙醇,印度,進口總值(含復進口),3,1000
2020-9,29051220,異丙醇,印度,出口總值(含復出口),252,197000
2020-9,29051220,異丙醇,奈及利亞,出口總值(含復出口),63,51000
2020-9,29051220,異丙醇,孟加拉,出口總值(含復出口),290,180000
2020-9,29051220,異丙醇,法國,進口總值(含復進口),0,0
2020-9,29051220,異丙醇,南韓,進口總值(含復進口),223,224000
2020-9,29051220,異丙醇,約旦,出口總值(含復出口),30,26000
2020-9,29051220,異丙醇,美國,進口總值(含復進口),199,51000
2020-9,29051220,異丙醇,美國,出口總值(含復出口),343,111000
2020-9,29051220,異丙醇,英國,進口總值(含復進口),0,0
2020-9,29051220,異丙醇,埃及,出口總值(含復出口),15,13000
2020-9,29051220,異丙醇,泰國,出口總值(含復出口),182,195000
2020-9,29051220,異丙醇,馬來西亞,出口總值(含復出口),67,37000
2020-9,29051220,異丙醇,菲律賓,出口總值(含復出口),596,504000
2020-9,29051220,異丙醇,越南,出口總值(含復出口),160,173000
2020-9,29051220,異丙醇,愛爾蘭,出口總值(含復出口),203,66000
2020-9,29051220,異丙醇,新加坡,進口總值(含復進口),496,303000
2020-9,29051220,異丙醇,新加坡,出口總值(含復出口),88,52000
2020-9,29051220,異丙醇,德國,進口總值(含復進口),17,7000
2020-9,29051220,異丙醇,墨西哥,進口總值(含復進口),0,0
2020-9,29051220,異丙醇,澳大利亞,出口總值(含復出口),96,88000
2020-9,29051300,正丁醇,中國大陸,進口總值(含復進口),38,13000
2020-9,29051300,正丁醇,中國大陸,出口總值(含復出口),9636,14000000
2020-9,29051300,正丁醇,日本,進口總值(含復進口),0,0
2020-9,29051300,正丁醇,日本,出口總值(含復出口),8,7000
2020-9,29051300,正丁醇,比利時,進口總值(含復進口),0,0
2020-9,29051300,正丁醇,加拿大,進口總值(含復進口),0,0
2020-9,29051300,正丁醇,南韓,進口總值(含復進口),0,0
2020-9,29051300,正丁醇,南韓,出口總值(含復出口),981,1500000
2020-9,29051300,正丁醇,美國,進口總值(含復進口),0,0
2020-9,29051300,正丁醇,英國,進口總值(含復進口),1,0
2020-9,29051300,正丁醇,泰國,出口總值(含復出口),39,57000
2020-9,29051300,正丁醇,菲律賓,出口總值(含復出口),11,12000
2020-9,29051300,正丁醇,德國,進口總值(含復進口),0,0
2020-9,29094100,２，２'－氧基二乙醇（二乙二醇）,中國大陸,出口總值(含復出口),3320,9020420
2020-9,29094100,２，２'－氧基二乙醇（二乙二醇）,比利時,進口總值(含復進口),0,1
2020-9,29094100,２，２'－氧基二乙醇（二乙二醇）,沙烏地阿拉伯,進口總值(含復進口),0,1
2020-9,29094100,２，２'－氧基二乙醇（二乙二醇）,南非,出口總值(含復出口),32,54000
2020-9,29094100,２，２'－氧基二乙醇（二乙二醇）,南韓,出口總值(含復出口),19,39490
2020-9,29094100,２，２'－氧基二乙醇（二乙二醇）,美國,進口總值(含復進口),0,0
2020-9,29094100,２，２'－氧基二乙醇（二乙二醇）,英國,進口總值(含復進口),0,11
2020-9,29094100,２，２'－氧基二乙醇（二乙二醇）,香港,出口總值(含復出口),10,18000
2020-9,29094100,２，２'－氧基二乙醇（二乙二醇）,荷蘭,進口總值(含復進口),0,4
2020-9,29094100,２，２'－氧基二乙醇（二乙二醇）,菲律賓,出口總值(含復出口),12,18000
2020-9,29094100,２，２'－氧基二乙醇（二乙二醇）,越南,出口總值(含復出口),113,208410
2020-9,29094100,２，２'－氧基二乙醇（二乙二醇）,新加坡,出口總值(含復出口),4,6300
2020-9,29094310,乙二醇丁醚,中國大陸,出口總值(含復出口),599,822540
2020-9,29094310,乙二醇丁醚,巴基斯坦,出口總值(含復出口),12,14800
2020-9,29094310,乙二醇丁醚,日本,出口總值(含復出口),87,118400
2020-9,29094310,乙二醇丁醚,南韓,進口總值(含復進口),23,3840
2020-9,29094310,乙二醇丁醚,美國,進口總值(含復進口),858,1337149
2020-9,29094310,乙二醇丁醚,英國,進口總值(含復進口),0,4
2020-9,29094310,乙二醇丁醚,香港,出口總值(含復出口),11,14800
2020-9,29094310,乙二醇丁醚,紐西蘭,出口總值(含復出口),7,7400
2020-9,29094310,乙二醇丁醚,斯里蘭卡,出口總值(含復出口),15,17760
2020-9,29094310,乙二醇丁醚,菲律賓,出口總值(含復出口),16,21110
2020-9,29094310,乙二醇丁醚,越南,出口總值(含復出口),272,338384
2020-9,29094310,乙二醇丁醚,德國,進口總值(含復進口),0,3
2020-9,29094310,乙二醇丁醚,澳大利亞,出口總值(含復出口),8,9620
2020-9,29153200,醋酸乙烯酯,中國大陸,出口總值(含復出口),1922,3004369
2020-9,29153200,醋酸乙烯酯,日本,出口總值(含復出口),13,15200
2020-9,29153200,醋酸乙烯酯,吉布地,出口總值(含復出口),59,76000
2020-9,29153200,醋酸乙烯酯,南韓,出口總值(含復出口),1878,2988425
2020-9,29153200,醋酸乙烯酯,美國,進口總值(含復進口),3,233
2020-9,29153200,醋酸乙烯酯,英國,進口總值(含復進口),0,0
2020-9,29153200,醋酸乙烯酯,斯里蘭卡,出口總值(含復出口),24,30400
2020-9,29153200,醋酸乙烯酯,越南,出口總值(含復出口),68,91200
2020-9,29153200,醋酸乙烯酯,新加坡,進口總值(含復進口),67,99355
2020-9,29153200,醋酸乙烯酯,德國,進口總值(含復進口),0,0
2020-9,29153200,醋酸乙烯酯,摩洛哥,出口總值(含復出口),30,43860
2020-10,27101965,白臘油,土耳其,出口總值(含復出口),14,20000
2020-10,27101965,白臘油,中國大陸,進口總值(含復進口),38,40000
2020-10,27101965,白臘油,中國大陸,出口總值(含復出口),4307,7187000
2020-10,27101965,白臘油,日本,進口總值(含復進口),29,4000
2020-10,27101965,白臘油,日本,出口總值(含復出口),56,80000
2020-10,27101965,白臘油,印尼,出口總值(含復出口),86,120000
2020-10,27101965,白臘油,印度,進口總值(含復進口),33,34000
2020-10,27101965,白臘油,印度,出口總值(含復出口),358,520000
2020-10,27101965,白臘油,沙烏地阿拉伯,出口總值(含復出口),139,200000
2020-10,27101965,白臘油,其他國家,出口總值(含復出口),0,0
2020-10,27101965,白臘油,法國,進口總值(含復進口),5,2000
2020-10,27101965,白臘油,阿拉伯聯合大公國,進口總值(含復進口),22,9000
2020-10,27101965,白臘油,南非,進口總值(含復進口),39,66000
2020-10,27101965,白臘油,南韓,進口總值(含復進口),198,242000
2020-10,27101965,白臘油,美國,進口總值(含復進口),101,66000
2020-10,27101965,白臘油,美國,出口總值(含復出口),2,3000
2020-10,27101965,白臘油,香港,出口總值(含復出口),135,189000
2020-10,27101965,白臘油,泰國,進口總值(含復進口),114,231000
2020-10,27101965,白臘油,泰國,出口總值(含復出口),103,124000
2020-10,27101965,白臘油,馬來西亞,出口總值(含復出口),115,150000
2020-10,27101965,白臘油,越南,出口總值(含復出口),236,313000
2020-10,27101965,白臘油,義大利,出口總值(含復出口),343,502000
2020-10,27101965,白臘油,德國,進口總值(含復進口),0,0
2020-10,27101965,白臘油,德國,出口總值(含復出口),28,40000
2020-10,29051220,異丙醇,中國大陸,進口總值(含復進口),67,43000
2020-10,29051220,異丙醇,中國大陸,出口總值(含復出口),2433,1401000
2020-10,29051220,異丙醇,中華民國,進口總值(含復進口),50,12000
2020-10,29051220,異丙醇,巴基斯坦,出口總值(含復出口),599,693000
2020-10,29051220,異丙醇,日本,進口總值(含復進口),2127,1305000
2020-10,29051220,異丙醇,以色列,出口總值(含復出口),140,44000
2020-10,29051220,異丙醇,印尼,出口總值(含復出口),11,15000
2020-10,29051220,異丙醇,印度,進口總值(含復進口),0,0
2020-10,29051220,異丙醇,印度,出口總值(含復出口),2499,2788000
2020-10,29051220,異丙醇,孟加拉,出口總值(含復出口),66,46000
2020-10,29051220,異丙醇,法國,進口總值(含復進口),2,0
2020-10,29051220,異丙醇,南韓,進口總值(含復進口),146,142000
2020-10,29051220,異丙醇,美國,進口總值(含復進口),73,18000
2020-10,29051220,異丙醇,美國,出口總值(含復出口),951,311000
2020-10,29051220,異丙醇,英國,進口總值(含復進口),0,0
2020-10,29051220,異丙醇,埃及,出口總值(含復出口),14,13000
2020-10,29051220,異丙醇,馬來西亞,出口總值(含復出口),125,63000
2020-10,29051220,異丙醇,捷克,進口總值(含復進口),0,0
2020-10,29051220,異丙醇,斯里蘭卡,出口總值(含復出口),15,13000
2020-10,29051220,異丙醇,智利,出口總值(含復出口),10,6000
2020-10,29051220,異丙醇,菲律賓,出口總值(含復出口),159,83000
2020-10,29051220,異丙醇,越南,出口總值(含復出口),174,187000
2020-10,29051220,異丙醇,愛爾蘭,出口總值(含復出口),237,77000
2020-10,29051220,異丙醇,新加坡,進口總值(含復進口),748,457000
2020-10,29051220,異丙醇,新加坡,出口總值(含復出口),40,15000
2020-10,29051220,異丙醇,德國,進口總值(含復進口),5,0
2020-10,29051220,異丙醇,緬甸,出口總值(含復出口),13,13000
2020-10,29051220,異丙醇,墨西哥,進口總值(含復進口),2,0
2020-10,29051220,異丙醇,澳大利亞,出口總值(含復出口),97,77000
2020-10,29051300,正丁醇,中國大陸,進口總值(含復進口),115,40000
2020-10,29051300,正丁醇,中國大陸,出口總值(含復出口),3518,5000000
2020-10,29051300,正丁醇,日本,出口總值(含復出口),7,7000
2020-10,29051300,正丁醇,印度,出口總值(含復出口),697,1000000
2020-10,29051300,正丁醇,孟加拉,出口總值(含復出口),3,2000
2020-10,29051300,正丁醇,法國,進口總值(含復進口),0,0
2020-10,29051300,正丁醇,南非,進口總值(含復進口),782,1202000
2020-10,29051300,正丁醇,南韓,進口總值(含復進口),2,0
2020-10,29051300,正丁醇,美國,進口總值(含復進口),0,0
2020-10,29051300,正丁醇,英國,進口總值(含復進口),0,0
2020-10,29051300,正丁醇,泰國,出口總值(含復出口),54,75000
2020-10,29051300,正丁醇,菲律賓,出口總值(含復出口),17,20000
2020-10,29051300,正丁醇,越南,出口總值(含復出口),0,0
2020-10,29094100,２，２'－氧基二乙醇（二乙二醇）,中國大陸,進口總值(含復進口),7,4020
2020-10,29094100,２，２'－氧基二乙醇（二乙二醇）,中國大陸,出口總值(含復出口),4608,11069720
2020-10,29094100,２，２'－氧基二乙醇（二乙二醇）,日本,進口總值(含復進口),0,4
2020-10,29094100,２，２'－氧基二乙醇（二乙二醇）,日本,出口總值(含復出口),23,36000
2020-10,29094100,２，２'－氧基二乙醇（二乙二醇）,比利時,進口總值(含復進口),0,1
2020-10,29094100,２，２'－氧基二乙醇（二乙二醇）,孟加拉,出口總值(含復出口),68,108000
2020-10,29094100,２，２'－氧基二乙醇（二乙二醇）,英國,進口總值(含復進口),0,4
2020-10,29094100,２，２'－氧基二乙醇（二乙二醇）,香港,出口總值(含復出口),11,18000
2020-10,29094100,２，２'－氧基二乙醇（二乙二醇）,斯里蘭卡,出口總值(含復出口),13,18000
2020-10,29094100,２，２'－氧基二乙醇（二乙二醇）,越南,出口總值(含復出口),34,69290
2020-10,29094100,２，２'－氧基二乙醇（二乙二醇）,義大利,出口總值(含復出口),41,218430
2020-10,29094310,乙二醇丁醚,中國大陸,出口總值(含復出口),911,1046781
2020-10,29094310,乙二醇丁醚,日本,出口總值(含復出口),45,59200
2020-10,29094310,乙二醇丁醚,美國,進口總值(含復進口),310,508000
2020-10,29094310,乙二醇丁醚,英國,進口總值(含復進口),0,3
2020-10,29094310,乙二醇丁醚,香港,出口總值(含復出口),11,14800
2020-10,29094310,乙二醇丁醚,泰國,出口總值(含復出口),99,118400
2020-10,29094310,乙二醇丁醚,馬來西亞,出口總值(含復出口),12,14800
2020-10,29094310,乙二醇丁醚,越南,出口總值(含復出口),233,277954
2020-10,29094310,乙二醇丁醚,新加坡,出口總值(含復出口),6,7400
2020-10,29094310,乙二醇丁醚,德國,進口總值(含復進口),0,2
2020-10,29153200,醋酸乙烯酯,中國大陸,進口總值(含復進口),16,21900
2020-10,29153200,醋酸乙烯酯,中國大陸,出口總值(含復出口),12478,19027335
2020-10,29153200,醋酸乙烯酯,厄瓜多,出口總值(含復出口),234,350950
2020-10,29153200,醋酸乙烯酯,巴基斯坦,出口總值(含復出口),14,19870
2020-10,29153200,醋酸乙烯酯,日本,進口總值(含復進口),704,1001255
2020-10,29153200,醋酸乙烯酯,印尼,出口總值(含復出口),717,988819
2020-10,29153200,醋酸乙烯酯,印度,出口總值(含復出口),26,30400
2020-10,29153200,醋酸乙烯酯,吉布地,出口總值(含復出口),93,121600
2020-10,29153200,醋酸乙烯酯,南韓,出口總值(含復出口),1348,1988269
2020-10,29153200,醋酸乙烯酯,哥倫比亞,出口總值(含復出口),14,15200
2020-10,29153200,醋酸乙烯酯,敘利亞,出口總值(含復出口),138,152000
2020-10,29153200,醋酸乙烯酯,斯里蘭卡,出口總值(含復出口),25,30400
2020-10,29153200,醋酸乙烯酯,越南,出口總值(含復出口),678,989820
2020-10,29153200,醋酸乙烯酯,新加坡,進口總值(含復進口),389,513282
2020-10,29153200,醋酸乙烯酯,德國,進口總值(含復進口),0,0
2020-10,29153200,醋酸乙烯酯,摩洛哥,出口總值(含復出口),452,643890
2020-11,27101965,白臘油,土耳其,出口總值(含復出口),41,60000
2020-11,27101965,白臘油,中國大陸,進口總值(含復進口),21,20000
2020-11,27101965,白臘油,中國大陸,出口總值(含復出口),3249,5100000
2020-11,27101965,白臘油,日本,進口總值(含復進口),11,3000
2020-11,27101965,白臘油,日本,出口總值(含復出口),56,80000
2020-11,27101965,白臘油,印尼,出口總值(含復出口),72,100000
2020-11,27101965,白臘油,印度,進口總值(含復進口),66,67000
2020-11,27101965,白臘油,其他國家,出口總值(含復出口),0,0
2020-11,27101965,白臘油,法國,進口總值(含復進口),0,0
2020-11,27101965,白臘油,阿拉伯聯合大公國,進口總值(含復進口),19,14000
2020-11,27101965,白臘油,南非,進口總值(含復進口),29,48000
2020-11,27101965,白臘油,南韓,進口總值(含復進口),122,147000
2020-11,27101965,白臘油,美國,進口總值(含復進口),53,36000
2020-11,27101965,白臘油,香港,出口總值(含復出口),64,90000
2020-11,27101965,白臘油,泰國,進口總值(含復進口),80,168000
2020-11,27101965,白臘油,泰國,出口總值(含復出口),42,56000
2020-11,27101965,白臘油,馬來西亞,進口總值(含復進口),1190,2039000
2020-11,27101965,白臘油,馬來西亞,出口總值(含復出口),115,150000
2020-11,27101965,白臘油,荷蘭,進口總值(含復進口),22,18000
2020-11,27101965,白臘油,越南,出口總值(含復出口),103,120000
2020-11,27101965,白臘油,新加坡,出口總值(含復出口),2,1000
2020-11,27101965,白臘油,義大利,出口總值(含復出口),416,602000
2020-11,27101965,白臘油,德國,出口總值(含復出口),85,120000
2020-11,29051220,異丙醇,中國大陸,進口總值(含復進口),41,27000
2020-11,29051220,異丙醇,中國大陸,出口總值(含復出口),2409,1441000
2020-11,29051220,異丙醇,中華民國,進口總值(含復進口),472,156000
2020-11,29051220,異丙醇,巴基斯坦,出口總值(含復出口),639,707000
2020-11,29051220,異丙醇,日本,進口總值(含復進口),2950,1730000
2020-11,29051220,異丙醇,以色列,出口總值(含復出口),174,55000
2020-11,29051220,異丙醇,印尼,出口總值(含復出口),9,13000
2020-11,29051220,異丙醇,印度,出口總值(含復出口),174,155000
2020-11,29051220,異丙醇,孟加拉,出口總值(含復出口),19,21000
2020-11,29051220,異丙醇,阿拉伯聯合大公國,出口總值(含復出口),13,12000
2020-11,29051220,異丙醇,南韓,進口總值(含復進口),189,175000
2020-11,29051220,異丙醇,美國,進口總值(含復進口),83,20000
2020-11,29051220,異丙醇,美國,出口總值(含復出口),1182,390000
2020-11,29051220,異丙醇,英國,進口總值(含復進口),0,0
2020-11,29051220,異丙醇,埃及,出口總值(含復出口),17,26000
2020-11,29051220,異丙醇,泰國,出口總值(含復出口),673,687000
2020-11,29051220,異丙醇,馬來西亞,出口總值(含復出口),93,50000
2020-11,29051220,異丙醇,荷蘭,進口總值(含復進口),1,0
2020-11,29051220,異丙醇,菲律賓,出口總值(含復出口),246,134000
2020-11,29051220,異丙醇,越南,出口總值(含復出口),645,643000
2020-11,29051220,異丙醇,愛爾蘭,出口總值(含復出口),270,88000
2020-11,29051220,異丙醇,新加坡,進口總值(含復進口),555,338000
2020-11,29051220,異丙醇,新加坡,出口總值(含復出口),100,44000
2020-11,29051220,異丙醇,德國,進口總值(含復進口),11,0
2020-11,29051220,異丙醇,澳大利亞,出口總值(含復出口),38,36000
2020-11,29051300,正丁醇,中國大陸,出口總值(含復出口),11945,14150000
2020-11,29051300,正丁醇,巴基斯坦,出口總值(含復出口),8,18000
2020-11,29051300,正丁醇,南非,進口總值(含復進口),366,475000
2020-11,29051300,正丁醇,南韓,進口總值(含復進口),0,0
2020-11,29051300,正丁醇,南韓,出口總值(含復出口),3412,4186000
2020-11,29051300,正丁醇,美國,進口總值(含復進口),0,0
2020-11,29051300,正丁醇,英國,進口總值(含復進口),0,0
2020-11,29051300,正丁醇,泰國,出口總值(含復出口),66,82000
2020-11,29051300,正丁醇,越南,出口總值(含復出口),0,0
2020-11,29051300,正丁醇,德國,進口總值(含復進口),0,0
2020-11,29094100,２，２'－氧基二乙醇（二乙二醇）,中國大陸,進口總值(含復進口),2,800
2020-11,29094100,２，２'－氧基二乙醇（二乙二醇）,中國大陸,出口總值(含復出口),4034,10433325
2020-11,29094100,２，２'－氧基二乙醇（二乙二醇）,日本,出口總值(含復出口),37,54000
2020-11,29094100,２，２'－氧基二乙醇（二乙二醇）,孟加拉,出口總值(含復出口),42,72000
2020-11,29094100,２，２'－氧基二乙醇（二乙二醇）,南非,出口總值(含復出口),34,54000
2020-11,29094100,２，２'－氧基二乙醇（二乙二醇）,美國,進口總值(含復進口),0,0
2020-11,29094100,２，２'－氧基二乙醇（二乙二醇）,英國,進口總值(含復進口),0,1
2020-11,29094100,２，２'－氧基二乙醇（二乙二醇）,泰國,出口總值(含復出口),0,225
2020-11,29094100,２，２'－氧基二乙醇（二乙二醇）,馬來西亞,出口總值(含復出口),46,99500
2020-11,29094100,２，２'－氧基二乙醇（二乙二醇）,荷蘭,進口總值(含復進口),0,2
2020-11,29094100,２，２'－氧基二乙醇（二乙二醇）,斯里蘭卡,出口總值(含復出口),11,18000
2020-11,29094100,２，２'－氧基二乙醇（二乙二醇）,菲律賓,出口總值(含復出口),6,9000
2020-11,29094100,２，２'－氧基二乙醇（二乙二醇）,越南,出口總值(含復出口),46,91930
2020-11,29094100,２，２'－氧基二乙醇（二乙二醇）,義大利,出口總值(含復出口),42,218810
2020-11,29094310,乙二醇丁醚,中國大陸,出口總值(含復出口),203,240680
2020-11,29094310,乙二醇丁醚,日本,出口總值(含復出口),71,88800
2020-11,29094310,乙二醇丁醚,沙烏地阿拉伯,進口總值(含復進口),248,300719
2020-11,29094310,乙二醇丁醚,坦尚尼亞,出口總值(含復出口),25,29600
2020-11,29094310,乙二醇丁醚,美國,進口總值(含復進口),354,560626
2020-11,29094310,乙二醇丁醚,泰國,出口總值(含復出口),18,15340
2020-11,29094310,乙二醇丁醚,斯里蘭卡,出口總值(含復出口),70,88800
2020-11,29094310,乙二醇丁醚,菲律賓,出口總值(含復出口),2,1295
2020-11,29094310,乙二醇丁醚,越南,出口總值(含復出口),492,537644
2020-11,29094310,乙二醇丁醚,德國,進口總值(含復進口),0,2
2020-11,29094310,乙二醇丁醚,澳大利亞,出口總值(含復出口),12,13320
2020-11,29153200,醋酸乙烯酯,土耳其,出口總值(含復出口),744,987200
2020-11,29153200,醋酸乙烯酯,中國大陸,出口總值(含復出口),17546,24922931
2020-11,29153200,醋酸乙烯酯,厄瓜多,出口總值(含復出口),100,131450
2020-11,29153200,醋酸乙烯酯,巴西,出口總值(含復出口),708,986424
2020-11,29153200,醋酸乙烯酯,巴基斯坦,出口總值(含復出口),94,120460
2020-11,29153200,醋酸乙烯酯,日本,出口總值(含復出口),28,30400
2020-11,29153200,醋酸乙烯酯,印度,出口總值(含復出口),26,30400
2020-11,29153200,醋酸乙烯酯,多明尼加,出口總值(含復出口),34,43910
2020-11,29153200,醋酸乙烯酯,奈及利亞,出口總值(含復出口),218,258400
2020-11,29153200,醋酸乙烯酯,肯亞,出口總值(含復出口),13,15200
2020-11,29153200,醋酸乙烯酯,南非,出口總值(含復出口),157,196670
2020-11,29153200,醋酸乙烯酯,南韓,出口總值(含復出口),1445,1990693
2020-11,29153200,醋酸乙烯酯,美國,進口總值(含復進口),13,595
2020-11,29153200,醋酸乙烯酯,英國,進口總值(含復進口),0,0
2020-11,29153200,醋酸乙烯酯,新加坡,進口總值(含復進口),223,262382
2020-11,29153200,醋酸乙烯酯,摩洛哥,出口總值(含復出口),251,324960
2020-12,27101965,白臘油,土耳其,出口總值(含復出口),75,100000
2020-12,27101965,白臘油,中國大陸,進口總值(含復進口),40,39000
2020-12,27101965,白臘油,中國大陸,出口總值(含復出口),3982,5661000
2020-12,27101965,白臘油,日本,進口總值(含復進口),2,0
2020-12,27101965,白臘油,日本,出口總值(含復出口),45,60000
2020-12,27101965,白臘油,印尼,出口總值(含復出口),31,40000
2020-12,27101965,白臘油,印度,進口總值(含復進口),147,140000
2020-12,27101965,白臘油,印度,出口總值(含復出口),720,1010000
2020-12,27101965,白臘油,西班牙,進口總值(含復進口),0,0
2020-12,27101965,白臘油,孟加拉,出口總值(含復出口),191,274000
2020-12,27101965,白臘油,南韓,進口總值(含復進口),209,220000
2020-12,27101965,白臘油,美國,進口總值(含復進口),97,46000
2020-12,27101965,白臘油,香港,出口總值(含復出口),107,139000
2020-12,27101965,白臘油,泰國,出口總值(含復出口),16,12000
2020-12,27101965,白臘油,馬來西亞,進口總值(含復進口),1316,2094000
2020-12,27101965,白臘油,馬來西亞,出口總值(含復出口),257,330000
2020-12,27101965,白臘油,越南,出口總值(含復出口),200,245000
2020-12,27101965,白臘油,新加坡,出口總值(含復出口),3,2000
2020-12,27101965,白臘油,義大利,出口總值(含復出口),352,501000
2020-12,27101965,白臘油,德國,出口總值(含復出口),31,40000
2020-12,29051220,異丙醇,中國大陸,進口總值(含復進口),62,42000
2020-12,29051220,異丙醇,中國大陸,出口總值(含復出口),2603,1877000
2020-12,29051220,異丙醇,中華民國,進口總值(含復進口),238,78000
2020-12,29051220,異丙醇,巴基斯坦,出口總值(含復出口),785,805000
2020-12,29051220,異丙醇,日本,進口總值(含復進口),3000,1752000
2020-12,29051220,異丙醇,以色列,出口總值(含復出口),244,77000
2020-12,29051220,異丙醇,加拿大,進口總值(含復進口),0,0
2020-12,29051220,異丙醇,印尼,出口總值(含復出口),14,13000
2020-12,29051220,異丙醇,印度,進口總值(含復進口),3,0
2020-12,29051220,異丙醇,印度,出口總值(含復出口),3367,3330000
2020-12,29051220,異丙醇,西班牙,進口總值(含復進口),0,0
2020-12,29051220,異丙醇,法國,進口總值(含復進口),0,0
2020-12,29051220,異丙醇,南韓,進口總值(含復進口),108,88000
2020-12,29051220,異丙醇,美國,進口總值(含復進口),25,7000
2020-12,29051220,異丙醇,美國,出口總值(含復出口),940,308000
2020-12,29051220,異丙醇,香港,出口總值(含復出口),40,29000
2020-12,29051220,異丙醇,埃及,出口總值(含復出口),33,39000
2020-12,29051220,異丙醇,泰國,出口總值(含復出口),58,33000
2020-12,29051220,異丙醇,馬來西亞,出口總值(含復出口),155,83000
2020-12,29051220,異丙醇,斯里蘭卡,出口總值(含復出口),27,26000
2020-12,29051220,異丙醇,菲律賓,出口總值(含復出口),193,99000
2020-12,29051220,異丙醇,越南,出口總值(含復出口),236,258000
2020-12,29051220,異丙醇,愛爾蘭,出口總值(含復出口),339,110000
2020-12,29051220,異丙醇,新加坡,進口總值(含復進口),557,337000
2020-12,29051220,異丙醇,新加坡,出口總值(含復出口),228,125000
2020-12,29051220,異丙醇,德國,進口總值(含復進口),7,1000
2020-12,29051220,異丙醇,緬甸,出口總值(含復出口),13,13000
2020-12,29051220,異丙醇,墨西哥,進口總值(含復進口),1,0
2020-12,29051220,異丙醇,澳大利亞,出口總值(含復出口),129,101000
2020-12,29051300,正丁醇,中國大陸,出口總值(含復出口),10259,10150000
2020-12,29051300,正丁醇,日本,進口總值(含復進口),814,933000
2020-12,29051300,正丁醇,法國,進口總值(含復進口),0,0
2020-12,29051300,正丁醇,南非,進口總值(含復進口),351,400000
2020-12,29051300,正丁醇,南韓,進口總值(含復進口),0,0
2020-12,29051300,正丁醇,南韓,出口總值(含復出口),179,185000
2020-12,29051300,正丁醇,美國,進口總值(含復進口),0,0
2020-12,29051300,正丁醇,英國,進口總值(含復進口),0,0
2020-12,29051300,正丁醇,香港,出口總值(含復出口),0,0
2020-12,29051300,正丁醇,泰國,出口總值(含復出口),111,109000
2020-12,29051300,正丁醇,紐西蘭,出口總值(含復出口),7,7000
2020-12,29051300,正丁醇,菲律賓,出口總值(含復出口),17,14000
2020-12,29051300,正丁醇,德國,進口總值(含復進口),2,0
2020-12,29051300,正丁醇,澳大利亞,出口總值(含復出口),33,26000
2020-12,29094100,２，２'－氧基二乙醇（二乙二醇）,中國大陸,出口總值(含復出口),1296,2538250
2020-12,29094100,２，２'－氧基二乙醇（二乙二醇）,巴基斯坦,出口總值(含復出口),14,30150
2020-12,29094100,２，２'－氧基二乙醇（二乙二醇）,日本,進口總值(含復進口),0,3
2020-12,29094100,２，２'－氧基二乙醇（二乙二醇）,比利時,進口總值(含復進口),0,0
2020-12,29094100,２，２'－氧基二乙醇（二乙二醇）,比利時,出口總值(含復出口),844,1500000
2020-12,29094100,２，２'－氧基二乙醇（二乙二醇）,西班牙,進口總值(含復進口),0,7
2020-12,29094100,２，２'－氧基二乙醇（二乙二醇）,孟加拉,出口總值(含復出口),46,72000
2020-12,29094100,２，２'－氧基二乙醇（二乙二醇）,美國,進口總值(含復進口),0,0
2020-12,29094100,２，２'－氧基二乙醇（二乙二醇）,英國,進口總值(含復進口),0,4
2020-12,29094100,２，２'－氧基二乙醇（二乙二醇）,香港,出口總值(含復出口),24,36000
2020-12,29094100,２，２'－氧基二乙醇（二乙二醇）,埃及,出口總值(含復出口),30,65480
2020-12,29094100,２，２'－氧基二乙醇（二乙二醇）,斯里蘭卡,出口總值(含復出口),22,36000
2020-12,29094100,２，２'－氧基二乙醇（二乙二醇）,越南,出口總值(含復出口),255,482690
2020-12,29094100,２，２'－氧基二乙醇（二乙二醇）,義大利,出口總值(含復出口),37,197830
2020-12,29094100,２，２'－氧基二乙醇（二乙二醇）,德國,出口總值(含復出口),0,46
2020-12,29094310,乙二醇丁醚,中國大陸,進口總值(含復進口),36,14800
2020-12,29094310,乙二醇丁醚,中國大陸,出口總值(含復出口),494,493450
2020-12,29094310,乙二醇丁醚,日本,進口總值(含復進口),0,3
2020-12,29094310,乙二醇丁醚,日本,出口總值(含復出口),37,44400
2020-12,29094310,乙二醇丁醚,孟加拉,出口總值(含復出口),29,29600
2020-12,29094310,乙二醇丁醚,美國,進口總值(含復進口),56,61036
2020-12,29094310,乙二醇丁醚,泰國,出口總值(含復出口),87,74000
2020-12,29094310,乙二醇丁醚,紐西蘭,出口總值(含復出口),10,8880
2020-12,29094310,乙二醇丁醚,馬來西亞,出口總值(含復出口),16,14800
2020-12,29094310,乙二醇丁醚,斯里蘭卡,出口總值(含復出口),26,29600
2020-12,29094310,乙二醇丁醚,越南,出口總值(含復出口),637,562705
2020-12,29094310,乙二醇丁醚,新加坡,出口總值(含復出口),34,29600
2020-12,29094310,乙二醇丁醚,德國,進口總值(含復進口),0,1
2020-12,29094310,乙二醇丁醚,澳大利亞,出口總值(含復出口),30,31000
2020-12,29153200,醋酸乙烯酯,中國大陸,出口總值(含復出口),16350,20140946
2020-12,29153200,醋酸乙烯酯,厄瓜多,出口總值(含復出口),34,43850
2020-12,29153200,醋酸乙烯酯,巴基斯坦,出口總值(含復出口),575,724330
2020-12,29153200,醋酸乙烯酯,日本,進口總值(含復進口),1484,1909630
2020-12,29153200,醋酸乙烯酯,奈及利亞,出口總值(含復出口),323,364800
2020-12,29153200,醋酸乙烯酯,肯亞,出口總值(含復出口),141,182400
2020-12,29153200,醋酸乙烯酯,南非,出口總值(含復出口),85,109480
2020-12,29153200,醋酸乙烯酯,突尼西亞,出口總值(含復出口),27,30400
2020-12,29153200,醋酸乙烯酯,美國,進口總值(含復進口),0,0
2020-12,29153200,醋酸乙烯酯,英國,進口總值(含復進口),0,0
2020-12,29153200,醋酸乙烯酯,哥倫比亞,出口總值(含復出口),47,62780
2020-12,29153200,醋酸乙烯酯,莫三比克,出口總值(含復出口),26,30400
2020-12,29153200,醋酸乙烯酯,斯里蘭卡,出口總值(含復出口),107,121600
2020-12,29153200,醋酸乙烯酯,新加坡,進口總值(含復進口),269,298996
2020-12,29153200,醋酸乙烯酯,德國,進口總值(含復進口),0,5