Date,HScode,Name,Country,Type,Value,Weight
2022-01,29161410,甲基丙烯酸甲酯,中國大陸,出口總值(含復出口),2990,1947122
2022-01,29161410,甲基丙烯酸甲酯,日本,進口總值(含復進口),447,254220
2022-01,29161410,甲基丙烯酸甲酯,印尼,出口總值(含復出口),339,206880
2022-01,29161410,甲基丙烯酸甲酯,印度,出口總值(含復出口),1922,1200000
2022-01,29161410,甲基丙烯酸甲酯,阿拉伯聯合大公國,出口總值(含復出口),61,30400
2022-01,29161410,甲基丙烯酸甲酯,南韓,進口總值(含復進口),132,60147
2022-01,29161410,甲基丙烯酸甲酯,美國,進口總值(含復進口),2,34
2022-01,29161410,甲基丙烯酸甲酯,美國,出口總值(含復出口),4802,2704420
2022-01,29161410,甲基丙烯酸甲酯,英國,進口總值(含復進口),0,3
2022-01,29161410,甲基丙烯酸甲酯,泰國,出口總值(含復出口),93,45600
2022-01,29161410,甲基丙烯酸甲酯,荷蘭,出口總值(含復出口),1595,1000000
2022-01,29161410,甲基丙烯酸甲酯,菲律賓,出口總值(含復出口),299,160040
2022-01,29161410,甲基丙烯酸甲酯,越南,出口總值(含復出口),606,332390
2022-01,29161410,甲基丙烯酸甲酯,新加坡,進口總值(含復進口),152,78420
2022-01,29161410,甲基丙烯酸甲酯,德國,進口總值(含復進口),1,44
2022-01,29161410,甲基丙烯酸甲酯,澳大利亞,出口總值(含復出口),30,15200
2022-01,29173300,鄰苯二甲酸二壬酯或二癸酯,中國大陸,出口總值(含復出口),691,525000
2022-01,29173300,鄰苯二甲酸二壬酯或二癸酯,巴西,出口總值(含復出口),29,17000
2022-01,29173300,鄰苯二甲酸二壬酯或二癸酯,日本,進口總值(含復進口),0,0
2022-01,29173300,鄰苯二甲酸二壬酯或二癸酯,日本,出口總值(含復出口),724,416000
2022-01,29173300,鄰苯二甲酸二壬酯或二癸酯,以色列,出口總值(含復出口),72,41000
2022-01,29173300,鄰苯二甲酸二壬酯或二癸酯,加拿大,進口總值(含復進口),0,0
2022-01,29173300,鄰苯二甲酸二壬酯或二癸酯,阿根廷,出口總值(含復出口),21,8000
2022-01,29173300,鄰苯二甲酸二壬酯或二癸酯,美國,進口總值(含復進口),0,0
2022-01,29173300,鄰苯二甲酸二壬酯或二癸酯,美國,出口總值(含復出口),2551,1375000
2022-01,29173300,鄰苯二甲酸二壬酯或二癸酯,英國,出口總值(含復出口),215,113000
2022-01,29173300,鄰苯二甲酸二壬酯或二癸酯,埃及,出口總值(含復出口),1851,1000000
2022-01,29173300,鄰苯二甲酸二壬酯或二癸酯,馬來西亞,出口總值(含復出口),30,20000
2022-01,29173300,鄰苯二甲酸二壬酯或二癸酯,菲律賓,出口總值(含復出口),138,79000
2022-01,29173300,鄰苯二甲酸二壬酯或二癸酯,越南,出口總值(含復出口),395,256000
2022-01,29173300,鄰苯二甲酸二壬酯或二癸酯,義大利,出口總值(含復出口),130,68000
2022-01,29173300,鄰苯二甲酸二壬酯或二癸酯,墨西哥,出口總值(含復出口),241,124000
2022-01,29321100,四氫?喃,中國大陸,進口總值(含復進口),1,44
2022-01,29321100,四氫?喃,中國大陸,出口總值(含復出口),4194,838230
2022-01,29321100,四氫?喃,日本,進口總值(含復進口),2,75
2022-01,29321100,四氫?喃,日本,出口總值(含復出口),1103,254620
2022-01,29321100,四氫?喃,印尼,出口總值(含復出口),455,80830
2022-01,29321100,四氫?喃,印度,出口總值(含復出口),4479,802240
2022-01,29321100,四氫?喃,阿拉伯聯合大公國,出口總值(含復出口),921,172800
2022-01,29321100,四氫?喃,南韓,進口總值(含復進口),22,1424
2022-01,29321100,四氫?喃,南韓,出口總值(含復出口),4735,928240
2022-01,29321100,四氫?喃,美國,進口總值(含復進口),5,93
2022-01,29321100,四氫?喃,美國,出口總值(含復出口),838,150270
2022-01,29321100,四氫?喃,英國,進口總值(含復進口),1,18
2022-01,29321100,四氫?喃,埃及,出口總值(含復出口),155,28800
2022-01,29321100,四氫?喃,馬來西亞,出口總值(含復出口),316,57600
2022-01,29321100,四氫?喃,荷蘭,進口總值(含復進口),0,0
2022-01,29321100,四氫?喃,荷蘭,出口總值(含復出口),1254,218760
2022-01,29321100,四氫?喃,越南,出口總值(含復出口),3232,642090
2022-01,29321100,四氫?喃,德國,進口總值(含復進口),12,1182
2022-01,39032000,苯乙烯－丙烯?共聚合物，初級狀態,中國大陸,進口總值(含復進口),353,132100
2022-01,39032000,苯乙烯－丙烯?共聚合物，初級狀態,中國大陸,出口總值(含復出口),10536,5653200
2022-01,39032000,苯乙烯－丙烯?共聚合物，初級狀態,中華民國,進口總值(含復進口),18,12500
2022-01,39032000,苯乙烯－丙烯?共聚合物，初級狀態,巴西,出口總值(含復出口),46,20000
2022-01,39032000,苯乙烯－丙烯?共聚合物，初級狀態,巴基斯坦,出口總值(含復出口),133,72000
2022-01,39032000,苯乙烯－丙烯?共聚合物，初級狀態,日本,進口總值(含復進口),148,62411
2022-01,39032000,苯乙烯－丙烯?共聚合物，初級狀態,日本,出口總值(含復出口),213,95700
2022-01,39032000,苯乙烯－丙烯?共聚合物，初級狀態,比利時,出口總值(含復出口),2,1000
2022-01,39032000,苯乙烯－丙烯?共聚合物，初級狀態,以色列,出口總值(含復出口),17,7000
2022-01,39032000,苯乙烯－丙烯?共聚合物，初級狀態,印尼,出口總值(含復出口),659,356100
2022-01,39032000,苯乙烯－丙烯?共聚合物，初級狀態,印度,出口總值(含復出口),6,3000
2022-01,39032000,苯乙烯－丙烯?共聚合物，初級狀態,西班牙,出口總值(含復出口),18,8000
2022-01,39032000,苯乙烯－丙烯?共聚合物，初級狀態,孟加拉,出口總值(含復出口),54,27000
2022-01,39032000,苯乙烯－丙烯?共聚合物，初級狀態,波蘭,出口總值(含復出口),100,46000
2022-01,39032000,苯乙烯－丙烯?共聚合物，初級狀態,阿拉伯聯合大公國,出口總值(含復出口),35,16000
2022-01,39032000,苯乙烯－丙烯?共聚合物，初級狀態,阿根廷,出口總值(含復出口),47,21000
2022-01,39032000,苯乙烯－丙烯?共聚合物，初級狀態,南非,出口總值(含復出口),7,3000
2022-01,39032000,苯乙烯－丙烯?共聚合物，初級狀態,南韓,進口總值(含復進口),33,20000
2022-01,39032000,苯乙烯－丙烯?共聚合物，初級狀態,美國,出口總值(含復出口),21,9000
2022-01,39032000,苯乙烯－丙烯?共聚合物，初級狀態,香港,出口總值(含復出口),816,408000
2022-01,39032000,苯乙烯－丙烯?共聚合物，初級狀態,埃及,出口總值(含復出口),172,80000
2022-01,39032000,苯乙烯－丙烯?共聚合物，初級狀態,泰國,進口總值(含復進口),71,38000
2022-01,39032000,苯乙烯－丙烯?共聚合物，初級狀態,泰國,出口總值(含復出口),856,413000
2022-01,39032000,苯乙烯－丙烯?共聚合物，初級狀態,馬來西亞,出口總值(含復出口),137,78000
2022-01,39032000,苯乙烯－丙烯?共聚合物，初級狀態,荷蘭,出口總值(含復出口),262,123000
2022-01,39032000,苯乙烯－丙烯?共聚合物，初級狀態,斯洛維尼亞,出口總值(含復出口),171,77000
2022-01,39032000,苯乙烯－丙烯?共聚合物，初級狀態,菲律賓,出口總值(含復出口),30,16250
2022-01,39032000,苯乙烯－丙烯?共聚合物，初級狀態,越南,出口總值(含復出口),350,187000
2022-01,39032000,苯乙烯－丙烯?共聚合物，初級狀態,義大利,出口總值(含復出口),14,7000
2022-01,39032000,苯乙烯－丙烯?共聚合物，初級狀態,墨西哥,出口總值(含復出口),161,76000
2022-01,39032000,苯乙烯－丙烯?共聚合物，初級狀態,澳大利亞,出口總值(含復出口),4,2000
2022-01,39039010,甲基丙烯酸甲酯－丁二烯－苯乙烯（ＭＢＳ）共聚合物，初級狀態,中國大陸,進口總值(含復進口),46,9600
2022-01,39039010,甲基丙烯酸甲酯－丁二烯－苯乙烯（ＭＢＳ）共聚合物，初級狀態,中國大陸,出口總值(含復出口),1072,380400
2022-01,39039010,甲基丙烯酸甲酯－丁二烯－苯乙烯（ＭＢＳ）共聚合物，初級狀態,日本,進口總值(含復進口),244,76100
2022-01,39039010,甲基丙烯酸甲酯－丁二烯－苯乙烯（ＭＢＳ）共聚合物，初級狀態,日本,出口總值(含復出口),76,25200
2022-01,39039010,甲基丙烯酸甲酯－丁二烯－苯乙烯（ＭＢＳ）共聚合物，初級狀態,比利時,出口總值(含復出口),301,111000
2022-01,39039010,甲基丙烯酸甲酯－丁二烯－苯乙烯（ＭＢＳ）共聚合物，初級狀態,以色列,出口總值(含復出口),6,2000
2022-01,39039010,甲基丙烯酸甲酯－丁二烯－苯乙烯（ＭＢＳ）共聚合物，初級狀態,加拿大,出口總值(含復出口),61,22000
2022-01,39039010,甲基丙烯酸甲酯－丁二烯－苯乙烯（ＭＢＳ）共聚合物，初級狀態,印度,出口總值(含復出口),123,55000
2022-01,39039010,甲基丙烯酸甲酯－丁二烯－苯乙烯（ＭＢＳ）共聚合物，初級狀態,波蘭,出口總值(含復出口),70,25000
2022-01,39039010,甲基丙烯酸甲酯－丁二烯－苯乙烯（ＭＢＳ）共聚合物，初級狀態,法國,出口總值(含復出口),100,36000
2022-01,39039010,甲基丙烯酸甲酯－丁二烯－苯乙烯（ＭＢＳ）共聚合物，初級狀態,南韓,進口總值(含復進口),111,44800
2022-01,39039010,甲基丙烯酸甲酯－丁二烯－苯乙烯（ＭＢＳ）共聚合物，初級狀態,南韓,出口總值(含復出口),40,17000
2022-01,39039010,甲基丙烯酸甲酯－丁二烯－苯乙烯（ＭＢＳ）共聚合物，初級狀態,美國,出口總值(含復出口),283,211200
2022-01,39039010,甲基丙烯酸甲酯－丁二烯－苯乙烯（ＭＢＳ）共聚合物，初級狀態,英國,出口總值(含復出口),44,16000
2022-01,39039010,甲基丙烯酸甲酯－丁二烯－苯乙烯（ＭＢＳ）共聚合物，初級狀態,香港,出口總值(含復出口),91,28350
2022-01,39039010,甲基丙烯酸甲酯－丁二烯－苯乙烯（ＭＢＳ）共聚合物，初級狀態,泰國,出口總值(含復出口),41,21600
2022-01,39039010,甲基丙烯酸甲酯－丁二烯－苯乙烯（ＭＢＳ）共聚合物，初級狀態,紐西蘭,出口總值(含復出口),13,4000
2022-01,39039010,甲基丙烯酸甲酯－丁二烯－苯乙烯（ＭＢＳ）共聚合物，初級狀態,馬來西亞,進口總值(含復進口),207,58400
2022-01,39039010,甲基丙烯酸甲酯－丁二烯－苯乙烯（ＭＢＳ）共聚合物，初級狀態,馬來西亞,出口總值(含復出口),129,62000
2022-01,39039010,甲基丙烯酸甲酯－丁二烯－苯乙烯（ＭＢＳ）共聚合物，初級狀態,荷蘭,出口總值(含復出口),148,54050
2022-01,39039010,甲基丙烯酸甲酯－丁二烯－苯乙烯（ＭＢＳ）共聚合物，初級狀態,斯里蘭卡,出口總值(含復出口),42,10000
2022-01,39039010,甲基丙烯酸甲酯－丁二烯－苯乙烯（ＭＢＳ）共聚合物，初級狀態,斯洛維尼亞,出口總值(含復出口),16,6000
2022-01,39039010,甲基丙烯酸甲酯－丁二烯－苯乙烯（ＭＢＳ）共聚合物，初級狀態,菲律賓,出口總值(含復出口),35,15500
2022-01,39039010,甲基丙烯酸甲酯－丁二烯－苯乙烯（ＭＢＳ）共聚合物，初級狀態,越南,出口總值(含復出口),177,64400
2022-01,39039010,甲基丙烯酸甲酯－丁二烯－苯乙烯（ＭＢＳ）共聚合物，初級狀態,新加坡,進口總值(含復進口),22,5760
2022-01,39039010,甲基丙烯酸甲酯－丁二烯－苯乙烯（ＭＢＳ）共聚合物，初級狀態,義大利,出口總值(含復出口),3,1000
2022-01,39039010,甲基丙烯酸甲酯－丁二烯－苯乙烯（ＭＢＳ）共聚合物，初級狀態,澳大利亞,出口總值(含復出口),84,27000
2022-01,39052100,醋酸乙烯共聚合物水性分散液,中國大陸,進口總值(含復進口),35,17600
2022-01,39052100,醋酸乙烯共聚合物水性分散液,中國大陸,出口總值(含復出口),2986,1965990
2022-01,39052100,醋酸乙烯共聚合物水性分散液,厄瓜多,出口總值(含復出口),29,20000
2022-01,39052100,醋酸乙烯共聚合物水性分散液,巴基斯坦,出口總值(含復出口),504,320000
2022-01,39052100,醋酸乙烯共聚合物水性分散液,日本,進口總值(含復進口),5,610
2022-01,39052100,醋酸乙烯共聚合物水性分散液,日本,出口總值(含復出口),669,381090
2022-01,39052100,醋酸乙烯共聚合物水性分散液,孟加拉,出口總值(含復出口),30,17600
2022-01,39052100,醋酸乙烯共聚合物水性分散液,肯亞,出口總值(含復出口),81,39600
2022-01,39052100,醋酸乙烯共聚合物水性分散液,阿拉伯聯合大公國,出口總值(含復出口),162,77090
2022-01,39052100,醋酸乙烯共聚合物水性分散液,阿爾及利亞,出口總值(含復出口),50,20000
2022-01,39052100,醋酸乙烯共聚合物水性分散液,南韓,進口總值(含復進口),27,15600
2022-01,39052100,醋酸乙烯共聚合物水性分散液,南韓,出口總值(含復出口),28,17600
2022-01,39052100,醋酸乙烯共聚合物水性分散液,美國,出口總值(含復出口),16,20220
2022-01,39052100,醋酸乙烯共聚合物水性分散液,埃及,出口總值(含復出口),92,39600
2022-01,39052100,醋酸乙烯共聚合物水性分散液,泰國,出口總值(含復出口),32,14400
2022-01,39052100,醋酸乙烯共聚合物水性分散液,秘魯,出口總值(含復出口),20,20330
2022-01,39052100,醋酸乙烯共聚合物水性分散液,紐西蘭,出口總值(含復出口),98,59670
2022-01,39052100,醋酸乙烯共聚合物水性分散液,馬來西亞,進口總值(含復進口),113,58480
2022-01,39052100,醋酸乙烯共聚合物水性分散液,越南,出口總值(含復出口),338,202400
2022-01,39052100,醋酸乙烯共聚合物水性分散液,德國,進口總值(含復進口),9,8640
2022-01,39052100,醋酸乙烯共聚合物水性分散液,緬甸,出口總值(含復出口),67,40000
2022-01,39052100,醋酸乙烯共聚合物水性分散液,澳大利亞,出口總值(含復出口),279,198150
2022-02,29161410,甲基丙烯酸甲酯,土耳其,出口總值(含復出口),1506,950000
2022-02,29161410,甲基丙烯酸甲酯,中國大陸,進口總值(含復進口),3483,1995104
2022-02,29161410,甲基丙烯酸甲酯,中國大陸,出口總值(含復出口),3366,2178780
2022-02,29161410,甲基丙烯酸甲酯,日本,進口總值(含復進口),547,317729
2022-02,29161410,甲基丙烯酸甲酯,法國,進口總值(含復進口),0,0
2022-02,29161410,甲基丙烯酸甲酯,南韓,進口總值(含復進口),189,100000
2022-02,29161410,甲基丙烯酸甲酯,美國,進口總值(含復進口),0,4
2022-02,29161410,甲基丙烯酸甲酯,英國,進口總值(含復進口),0,5
2022-02,29161410,甲基丙烯酸甲酯,馬來西亞,出口總值(含復出口),186,100000
2022-02,29161410,甲基丙烯酸甲酯,荷蘭,進口總值(含復進口),5,14
2022-02,29161410,甲基丙烯酸甲酯,菲律賓,出口總值(含復出口),606,336180
2022-02,29161410,甲基丙烯酸甲酯,越南,出口總值(含復出口),437,241810
2022-02,29161410,甲基丙烯酸甲酯,德國,進口總值(含復進口),6,326
2022-02,29173300,鄰苯二甲酸二壬酯或二癸酯,中國大陸,出口總值(含復出口),1801,1244000
2022-02,29173300,鄰苯二甲酸二壬酯或二癸酯,厄瓜多,出口總值(含復出口),33,17000
2022-02,29173300,鄰苯二甲酸二壬酯或二癸酯,日本,出口總值(含復出口),773,460000
2022-02,29173300,鄰苯二甲酸二壬酯或二癸酯,以色列,出口總值(含復出口),134,82000
2022-02,29173300,鄰苯二甲酸二壬酯或二癸酯,希臘,出口總值(含復出口),293,183000
2022-02,29173300,鄰苯二甲酸二壬酯或二癸酯,美國,進口總值(含復進口),0,0
2022-02,29173300,鄰苯二甲酸二壬酯或二癸酯,美國,出口總值(含復出口),210,110000
2022-02,29173300,鄰苯二甲酸二壬酯或二癸酯,英國,出口總值(含復出口),172,113000
2022-02,29173300,鄰苯二甲酸二壬酯或二癸酯,馬來西亞,出口總值(含復出口),88,52000
2022-02,29173300,鄰苯二甲酸二壬酯或二癸酯,菲律賓,出口總值(含復出口),59,39000
2022-02,29173300,鄰苯二甲酸二壬酯或二癸酯,象牙海岸,出口總值(含復出口),297,183000
2022-02,29173300,鄰苯二甲酸二壬酯或二癸酯,越南,出口總值(含復出口),838,562000
2022-02,29173300,鄰苯二甲酸二壬酯或二癸酯,新加坡,出口總值(含復出口),37,16000
2022-02,29173300,鄰苯二甲酸二壬酯或二癸酯,德國,進口總值(含復進口),0,0
2022-02,29173300,鄰苯二甲酸二壬酯或二癸酯,墨西哥,出口總值(含復出口),229,126000
2022-02,29321100,四氫?喃,中國大陸,進口總值(含復進口),0,1
2022-02,29321100,四氫?喃,中國大陸,出口總值(含復出口),5556,1126790
2022-02,29321100,四氫?喃,日本,出口總值(含復出口),913,209060
2022-02,29321100,四氫?喃,印尼,出口總值(含復出口),246,40460
2022-02,29321100,四氫?喃,印度,出口總值(含復出口),5331,918880
2022-02,29321100,四氫?喃,西班牙,進口總值(含復進口),1,29
2022-02,29321100,四氫?喃,阿拉伯聯合大公國,出口總值(含復出口),1520,288000
2022-02,29321100,四氫?喃,南韓,進口總值(含復進口),3,284
2022-02,29321100,四氫?喃,南韓,出口總值(含復出口),1587,313620
2022-02,29321100,四氫?喃,美國,進口總值(含復進口),6,451
2022-02,29321100,四氫?喃,美國,出口總值(含復出口),880,156050
2022-02,29321100,四氫?喃,馬來西亞,出口總值(含復出口),78,14400
2022-02,29321100,四氫?喃,荷蘭,出口總值(含復出口),455,74010
2022-02,29321100,四氫?喃,越南,出口總值(含復出口),1614,329910
2022-02,29321100,四氫?喃,德國,進口總值(含復進口),17,1623
2022-02,29321100,四氫?喃,墨西哥,出口總值(含復出口),167,28800
2022-02,39032000,苯乙烯－丙烯?共聚合物，初級狀態,中國大陸,進口總值(含復進口),1811,904500
2022-02,39032000,苯乙烯－丙烯?共聚合物，初級狀態,中國大陸,出口總值(含復出口),14293,7900530
2022-02,39032000,苯乙烯－丙烯?共聚合物，初級狀態,巴基斯坦,出口總值(含復出口),118,70000
2022-02,39032000,苯乙烯－丙烯?共聚合物，初級狀態,日本,進口總值(含復進口),123,50805
2022-02,39032000,苯乙烯－丙烯?共聚合物，初級狀態,日本,出口總值(含復出口),134,63400
2022-02,39032000,苯乙烯－丙烯?共聚合物，初級狀態,以色列,出口總值(含復出口),36,16000
2022-02,39032000,苯乙烯－丙烯?共聚合物，初級狀態,加拿大,出口總值(含復出口),87,48000
2022-02,39032000,苯乙烯－丙烯?共聚合物，初級狀態,印尼,出口總值(含復出口),342,200100
2022-02,39032000,苯乙烯－丙烯?共聚合物，初級狀態,印度,出口總值(含復出口),49,23000
2022-02,39032000,苯乙烯－丙烯?共聚合物，初級狀態,孟加拉,出口總值(含復出口),147,70000
2022-02,39032000,苯乙烯－丙烯?共聚合物，初級狀態,波蘭,出口總值(含復出口),2,1000
2022-02,39032000,苯乙烯－丙烯?共聚合物，初級狀態,阿拉伯聯合大公國,出口總值(含復出口),38,16000
2022-02,39032000,苯乙烯－丙烯?共聚合物，初級狀態,阿根廷,出口總值(含復出口),48,26000
2022-02,39032000,苯乙烯－丙烯?共聚合物，初級狀態,俄羅斯,出口總值(含復出口),34,18000
2022-02,39032000,苯乙烯－丙烯?共聚合物，初級狀態,南非,出口總值(含復出口),39,18000
2022-02,39032000,苯乙烯－丙烯?共聚合物，初級狀態,南韓,進口總值(含復進口),4,1000
2022-02,39032000,苯乙烯－丙烯?共聚合物，初級狀態,突尼西亞,出口總值(含復出口),65,32000
2022-02,39032000,苯乙烯－丙烯?共聚合物，初級狀態,美國,出口總值(含復出口),76,35800
2022-02,39032000,苯乙烯－丙烯?共聚合物，初級狀態,香港,出口總值(含復出口),1717,857700
2022-02,39032000,苯乙烯－丙烯?共聚合物，初級狀態,哥倫比亞,出口總值(含復出口),20,9000
2022-02,39032000,苯乙烯－丙烯?共聚合物，初級狀態,泰國,進口總值(含復進口),67,38000
2022-02,39032000,苯乙烯－丙烯?共聚合物，初級狀態,泰國,出口總值(含復出口),970,475000
2022-02,39032000,苯乙烯－丙烯?共聚合物，初級狀態,馬來西亞,出口總值(含復出口),214,118000
2022-02,39032000,苯乙烯－丙烯?共聚合物，初級狀態,荷蘭,出口總值(含復出口),162,75000
2022-02,39032000,苯乙烯－丙烯?共聚合物，初級狀態,斯里蘭卡,出口總值(含復出口),13,6000
2022-02,39032000,苯乙烯－丙烯?共聚合物，初級狀態,斯洛維尼亞,出口總值(含復出口),151,71000
2022-02,39032000,苯乙烯－丙烯?共聚合物，初級狀態,智利,出口總值(含復出口),13,6000
2022-02,39032000,苯乙烯－丙烯?共聚合物，初級狀態,越南,出口總值(含復出口),318,175000
2022-02,39032000,苯乙烯－丙烯?共聚合物，初級狀態,義大利,出口總值(含復出口),5,2000
2022-02,39032000,苯乙烯－丙烯?共聚合物，初級狀態,墨西哥,出口總值(含復出口),380,177000
2022-02,39039010,甲基丙烯酸甲酯－丁二烯－苯乙烯（ＭＢＳ）共聚合物，初級狀態,中國大陸,出口總值(含復出口),1643,604560
2022-02,39039010,甲基丙烯酸甲酯－丁二烯－苯乙烯（ＭＢＳ）共聚合物，初級狀態,日本,進口總值(含復進口),277,89510
2022-02,39039010,甲基丙烯酸甲酯－丁二烯－苯乙烯（ＭＢＳ）共聚合物，初級狀態,日本,出口總值(含復出口),13,5050
2022-02,39039010,甲基丙烯酸甲酯－丁二烯－苯乙烯（ＭＢＳ）共聚合物，初級狀態,以色列,出口總值(含復出口),5,2000
2022-02,39039010,甲基丙烯酸甲酯－丁二烯－苯乙烯（ＭＢＳ）共聚合物，初級狀態,加拿大,出口總值(含復出口),28,10000
2022-02,39039010,甲基丙烯酸甲酯－丁二烯－苯乙烯（ＭＢＳ）共聚合物，初級狀態,印度,出口總值(含復出口),393,176000
2022-02,39039010,甲基丙烯酸甲酯－丁二烯－苯乙烯（ＭＢＳ）共聚合物，初級狀態,波蘭,出口總值(含復出口),18,6000
2022-02,39039010,甲基丙烯酸甲酯－丁二烯－苯乙烯（ＭＢＳ）共聚合物，初級狀態,南韓,出口總值(含復出口),15,8000
2022-02,39039010,甲基丙烯酸甲酯－丁二烯－苯乙烯（ＭＢＳ）共聚合物，初級狀態,美國,進口總值(含復進口),2,1
2022-02,39039010,甲基丙烯酸甲酯－丁二烯－苯乙烯（ＭＢＳ）共聚合物，初級狀態,美國,出口總值(含復出口),416,191600
2022-02,39039010,甲基丙烯酸甲酯－丁二烯－苯乙烯（ＭＢＳ）共聚合物，初級狀態,香港,出口總值(含復出口),59,20000
2022-02,39039010,甲基丙烯酸甲酯－丁二烯－苯乙烯（ＭＢＳ）共聚合物，初級狀態,泰國,出口總值(含復出口),22,8000
2022-02,39039010,甲基丙烯酸甲酯－丁二烯－苯乙烯（ＭＢＳ）共聚合物，初級狀態,紐西蘭,出口總值(含復出口),23,7000
2022-02,39039010,甲基丙烯酸甲酯－丁二烯－苯乙烯（ＭＢＳ）共聚合物，初級狀態,馬來西亞,進口總值(含復進口),214,68800
2022-02,39039010,甲基丙烯酸甲酯－丁二烯－苯乙烯（ＭＢＳ）共聚合物，初級狀態,馬來西亞,出口總值(含復出口),74,34000
2022-02,39039010,甲基丙烯酸甲酯－丁二烯－苯乙烯（ＭＢＳ）共聚合物，初級狀態,荷蘭,出口總值(含復出口),59,19000
2022-02,39039010,甲基丙烯酸甲酯－丁二烯－苯乙烯（ＭＢＳ）共聚合物，初級狀態,越南,出口總值(含復出口),42,15000
2022-02,39039010,甲基丙烯酸甲酯－丁二烯－苯乙烯（ＭＢＳ）共聚合物，初級狀態,新加坡,進口總值(含復進口),22,5760
2022-02,39039010,甲基丙烯酸甲酯－丁二烯－苯乙烯（ＭＢＳ）共聚合物，初級狀態,義大利,出口總值(含復出口),275,107000
2022-02,39052100,醋酸乙烯共聚合物水性分散液,中國大陸,進口總值(含復進口),16,4920
2022-02,39052100,醋酸乙烯共聚合物水性分散液,中國大陸,出口總值(含復出口),2435,1622990
2022-02,39052100,醋酸乙烯共聚合物水性分散液,巴基斯坦,出口總值(含復出口),751,480000
2022-02,39052100,醋酸乙烯共聚合物水性分散液,日本,進口總值(含復進口),11,1140
2022-02,39052100,醋酸乙烯共聚合物水性分散液,日本,出口總值(含復出口),507,310380
2022-02,39052100,醋酸乙烯共聚合物水性分散液,西班牙,進口總值(含復進口),20,20000
2022-02,39052100,醋酸乙烯共聚合物水性分散液,南韓,進口總值(含復進口),32,19800
2022-02,39052100,醋酸乙烯共聚合物水性分散液,美國,進口總值(含復進口),3,417
2022-02,39052100,醋酸乙烯共聚合物水性分散液,秘魯,出口總值(含復出口),20,20270
2022-02,39052100,醋酸乙烯共聚合物水性分散液,馬來西亞,進口總值(含復進口),50,24040
2022-02,39052100,醋酸乙烯共聚合物水性分散液,越南,出口總值(含復出口),99,56600
2022-02,39052100,醋酸乙烯共聚合物水性分散液,德國,進口總值(含復進口),34,14000
2022-02,39052100,醋酸乙烯共聚合物水性分散液,澳大利亞,出口總值(含復出口),345,239210
2022-03,29161410,甲基丙烯酸甲酯,中國大陸,出口總值(含復出口),3154,1901960
2022-03,29161410,甲基丙烯酸甲酯,日本,進口總值(含復進口),2238,1318565
2022-03,29161410,甲基丙烯酸甲酯,印度,出口總值(含復出口),1848,1030400
2022-03,29161410,甲基丙烯酸甲酯,南韓,進口總值(含復進口),75,40000
2022-03,29161410,甲基丙烯酸甲酯,美國,進口總值(含復進口),1492,839002
2022-03,29161410,甲基丙烯酸甲酯,香港,出口總值(含復出口),11,120
2022-03,29161410,甲基丙烯酸甲酯,泰國,出口總值(含復出口),30,15200
2022-03,29161410,甲基丙烯酸甲酯,秘魯,出口總值(含復出口),68,30400
2022-03,29161410,甲基丙烯酸甲酯,荷蘭,進口總值(含復進口),1,60
2022-03,29161410,甲基丙烯酸甲酯,菲律賓,出口總值(含復出口),659,377690
2022-03,29161410,甲基丙烯酸甲酯,越南,出口總值(含復出口),442,256530
2022-03,29161410,甲基丙烯酸甲酯,新加坡,進口總值(含復進口),3973,2175093
2022-03,29161410,甲基丙烯酸甲酯,德國,進口總值(含復進口),0,2
2022-03,29173300,鄰苯二甲酸二壬酯或二癸酯,中國大陸,出口總值(含復出口),110,62000
2022-03,29173300,鄰苯二甲酸二壬酯或二癸酯,日本,出口總值(含復出口),582,340000
2022-03,29173300,鄰苯二甲酸二壬酯或二癸酯,比利時,出口總值(含復出口),1420,884000
2022-03,29173300,鄰苯二甲酸二壬酯或二癸酯,印尼,出口總值(含復出口),200,101000
2022-03,29173300,鄰苯二甲酸二壬酯或二癸酯,印度,出口總值(含復出口),109,62000
2022-03,29173300,鄰苯二甲酸二壬酯或二癸酯,阿拉伯聯合大公國,出口總值(含復出口),73,42000
2022-03,29173300,鄰苯二甲酸二壬酯或二癸酯,阿根廷,出口總值(含復出口),79,42000
2022-03,29173300,鄰苯二甲酸二壬酯或二癸酯,美國,進口總值(含復進口),0,0
2022-03,29173300,鄰苯二甲酸二壬酯或二癸酯,美國,出口總值(含復出口),1711,1046000
2022-03,29173300,鄰苯二甲酸二壬酯或二癸酯,香港,出口總值(含復出口),373,209000
2022-03,29173300,鄰苯二甲酸二壬酯或二癸酯,馬來西亞,出口總值(含復出口),102,56000
2022-03,29173300,鄰苯二甲酸二壬酯或二癸酯,菲律賓,出口總值(含復出口),717,429000
2022-03,29173300,鄰苯二甲酸二壬酯或二癸酯,象牙海岸,出口總值(含復出口),294,183000
2022-03,29173300,鄰苯二甲酸二壬酯或二癸酯,越南,出口總值(含復出口),1230,758000
2022-03,29173300,鄰苯二甲酸二壬酯或二癸酯,墨西哥,出口總值(含復出口),335,228000
2022-03,29173300,鄰苯二甲酸二壬酯或二癸酯,澳大利亞,出口總值(含復出口),34,17000
2022-03,29173300,鄰苯二甲酸二壬酯或二癸酯,羅馬尼亞,出口總值(含復出口),136,84000
2022-03,29321100,四氫?喃,中國大陸,進口總值(含復進口),0,2
2022-03,29321100,四氫?喃,中國大陸,出口總值(含復出口),8386,1825230
2022-03,29321100,四氫?喃,中華民國,進口總值(含復進口),1,57
2022-03,29321100,四氫?喃,日本,出口總值(含復出口),1405,324600
2022-03,29321100,四氫?喃,以色列,出口總值(含復出口),81,14400
2022-03,29321100,四氫?喃,印尼,出口總值(含復出口),135,21700
2022-03,29321100,四氫?喃,印度,進口總值(含復進口),0,12
2022-03,29321100,四氫?喃,印度,出口總值(含復出口),6893,1207410
2022-03,29321100,四氫?喃,肯亞,出口總值(含復出口),75,14400
2022-03,29321100,四氫?喃,阿拉伯聯合大公國,出口總值(含復出口),5668,1080000
2022-03,29321100,四氫?喃,南韓,進口總值(含復進口),39,2948
2022-03,29321100,四氫?喃,南韓,出口總值(含復出口),6892,1458910
2022-03,29321100,四氫?喃,美國,進口總值(含復進口),161,56399
2022-03,29321100,四氫?喃,美國,出口總值(含復出口),1015,184910
2022-03,29321100,四氫?喃,英國,進口總值(含復進口),2,20
2022-03,29321100,四氫?喃,馬來西亞,出口總值(含復出口),85,14400
2022-03,29321100,四氫?喃,荷蘭,出口總值(含復出口),526,82960
2022-03,29321100,四氫?喃,菲律賓,出口總值(含復出口),85,14400
2022-03,29321100,四氫?喃,越南,出口總值(含復出口),3323,707250
2022-03,29321100,四氫?喃,德國,進口總值(含復進口),2,32
2022-03,29321100,四氫?喃,墨西哥,出口總值(含復出口),167,28800
2022-03,39032000,苯乙烯－丙烯?共聚合物，初級狀態,中國大陸,進口總值(含復進口),4224,2136115
2022-03,39032000,苯乙烯－丙烯?共聚合物，初級狀態,中國大陸,出口總值(含復出口),16241,9201876
2022-03,39032000,苯乙烯－丙烯?共聚合物，初級狀態,巴基斯坦,出口總值(含復出口),310,173000
2022-03,39032000,苯乙烯－丙烯?共聚合物，初級狀態,日本,進口總值(含復進口),331,94400
2022-03,39032000,苯乙烯－丙烯?共聚合物，初級狀態,日本,出口總值(含復出口),266,138625
2022-03,39032000,苯乙烯－丙烯?共聚合物，初級狀態,比利時,出口總值(含復出口),37,17000
2022-03,39032000,苯乙烯－丙烯?共聚合物，初級狀態,以色列,出口總值(含復出口),33,15000
2022-03,39032000,苯乙烯－丙烯?共聚合物，初級狀態,加拿大,出口總值(含復出口),45,24000
2022-03,39032000,苯乙烯－丙烯?共聚合物，初級狀態,立陶宛,出口總值(含復出口),14,6000
2022-03,39032000,苯乙烯－丙烯?共聚合物，初級狀態,印尼,出口總值(含復出口),1014,560000
2022-03,39032000,苯乙烯－丙烯?共聚合物，初級狀態,希臘,出口總值(含復出口),11,5000
2022-03,39032000,苯乙烯－丙烯?共聚合物，初級狀態,孟加拉,出口總值(含復出口),85,40000
2022-03,39032000,苯乙烯－丙烯?共聚合物，初級狀態,波蘭,出口總值(含復出口),75,36000
2022-03,39032000,苯乙烯－丙烯?共聚合物，初級狀態,肯亞,出口總值(含復出口),59,36000
2022-03,39032000,苯乙烯－丙烯?共聚合物，初級狀態,阿拉伯聯合大公國,出口總值(含復出口),37,16000
2022-03,39032000,苯乙烯－丙烯?共聚合物，初級狀態,阿根廷,出口總值(含復出口),62,29000
2022-03,39032000,苯乙烯－丙烯?共聚合物，初級狀態,南非,出口總值(含復出口),37,18000
2022-03,39032000,苯乙烯－丙烯?共聚合物，初級狀態,南韓,進口總值(含復進口),35,16000
2022-03,39032000,苯乙烯－丙烯?共聚合物，初級狀態,約旦,出口總值(含復出口),36,18000
2022-03,39032000,苯乙烯－丙烯?共聚合物，初級狀態,美國,出口總值(含復出口),31,15000
2022-03,39032000,苯乙烯－丙烯?共聚合物，初級狀態,英國,出口總值(含復出口),7,3000
2022-03,39032000,苯乙烯－丙烯?共聚合物，初級狀態,香港,出口總值(含復出口),380,188000
2022-03,39032000,苯乙烯－丙烯?共聚合物，初級狀態,哥倫比亞,出口總值(含復出口),10,5000
2022-03,39032000,苯乙烯－丙烯?共聚合物，初級狀態,埃及,出口總值(含復出口),139,64000
2022-03,39032000,苯乙烯－丙烯?共聚合物，初級狀態,泰國,出口總值(含復出口),481,245000
2022-03,39032000,苯乙烯－丙烯?共聚合物，初級狀態,紐西蘭,出口總值(含復出口),2,1000
2022-03,39032000,苯乙烯－丙烯?共聚合物，初級狀態,馬來西亞,進口總值(含復進口),31,10000
2022-03,39032000,苯乙烯－丙烯?共聚合物，初級狀態,馬來西亞,出口總值(含復出口),208,122700
2022-03,39032000,苯乙烯－丙烯?共聚合物，初級狀態,荷蘭,出口總值(含復出口),124,58000
2022-03,39032000,苯乙烯－丙烯?共聚合物，初級狀態,斯洛維尼亞,出口總值(含復出口),46,21000
2022-03,39032000,苯乙烯－丙烯?共聚合物，初級狀態,菲律賓,出口總值(含復出口),153,83750
2022-03,39032000,苯乙烯－丙烯?共聚合物，初級狀態,越南,出口總值(含復出口),581,313300
2022-03,39032000,苯乙烯－丙烯?共聚合物，初級狀態,義大利,出口總值(含復出口),5,2000
2022-03,39032000,苯乙烯－丙烯?共聚合物，初級狀態,墨西哥,出口總值(含復出口),343,164000
2022-03,39039010,甲基丙烯酸甲酯－丁二烯－苯乙烯（ＭＢＳ）共聚合物，初級狀態,中國大陸,出口總值(含復出口),1319,425500
2022-03,39039010,甲基丙烯酸甲酯－丁二烯－苯乙烯（ＭＢＳ）共聚合物，初級狀態,丹麥,出口總值(含復出口),11,4000
2022-03,39039010,甲基丙烯酸甲酯－丁二烯－苯乙烯（ＭＢＳ）共聚合物，初級狀態,日本,進口總值(含復進口),344,109860
2022-03,39039010,甲基丙烯酸甲酯－丁二烯－苯乙烯（ＭＢＳ）共聚合物，初級狀態,日本,出口總值(含復出口),62,25000
2022-03,39039010,甲基丙烯酸甲酯－丁二烯－苯乙烯（ＭＢＳ）共聚合物，初級狀態,比利時,出口總值(含復出口),412,162000
2022-03,39039010,甲基丙烯酸甲酯－丁二烯－苯乙烯（ＭＢＳ）共聚合物，初級狀態,以色列,出口總值(含復出口),5,2000
2022-03,39039010,甲基丙烯酸甲酯－丁二烯－苯乙烯（ＭＢＳ）共聚合物，初級狀態,加拿大,出口總值(含復出口),59,22000
2022-03,39039010,甲基丙烯酸甲酯－丁二烯－苯乙烯（ＭＢＳ）共聚合物，初級狀態,印度,出口總值(含復出口),128,61000
2022-03,39039010,甲基丙烯酸甲酯－丁二烯－苯乙烯（ＭＢＳ）共聚合物，初級狀態,多明尼加,出口總值(含復出口),57,18000
2022-03,39039010,甲基丙烯酸甲酯－丁二烯－苯乙烯（ＭＢＳ）共聚合物，初級狀態,法國,出口總值(含復出口),57,21000
2022-03,39039010,甲基丙烯酸甲酯－丁二烯－苯乙烯（ＭＢＳ）共聚合物，初級狀態,南韓,進口總值(含復進口),48,20000
2022-03,39039010,甲基丙烯酸甲酯－丁二烯－苯乙烯（ＭＢＳ）共聚合物，初級狀態,美國,出口總值(含復出口),170,94400
2022-03,39039010,甲基丙烯酸甲酯－丁二烯－苯乙烯（ＭＢＳ）共聚合物，初級狀態,英國,出口總值(含復出口),64,21625
2022-03,39039010,甲基丙烯酸甲酯－丁二烯－苯乙烯（ＭＢＳ）共聚合物，初級狀態,香港,出口總值(含復出口),20,6300
2022-03,39039010,甲基丙烯酸甲酯－丁二烯－苯乙烯（ＭＢＳ）共聚合物，初級狀態,泰國,出口總值(含復出口),28,13400
2022-03,39039010,甲基丙烯酸甲酯－丁二烯－苯乙烯（ＭＢＳ）共聚合物，初級狀態,紐西蘭,出口總值(含復出口),8,2500
2022-03,39039010,甲基丙烯酸甲酯－丁二烯－苯乙烯（ＭＢＳ）共聚合物，初級狀態,馬來西亞,進口總值(含復進口),137,58400
2022-03,39039010,甲基丙烯酸甲酯－丁二烯－苯乙烯（ＭＢＳ）共聚合物，初級狀態,馬來西亞,出口總值(含復出口),49,18000
2022-03,39039010,甲基丙烯酸甲酯－丁二烯－苯乙烯（ＭＢＳ）共聚合物，初級狀態,荷蘭,進口總值(含復進口),64,18000
2022-03,39039010,甲基丙烯酸甲酯－丁二烯－苯乙烯（ＭＢＳ）共聚合物，初級狀態,荷蘭,出口總值(含復出口),101,37000
2022-03,39039010,甲基丙烯酸甲酯－丁二烯－苯乙烯（ＭＢＳ）共聚合物，初級狀態,菲律賓,出口總值(含復出口),22,11000
2022-03,39039010,甲基丙烯酸甲酯－丁二烯－苯乙烯（ＭＢＳ）共聚合物，初級狀態,越南,出口總值(含復出口),264,105500
2022-03,39039010,甲基丙烯酸甲酯－丁二烯－苯乙烯（ＭＢＳ）共聚合物，初級狀態,奧地利,出口總值(含復出口),57,18000
2022-03,39039010,甲基丙烯酸甲酯－丁二烯－苯乙烯（ＭＢＳ）共聚合物，初級狀態,新加坡,進口總值(含復進口),43,11520
2022-03,39039010,甲基丙烯酸甲酯－丁二烯－苯乙烯（ＭＢＳ）共聚合物，初級狀態,瑞典,出口總值(含復出口),11,4000
2022-03,39039010,甲基丙烯酸甲酯－丁二烯－苯乙烯（ＭＢＳ）共聚合物，初級狀態,義大利,出口總值(含復出口),30,12000
2022-03,39052100,醋酸乙烯共聚合物水性分散液,中國大陸,進口總值(含復進口),12,5450
2022-03,39052100,醋酸乙烯共聚合物水性分散液,中國大陸,出口總值(含復出口),4124,2801590
2022-03,39052100,醋酸乙烯共聚合物水性分散液,巴西,出口總值(含復出口),92,60000
2022-03,39052100,醋酸乙烯共聚合物水性分散液,巴基斯坦,出口總值(含復出口),906,580000
2022-03,39052100,醋酸乙烯共聚合物水性分散液,日本,進口總值(含復進口),5,610
2022-03,39052100,醋酸乙烯共聚合物水性分散液,日本,出口總值(含復出口),598,364930
2022-03,39052100,醋酸乙烯共聚合物水性分散液,多明尼加,出口總值(含復出口),7,4400
2022-03,39052100,醋酸乙烯共聚合物水性分散液,肯亞,出口總值(含復出口),86,39600
2022-03,39052100,醋酸乙烯共聚合物水性分散液,阿拉伯聯合大公國,出口總值(含復出口),28,19800
2022-03,39052100,醋酸乙烯共聚合物水性分散液,南韓,進口總值(含復進口),27,15600
2022-03,39052100,醋酸乙烯共聚合物水性分散液,南韓,出口總值(含復出口),57,35200
2022-03,39052100,醋酸乙烯共聚合物水性分散液,美國,進口總值(含復進口),20,8840
2022-03,39052100,醋酸乙烯共聚合物水性分散液,哥斯大黎加,出口總值(含復出口),14,17600
2022-03,39052100,醋酸乙烯共聚合物水性分散液,埃及,出口總值(含復出口),46,19800
2022-03,39052100,醋酸乙烯共聚合物水性分散液,馬來西亞,進口總值(含復進口),48,21720
2022-03,39052100,醋酸乙烯共聚合物水性分散液,越南,出口總值(含復出口),76,44000
2022-03,39052100,醋酸乙烯共聚合物水性分散液,緬甸,出口總值(含復出口),72,40000
2022-03,39052100,醋酸乙烯共聚合物水性分散液,墨西哥,出口總值(含復出口),61,17600
2022-03,39052100,醋酸乙烯共聚合物水性分散液,澳大利亞,出口總值(含復出口),85,59620
2022-04,29161410,甲基丙烯酸甲酯,土耳其,出口總值(含復出口),1957,1050000
2022-04,29161410,甲基丙烯酸甲酯,中國大陸,進口總值(含復進口),9293,4933730
2022-04,29161410,甲基丙烯酸甲酯,中國大陸,出口總值(含復出口),732,366258
2022-04,29161410,甲基丙烯酸甲酯,日本,進口總值(含復進口),1091,612030
2022-04,29161410,甲基丙烯酸甲酯,印度,出口總值(含復出口),2628,1428000
2022-04,29161410,甲基丙烯酸甲酯,南韓,出口總值(含復出口),2077,1050000
2022-04,29161410,甲基丙烯酸甲酯,美國,進口總值(含復進口),0,6
2022-04,29161410,甲基丙烯酸甲酯,馬來西亞,出口總值(含復出口),262,125980
2022-04,29161410,甲基丙烯酸甲酯,荷蘭,進口總值(含復進口),6,151
2022-04,29161410,甲基丙烯酸甲酯,菲律賓,出口總值(含復出口),1049,559230
2022-04,29161410,甲基丙烯酸甲酯,越南,出口總值(含復出口),835,466080
2022-04,29161410,甲基丙烯酸甲酯,新加坡,進口總值(含復進口),292,156670
2022-04,29161410,甲基丙烯酸甲酯,德國,進口總值(含復進口),3,166
2022-04,29173300,鄰苯二甲酸二壬酯或二癸酯,中國大陸,出口總值(含復出口),992,559000
2022-04,29173300,鄰苯二甲酸二壬酯或二癸酯,日本,進口總值(含復進口),20,7000
2022-04,29173300,鄰苯二甲酸二壬酯或二癸酯,日本,出口總值(含復出口),886,494000
2022-04,29173300,鄰苯二甲酸二壬酯或二癸酯,印度,出口總值(含復出口),187,105000
2022-04,29173300,鄰苯二甲酸二壬酯或二癸酯,美國,進口總值(含復進口),0,0
2022-04,29173300,鄰苯二甲酸二壬酯或二癸酯,美國,出口總值(含復出口),3677,2140000
2022-04,29173300,鄰苯二甲酸二壬酯或二癸酯,香港,出口總值(含復出口),670,375000
2022-04,29173300,鄰苯二甲酸二壬酯或二癸酯,馬來西亞,出口總值(含復出口),106,60000
2022-04,29173300,鄰苯二甲酸二壬酯或二癸酯,菲律賓,出口總值(含復出口),640,353000
2022-04,29173300,鄰苯二甲酸二壬酯或二癸酯,越南,出口總值(含復出口),1040,595000
2022-04,29173300,鄰苯二甲酸二壬酯或二癸酯,德國,進口總值(含復進口),0,0
2022-04,29173300,鄰苯二甲酸二壬酯或二癸酯,墨西哥,出口總值(含復出口),230,145000
2022-04,29173300,鄰苯二甲酸二壬酯或二癸酯,澳大利亞,出口總值(含復出口),34,17000
2022-04,29173300,鄰苯二甲酸二壬酯或二癸酯,羅馬尼亞,出口總值(含復出口),36,21000
2022-04,29321100,四氫?喃,中國大陸,進口總值(含復進口),0,5
2022-04,29321100,四氫?喃,中國大陸,出口總值(含復出口),1464,313070
2022-04,29321100,四氫?喃,日本,進口總值(含復進口),1,120
2022-04,29321100,四氫?喃,日本,出口總值(含復出口),752,164240
2022-04,29321100,四氫?喃,比利時,出口總值(含復出口),124,19540
2022-04,29321100,四氫?喃,加拿大,出口總值(含復出口),199,28800
2022-04,29321100,四氫?喃,印度,出口總值(含復出口),8163,1306500
2022-04,29321100,四氫?喃,南韓,進口總值(含復進口),12,811
2022-04,29321100,四氫?喃,南韓,出口總值(含復出口),3632,729420
2022-04,29321100,四氫?喃,美國,進口總值(含復進口),26,2232
2022-04,29321100,四氫?喃,美國,出口總值(含復出口),1132,186200
2022-04,29321100,四氫?喃,英國,進口總值(含復進口),1,8
2022-04,29321100,四氫?喃,馬來西亞,出口總值(含復出口),85,14400
2022-04,29321100,四氫?喃,荷蘭,進口總值(含復進口),2,3
2022-04,29321100,四氫?喃,荷蘭,出口總值(含復出口),646,93960
2022-04,29321100,四氫?喃,越南,出口總值(含復出口),5572,1160750
2022-04,29321100,四氫?喃,德國,進口總值(含復進口),9,801
2022-04,29321100,四氫?喃,墨西哥,出口總值(含復出口),207,28800
2022-04,39032000,苯乙烯－丙烯?共聚合物，初級狀態,中國大陸,進口總值(含復進口),97,36000
2022-04,39032000,苯乙烯－丙烯?共聚合物，初級狀態,中國大陸,出口總值(含復出口),14756,8169549
2022-04,39032000,苯乙烯－丙烯?共聚合物，初級狀態,巴基斯坦,出口總值(含復出口),196,99000
2022-04,39032000,苯乙烯－丙烯?共聚合物，初級狀態,日本,進口總值(含復進口),288,84552
2022-04,39032000,苯乙烯－丙烯?共聚合物，初級狀態,日本,出口總值(含復出口),243,127000
2022-04,39032000,苯乙烯－丙烯?共聚合物，初級狀態,比利時,出口總值(含復出口),2,1000
2022-04,39032000,苯乙烯－丙烯?共聚合物，初級狀態,以色列,出口總值(含復出口),26,11000
2022-04,39032000,苯乙烯－丙烯?共聚合物，初級狀態,加拿大,出口總值(含復出口),38,24000
2022-04,39032000,苯乙烯－丙烯?共聚合物，初級狀態,印尼,出口總值(含復出口),702,393000
2022-04,39032000,苯乙烯－丙烯?共聚合物，初級狀態,西班牙,出口總值(含復出口),22,10000
2022-04,39032000,苯乙烯－丙烯?共聚合物，初級狀態,孟加拉,出口總值(含復出口),6,3000
2022-04,39032000,苯乙烯－丙烯?共聚合物，初級狀態,波蘭,出口總值(含復出口),218,110000
2022-04,39032000,苯乙烯－丙烯?共聚合物，初級狀態,阿根廷,出口總值(含復出口),35,16000
2022-04,39032000,苯乙烯－丙烯?共聚合物，初級狀態,南非,出口總值(含復出口),44,21000
2022-04,39032000,苯乙烯－丙烯?共聚合物，初級狀態,美國,出口總值(含復出口),5,2000
2022-04,39032000,苯乙烯－丙烯?共聚合物，初級狀態,英國,出口總值(含復出口),2,1000
2022-04,39032000,苯乙烯－丙烯?共聚合物，初級狀態,香港,出口總值(含復出口),1312,709325
2022-04,39032000,苯乙烯－丙烯?共聚合物，初級狀態,哥倫比亞,出口總值(含復出口),20,10000
2022-04,39032000,苯乙烯－丙烯?共聚合物，初級狀態,泰國,出口總值(含復出口),414,211000
2022-04,39032000,苯乙烯－丙烯?共聚合物，初級狀態,秘魯,出口總值(含復出口),9,4000
2022-04,39032000,苯乙烯－丙烯?共聚合物，初級狀態,馬來西亞,進口總值(含復進口),30,10000
2022-04,39032000,苯乙烯－丙烯?共聚合物，初級狀態,馬來西亞,出口總值(含復出口),330,179000
2022-04,39032000,苯乙烯－丙烯?共聚合物，初級狀態,荷蘭,出口總值(含復出口),153,72000
2022-04,39032000,苯乙烯－丙烯?共聚合物，初級狀態,斯里蘭卡,出口總值(含復出口),32,18000
2022-04,39032000,苯乙烯－丙烯?共聚合物，初級狀態,斯洛維尼亞,出口總值(含復出口),192,96000
2022-04,39032000,苯乙烯－丙烯?共聚合物，初級狀態,菲律賓,出口總值(含復出口),83,50000
2022-04,39032000,苯乙烯－丙烯?共聚合物，初級狀態,越南,出口總值(含復出口),913,504900
2022-04,39032000,苯乙烯－丙烯?共聚合物，初級狀態,新加坡,出口總值(含復出口),2,1000
2022-04,39032000,苯乙烯－丙烯?共聚合物，初級狀態,瑞典,出口總值(含復出口),11,5000
2022-04,39032000,苯乙烯－丙烯?共聚合物，初級狀態,義大利,出口總值(含復出口),5,2000
2022-04,39032000,苯乙烯－丙烯?共聚合物，初級狀態,墨西哥,出口總值(含復出口),353,160000
2022-04,39039010,甲基丙烯酸甲酯－丁二烯－苯乙烯（ＭＢＳ）共聚合物，初級狀態,中國大陸,進口總值(含復進口),2,1000
2022-04,39039010,甲基丙烯酸甲酯－丁二烯－苯乙烯（ＭＢＳ）共聚合物，初級狀態,中國大陸,出口總值(含復出口),1790,633383
2022-04,39039010,甲基丙烯酸甲酯－丁二烯－苯乙烯（ＭＢＳ）共聚合物，初級狀態,丹麥,出口總值(含復出口),21,8000
2022-04,39039010,甲基丙烯酸甲酯－丁二烯－苯乙烯（ＭＢＳ）共聚合物，初級狀態,日本,進口總值(含復進口),165,37295
2022-04,39039010,甲基丙烯酸甲酯－丁二烯－苯乙烯（ＭＢＳ）共聚合物，初級狀態,日本,出口總值(含復出口),74,31600
2022-04,39039010,甲基丙烯酸甲酯－丁二烯－苯乙烯（ＭＢＳ）共聚合物，初級狀態,比利時,出口總值(含復出口),162,63000
2022-04,39039010,甲基丙烯酸甲酯－丁二烯－苯乙烯（ＭＢＳ）共聚合物，初級狀態,加拿大,出口總值(含復出口),30,9000
2022-04,39039010,甲基丙烯酸甲酯－丁二烯－苯乙烯（ＭＢＳ）共聚合物，初級狀態,印度,出口總值(含復出口),258,113000
2022-04,39039010,甲基丙烯酸甲酯－丁二烯－苯乙烯（ＭＢＳ）共聚合物，初級狀態,波蘭,出口總值(含復出口),46,18000
2022-04,39039010,甲基丙烯酸甲酯－丁二烯－苯乙烯（ＭＢＳ）共聚合物，初級狀態,法國,出口總值(含復出口),128,44000
2022-04,39039010,甲基丙烯酸甲酯－丁二烯－苯乙烯（ＭＢＳ）共聚合物，初級狀態,南韓,進口總值(含復進口),46,20000
2022-04,39039010,甲基丙烯酸甲酯－丁二烯－苯乙烯（ＭＢＳ）共聚合物，初級狀態,南韓,出口總值(含復出口),9,4000
2022-04,39039010,甲基丙烯酸甲酯－丁二烯－苯乙烯（ＭＢＳ）共聚合物，初級狀態,美國,進口總值(含復進口),2,1
2022-04,39039010,甲基丙烯酸甲酯－丁二烯－苯乙烯（ＭＢＳ）共聚合物，初級狀態,英國,出口總值(含復出口),194,74125
2022-04,39039010,甲基丙烯酸甲酯－丁二烯－苯乙烯（ＭＢＳ）共聚合物，初級狀態,香港,出口總值(含復出口),72,26000
2022-04,39039010,甲基丙烯酸甲酯－丁二烯－苯乙烯（ＭＢＳ）共聚合物，初級狀態,泰國,出口總值(含復出口),81,32000
2022-04,39039010,甲基丙烯酸甲酯－丁二烯－苯乙烯（ＭＢＳ）共聚合物，初級狀態,紐西蘭,出口總值(含復出口),15,5000
2022-04,39039010,甲基丙烯酸甲酯－丁二烯－苯乙烯（ＭＢＳ）共聚合物，初級狀態,馬來西亞,進口總值(含復進口),149,48800
2022-04,39039010,甲基丙烯酸甲酯－丁二烯－苯乙烯（ＭＢＳ）共聚合物，初級狀態,馬來西亞,出口總值(含復出口),105,42000
2022-04,39039010,甲基丙烯酸甲酯－丁二烯－苯乙烯（ＭＢＳ）共聚合物，初級狀態,荷蘭,出口總值(含復出口),21,7600
2022-04,39039010,甲基丙烯酸甲酯－丁二烯－苯乙烯（ＭＢＳ）共聚合物，初級狀態,菲律賓,出口總值(含復出口),36,11900
2022-04,39039010,甲基丙烯酸甲酯－丁二烯－苯乙烯（ＭＢＳ）共聚合物，初級狀態,越南,出口總值(含復出口),91,35000
2022-04,39039010,甲基丙烯酸甲酯－丁二烯－苯乙烯（ＭＢＳ）共聚合物，初級狀態,德國,出口總值(含復出口),177,54000
2022-04,39039010,甲基丙烯酸甲酯－丁二烯－苯乙烯（ＭＢＳ）共聚合物，初級狀態,澳大利亞,出口總值(含復出口),37,14300
2022-04,39052100,醋酸乙烯共聚合物水性分散液,中國大陸,進口總值(含復進口),69,36000
2022-04,39052100,醋酸乙烯共聚合物水性分散液,中國大陸,出口總值(含復出口),4140,2705920
2022-04,39052100,醋酸乙烯共聚合物水性分散液,中華民國,進口總值(含復進口),125,67960
2022-04,39052100,醋酸乙烯共聚合物水性分散液,巴西,出口總值(含復出口),34,20000
2022-04,39052100,醋酸乙烯共聚合物水性分散液,巴基斯坦,出口總值(含復出口),848,540000
2022-04,39052100,醋酸乙烯共聚合物水性分散液,日本,出口總值(含復出口),249,149290
2022-04,39052100,醋酸乙烯共聚合物水性分散液,西班牙,進口總值(含復進口),17,17000
2022-04,39052100,醋酸乙烯共聚合物水性分散液,肯亞,出口總值(含復出口),84,39600
2022-04,39052100,醋酸乙烯共聚合物水性分散液,阿拉伯聯合大公國,出口總值(含復出口),37,19750
2022-04,39052100,醋酸乙烯共聚合物水性分散液,美國,進口總值(含復進口),19,8165
2022-04,39052100,醋酸乙烯共聚合物水性分散液,埃及,出口總值(含復出口),49,19800
2022-04,39052100,醋酸乙烯共聚合物水性分散液,秘魯,出口總值(含復出口),37,25300
2022-04,39052100,醋酸乙烯共聚合物水性分散液,紐西蘭,出口總值(含復出口),136,84370
2022-04,39052100,醋酸乙烯共聚合物水性分散液,馬來西亞,進口總值(含復進口),46,24000
2022-04,39052100,醋酸乙烯共聚合物水性分散液,越南,出口總值(含復出口),272,154600
2022-04,39052100,醋酸乙烯共聚合物水性分散液,新加坡,出口總值(含復出口),8,5500
2022-04,39052100,醋酸乙烯共聚合物水性分散液,澳大利亞,出口總值(含復出口),261,178950
2022-05,29161410,甲基丙烯酸甲酯,中國大陸,進口總值(含復進口),5461,2998170
2022-05,29161410,甲基丙烯酸甲酯,中國大陸,出口總值(含復出口),217,106462
2022-05,29161410,甲基丙烯酸甲酯,日本,進口總值(含復進口),672,352808
2022-05,29161410,甲基丙烯酸甲酯,印度,出口總值(含復出口),1793,1000000
2022-05,29161410,甲基丙烯酸甲酯,法國,進口總值(含復進口),0,0
2022-05,29161410,甲基丙烯酸甲酯,南韓,進口總值(含復進口),9,3000
2022-05,29161410,甲基丙烯酸甲酯,南韓,出口總值(含復出口),2072,1050000
2022-05,29161410,甲基丙烯酸甲酯,美國,進口總值(含復進口),0,5
2022-05,29161410,甲基丙烯酸甲酯,馬來西亞,出口總值(含復出口),175,80000
2022-05,29161410,甲基丙烯酸甲酯,菲律賓,出口總值(含復出口),583,285320
2022-05,29161410,甲基丙烯酸甲酯,越南,出口總值(含復出口),1465,754610
2022-05,29161410,甲基丙烯酸甲酯,德國,進口總值(含復進口),8,420
2022-05,29173300,鄰苯二甲酸二壬酯或二癸酯,中國大陸,出口總值(含復出口),843,540000
2022-05,29173300,鄰苯二甲酸二壬酯或二癸酯,巴西,出口總值(含復出口),107,58000
2022-05,29173300,鄰苯二甲酸二壬酯或二癸酯,日本,出口總值(含復出口),941,506000
2022-05,29173300,鄰苯二甲酸二壬酯或二癸酯,加拿大,進口總值(含復進口),0,0
2022-05,29173300,鄰苯二甲酸二壬酯或二癸酯,印度,出口總值(含復出口),77,42000
2022-05,29173300,鄰苯二甲酸二壬酯或二癸酯,阿拉伯聯合大公國,出口總值(含復出口),28,16000
2022-05,29173300,鄰苯二甲酸二壬酯或二癸酯,阿曼,出口總值(含復出口),264,146000
2022-05,29173300,鄰苯二甲酸二壬酯或二癸酯,美國,進口總值(含復進口),0,0
2022-05,29173300,鄰苯二甲酸二壬酯或二癸酯,美國,出口總值(含復出口),16,8000
2022-05,29173300,鄰苯二甲酸二壬酯或二癸酯,香港,出口總值(含復出口),108,63000
2022-05,29173300,鄰苯二甲酸二壬酯或二癸酯,馬來西亞,出口總值(含復出口),113,65000
2022-05,29173300,鄰苯二甲酸二壬酯或二癸酯,菲律賓,出口總值(含復出口),319,184000
2022-05,29173300,鄰苯二甲酸二壬酯或二癸酯,越南,出口總值(含復出口),904,595000
2022-05,29173300,鄰苯二甲酸二壬酯或二癸酯,德國,進口總值(含復進口),0,0
2022-05,29173300,鄰苯二甲酸二壬酯或二癸酯,墨西哥,出口總值(含復出口),133,83000
2022-05,29173300,鄰苯二甲酸二壬酯或二癸酯,澳大利亞,出口總值(含復出口),35,20000
2022-05,29173300,鄰苯二甲酸二壬酯或二癸酯,羅馬尼亞,出口總值(含復出口),71,42000
2022-05,29321100,四氫?喃,中國大陸,進口總值(含復進口),0,2
2022-05,29321100,四氫?喃,中國大陸,出口總值(含復出口),3219,727600
2022-05,29321100,四氫?喃,中華民國,進口總值(含復進口),0,1
2022-05,29321100,四氫?喃,日本,出口總值(含復出口),494,97440
2022-05,29321100,四氫?喃,印度,出口總值(含復出口),2397,392040
2022-05,29321100,四氫?喃,西班牙,進口總值(含復進口),0,3
2022-05,29321100,四氫?喃,法國,進口總值(含復進口),0,2
2022-05,29321100,四氫?喃,阿拉伯聯合大公國,出口總值(含復出口),2014,360000
2022-05,29321100,四氫?喃,南韓,進口總值(含復進口),24,1694
2022-05,29321100,四氫?喃,南韓,出口總值(含復出口),3414,724400
2022-05,29321100,四氫?喃,美國,出口總值(含復出口),1358,225380
2022-05,29321100,四氫?喃,英國,進口總值(含復進口),1,21
2022-05,29321100,四氫?喃,荷蘭,出口總值(含復出口),1536,219290
2022-05,29321100,四氫?喃,越南,出口總值(含復出口),2058,435470
2022-05,29321100,四氫?喃,德國,進口總值(含復進口),8,690
2022-05,39032000,苯乙烯－丙烯?共聚合物，初級狀態,中國大陸,進口總值(含復進口),140,55000
2022-05,39032000,苯乙烯－丙烯?共聚合物，初級狀態,中國大陸,出口總值(含復出口),15524,8251750
2022-05,39032000,苯乙烯－丙烯?共聚合物，初級狀態,巴基斯坦,出口總值(含復出口),78,39000
2022-05,39032000,苯乙烯－丙烯?共聚合物，初級狀態,日本,進口總值(含復進口),209,106172
2022-05,39032000,苯乙烯－丙烯?共聚合物，初級狀態,日本,出口總值(含復出口),320,169000
2022-05,39032000,苯乙烯－丙烯?共聚合物，初級狀態,印尼,出口總值(含復出口),427,226000
2022-05,39032000,苯乙烯－丙烯?共聚合物，初級狀態,阿根廷,出口總值(含復出口),22,10000
2022-05,39032000,苯乙烯－丙烯?共聚合物，初級狀態,保加利亞,進口總值(含復進口),1,100
2022-05,39032000,苯乙烯－丙烯?共聚合物，初級狀態,南非,出口總值(含復出口),6,3000
2022-05,39032000,苯乙烯－丙烯?共聚合物，初級狀態,南韓,進口總值(含復進口),145,78000
2022-05,39032000,苯乙烯－丙烯?共聚合物，初級狀態,突尼西亞,出口總值(含復出口),4,2000
2022-05,39032000,苯乙烯－丙烯?共聚合物，初級狀態,美國,出口總值(含復出口),122,52000
2022-05,39032000,苯乙烯－丙烯?共聚合物，初級狀態,英國,出口總值(含復出口),18,7000
2022-05,39032000,苯乙烯－丙烯?共聚合物，初級狀態,香港,出口總值(含復出口),1801,906000
2022-05,39032000,苯乙烯－丙烯?共聚合物，初級狀態,哥倫比亞,出口總值(含復出口),18,8000
2022-05,39032000,苯乙烯－丙烯?共聚合物，初級狀態,埃及,出口總值(含復出口),200,92000
2022-05,39032000,苯乙烯－丙烯?共聚合物，初級狀態,泰國,進口總值(含復進口),28,12000
2022-05,39032000,苯乙烯－丙烯?共聚合物，初級狀態,泰國,出口總值(含復出口),745,369000
2022-05,39032000,苯乙烯－丙烯?共聚合物，初級狀態,馬來西亞,進口總值(含復進口),29,10000
2022-05,39032000,苯乙烯－丙烯?共聚合物，初級狀態,馬來西亞,出口總值(含復出口),242,132000
2022-05,39032000,苯乙烯－丙烯?共聚合物，初級狀態,馬拉威,出口總值(含復出口),69,38000
2022-05,39032000,苯乙烯－丙烯?共聚合物，初級狀態,荷蘭,出口總值(含復出口),238,108000
2022-05,39032000,苯乙烯－丙烯?共聚合物，初級狀態,斯洛維尼亞,出口總值(含復出口),14,6000
2022-05,39032000,苯乙烯－丙烯?共聚合物，初級狀態,菲律賓,出口總值(含復出口),134,75000
2022-05,39032000,苯乙烯－丙烯?共聚合物，初級狀態,越南,出口總值(含復出口),692,378884
2022-05,39032000,苯乙烯－丙烯?共聚合物，初級狀態,瑞典,出口總值(含復出口),37,16000
2022-05,39032000,苯乙烯－丙烯?共聚合物，初級狀態,墨西哥,出口總值(含復出口),372,162000
2022-05,39039010,甲基丙烯酸甲酯－丁二烯－苯乙烯（ＭＢＳ）共聚合物，初級狀態,中國大陸,進口總值(含復進口),38,19075
2022-05,39039010,甲基丙烯酸甲酯－丁二烯－苯乙烯（ＭＢＳ）共聚合物，初級狀態,中國大陸,出口總值(含復出口),1152,418870
2022-05,39039010,甲基丙烯酸甲酯－丁二烯－苯乙烯（ＭＢＳ）共聚合物，初級狀態,日本,進口總值(含復進口),325,88500
2022-05,39039010,甲基丙烯酸甲酯－丁二烯－苯乙烯（ＭＢＳ）共聚合物，初級狀態,日本,出口總值(含復出口),21,8000
2022-05,39039010,甲基丙烯酸甲酯－丁二烯－苯乙烯（ＭＢＳ）共聚合物，初級狀態,比利時,出口總值(含復出口),10,3000
2022-05,39039010,甲基丙烯酸甲酯－丁二烯－苯乙烯（ＭＢＳ）共聚合物，初級狀態,法國,出口總值(含復出口),101,36000
2022-05,39039010,甲基丙烯酸甲酯－丁二烯－苯乙烯（ＭＢＳ）共聚合物，初級狀態,南非,出口總值(含復出口),34,12000
2022-05,39039010,甲基丙烯酸甲酯－丁二烯－苯乙烯（ＭＢＳ）共聚合物，初級狀態,南韓,進口總值(含復進口),53,20000
2022-05,39039010,甲基丙烯酸甲酯－丁二烯－苯乙烯（ＭＢＳ）共聚合物，初級狀態,美國,進口總值(含復進口),4,1600
2022-05,39039010,甲基丙烯酸甲酯－丁二烯－苯乙烯（ＭＢＳ）共聚合物，初級狀態,美國,出口總值(含復出口),43,16000
2022-05,39039010,甲基丙烯酸甲酯－丁二烯－苯乙烯（ＭＢＳ）共聚合物，初級狀態,英國,出口總值(含復出口),32,10000
2022-05,39039010,甲基丙烯酸甲酯－丁二烯－苯乙烯（ＭＢＳ）共聚合物，初級狀態,香港,出口總值(含復出口),11,4000
2022-05,39039010,甲基丙烯酸甲酯－丁二烯－苯乙烯（ＭＢＳ）共聚合物，初級狀態,泰國,出口總值(含復出口),30,12000
2022-05,39039010,甲基丙烯酸甲酯－丁二烯－苯乙烯（ＭＢＳ）共聚合物，初級狀態,紐西蘭,出口總值(含復出口),2,550
2022-05,39039010,甲基丙烯酸甲酯－丁二烯－苯乙烯（ＭＢＳ）共聚合物，初級狀態,馬來西亞,進口總值(含復進口),327,99200
2022-05,39039010,甲基丙烯酸甲酯－丁二烯－苯乙烯（ＭＢＳ）共聚合物，初級狀態,馬來西亞,出口總值(含復出口),20,8000
2022-05,39039010,甲基丙烯酸甲酯－丁二烯－苯乙烯（ＭＢＳ）共聚合物，初級狀態,荷蘭,出口總值(含復出口),12,4500
2022-05,39039010,甲基丙烯酸甲酯－丁二烯－苯乙烯（ＭＢＳ）共聚合物，初級狀態,越南,出口總值(含復出口),92,30600
2022-05,39039010,甲基丙烯酸甲酯－丁二烯－苯乙烯（ＭＢＳ）共聚合物，初級狀態,義大利,出口總值(含復出口),301,114000
2022-05,39039010,甲基丙烯酸甲酯－丁二烯－苯乙烯（ＭＢＳ）共聚合物，初級狀態,墨西哥,出口總值(含復出口),102,35200
2022-05,39039010,甲基丙烯酸甲酯－丁二烯－苯乙烯（ＭＢＳ）共聚合物，初級狀態,澳大利亞,出口總值(含復出口),9,3000
2022-05,39052100,醋酸乙烯共聚合物水性分散液,中國大陸,進口總值(含復進口),44,21900
2022-05,39052100,醋酸乙烯共聚合物水性分散液,中國大陸,出口總值(含復出口),1513,1000010
2022-05,39052100,醋酸乙烯共聚合物水性分散液,巴基斯坦,出口總值(含復出口),965,620000
2022-05,39052100,醋酸乙烯共聚合物水性分散液,日本,進口總值(含復進口),11,1180
2022-05,39052100,醋酸乙烯共聚合物水性分散液,日本,出口總值(含復出口),278,159630
2022-05,39052100,醋酸乙烯共聚合物水性分散液,南韓,進口總值(含復進口),27,15600
2022-05,39052100,醋酸乙烯共聚合物水性分散液,美國,出口總值(含復出口),85,79200
2022-05,39052100,醋酸乙烯共聚合物水性分散液,紐西蘭,出口總值(含復出口),67,39760
2022-05,39052100,醋酸乙烯共聚合物水性分散液,馬來西亞,進口總值(含復進口),84,43000
2022-05,39052100,醋酸乙烯共聚合物水性分散液,菲律賓,出口總值(含復出口),5,2700
2022-05,39052100,醋酸乙烯共聚合物水性分散液,越南,出口總值(含復出口),66,35600
2022-05,39052100,醋酸乙烯共聚合物水性分散液,澳大利亞,出口總值(含復出口),319,213540
2022-06,29161410,甲基丙烯酸甲酯,中國大陸,進口總值(含復進口),264,130960
2022-06,29161410,甲基丙烯酸甲酯,中國大陸,出口總值(含復出口),8353,5093059
2022-06,29161410,甲基丙烯酸甲酯,中華民國,進口總值(含復進口),16,800
2022-06,29161410,甲基丙烯酸甲酯,日本,進口總值(含復進口),1030,529369
2022-06,29161410,甲基丙烯酸甲酯,印尼,出口總值(含復出口),289,145120
2022-06,29161410,甲基丙烯酸甲酯,印度,出口總值(含復出口),200,91200
2022-06,29161410,甲基丙烯酸甲酯,南韓,進口總值(含復進口),79,40000
2022-06,29161410,甲基丙烯酸甲酯,美國,進口總值(含復進口),0,4
2022-06,29161410,甲基丙烯酸甲酯,泰國,出口總值(含復出口),34,15200
2022-06,29161410,甲基丙烯酸甲酯,馬來西亞,出口總值(含復出口),97,46220
2022-06,29161410,甲基丙烯酸甲酯,菲律賓,出口總值(含復出口),213,103650
2022-06,29161410,甲基丙烯酸甲酯,越南,出口總值(含復出口),684,330010
2022-06,29161410,甲基丙烯酸甲酯,新加坡,進口總值(含復進口),244,117640
2022-06,29161410,甲基丙烯酸甲酯,德國,進口總值(含復進口),13,174
2022-06,29161410,甲基丙烯酸甲酯,澳大利亞,出口總值(含復出口),34,15200
2022-06,29173300,鄰苯二甲酸二壬酯或二癸酯,中國大陸,出口總值(含復出口),880,615000
2022-06,29173300,鄰苯二甲酸二壬酯或二癸酯,巴西,出口總值(含復出口),143,82000
2022-06,29173300,鄰苯二甲酸二壬酯或二癸酯,日本,進口總值(含復進口),1,0
2022-06,29173300,鄰苯二甲酸二壬酯或二癸酯,日本,出口總值(含復出口),1565,879000
2022-06,29173300,鄰苯二甲酸二壬酯或二癸酯,印度,出口總值(含復出口),78,42000
2022-06,29173300,鄰苯二甲酸二壬酯或二癸酯,阿曼,出口總值(含復出口),116,63000
2022-06,29173300,鄰苯二甲酸二壬酯或二癸酯,美國,進口總值(含復進口),0,0
2022-06,29173300,鄰苯二甲酸二壬酯或二癸酯,美國,出口總值(含復出口),36,16000
2022-06,29173300,鄰苯二甲酸二壬酯或二癸酯,香港,出口總值(含復出口),110,63000
2022-06,29173300,鄰苯二甲酸二壬酯或二癸酯,馬來西亞,出口總值(含復出口),68,40000
2022-06,29173300,鄰苯二甲酸二壬酯或二癸酯,斯里蘭卡,出口總值(含復出口),39,21000
2022-06,29173300,鄰苯二甲酸二壬酯或二癸酯,菲律賓,出口總值(含復出口),146,83000
2022-06,29173300,鄰苯二甲酸二壬酯或二癸酯,象牙海岸,出口總值(含復出口),817,504000
2022-06,29173300,鄰苯二甲酸二壬酯或二癸酯,越南,出口總值(含復出口),262,168000
2022-06,29173300,鄰苯二甲酸二壬酯或二癸酯,德國,出口總值(含復出口),39,24000
2022-06,29173300,鄰苯二甲酸二壬酯或二癸酯,墨西哥,出口總值(含復出口),180,104000
2022-06,29173300,鄰苯二甲酸二壬酯或二癸酯,羅馬尼亞,出口總值(含復出口),105,62000
2022-06,29321100,四氫?喃,中國大陸,進口總值(含復進口),459,81256
2022-06,29321100,四氫?喃,中國大陸,出口總值(含復出口),4199,1125760
2022-06,29321100,四氫?喃,日本,進口總值(含復進口),1,40
2022-06,29321100,四氫?喃,日本,出口總值(含復出口),644,135150
2022-06,29321100,四氫?喃,加拿大,出口總值(含復出口),119,23040
2022-06,29321100,四氫?喃,印度,出口總值(含復出口),2404,405480
2022-06,29321100,四氫?喃,法國,進口總值(含復進口),0,2
2022-06,29321100,四氫?喃,南韓,出口總值(含復出口),99,19300
2022-06,29321100,四氫?喃,美國,進口總值(含復進口),16,640
2022-06,29321100,四氫?喃,美國,出口總值(含復出口),966,155640
2022-06,29321100,四氫?喃,泰國,出口總值(含復出口),79,14400
2022-06,29321100,四氫?喃,馬來西亞,出口總值(含復出口),171,33650
2022-06,29321100,四氫?喃,荷蘭,出口總值(含復出口),429,59870
2022-06,29321100,四氫?喃,越南,出口總值(含復出口),3032,761450
2022-06,29321100,四氫?喃,德國,進口總值(含復進口),44,2461
2022-06,29321100,四氫?喃,墨西哥,出口總值(含復出口),87,14400
2022-06,39032000,苯乙烯－丙烯?共聚合物，初級狀態,中國大陸,進口總值(含復進口),132,42700
2022-06,39032000,苯乙烯－丙烯?共聚合物，初級狀態,中國大陸,出口總值(含復出口),9677,5163510
2022-06,39032000,苯乙烯－丙烯?共聚合物，初級狀態,巴基斯坦,出口總值(含復出口),138,62500
2022-06,39032000,苯乙烯－丙烯?共聚合物，初級狀態,日本,進口總值(含復進口),282,104239
2022-06,39032000,苯乙烯－丙烯?共聚合物，初級狀態,日本,出口總值(含復出口),269,140000
2022-06,39032000,苯乙烯－丙烯?共聚合物，初級狀態,比利時,出口總值(含復出口),5,2000
2022-06,39032000,苯乙烯－丙烯?共聚合物，初級狀態,加拿大,出口總值(含復出口),46,24000
2022-06,39032000,苯乙烯－丙烯?共聚合物，初級狀態,印尼,出口總值(含復出口),188,103000
2022-06,39032000,苯乙烯－丙烯?共聚合物，初級狀態,印度,出口總值(含復出口),92,57000
2022-06,39032000,苯乙烯－丙烯?共聚合物，初級狀態,委內瑞拉,出口總值(含復出口),50,18000
2022-06,39032000,苯乙烯－丙烯?共聚合物，初級狀態,孟加拉,出口總值(含復出口),45,20000
2022-06,39032000,苯乙烯－丙烯?共聚合物，初級狀態,阿拉伯聯合大公國,出口總值(含復出口),71,32000
2022-06,39032000,苯乙烯－丙烯?共聚合物，初級狀態,阿根廷,出口總值(含復出口),20,9000
2022-06,39032000,苯乙烯－丙烯?共聚合物，初級狀態,南非,出口總值(含復出口),40,18000
2022-06,39032000,苯乙烯－丙烯?共聚合物，初級狀態,美國,出口總值(含復出口),337,151600
2022-06,39032000,苯乙烯－丙烯?共聚合物，初級狀態,英國,出口總值(含復出口),8,3000
2022-06,39032000,苯乙烯－丙烯?共聚合物，初級狀態,香港,出口總值(含復出口),369,207500
2022-06,39032000,苯乙烯－丙烯?共聚合物，初級狀態,哥倫比亞,出口總值(含復出口),64,33000
2022-06,39032000,苯乙烯－丙烯?共聚合物，初級狀態,泰國,進口總值(含復進口),68,38000
2022-06,39032000,苯乙烯－丙烯?共聚合物，初級狀態,泰國,出口總值(含復出口),899,446000
2022-06,39032000,苯乙烯－丙烯?共聚合物，初級狀態,馬來西亞,出口總值(含復出口),116,66000
2022-06,39032000,苯乙烯－丙烯?共聚合物，初級狀態,荷蘭,出口總值(含復出口),161,72000
2022-06,39032000,苯乙烯－丙烯?共聚合物，初級狀態,斯洛維尼亞,出口總值(含復出口),129,59250
2022-06,39032000,苯乙烯－丙烯?共聚合物，初級狀態,菲律賓,出口總值(含復出口),50,27000
2022-06,39032000,苯乙烯－丙烯?共聚合物，初級狀態,越南,出口總值(含復出口),406,216050
2022-06,39032000,苯乙烯－丙烯?共聚合物，初級狀態,德國,進口總值(含復進口),20,4125
2022-06,39032000,苯乙烯－丙烯?共聚合物，初級狀態,墨西哥,出口總值(含復出口),233,100000
2022-06,39039010,甲基丙烯酸甲酯－丁二烯－苯乙烯（ＭＢＳ）共聚合物，初級狀態,中國大陸,進口總值(含復進口),32,13800
2022-06,39039010,甲基丙烯酸甲酯－丁二烯－苯乙烯（ＭＢＳ）共聚合物，初級狀態,中國大陸,出口總值(含復出口),1288,533296
2022-06,39039010,甲基丙烯酸甲酯－丁二烯－苯乙烯（ＭＢＳ）共聚合物，初級狀態,日本,進口總值(含復進口),499,121053
2022-06,39039010,甲基丙烯酸甲酯－丁二烯－苯乙烯（ＭＢＳ）共聚合物，初級狀態,日本,出口總值(含復出口),95,37600
2022-06,39039010,甲基丙烯酸甲酯－丁二烯－苯乙烯（ＭＢＳ）共聚合物，初級狀態,比利時,出口總值(含復出口),29,9000
2022-06,39039010,甲基丙烯酸甲酯－丁二烯－苯乙烯（ＭＢＳ）共聚合物，初級狀態,以色列,出口總值(含復出口),6,2000
2022-06,39039010,甲基丙烯酸甲酯－丁二烯－苯乙烯（ＭＢＳ）共聚合物，初級狀態,加拿大,出口總值(含復出口),43,15000
2022-06,39039010,甲基丙烯酸甲酯－丁二烯－苯乙烯（ＭＢＳ）共聚合物，初級狀態,波蘭,出口總值(含復出口),22,8000
2022-06,39039010,甲基丙烯酸甲酯－丁二烯－苯乙烯（ＭＢＳ）共聚合物，初級狀態,阿根廷,出口總值(含復出口),3,1000
2022-06,39039010,甲基丙烯酸甲酯－丁二烯－苯乙烯（ＭＢＳ）共聚合物，初級狀態,南非,出口總值(含復出口),71,25000
2022-06,39039010,甲基丙烯酸甲酯－丁二烯－苯乙烯（ＭＢＳ）共聚合物，初級狀態,南韓,進口總值(含復進口),54,20000
2022-06,39039010,甲基丙烯酸甲酯－丁二烯－苯乙烯（ＭＢＳ）共聚合物，初級狀態,美國,出口總值(含復出口),6,1800
2022-06,39039010,甲基丙烯酸甲酯－丁二烯－苯乙烯（ＭＢＳ）共聚合物，初級狀態,英國,出口總值(含復出口),159,52000
2022-06,39039010,甲基丙烯酸甲酯－丁二烯－苯乙烯（ＭＢＳ）共聚合物，初級狀態,香港,出口總值(含復出口),18,6000
2022-06,39039010,甲基丙烯酸甲酯－丁二烯－苯乙烯（ＭＢＳ）共聚合物，初級狀態,紐西蘭,出口總值(含復出口),17,5000
2022-06,39039010,甲基丙烯酸甲酯－丁二烯－苯乙烯（ＭＢＳ）共聚合物，初級狀態,馬來西亞,進口總值(含復進口),224,68800
2022-06,39039010,甲基丙烯酸甲酯－丁二烯－苯乙烯（ＭＢＳ）共聚合物，初級狀態,馬來西亞,出口總值(含復出口),39,16000
2022-06,39039010,甲基丙烯酸甲酯－丁二烯－苯乙烯（ＭＢＳ）共聚合物，初級狀態,荷蘭,出口總值(含復出口),193,69800
2022-06,39039010,甲基丙烯酸甲酯－丁二烯－苯乙烯（ＭＢＳ）共聚合物，初級狀態,越南,出口總值(含復出口),18,7000
2022-06,39039010,甲基丙烯酸甲酯－丁二烯－苯乙烯（ＭＢＳ）共聚合物，初級狀態,新加坡,進口總值(含復進口),38,11520
2022-06,39039010,甲基丙烯酸甲酯－丁二烯－苯乙烯（ＭＢＳ）共聚合物，初級狀態,澳大利亞,出口總值(含復出口),31,10125
2022-06,39052100,醋酸乙烯共聚合物水性分散液,中國大陸,進口總值(含復進口),62,27060
2022-06,39052100,醋酸乙烯共聚合物水性分散液,中國大陸,出口總值(含復出口),683,433760
2022-06,39052100,醋酸乙烯共聚合物水性分散液,巴基斯坦,出口總值(含復出口),1009,640000
2022-06,39052100,醋酸乙烯共聚合物水性分散液,日本,進口總值(含復進口),11,1140
2022-06,39052100,醋酸乙烯共聚合物水性分散液,日本,出口總值(含復出口),59,39790
2022-06,39052100,醋酸乙烯共聚合物水性分散液,阿拉伯聯合大公國,出口總值(含復出口),122,59430
2022-06,39052100,醋酸乙烯共聚合物水性分散液,南韓,進口總值(含復進口),27,15600
2022-06,39052100,醋酸乙烯共聚合物水性分散液,美國,出口總值(含復出口),85,79200
2022-06,39052100,醋酸乙烯共聚合物水性分散液,埃及,出口總值(含復出口),200,79200
2022-06,39052100,醋酸乙烯共聚合物水性分散液,泰國,出口總值(含復出口),35,14400
2022-06,39052100,醋酸乙烯共聚合物水性分散液,秘魯,出口總值(含復出口),38,25300
2022-06,39052100,醋酸乙烯共聚合物水性分散液,紐西蘭,出口總值(含復出口),106,62270
2022-06,39052100,醋酸乙烯共聚合物水性分散液,馬來西亞,進口總值(含復進口),60,22020
2022-06,39052100,醋酸乙烯共聚合物水性分散液,越南,出口總值(含復出口),214,118200
2022-06,39052100,醋酸乙烯共聚合物水性分散液,新加坡,出口總值(含復出口),55,39600
2022-06,39052100,醋酸乙烯共聚合物水性分散液,澳大利亞,出口總值(含復出口),308,198440
2022-07,29161410,甲基丙烯酸甲酯,中國大陸,出口總值(含復出口),3500,2123787
2022-07,29161410,甲基丙烯酸甲酯,日本,進口總值(含復進口),777,380654
2022-07,29161410,甲基丙烯酸甲酯,印度,出口總值(含復出口),592,304000
2022-07,29161410,甲基丙烯酸甲酯,南韓,進口總值(含復進口),210,100000
2022-07,29161410,甲基丙烯酸甲酯,美國,進口總值(含復進口),0,0
2022-07,29161410,甲基丙烯酸甲酯,美國,出口總值(含復出口),33,15200
2022-07,29161410,甲基丙烯酸甲酯,香港,出口總值(含復出口),13,144
2022-07,29161410,甲基丙烯酸甲酯,泰國,出口總值(含復出口),65,30400
2022-07,29161410,甲基丙烯酸甲酯,菲律賓,出口總值(含復出口),635,312660
2022-07,29161410,甲基丙烯酸甲酯,越南,出口總值(含復出口),945,475790
2022-07,29161410,甲基丙烯酸甲酯,新加坡,進口總值(含復進口),124,58830
2022-07,29161410,甲基丙烯酸甲酯,德國,進口總值(含復進口),3,169
2022-07,29161410,甲基丙烯酸甲酯,澳大利亞,出口總值(含復出口),1772,1000000
2022-07,29173300,鄰苯二甲酸二壬酯或二癸酯,中國大陸,出口總值(含復出口),6595,4570000
2022-07,29173300,鄰苯二甲酸二壬酯或二癸酯,日本,出口總值(含復出口),963,575000
2022-07,29173300,鄰苯二甲酸二壬酯或二癸酯,阿拉伯聯合大公國,出口總值(含復出口),15,16000
2022-07,29173300,鄰苯二甲酸二壬酯或二癸酯,阿根廷,出口總值(含復出口),107,63000
2022-07,29173300,鄰苯二甲酸二壬酯或二癸酯,阿曼,出口總值(含復出口),492,291000
2022-07,29173300,鄰苯二甲酸二壬酯或二癸酯,美國,進口總值(含復進口),0,0
2022-07,29173300,鄰苯二甲酸二壬酯或二癸酯,美國,出口總值(含復出口),124,71000
2022-07,29173300,鄰苯二甲酸二壬酯或二癸酯,香港,出口總值(含復出口),351,218000
2022-07,29173300,鄰苯二甲酸二壬酯或二癸酯,埃及,出口總值(含復出口),280,186000
2022-07,29173300,鄰苯二甲酸二壬酯或二癸酯,越南,出口總值(含復出口),55,40000
2022-07,29173300,鄰苯二甲酸二壬酯或二癸酯,德國,出口總值(含復出口),75,48000
2022-07,29173300,鄰苯二甲酸二壬酯或二癸酯,墨西哥,出口總值(含復出口),94,62000
2022-07,29173300,鄰苯二甲酸二壬酯或二癸酯,澳大利亞,出口總值(含復出口),104,63000
2022-07,29173300,鄰苯二甲酸二壬酯或二癸酯,羅馬尼亞,出口總值(含復出口),98,63000
2022-07,29321100,四氫?喃,中國大陸,進口總值(含復進口),452,80063
2022-07,29321100,四氫?喃,中國大陸,出口總值(含復出口),4016,1193000
2022-07,29321100,四氫?喃,中華民國,進口總值(含復進口),17,978
2022-07,29321100,四氫?喃,巴西,出口總值(含復出口),80,14400
2022-07,29321100,四氫?喃,日本,進口總值(含復進口),0,0
2022-07,29321100,四氫?喃,日本,出口總值(含復出口),398,100670
2022-07,29321100,四氫?喃,印度,出口總值(含復出口),2236,466260
2022-07,29321100,四氫?喃,南韓,進口總值(含復進口),70,4780
2022-07,29321100,四氫?喃,約旦,出口總值(含復出口),4,720
2022-07,29321100,四氫?喃,美國,進口總值(含復進口),125,1064
2022-07,29321100,四氫?喃,美國,出口總值(含復出口),474,80980
2022-07,29321100,四氫?喃,英國,進口總值(含復進口),3,42
2022-07,29321100,四氫?喃,荷蘭,出口總值(含復出口),932,168200
2022-07,29321100,四氫?喃,越南,出口總值(含復出口),2324,714070
2022-07,29321100,四氫?喃,德國,進口總值(含復進口),18,1646
2022-07,39032000,苯乙烯－丙烯?共聚合物，初級狀態,土耳其,出口總值(含復出口),186,112000
2022-07,39032000,苯乙烯－丙烯?共聚合物，初級狀態,中國大陸,進口總值(含復進口),88,20803
2022-07,39032000,苯乙烯－丙烯?共聚合物，初級狀態,中國大陸,出口總值(含復出口),7378,4140105
2022-07,39032000,苯乙烯－丙烯?共聚合物，初級狀態,巴基斯坦,出口總值(含復出口),316,179500
2022-07,39032000,苯乙烯－丙烯?共聚合物，初級狀態,日本,進口總值(含復進口),122,48190
2022-07,39032000,苯乙烯－丙烯?共聚合物，初級狀態,日本,出口總值(含復出口),29,16000
2022-07,39032000,苯乙烯－丙烯?共聚合物，初級狀態,印尼,出口總值(含復出口),581,331000
2022-07,39032000,苯乙烯－丙烯?共聚合物，初級狀態,印度,出口總值(含復出口),350,220000
2022-07,39032000,苯乙烯－丙烯?共聚合物，初級狀態,西班牙,出口總值(含復出口),14,7000
2022-07,39032000,苯乙烯－丙烯?共聚合物，初級狀態,孟加拉,出口總值(含復出口),17,8000
2022-07,39032000,苯乙烯－丙烯?共聚合物，初級狀態,波蘭,出口總值(含復出口),2,1000
2022-07,39032000,苯乙烯－丙烯?共聚合物，初級狀態,阿根廷,出口總值(含復出口),57,27500
2022-07,39032000,苯乙烯－丙烯?共聚合物，初級狀態,南非,出口總值(含復出口),6,3000
2022-07,39032000,苯乙烯－丙烯?共聚合物，初級狀態,南韓,進口總值(含復進口),12,3000
2022-07,39032000,苯乙烯－丙烯?共聚合物，初級狀態,約旦,出口總值(含復出口),9,4000
2022-07,39032000,苯乙烯－丙烯?共聚合物，初級狀態,美國,出口總值(含復出口),26,16000
2022-07,39032000,苯乙烯－丙烯?共聚合物，初級狀態,香港,出口總值(含復出口),430,249000
2022-07,39032000,苯乙烯－丙烯?共聚合物，初級狀態,泰國,出口總值(含復出口),570,296000
2022-07,39032000,苯乙烯－丙烯?共聚合物，初級狀態,馬來西亞,進口總值(含復進口),29,10000
2022-07,39032000,苯乙烯－丙烯?共聚合物，初級狀態,馬來西亞,出口總值(含復出口),394,237000
2022-07,39032000,苯乙烯－丙烯?共聚合物，初級狀態,荷蘭,出口總值(含復出口),79,36000
2022-07,39032000,苯乙烯－丙烯?共聚合物，初級狀態,斯里蘭卡,出口總值(含復出口),46,26000
2022-07,39032000,苯乙烯－丙烯?共聚合物，初級狀態,越南,出口總值(含復出口),543,298700
2022-07,39032000,苯乙烯－丙烯?共聚合物，初級狀態,義大利,出口總值(含復出口),7,4000
2022-07,39032000,苯乙烯－丙烯?共聚合物，初級狀態,墨西哥,出口總值(含復出口),484,216800
2022-07,39032000,苯乙烯－丙烯?共聚合物，初級狀態,澳大利亞,出口總值(含復出口),2,1000
2022-07,39039010,甲基丙烯酸甲酯－丁二烯－苯乙烯（ＭＢＳ）共聚合物，初級狀態,中國大陸,出口總值(含復出口),551,248900
2022-07,39039010,甲基丙烯酸甲酯－丁二烯－苯乙烯（ＭＢＳ）共聚合物，初級狀態,日本,進口總值(含復進口),332,110980
2022-07,39039010,甲基丙烯酸甲酯－丁二烯－苯乙烯（ＭＢＳ）共聚合物，初級狀態,日本,出口總值(含復出口),44,14400
2022-07,39039010,甲基丙烯酸甲酯－丁二烯－苯乙烯（ＭＢＳ）共聚合物，初級狀態,比利時,出口總值(含復出口),28,9000
2022-07,39039010,甲基丙烯酸甲酯－丁二烯－苯乙烯（ＭＢＳ）共聚合物，初級狀態,印度,出口總值(含復出口),235,93000
2022-07,39039010,甲基丙烯酸甲酯－丁二烯－苯乙烯（ＭＢＳ）共聚合物，初級狀態,波蘭,出口總值(含復出口),17,6000
2022-07,39039010,甲基丙烯酸甲酯－丁二烯－苯乙烯（ＭＢＳ）共聚合物，初級狀態,法國,出口總值(含復出口),19,7000
2022-07,39039010,甲基丙烯酸甲酯－丁二烯－苯乙烯（ＭＢＳ）共聚合物，初級狀態,阿根廷,出口總值(含復出口),18,6000
2022-07,39039010,甲基丙烯酸甲酯－丁二烯－苯乙烯（ＭＢＳ）共聚合物，初級狀態,南非,出口總值(含復出口),67,24000
2022-07,39039010,甲基丙烯酸甲酯－丁二烯－苯乙烯（ＭＢＳ）共聚合物，初級狀態,美國,進口總值(含復進口),2,1
2022-07,39039010,甲基丙烯酸甲酯－丁二烯－苯乙烯（ＭＢＳ）共聚合物，初級狀態,香港,出口總值(含復出口),15,6000
2022-07,39039010,甲基丙烯酸甲酯－丁二烯－苯乙烯（ＭＢＳ）共聚合物，初級狀態,埃及,出口總值(含復出口),51,18000
2022-07,39039010,甲基丙烯酸甲酯－丁二烯－苯乙烯（ＭＢＳ）共聚合物，初級狀態,泰國,出口總值(含復出口),69,28200
2022-07,39039010,甲基丙烯酸甲酯－丁二烯－苯乙烯（ＭＢＳ）共聚合物，初級狀態,馬來西亞,進口總值(含復進口),96,29600
2022-07,39039010,甲基丙烯酸甲酯－丁二烯－苯乙烯（ＭＢＳ）共聚合物，初級狀態,馬來西亞,出口總值(含復出口),97,41000
2022-07,39039010,甲基丙烯酸甲酯－丁二烯－苯乙烯（ＭＢＳ）共聚合物，初級狀態,荷蘭,出口總值(含復出口),124,49200
2022-07,39039010,甲基丙烯酸甲酯－丁二烯－苯乙烯（ＭＢＳ）共聚合物，初級狀態,斯洛維尼亞,出口總值(含復出口),21,8000
2022-07,39039010,甲基丙烯酸甲酯－丁二烯－苯乙烯（ＭＢＳ）共聚合物，初級狀態,菲律賓,出口總值(含復出口),18,6750
2022-07,39039010,甲基丙烯酸甲酯－丁二烯－苯乙烯（ＭＢＳ）共聚合物，初級狀態,越南,出口總值(含復出口),80,31000
2022-07,39039010,甲基丙烯酸甲酯－丁二烯－苯乙烯（ＭＢＳ）共聚合物，初級狀態,義大利,出口總值(含復出口),191,76000
2022-07,39039010,甲基丙烯酸甲酯－丁二烯－苯乙烯（ＭＢＳ）共聚合物，初級狀態,德國,出口總值(含復出口),125,36000
2022-07,39039010,甲基丙烯酸甲酯－丁二烯－苯乙烯（ＭＢＳ）共聚合物，初級狀態,澳大利亞,出口總值(含復出口),37,11400
2022-07,39052100,醋酸乙烯共聚合物水性分散液,中國大陸,進口總值(含復進口),3,800
2022-07,39052100,醋酸乙烯共聚合物水性分散液,中國大陸,出口總值(含復出口),1848,1253810
2022-07,39052100,醋酸乙烯共聚合物水性分散液,中華民國,進口總值(含復進口),23,13000
2022-07,39052100,醋酸乙烯共聚合物水性分散液,巴西,出口總值(含復出口),63,40000
2022-07,39052100,醋酸乙烯共聚合物水性分散液,巴基斯坦,出口總值(含復出口),440,280000
2022-07,39052100,醋酸乙烯共聚合物水性分散液,日本,進口總值(含復進口),5,610
2022-07,39052100,醋酸乙烯共聚合物水性分散液,日本,出口總值(含復出口),173,99070
2022-07,39052100,醋酸乙烯共聚合物水性分散液,阿拉伯聯合大公國,出口總值(含復出口),43,19800
2022-07,39052100,醋酸乙烯共聚合物水性分散液,美國,進口總值(含復進口),25,14200
2022-07,39052100,醋酸乙烯共聚合物水性分散液,埃及,出口總值(含復出口),49,20240
2022-07,39052100,醋酸乙烯共聚合物水性分散液,泰國,出口總值(含復出口),29,17600
2022-07,39052100,醋酸乙烯共聚合物水性分散液,紐西蘭,出口總值(含復出口),36,20000
2022-07,39052100,醋酸乙烯共聚合物水性分散液,馬來西亞,進口總值(含復進口),135,59580
2022-07,39052100,醋酸乙烯共聚合物水性分散液,菲律賓,出口總值(含復出口),5,2700
2022-07,39052100,醋酸乙烯共聚合物水性分散液,越南,出口總值(含復出口),125,66200
2022-07,39052100,醋酸乙烯共聚合物水性分散液,義大利,進口總值(含復進口),7,2260
2022-07,39052100,醋酸乙烯共聚合物水性分散液,德國,進口總值(含復進口),50,18000
2022-07,39052100,醋酸乙烯共聚合物水性分散液,澳大利亞,出口總值(含復出口),324,217680
2022-08,29161410,甲基丙烯酸甲酯,中國大陸,進口總值(含復進口),3478,1999698
2022-08,29161410,甲基丙烯酸甲酯,中國大陸,出口總值(含復出口),6525,4001642
2022-08,29161410,甲基丙烯酸甲酯,日本,進口總值(含復進口),271,148229
2022-08,29161410,甲基丙烯酸甲酯,南韓,進口總值(含復進口),124,60000
2022-08,29161410,甲基丙烯酸甲酯,美國,進口總值(含復進口),0,3
2022-08,29161410,甲基丙烯酸甲酯,美國,出口總值(含復出口),32,15200
2022-08,29161410,甲基丙烯酸甲酯,泰國,出口總值(含復出口),32,15200
2022-08,29161410,甲基丙烯酸甲酯,馬來西亞,出口總值(含復出口),15,5015
2022-08,29161410,甲基丙烯酸甲酯,荷蘭,進口總值(含復進口),2,41
2022-08,29161410,甲基丙烯酸甲酯,菲律賓,出口總值(含復出口),400,201870
2022-08,29161410,甲基丙烯酸甲酯,越南,出口總值(含復出口),225,112370
2022-08,29161410,甲基丙烯酸甲酯,新加坡,進口總值(含復進口),120,58670
2022-08,29173300,鄰苯二甲酸二壬酯或二癸酯,中國大陸,出口總值(含復出口),2460,2007000
2022-08,29173300,鄰苯二甲酸二壬酯或二癸酯,巴西,出口總值(含復出口),57,41000
2022-08,29173300,鄰苯二甲酸二壬酯或二癸酯,日本,出口總值(含復出口),692,435000
2022-08,29173300,鄰苯二甲酸二壬酯或二癸酯,希臘,出口總值(含復出口),83,62000
2022-08,29173300,鄰苯二甲酸二壬酯或二癸酯,阿曼,出口總值(含復出口),211,125000
2022-08,29173300,鄰苯二甲酸二壬酯或二癸酯,南非,出口總值(含復出口),303,228000
2022-08,29173300,鄰苯二甲酸二壬酯或二癸酯,美國,進口總值(含復進口),0,0
2022-08,29173300,鄰苯二甲酸二壬酯或二癸酯,美國,出口總值(含復出口),2846,2005000
2022-08,29173300,鄰苯二甲酸二壬酯或二癸酯,香港,出口總值(含復出口),277,191000
2022-08,29173300,鄰苯二甲酸二壬酯或二癸酯,埃及,出口總值(含復出口),532,353000
2022-08,29173300,鄰苯二甲酸二壬酯或二癸酯,馬來西亞,出口總值(含復出口),81,61000
2022-08,29173300,鄰苯二甲酸二壬酯或二癸酯,菲律賓,出口總值(含復出口),27,20000
2022-08,29173300,鄰苯二甲酸二壬酯或二癸酯,越南,出口總值(含復出口),192,140000
2022-08,29173300,鄰苯二甲酸二壬酯或二癸酯,墨西哥,出口總值(含復出口),93,62000
2022-08,29173300,鄰苯二甲酸二壬酯或二癸酯,澳大利亞,出口總值(含復出口),27,17000
2022-08,29173300,鄰苯二甲酸二壬酯或二癸酯,羅馬尼亞,出口總值(含復出口),111,83000
2022-08,29321100,四氫?喃,中國大陸,進口總值(含復進口),0,4
2022-08,29321100,四氫?喃,中國大陸,出口總值(含復出口),458,270910
2022-08,29321100,四氫?喃,中華民國,進口總值(含復進口),8,504
2022-08,29321100,四氫?喃,日本,出口總值(含復出口),799,218810
2022-08,29321100,四氫?喃,加拿大,出口總值(含復出口),73,14400
2022-08,29321100,四氫?喃,印度,出口總值(含復出口),2805,859380
2022-08,29321100,四氫?喃,南韓,進口總值(含復進口),27,1780
2022-08,29321100,四氫?喃,南韓,出口總值(含復出口),904,332720
2022-08,29321100,四氫?喃,美國,進口總值(含復進口),6,445
2022-08,29321100,四氫?喃,美國,出口總值(含復出口),661,157950
2022-08,29321100,四氫?喃,英國,進口總值(含復進口),1,2
2022-08,29321100,四氫?喃,荷蘭,進口總值(含復進口),0,1
2022-08,29321100,四氫?喃,荷蘭,出口總值(含復出口),300,82990
2022-08,29321100,四氫?喃,越南,出口總值(含復出口),143,32350
2022-08,29321100,四氫?喃,德國,進口總值(含復進口),15,1106
2022-08,39032000,苯乙烯－丙烯?共聚合物，初級狀態,土耳其,出口總值(含復出口),38,24000
2022-08,39032000,苯乙烯－丙烯?共聚合物，初級狀態,中國大陸,進口總值(含復進口),141,72825
2022-08,39032000,苯乙烯－丙烯?共聚合物，初級狀態,中國大陸,出口總值(含復出口),8996,5823514
2022-08,39032000,苯乙烯－丙烯?共聚合物，初級狀態,厄瓜多,出口總值(含復出口),7,4000
2022-08,39032000,苯乙烯－丙烯?共聚合物，初級狀態,巴基斯坦,出口總值(含復出口),32,20000
2022-08,39032000,苯乙烯－丙烯?共聚合物，初級狀態,日本,進口總值(含復進口),80,33376
2022-08,39032000,苯乙烯－丙烯?共聚合物，初級狀態,日本,出口總值(含復出口),308,166000
2022-08,39032000,苯乙烯－丙烯?共聚合物，初級狀態,比利時,出口總值(含復出口),2,1000
2022-08,39032000,苯乙烯－丙烯?共聚合物，初級狀態,以色列,出口總值(含復出口),26,16000
2022-08,39032000,苯乙烯－丙烯?共聚合物，初級狀態,印尼,出口總值(含復出口),603,364000
2022-08,39032000,苯乙烯－丙烯?共聚合物，初級狀態,印度,出口總值(含復出口),104,73000
2022-08,39032000,苯乙烯－丙烯?共聚合物，初級狀態,阿曼,出口總值(含復出口),31,16000
2022-08,39032000,苯乙烯－丙烯?共聚合物，初級狀態,南韓,進口總值(含復進口),38,18000
2022-08,39032000,苯乙烯－丙烯?共聚合物，初級狀態,約旦,出口總值(含復出口),54,25000
2022-08,39032000,苯乙烯－丙烯?共聚合物，初級狀態,美國,進口總值(含復進口),0,0
2022-08,39032000,苯乙烯－丙烯?共聚合物，初級狀態,美國,出口總值(含復出口),35,12550
2022-08,39032000,苯乙烯－丙烯?共聚合物，初級狀態,英國,出口總值(含復出口),2,1000
2022-08,39032000,苯乙烯－丙烯?共聚合物，初級狀態,香港,出口總值(含復出口),297,179000
2022-08,39032000,苯乙烯－丙烯?共聚合物，初級狀態,哥倫比亞,出口總值(含復出口),28,13000
2022-08,39032000,苯乙烯－丙烯?共聚合物，初級狀態,埃及,出口總值(含復出口),34,16000
2022-08,39032000,苯乙烯－丙烯?共聚合物，初級狀態,泰國,進口總值(含復進口),32,20000
2022-08,39032000,苯乙烯－丙烯?共聚合物，初級狀態,泰國,出口總值(含復出口),563,303000
2022-08,39032000,苯乙烯－丙烯?共聚合物，初級狀態,紐西蘭,出口總值(含復出口),2,1000
2022-08,39032000,苯乙烯－丙烯?共聚合物，初級狀態,馬來西亞,出口總值(含復出口),132,84000
2022-08,39032000,苯乙烯－丙烯?共聚合物，初級狀態,荷蘭,出口總值(含復出口),79,36000
2022-08,39032000,苯乙烯－丙烯?共聚合物，初級狀態,菲律賓,出口總值(含復出口),197,115000
2022-08,39032000,苯乙烯－丙烯?共聚合物，初級狀態,越南,出口總值(含復出口),610,405000
2022-08,39032000,苯乙烯－丙烯?共聚合物，初級狀態,新加坡,出口總值(含復出口),4,2000
2022-08,39032000,苯乙烯－丙烯?共聚合物，初級狀態,緬甸,出口總值(含復出口),15,9000
2022-08,39032000,苯乙烯－丙烯?共聚合物，初級狀態,墨西哥,出口總值(含復出口),305,140000
2022-08,39032000,苯乙烯－丙烯?共聚合物，初級狀態,澳大利亞,出口總值(含復出口),4,2000
2022-08,39039010,甲基丙烯酸甲酯－丁二烯－苯乙烯（ＭＢＳ）共聚合物，初級狀態,中國大陸,進口總值(含復進口),7,3000
2022-08,39039010,甲基丙烯酸甲酯－丁二烯－苯乙烯（ＭＢＳ）共聚合物，初級狀態,中國大陸,出口總值(含復出口),813,358100
2022-08,39039010,甲基丙烯酸甲酯－丁二烯－苯乙烯（ＭＢＳ）共聚合物，初級狀態,日本,進口總值(含復進口),115,38730
2022-08,39039010,甲基丙烯酸甲酯－丁二烯－苯乙烯（ＭＢＳ）共聚合物，初級狀態,日本,出口總值(含復出口),17,7000
2022-08,39039010,甲基丙烯酸甲酯－丁二烯－苯乙烯（ＭＢＳ）共聚合物，初級狀態,比利時,出口總值(含復出口),15,5000
2022-08,39039010,甲基丙烯酸甲酯－丁二烯－苯乙烯（ＭＢＳ）共聚合物，初級狀態,以色列,出口總值(含復出口),5,2000
2022-08,39039010,甲基丙烯酸甲酯－丁二烯－苯乙烯（ＭＢＳ）共聚合物，初級狀態,加拿大,出口總值(含復出口),42,16000
2022-08,39039010,甲基丙烯酸甲酯－丁二烯－苯乙烯（ＭＢＳ）共聚合物，初級狀態,印尼,出口總值(含復出口),1,225
2022-08,39039010,甲基丙烯酸甲酯－丁二烯－苯乙烯（ＭＢＳ）共聚合物，初級狀態,法國,出口總值(含復出口),8,3000
2022-08,39039010,甲基丙烯酸甲酯－丁二烯－苯乙烯（ＭＢＳ）共聚合物，初級狀態,美國,進口總值(含復進口),14,4000
2022-08,39039010,甲基丙烯酸甲酯－丁二烯－苯乙烯（ＭＢＳ）共聚合物，初級狀態,美國,出口總值(含復出口),34,13000
2022-08,39039010,甲基丙烯酸甲酯－丁二烯－苯乙烯（ＭＢＳ）共聚合物，初級狀態,英國,出口總值(含復出口),81,26000
2022-08,39039010,甲基丙烯酸甲酯－丁二烯－苯乙烯（ＭＢＳ）共聚合物，初級狀態,香港,出口總值(含復出口),22,8000
2022-08,39039010,甲基丙烯酸甲酯－丁二烯－苯乙烯（ＭＢＳ）共聚合物，初級狀態,泰國,出口總值(含復出口),36,15500
2022-08,39039010,甲基丙烯酸甲酯－丁二烯－苯乙烯（ＭＢＳ）共聚合物，初級狀態,紐西蘭,出口總值(含復出口),6,2000
2022-08,39039010,甲基丙烯酸甲酯－丁二烯－苯乙烯（ＭＢＳ）共聚合物，初級狀態,馬來西亞,出口總值(含復出口),51,23000
2022-08,39039010,甲基丙烯酸甲酯－丁二烯－苯乙烯（ＭＢＳ）共聚合物，初級狀態,荷蘭,出口總值(含復出口),5,2000
2022-08,39039010,甲基丙烯酸甲酯－丁二烯－苯乙烯（ＭＢＳ）共聚合物，初級狀態,斯洛維尼亞,出口總值(含復出口),5,2000
2022-08,39039010,甲基丙烯酸甲酯－丁二烯－苯乙烯（ＭＢＳ）共聚合物，初級狀態,菲律賓,出口總值(含復出口),3,1000
2022-08,39039010,甲基丙烯酸甲酯－丁二烯－苯乙烯（ＭＢＳ）共聚合物，初級狀態,越南,出口總值(含復出口),14,5000
2022-08,39039010,甲基丙烯酸甲酯－丁二烯－苯乙烯（ＭＢＳ）共聚合物，初級狀態,新加坡,進口總值(含復進口),40,12120
2022-08,39039010,甲基丙烯酸甲酯－丁二烯－苯乙烯（ＭＢＳ）共聚合物，初級狀態,義大利,出口總值(含復出口),51,16000
2022-08,39039010,甲基丙烯酸甲酯－丁二烯－苯乙烯（ＭＢＳ）共聚合物，初級狀態,德國,出口總值(含復出口),116,36000
2022-08,39039010,甲基丙烯酸甲酯－丁二烯－苯乙烯（ＭＢＳ）共聚合物，初級狀態,墨西哥,出口總值(含復出口),95,35200
2022-08,39039010,甲基丙烯酸甲酯－丁二烯－苯乙烯（ＭＢＳ）共聚合物，初級狀態,澳大利亞,出口總值(含復出口),22,7000
2022-08,39052100,醋酸乙烯共聚合物水性分散液,中國大陸,進口總值(含復進口),14,5250
2022-08,39052100,醋酸乙烯共聚合物水性分散液,中國大陸,出口總值(含復出口),2774,2065545
2022-08,39052100,醋酸乙烯共聚合物水性分散液,巴基斯坦,出口總值(含復出口),126,80000
2022-08,39052100,醋酸乙烯共聚合物水性分散液,日本,進口總值(含復進口),5,570
2022-08,39052100,醋酸乙烯共聚合物水性分散液,日本,出口總值(含復出口),77,47590
2022-08,39052100,醋酸乙烯共聚合物水性分散液,孟加拉,出口總值(含復出口),29,17600
2022-08,39052100,醋酸乙烯共聚合物水性分散液,阿拉伯聯合大公國,出口總值(含復出口),159,99000
2022-08,39052100,醋酸乙烯共聚合物水性分散液,南韓,進口總值(含復進口),55,35400
2022-08,39052100,醋酸乙烯共聚合物水性分散液,南韓,出口總值(含復出口),14,8800
2022-08,39052100,醋酸乙烯共聚合物水性分散液,美國,出口總值(含復出口),19,19800
2022-08,39052100,醋酸乙烯共聚合物水性分散液,秘魯,出口總值(含復出口),8,5500
2022-08,39052100,醋酸乙烯共聚合物水性分散液,紐西蘭,出口總值(含復出口),70,39670
2022-08,39052100,醋酸乙烯共聚合物水性分散液,馬來西亞,進口總值(含復進口),28,11800
2022-08,39052100,醋酸乙烯共聚合物水性分散液,菲律賓,出口總值(含復出口),4,2000
2022-08,39052100,醋酸乙烯共聚合物水性分散液,越南,出口總值(含復出口),133,79200
2022-08,39052100,醋酸乙烯共聚合物水性分散液,澳大利亞,出口總值(含復出口),257,173050
2022-09,29161410,甲基丙烯酸甲酯,中國大陸,出口總值(含復出口),5268,3469642
2022-09,29161410,甲基丙烯酸甲酯,日本,進口總值(含復進口),116,63600
2022-09,29161410,甲基丙烯酸甲酯,南韓,進口總值(含復進口),83,40000
2022-09,29161410,甲基丙烯酸甲酯,美國,進口總值(含復進口),0,8
2022-09,29161410,甲基丙烯酸甲酯,越南,出口總值(含復出口),80,34200
2022-09,29161410,甲基丙烯酸甲酯,新加坡,進口總值(含復進口),300,168570
2022-09,29161410,甲基丙烯酸甲酯,德國,進口總值(含復進口),0,2
2022-09,29161410,甲基丙烯酸甲酯,澳大利亞,出口總值(含復出口),31,15200
2022-09,29173300,鄰苯二甲酸二壬酯或二癸酯,中國大陸,出口總值(含復出口),710,606000
2022-09,29173300,鄰苯二甲酸二壬酯或二癸酯,厄瓜多,出口總值(含復出口),31,17000
2022-09,29173300,鄰苯二甲酸二壬酯或二癸酯,巴西,出口總值(含復出口),53,42000
2022-09,29173300,鄰苯二甲酸二壬酯或二癸酯,日本,出口總值(含復出口),1243,874000
2022-09,29173300,鄰苯二甲酸二壬酯或二癸酯,加拿大,進口總值(含復進口),0,0
2022-09,29173300,鄰苯二甲酸二壬酯或二癸酯,印度,出口總值(含復出口),141,104000
2022-09,29173300,鄰苯二甲酸二壬酯或二癸酯,希臘,出口總值(含復出口),56,41000
2022-09,29173300,鄰苯二甲酸二壬酯或二癸酯,阿拉伯聯合大公國,出口總值(含復出口),19,21000
2022-09,29173300,鄰苯二甲酸二壬酯或二癸酯,阿曼,出口總值(含復出口),107,83000
2022-09,29173300,鄰苯二甲酸二壬酯或二癸酯,南非,出口總值(含復出口),135,104000
2022-09,29173300,鄰苯二甲酸二壬酯或二癸酯,美國,進口總值(含復進口),0,0
2022-09,29173300,鄰苯二甲酸二壬酯或二癸酯,美國,出口總值(含復出口),207,144000
2022-09,29173300,鄰苯二甲酸二壬酯或二癸酯,埃及,出口總值(含復出口),501,332000
2022-09,29173300,鄰苯二甲酸二壬酯或二癸酯,馬來西亞,出口總值(含復出口),491,392000
2022-09,29173300,鄰苯二甲酸二壬酯或二癸酯,菲律賓,出口總值(含復出口),162,122000
2022-09,29173300,鄰苯二甲酸二壬酯或二癸酯,越南,出口總值(含復出口),169,118000
2022-09,29173300,鄰苯二甲酸二壬酯或二癸酯,德國,進口總值(含復進口),0,0
2022-09,29173300,鄰苯二甲酸二壬酯或二癸酯,墨西哥,出口總值(含復出口),332,251000
2022-09,29173300,鄰苯二甲酸二壬酯或二癸酯,澳大利亞,出口總值(含復出口),162,126000
2022-09,29321100,四氫?喃,中國大陸,出口總值(含復出口),2502,1423660
2022-09,29321100,四氫?喃,日本,出口總值(含復出口),369,115780
2022-09,29321100,四氫?喃,印度,出口總值(含復出口),2095,865860
2022-09,29321100,四氫?喃,南韓,進口總值(含復進口),5,511
2022-09,29321100,四氫?喃,美國,進口總值(含復進口),42,2900
2022-09,29321100,四氫?喃,美國,出口總值(含復出口),183,53050
2022-09,29321100,四氫?喃,英國,進口總值(含復進口),0,2
2022-09,29321100,四氫?喃,英國,出口總值(含復出口),39,14400
2022-09,29321100,四氫?喃,馬來西亞,出口總值(含復出口),50,19880
2022-09,29321100,四氫?喃,荷蘭,出口總值(含復出口),502,201020
2022-09,29321100,四氫?喃,越南,出口總值(含復出口),65,18360
2022-09,29321100,四氫?喃,德國,進口總值(含復進口),8,371
2022-09,39032000,苯乙烯－丙烯?共聚合物，初級狀態,中國大陸,出口總值(含復出口),6840,4633972
2022-09,39032000,苯乙烯－丙烯?共聚合物，初級狀態,巴基斯坦,出口總值(含復出口),164,111000
2022-09,39032000,苯乙烯－丙烯?共聚合物，初級狀態,日本,進口總值(含復進口),675,208010
2022-09,39032000,苯乙烯－丙烯?共聚合物，初級狀態,日本,出口總值(含復出口),188,104600
2022-09,39032000,苯乙烯－丙烯?共聚合物，初級狀態,印尼,出口總值(含復出口),867,558100
2022-09,39032000,苯乙烯－丙烯?共聚合物，初級狀態,印度,出口總值(含復出口),48,31000
2022-09,39032000,苯乙烯－丙烯?共聚合物，初級狀態,孟加拉,出口總值(含復出口),75,40000
2022-09,39032000,苯乙烯－丙烯?共聚合物，初級狀態,波蘭,出口總值(含復出口),61,36000
2022-09,39032000,苯乙烯－丙烯?共聚合物，初級狀態,阿根廷,出口總值(含復出口),45,26000
2022-09,39032000,苯乙烯－丙烯?共聚合物，初級狀態,俄羅斯,出口總值(含復出口),34,24000
2022-09,39032000,苯乙烯－丙烯?共聚合物，初級狀態,南非,出口總值(含復出口),23,12000
2022-09,39032000,苯乙烯－丙烯?共聚合物，初級狀態,美國,出口總值(含復出口),45,21000
2022-09,39032000,苯乙烯－丙烯?共聚合物，初級狀態,英國,出口總值(含復出口),8,4000
2022-09,39032000,苯乙烯－丙烯?共聚合物，初級狀態,香港,出口總值(含復出口),232,136000
2022-09,39032000,苯乙烯－丙烯?共聚合物，初級狀態,泰國,出口總值(含復出口),512,287000
2022-09,39032000,苯乙烯－丙烯?共聚合物，初級狀態,馬來西亞,出口總值(含復出口),121,86000
2022-09,39032000,苯乙烯－丙烯?共聚合物，初級狀態,斯洛維尼亞,出口總值(含復出口),2,1000
2022-09,39032000,苯乙烯－丙烯?共聚合物，初級狀態,越南,出口總值(含復出口),757,540000
2022-09,39032000,苯乙烯－丙烯?共聚合物，初級狀態,德國,進口總值(含復進口),45,9625
2022-09,39032000,苯乙烯－丙烯?共聚合物，初級狀態,墨西哥,出口總值(含復出口),497,222000
2022-09,39032000,苯乙烯－丙烯?共聚合物，初級狀態,澳大利亞,出口總值(含復出口),6,3000
2022-09,39039010,甲基丙烯酸甲酯－丁二烯－苯乙烯（ＭＢＳ）共聚合物，初級狀態,中國大陸,出口總值(含復出口),1243,568550
2022-09,39039010,甲基丙烯酸甲酯－丁二烯－苯乙烯（ＭＢＳ）共聚合物，初級狀態,巴西,出口總值(含復出口),0,50
2022-09,39039010,甲基丙烯酸甲酯－丁二烯－苯乙烯（ＭＢＳ）共聚合物，初級狀態,日本,進口總值(含復進口),84,28800
2022-09,39039010,甲基丙烯酸甲酯－丁二烯－苯乙烯（ＭＢＳ）共聚合物，初級狀態,日本,出口總值(含復出口),29,13000
2022-09,39039010,甲基丙烯酸甲酯－丁二烯－苯乙烯（ＭＢＳ）共聚合物，初級狀態,比利時,出口總值(含復出口),9,3000
2022-09,39039010,甲基丙烯酸甲酯－丁二烯－苯乙烯（ＭＢＳ）共聚合物，初級狀態,加拿大,出口總值(含復出口),23,8000
2022-09,39039010,甲基丙烯酸甲酯－丁二烯－苯乙烯（ＭＢＳ）共聚合物，初級狀態,波蘭,進口總值(含復進口),1,100
2022-09,39039010,甲基丙烯酸甲酯－丁二烯－苯乙烯（ＭＢＳ）共聚合物，初級狀態,法國,出口總值(含復出口),5,2000
2022-09,39039010,甲基丙烯酸甲酯－丁二烯－苯乙烯（ＭＢＳ）共聚合物，初級狀態,南非,出口總值(含復出口),59,23000
2022-09,39039010,甲基丙烯酸甲酯－丁二烯－苯乙烯（ＭＢＳ）共聚合物，初級狀態,南韓,出口總值(含復出口),20,9000
2022-09,39039010,甲基丙烯酸甲酯－丁二烯－苯乙烯（ＭＢＳ）共聚合物，初級狀態,美國,出口總值(含復出口),5,2000
2022-09,39039010,甲基丙烯酸甲酯－丁二烯－苯乙烯（ＭＢＳ）共聚合物，初級狀態,英國,出口總值(含復出口),45,18000
2022-09,39039010,甲基丙烯酸甲酯－丁二烯－苯乙烯（ＭＢＳ）共聚合物，初級狀態,香港,出口總值(含復出口),22,8000
2022-09,39039010,甲基丙烯酸甲酯－丁二烯－苯乙烯（ＭＢＳ）共聚合物，初級狀態,泰國,出口總值(含復出口),15,8000
2022-09,39039010,甲基丙烯酸甲酯－丁二烯－苯乙烯（ＭＢＳ）共聚合物，初級狀態,紐西蘭,出口總值(含復出口),22,7000
2022-09,39039010,甲基丙烯酸甲酯－丁二烯－苯乙烯（ＭＢＳ）共聚合物，初級狀態,馬來西亞,進口總值(含復進口),43,19200
2022-09,39039010,甲基丙烯酸甲酯－丁二烯－苯乙烯（ＭＢＳ）共聚合物，初級狀態,馬來西亞,出口總值(含復出口),35,18000
2022-09,39039010,甲基丙烯酸甲酯－丁二烯－苯乙烯（ＭＢＳ）共聚合物，初級狀態,荷蘭,進口總值(含復進口),78,20000
2022-09,39039010,甲基丙烯酸甲酯－丁二烯－苯乙烯（ＭＢＳ）共聚合物，初級狀態,荷蘭,出口總值(含復出口),9,3000
2022-09,39039010,甲基丙烯酸甲酯－丁二烯－苯乙烯（ＭＢＳ）共聚合物，初級狀態,越南,出口總值(含復出口),22,10000
2022-09,39039010,甲基丙烯酸甲酯－丁二烯－苯乙烯（ＭＢＳ）共聚合物，初級狀態,新加坡,進口總值(含復進口),52,16520
2022-09,39039010,甲基丙烯酸甲酯－丁二烯－苯乙烯（ＭＢＳ）共聚合物，初級狀態,義大利,出口總值(含復出口),98,32000
2022-09,39039010,甲基丙烯酸甲酯－丁二烯－苯乙烯（ＭＢＳ）共聚合物，初級狀態,墨西哥,出口總值(含復出口),120,52800
2022-09,39039010,甲基丙烯酸甲酯－丁二烯－苯乙烯（ＭＢＳ）共聚合物，初級狀態,澳大利亞,出口總值(含復出口),43,13600
2022-09,39052100,醋酸乙烯共聚合物水性分散液,中國大陸,進口總值(含復進口),37,20900
2022-09,39052100,醋酸乙烯共聚合物水性分散液,中國大陸,出口總值(含復出口),485,411000
2022-09,39052100,醋酸乙烯共聚合物水性分散液,巴西,出口總值(含復出口),54,40000
2022-09,39052100,醋酸乙烯共聚合物水性分散液,巴基斯坦,出口總值(含復出口),56,40000
2022-09,39052100,醋酸乙烯共聚合物水性分散液,日本,出口總值(含復出口),110,75680
2022-09,39052100,醋酸乙烯共聚合物水性分散液,沙烏地阿拉伯,出口總值(含復出口),21,19800
2022-09,39052100,醋酸乙烯共聚合物水性分散液,阿拉伯聯合大公國,出口總值(含復出口),38,19800
2022-09,39052100,醋酸乙烯共聚合物水性分散液,埃及,出口總值(含復出口),83,39600
2022-09,39052100,醋酸乙烯共聚合物水性分散液,馬來西亞,進口總值(含復進口),66,28340
2022-09,39052100,醋酸乙烯共聚合物水性分散液,喬治亞,出口總值(含復出口),51,40000
2022-09,39052100,醋酸乙烯共聚合物水性分散液,越南,出口總值(含復出口),57,35600
2022-09,39052100,醋酸乙烯共聚合物水性分散液,澳大利亞,出口總值(含復出口),386,271450
2022-10,29161410,甲基丙烯酸甲酯,中國大陸,進口總值(含復進口),148,88000
2022-10,29161410,甲基丙烯酸甲酯,中國大陸,出口總值(含復出口),2079,1355228
2022-10,29161410,甲基丙烯酸甲酯,日本,進口總值(含復進口),318,211830
2022-10,29161410,甲基丙烯酸甲酯,印度,出口總值(含復出口),156,91200
2022-10,29161410,甲基丙烯酸甲酯,美國,進口總值(含復進口),1779,791168
2022-10,29161410,甲基丙烯酸甲酯,菲律賓,出口總值(含復出口),488,301240
2022-10,29161410,甲基丙烯酸甲酯,越南,出口總值(含復出口),643,407550
2022-10,29161410,甲基丙烯酸甲酯,新加坡,進口總值(含復進口),96,58870
2022-10,29161410,甲基丙烯酸甲酯,瑞士,進口總值(含復進口),0,22
2022-10,29161410,甲基丙烯酸甲酯,德國,進口總值(含復進口),0,0
2022-10,29173300,鄰苯二甲酸二壬酯或二癸酯,中國大陸,出口總值(含復出口),4223,3449000
2022-10,29173300,鄰苯二甲酸二壬酯或二癸酯,巴西,出口總值(含復出口),293,204000
2022-10,29173300,鄰苯二甲酸二壬酯或二癸酯,日本,出口總值(含復出口),1051,746000
2022-10,29173300,鄰苯二甲酸二壬酯或二癸酯,加拿大,進口總值(含復進口),0,0
2022-10,29173300,鄰苯二甲酸二壬酯或二癸酯,印度,出口總值(含復出口),558,416000
2022-10,29173300,鄰苯二甲酸二壬酯或二癸酯,阿拉伯聯合大公國,出口總值(含復出口),209,167000
2022-10,29173300,鄰苯二甲酸二壬酯或二癸酯,阿曼,出口總值(含復出口),158,126000
2022-10,29173300,鄰苯二甲酸二壬酯或二癸酯,南非,出口總值(含復出口),289,207000
2022-10,29173300,鄰苯二甲酸二壬酯或二癸酯,美國,進口總值(含復進口),0,0
2022-10,29173300,鄰苯二甲酸二壬酯或二癸酯,美國,出口總值(含復出口),199,138000
2022-10,29173300,鄰苯二甲酸二壬酯或二癸酯,馬來西亞,出口總值(含復出口),675,515000
2022-10,29173300,鄰苯二甲酸二壬酯或二癸酯,菲律賓,出口總值(含復出口),174,124000
2022-10,29173300,鄰苯二甲酸二壬酯或二癸酯,象牙海岸,出口總值(含復出口),564,411000
2022-10,29173300,鄰苯二甲酸二壬酯或二癸酯,越南,出口總值(含復出口),146,105000
2022-10,29173300,鄰苯二甲酸二壬酯或二癸酯,德國,進口總值(含復進口),0,0
2022-10,29173300,鄰苯二甲酸二壬酯或二癸酯,墨西哥,出口總值(含復出口),254,186000
2022-10,29173300,鄰苯二甲酸二壬酯或二癸酯,澳大利亞,出口總值(含復出口),26,21000
2022-10,29321100,四氫?喃,中國大陸,進口總值(含復進口),0,2
2022-10,29321100,四氫?喃,中國大陸,出口總值(含復出口),4528,2238900
2022-10,29321100,四氫?喃,中華民國,進口總值(含復進口),53,3106
2022-10,29321100,四氫?喃,日本,進口總值(含復進口),0,25
2022-10,29321100,四氫?喃,日本,出口總值(含復出口),262,96710
2022-10,29321100,四氫?喃,印尼,出口總值(含復出口),96,39810
2022-10,29321100,四氫?喃,印度,出口總值(含復出口),3045,1218790
2022-10,29321100,四氫?喃,南韓,進口總值(含復進口),58,4141
2022-10,29321100,四氫?喃,南韓,出口總值(含復出口),40,14400
2022-10,29321100,四氫?喃,美國,進口總值(含復進口),21,1528
2022-10,29321100,四氫?喃,美國,出口總值(含復出口),293,97340
2022-10,29321100,四氫?喃,荷蘭,出口總值(含復出口),544,202870
2022-10,29321100,四氫?喃,越南,出口總值(含復出口),105,32760
2022-10,29321100,四氫?喃,德國,進口總值(含復進口),13,510
2022-10,39032000,苯乙烯－丙烯?共聚合物，初級狀態,中國大陸,出口總值(含復出口),9112,6144600
2022-10,39032000,苯乙烯－丙烯?共聚合物，初級狀態,巴西,出口總值(含復出口),42,20000
2022-10,39032000,苯乙烯－丙烯?共聚合物，初級狀態,巴基斯坦,出口總值(含復出口),167,112500
2022-10,39032000,苯乙烯－丙烯?共聚合物，初級狀態,日本,進口總值(含復進口),283,136469
2022-10,39032000,苯乙烯－丙烯?共聚合物，初級狀態,日本,出口總值(含復出口),69,42000
2022-10,39032000,苯乙烯－丙烯?共聚合物，初級狀態,比利時,出口總值(含復出口),6,3000
2022-10,39032000,苯乙烯－丙烯?共聚合物，初級狀態,以色列,出口總值(含復出口),6,3000
2022-10,39032000,苯乙烯－丙烯?共聚合物，初級狀態,印尼,出口總值(含復出口),565,373000
2022-10,39032000,苯乙烯－丙烯?共聚合物，初級狀態,印度,出口總值(含復出口),105,76000
2022-10,39032000,苯乙烯－丙烯?共聚合物，初級狀態,希臘,出口總值(含復出口),6,4000
2022-10,39032000,苯乙烯－丙烯?共聚合物，初級狀態,孟加拉,出口總值(含復出口),12,9500
2022-10,39032000,苯乙烯－丙烯?共聚合物，初級狀態,波蘭,出口總值(含復出口),67,40000
2022-10,39032000,苯乙烯－丙烯?共聚合物，初級狀態,俄羅斯,出口總值(含復出口),51,37000
2022-10,39032000,苯乙烯－丙烯?共聚合物，初級狀態,南非,出口總值(含復出口),14,8000
2022-10,39032000,苯乙烯－丙烯?共聚合物，初級狀態,南韓,進口總值(含復進口),100,62000
2022-10,39032000,苯乙烯－丙烯?共聚合物，初級狀態,突尼西亞,出口總值(含復出口),35,18000
2022-10,39032000,苯乙烯－丙烯?共聚合物，初級狀態,美國,進口總值(含復進口),4,726
2022-10,39032000,苯乙烯－丙烯?共聚合物，初級狀態,美國,出口總值(含復出口),157,79000
2022-10,39032000,苯乙烯－丙烯?共聚合物，初級狀態,英國,出口總值(含復出口),2,1000
2022-10,39032000,苯乙烯－丙烯?共聚合物，初級狀態,香港,出口總值(含復出口),342,200375
2022-10,39032000,苯乙烯－丙烯?共聚合物，初級狀態,哥倫比亞,出口總值(含復出口),56,28000
2022-10,39032000,苯乙烯－丙烯?共聚合物，初級狀態,埃及,出口總值(含復出口),123,60000
2022-10,39032000,苯乙烯－丙烯?共聚合物，初級狀態,泰國,進口總值(含復進口),61,38000
2022-10,39032000,苯乙烯－丙烯?共聚合物，初級狀態,泰國,出口總值(含復出口),729,422000
2022-10,39032000,苯乙烯－丙烯?共聚合物，初級狀態,秘魯,出口總值(含復出口),0,100
2022-10,39032000,苯乙烯－丙烯?共聚合物，初級狀態,馬來西亞,進口總值(含復進口),31,10000
2022-10,39032000,苯乙烯－丙烯?共聚合物，初級狀態,馬來西亞,出口總值(含復出口),100,69000
2022-10,39032000,苯乙烯－丙烯?共聚合物，初級狀態,荷蘭,出口總值(含復出口),41,19000
2022-10,39032000,苯乙烯－丙烯?共聚合物，初級狀態,斯洛維尼亞,出口總值(含復出口),46,24000
2022-10,39032000,苯乙烯－丙烯?共聚合物，初級狀態,菲律賓,出口總值(含復出口),12,7500
2022-10,39032000,苯乙烯－丙烯?共聚合物，初級狀態,越南,出口總值(含復出口),382,283000
2022-10,39032000,苯乙烯－丙烯?共聚合物，初級狀態,新加坡,出口總值(含復出口),2,1000
2022-10,39032000,苯乙烯－丙烯?共聚合物，初級狀態,緬甸,出口總值(含復出口),15,9000
2022-10,39032000,苯乙烯－丙烯?共聚合物，初級狀態,墨西哥,出口總值(含復出口),274,121200
2022-10,39032000,苯乙烯－丙烯?共聚合物，初級狀態,澳大利亞,出口總值(含復出口),6,3000
2022-10,39039010,甲基丙烯酸甲酯－丁二烯－苯乙烯（ＭＢＳ）共聚合物，初級狀態,中國大陸,進口總值(含復進口),10,5000
2022-10,39039010,甲基丙烯酸甲酯－丁二烯－苯乙烯（ＭＢＳ）共聚合物，初級狀態,中國大陸,出口總值(含復出口),1137,529600
2022-10,39039010,甲基丙烯酸甲酯－丁二烯－苯乙烯（ＭＢＳ）共聚合物，初級狀態,日本,進口總值(含復進口),38,19180
2022-10,39039010,甲基丙烯酸甲酯－丁二烯－苯乙烯（ＭＢＳ）共聚合物，初級狀態,日本,出口總值(含復出口),76,33025
2022-10,39039010,甲基丙烯酸甲酯－丁二烯－苯乙烯（ＭＢＳ）共聚合物，初級狀態,波蘭,出口總值(含復出口),57,24000
2022-10,39039010,甲基丙烯酸甲酯－丁二烯－苯乙烯（ＭＢＳ）共聚合物，初級狀態,法國,出口總值(含復出口),44,18000
2022-10,39039010,甲基丙烯酸甲酯－丁二烯－苯乙烯（ＭＢＳ）共聚合物，初級狀態,阿拉伯聯合大公國,出口總值(含復出口),23,11000
2022-10,39039010,甲基丙烯酸甲酯－丁二烯－苯乙烯（ＭＢＳ）共聚合物，初級狀態,南非,出口總值(含復出口),21,8000
2022-10,39039010,甲基丙烯酸甲酯－丁二烯－苯乙烯（ＭＢＳ）共聚合物，初級狀態,南韓,進口總值(含復進口),45,20000
2022-10,39039010,甲基丙烯酸甲酯－丁二烯－苯乙烯（ＭＢＳ）共聚合物，初級狀態,南韓,出口總值(含復出口),11,6000
2022-10,39039010,甲基丙烯酸甲酯－丁二烯－苯乙烯（ＭＢＳ）共聚合物，初級狀態,美國,出口總值(含復出口),310,123600
2022-10,39039010,甲基丙烯酸甲酯－丁二烯－苯乙烯（ＭＢＳ）共聚合物，初級狀態,英國,出口總值(含復出口),103,43875
2022-10,39039010,甲基丙烯酸甲酯－丁二烯－苯乙烯（ＭＢＳ）共聚合物，初級狀態,香港,出口總值(含復出口),55,23000
2022-10,39039010,甲基丙烯酸甲酯－丁二烯－苯乙烯（ＭＢＳ）共聚合物，初級狀態,泰國,出口總值(含復出口),15,7600
2022-10,39039010,甲基丙烯酸甲酯－丁二烯－苯乙烯（ＭＢＳ）共聚合物，初級狀態,紐西蘭,出口總值(含復出口),3,750
2022-10,39039010,甲基丙烯酸甲酯－丁二烯－苯乙烯（ＭＢＳ）共聚合物，初級狀態,馬來西亞,進口總值(含復進口),174,58000
2022-10,39039010,甲基丙烯酸甲酯－丁二烯－苯乙烯（ＭＢＳ）共聚合物，初級狀態,馬來西亞,出口總值(含復出口),20,10000
2022-10,39039010,甲基丙烯酸甲酯－丁二烯－苯乙烯（ＭＢＳ）共聚合物，初級狀態,荷蘭,出口總值(含復出口),48,18375
2022-10,39039010,甲基丙烯酸甲酯－丁二烯－苯乙烯（ＭＢＳ）共聚合物，初級狀態,菲律賓,出口總值(含復出口),47,21800
2022-10,39039010,甲基丙烯酸甲酯－丁二烯－苯乙烯（ＭＢＳ）共聚合物，初級狀態,越南,出口總值(含復出口),73,28000
2022-10,39039010,甲基丙烯酸甲酯－丁二烯－苯乙烯（ＭＢＳ）共聚合物，初級狀態,新加坡,進口總值(含復進口),19,5760
2022-10,39039010,甲基丙烯酸甲酯－丁二烯－苯乙烯（ＭＢＳ）共聚合物，初級狀態,義大利,出口總值(含復出口),54,18000
2022-10,39039010,甲基丙烯酸甲酯－丁二烯－苯乙烯（ＭＢＳ）共聚合物，初級狀態,德國,出口總值(含復出口),115,36000
2022-10,39039010,甲基丙烯酸甲酯－丁二烯－苯乙烯（ＭＢＳ）共聚合物，初級狀態,澳大利亞,出口總值(含復出口),6,2000
2022-10,39052100,醋酸乙烯共聚合物水性分散液,中國大陸,進口總值(含復進口),34,19800
2022-10,39052100,醋酸乙烯共聚合物水性分散液,中國大陸,出口總值(含復出口),1021,1134400
2022-10,39052100,醋酸乙烯共聚合物水性分散液,巴基斯坦,出口總值(含復出口),76,60000
2022-10,39052100,醋酸乙烯共聚合物水性分散液,日本,進口總值(含復進口),5,570
2022-10,39052100,醋酸乙烯共聚合物水性分散液,日本,出口總值(含復出口),117,79220
2022-10,39052100,醋酸乙烯共聚合物水性分散液,肯亞,出口總值(含復出口),35,19600
2022-10,39052100,醋酸乙烯共聚合物水性分散液,阿拉伯聯合大公國,出口總值(含復出口),106,59530
2022-10,39052100,醋酸乙烯共聚合物水性分散液,阿根廷,出口總值(含復出口),17,20680
2022-10,39052100,醋酸乙烯共聚合物水性分散液,阿爾及利亞,出口總值(含復出口),35,20000
2022-10,39052100,醋酸乙烯共聚合物水性分散液,南韓,出口總值(含復出口),15,10560
2022-10,39052100,醋酸乙烯共聚合物水性分散液,埃及,出口總值(含復出口),74,39600
2022-10,39052100,醋酸乙烯共聚合物水性分散液,馬來西亞,進口總值(含復進口),111,58000
2022-10,39052100,醋酸乙烯共聚合物水性分散液,馬來西亞,出口總值(含復出口),46,39600
2022-10,39052100,醋酸乙烯共聚合物水性分散液,越南,出口總值(含復出口),51,35600
2022-10,39052100,醋酸乙烯共聚合物水性分散液,德國,進口總值(含復進口),23,15000
2022-10,39052100,醋酸乙烯共聚合物水性分散液,緬甸,出口總值(含復出口),29,20000
2022-10,39052100,醋酸乙烯共聚合物水性分散液,澳大利亞,出口總值(含復出口),358,258180
2022-11,29161410,甲基丙烯酸甲酯,中國大陸,進口總值(含復進口),4767,3051949
2022-11,29161410,甲基丙烯酸甲酯,中國大陸,出口總值(含復出口),5198,3346257
2022-11,29161410,甲基丙烯酸甲酯,巴基斯坦,出口總值(含復出口),1335,900000
2022-11,29161410,甲基丙烯酸甲酯,日本,進口總值(含復進口),309,212071
2022-11,29161410,甲基丙烯酸甲酯,日本,出口總值(含復出口),28,15200
2022-11,29161410,甲基丙烯酸甲酯,印度,出口總值(含復出口),106,60800
2022-11,29161410,甲基丙烯酸甲酯,孟加拉,出口總值(含復出口),100,59180
2022-11,29161410,甲基丙烯酸甲酯,法國,進口總值(含復進口),0,0
2022-11,29161410,甲基丙烯酸甲酯,南韓,進口總值(含復進口),144,80000
2022-11,29161410,甲基丙烯酸甲酯,美國,進口總值(含復進口),2,46
2022-11,29161410,甲基丙烯酸甲酯,美國,出口總值(含復出口),5,600
2022-11,29161410,甲基丙烯酸甲酯,香港,出口總值(含復出口),27,840
2022-11,29161410,甲基丙烯酸甲酯,泰國,出口總值(含復出口),49,30400
2022-11,29161410,甲基丙烯酸甲酯,馬來西亞,出口總值(含復出口),1388,1000000
2022-11,29161410,甲基丙烯酸甲酯,菲律賓,出口總值(含復出口),416,277710
2022-11,29161410,甲基丙烯酸甲酯,越南,出口總值(含復出口),310,181420
2022-11,29161410,甲基丙烯酸甲酯,新加坡,進口總值(含復進口),92,58900
2022-11,29161410,甲基丙烯酸甲酯,德國,進口總值(含復進口),13,801
2022-11,29173300,鄰苯二甲酸二壬酯或二癸酯,中國大陸,出口總值(含復出口),5119,3996000
2022-11,29173300,鄰苯二甲酸二壬酯或二癸酯,巴西,出口總值(含復出口),29,21000
2022-11,29173300,鄰苯二甲酸二壬酯或二癸酯,日本,出口總值(含復出口),1316,914000
2022-11,29173300,鄰苯二甲酸二壬酯或二癸酯,以色列,出口總值(含復出口),27,21000
2022-11,29173300,鄰苯二甲酸二壬酯或二癸酯,阿拉伯聯合大公國,出口總值(含復出口),59,64000
2022-11,29173300,鄰苯二甲酸二壬酯或二癸酯,保加利亞,進口總值(含復進口),0,0
2022-11,29173300,鄰苯二甲酸二壬酯或二癸酯,南非,出口總值(含復出口),293,206000
2022-11,29173300,鄰苯二甲酸二壬酯或二癸酯,美國,進口總值(含復進口),0,0
2022-11,29173300,鄰苯二甲酸二壬酯或二癸酯,美國,出口總值(含復出口),88,57000
2022-11,29173300,鄰苯二甲酸二壬酯或二癸酯,香港,出口總值(含復出口),140,104000
2022-11,29173300,鄰苯二甲酸二壬酯或二癸酯,泰國,出口總值(含復出口),24,16000
2022-11,29173300,鄰苯二甲酸二壬酯或二癸酯,馬來西亞,出口總值(含復出口),145,104000
2022-11,29173300,鄰苯二甲酸二壬酯或二癸酯,菲律賓,出口總值(含復出口),113,81000
2022-11,29173300,鄰苯二甲酸二壬酯或二癸酯,象牙海岸,出口總值(含復出口),576,412000
2022-11,29173300,鄰苯二甲酸二壬酯或二癸酯,越南,出口總值(含復出口),316,272000
2022-11,29173300,鄰苯二甲酸二壬酯或二癸酯,德國,出口總值(含復出口),53,34000
2022-11,29173300,鄰苯二甲酸二壬酯或二癸酯,墨西哥,出口總值(含復出口),169,127000
2022-11,29173300,鄰苯二甲酸二壬酯或二癸酯,澳大利亞,出口總值(含復出口),89,63000
2022-11,29321100,四氫?喃,中國大陸,進口總值(含復進口),13,1025
2022-11,29321100,四氫?喃,中國大陸,出口總值(含復出口),858,455940
2022-11,29321100,四氫?喃,日本,出口總值(含復出口),227,79800
2022-11,29321100,四氫?喃,印尼,出口總值(含復出口),101,39870
2022-11,29321100,四氫?喃,印度,出口總值(含復出口),2151,856270
2022-11,29321100,四氫?喃,法國,進口總值(含復進口),0,2
2022-11,29321100,四氫?喃,南韓,進口總值(含復進口),30,2492
2022-11,29321100,四氫?喃,南韓,出口總值(含復出口),1443,743840
2022-11,29321100,四氫?喃,美國,進口總值(含復進口),1156,9838
2022-11,29321100,四氫?喃,美國,出口總值(含復出口),37,14400
2022-11,29321100,四氫?喃,英國,出口總值(含復出口),42,14400
2022-11,29321100,四氫?喃,荷蘭,出口總值(含復出口),357,129330
2022-11,29321100,四氫?喃,越南,出口總值(含復出口),90,28800
2022-11,29321100,四氫?喃,德國,進口總值(含復進口),16,1104
2022-11,39032000,苯乙烯－丙烯?共聚合物，初級狀態,中國大陸,進口總值(含復進口),24,15000
2022-11,39032000,苯乙烯－丙烯?共聚合物，初級狀態,中國大陸,出口總值(含復出口),9923,6616120
2022-11,39032000,苯乙烯－丙烯?共聚合物，初級狀態,巴基斯坦,出口總值(含復出口),153,110000
2022-11,39032000,苯乙烯－丙烯?共聚合物，初級狀態,日本,進口總值(含復進口),161,55705
2022-11,39032000,苯乙烯－丙烯?共聚合物，初級狀態,日本,出口總值(含復出口),337,203625
2022-11,39032000,苯乙烯－丙烯?共聚合物，初級狀態,比利時,出口總值(含復出口),31,16000
2022-11,39032000,苯乙烯－丙烯?共聚合物，初級狀態,以色列,出口總值(含復出口),14,8000
2022-11,39032000,苯乙烯－丙烯?共聚合物，初級狀態,印尼,出口總值(含復出口),555,363000
2022-11,39032000,苯乙烯－丙烯?共聚合物，初級狀態,印度,出口總值(含復出口),334,257000
2022-11,39032000,苯乙烯－丙烯?共聚合物，初級狀態,孟加拉,出口總值(含復出口),3,2000
2022-11,39032000,苯乙烯－丙烯?共聚合物，初級狀態,波蘭,出口總值(含復出口),23,13000
2022-11,39032000,苯乙烯－丙烯?共聚合物，初級狀態,肯亞,出口總值(含復出口),24,18000
2022-11,39032000,苯乙烯－丙烯?共聚合物，初級狀態,南非,出口總值(含復出口),7,4000
2022-11,39032000,苯乙烯－丙烯?共聚合物，初級狀態,美國,出口總值(含復出口),74,40170
2022-11,39032000,苯乙烯－丙烯?共聚合物，初級狀態,英國,出口總值(含復出口),4,2000
2022-11,39032000,苯乙烯－丙烯?共聚合物，初級狀態,香港,出口總值(含復出口),231,152000
2022-11,39032000,苯乙烯－丙烯?共聚合物，初級狀態,哥倫比亞,出口總值(含復出口),87,58000
2022-11,39032000,苯乙烯－丙烯?共聚合物，初級狀態,泰國,進口總值(含復進口),51,31000
2022-11,39032000,苯乙烯－丙烯?共聚合物，初級狀態,泰國,出口總值(含復出口),3,1800
2022-11,39032000,苯乙烯－丙烯?共聚合物，初級狀態,馬來西亞,進口總值(含復進口),29,10000
2022-11,39032000,苯乙烯－丙烯?共聚合物，初級狀態,馬來西亞,出口總值(含復出口),96,68000
2022-11,39032000,苯乙烯－丙烯?共聚合物，初級狀態,荷蘭,進口總值(含復進口),3,400
2022-11,39032000,苯乙烯－丙烯?共聚合物，初級狀態,荷蘭,出口總值(含復出口),79,36000
2022-11,39032000,苯乙烯－丙烯?共聚合物，初級狀態,斯里蘭卡,出口總值(含復出口),2,1000
2022-11,39032000,苯乙烯－丙烯?共聚合物，初級狀態,菲律賓,出口總值(含復出口),36,25000
2022-11,39032000,苯乙烯－丙烯?共聚合物，初級狀態,越南,出口總值(含復出口),310,215650
2022-11,39032000,苯乙烯－丙烯?共聚合物，初級狀態,德國,進口總值(含復進口),12,2500
2022-11,39032000,苯乙烯－丙烯?共聚合物，初級狀態,黎巴嫩,出口總值(含復出口),2,1000
2022-11,39032000,苯乙烯－丙烯?共聚合物，初級狀態,墨西哥,出口總值(含復出口),452,231500
2022-11,39032000,苯乙烯－丙烯?共聚合物，初級狀態,澳大利亞,出口總值(含復出口),3,2000
2022-11,39039010,甲基丙烯酸甲酯－丁二烯－苯乙烯（ＭＢＳ）共聚合物，初級狀態,中國大陸,進口總值(含復進口),9,4400
2022-11,39039010,甲基丙烯酸甲酯－丁二烯－苯乙烯（ＭＢＳ）共聚合物，初級狀態,中國大陸,出口總值(含復出口),631,294000
2022-11,39039010,甲基丙烯酸甲酯－丁二烯－苯乙烯（ＭＢＳ）共聚合物，初級狀態,日本,進口總值(含復進口),109,38400
2022-11,39039010,甲基丙烯酸甲酯－丁二烯－苯乙烯（ＭＢＳ）共聚合物，初級狀態,日本,出口總值(含復出口),9,4000
2022-11,39039010,甲基丙烯酸甲酯－丁二烯－苯乙烯（ＭＢＳ）共聚合物，初級狀態,印尼,出口總值(含復出口),1,500
2022-11,39039010,甲基丙烯酸甲酯－丁二烯－苯乙烯（ＭＢＳ）共聚合物，初級狀態,印度,出口總值(含復出口),96,47000
2022-11,39039010,甲基丙烯酸甲酯－丁二烯－苯乙烯（ＭＢＳ）共聚合物，初級狀態,波蘭,出口總值(含復出口),9,4000
2022-11,39039010,甲基丙烯酸甲酯－丁二烯－苯乙烯（ＭＢＳ）共聚合物，初級狀態,南韓,進口總值(含復進口),45,20000
2022-11,39039010,甲基丙烯酸甲酯－丁二烯－苯乙烯（ＭＢＳ）共聚合物，初級狀態,美國,出口總值(含復出口),264,105600
2022-11,39039010,甲基丙烯酸甲酯－丁二烯－苯乙烯（ＭＢＳ）共聚合物，初級狀態,英國,出口總值(含復出口),31,10000
2022-11,39039010,甲基丙烯酸甲酯－丁二烯－苯乙烯（ＭＢＳ）共聚合物，初級狀態,香港,出口總值(含復出口),4,2000
2022-11,39039010,甲基丙烯酸甲酯－丁二烯－苯乙烯（ＭＢＳ）共聚合物，初級狀態,泰國,出口總值(含復出口),35,16500
2022-11,39039010,甲基丙烯酸甲酯－丁二烯－苯乙烯（ＭＢＳ）共聚合物，初級狀態,越南,出口總值(含復出口),29,14000
2022-11,39039010,甲基丙烯酸甲酯－丁二烯－苯乙烯（ＭＢＳ）共聚合物，初級狀態,新加坡,進口總值(含復進口),40,11520
2022-11,39039010,甲基丙烯酸甲酯－丁二烯－苯乙烯（ＭＢＳ）共聚合物，初級狀態,義大利,出口總值(含復出口),15,6000
2022-11,39039010,甲基丙烯酸甲酯－丁二烯－苯乙烯（ＭＢＳ）共聚合物，初級狀態,澳大利亞,出口總值(含復出口),16,6000
2022-11,39052100,醋酸乙烯共聚合物水性分散液,中國大陸,進口總值(含復進口),66,42680
2022-11,39052100,醋酸乙烯共聚合物水性分散液,中國大陸,出口總值(含復出口),1860,2043470
2022-11,39052100,醋酸乙烯共聚合物水性分散液,巴西,出口總值(含復出口),22,20000
2022-11,39052100,醋酸乙烯共聚合物水性分散液,巴基斯坦,出口總值(含復出口),174,160000
2022-11,39052100,醋酸乙烯共聚合物水性分散液,日本,進口總值(含復進口),5,570
2022-11,39052100,醋酸乙烯共聚合物水性分散液,日本,出口總值(含復出口),113,84060
2022-11,39052100,醋酸乙烯共聚合物水性分散液,阿拉伯聯合大公國,出口總值(含復出口),49,39600
2022-11,39052100,醋酸乙烯共聚合物水性分散液,南韓,進口總值(含復進口),24,15600
2022-11,39052100,醋酸乙烯共聚合物水性分散液,美國,出口總值(含復出口),31,19800
2022-11,39052100,醋酸乙烯共聚合物水性分散液,埃及,出口總值(含復出口),72,39600
2022-11,39052100,醋酸乙烯共聚合物水性分散液,紐西蘭,出口總值(含復出口),85,59650
2022-11,39052100,醋酸乙烯共聚合物水性分散液,馬來西亞,進口總值(含復進口),46,21060
2022-11,39052100,醋酸乙烯共聚合物水性分散液,菲律賓,出口總值(含復出口),5,3000
2022-11,39052100,醋酸乙烯共聚合物水性分散液,越南,出口總值(含復出口),43,30600
2022-11,39052100,醋酸乙烯共聚合物水性分散液,澳大利亞,出口總值(含復出口),375,281740
2022-12,29161410,甲基丙烯酸甲酯,中國大陸,進口總值(含復進口),130,88000
2022-12,29161410,甲基丙烯酸甲酯,中國大陸,出口總值(含復出口),3235,2290278
2022-12,29161410,甲基丙烯酸甲酯,日本,進口總值(含復進口),649,446019
2022-12,29161410,甲基丙烯酸甲酯,比利時,出口總值(含復出口),288,216540
2022-12,29161410,甲基丙烯酸甲酯,印度,出口總值(含復出口),212,136800
2022-12,29161410,甲基丙烯酸甲酯,南韓,進口總值(含復進口),17,248
2022-12,29161410,甲基丙烯酸甲酯,美國,進口總值(含復進口),0,0
2022-12,29161410,甲基丙烯酸甲酯,美國,出口總值(含復出口),27,2940
2022-12,29161410,甲基丙烯酸甲酯,泰國,出口總值(含復出口),61,41460
2022-12,29161410,甲基丙烯酸甲酯,馬來西亞,出口總值(含復出口),42,25480
2022-12,29161410,甲基丙烯酸甲酯,菲律賓,出口總值(含復出口),159,103490
2022-12,29161410,甲基丙烯酸甲酯,越南,出口總值(含復出口),306,203490
2022-12,29161410,甲基丙烯酸甲酯,新加坡,進口總值(含復進口),92,58710
2022-12,29161410,甲基丙烯酸甲酯,德國,進口總值(含復進口),0,2
2022-12,29161410,甲基丙烯酸甲酯,墨西哥,出口總值(含復出口),2481,2050000
2022-12,29173300,鄰苯二甲酸二壬酯或二癸酯,中國大陸,出口總值(含復出口),3988,2990000
2022-12,29173300,鄰苯二甲酸二壬酯或二癸酯,巴西,出口總值(含復出口),85,62000
2022-12,29173300,鄰苯二甲酸二壬酯或二癸酯,日本,進口總值(含復進口),0,0
2022-12,29173300,鄰苯二甲酸二壬酯或二癸酯,日本,出口總值(含復出口),709,490000
2022-12,29173300,鄰苯二甲酸二壬酯或二癸酯,以色列,出口總值(含復出口),56,42000
2022-12,29173300,鄰苯二甲酸二壬酯或二癸酯,加拿大,出口總值(含復出口),106,80000
2022-12,29173300,鄰苯二甲酸二壬酯或二癸酯,瓜地馬拉,出口總值(含復出口),27,20000
2022-12,29173300,鄰苯二甲酸二壬酯或二癸酯,阿拉伯聯合大公國,出口總值(含復出口),38,44000
2022-12,29173300,鄰苯二甲酸二壬酯或二癸酯,阿曼,出口總值(含復出口),238,188000
2022-12,29173300,鄰苯二甲酸二壬酯或二癸酯,美國,出口總值(含復出口),313,220000
2022-12,29173300,鄰苯二甲酸二壬酯或二癸酯,香港,出口總值(含復出口),110,84000
2022-12,29173300,鄰苯二甲酸二壬酯或二癸酯,泰國,出口總值(含復出口),56,42000
2022-12,29173300,鄰苯二甲酸二壬酯或二癸酯,馬來西亞,出口總值(含復出口),162,119000
2022-12,29173300,鄰苯二甲酸二壬酯或二癸酯,象牙海岸,出口總值(含復出口),665,504000
2022-12,29173300,鄰苯二甲酸二壬酯或二癸酯,越南,出口總值(含復出口),243,185000
2022-12,29173300,鄰苯二甲酸二壬酯或二癸酯,德國,進口總值(含復進口),0,0
2022-12,29173300,鄰苯二甲酸二壬酯或二癸酯,墨西哥,出口總值(含復出口),171,124000
2022-12,29321100,四氫?喃,中國大陸,出口總值(含復出口),521,427430
2022-12,29321100,四氫?喃,日本,進口總值(含復進口),0,0
2022-12,29321100,四氫?喃,日本,出口總值(含復出口),388,155320
2022-12,29321100,四氫?喃,比利時,進口總值(含復進口),0,1
2022-12,29321100,四氫?喃,比利時,出口總值(含復出口),76,28800
2022-12,29321100,四氫?喃,以色列,出口總值(含復出口),36,14400
2022-12,29321100,四氫?喃,印尼,出口總值(含復出口),53,20340
2022-12,29321100,四氫?喃,印度,出口總值(含復出口),1639,777190
2022-12,29321100,四氫?喃,西班牙,出口總值(含復出口),77,28800
2022-12,29321100,四氫?喃,南韓,出口總值(含復出口),34,14400
2022-12,29321100,四氫?喃,美國,進口總值(含復進口),0,0
2022-12,29321100,四氫?喃,美國,出口總值(含復出口),186,72840
2022-12,29321100,四氫?喃,英國,出口總值(含復出口),83,28800
2022-12,29321100,四氫?喃,荷蘭,出口總值(含復出口),1058,432620
2022-12,29321100,四氫?喃,越南,出口總值(含復出口),54,20160
2022-12,29321100,四氫?喃,德國,進口總值(含復進口),2,23
2022-12,39032000,苯乙烯－丙烯?共聚合物，初級狀態,中國大陸,進口總值(含復進口),123,62500
2022-12,39032000,苯乙烯－丙烯?共聚合物，初級狀態,中國大陸,出口總值(含復出口),9749,6923935
2022-12,39032000,苯乙烯－丙烯?共聚合物，初級狀態,巴基斯坦,出口總值(含復出口),123,91500
2022-12,39032000,苯乙烯－丙烯?共聚合物，初級狀態,日本,進口總值(含復進口),77,21241
2022-12,39032000,苯乙烯－丙烯?共聚合物，初級狀態,日本,出口總值(含復出口),147,89275
2022-12,39032000,苯乙烯－丙烯?共聚合物，初級狀態,印尼,出口總值(含復出口),266,179200
2022-12,39032000,苯乙烯－丙烯?共聚合物，初級狀態,印度,出口總值(含復出口),113,87000
2022-12,39032000,苯乙烯－丙烯?共聚合物，初級狀態,西班牙,出口總值(含復出口),15,8000
2022-12,39032000,苯乙烯－丙烯?共聚合物，初級狀態,波蘭,出口總值(含復出口),102,54000
2022-12,39032000,苯乙烯－丙烯?共聚合物，初級狀態,法國,出口總值(含復出口),7,4000
2022-12,39032000,苯乙烯－丙烯?共聚合物，初級狀態,阿拉伯聯合大公國,出口總值(含復出口),8,6000
2022-12,39032000,苯乙烯－丙烯?共聚合物，初級狀態,阿根廷,出口總值(含復出口),8,4000
2022-12,39032000,苯乙烯－丙烯?共聚合物，初級狀態,俄羅斯,出口總值(含復出口),21,12000
2022-12,39032000,苯乙烯－丙烯?共聚合物，初級狀態,南非,出口總值(含復出口),21,13000
2022-12,39032000,苯乙烯－丙烯?共聚合物，初級狀態,南韓,進口總值(含復進口),11,3000
2022-12,39032000,苯乙烯－丙烯?共聚合物，初級狀態,突尼西亞,出口總值(含復出口),48,28025
2022-12,39032000,苯乙烯－丙烯?共聚合物，初級狀態,美國,出口總值(含復出口),320,162000
2022-12,39032000,苯乙烯－丙烯?共聚合物，初級狀態,香港,出口總值(含復出口),217,142000
2022-12,39032000,苯乙烯－丙烯?共聚合物，初級狀態,哥倫比亞,出口總值(含復出口),51,27000
2022-12,39032000,苯乙烯－丙烯?共聚合物，初級狀態,埃及,出口總值(含復出口),13,10000
2022-12,39032000,苯乙烯－丙烯?共聚合物，初級狀態,泰國,出口總值(含復出口),775,447800
2022-12,39032000,苯乙烯－丙烯?共聚合物，初級狀態,秘魯,出口總值(含復出口),37,25000
2022-12,39032000,苯乙烯－丙烯?共聚合物，初級狀態,馬來西亞,出口總值(含復出口),72,50000
2022-12,39032000,苯乙烯－丙烯?共聚合物，初級狀態,荷蘭,出口總值(含復出口),119,66000
2022-12,39032000,苯乙烯－丙烯?共聚合物，初級狀態,智利,出口總值(含復出口),12,6000
2022-12,39032000,苯乙烯－丙烯?共聚合物，初級狀態,菲律賓,出口總值(含復出口),22,15000
2022-12,39032000,苯乙烯－丙烯?共聚合物，初級狀態,越南,出口總值(含復出口),145,98760
2022-12,39032000,苯乙烯－丙烯?共聚合物，初級狀態,墨西哥,出口總值(含復出口),312,159200
2022-12,39039010,甲基丙烯酸甲酯－丁二烯－苯乙烯（ＭＢＳ）共聚合物，初級狀態,中國大陸,進口總值(含復進口),6,3500
2022-12,39039010,甲基丙烯酸甲酯－丁二烯－苯乙烯（ＭＢＳ）共聚合物，初級狀態,中國大陸,出口總值(含復出口),1788,817400
2022-12,39039010,甲基丙烯酸甲酯－丁二烯－苯乙烯（ＭＢＳ）共聚合物，初級狀態,日本,進口總值(含復進口),20,7200
2022-12,39039010,甲基丙烯酸甲酯－丁二烯－苯乙烯（ＭＢＳ）共聚合物，初級狀態,日本,出口總值(含復出口),36,17000
2022-12,39039010,甲基丙烯酸甲酯－丁二烯－苯乙烯（ＭＢＳ）共聚合物，初級狀態,印度,出口總值(含復出口),87,44000
2022-12,39039010,甲基丙烯酸甲酯－丁二烯－苯乙烯（ＭＢＳ）共聚合物，初級狀態,波蘭,出口總值(含復出口),6,2000
2022-12,39039010,甲基丙烯酸甲酯－丁二烯－苯乙烯（ＭＢＳ）共聚合物，初級狀態,南韓,進口總值(含復進口),84,40000
2022-12,39039010,甲基丙烯酸甲酯－丁二烯－苯乙烯（ＭＢＳ）共聚合物，初級狀態,美國,出口總值(含復出口),344,136600
2022-12,39039010,甲基丙烯酸甲酯－丁二烯－苯乙烯（ＭＢＳ）共聚合物，初級狀態,香港,出口總值(含復出口),39,17000
2022-12,39039010,甲基丙烯酸甲酯－丁二烯－苯乙烯（ＭＢＳ）共聚合物，初級狀態,泰國,出口總值(含復出口),15,7400
2022-12,39039010,甲基丙烯酸甲酯－丁二烯－苯乙烯（ＭＢＳ）共聚合物，初級狀態,馬來西亞,進口總值(含復進口),55,20000
2022-12,39039010,甲基丙烯酸甲酯－丁二烯－苯乙烯（ＭＢＳ）共聚合物，初級狀態,馬來西亞,出口總值(含復出口),85,41500
2022-12,39039010,甲基丙烯酸甲酯－丁二烯－苯乙烯（ＭＢＳ）共聚合物，初級狀態,荷蘭,出口總值(含復出口),2,1000
2022-12,39039010,甲基丙烯酸甲酯－丁二烯－苯乙烯（ＭＢＳ）共聚合物，初級狀態,斯里蘭卡,出口總值(含復出口),13,16000
2022-12,39039010,甲基丙烯酸甲酯－丁二烯－苯乙烯（ＭＢＳ）共聚合物，初級狀態,菲律賓,出口總值(含復出口),39,11750
2022-12,39039010,甲基丙烯酸甲酯－丁二烯－苯乙烯（ＭＢＳ）共聚合物，初級狀態,越南,出口總值(含復出口),31,14000
2022-12,39039010,甲基丙烯酸甲酯－丁二烯－苯乙烯（ＭＢＳ）共聚合物，初級狀態,新加坡,進口總值(含復進口),20,5760
2022-12,39039010,甲基丙烯酸甲酯－丁二烯－苯乙烯（ＭＢＳ）共聚合物，初級狀態,義大利,出口總值(含復出口),186,68000
2022-12,39039010,甲基丙烯酸甲酯－丁二烯－苯乙烯（ＭＢＳ）共聚合物，初級狀態,墨西哥,出口總值(含復出口),128,52800
2022-12,39052100,醋酸乙烯共聚合物水性分散液,中國大陸,進口總值(含復進口),21,11661
2022-12,39052100,醋酸乙烯共聚合物水性分散液,中國大陸,出口總值(含復出口),1764,1999510
2022-12,39052100,醋酸乙烯共聚合物水性分散液,巴基斯坦,出口總值(含復出口),205,200000
2022-12,39052100,醋酸乙烯共聚合物水性分散液,日本,進口總值(含復進口),11,1180
2022-12,39052100,醋酸乙烯共聚合物水性分散液,日本,出口總值(含復出口),68,52060
2022-12,39052100,醋酸乙烯共聚合物水性分散液,阿根廷,出口總值(含復出口),72,47250
2022-12,39052100,醋酸乙烯共聚合物水性分散液,南韓,進口總值(含復進口),24,15600
2022-12,39052100,醋酸乙烯共聚合物水性分散液,南韓,出口總值(含復出口),13,8800
2022-12,39052100,醋酸乙烯共聚合物水性分散液,埃及,出口總值(含復出口),68,39600
2022-12,39052100,醋酸乙烯共聚合物水性分散液,紐西蘭,出口總值(含復出口),30,19720
2022-12,39052100,醋酸乙烯共聚合物水性分散液,馬來西亞,進口總值(含復進口),40,14840
2022-12,39052100,醋酸乙烯共聚合物水性分散液,越南,出口總值(含復出口),26,18000
2022-12,39052100,醋酸乙烯共聚合物水性分散液,新加坡,進口總值(含復進口),8,5280
2022-12,39052100,醋酸乙烯共聚合物水性分散液,澳大利亞,出口總值(含復出口),207,158760
2022-1,39069010,其他丙烯酸聚合物粒，初級狀態,土耳其,出口總值(含復出口),7530,4583000
2022-1,39069010,其他丙烯酸聚合物粒，初級狀態,中國大陸,進口總值(含復進口),1632,610569
2022-1,39069010,其他丙烯酸聚合物粒，初級狀態,中國大陸,出口總值(含復出口),21253,10110595
2022-1,39069010,其他丙烯酸聚合物粒，初級狀態,巴西,出口總值(含復出口),283,192200
2022-1,39069010,其他丙烯酸聚合物粒，初級狀態,巴基斯坦,出口總值(含復出口),67,29000
2022-1,39069010,其他丙烯酸聚合物粒，初級狀態,日本,進口總值(含復進口),570,176624
2022-1,39069010,其他丙烯酸聚合物粒，初級狀態,日本,出口總值(含復出口),195,83966
2022-1,39069010,其他丙烯酸聚合物粒，初級狀態,比利時,進口總值(含復進口),1,20
2022-1,39069010,其他丙烯酸聚合物粒，初級狀態,比利時,出口總值(含復出口),9,3000
2022-1,39069010,其他丙烯酸聚合物粒，初級狀態,以色列,出口總值(含復出口),269,178000
2022-1,39069010,其他丙烯酸聚合物粒，初級狀態,加拿大,出口總值(含復出口),68,16000
2022-1,39069010,其他丙烯酸聚合物粒，初級狀態,卡達,出口總值(含復出口),32,16000
2022-1,39069010,其他丙烯酸聚合物粒，初級狀態,白俄羅斯,出口總值(含復出口),9,2000
2022-1,39069010,其他丙烯酸聚合物粒，初級狀態,立陶宛,出口總值(含復出口),55,18000
2022-1,39069010,其他丙烯酸聚合物粒，初級狀態,印尼,出口總值(含復出口),143,33790
2022-1,39069010,其他丙烯酸聚合物粒，初級狀態,印度,出口總值(含復出口),237,74000
2022-1,39069010,其他丙烯酸聚合物粒，初級狀態,安哥拉,出口總值(含復出口),24,16000
2022-1,39069010,其他丙烯酸聚合物粒，初級狀態,西班牙,出口總值(含復出口),85,33000
2022-1,39069010,其他丙烯酸聚合物粒，初級狀態,希臘,出口總值(含復出口),274,160000
2022-1,39069010,其他丙烯酸聚合物粒，初級狀態,沙烏地阿拉伯,出口總值(含復出口),212,80000
2022-1,39069010,其他丙烯酸聚合物粒，初級狀態,坦尚尼亞,出口總值(含復出口),687,440000
2022-1,39069010,其他丙烯酸聚合物粒，初級狀態,奈及利亞,出口總值(含復出口),84,60000
2022-1,39069010,其他丙烯酸聚合物粒，初級狀態,孟加拉,出口總值(含復出口),286,97090
2022-1,39069010,其他丙烯酸聚合物粒，初級狀態,波蘭,出口總值(含復出口),232,114000
2022-1,39069010,其他丙烯酸聚合物粒，初級狀態,法國,進口總值(含復進口),60,14800
2022-1,39069010,其他丙烯酸聚合物粒，初級狀態,肯亞,出口總值(含復出口),1030,704000
2022-1,39069010,其他丙烯酸聚合物粒，初級狀態,阿拉伯聯合大公國,出口總值(含復出口),338,174400
2022-1,39069010,其他丙烯酸聚合物粒，初級狀態,阿根廷,出口總值(含復出口),1089,700000
2022-1,39069010,其他丙烯酸聚合物粒，初級狀態,南非,出口總值(含復出口),46,32000
2022-1,39069010,其他丙烯酸聚合物粒，初級狀態,南韓,進口總值(含復進口),889,412100
2022-1,39069010,其他丙烯酸聚合物粒，初級狀態,南韓,出口總值(含復出口),810,405980
2022-1,39069010,其他丙烯酸聚合物粒，初級狀態,柬埔寨,出口總值(含復出口),75,45000
2022-1,39069010,其他丙烯酸聚合物粒，初級狀態,約旦,出口總值(含復出口),609,476000
2022-1,39069010,其他丙烯酸聚合物粒，初級狀態,美國,進口總值(含復進口),859,37234
2022-1,39069010,其他丙烯酸聚合物粒，初級狀態,美國,出口總值(含復出口),936,248700
2022-1,39069010,其他丙烯酸聚合物粒，初級狀態,英國,進口總值(含復進口),19,5278
2022-1,39069010,其他丙烯酸聚合物粒，初級狀態,英國,出口總值(含復出口),58,18400
2022-1,39069010,其他丙烯酸聚合物粒，初級狀態,迦納,出口總值(含復出口),254,180000
2022-1,39069010,其他丙烯酸聚合物粒，初級狀態,香港,出口總值(含復出口),468,196750
2022-1,39069010,其他丙烯酸聚合物粒，初級狀態,哥倫比亞,出口總值(含復出口),301,181800
2022-1,39069010,其他丙烯酸聚合物粒，初級狀態,埃及,出口總值(含復出口),2056,1093000
2022-1,39069010,其他丙烯酸聚合物粒，初級狀態,泰國,出口總值(含復出口),191,72080
2022-1,39069010,其他丙烯酸聚合物粒，初級狀態,烏拉圭,出口總值(含復出口),70,48000
2022-1,39069010,其他丙烯酸聚合物粒，初級狀態,紐西蘭,出口總值(含復出口),168,59600
2022-1,39069010,其他丙烯酸聚合物粒，初級狀態,馬來西亞,進口總值(含復進口),3,587
2022-1,39069010,其他丙烯酸聚合物粒，初級狀態,馬來西亞,出口總值(含復出口),74,30000
2022-1,39069010,其他丙烯酸聚合物粒，初級狀態,馬達加斯加,出口總值(含復出口),29,14400
2022-1,39069010,其他丙烯酸聚合物粒，初級狀態,荷蘭,進口總值(含復進口),62,18125
2022-1,39069010,其他丙烯酸聚合物粒，初級狀態,荷蘭,出口總值(含復出口),43,16000
2022-1,39069010,其他丙烯酸聚合物粒，初級狀態,幾內亞,出口總值(含復出口),140,100000
2022-1,39069010,其他丙烯酸聚合物粒，初級狀態,斯洛維尼亞,出口總值(含復出口),9,3000
2022-1,39069010,其他丙烯酸聚合物粒，初級狀態,越南,出口總值(含復出口),868,446450
2022-1,39069010,其他丙烯酸聚合物粒，初級狀態,愛爾蘭,出口總值(含復出口),117,44500
2022-1,39069010,其他丙烯酸聚合物粒，初級狀態,新加坡,進口總值(含復進口),440,124400
2022-1,39069010,其他丙烯酸聚合物粒，初級狀態,新加坡,出口總值(含復出口),123,56700
2022-1,39069010,其他丙烯酸聚合物粒，初級狀態,瑞士,進口總值(含復進口),8,34
2022-1,39069010,其他丙烯酸聚合物粒，初級狀態,義大利,出口總值(含復出口),121,51000
2022-1,39069010,其他丙烯酸聚合物粒，初級狀態,葡萄牙,出口總值(含復出口),43,23800
2022-1,39069010,其他丙烯酸聚合物粒，初級狀態,德國,進口總值(含復進口),187,59255
2022-1,39069010,其他丙烯酸聚合物粒，初級狀態,墨西哥,出口總值(含復出口),1151,696000
2022-1,39069010,其他丙烯酸聚合物粒，初級狀態,澳大利亞,出口總值(含復出口),264,86560
2022-1,39071000,聚縮醛，初級狀態,土耳其,出口總值(含復出口),133,42000
2022-1,39071000,聚縮醛，初級狀態,中國大陸,進口總值(含復進口),209,46687
2022-1,39071000,聚縮醛，初級狀態,中國大陸,出口總值(含復出口),7963,3574331
2022-1,39071000,聚縮醛，初級狀態,巴西,出口總值(含復出口),56,20000
2022-1,39071000,聚縮醛，初級狀態,日本,進口總值(含復進口),526,172656
2022-1,39071000,聚縮醛，初級狀態,日本,出口總值(含復出口),397,205825
2022-1,39071000,聚縮醛，初級狀態,比利時,出口總值(含復出口),337,126000
2022-1,39071000,聚縮醛，初級狀態,印尼,出口總值(含復出口),32,15000
2022-1,39071000,聚縮醛，初級狀態,孟加拉,出口總值(含復出口),43,10000
2022-1,39071000,聚縮醛，初級狀態,俄羅斯,出口總值(含復出口),169,60000
2022-1,39071000,聚縮醛，初級狀態,南韓,進口總值(含復進口),183,68200
2022-1,39071000,聚縮醛，初級狀態,美國,進口總值(含復進口),542,124302
2022-1,39071000,聚縮醛，初級狀態,香港,出口總值(含復出口),851,287000
2022-1,39071000,聚縮醛，初級狀態,泰國,進口總值(含復進口),841,384025
2022-1,39071000,聚縮醛，初級狀態,泰國,出口總值(含復出口),23,5300
2022-1,39071000,聚縮醛，初級狀態,烏克蘭,出口總值(含復出口),48,18000
2022-1,39071000,聚縮醛，初級狀態,馬來西亞,進口總值(含復進口),0,25
2022-1,39071000,聚縮醛，初級狀態,馬來西亞,出口總值(含復出口),58,21300
2022-1,39071000,聚縮醛，初級狀態,荷蘭,進口總值(含復進口),725,138000
2022-1,39071000,聚縮醛，初級狀態,荷蘭,出口總值(含復出口),537,198000
2022-1,39071000,聚縮醛，初級狀態,越南,出口總值(含復出口),736,261500
2022-1,39071000,聚縮醛，初級狀態,新加坡,進口總值(含復進口),41,2475
2022-1,39071000,聚縮醛，初級狀態,德國,進口總值(含復進口),29,3750
2022-1,39071000,聚縮醛，初級狀態,德國,出口總值(含復出口),67,17000
2022-1,39071000,聚縮醛，初級狀態,墨西哥,出口總值(含復出口),45,16000
2022-1,39071000,聚縮醛，初級狀態,薩摩亞,出口總值(含復出口),0,12
2022-2,39069010,其他丙烯酸聚合物粒，初級狀態,土耳其,出口總值(含復出口),10187,5222800
2022-2,39069010,其他丙烯酸聚合物粒，初級狀態,中國大陸,進口總值(含復進口),859,300884
2022-2,39069010,其他丙烯酸聚合物粒，初級狀態,中國大陸,出口總值(含復出口),20226,9826765
2022-2,39069010,其他丙烯酸聚合物粒，初級狀態,巴西,出口總值(含復出口),2,1000
2022-2,39069010,其他丙烯酸聚合物粒，初級狀態,巴基斯坦,出口總值(含復出口),10,5000
2022-2,39069010,其他丙烯酸聚合物粒，初級狀態,日本,進口總值(含復進口),771,270855
2022-2,39069010,其他丙烯酸聚合物粒，初級狀態,日本,出口總值(含復出口),38,23500
2022-2,39069010,其他丙烯酸聚合物粒，初級狀態,比利時,進口總值(含復進口),26,800
2022-2,39069010,其他丙烯酸聚合物粒，初級狀態,以色列,進口總值(含復進口),53,5000
2022-2,39069010,其他丙烯酸聚合物粒，初級狀態,以色列,出口總值(含復出口),307,161000
2022-2,39069010,其他丙烯酸聚合物粒，初級狀態,加拿大,出口總值(含復出口),208,66000
2022-2,39069010,其他丙烯酸聚合物粒，初級狀態,卡達,出口總值(含復出口),69,32000
2022-2,39069010,其他丙烯酸聚合物粒，初級狀態,印尼,出口總值(含復出口),229,86764
2022-2,39069010,其他丙烯酸聚合物粒，初級狀態,印度,出口總值(含復出口),209,80820
2022-2,39069010,其他丙烯酸聚合物粒，初級狀態,西班牙,出口總值(含復出口),97,53000
2022-2,39069010,其他丙烯酸聚合物粒，初級狀態,沙烏地阿拉伯,出口總值(含復出口),256,118240
2022-2,39069010,其他丙烯酸聚合物粒，初級狀態,坦尚尼亞,出口總值(含復出口),139,100000
2022-2,39069010,其他丙烯酸聚合物粒，初級狀態,奈及利亞,出口總值(含復出口),35,20000
2022-2,39069010,其他丙烯酸聚合物粒，初級狀態,孟加拉,出口總值(含復出口),108,50010
2022-2,39069010,其他丙烯酸聚合物粒，初級狀態,波蘭,出口總值(含復出口),3,1000
2022-2,39069010,其他丙烯酸聚合物粒，初級狀態,肯亞,出口總值(含復出口),36,20000
2022-2,39069010,其他丙烯酸聚合物粒，初級狀態,阿拉伯聯合大公國,出口總值(含復出口),292,130200
2022-2,39069010,其他丙烯酸聚合物粒，初級狀態,阿根廷,出口總值(含復出口),887,576000
2022-2,39069010,其他丙烯酸聚合物粒，初級狀態,俄羅斯,出口總值(含復出口),12,4000
2022-2,39069010,其他丙烯酸聚合物粒，初級狀態,南非,出口總值(含復出口),469,236800
2022-2,39069010,其他丙烯酸聚合物粒，初級狀態,南韓,進口總值(含復進口),977,439786
2022-2,39069010,其他丙烯酸聚合物粒，初級狀態,南韓,出口總值(含復出口),404,293500
2022-2,39069010,其他丙烯酸聚合物粒，初級狀態,柬埔寨,出口總值(含復出口),37,22500
2022-2,39069010,其他丙烯酸聚合物粒，初級狀態,美國,進口總值(含復進口),303,26955
2022-2,39069010,其他丙烯酸聚合物粒，初級狀態,美國,出口總值(含復出口),1479,546412
2022-2,39069010,其他丙烯酸聚合物粒，初級狀態,英國,進口總值(含復進口),15,4500
2022-2,39069010,其他丙烯酸聚合物粒，初級狀態,英國,出口總值(含復出口),73,24000
2022-2,39069010,其他丙烯酸聚合物粒，初級狀態,迦納,出口總值(含復出口),71,40000
2022-2,39069010,其他丙烯酸聚合物粒，初級狀態,香港,出口總值(含復出口),755,347100
2022-2,39069010,其他丙烯酸聚合物粒，初級狀態,哥倫比亞,出口總值(含復出口),420,243800
2022-2,39069010,其他丙烯酸聚合物粒，初級狀態,埃及,出口總值(含復出口),1479,844000
2022-2,39069010,其他丙烯酸聚合物粒，初級狀態,泰國,出口總值(含復出口),67,25710
2022-2,39069010,其他丙烯酸聚合物粒，初級狀態,烏克蘭,出口總值(含復出口),31,16000
2022-2,39069010,其他丙烯酸聚合物粒，初級狀態,烏拉圭,出口總值(含復出口),69,48000
2022-2,39069010,其他丙烯酸聚合物粒，初級狀態,紐西蘭,出口總值(含復出口),6,2000
2022-2,39069010,其他丙烯酸聚合物粒，初級狀態,馬來西亞,出口總值(含復出口),166,64604
2022-2,39069010,其他丙烯酸聚合物粒，初級狀態,莫三比克,出口總值(含復出口),175,100000
2022-2,39069010,其他丙烯酸聚合物粒，初級狀態,荷蘭,進口總值(含復進口),62,16250
2022-2,39069010,其他丙烯酸聚合物粒，初級狀態,荷蘭,出口總值(含復出口),15,5000
2022-2,39069010,其他丙烯酸聚合物粒，初級狀態,喀麥隆,出口總值(含復出口),315,180000
2022-2,39069010,其他丙烯酸聚合物粒，初級狀態,幾內亞,出口總值(含復出口),28,16000
2022-2,39069010,其他丙烯酸聚合物粒，初級狀態,智利,出口總值(含復出口),16,5600
2022-2,39069010,其他丙烯酸聚合物粒，初級狀態,菲律賓,出口總值(含復出口),75,46240
2022-2,39069010,其他丙烯酸聚合物粒，初級狀態,越南,出口總值(含復出口),851,376878
2022-2,39069010,其他丙烯酸聚合物粒，初級狀態,塞內加爾,出口總值(含復出口),669,384000
2022-2,39069010,其他丙烯酸聚合物粒，初級狀態,新加坡,進口總值(含復進口),105,30000
2022-2,39069010,其他丙烯酸聚合物粒，初級狀態,新加坡,出口總值(含復出口),155,71400
2022-2,39069010,其他丙烯酸聚合物粒，初級狀態,瑞士,進口總值(含復進口),2,5
2022-2,39069010,其他丙烯酸聚合物粒，初級狀態,瑞典,進口總值(含復進口),3,50
2022-2,39069010,其他丙烯酸聚合物粒，初級狀態,義大利,出口總值(含復出口),354,159000
2022-2,39069010,其他丙烯酸聚合物粒，初級狀態,德國,進口總值(含復進口),43,10800
2022-2,39069010,其他丙烯酸聚合物粒，初級狀態,黎巴嫩,出口總值(含復出口),3,1600
2022-2,39069010,其他丙烯酸聚合物粒，初級狀態,墨西哥,出口總值(含復出口),5032,2952000
2022-2,39069010,其他丙烯酸聚合物粒，初級狀態,澳大利亞,出口總值(含復出口),2,800
2022-2,39071000,聚縮醛，初級狀態,土耳其,出口總值(含復出口),244,90500
2022-2,39071000,聚縮醛，初級狀態,中國大陸,進口總值(含復進口),155,15167
2022-2,39071000,聚縮醛，初級狀態,中國大陸,出口總值(含復出口),8030,3273788
2022-2,39071000,聚縮醛，初級狀態,巴西,出口總值(含復出口),54,20000
2022-2,39071000,聚縮醛，初級狀態,日本,進口總值(含復進口),574,150525
2022-2,39071000,聚縮醛，初級狀態,日本,出口總值(含復出口),432,228175
2022-2,39071000,聚縮醛，初級狀態,比利時,出口總值(含復出口),102,36000
2022-2,39071000,聚縮醛，初級狀態,印尼,出口總值(含復出口),113,38000
2022-2,39071000,聚縮醛，初級狀態,孟加拉,出口總值(含復出口),167,60000
2022-2,39071000,聚縮醛，初級狀態,俄羅斯,出口總值(含復出口),112,40000
2022-2,39071000,聚縮醛，初級狀態,南非,出口總值(含復出口),105,36000
2022-2,39071000,聚縮醛，初級狀態,南韓,進口總值(含復進口),578,232500
2022-2,39071000,聚縮醛，初級狀態,南韓,出口總值(含復出口),6,157
2022-2,39071000,聚縮醛，初級狀態,柬埔寨,出口總值(含復出口),56,20000
2022-2,39071000,聚縮醛，初級狀態,美國,進口總值(含復進口),707,197191
2022-2,39071000,聚縮醛，初級狀態,美國,出口總值(含復出口),50,18000
2022-2,39071000,聚縮醛，初級狀態,香港,出口總值(含復出口),960,323600
2022-2,39071000,聚縮醛，初級狀態,哥倫比亞,出口總值(含復出口),56,20000
2022-2,39071000,聚縮醛，初級狀態,挪威,進口總值(含復進口),0,0
2022-2,39071000,聚縮醛，初級狀態,泰國,進口總值(含復進口),775,381050
2022-2,39071000,聚縮醛，初級狀態,泰國,出口總值(含復出口),30,6800
2022-2,39071000,聚縮醛，初級狀態,烏克蘭,出口總值(含復出口),47,20000
2022-2,39071000,聚縮醛，初級狀態,馬來西亞,進口總值(含復進口),6,2000
2022-2,39071000,聚縮醛，初級狀態,馬來西亞,出口總值(含復出口),52,19000
2022-2,39071000,聚縮醛，初級狀態,荷蘭,進口總值(含復進口),643,122000
2022-2,39071000,聚縮醛，初級狀態,荷蘭,出口總值(含復出口),152,54000
2022-2,39071000,聚縮醛，初級狀態,斯洛維尼亞,出口總值(含復出口),341,126000
2022-2,39071000,聚縮醛，初級狀態,菲律賓,出口總值(含復出口),21,8000
2022-2,39071000,聚縮醛，初級狀態,越南,出口總值(含復出口),1065,396625
2022-2,39071000,聚縮醛，初級狀態,義大利,出口總值(含復出口),432,162000
2022-2,39071000,聚縮醛，初級狀態,墨西哥,進口總值(含復進口),14,1000
2022-3,39069010,其他丙烯酸聚合物粒，初級狀態,土耳其,出口總值(含復出口),7948,4102000
2022-3,39069010,其他丙烯酸聚合物粒，初級狀態,中國大陸,進口總值(含復進口),1455,578425
2022-3,39069010,其他丙烯酸聚合物粒，初級狀態,中國大陸,出口總值(含復出口),28335,13874609
2022-3,39069010,其他丙烯酸聚合物粒，初級狀態,丹麥,進口總值(含復進口),1,75
2022-3,39069010,其他丙烯酸聚合物粒，初級狀態,丹麥,出口總值(含復出口),11,4000
2022-3,39069010,其他丙烯酸聚合物粒，初級狀態,巴西,出口總值(含復出口),48,25000
2022-3,39069010,其他丙烯酸聚合物粒，初級狀態,巴林,出口總值(含復出口),13,3000
2022-3,39069010,其他丙烯酸聚合物粒，初級狀態,巴基斯坦,出口總值(含復出口),496,258800
2022-3,39069010,其他丙烯酸聚合物粒，初級狀態,日本,進口總值(含復進口),748,210700
2022-3,39069010,其他丙烯酸聚合物粒，初級狀態,日本,出口總值(含復出口),139,82225
2022-3,39069010,其他丙烯酸聚合物粒，初級狀態,比利時,進口總值(含復進口),534,1651
2022-3,39069010,其他丙烯酸聚合物粒，初級狀態,比利時,出口總值(含復出口),3,1000
2022-3,39069010,其他丙烯酸聚合物粒，初級狀態,以色列,進口總值(含復進口),383,30100
2022-3,39069010,其他丙烯酸聚合物粒，初級狀態,以色列,出口總值(含復出口),310,163000
2022-3,39069010,其他丙烯酸聚合物粒，初級狀態,卡達,出口總值(含復出口),33,16000
2022-3,39069010,其他丙烯酸聚合物粒，初級狀態,印尼,出口總值(含復出口),337,97987
2022-3,39069010,其他丙烯酸聚合物粒，初級狀態,印度,進口總值(含復進口),0,0
2022-3,39069010,其他丙烯酸聚合物粒，初級狀態,印度,出口總值(含復出口),129,56250
2022-3,39069010,其他丙烯酸聚合物粒，初級狀態,西班牙,出口總值(含復出口),121,61000
2022-3,39069010,其他丙烯酸聚合物粒，初級狀態,沙烏地阿拉伯,出口總值(含復出口),531,196200
2022-3,39069010,其他丙烯酸聚合物粒，初級狀態,坦尚尼亞,出口總值(含復出口),146,77600
2022-3,39069010,其他丙烯酸聚合物粒，初級狀態,孟加拉,出口總值(含復出口),75,25770
2022-3,39069010,其他丙烯酸聚合物粒，初級狀態,波蘭,出口總值(含復出口),173,90000
2022-3,39069010,其他丙烯酸聚合物粒，初級狀態,法國,進口總值(含復進口),92,5100
2022-3,39069010,其他丙烯酸聚合物粒，初級狀態,肯亞,出口總值(含復出口),73,39200
2022-3,39069010,其他丙烯酸聚合物粒，初級狀態,阿拉伯聯合大公國,出口總值(含復出口),626,284760
2022-3,39069010,其他丙烯酸聚合物粒，初級狀態,阿根廷,出口總值(含復出口),899,576000
2022-3,39069010,其他丙烯酸聚合物粒，初級狀態,阿曼,出口總值(含復出口),32,16000
2022-3,39069010,其他丙烯酸聚合物粒，初級狀態,南非,出口總值(含復出口),476,220000
2022-3,39069010,其他丙烯酸聚合物粒，初級狀態,南韓,進口總值(含復進口),883,426100
2022-3,39069010,其他丙烯酸聚合物粒，初級狀態,南韓,出口總值(含復出口),809,457990
2022-3,39069010,其他丙烯酸聚合物粒，初級狀態,柬埔寨,出口總值(含復出口),149,91005
2022-3,39069010,其他丙烯酸聚合物粒，初級狀態,科威特,出口總值(含復出口),34,16000
2022-3,39069010,其他丙烯酸聚合物粒，初級狀態,約旦,出口總值(含復出口),87,32000
2022-3,39069010,其他丙烯酸聚合物粒，初級狀態,美國,進口總值(含復進口),1165,49002
2022-3,39069010,其他丙烯酸聚合物粒，初級狀態,美國,出口總值(含復出口),1624,545275
2022-3,39069010,其他丙烯酸聚合物粒，初級狀態,英國,出口總值(含復出口),81,28000
2022-3,39069010,其他丙烯酸聚合物粒，初級狀態,迦納,出口總值(含復出口),56,32000
2022-3,39069010,其他丙烯酸聚合物粒，初級狀態,香港,出口總值(含復出口),353,161000
2022-3,39069010,其他丙烯酸聚合物粒，初級狀態,哥倫比亞,出口總值(含復出口),494,306400
2022-3,39069010,其他丙烯酸聚合物粒，初級狀態,埃及,出口總值(含復出口),874,484000
2022-3,39069010,其他丙烯酸聚合物粒，初級狀態,泰國,進口總值(含復進口),102,14400
2022-3,39069010,其他丙烯酸聚合物粒，初級狀態,泰國,出口總值(含復出口),400,159240
2022-3,39069010,其他丙烯酸聚合物粒，初級狀態,烏拉圭,出口總值(含復出口),69,48000
2022-3,39069010,其他丙烯酸聚合物粒，初級狀態,紐西蘭,出口總值(含復出口),92,35000
2022-3,39069010,其他丙烯酸聚合物粒，初級狀態,馬來西亞,出口總值(含復出口),299,102466
2022-3,39069010,其他丙烯酸聚合物粒，初級狀態,莫三比克,出口總值(含復出口),293,168000
2022-3,39069010,其他丙烯酸聚合物粒，初級狀態,荷蘭,進口總值(含復進口),62,21000
2022-3,39069010,其他丙烯酸聚合物粒，初級狀態,荷蘭,出口總值(含復出口),49,18000
2022-3,39069010,其他丙烯酸聚合物粒，初級狀態,喀麥隆,出口總值(含復出口),209,120000
2022-3,39069010,其他丙烯酸聚合物粒，初級狀態,幾內亞,出口總值(含復出口),208,120000
2022-3,39069010,其他丙烯酸聚合物粒，初級狀態,斯洛維尼亞,出口總值(含復出口),198,74000
2022-3,39069010,其他丙烯酸聚合物粒，初級狀態,菲律賓,出口總值(含復出口),95,46800
2022-3,39069010,其他丙烯酸聚合物粒，初級狀態,越南,出口總值(含復出口),1057,514480
2022-3,39069010,其他丙烯酸聚合物粒，初級狀態,愛爾蘭,出口總值(含復出口),114,45180
2022-3,39069010,其他丙烯酸聚合物粒，初級狀態,新加坡,進口總值(含復進口),203,62600
2022-3,39069010,其他丙烯酸聚合物粒，初級狀態,新加坡,出口總值(含復出口),220,102400
2022-3,39069010,其他丙烯酸聚合物粒，初級狀態,瑞士,進口總值(含復進口),20,67
2022-3,39069010,其他丙烯酸聚合物粒，初級狀態,瑞典,進口總值(含復進口),14,137
2022-3,39069010,其他丙烯酸聚合物粒，初級狀態,瑞典,出口總值(含復出口),22,8000
2022-3,39069010,其他丙烯酸聚合物粒，初級狀態,義大利,出口總值(含復出口),380,192000
2022-3,39069010,其他丙烯酸聚合物粒，初級狀態,德國,進口總值(含復進口),24,2309
2022-3,39069010,其他丙烯酸聚合物粒，初級狀態,德國,出口總值(含復出口),4,1050
2022-3,39069010,其他丙烯酸聚合物粒，初級狀態,模里西斯,出口總值(含復出口),7,3600
2022-3,39069010,其他丙烯酸聚合物粒，初級狀態,黎巴嫩,出口總值(含復出口),64,32000
2022-3,39069010,其他丙烯酸聚合物粒，初級狀態,墨西哥,出口總值(含復出口),1975,1128000
2022-3,39069010,其他丙烯酸聚合物粒，初級狀態,澳大利亞,出口總值(含復出口),121,38800
2022-3,39071000,聚縮醛，初級狀態,土耳其,出口總值(含復出口),289,108000
2022-3,39071000,聚縮醛，初級狀態,中國大陸,進口總值(含復進口),323,70165
2022-3,39071000,聚縮醛，初級狀態,中國大陸,出口總值(含復出口),10396,4066603
2022-3,39071000,聚縮醛，初級狀態,中華民國,進口總值(含復進口),8,3475
2022-3,39071000,聚縮醛，初級狀態,巴西,出口總值(含復出口),54,20000
2022-3,39071000,聚縮醛，初級狀態,巴基斯坦,出口總值(含復出口),130,44000
2022-3,39071000,聚縮醛，初級狀態,日本,進口總值(含復進口),504,128159
2022-3,39071000,聚縮醛，初級狀態,日本,出口總值(含復出口),343,183000
2022-3,39071000,聚縮醛，初級狀態,比利時,出口總值(含復出口),907,324000
2022-3,39071000,聚縮醛，初級狀態,以色列,出口總值(含復出口),100,36000
2022-3,39071000,聚縮醛，初級狀態,伊朗,出口總值(含復出口),7,2000
2022-3,39071000,聚縮醛，初級狀態,印尼,出口總值(含復出口),81,29000
2022-3,39071000,聚縮醛，初級狀態,印度,進口總值(含復進口),18,5000
2022-3,39071000,聚縮醛，初級狀態,孟加拉,出口總值(含復出口),54,20000
2022-3,39071000,聚縮醛，初級狀態,芬蘭,出口總值(含復出口),50,18000
2022-3,39071000,聚縮醛，初級狀態,阿拉伯聯合大公國,出口總值(含復出口),118,37000
2022-3,39071000,聚縮醛，初級狀態,南韓,進口總值(含復進口),470,174950
2022-3,39071000,聚縮醛，初級狀態,南韓,出口總值(含復出口),3,1000
2022-3,39071000,聚縮醛，初級狀態,美國,進口總值(含復進口),1006,245000
2022-3,39071000,聚縮醛，初級狀態,香港,進口總值(含復進口),9,4800
2022-3,39071000,聚縮醛，初級狀態,香港,出口總值(含復出口),1097,364075
2022-3,39071000,聚縮醛，初級狀態,挪威,進口總值(含復進口),0,0
2022-3,39071000,聚縮醛，初級狀態,泰國,進口總值(含復進口),731,310000
2022-3,39071000,聚縮醛，初級狀態,泰國,出口總值(含復出口),68,16175
2022-3,39071000,聚縮醛，初級狀態,馬來西亞,進口總值(含復進口),9,3000
2022-3,39071000,聚縮醛，初級狀態,馬來西亞,出口總值(含復出口),114,42000
2022-3,39071000,聚縮醛，初級狀態,荷蘭,進口總值(含復進口),550,104500
2022-3,39071000,聚縮醛，初級狀態,荷蘭,出口總值(含復出口),303,108000
2022-3,39071000,聚縮醛，初級狀態,越南,出口總值(含復出口),1099,398605
2022-3,39071000,聚縮醛，初級狀態,新加坡,進口總值(含復進口),50,3557
2022-3,39071000,聚縮醛，初級狀態,義大利,出口總值(含復出口),150,54000
2022-3,39071000,聚縮醛，初級狀態,葡萄牙,出口總值(含復出口),51,18000
2022-3,39071000,聚縮醛，初級狀態,德國,出口總值(含復出口),377,128000
2022-4,39069010,其他丙烯酸聚合物粒，初級狀態,土耳其,出口總值(含復出口),8481,4161800
2022-4,39069010,其他丙烯酸聚合物粒，初級狀態,中國大陸,進口總值(含復進口),958,336580
2022-4,39069010,其他丙烯酸聚合物粒，初級狀態,中國大陸,出口總值(含復出口),23098,10907141
2022-4,39069010,其他丙烯酸聚合物粒，初級狀態,丹麥,出口總值(含復出口),28,10000
2022-4,39069010,其他丙烯酸聚合物粒，初級狀態,巴西,出口總值(含復出口),93,48200
2022-4,39069010,其他丙烯酸聚合物粒，初級狀態,巴基斯坦,出口總值(含復出口),975,498800
2022-4,39069010,其他丙烯酸聚合物粒，初級狀態,日本,進口總值(含復進口),787,278745
2022-4,39069010,其他丙烯酸聚合物粒，初級狀態,日本,出口總值(含復出口),70,45700
2022-4,39069010,其他丙烯酸聚合物粒，初級狀態,比利時,進口總值(含復進口),54,45
2022-4,39069010,其他丙烯酸聚合物粒，初級狀態,比利時,出口總值(含復出口),145,64000
2022-4,39069010,其他丙烯酸聚合物粒，初級狀態,以色列,出口總值(含復出口),317,160000
2022-4,39069010,其他丙烯酸聚合物粒，初級狀態,加拿大,出口總值(含復出口),115,35800
2022-4,39069010,其他丙烯酸聚合物粒，初級狀態,立陶宛,出口總值(含復出口),156,54000
2022-4,39069010,其他丙烯酸聚合物粒，初級狀態,印尼,出口總值(含復出口),267,102475
2022-4,39069010,其他丙烯酸聚合物粒，初級狀態,印度,出口總值(含復出口),776,315040
2022-4,39069010,其他丙烯酸聚合物粒，初級狀態,西班牙,出口總值(含復出口),90,48000
2022-4,39069010,其他丙烯酸聚合物粒，初級狀態,沙烏地阿拉伯,出口總值(含復出口),251,93600
2022-4,39069010,其他丙烯酸聚合物粒，初級狀態,坦尚尼亞,出口總值(含復出口),41,20000
2022-4,39069010,其他丙烯酸聚合物粒，初級狀態,孟加拉,出口總值(含復出口),154,68430
2022-4,39069010,其他丙烯酸聚合物粒，初級狀態,波蘭,出口總值(含復出口),390,185000
2022-4,39069010,其他丙烯酸聚合物粒，初級狀態,法國,進口總值(含復進口),5,105
2022-4,39069010,其他丙烯酸聚合物粒，初級狀態,法國,出口總值(含復出口),54,18000
2022-4,39069010,其他丙烯酸聚合物粒，初級狀態,肯亞,出口總值(含復出口),41,20000
2022-4,39069010,其他丙烯酸聚合物粒，初級狀態,阿拉伯聯合大公國,出口總值(含復出口),95,39000
2022-4,39069010,其他丙烯酸聚合物粒，初級狀態,阿根廷,出口總值(含復出口),196,120000
2022-4,39069010,其他丙烯酸聚合物粒，初級狀態,南非,出口總值(含復出口),318,136000
2022-4,39069010,其他丙烯酸聚合物粒，初級狀態,南韓,進口總值(含復進口),750,325380
2022-4,39069010,其他丙烯酸聚合物粒，初級狀態,南韓,出口總值(含復出口),477,366040
2022-4,39069010,其他丙烯酸聚合物粒，初級狀態,柬埔寨,出口總值(含復出口),128,67500
2022-4,39069010,其他丙烯酸聚合物粒，初級狀態,科威特,出口總值(含復出口),66,32000
2022-4,39069010,其他丙烯酸聚合物粒，初級狀態,突尼西亞,出口總值(含復出口),121,64000
2022-4,39069010,其他丙烯酸聚合物粒，初級狀態,約旦,出口總值(含復出口),205,119800
2022-4,39069010,其他丙烯酸聚合物粒，初級狀態,美國,進口總值(含復進口),1300,51577
2022-4,39069010,其他丙烯酸聚合物粒，初級狀態,美國,出口總值(含復出口),1382,494167
2022-4,39069010,其他丙烯酸聚合物粒，初級狀態,英國,進口總值(含復進口),3,25
2022-4,39069010,其他丙烯酸聚合物粒，初級狀態,英國,出口總值(含復出口),296,104550
2022-4,39069010,其他丙烯酸聚合物粒，初級狀態,香港,出口總值(含復出口),1016,437010
2022-4,39069010,其他丙烯酸聚合物粒，初級狀態,哥倫比亞,出口總值(含復出口),282,168400
2022-4,39069010,其他丙烯酸聚合物粒，初級狀態,埃及,出口總值(含復出口),511,272000
2022-4,39069010,其他丙烯酸聚合物粒，初級狀態,泰國,出口總值(含復出口),426,164550
2022-4,39069010,其他丙烯酸聚合物粒，初級狀態,紐西蘭,出口總值(含復出口),100,40000
2022-4,39069010,其他丙烯酸聚合物粒，初級狀態,馬來西亞,進口總值(含復進口),57,16000
2022-4,39069010,其他丙烯酸聚合物粒，初級狀態,馬來西亞,出口總值(含復出口),195,79200
2022-4,39069010,其他丙烯酸聚合物粒，初級狀態,馬達加斯加,出口總值(含復出口),33,14400
2022-4,39069010,其他丙烯酸聚合物粒，初級狀態,莫三比克,出口總值(含復出口),229,120000
2022-4,39069010,其他丙烯酸聚合物粒，初級狀態,荷蘭,進口總值(含復進口),45,15350
2022-4,39069010,其他丙烯酸聚合物粒，初級狀態,荷蘭,出口總值(含復出口),90,36600
2022-4,39069010,其他丙烯酸聚合物粒，初級狀態,幾內亞,出口總值(含復出口),240,120000
2022-4,39069010,其他丙烯酸聚合物粒，初級狀態,斯洛維尼亞,出口總值(含復出口),82,32000
2022-4,39069010,其他丙烯酸聚合物粒，初級狀態,菲律賓,出口總值(含復出口),73,36160
2022-4,39069010,其他丙烯酸聚合物粒，初級狀態,越南,出口總值(含復出口),398,170045
2022-4,39069010,其他丙烯酸聚合物粒，初級狀態,愛爾蘭,出口總值(含復出口),112,44420
2022-4,39069010,其他丙烯酸聚合物粒，初級狀態,新加坡,進口總值(含復進口),311,106040
2022-4,39069010,其他丙烯酸聚合物粒，初級狀態,新加坡,出口總值(含復出口),79,29000
2022-4,39069010,其他丙烯酸聚合物粒，初級狀態,瑞士,進口總值(含復進口),3,14
2022-4,39069010,其他丙烯酸聚合物粒，初級狀態,義大利,出口總值(含復出口),247,104000
2022-4,39069010,其他丙烯酸聚合物粒，初級狀態,德國,進口總值(含復進口),167,21301
2022-4,39069010,其他丙烯酸聚合物粒，初級狀態,緬甸,出口總值(含復出口),6,9
2022-4,39069010,其他丙烯酸聚合物粒，初級狀態,墨西哥,出口總值(含復出口),1800,1008000
2022-4,39069010,其他丙烯酸聚合物粒，初級狀態,澳大利亞,出口總值(含復出口),116,29010
2022-4,39071000,聚縮醛，初級狀態,土耳其,出口總值(含復出口),654,218500
2022-4,39071000,聚縮醛，初級狀態,中國大陸,進口總值(含復進口),6,300
2022-4,39071000,聚縮醛，初級狀態,中國大陸,出口總值(含復出口),8418,3147857
2022-4,39071000,聚縮醛，初級狀態,丹麥,出口總值(含復出口),51,18000
2022-4,39071000,聚縮醛，初級狀態,巴基斯坦,出口總值(含復出口),156,47000
2022-4,39071000,聚縮醛，初級狀態,日本,進口總值(含復進口),563,180283
2022-4,39071000,聚縮醛，初級狀態,日本,出口總值(含復出口),448,237000
2022-4,39071000,聚縮醛，初級狀態,比利時,出口總值(含復出口),207,72000
2022-4,39071000,聚縮醛，初級狀態,加拿大,出口總值(含復出口),54,18000
2022-4,39071000,聚縮醛，初級狀態,印尼,出口總值(含復出口),157,56000
2022-4,39071000,聚縮醛，初級狀態,印度,出口總值(含復出口),169,58000
2022-4,39071000,聚縮醛，初級狀態,孟加拉,出口總值(含復出口),176,57125
2022-4,39071000,聚縮醛，初級狀態,南非,出口總值(含復出口),103,36000
2022-4,39071000,聚縮醛，初級狀態,南韓,進口總值(含復進口),406,166000
2022-4,39071000,聚縮醛，初級狀態,美國,進口總值(含復進口),471,136400
2022-4,39071000,聚縮醛，初級狀態,美國,出口總值(含復出口),106,36000
2022-4,39071000,聚縮醛，初級狀態,英國,進口總值(含復進口),0,0
2022-4,39071000,聚縮醛，初級狀態,香港,出口總值(含復出口),524,182375
2022-4,39071000,聚縮醛，初級狀態,埃及,出口總值(含復出口),64,20000
2022-4,39071000,聚縮醛，初級狀態,泰國,進口總值(含復進口),331,147000
2022-4,39071000,聚縮醛，初級狀態,泰國,出口總值(含復出口),2,800
2022-4,39071000,聚縮醛，初級狀態,馬來西亞,出口總值(含復出口),530,228116
2022-4,39071000,聚縮醛，初級狀態,荷蘭,進口總值(含復進口),622,125500
2022-4,39071000,聚縮醛，初級狀態,荷蘭,出口總值(含復出口),565,198000
2022-4,39071000,聚縮醛，初級狀態,斯洛維尼亞,出口總值(含復出口),100,36000
2022-4,39071000,聚縮醛，初級狀態,菲律賓,出口總值(含復出口),10,4000
2022-4,39071000,聚縮醛，初級狀態,越南,出口總值(含復出口),1405,494895
2022-4,39071000,聚縮醛，初級狀態,新加坡,進口總值(含復進口),26,2000
2022-4,39071000,聚縮醛，初級狀態,新加坡,出口總值(含復出口),18,5625
2022-4,39071000,聚縮醛，初級狀態,義大利,出口總值(含復出口),246,90000
2022-4,39071000,聚縮醛，初級狀態,德國,進口總值(含復進口),46,6230
2022-4,39071000,聚縮醛，初級狀態,德國,出口總值(含復出口),258,90000
2022-5,39069010,其他丙烯酸聚合物粒，初級狀態,土耳其,出口總值(含復出口),13817,6421100
2022-5,39069010,其他丙烯酸聚合物粒，初級狀態,中國大陸,進口總值(含復進口),1175,431799
2022-5,39069010,其他丙烯酸聚合物粒，初級狀態,中國大陸,出口總值(含復出口),15055,6898252
2022-5,39069010,其他丙烯酸聚合物粒，初級狀態,巴西,出口總值(含復出口),98,48000
2022-5,39069010,其他丙烯酸聚合物粒，初級狀態,巴基斯坦,出口總值(含復出口),727,432000
2022-5,39069010,其他丙烯酸聚合物粒，初級狀態,日本,進口總值(含復進口),606,160089
2022-5,39069010,其他丙烯酸聚合物粒，初級狀態,日本,出口總值(含復出口),484,230000
2022-5,39069010,其他丙烯酸聚合物粒，初級狀態,比利時,出口總值(含復出口),169,80000
2022-5,39069010,其他丙烯酸聚合物粒，初級狀態,以色列,出口總值(含復出口),347,160000
2022-5,39069010,其他丙烯酸聚合物粒，初級狀態,加拿大,出口總值(含復出口),114,40600
2022-5,39069010,其他丙烯酸聚合物粒，初級狀態,立陶宛,出口總值(含復出口),282,90000
2022-5,39069010,其他丙烯酸聚合物粒，初級狀態,印尼,出口總值(含復出口),343,130444
2022-5,39069010,其他丙烯酸聚合物粒，初級狀態,印度,出口總值(含復出口),41,20500
2022-5,39069010,其他丙烯酸聚合物粒，初級狀態,安哥拉,出口總值(含復出口),514,240000
2022-5,39069010,其他丙烯酸聚合物粒，初級狀態,沙烏地阿拉伯,出口總值(含復出口),754,304640
2022-5,39069010,其他丙烯酸聚合物粒，初級狀態,坦尚尼亞,出口總值(含復出口),161,77600
2022-5,39069010,其他丙烯酸聚合物粒，初級狀態,孟加拉,出口總值(含復出口),399,164790
2022-5,39069010,其他丙烯酸聚合物粒，初級狀態,波蘭,出口總值(含復出口),26,10000
2022-5,39069010,其他丙烯酸聚合物粒，初級狀態,法國,進口總值(含復進口),101,15500
2022-5,39069010,其他丙烯酸聚合物粒，初級狀態,法國,出口總值(含復出口),55,18000
2022-5,39069010,其他丙烯酸聚合物粒，初級狀態,肯亞,出口總值(含復出口),80,39200
2022-5,39069010,其他丙烯酸聚合物粒，初級狀態,阿拉伯聯合大公國,出口總值(含復出口),249,100000
2022-5,39069010,其他丙烯酸聚合物粒，初級狀態,阿根廷,出口總值(含復出口),44,17400
2022-5,39069010,其他丙烯酸聚合物粒，初級狀態,阿曼,出口總值(含復出口),33,16000
2022-5,39069010,其他丙烯酸聚合物粒，初級狀態,南非,出口總值(含復出口),132,54000
2022-5,39069010,其他丙烯酸聚合物粒，初級狀態,南韓,進口總值(含復進口),931,406880
2022-5,39069010,其他丙烯酸聚合物粒，初級狀態,南韓,出口總值(含復出口),452,363700
2022-5,39069010,其他丙烯酸聚合物粒，初級狀態,柬埔寨,出口總值(含復出口),171,90000
2022-5,39069010,其他丙烯酸聚合物粒，初級狀態,約旦,出口總值(含復出口),132,48000
2022-5,39069010,其他丙烯酸聚合物粒，初級狀態,美國,進口總值(含復進口),1329,55999
2022-5,39069010,其他丙烯酸聚合物粒，初級狀態,美國,出口總值(含復出口),1664,359677
2022-5,39069010,其他丙烯酸聚合物粒，初級狀態,英國,出口總值(含復出口),83,25625
2022-5,39069010,其他丙烯酸聚合物粒，初級狀態,迦納,出口總值(含復出口),555,280000
2022-5,39069010,其他丙烯酸聚合物粒，初級狀態,香港,出口總值(含復出口),447,193000
2022-5,39069010,其他丙烯酸聚合物粒，初級狀態,哥倫比亞,出口總值(含復出口),552,337600
2022-5,39069010,其他丙烯酸聚合物粒，初級狀態,埃及,出口總值(含復出口),1644,805000
2022-5,39069010,其他丙烯酸聚合物粒，初級狀態,泰國,進口總值(含復進口),185,71000
2022-5,39069010,其他丙烯酸聚合物粒，初級狀態,泰國,出口總值(含復出口),149,60610
2022-5,39069010,其他丙烯酸聚合物粒，初級狀態,秘魯,出口總值(含復出口),6,1700
2022-5,39069010,其他丙烯酸聚合物粒，初級狀態,紐西蘭,出口總值(含復出口),97,39000
2022-5,39069010,其他丙烯酸聚合物粒，初級狀態,馬來西亞,進口總值(含復進口),1,192
2022-5,39069010,其他丙烯酸聚合物粒，初級狀態,馬來西亞,出口總值(含復出口),312,118875
2022-5,39069010,其他丙烯酸聚合物粒，初級狀態,荷蘭,進口總值(含復進口),88,18125
2022-5,39069010,其他丙烯酸聚合物粒，初級狀態,荷蘭,出口總值(含復出口),92,33000
2022-5,39069010,其他丙烯酸聚合物粒，初級狀態,斯洛維尼亞,出口總值(含復出口),178,67000
2022-5,39069010,其他丙烯酸聚合物粒，初級狀態,菲律賓,出口總值(含復出口),6,2000
2022-5,39069010,其他丙烯酸聚合物粒，初級狀態,越南,出口總值(含復出口),1345,587970
2022-5,39069010,其他丙烯酸聚合物粒，初級狀態,塞內加爾,出口總值(含復出口),35,20000
2022-5,39069010,其他丙烯酸聚合物粒，初級狀態,愛爾蘭,出口總值(含復出口),244,88640
2022-5,39069010,其他丙烯酸聚合物粒，初級狀態,新加坡,進口總值(含復進口),135,46000
2022-5,39069010,其他丙烯酸聚合物粒，初級狀態,新加坡,出口總值(含復出口),92,27400
2022-5,39069010,其他丙烯酸聚合物粒，初級狀態,瑞士,進口總值(含復進口),37,164
2022-5,39069010,其他丙烯酸聚合物粒，初級狀態,瑞典,出口總值(含復出口),45,16000
2022-5,39069010,其他丙烯酸聚合物粒，初級狀態,義大利,出口總值(含復出口),25,9000
2022-5,39069010,其他丙烯酸聚合物粒，初級狀態,葡萄牙,出口總值(含復出口),14,5000
2022-5,39069010,其他丙烯酸聚合物粒，初級狀態,德國,進口總值(含復進口),56,23000
2022-5,39069010,其他丙烯酸聚合物粒，初級狀態,德國,出口總值(含復出口),3,1000
2022-5,39069010,其他丙烯酸聚合物粒，初級狀態,黎巴嫩,出口總值(含復出口),3,1600
2022-5,39069010,其他丙烯酸聚合物粒，初級狀態,墨西哥,出口總值(含復出口),4337,2400000
2022-5,39069010,其他丙烯酸聚合物粒，初級狀態,澳大利亞,出口總值(含復出口),83,34360
2022-5,39071000,聚縮醛，初級狀態,土耳其,出口總值(含復出口),432,144000
2022-5,39071000,聚縮醛，初級狀態,中國大陸,進口總值(含復進口),290,77600
2022-5,39071000,聚縮醛，初級狀態,中國大陸,出口總值(含復出口),10156,4086932
2022-5,39071000,聚縮醛，初級狀態,中華民國,進口總值(含復進口),59,18000
2022-5,39071000,聚縮醛，初級狀態,日本,進口總值(含復進口),604,187823
2022-5,39071000,聚縮醛，初級狀態,日本,出口總值(含復出口),385,192000
2022-5,39071000,聚縮醛，初級狀態,比利時,出口總值(含復出口),732,252000
2022-5,39071000,聚縮醛，初級狀態,以色列,出口總值(含復出口),52,18000
2022-5,39071000,聚縮醛，初級狀態,印尼,出口總值(含復出口),159,55000
2022-5,39071000,聚縮醛，初級狀態,印度,出口總值(含復出口),53,18000
2022-5,39071000,聚縮醛，初級狀態,孟加拉,出口總值(含復出口),184,63375
2022-5,39071000,聚縮醛，初級狀態,拉脫維亞,出口總值(含復出口),55,20000
2022-5,39071000,聚縮醛，初級狀態,阿拉伯聯合大公國,出口總值(含復出口),172,53000
2022-5,39071000,聚縮醛，初級狀態,南非,出口總值(含復出口),159,54000
2022-5,39071000,聚縮醛，初級狀態,南韓,進口總值(含復進口),258,99000
2022-5,39071000,聚縮醛，初級狀態,南韓,出口總值(含復出口),75,21807
2022-5,39071000,聚縮醛，初級狀態,美國,進口總值(含復進口),1371,325523
2022-5,39071000,聚縮醛，初級狀態,美國,出口總值(含復出口),221,83000
2022-5,39071000,聚縮醛，初級狀態,英國,出口總值(含復出口),52,18000
2022-5,39071000,聚縮醛，初級狀態,香港,出口總值(含復出口),885,298950
2022-5,39071000,聚縮醛，初級狀態,泰國,進口總值(含復進口),1090,433500
2022-5,39071000,聚縮醛，初級狀態,馬來西亞,進口總值(含復進口),3,875
2022-5,39071000,聚縮醛，初級狀態,馬來西亞,出口總值(含復出口),7,3000
2022-5,39071000,聚縮醛，初級狀態,荷蘭,進口總值(含復進口),830,174000
2022-5,39071000,聚縮醛，初級狀態,荷蘭,出口總值(含復出口),371,126000
2022-5,39071000,聚縮醛，初級狀態,斯洛維尼亞,出口總值(含復出口),102,36000
2022-5,39071000,聚縮醛，初級狀態,越南,出口總值(含復出口),1630,585900
2022-5,39071000,聚縮醛，初級狀態,義大利,出口總值(含復出口),197,72000
2022-5,39071000,聚縮醛，初級狀態,德國,進口總值(含復進口),27,2000
2022-5,39071000,聚縮醛，初級狀態,德國,出口總值(含復出口),107,36000
2022-5,39071000,聚縮醛，初級狀態,墨西哥,出口總值(含復出口),56,18000
2022-6,39069010,其他丙烯酸聚合物粒，初級狀態,土耳其,出口總值(含復出口),10021,4305000
2022-6,39069010,其他丙烯酸聚合物粒，初級狀態,中國大陸,進口總值(含復進口),823,328441
2022-6,39069010,其他丙烯酸聚合物粒，初級狀態,中國大陸,出口總值(含復出口),11679,5789814
2022-6,39069010,其他丙烯酸聚合物粒，初級狀態,巴西,出口總值(含復出口),100,48200
2022-6,39069010,其他丙烯酸聚合物粒，初級狀態,巴基斯坦,出口總值(含復出口),946,528000
2022-6,39069010,其他丙烯酸聚合物粒，初級狀態,日本,進口總值(含復進口),735,200415
2022-6,39069010,其他丙烯酸聚合物粒，初級狀態,日本,出口總值(含復出口),85,40070
2022-6,39069010,其他丙烯酸聚合物粒，初級狀態,比利時,進口總值(含復進口),11,21
2022-6,39069010,其他丙烯酸聚合物粒，初級狀態,比利時,出口總值(含復出口),37,12000
2022-6,39069010,其他丙烯酸聚合物粒，初級狀態,以色列,出口總值(含復出口),597,272000
2022-6,39069010,其他丙烯酸聚合物粒，初級狀態,加拿大,出口總值(含復出口),122,38000
2022-6,39069010,其他丙烯酸聚合物粒，初級狀態,印尼,出口總值(含復出口),251,74880
2022-6,39069010,其他丙烯酸聚合物粒，初級狀態,印度,出口總值(含復出口),272,115000
2022-6,39069010,其他丙烯酸聚合物粒，初級狀態,安哥拉,出口總值(含復出口),459,212000
2022-6,39069010,其他丙烯酸聚合物粒，初級狀態,西班牙,出口總值(含復出口),75,18000
2022-6,39069010,其他丙烯酸聚合物粒，初級狀態,沙烏地阿拉伯,出口總值(含復出口),17,6000
2022-6,39069010,其他丙烯酸聚合物粒，初級狀態,坦尚尼亞,出口總值(含復出口),169,76800
2022-6,39069010,其他丙烯酸聚合物粒，初級狀態,奈及利亞,出口總值(含復出口),282,140000
2022-6,39069010,其他丙烯酸聚合物粒，初級狀態,孟加拉,出口總值(含復出口),107,55920
2022-6,39069010,其他丙烯酸聚合物粒，初級狀態,波蘭,出口總值(含復出口),125,54000
2022-6,39069010,其他丙烯酸聚合物粒，初級狀態,肯亞,出口總值(含復出口),364,180000
2022-6,39069010,其他丙烯酸聚合物粒，初級狀態,阿拉伯聯合大公國,出口總值(含復出口),1183,468800
2022-6,39069010,其他丙烯酸聚合物粒，初級狀態,俄羅斯,出口總值(含復出口),126,34000
2022-6,39069010,其他丙烯酸聚合物粒，初級狀態,南非,出口總值(含復出口),88,38000
2022-6,39069010,其他丙烯酸聚合物粒，初級狀態,南韓,進口總值(含復進口),138,63240
2022-6,39069010,其他丙烯酸聚合物粒，初級狀態,南韓,出口總值(含復出口),965,531520
2022-6,39069010,其他丙烯酸聚合物粒，初級狀態,柬埔寨,出口總值(含復出口),130,67500
2022-6,39069010,其他丙烯酸聚合物粒，初級狀態,美國,進口總值(含復進口),736,23049
2022-6,39069010,其他丙烯酸聚合物粒，初級狀態,美國,出口總值(含復出口),1532,361145
2022-6,39069010,其他丙烯酸聚合物粒，初級狀態,英國,出口總值(含復出口),48,15000
2022-6,39069010,其他丙烯酸聚合物粒，初級狀態,香港,出口總值(含復出口),651,287000
2022-6,39069010,其他丙烯酸聚合物粒，初級狀態,哥倫比亞,出口總值(含復出口),131,80400
2022-6,39069010,其他丙烯酸聚合物粒，初級狀態,埃及,出口總值(含復出口),813,343000
2022-6,39069010,其他丙烯酸聚合物粒，初級狀態,泰國,出口總值(含復出口),270,98010
2022-6,39069010,其他丙烯酸聚合物粒，初級狀態,紐西蘭,出口總值(含復出口),103,39400
2022-6,39069010,其他丙烯酸聚合物粒，初級狀態,馬來西亞,出口總值(含復出口),99,35000
2022-6,39069010,其他丙烯酸聚合物粒，初級狀態,荷蘭,出口總值(含復出口),6,2000
2022-6,39069010,其他丙烯酸聚合物粒，初級狀態,斯里蘭卡,出口總值(含復出口),4,600
2022-6,39069010,其他丙烯酸聚合物粒，初級狀態,智利,出口總值(含復出口),15,5000
2022-6,39069010,其他丙烯酸聚合物粒，初級狀態,菲律賓,出口總值(含復出口),130,51000
2022-6,39069010,其他丙烯酸聚合物粒，初級狀態,越南,出口總值(含復出口),674,275478
2022-6,39069010,其他丙烯酸聚合物粒，初級狀態,新加坡,進口總值(含復進口),215,62120
2022-6,39069010,其他丙烯酸聚合物粒，初級狀態,新加坡,出口總值(含復出口),58,20200
2022-6,39069010,其他丙烯酸聚合物粒，初級狀態,瑞士,進口總值(含復進口),15,51
2022-6,39069010,其他丙烯酸聚合物粒，初級狀態,瑞典,出口總值(含復出口),27,9000
2022-6,39069010,其他丙烯酸聚合物粒，初級狀態,義大利,進口總值(含復進口),9,680
2022-6,39069010,其他丙烯酸聚合物粒，初級狀態,義大利,出口總值(含復出口),156,55000
2022-6,39069010,其他丙烯酸聚合物粒，初級狀態,葡萄牙,出口總值(含復出口),110,47600
2022-6,39069010,其他丙烯酸聚合物粒，初級狀態,德國,進口總值(含復進口),151,52000
2022-6,39069010,其他丙烯酸聚合物粒，初級狀態,模里西斯,出口總值(含復出口),13,5800
2022-6,39069010,其他丙烯酸聚合物粒，初級狀態,墨西哥,出口總值(含復出口),3193,1748000
2022-6,39069010,其他丙烯酸聚合物粒，初級狀態,澳大利亞,出口總值(含復出口),167,46200
2022-6,39071000,聚縮醛，初級狀態,土耳其,出口總值(含復出口),481,162000
2022-6,39071000,聚縮醛，初級狀態,中國大陸,進口總值(含復進口),30,5520
2022-6,39071000,聚縮醛，初級狀態,中國大陸,出口總值(含復出口),11271,4425929
2022-6,39071000,聚縮醛，初級狀態,巴基斯坦,出口總值(含復出口),169,54000
2022-6,39071000,聚縮醛，初級狀態,日本,進口總值(含復進口),629,181367
2022-6,39071000,聚縮醛，初級狀態,日本,出口總值(含復出口),331,159725
2022-6,39071000,聚縮醛，初級狀態,比利時,出口總值(含復出口),311,108000
2022-6,39071000,聚縮醛，初級狀態,以色列,出口總值(含復出口),106,36000
2022-6,39071000,聚縮醛，初級狀態,加拿大,出口總值(含復出口),55,18000
2022-6,39071000,聚縮醛，初級狀態,伊朗,出口總值(含復出口),19,5000
2022-6,39071000,聚縮醛，初級狀態,印尼,出口總值(含復出口),132,47000
2022-6,39071000,聚縮醛，初級狀態,印度,出口總值(含復出口),230,78000
2022-6,39071000,聚縮醛，初級狀態,西班牙,出口總值(含復出口),106,36000
2022-6,39071000,聚縮醛，初級狀態,孟加拉,出口總值(含復出口),237,80000
2022-6,39071000,聚縮醛，初級狀態,南非,出口總值(含復出口),53,18000
2022-6,39071000,聚縮醛，初級狀態,南韓,進口總值(含復進口),186,74000
2022-6,39071000,聚縮醛，初級狀態,南韓,出口總值(含復出口),52,18000
2022-6,39071000,聚縮醛，初級狀態,美國,進口總值(含復進口),2150,516769
2022-6,39071000,聚縮醛，初級狀態,美國,出口總值(含復出口),337,124000
2022-6,39071000,聚縮醛，初級狀態,香港,出口總值(含復出口),984,333025
2022-6,39071000,聚縮醛，初級狀態,埃及,出口總值(含復出口),66,20000
2022-6,39071000,聚縮醛，初級狀態,泰國,進口總值(含復進口),745,307500
2022-6,39071000,聚縮醛，初級狀態,泰國,出口總值(含復出口),110,28250
2022-6,39071000,聚縮醛，初級狀態,馬來西亞,進口總值(含復進口),2,500
2022-6,39071000,聚縮醛，初級狀態,馬來西亞,出口總值(含復出口),171,60000
2022-6,39071000,聚縮醛，初級狀態,荷蘭,進口總值(含復進口),394,69028
2022-6,39071000,聚縮醛，初級狀態,荷蘭,出口總值(含復出口),429,144000
2022-6,39071000,聚縮醛，初級狀態,斯洛維尼亞,出口總值(含復出口),112,34000
2022-6,39071000,聚縮醛，初級狀態,越南,出口總值(含復出口),1645,583725
2022-6,39071000,聚縮醛，初級狀態,義大利,出口總值(含復出口),107,36000
2022-6,39071000,聚縮醛，初級狀態,德國,進口總值(含復進口),230,21385
2022-6,39071000,聚縮醛，初級狀態,德國,出口總值(含復出口),262,90000
2022-6,39071000,聚縮醛，初級狀態,盧森堡,進口總值(含復進口),2,200
2022-7,39069010,其他丙烯酸聚合物粒，初級狀態,土耳其,進口總值(含復進口),6,1820
2022-7,39069010,其他丙烯酸聚合物粒，初級狀態,土耳其,出口總值(含復出口),11754,5009000
2022-7,39069010,其他丙烯酸聚合物粒，初級狀態,中國大陸,進口總值(含復進口),1208,450661
2022-7,39069010,其他丙烯酸聚合物粒，初級狀態,中國大陸,出口總值(含復出口),6014,3161874
2022-7,39069010,其他丙烯酸聚合物粒，初級狀態,巴西,出口總值(含復出口),143,68000
2022-7,39069010,其他丙烯酸聚合物粒，初級狀態,巴基斯坦,出口總值(含復出口),578,344000
2022-7,39069010,其他丙烯酸聚合物粒，初級狀態,日本,進口總值(含復進口),999,336128
2022-7,39069010,其他丙烯酸聚合物粒，初級狀態,日本,出口總值(含復出口),37,31400
2022-7,39069010,其他丙烯酸聚合物粒，初級狀態,比利時,進口總值(含復進口),26,920
2022-7,39069010,其他丙烯酸聚合物粒，初級狀態,比利時,出口總值(含復出口),112,43000
2022-7,39069010,其他丙烯酸聚合物粒，初級狀態,以色列,出口總值(含復出口),418,192000
2022-7,39069010,其他丙烯酸聚合物粒，初級狀態,加拿大,出口總值(含復出口),24,8000
2022-7,39069010,其他丙烯酸聚合物粒，初級狀態,卡達,出口總值(含復出口),30,16000
2022-7,39069010,其他丙烯酸聚合物粒，初級狀態,瓜地馬拉,出口總值(含復出口),81,48000
2022-7,39069010,其他丙烯酸聚合物粒，初級狀態,白俄羅斯,出口總值(含復出口),75,17000
2022-7,39069010,其他丙烯酸聚合物粒，初級狀態,立陶宛,出口總值(含復出口),148,54000
2022-7,39069010,其他丙烯酸聚合物粒，初級狀態,印尼,出口總值(含復出口),276,99730
2022-7,39069010,其他丙烯酸聚合物粒，初級狀態,印度,出口總值(含復出口),243,84400
2022-7,39069010,其他丙烯酸聚合物粒，初級狀態,多明尼加,出口總值(含復出口),59,24000
2022-7,39069010,其他丙烯酸聚合物粒，初級狀態,安哥拉,出口總值(含復出口),1107,512000
2022-7,39069010,其他丙烯酸聚合物粒，初級狀態,西班牙,出口總值(含復出口),66,34000
2022-7,39069010,其他丙烯酸聚合物粒，初級狀態,沙烏地阿拉伯,出口總值(含復出口),1101,410400
2022-7,39069010,其他丙烯酸聚合物粒，初級狀態,貝南,出口總值(含復出口),201,100000
2022-7,39069010,其他丙烯酸聚合物粒，初級狀態,孟加拉,出口總值(含復出口),114,53190
2022-7,39069010,其他丙烯酸聚合物粒，初級狀態,波蘭,出口總值(含復出口),44,16000
2022-7,39069010,其他丙烯酸聚合物粒，初級狀態,法國,進口總值(含復進口),9,370
2022-7,39069010,其他丙烯酸聚合物粒，初級狀態,肯亞,出口總值(含復出口),79,39200
2022-7,39069010,其他丙烯酸聚合物粒，初級狀態,阿拉伯聯合大公國,出口總值(含復出口),182,74800
2022-7,39069010,其他丙烯酸聚合物粒，初級狀態,阿根廷,出口總值(含復出口),5,2000
2022-7,39069010,其他丙烯酸聚合物粒，初級狀態,阿曼,出口總值(含復出口),34,16000
2022-7,39069010,其他丙烯酸聚合物粒，初級狀態,俄羅斯,出口總值(含復出口),5,1088
2022-7,39069010,其他丙烯酸聚合物粒，初級狀態,南非,出口總值(含復出口),490,201800
2022-7,39069010,其他丙烯酸聚合物粒，初級狀態,南韓,進口總值(含復進口),813,388170
2022-7,39069010,其他丙烯酸聚合物粒，初級狀態,南韓,出口總值(含復出口),587,376640
2022-7,39069010,其他丙烯酸聚合物粒，初級狀態,柬埔寨,出口總值(含復出口),2,1005
2022-7,39069010,其他丙烯酸聚合物粒，初級狀態,美國,進口總值(含復進口),1456,74012
2022-7,39069010,其他丙烯酸聚合物粒，初級狀態,美國,出口總值(含復出口),1669,557450
2022-7,39069010,其他丙烯酸聚合物粒，初級狀態,英國,出口總值(含復出口),23,8000
2022-7,39069010,其他丙烯酸聚合物粒，初級狀態,迦納,出口總值(含復出口),484,240000
2022-7,39069010,其他丙烯酸聚合物粒，初級狀態,香港,出口總值(含復出口),121,67250
2022-7,39069010,其他丙烯酸聚合物粒，初級狀態,哥倫比亞,出口總值(含復出口),59,25200
2022-7,39069010,其他丙烯酸聚合物粒，初級狀態,埃及,出口總值(含復出口),438,172000
2022-7,39069010,其他丙烯酸聚合物粒，初級狀態,泰國,進口總值(含復進口),59,22600
2022-7,39069010,其他丙烯酸聚合物粒，初級狀態,泰國,出口總值(含復出口),191,75000
2022-7,39069010,其他丙烯酸聚合物粒，初級狀態,紐西蘭,出口總值(含復出口),58,15200
2022-7,39069010,其他丙烯酸聚合物粒，初級狀態,馬來西亞,進口總值(含復進口),60,16572
2022-7,39069010,其他丙烯酸聚合物粒，初級狀態,馬來西亞,出口總值(含復出口),226,97403
2022-7,39069010,其他丙烯酸聚合物粒，初級狀態,荷蘭,進口總值(含復進口),32,3750
2022-7,39069010,其他丙烯酸聚合物粒，初級狀態,荷蘭,出口總值(含復出口),11,5000
2022-7,39069010,其他丙烯酸聚合物粒，初級狀態,喀麥隆,出口總值(含復出口),242,120000
2022-7,39069010,其他丙烯酸聚合物粒，初級狀態,菲律賓,出口總值(含復出口),158,65440
2022-7,39069010,其他丙烯酸聚合物粒，初級狀態,越南,出口總值(含復出口),789,347535
2022-7,39069010,其他丙烯酸聚合物粒，初級狀態,塞內加爾,出口總值(含復出口),162,80000
2022-7,39069010,其他丙烯酸聚合物粒，初級狀態,愛爾蘭,出口總值(含復出口),113,44370
2022-7,39069010,其他丙烯酸聚合物粒，初級狀態,新加坡,進口總值(含復進口),323,82000
2022-7,39069010,其他丙烯酸聚合物粒，初級狀態,新加坡,出口總值(含復出口),109,43400
2022-7,39069010,其他丙烯酸聚合物粒，初級狀態,瑞士,進口總值(含復進口),13,38
2022-7,39069010,其他丙烯酸聚合物粒，初級狀態,瑞典,出口總值(含復出口),25,9000
2022-7,39069010,其他丙烯酸聚合物粒，初級狀態,義大利,出口總值(含復出口),5,2000
2022-7,39069010,其他丙烯酸聚合物粒，初級狀態,德國,進口總值(含復進口),74,11585
2022-7,39069010,其他丙烯酸聚合物粒，初級狀態,墨西哥,出口總值(含復出口),2456,1320000
2022-7,39069010,其他丙烯酸聚合物粒，初級狀態,澳大利亞,出口總值(含復出口),108,40200
2022-7,39071000,聚縮醛，初級狀態,土耳其,出口總值(含復出口),396,132000
2022-7,39071000,聚縮醛，初級狀態,中國大陸,進口總值(含復進口),125,15868
2022-7,39071000,聚縮醛，初級狀態,中國大陸,出口總值(含復出口),9232,3548723
2022-7,39071000,聚縮醛，初級狀態,中華民國,進口總值(含復進口),4,1625
2022-7,39071000,聚縮醛，初級狀態,巴基斯坦,出口總值(含復出口),106,36000
2022-7,39071000,聚縮醛，初級狀態,日本,進口總值(含復進口),577,178682
2022-7,39071000,聚縮醛，初級狀態,日本,出口總值(含復出口),202,104275
2022-7,39071000,聚縮醛，初級狀態,比利時,出口總值(含復出口),282,96000
2022-7,39071000,聚縮醛，初級狀態,伊朗,出口總值(含復出口),37,10000
2022-7,39071000,聚縮醛，初級狀態,印尼,出口總值(含復出口),81,30000
2022-7,39071000,聚縮醛，初級狀態,印度,出口總值(含復出口),107,38000
2022-7,39071000,聚縮醛，初級狀態,西班牙,出口總值(含復出口),53,18000
2022-7,39071000,聚縮醛，初級狀態,孟加拉,出口總值(含復出口),111,40000
2022-7,39071000,聚縮醛，初級狀態,芬蘭,出口總值(含復出口),61,18000
2022-7,39071000,聚縮醛，初級狀態,阿拉伯聯合大公國,出口總值(含復出口),208,65000
2022-7,39071000,聚縮醛，初級狀態,南非,出口總值(含復出口),52,18000
2022-7,39071000,聚縮醛，初級狀態,南韓,進口總值(含復進口),283,104000
2022-7,39071000,聚縮醛，初級狀態,南韓,出口總值(含復出口),53,18000
2022-7,39071000,聚縮醛，初級狀態,美國,進口總值(含復進口),1754,382018
2022-7,39071000,聚縮醛，初級狀態,美國,出口總值(含復出口),52,18000
2022-7,39071000,聚縮醛，初級狀態,英國,出口總值(含復出口),53,18000
2022-7,39071000,聚縮醛，初級狀態,香港,出口總值(含復出口),748,240325
2022-7,39071000,聚縮醛，初級狀態,埃及,出口總值(含復出口),60,16000
2022-7,39071000,聚縮醛，初級狀態,泰國,進口總值(含復進口),581,237000
2022-7,39071000,聚縮醛，初級狀態,馬來西亞,進口總值(含復進口),9,3825
2022-7,39071000,聚縮醛，初級狀態,馬來西亞,出口總值(含復出口),414,141000
2022-7,39071000,聚縮醛，初級狀態,荷蘭,進口總值(含復進口),543,93010
2022-7,39071000,聚縮醛，初級狀態,荷蘭,出口總值(含復出口),377,127000
2022-7,39071000,聚縮醛，初級狀態,菲律賓,出口總值(含復出口),17,5625
2022-7,39071000,聚縮醛，初級狀態,越南,出口總值(含復出口),1632,589775
2022-7,39071000,聚縮醛，初級狀態,新加坡,進口總值(含復進口),74,4975
2022-7,39071000,聚縮醛，初級狀態,義大利,出口總值(含復出口),55,18036
2022-7,39071000,聚縮醛，初級狀態,德國,進口總值(含復進口),74,13000
2022-7,39071000,聚縮醛，初級狀態,德國,出口總值(含復出口),492,134000
2022-7,39071000,聚縮醛，初級狀態,澳大利亞,出口總值(含復出口),52,18000
2022-8,39069010,其他丙烯酸聚合物粒，初級狀態,土耳其,出口總值(含復出口),2749,1300000
2022-8,39069010,其他丙烯酸聚合物粒，初級狀態,中國大陸,進口總值(含復進口),728,310802
2022-8,39069010,其他丙烯酸聚合物粒，初級狀態,中國大陸,出口總值(含復出口),15338,8403508
2022-8,39069010,其他丙烯酸聚合物粒，初級狀態,丹麥,進口總值(含復進口),0,7
2022-8,39069010,其他丙烯酸聚合物粒，初級狀態,厄瓜多,出口總值(含復出口),50,24000
2022-8,39069010,其他丙烯酸聚合物粒，初級狀態,巴西,出口總值(含復出口),8,800
2022-8,39069010,其他丙烯酸聚合物粒，初級狀態,巴基斯坦,出口總值(含復出口),907,496000
2022-8,39069010,其他丙烯酸聚合物粒，初級狀態,日本,進口總值(含復進口),830,270974
2022-8,39069010,其他丙烯酸聚合物粒，初級狀態,日本,出口總值(含復出口),68,33900
2022-8,39069010,其他丙烯酸聚合物粒，初級狀態,比利時,進口總值(含復進口),90,5305
2022-8,39069010,其他丙烯酸聚合物粒，初級狀態,比利時,出口總值(含復出口),175,72000
2022-8,39069010,其他丙烯酸聚合物粒，初級狀態,以色列,出口總值(含復出口),17,7000
2022-8,39069010,其他丙烯酸聚合物粒，初級狀態,加拿大,出口總值(含復出口),46,16000
2022-8,39069010,其他丙烯酸聚合物粒，初級狀態,卡達,出口總值(含復出口),33,16000
2022-8,39069010,其他丙烯酸聚合物粒，初級狀態,瓜地馬拉,出口總值(含復出口),81,48000
2022-8,39069010,其他丙烯酸聚合物粒，初級狀態,立陶宛,出口總值(含復出口),144,54000
2022-8,39069010,其他丙烯酸聚合物粒，初級狀態,印尼,出口總值(含復出口),321,96100
2022-8,39069010,其他丙烯酸聚合物粒，初級狀態,印度,出口總值(含復出口),350,150400
2022-8,39069010,其他丙烯酸聚合物粒，初級狀態,安哥拉,出口總值(含復出口),219,113000
2022-8,39069010,其他丙烯酸聚合物粒，初級狀態,西班牙,出口總值(含復出口),64,15000
2022-8,39069010,其他丙烯酸聚合物粒，初級狀態,沙烏地阿拉伯,出口總值(含復出口),423,157600
2022-8,39069010,其他丙烯酸聚合物粒，初級狀態,奈及利亞,出口總值(含復出口),241,120000
2022-8,39069010,其他丙烯酸聚合物粒，初級狀態,孟加拉,出口總值(含復出口),30,13020
2022-8,39069010,其他丙烯酸聚合物粒，初級狀態,波蘭,出口總值(含復出口),8,3000
2022-8,39069010,其他丙烯酸聚合物粒，初級狀態,肯亞,出口總值(含復出口),1174,600000
2022-8,39069010,其他丙烯酸聚合物粒，初級狀態,阿拉伯聯合大公國,出口總值(含復出口),668,256800
2022-8,39069010,其他丙烯酸聚合物粒，初級狀態,阿根廷,出口總值(含復出口),51,20000
2022-8,39069010,其他丙烯酸聚合物粒，初級狀態,南非,出口總值(含復出口),304,145500
2022-8,39069010,其他丙烯酸聚合物粒，初級狀態,南韓,進口總值(含復進口),1125,533490
2022-8,39069010,其他丙烯酸聚合物粒，初級狀態,南韓,出口總值(含復出口),390,183398
2022-8,39069010,其他丙烯酸聚合物粒，初級狀態,約旦,出口總值(含復出口),5,2000
2022-8,39069010,其他丙烯酸聚合物粒，初級狀態,美國,進口總值(含復進口),656,79496
2022-8,39069010,其他丙烯酸聚合物粒，初級狀態,美國,出口總值(含復出口),2073,495925
2022-8,39069010,其他丙烯酸聚合物粒，初級狀態,英國,進口總值(含復進口),16,4500
2022-8,39069010,其他丙烯酸聚合物粒，初級狀態,香港,出口總值(含復出口),103,53180
2022-8,39069010,其他丙烯酸聚合物粒，初級狀態,哥倫比亞,出口總值(含復出口),258,153400
2022-8,39069010,其他丙烯酸聚合物粒，初級狀態,埃及,出口總值(含復出口),432,208000
2022-8,39069010,其他丙烯酸聚合物粒，初級狀態,泰國,出口總值(含復出口),241,92240
2022-8,39069010,其他丙烯酸聚合物粒，初級狀態,紐西蘭,出口總值(含復出口),8,3000
2022-8,39069010,其他丙烯酸聚合物粒，初級狀態,馬來西亞,進口總值(含復進口),0,18
2022-8,39069010,其他丙烯酸聚合物粒，初級狀態,馬來西亞,出口總值(含復出口),126,46970
2022-8,39069010,其他丙烯酸聚合物粒，初級狀態,馬達加斯加,出口總值(含復出口),133,64000
2022-8,39069010,其他丙烯酸聚合物粒，初級狀態,荷蘭,進口總值(含復進口),12,1875
2022-8,39069010,其他丙烯酸聚合物粒，初級狀態,荷蘭,出口總值(含復出口),67,29600
2022-8,39069010,其他丙烯酸聚合物粒，初級狀態,喀麥隆,出口總值(含復出口),349,180000
2022-8,39069010,其他丙烯酸聚合物粒，初級狀態,幾內亞,出口總值(含復出口),161,80000
2022-8,39069010,其他丙烯酸聚合物粒，初級狀態,菲律賓,出口總值(含復出口),20,1500
2022-8,39069010,其他丙烯酸聚合物粒，初級狀態,越南,進口總值(含復進口),17,14420
2022-8,39069010,其他丙烯酸聚合物粒，初級狀態,越南,出口總值(含復出口),768,346387
2022-8,39069010,其他丙烯酸聚合物粒，初級狀態,愛爾蘭,出口總值(含復出口),190,74700
2022-8,39069010,其他丙烯酸聚合物粒，初級狀態,新加坡,進口總值(含復進口),174,67400
2022-8,39069010,其他丙烯酸聚合物粒，初級狀態,新加坡,出口總值(含復出口),117,36000
2022-8,39069010,其他丙烯酸聚合物粒，初級狀態,瑞士,進口總值(含復進口),32,124
2022-8,39069010,其他丙烯酸聚合物粒，初級狀態,義大利,進口總值(含復進口),1,40
2022-8,39069010,其他丙烯酸聚合物粒，初級狀態,義大利,出口總值(含復出口),208,119000
2022-8,39069010,其他丙烯酸聚合物粒，初級狀態,德國,進口總值(含復進口),333,25680
2022-8,39069010,其他丙烯酸聚合物粒，初級狀態,德國,出口總值(含復出口),1,50
2022-8,39069010,其他丙烯酸聚合物粒，初級狀態,墨西哥,出口總值(含復出口),4293,2468000
2022-8,39069010,其他丙烯酸聚合物粒，初級狀態,澳大利亞,出口總值(含復出口),26,9200
2022-8,39071000,聚縮醛，初級狀態,土耳其,出口總值(含復出口),608,258000
2022-8,39071000,聚縮醛，初級狀態,中國大陸,進口總值(含復進口),55,10400
2022-8,39071000,聚縮醛，初級狀態,中國大陸,出口總值(含復出口),9387,3921656
2022-8,39071000,聚縮醛，初級狀態,中華民國,進口總值(含復進口),21,3000
2022-8,39071000,聚縮醛，初級狀態,日本,進口總值(含復進口),413,106894
2022-8,39071000,聚縮醛，初級狀態,日本,出口總值(含復出口),209,92000
2022-8,39071000,聚縮醛，初級狀態,比利時,出口總值(含復出口),761,297000
2022-8,39071000,聚縮醛，初級狀態,印尼,出口總值(含復出口),126,47250
2022-8,39071000,聚縮醛，初級狀態,印度,出口總值(含復出口),188,77050
2022-8,39071000,聚縮醛，初級狀態,孟加拉,出口總值(含復出口),103,38000
2022-8,39071000,聚縮醛，初級狀態,芬蘭,出口總值(含復出口),94,36000
2022-8,39071000,聚縮醛，初級狀態,阿拉伯聯合大公國,出口總值(含復出口),229,72000
2022-8,39071000,聚縮醛，初級狀態,南非,出口總值(含復出口),53,18000
2022-8,39071000,聚縮醛，初級狀態,南韓,進口總值(含復進口),171,70000
2022-8,39071000,聚縮醛，初級狀態,南韓,出口總值(含復出口),195,75000
2022-8,39071000,聚縮醛，初級狀態,美國,進口總值(含復進口),1211,244975
2022-8,39071000,聚縮醛，初級狀態,美國,出口總值(含復出口),52,18000
2022-8,39071000,聚縮醛，初級狀態,英國,出口總值(含復出口),44,18000
2022-8,39071000,聚縮醛，初級狀態,香港,出口總值(含復出口),534,176800
2022-8,39071000,聚縮醛，初級狀態,泰國,進口總值(含復進口),517,228000
2022-8,39071000,聚縮醛，初級狀態,馬來西亞,進口總值(含復進口),1,300
2022-8,39071000,聚縮醛，初級狀態,馬來西亞,出口總值(含復出口),610,239500
2022-8,39071000,聚縮醛，初級狀態,荷蘭,進口總值(含復進口),394,66000
2022-8,39071000,聚縮醛，初級狀態,荷蘭,出口總值(含復出口),98,36000
2022-8,39071000,聚縮醛，初級狀態,斯洛維尼亞,出口總值(含復出口),99,36000
2022-8,39071000,聚縮醛，初級狀態,菲律賓,出口總值(含復出口),46,20000
2022-8,39071000,聚縮醛，初級狀態,越南,出口總值(含復出口),1250,484500
2022-8,39071000,聚縮醛，初級狀態,義大利,出口總值(含復出口),128,54000
2022-8,39071000,聚縮醛，初級狀態,葡萄牙,出口總值(含復出口),47,18000
2022-8,39071000,聚縮醛，初級狀態,德國,進口總值(含復進口),86,12513
2022-8,39071000,聚縮醛，初級狀態,德國,出口總值(含復出口),50,18000
2022-8,39071000,聚縮醛，初級狀態,墨西哥,出口總值(含復出口),126,50000
2022-9,39069010,其他丙烯酸聚合物粒，初級狀態,土耳其,出口總值(含復出口),2327,1145200
2022-9,39069010,其他丙烯酸聚合物粒，初級狀態,中國大陸,進口總值(含復進口),456,211279
2022-9,39069010,其他丙烯酸聚合物粒，初級狀態,中國大陸,出口總值(含復出口),5515,3013879
2022-9,39069010,其他丙烯酸聚合物粒，初級狀態,中華民國,進口總值(含復進口),0,0
2022-9,39069010,其他丙烯酸聚合物粒，初級狀態,巴西,出口總值(含復出口),5,400
2022-9,39069010,其他丙烯酸聚合物粒，初級狀態,巴基斯坦,出口總值(含復出口),814,466000
2022-9,39069010,其他丙烯酸聚合物粒，初級狀態,日本,進口總值(含復進口),689,182265
2022-9,39069010,其他丙烯酸聚合物粒，初級狀態,日本,出口總值(含復出口),76,48400
2022-9,39069010,其他丙烯酸聚合物粒，初級狀態,比利時,進口總值(含復進口),3,40
2022-9,39069010,其他丙烯酸聚合物粒，初級狀態,比利時,出口總值(含復出口),117,48000
2022-9,39069010,其他丙烯酸聚合物粒，初級狀態,以色列,進口總值(含復進口),263,20000
2022-9,39069010,其他丙烯酸聚合物粒，初級狀態,以色列,出口總值(含復出口),284,160000
2022-9,39069010,其他丙烯酸聚合物粒，初級狀態,印尼,出口總值(含復出口),117,22350
2022-9,39069010,其他丙烯酸聚合物粒，初級狀態,印度,進口總值(含復進口),35,15000
2022-9,39069010,其他丙烯酸聚合物粒，初級狀態,印度,出口總值(含復出口),254,97350
2022-9,39069010,其他丙烯酸聚合物粒，初級狀態,安哥拉,出口總值(含復出口),430,224000
2022-9,39069010,其他丙烯酸聚合物粒，初級狀態,西班牙,出口總值(含復出口),6,3000
2022-9,39069010,其他丙烯酸聚合物粒，初級狀態,貝南,出口總值(含復出口),102,60000
2022-9,39069010,其他丙烯酸聚合物粒，初級狀態,奈及利亞,出口總值(含復出口),776,440000
2022-9,39069010,其他丙烯酸聚合物粒，初級狀態,孟加拉,出口總值(含復出口),53,28400
2022-9,39069010,其他丙烯酸聚合物粒，初級狀態,肯亞,出口總值(含復出口),93,52000
2022-9,39069010,其他丙烯酸聚合物粒，初級狀態,阿拉伯聯合大公國,出口總值(含復出口),68,28800
2022-9,39069010,其他丙烯酸聚合物粒，初級狀態,阿根廷,出口總值(含復出口),908,566400
2022-9,39069010,其他丙烯酸聚合物粒，初級狀態,南非,出口總值(含復出口),427,185400
2022-9,39069010,其他丙烯酸聚合物粒，初級狀態,南韓,進口總值(含復進口),246,102420
2022-9,39069010,其他丙烯酸聚合物粒，初級狀態,南韓,出口總值(含復出口),852,384840
2022-9,39069010,其他丙烯酸聚合物粒，初級狀態,柬埔寨,出口總值(含復出口),84,45000
2022-9,39069010,其他丙烯酸聚合物粒，初級狀態,美國,進口總值(含復進口),770,44764
2022-9,39069010,其他丙烯酸聚合物粒，初級狀態,美國,出口總值(含復出口),1812,835944
2022-9,39069010,其他丙烯酸聚合物粒，初級狀態,迦納,出口總值(含復出口),102,60000
2022-9,39069010,其他丙烯酸聚合物粒，初級狀態,香港,出口總值(含復出口),32,17000
2022-9,39069010,其他丙烯酸聚合物粒，初級狀態,哥倫比亞,出口總值(含復出口),671,416800
2022-9,39069010,其他丙烯酸聚合物粒，初級狀態,埃及,出口總值(含復出口),279,128000
2022-9,39069010,其他丙烯酸聚合物粒，初級狀態,泰國,出口總值(含復出口),37,14240
2022-9,39069010,其他丙烯酸聚合物粒，初級狀態,馬來西亞,出口總值(含復出口),90,28400
2022-9,39069010,其他丙烯酸聚合物粒，初級狀態,喀麥隆,出口總值(含復出口),329,200000
2022-9,39069010,其他丙烯酸聚合物粒，初級狀態,幾內亞,出口總值(含復出口),98,60000
2022-9,39069010,其他丙烯酸聚合物粒，初級狀態,菲律賓,出口總值(含復出口),38,20560
2022-9,39069010,其他丙烯酸聚合物粒，初級狀態,越南,出口總值(含復出口),679,347100
2022-9,39069010,其他丙烯酸聚合物粒，初級狀態,塞內加爾,出口總值(含復出口),240,140000
2022-9,39069010,其他丙烯酸聚合物粒，初級狀態,愛爾蘭,出口總值(含復出口),37,14950
2022-9,39069010,其他丙烯酸聚合物粒，初級狀態,新加坡,進口總值(含復進口),122,50000
2022-9,39069010,其他丙烯酸聚合物粒，初級狀態,瑞士,進口總值(含復進口),15,60
2022-9,39069010,其他丙烯酸聚合物粒，初級狀態,德國,進口總值(含復進口),81,20250
2022-9,39069010,其他丙烯酸聚合物粒，初級狀態,墨西哥,出口總值(含復出口),2690,1392000
2022-9,39069010,其他丙烯酸聚合物粒，初級狀態,澳大利亞,出口總值(含復出口),222,139040
2022-9,39071000,聚縮醛，初級狀態,土耳其,出口總值(含復出口),360,151000
2022-9,39071000,聚縮醛，初級狀態,中國大陸,進口總值(含復進口),44,3500
2022-9,39071000,聚縮醛，初級狀態,中國大陸,出口總值(含復出口),5540,2357864
2022-9,39071000,聚縮醛，初級狀態,巴基斯坦,出口總值(含復出口),89,36000
2022-9,39071000,聚縮醛，初級狀態,日本,進口總值(含復進口),321,84853
2022-9,39071000,聚縮醛，初級狀態,日本,出口總值(含復出口),323,169000
2022-9,39071000,聚縮醛，初級狀態,伊朗,出口總值(含復出口),114,35000
2022-9,39071000,聚縮醛，初級狀態,印尼,出口總值(含復出口),141,59275
2022-9,39071000,聚縮醛，初級狀態,印度,出口總值(含復出口),40,20000
2022-9,39071000,聚縮醛，初級狀態,奈及利亞,出口總值(含復出口),26,6750
2022-9,39071000,聚縮醛，初級狀態,孟加拉,出口總值(含復出口),133,58000
2022-9,39071000,聚縮醛，初級狀態,波蘭,出口總值(含復出口),83,36000
2022-9,39071000,聚縮醛，初級狀態,阿拉伯聯合大公國,出口總值(含復出口),97,38000
2022-9,39071000,聚縮醛，初級狀態,阿根廷,出口總值(含復出口),37,18000
2022-9,39071000,聚縮醛，初級狀態,南非,出口總值(含復出口),47,18000
2022-9,39071000,聚縮醛，初級狀態,南韓,出口總值(含復出口),185,72000
2022-9,39071000,聚縮醛，初級狀態,美國,進口總值(含復進口),366,90100
2022-9,39071000,聚縮醛，初級狀態,美國,出口總值(含復出口),23,8000
2022-9,39071000,聚縮醛，初級狀態,香港,出口總值(含復出口),504,160875
2022-9,39071000,聚縮醛，初級狀態,哥倫比亞,出口總值(含復出口),40,18000
2022-9,39071000,聚縮醛，初級狀態,埃及,出口總值(含復出口),41,18000
2022-9,39071000,聚縮醛，初級狀態,泰國,進口總值(含復進口),661,285000
2022-9,39071000,聚縮醛，初級狀態,泰國,出口總值(含復出口),40,9500
2022-9,39071000,聚縮醛，初級狀態,馬來西亞,進口總值(含復進口),5,1400
2022-9,39071000,聚縮醛，初級狀態,馬來西亞,出口總值(含復出口),141,66000
2022-9,39071000,聚縮醛，初級狀態,荷蘭,進口總值(含復進口),436,72000
2022-9,39071000,聚縮醛，初級狀態,荷蘭,出口總值(含復出口),42,18000
2022-9,39071000,聚縮醛，初級狀態,越南,出口總值(含復出口),243,103575
2022-9,39071000,聚縮醛，初級狀態,新加坡,進口總值(含復進口),12,1029
2022-9,39071000,聚縮醛，初級狀態,新加坡,出口總值(含復出口),53,18000
2022-9,39071000,聚縮醛，初級狀態,義大利,出口總值(含復出口),41,18000
2022-9,39071000,聚縮醛，初級狀態,德國,進口總值(含復進口),66,6000
2022-9,39071000,聚縮醛，初級狀態,德國,出口總值(含復出口),167,72000
2022-10,39069010,其他丙烯酸聚合物粒，初級狀態,土耳其,出口總值(含復出口),1692,840800
2022-10,39069010,其他丙烯酸聚合物粒，初級狀態,中國大陸,進口總值(含復進口),791,364075
2022-10,39069010,其他丙烯酸聚合物粒，初級狀態,中國大陸,出口總值(含復出口),13013,7038497
2022-10,39069010,其他丙烯酸聚合物粒，初級狀態,丹麥,進口總值(含復進口),1,75
2022-10,39069010,其他丙烯酸聚合物粒，初級狀態,巴基斯坦,出口總值(含復出口),683,381820
2022-10,39069010,其他丙烯酸聚合物粒，初級狀態,日本,進口總值(含復進口),469,148251
2022-10,39069010,其他丙烯酸聚合物粒，初級狀態,日本,出口總值(含復出口),70,39000
2022-10,39069010,其他丙烯酸聚合物粒，初級狀態,比利時,進口總值(含復進口),33,2080
2022-10,39069010,其他丙烯酸聚合物粒，初級狀態,比利時,出口總值(含復出口),50,19000
2022-10,39069010,其他丙烯酸聚合物粒，初級狀態,以色列,出口總值(含復出口),10,4000
2022-10,39069010,其他丙烯酸聚合物粒，初級狀態,加拿大,進口總值(含復進口),0,0
2022-10,39069010,其他丙烯酸聚合物粒，初級狀態,印尼,出口總值(含復出口),109,28924
2022-10,39069010,其他丙烯酸聚合物粒，初級狀態,印度,出口總值(含復出口),237,107400
2022-10,39069010,其他丙烯酸聚合物粒，初級狀態,安哥拉,出口總值(含復出口),599,320000
2022-10,39069010,其他丙烯酸聚合物粒，初級狀態,西班牙,出口總值(含復出口),102,52000
2022-10,39069010,其他丙烯酸聚合物粒，初級狀態,奈及利亞,出口總值(含復出口),244,180000
2022-10,39069010,其他丙烯酸聚合物粒，初級狀態,孟加拉,出口總值(含復出口),12,5400
2022-10,39069010,其他丙烯酸聚合物粒，初級狀態,阿拉伯聯合大公國,出口總值(含復出口),93,43200
2022-10,39069010,其他丙烯酸聚合物粒，初級狀態,阿根廷,出口總值(含復出口),401,288000
2022-10,39069010,其他丙烯酸聚合物粒，初級狀態,南非,出口總值(含復出口),340,180000
2022-10,39069010,其他丙烯酸聚合物粒，初級狀態,南韓,進口總值(含復進口),884,395920
2022-10,39069010,其他丙烯酸聚合物粒，初級狀態,南韓,出口總值(含復出口),451,210200
2022-10,39069010,其他丙烯酸聚合物粒，初級狀態,柬埔寨,出口總值(含復出口),105,67500
2022-10,39069010,其他丙烯酸聚合物粒，初級狀態,美國,進口總值(含復進口),1180,56168
2022-10,39069010,其他丙烯酸聚合物粒，初級狀態,美國,出口總值(含復出口),637,222700
2022-10,39069010,其他丙烯酸聚合物粒，初級狀態,香港,出口總值(含復出口),165,88900
2022-10,39069010,其他丙烯酸聚合物粒，初級狀態,哥倫比亞,出口總值(含復出口),183,111200
2022-10,39069010,其他丙烯酸聚合物粒，初級狀態,泰國,出口總值(含復出口),56,24000
2022-10,39069010,其他丙烯酸聚合物粒，初級狀態,烏拉圭,出口總值(含復出口),109,72000
2022-10,39069010,其他丙烯酸聚合物粒，初級狀態,紐西蘭,出口總值(含復出口),18,8250
2022-10,39069010,其他丙烯酸聚合物粒，初級狀態,馬來西亞,進口總值(含復進口),57,16000
2022-10,39069010,其他丙烯酸聚合物粒，初級狀態,馬來西亞,出口總值(含復出口),33,16000
2022-10,39069010,其他丙烯酸聚合物粒，初級狀態,莫三比克,出口總值(含復出口),199,140000
2022-10,39069010,其他丙烯酸聚合物粒，初級狀態,荷蘭,進口總值(含復進口),51,9375
2022-10,39069010,其他丙烯酸聚合物粒，初級狀態,荷蘭,出口總值(含復出口),16,6000
2022-10,39069010,其他丙烯酸聚合物粒，初級狀態,喀麥隆,出口總值(含復出口),66,40000
2022-10,39069010,其他丙烯酸聚合物粒，初級狀態,菲律賓,出口總值(含復出口),100,46000
2022-10,39069010,其他丙烯酸聚合物粒，初級狀態,越南,出口總值(含復出口),751,413340
2022-10,39069010,其他丙烯酸聚合物粒，初級狀態,塞內加爾,出口總值(含復出口),164,100000
2022-10,39069010,其他丙烯酸聚合物粒，初級狀態,愛爾蘭,出口總值(含復出口),266,106350
2022-10,39069010,其他丙烯酸聚合物粒，初級狀態,新加坡,進口總值(含復進口),208,68000
2022-10,39069010,其他丙烯酸聚合物粒，初級狀態,新加坡,出口總值(含復出口),111,29400
2022-10,39069010,其他丙烯酸聚合物粒，初級狀態,瑞士,進口總值(含復進口),14,59
2022-10,39069010,其他丙烯酸聚合物粒，初級狀態,義大利,出口總值(含復出口),63,33000
2022-10,39069010,其他丙烯酸聚合物粒，初級狀態,德國,進口總值(含復進口),194,21012
2022-10,39069010,其他丙烯酸聚合物粒，初級狀態,墨西哥,出口總值(含復出口),871,528000
2022-10,39069010,其他丙烯酸聚合物粒，初級狀態,澳大利亞,出口總值(含復出口),101,64400
2022-10,39071000,聚縮醛，初級狀態,土耳其,出口總值(含復出口),627,277000
2022-10,39071000,聚縮醛，初級狀態,中國大陸,進口總值(含復進口),9,2400
2022-10,39071000,聚縮醛，初級狀態,中國大陸,出口總值(含復出口),5777,2816391
2022-10,39071000,聚縮醛，初級狀態,中華民國,進口總值(含復進口),3,1000
2022-10,39071000,聚縮醛，初級狀態,丹麥,出口總值(含復出口),40,18000
2022-10,39071000,聚縮醛，初級狀態,巴基斯坦,出口總值(含復出口),35,18000
2022-10,39071000,聚縮醛，初級狀態,日本,進口總值(含復進口),465,173149
2022-10,39071000,聚縮醛，初級狀態,日本,出口總值(含復出口),394,230000
2022-10,39071000,聚縮醛，初級狀態,比利時,出口總值(含復出口),370,180000
2022-10,39071000,聚縮醛，初級狀態,印尼,出口總值(含復出口),119,45725
2022-10,39071000,聚縮醛，初級狀態,印度,出口總值(含復出口),501,254000
2022-10,39071000,聚縮醛，初級狀態,波蘭,出口總值(含復出口),41,20000
2022-10,39071000,聚縮醛，初級狀態,阿拉伯聯合大公國,出口總值(含復出口),44,20000
2022-10,39071000,聚縮醛，初級狀態,阿根廷,出口總值(含復出口),78,36000
2022-10,39071000,聚縮醛，初級狀態,南非,出口總值(含復出口),38,18000
2022-10,39071000,聚縮醛，初級狀態,南韓,進口總值(含復進口),270,123375
2022-10,39071000,聚縮醛，初級狀態,南韓,出口總值(含復出口),78,40000
2022-10,39071000,聚縮醛，初級狀態,美國,進口總值(含復進口),962,214722
2022-10,39071000,聚縮醛，初級狀態,美國,出口總值(含復出口),38,18000
2022-10,39071000,聚縮醛，初級狀態,香港,出口總值(含復出口),571,199125
2022-10,39071000,聚縮醛，初級狀態,泰國,進口總值(含復進口),607,235000
2022-10,39071000,聚縮醛，初級狀態,馬來西亞,進口總值(含復進口),5,975
2022-10,39071000,聚縮醛，初級狀態,馬來西亞,出口總值(含復出口),417,210500
2022-10,39071000,聚縮醛，初級狀態,馬爾他,出口總值(含復出口),242,126000
2022-10,39071000,聚縮醛，初級狀態,荷蘭,進口總值(含復進口),437,69000
2022-10,39071000,聚縮醛，初級狀態,荷蘭,出口總值(含復出口),696,315000
2022-10,39071000,聚縮醛，初級狀態,斯洛維尼亞,出口總值(含復出口),39,18000
2022-10,39071000,聚縮醛，初級狀態,菲律賓,出口總值(含復出口),13,5625
2022-10,39071000,聚縮醛，初級狀態,越南,出口總值(含復出口),314,140000
2022-10,39071000,聚縮醛，初級狀態,新加坡,進口總值(含復進口),54,3097
2022-10,39071000,聚縮醛，初級狀態,新加坡,出口總值(含復出口),121,36000
2022-10,39071000,聚縮醛，初級狀態,義大利,出口總值(含復出口),357,162000
2022-10,39071000,聚縮醛，初級狀態,德國,進口總值(含復進口),13,1000
2022-10,39071000,聚縮醛，初級狀態,德國,出口總值(含復出口),40,18000
2022-10,39071000,聚縮醛，初級狀態,墨西哥,出口總值(含復出口),32,18000
2022-10,39071000,聚縮醛，初級狀態,澳大利亞,出口總值(含復出口),38,18000
2022-11,39069010,其他丙烯酸聚合物粒，初級狀態,土耳其,出口總值(含復出口),6076,3550800
2022-11,39069010,其他丙烯酸聚合物粒，初級狀態,中國大陸,進口總值(含復進口),992,412997
2022-11,39069010,其他丙烯酸聚合物粒，初級狀態,中國大陸,出口總值(含復出口),11388,5881878
2022-11,39069010,其他丙烯酸聚合物粒，初級狀態,中華民國,進口總值(含復進口),5,74
2022-11,39069010,其他丙烯酸聚合物粒，初級狀態,厄瓜多,出口總值(含復出口),369,240000
2022-11,39069010,其他丙烯酸聚合物粒，初級狀態,巴西,出口總值(含復出口),73,44400
2022-11,39069010,其他丙烯酸聚合物粒，初級狀態,巴基斯坦,出口總值(含復出口),11,6000
2022-11,39069010,其他丙烯酸聚合物粒，初級狀態,日本,進口總值(含復進口),698,190410
2022-11,39069010,其他丙烯酸聚合物粒，初級狀態,日本,出口總值(含復出口),109,75500
2022-11,39069010,其他丙烯酸聚合物粒，初級狀態,比利時,進口總值(含復進口),108,4480
2022-11,39069010,其他丙烯酸聚合物粒，初級狀態,比利時,出口總值(含復出口),147,72000
2022-11,39069010,其他丙烯酸聚合物粒，初級狀態,加拿大,出口總值(含復出口),88,22000
2022-11,39069010,其他丙烯酸聚合物粒，初級狀態,立陶宛,出口總值(含復出口),88,36000
2022-11,39069010,其他丙烯酸聚合物粒，初級狀態,印尼,出口總值(含復出口),56,25000
2022-11,39069010,其他丙烯酸聚合物粒，初級狀態,印度,出口總值(含復出口),213,69310
2022-11,39069010,其他丙烯酸聚合物粒，初級狀態,安哥拉,出口總值(含復出口),384,257000
2022-11,39069010,其他丙烯酸聚合物粒，初級狀態,沙烏地阿拉伯,出口總值(含復出口),74,32000
2022-11,39069010,其他丙烯酸聚合物粒，初級狀態,貝南,出口總值(含復出口),81,60000
2022-11,39069010,其他丙烯酸聚合物粒，初級狀態,坦尚尼亞,出口總值(含復出口),139,100000
2022-11,39069010,其他丙烯酸聚合物粒，初級狀態,奈及利亞,出口總值(含復出口),249,180000
2022-11,39069010,其他丙烯酸聚合物粒，初級狀態,孟加拉,出口總值(含復出口),104,63940
2022-11,39069010,其他丙烯酸聚合物粒，初級狀態,波蘭,出口總值(含復出口),260,144000
2022-11,39069010,其他丙烯酸聚合物粒，初級狀態,肯亞,出口總值(含復出口),443,332000
2022-11,39069010,其他丙烯酸聚合物粒，初級狀態,阿拉伯聯合大公國,出口總值(含復出口),89,43200
2022-11,39069010,其他丙烯酸聚合物粒，初級狀態,阿根廷,出口總值(含復出口),9,4000
2022-11,39069010,其他丙烯酸聚合物粒，初級狀態,南非,出口總值(含復出口),198,112000
2022-11,39069010,其他丙烯酸聚合物粒，初級狀態,南韓,進口總值(含復進口),624,284400
2022-11,39069010,其他丙烯酸聚合物粒，初級狀態,南韓,出口總值(含復出口),557,414500
2022-11,39069010,其他丙烯酸聚合物粒，初級狀態,柬埔寨,出口總值(含復出口),107,67500
2022-11,39069010,其他丙烯酸聚合物粒，初級狀態,突尼西亞,出口總值(含復出口),48,32000
2022-11,39069010,其他丙烯酸聚合物粒，初級狀態,美國,進口總值(含復進口),817,45874
2022-11,39069010,其他丙烯酸聚合物粒，初級狀態,美國,出口總值(含復出口),545,177000
2022-11,39069010,其他丙烯酸聚合物粒，初級狀態,英國,出口總值(含復出口),71,15084
2022-11,39069010,其他丙烯酸聚合物粒，初級狀態,迦納,出口總值(含復出口),296,220000
2022-11,39069010,其他丙烯酸聚合物粒，初級狀態,香港,出口總值(含復出口),486,253750
2022-11,39069010,其他丙烯酸聚合物粒，初級狀態,哥倫比亞,出口總值(含復出口),765,517000
2022-11,39069010,其他丙烯酸聚合物粒，初級狀態,埃及,出口總值(含復出口),488,323000
2022-11,39069010,其他丙烯酸聚合物粒，初級狀態,泰國,進口總值(含復進口),118,46600
2022-11,39069010,其他丙烯酸聚合物粒，初級狀態,泰國,出口總值(含復出口),58,21240
2022-11,39069010,其他丙烯酸聚合物粒，初級狀態,烏拉圭,出口總值(含復出口),101,72000
2022-11,39069010,其他丙烯酸聚合物粒，初級狀態,紐西蘭,出口總值(含復出口),87,31100
2022-11,39069010,其他丙烯酸聚合物粒，初級狀態,馬來西亞,出口總值(含復出口),48,17600
2022-11,39069010,其他丙烯酸聚合物粒，初級狀態,莫三比克,出口總值(含復出口),183,140000
2022-11,39069010,其他丙烯酸聚合物粒，初級狀態,荷蘭,進口總值(含復進口),3,378
2022-11,39069010,其他丙烯酸聚合物粒，初級狀態,荷蘭,出口總值(含復出口),55,27400
2022-11,39069010,其他丙烯酸聚合物粒，初級狀態,喀麥隆,出口總值(含復出口),167,120000
2022-11,39069010,其他丙烯酸聚合物粒，初級狀態,幾內亞,出口總值(含復出口),81,60000
2022-11,39069010,其他丙烯酸聚合物粒，初級狀態,智利,出口總值(含復出口),8,3000
2022-11,39069010,其他丙烯酸聚合物粒，初級狀態,菲律賓,出口總值(含復出口),155,74560
2022-11,39069010,其他丙烯酸聚合物粒，初級狀態,越南,出口總值(含復出口),731,400760
2022-11,39069010,其他丙烯酸聚合物粒，初級狀態,塞內加爾,出口總值(含復出口),648,448000
2022-11,39069010,其他丙烯酸聚合物粒，初級狀態,愛爾蘭,出口總值(含復出口),70,29830
2022-11,39069010,其他丙烯酸聚合物粒，初級狀態,新加坡,進口總值(含復進口),195,66000
2022-11,39069010,其他丙烯酸聚合物粒，初級狀態,新加坡,出口總值(含復出口),1,500
2022-11,39069010,其他丙烯酸聚合物粒，初級狀態,瑞士,進口總值(含復進口),13,59
2022-11,39069010,其他丙烯酸聚合物粒，初級狀態,義大利,出口總值(含復出口),116,59000
2022-11,39069010,其他丙烯酸聚合物粒，初級狀態,德國,進口總值(含復進口),241,18150
2022-11,39069010,其他丙烯酸聚合物粒，初級狀態,德國,出口總值(含復出口),1,50
2022-11,39069010,其他丙烯酸聚合物粒，初級狀態,墨西哥,出口總值(含復出口),1639,1008000
2022-11,39069010,其他丙烯酸聚合物粒，初級狀態,澳大利亞,出口總值(含復出口),8,2000
2022-11,39071000,聚縮醛，初級狀態,土耳其,出口總值(含復出口),571,288000
2022-11,39071000,聚縮醛，初級狀態,中國大陸,進口總值(含復進口),35,4871
2022-11,39071000,聚縮醛，初級狀態,中國大陸,出口總值(含復出口),5548,2844069
2022-11,39071000,聚縮醛，初級狀態,丹麥,出口總值(含復出口),41,18000
2022-11,39071000,聚縮醛，初級狀態,巴西,出口總值(含復出口),46,18000
2022-11,39071000,聚縮醛，初級狀態,巴基斯坦,出口總值(含復出口),111,58000
2022-11,39071000,聚縮醛，初級狀態,日本,進口總值(含復進口),268,73437
2022-11,39071000,聚縮醛，初級狀態,日本,出口總值(含復出口),524,314550
2022-11,39071000,聚縮醛，初級狀態,比利時,出口總值(含復出口),451,219000
2022-11,39071000,聚縮醛，初級狀態,伊朗,出口總值(含復出口),16,20000
2022-11,39071000,聚縮醛，初級狀態,印尼,出口總值(含復出口),93,44725
2022-11,39071000,聚縮醛，初級狀態,印度,出口總值(含復出口),738,399000
2022-11,39071000,聚縮醛，初級狀態,西班牙,出口總值(含復出口),37,18000
2022-11,39071000,聚縮醛，初級狀態,克羅埃西亞,出口總值(含復出口),80,36000
2022-11,39071000,聚縮醛，初級狀態,孟加拉,出口總值(含復出口),192,102000
2022-11,39071000,聚縮醛，初級狀態,波蘭,出口總值(含復出口),32,18000
2022-11,39071000,聚縮醛，初級狀態,阿拉伯聯合大公國,出口總值(含復出口),65,36000
2022-11,39071000,聚縮醛，初級狀態,南韓,進口總值(含復進口),48,13100
2022-11,39071000,聚縮醛，初級狀態,南韓,出口總值(含復出口),43,21000
2022-11,39071000,聚縮醛，初級狀態,美國,進口總值(含復進口),820,196245
2022-11,39071000,聚縮醛，初級狀態,美國,出口總值(含復出口),36,18000
2022-11,39071000,聚縮醛，初級狀態,香港,出口總值(含復出口),289,93100
2022-11,39071000,聚縮醛，初級狀態,哥倫比亞,出口總值(含復出口),35,20000
2022-11,39071000,聚縮醛，初級狀態,埃及,出口總值(含復出口),362,180000
2022-11,39071000,聚縮醛，初級狀態,泰國,進口總值(含復進口),347,137000
2022-11,39071000,聚縮醛，初級狀態,泰國,出口總值(含復出口),20,5500
2022-11,39071000,聚縮醛，初級狀態,馬來西亞,進口總值(含復進口),3,675
2022-11,39071000,聚縮醛，初級狀態,馬來西亞,出口總值(含復出口),12,5525
2022-11,39071000,聚縮醛，初級狀態,馬爾他,出口總值(含復出口),246,126000
2022-11,39071000,聚縮醛，初級狀態,荷蘭,進口總值(含復進口),533,85250
2022-11,39071000,聚縮醛，初級狀態,荷蘭,出口總值(含復出口),455,217000
2022-11,39071000,聚縮醛，初級狀態,越南,出口總值(含復出口),855,391500
2022-11,39071000,聚縮醛，初級狀態,塞內加爾,出口總值(含復出口),0,3
2022-11,39071000,聚縮醛，初級狀態,新加坡,出口總值(含復出口),98,36000
2022-11,39071000,聚縮醛，初級狀態,義大利,進口總值(含復進口),1,12
2022-11,39071000,聚縮醛，初級狀態,義大利,出口總值(含復出口),200,90000
2022-11,39071000,聚縮醛，初級狀態,德國,進口總值(含復進口),216,28405
2022-11,39071000,聚縮醛，初級狀態,德國,出口總值(含復出口),157,72000
2022-11,39071000,聚縮醛，初級狀態,墨西哥,進口總值(含復進口),7,525
2022-11,39071000,聚縮醛，初級狀態,薩爾瓦多,出口總值(含復出口),29,18000
2022-12,39069010,其他丙烯酸聚合物粒，初級狀態,土耳其,出口總值(含復出口),2902,1835900
2022-12,39069010,其他丙烯酸聚合物粒，初級狀態,中國大陸,進口總值(含復進口),1056,428891
2022-12,39069010,其他丙烯酸聚合物粒，初級狀態,中國大陸,出口總值(含復出口),11937,6636866
2022-12,39069010,其他丙烯酸聚合物粒，初級狀態,厄瓜多,出口總值(含復出口),184,120000
2022-12,39069010,其他丙烯酸聚合物粒，初級狀態,巴西,出口總值(含復出口),31,20000
2022-12,39069010,其他丙烯酸聚合物粒，初級狀態,巴基斯坦,出口總值(含復出口),110,68792
2022-12,39069010,其他丙烯酸聚合物粒，初級狀態,日本,進口總值(含復進口),870,264228
2022-12,39069010,其他丙烯酸聚合物粒，初級狀態,日本,出口總值(含復出口),62,38200
2022-12,39069010,其他丙烯酸聚合物粒，初級狀態,比利時,進口總值(含復進口),3,60
2022-12,39069010,其他丙烯酸聚合物粒，初級狀態,比利時,出口總值(含復出口),99,41000
2022-12,39069010,其他丙烯酸聚合物粒，初級狀態,以色列,出口總值(含復出口),128,80000
2022-12,39069010,其他丙烯酸聚合物粒，初級狀態,白俄羅斯,出口總值(含復出口),216,68000
2022-12,39069010,其他丙烯酸聚合物粒，初級狀態,印尼,出口總值(含復出口),129,29532
2022-12,39069010,其他丙烯酸聚合物粒，初級狀態,印度,出口總值(含復出口),292,129195
2022-12,39069010,其他丙烯酸聚合物粒，初級狀態,安哥拉,出口總值(含復出口),366,240000
2022-12,39069010,其他丙烯酸聚合物粒，初級狀態,西班牙,出口總值(含復出口),116,58500
2022-12,39069010,其他丙烯酸聚合物粒，初級狀態,坦尚尼亞,出口總值(含復出口),141,100000
2022-12,39069010,其他丙烯酸聚合物粒，初級狀態,奈及利亞,出口總值(含復出口),436,320000
2022-12,39069010,其他丙烯酸聚合物粒，初級狀態,孟加拉,出口總值(含復出口),47,17010
2022-12,39069010,其他丙烯酸聚合物粒，初級狀態,法國,進口總值(含復進口),6,109
2022-12,39069010,其他丙烯酸聚合物粒，初級狀態,肯亞,出口總值(含復出口),128,96000
2022-12,39069010,其他丙烯酸聚合物粒，初級狀態,阿拉伯聯合大公國,出口總值(含復出口),109,48200
2022-12,39069010,其他丙烯酸聚合物粒，初級狀態,阿根廷,出口總值(含復出口),406,290000
2022-12,39069010,其他丙烯酸聚合物粒，初級狀態,南非,出口總值(含復出口),26,16000
2022-12,39069010,其他丙烯酸聚合物粒，初級狀態,南韓,進口總值(含復進口),798,409230
2022-12,39069010,其他丙烯酸聚合物粒，初級狀態,南韓,出口總值(含復出口),721,470165
2022-12,39069010,其他丙烯酸聚合物粒，初級狀態,柬埔寨,出口總值(含復出口),321,202500
2022-12,39069010,其他丙烯酸聚合物粒，初級狀態,美國,進口總值(含復進口),554,14923
2022-12,39069010,其他丙烯酸聚合物粒，初級狀態,美國,出口總值(含復出口),154,33000
2022-12,39069010,其他丙烯酸聚合物粒，初級狀態,英國,進口總值(含復進口),3,27
2022-12,39069010,其他丙烯酸聚合物粒，初級狀態,迦納,出口總值(含復出口),259,180000
2022-12,39069010,其他丙烯酸聚合物粒，初級狀態,香港,出口總值(含復出口),97,53500
2022-12,39069010,其他丙烯酸聚合物粒，初級狀態,哥倫比亞,出口總值(含復出口),551,370200
2022-12,39069010,其他丙烯酸聚合物粒，初級狀態,泰國,出口總值(含復出口),85,39550
2022-12,39069010,其他丙烯酸聚合物粒，初級狀態,烏拉圭,出口總值(含復出口),200,144000
2022-12,39069010,其他丙烯酸聚合物粒，初級狀態,紐西蘭,出口總值(含復出口),39,18000
2022-12,39069010,其他丙烯酸聚合物粒，初級狀態,馬來西亞,出口總值(含復出口),103,25028
2022-12,39069010,其他丙烯酸聚合物粒，初級狀態,馬達加斯加,出口總值(含復出口),49,32000
2022-12,39069010,其他丙烯酸聚合物粒，初級狀態,荷蘭,進口總值(含復進口),9,1250
2022-12,39069010,其他丙烯酸聚合物粒，初級狀態,荷蘭,出口總值(含復出口),25,9000
2022-12,39069010,其他丙烯酸聚合物粒，初級狀態,喀麥隆,出口總值(含復出口),353,260000
2022-12,39069010,其他丙烯酸聚合物粒，初級狀態,斯洛維尼亞,出口總值(含復出口),107,39600
2022-12,39069010,其他丙烯酸聚合物粒，初級狀態,菲律賓,出口總值(含復出口),70,41200
2022-12,39069010,其他丙烯酸聚合物粒，初級狀態,越南,出口總值(含復出口),708,388305
2022-12,39069010,其他丙烯酸聚合物粒，初級狀態,塞內加爾,出口總值(含復出口),510,380000
2022-12,39069010,其他丙烯酸聚合物粒，初級狀態,愛爾蘭,出口總值(含復出口),205,91740
2022-12,39069010,其他丙烯酸聚合物粒，初級狀態,新加坡,進口總值(含復進口),178,68000
2022-12,39069010,其他丙烯酸聚合物粒，初級狀態,新加坡,出口總值(含復出口),143,30800
2022-12,39069010,其他丙烯酸聚合物粒，初級狀態,德國,進口總值(含復進口),178,5620
2022-12,39069010,其他丙烯酸聚合物粒，初級狀態,德國,出口總值(含復出口),2,104
2022-12,39069010,其他丙烯酸聚合物粒，初級狀態,墨西哥,出口總值(含復出口),1479,888000
2022-12,39069010,其他丙烯酸聚合物粒，初級狀態,澳大利亞,出口總值(含復出口),35,16000
2022-12,39071000,聚縮醛，初級狀態,土耳其,出口總值(含復出口),522,288000
2022-12,39071000,聚縮醛，初級狀態,中國大陸,進口總值(含復進口),15,1000
2022-12,39071000,聚縮醛，初級狀態,中國大陸,出口總值(含復出口),6539,3401502
2022-12,39071000,聚縮醛，初級狀態,巴西,出口總值(含復出口),79,40000
2022-12,39071000,聚縮醛，初級狀態,日本,進口總值(含復進口),382,116454
2022-12,39071000,聚縮醛，初級狀態,日本,出口總值(含復出口),130,79000
2022-12,39071000,聚縮醛，初級狀態,加拿大,出口總值(含復出口),64,33750
2022-12,39071000,聚縮醛，初級狀態,伊朗,出口總值(含復出口),8,9500
2022-12,39071000,聚縮醛，初級狀態,印尼,出口總值(含復出口),59,27500
2022-12,39071000,聚縮醛，初級狀態,印度,出口總值(含復出口),88,56000
2022-12,39071000,聚縮醛，初級狀態,西班牙,出口總值(含復出口),41,19050
2022-12,39071000,聚縮醛，初級狀態,孟加拉,出口總值(含復出口),18,10000
2022-12,39071000,聚縮醛，初級狀態,波蘭,出口總值(含復出口),34,18000
2022-12,39071000,聚縮醛，初級狀態,阿拉伯聯合大公國,出口總值(含復出口),64,36000
2022-12,39071000,聚縮醛，初級狀態,南非,出口總值(含復出口),33,18000
2022-12,39071000,聚縮醛，初級狀態,南韓,進口總值(含復進口),269,140000
2022-12,39071000,聚縮醛，初級狀態,美國,進口總值(含復進口),38,3000
2022-12,39071000,聚縮醛，初級狀態,美國,出口總值(含復出口),33,18000
2022-12,39071000,聚縮醛，初級狀態,香港,出口總值(含復出口),394,137275
2022-12,39071000,聚縮醛，初級狀態,泰國,進口總值(含復進口),195,80000
2022-12,39071000,聚縮醛，初級狀態,馬來西亞,出口總值(含復出口),43,24000
2022-12,39071000,聚縮醛，初級狀態,捷克,出口總值(含復出口),41,18000
2022-12,39071000,聚縮醛，初級狀態,荷蘭,進口總值(含復進口),178,32000
2022-12,39071000,聚縮醛，初級狀態,荷蘭,出口總值(含復出口),206,92000
2022-12,39071000,聚縮醛，初級狀態,智利,出口總值(含復出口),6,2000
2022-12,39071000,聚縮醛，初級狀態,越南,出口總值(含復出口),494,221125
2022-12,39071000,聚縮醛，初級狀態,新加坡,出口總值(含復出口),50,18000
2022-12,39071000,聚縮醛，初級狀態,義大利,出口總值(含復出口),287,126000
2022-12,39071000,聚縮醛，初級狀態,德國,進口總值(含復進口),302,42010
2022-12,39071000,聚縮醛，初級狀態,德國,出口總值(含復出口),165,72000
2022-12,39071000,聚縮醛，初級狀態,墨西哥,出口總值(含復出口),127,52000
2022-1,39073010,丙二酚型環氧樹脂,土耳其,出口總值(含復出口),1005,254960
2022-1,39073010,丙二酚型環氧樹脂,中國大陸,進口總值(含復進口),255,54344
2022-1,39073010,丙二酚型環氧樹脂,中國大陸,出口總值(含復出口),16516,4306860
2022-1,39073010,丙二酚型環氧樹脂,巴西,出口總值(含復出口),776,166060
2022-1,39073010,丙二酚型環氧樹脂,日本,進口總值(含復進口),121,21474
2022-1,39073010,丙二酚型環氧樹脂,日本,出口總值(含復出口),2252,620540
2022-1,39073010,丙二酚型環氧樹脂,比利時,出口總值(含復出口),62,14000
2022-1,39073010,丙二酚型環氧樹脂,以色列,出口總值(含復出口),91,17600
2022-1,39073010,丙二酚型環氧樹脂,加拿大,出口總值(含復出口),86,15960
2022-1,39073010,丙二酚型環氧樹脂,印尼,出口總值(含復出口),1693,445680
2022-1,39073010,丙二酚型環氧樹脂,印度,出口總值(含復出口),64,17600
2022-1,39073010,丙二酚型環氧樹脂,孟加拉,出口總值(含復出口),56,15000
2022-1,39073010,丙二酚型環氧樹脂,波蘭,出口總值(含復出口),266,64000
2022-1,39073010,丙二酚型環氧樹脂,阿拉伯聯合大公國,出口總值(含復出口),809,200800
2022-1,39073010,丙二酚型環氧樹脂,俄羅斯,出口總值(含復出口),342,83200
2022-1,39073010,丙二酚型環氧樹脂,南非,出口總值(含復出口),498,105600
2022-1,39073010,丙二酚型環氧樹脂,南韓,進口總值(含復進口),1,200
2022-1,39073010,丙二酚型環氧樹脂,約旦,出口總值(含復出口),157,35200
2022-1,39073010,丙二酚型環氧樹脂,美國,進口總值(含復進口),24,1668
2022-1,39073010,丙二酚型環氧樹脂,美國,出口總值(含復出口),903,200550
2022-1,39073010,丙二酚型環氧樹脂,英國,進口總值(含復進口),30,753
2022-1,39073010,丙二酚型環氧樹脂,英國,出口總值(含復出口),719,165760
2022-1,39073010,丙二酚型環氧樹脂,香港,出口總值(含復出口),682,172800
2022-1,39073010,丙二酚型環氧樹脂,哥倫比亞,出口總值(含復出口),326,81600
2022-1,39073010,丙二酚型環氧樹脂,埃及,出口總值(含復出口),147,33600
2022-1,39073010,丙二酚型環氧樹脂,泰國,進口總值(含復進口),54,7050
2022-1,39073010,丙二酚型環氧樹脂,泰國,出口總值(含復出口),431,115760
2022-1,39073010,丙二酚型環氧樹脂,紐西蘭,出口總值(含復出口),5,1000
2022-1,39073010,丙二酚型環氧樹脂,馬來西亞,進口總值(含復進口),132,24000
2022-1,39073010,丙二酚型環氧樹脂,馬來西亞,出口總值(含復出口),2362,633255
2022-1,39073010,丙二酚型環氧樹脂,荷蘭,出口總值(含復出口),2155,528130
2022-1,39073010,丙二酚型環氧樹脂,智利,出口總值(含復出口),597,140800
2022-1,39073010,丙二酚型環氧樹脂,菲律賓,出口總值(含復出口),2178,584120
2022-1,39073010,丙二酚型環氧樹脂,越南,出口總值(含復出口),1525,397725
2022-1,39073010,丙二酚型環氧樹脂,新加坡,出口總值(含復出口),2454,611220
2022-1,39073010,丙二酚型環氧樹脂,瑞士,出口總值(含復出口),30,4200
2022-1,39073010,丙二酚型環氧樹脂,義大利,出口總值(含復出口),1182,275160
2022-1,39073010,丙二酚型環氧樹脂,德國,進口總值(含復進口),36,3600
2022-1,39073010,丙二酚型環氧樹脂,德國,出口總值(含復出口),405,95740
2022-1,39073010,丙二酚型環氧樹脂,緬甸,出口總值(含復出口),115,35200
2022-1,39073010,丙二酚型環氧樹脂,墨西哥,出口總值(含復出口),155,35200
2022-1,39073010,丙二酚型環氧樹脂,澳大利亞,出口總值(含復出口),542,123340
2022-1,39073010,丙二酚型環氧樹脂,澳門,出口總值(含復出口),355,98420
2022-1,39074000,聚碳酸樹脂，初級狀態,中國大陸,進口總值(含復進口),13434,3580850
2022-1,39074000,聚碳酸樹脂，初級狀態,中國大陸,出口總值(含復出口),88806,31758310
2022-1,39074000,聚碳酸樹脂，初級狀態,中華民國,進口總值(含復進口),191,55950
2022-1,39074000,聚碳酸樹脂，初級狀態,巴西,出口總值(含復出口),39,11000
2022-1,39074000,聚碳酸樹脂，初級狀態,巴基斯坦,出口總值(含復出口),38,11000
2022-1,39074000,聚碳酸樹脂，初級狀態,日本,進口總值(含復進口),3489,525455
2022-1,39074000,聚碳酸樹脂，初級狀態,日本,出口總值(含復出口),2930,895900
2022-1,39074000,聚碳酸樹脂，初級狀態,比利時,進口總值(含復進口),10,1375
2022-1,39074000,聚碳酸樹脂，初級狀態,比利時,出口總值(含復出口),11,3000
2022-1,39074000,聚碳酸樹脂，初級狀態,以色列,出口總值(含復出口),111,30050
2022-1,39074000,聚碳酸樹脂，初級狀態,加拿大,進口總值(含復進口),3,300
2022-1,39074000,聚碳酸樹脂，初級狀態,伊朗,出口總值(含復出口),100,30000
2022-1,39074000,聚碳酸樹脂，初級狀態,印尼,進口總值(含復進口),3,1150
2022-1,39074000,聚碳酸樹脂，初級狀態,印尼,出口總值(含復出口),490,157025
2022-1,39074000,聚碳酸樹脂，初級狀態,印度,進口總值(含復進口),19,4621
2022-1,39074000,聚碳酸樹脂，初級狀態,印度,出口總值(含復出口),132,46000
2022-1,39074000,聚碳酸樹脂，初級狀態,西班牙,進口總值(含復進口),537,151315
2022-1,39074000,聚碳酸樹脂，初級狀態,西班牙,出口總值(含復出口),21,6000
2022-1,39074000,聚碳酸樹脂，初級狀態,希臘,出口總值(含復出口),29,8000
2022-1,39074000,聚碳酸樹脂，初級狀態,沙烏地阿拉伯,進口總值(含復進口),851,247200
2022-1,39074000,聚碳酸樹脂，初級狀態,孟加拉,出口總值(含復出口),218,64000
2022-1,39074000,聚碳酸樹脂，初級狀態,波蘭,出口總值(含復出口),163,48000
2022-1,39074000,聚碳酸樹脂，初級狀態,阿根廷,出口總值(含復出口),521,135000
2022-1,39074000,聚碳酸樹脂，初級狀態,俄羅斯,出口總值(含復出口),37,10250
2022-1,39074000,聚碳酸樹脂，初級狀態,南非,出口總值(含復出口),60,17000
2022-1,39074000,聚碳酸樹脂，初級狀態,南韓,進口總值(含復進口),2943,973400
2022-1,39074000,聚碳酸樹脂，初級狀態,南韓,出口總值(含復出口),2345,602500
2022-1,39074000,聚碳酸樹脂，初級狀態,柬埔寨,出口總值(含復出口),54,20000
2022-1,39074000,聚碳酸樹脂，初級狀態,美國,進口總值(含復進口),1109,100373
2022-1,39074000,聚碳酸樹脂，初級狀態,美國,出口總值(含復出口),574,149646
2022-1,39074000,聚碳酸樹脂，初級狀態,英國,出口總值(含復出口),750,185500
2022-1,39074000,聚碳酸樹脂，初級狀態,香港,出口總值(含復出口),3799,886277
2022-1,39074000,聚碳酸樹脂，初級狀態,哥倫比亞,出口總值(含復出口),157,40000
2022-1,39074000,聚碳酸樹脂，初級狀態,埃及,出口總值(含復出口),17,5000
2022-1,39074000,聚碳酸樹脂，初級狀態,挪威,出口總值(含復出口),58,19000
2022-1,39074000,聚碳酸樹脂，初級狀態,泰國,進口總值(含復進口),5558,1616809
2022-1,39074000,聚碳酸樹脂，初級狀態,泰國,出口總值(含復出口),414,121055
2022-1,39074000,聚碳酸樹脂，初級狀態,紐西蘭,出口總值(含復出口),122,36000
2022-1,39074000,聚碳酸樹脂，初級狀態,馬來西亞,進口總值(含復進口),145,13200
2022-1,39074000,聚碳酸樹脂，初級狀態,馬來西亞,出口總值(含復出口),923,267725
2022-1,39074000,聚碳酸樹脂，初級狀態,荷蘭,進口總值(含復進口),150,24020
2022-1,39074000,聚碳酸樹脂，初級狀態,荷蘭,出口總值(含復出口),481,158000
2022-1,39074000,聚碳酸樹脂，初級狀態,斯里蘭卡,出口總值(含復出口),108,31000
2022-1,39074000,聚碳酸樹脂，初級狀態,斯洛維尼亞,出口總值(含復出口),164,45000
2022-1,39074000,聚碳酸樹脂，初級狀態,菲律賓,進口總值(含復進口),5,500
2022-1,39074000,聚碳酸樹脂，初級狀態,菲律賓,出口總值(含復出口),141,37400
2022-1,39074000,聚碳酸樹脂，初級狀態,越南,出口總值(含復出口),3220,1024421
2022-1,39074000,聚碳酸樹脂，初級狀態,新加坡,進口總值(含復進口),778,131973
2022-1,39074000,聚碳酸樹脂，初級狀態,新加坡,出口總值(含復出口),757,199000
2022-1,39074000,聚碳酸樹脂，初級狀態,瑞士,進口總值(含復進口),166,20750
2022-1,39074000,聚碳酸樹脂，初級狀態,義大利,進口總值(含復進口),210,59583
2022-1,39074000,聚碳酸樹脂，初級狀態,義大利,出口總值(含復出口),4,1000
2022-1,39074000,聚碳酸樹脂，初級狀態,葡萄牙,出口總值(含復出口),24,7000
2022-1,39074000,聚碳酸樹脂，初級狀態,德國,進口總值(含復進口),2728,998550
2022-1,39074000,聚碳酸樹脂，初級狀態,德國,出口總值(含復出口),111,35000
2022-1,39074000,聚碳酸樹脂，初級狀態,墨西哥,進口總值(含復進口),36,24000
2022-1,39074000,聚碳酸樹脂，初級狀態,墨西哥,出口總值(含復出口),57,16600
2022-1,39074000,聚碳酸樹脂，初級狀態,澳大利亞,出口總值(含復出口),131,34000
2022-1,39075000,醇酸樹脂，初級狀態,中國大陸,進口總值(含復進口),23,3000
2022-1,39075000,醇酸樹脂，初級狀態,中國大陸,出口總值(含復出口),474,233830
2022-1,39075000,醇酸樹脂，初級狀態,巴基斯坦,出口總值(含復出口),37,16000
2022-1,39075000,醇酸樹脂，初級狀態,日本,進口總值(含復進口),12,3254
2022-1,39075000,醇酸樹脂，初級狀態,日本,出口總值(含復出口),126,80000
2022-1,39075000,醇酸樹脂，初級狀態,印尼,出口總值(含復出口),48,17900
2022-1,39075000,醇酸樹脂，初級狀態,印度,出口總值(含復出口),53,16000
2022-1,39075000,醇酸樹脂，初級狀態,俄羅斯,出口總值(含復出口),32,12000
2022-1,39075000,醇酸樹脂，初級狀態,南韓,出口總值(含復出口),48,12000
2022-1,39075000,醇酸樹脂，初級狀態,美國,進口總值(含復進口),4,376
2022-1,39075000,醇酸樹脂，初級狀態,美國,出口總值(含復出口),2,1000
2022-1,39075000,醇酸樹脂，初級狀態,香港,出口總值(含復出口),5,1600
2022-1,39075000,醇酸樹脂，初級狀態,哥倫比亞,出口總值(含復出口),4,1600
2022-1,39075000,醇酸樹脂，初級狀態,泰國,進口總值(含復進口),2,760
2022-1,39075000,醇酸樹脂，初級狀態,泰國,出口總值(含復出口),20,8000
2022-1,39075000,醇酸樹脂，初級狀態,紐西蘭,出口總值(含復出口),8,3200
2022-1,39075000,醇酸樹脂，初級狀態,馬來西亞,出口總值(含復出口),4,1800
2022-1,39075000,醇酸樹脂，初級狀態,斯里蘭卡,出口總值(含復出口),57,30440
2022-1,39075000,醇酸樹脂，初級狀態,象牙海岸,出口總值(含復出口),42,16000
2022-1,39075000,醇酸樹脂，初級狀態,越南,出口總值(含復出口),727,350816
2022-1,39075000,醇酸樹脂，初級狀態,新加坡,出口總值(含復出口),43,23240
2022-1,39075000,醇酸樹脂，初級狀態,德國,進口總值(含復進口),1,180
2022-1,39075000,醇酸樹脂，初級狀態,模里西斯,出口總值(含復出口),6,2400
2022-1,39075000,醇酸樹脂，初級狀態,黎巴嫩,出口總值(含復出口),21,12680
2022-1,39075000,醇酸樹脂，初級狀態,澳大利亞,出口總值(含復出口),150,79040
2022-2,39073010,丙二酚型環氧樹脂,土耳其,出口總值(含復出口),304,81600
2022-2,39073010,丙二酚型環氧樹脂,中國大陸,進口總值(含復進口),39,2983
2022-2,39073010,丙二酚型環氧樹脂,中國大陸,出口總值(含復出口),17293,4326506
2022-2,39073010,丙二酚型環氧樹脂,巴西,出口總值(含復出口),467,121040
2022-2,39073010,丙二酚型環氧樹脂,日本,進口總值(含復進口),163,8357
2022-2,39073010,丙二酚型環氧樹脂,日本,出口總值(含復出口),1542,447990
2022-2,39073010,丙二酚型環氧樹脂,加拿大,出口總值(含復出口),162,35200
2022-2,39073010,丙二酚型環氧樹脂,卡達,出口總值(含復出口),86,19200
2022-2,39073010,丙二酚型環氧樹脂,印尼,出口總值(含復出口),878,231500
2022-2,39073010,丙二酚型環氧樹脂,印度,出口總值(含復出口),337,92800
2022-2,39073010,丙二酚型環氧樹脂,多明尼加,出口總值(含復出口),124,35200
2022-2,39073010,丙二酚型環氧樹脂,西班牙,出口總值(含復出口),254,56500
2022-2,39073010,丙二酚型環氧樹脂,希臘,出口總值(含復出口),164,35200
2022-2,39073010,丙二酚型環氧樹脂,阿拉伯聯合大公國,出口總值(含復出口),414,114400
2022-2,39073010,丙二酚型環氧樹脂,阿根廷,出口總值(含復出口),66,17600
2022-2,39073010,丙二酚型環氧樹脂,阿曼,出口總值(含復出口),339,88000
2022-2,39073010,丙二酚型環氧樹脂,俄羅斯,出口總值(含復出口),465,128000
2022-2,39073010,丙二酚型環氧樹脂,南韓,進口總值(含復進口),66,16000
2022-2,39073010,丙二酚型環氧樹脂,美國,進口總值(含復進口),94,19204
2022-2,39073010,丙二酚型環氧樹脂,美國,出口總值(含復出口),854,212680
2022-2,39073010,丙二酚型環氧樹脂,英國,出口總值(含復出口),226,58000
2022-2,39073010,丙二酚型環氧樹脂,哥倫比亞,出口總值(含復出口),442,96190
2022-2,39073010,丙二酚型環氧樹脂,埃及,出口總值(含復出口),227,68800
2022-2,39073010,丙二酚型環氧樹脂,泰國,進口總值(含復進口),68,17600
2022-2,39073010,丙二酚型環氧樹脂,泰國,出口總值(含復出口),346,90775
2022-2,39073010,丙二酚型環氧樹脂,馬來西亞,出口總值(含復出口),2417,683025
2022-2,39073010,丙二酚型環氧樹脂,荷蘭,出口總值(含復出口),2893,710765
2022-2,39073010,丙二酚型環氧樹脂,喬治亞,出口總值(含復出口),81,18080
2022-2,39073010,丙二酚型環氧樹脂,菲律賓,出口總值(含復出口),1723,506830
2022-2,39073010,丙二酚型環氧樹脂,越南,出口總值(含復出口),1654,392135
2022-2,39073010,丙二酚型環氧樹脂,新加坡,出口總值(含復出口),1921,531600
2022-2,39073010,丙二酚型環氧樹脂,義大利,出口總值(含復出口),4108,1028670
2022-2,39073010,丙二酚型環氧樹脂,德國,進口總值(含復進口),105,18000
2022-2,39073010,丙二酚型環氧樹脂,德國,出口總值(含復出口),372,95720
2022-2,39073010,丙二酚型環氧樹脂,模里西斯,出口總值(含復出口),30,7920
2022-2,39073010,丙二酚型環氧樹脂,墨西哥,出口總值(含復出口),232,70080
2022-2,39073010,丙二酚型環氧樹脂,澳大利亞,出口總值(含復出口),1106,270640
2022-2,39073010,丙二酚型環氧樹脂,澳門,出口總值(含復出口),442,119370
2022-2,39074000,聚碳酸樹脂，初級狀態,土耳其,出口總值(含復出口),134,48000
2022-2,39074000,聚碳酸樹脂，初級狀態,中國大陸,進口總值(含復進口),7652,2166540
2022-2,39074000,聚碳酸樹脂，初級狀態,中國大陸,出口總值(含復出口),79617,28176402
2022-2,39074000,聚碳酸樹脂，初級狀態,中華民國,進口總值(含復進口),74,29893
2022-2,39074000,聚碳酸樹脂，初級狀態,丹麥,進口總值(含復進口),3,100
2022-2,39074000,聚碳酸樹脂，初級狀態,巴西,出口總值(含復出口),6,2000
2022-2,39074000,聚碳酸樹脂，初級狀態,巴基斯坦,出口總值(含復出口),60,19000
2022-2,39074000,聚碳酸樹脂，初級狀態,日本,進口總值(含復進口),7190,795286
2022-2,39074000,聚碳酸樹脂，初級狀態,日本,出口總值(含復出口),1494,518925
2022-2,39074000,聚碳酸樹脂，初級狀態,比利時,進口總值(含復進口),332,64595
2022-2,39074000,聚碳酸樹脂，初級狀態,比利時,出口總值(含復出口),20,6000
2022-2,39074000,聚碳酸樹脂，初級狀態,以色列,出口總值(含復出口),231,63000
2022-2,39074000,聚碳酸樹脂，初級狀態,加拿大,出口總值(含復出口),195,56000
2022-2,39074000,聚碳酸樹脂，初級狀態,伊朗,出口總值(含復出口),226,54000
2022-2,39074000,聚碳酸樹脂，初級狀態,印尼,出口總值(含復出口),663,197500
2022-2,39074000,聚碳酸樹脂，初級狀態,印度,進口總值(含復進口),2,800
2022-2,39074000,聚碳酸樹脂，初級狀態,印度,出口總值(含復出口),236,55000
2022-2,39074000,聚碳酸樹脂，初級狀態,西班牙,進口總值(含復進口),841,260520
2022-2,39074000,聚碳酸樹脂，初級狀態,西班牙,出口總值(含復出口),4,1000
2022-2,39074000,聚碳酸樹脂，初級狀態,沙烏地阿拉伯,進口總值(含復進口),614,223200
2022-2,39074000,聚碳酸樹脂，初級狀態,孟加拉,出口總值(含復出口),170,55000
2022-2,39074000,聚碳酸樹脂，初級狀態,波蘭,出口總值(含復出口),17,5000
2022-2,39074000,聚碳酸樹脂，初級狀態,法國,出口總值(含復出口),41,11000
2022-2,39074000,聚碳酸樹脂，初級狀態,阿根廷,出口總值(含復出口),232,66000
2022-2,39074000,聚碳酸樹脂，初級狀態,南非,出口總值(含復出口),66,20000
2022-2,39074000,聚碳酸樹脂，初級狀態,南韓,進口總值(含復進口),3840,1358352
2022-2,39074000,聚碳酸樹脂，初級狀態,南韓,出口總值(含復出口),1686,510658
2022-2,39074000,聚碳酸樹脂，初級狀態,突尼西亞,出口總值(含復出口),58,13000
2022-2,39074000,聚碳酸樹脂，初級狀態,美國,進口總值(含復進口),639,57449
2022-2,39074000,聚碳酸樹脂，初級狀態,美國,出口總值(含復出口),292,88000
2022-2,39074000,聚碳酸樹脂，初級狀態,英國,出口總值(含復出口),20,5625
2022-2,39074000,聚碳酸樹脂，初級狀態,香港,出口總值(含復出口),5024,1193750
2022-2,39074000,聚碳酸樹脂，初級狀態,哥倫比亞,出口總值(含復出口),31,9000
2022-2,39074000,聚碳酸樹脂，初級狀態,埃及,出口總值(含復出口),63,16000
2022-2,39074000,聚碳酸樹脂，初級狀態,泰國,進口總值(含復進口),2661,829650
2022-2,39074000,聚碳酸樹脂，初級狀態,泰國,出口總值(含復出口),592,185510
2022-2,39074000,聚碳酸樹脂，初級狀態,紐西蘭,出口總值(含復出口),11,3000
2022-2,39074000,聚碳酸樹脂，初級狀態,馬來西亞,出口總值(含復出口),1030,312484
2022-2,39074000,聚碳酸樹脂，初級狀態,荷蘭,進口總值(含復進口),135,20000
2022-2,39074000,聚碳酸樹脂，初級狀態,荷蘭,出口總值(含復出口),757,254250
2022-2,39074000,聚碳酸樹脂，初級狀態,斯里蘭卡,出口總值(含復出口),55,18000
2022-2,39074000,聚碳酸樹脂，初級狀態,斯洛維尼亞,出口總值(含復出口),21,6000
2022-2,39074000,聚碳酸樹脂，初級狀態,智利,出口總值(含復出口),13,3000
2022-2,39074000,聚碳酸樹脂，初級狀態,菲律賓,出口總值(含復出口),11,4000
2022-2,39074000,聚碳酸樹脂，初級狀態,越南,出口總值(含復出口),2483,737295
2022-2,39074000,聚碳酸樹脂，初級狀態,新加坡,進口總值(含復進口),688,134057
2022-2,39074000,聚碳酸樹脂，初級狀態,新加坡,出口總值(含復出口),411,82000
2022-2,39074000,聚碳酸樹脂，初級狀態,瑞典,出口總值(含復出口),44,16000
2022-2,39074000,聚碳酸樹脂，初級狀態,義大利,進口總值(含復進口),116,16000
2022-2,39074000,聚碳酸樹脂，初級狀態,義大利,出口總值(含復出口),110,38000
2022-2,39074000,聚碳酸樹脂，初級狀態,葡萄牙,出口總值(含復出口),17,5000
2022-2,39074000,聚碳酸樹脂，初級狀態,德國,進口總值(含復進口),2143,925125
2022-2,39074000,聚碳酸樹脂，初級狀態,摩洛哥,出口總值(含復出口),58,16000
2022-2,39074000,聚碳酸樹脂，初級狀態,緬甸,出口總值(含復出口),271,50305
2022-2,39074000,聚碳酸樹脂，初級狀態,黎巴嫩,出口總值(含復出口),161,44000
2022-2,39074000,聚碳酸樹脂，初級狀態,墨西哥,進口總值(含復進口),2,92
2022-2,39074000,聚碳酸樹脂，初級狀態,墨西哥,出口總值(含復出口),232,66000
2022-2,39074000,聚碳酸樹脂，初級狀態,澳大利亞,出口總值(含復出口),13,4000
2022-2,39075000,醇酸樹脂，初級狀態,中國大陸,進口總值(含復進口),75,10900
2022-2,39075000,醇酸樹脂，初級狀態,中國大陸,出口總值(含復出口),243,139495
2022-2,39075000,醇酸樹脂，初級狀態,日本,進口總值(含復進口),2,162
2022-2,39075000,醇酸樹脂，初級狀態,日本,出口總值(含復出口),143,90000
2022-2,39075000,醇酸樹脂，初級狀態,印尼,出口總值(含復出口),10,4200
2022-2,39075000,醇酸樹脂，初級狀態,印度,出口總值(含復出口),53,16000
2022-2,39075000,醇酸樹脂，初級狀態,坦尚尼亞,出口總值(含復出口),44,19200
2022-2,39075000,醇酸樹脂，初級狀態,孟加拉,出口總值(含復出口),13,4940
2022-2,39075000,醇酸樹脂，初級狀態,俄羅斯,出口總值(含復出口),2,800
2022-2,39075000,醇酸樹脂，初級狀態,南韓,出口總值(含復出口),7,2400
2022-2,39075000,醇酸樹脂，初級狀態,美國,進口總值(含復進口),43,880
2022-2,39075000,醇酸樹脂，初級狀態,哥倫比亞,出口總值(含復出口),2,800
2022-2,39075000,醇酸樹脂，初級狀態,泰國,進口總值(含復進口),1,380
2022-2,39075000,醇酸樹脂，初級狀態,泰國,出口總值(含復出口),6,2520
2022-2,39075000,醇酸樹脂，初級狀態,馬來西亞,出口總值(含復出口),34,16634
2022-2,39075000,醇酸樹脂，初級狀態,斯里蘭卡,出口總值(含復出口),287,142600
2022-2,39075000,醇酸樹脂，初級狀態,越南,出口總值(含復出口),1473,695870
2022-2,39075000,醇酸樹脂，初級狀態,新加坡,出口總值(含復出口),78,34000
2022-2,39075000,醇酸樹脂，初級狀態,德國,進口總值(含復進口),19,3900
2022-2,39075000,醇酸樹脂，初級狀態,模里西斯,出口總值(含復出口),15,6480
2022-2,39075000,醇酸樹脂，初級狀態,黎巴嫩,出口總值(含復出口),28,15900
2022-2,39075000,醇酸樹脂，初級狀態,澳大利亞,出口總值(含復出口),282,139060
2022-3,39073010,丙二酚型環氧樹脂,土耳其,出口總值(含復出口),701,196400
2022-3,39073010,丙二酚型環氧樹脂,中國大陸,進口總值(含復進口),157,23475
2022-3,39073010,丙二酚型環氧樹脂,中國大陸,出口總值(含復出口),23488,5768051
2022-3,39073010,丙二酚型環氧樹脂,巴西,出口總值(含復出口),628,172120
2022-3,39073010,丙二酚型環氧樹脂,日本,進口總值(含復進口),93,3228
2022-3,39073010,丙二酚型環氧樹脂,日本,出口總值(含復出口),1430,397778
2022-3,39073010,丙二酚型環氧樹脂,加拿大,出口總值(含復出口),59,15840
2022-3,39073010,丙二酚型環氧樹脂,卡達,出口總值(含復出口),197,54400
2022-3,39073010,丙二酚型環氧樹脂,印尼,出口總值(含復出口),377,98410
2022-3,39073010,丙二酚型環氧樹脂,印度,出口總值(含復出口),117,35200
2022-3,39073010,丙二酚型環氧樹脂,多明尼加,出口總值(含復出口),62,17600
2022-3,39073010,丙二酚型環氧樹脂,西班牙,出口總值(含復出口),353,79200
2022-3,39073010,丙二酚型環氧樹脂,坦尚尼亞,出口總值(含復出口),49,17600
2022-3,39073010,丙二酚型環氧樹脂,阿拉伯聯合大公國,出口總值(含復出口),461,113240
2022-3,39073010,丙二酚型環氧樹脂,阿曼,出口總值(含復出口),342,88000
2022-3,39073010,丙二酚型環氧樹脂,南韓,進口總值(含復進口),196,12001
2022-3,39073010,丙二酚型環氧樹脂,美國,進口總值(含復進口),245,22602
2022-3,39073010,丙二酚型環氧樹脂,美國,出口總值(含復出口),666,184800
2022-3,39073010,丙二酚型環氧樹脂,英國,進口總值(含復進口),10,257
2022-3,39073010,丙二酚型環氧樹脂,英國,出口總值(含復出口),2542,645100
2022-3,39073010,丙二酚型環氧樹脂,香港,出口總值(含復出口),437,115200
2022-3,39073010,丙二酚型環氧樹脂,哥倫比亞,出口總值(含復出口),416,118400
2022-3,39073010,丙二酚型環氧樹脂,泰國,出口總值(含復出口),426,110875
2022-3,39073010,丙二酚型環氧樹脂,紐西蘭,出口總值(含復出口),5,1000
2022-3,39073010,丙二酚型環氧樹脂,馬來西亞,進口總值(含復進口),265,48000
2022-3,39073010,丙二酚型環氧樹脂,馬來西亞,出口總值(含復出口),4108,1107525
2022-3,39073010,丙二酚型環氧樹脂,荷蘭,進口總值(含復進口),69,11450
2022-3,39073010,丙二酚型環氧樹脂,荷蘭,出口總值(含復出口),4162,1020180
2022-3,39073010,丙二酚型環氧樹脂,菲律賓,出口總值(含復出口),2763,768765
2022-3,39073010,丙二酚型環氧樹脂,越南,出口總值(含復出口),1315,329790
2022-3,39073010,丙二酚型環氧樹脂,新加坡,出口總值(含復出口),860,236135
2022-3,39073010,丙二酚型環氧樹脂,義大利,出口總值(含復出口),1870,462495
2022-3,39073010,丙二酚型環氧樹脂,德國,出口總值(含復出口),585,168040
2022-3,39073010,丙二酚型環氧樹脂,緬甸,出口總值(含復出口),12,3520
2022-3,39073010,丙二酚型環氧樹脂,墨西哥,出口總值(含復出口),264,73608
2022-3,39073010,丙二酚型環氧樹脂,澳大利亞,出口總值(含復出口),347,88200
2022-3,39073010,丙二酚型環氧樹脂,澳門,出口總值(含復出口),310,79680
2022-3,39074000,聚碳酸樹脂，初級狀態,土耳其,出口總值(含復出口),45,16000
2022-3,39074000,聚碳酸樹脂，初級狀態,中國大陸,進口總值(含復進口),20109,5370565
2022-3,39074000,聚碳酸樹脂，初級狀態,中國大陸,出口總值(含復出口),107656,36288148
2022-3,39074000,聚碳酸樹脂，初級狀態,丹麥,出口總值(含復出口),13,4000
2022-3,39074000,聚碳酸樹脂，初級狀態,巴西,出口總值(含復出口),396,78000
2022-3,39074000,聚碳酸樹脂，初級狀態,巴基斯坦,出口總值(含復出口),114,38000
2022-3,39074000,聚碳酸樹脂，初級狀態,日本,進口總值(含復進口),8752,1003054
2022-3,39074000,聚碳酸樹脂，初級狀態,日本,出口總值(含復出口),3443,1110625
2022-3,39074000,聚碳酸樹脂，初級狀態,比利時,進口總值(含復進口),552,188974
2022-3,39074000,聚碳酸樹脂，初級狀態,比利時,出口總值(含復出口),40,10000
2022-3,39074000,聚碳酸樹脂，初級狀態,以色列,出口總值(含復出口),172,46000
2022-3,39074000,聚碳酸樹脂，初級狀態,加拿大,出口總值(含復出口),284,74000
2022-3,39074000,聚碳酸樹脂，初級狀態,伊朗,出口總值(含復出口),210,52000
2022-3,39074000,聚碳酸樹脂，初級狀態,印尼,進口總值(含復進口),86,25000
2022-3,39074000,聚碳酸樹脂，初級狀態,印尼,出口總值(含復出口),531,154000
2022-3,39074000,聚碳酸樹脂，初級狀態,印度,進口總值(含復進口),4,2000
2022-3,39074000,聚碳酸樹脂，初級狀態,印度,出口總值(含復出口),314,72000
2022-3,39074000,聚碳酸樹脂，初級狀態,西班牙,進口總值(含復進口),5518,1500250
2022-3,39074000,聚碳酸樹脂，初級狀態,西班牙,出口總值(含復出口),36,12000
2022-3,39074000,聚碳酸樹脂，初級狀態,希臘,出口總值(含復出口),16,5000
2022-3,39074000,聚碳酸樹脂，初級狀態,沙烏地阿拉伯,進口總值(含復進口),2261,762400
2022-3,39074000,聚碳酸樹脂，初級狀態,孟加拉,出口總值(含復出口),60,20000
2022-3,39074000,聚碳酸樹脂，初級狀態,波蘭,出口總值(含復出口),58,16000
2022-3,39074000,聚碳酸樹脂，初級狀態,法國,出口總值(含復出口),20,5000
2022-3,39074000,聚碳酸樹脂，初級狀態,阿拉伯聯合大公國,出口總值(含復出口),156,48000
2022-3,39074000,聚碳酸樹脂，初級狀態,阿根廷,出口總值(含復出口),20,6000
2022-3,39074000,聚碳酸樹脂，初級狀態,南非,出口總值(含復出口),12,4000
2022-3,39074000,聚碳酸樹脂，初級狀態,南韓,進口總值(含復進口),4787,1644563
2022-3,39074000,聚碳酸樹脂，初級狀態,南韓,出口總值(含復出口),1619,486000
2022-3,39074000,聚碳酸樹脂，初級狀態,突尼西亞,出口總值(含復出口),14,4000
2022-3,39074000,聚碳酸樹脂，初級狀態,美國,進口總值(含復進口),534,50763
2022-3,39074000,聚碳酸樹脂，初級狀態,美國,出口總值(含復出口),1558,452095
2022-3,39074000,聚碳酸樹脂，初級狀態,英國,出口總值(含復出口),493,128125
2022-3,39074000,聚碳酸樹脂，初級狀態,香港,出口總值(含復出口),4811,1146700
2022-3,39074000,聚碳酸樹脂，初級狀態,哥倫比亞,出口總值(含復出口),72,20000
2022-3,39074000,聚碳酸樹脂，初級狀態,哥斯大黎加,出口總值(含復出口),0,320
2022-3,39074000,聚碳酸樹脂，初級狀態,挪威,出口總值(含復出口),45,16000
2022-3,39074000,聚碳酸樹脂，初級狀態,泰國,進口總值(含復進口),5739,1801884
2022-3,39074000,聚碳酸樹脂，初級狀態,泰國,出口總值(含復出口),280,82325
2022-3,39074000,聚碳酸樹脂，初級狀態,馬來西亞,進口總值(含復進口),260,24000
2022-3,39074000,聚碳酸樹脂，初級狀態,馬來西亞,出口總值(含復出口),1154,344432
2022-3,39074000,聚碳酸樹脂，初級狀態,荷蘭,進口總值(含復進口),10,500
2022-3,39074000,聚碳酸樹脂，初級狀態,荷蘭,出口總值(含復出口),1378,439000
2022-3,39074000,聚碳酸樹脂，初級狀態,斯洛維尼亞,出口總值(含復出口),44,14000
2022-3,39074000,聚碳酸樹脂，初級狀態,智利,出口總值(含復出口),19,5000
2022-3,39074000,聚碳酸樹脂，初級狀態,菲律賓,出口總值(含復出口),135,44000
2022-3,39074000,聚碳酸樹脂，初級狀態,越南,進口總值(含復進口),1,225
2022-3,39074000,聚碳酸樹脂，初級狀態,越南,出口總值(含復出口),5865,1629587
2022-3,39074000,聚碳酸樹脂，初級狀態,新加坡,進口總值(含復進口),604,104025
2022-3,39074000,聚碳酸樹脂，初級狀態,新加坡,出口總值(含復出口),169,39725
2022-3,39074000,聚碳酸樹脂，初級狀態,瑞士,進口總值(含復進口),300,37150
2022-3,39074000,聚碳酸樹脂，初級狀態,瑞典,出口總值(含復出口),59,20000
2022-3,39074000,聚碳酸樹脂，初級狀態,義大利,進口總值(含復進口),24,9356
2022-3,39074000,聚碳酸樹脂，初級狀態,義大利,出口總值(含復出口),24,8000
2022-3,39074000,聚碳酸樹脂，初級狀態,德國,進口總值(含復進口),2243,1024116
2022-3,39074000,聚碳酸樹脂，初級狀態,德國,出口總值(含復出口),101,33000
2022-3,39074000,聚碳酸樹脂，初級狀態,緬甸,出口總值(含復出口),60,32000
2022-3,39074000,聚碳酸樹脂，初級狀態,墨西哥,進口總值(含復進口),3,93
2022-3,39074000,聚碳酸樹脂，初級狀態,墨西哥,出口總值(含復出口),308,97050
2022-3,39074000,聚碳酸樹脂，初級狀態,澳大利亞,出口總值(含復出口),27,8000
2022-3,39075000,醇酸樹脂，初級狀態,中國大陸,進口總值(含復進口),2,540
2022-3,39075000,醇酸樹脂，初級狀態,中國大陸,出口總值(含復出口),529,274801
2022-3,39075000,醇酸樹脂，初級狀態,日本,進口總值(含復進口),9,2194
2022-3,39075000,醇酸樹脂，初級狀態,日本,出口總值(含復出口),194,103275
2022-3,39075000,醇酸樹脂，初級狀態,印尼,出口總值(含復出口),11,5700
2022-3,39075000,醇酸樹脂，初級狀態,印度,出口總值(含復出口),138,50000
2022-3,39075000,醇酸樹脂，初級狀態,孟加拉,出口總值(含復出口),85,11200
2022-3,39075000,醇酸樹脂，初級狀態,美國,進口總值(含復進口),15,1882
2022-3,39075000,醇酸樹脂，初級狀態,哥倫比亞,出口總值(含復出口),16,6400
2022-3,39075000,醇酸樹脂，初級狀態,泰國,出口總值(含復出口),37,15155
2022-3,39075000,醇酸樹脂，初級狀態,馬來西亞,出口總值(含復出口),55,27200
2022-3,39075000,醇酸樹脂，初級狀態,斯里蘭卡,出口總值(含復出口),27,16000
2022-3,39075000,醇酸樹脂，初級狀態,菲律賓,出口總值(含復出口),55,13750
2022-3,39075000,醇酸樹脂，初級狀態,越南,出口總值(含復出口),1738,805938
2022-3,39075000,醇酸樹脂，初級狀態,新加坡,出口總值(含復出口),155,33200
2022-3,39075000,醇酸樹脂，初級狀態,模里西斯,出口總值(含復出口),10,4040
2022-3,39075000,醇酸樹脂，初級狀態,澳大利亞,出口總值(含復出口),244,126600
2022-4,39073010,丙二酚型環氧樹脂,土耳其,出口總值(含復出口),745,208000
2022-4,39073010,丙二酚型環氧樹脂,中國大陸,進口總值(含復進口),130,37750
2022-4,39073010,丙二酚型環氧樹脂,中國大陸,出口總值(含復出口),14357,3797439
2022-4,39073010,丙二酚型環氧樹脂,丹麥,進口總值(含復進口),95,10000
2022-4,39073010,丙二酚型環氧樹脂,巴西,出口總值(含復出口),728,202360
2022-4,39073010,丙二酚型環氧樹脂,日本,進口總值(含復進口),142,9594
2022-4,39073010,丙二酚型環氧樹脂,日本,出口總值(含復出口),1282,358435
2022-4,39073010,丙二酚型環氧樹脂,印尼,出口總值(含復出口),780,200000
2022-4,39073010,丙二酚型環氧樹脂,印度,出口總值(含復出口),14,5280
2022-4,39073010,丙二酚型環氧樹脂,西班牙,出口總值(含復出口),342,79200
2022-4,39073010,丙二酚型環氧樹脂,沙烏地阿拉伯,出口總值(含復出口),364,105600
2022-4,39073010,丙二酚型環氧樹脂,阿拉伯聯合大公國,出口總值(含復出口),124,33600
2022-4,39073010,丙二酚型環氧樹脂,阿根廷,出口總值(含復出口),69,17600
2022-4,39073010,丙二酚型環氧樹脂,阿曼,出口總值(含復出口),347,88000
2022-4,39073010,丙二酚型環氧樹脂,南非,出口總值(含復出口),35,8800
2022-4,39073010,丙二酚型環氧樹脂,南韓,進口總值(含復進口),0,1134
2022-4,39073010,丙二酚型環氧樹脂,美國,進口總值(含復進口),49,609
2022-4,39073010,丙二酚型環氧樹脂,美國,出口總值(含復出口),1095,300810
2022-4,39073010,丙二酚型環氧樹脂,英國,進口總值(含復進口),10,257
2022-4,39073010,丙二酚型環氧樹脂,英國,出口總值(含復出口),2813,701100
2022-4,39073010,丙二酚型環氧樹脂,哥倫比亞,出口總值(含復出口),330,83780
2022-4,39073010,丙二酚型環氧樹脂,泰國,進口總值(含復進口),68,17600
2022-4,39073010,丙二酚型環氧樹脂,泰國,出口總值(含復出口),575,152640
2022-4,39073010,丙二酚型環氧樹脂,馬來西亞,進口總值(含復進口),134,24000
2022-4,39073010,丙二酚型環氧樹脂,馬來西亞,出口總值(含復出口),3407,906065
2022-4,39073010,丙二酚型環氧樹脂,荷蘭,出口總值(含復出口),2921,751540
2022-4,39073010,丙二酚型環氧樹脂,菲律賓,出口總值(含復出口),1683,503321
2022-4,39073010,丙二酚型環氧樹脂,越南,出口總值(含復出口),2172,568825
2022-4,39073010,丙二酚型環氧樹脂,新加坡,出口總值(含復出口),1461,398060
2022-4,39073010,丙二酚型環氧樹脂,義大利,進口總值(含復進口),8,1500
2022-4,39073010,丙二酚型環氧樹脂,義大利,出口總值(含復出口),1115,317090
2022-4,39073010,丙二酚型環氧樹脂,德國,進口總值(含復進口),220,34460
2022-4,39073010,丙二酚型環氧樹脂,德國,出口總值(含復出口),538,144070
2022-4,39073010,丙二酚型環氧樹脂,墨西哥,出口總值(含復出口),661,211204
2022-4,39073010,丙二酚型環氧樹脂,澳大利亞,出口總值(含復出口),880,223840
2022-4,39073010,丙二酚型環氧樹脂,澳門,出口總值(含復出口),379,99420
2022-4,39074000,聚碳酸樹脂，初級狀態,中國大陸,進口總值(含復進口),12768,3697855
2022-4,39074000,聚碳酸樹脂，初級狀態,中國大陸,出口總值(含復出口),79815,26064003
2022-4,39074000,聚碳酸樹脂，初級狀態,丹麥,進口總值(含復進口),10,400
2022-4,39074000,聚碳酸樹脂，初級狀態,丹麥,出口總值(含復出口),25,8000
2022-4,39074000,聚碳酸樹脂，初級狀態,巴西,進口總值(含復進口),3,325
2022-4,39074000,聚碳酸樹脂，初級狀態,巴基斯坦,出口總值(含復出口),70,23000
2022-4,39074000,聚碳酸樹脂，初級狀態,日本,進口總值(含復進口),7511,867553
2022-4,39074000,聚碳酸樹脂，初級狀態,日本,出口總值(含復出口),2168,725050
2022-4,39074000,聚碳酸樹脂，初級狀態,比利時,進口總值(含復進口),549,150632
2022-4,39074000,聚碳酸樹脂，初級狀態,比利時,出口總值(含復出口),114,34000
2022-4,39074000,聚碳酸樹脂，初級狀態,以色列,出口總值(含復出口),42,12000
2022-4,39074000,聚碳酸樹脂，初級狀態,加拿大,進口總值(含復進口),122,6000
2022-4,39074000,聚碳酸樹脂，初級狀態,加拿大,出口總值(含復出口),123,33000
2022-4,39074000,聚碳酸樹脂，初級狀態,伊朗,出口總值(含復出口),135,32000
2022-4,39074000,聚碳酸樹脂，初級狀態,印尼,出口總值(含復出口),507,161000
2022-4,39074000,聚碳酸樹脂，初級狀態,印度,出口總值(含復出口),141,28000
2022-4,39074000,聚碳酸樹脂，初級狀態,西班牙,進口總值(含復進口),468,149585
2022-4,39074000,聚碳酸樹脂，初級狀態,西班牙,出口總值(含復出口),53,18000
2022-4,39074000,聚碳酸樹脂，初級狀態,沙烏地阿拉伯,進口總值(含復進口),3185,1066400
2022-4,39074000,聚碳酸樹脂，初級狀態,孟加拉,出口總值(含復出口),234,76050
2022-4,39074000,聚碳酸樹脂，初級狀態,波蘭,出口總值(含復出口),3,1000
2022-4,39074000,聚碳酸樹脂，初級狀態,法國,出口總值(含復出口),51,16000
2022-4,39074000,聚碳酸樹脂，初級狀態,阿拉伯聯合大公國,出口總值(含復出口),55,16000
2022-4,39074000,聚碳酸樹脂，初級狀態,阿根廷,出口總值(含復出口),201,60000
2022-4,39074000,聚碳酸樹脂，初級狀態,南非,出口總值(含復出口),23,7000
2022-4,39074000,聚碳酸樹脂，初級狀態,南韓,進口總值(含復進口),2939,990450
2022-4,39074000,聚碳酸樹脂，初級狀態,南韓,出口總值(含復出口),1143,364382
2022-4,39074000,聚碳酸樹脂，初級狀態,突尼西亞,出口總值(含復出口),5,300
2022-4,39074000,聚碳酸樹脂，初級狀態,美國,進口總值(含復進口),274,42865
2022-4,39074000,聚碳酸樹脂，初級狀態,美國,出口總值(含復出口),665,198950
2022-4,39074000,聚碳酸樹脂，初級狀態,英國,出口總值(含復出口),57,17625
2022-4,39074000,聚碳酸樹脂，初級狀態,香港,出口總值(含復出口),3447,864318
2022-4,39074000,聚碳酸樹脂，初級狀態,哥倫比亞,出口總值(含復出口),79,24000
2022-4,39074000,聚碳酸樹脂，初級狀態,泰國,進口總值(含復進口),3966,1255125
2022-4,39074000,聚碳酸樹脂，初級狀態,泰國,出口總值(含復出口),779,233825
2022-4,39074000,聚碳酸樹脂，初級狀態,秘魯,出口總值(含復出口),110,32000
2022-4,39074000,聚碳酸樹脂，初級狀態,紐西蘭,出口總值(含復出口),11,4000
2022-4,39074000,聚碳酸樹脂，初級狀態,馬來西亞,進口總值(含復進口),66,25000
2022-4,39074000,聚碳酸樹脂，初級狀態,馬來西亞,出口總值(含復出口),1975,552394
2022-4,39074000,聚碳酸樹脂，初級狀態,荷蘭,進口總值(含復進口),99,23750
2022-4,39074000,聚碳酸樹脂，初級狀態,荷蘭,出口總值(含復出口),1493,460800
2022-4,39074000,聚碳酸樹脂，初級狀態,斯里蘭卡,出口總值(含復出口),58,19000
2022-4,39074000,聚碳酸樹脂，初級狀態,斯洛維尼亞,出口總值(含復出口),18,6000
2022-4,39074000,聚碳酸樹脂，初級狀態,智利,出口總值(含復出口),15,4000
2022-4,39074000,聚碳酸樹脂，初級狀態,菲律賓,出口總值(含復出口),208,97510
2022-4,39074000,聚碳酸樹脂，初級狀態,越南,進口總值(含復進口),59,24000
2022-4,39074000,聚碳酸樹脂，初級狀態,越南,出口總值(含復出口),3984,1213397
2022-4,39074000,聚碳酸樹脂，初級狀態,新加坡,進口總值(含復進口),443,94975
2022-4,39074000,聚碳酸樹脂，初級狀態,新加坡,出口總值(含復出口),243,53175
2022-4,39074000,聚碳酸樹脂，初級狀態,瑞士,進口總值(含復進口),183,23875
2022-4,39074000,聚碳酸樹脂，初級狀態,瑞典,出口總值(含復出口),99,32000
2022-4,39074000,聚碳酸樹脂，初級狀態,義大利,進口總值(含復進口),16,6258
2022-4,39074000,聚碳酸樹脂，初級狀態,義大利,出口總值(含復出口),10,3000
2022-4,39074000,聚碳酸樹脂，初級狀態,葡萄牙,出口總值(含復出口),23,6000
2022-4,39074000,聚碳酸樹脂，初級狀態,德國,進口總值(含復進口),309,101275
2022-4,39074000,聚碳酸樹脂，初級狀態,德國,出口總值(含復出口),100,32000
2022-4,39074000,聚碳酸樹脂，初級狀態,緬甸,出口總值(含復出口),30,16000
2022-4,39074000,聚碳酸樹脂，初級狀態,墨西哥,進口總值(含復進口),0,0
2022-4,39074000,聚碳酸樹脂，初級狀態,墨西哥,出口總值(含復出口),142,40100
2022-4,39074000,聚碳酸樹脂，初級狀態,澳大利亞,出口總值(含復出口),53,13000
2022-4,39075000,醇酸樹脂，初級狀態,中國大陸,進口總值(含復進口),70,25746
2022-4,39075000,醇酸樹脂，初級狀態,中國大陸,出口總值(含復出口),577,294295
2022-4,39075000,醇酸樹脂，初級狀態,日本,進口總值(含復進口),3,468
2022-4,39075000,醇酸樹脂，初級狀態,日本,出口總值(含復出口),90,51300
2022-4,39075000,醇酸樹脂，初級狀態,孟加拉,出口總值(含復出口),71,14160
2022-4,39075000,醇酸樹脂，初級狀態,南韓,出口總值(含復出口),7,2400
2022-4,39075000,醇酸樹脂，初級狀態,美國,進口總值(含復進口),10,1440
2022-4,39075000,醇酸樹脂，初級狀態,美國,出口總值(含復出口),8,3360
2022-4,39075000,醇酸樹脂，初級狀態,哥倫比亞,出口總值(含復出口),7,2800
2022-4,39075000,醇酸樹脂，初級狀態,泰國,出口總值(含復出口),51,19000
2022-4,39075000,醇酸樹脂，初級狀態,馬來西亞,出口總值(含復出口),279,91834
2022-4,39075000,醇酸樹脂，初級狀態,喀麥隆,出口總值(含復出口),32,16000
2022-4,39075000,醇酸樹脂，初級狀態,斯里蘭卡,出口總值(含復出口),65,32000
2022-4,39075000,醇酸樹脂，初級狀態,越南,出口總值(含復出口),1789,860182
2022-4,39075000,醇酸樹脂，初級狀態,奧地利,進口總值(含復進口),42,12390
2022-4,39075000,醇酸樹脂，初級狀態,新加坡,出口總值(含復出口),36,20000
2022-4,39075000,醇酸樹脂，初級狀態,德國,進口總值(含復進口),8,1560
2022-4,39075000,醇酸樹脂，初級狀態,澳大利亞,出口總值(含復出口),253,120400
2022-5,39073010,丙二酚型環氧樹脂,土耳其,出口總值(含復出口),735,212800
2022-5,39073010,丙二酚型環氧樹脂,中國大陸,進口總值(含復進口),62,5005
2022-5,39073010,丙二酚型環氧樹脂,中國大陸,出口總值(含復出口),17704,4746111
2022-5,39073010,丙二酚型環氧樹脂,巴西,出口總值(含復出口),463,124690
2022-5,39073010,丙二酚型環氧樹脂,日本,進口總值(含復進口),127,5389
2022-5,39073010,丙二酚型環氧樹脂,日本,出口總值(含復出口),2851,804575
2022-5,39073010,丙二酚型環氧樹脂,比利時,出口總值(含復出口),47,14000
2022-5,39073010,丙二酚型環氧樹脂,加拿大,出口總值(含復出口),59,15840
2022-5,39073010,丙二酚型環氧樹脂,印尼,出口總值(含復出口),170,52520
2022-5,39073010,丙二酚型環氧樹脂,印度,進口總值(含復進口),2,480
2022-5,39073010,丙二酚型環氧樹脂,西班牙,出口總值(含復出口),509,118800
2022-5,39073010,丙二酚型環氧樹脂,希臘,出口總值(含復出口),78,17600
2022-5,39073010,丙二酚型環氧樹脂,沙烏地阿拉伯,出口總值(含復出口),66,17600
2022-5,39073010,丙二酚型環氧樹脂,孟加拉,出口總值(含復出口),51,15000
2022-5,39073010,丙二酚型環氧樹脂,肯亞,出口總值(含復出口),67,17600
2022-5,39073010,丙二酚型環氧樹脂,阿拉伯聯合大公國,出口總值(含復出口),632,161000
2022-5,39073010,丙二酚型環氧樹脂,阿曼,出口總值(含復出口),272,70400
2022-5,39073010,丙二酚型環氧樹脂,南非,出口總值(含復出口),35,8800
2022-5,39073010,丙二酚型環氧樹脂,南韓,進口總值(含復進口),80,16000
2022-5,39073010,丙二酚型環氧樹脂,約旦,出口總值(含復出口),69,17600
2022-5,39073010,丙二酚型環氧樹脂,美國,進口總值(含復進口),237,29636
2022-5,39073010,丙二酚型環氧樹脂,美國,出口總值(含復出口),1416,388210
2022-5,39073010,丙二酚型環氧樹脂,英國,出口總值(含復出口),729,177320
2022-5,39073010,丙二酚型環氧樹脂,哥倫比亞,出口總值(含復出口),423,118240
2022-5,39073010,丙二酚型環氧樹脂,泰國,進口總值(含復進口),77,9870
2022-5,39073010,丙二酚型環氧樹脂,泰國,出口總值(含復出口),470,129090
2022-5,39073010,丙二酚型環氧樹脂,紐西蘭,出口總值(含復出口),5,1000
2022-5,39073010,丙二酚型環氧樹脂,馬來西亞,出口總值(含復出口),2674,765275
2022-5,39073010,丙二酚型環氧樹脂,荷蘭,出口總值(含復出口),4265,1096455
2022-5,39073010,丙二酚型環氧樹脂,智利,出口總值(含復出口),285,88000
2022-5,39073010,丙二酚型環氧樹脂,菲律賓,出口總值(含復出口),2244,651335
2022-5,39073010,丙二酚型環氧樹脂,越南,出口總值(含復出口),1401,366705
2022-5,39073010,丙二酚型環氧樹脂,新加坡,出口總值(含復出口),527,152790
2022-5,39073010,丙二酚型環氧樹脂,義大利,出口總值(含復出口),1744,450000
2022-5,39073010,丙二酚型環氧樹脂,德國,進口總值(含復進口),41,4301
2022-5,39073010,丙二酚型環氧樹脂,緬甸,出口總值(含復出口),17,5280
2022-5,39073010,丙二酚型環氧樹脂,墨西哥,出口總值(含復出口),433,124200
2022-5,39073010,丙二酚型環氧樹脂,澳大利亞,出口總值(含復出口),403,103010
2022-5,39073010,丙二酚型環氧樹脂,澳門,出口總值(含復出口),508,139650
2022-5,39074000,聚碳酸樹脂，初級狀態,土耳其,出口總值(含復出口),90,32000
2022-5,39074000,聚碳酸樹脂，初級狀態,中國大陸,進口總值(含復進口),16145,4765905
2022-5,39074000,聚碳酸樹脂，初級狀態,中國大陸,出口總值(含復出口),81411,26899025
2022-5,39074000,聚碳酸樹脂，初級狀態,中華民國,進口總值(含復進口),45,10000
2022-5,39074000,聚碳酸樹脂，初級狀態,巴西,出口總值(含復出口),115,21000
2022-5,39074000,聚碳酸樹脂，初級狀態,日本,進口總值(含復進口),4971,990884
2022-5,39074000,聚碳酸樹脂，初級狀態,日本,出口總值(含復出口),3214,1067875
2022-5,39074000,聚碳酸樹脂，初級狀態,比利時,進口總值(含復進口),172,61550
2022-5,39074000,聚碳酸樹脂，初級狀態,比利時,出口總值(含復出口),10,3000
2022-5,39074000,聚碳酸樹脂，初級狀態,以色列,出口總值(含復出口),77,25000
2022-5,39074000,聚碳酸樹脂，初級狀態,伊朗,出口總值(含復出口),146,32000
2022-5,39074000,聚碳酸樹脂，初級狀態,印尼,出口總值(含復出口),755,228100
2022-5,39074000,聚碳酸樹脂，初級狀態,印度,進口總值(含復進口),4,2000
2022-5,39074000,聚碳酸樹脂，初級狀態,西班牙,進口總值(含復進口),1395,387225
2022-5,39074000,聚碳酸樹脂，初級狀態,沙烏地阿拉伯,進口總值(含復進口),7386,2589600
2022-5,39074000,聚碳酸樹脂，初級狀態,孟加拉,出口總值(含復出口),98,30000
2022-5,39074000,聚碳酸樹脂，初級狀態,波蘭,出口總值(含復出口),100,30000
2022-5,39074000,聚碳酸樹脂，初級狀態,阿拉伯聯合大公國,出口總值(含復出口),205,64000
2022-5,39074000,聚碳酸樹脂，初級狀態,阿根廷,出口總值(含復出口),36,10000
2022-5,39074000,聚碳酸樹脂，初級狀態,南非,出口總值(含復出口),79,25500
2022-5,39074000,聚碳酸樹脂，初級狀態,南韓,進口總值(含復進口),3903,1303500
2022-5,39074000,聚碳酸樹脂，初級狀態,南韓,出口總值(含復出口),2922,890506
2022-5,39074000,聚碳酸樹脂，初級狀態,柬埔寨,出口總值(含復出口),196,50000
2022-5,39074000,聚碳酸樹脂，初級狀態,美國,進口總值(含復進口),362,67379
2022-5,39074000,聚碳酸樹脂，初級狀態,美國,出口總值(含復出口),1022,320600
2022-5,39074000,聚碳酸樹脂，初級狀態,英國,出口總值(含復出口),161,44250
2022-5,39074000,聚碳酸樹脂，初級狀態,香港,出口總值(含復出口),3077,690053
2022-5,39074000,聚碳酸樹脂，初級狀態,哥倫比亞,出口總值(含復出口),194,55950
2022-5,39074000,聚碳酸樹脂，初級狀態,埃及,出口總值(含復出口),9,3000
2022-5,39074000,聚碳酸樹脂，初級狀態,挪威,出口總值(含復出口),11,3000
2022-5,39074000,聚碳酸樹脂，初級狀態,泰國,進口總值(含復進口),5395,1703809
2022-5,39074000,聚碳酸樹脂，初級狀態,泰國,出口總值(含復出口),827,205562
2022-5,39074000,聚碳酸樹脂，初級狀態,紐西蘭,出口總值(含復出口),57,18200
2022-5,39074000,聚碳酸樹脂，初級狀態,馬來西亞,出口總值(含復出口),1764,477475
2022-5,39074000,聚碳酸樹脂，初級狀態,荷蘭,出口總值(含復出口),856,267625
2022-5,39074000,聚碳酸樹脂，初級狀態,斯洛維尼亞,出口總值(含復出口),67,19400
2022-5,39074000,聚碳酸樹脂，初級狀態,菲律賓,出口總值(含復出口),164,64000
2022-5,39074000,聚碳酸樹脂，初級狀態,越南,進口總值(含復進口),62,24000
2022-5,39074000,聚碳酸樹脂，初級狀態,越南,出口總值(含復出口),4555,1306123
2022-5,39074000,聚碳酸樹脂，初級狀態,新加坡,進口總值(含復進口),610,121950
2022-5,39074000,聚碳酸樹脂，初級狀態,瑞士,進口總值(含復進口),175,23575
2022-5,39074000,聚碳酸樹脂，初級狀態,義大利,進口總值(含復進口),2,7
2022-5,39074000,聚碳酸樹脂，初級狀態,義大利,出口總值(含復出口),3,1000
2022-5,39074000,聚碳酸樹脂，初級狀態,德國,進口總值(含復進口),722,225450
2022-5,39074000,聚碳酸樹脂，初級狀態,緬甸,出口總值(含復出口),60,32000
2022-5,39074000,聚碳酸樹脂，初級狀態,墨西哥,進口總值(含復進口),0,0
2022-5,39074000,聚碳酸樹脂，初級狀態,墨西哥,出口總值(含復出口),493,147300
2022-5,39074000,聚碳酸樹脂，初級狀態,澳大利亞,出口總值(含復出口),6,2000
2022-5,39075000,醇酸樹脂，初級狀態,中國大陸,進口總值(含復進口),1,180
2022-5,39075000,醇酸樹脂，初級狀態,中國大陸,出口總值(含復出口),516,250092
2022-5,39075000,醇酸樹脂，初級狀態,日本,進口總值(含復進口),4,1180
2022-5,39075000,醇酸樹脂，初級狀態,日本,出口總值(含復出口),101,57194
2022-5,39075000,醇酸樹脂，初級狀態,印尼,出口總值(含復出口),32,12200
2022-5,39075000,醇酸樹脂，初級狀態,印度,出口總值(含復出口),112,32000
2022-5,39075000,醇酸樹脂，初級狀態,孟加拉,出口總值(含復出口),222,44800
2022-5,39075000,醇酸樹脂，初級狀態,阿拉伯聯合大公國,出口總值(含復出口),22,8000
2022-5,39075000,醇酸樹脂，初級狀態,美國,進口總值(含復進口),91,12960
2022-5,39075000,醇酸樹脂，初級狀態,哥倫比亞,出口總值(含復出口),9,3200
2022-5,39075000,醇酸樹脂，初級狀態,泰國,出口總值(含復出口),21,8625
2022-5,39075000,醇酸樹脂，初級狀態,馬來西亞,出口總值(含復出口),186,61625
2022-5,39075000,醇酸樹脂，初級狀態,越南,出口總值(含復出口),1666,753953
2022-5,39075000,醇酸樹脂，初級狀態,新加坡,出口總值(含復出口),148,43200
2022-5,39075000,醇酸樹脂，初級狀態,德國,進口總值(含復進口),6,1600
2022-5,39075000,醇酸樹脂，初級狀態,模里西斯,出口總值(含復出口),21,9680
2022-5,39075000,醇酸樹脂，初級狀態,黎巴嫩,出口總值(含復出口),15,7600
2022-5,39075000,醇酸樹脂，初級狀態,澳大利亞,出口總值(含復出口),142,64010
2022-6,39073010,丙二酚型環氧樹脂,土耳其,出口總值(含復出口),435,116800
2022-6,39073010,丙二酚型環氧樹脂,中國大陸,進口總值(含復進口),374,84723
2022-6,39073010,丙二酚型環氧樹脂,中國大陸,出口總值(含復出口),16740,4646507
2022-6,39073010,丙二酚型環氧樹脂,巴西,出口總值(含復出口),760,204400
2022-6,39073010,丙二酚型環氧樹脂,日本,進口總值(含復進口),52,3656
2022-6,39073010,丙二酚型環氧樹脂,日本,出口總值(含復出口),1915,524110
2022-6,39073010,丙二酚型環氧樹脂,加拿大,出口總值(含復出口),141,39160
2022-6,39073010,丙二酚型環氧樹脂,印尼,出口總值(含復出口),665,179200
2022-6,39073010,丙二酚型環氧樹脂,印度,出口總值(含復出口),679,181120
2022-6,39073010,丙二酚型環氧樹脂,多明尼加,出口總值(含復出口),135,35200
2022-6,39073010,丙二酚型環氧樹脂,西班牙,出口總值(含復出口),271,67910
2022-6,39073010,丙二酚型環氧樹脂,希臘,出口總值(含復出口),155,35200
2022-6,39073010,丙二酚型環氧樹脂,沙烏地阿拉伯,出口總值(含復出口),65,17600
2022-6,39073010,丙二酚型環氧樹脂,阿拉伯聯合大公國,出口總值(含復出口),56,16000
2022-6,39073010,丙二酚型環氧樹脂,阿曼,出口總值(含復出口),413,105600
2022-6,39073010,丙二酚型環氧樹脂,南非,出口總值(含復出口),123,35200
2022-6,39073010,丙二酚型環氧樹脂,南韓,進口總值(含復進口),3,30
2022-6,39073010,丙二酚型環氧樹脂,美國,進口總值(含復進口),21,804
2022-6,39073010,丙二酚型環氧樹脂,美國,出口總值(含復出口),1134,315490
2022-6,39073010,丙二酚型環氧樹脂,英國,出口總值(含復出口),394,91700
2022-6,39073010,丙二酚型環氧樹脂,香港,出口總值(含復出口),408,115200
2022-6,39073010,丙二酚型環氧樹脂,哥倫比亞,出口總值(含復出口),159,41640
2022-6,39073010,丙二酚型環氧樹脂,泰國,出口總值(含復出口),469,132110
2022-6,39073010,丙二酚型環氧樹脂,馬來西亞,進口總值(含復進口),265,48000
2022-6,39073010,丙二酚型環氧樹脂,馬來西亞,出口總值(含復出口),2383,683220
2022-6,39073010,丙二酚型環氧樹脂,荷蘭,進口總值(含復進口),3,35
2022-6,39073010,丙二酚型環氧樹脂,荷蘭,出口總值(含復出口),4998,1263943
2022-6,39073010,丙二酚型環氧樹脂,喬治亞,出口總值(含復出口),81,17920
2022-6,39073010,丙二酚型環氧樹脂,智利,出口總值(含復出口),373,105600
2022-6,39073010,丙二酚型環氧樹脂,菲律賓,出口總值(含復出口),2724,814590
2022-6,39073010,丙二酚型環氧樹脂,越南,出口總值(含復出口),1704,441651
2022-6,39073010,丙二酚型環氧樹脂,新加坡,出口總值(含復出口),1252,353010
2022-6,39073010,丙二酚型環氧樹脂,義大利,進口總值(含復進口),52,8750
2022-6,39073010,丙二酚型環氧樹脂,義大利,出口總值(含復出口),2709,749630
2022-6,39073010,丙二酚型環氧樹脂,葡萄牙,出口總值(含復出口),67,17500
2022-6,39073010,丙二酚型環氧樹脂,德國,進口總值(含復進口),97,18075
2022-6,39073010,丙二酚型環氧樹脂,德國,出口總值(含復出口),644,179820
2022-6,39073010,丙二酚型環氧樹脂,墨西哥,出口總值(含復出口),573,173760
2022-6,39073010,丙二酚型環氧樹脂,澳大利亞,出口總值(含復出口),323,85620
2022-6,39073010,丙二酚型環氧樹脂,澳門,出口總值(含復出口),443,119370
2022-6,39074000,聚碳酸樹脂，初級狀態,土耳其,出口總值(含復出口),43,16000
2022-6,39074000,聚碳酸樹脂，初級狀態,中國大陸,進口總值(含復進口),14707,4215815
2022-6,39074000,聚碳酸樹脂，初級狀態,中國大陸,出口總值(含復出口),82686,29371510
2022-6,39074000,聚碳酸樹脂，初級狀態,中華民國,進口總值(含復進口),257,60400
2022-6,39074000,聚碳酸樹脂，初級狀態,厄瓜多,出口總值(含復出口),138,48000
2022-6,39074000,聚碳酸樹脂，初級狀態,巴西,出口總值(含復出口),13,4000
2022-6,39074000,聚碳酸樹脂，初級狀態,巴基斯坦,出口總值(含復出口),12,3000
2022-6,39074000,聚碳酸樹脂，初級狀態,日本,進口總值(含復進口),6321,1323146
2022-6,39074000,聚碳酸樹脂，初級狀態,日本,出口總值(含復出口),2431,808725
2022-6,39074000,聚碳酸樹脂，初級狀態,比利時,進口總值(含復進口),235,25000
2022-6,39074000,聚碳酸樹脂，初級狀態,比利時,出口總值(含復出口),12,3000
2022-6,39074000,聚碳酸樹脂，初級狀態,以色列,出口總值(含復出口),45,12000
2022-6,39074000,聚碳酸樹脂，初級狀態,加拿大,出口總值(含復出口),172,45000
2022-6,39074000,聚碳酸樹脂，初級狀態,伊朗,出口總值(含復出口),183,50000
2022-6,39074000,聚碳酸樹脂，初級狀態,印尼,進口總值(含復進口),78,25000
2022-6,39074000,聚碳酸樹脂，初級狀態,印尼,出口總值(含復出口),423,118262
2022-6,39074000,聚碳酸樹脂，初級狀態,印度,出口總值(含復出口),384,84000
2022-6,39074000,聚碳酸樹脂，初級狀態,西班牙,進口總值(含復進口),1810,521315
2022-6,39074000,聚碳酸樹脂，初級狀態,西班牙,出口總值(含復出口),23,7000
2022-6,39074000,聚碳酸樹脂，初級狀態,沙烏地阿拉伯,進口總值(含復進口),2027,710400
2022-6,39074000,聚碳酸樹脂，初級狀態,委內瑞拉,出口總值(含復出口),23,6000
2022-6,39074000,聚碳酸樹脂，初級狀態,孟加拉,出口總值(含復出口),19,6000
2022-6,39074000,聚碳酸樹脂，初級狀態,阿拉伯聯合大公國,出口總值(含復出口),218,66500
2022-6,39074000,聚碳酸樹脂，初級狀態,阿根廷,出口總值(含復出口),172,55000
2022-6,39074000,聚碳酸樹脂，初級狀態,南非,出口總值(含復出口),137,42000
2022-6,39074000,聚碳酸樹脂，初級狀態,南韓,進口總值(含復進口),1950,671500
2022-6,39074000,聚碳酸樹脂，初級狀態,南韓,出口總值(含復出口),1653,540500
2022-6,39074000,聚碳酸樹脂，初級狀態,美國,進口總值(含復進口),437,69816
2022-6,39074000,聚碳酸樹脂，初級狀態,美國,出口總值(含復出口),661,207098
2022-6,39074000,聚碳酸樹脂，初級狀態,英國,出口總值(含復出口),388,89000
2022-6,39074000,聚碳酸樹脂，初級狀態,香港,出口總值(含復出口),3934,869518
2022-6,39074000,聚碳酸樹脂，初級狀態,哥倫比亞,出口總值(含復出口),27,8000
2022-6,39074000,聚碳酸樹脂，初級狀態,挪威,出口總值(含復出口),19,5000
2022-6,39074000,聚碳酸樹脂，初級狀態,泰國,進口總值(含復進口),2849,912985
2022-6,39074000,聚碳酸樹脂，初級狀態,泰國,出口總值(含復出口),504,148525
2022-6,39074000,聚碳酸樹脂，初級狀態,秘魯,出口總值(含復出口),53,18000
2022-6,39074000,聚碳酸樹脂，初級狀態,紐西蘭,出口總值(含復出口),19,6000
2022-6,39074000,聚碳酸樹脂，初級狀態,馬來西亞,出口總值(含復出口),1586,449331
2022-6,39074000,聚碳酸樹脂，初級狀態,荷蘭,進口總值(含復進口),57,23877
2022-6,39074000,聚碳酸樹脂，初級狀態,荷蘭,出口總值(含復出口),1044,295100
2022-6,39074000,聚碳酸樹脂，初級狀態,斯洛維尼亞,出口總值(含復出口),33,10000
2022-6,39074000,聚碳酸樹脂，初級狀態,智利,出口總值(含復出口),7,2000
2022-6,39074000,聚碳酸樹脂，初級狀態,菲律賓,出口總值(含復出口),181,65000
2022-6,39074000,聚碳酸樹脂，初級狀態,越南,進口總值(含復進口),123,48000
2022-6,39074000,聚碳酸樹脂，初級狀態,越南,出口總值(含復出口),3540,1070825
2022-6,39074000,聚碳酸樹脂，初級狀態,新加坡,進口總值(含復進口),475,50103
2022-6,39074000,聚碳酸樹脂，初級狀態,新加坡,出口總值(含復出口),2080,664400
2022-6,39074000,聚碳酸樹脂，初級狀態,瑞士,進口總值(含復進口),147,18000
2022-6,39074000,聚碳酸樹脂，初級狀態,義大利,進口總值(含復進口),92,13417
2022-6,39074000,聚碳酸樹脂，初級狀態,義大利,出口總值(含復出口),5,1000
2022-6,39074000,聚碳酸樹脂，初級狀態,德國,進口總值(含復進口),3966,1320400
2022-6,39074000,聚碳酸樹脂，初級狀態,德國,出口總值(含復出口),54,17900
2022-6,39074000,聚碳酸樹脂，初級狀態,緬甸,出口總值(含復出口),400,61900
2022-6,39074000,聚碳酸樹脂，初級狀態,墨西哥,進口總值(含復進口),39,24000
2022-6,39074000,聚碳酸樹脂，初級狀態,墨西哥,出口總值(含復出口),165,47300
2022-6,39075000,醇酸樹脂，初級狀態,中國大陸,進口總值(含復進口),134,45720
2022-6,39075000,醇酸樹脂，初級狀態,中國大陸,出口總值(含復出口),357,158917
2022-6,39075000,醇酸樹脂，初級狀態,日本,進口總值(含復進口),10,3254
2022-6,39075000,醇酸樹脂，初級狀態,日本,出口總值(含復出口),51,29000
2022-6,39075000,醇酸樹脂，初級狀態,印度,出口總值(含復出口),38,18000
2022-6,39075000,醇酸樹脂，初級狀態,孟加拉,出口總值(含復出口),154,32000
2022-6,39075000,醇酸樹脂，初級狀態,美國,進口總值(含復進口),13,1583
2022-6,39075000,醇酸樹脂，初級狀態,哥倫比亞,出口總值(含復出口),11,4000
2022-6,39075000,醇酸樹脂，初級狀態,泰國,出口總值(含復出口),35,13026
2022-6,39075000,醇酸樹脂，初級狀態,馬來西亞,出口總值(含復出口),183,63200
2022-6,39075000,醇酸樹脂，初級狀態,菲律賓,出口總值(含復出口),3,1170
2022-6,39075000,醇酸樹脂，初級狀態,越南,出口總值(含復出口),1136,533718
2022-6,39075000,醇酸樹脂，初級狀態,奧地利,進口總值(含復進口),0,75
2022-6,39075000,醇酸樹脂，初級狀態,新加坡,出口總值(含復出口),35,15200
2022-6,39075000,醇酸樹脂，初級狀態,模里西斯,出口總值(含復出口),36,16700
2022-6,39075000,醇酸樹脂，初級狀態,澳大利亞,出口總值(含復出口),463,190400
2022-7,39073010,丙二酚型環氧樹脂,中國大陸,進口總值(含復進口),72,19811
2022-7,39073010,丙二酚型環氧樹脂,中國大陸,出口總值(含復出口),4502,1233824
2022-7,39073010,丙二酚型環氧樹脂,巴西,出口總值(含復出口),843,239410
2022-7,39073010,丙二酚型環氧樹脂,日本,進口總值(含復進口),131,7208
2022-7,39073010,丙二酚型環氧樹脂,日本,出口總值(含復出口),1962,579410
2022-7,39073010,丙二酚型環氧樹脂,加拿大,出口總值(含復出口),176,48800
2022-7,39073010,丙二酚型環氧樹脂,卡達,出口總值(含復出口),68,19200
2022-7,39073010,丙二酚型環氧樹脂,伊朗,出口總值(含復出口),47,9900
2022-7,39073010,丙二酚型環氧樹脂,印尼,出口總值(含復出口),264,80700
2022-7,39073010,丙二酚型環氧樹脂,印度,出口總值(含復出口),406,110100
2022-7,39073010,丙二酚型環氧樹脂,多明尼加,出口總值(含復出口),60,17600
2022-7,39073010,丙二酚型環氧樹脂,孟加拉,出口總值(含復出口),98,30000
2022-7,39073010,丙二酚型環氧樹脂,波蘭,出口總值(含復出口),810,227430
2022-7,39073010,丙二酚型環氧樹脂,肯亞,出口總值(含復出口),139,46200
2022-7,39073010,丙二酚型環氧樹脂,阿拉伯聯合大公國,出口總值(含復出口),61,17600
2022-7,39073010,丙二酚型環氧樹脂,俄羅斯,出口總值(含復出口),111,22400
2022-7,39073010,丙二酚型環氧樹脂,南非,出口總值(含復出口),110,34320
2022-7,39073010,丙二酚型環氧樹脂,美國,進口總值(含復進口),58,1895
2022-7,39073010,丙二酚型環氧樹脂,美國,出口總值(含復出口),2067,601290
2022-7,39073010,丙二酚型環氧樹脂,英國,出口總值(含復出口),1266,327260
2022-7,39073010,丙二酚型環氧樹脂,香港,出口總值(含復出口),249,76800
2022-7,39073010,丙二酚型環氧樹脂,哥倫比亞,出口總值(含復出口),281,88500
2022-7,39073010,丙二酚型環氧樹脂,埃及,出口總值(含復出口),225,65600
2022-7,39073010,丙二酚型環氧樹脂,泰國,出口總值(含復出口),127,35220
2022-7,39073010,丙二酚型環氧樹脂,馬來西亞,出口總值(含復出口),1460,451170
2022-7,39073010,丙二酚型環氧樹脂,荷蘭,進口總值(含復進口),20,100
2022-7,39073010,丙二酚型環氧樹脂,荷蘭,出口總值(含復出口),2564,647410
2022-7,39073010,丙二酚型環氧樹脂,智利,出口總值(含復出口),553,176000
2022-7,39073010,丙二酚型環氧樹脂,菲律賓,出口總值(含復出口),875,258470
2022-7,39073010,丙二酚型環氧樹脂,越南,出口總值(含復出口),1347,377000
2022-7,39073010,丙二酚型環氧樹脂,新加坡,出口總值(含復出口),1108,336800
2022-7,39073010,丙二酚型環氧樹脂,義大利,出口總值(含復出口),510,140010
2022-7,39073010,丙二酚型環氧樹脂,葡萄牙,出口總值(含復出口),197,52500
2022-7,39073010,丙二酚型環氧樹脂,德國,進口總值(含復進口),186,36400
2022-7,39073010,丙二酚型環氧樹脂,緬甸,出口總值(含復出口),87,25520
2022-7,39073010,丙二酚型環氧樹脂,墨西哥,出口總值(含復出口),335,92814
2022-7,39073010,丙二酚型環氧樹脂,澳大利亞,出口總值(含復出口),480,129950
2022-7,39073010,丙二酚型環氧樹脂,澳門,出口總值(含復出口),361,99060
2022-7,39074000,聚碳酸樹脂，初級狀態,土耳其,出口總值(含復出口),48,16000
2022-7,39074000,聚碳酸樹脂，初級狀態,中國大陸,進口總值(含復進口),12073,3572985
2022-7,39074000,聚碳酸樹脂，初級狀態,中國大陸,出口總值(含復出口),58698,22277208
2022-7,39074000,聚碳酸樹脂，初級狀態,中華民國,進口總值(含復進口),80,11696
2022-7,39074000,聚碳酸樹脂，初級狀態,巴西,出口總值(含復出口),19,6000
2022-7,39074000,聚碳酸樹脂，初級狀態,日本,進口總值(含復進口),6000,1178640
2022-7,39074000,聚碳酸樹脂，初級狀態,日本,出口總值(含復出口),1647,599300
2022-7,39074000,聚碳酸樹脂，初級狀態,比利時,進口總值(含復進口),185,58100
2022-7,39074000,聚碳酸樹脂，初級狀態,比利時,出口總值(含復出口),7,2000
2022-7,39074000,聚碳酸樹脂，初級狀態,加拿大,出口總值(含復出口),144,36000
2022-7,39074000,聚碳酸樹脂，初級狀態,伊朗,出口總值(含復出口),229,67000
2022-7,39074000,聚碳酸樹脂，初級狀態,印尼,進口總值(含復進口),0,175
2022-7,39074000,聚碳酸樹脂，初級狀態,印尼,出口總值(含復出口),354,108500
2022-7,39074000,聚碳酸樹脂，初級狀態,印度,出口總值(含復出口),52,10000
2022-7,39074000,聚碳酸樹脂，初級狀態,西班牙,進口總值(含復進口),279,116225
2022-7,39074000,聚碳酸樹脂，初級狀態,西班牙,出口總值(含復出口),17,6000
2022-7,39074000,聚碳酸樹脂，初級狀態,沙烏地阿拉伯,進口總值(含復進口),1587,586400
2022-7,39074000,聚碳酸樹脂，初級狀態,孟加拉,出口總值(含復出口),61,20000
2022-7,39074000,聚碳酸樹脂，初級狀態,法國,進口總值(含復進口),2,6
2022-7,39074000,聚碳酸樹脂，初級狀態,法國,出口總值(含復出口),58,13000
2022-7,39074000,聚碳酸樹脂，初級狀態,阿拉伯聯合大公國,出口總值(含復出口),10,3000
2022-7,39074000,聚碳酸樹脂，初級狀態,阿根廷,出口總值(含復出口),68,21000
2022-7,39074000,聚碳酸樹脂，初級狀態,俄羅斯,出口總值(含復出口),85,24000
2022-7,39074000,聚碳酸樹脂，初級狀態,南非,出口總值(含復出口),22,7000
2022-7,39074000,聚碳酸樹脂，初級狀態,南韓,進口總值(含復進口),5487,2066475
2022-7,39074000,聚碳酸樹脂，初級狀態,南韓,出口總值(含復出口),2870,834000
2022-7,39074000,聚碳酸樹脂，初級狀態,哈薩克,出口總值(含復出口),9,3000
2022-7,39074000,聚碳酸樹脂，初級狀態,美國,進口總值(含復進口),612,53458
2022-7,39074000,聚碳酸樹脂，初級狀態,美國,出口總值(含復出口),625,188475
2022-7,39074000,聚碳酸樹脂，初級狀態,英國,出口總值(含復出口),56,19000
2022-7,39074000,聚碳酸樹脂，初級狀態,香港,出口總值(含復出口),4175,912950
2022-7,39074000,聚碳酸樹脂，初級狀態,哥倫比亞,出口總值(含復出口),214,60000
2022-7,39074000,聚碳酸樹脂，初級狀態,泰國,進口總值(含復進口),2560,841071
2022-7,39074000,聚碳酸樹脂，初級狀態,泰國,出口總值(含復出口),901,271810
2022-7,39074000,聚碳酸樹脂，初級狀態,秘魯,出口總值(含復出口),51,16000
2022-7,39074000,聚碳酸樹脂，初級狀態,馬來西亞,進口總值(含復進口),50,5000
2022-7,39074000,聚碳酸樹脂，初級狀態,馬來西亞,出口總值(含復出口),1072,358525
2022-7,39074000,聚碳酸樹脂，初級狀態,荷蘭,進口總值(含復進口),186,34825
2022-7,39074000,聚碳酸樹脂，初級狀態,荷蘭,出口總值(含復出口),1484,479000
2022-7,39074000,聚碳酸樹脂，初級狀態,菲律賓,出口總值(含復出口),185,66000
2022-7,39074000,聚碳酸樹脂，初級狀態,越南,出口總值(含復出口),5804,2027540
2022-7,39074000,聚碳酸樹脂，初級狀態,新加坡,進口總值(含復進口),57,4000
2022-7,39074000,聚碳酸樹脂，初級狀態,新加坡,出口總值(含復出口),3025,969000
2022-7,39074000,聚碳酸樹脂，初級狀態,義大利,進口總值(含復進口),1,50
2022-7,39074000,聚碳酸樹脂，初級狀態,義大利,出口總值(含復出口),66,22061
2022-7,39074000,聚碳酸樹脂，初級狀態,葡萄牙,出口總值(含復出口),30,11000
2022-7,39074000,聚碳酸樹脂，初級狀態,德國,進口總值(含復進口),1956,659970
2022-7,39074000,聚碳酸樹脂，初級狀態,德國,出口總值(含復出口),11,3000
2022-7,39074000,聚碳酸樹脂，初級狀態,緬甸,出口總值(含復出口),91,48000
2022-7,39074000,聚碳酸樹脂，初級狀態,墨西哥,進口總值(含復進口),3,21
2022-7,39074000,聚碳酸樹脂，初級狀態,墨西哥,出口總值(含復出口),244,80000
2022-7,39074000,聚碳酸樹脂，初級狀態,澳大利亞,出口總值(含復出口),21,5000
2022-7,39075000,醇酸樹脂，初級狀態,中國大陸,進口總值(含復進口),98,35520
2022-7,39075000,醇酸樹脂，初級狀態,中國大陸,出口總值(含復出口),236,99203
2022-7,39075000,醇酸樹脂，初級狀態,日本,進口總值(含復進口),13,4072
2022-7,39075000,醇酸樹脂，初級狀態,日本,出口總值(含復出口),116,61775
2022-7,39075000,醇酸樹脂，初級狀態,卡達,出口總值(含復出口),34,16800
2022-7,39075000,醇酸樹脂，初級狀態,印度,出口總值(含復出口),91,34000
2022-7,39075000,醇酸樹脂，初級狀態,沙烏地阿拉伯,出口總值(含復出口),7,2400
2022-7,39075000,醇酸樹脂，初級狀態,南韓,出口總值(含復出口),61,18400
2022-7,39075000,醇酸樹脂，初級狀態,美國,進口總值(含復進口),22,440
2022-7,39075000,醇酸樹脂，初級狀態,哥倫比亞,出口總值(含復出口),3,1200
2022-7,39075000,醇酸樹脂，初級狀態,泰國,進口總值(含復進口),3,760
2022-7,39075000,醇酸樹脂，初級狀態,泰國,出口總值(含復出口),67,24975
2022-7,39075000,醇酸樹脂，初級狀態,馬來西亞,出口總值(含復出口),226,65800
2022-7,39075000,醇酸樹脂，初級狀態,斯里蘭卡,出口總值(含復出口),153,64840
2022-7,39075000,醇酸樹脂，初級狀態,菲律賓,出口總值(含復出口),4,1400
2022-7,39075000,醇酸樹脂，初級狀態,越南,出口總值(含復出口),1236,518125
2022-7,39075000,醇酸樹脂，初級狀態,新加坡,出口總值(含復出口),147,47850
2022-7,39075000,醇酸樹脂，初級狀態,黎巴嫩,出口總值(含復出口),50,24300
2022-7,39075000,醇酸樹脂，初級狀態,澳大利亞,出口總值(含復出口),284,102400
2022-8,39073010,丙二酚型環氧樹脂,土耳其,出口總值(含復出口),420,149440
2022-8,39073010,丙二酚型環氧樹脂,中國大陸,進口總值(含復進口),309,101355
2022-8,39073010,丙二酚型環氧樹脂,中國大陸,出口總值(含復出口),4755,1776056
2022-8,39073010,丙二酚型環氧樹脂,中華民國,進口總值(含復進口),4,1000
2022-8,39073010,丙二酚型環氧樹脂,巴西,出口總值(含復出口),869,286350
2022-8,39073010,丙二酚型環氧樹脂,日本,進口總值(含復進口),68,2104
2022-8,39073010,丙二酚型環氧樹脂,日本,出口總值(含復出口),2407,751530
2022-8,39073010,丙二酚型環氧樹脂,印尼,出口總值(含復出口),422,142700
2022-8,39073010,丙二酚型環氧樹脂,印度,出口總值(含復出口),260,92800
2022-8,39073010,丙二酚型環氧樹脂,西班牙,出口總值(含復出口),405,143810
2022-8,39073010,丙二酚型環氧樹脂,希臘,出口總值(含復出口),143,35200
2022-8,39073010,丙二酚型環氧樹脂,沙烏地阿拉伯,出口總值(含復出口),342,105600
2022-8,39073010,丙二酚型環氧樹脂,阿拉伯聯合大公國,出口總值(含復出口),147,51200
2022-8,39073010,丙二酚型環氧樹脂,阿曼,出口總值(含復出口),240,88000
2022-8,39073010,丙二酚型環氧樹脂,南非,出口總值(含復出口),51,15840
2022-8,39073010,丙二酚型環氧樹脂,南韓,進口總值(含復進口),133,26400
2022-8,39073010,丙二酚型環氧樹脂,美國,進口總值(含復進口),9,274
2022-8,39073010,丙二酚型環氧樹脂,美國,出口總值(含復出口),1705,579680
2022-8,39073010,丙二酚型環氧樹脂,英國,進口總值(含復進口),26,2030
2022-8,39073010,丙二酚型環氧樹脂,英國,出口總值(含復出口),1255,396650
2022-8,39073010,丙二酚型環氧樹脂,香港,出口總值(含復出口),237,96600
2022-8,39073010,丙二酚型環氧樹脂,哥倫比亞,出口總值(含復出口),242,73350
2022-8,39073010,丙二酚型環氧樹脂,埃及,出口總值(含復出口),114,35200
2022-8,39073010,丙二酚型環氧樹脂,泰國,出口總值(含復出口),472,157170
2022-8,39073010,丙二酚型環氧樹脂,馬來西亞,進口總值(含復進口),132,24000
2022-8,39073010,丙二酚型環氧樹脂,馬來西亞,出口總值(含復出口),1626,558760
2022-8,39073010,丙二酚型環氧樹脂,荷蘭,出口總值(含復出口),2868,847025
2022-8,39073010,丙二酚型環氧樹脂,菲律賓,出口總值(含復出口),1472,526410
2022-8,39073010,丙二酚型環氧樹脂,越南,出口總值(含復出口),1254,386275
2022-8,39073010,丙二酚型環氧樹脂,愛爾蘭,進口總值(含復進口),18,1400
2022-8,39073010,丙二酚型環氧樹脂,新加坡,出口總值(含復出口),676,239320
2022-8,39073010,丙二酚型環氧樹脂,義大利,出口總值(含復出口),1041,321720
2022-8,39073010,丙二酚型環氧樹脂,德國,進口總值(含復進口),14,1360
2022-8,39073010,丙二酚型環氧樹脂,墨西哥,出口總值(含復出口),467,183360
2022-8,39073010,丙二酚型環氧樹脂,澳大利亞,出口總值(含復出口),190,66000
2022-8,39073010,丙二酚型環氧樹脂,澳門,出口總值(含復出口),377,118810
2022-8,39074000,聚碳酸樹脂，初級狀態,土耳其,出口總值(含復出口),49,16000
2022-8,39074000,聚碳酸樹脂，初級狀態,中國大陸,進口總值(含復進口),9575,3151137
2022-8,39074000,聚碳酸樹脂，初級狀態,中國大陸,出口總值(含復出口),63451,26770595
2022-8,39074000,聚碳酸樹脂，初級狀態,中華民國,進口總值(含復進口),74,25392
2022-8,39074000,聚碳酸樹脂，初級狀態,厄瓜多,出口總值(含復出口),55,24000
2022-8,39074000,聚碳酸樹脂，初級狀態,巴西,進口總值(含復進口),3,325
2022-8,39074000,聚碳酸樹脂，初級狀態,巴基斯坦,出口總值(含復出口),12,3000
2022-8,39074000,聚碳酸樹脂，初級狀態,日本,進口總值(含復進口),4417,767988
2022-8,39074000,聚碳酸樹脂，初級狀態,日本,出口總值(含復出口),1938,789250
2022-8,39074000,聚碳酸樹脂，初級狀態,比利時,進口總值(含復進口),112,12500
2022-8,39074000,聚碳酸樹脂，初級狀態,比利時,出口總值(含復出口),16,4000
2022-8,39074000,聚碳酸樹脂，初級狀態,以色列,出口總值(含復出口),38,14000
2022-8,39074000,聚碳酸樹脂，初級狀態,加拿大,進口總值(含復進口),10,1000
2022-8,39074000,聚碳酸樹脂，初級狀態,加拿大,出口總值(含復出口),83,24000
2022-8,39074000,聚碳酸樹脂，初級狀態,印尼,出口總值(含復出口),263,81500
2022-8,39074000,聚碳酸樹脂，初級狀態,印度,進口總值(含復進口),4,600
2022-8,39074000,聚碳酸樹脂，初級狀態,印度,出口總值(含復出口),238,61000
2022-8,39074000,聚碳酸樹脂，初級狀態,西班牙,進口總值(含復進口),181,69980
2022-8,39074000,聚碳酸樹脂，初級狀態,沙烏地阿拉伯,進口總值(含復進口),790,385600
2022-8,39074000,聚碳酸樹脂，初級狀態,孟加拉,出口總值(含復出口),11,4000
2022-8,39074000,聚碳酸樹脂，初級狀態,波蘭,出口總值(含復出口),23,6000
2022-8,39074000,聚碳酸樹脂，初級狀態,法國,出口總值(含復出口),12,3000
2022-8,39074000,聚碳酸樹脂，初級狀態,阿根廷,出口總值(含復出口),209,74000
2022-8,39074000,聚碳酸樹脂，初級狀態,俄羅斯,出口總值(含復出口),10,3200
2022-8,39074000,聚碳酸樹脂，初級狀態,南非,出口總值(含復出口),137,49000
2022-8,39074000,聚碳酸樹脂，初級狀態,南韓,進口總值(含復進口),4339,1941500
2022-8,39074000,聚碳酸樹脂，初級狀態,南韓,出口總值(含復出口),1918,671000
2022-8,39074000,聚碳酸樹脂，初級狀態,約旦,出口總值(含復出口),6,2000
2022-8,39074000,聚碳酸樹脂，初級狀態,美國,進口總值(含復進口),111,7385
2022-8,39074000,聚碳酸樹脂，初級狀態,美國,出口總值(含復出口),370,116000
2022-8,39074000,聚碳酸樹脂，初級狀態,英國,出口總值(含復出口),132,36125
2022-8,39074000,聚碳酸樹脂，初級狀態,香港,出口總值(含復出口),5003,1115425
2022-8,39074000,聚碳酸樹脂，初級狀態,哥倫比亞,出口總值(含復出口),238,71000
2022-8,39074000,聚碳酸樹脂，初級狀態,泰國,進口總值(含復進口),2634,940984
2022-8,39074000,聚碳酸樹脂，初級狀態,泰國,出口總值(含復出口),515,169700
2022-8,39074000,聚碳酸樹脂，初級狀態,紐西蘭,出口總值(含復出口),31,11000
2022-8,39074000,聚碳酸樹脂，初級狀態,馬來西亞,出口總值(含復出口),1362,396450
2022-8,39074000,聚碳酸樹脂，初級狀態,荷蘭,出口總值(含復出口),430,130800
2022-8,39074000,聚碳酸樹脂，初級狀態,斯洛維尼亞,出口總值(含復出口),52,16000
2022-8,39074000,聚碳酸樹脂，初級狀態,菲律賓,出口總值(含復出口),89,41200
2022-8,39074000,聚碳酸樹脂，初級狀態,越南,出口總值(含復出口),3605,1374825
2022-8,39074000,聚碳酸樹脂，初級狀態,新加坡,進口總值(含復進口),45,2600
2022-8,39074000,聚碳酸樹脂，初級狀態,新加坡,出口總值(含復出口),594,193800
2022-8,39074000,聚碳酸樹脂，初級狀態,瑞士,進口總值(含復進口),139,17700
2022-8,39074000,聚碳酸樹脂，初級狀態,義大利,進口總值(含復進口),34,22743
2022-8,39074000,聚碳酸樹脂，初級狀態,義大利,出口總值(含復出口),57,22000
2022-8,39074000,聚碳酸樹脂，初級狀態,德國,進口總值(含復進口),2349,766325
2022-8,39074000,聚碳酸樹脂，初級狀態,緬甸,出口總值(含復出口),461,72150
2022-8,39074000,聚碳酸樹脂，初級狀態,墨西哥,進口總值(含復進口),95,44561
2022-8,39074000,聚碳酸樹脂，初級狀態,墨西哥,出口總值(含復出口),348,98834
2022-8,39074000,聚碳酸樹脂，初級狀態,澳大利亞,出口總值(含復出口),11,3000
2022-8,39075000,醇酸樹脂，初級狀態,中國大陸,進口總值(含復進口),1,180
2022-8,39075000,醇酸樹脂，初級狀態,中國大陸,出口總值(含復出口),360,158189
2022-8,39075000,醇酸樹脂，初級狀態,日本,進口總值(含復進口),14,3238
2022-8,39075000,醇酸樹脂，初級狀態,日本,出口總值(含復出口),107,55600
2022-8,39075000,醇酸樹脂，初級狀態,印尼,出口總值(含復出口),20,3440
2022-8,39075000,醇酸樹脂，初級狀態,印度,出口總值(含復出口),78,27250
2022-8,39075000,醇酸樹脂，初級狀態,坦尚尼亞,出口總值(含復出口),39,19200
2022-8,39075000,醇酸樹脂，初級狀態,美國,進口總值(含復進口),56,7920
2022-8,39075000,醇酸樹脂，初級狀態,哥倫比亞,出口總值(含復出口),4,1200
2022-8,39075000,醇酸樹脂，初級狀態,泰國,出口總值(含復出口),33,11861
2022-8,39075000,醇酸樹脂，初級狀態,馬來西亞,出口總值(含復出口),129,40020
2022-8,39075000,醇酸樹脂，初級狀態,荷蘭,進口總值(含復進口),1,20
2022-8,39075000,醇酸樹脂，初級狀態,斯里蘭卡,出口總值(含復出口),41,16000
2022-8,39075000,醇酸樹脂，初級狀態,越南,出口總值(含復出口),1003,476474
2022-8,39075000,醇酸樹脂，初級狀態,奧地利,進口總值(含復進口),61,15720
2022-8,39075000,醇酸樹脂，初級狀態,新加坡,出口總值(含復出口),121,35600
2022-8,39075000,醇酸樹脂，初級狀態,德國,進口總值(含復進口),4,780
2022-8,39075000,醇酸樹脂，初級狀態,模里西斯,出口總值(含復出口),38,16600
2022-8,39075000,醇酸樹脂，初級狀態,澳大利亞,出口總值(含復出口),187,62300
2022-9,39073010,丙二酚型環氧樹脂,土耳其,出口總值(含復出口),235,85120
2022-9,39073010,丙二酚型環氧樹脂,中國大陸,進口總值(含復進口),149,47902
2022-9,39073010,丙二酚型環氧樹脂,中國大陸,出口總值(含復出口),4635,1585932
2022-9,39073010,丙二酚型環氧樹脂,巴西,出口總值(含復出口),537,195380
2022-9,39073010,丙二酚型環氧樹脂,日本,進口總值(含復進口),10,816
2022-9,39073010,丙二酚型環氧樹脂,日本,出口總值(含復出口),696,237990
2022-9,39073010,丙二酚型環氧樹脂,加拿大,出口總值(含復出口),94,36000
2022-9,39073010,丙二酚型環氧樹脂,卡達,出口總值(含復出口),51,19200
2022-9,39073010,丙二酚型環氧樹脂,印尼,出口總值(含復出口),713,273200
2022-9,39073010,丙二酚型環氧樹脂,印度,出口總值(含復出口),322,120613
2022-9,39073010,丙二酚型環氧樹脂,西班牙,出口總值(含復出口),426,147510
2022-9,39073010,丙二酚型環氧樹脂,希臘,出口總值(含復出口),109,35100
2022-9,39073010,丙二酚型環氧樹脂,孟加拉,出口總值(含復出口),77,30000
2022-9,39073010,丙二酚型環氧樹脂,肯亞,出口總值(含復出口),40,17600
2022-9,39073010,丙二酚型環氧樹脂,阿拉伯聯合大公國,出口總值(含復出口),88,35200
2022-9,39073010,丙二酚型環氧樹脂,阿根廷,出口總值(含復出口),41,17600
2022-9,39073010,丙二酚型環氧樹脂,南非,出口總值(含復出口),92,35200
2022-9,39073010,丙二酚型環氧樹脂,南韓,進口總值(含復進口),35,8000
2022-9,39073010,丙二酚型環氧樹脂,約旦,出口總值(含復出口),18,4400
2022-9,39073010,丙二酚型環氧樹脂,美國,進口總值(含復進口),138,20094
2022-9,39073010,丙二酚型環氧樹脂,美國,出口總值(含復出口),2529,895370
2022-9,39073010,丙二酚型環氧樹脂,英國,出口總值(含復出口),553,170800
2022-9,39073010,丙二酚型環氧樹脂,香港,出口總值(含復出口),147,58200
2022-9,39073010,丙二酚型環氧樹脂,哥倫比亞,出口總值(含復出口),44,17600
2022-9,39073010,丙二酚型環氧樹脂,泰國,出口總值(含復出口),86,38000
2022-9,39073010,丙二酚型環氧樹脂,馬來西亞,進口總值(含復進口),1,96
2022-9,39073010,丙二酚型環氧樹脂,馬來西亞,出口總值(含復出口),1995,810520
2022-9,39073010,丙二酚型環氧樹脂,荷蘭,進口總值(含復進口),60,9000
2022-9,39073010,丙二酚型環氧樹脂,荷蘭,出口總值(含復出口),2849,953050
2022-9,39073010,丙二酚型環氧樹脂,智利,出口總值(含復出口),245,105600
2022-9,39073010,丙二酚型環氧樹脂,菲律賓,出口總值(含復出口),837,363410
2022-9,39073010,丙二酚型環氧樹脂,越南,出口總值(含復出口),1054,390700
2022-9,39073010,丙二酚型環氧樹脂,愛爾蘭,進口總值(含復進口),19,1400
2022-9,39073010,丙二酚型環氧樹脂,新加坡,出口總值(含復出口),1152,474795
2022-9,39073010,丙二酚型環氧樹脂,瑞士,進口總值(含復進口),0,10
2022-9,39073010,丙二酚型環氧樹脂,義大利,出口總值(含復出口),661,225780
2022-9,39073010,丙二酚型環氧樹脂,德國,進口總值(含復進口),113,12950
2022-9,39073010,丙二酚型環氧樹脂,模里西斯,出口總值(含復出口),20,7040
2022-9,39073010,丙二酚型環氧樹脂,墨西哥,出口總值(含復出口),274,129600
2022-9,39073010,丙二酚型環氧樹脂,澳大利亞,出口總值(含復出口),953,349500
2022-9,39073010,丙二酚型環氧樹脂,澳門,出口總值(含復出口),235,79490
2022-9,39074000,聚碳酸樹脂，初級狀態,中國大陸,進口總值(含復進口),7074,2248342
2022-9,39074000,聚碳酸樹脂，初級狀態,中國大陸,出口總值(含復出口),43585,18127328
2022-9,39074000,聚碳酸樹脂，初級狀態,中華民國,進口總值(含復進口),187,46150
2022-9,39074000,聚碳酸樹脂，初級狀態,巴西,出口總值(含復出口),465,97000
2022-9,39074000,聚碳酸樹脂，初級狀態,日本,進口總值(含復進口),5809,986343
2022-9,39074000,聚碳酸樹脂，初級狀態,日本,出口總值(含復出口),2086,898500
2022-9,39074000,聚碳酸樹脂，初級狀態,比利時,進口總值(含復進口),211,26250
2022-9,39074000,聚碳酸樹脂，初級狀態,以色列,出口總值(含復出口),10,4000
2022-9,39074000,聚碳酸樹脂，初級狀態,加拿大,進口總值(含復進口),123,6000
2022-9,39074000,聚碳酸樹脂，初級狀態,加拿大,出口總值(含復出口),12,3000
2022-9,39074000,聚碳酸樹脂，初級狀態,伊朗,出口總值(含復出口),293,92000
2022-9,39074000,聚碳酸樹脂，初級狀態,印尼,出口總值(含復出口),147,44500
2022-9,39074000,聚碳酸樹脂，初級狀態,印度,進口總值(含復進口),2,550
2022-9,39074000,聚碳酸樹脂，初級狀態,印度,出口總值(含復出口),189,39000
2022-9,39074000,聚碳酸樹脂，初級狀態,西班牙,進口總值(含復進口),508,143150
2022-9,39074000,聚碳酸樹脂，初級狀態,沙烏地阿拉伯,進口總值(含復進口),4095,2241600
2022-9,39074000,聚碳酸樹脂，初級狀態,孟加拉,出口總值(含復出口),68,26000
2022-9,39074000,聚碳酸樹脂，初級狀態,波蘭,出口總值(含復出口),3,1000
2022-9,39074000,聚碳酸樹脂，初級狀態,阿拉伯聯合大公國,出口總值(含復出口),58,20000
2022-9,39074000,聚碳酸樹脂，初級狀態,俄羅斯,出口總值(含復出口),0,100
2022-9,39074000,聚碳酸樹脂，初級狀態,南非,出口總值(含復出口),124,46000
2022-9,39074000,聚碳酸樹脂，初級狀態,南韓,進口總值(含復進口),3102,1442500
2022-9,39074000,聚碳酸樹脂，初級狀態,南韓,出口總值(含復出口),943,287300
2022-9,39074000,聚碳酸樹脂，初級狀態,柬埔寨,出口總值(含復出口),175,50000
2022-9,39074000,聚碳酸樹脂，初級狀態,突尼西亞,出口總值(含復出口),8,3000
2022-9,39074000,聚碳酸樹脂，初級狀態,美國,進口總值(含復進口),387,53952
2022-9,39074000,聚碳酸樹脂，初級狀態,美國,出口總值(含復出口),357,106227
2022-9,39074000,聚碳酸樹脂，初級狀態,英國,進口總值(含復進口),9,2898
2022-9,39074000,聚碳酸樹脂，初級狀態,英國,出口總值(含復出口),82,28000
2022-9,39074000,聚碳酸樹脂，初級狀態,香港,出口總值(含復出口),4922,1038175
2022-9,39074000,聚碳酸樹脂，初級狀態,哥倫比亞,出口總值(含復出口),47,15000
2022-9,39074000,聚碳酸樹脂，初級狀態,埃及,出口總值(含復出口),18,6000
2022-9,39074000,聚碳酸樹脂，初級狀態,泰國,進口總值(含復進口),2390,1032859
2022-9,39074000,聚碳酸樹脂，初級狀態,泰國,出口總值(含復出口),150,40400
2022-9,39074000,聚碳酸樹脂，初級狀態,紐西蘭,出口總值(含復出口),5,2000
2022-9,39074000,聚碳酸樹脂，初級狀態,馬來西亞,出口總值(含復出口),1129,400781
2022-9,39074000,聚碳酸樹脂，初級狀態,荷蘭,進口總值(含復進口),55,12500
2022-9,39074000,聚碳酸樹脂，初級狀態,荷蘭,出口總值(含復出口),1597,570625
2022-9,39074000,聚碳酸樹脂，初級狀態,斯洛維尼亞,出口總值(含復出口),38,16000
2022-9,39074000,聚碳酸樹脂，初級狀態,菲律賓,出口總值(含復出口),127,69600
2022-9,39074000,聚碳酸樹脂，初級狀態,越南,出口總值(含復出口),3009,1174785
2022-9,39074000,聚碳酸樹脂，初級狀態,新加坡,進口總值(含復進口),237,23871
2022-9,39074000,聚碳酸樹脂，初級狀態,新加坡,出口總值(含復出口),128,30800
2022-9,39074000,聚碳酸樹脂，初級狀態,義大利,進口總值(含復進口),55,42148
2022-9,39074000,聚碳酸樹脂，初級狀態,義大利,出口總值(含復出口),2,1000
2022-9,39074000,聚碳酸樹脂，初級狀態,德國,進口總值(含復進口),1389,502500
2022-9,39074000,聚碳酸樹脂，初級狀態,德國,出口總值(含復出口),263,112000
2022-9,39074000,聚碳酸樹脂，初級狀態,緬甸,出口總值(含復出口),151,26000
2022-9,39074000,聚碳酸樹脂，初級狀態,墨西哥,出口總值(含復出口),372,143200
2022-9,39074000,聚碳酸樹脂，初級狀態,澳大利亞,出口總值(含復出口),9,4000
2022-9,39075000,醇酸樹脂，初級狀態,中國大陸,進口總值(含復進口),53,19150
2022-9,39075000,醇酸樹脂，初級狀態,中國大陸,出口總值(含復出口),236,113700
2022-9,39075000,醇酸樹脂，初級狀態,日本,進口總值(含復進口),2,396
2022-9,39075000,醇酸樹脂，初級狀態,日本,出口總值(含復出口),162,80000
2022-9,39075000,醇酸樹脂，初級狀態,以色列,出口總值(含復出口),18,7200
2022-9,39075000,醇酸樹脂，初級狀態,加拿大,出口總值(含復出口),0,190
2022-9,39075000,醇酸樹脂，初級狀態,印度,出口總值(含復出口),108,32000
2022-9,39075000,醇酸樹脂，初級狀態,哥倫比亞,出口總值(含復出口),14,5200
2022-9,39075000,醇酸樹脂，初級狀態,泰國,進口總值(含復進口),1,380
2022-9,39075000,醇酸樹脂，初級狀態,馬來西亞,出口總值(含復出口),120,34500
2022-9,39075000,醇酸樹脂，初級狀態,斯里蘭卡,出口總值(含復出口),29,16000
2022-9,39075000,醇酸樹脂，初級狀態,越南,出口總值(含復出口),1026,484518
2022-9,39075000,醇酸樹脂，初級狀態,新加坡,出口總值(含復出口),48,22400
2022-9,39075000,醇酸樹脂，初級狀態,澳大利亞,出口總值(含復出口),281,109275
2022-10,39073010,丙二酚型環氧樹脂,土耳其,出口總值(含復出口),269,112000
2022-10,39073010,丙二酚型環氧樹脂,中國大陸,進口總值(含復進口),63,22260
2022-10,39073010,丙二酚型環氧樹脂,中國大陸,出口總值(含復出口),8435,2946522
2022-10,39073010,丙二酚型環氧樹脂,巴西,出口總值(含復出口),441,165170
2022-10,39073010,丙二酚型環氧樹脂,日本,進口總值(含復進口),36,1686
2022-10,39073010,丙二酚型環氧樹脂,日本,出口總值(含復出口),1613,615280
2022-10,39073010,丙二酚型環氧樹脂,比利時,出口總值(含復出口),2,800
2022-10,39073010,丙二酚型環氧樹脂,加拿大,出口總值(含復出口),39,16560
2022-10,39073010,丙二酚型環氧樹脂,印尼,出口總值(含復出口),746,297120
2022-10,39073010,丙二酚型環氧樹脂,印度,出口總值(含復出口),587,213600
2022-10,39073010,丙二酚型環氧樹脂,西班牙,出口總值(含復出口),75,19800
2022-10,39073010,丙二酚型環氧樹脂,沙烏地阿拉伯,出口總值(含復出口),733,307850
2022-10,39073010,丙二酚型環氧樹脂,孟加拉,出口總值(含復出口),72,30000
2022-10,39073010,丙二酚型環氧樹脂,阿拉伯聯合大公國,出口總值(含復出口),343,139200
2022-10,39073010,丙二酚型環氧樹脂,阿根廷,出口總值(含復出口),81,35200
2022-10,39073010,丙二酚型環氧樹脂,阿曼,出口總值(含復出口),201,88000
2022-10,39073010,丙二酚型環氧樹脂,南韓,進口總值(含復進口),19,2090
2022-10,39073010,丙二酚型環氧樹脂,約旦,出口總值(含復出口),40,17600
2022-10,39073010,丙二酚型環氧樹脂,美國,進口總值(含復進口),68,5706
2022-10,39073010,丙二酚型環氧樹脂,美國,出口總值(含復出口),1597,603550
2022-10,39073010,丙二酚型環氧樹脂,英國,進口總值(含復進口),10,257
2022-10,39073010,丙二酚型環氧樹脂,英國,出口總值(含復出口),735,261300
2022-10,39073010,丙二酚型環氧樹脂,香港,出口總值(含復出口),51,19800
2022-10,39073010,丙二酚型環氧樹脂,哥倫比亞,出口總值(含復出口),174,68800
2022-10,39073010,丙二酚型環氧樹脂,泰國,出口總值(含復出口),275,108370
2022-10,39073010,丙二酚型環氧樹脂,秘魯,出口總值(含復出口),29,17600
2022-10,39073010,丙二酚型環氧樹脂,馬來西亞,出口總值(含復出口),1211,473955
2022-10,39073010,丙二酚型環氧樹脂,荷蘭,進口總值(含復進口),11,115
2022-10,39073010,丙二酚型環氧樹脂,荷蘭,出口總值(含復出口),2269,842540
2022-10,39073010,丙二酚型環氧樹脂,智利,出口總值(含復出口),172,88000
2022-10,39073010,丙二酚型環氧樹脂,菲律賓,出口總值(含復出口),979,416365
2022-10,39073010,丙二酚型環氧樹脂,越南,出口總值(含復出口),1190,414462
2022-10,39073010,丙二酚型環氧樹脂,新加坡,出口總值(含復出口),715,290180
2022-10,39073010,丙二酚型環氧樹脂,義大利,出口總值(含復出口),1213,431320
2022-10,39073010,丙二酚型環氧樹脂,德國,進口總值(含復進口),98,21800
2022-10,39073010,丙二酚型環氧樹脂,緬甸,出口總值(含復出口),45,17600
2022-10,39073010,丙二酚型環氧樹脂,墨西哥,出口總值(含復出口),404,191680
2022-10,39073010,丙二酚型環氧樹脂,澳大利亞,出口總值(含復出口),612,225590
2022-10,39073010,丙二酚型環氧樹脂,澳門,出口總值(含復出口),421,138710
2022-10,39074000,聚碳酸樹脂，初級狀態,土耳其,出口總值(含復出口),54,16000
2022-10,39074000,聚碳酸樹脂，初級狀態,中國大陸,進口總值(含復進口),9769,3595047
2022-10,39074000,聚碳酸樹脂，初級狀態,中國大陸,出口總值(含復出口),53153,21610910
2022-10,39074000,聚碳酸樹脂，初級狀態,中華民國,進口總值(含復進口),100,29550
2022-10,39074000,聚碳酸樹脂，初級狀態,丹麥,出口總值(含復出口),8,3000
2022-10,39074000,聚碳酸樹脂，初級狀態,巴西,出口總值(含復出口),36,11025
2022-10,39074000,聚碳酸樹脂，初級狀態,巴基斯坦,出口總值(含復出口),16,7000
2022-10,39074000,聚碳酸樹脂，初級狀態,日本,進口總值(含復進口),3724,654732
2022-10,39074000,聚碳酸樹脂，初級狀態,日本,出口總值(含復出口),2112,931425
2022-10,39074000,聚碳酸樹脂，初級狀態,比利時,進口總值(含復進口),754,385506
2022-10,39074000,聚碳酸樹脂，初級狀態,比利時,出口總值(含復出口),56,17000
2022-10,39074000,聚碳酸樹脂，初級狀態,加拿大,出口總值(含復出口),197,54000
2022-10,39074000,聚碳酸樹脂，初級狀態,伊朗,出口總值(含復出口),110,34000
2022-10,39074000,聚碳酸樹脂，初級狀態,印尼,出口總值(含復出口),365,133750
2022-10,39074000,聚碳酸樹脂，初級狀態,印度,出口總值(含復出口),616,125000
2022-10,39074000,聚碳酸樹脂，初級狀態,西班牙,進口總值(含復進口),669,216720
2022-10,39074000,聚碳酸樹脂，初級狀態,沙烏地阿拉伯,進口總值(含復進口),3411,1772800
2022-10,39074000,聚碳酸樹脂，初級狀態,孟加拉,出口總值(含復出口),31,14000
2022-10,39074000,聚碳酸樹脂，初級狀態,波蘭,出口總值(含復出口),8,2100
2022-10,39074000,聚碳酸樹脂，初級狀態,法國,出口總值(含復出口),9,2000
2022-10,39074000,聚碳酸樹脂，初級狀態,阿根廷,出口總值(含復出口),28,8000
2022-10,39074000,聚碳酸樹脂，初級狀態,南非,出口總值(含復出口),45,17000
2022-10,39074000,聚碳酸樹脂，初級狀態,南韓,進口總值(含復進口),4192,1999675
2022-10,39074000,聚碳酸樹脂，初級狀態,南韓,出口總值(含復出口),1280,372000
2022-10,39074000,聚碳酸樹脂，初級狀態,柬埔寨,出口總值(含復出口),178,50000
2022-10,39074000,聚碳酸樹脂，初級狀態,美國,進口總值(含復進口),560,66760
2022-10,39074000,聚碳酸樹脂，初級狀態,美國,出口總值(含復出口),722,282850
2022-10,39074000,聚碳酸樹脂，初級狀態,英國,進口總值(含復進口),2,10
2022-10,39074000,聚碳酸樹脂，初級狀態,英國,出口總值(含復出口),121,50250
2022-10,39074000,聚碳酸樹脂，初級狀態,香港,出口總值(含復出口),3483,786850
2022-10,39074000,聚碳酸樹脂，初級狀態,哥倫比亞,出口總值(含復出口),61,19000
2022-10,39074000,聚碳酸樹脂，初級狀態,挪威,出口總值(含復出口),39,16000
2022-10,39074000,聚碳酸樹脂，初級狀態,泰國,進口總值(含復進口),1751,684820
2022-10,39074000,聚碳酸樹脂，初級狀態,泰國,出口總值(含復出口),490,165875
2022-10,39074000,聚碳酸樹脂，初級狀態,秘魯,出口總值(含復出口),265,120000
2022-10,39074000,聚碳酸樹脂，初級狀態,馬來西亞,進口總值(含復進口),48,4800
2022-10,39074000,聚碳酸樹脂，初級狀態,馬來西亞,出口總值(含復出口),605,251650
2022-10,39074000,聚碳酸樹脂，初級狀態,荷蘭,進口總值(含復進口),173,72605
2022-10,39074000,聚碳酸樹脂，初級狀態,荷蘭,出口總值(含復出口),1473,533125
2022-10,39074000,聚碳酸樹脂，初級狀態,斯里蘭卡,出口總值(含復出口),70,31000
2022-10,39074000,聚碳酸樹脂，初級狀態,菲律賓,出口總值(含復出口),63,20000
2022-10,39074000,聚碳酸樹脂，初級狀態,象牙海岸,出口總值(含復出口),112,46000
2022-10,39074000,聚碳酸樹脂，初級狀態,越南,出口總值(含復出口),2676,1035190
2022-10,39074000,聚碳酸樹脂，初級狀態,新加坡,進口總值(含復進口),72,20900
2022-10,39074000,聚碳酸樹脂，初級狀態,新加坡,出口總值(含復出口),26,11975
2022-10,39074000,聚碳酸樹脂，初級狀態,瑞士,進口總值(含復進口),133,17050
2022-10,39074000,聚碳酸樹脂，初級狀態,瑞典,出口總值(含復出口),16,7000
2022-10,39074000,聚碳酸樹脂，初級狀態,義大利,進口總值(含復進口),55,4277
2022-10,39074000,聚碳酸樹脂，初級狀態,德國,進口總值(含復進口),2172,812500
2022-10,39074000,聚碳酸樹脂，初級狀態,德國,出口總值(含復出口),636,288000
2022-10,39074000,聚碳酸樹脂，初級狀態,摩洛哥,出口總值(含復出口),39,16000
2022-10,39074000,聚碳酸樹脂，初級狀態,墨西哥,進口總值(含復進口),37,24000
2022-10,39074000,聚碳酸樹脂，初級狀態,墨西哥,出口總值(含復出口),152,50000
2022-10,39075000,醇酸樹脂，初級狀態,中國大陸,進口總值(含復進口),64,21780
2022-10,39075000,醇酸樹脂，初級狀態,中國大陸,出口總值(含復出口),240,112505
2022-10,39075000,醇酸樹脂，初級狀態,日本,進口總值(含復進口),10,1520
2022-10,39075000,醇酸樹脂，初級狀態,日本,出口總值(含復出口),7,1720
2022-10,39075000,醇酸樹脂，初級狀態,印度,出口總值(含復出口),98,32000
2022-10,39075000,醇酸樹脂，初級狀態,沙烏地阿拉伯,出口總值(含復出口),17,8000
2022-10,39075000,醇酸樹脂，初級狀態,南韓,出口總值(含復出口),8,2400
2022-10,39075000,醇酸樹脂，初級狀態,美國,進口總值(含復進口),73,8860
2022-10,39075000,醇酸樹脂，初級狀態,美國,出口總值(含復出口),17,5000
2022-10,39075000,醇酸樹脂，初級狀態,哥倫比亞,出口總值(含復出口),8,2800
2022-10,39075000,醇酸樹脂，初級狀態,泰國,出口總值(含復出口),15,9000
2022-10,39075000,醇酸樹脂，初級狀態,馬來西亞,出口總值(含復出口),108,32000
2022-10,39075000,醇酸樹脂，初級狀態,斯里蘭卡,出口總值(含復出口),136,56000
2022-10,39075000,醇酸樹脂，初級狀態,菲律賓,出口總值(含復出口),40,12780
2022-10,39075000,醇酸樹脂，初級狀態,越南,出口總值(含復出口),712,339590
2022-10,39075000,醇酸樹脂，初級狀態,新加坡,出口總值(含復出口),52,29400
2022-10,39075000,醇酸樹脂，初級狀態,義大利,進口總值(含復進口),4,880
2022-10,39075000,醇酸樹脂，初級狀態,澳大利亞,出口總值(含復出口),652,279770
2022-11,39073010,丙二酚型環氧樹脂,土耳其,出口總值(含復出口),424,181760
2022-11,39073010,丙二酚型環氧樹脂,中國大陸,進口總值(含復進口),30,6921
2022-11,39073010,丙二酚型環氧樹脂,中國大陸,出口總值(含復出口),3611,1084106
2022-11,39073010,丙二酚型環氧樹脂,巴西,出口總值(含復出口),318,142750
2022-11,39073010,丙二酚型環氧樹脂,日本,進口總值(含復進口),24,636
2022-11,39073010,丙二酚型環氧樹脂,日本,出口總值(含復出口),1679,651700
2022-11,39073010,丙二酚型環氧樹脂,卡達,出口總值(含復出口),458,195200
2022-11,39073010,丙二酚型環氧樹脂,印尼,出口總值(含復出口),372,141320
2022-11,39073010,丙二酚型環氧樹脂,印度,出口總值(含復出口),414,176400
2022-11,39073010,丙二酚型環氧樹脂,西班牙,出口總值(含復出口),71,19800
2022-11,39073010,丙二酚型環氧樹脂,沙烏地阿拉伯,出口總值(含復出口),91,39520
2022-11,39073010,丙二酚型環氧樹脂,法國,出口總值(含復出口),304,115000
2022-11,39073010,丙二酚型環氧樹脂,阿拉伯聯合大公國,出口總值(含復出口),115,51200
2022-11,39073010,丙二酚型環氧樹脂,南非,出口總值(含復出口),43,17600
2022-11,39073010,丙二酚型環氧樹脂,南韓,進口總值(含復進口),74,20840
2022-11,39073010,丙二酚型環氧樹脂,美國,進口總值(含復進口),84,6282
2022-11,39073010,丙二酚型環氧樹脂,美國,出口總值(含復出口),1363,588830
2022-11,39073010,丙二酚型環氧樹脂,英國,出口總值(含復出口),383,139800
2022-11,39073010,丙二酚型環氧樹脂,香港,出口總值(含復出口),197,79200
2022-11,39073010,丙二酚型環氧樹脂,哥倫比亞,出口總值(含復出口),129,51200
2022-11,39073010,丙二酚型環氧樹脂,埃及,出口總值(含復出口),79,32000
2022-11,39073010,丙二酚型環氧樹脂,泰國,進口總值(含復進口),36,4700
2022-11,39073010,丙二酚型環氧樹脂,泰國,出口總值(含復出口),48,17080
2022-11,39073010,丙二酚型環氧樹脂,馬來西亞,出口總值(含復出口),1700,719600
2022-11,39073010,丙二酚型環氧樹脂,荷蘭,出口總值(含復出口),1689,644080
2022-11,39073010,丙二酚型環氧樹脂,菲律賓,出口總值(含復出口),249,97195
2022-11,39073010,丙二酚型環氧樹脂,越南,出口總值(含復出口),1252,466200
2022-11,39073010,丙二酚型環氧樹脂,新加坡,出口總值(含復出口),522,210800
2022-11,39073010,丙二酚型環氧樹脂,義大利,出口總值(含復出口),39,12000
2022-11,39073010,丙二酚型環氧樹脂,德國,進口總值(含復進口),0,4
2022-11,39073010,丙二酚型環氧樹脂,緬甸,出口總值(含復出口),57,19200
2022-11,39073010,丙二酚型環氧樹脂,墨西哥,出口總值(含復出口),178,104040
2022-11,39073010,丙二酚型環氧樹脂,澳大利亞,出口總值(含復出口),95,36960
2022-11,39073010,丙二酚型環氧樹脂,澳門,出口總值(含復出口),362,119340
2022-11,39074000,聚碳酸樹脂，初級狀態,土耳其,出口總值(含復出口),129,48000
2022-11,39074000,聚碳酸樹脂，初級狀態,中國大陸,進口總值(含復進口),8280,3051024
2022-11,39074000,聚碳酸樹脂，初級狀態,中國大陸,出口總值(含復出口),43850,18036184
2022-11,39074000,聚碳酸樹脂，初級狀態,中華民國,進口總值(含復進口),8,1664
2022-11,39074000,聚碳酸樹脂，初級狀態,丹麥,進口總值(含復進口),0,8
2022-11,39074000,聚碳酸樹脂，初級狀態,厄瓜多,出口總值(含復出口),50,16000
2022-11,39074000,聚碳酸樹脂，初級狀態,巴西,出口總值(含復出口),11,3000
2022-11,39074000,聚碳酸樹脂，初級狀態,巴基斯坦,出口總值(含復出口),12,5000
2022-11,39074000,聚碳酸樹脂，初級狀態,日本,進口總值(含復進口),2500,743986
2022-11,39074000,聚碳酸樹脂，初級狀態,日本,出口總值(含復出口),2028,850300
2022-11,39074000,聚碳酸樹脂，初級狀態,比利時,進口總值(含復進口),262,80843
2022-11,39074000,聚碳酸樹脂，初級狀態,比利時,出口總值(含復出口),51,17000
2022-11,39074000,聚碳酸樹脂，初級狀態,以色列,出口總值(含復出口),79,39000
2022-11,39074000,聚碳酸樹脂，初級狀態,伊朗,出口總值(含復出口),87,32000
2022-11,39074000,聚碳酸樹脂，初級狀態,印尼,出口總值(含復出口),232,88968
2022-11,39074000,聚碳酸樹脂，初級狀態,印度,出口總值(含復出口),563,111000
2022-11,39074000,聚碳酸樹脂，初級狀態,西班牙,進口總值(含復進口),219,65300
2022-11,39074000,聚碳酸樹脂，初級狀態,西班牙,出口總值(含復出口),254,108000
2022-11,39074000,聚碳酸樹脂，初級狀態,希臘,出口總值(含復出口),12,5000
2022-11,39074000,聚碳酸樹脂，初級狀態,沙烏地阿拉伯,進口總值(含復進口),1315,685600
2022-11,39074000,聚碳酸樹脂，初級狀態,孟加拉,出口總值(含復出口),200,89000
2022-11,39074000,聚碳酸樹脂，初級狀態,波蘭,出口總值(含復出口),36,10000
2022-11,39074000,聚碳酸樹脂，初級狀態,法國,出口總值(含復出口),2,500
2022-11,39074000,聚碳酸樹脂，初級狀態,阿根廷,出口總值(含復出口),64,21000
2022-11,39074000,聚碳酸樹脂，初級狀態,俄羅斯,出口總值(含復出口),51,20000
2022-11,39074000,聚碳酸樹脂，初級狀態,南非,出口總值(含復出口),5,2000
2022-11,39074000,聚碳酸樹脂，初級狀態,南韓,進口總值(含復進口),3798,1727770
2022-11,39074000,聚碳酸樹脂，初級狀態,南韓,出口總值(含復出口),359,153750
2022-11,39074000,聚碳酸樹脂，初級狀態,美國,進口總值(含復進口),491,71954
2022-11,39074000,聚碳酸樹脂，初級狀態,美國,出口總值(含復出口),746,316025
2022-11,39074000,聚碳酸樹脂，初級狀態,英國,出口總值(含復出口),480,131750
2022-11,39074000,聚碳酸樹脂，初級狀態,香港,出口總值(含復出口),5780,1265596
2022-11,39074000,聚碳酸樹脂，初級狀態,哥倫比亞,出口總值(含復出口),6,2000
2022-11,39074000,聚碳酸樹脂，初級狀態,埃及,出口總值(含復出口),77,26000
2022-11,39074000,聚碳酸樹脂，初級狀態,挪威,出口總值(含復出口),31,9000
2022-11,39074000,聚碳酸樹脂，初級狀態,泰國,進口總值(含復進口),1778,765400
2022-11,39074000,聚碳酸樹脂，初級狀態,泰國,出口總值(含復出口),480,163050
2022-11,39074000,聚碳酸樹脂，初級狀態,秘魯,出口總值(含復出口),276,118275
2022-11,39074000,聚碳酸樹脂，初級狀態,馬來西亞,出口總值(含復出口),650,299929
2022-11,39074000,聚碳酸樹脂，初級狀態,荷蘭,進口總值(含復進口),25,31767
2022-11,39074000,聚碳酸樹脂，初級狀態,荷蘭,出口總值(含復出口),21,7000
2022-11,39074000,聚碳酸樹脂，初級狀態,斯里蘭卡,出口總值(含復出口),25,11000
2022-11,39074000,聚碳酸樹脂，初級狀態,斯洛維尼亞,出口總值(含復出口),12,5000
2022-11,39074000,聚碳酸樹脂，初級狀態,菲律賓,出口總值(含復出口),96,56900
2022-11,39074000,聚碳酸樹脂，初級狀態,越南,出口總值(含復出口),2924,1009995
2022-11,39074000,聚碳酸樹脂，初級狀態,新加坡,進口總值(含復進口),4,500
2022-11,39074000,聚碳酸樹脂，初級狀態,新加坡,出口總值(含復出口),759,301525
2022-11,39074000,聚碳酸樹脂，初級狀態,瑞典,出口總值(含復出口),77,32000
2022-11,39074000,聚碳酸樹脂，初級狀態,義大利,出口總值(含復出口),22,6000
2022-11,39074000,聚碳酸樹脂，初級狀態,德國,進口總值(含復進口),704,260000
2022-11,39074000,聚碳酸樹脂，初級狀態,德國,出口總值(含復出口),216,96000
2022-11,39074000,聚碳酸樹脂，初級狀態,緬甸,出口總值(含復出口),30,16000
2022-11,39074000,聚碳酸樹脂，初級狀態,黎巴嫩,出口總值(含復出口),88,32000
2022-11,39074000,聚碳酸樹脂，初級狀態,墨西哥,出口總值(含復出口),161,48000
2022-11,39074000,聚碳酸樹脂，初級狀態,澳大利亞,出口總值(含復出口),7,2000
2022-11,39075000,醇酸樹脂，初級狀態,中國大陸,進口總值(含復進口),7,4800
2022-11,39075000,醇酸樹脂，初級狀態,中國大陸,出口總值(含復出口),467,226526
2022-11,39075000,醇酸樹脂，初級狀態,日本,進口總值(含復進口),6,1672
2022-11,39075000,醇酸樹脂，初級狀態,日本,出口總值(含復出口),212,112800
2022-11,39075000,醇酸樹脂，初級狀態,加拿大,出口總值(含復出口),366,110620
2022-11,39075000,醇酸樹脂，初級狀態,印度,出口總值(含復出口),50,16000
2022-11,39075000,醇酸樹脂，初級狀態,美國,進口總值(含復進口),15,331
2022-11,39075000,醇酸樹脂，初級狀態,美國,出口總值(含復出口),25,8000
2022-11,39075000,醇酸樹脂，初級狀態,泰國,出口總值(含復出口),10,4000
2022-11,39075000,醇酸樹脂，初級狀態,馬來西亞,出口總值(含復出口),143,51012
2022-11,39075000,醇酸樹脂，初級狀態,莫三比克,出口總值(含復出口),6,3360
2022-11,39075000,醇酸樹脂，初級狀態,斯里蘭卡,出口總值(含復出口),42,16000
2022-11,39075000,醇酸樹脂，初級狀態,越南,出口總值(含復出口),561,306896
2022-11,39075000,醇酸樹脂，初級狀態,新加坡,出口總值(含復出口),67,36600
2022-11,39075000,醇酸樹脂，初級狀態,黎巴嫩,出口總值(含復出口),50,23400
2022-11,39075000,醇酸樹脂，初級狀態,澳大利亞,出口總值(含復出口),33,18400
2022-12,39073010,丙二酚型環氧樹脂,土耳其,出口總值(含復出口),815,383980
2022-12,39073010,丙二酚型環氧樹脂,中國大陸,進口總值(含復進口),228,69829
2022-12,39073010,丙二酚型環氧樹脂,中國大陸,出口總值(含復出口),6356,1998216
2022-12,39073010,丙二酚型環氧樹脂,巴西,出口總值(含復出口),239,128640
2022-12,39073010,丙二酚型環氧樹脂,日本,進口總值(含復進口),34,2498
2022-12,39073010,丙二酚型環氧樹脂,日本,出口總值(含復出口),910,358440
2022-12,39073010,丙二酚型環氧樹脂,印尼,出口總值(含復出口),478,201960
2022-12,39073010,丙二酚型環氧樹脂,印度,出口總值(含復出口),269,85840
2022-12,39073010,丙二酚型環氧樹脂,西班牙,出口總值(含復出口),62,20740
2022-12,39073010,丙二酚型環氧樹脂,希臘,出口總值(含復出口),64,17600
2022-12,39073010,丙二酚型環氧樹脂,沙烏地阿拉伯,出口總值(含復出口),37,17600
2022-12,39073010,丙二酚型環氧樹脂,坦尚尼亞,出口總值(含復出口),33,17600
2022-12,39073010,丙二酚型環氧樹脂,孟加拉,出口總值(含復出口),29,15000
2022-12,39073010,丙二酚型環氧樹脂,帛琉,出口總值(含復出口),5,1980
2022-12,39073010,丙二酚型環氧樹脂,法國,出口總值(含復出口),653,252500
2022-12,39073010,丙二酚型環氧樹脂,阿拉伯聯合大公國,出口總值(含復出口),283,136000
2022-12,39073010,丙二酚型環氧樹脂,阿根廷,出口總值(含復出口),46,17600
2022-12,39073010,丙二酚型環氧樹脂,南非,出口總值(含復出口),83,35200
2022-12,39073010,丙二酚型環氧樹脂,南韓,進口總值(含復進口),85,22400
2022-12,39073010,丙二酚型環氧樹脂,約旦,出口總值(含復出口),37,17600
2022-12,39073010,丙二酚型環氧樹脂,美國,進口總值(含復進口),214,25462
2022-12,39073010,丙二酚型環氧樹脂,美國,出口總值(含復出口),885,398042
2022-12,39073010,丙二酚型環氧樹脂,英國,進口總值(含復進口),0,2
2022-12,39073010,丙二酚型環氧樹脂,英國,出口總值(含復出口),1345,485160
2022-12,39073010,丙二酚型環氧樹脂,哥倫比亞,出口總值(含復出口),56,35200
2022-12,39073010,丙二酚型環氧樹脂,泰國,進口總值(含復進口),46,17600
2022-12,39073010,丙二酚型環氧樹脂,泰國,出口總值(含復出口),152,63450
2022-12,39073010,丙二酚型環氧樹脂,馬來西亞,出口總值(含復出口),1176,522460
2022-12,39073010,丙二酚型環氧樹脂,荷蘭,出口總值(含復出口),2272,936910
2022-12,39073010,丙二酚型環氧樹脂,智利,出口總值(含復出口),112,70400
2022-12,39073010,丙二酚型環氧樹脂,菲律賓,出口總值(含復出口),273,104125
2022-12,39073010,丙二酚型環氧樹脂,越南,出口總值(含復出口),1023,387755
2022-12,39073010,丙二酚型環氧樹脂,新加坡,出口總值(含復出口),504,213100
2022-12,39073010,丙二酚型環氧樹脂,義大利,進口總值(含復進口),2,128
2022-12,39073010,丙二酚型環氧樹脂,義大利,出口總值(含復出口),619,206280
2022-12,39073010,丙二酚型環氧樹脂,葡萄牙,出口總值(含復出口),95,35000
2022-12,39073010,丙二酚型環氧樹脂,德國,進口總值(含復進口),69,7450
2022-12,39073010,丙二酚型環氧樹脂,緬甸,出口總值(含復出口),44,17600
2022-12,39073010,丙二酚型環氧樹脂,墨西哥,出口總值(含復出口),593,359214
2022-12,39073010,丙二酚型環氧樹脂,澳大利亞,出口總值(含復出口),271,119040
2022-12,39073010,丙二酚型環氧樹脂,澳門,出口總值(含復出口),399,138710
2022-12,39074000,聚碳酸樹脂，初級狀態,中國大陸,進口總值(含復進口),7612,2513656
2022-12,39074000,聚碳酸樹脂，初級狀態,中國大陸,出口總值(含復出口),45189,18692081
2022-12,39074000,聚碳酸樹脂，初級狀態,中華民國,進口總值(含復進口),148,22825
2022-12,39074000,聚碳酸樹脂，初級狀態,巴西,出口總值(含復出口),82,34000
2022-12,39074000,聚碳酸樹脂，初級狀態,巴基斯坦,出口總值(含復出口),7,3000
2022-12,39074000,聚碳酸樹脂，初級狀態,日本,進口總值(含復進口),6472,571435
2022-12,39074000,聚碳酸樹脂，初級狀態,日本,出口總值(含復出口),1157,540625
2022-12,39074000,聚碳酸樹脂，初級狀態,比利時,進口總值(含復進口),4,43575
2022-12,39074000,聚碳酸樹脂，初級狀態,比利時,出口總值(含復出口),106,49000
2022-12,39074000,聚碳酸樹脂，初級狀態,以色列,出口總值(含復出口),109,41000
2022-12,39074000,聚碳酸樹脂，初級狀態,伊朗,出口總值(含復出口),391,122000
2022-12,39074000,聚碳酸樹脂，初級狀態,印尼,出口總值(含復出口),169,59525
2022-12,39074000,聚碳酸樹脂，初級狀態,印度,出口總值(含復出口),339,66500
2022-12,39074000,聚碳酸樹脂，初級狀態,西班牙,進口總值(含復進口),520,166250
2022-12,39074000,聚碳酸樹脂，初級狀態,西班牙,出口總值(含復出口),265,108000
2022-12,39074000,聚碳酸樹脂，初級狀態,沙烏地阿拉伯,進口總值(含復進口),3124,1755200
2022-12,39074000,聚碳酸樹脂，初級狀態,波蘭,出口總值(含復出口),8,3000
2022-12,39074000,聚碳酸樹脂，初級狀態,阿拉伯聯合大公國,出口總值(含復出口),44,16000
2022-12,39074000,聚碳酸樹脂，初級狀態,阿根廷,出口總值(含復出口),57,16000
2022-12,39074000,聚碳酸樹脂，初級狀態,俄羅斯,出口總值(含復出口),64,24000
2022-12,39074000,聚碳酸樹脂，初級狀態,南非,出口總值(含復出口),67,25000
2022-12,39074000,聚碳酸樹脂，初級狀態,南韓,進口總值(含復進口),1840,911500
2022-12,39074000,聚碳酸樹脂，初級狀態,南韓,出口總值(含復出口),1058,509550
2022-12,39074000,聚碳酸樹脂，初級狀態,突尼西亞,出口總值(含復出口),51,13000
2022-12,39074000,聚碳酸樹脂，初級狀態,美國,進口總值(含復進口),533,87846
2022-12,39074000,聚碳酸樹脂，初級狀態,美國,出口總值(含復出口),794,279000
2022-12,39074000,聚碳酸樹脂，初級狀態,英國,出口總值(含復出口),251,76250
2022-12,39074000,聚碳酸樹脂，初級狀態,香港,出口總值(含復出口),5243,1241675
2022-12,39074000,聚碳酸樹脂，初級狀態,哥倫比亞,出口總值(含復出口),57,20000
2022-12,39074000,聚碳酸樹脂，初級狀態,挪威,出口總值(含復出口),14,4000
2022-12,39074000,聚碳酸樹脂，初級狀態,泰國,進口總值(含復進口),1833,756825
2022-12,39074000,聚碳酸樹脂，初級狀態,泰國,出口總值(含復出口),694,216222
2022-12,39074000,聚碳酸樹脂，初級狀態,馬來西亞,進口總值(含復進口),22,2200
2022-12,39074000,聚碳酸樹脂，初級狀態,馬來西亞,出口總值(含復出口),372,142200
2022-12,39074000,聚碳酸樹脂，初級狀態,荷蘭,出口總值(含復出口),998,326600
2022-12,39074000,聚碳酸樹脂，初級狀態,斯里蘭卡,出口總值(含復出口),60,26000
2022-12,39074000,聚碳酸樹脂，初級狀態,斯洛維尼亞,出口總值(含復出口),32,12000
2022-12,39074000,聚碳酸樹脂，初級狀態,菲律賓,出口總值(含復出口),22,10000
2022-12,39074000,聚碳酸樹脂，初級狀態,越南,出口總值(含復出口),2159,839475
2022-12,39074000,聚碳酸樹脂，初級狀態,新加坡,進口總值(含復進口),441,73204
2022-12,39074000,聚碳酸樹脂，初級狀態,新加坡,出口總值(含復出口),143,24800
2022-12,39074000,聚碳酸樹脂，初級狀態,瑞士,進口總值(含復進口),3,500
2022-12,39074000,聚碳酸樹脂，初級狀態,義大利,進口總值(含復進口),16,23178
2022-12,39074000,聚碳酸樹脂，初級狀態,義大利,出口總值(含復出口),12,4000
2022-12,39074000,聚碳酸樹脂，初級狀態,德國,進口總值(含復進口),942,340000
2022-12,39074000,聚碳酸樹脂，初級狀態,德國,出口總值(含復出口),47,21000
2022-12,39074000,聚碳酸樹脂，初級狀態,緬甸,出口總值(含復出口),30,16000
2022-12,39074000,聚碳酸樹脂，初級狀態,墨西哥,出口總值(含復出口),320,104000
2022-12,39075000,醇酸樹脂，初級狀態,中國大陸,進口總值(含復進口),7,3900
2022-12,39075000,醇酸樹脂，初級狀態,中國大陸,出口總值(含復出口),285,145434
2022-12,39075000,醇酸樹脂，初級狀態,日本,進口總值(含復進口),15,3664
2022-12,39075000,醇酸樹脂，初級狀態,日本,出口總值(含復出口),68,36000
2022-12,39075000,醇酸樹脂，初級狀態,加拿大,出口總值(含復出口),293,86730
2022-12,39075000,醇酸樹脂，初級狀態,印度,出口總值(含復出口),119,41225
2022-12,39075000,醇酸樹脂，初級狀態,阿拉伯聯合大公國,出口總值(含復出口),14,6000
2022-12,39075000,醇酸樹脂，初級狀態,美國,進口總值(含復進口),48,6513
2022-12,39075000,醇酸樹脂，初級狀態,哥倫比亞,出口總值(含復出口),3,1200
2022-12,39075000,醇酸樹脂，初級狀態,泰國,進口總值(含復進口),4,1140
2022-12,39075000,醇酸樹脂，初級狀態,泰國,出口總值(含復出口),47,9000
2022-12,39075000,醇酸樹脂，初級狀態,紐西蘭,出口總值(含復出口),17,6480
2022-12,39075000,醇酸樹脂，初級狀態,馬來西亞,出口總值(含復出口),15,3000
2022-12,39075000,醇酸樹脂，初級狀態,斯里蘭卡,出口總值(含復出口),64,32180
2022-12,39075000,醇酸樹脂，初級狀態,越南,出口總值(含復出口),787,370078
2022-12,39075000,醇酸樹脂，初級狀態,新加坡,出口總值(含復出口),121,41000
2022-12,39075000,醇酸樹脂，初級狀態,澳大利亞,出口總值(含復出口),107,51410
2022-1,39079100,其他聚酯，不飽和者，初級狀態,中國大陸,進口總值(含復進口),1913,732787
2022-1,39079100,其他聚酯，不飽和者，初級狀態,日本,進口總值(含復進口),933,576711
2022-1,39079100,其他聚酯，不飽和者，初級狀態,比利時,進口總值(含復進口),18,1130
2022-1,39079100,其他聚酯，不飽和者，初級狀態,印尼,進口總值(含復進口),5,2225
2022-1,39079100,其他聚酯，不飽和者，初級狀態,印度,進口總值(含復進口),25,6480
2022-1,39079100,其他聚酯，不飽和者，初級狀態,阿拉伯聯合大公國,進口總值(含復進口),7,1000
2022-1,39079100,其他聚酯，不飽和者，初級狀態,南韓,進口總值(含復進口),191,3339
2022-1,39079100,其他聚酯，不飽和者，初級狀態,美國,進口總值(含復進口),376,120057
2022-1,39079100,其他聚酯，不飽和者，初級狀態,英國,進口總值(含復進口),1,80
2022-1,39079100,其他聚酯，不飽和者，初級狀態,泰國,進口總值(含復進口),25,8170
2022-1,39079100,其他聚酯，不飽和者，初級狀態,荷蘭,進口總值(含復進口),0,0
2022-1,39079100,其他聚酯，不飽和者，初級狀態,新加坡,進口總值(含復進口),7,1750
2022-1,39079100,其他聚酯，不飽和者，初級狀態,義大利,進口總值(含復進口),286,69860
2022-1,39079100,其他聚酯，不飽和者，初級狀態,澳大利亞,進口總值(含復進口),6,2732
2022-1,39079100,其他聚酯，不飽和者，初級狀態,中國大陸,出口總值(含復出口),1017,870351
2022-1,39079100,其他聚酯，不飽和者，初級狀態,巴西,出口總值(含復出口),14,1800
2022-1,39079100,其他聚酯，不飽和者，初級狀態,日本,出口總值(含復出口),3116,1550730
2022-1,39079100,其他聚酯，不飽和者，初級狀態,以色列,出口總值(含復出口),36,17600
2022-1,39079100,其他聚酯，不飽和者，初級狀態,印尼,出口總值(含復出口),70,46937
2022-1,39079100,其他聚酯，不飽和者，初級狀態,印度,出口總值(含復出口),292,125270
2022-1,39079100,其他聚酯，不飽和者，初級狀態,多明尼加,出口總值(含復出口),534,257880
2022-1,39079100,其他聚酯，不飽和者，初級狀態,坦尚尼亞,出口總值(含復出口),39,17600
2022-1,39079100,其他聚酯，不飽和者，初級狀態,孟加拉,出口總值(含復出口),1883,854955
2022-1,39079100,其他聚酯，不飽和者，初級狀態,阿拉伯聯合大公國,出口總值(含復出口),606,560000
2022-1,39079100,其他聚酯，不飽和者，初級狀態,南非,出口總值(含復出口),26,13050
2022-1,39079100,其他聚酯，不飽和者，初級狀態,美國,出口總值(含復出口),52,15048
2022-1,39079100,其他聚酯，不飽和者，初級狀態,香港,出口總值(含復出口),344,110040
2022-1,39079100,其他聚酯，不飽和者，初級狀態,哥倫比亞,出口總值(含復出口),3685,4000000
2022-1,39079100,其他聚酯，不飽和者，初級狀態,埃及,出口總值(含復出口),433,198400
2022-1,39079100,其他聚酯，不飽和者，初級狀態,泰國,出口總值(含復出口),84,41800
2022-1,39079100,其他聚酯，不飽和者，初級狀態,秘魯,出口總值(含復出口),3084,3000000
2022-1,39079100,其他聚酯，不飽和者，初級狀態,紐西蘭,出口總值(含復出口),26,9920
2022-1,39079100,其他聚酯，不飽和者，初級狀態,馬來西亞,出口總值(含復出口),5,2250
2022-1,39079100,其他聚酯，不飽和者，初級狀態,斯里蘭卡,出口總值(含復出口),68,34940
2022-1,39079100,其他聚酯，不飽和者，初級狀態,斯洛維尼亞,出口總值(含復出口),218,80000
2022-1,39079100,其他聚酯，不飽和者，初級狀態,菲律賓,出口總值(含復出口),338,168630
2022-1,39079100,其他聚酯，不飽和者，初級狀態,越南,出口總值(含復出口),1612,792694
2022-1,39079100,其他聚酯，不飽和者，初級狀態,新加坡,出口總值(含復出口),2,400
2022-1,39079100,其他聚酯，不飽和者，初級狀態,義大利,出口總值(含復出口),47,20000
2022-1,39079100,其他聚酯，不飽和者，初級狀態,模里西斯,出口總值(含復出口),87,43511
2022-1,39079100,其他聚酯，不飽和者，初級狀態,緬甸,出口總值(含復出口),34,18000
2022-1,39079100,其他聚酯，不飽和者，初級狀態,澳大利亞,出口總值(含復出口),204,91480
2022-1,39079920,熱塑性液晶芳香族聚酯共聚合物,中國大陸,進口總值(含復進口),3,300
2022-1,39079920,熱塑性液晶芳香族聚酯共聚合物,日本,進口總值(含復進口),211,3300
2022-1,39079920,熱塑性液晶芳香族聚酯共聚合物,美國,進口總值(含復進口),17,125
2022-1,39079920,熱塑性液晶芳香族聚酯共聚合物,中國大陸,出口總值(含復出口),3626,442279
2022-1,39079920,熱塑性液晶芳香族聚酯共聚合物,日本,出口總值(含復出口),907,154575
2022-1,39079920,熱塑性液晶芳香族聚酯共聚合物,南韓,出口總值(含復出口),1188,120840
2022-1,39079920,熱塑性液晶芳香族聚酯共聚合物,香港,出口總值(含復出口),1571,170595
2022-1,39079920,熱塑性液晶芳香族聚酯共聚合物,泰國,出口總值(含復出口),12,1800
2022-1,39079920,熱塑性液晶芳香族聚酯共聚合物,秘魯,出口總值(含復出口),60,6300
2022-1,39079920,熱塑性液晶芳香族聚酯共聚合物,馬來西亞,出口總值(含復出口),120,10575
2022-1,39079920,熱塑性液晶芳香族聚酯共聚合物,菲律賓,出口總值(含復出口),166,21900
2022-1,39079920,熱塑性液晶芳香族聚酯共聚合物,越南,出口總值(含復出口),9,1000
2022-1,39079920,熱塑性液晶芳香族聚酯共聚合物,新加坡,出口總值(含復出口),154,21250
2022-1,39094000,酚樹脂，初級狀態,中國大陸,進口總值(含復進口),1026,404325
2022-1,39094000,酚樹脂，初級狀態,日本,進口總值(含復進口),1732,127844
2022-1,39094000,酚樹脂，初級狀態,加拿大,進口總值(含復進口),65,16300
2022-1,39094000,酚樹脂，初級狀態,印度,進口總值(含復進口),46,17000
2022-1,39094000,酚樹脂，初級狀態,法國,進口總值(含復進口),96,18002
2022-1,39094000,酚樹脂，初級狀態,南韓,進口總值(含復進口),1569,201540
2022-1,39094000,酚樹脂，初級狀態,美國,進口總值(含復進口),447,58522
2022-1,39094000,酚樹脂，初級狀態,英國,進口總值(含復進口),8,165
2022-1,39094000,酚樹脂，初級狀態,泰國,進口總值(含復進口),39,18000
2022-1,39094000,酚樹脂，初級狀態,新加坡,進口總值(含復進口),53,18000
2022-1,39094000,酚樹脂，初級狀態,義大利,進口總值(含復進口),2,220
2022-1,39094000,酚樹脂，初級狀態,德國,進口總值(含復進口),546,75944
2022-1,39094000,酚樹脂，初級狀態,土耳其,出口總值(含復出口),93,64000
2022-1,39094000,酚樹脂，初級狀態,中國大陸,出口總值(含復出口),8737,3356744
2022-1,39094000,酚樹脂，初級狀態,日本,出口總值(含復出口),618,185397
2022-1,39094000,酚樹脂，初級狀態,加拿大,出口總值(含復出口),4,1000
2022-1,39094000,酚樹脂，初級狀態,印尼,出口總值(含復出口),119,34000
2022-1,39094000,酚樹脂，初級狀態,印度,出口總值(含復出口),96,28590
2022-1,39094000,酚樹脂，初級狀態,孟加拉,出口總值(含復出口),2,1000
2022-1,39094000,酚樹脂，初級狀態,南非,出口總值(含復出口),54,32000
2022-1,39094000,酚樹脂，初級狀態,南韓,出口總值(含復出口),347,157180
2022-1,39094000,酚樹脂，初級狀態,英國,出口總值(含復出口),9,23
2022-1,39094000,酚樹脂，初級狀態,香港,出口總值(含復出口),59,39000
2022-1,39094000,酚樹脂，初級狀態,泰國,出口總值(含復出口),288,134120
2022-1,39094000,酚樹脂，初級狀態,秘魯,出口總值(含復出口),61,54000
2022-1,39094000,酚樹脂，初級狀態,馬來西亞,出口總值(含復出口),306,90400
2022-1,39094000,酚樹脂，初級狀態,菲律賓,出口總值(含復出口),276,179270
2022-1,39094000,酚樹脂，初級狀態,越南,出口總值(含復出口),278,130944
2022-1,39094000,酚樹脂，初級狀態,新加坡,出口總值(含復出口),28,17825
2022-1,39094000,酚樹脂，初級狀態,澳大利亞,出口總值(含復出口),45,24000
2022-2,39079100,其他聚酯，不飽和者，初級狀態,中國大陸,進口總值(含復進口),540,306510
2022-2,39079100,其他聚酯，不飽和者，初級狀態,日本,進口總值(含復進口),654,404020
2022-2,39079100,其他聚酯，不飽和者，初級狀態,南韓,進口總值(含復進口),601,183082
2022-2,39079100,其他聚酯，不飽和者，初級狀態,美國,進口總值(含復進口),934,305240
2022-2,39079100,其他聚酯，不飽和者，初級狀態,英國,進口總值(含復進口),1,98
2022-2,39079100,其他聚酯，不飽和者，初級狀態,泰國,進口總值(含復進口),14,4560
2022-2,39079100,其他聚酯，不飽和者，初級狀態,新加坡,進口總值(含復進口),25,7925
2022-2,39079100,其他聚酯，不飽和者，初級狀態,義大利,進口總值(含復進口),127,32210
2022-2,39079100,其他聚酯，不飽和者，初級狀態,中國大陸,出口總值(含復出口),1261,945666
2022-2,39079100,其他聚酯，不飽和者，初級狀態,巴西,出口總值(含復出口),6,800
2022-2,39079100,其他聚酯，不飽和者，初級狀態,巴基斯坦,出口總值(含復出口),34,17600
2022-2,39079100,其他聚酯，不飽和者，初級狀態,日本,出口總值(含復出口),1442,612396
2022-2,39079100,其他聚酯，不飽和者，初級狀態,以色列,出口總值(含復出口),173,87520
2022-2,39079100,其他聚酯，不飽和者，初級狀態,卡達,出口總值(含復出口),1180,633600
2022-2,39079100,其他聚酯，不飽和者，初級狀態,立陶宛,出口總值(含復出口),135,59400
2022-2,39079100,其他聚酯，不飽和者，初級狀態,印尼,出口總值(含復出口),94,159036
2022-2,39079100,其他聚酯，不飽和者，初級狀態,印度,出口總值(含復出口),598,428000
2022-2,39079100,其他聚酯，不飽和者，初級狀態,奈及利亞,出口總值(含復出口),22,10880
2022-2,39079100,其他聚酯，不飽和者，初級狀態,孟加拉,出口總值(含復出口),1435,635250
2022-2,39079100,其他聚酯，不飽和者，初級狀態,阿拉伯聯合大公國,出口總值(含復出口),22,12000
2022-2,39079100,其他聚酯，不飽和者，初級狀態,南非,出口總值(含復出口),177,71550
2022-2,39079100,其他聚酯，不飽和者，初級狀態,柬埔寨,出口總值(含復出口),95,52800
2022-2,39079100,其他聚酯，不飽和者，初級狀態,美國,出口總值(含復出口),54,19500
2022-2,39079100,其他聚酯，不飽和者，初級狀態,香港,出口總值(含復出口),112,32740
2022-2,39079100,其他聚酯，不飽和者，初級狀態,埃及,出口總值(含復出口),270,129600
2022-2,39079100,其他聚酯，不飽和者，初級狀態,泰國,出口總值(含復出口),17,5000
2022-2,39079100,其他聚酯，不飽和者，初級狀態,烏茲別克,出口總值(含復出口),58,36000
2022-2,39079100,其他聚酯，不飽和者，初級狀態,秘魯,出口總值(含復出口),36,15620
2022-2,39079100,其他聚酯，不飽和者，初級狀態,馬來西亞,出口總值(含復出口),38,16000
2022-2,39079100,其他聚酯，不飽和者，初級狀態,斯洛維尼亞,出口總值(含復出口),96,32000
2022-2,39079100,其他聚酯，不飽和者，初級狀態,菲律賓,出口總值(含復出口),81,35064
2022-2,39079100,其他聚酯，不飽和者，初級狀態,越南,出口總值(含復出口),1174,599112
2022-2,39079100,其他聚酯，不飽和者，初級狀態,模里西斯,出口總值(含復出口),14,5400
2022-2,39079100,其他聚酯，不飽和者，初級狀態,緬甸,出口總值(含復出口),33,18000
2022-2,39079100,其他聚酯，不飽和者，初級狀態,黎巴嫩,出口總值(含復出口),27,12150
2022-2,39079100,其他聚酯，不飽和者，初級狀態,澳大利亞,出口總值(含復出口),633,244500
2022-2,39079920,熱塑性液晶芳香族聚酯共聚合物,中國大陸,進口總值(含復進口),37,10000
2022-2,39079920,熱塑性液晶芳香族聚酯共聚合物,日本,進口總值(含復進口),138,11525
2022-2,39079920,熱塑性液晶芳香族聚酯共聚合物,中國大陸,出口總值(含復出口),4779,594055
2022-2,39079920,熱塑性液晶芳香族聚酯共聚合物,日本,出口總值(含復出口),421,76300
2022-2,39079920,熱塑性液晶芳香族聚酯共聚合物,印度,出口總值(含復出口),22,3225
2022-2,39079920,熱塑性液晶芳香族聚酯共聚合物,南韓,出口總值(含復出口),701,91050
2022-2,39079920,熱塑性液晶芳香族聚酯共聚合物,香港,出口總值(含復出口),2812,327300
2022-2,39079920,熱塑性液晶芳香族聚酯共聚合物,泰國,出口總值(含復出口),38,5350
2022-2,39079920,熱塑性液晶芳香族聚酯共聚合物,馬來西亞,出口總值(含復出口),76,8550
2022-2,39079920,熱塑性液晶芳香族聚酯共聚合物,菲律賓,出口總值(含復出口),174,22250
2022-2,39079920,熱塑性液晶芳香族聚酯共聚合物,越南,出口總值(含復出口),29,3500
2022-2,39079920,熱塑性液晶芳香族聚酯共聚合物,新加坡,出口總值(含復出口),215,30000
2022-2,39094000,酚樹脂，初級狀態,中國大陸,進口總值(含復進口),550,201360
2022-2,39094000,酚樹脂，初級狀態,日本,進口總值(含復進口),2698,229449
2022-2,39094000,酚樹脂，初級狀態,印度,進口總值(含復進口),64,26000
2022-2,39094000,酚樹脂，初級狀態,法國,進口總值(含復進口),35,2400
2022-2,39094000,酚樹脂，初級狀態,南韓,進口總值(含復進口),777,96440
2022-2,39094000,酚樹脂，初級狀態,美國,進口總值(含復進口),356,68015
2022-2,39094000,酚樹脂，初級狀態,泰國,進口總值(含復進口),71,27800
2022-2,39094000,酚樹脂，初級狀態,新加坡,進口總值(含復進口),37,14000
2022-2,39094000,酚樹脂，初級狀態,德國,進口總值(含復進口),740,84595
2022-2,39094000,酚樹脂，初級狀態,中國大陸,出口總值(含復出口),8830,4097684
2022-2,39094000,酚樹脂，初級狀態,巴西,出口總值(含復出口),6,1520
2022-2,39094000,酚樹脂，初級狀態,日本,出口總值(含復出口),551,163950
2022-2,39094000,酚樹脂，初級狀態,印尼,出口總值(含復出口),185,55380
2022-2,39094000,酚樹脂，初級狀態,印度,出口總值(含復出口),186,63700
2022-2,39094000,酚樹脂，初級狀態,克羅埃西亞,出口總值(含復出口),42,16000
2022-2,39094000,酚樹脂，初級狀態,法國,出口總值(含復出口),4,2000
2022-2,39094000,酚樹脂，初級狀態,南韓,出口總值(含復出口),100,50000
2022-2,39094000,酚樹脂，初級狀態,香港,出口總值(含復出口),64,37500
2022-2,39094000,酚樹脂，初級狀態,泰國,出口總值(含復出口),137,65600
2022-2,39094000,酚樹脂，初級狀態,馬來西亞,出口總值(含復出口),202,61200
2022-2,39094000,酚樹脂，初級狀態,斯洛維尼亞,出口總值(含復出口),90,64000
2022-2,39094000,酚樹脂，初級狀態,菲律賓,出口總值(含復出口),177,116800
2022-2,39094000,酚樹脂，初級狀態,越南,出口總值(含復出口),207,117890
2022-2,39094000,酚樹脂，初級狀態,新加坡,出口總值(含復出口),49,26525
2022-2,39094000,酚樹脂，初級狀態,澳大利亞,出口總值(含復出口),45,24000
2022-3,39079100,其他聚酯，不飽和者，初級狀態,中國大陸,進口總值(含復進口),1181,608830
2022-3,39079100,其他聚酯，不飽和者，初級狀態,日本,進口總值(含復進口),1157,603951
2022-3,39079100,其他聚酯，不飽和者，初級狀態,比利時,進口總值(含復進口),4,630
2022-3,39079100,其他聚酯，不飽和者，初級狀態,法國,進口總值(含復進口),3,100
2022-3,39079100,其他聚酯，不飽和者，初級狀態,南韓,進口總值(含復進口),258,163028
2022-3,39079100,其他聚酯，不飽和者，初級狀態,美國,進口總值(含復進口),1917,646048
2022-3,39079100,其他聚酯，不飽和者，初級狀態,泰國,進口總值(含復進口),2,380
2022-3,39079100,其他聚酯，不飽和者，初級狀態,新加坡,進口總值(含復進口),22,6900
2022-3,39079100,其他聚酯，不飽和者，初級狀態,瑞士,進口總值(含復進口),0,0
2022-3,39079100,其他聚酯，不飽和者，初級狀態,義大利,進口總值(含復進口),72,16125
2022-3,39079100,其他聚酯，不飽和者，初級狀態,德國,進口總值(含復進口),53,10000
2022-3,39079100,其他聚酯，不飽和者，初級狀態,澳大利亞,進口總值(含復進口),18,7020
2022-3,39079100,其他聚酯，不飽和者，初級狀態,中國大陸,出口總值(含復出口),2071,1470851
2022-3,39079100,其他聚酯，不飽和者，初級狀態,巴基斯坦,出口總值(含復出口),69,36000
2022-3,39079100,其他聚酯，不飽和者，初級狀態,日本,出口總值(含復出口),1541,732470
2022-3,39079100,其他聚酯，不飽和者，初級狀態,以色列,出口總值(含復出口),248,118240
2022-3,39079100,其他聚酯，不飽和者，初級狀態,卡達,出口總值(含復出口),1179,623775
2022-3,39079100,其他聚酯，不飽和者，初級狀態,尼加拉瓜,出口總值(含復出口),224,95040
2022-3,39079100,其他聚酯，不飽和者，初級狀態,印尼,出口總值(含復出口),136,225800
2022-3,39079100,其他聚酯，不飽和者，初級狀態,印度,出口總值(含復出口),789,397270
2022-3,39079100,其他聚酯，不飽和者，初級狀態,多明尼加,出口總值(含復出口),430,211920
2022-3,39079100,其他聚酯，不飽和者，初級狀態,宏都拉斯,出口總值(含復出口),44,23760
2022-3,39079100,其他聚酯，不飽和者，初級狀態,坦尚尼亞,出口總值(含復出口),34,17600
2022-3,39079100,其他聚酯，不飽和者，初級狀態,奈及利亞,出口總值(含復出口),63,32200
2022-3,39079100,其他聚酯，不飽和者，初級狀態,孟加拉,出口總值(含復出口),1848,806050
2022-3,39079100,其他聚酯，不飽和者，初級狀態,肯亞,出口總值(含復出口),65,35160
2022-3,39079100,其他聚酯，不飽和者，初級狀態,阿拉伯聯合大公國,出口總值(含復出口),132,72640
2022-3,39079100,其他聚酯，不飽和者，初級狀態,南非,出口總值(含復出口),607,264150
2022-3,39079100,其他聚酯，不飽和者，初級狀態,柬埔寨,出口總值(含復出口),130,70800
2022-3,39079100,其他聚酯，不飽和者，初級狀態,美國,出口總值(含復出口),389,216600
2022-3,39079100,其他聚酯，不飽和者，初級狀態,迦納,出口總值(含復出口),139,70400
2022-3,39079100,其他聚酯，不飽和者，初級狀態,香港,出口總值(含復出口),65,25854
2022-3,39079100,其他聚酯，不飽和者，初級狀態,哥倫比亞,出口總值(含復出口),2923,3000000
2022-3,39079100,其他聚酯，不飽和者，初級狀態,埃及,出口總值(含復出口),301,150940
2022-3,39079100,其他聚酯，不飽和者，初級狀態,泰國,出口總值(含復出口),151,65975
2022-3,39079100,其他聚酯，不飽和者，初級狀態,秘魯,出口總值(含復出口),1053,1018000
2022-3,39079100,其他聚酯，不飽和者，初級狀態,紐西蘭,出口總值(含復出口),38,13000
2022-3,39079100,其他聚酯，不飽和者，初級狀態,斯里蘭卡,出口總值(含復出口),175,90270
2022-3,39079100,其他聚酯，不飽和者，初級狀態,斯洛維尼亞,出口總值(含復出口),109,31850
2022-3,39079100,其他聚酯，不飽和者，初級狀態,菲律賓,出口總值(含復出口),239,113410
2022-3,39079100,其他聚酯，不飽和者，初級狀態,越南,出口總值(含復出口),1587,783205
2022-3,39079100,其他聚酯，不飽和者，初級狀態,模里西斯,出口總值(含復出口),113,57790
2022-3,39079100,其他聚酯，不飽和者，初級狀態,緬甸,出口總值(含復出口),101,54000
2022-3,39079100,其他聚酯，不飽和者，初級狀態,澳大利亞,出口總值(含復出口),199,83400
2022-3,39079920,熱塑性液晶芳香族聚酯共聚合物,日本,進口總值(含復進口),398,14500
2022-3,39079920,熱塑性液晶芳香族聚酯共聚合物,中國大陸,出口總值(含復出口),4749,528247
2022-3,39079920,熱塑性液晶芳香族聚酯共聚合物,日本,出口總值(含復出口),651,115000
2022-3,39079920,熱塑性液晶芳香族聚酯共聚合物,印度,出口總值(含復出口),69,8500
2022-3,39079920,熱塑性液晶芳香族聚酯共聚合物,南韓,出口總值(含復出口),1188,123500
2022-3,39079920,熱塑性液晶芳香族聚酯共聚合物,香港,出口總值(含復出口),1958,221950
2022-3,39079920,熱塑性液晶芳香族聚酯共聚合物,泰國,出口總值(含復出口),24,2775
2022-3,39079920,熱塑性液晶芳香族聚酯共聚合物,馬來西亞,出口總值(含復出口),158,16425
2022-3,39079920,熱塑性液晶芳香族聚酯共聚合物,菲律賓,出口總值(含復出口),301,40700
2022-3,39079920,熱塑性液晶芳香族聚酯共聚合物,越南,出口總值(含復出口),183,22300
2022-3,39079920,熱塑性液晶芳香族聚酯共聚合物,新加坡,出口總值(含復出口),243,33350
2022-3,39094000,酚樹脂，初級狀態,中國大陸,進口總值(含復進口),1369,492000
2022-3,39094000,酚樹脂，初級狀態,日本,進口總值(含復進口),4259,239351
2022-3,39094000,酚樹脂，初級狀態,印度,進口總值(含復進口),96,36000
2022-3,39094000,酚樹脂，初級狀態,西班牙,進口總值(含復進口),10,5250
2022-3,39094000,酚樹脂，初級狀態,法國,進口總值(含復進口),0,0
2022-3,39094000,酚樹脂，初級狀態,南韓,進口總值(含復進口),1173,154810
2022-3,39094000,酚樹脂，初級狀態,美國,進口總值(含復進口),156,46980
2022-3,39094000,酚樹脂，初級狀態,英國,進口總值(含復進口),3,50
2022-3,39094000,酚樹脂，初級狀態,泰國,進口總值(含復進口),95,37800
2022-3,39094000,酚樹脂，初級狀態,新加坡,進口總值(含復進口),62,19900
2022-3,39094000,酚樹脂，初級狀態,德國,進口總值(含復進口),473,71417
2022-3,39094000,酚樹脂，初級狀態,土耳其,出口總值(含復出口),42,36000
2022-3,39094000,酚樹脂，初級狀態,中國大陸,出口總值(含復出口),10764,4634520
2022-3,39094000,酚樹脂，初級狀態,巴基斯坦,出口總值(含復出口),16,11000
2022-3,39094000,酚樹脂，初級狀態,日本,出口總值(含復出口),941,261010
2022-3,39094000,酚樹脂，初級狀態,印尼,出口總值(含復出口),254,64614
2022-3,39094000,酚樹脂，初級狀態,印度,出口總值(含復出口),195,58900
2022-3,39094000,酚樹脂，初級狀態,沙烏地阿拉伯,出口總值(含復出口),11,3720
2022-3,39094000,酚樹脂，初級狀態,南韓,出口總值(含復出口),237,132100
2022-3,39094000,酚樹脂，初級狀態,香港,出口總值(含復出口),32,12249
2022-3,39094000,酚樹脂，初級狀態,泰國,出口總值(含復出口),264,104880
2022-3,39094000,酚樹脂，初級狀態,馬來西亞,出口總值(含復出口),81,30000
2022-3,39094000,酚樹脂，初級狀態,荷蘭,出口總值(含復出口),7,4000
2022-3,39094000,酚樹脂，初級狀態,斯洛維尼亞,出口總值(含復出口),59,32000
2022-3,39094000,酚樹脂，初級狀態,菲律賓,出口總值(含復出口),221,156900
2022-3,39094000,酚樹脂，初級狀態,越南,出口總值(含復出口),225,130510
2022-3,39094000,酚樹脂，初級狀態,新加坡,出口總值(含復出口),11,5000
2022-3,39094000,酚樹脂，初級狀態,澳大利亞,出口總值(含復出口),35,24000
2022-4,39079100,其他聚酯，不飽和者，初級狀態,中國大陸,進口總值(含復進口),1131,608409
2022-4,39079100,其他聚酯，不飽和者，初級狀態,中華民國,進口總值(含復進口),38,20600
2022-4,39079100,其他聚酯，不飽和者，初級狀態,日本,進口總值(含復進口),860,576803
2022-4,39079100,其他聚酯，不飽和者，初級狀態,南韓,進口總值(含復進口),388,131201
2022-4,39079100,其他聚酯，不飽和者，初級狀態,美國,進口總值(含復進口),357,114134
2022-4,39079100,其他聚酯，不飽和者，初級狀態,荷蘭,進口總值(含復進口),10,509
2022-4,39079100,其他聚酯，不飽和者，初級狀態,新加坡,進口總值(含復進口),13,4375
2022-4,39079100,其他聚酯，不飽和者，初級狀態,德國,進口總值(含復進口),39,5500
2022-4,39079100,其他聚酯，不飽和者，初級狀態,中國大陸,出口總值(含復出口),2062,739629
2022-4,39079100,其他聚酯，不飽和者，初級狀態,巴西,出口總值(含復出口),6,800
2022-4,39079100,其他聚酯，不飽和者，初級狀態,巴基斯坦,出口總值(含復出口),9,4400
2022-4,39079100,其他聚酯，不飽和者，初級狀態,日本,出口總值(含復出口),1359,620720
2022-4,39079100,其他聚酯，不飽和者，初級狀態,以色列,出口總值(含復出口),110,52780
2022-4,39079100,其他聚酯，不飽和者，初級狀態,卡達,出口總值(含復出口),155,79200
2022-4,39079100,其他聚酯，不飽和者，初級狀態,立陶宛,出口總值(含復出口),140,59400
2022-4,39079100,其他聚酯，不飽和者，初級狀態,印尼,出口總值(含復出口),75,46514
2022-4,39079100,其他聚酯，不飽和者，初級狀態,印度,出口總值(含復出口),355,152600
2022-4,39079100,其他聚酯，不飽和者，初級狀態,多明尼加,出口總值(含復出口),326,164640
2022-4,39079100,其他聚酯，不飽和者，初級狀態,沙烏地阿拉伯,出口總值(含復出口),72,36000
2022-4,39079100,其他聚酯，不飽和者，初級狀態,奈及利亞,出口總值(含復出口),172,79360
2022-4,39079100,其他聚酯，不飽和者，初級狀態,孟加拉,出口總值(含復出口),855,354225
2022-4,39079100,其他聚酯，不飽和者，初級狀態,阿拉伯聯合大公國,出口總值(含復出口),11,4160
2022-4,39079100,其他聚酯，不飽和者，初級狀態,南非,出口總值(含復出口),391,145800
2022-4,39079100,其他聚酯，不飽和者，初級狀態,柬埔寨,出口總值(含復出口),193,105600
2022-4,39079100,其他聚酯，不飽和者，初級狀態,美國,出口總值(含復出口),256,150600
2022-4,39079100,其他聚酯，不飽和者，初級狀態,英國,出口總值(含復出口),20,2600
2022-4,39079100,其他聚酯，不飽和者，初級狀態,香港,出口總值(含復出口),53,24180
2022-4,39079100,其他聚酯，不飽和者，初級狀態,埃及,出口總值(含復出口),210,102800
2022-4,39079100,其他聚酯，不飽和者，初級狀態,泰國,出口總值(含復出口),80,35200
2022-4,39079100,其他聚酯，不飽和者，初級狀態,秘魯,出口總值(含復出口),5104,5000000
2022-4,39079100,其他聚酯，不飽和者，初級狀態,紐西蘭,出口總值(含復出口),4,1000
2022-4,39079100,其他聚酯，不飽和者，初級狀態,馬來西亞,出口總值(含復出口),1,254
2022-4,39079100,其他聚酯，不飽和者，初級狀態,斯里蘭卡,出口總值(含復出口),110,53551
2022-4,39079100,其他聚酯，不飽和者，初級狀態,斯洛維尼亞,出口總值(含復出口),213,72000
2022-4,39079100,其他聚酯，不飽和者，初級狀態,菲律賓,出口總值(含復出口),351,157120
2022-4,39079100,其他聚酯，不飽和者，初級狀態,越南,出口總值(含復出口),1745,798688
2022-4,39079100,其他聚酯，不飽和者，初級狀態,義大利,出口總值(含復出口),43,20000
2022-4,39079100,其他聚酯，不飽和者，初級狀態,模里西斯,出口總值(含復出口),102,48070
2022-4,39079100,其他聚酯，不飽和者，初級狀態,緬甸,出口總值(含復出口),35,18000
2022-4,39079100,其他聚酯，不飽和者，初級狀態,墨西哥,出口總值(含復出口),74,97290
2022-4,39079100,其他聚酯，不飽和者，初級狀態,澳大利亞,出口總值(含復出口),425,190136
2022-4,39079920,熱塑性液晶芳香族聚酯共聚合物,中國大陸,進口總值(含復進口),6,1
2022-4,39079920,熱塑性液晶芳香族聚酯共聚合物,日本,進口總值(含復進口),393,27770
2022-4,39079920,熱塑性液晶芳香族聚酯共聚合物,美國,進口總值(含復進口),3,10
2022-4,39079920,熱塑性液晶芳香族聚酯共聚合物,荷蘭,進口總值(含復進口),1,1
2022-4,39079920,熱塑性液晶芳香族聚酯共聚合物,中國大陸,出口總值(含復出口),5641,626465
2022-4,39079920,熱塑性液晶芳香族聚酯共聚合物,日本,出口總值(含復出口),780,124450
2022-4,39079920,熱塑性液晶芳香族聚酯共聚合物,印度,出口總值(含復出口),25,3000
2022-4,39079920,熱塑性液晶芳香族聚酯共聚合物,南韓,出口總值(含復出口),1254,136500
2022-4,39079920,熱塑性液晶芳香族聚酯共聚合物,香港,出口總值(含復出口),1381,163230
2022-4,39079920,熱塑性液晶芳香族聚酯共聚合物,泰國,出口總值(含復出口),48,6100
2022-4,39079920,熱塑性液晶芳香族聚酯共聚合物,馬來西亞,出口總值(含復出口),144,17300
2022-4,39079920,熱塑性液晶芳香族聚酯共聚合物,荷蘭,出口總值(含復出口),47,4000
2022-4,39079920,熱塑性液晶芳香族聚酯共聚合物,菲律賓,出口總值(含復出口),441,57150
2022-4,39079920,熱塑性液晶芳香族聚酯共聚合物,越南,出口總值(含復出口),210,24975
2022-4,39079920,熱塑性液晶芳香族聚酯共聚合物,新加坡,出口總值(含復出口),227,30000
2022-4,39094000,酚樹脂，初級狀態,中國大陸,進口總值(含復進口),633,208510
2022-4,39094000,酚樹脂，初級狀態,日本,進口總值(含復進口),2524,231252
2022-4,39094000,酚樹脂，初級狀態,比利時,進口總值(含復進口),64,22000
2022-4,39094000,酚樹脂，初級狀態,印度,進口總值(含復進口),43,16000
2022-4,39094000,酚樹脂，初級狀態,南韓,進口總值(含復進口),958,107398
2022-4,39094000,酚樹脂，初級狀態,美國,進口總值(含復進口),521,85411
2022-4,39094000,酚樹脂，初級狀態,泰國,進口總值(含復進口),19,7000
2022-4,39094000,酚樹脂，初級狀態,新加坡,進口總值(含復進口),55,18800
2022-4,39094000,酚樹脂，初級狀態,德國,進口總值(含復進口),400,62616
2022-4,39094000,酚樹脂，初級狀態,土耳其,出口總值(含復出口),34,32000
2022-4,39094000,酚樹脂，初級狀態,中國大陸,出口總值(含復出口),8563,4058636
2022-4,39094000,酚樹脂，初級狀態,日本,出口總值(含復出口),747,253850
2022-4,39094000,酚樹脂，初級狀態,印尼,出口總值(含復出口),62,14500
2022-4,39094000,酚樹脂，初級狀態,印度,出口總值(含復出口),79,24800
2022-4,39094000,酚樹脂，初級狀態,南韓,出口總值(含復出口),115,53400
2022-4,39094000,酚樹脂，初級狀態,美國,出口總值(含復出口),59,16000
2022-4,39094000,酚樹脂，初級狀態,英國,出口總值(含復出口),8,23
2022-4,39094000,酚樹脂，初級狀態,香港,出口總值(含復出口),40,11182
2022-4,39094000,酚樹脂，初級狀態,泰國,出口總值(含復出口),305,121305
2022-4,39094000,酚樹脂，初級狀態,馬來西亞,出口總值(含復出口),323,109140
2022-4,39094000,酚樹脂，初級狀態,菲律賓,出口總值(含復出口),185,126660
2022-4,39094000,酚樹脂，初級狀態,越南,出口總值(含復出口),144,77350
2022-4,39094000,酚樹脂，初級狀態,新加坡,出口總值(含復出口),20,8225
2022-4,39094000,酚樹脂，初級狀態,澳大利亞,出口總值(含復出口),99,63000
2022-5,39079100,其他聚酯，不飽和者，初級狀態,中國大陸,進口總值(含復進口),985,499570
2022-5,39079100,其他聚酯，不飽和者，初級狀態,日本,進口總值(含復進口),609,368285
2022-5,39079100,其他聚酯，不飽和者，初級狀態,加拿大,進口總值(含復進口),6,114
2022-5,39079100,其他聚酯，不飽和者，初級狀態,南韓,進口總值(含復進口),181,25301
2022-5,39079100,其他聚酯，不飽和者，初級狀態,美國,進口總值(含復進口),988,290310
2022-5,39079100,其他聚酯，不飽和者，初級狀態,泰國,進口總值(含復進口),8,2470
2022-5,39079100,其他聚酯，不飽和者，初級狀態,新加坡,進口總值(含復進口),2,725
2022-5,39079100,其他聚酯，不飽和者，初級狀態,義大利,進口總值(含復進口),164,48000
2022-5,39079100,其他聚酯，不飽和者，初級狀態,德國,進口總值(含復進口),84,22000
2022-5,39079100,其他聚酯，不飽和者，初級狀態,土耳其,出口總值(含復出口),21,20000
2022-5,39079100,其他聚酯，不飽和者，初級狀態,中國大陸,出口總值(含復出口),1773,931195
2022-5,39079100,其他聚酯，不飽和者，初級狀態,巴西,出口總值(含復出口),36,4600
2022-5,39079100,其他聚酯，不飽和者，初級狀態,日本,出口總值(含復出口),2091,1059676
2022-5,39079100,其他聚酯，不飽和者，初級狀態,卡達,出口總值(含復出口),191,99000
2022-5,39079100,其他聚酯，不飽和者，初級狀態,立陶宛,出口總值(含復出口),138,59400
2022-5,39079100,其他聚酯，不飽和者，初級狀態,印尼,出口總值(含復出口),113,141480
2022-5,39079100,其他聚酯，不飽和者，初級狀態,印度,出口總值(含復出口),51,22525
2022-5,39079100,其他聚酯，不飽和者，初級狀態,坦尚尼亞,出口總值(含復出口),35,18000
2022-5,39079100,其他聚酯，不飽和者，初級狀態,奈及利亞,出口總值(含復出口),138,62500
2022-5,39079100,其他聚酯，不飽和者，初級狀態,孟加拉,出口總值(含復出口),2153,979425
2022-5,39079100,其他聚酯，不飽和者，初級狀態,阿拉伯聯合大公國,出口總值(含復出口),211,108000
2022-5,39079100,其他聚酯，不飽和者，初級狀態,南非,出口總值(含復出口),4,1800
2022-5,39079100,其他聚酯，不飽和者，初級狀態,美國,出口總值(含復出口),57,22920
2022-5,39079100,其他聚酯，不飽和者，初級狀態,香港,出口總值(含復出口),80,34890
2022-5,39079100,其他聚酯，不飽和者，初級狀態,哥倫比亞,出口總值(含復出口),3369,3053200
2022-5,39079100,其他聚酯，不飽和者，初級狀態,埃及,出口總值(含復出口),445,201920
2022-5,39079100,其他聚酯，不飽和者，初級狀態,泰國,出口總值(含復出口),37,17585
2022-5,39079100,其他聚酯，不飽和者，初級狀態,秘魯,出口總值(含復出口),4779,4800000
2022-5,39079100,其他聚酯，不飽和者，初級狀態,紐西蘭,出口總值(含復出口),21,5000
2022-5,39079100,其他聚酯，不飽和者，初級狀態,馬來西亞,出口總值(含復出口),0,0
2022-5,39079100,其他聚酯，不飽和者，初級狀態,斯里蘭卡,出口總值(含復出口),73,36000
2022-5,39079100,其他聚酯，不飽和者，初級狀態,斯洛維尼亞,出口總值(含復出口),47,16000
2022-5,39079100,其他聚酯，不飽和者，初級狀態,菲律賓,出口總值(含復出口),200,82270
2022-5,39079100,其他聚酯，不飽和者，初級狀態,越南,出口總值(含復出口),1283,640731
2022-5,39079100,其他聚酯，不飽和者，初級狀態,愛爾蘭,出口總值(含復出口),23,49000
2022-5,39079100,其他聚酯，不飽和者，初級狀態,義大利,出口總值(含復出口),43,20000
2022-5,39079100,其他聚酯，不飽和者，初級狀態,模里西斯,出口總值(含復出口),77,35875
2022-5,39079100,其他聚酯，不飽和者，初級狀態,緬甸,出口總值(含復出口),71,36000
2022-5,39079100,其他聚酯，不飽和者，初級狀態,黎巴嫩,出口總值(含復出口),16,7650
2022-5,39079100,其他聚酯，不飽和者，初級狀態,澳大利亞,出口總值(含復出口),350,153800
2022-5,39079920,熱塑性液晶芳香族聚酯共聚合物,丹麥,進口總值(含復進口),2,1500
2022-5,39079920,熱塑性液晶芳香族聚酯共聚合物,日本,進口總值(含復進口),33,2100
2022-5,39079920,熱塑性液晶芳香族聚酯共聚合物,美國,進口總值(含復進口),7,50
2022-5,39079920,熱塑性液晶芳香族聚酯共聚合物,中國大陸,出口總值(含復出口),4399,461873
2022-5,39079920,熱塑性液晶芳香族聚酯共聚合物,日本,出口總值(含復出口),770,141025
2022-5,39079920,熱塑性液晶芳香族聚酯共聚合物,印度,出口總值(含復出口),32,4000
2022-5,39079920,熱塑性液晶芳香族聚酯共聚合物,南韓,出口總值(含復出口),1444,127600
2022-5,39079920,熱塑性液晶芳香族聚酯共聚合物,香港,出口總值(含復出口),1048,108500
2022-5,39079920,熱塑性液晶芳香族聚酯共聚合物,泰國,出口總值(含復出口),24,3350
2022-5,39079920,熱塑性液晶芳香族聚酯共聚合物,馬來西亞,出口總值(含復出口),90,10100
2022-5,39079920,熱塑性液晶芳香族聚酯共聚合物,菲律賓,出口總值(含復出口),162,20000
2022-5,39079920,熱塑性液晶芳香族聚酯共聚合物,越南,出口總值(含復出口),67,8100
2022-5,39079920,熱塑性液晶芳香族聚酯共聚合物,新加坡,出口總值(含復出口),205,27150
2022-5,39094000,酚樹脂，初級狀態,中國大陸,進口總值(含復進口),935,317420
2022-5,39094000,酚樹脂，初級狀態,日本,進口總值(含復進口),4739,267386
2022-5,39094000,酚樹脂，初級狀態,比利時,進口總值(含復進口),0,3
2022-5,39094000,酚樹脂，初級狀態,加拿大,進口總值(含復進口),131,32600
2022-5,39094000,酚樹脂，初級狀態,印度,進口總值(含復進口),43,16000
2022-5,39094000,酚樹脂，初級狀態,法國,進口總值(含復進口),9,200
2022-5,39094000,酚樹脂，初級狀態,南韓,進口總值(含復進口),766,87060
2022-5,39094000,酚樹脂，初級狀態,美國,進口總值(含復進口),336,70892
2022-5,39094000,酚樹脂，初級狀態,泰國,進口總值(含復進口),58,22500
2022-5,39094000,酚樹脂，初級狀態,新加坡,進口總值(含復進口),77,23100
2022-5,39094000,酚樹脂，初級狀態,德國,進口總值(含復進口),554,92362
2022-5,39094000,酚樹脂，初級狀態,土耳其,出口總值(含復出口),95,112000
2022-5,39094000,酚樹脂，初級狀態,中國大陸,出口總值(含復出口),10089,4050472
2022-5,39094000,酚樹脂，初級狀態,日本,出口總值(含復出口),738,228969
2022-5,39094000,酚樹脂，初級狀態,印尼,出口總值(含復出口),421,112040
2022-5,39094000,酚樹脂，初級狀態,印度,出口總值(含復出口),99,33420
2022-5,39094000,酚樹脂，初級狀態,南韓,出口總值(含復出口),92,58000
2022-5,39094000,酚樹脂，初級狀態,約旦,出口總值(含復出口),19,5000
2022-5,39094000,酚樹脂，初級狀態,香港,出口總值(含復出口),42,13071
2022-5,39094000,酚樹脂，初級狀態,泰國,出口總值(含復出口),309,117900
2022-5,39094000,酚樹脂，初級狀態,馬來西亞,出口總值(含復出口),276,86200
2022-5,39094000,酚樹脂，初級狀態,斯洛維尼亞,出口總值(含復出口),36,32000
2022-5,39094000,酚樹脂，初級狀態,菲律賓,出口總值(含復出口),125,69205
2022-5,39094000,酚樹脂，初級狀態,越南,出口總值(含復出口),283,151621
2022-5,39094000,酚樹脂，初級狀態,新加坡,出口總值(含復出口),48,28600
2022-5,39094000,酚樹脂，初級狀態,澳大利亞,出口總值(含復出口),80,48000
2022-6,39079100,其他聚酯，不飽和者，初級狀態,中國大陸,進口總值(含復進口),929,475807
2022-6,39079100,其他聚酯，不飽和者，初級狀態,中華民國,進口總值(含復進口),33,15000
2022-6,39079100,其他聚酯，不飽和者，初級狀態,日本,進口總值(含復進口),317,75398
2022-6,39079100,其他聚酯，不飽和者，初級狀態,比利時,進口總值(含復進口),9,680
2022-6,39079100,其他聚酯，不飽和者，初級狀態,南韓,進口總值(含復進口),308,229400
2022-6,39079100,其他聚酯，不飽和者，初級狀態,美國,進口總值(含復進口),1403,463235
2022-6,39079100,其他聚酯，不飽和者，初級狀態,英國,進口總值(含復進口),1,140
2022-6,39079100,其他聚酯，不飽和者，初級狀態,泰國,進口總值(含復進口),17,5320
2022-6,39079100,其他聚酯，不飽和者，初級狀態,馬來西亞,進口總值(含復進口),16,4000
2022-6,39079100,其他聚酯，不飽和者，初級狀態,新加坡,進口總值(含復進口),11,3150
2022-6,39079100,其他聚酯，不飽和者，初級狀態,義大利,進口總值(含復進口),169,42400
2022-6,39079100,其他聚酯，不飽和者，初級狀態,德國,進口總值(含復進口),147,25540
2022-6,39079100,其他聚酯，不飽和者，初級狀態,中國大陸,出口總值(含復出口),1817,1284502
2022-6,39079100,其他聚酯，不飽和者，初級狀態,巴基斯坦,出口總值(含復出口),35,18000
2022-6,39079100,其他聚酯，不飽和者，初級狀態,日本,出口總值(含復出口),1452,758725
2022-6,39079100,其他聚酯，不飽和者，初級狀態,以色列,出口總值(含復出口),191,105600
2022-6,39079100,其他聚酯，不飽和者，初級狀態,卡達,出口總值(含復出口),70,35200
2022-6,39079100,其他聚酯，不飽和者，初級狀態,印尼,出口總值(含復出口),117,119830
2022-6,39079100,其他聚酯，不飽和者，初級狀態,印度,出口總值(含復出口),216,106425
2022-6,39079100,其他聚酯，不飽和者，初級狀態,多明尼加,出口總值(含復出口),152,70560
2022-6,39079100,其他聚酯，不飽和者，初級狀態,西班牙,出口總值(含復出口),43,20000
2022-6,39079100,其他聚酯，不飽和者，初級狀態,沙烏地阿拉伯,出口總值(含復出口),73,36000
2022-6,39079100,其他聚酯，不飽和者，初級狀態,奈及利亞,出口總值(含復出口),73,38560
2022-6,39079100,其他聚酯，不飽和者，初級狀態,孟加拉,出口總值(含復出口),1680,736650
2022-6,39079100,其他聚酯，不飽和者，初級狀態,南非,出口總值(含復出口),316,134550
2022-6,39079100,其他聚酯，不飽和者，初級狀態,柬埔寨,出口總值(含復出口),67,35200
2022-6,39079100,其他聚酯，不飽和者，初級狀態,美國,出口總值(含復出口),68,26160
2022-6,39079100,其他聚酯，不飽和者，初級狀態,香港,出口總值(含復出口),145,39790
2022-6,39079100,其他聚酯，不飽和者，初級狀態,埃及,出口總值(含復出口),77,33875
2022-6,39079100,其他聚酯，不飽和者，初級狀態,秘魯,出口總值(含復出口),813,731475
2022-6,39079100,其他聚酯，不飽和者，初級狀態,紐西蘭,出口總值(含復出口),30,11800
2022-6,39079100,其他聚酯，不飽和者，初級狀態,馬來西亞,出口總值(含復出口),6,2700
2022-6,39079100,其他聚酯，不飽和者，初級狀態,斯里蘭卡,出口總值(含復出口),75,35100
2022-6,39079100,其他聚酯，不飽和者，初級狀態,斯洛維尼亞,出口總值(含復出口),47,16000
2022-6,39079100,其他聚酯，不飽和者，初級狀態,菲律賓,出口總值(含復出口),138,65430
2022-6,39079100,其他聚酯，不飽和者，初級狀態,越南,出口總值(含復出口),918,410700
2022-6,39079100,其他聚酯，不飽和者，初級狀態,愛爾蘭,出口總值(含復出口),24,50400
2022-6,39079100,其他聚酯，不飽和者，初級狀態,模里西斯,出口總值(含復出口),56,26100
2022-6,39079100,其他聚酯，不飽和者，初級狀態,緬甸,出口總值(含復出口),33,18000
2022-6,39079100,其他聚酯，不飽和者，初級狀態,澳大利亞,出口總值(含復出口),392,160100
2022-6,39079100,其他聚酯，不飽和者，初級狀態,澳門,出口總值(含復出口),39,13350
2022-6,39079100,其他聚酯，不飽和者，初級狀態,薩爾瓦多,出口總值(含復出口),238,152000
2022-6,39079920,熱塑性液晶芳香族聚酯共聚合物,日本,進口總值(含復進口),117,13975
2022-6,39079920,熱塑性液晶芳香族聚酯共聚合物,義大利,進口總值(含復進口),19,15890
2022-6,39079920,熱塑性液晶芳香族聚酯共聚合物,中國大陸,出口總值(含復出口),5898,622893
2022-6,39079920,熱塑性液晶芳香族聚酯共聚合物,日本,出口總值(含復出口),573,87500
2022-6,39079920,熱塑性液晶芳香族聚酯共聚合物,印度,出口總值(含復出口),94,34500
2022-6,39079920,熱塑性液晶芳香族聚酯共聚合物,南韓,出口總值(含復出口),1520,168500
2022-6,39079920,熱塑性液晶芳香族聚酯共聚合物,香港,出口總值(含復出口),2110,259075
2022-6,39079920,熱塑性液晶芳香族聚酯共聚合物,泰國,出口總值(含復出口),36,4325
2022-6,39079920,熱塑性液晶芳香族聚酯共聚合物,馬來西亞,出口總值(含復出口),124,14950
2022-6,39079920,熱塑性液晶芳香族聚酯共聚合物,荷蘭,出口總值(含復出口),35,3000
2022-6,39079920,熱塑性液晶芳香族聚酯共聚合物,菲律賓,出口總值(含復出口),420,53650
2022-6,39079920,熱塑性液晶芳香族聚酯共聚合物,越南,出口總值(含復出口),207,24500
2022-6,39079920,熱塑性液晶芳香族聚酯共聚合物,新加坡,出口總值(含復出口),67,7800
2022-6,39094000,酚樹脂，初級狀態,中國大陸,進口總值(含復進口),655,194660
2022-6,39094000,酚樹脂，初級狀態,日本,進口總值(含復進口),3022,247845
2022-6,39094000,酚樹脂，初級狀態,印度,進口總值(含復進口),95,32000
2022-6,39094000,酚樹脂，初級狀態,南韓,進口總值(含復進口),750,111400
2022-6,39094000,酚樹脂，初級狀態,美國,進口總值(含復進口),429,73008
2022-6,39094000,酚樹脂，初級狀態,新加坡,進口總值(含復進口),102,33900
2022-6,39094000,酚樹脂，初級狀態,德國,進口總值(含復進口),900,153060
2022-6,39094000,酚樹脂，初級狀態,土耳其,出口總值(含復出口),56,64000
2022-6,39094000,酚樹脂，初級狀態,中國大陸,出口總值(含復出口),7061,3563882
2022-6,39094000,酚樹脂，初級狀態,巴基斯坦,出口總值(含復出口),9,6000
2022-6,39094000,酚樹脂，初級狀態,日本,出口總值(含復出口),900,303897
2022-6,39094000,酚樹脂，初級狀態,印尼,出口總值(含復出口),126,33460
2022-6,39094000,酚樹脂，初級狀態,印度,出口總值(含復出口),113,41800
2022-6,39094000,酚樹脂，初級狀態,南韓,出口總值(含復出口),189,87400
2022-6,39094000,酚樹脂，初級狀態,美國,出口總值(含復出口),3,760
2022-6,39094000,酚樹脂，初級狀態,香港,出口總值(含復出口),77,26800
2022-6,39094000,酚樹脂，初級狀態,泰國,出口總值(含復出口),350,114720
2022-6,39094000,酚樹脂，初級狀態,馬來西亞,出口總值(含復出口),254,106225
2022-6,39094000,酚樹脂，初級狀態,荷蘭,出口總值(含復出口),10,6000
2022-6,39094000,酚樹脂，初級狀態,菲律賓,出口總值(含復出口),153,100200
2022-6,39094000,酚樹脂，初級狀態,越南,出口總值(含復出口),162,76400
2022-6,39094000,酚樹脂，初級狀態,新加坡,出口總值(含復出口),53,34150
2022-6,39094000,酚樹脂，初級狀態,澳大利亞,出口總值(含復出口),64,39000
2022-7,39079100,其他聚酯，不飽和者，初級狀態,中國大陸,進口總值(含復進口),825,453608
2022-7,39079100,其他聚酯，不飽和者，初級狀態,日本,進口總值(含復進口),265,86382
2022-7,39079100,其他聚酯，不飽和者，初級狀態,比利時,進口總值(含復進口),2,200
2022-7,39079100,其他聚酯，不飽和者，初級狀態,印尼,進口總值(含復進口),2,675
2022-7,39079100,其他聚酯，不飽和者，初級狀態,南韓,進口總值(含復進口),421,171081
2022-7,39079100,其他聚酯，不飽和者，初級狀態,美國,進口總值(含復進口),912,314335
2022-7,39079100,其他聚酯，不飽和者，初級狀態,泰國,進口總值(含復進口),34,11590
2022-7,39079100,其他聚酯，不飽和者，初級狀態,新加坡,進口總值(含復進口),22,6825
2022-7,39079100,其他聚酯，不飽和者，初級狀態,義大利,進口總值(含復進口),127,33800
2022-7,39079100,其他聚酯，不飽和者，初級狀態,中國大陸,出口總值(含復出口),1087,595364
2022-7,39079100,其他聚酯，不飽和者，初級狀態,巴西,出口總值(含復出口),190,140000
2022-7,39079100,其他聚酯，不飽和者，初級狀態,巴基斯坦,出口總值(含復出口),35,18000
2022-7,39079100,其他聚酯，不飽和者，初級狀態,日本,出口總值(含復出口),1835,970647
2022-7,39079100,其他聚酯，不飽和者，初級狀態,以色列,出口總值(含復出口),63,35200
2022-7,39079100,其他聚酯，不飽和者，初級狀態,卡達,出口總值(含復出口),608,340000
2022-7,39079100,其他聚酯，不飽和者，初級狀態,尼加拉瓜,出口總值(含復出口),54,23760
2022-7,39079100,其他聚酯，不飽和者，初級狀態,立陶宛,出口總值(含復出口),139,59400
2022-7,39079100,其他聚酯，不飽和者，初級狀態,印尼,出口總值(含復出口),138,177708
2022-7,39079100,其他聚酯，不飽和者，初級狀態,印度,出口總值(含復出口),233,145725
2022-7,39079100,其他聚酯，不飽和者，初級狀態,多明尼加,出口總值(含復出口),292,141120
2022-7,39079100,其他聚酯，不飽和者，初級狀態,宏都拉斯,出口總值(含復出口),45,23780
2022-7,39079100,其他聚酯，不飽和者，初級狀態,奈及利亞,出口總值(含復出口),374,175516
2022-7,39079100,其他聚酯，不飽和者，初級狀態,孟加拉,出口總值(含復出口),1160,530220
2022-7,39079100,其他聚酯，不飽和者，初級狀態,肯亞,出口總值(含復出口),37,17791
2022-7,39079100,其他聚酯，不飽和者，初級狀態,南非,出口總值(含復出口),278,118800
2022-7,39079100,其他聚酯，不飽和者，初級狀態,美國,出口總值(含復出口),51,21400
2022-7,39079100,其他聚酯，不飽和者，初級狀態,香港,出口總值(含復出口),58,21289
2022-7,39079100,其他聚酯，不飽和者，初級狀態,哥倫比亞,出口總值(含復出口),50,24300
2022-7,39079100,其他聚酯，不飽和者，初級狀態,泰國,出口總值(含復出口),39,13200
2022-7,39079100,其他聚酯，不飽和者，初級狀態,秘魯,出口總值(含復出口),68,31460
2022-7,39079100,其他聚酯，不飽和者，初級狀態,紐西蘭,出口總值(含復出口),8,2000
2022-7,39079100,其他聚酯，不飽和者，初級狀態,斯里蘭卡,出口總值(含復出口),74,35566
2022-7,39079100,其他聚酯，不飽和者，初級狀態,斯洛維尼亞,出口總值(含復出口),218,82000
2022-7,39079100,其他聚酯，不飽和者，初級狀態,菲律賓,出口總值(含復出口),538,252015
2022-7,39079100,其他聚酯，不飽和者，初級狀態,越南,出口總值(含復出口),1402,610270
2022-7,39079100,其他聚酯，不飽和者，初級狀態,模里西斯,出口總值(含復出口),204,100470
2022-7,39079100,其他聚酯，不飽和者，初級狀態,黎巴嫩,出口總值(含復出口),21,9000
2022-7,39079100,其他聚酯，不飽和者，初級狀態,澳大利亞,出口總值(含復出口),709,289400
2022-7,39079920,熱塑性液晶芳香族聚酯共聚合物,中國大陸,進口總值(含復進口),32,10000
2022-7,39079920,熱塑性液晶芳香族聚酯共聚合物,日本,進口總值(含復進口),378,22000
2022-7,39079920,熱塑性液晶芳香族聚酯共聚合物,美國,進口總值(含復進口),2,203
2022-7,39079920,熱塑性液晶芳香族聚酯共聚合物,中國大陸,出口總值(含復出口),7170,653033
2022-7,39079920,熱塑性液晶芳香族聚酯共聚合物,日本,出口總值(含復出口),730,127000
2022-7,39079920,熱塑性液晶芳香族聚酯共聚合物,印度,出口總值(含復出口),38,4500
2022-7,39079920,熱塑性液晶芳香族聚酯共聚合物,南韓,出口總值(含復出口),1062,129122
2022-7,39079920,熱塑性液晶芳香族聚酯共聚合物,香港,出口總值(含復出口),1886,195050
2022-7,39079920,熱塑性液晶芳香族聚酯共聚合物,泰國,出口總值(含復出口),23,3350
2022-7,39079920,熱塑性液晶芳香族聚酯共聚合物,馬來西亞,出口總值(含復出口),124,13750
2022-7,39079920,熱塑性液晶芳香族聚酯共聚合物,荷蘭,出口總值(含復出口),37,4000
2022-7,39079920,熱塑性液晶芳香族聚酯共聚合物,菲律賓,出口總值(含復出口),461,58000
2022-7,39079920,熱塑性液晶芳香族聚酯共聚合物,越南,出口總值(含復出口),155,15925
2022-7,39079920,熱塑性液晶芳香族聚酯共聚合物,新加坡,出口總值(含復出口),122,16000
2022-7,39094000,酚樹脂，初級狀態,中國大陸,進口總值(含復進口),1327,369220
2022-7,39094000,酚樹脂，初級狀態,中華民國,進口總值(含復進口),65,5098
2022-7,39094000,酚樹脂，初級狀態,日本,進口總值(含復進口),3558,275178
2022-7,39094000,酚樹脂，初級狀態,比利時,進口總值(含復進口),0,3
2022-7,39094000,酚樹脂，初級狀態,印度,進口總值(含復進口),116,42000
2022-7,39094000,酚樹脂，初級狀態,法國,進口總值(含復進口),101,18000
2022-7,39094000,酚樹脂，初級狀態,南韓,進口總值(含復進口),1137,136120
2022-7,39094000,酚樹脂，初級狀態,美國,進口總值(含復進口),143,18235
2022-7,39094000,酚樹脂，初級狀態,泰國,進口總值(含復進口),52,16800
2022-7,39094000,酚樹脂，初級狀態,新加坡,進口總值(含復進口),18,4800
2022-7,39094000,酚樹脂，初級狀態,德國,進口總值(含復進口),368,71826
2022-7,39094000,酚樹脂，初級狀態,土耳其,出口總值(含復出口),64,80000
2022-7,39094000,酚樹脂，初級狀態,中國大陸,出口總值(含復出口),5608,2716610
2022-7,39094000,酚樹脂，初級狀態,日本,出口總值(含復出口),756,242159
2022-7,39094000,酚樹脂，初級狀態,印尼,出口總值(含復出口),230,62780
2022-7,39094000,酚樹脂，初級狀態,印度,出口總值(含復出口),165,49100
2022-7,39094000,酚樹脂，初級狀態,沙烏地阿拉伯,出口總值(含復出口),13,4250
2022-7,39094000,酚樹脂，初級狀態,南非,出口總值(含復出口),46,32000
2022-7,39094000,酚樹脂，初級狀態,南韓,出口總值(含復出口),61,31000
2022-7,39094000,酚樹脂，初級狀態,約旦,出口總值(含復出口),21,6000
2022-7,39094000,酚樹脂，初級狀態,香港,出口總值(含復出口),32,10907
2022-7,39094000,酚樹脂，初級狀態,泰國,出口總值(含復出口),273,106300
2022-7,39094000,酚樹脂，初級狀態,秘魯,出口總值(含復出口),43,72000
2022-7,39094000,酚樹脂，初級狀態,馬來西亞,出口總值(含復出口),150,56000
2022-7,39094000,酚樹脂，初級狀態,菲律賓,出口總值(含復出口),139,92140
2022-7,39094000,酚樹脂，初級狀態,越南,出口總值(含復出口),85,40880
2022-7,39094000,酚樹脂，初級狀態,新加坡,出口總值(含復出口),38,22200
2022-7,39094000,酚樹脂，初級狀態,澳大利亞,出口總值(含復出口),41,24000
2022-8,39079100,其他聚酯，不飽和者，初級狀態,中國大陸,進口總值(含復進口),432,225564
2022-8,39079100,其他聚酯，不飽和者，初級狀態,中華民國,進口總值(含復進口),25,13000
2022-8,39079100,其他聚酯，不飽和者，初級狀態,丹麥,進口總值(含復進口),18,5000
2022-8,39079100,其他聚酯，不飽和者，初級狀態,日本,進口總值(含復進口),144,40149
2022-8,39079100,其他聚酯，不飽和者，初級狀態,比利時,進口總值(含復進口),10,1200
2022-8,39079100,其他聚酯，不飽和者，初級狀態,加拿大,進口總值(含復進口),0,0
2022-8,39079100,其他聚酯，不飽和者，初級狀態,南韓,進口總值(含復進口),269,120060
2022-8,39079100,其他聚酯，不飽和者，初級狀態,美國,進口總值(含復進口),641,126278
2022-8,39079100,其他聚酯，不飽和者，初級狀態,英國,進口總值(含復進口),33,3000
2022-8,39079100,其他聚酯，不飽和者，初級狀態,義大利,進口總值(含復進口),85,21800
2022-8,39079100,其他聚酯，不飽和者，初級狀態,中國大陸,出口總值(含復出口),1419,726029
2022-8,39079100,其他聚酯，不飽和者，初級狀態,日本,出口總值(含復出口),1563,826590
2022-8,39079100,其他聚酯，不飽和者，初級狀態,以色列,出口總值(含復出口),201,105760
2022-8,39079100,其他聚酯，不飽和者，初級狀態,卡達,出口總值(含復出口),126,66425
2022-8,39079100,其他聚酯，不飽和者，初級狀態,印尼,出口總值(含復出口),104,152000
2022-8,39079100,其他聚酯，不飽和者，初級狀態,印度,出口總值(含復出口),480,215374
2022-8,39079100,其他聚酯，不飽和者，初級狀態,奈及利亞,出口總值(含復出口),309,142562
2022-8,39079100,其他聚酯，不飽和者，初級狀態,孟加拉,出口總值(含復出口),1440,668475
2022-8,39079100,其他聚酯，不飽和者，初級狀態,俄羅斯,出口總值(含復出口),52,22725
2022-8,39079100,其他聚酯，不飽和者，初級狀態,柬埔寨,出口總值(含復出口),164,89280
2022-8,39079100,其他聚酯，不飽和者，初級狀態,美國,出口總值(含復出口),230,124020
2022-8,39079100,其他聚酯，不飽和者，初級狀態,英國,出口總值(含復出口),6,800
2022-8,39079100,其他聚酯，不飽和者，初級狀態,香港,出口總值(含復出口),103,48319
2022-8,39079100,其他聚酯，不飽和者，初級狀態,埃及,出口總值(含復出口),450,239600
2022-8,39079100,其他聚酯，不飽和者，初級狀態,泰國,出口總值(含復出口),95,44390
2022-8,39079100,其他聚酯，不飽和者，初級狀態,秘魯,出口總值(含復出口),65,31460
2022-8,39079100,其他聚酯，不飽和者，初級狀態,馬來西亞,出口總值(含復出口),27,9716
2022-8,39079100,其他聚酯，不飽和者，初級狀態,斯里蘭卡,出口總值(含復出口),145,70876
2022-8,39079100,其他聚酯，不飽和者，初級狀態,斯洛維尼亞,出口總值(含復出口),73,26000
2022-8,39079100,其他聚酯，不飽和者，初級狀態,菲律賓,出口總值(含復出口),514,241760
2022-8,39079100,其他聚酯，不飽和者，初級狀態,越南,出口總值(含復出口),1485,698718
2022-8,39079100,其他聚酯，不飽和者，初級狀態,新加坡,出口總值(含復出口),36,18000
2022-8,39079100,其他聚酯，不飽和者，初級狀態,模里西斯,出口總值(含復出口),104,47530
2022-8,39079100,其他聚酯，不飽和者，初級狀態,澳大利亞,出口總值(含復出口),543,220800
2022-8,39079920,熱塑性液晶芳香族聚酯共聚合物,日本,進口總值(含復進口),216,3375
2022-8,39079920,熱塑性液晶芳香族聚酯共聚合物,美國,進口總值(含復進口),2,26
2022-8,39079920,熱塑性液晶芳香族聚酯共聚合物,中國大陸,出口總值(含復出口),5901,587266
2022-8,39079920,熱塑性液晶芳香族聚酯共聚合物,日本,出口總值(含復出口),504,76700
2022-8,39079920,熱塑性液晶芳香族聚酯共聚合物,印度,出口總值(含復出口),26,3000
2022-8,39079920,熱塑性液晶芳香族聚酯共聚合物,南韓,出口總值(含復出口),1955,145500
2022-8,39079920,熱塑性液晶芳香族聚酯共聚合物,香港,出口總值(含復出口),724,58675
2022-8,39079920,熱塑性液晶芳香族聚酯共聚合物,泰國,出口總值(含復出口),51,5000
2022-8,39079920,熱塑性液晶芳香族聚酯共聚合物,馬來西亞,出口總值(含復出口),315,30400
2022-8,39079920,熱塑性液晶芳香族聚酯共聚合物,荷蘭,出口總值(含復出口),42,5000
2022-8,39079920,熱塑性液晶芳香族聚酯共聚合物,菲律賓,出口總值(含復出口),905,102025
2022-8,39079920,熱塑性液晶芳香族聚酯共聚合物,越南,出口總值(含復出口),108,11050
2022-8,39079920,熱塑性液晶芳香族聚酯共聚合物,新加坡,出口總值(含復出口),365,39000
2022-8,39094000,酚樹脂，初級狀態,中國大陸,進口總值(含復進口),554,236650
2022-8,39094000,酚樹脂，初級狀態,中華民國,進口總值(含復進口),35,2600
2022-8,39094000,酚樹脂，初級狀態,日本,進口總值(含復進口),1437,138825
2022-8,39094000,酚樹脂，初級狀態,南韓,進口總值(含復進口),675,92602
2022-8,39094000,酚樹脂，初級狀態,美國,進口總值(含復進口),340,56013
2022-8,39094000,酚樹脂，初級狀態,挪威,進口總值(含復進口),0,56
2022-8,39094000,酚樹脂，初級狀態,泰國,進口總值(含復進口),24,7980
2022-8,39094000,酚樹脂，初級狀態,新加坡,進口總值(含復進口),45,9900
2022-8,39094000,酚樹脂，初級狀態,德國,進口總值(含復進口),672,100760
2022-8,39094000,酚樹脂，初級狀態,土耳其,出口總值(含復出口),70,79000
2022-8,39094000,酚樹脂，初級狀態,中國大陸,出口總值(含復出口),4325,2103059
2022-8,39094000,酚樹脂，初級狀態,日本,出口總值(含復出口),660,228610
2022-8,39094000,酚樹脂，初級狀態,印尼,出口總值(含復出口),53,26240
2022-8,39094000,酚樹脂，初級狀態,印度,出口總值(含復出口),46,16000
2022-8,39094000,酚樹脂，初級狀態,阿拉伯聯合大公國,出口總值(含復出口),60,16000
2022-8,39094000,酚樹脂，初級狀態,南非,出口總值(含復出口),46,32000
2022-8,39094000,酚樹脂，初級狀態,南韓,出口總值(含復出口),71,48000
2022-8,39094000,酚樹脂，初級狀態,香港,出口總值(含復出口),25,16000
2022-8,39094000,酚樹脂，初級狀態,泰國,出口總值(含復出口),193,77340
2022-8,39094000,酚樹脂，初級狀態,馬來西亞,出口總值(含復出口),174,65400
2022-8,39094000,酚樹脂，初級狀態,菲律賓,出口總值(含復出口),65,49500
2022-8,39094000,酚樹脂，初級狀態,越南,出口總值(含復出口),167,72859
2022-8,39094000,酚樹脂，初級狀態,新加坡,出口總值(含復出口),53,33500
2022-8,39094000,酚樹脂，初級狀態,墨西哥,出口總值(含復出口),65,16000
2022-8,39094000,酚樹脂，初級狀態,澳大利亞,出口總值(含復出口),38,24000
2022-9,39079100,其他聚酯，不飽和者，初級狀態,中國大陸,進口總值(含復進口),427,261551
2022-9,39079100,其他聚酯，不飽和者，初級狀態,日本,進口總值(含復進口),442,108121
2022-9,39079100,其他聚酯，不飽和者，初級狀態,比利時,進口總值(含復進口),12,330
2022-9,39079100,其他聚酯，不飽和者，初級狀態,加拿大,進口總值(含復進口),4,76
2022-9,39079100,其他聚酯，不飽和者，初級狀態,南韓,進口總值(含復進口),293,141340
2022-9,39079100,其他聚酯，不飽和者，初級狀態,美國,進口總值(含復進口),225,65376
2022-9,39079100,其他聚酯，不飽和者，初級狀態,新加坡,進口總值(含復進口),4,1050
2022-9,39079100,其他聚酯，不飽和者，初級狀態,義大利,進口總值(含復進口),135,33800
2022-9,39079100,其他聚酯，不飽和者，初級狀態,澳大利亞,進口總值(含復進口),23,7680
2022-9,39079100,其他聚酯，不飽和者，初級狀態,中國大陸,出口總值(含復出口),868,514035
2022-9,39079100,其他聚酯，不飽和者，初級狀態,巴西,出口總值(含復出口),7,1000
2022-9,39079100,其他聚酯，不飽和者，初級狀態,日本,出口總值(含復出口),1710,815970
2022-9,39079100,其他聚酯，不飽和者，初級狀態,以色列,出口總值(含復出口),70,36000
2022-9,39079100,其他聚酯，不飽和者，初級狀態,卡達,出口總值(含復出口),389,234000
2022-9,39079100,其他聚酯，不飽和者，初級狀態,立陶宛,出口總值(含復出口),141,59400
2022-9,39079100,其他聚酯，不飽和者，初級狀態,印尼,出口總值(含復出口),161,218246
2022-9,39079100,其他聚酯，不飽和者，初級狀態,印度,出口總值(含復出口),355,180000
2022-9,39079100,其他聚酯，不飽和者，初級狀態,多明尼加,出口總值(含復出口),462,235325
2022-9,39079100,其他聚酯，不飽和者，初級狀態,坦尚尼亞,出口總值(含復出口),39,17960
2022-9,39079100,其他聚酯，不飽和者，初級狀態,奈及利亞,出口總值(含復出口),191,92500
2022-9,39079100,其他聚酯，不飽和者，初級狀態,孟加拉,出口總值(含復出口),921,413585
2022-9,39079100,其他聚酯，不飽和者，初級狀態,肯亞,出口總值(含復出口),40,18016
2022-9,39079100,其他聚酯，不飽和者，初級狀態,阿拉伯聯合大公國,出口總值(含復出口),32,17600
2022-9,39079100,其他聚酯，不飽和者，初級狀態,南非,出口總值(含復出口),180,75825
2022-9,39079100,其他聚酯，不飽和者，初級狀態,柬埔寨,出口總值(含復出口),95,54480
2022-9,39079100,其他聚酯，不飽和者，初級狀態,迦納,出口總值(含復出口),109,51480
2022-9,39079100,其他聚酯，不飽和者，初級狀態,香港,出口總值(含復出口),3,520
2022-9,39079100,其他聚酯，不飽和者，初級狀態,哥倫比亞,出口總值(含復出口),101,48600
2022-9,39079100,其他聚酯，不飽和者，初級狀態,泰國,出口總值(含復出口),59,21120
2022-9,39079100,其他聚酯，不飽和者，初級狀態,秘魯,出口總值(含復出口),66,34980
2022-9,39079100,其他聚酯，不飽和者，初級狀態,紐西蘭,出口總值(含復出口),19,8800
2022-9,39079100,其他聚酯，不飽和者，初級狀態,荷蘭,出口總值(含復出口),67,7000
2022-9,39079100,其他聚酯，不飽和者，初級狀態,菲律賓,出口總值(含復出口),279,130744
2022-9,39079100,其他聚酯，不飽和者，初級狀態,越南,出口總值(含復出口),989,504221
2022-9,39079100,其他聚酯，不飽和者，初級狀態,模里西斯,出口總值(含復出口),104,51050
2022-9,39079100,其他聚酯，不飽和者，初級狀態,澳大利亞,出口總值(含復出口),552,231960
2022-9,39079100,其他聚酯，不飽和者，初級狀態,關島,出口總值(含復出口),2,25
2022-9,39079920,熱塑性液晶芳香族聚酯共聚合物,中國大陸,進口總值(含復進口),1,100
2022-9,39079920,熱塑性液晶芳香族聚酯共聚合物,日本,進口總值(含復進口),373,20720
2022-9,39079920,熱塑性液晶芳香族聚酯共聚合物,美國,進口總值(含復進口),9,70
2022-9,39079920,熱塑性液晶芳香族聚酯共聚合物,中國大陸,出口總值(含復出口),5421,533484
2022-9,39079920,熱塑性液晶芳香族聚酯共聚合物,日本,出口總值(含復出口),438,71500
2022-9,39079920,熱塑性液晶芳香族聚酯共聚合物,印度,出口總值(含復出口),28,3500
2022-9,39079920,熱塑性液晶芳香族聚酯共聚合物,南韓,出口總值(含復出口),754,67500
2022-9,39079920,熱塑性液晶芳香族聚酯共聚合物,美國,出口總值(含復出口),34,4000
2022-9,39079920,熱塑性液晶芳香族聚酯共聚合物,香港,出口總值(含復出口),1427,135850
2022-9,39079920,熱塑性液晶芳香族聚酯共聚合物,泰國,出口總值(含復出口),21,1625
2022-9,39079920,熱塑性液晶芳香族聚酯共聚合物,馬來西亞,出口總值(含復出口),282,31000
2022-9,39079920,熱塑性液晶芳香族聚酯共聚合物,菲律賓,出口總值(含復出口),407,46925
2022-9,39079920,熱塑性液晶芳香族聚酯共聚合物,越南,出口總值(含復出口),470,47600
2022-9,39079920,熱塑性液晶芳香族聚酯共聚合物,新加坡,出口總值(含復出口),340,36425
2022-9,39094000,酚樹脂，初級狀態,中國大陸,進口總值(含復進口),399,190900
2022-9,39094000,酚樹脂，初級狀態,中華民國,進口總值(含復進口),42,14000
2022-9,39094000,酚樹脂，初級狀態,日本,進口總值(含復進口),2718,192368
2022-9,39094000,酚樹脂，初級狀態,印度,進口總值(含復進口),9,16000
2022-9,39094000,酚樹脂，初級狀態,法國,進口總值(含復進口),0,0
2022-9,39094000,酚樹脂，初級狀態,南韓,進口總值(含復進口),184,55680
2022-9,39094000,酚樹脂，初級狀態,美國,進口總值(含復進口),207,18015
2022-9,39094000,酚樹脂，初級狀態,泰國,進口總值(含復進口),40,12800
2022-9,39094000,酚樹脂，初級狀態,義大利,進口總值(含復進口),2,220
2022-9,39094000,酚樹脂，初級狀態,德國,進口總值(含復進口),199,23440
2022-9,39094000,酚樹脂，初級狀態,土耳其,出口總值(含復出口),44,36000
2022-9,39094000,酚樹脂，初級狀態,中國大陸,出口總值(含復出口),4468,2197875
2022-9,39094000,酚樹脂，初級狀態,巴基斯坦,出口總值(含復出口),9,6000
2022-9,39094000,酚樹脂，初級狀態,日本,出口總值(含復出口),789,221443
2022-9,39094000,酚樹脂，初級狀態,印尼,出口總值(含復出口),143,54440
2022-9,39094000,酚樹脂，初級狀態,印度,出口總值(含復出口),55,23050
2022-9,39094000,酚樹脂，初級狀態,南韓,出口總值(含復出口),91,41000
2022-9,39094000,酚樹脂，初級狀態,香港,出口總值(含復出口),41,10312
2022-9,39094000,酚樹脂，初級狀態,泰國,出口總值(含復出口),277,133800
2022-9,39094000,酚樹脂，初級狀態,馬來西亞,出口總值(含復出口),92,39300
2022-9,39094000,酚樹脂，初級狀態,荷蘭,出口總值(含復出口),15,16000
2022-9,39094000,酚樹脂，初級狀態,菲律賓,出口總值(含復出口),115,70700
2022-9,39094000,酚樹脂，初級狀態,越南,出口總值(含復出口),174,88990
2022-9,39094000,酚樹脂，初級狀態,新加坡,出口總值(含復出口),30,18175
2022-9,39094000,酚樹脂，初級狀態,澳大利亞,出口總值(含復出口),38,24000
2022-10,39079100,其他聚酯，不飽和者，初級狀態,中國大陸,進口總值(含復進口),816,442781
2022-10,39079100,其他聚酯，不飽和者，初級狀態,日本,進口總值(含復進口),296,69670
2022-10,39079100,其他聚酯，不飽和者，初級狀態,比利時,進口總值(含復進口),4,400
2022-10,39079100,其他聚酯，不飽和者，初級狀態,南韓,進口總值(含復進口),176,85391
2022-10,39079100,其他聚酯，不飽和者，初級狀態,美國,進口總值(含復進口),131,6287
2022-10,39079100,其他聚酯，不飽和者，初級狀態,泰國,進口總值(含復進口),11,3800
2022-10,39079100,其他聚酯，不飽和者，初級狀態,馬來西亞,進口總值(含復進口),12,4000
2022-10,39079100,其他聚酯，不飽和者，初級狀態,新加坡,進口總值(含復進口),8,2100
2022-10,39079100,其他聚酯，不飽和者，初級狀態,澳大利亞,進口總值(含復進口),2,260
2022-10,39079100,其他聚酯，不飽和者，初級狀態,中國大陸,出口總值(含復出口),1006,912102
2022-10,39079100,其他聚酯，不飽和者，初級狀態,巴西,出口總值(含復出口),25,3800
2022-10,39079100,其他聚酯，不飽和者，初級狀態,日本,出口總值(含復出口),1806,934530
2022-10,39079100,其他聚酯，不飽和者，初級狀態,以色列,出口總值(含復出口),34,17600
2022-10,39079100,其他聚酯，不飽和者，初級狀態,卡達,出口總值(含復出口),93,49950
2022-10,39079100,其他聚酯，不飽和者，初級狀態,印尼,出口總值(含復出口),316,432165
2022-10,39079100,其他聚酯，不飽和者，初級狀態,印度,出口總值(含復出口),542,253511
2022-10,39079100,其他聚酯，不飽和者，初級狀態,多明尼加,出口總值(含復出口),505,282240
2022-10,39079100,其他聚酯，不飽和者，初級狀態,奈及利亞,出口總值(含復出口),188,82552
2022-10,39079100,其他聚酯，不飽和者，初級狀態,孟加拉,出口總值(含復出口),464,239400
2022-10,39079100,其他聚酯，不飽和者，初級狀態,阿拉伯聯合大公國,出口總值(含復出口),67,36000
2022-10,39079100,其他聚酯，不飽和者，初級狀態,南非,出口總值(含復出口),181,72000
2022-10,39079100,其他聚酯，不飽和者，初級狀態,美國,出口總值(含復出口),114,53000
2022-10,39079100,其他聚酯，不飽和者，初級狀態,香港,出口總值(含復出口),77,31848
2022-10,39079100,其他聚酯，不飽和者，初級狀態,埃及,出口總值(含復出口),331,148150
2022-10,39079100,其他聚酯，不飽和者，初級狀態,泰國,出口總值(含復出口),130,53359
2022-10,39079100,其他聚酯，不飽和者，初級狀態,秘魯,出口總值(含復出口),67,34980
2022-10,39079100,其他聚酯，不飽和者，初級狀態,紐西蘭,出口總值(含復出口),48,18700
2022-10,39079100,其他聚酯，不飽和者，初級狀態,斐濟,出口總值(含復出口),34,17600
2022-10,39079100,其他聚酯，不飽和者，初級狀態,斯里蘭卡,出口總值(含復出口),182,94692
2022-10,39079100,其他聚酯，不飽和者，初級狀態,菲律賓,出口總值(含復出口),118,50120
2022-10,39079100,其他聚酯，不飽和者，初級狀態,越南,出口總值(含復出口),1336,650707
2022-10,39079100,其他聚酯，不飽和者，初級狀態,愛爾蘭,出口總值(含復出口),53,99400
2022-10,39079100,其他聚酯，不飽和者，初級狀態,義大利,出口總值(含復出口),37,20000
2022-10,39079100,其他聚酯，不飽和者，初級狀態,模里西斯,出口總值(含復出口),45,22685
2022-10,39079100,其他聚酯，不飽和者，初級狀態,緬甸,出口總值(含復出口),57,35600
2022-10,39079100,其他聚酯，不飽和者，初級狀態,澳大利亞,出口總值(含復出口),1297,616450
2022-10,39079920,熱塑性液晶芳香族聚酯共聚合物,日本,進口總值(含復進口),98,12513
2022-10,39079920,熱塑性液晶芳香族聚酯共聚合物,美國,進口總值(含復進口),8,50
2022-10,39079920,熱塑性液晶芳香族聚酯共聚合物,中國大陸,出口總值(含復出口),5165,446837
2022-10,39079920,熱塑性液晶芳香族聚酯共聚合物,日本,出口總值(含復出口),824,149400
2022-10,39079920,熱塑性液晶芳香族聚酯共聚合物,比利時,出口總值(含復出口),7,2250
2022-10,39079920,熱塑性液晶芳香族聚酯共聚合物,印度,出口總值(含復出口),40,5000
2022-10,39079920,熱塑性液晶芳香族聚酯共聚合物,南韓,出口總值(含復出口),697,63300
2022-10,39079920,熱塑性液晶芳香族聚酯共聚合物,香港,出口總值(含復出口),826,72500
2022-10,39079920,熱塑性液晶芳香族聚酯共聚合物,泰國,出口總值(含復出口),67,7600
2022-10,39079920,熱塑性液晶芳香族聚酯共聚合物,馬來西亞,出口總值(含復出口),23,2400
2022-10,39079920,熱塑性液晶芳香族聚酯共聚合物,菲律賓,出口總值(含復出口),153,16075
2022-10,39079920,熱塑性液晶芳香族聚酯共聚合物,越南,出口總值(含復出口),251,24800
2022-10,39079920,熱塑性液晶芳香族聚酯共聚合物,新加坡,出口總值(含復出口),240,26050
2022-10,39094000,酚樹脂，初級狀態,中國大陸,進口總值(含復進口),206,75280
2022-10,39094000,酚樹脂，初級狀態,日本,進口總值(含復進口),1509,167168
2022-10,39094000,酚樹脂，初級狀態,印度,進口總值(含復進口),54,16000
2022-10,39094000,酚樹脂，初級狀態,南韓,進口總值(含復進口),990,131880
2022-10,39094000,酚樹脂，初級狀態,美國,進口總值(含復進口),391,84001
2022-10,39094000,酚樹脂，初級狀態,泰國,進口總值(含復進口),9,3000
2022-10,39094000,酚樹脂，初級狀態,新加坡,進口總值(含復進口),42,8000
2022-10,39094000,酚樹脂，初級狀態,德國,進口總值(含復進口),5,500
2022-10,39094000,酚樹脂，初級狀態,土耳其,出口總值(含復出口),20,32000
2022-10,39094000,酚樹脂，初級狀態,中國大陸,出口總值(含復出口),6516,3511468
2022-10,39094000,酚樹脂，初級狀態,巴西,出口總值(含復出口),6,1520
2022-10,39094000,酚樹脂，初級狀態,巴基斯坦,出口總值(含復出口),2,1000
2022-10,39094000,酚樹脂，初級狀態,日本,出口總值(含復出口),690,285750
2022-10,39094000,酚樹脂，初級狀態,印尼,出口總值(含復出口),194,65140
2022-10,39094000,酚樹脂，初級狀態,印度,出口總值(含復出口),185,74300
2022-10,39094000,酚樹脂，初級狀態,克羅埃西亞,出口總值(含復出口),30,16000
2022-10,39094000,酚樹脂，初級狀態,南韓,出口總值(含復出口),27,16000
2022-10,39094000,酚樹脂，初級狀態,香港,出口總值(含復出口),66,28950
2022-10,39094000,酚樹脂，初級狀態,泰國,出口總值(含復出口),135,44000
2022-10,39094000,酚樹脂，初級狀態,馬來西亞,出口總值(含復出口),203,72500
2022-10,39094000,酚樹脂，初級狀態,荷蘭,出口總值(含復出口),14,16000
2022-10,39094000,酚樹脂，初級狀態,菲律賓,出口總值(含復出口),134,89540
2022-10,39094000,酚樹脂，初級狀態,越南,出口總值(含復出口),176,60385
2022-10,39094000,酚樹脂，初級狀態,新加坡,出口總值(含復出口),50,33050
2022-10,39094000,酚樹脂，初級狀態,澳大利亞,出口總值(含復出口),3,1500
2022-11,39079100,其他聚酯，不飽和者，初級狀態,中國大陸,進口總值(含復進口),539,233645
2022-11,39079100,其他聚酯，不飽和者，初級狀態,中華民國,進口總值(含復進口),216,80540
2022-11,39079100,其他聚酯，不飽和者，初級狀態,丹麥,進口總值(含復進口),11,3000
2022-11,39079100,其他聚酯，不飽和者，初級狀態,日本,進口總值(含復進口),295,56541
2022-11,39079100,其他聚酯，不飽和者，初級狀態,比利時,進口總值(含復進口),6,600
2022-11,39079100,其他聚酯，不飽和者，初級狀態,南韓,進口總值(含復進口),258,109521
2022-11,39079100,其他聚酯，不飽和者，初級狀態,美國,進口總值(含復進口),305,100247
2022-11,39079100,其他聚酯，不飽和者，初級狀態,泰國,進口總值(含復進口),13,3800
2022-11,39079100,其他聚酯，不飽和者，初級狀態,新加坡,進口總值(含復進口),2,525
2022-11,39079100,其他聚酯，不飽和者，初級狀態,中國大陸,出口總值(含復出口),1997,1690348
2022-11,39079100,其他聚酯，不飽和者，初級狀態,巴西,出口總值(含復出口),50,7800
2022-11,39079100,其他聚酯，不飽和者，初級狀態,巴基斯坦,出口總值(含復出口),42,23280
2022-11,39079100,其他聚酯，不飽和者，初級狀態,日本,出口總值(含復出口),2205,1121480
2022-11,39079100,其他聚酯，不飽和者，初級狀態,卡達,出口總值(含復出口),391,216000
2022-11,39079100,其他聚酯，不飽和者，初級狀態,尼加拉瓜,出口總值(含復出口),91,47520
2022-11,39079100,其他聚酯，不飽和者，初級狀態,印尼,出口總值(含復出口),117,170461
2022-11,39079100,其他聚酯，不飽和者，初級狀態,印度,出口總值(含復出口),431,227700
2022-11,39079100,其他聚酯，不飽和者，初級狀態,宏都拉斯,出口總值(含復出口),32,17600
2022-11,39079100,其他聚酯，不飽和者，初級狀態,沙烏地阿拉伯,出口總值(含復出口),33,18000
2022-11,39079100,其他聚酯，不飽和者，初級狀態,奈及利亞,出口總值(含復出口),216,102800
2022-11,39079100,其他聚酯，不飽和者，初級狀態,孟加拉,出口總值(含復出口),1297,707635
2022-11,39079100,其他聚酯，不飽和者，初級狀態,南非,出口總值(含復出口),210,84600
2022-11,39079100,其他聚酯，不飽和者，初級狀態,柬埔寨,出口總值(含復出口),58,36000
2022-11,39079100,其他聚酯，不飽和者，初級狀態,香港,出口總值(含復出口),82,36101
2022-11,39079100,其他聚酯，不飽和者，初級狀態,哥倫比亞,出口總值(含復出口),139,72900
2022-11,39079100,其他聚酯，不飽和者，初級狀態,烏茲別克,出口總值(含復出口),58,36000
2022-11,39079100,其他聚酯，不飽和者，初級狀態,馬來西亞,出口總值(含復出口),25,8800
2022-11,39079100,其他聚酯，不飽和者，初級狀態,馬達加斯加,出口總值(含復出口),32,17325
2022-11,39079100,其他聚酯，不飽和者，初級狀態,斯里蘭卡,出口總值(含復出口),102,52650
2022-11,39079100,其他聚酯，不飽和者，初級狀態,菲律賓,出口總值(含復出口),655,341570
2022-11,39079100,其他聚酯，不飽和者，初級狀態,越南,出口總值(含復出口),974,445424
2022-11,39079100,其他聚酯，不飽和者，初級狀態,模里西斯,出口總值(含復出口),92,46960
2022-11,39079100,其他聚酯，不飽和者，初級狀態,黎巴嫩,出口總值(含復出口),14,6300
2022-11,39079100,其他聚酯，不飽和者，初級狀態,澳大利亞,出口總值(含復出口),691,327200
2022-11,39079920,熱塑性液晶芳香族聚酯共聚合物,中國大陸,出口總值(含復出口),5031,567304
2022-11,39079920,熱塑性液晶芳香族聚酯共聚合物,日本,出口總值(含復出口),809,152500
2022-11,39079920,熱塑性液晶芳香族聚酯共聚合物,南韓,出口總值(含復出口),1021,79025
2022-11,39079920,熱塑性液晶芳香族聚酯共聚合物,香港,出口總值(含復出口),937,80200
2022-11,39079920,熱塑性液晶芳香族聚酯共聚合物,泰國,出口總值(含復出口),23,2600
2022-11,39079920,熱塑性液晶芳香族聚酯共聚合物,馬來西亞,出口總值(含復出口),41,2600
2022-11,39079920,熱塑性液晶芳香族聚酯共聚合物,菲律賓,出口總值(含復出口),112,10125
2022-11,39079920,熱塑性液晶芳香族聚酯共聚合物,越南,出口總值(含復出口),11,1000
2022-11,39094000,酚樹脂，初級狀態,中國大陸,進口總值(含復進口),726,231020
2022-11,39094000,酚樹脂，初級狀態,中華民國,進口總值(含復進口),11,6400
2022-11,39094000,酚樹脂，初級狀態,日本,進口總值(含復進口),2058,224411
2022-11,39094000,酚樹脂，初級狀態,比利時,進口總值(含復進口),38,10000
2022-11,39094000,酚樹脂，初級狀態,南韓,進口總值(含復進口),973,129919
2022-11,39094000,酚樹脂，初級狀態,美國,進口總值(含復進口),61,18000
2022-11,39094000,酚樹脂，初級狀態,馬來西亞,進口總值(含復進口),4,144
2022-11,39094000,酚樹脂，初級狀態,新加坡,進口總值(含復進口),94,27850
2022-11,39094000,酚樹脂，初級狀態,德國,進口總值(含復進口),451,52006
2022-11,39094000,酚樹脂，初級狀態,土耳其,出口總值(含復出口),44,63000
2022-11,39094000,酚樹脂，初級狀態,中國大陸,出口總值(含復出口),8837,4460340
2022-11,39094000,酚樹脂，初級狀態,日本,出口總值(含復出口),1107,357018
2022-11,39094000,酚樹脂，初級狀態,印尼,出口總值(含復出口),16,4000
2022-11,39094000,酚樹脂，初級狀態,印度,出口總值(含復出口),155,68200
2022-11,39094000,酚樹脂，初級狀態,克羅埃西亞,出口總值(含復出口),31,16000
2022-11,39094000,酚樹脂，初級狀態,南韓,出口總值(含復出口),114,37000
2022-11,39094000,酚樹脂，初級狀態,美國,出口總值(含復出口),84,3635
2022-11,39094000,酚樹脂，初級狀態,香港,出口總值(含復出口),36,12974
2022-11,39094000,酚樹脂，初級狀態,泰國,出口總值(含復出口),364,193640
2022-11,39094000,酚樹脂，初級狀態,秘魯,出口總值(含復出口),25,72000
2022-11,39094000,酚樹脂，初級狀態,馬來西亞,出口總值(含復出口),108,31000
2022-11,39094000,酚樹脂，初級狀態,荷蘭,出口總值(含復出口),8,6000
2022-11,39094000,酚樹脂，初級狀態,菲律賓,出口總值(含復出口),224,161100
2022-11,39094000,酚樹脂，初級狀態,越南,出口總值(含復出口),68,41129
2022-11,39094000,酚樹脂，初級狀態,新加坡,出口總值(含復出口),49,33100
2022-11,39094000,酚樹脂，初級狀態,澳大利亞,出口總值(含復出口),90,63000
2022-12,39079100,其他聚酯，不飽和者，初級狀態,中國大陸,進口總值(含復進口),872,528620
2022-12,39079100,其他聚酯，不飽和者，初級狀態,丹麥,進口總值(含復進口),12,3000
2022-12,39079100,其他聚酯，不飽和者，初級狀態,日本,進口總值(含復進口),99,30465
2022-12,39079100,其他聚酯，不飽和者，初級狀態,比利時,進口總值(含復進口),13,300
2022-12,39079100,其他聚酯，不飽和者，初級狀態,加拿大,進口總值(含復進口),2,110
2022-12,39079100,其他聚酯，不飽和者，初級狀態,南韓,進口總值(含復進口),36,20280
2022-12,39079100,其他聚酯，不飽和者，初級狀態,美國,進口總值(含復進口),108,18206
2022-12,39079100,其他聚酯，不飽和者，初級狀態,泰國,進口總值(含復進口),14,3990
2022-12,39079100,其他聚酯，不飽和者，初級狀態,馬來西亞,進口總值(含復進口),737,372600
2022-12,39079100,其他聚酯，不飽和者，初級狀態,新加坡,進口總值(含復進口),8,2125
2022-12,39079100,其他聚酯，不飽和者，初級狀態,中國大陸,出口總值(含復出口),1346,737194
2022-12,39079100,其他聚酯，不飽和者，初級狀態,巴布亞紐幾內亞,出口總值(含復出口),34,15750
2022-12,39079100,其他聚酯，不飽和者，初級狀態,日本,出口總值(含復出口),1614,799995
2022-12,39079100,其他聚酯，不飽和者，初級狀態,印尼,出口總值(含復出口),240,325072
2022-12,39079100,其他聚酯，不飽和者，初級狀態,印度,出口總值(含復出口),396,251725
2022-12,39079100,其他聚酯，不飽和者，初級狀態,奈及利亞,出口總值(含復出口),158,71700
2022-12,39079100,其他聚酯，不飽和者，初級狀態,孟加拉,出口總值(含復出口),905,516600
2022-12,39079100,其他聚酯，不飽和者，初級狀態,肯亞,出口總值(含復出口),34,18000
2022-12,39079100,其他聚酯，不飽和者，初級狀態,阿拉伯聯合大公國,出口總值(含復出口),65,36000
2022-12,39079100,其他聚酯，不飽和者，初級狀態,南非,出口總值(含復出口),270,122000
2022-12,39079100,其他聚酯，不飽和者，初級狀態,美國,出口總值(含復出口),66,34600
2022-12,39079100,其他聚酯，不飽和者，初級狀態,香港,出口總值(含復出口),61,22300
2022-12,39079100,其他聚酯，不飽和者，初級狀態,埃及,出口總值(含復出口),38,18060
2022-12,39079100,其他聚酯，不飽和者，初級狀態,秘魯,出口總值(含復出口),91,52980
2022-12,39079100,其他聚酯，不飽和者，初級狀態,紐西蘭,出口總值(含復出口),22,8400
2022-12,39079100,其他聚酯，不飽和者，初級狀態,喀麥隆,出口總值(含復出口),36,17600
2022-12,39079100,其他聚酯，不飽和者，初級狀態,斯里蘭卡,出口總值(含復出口),68,37141
2022-12,39079100,其他聚酯，不飽和者，初級狀態,斯洛維尼亞,出口總值(含復出口),26,8000
2022-12,39079100,其他聚酯，不飽和者，初級狀態,菲律賓,出口總值(含復出口),275,142640
2022-12,39079100,其他聚酯，不飽和者，初級狀態,越南,出口總值(含復出口),722,335176
2022-12,39079100,其他聚酯，不飽和者，初級狀態,模里西斯,出口總值(含復出口),67,34650
2022-12,39079100,其他聚酯，不飽和者，初級狀態,澳大利亞,出口總值(含復出口),290,145900
2022-12,39079100,其他聚酯，不飽和者，初級狀態,澳門,出口總值(含復出口),47,11930
2022-12,39079920,熱塑性液晶芳香族聚酯共聚合物,日本,進口總值(含復進口),32,3415
2022-12,39079920,熱塑性液晶芳香族聚酯共聚合物,美國,進口總值(含復進口),0,3
2022-12,39079920,熱塑性液晶芳香族聚酯共聚合物,中國大陸,出口總值(含復出口),3678,444433
2022-12,39079920,熱塑性液晶芳香族聚酯共聚合物,日本,出口總值(含復出口),262,44530
2022-12,39079920,熱塑性液晶芳香族聚酯共聚合物,南韓,出口總值(含復出口),298,20700
2022-12,39079920,熱塑性液晶芳香族聚酯共聚合物,美國,出口總值(含復出口),6,0
2022-12,39079920,熱塑性液晶芳香族聚酯共聚合物,香港,出口總值(含復出口),1610,153750
2022-12,39079920,熱塑性液晶芳香族聚酯共聚合物,泰國,出口總值(含復出口),27,4200
2022-12,39079920,熱塑性液晶芳香族聚酯共聚合物,荷蘭,出口總值(含復出口),42,4000
2022-12,39079920,熱塑性液晶芳香族聚酯共聚合物,菲律賓,出口總值(含復出口),156,15200
2022-12,39079920,熱塑性液晶芳香族聚酯共聚合物,越南,出口總值(含復出口),171,17000
2022-12,39079920,熱塑性液晶芳香族聚酯共聚合物,新加坡,出口總值(含復出口),141,16000
2022-12,39094000,酚樹脂，初級狀態,中國大陸,進口總值(含復進口),338,102640
2022-12,39094000,酚樹脂，初級狀態,中華民國,進口總值(含復進口),98,58480
2022-12,39094000,酚樹脂，初級狀態,日本,進口總值(含復進口),2715,235056
2022-12,39094000,酚樹脂，初級狀態,印度,進口總值(含復進口),4,1200
2022-12,39094000,酚樹脂，初級狀態,法國,進口總值(含復進口),0,1
2022-12,39094000,酚樹脂，初級狀態,南韓,進口總值(含復進口),597,75924
2022-12,39094000,酚樹脂，初級狀態,美國,進口總值(含復進口),142,36000
2022-12,39094000,酚樹脂，初級狀態,泰國,進口總值(含復進口),40,12800
2022-12,39094000,酚樹脂，初級狀態,德國,進口總值(含復進口),155,19714
2022-12,39094000,酚樹脂，初級狀態,土耳其,出口總值(含復出口),15,32000
2022-12,39094000,酚樹脂，初級狀態,中國大陸,出口總值(含復出口),9646,4534296
2022-12,39094000,酚樹脂，初級狀態,巴基斯坦,出口總值(含復出口),7,5000
2022-12,39094000,酚樹脂，初級狀態,日本,出口總值(含復出口),792,230000
2022-12,39094000,酚樹脂，初級狀態,印尼,出口總值(含復出口),110,34040
2022-12,39094000,酚樹脂，初級狀態,印度,出口總值(含復出口),71,24500
2022-12,39094000,酚樹脂，初級狀態,南韓,出口總值(含復出口),143,63145
2022-12,39094000,酚樹脂，初級狀態,約旦,出口總值(含復出口),16,5000
2022-12,39094000,酚樹脂，初級狀態,英國,出口總值(含復出口),8,18
2022-12,39094000,酚樹脂，初級狀態,香港,出口總值(含復出口),6,4000
2022-12,39094000,酚樹脂，初級狀態,泰國,出口總值(含復出口),125,54500
2022-12,39094000,酚樹脂，初級狀態,馬來西亞,出口總值(含復出口),197,69300
2022-12,39094000,酚樹脂，初級狀態,菲律賓,出口總值(含復出口),149,106780
2022-12,39094000,酚樹脂，初級狀態,越南,出口總值(含復出口),109,55519
2022-12,39094000,酚樹脂，初級狀態,新加坡,出口總值(含復出口),38,21600
2022-12,39094000,酚樹脂，初級狀態,澳大利亞,出口總值(含復出口),34,24000
2022-12,39094000,酚樹脂，初級狀態,澳門,出口總值(含復出口),12,5000
2022-1,39095000,聚胺基甲酸乙酯，初級狀態,中國大陸,進口總值(含復進口),8070,1849292
2022-1,39095000,聚胺基甲酸乙酯，初級狀態,中華民國,進口總值(含復進口),253,47118
2022-1,39095000,聚胺基甲酸乙酯，初級狀態,巴西,進口總值(含復進口),21,6600
2022-1,39095000,聚胺基甲酸乙酯，初級狀態,日本,進口總值(含復進口),916,120878
2022-1,39095000,聚胺基甲酸乙酯，初級狀態,比利時,進口總值(含復進口),1,100
2022-1,39095000,聚胺基甲酸乙酯，初級狀態,印度,進口總值(含復進口),81,22504
2022-1,39095000,聚胺基甲酸乙酯，初級狀態,西班牙,進口總值(含復進口),512,53630
2022-1,39095000,聚胺基甲酸乙酯，初級狀態,希臘,進口總值(含復進口),0,50
2022-1,39095000,聚胺基甲酸乙酯，初級狀態,法國,進口總值(含復進口),193,13920
2022-1,39095000,聚胺基甲酸乙酯，初級狀態,南韓,進口總值(含復進口),258,80852
2022-1,39095000,聚胺基甲酸乙酯，初級狀態,美國,進口總值(含復進口),2603,220100
2022-1,39095000,聚胺基甲酸乙酯，初級狀態,英國,進口總值(含復進口),11,775
2022-1,39095000,聚胺基甲酸乙酯，初級狀態,香港,進口總值(含復進口),0,200
2022-1,39095000,聚胺基甲酸乙酯，初級狀態,新加坡,進口總值(含復進口),193,52629
2022-1,39095000,聚胺基甲酸乙酯，初級狀態,瑞士,進口總值(含復進口),33,5338
2022-1,39095000,聚胺基甲酸乙酯，初級狀態,義大利,進口總值(含復進口),150,25974
2022-1,39095000,聚胺基甲酸乙酯，初級狀態,德國,進口總值(含復進口),1348,263904
2022-1,39095000,聚胺基甲酸乙酯，初級狀態,中國大陸,出口總值(含復出口),10833,2362448
2022-1,39095000,聚胺基甲酸乙酯，初級狀態,厄瓜多,出口總值(含復出口),32,4800
2022-1,39095000,聚胺基甲酸乙酯，初級狀態,巴西,出口總值(含復出口),343,70640
2022-1,39095000,聚胺基甲酸乙酯，初級狀態,巴基斯坦,出口總值(含復出口),10,2000
2022-1,39095000,聚胺基甲酸乙酯，初級狀態,日本,出口總值(含復出口),341,57435
2022-1,39095000,聚胺基甲酸乙酯，初級狀態,比利時,出口總值(含復出口),687,128000
2022-1,39095000,聚胺基甲酸乙酯，初級狀態,印尼,出口總值(含復出口),2671,533906
2022-1,39095000,聚胺基甲酸乙酯，初級狀態,印度,出口總值(含復出口),1543,315579
2022-1,39095000,聚胺基甲酸乙酯，初級狀態,西班牙,出口總值(含復出口),65,15000
2022-1,39095000,聚胺基甲酸乙酯，初級狀態,孟加拉,出口總值(含復出口),68,30450
2022-1,39095000,聚胺基甲酸乙酯，初級狀態,阿拉伯聯合大公國,出口總值(含復出口),437,88750
2022-1,39095000,聚胺基甲酸乙酯，初級狀態,俄羅斯,出口總值(含復出口),55,14400
2022-1,39095000,聚胺基甲酸乙酯，初級狀態,南非,出口總值(含復出口),78,17005
2022-1,39095000,聚胺基甲酸乙酯，初級狀態,南韓,出口總值(含復出口),1284,297493
2022-1,39095000,聚胺基甲酸乙酯，初級狀態,柬埔寨,出口總值(含復出口),27,24090
2022-1,39095000,聚胺基甲酸乙酯，初級狀態,約旦,出口總值(含復出口),71,17000
2022-1,39095000,聚胺基甲酸乙酯，初級狀態,美國,出口總值(含復出口),1200,200782
2022-1,39095000,聚胺基甲酸乙酯，初級狀態,香港,出口總值(含復出口),1831,333729
2022-1,39095000,聚胺基甲酸乙酯，初級狀態,泰國,出口總值(含復出口),1981,499796
2022-1,39095000,聚胺基甲酸乙酯，初級狀態,秘魯,出口總值(含復出口),10,2000
2022-1,39095000,聚胺基甲酸乙酯，初級狀態,馬來西亞,出口總值(含復出口),246,74568
2022-1,39095000,聚胺基甲酸乙酯，初級狀態,馬爾地夫,出口總值(含復出口),10,2029
2022-1,39095000,聚胺基甲酸乙酯，初級狀態,荷蘭,出口總值(含復出口),864,168000
2022-1,39095000,聚胺基甲酸乙酯，初級狀態,菲律賓,出口總值(含復出口),83,19020
2022-1,39095000,聚胺基甲酸乙酯，初級狀態,越南,出口總值(含復出口),13041,2691284
2022-1,39095000,聚胺基甲酸乙酯，初級狀態,新加坡,出口總值(含復出口),92,21440
2022-1,39095000,聚胺基甲酸乙酯，初級狀態,瑞典,出口總值(含復出口),67,12050
2022-1,39095000,聚胺基甲酸乙酯，初級狀態,義大利,出口總值(含復出口),91,25000
2022-1,39095000,聚胺基甲酸乙酯，初級狀態,德國,出口總值(含復出口),304,54100
2022-1,39095000,聚胺基甲酸乙酯，初級狀態,緬甸,出口總值(含復出口),45,13130
2022-1,39095000,聚胺基甲酸乙酯，初級狀態,澳大利亞,出口總值(含復出口),4,500
2022-1,39100010,矽油,中國大陸,進口總值(含復進口),3227,500310
2022-1,39100010,矽油,日本,進口總值(含復進口),1458,162552
2022-1,39100010,矽油,比利時,進口總值(含復進口),1,100
2022-1,39100010,矽油,印度,進口總值(含復進口),18,1980
2022-1,39100010,矽油,法國,進口總值(含復進口),9,800
2022-1,39100010,矽油,南韓,進口總值(含復進口),55,1943
2022-1,39100010,矽油,美國,進口總值(含復進口),339,5565
2022-1,39100010,矽油,英國,進口總值(含復進口),1,72
2022-1,39100010,矽油,泰國,進口總值(含復進口),765,129840
2022-1,39100010,矽油,荷蘭,進口總值(含復進口),11,808
2022-1,39100010,矽油,德國,進口總值(含復進口),486,46000
2022-1,39100010,矽油,中國大陸,出口總值(含復出口),996,93569
2022-1,39100010,矽油,丹麥,出口總值(含復出口),25,1541
2022-1,39100010,矽油,印尼,出口總值(含復出口),13,960
2022-1,39100010,矽油,孟加拉,出口總值(含復出口),34,9040
2022-1,39100010,矽油,俄羅斯,出口總值(含復出口),0,1
2022-1,39100010,矽油,美國,出口總值(含復出口),45,3000
2022-1,39100010,矽油,香港,出口總值(含復出口),1,100
2022-1,39100010,矽油,泰國,出口總值(含復出口),12,768
2022-1,39100010,矽油,馬來西亞,出口總值(含復出口),29,2400
2022-1,39100010,矽油,越南,出口總值(含復出口),54,5104
2022-1,39100010,矽油,德國,出口總值(含復出口),37,4800
2022-1,39100010,矽油,緬甸,出口總值(含復出口),23,2400
2022-1,39111010,石油樹脂,中國大陸,進口總值(含復進口),1200,689575
2022-1,39111010,石油樹脂,日本,進口總值(含復進口),220,90140
2022-1,39111010,石油樹脂,南韓,進口總值(含復進口),136,69400
2022-1,39111010,石油樹脂,美國,進口總值(含復進口),136,46395
2022-1,39111010,石油樹脂,泰國,進口總值(含復進口),40,21000
2022-1,39111010,石油樹脂,荷蘭,進口總值(含復進口),119,41000
2022-1,39111010,石油樹脂,新加坡,進口總值(含復進口),195,98975
2022-1,39111010,石油樹脂,土耳其,出口總值(含復出口),466,397000
2022-1,39111010,石油樹脂,中國大陸,出口總值(含復出口),2037,1114718
2022-1,39111010,石油樹脂,巴西,出口總值(含復出口),203,175000
2022-1,39111010,石油樹脂,巴基斯坦,出口總值(含復出口),6,5000
2022-1,39111010,石油樹脂,日本,出口總值(含復出口),848,586250
2022-1,39111010,石油樹脂,加拿大,出口總值(含復出口),313,300000
2022-1,39111010,石油樹脂,匈牙利,出口總值(含復出口),80,64000
2022-1,39111010,石油樹脂,印尼,出口總值(含復出口),510,338450
2022-1,39111010,石油樹脂,印度,出口總值(含復出口),597,500500
2022-1,39111010,石油樹脂,西班牙,出口總值(含復出口),73,72000
2022-1,39111010,石油樹脂,沙烏地阿拉伯,出口總值(含復出口),32,32000
2022-1,39111010,石油樹脂,孟加拉,出口總值(含復出口),27,21000
2022-1,39111010,石油樹脂,波蘭,出口總值(含復出口),22,22000
2022-1,39111010,石油樹脂,法國,出口總值(含復出口),103,91000
2022-1,39111010,石油樹脂,俄羅斯,出口總值(含復出口),59,49000
2022-1,39111010,石油樹脂,南非,出口總值(含復出口),39,40000
2022-1,39111010,石油樹脂,南韓,出口總值(含復出口),87,76000
2022-1,39111010,石油樹脂,柬埔寨,出口總值(含復出口),12,6000
2022-1,39111010,石油樹脂,美國,出口總值(含復出口),529,341000
2022-1,39111010,石油樹脂,香港,出口總值(含復出口),21,8800
2022-1,39111010,石油樹脂,泰國,出口總值(含復出口),399,307000
2022-1,39111010,石油樹脂,馬來西亞,出口總值(含復出口),212,146998
2022-1,39111010,石油樹脂,荷蘭,出口總值(含復出口),43,38000
2022-1,39111010,石油樹脂,斐濟,出口總值(含復出口),0,20
2022-1,39111010,石油樹脂,菲律賓,出口總值(含復出口),24,18000
2022-1,39111010,石油樹脂,象牙海岸,出口總值(含復出口),30,25000
2022-1,39111010,石油樹脂,越南,出口總值(含復出口),368,165010
2022-1,39111010,石油樹脂,義大利,出口總值(含復出口),42,32000
2022-1,39111010,石油樹脂,緬甸,出口總值(含復出口),90,114000
2022-1,39111010,石油樹脂,澳大利亞,出口總值(含復出口),135,94000
2022-1,39219010,玻璃纖維強化塑膠板、片及扁條,中國大陸,進口總值(含復進口),567,56345
2022-1,39219010,玻璃纖維強化塑膠板、片及扁條,中華民國,進口總值(含復進口),2,1065
2022-1,39219010,玻璃纖維強化塑膠板、片及扁條,日本,進口總值(含復進口),1284,6979
2022-1,39219010,玻璃纖維強化塑膠板、片及扁條,法國,進口總值(含復進口),48,2665
2022-1,39219010,玻璃纖維強化塑膠板、片及扁條,芬蘭,進口總值(含復進口),0,4
2022-1,39219010,玻璃纖維強化塑膠板、片及扁條,南韓,進口總值(含復進口),1611,131967
2022-1,39219010,玻璃纖維強化塑膠板、片及扁條,美國,進口總值(含復進口),138,3283
2022-1,39219010,玻璃纖維強化塑膠板、片及扁條,英國,進口總值(含復進口),1,143
2022-1,39219010,玻璃纖維強化塑膠板、片及扁條,泰國,進口總值(含復進口),20,3480
2022-1,39219010,玻璃纖維強化塑膠板、片及扁條,奧地利,進口總值(含復進口),4,102
2022-1,39219010,玻璃纖維強化塑膠板、片及扁條,愛爾蘭,進口總值(含復進口),13,181
2022-1,39219010,玻璃纖維強化塑膠板、片及扁條,德國,進口總值(含復進口),263,143323
2022-1,39219010,玻璃纖維強化塑膠板、片及扁條,墨西哥,進口總值(含復進口),12,229
2022-1,39219010,玻璃纖維強化塑膠板、片及扁條,羅馬尼亞,進口總值(含復進口),17,539
2022-1,39219010,玻璃纖維強化塑膠板、片及扁條,中國大陸,出口總值(含復出口),771,18116
2022-1,39219010,玻璃纖維強化塑膠板、片及扁條,日本,出口總值(含復出口),577,74524
2022-1,39219010,玻璃纖維強化塑膠板、片及扁條,伊朗,出口總值(含復出口),13,1560
2022-1,39219010,玻璃纖維強化塑膠板、片及扁條,印尼,出口總值(含復出口),11,1000
2022-1,39219010,玻璃纖維強化塑膠板、片及扁條,印度,出口總值(含復出口),170,23391
2022-1,39219010,玻璃纖維強化塑膠板、片及扁條,沙烏地阿拉伯,出口總值(含復出口),413,50518
2022-1,39219010,玻璃纖維強化塑膠板、片及扁條,阿拉伯聯合大公國,出口總值(含復出口),23,1025
2022-1,39219010,玻璃纖維強化塑膠板、片及扁條,俄羅斯,出口總值(含復出口),6,583
2022-1,39219010,玻璃纖維強化塑膠板、片及扁條,南韓,出口總值(含復出口),410,38848
2022-1,39219010,玻璃纖維強化塑膠板、片及扁條,美國,出口總值(含復出口),181,33937
2022-1,39219010,玻璃纖維強化塑膠板、片及扁條,香港,出口總值(含復出口),21,100
2022-1,39219010,玻璃纖維強化塑膠板、片及扁條,泰國,出口總值(含復出口),1535,194024
2022-1,39219010,玻璃纖維強化塑膠板、片及扁條,馬來西亞,出口總值(含復出口),420,67764
2022-1,39219010,玻璃纖維強化塑膠板、片及扁條,越南,出口總值(含復出口),308,30758
2022-1,39219010,玻璃纖維強化塑膠板、片及扁條,葡萄牙,出口總值(含復出口),15,409
2022-1,39219010,玻璃纖維強化塑膠板、片及扁條,德國,出口總值(含復出口),285,31191
2022-2,39095000,聚胺基甲酸乙酯，初級狀態,中國大陸,進口總值(含復進口),6016,1540766
2022-2,39095000,聚胺基甲酸乙酯，初級狀態,巴西,進口總值(含復進口),16,5400
2022-2,39095000,聚胺基甲酸乙酯，初級狀態,日本,進口總值(含復進口),1106,138392
2022-2,39095000,聚胺基甲酸乙酯，初級狀態,印尼,進口總值(含復進口),3,1152
2022-2,39095000,聚胺基甲酸乙酯，初級狀態,印度,進口總值(含復進口),81,22400
2022-2,39095000,聚胺基甲酸乙酯，初級狀態,西班牙,進口總值(含復進口),295,42700
2022-2,39095000,聚胺基甲酸乙酯，初級狀態,法國,進口總值(含復進口),49,2880
2022-2,39095000,聚胺基甲酸乙酯，初級狀態,南韓,進口總值(含復進口),503,145172
2022-2,39095000,聚胺基甲酸乙酯，初級狀態,美國,進口總值(含復進口),3602,296682
2022-2,39095000,聚胺基甲酸乙酯，初級狀態,英國,進口總值(含復進口),6,800
2022-2,39095000,聚胺基甲酸乙酯，初級狀態,泰國,進口總值(含復進口),15,4284
2022-2,39095000,聚胺基甲酸乙酯，初級狀態,荷蘭,進口總值(含復進口),63,7746
2022-2,39095000,聚胺基甲酸乙酯，初級狀態,越南,進口總值(含復進口),46,27000
2022-2,39095000,聚胺基甲酸乙酯，初級狀態,奧地利,進口總值(含復進口),4,285
2022-2,39095000,聚胺基甲酸乙酯，初級狀態,新加坡,進口總值(含復進口),44,11620
2022-2,39095000,聚胺基甲酸乙酯，初級狀態,瑞士,進口總值(含復進口),3,60
2022-2,39095000,聚胺基甲酸乙酯，初級狀態,義大利,進口總值(含復進口),112,18946
2022-2,39095000,聚胺基甲酸乙酯，初級狀態,德國,進口總值(含復進口),691,97099
2022-2,39095000,聚胺基甲酸乙酯，初級狀態,墨西哥,進口總值(含復進口),46,5600
2022-2,39095000,聚胺基甲酸乙酯，初級狀態,土耳其,出口總值(含復出口),118,33680
2022-2,39095000,聚胺基甲酸乙酯，初級狀態,中國大陸,出口總值(含復出口),12655,2993502
2022-2,39095000,聚胺基甲酸乙酯，初級狀態,巴西,出口總值(含復出口),323,75700
2022-2,39095000,聚胺基甲酸乙酯，初級狀態,日本,出口總值(含復出口),376,67415
2022-2,39095000,聚胺基甲酸乙酯，初級狀態,比利時,出口總值(含復出口),1000,203020
2022-2,39095000,聚胺基甲酸乙酯，初級狀態,印尼,出口總值(含復出口),2916,646825
2022-2,39095000,聚胺基甲酸乙酯，初級狀態,印度,出口總值(含復出口),1475,342653
2022-2,39095000,聚胺基甲酸乙酯，初級狀態,西班牙,出口總值(含復出口),154,30000
2022-2,39095000,聚胺基甲酸乙酯，初級狀態,沙烏地阿拉伯,出口總值(含復出口),22,10800
2022-2,39095000,聚胺基甲酸乙酯，初級狀態,孟加拉,出口總值(含復出口),298,58000
2022-2,39095000,聚胺基甲酸乙酯，初級狀態,肯亞,出口總值(含復出口),22,5000
2022-2,39095000,聚胺基甲酸乙酯，初級狀態,阿拉伯聯合大公國,出口總值(含復出口),61,12800
2022-2,39095000,聚胺基甲酸乙酯，初級狀態,阿根廷,出口總值(含復出口),65,15600
2022-2,39095000,聚胺基甲酸乙酯，初級狀態,南韓,出口總值(含復出口),425,108990
2022-2,39095000,聚胺基甲酸乙酯，初級狀態,柬埔寨,出口總值(含復出口),2,75
2022-2,39095000,聚胺基甲酸乙酯，初級狀態,約旦,出口總值(含復出口),2,1000
2022-2,39095000,聚胺基甲酸乙酯，初級狀態,美國,出口總值(含復出口),1161,183750
2022-2,39095000,聚胺基甲酸乙酯，初級狀態,英國,出口總值(含復出口),6,136
2022-2,39095000,聚胺基甲酸乙酯，初級狀態,香港,出口總值(含復出口),1900,363500
2022-2,39095000,聚胺基甲酸乙酯，初級狀態,泰國,出口總值(含復出口),900,257280
2022-2,39095000,聚胺基甲酸乙酯，初級狀態,馬來西亞,出口總值(含復出口),460,145169
2022-2,39095000,聚胺基甲酸乙酯，初級狀態,荷蘭,出口總值(含復出口),578,116700
2022-2,39095000,聚胺基甲酸乙酯，初級狀態,斯里蘭卡,出口總值(含復出口),7,840
2022-2,39095000,聚胺基甲酸乙酯，初級狀態,菲律賓,出口總值(含復出口),59,13740
2022-2,39095000,聚胺基甲酸乙酯，初級狀態,越南,出口總值(含復出口),13198,2828399
2022-2,39095000,聚胺基甲酸乙酯，初級狀態,新加坡,出口總值(含復出口),182,47935
2022-2,39095000,聚胺基甲酸乙酯，初級狀態,瑞典,出口總值(含復出口),79,16000
2022-2,39095000,聚胺基甲酸乙酯，初級狀態,義大利,出口總值(含復出口),91,25000
2022-2,39095000,聚胺基甲酸乙酯，初級狀態,德國,出口總值(含復出口),15,3000
2022-2,39095000,聚胺基甲酸乙酯，初級狀態,緬甸,出口總值(含復出口),24,6000
2022-2,39095000,聚胺基甲酸乙酯，初級狀態,墨西哥,出口總值(含復出口),62,18500
2022-2,39095000,聚胺基甲酸乙酯，初級狀態,澳大利亞,出口總值(含復出口),68,16330
2022-2,39100010,矽油,中國大陸,進口總值(含復進口),2656,540331
2022-2,39100010,矽油,日本,進口總值(含復進口),1422,132089
2022-2,39100010,矽油,比利時,進口總值(含復進口),0,2
2022-2,39100010,矽油,印度,進口總值(含復進口),37,3960
2022-2,39100010,矽油,法國,進口總值(含復進口),5,525
2022-2,39100010,矽油,南韓,進口總值(含復進口),26,684
2022-2,39100010,矽油,美國,進口總值(含復進口),302,14743
2022-2,39100010,矽油,英國,進口總值(含復進口),0,1
2022-2,39100010,矽油,泰國,進口總值(含復進口),462,69480
2022-2,39100010,矽油,義大利,進口總值(含復進口),0,20
2022-2,39100010,矽油,德國,進口總值(含復進口),6,200
2022-2,39100010,矽油,中國大陸,出口總值(含復出口),372,35067
2022-2,39100010,矽油,丹麥,出口總值(含復出口),12,770
2022-2,39100010,矽油,印尼,出口總值(含復出口),51,5940
2022-2,39100010,矽油,印度,出口總值(含復出口),12,1466
2022-2,39100010,矽油,美國,出口總值(含復出口),21,1000
2022-2,39100010,矽油,香港,出口總值(含復出口),2,34
2022-2,39100010,矽油,泰國,出口總值(含復出口),55,4368
2022-2,39100010,矽油,馬來西亞,出口總值(含復出口),7,1025
2022-2,39100010,矽油,越南,出口總值(含復出口),16,2254
2022-2,39100010,矽油,薩爾瓦多,出口總值(含復出口),16,2000
2022-2,39111010,石油樹脂,中國大陸,進口總值(含復進口),562,241645
2022-2,39111010,石油樹脂,日本,進口總值(含復進口),349,107006
2022-2,39111010,石油樹脂,南韓,進口總值(含復進口),46,30000
2022-2,39111010,石油樹脂,美國,進口總值(含復進口),88,30761
2022-2,39111010,石油樹脂,泰國,進口總值(含復進口),230,95000
2022-2,39111010,石油樹脂,荷蘭,進口總值(含復進口),114,40000
2022-2,39111010,石油樹脂,新加坡,進口總值(含復進口),117,58475
2022-2,39111010,石油樹脂,土耳其,出口總值(含復出口),90,89000
2022-2,39111010,石油樹脂,中國大陸,出口總值(含復出口),4335,2444450
2022-2,39111010,石油樹脂,巴西,出口總值(含復出口),61,39000
2022-2,39111010,石油樹脂,日本,出口總值(含復出口),673,451100
2022-2,39111010,石油樹脂,加拿大,出口總值(含復出口),90,70000
2022-2,39111010,石油樹脂,印尼,出口總值(含復出口),1700,1023150
2022-2,39111010,石油樹脂,印度,出口總值(含復出口),551,502000
2022-2,39111010,石油樹脂,西班牙,出口總值(含復出口),767,744000
2022-2,39111010,石油樹脂,沙烏地阿拉伯,出口總值(含復出口),84,80000
2022-2,39111010,石油樹脂,孟加拉,出口總值(含復出口),95,50000
2022-2,39111010,石油樹脂,法國,出口總值(含復出口),212,175000
2022-2,39111010,石油樹脂,南非,出口總值(含復出口),53,47000
2022-2,39111010,石油樹脂,南韓,出口總值(含復出口),87,73000
2022-2,39111010,石油樹脂,柬埔寨,出口總值(含復出口),50,24000
2022-2,39111010,石油樹脂,美國,出口總值(含復出口),604,337500
2022-2,39111010,石油樹脂,英國,出口總值(含復出口),22,16000
2022-2,39111010,石油樹脂,泰國,出口總值(含復出口),307,251000
2022-2,39111010,石油樹脂,馬來西亞,出口總值(含復出口),527,400825
2022-2,39111010,石油樹脂,菲律賓,出口總值(含復出口),35,15000
2022-2,39111010,石油樹脂,象牙海岸,出口總值(含復出口),60,50000
2022-2,39111010,石油樹脂,越南,出口總值(含復出口),555,299760
2022-2,39111010,石油樹脂,義大利,出口總值(含復出口),21,16000
2022-2,39111010,石油樹脂,緬甸,出口總值(含復出口),156,190000
2022-2,39111010,石油樹脂,澳大利亞,出口總值(含復出口),297,205000
2022-2,39219010,玻璃纖維強化塑膠板、片及扁條,中國大陸,進口總值(含復進口),389,37011
2022-2,39219010,玻璃纖維強化塑膠板、片及扁條,日本,進口總值(含復進口),1405,10042
2022-2,39219010,玻璃纖維強化塑膠板、片及扁條,法國,進口總值(含復進口),2,40
2022-2,39219010,玻璃纖維強化塑膠板、片及扁條,南韓,進口總值(含復進口),1467,70474
2022-2,39219010,玻璃纖維強化塑膠板、片及扁條,美國,進口總值(含復進口),81,2489
2022-2,39219010,玻璃纖維強化塑膠板、片及扁條,英國,進口總值(含復進口),9,165
2022-2,39219010,玻璃纖維強化塑膠板、片及扁條,香港,進口總值(含復進口),7,37
2022-2,39219010,玻璃纖維強化塑膠板、片及扁條,泰國,進口總值(含復進口),108,18560
2022-2,39219010,玻璃纖維強化塑膠板、片及扁條,奧地利,進口總值(含復進口),5,90
2022-2,39219010,玻璃纖維強化塑膠板、片及扁條,愛爾蘭,進口總值(含復進口),36,527
2022-2,39219010,玻璃纖維強化塑膠板、片及扁條,德國,進口總值(含復進口),0,5
2022-2,39219010,玻璃纖維強化塑膠板、片及扁條,中國大陸,出口總值(含復出口),755,16595
2022-2,39219010,玻璃纖維強化塑膠板、片及扁條,丹麥,出口總值(含復出口),389,23596
2022-2,39219010,玻璃纖維強化塑膠板、片及扁條,日本,出口總值(含復出口),407,49479
2022-2,39219010,玻璃纖維強化塑膠板、片及扁條,瓜地馬拉,出口總值(含復出口),20,1673
2022-2,39219010,玻璃纖維強化塑膠板、片及扁條,伊朗,出口總值(含復出口),13,1560
2022-2,39219010,玻璃纖維強化塑膠板、片及扁條,印尼,出口總值(含復出口),64,4403
2022-2,39219010,玻璃纖維強化塑膠板、片及扁條,印度,出口總值(含復出口),81,28784
2022-2,39219010,玻璃纖維強化塑膠板、片及扁條,沙烏地阿拉伯,出口總值(含復出口),36,6698
2022-2,39219010,玻璃纖維強化塑膠板、片及扁條,南韓,出口總值(含復出口),520,47035
2022-2,39219010,玻璃纖維強化塑膠板、片及扁條,美國,出口總值(含復出口),81,9051
2022-2,39219010,玻璃纖維強化塑膠板、片及扁條,香港,出口總值(含復出口),53,483
2022-2,39219010,玻璃纖維強化塑膠板、片及扁條,泰國,出口總值(含復出口),1402,188312
2022-2,39219010,玻璃纖維強化塑膠板、片及扁條,馬來西亞,出口總值(含復出口),14,1432
2022-2,39219010,玻璃纖維強化塑膠板、片及扁條,菲律賓,出口總值(含復出口),26,1097
2022-2,39219010,玻璃纖維強化塑膠板、片及扁條,越南,出口總值(含復出口),321,35345
2022-2,39219010,玻璃纖維強化塑膠板、片及扁條,新加坡,出口總值(含復出口),6,452
2022-2,39219010,玻璃纖維強化塑膠板、片及扁條,義大利,出口總值(含復出口),284,47874
2022-2,39219010,玻璃纖維強化塑膠板、片及扁條,德國,出口總值(含復出口),123,18152
2022-3,39095000,聚胺基甲酸乙酯，初級狀態,中國大陸,進口總值(含復進口),13014,2640159
2022-3,39095000,聚胺基甲酸乙酯，初級狀態,中華民國,進口總值(含復進口),3,819
2022-3,39095000,聚胺基甲酸乙酯，初級狀態,日本,進口總值(含復進口),1061,144220
2022-3,39095000,聚胺基甲酸乙酯，初級狀態,比利時,進口總值(含復進口),42,5300
2022-3,39095000,聚胺基甲酸乙酯，初級狀態,印尼,進口總值(含復進口),35,11520
2022-3,39095000,聚胺基甲酸乙酯，初級狀態,西班牙,進口總值(含復進口),141,30420
2022-3,39095000,聚胺基甲酸乙酯，初級狀態,希臘,進口總值(含復進口),16,3590
2022-3,39095000,聚胺基甲酸乙酯，初級狀態,法國,進口總值(含復進口),166,15850
2022-3,39095000,聚胺基甲酸乙酯，初級狀態,南韓,進口總值(含復進口),294,78662
2022-3,39095000,聚胺基甲酸乙酯，初級狀態,美國,進口總值(含復進口),1340,145778
2022-3,39095000,聚胺基甲酸乙酯，初級狀態,泰國,進口總值(含復進口),2,480
2022-3,39095000,聚胺基甲酸乙酯，初級狀態,荷蘭,進口總值(含復進口),97,10200
2022-3,39095000,聚胺基甲酸乙酯，初級狀態,越南,進口總值(含復進口),69,56200
2022-3,39095000,聚胺基甲酸乙酯，初級狀態,新加坡,進口總值(含復進口),163,35787
2022-3,39095000,聚胺基甲酸乙酯，初級狀態,瑞士,進口總值(含復進口),21,2808
2022-3,39095000,聚胺基甲酸乙酯，初級狀態,義大利,進口總值(含復進口),199,28480
2022-3,39095000,聚胺基甲酸乙酯，初級狀態,德國,進口總值(含復進口),855,134826
2022-3,39095000,聚胺基甲酸乙酯，初級狀態,澳大利亞,進口總值(含復進口),44,5080
2022-3,39095000,聚胺基甲酸乙酯，初級狀態,土耳其,出口總值(含復出口),442,142150
2022-3,39095000,聚胺基甲酸乙酯，初級狀態,中國大陸,出口總值(含復出口),16606,3715880
2022-3,39095000,聚胺基甲酸乙酯，初級狀態,巴西,出口總值(含復出口),520,100880
2022-3,39095000,聚胺基甲酸乙酯，初級狀態,日本,出口總值(含復出口),480,83435
2022-3,39095000,聚胺基甲酸乙酯，初級狀態,比利時,出口總值(含復出口),918,195320
2022-3,39095000,聚胺基甲酸乙酯，初級狀態,印尼,出口總值(含復出口),2868,517980
2022-3,39095000,聚胺基甲酸乙酯，初級狀態,印度,出口總值(含復出口),1667,335302
2022-3,39095000,聚胺基甲酸乙酯，初級狀態,西班牙,出口總值(含復出口),168,45000
2022-3,39095000,聚胺基甲酸乙酯，初級狀態,希臘,出口總值(含復出口),0,280
2022-3,39095000,聚胺基甲酸乙酯，初級狀態,沙烏地阿拉伯,出口總值(含復出口),27,5000
2022-3,39095000,聚胺基甲酸乙酯，初級狀態,孟加拉,出口總值(含復出口),443,91660
2022-3,39095000,聚胺基甲酸乙酯，初級狀態,阿拉伯聯合大公國,出口總值(含復出口),109,16960
2022-3,39095000,聚胺基甲酸乙酯，初級狀態,南非,出口總值(含復出口),65,15900
2022-3,39095000,聚胺基甲酸乙酯，初級狀態,南韓,出口總值(含復出口),982,240379
2022-3,39095000,聚胺基甲酸乙酯，初級狀態,柬埔寨,出口總值(含復出口),7,1500
2022-3,39095000,聚胺基甲酸乙酯，初級狀態,美國,出口總值(含復出口),1819,326710
2022-3,39095000,聚胺基甲酸乙酯，初級狀態,香港,出口總值(含復出口),2274,409395
2022-3,39095000,聚胺基甲酸乙酯，初級狀態,哥倫比亞,出口總值(含復出口),11,2400
2022-3,39095000,聚胺基甲酸乙酯，初級狀態,泰國,出口總值(含復出口),1805,548650
2022-3,39095000,聚胺基甲酸乙酯，初級狀態,烏拉圭,出口總值(含復出口),4,1000
2022-3,39095000,聚胺基甲酸乙酯，初級狀態,秘魯,出口總值(含復出口),10,1980
2022-3,39095000,聚胺基甲酸乙酯，初級狀態,馬來西亞,出口總值(含復出口),534,180593
2022-3,39095000,聚胺基甲酸乙酯，初級狀態,荷蘭,出口總值(含復出口),302,66200
2022-3,39095000,聚胺基甲酸乙酯，初級狀態,斯里蘭卡,出口總值(含復出口),20,3720
2022-3,39095000,聚胺基甲酸乙酯，初級狀態,斯洛維尼亞,出口總值(含復出口),14,3000
2022-3,39095000,聚胺基甲酸乙酯，初級狀態,智利,出口總值(含復出口),37,8000
2022-3,39095000,聚胺基甲酸乙酯，初級狀態,菲律賓,出口總值(含復出口),158,37128
2022-3,39095000,聚胺基甲酸乙酯，初級狀態,越南,出口總值(含復出口),16660,3641164
2022-3,39095000,聚胺基甲酸乙酯，初級狀態,新加坡,出口總值(含復出口),59,14790
2022-3,39095000,聚胺基甲酸乙酯，初級狀態,瑞典,出口總值(含復出口),105,17500
2022-3,39095000,聚胺基甲酸乙酯，初級狀態,義大利,出口總值(含復出口),146,40000
2022-3,39095000,聚胺基甲酸乙酯，初級狀態,葡萄牙,出口總值(含復出口),65,15000
2022-3,39095000,聚胺基甲酸乙酯，初級狀態,德國,出口總值(含復出口),183,43700
2022-3,39095000,聚胺基甲酸乙酯，初級狀態,黎巴嫩,出口總值(含復出口),61,15125
2022-3,39095000,聚胺基甲酸乙酯，初級狀態,墨西哥,出口總值(含復出口),23,7500
2022-3,39095000,聚胺基甲酸乙酯，初級狀態,澳大利亞,出口總值(含復出口),18,4000
2022-3,39100010,矽油,中國大陸,進口總值(含復進口),4810,920504
2022-3,39100010,矽油,日本,進口總值(含復進口),1310,118917
2022-3,39100010,矽油,加拿大,進口總值(含復進口),187,10389
2022-3,39100010,矽油,法國,進口總值(含復進口),26,4000
2022-3,39100010,矽油,南韓,進口總值(含復進口),27,799
2022-3,39100010,矽油,美國,進口總值(含復進口),681,13247
2022-3,39100010,矽油,英國,進口總值(含復進口),5,202
2022-3,39100010,矽油,泰國,進口總值(含復進口),215,36850
2022-3,39100010,矽油,德國,進口總值(含復進口),189,17900
2022-3,39100010,矽油,中國大陸,出口總值(含復出口),1077,96248
2022-3,39100010,矽油,丹麥,出口總值(含復出口),12,770
2022-3,39100010,矽油,巴基斯坦,出口總值(含復出口),36,13295
2022-3,39100010,矽油,印尼,出口總值(含復出口),4,430
2022-3,39100010,矽油,香港,出口總值(含復出口),10,740
2022-3,39100010,矽油,泰國,出口總值(含復出口),2,200
2022-3,39100010,矽油,馬來西亞,出口總值(含復出口),29,2400
2022-3,39100010,矽油,越南,出口總值(含復出口),34,5710
2022-3,39100010,矽油,德國,出口總值(含復出口),50,6400
2022-3,39100010,矽油,澳大利亞,出口總值(含復出口),5,190
2022-3,39100010,矽油,薩爾瓦多,出口總值(含復出口),24,3000
2022-3,39111010,石油樹脂,中國大陸,進口總值(含復進口),1851,1067500
2022-3,39111010,石油樹脂,日本,進口總值(含復進口),503,164695
2022-3,39111010,石油樹脂,法國,進口總值(含復進口),98,32250
2022-3,39111010,石油樹脂,南韓,進口總值(含復進口),84,41300
2022-3,39111010,石油樹脂,美國,進口總值(含復進口),76,22839
2022-3,39111010,石油樹脂,泰國,進口總值(含復進口),361,150000
2022-3,39111010,石油樹脂,荷蘭,進口總值(含復進口),54,20000
2022-3,39111010,石油樹脂,新加坡,進口總值(含復進口),305,139450
2022-3,39111010,石油樹脂,土耳其,出口總值(含復出口),147,127000
2022-3,39111010,石油樹脂,中國大陸,出口總值(含復出口),4300,2442375
2022-3,39111010,石油樹脂,厄瓜多,出口總值(含復出口),21,16000
2022-3,39111010,石油樹脂,巴西,出口總值(含復出口),40,50000
2022-3,39111010,石油樹脂,日本,出口總值(含復出口),571,382750
2022-3,39111010,石油樹脂,比利時,出口總值(含復出口),43,44000
2022-3,39111010,石油樹脂,加拿大,出口總值(含復出口),143,150000
2022-3,39111010,石油樹脂,印尼,出口總值(含復出口),828,439550
2022-3,39111010,石油樹脂,印度,出口總值(含復出口),1045,1027780
2022-3,39111010,石油樹脂,西班牙,出口總值(含復出口),263,240000
2022-3,39111010,石油樹脂,沙烏地阿拉伯,出口總值(含復出口),152,128000
2022-3,39111010,石油樹脂,孟加拉,出口總值(含復出口),193,190000
2022-3,39111010,石油樹脂,波蘭,出口總值(含復出口),108,110000
2022-3,39111010,石油樹脂,法國,出口總值(含復出口),281,230000
2022-3,39111010,石油樹脂,南非,出口總值(含復出口),39,36500
2022-3,39111010,石油樹脂,南韓,出口總值(含復出口),155,122000
2022-3,39111010,石油樹脂,柬埔寨,出口總值(含復出口),10,5000
2022-3,39111010,石油樹脂,美國,出口總值(含復出口),719,367250
2022-3,39111010,石油樹脂,香港,出口總值(含復出口),4,2000
2022-3,39111010,石油樹脂,哥倫比亞,出口總值(含復出口),12,12000
2022-3,39111010,石油樹脂,泰國,出口總值(含復出口),242,184000
2022-3,39111010,石油樹脂,馬來西亞,出口總值(含復出口),319,293500
2022-3,39111010,石油樹脂,荷蘭,出口總值(含復出口),102,89000
2022-3,39111010,石油樹脂,菲律賓,出口總值(含復出口),26,11400
2022-3,39111010,石油樹脂,越南,出口總值(含復出口),1186,688515
2022-3,39111010,石油樹脂,瑞典,出口總值(含復出口),80,60000
2022-3,39111010,石油樹脂,義大利,出口總值(含復出口),120,79250
2022-3,39111010,石油樹脂,德國,出口總值(含復出口),135,128000
2022-3,39111010,石油樹脂,緬甸,出口總值(含復出口),93,116000
2022-3,39111010,石油樹脂,澳大利亞,出口總值(含復出口),228,154000
2022-3,39219010,玻璃纖維強化塑膠板、片及扁條,中國大陸,進口總值(含復進口),604,67296
2022-3,39219010,玻璃纖維強化塑膠板、片及扁條,日本,進口總值(含復進口),1315,14834
2022-3,39219010,玻璃纖維強化塑膠板、片及扁條,法國,進口總值(含復進口),142,11464
2022-3,39219010,玻璃纖維強化塑膠板、片及扁條,南韓,進口總值(含復進口),1306,146708
2022-3,39219010,玻璃纖維強化塑膠板、片及扁條,美國,進口總值(含復進口),149,3357
2022-3,39219010,玻璃纖維強化塑膠板、片及扁條,英國,進口總值(含復進口),1,43
2022-3,39219010,玻璃纖維強化塑膠板、片及扁條,泰國,進口總值(含復進口),140,11674
2022-3,39219010,玻璃纖維強化塑膠板、片及扁條,馬來西亞,進口總值(含復進口),176,11710
2022-3,39219010,玻璃纖維強化塑膠板、片及扁條,奧地利,進口總值(含復進口),9,316
2022-3,39219010,玻璃纖維強化塑膠板、片及扁條,愛爾蘭,進口總值(含復進口),9,144
2022-3,39219010,玻璃纖維強化塑膠板、片及扁條,瑞典,進口總值(含復進口),0,0
2022-3,39219010,玻璃纖維強化塑膠板、片及扁條,義大利,進口總值(含復進口),3,16
2022-3,39219010,玻璃纖維強化塑膠板、片及扁條,德國,進口總值(含復進口),45,3351
2022-3,39219010,玻璃纖維強化塑膠板、片及扁條,墨西哥,進口總值(含復進口),27,523
2022-3,39219010,玻璃纖維強化塑膠板、片及扁條,盧森堡,進口總值(含復進口),54,319
2022-3,39219010,玻璃纖維強化塑膠板、片及扁條,中國大陸,出口總值(含復出口),1374,31542
2022-3,39219010,玻璃纖維強化塑膠板、片及扁條,丹麥,出口總值(含復出口),381,23588
2022-3,39219010,玻璃纖維強化塑膠板、片及扁條,日本,出口總值(含復出口),399,49707
2022-3,39219010,玻璃纖維強化塑膠板、片及扁條,卡達,出口總值(含復出口),4,250
2022-3,39219010,玻璃纖維強化塑膠板、片及扁條,瓜地馬拉,出口總值(含復出口),15,881
2022-3,39219010,玻璃纖維強化塑膠板、片及扁條,伊朗,出口總值(含復出口),9,1040
2022-3,39219010,玻璃纖維強化塑膠板、片及扁條,印尼,出口總值(含復出口),8,472
2022-3,39219010,玻璃纖維強化塑膠板、片及扁條,印度,出口總值(含復出口),13,928
2022-3,39219010,玻璃纖維強化塑膠板、片及扁條,沙烏地阿拉伯,出口總值(含復出口),31,6036
2022-3,39219010,玻璃纖維強化塑膠板、片及扁條,阿拉伯聯合大公國,出口總值(含復出口),5,30
2022-3,39219010,玻璃纖維強化塑膠板、片及扁條,俄羅斯,出口總值(含復出口),18,1775
2022-3,39219010,玻璃纖維強化塑膠板、片及扁條,南韓,出口總值(含復出口),312,24950
2022-3,39219010,玻璃纖維強化塑膠板、片及扁條,美國,出口總值(含復出口),194,34136
2022-3,39219010,玻璃纖維強化塑膠板、片及扁條,泰國,出口總值(含復出口),1893,261093
2022-3,39219010,玻璃纖維強化塑膠板、片及扁條,馬來西亞,出口總值(含復出口),177,24764
2022-3,39219010,玻璃纖維強化塑膠板、片及扁條,斯里蘭卡,出口總值(含復出口),16,800
2022-3,39219010,玻璃纖維強化塑膠板、片及扁條,越南,出口總值(含復出口),561,59393
2022-3,39219010,玻璃纖維強化塑膠板、片及扁條,新加坡,出口總值(含復出口),3,271
2022-3,39219010,玻璃纖維強化塑膠板、片及扁條,義大利,出口總值(含復出口),118,19971
2022-3,39219010,玻璃纖維強化塑膠板、片及扁條,葡萄牙,出口總值(含復出口),30,819
2022-3,39219010,玻璃纖維強化塑膠板、片及扁條,德國,出口總值(含復出口),168,13494
2022-3,39219010,玻璃纖維強化塑膠板、片及扁條,墨西哥,出口總值(含復出口),14,1844
2022-4,39095000,聚胺基甲酸乙酯，初級狀態,中國大陸,進口總值(含復進口),5346,1183442
2022-4,39095000,聚胺基甲酸乙酯，初級狀態,中華民國,進口總值(含復進口),143,49338
2022-4,39095000,聚胺基甲酸乙酯，初級狀態,日本,進口總值(含復進口),1267,150095
2022-4,39095000,聚胺基甲酸乙酯，初級狀態,比利時,進口總值(含復進口),95,11090
2022-4,39095000,聚胺基甲酸乙酯，初級狀態,加拿大,進口總值(含復進口),56,2261
2022-4,39095000,聚胺基甲酸乙酯，初級狀態,印度,進口總值(含復進口),80,22400
2022-4,39095000,聚胺基甲酸乙酯，初級狀態,西班牙,進口總值(含復進口),198,24050
2022-4,39095000,聚胺基甲酸乙酯，初級狀態,法國,進口總值(含復進口),246,22768
2022-4,39095000,聚胺基甲酸乙酯，初級狀態,南韓,進口總值(含復進口),781,159692
2022-4,39095000,聚胺基甲酸乙酯，初級狀態,美國,進口總值(含復進口),2969,249431
2022-4,39095000,聚胺基甲酸乙酯，初級狀態,英國,進口總值(含復進口),18,4400
2022-4,39095000,聚胺基甲酸乙酯，初級狀態,荷蘭,進口總值(含復進口),52,5000
2022-4,39095000,聚胺基甲酸乙酯，初級狀態,越南,進口總值(含復進口),22,5400
2022-4,39095000,聚胺基甲酸乙酯，初級狀態,新加坡,進口總值(含復進口),145,33600
2022-4,39095000,聚胺基甲酸乙酯，初級狀態,瑞士,進口總值(含復進口),9,660
2022-4,39095000,聚胺基甲酸乙酯，初級狀態,義大利,進口總值(含復進口),226,35210
2022-4,39095000,聚胺基甲酸乙酯，初級狀態,德國,進口總值(含復進口),1053,159258
2022-4,39095000,聚胺基甲酸乙酯，初級狀態,墨西哥,進口總值(含復進口),4,350
2022-4,39095000,聚胺基甲酸乙酯，初級狀態,土耳其,出口總值(含復出口),139,37000
2022-4,39095000,聚胺基甲酸乙酯，初級狀態,中國大陸,出口總值(含復出口),15730,3452252
2022-4,39095000,聚胺基甲酸乙酯，初級狀態,巴西,出口總值(含復出口),286,56340
2022-4,39095000,聚胺基甲酸乙酯，初級狀態,巴基斯坦,出口總值(含復出口),25,7920
2022-4,39095000,聚胺基甲酸乙酯，初級狀態,日本,出口總值(含復出口),277,44902
2022-4,39095000,聚胺基甲酸乙酯，初級狀態,比利時,出口總值(含復出口),850,166320
2022-4,39095000,聚胺基甲酸乙酯，初級狀態,加拿大,出口總值(含復出口),5,592
2022-4,39095000,聚胺基甲酸乙酯，初級狀態,卡達,出口總值(含復出口),73,17600
2022-4,39095000,聚胺基甲酸乙酯，初級狀態,印尼,出口總值(含復出口),1548,398761
2022-4,39095000,聚胺基甲酸乙酯，初級狀態,印度,出口總值(含復出口),1774,388760
2022-4,39095000,聚胺基甲酸乙酯，初級狀態,多明尼加,出口總值(含復出口),1,100
2022-4,39095000,聚胺基甲酸乙酯，初級狀態,西班牙,出口總值(含復出口),279,45000
2022-4,39095000,聚胺基甲酸乙酯，初級狀態,沙烏地阿拉伯,出口總值(含復出口),54,20736
2022-4,39095000,聚胺基甲酸乙酯，初級狀態,孟加拉,出口總值(含復出口),126,27092
2022-4,39095000,聚胺基甲酸乙酯，初級狀態,法國,出口總值(含復出口),11,2258
2022-4,39095000,聚胺基甲酸乙酯，初級狀態,阿根廷,出口總值(含復出口),3,400
2022-4,39095000,聚胺基甲酸乙酯，初級狀態,南非,出口總值(含復出口),10,1200
2022-4,39095000,聚胺基甲酸乙酯，初級狀態,南韓,出口總值(含復出口),666,140437
2022-4,39095000,聚胺基甲酸乙酯，初級狀態,柬埔寨,出口總值(含復出口),0,8
2022-4,39095000,聚胺基甲酸乙酯，初級狀態,約旦,出口總值(含復出口),68,17000
2022-4,39095000,聚胺基甲酸乙酯，初級狀態,美國,出口總值(含復出口),1735,294580
2022-4,39095000,聚胺基甲酸乙酯，初級狀態,香港,出口總值(含復出口),1183,177107
2022-4,39095000,聚胺基甲酸乙酯，初級狀態,哥斯大黎加,出口總值(含復出口),7,802
2022-4,39095000,聚胺基甲酸乙酯，初級狀態,泰國,出口總值(含復出口),1416,364333
2022-4,39095000,聚胺基甲酸乙酯，初級狀態,秘魯,出口總值(含復出口),2,240
2022-4,39095000,聚胺基甲酸乙酯，初級狀態,馬來西亞,出口總值(含復出口),629,183850
2022-4,39095000,聚胺基甲酸乙酯，初級狀態,荷蘭,出口總值(含復出口),943,176230
2022-4,39095000,聚胺基甲酸乙酯，初級狀態,斐濟,出口總值(含復出口),15,720
2022-4,39095000,聚胺基甲酸乙酯，初級狀態,斯里蘭卡,出口總值(含復出口),15,3000
2022-4,39095000,聚胺基甲酸乙酯，初級狀態,菲律賓,出口總值(含復出口),155,40888
2022-4,39095000,聚胺基甲酸乙酯，初級狀態,越南,出口總值(含復出口),12532,2655684
2022-4,39095000,聚胺基甲酸乙酯，初級狀態,新加坡,出口總值(含復出口),245,58410
2022-4,39095000,聚胺基甲酸乙酯，初級狀態,瑞典,出口總值(含復出口),128,25000
2022-4,39095000,聚胺基甲酸乙酯，初級狀態,墨西哥,出口總值(含復出口),187,42000
2022-4,39095000,聚胺基甲酸乙酯，初級狀態,澳大利亞,出口總值(含復出口),37,12000
2022-4,39095000,聚胺基甲酸乙酯，初級狀態,澳門,出口總值(含復出口),4,1440
2022-4,39100010,矽油,中國大陸,進口總值(含復進口),2508,471775
2022-4,39100010,矽油,日本,進口總值(含復進口),4019,416548
2022-4,39100010,矽油,法國,進口總值(含復進口),9,350
2022-4,39100010,矽油,南韓,進口總值(含復進口),52,2096
2022-4,39100010,矽油,美國,進口總值(含復進口),517,4109
2022-4,39100010,矽油,英國,進口總值(含復進口),0,0
2022-4,39100010,矽油,泰國,進口總值(含復進口),873,158850
2022-4,39100010,矽油,義大利,進口總值(含復進口),77,15700
2022-4,39100010,矽油,德國,進口總值(含復進口),561,73296
2022-4,39100010,矽油,中國大陸,出口總值(含復出口),344,25459
2022-4,39100010,矽油,印尼,出口總值(含復出口),9,400
2022-4,39100010,矽油,印度,出口總值(含復出口),5,600
2022-4,39100010,矽油,孟加拉,出口總值(含復出口),76,60720
2022-4,39100010,矽油,馬來西亞,出口總值(含復出口),50,3200
2022-4,39100010,矽油,越南,出口總值(含復出口),48,9714
2022-4,39100010,矽油,新加坡,出口總值(含復出口),3,19
2022-4,39111010,石油樹脂,中國大陸,進口總值(含復進口),1453,831545
2022-4,39111010,石油樹脂,日本,進口總值(含復進口),587,184660
2022-4,39111010,石油樹脂,法國,進口總值(含復進口),61,24000
2022-4,39111010,石油樹脂,南韓,進口總值(含復進口),207,105200
2022-4,39111010,石油樹脂,美國,進口總值(含復進口),155,44244
2022-4,39111010,石油樹脂,泰國,進口總值(含復進口),243,98000
2022-4,39111010,石油樹脂,新加坡,進口總值(含復進口),282,119225
2022-4,39111010,石油樹脂,德國,進口總值(含復進口),6,2000
2022-4,39111010,石油樹脂,土耳其,出口總值(含復出口),78,70000
2022-4,39111010,石油樹脂,中國大陸,出口總值(含復出口),2785,1546125
2022-4,39111010,石油樹脂,巴西,出口總值(含復出口),31,25000
2022-4,39111010,石油樹脂,日本,出口總值(含復出口),435,277700
2022-4,39111010,石油樹脂,加拿大,出口總值(含復出口),138,98000
2022-4,39111010,石油樹脂,印尼,出口總值(含復出口),485,288700
2022-4,39111010,石油樹脂,印度,出口總值(含復出口),799,676980
2022-4,39111010,石油樹脂,西班牙,出口總值(含復出口),480,456000
2022-4,39111010,石油樹脂,希臘,出口總值(含復出口),19,16000
2022-4,39111010,石油樹脂,沙烏地阿拉伯,出口總值(含復出口),74,48000
2022-4,39111010,石油樹脂,孟加拉,出口總值(含復出口),77,76000
2022-4,39111010,石油樹脂,法國,出口總值(含復出口),172,141000
2022-4,39111010,石油樹脂,南非,出口總值(含復出口),22,19000
2022-4,39111010,石油樹脂,南韓,出口總值(含復出口),130,109125
2022-4,39111010,石油樹脂,柬埔寨,出口總值(含復出口),17,8000
2022-4,39111010,石油樹脂,美國,出口總值(含復出口),986,536250
2022-4,39111010,石油樹脂,英國,出口總值(含復出口),133,96000
2022-4,39111010,石油樹脂,泰國,出口總值(含復出口),313,279000
2022-4,39111010,石油樹脂,馬來西亞,出口總值(含復出口),317,220000
2022-4,39111010,石油樹脂,荷蘭,出口總值(含復出口),511,519000
2022-4,39111010,石油樹脂,斯里蘭卡,出口總值(含復出口),7,5000
2022-4,39111010,石油樹脂,菲律賓,出口總值(含復出口),107,74000
2022-4,39111010,石油樹脂,越南,出口總值(含復出口),1297,672920
2022-4,39111010,石油樹脂,新加坡,出口總值(含復出口),21,19000
2022-4,39111010,石油樹脂,義大利,出口總值(含復出口),25,16000
2022-4,39111010,石油樹脂,德國,出口總值(含復出口),107,97000
2022-4,39111010,石油樹脂,澳大利亞,出口總值(含復出口),194,120000
2022-4,39219010,玻璃纖維強化塑膠板、片及扁條,土耳其,進口總值(含復進口),94,25200
2022-4,39219010,玻璃纖維強化塑膠板、片及扁條,中國大陸,進口總值(含復進口),418,28555
2022-4,39219010,玻璃纖維強化塑膠板、片及扁條,日本,進口總值(含復進口),978,12923
2022-4,39219010,玻璃纖維強化塑膠板、片及扁條,匈牙利,進口總值(含復進口),1,6
2022-4,39219010,玻璃纖維強化塑膠板、片及扁條,法國,進口總值(含復進口),18,326
2022-4,39219010,玻璃纖維強化塑膠板、片及扁條,南韓,進口總值(含復進口),855,33673
2022-4,39219010,玻璃纖維強化塑膠板、片及扁條,美國,進口總值(含復進口),131,8427
2022-4,39219010,玻璃纖維強化塑膠板、片及扁條,香港,進口總值(含復進口),9,21
2022-4,39219010,玻璃纖維強化塑膠板、片及扁條,泰國,進口總值(含復進口),144,22107
2022-4,39219010,玻璃纖維強化塑膠板、片及扁條,馬來西亞,進口總值(含復進口),61,5290
2022-4,39219010,玻璃纖維強化塑膠板、片及扁條,捷克,進口總值(含復進口),1,4
2022-4,39219010,玻璃纖維強化塑膠板、片及扁條,奧地利,進口總值(含復進口),28,180
2022-4,39219010,玻璃纖維強化塑膠板、片及扁條,愛爾蘭,進口總值(含復進口),50,715
2022-4,39219010,玻璃纖維強化塑膠板、片及扁條,瑞士,進口總值(含復進口),1,16
2022-4,39219010,玻璃纖維強化塑膠板、片及扁條,德國,進口總值(含復進口),15,265
2022-4,39219010,玻璃纖維強化塑膠板、片及扁條,盧森堡,進口總值(含復進口),28,162
2022-4,39219010,玻璃纖維強化塑膠板、片及扁條,中國大陸,出口總值(含復出口),325,8453
2022-4,39219010,玻璃纖維強化塑膠板、片及扁條,丹麥,出口總值(含復出口),316,23588
2022-4,39219010,玻璃纖維強化塑膠板、片及扁條,日本,出口總值(含復出口),167,22812
2022-4,39219010,玻璃纖維強化塑膠板、片及扁條,瓜地馬拉,出口總值(含復出口),3,270
2022-4,39219010,玻璃纖維強化塑膠板、片及扁條,印尼,出口總值(含復出口),49,4336
2022-4,39219010,玻璃纖維強化塑膠板、片及扁條,印度,出口總值(含復出口),353,22109
2022-4,39219010,玻璃纖維強化塑膠板、片及扁條,沙烏地阿拉伯,出口總值(含復出口),15,2874
2022-4,39219010,玻璃纖維強化塑膠板、片及扁條,俄羅斯,出口總值(含復出口),84,7989
2022-4,39219010,玻璃纖維強化塑膠板、片及扁條,南韓,出口總值(含復出口),248,23132
2022-4,39219010,玻璃纖維強化塑膠板、片及扁條,美國,出口總值(含復出口),45,4859
2022-4,39219010,玻璃纖維強化塑膠板、片及扁條,泰國,出口總值(含復出口),2272,283519
2022-4,39219010,玻璃纖維強化塑膠板、片及扁條,馬來西亞,出口總值(含復出口),114,17694
2022-4,39219010,玻璃纖維強化塑膠板、片及扁條,密克羅尼西亞,出口總值(含復出口),10,3198
2022-4,39219010,玻璃纖維強化塑膠板、片及扁條,越南,出口總值(含復出口),163,17127
2022-4,39219010,玻璃纖維強化塑膠板、片及扁條,新加坡,出口總值(含復出口),18,1741
2022-4,39219010,玻璃纖維強化塑膠板、片及扁條,義大利,出口總值(含復出口),117,18454
2022-4,39219010,玻璃纖維強化塑膠板、片及扁條,葡萄牙,出口總值(含復出口),12,348
2022-4,39219010,玻璃纖維強化塑膠板、片及扁條,德國,出口總值(含復出口),124,10138
2022-5,39095000,聚胺基甲酸乙酯，初級狀態,中國大陸,進口總值(含復進口),6460,1408502
2022-5,39095000,聚胺基甲酸乙酯，初級狀態,日本,進口總值(含復進口),1015,137067
2022-5,39095000,聚胺基甲酸乙酯，初級狀態,比利時,進口總值(含復進口),71,2625
2022-5,39095000,聚胺基甲酸乙酯，初級狀態,印度,進口總值(含復進口),81,22400
2022-5,39095000,聚胺基甲酸乙酯，初級狀態,西班牙,進口總值(含復進口),535,64890
2022-5,39095000,聚胺基甲酸乙酯，初級狀態,法國,進口總值(含復進口),153,14880
2022-5,39095000,聚胺基甲酸乙酯，初級狀態,南韓,進口總值(含復進口),1039,225058
2022-5,39095000,聚胺基甲酸乙酯，初級狀態,美國,進口總值(含復進口),2821,236885
2022-5,39095000,聚胺基甲酸乙酯，初級狀態,英國,進口總值(含復進口),32,3160
2022-5,39095000,聚胺基甲酸乙酯，初級狀態,泰國,進口總值(含復進口),6,1080
2022-5,39095000,聚胺基甲酸乙酯，初級狀態,荷蘭,進口總值(含復進口),110,13582
2022-5,39095000,聚胺基甲酸乙酯，初級狀態,越南,進口總值(含復進口),2961,2403700
2022-5,39095000,聚胺基甲酸乙酯，初級狀態,新加坡,進口總值(含復進口),86,22975
2022-5,39095000,聚胺基甲酸乙酯，初級狀態,義大利,進口總值(含復進口),258,37700
2022-5,39095000,聚胺基甲酸乙酯，初級狀態,德國,進口總值(含復進口),438,65958
2022-5,39095000,聚胺基甲酸乙酯，初級狀態,墨西哥,進口總值(含復進口),15,3264
2022-5,39095000,聚胺基甲酸乙酯，初級狀態,澳大利亞,進口總值(含復進口),34,3840
2022-5,39095000,聚胺基甲酸乙酯，初級狀態,土耳其,出口總值(含復出口),45,15680
2022-5,39095000,聚胺基甲酸乙酯，初級狀態,中國大陸,出口總值(含復出口),18704,4070866
2022-5,39095000,聚胺基甲酸乙酯，初級狀態,巴西,出口總值(含復出口),749,155390
2022-5,39095000,聚胺基甲酸乙酯，初級狀態,日本,出口總值(含復出口),309,64404
2022-5,39095000,聚胺基甲酸乙酯，初級狀態,比利時,出口總值(含復出口),615,126000
2022-5,39095000,聚胺基甲酸乙酯，初級狀態,以色列,出口總值(含復出口),27,3300
2022-5,39095000,聚胺基甲酸乙酯，初級狀態,印尼,出口總值(含復出口),2250,494660
2022-5,39095000,聚胺基甲酸乙酯，初級狀態,印度,出口總值(含復出口),614,157569
2022-5,39095000,聚胺基甲酸乙酯，初級狀態,西班牙,出口總值(含復出口),38,15000
2022-5,39095000,聚胺基甲酸乙酯，初級狀態,沙烏地阿拉伯,出口總值(含復出口),13,4000
2022-5,39095000,聚胺基甲酸乙酯，初級狀態,孟加拉,出口總值(含復出口),183,46980
2022-5,39095000,聚胺基甲酸乙酯，初級狀態,東加,出口總值(含復出口),0,20
2022-5,39095000,聚胺基甲酸乙酯，初級狀態,波蘭,出口總值(含復出口),23,5000
2022-5,39095000,聚胺基甲酸乙酯，初級狀態,法國,出口總值(含復出口),11,2238
2022-5,39095000,聚胺基甲酸乙酯，初級狀態,阿拉伯聯合大公國,出口總值(含復出口),79,17210
2022-5,39095000,聚胺基甲酸乙酯，初級狀態,阿根廷,出口總值(含復出口),74,20000
2022-5,39095000,聚胺基甲酸乙酯，初級狀態,俄羅斯,出口總值(含復出口),123,28800
2022-5,39095000,聚胺基甲酸乙酯，初級狀態,南非,出口總值(含復出口),87,18522
2022-5,39095000,聚胺基甲酸乙酯，初級狀態,南韓,出口總值(含復出口),1365,283860
2022-5,39095000,聚胺基甲酸乙酯，初級狀態,柬埔寨,出口總值(含復出口),6,255
2022-5,39095000,聚胺基甲酸乙酯，初級狀態,約旦,出口總值(含復出口),68,17000
2022-5,39095000,聚胺基甲酸乙酯，初級狀態,美國,出口總值(含復出口),3540,2433030
2022-5,39095000,聚胺基甲酸乙酯，初級狀態,香港,出口總值(含復出口),2140,303512
2022-5,39095000,聚胺基甲酸乙酯，初級狀態,哥倫比亞,出口總值(含復出口),12,2400
2022-5,39095000,聚胺基甲酸乙酯，初級狀態,埃及,出口總值(含復出口),4,600
2022-5,39095000,聚胺基甲酸乙酯，初級狀態,泰國,出口總值(含復出口),1662,422240
2022-5,39095000,聚胺基甲酸乙酯，初級狀態,秘魯,出口總值(含復出口),2,330
2022-5,39095000,聚胺基甲酸乙酯，初級狀態,馬來西亞,出口總值(含復出口),205,79419
2022-5,39095000,聚胺基甲酸乙酯，初級狀態,荷蘭,出口總值(含復出口),825,129240
2022-5,39095000,聚胺基甲酸乙酯，初級狀態,智利,出口總值(含復出口),1002,168200
2022-5,39095000,聚胺基甲酸乙酯，初級狀態,菲律賓,出口總值(含復出口),103,28560
2022-5,39095000,聚胺基甲酸乙酯，初級狀態,越南,出口總值(含復出口),15399,3276325
2022-5,39095000,聚胺基甲酸乙酯，初級狀態,新加坡,出口總值(含復出口),77,15900
2022-5,39095000,聚胺基甲酸乙酯，初級狀態,瑞典,出口總值(含復出口),14,3000
2022-5,39095000,聚胺基甲酸乙酯，初級狀態,義大利,出口總值(含復出口),76,20000
2022-5,39095000,聚胺基甲酸乙酯，初級狀態,德國,出口總值(含復出口),184,32825
2022-5,39095000,聚胺基甲酸乙酯，初級狀態,緬甸,出口總值(含復出口),80,29020
2022-5,39095000,聚胺基甲酸乙酯，初級狀態,墨西哥,出口總值(含復出口),187,42000
2022-5,39095000,聚胺基甲酸乙酯，初級狀態,澳大利亞,出口總值(含復出口),49,10000
2022-5,39100010,矽油,中國大陸,進口總值(含復進口),6245,1147142
2022-5,39100010,矽油,日本,進口總值(含復進口),927,64524
2022-5,39100010,矽油,加拿大,進口總值(含復進口),42,2260
2022-5,39100010,矽油,印度,進口總值(含復進口),62,5040
2022-5,39100010,矽油,法國,進口總值(含復進口),0,1
2022-5,39100010,矽油,南韓,進口總值(含復進口),88,2747
2022-5,39100010,矽油,美國,進口總值(含復進口),411,5339
2022-5,39100010,矽油,英國,進口總值(含復進口),0,18
2022-5,39100010,矽油,泰國,進口總值(含復進口),406,74400
2022-5,39100010,矽油,越南,進口總值(含復進口),0,18
2022-5,39100010,矽油,新加坡,進口總值(含復進口),0,0
2022-5,39100010,矽油,德國,進口總值(含復進口),142,13620
2022-5,39100010,矽油,中國大陸,出口總值(含復出口),977,72478
2022-5,39100010,矽油,丹麥,出口總值(含復出口),16,1024
2022-5,39100010,矽油,巴基斯坦,出口總值(含復出口),4,1500
2022-5,39100010,矽油,以色列,出口總值(含復出口),5,235
2022-5,39100010,矽油,印尼,出口總值(含復出口),11,840
2022-5,39100010,矽油,柬埔寨,出口總值(含復出口),34,3800
2022-5,39100010,矽油,美國,出口總值(含復出口),121,7400
2022-5,39100010,矽油,香港,出口總值(含復出口),3,180
2022-5,39100010,矽油,哥倫比亞,出口總值(含復出口),5,230
2022-5,39100010,矽油,泰國,出口總值(含復出口),2,240
2022-5,39100010,矽油,越南,出口總值(含復出口),19,2390
2022-5,39100010,矽油,薩爾瓦多,出口總值(含復出口),38,5000
2022-5,39111010,石油樹脂,中國大陸,進口總值(含復進口),1683,947950
2022-5,39111010,石油樹脂,日本,進口總值(含復進口),434,138885
2022-5,39111010,石油樹脂,法國,進口總值(含復進口),5,1375
2022-5,39111010,石油樹脂,南韓,進口總值(含復進口),115,58000
2022-5,39111010,石油樹脂,美國,進口總值(含復進口),107,42133
2022-5,39111010,石油樹脂,泰國,進口總值(含復進口),341,155000
2022-5,39111010,石油樹脂,荷蘭,進口總值(含復進口),62,20000
2022-5,39111010,石油樹脂,越南,進口總值(含復進口),49,14400
2022-5,39111010,石油樹脂,新加坡,進口總值(含復進口),282,128250
2022-5,39111010,石油樹脂,土耳其,出口總值(含復出口),108,99000
2022-5,39111010,石油樹脂,中國大陸,出口總值(含復出口),3203,1567850
2022-5,39111010,石油樹脂,巴西,出口總值(含復出口),30,25000
2022-5,39111010,石油樹脂,日本,出口總值(含復出口),1103,661000
2022-5,39111010,石油樹脂,加拿大,出口總值(含復出口),17,16000
2022-5,39111010,石油樹脂,印尼,出口總值(含復出口),520,374400
2022-5,39111010,石油樹脂,印度,出口總值(含復出口),594,502600
2022-5,39111010,石油樹脂,西班牙,出口總值(含復出口),428,408000
2022-5,39111010,石油樹脂,沙烏地阿拉伯,出口總值(含復出口),88,80000
2022-5,39111010,石油樹脂,法國,出口總值(含復出口),126,107000
2022-5,39111010,石油樹脂,阿拉伯聯合大公國,出口總值(含復出口),44,32000
2022-5,39111010,石油樹脂,南韓,出口總值(含復出口),170,139000
2022-5,39111010,石油樹脂,柬埔寨,出口總值(含復出口),44,22000
2022-5,39111010,石油樹脂,美國,出口總值(含復出口),544,330375
2022-5,39111010,石油樹脂,英國,出口總值(含復出口),148,98000
2022-5,39111010,石油樹脂,泰國,出口總值(含復出口),224,182500
2022-5,39111010,石油樹脂,馬來西亞,出口總值(含復出口),155,106000
2022-5,39111010,石油樹脂,荷蘭,出口總值(含復出口),400,360000
2022-5,39111010,石油樹脂,越南,出口總值(含復出口),819,358980
2022-5,39111010,石油樹脂,義大利,出口總值(含復出口),44,32000
2022-5,39111010,石油樹脂,德國,出口總值(含復出口),19,15000
2022-5,39111010,石油樹脂,緬甸,出口總值(含復出口),10,5000
2022-5,39111010,石油樹脂,澳大利亞,出口總值(含復出口),142,76500
2022-5,39219010,玻璃纖維強化塑膠板、片及扁條,土耳其,進口總值(含復進口),99,25900
2022-5,39219010,玻璃纖維強化塑膠板、片及扁條,中國大陸,進口總值(含復進口),622,87453
2022-5,39219010,玻璃纖維強化塑膠板、片及扁條,日本,進口總值(含復進口),1703,23747
2022-5,39219010,玻璃纖維強化塑膠板、片及扁條,法國,進口總值(含復進口),83,7886
2022-5,39219010,玻璃纖維強化塑膠板、片及扁條,南韓,進口總值(含復進口),2469,64279
2022-5,39219010,玻璃纖維強化塑膠板、片及扁條,美國,進口總值(含復進口),369,13450
2022-5,39219010,玻璃纖維強化塑膠板、片及扁條,香港,進口總值(含復進口),8,20
2022-5,39219010,玻璃纖維強化塑膠板、片及扁條,泰國,進口總值(含復進口),118,4107
2022-5,39219010,玻璃纖維強化塑膠板、片及扁條,馬來西亞,進口總值(含復進口),128,11300
2022-5,39219010,玻璃纖維強化塑膠板、片及扁條,奧地利,進口總值(含復進口),4,25
2022-5,39219010,玻璃纖維強化塑膠板、片及扁條,德國,進口總值(含復進口),72,1586
2022-5,39219010,玻璃纖維強化塑膠板、片及扁條,中國大陸,出口總值(含復出口),2078,59896
2022-5,39219010,玻璃纖維強化塑膠板、片及扁條,丹麥,出口總值(含復出口),306,23588
2022-5,39219010,玻璃纖維強化塑膠板、片及扁條,日本,出口總值(含復出口),368,51213
2022-5,39219010,玻璃纖維強化塑膠板、片及扁條,瓜地馬拉,出口總值(含復出口),24,2016
2022-5,39219010,玻璃纖維強化塑膠板、片及扁條,印尼,出口總值(含復出口),74,6407
2022-5,39219010,玻璃纖維強化塑膠板、片及扁條,印度,出口總值(含復出口),78,10967
2022-5,39219010,玻璃纖維強化塑膠板、片及扁條,沙烏地阿拉伯,出口總值(含復出口),29,4620
2022-5,39219010,玻璃纖維強化塑膠板、片及扁條,南韓,出口總值(含復出口),843,78026
2022-5,39219010,玻璃纖維強化塑膠板、片及扁條,美國,出口總值(含復出口),125,20463
2022-5,39219010,玻璃纖維強化塑膠板、片及扁條,泰國,出口總值(含復出口),1846,241774
2022-5,39219010,玻璃纖維強化塑膠板、片及扁條,馬來西亞,出口總值(含復出口),61,9478
2022-5,39219010,玻璃纖維強化塑膠板、片及扁條,越南,出口總值(含復出口),407,49778
2022-5,39219010,玻璃纖維強化塑膠板、片及扁條,新加坡,出口總值(含復出口),15,1461
2022-5,39219010,玻璃纖維強化塑膠板、片及扁條,義大利,出口總值(含復出口),62,11101
2022-5,39219010,玻璃纖維強化塑膠板、片及扁條,葡萄牙,出口總值(含復出口),13,343
2022-5,39219010,玻璃纖維強化塑膠板、片及扁條,德國,出口總值(含復出口),195,24721
2022-6,39095000,聚胺基甲酸乙酯，初級狀態,中國大陸,進口總值(含復進口),7371,1499884
2022-6,39095000,聚胺基甲酸乙酯，初級狀態,中華民國,進口總值(含復進口),14,1842
2022-6,39095000,聚胺基甲酸乙酯，初級狀態,丹麥,進口總值(含復進口),1,2
2022-6,39095000,聚胺基甲酸乙酯，初級狀態,日本,進口總值(含復進口),1086,131611
2022-6,39095000,聚胺基甲酸乙酯，初級狀態,比利時,進口總值(含復進口),49,8050
2022-6,39095000,聚胺基甲酸乙酯，初級狀態,印尼,進口總值(含復進口),31,11520
2022-6,39095000,聚胺基甲酸乙酯，初級狀態,印度,進口總值(含復進口),182,53050
2022-6,39095000,聚胺基甲酸乙酯，初級狀態,西班牙,進口總值(含復進口),76,15750
2022-6,39095000,聚胺基甲酸乙酯，初級狀態,希臘,進口總值(含復進口),38,7520
2022-6,39095000,聚胺基甲酸乙酯，初級狀態,法國,進口總值(含復進口),61,18480
2022-6,39095000,聚胺基甲酸乙酯，初級狀態,南韓,進口總值(含復進口),387,80850
2022-6,39095000,聚胺基甲酸乙酯，初級狀態,美國,進口總值(含復進口),2534,249248
2022-6,39095000,聚胺基甲酸乙酯，初級狀態,英國,進口總值(含復進口),49,6210
2022-6,39095000,聚胺基甲酸乙酯，初級狀態,馬來西亞,進口總值(含復進口),60,11764
2022-6,39095000,聚胺基甲酸乙酯，初級狀態,荷蘭,進口總值(含復進口),148,10540
2022-6,39095000,聚胺基甲酸乙酯，初級狀態,越南,進口總值(含復進口),42,26040
2022-6,39095000,聚胺基甲酸乙酯，初級狀態,奧地利,進口總值(含復進口),4,270
2022-6,39095000,聚胺基甲酸乙酯，初級狀態,新加坡,進口總值(含復進口),107,23590
2022-6,39095000,聚胺基甲酸乙酯，初級狀態,義大利,進口總值(含復進口),120,18977
2022-6,39095000,聚胺基甲酸乙酯，初級狀態,德國,進口總值(含復進口),1487,194932
2022-6,39095000,聚胺基甲酸乙酯，初級狀態,澳大利亞,進口總值(含復進口),81,9504
2022-6,39095000,聚胺基甲酸乙酯，初級狀態,土耳其,出口總值(含復出口),800,173380
2022-6,39095000,聚胺基甲酸乙酯，初級狀態,中國大陸,出口總值(含復出口),16602,3821882
2022-6,39095000,聚胺基甲酸乙酯，初級狀態,巴西,出口總值(含復出口),196,32000
2022-6,39095000,聚胺基甲酸乙酯，初級狀態,巴基斯坦,出口總值(含復出口),9,860
2022-6,39095000,聚胺基甲酸乙酯，初級狀態,日本,出口總值(含復出口),259,35541
2022-6,39095000,聚胺基甲酸乙酯，初級狀態,比利時,出口總值(含復出口),172,31175
2022-6,39095000,聚胺基甲酸乙酯，初級狀態,以色列,出口總值(含復出口),80,6000
2022-6,39095000,聚胺基甲酸乙酯，初級狀態,瓜地馬拉,出口總值(含復出口),54,13000
2022-6,39095000,聚胺基甲酸乙酯，初級狀態,印尼,出口總值(含復出口),3002,599972
2022-6,39095000,聚胺基甲酸乙酯，初級狀態,印度,出口總值(含復出口),1577,352722
2022-6,39095000,聚胺基甲酸乙酯，初級狀態,西班牙,出口總值(含復出口),104,30000
2022-6,39095000,聚胺基甲酸乙酯，初級狀態,孟加拉,出口總值(含復出口),105,30040
2022-6,39095000,聚胺基甲酸乙酯，初級狀態,阿拉伯聯合大公國,出口總值(含復出口),76,16250
2022-6,39095000,聚胺基甲酸乙酯，初級狀態,俄羅斯,出口總值(含復出口),4,602
2022-6,39095000,聚胺基甲酸乙酯，初級狀態,南韓,出口總值(含復出口),650,145745
2022-6,39095000,聚胺基甲酸乙酯，初級狀態,柬埔寨,出口總值(含復出口),57,13000
2022-6,39095000,聚胺基甲酸乙酯，初級狀態,美國,出口總值(含復出口),1272,210950
2022-6,39095000,聚胺基甲酸乙酯，初級狀態,香港,出口總值(含復出口),432,170128
2022-6,39095000,聚胺基甲酸乙酯，初級狀態,泰國,出口總值(含復出口),1228,314524
2022-6,39095000,聚胺基甲酸乙酯，初級狀態,紐西蘭,出口總值(含復出口),19,2000
2022-6,39095000,聚胺基甲酸乙酯，初級狀態,馬來西亞,出口總值(含復出口),471,138775
2022-6,39095000,聚胺基甲酸乙酯，初級狀態,荷蘭,出口總值(含復出口),633,94400
2022-6,39095000,聚胺基甲酸乙酯，初級狀態,斯里蘭卡,出口總值(含復出口),2,400
2022-6,39095000,聚胺基甲酸乙酯，初級狀態,智利,出口總值(含復出口),842,127400
2022-6,39095000,聚胺基甲酸乙酯，初級狀態,菲律賓,出口總值(含復出口),101,26205
2022-6,39095000,聚胺基甲酸乙酯，初級狀態,越南,出口總值(含復出口),13562,2749656
2022-6,39095000,聚胺基甲酸乙酯，初級狀態,新加坡,出口總值(含復出口),100,24400
2022-6,39095000,聚胺基甲酸乙酯，初級狀態,瑞典,出口總值(含復出口),33,6800
2022-6,39095000,聚胺基甲酸乙酯，初級狀態,義大利,出口總值(含復出口),20,6600
2022-6,39095000,聚胺基甲酸乙酯，初級狀態,德國,出口總值(含復出口),93,15000
2022-6,39095000,聚胺基甲酸乙酯，初級狀態,澳大利亞,出口總值(含復出口),4,480
2022-6,39100010,矽油,中國大陸,進口總值(含復進口),5695,1222929
2022-6,39100010,矽油,日本,進口總值(含復進口),1497,127225
2022-6,39100010,矽油,加拿大,進口總值(含復進口),59,3525
2022-6,39100010,矽油,印度,進口總值(含復進口),127,10080
2022-6,39100010,矽油,西班牙,進口總值(含復進口),51,9662
2022-6,39100010,矽油,南韓,進口總值(含復進口),47,1906
2022-6,39100010,矽油,美國,進口總值(含復進口),575,31332
2022-6,39100010,矽油,英國,進口總值(含復進口),5,234
2022-6,39100010,矽油,泰國,進口總值(含復進口),258,53280
2022-6,39100010,矽油,馬來西亞,進口總值(含復進口),23,1900
2022-6,39100010,矽油,德國,進口總值(含復進口),587,71330
2022-6,39100010,矽油,中國大陸,出口總值(含復出口),377,38558
2022-6,39100010,矽油,印度,出口總值(含復出口),1,24
2022-6,39100010,矽油,孟加拉,出口總值(含復出口),121,48430
2022-6,39100010,矽油,馬來西亞,出口總值(含復出口),29,2400
2022-6,39100010,矽油,越南,出口總值(含復出口),46,9410
2022-6,39100010,矽油,義大利,出口總值(含復出口),1,240
2022-6,39111010,石油樹脂,中國大陸,進口總值(含復進口),1427,782600
2022-6,39111010,石油樹脂,日本,進口總值(含復進口),714,245025
2022-6,39111010,石油樹脂,法國,進口總值(含復進口),27,6875
2022-6,39111010,石油樹脂,南韓,進口總值(含復進口),170,81400
2022-6,39111010,石油樹脂,美國,進口總值(含復進口),172,58445
2022-6,39111010,石油樹脂,泰國,進口總值(含復進口),257,102000
2022-6,39111010,石油樹脂,紐西蘭,進口總值(含復進口),31,16000
2022-6,39111010,石油樹脂,荷蘭,進口總值(含復進口),16,4720
2022-6,39111010,石油樹脂,新加坡,進口總值(含復進口),238,108000
2022-6,39111010,石油樹脂,德國,進口總值(含復進口),0,6
2022-6,39111010,石油樹脂,土耳其,出口總值(含復出口),123,102000
2022-6,39111010,石油樹脂,中國大陸,出口總值(含復出口),2973,1479743
2022-6,39111010,石油樹脂,巴西,出口總值(含復出口),64,50000
2022-6,39111010,石油樹脂,巴基斯坦,出口總值(含復出口),10,5000
2022-6,39111010,石油樹脂,日本,出口總值(含復出口),583,357800
2022-6,39111010,石油樹脂,加拿大,出口總值(含復出口),54,48000
2022-6,39111010,石油樹脂,印尼,出口總值(含復出口),618,370225
2022-6,39111010,石油樹脂,印度,出口總值(含復出口),563,453880
2022-6,39111010,石油樹脂,西班牙,出口總值(含復出口),421,384000
2022-6,39111010,石油樹脂,沙烏地阿拉伯,出口總值(含復出口),185,128000
2022-6,39111010,石油樹脂,孟加拉,出口總值(含復出口),99,95000
2022-6,39111010,石油樹脂,法國,出口總值(含復出口),241,191000
2022-6,39111010,石油樹脂,南非,出口總值(含復出口),45,36000
2022-6,39111010,石油樹脂,南韓,出口總值(含復出口),114,93000
2022-6,39111010,石油樹脂,柬埔寨,出口總值(含復出口),16,8000
2022-6,39111010,石油樹脂,美國,出口總值(含復出口),720,423750
2022-6,39111010,石油樹脂,泰國,出口總值(含復出口),299,236000
2022-6,39111010,石油樹脂,馬來西亞,出口總值(含復出口),348,227400
2022-6,39111010,石油樹脂,荷蘭,出口總值(含復出口),538,460000
2022-6,39111010,石油樹脂,菲律賓,出口總值(含復出口),32,19000
2022-6,39111010,石油樹脂,越南,出口總值(含復出口),621,336750
2022-6,39111010,石油樹脂,瑞典,出口總值(含復出口),118,60000
2022-6,39111010,石油樹脂,義大利,出口總值(含復出口),50,32000
2022-6,39111010,石油樹脂,德國,出口總值(含復出口),106,82000
2022-6,39111010,石油樹脂,澳大利亞,出口總值(含復出口),148,82000
2022-6,39219010,玻璃纖維強化塑膠板、片及扁條,中國大陸,進口總值(含復進口),856,110507
2022-6,39219010,玻璃纖維強化塑膠板、片及扁條,日本,進口總值(含復進口),1431,10993
2022-6,39219010,玻璃纖維強化塑膠板、片及扁條,南韓,進口總值(含復進口),2002,163443
2022-6,39219010,玻璃纖維強化塑膠板、片及扁條,美國,進口總值(含復進口),96,3427
2022-6,39219010,玻璃纖維強化塑膠板、片及扁條,英國,進口總值(含復進口),9,346
2022-6,39219010,玻璃纖維強化塑膠板、片及扁條,泰國,進口總值(含復進口),130,4210
2022-6,39219010,玻璃纖維強化塑膠板、片及扁條,馬來西亞,進口總值(含復進口),3,659
2022-6,39219010,玻璃纖維強化塑膠板、片及扁條,奧地利,進口總值(含復進口),23,1136
2022-6,39219010,玻璃纖維強化塑膠板、片及扁條,愛爾蘭,進口總值(含復進口),10,161
2022-6,39219010,玻璃纖維強化塑膠板、片及扁條,德國,進口總值(含復進口),128,5490
2022-6,39219010,玻璃纖維強化塑膠板、片及扁條,墨西哥,進口總值(含復進口),22,318
2022-6,39219010,玻璃纖維強化塑膠板、片及扁條,中國大陸,出口總值(含復出口),392,11062
2022-6,39219010,玻璃纖維強化塑膠板、片及扁條,丹麥,出口總值(含復出口),305,23588
2022-6,39219010,玻璃纖維強化塑膠板、片及扁條,巴西,出口總值(含復出口),2,17
2022-6,39219010,玻璃纖維強化塑膠板、片及扁條,日本,出口總值(含復出口),225,27679
2022-6,39219010,玻璃纖維強化塑膠板、片及扁條,伊朗,出口總值(含復出口),29,2435
2022-6,39219010,玻璃纖維強化塑膠板、片及扁條,印尼,出口總值(含復出口),27,2210
2022-6,39219010,玻璃纖維強化塑膠板、片及扁條,印度,出口總值(含復出口),147,20373
2022-6,39219010,玻璃纖維強化塑膠板、片及扁條,南韓,出口總值(含復出口),386,29405
2022-6,39219010,玻璃纖維強化塑膠板、片及扁條,美國,出口總值(含復出口),103,15789
2022-6,39219010,玻璃纖維強化塑膠板、片及扁條,香港,出口總值(含復出口),2,62
2022-6,39219010,玻璃纖維強化塑膠板、片及扁條,泰國,出口總值(含復出口),1360,179942
2022-6,39219010,玻璃纖維強化塑膠板、片及扁條,馬來西亞,出口總值(含復出口),94,15377
2022-6,39219010,玻璃纖維強化塑膠板、片及扁條,斯里蘭卡,出口總值(含復出口),2,100
2022-6,39219010,玻璃纖維強化塑膠板、片及扁條,越南,出口總值(含復出口),483,38536
2022-6,39219010,玻璃纖維強化塑膠板、片及扁條,新加坡,出口總值(含復出口),97,7193
2022-6,39219010,玻璃纖維強化塑膠板、片及扁條,義大利,出口總值(含復出口),3,167
2022-6,39219010,玻璃纖維強化塑膠板、片及扁條,葡萄牙,出口總值(含復出口),15,419
2022-6,39219010,玻璃纖維強化塑膠板、片及扁條,德國,出口總值(含復出口),189,24668
2022-7,39095000,聚胺基甲酸乙酯，初級狀態,中國大陸,進口總值(含復進口),7174,1501438
2022-7,39095000,聚胺基甲酸乙酯，初級狀態,中華民國,進口總值(含復進口),90,20775
2022-7,39095000,聚胺基甲酸乙酯，初級狀態,日本,進口總值(含復進口),1157,184786
2022-7,39095000,聚胺基甲酸乙酯，初級狀態,比利時,進口總值(含復進口),40,5075
2022-7,39095000,聚胺基甲酸乙酯，初級狀態,印尼,進口總值(含復進口),51,19008
2022-7,39095000,聚胺基甲酸乙酯，初級狀態,西班牙,進口總值(含復進口),394,47035
2022-7,39095000,聚胺基甲酸乙酯，初級狀態,法國,進口總值(含復進口),95,21375
2022-7,39095000,聚胺基甲酸乙酯，初級狀態,南韓,進口總值(含復進口),341,54943
2022-7,39095000,聚胺基甲酸乙酯，初級狀態,美國,進口總值(含復進口),3890,357374
2022-7,39095000,聚胺基甲酸乙酯，初級狀態,英國,進口總值(含復進口),40,2933
2022-7,39095000,聚胺基甲酸乙酯，初級狀態,馬來西亞,進口總值(含復進口),4,1762
2022-7,39095000,聚胺基甲酸乙酯，初級狀態,荷蘭,進口總值(含復進口),49,3210
2022-7,39095000,聚胺基甲酸乙酯，初級狀態,新加坡,進口總值(含復進口),66,14741
2022-7,39095000,聚胺基甲酸乙酯，初級狀態,瑞士,進口總值(含復進口),1,35
2022-7,39095000,聚胺基甲酸乙酯，初級狀態,義大利,進口總值(含復進口),54,5850
2022-7,39095000,聚胺基甲酸乙酯，初級狀態,德國,進口總值(含復進口),1751,366634
2022-7,39095000,聚胺基甲酸乙酯，初級狀態,澳大利亞,進口總值(含復進口),31,3364
2022-7,39095000,聚胺基甲酸乙酯，初級狀態,土耳其,出口總值(含復出口),86,20000
2022-7,39095000,聚胺基甲酸乙酯，初級狀態,中國大陸,出口總值(含復出口),18208,3797404
2022-7,39095000,聚胺基甲酸乙酯，初級狀態,厄瓜多,出口總值(含復出口),34,5000
2022-7,39095000,聚胺基甲酸乙酯，初級狀態,巴西,出口總值(含復出口),79,20000
2022-7,39095000,聚胺基甲酸乙酯，初級狀態,巴基斯坦,出口總值(含復出口),53,13812
2022-7,39095000,聚胺基甲酸乙酯，初級狀態,日本,出口總值(含復出口),356,66650
2022-7,39095000,聚胺基甲酸乙酯，初級狀態,比利時,出口總值(含復出口),269,56000
2022-7,39095000,聚胺基甲酸乙酯，初級狀態,以色列,出口總值(含復出口),189,14126
2022-7,39095000,聚胺基甲酸乙酯，初級狀態,加拿大,出口總值(含復出口),4,284
2022-7,39095000,聚胺基甲酸乙酯，初級狀態,印尼,出口總值(含復出口),2758,594611
2022-7,39095000,聚胺基甲酸乙酯，初級狀態,印度,出口總值(含復出口),2790,678277
2022-7,39095000,聚胺基甲酸乙酯，初級狀態,西班牙,出口總值(含復出口),165,46100
2022-7,39095000,聚胺基甲酸乙酯，初級狀態,孟加拉,出口總值(含復出口),36,8000
2022-7,39095000,聚胺基甲酸乙酯，初級狀態,法國,出口總值(含復出口),25,5125
2022-7,39095000,聚胺基甲酸乙酯，初級狀態,肯亞,出口總值(含復出口),38,10000
2022-7,39095000,聚胺基甲酸乙酯，初級狀態,阿拉伯聯合大公國,出口總值(含復出口),217,43363
2022-7,39095000,聚胺基甲酸乙酯，初級狀態,阿根廷,出口總值(含復出口),3,400
2022-7,39095000,聚胺基甲酸乙酯，初級狀態,保加利亞,出口總值(含復出口),1,1120
2022-7,39095000,聚胺基甲酸乙酯，初級狀態,南非,出口總值(含復出口),39,8000
2022-7,39095000,聚胺基甲酸乙酯，初級狀態,南韓,出口總值(含復出口),1200,249625
2022-7,39095000,聚胺基甲酸乙酯，初級狀態,科威特,出口總值(含復出口),21,4000
2022-7,39095000,聚胺基甲酸乙酯，初級狀態,美國,出口總值(含復出口),579,100500
2022-7,39095000,聚胺基甲酸乙酯，初級狀態,香港,出口總值(含復出口),301,185435
2022-7,39095000,聚胺基甲酸乙酯，初級狀態,哥倫比亞,出口總值(含復出口),12,2400
2022-7,39095000,聚胺基甲酸乙酯，初級狀態,埃及,出口總值(含復出口),74,17000
2022-7,39095000,聚胺基甲酸乙酯，初級狀態,泰國,出口總值(含復出口),1698,455112
2022-7,39095000,聚胺基甲酸乙酯，初級狀態,烏克蘭,出口總值(含復出口),25,3500
2022-7,39095000,聚胺基甲酸乙酯，初級狀態,秘魯,出口總值(含復出口),10,1660
2022-7,39095000,聚胺基甲酸乙酯，初級狀態,馬來西亞,出口總值(含復出口),744,241540
2022-7,39095000,聚胺基甲酸乙酯，初級狀態,荷蘭,出口總值(含復出口),704,115160
2022-7,39095000,聚胺基甲酸乙酯，初級狀態,斯里蘭卡,出口總值(含復出口),8,1200
2022-7,39095000,聚胺基甲酸乙酯，初級狀態,菲律賓,出口總值(含復出口),88,22724
2022-7,39095000,聚胺基甲酸乙酯，初級狀態,越南,出口總值(含復出口),13658,2919265
2022-7,39095000,聚胺基甲酸乙酯，初級狀態,新加坡,出口總值(含復出口),183,35515
2022-7,39095000,聚胺基甲酸乙酯，初級狀態,葡萄牙,出口總值(含復出口),66,15000
2022-7,39095000,聚胺基甲酸乙酯，初級狀態,德國,出口總值(含復出口),18,3000
2022-7,39095000,聚胺基甲酸乙酯，初級狀態,緬甸,出口總值(含復出口),54,11924
2022-7,39095000,聚胺基甲酸乙酯，初級狀態,澳大利亞,出口總值(含復出口),37,12000
2022-7,39100010,矽油,中國大陸,進口總值(含復進口),3327,675203
2022-7,39100010,矽油,日本,進口總值(含復進口),1526,69268
2022-7,39100010,矽油,南韓,進口總值(含復進口),48,1369
2022-7,39100010,矽油,美國,進口總值(含復進口),227,4929
2022-7,39100010,矽油,泰國,進口總值(含復進口),817,160200
2022-7,39100010,矽油,義大利,進口總值(含復進口),28,2425
2022-7,39100010,矽油,德國,進口總值(含復進口),292,35870
2022-7,39100010,矽油,中國大陸,出口總值(含復出口),415,56418
2022-7,39100010,矽油,巴基斯坦,出口總值(含復出口),11,4600
2022-7,39100010,矽油,印尼,出口總值(含復出口),4,200
2022-7,39100010,矽油,孟加拉,出口總值(含復出口),20,4520
2022-7,39100010,矽油,俄羅斯,出口總值(含復出口),139,12096
2022-7,39100010,矽油,香港,出口總值(含復出口),5,419
2022-7,39100010,矽油,泰國,出口總值(含復出口),22,1350
2022-7,39100010,矽油,紐西蘭,出口總值(含復出口),0,29
2022-7,39100010,矽油,馬來西亞,出口總值(含復出口),6,400
2022-7,39100010,矽油,越南,出口總值(含復出口),8,540
2022-7,39111010,石油樹脂,中國大陸,進口總值(含復進口),1239,718781
2022-7,39111010,石油樹脂,日本,進口總值(含復進口),583,189080
2022-7,39111010,石油樹脂,南韓,進口總值(含復進口),50,30000
2022-7,39111010,石油樹脂,美國,進口總值(含復進口),238,101479
2022-7,39111010,石油樹脂,泰國,進口總值(含復進口),292,103000
2022-7,39111010,石油樹脂,新加坡,進口總值(含復進口),243,108000
2022-7,39111010,石油樹脂,土耳其,出口總值(含復出口),150,108000
2022-7,39111010,石油樹脂,中國大陸,出口總值(含復出口),2992,1499834
2022-7,39111010,石油樹脂,厄瓜多,出口總值(含復出口),22,16000
2022-7,39111010,石油樹脂,巴西,出口總值(含復出口),68,39000
2022-7,39111010,石油樹脂,日本,出口總值(含復出口),807,502150
2022-7,39111010,石油樹脂,加拿大,出口總值(含復出口),67,66000
2022-7,39111010,石油樹脂,印尼,出口總值(含復出口),593,296750
2022-7,39111010,石油樹脂,印度,出口總值(含復出口),686,563412
2022-7,39111010,石油樹脂,西班牙,出口總值(含復出口),209,192000
2022-7,39111010,石油樹脂,希臘,出口總值(含復出口),18,16000
2022-7,39111010,石油樹脂,沙烏地阿拉伯,出口總值(含復出口),114,80000
2022-7,39111010,石油樹脂,孟加拉,出口總值(含復出口),61,57000
2022-7,39111010,石油樹脂,波蘭,出口總值(含復出口),32,14000
2022-7,39111010,石油樹脂,法國,出口總值(含復出口),163,132000
2022-7,39111010,石油樹脂,阿拉伯聯合大公國,出口總值(含復出口),45,32000
2022-7,39111010,石油樹脂,南非,出口總值(含復出口),10,8000
2022-7,39111010,石油樹脂,南韓,出口總值(含復出口),109,91000
2022-7,39111010,石油樹脂,柬埔寨,出口總值(含復出口),5,3000
2022-7,39111010,石油樹脂,美國,出口總值(含復出口),507,284500
2022-7,39111010,石油樹脂,泰國,出口總值(含復出口),288,203000
2022-7,39111010,石油樹脂,馬來西亞,出口總值(含復出口),357,254000
2022-7,39111010,石油樹脂,荷蘭,出口總值(含復出口),264,225000
2022-7,39111010,石油樹脂,菲律賓,出口總值(含復出口),37,28300
2022-7,39111010,石油樹脂,越南,出口總值(含復出口),865,422185
2022-7,39111010,石油樹脂,新加坡,出口總值(含復出口),24,19500
2022-7,39111010,石油樹脂,德國,出口總值(含復出口),66,46000
2022-7,39111010,石油樹脂,澳大利亞,出口總值(含復出口),164,94000
2022-7,39219010,玻璃纖維強化塑膠板、片及扁條,中國大陸,進口總值(含復進口),542,77662
2022-7,39219010,玻璃纖維強化塑膠板、片及扁條,中華民國,進口總值(含復進口),7,50
2022-7,39219010,玻璃纖維強化塑膠板、片及扁條,日本,進口總值(含復進口),1220,8341
2022-7,39219010,玻璃纖維強化塑膠板、片及扁條,法國,進口總值(含復進口),20,1106
2022-7,39219010,玻璃纖維強化塑膠板、片及扁條,南韓,進口總值(含復進口),2105,128515
2022-7,39219010,玻璃纖維強化塑膠板、片及扁條,美國,進口總值(含復進口),286,5418
2022-7,39219010,玻璃纖維強化塑膠板、片及扁條,英國,進口總值(含復進口),2,8
2022-7,39219010,玻璃纖維強化塑膠板、片及扁條,香港,進口總值(含復進口),13,89
2022-7,39219010,玻璃纖維強化塑膠板、片及扁條,泰國,進口總值(含復進口),250,22552
2022-7,39219010,玻璃纖維強化塑膠板、片及扁條,馬來西亞,進口總值(含復進口),61,5290
2022-7,39219010,玻璃纖維強化塑膠板、片及扁條,奧地利,進口總值(含復進口),0,2
2022-7,39219010,玻璃纖維強化塑膠板、片及扁條,德國,進口總值(含復進口),0,1
2022-7,39219010,玻璃纖維強化塑膠板、片及扁條,墨西哥,進口總值(含復進口),32,365
2022-7,39219010,玻璃纖維強化塑膠板、片及扁條,羅馬尼亞,進口總值(含復進口),5,116
2022-7,39219010,玻璃纖維強化塑膠板、片及扁條,中國大陸,出口總值(含復出口),924,35985
2022-7,39219010,玻璃纖維強化塑膠板、片及扁條,丹麥,出口總值(含復出口),299,23588
2022-7,39219010,玻璃纖維強化塑膠板、片及扁條,日本,出口總值(含復出口),271,36202
2022-7,39219010,玻璃纖維強化塑膠板、片及扁條,北馬里亞納群島,出口總值(含復出口),2,765
2022-7,39219010,玻璃纖維強化塑膠板、片及扁條,瓜地馬拉,出口總值(含復出口),38,2016
2022-7,39219010,玻璃纖維強化塑膠板、片及扁條,印尼,出口總值(含復出口),17,1329
2022-7,39219010,玻璃纖維強化塑膠板、片及扁條,印度,出口總值(含復出口),129,37573
2022-7,39219010,玻璃纖維強化塑膠板、片及扁條,沙烏地阿拉伯,出口總值(含復出口),44,7140
2022-7,39219010,玻璃纖維強化塑膠板、片及扁條,阿拉伯聯合大公國,出口總值(含復出口),2,509
2022-7,39219010,玻璃纖維強化塑膠板、片及扁條,南韓,出口總值(含復出口),424,31721
2022-7,39219010,玻璃纖維強化塑膠板、片及扁條,美國,出口總值(含復出口),123,18279
2022-7,39219010,玻璃纖維強化塑膠板、片及扁條,泰國,出口總值(含復出口),1994,255200
2022-7,39219010,玻璃纖維強化塑膠板、片及扁條,馬來西亞,出口總值(含復出口),105,16222
2022-7,39219010,玻璃纖維強化塑膠板、片及扁條,越南,出口總值(含復出口),436,46492
2022-7,39219010,玻璃纖維強化塑膠板、片及扁條,義大利,出口總值(含復出口),49,7636
2022-7,39219010,玻璃纖維強化塑膠板、片及扁條,葡萄牙,出口總值(含復出口),15,414
2022-7,39219010,玻璃纖維強化塑膠板、片及扁條,德國,出口總值(含復出口),154,10427
2022-8,39095000,聚胺基甲酸乙酯，初級狀態,中國大陸,進口總值(含復進口),9877,1938310
2022-8,39095000,聚胺基甲酸乙酯，初級狀態,中華民國,進口總值(含復進口),53,18960
2022-8,39095000,聚胺基甲酸乙酯，初級狀態,日本,進口總值(含復進口),717,100746
2022-8,39095000,聚胺基甲酸乙酯，初級狀態,印尼,進口總值(含復進口),31,11520
2022-8,39095000,聚胺基甲酸乙酯，初級狀態,印度,進口總值(含復進口),172,47545
2022-8,39095000,聚胺基甲酸乙酯，初級狀態,西班牙,進口總值(含復進口),503,90000
2022-8,39095000,聚胺基甲酸乙酯，初級狀態,法國,進口總值(含復進口),239,15625
2022-8,39095000,聚胺基甲酸乙酯，初級狀態,南韓,進口總值(含復進口),428,78558
2022-8,39095000,聚胺基甲酸乙酯，初級狀態,美國,進口總值(含復進口),2205,160102
2022-8,39095000,聚胺基甲酸乙酯，初級狀態,英國,進口總值(含復進口),60,9660
2022-8,39095000,聚胺基甲酸乙酯，初級狀態,馬來西亞,進口總值(含復進口),72,13235
2022-8,39095000,聚胺基甲酸乙酯，初級狀態,荷蘭,進口總值(含復進口),49,7300
2022-8,39095000,聚胺基甲酸乙酯，初級狀態,越南,進口總值(含復進口),23,21000
2022-8,39095000,聚胺基甲酸乙酯，初級狀態,奧地利,進口總值(含復進口),0,10
2022-8,39095000,聚胺基甲酸乙酯，初級狀態,新加坡,進口總值(含復進口),65,19150
2022-8,39095000,聚胺基甲酸乙酯，初級狀態,義大利,進口總值(含復進口),51,4534
2022-8,39095000,聚胺基甲酸乙酯，初級狀態,德國,進口總值(含復進口),3586,485776
2022-8,39095000,聚胺基甲酸乙酯，初級狀態,墨西哥,進口總值(含復進口),12,1600
2022-8,39095000,聚胺基甲酸乙酯，初級狀態,土耳其,出口總值(含復出口),349,72000
2022-8,39095000,聚胺基甲酸乙酯，初級狀態,中國大陸,出口總值(含復出口),12675,2605169
2022-8,39095000,聚胺基甲酸乙酯，初級狀態,巴西,出口總值(含復出口),337,67720
2022-8,39095000,聚胺基甲酸乙酯，初級狀態,巴基斯坦,出口總值(含復出口),4,200
2022-8,39095000,聚胺基甲酸乙酯，初級狀態,日本,出口總值(含復出口),289,47513
2022-8,39095000,聚胺基甲酸乙酯，初級狀態,瓜地馬拉,出口總值(含復出口),26,5000
2022-8,39095000,聚胺基甲酸乙酯，初級狀態,印尼,出口總值(含復出口),1593,346776
2022-8,39095000,聚胺基甲酸乙酯，初級狀態,印度,出口總值(含復出口),1960,466261
2022-8,39095000,聚胺基甲酸乙酯，初級狀態,多明尼加,出口總值(含復出口),1,100
2022-8,39095000,聚胺基甲酸乙酯，初級狀態,委內瑞拉,出口總值(含復出口),60,16000
2022-8,39095000,聚胺基甲酸乙酯，初級狀態,孟加拉,出口總值(含復出口),79,17293
2022-8,39095000,聚胺基甲酸乙酯，初級狀態,法國,出口總值(含復出口),39,7266
2022-8,39095000,聚胺基甲酸乙酯，初級狀態,阿拉伯聯合大公國,出口總值(含復出口),160,34050
2022-8,39095000,聚胺基甲酸乙酯，初級狀態,阿根廷,出口總值(含復出口),107,25600
2022-8,39095000,聚胺基甲酸乙酯，初級狀態,南韓,出口總值(含復出口),688,143280
2022-8,39095000,聚胺基甲酸乙酯，初級狀態,柬埔寨,出口總值(含復出口),27,6300
2022-8,39095000,聚胺基甲酸乙酯，初級狀態,美國,出口總值(含復出口),800,139823
2022-8,39095000,聚胺基甲酸乙酯，初級狀態,香港,出口總值(含復出口),367,225850
2022-8,39095000,聚胺基甲酸乙酯，初級狀態,哥倫比亞,出口總值(含復出口),3,666
2022-8,39095000,聚胺基甲酸乙酯，初級狀態,埃及,出口總值(含復出口),69,15000
2022-8,39095000,聚胺基甲酸乙酯，初級狀態,泰國,出口總值(含復出口),1700,455092
2022-8,39095000,聚胺基甲酸乙酯，初級狀態,秘魯,出口總值(含復出口),32,6480
2022-8,39095000,聚胺基甲酸乙酯，初級狀態,馬來西亞,出口總值(含復出口),328,105987
2022-8,39095000,聚胺基甲酸乙酯，初級狀態,荷蘭,出口總值(含復出口),1258,192600
2022-8,39095000,聚胺基甲酸乙酯，初級狀態,菲律賓,出口總值(含復出口),39,7464
2022-8,39095000,聚胺基甲酸乙酯，初級狀態,越南,出口總值(含復出口),17041,3576233
2022-8,39095000,聚胺基甲酸乙酯，初級狀態,新加坡,出口總值(含復出口),132,27900
2022-8,39095000,聚胺基甲酸乙酯，初級狀態,瑞典,出口總值(含復出口),41,7350
2022-8,39095000,聚胺基甲酸乙酯，初級狀態,德國,出口總值(含復出口),84,16262
2022-8,39095000,聚胺基甲酸乙酯，初級狀態,緬甸,出口總值(含復出口),2,144
2022-8,39095000,聚胺基甲酸乙酯，初級狀態,澳大利亞,出口總值(含復出口),74,24000
2022-8,39100010,矽油,中國大陸,進口總值(含復進口),2966,786204
2022-8,39100010,矽油,丹麥,進口總值(含復進口),0,1
2022-8,39100010,矽油,日本,進口總值(含復進口),597,46609
2022-8,39100010,矽油,南韓,進口總值(含復進口),38,1642
2022-8,39100010,矽油,美國,進口總值(含復進口),264,19806
2022-8,39100010,矽油,英國,進口總值(含復進口),7,342
2022-8,39100010,矽油,泰國,進口總值(含復進口),151,29680
2022-8,39100010,矽油,德國,進口總值(含復進口),190,21349
2022-8,39100010,矽油,中國大陸,出口總值(含復出口),26,1256
2022-8,39100010,矽油,巴基斯坦,出口總值(含復出口),12,4500
2022-8,39100010,矽油,印尼,出口總值(含復出口),2,215
2022-8,39100010,矽油,孟加拉,出口總值(含復出口),98,54000
2022-8,39100010,矽油,美國,出口總值(含復出口),20,864
2022-8,39100010,矽油,泰國,出口總值(含復出口),22,1368
2022-8,39100010,矽油,越南,出口總值(含復出口),42,4363
2022-8,39111010,石油樹脂,中國大陸,進口總值(含復進口),971,683746
2022-8,39111010,石油樹脂,日本,進口總值(含復進口),568,172110
2022-8,39111010,石油樹脂,法國,進口總值(含復進口),27,6875
2022-8,39111010,石油樹脂,南韓,進口總值(含復進口),60,28000
2022-8,39111010,石油樹脂,美國,進口總值(含復進口),185,57588
2022-8,39111010,石油樹脂,泰國,進口總值(含復進口),218,76000
2022-8,39111010,石油樹脂,荷蘭,進口總值(含復進口),62,20000
2022-8,39111010,石油樹脂,新加坡,進口總值(含復進口),131,57625
2022-8,39111010,石油樹脂,土耳其,出口總值(含復出口),124,108000
2022-8,39111010,石油樹脂,中國大陸,出口總值(含復出口),3057,1497120
2022-8,39111010,石油樹脂,巴西,出口總值(含復出口),242,185000
2022-8,39111010,石油樹脂,日本,出口總值(含復出口),830,454000
2022-8,39111010,石油樹脂,加拿大,出口總值(含復出口),78,66000
2022-8,39111010,石油樹脂,印尼,出口總值(含復出口),927,488600
2022-8,39111010,石油樹脂,印度,出口總值(含復出口),771,646100
2022-8,39111010,石油樹脂,西班牙,出口總值(含復出口),274,240000
2022-8,39111010,石油樹脂,沙烏地阿拉伯,出口總值(含復出口),24,16000
2022-8,39111010,石油樹脂,孟加拉,出口總值(含復出口),44,40000
2022-8,39111010,石油樹脂,波蘭,出口總值(含復出口),32,14000
2022-8,39111010,石油樹脂,法國,出口總值(含復出口),121,100000
2022-8,39111010,石油樹脂,俄羅斯,出口總值(含復出口),39,32000
2022-8,39111010,石油樹脂,南非,出口總值(含復出口),45,36000
2022-8,39111010,石油樹脂,南韓,出口總值(含復出口),113,86000
2022-8,39111010,石油樹脂,美國,出口總值(含復出口),386,200375
2022-8,39111010,石油樹脂,英國,出口總值(含復出口),38,24000
2022-8,39111010,石油樹脂,泰國,出口總值(含復出口),450,343825
2022-8,39111010,石油樹脂,馬來西亞,出口總值(含復出口),173,109000
2022-8,39111010,石油樹脂,荷蘭,出口總值(含復出口),213,164000
2022-8,39111010,石油樹脂,菲律賓,出口總值(含復出口),48,37500
2022-8,39111010,石油樹脂,越南,出口總值(含復出口),511,254535
2022-8,39111010,石油樹脂,義大利,出口總值(含復出口),78,48000
2022-8,39111010,石油樹脂,德國,出口總值(含復出口),137,105000
2022-8,39111010,石油樹脂,緬甸,出口總值(含復出口),130,133000
2022-8,39111010,石油樹脂,澳大利亞,出口總值(含復出口),113,63000
2022-8,39219010,玻璃纖維強化塑膠板、片及扁條,中國大陸,進口總值(含復進口),556,93091
2022-8,39219010,玻璃纖維強化塑膠板、片及扁條,日本,進口總值(含復進口),1200,39642
2022-8,39219010,玻璃纖維強化塑膠板、片及扁條,南韓,進口總值(含復進口),2169,77311
2022-8,39219010,玻璃纖維強化塑膠板、片及扁條,美國,進口總值(含復進口),120,3018
2022-8,39219010,玻璃纖維強化塑膠板、片及扁條,香港,進口總值(含復進口),16,100
2022-8,39219010,玻璃纖維強化塑膠板、片及扁條,泰國,進口總值(含復進口),249,11873
2022-8,39219010,玻璃纖維強化塑膠板、片及扁條,奧地利,進口總值(含復進口),3,19
2022-8,39219010,玻璃纖維強化塑膠板、片及扁條,愛爾蘭,進口總值(含復進口),127,2563
2022-8,39219010,玻璃纖維強化塑膠板、片及扁條,德國,進口總值(含復進口),50,5017
2022-8,39219010,玻璃纖維強化塑膠板、片及扁條,墨西哥,進口總值(含復進口),31,442
2022-8,39219010,玻璃纖維強化塑膠板、片及扁條,羅馬尼亞,進口總值(含復進口),19,549
2022-8,39219010,玻璃纖維強化塑膠板、片及扁條,中國大陸,出口總值(含復出口),554,19383
2022-8,39219010,玻璃纖維強化塑膠板、片及扁條,丹麥,出口總值(含復出口),296,23588
2022-8,39219010,玻璃纖維強化塑膠板、片及扁條,巴西,出口總值(含復出口),7,29
2022-8,39219010,玻璃纖維強化塑膠板、片及扁條,日本,出口總值(含復出口),266,35403
2022-8,39219010,玻璃纖維強化塑膠板、片及扁條,瓜地馬拉,出口總值(含復出口),3,265
2022-8,39219010,玻璃纖維強化塑膠板、片及扁條,印尼,出口總值(含復出口),32,2741
2022-8,39219010,玻璃纖維強化塑膠板、片及扁條,印度,出口總值(含復出口),129,14480
2022-8,39219010,玻璃纖維強化塑膠板、片及扁條,沙烏地阿拉伯,出口總值(含復出口),26,3158
2022-8,39219010,玻璃纖維強化塑膠板、片及扁條,帛琉,出口總值(含復出口),27,8901
2022-8,39219010,玻璃纖維強化塑膠板、片及扁條,南韓,出口總值(含復出口),363,18820
2022-8,39219010,玻璃纖維強化塑膠板、片及扁條,美國,出口總值(含復出口),163,34583
2022-8,39219010,玻璃纖維強化塑膠板、片及扁條,香港,出口總值(含復出口),23,102
2022-8,39219010,玻璃纖維強化塑膠板、片及扁條,泰國,出口總值(含復出口),1555,220073
2022-8,39219010,玻璃纖維強化塑膠板、片及扁條,馬來西亞,出口總值(含復出口),29,5125
2022-8,39219010,玻璃纖維強化塑膠板、片及扁條,菲律賓,出口總值(含復出口),2,10
2022-8,39219010,玻璃纖維強化塑膠板、片及扁條,越南,出口總值(含復出口),502,52361
2022-8,39219010,玻璃纖維強化塑膠板、片及扁條,義大利,出口總值(含復出口),2,124
2022-8,39219010,玻璃纖維強化塑膠板、片及扁條,德國,出口總值(含復出口),193,19619
2022-8,39219010,玻璃纖維強化塑膠板、片及扁條,澳大利亞,出口總值(含復出口),1,31
2022-9,39095000,聚胺基甲酸乙酯，初級狀態,中國大陸,進口總值(含復進口),4055,1020845
2022-9,39095000,聚胺基甲酸乙酯，初級狀態,中華民國,進口總值(含復進口),39,2800
2022-9,39095000,聚胺基甲酸乙酯，初級狀態,日本,進口總值(含復進口),620,99839
2022-9,39095000,聚胺基甲酸乙酯，初級狀態,比利時,進口總值(含復進口),1,50
2022-9,39095000,聚胺基甲酸乙酯，初級狀態,匈牙利,進口總值(含復進口),1,125
2022-9,39095000,聚胺基甲酸乙酯，初級狀態,印尼,進口總值(含復進口),57,21024
2022-9,39095000,聚胺基甲酸乙酯，初級狀態,印度,進口總值(含復進口),50,9600
2022-9,39095000,聚胺基甲酸乙酯，初級狀態,西班牙,進口總值(含復進口),69,9700
2022-9,39095000,聚胺基甲酸乙酯，初級狀態,法國,進口總值(含復進口),20,1000
2022-9,39095000,聚胺基甲酸乙酯，初級狀態,南韓,進口總值(含復進口),377,80600
2022-9,39095000,聚胺基甲酸乙酯，初級狀態,美國,進口總值(含復進口),1896,144632
2022-9,39095000,聚胺基甲酸乙酯，初級狀態,英國,進口總值(含復進口),3,170
2022-9,39095000,聚胺基甲酸乙酯，初級狀態,馬來西亞,進口總值(含復進口),88,8000
2022-9,39095000,聚胺基甲酸乙酯，初級狀態,越南,進口總值(含復進口),8,25000
2022-9,39095000,聚胺基甲酸乙酯，初級狀態,新加坡,進口總值(含復進口),69,14090
2022-9,39095000,聚胺基甲酸乙酯，初級狀態,義大利,進口總值(含復進口),205,21860
2022-9,39095000,聚胺基甲酸乙酯，初級狀態,德國,進口總值(含復進口),5273,705543
2022-9,39095000,聚胺基甲酸乙酯，初級狀態,土耳其,出口總值(含復出口),190,42930
2022-9,39095000,聚胺基甲酸乙酯，初級狀態,中國大陸,出口總值(含復出口),12128,2616486
2022-9,39095000,聚胺基甲酸乙酯，初級狀態,巴西,出口總值(含復出口),255,54220
2022-9,39095000,聚胺基甲酸乙酯，初級狀態,巴林,出口總值(含復出口),3,600
2022-9,39095000,聚胺基甲酸乙酯，初級狀態,日本,出口總值(含復出口),98,18540
2022-9,39095000,聚胺基甲酸乙酯，初級狀態,比利時,出口總值(含復出口),285,56000
2022-9,39095000,聚胺基甲酸乙酯，初級狀態,印尼,出口總值(含復出口),2787,537380
2022-9,39095000,聚胺基甲酸乙酯，初級狀態,印度,出口總值(含復出口),982,188538
2022-9,39095000,聚胺基甲酸乙酯，初級狀態,孟加拉,出口總值(含復出口),88,16090
2022-9,39095000,聚胺基甲酸乙酯，初級狀態,法國,出口總值(含復出口),14,3192
2022-9,39095000,聚胺基甲酸乙酯，初級狀態,肯亞,出口總值(含復出口),32,168
2022-9,39095000,聚胺基甲酸乙酯，初級狀態,阿拉伯聯合大公國,出口總值(含復出口),279,65750
2022-9,39095000,聚胺基甲酸乙酯，初級狀態,南非,出口總值(含復出口),158,34001
2022-9,39095000,聚胺基甲酸乙酯，初級狀態,南韓,出口總值(含復出口),250,44885
2022-9,39095000,聚胺基甲酸乙酯，初級狀態,柬埔寨,出口總值(含復出口),5,1000
2022-9,39095000,聚胺基甲酸乙酯，初級狀態,約旦,出口總值(含復出口),64,17000
2022-9,39095000,聚胺基甲酸乙酯，初級狀態,美國,出口總值(含復出口),403,68850
2022-9,39095000,聚胺基甲酸乙酯，初級狀態,香港,出口總值(含復出口),68,90842
2022-9,39095000,聚胺基甲酸乙酯，初級狀態,哥斯大黎加,出口總值(含復出口),4,1380
2022-9,39095000,聚胺基甲酸乙酯，初級狀態,泰國,出口總值(含復出口),617,176298
2022-9,39095000,聚胺基甲酸乙酯，初級狀態,馬來西亞,出口總值(含復出口),748,246665
2022-9,39095000,聚胺基甲酸乙酯，初級狀態,荷蘭,出口總值(含復出口),417,68700
2022-9,39095000,聚胺基甲酸乙酯，初級狀態,斯里蘭卡,出口總值(含復出口),5,1500
2022-9,39095000,聚胺基甲酸乙酯，初級狀態,菲律賓,出口總值(含復出口),51,13170
2022-9,39095000,聚胺基甲酸乙酯，初級狀態,越南,出口總值(含復出口),14271,2905538
2022-9,39095000,聚胺基甲酸乙酯，初級狀態,新加坡,出口總值(含復出口),117,28480
2022-9,39095000,聚胺基甲酸乙酯，初級狀態,瑞典,出口總值(含復出口),58,9000
2022-9,39095000,聚胺基甲酸乙酯，初級狀態,義大利,出口總值(含復出口),82,20000
2022-9,39095000,聚胺基甲酸乙酯，初級狀態,德國,出口總值(含復出口),266,53100
2022-9,39095000,聚胺基甲酸乙酯，初級狀態,澳大利亞,出口總值(含復出口),61,14000
2022-9,39100010,矽油,中國大陸,進口總值(含復進口),1811,494072
2022-9,39100010,矽油,日本,進口總值(含復進口),1224,73613
2022-9,39100010,矽油,法國,進口總值(含復進口),2,6
2022-9,39100010,矽油,南韓,進口總值(含復進口),21,608
2022-9,39100010,矽油,美國,進口總值(含復進口),90,1360
2022-9,39100010,矽油,英國,進口總值(含復進口),0,3
2022-9,39100010,矽油,泰國,進口總值(含復進口),251,56480
2022-9,39100010,矽油,荷蘭,進口總值(含復進口),0,22
2022-9,39100010,矽油,德國,進口總值(含復進口),283,33150
2022-9,39100010,矽油,中國大陸,出口總值(含復出口),117,17814
2022-9,39100010,矽油,巴基斯坦,出口總值(含復出口),44,15000
2022-9,39100010,矽油,印尼,出口總值(含復出口),3,473
2022-9,39100010,矽油,智利,出口總值(含復出口),0,29
2022-9,39100010,矽油,菲律賓,出口總值(含復出口),4,525
2022-9,39100010,矽油,越南,出口總值(含復出口),64,11030
2022-9,39100010,矽油,新加坡,出口總值(含復出口),3,101
2022-9,39111010,石油樹脂,中國大陸,進口總值(含復進口),514,286100
2022-9,39111010,石油樹脂,日本,進口總值(含復進口),183,56610
2022-9,39111010,石油樹脂,南韓,進口總值(含復進口),77,36400
2022-9,39111010,石油樹脂,美國,進口總值(含復進口),102,41310
2022-9,39111010,石油樹脂,泰國,進口總值(含復進口),97,49000
2022-9,39111010,石油樹脂,新加坡,進口總值(含復進口),123,58500
2022-9,39111010,石油樹脂,德國,進口總值(含復進口),28,10000
2022-9,39111010,石油樹脂,土耳其,出口總值(含復出口),86,67000
2022-9,39111010,石油樹脂,中國大陸,出口總值(含復出口),2318,1180785
2022-9,39111010,石油樹脂,巴西,出口總值(含復出口),84,74000
2022-9,39111010,石油樹脂,日本,出口總值(含復出口),466,266050
2022-9,39111010,石油樹脂,加拿大,出口總值(含復出口),79,75000
2022-9,39111010,石油樹脂,印尼,出口總值(含復出口),290,172800
2022-9,39111010,石油樹脂,印度,出口總值(含復出口),541,451180
2022-9,39111010,石油樹脂,西班牙,出口總值(含復出口),574,480000
2022-9,39111010,石油樹脂,克羅埃西亞,出口總值(含復出口),78,64000
2022-9,39111010,石油樹脂,希臘,出口總值(含復出口),19,16000
2022-9,39111010,石油樹脂,孟加拉,出口總值(含復出口),109,101000
2022-9,39111010,石油樹脂,波蘭,出口總值(含復出口),33,14000
2022-9,39111010,石油樹脂,法國,出口總值(含復出口),118,100000
2022-9,39111010,石油樹脂,南非,出口總值(含復出口),20,19000
2022-9,39111010,石油樹脂,南韓,出口總值(含復出口),57,47100
2022-9,39111010,石油樹脂,柬埔寨,出口總值(含復出口),14,9000
2022-9,39111010,石油樹脂,美國,出口總值(含復出口),297,151750
2022-9,39111010,石油樹脂,英國,出口總值(含復出口),38,24000
2022-9,39111010,石油樹脂,香港,出口總值(含復出口),7,2235
2022-9,39111010,石油樹脂,泰國,出口總值(含復出口),181,135000
2022-9,39111010,石油樹脂,馬來西亞,出口總值(含復出口),229,148000
2022-9,39111010,石油樹脂,荷蘭,出口總值(含復出口),298,235000
2022-9,39111010,石油樹脂,菲律賓,出口總值(含復出口),38,15000
2022-9,39111010,石油樹脂,越南,出口總值(含復出口),467,274050
2022-9,39111010,石油樹脂,緬甸,出口總值(含復出口),14,9000
2022-9,39111010,石油樹脂,澳大利亞,出口總值(含復出口),158,90500
2022-9,39219010,玻璃纖維強化塑膠板、片及扁條,中國大陸,進口總值(含復進口),292,29698
2022-9,39219010,玻璃纖維強化塑膠板、片及扁條,日本,進口總值(含復進口),989,5911
2022-9,39219010,玻璃纖維強化塑膠板、片及扁條,法國,進口總值(含復進口),88,8170
2022-9,39219010,玻璃纖維強化塑膠板、片及扁條,南韓,進口總值(含復進口),1607,75904
2022-9,39219010,玻璃纖維強化塑膠板、片及扁條,美國,進口總值(含復進口),192,5805
2022-9,39219010,玻璃纖維強化塑膠板、片及扁條,香港,進口總值(含復進口),7,44
2022-9,39219010,玻璃纖維強化塑膠板、片及扁條,泰國,進口總值(含復進口),374,16845
2022-9,39219010,玻璃纖維強化塑膠板、片及扁條,愛爾蘭,進口總值(含復進口),5,75
2022-9,39219010,玻璃纖維強化塑膠板、片及扁條,瑞典,進口總值(含復進口),0,0
2022-9,39219010,玻璃纖維強化塑膠板、片及扁條,義大利,進口總值(含復進口),0,7
2022-9,39219010,玻璃纖維強化塑膠板、片及扁條,德國,進口總值(含復進口),1,10
2022-9,39219010,玻璃纖維強化塑膠板、片及扁條,中國大陸,出口總值(含復出口),665,17841
2022-9,39219010,玻璃纖維強化塑膠板、片及扁條,丹麥,出口總值(含復出口),293,23588
2022-9,39219010,玻璃纖維強化塑膠板、片及扁條,日本,出口總值(含復出口),238,32925
2022-9,39219010,玻璃纖維強化塑膠板、片及扁條,瓜地馬拉,出口總值(含復出口),5,135
2022-9,39219010,玻璃纖維強化塑膠板、片及扁條,印尼,出口總值(含復出口),11,823
2022-9,39219010,玻璃纖維強化塑膠板、片及扁條,印度,出口總值(含復出口),143,18558
2022-9,39219010,玻璃纖維強化塑膠板、片及扁條,沙烏地阿拉伯,出口總值(含復出口),64,8511
2022-9,39219010,玻璃纖維強化塑膠板、片及扁條,阿拉伯聯合大公國,出口總值(含復出口),49,2850
2022-9,39219010,玻璃纖維強化塑膠板、片及扁條,南韓,出口總值(含復出口),346,24082
2022-9,39219010,玻璃纖維強化塑膠板、片及扁條,美國,出口總值(含復出口),195,28238
2022-9,39219010,玻璃纖維強化塑膠板、片及扁條,泰國,出口總值(含復出口),1385,197179
2022-9,39219010,玻璃纖維強化塑膠板、片及扁條,馬來西亞,出口總值(含復出口),29,5439
2022-9,39219010,玻璃纖維強化塑膠板、片及扁條,越南,出口總值(含復出口),220,23995
2022-9,39219010,玻璃纖維強化塑膠板、片及扁條,新加坡,出口總值(含復出口),25,3028
2022-9,39219010,玻璃纖維強化塑膠板、片及扁條,葡萄牙,出口總值(含復出口),15,417
2022-9,39219010,玻璃纖維強化塑膠板、片及扁條,德國,出口總值(含復出口),189,20751
2022-10,39095000,聚胺基甲酸乙酯，初級狀態,中國大陸,進口總值(含復進口),7571,1870555
2022-10,39095000,聚胺基甲酸乙酯，初級狀態,中華民國,進口總值(含復進口),1,796
2022-10,39095000,聚胺基甲酸乙酯，初級狀態,日本,進口總值(含復進口),763,124585
2022-10,39095000,聚胺基甲酸乙酯，初級狀態,印尼,進口總值(含復進口),92,34560
2022-10,39095000,聚胺基甲酸乙酯，初級狀態,印度,進口總值(含復進口),101,30650
2022-10,39095000,聚胺基甲酸乙酯，初級狀態,西班牙,進口總值(含復進口),388,62250
2022-10,39095000,聚胺基甲酸乙酯，初級狀態,法國,進口總值(含復進口),169,25000
2022-10,39095000,聚胺基甲酸乙酯，初級狀態,南韓,進口總值(含復進口),346,115068
2022-10,39095000,聚胺基甲酸乙酯，初級狀態,美國,進口總值(含復進口),2621,221438
2022-10,39095000,聚胺基甲酸乙酯，初級狀態,英國,進口總值(含復進口),28,2301
2022-10,39095000,聚胺基甲酸乙酯，初級狀態,香港,進口總值(含復進口),0,25
2022-10,39095000,聚胺基甲酸乙酯，初級狀態,馬來西亞,進口總值(含復進口),17,2028
2022-10,39095000,聚胺基甲酸乙酯，初級狀態,荷蘭,進口總值(含復進口),105,12986
2022-10,39095000,聚胺基甲酸乙酯，初級狀態,越南,進口總值(含復進口),9,25420
2022-10,39095000,聚胺基甲酸乙酯，初級狀態,新加坡,進口總值(含復進口),227,64895
2022-10,39095000,聚胺基甲酸乙酯，初級狀態,義大利,進口總值(含復進口),124,23380
2022-10,39095000,聚胺基甲酸乙酯，初級狀態,德國,進口總值(含復進口),708,95432
2022-10,39095000,聚胺基甲酸乙酯，初級狀態,澳大利亞,進口總值(含復進口),1,5
2022-10,39095000,聚胺基甲酸乙酯，初級狀態,土耳其,出口總值(含復出口),87,16000
2022-10,39095000,聚胺基甲酸乙酯，初級狀態,中國大陸,出口總值(含復出口),14888,3188232
2022-10,39095000,聚胺基甲酸乙酯，初級狀態,巴西,出口總值(含復出口),252,62200
2022-10,39095000,聚胺基甲酸乙酯，初級狀態,巴基斯坦,出口總值(含復出口),31,7300
2022-10,39095000,聚胺基甲酸乙酯，初級狀態,日本,出口總值(含復出口),114,23006
2022-10,39095000,聚胺基甲酸乙酯，初級狀態,比利時,出口總值(含復出口),1066,212800
2022-10,39095000,聚胺基甲酸乙酯，初級狀態,卡達,出口總值(含復出口),10,1960
2022-10,39095000,聚胺基甲酸乙酯，初級狀態,印尼,出口總值(含復出口),1580,429789
2022-10,39095000,聚胺基甲酸乙酯，初級狀態,印度,出口總值(含復出口),964,202952
2022-10,39095000,聚胺基甲酸乙酯，初級狀態,西班牙,出口總值(含復出口),82,22500
2022-10,39095000,聚胺基甲酸乙酯，初級狀態,沙烏地阿拉伯,出口總值(含復出口),54,17173
2022-10,39095000,聚胺基甲酸乙酯，初級狀態,孟加拉,出口總值(含復出口),94,25000
2022-10,39095000,聚胺基甲酸乙酯，初級狀態,法國,出口總值(含復出口),10,2302
2022-10,39095000,聚胺基甲酸乙酯，初級狀態,阿拉伯聯合大公國,出口總值(含復出口),317,68540
2022-10,39095000,聚胺基甲酸乙酯，初級狀態,保加利亞,出口總值(含復出口),3,690
2022-10,39095000,聚胺基甲酸乙酯，初級狀態,南韓,出口總值(含復出口),596,136555
2022-10,39095000,聚胺基甲酸乙酯，初級狀態,美國,出口總值(含復出口),490,55394
2022-10,39095000,聚胺基甲酸乙酯，初級狀態,香港,出口總值(含復出口),272,79896
2022-10,39095000,聚胺基甲酸乙酯，初級狀態,泰國,出口總值(含復出口),959,315918
2022-10,39095000,聚胺基甲酸乙酯，初級狀態,秘魯,出口總值(含復出口),15,3060
2022-10,39095000,聚胺基甲酸乙酯，初級狀態,馬來西亞,出口總值(含復出口),527,147980
2022-10,39095000,聚胺基甲酸乙酯，初級狀態,荷蘭,出口總值(含復出口),737,147130
2022-10,39095000,聚胺基甲酸乙酯，初級狀態,斯里蘭卡,出口總值(含復出口),12,2600
2022-10,39095000,聚胺基甲酸乙酯，初級狀態,菲律賓,出口總值(含復出口),50,10872
2022-10,39095000,聚胺基甲酸乙酯，初級狀態,越南,出口總值(含復出口),10172,2388482
2022-10,39095000,聚胺基甲酸乙酯，初級狀態,新加坡,出口總值(含復出口),167,39695
2022-10,39095000,聚胺基甲酸乙酯，初級狀態,瑞典,出口總值(含復出口),13,3000
2022-10,39095000,聚胺基甲酸乙酯，初級狀態,德國,出口總值(含復出口),17,3000
2022-10,39095000,聚胺基甲酸乙酯，初級狀態,摩洛哥,出口總值(含復出口),77,16250
2022-10,39095000,聚胺基甲酸乙酯，初級狀態,澳大利亞,出口總值(含復出口),46,11000
2022-10,39100010,矽油,中國大陸,進口總值(含復進口),1472,350470
2022-10,39100010,矽油,日本,進口總值(含復進口),2649,247273
2022-10,39100010,矽油,比利時,進口總值(含復進口),3,400
2022-10,39100010,矽油,加拿大,進口總值(含復進口),20,600
2022-10,39100010,矽油,西班牙,進口總值(含復進口),46,9500
2022-10,39100010,矽油,南韓,進口總值(含復進口),47,2901
2022-10,39100010,矽油,美國,進口總值(含復進口),109,5534
2022-10,39100010,矽油,英國,進口總值(含復進口),106,34000
2022-10,39100010,矽油,泰國,進口總值(含復進口),140,25920
2022-10,39100010,矽油,馬來西亞,進口總值(含復進口),9,1600
2022-10,39100010,矽油,荷蘭,進口總值(含復進口),1,12
2022-10,39100010,矽油,德國,進口總值(含復進口),88,9054
2022-10,39100010,矽油,中國大陸,出口總值(含復出口),498,51547
2022-10,39100010,矽油,印尼,出口總值(含復出口),27,6320
2022-10,39100010,矽油,印度,出口總值(含復出口),1,24
2022-10,39100010,矽油,香港,出口總值(含復出口),11,528
2022-10,39100010,矽油,馬來西亞,出口總值(含復出口),29,2400
2022-10,39100010,矽油,越南,出口總值(含復出口),24,2413
2022-10,39100010,矽油,義大利,出口總值(含復出口),4,64
2022-10,39111010,石油樹脂,中國大陸,進口總值(含復進口),561,330850
2022-10,39111010,石油樹脂,日本,進口總值(含復進口),289,111270
2022-10,39111010,石油樹脂,南韓,進口總值(含復進口),161,78050
2022-10,39111010,石油樹脂,美國,進口總值(含復進口),170,32144
2022-10,39111010,石油樹脂,新加坡,進口總值(含復進口),79,38200
2022-10,39111010,石油樹脂,土耳其,出口總值(含復出口),183,146000
2022-10,39111010,石油樹脂,中國大陸,出口總值(含復出口),2367,1247967
2022-10,39111010,石油樹脂,巴西,出口總值(含復出口),62,50000
2022-10,39111010,石油樹脂,日本,出口總值(含復出口),577,385500
2022-10,39111010,石油樹脂,比利時,出口總值(含復出口),54,22750
2022-10,39111010,石油樹脂,印尼,出口總值(含復出口),460,267550
2022-10,39111010,石油樹脂,印度,出口總值(含復出口),599,529300
2022-10,39111010,石油樹脂,西班牙,出口總值(含復出口),577,480000
2022-10,39111010,石油樹脂,孟加拉,出口總值(含復出口),77,75000
2022-10,39111010,石油樹脂,法國,出口總值(含復出口),190,150000
2022-10,39111010,石油樹脂,俄羅斯,出口總值(含復出口),58,48000
2022-10,39111010,石油樹脂,南非,出口總值(含復出口),22,16000
2022-10,39111010,石油樹脂,南韓,出口總值(含復出口),134,108000
2022-10,39111010,石油樹脂,美國,出口總值(含復出口),174,72375
2022-10,39111010,石油樹脂,英國,出口總值(含復出口),72,52000
2022-10,39111010,石油樹脂,哥倫比亞,出口總值(含復出口),24,16000
2022-10,39111010,石油樹脂,泰國,出口總值(含復出口),236,172000
2022-10,39111010,石油樹脂,馬來西亞,出口總值(含復出口),242,158000
2022-10,39111010,石油樹脂,荷蘭,出口總值(含復出口),604,525000
2022-10,39111010,石油樹脂,菲律賓,出口總值(含復出口),23,10500
2022-10,39111010,石油樹脂,越南,出口總值(含復出口),884,500030
2022-10,39111010,石油樹脂,瑞典,出口總值(含復出口),91,60000
2022-10,39111010,石油樹脂,義大利,出口總值(含復出口),107,64000
2022-10,39111010,石油樹脂,德國,出口總值(含復出口),39,30000
2022-10,39111010,石油樹脂,緬甸,出口總值(含復出口),134,146000
2022-10,39111010,石油樹脂,澳大利亞,出口總值(含復出口),141,77500
2022-10,39219010,玻璃纖維強化塑膠板、片及扁條,土耳其,進口總值(含復進口),0,4
2022-10,39219010,玻璃纖維強化塑膠板、片及扁條,中國大陸,進口總值(含復進口),314,53793
2022-10,39219010,玻璃纖維強化塑膠板、片及扁條,丹麥,進口總值(含復進口),6,139
2022-10,39219010,玻璃纖維強化塑膠板、片及扁條,日本,進口總值(含復進口),1204,60710
2022-10,39219010,玻璃纖維強化塑膠板、片及扁條,法國,進口總值(含復進口),1,8
2022-10,39219010,玻璃纖維強化塑膠板、片及扁條,南韓,進口總值(含復進口),638,76270
2022-10,39219010,玻璃纖維強化塑膠板、片及扁條,美國,進口總值(含復進口),175,2035
2022-10,39219010,玻璃纖維強化塑膠板、片及扁條,香港,進口總值(含復進口),13,84
2022-10,39219010,玻璃纖維強化塑膠板、片及扁條,泰國,進口總值(含復進口),166,4769
2022-10,39219010,玻璃纖維強化塑膠板、片及扁條,愛爾蘭,進口總值(含復進口),36,542
2022-10,39219010,玻璃纖維強化塑膠板、片及扁條,德國,進口總值(含復進口),63,222
2022-10,39219010,玻璃纖維強化塑膠板、片及扁條,墨西哥,進口總值(含復進口),10,91
2022-10,39219010,玻璃纖維強化塑膠板、片及扁條,中國大陸,出口總值(含復出口),349,9986
2022-10,39219010,玻璃纖維強化塑膠板、片及扁條,日本,出口總值(含復出口),334,51376
2022-10,39219010,玻璃纖維強化塑膠板、片及扁條,印尼,出口總值(含復出口),5,426
2022-10,39219010,玻璃纖維強化塑膠板、片及扁條,印度,出口總值(含復出口),242,25392
2022-10,39219010,玻璃纖維強化塑膠板、片及扁條,阿拉伯聯合大公國,出口總值(含復出口),3,535
2022-10,39219010,玻璃纖維強化塑膠板、片及扁條,南韓,出口總值(含復出口),195,12462
2022-10,39219010,玻璃纖維強化塑膠板、片及扁條,美國,出口總值(含復出口),269,20285
2022-10,39219010,玻璃纖維強化塑膠板、片及扁條,香港,出口總值(含復出口),58,484
2022-10,39219010,玻璃纖維強化塑膠板、片及扁條,泰國,出口總值(含復出口),1732,246689
2022-10,39219010,玻璃纖維強化塑膠板、片及扁條,馬來西亞,出口總值(含復出口),110,19748
2022-10,39219010,玻璃纖維強化塑膠板、片及扁條,越南,出口總值(含復出口),536,58865
2022-10,39219010,玻璃纖維強化塑膠板、片及扁條,義大利,出口總值(含復出口),32,5658
2022-10,39219010,玻璃纖維強化塑膠板、片及扁條,葡萄牙,出口總值(含復出口),15,412
2022-10,39219010,玻璃纖維強化塑膠板、片及扁條,德國,出口總值(含復出口),176,24313
2022-10,39219010,玻璃纖維強化塑膠板、片及扁條,墨西哥,出口總值(含復出口),22,1608
2022-11,39095000,聚胺基甲酸乙酯，初級狀態,中國大陸,進口總值(含復進口),2680,656843
2022-11,39095000,聚胺基甲酸乙酯，初級狀態,中華民國,進口總值(含復進口),43,17180
2022-11,39095000,聚胺基甲酸乙酯，初級狀態,日本,進口總值(含復進口),535,70820
2022-11,39095000,聚胺基甲酸乙酯，初級狀態,印尼,進口總值(含復進口),30,11520
2022-11,39095000,聚胺基甲酸乙酯，初級狀態,印度,進口總值(含復進口),162,45025
2022-11,39095000,聚胺基甲酸乙酯，初級狀態,西班牙,進口總值(含復進口),235,45000
2022-11,39095000,聚胺基甲酸乙酯，初級狀態,南韓,進口總值(含復進口),277,91319
2022-11,39095000,聚胺基甲酸乙酯，初級狀態,美國,進口總值(含復進口),3935,269993
2022-11,39095000,聚胺基甲酸乙酯，初級狀態,英國,進口總值(含復進口),1,29
2022-11,39095000,聚胺基甲酸乙酯，初級狀態,馬來西亞,進口總值(含復進口),68,12940
2022-11,39095000,聚胺基甲酸乙酯，初級狀態,荷蘭,進口總值(含復進口),2,72
2022-11,39095000,聚胺基甲酸乙酯，初級狀態,越南,進口總值(含復進口),52,51520
2022-11,39095000,聚胺基甲酸乙酯，初級狀態,新加坡,進口總值(含復進口),50,12715
2022-11,39095000,聚胺基甲酸乙酯，初級狀態,義大利,進口總值(含復進口),71,15289
2022-11,39095000,聚胺基甲酸乙酯，初級狀態,德國,進口總值(含復進口),566,85686
2022-11,39095000,聚胺基甲酸乙酯，初級狀態,土耳其,出口總值(含復出口),68,11500
2022-11,39095000,聚胺基甲酸乙酯，初級狀態,中國大陸,出口總值(含復出口),16863,4183148
2022-11,39095000,聚胺基甲酸乙酯，初級狀態,巴西,出口總值(含復出口),67,15000
2022-11,39095000,聚胺基甲酸乙酯，初級狀態,巴基斯坦,出口總值(含復出口),30,10800
2022-11,39095000,聚胺基甲酸乙酯，初級狀態,日本,出口總值(含復出口),306,62051
2022-11,39095000,聚胺基甲酸乙酯，初級狀態,比利時,出口總值(含復出口),262,70000
2022-11,39095000,聚胺基甲酸乙酯，初級狀態,卡達,出口總值(含復出口),73,17648
2022-11,39095000,聚胺基甲酸乙酯，初級狀態,印尼,出口總值(含復出口),1524,333034
2022-11,39095000,聚胺基甲酸乙酯，初級狀態,印度,出口總值(含復出口),703,126664
2022-11,39095000,聚胺基甲酸乙酯，初級狀態,西班牙,出口總值(含復出口),25,5000
2022-11,39095000,聚胺基甲酸乙酯，初級狀態,孟加拉,出口總值(含復出口),53,24400
2022-11,39095000,聚胺基甲酸乙酯，初級狀態,阿拉伯聯合大公國,出口總值(含復出口),75,12800
2022-11,39095000,聚胺基甲酸乙酯，初級狀態,阿根廷,出口總值(含復出口),2,400
2022-11,39095000,聚胺基甲酸乙酯，初級狀態,南非,出口總值(含復出口),26,4300
2022-11,39095000,聚胺基甲酸乙酯，初級狀態,南韓,出口總值(含復出口),292,66140
2022-11,39095000,聚胺基甲酸乙酯，初級狀態,美國,出口總值(含復出口),296,63275
2022-11,39095000,聚胺基甲酸乙酯，初級狀態,香港,出口總值(含復出口),92,59057
2022-11,39095000,聚胺基甲酸乙酯，初級狀態,哥倫比亞,出口總值(含復出口),12,2400
2022-11,39095000,聚胺基甲酸乙酯，初級狀態,泰國,出口總值(含復出口),1320,404140
2022-11,39095000,聚胺基甲酸乙酯，初級狀態,烏拉圭,出口總值(含復出口),4,1000
2022-11,39095000,聚胺基甲酸乙酯，初級狀態,秘魯,出口總值(含復出口),8,800
2022-11,39095000,聚胺基甲酸乙酯，初級狀態,馬來西亞,出口總值(含復出口),511,187784
2022-11,39095000,聚胺基甲酸乙酯，初級狀態,荷蘭,出口總值(含復出口),242,37800
2022-11,39095000,聚胺基甲酸乙酯，初級狀態,斯里蘭卡,出口總值(含復出口),18,5000
2022-11,39095000,聚胺基甲酸乙酯，初級狀態,菲律賓,出口總值(含復出口),120,28394
2022-11,39095000,聚胺基甲酸乙酯，初級狀態,越南,出口總值(含復出口),11038,2339668
2022-11,39095000,聚胺基甲酸乙酯，初級狀態,新加坡,出口總值(含復出口),152,38320
2022-11,39095000,聚胺基甲酸乙酯，初級狀態,瑞典,出口總值(含復出口),42,8400
2022-11,39095000,聚胺基甲酸乙酯，初級狀態,德國,出口總值(含復出口),198,32102
2022-11,39095000,聚胺基甲酸乙酯，初級狀態,澳門,出口總值(含復出口),5,1340
2022-11,39100010,矽油,中國大陸,進口總值(含復進口),1318,471355
2022-11,39100010,矽油,日本,進口總值(含復進口),770,66547
2022-11,39100010,矽油,比利時,進口總值(含復進口),1,100
2022-11,39100010,矽油,加拿大,進口總值(含復進口),250,9240
2022-11,39100010,矽油,西班牙,進口總值(含復進口),7,400
2022-11,39100010,矽油,法國,進口總值(含復進口),0,25
2022-11,39100010,矽油,南韓,進口總值(含復進口),83,4088
2022-11,39100010,矽油,美國,進口總值(含復進口),411,24506
2022-11,39100010,矽油,英國,進口總值(含復進口),0,3
2022-11,39100010,矽油,泰國,進口總值(含復進口),302,72320
2022-11,39100010,矽油,馬來西亞,進口總值(含復進口),14,2000
2022-11,39100010,矽油,義大利,進口總值(含復進口),36,10000
2022-11,39100010,矽油,德國,進口總值(含復進口),277,26216
2022-11,39100010,矽油,中國大陸,出口總值(含復出口),907,87152
2022-11,39100010,矽油,巴西,出口總值(含復出口),1,6
2022-11,39100010,矽油,印尼,出口總值(含復出口),42,12015
2022-11,39100010,矽油,泰國,出口總值(含復出口),215,41418
2022-11,39100010,矽油,秘魯,出口總值(含復出口),5,190
2022-11,39100010,矽油,馬來西亞,出口總值(含復出口),10,380
2022-11,39100010,矽油,越南,出口總值(含復出口),72,11524
2022-11,39100010,矽油,德國,出口總值(含復出口),19,4800
2022-11,39100010,矽油,薩爾瓦多,出口總值(含復出口),3,1000
2022-11,39111010,石油樹脂,中國大陸,進口總值(含復進口),1127,722250
2022-11,39111010,石油樹脂,日本,進口總值(含復進口),337,113745
2022-11,39111010,石油樹脂,南韓,進口總值(含復進口),95,60000
2022-11,39111010,石油樹脂,美國,進口總值(含復進口),70,26259
2022-11,39111010,石油樹脂,泰國,進口總值(含復進口),36,14000
2022-11,39111010,石油樹脂,荷蘭,進口總值(含復進口),57,18000
2022-11,39111010,石油樹脂,新加坡,進口總值(含復進口),294,137250
2022-11,39111010,石油樹脂,土耳其,出口總值(含復出口),241,200000
2022-11,39111010,石油樹脂,中國大陸,出口總值(含復出口),4789,2315515
2022-11,39111010,石油樹脂,巴西,出口總值(含復出口),136,97750
2022-11,39111010,石油樹脂,日本,出口總值(含復出口),981,570250
2022-11,39111010,石油樹脂,比利時,出口總值(含復出口),25,22000
2022-11,39111010,石油樹脂,加拿大,出口總值(含復出口),75,75000
2022-11,39111010,石油樹脂,立陶宛,出口總值(含復出口),3,400
2022-11,39111010,石油樹脂,印尼,出口總值(含復出口),743,430950
2022-11,39111010,石油樹脂,印度,出口總值(含復出口),1204,966700
2022-11,39111010,石油樹脂,西班牙,出口總值(含復出口),177,144000
2022-11,39111010,石油樹脂,沙烏地阿拉伯,出口總值(含復出口),100,72000
2022-11,39111010,石油樹脂,其他國家,出口總值(含復出口),5,1
2022-11,39111010,石油樹脂,孟加拉,出口總值(含復出口),105,100000
2022-11,39111010,石油樹脂,波蘭,出口總值(含復出口),123,110000
2022-11,39111010,石油樹脂,法國,出口總值(含復出口),260,216000
2022-11,39111010,石油樹脂,俄羅斯,出口總值(含復出口),98,80000
2022-11,39111010,石油樹脂,南非,出口總值(含復出口),12,10000
2022-11,39111010,石油樹脂,南韓,出口總值(含復出口),20,16000
2022-11,39111010,石油樹脂,美國,出口總值(含復出口),367,167750
2022-11,39111010,石油樹脂,泰國,出口總值(含復出口),184,139400
2022-11,39111010,石油樹脂,馬來西亞,出口總值(含復出口),349,260000
2022-11,39111010,石油樹脂,荷蘭,出口總值(含復出口),318,275000
2022-11,39111010,石油樹脂,斯里蘭卡,出口總值(含復出口),8,6000
2022-11,39111010,石油樹脂,菲律賓,出口總值(含復出口),39,15000
2022-11,39111010,石油樹脂,越南,出口總值(含復出口),578,329700
2022-11,39111010,石油樹脂,新加坡,出口總值(含復出口),20,16000
2022-11,39111010,石油樹脂,義大利,出口總值(含復出口),52,32000
2022-11,39111010,石油樹脂,德國,出口總值(含復出口),62,52000
2022-11,39111010,石油樹脂,緬甸,出口總值(含復出口),158,152000
2022-11,39111010,石油樹脂,澳大利亞,出口總值(含復出口),161,82000
2022-11,39219010,玻璃纖維強化塑膠板、片及扁條,土耳其,進口總值(含復進口),96,25535
2022-11,39219010,玻璃纖維強化塑膠板、片及扁條,中國大陸,進口總值(含復進口),624,94409
2022-11,39219010,玻璃纖維強化塑膠板、片及扁條,中華民國,進口總值(含復進口),1,8
2022-11,39219010,玻璃纖維強化塑膠板、片及扁條,日本,進口總值(含復進口),943,11418
2022-11,39219010,玻璃纖維強化塑膠板、片及扁條,芬蘭,進口總值(含復進口),1,20
2022-11,39219010,玻璃纖維強化塑膠板、片及扁條,南韓,進口總值(含復進口),2978,113276
2022-11,39219010,玻璃纖維強化塑膠板、片及扁條,美國,進口總值(含復進口),227,4889
2022-11,39219010,玻璃纖維強化塑膠板、片及扁條,英國,進口總值(含復進口),7,161
2022-11,39219010,玻璃纖維強化塑膠板、片及扁條,香港,進口總值(含復進口),14,76
2022-11,39219010,玻璃纖維強化塑膠板、片及扁條,泰國,進口總值(含復進口),158,7721
2022-11,39219010,玻璃纖維強化塑膠板、片及扁條,馬來西亞,進口總值(含復進口),115,11207
2022-11,39219010,玻璃纖維強化塑膠板、片及扁條,奧地利,進口總值(含復進口),5,60
2022-11,39219010,玻璃纖維強化塑膠板、片及扁條,愛爾蘭,進口總值(含復進口),15,139
2022-11,39219010,玻璃纖維強化塑膠板、片及扁條,義大利,進口總值(含復進口),0,11
2022-11,39219010,玻璃纖維強化塑膠板、片及扁條,德國,進口總值(含復進口),5,168
2022-11,39219010,玻璃纖維強化塑膠板、片及扁條,中國大陸,出口總值(含復出口),536,18655
2022-11,39219010,玻璃纖維強化塑膠板、片及扁條,丹麥,出口總值(含復出口),286,23588
2022-11,39219010,玻璃纖維強化塑膠板、片及扁條,日本,出口總值(含復出口),407,61019
2022-11,39219010,玻璃纖維強化塑膠板、片及扁條,瓜地馬拉,出口總值(含復出口),27,986
2022-11,39219010,玻璃纖維強化塑膠板、片及扁條,印尼,出口總值(含復出口),9,406
2022-11,39219010,玻璃纖維強化塑膠板、片及扁條,印度,出口總值(含復出口),23,22767
2022-11,39219010,玻璃纖維強化塑膠板、片及扁條,南韓,出口總值(含復出口),180,10789
2022-11,39219010,玻璃纖維強化塑膠板、片及扁條,美國,出口總值(含復出口),95,12995
2022-11,39219010,玻璃纖維強化塑膠板、片及扁條,香港,出口總值(含復出口),15,132
2022-11,39219010,玻璃纖維強化塑膠板、片及扁條,泰國,出口總值(含復出口),1724,263419
2022-11,39219010,玻璃纖維強化塑膠板、片及扁條,馬來西亞,出口總值(含復出口),196,33793
2022-11,39219010,玻璃纖維強化塑膠板、片及扁條,越南,出口總值(含復出口),453,53990
2022-11,39219010,玻璃纖維強化塑膠板、片及扁條,新加坡,出口總值(含復出口),3,294
2022-11,39219010,玻璃纖維強化塑膠板、片及扁條,葡萄牙,出口總值(含復出口),30,818
2022-11,39219010,玻璃纖維強化塑膠板、片及扁條,德國,出口總值(含復出口),101,15796
2022-11,39219010,玻璃纖維強化塑膠板、片及扁條,澳大利亞,出口總值(含復出口),10,927
2022-12,39095000,聚胺基甲酸乙酯，初級狀態,中國大陸,進口總值(含復進口),3491,802583
2022-12,39095000,聚胺基甲酸乙酯，初級狀態,中華民國,進口總值(含復進口),20,2463
2022-12,39095000,聚胺基甲酸乙酯，初級狀態,日本,進口總值(含復進口),909,140784
2022-12,39095000,聚胺基甲酸乙酯，初級狀態,比利時,進口總值(含復進口),66,1090
2022-12,39095000,聚胺基甲酸乙酯，初級狀態,西班牙,進口總值(含復進口),340,53250
2022-12,39095000,聚胺基甲酸乙酯，初級狀態,法國,進口總值(含復進口),164,13000
2022-12,39095000,聚胺基甲酸乙酯，初級狀態,南韓,進口總值(含復進口),359,55586
2022-12,39095000,聚胺基甲酸乙酯，初級狀態,柬埔寨,進口總值(含復進口),0,89
2022-12,39095000,聚胺基甲酸乙酯，初級狀態,美國,進口總值(含復進口),3322,240262
2022-12,39095000,聚胺基甲酸乙酯，初級狀態,英國,進口總值(含復進口),18,1600
2022-12,39095000,聚胺基甲酸乙酯，初級狀態,荷蘭,進口總值(含復進口),3,72
2022-12,39095000,聚胺基甲酸乙酯，初級狀態,越南,進口總值(含復進口),27,46000
2022-12,39095000,聚胺基甲酸乙酯，初級狀態,奧地利,進口總值(含復進口),0,15
2022-12,39095000,聚胺基甲酸乙酯，初級狀態,新加坡,進口總值(含復進口),77,20450
2022-12,39095000,聚胺基甲酸乙酯，初級狀態,義大利,進口總值(含復進口),4,1200
2022-12,39095000,聚胺基甲酸乙酯，初級狀態,德國,進口總值(含復進口),237,26522
2022-12,39095000,聚胺基甲酸乙酯，初級狀態,墨西哥,進口總值(含復進口),26,3400
2022-12,39095000,聚胺基甲酸乙酯，初級狀態,土耳其,出口總值(含復出口),185,32000
2022-12,39095000,聚胺基甲酸乙酯，初級狀態,中國大陸,出口總值(含復出口),14447,3334971
2022-12,39095000,聚胺基甲酸乙酯，初級狀態,巴西,出口總值(含復出口),269,55225
2022-12,39095000,聚胺基甲酸乙酯，初級狀態,巴基斯坦,出口總值(含復出口),5,720
2022-12,39095000,聚胺基甲酸乙酯，初級狀態,日本,出口總值(含復出口),50,10075
2022-12,39095000,聚胺基甲酸乙酯，初級狀態,比利時,出口總值(含復出口),762,177600
2022-12,39095000,聚胺基甲酸乙酯，初級狀態,印尼,出口總值(含復出口),1974,392809
2022-12,39095000,聚胺基甲酸乙酯，初級狀態,印度,出口總值(含復出口),857,155452
2022-12,39095000,聚胺基甲酸乙酯，初級狀態,孟加拉,出口總值(含復出口),220,46990
2022-12,39095000,聚胺基甲酸乙酯，初級狀態,阿拉伯聯合大公國,出口總值(含復出口),426,73079
2022-12,39095000,聚胺基甲酸乙酯，初級狀態,南非,出口總值(含復出口),33,8000
2022-12,39095000,聚胺基甲酸乙酯，初級狀態,南韓,出口總值(含復出口),538,125395
2022-12,39095000,聚胺基甲酸乙酯，初級狀態,美國,出口總值(含復出口),757,116726
2022-12,39095000,聚胺基甲酸乙酯，初級狀態,香港,出口總值(含復出口),111,95036
2022-12,39095000,聚胺基甲酸乙酯，初級狀態,泰國,出口總值(含復出口),487,140477
2022-12,39095000,聚胺基甲酸乙酯，初級狀態,烏克蘭,出口總值(含復出口),21,3000
2022-12,39095000,聚胺基甲酸乙酯，初級狀態,馬來西亞,出口總值(含復出口),444,148066
2022-12,39095000,聚胺基甲酸乙酯，初級狀態,荷蘭,出口總值(含復出口),768,119000
2022-12,39095000,聚胺基甲酸乙酯，初級狀態,斯里蘭卡,出口總值(含復出口),19,4300
2022-12,39095000,聚胺基甲酸乙酯，初級狀態,菲律賓,出口總值(含復出口),23,2864
2022-12,39095000,聚胺基甲酸乙酯，初級狀態,越南,出口總值(含復出口),12160,2440793
2022-12,39095000,聚胺基甲酸乙酯，初級狀態,新加坡,出口總值(含復出口),104,31070
2022-12,39095000,聚胺基甲酸乙酯，初級狀態,瑞典,出口總值(含復出口),22,5050
2022-12,39095000,聚胺基甲酸乙酯，初級狀態,義大利,出口總值(含復出口),5,975
2022-12,39095000,聚胺基甲酸乙酯，初級狀態,葡萄牙,出口總值(含復出口),65,15000
2022-12,39095000,聚胺基甲酸乙酯，初級狀態,德國,出口總值(含復出口),260,43525
2022-12,39095000,聚胺基甲酸乙酯，初級狀態,緬甸,出口總值(含復出口),79,23345
2022-12,39095000,聚胺基甲酸乙酯，初級狀態,墨西哥,出口總值(含復出口),40,9825
2022-12,39095000,聚胺基甲酸乙酯，初級狀態,澳大利亞,出口總值(含復出口),61,15000
2022-12,39095000,聚胺基甲酸乙酯，初級狀態,澳門,出口總值(含復出口),3,1000
2022-12,39100010,矽油,中國大陸,進口總值(含復進口),1475,461588
2022-12,39100010,矽油,日本,進口總值(含復進口),877,19036
2022-12,39100010,矽油,法國,進口總值(含復進口),13,800
2022-12,39100010,矽油,南韓,進口總值(含復進口),50,5410
2022-12,39100010,矽油,美國,進口總值(含復進口),25,708
2022-12,39100010,矽油,英國,進口總值(含復進口),49,16000
2022-12,39100010,矽油,泰國,進口總值(含復進口),208,65440
2022-12,39100010,矽油,德國,進口總值(含復進口),261,29920
2022-12,39100010,矽油,中國大陸,出口總值(含復出口),496,67421
2022-12,39100010,矽油,巴西,出口總值(含復出口),0,10
2022-12,39100010,矽油,阿拉伯聯合大公國,出口總值(含復出口),6,14
2022-12,39100010,矽油,香港,出口總值(含復出口),26,52791
2022-12,39100010,矽油,馬來西亞,出口總值(含復出口),30,2400
2022-12,39100010,矽油,越南,出口總值(含復出口),5,500
2022-12,39100010,矽油,薩爾瓦多,出口總值(含復出口),3,1000
2022-12,39111010,石油樹脂,中國大陸,進口總值(含復進口),725,412871
2022-12,39111010,石油樹脂,日本,進口總值(含復進口),361,104220
2022-12,39111010,石油樹脂,南韓,進口總值(含復進口),74,36400
2022-12,39111010,石油樹脂,美國,進口總值(含復進口),63,12384
2022-12,39111010,石油樹脂,泰國,進口總值(含復進口),290,139000
2022-12,39111010,石油樹脂,新加坡,進口總值(含復進口),86,47225
2022-12,39111010,石油樹脂,土耳其,出口總值(含復出口),216,181000
2022-12,39111010,石油樹脂,中國大陸,出口總值(含復出口),3692,1961325
2022-12,39111010,石油樹脂,巴西,出口總值(含復出口),64,50000
2022-12,39111010,石油樹脂,巴基斯坦,出口總值(含復出口),16,3000
2022-12,39111010,石油樹脂,日本,出口總值(含復出口),583,359750
2022-12,39111010,石油樹脂,加拿大,出口總值(含復出口),235,207000
2022-12,39111010,石油樹脂,匈牙利,出口總值(含復出口),20,16000
2022-12,39111010,石油樹脂,印尼,出口總值(含復出口),754,395000
2022-12,39111010,石油樹脂,印度,出口總值(含復出口),767,696772
2022-12,39111010,石油樹脂,西班牙,出口總值(含復出口),171,144000
2022-12,39111010,石油樹脂,沙烏地阿拉伯,出口總值(含復出口),39,32000
2022-12,39111010,石油樹脂,孟加拉,出口總值(含復出口),35,29000
2022-12,39111010,石油樹脂,法國,出口總值(含復出口),68,50000
2022-12,39111010,石油樹脂,俄羅斯,出口總值(含復出口),247,192000
2022-12,39111010,石油樹脂,南非,出口總值(含復出口),20,19000
2022-12,39111010,石油樹脂,南韓,出口總值(含復出口),121,93000
2022-12,39111010,石油樹脂,美國,出口總值(含復出口),61,38000
2022-12,39111010,石油樹脂,英國,出口總值(含復出口),108,74000
2022-12,39111010,石油樹脂,香港,出口總值(含復出口),10,4000
2022-12,39111010,石油樹脂,哥倫比亞,出口總值(含復出口),11,4000
2022-12,39111010,石油樹脂,泰國,出口總值(含復出口),161,124000
2022-12,39111010,石油樹脂,馬來西亞,出口總值(含復出口),265,177500
2022-12,39111010,石油樹脂,荷蘭,出口總值(含復出口),255,219000
2022-12,39111010,石油樹脂,越南,出口總值(含復出口),683,375650
2022-12,39111010,石油樹脂,義大利,出口總值(含復出口),108,64000
2022-12,39111010,石油樹脂,德國,出口總值(含復出口),71,59000
2022-12,39111010,石油樹脂,澳大利亞,出口總值(含復出口),44,30000
2022-12,39219010,玻璃纖維強化塑膠板、片及扁條,中國大陸,進口總值(含復進口),546,81661
2022-12,39219010,玻璃纖維強化塑膠板、片及扁條,日本,進口總值(含復進口),857,3366
2022-12,39219010,玻璃纖維強化塑膠板、片及扁條,匈牙利,進口總值(含復進口),1,10
2022-12,39219010,玻璃纖維強化塑膠板、片及扁條,法國,進口總值(含復進口),66,4425
2022-12,39219010,玻璃纖維強化塑膠板、片及扁條,南韓,進口總值(含復進口),806,37642
2022-12,39219010,玻璃纖維強化塑膠板、片及扁條,美國,進口總值(含復進口),108,2592
2022-12,39219010,玻璃纖維強化塑膠板、片及扁條,英國,進口總值(含復進口),2,8
2022-12,39219010,玻璃纖維強化塑膠板、片及扁條,泰國,進口總值(含復進口),251,9462
2022-12,39219010,玻璃纖維強化塑膠板、片及扁條,馬來西亞,進口總值(含復進口),68,5560
2022-12,39219010,玻璃纖維強化塑膠板、片及扁條,奧地利,進口總值(含復進口),6,64
2022-12,39219010,玻璃纖維強化塑膠板、片及扁條,愛爾蘭,進口總值(含復進口),20,292
2022-12,39219010,玻璃纖維強化塑膠板、片及扁條,新加坡,進口總值(含復進口),22,86
2022-12,39219010,玻璃纖維強化塑膠板、片及扁條,德國,進口總值(含復進口),2,22
2022-12,39219010,玻璃纖維強化塑膠板、片及扁條,墨西哥,進口總值(含復進口),31,402
2022-12,39219010,玻璃纖維強化塑膠板、片及扁條,中國大陸,出口總值(含復出口),346,9459
2022-12,39219010,玻璃纖維強化塑膠板、片及扁條,丹麥,出口總值(含復出口),304,23588
2022-12,39219010,玻璃纖維強化塑膠板、片及扁條,日本,出口總值(含復出口),287,36474
2022-12,39219010,玻璃纖維強化塑膠板、片及扁條,印尼,出口總值(含復出口),16,1383
2022-12,39219010,玻璃纖維強化塑膠板、片及扁條,印度,出口總值(含復出口),456,29393
2022-12,39219010,玻璃纖維強化塑膠板、片及扁條,南韓,出口總值(含復出口),291,22897
2022-12,39219010,玻璃纖維強化塑膠板、片及扁條,美國,出口總值(含復出口),71,6030
2022-12,39219010,玻璃纖維強化塑膠板、片及扁條,香港,出口總值(含復出口),15,168
2022-12,39219010,玻璃纖維強化塑膠板、片及扁條,泰國,出口總值(含復出口),1266,183629
2022-12,39219010,玻璃纖維強化塑膠板、片及扁條,馬來西亞,出口總值(含復出口),146,22824
2022-12,39219010,玻璃纖維強化塑膠板、片及扁條,菲律賓,出口總值(含復出口),2,10
2022-12,39219010,玻璃纖維強化塑膠板、片及扁條,越南,出口總值(含復出口),129,14327
2022-12,39219010,玻璃纖維強化塑膠板、片及扁條,義大利,出口總值(含復出口),4,208
2022-12,39219010,玻璃纖維強化塑膠板、片及扁條,德國,出口總值(含復出口),220,25611
2022-1,39231010,塑膠製箱子、盒子、籃子及類似品，其形狀或適合供運輸或包裝半導體晶圓或網線,中國大陸,進口總值(含復進口),907,77421
2022-1,39231010,塑膠製箱子、盒子、籃子及類似品，其形狀或適合供運輸或包裝半導體晶圓或網線,中華民國,進口總值(含復進口),13,420
2022-1,39231010,塑膠製箱子、盒子、籃子及類似品，其形狀或適合供運輸或包裝半導體晶圓或網線,丹麥,進口總值(含復進口),0,3
2022-1,39231010,塑膠製箱子、盒子、籃子及類似品，其形狀或適合供運輸或包裝半導體晶圓或網線,日本,進口總值(含復進口),2265,102444
2022-1,39231010,塑膠製箱子、盒子、籃子及類似品，其形狀或適合供運輸或包裝半導體晶圓或網線,印尼,進口總值(含復進口),584,76997
2022-1,39231010,塑膠製箱子、盒子、籃子及類似品，其形狀或適合供運輸或包裝半導體晶圓或網線,波蘭,進口總值(含復進口),0,7
2022-1,39231010,塑膠製箱子、盒子、籃子及類似品，其形狀或適合供運輸或包裝半導體晶圓或網線,南韓,進口總值(含復進口),310,25613
2022-1,39231010,塑膠製箱子、盒子、籃子及類似品，其形狀或適合供運輸或包裝半導體晶圓或網線,美國,進口總值(含復進口),637,45949
2022-1,39231010,塑膠製箱子、盒子、籃子及類似品，其形狀或適合供運輸或包裝半導體晶圓或網線,英國,進口總值(含復進口),2,12
2022-1,39231010,塑膠製箱子、盒子、籃子及類似品，其形狀或適合供運輸或包裝半導體晶圓或網線,泰國,進口總值(含復進口),0,5
2022-1,39231010,塑膠製箱子、盒子、籃子及類似品，其形狀或適合供運輸或包裝半導體晶圓或網線,馬來西亞,進口總值(含復進口),2731,98725
2022-1,39231010,塑膠製箱子、盒子、籃子及類似品，其形狀或適合供運輸或包裝半導體晶圓或網線,菲律賓,進口總值(含復進口),3,39
2022-1,39231010,塑膠製箱子、盒子、籃子及類似品，其形狀或適合供運輸或包裝半導體晶圓或網線,新加坡,進口總值(含復進口),8,2016
2022-1,39231010,塑膠製箱子、盒子、籃子及類似品，其形狀或適合供運輸或包裝半導體晶圓或網線,瑞士,進口總值(含復進口),0,1
2022-1,39231010,塑膠製箱子、盒子、籃子及類似品，其形狀或適合供運輸或包裝半導體晶圓或網線,義大利,進口總值(含復進口),0,1
2022-1,39231010,塑膠製箱子、盒子、籃子及類似品，其形狀或適合供運輸或包裝半導體晶圓或網線,德國,進口總值(含復進口),84,18295
2022-1,39231010,塑膠製箱子、盒子、籃子及類似品，其形狀或適合供運輸或包裝半導體晶圓或網線,墨西哥,進口總值(含復進口),3,68
2022-1,39231010,塑膠製箱子、盒子、籃子及類似品，其形狀或適合供運輸或包裝半導體晶圓或網線,澳大利亞,進口總值(含復進口),5,338
2022-1,39231010,塑膠製箱子、盒子、籃子及類似品，其形狀或適合供運輸或包裝半導體晶圓或網線,中國大陸,出口總值(含復出口),1538,94551
2022-1,39231010,塑膠製箱子、盒子、籃子及類似品，其形狀或適合供運輸或包裝半導體晶圓或網線,日本,出口總值(含復出口),1028,107696
2022-1,39231010,塑膠製箱子、盒子、籃子及類似品，其形狀或適合供運輸或包裝半導體晶圓或網線,以色列,出口總值(含復出口),3,34
2022-1,39231010,塑膠製箱子、盒子、籃子及類似品，其形狀或適合供運輸或包裝半導體晶圓或網線,加拿大,出口總值(含復出口),9,3118
2022-1,39231010,塑膠製箱子、盒子、籃子及類似品，其形狀或適合供運輸或包裝半導體晶圓或網線,汶萊,出口總值(含復出口),11,1762
2022-1,39231010,塑膠製箱子、盒子、籃子及類似品，其形狀或適合供運輸或包裝半導體晶圓或網線,帛琉,出口總值(含復出口),1,448
2022-1,39231010,塑膠製箱子、盒子、籃子及類似品，其形狀或適合供運輸或包裝半導體晶圓或網線,波蘭,出口總值(含復出口),3,256
2022-1,39231010,塑膠製箱子、盒子、籃子及類似品，其形狀或適合供運輸或包裝半導體晶圓或網線,法國,出口總值(含復出口),3,32
2022-1,39231010,塑膠製箱子、盒子、籃子及類似品，其形狀或適合供運輸或包裝半導體晶圓或網線,南韓,出口總值(含復出口),253,31277
2022-1,39231010,塑膠製箱子、盒子、籃子及類似品，其形狀或適合供運輸或包裝半導體晶圓或網線,美國,出口總值(含復出口),301,36096
2022-1,39231010,塑膠製箱子、盒子、籃子及類似品，其形狀或適合供運輸或包裝半導體晶圓或網線,英國,出口總值(含復出口),58,2124
2022-1,39231010,塑膠製箱子、盒子、籃子及類似品，其形狀或適合供運輸或包裝半導體晶圓或網線,香港,出口總值(含復出口),142,23913
2022-1,39231010,塑膠製箱子、盒子、籃子及類似品，其形狀或適合供運輸或包裝半導體晶圓或網線,挪威,出口總值(含復出口),5,529
2022-1,39231010,塑膠製箱子、盒子、籃子及類似品，其形狀或適合供運輸或包裝半導體晶圓或網線,泰國,出口總值(含復出口),189,15764
2022-1,39231010,塑膠製箱子、盒子、籃子及類似品，其形狀或適合供運輸或包裝半導體晶圓或網線,烏克蘭,出口總值(含復出口),0,6
2022-1,39231010,塑膠製箱子、盒子、籃子及類似品，其形狀或適合供運輸或包裝半導體晶圓或網線,馬來西亞,出口總值(含復出口),371,50969
2022-1,39231010,塑膠製箱子、盒子、籃子及類似品，其形狀或適合供運輸或包裝半導體晶圓或網線,捷克,出口總值(含復出口),2,280
2022-1,39231010,塑膠製箱子、盒子、籃子及類似品，其形狀或適合供運輸或包裝半導體晶圓或網線,荷蘭,出口總值(含復出口),13,1783
2022-1,39231010,塑膠製箱子、盒子、籃子及類似品，其形狀或適合供運輸或包裝半導體晶圓或網線,斯洛伐克,出口總值(含復出口),15,2746
2022-1,39231010,塑膠製箱子、盒子、籃子及類似品，其形狀或適合供運輸或包裝半導體晶圓或網線,菲律賓,出口總值(含復出口),26,3650
2022-1,39231010,塑膠製箱子、盒子、籃子及類似品，其形狀或適合供運輸或包裝半導體晶圓或網線,越南,出口總值(含復出口),22,3111
2022-1,39231010,塑膠製箱子、盒子、籃子及類似品，其形狀或適合供運輸或包裝半導體晶圓或網線,奧地利,出口總值(含復出口),7,552
2022-1,39231010,塑膠製箱子、盒子、籃子及類似品，其形狀或適合供運輸或包裝半導體晶圓或網線,新加坡,出口總值(含復出口),105,13589
2022-1,39231010,塑膠製箱子、盒子、籃子及類似品，其形狀或適合供運輸或包裝半導體晶圓或網線,義大利,出口總值(含復出口),9,128
2022-1,39231010,塑膠製箱子、盒子、籃子及類似品，其形狀或適合供運輸或包裝半導體晶圓或網線,德國,出口總值(含復出口),104,30315
2022-1,39231010,塑膠製箱子、盒子、籃子及類似品，其形狀或適合供運輸或包裝半導體晶圓或網線,澳大利亞,出口總值(含復出口),10,1071
2022-1,39239090,其他供輸送或包裝貨物之塑膠製品,中國大陸,進口總值(含復進口),8980,2022240
2022-1,39239090,其他供輸送或包裝貨物之塑膠製品,中華民國,進口總值(含復進口),519,132844
2022-1,39239090,其他供輸送或包裝貨物之塑膠製品,丹麥,進口總值(含復進口),1,299
2022-1,39239090,其他供輸送或包裝貨物之塑膠製品,日本,進口總值(含復進口),1770,207308
2022-1,39239090,其他供輸送或包裝貨物之塑膠製品,以色列,進口總值(含復進口),1,9
2022-1,39239090,其他供輸送或包裝貨物之塑膠製品,拉脫維亞,進口總值(含復進口),2,111
2022-1,39239090,其他供輸送或包裝貨物之塑膠製品,法國,進口總值(含復進口),0,1
2022-1,39239090,其他供輸送或包裝貨物之塑膠製品,南韓,進口總值(含復進口),1842,482397
2022-1,39239090,其他供輸送或包裝貨物之塑膠製品,美國,進口總值(含復進口),1186,133412
2022-1,39239090,其他供輸送或包裝貨物之塑膠製品,英國,進口總值(含復進口),5,115
2022-1,39239090,其他供輸送或包裝貨物之塑膠製品,香港,進口總值(含復進口),1,0
2022-1,39239090,其他供輸送或包裝貨物之塑膠製品,挪威,進口總值(含復進口),2,23
2022-1,39239090,其他供輸送或包裝貨物之塑膠製品,泰國,進口總值(含復進口),804,109089
2022-1,39239090,其他供輸送或包裝貨物之塑膠製品,馬來西亞,進口總值(含復進口),2103,254033
2022-1,39239090,其他供輸送或包裝貨物之塑膠製品,荷蘭,進口總值(含復進口),47,750
2022-1,39239090,其他供輸送或包裝貨物之塑膠製品,菲律賓,進口總值(含復進口),229,56305
2022-1,39239090,其他供輸送或包裝貨物之塑膠製品,越南,進口總值(含復進口),0,118
2022-1,39239090,其他供輸送或包裝貨物之塑膠製品,新加坡,進口總值(含復進口),23,42435
2022-1,39239090,其他供輸送或包裝貨物之塑膠製品,瑞士,進口總值(含復進口),0,0
2022-1,39239090,其他供輸送或包裝貨物之塑膠製品,義大利,進口總值(含復進口),1,25
2022-1,39239090,其他供輸送或包裝貨物之塑膠製品,德國,進口總值(含復進口),838,71995
2022-1,39239090,其他供輸送或包裝貨物之塑膠製品,中國大陸,出口總值(含復出口),3450,710940
2022-1,39239090,其他供輸送或包裝貨物之塑膠製品,丹麥,出口總值(含復出口),5,193
2022-1,39239090,其他供輸送或包裝貨物之塑膠製品,巴布亞紐幾內亞,出口總值(含復出口),21,8753
2022-1,39239090,其他供輸送或包裝貨物之塑膠製品,巴西,出口總值(含復出口),182,69316
2022-1,39239090,其他供輸送或包裝貨物之塑膠製品,日本,出口總值(含復出口),1291,131755
2022-1,39239090,其他供輸送或包裝貨物之塑膠製品,比利時,出口總值(含復出口),150,20891
2022-1,39239090,其他供輸送或包裝貨物之塑膠製品,以色列,出口總值(含復出口),8,344
2022-1,39239090,其他供輸送或包裝貨物之塑膠製品,加拿大,出口總值(含復出口),81,16468
2022-1,39239090,其他供輸送或包裝貨物之塑膠製品,史瓦帝尼,出口總值(含復出口),1,200
2022-1,39239090,其他供輸送或包裝貨物之塑膠製品,印尼,出口總值(含復出口),16,4430
2022-1,39239090,其他供輸送或包裝貨物之塑膠製品,印度,出口總值(含復出口),15,2652
2022-1,39239090,其他供輸送或包裝貨物之塑膠製品,多明尼加,出口總值(含復出口),20,7965
2022-1,39239090,其他供輸送或包裝貨物之塑膠製品,克羅埃西亞,出口總值(含復出口),9,873
2022-1,39239090,其他供輸送或包裝貨物之塑膠製品,沙烏地阿拉伯,出口總值(含復出口),135,28744
2022-1,39239090,其他供輸送或包裝貨物之塑膠製品,汶萊,出口總值(含復出口),1,390
2022-1,39239090,其他供輸送或包裝貨物之塑膠製品,波蘭,出口總值(含復出口),5,568
2022-1,39239090,其他供輸送或包裝貨物之塑膠製品,法國,出口總值(含復出口),201,17765
2022-1,39239090,其他供輸送或包裝貨物之塑膠製品,阿拉伯聯合大公國,出口總值(含復出口),22,9191
2022-1,39239090,其他供輸送或包裝貨物之塑膠製品,俄羅斯,出口總值(含復出口),3,284
2022-1,39239090,其他供輸送或包裝貨物之塑膠製品,南韓,出口總值(含復出口),1096,601365
2022-1,39239090,其他供輸送或包裝貨物之塑膠製品,美國,出口總值(含復出口),4937,1712722
2022-1,39239090,其他供輸送或包裝貨物之塑膠製品,英國,出口總值(含復出口),177,28791
2022-1,39239090,其他供輸送或包裝貨物之塑膠製品,香港,出口總值(含復出口),342,86374
2022-1,39239090,其他供輸送或包裝貨物之塑膠製品,哥斯大黎加,出口總值(含復出口),54,8516
2022-1,39239090,其他供輸送或包裝貨物之塑膠製品,泰國,出口總值(含復出口),312,31861
2022-1,39239090,其他供輸送或包裝貨物之塑膠製品,紐西蘭,出口總值(含復出口),25,4890
2022-1,39239090,其他供輸送或包裝貨物之塑膠製品,馬來西亞,出口總值(含復出口),333,67583
2022-1,39239090,其他供輸送或包裝貨物之塑膠製品,荷蘭,出口總值(含復出口),284,11605
2022-1,39239090,其他供輸送或包裝貨物之塑膠製品,菲律賓,出口總值(含復出口),194,64991
2022-1,39239090,其他供輸送或包裝貨物之塑膠製品,越南,出口總值(含復出口),210,35868
2022-1,39239090,其他供輸送或包裝貨物之塑膠製品,新加坡,出口總值(含復出口),220,32201
2022-1,39239090,其他供輸送或包裝貨物之塑膠製品,瑞士,出口總值(含復出口),10,355
2022-1,39239090,其他供輸送或包裝貨物之塑膠製品,瑞典,出口總值(含復出口),20,4028
2022-1,39239090,其他供輸送或包裝貨物之塑膠製品,義大利,出口總值(含復出口),142,3719
2022-1,39239090,其他供輸送或包裝貨物之塑膠製品,德國,出口總值(含復出口),56,17430
2022-1,39239090,其他供輸送或包裝貨物之塑膠製品,墨西哥,出口總值(含復出口),323,52341
2022-1,39239090,其他供輸送或包裝貨物之塑膠製品,澳大利亞,出口總值(含復出口),103,31308
2022-1,39239090,其他供輸送或包裝貨物之塑膠製品,關島,出口總值(含復出口),0,11
2022-1,39269012,電氣絕緣用塑膠製品,中國大陸,進口總值(含復進口),137,5026
2022-1,39269012,電氣絕緣用塑膠製品,日本,進口總值(含復進口),66,2508
2022-1,39269012,電氣絕緣用塑膠製品,印度,進口總值(含復進口),4,59
2022-1,39269012,電氣絕緣用塑膠製品,西班牙,進口總值(含復進口),0,6
2022-1,39269012,電氣絕緣用塑膠製品,南韓,進口總值(含復進口),4,360
2022-1,39269012,電氣絕緣用塑膠製品,美國,進口總值(含復進口),0,2
2022-1,39269012,電氣絕緣用塑膠製品,越南,進口總值(含復進口),32,10421
2022-1,39269012,電氣絕緣用塑膠製品,德國,進口總值(含復進口),15,95
2022-1,39269012,電氣絕緣用塑膠製品,中國大陸,出口總值(含復出口),121,14492
2022-1,39269012,電氣絕緣用塑膠製品,巴拿馬,出口總值(含復出口),29,6853
2022-1,39269012,電氣絕緣用塑膠製品,日本,出口總值(含復出口),3,331
2022-1,39269012,電氣絕緣用塑膠製品,比利時,出口總值(含復出口),78,17375
2022-1,39269012,電氣絕緣用塑膠製品,加拿大,出口總值(含復出口),45,15505
2022-1,39269012,電氣絕緣用塑膠製品,西班牙,出口總值(含復出口),104,21833
2022-1,39269012,電氣絕緣用塑膠製品,沙烏地阿拉伯,出口總值(含復出口),153,32505
2022-1,39269012,電氣絕緣用塑膠製品,法國,出口總值(含復出口),12,159
2022-1,39269012,電氣絕緣用塑膠製品,俄羅斯,出口總值(含復出口),172,39441
2022-1,39269012,電氣絕緣用塑膠製品,南韓,出口總值(含復出口),345,101790
2022-1,39269012,電氣絕緣用塑膠製品,柬埔寨,出口總值(含復出口),4,42
2022-1,39269012,電氣絕緣用塑膠製品,美國,出口總值(含復出口),456,103754
2022-1,39269012,電氣絕緣用塑膠製品,英國,出口總值(含復出口),0,32
2022-1,39269012,電氣絕緣用塑膠製品,香港,出口總值(含復出口),82,713
2022-1,39269012,電氣絕緣用塑膠製品,哥倫比亞,出口總值(含復出口),51,15600
2022-1,39269012,電氣絕緣用塑膠製品,泰國,出口總值(含復出口),33,203
2022-1,39269012,電氣絕緣用塑膠製品,紐西蘭,出口總值(含復出口),4,168
2022-1,39269012,電氣絕緣用塑膠製品,馬來西亞,出口總值(含復出口),10,1106
2022-1,39269012,電氣絕緣用塑膠製品,馬爾他,出口總值(含復出口),16,3742
2022-1,39269012,電氣絕緣用塑膠製品,荷蘭,出口總值(含復出口),12,1398
2022-1,39269012,電氣絕緣用塑膠製品,越南,出口總值(含復出口),12,131
2022-1,39269012,電氣絕緣用塑膠製品,奧地利,出口總值(含復出口),3,442
2022-1,39269012,電氣絕緣用塑膠製品,愛爾蘭,出口總值(含復出口),6,1640
2022-1,39269012,電氣絕緣用塑膠製品,新加坡,出口總值(含復出口),13,4088
2022-1,39269012,電氣絕緣用塑膠製品,瑞典,出口總值(含復出口),24,4386
2022-1,39269012,電氣絕緣用塑膠製品,義大利,出口總值(含復出口),126,25202
2022-1,39269012,電氣絕緣用塑膠製品,德國,出口總值(含復出口),5,884
2022-1,39269012,電氣絕緣用塑膠製品,墨西哥,出口總值(含復出口),82,5973
2022-1,39269012,電氣絕緣用塑膠製品,澳大利亞,出口總值(含復出口),109,26489
2022-1,39269012,電氣絕緣用塑膠製品,薩爾瓦多,出口總值(含復出口),7,91
2022-2,39231010,塑膠製箱子、盒子、籃子及類似品，其形狀或適合供運輸或包裝半導體晶圓或網線,中國大陸,進口總值(含復進口),573,40372
2022-2,39231010,塑膠製箱子、盒子、籃子及類似品，其形狀或適合供運輸或包裝半導體晶圓或網線,中華民國,進口總值(含復進口),14,11800
2022-2,39231010,塑膠製箱子、盒子、籃子及類似品，其形狀或適合供運輸或包裝半導體晶圓或網線,日本,進口總值(含復進口),2677,141054
2022-2,39231010,塑膠製箱子、盒子、籃子及類似品，其形狀或適合供運輸或包裝半導體晶圓或網線,印尼,進口總值(含復進口),525,66589
2022-2,39231010,塑膠製箱子、盒子、籃子及類似品，其形狀或適合供運輸或包裝半導體晶圓或網線,波蘭,進口總值(含復進口),0,2
2022-2,39231010,塑膠製箱子、盒子、籃子及類似品，其形狀或適合供運輸或包裝半導體晶圓或網線,南韓,進口總值(含復進口),358,32773
2022-2,39231010,塑膠製箱子、盒子、籃子及類似品，其形狀或適合供運輸或包裝半導體晶圓或網線,美國,進口總值(含復進口),714,52473
2022-2,39231010,塑膠製箱子、盒子、籃子及類似品，其形狀或適合供運輸或包裝半導體晶圓或網線,馬來西亞,進口總值(含復進口),1679,62969
2022-2,39231010,塑膠製箱子、盒子、籃子及類似品，其形狀或適合供運輸或包裝半導體晶圓或網線,荷蘭,進口總值(含復進口),1,1
2022-2,39231010,塑膠製箱子、盒子、籃子及類似品，其形狀或適合供運輸或包裝半導體晶圓或網線,菲律賓,進口總值(含復進口),5,78
2022-2,39231010,塑膠製箱子、盒子、籃子及類似品，其形狀或適合供運輸或包裝半導體晶圓或網線,新加坡,進口總值(含復進口),3,816
2022-2,39231010,塑膠製箱子、盒子、籃子及類似品，其形狀或適合供運輸或包裝半導體晶圓或網線,瑞士,進口總值(含復進口),1,1
2022-2,39231010,塑膠製箱子、盒子、籃子及類似品，其形狀或適合供運輸或包裝半導體晶圓或網線,義大利,進口總值(含復進口),16,1579
2022-2,39231010,塑膠製箱子、盒子、籃子及類似品，其形狀或適合供運輸或包裝半導體晶圓或網線,德國,進口總值(含復進口),59,16632
2022-2,39231010,塑膠製箱子、盒子、籃子及類似品，其形狀或適合供運輸或包裝半導體晶圓或網線,中國大陸,出口總值(含復出口),2240,118513
2022-2,39231010,塑膠製箱子、盒子、籃子及類似品，其形狀或適合供運輸或包裝半導體晶圓或網線,日本,出口總值(含復出口),1309,168524
2022-2,39231010,塑膠製箱子、盒子、籃子及類似品，其形狀或適合供運輸或包裝半導體晶圓或網線,以色列,出口總值(含復出口),20,509
2022-2,39231010,塑膠製箱子、盒子、籃子及類似品，其形狀或適合供運輸或包裝半導體晶圓或網線,其他國家,出口總值(含復出口),0,23
2022-2,39231010,塑膠製箱子、盒子、籃子及類似品，其形狀或適合供運輸或包裝半導體晶圓或網線,法國,出口總值(含復出口),7,88
2022-2,39231010,塑膠製箱子、盒子、籃子及類似品，其形狀或適合供運輸或包裝半導體晶圓或網線,俄羅斯,出口總值(含復出口),2,415
2022-2,39231010,塑膠製箱子、盒子、籃子及類似品，其形狀或適合供運輸或包裝半導體晶圓或網線,南韓,出口總值(含復出口),266,25272
2022-2,39231010,塑膠製箱子、盒子、籃子及類似品，其形狀或適合供運輸或包裝半導體晶圓或網線,美國,出口總值(含復出口),172,24107
2022-2,39231010,塑膠製箱子、盒子、籃子及類似品，其形狀或適合供運輸或包裝半導體晶圓或網線,英國,出口總值(含復出口),31,4564
2022-2,39231010,塑膠製箱子、盒子、籃子及類似品，其形狀或適合供運輸或包裝半導體晶圓或網線,香港,出口總值(含復出口),135,24761
2022-2,39231010,塑膠製箱子、盒子、籃子及類似品，其形狀或適合供運輸或包裝半導體晶圓或網線,泰國,出口總值(含復出口),82,13472
2022-2,39231010,塑膠製箱子、盒子、籃子及類似品，其形狀或適合供運輸或包裝半導體晶圓或網線,馬來西亞,出口總值(含復出口),140,33572
2022-2,39231010,塑膠製箱子、盒子、籃子及類似品，其形狀或適合供運輸或包裝半導體晶圓或網線,荷蘭,出口總值(含復出口),9,1007
2022-2,39231010,塑膠製箱子、盒子、籃子及類似品，其形狀或適合供運輸或包裝半導體晶圓或網線,菲律賓,出口總值(含復出口),6,110
2022-2,39231010,塑膠製箱子、盒子、籃子及類似品，其形狀或適合供運輸或包裝半導體晶圓或網線,越南,出口總值(含復出口),26,3223
2022-2,39231010,塑膠製箱子、盒子、籃子及類似品，其形狀或適合供運輸或包裝半導體晶圓或網線,新加坡,出口總值(含復出口),81,13519
2022-2,39231010,塑膠製箱子、盒子、籃子及類似品，其形狀或適合供運輸或包裝半導體晶圓或網線,瑞士,出口總值(含復出口),0,20
2022-2,39231010,塑膠製箱子、盒子、籃子及類似品，其形狀或適合供運輸或包裝半導體晶圓或網線,義大利,出口總值(含復出口),2,188
2022-2,39231010,塑膠製箱子、盒子、籃子及類似品，其形狀或適合供運輸或包裝半導體晶圓或網線,德國,出口總值(含復出口),47,11937
2022-2,39231010,塑膠製箱子、盒子、籃子及類似品，其形狀或適合供運輸或包裝半導體晶圓或網線,墨西哥,出口總值(含復出口),3,282
2022-2,39231010,塑膠製箱子、盒子、籃子及類似品，其形狀或適合供運輸或包裝半導體晶圓或網線,澳大利亞,出口總值(含復出口),5,1200
2022-2,39239090,其他供輸送或包裝貨物之塑膠製品,中國大陸,進口總值(含復進口),4912,1206410
2022-2,39239090,其他供輸送或包裝貨物之塑膠製品,中華民國,進口總值(含復進口),365,118912
2022-2,39239090,其他供輸送或包裝貨物之塑膠製品,丹麥,進口總值(含復進口),0,25
2022-2,39239090,其他供輸送或包裝貨物之塑膠製品,日本,進口總值(含復進口),1670,213559
2022-2,39239090,其他供輸送或包裝貨物之塑膠製品,印尼,進口總值(含復進口),0,2
2022-2,39239090,其他供輸送或包裝貨物之塑膠製品,印度,進口總值(含復進口),0,142
2022-2,39239090,其他供輸送或包裝貨物之塑膠製品,拉脫維亞,進口總值(含復進口),2,121
2022-2,39239090,其他供輸送或包裝貨物之塑膠製品,波蘭,進口總值(含復進口),0,14
2022-2,39239090,其他供輸送或包裝貨物之塑膠製品,法國,進口總值(含復進口),2,37
2022-2,39239090,其他供輸送或包裝貨物之塑膠製品,南韓,進口總值(含復進口),1717,307858
2022-2,39239090,其他供輸送或包裝貨物之塑膠製品,美國,進口總值(含復進口),515,60834
2022-2,39239090,其他供輸送或包裝貨物之塑膠製品,英國,進口總值(含復進口),71,5495
2022-2,39239090,其他供輸送或包裝貨物之塑膠製品,香港,進口總值(含復進口),0,198
2022-2,39239090,其他供輸送或包裝貨物之塑膠製品,挪威,進口總值(含復進口),89,26075
2022-2,39239090,其他供輸送或包裝貨物之塑膠製品,泰國,進口總值(含復進口),412,61458
2022-2,39239090,其他供輸送或包裝貨物之塑膠製品,馬來西亞,進口總值(含復進口),1732,178665
2022-2,39239090,其他供輸送或包裝貨物之塑膠製品,荷蘭,進口總值(含復進口),216,3139
2022-2,39239090,其他供輸送或包裝貨物之塑膠製品,菲律賓,進口總值(含復進口),246,53946
2022-2,39239090,其他供輸送或包裝貨物之塑膠製品,越南,進口總值(含復進口),0,50
2022-2,39239090,其他供輸送或包裝貨物之塑膠製品,奧地利,進口總值(含復進口),0,0
2022-2,39239090,其他供輸送或包裝貨物之塑膠製品,新加坡,進口總值(含復進口),46,42228
2022-2,39239090,其他供輸送或包裝貨物之塑膠製品,義大利,進口總值(含復進口),105,27518
2022-2,39239090,其他供輸送或包裝貨物之塑膠製品,德國,進口總值(含復進口),448,27402
2022-2,39239090,其他供輸送或包裝貨物之塑膠製品,澳大利亞,進口總值(含復進口),0,1
2022-2,39239090,其他供輸送或包裝貨物之塑膠製品,千里達及托巴哥,出口總值(含復出口),1,354
2022-2,39239090,其他供輸送或包裝貨物之塑膠製品,土耳其,出口總值(含復出口),21,1385
2022-2,39239090,其他供輸送或包裝貨物之塑膠製品,中國大陸,出口總值(含復出口),3503,768796
2022-2,39239090,其他供輸送或包裝貨物之塑膠製品,巴布亞紐幾內亞,出口總值(含復出口),41,17505
2022-2,39239090,其他供輸送或包裝貨物之塑膠製品,巴西,出口總值(含復出口),144,45706
2022-2,39239090,其他供輸送或包裝貨物之塑膠製品,巴哈馬,出口總值(含復出口),51,9892
2022-2,39239090,其他供輸送或包裝貨物之塑膠製品,巴基斯坦,出口總值(含復出口),35,187
2022-2,39239090,其他供輸送或包裝貨物之塑膠製品,日本,出口總值(含復出口),1272,121565
2022-2,39239090,其他供輸送或包裝貨物之塑膠製品,比利時,出口總值(含復出口),5,638
2022-2,39239090,其他供輸送或包裝貨物之塑膠製品,以色列,出口總值(含復出口),2,155
2022-2,39239090,其他供輸送或包裝貨物之塑膠製品,加拿大,出口總值(含復出口),104,28984
2022-2,39239090,其他供輸送或包裝貨物之塑膠製品,瓜地馬拉,出口總值(含復出口),8,3162
2022-2,39239090,其他供輸送或包裝貨物之塑膠製品,印尼,出口總值(含復出口),100,9641
2022-2,39239090,其他供輸送或包裝貨物之塑膠製品,印度,出口總值(含復出口),3,68
2022-2,39239090,其他供輸送或包裝貨物之塑膠製品,多明尼加,出口總值(含復出口),11,3914
2022-2,39239090,其他供輸送或包裝貨物之塑膠製品,希臘,出口總值(含復出口),18,3720
2022-2,39239090,其他供輸送或包裝貨物之塑膠製品,波蘭,出口總值(含復出口),5,492
2022-2,39239090,其他供輸送或包裝貨物之塑膠製品,法國,出口總值(含復出口),93,8692
2022-2,39239090,其他供輸送或包裝貨物之塑膠製品,芬蘭,出口總值(含復出口),1,9
2022-2,39239090,其他供輸送或包裝貨物之塑膠製品,阿拉伯聯合大公國,出口總值(含復出口),83,24657
2022-2,39239090,其他供輸送或包裝貨物之塑膠製品,俄羅斯,出口總值(含復出口),19,82
2022-2,39239090,其他供輸送或包裝貨物之塑膠製品,南韓,出口總值(含復出口),941,418658
2022-2,39239090,其他供輸送或包裝貨物之塑膠製品,柬埔寨,出口總值(含復出口),10,4
2022-2,39239090,其他供輸送或包裝貨物之塑膠製品,突尼西亞,出口總值(含復出口),24,11308
2022-2,39239090,其他供輸送或包裝貨物之塑膠製品,約旦,出口總值(含復出口),30,18400
2022-2,39239090,其他供輸送或包裝貨物之塑膠製品,美國,出口總值(含復出口),3545,1272551
2022-2,39239090,其他供輸送或包裝貨物之塑膠製品,英國,出口總值(含復出口),122,21755
2022-2,39239090,其他供輸送或包裝貨物之塑膠製品,迦納,出口總值(含復出口),10,1000
2022-2,39239090,其他供輸送或包裝貨物之塑膠製品,香港,出口總值(含復出口),137,36084
2022-2,39239090,其他供輸送或包裝貨物之塑膠製品,挪威,出口總值(含復出口),3,188
2022-2,39239090,其他供輸送或包裝貨物之塑膠製品,泰國,出口總值(含復出口),170,25036
2022-2,39239090,其他供輸送或包裝貨物之塑膠製品,海地,出口總值(含復出口),3,207
2022-2,39239090,其他供輸送或包裝貨物之塑膠製品,秘魯,出口總值(含復出口),34,13510
2022-2,39239090,其他供輸送或包裝貨物之塑膠製品,紐西蘭,出口總值(含復出口),6,488
2022-2,39239090,其他供輸送或包裝貨物之塑膠製品,馬來西亞,出口總值(含復出口),275,45432
2022-2,39239090,其他供輸送或包裝貨物之塑膠製品,馬達加斯加,出口總值(含復出口),1,30
2022-2,39239090,其他供輸送或包裝貨物之塑膠製品,荷蘭,出口總值(含復出口),169,4455
2022-2,39239090,其他供輸送或包裝貨物之塑膠製品,喬治亞,出口總值(含復出口),5,1738
2022-2,39239090,其他供輸送或包裝貨物之塑膠製品,智利,出口總值(含復出口),15,4714
2022-2,39239090,其他供輸送或包裝貨物之塑膠製品,菲律賓,出口總值(含復出口),202,51479
2022-2,39239090,其他供輸送或包裝貨物之塑膠製品,越南,出口總值(含復出口),111,17749
2022-2,39239090,其他供輸送或包裝貨物之塑膠製品,新加坡,出口總值(含復出口),150,21834
2022-2,39239090,其他供輸送或包裝貨物之塑膠製品,瑞士,出口總值(含復出口),35,931
2022-2,39239090,其他供輸送或包裝貨物之塑膠製品,瑞典,出口總值(含復出口),42,8210
2022-2,39239090,其他供輸送或包裝貨物之塑膠製品,義大利,出口總值(含復出口),25,706
2022-2,39239090,其他供輸送或包裝貨物之塑膠製品,德國,出口總值(含復出口),38,4245
2022-2,39239090,其他供輸送或包裝貨物之塑膠製品,墨西哥,出口總值(含復出口),65,4910
2022-2,39239090,其他供輸送或包裝貨物之塑膠製品,澳大利亞,出口總值(含復出口),108,32820
2022-2,39269012,電氣絕緣用塑膠製品,中國大陸,進口總值(含復進口),282,22794
2022-2,39269012,電氣絕緣用塑膠製品,中華民國,進口總值(含復進口),0,1
2022-2,39269012,電氣絕緣用塑膠製品,日本,進口總值(含復進口),62,988
2022-2,39269012,電氣絕緣用塑膠製品,印度,進口總值(含復進口),1,8
2022-2,39269012,電氣絕緣用塑膠製品,法國,進口總值(含復進口),0,4
2022-2,39269012,電氣絕緣用塑膠製品,南韓,進口總值(含復進口),0,10
2022-2,39269012,電氣絕緣用塑膠製品,美國,進口總值(含復進口),6,66
2022-2,39269012,電氣絕緣用塑膠製品,越南,進口總值(含復進口),26,3363
2022-2,39269012,電氣絕緣用塑膠製品,德國,進口總值(含復進口),1,3
2022-2,39269012,電氣絕緣用塑膠製品,土耳其,出口總值(含復出口),5,1094
2022-2,39269012,電氣絕緣用塑膠製品,中國大陸,出口總值(含復出口),97,8984
2022-2,39269012,電氣絕緣用塑膠製品,日本,出口總值(含復出口),137,36874
2022-2,39269012,電氣絕緣用塑膠製品,加拿大,出口總值(含復出口),55,13348
2022-2,39269012,電氣絕緣用塑膠製品,保加利亞,出口總值(含復出口),17,4459
2022-2,39269012,電氣絕緣用塑膠製品,南非,出口總值(含復出口),10,2340
2022-2,39269012,電氣絕緣用塑膠製品,南韓,出口總值(含復出口),436,130138
2022-2,39269012,電氣絕緣用塑膠製品,柬埔寨,出口總值(含復出口),9,131
2022-2,39269012,電氣絕緣用塑膠製品,美國,出口總值(含復出口),214,45899
2022-2,39269012,電氣絕緣用塑膠製品,香港,出口總值(含復出口),20,480
2022-2,39269012,電氣絕緣用塑膠製品,哥倫比亞,出口總值(含復出口),29,8541
2022-2,39269012,電氣絕緣用塑膠製品,泰國,出口總值(含復出口),5,81
2022-2,39269012,電氣絕緣用塑膠製品,紐西蘭,出口總值(含復出口),2,592
2022-2,39269012,電氣絕緣用塑膠製品,馬來西亞,出口總值(含復出口),13,649
2022-2,39269012,電氣絕緣用塑膠製品,荷蘭,出口總值(含復出口),80,18123
2022-2,39269012,電氣絕緣用塑膠製品,菲律賓,出口總值(含復出口),60,29025
2022-2,39269012,電氣絕緣用塑膠製品,越南,出口總值(含復出口),53,1930
2022-2,39269012,電氣絕緣用塑膠製品,義大利,出口總值(含復出口),24,4635
2022-2,39269012,電氣絕緣用塑膠製品,德國,出口總值(含復出口),107,24433
2022-2,39269012,電氣絕緣用塑膠製品,澳大利亞,出口總值(含復出口),135,31873
2022-3,39231010,塑膠製箱子、盒子、籃子及類似品，其形狀或適合供運輸或包裝半導體晶圓或網線,中國大陸,進口總值(含復進口),905,90682
2022-3,39231010,塑膠製箱子、盒子、籃子及類似品，其形狀或適合供運輸或包裝半導體晶圓或網線,中華民國,進口總值(含復進口),18,507
2022-3,39231010,塑膠製箱子、盒子、籃子及類似品，其形狀或適合供運輸或包裝半導體晶圓或網線,日本,進口總值(含復進口),2416,154926
2022-3,39231010,塑膠製箱子、盒子、籃子及類似品，其形狀或適合供運輸或包裝半導體晶圓或網線,印尼,進口總值(含復進口),732,81032
2022-3,39231010,塑膠製箱子、盒子、籃子及類似品，其形狀或適合供運輸或包裝半導體晶圓或網線,波蘭,進口總值(含復進口),0,5
2022-3,39231010,塑膠製箱子、盒子、籃子及類似品，其形狀或適合供運輸或包裝半導體晶圓或網線,南韓,進口總值(含復進口),511,57510
2022-3,39231010,塑膠製箱子、盒子、籃子及類似品，其形狀或適合供運輸或包裝半導體晶圓或網線,美國,進口總值(含復進口),541,32194
2022-3,39231010,塑膠製箱子、盒子、籃子及類似品，其形狀或適合供運輸或包裝半導體晶圓或網線,英國,進口總值(含復進口),0,8
2022-3,39231010,塑膠製箱子、盒子、籃子及類似品，其形狀或適合供運輸或包裝半導體晶圓或網線,馬來西亞,進口總值(含復進口),2771,73279
2022-3,39231010,塑膠製箱子、盒子、籃子及類似品，其形狀或適合供運輸或包裝半導體晶圓或網線,菲律賓,進口總值(含復進口),2,39
2022-3,39231010,塑膠製箱子、盒子、籃子及類似品，其形狀或適合供運輸或包裝半導體晶圓或網線,越南,進口總值(含復進口),1,21
2022-3,39231010,塑膠製箱子、盒子、籃子及類似品，其形狀或適合供運輸或包裝半導體晶圓或網線,奧地利,進口總值(含復進口),2,6
2022-3,39231010,塑膠製箱子、盒子、籃子及類似品，其形狀或適合供運輸或包裝半導體晶圓或網線,新加坡,進口總值(含復進口),1,338
2022-3,39231010,塑膠製箱子、盒子、籃子及類似品，其形狀或適合供運輸或包裝半導體晶圓或網線,瑞士,進口總值(含復進口),0,0
2022-3,39231010,塑膠製箱子、盒子、籃子及類似品，其形狀或適合供運輸或包裝半導體晶圓或網線,德國,進口總值(含復進口),54,17875
2022-3,39231010,塑膠製箱子、盒子、籃子及類似品，其形狀或適合供運輸或包裝半導體晶圓或網線,中國大陸,出口總值(含復出口),1394,109540
2022-3,39231010,塑膠製箱子、盒子、籃子及類似品，其形狀或適合供運輸或包裝半導體晶圓或網線,日本,出口總值(含復出口),1731,161408
2022-3,39231010,塑膠製箱子、盒子、籃子及類似品，其形狀或適合供運輸或包裝半導體晶圓或網線,以色列,出口總值(含復出口),5,134
2022-3,39231010,塑膠製箱子、盒子、籃子及類似品，其形狀或適合供運輸或包裝半導體晶圓或網線,加拿大,出口總值(含復出口),50,5893
2022-3,39231010,塑膠製箱子、盒子、籃子及類似品，其形狀或適合供運輸或包裝半導體晶圓或網線,帛琉,出口總值(含復出口),1,128
2022-3,39231010,塑膠製箱子、盒子、籃子及類似品，其形狀或適合供運輸或包裝半導體晶圓或網線,法國,出口總值(含復出口),20,2061
2022-3,39231010,塑膠製箱子、盒子、籃子及類似品，其形狀或適合供運輸或包裝半導體晶圓或網線,南韓,出口總值(含復出口),205,28575
2022-3,39231010,塑膠製箱子、盒子、籃子及類似品，其形狀或適合供運輸或包裝半導體晶圓或網線,美國,出口總值(含復出口),224,39040
2022-3,39231010,塑膠製箱子、盒子、籃子及類似品，其形狀或適合供運輸或包裝半導體晶圓或網線,英國,出口總值(含復出口),42,6707
2022-3,39231010,塑膠製箱子、盒子、籃子及類似品，其形狀或適合供運輸或包裝半導體晶圓或網線,香港,出口總值(含復出口),7,975
2022-3,39231010,塑膠製箱子、盒子、籃子及類似品，其形狀或適合供運輸或包裝半導體晶圓或網線,挪威,出口總值(含復出口),3,339
2022-3,39231010,塑膠製箱子、盒子、籃子及類似品，其形狀或適合供運輸或包裝半導體晶圓或網線,泰國,出口總值(含復出口),29,4960
2022-3,39231010,塑膠製箱子、盒子、籃子及類似品，其形狀或適合供運輸或包裝半導體晶圓或網線,馬來西亞,出口總值(含復出口),202,29056
2022-3,39231010,塑膠製箱子、盒子、籃子及類似品，其形狀或適合供運輸或包裝半導體晶圓或網線,荷蘭,出口總值(含復出口),18,1680
2022-3,39231010,塑膠製箱子、盒子、籃子及類似品，其形狀或適合供運輸或包裝半導體晶圓或網線,喬治亞,出口總值(含復出口),0,5
2022-3,39231010,塑膠製箱子、盒子、籃子及類似品，其形狀或適合供運輸或包裝半導體晶圓或網線,菲律賓,出口總值(含復出口),67,8667
2022-3,39231010,塑膠製箱子、盒子、籃子及類似品，其形狀或適合供運輸或包裝半導體晶圓或網線,新加坡,出口總值(含復出口),169,20683
2022-3,39231010,塑膠製箱子、盒子、籃子及類似品，其形狀或適合供運輸或包裝半導體晶圓或網線,義大利,出口總值(含復出口),0,0
2022-3,39231010,塑膠製箱子、盒子、籃子及類似品，其形狀或適合供運輸或包裝半導體晶圓或網線,德國,出口總值(含復出口),144,43431
2022-3,39239090,其他供輸送或包裝貨物之塑膠製品,中國大陸,進口總值(含復進口),7399,1808215
2022-3,39239090,其他供輸送或包裝貨物之塑膠製品,中華民國,進口總值(含復進口),415,156822
2022-3,39239090,其他供輸送或包裝貨物之塑膠製品,丹麥,進口總值(含復進口),8,249
2022-3,39239090,其他供輸送或包裝貨物之塑膠製品,日本,進口總值(含復進口),2383,339116
2022-3,39239090,其他供輸送或包裝貨物之塑膠製品,比利時,進口總值(含復進口),1,158
2022-3,39239090,其他供輸送或包裝貨物之塑膠製品,以色列,進口總值(含復進口),6,86
2022-3,39239090,其他供輸送或包裝貨物之塑膠製品,加拿大,進口總值(含復進口),0,58
2022-3,39239090,其他供輸送或包裝貨物之塑膠製品,立陶宛,進口總值(含復進口),1,80
2022-3,39239090,其他供輸送或包裝貨物之塑膠製品,印度,進口總值(含復進口),62,15636
2022-3,39239090,其他供輸送或包裝貨物之塑膠製品,西班牙,進口總值(含復進口),3,73
2022-3,39239090,其他供輸送或包裝貨物之塑膠製品,法國,進口總值(含復進口),86,9309
2022-3,39239090,其他供輸送或包裝貨物之塑膠製品,芬蘭,進口總值(含復進口),0,0
2022-3,39239090,其他供輸送或包裝貨物之塑膠製品,南韓,進口總值(含復進口),1596,402656
2022-3,39239090,其他供輸送或包裝貨物之塑膠製品,美國,進口總值(含復進口),694,82535
2022-3,39239090,其他供輸送或包裝貨物之塑膠製品,英國,進口總值(含復進口),35,5396
2022-3,39239090,其他供輸送或包裝貨物之塑膠製品,哥斯大黎加,進口總值(含復進口),0,7
2022-3,39239090,其他供輸送或包裝貨物之塑膠製品,泰國,進口總值(含復進口),305,44830
2022-3,39239090,其他供輸送或包裝貨物之塑膠製品,馬來西亞,進口總值(含復進口),2031,186519
2022-3,39239090,其他供輸送或包裝貨物之塑膠製品,荷蘭,進口總值(含復進口),49,1620
2022-3,39239090,其他供輸送或包裝貨物之塑膠製品,菲律賓,進口總值(含復進口),186,43044
2022-3,39239090,其他供輸送或包裝貨物之塑膠製品,越南,進口總值(含復進口),12,4067
2022-3,39239090,其他供輸送或包裝貨物之塑膠製品,新加坡,進口總值(含復進口),36,70209
2022-3,39239090,其他供輸送或包裝貨物之塑膠製品,義大利,進口總值(含復進口),21,2546
2022-3,39239090,其他供輸送或包裝貨物之塑膠製品,德國,進口總值(含復進口),289,19064
2022-3,39239090,其他供輸送或包裝貨物之塑膠製品,土耳其,出口總值(含復出口),6,599
2022-3,39239090,其他供輸送或包裝貨物之塑膠製品,中國大陸,出口總值(含復出口),4368,949687
2022-3,39239090,其他供輸送或包裝貨物之塑膠製品,厄瓜多,出口總值(含復出口),2,228
2022-3,39239090,其他供輸送或包裝貨物之塑膠製品,巴西,出口總值(含復出口),85,21839
2022-3,39239090,其他供輸送或包裝貨物之塑膠製品,巴哈馬,出口總值(含復出口),50,9786
2022-3,39239090,其他供輸送或包裝貨物之塑膠製品,巴拿馬,出口總值(含復出口),7,1865
2022-3,39239090,其他供輸送或包裝貨物之塑膠製品,日本,出口總值(含復出口),786,65925
2022-3,39239090,其他供輸送或包裝貨物之塑膠製品,比利時,出口總值(含復出口),196,23422
2022-3,39239090,其他供輸送或包裝貨物之塑膠製品,以色列,出口總值(含復出口),11,644
2022-3,39239090,其他供輸送或包裝貨物之塑膠製品,加拿大,出口總值(含復出口),128,24133
2022-3,39239090,其他供輸送或包裝貨物之塑膠製品,印尼,出口總值(含復出口),27,2647
2022-3,39239090,其他供輸送或包裝貨物之塑膠製品,印度,出口總值(含復出口),33,51778
2022-3,39239090,其他供輸送或包裝貨物之塑膠製品,西班牙,出口總值(含復出口),3,115
2022-3,39239090,其他供輸送或包裝貨物之塑膠製品,宏都拉斯,出口總值(含復出口),9,1197
2022-3,39239090,其他供輸送或包裝貨物之塑膠製品,沙烏地阿拉伯,出口總值(含復出口),51,8652
2022-3,39239090,其他供輸送或包裝貨物之塑膠製品,其他國家,出口總值(含復出口),2,143
2022-3,39239090,其他供輸送或包裝貨物之塑膠製品,東帝汶,出口總值(含復出口),7,8160
2022-3,39239090,其他供輸送或包裝貨物之塑膠製品,波蘭,出口總值(含復出口),11,723
2022-3,39239090,其他供輸送或包裝貨物之塑膠製品,法國,出口總值(含復出口),68,10422
2022-3,39239090,其他供輸送或包裝貨物之塑膠製品,阿拉伯聯合大公國,出口總值(含復出口),66,5236
2022-3,39239090,其他供輸送或包裝貨物之塑膠製品,南韓,出口總值(含復出口),861,409372
2022-3,39239090,其他供輸送或包裝貨物之塑膠製品,美國,出口總值(含復出口),5229,1715878
2022-3,39239090,其他供輸送或包裝貨物之塑膠製品,英國,出口總值(含復出口),187,23066
2022-3,39239090,其他供輸送或包裝貨物之塑膠製品,香港,出口總值(含復出口),188,67175
2022-3,39239090,其他供輸送或包裝貨物之塑膠製品,哥斯大黎加,出口總值(含復出口),27,7083
2022-3,39239090,其他供輸送或包裝貨物之塑膠製品,泰國,出口總值(含復出口),339,41519
2022-3,39239090,其他供輸送或包裝貨物之塑膠製品,秘魯,出口總值(含復出口),15,2200
2022-3,39239090,其他供輸送或包裝貨物之塑膠製品,紐西蘭,出口總值(含復出口),25,3376
2022-3,39239090,其他供輸送或包裝貨物之塑膠製品,馬來西亞,出口總值(含復出口),371,35666
2022-3,39239090,其他供輸送或包裝貨物之塑膠製品,荷蘭,出口總值(含復出口),398,18199
2022-3,39239090,其他供輸送或包裝貨物之塑膠製品,喬治亞,出口總值(含復出口),2,234
2022-3,39239090,其他供輸送或包裝貨物之塑膠製品,智利,出口總值(含復出口),145,24822
2022-3,39239090,其他供輸送或包裝貨物之塑膠製品,菲律賓,出口總值(含復出口),310,98475
2022-3,39239090,其他供輸送或包裝貨物之塑膠製品,越南,出口總值(含復出口),237,43091
2022-3,39239090,其他供輸送或包裝貨物之塑膠製品,新加坡,出口總值(含復出口),238,46965
2022-3,39239090,其他供輸送或包裝貨物之塑膠製品,瑞士,出口總值(含復出口),21,426
2022-3,39239090,其他供輸送或包裝貨物之塑膠製品,瑞典,出口總值(含復出口),20,4020
2022-3,39239090,其他供輸送或包裝貨物之塑膠製品,義大利,出口總值(含復出口),2,580
2022-3,39239090,其他供輸送或包裝貨物之塑膠製品,德國,出口總值(含復出口),71,18521
2022-3,39239090,其他供輸送或包裝貨物之塑膠製品,模里西斯,出口總值(含復出口),11,2850
2022-3,39239090,其他供輸送或包裝貨物之塑膠製品,墨西哥,出口總值(含復出口),65,5553
2022-3,39239090,其他供輸送或包裝貨物之塑膠製品,澳大利亞,出口總值(含復出口),36,11138
2022-3,39269012,電氣絕緣用塑膠製品,中國大陸,進口總值(含復進口),288,24384
2022-3,39269012,電氣絕緣用塑膠製品,中華民國,進口總值(含復進口),0,16
2022-3,39269012,電氣絕緣用塑膠製品,日本,進口總值(含復進口),56,1679
2022-3,39269012,電氣絕緣用塑膠製品,印度,進口總值(含復進口),1,19
2022-3,39269012,電氣絕緣用塑膠製品,南韓,進口總值(含復進口),31,2436
2022-3,39269012,電氣絕緣用塑膠製品,美國,進口總值(含復進口),23,120
2022-3,39269012,電氣絕緣用塑膠製品,香港,進口總值(含復進口),0,0
2022-3,39269012,電氣絕緣用塑膠製品,荷蘭,進口總值(含復進口),0,0
2022-3,39269012,電氣絕緣用塑膠製品,越南,進口總值(含復進口),20,7170
2022-3,39269012,電氣絕緣用塑膠製品,瑞士,進口總值(含復進口),0,0
2022-3,39269012,電氣絕緣用塑膠製品,德國,進口總值(含復進口),20,280
2022-3,39269012,電氣絕緣用塑膠製品,中國大陸,出口總值(含復出口),179,18682
2022-3,39269012,電氣絕緣用塑膠製品,日本,出口總值(含復出口),73,19024
2022-3,39269012,電氣絕緣用塑膠製品,比利時,出口總值(含復出口),91,19301
2022-3,39269012,電氣絕緣用塑膠製品,加拿大,出口總值(含復出口),50,11037
2022-3,39269012,電氣絕緣用塑膠製品,印度,出口總值(含復出口),3,86
2022-3,39269012,電氣絕緣用塑膠製品,西班牙,出口總值(含復出口),2,21
2022-3,39269012,電氣絕緣用塑膠製品,希臘,出口總值(含復出口),1,125
2022-3,39269012,電氣絕緣用塑膠製品,沙烏地阿拉伯,出口總值(含復出口),80,19310
2022-3,39269012,電氣絕緣用塑膠製品,波蘭,出口總值(含復出口),83,17276
2022-3,39269012,電氣絕緣用塑膠製品,俄羅斯,出口總值(含復出口),63,16127
2022-3,39269012,電氣絕緣用塑膠製品,南非,出口總值(含復出口),15,2952
2022-3,39269012,電氣絕緣用塑膠製品,南韓,出口總值(含復出口),787,231449
2022-3,39269012,電氣絕緣用塑膠製品,柬埔寨,出口總值(含復出口),207,285
2022-3,39269012,電氣絕緣用塑膠製品,美國,出口總值(含復出口),209,47069
2022-3,39269012,電氣絕緣用塑膠製品,英國,出口總值(含復出口),2,16
2022-3,39269012,電氣絕緣用塑膠製品,香港,出口總值(含復出口),39,356
2022-3,39269012,電氣絕緣用塑膠製品,哥倫比亞,出口總值(含復出口),165,49350
2022-3,39269012,電氣絕緣用塑膠製品,埃及,出口總值(含復出口),74,20748
2022-3,39269012,電氣絕緣用塑膠製品,紐西蘭,出口總值(含復出口),6,1474
2022-3,39269012,電氣絕緣用塑膠製品,馬來西亞,出口總值(含復出口),22,2175
2022-3,39269012,電氣絕緣用塑膠製品,菲律賓,出口總值(含復出口),20,9575
2022-3,39269012,電氣絕緣用塑膠製品,越南,出口總值(含復出口),52,1729
2022-3,39269012,電氣絕緣用塑膠製品,義大利,出口總值(含復出口),170,30135
2022-3,39269012,電氣絕緣用塑膠製品,德國,出口總值(含復出口),15,1888
2022-3,39269012,電氣絕緣用塑膠製品,墨西哥,出口總值(含復出口),43,3446
2022-3,39269012,電氣絕緣用塑膠製品,澳大利亞,出口總值(含復出口),10,1966
2022-4,39231010,塑膠製箱子、盒子、籃子及類似品，其形狀或適合供運輸或包裝半導體晶圓或網線,中國大陸,進口總值(含復進口),1027,92837
2022-4,39231010,塑膠製箱子、盒子、籃子及類似品，其形狀或適合供運輸或包裝半導體晶圓或網線,中華民國,進口總值(含復進口),6,560
2022-4,39231010,塑膠製箱子、盒子、籃子及類似品，其形狀或適合供運輸或包裝半導體晶圓或網線,日本,進口總值(含復進口),3438,159806
2022-4,39231010,塑膠製箱子、盒子、籃子及類似品，其形狀或適合供運輸或包裝半導體晶圓或網線,印尼,進口總值(含復進口),326,37702
2022-4,39231010,塑膠製箱子、盒子、籃子及類似品，其形狀或適合供運輸或包裝半導體晶圓或網線,波蘭,進口總值(含復進口),0,42
2022-4,39231010,塑膠製箱子、盒子、籃子及類似品，其形狀或適合供運輸或包裝半導體晶圓或網線,法國,進口總值(含復進口),1,1
2022-4,39231010,塑膠製箱子、盒子、籃子及類似品，其形狀或適合供運輸或包裝半導體晶圓或網線,南韓,進口總值(含復進口),376,53463
2022-4,39231010,塑膠製箱子、盒子、籃子及類似品，其形狀或適合供運輸或包裝半導體晶圓或網線,美國,進口總值(含復進口),712,31296
2022-4,39231010,塑膠製箱子、盒子、籃子及類似品，其形狀或適合供運輸或包裝半導體晶圓或網線,英國,進口總值(含復進口),0,0
2022-4,39231010,塑膠製箱子、盒子、籃子及類似品，其形狀或適合供運輸或包裝半導體晶圓或網線,馬來西亞,進口總值(含復進口),2562,67534
2022-4,39231010,塑膠製箱子、盒子、籃子及類似品，其形狀或適合供運輸或包裝半導體晶圓或網線,荷蘭,進口總值(含復進口),2,18
2022-4,39231010,塑膠製箱子、盒子、籃子及類似品，其形狀或適合供運輸或包裝半導體晶圓或網線,菲律賓,進口總值(含復進口),2,39
2022-4,39231010,塑膠製箱子、盒子、籃子及類似品，其形狀或適合供運輸或包裝半導體晶圓或網線,奧地利,進口總值(含復進口),2,106
2022-4,39231010,塑膠製箱子、盒子、籃子及類似品，其形狀或適合供運輸或包裝半導體晶圓或網線,新加坡,進口總值(含復進口),6,1536
2022-4,39231010,塑膠製箱子、盒子、籃子及類似品，其形狀或適合供運輸或包裝半導體晶圓或網線,瑞士,進口總值(含復進口),1,1
2022-4,39231010,塑膠製箱子、盒子、籃子及類似品，其形狀或適合供運輸或包裝半導體晶圓或網線,瑞典,進口總值(含復進口),0,1
2022-4,39231010,塑膠製箱子、盒子、籃子及類似品，其形狀或適合供運輸或包裝半導體晶圓或網線,德國,進口總值(含復進口),35,15897
2022-4,39231010,塑膠製箱子、盒子、籃子及類似品，其形狀或適合供運輸或包裝半導體晶圓或網線,盧森堡,進口總值(含復進口),4,70
2022-4,39231010,塑膠製箱子、盒子、籃子及類似品，其形狀或適合供運輸或包裝半導體晶圓或網線,中國大陸,出口總值(含復出口),2351,138344
2022-4,39231010,塑膠製箱子、盒子、籃子及類似品，其形狀或適合供運輸或包裝半導體晶圓或網線,日本,出口總值(含復出口),965,122703
2022-4,39231010,塑膠製箱子、盒子、籃子及類似品，其形狀或適合供運輸或包裝半導體晶圓或網線,以色列,出口總值(含復出口),3,63
2022-4,39231010,塑膠製箱子、盒子、籃子及類似品，其形狀或適合供運輸或包裝半導體晶圓或網線,加拿大,出口總值(含復出口),8,571
2022-4,39231010,塑膠製箱子、盒子、籃子及類似品，其形狀或適合供運輸或包裝半導體晶圓或網線,印尼,出口總值(含復出口),2,520
2022-4,39231010,塑膠製箱子、盒子、籃子及類似品，其形狀或適合供運輸或包裝半導體晶圓或網線,法國,出口總值(含復出口),30,3434
2022-4,39231010,塑膠製箱子、盒子、籃子及類似品，其形狀或適合供運輸或包裝半導體晶圓或網線,阿根廷,出口總值(含復出口),0,36
2022-4,39231010,塑膠製箱子、盒子、籃子及類似品，其形狀或適合供運輸或包裝半導體晶圓或網線,俄羅斯,出口總值(含復出口),10,49
2022-4,39231010,塑膠製箱子、盒子、籃子及類似品，其形狀或適合供運輸或包裝半導體晶圓或網線,南韓,出口總值(含復出口),288,29452
2022-4,39231010,塑膠製箱子、盒子、籃子及類似品，其形狀或適合供運輸或包裝半導體晶圓或網線,美國,出口總值(含復出口),191,30660
2022-4,39231010,塑膠製箱子、盒子、籃子及類似品，其形狀或適合供運輸或包裝半導體晶圓或網線,英國,出口總值(含復出口),66,9702
2022-4,39231010,塑膠製箱子、盒子、籃子及類似品，其形狀或適合供運輸或包裝半導體晶圓或網線,迦納,出口總值(含復出口),4,570
2022-4,39231010,塑膠製箱子、盒子、籃子及類似品，其形狀或適合供運輸或包裝半導體晶圓或網線,香港,出口總值(含復出口),4,743
2022-4,39231010,塑膠製箱子、盒子、籃子及類似品，其形狀或適合供運輸或包裝半導體晶圓或網線,泰國,出口總值(含復出口),53,9085
2022-4,39231010,塑膠製箱子、盒子、籃子及類似品，其形狀或適合供運輸或包裝半導體晶圓或網線,馬來西亞,出口總值(含復出口),241,41974
2022-4,39231010,塑膠製箱子、盒子、籃子及類似品，其形狀或適合供運輸或包裝半導體晶圓或網線,捷克,出口總值(含復出口),4,439
2022-4,39231010,塑膠製箱子、盒子、籃子及類似品，其形狀或適合供運輸或包裝半導體晶圓或網線,荷蘭,出口總值(含復出口),2,1047
2022-4,39231010,塑膠製箱子、盒子、籃子及類似品，其形狀或適合供運輸或包裝半導體晶圓或網線,斯洛伐克,出口總值(含復出口),25,4992
2022-4,39231010,塑膠製箱子、盒子、籃子及類似品，其形狀或適合供運輸或包裝半導體晶圓或網線,菲律賓,出口總值(含復出口),10,23
2022-4,39231010,塑膠製箱子、盒子、籃子及類似品，其形狀或適合供運輸或包裝半導體晶圓或網線,越南,出口總值(含復出口),30,3472
2022-4,39231010,塑膠製箱子、盒子、籃子及類似品，其形狀或適合供運輸或包裝半導體晶圓或網線,新加坡,出口總值(含復出口),124,37017
2022-4,39231010,塑膠製箱子、盒子、籃子及類似品，其形狀或適合供運輸或包裝半導體晶圓或網線,義大利,出口總值(含復出口),4,90
2022-4,39231010,塑膠製箱子、盒子、籃子及類似品，其形狀或適合供運輸或包裝半導體晶圓或網線,葡萄牙,出口總值(含復出口),12,220
2022-4,39231010,塑膠製箱子、盒子、籃子及類似品，其形狀或適合供運輸或包裝半導體晶圓或網線,德國,出口總值(含復出口),68,16220
2022-4,39231010,塑膠製箱子、盒子、籃子及類似品，其形狀或適合供運輸或包裝半導體晶圓或網線,澳大利亞,出口總值(含復出口),4,493
2022-4,39239090,其他供輸送或包裝貨物之塑膠製品,土耳其,進口總值(含復進口),0,4
2022-4,39239090,其他供輸送或包裝貨物之塑膠製品,中國大陸,進口總值(含復進口),6360,1437689
2022-4,39239090,其他供輸送或包裝貨物之塑膠製品,中華民國,進口總值(含復進口),515,134991
2022-4,39239090,其他供輸送或包裝貨物之塑膠製品,丹麥,進口總值(含復進口),11,180
2022-4,39239090,其他供輸送或包裝貨物之塑膠製品,日本,進口總值(含復進口),1727,248461
2022-4,39239090,其他供輸送或包裝貨物之塑膠製品,比利時,進口總值(含復進口),3,1748
2022-4,39239090,其他供輸送或包裝貨物之塑膠製品,印度,進口總值(含復進口),2,545
2022-4,39239090,其他供輸送或包裝貨物之塑膠製品,西班牙,進口總值(含復進口),0,0
2022-4,39239090,其他供輸送或包裝貨物之塑膠製品,希臘,進口總值(含復進口),8,136
2022-4,39239090,其他供輸送或包裝貨物之塑膠製品,拉脫維亞,進口總值(含復進口),1,101
2022-4,39239090,其他供輸送或包裝貨物之塑膠製品,波蘭,進口總值(含復進口),0,20
2022-4,39239090,其他供輸送或包裝貨物之塑膠製品,南韓,進口總值(含復進口),1937,449449
2022-4,39239090,其他供輸送或包裝貨物之塑膠製品,美國,進口總值(含復進口),334,56832
2022-4,39239090,其他供輸送或包裝貨物之塑膠製品,英國,進口總值(含復進口),6,24
2022-4,39239090,其他供輸送或包裝貨物之塑膠製品,香港,進口總值(含復進口),0,182
2022-4,39239090,其他供輸送或包裝貨物之塑膠製品,泰國,進口總值(含復進口),201,34458
2022-4,39239090,其他供輸送或包裝貨物之塑膠製品,馬來西亞,進口總值(含復進口),1672,164088
2022-4,39239090,其他供輸送或包裝貨物之塑膠製品,捷克,進口總值(含復進口),4,1988
2022-4,39239090,其他供輸送或包裝貨物之塑膠製品,荷蘭,進口總值(含復進口),34,191
2022-4,39239090,其他供輸送或包裝貨物之塑膠製品,菲律賓,進口總值(含復進口),350,79817
2022-4,39239090,其他供輸送或包裝貨物之塑膠製品,越南,進口總值(含復進口),0,193
2022-4,39239090,其他供輸送或包裝貨物之塑膠製品,奧地利,進口總值(含復進口),0,0
2022-4,39239090,其他供輸送或包裝貨物之塑膠製品,新加坡,進口總值(含復進口),66,80573
2022-4,39239090,其他供輸送或包裝貨物之塑膠製品,瑞士,進口總值(含復進口),0,1
2022-4,39239090,其他供輸送或包裝貨物之塑膠製品,義大利,進口總值(含復進口),1,37
2022-4,39239090,其他供輸送或包裝貨物之塑膠製品,德國,進口總值(含復進口),540,35995
2022-4,39239090,其他供輸送或包裝貨物之塑膠製品,中國大陸,出口總值(含復出口),4048,831925
2022-4,39239090,其他供輸送或包裝貨物之塑膠製品,厄瓜多,出口總值(含復出口),9,1298
2022-4,39239090,其他供輸送或包裝貨物之塑膠製品,巴西,出口總值(含復出口),140,24479
2022-4,39239090,其他供輸送或包裝貨物之塑膠製品,巴林,出口總值(含復出口),11,812
2022-4,39239090,其他供輸送或包裝貨物之塑膠製品,巴拿馬,出口總值(含復出口),4,1066
2022-4,39239090,其他供輸送或包裝貨物之塑膠製品,巴基斯坦,出口總值(含復出口),85,3427
2022-4,39239090,其他供輸送或包裝貨物之塑膠製品,日本,出口總值(含復出口),962,80569
2022-4,39239090,其他供輸送或包裝貨物之塑膠製品,比利時,出口總值(含復出口),36,1633
2022-4,39239090,其他供輸送或包裝貨物之塑膠製品,以色列,出口總值(含復出口),4,113
2022-4,39239090,其他供輸送或包裝貨物之塑膠製品,加拿大,出口總值(含復出口),231,55935
2022-4,39239090,其他供輸送或包裝貨物之塑膠製品,卡達,出口總值(含復出口),2,345
2022-4,39239090,其他供輸送或包裝貨物之塑膠製品,瓜地馬拉,出口總值(含復出口),29,12717
2022-4,39239090,其他供輸送或包裝貨物之塑膠製品,立陶宛,出口總值(含復出口),14,5200
2022-4,39239090,其他供輸送或包裝貨物之塑膠製品,印尼,出口總值(含復出口),97,17927
2022-4,39239090,其他供輸送或包裝貨物之塑膠製品,印度,出口總值(含復出口),90,6139
2022-4,39239090,其他供輸送或包裝貨物之塑膠製品,吉里巴斯,出口總值(含復出口),14,394
2022-4,39239090,其他供輸送或包裝貨物之塑膠製品,希臘,出口總值(含復出口),14,2668
2022-4,39239090,其他供輸送或包裝貨物之塑膠製品,沙烏地阿拉伯,出口總值(含復出口),21,6437
2022-4,39239090,其他供輸送或包裝貨物之塑膠製品,波多黎各,出口總值(含復出口),15,5172
2022-4,39239090,其他供輸送或包裝貨物之塑膠製品,波蘭,出口總值(含復出口),24,2170
2022-4,39239090,其他供輸送或包裝貨物之塑膠製品,法國,出口總值(含復出口),210,13071
2022-4,39239090,其他供輸送或包裝貨物之塑膠製品,阿拉伯聯合大公國,出口總值(含復出口),50,22057
2022-4,39239090,其他供輸送或包裝貨物之塑膠製品,俄羅斯,出口總值(含復出口),1,48
2022-4,39239090,其他供輸送或包裝貨物之塑膠製品,南韓,出口總值(含復出口),1138,461438
2022-4,39239090,其他供輸送或包裝貨物之塑膠製品,美國,出口總值(含復出口),4224,1372640
2022-4,39239090,其他供輸送或包裝貨物之塑膠製品,英國,出口總值(含復出口),273,44448
2022-4,39239090,其他供輸送或包裝貨物之塑膠製品,香港,出口總值(含復出口),247,58381
2022-4,39239090,其他供輸送或包裝貨物之塑膠製品,哥倫比亞,出口總值(含復出口),7,864
2022-4,39239090,其他供輸送或包裝貨物之塑膠製品,哥斯大黎加,出口總值(含復出口),22,7671
2022-4,39239090,其他供輸送或包裝貨物之塑膠製品,泰國,出口總值(含復出口),275,30774
2022-4,39239090,其他供輸送或包裝貨物之塑膠製品,海地,出口總值(含復出口),4,226
2022-4,39239090,其他供輸送或包裝貨物之塑膠製品,紐西蘭,出口總值(含復出口),5,1455
2022-4,39239090,其他供輸送或包裝貨物之塑膠製品,馬來西亞,出口總值(含復出口),284,50187
2022-4,39239090,其他供輸送或包裝貨物之塑膠製品,馬爾他,出口總值(含復出口),3,252
2022-4,39239090,其他供輸送或包裝貨物之塑膠製品,荷蘭,出口總值(含復出口),290,9480
2022-4,39239090,其他供輸送或包裝貨物之塑膠製品,智利,出口總值(含復出口),4,1632
2022-4,39239090,其他供輸送或包裝貨物之塑膠製品,菲律賓,出口總值(含復出口),290,75555
2022-4,39239090,其他供輸送或包裝貨物之塑膠製品,越南,出口總值(含復出口),299,88446
2022-4,39239090,其他供輸送或包裝貨物之塑膠製品,新加坡,出口總值(含復出口),216,30189
2022-4,39239090,其他供輸送或包裝貨物之塑膠製品,瑞士,出口總值(含復出口),3,61
2022-4,39239090,其他供輸送或包裝貨物之塑膠製品,瑞典,出口總值(含復出口),57,11068
2022-4,39239090,其他供輸送或包裝貨物之塑膠製品,義大利,出口總值(含復出口),16,1703
2022-4,39239090,其他供輸送或包裝貨物之塑膠製品,德國,出口總值(含復出口),108,19242
2022-4,39239090,其他供輸送或包裝貨物之塑膠製品,模里西斯,出口總值(含復出口),22,6838
2022-4,39239090,其他供輸送或包裝貨物之塑膠製品,墨西哥,出口總值(含復出口),266,44382
2022-4,39239090,其他供輸送或包裝貨物之塑膠製品,澳大利亞,出口總值(含復出口),227,77720
2022-4,39269012,電氣絕緣用塑膠製品,中國大陸,進口總值(含復進口),187,15101
2022-4,39269012,電氣絕緣用塑膠製品,日本,進口總值(含復進口),53,1902
2022-4,39269012,電氣絕緣用塑膠製品,印度,進口總值(含復進口),1,24
2022-4,39269012,電氣絕緣用塑膠製品,波蘭,進口總值(含復進口),0,16
2022-4,39269012,電氣絕緣用塑膠製品,法國,進口總值(含復進口),0,4
2022-4,39269012,電氣絕緣用塑膠製品,美國,進口總值(含復進口),4,28
2022-4,39269012,電氣絕緣用塑膠製品,英國,進口總值(含復進口),6,8
2022-4,39269012,電氣絕緣用塑膠製品,泰國,進口總值(含復進口),0,3
2022-4,39269012,電氣絕緣用塑膠製品,捷克,進口總值(含復進口),0,0
2022-4,39269012,電氣絕緣用塑膠製品,荷蘭,進口總值(含復進口),0,0
2022-4,39269012,電氣絕緣用塑膠製品,菲律賓,進口總值(含復進口),0,82
2022-4,39269012,電氣絕緣用塑膠製品,越南,進口總值(含復進口),23,8907
2022-4,39269012,電氣絕緣用塑膠製品,新加坡,進口總值(含復進口),0,0
2022-4,39269012,電氣絕緣用塑膠製品,義大利,進口總值(含復進口),0,0
2022-4,39269012,電氣絕緣用塑膠製品,德國,進口總值(含復進口),1,0
2022-4,39269012,電氣絕緣用塑膠製品,土耳其,出口總值(含復出口),44,9072
2022-4,39269012,電氣絕緣用塑膠製品,中國大陸,出口總值(含復出口),87,6258
2022-4,39269012,電氣絕緣用塑膠製品,日本,出口總值(含復出口),67,17664
2022-4,39269012,電氣絕緣用塑膠製品,比利時,出口總值(含復出口),32,7357
2022-4,39269012,電氣絕緣用塑膠製品,加拿大,出口總值(含復出口),46,10490
2022-4,39269012,電氣絕緣用塑膠製品,印度,出口總值(含復出口),0,0
2022-4,39269012,電氣絕緣用塑膠製品,西班牙,出口總值(含復出口),34,4913
2022-4,39269012,電氣絕緣用塑膠製品,拉脫維亞,出口總值(含復出口),18,3438
2022-4,39269012,電氣絕緣用塑膠製品,法國,出口總值(含復出口),23,4727
2022-4,39269012,電氣絕緣用塑膠製品,南非,出口總值(含復出口),3,234
2022-4,39269012,電氣絕緣用塑膠製品,南韓,出口總值(含復出口),257,74850
2022-4,39269012,電氣絕緣用塑膠製品,柬埔寨,出口總值(含復出口),17,180
2022-4,39269012,電氣絕緣用塑膠製品,美國,出口總值(含復出口),431,96332
2022-4,39269012,電氣絕緣用塑膠製品,香港,出口總值(含復出口),35,164
2022-4,39269012,電氣絕緣用塑膠製品,泰國,出口總值(含復出口),3,19
2022-4,39269012,電氣絕緣用塑膠製品,紐西蘭,出口總值(含復出口),2,384
2022-4,39269012,電氣絕緣用塑膠製品,馬來西亞,出口總值(含復出口),6,98
2022-4,39269012,電氣絕緣用塑膠製品,捷克,出口總值(含復出口),0,0
2022-4,39269012,電氣絕緣用塑膠製品,荷蘭,出口總值(含復出口),52,8771
2022-4,39269012,電氣絕緣用塑膠製品,菲律賓,出口總值(含復出口),13,6882
2022-4,39269012,電氣絕緣用塑膠製品,越南,出口總值(含復出口),12,247
2022-4,39269012,電氣絕緣用塑膠製品,新加坡,出口總值(含復出口),14,10
2022-4,39269012,電氣絕緣用塑膠製品,義大利,出口總值(含復出口),480,88034
2022-4,39269012,電氣絕緣用塑膠製品,德國,出口總值(含復出口),86,20470
2022-4,39269012,電氣絕緣用塑膠製品,黎巴嫩,出口總值(含復出口),48,11438
2022-4,39269012,電氣絕緣用塑膠製品,墨西哥,出口總值(含復出口),10,645
2022-4,39269012,電氣絕緣用塑膠製品,澳大利亞,出口總值(含復出口),113,26678
2022-5,39231010,塑膠製箱子、盒子、籃子及類似品，其形狀或適合供運輸或包裝半導體晶圓或網線,中國大陸,進口總值(含復進口),1157,108379
2022-5,39231010,塑膠製箱子、盒子、籃子及類似品，其形狀或適合供運輸或包裝半導體晶圓或網線,中華民國,進口總值(含復進口),24,8687
2022-5,39231010,塑膠製箱子、盒子、籃子及類似品，其形狀或適合供運輸或包裝半導體晶圓或網線,日本,進口總值(含復進口),1629,99935
2022-5,39231010,塑膠製箱子、盒子、籃子及類似品，其形狀或適合供運輸或包裝半導體晶圓或網線,印尼,進口總值(含復進口),729,81933
2022-5,39231010,塑膠製箱子、盒子、籃子及類似品，其形狀或適合供運輸或包裝半導體晶圓或網線,印度,進口總值(含復進口),0,3
2022-5,39231010,塑膠製箱子、盒子、籃子及類似品，其形狀或適合供運輸或包裝半導體晶圓或網線,波蘭,進口總值(含復進口),0,5
2022-5,39231010,塑膠製箱子、盒子、籃子及類似品，其形狀或適合供運輸或包裝半導體晶圓或網線,南韓,進口總值(含復進口),628,71784
2022-5,39231010,塑膠製箱子、盒子、籃子及類似品，其形狀或適合供運輸或包裝半導體晶圓或網線,美國,進口總值(含復進口),936,56411
2022-5,39231010,塑膠製箱子、盒子、籃子及類似品，其形狀或適合供運輸或包裝半導體晶圓或網線,英國,進口總值(含復進口),0,36
2022-5,39231010,塑膠製箱子、盒子、籃子及類似品，其形狀或適合供運輸或包裝半導體晶圓或網線,馬來西亞,進口總值(含復進口),4567,79018
2022-5,39231010,塑膠製箱子、盒子、籃子及類似品，其形狀或適合供運輸或包裝半導體晶圓或網線,荷蘭,進口總值(含復進口),0,2
2022-5,39231010,塑膠製箱子、盒子、籃子及類似品，其形狀或適合供運輸或包裝半導體晶圓或網線,菲律賓,進口總值(含復進口),15,520
2022-5,39231010,塑膠製箱子、盒子、籃子及類似品，其形狀或適合供運輸或包裝半導體晶圓或網線,新加坡,進口總值(含復進口),5,1200
2022-5,39231010,塑膠製箱子、盒子、籃子及類似品，其形狀或適合供運輸或包裝半導體晶圓或網線,瑞士,進口總值(含復進口),1,0
2022-5,39231010,塑膠製箱子、盒子、籃子及類似品，其形狀或適合供運輸或包裝半導體晶圓或網線,義大利,進口總值(含復進口),2,1
2022-5,39231010,塑膠製箱子、盒子、籃子及類似品，其形狀或適合供運輸或包裝半導體晶圓或網線,德國,進口總值(含復進口),61,17694
2022-5,39231010,塑膠製箱子、盒子、籃子及類似品，其形狀或適合供運輸或包裝半導體晶圓或網線,中國大陸,出口總值(含復出口),2407,133942
2022-5,39231010,塑膠製箱子、盒子、籃子及類似品，其形狀或適合供運輸或包裝半導體晶圓或網線,日本,出口總值(含復出口),1113,149592
2022-5,39231010,塑膠製箱子、盒子、籃子及類似品，其形狀或適合供運輸或包裝半導體晶圓或網線,以色列,出口總值(含復出口),5,247
2022-5,39231010,塑膠製箱子、盒子、籃子及類似品，其形狀或適合供運輸或包裝半導體晶圓或網線,加拿大,出口總值(含復出口),7,367
2022-5,39231010,塑膠製箱子、盒子、籃子及類似品，其形狀或適合供運輸或包裝半導體晶圓或網線,西班牙,出口總值(含復出口),19,4500
2022-5,39231010,塑膠製箱子、盒子、籃子及類似品，其形狀或適合供運輸或包裝半導體晶圓或網線,波蘭,出口總值(含復出口),0,12
2022-5,39231010,塑膠製箱子、盒子、籃子及類似品，其形狀或適合供運輸或包裝半導體晶圓或網線,俄羅斯,出口總值(含復出口),2,206
2022-5,39231010,塑膠製箱子、盒子、籃子及類似品，其形狀或適合供運輸或包裝半導體晶圓或網線,南韓,出口總值(含復出口),148,29719
2022-5,39231010,塑膠製箱子、盒子、籃子及類似品，其形狀或適合供運輸或包裝半導體晶圓或網線,科威特,出口總值(含復出口),18,990
2022-5,39231010,塑膠製箱子、盒子、籃子及類似品，其形狀或適合供運輸或包裝半導體晶圓或網線,美國,出口總值(含復出口),119,20283
2022-5,39231010,塑膠製箱子、盒子、籃子及類似品，其形狀或適合供運輸或包裝半導體晶圓或網線,英國,出口總值(含復出口),54,8023
2022-5,39231010,塑膠製箱子、盒子、籃子及類似品，其形狀或適合供運輸或包裝半導體晶圓或網線,香港,出口總值(含復出口),2,78
2022-5,39231010,塑膠製箱子、盒子、籃子及類似品，其形狀或適合供運輸或包裝半導體晶圓或網線,泰國,出口總值(含復出口),63,17717
2022-5,39231010,塑膠製箱子、盒子、籃子及類似品，其形狀或適合供運輸或包裝半導體晶圓或網線,馬來西亞,出口總值(含復出口),245,34310
2022-5,39231010,塑膠製箱子、盒子、籃子及類似品，其形狀或適合供運輸或包裝半導體晶圓或網線,荷蘭,出口總值(含復出口),5,1481
2022-5,39231010,塑膠製箱子、盒子、籃子及類似品，其形狀或適合供運輸或包裝半導體晶圓或網線,斯洛伐克,出口總值(含復出口),35,7560
2022-5,39231010,塑膠製箱子、盒子、籃子及類似品，其形狀或適合供運輸或包裝半導體晶圓或網線,斯洛維尼亞,出口總值(含復出口),3,552
2022-5,39231010,塑膠製箱子、盒子、籃子及類似品，其形狀或適合供運輸或包裝半導體晶圓或網線,菲律賓,出口總值(含復出口),108,9054
2022-5,39231010,塑膠製箱子、盒子、籃子及類似品，其形狀或適合供運輸或包裝半導體晶圓或網線,越南,出口總值(含復出口),3,140
2022-5,39231010,塑膠製箱子、盒子、籃子及類似品，其形狀或適合供運輸或包裝半導體晶圓或網線,新加坡,出口總值(含復出口),123,31271
2022-5,39231010,塑膠製箱子、盒子、籃子及類似品，其形狀或適合供運輸或包裝半導體晶圓或網線,瑞士,出口總值(含復出口),0,7
2022-5,39231010,塑膠製箱子、盒子、籃子及類似品，其形狀或適合供運輸或包裝半導體晶圓或網線,義大利,出口總值(含復出口),71,2988
2022-5,39231010,塑膠製箱子、盒子、籃子及類似品，其形狀或適合供運輸或包裝半導體晶圓或網線,德國,出口總值(含復出口),33,8257
2022-5,39231010,塑膠製箱子、盒子、籃子及類似品，其形狀或適合供運輸或包裝半導體晶圓或網線,澳大利亞,出口總值(含復出口),9,1022
2022-5,39239090,其他供輸送或包裝貨物之塑膠製品,中國大陸,進口總值(含復進口),6828,1536332
2022-5,39239090,其他供輸送或包裝貨物之塑膠製品,中華民國,進口總值(含復進口),485,140813
2022-5,39239090,其他供輸送或包裝貨物之塑膠製品,丹麥,進口總值(含復進口),17,383
2022-5,39239090,其他供輸送或包裝貨物之塑膠製品,巴林,進口總值(含復進口),37,15939
2022-5,39239090,其他供輸送或包裝貨物之塑膠製品,日本,進口總值(含復進口),1702,253304
2022-5,39239090,其他供輸送或包裝貨物之塑膠製品,比利時,進口總值(含復進口),0,500
2022-5,39239090,其他供輸送或包裝貨物之塑膠製品,以色列,進口總值(含復進口),5,106
2022-5,39239090,其他供輸送或包裝貨物之塑膠製品,西班牙,進口總值(含復進口),1,9
2022-5,39239090,其他供輸送或包裝貨物之塑膠製品,拉脫維亞,進口總值(含復進口),4,295
2022-5,39239090,其他供輸送或包裝貨物之塑膠製品,波蘭,進口總值(含復進口),0,4
2022-5,39239090,其他供輸送或包裝貨物之塑膠製品,法國,進口總值(含復進口),5,25
2022-5,39239090,其他供輸送或包裝貨物之塑膠製品,南韓,進口總值(含復進口),1639,329501
2022-5,39239090,其他供輸送或包裝貨物之塑膠製品,美國,進口總值(含復進口),927,97077
2022-5,39239090,其他供輸送或包裝貨物之塑膠製品,英國,進口總值(含復進口),79,11081
2022-5,39239090,其他供輸送或包裝貨物之塑膠製品,泰國,進口總值(含復進口),464,64419
2022-5,39239090,其他供輸送或包裝貨物之塑膠製品,紐西蘭,進口總值(含復進口),5,1900
2022-5,39239090,其他供輸送或包裝貨物之塑膠製品,馬來西亞,進口總值(含復進口),1794,214264
2022-5,39239090,其他供輸送或包裝貨物之塑膠製品,荷蘭,進口總值(含復進口),46,807
2022-5,39239090,其他供輸送或包裝貨物之塑膠製品,菲律賓,進口總值(含復進口),259,67426
2022-5,39239090,其他供輸送或包裝貨物之塑膠製品,越南,進口總值(含復進口),1,444
2022-5,39239090,其他供輸送或包裝貨物之塑膠製品,奧地利,進口總值(含復進口),0,1
2022-5,39239090,其他供輸送或包裝貨物之塑膠製品,新加坡,進口總值(含復進口),27,30748
2022-5,39239090,其他供輸送或包裝貨物之塑膠製品,義大利,進口總值(含復進口),74,17064
2022-5,39239090,其他供輸送或包裝貨物之塑膠製品,葡萄牙,進口總值(含復進口),0,4
2022-5,39239090,其他供輸送或包裝貨物之塑膠製品,德國,進口總值(含復進口),237,38085
2022-5,39239090,其他供輸送或包裝貨物之塑膠製品,土耳其,出口總值(含復出口),5,1000
2022-5,39239090,其他供輸送或包裝貨物之塑膠製品,中國大陸,出口總值(含復出口),4628,966033
2022-5,39239090,其他供輸送或包裝貨物之塑膠製品,巴西,出口總值(含復出口),90,13061
2022-5,39239090,其他供輸送或包裝貨物之塑膠製品,巴基斯坦,出口總值(含復出口),37,214
2022-5,39239090,其他供輸送或包裝貨物之塑膠製品,日本,出口總值(含復出口),1074,121794
2022-5,39239090,其他供輸送或包裝貨物之塑膠製品,比利時,出口總值(含復出口),35,1709
2022-5,39239090,其他供輸送或包裝貨物之塑膠製品,以色列,出口總值(含復出口),46,4158
2022-5,39239090,其他供輸送或包裝貨物之塑膠製品,加拿大,出口總值(含復出口),161,44746
2022-5,39239090,其他供輸送或包裝貨物之塑膠製品,尼加拉瓜,出口總值(含復出口),4,1460
2022-5,39239090,其他供輸送或包裝貨物之塑膠製品,瓜地馬拉,出口總值(含復出口),14,6375
2022-5,39239090,其他供輸送或包裝貨物之塑膠製品,立陶宛,出口總值(含復出口),41,14761
2022-5,39239090,其他供輸送或包裝貨物之塑膠製品,匈牙利,出口總值(含復出口),20,2550
2022-5,39239090,其他供輸送或包裝貨物之塑膠製品,印尼,出口總值(含復出口),14,1638
2022-5,39239090,其他供輸送或包裝貨物之塑膠製品,印度,出口總值(含復出口),1,0
2022-5,39239090,其他供輸送或包裝貨物之塑膠製品,西班牙,出口總值(含復出口),21,1376
2022-5,39239090,其他供輸送或包裝貨物之塑膠製品,希臘,出口總值(含復出口),12,2292
2022-5,39239090,其他供輸送或包裝貨物之塑膠製品,沙烏地阿拉伯,出口總值(含復出口),23,6721
2022-5,39239090,其他供輸送或包裝貨物之塑膠製品,法國,出口總值(含復出口),22,3404
2022-5,39239090,其他供輸送或包裝貨物之塑膠製品,阿拉伯聯合大公國,出口總值(含復出口),173,20761
2022-5,39239090,其他供輸送或包裝貨物之塑膠製品,南韓,出口總值(含復出口),1131,502548
2022-5,39239090,其他供輸送或包裝貨物之塑膠製品,科威特,出口總值(含復出口),9,2737
2022-5,39239090,其他供輸送或包裝貨物之塑膠製品,美國,出口總值(含復出口),5370,1863984
2022-5,39239090,其他供輸送或包裝貨物之塑膠製品,英國,出口總值(含復出口),52,9523
2022-5,39239090,其他供輸送或包裝貨物之塑膠製品,香港,出口總值(含復出口),200,82719
2022-5,39239090,其他供輸送或包裝貨物之塑膠製品,哥斯大黎加,出口總值(含復出口),24,7767
2022-5,39239090,其他供輸送或包裝貨物之塑膠製品,泰國,出口總值(含復出口),208,24901
2022-5,39239090,其他供輸送或包裝貨物之塑膠製品,秘魯,出口總值(含復出口),32,4318
2022-5,39239090,其他供輸送或包裝貨物之塑膠製品,紐西蘭,出口總值(含復出口),9,1838
2022-5,39239090,其他供輸送或包裝貨物之塑膠製品,馬來西亞,出口總值(含復出口),253,44020
2022-5,39239090,其他供輸送或包裝貨物之塑膠製品,捷克,出口總值(含復出口),4,288
2022-5,39239090,其他供輸送或包裝貨物之塑膠製品,荷蘭,出口總值(含復出口),193,8255
2022-5,39239090,其他供輸送或包裝貨物之塑膠製品,菲律賓,出口總值(含復出口),339,96340
2022-5,39239090,其他供輸送或包裝貨物之塑膠製品,越南,出口總值(含復出口),308,75898
2022-5,39239090,其他供輸送或包裝貨物之塑膠製品,新加坡,出口總值(含復出口),199,29613
2022-5,39239090,其他供輸送或包裝貨物之塑膠製品,瑞士,出口總值(含復出口),2,82
2022-5,39239090,其他供輸送或包裝貨物之塑膠製品,瑞典,出口總值(含復出口),26,5143
2022-5,39239090,其他供輸送或包裝貨物之塑膠製品,義大利,出口總值(含復出口),33,2726
2022-5,39239090,其他供輸送或包裝貨物之塑膠製品,德國,出口總值(含復出口),59,7056
2022-5,39239090,其他供輸送或包裝貨物之塑膠製品,模里西斯,出口總值(含復出口),12,3703
2022-5,39239090,其他供輸送或包裝貨物之塑膠製品,墨西哥,出口總值(含復出口),302,50051
2022-5,39239090,其他供輸送或包裝貨物之塑膠製品,澳大利亞,出口總值(含復出口),156,33255
2022-5,39239090,其他供輸送或包裝貨物之塑膠製品,蘇利南,出口總值(含復出口),2,150
2022-5,39269012,電氣絕緣用塑膠製品,中國大陸,進口總值(含復進口),304,30535
2022-5,39269012,電氣絕緣用塑膠製品,丹麥,進口總值(含復進口),1,6
2022-5,39269012,電氣絕緣用塑膠製品,日本,進口總值(含復進口),62,1397
2022-5,39269012,電氣絕緣用塑膠製品,印度,進口總值(含復進口),5,81
2022-5,39269012,電氣絕緣用塑膠製品,波蘭,進口總值(含復進口),0,0
2022-5,39269012,電氣絕緣用塑膠製品,法國,進口總值(含復進口),5,81
2022-5,39269012,電氣絕緣用塑膠製品,南韓,進口總值(含復進口),2,9
2022-5,39269012,電氣絕緣用塑膠製品,美國,進口總值(含復進口),39,67
2022-5,39269012,電氣絕緣用塑膠製品,英國,進口總值(含復進口),12,7461
2022-5,39269012,電氣絕緣用塑膠製品,越南,進口總值(含復進口),37,19661
2022-5,39269012,電氣絕緣用塑膠製品,奧地利,進口總值(含復進口),2,106
2022-5,39269012,電氣絕緣用塑膠製品,義大利,進口總值(含復進口),0,1
2022-5,39269012,電氣絕緣用塑膠製品,德國,進口總值(含復進口),1,5
2022-5,39269012,電氣絕緣用塑膠製品,中國大陸,出口總值(含復出口),89,8683
2022-5,39269012,電氣絕緣用塑膠製品,厄瓜多,出口總值(含復出口),56,15580
2022-5,39269012,電氣絕緣用塑膠製品,巴拿馬,出口總值(含復出口),11,2652
2022-5,39269012,電氣絕緣用塑膠製品,日本,出口總值(含復出口),180,52700
2022-5,39269012,電氣絕緣用塑膠製品,比利時,出口總值(含復出口),25,4891
2022-5,39269012,電氣絕緣用塑膠製品,加拿大,出口總值(含復出口),70,17605
2022-5,39269012,電氣絕緣用塑膠製品,印尼,出口總值(含復出口),0,1
2022-5,39269012,電氣絕緣用塑膠製品,印度,出口總值(含復出口),0,21
2022-5,39269012,電氣絕緣用塑膠製品,多明尼加,出口總值(含復出口),28,8048
2022-5,39269012,電氣絕緣用塑膠製品,其他國家,出口總值(含復出口),0,2
2022-5,39269012,電氣絕緣用塑膠製品,法國,出口總值(含復出口),22,3204
2022-5,39269012,電氣絕緣用塑膠製品,南韓,出口總值(含復出口),898,265190
2022-5,39269012,電氣絕緣用塑膠製品,約旦,出口總值(含復出口),91,23560
2022-5,39269012,電氣絕緣用塑膠製品,美國,出口總值(含復出口),353,76493
2022-5,39269012,電氣絕緣用塑膠製品,香港,出口總值(含復出口),1,9
2022-5,39269012,電氣絕緣用塑膠製品,哥倫比亞,出口總值(含復出口),46,14460
2022-5,39269012,電氣絕緣用塑膠製品,哥斯大黎加,出口總值(含復出口),17,3504
2022-5,39269012,電氣絕緣用塑膠製品,埃及,出口總值(含復出口),70,17853
2022-5,39269012,電氣絕緣用塑膠製品,泰國,出口總值(含復出口),6,30
2022-5,39269012,電氣絕緣用塑膠製品,紐西蘭,出口總值(含復出口),3,698
2022-5,39269012,電氣絕緣用塑膠製品,馬來西亞,出口總值(含復出口),10,550
2022-5,39269012,電氣絕緣用塑膠製品,菲律賓,出口總值(含復出口),32,16400
2022-5,39269012,電氣絕緣用塑膠製品,越南,出口總值(含復出口),13,264
2022-5,39269012,電氣絕緣用塑膠製品,新加坡,出口總值(含復出口),4,1
2022-5,39269012,電氣絕緣用塑膠製品,德國,出口總值(含復出口),79,14533
2022-5,39269012,電氣絕緣用塑膠製品,模里西斯,出口總值(含復出口),11,2420
2022-5,39269012,電氣絕緣用塑膠製品,墨西哥,出口總值(含復出口),5,403
2022-6,39231010,塑膠製箱子、盒子、籃子及類似品，其形狀或適合供運輸或包裝半導體晶圓或網線,中國大陸,進口總值(含復進口),802,61646
2022-6,39231010,塑膠製箱子、盒子、籃子及類似品，其形狀或適合供運輸或包裝半導體晶圓或網線,中華民國,進口總值(含復進口),2,2118
2022-6,39231010,塑膠製箱子、盒子、籃子及類似品，其形狀或適合供運輸或包裝半導體晶圓或網線,日本,進口總值(含復進口),3206,175950
2022-6,39231010,塑膠製箱子、盒子、籃子及類似品，其形狀或適合供運輸或包裝半導體晶圓或網線,加拿大,進口總值(含復進口),14,1225
2022-6,39231010,塑膠製箱子、盒子、籃子及類似品，其形狀或適合供運輸或包裝半導體晶圓或網線,印尼,進口總值(含復進口),479,55356
2022-6,39231010,塑膠製箱子、盒子、籃子及類似品，其形狀或適合供運輸或包裝半導體晶圓或網線,波蘭,進口總值(含復進口),0,65
2022-6,39231010,塑膠製箱子、盒子、籃子及類似品，其形狀或適合供運輸或包裝半導體晶圓或網線,法國,進口總值(含復進口),3,20
2022-6,39231010,塑膠製箱子、盒子、籃子及類似品，其形狀或適合供運輸或包裝半導體晶圓或網線,南韓,進口總值(含復進口),381,36207
2022-6,39231010,塑膠製箱子、盒子、籃子及類似品，其形狀或適合供運輸或包裝半導體晶圓或網線,美國,進口總值(含復進口),838,54380
2022-6,39231010,塑膠製箱子、盒子、籃子及類似品，其形狀或適合供運輸或包裝半導體晶圓或網線,馬來西亞,進口總值(含復進口),5964,96621
2022-6,39231010,塑膠製箱子、盒子、籃子及類似品，其形狀或適合供運輸或包裝半導體晶圓或網線,荷蘭,進口總值(含復進口),0,96
2022-6,39231010,塑膠製箱子、盒子、籃子及類似品，其形狀或適合供運輸或包裝半導體晶圓或網線,越南,進口總值(含復進口),0,0
2022-6,39231010,塑膠製箱子、盒子、籃子及類似品，其形狀或適合供運輸或包裝半導體晶圓或網線,新加坡,進口總值(含復進口),12,4366
2022-6,39231010,塑膠製箱子、盒子、籃子及類似品，其形狀或適合供運輸或包裝半導體晶圓或網線,義大利,進口總值(含復進口),1,0
2022-6,39231010,塑膠製箱子、盒子、籃子及類似品，其形狀或適合供運輸或包裝半導體晶圓或網線,德國,進口總值(含復進口),60,14561
2022-6,39231010,塑膠製箱子、盒子、籃子及類似品，其形狀或適合供運輸或包裝半導體晶圓或網線,羅馬尼亞,進口總值(含復進口),0,10
2022-6,39231010,塑膠製箱子、盒子、籃子及類似品，其形狀或適合供運輸或包裝半導體晶圓或網線,中國大陸,出口總值(含復出口),2504,88828
2022-6,39231010,塑膠製箱子、盒子、籃子及類似品，其形狀或適合供運輸或包裝半導體晶圓或網線,日本,出口總值(含復出口),1105,141360
2022-6,39231010,塑膠製箱子、盒子、籃子及類似品，其形狀或適合供運輸或包裝半導體晶圓或網線,以色列,出口總值(含復出口),3,84
2022-6,39231010,塑膠製箱子、盒子、籃子及類似品，其形狀或適合供運輸或包裝半導體晶圓或網線,加拿大,出口總值(含復出口),5,939
2022-6,39231010,塑膠製箱子、盒子、籃子及類似品，其形狀或適合供運輸或包裝半導體晶圓或網線,印度,出口總值(含復出口),6,920
2022-6,39231010,塑膠製箱子、盒子、籃子及類似品，其形狀或適合供運輸或包裝半導體晶圓或網線,波蘭,出口總值(含復出口),10,1069
2022-6,39231010,塑膠製箱子、盒子、籃子及類似品，其形狀或適合供運輸或包裝半導體晶圓或網線,法國,出口總值(含復出口),4,137
2022-6,39231010,塑膠製箱子、盒子、籃子及類似品，其形狀或適合供運輸或包裝半導體晶圓或網線,南韓,出口總值(含復出口),157,23621
2022-6,39231010,塑膠製箱子、盒子、籃子及類似品，其形狀或適合供運輸或包裝半導體晶圓或網線,美國,出口總值(含復出口),98,18684
2022-6,39231010,塑膠製箱子、盒子、籃子及類似品，其形狀或適合供運輸或包裝半導體晶圓或網線,英國,出口總值(含復出口),18,2736
2022-6,39231010,塑膠製箱子、盒子、籃子及類似品，其形狀或適合供運輸或包裝半導體晶圓或網線,香港,出口總值(含復出口),6,1229
2022-6,39231010,塑膠製箱子、盒子、籃子及類似品，其形狀或適合供運輸或包裝半導體晶圓或網線,泰國,出口總值(含復出口),90,22563
2022-6,39231010,塑膠製箱子、盒子、籃子及類似品，其形狀或適合供運輸或包裝半導體晶圓或網線,紐西蘭,出口總值(含復出口),3,54
2022-6,39231010,塑膠製箱子、盒子、籃子及類似品，其形狀或適合供運輸或包裝半導體晶圓或網線,馬來西亞,出口總值(含復出口),207,30831
2022-6,39231010,塑膠製箱子、盒子、籃子及類似品，其形狀或適合供運輸或包裝半導體晶圓或網線,荷蘭,出口總值(含復出口),22,2402
2022-6,39231010,塑膠製箱子、盒子、籃子及類似品，其形狀或適合供運輸或包裝半導體晶圓或網線,斯洛伐克,出口總值(含復出口),54,13300
2022-6,39231010,塑膠製箱子、盒子、籃子及類似品，其形狀或適合供運輸或包裝半導體晶圓或網線,菲律賓,出口總值(含復出口),31,4321
2022-6,39231010,塑膠製箱子、盒子、籃子及類似品，其形狀或適合供運輸或包裝半導體晶圓或網線,越南,出口總值(含復出口),22,3063
2022-6,39231010,塑膠製箱子、盒子、籃子及類似品，其形狀或適合供運輸或包裝半導體晶圓或網線,新加坡,出口總值(含復出口),132,40979
2022-6,39231010,塑膠製箱子、盒子、籃子及類似品，其形狀或適合供運輸或包裝半導體晶圓或網線,瑞士,出口總值(含復出口),2,11
2022-6,39231010,塑膠製箱子、盒子、籃子及類似品，其形狀或適合供運輸或包裝半導體晶圓或網線,德國,出口總值(含復出口),30,9870
2022-6,39231010,塑膠製箱子、盒子、籃子及類似品，其形狀或適合供運輸或包裝半導體晶圓或網線,澳大利亞,出口總值(含復出口),4,585
2022-6,39239090,其他供輸送或包裝貨物之塑膠製品,中國大陸,進口總值(含復進口),9479,1910388
2022-6,39239090,其他供輸送或包裝貨物之塑膠製品,中華民國,進口總值(含復進口),599,171784
2022-6,39239090,其他供輸送或包裝貨物之塑膠製品,丹麥,進口總值(含復進口),0,111
2022-6,39239090,其他供輸送或包裝貨物之塑膠製品,巴林,進口總值(含復進口),52,21252
2022-6,39239090,其他供輸送或包裝貨物之塑膠製品,日本,進口總值(含復進口),2548,338374
2022-6,39239090,其他供輸送或包裝貨物之塑膠製品,加拿大,進口總值(含復進口),8,16
2022-6,39239090,其他供輸送或包裝貨物之塑膠製品,匈牙利,進口總值(含復進口),1,80
2022-6,39239090,其他供輸送或包裝貨物之塑膠製品,印度,進口總值(含復進口),62,15643
2022-6,39239090,其他供輸送或包裝貨物之塑膠製品,拉脫維亞,進口總值(含復進口),3,282
2022-6,39239090,其他供輸送或包裝貨物之塑膠製品,法國,進口總值(含復進口),25,746
2022-6,39239090,其他供輸送或包裝貨物之塑膠製品,南韓,進口總值(含復進口),1720,481537
2022-6,39239090,其他供輸送或包裝貨物之塑膠製品,美國,進口總值(含復進口),1320,157003
2022-6,39239090,其他供輸送或包裝貨物之塑膠製品,英國,進口總值(含復進口),23,2091
2022-6,39239090,其他供輸送或包裝貨物之塑膠製品,香港,進口總值(含復進口),0,138
2022-6,39239090,其他供輸送或包裝貨物之塑膠製品,泰國,進口總值(含復進口),929,134537
2022-6,39239090,其他供輸送或包裝貨物之塑膠製品,馬來西亞,進口總值(含復進口),1857,153487
2022-6,39239090,其他供輸送或包裝貨物之塑膠製品,捷克,進口總值(含復進口),7,2375
2022-6,39239090,其他供輸送或包裝貨物之塑膠製品,荷蘭,進口總值(含復進口),194,3555
2022-6,39239090,其他供輸送或包裝貨物之塑膠製品,斯里蘭卡,進口總值(含復進口),0,30
2022-6,39239090,其他供輸送或包裝貨物之塑膠製品,菲律賓,進口總值(含復進口),267,65441
2022-6,39239090,其他供輸送或包裝貨物之塑膠製品,越南,進口總值(含復進口),62,11443
2022-6,39239090,其他供輸送或包裝貨物之塑膠製品,新加坡,進口總值(含復進口),58,78102
2022-6,39239090,其他供輸送或包裝貨物之塑膠製品,瑞士,進口總值(含復進口),9,236
2022-6,39239090,其他供輸送或包裝貨物之塑膠製品,義大利,進口總值(含復進口),0,54
2022-6,39239090,其他供輸送或包裝貨物之塑膠製品,德國,進口總值(含復進口),588,35541
2022-6,39239090,其他供輸送或包裝貨物之塑膠製品,千里達及托巴哥,出口總值(含復出口),1,611
2022-6,39239090,其他供輸送或包裝貨物之塑膠製品,土耳其,出口總值(含復出口),19,1385
2022-6,39239090,其他供輸送或包裝貨物之塑膠製品,中國大陸,出口總值(含復出口),4926,1021574
2022-6,39239090,其他供輸送或包裝貨物之塑膠製品,巴布亞紐幾內亞,出口總值(含復出口),44,17936
2022-6,39239090,其他供輸送或包裝貨物之塑膠製品,巴西,出口總值(含復出口),57,6935
2022-6,39239090,其他供輸送或包裝貨物之塑膠製品,巴基斯坦,出口總值(含復出口),54,295
2022-6,39239090,其他供輸送或包裝貨物之塑膠製品,日本,出口總值(含復出口),1176,147166
2022-6,39239090,其他供輸送或包裝貨物之塑膠製品,以色列,出口總值(含復出口),23,2868
2022-6,39239090,其他供輸送或包裝貨物之塑膠製品,加拿大,出口總值(含復出口),161,47938
2022-6,39239090,其他供輸送或包裝貨物之塑膠製品,卡達,出口總值(含復出口),13,4938
2022-6,39239090,其他供輸送或包裝貨物之塑膠製品,史瓦帝尼,出口總值(含復出口),1,360
2022-6,39239090,其他供輸送或包裝貨物之塑膠製品,印尼,出口總值(含復出口),156,20489
2022-6,39239090,其他供輸送或包裝貨物之塑膠製品,印度,出口總值(含復出口),9,24580
2022-6,39239090,其他供輸送或包裝貨物之塑膠製品,多明尼加,出口總值(含復出口),11,3885
2022-6,39239090,其他供輸送或包裝貨物之塑膠製品,克羅埃西亞,出口總值(含復出口),1,32
2022-6,39239090,其他供輸送或包裝貨物之塑膠製品,宏都拉斯,出口總值(含復出口),9,1134
2022-6,39239090,其他供輸送或包裝貨物之塑膠製品,希臘,出口總值(含復出口),20,2993
2022-6,39239090,其他供輸送或包裝貨物之塑膠製品,波蘭,出口總值(含復出口),11,509
2022-6,39239090,其他供輸送或包裝貨物之塑膠製品,法國,出口總值(含復出口),25,3269
2022-6,39239090,其他供輸送或包裝貨物之塑膠製品,阿拉伯聯合大公國,出口總值(含復出口),47,16117
2022-6,39239090,其他供輸送或包裝貨物之塑膠製品,阿曼,出口總值(含復出口),10,2025
2022-6,39239090,其他供輸送或包裝貨物之塑膠製品,南韓,出口總值(含復出口),809,324161
2022-6,39239090,其他供輸送或包裝貨物之塑膠製品,柬埔寨,出口總值(含復出口),3,1700
2022-6,39239090,其他供輸送或包裝貨物之塑膠製品,科威特,出口總值(含復出口),23,7739
2022-6,39239090,其他供輸送或包裝貨物之塑膠製品,美國,出口總值(含復出口),5530,1985189
2022-6,39239090,其他供輸送或包裝貨物之塑膠製品,英國,出口總值(含復出口),146,22409
2022-6,39239090,其他供輸送或包裝貨物之塑膠製品,香港,出口總值(含復出口),347,74729
2022-6,39239090,其他供輸送或包裝貨物之塑膠製品,哥斯大黎加,出口總值(含復出口),22,1445
2022-6,39239090,其他供輸送或包裝貨物之塑膠製品,泰國,出口總值(含復出口),333,36850
2022-6,39239090,其他供輸送或包裝貨物之塑膠製品,紐西蘭,出口總值(含復出口),18,3794
2022-6,39239090,其他供輸送或包裝貨物之塑膠製品,馬來西亞,出口總值(含復出口),144,35781
2022-6,39239090,其他供輸送或包裝貨物之塑膠製品,密克羅尼西亞,出口總值(含復出口),3,1053
2022-6,39239090,其他供輸送或包裝貨物之塑膠製品,荷蘭,出口總值(含復出口),195,8069
2022-6,39239090,其他供輸送或包裝貨物之塑膠製品,智利,出口總值(含復出口),22,3437
2022-6,39239090,其他供輸送或包裝貨物之塑膠製品,菲律賓,出口總值(含復出口),306,86290
2022-6,39239090,其他供輸送或包裝貨物之塑膠製品,越南,出口總值(含復出口),114,22593
2022-6,39239090,其他供輸送或包裝貨物之塑膠製品,塞席爾,出口總值(含復出口),0,20
2022-6,39239090,其他供輸送或包裝貨物之塑膠製品,新加坡,出口總值(含復出口),277,41654
2022-6,39239090,其他供輸送或包裝貨物之塑膠製品,瑞士,出口總值(含復出口),40,2950
2022-6,39239090,其他供輸送或包裝貨物之塑膠製品,瑞典,出口總值(含復出口),24,4697
2022-6,39239090,其他供輸送或包裝貨物之塑膠製品,義大利,出口總值(含復出口),80,9228
2022-6,39239090,其他供輸送或包裝貨物之塑膠製品,德國,出口總值(含復出口),77,11404
2022-6,39239090,其他供輸送或包裝貨物之塑膠製品,墨西哥,出口總值(含復出口),144,24055
2022-6,39239090,其他供輸送或包裝貨物之塑膠製品,澳大利亞,出口總值(含復出口),97,31918
2022-6,39269012,電氣絕緣用塑膠製品,中國大陸,進口總值(含復進口),363,24632
2022-6,39269012,電氣絕緣用塑膠製品,日本,進口總值(含復進口),73,2704
2022-6,39269012,電氣絕緣用塑膠製品,美國,進口總值(含復進口),16,118
2022-6,39269012,電氣絕緣用塑膠製品,英國,進口總值(含復進口),0,1
2022-6,39269012,電氣絕緣用塑膠製品,香港,進口總值(含復進口),0,2
2022-6,39269012,電氣絕緣用塑膠製品,泰國,進口總值(含復進口),0,1
2022-6,39269012,電氣絕緣用塑膠製品,越南,進口總值(含復進口),53,21370
2022-6,39269012,電氣絕緣用塑膠製品,瑞士,進口總值(含復進口),0,1
2022-6,39269012,電氣絕緣用塑膠製品,義大利,進口總值(含復進口),0,4
2022-6,39269012,電氣絕緣用塑膠製品,德國,進口總值(含復進口),20,1542
2022-6,39269012,電氣絕緣用塑膠製品,中國大陸,出口總值(含復出口),156,14072
2022-6,39269012,電氣絕緣用塑膠製品,日本,出口總值(含復出口),63,18732
2022-6,39269012,電氣絕緣用塑膠製品,比利時,出口總值(含復出口),43,9431
2022-6,39269012,電氣絕緣用塑膠製品,以色列,出口總值(含復出口),3,9
2022-6,39269012,電氣絕緣用塑膠製品,加拿大,出口總值(含復出口),26,8889
2022-6,39269012,電氣絕緣用塑膠製品,印度,出口總值(含復出口),3,220
2022-6,39269012,電氣絕緣用塑膠製品,西班牙,出口總值(含復出口),3,34
2022-6,39269012,電氣絕緣用塑膠製品,沙烏地阿拉伯,出口總值(含復出口),33,7500
2022-6,39269012,電氣絕緣用塑膠製品,阿拉伯聯合大公國,出口總值(含復出口),47,11573
2022-6,39269012,電氣絕緣用塑膠製品,柬埔寨,出口總值(含復出口),4,19
2022-6,39269012,電氣絕緣用塑膠製品,美國,出口總值(含復出口),378,73549
2022-6,39269012,電氣絕緣用塑膠製品,香港,出口總值(含復出口),4,256
2022-6,39269012,電氣絕緣用塑膠製品,哥倫比亞,出口總值(含復出口),51,14337
2022-6,39269012,電氣絕緣用塑膠製品,泰國,出口總值(含復出口),2,35
2022-6,39269012,電氣絕緣用塑膠製品,紐西蘭,出口總值(含復出口),4,133
2022-6,39269012,電氣絕緣用塑膠製品,馬來西亞,出口總值(含復出口),79,6451
2022-6,39269012,電氣絕緣用塑膠製品,馬爾他,出口總值(含復出口),11,2447
2022-6,39269012,電氣絕緣用塑膠製品,荷蘭,出口總值(含復出口),56,12915
2022-6,39269012,電氣絕緣用塑膠製品,菲律賓,出口總值(含復出口),8,3850
2022-6,39269012,電氣絕緣用塑膠製品,越南,出口總值(含復出口),26,916
2022-6,39269012,電氣絕緣用塑膠製品,義大利,出口總值(含復出口),108,19390
2022-6,39269012,電氣絕緣用塑膠製品,德國,出口總值(含復出口),15,2950
2022-6,39269012,電氣絕緣用塑膠製品,黎巴嫩,出口總值(含復出口),39,8824
2022-6,39269012,電氣絕緣用塑膠製品,墨西哥,出口總值(含復出口),105,8477
2022-6,39269012,電氣絕緣用塑膠製品,澳大利亞,出口總值(含復出口),30,4464
2022-7,39231010,塑膠製箱子、盒子、籃子及類似品，其形狀或適合供運輸或包裝半導體晶圓或網線,中國大陸,進口總值(含復進口),554,55507
2022-7,39231010,塑膠製箱子、盒子、籃子及類似品，其形狀或適合供運輸或包裝半導體晶圓或網線,中華民國,進口總值(含復進口),175,61749
2022-7,39231010,塑膠製箱子、盒子、籃子及類似品，其形狀或適合供運輸或包裝半導體晶圓或網線,丹麥,進口總值(含復進口),1,73
2022-7,39231010,塑膠製箱子、盒子、籃子及類似品，其形狀或適合供運輸或包裝半導體晶圓或網線,日本,進口總值(含復進口),4173,220919
2022-7,39231010,塑膠製箱子、盒子、籃子及類似品，其形狀或適合供運輸或包裝半導體晶圓或網線,比利時,進口總值(含復進口),4,616
2022-7,39231010,塑膠製箱子、盒子、籃子及類似品，其形狀或適合供運輸或包裝半導體晶圓或網線,印尼,進口總值(含復進口),663,81241
2022-7,39231010,塑膠製箱子、盒子、籃子及類似品，其形狀或適合供運輸或包裝半導體晶圓或網線,波蘭,進口總值(含復進口),0,61
2022-7,39231010,塑膠製箱子、盒子、籃子及類似品，其形狀或適合供運輸或包裝半導體晶圓或網線,法國,進口總值(含復進口),1,1
2022-7,39231010,塑膠製箱子、盒子、籃子及類似品，其形狀或適合供運輸或包裝半導體晶圓或網線,芬蘭,進口總值(含復進口),0,3
2022-7,39231010,塑膠製箱子、盒子、籃子及類似品，其形狀或適合供運輸或包裝半導體晶圓或網線,南韓,進口總值(含復進口),354,55753
2022-7,39231010,塑膠製箱子、盒子、籃子及類似品，其形狀或適合供運輸或包裝半導體晶圓或網線,美國,進口總值(含復進口),656,29291
2022-7,39231010,塑膠製箱子、盒子、籃子及類似品，其形狀或適合供運輸或包裝半導體晶圓或網線,英國,進口總值(含復進口),2,62
2022-7,39231010,塑膠製箱子、盒子、籃子及類似品，其形狀或適合供運輸或包裝半導體晶圓或網線,馬來西亞,進口總值(含復進口),6277,115283
2022-7,39231010,塑膠製箱子、盒子、籃子及類似品，其形狀或適合供運輸或包裝半導體晶圓或網線,菲律賓,進口總值(含復進口),2,120
2022-7,39231010,塑膠製箱子、盒子、籃子及類似品，其形狀或適合供運輸或包裝半導體晶圓或網線,越南,進口總值(含復進口),12,1872
2022-7,39231010,塑膠製箱子、盒子、籃子及類似品，其形狀或適合供運輸或包裝半導體晶圓或網線,新加坡,進口總值(含復進口),6,1012
2022-7,39231010,塑膠製箱子、盒子、籃子及類似品，其形狀或適合供運輸或包裝半導體晶圓或網線,瑞士,進口總值(含復進口),3,16
2022-7,39231010,塑膠製箱子、盒子、籃子及類似品，其形狀或適合供運輸或包裝半導體晶圓或網線,德國,進口總值(含復進口),104,17044
2022-7,39231010,塑膠製箱子、盒子、籃子及類似品，其形狀或適合供運輸或包裝半導體晶圓或網線,中國大陸,出口總值(含復出口),3000,133341
2022-7,39231010,塑膠製箱子、盒子、籃子及類似品，其形狀或適合供運輸或包裝半導體晶圓或網線,日本,出口總值(含復出口),1044,157872
2022-7,39231010,塑膠製箱子、盒子、籃子及類似品，其形狀或適合供運輸或包裝半導體晶圓或網線,以色列,出口總值(含復出口),3,65
2022-7,39231010,塑膠製箱子、盒子、籃子及類似品，其形狀或適合供運輸或包裝半導體晶圓或網線,加拿大,出口總值(含復出口),1,8
2022-7,39231010,塑膠製箱子、盒子、籃子及類似品，其形狀或適合供運輸或包裝半導體晶圓或網線,帛琉,出口總值(含復出口),1,235
2022-7,39231010,塑膠製箱子、盒子、籃子及類似品，其形狀或適合供運輸或包裝半導體晶圓或網線,法國,出口總值(含復出口),3,4
2022-7,39231010,塑膠製箱子、盒子、籃子及類似品，其形狀或適合供運輸或包裝半導體晶圓或網線,俄羅斯,出口總值(含復出口),0,6
2022-7,39231010,塑膠製箱子、盒子、籃子及類似品，其形狀或適合供運輸或包裝半導體晶圓或網線,南韓,出口總值(含復出口),167,29825
2022-7,39231010,塑膠製箱子、盒子、籃子及類似品，其形狀或適合供運輸或包裝半導體晶圓或網線,科威特,出口總值(含復出口),18,978
2022-7,39231010,塑膠製箱子、盒子、籃子及類似品，其形狀或適合供運輸或包裝半導體晶圓或網線,美國,出口總值(含復出口),91,12723
2022-7,39231010,塑膠製箱子、盒子、籃子及類似品，其形狀或適合供運輸或包裝半導體晶圓或網線,英國,出口總值(含復出口),9,531
2022-7,39231010,塑膠製箱子、盒子、籃子及類似品，其形狀或適合供運輸或包裝半導體晶圓或網線,香港,出口總值(含復出口),6,530
2022-7,39231010,塑膠製箱子、盒子、籃子及類似品，其形狀或適合供運輸或包裝半導體晶圓或網線,泰國,出口總值(含復出口),34,5701
2022-7,39231010,塑膠製箱子、盒子、籃子及類似品，其形狀或適合供運輸或包裝半導體晶圓或網線,馬來西亞,出口總值(含復出口),265,43602
2022-7,39231010,塑膠製箱子、盒子、籃子及類似品，其形狀或適合供運輸或包裝半導體晶圓或網線,馬爾他,出口總值(含復出口),0,37
2022-7,39231010,塑膠製箱子、盒子、籃子及類似品，其形狀或適合供運輸或包裝半導體晶圓或網線,荷蘭,出口總值(含復出口),2,719
2022-7,39231010,塑膠製箱子、盒子、籃子及類似品，其形狀或適合供運輸或包裝半導體晶圓或網線,菲律賓,出口總值(含復出口),44,4578
2022-7,39231010,塑膠製箱子、盒子、籃子及類似品，其形狀或適合供運輸或包裝半導體晶圓或網線,越南,出口總值(含復出口),4,710
2022-7,39231010,塑膠製箱子、盒子、籃子及類似品，其形狀或適合供運輸或包裝半導體晶圓或網線,新加坡,出口總值(含復出口),75,28437
2022-7,39231010,塑膠製箱子、盒子、籃子及類似品，其形狀或適合供運輸或包裝半導體晶圓或網線,義大利,出口總值(含復出口),17,7197
2022-7,39231010,塑膠製箱子、盒子、籃子及類似品，其形狀或適合供運輸或包裝半導體晶圓或網線,德國,出口總值(含復出口),64,17955
2022-7,39231010,塑膠製箱子、盒子、籃子及類似品，其形狀或適合供運輸或包裝半導體晶圓或網線,澳大利亞,出口總值(含復出口),3,405
2022-7,39231010,塑膠製箱子、盒子、籃子及類似品，其形狀或適合供運輸或包裝半導體晶圓或網線,諾魯,出口總值(含復出口),0,15
2022-7,39239090,其他供輸送或包裝貨物之塑膠製品,中國大陸,進口總值(含復進口),8185,1829608
2022-7,39239090,其他供輸送或包裝貨物之塑膠製品,中華民國,進口總值(含復進口),284,92469
2022-7,39239090,其他供輸送或包裝貨物之塑膠製品,丹麥,進口總值(含復進口),5,252
2022-7,39239090,其他供輸送或包裝貨物之塑膠製品,日本,進口總值(含復進口),1822,246256
2022-7,39239090,其他供輸送或包裝貨物之塑膠製品,比利時,進口總值(含復進口),0,5
2022-7,39239090,其他供輸送或包裝貨物之塑膠製品,匈牙利,進口總值(含復進口),1,80
2022-7,39239090,其他供輸送或包裝貨物之塑膠製品,印尼,進口總值(含復進口),108,47937
2022-7,39239090,其他供輸送或包裝貨物之塑膠製品,印度,進口總值(含復進口),4,9
2022-7,39239090,其他供輸送或包裝貨物之塑膠製品,西班牙,進口總值(含復進口),0,1
2022-7,39239090,其他供輸送或包裝貨物之塑膠製品,拉脫維亞,進口總值(含復進口),7,524
2022-7,39239090,其他供輸送或包裝貨物之塑膠製品,法國,進口總值(含復進口),6,54
2022-7,39239090,其他供輸送或包裝貨物之塑膠製品,南韓,進口總值(含復進口),1684,427302
2022-7,39239090,其他供輸送或包裝貨物之塑膠製品,美國,進口總值(含復進口),885,105963
2022-7,39239090,其他供輸送或包裝貨物之塑膠製品,英國,進口總值(含復進口),36,5466
2022-7,39239090,其他供輸送或包裝貨物之塑膠製品,香港,進口總值(含復進口),8,760
2022-7,39239090,其他供輸送或包裝貨物之塑膠製品,泰國,進口總值(含復進口),695,102809
2022-7,39239090,其他供輸送或包裝貨物之塑膠製品,馬來西亞,進口總值(含復進口),2422,242683
2022-7,39239090,其他供輸送或包裝貨物之塑膠製品,荷蘭,進口總值(含復進口),82,930
2022-7,39239090,其他供輸送或包裝貨物之塑膠製品,菲律賓,進口總值(含復進口),209,51166
2022-7,39239090,其他供輸送或包裝貨物之塑膠製品,越南,進口總值(含復進口),52,7778
2022-7,39239090,其他供輸送或包裝貨物之塑膠製品,新加坡,進口總值(含復進口),38,55244
2022-7,39239090,其他供輸送或包裝貨物之塑膠製品,義大利,進口總值(含復進口),0,140
2022-7,39239090,其他供輸送或包裝貨物之塑膠製品,德國,進口總值(含復進口),197,16037
2022-7,39239090,其他供輸送或包裝貨物之塑膠製品,千里達及托巴哥,出口總值(含復出口),1,40
2022-7,39239090,其他供輸送或包裝貨物之塑膠製品,中國大陸,出口總值(含復出口),3798,906514
2022-7,39239090,其他供輸送或包裝貨物之塑膠製品,厄瓜多,出口總值(含復出口),2,228
2022-7,39239090,其他供輸送或包裝貨物之塑膠製品,巴布亞紐幾內亞,出口總值(含復出口),40,17506
2022-7,39239090,其他供輸送或包裝貨物之塑膠製品,巴西,出口總值(含復出口),90,15419
2022-7,39239090,其他供輸送或包裝貨物之塑膠製品,巴基斯坦,出口總值(含復出口),20,942
2022-7,39239090,其他供輸送或包裝貨物之塑膠製品,日本,出口總值(含復出口),1208,144029
2022-7,39239090,其他供輸送或包裝貨物之塑膠製品,比利時,出口總值(含復出口),133,16924
2022-7,39239090,其他供輸送或包裝貨物之塑膠製品,以色列,出口總值(含復出口),25,3402
2022-7,39239090,其他供輸送或包裝貨物之塑膠製品,加拿大,出口總值(含復出口),320,85919
2022-7,39239090,其他供輸送或包裝貨物之塑膠製品,卡達,出口總值(含復出口),20,6106
2022-7,39239090,其他供輸送或包裝貨物之塑膠製品,瓜地馬拉,出口總值(含復出口),13,6241
2022-7,39239090,其他供輸送或包裝貨物之塑膠製品,印尼,出口總值(含復出口),7,735
2022-7,39239090,其他供輸送或包裝貨物之塑膠製品,印度,出口總值(含復出口),19,8906
2022-7,39239090,其他供輸送或包裝貨物之塑膠製品,多明尼加,出口總值(含復出口),8,2280
2022-7,39239090,其他供輸送或包裝貨物之塑膠製品,衣索比亞,出口總值(含復出口),4,139
2022-7,39239090,其他供輸送或包裝貨物之塑膠製品,西班牙,出口總值(含復出口),12,1031
2022-7,39239090,其他供輸送或包裝貨物之塑膠製品,沙烏地阿拉伯,出口總值(含復出口),28,8374
2022-7,39239090,其他供輸送或包裝貨物之塑膠製品,汶萊,出口總值(含復出口),0,143
2022-7,39239090,其他供輸送或包裝貨物之塑膠製品,其他國家,出口總值(含復出口),0,11
2022-7,39239090,其他供輸送或包裝貨物之塑膠製品,波蘭,出口總值(含復出口),34,2769
2022-7,39239090,其他供輸送或包裝貨物之塑膠製品,法國,出口總值(含復出口),48,8502
2022-7,39239090,其他供輸送或包裝貨物之塑膠製品,法屬玻里尼西亞,出口總值(含復出口),12,4998
2022-7,39239090,其他供輸送或包裝貨物之塑膠製品,肯亞,出口總值(含復出口),19,2585
2022-7,39239090,其他供輸送或包裝貨物之塑膠製品,阿拉伯聯合大公國,出口總值(含復出口),102,13954
2022-7,39239090,其他供輸送或包裝貨物之塑膠製品,俄羅斯,出口總值(含復出口),8,45
2022-7,39239090,其他供輸送或包裝貨物之塑膠製品,南韓,出口總值(含復出口),989,390688
2022-7,39239090,其他供輸送或包裝貨物之塑膠製品,科威特,出口總值(含復出口),5,1728
2022-7,39239090,其他供輸送或包裝貨物之塑膠製品,約旦,出口總值(含復出口),16,3571
2022-7,39239090,其他供輸送或包裝貨物之塑膠製品,美國,出口總值(含復出口),4652,1549627
2022-7,39239090,其他供輸送或包裝貨物之塑膠製品,英國,出口總值(含復出口),370,66272
2022-7,39239090,其他供輸送或包裝貨物之塑膠製品,香港,出口總值(含復出口),223,91191
2022-7,39239090,其他供輸送或包裝貨物之塑膠製品,哥斯大黎加,出口總值(含復出口),52,18786
2022-7,39239090,其他供輸送或包裝貨物之塑膠製品,挪威,出口總值(含復出口),7,410
2022-7,39239090,其他供輸送或包裝貨物之塑膠製品,泰國,出口總值(含復出口),327,30552
2022-7,39239090,其他供輸送或包裝貨物之塑膠製品,烏拉圭,出口總值(含復出口),1,50
2022-7,39239090,其他供輸送或包裝貨物之塑膠製品,秘魯,出口總值(含復出口),62,23734
2022-7,39239090,其他供輸送或包裝貨物之塑膠製品,紐西蘭,出口總值(含復出口),36,2951
2022-7,39239090,其他供輸送或包裝貨物之塑膠製品,馬來西亞,出口總值(含復出口),424,54158
2022-7,39239090,其他供輸送或包裝貨物之塑膠製品,馬爾他,出口總值(含復出口),0,7
2022-7,39239090,其他供輸送或包裝貨物之塑膠製品,荷蘭,出口總值(含復出口),436,31679
2022-7,39239090,其他供輸送或包裝貨物之塑膠製品,菲律賓,出口總值(含復出口),233,51339
2022-7,39239090,其他供輸送或包裝貨物之塑膠製品,越南,出口總值(含復出口),211,37323
2022-7,39239090,其他供輸送或包裝貨物之塑膠製品,新加坡,出口總值(含復出口),222,34508
2022-7,39239090,其他供輸送或包裝貨物之塑膠製品,瑞士,出口總值(含復出口),29,638
2022-7,39239090,其他供輸送或包裝貨物之塑膠製品,瑞典,出口總值(含復出口),55,10056
2022-7,39239090,其他供輸送或包裝貨物之塑膠製品,義大利,出口總值(含復出口),214,5330
2022-7,39239090,其他供輸送或包裝貨物之塑膠製品,德國,出口總值(含復出口),75,14541
2022-7,39239090,其他供輸送或包裝貨物之塑膠製品,緬甸,出口總值(含復出口),17,5473
2022-7,39239090,其他供輸送或包裝貨物之塑膠製品,墨西哥,出口總值(含復出口),214,40012
2022-7,39239090,其他供輸送或包裝貨物之塑膠製品,澳大利亞,出口總值(含復出口),142,53281
2022-7,39269012,電氣絕緣用塑膠製品,中國大陸,進口總值(含復進口),496,17082
2022-7,39269012,電氣絕緣用塑膠製品,中華民國,進口總值(含復進口),0,1
2022-7,39269012,電氣絕緣用塑膠製品,丹麥,進口總值(含復進口),1,3
2022-7,39269012,電氣絕緣用塑膠製品,日本,進口總值(含復進口),60,2610
2022-7,39269012,電氣絕緣用塑膠製品,印度,進口總值(含復進口),0,6
2022-7,39269012,電氣絕緣用塑膠製品,南韓,進口總值(含復進口),4,266
2022-7,39269012,電氣絕緣用塑膠製品,美國,進口總值(含復進口),14,64
2022-7,39269012,電氣絕緣用塑膠製品,英國,進口總值(含復進口),8,107
2022-7,39269012,電氣絕緣用塑膠製品,荷蘭,進口總值(含復進口),0,1
2022-7,39269012,電氣絕緣用塑膠製品,越南,進口總值(含復進口),23,9064
2022-7,39269012,電氣絕緣用塑膠製品,瑞士,進口總值(含復進口),1,1
2022-7,39269012,電氣絕緣用塑膠製品,德國,進口總值(含復進口),3,16
2022-7,39269012,電氣絕緣用塑膠製品,中國大陸,出口總值(含復出口),106,8732
2022-7,39269012,電氣絕緣用塑膠製品,厄瓜多,出口總值(含復出口),16,4050
2022-7,39269012,電氣絕緣用塑膠製品,巴拿馬,出口總值(含復出口),4,1526
2022-7,39269012,電氣絕緣用塑膠製品,日本,出口總值(含復出口),64,21067
2022-7,39269012,電氣絕緣用塑膠製品,加拿大,出口總值(含復出口),68,16356
2022-7,39269012,電氣絕緣用塑膠製品,西班牙,出口總值(含復出口),79,17548
2022-7,39269012,電氣絕緣用塑膠製品,沙烏地阿拉伯,出口總值(含復出口),98,23255
2022-7,39269012,電氣絕緣用塑膠製品,其他國家,出口總值(含復出口),0,40
2022-7,39269012,電氣絕緣用塑膠製品,拉脫維亞,出口總值(含復出口),12,2413
2022-7,39269012,電氣絕緣用塑膠製品,法國,出口總值(含復出口),36,7922
2022-7,39269012,電氣絕緣用塑膠製品,俄羅斯,出口總值(含復出口),134,29887
2022-7,39269012,電氣絕緣用塑膠製品,南非,出口總值(含復出口),4,454
2022-7,39269012,電氣絕緣用塑膠製品,南韓,出口總值(含復出口),89,25610
2022-7,39269012,電氣絕緣用塑膠製品,美國,出口總值(含復出口),309,68398
2022-7,39269012,電氣絕緣用塑膠製品,香港,出口總值(含復出口),4,34
2022-7,39269012,電氣絕緣用塑膠製品,哥倫比亞,出口總值(含復出口),60,17140
2022-7,39269012,電氣絕緣用塑膠製品,埃及,出口總值(含復出口),143,40698
2022-7,39269012,電氣絕緣用塑膠製品,紐西蘭,出口總值(含復出口),2,456
2022-7,39269012,電氣絕緣用塑膠製品,馬來西亞,出口總值(含復出口),2,52
2022-7,39269012,電氣絕緣用塑膠製品,敘利亞,出口總值(含復出口),91,23560
2022-7,39269012,電氣絕緣用塑膠製品,菲律賓,出口總值(含復出口),6,2987
2022-7,39269012,電氣絕緣用塑膠製品,越南,出口總值(含復出口),30,584
2022-7,39269012,電氣絕緣用塑膠製品,瑞士,出口總值(含復出口),4,518
2022-7,39269012,電氣絕緣用塑膠製品,瑞典,出口總值(含復出口),23,4005
2022-7,39269012,電氣絕緣用塑膠製品,義大利,出口總值(含復出口),5,894
2022-7,39269012,電氣絕緣用塑膠製品,德國,出口總值(含復出口),139,32677
2022-7,39269012,電氣絕緣用塑膠製品,墨西哥,出口總值(含復出口),32,2650
2022-7,39269012,電氣絕緣用塑膠製品,澳大利亞,出口總值(含復出口),141,33492
2022-8,39231010,塑膠製箱子、盒子、籃子及類似品，其形狀或適合供運輸或包裝半導體晶圓或網線,土耳其,進口總值(含復進口),0,0
2022-8,39231010,塑膠製箱子、盒子、籃子及類似品，其形狀或適合供運輸或包裝半導體晶圓或網線,中國大陸,進口總值(含復進口),582,26568
2022-8,39231010,塑膠製箱子、盒子、籃子及類似品，其形狀或適合供運輸或包裝半導體晶圓或網線,中華民國,進口總值(含復進口),29,9233
2022-8,39231010,塑膠製箱子、盒子、籃子及類似品，其形狀或適合供運輸或包裝半導體晶圓或網線,日本,進口總值(含復進口),3443,167506
2022-8,39231010,塑膠製箱子、盒子、籃子及類似品，其形狀或適合供運輸或包裝半導體晶圓或網線,比利時,進口總值(含復進口),0,3
2022-8,39231010,塑膠製箱子、盒子、籃子及類似品，其形狀或適合供運輸或包裝半導體晶圓或網線,以色列,進口總值(含復進口),2,3
2022-8,39231010,塑膠製箱子、盒子、籃子及類似品，其形狀或適合供運輸或包裝半導體晶圓或網線,印尼,進口總值(含復進口),639,86679
2022-8,39231010,塑膠製箱子、盒子、籃子及類似品，其形狀或適合供運輸或包裝半導體晶圓或網線,西班牙,進口總值(含復進口),0,1
2022-8,39231010,塑膠製箱子、盒子、籃子及類似品，其形狀或適合供運輸或包裝半導體晶圓或網線,南韓,進口總值(含復進口),347,32003
2022-8,39231010,塑膠製箱子、盒子、籃子及類似品，其形狀或適合供運輸或包裝半導體晶圓或網線,美國,進口總值(含復進口),549,10763
2022-8,39231010,塑膠製箱子、盒子、籃子及類似品，其形狀或適合供運輸或包裝半導體晶圓或網線,馬來西亞,進口總值(含復進口),3813,59998
2022-8,39231010,塑膠製箱子、盒子、籃子及類似品，其形狀或適合供運輸或包裝半導體晶圓或網線,荷蘭,進口總值(含復進口),1,81
2022-8,39231010,塑膠製箱子、盒子、籃子及類似品，其形狀或適合供運輸或包裝半導體晶圓或網線,菲律賓,進口總值(含復進口),6,117
2022-8,39231010,塑膠製箱子、盒子、籃子及類似品，其形狀或適合供運輸或包裝半導體晶圓或網線,新加坡,進口總值(含復進口),6,1012
2022-8,39231010,塑膠製箱子、盒子、籃子及類似品，其形狀或適合供運輸或包裝半導體晶圓或網線,瑞士,進口總值(含復進口),1,4
2022-8,39231010,塑膠製箱子、盒子、籃子及類似品，其形狀或適合供運輸或包裝半導體晶圓或網線,德國,進口總值(含復進口),84,21319
2022-8,39231010,塑膠製箱子、盒子、籃子及類似品，其形狀或適合供運輸或包裝半導體晶圓或網線,中國大陸,出口總值(含復出口),3817,132884
2022-8,39231010,塑膠製箱子、盒子、籃子及類似品，其形狀或適合供運輸或包裝半導體晶圓或網線,丹麥,出口總值(含復出口),4,0
2022-8,39231010,塑膠製箱子、盒子、籃子及類似品，其形狀或適合供運輸或包裝半導體晶圓或網線,日本,出口總值(含復出口),1202,136484
2022-8,39231010,塑膠製箱子、盒子、籃子及類似品，其形狀或適合供運輸或包裝半導體晶圓或網線,以色列,出口總值(含復出口),30,172
2022-8,39231010,塑膠製箱子、盒子、籃子及類似品，其形狀或適合供運輸或包裝半導體晶圓或網線,加拿大,出口總值(含復出口),11,1430
2022-8,39231010,塑膠製箱子、盒子、籃子及類似品，其形狀或適合供運輸或包裝半導體晶圓或網線,印尼,出口總值(含復出口),21,3888
2022-8,39231010,塑膠製箱子、盒子、籃子及類似品，其形狀或適合供運輸或包裝半導體晶圓或網線,印度,出口總值(含復出口),3,448
2022-8,39231010,塑膠製箱子、盒子、籃子及類似品，其形狀或適合供運輸或包裝半導體晶圓或網線,西班牙,出口總值(含復出口),40,9600
2022-8,39231010,塑膠製箱子、盒子、籃子及類似品，其形狀或適合供運輸或包裝半導體晶圓或網線,帛琉,出口總值(含復出口),0,48
2022-8,39231010,塑膠製箱子、盒子、籃子及類似品，其形狀或適合供運輸或包裝半導體晶圓或網線,波蘭,出口總值(含復出口),3,256
2022-8,39231010,塑膠製箱子、盒子、籃子及類似品，其形狀或適合供運輸或包裝半導體晶圓或網線,法國,出口總值(含復出口),2,17
2022-8,39231010,塑膠製箱子、盒子、籃子及類似品，其形狀或適合供運輸或包裝半導體晶圓或網線,阿根廷,出口總值(含復出口),1,16
2022-8,39231010,塑膠製箱子、盒子、籃子及類似品，其形狀或適合供運輸或包裝半導體晶圓或網線,南韓,出口總值(含復出口),105,23947
2022-8,39231010,塑膠製箱子、盒子、籃子及類似品，其形狀或適合供運輸或包裝半導體晶圓或網線,美國,出口總值(含復出口),78,5965
2022-8,39231010,塑膠製箱子、盒子、籃子及類似品，其形狀或適合供運輸或包裝半導體晶圓或網線,英國,出口總值(含復出口),9,1479
2022-8,39231010,塑膠製箱子、盒子、籃子及類似品，其形狀或適合供運輸或包裝半導體晶圓或網線,香港,出口總值(含復出口),1,141
2022-8,39231010,塑膠製箱子、盒子、籃子及類似品，其形狀或適合供運輸或包裝半導體晶圓或網線,泰國,出口總值(含復出口),105,17690
2022-8,39231010,塑膠製箱子、盒子、籃子及類似品，其形狀或適合供運輸或包裝半導體晶圓或網線,馬來西亞,出口總值(含復出口),299,45752
2022-8,39231010,塑膠製箱子、盒子、籃子及類似品，其形狀或適合供運輸或包裝半導體晶圓或網線,荷蘭,出口總值(含復出口),1,18
2022-8,39231010,塑膠製箱子、盒子、籃子及類似品，其形狀或適合供運輸或包裝半導體晶圓或網線,斯洛伐克,出口總值(含復出口),8,2160
2022-8,39231010,塑膠製箱子、盒子、籃子及類似品，其形狀或適合供運輸或包裝半導體晶圓或網線,菲律賓,出口總值(含復出口),16,1680
2022-8,39231010,塑膠製箱子、盒子、籃子及類似品，其形狀或適合供運輸或包裝半導體晶圓或網線,越南,出口總值(含復出口),9,1042
2022-8,39231010,塑膠製箱子、盒子、籃子及類似品，其形狀或適合供運輸或包裝半導體晶圓或網線,新加坡,出口總值(含復出口),128,38040
2022-8,39231010,塑膠製箱子、盒子、籃子及類似品，其形狀或適合供運輸或包裝半導體晶圓或網線,葡萄牙,出口總值(含復出口),37,660
2022-8,39231010,塑膠製箱子、盒子、籃子及類似品，其形狀或適合供運輸或包裝半導體晶圓或網線,德國,出口總值(含復出口),36,11844
2022-8,39231010,塑膠製箱子、盒子、籃子及類似品，其形狀或適合供運輸或包裝半導體晶圓或網線,澳大利亞,出口總值(含復出口),31,6653
2022-8,39239090,其他供輸送或包裝貨物之塑膠製品,中國大陸,進口總值(含復進口),5776,1139918
2022-8,39239090,其他供輸送或包裝貨物之塑膠製品,中華民國,進口總值(含復進口),237,58790
2022-8,39239090,其他供輸送或包裝貨物之塑膠製品,丹麥,進口總值(含復進口),7,318
2022-8,39239090,其他供輸送或包裝貨物之塑膠製品,日本,進口總值(含復進口),1500,167607
2022-8,39239090,其他供輸送或包裝貨物之塑膠製品,印尼,進口總值(含復進口),0,303
2022-8,39239090,其他供輸送或包裝貨物之塑膠製品,印度,進口總值(含復進口),4,546
2022-8,39239090,其他供輸送或包裝貨物之塑膠製品,拉脫維亞,進口總值(含復進口),8,716
2022-8,39239090,其他供輸送或包裝貨物之塑膠製品,南韓,進口總值(含復進口),1383,235554
2022-8,39239090,其他供輸送或包裝貨物之塑膠製品,美國,進口總值(含復進口),778,81655
2022-8,39239090,其他供輸送或包裝貨物之塑膠製品,英國,進口總值(含復進口),1,2
2022-8,39239090,其他供輸送或包裝貨物之塑膠製品,香港,進口總值(含復進口),0,141
2022-8,39239090,其他供輸送或包裝貨物之塑膠製品,泰國,進口總值(含復進口),568,85090
2022-8,39239090,其他供輸送或包裝貨物之塑膠製品,馬來西亞,進口總值(含復進口),1661,206040
2022-8,39239090,其他供輸送或包裝貨物之塑膠製品,荷蘭,進口總值(含復進口),45,538
2022-8,39239090,其他供輸送或包裝貨物之塑膠製品,菲律賓,進口總值(含復進口),152,37532
2022-8,39239090,其他供輸送或包裝貨物之塑膠製品,越南,進口總值(含復進口),64,9429
2022-8,39239090,其他供輸送或包裝貨物之塑膠製品,新加坡,進口總值(含復進口),44,73541
2022-8,39239090,其他供輸送或包裝貨物之塑膠製品,義大利,進口總值(含復進口),111,26787
2022-8,39239090,其他供輸送或包裝貨物之塑膠製品,德國,進口總值(含復進口),702,70058
2022-8,39239090,其他供輸送或包裝貨物之塑膠製品,土耳其,出口總值(含復出口),19,1385
2022-8,39239090,其他供輸送或包裝貨物之塑膠製品,中國大陸,出口總值(含復出口),3735,1005225
2022-8,39239090,其他供輸送或包裝貨物之塑膠製品,巴布亞紐幾內亞,出口總值(含復出口),20,8753
2022-8,39239090,其他供輸送或包裝貨物之塑膠製品,巴西,出口總值(含復出口),87,10039
2022-8,39239090,其他供輸送或包裝貨物之塑膠製品,日本,出口總值(含復出口),1322,154908
2022-8,39239090,其他供輸送或包裝貨物之塑膠製品,比利時,出口總值(含復出口),119,14593
2022-8,39239090,其他供輸送或包裝貨物之塑膠製品,以色列,出口總值(含復出口),2,113
2022-8,39239090,其他供輸送或包裝貨物之塑膠製品,加拿大,出口總值(含復出口),473,106419
2022-8,39239090,其他供輸送或包裝貨物之塑膠製品,卡達,出口總值(含復出口),19,5678
2022-8,39239090,其他供輸送或包裝貨物之塑膠製品,瓜地馬拉,出口總值(含復出口),10,4660
2022-8,39239090,其他供輸送或包裝貨物之塑膠製品,立陶宛,出口總值(含復出口),18,6350
2022-8,39239090,其他供輸送或包裝貨物之塑膠製品,印尼,出口總值(含復出口),79,4159
2022-8,39239090,其他供輸送或包裝貨物之塑膠製品,印度,出口總值(含復出口),50,10178
2022-8,39239090,其他供輸送或包裝貨物之塑膠製品,宏都拉斯,出口總值(含復出口),18,2268
2022-8,39239090,其他供輸送或包裝貨物之塑膠製品,沙烏地阿拉伯,出口總值(含復出口),5,913
2022-8,39239090,其他供輸送或包裝貨物之塑膠製品,汶萊,出口總值(含復出口),3,1085
2022-8,39239090,其他供輸送或包裝貨物之塑膠製品,其他國家,出口總值(含復出口),0,11
2022-8,39239090,其他供輸送或包裝貨物之塑膠製品,帛琉,出口總值(含復出口),0,30
2022-8,39239090,其他供輸送或包裝貨物之塑膠製品,波多黎各,出口總值(含復出口),22,7433
2022-8,39239090,其他供輸送或包裝貨物之塑膠製品,波蘭,出口總值(含復出口),22,1332
2022-8,39239090,其他供輸送或包裝貨物之塑膠製品,法國,出口總值(含復出口),22,3329
2022-8,39239090,其他供輸送或包裝貨物之塑膠製品,法屬玻里尼西亞,出口總值(含復出口),4,1657
2022-8,39239090,其他供輸送或包裝貨物之塑膠製品,阿拉伯聯合大公國,出口總值(含復出口),62,1816
2022-8,39239090,其他供輸送或包裝貨物之塑膠製品,阿根廷,出口總值(含復出口),4,960
2022-8,39239090,其他供輸送或包裝貨物之塑膠製品,南韓,出口總值(含復出口),723,230594
2022-8,39239090,其他供輸送或包裝貨物之塑膠製品,科威特,出口總值(含復出口),30,12095
2022-8,39239090,其他供輸送或包裝貨物之塑膠製品,美國,出口總值(含復出口),5104,1580975
2022-8,39239090,其他供輸送或包裝貨物之塑膠製品,英國,出口總值(含復出口),190,30179
2022-8,39239090,其他供輸送或包裝貨物之塑膠製品,香港,出口總值(含復出口),342,121588
2022-8,39239090,其他供輸送或包裝貨物之塑膠製品,哥斯大黎加,出口總值(含復出口),16,6089
2022-8,39239090,其他供輸送或包裝貨物之塑膠製品,泰國,出口總值(含復出口),259,36458
2022-8,39239090,其他供輸送或包裝貨物之塑膠製品,烏拉圭,出口總值(含復出口),2,80
2022-8,39239090,其他供輸送或包裝貨物之塑膠製品,秘魯,出口總值(含復出口),31,8303
2022-8,39239090,其他供輸送或包裝貨物之塑膠製品,紐西蘭,出口總值(含復出口),41,8429
2022-8,39239090,其他供輸送或包裝貨物之塑膠製品,馬來西亞,出口總值(含復出口),362,64050
2022-8,39239090,其他供輸送或包裝貨物之塑膠製品,荷蘭,出口總值(含復出口),370,22035
2022-8,39239090,其他供輸送或包裝貨物之塑膠製品,菲律賓,出口總值(含復出口),91,21960
2022-8,39239090,其他供輸送或包裝貨物之塑膠製品,越南,出口總值(含復出口),120,18924
2022-8,39239090,其他供輸送或包裝貨物之塑膠製品,塞席爾,出口總值(含復出口),45,8646
2022-8,39239090,其他供輸送或包裝貨物之塑膠製品,新加坡,出口總值(含復出口),152,26266
2022-8,39239090,其他供輸送或包裝貨物之塑膠製品,瑞士,出口總值(含復出口),28,852
2022-8,39239090,其他供輸送或包裝貨物之塑膠製品,瑞典,出口總值(含復出口),29,5578
2022-8,39239090,其他供輸送或包裝貨物之塑膠製品,義大利,出口總值(含復出口),563,26494
2022-8,39239090,其他供輸送或包裝貨物之塑膠製品,德國,出口總值(含復出口),50,8431
2022-8,39239090,其他供輸送或包裝貨物之塑膠製品,模里西斯,出口總值(含復出口),15,3654
2022-8,39239090,其他供輸送或包裝貨物之塑膠製品,黎巴嫩,出口總值(含復出口),9,2715
2022-8,39239090,其他供輸送或包裝貨物之塑膠製品,墨西哥,出口總值(含復出口),106,25760
2022-8,39239090,其他供輸送或包裝貨物之塑膠製品,澳大利亞,出口總值(含復出口),114,43177
2022-8,39239090,其他供輸送或包裝貨物之塑膠製品,賴索托,出口總值(含復出口),10,5700
2022-8,39269012,電氣絕緣用塑膠製品,中國大陸,進口總值(含復進口),338,13181
2022-8,39269012,電氣絕緣用塑膠製品,日本,進口總值(含復進口),69,2691
2022-8,39269012,電氣絕緣用塑膠製品,匈牙利,進口總值(含復進口),0,1
2022-8,39269012,電氣絕緣用塑膠製品,印度,進口總值(含復進口),2,37
2022-8,39269012,電氣絕緣用塑膠製品,南韓,進口總值(含復進口),0,10
2022-8,39269012,電氣絕緣用塑膠製品,美國,進口總值(含復進口),6,34
2022-8,39269012,電氣絕緣用塑膠製品,英國,進口總值(含復進口),0,1
2022-8,39269012,電氣絕緣用塑膠製品,泰國,進口總值(含復進口),1,58
2022-8,39269012,電氣絕緣用塑膠製品,越南,進口總值(含復進口),24,9275
2022-8,39269012,電氣絕緣用塑膠製品,德國,進口總值(含復進口),1,7
2022-8,39269012,電氣絕緣用塑膠製品,中國大陸,出口總值(含復出口),54,5302
2022-8,39269012,電氣絕緣用塑膠製品,巴拿馬,出口總值(含復出口),3,988
2022-8,39269012,電氣絕緣用塑膠製品,日本,出口總值(含復出口),118,37712
2022-8,39269012,電氣絕緣用塑膠製品,比利時,出口總值(含復出口),24,5927
2022-8,39269012,電氣絕緣用塑膠製品,加拿大,出口總值(含復出口),20,7074
2022-8,39269012,電氣絕緣用塑膠製品,印度,出口總值(含復出口),2,70
2022-8,39269012,電氣絕緣用塑膠製品,多明尼加,出口總值(含復出口),14,4024
2022-8,39269012,電氣絕緣用塑膠製品,西班牙,出口總值(含復出口),84,19310
2022-8,39269012,電氣絕緣用塑膠製品,希臘,出口總值(含復出口),2,606
2022-8,39269012,電氣絕緣用塑膠製品,沙烏地阿拉伯,出口總值(含復出口),90,21084
2022-8,39269012,電氣絕緣用塑膠製品,拉脫維亞,出口總值(含復出口),9,1767
2022-8,39269012,電氣絕緣用塑膠製品,俄羅斯,出口總值(含復出口),108,23247
2022-8,39269012,電氣絕緣用塑膠製品,南韓,出口總值(含復出口),274,80251
2022-8,39269012,電氣絕緣用塑膠製品,柬埔寨,出口總值(含復出口),9,71
2022-8,39269012,電氣絕緣用塑膠製品,約旦,出口總值(含復出口),90,23560
2022-8,39269012,電氣絕緣用塑膠製品,美國,出口總值(含復出口),320,70375
2022-8,39269012,電氣絕緣用塑膠製品,香港,出口總值(含復出口),7,344
2022-8,39269012,電氣絕緣用塑膠製品,哥倫比亞,出口總值(含復出口),62,18600
2022-8,39269012,電氣絕緣用塑膠製品,埃及,出口總值(含復出口),76,19631
2022-8,39269012,電氣絕緣用塑膠製品,泰國,出口總值(含復出口),7,38
2022-8,39269012,電氣絕緣用塑膠製品,馬來西亞,出口總值(含復出口),9,1154
2022-8,39269012,電氣絕緣用塑膠製品,馬爾他,出口總值(含復出口),14,2939
2022-8,39269012,電氣絕緣用塑膠製品,荷蘭,出口總值(含復出口),59,2608
2022-8,39269012,電氣絕緣用塑膠製品,智利,出口總值(含復出口),3,581
2022-8,39269012,電氣絕緣用塑膠製品,菲律賓,出口總值(含復出口),10,5400
2022-8,39269012,電氣絕緣用塑膠製品,越南,出口總值(含復出口),27,962
2022-8,39269012,電氣絕緣用塑膠製品,新加坡,出口總值(含復出口),3,161
2022-8,39269012,電氣絕緣用塑膠製品,瑞士,出口總值(含復出口),8,1699
2022-8,39269012,電氣絕緣用塑膠製品,義大利,出口總值(含復出口),62,11180
2022-8,39269012,電氣絕緣用塑膠製品,德國,出口總值(含復出口),27,3844
2022-8,39269012,電氣絕緣用塑膠製品,墨西哥,出口總值(含復出口),4,182
2022-8,39269012,電氣絕緣用塑膠製品,澳大利亞,出口總值(含復出口),22,4710
2022-9,39231010,塑膠製箱子、盒子、籃子及類似品，其形狀或適合供運輸或包裝半導體晶圓或網線,中國大陸,進口總值(含復進口),355,16448
2022-9,39231010,塑膠製箱子、盒子、籃子及類似品，其形狀或適合供運輸或包裝半導體晶圓或網線,中華民國,進口總值(含復進口),68,20682
2022-9,39231010,塑膠製箱子、盒子、籃子及類似品，其形狀或適合供運輸或包裝半導體晶圓或網線,日本,進口總值(含復進口),1831,99817
2022-9,39231010,塑膠製箱子、盒子、籃子及類似品，其形狀或適合供運輸或包裝半導體晶圓或網線,印尼,進口總值(含復進口),515,78431
2022-9,39231010,塑膠製箱子、盒子、籃子及類似品，其形狀或適合供運輸或包裝半導體晶圓或網線,印度,進口總值(含復進口),3,40
2022-9,39231010,塑膠製箱子、盒子、籃子及類似品，其形狀或適合供運輸或包裝半導體晶圓或網線,西班牙,進口總值(含復進口),15,2299
2022-9,39231010,塑膠製箱子、盒子、籃子及類似品，其形狀或適合供運輸或包裝半導體晶圓或網線,法國,進口總值(含復進口),0,0
2022-9,39231010,塑膠製箱子、盒子、籃子及類似品，其形狀或適合供運輸或包裝半導體晶圓或網線,南韓,進口總值(含復進口),201,19328
2022-9,39231010,塑膠製箱子、盒子、籃子及類似品，其形狀或適合供運輸或包裝半導體晶圓或網線,美國,進口總值(含復進口),1017,65054
2022-9,39231010,塑膠製箱子、盒子、籃子及類似品，其形狀或適合供運輸或包裝半導體晶圓或網線,英國,進口總值(含復進口),2,127
2022-9,39231010,塑膠製箱子、盒子、籃子及類似品，其形狀或適合供運輸或包裝半導體晶圓或網線,馬來西亞,進口總值(含復進口),6003,74791
2022-9,39231010,塑膠製箱子、盒子、籃子及類似品，其形狀或適合供運輸或包裝半導體晶圓或網線,菲律賓,進口總值(含復進口),3,39
2022-9,39231010,塑膠製箱子、盒子、籃子及類似品，其形狀或適合供運輸或包裝半導體晶圓或網線,越南,進口總值(含復進口),0,2
2022-9,39231010,塑膠製箱子、盒子、籃子及類似品，其形狀或適合供運輸或包裝半導體晶圓或網線,新加坡,進口總值(含復進口),4,960
2022-9,39231010,塑膠製箱子、盒子、籃子及類似品，其形狀或適合供運輸或包裝半導體晶圓或網線,瑞士,進口總值(含復進口),2,13
2022-9,39231010,塑膠製箱子、盒子、籃子及類似品，其形狀或適合供運輸或包裝半導體晶圓或網線,義大利,進口總值(含復進口),2,4
2022-9,39231010,塑膠製箱子、盒子、籃子及類似品，其形狀或適合供運輸或包裝半導體晶圓或網線,德國,進口總值(含復進口),42,15354
2022-9,39231010,塑膠製箱子、盒子、籃子及類似品，其形狀或適合供運輸或包裝半導體晶圓或網線,模里西斯,進口總值(含復進口),31,332
2022-9,39231010,塑膠製箱子、盒子、籃子及類似品，其形狀或適合供運輸或包裝半導體晶圓或網線,中國大陸,出口總值(含復出口),2103,111520
2022-9,39231010,塑膠製箱子、盒子、籃子及類似品，其形狀或適合供運輸或包裝半導體晶圓或網線,日本,出口總值(含復出口),949,112850
2022-9,39231010,塑膠製箱子、盒子、籃子及類似品，其形狀或適合供運輸或包裝半導體晶圓或網線,以色列,出口總值(含復出口),4,106
2022-9,39231010,塑膠製箱子、盒子、籃子及類似品，其形狀或適合供運輸或包裝半導體晶圓或網線,加拿大,出口總值(含復出口),0,3
2022-9,39231010,塑膠製箱子、盒子、籃子及類似品，其形狀或適合供運輸或包裝半導體晶圓或網線,瓜地馬拉,出口總值(含復出口),0,13
2022-9,39231010,塑膠製箱子、盒子、籃子及類似品，其形狀或適合供運輸或包裝半導體晶圓或網線,印尼,出口總值(含復出口),2,127
2022-9,39231010,塑膠製箱子、盒子、籃子及類似品，其形狀或適合供運輸或包裝半導體晶圓或網線,汶萊,出口總值(含復出口),91,19441
2022-9,39231010,塑膠製箱子、盒子、籃子及類似品，其形狀或適合供運輸或包裝半導體晶圓或網線,法國,出口總值(含復出口),6,904
2022-9,39231010,塑膠製箱子、盒子、籃子及類似品，其形狀或適合供運輸或包裝半導體晶圓或網線,芬蘭,出口總值(含復出口),6,35
2022-9,39231010,塑膠製箱子、盒子、籃子及類似品，其形狀或適合供運輸或包裝半導體晶圓或網線,南韓,出口總值(含復出口),105,19595
2022-9,39231010,塑膠製箱子、盒子、籃子及類似品，其形狀或適合供運輸或包裝半導體晶圓或網線,美國,出口總值(含復出口),135,17788
2022-9,39231010,塑膠製箱子、盒子、籃子及類似品，其形狀或適合供運輸或包裝半導體晶圓或網線,英國,出口總值(含復出口),11,1110
2022-9,39231010,塑膠製箱子、盒子、籃子及類似品，其形狀或適合供運輸或包裝半導體晶圓或網線,香港,出口總值(含復出口),19,1898
2022-9,39231010,塑膠製箱子、盒子、籃子及類似品，其形狀或適合供運輸或包裝半導體晶圓或網線,泰國,出口總值(含復出口),21,3279
2022-9,39231010,塑膠製箱子、盒子、籃子及類似品，其形狀或適合供運輸或包裝半導體晶圓或網線,馬來西亞,出口總值(含復出口),171,31855
2022-9,39231010,塑膠製箱子、盒子、籃子及類似品，其形狀或適合供運輸或包裝半導體晶圓或網線,馬爾地夫,出口總值(含復出口),0,8
2022-9,39231010,塑膠製箱子、盒子、籃子及類似品，其形狀或適合供運輸或包裝半導體晶圓或網線,荷蘭,出口總值(含復出口),2,754
2022-9,39231010,塑膠製箱子、盒子、籃子及類似品，其形狀或適合供運輸或包裝半導體晶圓或網線,菲律賓,出口總值(含復出口),175,27107
2022-9,39231010,塑膠製箱子、盒子、籃子及類似品，其形狀或適合供運輸或包裝半導體晶圓或網線,越南,出口總值(含復出口),7,947
2022-9,39231010,塑膠製箱子、盒子、籃子及類似品，其形狀或適合供運輸或包裝半導體晶圓或網線,新加坡,出口總值(含復出口),106,25441
2022-9,39231010,塑膠製箱子、盒子、籃子及類似品，其形狀或適合供運輸或包裝半導體晶圓或網線,德國,出口總值(含復出口),33,4053
2022-9,39231010,塑膠製箱子、盒子、籃子及類似品，其形狀或適合供運輸或包裝半導體晶圓或網線,澳大利亞,出口總值(含復出口),1,408
2022-9,39239090,其他供輸送或包裝貨物之塑膠製品,中國大陸,進口總值(含復進口),5182,1165693
2022-9,39239090,其他供輸送或包裝貨物之塑膠製品,中華民國,進口總值(含復進口),265,115944
2022-9,39239090,其他供輸送或包裝貨物之塑膠製品,丹麥,進口總值(含復進口),2,32
2022-9,39239090,其他供輸送或包裝貨物之塑膠製品,日本,進口總值(含復進口),1310,153945
2022-9,39239090,其他供輸送或包裝貨物之塑膠製品,比利時,進口總值(含復進口),0,1
2022-9,39239090,其他供輸送或包裝貨物之塑膠製品,印尼,進口總值(含復進口),104,45099
2022-9,39239090,其他供輸送或包裝貨物之塑膠製品,印度,進口總值(含復進口),1,1
2022-9,39239090,其他供輸送或包裝貨物之塑膠製品,拉脫維亞,進口總值(含復進口),2,192
2022-9,39239090,其他供輸送或包裝貨物之塑膠製品,法國,進口總值(含復進口),1,49
2022-9,39239090,其他供輸送或包裝貨物之塑膠製品,南韓,進口總值(含復進口),1248,208992
2022-9,39239090,其他供輸送或包裝貨物之塑膠製品,美國,進口總值(含復進口),838,71939
2022-9,39239090,其他供輸送或包裝貨物之塑膠製品,英國,進口總值(含復進口),62,10816
2022-9,39239090,其他供輸送或包裝貨物之塑膠製品,香港,進口總值(含復進口),9,420
2022-9,39239090,其他供輸送或包裝貨物之塑膠製品,泰國,進口總值(含復進口),527,77626
2022-9,39239090,其他供輸送或包裝貨物之塑膠製品,紐西蘭,進口總值(含復進口),5,1779
2022-9,39239090,其他供輸送或包裝貨物之塑膠製品,馬來西亞,進口總值(含復進口),2209,186528
2022-9,39239090,其他供輸送或包裝貨物之塑膠製品,荷蘭,進口總值(含復進口),49,1057
2022-9,39239090,其他供輸送或包裝貨物之塑膠製品,菲律賓,進口總值(含復進口),229,54765
2022-9,39239090,其他供輸送或包裝貨物之塑膠製品,越南,進口總值(含復進口),13,268
2022-9,39239090,其他供輸送或包裝貨物之塑膠製品,新加坡,進口總值(含復進口),34,52315
2022-9,39239090,其他供輸送或包裝貨物之塑膠製品,瑞士,進口總值(含復進口),4,16
2022-9,39239090,其他供輸送或包裝貨物之塑膠製品,瑞典,進口總值(含復進口),10,10
2022-9,39239090,其他供輸送或包裝貨物之塑膠製品,義大利,進口總值(含復進口),17,2484
2022-9,39239090,其他供輸送或包裝貨物之塑膠製品,葡萄牙,進口總值(含復進口),3,7
2022-9,39239090,其他供輸送或包裝貨物之塑膠製品,德國,進口總值(含復進口),478,49220
2022-9,39239090,其他供輸送或包裝貨物之塑膠製品,墨西哥,進口總值(含復進口),1,4
2022-9,39239090,其他供輸送或包裝貨物之塑膠製品,澳大利亞,進口總值(含復進口),6,67
2022-9,39239090,其他供輸送或包裝貨物之塑膠製品,中國大陸,出口總值(含復出口),2433,446688
2022-9,39239090,其他供輸送或包裝貨物之塑膠製品,丹麥,出口總值(含復出口),8,1315
2022-9,39239090,其他供輸送或包裝貨物之塑膠製品,巴西,出口總值(含復出口),116,22128
2022-9,39239090,其他供輸送或包裝貨物之塑膠製品,日本,出口總值(含復出口),1109,160471
2022-9,39239090,其他供輸送或包裝貨物之塑膠製品,比利時,出口總值(含復出口),409,48021
2022-9,39239090,其他供輸送或包裝貨物之塑膠製品,以色列,出口總值(含復出口),11,516
2022-9,39239090,其他供輸送或包裝貨物之塑膠製品,加拿大,出口總值(含復出口),305,65900
2022-9,39239090,其他供輸送或包裝貨物之塑膠製品,卡達,出口總值(含復出口),42,12037
2022-9,39239090,其他供輸送或包裝貨物之塑膠製品,瓜地馬拉,出口總值(含復出口),18,7355
2022-9,39239090,其他供輸送或包裝貨物之塑膠製品,印尼,出口總值(含復出口),176,14456
2022-9,39239090,其他供輸送或包裝貨物之塑膠製品,印度,出口總值(含復出口),26,48170
2022-9,39239090,其他供輸送或包裝貨物之塑膠製品,多明尼加,出口總值(含復出口),4,913
2022-9,39239090,其他供輸送或包裝貨物之塑膠製品,多哥,出口總值(含復出口),8,2713
2022-9,39239090,其他供輸送或包裝貨物之塑膠製品,希臘,出口總值(含復出口),7,1190
2022-9,39239090,其他供輸送或包裝貨物之塑膠製品,沙烏地阿拉伯,出口總值(含復出口),12,746
2022-9,39239090,其他供輸送或包裝貨物之塑膠製品,其他國家,出口總值(含復出口),0,11
2022-9,39239090,其他供輸送或包裝貨物之塑膠製品,帛琉,出口總值(含復出口),0,29
2022-9,39239090,其他供輸送或包裝貨物之塑膠製品,波蘭,出口總值(含復出口),10,1490
2022-9,39239090,其他供輸送或包裝貨物之塑膠製品,法國,出口總值(含復出口),101,7414
2022-9,39239090,其他供輸送或包裝貨物之塑膠製品,法屬玻里尼西亞,出口總值(含復出口),12,4733
2022-9,39239090,其他供輸送或包裝貨物之塑膠製品,阿拉伯聯合大公國,出口總值(含復出口),47,14751
2022-9,39239090,其他供輸送或包裝貨物之塑膠製品,俄羅斯,出口總值(含復出口),5,451
2022-9,39239090,其他供輸送或包裝貨物之塑膠製品,南韓,出口總值(含復出口),821,404157
2022-9,39239090,其他供輸送或包裝貨物之塑膠製品,美國,出口總值(含復出口),5196,1770893
2022-9,39239090,其他供輸送或包裝貨物之塑膠製品,英國,出口總值(含復出口),231,42787
2022-9,39239090,其他供輸送或包裝貨物之塑膠製品,香港,出口總值(含復出口),199,42741
2022-9,39239090,其他供輸送或包裝貨物之塑膠製品,哥斯大黎加,出口總值(含復出口),42,13725
2022-9,39239090,其他供輸送或包裝貨物之塑膠製品,泰國,出口總值(含復出口),279,21697
2022-9,39239090,其他供輸送或包裝貨物之塑膠製品,海地,出口總值(含復出口),10,176
2022-9,39239090,其他供輸送或包裝貨物之塑膠製品,秘魯,出口總值(含復出口),2,234
2022-9,39239090,其他供輸送或包裝貨物之塑膠製品,紐西蘭,出口總值(含復出口),70,12411
2022-9,39239090,其他供輸送或包裝貨物之塑膠製品,馬來西亞,出口總值(含復出口),317,64420
2022-9,39239090,其他供輸送或包裝貨物之塑膠製品,荷蘭,出口總值(含復出口),381,33484
2022-9,39239090,其他供輸送或包裝貨物之塑膠製品,菲律賓,出口總值(含復出口),169,30487
2022-9,39239090,其他供輸送或包裝貨物之塑膠製品,越南,出口總值(含復出口),139,18269
2022-9,39239090,其他供輸送或包裝貨物之塑膠製品,新加坡,出口總值(含復出口),213,49308
2022-9,39239090,其他供輸送或包裝貨物之塑膠製品,瑞士,出口總值(含復出口),18,1562
2022-9,39239090,其他供輸送或包裝貨物之塑膠製品,瑞典,出口總值(含復出口),5,960
2022-9,39239090,其他供輸送或包裝貨物之塑膠製品,義大利,出口總值(含復出口),107,2884
2022-9,39239090,其他供輸送或包裝貨物之塑膠製品,德國,出口總值(含復出口),60,8208
2022-9,39239090,其他供輸送或包裝貨物之塑膠製品,墨西哥,出口總值(含復出口),199,26301
2022-9,39239090,其他供輸送或包裝貨物之塑膠製品,澳大利亞,出口總值(含復出口),89,31450
2022-9,39239090,其他供輸送或包裝貨物之塑膠製品,關島,出口總值(含復出口),2,834
2022-9,39239090,其他供輸送或包裝貨物之塑膠製品,蘇利南,出口總值(含復出口),3,600
2022-9,39269012,電氣絕緣用塑膠製品,中國大陸,進口總值(含復進口),507,48566
2022-9,39269012,電氣絕緣用塑膠製品,中華民國,進口總值(含復進口),0,3
2022-9,39269012,電氣絕緣用塑膠製品,日本,進口總值(含復進口),73,1914
2022-9,39269012,電氣絕緣用塑膠製品,印度,進口總值(含復進口),2,21
2022-9,39269012,電氣絕緣用塑膠製品,美國,進口總值(含復進口),1,14
2022-9,39269012,電氣絕緣用塑膠製品,馬來西亞,進口總值(含復進口),0,0
2022-9,39269012,電氣絕緣用塑膠製品,越南,進口總值(含復進口),9,2886
2022-9,39269012,電氣絕緣用塑膠製品,奧地利,進口總值(含復進口),16,826
2022-9,39269012,電氣絕緣用塑膠製品,瑞士,進口總值(含復進口),0,0
2022-9,39269012,電氣絕緣用塑膠製品,義大利,進口總值(含復進口),0,0
2022-9,39269012,電氣絕緣用塑膠製品,德國,進口總值(含復進口),1,1
2022-9,39269012,電氣絕緣用塑膠製品,中國大陸,出口總值(含復出口),62,6403
2022-9,39269012,電氣絕緣用塑膠製品,日本,出口總值(含復出口),114,37400
2022-9,39269012,電氣絕緣用塑膠製品,比利時,出口總值(含復出口),29,5488
2022-9,39269012,電氣絕緣用塑膠製品,以色列,出口總值(含復出口),3,13
2022-9,39269012,電氣絕緣用塑膠製品,加拿大,出口總值(含復出口),12,2532
2022-9,39269012,電氣絕緣用塑膠製品,印度,出口總值(含復出口),2,244
2022-9,39269012,電氣絕緣用塑膠製品,希臘,出口總值(含復出口),10,1350
2022-9,39269012,電氣絕緣用塑膠製品,沙烏地阿拉伯,出口總值(含復出口),85,20296
2022-9,39269012,電氣絕緣用塑膠製品,法國,出口總值(含復出口),18,4363
2022-9,39269012,電氣絕緣用塑膠製品,阿曼,出口總值(含復出口),0,0
2022-9,39269012,電氣絕緣用塑膠製品,俄羅斯,出口總值(含復出口),98,21424
2022-9,39269012,電氣絕緣用塑膠製品,南非,出口總值(含復出口),6,1432
2022-9,39269012,電氣絕緣用塑膠製品,南韓,出口總值(含復出口),253,76260
2022-9,39269012,電氣絕緣用塑膠製品,柬埔寨,出口總值(含復出口),7,86
2022-9,39269012,電氣絕緣用塑膠製品,美國,出口總值(含復出口),69,13299
2022-9,39269012,電氣絕緣用塑膠製品,香港,出口總值(含復出口),0,5
2022-9,39269012,電氣絕緣用塑膠製品,泰國,出口總值(含復出口),2,8
2022-9,39269012,電氣絕緣用塑膠製品,紐西蘭,出口總值(含復出口),1,391
2022-9,39269012,電氣絕緣用塑膠製品,馬來西亞,出口總值(含復出口),54,2691
2022-9,39269012,電氣絕緣用塑膠製品,荷蘭,出口總值(含復出口),124,28370
2022-9,39269012,電氣絕緣用塑膠製品,斐濟,出口總值(含復出口),20,6000
2022-9,39269012,電氣絕緣用塑膠製品,菲律賓,出口總值(含復出口),8,4800
2022-9,39269012,電氣絕緣用塑膠製品,越南,出口總值(含復出口),8,87
2022-9,39269012,電氣絕緣用塑膠製品,義大利,出口總值(含復出口),4,600
2022-9,39269012,電氣絕緣用塑膠製品,德國,出口總值(含復出口),27,6480
2022-9,39269012,電氣絕緣用塑膠製品,緬甸,出口總值(含復出口),1,96
2022-9,39269012,電氣絕緣用塑膠製品,澳大利亞,出口總值(含復出口),14,3342
2022-10,39231010,塑膠製箱子、盒子、籃子及類似品，其形狀或適合供運輸或包裝半導體晶圓或網線,中國大陸,進口總值(含復進口),343,17899
2022-10,39231010,塑膠製箱子、盒子、籃子及類似品，其形狀或適合供運輸或包裝半導體晶圓或網線,中華民國,進口總值(含復進口),9,4176
2022-10,39231010,塑膠製箱子、盒子、籃子及類似品，其形狀或適合供運輸或包裝半導體晶圓或網線,日本,進口總值(含復進口),2749,142693
2022-10,39231010,塑膠製箱子、盒子、籃子及類似品，其形狀或適合供運輸或包裝半導體晶圓或網線,印尼,進口總值(含復進口),447,62630
2022-10,39231010,塑膠製箱子、盒子、籃子及類似品，其形狀或適合供運輸或包裝半導體晶圓或網線,波蘭,進口總值(含復進口),0,20
2022-10,39231010,塑膠製箱子、盒子、籃子及類似品，其形狀或適合供運輸或包裝半導體晶圓或網線,法國,進口總值(含復進口),0,1
2022-10,39231010,塑膠製箱子、盒子、籃子及類似品，其形狀或適合供運輸或包裝半導體晶圓或網線,芬蘭,進口總值(含復進口),0,3
2022-10,39231010,塑膠製箱子、盒子、籃子及類似品，其形狀或適合供運輸或包裝半導體晶圓或網線,南韓,進口總值(含復進口),360,25472
2022-10,39231010,塑膠製箱子、盒子、籃子及類似品，其形狀或適合供運輸或包裝半導體晶圓或網線,美國,進口總值(含復進口),818,42651
2022-10,39231010,塑膠製箱子、盒子、籃子及類似品，其形狀或適合供運輸或包裝半導體晶圓或網線,英國,進口總值(含復進口),3,200
2022-10,39231010,塑膠製箱子、盒子、籃子及類似品，其形狀或適合供運輸或包裝半導體晶圓或網線,馬來西亞,進口總值(含復進口),6442,89560
2022-10,39231010,塑膠製箱子、盒子、籃子及類似品，其形狀或適合供運輸或包裝半導體晶圓或網線,荷蘭,進口總值(含復進口),1,35
2022-10,39231010,塑膠製箱子、盒子、籃子及類似品，其形狀或適合供運輸或包裝半導體晶圓或網線,菲律賓,進口總值(含復進口),11,260
2022-10,39231010,塑膠製箱子、盒子、籃子及類似品，其形狀或適合供運輸或包裝半導體晶圓或網線,奧地利,進口總值(含復進口),2,3
2022-10,39231010,塑膠製箱子、盒子、籃子及類似品，其形狀或適合供運輸或包裝半導體晶圓或網線,新加坡,進口總值(含復進口),7,1632
2022-10,39231010,塑膠製箱子、盒子、籃子及類似品，其形狀或適合供運輸或包裝半導體晶圓或網線,瑞士,進口總值(含復進口),2,18
2022-10,39231010,塑膠製箱子、盒子、籃子及類似品，其形狀或適合供運輸或包裝半導體晶圓或網線,義大利,進口總值(含復進口),2,1
2022-10,39231010,塑膠製箱子、盒子、籃子及類似品，其形狀或適合供運輸或包裝半導體晶圓或網線,德國,進口總值(含復進口),86,17613
2022-10,39231010,塑膠製箱子、盒子、籃子及類似品，其形狀或適合供運輸或包裝半導體晶圓或網線,中國大陸,出口總值(含復出口),2773,124751
2022-10,39231010,塑膠製箱子、盒子、籃子及類似品，其形狀或適合供運輸或包裝半導體晶圓或網線,厄瓜多,出口總值(含復出口),3,430
2022-10,39231010,塑膠製箱子、盒子、籃子及類似品，其形狀或適合供運輸或包裝半導體晶圓或網線,日本,出口總值(含復出口),1375,130958
2022-10,39231010,塑膠製箱子、盒子、籃子及類似品，其形狀或適合供運輸或包裝半導體晶圓或網線,以色列,出口總值(含復出口),218,522
2022-10,39231010,塑膠製箱子、盒子、籃子及類似品，其形狀或適合供運輸或包裝半導體晶圓或網線,加拿大,出口總值(含復出口),2,26
2022-10,39231010,塑膠製箱子、盒子、籃子及類似品，其形狀或適合供運輸或包裝半導體晶圓或網線,匈牙利,出口總值(含復出口),2,7
2022-10,39231010,塑膠製箱子、盒子、籃子及類似品，其形狀或適合供運輸或包裝半導體晶圓或網線,印尼,出口總值(含復出口),16,2414
2022-10,39231010,塑膠製箱子、盒子、籃子及類似品，其形狀或適合供運輸或包裝半導體晶圓或網線,法國,出口總值(含復出口),55,4503
2022-10,39231010,塑膠製箱子、盒子、籃子及類似品，其形狀或適合供運輸或包裝半導體晶圓或網線,南韓,出口總值(含復出口),60,23456
2022-10,39231010,塑膠製箱子、盒子、籃子及類似品，其形狀或適合供運輸或包裝半導體晶圓或網線,美國,出口總值(含復出口),152,16727
2022-10,39231010,塑膠製箱子、盒子、籃子及類似品，其形狀或適合供運輸或包裝半導體晶圓或網線,英國,出口總值(含復出口),4,600
2022-10,39231010,塑膠製箱子、盒子、籃子及類似品，其形狀或適合供運輸或包裝半導體晶圓或網線,香港,出口總值(含復出口),20,934
2022-10,39231010,塑膠製箱子、盒子、籃子及類似品，其形狀或適合供運輸或包裝半導體晶圓或網線,泰國,出口總值(含復出口),49,14267
2022-10,39231010,塑膠製箱子、盒子、籃子及類似品，其形狀或適合供運輸或包裝半導體晶圓或網線,馬來西亞,出口總值(含復出口),184,33722
2022-10,39231010,塑膠製箱子、盒子、籃子及類似品，其形狀或適合供運輸或包裝半導體晶圓或網線,荷蘭,出口總值(含復出口),3,1072
2022-10,39231010,塑膠製箱子、盒子、籃子及類似品，其形狀或適合供運輸或包裝半導體晶圓或網線,菲律賓,出口總值(含復出口),156,28502
2022-10,39231010,塑膠製箱子、盒子、籃子及類似品，其形狀或適合供運輸或包裝半導體晶圓或網線,越南,出口總值(含復出口),0,4
2022-10,39231010,塑膠製箱子、盒子、籃子及類似品，其形狀或適合供運輸或包裝半導體晶圓或網線,新加坡,出口總值(含復出口),204,21049
2022-10,39231010,塑膠製箱子、盒子、籃子及類似品，其形狀或適合供運輸或包裝半導體晶圓或網線,寮國,出口總值(含復出口),8,3225
2022-10,39231010,塑膠製箱子、盒子、籃子及類似品，其形狀或適合供運輸或包裝半導體晶圓或網線,德國,出口總值(含復出口),121,37484
2022-10,39231010,塑膠製箱子、盒子、籃子及類似品，其形狀或適合供運輸或包裝半導體晶圓或網線,澳大利亞,出口總值(含復出口),5,429
2022-10,39239090,其他供輸送或包裝貨物之塑膠製品,中國大陸,進口總值(含復進口),5200,1180884
2022-10,39239090,其他供輸送或包裝貨物之塑膠製品,中華民國,進口總值(含復進口),137,35327
2022-10,39239090,其他供輸送或包裝貨物之塑膠製品,丹麥,進口總值(含復進口),0,3
2022-10,39239090,其他供輸送或包裝貨物之塑膠製品,巴西,進口總值(含復進口),0,7
2022-10,39239090,其他供輸送或包裝貨物之塑膠製品,巴林,進口總值(含復進口),13,5313
2022-10,39239090,其他供輸送或包裝貨物之塑膠製品,日本,進口總值(含復進口),1280,156799
2022-10,39239090,其他供輸送或包裝貨物之塑膠製品,立陶宛,進口總值(含復進口),1,137
2022-10,39239090,其他供輸送或包裝貨物之塑膠製品,匈牙利,進口總值(含復進口),1,85
2022-10,39239090,其他供輸送或包裝貨物之塑膠製品,印尼,進口總值(含復進口),169,63959
2022-10,39239090,其他供輸送或包裝貨物之塑膠製品,印度,進口總值(含復進口),1,3
2022-10,39239090,其他供輸送或包裝貨物之塑膠製品,西班牙,進口總值(含復進口),5,111
2022-10,39239090,其他供輸送或包裝貨物之塑膠製品,拉脫維亞,進口總值(含復進口),1,90
2022-10,39239090,其他供輸送或包裝貨物之塑膠製品,法國,進口總值(含復進口),2,223
2022-10,39239090,其他供輸送或包裝貨物之塑膠製品,南韓,進口總值(含復進口),1687,374997
2022-10,39239090,其他供輸送或包裝貨物之塑膠製品,美國,進口總值(含復進口),1630,196727
2022-10,39239090,其他供輸送或包裝貨物之塑膠製品,英國,進口總值(含復進口),1,0
2022-10,39239090,其他供輸送或包裝貨物之塑膠製品,泰國,進口總值(含復進口),224,33958
2022-10,39239090,其他供輸送或包裝貨物之塑膠製品,紐西蘭,進口總值(含復進口),7,705
2022-10,39239090,其他供輸送或包裝貨物之塑膠製品,馬來西亞,進口總值(含復進口),3190,264909
2022-10,39239090,其他供輸送或包裝貨物之塑膠製品,捷克,進口總值(含復進口),5,2057
2022-10,39239090,其他供輸送或包裝貨物之塑膠製品,荷蘭,進口總值(含復進口),60,2250
2022-10,39239090,其他供輸送或包裝貨物之塑膠製品,菲律賓,進口總值(含復進口),228,56426
2022-10,39239090,其他供輸送或包裝貨物之塑膠製品,越南,進口總值(含復進口),12,2606
2022-10,39239090,其他供輸送或包裝貨物之塑膠製品,新加坡,進口總值(含復進口),77,80798
2022-10,39239090,其他供輸送或包裝貨物之塑膠製品,瑞士,進口總值(含復進口),0,1
2022-10,39239090,其他供輸送或包裝貨物之塑膠製品,葡萄牙,進口總值(含復進口),9,47
2022-10,39239090,其他供輸送或包裝貨物之塑膠製品,德國,進口總值(含復進口),352,35008
2022-10,39239090,其他供輸送或包裝貨物之塑膠製品,土耳其,出口總值(含復出口),3,633
2022-10,39239090,其他供輸送或包裝貨物之塑膠製品,中國大陸,出口總值(含復出口),2872,526883
2022-10,39239090,其他供輸送或包裝貨物之塑膠製品,丹麥,出口總值(含復出口),2,336
2022-10,39239090,其他供輸送或包裝貨物之塑膠製品,厄瓜多,出口總值(含復出口),2,228
2022-10,39239090,其他供輸送或包裝貨物之塑膠製品,巴西,出口總值(含復出口),155,36563
2022-10,39239090,其他供輸送或包裝貨物之塑膠製品,巴基斯坦,出口總值(含復出口),5,191
2022-10,39239090,其他供輸送或包裝貨物之塑膠製品,日本,出口總值(含復出口),1044,123776
2022-10,39239090,其他供輸送或包裝貨物之塑膠製品,比利時,出口總值(含復出口),271,30183
2022-10,39239090,其他供輸送或包裝貨物之塑膠製品,以色列,出口總值(含復出口),6,230
2022-10,39239090,其他供輸送或包裝貨物之塑膠製品,加拿大,出口總值(含復出口),173,29164
2022-10,39239090,其他供輸送或包裝貨物之塑膠製品,卡達,出口總值(含復出口),30,6930
2022-10,39239090,其他供輸送或包裝貨物之塑膠製品,瓜地馬拉,出口總值(含復出口),13,5961
2022-10,39239090,其他供輸送或包裝貨物之塑膠製品,印尼,出口總值(含復出口),67,13029
2022-10,39239090,其他供輸送或包裝貨物之塑膠製品,印度,出口總值(含復出口),102,3909
2022-10,39239090,其他供輸送或包裝貨物之塑膠製品,多明尼加,出口總值(含復出口),9,3296
2022-10,39239090,其他供輸送或包裝貨物之塑膠製品,西班牙,出口總值(含復出口),6,228
2022-10,39239090,其他供輸送或包裝貨物之塑膠製品,宏都拉斯,出口總值(含復出口),12,5280
2022-10,39239090,其他供輸送或包裝貨物之塑膠製品,希臘,出口總值(含復出口),7,1290
2022-10,39239090,其他供輸送或包裝貨物之塑膠製品,沙烏地阿拉伯,出口總值(含復出口),36,23200
2022-10,39239090,其他供輸送或包裝貨物之塑膠製品,孟加拉,出口總值(含復出口),0,0
2022-10,39239090,其他供輸送或包裝貨物之塑膠製品,東加,出口總值(含復出口),1,61
2022-10,39239090,其他供輸送或包裝貨物之塑膠製品,波蘭,出口總值(含復出口),13,1130
2022-10,39239090,其他供輸送或包裝貨物之塑膠製品,法國,出口總值(含復出口),17,1855
2022-10,39239090,其他供輸送或包裝貨物之塑膠製品,肯亞,出口總值(含復出口),3,851
2022-10,39239090,其他供輸送或包裝貨物之塑膠製品,阿拉伯聯合大公國,出口總值(含復出口),26,10214
2022-10,39239090,其他供輸送或包裝貨物之塑膠製品,俄羅斯,出口總值(含復出口),8,207
2022-10,39239090,其他供輸送或包裝貨物之塑膠製品,南非,出口總值(含復出口),5,125
2022-10,39239090,其他供輸送或包裝貨物之塑膠製品,南韓,出口總值(含復出口),959,409759
2022-10,39239090,其他供輸送或包裝貨物之塑膠製品,科威特,出口總值(含復出口),8,2560
2022-10,39239090,其他供輸送或包裝貨物之塑膠製品,美國,出口總值(含復出口),4332,1400482
2022-10,39239090,其他供輸送或包裝貨物之塑膠製品,英國,出口總值(含復出口),159,28996
2022-10,39239090,其他供輸送或包裝貨物之塑膠製品,香港,出口總值(含復出口),150,78700
2022-10,39239090,其他供輸送或包裝貨物之塑膠製品,哥倫比亞,出口總值(含復出口),4,300
2022-10,39239090,其他供輸送或包裝貨物之塑膠製品,哥斯大黎加,出口總值(含復出口),15,5211
2022-10,39239090,其他供輸送或包裝貨物之塑膠製品,泰國,出口總值(含復出口),247,20236
2022-10,39239090,其他供輸送或包裝貨物之塑膠製品,秘魯,出口總值(含復出口),86,33436
2022-10,39239090,其他供輸送或包裝貨物之塑膠製品,紐西蘭,出口總值(含復出口),88,17331
2022-10,39239090,其他供輸送或包裝貨物之塑膠製品,馬來西亞,出口總值(含復出口),196,25059
2022-10,39239090,其他供輸送或包裝貨物之塑膠製品,荷蘭,出口總值(含復出口),323,21523
2022-10,39239090,其他供輸送或包裝貨物之塑膠製品,喬治亞,出口總值(含復出口),0,84
2022-10,39239090,其他供輸送或包裝貨物之塑膠製品,菲律賓,出口總值(含復出口),185,52867
2022-10,39239090,其他供輸送或包裝貨物之塑膠製品,越南,出口總值(含復出口),115,19012
2022-10,39239090,其他供輸送或包裝貨物之塑膠製品,新加坡,出口總值(含復出口),191,28716
2022-10,39239090,其他供輸送或包裝貨物之塑膠製品,瑞士,出口總值(含復出口),62,7121
2022-10,39239090,其他供輸送或包裝貨物之塑膠製品,瑞典,出口總值(含復出口),4,757
2022-10,39239090,其他供輸送或包裝貨物之塑膠製品,義大利,出口總值(含復出口),125,3925
2022-10,39239090,其他供輸送或包裝貨物之塑膠製品,德國,出口總值(含復出口),156,13141
2022-10,39239090,其他供輸送或包裝貨物之塑膠製品,模里西斯,出口總值(含復出口),16,3542
2022-10,39239090,其他供輸送或包裝貨物之塑膠製品,墨西哥,出口總值(含復出口),168,41302
2022-10,39239090,其他供輸送或包裝貨物之塑膠製品,澳大利亞,出口總值(含復出口),117,35005
2022-10,39239090,其他供輸送或包裝貨物之塑膠製品,關島,出口總值(含復出口),0,11
2022-10,39269012,電氣絕緣用塑膠製品,中國大陸,進口總值(含復進口),439,21329
2022-10,39269012,電氣絕緣用塑膠製品,中華民國,進口總值(含復進口),0,0
2022-10,39269012,電氣絕緣用塑膠製品,巴西,進口總值(含復進口),1,4
2022-10,39269012,電氣絕緣用塑膠製品,日本,進口總值(含復進口),57,1213
2022-10,39269012,電氣絕緣用塑膠製品,印度,進口總值(含復進口),7,496
2022-10,39269012,電氣絕緣用塑膠製品,美國,進口總值(含復進口),12,173
2022-10,39269012,電氣絕緣用塑膠製品,英國,進口總值(含復進口),0,0
2022-10,39269012,電氣絕緣用塑膠製品,馬來西亞,進口總值(含復進口),0,0
2022-10,39269012,電氣絕緣用塑膠製品,越南,進口總值(含復進口),28,9930
2022-10,39269012,電氣絕緣用塑膠製品,瑞士,進口總值(含復進口),0,1
2022-10,39269012,電氣絕緣用塑膠製品,義大利,進口總值(含復進口),1,8
2022-10,39269012,電氣絕緣用塑膠製品,德國,進口總值(含復進口),0,1
2022-10,39269012,電氣絕緣用塑膠製品,土耳其,出口總值(含復出口),90,23560
2022-10,39269012,電氣絕緣用塑膠製品,中國大陸,出口總值(含復出口),105,8872
2022-10,39269012,電氣絕緣用塑膠製品,厄瓜多,出口總值(含復出口),58,17128
2022-10,39269012,電氣絕緣用塑膠製品,日本,出口總值(含復出口),57,19038
2022-10,39269012,電氣絕緣用塑膠製品,以色列,出口總值(含復出口),3,13
2022-10,39269012,電氣絕緣用塑膠製品,加拿大,出口總值(含復出口),29,8627
2022-10,39269012,電氣絕緣用塑膠製品,立陶宛,出口總值(含復出口),17,4840
2022-10,39269012,電氣絕緣用塑膠製品,西班牙,出口總值(含復出口),93,22388
2022-10,39269012,電氣絕緣用塑膠製品,拉脫維亞,出口總值(含復出口),29,5915
2022-10,39269012,電氣絕緣用塑膠製品,波多黎各,出口總值(含復出口),0,56
2022-10,39269012,電氣絕緣用塑膠製品,俄羅斯,出口總值(含復出口),57,14991
2022-10,39269012,電氣絕緣用塑膠製品,南韓,出口總值(含復出口),530,156605
2022-10,39269012,電氣絕緣用塑膠製品,柬埔寨,出口總值(含復出口),15,146
2022-10,39269012,電氣絕緣用塑膠製品,美國,出口總值(含復出口),101,21688
2022-10,39269012,電氣絕緣用塑膠製品,香港,出口總值(含復出口),7,262
2022-10,39269012,電氣絕緣用塑膠製品,哥斯大黎加,出口總值(含復出口),5,960
2022-10,39269012,電氣絕緣用塑膠製品,埃及,出口總值(含復出口),215,57616
2022-10,39269012,電氣絕緣用塑膠製品,紐西蘭,出口總值(含復出口),11,2577
2022-10,39269012,電氣絕緣用塑膠製品,馬來西亞,出口總值(含復出口),9,1826
2022-10,39269012,電氣絕緣用塑膠製品,荷蘭,出口總值(含復出口),7,1042
2022-10,39269012,電氣絕緣用塑膠製品,智利,出口總值(含復出口),0,24
2022-10,39269012,電氣絕緣用塑膠製品,菲律賓,出口總值(含復出口),10,6450
2022-10,39269012,電氣絕緣用塑膠製品,越南,出口總值(含復出口),15,1005
2022-10,39269012,電氣絕緣用塑膠製品,新加坡,出口總值(含復出口),8,3037
2022-10,39269012,電氣絕緣用塑膠製品,瑞士,出口總值(含復出口),6,1131
2022-10,39269012,電氣絕緣用塑膠製品,瑞典,出口總值(含復出口),9,142
2022-10,39269012,電氣絕緣用塑膠製品,葉門,出口總值(含復出口),45,10944
2022-10,39269012,電氣絕緣用塑膠製品,德國,出口總值(含復出口),25,5886
2022-10,39269012,電氣絕緣用塑膠製品,模里西斯,出口總值(含復出口),6,1380
2022-10,39269012,電氣絕緣用塑膠製品,墨西哥,出口總值(含復出口),58,5368
2022-10,39269012,電氣絕緣用塑膠製品,澳大利亞,出口總值(含復出口),6,1256
2022-10,39269012,電氣絕緣用塑膠製品,賽普勒斯,出口總值(含復出口),1,19
2022-11,39231010,塑膠製箱子、盒子、籃子及類似品，其形狀或適合供運輸或包裝半導體晶圓或網線,中國大陸,進口總值(含復進口),421,24904
2022-11,39231010,塑膠製箱子、盒子、籃子及類似品，其形狀或適合供運輸或包裝半導體晶圓或網線,中華民國,進口總值(含復進口),90,18715
2022-11,39231010,塑膠製箱子、盒子、籃子及類似品，其形狀或適合供運輸或包裝半導體晶圓或網線,日本,進口總值(含復進口),3110,187996
2022-11,39231010,塑膠製箱子、盒子、籃子及類似品，其形狀或適合供運輸或包裝半導體晶圓或網線,加拿大,進口總值(含復進口),13,1208
2022-11,39231010,塑膠製箱子、盒子、籃子及類似品，其形狀或適合供運輸或包裝半導體晶圓或網線,印尼,進口總值(含復進口),650,85063
2022-11,39231010,塑膠製箱子、盒子、籃子及類似品，其形狀或適合供運輸或包裝半導體晶圓或網線,西班牙,進口總值(含復進口),1,3
2022-11,39231010,塑膠製箱子、盒子、籃子及類似品，其形狀或適合供運輸或包裝半導體晶圓或網線,波蘭,進口總值(含復進口),1,39
2022-11,39231010,塑膠製箱子、盒子、籃子及類似品，其形狀或適合供運輸或包裝半導體晶圓或網線,法國,進口總值(含復進口),0,4
2022-11,39231010,塑膠製箱子、盒子、籃子及類似品，其形狀或適合供運輸或包裝半導體晶圓或網線,芬蘭,進口總值(含復進口),0,2
2022-11,39231010,塑膠製箱子、盒子、籃子及類似品，其形狀或適合供運輸或包裝半導體晶圓或網線,南韓,進口總值(含復進口),273,29081
2022-11,39231010,塑膠製箱子、盒子、籃子及類似品，其形狀或適合供運輸或包裝半導體晶圓或網線,美國,進口總值(含復進口),555,13861
2022-11,39231010,塑膠製箱子、盒子、籃子及類似品，其形狀或適合供運輸或包裝半導體晶圓或網線,馬來西亞,進口總值(含復進口),4615,65880
2022-11,39231010,塑膠製箱子、盒子、籃子及類似品，其形狀或適合供運輸或包裝半導體晶圓或網線,菲律賓,進口總值(含復進口),2,80
2022-11,39231010,塑膠製箱子、盒子、籃子及類似品，其形狀或適合供運輸或包裝半導體晶圓或網線,越南,進口總值(含復進口),0,2
2022-11,39231010,塑膠製箱子、盒子、籃子及類似品，其形狀或適合供運輸或包裝半導體晶圓或網線,新加坡,進口總值(含復進口),5,1200
2022-11,39231010,塑膠製箱子、盒子、籃子及類似品，其形狀或適合供運輸或包裝半導體晶圓或網線,瑞士,進口總值(含復進口),3,13
2022-11,39231010,塑膠製箱子、盒子、籃子及類似品，其形狀或適合供運輸或包裝半導體晶圓或網線,義大利,進口總值(含復進口),2,124
2022-11,39231010,塑膠製箱子、盒子、籃子及類似品，其形狀或適合供運輸或包裝半導體晶圓或網線,德國,進口總值(含復進口),59,18120
2022-11,39231010,塑膠製箱子、盒子、籃子及類似品，其形狀或適合供運輸或包裝半導體晶圓或網線,中國大陸,出口總值(含復出口),2626,99079
2022-11,39231010,塑膠製箱子、盒子、籃子及類似品，其形狀或適合供運輸或包裝半導體晶圓或網線,日本,出口總值(含復出口),945,129293
2022-11,39231010,塑膠製箱子、盒子、籃子及類似品，其形狀或適合供運輸或包裝半導體晶圓或網線,以色列,出口總值(含復出口),76,402
2022-11,39231010,塑膠製箱子、盒子、籃子及類似品，其形狀或適合供運輸或包裝半導體晶圓或網線,印尼,出口總值(含復出口),15,2957
2022-11,39231010,塑膠製箱子、盒子、籃子及類似品，其形狀或適合供運輸或包裝半導體晶圓或網線,印度,出口總值(含復出口),5,1015
2022-11,39231010,塑膠製箱子、盒子、籃子及類似品，其形狀或適合供運輸或包裝半導體晶圓或網線,其他國家,出口總值(含復出口),0,5
2022-11,39231010,塑膠製箱子、盒子、籃子及類似品，其形狀或適合供運輸或包裝半導體晶圓或網線,波蘭,出口總值(含復出口),0,16
2022-11,39231010,塑膠製箱子、盒子、籃子及類似品，其形狀或適合供運輸或包裝半導體晶圓或網線,法國,出口總值(含復出口),17,1959
2022-11,39231010,塑膠製箱子、盒子、籃子及類似品，其形狀或適合供運輸或包裝半導體晶圓或網線,南韓,出口總值(含復出口),236,37005
2022-11,39231010,塑膠製箱子、盒子、籃子及類似品，其形狀或適合供運輸或包裝半導體晶圓或網線,美國,出口總值(含復出口),127,9111
2022-11,39231010,塑膠製箱子、盒子、籃子及類似品，其形狀或適合供運輸或包裝半導體晶圓或網線,英國,出口總值(含復出口),9,1300
2022-11,39231010,塑膠製箱子、盒子、籃子及類似品，其形狀或適合供運輸或包裝半導體晶圓或網線,香港,出口總值(含復出口),3,630
2022-11,39231010,塑膠製箱子、盒子、籃子及類似品，其形狀或適合供運輸或包裝半導體晶圓或網線,泰國,出口總值(含復出口),16,2698
2022-11,39231010,塑膠製箱子、盒子、籃子及類似品，其形狀或適合供運輸或包裝半導體晶圓或網線,秘魯,出口總值(含復出口),0,6
2022-11,39231010,塑膠製箱子、盒子、籃子及類似品，其形狀或適合供運輸或包裝半導體晶圓或網線,馬來西亞,出口總值(含復出口),264,41583
2022-11,39231010,塑膠製箱子、盒子、籃子及類似品，其形狀或適合供運輸或包裝半導體晶圓或網線,荷蘭,出口總值(含復出口),5,1333
2022-11,39231010,塑膠製箱子、盒子、籃子及類似品，其形狀或適合供運輸或包裝半導體晶圓或網線,菲律賓,出口總值(含復出口),111,15207
2022-11,39231010,塑膠製箱子、盒子、籃子及類似品，其形狀或適合供運輸或包裝半導體晶圓或網線,越南,出口總值(含復出口),14,1616
2022-11,39231010,塑膠製箱子、盒子、籃子及類似品，其形狀或適合供運輸或包裝半導體晶圓或網線,新加坡,出口總值(含復出口),107,13212
2022-11,39231010,塑膠製箱子、盒子、籃子及類似品，其形狀或適合供運輸或包裝半導體晶圓或網線,義大利,出口總值(含復出口),3,175
2022-11,39231010,塑膠製箱子、盒子、籃子及類似品，其形狀或適合供運輸或包裝半導體晶圓或網線,德國,出口總值(含復出口),75,25662
2022-11,39231010,塑膠製箱子、盒子、籃子及類似品，其形狀或適合供運輸或包裝半導體晶圓或網線,澳門,出口總值(含復出口),0,10
2022-11,39239090,其他供輸送或包裝貨物之塑膠製品,中國大陸,進口總值(含復進口),5642,1235876
2022-11,39239090,其他供輸送或包裝貨物之塑膠製品,中華民國,進口總值(含復進口),254,95302
2022-11,39239090,其他供輸送或包裝貨物之塑膠製品,丹麥,進口總值(含復進口),6,112
2022-11,39239090,其他供輸送或包裝貨物之塑膠製品,日本,進口總值(含復進口),1245,118068
2022-11,39239090,其他供輸送或包裝貨物之塑膠製品,立陶宛,進口總值(含復進口),0,93
2022-11,39239090,其他供輸送或包裝貨物之塑膠製品,印尼,進口總值(含復進口),7,2552
2022-11,39239090,其他供輸送或包裝貨物之塑膠製品,印度,進口總值(含復進口),2,320
2022-11,39239090,其他供輸送或包裝貨物之塑膠製品,西班牙,進口總值(含復進口),0,27
2022-11,39239090,其他供輸送或包裝貨物之塑膠製品,拉脫維亞,進口總值(含復進口),0,40
2022-11,39239090,其他供輸送或包裝貨物之塑膠製品,法國,進口總值(含復進口),1,5
2022-11,39239090,其他供輸送或包裝貨物之塑膠製品,南韓,進口總值(含復進口),1723,333887
2022-11,39239090,其他供輸送或包裝貨物之塑膠製品,美國,進口總值(含復進口),883,95635
2022-11,39239090,其他供輸送或包裝貨物之塑膠製品,英國,進口總值(含復進口),51,5637
2022-11,39239090,其他供輸送或包裝貨物之塑膠製品,香港,進口總值(含復進口),6,245
2022-11,39239090,其他供輸送或包裝貨物之塑膠製品,泰國,進口總值(含復進口),483,68892
2022-11,39239090,其他供輸送或包裝貨物之塑膠製品,馬來西亞,進口總值(含復進口),2051,185144
2022-11,39239090,其他供輸送或包裝貨物之塑膠製品,荷蘭,進口總值(含復進口),29,284
2022-11,39239090,其他供輸送或包裝貨物之塑膠製品,菲律賓,進口總值(含復進口),199,42723
2022-11,39239090,其他供輸送或包裝貨物之塑膠製品,越南,進口總值(含復進口),6,817
2022-11,39239090,其他供輸送或包裝貨物之塑膠製品,新加坡,進口總值(含復進口),41,74400
2022-11,39239090,其他供輸送或包裝貨物之塑膠製品,瑞士,進口總值(含復進口),0,2
2022-11,39239090,其他供輸送或包裝貨物之塑膠製品,瑞典,進口總值(含復進口),5,4
2022-11,39239090,其他供輸送或包裝貨物之塑膠製品,義大利,進口總值(含復進口),16,2430
2022-11,39239090,其他供輸送或包裝貨物之塑膠製品,德國,進口總值(含復進口),306,41195
2022-11,39239090,其他供輸送或包裝貨物之塑膠製品,墨西哥,進口總值(含復進口),0,1
2022-11,39239090,其他供輸送或包裝貨物之塑膠製品,土耳其,出口總值(含復出口),36,4205
2022-11,39239090,其他供輸送或包裝貨物之塑膠製品,中國大陸,出口總值(含復出口),2902,482264
2022-11,39239090,其他供輸送或包裝貨物之塑膠製品,巴西,出口總值(含復出口),121,19877
2022-11,39239090,其他供輸送或包裝貨物之塑膠製品,巴拿馬,出口總值(含復出口),10,2070
2022-11,39239090,其他供輸送或包裝貨物之塑膠製品,日本,出口總值(含復出口),1186,137264
2022-11,39239090,其他供輸送或包裝貨物之塑膠製品,比利時,出口總值(含復出口),192,22932
2022-11,39239090,其他供輸送或包裝貨物之塑膠製品,以色列,出口總值(含復出口),12,1562
2022-11,39239090,其他供輸送或包裝貨物之塑膠製品,加拿大,出口總值(含復出口),349,74767
2022-11,39239090,其他供輸送或包裝貨物之塑膠製品,瓜地馬拉,出口總值(含復出口),7,2897
2022-11,39239090,其他供輸送或包裝貨物之塑膠製品,印尼,出口總值(含復出口),130,11861
2022-11,39239090,其他供輸送或包裝貨物之塑膠製品,印度,出口總值(含復出口),0,0
2022-11,39239090,其他供輸送或包裝貨物之塑膠製品,沙烏地阿拉伯,出口總值(含復出口),38,17588
2022-11,39239090,其他供輸送或包裝貨物之塑膠製品,其他國家,出口總值(含復出口),5,460
2022-11,39239090,其他供輸送或包裝貨物之塑膠製品,法國,出口總值(含復出口),11,2469
2022-11,39239090,其他供輸送或包裝貨物之塑膠製品,法屬玻里尼西亞,出口總值(含復出口),3,1007
2022-11,39239090,其他供輸送或包裝貨物之塑膠製品,阿拉伯聯合大公國,出口總值(含復出口),64,22746
2022-11,39239090,其他供輸送或包裝貨物之塑膠製品,保加利亞,出口總值(含復出口),8,1368
2022-11,39239090,其他供輸送或包裝貨物之塑膠製品,俄羅斯,出口總值(含復出口),3,505
2022-11,39239090,其他供輸送或包裝貨物之塑膠製品,南非,出口總值(含復出口),10,7263
2022-11,39239090,其他供輸送或包裝貨物之塑膠製品,南韓,出口總值(含復出口),690,303413
2022-11,39239090,其他供輸送或包裝貨物之塑膠製品,突尼西亞,出口總值(含復出口),27,11294
2022-11,39239090,其他供輸送或包裝貨物之塑膠製品,美國,出口總值(含復出口),4231,1390251
2022-11,39239090,其他供輸送或包裝貨物之塑膠製品,英國,出口總值(含復出口),146,31561
2022-11,39239090,其他供輸送或包裝貨物之塑膠製品,香港,出口總值(含復出口),169,36527
2022-11,39239090,其他供輸送或包裝貨物之塑膠製品,哥斯大黎加,出口總值(含復出口),19,4919
2022-11,39239090,其他供輸送或包裝貨物之塑膠製品,泰國,出口總值(含復出口),214,25688
2022-11,39239090,其他供輸送或包裝貨物之塑膠製品,烏克蘭,出口總值(含復出口),9,2250
2022-11,39239090,其他供輸送或包裝貨物之塑膠製品,紐西蘭,出口總值(含復出口),9,1635
2022-11,39239090,其他供輸送或包裝貨物之塑膠製品,馬來西亞,出口總值(含復出口),248,49891
2022-11,39239090,其他供輸送或包裝貨物之塑膠製品,荷蘭,出口總值(含復出口),276,7799
2022-11,39239090,其他供輸送或包裝貨物之塑膠製品,斐濟,出口總值(含復出口),18,4152
2022-11,39239090,其他供輸送或包裝貨物之塑膠製品,菲律賓,出口總值(含復出口),115,19749
2022-11,39239090,其他供輸送或包裝貨物之塑膠製品,越南,出口總值(含復出口),178,18718
2022-11,39239090,其他供輸送或包裝貨物之塑膠製品,塞爾維亞,出口總值(含復出口),18,113
2022-11,39239090,其他供輸送或包裝貨物之塑膠製品,新加坡,出口總值(含復出口),278,62639
2022-11,39239090,其他供輸送或包裝貨物之塑膠製品,瑞士,出口總值(含復出口),2,75
2022-11,39239090,其他供輸送或包裝貨物之塑膠製品,瑞典,出口總值(含復出口),5,1080
2022-11,39239090,其他供輸送或包裝貨物之塑膠製品,德國,出口總值(含復出口),29,7045
2022-11,39239090,其他供輸送或包裝貨物之塑膠製品,緬甸,出口總值(含復出口),7,2250
2022-11,39239090,其他供輸送或包裝貨物之塑膠製品,墨西哥,出口總值(含復出口),157,36028
2022-11,39239090,其他供輸送或包裝貨物之塑膠製品,澳大利亞,出口總值(含復出口),100,24307
2022-11,39239090,其他供輸送或包裝貨物之塑膠製品,賽普勒斯,出口總值(含復出口),9,391
2022-11,39239090,其他供輸送或包裝貨物之塑膠製品,薩摩亞,出口總值(含復出口),3,112
2022-11,39239090,其他供輸送或包裝貨物之塑膠製品,蘇利南,出口總值(含復出口),8,900
2022-11,39269012,電氣絕緣用塑膠製品,中國大陸,進口總值(含復進口),326,9721
2022-11,39269012,電氣絕緣用塑膠製品,日本,進口總值(含復進口),67,2567
2022-11,39269012,電氣絕緣用塑膠製品,印尼,進口總值(含復進口),0,1
2022-11,39269012,電氣絕緣用塑膠製品,印度,進口總值(含復進口),0,3
2022-11,39269012,電氣絕緣用塑膠製品,法國,進口總值(含復進口),0,1
2022-11,39269012,電氣絕緣用塑膠製品,美國,進口總值(含復進口),22,131
2022-11,39269012,電氣絕緣用塑膠製品,英國,進口總值(含復進口),0,1
2022-11,39269012,電氣絕緣用塑膠製品,馬來西亞,進口總值(含復進口),0,0
2022-11,39269012,電氣絕緣用塑膠製品,越南,進口總值(含復進口),42,13958
2022-11,39269012,電氣絕緣用塑膠製品,愛爾蘭,進口總值(含復進口),3,52
2022-11,39269012,電氣絕緣用塑膠製品,德國,進口總值(含復進口),0,4
2022-11,39269012,電氣絕緣用塑膠製品,中國大陸,出口總值(含復出口),159,7992
2022-11,39269012,電氣絕緣用塑膠製品,日本,出口總值(含復出口),2,338
2022-11,39269012,電氣絕緣用塑膠製品,比利時,出口總值(含復出口),59,11170
2022-11,39269012,電氣絕緣用塑膠製品,加拿大,出口總值(含復出口),33,6009
2022-11,39269012,電氣絕緣用塑膠製品,法國,出口總值(含復出口),39,4453
2022-11,39269012,電氣絕緣用塑膠製品,保加利亞,出口總值(含復出口),11,2795
2022-11,39269012,電氣絕緣用塑膠製品,南非,出口總值(含復出口),4,203
2022-11,39269012,電氣絕緣用塑膠製品,南韓,出口總值(含復出口),436,127510
2022-11,39269012,電氣絕緣用塑膠製品,柬埔寨,出口總值(含復出口),17,221
2022-11,39269012,電氣絕緣用塑膠製品,約旦,出口總值(含復出口),91,23750
2022-11,39269012,電氣絕緣用塑膠製品,美國,出口總值(含復出口),286,70168
2022-11,39269012,電氣絕緣用塑膠製品,香港,出口總值(含復出口),11,162
2022-11,39269012,電氣絕緣用塑膠製品,哥倫比亞,出口總值(含復出口),52,15500
2022-11,39269012,電氣絕緣用塑膠製品,埃及,出口總值(含復出口),150,39580
2022-11,39269012,電氣絕緣用塑膠製品,馬來西亞,出口總值(含復出口),32,1958
2022-11,39269012,電氣絕緣用塑膠製品,荷蘭,出口總值(含復出口),114,18955
2022-11,39269012,電氣絕緣用塑膠製品,菲律賓,出口總值(含復出口),8,4650
2022-11,39269012,電氣絕緣用塑膠製品,越南,出口總值(含復出口),6,316
2022-11,39269012,電氣絕緣用塑膠製品,新加坡,出口總值(含復出口),0,0
2022-11,39269012,電氣絕緣用塑膠製品,義大利,出口總值(含復出口),0,8
2022-11,39269012,電氣絕緣用塑膠製品,德國,出口總值(含復出口),57,11671
2022-11,39269012,電氣絕緣用塑膠製品,模里西斯,出口總值(含復出口),6,1209
2022-11,39269012,電氣絕緣用塑膠製品,墨西哥,出口總值(含復出口),4,23
2022-11,39269012,電氣絕緣用塑膠製品,澳大利亞,出口總值(含復出口),6,1438
2022-12,39231010,塑膠製箱子、盒子、籃子及類似品，其形狀或適合供運輸或包裝半導體晶圓或網線,中國大陸,進口總值(含復進口),253,20959
2022-12,39231010,塑膠製箱子、盒子、籃子及類似品，其形狀或適合供運輸或包裝半導體晶圓或網線,中華民國,進口總值(含復進口),113,35006
2022-12,39231010,塑膠製箱子、盒子、籃子及類似品，其形狀或適合供運輸或包裝半導體晶圓或網線,日本,進口總值(含復進口),2660,129506
2022-12,39231010,塑膠製箱子、盒子、籃子及類似品，其形狀或適合供運輸或包裝半導體晶圓或網線,印尼,進口總值(含復進口),660,89064
2022-12,39231010,塑膠製箱子、盒子、籃子及類似品，其形狀或適合供運輸或包裝半導體晶圓或網線,西班牙,進口總值(含復進口),14,1803
2022-12,39231010,塑膠製箱子、盒子、籃子及類似品，其形狀或適合供運輸或包裝半導體晶圓或網線,法國,進口總值(含復進口),1,2
2022-12,39231010,塑膠製箱子、盒子、籃子及類似品，其形狀或適合供運輸或包裝半導體晶圓或網線,南韓,進口總值(含復進口),222,15567
2022-12,39231010,塑膠製箱子、盒子、籃子及類似品，其形狀或適合供運輸或包裝半導體晶圓或網線,美國,進口總值(含復進口),194,14031
2022-12,39231010,塑膠製箱子、盒子、籃子及類似品，其形狀或適合供運輸或包裝半導體晶圓或網線,英國,進口總值(含復進口),0,1
2022-12,39231010,塑膠製箱子、盒子、籃子及類似品，其形狀或適合供運輸或包裝半導體晶圓或網線,香港,進口總值(含復進口),0,36
2022-12,39231010,塑膠製箱子、盒子、籃子及類似品，其形狀或適合供運輸或包裝半導體晶圓或網線,馬來西亞,進口總值(含復進口),4763,60807
2022-12,39231010,塑膠製箱子、盒子、籃子及類似品，其形狀或適合供運輸或包裝半導體晶圓或網線,荷蘭,進口總值(含復進口),0,2
2022-12,39231010,塑膠製箱子、盒子、籃子及類似品，其形狀或適合供運輸或包裝半導體晶圓或網線,菲律賓,進口總值(含復進口),3,80
2022-12,39231010,塑膠製箱子、盒子、籃子及類似品，其形狀或適合供運輸或包裝半導體晶圓或網線,新加坡,進口總值(含復進口),5,1152
2022-12,39231010,塑膠製箱子、盒子、籃子及類似品，其形狀或適合供運輸或包裝半導體晶圓或網線,瑞士,進口總值(含復進口),0,2
2022-12,39231010,塑膠製箱子、盒子、籃子及類似品，其形狀或適合供運輸或包裝半導體晶圓或網線,義大利,進口總值(含復進口),2,1
2022-12,39231010,塑膠製箱子、盒子、籃子及類似品，其形狀或適合供運輸或包裝半導體晶圓或網線,德國,進口總值(含復進口),91,15276
2022-12,39231010,塑膠製箱子、盒子、籃子及類似品，其形狀或適合供運輸或包裝半導體晶圓或網線,中國大陸,出口總值(含復出口),1400,68109
2022-12,39231010,塑膠製箱子、盒子、籃子及類似品，其形狀或適合供運輸或包裝半導體晶圓或網線,日本,出口總值(含復出口),1403,95740
2022-12,39231010,塑膠製箱子、盒子、籃子及類似品，其形狀或適合供運輸或包裝半導體晶圓或網線,以色列,出口總值(含復出口),13,271
2022-12,39231010,塑膠製箱子、盒子、籃子及類似品，其形狀或適合供運輸或包裝半導體晶圓或網線,匈牙利,出口總值(含復出口),2,7
2022-12,39231010,塑膠製箱子、盒子、籃子及類似品，其形狀或適合供運輸或包裝半導體晶圓或網線,印尼,出口總值(含復出口),10,2322
2022-12,39231010,塑膠製箱子、盒子、籃子及類似品，其形狀或適合供運輸或包裝半導體晶圓或網線,印度,出口總值(含復出口),9,1440
2022-12,39231010,塑膠製箱子、盒子、籃子及類似品，其形狀或適合供運輸或包裝半導體晶圓或網線,南韓,出口總值(含復出口),185,33986
2022-12,39231010,塑膠製箱子、盒子、籃子及類似品，其形狀或適合供運輸或包裝半導體晶圓或網線,美國,出口總值(含復出口),48,7022
2022-12,39231010,塑膠製箱子、盒子、籃子及類似品，其形狀或適合供運輸或包裝半導體晶圓或網線,英國,出口總值(含復出口),6,170
2022-12,39231010,塑膠製箱子、盒子、籃子及類似品，其形狀或適合供運輸或包裝半導體晶圓或網線,香港,出口總值(含復出口),19,951
2022-12,39231010,塑膠製箱子、盒子、籃子及類似品，其形狀或適合供運輸或包裝半導體晶圓或網線,泰國,出口總值(含復出口),18,2822
2022-12,39231010,塑膠製箱子、盒子、籃子及類似品，其形狀或適合供運輸或包裝半導體晶圓或網線,馬來西亞,出口總值(含復出口),163,24985
2022-12,39231010,塑膠製箱子、盒子、籃子及類似品，其形狀或適合供運輸或包裝半導體晶圓或網線,荷蘭,出口總值(含復出口),21,1690
2022-12,39231010,塑膠製箱子、盒子、籃子及類似品，其形狀或適合供運輸或包裝半導體晶圓或網線,菲律賓,出口總值(含復出口),104,18080
2022-12,39231010,塑膠製箱子、盒子、籃子及類似品，其形狀或適合供運輸或包裝半導體晶圓或網線,越南,出口總值(含復出口),7,1024
2022-12,39231010,塑膠製箱子、盒子、籃子及類似品，其形狀或適合供運輸或包裝半導體晶圓或網線,新加坡,出口總值(含復出口),92,16771
2022-12,39231010,塑膠製箱子、盒子、籃子及類似品，其形狀或適合供運輸或包裝半導體晶圓或網線,德國,出口總值(含復出口),64,19765
2022-12,39231010,塑膠製箱子、盒子、籃子及類似品，其形狀或適合供運輸或包裝半導體晶圓或網線,澳大利亞,出口總值(含復出口),1,68
2022-12,39239090,其他供輸送或包裝貨物之塑膠製品,中國大陸,進口總值(含復進口),6022,1416405
2022-12,39239090,其他供輸送或包裝貨物之塑膠製品,中華民國,進口總值(含復進口),165,45410
2022-12,39239090,其他供輸送或包裝貨物之塑膠製品,丹麥,進口總值(含復進口),1,0
2022-12,39239090,其他供輸送或包裝貨物之塑膠製品,日本,進口總值(含復進口),1528,201947
2022-12,39239090,其他供輸送或包裝貨物之塑膠製品,以色列,進口總值(含復進口),1,15
2022-12,39239090,其他供輸送或包裝貨物之塑膠製品,印尼,進口總值(含復進口),2,810
2022-12,39239090,其他供輸送或包裝貨物之塑膠製品,拉脫維亞,進口總值(含復進口),1,53
2022-12,39239090,其他供輸送或包裝貨物之塑膠製品,法國,進口總值(含復進口),3,29
2022-12,39239090,其他供輸送或包裝貨物之塑膠製品,南韓,進口總值(含復進口),1389,290960
2022-12,39239090,其他供輸送或包裝貨物之塑膠製品,美國,進口總值(含復進口),769,104935
2022-12,39239090,其他供輸送或包裝貨物之塑膠製品,英國,進口總值(含復進口),69,8197
2022-12,39239090,其他供輸送或包裝貨物之塑膠製品,泰國,進口總值(含復進口),287,42845
2022-12,39239090,其他供輸送或包裝貨物之塑膠製品,馬來西亞,進口總值(含復進口),2443,168350
2022-12,39239090,其他供輸送或包裝貨物之塑膠製品,捷克,進口總值(含復進口),0,0
2022-12,39239090,其他供輸送或包裝貨物之塑膠製品,荷蘭,進口總值(含復進口),30,362
2022-12,39239090,其他供輸送或包裝貨物之塑膠製品,斯洛維尼亞,進口總值(含復進口),0,8
2022-12,39239090,其他供輸送或包裝貨物之塑膠製品,菲律賓,進口總值(含復進口),263,90887
2022-12,39239090,其他供輸送或包裝貨物之塑膠製品,越南,進口總值(含復進口),28,3959
2022-12,39239090,其他供輸送或包裝貨物之塑膠製品,新加坡,進口總值(含復進口),61,93792
2022-12,39239090,其他供輸送或包裝貨物之塑膠製品,瑞士,進口總值(含復進口),2,3
2022-12,39239090,其他供輸送或包裝貨物之塑膠製品,瑞典,進口總值(含復進口),3,6
2022-12,39239090,其他供輸送或包裝貨物之塑膠製品,義大利,進口總值(含復進口),81,21222
2022-12,39239090,其他供輸送或包裝貨物之塑膠製品,德國,進口總值(含復進口),494,45836
2022-12,39239090,其他供輸送或包裝貨物之塑膠製品,中國大陸,出口總值(含復出口),3111,536653
2022-12,39239090,其他供輸送或包裝貨物之塑膠製品,厄瓜多,出口總值(含復出口),11,1491
2022-12,39239090,其他供輸送或包裝貨物之塑膠製品,巴西,出口總值(含復出口),80,12540
2022-12,39239090,其他供輸送或包裝貨物之塑膠製品,巴拿馬,出口總值(含復出口),7,1865
2022-12,39239090,其他供輸送或包裝貨物之塑膠製品,巴基斯坦,出口總值(含復出口),67,3778
2022-12,39239090,其他供輸送或包裝貨物之塑膠製品,日本,出口總值(含復出口),740,75860
2022-12,39239090,其他供輸送或包裝貨物之塑膠製品,比利時,出口總值(含復出口),32,2130
2022-12,39239090,其他供輸送或包裝貨物之塑膠製品,以色列,出口總值(含復出口),23,756
2022-12,39239090,其他供輸送或包裝貨物之塑膠製品,加拿大,出口總值(含復出口),232,68554
2022-12,39239090,其他供輸送或包裝貨物之塑膠製品,瓜地馬拉,出口總值(含復出口),4,1440
2022-12,39239090,其他供輸送或包裝貨物之塑膠製品,印尼,出口總值(含復出口),119,15864
2022-12,39239090,其他供輸送或包裝貨物之塑膠製品,印度,出口總值(含復出口),114,4579
2022-12,39239090,其他供輸送或包裝貨物之塑膠製品,多明尼加,出口總值(含復出口),10,4050
2022-12,39239090,其他供輸送或包裝貨物之塑膠製品,沙烏地阿拉伯,出口總值(含復出口),67,14521
2022-12,39239090,其他供輸送或包裝貨物之塑膠製品,波蘭,出口總值(含復出口),21,1970
2022-12,39239090,其他供輸送或包裝貨物之塑膠製品,法國,出口總值(含復出口),34,2106
2022-12,39239090,其他供輸送或包裝貨物之塑膠製品,阿拉伯聯合大公國,出口總值(含復出口),88,36683
2022-12,39239090,其他供輸送或包裝貨物之塑膠製品,俄羅斯,出口總值(含復出口),27,110
2022-12,39239090,其他供輸送或包裝貨物之塑膠製品,南非,出口總值(含復出口),41,1275
2022-12,39239090,其他供輸送或包裝貨物之塑膠製品,南韓,出口總值(含復出口),654,353203
2022-12,39239090,其他供輸送或包裝貨物之塑膠製品,突尼西亞,出口總值(含復出口),28,11886
2022-12,39239090,其他供輸送或包裝貨物之塑膠製品,美國,出口總值(含復出口),2573,789866
2022-12,39239090,其他供輸送或包裝貨物之塑膠製品,英國,出口總值(含復出口),109,13343
2022-12,39239090,其他供輸送或包裝貨物之塑膠製品,香港,出口總值(含復出口),315,57748
2022-12,39239090,其他供輸送或包裝貨物之塑膠製品,哥斯大黎加,出口總值(含復出口),28,9815
2022-12,39239090,其他供輸送或包裝貨物之塑膠製品,埃及,出口總值(含復出口),23,1713
2022-12,39239090,其他供輸送或包裝貨物之塑膠製品,泰國,出口總值(含復出口),158,15485
2022-12,39239090,其他供輸送或包裝貨物之塑膠製品,秘魯,出口總值(含復出口),35,4536
2022-12,39239090,其他供輸送或包裝貨物之塑膠製品,紐西蘭,出口總值(含復出口),40,4610
2022-12,39239090,其他供輸送或包裝貨物之塑膠製品,馬來西亞,出口總值(含復出口),344,39587
2022-12,39239090,其他供輸送或包裝貨物之塑膠製品,荷蘭,出口總值(含復出口),254,14656
2022-12,39239090,其他供輸送或包裝貨物之塑膠製品,智利,出口總值(含復出口),11,2089
2022-12,39239090,其他供輸送或包裝貨物之塑膠製品,菲律賓,出口總值(含復出口),150,38772
2022-12,39239090,其他供輸送或包裝貨物之塑膠製品,越南,出口總值(含復出口),168,26961
2022-12,39239090,其他供輸送或包裝貨物之塑膠製品,新加坡,出口總值(含復出口),207,39866
2022-12,39239090,其他供輸送或包裝貨物之塑膠製品,瑞典,出口總值(含復出口),7,822
2022-12,39239090,其他供輸送或包裝貨物之塑膠製品,義大利,出口總值(含復出口),3,94
2022-12,39239090,其他供輸送或包裝貨物之塑膠製品,德國,出口總值(含復出口),42,6722
2022-12,39239090,其他供輸送或包裝貨物之塑膠製品,模里西斯,出口總值(含復出口),20,5927
2022-12,39239090,其他供輸送或包裝貨物之塑膠製品,墨西哥,出口總值(含復出口),117,27573
2022-12,39239090,其他供輸送或包裝貨物之塑膠製品,澳大利亞,出口總值(含復出口),58,18079
2022-12,39269012,電氣絕緣用塑膠製品,中國大陸,進口總值(含復進口),109,12441
2022-12,39269012,電氣絕緣用塑膠製品,中華民國,進口總值(含復進口),2,186
2022-12,39269012,電氣絕緣用塑膠製品,巴西,進口總值(含復進口),0,3
2022-12,39269012,電氣絕緣用塑膠製品,日本,進口總值(含復進口),41,1103
2022-12,39269012,電氣絕緣用塑膠製品,印度,進口總值(含復進口),3,53
2022-12,39269012,電氣絕緣用塑膠製品,南韓,進口總值(含復進口),23,1726
2022-12,39269012,電氣絕緣用塑膠製品,美國,進口總值(含復進口),10,64
2022-12,39269012,電氣絕緣用塑膠製品,菲律賓,進口總值(含復進口),2,3
2022-12,39269012,電氣絕緣用塑膠製品,越南,進口總值(含復進口),22,9182
2022-12,39269012,電氣絕緣用塑膠製品,德國,進口總值(含復進口),0,0
2022-12,39269012,電氣絕緣用塑膠製品,土耳其,出口總值(含復出口),50,11498
2022-12,39269012,電氣絕緣用塑膠製品,中國大陸,出口總值(含復出口),290,12674
2022-12,39269012,電氣絕緣用塑膠製品,巴拿馬,出口總值(含復出口),5,1521
2022-12,39269012,電氣絕緣用塑膠製品,日本,出口總值(含復出口),2,273
2022-12,39269012,電氣絕緣用塑膠製品,比利時,出口總值(含復出口),39,7220
2022-12,39269012,電氣絕緣用塑膠製品,以色列,出口總值(含復出口),3,14
2022-12,39269012,電氣絕緣用塑膠製品,加拿大,出口總值(含復出口),69,17959
2022-12,39269012,電氣絕緣用塑膠製品,沙烏地阿拉伯,出口總值(含復出口),30,7160
2022-12,39269012,電氣絕緣用塑膠製品,波蘭,出口總值(含復出口),15,555
2022-12,39269012,電氣絕緣用塑膠製品,俄羅斯,出口總值(含復出口),246,55929
2022-12,39269012,電氣絕緣用塑膠製品,南韓,出口總值(含復出口),265,76290
2022-12,39269012,電氣絕緣用塑膠製品,柬埔寨,出口總值(含復出口),6,59
2022-12,39269012,電氣絕緣用塑膠製品,美國,出口總值(含復出口),525,129334
2022-12,39269012,電氣絕緣用塑膠製品,香港,出口總值(含復出口),7,148
2022-12,39269012,電氣絕緣用塑膠製品,埃及,出口總值(含復出口),72,18673
2022-12,39269012,電氣絕緣用塑膠製品,馬來西亞,出口總值(含復出口),19,1082
2022-12,39269012,電氣絕緣用塑膠製品,馬爾他,出口總值(含復出口),7,1789
2022-12,39269012,電氣絕緣用塑膠製品,菲律賓,出口總值(含復出口),6,3
2022-12,39269012,電氣絕緣用塑膠製品,越南,出口總值(含復出口),12,747
2022-12,39269012,電氣絕緣用塑膠製品,新加坡,出口總值(含復出口),0,5
2022-12,39269012,電氣絕緣用塑膠製品,墨西哥,出口總值(含復出口),18,1462
2022-12,39269012,電氣絕緣用塑膠製品,澳大利亞,出口總值(含復出口),121,28655
2022-12,39269012,電氣絕緣用塑膠製品,賽普勒斯,出口總值(含復出口),14,3354
2022-12,39269012,電氣絕緣用塑膠製品,蘇丹,出口總值(含復出口),3,345
2022-1,39199020,供製造半導體晶圓用之自黏性圓形研磨墊，屬塑膠製品者,日本,進口總值(含復進口),1688,5392
2022-1,39199020,供製造半導體晶圓用之自黏性圓形研磨墊，屬塑膠製品者,南韓,進口總值(含復進口),6,3
2022-1,39199020,供製造半導體晶圓用之自黏性圓形研磨墊，屬塑膠製品者,美國,進口總值(含復進口),1254,3897
2022-1,39199020,供製造半導體晶圓用之自黏性圓形研磨墊，屬塑膠製品者,英國,進口總值(含復進口),0,0
2022-1,39199020,供製造半導體晶圓用之自黏性圓形研磨墊，屬塑膠製品者,馬來西亞,進口總值(含復進口),10,14
2022-1,39199020,供製造半導體晶圓用之自黏性圓形研磨墊，屬塑膠製品者,德國,進口總值(含復進口),1,33
2022-1,39199020,供製造半導體晶圓用之自黏性圓形研磨墊，屬塑膠製品者,中國大陸,出口總值(含復出口),9232,28560
2022-1,39199020,供製造半導體晶圓用之自黏性圓形研磨墊，屬塑膠製品者,巴西,出口總值(含復出口),6,48
2022-1,39199020,供製造半導體晶圓用之自黏性圓形研磨墊，屬塑膠製品者,日本,出口總值(含復出口),488,2177
2022-1,39199020,供製造半導體晶圓用之自黏性圓形研磨墊，屬塑膠製品者,印度,出口總值(含復出口),11,120
2022-1,39199020,供製造半導體晶圓用之自黏性圓形研磨墊，屬塑膠製品者,南韓,出口總值(含復出口),3592,31512
2022-1,39199020,供製造半導體晶圓用之自黏性圓形研磨墊，屬塑膠製品者,美國,出口總值(含復出口),4,23
2022-1,39199020,供製造半導體晶圓用之自黏性圓形研磨墊，屬塑膠製品者,馬來西亞,出口總值(含復出口),50,249
2022-1,39199020,供製造半導體晶圓用之自黏性圓形研磨墊，屬塑膠製品者,新加坡,出口總值(含復出口),590,3668
2022-1,39201010,聚乙烯塑膠板、片及扁條,土耳其,進口總值(含復進口),15,6125
2022-1,39201010,聚乙烯塑膠板、片及扁條,中國大陸,進口總值(含復進口),1363,297725
2022-1,39201010,聚乙烯塑膠板、片及扁條,日本,進口總值(含復進口),202,20956
2022-1,39201010,聚乙烯塑膠板、片及扁條,比利時,進口總值(含復進口),29,3704
2022-1,39201010,聚乙烯塑膠板、片及扁條,加拿大,進口總值(含復進口),1,236
2022-1,39201010,聚乙烯塑膠板、片及扁條,法國,進口總值(含復進口),102,29320
2022-1,39201010,聚乙烯塑膠板、片及扁條,南韓,進口總值(含復進口),14,1555
2022-1,39201010,聚乙烯塑膠板、片及扁條,馬來西亞,進口總值(含復進口),11,3007
2022-1,39201010,聚乙烯塑膠板、片及扁條,捷克,進口總值(含復進口),58,3603
2022-1,39201010,聚乙烯塑膠板、片及扁條,德國,進口總值(含復進口),173,37935
2022-1,39201010,聚乙烯塑膠板、片及扁條,中國大陸,出口總值(含復出口),184,56493
2022-1,39201010,聚乙烯塑膠板、片及扁條,巴西,出口總值(含復出口),19,7680
2022-1,39201010,聚乙烯塑膠板、片及扁條,巴基斯坦,出口總值(含復出口),5,5390
2022-1,39201010,聚乙烯塑膠板、片及扁條,日本,出口總值(含復出口),312,55779
2022-1,39201010,聚乙烯塑膠板、片及扁條,加拿大,出口總值(含復出口),19,3039
2022-1,39201010,聚乙烯塑膠板、片及扁條,伊朗,出口總值(含復出口),3,457
2022-1,39201010,聚乙烯塑膠板、片及扁條,阿曼,出口總值(含復出口),7,2808
2022-1,39201010,聚乙烯塑膠板、片及扁條,美國,出口總值(含復出口),455,95404
2022-1,39201010,聚乙烯塑膠板、片及扁條,香港,出口總值(含復出口),131,65752
2022-1,39201010,聚乙烯塑膠板、片及扁條,泰國,出口總值(含復出口),421,82042
2022-1,39201010,聚乙烯塑膠板、片及扁條,馬來西亞,出口總值(含復出口),29,8338
2022-1,39201010,聚乙烯塑膠板、片及扁條,馬紹爾群島,出口總值(含復出口),0,65
2022-1,39201010,聚乙烯塑膠板、片及扁條,斯里蘭卡,出口總值(含復出口),5,2400
2022-1,39201010,聚乙烯塑膠板、片及扁條,智利,出口總值(含復出口),5,4057
2022-1,39201010,聚乙烯塑膠板、片及扁條,菲律賓,出口總值(含復出口),216,52113
2022-1,39201010,聚乙烯塑膠板、片及扁條,越南,出口總值(含復出口),83,27089
2022-1,39201010,聚乙烯塑膠板、片及扁條,新加坡,出口總值(含復出口),23,11040
2022-1,39201010,聚乙烯塑膠板、片及扁條,澳大利亞,出口總值(含復出口),56,11809
2022-1,39202021,電容器用金屬化聚丙烯薄膜，留有未鍍邊，總寬度不超過１００公厘，總厚度在０．０１５公厘以上，０．０２５公厘以下者,中國大陸,進口總值(含復進口),46,3887
2022-1,39202021,電容器用金屬化聚丙烯薄膜，留有未鍍邊，總寬度不超過１００公厘，總厚度在０．０１５公厘以上，０．０２５公厘以下者,南韓,進口總值(含復進口),16,740
2022-1,39205110,聚甲基丙烯酸甲酯板、片及扁條,中國大陸,進口總值(含復進口),163,7768
2022-1,39205110,聚甲基丙烯酸甲酯板、片及扁條,日本,進口總值(含復進口),481,108559
2022-1,39205110,聚甲基丙烯酸甲酯板、片及扁條,南韓,進口總值(含復進口),1159,446155
2022-1,39205110,聚甲基丙烯酸甲酯板、片及扁條,美國,進口總值(含復進口),138,26534
2022-1,39205110,聚甲基丙烯酸甲酯板、片及扁條,泰國,進口總值(含復進口),66,30758
2022-1,39205110,聚甲基丙烯酸甲酯板、片及扁條,墨西哥,進口總值(含復進口),2,136
2022-1,39205110,聚甲基丙烯酸甲酯板、片及扁條,中國大陸,出口總值(含復出口),5352,1783882
2022-1,39205110,聚甲基丙烯酸甲酯板、片及扁條,巴西,出口總值(含復出口),80,21596
2022-1,39205110,聚甲基丙烯酸甲酯板、片及扁條,巴林,出口總值(含復出口),59,17436
2022-1,39205110,聚甲基丙烯酸甲酯板、片及扁條,日本,出口總值(含復出口),546,119029
2022-1,39205110,聚甲基丙烯酸甲酯板、片及扁條,卡達,出口總值(含復出口),115,34664
2022-1,39205110,聚甲基丙烯酸甲酯板、片及扁條,伊朗,出口總值(含復出口),123,39117
2022-1,39205110,聚甲基丙烯酸甲酯板、片及扁條,印尼,出口總值(含復出口),41,6960
2022-1,39205110,聚甲基丙烯酸甲酯板、片及扁條,印度,出口總值(含復出口),115,62027
2022-1,39205110,聚甲基丙烯酸甲酯板、片及扁條,多明尼加,出口總值(含復出口),18,5561
2022-1,39205110,聚甲基丙烯酸甲酯板、片及扁條,沙烏地阿拉伯,出口總值(含復出口),190,60861
2022-1,39205110,聚甲基丙烯酸甲酯板、片及扁條,肯亞,出口總值(含復出口),45,14884
2022-1,39205110,聚甲基丙烯酸甲酯板、片及扁條,芬蘭,出口總值(含復出口),96,27145
2022-1,39205110,聚甲基丙烯酸甲酯板、片及扁條,阿拉伯聯合大公國,出口總值(含復出口),696,221035
2022-1,39205110,聚甲基丙烯酸甲酯板、片及扁條,阿曼,出口總值(含復出口),58,17305
2022-1,39205110,聚甲基丙烯酸甲酯板、片及扁條,南韓,出口總值(含復出口),864,311587
2022-1,39205110,聚甲基丙烯酸甲酯板、片及扁條,美國,出口總值(含復出口),1768,546309
2022-1,39205110,聚甲基丙烯酸甲酯板、片及扁條,香港,出口總值(含復出口),314,93805
2022-1,39205110,聚甲基丙烯酸甲酯板、片及扁條,哥斯大黎加,出口總值(含復出口),65,16000
2022-1,39205110,聚甲基丙烯酸甲酯板、片及扁條,越南,出口總值(含復出口),1500,444215
2022-1,39205110,聚甲基丙烯酸甲酯板、片及扁條,德國,出口總值(含復出口),12,1745
2022-1,39205110,聚甲基丙烯酸甲酯板、片及扁條,黎巴嫩,出口總值(含復出口),179,57302
2022-1,39205110,聚甲基丙烯酸甲酯板、片及扁條,澳大利亞,出口總值(含復出口),93,11812
2022-1,39205110,聚甲基丙烯酸甲酯板、片及扁條,賽普勒斯,出口總值(含復出口),89,24543
2022-1,39205110,聚甲基丙烯酸甲酯板、片及扁條,薩爾瓦多,出口總值(含復出口),81,20862
2022-1,39206210,聚對苯二甲酸乙二酯製板、片及扁條,中國大陸,進口總值(含復進口),730,192356
2022-1,39206210,聚對苯二甲酸乙二酯製板、片及扁條,中華民國,進口總值(含復進口),30,8171
2022-1,39206210,聚對苯二甲酸乙二酯製板、片及扁條,日本,進口總值(含復進口),288,37025
2022-1,39206210,聚對苯二甲酸乙二酯製板、片及扁條,南韓,進口總值(含復進口),1271,409137
2022-1,39206210,聚對苯二甲酸乙二酯製板、片及扁條,美國,進口總值(含復進口),70,2958
2022-1,39206210,聚對苯二甲酸乙二酯製板、片及扁條,泰國,進口總值(含復進口),16,10098
2022-1,39206210,聚對苯二甲酸乙二酯製板、片及扁條,越南,進口總值(含復進口),25,18043
2022-1,39206210,聚對苯二甲酸乙二酯製板、片及扁條,德國,進口總值(含復進口),4,527
2022-1,39206210,聚對苯二甲酸乙二酯製板、片及扁條,中國大陸,出口總值(含復出口),10004,1475241
2022-1,39206210,聚對苯二甲酸乙二酯製板、片及扁條,日本,出口總值(含復出口),587,274962
2022-1,39206210,聚對苯二甲酸乙二酯製板、片及扁條,加拿大,出口總值(含復出口),3,26
2022-1,39206210,聚對苯二甲酸乙二酯製板、片及扁條,伊朗,出口總值(含復出口),4,398
2022-1,39206210,聚對苯二甲酸乙二酯製板、片及扁條,印尼,出口總值(含復出口),36,9636
2022-1,39206210,聚對苯二甲酸乙二酯製板、片及扁條,印度,出口總值(含復出口),112,76893
2022-1,39206210,聚對苯二甲酸乙二酯製板、片及扁條,南韓,出口總值(含復出口),29,475
2022-1,39206210,聚對苯二甲酸乙二酯製板、片及扁條,美國,出口總值(含復出口),1005,543831
2022-1,39206210,聚對苯二甲酸乙二酯製板、片及扁條,香港,出口總值(含復出口),406,17045
2022-1,39206210,聚對苯二甲酸乙二酯製板、片及扁條,哥倫比亞,出口總值(含復出口),38,28600
2022-1,39206210,聚對苯二甲酸乙二酯製板、片及扁條,泰國,出口總值(含復出口),22,6000
2022-1,39206210,聚對苯二甲酸乙二酯製板、片及扁條,烏克蘭,出口總值(含復出口),34,12096
2022-1,39206210,聚對苯二甲酸乙二酯製板、片及扁條,紐西蘭,出口總值(含復出口),39,28580
2022-1,39206210,聚對苯二甲酸乙二酯製板、片及扁條,馬來西亞,出口總值(含復出口),611,278465
2022-1,39206210,聚對苯二甲酸乙二酯製板、片及扁條,斯里蘭卡,出口總值(含復出口),53,36100
2022-1,39206210,聚對苯二甲酸乙二酯製板、片及扁條,斯洛維尼亞,出口總值(含復出口),16,1786
2022-1,39206210,聚對苯二甲酸乙二酯製板、片及扁條,菲律賓,出口總值(含復出口),36,23920
2022-1,39206210,聚對苯二甲酸乙二酯製板、片及扁條,越南,出口總值(含復出口),80,44198
2022-1,39206210,聚對苯二甲酸乙二酯製板、片及扁條,新加坡,出口總值(含復出口),69,25521
2022-1,39206210,聚對苯二甲酸乙二酯製板、片及扁條,瑞士,出口總值(含復出口),4,596
2022-1,39206210,聚對苯二甲酸乙二酯製板、片及扁條,德國,出口總值(含復出口),8,827
2022-1,39206210,聚對苯二甲酸乙二酯製板、片及扁條,澳大利亞,出口總值(含復出口),655,435228
2022-1,39209991,其他塑膠板、片及扁條，非多孔性及未經以其他物質加強、積層、支持或與其他物質類似結合者,中國大陸,進口總值(含復進口),1555,273967
2022-1,39209991,其他塑膠板、片及扁條，非多孔性及未經以其他物質加強、積層、支持或與其他物質類似結合者,日本,進口總值(含復進口),103,6246
2022-1,39209991,其他塑膠板、片及扁條，非多孔性及未經以其他物質加強、積層、支持或與其他物質類似結合者,印尼,進口總值(含復進口),3,839
2022-1,39209991,其他塑膠板、片及扁條，非多孔性及未經以其他物質加強、積層、支持或與其他物質類似結合者,南韓,進口總值(含復進口),220,21457
2022-1,39209991,其他塑膠板、片及扁條，非多孔性及未經以其他物質加強、積層、支持或與其他物質類似結合者,美國,進口總值(含復進口),406,2329
2022-1,39209991,其他塑膠板、片及扁條，非多孔性及未經以其他物質加強、積層、支持或與其他物質類似結合者,英國,進口總值(含復進口),71,10
2022-1,39209991,其他塑膠板、片及扁條，非多孔性及未經以其他物質加強、積層、支持或與其他物質類似結合者,香港,進口總值(含復進口),6,333
2022-1,39209991,其他塑膠板、片及扁條，非多孔性及未經以其他物質加強、積層、支持或與其他物質類似結合者,馬來西亞,進口總值(含復進口),68,17317
2022-1,39209991,其他塑膠板、片及扁條，非多孔性及未經以其他物質加強、積層、支持或與其他物質類似結合者,新加坡,進口總值(含復進口),1,273
2022-1,39209991,其他塑膠板、片及扁條，非多孔性及未經以其他物質加強、積層、支持或與其他物質類似結合者,瑞典,進口總值(含復進口),10,1560
2022-1,39209991,其他塑膠板、片及扁條，非多孔性及未經以其他物質加強、積層、支持或與其他物質類似結合者,義大利,進口總值(含復進口),31,508
2022-1,39209991,其他塑膠板、片及扁條，非多孔性及未經以其他物質加強、積層、支持或與其他物質類似結合者,德國,進口總值(含復進口),117,2668
2022-1,39209991,其他塑膠板、片及扁條，非多孔性及未經以其他物質加強、積層、支持或與其他物質類似結合者,中國大陸,出口總值(含復出口),2578,166518
2022-1,39209991,其他塑膠板、片及扁條，非多孔性及未經以其他物質加強、積層、支持或與其他物質類似結合者,厄瓜多,出口總值(含復出口),4,201
2022-1,39209991,其他塑膠板、片及扁條，非多孔性及未經以其他物質加強、積層、支持或與其他物質類似結合者,日本,出口總值(含復出口),98,1007
2022-1,39209991,其他塑膠板、片及扁條，非多孔性及未經以其他物質加強、積層、支持或與其他物質類似結合者,加拿大,出口總值(含復出口),26,7785
2022-1,39209991,其他塑膠板、片及扁條，非多孔性及未經以其他物質加強、積層、支持或與其他物質類似結合者,印度,出口總值(含復出口),104,15044
2022-1,39209991,其他塑膠板、片及扁條，非多孔性及未經以其他物質加強、積層、支持或與其他物質類似結合者,法國,出口總值(含復出口),5,865
2022-1,39209991,其他塑膠板、片及扁條，非多孔性及未經以其他物質加強、積層、支持或與其他物質類似結合者,阿根廷,出口總值(含復出口),10,256
2022-1,39209991,其他塑膠板、片及扁條，非多孔性及未經以其他物質加強、積層、支持或與其他物質類似結合者,柬埔寨,出口總值(含復出口),12,5094
2022-1,39209991,其他塑膠板、片及扁條，非多孔性及未經以其他物質加強、積層、支持或與其他物質類似結合者,美國,出口總值(含復出口),253,20085
2022-1,39209991,其他塑膠板、片及扁條，非多孔性及未經以其他物質加強、積層、支持或與其他物質類似結合者,香港,出口總值(含復出口),3,14
2022-1,39209991,其他塑膠板、片及扁條，非多孔性及未經以其他物質加強、積層、支持或與其他物質類似結合者,泰國,出口總值(含復出口),65,16487
2022-1,39209991,其他塑膠板、片及扁條，非多孔性及未經以其他物質加強、積層、支持或與其他物質類似結合者,馬來西亞,出口總值(含復出口),81,23732
2022-1,39209991,其他塑膠板、片及扁條，非多孔性及未經以其他物質加強、積層、支持或與其他物質類似結合者,荷蘭,出口總值(含復出口),9,133
2022-1,39209991,其他塑膠板、片及扁條，非多孔性及未經以其他物質加強、積層、支持或與其他物質類似結合者,菲律賓,出口總值(含復出口),56,11901
2022-1,39209991,其他塑膠板、片及扁條，非多孔性及未經以其他物質加強、積層、支持或與其他物質類似結合者,越南,出口總值(含復出口),149,24163
2022-1,39209991,其他塑膠板、片及扁條，非多孔性及未經以其他物質加強、積層、支持或與其他物質類似結合者,塞爾維亞,出口總值(含復出口),2,27
2022-1,39209991,其他塑膠板、片及扁條，非多孔性及未經以其他物質加強、積層、支持或與其他物質類似結合者,新加坡,出口總值(含復出口),6,29
2022-1,39209991,其他塑膠板、片及扁條，非多孔性及未經以其他物質加強、積層、支持或與其他物質類似結合者,德國,出口總值(含復出口),6,890
2022-1,39209991,其他塑膠板、片及扁條，非多孔性及未經以其他物質加強、積層、支持或與其他物質類似結合者,黎巴嫩,出口總值(含復出口),0,1
2022-1,39209991,其他塑膠板、片及扁條，非多孔性及未經以其他物質加強、積層、支持或與其他物質類似結合者,澳大利亞,出口總值(含復出口),9,8436
2022-2,39199020,供製造半導體晶圓用之自黏性圓形研磨墊，屬塑膠製品者,中國大陸,進口總值(含復進口),4,26
2022-2,39199020,供製造半導體晶圓用之自黏性圓形研磨墊，屬塑膠製品者,日本,進口總值(含復進口),1675,3589
2022-2,39199020,供製造半導體晶圓用之自黏性圓形研磨墊，屬塑膠製品者,西班牙,進口總值(含復進口),0,10
2022-2,39199020,供製造半導體晶圓用之自黏性圓形研磨墊，屬塑膠製品者,美國,進口總值(含復進口),1345,4659
2022-2,39199020,供製造半導體晶圓用之自黏性圓形研磨墊，屬塑膠製品者,中國大陸,出口總值(含復出口),7727,26419
2022-2,39199020,供製造半導體晶圓用之自黏性圓形研磨墊，屬塑膠製品者,日本,出口總值(含復出口),276,1189
2022-2,39199020,供製造半導體晶圓用之自黏性圓形研磨墊，屬塑膠製品者,南韓,出口總值(含復出口),3377,29718
2022-2,39199020,供製造半導體晶圓用之自黏性圓形研磨墊，屬塑膠製品者,美國,出口總值(含復出口),7,44
2022-2,39199020,供製造半導體晶圓用之自黏性圓形研磨墊，屬塑膠製品者,馬來西亞,出口總值(含復出口),52,260
2022-2,39199020,供製造半導體晶圓用之自黏性圓形研磨墊，屬塑膠製品者,新加坡,出口總值(含復出口),779,5506
2022-2,39201010,聚乙烯塑膠板、片及扁條,中國大陸,進口總值(含復進口),794,183713
2022-2,39201010,聚乙烯塑膠板、片及扁條,日本,進口總值(含復進口),502,36533
2022-2,39201010,聚乙烯塑膠板、片及扁條,比利時,進口總值(含復進口),72,3665
2022-2,39201010,聚乙烯塑膠板、片及扁條,西班牙,進口總值(含復進口),35,34704
2022-2,39201010,聚乙烯塑膠板、片及扁條,法國,進口總值(含復進口),97,28320
2022-2,39201010,聚乙烯塑膠板、片及扁條,南韓,進口總值(含復進口),30,3728
2022-2,39201010,聚乙烯塑膠板、片及扁條,美國,進口總值(含復進口),7,831
2022-2,39201010,聚乙烯塑膠板、片及扁條,馬來西亞,進口總值(含復進口),2,127
2022-2,39201010,聚乙烯塑膠板、片及扁條,捷克,進口總值(含復進口),86,4896
2022-2,39201010,聚乙烯塑膠板、片及扁條,越南,進口總值(含復進口),0,74
2022-2,39201010,聚乙烯塑膠板、片及扁條,義大利,進口總值(含復進口),0,50
2022-2,39201010,聚乙烯塑膠板、片及扁條,德國,進口總值(含復進口),37,6745
2022-2,39201010,聚乙烯塑膠板、片及扁條,中國大陸,出口總值(含復出口),252,62244
2022-2,39201010,聚乙烯塑膠板、片及扁條,巴西,出口總值(含復出口),22,8016
2022-2,39201010,聚乙烯塑膠板、片及扁條,日本,出口總值(含復出口),298,63295
2022-2,39201010,聚乙烯塑膠板、片及扁條,加拿大,出口總值(含復出口),11,3121
2022-2,39201010,聚乙烯塑膠板、片及扁條,西班牙,出口總值(含復出口),3,89
2022-2,39201010,聚乙烯塑膠板、片及扁條,俄羅斯,出口總值(含復出口),2,80
2022-2,39201010,聚乙烯塑膠板、片及扁條,美國,出口總值(含復出口),327,67113
2022-2,39201010,聚乙烯塑膠板、片及扁條,香港,出口總值(含復出口),87,39382
2022-2,39201010,聚乙烯塑膠板、片及扁條,哥倫比亞,出口總值(含復出口),5,2496
2022-2,39201010,聚乙烯塑膠板、片及扁條,泰國,出口總值(含復出口),210,30393
2022-2,39201010,聚乙烯塑膠板、片及扁條,馬來西亞,出口總值(含復出口),63,18539
2022-2,39201010,聚乙烯塑膠板、片及扁條,斯里蘭卡,出口總值(含復出口),5,2400
2022-2,39201010,聚乙烯塑膠板、片及扁條,菲律賓,出口總值(含復出口),146,35506
2022-2,39201010,聚乙烯塑膠板、片及扁條,越南,出口總值(含復出口),149,42981
2022-2,39201010,聚乙烯塑膠板、片及扁條,德國,出口總值(含復出口),9,820
2022-2,39201010,聚乙烯塑膠板、片及扁條,墨西哥,出口總值(含復出口),36,12296
2022-2,39201010,聚乙烯塑膠板、片及扁條,澳大利亞,出口總值(含復出口),15,1257
2022-2,39202021,電容器用金屬化聚丙烯薄膜，留有未鍍邊，總寬度不超過１００公厘，總厚度在０．０１５公厘以上，０．０２５公厘以下者,南韓,進口總值(含復進口),30,1693
2022-2,39205110,聚甲基丙烯酸甲酯板、片及扁條,土耳其,進口總值(含復進口),4,80
2022-2,39205110,聚甲基丙烯酸甲酯板、片及扁條,中國大陸,進口總值(含復進口),189,11039
2022-2,39205110,聚甲基丙烯酸甲酯板、片及扁條,日本,進口總值(含復進口),323,88499
2022-2,39205110,聚甲基丙烯酸甲酯板、片及扁條,南韓,進口總值(含復進口),1381,530248
2022-2,39205110,聚甲基丙烯酸甲酯板、片及扁條,美國,進口總值(含復進口),105,17957
2022-2,39205110,聚甲基丙烯酸甲酯板、片及扁條,中國大陸,出口總值(含復出口),4104,1484808
2022-2,39205110,聚甲基丙烯酸甲酯板、片及扁條,巴拿馬,出口總值(含復出口),55,15957
2022-2,39205110,聚甲基丙烯酸甲酯板、片及扁條,日本,出口總值(含復出口),246,63141
2022-2,39205110,聚甲基丙烯酸甲酯板、片及扁條,卡達,出口總值(含復出口),56,17320
2022-2,39205110,聚甲基丙烯酸甲酯板、片及扁條,印度,出口總值(含復出口),275,145688
2022-2,39205110,聚甲基丙烯酸甲酯板、片及扁條,沙烏地阿拉伯,出口總值(含復出口),492,150063
2022-2,39205110,聚甲基丙烯酸甲酯板、片及扁條,其他國家,出口總值(含復出口),0,17
2022-2,39205110,聚甲基丙烯酸甲酯板、片及扁條,芬蘭,出口總值(含復出口),92,26240
2022-2,39205110,聚甲基丙烯酸甲酯板、片及扁條,阿拉伯聯合大公國,出口總值(含復出口),617,204202
2022-2,39205110,聚甲基丙烯酸甲酯板、片及扁條,南韓,出口總值(含復出口),1477,537260
2022-2,39205110,聚甲基丙烯酸甲酯板、片及扁條,美國,出口總值(含復出口),1189,336588
2022-2,39205110,聚甲基丙烯酸甲酯板、片及扁條,香港,出口總值(含復出口),304,90917
2022-2,39205110,聚甲基丙烯酸甲酯板、片及扁條,泰國,出口總值(含復出口),3,480
2022-2,39205110,聚甲基丙烯酸甲酯板、片及扁條,馬來西亞,出口總值(含復出口),73,22706
2022-2,39205110,聚甲基丙烯酸甲酯板、片及扁條,菲律賓,出口總值(含復出口),49,17838
2022-2,39205110,聚甲基丙烯酸甲酯板、片及扁條,越南,出口總值(含復出口),637,233973
2022-2,39205110,聚甲基丙烯酸甲酯板、片及扁條,新加坡,出口總值(含復出口),78,24515
2022-2,39205110,聚甲基丙烯酸甲酯板、片及扁條,澳大利亞,出口總值(含復出口),112,28419
2022-2,39206210,聚對苯二甲酸乙二酯製板、片及扁條,中國大陸,進口總值(含復進口),974,189931
2022-2,39206210,聚對苯二甲酸乙二酯製板、片及扁條,日本,進口總值(含復進口),491,95126
2022-2,39206210,聚對苯二甲酸乙二酯製板、片及扁條,南韓,進口總值(含復進口),1220,355768
2022-2,39206210,聚對苯二甲酸乙二酯製板、片及扁條,美國,進口總值(含復進口),17,2625
2022-2,39206210,聚對苯二甲酸乙二酯製板、片及扁條,德國,進口總值(含復進口),72,2090
2022-2,39206210,聚對苯二甲酸乙二酯製板、片及扁條,土耳其,出口總值(含復出口),42,4455
2022-2,39206210,聚對苯二甲酸乙二酯製板、片及扁條,中國大陸,出口總值(含復出口),11623,1524928
2022-2,39206210,聚對苯二甲酸乙二酯製板、片及扁條,日本,出口總值(含復出口),1151,630780
2022-2,39206210,聚對苯二甲酸乙二酯製板、片及扁條,加拿大,出口總值(含復出口),135,89422
2022-2,39206210,聚對苯二甲酸乙二酯製板、片及扁條,匈牙利,出口總值(含復出口),0,33
2022-2,39206210,聚對苯二甲酸乙二酯製板、片及扁條,印尼,出口總值(含復出口),49,36000
2022-2,39206210,聚對苯二甲酸乙二酯製板、片及扁條,印度,出口總值(含復出口),107,73796
2022-2,39206210,聚對苯二甲酸乙二酯製板、片及扁條,多明尼加,出口總值(含復出口),53,27350
2022-2,39206210,聚對苯二甲酸乙二酯製板、片及扁條,孟加拉,出口總值(含復出口),57,39900
2022-2,39206210,聚對苯二甲酸乙二酯製板、片及扁條,南韓,出口總值(含復出口),30,1099
2022-2,39206210,聚對苯二甲酸乙二酯製板、片及扁條,美國,出口總值(含復出口),1115,536649
2022-2,39206210,聚對苯二甲酸乙二酯製板、片及扁條,香港,出口總值(含復出口),250,18124
2022-2,39206210,聚對苯二甲酸乙二酯製板、片及扁條,哥倫比亞,出口總值(含復出口),31,24500
2022-2,39206210,聚對苯二甲酸乙二酯製板、片及扁條,埃及,出口總值(含復出口),19,3448
2022-2,39206210,聚對苯二甲酸乙二酯製板、片及扁條,泰國,出口總值(含復出口),40,29452
2022-2,39206210,聚對苯二甲酸乙二酯製板、片及扁條,馬來西亞,出口總值(含復出口),790,343750
2022-2,39206210,聚對苯二甲酸乙二酯製板、片及扁條,荷蘭,出口總值(含復出口),44,16500
2022-2,39206210,聚對苯二甲酸乙二酯製板、片及扁條,菲律賓,出口總值(含復出口),227,122122
2022-2,39206210,聚對苯二甲酸乙二酯製板、片及扁條,越南,出口總值(含復出口),44,19403
2022-2,39206210,聚對苯二甲酸乙二酯製板、片及扁條,新加坡,出口總值(含復出口),18,427
2022-2,39206210,聚對苯二甲酸乙二酯製板、片及扁條,墨西哥,出口總值(含復出口),124,69403
2022-2,39206210,聚對苯二甲酸乙二酯製板、片及扁條,澳大利亞,出口總值(含復出口),1393,1018176
2022-2,39209991,其他塑膠板、片及扁條，非多孔性及未經以其他物質加強、積層、支持或與其他物質類似結合者,中國大陸,進口總值(含復進口),1372,265440
2022-2,39209991,其他塑膠板、片及扁條，非多孔性及未經以其他物質加強、積層、支持或與其他物質類似結合者,日本,進口總值(含復進口),205,27087
2022-2,39209991,其他塑膠板、片及扁條，非多孔性及未經以其他物質加強、積層、支持或與其他物質類似結合者,加拿大,進口總值(含復進口),2,23
2022-2,39209991,其他塑膠板、片及扁條，非多孔性及未經以其他物質加強、積層、支持或與其他物質類似結合者,法國,進口總值(含復進口),0,5
2022-2,39209991,其他塑膠板、片及扁條，非多孔性及未經以其他物質加強、積層、支持或與其他物質類似結合者,南韓,進口總值(含復進口),154,17777
2022-2,39209991,其他塑膠板、片及扁條，非多孔性及未經以其他物質加強、積層、支持或與其他物質類似結合者,美國,進口總值(含復進口),466,6358
2022-2,39209991,其他塑膠板、片及扁條，非多孔性及未經以其他物質加強、積層、支持或與其他物質類似結合者,英國,進口總值(含復進口),28,4
2022-2,39209991,其他塑膠板、片及扁條，非多孔性及未經以其他物質加強、積層、支持或與其他物質類似結合者,香港,進口總值(含復進口),29,1527
2022-2,39209991,其他塑膠板、片及扁條，非多孔性及未經以其他物質加強、積層、支持或與其他物質類似結合者,馬來西亞,進口總值(含復進口),18,3787
2022-2,39209991,其他塑膠板、片及扁條，非多孔性及未經以其他物質加強、積層、支持或與其他物質類似結合者,奧地利,進口總值(含復進口),1,1
2022-2,39209991,其他塑膠板、片及扁條，非多孔性及未經以其他物質加強、積層、支持或與其他物質類似結合者,葡萄牙,進口總值(含復進口),57,70483
2022-2,39209991,其他塑膠板、片及扁條，非多孔性及未經以其他物質加強、積層、支持或與其他物質類似結合者,德國,進口總值(含復進口),155,5575
2022-2,39209991,其他塑膠板、片及扁條，非多孔性及未經以其他物質加強、積層、支持或與其他物質類似結合者,中國大陸,出口總值(含復出口),3265,212518
2022-2,39209991,其他塑膠板、片及扁條，非多孔性及未經以其他物質加強、積層、支持或與其他物質類似結合者,日本,出口總值(含復出口),146,1474
2022-2,39209991,其他塑膠板、片及扁條，非多孔性及未經以其他物質加強、積層、支持或與其他物質類似結合者,比利時,出口總值(含復出口),2,39
2022-2,39209991,其他塑膠板、片及扁條，非多孔性及未經以其他物質加強、積層、支持或與其他物質類似結合者,加拿大,出口總值(含復出口),38,12626
2022-2,39209991,其他塑膠板、片及扁條，非多孔性及未經以其他物質加強、積層、支持或與其他物質類似結合者,柬埔寨,出口總值(含復出口),6,25
2022-2,39209991,其他塑膠板、片及扁條，非多孔性及未經以其他物質加強、積層、支持或與其他物質類似結合者,美國,出口總值(含復出口),195,6859
2022-2,39209991,其他塑膠板、片及扁條，非多孔性及未經以其他物質加強、積層、支持或與其他物質類似結合者,香港,出口總值(含復出口),37,929
2022-2,39209991,其他塑膠板、片及扁條，非多孔性及未經以其他物質加強、積層、支持或與其他物質類似結合者,秘魯,出口總值(含復出口),13,266
2022-2,39209991,其他塑膠板、片及扁條，非多孔性及未經以其他物質加強、積層、支持或與其他物質類似結合者,馬來西亞,出口總值(含復出口),68,19122
2022-2,39209991,其他塑膠板、片及扁條，非多孔性及未經以其他物質加強、積層、支持或與其他物質類似結合者,越南,出口總值(含復出口),109,14269
2022-2,39209991,其他塑膠板、片及扁條，非多孔性及未經以其他物質加強、積層、支持或與其他物質類似結合者,塞爾維亞,出口總值(含復出口),7,68
2022-2,39209991,其他塑膠板、片及扁條，非多孔性及未經以其他物質加強、積層、支持或與其他物質類似結合者,德國,出口總值(含復出口),4,109
2022-2,39209991,其他塑膠板、片及扁條，非多孔性及未經以其他物質加強、積層、支持或與其他物質類似結合者,澳大利亞,出口總值(含復出口),107,31827
2022-3,39199020,供製造半導體晶圓用之自黏性圓形研磨墊，屬塑膠製品者,中國大陸,進口總值(含復進口),20,79
2022-3,39199020,供製造半導體晶圓用之自黏性圓形研磨墊，屬塑膠製品者,日本,進口總值(含復進口),1891,4047
2022-3,39199020,供製造半導體晶圓用之自黏性圓形研磨墊，屬塑膠製品者,比利時,進口總值(含復進口),0,0
2022-3,39199020,供製造半導體晶圓用之自黏性圓形研磨墊，屬塑膠製品者,南韓,進口總值(含復進口),2,2
2022-3,39199020,供製造半導體晶圓用之自黏性圓形研磨墊，屬塑膠製品者,美國,進口總值(含復進口),1250,3971
2022-3,39199020,供製造半導體晶圓用之自黏性圓形研磨墊，屬塑膠製品者,馬來西亞,進口總值(含復進口),5,6
2022-3,39199020,供製造半導體晶圓用之自黏性圓形研磨墊，屬塑膠製品者,奧地利,進口總值(含復進口),0,0
2022-3,39199020,供製造半導體晶圓用之自黏性圓形研磨墊，屬塑膠製品者,德國,進口總值(含復進口),11,9
2022-3,39199020,供製造半導體晶圓用之自黏性圓形研磨墊，屬塑膠製品者,中國大陸,出口總值(含復出口),8664,27853
2022-3,39199020,供製造半導體晶圓用之自黏性圓形研磨墊，屬塑膠製品者,日本,出口總值(含復出口),466,1953
2022-3,39199020,供製造半導體晶圓用之自黏性圓形研磨墊，屬塑膠製品者,印度,出口總值(含復出口),4,40
2022-3,39199020,供製造半導體晶圓用之自黏性圓形研磨墊，屬塑膠製品者,南韓,出口總值(含復出口),3856,33163
2022-3,39199020,供製造半導體晶圓用之自黏性圓形研磨墊，屬塑膠製品者,美國,出口總值(含復出口),15,35
2022-3,39199020,供製造半導體晶圓用之自黏性圓形研磨墊，屬塑膠製品者,烏拉圭,出口總值(含復出口),10,3766
2022-3,39199020,供製造半導體晶圓用之自黏性圓形研磨墊，屬塑膠製品者,馬來西亞,出口總值(含復出口),7,46
2022-3,39199020,供製造半導體晶圓用之自黏性圓形研磨墊，屬塑膠製品者,新加坡,出口總值(含復出口),925,6058
2022-3,39201010,聚乙烯塑膠板、片及扁條,中國大陸,進口總值(含復進口),1783,452362
2022-3,39201010,聚乙烯塑膠板、片及扁條,日本,進口總值(含復進口),354,34849
2022-3,39201010,聚乙烯塑膠板、片及扁條,比利時,進口總值(含復進口),34,3548
2022-3,39201010,聚乙烯塑膠板、片及扁條,西班牙,進口總值(含復進口),15,12404
2022-3,39201010,聚乙烯塑膠板、片及扁條,法國,進口總值(含復進口),99,28320
2022-3,39201010,聚乙烯塑膠板、片及扁條,南韓,進口總值(含復進口),6,66
2022-3,39201010,聚乙烯塑膠板、片及扁條,美國,進口總值(含復進口),9,116
2022-3,39201010,聚乙烯塑膠板、片及扁條,英國,進口總值(含復進口),5,95
2022-3,39201010,聚乙烯塑膠板、片及扁條,泰國,進口總值(含復進口),47,9019
2022-3,39201010,聚乙烯塑膠板、片及扁條,馬來西亞,進口總值(含復進口),16,12695
2022-3,39201010,聚乙烯塑膠板、片及扁條,義大利,進口總值(含復進口),36,660
2022-3,39201010,聚乙烯塑膠板、片及扁條,德國,進口總值(含復進口),170,27673
2022-3,39201010,聚乙烯塑膠板、片及扁條,中國大陸,出口總值(含復出口),384,90308
2022-3,39201010,聚乙烯塑膠板、片及扁條,日本,出口總值(含復出口),472,104164
2022-3,39201010,聚乙烯塑膠板、片及扁條,加拿大,出口總值(含復出口),30,8816
2022-3,39201010,聚乙烯塑膠板、片及扁條,美國,出口總值(含復出口),339,72928
2022-3,39201010,聚乙烯塑膠板、片及扁條,香港,出口總值(含復出口),119,21293
2022-3,39201010,聚乙烯塑膠板、片及扁條,泰國,出口總值(含復出口),265,36404
2022-3,39201010,聚乙烯塑膠板、片及扁條,索羅門群島,出口總值(含復出口),0,28
2022-3,39201010,聚乙烯塑膠板、片及扁條,紐西蘭,出口總值(含復出口),6,192
2022-3,39201010,聚乙烯塑膠板、片及扁條,馬來西亞,出口總值(含復出口),72,23421
2022-3,39201010,聚乙烯塑膠板、片及扁條,捷克,出口總值(含復出口),0,10
2022-3,39201010,聚乙烯塑膠板、片及扁條,智利,出口總值(含復出口),4,3600
2022-3,39201010,聚乙烯塑膠板、片及扁條,菲律賓,出口總值(含復出口),171,66471
2022-3,39201010,聚乙烯塑膠板、片及扁條,越南,出口總值(含復出口),160,51493
2022-3,39201010,聚乙烯塑膠板、片及扁條,澳大利亞,出口總值(含復出口),90,23458
2022-3,39202021,電容器用金屬化聚丙烯薄膜，留有未鍍邊，總寬度不超過１００公厘，總厚度在０．０１５公厘以上，０．０２５公厘以下者,中國大陸,進口總值(含復進口),46,2162
2022-3,39202021,電容器用金屬化聚丙烯薄膜，留有未鍍邊，總寬度不超過１００公厘，總厚度在０．０１５公厘以上，０．０２５公厘以下者,南韓,進口總值(含復進口),18,1129
2022-3,39202021,電容器用金屬化聚丙烯薄膜，留有未鍍邊，總寬度不超過１００公厘，總厚度在０．０１５公厘以上，０．０２５公厘以下者,美國,進口總值(含復進口),3,32
2022-3,39205110,聚甲基丙烯酸甲酯板、片及扁條,土耳其,進口總值(含復進口),4,102
2022-3,39205110,聚甲基丙烯酸甲酯板、片及扁條,中國大陸,進口總值(含復進口),130,22687
2022-3,39205110,聚甲基丙烯酸甲酯板、片及扁條,日本,進口總值(含復進口),186,24619
2022-3,39205110,聚甲基丙烯酸甲酯板、片及扁條,南韓,進口總值(含復進口),2395,933548
2022-3,39205110,聚甲基丙烯酸甲酯板、片及扁條,美國,進口總值(含復進口),88,8045
2022-3,39205110,聚甲基丙烯酸甲酯板、片及扁條,德國,進口總值(含復進口),31,2143
2022-3,39205110,聚甲基丙烯酸甲酯板、片及扁條,千里達及托巴哥,出口總值(含復出口),0,18
2022-3,39205110,聚甲基丙烯酸甲酯板、片及扁條,中國大陸,出口總值(含復出口),4710,1681739
2022-3,39205110,聚甲基丙烯酸甲酯板、片及扁條,巴西,出口總值(含復出口),69,19160
2022-3,39205110,聚甲基丙烯酸甲酯板、片及扁條,巴林,出口總值(含復出口),56,17577
2022-3,39205110,聚甲基丙烯酸甲酯板、片及扁條,日本,出口總值(含復出口),544,126692
2022-3,39205110,聚甲基丙烯酸甲酯板、片及扁條,尼加拉瓜,出口總值(含復出口),48,17253
2022-3,39205110,聚甲基丙烯酸甲酯板、片及扁條,伊拉克,出口總值(含復出口),79,24822
2022-3,39205110,聚甲基丙烯酸甲酯板、片及扁條,伊朗,出口總值(含復出口),122,39079
2022-3,39205110,聚甲基丙烯酸甲酯板、片及扁條,印度,出口總值(含復出口),68,47761
2022-3,39205110,聚甲基丙烯酸甲酯板、片及扁條,沙烏地阿拉伯,出口總值(含復出口),431,136663
2022-3,39205110,聚甲基丙烯酸甲酯板、片及扁條,其他國家,出口總值(含復出口),0,35
2022-3,39205110,聚甲基丙烯酸甲酯板、片及扁條,奈及利亞,出口總值(含復出口),68,23220
2022-3,39205110,聚甲基丙烯酸甲酯板、片及扁條,波多黎各,出口總值(含復出口),16,5620
2022-3,39205110,聚甲基丙烯酸甲酯板、片及扁條,芬蘭,出口總值(含復出口),47,13800
2022-3,39205110,聚甲基丙烯酸甲酯板、片及扁條,阿拉伯聯合大公國,出口總值(含復出口),905,295805
2022-3,39205110,聚甲基丙烯酸甲酯板、片及扁條,阿曼,出口總值(含復出口),113,34689
2022-3,39205110,聚甲基丙烯酸甲酯板、片及扁條,南韓,出口總值(含復出口),967,344631
2022-3,39205110,聚甲基丙烯酸甲酯板、片及扁條,科威特,出口總值(含復出口),155,49775
2022-3,39205110,聚甲基丙烯酸甲酯板、片及扁條,美國,出口總值(含復出口),1782,539200
2022-3,39205110,聚甲基丙烯酸甲酯板、片及扁條,香港,出口總值(含復出口),196,54291
2022-3,39205110,聚甲基丙烯酸甲酯板、片及扁條,馬來西亞,出口總值(含復出口),151,44551
2022-3,39205110,聚甲基丙烯酸甲酯板、片及扁條,越南,出口總值(含復出口),1172,391453
2022-3,39205110,聚甲基丙烯酸甲酯板、片及扁條,新加坡,出口總值(含復出口),111,40868
2022-3,39205110,聚甲基丙烯酸甲酯板、片及扁條,德國,出口總值(含復出口),9,1340
2022-3,39205110,聚甲基丙烯酸甲酯板、片及扁條,澳大利亞,出口總值(含復出口),100,31408
2022-3,39205110,聚甲基丙烯酸甲酯板、片及扁條,薩爾瓦多,出口總值(含復出口),69,20000
2022-3,39206210,聚對苯二甲酸乙二酯製板、片及扁條,中國大陸,進口總值(含復進口),1587,325589
2022-3,39206210,聚對苯二甲酸乙二酯製板、片及扁條,日本,進口總值(含復進口),164,18895
2022-3,39206210,聚對苯二甲酸乙二酯製板、片及扁條,西班牙,進口總值(含復進口),27,10277
2022-3,39206210,聚對苯二甲酸乙二酯製板、片及扁條,南韓,進口總值(含復進口),790,247371
2022-3,39206210,聚對苯二甲酸乙二酯製板、片及扁條,美國,進口總值(含復進口),27,3138
2022-3,39206210,聚對苯二甲酸乙二酯製板、片及扁條,泰國,進口總值(含復進口),32,20561
2022-3,39206210,聚對苯二甲酸乙二酯製板、片及扁條,德國,進口總值(含復進口),121,35419
2022-3,39206210,聚對苯二甲酸乙二酯製板、片及扁條,土耳其,出口總值(含復出口),12,2566
2022-3,39206210,聚對苯二甲酸乙二酯製板、片及扁條,中國大陸,出口總值(含復出口),13905,1764194
2022-3,39206210,聚對苯二甲酸乙二酯製板、片及扁條,日本,出口總值(含復出口),1335,802203
2022-3,39206210,聚對苯二甲酸乙二酯製板、片及扁條,加拿大,出口總值(含復出口),105,66681
2022-3,39206210,聚對苯二甲酸乙二酯製板、片及扁條,立陶宛,出口總值(含復出口),2,113
2022-3,39206210,聚對苯二甲酸乙二酯製板、片及扁條,印尼,出口總值(含復出口),36,9723
2022-3,39206210,聚對苯二甲酸乙二酯製板、片及扁條,印度,出口總值(含復出口),32,21378
2022-3,39206210,聚對苯二甲酸乙二酯製板、片及扁條,西班牙,出口總值(含復出口),3,173
2022-3,39206210,聚對苯二甲酸乙二酯製板、片及扁條,孟加拉,出口總值(含復出口),26,18000
2022-3,39206210,聚對苯二甲酸乙二酯製板、片及扁條,南韓,出口總值(含復出口),10,198
2022-3,39206210,聚對苯二甲酸乙二酯製板、片及扁條,美國,出口總值(含復出口),1384,674119
2022-3,39206210,聚對苯二甲酸乙二酯製板、片及扁條,英國,出口總值(含復出口),12,1400
2022-3,39206210,聚對苯二甲酸乙二酯製板、片及扁條,香港,出口總值(含復出口),384,59212
2022-3,39206210,聚對苯二甲酸乙二酯製板、片及扁條,埃及,出口總值(含復出口),17,1518
2022-3,39206210,聚對苯二甲酸乙二酯製板、片及扁條,泰國,出口總值(含復出口),19,9000
2022-3,39206210,聚對苯二甲酸乙二酯製板、片及扁條,紐西蘭,出口總值(含復出口),32,18074
2022-3,39206210,聚對苯二甲酸乙二酯製板、片及扁條,馬來西亞,出口總值(含復出口),807,368014
2022-3,39206210,聚對苯二甲酸乙二酯製板、片及扁條,荷蘭,出口總值(含復出口),3,256
2022-3,39206210,聚對苯二甲酸乙二酯製板、片及扁條,斯里蘭卡,出口總值(含復出口),50,32700
2022-3,39206210,聚對苯二甲酸乙二酯製板、片及扁條,菲律賓,出口總值(含復出口),148,79279
2022-3,39206210,聚對苯二甲酸乙二酯製板、片及扁條,越南,出口總值(含復出口),70,43022
2022-3,39206210,聚對苯二甲酸乙二酯製板、片及扁條,新加坡,出口總值(含復出口),51,2957
2022-3,39206210,聚對苯二甲酸乙二酯製板、片及扁條,瑞士,出口總值(含復出口),25,1436
2022-3,39206210,聚對苯二甲酸乙二酯製板、片及扁條,墨西哥,出口總值(含復出口),352,232203
2022-3,39206210,聚對苯二甲酸乙二酯製板、片及扁條,澳大利亞,出口總值(含復出口),991,639743
2022-3,39209991,其他塑膠板、片及扁條，非多孔性及未經以其他物質加強、積層、支持或與其他物質類似結合者,中國大陸,進口總值(含復進口),1212,209533
2022-3,39209991,其他塑膠板、片及扁條，非多孔性及未經以其他物質加強、積層、支持或與其他物質類似結合者,日本,進口總值(含復進口),46,894
2022-3,39209991,其他塑膠板、片及扁條，非多孔性及未經以其他物質加強、積層、支持或與其他物質類似結合者,加拿大,進口總值(含復進口),2,23
2022-3,39209991,其他塑膠板、片及扁條，非多孔性及未經以其他物質加強、積層、支持或與其他物質類似結合者,南韓,進口總值(含復進口),194,13178
2022-3,39209991,其他塑膠板、片及扁條，非多孔性及未經以其他物質加強、積層、支持或與其他物質類似結合者,美國,進口總值(含復進口),567,5220
2022-3,39209991,其他塑膠板、片及扁條，非多孔性及未經以其他物質加強、積層、支持或與其他物質類似結合者,英國,進口總值(含復進口),42,6
2022-3,39209991,其他塑膠板、片及扁條，非多孔性及未經以其他物質加強、積層、支持或與其他物質類似結合者,香港,進口總值(含復進口),40,2366
2022-3,39209991,其他塑膠板、片及扁條，非多孔性及未經以其他物質加強、積層、支持或與其他物質類似結合者,奧地利,進口總值(含復進口),20,683
2022-3,39209991,其他塑膠板、片及扁條，非多孔性及未經以其他物質加強、積層、支持或與其他物質類似結合者,新加坡,進口總值(含復進口),2,402
2022-3,39209991,其他塑膠板、片及扁條，非多孔性及未經以其他物質加強、積層、支持或與其他物質類似結合者,義大利,進口總值(含復進口),40,9862
2022-3,39209991,其他塑膠板、片及扁條，非多孔性及未經以其他物質加強、積層、支持或與其他物質類似結合者,德國,進口總值(含復進口),71,2079
2022-3,39209991,其他塑膠板、片及扁條，非多孔性及未經以其他物質加強、積層、支持或與其他物質類似結合者,中國大陸,出口總值(含復出口),2487,170780
2022-3,39209991,其他塑膠板、片及扁條，非多孔性及未經以其他物質加強、積層、支持或與其他物質類似結合者,日本,出口總值(含復出口),141,6149
2022-3,39209991,其他塑膠板、片及扁條，非多孔性及未經以其他物質加強、積層、支持或與其他物質類似結合者,印尼,出口總值(含復出口),50,2652
2022-3,39209991,其他塑膠板、片及扁條，非多孔性及未經以其他物質加強、積層、支持或與其他物質類似結合者,印度,出口總值(含復出口),5,175
2022-3,39209991,其他塑膠板、片及扁條，非多孔性及未經以其他物質加強、積層、支持或與其他物質類似結合者,保加利亞,出口總值(含復出口),3,27
2022-3,39209991,其他塑膠板、片及扁條，非多孔性及未經以其他物質加強、積層、支持或與其他物質類似結合者,美國,出口總值(含復出口),226,17059
2022-3,39209991,其他塑膠板、片及扁條，非多孔性及未經以其他物質加強、積層、支持或與其他物質類似結合者,泰國,出口總值(含復出口),13,2105
2022-3,39209991,其他塑膠板、片及扁條，非多孔性及未經以其他物質加強、積層、支持或與其他物質類似結合者,馬來西亞,出口總值(含復出口),2,0
2022-3,39209991,其他塑膠板、片及扁條，非多孔性及未經以其他物質加強、積層、支持或與其他物質類似結合者,菲律賓,出口總值(含復出口),35,8832
2022-3,39209991,其他塑膠板、片及扁條，非多孔性及未經以其他物質加強、積層、支持或與其他物質類似結合者,越南,出口總值(含復出口),389,35298
2022-3,39209991,其他塑膠板、片及扁條，非多孔性及未經以其他物質加強、積層、支持或與其他物質類似結合者,德國,出口總值(含復出口),15,2878
2022-3,39209991,其他塑膠板、片及扁條，非多孔性及未經以其他物質加強、積層、支持或與其他物質類似結合者,緬甸,出口總值(含復出口),7,1050
2022-3,39209991,其他塑膠板、片及扁條，非多孔性及未經以其他物質加強、積層、支持或與其他物質類似結合者,澳大利亞,出口總值(含復出口),38,11250
2022-4,39199020,供製造半導體晶圓用之自黏性圓形研磨墊，屬塑膠製品者,中華民國,進口總值(含復進口),4,15
2022-4,39199020,供製造半導體晶圓用之自黏性圓形研磨墊，屬塑膠製品者,日本,進口總值(含復進口),1752,3644
2022-4,39199020,供製造半導體晶圓用之自黏性圓形研磨墊，屬塑膠製品者,南韓,進口總值(含復進口),23,175
2022-4,39199020,供製造半導體晶圓用之自黏性圓形研磨墊，屬塑膠製品者,美國,進口總值(含復進口),1576,5443
2022-4,39199020,供製造半導體晶圓用之自黏性圓形研磨墊，屬塑膠製品者,馬來西亞,進口總值(含復進口),9,13
2022-4,39199020,供製造半導體晶圓用之自黏性圓形研磨墊，屬塑膠製品者,德國,進口總值(含復進口),0,0
2022-4,39199020,供製造半導體晶圓用之自黏性圓形研磨墊，屬塑膠製品者,中國大陸,出口總值(含復出口),8682,25691
2022-4,39199020,供製造半導體晶圓用之自黏性圓形研磨墊，屬塑膠製品者,日本,出口總值(含復出口),623,2576
2022-4,39199020,供製造半導體晶圓用之自黏性圓形研磨墊，屬塑膠製品者,南韓,出口總值(含復出口),2876,24579
2022-4,39199020,供製造半導體晶圓用之自黏性圓形研磨墊，屬塑膠製品者,美國,出口總值(含復出口),52,156
2022-4,39199020,供製造半導體晶圓用之自黏性圓形研磨墊，屬塑膠製品者,馬來西亞,出口總值(含復出口),44,199
2022-4,39199020,供製造半導體晶圓用之自黏性圓形研磨墊，屬塑膠製品者,新加坡,出口總值(含復出口),625,4362
2022-4,39201010,聚乙烯塑膠板、片及扁條,中國大陸,進口總值(含復進口),531,137208
2022-4,39201010,聚乙烯塑膠板、片及扁條,日本,進口總值(含復進口),482,44843
2022-4,39201010,聚乙烯塑膠板、片及扁條,比利時,進口總值(含復進口),81,7461
2022-4,39201010,聚乙烯塑膠板、片及扁條,以色列,進口總值(含復進口),5,345
2022-4,39201010,聚乙烯塑膠板、片及扁條,加拿大,進口總值(含復進口),2,522
2022-4,39201010,聚乙烯塑膠板、片及扁條,南韓,進口總值(含復進口),43,8213
2022-4,39201010,聚乙烯塑膠板、片及扁條,美國,進口總值(含復進口),98,5317
2022-4,39201010,聚乙烯塑膠板、片及扁條,馬來西亞,進口總值(含復進口),1,45
2022-4,39201010,聚乙烯塑膠板、片及扁條,越南,進口總值(含復進口),11,1040
2022-4,39201010,聚乙烯塑膠板、片及扁條,新加坡,進口總值(含復進口),4,158
2022-4,39201010,聚乙烯塑膠板、片及扁條,德國,進口總值(含復進口),163,28535
2022-4,39201010,聚乙烯塑膠板、片及扁條,中國大陸,出口總值(含復出口),187,32858
2022-4,39201010,聚乙烯塑膠板、片及扁條,巴基斯坦,出口總值(含復出口),47,9358
2022-4,39201010,聚乙烯塑膠板、片及扁條,日本,出口總值(含復出口),256,52820
2022-4,39201010,聚乙烯塑膠板、片及扁條,加拿大,出口總值(含復出口),37,8185
2022-4,39201010,聚乙烯塑膠板、片及扁條,西班牙,出口總值(含復出口),3,84
2022-4,39201010,聚乙烯塑膠板、片及扁條,法國,出口總值(含復出口),2,960
2022-4,39201010,聚乙烯塑膠板、片及扁條,肯亞,出口總值(含復出口),23,11040
2022-4,39201010,聚乙烯塑膠板、片及扁條,阿拉伯聯合大公國,出口總值(含復出口),48,22766
2022-4,39201010,聚乙烯塑膠板、片及扁條,美國,出口總值(含復出口),421,91692
2022-4,39201010,聚乙烯塑膠板、片及扁條,香港,出口總值(含復出口),21,16945
2022-4,39201010,聚乙烯塑膠板、片及扁條,泰國,出口總值(含復出口),227,37385
2022-4,39201010,聚乙烯塑膠板、片及扁條,秘魯,出口總值(含復出口),29,7520
2022-4,39201010,聚乙烯塑膠板、片及扁條,馬來西亞,出口總值(含復出口),54,16544
2022-4,39201010,聚乙烯塑膠板、片及扁條,斯里蘭卡,出口總值(含復出口),5,2400
2022-4,39201010,聚乙烯塑膠板、片及扁條,菲律賓,出口總值(含復出口),76,21708
2022-4,39201010,聚乙烯塑膠板、片及扁條,越南,出口總值(含復出口),73,9530
2022-4,39201010,聚乙烯塑膠板、片及扁條,新加坡,出口總值(含復出口),0,0
2022-4,39201010,聚乙烯塑膠板、片及扁條,德國,出口總值(含復出口),4,1920
2022-4,39201010,聚乙烯塑膠板、片及扁條,模里西斯,出口總值(含復出口),5,575
2022-4,39201010,聚乙烯塑膠板、片及扁條,墨西哥,出口總值(含復出口),18,4964
2022-4,39201010,聚乙烯塑膠板、片及扁條,澳大利亞,出口總值(含復出口),156,44830
2022-4,39202021,電容器用金屬化聚丙烯薄膜，留有未鍍邊，總寬度不超過１００公厘，總厚度在０．０１５公厘以上，０．０２５公厘以下者,中國大陸,進口總值(含復進口),89,4040
2022-4,39202021,電容器用金屬化聚丙烯薄膜，留有未鍍邊，總寬度不超過１００公厘，總厚度在０．０１５公厘以上，０．０２５公厘以下者,南韓,進口總值(含復進口),13,487
2022-4,39205110,聚甲基丙烯酸甲酯板、片及扁條,中國大陸,進口總值(含復進口),253,30942
2022-4,39205110,聚甲基丙烯酸甲酯板、片及扁條,中華民國,進口總值(含復進口),0,11
2022-4,39205110,聚甲基丙烯酸甲酯板、片及扁條,日本,進口總值(含復進口),167,65274
2022-4,39205110,聚甲基丙烯酸甲酯板、片及扁條,法國,進口總值(含復進口),6,331
2022-4,39205110,聚甲基丙烯酸甲酯板、片及扁條,南韓,進口總值(含復進口),1362,531440
2022-4,39205110,聚甲基丙烯酸甲酯板、片及扁條,美國,進口總值(含復進口),79,13253
2022-4,39205110,聚甲基丙烯酸甲酯板、片及扁條,中國大陸,出口總值(含復出口),4644,1646272
2022-4,39205110,聚甲基丙烯酸甲酯板、片及扁條,日本,出口總值(含復出口),264,68934
2022-4,39205110,聚甲基丙烯酸甲酯板、片及扁條,加拿大,出口總值(含復出口),80,23330
2022-4,39205110,聚甲基丙烯酸甲酯板、片及扁條,卡達,出口總值(含復出口),230,76683
2022-4,39205110,聚甲基丙烯酸甲酯板、片及扁條,伊朗,出口總值(含復出口),396,99974
2022-4,39205110,聚甲基丙烯酸甲酯板、片及扁條,印度,出口總值(含復出口),139,103237
2022-4,39205110,聚甲基丙烯酸甲酯板、片及扁條,沙烏地阿拉伯,出口總值(含復出口),269,83808
2022-4,39205110,聚甲基丙烯酸甲酯板、片及扁條,其他國家,出口總值(含復出口),0,55
2022-4,39205110,聚甲基丙烯酸甲酯板、片及扁條,坦尚尼亞,出口總值(含復出口),48,16781
2022-4,39205110,聚甲基丙烯酸甲酯板、片及扁條,阿拉伯聯合大公國,出口總值(含復出口),1229,381762
2022-4,39205110,聚甲基丙烯酸甲酯板、片及扁條,阿曼,出口總值(含復出口),110,33308
2022-4,39205110,聚甲基丙烯酸甲酯板、片及扁條,南韓,出口總值(含復出口),83,29856
2022-4,39205110,聚甲基丙烯酸甲酯板、片及扁條,科威特,出口總值(含復出口),135,42013
2022-4,39205110,聚甲基丙烯酸甲酯板、片及扁條,美國,出口總值(含復出口),1997,609638
2022-4,39205110,聚甲基丙烯酸甲酯板、片及扁條,香港,出口總值(含復出口),104,35382
2022-4,39205110,聚甲基丙烯酸甲酯板、片及扁條,馬來西亞,出口總值(含復出口),36,10017
2022-4,39205110,聚甲基丙烯酸甲酯板、片及扁條,斯里蘭卡,出口總值(含復出口),4,1063
2022-4,39205110,聚甲基丙烯酸甲酯板、片及扁條,智利,出口總值(含復出口),5,1596
2022-4,39205110,聚甲基丙烯酸甲酯板、片及扁條,越南,出口總值(含復出口),1010,315393
2022-4,39205110,聚甲基丙烯酸甲酯板、片及扁條,新加坡,出口總值(含復出口),258,87993
2022-4,39205110,聚甲基丙烯酸甲酯板、片及扁條,葉門,出口總值(含復出口),80,23870
2022-4,39205110,聚甲基丙烯酸甲酯板、片及扁條,德國,出口總值(含復出口),11,1635
2022-4,39205110,聚甲基丙烯酸甲酯板、片及扁條,澳大利亞,出口總值(含復出口),24,3524
2022-4,39205110,聚甲基丙烯酸甲酯板、片及扁條,薩爾瓦多,出口總值(含復出口),86,19536
2022-4,39206210,聚對苯二甲酸乙二酯製板、片及扁條,中國大陸,進口總值(含復進口),632,147814
2022-4,39206210,聚對苯二甲酸乙二酯製板、片及扁條,中華民國,進口總值(含復進口),45,1619
2022-4,39206210,聚對苯二甲酸乙二酯製板、片及扁條,日本,進口總值(含復進口),368,41548
2022-4,39206210,聚對苯二甲酸乙二酯製板、片及扁條,南韓,進口總值(含復進口),650,202274
2022-4,39206210,聚對苯二甲酸乙二酯製板、片及扁條,美國,進口總值(含復進口),22,2690
2022-4,39206210,聚對苯二甲酸乙二酯製板、片及扁條,英國,進口總值(含復進口),1,18
2022-4,39206210,聚對苯二甲酸乙二酯製板、片及扁條,越南,進口總值(含復進口),53,37676
2022-4,39206210,聚對苯二甲酸乙二酯製板、片及扁條,德國,進口總值(含復進口),56,3110
2022-4,39206210,聚對苯二甲酸乙二酯製板、片及扁條,千里達及托巴哥,出口總值(含復出口),74,46727
2022-4,39206210,聚對苯二甲酸乙二酯製板、片及扁條,土耳其,出口總值(含復出口),37,4278
2022-4,39206210,聚對苯二甲酸乙二酯製板、片及扁條,中國大陸,出口總值(含復出口),12192,1203132
2022-4,39206210,聚對苯二甲酸乙二酯製板、片及扁條,日本,出口總值(含復出口),1760,1042561
2022-4,39206210,聚對苯二甲酸乙二酯製板、片及扁條,加拿大,出口總值(含復出口),144,89625
2022-4,39206210,聚對苯二甲酸乙二酯製板、片及扁條,伊朗,出口總值(含復出口),7,796
2022-4,39206210,聚對苯二甲酸乙二酯製板、片及扁條,印尼,出口總值(含復出口),37,9802
2022-4,39206210,聚對苯二甲酸乙二酯製板、片及扁條,印度,出口總值(含復出口),33,21586
2022-4,39206210,聚對苯二甲酸乙二酯製板、片及扁條,多明尼加,出口總值(含復出口),58,29400
2022-4,39206210,聚對苯二甲酸乙二酯製板、片及扁條,孟加拉,出口總值(含復出口),60,40200
2022-4,39206210,聚對苯二甲酸乙二酯製板、片及扁條,法國,出口總值(含復出口),3,150
2022-4,39206210,聚對苯二甲酸乙二酯製板、片及扁條,南韓,出口總值(含復出口),5,38
2022-4,39206210,聚對苯二甲酸乙二酯製板、片及扁條,美國,出口總值(含復出口),833,405198
2022-4,39206210,聚對苯二甲酸乙二酯製板、片及扁條,香港,出口總值(含復出口),381,26347
2022-4,39206210,聚對苯二甲酸乙二酯製板、片及扁條,泰國,出口總值(含復出口),47,19000
2022-4,39206210,聚對苯二甲酸乙二酯製板、片及扁條,馬來西亞,出口總值(含復出口),1136,504134
2022-4,39206210,聚對苯二甲酸乙二酯製板、片及扁條,菲律賓,出口總值(含復出口),303,165077
2022-4,39206210,聚對苯二甲酸乙二酯製板、片及扁條,越南,出口總值(含復出口),20,5000
2022-4,39206210,聚對苯二甲酸乙二酯製板、片及扁條,新加坡,出口總值(含復出口),46,914
2022-4,39206210,聚對苯二甲酸乙二酯製板、片及扁條,德國,出口總值(含復出口),7,128
2022-4,39206210,聚對苯二甲酸乙二酯製板、片及扁條,墨西哥,出口總值(含復出口),398,234424
2022-4,39206210,聚對苯二甲酸乙二酯製板、片及扁條,澳大利亞,出口總值(含復出口),1412,1020469
2022-4,39209991,其他塑膠板、片及扁條，非多孔性及未經以其他物質加強、積層、支持或與其他物質類似結合者,中國大陸,進口總值(含復進口),862,150564
2022-4,39209991,其他塑膠板、片及扁條，非多孔性及未經以其他物質加強、積層、支持或與其他物質類似結合者,日本,進口總值(含復進口),48,6301
2022-4,39209991,其他塑膠板、片及扁條，非多孔性及未經以其他物質加強、積層、支持或與其他物質類似結合者,加拿大,進口總值(含復進口),11,177
2022-4,39209991,其他塑膠板、片及扁條，非多孔性及未經以其他物質加強、積層、支持或與其他物質類似結合者,印尼,進口總值(含復進口),2,813
2022-4,39209991,其他塑膠板、片及扁條，非多孔性及未經以其他物質加強、積層、支持或與其他物質類似結合者,南韓,進口總值(含復進口),90,10012
2022-4,39209991,其他塑膠板、片及扁條，非多孔性及未經以其他物質加強、積層、支持或與其他物質類似結合者,美國,進口總值(含復進口),517,14358
2022-4,39209991,其他塑膠板、片及扁條，非多孔性及未經以其他物質加強、積層、支持或與其他物質類似結合者,英國,進口總值(含復進口),71,10
2022-4,39209991,其他塑膠板、片及扁條，非多孔性及未經以其他物質加強、積層、支持或與其他物質類似結合者,香港,進口總值(含復進口),82,5066
2022-4,39209991,其他塑膠板、片及扁條，非多孔性及未經以其他物質加強、積層、支持或與其他物質類似結合者,義大利,進口總值(含復進口),51,2070
2022-4,39209991,其他塑膠板、片及扁條，非多孔性及未經以其他物質加強、積層、支持或與其他物質類似結合者,德國,進口總值(含復進口),199,4276
2022-4,39209991,其他塑膠板、片及扁條，非多孔性及未經以其他物質加強、積層、支持或與其他物質類似結合者,土耳其,出口總值(含復出口),3,620
2022-4,39209991,其他塑膠板、片及扁條，非多孔性及未經以其他物質加強、積層、支持或與其他物質類似結合者,中國大陸,出口總值(含復出口),3416,259412
2022-4,39209991,其他塑膠板、片及扁條，非多孔性及未經以其他物質加強、積層、支持或與其他物質類似結合者,日本,出口總值(含復出口),111,1052
2022-4,39209991,其他塑膠板、片及扁條，非多孔性及未經以其他物質加強、積層、支持或與其他物質類似結合者,加拿大,出口總值(含復出口),27,9740
2022-4,39209991,其他塑膠板、片及扁條，非多孔性及未經以其他物質加強、積層、支持或與其他物質類似結合者,尼加拉瓜,出口總值(含復出口),0,2
2022-4,39209991,其他塑膠板、片及扁條，非多孔性及未經以其他物質加強、積層、支持或與其他物質類似結合者,印尼,出口總值(含復出口),69,3635
2022-4,39209991,其他塑膠板、片及扁條，非多孔性及未經以其他物質加強、積層、支持或與其他物質類似結合者,南韓,出口總值(含復出口),9,220
2022-4,39209991,其他塑膠板、片及扁條，非多孔性及未經以其他物質加強、積層、支持或與其他物質類似結合者,科威特,出口總值(含復出口),102,22846
2022-4,39209991,其他塑膠板、片及扁條，非多孔性及未經以其他物質加強、積層、支持或與其他物質類似結合者,約旦,出口總值(含復出口),6,2100
2022-4,39209991,其他塑膠板、片及扁條，非多孔性及未經以其他物質加強、積層、支持或與其他物質類似結合者,美國,出口總值(含復出口),317,19922
2022-4,39209991,其他塑膠板、片及扁條，非多孔性及未經以其他物質加強、積層、支持或與其他物質類似結合者,香港,出口總值(含復出口),16,480
2022-4,39209991,其他塑膠板、片及扁條，非多孔性及未經以其他物質加強、積層、支持或與其他物質類似結合者,泰國,出口總值(含復出口),3,8
2022-4,39209991,其他塑膠板、片及扁條，非多孔性及未經以其他物質加強、積層、支持或與其他物質類似結合者,馬來西亞,出口總值(含復出口),56,14473
2022-4,39209991,其他塑膠板、片及扁條，非多孔性及未經以其他物質加強、積層、支持或與其他物質類似結合者,荷蘭,出口總值(含復出口),29,428
2022-4,39209991,其他塑膠板、片及扁條，非多孔性及未經以其他物質加強、積層、支持或與其他物質類似結合者,菲律賓,出口總值(含復出口),54,11742
2022-4,39209991,其他塑膠板、片及扁條，非多孔性及未經以其他物質加強、積層、支持或與其他物質類似結合者,越南,出口總值(含復出口),333,41796
2022-4,39209991,其他塑膠板、片及扁條，非多孔性及未經以其他物質加強、積層、支持或與其他物質類似結合者,義大利,出口總值(含復出口),1,16
2022-4,39209991,其他塑膠板、片及扁條，非多孔性及未經以其他物質加強、積層、支持或與其他物質類似結合者,澳大利亞,出口總值(含復出口),37,15156
2022-5,39199020,供製造半導體晶圓用之自黏性圓形研磨墊，屬塑膠製品者,中國大陸,進口總值(含復進口),0,2
2022-5,39199020,供製造半導體晶圓用之自黏性圓形研磨墊，屬塑膠製品者,日本,進口總值(含復進口),1658,3720
2022-5,39199020,供製造半導體晶圓用之自黏性圓形研磨墊，屬塑膠製品者,南韓,進口總值(含復進口),15,41
2022-5,39199020,供製造半導體晶圓用之自黏性圓形研磨墊，屬塑膠製品者,美國,進口總值(含復進口),2354,7744
2022-5,39199020,供製造半導體晶圓用之自黏性圓形研磨墊，屬塑膠製品者,德國,進口總值(含復進口),1,0
2022-5,39199020,供製造半導體晶圓用之自黏性圓形研磨墊，屬塑膠製品者,中國大陸,出口總值(含復出口),8689,28504
2022-5,39199020,供製造半導體晶圓用之自黏性圓形研磨墊，屬塑膠製品者,日本,出口總值(含復出口),563,2319
2022-5,39199020,供製造半導體晶圓用之自黏性圓形研磨墊，屬塑膠製品者,南韓,出口總值(含復出口),2933,25198
2022-5,39199020,供製造半導體晶圓用之自黏性圓形研磨墊，屬塑膠製品者,美國,出口總值(含復出口),59,133
2022-5,39199020,供製造半導體晶圓用之自黏性圓形研磨墊，屬塑膠製品者,馬來西亞,出口總值(含復出口),62,283
2022-5,39199020,供製造半導體晶圓用之自黏性圓形研磨墊，屬塑膠製品者,新加坡,出口總值(含復出口),680,4516
2022-5,39201010,聚乙烯塑膠板、片及扁條,中國大陸,進口總值(含復進口),1069,290457
2022-5,39201010,聚乙烯塑膠板、片及扁條,中華民國,進口總值(含復進口),0,1165
2022-5,39201010,聚乙烯塑膠板、片及扁條,日本,進口總值(含復進口),373,22021
2022-5,39201010,聚乙烯塑膠板、片及扁條,比利時,進口總值(含復進口),89,9579
2022-5,39201010,聚乙烯塑膠板、片及扁條,以色列,進口總值(含復進口),5,360
2022-5,39201010,聚乙烯塑膠板、片及扁條,南韓,進口總值(含復進口),24,865
2022-5,39201010,聚乙烯塑膠板、片及扁條,美國,進口總值(含復進口),32,2495
2022-5,39201010,聚乙烯塑膠板、片及扁條,泰國,進口總值(含復進口),20,4540
2022-5,39201010,聚乙烯塑膠板、片及扁條,馬來西亞,進口總值(含復進口),16,6391
2022-5,39201010,聚乙烯塑膠板、片及扁條,捷克,進口總值(含復進口),76,3644
2022-5,39201010,聚乙烯塑膠板、片及扁條,荷蘭,進口總值(含復進口),8,303
2022-5,39201010,聚乙烯塑膠板、片及扁條,新加坡,進口總值(含復進口),3,509
2022-5,39201010,聚乙烯塑膠板、片及扁條,德國,進口總值(含復進口),40,6403
2022-5,39201010,聚乙烯塑膠板、片及扁條,中國大陸,出口總值(含復出口),339,75331
2022-5,39201010,聚乙烯塑膠板、片及扁條,巴布亞紐幾內亞,出口總值(含復出口),2,750
2022-5,39201010,聚乙烯塑膠板、片及扁條,巴基斯坦,出口總值(含復出口),47,9902
2022-5,39201010,聚乙烯塑膠板、片及扁條,日本,出口總值(含復出口),293,55866
2022-5,39201010,聚乙烯塑膠板、片及扁條,以色列,出口總值(含復出口),0,15
2022-5,39201010,聚乙烯塑膠板、片及扁條,加拿大,出口總值(含復出口),26,7866
2022-5,39201010,聚乙烯塑膠板、片及扁條,孟加拉,出口總值(含復出口),6,1992
2022-5,39201010,聚乙烯塑膠板、片及扁條,美國,出口總值(含復出口),342,96094
2022-5,39201010,聚乙烯塑膠板、片及扁條,香港,出口總值(含復出口),1,89
2022-5,39201010,聚乙烯塑膠板、片及扁條,埃及,出口總值(含復出口),15,5570
2022-5,39201010,聚乙烯塑膠板、片及扁條,泰國,出口總值(含復出口),216,30656
2022-5,39201010,聚乙烯塑膠板、片及扁條,馬來西亞,出口總值(含復出口),96,28786
2022-5,39201010,聚乙烯塑膠板、片及扁條,菲律賓,出口總值(含復出口),116,50961
2022-5,39201010,聚乙烯塑膠板、片及扁條,越南,出口總值(含復出口),59,8030
2022-5,39201010,聚乙烯塑膠板、片及扁條,新加坡,出口總值(含復出口),24,11071
2022-5,39201010,聚乙烯塑膠板、片及扁條,義大利,出口總值(含復出口),0,0
2022-5,39201010,聚乙烯塑膠板、片及扁條,澳大利亞,出口總值(含復出口),71,22647
2022-5,39202021,電容器用金屬化聚丙烯薄膜，留有未鍍邊，總寬度不超過１００公厘，總厚度在０．０１５公厘以上，０．０２５公厘以下者,中國大陸,進口總值(含復進口),35,1367
2022-5,39202021,電容器用金屬化聚丙烯薄膜，留有未鍍邊，總寬度不超過１００公厘，總厚度在０．０１５公厘以上，０．０２５公厘以下者,南韓,進口總值(含復進口),35,2327
2022-5,39202021,電容器用金屬化聚丙烯薄膜，留有未鍍邊，總寬度不超過１００公厘，總厚度在０．０１５公厘以上，０．０２５公厘以下者,印度,出口總值(含復出口),1,55
2022-5,39205110,聚甲基丙烯酸甲酯板、片及扁條,中國大陸,進口總值(含復進口),245,19397
2022-5,39205110,聚甲基丙烯酸甲酯板、片及扁條,中華民國,進口總值(含復進口),34,4066
2022-5,39205110,聚甲基丙烯酸甲酯板、片及扁條,日本,進口總值(含復進口),67,3046
2022-5,39205110,聚甲基丙烯酸甲酯板、片及扁條,南韓,進口總值(含復進口),2430,924636
2022-5,39205110,聚甲基丙烯酸甲酯板、片及扁條,美國,進口總值(含復進口),579,94929
2022-5,39205110,聚甲基丙烯酸甲酯板、片及扁條,中國大陸,出口總值(含復出口),3785,1336154
2022-5,39205110,聚甲基丙烯酸甲酯板、片及扁條,巴西,出口總值(含復出口),78,22384
2022-5,39205110,聚甲基丙烯酸甲酯板、片及扁條,巴林,出口總值(含復出口),56,17028
2022-5,39205110,聚甲基丙烯酸甲酯板、片及扁條,日本,出口總值(含復出口),404,113973
2022-5,39205110,聚甲基丙烯酸甲酯板、片及扁條,以色列,出口總值(含復出口),35,8760
2022-5,39205110,聚甲基丙烯酸甲酯板、片及扁條,卡達,出口總值(含復出口),152,49254
2022-5,39205110,聚甲基丙烯酸甲酯板、片及扁條,尼加拉瓜,出口總值(含復出口),49,17535
2022-5,39205110,聚甲基丙烯酸甲酯板、片及扁條,伊拉克,出口總值(含復出口),82,24478
2022-5,39205110,聚甲基丙烯酸甲酯板、片及扁條,印度,出口總值(含復出口),109,76487
2022-5,39205110,聚甲基丙烯酸甲酯板、片及扁條,希臘,出口總值(含復出口),8,96
2022-5,39205110,聚甲基丙烯酸甲酯板、片及扁條,沙烏地阿拉伯,出口總值(含復出口),420,130816
2022-5,39205110,聚甲基丙烯酸甲酯板、片及扁條,其他國家,出口總值(含復出口),0,4
2022-5,39205110,聚甲基丙烯酸甲酯板、片及扁條,波多黎各,出口總值(含復出口),70,21565
2022-5,39205110,聚甲基丙烯酸甲酯板、片及扁條,阿拉伯聯合大公國,出口總值(含復出口),639,191043
2022-5,39205110,聚甲基丙烯酸甲酯板、片及扁條,阿根廷,出口總值(含復出口),72,24858
2022-5,39205110,聚甲基丙烯酸甲酯板、片及扁條,阿曼,出口總值(含復出口),55,16547
2022-5,39205110,聚甲基丙烯酸甲酯板、片及扁條,南韓,出口總值(含復出口),133,36059
2022-5,39205110,聚甲基丙烯酸甲酯板、片及扁條,科威特,出口總值(含復出口),56,17210
2022-5,39205110,聚甲基丙烯酸甲酯板、片及扁條,約旦,出口總值(含復出口),34,8938
2022-5,39205110,聚甲基丙烯酸甲酯板、片及扁條,美國,出口總值(含復出口),2062,605492
2022-5,39205110,聚甲基丙烯酸甲酯板、片及扁條,香港,出口總值(含復出口),51,17766
2022-5,39205110,聚甲基丙烯酸甲酯板、片及扁條,泰國,出口總值(含復出口),8,202
2022-5,39205110,聚甲基丙烯酸甲酯板、片及扁條,馬來西亞,出口總值(含復出口),61,15680
2022-5,39205110,聚甲基丙烯酸甲酯板、片及扁條,斐濟,出口總值(含復出口),30,8612
2022-5,39205110,聚甲基丙烯酸甲酯板、片及扁條,菲律賓,出口總值(含復出口),48,18074
2022-5,39205110,聚甲基丙烯酸甲酯板、片及扁條,越南,出口總值(含復出口),520,107018
2022-5,39205110,聚甲基丙烯酸甲酯板、片及扁條,新加坡,出口總值(含復出口),72,25846
2022-5,39205110,聚甲基丙烯酸甲酯板、片及扁條,黎巴嫩,出口總值(含復出口),110,37550
2022-5,39205110,聚甲基丙烯酸甲酯板、片及扁條,墨西哥,出口總值(含復出口),50,20083
2022-5,39205110,聚甲基丙烯酸甲酯板、片及扁條,澳大利亞,出口總值(含復出口),104,25582
2022-5,39206210,聚對苯二甲酸乙二酯製板、片及扁條,中國大陸,進口總值(含復進口),2094,395848
2022-5,39206210,聚對苯二甲酸乙二酯製板、片及扁條,日本,進口總值(含復進口),167,34837
2022-5,39206210,聚對苯二甲酸乙二酯製板、片及扁條,南韓,進口總值(含復進口),431,130063
2022-5,39206210,聚對苯二甲酸乙二酯製板、片及扁條,美國,進口總值(含復進口),49,5654
2022-5,39206210,聚對苯二甲酸乙二酯製板、片及扁條,英國,進口總值(含復進口),5,61
2022-5,39206210,聚對苯二甲酸乙二酯製板、片及扁條,越南,進口總值(含復進口),104,72379
2022-5,39206210,聚對苯二甲酸乙二酯製板、片及扁條,德國,進口總值(含復進口),2,176
2022-5,39206210,聚對苯二甲酸乙二酯製板、片及扁條,千里達及托巴哥,出口總值(含復出口),73,46658
2022-5,39206210,聚對苯二甲酸乙二酯製板、片及扁條,土耳其,出口總值(含復出口),21,3067
2022-5,39206210,聚對苯二甲酸乙二酯製板、片及扁條,中國大陸,出口總值(含復出口),9755,1057575
2022-5,39206210,聚對苯二甲酸乙二酯製板、片及扁條,日本,出口總值(含復出口),1546,909177
2022-5,39206210,聚對苯二甲酸乙二酯製板、片及扁條,加拿大,出口總值(含復出口),334,200979
2022-5,39206210,聚對苯二甲酸乙二酯製板、片及扁條,印尼,出口總值(含復出口),82,39645
2022-5,39206210,聚對苯二甲酸乙二酯製板、片及扁條,印度,出口總值(含復出口),63,39694
2022-5,39206210,聚對苯二甲酸乙二酯製板、片及扁條,南韓,出口總值(含復出口),156,55757
2022-5,39206210,聚對苯二甲酸乙二酯製板、片及扁條,美國,出口總值(含復出口),1741,794692
2022-5,39206210,聚對苯二甲酸乙二酯製板、片及扁條,香港,出口總值(含復出口),187,14032
2022-5,39206210,聚對苯二甲酸乙二酯製板、片及扁條,泰國,出口總值(含復出口),24,10000
2022-5,39206210,聚對苯二甲酸乙二酯製板、片及扁條,馬來西亞,出口總值(含復出口),642,273980
2022-5,39206210,聚對苯二甲酸乙二酯製板、片及扁條,捷克,出口總值(含復出口),2,145
2022-5,39206210,聚對苯二甲酸乙二酯製板、片及扁條,荷蘭,出口總值(含復出口),43,15488
2022-5,39206210,聚對苯二甲酸乙二酯製板、片及扁條,斯里蘭卡,出口總值(含復出口),52,32700
2022-5,39206210,聚對苯二甲酸乙二酯製板、片及扁條,菲律賓,出口總值(含復出口),73,32609
2022-5,39206210,聚對苯二甲酸乙二酯製板、片及扁條,越南,出口總值(含復出口),12,2540
2022-5,39206210,聚對苯二甲酸乙二酯製板、片及扁條,新加坡,出口總值(含復出口),24,591
2022-5,39206210,聚對苯二甲酸乙二酯製板、片及扁條,墨西哥,出口總值(含復出口),1071,664965
2022-5,39206210,聚對苯二甲酸乙二酯製板、片及扁條,澳大利亞,出口總值(含復出口),982,604239
2022-5,39209991,其他塑膠板、片及扁條，非多孔性及未經以其他物質加強、積層、支持或與其他物質類似結合者,中國大陸,進口總值(含復進口),1126,213098
2022-5,39209991,其他塑膠板、片及扁條，非多孔性及未經以其他物質加強、積層、支持或與其他物質類似結合者,中華民國,進口總值(含復進口),12,108
2022-5,39209991,其他塑膠板、片及扁條，非多孔性及未經以其他物質加強、積層、支持或與其他物質類似結合者,日本,進口總值(含復進口),54,192
2022-5,39209991,其他塑膠板、片及扁條，非多孔性及未經以其他物質加強、積層、支持或與其他物質類似結合者,加拿大,進口總值(含復進口),1,18
2022-5,39209991,其他塑膠板、片及扁條，非多孔性及未經以其他物質加強、積層、支持或與其他物質類似結合者,波蘭,進口總值(含復進口),3,50
2022-5,39209991,其他塑膠板、片及扁條，非多孔性及未經以其他物質加強、積層、支持或與其他物質類似結合者,南韓,進口總值(含復進口),190,8771
2022-5,39209991,其他塑膠板、片及扁條，非多孔性及未經以其他物質加強、積層、支持或與其他物質類似結合者,美國,進口總值(含復進口),605,4336
2022-5,39209991,其他塑膠板、片及扁條，非多孔性及未經以其他物質加強、積層、支持或與其他物質類似結合者,英國,進口總值(含復進口),71,10
2022-5,39209991,其他塑膠板、片及扁條，非多孔性及未經以其他物質加強、積層、支持或與其他物質類似結合者,香港,進口總值(含復進口),6,224
2022-5,39209991,其他塑膠板、片及扁條，非多孔性及未經以其他物質加強、積層、支持或與其他物質類似結合者,馬來西亞,進口總值(含復進口),78,18557
2022-5,39209991,其他塑膠板、片及扁條，非多孔性及未經以其他物質加強、積層、支持或與其他物質類似結合者,荷蘭,進口總值(含復進口),3,428
2022-5,39209991,其他塑膠板、片及扁條，非多孔性及未經以其他物質加強、積層、支持或與其他物質類似結合者,新加坡,進口總值(含復進口),2,354
2022-5,39209991,其他塑膠板、片及扁條，非多孔性及未經以其他物質加強、積層、支持或與其他物質類似結合者,義大利,進口總值(含復進口),20,1001
2022-5,39209991,其他塑膠板、片及扁條，非多孔性及未經以其他物質加強、積層、支持或與其他物質類似結合者,德國,進口總值(含復進口),46,1744
2022-5,39209991,其他塑膠板、片及扁條，非多孔性及未經以其他物質加強、積層、支持或與其他物質類似結合者,中國大陸,出口總值(含復出口),2090,140546
2022-5,39209991,其他塑膠板、片及扁條，非多孔性及未經以其他物質加強、積層、支持或與其他物質類似結合者,日本,出口總值(含復出口),180,2690
2022-5,39209991,其他塑膠板、片及扁條，非多孔性及未經以其他物質加強、積層、支持或與其他物質類似結合者,印尼,出口總值(含復出口),34,1678
2022-5,39209991,其他塑膠板、片及扁條，非多孔性及未經以其他物質加強、積層、支持或與其他物質類似結合者,多明尼加,出口總值(含復出口),10,3329
2022-5,39209991,其他塑膠板、片及扁條，非多孔性及未經以其他物質加強、積層、支持或與其他物質類似結合者,東加,出口總值(含復出口),3,1940
2022-5,39209991,其他塑膠板、片及扁條，非多孔性及未經以其他物質加強、積層、支持或與其他物質類似結合者,法國,出口總值(含復出口),2,433
2022-5,39209991,其他塑膠板、片及扁條，非多孔性及未經以其他物質加強、積層、支持或與其他物質類似結合者,南韓,出口總值(含復出口),19,440
2022-5,39209991,其他塑膠板、片及扁條，非多孔性及未經以其他物質加強、積層、支持或與其他物質類似結合者,美國,出口總值(含復出口),163,10496
2022-5,39209991,其他塑膠板、片及扁條，非多孔性及未經以其他物質加強、積層、支持或與其他物質類似結合者,香港,出口總值(含復出口),13,3574
2022-5,39209991,其他塑膠板、片及扁條，非多孔性及未經以其他物質加強、積層、支持或與其他物質類似結合者,泰國,出口總值(含復出口),20,2823
2022-5,39209991,其他塑膠板、片及扁條，非多孔性及未經以其他物質加強、積層、支持或與其他物質類似結合者,馬來西亞,出口總值(含復出口),63,18986
2022-5,39209991,其他塑膠板、片及扁條，非多孔性及未經以其他物質加強、積層、支持或與其他物質類似結合者,越南,出口總值(含復出口),202,19228
2022-5,39209991,其他塑膠板、片及扁條，非多孔性及未經以其他物質加強、積層、支持或與其他物質類似結合者,塞爾維亞,出口總值(含復出口),9,81
2022-5,39209991,其他塑膠板、片及扁條，非多孔性及未經以其他物質加強、積層、支持或與其他物質類似結合者,德國,出口總值(含復出口),9,1169
2022-5,39209991,其他塑膠板、片及扁條，非多孔性及未經以其他物質加強、積層、支持或與其他物質類似結合者,緬甸,出口總值(含復出口),8,1350
2022-5,39209991,其他塑膠板、片及扁條，非多孔性及未經以其他物質加強、積層、支持或與其他物質類似結合者,澳大利亞,出口總值(含復出口),21,6250
2022-6,39199020,供製造半導體晶圓用之自黏性圓形研磨墊，屬塑膠製品者,中國大陸,進口總值(含復進口),16,16
2022-6,39199020,供製造半導體晶圓用之自黏性圓形研磨墊，屬塑膠製品者,日本,進口總值(含復進口),1866,4015
2022-6,39199020,供製造半導體晶圓用之自黏性圓形研磨墊，屬塑膠製品者,南韓,進口總值(含復進口),5,2
2022-6,39199020,供製造半導體晶圓用之自黏性圓形研磨墊，屬塑膠製品者,美國,進口總值(含復進口),1662,5357
2022-6,39199020,供製造半導體晶圓用之自黏性圓形研磨墊，屬塑膠製品者,德國,進口總值(含復進口),0,0
2022-6,39199020,供製造半導體晶圓用之自黏性圓形研磨墊，屬塑膠製品者,中國大陸,出口總值(含復出口),8406,28489
2022-6,39199020,供製造半導體晶圓用之自黏性圓形研磨墊，屬塑膠製品者,日本,出口總值(含復出口),594,2707
2022-6,39199020,供製造半導體晶圓用之自黏性圓形研磨墊，屬塑膠製品者,南韓,出口總值(含復出口),3014,25725
2022-6,39199020,供製造半導體晶圓用之自黏性圓形研磨墊，屬塑膠製品者,美國,出口總值(含復出口),172,397
2022-6,39199020,供製造半導體晶圓用之自黏性圓形研磨墊，屬塑膠製品者,馬來西亞,出口總值(含復出口),34,170
2022-6,39199020,供製造半導體晶圓用之自黏性圓形研磨墊，屬塑膠製品者,新加坡,出口總值(含復出口),873,5755
2022-6,39199020,供製造半導體晶圓用之自黏性圓形研磨墊，屬塑膠製品者,德國,出口總值(含復出口),0,1
2022-6,39201010,聚乙烯塑膠板、片及扁條,中國大陸,進口總值(含復進口),727,201240
2022-6,39201010,聚乙烯塑膠板、片及扁條,日本,進口總值(含復進口),573,57722
2022-6,39201010,聚乙烯塑膠板、片及扁條,比利時,進口總值(含復進口),136,14974
2022-6,39201010,聚乙烯塑膠板、片及扁條,以色列,進口總值(含復進口),9,874
2022-6,39201010,聚乙烯塑膠板、片及扁條,西班牙,進口總值(含復進口),17,12517
2022-6,39201010,聚乙烯塑膠板、片及扁條,法國,進口總值(含復進口),48,14160
2022-6,39201010,聚乙烯塑膠板、片及扁條,南韓,進口總值(含復進口),18,4435
2022-6,39201010,聚乙烯塑膠板、片及扁條,美國,進口總值(含復進口),0,1
2022-6,39201010,聚乙烯塑膠板、片及扁條,泰國,進口總值(含復進口),25,4492
2022-6,39201010,聚乙烯塑膠板、片及扁條,馬來西亞,進口總值(含復進口),0,2
2022-6,39201010,聚乙烯塑膠板、片及扁條,新加坡,進口總值(含復進口),3,143
2022-6,39201010,聚乙烯塑膠板、片及扁條,義大利,進口總值(含復進口),18,1739
2022-6,39201010,聚乙烯塑膠板、片及扁條,德國,進口總值(含復進口),161,39411
2022-6,39201010,聚乙烯塑膠板、片及扁條,中國大陸,出口總值(含復出口),118,25569
2022-6,39201010,聚乙烯塑膠板、片及扁條,巴貝多,出口總值(含復出口),13,3008
2022-6,39201010,聚乙烯塑膠板、片及扁條,巴拿馬,出口總值(含復出口),7,2573
2022-6,39201010,聚乙烯塑膠板、片及扁條,日本,出口總值(含復出口),411,101947
2022-6,39201010,聚乙烯塑膠板、片及扁條,加拿大,出口總值(含復出口),82,25088
2022-6,39201010,聚乙烯塑膠板、片及扁條,印尼,出口總值(含復出口),0,20
2022-6,39201010,聚乙烯塑膠板、片及扁條,西班牙,出口總值(含復出口),2,98
2022-6,39201010,聚乙烯塑膠板、片及扁條,波蘭,出口總值(含復出口),3,15
2022-6,39201010,聚乙烯塑膠板、片及扁條,美國,出口總值(含復出口),635,162190
2022-6,39201010,聚乙烯塑膠板、片及扁條,香港,出口總值(含復出口),20,17162
2022-6,39201010,聚乙烯塑膠板、片及扁條,泰國,出口總值(含復出口),180,56795
2022-6,39201010,聚乙烯塑膠板、片及扁條,馬來西亞,出口總值(含復出口),88,29845
2022-6,39201010,聚乙烯塑膠板、片及扁條,斐濟,出口總值(含復出口),1,386
2022-6,39201010,聚乙烯塑膠板、片及扁條,智利,出口總值(含復出口),4,3600
2022-6,39201010,聚乙烯塑膠板、片及扁條,菲律賓,出口總值(含復出口),45,10386
2022-6,39201010,聚乙烯塑膠板、片及扁條,越南,出口總值(含復出口),37,4971
2022-6,39201010,聚乙烯塑膠板、片及扁條,新加坡,出口總值(含復出口),1,0
2022-6,39201010,聚乙烯塑膠板、片及扁條,墨西哥,出口總值(含復出口),30,2596
2022-6,39202021,電容器用金屬化聚丙烯薄膜，留有未鍍邊，總寬度不超過１００公厘，總厚度在０．０１５公厘以上，０．０２５公厘以下者,中國大陸,進口總值(含復進口),86,5340
2022-6,39202021,電容器用金屬化聚丙烯薄膜，留有未鍍邊，總寬度不超過１００公厘，總厚度在０．０１５公厘以上，０．０２５公厘以下者,南韓,進口總值(含復進口),7,413
2022-6,39205110,聚甲基丙烯酸甲酯板、片及扁條,中國大陸,進口總值(含復進口),142,24055
2022-6,39205110,聚甲基丙烯酸甲酯板、片及扁條,日本,進口總值(含復進口),88,1446
2022-6,39205110,聚甲基丙烯酸甲酯板、片及扁條,法國,進口總值(含復進口),0,1
2022-6,39205110,聚甲基丙烯酸甲酯板、片及扁條,南韓,進口總值(含復進口),1535,564449
2022-6,39205110,聚甲基丙烯酸甲酯板、片及扁條,美國,進口總值(含復進口),0,6
2022-6,39205110,聚甲基丙烯酸甲酯板、片及扁條,中國大陸,出口總值(含復出口),1926,590609
2022-6,39205110,聚甲基丙烯酸甲酯板、片及扁條,巴林,出口總值(含復出口),59,16940
2022-6,39205110,聚甲基丙烯酸甲酯板、片及扁條,日本,出口總值(含復出口),493,106424
2022-6,39205110,聚甲基丙烯酸甲酯板、片及扁條,加拿大,出口總值(含復出口),18,3096
2022-6,39205110,聚甲基丙烯酸甲酯板、片及扁條,伊朗,出口總值(含復出口),129,39258
2022-6,39205110,聚甲基丙烯酸甲酯板、片及扁條,印度,出口總值(含復出口),139,72992
2022-6,39205110,聚甲基丙烯酸甲酯板、片及扁條,多明尼加,出口總值(含復出口),17,5561
2022-6,39205110,聚甲基丙烯酸甲酯板、片及扁條,宏都拉斯,出口總值(含復出口),2,536
2022-6,39205110,聚甲基丙烯酸甲酯板、片及扁條,沙烏地阿拉伯,出口總值(含復出口),271,79904
2022-6,39205110,聚甲基丙烯酸甲酯板、片及扁條,其他國家,出口總值(含復出口),0,48
2022-6,39205110,聚甲基丙烯酸甲酯板、片及扁條,阿拉伯聯合大公國,出口總值(含復出口),1307,418111
2022-6,39205110,聚甲基丙烯酸甲酯板、片及扁條,南韓,出口總值(含復出口),150,50418
2022-6,39205110,聚甲基丙烯酸甲酯板、片及扁條,科威特,出口總值(含復出口),99,31661
2022-6,39205110,聚甲基丙烯酸甲酯板、片及扁條,美國,出口總值(含復出口),2596,758312
2022-6,39205110,聚甲基丙烯酸甲酯板、片及扁條,香港,出口總值(含復出口),54,17727
2022-6,39205110,聚甲基丙烯酸甲酯板、片及扁條,紐西蘭,出口總值(含復出口),22,4252
2022-6,39205110,聚甲基丙烯酸甲酯板、片及扁條,馬來西亞,出口總值(含復出口),32,9560
2022-6,39205110,聚甲基丙烯酸甲酯板、片及扁條,越南,出口總值(含復出口),981,290162
2022-6,39205110,聚甲基丙烯酸甲酯板、片及扁條,新加坡,出口總值(含復出口),157,50681
2022-6,39205110,聚甲基丙烯酸甲酯板、片及扁條,德國,出口總值(含復出口),12,1565
2022-6,39205110,聚甲基丙烯酸甲酯板、片及扁條,黎巴嫩,出口總值(含復出口),56,19250
2022-6,39205110,聚甲基丙烯酸甲酯板、片及扁條,澳大利亞,出口總值(含復出口),90,23797
2022-6,39205110,聚甲基丙烯酸甲酯板、片及扁條,薩爾瓦多,出口總值(含復出口),140,38779
2022-6,39206210,聚對苯二甲酸乙二酯製板、片及扁條,中國大陸,進口總值(含復進口),2544,555415
2022-6,39206210,聚對苯二甲酸乙二酯製板、片及扁條,日本,進口總值(含復進口),331,71674
2022-6,39206210,聚對苯二甲酸乙二酯製板、片及扁條,西班牙,進口總值(含復進口),45,15718
2022-6,39206210,聚對苯二甲酸乙二酯製板、片及扁條,南韓,進口總值(含復進口),567,148829
2022-6,39206210,聚對苯二甲酸乙二酯製板、片及扁條,美國,進口總值(含復進口),18,2635
2022-6,39206210,聚對苯二甲酸乙二酯製板、片及扁條,香港,進口總值(含復進口),5,2300
2022-6,39206210,聚對苯二甲酸乙二酯製板、片及扁條,泰國,進口總值(含復進口),33,21008
2022-6,39206210,聚對苯二甲酸乙二酯製板、片及扁條,德國,進口總值(含復進口),23,2555
2022-6,39206210,聚對苯二甲酸乙二酯製板、片及扁條,千里達及托巴哥,出口總值(含復出口),38,23560
2022-6,39206210,聚對苯二甲酸乙二酯製板、片及扁條,土耳其,出口總值(含復出口),13,2467
2022-6,39206210,聚對苯二甲酸乙二酯製板、片及扁條,中國大陸,出口總值(含復出口),9770,1265222
2022-6,39206210,聚對苯二甲酸乙二酯製板、片及扁條,日本,出口總值(含復出口),1191,701092
2022-6,39206210,聚對苯二甲酸乙二酯製板、片及扁條,加拿大,出口總值(含復出口),266,156447
2022-6,39206210,聚對苯二甲酸乙二酯製板、片及扁條,伊朗,出口總值(含復出口),3,314
2022-6,39206210,聚對苯二甲酸乙二酯製板、片及扁條,印度,出口總值(含復出口),30,18000
2022-6,39206210,聚對苯二甲酸乙二酯製板、片及扁條,南韓,出口總值(含復出口),441,165126
2022-6,39206210,聚對苯二甲酸乙二酯製板、片及扁條,美國,出口總值(含復出口),1407,584102
2022-6,39206210,聚對苯二甲酸乙二酯製板、片及扁條,英國,出口總值(含復出口),18,2102
2022-6,39206210,聚對苯二甲酸乙二酯製板、片及扁條,香港,出口總值(含復出口),166,9710
2022-6,39206210,聚對苯二甲酸乙二酯製板、片及扁條,哥斯大黎加,出口總值(含復出口),21,9700
2022-6,39206210,聚對苯二甲酸乙二酯製板、片及扁條,泰國,出口總值(含復出口),55,34208
2022-6,39206210,聚對苯二甲酸乙二酯製板、片及扁條,紐西蘭,出口總值(含復出口),44,30800
2022-6,39206210,聚對苯二甲酸乙二酯製板、片及扁條,馬來西亞,出口總值(含復出口),741,309602
2022-6,39206210,聚對苯二甲酸乙二酯製板、片及扁條,斯里蘭卡,出口總值(含復出口),64,39140
2022-6,39206210,聚對苯二甲酸乙二酯製板、片及扁條,菲律賓,出口總值(含復出口),119,31752
2022-6,39206210,聚對苯二甲酸乙二酯製板、片及扁條,越南,出口總值(含復出口),59,25220
2022-6,39206210,聚對苯二甲酸乙二酯製板、片及扁條,新加坡,出口總值(含復出口),91,22076
2022-6,39206210,聚對苯二甲酸乙二酯製板、片及扁條,墨西哥,出口總值(含復出口),2037,1302677
2022-6,39206210,聚對苯二甲酸乙二酯製板、片及扁條,澳大利亞,出口總值(含復出口),326,202743
2022-6,39209991,其他塑膠板、片及扁條，非多孔性及未經以其他物質加強、積層、支持或與其他物質類似結合者,中國大陸,進口總值(含復進口),1105,137429
2022-6,39209991,其他塑膠板、片及扁條，非多孔性及未經以其他物質加強、積層、支持或與其他物質類似結合者,丹麥,進口總值(含復進口),1,11
2022-6,39209991,其他塑膠板、片及扁條，非多孔性及未經以其他物質加強、積層、支持或與其他物質類似結合者,日本,進口總值(含復進口),182,7593
2022-6,39209991,其他塑膠板、片及扁條，非多孔性及未經以其他物質加強、積層、支持或與其他物質類似結合者,加拿大,進口總值(含復進口),8,115
2022-6,39209991,其他塑膠板、片及扁條，非多孔性及未經以其他物質加強、積層、支持或與其他物質類似結合者,南韓,進口總值(含復進口),132,9449
2022-6,39209991,其他塑膠板、片及扁條，非多孔性及未經以其他物質加強、積層、支持或與其他物質類似結合者,美國,進口總值(含復進口),485,9717
2022-6,39209991,其他塑膠板、片及扁條，非多孔性及未經以其他物質加強、積層、支持或與其他物質類似結合者,英國,進口總值(含復進口),42,6
2022-6,39209991,其他塑膠板、片及扁條，非多孔性及未經以其他物質加強、積層、支持或與其他物質類似結合者,香港,進口總值(含復進口),85,3864
2022-6,39209991,其他塑膠板、片及扁條，非多孔性及未經以其他物質加強、積層、支持或與其他物質類似結合者,馬來西亞,進口總值(含復進口),12,2112
2022-6,39209991,其他塑膠板、片及扁條，非多孔性及未經以其他物質加強、積層、支持或與其他物質類似結合者,義大利,進口總值(含復進口),42,9638
2022-6,39209991,其他塑膠板、片及扁條，非多孔性及未經以其他物質加強、積層、支持或與其他物質類似結合者,德國,進口總值(含復進口),301,8196
2022-6,39209991,其他塑膠板、片及扁條，非多孔性及未經以其他物質加強、積層、支持或與其他物質類似結合者,中國大陸,出口總值(含復出口),3186,209524
2022-6,39209991,其他塑膠板、片及扁條，非多孔性及未經以其他物質加強、積層、支持或與其他物質類似結合者,日本,出口總值(含復出口),132,4739
2022-6,39209991,其他塑膠板、片及扁條，非多孔性及未經以其他物質加強、積層、支持或與其他物質類似結合者,加拿大,出口總值(含復出口),52,28667
2022-6,39209991,其他塑膠板、片及扁條，非多孔性及未經以其他物質加強、積層、支持或與其他物質類似結合者,印尼,出口總值(含復出口),20,3403
2022-6,39209991,其他塑膠板、片及扁條，非多孔性及未經以其他物質加強、積層、支持或與其他物質類似結合者,孟加拉,出口總值(含復出口),3,67
2022-6,39209991,其他塑膠板、片及扁條，非多孔性及未經以其他物質加強、積層、支持或與其他物質類似結合者,俄羅斯,出口總值(含復出口),0,9
2022-6,39209991,其他塑膠板、片及扁條，非多孔性及未經以其他物質加強、積層、支持或與其他物質類似結合者,柬埔寨,出口總值(含復出口),2,23
2022-6,39209991,其他塑膠板、片及扁條，非多孔性及未經以其他物質加強、積層、支持或與其他物質類似結合者,美國,出口總值(含復出口),165,4444
2022-6,39209991,其他塑膠板、片及扁條，非多孔性及未經以其他物質加強、積層、支持或與其他物質類似結合者,泰國,出口總值(含復出口),20,2580
2022-6,39209991,其他塑膠板、片及扁條，非多孔性及未經以其他物質加強、積層、支持或與其他物質類似結合者,烏茲別克,出口總值(含復出口),0,36
2022-6,39209991,其他塑膠板、片及扁條，非多孔性及未經以其他物質加強、積層、支持或與其他物質類似結合者,紐西蘭,出口總值(含復出口),22,4968
2022-6,39209991,其他塑膠板、片及扁條，非多孔性及未經以其他物質加強、積層、支持或與其他物質類似結合者,馬來西亞,出口總值(含復出口),65,18986
2022-6,39209991,其他塑膠板、片及扁條，非多孔性及未經以其他物質加強、積層、支持或與其他物質類似結合者,菲律賓,出口總值(含復出口),71,16068
2022-6,39209991,其他塑膠板、片及扁條，非多孔性及未經以其他物質加強、積層、支持或與其他物質類似結合者,越南,出口總值(含復出口),187,23058
2022-6,39209991,其他塑膠板、片及扁條，非多孔性及未經以其他物質加強、積層、支持或與其他物質類似結合者,新加坡,出口總值(含復出口),3,63
2022-6,39209991,其他塑膠板、片及扁條，非多孔性及未經以其他物質加強、積層、支持或與其他物質類似結合者,義大利,出口總值(含復出口),2,39
2022-6,39209991,其他塑膠板、片及扁條，非多孔性及未經以其他物質加強、積層、支持或與其他物質類似結合者,德國,出口總值(含復出口),12,2322
2022-6,39209991,其他塑膠板、片及扁條，非多孔性及未經以其他物質加強、積層、支持或與其他物質類似結合者,澳大利亞,出口總值(含復出口),10,8064
2022-7,39199020,供製造半導體晶圓用之自黏性圓形研磨墊，屬塑膠製品者,中國大陸,進口總值(含復進口),27,1
2022-7,39199020,供製造半導體晶圓用之自黏性圓形研磨墊，屬塑膠製品者,日本,進口總值(含復進口),1643,3634
2022-7,39199020,供製造半導體晶圓用之自黏性圓形研磨墊，屬塑膠製品者,南韓,進口總值(含復進口),32,192
2022-7,39199020,供製造半導體晶圓用之自黏性圓形研磨墊，屬塑膠製品者,美國,進口總值(含復進口),1852,5286
2022-7,39199020,供製造半導體晶圓用之自黏性圓形研磨墊，屬塑膠製品者,德國,進口總值(含復進口),2,25
2022-7,39199020,供製造半導體晶圓用之自黏性圓形研磨墊，屬塑膠製品者,中國大陸,出口總值(含復出口),8350,28270
2022-7,39199020,供製造半導體晶圓用之自黏性圓形研磨墊，屬塑膠製品者,日本,出口總值(含復出口),731,3284
2022-7,39199020,供製造半導體晶圓用之自黏性圓形研磨墊，屬塑膠製品者,南韓,出口總值(含復出口),2895,22177
2022-7,39199020,供製造半導體晶圓用之自黏性圓形研磨墊，屬塑膠製品者,美國,出口總值(含復出口),281,474
2022-7,39199020,供製造半導體晶圓用之自黏性圓形研磨墊，屬塑膠製品者,馬來西亞,出口總值(含復出口),44,206
2022-7,39199020,供製造半導體晶圓用之自黏性圓形研磨墊，屬塑膠製品者,新加坡,出口總值(含復出口),560,3328
2022-7,39201010,聚乙烯塑膠板、片及扁條,中國大陸,進口總值(含復進口),517,107662
2022-7,39201010,聚乙烯塑膠板、片及扁條,日本,進口總值(含復進口),372,31988
2022-7,39201010,聚乙烯塑膠板、片及扁條,比利時,進口總值(含復進口),114,13231
2022-7,39201010,聚乙烯塑膠板、片及扁條,以色列,進口總值(含復進口),19,1652
2022-7,39201010,聚乙烯塑膠板、片及扁條,加拿大,進口總值(含復進口),4,740
2022-7,39201010,聚乙烯塑膠板、片及扁條,印度,進口總值(含復進口),4,84
2022-7,39201010,聚乙烯塑膠板、片及扁條,西班牙,進口總值(含復進口),21,17353
2022-7,39201010,聚乙烯塑膠板、片及扁條,法國,進口總值(含復進口),52,14160
2022-7,39201010,聚乙烯塑膠板、片及扁條,南韓,進口總值(含復進口),26,5744
2022-7,39201010,聚乙烯塑膠板、片及扁條,美國,進口總值(含復進口),93,5374
2022-7,39201010,聚乙烯塑膠板、片及扁條,泰國,進口總值(含復進口),82,11433
2022-7,39201010,聚乙烯塑膠板、片及扁條,馬來西亞,進口總值(含復進口),58,18787
2022-7,39201010,聚乙烯塑膠板、片及扁條,捷克,進口總值(含復進口),260,12346
2022-7,39201010,聚乙烯塑膠板、片及扁條,義大利,進口總值(含復進口),38,693
2022-7,39201010,聚乙烯塑膠板、片及扁條,德國,進口總值(含復進口),143,22388
2022-7,39201010,聚乙烯塑膠板、片及扁條,土耳其,出口總值(含復出口),0,0
2022-7,39201010,聚乙烯塑膠板、片及扁條,中國大陸,出口總值(含復出口),210,57849
2022-7,39201010,聚乙烯塑膠板、片及扁條,巴基斯坦,出口總值(含復出口),74,15051
2022-7,39201010,聚乙烯塑膠板、片及扁條,日本,出口總值(含復出口),163,25974
2022-7,39201010,聚乙烯塑膠板、片及扁條,加拿大,出口總值(含復出口),36,7157
2022-7,39201010,聚乙烯塑膠板、片及扁條,美國,出口總值(含復出口),248,66925
2022-7,39201010,聚乙烯塑膠板、片及扁條,香港,出口總值(含復出口),87,52169
2022-7,39201010,聚乙烯塑膠板、片及扁條,泰國,出口總值(含復出口),337,39011
2022-7,39201010,聚乙烯塑膠板、片及扁條,秘魯,出口總值(含復出口),1,110
2022-7,39201010,聚乙烯塑膠板、片及扁條,馬來西亞,出口總值(含復出口),89,30077
2022-7,39201010,聚乙烯塑膠板、片及扁條,菲律賓,出口總值(含復出口),131,28611
2022-7,39201010,聚乙烯塑膠板、片及扁條,越南,出口總值(含復出口),110,20846
2022-7,39201010,聚乙烯塑膠板、片及扁條,奧地利,出口總值(含復出口),0,64
2022-7,39201010,聚乙烯塑膠板、片及扁條,瑞士,出口總值(含復出口),4,21
2022-7,39201010,聚乙烯塑膠板、片及扁條,模里西斯,出口總值(含復出口),4,32
2022-7,39201010,聚乙烯塑膠板、片及扁條,澳大利亞,出口總值(含復出口),117,36614
2022-7,39202021,電容器用金屬化聚丙烯薄膜，留有未鍍邊，總寬度不超過１００公厘，總厚度在０．０１５公厘以上，０．０２５公厘以下者,南韓,進口總值(含復進口),2,101
2022-7,39205110,聚甲基丙烯酸甲酯板、片及扁條,中國大陸,進口總值(含復進口),244,29638
2022-7,39205110,聚甲基丙烯酸甲酯板、片及扁條,中華民國,進口總值(含復進口),31,7497
2022-7,39205110,聚甲基丙烯酸甲酯板、片及扁條,日本,進口總值(含復進口),169,24462
2022-7,39205110,聚甲基丙烯酸甲酯板、片及扁條,南韓,進口總值(含復進口),1675,647049
2022-7,39205110,聚甲基丙烯酸甲酯板、片及扁條,美國,進口總值(含復進口),438,73385
2022-7,39205110,聚甲基丙烯酸甲酯板、片及扁條,德國,進口總值(含復進口),2,8
2022-7,39205110,聚甲基丙烯酸甲酯板、片及扁條,中國大陸,出口總值(含復出口),2057,692744
2022-7,39205110,聚甲基丙烯酸甲酯板、片及扁條,巴西,出口總值(含復出口),61,23503
2022-7,39205110,聚甲基丙烯酸甲酯板、片及扁條,巴貝多,出口總值(含復出口),15,4308
2022-7,39205110,聚甲基丙烯酸甲酯板、片及扁條,日本,出口總值(含復出口),186,51169
2022-7,39205110,聚甲基丙烯酸甲酯板、片及扁條,加拿大,出口總值(含復出口),41,11214
2022-7,39205110,聚甲基丙烯酸甲酯板、片及扁條,卡達,出口總值(含復出口),336,100559
2022-7,39205110,聚甲基丙烯酸甲酯板、片及扁條,伊朗,出口總值(含復出口),350,106057
2022-7,39205110,聚甲基丙烯酸甲酯板、片及扁條,印尼,出口總值(含復出口),15,3542
2022-7,39205110,聚甲基丙烯酸甲酯板、片及扁條,印度,出口總值(含復出口),165,95875
2022-7,39205110,聚甲基丙烯酸甲酯板、片及扁條,多明尼加,出口總值(含復出口),54,18313
2022-7,39205110,聚甲基丙烯酸甲酯板、片及扁條,沙烏地阿拉伯,出口總值(含復出口),690,205245
2022-7,39205110,聚甲基丙烯酸甲酯板、片及扁條,阿拉伯聯合大公國,出口總值(含復出口),1059,328152
2022-7,39205110,聚甲基丙烯酸甲酯板、片及扁條,阿曼,出口總值(含復出口),118,33846
2022-7,39205110,聚甲基丙烯酸甲酯板、片及扁條,南韓,出口總值(含復出口),570,199462
2022-7,39205110,聚甲基丙烯酸甲酯板、片及扁條,美國,出口總值(含復出口),2053,584530
2022-7,39205110,聚甲基丙烯酸甲酯板、片及扁條,香港,出口總值(含復出口),108,35468
2022-7,39205110,聚甲基丙烯酸甲酯板、片及扁條,哥斯大黎加,出口總值(含復出口),62,16610
2022-7,39205110,聚甲基丙烯酸甲酯板、片及扁條,泰國,出口總值(含復出口),3,253
2022-7,39205110,聚甲基丙烯酸甲酯板、片及扁條,馬來西亞,出口總值(含復出口),60,18496
2022-7,39205110,聚甲基丙烯酸甲酯板、片及扁條,智利,出口總值(含復出口),38,10363
2022-7,39205110,聚甲基丙烯酸甲酯板、片及扁條,菲律賓,出口總值(含復出口),4,996
2022-7,39205110,聚甲基丙烯酸甲酯板、片及扁條,越南,出口總值(含復出口),660,186757
2022-7,39205110,聚甲基丙烯酸甲酯板、片及扁條,新加坡,出口總值(含復出口),234,76007
2022-7,39205110,聚甲基丙烯酸甲酯板、片及扁條,澳大利亞,出口總值(含復出口),103,24694
2022-7,39205110,聚甲基丙烯酸甲酯板、片及扁條,薩爾瓦多,出口總值(含復出口),63,17842
2022-7,39206210,聚對苯二甲酸乙二酯製板、片及扁條,中國大陸,進口總值(含復進口),1348,305816
2022-7,39206210,聚對苯二甲酸乙二酯製板、片及扁條,日本,進口總值(含復進口),456,93044
2022-7,39206210,聚對苯二甲酸乙二酯製板、片及扁條,印度,進口總值(含復進口),36,16768
2022-7,39206210,聚對苯二甲酸乙二酯製板、片及扁條,南韓,進口總值(含復進口),572,162734
2022-7,39206210,聚對苯二甲酸乙二酯製板、片及扁條,泰國,進口總值(含復進口),16,9890
2022-7,39206210,聚對苯二甲酸乙二酯製板、片及扁條,德國,進口總值(含復進口),2,27
2022-7,39206210,聚對苯二甲酸乙二酯製板、片及扁條,千里達及托巴哥,出口總值(含復出口),77,47204
2022-7,39206210,聚對苯二甲酸乙二酯製板、片及扁條,中國大陸,出口總值(含復出口),8313,1117557
2022-7,39206210,聚對苯二甲酸乙二酯製板、片及扁條,日本,出口總值(含復出口),852,428562
2022-7,39206210,聚對苯二甲酸乙二酯製板、片及扁條,加拿大,出口總值(含復出口),78,45557
2022-7,39206210,聚對苯二甲酸乙二酯製板、片及扁條,印尼,出口總值(含復出口),192,114787
2022-7,39206210,聚對苯二甲酸乙二酯製板、片及扁條,印度,出口總值(含復出口),102,58476
2022-7,39206210,聚對苯二甲酸乙二酯製板、片及扁條,孟加拉,出口總值(含復出口),29,18000
2022-7,39206210,聚對苯二甲酸乙二酯製板、片及扁條,阿根廷,出口總值(含復出口),3,685
2022-7,39206210,聚對苯二甲酸乙二酯製板、片及扁條,南韓,出口總值(含復出口),124,36762
2022-7,39206210,聚對苯二甲酸乙二酯製板、片及扁條,美國,出口總值(含復出口),2227,1162780
2022-7,39206210,聚對苯二甲酸乙二酯製板、片及扁條,香港,出口總值(含復出口),58,5661
2022-7,39206210,聚對苯二甲酸乙二酯製板、片及扁條,泰國,出口總值(含復出口),22,10000
2022-7,39206210,聚對苯二甲酸乙二酯製板、片及扁條,馬來西亞,出口總值(含復出口),1029,432529
2022-7,39206210,聚對苯二甲酸乙二酯製板、片及扁條,斯里蘭卡,出口總值(含復出口),33,19880
2022-7,39206210,聚對苯二甲酸乙二酯製板、片及扁條,菲律賓,出口總值(含復出口),357,171604
2022-7,39206210,聚對苯二甲酸乙二酯製板、片及扁條,越南,出口總值(含復出口),24,4900
2022-7,39206210,聚對苯二甲酸乙二酯製板、片及扁條,新加坡,出口總值(含復出口),52,2888
2022-7,39206210,聚對苯二甲酸乙二酯製板、片及扁條,德國,出口總值(含復出口),27,1168
2022-7,39206210,聚對苯二甲酸乙二酯製板、片及扁條,墨西哥,出口總值(含復出口),1201,760897
2022-7,39206210,聚對苯二甲酸乙二酯製板、片及扁條,澳大利亞,出口總值(含復出口),1693,1121490
2022-7,39209991,其他塑膠板、片及扁條，非多孔性及未經以其他物質加強、積層、支持或與其他物質類似結合者,中國大陸,進口總值(含復進口),1068,198426
2022-7,39209991,其他塑膠板、片及扁條，非多孔性及未經以其他物質加強、積層、支持或與其他物質類似結合者,日本,進口總值(含復進口),115,3930
2022-7,39209991,其他塑膠板、片及扁條，非多孔性及未經以其他物質加強、積層、支持或與其他物質類似結合者,印尼,進口總值(含復進口),2,600
2022-7,39209991,其他塑膠板、片及扁條，非多孔性及未經以其他物質加強、積層、支持或與其他物質類似結合者,法國,進口總值(含復進口),39,190
2022-7,39209991,其他塑膠板、片及扁條，非多孔性及未經以其他物質加強、積層、支持或與其他物質類似結合者,南韓,進口總值(含復進口),133,7845
2022-7,39209991,其他塑膠板、片及扁條，非多孔性及未經以其他物質加強、積層、支持或與其他物質類似結合者,美國,進口總值(含復進口),631,14547
2022-7,39209991,其他塑膠板、片及扁條，非多孔性及未經以其他物質加強、積層、支持或與其他物質類似結合者,英國,進口總值(含復進口),42,6
2022-7,39209991,其他塑膠板、片及扁條，非多孔性及未經以其他物質加強、積層、支持或與其他物質類似結合者,香港,進口總值(含復進口),31,1480
2022-7,39209991,其他塑膠板、片及扁條，非多孔性及未經以其他物質加強、積層、支持或與其他物質類似結合者,馬來西亞,進口總值(含復進口),21,4312
2022-7,39209991,其他塑膠板、片及扁條，非多孔性及未經以其他物質加強、積層、支持或與其他物質類似結合者,新加坡,進口總值(含復進口),0,94
2022-7,39209991,其他塑膠板、片及扁條，非多孔性及未經以其他物質加強、積層、支持或與其他物質類似結合者,義大利,進口總值(含復進口),12,258
2022-7,39209991,其他塑膠板、片及扁條，非多孔性及未經以其他物質加強、積層、支持或與其他物質類似結合者,德國,進口總值(含復進口),94,2016
2022-7,39209991,其他塑膠板、片及扁條，非多孔性及未經以其他物質加強、積層、支持或與其他物質類似結合者,中國大陸,出口總值(含復出口),2806,234947
2022-7,39209991,其他塑膠板、片及扁條，非多孔性及未經以其他物質加強、積層、支持或與其他物質類似結合者,日本,出口總值(含復出口),154,1402
2022-7,39209991,其他塑膠板、片及扁條，非多孔性及未經以其他物質加強、積層、支持或與其他物質類似結合者,比利時,出口總值(含復出口),1,15
2022-7,39209991,其他塑膠板、片及扁條，非多孔性及未經以其他物質加強、積層、支持或與其他物質類似結合者,印尼,出口總值(含復出口),93,7158
2022-7,39209991,其他塑膠板、片及扁條，非多孔性及未經以其他物質加強、積層、支持或與其他物質類似結合者,南韓,出口總值(含復出口),7,1
2022-7,39209991,其他塑膠板、片及扁條，非多孔性及未經以其他物質加強、積層、支持或與其他物質類似結合者,柬埔寨,出口總值(含復出口),4,1226
2022-7,39209991,其他塑膠板、片及扁條，非多孔性及未經以其他物質加強、積層、支持或與其他物質類似結合者,科威特,出口總值(含復出口),93,22675
2022-7,39209991,其他塑膠板、片及扁條，非多孔性及未經以其他物質加強、積層、支持或與其他物質類似結合者,美國,出口總值(含復出口),187,11725
2022-7,39209991,其他塑膠板、片及扁條，非多孔性及未經以其他物質加強、積層、支持或與其他物質類似結合者,香港,出口總值(含復出口),2,3
2022-7,39209991,其他塑膠板、片及扁條，非多孔性及未經以其他物質加強、積層、支持或與其他物質類似結合者,泰國,出口總值(含復出口),62,14223
2022-7,39209991,其他塑膠板、片及扁條，非多孔性及未經以其他物質加強、積層、支持或與其他物質類似結合者,秘魯,出口總值(含復出口),18,420
2022-7,39209991,其他塑膠板、片及扁條，非多孔性及未經以其他物質加強、積層、支持或與其他物質類似結合者,馬來西亞,出口總值(含復出口),64,18986
2022-7,39209991,其他塑膠板、片及扁條，非多孔性及未經以其他物質加強、積層、支持或與其他物質類似結合者,菲律賓,出口總值(含復出口),33,10932
2022-7,39209991,其他塑膠板、片及扁條，非多孔性及未經以其他物質加強、積層、支持或與其他物質類似結合者,越南,出口總值(含復出口),416,46181
2022-7,39209991,其他塑膠板、片及扁條，非多孔性及未經以其他物質加強、積層、支持或與其他物質類似結合者,德國,出口總值(含復出口),12,2666
2022-7,39209991,其他塑膠板、片及扁條，非多孔性及未經以其他物質加強、積層、支持或與其他物質類似結合者,澳大利亞,出口總值(含復出口),23,6250
2022-8,39199020,供製造半導體晶圓用之自黏性圓形研磨墊，屬塑膠製品者,中國大陸,進口總值(含復進口),6,35
2022-8,39199020,供製造半導體晶圓用之自黏性圓形研磨墊，屬塑膠製品者,日本,進口總值(含復進口),1446,3117
2022-8,39199020,供製造半導體晶圓用之自黏性圓形研磨墊，屬塑膠製品者,南韓,進口總值(含復進口),2,12
2022-8,39199020,供製造半導體晶圓用之自黏性圓形研磨墊，屬塑膠製品者,美國,進口總值(含復進口),2045,6993
2022-8,39199020,供製造半導體晶圓用之自黏性圓形研磨墊，屬塑膠製品者,馬來西亞,進口總值(含復進口),9,13
2022-8,39199020,供製造半導體晶圓用之自黏性圓形研磨墊，屬塑膠製品者,荷蘭,進口總值(含復進口),0,1
2022-8,39199020,供製造半導體晶圓用之自黏性圓形研磨墊，屬塑膠製品者,德國,進口總值(含復進口),0,1
2022-8,39199020,供製造半導體晶圓用之自黏性圓形研磨墊，屬塑膠製品者,中國大陸,出口總值(含復出口),4817,13966
2022-8,39199020,供製造半導體晶圓用之自黏性圓形研磨墊，屬塑膠製品者,日本,出口總值(含復出口),536,2366
2022-8,39199020,供製造半導體晶圓用之自黏性圓形研磨墊，屬塑膠製品者,孟加拉,出口總值(含復出口),0,0
2022-8,39199020,供製造半導體晶圓用之自黏性圓形研磨墊，屬塑膠製品者,南韓,出口總值(含復出口),1609,11347
2022-8,39199020,供製造半導體晶圓用之自黏性圓形研磨墊，屬塑膠製品者,美國,出口總值(含復出口),324,692
2022-8,39199020,供製造半導體晶圓用之自黏性圓形研磨墊，屬塑膠製品者,馬來西亞,出口總值(含復出口),4,23
2022-8,39199020,供製造半導體晶圓用之自黏性圓形研磨墊，屬塑膠製品者,新加坡,出口總值(含復出口),754,4603
2022-8,39201010,聚乙烯塑膠板、片及扁條,中國大陸,進口總值(含復進口),1136,289846
2022-8,39201010,聚乙烯塑膠板、片及扁條,中華民國,進口總值(含復進口),0,750
2022-8,39201010,聚乙烯塑膠板、片及扁條,日本,進口總值(含復進口),539,39284
2022-8,39201010,聚乙烯塑膠板、片及扁條,比利時,進口總值(含復進口),61,7096
2022-8,39201010,聚乙烯塑膠板、片及扁條,西班牙,進口總值(含復進口),94,56974
2022-8,39201010,聚乙烯塑膠板、片及扁條,法國,進口總值(含復進口),104,28320
2022-8,39201010,聚乙烯塑膠板、片及扁條,南韓,進口總值(含復進口),16,442
2022-8,39201010,聚乙烯塑膠板、片及扁條,美國,進口總值(含復進口),7,90
2022-8,39201010,聚乙烯塑膠板、片及扁條,英國,進口總值(含復進口),1,33
2022-8,39201010,聚乙烯塑膠板、片及扁條,泰國,進口總值(含復進口),20,4540
2022-8,39201010,聚乙烯塑膠板、片及扁條,馬來西亞,進口總值(含復進口),4,85
2022-8,39201010,聚乙烯塑膠板、片及扁條,捷克,進口總值(含復進口),174,7093
2022-8,39201010,聚乙烯塑膠板、片及扁條,荷蘭,進口總值(含復進口),1,12
2022-8,39201010,聚乙烯塑膠板、片及扁條,義大利,進口總值(含復進口),31,632
2022-8,39201010,聚乙烯塑膠板、片及扁條,德國,進口總值(含復進口),17,2835
2022-8,39201010,聚乙烯塑膠板、片及扁條,中國大陸,出口總值(含復出口),289,72610
2022-8,39201010,聚乙烯塑膠板、片及扁條,日本,出口總值(含復出口),291,55575
2022-8,39201010,聚乙烯塑膠板、片及扁條,加拿大,出口總值(含復出口),99,31869
2022-8,39201010,聚乙烯塑膠板、片及扁條,西班牙,出口總值(含復出口),3,96
2022-8,39201010,聚乙烯塑膠板、片及扁條,帛琉,出口總值(含復出口),0,24
2022-8,39201010,聚乙烯塑膠板、片及扁條,法國,出口總值(含復出口),2,960
2022-8,39201010,聚乙烯塑膠板、片及扁條,阿拉伯聯合大公國,出口總值(含復出口),2,131
2022-8,39201010,聚乙烯塑膠板、片及扁條,南韓,出口總值(含復出口),3,304
2022-8,39201010,聚乙烯塑膠板、片及扁條,美國,出口總值(含復出口),322,78410
2022-8,39201010,聚乙烯塑膠板、片及扁條,香港,出口總值(含復出口),98,44658
2022-8,39201010,聚乙烯塑膠板、片及扁條,埃及,出口總值(含復出口),26,8296
2022-8,39201010,聚乙烯塑膠板、片及扁條,泰國,出口總值(含復出口),376,45483
2022-8,39201010,聚乙烯塑膠板、片及扁條,馬來西亞,出口總值(含復出口),62,21244
2022-8,39201010,聚乙烯塑膠板、片及扁條,菲律賓,出口總值(含復出口),67,15700
2022-8,39201010,聚乙烯塑膠板、片及扁條,越南,出口總值(含復出口),57,17931
2022-8,39201010,聚乙烯塑膠板、片及扁條,新加坡,出口總值(含復出口),24,11040
2022-8,39201010,聚乙烯塑膠板、片及扁條,墨西哥,出口總值(含復出口),25,8130
2022-8,39202021,電容器用金屬化聚丙烯薄膜，留有未鍍邊，總寬度不超過１００公厘，總厚度在０．０１５公厘以上，０．０２５公厘以下者,中國大陸,進口總值(含復進口),13,1346
2022-8,39202021,電容器用金屬化聚丙烯薄膜，留有未鍍邊，總寬度不超過１００公厘，總厚度在０．０１５公厘以上，０．０２５公厘以下者,南韓,進口總值(含復進口),13,780
2022-8,39205110,聚甲基丙烯酸甲酯板、片及扁條,土耳其,進口總值(含復進口),4,112
2022-8,39205110,聚甲基丙烯酸甲酯板、片及扁條,中國大陸,進口總值(含復進口),344,25678
2022-8,39205110,聚甲基丙烯酸甲酯板、片及扁條,日本,進口總值(含復進口),15,1677
2022-8,39205110,聚甲基丙烯酸甲酯板、片及扁條,南韓,進口總值(含復進口),1693,639468
2022-8,39205110,聚甲基丙烯酸甲酯板、片及扁條,中國大陸,出口總值(含復出口),1355,445649
2022-8,39205110,聚甲基丙烯酸甲酯板、片及扁條,巴西,出口總值(含復出口),137,29114
2022-8,39205110,聚甲基丙烯酸甲酯板、片及扁條,日本,出口總值(含復出口),653,175953
2022-8,39205110,聚甲基丙烯酸甲酯板、片及扁條,卡達,出口總值(含復出口),85,29817
2022-8,39205110,聚甲基丙烯酸甲酯板、片及扁條,印度,出口總值(含復出口),152,125451
2022-8,39205110,聚甲基丙烯酸甲酯板、片及扁條,多明尼加,出口總值(含復出口),6,1773
2022-8,39205110,聚甲基丙烯酸甲酯板、片及扁條,沙烏地阿拉伯,出口總值(含復出口),654,204095
2022-8,39205110,聚甲基丙烯酸甲酯板、片及扁條,其他國家,出口總值(含復出口),0,6
2022-8,39205110,聚甲基丙烯酸甲酯板、片及扁條,奈及利亞,出口總值(含復出口),26,12559
2022-8,39205110,聚甲基丙烯酸甲酯板、片及扁條,阿拉伯聯合大公國,出口總值(含復出口),922,298226
2022-8,39205110,聚甲基丙烯酸甲酯板、片及扁條,阿根廷,出口總值(含復出口),76,21784
2022-8,39205110,聚甲基丙烯酸甲酯板、片及扁條,阿曼,出口總值(含復出口),112,33462
2022-8,39205110,聚甲基丙烯酸甲酯板、片及扁條,南韓,出口總值(含復出口),549,192799
2022-8,39205110,聚甲基丙烯酸甲酯板、片及扁條,科威特,出口總值(含復出口),56,17273
2022-8,39205110,聚甲基丙烯酸甲酯板、片及扁條,約旦,出口總值(含復出口),63,17330
2022-8,39205110,聚甲基丙烯酸甲酯板、片及扁條,美國,出口總值(含復出口),2402,655666
2022-8,39205110,聚甲基丙烯酸甲酯板、片及扁條,香港,出口總值(含復出口),107,36702
2022-8,39205110,聚甲基丙烯酸甲酯板、片及扁條,泰國,出口總值(含復出口),7,535
2022-8,39205110,聚甲基丙烯酸甲酯板、片及扁條,馬來西亞,出口總值(含復出口),67,19334
2022-8,39205110,聚甲基丙烯酸甲酯板、片及扁條,越南,出口總值(含復出口),954,232394
2022-8,39205110,聚甲基丙烯酸甲酯板、片及扁條,新加坡,出口總值(含復出口),69,23715
2022-8,39205110,聚甲基丙烯酸甲酯板、片及扁條,澳大利亞,出口總值(含復出口),65,20429
2022-8,39205110,聚甲基丙烯酸甲酯板、片及扁條,賽普勒斯,出口總值(含復出口),42,11343
2022-8,39206210,聚對苯二甲酸乙二酯製板、片及扁條,中國大陸,進口總值(含復進口),811,298467
2022-8,39206210,聚對苯二甲酸乙二酯製板、片及扁條,中華民國,進口總值(含復進口),131,58947
2022-8,39206210,聚對苯二甲酸乙二酯製板、片及扁條,日本,進口總值(含復進口),156,19491
2022-8,39206210,聚對苯二甲酸乙二酯製板、片及扁條,南韓,進口總值(含復進口),17,5047
2022-8,39206210,聚對苯二甲酸乙二酯製板、片及扁條,美國,進口總值(含復進口),26,3474
2022-8,39206210,聚對苯二甲酸乙二酯製板、片及扁條,越南,進口總值(含復進口),25,17993
2022-8,39206210,聚對苯二甲酸乙二酯製板、片及扁條,德國,進口總值(含復進口),88,3481
2022-8,39206210,聚對苯二甲酸乙二酯製板、片及扁條,千里達及托巴哥,出口總值(含復出口),40,24155
2022-8,39206210,聚對苯二甲酸乙二酯製板、片及扁條,中國大陸,出口總值(含復出口),6961,858617
2022-8,39206210,聚對苯二甲酸乙二酯製板、片及扁條,日本,出口總值(含復出口),986,553385
2022-8,39206210,聚對苯二甲酸乙二酯製板、片及扁條,加拿大,出口總值(含復出口),120,68238
2022-8,39206210,聚對苯二甲酸乙二酯製板、片及扁條,印尼,出口總值(含復出口),148,84645
2022-8,39206210,聚對苯二甲酸乙二酯製板、片及扁條,印度,出口總值(含復出口),31,17996
2022-8,39206210,聚對苯二甲酸乙二酯製板、片及扁條,多明尼加,出口總值(含復出口),32,16500
2022-8,39206210,聚對苯二甲酸乙二酯製板、片及扁條,南韓,出口總值(含復出口),306,110426
2022-8,39206210,聚對苯二甲酸乙二酯製板、片及扁條,美國,出口總值(含復出口),2515,1411158
2022-8,39206210,聚對苯二甲酸乙二酯製板、片及扁條,香港,出口總值(含復出口),44,3509
2022-8,39206210,聚對苯二甲酸乙二酯製板、片及扁條,泰國,出口總值(含復出口),41,27792
2022-8,39206210,聚對苯二甲酸乙二酯製板、片及扁條,紐西蘭,出口總值(含復出口),29,21536
2022-8,39206210,聚對苯二甲酸乙二酯製板、片及扁條,馬來西亞,出口總值(含復出口),392,153593
2022-8,39206210,聚對苯二甲酸乙二酯製板、片及扁條,斯里蘭卡,出口總值(含復出口),32,19650
2022-8,39206210,聚對苯二甲酸乙二酯製板、片及扁條,菲律賓,出口總值(含復出口),90,41632
2022-8,39206210,聚對苯二甲酸乙二酯製板、片及扁條,越南,出口總值(含復出口),16,1580
2022-8,39206210,聚對苯二甲酸乙二酯製板、片及扁條,新加坡,出口總值(含復出口),42,828
2022-8,39206210,聚對苯二甲酸乙二酯製板、片及扁條,墨西哥,出口總值(含復出口),1138,754052
2022-8,39206210,聚對苯二甲酸乙二酯製板、片及扁條,澳大利亞,出口總值(含復出口),832,513244
2022-8,39209991,其他塑膠板、片及扁條，非多孔性及未經以其他物質加強、積層、支持或與其他物質類似結合者,中國大陸,進口總值(含復進口),1175,191384
2022-8,39209991,其他塑膠板、片及扁條，非多孔性及未經以其他物質加強、積層、支持或與其他物質類似結合者,日本,進口總值(含復進口),231,29640
2022-8,39209991,其他塑膠板、片及扁條，非多孔性及未經以其他物質加強、積層、支持或與其他物質類似結合者,南韓,進口總值(含復進口),126,9293
2022-8,39209991,其他塑膠板、片及扁條，非多孔性及未經以其他物質加強、積層、支持或與其他物質類似結合者,美國,進口總值(含復進口),447,3585
2022-8,39209991,其他塑膠板、片及扁條，非多孔性及未經以其他物質加強、積層、支持或與其他物質類似結合者,英國,進口總值(含復進口),28,4
2022-8,39209991,其他塑膠板、片及扁條，非多孔性及未經以其他物質加強、積層、支持或與其他物質類似結合者,香港,進口總值(含復進口),35,1704
2022-8,39209991,其他塑膠板、片及扁條，非多孔性及未經以其他物質加強、積層、支持或與其他物質類似結合者,荷蘭,進口總值(含復進口),3,428
2022-8,39209991,其他塑膠板、片及扁條，非多孔性及未經以其他物質加強、積層、支持或與其他物質類似結合者,新加坡,進口總值(含復進口),1,272
2022-8,39209991,其他塑膠板、片及扁條，非多孔性及未經以其他物質加強、積層、支持或與其他物質類似結合者,瑞士,進口總值(含復進口),18,352
2022-8,39209991,其他塑膠板、片及扁條，非多孔性及未經以其他物質加強、積層、支持或與其他物質類似結合者,義大利,進口總值(含復進口),40,3220
2022-8,39209991,其他塑膠板、片及扁條，非多孔性及未經以其他物質加強、積層、支持或與其他物質類似結合者,德國,進口總值(含復進口),88,1355
2022-8,39209991,其他塑膠板、片及扁條，非多孔性及未經以其他物質加強、積層、支持或與其他物質類似結合者,中國大陸,出口總值(含復出口),2524,186910
2022-8,39209991,其他塑膠板、片及扁條，非多孔性及未經以其他物質加強、積層、支持或與其他物質類似結合者,日本,出口總值(含復出口),92,822
2022-8,39209991,其他塑膠板、片及扁條，非多孔性及未經以其他物質加強、積層、支持或與其他物質類似結合者,比利時,出口總值(含復出口),2,43
2022-8,39209991,其他塑膠板、片及扁條，非多孔性及未經以其他物質加強、積層、支持或與其他物質類似結合者,印尼,出口總值(含復出口),36,3122
2022-8,39209991,其他塑膠板、片及扁條，非多孔性及未經以其他物質加強、積層、支持或與其他物質類似結合者,南韓,出口總值(含復出口),30,72
2022-8,39209991,其他塑膠板、片及扁條，非多孔性及未經以其他物質加強、積層、支持或與其他物質類似結合者,美國,出口總值(含復出口),302,5452
2022-8,39209991,其他塑膠板、片及扁條，非多孔性及未經以其他物質加強、積層、支持或與其他物質類似結合者,香港,出口總值(含復出口),90,1368
2022-8,39209991,其他塑膠板、片及扁條，非多孔性及未經以其他物質加強、積層、支持或與其他物質類似結合者,泰國,出口總值(含復出口),10,1476
2022-8,39209991,其他塑膠板、片及扁條，非多孔性及未經以其他物質加強、積層、支持或與其他物質類似結合者,烏茲別克,出口總值(含復出口),0,24
2022-8,39209991,其他塑膠板、片及扁條，非多孔性及未經以其他物質加強、積層、支持或與其他物質類似結合者,馬來西亞,出口總值(含復出口),80,23732
2022-8,39209991,其他塑膠板、片及扁條，非多孔性及未經以其他物質加強、積層、支持或與其他物質類似結合者,斯里蘭卡,出口總值(含復出口),4,2000
2022-8,39209991,其他塑膠板、片及扁條，非多孔性及未經以其他物質加強、積層、支持或與其他物質類似結合者,菲律賓,出口總值(含復出口),61,13039
2022-8,39209991,其他塑膠板、片及扁條，非多孔性及未經以其他物質加強、積層、支持或與其他物質類似結合者,越南,出口總值(含復出口),400,55591
2022-8,39209991,其他塑膠板、片及扁條，非多孔性及未經以其他物質加強、積層、支持或與其他物質類似結合者,德國,出口總值(含復出口),4,37
2022-8,39209991,其他塑膠板、片及扁條，非多孔性及未經以其他物質加強、積層、支持或與其他物質類似結合者,緬甸,出口總值(含復出口),6,900
2022-8,39209991,其他塑膠板、片及扁條，非多孔性及未經以其他物質加強、積層、支持或與其他物質類似結合者,澳大利亞,出口總值(含復出口),39,15210
2022-9,39199020,供製造半導體晶圓用之自黏性圓形研磨墊，屬塑膠製品者,中國大陸,進口總值(含復進口),9,15
2022-9,39199020,供製造半導體晶圓用之自黏性圓形研磨墊，屬塑膠製品者,日本,進口總值(含復進口),1274,2958
2022-9,39199020,供製造半導體晶圓用之自黏性圓形研磨墊，屬塑膠製品者,南韓,進口總值(含復進口),3,3
2022-9,39199020,供製造半導體晶圓用之自黏性圓形研磨墊，屬塑膠製品者,美國,進口總值(含復進口),986,3134
2022-9,39199020,供製造半導體晶圓用之自黏性圓形研磨墊，屬塑膠製品者,德國,進口總值(含復進口),10,2
2022-9,39199020,供製造半導體晶圓用之自黏性圓形研磨墊，屬塑膠製品者,中國大陸,出口總值(含復出口),7050,19609
2022-9,39199020,供製造半導體晶圓用之自黏性圓形研磨墊，屬塑膠製品者,日本,出口總值(含復出口),548,2269
2022-9,39199020,供製造半導體晶圓用之自黏性圓形研磨墊，屬塑膠製品者,印度,出口總值(含復出口),4,34
2022-9,39199020,供製造半導體晶圓用之自黏性圓形研磨墊，屬塑膠製品者,南韓,出口總值(含復出口),2548,18481
2022-9,39199020,供製造半導體晶圓用之自黏性圓形研磨墊，屬塑膠製品者,美國,出口總值(含復出口),106,258
2022-9,39199020,供製造半導體晶圓用之自黏性圓形研磨墊，屬塑膠製品者,馬來西亞,出口總值(含復出口),59,260
2022-9,39199020,供製造半導體晶圓用之自黏性圓形研磨墊，屬塑膠製品者,新加坡,出口總值(含復出口),750,4463
2022-9,39201010,聚乙烯塑膠板、片及扁條,中國大陸,進口總值(含復進口),779,177938
2022-9,39201010,聚乙烯塑膠板、片及扁條,日本,進口總值(含復進口),409,39662
2022-9,39201010,聚乙烯塑膠板、片及扁條,比利時,進口總值(含復進口),103,11968
2022-9,39201010,聚乙烯塑膠板、片及扁條,西班牙,進口總值(含復進口),18,5998
2022-9,39201010,聚乙烯塑膠板、片及扁條,南韓,進口總值(含復進口),7,1200
2022-9,39201010,聚乙烯塑膠板、片及扁條,美國,進口總值(含復進口),0,33
2022-9,39201010,聚乙烯塑膠板、片及扁條,泰國,進口總值(含復進口),58,9454
2022-9,39201010,聚乙烯塑膠板、片及扁條,馬來西亞,進口總值(含復進口),11,6072
2022-9,39201010,聚乙烯塑膠板、片及扁條,捷克,進口總值(含復進口),173,7537
2022-9,39201010,聚乙烯塑膠板、片及扁條,越南,進口總值(含復進口),7,702
2022-9,39201010,聚乙烯塑膠板、片及扁條,新加坡,進口總值(含復進口),0,179
2022-9,39201010,聚乙烯塑膠板、片及扁條,義大利,進口總值(含復進口),40,13337
2022-9,39201010,聚乙烯塑膠板、片及扁條,德國,進口總值(含復進口),191,21005
2022-9,39201010,聚乙烯塑膠板、片及扁條,中國大陸,出口總值(含復出口),121,30535
2022-9,39201010,聚乙烯塑膠板、片及扁條,巴西,出口總值(含復出口),9,3000
2022-9,39201010,聚乙烯塑膠板、片及扁條,日本,出口總值(含復出口),298,70947
2022-9,39201010,聚乙烯塑膠板、片及扁條,加拿大,出口總值(含復出口),18,5832
2022-9,39201010,聚乙烯塑膠板、片及扁條,印度,出口總值(含復出口),8,96
2022-9,39201010,聚乙烯塑膠板、片及扁條,阿曼,出口總值(含復出口),30,4725
2022-9,39201010,聚乙烯塑膠板、片及扁條,美國,出口總值(含復出口),339,90896
2022-9,39201010,聚乙烯塑膠板、片及扁條,香港,出口總值(含復出口),26,8846
2022-9,39201010,聚乙烯塑膠板、片及扁條,哥倫比亞,出口總值(含復出口),33,16961
2022-9,39201010,聚乙烯塑膠板、片及扁條,泰國,出口總值(含復出口),436,63347
2022-9,39201010,聚乙烯塑膠板、片及扁條,馬來西亞,出口總值(含復出口),130,43296
2022-9,39201010,聚乙烯塑膠板、片及扁條,菲律賓,出口總值(含復出口),176,44278
2022-9,39201010,聚乙烯塑膠板、片及扁條,越南,出口總值(含復出口),45,3254
2022-9,39201010,聚乙烯塑膠板、片及扁條,塞內加爾,出口總值(含復出口),48,128130
2022-9,39201010,聚乙烯塑膠板、片及扁條,澳大利亞,出口總值(含復出口),16,2289
2022-9,39202021,電容器用金屬化聚丙烯薄膜，留有未鍍邊，總寬度不超過１００公厘，總厚度在０．０１５公厘以上，０．０２５公厘以下者,南韓,進口總值(含復進口),66,4781
2022-9,39205110,聚甲基丙烯酸甲酯板、片及扁條,中國大陸,進口總值(含復進口),265,17774
2022-9,39205110,聚甲基丙烯酸甲酯板、片及扁條,日本,進口總值(含復進口),451,96371
2022-9,39205110,聚甲基丙烯酸甲酯板、片及扁條,法國,進口總值(含復進口),2,150
2022-9,39205110,聚甲基丙烯酸甲酯板、片及扁條,南韓,進口總值(含復進口),706,297565
2022-9,39205110,聚甲基丙烯酸甲酯板、片及扁條,美國,進口總值(含復進口),91,8544
2022-9,39205110,聚甲基丙烯酸甲酯板、片及扁條,中國大陸,出口總值(含復出口),865,324049
2022-9,39205110,聚甲基丙烯酸甲酯板、片及扁條,日本,出口總值(含復出口),313,72770
2022-9,39205110,聚甲基丙烯酸甲酯板、片及扁條,卡達,出口總值(含復出口),141,48016
2022-9,39205110,聚甲基丙烯酸甲酯板、片及扁條,伊拉克,出口總值(含復出口),67,20325
2022-9,39205110,聚甲基丙烯酸甲酯板、片及扁條,伊朗,出口總值(含復出口),245,81704
2022-9,39205110,聚甲基丙烯酸甲酯板、片及扁條,印度,出口總值(含復出口),167,87176
2022-9,39205110,聚甲基丙烯酸甲酯板、片及扁條,多明尼加,出口總值(含復出口),86,25606
2022-9,39205110,聚甲基丙烯酸甲酯板、片及扁條,宏都拉斯,出口總值(含復出口),48,14756
2022-9,39205110,聚甲基丙烯酸甲酯板、片及扁條,沙烏地阿拉伯,出口總值(含復出口),668,223263
2022-9,39205110,聚甲基丙烯酸甲酯板、片及扁條,其他國家,出口總值(含復出口),0,18
2022-9,39205110,聚甲基丙烯酸甲酯板、片及扁條,波多黎各,出口總值(含復出口),164,42129
2022-9,39205110,聚甲基丙烯酸甲酯板、片及扁條,芬蘭,出口總值(含復出口),120,33705
2022-9,39205110,聚甲基丙烯酸甲酯板、片及扁條,阿拉伯聯合大公國,出口總值(含復出口),1007,325941
2022-9,39205110,聚甲基丙烯酸甲酯板、片及扁條,南韓,出口總值(含復出口),494,175707
2022-9,39205110,聚甲基丙烯酸甲酯板、片及扁條,美國,出口總值(含復出口),1594,453548
2022-9,39205110,聚甲基丙烯酸甲酯板、片及扁條,馬來西亞,出口總值(含復出口),32,10214
2022-9,39205110,聚甲基丙烯酸甲酯板、片及扁條,敘利亞,出口總值(含復出口),50,16466
2022-9,39205110,聚甲基丙烯酸甲酯板、片及扁條,斯里蘭卡,出口總值(含復出口),2,231
2022-9,39205110,聚甲基丙烯酸甲酯板、片及扁條,越南,出口總值(含復出口),993,282706
2022-9,39205110,聚甲基丙烯酸甲酯板、片及扁條,新加坡,出口總值(含復出口),152,49236
2022-9,39205110,聚甲基丙烯酸甲酯板、片及扁條,義大利,出口總值(含復出口),0,1
2022-9,39205110,聚甲基丙烯酸甲酯板、片及扁條,德國,出口總值(含復出口),21,3080
2022-9,39205110,聚甲基丙烯酸甲酯板、片及扁條,澳大利亞,出口總值(含復出口),438,110191
2022-9,39205110,聚甲基丙烯酸甲酯板、片及扁條,薩爾瓦多,出口總值(含復出口),69,22162
2022-9,39206210,聚對苯二甲酸乙二酯製板、片及扁條,中國大陸,進口總值(含復進口),1517,248743
2022-9,39206210,聚對苯二甲酸乙二酯製板、片及扁條,日本,進口總值(含復進口),124,5297
2022-9,39206210,聚對苯二甲酸乙二酯製板、片及扁條,印度,進口總值(含復進口),25,13214
2022-9,39206210,聚對苯二甲酸乙二酯製板、片及扁條,南韓,進口總值(含復進口),94,28644
2022-9,39206210,聚對苯二甲酸乙二酯製板、片及扁條,美國,進口總值(含復進口),7,340
2022-9,39206210,聚對苯二甲酸乙二酯製板、片及扁條,德國,進口總值(含復進口),28,1351
2022-9,39206210,聚對苯二甲酸乙二酯製板、片及扁條,中國大陸,出口總值(含復出口),6080,758787
2022-9,39206210,聚對苯二甲酸乙二酯製板、片及扁條,日本,出口總值(含復出口),747,353850
2022-9,39206210,聚對苯二甲酸乙二酯製板、片及扁條,加拿大,出口總值(含復出口),319,180941
2022-9,39206210,聚對苯二甲酸乙二酯製板、片及扁條,印尼,出口總值(含復出口),64,45000
2022-9,39206210,聚對苯二甲酸乙二酯製板、片及扁條,印度,出口總值(含復出口),32,18522
2022-9,39206210,聚對苯二甲酸乙二酯製板、片及扁條,孟加拉,出口總值(含復出口),2,3
2022-9,39206210,聚對苯二甲酸乙二酯製板、片及扁條,阿曼,出口總值(含復出口),23,22300
2022-9,39206210,聚對苯二甲酸乙二酯製板、片及扁條,南韓,出口總值(含復出口),146,56303
2022-9,39206210,聚對苯二甲酸乙二酯製板、片及扁條,美國,出口總值(含復出口),2260,1076627
2022-9,39206210,聚對苯二甲酸乙二酯製板、片及扁條,香港,出口總值(含復出口),57,4451
2022-9,39206210,聚對苯二甲酸乙二酯製板、片及扁條,泰國,出口總值(含復出口),22,8000
2022-9,39206210,聚對苯二甲酸乙二酯製板、片及扁條,馬來西亞,出口總值(含復出口),500,203957
2022-9,39206210,聚對苯二甲酸乙二酯製板、片及扁條,荷蘭,出口總值(含復出口),3,256
2022-9,39206210,聚對苯二甲酸乙二酯製板、片及扁條,斯里蘭卡,出口總值(含復出口),28,18000
2022-9,39206210,聚對苯二甲酸乙二酯製板、片及扁條,菲律賓,出口總值(含復出口),115,57857
2022-9,39206210,聚對苯二甲酸乙二酯製板、片及扁條,越南,出口總值(含復出口),48,12415
2022-9,39206210,聚對苯二甲酸乙二酯製板、片及扁條,新加坡,出口總值(含復出口),28,399
2022-9,39206210,聚對苯二甲酸乙二酯製板、片及扁條,瑞士,出口總值(含復出口),37,2169
2022-9,39206210,聚對苯二甲酸乙二酯製板、片及扁條,墨西哥,出口總值(含復出口),365,234662
2022-9,39206210,聚對苯二甲酸乙二酯製板、片及扁條,澳大利亞,出口總值(含復出口),963,523944
2022-9,39209991,其他塑膠板、片及扁條，非多孔性及未經以其他物質加強、積層、支持或與其他物質類似結合者,中國大陸,進口總值(含復進口),1303,234727
2022-9,39209991,其他塑膠板、片及扁條，非多孔性及未經以其他物質加強、積層、支持或與其他物質類似結合者,日本,進口總值(含復進口),78,4711
2022-9,39209991,其他塑膠板、片及扁條，非多孔性及未經以其他物質加強、積層、支持或與其他物質類似結合者,印尼,進口總值(含復進口),4,1368
2022-9,39209991,其他塑膠板、片及扁條，非多孔性及未經以其他物質加強、積層、支持或與其他物質類似結合者,南韓,進口總值(含復進口),32,500
2022-9,39209991,其他塑膠板、片及扁條，非多孔性及未經以其他物質加強、積層、支持或與其他物質類似結合者,美國,進口總值(含復進口),246,8350
2022-9,39209991,其他塑膠板、片及扁條，非多孔性及未經以其他物質加強、積層、支持或與其他物質類似結合者,英國,進口總值(含復進口),43,6
2022-9,39209991,其他塑膠板、片及扁條，非多孔性及未經以其他物質加強、積層、支持或與其他物質類似結合者,香港,進口總值(含復進口),20,739
2022-9,39209991,其他塑膠板、片及扁條，非多孔性及未經以其他物質加強、積層、支持或與其他物質類似結合者,馬來西亞,進口總值(含復進口),12,2112
2022-9,39209991,其他塑膠板、片及扁條，非多孔性及未經以其他物質加強、積層、支持或與其他物質類似結合者,荷蘭,進口總值(含復進口),0,1
2022-9,39209991,其他塑膠板、片及扁條，非多孔性及未經以其他物質加強、積層、支持或與其他物質類似結合者,義大利,進口總值(含復進口),42,666
2022-9,39209991,其他塑膠板、片及扁條，非多孔性及未經以其他物質加強、積層、支持或與其他物質類似結合者,中國大陸,出口總值(含復出口),2106,176889
2022-9,39209991,其他塑膠板、片及扁條，非多孔性及未經以其他物質加強、積層、支持或與其他物質類似結合者,日本,出口總值(含復出口),155,1247
2022-9,39209991,其他塑膠板、片及扁條，非多孔性及未經以其他物質加強、積層、支持或與其他物質類似結合者,加拿大,出口總值(含復出口),39,31255
2022-9,39209991,其他塑膠板、片及扁條，非多孔性及未經以其他物質加強、積層、支持或與其他物質類似結合者,印尼,出口總值(含復出口),23,2072
2022-9,39209991,其他塑膠板、片及扁條，非多孔性及未經以其他物質加強、積層、支持或與其他物質類似結合者,東加,出口總值(含復出口),3,1940
2022-9,39209991,其他塑膠板、片及扁條，非多孔性及未經以其他物質加強、積層、支持或與其他物質類似結合者,保加利亞,出口總值(含復出口),3,27
2022-9,39209991,其他塑膠板、片及扁條，非多孔性及未經以其他物質加強、積層、支持或與其他物質類似結合者,柬埔寨,出口總值(含復出口),3,14
2022-9,39209991,其他塑膠板、片及扁條，非多孔性及未經以其他物質加強、積層、支持或與其他物質類似結合者,美國,出口總值(含復出口),733,26880
2022-9,39209991,其他塑膠板、片及扁條，非多孔性及未經以其他物質加強、積層、支持或與其他物質類似結合者,紐西蘭,出口總值(含復出口),22,4968
2022-9,39209991,其他塑膠板、片及扁條，非多孔性及未經以其他物質加強、積層、支持或與其他物質類似結合者,馬來西亞,出口總值(含復出口),64,18986
2022-9,39209991,其他塑膠板、片及扁條，非多孔性及未經以其他物質加強、積層、支持或與其他物質類似結合者,荷蘭,出口總值(含復出口),22,330
2022-9,39209991,其他塑膠板、片及扁條，非多孔性及未經以其他物質加強、積層、支持或與其他物質類似結合者,智利,出口總值(含復出口),2,46
2022-9,39209991,其他塑膠板、片及扁條，非多孔性及未經以其他物質加強、積層、支持或與其他物質類似結合者,越南,出口總值(含復出口),293,37740
2022-9,39209991,其他塑膠板、片及扁條，非多孔性及未經以其他物質加強、積層、支持或與其他物質類似結合者,塞爾維亞,出口總值(含復出口),6,54
2022-9,39209991,其他塑膠板、片及扁條，非多孔性及未經以其他物質加強、積層、支持或與其他物質類似結合者,新加坡,出口總值(含復出口),3,972
2022-9,39209991,其他塑膠板、片及扁條，非多孔性及未經以其他物質加強、積層、支持或與其他物質類似結合者,德國,出口總值(含復出口),6,1355
2022-9,39209991,其他塑膠板、片及扁條，非多孔性及未經以其他物質加強、積層、支持或與其他物質類似結合者,澳大利亞,出口總值(含復出口),39,12298
2022-10,39199020,供製造半導體晶圓用之自黏性圓形研磨墊，屬塑膠製品者,中國大陸,進口總值(含復進口),7,2
2022-10,39199020,供製造半導體晶圓用之自黏性圓形研磨墊，屬塑膠製品者,日本,進口總值(含復進口),953,2414
2022-10,39199020,供製造半導體晶圓用之自黏性圓形研磨墊，屬塑膠製品者,比利時,進口總值(含復進口),0,2
2022-10,39199020,供製造半導體晶圓用之自黏性圓形研磨墊，屬塑膠製品者,加拿大,進口總值(含復進口),2,0
2022-10,39199020,供製造半導體晶圓用之自黏性圓形研磨墊，屬塑膠製品者,西班牙,進口總值(含復進口),0,0
2022-10,39199020,供製造半導體晶圓用之自黏性圓形研磨墊，屬塑膠製品者,美國,進口總值(含復進口),1693,5508
2022-10,39199020,供製造半導體晶圓用之自黏性圓形研磨墊，屬塑膠製品者,新加坡,進口總值(含復進口),4,48
2022-10,39199020,供製造半導體晶圓用之自黏性圓形研磨墊，屬塑膠製品者,瑞士,進口總值(含復進口),3,1
2022-10,39199020,供製造半導體晶圓用之自黏性圓形研磨墊，屬塑膠製品者,德國,進口總值(含復進口),0,0
2022-10,39199020,供製造半導體晶圓用之自黏性圓形研磨墊，屬塑膠製品者,中國大陸,出口總值(含復出口),8748,23973
2022-10,39199020,供製造半導體晶圓用之自黏性圓形研磨墊，屬塑膠製品者,日本,出口總值(含復出口),607,2646
2022-10,39199020,供製造半導體晶圓用之自黏性圓形研磨墊，屬塑膠製品者,南韓,出口總值(含復出口),1737,13077
2022-10,39199020,供製造半導體晶圓用之自黏性圓形研磨墊，屬塑膠製品者,美國,出口總值(含復出口),56,144
2022-10,39199020,供製造半導體晶圓用之自黏性圓形研磨墊，屬塑膠製品者,馬來西亞,出口總值(含復出口),26,104
2022-10,39199020,供製造半導體晶圓用之自黏性圓形研磨墊，屬塑膠製品者,新加坡,出口總值(含復出口),652,23515
2022-10,39201010,聚乙烯塑膠板、片及扁條,中國大陸,進口總值(含復進口),917,209706
2022-10,39201010,聚乙烯塑膠板、片及扁條,日本,進口總值(含復進口),333,30295
2022-10,39201010,聚乙烯塑膠板、片及扁條,比利時,進口總值(含復進口),15,404
2022-10,39201010,聚乙烯塑膠板、片及扁條,南韓,進口總值(含復進口),10,444
2022-10,39201010,聚乙烯塑膠板、片及扁條,美國,進口總值(含復進口),51,2043
2022-10,39201010,聚乙烯塑膠板、片及扁條,香港,進口總值(含復進口),42,544
2022-10,39201010,聚乙烯塑膠板、片及扁條,馬來西亞,進口總值(含復進口),0,9
2022-10,39201010,聚乙烯塑膠板、片及扁條,捷克,進口總值(含復進口),302,13860
2022-10,39201010,聚乙烯塑膠板、片及扁條,新加坡,進口總值(含復進口),2,804
2022-10,39201010,聚乙烯塑膠板、片及扁條,德國,進口總值(含復進口),130,20816
2022-10,39201010,聚乙烯塑膠板、片及扁條,中國大陸,出口總值(含復出口),175,52733
2022-10,39201010,聚乙烯塑膠板、片及扁條,巴基斯坦,出口總值(含復出口),8,2084
2022-10,39201010,聚乙烯塑膠板、片及扁條,日本,出口總值(含復出口),268,54271
2022-10,39201010,聚乙烯塑膠板、片及扁條,加拿大,出口總值(含復出口),14,4747
2022-10,39201010,聚乙烯塑膠板、片及扁條,西班牙,出口總值(含復出口),3,98
2022-10,39201010,聚乙烯塑膠板、片及扁條,委內瑞拉,出口總值(含復出口),48,2070
2022-10,39201010,聚乙烯塑膠板、片及扁條,俄羅斯,出口總值(含復出口),2,82
2022-10,39201010,聚乙烯塑膠板、片及扁條,南韓,出口總值(含復出口),8,105
2022-10,39201010,聚乙烯塑膠板、片及扁條,美國,出口總值(含復出口),158,45861
2022-10,39201010,聚乙烯塑膠板、片及扁條,香港,出口總值(含復出口),67,34384
2022-10,39201010,聚乙烯塑膠板、片及扁條,泰國,出口總值(含復出口),350,64445
2022-10,39201010,聚乙烯塑膠板、片及扁條,秘魯,出口總值(含復出口),9,1902
2022-10,39201010,聚乙烯塑膠板、片及扁條,馬來西亞,出口總值(含復出口),38,12884
2022-10,39201010,聚乙烯塑膠板、片及扁條,馬紹爾群島,出口總值(含復出口),2,300
2022-10,39201010,聚乙烯塑膠板、片及扁條,菲律賓,出口總值(含復出口),197,54793
2022-10,39201010,聚乙烯塑膠板、片及扁條,越南,出口總值(含復出口),34,3224
2022-10,39201010,聚乙烯塑膠板、片及扁條,義大利,出口總值(含復出口),1,0
2022-10,39205110,聚甲基丙烯酸甲酯板、片及扁條,中國大陸,進口總值(含復進口),182,5520
2022-10,39205110,聚甲基丙烯酸甲酯板、片及扁條,中華民國,進口總值(含復進口),17,4017
2022-10,39205110,聚甲基丙烯酸甲酯板、片及扁條,日本,進口總值(含復進口),37,2505
2022-10,39205110,聚甲基丙烯酸甲酯板、片及扁條,南韓,進口總值(含復進口),1744,697388
2022-10,39205110,聚甲基丙烯酸甲酯板、片及扁條,美國,進口總值(含復進口),99,17153
2022-10,39205110,聚甲基丙烯酸甲酯板、片及扁條,中國大陸,出口總值(含復出口),988,345186
2022-10,39205110,聚甲基丙烯酸甲酯板、片及扁條,巴林,出口總值(含復出口),52,17576
2022-10,39205110,聚甲基丙烯酸甲酯板、片及扁條,日本,出口總值(含復出口),451,121908
2022-10,39205110,聚甲基丙烯酸甲酯板、片及扁條,以色列,出口總值(含復出口),31,8741
2022-10,39205110,聚甲基丙烯酸甲酯板、片及扁條,加拿大,出口總值(含復出口),4,326
2022-10,39205110,聚甲基丙烯酸甲酯板、片及扁條,卡達,出口總值(含復出口),178,64573
2022-10,39205110,聚甲基丙烯酸甲酯板、片及扁條,伊朗,出口總值(含復出口),250,86645
2022-10,39205110,聚甲基丙烯酸甲酯板、片及扁條,印度,出口總值(含復出口),158,94647
2022-10,39205110,聚甲基丙烯酸甲酯板、片及扁條,沙烏地阿拉伯,出口總值(含復出口),211,74302
2022-10,39205110,聚甲基丙烯酸甲酯板、片及扁條,阿拉伯聯合大公國,出口總值(含復出口),954,315623
2022-10,39205110,聚甲基丙烯酸甲酯板、片及扁條,阿曼,出口總值(含復出口),153,51285
2022-10,39205110,聚甲基丙烯酸甲酯板、片及扁條,南韓,出口總值(含復出口),446,151757
2022-10,39205110,聚甲基丙烯酸甲酯板、片及扁條,科威特,出口總值(含復出口),51,17406
2022-10,39205110,聚甲基丙烯酸甲酯板、片及扁條,美國,出口總值(含復出口),1909,550969
2022-10,39205110,聚甲基丙烯酸甲酯板、片及扁條,香港,出口總值(含復出口),56,17963
2022-10,39205110,聚甲基丙烯酸甲酯板、片及扁條,馬來西亞,出口總值(含復出口),29,9447
2022-10,39205110,聚甲基丙烯酸甲酯板、片及扁條,越南,出口總值(含復出口),1731,520968
2022-10,39205110,聚甲基丙烯酸甲酯板、片及扁條,新加坡,出口總值(含復出口),65,24252
2022-10,39205110,聚甲基丙烯酸甲酯板、片及扁條,葉門,出口總值(含復出口),74,24955
2022-10,39205110,聚甲基丙烯酸甲酯板、片及扁條,德國,出口總值(含復出口),6,633
2022-10,39205110,聚甲基丙烯酸甲酯板、片及扁條,澳大利亞,出口總值(含復出口),278,59798
2022-10,39206210,聚對苯二甲酸乙二酯製板、片及扁條,中國大陸,進口總值(含復進口),1198,286767
2022-10,39206210,聚對苯二甲酸乙二酯製板、片及扁條,中華民國,進口總值(含復進口),107,78030
2022-10,39206210,聚對苯二甲酸乙二酯製板、片及扁條,日本,進口總值(含復進口),395,60921
2022-10,39206210,聚對苯二甲酸乙二酯製板、片及扁條,印度,進口總值(含復進口),45,23650
2022-10,39206210,聚對苯二甲酸乙二酯製板、片及扁條,南韓,進口總值(含復進口),385,86025
2022-10,39206210,聚對苯二甲酸乙二酯製板、片及扁條,美國,進口總值(含復進口),63,9237
2022-10,39206210,聚對苯二甲酸乙二酯製板、片及扁條,中國大陸,出口總值(含復出口),8030,661490
2022-10,39206210,聚對苯二甲酸乙二酯製板、片及扁條,日本,出口總值(含復出口),621,312523
2022-10,39206210,聚對苯二甲酸乙二酯製板、片及扁條,加拿大,出口總值(含復出口),182,112958
2022-10,39206210,聚對苯二甲酸乙二酯製板、片及扁條,印尼,出口總值(含復出口),189,114638
2022-10,39206210,聚對苯二甲酸乙二酯製板、片及扁條,印度,出口總值(含復出口),82,52666
2022-10,39206210,聚對苯二甲酸乙二酯製板、片及扁條,西班牙,出口總值(含復出口),10,1026
2022-10,39206210,聚對苯二甲酸乙二酯製板、片及扁條,法屬玻里尼西亞,出口總值(含復出口),4,2000
2022-10,39206210,聚對苯二甲酸乙二酯製板、片及扁條,阿拉伯聯合大公國,出口總值(含復出口),23,21568
2022-10,39206210,聚對苯二甲酸乙二酯製板、片及扁條,南韓,出口總值(含復出口),386,154999
2022-10,39206210,聚對苯二甲酸乙二酯製板、片及扁條,美國,出口總值(含復出口),1842,1039452
2022-10,39206210,聚對苯二甲酸乙二酯製板、片及扁條,香港,出口總值(含復出口),88,9968
2022-10,39206210,聚對苯二甲酸乙二酯製板、片及扁條,哥倫比亞,出口總值(含復出口),35,24000
2022-10,39206210,聚對苯二甲酸乙二酯製板、片及扁條,挪威,出口總值(含復出口),0,1
2022-10,39206210,聚對苯二甲酸乙二酯製板、片及扁條,泰國,出口總值(含復出口),7,2000
2022-10,39206210,聚對苯二甲酸乙二酯製板、片及扁條,紐西蘭,出口總值(含復出口),14,1598
2022-10,39206210,聚對苯二甲酸乙二酯製板、片及扁條,馬來西亞,出口總值(含復出口),355,159135
2022-10,39206210,聚對苯二甲酸乙二酯製板、片及扁條,菲律賓,出口總值(含復出口),299,164276
2022-10,39206210,聚對苯二甲酸乙二酯製板、片及扁條,越南,出口總值(含復出口),33,12354
2022-10,39206210,聚對苯二甲酸乙二酯製板、片及扁條,新加坡,出口總值(含復出口),14,3189
2022-10,39206210,聚對苯二甲酸乙二酯製板、片及扁條,瑞士,出口總值(含復出口),5,680
2022-10,39206210,聚對苯二甲酸乙二酯製板、片及扁條,德國,出口總值(含復出口),2,160
2022-10,39206210,聚對苯二甲酸乙二酯製板、片及扁條,墨西哥,出口總值(含復出口),51,18720
2022-10,39206210,聚對苯二甲酸乙二酯製板、片及扁條,澳大利亞,出口總值(含復出口),1512,988761
2022-10,39209991,其他塑膠板、片及扁條，非多孔性及未經以其他物質加強、積層、支持或與其他物質類似結合者,中國大陸,進口總值(含復進口),874,166457
2022-10,39209991,其他塑膠板、片及扁條，非多孔性及未經以其他物質加強、積層、支持或與其他物質類似結合者,日本,進口總值(含復進口),28,299
2022-10,39209991,其他塑膠板、片及扁條，非多孔性及未經以其他物質加強、積層、支持或與其他物質類似結合者,加拿大,進口總值(含復進口),8,82
2022-10,39209991,其他塑膠板、片及扁條，非多孔性及未經以其他物質加強、積層、支持或與其他物質類似結合者,印度,進口總值(含復進口),18,3528
2022-10,39209991,其他塑膠板、片及扁條，非多孔性及未經以其他物質加強、積層、支持或與其他物質類似結合者,南韓,進口總值(含復進口),262,20874
2022-10,39209991,其他塑膠板、片及扁條，非多孔性及未經以其他物質加強、積層、支持或與其他物質類似結合者,美國,進口總值(含復進口),395,26540
2022-10,39209991,其他塑膠板、片及扁條，非多孔性及未經以其他物質加強、積層、支持或與其他物質類似結合者,英國,進口總值(含復進口),15,2
2022-10,39209991,其他塑膠板、片及扁條，非多孔性及未經以其他物質加強、積層、支持或與其他物質類似結合者,香港,進口總值(含復進口),10,677
2022-10,39209991,其他塑膠板、片及扁條，非多孔性及未經以其他物質加強、積層、支持或與其他物質類似結合者,馬來西亞,進口總值(含復進口),12,2112
2022-10,39209991,其他塑膠板、片及扁條，非多孔性及未經以其他物質加強、積層、支持或與其他物質類似結合者,義大利,進口總值(含復進口),52,930
2022-10,39209991,其他塑膠板、片及扁條，非多孔性及未經以其他物質加強、積層、支持或與其他物質類似結合者,德國,進口總值(含復進口),142,3461
2022-10,39209991,其他塑膠板、片及扁條，非多孔性及未經以其他物質加強、積層、支持或與其他物質類似結合者,中國大陸,出口總值(含復出口),2052,140592
2022-10,39209991,其他塑膠板、片及扁條，非多孔性及未經以其他物質加強、積層、支持或與其他物質類似結合者,日本,出口總值(含復出口),118,2776
2022-10,39209991,其他塑膠板、片及扁條，非多孔性及未經以其他物質加強、積層、支持或與其他物質類似結合者,比利時,出口總值(含復出口),3,3
2022-10,39209991,其他塑膠板、片及扁條，非多孔性及未經以其他物質加強、積層、支持或與其他物質類似結合者,加拿大,出口總值(含復出口),49,20226
2022-10,39209991,其他塑膠板、片及扁條，非多孔性及未經以其他物質加強、積層、支持或與其他物質類似結合者,帛琉,出口總值(含復出口),2,478
2022-10,39209991,其他塑膠板、片及扁條，非多孔性及未經以其他物質加強、積層、支持或與其他物質類似結合者,東加,出口總值(含復出口),3,1940
2022-10,39209991,其他塑膠板、片及扁條，非多孔性及未經以其他物質加強、積層、支持或與其他物質類似結合者,柬埔寨,出口總值(含復出口),2,599
2022-10,39209991,其他塑膠板、片及扁條，非多孔性及未經以其他物質加強、積層、支持或與其他物質類似結合者,科威特,出口總值(含復出口),20,1921
2022-10,39209991,其他塑膠板、片及扁條，非多孔性及未經以其他物質加強、積層、支持或與其他物質類似結合者,美國,出口總值(含復出口),309,2385
2022-10,39209991,其他塑膠板、片及扁條，非多孔性及未經以其他物質加強、積層、支持或與其他物質類似結合者,香港,出口總值(含復出口),61,730
2022-10,39209991,其他塑膠板、片及扁條，非多孔性及未經以其他物質加強、積層、支持或與其他物質類似結合者,泰國,出口總值(含復出口),19,2706
2022-10,39209991,其他塑膠板、片及扁條，非多孔性及未經以其他物質加強、積層、支持或與其他物質類似結合者,馬來西亞,出口總值(含復出口),64,18591
2022-10,39209991,其他塑膠板、片及扁條，非多孔性及未經以其他物質加強、積層、支持或與其他物質類似結合者,菲律賓,出口總值(含復出口),46,8940
2022-10,39209991,其他塑膠板、片及扁條，非多孔性及未經以其他物質加強、積層、支持或與其他物質類似結合者,越南,出口總值(含復出口),221,34607
2022-10,39209991,其他塑膠板、片及扁條，非多孔性及未經以其他物質加強、積層、支持或與其他物質類似結合者,新加坡,出口總值(含復出口),10,113
2022-10,39209991,其他塑膠板、片及扁條，非多孔性及未經以其他物質加強、積層、支持或與其他物質類似結合者,德國,出口總值(含復出口),9,1687
2022-10,39209991,其他塑膠板、片及扁條，非多孔性及未經以其他物質加強、積層、支持或與其他物質類似結合者,澳大利亞,出口總值(含復出口),62,22714
2022-11,39199020,供製造半導體晶圓用之自黏性圓形研磨墊，屬塑膠製品者,中國大陸,進口總值(含復進口),27,40
2022-11,39199020,供製造半導體晶圓用之自黏性圓形研磨墊，屬塑膠製品者,日本,進口總值(含復進口),1191,2833
2022-11,39199020,供製造半導體晶圓用之自黏性圓形研磨墊，屬塑膠製品者,南韓,進口總值(含復進口),12,7
2022-11,39199020,供製造半導體晶圓用之自黏性圓形研磨墊，屬塑膠製品者,美國,進口總值(含復進口),2099,6972
2022-11,39199020,供製造半導體晶圓用之自黏性圓形研磨墊，屬塑膠製品者,馬來西亞,進口總值(含復進口),17,29
2022-11,39199020,供製造半導體晶圓用之自黏性圓形研磨墊，屬塑膠製品者,德國,進口總值(含復進口),0,0
2022-11,39199020,供製造半導體晶圓用之自黏性圓形研磨墊，屬塑膠製品者,中國大陸,出口總值(含復出口),8994,27911
2022-11,39199020,供製造半導體晶圓用之自黏性圓形研磨墊，屬塑膠製品者,日本,出口總值(含復出口),513,2182
2022-11,39199020,供製造半導體晶圓用之自黏性圓形研磨墊，屬塑膠製品者,南韓,出口總值(含復出口),2460,18801
2022-11,39199020,供製造半導體晶圓用之自黏性圓形研磨墊，屬塑膠製品者,美國,出口總值(含復出口),150,310
2022-11,39199020,供製造半導體晶圓用之自黏性圓形研磨墊，屬塑膠製品者,馬來西亞,出口總值(含復出口),52,242
2022-11,39199020,供製造半導體晶圓用之自黏性圓形研磨墊，屬塑膠製品者,新加坡,出口總值(含復出口),830,5256
2022-11,39199020,供製造半導體晶圓用之自黏性圓形研磨墊，屬塑膠製品者,德國,出口總值(含復出口),0,0
2022-11,39201010,聚乙烯塑膠板、片及扁條,中國大陸,進口總值(含復進口),1764,422813
2022-11,39201010,聚乙烯塑膠板、片及扁條,中華民國,進口總值(含復進口),0,1
2022-11,39201010,聚乙烯塑膠板、片及扁條,巴西,進口總值(含復進口),2,370
2022-11,39201010,聚乙烯塑膠板、片及扁條,日本,進口總值(含復進口),802,64568
2022-11,39201010,聚乙烯塑膠板、片及扁條,比利時,進口總值(含復進口),12,44
2022-11,39201010,聚乙烯塑膠板、片及扁條,西班牙,進口總值(含復進口),17,12026
2022-11,39201010,聚乙烯塑膠板、片及扁條,南韓,進口總值(含復進口),11,5351
2022-11,39201010,聚乙烯塑膠板、片及扁條,美國,進口總值(含復進口),20,791
2022-11,39201010,聚乙烯塑膠板、片及扁條,香港,進口總值(含復進口),41,839
2022-11,39201010,聚乙烯塑膠板、片及扁條,泰國,進口總值(含復進口),52,9779
2022-11,39201010,聚乙烯塑膠板、片及扁條,馬來西亞,進口總值(含復進口),19,12759
2022-11,39201010,聚乙烯塑膠板、片及扁條,捷克,進口總值(含復進口),352,15775
2022-11,39201010,聚乙烯塑膠板、片及扁條,荷蘭,進口總值(含復進口),0,1
2022-11,39201010,聚乙烯塑膠板、片及扁條,越南,進口總值(含復進口),0,5
2022-11,39201010,聚乙烯塑膠板、片及扁條,新加坡,進口總值(含復進口),2,554
2022-11,39201010,聚乙烯塑膠板、片及扁條,義大利,進口總值(含復進口),0,7
2022-11,39201010,聚乙烯塑膠板、片及扁條,德國,進口總值(含復進口),139,18100
2022-11,39201010,聚乙烯塑膠板、片及扁條,中國大陸,出口總值(含復出口),101,14236
2022-11,39201010,聚乙烯塑膠板、片及扁條,巴基斯坦,出口總值(含復出口),48,11222
2022-11,39201010,聚乙烯塑膠板、片及扁條,日本,出口總值(含復出口),242,49577
2022-11,39201010,聚乙烯塑膠板、片及扁條,以色列,出口總值(含復出口),1,10
2022-11,39201010,聚乙烯塑膠板、片及扁條,加拿大,出口總值(含復出口),27,4275
2022-11,39201010,聚乙烯塑膠板、片及扁條,吉爾吉斯,出口總值(含復出口),2,6
2022-11,39201010,聚乙烯塑膠板、片及扁條,西班牙,出口總值(含復出口),37,20988
2022-11,39201010,聚乙烯塑膠板、片及扁條,帛琉,出口總值(含復出口),0,11
2022-11,39201010,聚乙烯塑膠板、片及扁條,波蘭,出口總值(含復出口),0,0
2022-11,39201010,聚乙烯塑膠板、片及扁條,阿拉伯聯合大公國,出口總值(含復出口),39,20624
2022-11,39201010,聚乙烯塑膠板、片及扁條,美國,出口總值(含復出口),210,36723
2022-11,39201010,聚乙烯塑膠板、片及扁條,英國,出口總值(含復出口),18,554
2022-11,39201010,聚乙烯塑膠板、片及扁條,香港,出口總值(含復出口),59,43999
2022-11,39201010,聚乙烯塑膠板、片及扁條,泰國,出口總值(含復出口),458,91665
2022-11,39201010,聚乙烯塑膠板、片及扁條,馬來西亞,出口總值(含復出口),50,16816
2022-11,39201010,聚乙烯塑膠板、片及扁條,菲律賓,出口總值(含復出口),85,39804
2022-11,39201010,聚乙烯塑膠板、片及扁條,越南,出口總值(含復出口),32,7506
2022-11,39201010,聚乙烯塑膠板、片及扁條,愛爾蘭,出口總值(含復出口),4,503
2022-11,39201010,聚乙烯塑膠板、片及扁條,新加坡,出口總值(含復出口),21,11016
2022-11,39201010,聚乙烯塑膠板、片及扁條,澳大利亞,出口總值(含復出口),8,2712
2022-11,39202021,電容器用金屬化聚丙烯薄膜，留有未鍍邊，總寬度不超過１００公厘，總厚度在０．０１５公厘以上，０．０２５公厘以下者,中國大陸,進口總值(含復進口),10,339
2022-11,39202021,電容器用金屬化聚丙烯薄膜，留有未鍍邊，總寬度不超過１００公厘，總厚度在０．０１５公厘以上，０．０２５公厘以下者,日本,進口總值(含復進口),3,99
2022-11,39205110,聚甲基丙烯酸甲酯板、片及扁條,土耳其,進口總值(含復進口),4,79
2022-11,39205110,聚甲基丙烯酸甲酯板、片及扁條,中國大陸,進口總值(含復進口),187,22932
2022-11,39205110,聚甲基丙烯酸甲酯板、片及扁條,日本,進口總值(含復進口),125,19279
2022-11,39205110,聚甲基丙烯酸甲酯板、片及扁條,南韓,進口總值(含復進口),906,335835
2022-11,39205110,聚甲基丙烯酸甲酯板、片及扁條,美國,進口總值(含復進口),334,53579
2022-11,39205110,聚甲基丙烯酸甲酯板、片及扁條,中國大陸,出口總值(含復出口),1315,542380
2022-11,39205110,聚甲基丙烯酸甲酯板、片及扁條,巴西,出口總值(含復出口),43,5827
2022-11,39205110,聚甲基丙烯酸甲酯板、片及扁條,日本,出口總值(含復出口),415,94426
2022-11,39205110,聚甲基丙烯酸甲酯板、片及扁條,加拿大,出口總值(含復出口),79,23762
2022-11,39205110,聚甲基丙烯酸甲酯板、片及扁條,尼加拉瓜,出口總值(含復出口),51,16905
2022-11,39205110,聚甲基丙烯酸甲酯板、片及扁條,伊朗,出口總值(含復出口),331,78668
2022-11,39205110,聚甲基丙烯酸甲酯板、片及扁條,印尼,出口總值(含復出口),4,4
2022-11,39205110,聚甲基丙烯酸甲酯板、片及扁條,印度,出口總值(含復出口),148,124121
2022-11,39205110,聚甲基丙烯酸甲酯板、片及扁條,多明尼加,出口總值(含復出口),16,6128
2022-11,39205110,聚甲基丙烯酸甲酯板、片及扁條,沙烏地阿拉伯,出口總值(含復出口),42,16807
2022-11,39205110,聚甲基丙烯酸甲酯板、片及扁條,其他國家,出口總值(含復出口),0,6
2022-11,39205110,聚甲基丙烯酸甲酯板、片及扁條,波多黎各,出口總值(含復出口),96,20021
2022-11,39205110,聚甲基丙烯酸甲酯板、片及扁條,芬蘭,出口總值(含復出口),67,18755
2022-11,39205110,聚甲基丙烯酸甲酯板、片及扁條,阿拉伯聯合大公國,出口總值(含復出口),489,169147
2022-11,39205110,聚甲基丙烯酸甲酯板、片及扁條,南韓,出口總值(含復出口),381,135793
2022-11,39205110,聚甲基丙烯酸甲酯板、片及扁條,美國,出口總值(含復出口),1384,417441
2022-11,39205110,聚甲基丙烯酸甲酯板、片及扁條,香港,出口總值(含復出口),100,36681
2022-11,39205110,聚甲基丙烯酸甲酯板、片及扁條,哥倫比亞,出口總值(含復出口),6,18
2022-11,39205110,聚甲基丙烯酸甲酯板、片及扁條,哥斯大黎加,出口總值(含復出口),51,17910
2022-11,39205110,聚甲基丙烯酸甲酯板、片及扁條,馬來西亞,出口總值(含復出口),30,10044
2022-11,39205110,聚甲基丙烯酸甲酯板、片及扁條,智利,出口總值(含復出口),4,1596
2022-11,39205110,聚甲基丙烯酸甲酯板、片及扁條,菲律賓,出口總值(含復出口),84,35352
2022-11,39205110,聚甲基丙烯酸甲酯板、片及扁條,越南,出口總值(含復出口),1578,443784
2022-11,39205110,聚甲基丙烯酸甲酯板、片及扁條,新加坡,出口總值(含復出口),225,80621
2022-11,39205110,聚甲基丙烯酸甲酯板、片及扁條,德國,出口總值(含復出口),9,1335
2022-11,39205110,聚甲基丙烯酸甲酯板、片及扁條,薩爾瓦多,出口總值(含復出口),57,20382
2022-11,39206210,聚對苯二甲酸乙二酯製板、片及扁條,中國大陸,進口總值(含復進口),1190,271724
2022-11,39206210,聚對苯二甲酸乙二酯製板、片及扁條,中華民國,進口總值(含復進口),2,145
2022-11,39206210,聚對苯二甲酸乙二酯製板、片及扁條,日本,進口總值(含復進口),147,29415
2022-11,39206210,聚對苯二甲酸乙二酯製板、片及扁條,比利時,進口總值(含復進口),23,995
2022-11,39206210,聚對苯二甲酸乙二酯製板、片及扁條,南韓,進口總值(含復進口),509,150274
2022-11,39206210,聚對苯二甲酸乙二酯製板、片及扁條,菲律賓,進口總值(含復進口),11,156637
2022-11,39206210,聚對苯二甲酸乙二酯製板、片及扁條,德國,進口總值(含復進口),13,1715
2022-11,39206210,聚對苯二甲酸乙二酯製板、片及扁條,土耳其,出口總值(含復出口),65,8509
2022-11,39206210,聚對苯二甲酸乙二酯製板、片及扁條,中國大陸,出口總值(含復出口),7727,894418
2022-11,39206210,聚對苯二甲酸乙二酯製板、片及扁條,日本,出口總值(含復出口),626,283462
2022-11,39206210,聚對苯二甲酸乙二酯製板、片及扁條,加拿大,出口總值(含復出口),220,136782
2022-11,39206210,聚對苯二甲酸乙二酯製板、片及扁條,印尼,出口總值(含復出口),38,9644
2022-11,39206210,聚對苯二甲酸乙二酯製板、片及扁條,印度,出口總值(含復出口),85,53721
2022-11,39206210,聚對苯二甲酸乙二酯製板、片及扁條,南韓,出口總值(含復出口),236,96155
2022-11,39206210,聚對苯二甲酸乙二酯製板、片及扁條,美國,出口總值(含復出口),2207,1033619
2022-11,39206210,聚對苯二甲酸乙二酯製板、片及扁條,香港,出口總值(含復出口),47,3812
2022-11,39206210,聚對苯二甲酸乙二酯製板、片及扁條,埃及,出口總值(含復出口),17,1518
2022-11,39206210,聚對苯二甲酸乙二酯製板、片及扁條,紐西蘭,出口總值(含復出口),39,28640
2022-11,39206210,聚對苯二甲酸乙二酯製板、片及扁條,馬來西亞,出口總值(含復出口),197,77622
2022-11,39206210,聚對苯二甲酸乙二酯製板、片及扁條,捷克,出口總值(含復出口),3,373
2022-11,39206210,聚對苯二甲酸乙二酯製板、片及扁條,菲律賓,出口總值(含復出口),122,69040
2022-11,39206210,聚對苯二甲酸乙二酯製板、片及扁條,越南,出口總值(含復出口),28,7053
2022-11,39206210,聚對苯二甲酸乙二酯製板、片及扁條,新加坡,出口總值(含復出口),8,4050
2022-11,39206210,聚對苯二甲酸乙二酯製板、片及扁條,瑞士,出口總值(含復出口),20,2680
2022-11,39206210,聚對苯二甲酸乙二酯製板、片及扁條,墨西哥,出口總值(含復出口),51,18910
2022-11,39206210,聚對苯二甲酸乙二酯製板、片及扁條,澳大利亞,出口總值(含復出口),406,288924
2022-11,39209991,其他塑膠板、片及扁條，非多孔性及未經以其他物質加強、積層、支持或與其他物質類似結合者,中國大陸,進口總值(含復進口),1160,223345
2022-11,39209991,其他塑膠板、片及扁條，非多孔性及未經以其他物質加強、積層、支持或與其他物質類似結合者,中華民國,進口總值(含復進口),3,12
2022-11,39209991,其他塑膠板、片及扁條，非多孔性及未經以其他物質加強、積層、支持或與其他物質類似結合者,巴西,進口總值(含復進口),10,1735
2022-11,39209991,其他塑膠板、片及扁條，非多孔性及未經以其他物質加強、積層、支持或與其他物質類似結合者,日本,進口總值(含復進口),34,457
2022-11,39209991,其他塑膠板、片及扁條，非多孔性及未經以其他物質加強、積層、支持或與其他物質類似結合者,比利時,進口總值(含復進口),24,225
2022-11,39209991,其他塑膠板、片及扁條，非多孔性及未經以其他物質加強、積層、支持或與其他物質類似結合者,印尼,進口總值(含復進口),3,1272
2022-11,39209991,其他塑膠板、片及扁條，非多孔性及未經以其他物質加強、積層、支持或與其他物質類似結合者,波蘭,進口總值(含復進口),5,95
2022-11,39209991,其他塑膠板、片及扁條，非多孔性及未經以其他物質加強、積層、支持或與其他物質類似結合者,南韓,進口總值(含復進口),100,7123
2022-11,39209991,其他塑膠板、片及扁條，非多孔性及未經以其他物質加強、積層、支持或與其他物質類似結合者,美國,進口總值(含復進口),182,682
2022-11,39209991,其他塑膠板、片及扁條，非多孔性及未經以其他物質加強、積層、支持或與其他物質類似結合者,香港,進口總值(含復進口),25,961
2022-11,39209991,其他塑膠板、片及扁條，非多孔性及未經以其他物質加強、積層、支持或與其他物質類似結合者,馬來西亞,進口總值(含復進口),15,3007
2022-11,39209991,其他塑膠板、片及扁條，非多孔性及未經以其他物質加強、積層、支持或與其他物質類似結合者,新加坡,進口總值(含復進口),15,159
2022-11,39209991,其他塑膠板、片及扁條，非多孔性及未經以其他物質加強、積層、支持或與其他物質類似結合者,瑞典,進口總值(含復進口),1,41
2022-11,39209991,其他塑膠板、片及扁條，非多孔性及未經以其他物質加強、積層、支持或與其他物質類似結合者,德國,進口總值(含復進口),184,3353
2022-11,39209991,其他塑膠板、片及扁條，非多孔性及未經以其他物質加強、積層、支持或與其他物質類似結合者,中國大陸,出口總值(含復出口),2497,217354
2022-11,39209991,其他塑膠板、片及扁條，非多孔性及未經以其他物質加強、積層、支持或與其他物質類似結合者,日本,出口總值(含復出口),217,3302
2022-11,39209991,其他塑膠板、片及扁條，非多孔性及未經以其他物質加強、積層、支持或與其他物質類似結合者,尼加拉瓜,出口總值(含復出口),0,60
2022-11,39209991,其他塑膠板、片及扁條，非多孔性及未經以其他物質加強、積層、支持或與其他物質類似結合者,印度,出口總值(含復出口),12,398
2022-11,39209991,其他塑膠板、片及扁條，非多孔性及未經以其他物質加強、積層、支持或與其他物質類似結合者,科威特,出口總值(含復出口),97,24164
2022-11,39209991,其他塑膠板、片及扁條，非多孔性及未經以其他物質加強、積層、支持或與其他物質類似結合者,美國,出口總值(含復出口),295,7043
2022-11,39209991,其他塑膠板、片及扁條，非多孔性及未經以其他物質加強、積層、支持或與其他物質類似結合者,英國,出口總值(含復出口),2,39
2022-11,39209991,其他塑膠板、片及扁條，非多孔性及未經以其他物質加強、積層、支持或與其他物質類似結合者,泰國,出口總值(含復出口),34,12299
2022-11,39209991,其他塑膠板、片及扁條，非多孔性及未經以其他物質加強、積層、支持或與其他物質類似結合者,馬來西亞,出口總值(含復出口),85,26378
2022-11,39209991,其他塑膠板、片及扁條，非多孔性及未經以其他物質加強、積層、支持或與其他物質類似結合者,荷蘭,出口總值(含復出口),0,8
2022-11,39209991,其他塑膠板、片及扁條，非多孔性及未經以其他物質加強、積層、支持或與其他物質類似結合者,越南,出口總值(含復出口),168,32173
2022-11,39209991,其他塑膠板、片及扁條，非多孔性及未經以其他物質加強、積層、支持或與其他物質類似結合者,塞內加爾,出口總值(含復出口),30,75345
2022-11,39209991,其他塑膠板、片及扁條，非多孔性及未經以其他物質加強、積層、支持或與其他物質類似結合者,新加坡,出口總值(含復出口),6,20
2022-11,39209991,其他塑膠板、片及扁條，非多孔性及未經以其他物質加強、積層、支持或與其他物質類似結合者,德國,出口總值(含復出口),3,60
2022-11,39209991,其他塑膠板、片及扁條，非多孔性及未經以其他物質加強、積層、支持或與其他物質類似結合者,澳大利亞,出口總值(含復出口),28,13734
2022-12,39199020,供製造半導體晶圓用之自黏性圓形研磨墊，屬塑膠製品者,中國大陸,進口總值(含復進口),0,0
2022-12,39199020,供製造半導體晶圓用之自黏性圓形研磨墊，屬塑膠製品者,日本,進口總值(含復進口),1609,3539
2022-12,39199020,供製造半導體晶圓用之自黏性圓形研磨墊，屬塑膠製品者,南韓,進口總值(含復進口),7,2
2022-12,39199020,供製造半導體晶圓用之自黏性圓形研磨墊，屬塑膠製品者,美國,進口總值(含復進口),1473,4606
2022-12,39199020,供製造半導體晶圓用之自黏性圓形研磨墊，屬塑膠製品者,英國,進口總值(含復進口),0,0
2022-12,39199020,供製造半導體晶圓用之自黏性圓形研磨墊，屬塑膠製品者,德國,進口總值(含復進口),0,1
2022-12,39199020,供製造半導體晶圓用之自黏性圓形研磨墊，屬塑膠製品者,中國大陸,出口總值(含復出口),7748,20590
2022-12,39199020,供製造半導體晶圓用之自黏性圓形研磨墊，屬塑膠製品者,日本,出口總值(含復出口),419,1759
2022-12,39199020,供製造半導體晶圓用之自黏性圓形研磨墊，屬塑膠製品者,南韓,出口總值(含復出口),2230,17131
2022-12,39199020,供製造半導體晶圓用之自黏性圓形研磨墊，屬塑膠製品者,美國,出口總值(含復出口),70,310
2022-12,39199020,供製造半導體晶圓用之自黏性圓形研磨墊，屬塑膠製品者,烏拉圭,出口總值(含復出口),10,3571
2022-12,39199020,供製造半導體晶圓用之自黏性圓形研磨墊，屬塑膠製品者,馬來西亞,出口總值(含復出口),37,166
2022-12,39199020,供製造半導體晶圓用之自黏性圓形研磨墊，屬塑膠製品者,新加坡,出口總值(含復出口),573,3582
2022-12,39201010,聚乙烯塑膠板、片及扁條,中國大陸,進口總值(含復進口),806,202213
2022-12,39201010,聚乙烯塑膠板、片及扁條,日本,進口總值(含復進口),597,35614
2022-12,39201010,聚乙烯塑膠板、片及扁條,西班牙,進口總值(含復進口),30,16995
2022-12,39201010,聚乙烯塑膠板、片及扁條,法國,進口總值(含復進口),194,61120
2022-12,39201010,聚乙烯塑膠板、片及扁條,南韓,進口總值(含復進口),8,1228
2022-12,39201010,聚乙烯塑膠板、片及扁條,美國,進口總值(含復進口),1,26
2022-12,39201010,聚乙烯塑膠板、片及扁條,香港,進口總值(含復進口),5,66
2022-12,39201010,聚乙烯塑膠板、片及扁條,泰國,進口總值(含復進口),31,5983
2022-12,39201010,聚乙烯塑膠板、片及扁條,馬來西亞,進口總值(含復進口),25,14509
2022-12,39201010,聚乙烯塑膠板、片及扁條,新加坡,進口總值(含復進口),63,22588
2022-12,39201010,聚乙烯塑膠板、片及扁條,義大利,進口總值(含復進口),40,880
2022-12,39201010,聚乙烯塑膠板、片及扁條,德國,進口總值(含復進口),2,288
2022-12,39201010,聚乙烯塑膠板、片及扁條,中國大陸,出口總值(含復出口),73,7836
2022-12,39201010,聚乙烯塑膠板、片及扁條,巴基斯坦,出口總值(含復出口),42,9711
2022-12,39201010,聚乙烯塑膠板、片及扁條,日本,出口總值(含復出口),132,40096
2022-12,39201010,聚乙烯塑膠板、片及扁條,加拿大,出口總值(含復出口),21,1780
2022-12,39201010,聚乙烯塑膠板、片及扁條,印度,出口總值(含復出口),24,11400
2022-12,39201010,聚乙烯塑膠板、片及扁條,西班牙,出口總值(含復出口),3,106
2022-12,39201010,聚乙烯塑膠板、片及扁條,俄羅斯,出口總值(含復出口),7,195
2022-12,39201010,聚乙烯塑膠板、片及扁條,柬埔寨,出口總值(含復出口),6,1141
2022-12,39201010,聚乙烯塑膠板、片及扁條,美國,出口總值(含復出口),207,51904
2022-12,39201010,聚乙烯塑膠板、片及扁條,香港,出口總值(含復出口),39,25670
2022-12,39201010,聚乙烯塑膠板、片及扁條,泰國,出口總值(含復出口),544,118169
2022-12,39201010,聚乙烯塑膠板、片及扁條,馬來西亞,出口總值(含復出口),66,22326
2022-12,39201010,聚乙烯塑膠板、片及扁條,斯里蘭卡,出口總值(含復出口),3,500
2022-12,39201010,聚乙烯塑膠板、片及扁條,智利,出口總值(含復出口),9,8000
2022-12,39201010,聚乙烯塑膠板、片及扁條,菲律賓,出口總值(含復出口),246,83753
2022-12,39201010,聚乙烯塑膠板、片及扁條,越南,出口總值(含復出口),26,8494
2022-12,39201010,聚乙烯塑膠板、片及扁條,澳大利亞,出口總值(含復出口),19,2834
2022-12,39202021,電容器用金屬化聚丙烯薄膜，留有未鍍邊，總寬度不超過１００公厘，總厚度在０．０１５公厘以上，０．０２５公厘以下者,中國大陸,進口總值(含復進口),14,1540
2022-12,39202021,電容器用金屬化聚丙烯薄膜，留有未鍍邊，總寬度不超過１００公厘，總厚度在０．０１５公厘以上，０．０２５公厘以下者,南韓,進口總值(含復進口),7,415
2022-12,39205110,聚甲基丙烯酸甲酯板、片及扁條,中國大陸,進口總值(含復進口),1728,60738
2022-12,39205110,聚甲基丙烯酸甲酯板、片及扁條,日本,進口總值(含復進口),21,333
2022-12,39205110,聚甲基丙烯酸甲酯板、片及扁條,法國,進口總值(含復進口),8,356
2022-12,39205110,聚甲基丙烯酸甲酯板、片及扁條,南韓,進口總值(含復進口),1016,365611
2022-12,39205110,聚甲基丙烯酸甲酯板、片及扁條,美國,進口總值(含復進口),200,34306
2022-12,39205110,聚甲基丙烯酸甲酯板、片及扁條,千里達及托巴哥,出口總值(含復出口),12,3572
2022-12,39205110,聚甲基丙烯酸甲酯板、片及扁條,中國大陸,出口總值(含復出口),2077,816277
2022-12,39205110,聚甲基丙烯酸甲酯板、片及扁條,巴林,出口總值(含復出口),47,17395
2022-12,39205110,聚甲基丙烯酸甲酯板、片及扁條,日本,出口總值(含復出口),222,61856
2022-12,39205110,聚甲基丙烯酸甲酯板、片及扁條,加拿大,出口總值(含復出口),42,15356
2022-12,39205110,聚甲基丙烯酸甲酯板、片及扁條,卡達,出口總值(含復出口),146,52721
2022-12,39205110,聚甲基丙烯酸甲酯板、片及扁條,伊拉克,出口總值(含復出口),25,3188
2022-12,39205110,聚甲基丙烯酸甲酯板、片及扁條,伊朗,出口總值(含復出口),124,43144
2022-12,39205110,聚甲基丙烯酸甲酯板、片及扁條,印尼,出口總值(含復出口),14,2470
2022-12,39205110,聚甲基丙烯酸甲酯板、片及扁條,印度,出口總值(含復出口),166,96917
2022-12,39205110,聚甲基丙烯酸甲酯板、片及扁條,沙烏地阿拉伯,出口總值(含復出口),218,84018
2022-12,39205110,聚甲基丙烯酸甲酯板、片及扁條,阿拉伯聯合大公國,出口總值(含復出口),666,242578
2022-12,39205110,聚甲基丙烯酸甲酯板、片及扁條,南韓,出口總值(含復出口),685,234232
2022-12,39205110,聚甲基丙烯酸甲酯板、片及扁條,約旦,出口總值(含復出口),33,10903
2022-12,39205110,聚甲基丙烯酸甲酯板、片及扁條,美國,出口總值(含復出口),1436,443171
2022-12,39205110,聚甲基丙烯酸甲酯板、片及扁條,烏干達,出口總值(含復出口),0,16
2022-12,39205110,聚甲基丙烯酸甲酯板、片及扁條,越南,出口總值(含復出口),1277,395058
2022-12,39205110,聚甲基丙烯酸甲酯板、片及扁條,新加坡,出口總值(含復出口),132,48557
2022-12,39205110,聚甲基丙烯酸甲酯板、片及扁條,黎巴嫩,出口總值(含復出口),99,37972
2022-12,39205110,聚甲基丙烯酸甲酯板、片及扁條,澳大利亞,出口總值(含復出口),172,57105
2022-12,39205110,聚甲基丙烯酸甲酯板、片及扁條,薩爾瓦多,出口總值(含復出口),58,21309
2022-12,39206210,聚對苯二甲酸乙二酯製板、片及扁條,中國大陸,進口總值(含復進口),1006,293205
2022-12,39206210,聚對苯二甲酸乙二酯製板、片及扁條,日本,進口總值(含復進口),261,194237
2022-12,39206210,聚對苯二甲酸乙二酯製板、片及扁條,南韓,進口總值(含復進口),484,123483
2022-12,39206210,聚對苯二甲酸乙二酯製板、片及扁條,美國,進口總值(含復進口),50,2683
2022-12,39206210,聚對苯二甲酸乙二酯製板、片及扁條,英國,進口總值(含復進口),1,6
2022-12,39206210,聚對苯二甲酸乙二酯製板、片及扁條,泰國,進口總值(含復進口),15,9376
2022-12,39206210,聚對苯二甲酸乙二酯製板、片及扁條,菲律賓,進口總值(含復進口),12,178963
2022-12,39206210,聚對苯二甲酸乙二酯製板、片及扁條,德國,進口總值(含復進口),38,2642
2022-12,39206210,聚對苯二甲酸乙二酯製板、片及扁條,千里達及托巴哥,出口總值(含復出口),39,24367
2022-12,39206210,聚對苯二甲酸乙二酯製板、片及扁條,中國大陸,出口總值(含復出口),10074,780841
2022-12,39206210,聚對苯二甲酸乙二酯製板、片及扁條,日本,出口總值(含復出口),359,151146
2022-12,39206210,聚對苯二甲酸乙二酯製板、片及扁條,加拿大,出口總值(含復出口),77,50700
2022-12,39206210,聚對苯二甲酸乙二酯製板、片及扁條,印度,出口總值(含復出口),84,56811
2022-12,39206210,聚對苯二甲酸乙二酯製板、片及扁條,西班牙,出口總值(含復出口),13,1148
2022-12,39206210,聚對苯二甲酸乙二酯製板、片及扁條,肯亞,出口總值(含復出口),0,5
2022-12,39206210,聚對苯二甲酸乙二酯製板、片及扁條,南韓,出口總值(含復出口),238,93222
2022-12,39206210,聚對苯二甲酸乙二酯製板、片及扁條,美國,出口總值(含復出口),1115,587181
2022-12,39206210,聚對苯二甲酸乙二酯製板、片及扁條,香港,出口總值(含復出口),112,9683
2022-12,39206210,聚對苯二甲酸乙二酯製板、片及扁條,馬來西亞,出口總值(含復出口),473,211752
2022-12,39206210,聚對苯二甲酸乙二酯製板、片及扁條,菲律賓,出口總值(含復出口),110,57200
2022-12,39206210,聚對苯二甲酸乙二酯製板、片及扁條,越南,出口總值(含復出口),7,950
2022-12,39206210,聚對苯二甲酸乙二酯製板、片及扁條,瑞士,出口總值(含復出口),5,187
2022-12,39206210,聚對苯二甲酸乙二酯製板、片及扁條,瑞典,出口總值(含復出口),3,281
2022-12,39206210,聚對苯二甲酸乙二酯製板、片及扁條,德國,出口總值(含復出口),7,191
2022-12,39206210,聚對苯二甲酸乙二酯製板、片及扁條,墨西哥,出口總值(含復出口),9,3006
2022-12,39206210,聚對苯二甲酸乙二酯製板、片及扁條,澳大利亞,出口總值(含復出口),481,286821
2022-12,39209991,其他塑膠板、片及扁條，非多孔性及未經以其他物質加強、積層、支持或與其他物質類似結合者,中國大陸,進口總值(含復進口),1030,168901
2022-12,39209991,其他塑膠板、片及扁條，非多孔性及未經以其他物質加強、積層、支持或與其他物質類似結合者,日本,進口總值(含復進口),172,19086
2022-12,39209991,其他塑膠板、片及扁條，非多孔性及未經以其他物質加強、積層、支持或與其他物質類似結合者,南韓,進口總值(含復進口),9,132
2022-12,39209991,其他塑膠板、片及扁條，非多孔性及未經以其他物質加強、積層、支持或與其他物質類似結合者,美國,進口總值(含復進口),646,2917
2022-12,39209991,其他塑膠板、片及扁條，非多孔性及未經以其他物質加強、積層、支持或與其他物質類似結合者,馬來西亞,進口總值(含復進口),12,2112
2022-12,39209991,其他塑膠板、片及扁條，非多孔性及未經以其他物質加強、積層、支持或與其他物質類似結合者,義大利,進口總值(含復進口),13,490
2022-12,39209991,其他塑膠板、片及扁條，非多孔性及未經以其他物質加強、積層、支持或與其他物質類似結合者,德國,進口總值(含復進口),123,4218
2022-12,39209991,其他塑膠板、片及扁條，非多孔性及未經以其他物質加強、積層、支持或與其他物質類似結合者,土耳其,出口總值(含復出口),5,930
2022-12,39209991,其他塑膠板、片及扁條，非多孔性及未經以其他物質加強、積層、支持或與其他物質類似結合者,中國大陸,出口總值(含復出口),2337,169055
2022-12,39209991,其他塑膠板、片及扁條，非多孔性及未經以其他物質加強、積層、支持或與其他物質類似結合者,日本,出口總值(含復出口),96,948
2022-12,39209991,其他塑膠板、片及扁條，非多孔性及未經以其他物質加強、積層、支持或與其他物質類似結合者,加拿大,出口總值(含復出口),36,14824
2022-12,39209991,其他塑膠板、片及扁條，非多孔性及未經以其他物質加強、積層、支持或與其他物質類似結合者,柬埔寨,出口總值(含復出口),2,398
2022-12,39209991,其他塑膠板、片及扁條，非多孔性及未經以其他物質加強、積層、支持或與其他物質類似結合者,美國,出口總值(含復出口),483,17551
2022-12,39209991,其他塑膠板、片及扁條，非多孔性及未經以其他物質加強、積層、支持或與其他物質類似結合者,英國,出口總值(含復出口),2,31
2022-12,39209991,其他塑膠板、片及扁條，非多孔性及未經以其他物質加強、積層、支持或與其他物質類似結合者,香港,出口總值(含復出口),27,500
2022-12,39209991,其他塑膠板、片及扁條，非多孔性及未經以其他物質加強、積層、支持或與其他物質類似結合者,越南,出口總值(含復出口),148,29347
2022-12,39209991,其他塑膠板、片及扁條，非多孔性及未經以其他物質加強、積層、支持或與其他物質類似結合者,塞爾維亞,出口總值(含復出口),3,27
2022-12,39209991,其他塑膠板、片及扁條，非多孔性及未經以其他物質加強、積層、支持或與其他物質類似結合者,新加坡,出口總值(含復出口),14,1733
2022-12,39209991,其他塑膠板、片及扁條，非多孔性及未經以其他物質加強、積層、支持或與其他物質類似結合者,德國,出口總值(含復出口),18,1942
2022-12,39209991,其他塑膠板、片及扁條，非多孔性及未經以其他物質加強、積層、支持或與其他物質類似結合者,澳大利亞,出口總值(含復出口),12,8844
2022-1,27101965,白臘油,中國大陸,進口總值(含復進口),9,1000
2022-1,27101965,白臘油,中國大陸,出口總值(含復出口),8349,8497000
2022-1,27101965,白臘油,巴基斯坦,出口總值(含復出口),41,40000
2022-1,27101965,白臘油,日本,進口總值(含復進口),3,1000
2022-1,27101965,白臘油,日本,出口總值(含復出口),125,120000
2022-1,27101965,白臘油,印尼,出口總值(含復出口),135,121000
2022-1,27101965,白臘油,印度,進口總值(含復進口),69,40000
2022-1,27101965,白臘油,印度,出口總值(含復出口),1224,1192000
2022-1,27101965,白臘油,沙烏地阿拉伯,出口總值(含復出口),108,100000
2022-1,27101965,白臘油,其他國家,出口總值(含復出口),0,0
2022-1,27101965,白臘油,法國,進口總值(含復進口),24,11000
2022-1,27101965,白臘油,南韓,進口總值(含復進口),226,182000
2022-1,27101965,白臘油,美國,進口總值(含復進口),137,61000
2022-1,27101965,白臘油,香港,出口總值(含復出口),152,148000
2022-1,27101965,白臘油,泰國,出口總值(含復出口),139,116000
2022-1,27101965,白臘油,馬來西亞,進口總值(含復進口),1572,1594000
2022-1,27101965,白臘油,馬來西亞,出口總值(含復出口),876,797000
2022-1,27101965,白臘油,越南,出口總值(含復出口),186,161000
2022-1,27101965,白臘油,德國,進口總值(含復進口),0,0
2022-1,29051220,異丙醇,中國大陸,出口總值(含復出口),2077,1333000
2022-1,29051220,異丙醇,中華民國,進口總值(含復進口),1,0
2022-1,29051220,異丙醇,巴基斯坦,出口總值(含復出口),280,257000
2022-1,29051220,異丙醇,日本,進口總值(含復進口),3104,2194000
2022-1,29051220,異丙醇,日本,出口總值(含復出口),22,16000
2022-1,29051220,異丙醇,以色列,出口總值(含復出口),279,89000
2022-1,29051220,異丙醇,加拿大,出口總值(含復出口),25,8000
2022-1,29051220,異丙醇,尼日,進口總值(含復進口),0,0
2022-1,29051220,異丙醇,印尼,出口總值(含復出口),24,29000
2022-1,29051220,異丙醇,印度,出口總值(含復出口),1444,1598000
2022-1,29051220,異丙醇,孟加拉,出口總值(含復出口),85,56000
2022-1,29051220,異丙醇,法國,進口總值(含復進口),7,3000
2022-1,29051220,異丙醇,南韓,進口總值(含復進口),1344,1054000
2022-1,29051220,異丙醇,美國,進口總值(含復進口),64,16000
2022-1,29051220,異丙醇,美國,出口總值(含復出口),391,128000
2022-1,29051220,異丙醇,英國,進口總值(含復進口),0,0
2022-1,29051220,異丙醇,香港,出口總值(含復出口),32,26000
2022-1,29051220,異丙醇,泰國,出口總值(含復出口),41,31000
2022-1,29051220,異丙醇,馬來西亞,出口總值(含復出口),187,141000
2022-1,29051220,異丙醇,荷蘭,進口總值(含復進口),1,0
2022-1,29051220,異丙醇,斯里蘭卡,出口總值(含復出口),17,13000
2022-1,29051220,異丙醇,菲律賓,出口總值(含復出口),266,126000
2022-1,29051220,異丙醇,越南,出口總值(含復出口),175,177000
2022-1,29051220,異丙醇,愛爾蘭,出口總值(含復出口),371,121000
2022-1,29051220,異丙醇,新加坡,進口總值(含復進口),166,119000
2022-1,29051220,異丙醇,新加坡,出口總值(含復出口),232,82000
2022-1,29051220,異丙醇,德國,進口總值(含復進口),19,7000
2022-1,29051300,正丁醇,中國大陸,出口總值(含復出口),4368,4000000
2022-1,29051300,正丁醇,比利時,進口總值(含復進口),1,0
2022-1,29051300,正丁醇,法國,進口總值(含復進口),0,0
2022-1,29051300,正丁醇,南非,進口總值(含復進口),812,600000
2022-1,29051300,正丁醇,南韓,進口總值(含復進口),6,1000
2022-1,29051300,正丁醇,南韓,出口總值(含復出口),2959,2000000
2022-1,29051300,正丁醇,美國,進口總值(含復進口),0,0
2022-1,29051300,正丁醇,泰國,出口總值(含復出口),67,38000
2022-1,29051300,正丁醇,菲律賓,出口總值(含復出口),9,3000
2022-1,29051300,正丁醇,越南,出口總值(含復出口),1,1000
2022-1,29051300,正丁醇,德國,進口總值(含復進口),1,0
2022-1,29094100,２，２'－氧基二乙醇（二乙二醇）,中國大陸,出口總值(含復出口),9435,14193843
2022-1,29094100,２，２'－氧基二乙醇（二乙二醇）,日本,進口總值(含復進口),0,1
2022-1,29094100,２，２'－氧基二乙醇（二乙二醇）,日本,出口總值(含復出口),101,113310
2022-1,29094100,２，２'－氧基二乙醇（二乙二醇）,比利時,進口總值(含復進口),0,0
2022-1,29094100,２，２'－氧基二乙醇（二乙二醇）,美國,進口總值(含復進口),0,0
2022-1,29094100,２，２'－氧基二乙醇（二乙二醇）,美國,出口總值(含復出口),3648,5000000
2022-1,29094100,２，２'－氧基二乙醇（二乙二醇）,菲律賓,出口總值(含復出口),12,12375
2022-1,29094100,２，２'－氧基二乙醇（二乙二醇）,越南,出口總值(含復出口),158,237810
2022-1,29094100,２，２'－氧基二乙醇（二乙二醇）,瑞士,進口總值(含復進口),0,1
2022-1,29094100,２，２'－氧基二乙醇（二乙二醇）,義大利,出口總值(含復出口),34,80000
2022-1,29094310,乙二醇丁醚,中國大陸,進口總值(含復進口),85,35400
2022-1,29094310,乙二醇丁醚,中國大陸,出口總值(含復出口),1223,795612
2022-1,29094310,乙二醇丁醚,日本,出口總值(含復出口),292,131040
2022-1,29094310,乙二醇丁醚,阿拉伯聯合大公國,出口總值(含復出口),95,44400
2022-1,29094310,乙二醇丁醚,美國,進口總值(含復進口),1586,830470
2022-1,29094310,乙二醇丁醚,泰國,出口總值(含復出口),97,37000
2022-1,29094310,乙二醇丁醚,紐西蘭,出口總值(含復出口),63,23600
2022-1,29094310,乙二醇丁醚,斯里蘭卡,出口總值(含復出口),105,44400
2022-1,29094310,乙二醇丁醚,菲律賓,出口總值(含復出口),6,1850
2022-1,29094310,乙二醇丁醚,象牙海岸,出口總值(含復出口),68,29600
2022-1,29094310,乙二醇丁醚,越南,出口總值(含復出口),494,193904
2022-1,29094310,乙二醇丁醚,德國,進口總值(含復進口),0,0
2022-1,29153200,醋酸乙烯酯,中國大陸,出口總值(含復出口),41733,21926185
2022-1,29153200,醋酸乙烯酯,印度,出口總值(含復出口),36,15200
2022-1,29153200,醋酸乙烯酯,沙烏地阿拉伯,進口總值(含復進口),2260,1036109
2022-1,29153200,醋酸乙烯酯,奈及利亞,出口總值(含復出口),356,152000
2022-1,29153200,醋酸乙烯酯,孟加拉,出口總值(含復出口),190,76000
2022-1,29153200,醋酸乙烯酯,法國,進口總值(含復進口),0,0
2022-1,29153200,醋酸乙烯酯,美國,進口總值(含復進口),3,184
2022-1,29153200,醋酸乙烯酯,斯里蘭卡,出口總值(含復出口),71,30400
2022-1,29153200,醋酸乙烯酯,新加坡,進口總值(含復進口),4959,2397788
2022-1,29153200,醋酸乙烯酯,墨西哥,出口總值(含復出口),43,19860
2022-2,27101965,白臘油,中國大陸,進口總值(含復進口),1,0
2022-2,27101965,白臘油,中國大陸,出口總值(含復出口),681,660000
2022-2,27101965,白臘油,巴基斯坦,出口總值(含復出口),41,40000
2022-2,27101965,白臘油,日本,進口總值(含復進口),22,4000
2022-2,27101965,白臘油,日本,出口總值(含復出口),40,40000
2022-2,27101965,白臘油,印尼,出口總值(含復出口),184,180000
2022-2,27101965,白臘油,印度,進口總值(含復進口),254,155000
2022-2,27101965,白臘油,印度,出口總值(含復出口),22,14000
2022-2,27101965,白臘油,西班牙,進口總值(含復進口),0,0
2022-2,27101965,白臘油,沙烏地阿拉伯,出口總值(含復出口),301,300000
2022-2,27101965,白臘油,其他國家,出口總值(含復出口),0,0
2022-2,27101965,白臘油,南韓,進口總值(含復進口),1176,1270000
2022-2,27101965,白臘油,美國,進口總值(含復進口),51,29000
2022-2,27101965,白臘油,香港,出口總值(含復出口),191,187000
2022-2,27101965,白臘油,泰國,進口總值(含復進口),348,483000
2022-2,27101965,白臘油,泰國,出口總值(含復出口),61,55000
2022-2,27101965,白臘油,馬來西亞,進口總值(含復進口),1949,1844000
2022-2,27101965,白臘油,馬來西亞,出口總值(含復出口),489,471000
2022-2,27101965,白臘油,越南,出口總值(含復出口),111,86000
2022-2,29051220,異丙醇,中國大陸,出口總值(含復出口),3543,3100000
2022-2,29051220,異丙醇,中華民國,進口總值(含復進口),1,0
2022-2,29051220,異丙醇,巴基斯坦,出口總值(含復出口),324,345000
2022-2,29051220,異丙醇,日本,進口總值(含復進口),3190,2208000
2022-2,29051220,異丙醇,日本,出口總值(含復出口),22,16000
2022-2,29051220,異丙醇,以色列,進口總值(含復進口),0,0
2022-2,29051220,異丙醇,以色列,出口總值(含復出口),277,89000
2022-2,29051220,異丙醇,加拿大,出口總值(含復出口),111,33000
2022-2,29051220,異丙醇,印尼,出口總值(含復出口),44,39000
2022-2,29051220,異丙醇,印度,出口總值(含復出口),2430,2706000
2022-2,29051220,異丙醇,西班牙,進口總值(含復進口),0,0
2022-2,29051220,異丙醇,孟加拉,出口總值(含復出口),42,26000
2022-2,29051220,異丙醇,法國,進口總值(含復進口),3,0
2022-2,29051220,異丙醇,南韓,進口總值(含復進口),1321,1033000
2022-2,29051220,異丙醇,美國,進口總值(含復進口),0,0
2022-2,29051220,異丙醇,美國,出口總值(含復出口),121,38000
2022-2,29051220,異丙醇,英國,進口總值(含復進口),0,0
2022-2,29051220,異丙醇,泰國,出口總值(含復出口),197,144000
2022-2,29051220,異丙醇,馬來西亞,出口總值(含復出口),119,85000
2022-2,29051220,異丙醇,斯里蘭卡,出口總值(含復出口),48,44000
2022-2,29051220,異丙醇,菲律賓,出口總值(含復出口),296,128000
2022-2,29051220,異丙醇,越南,出口總值(含復出口),514,594000
2022-2,29051220,異丙醇,愛爾蘭,出口總值(含復出口),100,33000
2022-2,29051220,異丙醇,新加坡,進口總值(含復進口),49,34000
2022-2,29051220,異丙醇,新加坡,出口總值(含復出口),149,78000
2022-2,29051220,異丙醇,德國,進口總值(含復進口),7,2000
2022-2,29051220,異丙醇,墨西哥,進口總值(含復進口),0,0
2022-2,29051300,正丁醇,中國大陸,出口總值(含復出口),15020,11300000
2022-2,29051300,正丁醇,法國,進口總值(含復進口),0,0
2022-2,29051300,正丁醇,南非,進口總值(含復進口),472,402000
2022-2,29051300,正丁醇,南韓,出口總值(含復出口),2399,2000000
2022-2,29051300,正丁醇,美國,進口總值(含復進口),0,0
2022-2,29051300,正丁醇,英國,進口總值(含復進口),0,0
2022-2,29051300,正丁醇,泰國,出口總值(含復出口),59,38000
2022-2,29051300,正丁醇,菲律賓,出口總值(含復出口),11,4000
2022-2,29051300,正丁醇,越南,出口總值(含復出口),146,84000
2022-2,29094100,２，２'－氧基二乙醇（二乙二醇）,中國大陸,出口總值(含復出口),9695,15618065
2022-2,29094100,２，２'－氧基二乙醇（二乙二醇）,日本,進口總值(含復進口),0,2
2022-2,29094100,２，２'－氧基二乙醇（二乙二醇）,日本,出口總值(含復出口),121,129690
2022-2,29094100,２，２'－氧基二乙醇（二乙二醇）,比利時,進口總值(含復進口),0,0
2022-2,29094100,２，２'－氧基二乙醇（二乙二醇）,美國,進口總值(含復進口),0,1
2022-2,29094100,２，２'－氧基二乙醇（二乙二醇）,越南,出口總值(含復出口),154,205020
2022-2,29094100,２，２'－氧基二乙醇（二乙二醇）,義大利,出口總值(含復出口),59,145950
2022-2,29094310,乙二醇丁醚,中國大陸,進口總值(含復進口),49,14400
2022-2,29094310,乙二醇丁醚,中國大陸,出口總值(含復出口),1820,1092598
2022-2,29094310,乙二醇丁醚,日本,進口總值(含復進口),3,75
2022-2,29094310,乙二醇丁醚,日本,出口總值(含復出口),551,254400
2022-2,29094310,乙二醇丁醚,印度,出口總值(含復出口),35,14800
2022-2,29094310,乙二醇丁醚,孟加拉,出口總值(含復出口),50,50800
2022-2,29094310,乙二醇丁醚,法國,進口總值(含復進口),0,1
2022-2,29094310,乙二醇丁醚,阿拉伯聯合大公國,出口總值(含復出口),100,44400
2022-2,29094310,乙二醇丁醚,美國,進口總值(含復進口),103,41910
2022-2,29094310,乙二醇丁醚,泰國,出口總值(含復出口),36,14800
2022-2,29094310,乙二醇丁醚,紐西蘭,出口總值(含復出口),53,24120
2022-2,29094310,乙二醇丁醚,斯里蘭卡,出口總值(含復出口),68,29600
2022-2,29094310,乙二醇丁醚,越南,出口總值(含復出口),350,148925
2022-2,29094310,乙二醇丁醚,新加坡,出口總值(含復出口),18,7400
2022-2,29094310,乙二醇丁醚,德國,進口總值(含復進口),0,0
2022-2,29094310,乙二醇丁醚,澳大利亞,出口總值(含復出口),35,14800
2022-2,29153200,醋酸乙烯酯,中國大陸,進口總值(含復進口),33,15200
2022-2,29153200,醋酸乙烯酯,中國大陸,出口總值(含復出口),32589,17630069
2022-2,29153200,醋酸乙烯酯,比利時,出口總值(含復出口),6982,3980854
2022-2,29153200,醋酸乙烯酯,尼泊爾,出口總值(含復出口),31,15200
2022-2,29153200,醋酸乙烯酯,奈及利亞,出口總值(含復出口),651,288800
2022-2,29153200,醋酸乙烯酯,孟加拉,出口總值(含復出口),111,45600
2022-2,29153200,醋酸乙烯酯,美國,進口總值(含復進口),0,28
2022-2,29153200,醋酸乙烯酯,越南,出口總值(含復出口),2072,1233030
2022-2,29153200,醋酸乙烯酯,新加坡,進口總值(含復進口),2649,1314816
2022-2,29153200,醋酸乙烯酯,德國,進口總值(含復進口),0,0
2022-3,27101965,白臘油,中國大陸,出口總值(含復出口),9460,8824000
2022-3,27101965,白臘油,巴基斯坦,出口總值(含復出口),42,40000
2022-3,27101965,白臘油,日本,進口總值(含復進口),23,19000
2022-3,27101965,白臘油,日本,出口總值(含復出口),81,80000
2022-3,27101965,白臘油,印度,進口總值(含復進口),284,181000
2022-3,27101965,白臘油,印度,出口總值(含復出口),462,459000
2022-3,27101965,白臘油,其他國家,出口總值(含復出口),1,0
2022-3,27101965,白臘油,法國,進口總值(含復進口),3,0
2022-3,27101965,白臘油,南韓,進口總值(含復進口),2141,2236000
2022-3,27101965,白臘油,美國,進口總值(含復進口),41,11000
2022-3,27101965,白臘油,香港,出口總值(含復出口),157,150000
2022-3,27101965,白臘油,泰國,進口總值(含復進口),276,356000
2022-3,27101965,白臘油,泰國,出口總值(含復出口),101,81000
2022-3,27101965,白臘油,馬來西亞,進口總值(含復進口),2175,1645000
2022-3,27101965,白臘油,馬來西亞,出口總值(含復出口),310,286000
2022-3,27101965,白臘油,越南,出口總值(含復出口),347,302000
2022-3,27101965,白臘油,新加坡,出口總值(含復出口),8,6000
2022-3,27101965,白臘油,義大利,出口總值(含復出口),101,100000
2022-3,27101965,白臘油,德國,進口總值(含復進口),0,0
2022-3,29051220,異丙醇,中國大陸,進口總值(含復進口),6,1000
2022-3,29051220,異丙醇,中國大陸,出口總值(含復出口),3727,2506000
2022-3,29051220,異丙醇,中華民國,進口總值(含復進口),1,0
2022-3,29051220,異丙醇,巴基斯坦,出口總值(含復出口),411,535000
2022-3,29051220,異丙醇,日本,進口總值(含復進口),3011,2094000
2022-3,29051220,異丙醇,日本,出口總值(含復出口),23,16000
2022-3,29051220,異丙醇,以色列,進口總值(含復進口),0,0
2022-3,29051220,異丙醇,以色列,出口總值(含復出口),822,258000
2022-3,29051220,異丙醇,加拿大,進口總值(含復進口),1,0
2022-3,29051220,異丙醇,加拿大,出口總值(含復出口),73,22000
2022-3,29051220,異丙醇,印尼,出口總值(含復出口),141,128000
2022-3,29051220,異丙醇,印度,出口總值(含復出口),1067,1052000
2022-3,29051220,異丙醇,西班牙,進口總值(含復進口),0,0
2022-3,29051220,異丙醇,孟加拉,出口總值(含復出口),34,9000
2022-3,29051220,異丙醇,法國,進口總值(含復進口),6,4000
2022-3,29051220,異丙醇,阿拉伯聯合大公國,出口總值(含復出口),40,66000
2022-3,29051220,異丙醇,南韓,進口總值(含復進口),1340,999000
2022-3,29051220,異丙醇,美國,進口總值(含復進口),123,32000
2022-3,29051220,異丙醇,美國,出口總值(含復出口),167,54000
2022-3,29051220,異丙醇,英國,進口總值(含復進口),0,0
2022-3,29051220,異丙醇,香港,出口總值(含復出口),53,39000
2022-3,29051220,異丙醇,埃及,出口總值(含復出口),24,14000
2022-3,29051220,異丙醇,泰國,出口總值(含復出口),152,157000
2022-3,29051220,異丙醇,馬來西亞,出口總值(含復出口),92,74000
2022-3,29051220,異丙醇,捷克,進口總值(含復進口),0,0
2022-3,29051220,異丙醇,荷蘭,進口總值(含復進口),0,0
2022-3,29051220,異丙醇,菲律賓,出口總值(含復出口),245,123000
2022-3,29051220,異丙醇,越南,出口總值(含復出口),261,310000
2022-3,29051220,異丙醇,愛爾蘭,出口總值(含復出口),109,33000
2022-3,29051220,異丙醇,新加坡,進口總值(含復進口),121,85000
2022-3,29051220,異丙醇,新加坡,出口總值(含復出口),72,23000
2022-3,29051220,異丙醇,德國,進口總值(含復進口),3,0
2022-3,29051220,異丙醇,緬甸,出口總值(含復出口),19,13000
2022-3,29051220,異丙醇,澳大利亞,出口總值(含復出口),163,122000
2022-3,29051300,正丁醇,中國大陸,出口總值(含復出口),11510,8000000
2022-3,29051300,正丁醇,日本,進口總值(含復進口),0,0
2022-3,29051300,正丁醇,日本,出口總值(含復出口),12,7000
2022-3,29051300,正丁醇,法國,進口總值(含復進口),1,0
2022-3,29051300,正丁醇,南韓,進口總值(含復進口),0,0
2022-3,29051300,正丁醇,南韓,出口總值(含復出口),2684,2000000
2022-3,29051300,正丁醇,美國,進口總值(含復進口),0,0
2022-3,29051300,正丁醇,菲律賓,出口總值(含復出口),118,71000
2022-3,29051300,正丁醇,越南,出口總值(含復出口),2,1000
2022-3,29094100,２，２'－氧基二乙醇（二乙二醇）,中國大陸,進口總值(含復進口),10,2400
2022-3,29094100,２，２'－氧基二乙醇（二乙二醇）,中國大陸,出口總值(含復出口),7848,12028000
2022-3,29094100,２，２'－氧基二乙醇（二乙二醇）,日本,進口總值(含復進口),0,2
2022-3,29094100,２，２'－氧基二乙醇（二乙二醇）,日本,出口總值(含復出口),100,114900
2022-3,29094100,２，２'－氧基二乙醇（二乙二醇）,沙烏地阿拉伯,進口總值(含復進口),0,1
2022-3,29094100,２，２'－氧基二乙醇（二乙二醇）,孟加拉,出口總值(含復出口),18,18000
2022-3,29094100,２，２'－氧基二乙醇（二乙二醇）,美國,進口總值(含復進口),0,0
2022-3,29094100,２，２'－氧基二乙醇（二乙二醇）,香港,出口總值(含復出口),17,18000
2022-3,29094100,２，２'－氧基二乙醇（二乙二醇）,斯里蘭卡,出口總值(含復出口),18,18800
2022-3,29094100,２，２'－氧基二乙醇（二乙二醇）,菲律賓,出口總值(含復出口),274,409400
2022-3,29094100,２，２'－氧基二乙醇（二乙二醇）,越南,出口總值(含復出口),184,258910
2022-3,29094100,２，２'－氧基二乙醇（二乙二醇）,義大利,出口總值(含復出口),50,125055
2022-3,29094310,乙二醇丁醚,中國大陸,進口總值(含復進口),49,14400
2022-3,29094310,乙二醇丁醚,中國大陸,出口總值(含復出口),759,398340
2022-3,29094310,乙二醇丁醚,日本,出口總值(含復出口),275,129830
2022-3,29094310,乙二醇丁醚,法國,進口總值(含復進口),0,1
2022-3,29094310,乙二醇丁醚,美國,進口總值(含復進口),734,380209
2022-3,29094310,乙二醇丁醚,美國,出口總值(含復出口),34,14800
2022-3,29094310,乙二醇丁醚,香港,出口總值(含復出口),25,14800
2022-3,29094310,乙二醇丁醚,泰國,出口總值(含復出口),65,29600
2022-3,29094310,乙二醇丁醚,紐西蘭,出口總值(含復出口),37,16200
2022-3,29094310,乙二醇丁醚,馬來西亞,出口總值(含復出口),33,14800
2022-3,29094310,乙二醇丁醚,斯里蘭卡,出口總值(含復出口),33,14800
2022-3,29094310,乙二醇丁醚,越南,出口總值(含復出口),522,237600
2022-3,29094310,乙二醇丁醚,德國,進口總值(含復進口),308,162522
2022-3,29153200,醋酸乙烯酯,中國大陸,出口總值(含復出口),41170,21636669
2022-3,29153200,醋酸乙烯酯,比利時,出口總值(含復出口),13912,6969688
2022-3,29153200,醋酸乙烯酯,印度,出口總值(含復出口),1867,999671
2022-3,29153200,醋酸乙烯酯,奈及利亞,出口總值(含復出口),571,228000
2022-3,29153200,醋酸乙烯酯,孟加拉,出口總值(含復出口),189,76000
2022-3,29153200,醋酸乙烯酯,肯亞,出口總值(含復出口),124,60800
2022-3,29153200,醋酸乙烯酯,越南,出口總值(含復出口),435,199280
2022-3,29153200,醋酸乙烯酯,新加坡,進口總值(含復進口),956,418640
2022-4,27101965,白臘油,中國大陸,出口總值(含復出口),555,498000
2022-4,27101965,白臘油,巴基斯坦,出口總值(含復出口),127,120000
2022-4,27101965,白臘油,日本,進口總值(含復進口),159,100000
2022-4,27101965,白臘油,日本,出口總值(含復出口),41,40000
2022-4,27101965,白臘油,印尼,出口總值(含復出口),169,160000
2022-4,27101965,白臘油,印度,進口總值(含復進口),274,174000
2022-4,27101965,白臘油,印度,出口總值(含復出口),992,914000
2022-4,27101965,白臘油,西班牙,進口總值(含復進口),0,0
2022-4,27101965,白臘油,其他國家,出口總值(含復出口),0,0
2022-4,27101965,白臘油,法國,進口總值(含復進口),28,14000
2022-4,27101965,白臘油,南韓,進口總值(含復進口),673,695000
2022-4,27101965,白臘油,美國,進口總值(含復進口),83,36000
2022-4,27101965,白臘油,美國,出口總值(含復出口),13,2000
2022-4,27101965,白臘油,香港,出口總值(含復出口),186,178000
2022-4,27101965,白臘油,泰國,出口總值(含復出口),61,47000
2022-4,27101965,白臘油,馬來西亞,進口總值(含復進口),943,800000
2022-4,27101965,白臘油,馬來西亞,出口總值(含復出口),103,90000
2022-4,27101965,白臘油,荷蘭,進口總值(含復進口),33,18000
2022-4,27101965,白臘油,越南,出口總值(含復出口),71,49000
2022-4,27101965,白臘油,義大利,出口總值(含復出口),104,100000
2022-4,27101965,白臘油,德國,進口總值(含復進口),0,0
2022-4,29051220,異丙醇,中國大陸,出口總值(含復出口),5353,4112000
2022-4,29051220,異丙醇,中華民國,進口總值(含復進口),0,0
2022-4,29051220,異丙醇,巴基斯坦,出口總值(含復出口),560,671000
2022-4,29051220,異丙醇,日本,進口總值(含復進口),3201,2426000
2022-4,29051220,異丙醇,日本,出口總值(含復出口),44,32000
2022-4,29051220,異丙醇,比利時,進口總值(含復進口),0,0
2022-4,29051220,異丙醇,以色列,出口總值(含復出口),481,146000
2022-4,29051220,異丙醇,加拿大,進口總值(含復進口),0,0
2022-4,29051220,異丙醇,印尼,出口總值(含復出口),57,51000
2022-4,29051220,異丙醇,印度,出口總值(含復出口),2048,1956000
2022-4,29051220,異丙醇,西班牙,進口總值(含復進口),0,0
2022-4,29051220,異丙醇,孟加拉,出口總值(含復出口),62,39000
2022-4,29051220,異丙醇,法國,進口總值(含復進口),6,3000
2022-4,29051220,異丙醇,南韓,進口總值(含復進口),611,451000
2022-4,29051220,異丙醇,美國,進口總值(含復進口),3,0
2022-4,29051220,異丙醇,美國,出口總值(含復出口),107,34000
2022-4,29051220,異丙醇,英國,進口總值(含復進口),0,0
2022-4,29051220,異丙醇,香港,出口總值(含復出口),87,66000
2022-4,29051220,異丙醇,泰國,出口總值(含復出口),92,78000
2022-4,29051220,異丙醇,馬來西亞,出口總值(含復出口),439,362000
2022-4,29051220,異丙醇,斯里蘭卡,出口總值(含復出口),86,70000
2022-4,29051220,異丙醇,菲律賓,出口總值(含復出口),608,432000
2022-4,29051220,異丙醇,越南,出口總值(含復出口),322,393000
2022-4,29051220,異丙醇,愛爾蘭,出口總值(含復出口),581,180000
2022-4,29051220,異丙醇,新加坡,進口總值(含復進口),44,34000
2022-4,29051220,異丙醇,新加坡,出口總值(含復出口),180,102000
2022-4,29051220,異丙醇,德國,進口總值(含復進口),18,0
2022-4,29051220,異丙醇,德國,出口總值(含復出口),24,11000
2022-4,29051220,異丙醇,澳大利亞,出口總值(含復出口),118,83000
2022-4,29051300,正丁醇,中國大陸,出口總值(含復出口),17611,13300000
2022-4,29051300,正丁醇,日本,出口總值(含復出口),2258,1530000
2022-4,29051300,正丁醇,法國,進口總值(含復進口),1,0
2022-4,29051300,正丁醇,南非,進口總值(含復進口),1175,851000
2022-4,29051300,正丁醇,南韓,進口總值(含復進口),0,0
2022-4,29051300,正丁醇,南韓,出口總值(含復出口),1487,1000000
2022-4,29051300,正丁醇,美國,進口總值(含復進口),0,0
2022-4,29051300,正丁醇,泰國,出口總值(含復出口),94,56000
2022-4,29051300,正丁醇,馬來西亞,出口總值(含復出口),756,500000
2022-4,29051300,正丁醇,菲律賓,出口總值(含復出口),25,13000
2022-4,29051300,正丁醇,越南,出口總值(含復出口),32,19000
2022-4,29051300,正丁醇,德國,進口總值(含復進口),1,0
2022-4,29051300,正丁醇,澳大利亞,出口總值(含復出口),24,13000
2022-4,29094100,２，２'－氧基二乙醇（二乙二醇）,中國大陸,出口總值(含復出口),6130,9583456
2022-4,29094100,２，２'－氧基二乙醇（二乙二醇）,日本,出口總值(含復出口),186,192640
2022-4,29094100,２，２'－氧基二乙醇（二乙二醇）,比利時,進口總值(含復進口),0,0
2022-4,29094100,２，２'－氧基二乙醇（二乙二醇）,南韓,進口總值(含復進口),2,400
2022-4,29094100,２，２'－氧基二乙醇（二乙二醇）,美國,進口總值(含復進口),0,0
2022-4,29094100,２，２'－氧基二乙醇（二乙二醇）,荷蘭,進口總值(含復進口),0,5
2022-4,29094100,２，２'－氧基二乙醇（二乙二醇）,越南,出口總值(含復出口),190,259320
2022-4,29094100,２，２'－氧基二乙醇（二乙二醇）,瑞士,進口總值(含復進口),0,2
2022-4,29094100,２，２'－氧基二乙醇（二乙二醇）,義大利,出口總值(含復出口),8,20000
2022-4,29094310,乙二醇丁醚,中國大陸,出口總值(含復出口),195,94640
2022-4,29094310,乙二醇丁醚,日本,出口總值(含復出口),1198,574395
2022-4,29094310,乙二醇丁醚,孟加拉,出口總值(含復出口),17,36000
2022-4,29094310,乙二醇丁醚,法國,進口總值(含復進口),0,3
2022-4,29094310,乙二醇丁醚,美國,進口總值(含復進口),141,60520
2022-4,29094310,乙二醇丁醚,泰國,出口總值(含復出口),33,14800
2022-4,29094310,乙二醇丁醚,紐西蘭,出口總值(含復出口),51,22120
2022-4,29094310,乙二醇丁醚,菲律賓,出口總值(含復出口),4,1110
2022-4,29094310,乙二醇丁醚,越南,出口總值(含復出口),596,275800
2022-4,29094310,乙二醇丁醚,新加坡,出口總值(含復出口),34,14800
2022-4,29094310,乙二醇丁醚,德國,進口總值(含復進口),0,5
2022-4,29094310,乙二醇丁醚,澳大利亞,出口總值(含復出口),44,19240
2022-4,29153200,醋酸乙烯酯,中國大陸,出口總值(含復出口),60926,30931111
2022-4,29153200,醋酸乙烯酯,比利時,進口總值(含復進口),0,1
2022-4,29153200,醋酸乙烯酯,比利時,出口總值(含復出口),6846,3138331
2022-4,29153200,醋酸乙烯酯,奈及利亞,出口總值(含復出口),948,425600
2022-4,29153200,醋酸乙烯酯,孟加拉,出口總值(含復出口),40,15200
2022-4,29153200,醋酸乙烯酯,美國,進口總值(含復進口),0,8
2022-4,29153200,醋酸乙烯酯,美國,出口總值(含復出口),4144,1990090
2022-4,29153200,醋酸乙烯酯,哥倫比亞,出口總值(含復出口),99,42500
2022-4,29153200,醋酸乙烯酯,越南,出口總值(含復出口),2401,1192019
2022-4,29153200,醋酸乙烯酯,新加坡,進口總值(含復進口),685,298279
2022-5,27101965,白臘油,土耳其,出口總值(含復出口),917,749000
2022-5,27101965,白臘油,中國大陸,出口總值(含復出口),11645,8710000
2022-5,27101965,白臘油,巴基斯坦,出口總值(含復出口),87,81000
2022-5,27101965,白臘油,日本,進口總值(含復進口),1692,1539000
2022-5,27101965,白臘油,日本,出口總值(含復出口),148,126000
2022-5,27101965,白臘油,比利時,進口總值(含復進口),49,17000
2022-5,27101965,白臘油,印尼,出口總值(含復出口),50,40000
2022-5,27101965,白臘油,印度,進口總值(含復進口),79,60000
2022-5,27101965,白臘油,印度,出口總值(含復出口),1199,912000
2022-5,27101965,白臘油,沙烏地阿拉伯,出口總值(含復出口),226,200000
2022-5,27101965,白臘油,法國,進口總值(含復進口),45,22000
2022-5,27101965,白臘油,南韓,進口總值(含復進口),464,300000
2022-5,27101965,白臘油,美國,進口總值(含復進口),73,33000
2022-5,27101965,白臘油,香港,出口總值(含復出口),233,186000
2022-5,27101965,白臘油,馬來西亞,進口總值(含復進口),1356,955000
2022-5,27101965,白臘油,馬來西亞,出口總值(含復出口),1059,854000
2022-5,27101965,白臘油,荷蘭,出口總值(含復出口),4,1000
2022-5,27101965,白臘油,越南,出口總值(含復出口),142,98000
2022-5,27101965,白臘油,新加坡,出口總值(含復出口),2,1000
2022-5,27101965,白臘油,義大利,出口總值(含復出口),326,281000
2022-5,29051220,異丙醇,中國大陸,出口總值(含復出口),2967,1507000
2022-5,29051220,異丙醇,中華民國,進口總值(含復進口),1,0
2022-5,29051220,異丙醇,巴基斯坦,出口總值(含復出口),676,691000
2022-5,29051220,異丙醇,日本,進口總值(含復進口),2386,1818000
2022-5,29051220,異丙醇,日本,出口總值(含復出口),102,83000
2022-5,29051220,異丙醇,以色列,出口總值(含復出口),147,44000
2022-5,29051220,異丙醇,加拿大,進口總值(含復進口),39,18000
2022-5,29051220,異丙醇,印尼,出口總值(含復出口),110,93000
2022-5,29051220,異丙醇,印度,出口總值(含復出口),1830,1676000
2022-5,29051220,異丙醇,西班牙,進口總值(含復進口),0,0
2022-5,29051220,異丙醇,孟加拉,出口總值(含復出口),23,6000
2022-5,29051220,異丙醇,法國,進口總值(含復進口),22,9000
2022-5,29051220,異丙醇,阿拉伯聯合大公國,出口總值(含復出口),38,66000
2022-5,29051220,異丙醇,南韓,進口總值(含復進口),1096,771000
2022-5,29051220,異丙醇,南韓,出口總值(含復出口),1709,1485000
2022-5,29051220,異丙醇,美國,進口總值(含復進口),1,0
2022-5,29051220,異丙醇,美國,出口總值(含復出口),392,127000
2022-5,29051220,異丙醇,英國,進口總值(含復進口),4,0
2022-5,29051220,異丙醇,香港,出口總值(含復出口),6,2000
2022-5,29051220,異丙醇,泰國,出口總值(含復出口),86,77000
2022-5,29051220,異丙醇,馬來西亞,出口總值(含復出口),295,241000
2022-5,29051220,異丙醇,捷克,進口總值(含復進口),0,0
2022-5,29051220,異丙醇,荷蘭,進口總值(含復進口),11,0
2022-5,29051220,異丙醇,菲律賓,出口總值(含復出口),133,65000
2022-5,29051220,異丙醇,越南,出口總值(含復出口),838,860000
2022-5,29051220,異丙醇,愛爾蘭,出口總值(含復出口),397,122000
2022-5,29051220,異丙醇,新加坡,進口總值(含復進口),223,170000
2022-5,29051220,異丙醇,新加坡,出口總值(含復出口),99,57000
2022-5,29051220,異丙醇,瑞士,進口總值(含復進口),0,0
2022-5,29051220,異丙醇,德國,進口總值(含復進口),28,9000
2022-5,29051220,異丙醇,澳大利亞,出口總值(含復出口),77,52000
2022-5,29051300,正丁醇,中國大陸,出口總值(含復出口),13577,10000000
2022-5,29051300,正丁醇,日本,進口總值(含復進口),0,0
2022-5,29051300,正丁醇,日本,出口總值(含復出口),13,7000
2022-5,29051300,正丁醇,加拿大,進口總值(含復進口),1,0
2022-5,29051300,正丁醇,南非,進口總值(含復進口),413,298000
2022-5,29051300,正丁醇,南韓,進口總值(含復進口),0,0
2022-5,29051300,正丁醇,南韓,出口總值(含復出口),2751,2000000
2022-5,29051300,正丁醇,美國,進口總值(含復進口),2,0
2022-5,29051300,正丁醇,英國,進口總值(含復進口),0,0
2022-5,29051300,正丁醇,泰國,出口總值(含復出口),23,13000
2022-5,29051300,正丁醇,荷蘭,出口總值(含復出口),2253,1500000
2022-5,29051300,正丁醇,菲律賓,出口總值(含復出口),133,80000
2022-5,29051300,正丁醇,越南,出口總值(含復出口),48,26000
2022-5,29051300,正丁醇,德國,進口總值(含復進口),0,0
2022-5,29094100,２，２'－氧基二乙醇（二乙二醇）,中國大陸,出口總值(含復出口),1137,2057800
2022-5,29094100,２，２'－氧基二乙醇（二乙二醇）,日本,出口總值(含復出口),274,289520
2022-5,29094100,２，２'－氧基二乙醇（二乙二醇）,比利時,進口總值(含復進口),1,2
2022-5,29094100,２，２'－氧基二乙醇（二乙二醇）,沙烏地阿拉伯,進口總值(含復進口),0,1
2022-5,29094100,２，２'－氧基二乙醇（二乙二醇）,孟加拉,出口總值(含復出口),35,36000
2022-5,29094100,２，２'－氧基二乙醇（二乙二醇）,美國,進口總值(含復進口),0,0
2022-5,29094100,２，２'－氧基二乙醇（二乙二醇）,英國,進口總值(含復進口),0,3
2022-5,29094100,２，２'－氧基二乙醇（二乙二醇）,荷蘭,進口總值(含復進口),2,202
2022-5,29094100,２，２'－氧基二乙醇（二乙二醇）,越南,出口總值(含復出口),178,235420
2022-5,29094310,乙二醇丁醚,中國大陸,出口總值(含復出口),1750,1044460
2022-5,29094310,乙二醇丁醚,巴西,出口總值(含復出口),35,14800
2022-5,29094310,乙二醇丁醚,日本,出口總值(含復出口),149,74000
2022-5,29094310,乙二醇丁醚,印尼,出口總值(含復出口),69,29600
2022-5,29094310,乙二醇丁醚,印度,出口總值(含復出口),63,29600
2022-5,29094310,乙二醇丁醚,孟加拉,出口總值(含復出口),33,14800
2022-5,29094310,乙二醇丁醚,肯亞,出口總值(含復出口),36,14800
2022-5,29094310,乙二醇丁醚,美國,進口總值(含復進口),2029,1079471
2022-5,29094310,乙二醇丁醚,泰國,出口總值(含復出口),69,29600
2022-5,29094310,乙二醇丁醚,紐西蘭,出口總值(含復出口),126,55780
2022-5,29094310,乙二醇丁醚,馬來西亞,出口總值(含復出口),64,29600
2022-5,29094310,乙二醇丁醚,越南,出口總值(含復出口),361,168482
2022-5,29094310,乙二醇丁醚,新加坡,出口總值(含復出口),33,14800
2022-5,29094310,乙二醇丁醚,德國,進口總值(含復進口),0,0
2022-5,29094310,乙二醇丁醚,緬甸,出口總值(含復出口),2,925
2022-5,29094310,乙二醇丁醚,澳大利亞,出口總值(含復出口),34,16200
2022-5,29153200,醋酸乙烯酯,中國大陸,出口總值(含復出口),40630,20415801
2022-5,29153200,醋酸乙烯酯,日本,進口總值(含復進口),2304,999919
2022-5,29153200,醋酸乙烯酯,比利時,出口總值(含復出口),2285,986885
2022-5,29153200,醋酸乙烯酯,吉布地,出口總值(含復出口),73,30400
2022-5,29153200,醋酸乙烯酯,奈及利亞,出口總值(含復出口),334,152000
2022-5,29153200,醋酸乙烯酯,孟加拉,出口總值(含復出口),117,45600
2022-5,29153200,醋酸乙烯酯,肯亞,出口總值(含復出口),84,30400
2022-5,29153200,醋酸乙烯酯,南韓,出口總值(含復出口),6589,2988159
2022-5,29153200,醋酸乙烯酯,美國,進口總值(含復進口),0,0
2022-5,29153200,醋酸乙烯酯,莫三比克,出口總值(含復出口),33,15200
2022-5,29153200,醋酸乙烯酯,越南,出口總值(含復出口),138,60800
2022-5,29153200,醋酸乙烯酯,新加坡,進口總值(含復進口),707,298015
2022-5,29153200,醋酸乙烯酯,德國,進口總值(含復進口),0,1
2022-6,27101965,白臘油,中國大陸,出口總值(含復出口),1875,1327000
2022-6,27101965,白臘油,日本,進口總值(含復進口),1384,1046000
2022-6,27101965,白臘油,日本,出口總值(含復出口),100,80000
2022-6,27101965,白臘油,印尼,出口總值(含復出口),130,101000
2022-6,27101965,白臘油,印度,進口總值(含復進口),193,119000
2022-6,27101965,白臘油,印度,出口總值(含復出口),780,563000
2022-6,27101965,白臘油,法國,進口總值(含復進口),1,0
2022-6,27101965,白臘油,南韓,進口總值(含復進口),63,40000
2022-6,27101965,白臘油,美國,進口總值(含復進口),194,52000
2022-6,27101965,白臘油,香港,出口總值(含復出口),83,66000
2022-6,27101965,白臘油,泰國,進口總值(含復進口),680,686000
2022-6,27101965,白臘油,泰國,出口總值(含復出口),95,72000
2022-6,27101965,白臘油,馬來西亞,進口總值(含復進口),1476,953000
2022-6,27101965,白臘油,馬來西亞,出口總值(含復出口),152,110000
2022-6,27101965,白臘油,荷蘭,進口總值(含復進口),33,18000
2022-6,27101965,白臘油,越南,出口總值(含復出口),240,167000
2022-6,27101965,白臘油,新加坡,出口總值(含復出口),6,4000
2022-6,27101965,白臘油,義大利,出口總值(含復出口),208,161000
2022-6,29051220,異丙醇,中國大陸,進口總值(含復進口),2,0
2022-6,29051220,異丙醇,中國大陸,出口總值(含復出口),1934,528000
2022-6,29051220,異丙醇,中華民國,進口總值(含復進口),1,0
2022-6,29051220,異丙醇,巴基斯坦,出口總值(含復出口),469,518000
2022-6,29051220,異丙醇,日本,進口總值(含復進口),1235,938000
2022-6,29051220,異丙醇,以色列,出口總值(含復出口),391,123000
2022-6,29051220,異丙醇,印尼,出口總值(含復出口),48,40000
2022-6,29051220,異丙醇,印度,出口總值(含復出口),1044,1029000
2022-6,29051220,異丙醇,西班牙,進口總值(含復進口),0,0
2022-6,29051220,異丙醇,孟加拉,出口總值(含復出口),44,26000
2022-6,29051220,異丙醇,法國,進口總值(含復進口),0,0
2022-6,29051220,異丙醇,南韓,進口總值(含復進口),1910,1330000
2022-6,29051220,異丙醇,南韓,出口總值(含復出口),1105,1000000
2022-6,29051220,異丙醇,美國,進口總值(含復進口),300,82000
2022-6,29051220,異丙醇,美國,出口總值(含復出口),464,150000
2022-6,29051220,異丙醇,英國,進口總值(含復進口),2,0
2022-6,29051220,異丙醇,泰國,出口總值(含復出口),132,94000
2022-6,29051220,異丙醇,馬來西亞,出口總值(含復出口),401,377000
2022-6,29051220,異丙醇,捷克,進口總值(含復進口),0,0
2022-6,29051220,異丙醇,荷蘭,進口總值(含復進口),3,1000
2022-6,29051220,異丙醇,菲律賓,出口總值(含復出口),334,167000
2022-6,29051220,異丙醇,越南,出口總值(含復出口),135,127000
2022-6,29051220,異丙醇,愛爾蘭,出口總值(含復出口),111,33000
2022-6,29051220,異丙醇,新加坡,進口總值(含復進口),332,255000
2022-6,29051220,異丙醇,新加坡,出口總值(含復出口),145,119000
2022-6,29051220,異丙醇,德國,進口總值(含復進口),12,0
2022-6,29051220,異丙醇,德國,出口總值(含復出口),27,11000
2022-6,29051220,異丙醇,緬甸,出口總值(含復出口),31,26000
2022-6,29051220,異丙醇,澳大利亞,出口總值(含復出口),282,256000
2022-6,29051300,正丁醇,中國大陸,出口總值(含復出口),9809,7000000
2022-6,29051300,正丁醇,法國,進口總值(含復進口),0,0
2022-6,29051300,正丁醇,南韓,出口總值(含復出口),2786,1900000
2022-6,29051300,正丁醇,美國,進口總值(含復進口),17,13000
2022-6,29051300,正丁醇,英國,進口總值(含復進口),0,0
2022-6,29051300,正丁醇,泰國,出口總值(含復出口),32,19000
2022-6,29051300,正丁醇,德國,進口總值(含復進口),1,0
2022-6,29051300,正丁醇,澳大利亞,出口總值(含復出口),21,13000
2022-6,29094100,２，２'－氧基二乙醇（二乙二醇）,中國大陸,進口總值(含復進口),10,2400
2022-6,29094100,２，２'－氧基二乙醇（二乙二醇）,中國大陸,出口總值(含復出口),3157,5093660
2022-6,29094100,２，２'－氧基二乙醇（二乙二醇）,日本,進口總值(含復進口),0,4
2022-6,29094100,２，２'－氧基二乙醇（二乙二醇）,日本,出口總值(含復出口),135,156970
2022-6,29094100,２，２'－氧基二乙醇（二乙二醇）,比利時,進口總值(含復進口),0,1
2022-6,29094100,２，２'－氧基二乙醇（二乙二醇）,馬來西亞,出口總值(含復出口),30,39470
2022-6,29094100,２，２'－氧基二乙醇（二乙二醇）,荷蘭,進口總值(含復進口),0,1
2022-6,29094100,２，２'－氧基二乙醇（二乙二醇）,斯里蘭卡,出口總值(含復出口),17,18000
2022-6,29094100,２，２'－氧基二乙醇（二乙二醇）,菲律賓,出口總值(含復出口),347,500000
2022-6,29094100,２，２'－氧基二乙醇（二乙二醇）,越南,出口總值(含復出口),165,216465
2022-6,29094100,２，２'－氧基二乙醇（二乙二醇）,義大利,出口總值(含復出口),52,140000
2022-6,29094310,乙二醇丁醚,中國大陸,出口總值(含復出口),1632,1088800
2022-6,29094310,乙二醇丁醚,日本,進口總值(含復進口),2,75
2022-6,29094310,乙二醇丁醚,日本,出口總值(含復出口),153,74000
2022-6,29094310,乙二醇丁醚,瓜地馬拉,出口總值(含復出口),33,14800
2022-6,29094310,乙二醇丁醚,印度,出口總值(含復出口),31,14800
2022-6,29094310,乙二醇丁醚,美國,進口總值(含復進口),471,220720
2022-6,29094310,乙二醇丁醚,香港,出口總值(含復出口),24,14800
2022-6,29094310,乙二醇丁醚,泰國,出口總值(含復出口),33,14800
2022-6,29094310,乙二醇丁醚,紐西蘭,出口總值(含復出口),94,40760
2022-6,29094310,乙二醇丁醚,斯里蘭卡,出口總值(含復出口),65,29600
2022-6,29094310,乙二醇丁醚,菲律賓,出口總值(含復出口),2,740
2022-6,29094310,乙二醇丁醚,越南,出口總值(含復出口),447,210360
2022-6,29094310,乙二醇丁醚,新加坡,出口總值(含復出口),68,29600
2022-6,29094310,乙二醇丁醚,德國,進口總值(含復進口),0,1
2022-6,29094310,乙二醇丁醚,澳大利亞,出口總值(含復出口),35,16200
2022-6,29153200,醋酸乙烯酯,中國大陸,出口總值(含復出口),37476,18427746
2022-6,29153200,醋酸乙烯酯,日本,進口總值(含復進口),2397,1000285
2022-6,29153200,醋酸乙烯酯,比利時,進口總值(含復進口),0,0
2022-6,29153200,醋酸乙烯酯,比利時,出口總值(含復出口),5240,2282337
2022-6,29153200,醋酸乙烯酯,肯亞,出口總值(含復出口),84,30400
2022-6,29153200,醋酸乙烯酯,美國,進口總值(含復進口),0,1
2022-6,29153200,醋酸乙烯酯,哥倫比亞,出口總值(含復出口),153,65930
2022-6,29153200,醋酸乙烯酯,新加坡,進口總值(含復進口),754,313706
2022-6,29153200,醋酸乙烯酯,義大利,出口總值(含復出口),5796,2490825
2022-7,27101965,白臘油,中國大陸,出口總值(含復出口),1499,1113000
2022-7,27101965,白臘油,日本,進口總值(含復進口),76,43000
2022-7,27101965,白臘油,日本,出口總值(含復出口),212,144000
2022-7,27101965,白臘油,印尼,出口總值(含復出口),192,140000
2022-7,27101965,白臘油,印度,進口總值(含復進口),40,27000
2022-7,27101965,白臘油,印度,出口總值(含復出口),26,14000
2022-7,27101965,白臘油,沙烏地阿拉伯,出口總值(含復出口),135,100000
2022-7,27101965,白臘油,法國,進口總值(含復進口),31,14000
2022-7,27101965,白臘油,南韓,進口總值(含復進口),672,481000
2022-7,27101965,白臘油,美國,進口總值(含復進口),147,64000
2022-7,27101965,白臘油,香港,出口總值(含復出口),202,154000
2022-7,27101965,白臘油,泰國,進口總值(含復進口),78,83000
2022-7,27101965,白臘油,泰國,出口總值(含復出口),27,20000
2022-7,27101965,白臘油,馬來西亞,出口總值(含復出口),208,145000
2022-7,27101965,白臘油,荷蘭,出口總值(含復出口),9,1000
2022-7,27101965,白臘油,越南,出口總值(含復出口),693,484000
2022-7,27101965,白臘油,新加坡,出口總值(含復出口),4,2000
2022-7,27101965,白臘油,義大利,出口總值(含復出口),6067,4207000
2022-7,29051220,異丙醇,中國大陸,進口總值(含復進口),11,3000
2022-7,29051220,異丙醇,中國大陸,出口總值(含復出口),4782,3434000
2022-7,29051220,異丙醇,中華民國,進口總值(含復進口),0,0
2022-7,29051220,異丙醇,巴基斯坦,出口總值(含復出口),455,469000
2022-7,29051220,異丙醇,日本,進口總值(含復進口),1954,1433000
2022-7,29051220,異丙醇,日本,出口總值(含復出口),20,16000
2022-7,29051220,異丙醇,以色列,出口總值(含復出口),508,140000
2022-7,29051220,異丙醇,加拿大,出口總值(含復出口),256,67000
2022-7,29051220,異丙醇,印尼,出口總值(含復出口),95,90000
2022-7,29051220,異丙醇,印度,出口總值(含復出口),22,13000
2022-7,29051220,異丙醇,法國,進口總值(含復進口),1,0
2022-7,29051220,異丙醇,阿拉伯聯合大公國,出口總值(含復出口),24,40000
2022-7,29051220,異丙醇,南韓,進口總值(含復進口),1924,1381000
2022-7,29051220,異丙醇,美國,進口總值(含復進口),66,19000
2022-7,29051220,異丙醇,美國,出口總值(含復出口),206,67000
2022-7,29051220,異丙醇,香港,出口總值(含復出口),27,26000
2022-7,29051220,異丙醇,泰國,出口總值(含復出口),38,29000
2022-7,29051220,異丙醇,馬來西亞,出口總值(含復出口),280,279000
2022-7,29051220,異丙醇,捷克,進口總值(含復進口),0,0
2022-7,29051220,異丙醇,荷蘭,進口總值(含復進口),0,0
2022-7,29051220,異丙醇,菲律賓,出口總值(含復出口),286,158000
2022-7,29051220,異丙醇,越南,出口總值(含復出口),399,453000
2022-7,29051220,異丙醇,愛爾蘭,出口總值(含復出口),212,55000
2022-7,29051220,異丙醇,新加坡,進口總值(含復進口),202,153000
2022-7,29051220,異丙醇,新加坡,出口總值(含復出口),153,119000
2022-7,29051220,異丙醇,德國,進口總值(含復進口),17,0
2022-7,29051220,異丙醇,澳大利亞,出口總值(含復出口),172,122000
2022-7,29051300,正丁醇,中國大陸,出口總值(含復出口),16049,12900000
2022-7,29051300,正丁醇,日本,進口總值(含復進口),0,0
2022-7,29051300,正丁醇,印度,出口總值(含復出口),1097,1050000
2022-7,29051300,正丁醇,西班牙,進口總值(含復進口),1,0
2022-7,29051300,正丁醇,法國,進口總值(含復進口),1,0
2022-7,29051300,正丁醇,南非,進口總值(含復進口),554,399000
2022-7,29051300,正丁醇,南韓,進口總值(含復進口),0,0
2022-7,29051300,正丁醇,南韓,出口總值(含復出口),2761,2100000
2022-7,29051300,正丁醇,美國,進口總值(含復進口),1,0
2022-7,29051300,正丁醇,英國,進口總值(含復進口),0,0
2022-7,29051300,正丁醇,菲律賓,出口總值(含復出口),12,5000
2022-7,29051300,正丁醇,越南,出口總值(含復出口),10,13000
2022-7,29051300,正丁醇,德國,進口總值(含復進口),1,0
2022-7,29094100,２，２'－氧基二乙醇（二乙二醇）,中國大陸,出口總值(含復出口),4321,7134240
2022-7,29094100,２，２'－氧基二乙醇（二乙二醇）,日本,進口總值(含復進口),0,1
2022-7,29094100,２，２'－氧基二乙醇（二乙二醇）,日本,出口總值(含復出口),189,213340
2022-7,29094100,２，２'－氧基二乙醇（二乙二醇）,美國,進口總值(含復進口),1,0
2022-7,29094100,２，２'－氧基二乙醇（二乙二醇）,荷蘭,進口總值(含復進口),0,2
2022-7,29094100,２，２'－氧基二乙醇（二乙二醇）,越南,出口總值(含復出口),238,307900
2022-7,29094100,２，２'－氧基二乙醇（二乙二醇）,義大利,出口總值(含復出口),41,181250
2022-7,29094310,乙二醇丁醚,中國大陸,出口總值(含復出口),1137,1060170
2022-7,29094310,乙二醇丁醚,日本,出口總值(含復出口),213,103600
2022-7,29094310,乙二醇丁醚,南韓,進口總值(含復進口),47,5760
2022-7,29094310,乙二醇丁醚,約旦,出口總值(含復出口),9,2960
2022-7,29094310,乙二醇丁醚,美國,進口總值(含復進口),1483,838044
2022-7,29094310,乙二醇丁醚,香港,出口總值(含復出口),30,14800
2022-7,29094310,乙二醇丁醚,哥斯大黎加,出口總值(含復出口),32,14800
2022-7,29094310,乙二醇丁醚,斯里蘭卡,出口總值(含復出口),66,29600
2022-7,29094310,乙二醇丁醚,智利,出口總值(含復出口),139,59200
2022-7,29094310,乙二醇丁醚,菲律賓,出口總值(含復出口),5,1480
2022-7,29094310,乙二醇丁醚,越南,出口總值(含復出口),365,174618
2022-7,29094310,乙二醇丁醚,德國,進口總值(含復進口),0,0
2022-7,29094310,乙二醇丁醚,澳大利亞,出口總值(含復出口),89,40500
2022-7,29153200,醋酸乙烯酯,中國大陸,進口總值(含復進口),53,23180
2022-7,29153200,醋酸乙烯酯,中國大陸,出口總值(含復出口),48465,24401001
2022-7,29153200,醋酸乙烯酯,巴基斯坦,出口總值(含復出口),203,76000
2022-7,29153200,醋酸乙烯酯,日本,進口總值(含復進口),2411,998819
2022-7,29153200,醋酸乙烯酯,奈及利亞,出口總值(含復出口),374,152000
2022-7,29153200,醋酸乙烯酯,肯亞,出口總值(含復出口),84,30400
2022-7,29153200,醋酸乙烯酯,南韓,出口總值(含復出口),7009,2989119
2022-7,29153200,醋酸乙烯酯,美國,進口總值(含復進口),0,0
2022-7,29153200,醋酸乙烯酯,新加坡,進口總值(含復進口),742,323521
2022-8,27101965,白臘油,土耳其,出口總值(含復出口),936,762000
2022-8,27101965,白臘油,中國大陸,進口總值(含復進口),34,3000
2022-8,27101965,白臘油,中國大陸,出口總值(含復出口),10881,8621000
2022-8,27101965,白臘油,巴基斯坦,出口總值(含復出口),107,80000
2022-8,27101965,白臘油,日本,進口總值(含復進口),99,71000
2022-8,27101965,白臘油,日本,出口總值(含復出口),105,64000
2022-8,27101965,白臘油,印尼,出口總值(含復出口),52,40000
2022-8,27101965,白臘油,印度,進口總值(含復進口),40,23000
2022-8,27101965,白臘油,印度,出口總值(含復出口),1971,1516000
2022-8,27101965,白臘油,沙烏地阿拉伯,出口總值(含復出口),126,100000
2022-8,27101965,白臘油,孟加拉,出口總值(含復出口),301,204000
2022-8,27101965,白臘油,南韓,進口總值(含復進口),226,143000
2022-8,27101965,白臘油,美國,進口總值(含復進口),78,26000
2022-8,27101965,白臘油,香港,出口總值(含復出口),160,124000
2022-8,27101965,白臘油,泰國,進口總值(含復進口),257,313000
2022-8,27101965,白臘油,泰國,出口總值(含復出口),92,66000
2022-8,27101965,白臘油,馬來西亞,進口總值(含復進口),1353,1043000
2022-8,27101965,白臘油,馬來西亞,出口總值(含復出口),183,136000
2022-8,27101965,白臘油,越南,出口總值(含復出口),315,226000
2022-8,27101965,白臘油,德國,進口總值(含復進口),1,0
2022-8,29051220,異丙醇,中國大陸,出口總值(含復出口),3648,2469000
2022-8,29051220,異丙醇,中華民國,進口總值(含復進口),1,0
2022-8,29051220,異丙醇,厄瓜多,出口總值(含復出口),25,22000
2022-8,29051220,異丙醇,巴基斯坦,出口總值(含復出口),218,291000
2022-8,29051220,異丙醇,日本,進口總值(含復進口),3104,2146000
2022-8,29051220,異丙醇,日本,出口總值(含復出口),3,0
2022-8,29051220,異丙醇,以色列,出口總值(含復出口),521,135000
2022-8,29051220,異丙醇,西班牙,進口總值(含復進口),0,0
2022-8,29051220,異丙醇,汶萊,出口總值(含復出口),57,55000
2022-8,29051220,異丙醇,法國,進口總值(含復進口),3,0
2022-8,29051220,異丙醇,南韓,進口總值(含復進口),1648,1261000
2022-8,29051220,異丙醇,美國,進口總值(含復進口),216,61000
2022-8,29051220,異丙醇,美國,出口總值(含復出口),509,139000
2022-8,29051220,異丙醇,英國,進口總值(含復進口),4,0
2022-8,29051220,異丙醇,香港,出口總值(含復出口),13,13000
2022-8,29051220,異丙醇,泰國,出口總值(含復出口),63,61000
2022-8,29051220,異丙醇,馬來西亞,出口總值(含復出口),70,53000
2022-8,29051220,異丙醇,捷克,進口總值(含復進口),0,0
2022-8,29051220,異丙醇,荷蘭,進口總值(含復進口),0,0
2022-8,29051220,異丙醇,菲律賓,出口總值(含復出口),431,364000
2022-8,29051220,異丙醇,越南,出口總值(含復出口),198,196000
2022-8,29051220,異丙醇,愛爾蘭,出口總值(含復出口),254,66000
2022-8,29051220,異丙醇,新加坡,進口總值(含復進口),268,187000
2022-8,29051220,異丙醇,新加坡,出口總值(含復出口),135,85000
2022-8,29051220,異丙醇,德國,進口總值(含復進口),4,0
2022-8,29051300,正丁醇,中國大陸,出口總值(含復出口),10143,10000000
2022-8,29051300,正丁醇,日本,出口總值(含復出口),11,7000
2022-8,29051300,正丁醇,南非,進口總值(含復進口),1319,1172000
2022-8,29051300,正丁醇,南韓,出口總值(含復出口),2080,2000000
2022-8,29051300,正丁醇,美國,進口總值(含復進口),17,13000
2022-8,29051300,正丁醇,英國,進口總值(含復進口),0,0
2022-8,29051300,正丁醇,泰國,出口總值(含復出口),21,19000
2022-8,29051300,正丁醇,捷克,進口總值(含復進口),0,0
2022-8,29051300,正丁醇,菲律賓,出口總值(含復出口),37,26000
2022-8,29051300,正丁醇,越南,出口總值(含復出口),56,45000
2022-8,29051300,正丁醇,德國,進口總值(含復進口),0,0
2022-8,29051300,正丁醇,澳大利亞,出口總值(含復出口),19,13000
2022-8,29094100,２，２'－氧基二乙醇（二乙二醇）,中國大陸,出口總值(含復出口),52,64910
2022-8,29094100,２，２'－氧基二乙醇（二乙二醇）,日本,進口總值(含復進口),1,2
2022-8,29094100,２，２'－氧基二乙醇（二乙二醇）,日本,出口總值(含復出口),192,214220
2022-8,29094100,２，２'－氧基二乙醇（二乙二醇）,沙烏地阿拉伯,進口總值(含復進口),0,3
2022-8,29094100,２，２'－氧基二乙醇（二乙二醇）,孟加拉,出口總值(含復出口),35,36000
2022-8,29094100,２，２'－氧基二乙醇（二乙二醇）,美國,進口總值(含復進口),0,0
2022-8,29094100,２，２'－氧基二乙醇（二乙二醇）,越南,出口總值(含復出口),285,368940
2022-8,29094310,乙二醇丁醚,中國大陸,進口總值(含復進口),68,34400
2022-8,29094310,乙二醇丁醚,中國大陸,出口總值(含復出口),1013,1000940
2022-8,29094310,乙二醇丁醚,日本,進口總值(含復進口),0,20
2022-8,29094310,乙二醇丁醚,日本,出口總值(含復出口),119,59200
2022-8,29094310,乙二醇丁醚,加拿大,出口總值(含復出口),45,22200
2022-8,29094310,乙二醇丁醚,美國,進口總值(含復進口),325,181211
2022-8,29094310,乙二醇丁醚,紐西蘭,出口總值(含復出口),108,45600
2022-8,29094310,乙二醇丁醚,斯里蘭卡,出口總值(含復出口),32,14800
2022-8,29094310,乙二醇丁醚,菲律賓,出口總值(含復出口),4,1295
2022-8,29094310,乙二醇丁醚,越南,出口總值(含復出口),158,96687
2022-8,29094310,乙二醇丁醚,德國,進口總值(含復進口),0,3
2022-8,29094310,乙二醇丁醚,澳大利亞,出口總值(含復出口),34,16200
2022-8,29153200,醋酸乙烯酯,中國大陸,進口總值(含復進口),52,22000
2022-8,29153200,醋酸乙烯酯,中國大陸,出口總值(含復出口),28651,16347631
2022-8,29153200,醋酸乙烯酯,日本,出口總值(含復出口),29,15200
2022-8,29153200,醋酸乙烯酯,奈及利亞,出口總值(含復出口),628,304000
2022-8,29153200,醋酸乙烯酯,南韓,出口總值(含復出口),3870,1990646
2022-8,29153200,醋酸乙烯酯,美國,進口總值(含復進口),0,0
2022-8,29153200,醋酸乙烯酯,新加坡,進口總值(含復進口),559,348285
2022-8,29153200,醋酸乙烯酯,德國,進口總值(含復進口),0,0
2022-9,27101965,白臘油,中國大陸,進口總值(含復進口),37,21000
2022-9,27101965,白臘油,中國大陸,出口總值(含復出口),6095,4954000
2022-9,27101965,白臘油,日本,進口總值(含復進口),92,43000
2022-9,27101965,白臘油,日本,出口總值(含復出口),124,84000
2022-9,27101965,白臘油,印尼,出口總值(含復出口),48,40000
2022-9,27101965,白臘油,印度,進口總值(含復進口),22,14000
2022-9,27101965,白臘油,孟加拉,出口總值(含復出口),175,121000
2022-9,27101965,白臘油,法國,進口總值(含復進口),29,14000
2022-9,27101965,白臘油,南韓,進口總值(含復進口),1685,1428000
2022-9,27101965,白臘油,美國,進口總值(含復進口),89,36000
2022-9,27101965,白臘油,香港,出口總值(含復出口),152,128000
2022-9,27101965,白臘油,泰國,進口總值(含復進口),254,312000
2022-9,27101965,白臘油,泰國,出口總值(含復出口),72,58000
2022-9,27101965,白臘油,馬來西亞,進口總值(含復進口),1160,911000
2022-9,27101965,白臘油,馬來西亞,出口總值(含復出口),148,119000
2022-9,27101965,白臘油,越南,出口總值(含復出口),69,38000
2022-9,27101965,白臘油,義大利,出口總值(含復出口),127,101000
2022-9,29051220,異丙醇,中國大陸,出口總值(含復出口),3283,2139000
2022-9,29051220,異丙醇,中華民國,進口總值(含復進口),1,0
2022-9,29051220,異丙醇,巴基斯坦,出口總值(含復出口),369,401000
2022-9,29051220,異丙醇,日本,進口總值(含復進口),2435,1816000
2022-9,29051220,異丙醇,以色列,進口總值(含復進口),0,0
2022-9,29051220,異丙醇,以色列,出口總值(含復出口),817,213000
2022-9,29051220,異丙醇,孟加拉,出口總值(含復出口),13,4000
2022-9,29051220,異丙醇,法國,進口總值(含復進口),3,0
2022-9,29051220,異丙醇,阿拉伯聯合大公國,出口總值(含復出口),33,37000
2022-9,29051220,異丙醇,南韓,進口總值(含復進口),1239,981000
2022-9,29051220,異丙醇,美國,進口總值(含復進口),166,39000
2022-9,29051220,異丙醇,美國,出口總值(含復出口),640,180000
2022-9,29051220,異丙醇,香港,出口總值(含復出口),6,2000
2022-9,29051220,異丙醇,泰國,出口總值(含復出口),856,1013000
2022-9,29051220,異丙醇,馬來西亞,出口總值(含復出口),119,98000
2022-9,29051220,異丙醇,斯里蘭卡,出口總值(含復出口),14,13000
2022-9,29051220,異丙醇,菲律賓,出口總值(含復出口),273,123000
2022-9,29051220,異丙醇,越南,出口總值(含復出口),459,590000
2022-9,29051220,異丙醇,愛爾蘭,出口總值(含復出口),495,135000
2022-9,29051220,異丙醇,新加坡,進口總值(含復進口),45,34000
2022-9,29051220,異丙醇,新加坡,出口總值(含復出口),74,93000
2022-9,29051220,異丙醇,德國,進口總值(含復進口),13,0
2022-9,29051220,異丙醇,德國,出口總值(含復出口),27,11000
2022-9,29051220,異丙醇,澳大利亞,出口總值(含復出口),153,109000
2022-9,29051300,正丁醇,中國大陸,出口總值(含復出口),4995,6000000
2022-9,29051300,正丁醇,日本,進口總值(含復進口),0,0
2022-9,29051300,正丁醇,印度,出口總值(含復出口),2508,2700000
2022-9,29051300,正丁醇,法國,進口總值(含復進口),1,0
2022-9,29051300,正丁醇,南韓,出口總值(含復出口),1870,2100000
2022-9,29051300,正丁醇,美國,進口總值(含復進口),0,0
2022-9,29051300,正丁醇,英國,進口總值(含復進口),0,0
2022-9,29051300,正丁醇,泰國,出口總值(含復出口),20,19000
2022-9,29051300,正丁醇,菲律賓,出口總值(含復出口),16,7000
2022-9,29051300,正丁醇,越南,出口總值(含復出口),4,2000
2022-9,29051300,正丁醇,瑞士,進口總值(含復進口),0,0
2022-9,29051300,正丁醇,澳大利亞,出口總值(含復出口),17,13000
2022-9,29094100,２，２'－氧基二乙醇（二乙二醇）,中國大陸,出口總值(含復出口),7003,12144148
2022-9,29094100,２，２'－氧基二乙醇（二乙二醇）,日本,出口總值(含復出口),283,329260
2022-9,29094100,２，２'－氧基二乙醇（二乙二醇）,沙烏地阿拉伯,進口總值(含復進口),0,2
2022-9,29094100,２，２'－氧基二乙醇（二乙二醇）,美國,進口總值(含復進口),1,6
2022-9,29094100,２，２'－氧基二乙醇（二乙二醇）,荷蘭,進口總值(含復進口),1,65
2022-9,29094100,２，２'－氧基二乙醇（二乙二醇）,越南,出口總值(含復出口),126,167980
2022-9,29094310,乙二醇丁醚,中國大陸,進口總值(含復進口),152,96400
2022-9,29094310,乙二醇丁醚,日本,進口總值(含復進口),0,70
2022-9,29094310,乙二醇丁醚,日本,出口總值(含復出口),200,103600
2022-9,29094310,乙二醇丁醚,孟加拉,出口總值(含復出口),8,18000
2022-9,29094310,乙二醇丁醚,南韓,進口總值(含復進口),100,79740
2022-9,29094310,乙二醇丁醚,美國,進口總值(含復進口),904,510800
2022-9,29094310,乙二醇丁醚,美國,出口總值(含復出口),89,62000
2022-9,29094310,乙二醇丁醚,英國,進口總值(含復進口),0,7
2022-9,29094310,乙二醇丁醚,泰國,出口總值(含復出口),43,29600
2022-9,29094310,乙二醇丁醚,馬來西亞,進口總值(含復進口),26,15040
2022-9,29094310,乙二醇丁醚,菲律賓,出口總值(含復出口),7,3145
2022-9,29094310,乙二醇丁醚,越南,出口總值(含復出口),72,45152
2022-9,29094310,乙二醇丁醚,緬甸,出口總值(含復出口),2,740
2022-9,29094310,乙二醇丁醚,澳大利亞,出口總值(含復出口),29,14800
2022-9,29153200,醋酸乙烯酯,中國大陸,出口總值(含復出口),8954,6972182
2022-9,29153200,醋酸乙烯酯,日本,進口總值(含復進口),1419,1000761
2022-9,29153200,醋酸乙烯酯,日本,出口總值(含復出口),87,45600
2022-9,29153200,醋酸乙烯酯,孟加拉,出口總值(含復出口),24,15200
2022-9,29153200,醋酸乙烯酯,美國,進口總值(含復進口),0,4
2022-9,29153200,醋酸乙烯酯,莫三比克,出口總值(含復出口),25,15200
2022-9,29153200,醋酸乙烯酯,新加坡,進口總值(含復進口),419,329461
2022-10,27101965,白臘油,中國大陸,進口總值(含復進口),36,21000
2022-10,27101965,白臘油,中國大陸,出口總值(含復出口),7619,6586000
2022-10,27101965,白臘油,日本,進口總值(含復進口),86,52000
2022-10,27101965,白臘油,日本,出口總值(含復出口),131,104000
2022-10,27101965,白臘油,印尼,出口總值(含復出口),87,80000
2022-10,27101965,白臘油,印度,進口總值(含復進口),90,54000
2022-10,27101965,白臘油,印度,出口總值(含復出口),604,523000
2022-10,27101965,白臘油,法國,進口總值(含復進口),14,7000
2022-10,27101965,白臘油,南韓,進口總值(含復進口),228,148000
2022-10,27101965,白臘油,美國,進口總值(含復進口),87,36000
2022-10,27101965,白臘油,美國,出口總值(含復出口),2,1000
2022-10,27101965,白臘油,香港,出口總值(含復出口),96,88000
2022-10,27101965,白臘油,馬來西亞,出口總值(含復出口),404,347000
2022-10,27101965,白臘油,越南,出口總值(含復出口),132,100000
2022-10,27101965,白臘油,新加坡,出口總值(含復出口),2,2000
2022-10,27101965,白臘油,義大利,出口總值(含復出口),420,381000
2022-10,27101965,白臘油,德國,出口總值(含復出口),109,100000
2022-10,27101965,白臘油,墨西哥,出口總值(含復出口),6,3000
2022-10,29051220,異丙醇,中國大陸,出口總值(含復出口),3271,1974000
2022-10,29051220,異丙醇,中華民國,進口總值(含復進口),1,0
2022-10,29051220,異丙醇,厄瓜多,出口總值(含復出口),24,24000
2022-10,29051220,異丙醇,巴林,出口總值(含復出口),11,13000
2022-10,29051220,異丙醇,巴基斯坦,出口總值(含復出口),306,435000
2022-10,29051220,異丙醇,日本,進口總值(含復進口),1830,1553000
2022-10,29051220,異丙醇,以色列,進口總值(含復進口),0,0
2022-10,29051220,異丙醇,以色列,出口總值(含復出口),733,191000
2022-10,29051220,異丙醇,加拿大,進口總值(含復進口),0,0
2022-10,29051220,異丙醇,印尼,出口總值(含復出口),44,51000
2022-10,29051220,異丙醇,印度,出口總值(含復出口),2264,2795000
2022-10,29051220,異丙醇,孟加拉,出口總值(含復出口),86,56000
2022-10,29051220,異丙醇,法國,進口總值(含復進口),2,0
2022-10,29051220,異丙醇,南韓,進口總值(含復進口),1603,1313000
2022-10,29051220,異丙醇,美國,進口總值(含復進口),41,5000
2022-10,29051220,異丙醇,美國,出口總值(含復出口),611,162000
2022-10,29051220,異丙醇,英國,進口總值(含復進口),0,0
2022-10,29051220,異丙醇,哥斯大黎加,出口總值(含復出口),22,22000
2022-10,29051220,異丙醇,泰國,出口總值(含復出口),65,66000
2022-10,29051220,異丙醇,馬來西亞,出口總值(含復出口),332,340000
2022-10,29051220,異丙醇,捷克,進口總值(含復進口),0,0
2022-10,29051220,異丙醇,荷蘭,進口總值(含復進口),1,0
2022-10,29051220,異丙醇,菲律賓,出口總值(含復出口),278,130000
2022-10,29051220,異丙醇,越南,出口總值(含復出口),349,428000
2022-10,29051220,異丙醇,愛爾蘭,出口總值(含復出口),200,56000
2022-10,29051220,異丙醇,新加坡,進口總值(含復進口),22,17000
2022-10,29051220,異丙醇,新加坡,出口總值(含復出口),152,112000
2022-10,29051220,異丙醇,德國,進口總值(含復進口),11,0
2022-10,29051220,異丙醇,德國,出口總值(含復出口),5,0
2022-10,29051220,異丙醇,緬甸,出口總值(含復出口),30,26000
2022-10,29051220,異丙醇,墨西哥,進口總值(含復進口),1,0
2022-10,29051220,異丙醇,澳大利亞,出口總值(含復出口),85,57000
2022-10,29051300,正丁醇,中國大陸,出口總值(含復出口),5074,5900000
2022-10,29051300,正丁醇,印度,出口總值(含復出口),750,895000
2022-10,29051300,正丁醇,法國,進口總值(含復進口),1,0
2022-10,29051300,正丁醇,南非,進口總值(含復進口),346,398000
2022-10,29051300,正丁醇,南韓,進口總值(含復進口),0,0
2022-10,29051300,正丁醇,南韓,出口總值(含復出口),1859,2100000
2022-10,29051300,正丁醇,美國,進口總值(含復進口),3,0
2022-10,29051300,正丁醇,英國,進口總值(含復進口),0,0
2022-10,29051300,正丁醇,泰國,出口總值(含復出口),21,19000
2022-10,29051300,正丁醇,菲律賓,出口總值(含復出口),18,13000
2022-10,29051300,正丁醇,澳大利亞,出口總值(含復出口),16,13000
2022-10,29094100,２，２'－氧基二乙醇（二乙二醇）,中國大陸,出口總值(含復出口),1498,2970375
2022-10,29094100,２，２'－氧基二乙醇（二乙二醇）,日本,進口總值(含復進口),0,17
2022-10,29094100,２，２'－氧基二乙醇（二乙二醇）,日本,出口總值(含復出口),182,219800
2022-10,29094100,２，２'－氧基二乙醇（二乙二醇）,沙烏地阿拉伯,進口總值(含復進口),0,2
2022-10,29094100,２，２'－氧基二乙醇（二乙二醇）,美國,進口總值(含復進口),0,0
2022-10,29094100,２，２'－氧基二乙醇（二乙二醇）,香港,出口總值(含復出口),15,18000
2022-10,29094100,２，２'－氧基二乙醇（二乙二醇）,荷蘭,進口總值(含復進口),0,10
2022-10,29094100,２，２'－氧基二乙醇（二乙二醇）,菲律賓,出口總值(含復出口),33,44030
2022-10,29094100,２，２'－氧基二乙醇（二乙二醇）,越南,出口總值(含復出口),130,184260
2022-10,29094100,２，２'－氧基二乙醇（二乙二醇）,瑞士,進口總值(含復進口),0,3
2022-10,29094100,２，２'－氧基二乙醇（二乙二醇）,澳大利亞,出口總值(含復出口),16,18000
2022-10,29094310,乙二醇丁醚,中國大陸,進口總值(含復進口),31,20000
2022-10,29094310,乙二醇丁醚,中國大陸,出口總值(含復出口),172,177600
2022-10,29094310,乙二醇丁醚,日本,出口總值(含復出口),57,29600
2022-10,29094310,乙二醇丁醚,沙烏地阿拉伯,進口總值(含復進口),301,297250
2022-10,29094310,乙二醇丁醚,委內瑞拉,出口總值(含復出口),30,22200
2022-10,29094310,乙二醇丁醚,肯亞,出口總值(含復出口),68,29600
2022-10,29094310,乙二醇丁醚,南韓,進口總值(含復進口),131,119640
2022-10,29094310,乙二醇丁醚,美國,進口總值(含復進口),2585,1513590
2022-10,29094310,乙二醇丁醚,泰國,出口總值(含復出口),58,45120
2022-10,29094310,乙二醇丁醚,紐西蘭,出口總值(含復出口),37,22000
2022-10,29094310,乙二醇丁醚,菲律賓,出口總值(含復出口),2,740
2022-10,29094310,乙二醇丁醚,越南,出口總值(含復出口),33,29600
2022-10,29153200,醋酸乙烯酯,中國大陸,進口總值(含復進口),30,22000
2022-10,29153200,醋酸乙烯酯,中國大陸,出口總值(含復出口),16621,15485314
2022-10,29153200,醋酸乙烯酯,日本,進口總值(含復進口),1195,998600
2022-10,29153200,醋酸乙烯酯,孟加拉,出口總值(含復出口),23,15200
2022-10,29153200,醋酸乙烯酯,南韓,出口總值(含復出口),3424,2987446
2022-10,29153200,醋酸乙烯酯,美國,進口總值(含復進口),0,1
2022-10,29153200,醋酸乙烯酯,哥倫比亞,出口總值(含復出口),105,87290
2022-10,29153200,醋酸乙烯酯,越南,出口總值(含復出口),56,45600
2022-10,29153200,醋酸乙烯酯,新加坡,進口總值(含復進口),1107,998623
2022-11,27101965,白臘油,中國大陸,進口總值(含復進口),2,1000
2022-11,27101965,白臘油,中國大陸,出口總值(含復出口),6896,5800000
2022-11,27101965,白臘油,日本,進口總值(含復進口),119,67000
2022-11,27101965,白臘油,日本,出口總值(含復出口),131,104000
2022-11,27101965,白臘油,印尼,出口總值(含復出口),44,40000
2022-11,27101965,白臘油,印度,進口總值(含復進口),16,9000
2022-11,27101965,白臘油,印度,出口總值(含復出口),644,609000
2022-11,27101965,白臘油,沙烏地阿拉伯,出口總值(含復出口),211,200000
2022-11,27101965,白臘油,法國,進口總值(含復進口),0,0
2022-11,27101965,白臘油,南韓,進口總值(含復進口),289,197000
2022-11,27101965,白臘油,美國,進口總值(含復進口),97,28000
2022-11,27101965,白臘油,香港,出口總值(含復出口),160,150000
2022-11,27101965,白臘油,泰國,進口總值(含復進口),77,104000
2022-11,27101965,白臘油,泰國,出口總值(含復出口),26,18000
2022-11,27101965,白臘油,馬來西亞,進口總值(含復進口),2693,2091000
2022-11,27101965,白臘油,馬來西亞,出口總值(含復出口),422,374000
2022-11,27101965,白臘油,越南,出口總值(含復出口),240,188000
2022-11,27101965,白臘油,瑞士,進口總值(含復進口),0,0
2022-11,27101965,白臘油,義大利,出口總值(含復出口),221,201000
2022-11,27101965,白臘油,德國,進口總值(含復進口),0,0
2022-11,27101965,白臘油,德國,出口總值(含復出口),366,340000
2022-11,29051220,異丙醇,中國大陸,出口總值(含復出口),4562,3245000
2022-11,29051220,異丙醇,中華民國,進口總值(含復進口),2,0
2022-11,29051220,異丙醇,巴基斯坦,出口總值(含復出口),728,921000
2022-11,29051220,異丙醇,日本,進口總值(含復進口),2681,2290000
2022-11,29051220,異丙醇,以色列,出口總值(含復出口),576,147000
2022-11,29051220,異丙醇,加拿大,進口總值(含復進口),0,0
2022-11,29051220,異丙醇,印尼,出口總值(含復出口),24,26000
2022-11,29051220,異丙醇,印度,出口總值(含復出口),2047,2628000
2022-11,29051220,異丙醇,西班牙,進口總值(含復進口),0,0
2022-11,29051220,異丙醇,奈及利亞,出口總值(含復出口),63,65000
2022-11,29051220,異丙醇,孟加拉,出口總值(含復出口),24,13000
2022-11,29051220,異丙醇,法國,進口總值(含復進口),1,0
2022-11,29051220,異丙醇,南韓,進口總值(含復進口),444,354000
2022-11,29051220,異丙醇,美國,進口總值(含復進口),250,64000
2022-11,29051220,異丙醇,美國,出口總值(含復出口),1015,278000
2022-11,29051220,異丙醇,泰國,出口總值(含復出口),9,13000
2022-11,29051220,異丙醇,馬來西亞,出口總值(含復出口),218,212000
2022-11,29051220,異丙醇,荷蘭,進口總值(含復進口),0,0
2022-11,29051220,異丙醇,荷蘭,出口總值(含復出口),343,67000
2022-11,29051220,異丙醇,斯里蘭卡,出口總值(含復出口),14,13000
2022-11,29051220,異丙醇,菲律賓,出口總值(含復出口),271,127000
2022-11,29051220,異丙醇,越南,出口總值(含復出口),217,266000
2022-11,29051220,異丙醇,新加坡,進口總值(含復進口),40,34000
2022-11,29051220,異丙醇,新加坡,出口總值(含復出口),180,114000
2022-11,29051220,異丙醇,德國,進口總值(含復進口),3,0
2022-11,29051220,異丙醇,澳大利亞,出口總值(含復出口),80,52000
2022-11,29051300,正丁醇,中國大陸,進口總值(含復進口),1,0
2022-11,29051300,正丁醇,中國大陸,出口總值(含復出口),8746,10000000
2022-11,29051300,正丁醇,日本,出口總值(含復出口),11,7000
2022-11,29051300,正丁醇,法國,進口總值(含復進口),0,0
2022-11,29051300,正丁醇,南韓,進口總值(含復進口),1,0
2022-11,29051300,正丁醇,美國,進口總值(含復進口),1,0
2022-11,29051300,正丁醇,泰國,出口總值(含復出口),9,7000
2022-11,29051300,正丁醇,越南,出口總值(含復出口),20,19000
2022-11,29051300,正丁醇,澳大利亞,出口總值(含復出口),17,13000
2022-11,29094100,２，２'－氧基二乙醇（二乙二醇）,中國大陸,出口總值(含復出口),3778,6118140
2022-11,29094100,２，２'－氧基二乙醇（二乙二醇）,日本,進口總值(含復進口),1,49
2022-11,29094100,２，２'－氧基二乙醇（二乙二醇）,日本,出口總值(含復出口),201,237830
2022-11,29094100,２，２'－氧基二乙醇（二乙二醇）,沙烏地阿拉伯,進口總值(含復進口),0,1
2022-11,29094100,２，２'－氧基二乙醇（二乙二醇）,孟加拉,出口總值(含復出口),34,36000
2022-11,29094100,２，２'－氧基二乙醇（二乙二醇）,南韓,進口總值(含復進口),11,4000
2022-11,29094100,２，２'－氧基二乙醇（二乙二醇）,美國,進口總值(含復進口),1,0
2022-11,29094100,２，２'－氧基二乙醇（二乙二醇）,香港,出口總值(含復出口),18,18800
2022-11,29094100,２，２'－氧基二乙醇（二乙二醇）,荷蘭,進口總值(含復進口),1,140
2022-11,29094100,２，２'－氧基二乙醇（二乙二醇）,菲律賓,出口總值(含復出口),306,444020
2022-11,29094100,２，２'－氧基二乙醇（二乙二醇）,越南,出口總值(含復出口),98,134720
2022-11,29094100,２，２'－氧基二乙醇（二乙二醇）,瑞士,進口總值(含復進口),0,1
2022-11,29094310,乙二醇丁醚,中國大陸,進口總值(含復進口),94,59980
2022-11,29094310,乙二醇丁醚,中國大陸,出口總值(含復出口),942,1000344
2022-11,29094310,乙二醇丁醚,厄瓜多,出口總值(含復出口),28,22200
2022-11,29094310,乙二醇丁醚,日本,進口總值(含復進口),3,68
2022-11,29094310,乙二醇丁醚,日本,出口總值(含復出口),132,88800
2022-11,29094310,乙二醇丁醚,比利時,進口總值(含復進口),0,3
2022-11,29094310,乙二醇丁醚,加拿大,出口總值(含復出口),31,23400
2022-11,29094310,乙二醇丁醚,多明尼加,出口總值(含復出口),27,22200
2022-11,29094310,乙二醇丁醚,沙烏地阿拉伯,進口總值(含復進口),111,98500
2022-11,29094310,乙二醇丁醚,孟加拉,出口總值(含復出口),8,18000
2022-11,29094310,乙二醇丁醚,南韓,進口總值(含復進口),80,43970
2022-11,29094310,乙二醇丁醚,美國,進口總值(含復進口),872,563335
2022-11,29094310,乙二醇丁醚,美國,出口總值(含復出口),119,102780
2022-11,29094310,乙二醇丁醚,英國,進口總值(含復進口),0,10
2022-11,29094310,乙二醇丁醚,香港,出口總值(含復出口),16,14800
2022-11,29094310,乙二醇丁醚,泰國,出口總值(含復出口),3,720
2022-11,29094310,乙二醇丁醚,紐西蘭,出口總值(含復出口),24,16200
2022-11,29094310,乙二醇丁醚,菲律賓,出口總值(含復出口),3,1110
2022-11,29094310,乙二醇丁醚,越南,出口總值(含復出口),171,138142
2022-11,29094310,乙二醇丁醚,德國,進口總值(含復進口),0,4
2022-11,29094310,乙二醇丁醚,澳大利亞,出口總值(含復出口),27,16200
2022-11,29153200,醋酸乙烯酯,中國大陸,進口總值(含復進口),29,22000
2022-11,29153200,醋酸乙烯酯,中國大陸,出口總值(含復出口),6322,6475247
2022-11,29153200,醋酸乙烯酯,巴基斯坦,出口總值(含復出口),22,15200
2022-11,29153200,醋酸乙烯酯,日本,進口總值(含復進口),1055,1001952
2022-11,29153200,醋酸乙烯酯,奈及利亞,出口總值(含復出口),416,304000
2022-11,29153200,醋酸乙烯酯,孟加拉,出口總值(含復出口),88,60800
2022-11,29153200,醋酸乙烯酯,南韓,出口總值(含復出口),6708,5982776
2022-11,29153200,醋酸乙烯酯,斯里蘭卡,出口總值(含復出口),81,60800
2022-11,29153200,醋酸乙烯酯,新加坡,進口總值(含復進口),603,528553
2022-11,29153200,醋酸乙烯酯,德國,進口總值(含復進口),0,0
2022-12,27101965,白臘油,中國大陸,出口總值(含復出口),3734,3472000
2022-12,27101965,白臘油,日本,進口總值(含復進口),69,26000
2022-12,27101965,白臘油,日本,出口總值(含復出口),46,24000
2022-12,27101965,白臘油,印尼,出口總值(含復出口),173,160000
2022-12,27101965,白臘油,印度,進口總值(含復進口),112,71000
2022-12,27101965,白臘油,沙烏地阿拉伯,出口總值(含復出口),209,200000
2022-12,27101965,白臘油,阿拉伯聯合大公國,進口總值(含復進口),13,20000
2022-12,27101965,白臘油,南韓,進口總值(含復進口),662,526000
2022-12,27101965,白臘油,美國,進口總值(含復進口),44,15000
2022-12,27101965,白臘油,香港,出口總值(含復出口),216,205000
2022-12,27101965,白臘油,泰國,出口總值(含復出口),33,21000
2022-12,27101965,白臘油,馬來西亞,出口總值(含復出口),221,193000
2022-12,27101965,白臘油,越南,出口總值(含復出口),109,84000
2022-12,27101965,白臘油,義大利,出口總值(含復出口),326,302000
2022-12,27101965,白臘油,德國,出口總值(含復出口),281,260000
2022-12,29051220,異丙醇,中國大陸,進口總值(含復進口),0,0
2022-12,29051220,異丙醇,中國大陸,出口總值(含復出口),1817,1395000
2022-12,29051220,異丙醇,中華民國,進口總值(含復進口),1,0
2022-12,29051220,異丙醇,厄瓜多,出口總值(含復出口),22,22000
2022-12,29051220,異丙醇,巴基斯坦,出口總值(含復出口),519,616000
2022-12,29051220,異丙醇,日本,進口總值(含復進口),2649,2189000
2022-12,29051220,異丙醇,日本,出口總值(含復出口),79,65000
2022-12,29051220,異丙醇,以色列,出口總值(含復出口),349,90000
2022-12,29051220,異丙醇,加拿大,出口總值(含復出口),166,45000
2022-12,29051220,異丙醇,印尼,出口總值(含復出口),23,26000
2022-12,29051220,異丙醇,印度,出口總值(含復出口),78,104000
2022-12,29051220,異丙醇,其他國家,出口總值(含復出口),0,0
2022-12,29051220,異丙醇,孟加拉,出口總值(含復出口),58,52000
2022-12,29051220,異丙醇,阿拉伯聯合大公國,出口總值(含復出口),12,26000
2022-12,29051220,異丙醇,南韓,進口總值(含復進口),430,351000
2022-12,29051220,異丙醇,南韓,出口總值(含復出口),882,1010000
2022-12,29051220,異丙醇,美國,進口總值(含復進口),0,0
2022-12,29051220,異丙醇,美國,出口總值(含復出口),218,66000
2022-12,29051220,異丙醇,埃及,出口總值(含復出口),14,13000
2022-12,29051220,異丙醇,泰國,出口總值(含復出口),22,11000
2022-12,29051220,異丙醇,馬來西亞,出口總值(含復出口),103,105000
2022-12,29051220,異丙醇,荷蘭,出口總值(含復出口),91,18000
2022-12,29051220,異丙醇,菲律賓,出口總值(含復出口),187,88000
2022-12,29051220,異丙醇,越南,出口總值(含復出口),190,219000
2022-12,29051220,異丙醇,新加坡,進口總值(含復進口),42,34000
2022-12,29051220,異丙醇,新加坡,出口總值(含復出口),142,104000
2022-12,29051220,異丙醇,德國,進口總值(含復進口),8,0
2022-12,29051220,異丙醇,德國,出口總值(含復出口),3,0
2022-12,29051220,異丙醇,澳大利亞,出口總值(含復出口),17,13000
2022-12,29051300,正丁醇,日本,進口總值(含復進口),0,0
2022-12,29051300,正丁醇,西班牙,進口總值(含復進口),1,0
2022-12,29051300,正丁醇,南韓,進口總值(含復進口),0,0
2022-12,29051300,正丁醇,南韓,出口總值(含復出口),2705,3000000
2022-12,29051300,正丁醇,美國,進口總值(含復進口),0,0
2022-12,29051300,正丁醇,泰國,出口總值(含復出口),18,19000
2022-12,29051300,正丁醇,荷蘭,出口總值(含復出口),228,241000
2022-12,29051300,正丁醇,越南,出口總值(含復出口),49,58000
2022-12,29051300,正丁醇,德國,進口總值(含復進口),0,0
2022-12,29094100,２，２'－氧基二乙醇（二乙二醇）,中國大陸,出口總值(含復出口),1280,2170830
2022-12,29094100,２，２'－氧基二乙醇（二乙二醇）,日本,進口總值(含復進口),0,1
2022-12,29094100,２，２'－氧基二乙醇（二乙二醇）,日本,出口總值(含復出口),206,237590
2022-12,29094100,２，２'－氧基二乙醇（二乙二醇）,沙烏地阿拉伯,進口總值(含復進口),0,4
2022-12,29094100,２，２'－氧基二乙醇（二乙二醇）,孟加拉,出口總值(含復出口),25,36000
2022-12,29094100,２，２'－氧基二乙醇（二乙二醇）,美國,進口總值(含復進口),0,0
2022-12,29094100,２，２'－氧基二乙醇（二乙二醇）,香港,出口總值(含復出口),9,9000
2022-12,29094100,２，２'－氧基二乙醇（二乙二醇）,越南,出口總值(含復出口),209,272930
2022-12,29094100,２，２'－氧基二乙醇（二乙二醇）,義大利,出口總值(含復出口),67,160000
2022-12,29094100,２，２'－氧基二乙醇（二乙二醇）,德國,進口總值(含復進口),0,1
2022-12,29094310,乙二醇丁醚,中國大陸,進口總值(含復進口),35,14400
2022-12,29094310,乙二醇丁醚,中國大陸,出口總值(含復出口),343,399410
2022-12,29094310,乙二醇丁醚,厄瓜多,出口總值(含復出口),61,47360
2022-12,29094310,乙二醇丁醚,日本,進口總值(含復進口),5,1155
2022-12,29094310,乙二醇丁醚,日本,出口總值(含復出口),104,88800
2022-12,29094310,乙二醇丁醚,瓜地馬拉,出口總值(含復出口),17,14800
2022-12,29094310,乙二醇丁醚,沙烏地阿拉伯,進口總值(含復進口),321,298892
2022-12,29094310,乙二醇丁醚,孟加拉,出口總值(含復出口),9,18000
2022-12,29094310,乙二醇丁醚,美國,進口總值(含復進口),188,160450
2022-12,29094310,乙二醇丁醚,美國,出口總值(含復出口),229,205400
2022-12,29094310,乙二醇丁醚,泰國,出口總值(含復出口),19,15520
2022-12,29094310,乙二醇丁醚,紐西蘭,出口總值(含復出口),11,7400
2022-12,29094310,乙二醇丁醚,越南,出口總值(含復出口),73,60800
2022-12,29094310,乙二醇丁醚,德國,進口總值(含復進口),0,8
2022-12,29094310,乙二醇丁醚,摩洛哥,出口總值(含復出口),18,14800
2022-12,29094310,乙二醇丁醚,澳大利亞,出口總值(含復出口),76,48600
2022-12,29094310,乙二醇丁醚,薩爾瓦多,出口總值(含復出口),17,14800
2022-12,29153200,醋酸乙烯酯,中國大陸,進口總值(含復進口),55,44000
2022-12,29153200,醋酸乙烯酯,中國大陸,出口總值(含復出口),21644,21829628
2022-12,29153200,醋酸乙烯酯,巴基斯坦,出口總值(含復出口),168,134740
2022-12,29153200,醋酸乙烯酯,日本,進口總值(含復進口),1104,1046292
2022-12,29153200,醋酸乙烯酯,比利時,出口總值(含復出口),2524,2375042
2022-12,29153200,醋酸乙烯酯,法國,進口總值(含復進口),0,0
2022-12,29153200,醋酸乙烯酯,南韓,出口總值(含復出口),3229,2993000
2022-12,29153200,醋酸乙烯酯,美國,進口總值(含復進口),0,0
2022-12,29153200,醋酸乙烯酯,哥倫比亞,出口總值(含復出口),143,145790
2022-12,29153200,醋酸乙烯酯,新加坡,進口總值(含復進口),442,408950
2022-12,29153200,醋酸乙烯酯,德國,進口總值(含復進口),0,0